{"msg":"OK","data":{"GeneralInfo":{"IcecatId":113393031,"ReleaseDate":"","EndOfLifeDate":"","Title":"Essence gel nail colour","TitleInfo":{"GeneratedIntTitle":"Essence Gel Nail nail polish","GeneratedLocalTitle":{"Value":"Essence Gel Nail nail polish 8 ml Gold Shimmer","Language":"EN"},"BrandLocalTitle":{"Value":"Essence gel nail colour","Language":"EN"}},"Brand":"Essence","BrandID":"29383","BrandLogo":"https://inishop.com/img/brand/thumb/29383_837cf392de374591bbd1c9cdef160cb6.jpg","BrandInfo":{"BrandName":"Essence","BrandLocalName":"","BrandLogo":"https://inishop.com/img/brand/thumb/29383_837cf392de374591bbd1c9cdef160cb6.jpg"},"ProductName":"gel nail colour","ProductNameInfo":{"ProductIntName":"Gel Nail","ProductLocalName":{"Value":"gel nail colour","Language":"EN"}},"BrandPartCode":"942219","GTIN":["4059729422194"],"Category":{"CategoryID":"2943","Name":{"Value":"Nail Polishes","Language":"EN"}},"ProductFamily":{},"ProductSeries":{"SeriesID":"0"},"Description":{"ID":"92201824","LongDesc":"Clean beauty with WOW performance! There's no compromise with the gel nail colour nail polishes: they are easy to apply thanks to the patented, broad \"double-touch\" brush and dry extremely quickly in just 40 seconds. The long-lasting gel finish and the wide range of colours leave nothing to be desired. And all of this in a vegan, clean beauty formula with a short list of ingredients and no microplastic particles! The gel nail colour nail polishes are also climate neutral thanks to CO2 compensation.","LongProductName":"gel nail colour 62 - HEART OF gold 8ml","MiddleDesc":"","Disclaimer":"","ManualPDFURL":"","ManualPDFSize":"0","LeafletPDFURL":"","PDFSize":"0","URL":"https://www.essence.eu/en-za/p/942219/gel-nail-colour","WarrantyInfo":"","Updated":"2025-09-08 16:12:12","Language":"EN"},"SummaryDescription":{"ShortSummaryDescription":"Essence gel nail colour, 8 ml, Gold, HEART OF gold, Coloring, Opaque, Shimmer","LongSummaryDescription":"Essence gel nail colour. Volume: 8 ml, Colour group: Gold, Colour name: HEART OF gold. Sustainability certificates: Good for vegan. Number of products included: 1 pc(s)"},"BulletPoints":{"BulletPointsId":"8365408","Language":"EN","Values":["Long-lasting gel finish with an extreme shine","Dries in just 40 seconds","Climate neutral, vegan and clean beauty"],"Updated":"2023-08-14 18:32:20"},"GeneratedBulletPoints":{"Language":"EN","Values":["Bottle 8 ml Colour group: Gold","62 HEART OF gold Applicator type: Brush","Finish type: Shimmer Suitable for: Women","Long-lasting Fast drying Easy to apply"]},"GTINs":[{"GTIN":"4059729422194","IsApproved":true}]},"Image":{"HighPic":"https://inishop.com/img/gallery/70f4b98b8d8de3afcfb32605f07eea1a.jpg","HighPicSize":"917686","HighPicHeight":"2000","HighPicWidth":"2000","LowPic":"https://inishop.com/img/gallery_lows/70f4b98b8d8de3afcfb32605f07eea1a.jpg","LowPicSize":"27042","LowPicHeight":"200","LowPicWidth":"200","Pic500x500":"https://inishop.com/img/gallery_mediums/70f4b98b8d8de3afcfb32605f07eea1a.jpg","Pic500x500Size":"113880","Pic500x500Height":"500","Pic500x500Width":"500","ThumbPic":"https://inishop.com/img/gallery_thumbs/70f4b98b8d8de3afcfb32605f07eea1a.jpg","ThumbPicSize":"6483"},"Multimedia":[{"ID":"F97DADE1-31F9-4DE8-A91C-E75D1508DC77","URL":"https://www.youtube.com/embed/eFGhO-YU56o?access=vt7sTr1AeMftEPeHU0JMXXZyzKfpb2mzpG0aofksrj2SWZUjE3n6nBPHbg2Va3S9","Type":"video/mp4","ContentType":"text/html","KeepAsUrl":"1","Description":"essence Gel Nail Colour","Size":"77171","IsPrivate":"0","Updated":"2023-08-14 18:37:52","Language":"","IsVideo":1,"ThumbUrl":"https://img.youtube.com/vi/eFGhO-YU56o/default.jpg?access=vt7sTr1AeMftEPeHU0JMXXZyzKfpb2mzpG0aofksrj2SWZUjE3n6nBPHbg2Va3S9","PreviewUrl":"https://img.youtube.com/vi/eFGhO-YU56o/hqdefault.jpg?access=vt7sTr1AeMftEPeHU0JMXXZyzKfpb2mzpG0aofksrj2SWZUjE3n6nBPHbg2Va3S9"}],"Gallery":[{"ID":"79531959","LowPic":"https://inishop.com/img/gallery_lows/70f4b98b8d8de3afcfb32605f07eea1a.jpg","LowSize":"27042","LowHeight":"200","LowWidth":"200","ThumbPic":"https://inishop.com/img/gallery_thumbs/70f4b98b8d8de3afcfb32605f07eea1a.jpg","ThumbPicSize":"6483","Pic":"https://inishop.com/img/gallery/70f4b98b8d8de3afcfb32605f07eea1a.jpg","Size":"917686","PicHeight":"2000","PicWidth":"2000","Pic500x500":"https://inishop.com/img/gallery_mediums/70f4b98b8d8de3afcfb32605f07eea1a.jpg","Pic500x500Size":"113880","Pic500x500Height":"500","Pic500x500Width":"500","No":"1","IsMain":"Y","Updated":"2023-08-14 18:46:19","IsPrivate":"0","Type":"ProductImage","Attributes":{"OriginalFileName":""}},{"ID":"79531960","LowPic":"https://inishop.com/img/gallery_lows/fdd4636d2c948232695e135cec53928bb1e4997f.jpg","LowSize":"13757","LowHeight":"200","LowWidth":"78","ThumbPic":"https://inishop.com/img/gallery_thumbs/602129fab3b7b6f569fe6ac599cbce448234e908.jpg","ThumbPicSize":"3360","Pic":"https://inishop.com/img/gallery/09d009ebe75bfb0540743cfc5c3fa1779abebc4a.jpg","Size":"622809","PicHeight":"2196","PicWidth":"855","Pic500x500":"https://inishop.com/img/gallery_mediums/08a0e1ccaa2d148ba739b04ec921b4cce9f60541.jpg","Pic500x500Size":"58764","Pic500x500Height":"500","Pic500x500Width":"195","No":"2","IsMain":"N","Updated":"2025-09-08 16:11:44","IsPrivate":"0","Type":"ProductImage","Attributes":{"OriginalFileName":""}},{"ID":"79531961","LowPic":"https://inishop.com/img/gallery_lows/adb2fc9ea8b3263e9127b17751738040cd566f4b.jpg","LowSize":"39158","LowHeight":"192","LowWidth":"200","ThumbPic":"https://inishop.com/img/gallery_thumbs/48a746cf8602e42e18a338a7e3abc59f6a339f53.jpg","ThumbPicSize":"7162","Pic":"https://inishop.com/img/gallery/be6de681b4b7da576f53e756f5e862e5ace421e2.jpg","Size":"754930","PicHeight":"1026","PicWidth":"1066","Pic500x500":"https://inishop.com/img/gallery_mediums/8faf94988f6d835464bc7a797aa5ed35737d6bae.jpg","Pic500x500Size":"201185","Pic500x500Height":"481","Pic500x500Width":"500","No":"3","IsMain":"N","Updated":"2025-09-08 16:11:48","IsPrivate":"0","Type":"ProductImage","Attributes":{"OriginalFileName":""}},{"ID":"79531962","LowPic":"https://inishop.com/img/gallery_lows/2d8c58183b83555fb72ec07cd2b9bc4d.jpg","LowSize":"33169","LowHeight":"200","LowWidth":"200","ThumbPic":"https://inishop.com/img/gallery_thumbs/2d8c58183b83555fb72ec07cd2b9bc4d.jpg","ThumbPicSize":"7838","Pic":"https://inishop.com/img/gallery/2d8c58183b83555fb72ec07cd2b9bc4d.jpg","Size":"1211066","PicHeight":"2000","PicWidth":"2000","Pic500x500":"https://inishop.com/img/gallery_mediums/2d8c58183b83555fb72ec07cd2b9bc4d.jpg","Pic500x500Size":"141557","Pic500x500Height":"500","Pic500x500Width":"500","No":"4","IsMain":"N","Updated":"2025-09-08 16:29:34","IsPrivate":"0","Type":"LifestyleImage","Attributes":{"OriginalFileName":""}},{"ID":"79531963","LowPic":"https://inishop.com/img/gallery_lows/3a98abc71dcb14b3c10005e1520d2034.jpg","LowSize":"33817","LowHeight":"200","LowWidth":"200","ThumbPic":"https://inishop.com/img/gallery_thumbs/3a98abc71dcb14b3c10005e1520d2034.jpg","ThumbPicSize":"7961","Pic":"https://inishop.com/img/gallery/3a98abc71dcb14b3c10005e1520d2034.jpg","Size":"1189012","PicHeight":"2000","PicWidth":"2000","Pic500x500":"https://inishop.com/img/gallery_mediums/3a98abc71dcb14b3c10005e1520d2034.jpg","Pic500x500Size":"140893","Pic500x500Height":"500","Pic500x500Width":"500","No":"5","IsMain":"N","Updated":"2025-09-08 16:29:36","IsPrivate":"0","Type":"LifestyleImage","Attributes":{"OriginalFileName":""}},{"ID":"117083245","LowPic":"https://inishop.com/img/gallery_lows/fc61db297fc1bc36a48d5f3c5666dfa388a067ff.jpg","LowSize":"37290","LowHeight":"200","LowWidth":"200","ThumbPic":"https://inishop.com/img/gallery_thumbs/33c6852a04c4f4594e267cfca5737f3c294cd401.jpg","ThumbPicSize":"8169","Pic":"https://inishop.com/img/gallery/159015637519167afee462e2de066c084632a610.jpg","Size":"1049377","PicHeight":"2000","PicWidth":"2000","Pic500x500":"https://inishop.com/img/gallery_mediums/657d5dadb343619b7a5c30cf67dacb453f2bd39e.jpg","Pic500x500Size":"168567","Pic500x500Height":"500","Pic500x500Width":"500","No":"6","IsMain":"N","Updated":"2025-09-08 16:12:02","IsPrivate":"0","Type":"Other","Attributes":{"OriginalFileName":""}},{"ID":"117083246","LowPic":"https://inishop.com/img/gallery_lows/83ded56b1b7ce9855d060290a693c2e489592832.jpg","LowSize":"42366","LowHeight":"200","LowWidth":"200","ThumbPic":"https://inishop.com/img/gallery_thumbs/5f06be7b1c55b9b2a8267a0802554c83d6d00221.jpg","ThumbPicSize":"8944","Pic":"https://inishop.com/img/gallery/c373592901c18dfc4cb904fde768b8180d990b67.jpg","Size":"1179135","PicHeight":"2000","PicWidth":"2000","Pic500x500":"https://inishop.com/img/gallery_mediums/34bdec4994251c5865d1823c037af9eea312a9f7.jpg","Pic500x500Size":"187200","Pic500x500Height":"500","Pic500x500Width":"500","No":"7","IsMain":"N","Updated":"2025-09-08 16:12:04","IsPrivate":"0","Type":"Other","Attributes":{"OriginalFileName":""}}],"FeaturesGroups":[{"ID":11992,"SortNo":"10","FeatureGroup":{"ID":"185","Name":{"Value":"Features","Language":"EN"}},"Features":[{"Localized":0,"ID":576423954,"LocalID":0,"Type":"numerical","Value":"8","CategoryFeatureId":"103923","CategoryFeatureGroupID":"11992","SortNo":"400","PresentationValue":"8 ml","RawValue":"8","LocalValue":"8","Description":"The amount of space that a substance or object occupies or may contain.","Mandatory":"1","Searchable":"0","Optional":"0","Feature":{"ID":"5207","Sign":"","Measure":{"ID":"142","Sign":"","Signs":{"ID":"123","_":"ml","Language":"EN"}},"Name":{"Value":"Volume","Language":"EN"}}},{"Localized":0,"ID":576424258,"LocalID":0,"Type":"dropdown","Value":"Gold","CategoryFeatureId":"103998","CategoryFeatureGroupID":"11992","SortNo":"100","PresentationValue":"Gold","RawValue":"Gold","LocalValue":"Gold","Description":"The broader definiton of the colour spectrum of the product, e.g. black or auburn.","Mandatory":"1","Searchable":"0","Optional":"0","Feature":{"ID":"17357","Sign":"","Measure":{"ID":"29","Sign":"","Signs":{"ID":"","_":"","Language":"EN"}},"Name":{"Value":"Colour group","Language":"EN"}}},{"Localized":0,"ID":576424261,"LocalID":0,"Type":"text","Value":"HEART OF gold","CategoryFeatureId":"104004","CategoryFeatureGroupID":"11992","SortNo":"90","PresentationValue":"HEART OF gold","RawValue":"HEART OF gold","LocalValue":"HEART OF gold","Description":"","Mandatory":"1","Searchable":"0","Optional":"0","Feature":{"ID":"17956","Sign":"","Measure":{"ID":"29","Sign":"","Signs":{"ID":"","_":"","Language":"EN"}},"Name":{"Value":"Colour name","Language":"EN"}}},{"Localized":0,"ID":576424260,"LocalID":0,"Type":"alphanumeric","Value":"62","CategoryFeatureId":"104001","CategoryFeatureGroupID":"11992","SortNo":"80","PresentationValue":"62","RawValue":"62","LocalValue":"62","Description":"","Mandatory":"1","Searchable":"0","Optional":"0","Feature":{"ID":"17540","Sign":"","Measure":{"ID":"29","Sign":"","Signs":{"ID":"","_":"","Language":"EN"}},"Name":{"Value":"Colour code","Language":"EN"}}},{"Localized":0,"ID":576423956,"LocalID":0,"Type":"dropdown","Value":"Opaque","CategoryFeatureId":"338166","CategoryFeatureGroupID":"11992","SortNo":"71","PresentationValue":"Opaque","RawValue":"Opaque","LocalValue":"Opaque","Description":"","Mandatory":"0","Searchable":"0","Optional":"0","Feature":{"ID":"32237","Sign":"","Measure":{"ID":"29","Sign":"","Signs":{"ID":"","_":"","Language":"EN"}},"Name":{"Value":"Opacity","Language":"EN"}}},{"Localized":0,"ID":576423959,"LocalID":0,"Type":"dropdown","Value":"Shimmer","CategoryFeatureId":"113015","CategoryFeatureGroupID":"11992","SortNo":"70","PresentationValue":"Shimmer","RawValue":"Shimmer","LocalValue":"Shimmer","Description":"The way that a product is finished e.g. a matt or gloss finish.","Mandatory":"0","Searchable":"0","Optional":"0","Feature":{"ID":"2254","Sign":"","Measure":{"ID":"29","Sign":"","Signs":{"ID":"","_":"","Language":"EN"}},"Name":{"Value":"Finish type","Language":"EN"}}},{"Localized":0,"ID":576423963,"LocalID":0,"Type":"multi_dropdown","Value":"Coloring","CategoryFeatureId":"148585","CategoryFeatureGroupID":"11992","SortNo":"69","PresentationValue":"Coloring","RawValue":"Coloring","LocalValue":"Coloring","Description":"","Mandatory":"1","Searchable":"0","Optional":"0","Feature":{"ID":"23999","Sign":"","Measure":{"ID":"29","Sign":"","Signs":{"ID":"","_":"","Language":"EN"}},"Name":{"Value":"Nail polish effect","Language":"EN"}}},{"Localized":0,"ID":576423957,"LocalID":0,"Type":"dropdown","Value":"Bottle","CategoryFeatureId":"146495","CategoryFeatureGroupID":"11992","SortNo":"65","PresentationValue":"Bottle","RawValue":"Bottle","LocalValue":"Bottle","Description":"The type of container from which the product can be dispensed, e.g. bag, tube etc.","Mandatory":"0","Searchable":"0","Optional":"0","Feature":{"ID":"17965","Sign":"","Measure":{"ID":"29","Sign":"","Signs":{"ID":"","_":"","Language":"EN"}},"Name":{"Value":"Dispenser type","Language":"EN"}}},{"Localized":0,"ID":576423961,"LocalID":0,"Type":"y_n","Value":"Y","CategoryFeatureId":"105739","CategoryFeatureGroupID":"11992","SortNo":"60","PresentationValue":"Yes","RawValue":"Y","LocalValue":"Yes","Description":"","Mandatory":"0","Searchable":"0","Optional":"0","Feature":{"ID":"18071","Sign":"","Measure":{"ID":"26","Sign":"","Signs":{"ID":"","_":"","Language":"EN"}},"Name":{"Value":"Long-lasting","Language":"EN"}}},{"Localized":0,"ID":576423955,"LocalID":0,"Type":"y_n","Value":"Y","CategoryFeatureId":"105740","CategoryFeatureGroupID":"11992","SortNo":"55","PresentationValue":"Yes","RawValue":"Y","LocalValue":"Yes","Description":"","Mandatory":"1","Searchable":"0","Optional":"0","Feature":{"ID":"18072","Sign":"","Measure":{"ID":"26","Sign":"","Signs":{"ID":"","_":"","Language":"EN"}},"Name":{"Value":"Fast drying","Language":"EN"}}},{"Localized":0,"ID":576423964,"LocalID":0,"Type":"y_n","Value":"Y","CategoryFeatureId":"150080","CategoryFeatureGroupID":"11992","SortNo":"50","PresentationValue":"Yes","RawValue":"Y","LocalValue":"Yes","Description":"","Mandatory":"0","Searchable":"0","Optional":"0","Feature":{"ID":"15767","Sign":"","Measure":{"ID":"26","Sign":"","Signs":{"ID":"","_":"","Language":"EN"}},"Name":{"Value":"Easy to apply","Language":"EN"}}},{"Localized":0,"ID":576423958,"LocalID":0,"Type":"dropdown","Value":"Brush","CategoryFeatureId":"338175","CategoryFeatureGroupID":"11992","SortNo":"0","PresentationValue":"Brush","RawValue":"Brush","LocalValue":"Brush","Description":"","Mandatory":"0","Searchable":"0","Optional":"0","Feature":{"ID":"38481","Sign":"","Measure":{"ID":"29","Sign":"","Signs":{"ID":"","_":"","Language":"EN"}},"Name":{"Value":"Applicator type","Language":"EN"}}},{"Localized":0,"ID":835125209,"LocalID":0,"Type":"dropdown","Value":"Women","CategoryFeatureId":"693734","CategoryFeatureGroupID":"11992","SortNo":"0","PresentationValue":"Women","RawValue":"Women","LocalValue":"Women","Description":"Who can use the product, or what the product can be used for.","Mandatory":"0","Searchable":"0","Optional":"0","Feature":{"ID":"9202","Sign":"","Measure":{"ID":"29","Sign":"","Signs":{"ID":"","_":"","Language":"EN"}},"Name":{"Value":"Suitable for","Language":"EN"}}},{"Localized":0,"ID":576423965,"LocalID":0,"Type":"textarea","Value":"ETHYL ACETATE, BUTYL ACETATE, NITROCELLULOSE, DIPROPYLENE GLYCOL DIBENZOATE, ISOPROPYL ALCOHOL, ADIPIC ACID/NEOPENTYL GLYCOL/TRIMELLITIC ANHYDRIDE COPOLYMER, ACRYLATES COPOLYMER, ADIPIC ACID/FUMARIC ACID/TRICYCLODECANE DIMETHANOL COPOLYMER, MICA, STEARALKONIUM BENTONITE, SILICA, DIACETONE ALCOHOL, SUCROSE ACETATE ISOBUTYRATE, MALTOL, PENTAERYTHRITYL TETRAISOSTEARATE, PHOSPHORIC ACID, TIN OXIDE, BARIUM SULFATE, CI 15850 (RED 6), CI 77499 (IRON OXIDES), CI 77510 (FERRIC AMMONIUM FERROCYANIDE), CI 77891 (TITANIUM DIOXIDE).","CategoryFeatureId":"103962","CategoryFeatureGroupID":"11992","SortNo":"-80","PresentationValue":"ETHYL ACETATE, BUTYL ACETATE, NITROCELLULOSE, DIPROPYLENE GLYCOL DIBENZOATE, ISOPROPYL ALCOHOL, ADIPIC ACID/NEOPENTYL GLYCOL/TRIMELLITIC ANHYDRIDE COPOLYMER, ACRYLATES COPOLYMER, ADIPIC ACID/FUMARIC ACID/TRICYCLODECANE DIMETHANOL COPOLYMER, MICA, STEARALKONIUM BENTONITE, SILICA, DIACETONE ALCOHOL, SUCROSE ACETATE ISOBUTYRATE, MALTOL, PENTAERYTHRITYL TETRAISOSTEARATE, PHOSPHORIC ACID, TIN OXIDE, BARIUM SULFATE, CI 15850 (RED 6), CI 77499 (IRON OXIDES), CI 77510 (FERRIC AMMONIUM FERROCYANIDE), CI 77891 (TITANIUM DIOXIDE).","RawValue":"ETHYL ACETATE, BUTYL ACETATE, NITROCELLULOSE, DIPROPYLENE GLYCOL DIBENZOATE, ISOPROPYL ALCOHOL, ADIPIC ACID/NEOPENTYL GLYCOL/TRIMELLITIC ANHYDRIDE COPOLYMER, ACRYLATES COPOLYMER, ADIPIC ACID/FUMARIC ACID/TRICYCLODECANE DIMETHANOL COPOLYMER, MICA, STEARALKONIUM BENTONITE, SILICA, DIACETONE ALCOHOL, SUCROSE ACETATE ISOBUTYRATE, MALTOL, PENTAERYTHRITYL TETRAISOSTEARATE, PHOSPHORIC ACID, TIN OXIDE, BARIUM SULFATE, CI 15850 (RED 6), CI 77499 (IRON OXIDES), CI 77510 (FERRIC AMMONIUM FERROCYANIDE), CI 77891 (TITANIUM DIOXIDE).","LocalValue":"ETHYL ACETATE, BUTYL ACETATE, NITROCELLULOSE, DIPROPYLENE GLYCOL DIBENZOATE, ISOPROPYL ALCOHOL, ADIPIC ACID/NEOPENTYL GLYCOL/TRIMELLITIC ANHYDRIDE COPOLYMER, ACRYLATES COPOLYMER, ADIPIC ACID/FUMARIC ACID/TRICYCLODECANE DIMETHANOL COPOLYMER, MICA, STEARALKONIUM BENTONITE, SILICA, DIACETONE ALCOHOL, SUCROSE ACETATE ISOBUTYRATE, MALTOL, PENTAERYTHRITYL TETRAISOSTEARATE, PHOSPHORIC ACID, TIN OXIDE, BARIUM SULFATE, CI 15850 (RED 6), CI 77499 (IRON OXIDES), CI 77510 (FERRIC AMMONIUM FERROCYANIDE), CI 77891 (TITANIUM DIOXIDE).","Description":"","Mandatory":"0","Searchable":"0","Optional":"0","Feature":{"ID":"16908","Sign":"","Measure":{"ID":"29","Sign":"","Signs":{"ID":"","_":"","Language":"EN"}},"Name":{"Value":"Ingredients","Language":"EN"}}},{"Localized":1,"ID":0,"LocalID":554059070,"Type":"textarea","Value":"","CategoryFeatureId":"151182","CategoryFeatureGroupID":"11992","SortNo":"-110","PresentationValue":"To ensure that nail polish lasts particularly well and can be applied evenly, it's best to prime the nails with a base coat first. At the very end, apply a top coat over the dried nail polish to make it last longer.","RawValue":"","LocalValue":"To ensure that nail polish lasts particularly well and can be applied evenly, it's best to prime the nails with a base coat first. At the very end, apply a top coat over the dried nail polish to make it last longer.","Description":"","Mandatory":"0","Searchable":"0","Optional":"0","Feature":{"ID":"24555","Sign":"","Measure":{"ID":"29","Sign":"","Signs":{"ID":"","_":"","Language":"EN"}},"Name":{"Value":"How to use","Language":"EN"}}},{"Localized":0,"ID":835125201,"LocalID":0,"Type":"multi_dropdown","Value":"Fragrance,Oil,Paraben","CategoryFeatureId":"625012","CategoryFeatureGroupID":"11992","SortNo":"-150","PresentationValue":"Fragrance, Oil, Paraben","RawValue":"Fragrance,Oil,Paraben","LocalValue":"Fragrance, Oil, Paraben","Description":"","Mandatory":"0","Searchable":"0","Optional":"0","Feature":{"ID":"42516","Sign":"","Measure":{"ID":"29","Sign":"","Signs":{"ID":"","_":"","Language":"EN"}},"Name":{"Value":"Doesn't contain","Language":"EN"}}}]},{"ID":77253,"SortNo":"0","FeatureGroup":{"ID":"279","Name":{"Value":"Sustainability","Language":"EN"}},"Features":[{"Localized":0,"ID":835125205,"LocalID":0,"Type":"multi_dropdown","Value":"Good for vegan","CategoryFeatureId":"604465","CategoryFeatureGroupID":"77253","SortNo":"0","PresentationValue":"Good for vegan","RawValue":"Good for vegan","LocalValue":"Good for vegan","Description":"","Mandatory":"0","Searchable":"0","Optional":"0","Feature":{"ID":"42513","Sign":"","Measure":{"ID":"29","Sign":"","Signs":{"ID":"","_":"","Language":"EN"}},"Name":{"Value":"Sustainability certificates","Language":"EN"}}}]},{"ID":77254,"SortNo":"0","FeatureGroup":{"ID":"67","Name":{"Value":"Packaging data","Language":"EN"}},"Features":[{"Localized":0,"ID":576423962,"LocalID":0,"Type":"numerical","Value":"1","CategoryFeatureId":"104007","CategoryFeatureGroupID":"77254","SortNo":"150","PresentationValue":"1 pc(s)","RawValue":"1","LocalValue":"1","Description":"The number of products that are included in the package.","Mandatory":"1","Searchable":"0","Optional":"0","Feature":{"ID":"5456","Sign":"","Measure":{"ID":"144","Sign":"","Signs":{"ID":"125","_":"pc(s)","Language":"EN"}},"Name":{"Value":"Number of products included","Language":"EN"}}}]}],"FeatureLogos":[{"LogoPic":"https://inishop.com/img/feature_logo/604-9536.png","Width":"300","Height":"300","Size":"0","ThumbPic":"https://inishop.com/img/feature_logo_thumbs/604-9536.png","FeatureID":"42513","Value":"Good for vegan","KeyLogo":0,"Description":{"Value":"Good for vegan","Language":"EN"}}],"ReasonsToBuy":[],"Reviews":[],"ProductRelated":[],"CatalogObjectCloud":{},"Variants":[],"ProductStory":[],"Dictionary":{"model_name":"Product name","desc":"Description","ean_code":"EAN/UPC code","flash360":"3D tour","demo_msg_part3":"If you don't have an Icecat account, please register here for free.","repairability_index":"Repairability index","zoom_panel_init":"Original size","cat_name":"Category","product_family":"Product family","back_to_top":"Back to top","zoom_panel_out":"Zoom out","specs":"Specs","eu_product_fiche":"EU Product Fiche","reviews_head_name":"Reviews","pdf_specs":"Product Brochure","zoom_panel_in":"Zoom in","html_content":"","release_date":"Release date","demo_msg_part1":"You are using now a Demo account. Please, use your own Icecat account","demo_insert_desc":"This is a demo of a seamless insert of an Icecat LIVE product data-sheet in your website. Imagine that this responsive data-sheet is included in the product page of your webshop.","pdf_url":"User manual","prod_code":"Product code","supplier_name":"Brand","video":"Video","reasons_to_buy":"Reasons to buy","marketing_text":"Description","options_head_name":"Options","product_series":"Product series","demo_msg_part2":"your Icecat login name","link_integrate_desk":"How to integrate Icecat LIVE JavaScript.","zoom_panel_dragg":"Mouse dragging","eu_energy_label":"EU Energy Label"},"DemoAccount":false}}