{"msg":"OK","data":{"GeneralInfo":{"IcecatId":132052576,"ReleaseDate":"","EndOfLifeDate":"","Title":"Microsoft Surface Pro 12 Qualcomm Snapdragon 512 GB 30.5 cm (12\") 16 GB Wi-Fi 7 (802.11be) Windows 11 Pro Platinum","TitleInfo":{"GeneratedIntTitle":"Microsoft Surface Pro 12","GeneratedLocalTitle":{"Value":"Microsoft Surface Pro 12 Qualcomm Snapdragon 512 GB 30.5 cm (12\") 16 GB Wi-Fi 7 (802.11be) Windows 11 Pro Platinum","Language":"EN"},"BrandLocalTitle":{"Value":"","Language":"EN"}},"Brand":"Microsoft","BrandID":"100","BrandLogo":"https://inishop.com/img/brand/thumb/100_ec7da659addf4c36b0405dbd190283df.jpg","BrandInfo":{"BrandName":"Microsoft","BrandLocalName":"","BrandLogo":"https://inishop.com/img/brand/thumb/100_ec7da659addf4c36b0405dbd190283df.jpg"},"ProductName":"Surface Pro 12","ProductNameInfo":{"ProductIntName":"Surface Pro 12","ProductLocalName":{"Value":"","Language":"EN"}},"BrandPartCode":"EP2-27204","GTIN":["0196388499632","196388499632"],"Category":{"CategoryID":"897","Name":{"Value":"Tablets","Language":"EN"}},"ProductFamily":{"ProductFamilyID":"65796","Value":"Surface","Language":"EN"},"ProductSeries":{"SeriesID":"3717","Value":"Pro","Language":"EN"},"Description":{"ID":"100393507","LongDesc":"<b>Surface Pro for Business</b><br>Unlock AI productivity with this versatile and portable 12-inch device, powered by the fast and efficient Snapdragon® X Plus processor and secured with chip-to-cloud protection.<br><br><b>Versatility and performance</b><br>Designed by Microsoft and powered with the Snapdragon® X Plus processor, Surface Pro adapts easily to any environment and workflow, empowering teams to work their way, anywhere.<br><br><b>Flexible and lightweight</b><br>Designed for tablet and laptop use, Surface Pro features a versatile kickstand and thin-bezel display that makes it easy to hold and use in any position.<br><br><b>Balanced performance</b><br>Delivers up to 16 hours of battery life and performance with the Snapdragon® X Plus processor. Built with Windows 11 Pro.<br><br><b>Boost productivity with AI experiences</b><br>Work faster and smarter with Microsoft Copilot and Microsoft 365 plus an NPU that powers AI experiences.<br><br><b>Security by Microsoft</b><br>This secured-core PC delivers uncompromising Microsoft chip-to-cloud security for ultimate control and peace of mind.<br><br><b>The most versatile PC</b><br>From the boardroom to the frontline, this versatile Windows 11 PC adapts and moves with your teams through the day, flexing to meet their changing needs.<br><br><b>Portable</b><br>A thin, light and durable 2-in-1 device with a 165-degree fluid kickstand and stunning 12-inch anti-reflective display.<br><br><b>Easy to use</b><br>Enable teams to seamlessly interact with Surface via touch, voice, pen or keyboard, adapting to their preferred work style.<br><br><b>Customisable</b><br>Designed for Surface accessories help tailor devices to any environment with cases, stands and more.<br><br><b>Power and performance</b><br>Perfect balance of performance, battery life and portability. Built with Windows 11 and powered by the Snapdragon® X Plus processor, to get work done anywhere.<br><br><b>AI-powered collaboration</b><br>Elevate online communications with a Surface Studio Camera paired with Windows Studio Effects.<br><br><b>Get more done, all day</b><br>Get up to 16 hours of battery life and the power to support up to two 4K monitors with the Snapdragon® X Plus processor.<br><br><b>Unlock AI experiences on Surface</b><br>Enable your teams to redefine how they stay productive and creative with a powerful NPU that drives AI experiences.<br><br><b>A perfect fit for modern business</b><br>In the office or on the road, Surface Pro with AI-powered features unlocks more experiences to deliver greater productivity and creativity.<br><br><b>Make anywhere your office</b><br>Work where you need to with Surface Pro’s sleek design, all-day battery life and ability to run AI experiences offline.<br><br><b>Build your small business</b><br>Reduce costs and boost ROI with a device that replaces both tablets and laptops, all with industry-leading security.<br><br><b>Empower your front line</b><br>Empower your frontline workforce to connect to the data, insights and people they need with the ultra-portable Surface Pro.","LongProductName":"Snapdragon® X Plus (8 Core), 16GB LPDDR5x-SDRAM, 512GB UFS, 30.5 cm (12\") 2196 x 1464 LCD, Adreno Adreno GPU, WLAN, Bluetooth, 10MP, Windows 11 Pro 64-bit","MiddleDesc":"","Disclaimer":"","ManualPDFURL":"","ManualPDFSize":"0","LeafletPDFURL":"https://inishop.com/objects/mmo_132052576_1748518342_3867_1214641.pdf","PDFSize":"6238925","URL":"https://www.microsoft.com/en-gb/surface/business/surface-pro-12-inch-snapdragon","WarrantyInfo":"","Updated":"2025-05-29 13:42:50","Language":"EN"},"SummaryDescription":{"ShortSummaryDescription":"Microsoft Surface Pro 12, 30.5 cm (12\"), 2196 x 1464 pixels, 512 GB, 16 GB, Windows 11 Pro, Platinum","LongSummaryDescription":"Microsoft Surface Pro 12. Display diagonal: 30.5 cm (12\"), Display resolution: 2196 x 1464 pixels. Internal storage capacity: 512 GB. Processor frequency: 3.2 GHz, Processor family: Qualcomm Snapdragon, Processor model: X1P-42-100. Internal memory: 16 GB. Rear camera resolution (numeric): 10 MP, Rear camera type: Single camera, Front camera. Top Wi-Fi standard: Wi-Fi 7 (802.11be). Weight: 685 g. Operating system installed: Windows 11 Pro. Product colour: Platinum"},"BulletPoints":{},"GeneratedBulletPoints":{"Language":"EN","Values":["Slate Tablet PC Platinum","30.5 cm (12\") 2196 x 1464 pixels LCD","Qualcomm Snapdragon X1P-42-100 3.2 GHz","512 GB UFS","Single camera 10 MP Front camera","Wi-Fi 7 (802.11be) Bluetooth 5.4 Near Field Communication (NFC)","Lithium-Ion (Li-Ion) 38.8 Wh","Windows 11 Pro 64-bit"]},"GTINs":[{"GTIN":"0196388499632","IsApproved":true},{"GTIN":"196388499632","IsApproved":true},{"GTIN":"5054444719818","IsApproved":false}]},"Image":{"HighPic":"https://inishop.com/img/gallery/c54724a5836befc2708d1ab26bf821318c9a906f.jpg","HighPicSize":"325894","HighPicHeight":"751","HighPicWidth":"1040","LowPic":"https://inishop.com/img/gallery_lows/5c8ca49f3ff5de0a779f6fe3e28808cde3d1065c.jpg","LowPicSize":"24220","LowPicHeight":"144","LowPicWidth":"200","Pic500x500":"https://inishop.com/img/gallery_mediums/622103e81ea9d21ba66033eef9ac4560d2d5325a.jpg","Pic500x500Size":"106253","Pic500x500Height":"361","Pic500x500Width":"500","ThumbPic":"https://inishop.com/img/gallery_thumbs/8bafc8c47b36bff56da6e77efbf265554ad87253.jpg","ThumbPicSize":"5952"},"Multimedia":[{"ID":"0C98041A-E353-4131-B74B-83C39A2BB111","URL":"https://www.youtube.com/watch?v=_0u0fQuzikA?access=vt7sTr1AeMftEPeHU0JMXXZyzKfpb2mzpG0aofksrj2SWZUjE3n6nBPHbg2Va3S9","Type":"video/mp4","ContentType":"text/html","KeepAsUrl":"1","Description":"Meet the new Surface Copilot+ PCs","Size":"910341","IsPrivate":"0","Updated":"2025-05-29 12:57:35","Language":"EN","IsVideo":1,"ThumbUrl":"https://img.youtube.com/vi/_0u0fQuzikA/default.jpg?access=vt7sTr1AeMftEPeHU0JMXXZyzKfpb2mzpG0aofksrj2SWZUjE3n6nBPHbg2Va3S9","PreviewUrl":"https://img.youtube.com/vi/_0u0fQuzikA/hqdefault.jpg?access=vt7sTr1AeMftEPeHU0JMXXZyzKfpb2mzpG0aofksrj2SWZUjE3n6nBPHbg2Va3S9"},{"ID":"27DE70C9-B5D2-46DA-99A1-681C43E247D7","URL":"https://inishop.com/objects/mmo_132052576_1748518342_3867_1214641.pdf","Type":"leaflet","ContentType":"application/pdf","KeepAsUrl":"0","Description":"Product Brochure","Size":"6238925","IsPrivate":"0","Updated":"2025-05-29 13:32:22","Language":"EN","IsVideo":0}],"Gallery":[{"ID":"106674775","LowPic":"https://inishop.com/img/gallery_lows/5c8ca49f3ff5de0a779f6fe3e28808cde3d1065c.jpg","LowSize":"24220","LowHeight":"144","LowWidth":"200","ThumbPic":"https://inishop.com/img/gallery_thumbs/8bafc8c47b36bff56da6e77efbf265554ad87253.jpg","ThumbPicSize":"5952","Pic":"https://inishop.com/img/gallery/c54724a5836befc2708d1ab26bf821318c9a906f.jpg","Size":"325894","PicHeight":"751","PicWidth":"1040","Pic500x500":"https://inishop.com/img/gallery_mediums/622103e81ea9d21ba66033eef9ac4560d2d5325a.jpg","Pic500x500Size":"106253","Pic500x500Height":"361","Pic500x500Width":"500","No":"1","IsMain":"Y","Updated":"2025-05-29 12:54:59","IsPrivate":"0","Type":"ProductImage","Attributes":{"OriginalFileName":""}},{"ID":"106674777","LowPic":"https://inishop.com/img/gallery_lows/38b72df58fd9b10e1dd408d385e3a1077b6c7604.jpg","LowSize":"25303","LowHeight":"156","LowWidth":"200","ThumbPic":"https://inishop.com/img/gallery_thumbs/b278beafc601aaab48e73aedbb79833b443783ed.jpg","ThumbPicSize":"6162","Pic":"https://inishop.com/img/gallery/fc4e96c0cf2211c0cb3bf4f7291762a668f11b91.jpg","Size":"231291","PicHeight":"742","PicWidth":"951","Pic500x500":"https://inishop.com/img/gallery_mediums/25ba02ae09efef4ceae7191c2b90ab83aa8068d1.jpg","Pic500x500Size":"102897","Pic500x500Height":"390","Pic500x500Width":"500","No":"2","IsMain":"N","Updated":"2025-05-29 12:54:59","IsPrivate":"0","Type":"ProductImage","Attributes":{"OriginalFileName":""}},{"ID":"106674779","LowPic":"https://inishop.com/img/gallery_lows/4472509b80ba4447d7e017d9b915c2d73554b6dd.jpg","LowSize":"7444","LowHeight":"144","LowWidth":"200","ThumbPic":"https://inishop.com/img/gallery_thumbs/2e6b0de488be3db8b1fe6665f15532c1b6114b16.jpg","ThumbPicSize":"1825","Pic":"https://inishop.com/img/gallery/9a44de876226a12aae53774b067c9892ab6d68b9.jpg","Size":"184011","PicHeight":"751","PicWidth":"1044","Pic500x500":"https://inishop.com/img/gallery_mediums/3ad3a179d0a961096d1bf6b98c095ecbd2397d9e.jpg","Pic500x500Size":"48129","Pic500x500Height":"360","Pic500x500Width":"500","No":"3","IsMain":"N","Updated":"2025-05-29 12:55:01","IsPrivate":"0","Type":"ProductImage","Attributes":{"OriginalFileName":""}},{"ID":"106674781","LowPic":"https://inishop.com/img/gallery_lows/056a2977fccd50ff6151a93c5b8d17ed2d58fec1.jpg","LowSize":"4715","LowHeight":"200","LowWidth":"123","ThumbPic":"https://inishop.com/img/gallery_thumbs/d03e570e399fe80c3bef7b8d5f7efa430f9c2baa.jpg","ThumbPicSize":"1499","Pic":"https://inishop.com/img/gallery/f2faa8777ed4f072f2cb7dd54b8722b75ce4c223.jpg","Size":"32077","PicHeight":"726","PicWidth":"447","Pic500x500":"https://inishop.com/img/gallery_mediums/79ff5745ea8c75d667ac0616a2e1b65dd2f47128.jpg","Pic500x500Size":"18841","Pic500x500Height":"500","Pic500x500Width":"308","No":"4","IsMain":"N","Updated":"2025-05-29 12:55:01","IsPrivate":"0","Type":"ProductImage","Attributes":{"OriginalFileName":""}}],"FeaturesGroups":[{"ID":833,"SortNo":"110","FeatureGroup":{"ID":"5","Name":{"Value":"Display","Language":"EN"}},"Features":[{"Localized":0,"ID":785542866,"LocalID":0,"Type":"numerical","Value":"12","CategoryFeatureId":"11611","CategoryFeatureGroupID":"833","SortNo":"99","PresentationValue":"30.5 cm (12\")","RawValue":"12","LocalValue":"30.5","Description":"Size of the display for this product, measured diagonally, usually in inches.","Mandatory":"1","Searchable":"1","Optional":"0","Feature":{"ID":"944","Sign":"","Measure":{"ID":"16","Sign":"","Signs":{"ID":"11","_":"\"","Language":"EN"}},"Name":{"Value":"Display diagonal","Language":"EN"}}},{"Localized":0,"ID":785542858,"LocalID":0,"Type":"2d","Value":"2196 x 1464","CategoryFeatureId":"30350","CategoryFeatureGroupID":"833","SortNo":"38","PresentationValue":"2196 x 1464 pixels","RawValue":"2196 x 1464","LocalValue":"2196 x 1464","Description":"The number of distinct pixels in each dimension that can be displayed. It is usually quoted as width × height, with the units in pixels: for example, \"1024 × 768\" means the width is 1024 pixels and the height is 768 pixels. The higher the number of pixels, the sharper the image.","Mandatory":"1","Searchable":"0","Optional":"0","Feature":{"ID":"1585","Sign":"","Measure":{"ID":"39","Sign":"","Signs":{"ID":"23","_":"pixels","Language":"EN"}},"Name":{"Value":"Display resolution","Language":"EN"}}},{"Localized":0,"ID":785542865,"LocalID":0,"Type":"numerical","Value":"90","CategoryFeatureId":"974995","CategoryFeatureGroupID":"833","SortNo":"37","PresentationValue":"90 Hz","RawValue":"90","LocalValue":"90","Description":"","Mandatory":"0","Searchable":"0","Optional":"0","Feature":{"ID":"7450","Sign":"","Measure":{"ID":"36","Sign":"","Signs":{"ID":"20","_":"Hz","Language":"EN"}},"Name":{"Value":"Maximum refresh rate","Language":"EN"}}},{"Localized":0,"ID":785542860,"LocalID":0,"Type":"y_n","Value":"Y","CategoryFeatureId":"45723","CategoryFeatureGroupID":"833","SortNo":"36","PresentationValue":"Yes","RawValue":"Y","LocalValue":"Yes","Description":"A backlight is a form of illumination used in liquid crystal displays (LCDs). One type of backlight is made by LEDs, which can be either white or RGB (red green blue). White LEDs are used most often in notebooks and desktop screens, and in virtually all mobile LCD screens. RGB LEDs for backlighting are found in high-end color proofing displays such as HP DreamColor LP2480zx monitor or selected HP EliteBook notebooks, as well as newer consumer grade displays such as Dell's Studio series laptops which have an optional RGB LED display.","Mandatory":"0","Searchable":"0","Optional":"0","Feature":{"ID":"6784","Sign":"","Measure":{"ID":"26","Sign":"","Signs":{"ID":"","_":"","Language":"EN"}},"Name":{"Value":"LED backlight","Language":"EN"}}},{"Localized":0,"ID":785542867,"LocalID":0,"Type":"dropdown","Value":"LCD","CategoryFeatureId":"710616","CategoryFeatureGroupID":"833","SortNo":"36","PresentationValue":"LCD","RawValue":"LCD","LocalValue":"LCD","Description":"","Mandatory":"1","Searchable":"1","Optional":"0","Feature":{"ID":"15285","Sign":"","Measure":{"ID":"29","Sign":"","Signs":{"ID":"","_":"","Language":"EN"}},"Name":{"Value":"Panel type","Language":"EN"}}},{"Localized":0,"ID":785542864,"LocalID":0,"Type":"dropdown","Value":"PixelSense","CategoryFeatureId":"939510","CategoryFeatureGroupID":"833","SortNo":"36","PresentationValue":"PixelSense","RawValue":"PixelSense","LocalValue":"PixelSense","Description":"","Mandatory":"0","Searchable":"0","Optional":"0","Feature":{"ID":"46952","Sign":"","Measure":{"ID":"29","Sign":"","Signs":{"ID":"","_":"","Language":"EN"}},"Name":{"Value":"Display technology marketing name","Language":"EN"}}},{"Localized":0,"ID":785542861,"LocalID":0,"Type":"numerical","Value":"400","CategoryFeatureId":"45724","CategoryFeatureGroupID":"833","SortNo":"35","PresentationValue":"400 cd/m²","RawValue":"400","LocalValue":"400","Description":"Brightness is the amount of radiating light emitted from the screen. The brightness rating is measured in candellas per square meter, commonly known as 'nits'.","Mandatory":"0","Searchable":"0","Optional":"0","Feature":{"ID":"1389","Sign":"","Measure":{"ID":"43","Sign":"","Signs":{"ID":"27","_":"cd/m²","Language":"EN"}},"Name":{"Value":"Display brightness","Language":"EN"}}},{"Localized":0,"ID":785542862,"LocalID":0,"Type":"numerical","Value":"220","CategoryFeatureId":"103273","CategoryFeatureGroupID":"833","SortNo":"0","PresentationValue":"220 ppi","RawValue":"220","LocalValue":"220","Description":"","Mandatory":"0","Searchable":"0","Optional":"0","Feature":{"ID":"13246","Sign":"","Measure":{"ID":"243","Sign":"","Signs":{"ID":"14247","_":"ppi","Language":"EN"}},"Name":{"Value":"Pixel density","Language":"EN"}}},{"Localized":0,"ID":785542863,"LocalID":0,"Type":"dropdown","Value":"3:2","CategoryFeatureId":"684422","CategoryFeatureGroupID":"833","SortNo":"-1","PresentationValue":"3:2","RawValue":"3:2","LocalValue":"3:2","Description":"The aspect ratio is the ratio of the width of an image to its height. The native aspect ratio is the one which the projector/display is particularly designed for. Images shown in native aspect ratio will utilize the entire resolution of the display and achieve maximum brightness. Images shown in other than native aspect ratio will always have less resolution and less brightness than images shown in native aspect ratio.","Mandatory":"0","Searchable":"0","Optional":"0","Feature":{"ID":"11417","Sign":"","Measure":{"ID":"29","Sign":"","Signs":{"ID":"","_":"","Language":"EN"}},"Name":{"Value":"Native aspect ratio","Language":"EN"}}}]},{"ID":830,"SortNo":"100","FeatureGroup":{"ID":"1","Name":{"Value":"Processor","Language":"EN"}},"Features":[{"Localized":0,"ID":785542856,"LocalID":0,"Type":"dropdown","Value":"Qualcomm","CategoryFeatureId":"102551","CategoryFeatureGroupID":"830","SortNo":"1001050","PresentationValue":"Qualcomm","RawValue":"Qualcomm","LocalValue":"Qualcomm","Description":"The manufacturer that produced the processor.","Mandatory":"1","Searchable":"0","Optional":"0","Feature":{"ID":"1013","Sign":"","Measure":{"ID":"29","Sign":"","Signs":{"ID":"","_":"","Language":"EN"}},"Name":{"Value":"Processor manufacturer","Language":"EN"}}},{"Localized":0,"ID":785542851,"LocalID":0,"Type":"dropdown","Value":"Qualcomm Snapdragon","CategoryFeatureId":"11580","CategoryFeatureGroupID":"830","SortNo":"900","PresentationValue":"Qualcomm Snapdragon","RawValue":"Qualcomm Snapdragon","LocalValue":"Qualcomm Snapdragon","Description":"A family of processors is a group of processors produced by one company over a short period of time e.g. Intel Pentium processors.","Mandatory":"1","Searchable":"0","Optional":"0","Feature":{"ID":"2196","Sign":"","Measure":{"ID":"29","Sign":"","Signs":{"ID":"","_":"","Language":"EN"}},"Name":{"Value":"Processor family","Language":"EN"}}},{"Localized":0,"ID":785542859,"LocalID":0,"Type":"dropdown","Value":"Snapdragon X Plus","CategoryFeatureId":"893910","CategoryFeatureGroupID":"830","SortNo":"850","PresentationValue":"Snapdragon X Plus","RawValue":"Snapdragon X Plus","LocalValue":"Snapdragon X Plus","Description":"","Mandatory":"0","Searchable":"0","Optional":"0","Feature":{"ID":"44870","Sign":"","Measure":{"ID":"29","Sign":"","Signs":{"ID":"","_":"","Language":"EN"}},"Name":{"Value":"Processor generation","Language":"EN"}}},{"Localized":0,"ID":785542850,"LocalID":0,"Type":"dropdown","Value":"X1P-42-100","CategoryFeatureId":"6931","CategoryFeatureGroupID":"830","SortNo":"800","PresentationValue":"X1P-42-100","RawValue":"X1P-42-100","LocalValue":"X1P-42-100","Description":"The model number for the processor in a computer.","Mandatory":"1","Searchable":"0","Optional":"0","Feature":{"ID":"47","Sign":"","Measure":{"ID":"29","Sign":"","Signs":{"ID":"","_":"","Language":"EN"}},"Name":{"Value":"Processor model","Language":"EN"}}},{"Localized":0,"ID":785542852,"LocalID":0,"Type":"numerical","Value":"8","CategoryFeatureId":"57773","CategoryFeatureGroupID":"830","SortNo":"300","PresentationValue":"8","RawValue":"8","LocalValue":"8","Description":"The number of central processing units ('cores') in a processor. Some processors have 1 core, others have 2 (e.g. Intel Core Duo) or more (e.g. the Intel Xeon E7-2850 has 10 cores).","Mandatory":"0","Searchable":"0","Optional":"0","Feature":{"ID":"6089","Sign":"","Measure":{"ID":"29","Sign":"","Signs":{"ID":"","_":"","Language":"EN"}},"Name":{"Value":"Processor cores","Language":"EN"}}},{"Localized":0,"ID":785542855,"LocalID":0,"Type":"numerical","Value":"3.4","CategoryFeatureId":"91856","CategoryFeatureGroupID":"830","SortNo":"290","PresentationValue":"3.4 GHz","RawValue":"3.4","LocalValue":"3.4","Description":"The turbo boost is an automatic, managed accelleration of the processor when one of the cores is overloaded.","Mandatory":"0","Searchable":"0","Optional":"0","Feature":{"ID":"7978","Sign":"","Measure":{"ID":"37","Sign":"","Signs":{"ID":"21","_":"GHz","Language":"EN"}},"Name":{"Value":"Processor boost frequency","Language":"EN"}}},{"Localized":0,"ID":785542854,"LocalID":0,"Type":"numerical","Value":"3.2","CategoryFeatureId":"73721","CategoryFeatureGroupID":"830","SortNo":"285","PresentationValue":"3.2 GHz","RawValue":"3.2","LocalValue":"3.2","Description":"The speed that the microprocessor executes each instruction or each vibration of the clock. The CPU requires a fixed number of clock ticks, or cycles, to execute each instruction. The faster the clocks rate, the faster the CPU, or the faster it can execute instructions. Clock Speeds are usually determined in MHz, 1 MHz representing 1 million cycles per second, or in GHz, 1 GHz representing 1 thousand million cycles per second. The higher the CPU speed, the better a computer will perform.","Mandatory":"1","Searchable":"0","Optional":"0","Feature":{"ID":"11379","Sign":"","Measure":{"ID":"37","Sign":"","Signs":{"ID":"21","_":"GHz","Language":"EN"}},"Name":{"Value":"Processor frequency","Language":"EN"}}},{"Localized":0,"ID":785542853,"LocalID":0,"Type":"numerical","Value":"30","CategoryFeatureId":"63465","CategoryFeatureGroupID":"830","SortNo":"98","PresentationValue":"30 MB","RawValue":"30","LocalValue":"30","Description":"","Mandatory":"0","Searchable":"0","Optional":"0","Feature":{"ID":"10041","Sign":"","Measure":{"ID":"19","Sign":"","Signs":{"ID":"15506","_":"MB","Language":"EN"}},"Name":{"Value":"Processor cache","Language":"EN"}}}]},{"ID":78570,"SortNo":"98","FeatureGroup":{"ID":"306","Name":{"Value":"Neural processor unit (NPU)","Language":"EN"}},"Features":[{"Localized":0,"ID":785542921,"LocalID":0,"Type":"dropdown","Value":"Qualcomm Hexagon","CategoryFeatureId":"950621","CategoryFeatureGroupID":"78570","SortNo":"30","PresentationValue":"Qualcomm Hexagon","RawValue":"Qualcomm Hexagon","LocalValue":"Qualcomm Hexagon","Description":"","Mandatory":"0","Searchable":"0","Optional":"0","Feature":{"ID":"47567","Sign":"","Measure":{"ID":"29","Sign":"","Signs":{"ID":"","_":"","Language":"EN"}},"Name":{"Value":"Neural processor unit (NPU)","Language":"EN"}}},{"Localized":0,"ID":785542924,"LocalID":0,"Type":"numerical","Value":"45","CategoryFeatureId":"950628","CategoryFeatureGroupID":"78570","SortNo":"16","PresentationValue":"45 TOPs","RawValue":"45","LocalValue":"45","Description":"","Mandatory":"0","Searchable":"0","Optional":"0","Feature":{"ID":"47565","Sign":"","Measure":{"ID":"496","Sign":"","Signs":{"ID":"58091","_":"TOPs","Language":"EN"}},"Name":{"Value":"NPU performance up to","Language":"EN"}}}]},{"ID":832,"SortNo":"96","FeatureGroup":{"ID":"3","Name":{"Value":"Memory","Language":"EN"}},"Features":[{"Localized":0,"ID":785544706,"LocalID":0,"Type":"numerical","Value":"16","CategoryFeatureId":"73764","CategoryFeatureGroupID":"832","SortNo":"90","PresentationValue":"16 GB","RawValue":"16","LocalValue":"16","Description":"A computer's memory which is directly accessible to the CPU.","Mandatory":"1","Searchable":"1","Optional":"0","Feature":{"ID":"11381","Sign":"","Measure":{"ID":"20","Sign":"","Signs":{"ID":"7","_":"GB","Language":"EN"}},"Name":{"Value":"Internal memory","Language":"EN"}}},{"Localized":0,"ID":785542857,"LocalID":0,"Type":"dropdown","Value":"LPDDR5x-SDRAM","CategoryFeatureId":"34327","CategoryFeatureGroupID":"832","SortNo":"38","PresentationValue":"LPDDR5x-SDRAM","RawValue":"LPDDR5x-SDRAM","LocalValue":"LPDDR5x-SDRAM","Description":"The type of internal memory such as RAM, GDDR5.","Mandatory":"0","Searchable":"0","Optional":"0","Feature":{"ID":"427","Sign":"","Measure":{"ID":"29","Sign":"","Signs":{"ID":"","_":"","Language":"EN"}},"Name":{"Value":"Internal memory type","Language":"EN"}}},{"Localized":0,"ID":785544705,"LocalID":0,"Type":"numerical","Value":"16","CategoryFeatureId":"16590","CategoryFeatureGroupID":"832","SortNo":"20","PresentationValue":"16 GB","RawValue":"16","LocalValue":"16","Description":"The maximum internal memory which is available in the product.","Mandatory":"0","Searchable":"0","Optional":"0","Feature":{"ID":"1452","Sign":"","Measure":{"ID":"20","Sign":"","Signs":{"ID":"7","_":"GB","Language":"EN"}},"Name":{"Value":"Maximum internal memory","Language":"EN"}}}]},{"ID":4142,"SortNo":"92","FeatureGroup":{"ID":"47","Name":{"Value":"Storage","Language":"EN"}},"Features":[{"Localized":0,"ID":785544707,"LocalID":0,"Type":"numerical","Value":"512","CategoryFeatureId":"71618","CategoryFeatureGroupID":"4142","SortNo":"402","PresentationValue":"512 GB","RawValue":"512","LocalValue":"512","Description":"The amount e.g of data which can be stored inside the device.","Mandatory":"1","Searchable":"1","Optional":"0","Feature":{"ID":"8730","Sign":"","Measure":{"ID":"20","Sign":"","Signs":{"ID":"7","_":"GB","Language":"EN"}},"Name":{"Value":"Internal storage capacity","Language":"EN"}}},{"Localized":0,"ID":785542890,"LocalID":0,"Type":"y_n","Value":"N","CategoryFeatureId":"21005","CategoryFeatureGroupID":"4142","SortNo":"20","PresentationValue":"No","RawValue":"N","LocalValue":"No","Description":"A card reader is a device that enables reading and, in some cases, writing data to and from a memory card.","Mandatory":"1","Searchable":"1","Optional":"0","Feature":{"ID":"3374","Sign":"","Measure":{"ID":"26","Sign":"","Signs":{"ID":"","_":"","Language":"EN"}},"Name":{"Value":"Card reader integrated","Language":"EN"}}},{"Localized":0,"ID":785542889,"LocalID":0,"Type":"dropdown","Value":"UFS","CategoryFeatureId":"105669","CategoryFeatureGroupID":"4142","SortNo":"5","PresentationValue":"UFS","RawValue":"UFS","LocalValue":"UFS","Description":"Used for the storage of data e.g. HDD (hard disk drive), SSD (solid-state drive).","Mandatory":"1","Searchable":"0","Optional":"0","Feature":{"ID":"11441","Sign":"","Measure":{"ID":"29","Sign":"","Signs":{"ID":"","_":"","Language":"EN"}},"Name":{"Value":"Storage media","Language":"EN"}}}]},{"ID":8329,"SortNo":"86","FeatureGroup":{"ID":"163","Name":{"Value":"Graphics","Language":"EN"}},"Features":[{"Localized":0,"ID":785542915,"LocalID":0,"Type":"multi_dropdown","Value":"Adreno","CategoryFeatureId":"46082","CategoryFeatureGroupID":"8329","SortNo":"40","PresentationValue":"Adreno","RawValue":"Adreno","LocalValue":"Adreno","Description":"","Mandatory":"0","Searchable":"0","Optional":"0","Feature":{"ID":"7490","Sign":"","Measure":{"ID":"29","Sign":"","Signs":{"ID":"","_":"","Language":"EN"}},"Name":{"Value":"Graphics card family","Language":"EN"}}},{"Localized":0,"ID":785542914,"LocalID":0,"Type":"dropdown","Value":"Adreno GPU","CategoryFeatureId":"16583","CategoryFeatureGroupID":"8329","SortNo":"18","PresentationValue":"Adreno GPU","RawValue":"Adreno GPU","LocalValue":"Adreno GPU","Description":"","Mandatory":"0","Searchable":"0","Optional":"0","Feature":{"ID":"614","Sign":"","Measure":{"ID":"29","Sign":"","Signs":{"ID":"","_":"","Language":"EN"}},"Name":{"Value":"Graphics card","Language":"EN"}}}]},{"ID":846,"SortNo":"82","FeatureGroup":{"ID":"9","Name":{"Value":"Audio","Language":"EN"}},"Features":[{"Localized":0,"ID":785542869,"LocalID":0,"Type":"numerical","Value":"2","CategoryFeatureId":"20063","CategoryFeatureGroupID":"846","SortNo":"19","PresentationValue":"2","RawValue":"2","LocalValue":"2","Description":"","Mandatory":"0","Searchable":"0","Optional":"0","Feature":{"ID":"1851","Sign":"","Measure":{"ID":"29","Sign":"","Signs":{"ID":"","_":"","Language":"EN"}},"Name":{"Value":"Number of built-in speakers","Language":"EN"}}},{"Localized":0,"ID":785542871,"LocalID":0,"Type":"numerical","Value":"2","CategoryFeatureId":"317067","CategoryFeatureGroupID":"846","SortNo":"18","PresentationValue":"2","RawValue":"2","LocalValue":"2","Description":"","Mandatory":"0","Searchable":"0","Optional":"0","Feature":{"ID":"7252","Sign":"","Measure":{"ID":"29","Sign":"","Signs":{"ID":"","_":"","Language":"EN"}},"Name":{"Value":"Number of microphones","Language":"EN"}}},{"Localized":0,"ID":785542868,"LocalID":0,"Type":"dropdown","Value":"Dolby Atmos","CategoryFeatureId":"7128","CategoryFeatureGroupID":"846","SortNo":"0","PresentationValue":"Dolby Atmos","RawValue":"Dolby Atmos","LocalValue":"Dolby Atmos","Description":"System used to play music or speech.","Mandatory":"0","Searchable":"0","Optional":"0","Feature":{"ID":"442","Sign":"","Measure":{"ID":"29","Sign":"","Signs":{"ID":"","_":"","Language":"EN"}},"Name":{"Value":"Audio system","Language":"EN"}}},{"Localized":0,"ID":785542870,"LocalID":0,"Type":"numerical","Value":"2","CategoryFeatureId":"58801","CategoryFeatureGroupID":"846","SortNo":"0","PresentationValue":"2 W","RawValue":"2","LocalValue":"2","Description":"","Mandatory":"0","Searchable":"0","Optional":"0","Feature":{"ID":"1660","Sign":"","Measure":{"ID":"44","Sign":"","Signs":{"ID":"28","_":"W","Language":"EN"}},"Name":{"Value":"Speaker power","Language":"EN"}}}]},{"ID":4346,"SortNo":"80","FeatureGroup":{"ID":"95","Name":{"Value":"Camera","Language":"EN"}},"Features":[{"Localized":0,"ID":785542903,"LocalID":0,"Type":"dropdown","Value":"Single camera","CategoryFeatureId":"331455","CategoryFeatureGroupID":"4346","SortNo":"100","PresentationValue":"Single camera","RawValue":"Single camera","LocalValue":"Single camera","Description":"Indicates the type of the camera at the back of the product, dual or single.","Mandatory":"1","Searchable":"1","Optional":"0","Feature":{"ID":"27587","Sign":"","Measure":{"ID":"29","Sign":"","Signs":{"ID":"","_":"","Language":"EN"}},"Name":{"Value":"Rear camera type","Language":"EN"}}},{"Localized":0,"ID":785542895,"LocalID":0,"Type":"numerical","Value":"10","CategoryFeatureId":"80813","CategoryFeatureGroupID":"4346","SortNo":"90","PresentationValue":"10 MP","RawValue":"10","LocalValue":"10","Description":"The resolution of the images produced with the rear camera, given in MP (megapixel. 1 MP = 1 million pixels).","Mandatory":"1","Searchable":"0","Optional":"0","Feature":{"ID":"12435","Sign":"","Measure":{"ID":"165","Sign":"","Signs":{"ID":"3126","_":"MP","Language":"EN"}},"Name":{"Value":"Rear camera resolution (numeric)","Language":"EN"}}},{"Localized":0,"ID":785542893,"LocalID":0,"Type":"y_n","Value":"Y","CategoryFeatureId":"50079","CategoryFeatureGroupID":"4346","SortNo":"33","PresentationValue":"Yes","RawValue":"Y","LocalValue":"Yes","Description":"Device focusing a camera or other piece of equipment automatically.","Mandatory":"0","Searchable":"0","Optional":"0","Feature":{"ID":"1614","Sign":"","Measure":{"ID":"26","Sign":"","Signs":{"ID":"","_":"","Language":"EN"}},"Name":{"Value":"Auto focus","Language":"EN"}}},{"Localized":0,"ID":785542899,"LocalID":0,"Type":"y_n","Value":"N","CategoryFeatureId":"594525","CategoryFeatureGroupID":"4346","SortNo":"32","PresentationValue":"No","RawValue":"N","LocalValue":"No","Description":"Whether or not the rear camera features its own flash.","Mandatory":"0","Searchable":"0","Optional":"0","Feature":{"ID":"36602","Sign":"","Measure":{"ID":"26","Sign":"","Signs":{"ID":"","_":"","Language":"EN"}},"Name":{"Value":"Rear camera flash","Language":"EN"}}},{"Localized":0,"ID":785542894,"LocalID":0,"Type":"numerical","Value":"30","CategoryFeatureId":"63466","CategoryFeatureGroupID":"4346","SortNo":"28","PresentationValue":"30 fps","RawValue":"30","LocalValue":"30","Description":"","Mandatory":"0","Searchable":"0","Optional":"0","Feature":{"ID":"2791","Sign":"","Measure":{"ID":"85","Sign":"","Signs":{"ID":"67","_":"fps","Language":"EN"}},"Name":{"Value":"Video capturing speed","Language":"EN"}}},{"Localized":0,"ID":785542896,"LocalID":0,"Type":"y_n","Value":"Y","CategoryFeatureId":"80815","CategoryFeatureGroupID":"4346","SortNo":"22","PresentationValue":"Yes","RawValue":"Y","LocalValue":"Yes","Description":"Camera at the front of the product.","Mandatory":"1","Searchable":"0","Optional":"0","Feature":{"ID":"12436","Sign":"","Measure":{"ID":"26","Sign":"","Signs":{"ID":"","_":"","Language":"EN"}},"Name":{"Value":"Front camera","Language":"EN"}}},{"Localized":0,"ID":785542901,"LocalID":0,"Type":"y_n","Value":"N","CategoryFeatureId":"594526","CategoryFeatureGroupID":"4346","SortNo":"18","PresentationValue":"No","RawValue":"N","LocalValue":"No","Description":"Whether or not the front camera features its own flash.","Mandatory":"0","Searchable":"0","Optional":"0","Feature":{"ID":"36601","Sign":"","Measure":{"ID":"26","Sign":"","Signs":{"ID":"","_":"","Language":"EN"}},"Name":{"Value":"Front camera flash","Language":"EN"}}},{"Localized":0,"ID":785542897,"LocalID":0,"Type":"y_n","Value":"Y","CategoryFeatureId":"249867","CategoryFeatureGroupID":"4346","SortNo":"10","PresentationValue":"Yes","RawValue":"Y","LocalValue":"Yes","Description":"","Mandatory":"0","Searchable":"0","Optional":"0","Feature":{"ID":"35978","Sign":"","Measure":{"ID":"26","Sign":"","Signs":{"ID":"","_":"","Language":"EN"}},"Name":{"Value":"Windows Hello","Language":"EN"}}}]},{"ID":2678,"SortNo":"74","FeatureGroup":{"ID":"35","Name":{"Value":"Network","Language":"EN"}},"Features":[{"Localized":0,"ID":785542888,"LocalID":0,"Type":"y_n","Value":"N","CategoryFeatureId":"328664","CategoryFeatureGroupID":"2678","SortNo":"410","PresentationValue":"No","RawValue":"N","LocalValue":"No","Description":"","Mandatory":"1","Searchable":"1","Optional":"0","Feature":{"ID":"24557","Sign":"","Measure":{"ID":"26","Sign":"","Signs":{"ID":"","_":"","Language":"EN"}},"Name":{"Value":"Mobile network connection","Language":"EN"}}},{"Localized":0,"ID":785542883,"LocalID":0,"Type":"y_n","Value":"Y","CategoryFeatureId":"21000","CategoryFeatureGroupID":"2678","SortNo":"300","PresentationValue":"Yes","RawValue":"Y","LocalValue":"Yes","Description":"Bluetooth is a low-power radio technology developed to replace the cables and wires currently used to link or connect electronic devices such as personal computers, printers, and a wide variety of handheld devices including mobile phones. Because it uses radio-wave connectivity, a Bluetooth-enabled device has a constant, established connection to whatever browser it uses. This saves the user the trouble of logging on to check for emails or news updates, for example.","Mandatory":"0","Searchable":"0","Optional":"0","Feature":{"ID":"2183","Sign":"","Measure":{"ID":"26","Sign":"","Signs":{"ID":"","_":"","Language":"EN"}},"Name":{"Value":"Bluetooth","Language":"EN"}}},{"Localized":0,"ID":785542884,"LocalID":0,"Type":"dropdown","Value":"5.4","CategoryFeatureId":"21001","CategoryFeatureGroupID":"2678","SortNo":"299","PresentationValue":"5.4","RawValue":"5.4","LocalValue":"5.4","Description":"The type of bluetooth technology in the product e.g. Bluetooth Smart (v4.0).","Mandatory":"0","Searchable":"0","Optional":"0","Feature":{"ID":"1208","Sign":"","Measure":{"ID":"29","Sign":"","Signs":{"ID":"","_":"","Language":"EN"}},"Name":{"Value":"Bluetooth version","Language":"EN"}}},{"Localized":0,"ID":785542887,"LocalID":0,"Type":"y_n","Value":"Y","CategoryFeatureId":"332058","CategoryFeatureGroupID":"2678","SortNo":"299","PresentationValue":"Yes","RawValue":"Y","LocalValue":"Yes","Description":"","Mandatory":"0","Searchable":"0","Optional":"0","Feature":{"ID":"40984","Sign":"","Measure":{"ID":"26","Sign":"","Signs":{"ID":"","_":"","Language":"EN"}},"Name":{"Value":"Bluetooth Low Energy (BLE)","Language":"EN"}}},{"Localized":0,"ID":785542886,"LocalID":0,"Type":"dropdown","Value":"Wi-Fi 7 (802.11be)","CategoryFeatureId":"169236","CategoryFeatureGroupID":"2678","SortNo":"85","PresentationValue":"Wi-Fi 7 (802.11be)","RawValue":"Wi-Fi 7 (802.11be)","LocalValue":"Wi-Fi 7 (802.11be)","Description":"Connection of this device is done via Wi-Fi in a high standard.","Mandatory":"1","Searchable":"0","Optional":"0","Feature":{"ID":"24993","Sign":"","Measure":{"ID":"29","Sign":"","Signs":{"ID":"","_":"","Language":"EN"}},"Name":{"Value":"Top Wi-Fi standard","Language":"EN"}}},{"Localized":0,"ID":785542885,"LocalID":0,"Type":"y_n","Value":"Y","CategoryFeatureId":"86021","CategoryFeatureGroupID":"2678","SortNo":"0","PresentationValue":"Yes","RawValue":"Y","LocalValue":"Yes","Description":"","Mandatory":"0","Searchable":"0","Optional":"0","Feature":{"ID":"10157","Sign":"","Measure":{"ID":"26","Sign":"","Signs":{"ID":"","_":"","Language":"EN"}},"Name":{"Value":"Near Field Communication (NFC)","Language":"EN"}}}]},{"ID":847,"SortNo":"72","FeatureGroup":{"ID":"12","Name":{"Value":"Ports & interfaces","Language":"EN"}},"Features":[{"Localized":0,"ID":785542874,"LocalID":0,"Type":"numerical","Value":"2","CategoryFeatureId":"248286","CategoryFeatureGroupID":"847","SortNo":"77","PresentationValue":"2","RawValue":"2","LocalValue":"2","Description":"Number of USB 3.1 (3.1 Gen 2) ports with Type-C connector. USB 3.1 (3.1 Gen 2) is USB interface version which supports transfer rate up to 10 Gbit/s (SuperSpeed+). USB Type-C connector has symmetrical design architecture and compatible with Thunderbolt 3 interface.","Mandatory":"0","Searchable":"0","Optional":"0","Feature":{"ID":"22704","Sign":"","Measure":{"ID":"29","Sign":"","Signs":{"ID":"","_":"","Language":"EN"}},"Name":{"Value":"USB 3.2 Gen 2 (3.1 Gen 2) Type-C ports quantity","Language":"EN"}}},{"Localized":0,"ID":785542872,"LocalID":0,"Type":"y_n","Value":"Y","CategoryFeatureId":"710618","CategoryFeatureGroupID":"847","SortNo":"73","PresentationValue":"Yes","RawValue":"Y","LocalValue":"Yes","Description":"Based on the PCI Express and DisplayPort technologies, Thunderbolt technology supports both data devices and displays.","Mandatory":"0","Searchable":"0","Optional":"0","Feature":{"ID":"13551","Sign":"","Measure":{"ID":"26","Sign":"","Signs":{"ID":"","_":"","Language":"EN"}},"Name":{"Value":"Thunderbolt technology","Language":"EN"}}},{"Localized":0,"ID":785542875,"LocalID":0,"Type":"y_n","Value":"Y","CategoryFeatureId":"710619","CategoryFeatureGroupID":"847","SortNo":"65","PresentationValue":"Yes","RawValue":"Y","LocalValue":"Yes","Description":"","Mandatory":"0","Searchable":"0","Optional":"0","Feature":{"ID":"31406","Sign":"","Measure":{"ID":"26","Sign":"","Signs":{"ID":"","_":"","Language":"EN"}},"Name":{"Value":"USB Type-C DisplayPort Alternate Mode","Language":"EN"}}},{"Localized":0,"ID":785542873,"LocalID":0,"Type":"multi_dropdown","Value":"Microsoft Surface Connector","CategoryFeatureId":"96784","CategoryFeatureGroupID":"847","SortNo":"-1","PresentationValue":"Microsoft Surface Connector","RawValue":"Microsoft Surface Connector","LocalValue":"Microsoft Surface Connector","Description":"A docking connector is a connector used to attach a mobile electronic device simultaneously to multiple external resources e.g. Apple Lightning, Micro-USB.","Mandatory":"0","Searchable":"0","Optional":"0","Feature":{"ID":"14838","Sign":"","Measure":{"ID":"29","Sign":"","Signs":{"ID":"","_":"","Language":"EN"}},"Name":{"Value":"Docking connector type","Language":"EN"}}}]},{"ID":10998,"SortNo":"40","FeatureGroup":{"ID":"148","Name":{"Value":"Design","Language":"EN"}},"Features":[{"Localized":0,"ID":785544713,"LocalID":0,"Type":"text","Value":"Platinum","CategoryFeatureId":"270481","CategoryFeatureGroupID":"10998","SortNo":"600","PresentationValue":"Platinum","RawValue":"Platinum","LocalValue":"Platinum","Description":"","Mandatory":"0","Searchable":"0","Optional":"0","Feature":{"ID":"17956","Sign":"","Measure":{"ID":"29","Sign":"","Signs":{"ID":"","_":"","Language":"EN"}},"Name":{"Value":"Colour name","Language":"EN"}}},{"Localized":0,"ID":785542910,"LocalID":0,"Type":"dropdown","Value":"Tablet PC","CategoryFeatureId":"95720","CategoryFeatureGroupID":"10998","SortNo":"500","PresentationValue":"Tablet PC","RawValue":"Tablet PC","LocalValue":"Tablet PC","Description":"Type or category of the device.","Mandatory":"1","Searchable":"0","Optional":"0","Feature":{"ID":"2328","Sign":"","Measure":{"ID":"29","Sign":"","Signs":{"ID":"","_":"","Language":"EN"}},"Name":{"Value":"Device type","Language":"EN"}}},{"Localized":0,"ID":785542912,"LocalID":0,"Type":"dropdown","Value":"Aluminium","CategoryFeatureId":"327763","CategoryFeatureGroupID":"10998","SortNo":"300","PresentationValue":"Aluminium","RawValue":"Aluminium","LocalValue":"Aluminium","Description":"What the casing of the product is made of.","Mandatory":"0","Searchable":"0","Optional":"0","Feature":{"ID":"5214","Sign":"","Measure":{"ID":"29","Sign":"","Signs":{"ID":"","_":"","Language":"EN"}},"Name":{"Value":"Housing material","Language":"EN"}}},{"Localized":0,"ID":785542913,"LocalID":0,"Type":"dropdown","Value":"Slate","CategoryFeatureId":"7141","CategoryFeatureGroupID":"10998","SortNo":"100","PresentationValue":"Slate","RawValue":"Slate","LocalValue":"Slate","Description":"The shape or design of the product.","Mandatory":"1","Searchable":"1","Optional":"0","Feature":{"ID":"771","Sign":"","Measure":{"ID":"29","Sign":"","Signs":{"ID":"","_":"","Language":"EN"}},"Name":{"Value":"Form factor","Language":"EN"}}},{"Localized":0,"ID":785544712,"LocalID":0,"Type":"dropdown","Value":"Platinum","CategoryFeatureId":"35294","CategoryFeatureGroupID":"10998","SortNo":"1","PresentationValue":"Platinum","RawValue":"Platinum","LocalValue":"Platinum","Description":"The colour e.g. red, blue, green, black, white.","Mandatory":"1","Searchable":"1","Optional":"0","Feature":{"ID":"1766","Sign":"","Measure":{"ID":"29","Sign":"","Signs":{"ID":"","_":"","Language":"EN"}},"Name":{"Value":"Product colour","Language":"EN"}}}]},{"ID":11000,"SortNo":"30","FeatureGroup":{"ID":"184","Name":{"Value":"Performance","Language":"EN"}},"Features":[{"Localized":0,"ID":785542916,"LocalID":0,"Type":"y_n","Value":"N","CategoryFeatureId":"54330","CategoryFeatureGroupID":"11000","SortNo":"110","PresentationValue":"No","RawValue":"N","LocalValue":"No","Description":"Assisted GPS, generally abbreviated as A-GPS, enhances the startup performance of a GPS satellite-based positioning system. It is used extensively with GPS-capable cellular phones as its development was accelerated by the U.S. FCC's 911 mandate making the location of a cell phone available to emergency call dispatchers.","Mandatory":"1","Searchable":"0","Optional":"0","Feature":{"ID":"6623","Sign":"","Measure":{"ID":"26","Sign":"","Signs":{"ID":"","_":"","Language":"EN"}},"Name":{"Value":"Assisted GPS (A-GPS)","Language":"EN"}}},{"Localized":0,"ID":785542917,"LocalID":0,"Type":"y_n","Value":"Y","CategoryFeatureId":"57378","CategoryFeatureGroupID":"11000","SortNo":"20","PresentationValue":"Yes","RawValue":"Y","LocalValue":"Yes","Description":"","Mandatory":"0","Searchable":"0","Optional":"0","Feature":{"ID":"9731","Sign":"","Measure":{"ID":"26","Sign":"","Signs":{"ID":"","_":"","Language":"EN"}},"Name":{"Value":"Accelerometer","Language":"EN"}}},{"Localized":0,"ID":785542923,"LocalID":0,"Type":"y_n","Value":"Y","CategoryFeatureId":"56973","CategoryFeatureGroupID":"11000","SortNo":"18","PresentationValue":"Yes","RawValue":"Y","LocalValue":"Yes","Description":"","Mandatory":"0","Searchable":"0","Optional":"0","Feature":{"ID":"8720","Sign":"","Measure":{"ID":"26","Sign":"","Signs":{"ID":"","_":"","Language":"EN"}},"Name":{"Value":"Ambient light sensor","Language":"EN"}}},{"Localized":0,"ID":785542919,"LocalID":0,"Type":"y_n","Value":"Y","CategoryFeatureId":"57379","CategoryFeatureGroupID":"11000","SortNo":"16","PresentationValue":"Yes","RawValue":"Y","LocalValue":"Yes","Description":"","Mandatory":"0","Searchable":"0","Optional":"0","Feature":{"ID":"9732","Sign":"","Measure":{"ID":"26","Sign":"","Signs":{"ID":"","_":"","Language":"EN"}},"Name":{"Value":"Gyroscope","Language":"EN"}}},{"Localized":0,"ID":785542918,"LocalID":0,"Type":"y_n","Value":"Y","CategoryFeatureId":"131223","CategoryFeatureGroupID":"11000","SortNo":"1","PresentationValue":"Yes","RawValue":"Y","LocalValue":"Yes","Description":"","Mandatory":"0","Searchable":"0","Optional":"0","Feature":{"ID":"13247","Sign":"","Measure":{"ID":"26","Sign":"","Signs":{"ID":"","_":"","Language":"EN"}},"Name":{"Value":"Magnetometer","Language":"EN"}}},{"Localized":0,"ID":785542922,"LocalID":0,"Type":"y_n","Value":"N","CategoryFeatureId":"166075","CategoryFeatureGroupID":"11000","SortNo":"0","PresentationValue":"No","RawValue":"N","LocalValue":"No","Description":"Whether the navigation system can locate the phone's position.","Mandatory":"1","Searchable":"1","Optional":"0","Feature":{"ID":"26425","Sign":"","Measure":{"ID":"26","Sign":"","Signs":{"ID":"","_":"","Language":"EN"}},"Name":{"Value":"Position location","Language":"EN"}}}]},{"ID":12019,"SortNo":"25","FeatureGroup":{"ID":"90","Name":{"Value":"Software","Language":"EN"}},"Features":[{"Localized":0,"ID":785542892,"LocalID":0,"Type":"dropdown","Value":"Windows","CategoryFeatureId":"164597","CategoryFeatureGroupID":"12019","SortNo":"101","PresentationValue":"Windows","RawValue":"Windows","LocalValue":"Windows","Description":"Description of a technology platform including a processor, chipset, platform software and wired networking capabilities.","Mandatory":"1","Searchable":"1","Optional":"0","Feature":{"ID":"75","Sign":"","Measure":{"ID":"29","Sign":"","Signs":{"ID":"","_":"","Language":"EN"}},"Name":{"Value":"Platform","Language":"EN"}}},{"Localized":0,"ID":785542891,"LocalID":0,"Type":"dropdown","Value":"64-bit","CategoryFeatureId":"45087","CategoryFeatureGroupID":"12019","SortNo":"99","PresentationValue":"64-bit","RawValue":"64-bit","LocalValue":"64-bit","Description":"The way in which the operating system of a computer/smartphone (32-bit/64-bit) is set up.","Mandatory":"0","Searchable":"0","Optional":"0","Feature":{"ID":"7563","Sign":"","Measure":{"ID":"29","Sign":"","Signs":{"ID":"","_":"","Language":"EN"}},"Name":{"Value":"Operating system architecture","Language":"EN"}}},{"Localized":0,"ID":785544714,"LocalID":0,"Type":"dropdown","Value":"Windows 11 Pro","CategoryFeatureId":"20706","CategoryFeatureGroupID":"12019","SortNo":"84","PresentationValue":"Windows 11 Pro","RawValue":"Windows 11 Pro","LocalValue":"Windows 11 Pro","Description":"Type of operating system on a device e.g. IOS on Apple devices, Android for mobile devices.","Mandatory":"1","Searchable":"1","Optional":"0","Feature":{"ID":"3233","Sign":"","Measure":{"ID":"29","Sign":"","Signs":{"ID":"","_":"","Language":"EN"}},"Name":{"Value":"Operating system installed","Language":"EN"}}},{"Localized":0,"ID":785544717,"LocalID":0,"Type":"textarea","Value":"Microsoft 365 Apps","CategoryFeatureId":"16574","CategoryFeatureGroupID":"12019","SortNo":"0","PresentationValue":"Microsoft 365 Apps","RawValue":"Microsoft 365 Apps","LocalValue":"Microsoft 365 Apps","Description":"Software distributed with another product such as a piece of computer hardware or other electronic device, or a group of software packages which are sold together. A software suite is an example of bundled software, as is software which is pre-installed on a new computer.","Mandatory":"0","Searchable":"0","Optional":"0","Feature":{"ID":"251","Sign":"","Measure":{"ID":"29","Sign":"","Signs":{"ID":"","_":"","Language":"EN"}},"Name":{"Value":"Bundled software","Language":"EN"}}},{"Localized":0,"ID":785544725,"LocalID":0,"Type":"text","Value":"Microsoft 365 30-day trial","CategoryFeatureId":"31226","CategoryFeatureGroupID":"12019","SortNo":"0","PresentationValue":"Microsoft 365 30-day trial","RawValue":"Microsoft 365 30-day trial","LocalValue":"Microsoft 365 30-day trial","Description":"","Mandatory":"0","Searchable":"0","Optional":"0","Feature":{"ID":"5800","Sign":"","Measure":{"ID":"29","Sign":"","Signs":{"ID":"","_":"","Language":"EN"}},"Name":{"Value":"Trial software","Language":"EN"}}},{"Localized":0,"ID":785544715,"LocalID":0,"Type":"multi_dropdown","Value":"ARA,DUT,FRE,ENG,NOR,POL,SWE,POR,ENG-US,DAN,ESP,ITA,DEU,FIN","CategoryFeatureId":"255243","CategoryFeatureGroupID":"12019","SortNo":"0","PresentationValue":"Arabic, Dutch, French, English, Norwegian, Polish, Swedish, Portuguese, US English, Danish, Spanish, Italian, German, Finnish","RawValue":"ARA,DUT,FRE,ENG,NOR,POL,SWE,POR,ENG-US,DAN,ESP,ITA,DEU,FIN","LocalValue":"Arabic, Dutch, French, English, Norwegian, Polish, Swedish, Portuguese, US English, Danish, Spanish, Italian, German, Finnish","Description":"","Mandatory":"0","Searchable":"0","Optional":"0","Feature":{"ID":"16537","Sign":"","Measure":{"ID":"29","Sign":"","Signs":{"ID":"","_":"","Language":"EN"}},"Name":{"Value":"Operating system language","Language":"EN"}}}]},{"ID":7821,"SortNo":"14","FeatureGroup":{"ID":"143","Name":{"Value":"Battery","Language":"EN"}},"Features":[{"Localized":0,"ID":785542911,"LocalID":0,"Type":"y_n","Value":"Y","CategoryFeatureId":"904572","CategoryFeatureGroupID":"7821","SortNo":"55","PresentationValue":"Yes","RawValue":"Y","LocalValue":"Yes","Description":"","Mandatory":"0","Searchable":"0","Optional":"0","Feature":{"ID":"24055","Sign":"","Measure":{"ID":"26","Sign":"","Signs":{"ID":"","_":"","Language":"EN"}},"Name":{"Value":"Battery included","Language":"EN"}}},{"Localized":0,"ID":785542904,"LocalID":0,"Type":"dropdown","Value":"Lithium-Ion (Li-Ion)","CategoryFeatureId":"7140","CategoryFeatureGroupID":"7821","SortNo":"50","PresentationValue":"Lithium-Ion (Li-Ion)","RawValue":"Lithium-Ion (Li-Ion)","LocalValue":"Lithium-Ion (Li-Ion)","Description":"The type of battery in the device, e.g. nickel–cadmium (NiCd).","Mandatory":"1","Searchable":"0","Optional":"0","Feature":{"ID":"434","Sign":"","Measure":{"ID":"29","Sign":"","Signs":{"ID":"","_":"","Language":"EN"}},"Name":{"Value":"Battery technology","Language":"EN"}}},{"Localized":0,"ID":785542908,"LocalID":0,"Type":"numerical","Value":"38.8","CategoryFeatureId":"54337","CategoryFeatureGroupID":"7821","SortNo":"47","PresentationValue":"38.8 Wh","RawValue":"38.8","LocalValue":"38.8","Description":"","Mandatory":"0","Searchable":"0","Optional":"0","Feature":{"ID":"8519","Sign":"","Measure":{"ID":"211","Sign":"","Signs":{"ID":"10077","_":"Wh","Language":"EN"}},"Name":{"Value":"Battery capacity","Language":"EN"}}},{"Localized":0,"ID":785542905,"LocalID":0,"Type":"dropdown","Value":"2","CategoryFeatureId":"20064","CategoryFeatureGroupID":"7821","SortNo":"45","PresentationValue":"2","RawValue":"2","LocalValue":"2","Description":"","Mandatory":"0","Searchable":"0","Optional":"0","Feature":{"ID":"1226","Sign":"","Measure":{"ID":"29","Sign":"","Signs":{"ID":"","_":"","Language":"EN"}},"Name":{"Value":"Number of battery cells","Language":"EN"}}},{"Localized":0,"ID":785542907,"LocalID":0,"Type":"numerical","Value":"16","CategoryFeatureId":"44885","CategoryFeatureGroupID":"7821","SortNo":"32","PresentationValue":"16 h","RawValue":"16","LocalValue":"16","Description":"","Mandatory":"0","Searchable":"0","Optional":"0","Feature":{"ID":"2173","Sign":"","Measure":{"ID":"46","Sign":"","Signs":{"ID":"30","_":"h","Language":"EN"}},"Name":{"Value":"Continuous video playback time","Language":"EN"}}},{"Localized":0,"ID":785542909,"LocalID":0,"Type":"numerical","Value":"12","CategoryFeatureId":"101390","CategoryFeatureGroupID":"7821","SortNo":"30","PresentationValue":"12 h","RawValue":"12","LocalValue":"12","Description":"","Mandatory":"0","Searchable":"0","Optional":"0","Feature":{"ID":"15264","Sign":"","Measure":{"ID":"46","Sign":"","Signs":{"ID":"30","_":"h","Language":"EN"}},"Name":{"Value":"Browsing time (Wi-Fi)","Language":"EN"}}}]},{"ID":849,"SortNo":"13","FeatureGroup":{"ID":"27","Name":{"Value":"Power","Language":"EN"}},"Features":[{"Localized":0,"ID":785542880,"LocalID":0,"Type":"y_n","Value":"Y","CategoryFeatureId":"974881","CategoryFeatureGroupID":"849","SortNo":"0","PresentationValue":"Yes","RawValue":"Y","LocalValue":"Yes","Description":"","Mandatory":"1","Searchable":"0","Optional":"0","Feature":{"ID":"48505","Sign":"","Measure":{"ID":"26","Sign":"","Signs":{"ID":"","_":"","Language":"EN"}},"Name":{"Value":"USB Type-C charging port","Language":"EN"}}}]},{"ID":72248,"SortNo":"11","FeatureGroup":{"ID":"279","Name":{"Value":"Sustainability","Language":"EN"}},"Features":[{"Localized":0,"ID":785542920,"LocalID":0,"Type":"multi_dropdown","Value":"ENERGY STAR,EPEAT Gold","CategoryFeatureId":"609612","CategoryFeatureGroupID":"72248","SortNo":"0","PresentationValue":"ENERGY STAR, EPEAT Gold","RawValue":"ENERGY STAR,EPEAT Gold","LocalValue":"ENERGY STAR, EPEAT Gold","Description":"","Mandatory":"0","Searchable":"0","Optional":"0","Feature":{"ID":"42513","Sign":"","Measure":{"ID":"29","Sign":"","Signs":{"ID":"","_":"","Language":"EN"}},"Name":{"Value":"Sustainability certificates","Language":"EN"}}}]},{"ID":848,"SortNo":"5","FeatureGroup":{"ID":"14","Name":{"Value":"Weight & dimensions","Language":"EN"}},"Features":[{"Localized":0,"ID":785542877,"LocalID":0,"Type":"numerical","Value":"274.4","CategoryFeatureId":"21002","CategoryFeatureGroupID":"848","SortNo":"10","PresentationValue":"274.4 mm","RawValue":"274.4","LocalValue":"274.4","Description":"The measurement or extent of something from side to side.","Mandatory":"0","Searchable":"0","Optional":"0","Feature":{"ID":"1649","Sign":"","Measure":{"ID":"24","Sign":"","Signs":{"ID":"3","_":"mm","Language":"EN"}},"Name":{"Value":"Width","Language":"EN"}}},{"Localized":0,"ID":785542878,"LocalID":0,"Type":"numerical","Value":"189.8","CategoryFeatureId":"21003","CategoryFeatureGroupID":"848","SortNo":"9","PresentationValue":"189.8 mm","RawValue":"189.8","LocalValue":"189.8","Description":"The distance from the front to the back of something.","Mandatory":"0","Searchable":"0","Optional":"0","Feature":{"ID":"1650","Sign":"","Measure":{"ID":"24","Sign":"","Signs":{"ID":"3","_":"mm","Language":"EN"}},"Name":{"Value":"Depth","Language":"EN"}}},{"Localized":0,"ID":785542879,"LocalID":0,"Type":"numerical","Value":"7.8","CategoryFeatureId":"21004","CategoryFeatureGroupID":"848","SortNo":"7","PresentationValue":"7.8 mm","RawValue":"7.8","LocalValue":"7.8","Description":"The measurement of the product from head to foot or from base to top.","Mandatory":"0","Searchable":"0","Optional":"0","Feature":{"ID":"1464","Sign":"","Measure":{"ID":"24","Sign":"","Signs":{"ID":"3","_":"mm","Language":"EN"}},"Name":{"Value":"Height","Language":"EN"}}},{"Localized":0,"ID":785542876,"LocalID":0,"Type":"numerical","Value":"685","CategoryFeatureId":"12812","CategoryFeatureGroupID":"848","SortNo":"4","PresentationValue":"685 g","RawValue":"685","LocalValue":"685","Description":"Weight of the product without packaging (net weight). If possible, the net weight is given including standard accessories and supplies. Please note that sometimes the manufacturer leaves out the weight of accessories and/or supplies.","Mandatory":"0","Searchable":"0","Optional":"0","Feature":{"ID":"94","Sign":"","Measure":{"ID":"38","Sign":"","Signs":{"ID":"22","_":"g","Language":"EN"}},"Name":{"Value":"Weight","Language":"EN"}}},{"Localized":0,"ID":785544711,"LocalID":0,"Type":"numerical","Value":"235","CategoryFeatureId":"62306","CategoryFeatureGroupID":"848","SortNo":"-11","PresentationValue":"235 mm","RawValue":"235","LocalValue":"235","Description":"The distance from one side of the packaging to the other.","Mandatory":"0","Searchable":"0","Optional":"0","Feature":{"ID":"3808","Sign":"","Measure":{"ID":"24","Sign":"","Signs":{"ID":"3","_":"mm","Language":"EN"}},"Name":{"Value":"Package width","Language":"EN"}}},{"Localized":0,"ID":785544709,"LocalID":0,"Type":"numerical","Value":"68","CategoryFeatureId":"62301","CategoryFeatureGroupID":"848","SortNo":"-12","PresentationValue":"68 mm","RawValue":"68","LocalValue":"68","Description":"The distance from the front to the back of the packaging.","Mandatory":"0","Searchable":"0","Optional":"0","Feature":{"ID":"3806","Sign":"","Measure":{"ID":"24","Sign":"","Signs":{"ID":"3","_":"mm","Language":"EN"}},"Name":{"Value":"Package depth","Language":"EN"}}},{"Localized":0,"ID":785544710,"LocalID":0,"Type":"numerical","Value":"338","CategoryFeatureId":"62302","CategoryFeatureGroupID":"848","SortNo":"-13","PresentationValue":"338 mm","RawValue":"338","LocalValue":"338","Description":"The distance from the top to the bottom of the packaging.","Mandatory":"0","Searchable":"0","Optional":"0","Feature":{"ID":"3807","Sign":"","Measure":{"ID":"24","Sign":"","Signs":{"ID":"3","_":"mm","Language":"EN"}},"Name":{"Value":"Package height","Language":"EN"}}},{"Localized":0,"ID":785544708,"LocalID":0,"Type":"numerical","Value":"1386","CategoryFeatureId":"35307","CategoryFeatureGroupID":"848","SortNo":"-15","PresentationValue":"1.39 kg","RawValue":"1386","LocalValue":"1.39","Description":"Weight of the packaged product.","Mandatory":"0","Searchable":"0","Optional":"0","Feature":{"ID":"762","Sign":"","Measure":{"ID":"38","Sign":"","Signs":{"ID":"22","_":"g","Language":"EN"}},"Name":{"Value":"Package weight","Language":"EN"}}}]},{"ID":6516,"SortNo":"3","FeatureGroup":{"ID":"116","Name":{"Value":"Packaging content","Language":"EN"}},"Features":[{"Localized":0,"ID":785544732,"LocalID":0,"Type":"y_n","Value":"Y","CategoryFeatureId":"57785","CategoryFeatureGroupID":"6516","SortNo":"10","PresentationValue":"Yes","RawValue":"Y","LocalValue":"Yes","Description":"","Mandatory":"1","Searchable":"0","Optional":"0","Feature":{"ID":"1230","Sign":"","Measure":{"ID":"26","Sign":"","Signs":{"ID":"","_":"","Language":"EN"}},"Name":{"Value":"AC adapter included","Language":"EN"}}},{"Localized":0,"ID":785542902,"LocalID":0,"Type":"dropdown","Value":"USB Type-C","CategoryFeatureId":"49669","CategoryFeatureGroupID":"6516","SortNo":"0","PresentationValue":"USB Type-C","RawValue":"USB Type-C","LocalValue":"USB Type-C","Description":"","Mandatory":"0","Searchable":"0","Optional":"0","Feature":{"ID":"1830","Sign":"","Measure":{"ID":"29","Sign":"","Signs":{"ID":"","_":"","Language":"EN"}},"Name":{"Value":"Cables included","Language":"EN"}}}]},{"ID":41361,"SortNo":"0","FeatureGroup":{"ID":"76","Name":{"Value":"Certificates","Language":"EN"}},"Features":[{"Localized":0,"ID":785542900,"LocalID":0,"Type":"alphanumeric","Value":"UN3481","CategoryFeatureId":"514073","CategoryFeatureGroupID":"41361","SortNo":"0","PresentationValue":"UN3481","RawValue":"UN3481","LocalValue":"UN3481","Description":"","Mandatory":"0","Searchable":"0","Optional":"0","Feature":{"ID":"41529","Sign":"","Measure":{"ID":"29","Sign":"","Signs":{"ID":"","_":"","Language":"EN"}},"Name":{"Value":"UN number","Language":"EN"}}}]}],"FeatureLogos":[{"LogoPic":"https://inishop.com/img/feature_logo/4-8210.png","Width":"195","Height":"200","Size":"0","ThumbPic":"https://inishop.com/img/feature_logo_thumbs/4-8210.png","FeatureID":"42513","Value":"ENERGY STAR","KeyLogo":0,"Description":{"Value":"ENERGY STAR® is the government-backed symbol for energy efficiency, providing simple, credible, and unbiased information that consumers and businesses rely on to make well-informed decisions. ENERGY STAR is the simple choice for energy efficiency, making it easy for consumers and businesses to purchase products that save them money and protect the environment.","Language":"EN"}},{"LogoPic":"https://inishop.com/img/feature_logo/369-8176.png","Width":"300","Height":"174","Size":"0","ThumbPic":"https://inishop.com/img/feature_logo_thumbs/369-8176.png","FeatureID":"42513","Value":"EPEAT Gold","KeyLogo":1,"Description":{"Value":"The Electronic Product Environmental Assessment Tool (EPEAT) is a global ecolabel for the IT sector. The EPEAT program provides independent verification of manufacturers’ claims and the EPEAT online Registry lists sustainable products from a broader range of manufacturers than any comparable ecolabel. National governments, including the United States, and thousands of private and public institutional purchasers around the world use EPEAT as part of their sustainable procurement decisions. EPEAT helps purchasers, manufacturers, resellers, and others buy and sell environmentally preferable electronic products. EPEAT-registered products must meet environmental performance criteria that address: materials selection, supply chain greenhouse gas emissions reduction, design for circularity and product longevity, energy conservation, end-of-life management and corporate performance. Bronze-rated products meet all of the required criteria in their category. Silver-rated products meet all of the required criteria and at least 50% of the optional criteria, while Gold-rated products meet all of the required criteria and at least 75% of the optional criteria.","Language":"EN"}},{"LogoPic":"https://inishop.com/img/feature_logo/1241-3059.png","Width":"0","Height":"0","Size":"0","ThumbPic":"https://inishop.com/img/feature_logo_thumbs/1241-3059.png","FeatureID":"1230","Value":"y","KeyLogo":2,"Description":{"Value":"DIRECTIVE (EU) 2022/2380 OF THE EUROPEAN PARLIAMENT AND OF THE COUNCIL of 23 November 2022 (Part III)","Language":"EN"}}],"ReasonsToBuy":[],"Reviews":[],"ProductRelated":[{"ID":0,"CategoryID":1637,"Preferred":0,"IcecatID":94781546,"ProductCode":"MLWK3ZM/A","ThumbPic":"","ProductName":"AirPods","Brand":"Apple","BrandID":9,"ProductRelatedLocales":[{"ID":0,"Language":"EN","Preferred":0,"StartDate":"","EndDate":""}]},{"ID":0,"CategoryID":1637,"Preferred":0,"IcecatID":62202327,"ProductCode":"MUFQ2ZM/A","ThumbPic":"","ProductName":"urBeats3","Brand":"Apple","BrandID":9,"ProductRelatedLocales":[{"ID":0,"Language":"EN","Preferred":0,"StartDate":"","EndDate":""}]},{"ID":0,"CategoryID":1637,"Preferred":0,"IcecatID":33259200,"ProductCode":"MMTN2ZM/A","ThumbPic":"","ProductName":"EarPods with Lightning Connector","Brand":"Apple","BrandID":9,"ProductRelatedLocales":[{"ID":0,"Language":"EN","Preferred":0,"StartDate":"","EndDate":""}]}],"CatalogObjectCloud":{},"Variants":[],"ProductStory":[],"Dictionary":{"model_name":"Product name","desc":"Description","ean_code":"EAN/UPC code","flash360":"3D tour","demo_msg_part3":"If you don't have an Icecat account, please register here for free.","repairability_index":"Repairability index","zoom_panel_init":"Original size","cat_name":"Category","product_family":"Product family","back_to_top":"Back to top","zoom_panel_out":"Zoom out","specs":"Specs","eu_product_fiche":"EU Product Fiche","reviews_head_name":"Reviews","pdf_specs":"Product Brochure","zoom_panel_in":"Zoom in","html_content":"","release_date":"Release date","demo_msg_part1":"You are using now a Demo account. Please, use your own Icecat account","demo_insert_desc":"This is a demo of a seamless insert of an Icecat LIVE product data-sheet in your website. Imagine that this responsive data-sheet is included in the product page of your webshop.","pdf_url":"User manual","prod_code":"Product code","supplier_name":"Brand","video":"Video","reasons_to_buy":"Reasons to buy","marketing_text":"Description","options_head_name":"Options","product_series":"Product series","demo_msg_part2":"your Icecat login name","link_integrate_desk":"How to integrate Icecat LIVE JavaScript.","zoom_panel_dragg":"Mouse dragging","eu_energy_label":"EU Energy Label"},"DemoAccount":false}}