{"msg":"OK","data":{"GeneralInfo":{"IcecatId":129437723,"ReleaseDate":"01-04-2025","EndOfLifeDate":"","Title":"Jabra Evolve 30 II Stereo MS USB-C/A","TitleInfo":{"GeneratedIntTitle":"Jabra Evolve 30 II","GeneratedLocalTitle":{"Value":"Jabra Evolve 30 II Headset Wired Head-band Office/Call center USB Type-C / USB Type-A Black","Language":"EN"},"BrandLocalTitle":{"Value":"Jabra Evolve 30 II Stereo MS USB-C/A","Language":"EN"}},"Brand":"Jabra","BrandID":"196","BrandLogo":"https://images.icecat.biz/img/brand/thumb/196_0d6976c5b9fd4276b92e8a3fd022b613.jpg","BrandInfo":{"BrandName":"Jabra","BrandLocalName":"","BrandLogo":"https://images.icecat.biz/img/brand/thumb/196_0d6976c5b9fd4276b92e8a3fd022b613.jpg"},"ProductName":"Jabra Evolve 30 II Stereo MS USB-C/A","ProductNameInfo":{"ProductIntName":"Evolve 30 II","ProductLocalName":{"Value":"Jabra Evolve 30 II Stereo MS USB-C/A","Language":"EN"}},"BrandPartCode":"5399-823-389-01","GTIN":["0706487027096","706487027096"],"Category":{"CategoryID":"1637","Name":{"Value":"Headphones & Headsets","Language":"EN"}},"ProductFamily":{},"ProductSeries":{"SeriesID":"1"},"Description":{"ID":"99927355","LongDesc":"Professional headset with flexible connectivity and great sound for calls and music<br><br>Engineered for flexible connectivity, the Evolve 30 is a corded headset for professionals who want a simple and fast plug-and-play connection to a USB or jack. Features a control unit for easy call management and is certified for Skype for Business, Cisco and more. Comes with leather-feel ear cushions and on-the-ear design for all-day use.","LongProductName":"Jabra Evolve 30 II Stereo MS USB-C/A","MiddleDesc":"Professional headset with flexible connectivity and great sound for calls and music","Disclaimer":"","ManualPDFURL":"","ManualPDFSize":"0","LeafletPDFURL":"","PDFSize":"0","URL":"https://www.jabra.com/en-gb/business/office-headsets/jabra-evolve/jabra-evolve-30#/#5399-823-389-01","WarrantyInfo":"","Updated":"2025-05-08 03:06:15","Language":"EN"},"SummaryDescription":{"ShortSummaryDescription":"Jabra Evolve 30 II Stereo MS USB-C/A, Wired, 150 - 7000 Hz, Office/Call center, 138.2 g, Headset, Black","LongSummaryDescription":"Jabra Evolve 30 II Stereo MS USB-C/A. Product type: Headset. Connectivity technology: Wired. Recommended usage: Office/Call center. Headphone frequency: 150 - 7000 Hz. Cable length: 2.15 m. Weight: 138.2 g. Product colour: Black"},"BulletPoints":{"BulletPointsId":"11740101","Language":"EN","Values":["Stay focused by eliminating distraction in noisy open office environments.","Made for both music and voice with a world-class set of microphones and speakers.","Let you, not the task, decide where you work by either PC based connection via USB control unit or to your smartphone or tablet with the 3.5mm jack.","Each variant has passive noise cancellation as standard to give you protection against high frequency noise.","Discreet boom arm easily tucks into the headband when not in use."],"Updated":"2025-05-08 03:06:22"},"GeneratedBulletPoints":{"Language":"EN","Values":["Black Office/Call center Head-band Headset","Wired USB connectivity","Supraaural 150 - 7000 Hz","Microphone type: Boom"]},"GTINs":[{"GTIN":"0706487027096","IsApproved":true},{"GTIN":"706487027096","IsApproved":true}]},"Image":{"HighPic":"https://images.icecat.biz/img/gallery/4926f57e570b361fa4d8e0764d1c262eeee0c47a.jpg","HighPicSize":"448150","HighPicHeight":"1800","HighPicWidth":"1800","LowPic":"https://images.icecat.biz/img/gallery_lows/c46396466f9df962549c0a1b9da654ecf5bce1ac.jpg","LowPicSize":"11374","LowPicHeight":"200","LowPicWidth":"200","Pic500x500":"https://images.icecat.biz/img/gallery_mediums/da6d8bdb2c0d61676a143e732f4b4482b5bc513b.jpg","Pic500x500Size":"45445","Pic500x500Height":"500","Pic500x500Width":"500","ThumbPic":"https://images.icecat.biz/img/gallery_thumbs/4244da5b4333f1266631ed9a6d2514a07109ba38.jpg","ThumbPicSize":"3165"},"Multimedia":[{"ID":"00000000-0000-0000-0000-000000000000","URL":"https://icecat.biz/rest/product-pdf?productId=129437723&lang=en","Type":"leaflet","ContentType":"application/pdf","KeepAsUrl":"0","Description":"Brochure Jabra 5399-823-389-01","Size":"0","IsPrivate":"0","Updated":"2025-09-09 11:14:24","Language":"EN","IsVideo":0}],"Gallery":[{"ID":"105507618","LowPic":"https://images.icecat.biz/img/gallery_lows/c46396466f9df962549c0a1b9da654ecf5bce1ac.jpg","LowSize":"11374","LowHeight":"200","LowWidth":"200","ThumbPic":"https://images.icecat.biz/img/gallery_thumbs/4244da5b4333f1266631ed9a6d2514a07109ba38.jpg","ThumbPicSize":"3165","Pic":"https://images.icecat.biz/img/gallery/4926f57e570b361fa4d8e0764d1c262eeee0c47a.jpg","Size":"448150","PicHeight":"1800","PicWidth":"1800","Pic500x500":"https://images.icecat.biz/img/gallery_mediums/da6d8bdb2c0d61676a143e732f4b4482b5bc513b.jpg","Pic500x500Size":"45445","Pic500x500Height":"500","Pic500x500Width":"500","No":"1","IsMain":"Y","Updated":"2025-05-17 02:41:28","IsPrivate":"0","Type":"ProductImage","Attributes":{"OriginalFileName":""}},{"ID":"105507617","LowPic":"https://images.icecat.biz/img/gallery_lows/b75e5dfa694c19c3195968b47ffe27643c3726e7.jpg","LowSize":"10424","LowHeight":"200","LowWidth":"200","ThumbPic":"https://images.icecat.biz/img/gallery_thumbs/96fc176b4b581afec2d2979c706d886920cf45b0.jpg","ThumbPicSize":"3173","Pic":"https://images.icecat.biz/img/gallery/faffea42ff3578564c7e608a573effb0d9f52ff1.jpg","Size":"334556","PicHeight":"1800","PicWidth":"1800","Pic500x500":"https://images.icecat.biz/img/gallery_mediums/f6e3dee6966601f559dc9c4623db8dd5509a5beb.jpg","Pic500x500Size":"38257","Pic500x500Height":"500","Pic500x500Width":"500","No":"2","IsMain":"N","Updated":"2025-05-17 02:41:28","IsPrivate":"0","Type":"ProductImage","Attributes":{"OriginalFileName":""}},{"ID":"105507619","LowPic":"https://images.icecat.biz/img/gallery_lows/e37049fa64e32ad448e9994a520a21da1d515ef6.jpg","LowSize":"9349","LowHeight":"200","LowWidth":"200","ThumbPic":"https://images.icecat.biz/img/gallery_thumbs/13dd2190be0e2cb82a8a23fd39ddff3ec1586599.jpg","ThumbPicSize":"2556","Pic":"https://images.icecat.biz/img/gallery/df7d3a6373532c6d5d8dd145a59d947107abba03.jpg","Size":"352510","PicHeight":"1950","PicWidth":"1950","Pic500x500":"https://images.icecat.biz/img/gallery_mediums/566730f8cb541d191916ea5fa591571352fcf1ad.jpg","Pic500x500Size":"35182","Pic500x500Height":"500","Pic500x500Width":"500","No":"3","IsMain":"N","Updated":"2025-05-08 03:06:34","IsPrivate":"0","Type":"ProductImage","Attributes":{"OriginalFileName":""}}],"FeaturesGroups":[{"ID":10774,"SortNo":"60","FeatureGroup":{"ID":"184","Name":{"Value":"Performance","Language":"EN"}},"Features":[{"Localized":0,"ID":776126707,"LocalID":0,"Type":"dropdown","Value":"Headset","CategoryFeatureId":"320952","CategoryFeatureGroupID":"10774","SortNo":"300","PresentationValue":"Headset","RawValue":"Headset","LocalValue":"Headset","Description":"The sub-category of the product.","Mandatory":"1","Searchable":"1","Optional":"0","Feature":{"ID":"14052","Sign":"","Measure":{"ID":"29","Sign":"","Signs":{"ID":"","_":"","Language":"EN"}},"Name":{"Value":"Product type","Language":"EN"}}},{"Localized":0,"ID":777853657,"LocalID":0,"Type":"dropdown","Value":"Head-band","CategoryFeatureId":"48583","CategoryFeatureGroupID":"10774","SortNo":"294","PresentationValue":"Head-band","RawValue":"Head-band","LocalValue":"Head-band","Description":"The way in which the device is worn.","Mandatory":"1","Searchable":"1","Optional":"0","Feature":{"ID":"8136","Sign":"","Measure":{"ID":"29","Sign":"","Signs":{"ID":"","_":"","Language":"EN"}},"Name":{"Value":"Wearing style","Language":"EN"}}},{"Localized":0,"ID":777853658,"LocalID":0,"Type":"dropdown","Value":"Office/Call center","CategoryFeatureId":"320937","CategoryFeatureGroupID":"10774","SortNo":"291","PresentationValue":"Office/Call center","RawValue":"Office/Call center","LocalValue":"Office/Call center","Description":"What the product should be used for, and how it should be used (e.g. ambient temperature).","Mandatory":"1","Searchable":"1","Optional":"0","Feature":{"ID":"8480","Sign":"","Measure":{"ID":"29","Sign":"","Signs":{"ID":"","_":"","Language":"EN"}},"Name":{"Value":"Recommended usage","Language":"EN"}}},{"Localized":0,"ID":777853656,"LocalID":0,"Type":"dropdown","Value":"Binaural","CategoryFeatureId":"48578","CategoryFeatureGroupID":"10774","SortNo":"288","PresentationValue":"Binaural","RawValue":"Binaural","LocalValue":"Binaural","Description":"A headset is headphones combined with a microphone, or one headphone with a microphone. Headsets provide the equivalent functionality of a telephone handset but with hands-free operation. Types of headsets include single earpiece (monaural) and double earpiece.","Mandatory":"0","Searchable":"0","Optional":"0","Feature":{"ID":"8135","Sign":"","Measure":{"ID":"29","Sign":"","Signs":{"ID":"","_":"","Language":"EN"}},"Name":{"Value":"Headset type","Language":"EN"}}},{"Localized":0,"ID":777853647,"LocalID":0,"Type":"multi_dropdown","Value":"Black","CategoryFeatureId":"41175","CategoryFeatureGroupID":"10774","SortNo":"280","PresentationValue":"Black","RawValue":"Black","LocalValue":"Black","Description":"The colour e.g. red, blue, green, black, white.","Mandatory":"1","Searchable":"0","Optional":"0","Feature":{"ID":"1766","Sign":"","Measure":{"ID":"29","Sign":"","Signs":{"ID":"","_":"","Language":"EN"}},"Name":{"Value":"Product colour","Language":"EN"}}},{"Localized":0,"ID":777853641,"LocalID":0,"Type":"numerical","Value":"2.15","CategoryFeatureId":"42582","CategoryFeatureGroupID":"10774","SortNo":"270","PresentationValue":"2.15 m","RawValue":"2.15","LocalValue":"2.15","Description":"How long the cable is.","Mandatory":"0","Searchable":"0","Optional":"0","Feature":{"ID":"1266","Sign":"","Measure":{"ID":"54","Sign":"","Signs":{"ID":"37","_":"m","Language":"EN"}},"Name":{"Value":"Cable length","Language":"EN"}}},{"Localized":0,"ID":777853671,"LocalID":0,"Type":"dropdown","Value":"Black","CategoryFeatureId":"238759","CategoryFeatureGroupID":"10774","SortNo":"269","PresentationValue":"Black","RawValue":"Black","LocalValue":"Black","Description":"Colour of the cable e.g. white, gray.","Mandatory":"0","Searchable":"0","Optional":"0","Feature":{"ID":"1272","Sign":"","Measure":{"ID":"29","Sign":"","Signs":{"ID":"","_":"","Language":"EN"}},"Name":{"Value":"Cable colour","Language":"EN"}}},{"Localized":0,"ID":777853670,"LocalID":0,"Type":"text","Value":"MS","CategoryFeatureId":"684709","CategoryFeatureGroupID":"10774","SortNo":"0","PresentationValue":"MS","RawValue":"MS","LocalValue":"MS","Description":"","Mandatory":"0","Searchable":"0","Optional":"0","Feature":{"ID":"12041","Sign":"","Measure":{"ID":"29","Sign":"","Signs":{"ID":"","_":"","Language":"EN"}},"Name":{"Value":"Optimized for","Language":"EN"}}},{"Localized":0,"ID":777853672,"LocalID":0,"Type":"multi_dropdown","Value":"Jabra SafeTone","CategoryFeatureId":"803802","CategoryFeatureGroupID":"10774","SortNo":"0","PresentationValue":"Jabra SafeTone","RawValue":"Jabra SafeTone","LocalValue":"Jabra SafeTone","Description":"","Mandatory":"0","Searchable":"0","Optional":"0","Feature":{"ID":"44222","Sign":"","Measure":{"ID":"29","Sign":"","Signs":{"ID":"","_":"","Language":"EN"}},"Name":{"Value":"Hearing protection technologies","Language":"EN"}}},{"Localized":0,"ID":777853673,"LocalID":0,"Type":"y_n","Value":"Y","CategoryFeatureId":"803887","CategoryFeatureGroupID":"10774","SortNo":"0","PresentationValue":"Yes","RawValue":"Y","LocalValue":"Yes","Description":"","Mandatory":"0","Searchable":"0","Optional":"0","Feature":{"ID":"17581","Sign":"","Measure":{"ID":"26","Sign":"","Signs":{"ID":"","_":"","Language":"EN"}},"Name":{"Value":"Music playback","Language":"EN"}}},{"Localized":0,"ID":777853667,"LocalID":0,"Type":"y_n","Value":"Y","CategoryFeatureId":"949600","CategoryFeatureGroupID":"10774","SortNo":"0","PresentationValue":"Yes","RawValue":"Y","LocalValue":"Yes","Description":"","Mandatory":"0","Searchable":"0","Optional":"0","Feature":{"ID":"25604","Sign":"","Measure":{"ID":"26","Sign":"","Signs":{"ID":"","_":"","Language":"EN"}},"Name":{"Value":"Suitable for indoor use","Language":"EN"}}},{"Localized":0,"ID":777853674,"LocalID":0,"Type":"dropdown","Value":"Adult","CategoryFeatureId":"949603","CategoryFeatureGroupID":"10774","SortNo":"0","PresentationValue":"Adult","RawValue":"Adult","LocalValue":"Adult","Description":"The age, or age range, which this product is suitable for. Normally this is a minimum age.","Mandatory":"0","Searchable":"0","Optional":"0","Feature":{"ID":"14712","Sign":"","Measure":{"ID":"29","Sign":"","Signs":{"ID":"","_":"","Language":"EN"}},"Name":{"Value":"Recommended age group","Language":"EN"}}},{"Localized":0,"ID":777853675,"LocalID":0,"Type":"dropdown","Value":"Boy/Girl","CategoryFeatureId":"949604","CategoryFeatureGroupID":"10774","SortNo":"0","PresentationValue":"Boy/Girl","RawValue":"Boy/Girl","LocalValue":"Boy/Girl","Description":"For which gender the product is recommended.","Mandatory":"0","Searchable":"0","Optional":"0","Feature":{"ID":"20690","Sign":"","Measure":{"ID":"29","Sign":"","Signs":{"ID":"","_":"","Language":"EN"}},"Name":{"Value":"Suggested gender","Language":"EN"}}},{"Localized":0,"ID":777853638,"LocalID":0,"Type":"y_n","Value":"Y","CategoryFeatureId":"75397","CategoryFeatureGroupID":"10774","SortNo":"-25","PresentationValue":"Yes","RawValue":"Y","LocalValue":"Yes","Description":"Indicates whether this product supports is \"plug and play\". Plug and play is  hardware or software that, after being installed (\"plugged in\"), can immediately be used (\"played with\"), as opposed to hardware or software which requires configuration.","Mandatory":"0","Searchable":"0","Optional":"0","Feature":{"ID":"775","Sign":"","Measure":{"ID":"26","Sign":"","Signs":{"ID":"","_":"","Language":"EN"}},"Name":{"Value":"Plug and Play","Language":"EN"}}}]},{"ID":6264,"SortNo":"40","FeatureGroup":{"ID":"12","Name":{"Value":"Ports & interfaces","Language":"EN"}},"Features":[{"Localized":0,"ID":777853645,"LocalID":0,"Type":"dropdown","Value":"Wired","CategoryFeatureId":"155712","CategoryFeatureGroupID":"6264","SortNo":"298","PresentationValue":"Wired","RawValue":"Wired","LocalValue":"Wired","Description":"The technology that enables connectivity of the device, e.g. wired or wireless.","Mandatory":"1","Searchable":"1","Optional":"0","Feature":{"ID":"1655","Sign":"","Measure":{"ID":"29","Sign":"","Signs":{"ID":"","_":"","Language":"EN"}},"Name":{"Value":"Connectivity technology","Language":"EN"}}},{"Localized":0,"ID":777853659,"LocalID":0,"Type":"y_n","Value":"Y","CategoryFeatureId":"199416","CategoryFeatureGroupID":"6264","SortNo":"288","PresentationValue":"Yes","RawValue":"Y","LocalValue":"Yes","Description":"The product has USB connector.","Mandatory":"0","Searchable":"0","Optional":"0","Feature":{"ID":"10496","Sign":"","Measure":{"ID":"26","Sign":"","Signs":{"ID":"","_":"","Language":"EN"}},"Name":{"Value":"USB connectivity","Language":"EN"}}},{"Localized":0,"ID":777853661,"LocalID":0,"Type":"dropdown","Value":"USB Type-C / USB Type-A","CategoryFeatureId":"199417","CategoryFeatureGroupID":"6264","SortNo":"287","PresentationValue":"USB Type-C / USB Type-A","RawValue":"USB Type-C / USB Type-A","LocalValue":"USB Type-C / USB Type-A","Description":"What type of USB connector is built into the device.","Mandatory":"0","Searchable":"0","Optional":"0","Feature":{"ID":"26352","Sign":"","Measure":{"ID":"29","Sign":"","Signs":{"ID":"","_":"","Language":"EN"}},"Name":{"Value":"USB connector","Language":"EN"}}},{"Localized":0,"ID":777853677,"LocalID":0,"Type":"range","Value":"20 - 20000","CategoryFeatureId":"801347","CategoryFeatureGroupID":"6264","SortNo":"8","PresentationValue":"20 - 20000 Hz","RawValue":"20 - 20000","LocalValue":"20 - 20000","Description":"","Mandatory":"0","Searchable":"0","Optional":"0","Feature":{"ID":"44083","Sign":"","Measure":{"ID":"36","Sign":"","Signs":{"ID":"20","_":"Hz","Language":"EN"}},"Name":{"Value":"Frequency response (music mode)","Language":"EN"}}},{"Localized":0,"ID":777853678,"LocalID":0,"Type":"range","Value":"150 - 7000","CategoryFeatureId":"801348","CategoryFeatureGroupID":"6264","SortNo":"8","PresentationValue":"150 - 7000 Hz","RawValue":"150 - 7000","LocalValue":"150 - 7000","Description":"","Mandatory":"0","Searchable":"0","Optional":"0","Feature":{"ID":"44084","Sign":"","Measure":{"ID":"36","Sign":"","Signs":{"ID":"20","_":"Hz","Language":"EN"}},"Name":{"Value":"Frequency response (talk mode)","Language":"EN"}}}]},{"ID":5109,"SortNo":"30","FeatureGroup":{"ID":"71","Name":{"Value":"Headphones","Language":"EN"}},"Features":[{"Localized":0,"ID":777853676,"LocalID":0,"Type":"numerical","Value":"10","CategoryFeatureId":"117604","CategoryFeatureGroupID":"5109","SortNo":"400","PresentationValue":"10 mW","RawValue":"10","LocalValue":"10","Description":"","Mandatory":"0","Searchable":"0","Optional":"0","Feature":{"ID":"9716","Sign":"","Measure":{"ID":"135","Sign":"","Signs":{"ID":"116","_":"mW","Language":"EN"}},"Name":{"Value":"Maximum input power","Language":"EN"}}},{"Localized":0,"ID":777853651,"LocalID":0,"Type":"dropdown","Value":"Supraaural","CategoryFeatureId":"42691","CategoryFeatureGroupID":"5109","SortNo":"50","PresentationValue":"Supraaural","RawValue":"Supraaural","LocalValue":"Supraaural","Description":"Ear coupling describes the way in which headphones or earphones stay attached to, or inside, the ear. There are three common types of ear coupling: circumaural, supra-aural and intra-aural. Circumaural headphones enclose your ears with large pads that suppress external noise. Supra-aural headphones are typically more lightweight and sit on top of the ears with small pads. Intra-aural headphones come in two basic designs and neither style sits on the head itself. The first are ear buds, which sit just outside of the ear canal, on top of your ear lobes. The second type is actually inserted directly into the ear canal and offers some external noise suppression.","Mandatory":"1","Searchable":"0","Optional":"0","Feature":{"ID":"2527","Sign":"","Measure":{"ID":"29","Sign":"","Signs":{"ID":"","_":"","Language":"EN"}},"Name":{"Value":"Ear coupling","Language":"EN"}}},{"Localized":0,"ID":777853648,"LocalID":0,"Type":"range","Value":"150 - 7000","CategoryFeatureId":"41166","CategoryFeatureGroupID":"5109","SortNo":"47","PresentationValue":"150 - 7000 Hz","RawValue":"150 - 7000","LocalValue":"150 - 7000","Description":"The range of frequencies (low to high sounds) that the headphones can produce.","Mandatory":"0","Searchable":"0","Optional":"0","Feature":{"ID":"1887","Sign":"","Measure":{"ID":"36","Sign":"","Signs":{"ID":"20","_":"Hz","Language":"EN"}},"Name":{"Value":"Headphone frequency","Language":"EN"}}},{"Localized":0,"ID":777853650,"LocalID":0,"Type":"numerical","Value":"28","CategoryFeatureId":"41164","CategoryFeatureGroupID":"5109","SortNo":"30","PresentationValue":"2.8 cm","RawValue":"28","LocalValue":"2.8","Description":"","Mandatory":"0","Searchable":"0","Optional":"0","Feature":{"ID":"2379","Sign":"","Measure":{"ID":"24","Sign":"","Signs":{"ID":"3","_":"mm","Language":"EN"}},"Name":{"Value":"Driver unit","Language":"EN"}}}]},{"ID":5110,"SortNo":"28","FeatureGroup":{"ID":"70","Name":{"Value":"Microphone","Language":"EN"}},"Features":[{"Localized":0,"ID":777853660,"LocalID":0,"Type":"dropdown","Value":"Boom microphone","CategoryFeatureId":"320987","CategoryFeatureGroupID":"5110","SortNo":"297","PresentationValue":"Boom","RawValue":"Boom microphone","LocalValue":"Boom","Description":"The characteristics of the microphone bulit into the device in terms of the reception of signals from all or just one direction, i.e. omnidirectional (better for concerts and the like vs unidirectional, more suitable for voice recording.","Mandatory":"1","Searchable":"1","Optional":"0","Feature":{"ID":"15803","Sign":"","Measure":{"ID":"29","Sign":"","Signs":{"ID":"","_":"","Language":"EN"}},"Name":{"Value":"Microphone type","Language":"EN"}}},{"Localized":0,"ID":777853679,"LocalID":0,"Type":"dropdown","Value":"Unidirectional microphone","CategoryFeatureId":"109186","CategoryFeatureGroupID":"5110","SortNo":"0","PresentationValue":"Unidirectional","RawValue":"Unidirectional microphone","LocalValue":"Unidirectional","Description":"","Mandatory":"0","Searchable":"0","Optional":"0","Feature":{"ID":"2458","Sign":"","Measure":{"ID":"29","Sign":"","Signs":{"ID":"","_":"","Language":"EN"}},"Name":{"Value":"Microphone direction type","Language":"EN"}}},{"Localized":0,"ID":777853662,"LocalID":0,"Type":"y_n","Value":"Y","CategoryFeatureId":"927757","CategoryFeatureGroupID":"5110","SortNo":"0","PresentationValue":"Yes","RawValue":"Y","LocalValue":"Yes","Description":"","Mandatory":"0","Searchable":"0","Optional":"0","Feature":{"ID":"46049","Sign":"","Measure":{"ID":"26","Sign":"","Signs":{"ID":"","_":"","Language":"EN"}},"Name":{"Value":"Microphone noise-canceling","Language":"EN"}}}]},{"ID":5114,"SortNo":"16","FeatureGroup":{"ID":"8","Name":{"Value":"System requirements","Language":"EN"}},"Features":[{"Localized":0,"ID":777853681,"LocalID":0,"Type":"multi_dropdown","Value":"Y","CategoryFeatureId":"48595","CategoryFeatureGroupID":"5114","SortNo":"10","PresentationValue":"Yes","RawValue":"Y","LocalValue":"Yes","Description":"Windows vesions wich can be used with the device.","Mandatory":"0","Searchable":"0","Optional":"0","Feature":{"ID":"7986","Sign":"","Measure":{"ID":"29","Sign":"","Signs":{"ID":"","_":"","Language":"EN"}},"Name":{"Value":"Windows operating systems supported","Language":"EN"}}}]},{"ID":33260,"SortNo":"11","FeatureGroup":{"ID":"28","Name":{"Value":"Operational conditions","Language":"EN"}},"Features":[{"Localized":0,"ID":777853639,"LocalID":0,"Type":"range","Value":"-10 - 50","CategoryFeatureId":"48590","CategoryFeatureGroupID":"33260","SortNo":"10","PresentationValue":"-10 - 50 °C","RawValue":"-10 - 50","LocalValue":"-10 - 50","Description":"The minimum and maximum temperatures at which the product can be safely operated.","Mandatory":"0","Searchable":"0","Optional":"0","Feature":{"ID":"1112","Sign":"","Measure":{"ID":"65","Sign":"","Signs":{"ID":"48","_":"°C","Language":"EN"}},"Name":{"Value":"Operating temperature (T-T)","Language":"EN"}}},{"Localized":0,"ID":777853637,"LocalID":0,"Type":"range","Value":"-30 - 80","CategoryFeatureId":"48591","CategoryFeatureGroupID":"33260","SortNo":"5","PresentationValue":"-30 - 80 °C","RawValue":"-30 - 80","LocalValue":"-30 - 80","Description":"The minimum and maximum temperatures at which the product can be safely stored.","Mandatory":"0","Searchable":"0","Optional":"0","Feature":{"ID":"757","Sign":"","Measure":{"ID":"65","Sign":"","Signs":{"ID":"48","_":"°C","Language":"EN"}},"Name":{"Value":"Storage temperature (T-T)","Language":"EN"}}}]},{"ID":5112,"SortNo":"8","FeatureGroup":{"ID":"14","Name":{"Value":"Weight & dimensions","Language":"EN"}},"Features":[{"Localized":0,"ID":777853643,"LocalID":0,"Type":"numerical","Value":"170.4","CategoryFeatureId":"43302","CategoryFeatureGroupID":"5112","SortNo":"50","PresentationValue":"170.4 mm","RawValue":"170.4","LocalValue":"170.4","Description":"The measurement or extent of something from side to side.","Mandatory":"0","Searchable":"0","Optional":"0","Feature":{"ID":"1649","Sign":"","Measure":{"ID":"24","Sign":"","Signs":{"ID":"3","_":"mm","Language":"EN"}},"Name":{"Value":"Width","Language":"EN"}}},{"Localized":0,"ID":777853644,"LocalID":0,"Type":"numerical","Value":"59.5","CategoryFeatureId":"43235","CategoryFeatureGroupID":"5112","SortNo":"49","PresentationValue":"59.5 mm","RawValue":"59.5","LocalValue":"59.5","Description":"The distance from the front to the back of something.","Mandatory":"0","Searchable":"0","Optional":"0","Feature":{"ID":"1650","Sign":"","Measure":{"ID":"24","Sign":"","Signs":{"ID":"3","_":"mm","Language":"EN"}},"Name":{"Value":"Depth","Language":"EN"}}},{"Localized":0,"ID":777853642,"LocalID":0,"Type":"numerical","Value":"151.2","CategoryFeatureId":"43257","CategoryFeatureGroupID":"5112","SortNo":"48","PresentationValue":"151.2 mm","RawValue":"151.2","LocalValue":"151.2","Description":"The measurement of the product from head to foot or from base to top.","Mandatory":"0","Searchable":"0","Optional":"0","Feature":{"ID":"1464","Sign":"","Measure":{"ID":"24","Sign":"","Signs":{"ID":"3","_":"mm","Language":"EN"}},"Name":{"Value":"Height","Language":"EN"}}},{"Localized":0,"ID":777853636,"LocalID":0,"Type":"numerical","Value":"138.2","CategoryFeatureId":"41172","CategoryFeatureGroupID":"5112","SortNo":"47","PresentationValue":"138.2 g","RawValue":"138.2","LocalValue":"138.2","Description":"Weight of the product without packaging (net weight). If possible, the net weight is given including standard accessories and supplies. Please note that sometimes the manufacturer leaves out the weight of accessories and/or supplies.","Mandatory":"0","Searchable":"0","Optional":"0","Feature":{"ID":"94","Sign":"","Measure":{"ID":"38","Sign":"","Signs":{"ID":"22","_":"g","Language":"EN"}},"Name":{"Value":"Weight","Language":"EN"}}}]},{"ID":5225,"SortNo":"7","FeatureGroup":{"ID":"67","Name":{"Value":"Packaging data","Language":"EN"}},"Features":[{"Localized":0,"ID":777853654,"LocalID":0,"Type":"numerical","Value":"255","CategoryFeatureId":"43281","CategoryFeatureGroupID":"5225","SortNo":"-11","PresentationValue":"255 mm","RawValue":"255","LocalValue":"255","Description":"The distance from one side of the packaging to the other.","Mandatory":"0","Searchable":"0","Optional":"0","Feature":{"ID":"3808","Sign":"","Measure":{"ID":"24","Sign":"","Signs":{"ID":"3","_":"mm","Language":"EN"}},"Name":{"Value":"Package width","Language":"EN"}}},{"Localized":0,"ID":777853652,"LocalID":0,"Type":"numerical","Value":"35","CategoryFeatureId":"43275","CategoryFeatureGroupID":"5225","SortNo":"-12","PresentationValue":"35 mm","RawValue":"35","LocalValue":"35","Description":"The distance from the front to the back of the packaging.","Mandatory":"0","Searchable":"0","Optional":"0","Feature":{"ID":"3806","Sign":"","Measure":{"ID":"24","Sign":"","Signs":{"ID":"3","_":"mm","Language":"EN"}},"Name":{"Value":"Package depth","Language":"EN"}}},{"Localized":0,"ID":777853653,"LocalID":0,"Type":"numerical","Value":"190","CategoryFeatureId":"43276","CategoryFeatureGroupID":"5225","SortNo":"-13","PresentationValue":"190 mm","RawValue":"190","LocalValue":"190","Description":"The distance from the top to the bottom of the packaging.","Mandatory":"0","Searchable":"0","Optional":"0","Feature":{"ID":"3807","Sign":"","Measure":{"ID":"24","Sign":"","Signs":{"ID":"3","_":"mm","Language":"EN"}},"Name":{"Value":"Package height","Language":"EN"}}}]},{"ID":12861,"SortNo":"6","FeatureGroup":{"ID":"116","Name":{"Value":"Packaging content","Language":"EN"}},"Features":[{"Localized":0,"ID":777853640,"LocalID":0,"Type":"y_n","Value":"N","CategoryFeatureId":"255783","CategoryFeatureGroupID":"12861","SortNo":"15","PresentationValue":"No","RawValue":"N","LocalValue":"No","Description":"","Mandatory":"1","Searchable":"0","Optional":"0","Feature":{"ID":"1230","Sign":"","Measure":{"ID":"26","Sign":"","Signs":{"ID":"","_":"","Language":"EN"}},"Name":{"Value":"AC adapter included","Language":"EN"}}},{"Localized":0,"ID":777853655,"LocalID":0,"Type":"y_n","Value":"Y","CategoryFeatureId":"48597","CategoryFeatureGroupID":"12861","SortNo":"12","PresentationValue":"Yes","RawValue":"Y","LocalValue":"Yes","Description":"Instructions, either online, as a computer program or in paper form, to allow you to set up and start using the product quickly.","Mandatory":"0","Searchable":"0","Optional":"0","Feature":{"ID":"3981","Sign":"","Measure":{"ID":"26","Sign":"","Signs":{"ID":"","_":"","Language":"EN"}},"Name":{"Value":"Quick start guide","Language":"EN"}}},{"Localized":0,"ID":777853646,"LocalID":0,"Type":"numerical","Value":"1","CategoryFeatureId":"82142","CategoryFeatureGroupID":"12861","SortNo":"-5","PresentationValue":"1","RawValue":"1","LocalValue":"1","Description":"The number of products there are.","Mandatory":"0","Searchable":"0","Optional":"0","Feature":{"ID":"1675","Sign":"","Measure":{"ID":"29","Sign":"","Signs":{"ID":"","_":"","Language":"EN"}},"Name":{"Value":"Quantity","Language":"EN"}}}]},{"ID":10775,"SortNo":"0","FeatureGroup":{"ID":"0","Name":{"Value":"Technical details","Language":"EN"}},"Features":[{"Localized":0,"ID":777853665,"LocalID":0,"Type":"numerical","Value":"2","CategoryFeatureId":"921250","CategoryFeatureGroupID":"10775","SortNo":"0","PresentationValue":"2 year(s)","RawValue":"2","LocalValue":"2","Description":"","Mandatory":"0","Searchable":"0","Optional":"0","Feature":{"ID":"45898","Sign":"","Measure":{"ID":"75","Sign":"","Signs":{"ID":"58","_":"year(s)","Language":"EN"}},"Name":{"Value":"Warranty period","Language":"EN"}}}]},{"ID":12862,"SortNo":"0","FeatureGroup":{"ID":"27","Name":{"Value":"Power","Language":"EN"}},"Features":[{"Localized":0,"ID":777853682,"LocalID":0,"Type":"y_n","Value":"N","CategoryFeatureId":"974955","CategoryFeatureGroupID":"12862","SortNo":"0","PresentationValue":"No","RawValue":"N","LocalValue":"No","Description":"","Mandatory":"1","Searchable":"0","Optional":"0","Feature":{"ID":"48505","Sign":"","Measure":{"ID":"26","Sign":"","Signs":{"ID":"","_":"","Language":"EN"}},"Name":{"Value":"USB Type-C charging port","Language":"EN"}}},{"Localized":0,"ID":835244873,"LocalID":0,"Type":"y_n","Value":"N","CategoryFeatureId":"974956","CategoryFeatureGroupID":"12862","SortNo":"0","PresentationValue":"No","RawValue":"N","LocalValue":"No","Description":"","Mandatory":"0","Searchable":"0","Optional":"0","Feature":{"ID":"34351","Sign":"","Measure":{"ID":"26","Sign":"","Signs":{"ID":"","_":"","Language":"EN"}},"Name":{"Value":"USB Power Delivery (USB PD)","Language":"EN"}}}]}],"FeatureLogos":[{"LogoPic":"https://images.icecat.biz/img/feature_logo/1242-3899.png","Width":"0","Height":"0","Size":"0","ThumbPic":"https://images.icecat.biz/img/feature_logo_thumbs/1242-3899.png","FeatureID":"1230","Value":"N","KeyLogo":0,"Description":{"Value":"DIRECTIVE (EU) 2022/2380 OF THE EUROPEAN PARLIAMENT AND OF THE COUNCIL of 23 November 2022 (Part III)","Language":"EN"}}],"ReasonsToBuy":[{"ReasonToBuyID":"85545853","Value":"Connect using USB or jack","HighPic":"","HighPicSize":"0","No":"25","Title":"Flexible connectivity","Language":"EN","Updated":"2025-05-08 03:06:28","Origin":"RTB","IsPrivate":"0"},{"ReasonToBuyID":"85545856","Value":"Call control unit makes it simple to make, take and mute calls","HighPic":"","HighPicSize":"0","No":"26","Title":"Manage calls easily","Language":"EN","Updated":"2025-05-08 03:06:28","Origin":"RTB","IsPrivate":"0"},{"ReasonToBuyID":"85545858","Value":"USB and jack connectivity allows for quick and easy set-up","HighPic":"","HighPicSize":"0","No":"27","Title":"Plug and Play connectivity","Language":"EN","Updated":"2025-05-08 03:06:28","Origin":"RTB","IsPrivate":"0"},{"ReasonToBuyID":"85545860","Value":"Leather-feel ear cushions and on-the-ear design for all-day use","HighPic":"","HighPicSize":"0","No":"28","Title":"All-day comfort","Language":"EN","Updated":"2025-05-08 03:06:28","Origin":"RTB","IsPrivate":"0"},{"ReasonToBuyID":"85545862","Value":"Certified for Skype for Business, Cisco and more","HighPic":"","HighPicSize":"0","No":"29","Title":"Works with all leading UC platforms","Language":"EN","Updated":"2025-05-08 03:06:28","Origin":"RTB","IsPrivate":"0"}],"Reviews":[],"ProductRelated":[{"ID":326774445,"CategoryID":1637,"Preferred":0,"IcecatID":33490518,"ProductCode":"14401-21","ThumbPic":"","ProductName":"Jabra Evolve 30 II Replacement Headset Stereo","Brand":"Jabra","BrandID":196,"ProductRelatedLocales":[{"ID":0,"Language":"EN","Preferred":0,"StartDate":"","EndDate":""}]},{"ID":326774446,"CategoryID":2265,"Preferred":0,"IcecatID":80155606,"ProductCode":"14208-35","ThumbPic":"","ProductName":"Jabra Evolve 30 II Link MS USB-C","Brand":"Jabra","BrandID":196,"ProductRelatedLocales":[{"ID":0,"Language":"EN","Preferred":0,"StartDate":"","EndDate":""}]},{"ID":326774444,"CategoryID":2265,"Preferred":0,"IcecatID":24876520,"ProductCode":"14101-47","ThumbPic":"","ProductName":"Neoprene Pouch, EVOLVE 20-65","Brand":"Jabra","BrandID":196,"ProductRelatedLocales":[{"ID":0,"Language":"EN","Preferred":0,"StartDate":"","EndDate":""}]},{"ID":326774443,"CategoryID":2265,"Preferred":0,"IcecatID":24876519,"ProductCode":"14101-46","ThumbPic":"","ProductName":"Leather Ear Cushion, Evolve 20SE/30/30II/40/65/65SE","Brand":"Jabra","BrandID":196,"ProductRelatedLocales":[{"ID":0,"Language":"EN","Preferred":0,"StartDate":"","EndDate":""}]}],"CatalogObjectCloud":{},"Variants":[],"ProductStory":[],"Dictionary":{"model_name":"Product name","desc":"Description","ean_code":"EAN/UPC code","flash360":"3D tour","demo_msg_part3":"If you don't have an Icecat account, please register here for free.","repairability_index":"Repairability index","zoom_panel_init":"Original size","cat_name":"Category","product_family":"Product family","back_to_top":"Back to top","zoom_panel_out":"Zoom out","specs":"Specs","eu_product_fiche":"EU Product Fiche","reviews_head_name":"Reviews","pdf_specs":"Product Brochure","zoom_panel_in":"Zoom in","html_content":"","release_date":"Release date","demo_msg_part1":"You are using now a Demo account. Please, use your own Icecat account","demo_insert_desc":"This is a demo of a seamless insert of an Icecat LIVE product data-sheet in your website. Imagine that this responsive data-sheet is included in the product page of your webshop.","pdf_url":"User manual","prod_code":"Product code","supplier_name":"Brand","video":"Video","reasons_to_buy":"Reasons to buy","marketing_text":"Description","options_head_name":"Options","product_series":"Product series","demo_msg_part2":"your Icecat login name","link_integrate_desk":"How to integrate Icecat LIVE JavaScript.","zoom_panel_dragg":"Mouse dragging","eu_energy_label":"EU Energy Label"},"DemoAccount":true}}