{"msg":"OK","data":{"GeneralInfo":{"IcecatId":125095746,"ReleaseDate":"","EndOfLifeDate":"","Title":"Philips 27B2N3500J/00 computer monitor 68.6 cm (27\") 2560 x 1440 pixels 2K LCD Black","TitleInfo":{"GeneratedIntTitle":"Philips 27B2N3500J/00 computer monitor","GeneratedLocalTitle":{"Value":"Philips 27B2N3500J/00 computer monitor 68.6 cm (27\") 2560 x 1440 pixels 2K LCD Black","Language":"EN"},"BrandLocalTitle":{"Value":"","Language":"EN"}},"Brand":"Philips","BrandID":"25","BrandLogo":"https://images.icecat.biz/img/brand/thumb/25_c26c0239c23244eaaccd8bb3e8990a9e.jpg","BrandInfo":{"BrandName":"Philips","BrandLocalName":"","BrandLogo":"https://images.icecat.biz/img/brand/thumb/25_c26c0239c23244eaaccd8bb3e8990a9e.jpg"},"ProductName":"27B2N3500J/00","ProductNameInfo":{"ProductIntName":"27B2N3500J/00","ProductLocalName":{"Value":"","Language":"EN"}},"BrandPartCode":"27B2N3500J/00","GTIN":["8721038002294"],"Category":{"CategoryID":"222","Name":{"Value":"Computer Monitors","Language":"EN"}},"ProductFamily":{},"ProductSeries":{"SeriesID":"0"},"Description":{"ID":"100445948","LongDesc":"Speed through daily tasks in comfort with this monitor's SoftBlue technology, Quad HD resolution, and 120Hz refresh rate. Not to mention, SmartErgoBase adds an ergonomic touch to the monitor's feature list.","LongProductName":"Business Monitor 27B2N3500J LCD monitor","MiddleDesc":"","Disclaimer":"","ManualPDFURL":"https://objects.icecat.biz/objects/mmo_125095746_1748754346_5555_867588.pdf","ManualPDFSize":"3371612","LeafletPDFURL":"","PDFSize":"0","URL":"https://mmdmonitors.com/","WarrantyInfo":"","Updated":"2025-08-24 22:45:04","Language":"EN"},"SummaryDescription":{"ShortSummaryDescription":"Philips 27B2N3500J/00, 68.6 cm (27\"), 2560 x 1440 pixels, 2K, LCD, 4 ms, Black","LongSummaryDescription":"Philips 27B2N3500J/00. Display diagonal: 68.6 cm (27\"), Display resolution: 2560 x 1440 pixels, HD type: 2K, Display technology: LCD, Response time: 4 ms, Native aspect ratio: 16:9, Viewing angle, horizontal: 178°, Viewing angle, vertical: 178°. Built-in speaker(s). Built-in USB hub, USB hub version: 3.2 Gen 1 (3.1 Gen 1). VESA mounting, Height adjustment. Product colour: Black"},"BulletPoints":{},"GeneratedBulletPoints":{"Language":"EN","Values":["68.6 cm (27\") LCD IPS","2K 2560 x 1440 pixels 16:9","120 Hz 4 ms 350 cd/m² 1500:1","Flicker-free technology","D 16 kWh 11.28 W"]},"GTINs":[{"GTIN":"8721038002294","IsApproved":true}]},"Image":{"HighPic":"https://images.icecat.biz/img/gallery/e3830fa5e491593b60d6539cadbef7421b27d831.jpg","HighPicSize":"1445380","HighPicHeight":"2000","HighPicWidth":"2000","LowPic":"https://images.icecat.biz/img/gallery_lows/4bebb6ecdc92aa3600a7ba33a7d63ebae777b319.jpg","LowPicSize":"27030","LowPicHeight":"200","LowPicWidth":"200","Pic500x500":"https://images.icecat.biz/img/gallery_mediums/c4a7e60a6e4a07a380bc1ef96ef2043a9e66ccb3.jpg","Pic500x500Size":"129271","Pic500x500Height":"500","Pic500x500Width":"500","ThumbPic":"https://images.icecat.biz/img/gallery_thumbs/8fca91769d1ed4a3619bc73678077cff0788e258.jpg","ThumbPicSize":"5704"},"Multimedia":[{"ID":"6188B985-DA11-42CF-AAE9-1E56DA05FFAF","URL":"https://objects.icecat.biz/objects/mmo_125095746_1748754341_5599_867588.pdf","Type":"other digital assets","ContentType":"application/pdf","KeepAsUrl":"0","Description":"27B2N3500J/00_QSG_en_GB","Size":"761981","IsPrivate":"0","Updated":"2025-06-01 07:05:41","Language":"EN","IsVideo":0},{"ID":"27F70881-78B3-48D5-9696-04FF82883F8C","URL":"https://objects.icecat.biz/objects/mmo_125095746_1748754346_5555_867588.pdf","Type":"manual pdf","ContentType":"application/pdf","KeepAsUrl":"0","Description":"User manual","Size":"3371612","IsPrivate":"0","Updated":"2025-06-01 07:05:46","Language":"EN","IsVideo":0},{"ID":"3428CBFA-31DF-498D-861E-8DACE66E2CCF","URL":"https://objects.icecat.biz/objects/mmo_125095746_1750147556_3419_3059506.pdf","Type":"EU Energy Label","ContentType":"application/pdf","KeepAsUrl":"0","Description":"EU Energy Label","Size":"71197","IsPrivate":"0","Updated":"2025-06-17 10:05:58","Language":"","IsVideo":0,"EprelLink":"https://eprel.ec.europa.eu/qr/2334852","LabelType":"rescaled","ConvertedURL":"https://objects.icecat.biz/objects/125095746_65155037.jpeg","ConvertedContentType":"image/jpeg","ConvertedSize":204259,"EprelId":2334852},{"ID":"00000000-0000-0000-0000-000000000000","URL":"https://icecat.biz/rest/product-pdf?productId=125095746&lang=en","Type":"leaflet","ContentType":"application/pdf","KeepAsUrl":"0","Description":"Brochure Philips 27B2N3500J/00","Size":"0","IsPrivate":"0","Updated":"2025-09-09 16:19:09","Language":"EN","IsVideo":0}],"Gallery":[{"ID":"110868212","LowPic":"https://images.icecat.biz/img/gallery_lows/4bebb6ecdc92aa3600a7ba33a7d63ebae777b319.jpg","LowSize":"27030","LowHeight":"200","LowWidth":"200","ThumbPic":"https://images.icecat.biz/img/gallery_thumbs/8fca91769d1ed4a3619bc73678077cff0788e258.jpg","ThumbPicSize":"5704","Pic":"https://images.icecat.biz/img/gallery/e3830fa5e491593b60d6539cadbef7421b27d831.jpg","Size":"1445380","PicHeight":"2000","PicWidth":"2000","Pic500x500":"https://images.icecat.biz/img/gallery_mediums/c4a7e60a6e4a07a380bc1ef96ef2043a9e66ccb3.jpg","Pic500x500Size":"129271","Pic500x500Height":"500","Pic500x500Width":"500","No":"1","IsMain":"Y","Updated":"2025-07-27 09:54:11","IsPrivate":"0","Type":"ProductImage","Attributes":{"OriginalFileName":""}},{"ID":"110868213","LowPic":"https://images.icecat.biz/img/gallery_lows/7c3d544ae489d63b447e02ab0f2615d0302ed223.jpg","LowSize":"31257","LowHeight":"200","LowWidth":"200","ThumbPic":"https://images.icecat.biz/img/gallery_thumbs/dccd6dc2dd50f482a3f3a4f78643cd8481b2d5da.jpg","ThumbPicSize":"6631","Pic":"https://images.icecat.biz/img/gallery/10bdc9bf025b183ce007832844ce8a2ffd76ba68.jpg","Size":"1591566","PicHeight":"2000","PicWidth":"2000","Pic500x500":"https://images.icecat.biz/img/gallery_mediums/ee82ce2b128edc761031542d6e77a5d9a720ace7.jpg","Pic500x500Size":"150616","Pic500x500Height":"500","Pic500x500Width":"500","No":"2","IsMain":"N","Updated":"2025-07-27 09:54:11","IsPrivate":"0","Type":"ProductImage","Attributes":{"OriginalFileName":""}},{"ID":"108560115","LowPic":"https://images.icecat.biz/img/gallery_lows/df618abcc38068be2da4b3a7d1cbe4b886068463.jpg","LowSize":"27269","LowHeight":"200","LowWidth":"200","ThumbPic":"https://images.icecat.biz/img/gallery_thumbs/d8335f2a53d548d8f2c497af9e8a9a37f6eb44af.jpg","ThumbPicSize":"6781","Pic":"https://images.icecat.biz/img/gallery/7f79da51512d75e50d457ab977123f8dcc54c2ed.jpg","Size":"1311638","PicHeight":"2000","PicWidth":"2000","Pic500x500":"https://images.icecat.biz/img/gallery_mediums/c5bfef93ef076d2efd11902f93c3499de2351221.jpg","Pic500x500Size":"113429","Pic500x500Height":"500","Pic500x500Width":"500","No":"3","IsMain":"N","Updated":"2025-09-04 22:54:21","IsPrivate":"0","Type":"ProductImage","Attributes":{"OriginalFileName":""}},{"ID":"108560113","LowPic":"https://images.icecat.biz/img/gallery_lows/19a786875bf993d8312c94b4b1049527abfb50f9.jpg","LowSize":"10040","LowHeight":"200","LowWidth":"200","ThumbPic":"https://images.icecat.biz/img/gallery_thumbs/7e64635d5701baa705f0c132806c31400d763a43.jpg","ThumbPicSize":"3023","Pic":"https://images.icecat.biz/img/gallery/162fc43724e43eb98e90447b990d1415c2e3ed26.jpg","Size":"578465","PicHeight":"2000","PicWidth":"2000","Pic500x500":"https://images.icecat.biz/img/gallery_mediums/02b8e87d578f82d5d69f0f944c319e27c2fb1982.jpg","Pic500x500Size":"44551","Pic500x500Height":"500","Pic500x500Width":"500","No":"4","IsMain":"N","Updated":"2025-09-04 22:54:21","IsPrivate":"0","Type":"ProductImage","Attributes":{"OriginalFileName":""}},{"ID":"106796046","LowPic":"https://images.icecat.biz/img/gallery_lows/bf8ff7ffffa840db8fc7b2dca12de072a2a66664.jpg","LowSize":"37887","LowHeight":"200","LowWidth":"200","ThumbPic":"https://images.icecat.biz/img/gallery_thumbs/ed7e626b51cc5f2d2e41a62d6f673e463bce6aa2.jpg","ThumbPicSize":"7967","Pic":"https://images.icecat.biz/img/gallery/dc349d7c102772c1bc8b642d5f05be65caf62f59.jpg","Size":"694936","PicHeight":"1200","PicWidth":"1200","Pic500x500":"https://images.icecat.biz/img/gallery_mediums/a2bb4271caa7b89d9f1966bd3fab983026c671d9.jpg","Pic500x500Size":"174316","Pic500x500Height":"500","Pic500x500Width":"500","No":"5","IsMain":"N","Updated":"2025-07-27 09:54:11","IsPrivate":"0","Type":"ProductImage","Attributes":{"OriginalFileName":""}},{"ID":"106796047","LowPic":"https://images.icecat.biz/img/gallery_lows/a5c0b4f994bf2e272f1021e7d961620ceb6cb3b5.jpg","LowSize":"8191","LowHeight":"200","LowWidth":"200","ThumbPic":"https://images.icecat.biz/img/gallery_thumbs/a3a2788689496ca3828dadf6a773792f033da375.jpg","ThumbPicSize":"2265","Pic":"https://images.icecat.biz/img/gallery/75eb73521b37e956bf684347d90b6726d012aa08.jpg","Size":"162883","PicHeight":"1200","PicWidth":"1200","Pic500x500":"https://images.icecat.biz/img/gallery_mediums/35f91eb463ae425e95deb05d37b3d56ac929042f.jpg","Pic500x500Size":"38785","Pic500x500Height":"500","Pic500x500Width":"500","No":"6","IsMain":"N","Updated":"2025-07-27 09:54:11","IsPrivate":"0","Type":"ProductImage","Attributes":{"OriginalFileName":""}},{"ID":"106796048","LowPic":"https://images.icecat.biz/img/gallery_lows/36575592b7932e52e1df638f4393f5b1ab70e721.jpg","LowSize":"39515","LowHeight":"200","LowWidth":"200","ThumbPic":"https://images.icecat.biz/img/gallery_thumbs/775f06ecfc6378f81a224a715da46f6816baff66.jpg","ThumbPicSize":"7989","Pic":"https://images.icecat.biz/img/gallery/c8878984b05da2ab14ae8bdc838b99cbff662147.jpg","Size":"749394","PicHeight":"1200","PicWidth":"1200","Pic500x500":"https://images.icecat.biz/img/gallery_mediums/792d28e0ca721cc92c916152ad9e67dafe849008.jpg","Pic500x500Size":"183963","Pic500x500Height":"500","Pic500x500Width":"500","No":"7","IsMain":"N","Updated":"2025-07-27 09:54:11","IsPrivate":"0","Type":"ProductImage","Attributes":{"OriginalFileName":""}},{"ID":"106796049","LowPic":"https://images.icecat.biz/img/gallery_lows/f0aaa77e94b209dbd35673a23cbda4f34efbfd19.jpg","LowSize":"9740","LowHeight":"200","LowWidth":"200","ThumbPic":"https://images.icecat.biz/img/gallery_thumbs/b723d35b3486aa1730814a59e2c4e337d9b46ec4.jpg","ThumbPicSize":"2682","Pic":"https://images.icecat.biz/img/gallery/01dd3eab35f4ff7a1e27a43ffbf928eec18d5824.jpg","Size":"193557","PicHeight":"1200","PicWidth":"1200","Pic500x500":"https://images.icecat.biz/img/gallery_mediums/a6a19f3cceeffd0e278c022f584a350237d272c1.jpg","Pic500x500Size":"45573","Pic500x500Height":"500","Pic500x500Width":"500","No":"8","IsMain":"N","Updated":"2025-07-27 09:54:11","IsPrivate":"0","Type":"ProductImage","Attributes":{"OriginalFileName":""}},{"ID":"106796050","LowPic":"https://images.icecat.biz/img/gallery_lows/b2497b75a197bfea56c13b56224f197cabe6b722.jpg","LowSize":"39858","LowHeight":"200","LowWidth":"200","ThumbPic":"https://images.icecat.biz/img/gallery_thumbs/092e44dd907acd6b939c77359e7b71699cd94ec6.jpg","ThumbPicSize":"8018","Pic":"https://images.icecat.biz/img/gallery/894e17ea496efc9079eb3ad0f0be2e50f1438699.jpg","Size":"748635","PicHeight":"1200","PicWidth":"1200","Pic500x500":"https://images.icecat.biz/img/gallery_mediums/035108244b992ad3435227b884c5bb996efa2b69.jpg","Pic500x500Size":"184692","Pic500x500Height":"500","Pic500x500Width":"500","No":"9","IsMain":"N","Updated":"2025-07-27 09:54:11","IsPrivate":"0","Type":"ProductImage","Attributes":{"OriginalFileName":""}},{"ID":"106796051","LowPic":"https://images.icecat.biz/img/gallery_lows/31cda64e54106bfbf114de2447b8c84ad635f8cf.jpg","LowSize":"5627","LowHeight":"200","LowWidth":"200","ThumbPic":"https://images.icecat.biz/img/gallery_thumbs/c5d9ffa892a9118eec5e171f34e28288c54314fb.jpg","ThumbPicSize":"1745","Pic":"https://images.icecat.biz/img/gallery/339d5b8dcc7733bfe33dcc074e9a0b445a4c3828.jpg","Size":"102340","PicHeight":"1200","PicWidth":"1200","Pic500x500":"https://images.icecat.biz/img/gallery_mediums/b8ea7830afe93552aff394012665d12c7b68eb4f.jpg","Pic500x500Size":"25690","Pic500x500Height":"500","Pic500x500Width":"500","No":"10","IsMain":"N","Updated":"2025-07-27 09:54:11","IsPrivate":"0","Type":"ProductImage","Attributes":{"OriginalFileName":""}},{"ID":"106796052","LowPic":"https://images.icecat.biz/img/gallery_lows/bb8cc4bc704bc2bc1e935b1683e9b3f5654e790b.jpg","LowSize":"6364","LowHeight":"200","LowWidth":"200","ThumbPic":"https://images.icecat.biz/img/gallery_thumbs/ada41b5badb6c7d71bf06683f9a280249067652f.jpg","ThumbPicSize":"1980","Pic":"https://images.icecat.biz/img/gallery/a5fdd7001d9502717ece25f89016c1c443e4d49f.jpg","Size":"85379","PicHeight":"1200","PicWidth":"1200","Pic500x500":"https://images.icecat.biz/img/gallery_mediums/17948c1448f04608a4ef1b89917e436105c68ea3.jpg","Pic500x500Size":"23130","Pic500x500Height":"500","Pic500x500Width":"500","No":"11","IsMain":"N","Updated":"2025-07-27 09:54:11","IsPrivate":"0","Type":"ProductImage","Attributes":{"OriginalFileName":""}},{"ID":"109483116","LowPic":"https://images.icecat.biz/img/gallery_lows/832bcbd5e34901e550fc223948ec53dd98f821e9.jpg","LowSize":"25450","LowHeight":"105","LowWidth":"200","ThumbPic":"https://images.icecat.biz/img/gallery_thumbs/6dfd5b6222b35d4482969992c7d6a7cf4a2e8047.jpg","ThumbPicSize":"5957","Pic":"https://images.icecat.biz/img/gallery/62b0f0b1f8d1057fa912c8b939056dc05d339856.jpg","Size":"8676438","PicHeight":"4320","PicWidth":"8192","Pic500x500":"https://images.icecat.biz/img/gallery_mediums/17576b0a0607ad99e2b540c16d32996e51ee5f86.jpg","Pic500x500Size":"109909","Pic500x500Height":"264","Pic500x500Width":"500","No":"12","IsMain":"N","Updated":"2025-07-27 09:54:11","IsPrivate":"0","Type":"ProductImage","Attributes":{"OriginalFileName":""}}],"FeaturesGroups":[{"ID":100,"SortNo":"50","FeatureGroup":{"ID":"5","Name":{"Value":"Display","Language":"EN"}},"Features":[{"Localized":0,"ID":792852075,"LocalID":0,"Type":"numerical","Value":"27","CategoryFeatureId":"11608","CategoryFeatureGroupID":"100","SortNo":"1000","PresentationValue":"68.6 cm (27\")","RawValue":"27","LocalValue":"68.6","Description":"Size of the display for this product, measured diagonally, usually in inches.","Mandatory":"1","Searchable":"1","Optional":"0","Feature":{"ID":"944","Sign":"","Measure":{"ID":"16","Sign":"","Signs":{"ID":"11","_":"\"","Language":"EN"}},"Name":{"Value":"Display diagonal","Language":"EN"}}},{"Localized":0,"ID":792852081,"LocalID":0,"Type":"2d","Value":"2560 x 1440","CategoryFeatureId":"9316","CategoryFeatureGroupID":"100","SortNo":"990","PresentationValue":"2560 x 1440 pixels","RawValue":"2560 x 1440","LocalValue":"2560 x 1440","Description":"The number of distinct pixels in each dimension that can be displayed. It is usually quoted as width × height, with the units in pixels: for example, \"1024 × 768\" means the width is 1024 pixels and the height is 768 pixels. The higher the number of pixels, the sharper the image.","Mandatory":"1","Searchable":"1","Optional":"0","Feature":{"ID":"1585","Sign":"","Measure":{"ID":"39","Sign":"","Signs":{"ID":"23","_":"pixels","Language":"EN"}},"Name":{"Value":"Display resolution","Language":"EN"}}},{"Localized":0,"ID":792852131,"LocalID":0,"Type":"dropdown","Value":"2K","CategoryFeatureId":"74099","CategoryFeatureGroupID":"100","SortNo":"980","PresentationValue":"2K","RawValue":"2K","LocalValue":"2K","Description":"Type of supported High Definition (e.g. Full HD, 4K Ultra HD).","Mandatory":"1","Searchable":"0","Optional":"0","Feature":{"ID":"11424","Sign":"","Measure":{"ID":"29","Sign":"","Signs":{"ID":"","_":"","Language":"EN"}},"Name":{"Value":"HD type","Language":"EN"}}},{"Localized":0,"ID":792852130,"LocalID":0,"Type":"dropdown","Value":"16:9","CategoryFeatureId":"155124","CategoryFeatureGroupID":"100","SortNo":"970","PresentationValue":"16:9","RawValue":"16:9","LocalValue":"16:9","Description":"The aspect ratio is the ratio of the width of an image to its height. The native aspect ratio is the one which the projector/display is particularly designed for. Images shown in native aspect ratio will utilize the entire resolution of the display and achieve maximum brightness. Images shown in other than native aspect ratio will always have less resolution and less brightness than images shown in native aspect ratio.","Mandatory":"1","Searchable":"1","Optional":"0","Feature":{"ID":"11417","Sign":"","Measure":{"ID":"29","Sign":"","Signs":{"ID":"","_":"","Language":"EN"}},"Name":{"Value":"Native aspect ratio","Language":"EN"}}},{"Localized":0,"ID":792852123,"LocalID":0,"Type":"dropdown","Value":"LCD","CategoryFeatureId":"57158","CategoryFeatureGroupID":"100","SortNo":"960","PresentationValue":"LCD","RawValue":"LCD","LocalValue":"LCD","Description":"The technology used in the display e.g. plasma, LED.","Mandatory":"1","Searchable":"1","Optional":"0","Feature":{"ID":"9713","Sign":"","Measure":{"ID":"29","Sign":"","Signs":{"ID":"","_":"","Language":"EN"}},"Name":{"Value":"Display technology","Language":"EN"}}},{"Localized":0,"ID":792852140,"LocalID":0,"Type":"dropdown","Value":"IPS","CategoryFeatureId":"255240","CategoryFeatureGroupID":"100","SortNo":"950","PresentationValue":"IPS","RawValue":"IPS","LocalValue":"IPS","Description":"","Mandatory":"1","Searchable":"0","Optional":"0","Feature":{"ID":"15285","Sign":"","Measure":{"ID":"29","Sign":"","Signs":{"ID":"","_":"","Language":"EN"}},"Name":{"Value":"Panel type","Language":"EN"}}},{"Localized":0,"ID":792852112,"LocalID":0,"Type":"y_n","Value":"Y","CategoryFeatureId":"920723","CategoryFeatureGroupID":"100","SortNo":"941","PresentationValue":"Yes","RawValue":"Y","LocalValue":"Yes","Description":"A backlight is a form of illumination used in liquid crystal displays (LCDs). One type of backlight is made by LEDs, which can be either white or RGB (red green blue). White LEDs are used most often in notebooks and desktop screens, and in virtually all mobile LCD screens. RGB LEDs for backlighting are found in high-end color proofing displays such as HP DreamColor LP2480zx monitor or selected HP EliteBook notebooks, as well as newer consumer grade displays such as Dell's Studio series laptops which have an optional RGB LED display.","Mandatory":"0","Searchable":"0","Optional":"0","Feature":{"ID":"6784","Sign":"","Measure":{"ID":"26","Sign":"","Signs":{"ID":"","_":"","Language":"EN"}},"Name":{"Value":"LED backlight","Language":"EN"}}},{"Localized":0,"ID":792852114,"LocalID":0,"Type":"dropdown","Value":"W-LED","CategoryFeatureId":"57198","CategoryFeatureGroupID":"100","SortNo":"940","PresentationValue":"W-LED","RawValue":"W-LED","LocalValue":"W-LED","Description":"","Mandatory":"0","Searchable":"0","Optional":"0","Feature":{"ID":"7369","Sign":"","Measure":{"ID":"29","Sign":"","Signs":{"ID":"","_":"","Language":"EN"}},"Name":{"Value":"Backlight type","Language":"EN"}}},{"Localized":0,"ID":792852106,"LocalID":0,"Type":"y_n","Value":"N","CategoryFeatureId":"243713","CategoryFeatureGroupID":"100","SortNo":"930","PresentationValue":"No","RawValue":"N","LocalValue":"No","Description":"A screen of a laptop, smartphone, etc., that responds to touch so you can control the interface using your fingers.","Mandatory":"1","Searchable":"1","Optional":"0","Feature":{"ID":"4963","Sign":"","Measure":{"ID":"26","Sign":"","Signs":{"ID":"","_":"","Language":"EN"}},"Name":{"Value":"Touchscreen","Language":"EN"}}},{"Localized":0,"ID":792852153,"LocalID":0,"Type":"numerical","Value":"350","CategoryFeatureId":"255214","CategoryFeatureGroupID":"100","SortNo":"880","PresentationValue":"350 cd/m²","RawValue":"350","LocalValue":"350","Description":"Display brightness, measured by its Luminance, presented as a figure in nits. Typical brightness ratings for monitors range from 250 to 350 nits with a target value of between 80 to 120 nits being suitable for most displays in a normal viewing environment.","Mandatory":"0","Searchable":"0","Optional":"0","Feature":{"ID":"36441","Sign":"","Measure":{"ID":"43","Sign":"","Signs":{"ID":"27","_":"cd/m²","Language":"EN"}},"Name":{"Value":"Display brightness (typical)","Language":"EN"}}},{"Localized":0,"ID":792852080,"LocalID":0,"Type":"numerical","Value":"4","CategoryFeatureId":"5285","CategoryFeatureGroupID":"100","SortNo":"870","PresentationValue":"4 ms","RawValue":"4","LocalValue":"4","Description":"The response time is the time difference between the moment that a source (for example a video card) sends a signal and that equipment (for example a monitor) receives or display the signal. (Used abbreviations: R/F = Rise and Fall.)","Mandatory":"1","Searchable":"0","Optional":"0","Feature":{"ID":"1516","Sign":"","Measure":{"ID":"27","Sign":"","Signs":{"ID":"1","_":"ms","Language":"EN"}},"Name":{"Value":"Response time","Language":"EN"}}},{"Localized":0,"ID":792852164,"LocalID":0,"Type":"dropdown","Value":"GTG (Gray to Gray)","CategoryFeatureId":"961497","CategoryFeatureGroupID":"100","SortNo":"869","PresentationValue":"GTG (Gray to Gray)","RawValue":"GTG (Gray to Gray)","LocalValue":"GTG (Gray to Gray)","Description":"","Mandatory":"0","Searchable":"0","Optional":"0","Feature":{"ID":"48292","Sign":"","Measure":{"ID":"29","Sign":"","Signs":{"ID":"","_":"","Language":"EN"}},"Name":{"Value":"Response time measurement type","Language":"EN"}}},{"Localized":0,"ID":792852127,"LocalID":0,"Type":"y_n","Value":"Y","CategoryFeatureId":"594924","CategoryFeatureGroupID":"100","SortNo":"850","PresentationValue":"Yes","RawValue":"Y","LocalValue":"Yes","Description":"Always gives an optimal view, even in direct sunlight.","Mandatory":"0","Searchable":"0","Optional":"0","Feature":{"ID":"10443","Sign":"","Measure":{"ID":"26","Sign":"","Signs":{"ID":"","_":"","Language":"EN"}},"Name":{"Value":"Anti-glare screen","Language":"EN"}}},{"Localized":0,"ID":792852142,"LocalID":0,"Type":"dropdown","Value":"Flat screen","CategoryFeatureId":"133269","CategoryFeatureGroupID":"100","SortNo":"840","PresentationValue":"Flat","RawValue":"Flat screen","LocalValue":"Flat","Description":"","Mandatory":"1","Searchable":"0","Optional":"0","Feature":{"ID":"17554","Sign":"","Measure":{"ID":"29","Sign":"","Signs":{"ID":"","_":"","Language":"EN"}},"Name":{"Value":"Screen shape","Language":"EN"}}},{"Localized":0,"ID":792852104,"LocalID":0,"Type":"multi_dropdown","Value":"2560 x 1440","CategoryFeatureId":"22829","CategoryFeatureGroupID":"100","SortNo":"820","PresentationValue":"2560 x 1440","RawValue":"2560 x 1440","LocalValue":"2560 x 1440","Description":"The graphic resolutions that can be displayed by the device. The graphic resolution describes the width and height dimensions of a display, such as a computer monitor, measured in pixels.","Mandatory":"0","Searchable":"0","Optional":"0","Feature":{"ID":"4850","Sign":"","Measure":{"ID":"29","Sign":"","Signs":{"ID":"","_":"","Language":"EN"}},"Name":{"Value":"Supported graphics resolutions","Language":"EN"}}},{"Localized":0,"ID":792852105,"LocalID":0,"Type":"multi_dropdown","Value":"1440p","CategoryFeatureId":"22830","CategoryFeatureGroupID":"100","SortNo":"810","PresentationValue":"1440p","RawValue":"1440p","LocalValue":"1440p","Description":"The video modes that can be displayed by the device.","Mandatory":"0","Searchable":"0","Optional":"0","Feature":{"ID":"4851","Sign":"","Measure":{"ID":"29","Sign":"","Signs":{"ID":"","_":"","Language":"EN"}},"Name":{"Value":"Supported video modes","Language":"EN"}}},{"Localized":0,"ID":792852061,"LocalID":0,"Type":"contrast ratio","Value":"1500:1","CategoryFeatureId":"4943","CategoryFeatureGroupID":"100","SortNo":"790","PresentationValue":"1500:1","RawValue":"1500:1","LocalValue":"1500:1","Description":"The difference in light intensity between the brightest white and the darkest black.","Mandatory":"1","Searchable":"0","Optional":"0","Feature":{"ID":"34","Sign":"","Measure":{"ID":"29","Sign":"","Signs":{"ID":"","_":"","Language":"EN"}},"Name":{"Value":"Contrast ratio (typical)","Language":"EN"}}},{"Localized":0,"ID":792852110,"LocalID":0,"Type":"contrast ratio","Value":"50000000:1","CategoryFeatureId":"31337","CategoryFeatureGroupID":"100","SortNo":"780","PresentationValue":"50000000:1","RawValue":"50000000:1","LocalValue":"50000000:1","Description":"A property of a display system, defined as the ratio of the luminance of the brightest color (white) to that of the darkest color (black) that the system is capable of producing.","Mandatory":"0","Searchable":"0","Optional":"0","Feature":{"ID":"6087","Sign":"","Measure":{"ID":"29","Sign":"","Signs":{"ID":"","_":"","Language":"EN"}},"Name":{"Value":"Contrast ratio (dynamic)","Language":"EN"}}},{"Localized":0,"ID":792852115,"LocalID":0,"Type":"numerical","Value":"120","CategoryFeatureId":"183826","CategoryFeatureGroupID":"100","SortNo":"760","PresentationValue":"120 Hz","RawValue":"120","LocalValue":"120","Description":"","Mandatory":"1","Searchable":"0","Optional":"0","Feature":{"ID":"7450","Sign":"","Measure":{"ID":"36","Sign":"","Signs":{"ID":"20","_":"Hz","Language":"EN"}},"Name":{"Value":"Maximum refresh rate","Language":"EN"}}},{"Localized":0,"ID":792852063,"LocalID":0,"Type":"numerical","Value":"178","CategoryFeatureId":"4940","CategoryFeatureGroupID":"100","SortNo":"750","PresentationValue":"178°","RawValue":"178","LocalValue":"178","Description":"Maximum horizontal angle at which a display can be viewed with acceptable visual performance.","Mandatory":"0","Searchable":"0","Optional":"0","Feature":{"ID":"37","Sign":"","Measure":{"ID":"32","Sign":"","Signs":{"ID":"16","_":"°","Language":"EN"}},"Name":{"Value":"Viewing angle, horizontal","Language":"EN"}}},{"Localized":0,"ID":792852064,"LocalID":0,"Type":"numerical","Value":"178","CategoryFeatureId":"4941","CategoryFeatureGroupID":"100","SortNo":"740","PresentationValue":"178°","RawValue":"178","LocalValue":"178","Description":"Maximum vertical angle at which a display can be viewed with acceptable visual performance.","Mandatory":"0","Searchable":"0","Optional":"0","Feature":{"ID":"38","Sign":"","Measure":{"ID":"32","Sign":"","Signs":{"ID":"16","_":"°","Language":"EN"}},"Name":{"Value":"Viewing angle, vertical","Language":"EN"}}},{"Localized":0,"ID":792852146,"LocalID":0,"Type":"dropdown","Value":"16.7 million colours","CategoryFeatureId":"154116","CategoryFeatureGroupID":"100","SortNo":"730","PresentationValue":"16.7 million colours","RawValue":"16.7 million colours","LocalValue":"16.7 million colours","Description":"","Mandatory":"1","Searchable":"0","Optional":"0","Feature":{"ID":"24847","Sign":"","Measure":{"ID":"29","Sign":"","Signs":{"ID":"","_":"","Language":"EN"}},"Name":{"Value":"Display number of colours","Language":"EN"}}},{"Localized":0,"ID":792852060,"LocalID":0,"Type":"2d","Value":"0.2331 x 0.2331","CategoryFeatureId":"1992","CategoryFeatureGroupID":"100","SortNo":"700","PresentationValue":"0.2331 x 0.2331 mm","RawValue":"0.2331 x 0.2331","LocalValue":"0.233 x 0.233","Description":"This is the parameter of a picture tube, which specifies the shortest distance between two dots of the same colour. The principle is: the smaller the dot pitch, the better sharpness of image.","Mandatory":"0","Searchable":"0","Optional":"0","Feature":{"ID":"32","Sign":"","Measure":{"ID":"24","Sign":"","Signs":{"ID":"3","_":"mm","Language":"EN"}},"Name":{"Value":"Pixel pitch","Language":"EN"}}},{"Localized":0,"ID":792852138,"LocalID":0,"Type":"numerical","Value":"109","CategoryFeatureId":"103245","CategoryFeatureGroupID":"100","SortNo":"690","PresentationValue":"109 ppi","RawValue":"109","LocalValue":"109","Description":"","Mandatory":"0","Searchable":"0","Optional":"0","Feature":{"ID":"13246","Sign":"","Measure":{"ID":"243","Sign":"","Signs":{"ID":"14247","_":"ppi","Language":"EN"}},"Name":{"Value":"Pixel density","Language":"EN"}}},{"Localized":0,"ID":792852062,"LocalID":0,"Type":"range","Value":"30 - 190","CategoryFeatureId":"2548","CategoryFeatureGroupID":"100","SortNo":"680","PresentationValue":"30 - 190 kHz","RawValue":"30 - 190","LocalValue":"30 - 190","Description":"","Mandatory":"0","Searchable":"0","Optional":"0","Feature":{"ID":"35","Sign":"","Measure":{"ID":"31","Sign":"","Signs":{"ID":"15","_":"kHz","Language":"EN"}},"Name":{"Value":"Horizontal scan range","Language":"EN"}}},{"Localized":0,"ID":792852065,"LocalID":0,"Type":"range","Value":"48 - 120","CategoryFeatureId":"4931","CategoryFeatureGroupID":"100","SortNo":"670","PresentationValue":"48 - 120 Hz","RawValue":"48 - 120","LocalValue":"48 - 120","Description":"","Mandatory":"0","Searchable":"0","Optional":"0","Feature":{"ID":"90","Sign":"","Measure":{"ID":"36","Sign":"","Signs":{"ID":"20","_":"Hz","Language":"EN"}},"Name":{"Value":"Vertical scan range","Language":"EN"}}},{"Localized":0,"ID":792852066,"LocalID":0,"Type":"numerical","Value":"596.74","CategoryFeatureId":"4938","CategoryFeatureGroupID":"100","SortNo":"660","PresentationValue":"59.7 cm","RawValue":"596.74","LocalValue":"59.7","Description":"The viewable size is often somewhat smaller than the actual size of a monitor, because there is a border around the image.","Mandatory":"0","Searchable":"0","Optional":"0","Feature":{"ID":"91","Sign":"","Measure":{"ID":"24","Sign":"","Signs":{"ID":"3","_":"mm","Language":"EN"}},"Name":{"Value":"Viewable size, horizontal","Language":"EN"}}},{"Localized":0,"ID":792852067,"LocalID":0,"Type":"numerical","Value":"335.66","CategoryFeatureId":"4939","CategoryFeatureGroupID":"100","SortNo":"650","PresentationValue":"33.6 cm","RawValue":"335.66","LocalValue":"33.6","Description":"","Mandatory":"0","Searchable":"0","Optional":"0","Feature":{"ID":"92","Sign":"","Measure":{"ID":"24","Sign":"","Signs":{"ID":"3","_":"mm","Language":"EN"}},"Name":{"Value":"Viewable size, vertical","Language":"EN"}}},{"Localized":0,"ID":792852101,"LocalID":0,"Type":"numerical","Value":"68.6","CategoryFeatureId":"683430","CategoryFeatureGroupID":"100","SortNo":"600","PresentationValue":"68.6 cm","RawValue":"68.6","LocalValue":"68.6","Description":"This is the size of the display screen, measured diagonally.","Mandatory":"0","Searchable":"0","Optional":"0","Feature":{"ID":"4174","Sign":"","Measure":{"ID":"34","Sign":"","Signs":{"ID":"18","_":"cm","Language":"EN"}},"Name":{"Value":"Display diagonal (metric)","Language":"EN"}}},{"Localized":0,"ID":835294294,"LocalID":0,"Type":"y_n","Value":"Y","CategoryFeatureId":"103243","CategoryFeatureGroupID":"100","SortNo":"560","PresentationValue":"Yes","RawValue":"Y","LocalValue":"Yes","Description":"","Mandatory":"0","Searchable":"0","Optional":"0","Feature":{"ID":"17862","Sign":"","Measure":{"ID":"26","Sign":"","Signs":{"ID":"","_":"","Language":"EN"}},"Name":{"Value":"DDC/CI","Language":"EN"}}},{"Localized":0,"ID":792852149,"LocalID":0,"Type":"numerical","Value":"25","CategoryFeatureId":"904227","CategoryFeatureGroupID":"100","SortNo":"540","PresentationValue":"25%","RawValue":"25","LocalValue":"25","Description":"","Mandatory":"0","Searchable":"0","Optional":"0","Feature":{"ID":"28526","Sign":"","Measure":{"ID":"64","Sign":"","Signs":{"ID":"47","_":"%","Language":"EN"}},"Name":{"Value":"Haze rate","Language":"EN"}}},{"Localized":0,"ID":792852148,"LocalID":0,"Type":"dropdown","Value":"3H","CategoryFeatureId":"163809","CategoryFeatureGroupID":"100","SortNo":"530","PresentationValue":"3H","RawValue":"3H","LocalValue":"3H","Description":"","Mandatory":"0","Searchable":"0","Optional":"0","Feature":{"ID":"26001","Sign":"","Measure":{"ID":"29","Sign":"","Signs":{"ID":"","_":"","Language":"EN"}},"Name":{"Value":"Surface hardness","Language":"EN"}}},{"Localized":0,"ID":792852150,"LocalID":0,"Type":"numerical","Value":"125","CategoryFeatureId":"185014","CategoryFeatureGroupID":"100","SortNo":"470","PresentationValue":"125%","RawValue":"125","LocalValue":"125","Description":"","Mandatory":"0","Searchable":"0","Optional":"0","Feature":{"ID":"28703","Sign":"","Measure":{"ID":"64","Sign":"","Signs":{"ID":"47","_":"%","Language":"EN"}},"Name":{"Value":"sRGB coverage (typical)","Language":"EN"}}},{"Localized":0,"ID":792852152,"LocalID":0,"Type":"numerical","Value":"114","CategoryFeatureId":"228629","CategoryFeatureGroupID":"100","SortNo":"450","PresentationValue":"114%","RawValue":"114","LocalValue":"114","Description":"","Mandatory":"0","Searchable":"0","Optional":"0","Feature":{"ID":"33817","Sign":"","Measure":{"ID":"64","Sign":"","Signs":{"ID":"47","_":"%","Language":"EN"}},"Name":{"Value":"NTSC coverage (typical)","Language":"EN"}}}]},{"ID":10681,"SortNo":"45","FeatureGroup":{"ID":"184","Name":{"Value":"Performance","Language":"EN"}},"Features":[{"Localized":0,"ID":792852144,"LocalID":0,"Type":"y_n","Value":"N","CategoryFeatureId":"123176","CategoryFeatureGroupID":"10681","SortNo":"1000","PresentationValue":"No","RawValue":"N","LocalValue":"No","Description":"","Mandatory":"1","Searchable":"1","Optional":"0","Feature":{"ID":"20783","Sign":"","Measure":{"ID":"26","Sign":"","Signs":{"ID":"","_":"","Language":"EN"}},"Name":{"Value":"NVIDIA G-SYNC","Language":"EN"}}},{"Localized":0,"ID":792852151,"LocalID":0,"Type":"y_n","Value":"N","CategoryFeatureId":"193707","CategoryFeatureGroupID":"10681","SortNo":"980","PresentationValue":"No","RawValue":"N","LocalValue":"No","Description":"The product includes AMD Freesync Technology for the dynamic synchronization of the graphic card and the monitor in order to avoid screen tearing.","Mandatory":"1","Searchable":"1","Optional":"0","Feature":{"ID":"29607","Sign":"","Measure":{"ID":"26","Sign":"","Signs":{"ID":"","_":"","Language":"EN"}},"Name":{"Value":"AMD FreeSync","Language":"EN"}}},{"Localized":0,"ID":792852154,"LocalID":0,"Type":"y_n","Value":"Y","CategoryFeatureId":"258742","CategoryFeatureGroupID":"10681","SortNo":"900","PresentationValue":"Yes","RawValue":"Y","LocalValue":"Yes","Description":"","Mandatory":"0","Searchable":"0","Optional":"0","Feature":{"ID":"36840","Sign":"","Measure":{"ID":"26","Sign":"","Signs":{"ID":"","_":"","Language":"EN"}},"Name":{"Value":"Flicker-free technology","Language":"EN"}}},{"Localized":0,"ID":792852155,"LocalID":0,"Type":"y_n","Value":"Y","CategoryFeatureId":"258745","CategoryFeatureGroupID":"10681","SortNo":"890","PresentationValue":"Yes","RawValue":"Y","LocalValue":"Yes","Description":"","Mandatory":"0","Searchable":"0","Optional":"0","Feature":{"ID":"36843","Sign":"","Measure":{"ID":"26","Sign":"","Signs":{"ID":"","_":"","Language":"EN"}},"Name":{"Value":"Low Blue Light technology","Language":"EN"}}}]},{"ID":10887,"SortNo":"40","FeatureGroup":{"ID":"186","Name":{"Value":"Multimedia","Language":"EN"}},"Features":[{"Localized":0,"ID":792852125,"LocalID":0,"Type":"numerical","Value":"2","CategoryFeatureId":"207681","CategoryFeatureGroupID":"10887","SortNo":"10000680","PresentationValue":"2","RawValue":"2","LocalValue":"2","Description":"The quantity of speakers included in/with the product.","Mandatory":"0","Searchable":"0","Optional":"0","Feature":{"ID":"10183","Sign":"","Measure":{"ID":"29","Sign":"","Signs":{"ID":"","_":"","Language":"EN"}},"Name":{"Value":"Number of speakers","Language":"EN"}}},{"Localized":0,"ID":792852085,"LocalID":0,"Type":"numerical","Value":"4","CategoryFeatureId":"17100","CategoryFeatureGroupID":"10887","SortNo":"10000670","PresentationValue":"4 W","RawValue":"4","LocalValue":"4","Description":"RMS (Root mean square) is a measure of the continuous power required by a device, in particular audio amplifiers and loudspeakers.","Mandatory":"0","Searchable":"0","Optional":"0","Feature":{"ID":"1854","Sign":"","Measure":{"ID":"44","Sign":"","Signs":{"ID":"28","_":"W","Language":"EN"}},"Name":{"Value":"RMS rated power","Language":"EN"}}},{"Localized":0,"ID":792852091,"LocalID":0,"Type":"y_n","Value":"Y","CategoryFeatureId":"31341","CategoryFeatureGroupID":"10887","SortNo":"700","PresentationValue":"Yes","RawValue":"Y","LocalValue":"Yes","Description":"The device contains speaker(s) to produce sound.","Mandatory":"1","Searchable":"1","Optional":"0","Feature":{"ID":"2433","Sign":"","Measure":{"ID":"26","Sign":"","Signs":{"ID":"","_":"","Language":"EN"}},"Name":{"Value":"Built-in speaker(s)","Language":"EN"}}}]},{"ID":10677,"SortNo":"35","FeatureGroup":{"ID":"148","Name":{"Value":"Design","Language":"EN"}},"Features":[{"Localized":0,"ID":792852122,"LocalID":0,"Type":"dropdown","Value":"Business","CategoryFeatureId":"245761","CategoryFeatureGroupID":"10677","SortNo":"800","PresentationValue":"Business","RawValue":"Business","LocalValue":"Business","Description":"Under which category can the device be positioned in the market, e.g. camera phone.","Mandatory":"1","Searchable":"1","Optional":"0","Feature":{"ID":"9021","Sign":"","Measure":{"ID":"29","Sign":"","Signs":{"ID":"","_":"","Language":"EN"}},"Name":{"Value":"Market positioning","Language":"EN"}}},{"Localized":0,"ID":792852082,"LocalID":0,"Type":"dropdown","Value":"Black","CategoryFeatureId":"11218","CategoryFeatureGroupID":"10677","SortNo":"790","PresentationValue":"Black","RawValue":"Black","LocalValue":"Black","Description":"The colour e.g. red, blue, green, black, white.","Mandatory":"1","Searchable":"1","Optional":"0","Feature":{"ID":"1766","Sign":"","Measure":{"ID":"29","Sign":"","Signs":{"ID":"","_":"","Language":"EN"}},"Name":{"Value":"Product colour","Language":"EN"}}},{"Localized":0,"ID":792852132,"LocalID":0,"Type":"dropdown","Value":"Black","CategoryFeatureId":"82000","CategoryFeatureGroupID":"10677","SortNo":"740","PresentationValue":"Black","RawValue":"Black","LocalValue":"Black","Description":"","Mandatory":"0","Searchable":"0","Optional":"0","Feature":{"ID":"12006","Sign":"","Measure":{"ID":"29","Sign":"","Signs":{"ID":"","_":"","Language":"EN"}},"Name":{"Value":"Front bezel colour","Language":"EN"}}},{"Localized":0,"ID":792852126,"LocalID":0,"Type":"multi_dropdown","Value":"Black","CategoryFeatureId":"84492","CategoryFeatureGroupID":"10677","SortNo":"700","PresentationValue":"Black","RawValue":"Black","LocalValue":"Black","Description":"The colour of the feet, which are the projecting part on which a device/piece of furniture, or each of its legs, stands.","Mandatory":"0","Searchable":"0","Optional":"0","Feature":{"ID":"10232","Sign":"","Measure":{"ID":"29","Sign":"","Signs":{"ID":"","_":"","Language":"EN"}},"Name":{"Value":"Feet colour","Language":"EN"}}}]},{"ID":1742,"SortNo":"30","FeatureGroup":{"ID":"12","Name":{"Value":"Ports & interfaces","Language":"EN"}},"Features":[{"Localized":0,"ID":792852145,"LocalID":0,"Type":"y_n","Value":"Y","CategoryFeatureId":"139339","CategoryFeatureGroupID":"1742","SortNo":"900","PresentationValue":"Yes","RawValue":"Y","LocalValue":"Yes","Description":"Whether or not the device features a USB hub to connect more than one other device via USB.","Mandatory":"1","Searchable":"1","Optional":"0","Feature":{"ID":"22838","Sign":"","Measure":{"ID":"26","Sign":"","Signs":{"ID":"","_":"","Language":"EN"}},"Name":{"Value":"Built-in USB hub","Language":"EN"}}},{"Localized":0,"ID":835294278,"LocalID":0,"Type":"dropdown","Value":"3.2 Gen 1 (3.1 Gen 1)","CategoryFeatureId":"139340","CategoryFeatureGroupID":"1742","SortNo":"890","PresentationValue":"3.2 Gen 1 (3.1 Gen 1)","RawValue":"3.2 Gen 1 (3.1 Gen 1)","LocalValue":"3.2 Gen 1 (3.1 Gen 1)","Description":"","Mandatory":"0","Searchable":"0","Optional":"0","Feature":{"ID":"22839","Sign":"","Measure":{"ID":"29","Sign":"","Signs":{"ID":"","_":"","Language":"EN"}},"Name":{"Value":"USB hub version","Language":"EN"}}},{"Localized":0,"ID":835294273,"LocalID":0,"Type":"numerical","Value":"1","CategoryFeatureId":"682734","CategoryFeatureGroupID":"1742","SortNo":"860","PresentationValue":"1","RawValue":"1","LocalValue":"1","Description":"","Mandatory":"0","Searchable":"0","Optional":"0","Feature":{"ID":"42595","Sign":"","Measure":{"ID":"29","Sign":"","Signs":{"ID":"","_":"","Language":"EN"}},"Name":{"Value":"Number of USB Type-B upstream ports quantity","Language":"EN"}}},{"Localized":0,"ID":835294276,"LocalID":0,"Type":"numerical","Value":"4","CategoryFeatureId":"139347","CategoryFeatureGroupID":"1742","SortNo":"840","PresentationValue":"4","RawValue":"4","LocalValue":"4","Description":"","Mandatory":"0","Searchable":"0","Optional":"0","Feature":{"ID":"22842","Sign":"","Measure":{"ID":"29","Sign":"","Signs":{"ID":"","_":"","Language":"EN"}},"Name":{"Value":"USB Type-A downstream ports quantity","Language":"EN"}}},{"Localized":0,"ID":792852108,"LocalID":0,"Type":"y_n","Value":"Y","CategoryFeatureId":"37850","CategoryFeatureGroupID":"1742","SortNo":"740","PresentationValue":"Yes","RawValue":"Y","LocalValue":"Yes","Description":"HDMI (High-Definition Multimedia Interface) is a compact audio/video interface for transferring uncompressed video data and compressed/uncompressed digital audio data from a HDMI-compliant device (\"the source device\") to a compatible computer monitor, video projector, digital television, or digital audio device. HDMI is a digital replacement for existing analog video standards.","Mandatory":"1","Searchable":"0","Optional":"0","Feature":{"ID":"5620","Sign":"","Measure":{"ID":"26","Sign":"","Signs":{"ID":"","_":"","Language":"EN"}},"Name":{"Value":"HDMI","Language":"EN"}}},{"Localized":0,"ID":792852094,"LocalID":0,"Type":"numerical","Value":"2","CategoryFeatureId":"20882","CategoryFeatureGroupID":"1742","SortNo":"730","PresentationValue":"2","RawValue":"2","LocalValue":"2","Description":"The number of sockets (ports) for HDMI connections. HDMI (High-Definition Multimedia Interface) is a compact audio/video interface for transferring uncompressed video data and compressed/uncompressed digital audio data from a HDMI-compliant device (\"the source device\") to a compatible computer monitor, video projector, digital television, or digital audio device. HDMI is a digital replacement for existing analog video standards.","Mandatory":"0","Searchable":"0","Optional":"0","Feature":{"ID":"3566","Sign":"","Measure":{"ID":"29","Sign":"","Signs":{"ID":"","_":"","Language":"EN"}},"Name":{"Value":"HDMI ports quantity","Language":"EN"}}},{"Localized":0,"ID":792852107,"LocalID":0,"Type":"dropdown","Value":"2.0","CategoryFeatureId":"270899","CategoryFeatureGroupID":"1742","SortNo":"720","PresentationValue":"2.0","RawValue":"2.0","LocalValue":"2.0","Description":"","Mandatory":"0","Searchable":"0","Optional":"0","Feature":{"ID":"5452","Sign":"","Measure":{"ID":"29","Sign":"","Signs":{"ID":"","_":"","Language":"EN"}},"Name":{"Value":"HDMI version","Language":"EN"}}},{"Localized":0,"ID":792852111,"LocalID":0,"Type":"numerical","Value":"1","CategoryFeatureId":"35722","CategoryFeatureGroupID":"1742","SortNo":"690","PresentationValue":"1","RawValue":"1","LocalValue":"1","Description":"Number of DisplayPorts. A DisplayPort is a digital display interface developed by the Video Electronics Standards Association (VESA). The interface is primarily used to connect a video source to a display device such as a computer monitor, though it can also be used to carry audio, USB, and other forms of data.","Mandatory":"0","Searchable":"0","Optional":"0","Feature":{"ID":"6611","Sign":"","Measure":{"ID":"29","Sign":"","Signs":{"ID":"","_":"","Language":"EN"}},"Name":{"Value":"DisplayPorts quantity","Language":"EN"}}},{"Localized":0,"ID":792852129,"LocalID":0,"Type":"dropdown","Value":"1.2","CategoryFeatureId":"270900","CategoryFeatureGroupID":"1742","SortNo":"680","PresentationValue":"1.2","RawValue":"1.2","LocalValue":"1.2","Description":"","Mandatory":"0","Searchable":"0","Optional":"0","Feature":{"ID":"11111","Sign":"","Measure":{"ID":"29","Sign":"","Signs":{"ID":"","_":"","Language":"EN"}},"Name":{"Value":"DisplayPort version","Language":"EN"}}},{"Localized":0,"ID":792852083,"LocalID":0,"Type":"dropdown","Value":"Y","CategoryFeatureId":"17099","CategoryFeatureGroupID":"1742","SortNo":"620","PresentationValue":"Yes","RawValue":"Y","LocalValue":"Yes","Description":"The type of audio output that the device produces, and the connector(s).","Mandatory":"0","Searchable":"0","Optional":"0","Feature":{"ID":"1786","Sign":"","Measure":{"ID":"29","Sign":"","Signs":{"ID":"","_":"","Language":"EN"}},"Name":{"Value":"Audio output","Language":"EN"}}},{"Localized":0,"ID":792852109,"LocalID":0,"Type":"y_n","Value":"Y","CategoryFeatureId":"26708","CategoryFeatureGroupID":"1742","SortNo":"530","PresentationValue":"Yes","RawValue":"Y","LocalValue":"Yes","Description":"High-bandwidth Digital Content Protection (HDCP) is a form of digital copy protection to prevent copying of digital audio and video content as it travels across connections.","Mandatory":"0","Searchable":"0","Optional":"0","Feature":{"ID":"5636","Sign":"","Measure":{"ID":"26","Sign":"","Signs":{"ID":"","_":"","Language":"EN"}},"Name":{"Value":"HDCP","Language":"EN"}}},{"Localized":0,"ID":792852124,"LocalID":0,"Type":"dropdown","Value":"1.4/2.2","CategoryFeatureId":"903350","CategoryFeatureGroupID":"1742","SortNo":"520","PresentationValue":"1.4/2.2","RawValue":"1.4/2.2","LocalValue":"1.4/2.2","Description":"","Mandatory":"0","Searchable":"0","Optional":"0","Feature":{"ID":"9814","Sign":"","Measure":{"ID":"29","Sign":"","Signs":{"ID":"","_":"","Language":"EN"}},"Name":{"Value":"HDCP version","Language":"EN"}}}]},{"ID":3070,"SortNo":"25","FeatureGroup":{"ID":"96","Name":{"Value":"Ergonomics","Language":"EN"}},"Features":[{"Localized":0,"ID":792852141,"LocalID":0,"Type":"y_n","Value":"Y","CategoryFeatureId":"109688","CategoryFeatureGroupID":"3070","SortNo":"400","PresentationValue":"Yes","RawValue":"Y","LocalValue":"Yes","Description":"","Mandatory":"1","Searchable":"1","Optional":"0","Feature":{"ID":"16767","Sign":"","Measure":{"ID":"26","Sign":"","Signs":{"ID":"","_":"","Language":"EN"}},"Name":{"Value":"VESA mounting","Language":"EN"}}},{"Localized":0,"ID":792852099,"LocalID":0,"Type":"multi_dropdown","Value":"100 x 100","CategoryFeatureId":"22159","CategoryFeatureGroupID":"3070","SortNo":"390","PresentationValue":"100 x 100 mm","RawValue":"100 x 100","LocalValue":"100 x 100","Description":"The product can be used wih VESA mounting interfaces.","Mandatory":"0","Searchable":"0","Optional":"0","Feature":{"ID":"4037","Sign":"","Measure":{"ID":"24","Sign":"","Signs":{"ID":"3","_":"mm","Language":"EN"}},"Name":{"Value":"Panel mounting interface","Language":"EN"}}},{"Localized":0,"ID":792852077,"LocalID":0,"Type":"y_n","Value":"Y","CategoryFeatureId":"14296","CategoryFeatureGroupID":"3070","SortNo":"360","PresentationValue":"Yes","RawValue":"Y","LocalValue":"Yes","Description":"Holes on the edge of devices through which a cable lock can be passed, so the device can be locked to a desk etc.","Mandatory":"1","Searchable":"0","Optional":"0","Feature":{"ID":"1352","Sign":"","Measure":{"ID":"26","Sign":"","Signs":{"ID":"","_":"","Language":"EN"}},"Name":{"Value":"Cable lock slot","Language":"EN"}}},{"Localized":0,"ID":792852139,"LocalID":0,"Type":"multi_dropdown","Value":"Kensington","CategoryFeatureId":"252503","CategoryFeatureGroupID":"3070","SortNo":"350","PresentationValue":"Kensington","RawValue":"Kensington","LocalValue":"Kensington","Description":"","Mandatory":"0","Searchable":"0","Optional":"0","Feature":{"ID":"14097","Sign":"","Measure":{"ID":"29","Sign":"","Signs":{"ID":"","_":"","Language":"EN"}},"Name":{"Value":"Cable lock slot type","Language":"EN"}}},{"Localized":0,"ID":792852086,"LocalID":0,"Type":"y_n","Value":"Y","CategoryFeatureId":"68504","CategoryFeatureGroupID":"3070","SortNo":"340","PresentationValue":"Yes","RawValue":"Y","LocalValue":"Yes","Description":"The part of the device that can be adjusted to change the height.","Mandatory":"1","Searchable":"0","Optional":"0","Feature":{"ID":"1954","Sign":"","Measure":{"ID":"26","Sign":"","Signs":{"ID":"","_":"","Language":"EN"}},"Name":{"Value":"Height adjustment","Language":"EN"}}},{"Localized":0,"ID":792852147,"LocalID":0,"Type":"numerical","Value":"150","CategoryFeatureId":"1083333","CategoryFeatureGroupID":"3070","SortNo":"330","PresentationValue":"15 cm","RawValue":"150","LocalValue":"15","Description":"","Mandatory":"0","Searchable":"0","Optional":"0","Feature":{"ID":"25138","Sign":"","Measure":{"ID":"24","Sign":"","Signs":{"ID":"3","_":"mm","Language":"EN"}},"Name":{"Value":"Adjustable height (max)","Language":"EN"}}},{"Localized":0,"ID":792852092,"LocalID":0,"Type":"y_n","Value":"Y","CategoryFeatureId":"16130","CategoryFeatureGroupID":"3070","SortNo":"320","PresentationValue":"Yes","RawValue":"Y","LocalValue":"Yes","Description":"","Mandatory":"0","Searchable":"0","Optional":"0","Feature":{"ID":"2764","Sign":"","Measure":{"ID":"26","Sign":"","Signs":{"ID":"","_":"","Language":"EN"}},"Name":{"Value":"Pivot","Language":"EN"}}},{"Localized":0,"ID":792852117,"LocalID":0,"Type":"range","Value":"-90 - 90","CategoryFeatureId":"48001","CategoryFeatureGroupID":"3070","SortNo":"310","PresentationValue":"-90 - 90°","RawValue":"-90 - 90","LocalValue":"-90 - 90","Description":"","Mandatory":"0","Searchable":"0","Optional":"0","Feature":{"ID":"8037","Sign":"","Measure":{"ID":"32","Sign":"","Signs":{"ID":"16","_":"°","Language":"EN"}},"Name":{"Value":"Pivot angle","Language":"EN"}}},{"Localized":0,"ID":792852113,"LocalID":0,"Type":"y_n","Value":"Y","CategoryFeatureId":"71482","CategoryFeatureGroupID":"3070","SortNo":"300","PresentationValue":"Yes","RawValue":"Y","LocalValue":"Yes","Description":"","Mandatory":"0","Searchable":"0","Optional":"0","Feature":{"ID":"7263","Sign":"","Measure":{"ID":"26","Sign":"","Signs":{"ID":"","_":"","Language":"EN"}},"Name":{"Value":"Swivelling","Language":"EN"}}},{"Localized":0,"ID":792852087,"LocalID":0,"Type":"range","Value":"-180 - 180","CategoryFeatureId":"9092","CategoryFeatureGroupID":"3070","SortNo":"290","PresentationValue":"-180 - 180°","RawValue":"-180 - 180","LocalValue":"-180 - 180","Description":"","Mandatory":"0","Searchable":"0","Optional":"0","Feature":{"ID":"1956","Sign":"","Measure":{"ID":"32","Sign":"","Signs":{"ID":"16","_":"°","Language":"EN"}},"Name":{"Value":"Swivel angle range","Language":"EN"}}},{"Localized":0,"ID":792852119,"LocalID":0,"Type":"y_n","Value":"Y","CategoryFeatureId":"930782","CategoryFeatureGroupID":"3070","SortNo":"271","PresentationValue":"Yes","RawValue":"Y","LocalValue":"Yes","Description":"The tilt, which means the angle at which the device is pointing (up or down), can be changed.","Mandatory":"0","Searchable":"0","Optional":"0","Feature":{"ID":"8302","Sign":"","Measure":{"ID":"26","Sign":"","Signs":{"ID":"","_":"","Language":"EN"}},"Name":{"Value":"Tilt adjustment","Language":"EN"}}},{"Localized":0,"ID":792852090,"LocalID":0,"Type":"range","Value":"-5 - 30","CategoryFeatureId":"18150","CategoryFeatureGroupID":"3070","SortNo":"270","PresentationValue":"-5 - 30°","RawValue":"-5 - 30","LocalValue":"-5 - 30","Description":"","Mandatory":"0","Searchable":"0","Optional":"0","Feature":{"ID":"2077","Sign":"","Measure":{"ID":"32","Sign":"","Signs":{"ID":"16","_":"°","Language":"EN"}},"Name":{"Value":"Tilt angle range","Language":"EN"}}},{"Localized":0,"ID":792852093,"LocalID":0,"Type":"y_n","Value":"Y","CategoryFeatureId":"47992","CategoryFeatureGroupID":"3070","SortNo":"250","PresentationValue":"Yes","RawValue":"Y","LocalValue":"Yes","Description":"","Mandatory":"0","Searchable":"0","Optional":"0","Feature":{"ID":"3064","Sign":"","Measure":{"ID":"26","Sign":"","Signs":{"ID":"","_":"","Language":"EN"}},"Name":{"Value":"On Screen Display (OSD)","Language":"EN"}}},{"Localized":0,"ID":792852116,"LocalID":0,"Type":"numerical","Value":"21","CategoryFeatureId":"47993","CategoryFeatureGroupID":"3070","SortNo":"230","PresentationValue":"21","RawValue":"21","LocalValue":"21","Description":"","Mandatory":"0","Searchable":"0","Optional":"0","Feature":{"ID":"7598","Sign":"","Measure":{"ID":"29","Sign":"","Signs":{"ID":"","_":"","Language":"EN"}},"Name":{"Value":"Number of OSD languages","Language":"EN"}}},{"Localized":0,"ID":792852074,"LocalID":0,"Type":"y_n","Value":"Y","CategoryFeatureId":"15669","CategoryFeatureGroupID":"3070","SortNo":"210","PresentationValue":"Yes","RawValue":"Y","LocalValue":"Yes","Description":"Indicates whether this product supports is \"plug and play\". Plug and play is  hardware or software that, after being installed (\"plugged in\"), can immediately be used (\"played with\"), as opposed to hardware or software which requires configuration.","Mandatory":"0","Searchable":"0","Optional":"0","Feature":{"ID":"775","Sign":"","Measure":{"ID":"26","Sign":"","Signs":{"ID":"","_":"","Language":"EN"}},"Name":{"Value":"Plug and Play","Language":"EN"}}},{"Localized":0,"ID":792852079,"LocalID":0,"Type":"multi_dropdown","Value":"Y","CategoryFeatureId":"47976","CategoryFeatureGroupID":"3070","SortNo":"200","PresentationValue":"Yes","RawValue":"Y","LocalValue":"Yes","Description":"","Mandatory":"0","Searchable":"0","Optional":"0","Feature":{"ID":"1501","Sign":"","Measure":{"ID":"29","Sign":"","Signs":{"ID":"","_":"","Language":"EN"}},"Name":{"Value":"LED indicators","Language":"EN"}}}]},{"ID":99,"SortNo":"24","FeatureGroup":{"ID":"27","Name":{"Value":"Power","Language":"EN"}},"Features":[{"Localized":0,"ID":792852158,"LocalID":0,"Type":"dropdown","Value":"D","CategoryFeatureId":"708167","CategoryFeatureGroupID":"99","SortNo":"300","PresentationValue":"D","RawValue":"D","LocalValue":"D","Description":"","Mandatory":"1","Searchable":"0","Optional":"0","Feature":{"ID":"42856","Sign":"","Measure":{"ID":"29","Sign":"","Signs":{"ID":"","_":"","Language":"EN"}},"Name":{"Value":"Energy efficiency class (SDR)","Language":"EN"}}},{"Localized":0,"ID":792852159,"LocalID":0,"Type":"dropdown","Value":"Not available","CategoryFeatureId":"708168","CategoryFeatureGroupID":"99","SortNo":"290","PresentationValue":"Not available","RawValue":"Not available","LocalValue":"Not available","Description":"","Mandatory":"1","Searchable":"0","Optional":"0","Feature":{"ID":"42857","Sign":"","Measure":{"ID":"29","Sign":"","Signs":{"ID":"","_":"","Language":"EN"}},"Name":{"Value":"Energy efficiency class (HDR)","Language":"EN"}}},{"Localized":0,"ID":792852160,"LocalID":0,"Type":"numerical","Value":"16","CategoryFeatureId":"708169","CategoryFeatureGroupID":"99","SortNo":"280","PresentationValue":"16 kWh","RawValue":"16","LocalValue":"16","Description":"","Mandatory":"1","Searchable":"0","Optional":"0","Feature":{"ID":"42858","Sign":"","Measure":{"ID":"103","Sign":"","Signs":{"ID":"85","_":"kWh","Language":"EN"}},"Name":{"Value":"Energy consumption (SDR) per 1000 hours","Language":"EN"}}},{"Localized":0,"ID":792852068,"LocalID":0,"Type":"numerical","Value":"11.28","CategoryFeatureId":"9931","CategoryFeatureGroupID":"99","SortNo":"260","PresentationValue":"11.28 W","RawValue":"11.28","LocalValue":"11.28","Description":"Amount of power consumed by this model, often expressed in watts (W). Typical values that manufacturers give are power consumption when off, standby/suspended mode, typical use, maximum usage.","Mandatory":"1","Searchable":"0","Optional":"0","Feature":{"ID":"445","Sign":"","Measure":{"ID":"44","Sign":"","Signs":{"ID":"28","_":"W","Language":"EN"}},"Name":{"Value":"Power consumption (typical)","Language":"EN"}}},{"Localized":0,"ID":792852089,"LocalID":0,"Type":"numerical","Value":"0.5","CategoryFeatureId":"9930","CategoryFeatureGroupID":"99","SortNo":"250","PresentationValue":"0.5 W","RawValue":"0.5","LocalValue":"0.5","Description":"The amount of electricity that is consumed when the product is on standby.","Mandatory":"1","Searchable":"0","Optional":"0","Feature":{"ID":"2036","Sign":"","Measure":{"ID":"44","Sign":"","Signs":{"ID":"28","_":"W","Language":"EN"}},"Name":{"Value":"Power consumption (standby)","Language":"EN"}}},{"Localized":0,"ID":792852088,"LocalID":0,"Type":"numerical","Value":"0.3","CategoryFeatureId":"18691","CategoryFeatureGroupID":"99","SortNo":"220","PresentationValue":"0.3 W","RawValue":"0.3","LocalValue":"0.3","Description":"","Mandatory":"0","Searchable":"0","Optional":"0","Feature":{"ID":"2034","Sign":"","Measure":{"ID":"44","Sign":"","Signs":{"ID":"28","_":"W","Language":"EN"}},"Name":{"Value":"Power consumption (off)","Language":"EN"}}},{"Localized":0,"ID":792852121,"LocalID":0,"Type":"dropdown","Value":"100 - 240","CategoryFeatureId":"122959","CategoryFeatureGroupID":"99","SortNo":"200","PresentationValue":"100 - 240 V","RawValue":"100 - 240","LocalValue":"100 - 240","Description":"The voltage of the AC electricity that is inputted into the product.","Mandatory":"0","Searchable":"0","Optional":"0","Feature":{"ID":"8491","Sign":"","Measure":{"ID":"42","Sign":"","Signs":{"ID":"26","_":"V","Language":"EN"}},"Name":{"Value":"AC input voltage","Language":"EN"}}},{"Localized":0,"ID":792852120,"LocalID":0,"Type":"dropdown","Value":"50/60","CategoryFeatureId":"122960","CategoryFeatureGroupID":"99","SortNo":"190","PresentationValue":"50/60 Hz","RawValue":"50/60","LocalValue":"50/60","Description":"","Mandatory":"0","Searchable":"0","Optional":"0","Feature":{"ID":"8484","Sign":"","Measure":{"ID":"36","Sign":"","Signs":{"ID":"20","_":"Hz","Language":"EN"}},"Name":{"Value":"AC input frequency","Language":"EN"}}},{"Localized":0,"ID":792852069,"LocalID":0,"Type":"dropdown","Value":"Internal","CategoryFeatureId":"120833","CategoryFeatureGroupID":"99","SortNo":"160","PresentationValue":"Internal","RawValue":"Internal","LocalValue":"Internal","Description":"The type of power supply which this product uses.","Mandatory":"0","Searchable":"0","Optional":"0","Feature":{"ID":"514","Sign":"","Measure":{"ID":"29","Sign":"","Signs":{"ID":"","_":"","Language":"EN"}},"Name":{"Value":"Power supply type","Language":"EN"}}}]},{"ID":1205,"SortNo":"23","FeatureGroup":{"ID":"28","Name":{"Value":"Operational conditions","Language":"EN"}},"Features":[{"Localized":0,"ID":792852076,"LocalID":0,"Type":"range","Value":"0 - 40","CategoryFeatureId":"5557","CategoryFeatureGroupID":"1205","SortNo":"200","PresentationValue":"0 - 40 °C","RawValue":"0 - 40","LocalValue":"0 - 40","Description":"The minimum and maximum temperatures at which the product can be safely operated.","Mandatory":"0","Searchable":"0","Optional":"0","Feature":{"ID":"1112","Sign":"","Measure":{"ID":"65","Sign":"","Signs":{"ID":"48","_":"°C","Language":"EN"}},"Name":{"Value":"Operating temperature (T-T)","Language":"EN"}}},{"Localized":0,"ID":792852072,"LocalID":0,"Type":"range","Value":"-20 - 60","CategoryFeatureId":"5002","CategoryFeatureGroupID":"1205","SortNo":"190","PresentationValue":"-20 - 60 °C","RawValue":"-20 - 60","LocalValue":"-20 - 60","Description":"The minimum and maximum temperatures at which the product can be safely stored.","Mandatory":"0","Searchable":"0","Optional":"0","Feature":{"ID":"757","Sign":"","Measure":{"ID":"65","Sign":"","Signs":{"ID":"48","_":"°C","Language":"EN"}},"Name":{"Value":"Storage temperature (T-T)","Language":"EN"}}},{"Localized":0,"ID":792852071,"LocalID":0,"Type":"range","Value":"20 - 80","CategoryFeatureId":"4997","CategoryFeatureGroupID":"1205","SortNo":"180","PresentationValue":"20 - 80%","RawValue":"20 - 80","LocalValue":"20 - 80","Description":"","Mandatory":"0","Searchable":"0","Optional":"0","Feature":{"ID":"703","Sign":"","Measure":{"ID":"64","Sign":"","Signs":{"ID":"47","_":"%","Language":"EN"}},"Name":{"Value":"Operating relative humidity (H-H)","Language":"EN"}}},{"Localized":0,"ID":792852070,"LocalID":0,"Type":"range","Value":"0 - 3658","CategoryFeatureId":"17175","CategoryFeatureGroupID":"1205","SortNo":"160","PresentationValue":"0 - 3658 m","RawValue":"0 - 3658","LocalValue":"0 - 3658","Description":"","Mandatory":"0","Searchable":"0","Optional":"0","Feature":{"ID":"667","Sign":"","Measure":{"ID":"54","Sign":"","Signs":{"ID":"37","_":"m","Language":"EN"}},"Name":{"Value":"Operating altitude","Language":"EN"}}},{"Localized":0,"ID":792852078,"LocalID":0,"Type":"range","Value":"0 - 12192","CategoryFeatureId":"72545","CategoryFeatureGroupID":"1205","SortNo":"150","PresentationValue":"0 - 12192 m","RawValue":"0 - 12192","LocalValue":"0 - 12192","Description":"","Mandatory":"0","Searchable":"0","Optional":"0","Feature":{"ID":"1449","Sign":"","Measure":{"ID":"54","Sign":"","Signs":{"ID":"37","_":"m","Language":"EN"}},"Name":{"Value":"Non-operating altitude","Language":"EN"}}}]},{"ID":98,"SortNo":"21","FeatureGroup":{"ID":"14","Name":{"Value":"Weight & dimensions","Language":"EN"}},"Features":[{"Localized":0,"ID":792852100,"LocalID":0,"Type":"numerical","Value":"615","CategoryFeatureId":"22203","CategoryFeatureGroupID":"98","SortNo":"400","PresentationValue":"615 mm","RawValue":"615","LocalValue":"615","Description":"","Mandatory":"0","Searchable":"0","Optional":"0","Feature":{"ID":"4156","Sign":"","Measure":{"ID":"24","Sign":"","Signs":{"ID":"3","_":"mm","Language":"EN"}},"Name":{"Value":"Width (with stand)","Language":"EN"}}},{"Localized":0,"ID":792852103,"LocalID":0,"Type":"numerical","Value":"146","CategoryFeatureId":"22162","CategoryFeatureGroupID":"98","SortNo":"390","PresentationValue":"146 mm","RawValue":"146","LocalValue":"146","Description":"","Mandatory":"0","Searchable":"0","Optional":"0","Feature":{"ID":"4179","Sign":"","Measure":{"ID":"24","Sign":"","Signs":{"ID":"3","_":"mm","Language":"EN"}},"Name":{"Value":"Depth (with stand)","Language":"EN"}}},{"Localized":0,"ID":792852102,"LocalID":0,"Type":"numerical","Value":"539","CategoryFeatureId":"22171","CategoryFeatureGroupID":"98","SortNo":"380","PresentationValue":"539 mm","RawValue":"539","LocalValue":"539","Description":"","Mandatory":"0","Searchable":"0","Optional":"0","Feature":{"ID":"4178","Sign":"","Measure":{"ID":"24","Sign":"","Signs":{"ID":"3","_":"mm","Language":"EN"}},"Name":{"Value":"Height (with stand)","Language":"EN"}}},{"Localized":0,"ID":792852143,"LocalID":0,"Type":"numerical","Value":"6230","CategoryFeatureId":"112042","CategoryFeatureGroupID":"98","SortNo":"370","PresentationValue":"6.23 kg","RawValue":"6230","LocalValue":"6.23","Description":"","Mandatory":"0","Searchable":"0","Optional":"0","Feature":{"ID":"19017","Sign":"","Measure":{"ID":"38","Sign":"","Signs":{"ID":"22","_":"g","Language":"EN"}},"Name":{"Value":"Weight (with stand)","Language":"EN"}}},{"Localized":0,"ID":792852136,"LocalID":0,"Type":"numerical","Value":"615","CategoryFeatureId":"91400","CategoryFeatureGroupID":"98","SortNo":"360","PresentationValue":"615 mm","RawValue":"615","LocalValue":"615","Description":"","Mandatory":"0","Searchable":"0","Optional":"0","Feature":{"ID":"12576","Sign":"","Measure":{"ID":"24","Sign":"","Signs":{"ID":"3","_":"mm","Language":"EN"}},"Name":{"Value":"Width (without stand)","Language":"EN"}}},{"Localized":0,"ID":792852137,"LocalID":0,"Type":"numerical","Value":"46","CategoryFeatureId":"91489","CategoryFeatureGroupID":"98","SortNo":"350","PresentationValue":"46 mm","RawValue":"46","LocalValue":"46","Description":"","Mandatory":"0","Searchable":"0","Optional":"0","Feature":{"ID":"12577","Sign":"","Measure":{"ID":"24","Sign":"","Signs":{"ID":"3","_":"mm","Language":"EN"}},"Name":{"Value":"Depth (without stand)","Language":"EN"}}},{"Localized":0,"ID":792852135,"LocalID":0,"Type":"numerical","Value":"361","CategoryFeatureId":"91538","CategoryFeatureGroupID":"98","SortNo":"340","PresentationValue":"361 mm","RawValue":"361","LocalValue":"361","Description":"","Mandatory":"0","Searchable":"0","Optional":"0","Feature":{"ID":"12574","Sign":"","Measure":{"ID":"24","Sign":"","Signs":{"ID":"3","_":"mm","Language":"EN"}},"Name":{"Value":"Height (without stand)","Language":"EN"}}},{"Localized":0,"ID":792852134,"LocalID":0,"Type":"numerical","Value":"4560","CategoryFeatureId":"684552","CategoryFeatureGroupID":"98","SortNo":"330","PresentationValue":"4.56 kg","RawValue":"4560","LocalValue":"4.56","Description":"","Mandatory":"0","Searchable":"0","Optional":"0","Feature":{"ID":"12573","Sign":"","Measure":{"ID":"38","Sign":"","Signs":{"ID":"22","_":"g","Language":"EN"}},"Name":{"Value":"Weight (without stand)","Language":"EN"}}}]},{"ID":23760,"SortNo":"20","FeatureGroup":{"ID":"67","Name":{"Value":"Packaging data","Language":"EN"}},"Features":[{"Localized":0,"ID":792852097,"LocalID":0,"Type":"numerical","Value":"730","CategoryFeatureId":"22179","CategoryFeatureGroupID":"23760","SortNo":"360","PresentationValue":"730 mm","RawValue":"730","LocalValue":"730","Description":"The distance from one side of the packaging to the other.","Mandatory":"0","Searchable":"0","Optional":"0","Feature":{"ID":"3808","Sign":"","Measure":{"ID":"24","Sign":"","Signs":{"ID":"3","_":"mm","Language":"EN"}},"Name":{"Value":"Package width","Language":"EN"}}},{"Localized":0,"ID":792852095,"LocalID":0,"Type":"numerical","Value":"139","CategoryFeatureId":"22177","CategoryFeatureGroupID":"23760","SortNo":"350","PresentationValue":"139 mm","RawValue":"139","LocalValue":"139","Description":"The distance from the front to the back of the packaging.","Mandatory":"0","Searchable":"0","Optional":"0","Feature":{"ID":"3806","Sign":"","Measure":{"ID":"24","Sign":"","Signs":{"ID":"3","_":"mm","Language":"EN"}},"Name":{"Value":"Package depth","Language":"EN"}}},{"Localized":0,"ID":792852096,"LocalID":0,"Type":"numerical","Value":"445","CategoryFeatureId":"22178","CategoryFeatureGroupID":"23760","SortNo":"340","PresentationValue":"445 mm","RawValue":"445","LocalValue":"445","Description":"The distance from the top to the bottom of the packaging.","Mandatory":"0","Searchable":"0","Optional":"0","Feature":{"ID":"3807","Sign":"","Measure":{"ID":"24","Sign":"","Signs":{"ID":"3","_":"mm","Language":"EN"}},"Name":{"Value":"Package height","Language":"EN"}}},{"Localized":0,"ID":792852073,"LocalID":0,"Type":"numerical","Value":"9120","CategoryFeatureId":"5000","CategoryFeatureGroupID":"23760","SortNo":"330","PresentationValue":"9.12 kg","RawValue":"9120","LocalValue":"9.12","Description":"Weight of the packaged product.","Mandatory":"0","Searchable":"0","Optional":"0","Feature":{"ID":"762","Sign":"","Measure":{"ID":"38","Sign":"","Signs":{"ID":"22","_":"g","Language":"EN"}},"Name":{"Value":"Package weight","Language":"EN"}}}]},{"ID":49260,"SortNo":"19","FeatureGroup":{"ID":"116","Name":{"Value":"Packaging content","Language":"EN"}},"Features":[{"Localized":0,"ID":792852128,"LocalID":0,"Type":"y_n","Value":"Y","CategoryFeatureId":"123142","CategoryFeatureGroupID":"49260","SortNo":"500","PresentationValue":"Yes","RawValue":"Y","LocalValue":"Yes","Description":"","Mandatory":"0","Searchable":"0","Optional":"0","Feature":{"ID":"10505","Sign":"","Measure":{"ID":"26","Sign":"","Signs":{"ID":"","_":"","Language":"EN"}},"Name":{"Value":"Stand included","Language":"EN"}}},{"Localized":0,"ID":792852084,"LocalID":0,"Type":"multi_dropdown","Value":"DisplayPort,HDMI,Power","CategoryFeatureId":"16133","CategoryFeatureGroupID":"49260","SortNo":"490","PresentationValue":"DisplayPort, HDMI, Power","RawValue":"DisplayPort,HDMI,Power","LocalValue":"DisplayPort, HDMI, Power","Description":"","Mandatory":"0","Searchable":"0","Optional":"0","Feature":{"ID":"1830","Sign":"","Measure":{"ID":"29","Sign":"","Signs":{"ID":"","_":"","Language":"EN"}},"Name":{"Value":"Cables included","Language":"EN"}}},{"Localized":0,"ID":792852098,"LocalID":0,"Type":"y_n","Value":"Y","CategoryFeatureId":"22173","CategoryFeatureGroupID":"49260","SortNo":"410","PresentationValue":"Yes","RawValue":"Y","LocalValue":"Yes","Description":"","Mandatory":"0","Searchable":"0","Optional":"0","Feature":{"ID":"3965","Sign":"","Measure":{"ID":"26","Sign":"","Signs":{"ID":"","_":"","Language":"EN"}},"Name":{"Value":"Manual","Language":"EN"}}}]},{"ID":72250,"SortNo":"5","FeatureGroup":{"ID":"279","Name":{"Value":"Sustainability","Language":"EN"}},"Features":[{"Localized":0,"ID":792852156,"LocalID":0,"Type":"multi_dropdown","Value":"ENERGY STAR,EPEAT","CategoryFeatureId":"603799","CategoryFeatureGroupID":"72250","SortNo":"40","PresentationValue":"ENERGY STAR, EPEAT","RawValue":"ENERGY STAR,EPEAT","LocalValue":"ENERGY STAR, EPEAT","Description":"","Mandatory":"0","Searchable":"0","Optional":"0","Feature":{"ID":"42513","Sign":"","Measure":{"ID":"29","Sign":"","Signs":{"ID":"","_":"","Language":"EN"}},"Name":{"Value":"Sustainability certificates","Language":"EN"}}},{"Localized":0,"ID":792852157,"LocalID":0,"Type":"multi_dropdown","Value":"PVC/BFR","CategoryFeatureId":"624346","CategoryFeatureGroupID":"72250","SortNo":"5","PresentationValue":"PVC/BFR","RawValue":"PVC/BFR","LocalValue":"PVC/BFR","Description":"","Mandatory":"0","Searchable":"0","Optional":"0","Feature":{"ID":"42516","Sign":"","Measure":{"ID":"29","Sign":"","Signs":{"ID":"","_":"","Language":"EN"}},"Name":{"Value":"Doesn't contain","Language":"EN"}}}]},{"ID":8454,"SortNo":"-2","FeatureGroup":{"ID":"146","Name":{"Value":"Other features","Language":"EN"}},"Features":[{"Localized":0,"ID":792852163,"LocalID":0,"Type":"multi_dropdown","Value":"CB","CategoryFeatureId":"953263","CategoryFeatureGroupID":"8454","SortNo":"0","PresentationValue":"CB","RawValue":"CB","LocalValue":"CB","Description":"","Mandatory":"0","Searchable":"0","Optional":"0","Feature":{"ID":"48024","Sign":"","Measure":{"ID":"29","Sign":"","Signs":{"ID":"","_":"","Language":"EN"}},"Name":{"Value":"Compliance certificates","Language":"EN"}}}]}],"FeatureLogos":[{"LogoPic":"https://images.icecat.biz/img/feature_logo/4-8210.png","Width":"195","Height":"200","Size":"0","ThumbPic":"https://images.icecat.biz/img/feature_logo_thumbs/4-8210.png","FeatureID":"42513","Value":"ENERGY STAR","KeyLogo":0,"Description":{"Value":"ENERGY STAR® is the government-backed symbol for energy efficiency, providing simple, credible, and unbiased information that consumers and businesses rely on to make well-informed decisions. ENERGY STAR is the simple choice for energy efficiency, making it easy for consumers and businesses to purchase products that save them money and protect the environment.","Language":"EN"}},{"LogoPic":"https://images.icecat.biz/img/feature_logo/980-6359.png","Width":"300","Height":"165","Size":"0","ThumbPic":"https://images.icecat.biz/img/feature_logo_thumbs/980-6359.png","FeatureID":"42856","Value":"D","KeyLogo":1,"Description":{"Value":"D means that the product is rated in its category in terms of energy efficiency. The Energy Labeling system is based on EU Regulation 2017/1369/EU.","Language":"EN"}},{"LogoPic":"https://images.icecat.biz/img/feature_logo/1185-3426.png","Width":"300","Height":"300","Size":"0","ThumbPic":"https://images.icecat.biz/img/feature_logo_thumbs/1185-3426.png","FeatureID":"42513","Value":"EPEAT","KeyLogo":2,"Description":{"Value":"EPEAT is the premier global ecolabel for electronics and technology products.","Language":"EN"}}],"ReasonsToBuy":[{"ReasonToBuyID":"92282498","Value":"The SmartErgoBase is a monitor base that delivers ergonomic display comfort and provides cable management. The base can swivel, tilt and rotate to various angles to ensure maximum comfort. The height adjustable stand guarantees the optimal viewing level, reducing the physical strains of a long workday, while cable management reduces cable clutter and keeps the workspace neat and professional.","HighPic":"https://images.icecat.biz/img/bullets/125095746-683beb8884bad903771789.jpg","HighPicSize":"0","No":"1","Title":"SmartErgoBase enables people-friendly ergonomic adjustments","Language":"EN","Updated":"2025-08-24 22:48:08","Origin":"RTB","IsPrivate":"0"},{"ReasonToBuyID":"92751666","Value":"SoftBlue LED technology, combined with the monitor's low blue light panel, is an effective solution for reducing the adverse health effects caused by high exposure to blue light. In this monitor's panel, the ratio of light is reduced by nearly 50 percent, while the SoftBlue LED technology works simultaneously by reducing harmful blue light rays emitted from the screen. Furthermore, the SoftBlue LED technology is tested and certified by TUV Rheinland Eyesafe® for its effectiveness in reducing blue light emissions.","HighPic":"https://images.icecat.biz/img/bullets/125095746-683beb88df883539750487.jpg","HighPicSize":"0","No":"2","Title":"SoftBlue Technology: for comfortable viewing","Language":"EN","Updated":"2025-08-31 23:06:51","Origin":"RTB","IsPrivate":"0"},{"ReasonToBuyID":"86119967","Value":"Due to the way brightness is controlled on LED-backlit screens, some users experience flicker on their screen which causes eye fatigue. Philips Flicker-Free technology applies a new solution to regulate brightness and reduce flicker for more comfortable viewing.","HighPic":"https://images.icecat.biz/img/bullets/125095746-683beb8945166153562357.jpg","HighPicSize":"0","No":"3","Title":"Less eye fatigue with Flicker-Free technology","Language":"EN","Updated":"2025-09-07 23:10:17","Origin":"RTB","IsPrivate":"0"},{"ReasonToBuyID":"93065153","Value":"Philips display meets the TUV Rheinland Eyesafe® standard to truly protect you from long exposure to blue light. The always-on blue light filter not only helps reduce digital eye strain, but also guarantees colour integrity.","HighPic":"https://images.icecat.biz/img/bullets/125095746-683beb899fed5850252646.jpg","HighPicSize":"0","No":"4","Title":"Eyesafe-certified blue light protection and colour accuracy","Language":"EN","Updated":"2025-09-07 23:10:17","Origin":"RTB","IsPrivate":"0"},{"ReasonToBuyID":"93065154","Value":"A pair of high-quality stereo speakers built into a display device. They may be visible front firing, or invisible down firing, top firing, rear firing etc. depending on model and design.","HighPic":"https://images.icecat.biz/img/bullets/125095746-683beb8a02a48669722526.jpg","HighPicSize":"0","No":"5","Title":"Built-in stereo speakers for multimedia","Language":"EN","Updated":"2025-09-07 23:10:17","Origin":"RTB","IsPrivate":"0"},{"ReasonToBuyID":"93065155","Value":"An HDMI-ready device has all the required hardware to accept High-Definition Multimedia Interface (HDMI) input. A HDMI cable enables high-quality digital video and audio all transmitted over a single cable from a PC or any number of AV sources (including set-top boxes, DVD players, A/V receivers and video cameras).","HighPic":"https://images.icecat.biz/img/bullets/125095746-683beb8a4d642252656546.jpg","HighPicSize":"0","No":"6","Title":"HDMI ensures universal digital connectivity","Language":"EN","Updated":"2025-09-07 23:10:17","Origin":"RTB","IsPrivate":"0"},{"ReasonToBuyID":"93065156","Value":"These Philips screens deliver Crystalclear, Quad HD 2560x1440 or 2560x1080 pixel images. Utilizing high performance panels with high density pixel count, enabled by high bandwidth sources, these new displays will make your images and graphics come alive. Whether you are demanding professional requiring extremely detailed information for CAD-CAM solutions, using 3D graphic applications or a financial wizard working on huge spreadsheets, Philips displays will give you Crystalclear images.","HighPic":"https://images.icecat.biz/img/bullets/125095746-683beb8aa45d1699443300.jpg","HighPicSize":"0","No":"7","Title":"Crystalclear images with Quad HD 2560 x 1440 pixels","Language":"EN","Updated":"2025-09-07 23:10:17","Origin":"RTB","IsPrivate":"0"},{"ReasonToBuyID":"92282503","Value":"For gaming and video performance, you demand display with lag free, ultra-smooth images. This Philips display redraws the screen image up--to 120 times per second, much faster than a standard display. A lower frame rate can make enemies appear to jump from spot to spot on the screen, making them difficult targets to hit. With 120Hz frame rate, you get those critical missing images on the screen which shows enemy movement in ultra-smooth motion so you can easily target them.","HighPic":"https://images.icecat.biz/img/bullets/125095746-683beb8af0cbc288840083.jpg","HighPicSize":"0","No":"8","Title":"120Hz refresh rates for ultra-smooth images","Language":"EN","Updated":"2025-08-24 22:48:08","Origin":"RTB","IsPrivate":"0"},{"ReasonToBuyID":"93065157","Value":"When connected as a secondary monitor in a daisy-chain setup with a Smart Link Sync enabled primary display, brightness and color settings are automatically synchronized. There is no manual adjustments needed. Whether you're designing, presenting, or multitasking, enjoy seamless visual consistency across screens. Choose from OSD Sync or Light Sync modes (Low, Mid, or High) in the primary monitor to match your environment.","HighPic":"https://images.icecat.biz/img/bullets/125095746-68a25011b0cd9587696066.jpg","HighPicSize":"0","No":"9","Title":"Smart Link Sync: Matches primary display on second screen","Language":"EN","Updated":"2025-09-07 23:10:17","Origin":"RTB","IsPrivate":"0"},{"ReasonToBuyID":"93065158","Value":"IPS displays use an advanced technology that gives you extra-wide viewing angles of 178/178 degrees, making it possible to view the display from almost any angle. Unlike standard TN panels, IPS displays give you remarkably crisp images with vivid colours, making them ideal not only for Photos, movies and web browsing, but also for professional applications that demand colour accuracy and consistent brightness at all times.","HighPic":"https://images.icecat.biz/img/bullets/125095746-683beb882a5c4250272622.jpg","HighPicSize":"0","No":"10","Title":"IPS LED wide view technology for image and colour accuracy","Language":"EN","Updated":"2025-09-07 23:10:17","Origin":"RTB","IsPrivate":"0"}],"Reviews":[],"ProductRelated":[{"ID":0,"CategoryID":942,"Preferred":0,"IcecatID":66052550,"ProductCode":"RGOVLZE4TWSI","ThumbPic":"","ProductName":"Monitor arm R-Go Zepher Dual, for two monitors, fully adjustable, 0- 8 kg load capacity, 100% circular, black","Brand":"R-Go Tools","BrandID":14659,"ProductRelatedLocales":[{"ID":0,"Language":"EN","Preferred":0,"StartDate":"","EndDate":""}]},{"ID":0,"CategoryID":942,"Preferred":0,"IcecatID":66034473,"ProductCode":"RGOVLZE4SI","ThumbPic":"","ProductName":"Monitor arm R-Go Zepher Single, fully adjustable, 0-8 Kg load capacity, 100% circular, black","Brand":"R-Go Tools","BrandID":14659,"ProductRelatedLocales":[{"ID":0,"Language":"EN","Preferred":0,"StartDate":"","EndDate":""}]},{"ID":0,"CategoryID":942,"Preferred":0,"IcecatID":65524526,"ProductCode":"RGOVLCA4TWSI","ThumbPic":"","ProductName":"Monitor arm R-Go Caparo Dual, for two monitors, adjustable with gas spring, 3-9 kg load capacity, 100% circular, black","Brand":"R-Go Tools","BrandID":14659,"ProductRelatedLocales":[{"ID":0,"Language":"EN","Preferred":0,"StartDate":"","EndDate":""}]},{"ID":0,"CategoryID":942,"Preferred":0,"IcecatID":65516961,"ProductCode":"RGOVLCA4SI","ThumbPic":"","ProductName":"Monitor arm R-Go Caparo Single, fully adjustable with gas spring, 3-9 kg load capacity, 100% circular, black","Brand":"R-Go Tools","BrandID":14659,"ProductRelatedLocales":[{"ID":0,"Language":"EN","Preferred":0,"StartDate":"","EndDate":""}]},{"ID":0,"CategoryID":2918,"Preferred":0,"IcecatID":43582484,"ProductCode":"77HDMI-030","ThumbPic":"","ProductName":"77HDMI-030","Brand":"Cables Direct","BrandID":3239,"ProductRelatedLocales":[{"ID":0,"Language":"EN","Preferred":0,"StartDate":"","EndDate":""}]},{"ID":0,"CategoryID":2918,"Preferred":0,"IcecatID":15522343,"ProductCode":"99HDHS-101H","ThumbPic":"","ProductName":"1.5m HDMI, M - M","Brand":"Cables Direct","BrandID":3239,"ProductRelatedLocales":[{"ID":0,"Language":"EN","Preferred":0,"StartDate":"","EndDate":""}]}],"CatalogObjectCloud":{"ProductPage":{"QRCodeURL":"https://qr.icecat.biz/coc/a70e789e-b82e-4ae6-98f5-d092b4d822ef","URL":"https://coc.icecat.biz/a70e789e-b82e-4ae6-98f5-d092b4d822ef"}},"Variants":[],"ProductStory":[],"Dictionary":{"model_name":"Product name","desc":"Description","ean_code":"EAN/UPC code","flash360":"3D tour","demo_msg_part3":"If you don't have an Icecat account, please register here for free.","repairability_index":"Repairability index","zoom_panel_init":"Original size","cat_name":"Category","product_family":"Product family","back_to_top":"Back to top","zoom_panel_out":"Zoom out","specs":"Specs","eu_product_fiche":"EU Product Fiche","reviews_head_name":"Reviews","pdf_specs":"Product Brochure","zoom_panel_in":"Zoom in","html_content":"","release_date":"Release date","demo_msg_part1":"You are using now a Demo account. Please, use your own Icecat account","demo_insert_desc":"This is a demo of a seamless insert of an Icecat LIVE product data-sheet in your website. Imagine that this responsive data-sheet is included in the product page of your webshop.","pdf_url":"User manual","prod_code":"Product code","supplier_name":"Brand","video":"Video","reasons_to_buy":"Reasons to buy","marketing_text":"Description","options_head_name":"Options","product_series":"Product series","demo_msg_part2":"your Icecat login name","link_integrate_desk":"How to integrate Icecat LIVE JavaScript.","zoom_panel_dragg":"Mouse dragging","eu_energy_label":"EU Energy Label"},"DemoAccount":true}}