{"msg":"OK","data":{"GeneralInfo":{"IcecatId":134499969,"ReleaseDate":"","EndOfLifeDate":"","Title":"Honor Magic V5 20.2 cm (7.95\") Dual SIM Android 15 5G USB Type-C 16 GB 512 GB 5820 mAh White","TitleInfo":{"GeneratedIntTitle":"Honor Magic V5","GeneratedLocalTitle":{"Value":"Honor Magic V5 20.2 cm (7.95\") Dual SIM Android 15 5G USB Type-C 16 GB 512 GB 5820 mAh White","Language":"EN"},"BrandLocalTitle":{"Value":"","Language":"EN"}},"Brand":"Honor","BrandID":"12550","BrandLogo":"https://images.icecat.biz/img/brand/thumb/12550_e9e1eeb28f244233afda155dbdc8b2f8.jpg","BrandInfo":{"BrandName":"Honor","BrandLocalName":"","BrandLogo":"https://images.icecat.biz/img/brand/thumb/12550_e9e1eeb28f244233afda155dbdc8b2f8.jpg"},"ProductName":"Magic V5","ProductNameInfo":{"ProductIntName":"Magic V5","ProductLocalName":{"Value":"","Language":"EN"}},"BrandPartCode":"6936520873746","GTIN":["6936520873746"],"Category":{"CategoryID":"1893","Name":{"Value":"Smartphones","Language":"EN"}},"ProductFamily":{"ProductFamilyID":"77322","Value":"Magic Series","Language":"EN"},"ProductSeries":{"SeriesID":"1"},"Description":{"ID":"103898247","LongDesc":"Redefining thinness, the symmetrical design pairs perfectly with an extra large display. Slim and lightweight, it fits comfortably in your hand.<br><br><b>A Signature Shape.<br>A Bold New Expression.</b><br>Inspired by the octagonal dome, the design radiates a distinctive aura. It blends Eastern coffered ceilings with Western domes, highlighted by diamond patterned details that reflect meticulous craftsmanship. The new 3D curved diamond cut creates a refined, elegant surface that amazes from every angle.<br><br><b>Wired Speed. Wireless Ease.</b><br>Supports 66W wired and 50W wireless fast charging.8<br>Power up during your coffee break and stay untethered all day.<br><br><b>Supercharge Your Creativity and Productivity.</b><br>Chat with Gemini to supercharge your ideas. Get help learning in new ways, writing emails, planning events and more. Use text, voice, photos and your camera to get help in new ways.<br><br><b>Talk with Gemini about Anything You See.</b><br>Ask Gemini about anything you see while you scroll, click or switch apps. Share your screen in Gemini Live conversations.<br><br><b>Take Action Across Your Favorite Apps in Gemini.</b><br>Gemini can now pull information and help you take action across multiple apps and services - all in a single prompt.<br><br><b>Instantly Sync and Connect with iOS.9</b><br>With HONOR Share, enjoy high-speed and seamless transfers between iPhone, Mac and HONOR devices. Also supports onetap to share with iPhones for effortless efficiency.<br><br><b>Carbon Fiber Reinforced Inner Display Panel<br>Crafted with Confidence.</b><br>Built to resist bending with 380GPa strength,4 it gives the large display strong, reliable protection.<br><br><b>HONOR Mortise and Tenon Dampening Hinge<br>Built Tough for Every Fold.</b><br>The impact resistance around the hinge area has been significantly improved, with stronger support, easily standing the test of time.<br><br><b>Aerospace Special Fiber<br>Engineered for Strength.</b><br>Dual aerospace special fiber technology boosts impact strength by 40 times compared to standard glass.4 It's both thin and tough.<br><br><b>HONOR Anti-Scratch<br>NanoCrystal Shield</b><br>Pristine Strength.<br>Ten times more drop-resistant.12 Scratch-proof and smudge-free. Durable enough for whatever comes your way.<br><br><b>AI-Powered Foreign Object<br>Detection Shielded within.</b><br>The industry's first AI-Powered Foreign Object Detection identifies objects as small as 0.8mm.13 Not even a single grain of sand goes unnoticed.<br><br><b>ONOR Magic-Pen<br>Dual-screen Handwriting.</b><br>HONOR Magic-Pen offers a true-to-paper feel with instant ink and 4096-level pressure. Its stable tip makes every stroke natural, and quick notes help you capture inspiration anytime.<br><br><b>AI Motion Sickness Relief<br>Next Level Comfort.</b><br>HONOR Magic V5 features AI Motion Sickness Relief on both its inner and outer screens. When enabled, dynamic dots at the edge of the screen reflect vehicle movement, helping to ease motion discomfort.<br><br><b>Snapdragon 8 Elite Mobile Platform<br>Power Meets Slim.</b><br>Powered by a next-level second-gen 3nm SoC, it offers exceptional performance and AI capabilities, ensuring smooth operation across multimedia, gaming, and productivity.<br><br><b>64MP Ultra Sensing Periscope Telephoto<br>Beauty in Every Zoom.</b><br>With 3x optical zoom and OIS optical stabilization, combined with smart blur control, you can capture distant scenes with sharp focus and rich details.<br><br><b>AI Super Zoom<br>Bring Distant Worlds Up Close.</b><br>AI-powered imaging with device-to-cloud synergy delivers sharp,<br>natural photos—even distant scenes come through with incredible clarity.<br><br><b>64MP Periscope Telephoto7<br>Unfold the Beauty of Night.</b><br>A large aperture brings out the beauty of the night.<br>You can capture every breathtaking moment, even in low light.<br><br><b>50MP Ultra-Wide Camera<br>See More, Capture More.</b><br>With 50MP clarity and a sweeping 122° ultra-wide angle, bring every scene into full view, just as your eyes see it.<br><br><b>Made You Look!<br>Perfect Shots Every Time.</b><br>When unfolded, the outer screen displays fun animations that keep kids engaged,<br>ensuring you capture every precious moment.<br><br><b>One Tap Perfection with AI.</b><br>Easily edit your photos with a simple command.<br>AI removes reflections and other imperfections.<br><br>","LongProductName":"7.95”/6.43”, 2352×2172/2376×1060, Snapdragon 8 Elite, 16/512GB, 50/50/64MP, 20/20MP, 5G, Wi-Fi 7, Bluetooth 6.0, 5820mAh, MagicOS 9.0.1","MiddleDesc":"","Disclaimer":"","ManualPDFURL":"","ManualPDFSize":"0","LeafletPDFURL":"","PDFSize":"0","URL":"https://www.honor.com/ae-en/phones/honor-magic-v5/","WarrantyInfo":"","Updated":"2025-08-29 16:24:12","Language":"EN"},"SummaryDescription":{"ShortSummaryDescription":"Honor Magic V5, 20.2 cm (7.95\"), 16 GB, 512 GB, 50 MP, Android 15, White","LongSummaryDescription":"Honor Magic V5. Display diagonal: 20.2 cm (7.95\"), Display resolution: 2352 x 2172 pixels. Processor family: Qualcomm Snapdragon, Processor model: 8 Elite. RAM capacity: 16 GB, Internal storage capacity: 512 GB. Rear camera resolution (numeric): 50 MP, Rear camera type: Triple camera. SIM card capability: Dual SIM. Operating system installed: Android 15. Battery capacity: 5820 mAh. Product colour: White. Weight: 217 g"},"BulletPoints":{},"GeneratedBulletPoints":{"Language":"EN","Values":["20.2 cm (7.95\") 2352 x 2172 pixels","Qualcomm Snapdragon 8 Elite","16 GB 512 GB","5G Dual SIM NanoSIM + eSIM","802.11a, 802.11b, 802.11g, Wi-Fi 4 (802.11n), Wi-Fi 5 (802.11ac), Wi-Fi 6 (802.11ax), Wi-Fi 6E (802.11ax), Wi-Fi 7 (802.11be) Bluetooth 6.0 Near Field Communication (NFC)","Triple camera 50 MP 50 MP 64 MP","Lithium Polymer (LiPo) 5820 mAh Wireless charging","Android 15 MagicOS 9.0.1"]},"GTINs":[{"GTIN":"6936520873746","IsApproved":true}]},"Image":{"HighPic":"https://images.icecat.biz/img/gallery/e66c3065c193533e6dff45b1b6f237bfb9acf575.jpg","HighPicSize":"169583","HighPicHeight":"701","HighPicWidth":"557","LowPic":"https://images.icecat.biz/img/gallery_lows/532902c715a3873d364d13d33bab470e45075072.jpg","LowPicSize":"22642","LowPicHeight":"200","LowPicWidth":"159","Pic500x500":"https://images.icecat.biz/img/gallery_mediums/0670c015fe2c07abf0aca57a5fdbffd7836150e3.jpg","Pic500x500Size":"98079","Pic500x500Height":"500","Pic500x500Width":"397","ThumbPic":"https://images.icecat.biz/img/gallery_thumbs/59c03dffed2133a3129149c160c91bc12aa5174b.jpg","ThumbPicSize":"5158"},"Multimedia":[{"ID":"00000000-0000-0000-0000-000000000000","URL":"https://icecat.biz/rest/product-pdf?productId=134499969&lang=en","Type":"leaflet","ContentType":"application/pdf","KeepAsUrl":"0","Description":"Brochure Honor 6936520873746","Size":"0","IsPrivate":"0","Updated":"2025-09-09 11:33:49","Language":"EN","IsVideo":0}],"Gallery":[{"ID":"115951608","LowPic":"https://images.icecat.biz/img/gallery_lows/532902c715a3873d364d13d33bab470e45075072.jpg","LowSize":"22642","LowHeight":"200","LowWidth":"159","ThumbPic":"https://images.icecat.biz/img/gallery_thumbs/59c03dffed2133a3129149c160c91bc12aa5174b.jpg","ThumbPicSize":"5158","Pic":"https://images.icecat.biz/img/gallery/e66c3065c193533e6dff45b1b6f237bfb9acf575.jpg","Size":"169583","PicHeight":"701","PicWidth":"557","Pic500x500":"https://images.icecat.biz/img/gallery_mediums/0670c015fe2c07abf0aca57a5fdbffd7836150e3.jpg","Pic500x500Size":"98079","Pic500x500Height":"500","Pic500x500Width":"397","No":"1","IsMain":"Y","Updated":"2025-08-29 16:27:04","IsPrivate":"0","Type":"ProductImage","Attributes":{"OriginalFileName":""}},{"ID":"115951610","LowPic":"https://images.icecat.biz/img/gallery_lows/9eb2ec8d74decd3e2a5fbdc6ef8e76b5d5ede19e.jpg","LowSize":"25348","LowHeight":"200","LowWidth":"188","ThumbPic":"https://images.icecat.biz/img/gallery_thumbs/36fab305269383d114f0507d91957b9c7c49443f.jpg","ThumbPicSize":"5991","Pic":"https://images.icecat.biz/img/gallery/3313e6a6014afddb759b9f94af16d5984507b342.jpg","Size":"199392","PicHeight":"705","PicWidth":"661","Pic500x500":"https://images.icecat.biz/img/gallery_mediums/bfcaaf9582f4372f6edf5f59c2f0a80bc9667c5d.jpg","Pic500x500Size":"110568","Pic500x500Height":"500","Pic500x500Width":"469","No":"2","IsMain":"N","Updated":"2025-08-29 16:27:08","IsPrivate":"0","Type":"ProductImage","Attributes":{"OriginalFileName":""}},{"ID":"115951613","LowPic":"https://images.icecat.biz/img/gallery_lows/813624565df9fae3443d7c226a931c026389f29e.jpg","LowSize":"33746","LowHeight":"200","LowWidth":"200","ThumbPic":"https://images.icecat.biz/img/gallery_thumbs/5129e7c8c00906e6fc801cefa4466b3dc6938860.jpg","ThumbPicSize":"6854","Pic":"https://images.icecat.biz/img/gallery/ac8bed4788a96c023763e67358938c91cf2b50ec.jpg","Size":"352047","PicHeight":"800","PicWidth":"800","Pic500x500":"https://images.icecat.biz/img/gallery_mediums/55e9368e4a76180174649500b2d0bd11c7b60e38.jpg","Pic500x500Size":"166668","Pic500x500Height":"500","Pic500x500Width":"500","No":"3","IsMain":"N","Updated":"2025-08-29 16:26:47","IsPrivate":"0","Type":"ProductImage","Attributes":{"OriginalFileName":""}},{"ID":"115951647","LowPic":"https://images.icecat.biz/img/gallery_lows/12a5d227272afc51798d84b2e76d61cb93f156f0.jpg","LowSize":"19953","LowHeight":"200","LowWidth":"146","ThumbPic":"https://images.icecat.biz/img/gallery_thumbs/5777ae4a48b1fd2d13636c91bd4bcc04bd675b2e.jpg","ThumbPicSize":"4870","Pic":"https://images.icecat.biz/img/gallery/027602512846e3cd9fe506f8d25c7bab2f55538f.jpg","Size":"144602","PicHeight":"704","PicWidth":"515","Pic500x500":"https://images.icecat.biz/img/gallery_mediums/52314367b45ecbd127e558f779fe1aa8325814c5.jpg","Pic500x500Size":"86969","Pic500x500Height":"500","Pic500x500Width":"366","No":"4","IsMain":"N","Updated":"2025-08-29 16:27:14","IsPrivate":"0","Type":"ProductImage","Attributes":{"OriginalFileName":""}},{"ID":"115951649","LowPic":"https://images.icecat.biz/img/gallery_lows/2df95bf62aa068577dd9b527e5f53fc1785c10e0.jpg","LowSize":"24514","LowHeight":"200","LowWidth":"150","ThumbPic":"https://images.icecat.biz/img/gallery_thumbs/79431edddebad4c0a2c5262ae461cd1fb7306da0.jpg","ThumbPicSize":"5323","Pic":"https://images.icecat.biz/img/gallery/ab5a858cfda44cd0e606508b753bcec83732a0ed.jpg","Size":"229700","PicHeight":"733","PicWidth":"550","Pic500x500":"https://images.icecat.biz/img/gallery_mediums/604039961f7abfef451725c99ac6ce55cbf76d1d.jpg","Pic500x500Size":"117499","Pic500x500Height":"500","Pic500x500Width":"375","No":"5","IsMain":"N","Updated":"2025-08-29 16:27:18","IsPrivate":"0","Type":"ProductImage","Attributes":{"OriginalFileName":""}},{"ID":"115951651","LowPic":"https://images.icecat.biz/img/gallery_lows/a6b9ebaeb5418093e074edfe33b508b3e0b3fd6e.jpg","LowSize":"12522","LowHeight":"85","LowWidth":"200","ThumbPic":"https://images.icecat.biz/img/gallery_thumbs/943437a3641c8965cbf47cb321d317e1b498641f.jpg","ThumbPicSize":"3314","Pic":"https://images.icecat.biz/img/gallery/b103fa73123e9a38756ab9cd29bfb96e135b85bd.jpg","Size":"111225","PicHeight":"333","PicWidth":"783","Pic500x500":"https://images.icecat.biz/img/gallery_mediums/ceb96dc004d11b29ccd502767ee6dea8abfa8f80.jpg","Pic500x500Size":"53989","Pic500x500Height":"213","Pic500x500Width":"500","No":"6","IsMain":"N","Updated":"2025-08-29 16:27:22","IsPrivate":"0","Type":"ProductImage","Attributes":{"OriginalFileName":""}},{"ID":"115951609","LowPic":"https://images.icecat.biz/img/gallery_lows/9d52f5e23d336fdb67d3ee8d229d35da7bc9e909.jpg","LowSize":"9920","LowHeight":"200","LowWidth":"91","ThumbPic":"https://images.icecat.biz/img/gallery_thumbs/49b0f4e97cd46d7aeb3766a8e64495fbf1ac9645.jpg","ThumbPicSize":"3021","Pic":"https://images.icecat.biz/img/gallery/cdbb8fe2e380ece2b73f2bfbdaec520f763a0460.jpg","Size":"60954","PicHeight":"704","PicWidth":"321","Pic500x500":"https://images.icecat.biz/img/gallery_mediums/826699adccec7d63a3e0d8a3f2bbbffe6f922c5f.jpg","Pic500x500Size":"38291","Pic500x500Height":"500","Pic500x500Width":"228","No":"7","IsMain":"N","Updated":"2025-08-29 16:27:25","IsPrivate":"0","Type":"ProductImage","Attributes":{"OriginalFileName":""}},{"ID":"115951652","LowPic":"https://images.icecat.biz/img/gallery_lows/d4a84cd3780293204fb72dc4700253623e80589a.jpg","LowSize":"10706","LowHeight":"200","LowWidth":"104","ThumbPic":"https://images.icecat.biz/img/gallery_thumbs/cbd88b6e3a0ff03dd00e340c11804c2649f8d4b7.jpg","ThumbPicSize":"3081","Pic":"https://images.icecat.biz/img/gallery/9252aef4c4a1e2ac534745c836ede8a1c132765e.jpg","Size":"68284","PicHeight":"705","PicWidth":"367","Pic500x500":"https://images.icecat.biz/img/gallery_mediums/6591692d3a84947c0954acaeae61b493b4f53d23.jpg","Pic500x500Size":"40779","Pic500x500Height":"500","Pic500x500Width":"260","No":"8","IsMain":"N","Updated":"2025-08-29 16:27:29","IsPrivate":"0","Type":"ProductImage","Attributes":{"OriginalFileName":""}},{"ID":"115951655","LowPic":"https://images.icecat.biz/img/gallery_lows/edde1b5f8cedc446f2d36a6d329874d6e7f34dfe.jpg","LowSize":"16162","LowHeight":"200","LowWidth":"104","ThumbPic":"https://images.icecat.biz/img/gallery_thumbs/20428454c10f6f1df6904140ebd874350dee4a37.jpg","ThumbPicSize":"3992","Pic":"https://images.icecat.biz/img/gallery/37478cbe6437a17e22e6f00c70f49fb179b4f3fb.jpg","Size":"134649","PicHeight":"705","PicWidth":"365","Pic500x500":"https://images.icecat.biz/img/gallery_mediums/fda5f1371a957c0806783de1ca35042d9aed4687.jpg","Pic500x500Size":"77399","Pic500x500Height":"500","Pic500x500Width":"259","No":"9","IsMain":"N","Updated":"2025-08-29 16:27:32","IsPrivate":"0","Type":"ProductImage","Attributes":{"OriginalFileName":""}},{"ID":"115951612","LowPic":"https://images.icecat.biz/img/gallery_lows/dcd227f718115f07bcf1dca9e6bdc67daa21bca4.jpg","LowSize":"3427","LowHeight":"46","LowWidth":"200","ThumbPic":"https://images.icecat.biz/img/gallery_thumbs/1fe917b40d313e3344b7bbafd5860400a32c31d1.jpg","ThumbPicSize":"1264","Pic":"https://images.icecat.biz/img/gallery/5bcacf102596fcb258d9f8651f668630d9a9c128.jpg","Size":"25865","PicHeight":"200","PicWidth":"877","Pic500x500":"https://images.icecat.biz/img/gallery_mediums/e9c3fe4bd1995dc5bf56c02b2e257478ad658f10.jpg","Pic500x500Size":"11153","Pic500x500Height":"114","Pic500x500Width":"500","No":"10","IsMain":"N","Updated":"2025-08-29 16:27:45","IsPrivate":"0","Type":"ProductImage","Attributes":{"OriginalFileName":""}},{"ID":"115951654","LowPic":"https://images.icecat.biz/img/gallery_lows/1c9f0931a57c0c4972ee727edde71e7a099ec1a6.jpg","LowSize":"3600","LowHeight":"200","LowWidth":"46","ThumbPic":"https://images.icecat.biz/img/gallery_thumbs/e42f1735f201f26f49003416bc539e02369f143d.jpg","ThumbPicSize":"1265","Pic":"https://images.icecat.biz/img/gallery/58f6699628e85fee06bd150d90a316504d8692f7.jpg","Size":"28665","PicHeight":"861","PicWidth":"200","Pic500x500":"https://images.icecat.biz/img/gallery_mediums/f546e8cf37b10e80c0e946942d3e18142649454b.jpg","Pic500x500Size":"13435","Pic500x500Height":"500","Pic500x500Width":"116","No":"11","IsMain":"N","Updated":"2025-08-29 16:27:55","IsPrivate":"0","Type":"ProductImage","Attributes":{"OriginalFileName":""}}],"FeaturesGroups":[{"ID":6883,"SortNo":"100","FeatureGroup":{"ID":"5","Name":{"Value":"Display","Language":"EN"}},"Features":[{"Localized":0,"ID":833817629,"LocalID":0,"Type":"numerical","Value":"7.95","CategoryFeatureId":"51494","CategoryFeatureGroupID":"6883","SortNo":"500","PresentationValue":"20.2 cm (7.95\")","RawValue":"7.95","LocalValue":"20.2","Description":"Size of the display for this product, measured diagonally, usually in inches.","Mandatory":"1","Searchable":"1","Optional":"0","Feature":{"ID":"944","Sign":"","Measure":{"ID":"16","Sign":"","Signs":{"ID":"11","_":"\"","Language":"EN"}},"Name":{"Value":"Display diagonal","Language":"EN"}}},{"Localized":0,"ID":833817703,"LocalID":0,"Type":"dropdown","Value":"Flat screen","CategoryFeatureId":"166023","CategoryFeatureGroupID":"6883","SortNo":"32","PresentationValue":"Flat","RawValue":"Flat screen","LocalValue":"Flat","Description":"","Mandatory":"0","Searchable":"0","Optional":"0","Feature":{"ID":"17554","Sign":"","Measure":{"ID":"29","Sign":"","Signs":{"ID":"","_":"","Language":"EN"}},"Name":{"Value":"Screen shape","Language":"EN"}}},{"Localized":0,"ID":833817698,"LocalID":0,"Type":"dropdown","Value":"OLED","CategoryFeatureId":"949514","CategoryFeatureGroupID":"6883","SortNo":"30","PresentationValue":"OLED","RawValue":"OLED","LocalValue":"OLED","Description":"","Mandatory":"0","Searchable":"0","Optional":"0","Feature":{"ID":"15285","Sign":"","Measure":{"ID":"29","Sign":"","Signs":{"ID":"","_":"","Language":"EN"}},"Name":{"Value":"Panel type","Language":"EN"}}},{"Localized":0,"ID":833817635,"LocalID":0,"Type":"2d","Value":"2352 x 2172","CategoryFeatureId":"51495","CategoryFeatureGroupID":"6883","SortNo":"26","PresentationValue":"2352 x 2172 pixels","RawValue":"2352 x 2172","LocalValue":"2352 x 2172","Description":"The number of distinct pixels in each dimension that can be displayed. It is usually quoted as width × height, with the units in pixels: for example, \"1024 × 768\" means the width is 1024 pixels and the height is 768 pixels. The higher the number of pixels, the sharper the image.","Mandatory":"1","Searchable":"1","Optional":"0","Feature":{"ID":"1585","Sign":"","Measure":{"ID":"39","Sign":"","Signs":{"ID":"23","_":"pixels","Language":"EN"}},"Name":{"Value":"Display resolution","Language":"EN"}}},{"Localized":0,"ID":833817708,"LocalID":0,"Type":"dropdown","Value":"1.07 billion colours","CategoryFeatureId":"154140","CategoryFeatureGroupID":"6883","SortNo":"24","PresentationValue":"1.07 billion colours","RawValue":"1.07 billion colours","LocalValue":"1.07 billion colours","Description":"","Mandatory":"0","Searchable":"0","Optional":"0","Feature":{"ID":"24847","Sign":"","Measure":{"ID":"29","Sign":"","Signs":{"ID":"","_":"","Language":"EN"}},"Name":{"Value":"Display number of colours","Language":"EN"}}},{"Localized":0,"ID":833817668,"LocalID":0,"Type":"numerical","Value":"120","CategoryFeatureId":"329450","CategoryFeatureGroupID":"6883","SortNo":"21","PresentationValue":"120 Hz","RawValue":"120","LocalValue":"120","Description":"","Mandatory":"0","Searchable":"0","Optional":"0","Feature":{"ID":"7450","Sign":"","Measure":{"ID":"36","Sign":"","Signs":{"ID":"20","_":"Hz","Language":"EN"}},"Name":{"Value":"Maximum refresh rate","Language":"EN"}}},{"Localized":0,"ID":833817778,"LocalID":0,"Type":"numerical","Value":"5000","CategoryFeatureId":"595160","CategoryFeatureGroupID":"6883","SortNo":"20","PresentationValue":"5000 cd/m²","RawValue":"5000","LocalValue":"5000","Description":"","Mandatory":"0","Searchable":"0","Optional":"0","Feature":{"ID":"42443","Sign":"","Measure":{"ID":"43","Sign":"","Signs":{"ID":"27","_":"cd/m²","Language":"EN"}},"Name":{"Value":"Maximum display brightness (HDR)","Language":"EN"}}},{"Localized":0,"ID":833817750,"LocalID":0,"Type":"y_n","Value":"Y","CategoryFeatureId":"317062","CategoryFeatureGroupID":"6883","SortNo":"11","PresentationValue":"Yes","RawValue":"Y","LocalValue":"Yes","Description":"","Mandatory":"0","Searchable":"0","Optional":"0","Feature":{"ID":"36310","Sign":"","Measure":{"ID":"26","Sign":"","Signs":{"ID":"","_":"","Language":"EN"}},"Name":{"Value":"High Dynamic Range (HDR) supported","Language":"EN"}}},{"Localized":0,"ID":833817767,"LocalID":0,"Type":"numerical","Value":"100","CategoryFeatureId":"959705","CategoryFeatureGroupID":"6883","SortNo":"9","PresentationValue":"100%","RawValue":"100","LocalValue":"100","Description":"","Mandatory":"0","Searchable":"0","Optional":"0","Feature":{"ID":"40125","Sign":"","Measure":{"ID":"64","Sign":"","Signs":{"ID":"47","_":"%","Language":"EN"}},"Name":{"Value":"DCI-P3 coverage","Language":"EN"}}},{"Localized":0,"ID":833817669,"LocalID":0,"Type":"numerical","Value":"6.43","CategoryFeatureId":"309359","CategoryFeatureGroupID":"6883","SortNo":"-10","PresentationValue":"16.3 cm (6.43\")","RawValue":"6.43","LocalValue":"16.3","Description":"","Mandatory":"0","Searchable":"0","Optional":"0","Feature":{"ID":"7507","Sign":"","Measure":{"ID":"16","Sign":"","Signs":{"ID":"11","_":"\"","Language":"EN"}},"Name":{"Value":"Second display diagonal","Language":"EN"}}},{"Localized":0,"ID":833817670,"LocalID":0,"Type":"2d","Value":"2376 x 1060","CategoryFeatureId":"176247","CategoryFeatureGroupID":"6883","SortNo":"-11","PresentationValue":"2376 x 1060 pixels","RawValue":"2376 x 1060","LocalValue":"2376 x 1060","Description":"","Mandatory":"0","Searchable":"0","Optional":"0","Feature":{"ID":"7508","Sign":"","Measure":{"ID":"39","Sign":"","Signs":{"ID":"23","_":"pixels","Language":"EN"}},"Name":{"Value":"Second display resolution","Language":"EN"}}},{"Localized":0,"ID":833817799,"LocalID":0,"Type":"numerical","Value":"5000","CategoryFeatureId":"959860","CategoryFeatureGroupID":"6883","SortNo":"-12","PresentationValue":"5000 cd/m²","RawValue":"5000","LocalValue":"5000","Description":"","Mandatory":"0","Searchable":"0","Optional":"0","Feature":{"ID":"48132","Sign":"","Measure":{"ID":"43","Sign":"","Signs":{"ID":"27","_":"cd/m²","Language":"EN"}},"Name":{"Value":"Second display maximum brightness","Language":"EN"}}},{"Localized":0,"ID":833817748,"LocalID":0,"Type":"dropdown","Value":"OLED","CategoryFeatureId":"309360","CategoryFeatureGroupID":"6883","SortNo":"-14","PresentationValue":"OLED","RawValue":"OLED","LocalValue":"OLED","Description":"","Mandatory":"0","Searchable":"0","Optional":"0","Feature":{"ID":"36243","Sign":"","Measure":{"ID":"29","Sign":"","Signs":{"ID":"","_":"","Language":"EN"}},"Name":{"Value":"Second display type","Language":"EN"}}},{"Localized":0,"ID":833817760,"LocalID":0,"Type":"numerical","Value":"120","CategoryFeatureId":"593345","CategoryFeatureGroupID":"6883","SortNo":"-17","PresentationValue":"120 Hz","RawValue":"120","LocalValue":"120","Description":"","Mandatory":"0","Searchable":"0","Optional":"0","Feature":{"ID":"38974","Sign":"","Measure":{"ID":"36","Sign":"","Signs":{"ID":"20","_":"Hz","Language":"EN"}},"Name":{"Value":"Second display refresh rate","Language":"EN"}}},{"Localized":0,"ID":833817795,"LocalID":0,"Type":"numerical","Value":"100","CategoryFeatureId":"959706","CategoryFeatureGroupID":"6883","SortNo":"-20","PresentationValue":"100%","RawValue":"100","LocalValue":"100","Description":"","Mandatory":"0","Searchable":"0","Optional":"0","Feature":{"ID":"48102","Sign":"","Measure":{"ID":"64","Sign":"","Signs":{"ID":"47","_":"%","Language":"EN"}},"Name":{"Value":"Second display DCI-P3 coverage","Language":"EN"}}}]},{"ID":6884,"SortNo":"96","FeatureGroup":{"ID":"1","Name":{"Value":"Processor","Language":"EN"}},"Features":[{"Localized":0,"ID":833817645,"LocalID":0,"Type":"dropdown","Value":"Qualcomm Snapdragon","CategoryFeatureId":"101566","CategoryFeatureGroupID":"6884","SortNo":"1005020","PresentationValue":"Qualcomm Snapdragon","RawValue":"Qualcomm Snapdragon","LocalValue":"Qualcomm Snapdragon","Description":"A family of processors is a group of processors produced by one company over a short period of time e.g. Intel Pentium processors.","Mandatory":"1","Searchable":"0","Optional":"0","Feature":{"ID":"2196","Sign":"","Measure":{"ID":"29","Sign":"","Signs":{"ID":"","_":"","Language":"EN"}},"Name":{"Value":"Processor family","Language":"EN"}}},{"Localized":0,"ID":833817617,"LocalID":0,"Type":"dropdown","Value":"8 Elite","CategoryFeatureId":"51651","CategoryFeatureGroupID":"6884","SortNo":"1005010","PresentationValue":"8 Elite","RawValue":"8 Elite","LocalValue":"8 Elite","Description":"The model number for the processor in a computer.","Mandatory":"1","Searchable":"0","Optional":"0","Feature":{"ID":"47","Sign":"","Measure":{"ID":"29","Sign":"","Signs":{"ID":"","_":"","Language":"EN"}},"Name":{"Value":"Processor model","Language":"EN"}}},{"Localized":0,"ID":833817661,"LocalID":0,"Type":"numerical","Value":"8","CategoryFeatureId":"93997","CategoryFeatureGroupID":"6884","SortNo":"300","PresentationValue":"8","RawValue":"8","LocalValue":"8","Description":"The number of central processing units ('cores') in a processor. Some processors have 1 core, others have 2 (e.g. Intel Core Duo) or more (e.g. the Intel Xeon E7-2850 has 10 cores).","Mandatory":"0","Searchable":"0","Optional":"0","Feature":{"ID":"6089","Sign":"","Measure":{"ID":"29","Sign":"","Signs":{"ID":"","_":"","Language":"EN"}},"Name":{"Value":"Processor cores","Language":"EN"}}},{"Localized":0,"ID":833817674,"LocalID":0,"Type":"numerical","Value":"4.32","CategoryFeatureId":"142925","CategoryFeatureGroupID":"6884","SortNo":"290","PresentationValue":"4.32 GHz","RawValue":"4.32","LocalValue":"4.32","Description":"The turbo boost is an automatic, managed accelleration of the processor when one of the cores is overloaded.","Mandatory":"0","Searchable":"0","Optional":"0","Feature":{"ID":"7978","Sign":"","Measure":{"ID":"37","Sign":"","Signs":{"ID":"21","_":"GHz","Language":"EN"}},"Name":{"Value":"Processor boost frequency","Language":"EN"}}}]},{"ID":6887,"SortNo":"92","FeatureGroup":{"ID":"47","Name":{"Value":"Storage","Language":"EN"}},"Features":[{"Localized":0,"ID":833817672,"LocalID":0,"Type":"numerical","Value":"16","CategoryFeatureId":"180947","CategoryFeatureGroupID":"6887","SortNo":"40","PresentationValue":"16 GB","RawValue":"16","LocalValue":"16","Description":"","Mandatory":"1","Searchable":"1","Optional":"0","Feature":{"ID":"7861","Sign":"","Measure":{"ID":"20","Sign":"","Signs":{"ID":"7","_":"GB","Language":"EN"}},"Name":{"Value":"RAM capacity","Language":"EN"}}},{"Localized":0,"ID":833817680,"LocalID":0,"Type":"numerical","Value":"512","CategoryFeatureId":"51697","CategoryFeatureGroupID":"6887","SortNo":"38","PresentationValue":"512 GB","RawValue":"512","LocalValue":"512","Description":"The amount e.g of data which can be stored inside the device.","Mandatory":"1","Searchable":"1","Optional":"0","Feature":{"ID":"8730","Sign":"","Measure":{"ID":"20","Sign":"","Signs":{"ID":"7","_":"GB","Language":"EN"}},"Name":{"Value":"Internal storage capacity","Language":"EN"}}}]},{"ID":6888,"SortNo":"88","FeatureGroup":{"ID":"95","Name":{"Value":"Camera","Language":"EN"}},"Features":[{"Localized":0,"ID":833817695,"LocalID":0,"Type":"numerical","Value":"50","CategoryFeatureId":"175570","CategoryFeatureGroupID":"6888","SortNo":"10500","PresentationValue":"50 MP","RawValue":"50","LocalValue":"50","Description":"The resolution of the images produced with the rear camera, given in MP (megapixel. 1 MP = 1 million pixels).","Mandatory":"1","Searchable":"0","Optional":"0","Feature":{"ID":"12435","Sign":"","Measure":{"ID":"165","Sign":"","Signs":{"ID":"3126","_":"MP","Language":"EN"}},"Name":{"Value":"Rear camera resolution (numeric)","Language":"EN"}}},{"Localized":0,"ID":833817717,"LocalID":0,"Type":"numerical","Value":"50","CategoryFeatureId":"175584","CategoryFeatureGroupID":"6888","SortNo":"10495","PresentationValue":"50 MP","RawValue":"50","LocalValue":"50","Description":"","Mandatory":"0","Searchable":"0","Optional":"0","Feature":{"ID":"27588","Sign":"","Measure":{"ID":"165","Sign":"","Signs":{"ID":"3126","_":"MP","Language":"EN"}},"Name":{"Value":"Second rear camera resolution (numeric)","Language":"EN"}}},{"Localized":0,"ID":833817742,"LocalID":0,"Type":"numerical","Value":"64","CategoryFeatureId":"249788","CategoryFeatureGroupID":"6888","SortNo":"10490","PresentationValue":"64 MP","RawValue":"64","LocalValue":"64","Description":"","Mandatory":"0","Searchable":"0","Optional":"0","Feature":{"ID":"35935","Sign":"","Measure":{"ID":"165","Sign":"","Signs":{"ID":"3126","_":"MP","Language":"EN"}},"Name":{"Value":"Third rear camera resolution (numeric)","Language":"EN"}}},{"Localized":0,"ID":833817694,"LocalID":0,"Type":"2d","Value":"9216 x 6912","CategoryFeatureId":"182074","CategoryFeatureGroupID":"6888","SortNo":"10477","PresentationValue":"9216 x 6912 pixels","RawValue":"9216 x 6912","LocalValue":"9216 x 6912","Description":"","Mandatory":"0","Searchable":"0","Optional":"0","Feature":{"ID":"12434","Sign":"","Measure":{"ID":"39","Sign":"","Signs":{"ID":"23","_":"pixels","Language":"EN"}},"Name":{"Value":"Rear camera resolution","Language":"EN"}}},{"Localized":0,"ID":833817719,"LocalID":0,"Type":"numerical","Value":"2","CategoryFeatureId":"175601","CategoryFeatureGroupID":"6888","SortNo":"10470","PresentationValue":"2","RawValue":"2","LocalValue":"2","Description":"","Mandatory":"0","Searchable":"0","Optional":"0","Feature":{"ID":"27597","Sign":"","Measure":{"ID":"29","Sign":"","Signs":{"ID":"","_":"","Language":"EN"}},"Name":{"Value":"Rear camera aperture number","Language":"EN"}}},{"Localized":0,"ID":833817721,"LocalID":0,"Type":"numerical","Value":"1.6","CategoryFeatureId":"175602","CategoryFeatureGroupID":"6888","SortNo":"10460","PresentationValue":"1.6","RawValue":"1.6","LocalValue":"1.6","Description":"","Mandatory":"0","Searchable":"0","Optional":"0","Feature":{"ID":"27598","Sign":"","Measure":{"ID":"29","Sign":"","Signs":{"ID":"","_":"","Language":"EN"}},"Name":{"Value":"Second rear camera aperture number","Language":"EN"}}},{"Localized":0,"ID":833817745,"LocalID":0,"Type":"numerical","Value":"2.5","CategoryFeatureId":"249789","CategoryFeatureGroupID":"6888","SortNo":"10455","PresentationValue":"2.5","RawValue":"2.5","LocalValue":"2.5","Description":"","Mandatory":"0","Searchable":"0","Optional":"0","Feature":{"ID":"35936","Sign":"","Measure":{"ID":"29","Sign":"","Signs":{"ID":"","_":"","Language":"EN"}},"Name":{"Value":"Third rear camera aperture number","Language":"EN"}}},{"Localized":0,"ID":833817619,"LocalID":0,"Type":"numerical","Value":"3","CategoryFeatureId":"175588","CategoryFeatureGroupID":"6888","SortNo":"10393","PresentationValue":"3x","RawValue":"3","LocalValue":"3","Description":"Indicates the optical zoom capacity, which is the number of times that the picture can be enlarged with the optics of the camera.","Mandatory":"0","Searchable":"0","Optional":"0","Feature":{"ID":"74","Sign":"","Measure":{"ID":"33","Sign":"","Signs":{"ID":"17","_":"x","Language":"EN"}},"Name":{"Value":"Optical zoom","Language":"EN"}}},{"Localized":0,"ID":833817618,"LocalID":0,"Type":"numerical","Value":"100","CategoryFeatureId":"51756","CategoryFeatureGroupID":"6888","SortNo":"10392","PresentationValue":"100x","RawValue":"100","LocalValue":"100","Description":"Indicates the digital zoom capacity, the number of times that the picture is enlarged thanks to digital technology.","Mandatory":"0","Searchable":"0","Optional":"0","Feature":{"ID":"48","Sign":"","Measure":{"ID":"33","Sign":"","Signs":{"ID":"17","_":"x","Language":"EN"}},"Name":{"Value":"Digital zoom","Language":"EN"}}},{"Localized":0,"ID":833817732,"LocalID":0,"Type":"dropdown","Value":"Single camera","CategoryFeatureId":"222716","CategoryFeatureGroupID":"6888","SortNo":"10300","PresentationValue":"Single camera","RawValue":"Single camera","LocalValue":"Single camera","Description":"Indicates the type of the camera at the front of the product, dual or single.","Mandatory":"1","Searchable":"0","Optional":"0","Feature":{"ID":"33562","Sign":"","Measure":{"ID":"29","Sign":"","Signs":{"ID":"","_":"","Language":"EN"}},"Name":{"Value":"Front camera type","Language":"EN"}}},{"Localized":0,"ID":833817696,"LocalID":0,"Type":"numerical","Value":"20","CategoryFeatureId":"175580","CategoryFeatureGroupID":"6888","SortNo":"10297","PresentationValue":"20 MP","RawValue":"20","LocalValue":"20","Description":"","Mandatory":"1","Searchable":"0","Optional":"0","Feature":{"ID":"12437","Sign":"","Measure":{"ID":"165","Sign":"","Signs":{"ID":"3126","_":"MP","Language":"EN"}},"Name":{"Value":"Front camera resolution (numeric)","Language":"EN"}}},{"Localized":0,"ID":833817697,"LocalID":0,"Type":"2d","Value":"5120 x 3840","CategoryFeatureId":"593491","CategoryFeatureGroupID":"6888","SortNo":"10296","PresentationValue":"5120 x 3840 pixels","RawValue":"5120 x 3840","LocalValue":"5120 x 3840","Description":"","Mandatory":"0","Searchable":"0","Optional":"0","Feature":{"ID":"14077","Sign":"","Measure":{"ID":"39","Sign":"","Signs":{"ID":"23","_":"pixels","Language":"EN"}},"Name":{"Value":"Front camera resolution","Language":"EN"}}},{"Localized":0,"ID":833817723,"LocalID":0,"Type":"numerical","Value":"2.2","CategoryFeatureId":"175652","CategoryFeatureGroupID":"6888","SortNo":"10290","PresentationValue":"2.2","RawValue":"2.2","LocalValue":"2.2","Description":"","Mandatory":"0","Searchable":"0","Optional":"0","Feature":{"ID":"27601","Sign":"","Measure":{"ID":"29","Sign":"","Signs":{"ID":"","_":"","Language":"EN"}},"Name":{"Value":"Front camera aperture number","Language":"EN"}}},{"Localized":0,"ID":833817756,"LocalID":0,"Type":"numerical","Value":"20","CategoryFeatureId":"309408","CategoryFeatureGroupID":"6888","SortNo":"10220","PresentationValue":"20 MP","RawValue":"20","LocalValue":"20","Description":"","Mandatory":"0","Searchable":"0","Optional":"0","Feature":{"ID":"38693","Sign":"","Measure":{"ID":"165","Sign":"","Signs":{"ID":"3126","_":"MP","Language":"EN"}},"Name":{"Value":"Cover camera resolution (numeric)","Language":"EN"}}},{"Localized":0,"ID":833817758,"LocalID":0,"Type":"numerical","Value":"2.2","CategoryFeatureId":"309410","CategoryFeatureGroupID":"6888","SortNo":"10218","PresentationValue":"2.2","RawValue":"2.2","LocalValue":"2.2","Description":"","Mandatory":"0","Searchable":"0","Optional":"0","Feature":{"ID":"38695","Sign":"","Measure":{"ID":"29","Sign":"","Signs":{"ID":"","_":"","Language":"EN"}},"Name":{"Value":"Cover camera aperture number","Language":"EN"}}},{"Localized":0,"ID":833817752,"LocalID":0,"Type":"y_n","Value":"Y","CategoryFeatureId":"257040","CategoryFeatureGroupID":"6888","SortNo":"10200","PresentationValue":"Yes","RawValue":"Y","LocalValue":"Yes","Description":"Whether or not the rear camera features its own flash.","Mandatory":"1","Searchable":"0","Optional":"0","Feature":{"ID":"36602","Sign":"","Measure":{"ID":"26","Sign":"","Signs":{"ID":"","_":"","Language":"EN"}},"Name":{"Value":"Rear camera flash","Language":"EN"}}},{"Localized":0,"ID":833817662,"LocalID":0,"Type":"dropdown","Value":"LED","CategoryFeatureId":"51506","CategoryFeatureGroupID":"6888","SortNo":"10195","PresentationValue":"LED","RawValue":"LED","LocalValue":"LED","Description":"","Mandatory":"0","Searchable":"0","Optional":"0","Feature":{"ID":"6697","Sign":"","Measure":{"ID":"29","Sign":"","Signs":{"ID":"","_":"","Language":"EN"}},"Name":{"Value":"Flash type","Language":"EN"}}},{"Localized":0,"ID":833817636,"LocalID":0,"Type":"2d","Value":"3840 x 2160","CategoryFeatureId":"54001","CategoryFeatureGroupID":"6888","SortNo":"10100","PresentationValue":"3840 x 2160 pixels","RawValue":"3840 x 2160","LocalValue":"3840 x 2160","Description":"","Mandatory":"0","Searchable":"0","Optional":"0","Feature":{"ID":"1597","Sign":"","Measure":{"ID":"39","Sign":"","Signs":{"ID":"23","_":"pixels","Language":"EN"}},"Name":{"Value":"Video capture resolution (max)","Language":"EN"}}},{"Localized":0,"ID":833817713,"LocalID":0,"Type":"dropdown","Value":"Triple camera","CategoryFeatureId":"175569","CategoryFeatureGroupID":"6888","SortNo":"200","PresentationValue":"Triple camera","RawValue":"Triple camera","LocalValue":"Triple camera","Description":"Indicates the type of the camera at the back of the product, dual or single.","Mandatory":"1","Searchable":"1","Optional":"0","Feature":{"ID":"27587","Sign":"","Measure":{"ID":"29","Sign":"","Signs":{"ID":"","_":"","Language":"EN"}},"Name":{"Value":"Rear camera type","Language":"EN"}}},{"Localized":0,"ID":833817665,"LocalID":0,"Type":"y_n","Value":"Y","CategoryFeatureId":"51560","CategoryFeatureGroupID":"6888","SortNo":"40","PresentationValue":"Yes","RawValue":"Y","LocalValue":"Yes","Description":"","Mandatory":"0","Searchable":"0","Optional":"0","Feature":{"ID":"7114","Sign":"","Measure":{"ID":"26","Sign":"","Signs":{"ID":"","_":"","Language":"EN"}},"Name":{"Value":"Face detection","Language":"EN"}}},{"Localized":0,"ID":833817791,"LocalID":0,"Type":"y_n","Value":"Y","CategoryFeatureId":"932746","CategoryFeatureGroupID":"6888","SortNo":"39","PresentationValue":"Yes","RawValue":"Y","LocalValue":"Yes","Description":"","Mandatory":"0","Searchable":"0","Optional":"0","Feature":{"ID":"46540","Sign":"","Measure":{"ID":"26","Sign":"","Signs":{"ID":"","_":"","Language":"EN"}},"Name":{"Value":"Camera High Dynamic Range (HDR) mode","Language":"EN"}}},{"Localized":0,"ID":833817730,"LocalID":0,"Type":"y_n","Value":"Y","CategoryFeatureId":"226800","CategoryFeatureGroupID":"6888","SortNo":"27","PresentationValue":"Yes","RawValue":"Y","LocalValue":"Yes","Description":"","Mandatory":"0","Searchable":"0","Optional":"0","Feature":{"ID":"28715","Sign":"","Measure":{"ID":"26","Sign":"","Signs":{"ID":"","_":"","Language":"EN"}},"Name":{"Value":"Time lapse mode","Language":"EN"}}},{"Localized":0,"ID":833817634,"LocalID":0,"Type":"y_n","Value":"Y","CategoryFeatureId":"51782","CategoryFeatureGroupID":"6888","SortNo":"20","PresentationValue":"Yes","RawValue":"Y","LocalValue":"Yes","Description":"This camera function compensates for slight shaking movements caused by an unstable position and ensures smooth footage even in suboptimal conditions.","Mandatory":"0","Searchable":"0","Optional":"0","Feature":{"ID":"1578","Sign":"","Measure":{"ID":"26","Sign":"","Signs":{"ID":"","_":"","Language":"EN"}},"Name":{"Value":"Image stabilizer","Language":"EN"}}},{"Localized":0,"ID":833817675,"LocalID":0,"Type":"multi_dropdown","Value":"Electronic Image Stabilization (EIS),Optical Image Stabilization (OIS)","CategoryFeatureId":"708816","CategoryFeatureGroupID":"6888","SortNo":"20","PresentationValue":"Electronic Image Stabilization (EIS), Optical Image Stabilization (OIS)","RawValue":"Electronic Image Stabilization (EIS),Optical Image Stabilization (OIS)","LocalValue":"Electronic Image Stabilization (EIS), Optical Image Stabilization (OIS)","Description":"","Mandatory":"0","Searchable":"0","Optional":"0","Feature":{"ID":"8062","Sign":"","Measure":{"ID":"29","Sign":"","Signs":{"ID":"","_":"","Language":"EN"}},"Name":{"Value":"Image stabilizer type","Language":"EN"}}},{"Localized":0,"ID":833817682,"LocalID":0,"Type":"y_n","Value":"Y","CategoryFeatureId":"53999","CategoryFeatureGroupID":"6888","SortNo":"0","PresentationValue":"Yes","RawValue":"Y","LocalValue":"Yes","Description":"","Mandatory":"0","Searchable":"0","Optional":"0","Feature":{"ID":"9043","Sign":"","Measure":{"ID":"26","Sign":"","Signs":{"ID":"","_":"","Language":"EN"}},"Name":{"Value":"Self-timer","Language":"EN"}}},{"Localized":0,"ID":833817647,"LocalID":0,"Type":"y_n","Value":"Y","CategoryFeatureId":"55074","CategoryFeatureGroupID":"6888","SortNo":"0","PresentationValue":"Yes","RawValue":"Y","LocalValue":"Yes","Description":"","Mandatory":"0","Searchable":"0","Optional":"0","Feature":{"ID":"2681","Sign":"","Measure":{"ID":"26","Sign":"","Signs":{"ID":"","_":"","Language":"EN"}},"Name":{"Value":"Night mode","Language":"EN"}}},{"Localized":0,"ID":833817683,"LocalID":0,"Type":"y_n","Value":"Y","CategoryFeatureId":"71980","CategoryFeatureGroupID":"6888","SortNo":"0","PresentationValue":"Yes","RawValue":"Y","LocalValue":"Yes","Description":"","Mandatory":"0","Searchable":"0","Optional":"0","Feature":{"ID":"9147","Sign":"","Measure":{"ID":"26","Sign":"","Signs":{"ID":"","_":"","Language":"EN"}},"Name":{"Value":"Smile detection","Language":"EN"}}},{"Localized":0,"ID":833817793,"LocalID":0,"Type":"y_n","Value":"Y","CategoryFeatureId":"940597","CategoryFeatureGroupID":"6888","SortNo":"0","PresentationValue":"Yes","RawValue":"Y","LocalValue":"Yes","Description":"","Mandatory":"0","Searchable":"0","Optional":"0","Feature":{"ID":"47124","Sign":"","Measure":{"ID":"26","Sign":"","Signs":{"ID":"","_":"","Language":"EN"}},"Name":{"Value":"Portrait Lighting","Language":"EN"}}},{"Localized":0,"ID":833817652,"LocalID":0,"Type":"y_n","Value":"Y","CategoryFeatureId":"803475","CategoryFeatureGroupID":"6888","SortNo":"-1","PresentationValue":"Yes","RawValue":"Y","LocalValue":"Yes","Description":"","Mandatory":"0","Searchable":"0","Optional":"0","Feature":{"ID":"3711","Sign":"","Measure":{"ID":"26","Sign":"","Signs":{"ID":"","_":"","Language":"EN"}},"Name":{"Value":"Panorama","Language":"EN"}}},{"Localized":0,"ID":833817702,"LocalID":0,"Type":"y_n","Value":"Y","CategoryFeatureId":"926909","CategoryFeatureGroupID":"6888","SortNo":"-1","PresentationValue":"Yes","RawValue":"Y","LocalValue":"Yes","Description":"","Mandatory":"0","Searchable":"0","Optional":"0","Feature":{"ID":"17105","Sign":"","Measure":{"ID":"26","Sign":"","Signs":{"ID":"","_":"","Language":"EN"}},"Name":{"Value":"Portrait mode","Language":"EN"}}},{"Localized":0,"ID":833817787,"LocalID":0,"Type":"y_n","Value":"Y","CategoryFeatureId":"926910","CategoryFeatureGroupID":"6888","SortNo":"-1","PresentationValue":"Yes","RawValue":"Y","LocalValue":"Yes","Description":"","Mandatory":"0","Searchable":"0","Optional":"0","Feature":{"ID":"45974","Sign":"","Measure":{"ID":"26","Sign":"","Signs":{"ID":"","_":"","Language":"EN"}},"Name":{"Value":"Macro photography","Language":"EN"}}},{"Localized":0,"ID":833817801,"LocalID":0,"Type":"y_n","Value":"Y","CategoryFeatureId":"961023","CategoryFeatureGroupID":"6888","SortNo":"-2","PresentationValue":"Yes","RawValue":"Y","LocalValue":"Yes","Description":"","Mandatory":"0","Searchable":"0","Optional":"0","Feature":{"ID":"48209","Sign":"","Measure":{"ID":"26","Sign":"","Signs":{"ID":"","_":"","Language":"EN"}},"Name":{"Value":"Slow motion mode","Language":"EN"}}},{"Localized":0,"ID":833817782,"LocalID":0,"Type":"y_n","Value":"Y","CategoryFeatureId":"595163","CategoryFeatureGroupID":"6888","SortNo":"-5","PresentationValue":"Yes","RawValue":"Y","LocalValue":"Yes","Description":"","Mandatory":"0","Searchable":"0","Optional":"0","Feature":{"ID":"44188","Sign":"","Measure":{"ID":"26","Sign":"","Signs":{"ID":"","_":"","Language":"EN"}},"Name":{"Value":"AI scene recognition","Language":"EN"}}}]},{"ID":6890,"SortNo":"84","FeatureGroup":{"ID":"35","Name":{"Value":"Network","Language":"EN"}},"Features":[{"Localized":0,"ID":833817705,"LocalID":0,"Type":"dropdown","Value":"Dual SIM","CategoryFeatureId":"115466","CategoryFeatureGroupID":"6890","SortNo":"497","PresentationValue":"Dual SIM","RawValue":"Dual SIM","LocalValue":"Dual SIM","Description":"How many SIM cards the device can hold.","Mandatory":"1","Searchable":"1","Optional":"0","Feature":{"ID":"19653","Sign":"","Measure":{"ID":"29","Sign":"","Signs":{"ID":"","_":"","Language":"EN"}},"Name":{"Value":"SIM card capability","Language":"EN"}}},{"Localized":0,"ID":833817768,"LocalID":0,"Type":"dropdown","Value":"5G","CategoryFeatureId":"328674","CategoryFeatureGroupID":"6890","SortNo":"105","PresentationValue":"5G","RawValue":"5G","LocalValue":"5G","Description":"","Mandatory":"1","Searchable":"1","Optional":"0","Feature":{"ID":"40629","Sign":"","Measure":{"ID":"29","Sign":"","Signs":{"ID":"","_":"","Language":"EN"}},"Name":{"Value":"Mobile network generation","Language":"EN"}}},{"Localized":0,"ID":833817684,"LocalID":0,"Type":"dropdown","Value":"NanoSIM + eSIM","CategoryFeatureId":"56682","CategoryFeatureGroupID":"6890","SortNo":"99","PresentationValue":"NanoSIM + eSIM","RawValue":"NanoSIM + eSIM","LocalValue":"NanoSIM + eSIM","Description":"","Mandatory":"1","Searchable":"0","Optional":"0","Feature":{"ID":"9166","Sign":"","Measure":{"ID":"29","Sign":"","Signs":{"ID":"","_":"","Language":"EN"}},"Name":{"Value":"SIM card type","Language":"EN"}}},{"Localized":0,"ID":833817701,"LocalID":0,"Type":"multi_dropdown","Value":"WCDMA","CategoryFeatureId":"95631","CategoryFeatureGroupID":"6890","SortNo":"69","PresentationValue":"WCDMA","RawValue":"WCDMA","LocalValue":"WCDMA","Description":"","Mandatory":"1","Searchable":"0","Optional":"0","Feature":{"ID":"16923","Sign":"","Measure":{"ID":"29","Sign":"","Signs":{"ID":"","_":"","Language":"EN"}},"Name":{"Value":"3G standards","Language":"EN"}}},{"Localized":0,"ID":833817700,"LocalID":0,"Type":"dropdown","Value":"LTE-TDD & LTE-FDD","CategoryFeatureId":"95632","CategoryFeatureGroupID":"6890","SortNo":"68","PresentationValue":"LTE-TDD & LTE-FDD","RawValue":"LTE-TDD & LTE-FDD","LocalValue":"LTE-TDD & LTE-FDD","Description":"","Mandatory":"1","Searchable":"0","Optional":"0","Feature":{"ID":"16922","Sign":"","Measure":{"ID":"29","Sign":"","Signs":{"ID":"","_":"","Language":"EN"}},"Name":{"Value":"4G standard","Language":"EN"}}},{"Localized":0,"ID":833817789,"LocalID":0,"Type":"multi_dropdown","Value":"NR","CategoryFeatureId":"926919","CategoryFeatureGroupID":"6890","SortNo":"68","PresentationValue":"NR","RawValue":"NR","LocalValue":"NR","Description":"","Mandatory":"1","Searchable":"0","Optional":"0","Feature":{"ID":"45981","Sign":"","Measure":{"ID":"29","Sign":"","Signs":{"ID":"","_":"","Language":"EN"}},"Name":{"Value":"5G standard","Language":"EN"}}},{"Localized":0,"ID":833817709,"LocalID":0,"Type":"dropdown","Value":"Wi-Fi 7 (802.11be)","CategoryFeatureId":"968001","CategoryFeatureGroupID":"6890","SortNo":"36","PresentationValue":"Wi-Fi 7 (802.11be)","RawValue":"Wi-Fi 7 (802.11be)","LocalValue":"Wi-Fi 7 (802.11be)","Description":"Connection of this device is done via Wi-Fi in a high standard.","Mandatory":"1","Searchable":"0","Optional":"0","Feature":{"ID":"24993","Sign":"","Measure":{"ID":"29","Sign":"","Signs":{"ID":"","_":"","Language":"EN"}},"Name":{"Value":"Top Wi-Fi standard","Language":"EN"}}},{"Localized":0,"ID":833817622,"LocalID":0,"Type":"multi_dropdown","Value":"802.11a,802.11b,802.11g,Wi-Fi 4 (802.11n),Wi-Fi 5 (802.11ac),Wi-Fi 6 (802.11ax),Wi-Fi 6E (802.11ax),Wi-Fi 7 (802.11be)","CategoryFeatureId":"51514","CategoryFeatureGroupID":"6890","SortNo":"35","PresentationValue":"802.11a, 802.11b, 802.11g, Wi-Fi 4 (802.11n), Wi-Fi 5 (802.11ac), Wi-Fi 6 (802.11ax), Wi-Fi 6E (802.11ax), Wi-Fi 7 (802.11be)","RawValue":"802.11a,802.11b,802.11g,Wi-Fi 4 (802.11n),Wi-Fi 5 (802.11ac),Wi-Fi 6 (802.11ax),Wi-Fi 6E (802.11ax),Wi-Fi 7 (802.11be)","LocalValue":"802.11a, 802.11b, 802.11g, Wi-Fi 4 (802.11n), Wi-Fi 5 (802.11ac), Wi-Fi 6 (802.11ax), Wi-Fi 6E (802.11ax), Wi-Fi 7 (802.11be)","Description":"The type of wireless local area network (LAN). It can be ad-hoc, where units in a network communicate peer-to-peer, or Infrastructure, where units communicate with each other via an access point  A LAN interconnects computers in a small area e.g. home, school or office.","Mandatory":"0","Searchable":"0","Optional":"0","Feature":{"ID":"432","Sign":"","Measure":{"ID":"29","Sign":"","Signs":{"ID":"","_":"","Language":"EN"}},"Name":{"Value":"Wi-Fi standards","Language":"EN"}}},{"Localized":0,"ID":833817644,"LocalID":0,"Type":"y_n","Value":"Y","CategoryFeatureId":"51515","CategoryFeatureGroupID":"6890","SortNo":"33","PresentationValue":"Yes","RawValue":"Y","LocalValue":"Yes","Description":"Bluetooth is a low-power radio technology developed to replace the cables and wires currently used to link or connect electronic devices such as personal computers, printers, and a wide variety of handheld devices including mobile phones. Because it uses radio-wave connectivity, a Bluetooth-enabled device has a constant, established connection to whatever browser it uses. This saves the user the trouble of logging on to check for emails or news updates, for example.","Mandatory":"1","Searchable":"0","Optional":"0","Feature":{"ID":"2183","Sign":"","Measure":{"ID":"26","Sign":"","Signs":{"ID":"","_":"","Language":"EN"}},"Name":{"Value":"Bluetooth","Language":"EN"}}},{"Localized":0,"ID":833817631,"LocalID":0,"Type":"dropdown","Value":"6.0","CategoryFeatureId":"51516","CategoryFeatureGroupID":"6890","SortNo":"32","PresentationValue":"6.0","RawValue":"6.0","LocalValue":"6.0","Description":"The type of bluetooth technology in the product e.g. Bluetooth Smart (v4.0).","Mandatory":"0","Searchable":"0","Optional":"0","Feature":{"ID":"1208","Sign":"","Measure":{"ID":"29","Sign":"","Signs":{"ID":"","_":"","Language":"EN"}},"Name":{"Value":"Bluetooth version","Language":"EN"}}},{"Localized":0,"ID":833817770,"LocalID":0,"Type":"y_n","Value":"Y","CategoryFeatureId":"332070","CategoryFeatureGroupID":"6890","SortNo":"32","PresentationValue":"Yes","RawValue":"Y","LocalValue":"Yes","Description":"","Mandatory":"0","Searchable":"0","Optional":"0","Feature":{"ID":"40984","Sign":"","Measure":{"ID":"26","Sign":"","Signs":{"ID":"","_":"","Language":"EN"}},"Name":{"Value":"Bluetooth Low Energy (BLE)","Language":"EN"}}},{"Localized":0,"ID":833817658,"LocalID":0,"Type":"multi_dropdown","Value":"AAC,APTX,APTX-HD,LC3,LDAC,SBC","CategoryFeatureId":"51527","CategoryFeatureGroupID":"6890","SortNo":"31","PresentationValue":"AAC, APTX, APTX-HD, LC3, LDAC, SBC","RawValue":"AAC,APTX,APTX-HD,LC3,LDAC,SBC","LocalValue":"AAC, APTX, APTX-HD, LC3, LDAC, SBC","Description":"","Mandatory":"0","Searchable":"0","Optional":"0","Feature":{"ID":"4133","Sign":"","Measure":{"ID":"29","Sign":"","Signs":{"ID":"","_":"","Language":"EN"}},"Name":{"Value":"Bluetooth profiles","Language":"EN"}}},{"Localized":0,"ID":833817772,"LocalID":0,"Type":"y_n","Value":"Y","CategoryFeatureId":"332317","CategoryFeatureGroupID":"6890","SortNo":"31","PresentationValue":"Yes","RawValue":"Y","LocalValue":"Yes","Description":"","Mandatory":"0","Searchable":"0","Optional":"0","Feature":{"ID":"41012","Sign":"","Measure":{"ID":"26","Sign":"","Signs":{"ID":"","_":"","Language":"EN"}},"Name":{"Value":"aptX technology","Language":"EN"}}},{"Localized":0,"ID":833817781,"LocalID":0,"Type":"dropdown","Value":"Tri-band","CategoryFeatureId":"709576","CategoryFeatureGroupID":"6890","SortNo":"10","PresentationValue":"Tri-band","RawValue":"Tri-band","LocalValue":"Tri-band","Description":"","Mandatory":"0","Searchable":"0","Optional":"0","Feature":{"ID":"43335","Sign":"","Measure":{"ID":"29","Sign":"","Signs":{"ID":"","_":"","Language":"EN"}},"Name":{"Value":"Frequency band","Language":"EN"}}},{"Localized":0,"ID":833817687,"LocalID":0,"Type":"y_n","Value":"Y","CategoryFeatureId":"138770","CategoryFeatureGroupID":"6890","SortNo":"0","PresentationValue":"Yes","RawValue":"Y","LocalValue":"Yes","Description":"","Mandatory":"0","Searchable":"0","Optional":"0","Feature":{"ID":"9779","Sign":"","Measure":{"ID":"26","Sign":"","Signs":{"ID":"","_":"","Language":"EN"}},"Name":{"Value":"Wi-Fi Direct","Language":"EN"}}},{"Localized":0,"ID":833817725,"LocalID":0,"Type":"y_n","Value":"Y","CategoryFeatureId":"302276","CategoryFeatureGroupID":"6890","SortNo":"0","PresentationValue":"Yes","RawValue":"Y","LocalValue":"Yes","Description":"","Mandatory":"0","Searchable":"0","Optional":"0","Feature":{"ID":"27802","Sign":"","Measure":{"ID":"26","Sign":"","Signs":{"ID":"","_":"","Language":"EN"}},"Name":{"Value":"MIMO","Language":"EN"}}},{"Localized":0,"ID":833817690,"LocalID":0,"Type":"y_n","Value":"Y","CategoryFeatureId":"63985","CategoryFeatureGroupID":"6890","SortNo":"-5","PresentationValue":"Yes","RawValue":"Y","LocalValue":"Yes","Description":"","Mandatory":"0","Searchable":"0","Optional":"0","Feature":{"ID":"10157","Sign":"","Measure":{"ID":"26","Sign":"","Signs":{"ID":"","_":"","Language":"EN"}},"Name":{"Value":"Near Field Communication (NFC)","Language":"EN"}}}]},{"ID":6889,"SortNo":"80","FeatureGroup":{"ID":"12","Name":{"Value":"Ports & interfaces","Language":"EN"}},"Features":[{"Localized":0,"ID":833817640,"LocalID":0,"Type":"multi_dropdown","Value":"USB Type-C","CategoryFeatureId":"51510","CategoryFeatureGroupID":"6889","SortNo":"60","PresentationValue":"USB Type-C","RawValue":"USB Type-C","LocalValue":"USB Type-C","Description":"The type of USB connector/port that this product has.","Mandatory":"0","Searchable":"0","Optional":"0","Feature":{"ID":"1742","Sign":"","Measure":{"ID":"29","Sign":"","Signs":{"ID":"","_":"","Language":"EN"}},"Name":{"Value":"USB connector type","Language":"EN"}}},{"Localized":0,"ID":833817659,"LocalID":0,"Type":"dropdown","Value":"USB Type-C","CategoryFeatureId":"51511","CategoryFeatureGroupID":"6889","SortNo":"16","PresentationValue":"USB Type-C","RawValue":"USB Type-C","LocalValue":"USB Type-C","Description":"How headphones connect to a device e.g. wirelessly or via a cable and connector.","Mandatory":"0","Searchable":"0","Optional":"0","Feature":{"ID":"4163","Sign":"","Measure":{"ID":"29","Sign":"","Signs":{"ID":"","_":"","Language":"EN"}},"Name":{"Value":"Headphone connectivity","Language":"EN"}}}]},{"ID":6919,"SortNo":"75","FeatureGroup":{"ID":"50","Name":{"Value":"Messaging","Language":"EN"}},"Features":[{"Localized":0,"ID":833817643,"LocalID":0,"Type":"y_n","Value":"Y","CategoryFeatureId":"51656","CategoryFeatureGroupID":"6919","SortNo":"100","PresentationValue":"Yes","RawValue":"Y","LocalValue":"Yes","Description":"","Mandatory":"0","Searchable":"0","Optional":"0","Feature":{"ID":"1901","Sign":"","Measure":{"ID":"26","Sign":"","Signs":{"ID":"","_":"","Language":"EN"}},"Name":{"Value":"Short Message Service (SMS)","Language":"EN"}}},{"Localized":0,"ID":833817707,"LocalID":0,"Type":"y_n","Value":"Y","CategoryFeatureId":"146646","CategoryFeatureGroupID":"6919","SortNo":"40","PresentationValue":"Yes","RawValue":"Y","LocalValue":"Yes","Description":"","Mandatory":"0","Searchable":"0","Optional":"0","Feature":{"ID":"23802","Sign":"","Measure":{"ID":"26","Sign":"","Signs":{"ID":"","_":"","Language":"EN"}},"Name":{"Value":"E-mail","Language":"EN"}}}]},{"ID":11005,"SortNo":"71","FeatureGroup":{"ID":"54","Name":{"Value":"Navigation","Language":"EN"}},"Features":[{"Localized":0,"ID":833817650,"LocalID":0,"Type":"y_n","Value":"Y","CategoryFeatureId":"51755","CategoryFeatureGroupID":"11005","SortNo":"30","PresentationValue":"Yes","RawValue":"Y","LocalValue":"Yes","Description":"Global Positioning System (GPS) is a space-based satellite navigation system that provides location and time information in all weather conditions, anywhere on or near the Earth where there is an unobstructed line of sight to four or more GPS satellites. The system provides critical capabilities to military, civil and commercial users around the world. It is maintained by the United States government and is freely accessible to anyone with a GPS receiver.","Mandatory":"0","Searchable":"0","Optional":"0","Feature":{"ID":"3329","Sign":"","Measure":{"ID":"26","Sign":"","Signs":{"ID":"","_":"","Language":"EN"}},"Name":{"Value":"GPS (satellite)","Language":"EN"}}},{"Localized":0,"ID":833817699,"LocalID":0,"Type":"y_n","Value":"Y","CategoryFeatureId":"94591","CategoryFeatureGroupID":"11005","SortNo":"8","PresentationValue":"Yes","RawValue":"Y","LocalValue":"Yes","Description":"","Mandatory":"0","Searchable":"0","Optional":"0","Feature":{"ID":"15618","Sign":"","Measure":{"ID":"26","Sign":"","Signs":{"ID":"","_":"","Language":"EN"}},"Name":{"Value":"GLONASS","Language":"EN"}}},{"Localized":0,"ID":833817728,"LocalID":0,"Type":"y_n","Value":"Y","CategoryFeatureId":"184929","CategoryFeatureGroupID":"11005","SortNo":"8","PresentationValue":"Yes","RawValue":"Y","LocalValue":"Yes","Description":"","Mandatory":"0","Searchable":"0","Optional":"0","Feature":{"ID":"28694","Sign":"","Measure":{"ID":"26","Sign":"","Signs":{"ID":"","_":"","Language":"EN"}},"Name":{"Value":"BeiDou","Language":"EN"}}},{"Localized":0,"ID":833817734,"LocalID":0,"Type":"y_n","Value":"Y","CategoryFeatureId":"226793","CategoryFeatureGroupID":"11005","SortNo":"7","PresentationValue":"Yes","RawValue":"Y","LocalValue":"Yes","Description":"","Mandatory":"0","Searchable":"0","Optional":"0","Feature":{"ID":"33685","Sign":"","Measure":{"ID":"26","Sign":"","Signs":{"ID":"","_":"","Language":"EN"}},"Name":{"Value":"Galileo","Language":"EN"}}},{"Localized":0,"ID":833817736,"LocalID":0,"Type":"y_n","Value":"Y","CategoryFeatureId":"226792","CategoryFeatureGroupID":"11005","SortNo":"6","PresentationValue":"Yes","RawValue":"Y","LocalValue":"Yes","Description":"","Mandatory":"0","Searchable":"0","Optional":"0","Feature":{"ID":"33686","Sign":"","Measure":{"ID":"26","Sign":"","Signs":{"ID":"","_":"","Language":"EN"}},"Name":{"Value":"Quasi-Zenith Satellite System (QZSS)","Language":"EN"}}},{"Localized":0,"ID":833817639,"LocalID":0,"Type":"y_n","Value":"Y","CategoryFeatureId":"51517","CategoryFeatureGroupID":"11005","SortNo":"0","PresentationValue":"Yes","RawValue":"Y","LocalValue":"Yes","Description":"Electronic instrument used for navigation that shows directions in a frame of reference (north, south, east, west) that is stationary relative to the surface of the earth.","Mandatory":"0","Searchable":"0","Optional":"0","Feature":{"ID":"1733","Sign":"","Measure":{"ID":"26","Sign":"","Signs":{"ID":"","_":"","Language":"EN"}},"Name":{"Value":"Electronic compass","Language":"EN"}}},{"Localized":0,"ID":833817711,"LocalID":0,"Type":"y_n","Value":"Y","CategoryFeatureId":"166073","CategoryFeatureGroupID":"11005","SortNo":"0","PresentationValue":"Yes","RawValue":"Y","LocalValue":"Yes","Description":"Whether the navigation system can locate the phone's position.","Mandatory":"1","Searchable":"1","Optional":"0","Feature":{"ID":"26425","Sign":"","Measure":{"ID":"26","Sign":"","Signs":{"ID":"","_":"","Language":"EN"}},"Name":{"Value":"Position location","Language":"EN"}}},{"Localized":0,"ID":833817681,"LocalID":0,"Type":"y_n","Value":"Y","CategoryFeatureId":"51754","CategoryFeatureGroupID":"11005","SortNo":"-2","PresentationValue":"Yes","RawValue":"Y","LocalValue":"Yes","Description":"","Mandatory":"0","Searchable":"0","Optional":"0","Feature":{"ID":"8742","Sign":"","Measure":{"ID":"26","Sign":"","Signs":{"ID":"","_":"","Language":"EN"}},"Name":{"Value":"Wi-Fi positioning","Language":"EN"}}}]},{"ID":11003,"SortNo":"70","FeatureGroup":{"ID":"148","Name":{"Value":"Design","Language":"EN"}},"Features":[{"Localized":0,"ID":833817627,"LocalID":0,"Type":"dropdown","Value":"Clamshell","CategoryFeatureId":"51570","CategoryFeatureGroupID":"11003","SortNo":"55","PresentationValue":"Clamshell","RawValue":"Clamshell","LocalValue":"Clamshell","Description":"The shape or design of the product.","Mandatory":"1","Searchable":"1","Optional":"0","Feature":{"ID":"771","Sign":"","Measure":{"ID":"29","Sign":"","Signs":{"ID":"","_":"","Language":"EN"}},"Name":{"Value":"Form factor","Language":"EN"}}},{"Localized":0,"ID":833817641,"LocalID":0,"Type":"multi_dropdown","Value":"White","CategoryFeatureId":"143786","CategoryFeatureGroupID":"11003","SortNo":"35","PresentationValue":"White","RawValue":"White","LocalValue":"White","Description":"The colour e.g. red, blue, green, black, white.","Mandatory":"1","Searchable":"1","Optional":"0","Feature":{"ID":"1766","Sign":"","Measure":{"ID":"29","Sign":"","Signs":{"ID":"","_":"","Language":"EN"}},"Name":{"Value":"Product colour","Language":"EN"}}},{"Localized":0,"ID":833817704,"LocalID":0,"Type":"text","Value":"Ivory White","CategoryFeatureId":"270487","CategoryFeatureGroupID":"11003","SortNo":"34","PresentationValue":"Ivory White","RawValue":"Ivory White","LocalValue":"Ivory White","Description":"","Mandatory":"0","Searchable":"0","Optional":"0","Feature":{"ID":"17956","Sign":"","Measure":{"ID":"29","Sign":"","Signs":{"ID":"","_":"","Language":"EN"}},"Name":{"Value":"Colour name","Language":"EN"}}},{"Localized":0,"ID":833817676,"LocalID":0,"Type":"multi_dropdown","Value":"Dust resistant,Water resistant","CategoryFeatureId":"70015","CategoryFeatureGroupID":"11003","SortNo":"9","PresentationValue":"Dust resistant, Water resistant","RawValue":"Dust resistant,Water resistant","LocalValue":"Dust resistant, Water resistant","Description":"Physical effects from which the product is protected e.g. water resistant, crash proof.","Mandatory":"0","Searchable":"0","Optional":"0","Feature":{"ID":"8072","Sign":"","Measure":{"ID":"29","Sign":"","Signs":{"ID":"","_":"","Language":"EN"}},"Name":{"Value":"Protection features","Language":"EN"}}}]},{"ID":11002,"SortNo":"65","FeatureGroup":{"ID":"184","Name":{"Value":"Performance","Language":"EN"}},"Features":[{"Localized":0,"ID":833817664,"LocalID":0,"Type":"y_n","Value":"Y","CategoryFeatureId":"51712","CategoryFeatureGroupID":"11002","SortNo":"80","PresentationValue":"Yes","RawValue":"Y","LocalValue":"Yes","Description":"Simultaneous video and audio signals to enable people to talk to and see each other in real time.","Mandatory":"0","Searchable":"0","Optional":"0","Feature":{"ID":"7018","Sign":"","Measure":{"ID":"26","Sign":"","Signs":{"ID":"","_":"","Language":"EN"}},"Name":{"Value":"Video call","Language":"EN"}}},{"Localized":0,"ID":833817660,"LocalID":0,"Type":"y_n","Value":"Y","CategoryFeatureId":"222568","CategoryFeatureGroupID":"11002","SortNo":"57","PresentationValue":"Yes","RawValue":"Y","LocalValue":"Yes","Description":"","Mandatory":"0","Searchable":"0","Optional":"0","Feature":{"ID":"4981","Sign":"","Measure":{"ID":"26","Sign":"","Signs":{"ID":"","_":"","Language":"EN"}},"Name":{"Value":"Fast charging","Language":"EN"}}},{"Localized":0,"ID":833817693,"LocalID":0,"Type":"y_n","Value":"Y","CategoryFeatureId":"80089","CategoryFeatureGroupID":"11002","SortNo":"56","PresentationValue":"Yes","RawValue":"Y","LocalValue":"Yes","Description":"","Mandatory":"0","Searchable":"0","Optional":"0","Feature":{"ID":"12148","Sign":"","Measure":{"ID":"26","Sign":"","Signs":{"ID":"","_":"","Language":"EN"}},"Name":{"Value":"Wireless charging","Language":"EN"}}},{"Localized":0,"ID":833817765,"LocalID":0,"Type":"numerical","Value":"50","CategoryFeatureId":"967754","CategoryFeatureGroupID":"11002","SortNo":"56","PresentationValue":"50 W","RawValue":"50","LocalValue":"50","Description":"","Mandatory":"0","Searchable":"0","Optional":"0","Feature":{"ID":"39544","Sign":"","Measure":{"ID":"44","Sign":"","Signs":{"ID":"28","_":"W","Language":"EN"}},"Name":{"Value":"Wireless charging power","Language":"EN"}}},{"Localized":0,"ID":833817740,"LocalID":0,"Type":"multi_dropdown","Value":"SuperCharge","CategoryFeatureId":"338596","CategoryFeatureGroupID":"11002","SortNo":"54","PresentationValue":"SuperCharge","RawValue":"SuperCharge","LocalValue":"SuperCharge","Description":"","Mandatory":"0","Searchable":"0","Optional":"0","Feature":{"ID":"35273","Sign":"","Measure":{"ID":"29","Sign":"","Signs":{"ID":"","_":"","Language":"EN"}},"Name":{"Value":"Fast charging technology","Language":"EN"}}},{"Localized":0,"ID":833817624,"LocalID":0,"Type":"dropdown","Value":"Adreno 830","CategoryFeatureId":"169461","CategoryFeatureGroupID":"11002","SortNo":"30","PresentationValue":"Adreno 830","RawValue":"Adreno 830","LocalValue":"Adreno 830","Description":"","Mandatory":"0","Searchable":"0","Optional":"0","Feature":{"ID":"614","Sign":"","Measure":{"ID":"29","Sign":"","Signs":{"ID":"","_":"","Language":"EN"}},"Name":{"Value":"Graphics card","Language":"EN"}}},{"Localized":0,"ID":833817651,"LocalID":0,"Type":"y_n","Value":"Y","CategoryFeatureId":"94723","CategoryFeatureGroupID":"11002","SortNo":"4","PresentationValue":"Yes","RawValue":"Y","LocalValue":"Yes","Description":"A scanner used to identify a person's fingerprint for security purposes. After a sample is taken, access to a computer or other system is granted if the fingerprint matches the stored sample. A PIN may also be used with the fingerprint sample.","Mandatory":"0","Searchable":"0","Optional":"0","Feature":{"ID":"3577","Sign":"","Measure":{"ID":"26","Sign":"","Signs":{"ID":"","_":"","Language":"EN"}},"Name":{"Value":"Fingerprint reader","Language":"EN"}}},{"Localized":0,"ID":833817691,"LocalID":0,"Type":"y_n","Value":"Y","CategoryFeatureId":"259193","CategoryFeatureGroupID":"11002","SortNo":"3","PresentationValue":"Yes","RawValue":"Y","LocalValue":"Yes","Description":"","Mandatory":"0","Searchable":"0","Optional":"0","Feature":{"ID":"10935","Sign":"","Measure":{"ID":"26","Sign":"","Signs":{"ID":"","_":"","Language":"EN"}},"Name":{"Value":"Face recognition","Language":"EN"}}}]},{"ID":11006,"SortNo":"55","FeatureGroup":{"ID":"186","Name":{"Value":"Multimedia","Language":"EN"}},"Features":[{"Localized":0,"ID":833817630,"LocalID":0,"Type":"dropdown","Value":"Stereo","CategoryFeatureId":"54161","CategoryFeatureGroupID":"11006","SortNo":"0","PresentationValue":"stereo","RawValue":"Stereo","LocalValue":"stereo","Description":"","Mandatory":"0","Searchable":"0","Optional":"0","Feature":{"ID":"1024","Sign":"","Measure":{"ID":"29","Sign":"","Signs":{"ID":"","_":"","Language":"EN"}},"Name":{"Value":"Speakers","Language":"EN"}}},{"Localized":0,"ID":833817646,"LocalID":0,"Type":"multi_dropdown","Value":"3GP,ACC,AMR,FLAC,MIDI,MP3,MP4,OGG,WAV","CategoryFeatureId":"51528","CategoryFeatureGroupID":"11006","SortNo":"-11","PresentationValue":"3GP, ACC, AMR, FLAC, MIDI, MP3, MP4, OGG, WAV","RawValue":"3GP,ACC,AMR,FLAC,MIDI,MP3,MP4,OGG,WAV","LocalValue":"3GP, ACC, AMR, FLAC, MIDI, MP3, MP4, OGG, WAV","Description":"The audio formats which this device or software can read/use e.g. MP3, MP4.","Mandatory":"0","Searchable":"0","Optional":"0","Feature":{"ID":"2224","Sign":"","Measure":{"ID":"29","Sign":"","Signs":{"ID":"","_":"","Language":"EN"}},"Name":{"Value":"Audio formats supported","Language":"EN"}}},{"Localized":0,"ID":833817663,"LocalID":0,"Type":"multi_dropdown","Value":"3GP,MP4","CategoryFeatureId":"51529","CategoryFeatureGroupID":"11006","SortNo":"-12","PresentationValue":"3GP, MP4","RawValue":"3GP,MP4","LocalValue":"3GP, MP4","Description":"The type of video formats that can be used by this device.","Mandatory":"0","Searchable":"0","Optional":"0","Feature":{"ID":"6893","Sign":"","Measure":{"ID":"29","Sign":"","Signs":{"ID":"","_":"","Language":"EN"}},"Name":{"Value":"Video formats supported","Language":"EN"}}}]},{"ID":18401,"SortNo":"20","FeatureGroup":{"ID":"90","Name":{"Value":"Software","Language":"EN"}},"Features":[{"Localized":0,"ID":833817620,"LocalID":0,"Type":"dropdown","Value":"Android","CategoryFeatureId":"270282","CategoryFeatureGroupID":"18401","SortNo":"500","PresentationValue":"Android","RawValue":"Android","LocalValue":"Android","Description":"Description of a technology platform including a processor, chipset, platform software and wired networking capabilities.","Mandatory":"1","Searchable":"1","Optional":"0","Feature":{"ID":"75","Sign":"","Measure":{"ID":"29","Sign":"","Signs":{"ID":"","_":"","Language":"EN"}},"Name":{"Value":"Platform","Language":"EN"}}},{"Localized":0,"ID":833817649,"LocalID":0,"Type":"dropdown","Value":"Android 15","CategoryFeatureId":"83499","CategoryFeatureGroupID":"18401","SortNo":"495","PresentationValue":"Android 15","RawValue":"Android 15","LocalValue":"Android 15","Description":"Type of operating system on a device e.g. IOS on Apple devices, Android for mobile devices.","Mandatory":"1","Searchable":"1","Optional":"0","Feature":{"ID":"3233","Sign":"","Measure":{"ID":"29","Sign":"","Signs":{"ID":"","_":"","Language":"EN"}},"Name":{"Value":"Operating system installed","Language":"EN"}}},{"Localized":0,"ID":835246348,"LocalID":0,"Type":"dropdown","Value":"MagicOS 9.0.1","CategoryFeatureId":"897938","CategoryFeatureGroupID":"18401","SortNo":"495","PresentationValue":"MagicOS 9.0.1","RawValue":"MagicOS 9.0.1","LocalValue":"MagicOS 9.0.1","Description":"","Mandatory":"0","Searchable":"0","Optional":"0","Feature":{"ID":"45080","Sign":"","Measure":{"ID":"29","Sign":"","Signs":{"ID":"","_":"","Language":"EN"}},"Name":{"Value":"User interface (UI)","Language":"EN"}}}]},{"ID":6892,"SortNo":"5","FeatureGroup":{"ID":"143","Name":{"Value":"Battery","Language":"EN"}},"Features":[{"Localized":0,"ID":833817623,"LocalID":0,"Type":"dropdown","Value":"Lithium Polymer (LiPo)","CategoryFeatureId":"51518","CategoryFeatureGroupID":"6892","SortNo":"80","PresentationValue":"Lithium Polymer (LiPo)","RawValue":"Lithium Polymer (LiPo)","LocalValue":"Lithium Polymer (LiPo)","Description":"The type of battery in the device, e.g. nickel–cadmium (NiCd).","Mandatory":"0","Searchable":"0","Optional":"0","Feature":{"ID":"434","Sign":"","Measure":{"ID":"29","Sign":"","Signs":{"ID":"","_":"","Language":"EN"}},"Name":{"Value":"Battery technology","Language":"EN"}}},{"Localized":0,"ID":833817628,"LocalID":0,"Type":"numerical","Value":"5820","CategoryFeatureId":"51519","CategoryFeatureGroupID":"6892","SortNo":"38","PresentationValue":"5820 mAh","RawValue":"5820","LocalValue":"5820","Description":"A measure of the charge stored by the battery. Determined by the mass of active material contained in the battery.","Mandatory":"1","Searchable":"1","Optional":"0","Feature":{"ID":"909","Sign":"","Measure":{"ID":"51","Sign":"","Signs":{"ID":"35","_":"mAh","Language":"EN"}},"Name":{"Value":"Battery capacity","Language":"EN"}}}]},{"ID":34102,"SortNo":"0","FeatureGroup":{"ID":"167","Name":{"Value":"Sensors","Language":"EN"}},"Features":[{"Localized":0,"ID":833817678,"LocalID":0,"Type":"y_n","Value":"Y","CategoryFeatureId":"51566","CategoryFeatureGroupID":"34102","SortNo":"11","PresentationValue":"Yes","RawValue":"Y","LocalValue":"Yes","Description":"","Mandatory":"0","Searchable":"0","Optional":"0","Feature":{"ID":"8698","Sign":"","Measure":{"ID":"26","Sign":"","Signs":{"ID":"","_":"","Language":"EN"}},"Name":{"Value":"Proximity sensor","Language":"EN"}}},{"Localized":0,"ID":833817685,"LocalID":0,"Type":"y_n","Value":"Y","CategoryFeatureId":"57380","CategoryFeatureGroupID":"34102","SortNo":"11","PresentationValue":"Yes","RawValue":"Y","LocalValue":"Yes","Description":"","Mandatory":"0","Searchable":"0","Optional":"0","Feature":{"ID":"9731","Sign":"","Measure":{"ID":"26","Sign":"","Signs":{"ID":"","_":"","Language":"EN"}},"Name":{"Value":"Accelerometer","Language":"EN"}}},{"Localized":0,"ID":833817679,"LocalID":0,"Type":"y_n","Value":"Y","CategoryFeatureId":"59559","CategoryFeatureGroupID":"34102","SortNo":"11","PresentationValue":"Yes","RawValue":"Y","LocalValue":"Yes","Description":"","Mandatory":"0","Searchable":"0","Optional":"0","Feature":{"ID":"8720","Sign":"","Measure":{"ID":"26","Sign":"","Signs":{"ID":"","_":"","Language":"EN"}},"Name":{"Value":"Ambient light sensor","Language":"EN"}}},{"Localized":0,"ID":833817686,"LocalID":0,"Type":"y_n","Value":"Y","CategoryFeatureId":"106231","CategoryFeatureGroupID":"34102","SortNo":"10","PresentationValue":"Yes","RawValue":"Y","LocalValue":"Yes","Description":"","Mandatory":"0","Searchable":"0","Optional":"0","Feature":{"ID":"9732","Sign":"","Measure":{"ID":"26","Sign":"","Signs":{"ID":"","_":"","Language":"EN"}},"Name":{"Value":"Gyroscope","Language":"EN"}}},{"Localized":0,"ID":833817797,"LocalID":0,"Type":"y_n","Value":"Y","CategoryFeatureId":"959784","CategoryFeatureGroupID":"34102","SortNo":"10","PresentationValue":"Yes","RawValue":"Y","LocalValue":"Yes","Description":"","Mandatory":"0","Searchable":"0","Optional":"0","Feature":{"ID":"48126","Sign":"","Measure":{"ID":"26","Sign":"","Signs":{"ID":"","_":"","Language":"EN"}},"Name":{"Value":"Gravity sensor","Language":"EN"}}},{"Localized":0,"ID":833817671,"LocalID":0,"Type":"y_n","Value":"Y","CategoryFeatureId":"106232","CategoryFeatureGroupID":"34102","SortNo":"0","PresentationValue":"Yes","RawValue":"Y","LocalValue":"Yes","Description":"","Mandatory":"0","Searchable":"0","Optional":"0","Feature":{"ID":"7609","Sign":"","Measure":{"ID":"26","Sign":"","Signs":{"ID":"","_":"","Language":"EN"}},"Name":{"Value":"Barometer","Language":"EN"}}},{"Localized":0,"ID":833817754,"LocalID":0,"Type":"y_n","Value":"Y","CategoryFeatureId":"302243","CategoryFeatureGroupID":"34102","SortNo":"0","PresentationValue":"Yes","RawValue":"Y","LocalValue":"Yes","Description":"","Mandatory":"0","Searchable":"0","Optional":"0","Feature":{"ID":"38333","Sign":"","Measure":{"ID":"26","Sign":"","Signs":{"ID":"","_":"","Language":"EN"}},"Name":{"Value":"Hall sensor","Language":"EN"}}},{"Localized":0,"ID":833817774,"LocalID":0,"Type":"y_n","Value":"Y","CategoryFeatureId":"335370","CategoryFeatureGroupID":"34102","SortNo":"0","PresentationValue":"Yes","RawValue":"Y","LocalValue":"Yes","Description":"","Mandatory":"0","Searchable":"0","Optional":"0","Feature":{"ID":"41564","Sign":"","Measure":{"ID":"26","Sign":"","Signs":{"ID":"","_":"","Language":"EN"}},"Name":{"Value":"Infrared sensor","Language":"EN"}}},{"Localized":0,"ID":833817777,"LocalID":0,"Type":"y_n","Value":"Y","CategoryFeatureId":"338540","CategoryFeatureGroupID":"34102","SortNo":"0","PresentationValue":"Yes","RawValue":"Y","LocalValue":"Yes","Description":"","Mandatory":"0","Searchable":"0","Optional":"0","Feature":{"ID":"41752","Sign":"","Measure":{"ID":"26","Sign":"","Signs":{"ID":"","_":"","Language":"EN"}},"Name":{"Value":"Gesture sensor","Language":"EN"}}}]},{"ID":81108,"SortNo":"0","FeatureGroup":{"ID":"27","Name":{"Value":"Power","Language":"EN"}},"Features":[{"Localized":0,"ID":833817803,"LocalID":0,"Type":"y_n","Value":"Y","CategoryFeatureId":"974869","CategoryFeatureGroupID":"81108","SortNo":"0","PresentationValue":"Yes","RawValue":"Y","LocalValue":"Yes","Description":"","Mandatory":"0","Searchable":"1","Optional":"0","Feature":{"ID":"48505","Sign":"","Measure":{"ID":"26","Sign":"","Signs":{"ID":"","_":"","Language":"EN"}},"Name":{"Value":"USB Type-C charging port","Language":"EN"}}}]},{"ID":82700,"SortNo":"0","FeatureGroup":{"ID":"32","Name":{"Value":"Endurance","Language":"EN"}},"Features":[{"Localized":0,"ID":833817673,"LocalID":0,"Type":"dropdown","Value":"IP58, IP59","CategoryFeatureId":"81142","CategoryFeatureGroupID":"82700","SortNo":"38","PresentationValue":"IP58, IP59","RawValue":"IP58, IP59","LocalValue":"IP58, IP59","Description":"The IP code classifies and rates the degree of protection provided against the intrusion (including body parts such as hands and fingers), dust, accidental contact, and water by mechanical casings and electrical enclosures. It is published by the International Electrotechnical Commission (IEC). The digits (characteristic numerals) indicate conformity with the conditions summarized in the tables below. Where there is no protection rating with regard to one of the criteria, the digit is replaced with the letter X. an electrical socket rated IP22 is protected against insertion of fingers and will not be damaged or become unsafe during a specified test in which it is exposed to vertically or nearly vertically dripping water. Another example is the Sony Xperia Z Ultra, one of the first cellular phones to be IP-rated; it is rated at IP58 and marketed as \"dust resistant\" and can be \"immersed in 1.5 meter of freshwater for up to 30 minutes\".","Mandatory":"1","Searchable":"0","Optional":"0","Feature":{"ID":"7900","Sign":"","Measure":{"ID":"29","Sign":"","Signs":{"ID":"","_":"","Language":"EN"}},"Name":{"Value":"International Protection (IP) code","Language":"EN"}}}]},{"ID":6881,"SortNo":"-1","FeatureGroup":{"ID":"14","Name":{"Value":"Weight & dimensions","Language":"EN"}},"Features":[{"Localized":0,"ID":833817637,"LocalID":0,"Type":"numerical","Value":"145.9","CategoryFeatureId":"51488","CategoryFeatureGroupID":"6881","SortNo":"10","PresentationValue":"145.9 mm","RawValue":"145.9","LocalValue":"145.9","Description":"The measurement or extent of something from side to side.","Mandatory":"0","Searchable":"0","Optional":"0","Feature":{"ID":"1649","Sign":"","Measure":{"ID":"24","Sign":"","Signs":{"ID":"3","_":"mm","Language":"EN"}},"Name":{"Value":"Width","Language":"EN"}}},{"Localized":0,"ID":833817638,"LocalID":0,"Type":"numerical","Value":"4.1","CategoryFeatureId":"51489","CategoryFeatureGroupID":"6881","SortNo":"9","PresentationValue":"4.1 mm","RawValue":"4.1","LocalValue":"4.1","Description":"The distance from the front to the back of something.","Mandatory":"0","Searchable":"0","Optional":"0","Feature":{"ID":"1650","Sign":"","Measure":{"ID":"24","Sign":"","Signs":{"ID":"3","_":"mm","Language":"EN"}},"Name":{"Value":"Depth","Language":"EN"}}},{"Localized":0,"ID":833817633,"LocalID":0,"Type":"numerical","Value":"156.8","CategoryFeatureId":"51490","CategoryFeatureGroupID":"6881","SortNo":"8","PresentationValue":"156.8 mm","RawValue":"156.8","LocalValue":"156.8","Description":"The measurement of the product from head to foot or from base to top.","Mandatory":"0","Searchable":"0","Optional":"0","Feature":{"ID":"1464","Sign":"","Measure":{"ID":"24","Sign":"","Signs":{"ID":"3","_":"mm","Language":"EN"}},"Name":{"Value":"Height","Language":"EN"}}},{"Localized":0,"ID":833817621,"LocalID":0,"Type":"numerical","Value":"217","CategoryFeatureId":"51491","CategoryFeatureGroupID":"6881","SortNo":"7","PresentationValue":"217 g","RawValue":"217","LocalValue":"217","Description":"Weight of the product without packaging (net weight). If possible, the net weight is given including standard accessories and supplies. Please note that sometimes the manufacturer leaves out the weight of accessories and/or supplies.","Mandatory":"1","Searchable":"1","Optional":"0","Feature":{"ID":"94","Sign":"","Measure":{"ID":"38","Sign":"","Signs":{"ID":"22","_":"g","Language":"EN"}},"Name":{"Value":"Weight","Language":"EN"}}},{"Localized":0,"ID":833817689,"LocalID":0,"Type":"numerical","Value":"74.3","CategoryFeatureId":"309356","CategoryFeatureGroupID":"6881","SortNo":"7","PresentationValue":"7.43 cm","RawValue":"74.3","LocalValue":"7.43","Description":"","Mandatory":"0","Searchable":"0","Optional":"0","Feature":{"ID":"10103","Sign":"","Measure":{"ID":"24","Sign":"","Signs":{"ID":"3","_":"mm","Language":"EN"}},"Name":{"Value":"Folded width","Language":"EN"}}},{"Localized":0,"ID":833817688,"LocalID":0,"Type":"numerical","Value":"8.8","CategoryFeatureId":"309357","CategoryFeatureGroupID":"6881","SortNo":"6","PresentationValue":"8.8 mm","RawValue":"8.8","LocalValue":"8.8","Description":"","Mandatory":"0","Searchable":"0","Optional":"0","Feature":{"ID":"10101","Sign":"","Measure":{"ID":"24","Sign":"","Signs":{"ID":"3","_":"mm","Language":"EN"}},"Name":{"Value":"Folded depth","Language":"EN"}}},{"Localized":0,"ID":833817655,"LocalID":0,"Type":"numerical","Value":"198","CategoryFeatureId":"256200","CategoryFeatureGroupID":"6881","SortNo":"-1","PresentationValue":"198 mm","RawValue":"198","LocalValue":"198","Description":"The distance from one side of the packaging to the other.","Mandatory":"0","Searchable":"0","Optional":"0","Feature":{"ID":"3808","Sign":"","Measure":{"ID":"24","Sign":"","Signs":{"ID":"3","_":"mm","Language":"EN"}},"Name":{"Value":"Package width","Language":"EN"}}},{"Localized":0,"ID":833817653,"LocalID":0,"Type":"numerical","Value":"56","CategoryFeatureId":"256201","CategoryFeatureGroupID":"6881","SortNo":"-2","PresentationValue":"56 mm","RawValue":"56","LocalValue":"56","Description":"The distance from the front to the back of the packaging.","Mandatory":"0","Searchable":"0","Optional":"0","Feature":{"ID":"3806","Sign":"","Measure":{"ID":"24","Sign":"","Signs":{"ID":"3","_":"mm","Language":"EN"}},"Name":{"Value":"Package depth","Language":"EN"}}},{"Localized":0,"ID":833817654,"LocalID":0,"Type":"numerical","Value":"190","CategoryFeatureId":"256202","CategoryFeatureGroupID":"6881","SortNo":"-3","PresentationValue":"190 mm","RawValue":"190","LocalValue":"190","Description":"The distance from the top to the bottom of the packaging.","Mandatory":"0","Searchable":"0","Optional":"0","Feature":{"ID":"3807","Sign":"","Measure":{"ID":"24","Sign":"","Signs":{"ID":"3","_":"mm","Language":"EN"}},"Name":{"Value":"Package height","Language":"EN"}}},{"Localized":0,"ID":833817626,"LocalID":0,"Type":"numerical","Value":"710","CategoryFeatureId":"256203","CategoryFeatureGroupID":"6881","SortNo":"-4","PresentationValue":"710 g","RawValue":"710","LocalValue":"710","Description":"Weight of the packaged product.","Mandatory":"0","Searchable":"0","Optional":"0","Feature":{"ID":"762","Sign":"","Measure":{"ID":"38","Sign":"","Signs":{"ID":"22","_":"g","Language":"EN"}},"Name":{"Value":"Package weight","Language":"EN"}}}]},{"ID":6933,"SortNo":"-20","FeatureGroup":{"ID":"116","Name":{"Value":"Packaging content","Language":"EN"}},"Features":[{"Localized":0,"ID":833817632,"LocalID":0,"Type":"y_n","Value":"N","CategoryFeatureId":"106235","CategoryFeatureGroupID":"6933","SortNo":"7","PresentationValue":"No","RawValue":"N","LocalValue":"No","Description":"","Mandatory":"1","Searchable":"0","Optional":"0","Feature":{"ID":"1230","Sign":"","Measure":{"ID":"26","Sign":"","Signs":{"ID":"","_":"","Language":"EN"}},"Name":{"Value":"AC adapter included","Language":"EN"}}},{"Localized":0,"ID":833817656,"LocalID":0,"Type":"y_n","Value":"Y","CategoryFeatureId":"51757","CategoryFeatureGroupID":"6933","SortNo":"6","PresentationValue":"Yes","RawValue":"Y","LocalValue":"Yes","Description":"Instructions, either online, as a computer program or in paper form, to allow you to set up and start using the product quickly.","Mandatory":"0","Searchable":"0","Optional":"0","Feature":{"ID":"3981","Sign":"","Measure":{"ID":"26","Sign":"","Signs":{"ID":"","_":"","Language":"EN"}},"Name":{"Value":"Quick start guide","Language":"EN"}}},{"Localized":0,"ID":833817657,"LocalID":0,"Type":"y_n","Value":"Y","CategoryFeatureId":"79959","CategoryFeatureGroupID":"6933","SortNo":"3","PresentationValue":"Yes","RawValue":"Y","LocalValue":"Yes","Description":"","Mandatory":"0","Searchable":"0","Optional":"0","Feature":{"ID":"4023","Sign":"","Measure":{"ID":"26","Sign":"","Signs":{"ID":"","_":"","Language":"EN"}},"Name":{"Value":"Warranty card","Language":"EN"}}},{"Localized":0,"ID":833817642,"LocalID":0,"Type":"multi_dropdown","Value":"USB Type-C","CategoryFeatureId":"55071","CategoryFeatureGroupID":"6933","SortNo":"0","PresentationValue":"USB Type-C","RawValue":"USB Type-C","LocalValue":"USB Type-C","Description":"","Mandatory":"0","Searchable":"0","Optional":"0","Feature":{"ID":"1830","Sign":"","Measure":{"ID":"29","Sign":"","Signs":{"ID":"","_":"","Language":"EN"}},"Name":{"Value":"Cables included","Language":"EN"}}},{"Localized":0,"ID":833817738,"LocalID":0,"Type":"y_n","Value":"Y","CategoryFeatureId":"245765","CategoryFeatureGroupID":"6933","SortNo":"0","PresentationValue":"Yes","RawValue":"Y","LocalValue":"Yes","Description":"","Mandatory":"0","Searchable":"0","Optional":"0","Feature":{"ID":"35264","Sign":"","Measure":{"ID":"26","Sign":"","Signs":{"ID":"","_":"","Language":"EN"}},"Name":{"Value":"SIM card ejector pin","Language":"EN"}}},{"Localized":0,"ID":833817706,"LocalID":0,"Type":"y_n","Value":"Y","CategoryFeatureId":"256198","CategoryFeatureGroupID":"6933","SortNo":"0","PresentationValue":"Yes","RawValue":"Y","LocalValue":"Yes","Description":"","Mandatory":"0","Searchable":"0","Optional":"0","Feature":{"ID":"20912","Sign":"","Measure":{"ID":"26","Sign":"","Signs":{"ID":"","_":"","Language":"EN"}},"Name":{"Value":"Protective case","Language":"EN"}}}]}],"FeatureLogos":[{"LogoPic":"https://images.icecat.biz/img/feature_logo/1242-3899.png","Width":"0","Height":"0","Size":"0","ThumbPic":"https://images.icecat.biz/img/feature_logo_thumbs/1242-3899.png","FeatureID":"1230","Value":"N","KeyLogo":0,"Description":{"Value":"DIRECTIVE (EU) 2022/2380 OF THE EUROPEAN PARLIAMENT AND OF THE COUNCIL of 23 November 2022 (Part III)","Language":"EN"}}],"ReasonsToBuy":[],"Reviews":[],"ProductRelated":[],"CatalogObjectCloud":{"ProductPage":{"QRCodeURL":"https://qr.icecat.biz/coc/d595c248-11bf-47e0-950e-28a37e3dbec6","URL":"https://coc.icecat.biz/d595c248-11bf-47e0-950e-28a37e3dbec6"}},"Variants":[],"ProductStory":[],"Dictionary":{"model_name":"Product name","desc":"Description","ean_code":"EAN/UPC code","flash360":"3D tour","demo_msg_part3":"If you don't have an Icecat account, please register here for free.","repairability_index":"Repairability index","zoom_panel_init":"Original size","cat_name":"Category","product_family":"Product family","back_to_top":"Back to top","zoom_panel_out":"Zoom out","specs":"Specs","eu_product_fiche":"EU Product Fiche","reviews_head_name":"Reviews","pdf_specs":"Product Brochure","zoom_panel_in":"Zoom in","html_content":"","release_date":"Release date","demo_msg_part1":"You are using now a Demo account. Please, use your own Icecat account","demo_insert_desc":"This is a demo of a seamless insert of an Icecat LIVE product data-sheet in your website. Imagine that this responsive data-sheet is included in the product page of your webshop.","pdf_url":"User manual","prod_code":"Product code","supplier_name":"Brand","video":"Video","reasons_to_buy":"Reasons to buy","marketing_text":"Description","options_head_name":"Options","product_series":"Product series","demo_msg_part2":"your Icecat login name","link_integrate_desk":"How to integrate Icecat LIVE JavaScript.","zoom_panel_dragg":"Mouse dragging","eu_energy_label":"EU Energy Label"},"DemoAccount":true}}