{"msg":"OK","data":{"GeneralInfo":{"IcecatId":100711550,"ReleaseDate":"","EndOfLifeDate":"","Title":"Samsung Galaxy Xcover6 Pro Enterprise Edition 16.8 cm (6.6\") Dual SIM 5G USB Type-C 6 GB 128 GB 4050 mAh Black","TitleInfo":{"GeneratedIntTitle":"Samsung Galaxy Xcover6 Pro Enterprise Edition","GeneratedLocalTitle":{"Value":"Samsung Galaxy Xcover6 Pro Enterprise Edition 16.8 cm (6.6\") Dual SIM 5G USB Type-C 6 GB 128 GB 4050 mAh Black","Language":"EN"},"BrandLocalTitle":{"Value":"","Language":"EN"}},"Brand":"Samsung","BrandID":"26","BrandLogo":"https://images.icecat.biz/img/brand/thumb/26_c012d76b332e4624b88a05c9932c9266.jpg","BrandInfo":{"BrandName":"Samsung","BrandLocalName":"","BrandLogo":"https://images.icecat.biz/img/brand/thumb/26_c012d76b332e4624b88a05c9932c9266.jpg"},"ProductName":"XCover6 Pro Enterprise Edition","ProductNameInfo":{"ProductIntName":"XCover6 Pro Enterprise Edition","ProductLocalName":{"Value":"","Language":"EN"}},"BrandPartCode":"SM-G736BZKDEEE","GTIN":["8806094373479","8806094371215"],"Category":{"CategoryID":"1893","Name":{"Value":"Smartphones","Language":"EN"}},"ProductFamily":{"ProductFamilyID":"63895","Value":"Galaxy","Language":"EN"},"ProductSeries":{"SeriesID":"7713","Value":"Xcover6 Pro","Language":"EN"},"Description":{"ID":"90403950","LongDesc":"<b>Do more with confidence. Galaxy XCover6 Pro</b><br>Built to be durable, secure, and productive, Galaxy XCover6 Pro gives pros the confidence to do more in the field and beyond.<br><br><b>Awesome performance to do more at once</b><br>Galaxy Xcover6 Pro combines Octa-core processing power with 6GB of RAM for fast and efficient performance for the task at hand. Enjoy 128GB of internal storage and add up to 1TB more with microSD card.<br><br><b>Lightning speed wherever you go</b><br>The XCover6 Pro will keep you ahead. Out in the field or inside the office, the XCover6 Pro supports 5G as well as Wi-Fi 6E for hyper-fast connection anywhere, anytime.<br><br><b>Optimized display experience with large screen and super smooth scrolling.</b><br>Take in more, all at once. The Galaxy XCover6 Pro's 6.6-inch large Display gives you room to see and do more. With FHD+ technology and a 120Hz high refresh rate, the content you see every day will look smoother and sharper.<br><br><b>Durable to a new extent</b><br>The XCover6 Pro's IP68 water and dust-resistance rating and MIL-STD 810H-grade durability takes it anywhere you need to go.<br><br><b>Keep an extra life ready with replaceable battery</b><br>With its 4,050mAh (typical)* replaceable battery, Galaxy XCover6 Pro gives you long-lasting power. When you need a quick power-up, either swap it out with a fully charged extra battery or use the 15W Fast Charging charger. Plus, you can get to charging quickly and conveniently with the POGO pin.<br><br><b>Seamless swiping in harsh conditions</b><br>Through rain, the XCover6 Pro will respond. With heightened touch sensitivity, the XCover6 Pro stays touch-responsive even when your hands are damp or when you've got leather gloves on.<br><br><b>Protect what matters to you</b><br>Built into the phone's hardware and software from the start, Samsung Knox protects your phone from the minute it's turned on. Offering multi-layered security, it defends your most sensitive information from malware and malicious threats.<br><br><b>Customize your go-to key</b><br>Make your day easier. The XCover Key can be customized to fit your tasks and frequent uses by setting it for specific purposes, including Push-to-Talk, barcode scanning, certain apps and more.<br><br><b>Multi-task without the hassle</b><br>Take the office with you with DeX. The XCover6 Pro offers the convenient switch to a large screen from wherever the work takes you. Simply connect your device onto an external display and get to your PC tasks right away.<br><br><b>Stay connected in the field</b><br>Communication is clear and seamless with PTT on the XCover6 Pro. With the speaker volume now louder than ever, you can make sure you and your team are staying in sync on the job.<br><br><b>Scan-and-go with Knox Capture</b><br>With Knox Capture, your XCover6 Pro can readily become an enterprise-grade barcode scanner. Simply scan as you would take a picture and the captured barcode data are automatically integrated into your business apps.","LongProductName":"6.6\", 2408 x 1080 FHD+, PLS LCD, Qualcomm Snapdragon 778G, 6/128 GB, 50+8 MP Hauptkamera, 13 MP Frontkamera, USB Type-C, 3.5mm, Android, 5G","MiddleDesc":"","Disclaimer":"","ManualPDFURL":"","ManualPDFSize":"0","LeafletPDFURL":"","PDFSize":"0","URL":"https://www.samsung.com/uk/business/smartphones/xcover/galaxy-xcover6-pro-sm-g736bzkdeeb/","WarrantyInfo":"","Updated":"2023-03-06 17:04:15","Language":"EN"},"SummaryDescription":{"ShortSummaryDescription":"Samsung Galaxy Xcover6 Pro Enterprise Edition, 16.8 cm (6.6\"), 2408 x 1080 pixels, 6 GB, 128 GB, 50 MP, Black","LongSummaryDescription":"Samsung Galaxy Xcover6 Pro Enterprise Edition. Display diagonal: 16.8 cm (6.6\"), Display resolution: 2408 x 1080 pixels. Processor family: Qualcomm Snapdragon, Processor model: 778G. RAM capacity: 6 GB, Internal storage capacity: 128 GB. Rear camera resolution (numeric): 50 MP, Rear camera type: Dual camera. SIM card capability: Dual SIM. Battery capacity: 4050 mAh. Product colour: Black. Weight: 235 g"},"BulletPoints":{},"GeneratedBulletPoints":{"Language":"EN","Values":["16.8 cm (6.6\") 2408 x 1080 pixels","Qualcomm Snapdragon 778G","6 GB 128 GB MicroSD (TransFlash) 1 TB","5G Dual SIM NanoSIM","802.11a, 802.11b, 802.11g, Wi-Fi 4 (802.11n), Wi-Fi 5 (802.11ac), Wi-Fi 6 (802.11ax) Bluetooth 5.2 Near Field Communication (NFC)","Dual camera 50 MP 8 MP","4050 mAh"]},"GTINs":[{"GTIN":"8806094373479","IsApproved":true},{"GTIN":"8806094371215","IsApproved":true}]},"Image":{"HighPic":"https://images.icecat.biz/img/gallery/a185df7c77b14ddde6978c9e60b4871fa0c92478.jpg","HighPicSize":"2046067","HighPicHeight":"2015","HighPicWidth":"1061","LowPic":"https://images.icecat.biz/img/gallery_lows/f4cafaea1d3d6bcf511406c156295c959e9ed24f.jpg","LowPicSize":"24017","LowPicHeight":"200","LowPicWidth":"105","Pic500x500":"https://images.icecat.biz/img/gallery_mediums/97fb05f8b4532845f04175400d82060dfc4728cf.jpg","Pic500x500Size":"136515","Pic500x500Height":"500","Pic500x500Width":"263","ThumbPic":"https://images.icecat.biz/img/gallery_thumbs/b0c02651cdc0a8fa2545a08e6d72052d3cc38e2b.jpg","ThumbPicSize":"4790"},"Multimedia":[{"ID":"00000000-0000-0000-0000-000000000000","URL":"https://icecat.biz/rest/product-pdf?productId=100711550&lang=en","Type":"leaflet","ContentType":"application/pdf","KeepAsUrl":"0","Description":"Brochure Samsung SM-G736BZKDEEE","Size":"0","IsPrivate":"0","Updated":"2025-09-10 13:50:15","Language":"EN","IsVideo":0}],"Gallery":[{"ID":"66296282","LowPic":"https://images.icecat.biz/img/gallery_lows/f4cafaea1d3d6bcf511406c156295c959e9ed24f.jpg","LowSize":"24017","LowHeight":"200","LowWidth":"105","ThumbPic":"https://images.icecat.biz/img/gallery_thumbs/b0c02651cdc0a8fa2545a08e6d72052d3cc38e2b.jpg","ThumbPicSize":"4790","Pic":"https://images.icecat.biz/img/gallery/a185df7c77b14ddde6978c9e60b4871fa0c92478.jpg","Size":"2046067","PicHeight":"2015","PicWidth":"1061","Pic500x500":"https://images.icecat.biz/img/gallery_mediums/97fb05f8b4532845f04175400d82060dfc4728cf.jpg","Pic500x500Size":"136515","Pic500x500Height":"500","Pic500x500Width":"263","No":"1","IsMain":"Y","Updated":"2025-04-25 10:31:57","IsPrivate":"0","Type":"ProductImage","Attributes":{"OriginalFileName":""}},{"ID":"66296366","LowPic":"https://images.icecat.biz/img/gallery_lows/b3515292b6db4168ce5752daa81441cb5daedc18.jpg","LowSize":"20755","LowHeight":"200","LowWidth":"94","ThumbPic":"https://images.icecat.biz/img/gallery_thumbs/dd459200b6aef96ae77fcbe4a70e6c275fdf9584.jpg","ThumbPicSize":"4464","Pic":"https://images.icecat.biz/img/gallery/ab37fdfe477050876d7ad69e1173141456015683.jpg","Size":"1801109","PicHeight":"2015","PicWidth":"943","Pic500x500":"https://images.icecat.biz/img/gallery_mediums/2f5854d9b2c5f95f84433946423a8317a312b141.jpg","Pic500x500Size":"120275","Pic500x500Height":"500","Pic500x500Width":"234","No":"2","IsMain":"N","Updated":"2025-04-25 10:32:11","IsPrivate":"0","Type":"ProductImage","Attributes":{"OriginalFileName":""}},{"ID":"66296421","LowPic":"https://images.icecat.biz/img/gallery_lows/b3821d6539ada21f89eee0e30d1d72dff2da8845.jpg","LowSize":"20733","LowHeight":"200","LowWidth":"93","ThumbPic":"https://images.icecat.biz/img/gallery_thumbs/10c05808cf4e10524781ed1bdb2295a90ccb813b.jpg","ThumbPicSize":"4373","Pic":"https://images.icecat.biz/img/gallery/77e00b2d40961ef1e9428288712e837bf3433f14.jpg","Size":"1766387","PicHeight":"2015","PicWidth":"941","Pic500x500":"https://images.icecat.biz/img/gallery_mediums/761319d8b3f2b7c3a43462e3f54ad545b65b5aed.jpg","Pic500x500Size":"116643","Pic500x500Height":"500","Pic500x500Width":"233","No":"3","IsMain":"N","Updated":"2025-04-25 10:32:19","IsPrivate":"0","Type":"ProductImage","Attributes":{"OriginalFileName":""}},{"ID":"66296459","LowPic":"https://images.icecat.biz/img/gallery_lows/1f6f531d330afb536e32cd6fb59dd08c5be608d1.jpg","LowSize":"7618","LowHeight":"200","LowWidth":"105","ThumbPic":"https://images.icecat.biz/img/gallery_thumbs/f1279ad41bb698359518706167816ee19c690725.jpg","ThumbPicSize":"2169","Pic":"https://images.icecat.biz/img/gallery/226324c9a2f733b80a33c8ad04054b5a9722b193.jpg","Size":"922277","PicHeight":"2015","PicWidth":"1061","Pic500x500":"https://images.icecat.biz/img/gallery_mediums/92bf0012e9e3d977c084368af0c7349789f7aaf3.jpg","Pic500x500Size":"41051","Pic500x500Height":"500","Pic500x500Width":"263","No":"4","IsMain":"N","Updated":"2025-04-25 10:32:26","IsPrivate":"0","Type":"ProductImage","Attributes":{"OriginalFileName":""}},{"ID":"66296492","LowPic":"https://images.icecat.biz/img/gallery_lows/f6f3e7824517f8637bfcc487056f74c844b4735e.jpg","LowSize":"6258","LowHeight":"200","LowWidth":"94","ThumbPic":"https://images.icecat.biz/img/gallery_thumbs/b77977d3d343295432bec29515fe41a3ce13ba6f.jpg","ThumbPicSize":"2076","Pic":"https://images.icecat.biz/img/gallery/3f54903bcffb611a42fd2fe8563e7ef533a34c8f.jpg","Size":"736567","PicHeight":"2015","PicWidth":"944","Pic500x500":"https://images.icecat.biz/img/gallery_mediums/36f3aaad0da996d56f26f6a2941253cc4bb8b4fb.jpg","Pic500x500Size":"32773","Pic500x500Height":"500","Pic500x500Width":"234","No":"5","IsMain":"N","Updated":"2025-04-25 10:32:34","IsPrivate":"0","Type":"ProductImage","Attributes":{"OriginalFileName":""}},{"ID":"66296532","LowPic":"https://images.icecat.biz/img/gallery_lows/829abd9d6ae203169da2403f74d1d69bddd097fd.jpg","LowSize":"7051","LowHeight":"200","LowWidth":"94","ThumbPic":"https://images.icecat.biz/img/gallery_thumbs/3b9b8b4f4b456f5e3bbf8ae083b5f34e8ffc02e8.jpg","ThumbPicSize":"2177","Pic":"https://images.icecat.biz/img/gallery/381a41f859c6846e8d26d79165a169fc4b22076b.jpg","Size":"757660","PicHeight":"2015","PicWidth":"943","Pic500x500":"https://images.icecat.biz/img/gallery_mediums/bea6d7b09c869a2224230704adbbd06f34eb10e7.jpg","Pic500x500Size":"37147","Pic500x500Height":"500","Pic500x500Width":"234","No":"6","IsMain":"N","Updated":"2025-04-25 10:32:42","IsPrivate":"0","Type":"ProductImage","Attributes":{"OriginalFileName":""}},{"ID":"66296582","LowPic":"https://images.icecat.biz/img/gallery_lows/bdc7f6a11f1e28728b5c1a665b033aac7dfc24a2.jpg","LowSize":"28612","LowHeight":"200","LowWidth":"157","ThumbPic":"https://images.icecat.biz/img/gallery_thumbs/b9b10498607964fbf4d34922a7f2e9800652eefa.jpg","ThumbPicSize":"5437","Pic":"https://images.icecat.biz/img/gallery/37be3ac5b0e68f643c69594c6a638e760acac0ce.jpg","Size":"2686758","PicHeight":"2015","PicWidth":"1578","Pic500x500":"https://images.icecat.biz/img/gallery_mediums/53282ebf3f9631e3eaa76a6b1e46081726e70eef.jpg","Pic500x500Size":"165517","Pic500x500Height":"500","Pic500x500Width":"392","No":"7","IsMain":"N","Updated":"2025-04-25 10:31:34","IsPrivate":"0","Type":"ProductImage","Attributes":{"OriginalFileName":""}},{"ID":"66296592","LowPic":"https://images.icecat.biz/img/gallery_lows/fa84261e59c8017a208d1432e3e22441545ee2d4.jpg","LowSize":"2364","LowHeight":"200","LowWidth":"30","ThumbPic":"https://images.icecat.biz/img/gallery_thumbs/2a6e06a3b3cd0333da362b0b747be68693e52fd0.jpg","ThumbPicSize":"923","Pic":"https://images.icecat.biz/img/gallery/4fad212f9335928b9d94340dcd442399440b4286.jpg","Size":"116610","PicHeight":"2015","PicWidth":"300","Pic500x500":"https://images.icecat.biz/img/gallery_mediums/741779ea629bf4d1f6e892845f82ff9aa07d259f.jpg","Pic500x500Size":"8280","Pic500x500Height":"500","Pic500x500Width":"74","No":"8","IsMain":"N","Updated":"2025-04-25 10:32:46","IsPrivate":"0","Type":"ProductImage","Attributes":{"OriginalFileName":""}},{"ID":"66296642","LowPic":"https://images.icecat.biz/img/gallery_lows/3fbc86a166af32d416309db66211bb4fa1eadc66.jpg","LowSize":"1807","LowHeight":"200","LowWidth":"30","ThumbPic":"https://images.icecat.biz/img/gallery_thumbs/8bd626057bc1b825a529b5917edd513c19695681.jpg","ThumbPicSize":"844","Pic":"https://images.icecat.biz/img/gallery/b1d2f046eab58104fddb03de6d2a005bb40293d4.jpg","Size":"109949","PicHeight":"2015","PicWidth":"300","Pic500x500":"https://images.icecat.biz/img/gallery_mediums/7f136ad7ed742d8bc157f8e7862262bde0215e59.jpg","Pic500x500Size":"7418","Pic500x500Height":"500","Pic500x500Width":"74","No":"9","IsMain":"N","Updated":"2025-04-25 10:32:50","IsPrivate":"0","Type":"ProductImage","Attributes":{"OriginalFileName":""}},{"ID":"66296654","LowPic":"https://images.icecat.biz/img/gallery_lows/69287e5ed1aa9acb58d1c6cb05369b20b56b0f96.jpg","LowSize":"4626","LowHeight":"42","LowWidth":"200","ThumbPic":"https://images.icecat.biz/img/gallery_thumbs/40f877271d186ed51e815d207cd1d0ccb94db511.jpg","ThumbPicSize":"1536","Pic":"https://images.icecat.biz/img/gallery/11c03e8e6784d6edb980bef80d267bfeb89a6675.jpg","Size":"64884","PicHeight":"204","PicWidth":"965","Pic500x500":"https://images.icecat.biz/img/gallery_mediums/4026404c1102360eb973f8b9fbf27594ff32aec1.jpg","Pic500x500Size":"19198","Pic500x500Height":"106","Pic500x500Width":"500","No":"10","IsMain":"N","Updated":"2025-04-25 10:32:54","IsPrivate":"0","Type":"ProductImage","Attributes":{"OriginalFileName":""}},{"ID":"66296696","LowPic":"https://images.icecat.biz/img/gallery_lows/835aef46cd1acaa81d7ed4f0f577fa4c8a4ca7f8.jpg","LowSize":"4269","LowHeight":"42","LowWidth":"200","ThumbPic":"https://images.icecat.biz/img/gallery_thumbs/34b0274610ef11c601fd6ba296c7d77ee72c9533.jpg","ThumbPicSize":"1460","Pic":"https://images.icecat.biz/img/gallery/bd51511e838ee3460019d8f03c2b5052fa2634d1.jpg","Size":"61337","PicHeight":"203","PicWidth":"965","Pic500x500":"https://images.icecat.biz/img/gallery_mediums/c5ef0348f9ce3d41499b27e49f767a9df1ecfa4a.jpg","Pic500x500Size":"18422","Pic500x500Height":"105","Pic500x500Width":"500","No":"11","IsMain":"N","Updated":"2025-04-25 10:32:58","IsPrivate":"0","Type":"ProductImage","Attributes":{"OriginalFileName":""}}],"FeaturesGroups":[{"ID":6883,"SortNo":"100","FeatureGroup":{"ID":"5","Name":{"Value":"Display","Language":"EN"}},"Features":[{"Localized":0,"ID":500488225,"LocalID":0,"Type":"numerical","Value":"6.6","CategoryFeatureId":"51494","CategoryFeatureGroupID":"6883","SortNo":"500","PresentationValue":"16.8 cm (6.6\")","RawValue":"6.6","LocalValue":"16.8","Description":"Size of the display for this product, measured diagonally, usually in inches.","Mandatory":"1","Searchable":"1","Optional":"0","Feature":{"ID":"944","Sign":"","Measure":{"ID":"16","Sign":"","Signs":{"ID":"11","_":"\"","Language":"EN"}},"Name":{"Value":"Display diagonal","Language":"EN"}}},{"Localized":0,"ID":500488333,"LocalID":0,"Type":"dropdown","Value":"Flat screen","CategoryFeatureId":"166023","CategoryFeatureGroupID":"6883","SortNo":"32","PresentationValue":"Flat","RawValue":"Flat screen","LocalValue":"Flat","Description":"","Mandatory":"0","Searchable":"0","Optional":"0","Feature":{"ID":"17554","Sign":"","Measure":{"ID":"29","Sign":"","Signs":{"ID":"","_":"","Language":"EN"}},"Name":{"Value":"Screen shape","Language":"EN"}}},{"Localized":0,"ID":622867860,"LocalID":0,"Type":"dropdown","Value":"PLS","CategoryFeatureId":"949514","CategoryFeatureGroupID":"6883","SortNo":"30","PresentationValue":"PLS","RawValue":"PLS","LocalValue":"PLS","Description":"","Mandatory":"0","Searchable":"0","Optional":"0","Feature":{"ID":"15285","Sign":"","Measure":{"ID":"29","Sign":"","Signs":{"ID":"","_":"","Language":"EN"}},"Name":{"Value":"Panel type","Language":"EN"}}},{"Localized":0,"ID":500488444,"LocalID":0,"Type":"2d","Value":"2408 x 1080","CategoryFeatureId":"51495","CategoryFeatureGroupID":"6883","SortNo":"26","PresentationValue":"2408 x 1080 pixels","RawValue":"2408 x 1080","LocalValue":"2408 x 1080","Description":"The number of distinct pixels in each dimension that can be displayed. It is usually quoted as width × height, with the units in pixels: for example, \"1024 × 768\" means the width is 1024 pixels and the height is 768 pixels. The higher the number of pixels, the sharper the image.","Mandatory":"1","Searchable":"1","Optional":"0","Feature":{"ID":"1585","Sign":"","Measure":{"ID":"39","Sign":"","Signs":{"ID":"23","_":"pixels","Language":"EN"}},"Name":{"Value":"Display resolution","Language":"EN"}}},{"Localized":0,"ID":500488677,"LocalID":0,"Type":"dropdown","Value":"16 million colours","CategoryFeatureId":"154140","CategoryFeatureGroupID":"6883","SortNo":"24","PresentationValue":"16 million colours","RawValue":"16 million colours","LocalValue":"16 million colours","Description":"","Mandatory":"0","Searchable":"0","Optional":"0","Feature":{"ID":"24847","Sign":"","Measure":{"ID":"29","Sign":"","Signs":{"ID":"","_":"","Language":"EN"}},"Name":{"Value":"Display number of colours","Language":"EN"}}},{"Localized":0,"ID":500489086,"LocalID":0,"Type":"numerical","Value":"120","CategoryFeatureId":"329450","CategoryFeatureGroupID":"6883","SortNo":"21","PresentationValue":"120 Hz","RawValue":"120","LocalValue":"120","Description":"","Mandatory":"0","Searchable":"0","Optional":"0","Feature":{"ID":"7450","Sign":"","Measure":{"ID":"36","Sign":"","Signs":{"ID":"20","_":"Hz","Language":"EN"}},"Name":{"Value":"Maximum refresh rate","Language":"EN"}}},{"Localized":0,"ID":500488719,"LocalID":0,"Type":"y_n","Value":"Y","CategoryFeatureId":"226810","CategoryFeatureGroupID":"6883","SortNo":"-2","PresentationValue":"Yes","RawValue":"Y","LocalValue":"Yes","Description":"","Mandatory":"0","Searchable":"0","Optional":"0","Feature":{"ID":"33690","Sign":"","Measure":{"ID":"26","Sign":"","Signs":{"ID":"","_":"","Language":"EN"}},"Name":{"Value":"Rounded display corners","Language":"EN"}}}]},{"ID":6884,"SortNo":"96","FeatureGroup":{"ID":"1","Name":{"Value":"Processor","Language":"EN"}},"Features":[{"Localized":0,"ID":500489309,"LocalID":0,"Type":"dropdown","Value":"Qualcomm Snapdragon","CategoryFeatureId":"101566","CategoryFeatureGroupID":"6884","SortNo":"1005020","PresentationValue":"Qualcomm Snapdragon","RawValue":"Qualcomm Snapdragon","LocalValue":"Qualcomm Snapdragon","Description":"A family of processors is a group of processors produced by one company over a short period of time e.g. Intel Pentium processors.","Mandatory":"1","Searchable":"0","Optional":"0","Feature":{"ID":"2196","Sign":"","Measure":{"ID":"29","Sign":"","Signs":{"ID":"","_":"","Language":"EN"}},"Name":{"Value":"Processor family","Language":"EN"}}},{"Localized":0,"ID":500489329,"LocalID":0,"Type":"dropdown","Value":"778G","CategoryFeatureId":"51651","CategoryFeatureGroupID":"6884","SortNo":"1005010","PresentationValue":"778G","RawValue":"778G","LocalValue":"778G","Description":"The model number for the processor in a computer.","Mandatory":"1","Searchable":"0","Optional":"0","Feature":{"ID":"47","Sign":"","Measure":{"ID":"29","Sign":"","Signs":{"ID":"","_":"","Language":"EN"}},"Name":{"Value":"Processor model","Language":"EN"}}},{"Localized":0,"ID":500489274,"LocalID":0,"Type":"numerical","Value":"8","CategoryFeatureId":"93997","CategoryFeatureGroupID":"6884","SortNo":"300","PresentationValue":"8","RawValue":"8","LocalValue":"8","Description":"The number of central processing units ('cores') in a processor. Some processors have 1 core, others have 2 (e.g. Intel Core Duo) or more (e.g. the Intel Xeon E7-2850 has 10 cores).","Mandatory":"0","Searchable":"0","Optional":"0","Feature":{"ID":"6089","Sign":"","Measure":{"ID":"29","Sign":"","Signs":{"ID":"","_":"","Language":"EN"}},"Name":{"Value":"Processor cores","Language":"EN"}}}]},{"ID":6887,"SortNo":"92","FeatureGroup":{"ID":"47","Name":{"Value":"Storage","Language":"EN"}},"Features":[{"Localized":0,"ID":500490038,"LocalID":0,"Type":"numerical","Value":"101.5","CategoryFeatureId":"108878","CategoryFeatureGroupID":"6887","SortNo":"40","PresentationValue":"101.5 GB","RawValue":"101.5","LocalValue":"101.5","Description":"","Mandatory":"0","Searchable":"0","Optional":"0","Feature":{"ID":"13908","Sign":"","Measure":{"ID":"20","Sign":"","Signs":{"ID":"7","_":"GB","Language":"EN"}},"Name":{"Value":"User memory","Language":"EN"}}},{"Localized":0,"ID":500489994,"LocalID":0,"Type":"numerical","Value":"6","CategoryFeatureId":"180947","CategoryFeatureGroupID":"6887","SortNo":"40","PresentationValue":"6 GB","RawValue":"6","LocalValue":"6","Description":"","Mandatory":"1","Searchable":"1","Optional":"0","Feature":{"ID":"7861","Sign":"","Measure":{"ID":"20","Sign":"","Signs":{"ID":"7","_":"GB","Language":"EN"}},"Name":{"Value":"RAM capacity","Language":"EN"}}},{"Localized":0,"ID":500490001,"LocalID":0,"Type":"numerical","Value":"128","CategoryFeatureId":"51697","CategoryFeatureGroupID":"6887","SortNo":"38","PresentationValue":"128 GB","RawValue":"128","LocalValue":"128","Description":"The amount e.g of data which can be stored inside the device.","Mandatory":"1","Searchable":"1","Optional":"0","Feature":{"ID":"8730","Sign":"","Measure":{"ID":"20","Sign":"","Signs":{"ID":"7","_":"GB","Language":"EN"}},"Name":{"Value":"Internal storage capacity","Language":"EN"}}},{"Localized":0,"ID":500490078,"LocalID":0,"Type":"multi_dropdown","Value":"MicroSD (TransFlash)","CategoryFeatureId":"51501","CategoryFeatureGroupID":"6887","SortNo":"20","PresentationValue":"MicroSD (TransFlash)","RawValue":"MicroSD (TransFlash)","LocalValue":"MicroSD (TransFlash)","Description":"Types of memory cards which can be used with this product.","Mandatory":"1","Searchable":"0","Optional":"0","Feature":{"ID":"730","Sign":"","Measure":{"ID":"29","Sign":"","Signs":{"ID":"","_":"","Language":"EN"}},"Name":{"Value":"Compatible memory cards","Language":"EN"}}},{"Localized":0,"ID":500490115,"LocalID":0,"Type":"numerical","Value":"1000","CategoryFeatureId":"51502","CategoryFeatureGroupID":"6887","SortNo":"16","PresentationValue":"1 TB","RawValue":"1000","LocalValue":"1","Description":"The maximum size of memory card that can be used with this device.","Mandatory":"0","Searchable":"0","Optional":"0","Feature":{"ID":"7021","Sign":"","Measure":{"ID":"20","Sign":"","Signs":{"ID":"7","_":"GB","Language":"EN"}},"Name":{"Value":"Maximum memory card size","Language":"EN"}}},{"Localized":0,"ID":500490299,"LocalID":0,"Type":"dropdown","Value":"Hybrid slot","CategoryFeatureId":"222235","CategoryFeatureGroupID":"6887","SortNo":"0","PresentationValue":"Hybrid slot","RawValue":"Hybrid slot","LocalValue":"Hybrid slot","Description":"","Mandatory":"0","Searchable":"0","Optional":"0","Feature":{"ID":"33517","Sign":"","Measure":{"ID":"29","Sign":"","Signs":{"ID":"","_":"","Language":"EN"}},"Name":{"Value":"Memory card slot type","Language":"EN"}}}]},{"ID":6888,"SortNo":"88","FeatureGroup":{"ID":"95","Name":{"Value":"Camera","Language":"EN"}},"Features":[{"Localized":0,"ID":500490485,"LocalID":0,"Type":"numerical","Value":"50","CategoryFeatureId":"175570","CategoryFeatureGroupID":"6888","SortNo":"10500","PresentationValue":"50 MP","RawValue":"50","LocalValue":"50","Description":"The resolution of the images produced with the rear camera, given in MP (megapixel. 1 MP = 1 million pixels).","Mandatory":"1","Searchable":"0","Optional":"0","Feature":{"ID":"12435","Sign":"","Measure":{"ID":"165","Sign":"","Signs":{"ID":"3126","_":"MP","Language":"EN"}},"Name":{"Value":"Rear camera resolution (numeric)","Language":"EN"}}},{"Localized":0,"ID":500490488,"LocalID":0,"Type":"numerical","Value":"8","CategoryFeatureId":"175584","CategoryFeatureGroupID":"6888","SortNo":"10495","PresentationValue":"8 MP","RawValue":"8","LocalValue":"8","Description":"","Mandatory":"0","Searchable":"0","Optional":"0","Feature":{"ID":"27588","Sign":"","Measure":{"ID":"165","Sign":"","Signs":{"ID":"3126","_":"MP","Language":"EN"}},"Name":{"Value":"Second rear camera resolution (numeric)","Language":"EN"}}},{"Localized":0,"ID":500490636,"LocalID":0,"Type":"numerical","Value":"1.8","CategoryFeatureId":"175601","CategoryFeatureGroupID":"6888","SortNo":"10470","PresentationValue":"1.8","RawValue":"1.8","LocalValue":"1.8","Description":"","Mandatory":"0","Searchable":"0","Optional":"0","Feature":{"ID":"27597","Sign":"","Measure":{"ID":"29","Sign":"","Signs":{"ID":"","_":"","Language":"EN"}},"Name":{"Value":"Rear camera aperture number","Language":"EN"}}},{"Localized":0,"ID":500490657,"LocalID":0,"Type":"numerical","Value":"2.2","CategoryFeatureId":"175602","CategoryFeatureGroupID":"6888","SortNo":"10460","PresentationValue":"2.2","RawValue":"2.2","LocalValue":"2.2","Description":"","Mandatory":"0","Searchable":"0","Optional":"0","Feature":{"ID":"27598","Sign":"","Measure":{"ID":"29","Sign":"","Signs":{"ID":"","_":"","Language":"EN"}},"Name":{"Value":"Second rear camera aperture number","Language":"EN"}}},{"Localized":0,"ID":500490753,"LocalID":0,"Type":"numerical","Value":"10","CategoryFeatureId":"51756","CategoryFeatureGroupID":"6888","SortNo":"10392","PresentationValue":"10x","RawValue":"10","LocalValue":"10","Description":"Indicates the digital zoom capacity, the number of times that the picture is enlarged thanks to digital technology.","Mandatory":"0","Searchable":"0","Optional":"0","Feature":{"ID":"48","Sign":"","Measure":{"ID":"33","Sign":"","Signs":{"ID":"17","_":"x","Language":"EN"}},"Name":{"Value":"Digital zoom","Language":"EN"}}},{"Localized":0,"ID":500490769,"LocalID":0,"Type":"dropdown","Value":"Single camera","CategoryFeatureId":"222716","CategoryFeatureGroupID":"6888","SortNo":"10300","PresentationValue":"Single camera","RawValue":"Single camera","LocalValue":"Single camera","Description":"Indicates the type of the camera at the front of the product, dual or single.","Mandatory":"1","Searchable":"0","Optional":"0","Feature":{"ID":"33562","Sign":"","Measure":{"ID":"29","Sign":"","Signs":{"ID":"","_":"","Language":"EN"}},"Name":{"Value":"Front camera type","Language":"EN"}}},{"Localized":0,"ID":500490827,"LocalID":0,"Type":"numerical","Value":"13","CategoryFeatureId":"175580","CategoryFeatureGroupID":"6888","SortNo":"10297","PresentationValue":"13 MP","RawValue":"13","LocalValue":"13","Description":"","Mandatory":"1","Searchable":"0","Optional":"0","Feature":{"ID":"12437","Sign":"","Measure":{"ID":"165","Sign":"","Signs":{"ID":"3126","_":"MP","Language":"EN"}},"Name":{"Value":"Front camera resolution (numeric)","Language":"EN"}}},{"Localized":0,"ID":500490851,"LocalID":0,"Type":"numerical","Value":"2.2","CategoryFeatureId":"175652","CategoryFeatureGroupID":"6888","SortNo":"10290","PresentationValue":"2.2","RawValue":"2.2","LocalValue":"2.2","Description":"","Mandatory":"0","Searchable":"0","Optional":"0","Feature":{"ID":"27601","Sign":"","Measure":{"ID":"29","Sign":"","Signs":{"ID":"","_":"","Language":"EN"}},"Name":{"Value":"Front camera aperture number","Language":"EN"}}},{"Localized":0,"ID":500490935,"LocalID":0,"Type":"y_n","Value":"Y","CategoryFeatureId":"257040","CategoryFeatureGroupID":"6888","SortNo":"10200","PresentationValue":"Yes","RawValue":"Y","LocalValue":"Yes","Description":"Whether or not the rear camera features its own flash.","Mandatory":"1","Searchable":"0","Optional":"0","Feature":{"ID":"36602","Sign":"","Measure":{"ID":"26","Sign":"","Signs":{"ID":"","_":"","Language":"EN"}},"Name":{"Value":"Rear camera flash","Language":"EN"}}},{"Localized":0,"ID":500491188,"LocalID":0,"Type":"2d","Value":"3840 x 2160","CategoryFeatureId":"54001","CategoryFeatureGroupID":"6888","SortNo":"10100","PresentationValue":"3840 x 2160 pixels","RawValue":"3840 x 2160","LocalValue":"3840 x 2160","Description":"","Mandatory":"0","Searchable":"0","Optional":"0","Feature":{"ID":"1597","Sign":"","Measure":{"ID":"39","Sign":"","Signs":{"ID":"23","_":"pixels","Language":"EN"}},"Name":{"Value":"Video capture resolution (max)","Language":"EN"}}},{"Localized":0,"ID":500491229,"LocalID":0,"Type":"numerical","Value":"240","CategoryFeatureId":"51713","CategoryFeatureGroupID":"6888","SortNo":"10097","PresentationValue":"240 fps","RawValue":"240","LocalValue":"240","Description":"This is the maximum frame rate, also known as frame frequency and frames per second (FPS). It is the frequency (rate) at which an imaging device produces unique consecutive images called frames. The term applies equally well to film and video cameras, computer graphics, and motion capture systems. Frame rate is most often expressed in frames per second (FPS) and is also expressed in progressive scan monitors as hertz (Hz).","Mandatory":"0","Searchable":"0","Optional":"0","Feature":{"ID":"7515","Sign":"","Measure":{"ID":"85","Sign":"","Signs":{"ID":"67","_":"fps","Language":"EN"}},"Name":{"Value":"Maximum frame rate","Language":"EN"}}},{"Localized":0,"ID":500491319,"LocalID":0,"Type":"multi_dropdown","Value":"1280x720@240fps,3840x2160@30fps","CategoryFeatureId":"106230","CategoryFeatureGroupID":"6888","SortNo":"10095","PresentationValue":"1280x720@240fps, 3840x2160@30fps","RawValue":"1280x720@240fps,3840x2160@30fps","LocalValue":"1280x720@240fps, 3840x2160@30fps","Description":"","Mandatory":"0","Searchable":"0","Optional":"0","Feature":{"ID":"2963","Sign":"","Measure":{"ID":"29","Sign":"","Signs":{"ID":"","_":"","Language":"EN"}},"Name":{"Value":"Resolution at capture speed","Language":"EN"}}},{"Localized":0,"ID":610653956,"LocalID":0,"Type":"multi_dropdown","Value":"720p,1080p,2160p","CategoryFeatureId":"51508","CategoryFeatureGroupID":"6888","SortNo":"10094","PresentationValue":"720p, 1080p, 2160p","RawValue":"720p,1080p,2160p","LocalValue":"720p, 1080p, 2160p","Description":"","Mandatory":"0","Searchable":"0","Optional":"0","Feature":{"ID":"8745","Sign":"","Measure":{"ID":"29","Sign":"","Signs":{"ID":"","_":"","Language":"EN"}},"Name":{"Value":"Video recording modes","Language":"EN"}}},{"Localized":0,"ID":500490453,"LocalID":0,"Type":"dropdown","Value":"Dual camera","CategoryFeatureId":"175569","CategoryFeatureGroupID":"6888","SortNo":"200","PresentationValue":"Dual camera","RawValue":"Dual camera","LocalValue":"Dual camera","Description":"Indicates the type of the camera at the back of the product, dual or single.","Mandatory":"1","Searchable":"1","Optional":"0","Feature":{"ID":"27587","Sign":"","Measure":{"ID":"29","Sign":"","Signs":{"ID":"","_":"","Language":"EN"}},"Name":{"Value":"Rear camera type","Language":"EN"}}},{"Localized":0,"ID":500491051,"LocalID":0,"Type":"y_n","Value":"Y","CategoryFeatureId":"51507","CategoryFeatureGroupID":"6888","SortNo":"195","PresentationValue":"Yes","RawValue":"Y","LocalValue":"Yes","Description":"Device focusing a camera or other piece of equipment automatically.","Mandatory":"0","Searchable":"0","Optional":"0","Feature":{"ID":"1614","Sign":"","Measure":{"ID":"26","Sign":"","Signs":{"ID":"","_":"","Language":"EN"}},"Name":{"Value":"Auto focus","Language":"EN"}}}]},{"ID":6890,"SortNo":"84","FeatureGroup":{"ID":"35","Name":{"Value":"Network","Language":"EN"}},"Features":[{"Localized":0,"ID":500491481,"LocalID":0,"Type":"dropdown","Value":"Dual SIM","CategoryFeatureId":"115466","CategoryFeatureGroupID":"6890","SortNo":"497","PresentationValue":"Dual SIM","RawValue":"Dual SIM","LocalValue":"Dual SIM","Description":"How many SIM cards the device can hold.","Mandatory":"1","Searchable":"1","Optional":"0","Feature":{"ID":"19653","Sign":"","Measure":{"ID":"29","Sign":"","Signs":{"ID":"","_":"","Language":"EN"}},"Name":{"Value":"SIM card capability","Language":"EN"}}},{"Localized":0,"ID":500491545,"LocalID":0,"Type":"dropdown","Value":"5G","CategoryFeatureId":"328674","CategoryFeatureGroupID":"6890","SortNo":"105","PresentationValue":"5G","RawValue":"5G","LocalValue":"5G","Description":"","Mandatory":"1","Searchable":"1","Optional":"0","Feature":{"ID":"40629","Sign":"","Measure":{"ID":"29","Sign":"","Signs":{"ID":"","_":"","Language":"EN"}},"Name":{"Value":"Mobile network generation","Language":"EN"}}},{"Localized":0,"ID":500491589,"LocalID":0,"Type":"dropdown","Value":"NanoSIM","CategoryFeatureId":"56682","CategoryFeatureGroupID":"6890","SortNo":"99","PresentationValue":"NanoSIM","RawValue":"NanoSIM","LocalValue":"NanoSIM","Description":"","Mandatory":"1","Searchable":"0","Optional":"0","Feature":{"ID":"9166","Sign":"","Measure":{"ID":"29","Sign":"","Signs":{"ID":"","_":"","Language":"EN"}},"Name":{"Value":"SIM card type","Language":"EN"}}},{"Localized":0,"ID":500491645,"LocalID":0,"Type":"multi_dropdown","Value":"UMTS","CategoryFeatureId":"95631","CategoryFeatureGroupID":"6890","SortNo":"69","PresentationValue":"UMTS","RawValue":"UMTS","LocalValue":"UMTS","Description":"","Mandatory":"1","Searchable":"0","Optional":"0","Feature":{"ID":"16923","Sign":"","Measure":{"ID":"29","Sign":"","Signs":{"ID":"","_":"","Language":"EN"}},"Name":{"Value":"3G standards","Language":"EN"}}},{"Localized":0,"ID":500491711,"LocalID":0,"Type":"dropdown","Value":"LTE-TDD & LTE-FDD","CategoryFeatureId":"95632","CategoryFeatureGroupID":"6890","SortNo":"68","PresentationValue":"LTE-TDD & LTE-FDD","RawValue":"LTE-TDD & LTE-FDD","LocalValue":"LTE-TDD & LTE-FDD","Description":"","Mandatory":"1","Searchable":"0","Optional":"0","Feature":{"ID":"16922","Sign":"","Measure":{"ID":"29","Sign":"","Signs":{"ID":"","_":"","Language":"EN"}},"Name":{"Value":"4G standard","Language":"EN"}}},{"Localized":0,"ID":509269042,"LocalID":0,"Type":"multi_dropdown","Value":"Sub6 FDD,Sub6 TDD","CategoryFeatureId":"926919","CategoryFeatureGroupID":"6890","SortNo":"68","PresentationValue":"Sub6 FDD, Sub6 TDD","RawValue":"Sub6 FDD,Sub6 TDD","LocalValue":"Sub6 FDD, Sub6 TDD","Description":"","Mandatory":"1","Searchable":"0","Optional":"0","Feature":{"ID":"45981","Sign":"","Measure":{"ID":"29","Sign":"","Signs":{"ID":"","_":"","Language":"EN"}},"Name":{"Value":"5G standard","Language":"EN"}}},{"Localized":0,"ID":835256190,"LocalID":0,"Type":"dropdown","Value":"Wi-Fi 6 (802.11ax)","CategoryFeatureId":"968001","CategoryFeatureGroupID":"6890","SortNo":"36","PresentationValue":"Wi-Fi 6 (802.11ax)","RawValue":"Wi-Fi 6 (802.11ax)","LocalValue":"Wi-Fi 6 (802.11ax)","Description":"Connection of this device is done via Wi-Fi in a high standard.","Mandatory":"1","Searchable":"0","Optional":"0","Feature":{"ID":"24993","Sign":"","Measure":{"ID":"29","Sign":"","Signs":{"ID":"","_":"","Language":"EN"}},"Name":{"Value":"Top Wi-Fi standard","Language":"EN"}}},{"Localized":0,"ID":500491856,"LocalID":0,"Type":"y_n","Value":"Y","CategoryFeatureId":"51513","CategoryFeatureGroupID":"6890","SortNo":"36","PresentationValue":"Yes","RawValue":"Y","LocalValue":"Yes","Description":"Popular technology that allows an electronic device to exchange data or connect to the internet wirelessly using radio waves.","Mandatory":"0","Searchable":"0","Optional":"1","Feature":{"ID":"3239","Sign":"","Measure":{"ID":"26","Sign":"","Signs":{"ID":"","_":"","Language":"EN"}},"Name":{"Value":"Wi-Fi","Language":"EN"}}},{"Localized":0,"ID":500491955,"LocalID":0,"Type":"multi_dropdown","Value":"802.11a,802.11b,802.11g,Wi-Fi 4 (802.11n),Wi-Fi 5 (802.11ac),Wi-Fi 6 (802.11ax)","CategoryFeatureId":"51514","CategoryFeatureGroupID":"6890","SortNo":"35","PresentationValue":"802.11a, 802.11b, 802.11g, Wi-Fi 4 (802.11n), Wi-Fi 5 (802.11ac), Wi-Fi 6 (802.11ax)","RawValue":"802.11a,802.11b,802.11g,Wi-Fi 4 (802.11n),Wi-Fi 5 (802.11ac),Wi-Fi 6 (802.11ax)","LocalValue":"802.11a, 802.11b, 802.11g, Wi-Fi 4 (802.11n), Wi-Fi 5 (802.11ac), Wi-Fi 6 (802.11ax)","Description":"The type of wireless local area network (LAN). It can be ad-hoc, where units in a network communicate peer-to-peer, or Infrastructure, where units communicate with each other via an access point  A LAN interconnects computers in a small area e.g. home, school or office.","Mandatory":"0","Searchable":"0","Optional":"0","Feature":{"ID":"432","Sign":"","Measure":{"ID":"29","Sign":"","Signs":{"ID":"","_":"","Language":"EN"}},"Name":{"Value":"Wi-Fi standards","Language":"EN"}}},{"Localized":0,"ID":500491860,"LocalID":0,"Type":"y_n","Value":"Y","CategoryFeatureId":"51515","CategoryFeatureGroupID":"6890","SortNo":"33","PresentationValue":"Yes","RawValue":"Y","LocalValue":"Yes","Description":"Bluetooth is a low-power radio technology developed to replace the cables and wires currently used to link or connect electronic devices such as personal computers, printers, and a wide variety of handheld devices including mobile phones. Because it uses radio-wave connectivity, a Bluetooth-enabled device has a constant, established connection to whatever browser it uses. This saves the user the trouble of logging on to check for emails or news updates, for example.","Mandatory":"1","Searchable":"0","Optional":"0","Feature":{"ID":"2183","Sign":"","Measure":{"ID":"26","Sign":"","Signs":{"ID":"","_":"","Language":"EN"}},"Name":{"Value":"Bluetooth","Language":"EN"}}},{"Localized":0,"ID":500491994,"LocalID":0,"Type":"dropdown","Value":"5.2","CategoryFeatureId":"51516","CategoryFeatureGroupID":"6890","SortNo":"32","PresentationValue":"5.2","RawValue":"5.2","LocalValue":"5.2","Description":"The type of bluetooth technology in the product e.g. Bluetooth Smart (v4.0).","Mandatory":"0","Searchable":"0","Optional":"0","Feature":{"ID":"1208","Sign":"","Measure":{"ID":"29","Sign":"","Signs":{"ID":"","_":"","Language":"EN"}},"Name":{"Value":"Bluetooth version","Language":"EN"}}},{"Localized":0,"ID":500492310,"LocalID":0,"Type":"multi_dropdown","Value":"850,900,1900,2100","CategoryFeatureId":"119090","CategoryFeatureGroupID":"6890","SortNo":"8","PresentationValue":"850,900,1900,2100 MHz","RawValue":"850,900,1900,2100","LocalValue":"850,900,1900,2100","Description":"","Mandatory":"0","Searchable":"0","Optional":"0","Feature":{"ID":"8367","Sign":"","Measure":{"ID":"18","Sign":"","Signs":{"ID":"9","_":"MHz","Language":"EN"}},"Name":{"Value":"3G bands supported","Language":"EN"}}},{"Localized":0,"ID":500492415,"LocalID":0,"Type":"multi_dropdown","Value":"700,800,850,900,1500,1800,1900,2100,2300,2500,2600","CategoryFeatureId":"90956","CategoryFeatureGroupID":"6890","SortNo":"6","PresentationValue":"700,800,850,900,1500,1800,1900,2100,2300,2500,2600 MHz","RawValue":"700,800,850,900,1500,1800,1900,2100,2300,2500,2600","LocalValue":"700,800,850,900,1500,1800,1900,2100,2300,2500,2600","Description":"","Mandatory":"0","Searchable":"0","Optional":"0","Feature":{"ID":"14695","Sign":"","Measure":{"ID":"18","Sign":"","Signs":{"ID":"9","_":"MHz","Language":"EN"}},"Name":{"Value":"4G bands supported","Language":"EN"}}},{"Localized":0,"ID":500492726,"LocalID":0,"Type":"multi_dropdown","Value":"700,800,850,900,1800,2100,2300,2500,2600,3500","CategoryFeatureId":"594860","CategoryFeatureGroupID":"6890","SortNo":"5","PresentationValue":"700,800,850,900,1800,2100,2300,2500,2600,3500 MHz","RawValue":"700,800,850,900,1800,2100,2300,2500,2600,3500","LocalValue":"700,800,850,900,1800,2100,2300,2500,2600,3500","Description":"","Mandatory":"0","Searchable":"0","Optional":"0","Feature":{"ID":"42369","Sign":"","Measure":{"ID":"18","Sign":"","Signs":{"ID":"9","_":"MHz","Language":"EN"}},"Name":{"Value":"5G bands supported","Language":"EN"}}},{"Localized":0,"ID":500492133,"LocalID":0,"Type":"y_n","Value":"Y","CategoryFeatureId":"138770","CategoryFeatureGroupID":"6890","SortNo":"0","PresentationValue":"Yes","RawValue":"Y","LocalValue":"Yes","Description":"","Mandatory":"0","Searchable":"0","Optional":"0","Feature":{"ID":"9779","Sign":"","Measure":{"ID":"26","Sign":"","Signs":{"ID":"","_":"","Language":"EN"}},"Name":{"Value":"Wi-Fi Direct","Language":"EN"}}},{"Localized":0,"ID":500492151,"LocalID":0,"Type":"y_n","Value":"Y","CategoryFeatureId":"302276","CategoryFeatureGroupID":"6890","SortNo":"0","PresentationValue":"Yes","RawValue":"Y","LocalValue":"Yes","Description":"","Mandatory":"0","Searchable":"0","Optional":"0","Feature":{"ID":"27802","Sign":"","Measure":{"ID":"26","Sign":"","Signs":{"ID":"","_":"","Language":"EN"}},"Name":{"Value":"MIMO","Language":"EN"}}},{"Localized":0,"ID":500493047,"LocalID":0,"Type":"multi_dropdown","Value":"1024-QAM","CategoryFeatureId":"804149","CategoryFeatureGroupID":"6890","SortNo":"0","PresentationValue":"1024-QAM","RawValue":"1024-QAM","LocalValue":"1024-QAM","Description":"Modulation is the process of varying one or more properties of a periodic waveform, called the carrier signal (High Frequency Signal), with a modulating signal which typically contains information to be transmitted. The aim of digital modulation is to transfer a digital bit stream over an analog bandpass channel, for example over the public switched telephone network (where a bandpass filter limits the frequency range to between 300 and 3400 Hz), or over a limited radio frequency band. The aim of analog modulation is to transfer an analog baseband (or lowpass) signal, for example an audio signal or TV signal, over an analog bandpass channel at a different frequency, for example over a limited radio frequency band or a cable TV network channel.","Mandatory":"0","Searchable":"0","Optional":"0","Feature":{"ID":"1503","Sign":"","Measure":{"ID":"29","Sign":"","Signs":{"ID":"","_":"","Language":"EN"}},"Name":{"Value":"Modulation","Language":"EN"}}},{"Localized":0,"ID":500492157,"LocalID":0,"Type":"y_n","Value":"Y","CategoryFeatureId":"63985","CategoryFeatureGroupID":"6890","SortNo":"-5","PresentationValue":"Yes","RawValue":"Y","LocalValue":"Yes","Description":"","Mandatory":"0","Searchable":"0","Optional":"0","Feature":{"ID":"10157","Sign":"","Measure":{"ID":"26","Sign":"","Signs":{"ID":"","_":"","Language":"EN"}},"Name":{"Value":"Near Field Communication (NFC)","Language":"EN"}}}]},{"ID":18408,"SortNo":"83","FeatureGroup":{"ID":"211","Name":{"Value":"Subscription","Language":"EN"}},"Features":[{"Localized":0,"ID":500492175,"LocalID":0,"Type":"dropdown","Value":"No subscription","CategoryFeatureId":"55137","CategoryFeatureGroupID":"18408","SortNo":"46","PresentationValue":"No subscription","RawValue":"No subscription","LocalValue":"No subscription","Description":"The type of cellular connection subscription.","Mandatory":"1","Searchable":"0","Optional":"0","Feature":{"ID":"8578","Sign":"","Measure":{"ID":"29","Sign":"","Signs":{"ID":"","_":"","Language":"EN"}},"Name":{"Value":"Subscription type","Language":"EN"}}}]},{"ID":6889,"SortNo":"80","FeatureGroup":{"ID":"12","Name":{"Value":"Ports & interfaces","Language":"EN"}},"Features":[{"Localized":0,"ID":500492196,"LocalID":0,"Type":"y_n","Value":"Y","CategoryFeatureId":"146621","CategoryFeatureGroupID":"6889","SortNo":"70","PresentationValue":"Yes","RawValue":"Y","LocalValue":"Yes","Description":"The device features a socket into which a USB cable can be plugged.","Mandatory":"0","Searchable":"0","Optional":"1","Feature":{"ID":"23798","Sign":"","Measure":{"ID":"26","Sign":"","Signs":{"ID":"","_":"","Language":"EN"}},"Name":{"Value":"USB port","Language":"EN"}}},{"Localized":0,"ID":500493301,"LocalID":0,"Type":"multi_dropdown","Value":"USB Type-C","CategoryFeatureId":"51510","CategoryFeatureGroupID":"6889","SortNo":"60","PresentationValue":"USB Type-C","RawValue":"USB Type-C","LocalValue":"USB Type-C","Description":"The type of USB connector/port that this product has.","Mandatory":"0","Searchable":"0","Optional":"0","Feature":{"ID":"1742","Sign":"","Measure":{"ID":"29","Sign":"","Signs":{"ID":"","_":"","Language":"EN"}},"Name":{"Value":"USB connector type","Language":"EN"}}},{"Localized":0,"ID":500493288,"LocalID":0,"Type":"dropdown","Value":"3.2 Gen 1 (3.1 Gen 1)","CategoryFeatureId":"53993","CategoryFeatureGroupID":"6889","SortNo":"50","PresentationValue":"3.2 Gen 1 (3.1 Gen 1)","RawValue":"3.2 Gen 1 (3.1 Gen 1)","LocalValue":"3.2 Gen 1 (3.1 Gen 1)","Description":"Universal Serial Bus (USB) is an industry standard developed in the mid-1990s that defines the interface used for connection, communication and power supply between computers and electronic devices. Every new version - for example 1.1, 2.0, 3.0 - is much faster than the previous one.","Mandatory":"0","Searchable":"0","Optional":"0","Feature":{"ID":"8541","Sign":"","Measure":{"ID":"29","Sign":"","Signs":{"ID":"","_":"","Language":"EN"}},"Name":{"Value":"USB version","Language":"EN"}}},{"Localized":0,"ID":500493316,"LocalID":0,"Type":"dropdown","Value":"3.5 mm","CategoryFeatureId":"51511","CategoryFeatureGroupID":"6889","SortNo":"16","PresentationValue":"3.5 mm","RawValue":"3.5 mm","LocalValue":"3.5 mm","Description":"How headphones connect to a device e.g. wirelessly or via a cable and connector.","Mandatory":"0","Searchable":"0","Optional":"0","Feature":{"ID":"4163","Sign":"","Measure":{"ID":"29","Sign":"","Signs":{"ID":"","_":"","Language":"EN"}},"Name":{"Value":"Headphone connectivity","Language":"EN"}}}]},{"ID":6919,"SortNo":"75","FeatureGroup":{"ID":"50","Name":{"Value":"Messaging","Language":"EN"}},"Features":[{"Localized":0,"ID":500493400,"LocalID":0,"Type":"y_n","Value":"Y","CategoryFeatureId":"51656","CategoryFeatureGroupID":"6919","SortNo":"100","PresentationValue":"Yes","RawValue":"Y","LocalValue":"Yes","Description":"","Mandatory":"0","Searchable":"0","Optional":"0","Feature":{"ID":"1901","Sign":"","Measure":{"ID":"26","Sign":"","Signs":{"ID":"","_":"","Language":"EN"}},"Name":{"Value":"Short Message Service (SMS)","Language":"EN"}}},{"Localized":0,"ID":500493406,"LocalID":0,"Type":"y_n","Value":"Y","CategoryFeatureId":"51654","CategoryFeatureGroupID":"6919","SortNo":"90","PresentationValue":"Yes","RawValue":"Y","LocalValue":"Yes","Description":"Multimedia Messaging Service (MMS) is a standard way to send messages that include multimedia content to and from a mobile phone over a cellular network","Mandatory":"0","Searchable":"0","Optional":"0","Feature":{"ID":"2180","Sign":"","Measure":{"ID":"26","Sign":"","Signs":{"ID":"","_":"","Language":"EN"}},"Name":{"Value":"Multimedia Messaging Service (MMS)","Language":"EN"}}},{"Localized":0,"ID":500493412,"LocalID":0,"Type":"y_n","Value":"Y","CategoryFeatureId":"146646","CategoryFeatureGroupID":"6919","SortNo":"40","PresentationValue":"Yes","RawValue":"Y","LocalValue":"Yes","Description":"","Mandatory":"0","Searchable":"0","Optional":"0","Feature":{"ID":"23802","Sign":"","Measure":{"ID":"26","Sign":"","Signs":{"ID":"","_":"","Language":"EN"}},"Name":{"Value":"E-mail","Language":"EN"}}}]},{"ID":11005,"SortNo":"71","FeatureGroup":{"ID":"54","Name":{"Value":"Navigation","Language":"EN"}},"Features":[{"Localized":0,"ID":500494564,"LocalID":0,"Type":"y_n","Value":"Y","CategoryFeatureId":"51755","CategoryFeatureGroupID":"11005","SortNo":"30","PresentationValue":"Yes","RawValue":"Y","LocalValue":"Yes","Description":"Global Positioning System (GPS) is a space-based satellite navigation system that provides location and time information in all weather conditions, anywhere on or near the Earth where there is an unobstructed line of sight to four or more GPS satellites. The system provides critical capabilities to military, civil and commercial users around the world. It is maintained by the United States government and is freely accessible to anyone with a GPS receiver.","Mandatory":"0","Searchable":"0","Optional":"0","Feature":{"ID":"3329","Sign":"","Measure":{"ID":"26","Sign":"","Signs":{"ID":"","_":"","Language":"EN"}},"Name":{"Value":"GPS (satellite)","Language":"EN"}}},{"Localized":0,"ID":500494574,"LocalID":0,"Type":"y_n","Value":"Y","CategoryFeatureId":"94591","CategoryFeatureGroupID":"11005","SortNo":"8","PresentationValue":"Yes","RawValue":"Y","LocalValue":"Yes","Description":"","Mandatory":"0","Searchable":"0","Optional":"0","Feature":{"ID":"15618","Sign":"","Measure":{"ID":"26","Sign":"","Signs":{"ID":"","_":"","Language":"EN"}},"Name":{"Value":"GLONASS","Language":"EN"}}},{"Localized":0,"ID":500494604,"LocalID":0,"Type":"y_n","Value":"Y","CategoryFeatureId":"184929","CategoryFeatureGroupID":"11005","SortNo":"8","PresentationValue":"Yes","RawValue":"Y","LocalValue":"Yes","Description":"","Mandatory":"0","Searchable":"0","Optional":"0","Feature":{"ID":"28694","Sign":"","Measure":{"ID":"26","Sign":"","Signs":{"ID":"","_":"","Language":"EN"}},"Name":{"Value":"BeiDou","Language":"EN"}}},{"Localized":0,"ID":500494606,"LocalID":0,"Type":"y_n","Value":"Y","CategoryFeatureId":"226793","CategoryFeatureGroupID":"11005","SortNo":"7","PresentationValue":"Yes","RawValue":"Y","LocalValue":"Yes","Description":"","Mandatory":"0","Searchable":"0","Optional":"0","Feature":{"ID":"33685","Sign":"","Measure":{"ID":"26","Sign":"","Signs":{"ID":"","_":"","Language":"EN"}},"Name":{"Value":"Galileo","Language":"EN"}}},{"Localized":0,"ID":500494607,"LocalID":0,"Type":"y_n","Value":"Y","CategoryFeatureId":"226792","CategoryFeatureGroupID":"11005","SortNo":"6","PresentationValue":"Yes","RawValue":"Y","LocalValue":"Yes","Description":"","Mandatory":"0","Searchable":"0","Optional":"0","Feature":{"ID":"33686","Sign":"","Measure":{"ID":"26","Sign":"","Signs":{"ID":"","_":"","Language":"EN"}},"Name":{"Value":"Quasi-Zenith Satellite System (QZSS)","Language":"EN"}}},{"Localized":0,"ID":500494651,"LocalID":0,"Type":"y_n","Value":"Y","CategoryFeatureId":"51517","CategoryFeatureGroupID":"11005","SortNo":"0","PresentationValue":"Yes","RawValue":"Y","LocalValue":"Yes","Description":"Electronic instrument used for navigation that shows directions in a frame of reference (north, south, east, west) that is stationary relative to the surface of the earth.","Mandatory":"0","Searchable":"0","Optional":"0","Feature":{"ID":"1733","Sign":"","Measure":{"ID":"26","Sign":"","Signs":{"ID":"","_":"","Language":"EN"}},"Name":{"Value":"Electronic compass","Language":"EN"}}},{"Localized":0,"ID":500494519,"LocalID":0,"Type":"y_n","Value":"Y","CategoryFeatureId":"166073","CategoryFeatureGroupID":"11005","SortNo":"0","PresentationValue":"Yes","RawValue":"Y","LocalValue":"Yes","Description":"Whether the navigation system can locate the phone's position.","Mandatory":"1","Searchable":"1","Optional":"0","Feature":{"ID":"26425","Sign":"","Measure":{"ID":"26","Sign":"","Signs":{"ID":"","_":"","Language":"EN"}},"Name":{"Value":"Position location","Language":"EN"}}}]},{"ID":11003,"SortNo":"70","FeatureGroup":{"ID":"148","Name":{"Value":"Design","Language":"EN"}},"Features":[{"Localized":0,"ID":500493425,"LocalID":0,"Type":"dropdown","Value":"Bar","CategoryFeatureId":"51570","CategoryFeatureGroupID":"11003","SortNo":"55","PresentationValue":"Bar","RawValue":"Bar","LocalValue":"Bar","Description":"The shape or design of the product.","Mandatory":"1","Searchable":"1","Optional":"0","Feature":{"ID":"771","Sign":"","Measure":{"ID":"29","Sign":"","Signs":{"ID":"","_":"","Language":"EN"}},"Name":{"Value":"Form factor","Language":"EN"}}},{"Localized":0,"ID":500488483,"LocalID":0,"Type":"multi_dropdown","Value":"Black","CategoryFeatureId":"143786","CategoryFeatureGroupID":"11003","SortNo":"35","PresentationValue":"Black","RawValue":"Black","LocalValue":"Black","Description":"The colour e.g. red, blue, green, black, white.","Mandatory":"1","Searchable":"1","Optional":"0","Feature":{"ID":"1766","Sign":"","Measure":{"ID":"29","Sign":"","Signs":{"ID":"","_":"","Language":"EN"}},"Name":{"Value":"Product colour","Language":"EN"}}},{"Localized":0,"ID":500493912,"LocalID":0,"Type":"multi_dropdown","Value":"Dust resistant,Water resistant","CategoryFeatureId":"70015","CategoryFeatureGroupID":"11003","SortNo":"9","PresentationValue":"Dust resistant, Water resistant","RawValue":"Dust resistant,Water resistant","LocalValue":"Dust resistant, Water resistant","Description":"Physical effects from which the product is protected e.g. water resistant, crash proof.","Mandatory":"0","Searchable":"0","Optional":"0","Feature":{"ID":"8072","Sign":"","Measure":{"ID":"29","Sign":"","Signs":{"ID":"","_":"","Language":"EN"}},"Name":{"Value":"Protection features","Language":"EN"}}}]},{"ID":11002,"SortNo":"65","FeatureGroup":{"ID":"184","Name":{"Value":"Performance","Language":"EN"}},"Features":[{"Localized":0,"ID":500494099,"LocalID":0,"Type":"y_n","Value":"Y","CategoryFeatureId":"51712","CategoryFeatureGroupID":"11002","SortNo":"80","PresentationValue":"Yes","RawValue":"Y","LocalValue":"Yes","Description":"Simultaneous video and audio signals to enable people to talk to and see each other in real time.","Mandatory":"0","Searchable":"0","Optional":"0","Feature":{"ID":"7018","Sign":"","Measure":{"ID":"26","Sign":"","Signs":{"ID":"","_":"","Language":"EN"}},"Name":{"Value":"Video call","Language":"EN"}}},{"Localized":0,"ID":500494209,"LocalID":0,"Type":"y_n","Value":"Y","CategoryFeatureId":"222568","CategoryFeatureGroupID":"11002","SortNo":"57","PresentationValue":"Yes","RawValue":"Y","LocalValue":"Yes","Description":"","Mandatory":"0","Searchable":"0","Optional":"0","Feature":{"ID":"4981","Sign":"","Measure":{"ID":"26","Sign":"","Signs":{"ID":"","_":"","Language":"EN"}},"Name":{"Value":"Fast charging","Language":"EN"}}},{"Localized":0,"ID":500494263,"LocalID":0,"Type":"y_n","Value":"Y","CategoryFeatureId":"94723","CategoryFeatureGroupID":"11002","SortNo":"4","PresentationValue":"Yes","RawValue":"Y","LocalValue":"Yes","Description":"A scanner used to identify a person's fingerprint for security purposes. After a sample is taken, access to a computer or other system is granted if the fingerprint matches the stored sample. A PIN may also be used with the fingerprint sample.","Mandatory":"0","Searchable":"0","Optional":"0","Feature":{"ID":"3577","Sign":"","Measure":{"ID":"26","Sign":"","Signs":{"ID":"","_":"","Language":"EN"}},"Name":{"Value":"Fingerprint reader","Language":"EN"}}},{"Localized":0,"ID":500498276,"LocalID":0,"Type":"y_n","Value":"Y","CategoryFeatureId":"55073","CategoryFeatureGroupID":"11002","SortNo":"0","PresentationValue":"Yes","RawValue":"Y","LocalValue":"Yes","Description":"","Mandatory":"0","Searchable":"0","Optional":"0","Feature":{"ID":"3851","Sign":"","Measure":{"ID":"26","Sign":"","Signs":{"ID":"","_":"","Language":"EN"}},"Name":{"Value":"Push-to-Talk (PTT)","Language":"EN"}}}]},{"ID":11006,"SortNo":"55","FeatureGroup":{"ID":"186","Name":{"Value":"Multimedia","Language":"EN"}},"Features":[{"Localized":0,"ID":500494846,"LocalID":0,"Type":"multi_dropdown","Value":"3GA,AAC,AMR,AWB,FLAC,IMY,M4A,MID,MIDI,MP3,MXMF,OGA,OGG,OTA,RTTTL,RTX,WAV,XMF","CategoryFeatureId":"51528","CategoryFeatureGroupID":"11006","SortNo":"-11","PresentationValue":"3GA, AAC, AMR, AWB, FLAC, IMY, M4A, Mid, MIDI, MP3, MXMF, OGA, OGG, OTA, RTTTL, RTX, WAV, XMF","RawValue":"3GA,AAC,AMR,AWB,FLAC,IMY,M4A,MID,MIDI,MP3,MXMF,OGA,OGG,OTA,RTTTL,RTX,WAV,XMF","LocalValue":"3GA, AAC, AMR, AWB, FLAC, IMY, M4A, Mid, MIDI, MP3, MXMF, OGA, OGG, OTA, RTTTL, RTX, WAV, XMF","Description":"The audio formats which this device or software can read/use e.g. MP3, MP4.","Mandatory":"0","Searchable":"0","Optional":"0","Feature":{"ID":"2224","Sign":"","Measure":{"ID":"29","Sign":"","Signs":{"ID":"","_":"","Language":"EN"}},"Name":{"Value":"Audio formats supported","Language":"EN"}}},{"Localized":0,"ID":500495461,"LocalID":0,"Type":"multi_dropdown","Value":"3G2,3GP,AVI,FLV,M4V,MKV,MP4,WEBM","CategoryFeatureId":"51529","CategoryFeatureGroupID":"11006","SortNo":"-12","PresentationValue":"3G2, 3GP, AVI, FLV, M4V, MKV, MP4, WEBM","RawValue":"3G2,3GP,AVI,FLV,M4V,MKV,MP4,WEBM","LocalValue":"3G2, 3GP, AVI, FLV, M4V, MKV, MP4, WEBM","Description":"The type of video formats that can be used by this device.","Mandatory":"0","Searchable":"0","Optional":"0","Feature":{"ID":"6893","Sign":"","Measure":{"ID":"29","Sign":"","Signs":{"ID":"","_":"","Language":"EN"}},"Name":{"Value":"Video formats supported","Language":"EN"}}}]},{"ID":18401,"SortNo":"20","FeatureGroup":{"ID":"90","Name":{"Value":"Software","Language":"EN"}},"Features":[{"Localized":0,"ID":500490150,"LocalID":0,"Type":"dropdown","Value":"Android","CategoryFeatureId":"270282","CategoryFeatureGroupID":"18401","SortNo":"500","PresentationValue":"Android","RawValue":"Android","LocalValue":"Android","Description":"Description of a technology platform including a processor, chipset, platform software and wired networking capabilities.","Mandatory":"1","Searchable":"1","Optional":"0","Feature":{"ID":"75","Sign":"","Measure":{"ID":"29","Sign":"","Signs":{"ID":"","_":"","Language":"EN"}},"Name":{"Value":"Platform","Language":"EN"}}}]},{"ID":6892,"SortNo":"5","FeatureGroup":{"ID":"143","Name":{"Value":"Battery","Language":"EN"}},"Features":[{"Localized":0,"ID":500495968,"LocalID":0,"Type":"y_n","Value":"Y","CategoryFeatureId":"222191","CategoryFeatureGroupID":"6892","SortNo":"50","PresentationValue":"Yes","RawValue":"Y","LocalValue":"Yes","Description":"","Mandatory":"0","Searchable":"0","Optional":"0","Feature":{"ID":"18096","Sign":"","Measure":{"ID":"26","Sign":"","Signs":{"ID":"","_":"","Language":"EN"}},"Name":{"Value":"Removable battery","Language":"EN"}}},{"Localized":0,"ID":500496005,"LocalID":0,"Type":"numerical","Value":"4050","CategoryFeatureId":"51519","CategoryFeatureGroupID":"6892","SortNo":"38","PresentationValue":"4050 mAh","RawValue":"4050","LocalValue":"4050","Description":"A measure of the charge stored by the battery. Determined by the mass of active material contained in the battery.","Mandatory":"1","Searchable":"1","Optional":"0","Feature":{"ID":"909","Sign":"","Measure":{"ID":"51","Sign":"","Signs":{"ID":"35","_":"mAh","Language":"EN"}},"Name":{"Value":"Battery capacity","Language":"EN"}}},{"Localized":0,"ID":500496526,"LocalID":0,"Type":"numerical","Value":"44","CategoryFeatureId":"106093","CategoryFeatureGroupID":"6892","SortNo":"28","PresentationValue":"44 h","RawValue":"44","LocalValue":"44","Description":"","Mandatory":"0","Searchable":"0","Optional":"0","Feature":{"ID":"18111","Sign":"","Measure":{"ID":"46","Sign":"","Signs":{"ID":"30","_":"h","Language":"EN"}},"Name":{"Value":"Talk time (4G)","Language":"EN"}}},{"Localized":0,"ID":500496363,"LocalID":0,"Type":"numerical","Value":"18","CategoryFeatureId":"90957","CategoryFeatureGroupID":"6892","SortNo":"20","PresentationValue":"18 h","RawValue":"18","LocalValue":"18","Description":"","Mandatory":"0","Searchable":"0","Optional":"0","Feature":{"ID":"15264","Sign":"","Measure":{"ID":"46","Sign":"","Signs":{"ID":"30","_":"h","Language":"EN"}},"Name":{"Value":"Browsing time (Wi-Fi)","Language":"EN"}}},{"Localized":0,"ID":500496336,"LocalID":0,"Type":"numerical","Value":"18","CategoryFeatureId":"90959","CategoryFeatureGroupID":"6892","SortNo":"17","PresentationValue":"18 h","RawValue":"18","LocalValue":"18","Description":"","Mandatory":"0","Searchable":"0","Optional":"0","Feature":{"ID":"15266","Sign":"","Measure":{"ID":"46","Sign":"","Signs":{"ID":"30","_":"h","Language":"EN"}},"Name":{"Value":"Browsing time (4G)","Language":"EN"}}},{"Localized":0,"ID":500496470,"LocalID":0,"Type":"numerical","Value":"115","CategoryFeatureId":"51657","CategoryFeatureGroupID":"6892","SortNo":"2","PresentationValue":"115 h","RawValue":"115","LocalValue":"115","Description":"Number of hours on average for continuous play. This is dependent on the device battery capacity.","Mandatory":"0","Searchable":"0","Optional":"0","Feature":{"ID":"2169","Sign":"","Measure":{"ID":"46","Sign":"","Signs":{"ID":"30","_":"h","Language":"EN"}},"Name":{"Value":"Continuous audio playback time","Language":"EN"}}},{"Localized":0,"ID":500496415,"LocalID":0,"Type":"numerical","Value":"20","CategoryFeatureId":"51658","CategoryFeatureGroupID":"6892","SortNo":"1","PresentationValue":"20 h","RawValue":"20","LocalValue":"20","Description":"","Mandatory":"0","Searchable":"0","Optional":"0","Feature":{"ID":"2173","Sign":"","Measure":{"ID":"46","Sign":"","Signs":{"ID":"30","_":"h","Language":"EN"}},"Name":{"Value":"Continuous video playback time","Language":"EN"}}}]},{"ID":34102,"SortNo":"0","FeatureGroup":{"ID":"167","Name":{"Value":"Sensors","Language":"EN"}},"Features":[{"Localized":0,"ID":500496689,"LocalID":0,"Type":"y_n","Value":"Y","CategoryFeatureId":"51566","CategoryFeatureGroupID":"34102","SortNo":"11","PresentationValue":"Yes","RawValue":"Y","LocalValue":"Yes","Description":"","Mandatory":"0","Searchable":"0","Optional":"0","Feature":{"ID":"8698","Sign":"","Measure":{"ID":"26","Sign":"","Signs":{"ID":"","_":"","Language":"EN"}},"Name":{"Value":"Proximity sensor","Language":"EN"}}},{"Localized":0,"ID":500496634,"LocalID":0,"Type":"y_n","Value":"Y","CategoryFeatureId":"57380","CategoryFeatureGroupID":"34102","SortNo":"11","PresentationValue":"Yes","RawValue":"Y","LocalValue":"Yes","Description":"","Mandatory":"0","Searchable":"0","Optional":"0","Feature":{"ID":"9731","Sign":"","Measure":{"ID":"26","Sign":"","Signs":{"ID":"","_":"","Language":"EN"}},"Name":{"Value":"Accelerometer","Language":"EN"}}},{"Localized":0,"ID":500496708,"LocalID":0,"Type":"y_n","Value":"Y","CategoryFeatureId":"59559","CategoryFeatureGroupID":"34102","SortNo":"11","PresentationValue":"Yes","RawValue":"Y","LocalValue":"Yes","Description":"","Mandatory":"0","Searchable":"0","Optional":"0","Feature":{"ID":"8720","Sign":"","Measure":{"ID":"26","Sign":"","Signs":{"ID":"","_":"","Language":"EN"}},"Name":{"Value":"Ambient light sensor","Language":"EN"}}},{"Localized":0,"ID":509269090,"LocalID":0,"Type":"y_n","Value":"Y","CategoryFeatureId":"106231","CategoryFeatureGroupID":"34102","SortNo":"10","PresentationValue":"Yes","RawValue":"Y","LocalValue":"Yes","Description":"","Mandatory":"0","Searchable":"0","Optional":"0","Feature":{"ID":"9732","Sign":"","Measure":{"ID":"26","Sign":"","Signs":{"ID":"","_":"","Language":"EN"}},"Name":{"Value":"Gyroscope","Language":"EN"}}},{"Localized":0,"ID":509269091,"LocalID":0,"Type":"y_n","Value":"Y","CategoryFeatureId":"302241","CategoryFeatureGroupID":"34102","SortNo":"0","PresentationValue":"Yes","RawValue":"Y","LocalValue":"Yes","Description":"","Mandatory":"0","Searchable":"0","Optional":"0","Feature":{"ID":"38331","Sign":"","Measure":{"ID":"26","Sign":"","Signs":{"ID":"","_":"","Language":"EN"}},"Name":{"Value":"Geomagnetic sensor","Language":"EN"}}}]},{"ID":82700,"SortNo":"0","FeatureGroup":{"ID":"32","Name":{"Value":"Endurance","Language":"EN"}},"Features":[{"Localized":0,"ID":500493875,"LocalID":0,"Type":"dropdown","Value":"IP68","CategoryFeatureId":"81142","CategoryFeatureGroupID":"82700","SortNo":"38","PresentationValue":"IP68","RawValue":"IP68","LocalValue":"IP68","Description":"The IP code classifies and rates the degree of protection provided against the intrusion (including body parts such as hands and fingers), dust, accidental contact, and water by mechanical casings and electrical enclosures. It is published by the International Electrotechnical Commission (IEC). The digits (characteristic numerals) indicate conformity with the conditions summarized in the tables below. Where there is no protection rating with regard to one of the criteria, the digit is replaced with the letter X. an electrical socket rated IP22 is protected against insertion of fingers and will not be damaged or become unsafe during a specified test in which it is exposed to vertically or nearly vertically dripping water. Another example is the Sony Xperia Z Ultra, one of the first cellular phones to be IP-rated; it is rated at IP58 and marketed as \"dust resistant\" and can be \"immersed in 1.5 meter of freshwater for up to 30 minutes\".","Mandatory":"1","Searchable":"0","Optional":"0","Feature":{"ID":"7900","Sign":"","Measure":{"ID":"29","Sign":"","Signs":{"ID":"","_":"","Language":"EN"}},"Name":{"Value":"International Protection (IP) code","Language":"EN"}}}]},{"ID":6881,"SortNo":"-1","FeatureGroup":{"ID":"14","Name":{"Value":"Weight & dimensions","Language":"EN"}},"Features":[{"Localized":0,"ID":500496831,"LocalID":0,"Type":"numerical","Value":"79.9","CategoryFeatureId":"51488","CategoryFeatureGroupID":"6881","SortNo":"10","PresentationValue":"79.9 mm","RawValue":"79.9","LocalValue":"79.9","Description":"The measurement or extent of something from side to side.","Mandatory":"0","Searchable":"0","Optional":"0","Feature":{"ID":"1649","Sign":"","Measure":{"ID":"24","Sign":"","Signs":{"ID":"3","_":"mm","Language":"EN"}},"Name":{"Value":"Width","Language":"EN"}}},{"Localized":0,"ID":500496880,"LocalID":0,"Type":"numerical","Value":"9.9","CategoryFeatureId":"51489","CategoryFeatureGroupID":"6881","SortNo":"9","PresentationValue":"9.9 mm","RawValue":"9.9","LocalValue":"9.9","Description":"The distance from the front to the back of something.","Mandatory":"0","Searchable":"0","Optional":"0","Feature":{"ID":"1650","Sign":"","Measure":{"ID":"24","Sign":"","Signs":{"ID":"3","_":"mm","Language":"EN"}},"Name":{"Value":"Depth","Language":"EN"}}},{"Localized":0,"ID":500496926,"LocalID":0,"Type":"numerical","Value":"168.8","CategoryFeatureId":"51490","CategoryFeatureGroupID":"6881","SortNo":"8","PresentationValue":"168.8 mm","RawValue":"168.8","LocalValue":"168.8","Description":"The measurement of the product from head to foot or from base to top.","Mandatory":"0","Searchable":"0","Optional":"0","Feature":{"ID":"1464","Sign":"","Measure":{"ID":"24","Sign":"","Signs":{"ID":"3","_":"mm","Language":"EN"}},"Name":{"Value":"Height","Language":"EN"}}},{"Localized":0,"ID":500496796,"LocalID":0,"Type":"numerical","Value":"235","CategoryFeatureId":"51491","CategoryFeatureGroupID":"6881","SortNo":"7","PresentationValue":"235 g","RawValue":"235","LocalValue":"235","Description":"Weight of the product without packaging (net weight). If possible, the net weight is given including standard accessories and supplies. Please note that sometimes the manufacturer leaves out the weight of accessories and/or supplies.","Mandatory":"1","Searchable":"1","Optional":"0","Feature":{"ID":"94","Sign":"","Measure":{"ID":"38","Sign":"","Signs":{"ID":"22","_":"g","Language":"EN"}},"Name":{"Value":"Weight","Language":"EN"}}}]}],"FeatureLogos":[],"ReasonsToBuy":[],"Reviews":[],"ProductRelated":[{"ID":227541039,"CategoryID":788,"Preferred":0,"IcecatID":100727796,"ProductCode":"SGX3622/A","ThumbPic":"","ProductName":"Business Premium - Service Plan for Samsung Galaxy Xcover-series - 36 months","Brand":"mcare","BrandID":37476,"ProductRelatedLocales":[{"ID":0,"Language":"EN","Preferred":0,"StartDate":"","EndDate":""}]},{"ID":227524100,"CategoryID":788,"Preferred":0,"IcecatID":100727744,"ProductCode":"BSP3622/A","ThumbPic":"","ProductName":"Business - Service Plan for Smartphone - 36 months","Brand":"mcare","BrandID":37476,"ProductRelatedLocales":[{"ID":0,"Language":"EN","Preferred":0,"StartDate":"","EndDate":""}]},{"ID":227524101,"CategoryID":788,"Preferred":0,"IcecatID":100727743,"ProductCode":"BSP2422/A","ThumbPic":"","ProductName":"Business - Service Plan for Smartphone - 24 months","Brand":"mcare","BrandID":37476,"ProductRelatedLocales":[{"ID":0,"Language":"EN","Preferred":0,"StartDate":"","EndDate":""}]},{"ID":0,"CategoryID":1637,"Preferred":0,"IcecatID":94781546,"ProductCode":"MLWK3ZM/A","ThumbPic":"","ProductName":"AirPods","Brand":"Apple","BrandID":9,"ProductRelatedLocales":[{"ID":0,"Language":"EN","Preferred":0,"StartDate":"","EndDate":""}]},{"ID":0,"CategoryID":1637,"Preferred":0,"IcecatID":62202327,"ProductCode":"MUFQ2ZM/A","ThumbPic":"","ProductName":"urBeats3","Brand":"Apple","BrandID":9,"ProductRelatedLocales":[{"ID":0,"Language":"EN","Preferred":0,"StartDate":"","EndDate":""}]},{"ID":0,"CategoryID":1637,"Preferred":0,"IcecatID":33259200,"ProductCode":"MMTN2ZM/A","ThumbPic":"","ProductName":"EarPods with Lightning Connector","Brand":"Apple","BrandID":9,"ProductRelatedLocales":[{"ID":0,"Language":"EN","Preferred":0,"StartDate":"","EndDate":""}]}],"CatalogObjectCloud":{"ProductPage":{"QRCodeURL":"https://qr.icecat.biz/coc/a00adfab-e898-427a-8daa-20c025598627","URL":"https://coc.icecat.biz/a00adfab-e898-427a-8daa-20c025598627"}},"Variants":[],"ProductStory":[],"Dictionary":{"model_name":"Product name","desc":"Description","ean_code":"EAN/UPC code","flash360":"3D tour","demo_msg_part3":"If you don't have an Icecat account, please register here for free.","repairability_index":"Repairability index","zoom_panel_init":"Original size","cat_name":"Category","product_family":"Product family","back_to_top":"Back to top","zoom_panel_out":"Zoom out","specs":"Specs","eu_product_fiche":"EU Product Fiche","reviews_head_name":"Reviews","pdf_specs":"Product Brochure","zoom_panel_in":"Zoom in","html_content":"","release_date":"Release date","demo_msg_part1":"You are using now a Demo account. Please, use your own Icecat account","demo_insert_desc":"This is a demo of a seamless insert of an Icecat LIVE product data-sheet in your website. Imagine that this responsive data-sheet is included in the product page of your webshop.","pdf_url":"User manual","prod_code":"Product code","supplier_name":"Brand","video":"Video","reasons_to_buy":"Reasons to buy","marketing_text":"Description","options_head_name":"Options","product_series":"Product series","demo_msg_part2":"your Icecat login name","link_integrate_desk":"How to integrate Icecat LIVE JavaScript.","zoom_panel_dragg":"Mouse dragging","eu_energy_label":"EU Energy Label"},"DemoAccount":true}}