{"msg":"OK","data":{"GeneralInfo":{"IcecatId":103215348,"ReleaseDate":"","EndOfLifeDate":"","Title":"Philips 5000 series TAG5106BK/00 headphones/headset Wired & Wireless Head-band Gaming Bluetooth Black","TitleInfo":{"GeneratedIntTitle":"Philips 5000 series TAG5106BK/00 headphones/headset","GeneratedLocalTitle":{"Value":"Philips 5000 series TAG5106BK/00 headphones/headset Wired & Wireless Head-band Gaming Bluetooth Black","Language":"EN"},"BrandLocalTitle":{"Value":"","Language":"EN"}},"Brand":"Philips","BrandID":"25","BrandLogo":"https://images.icecat.biz/img/brand/thumb/25_c26c0239c23244eaaccd8bb3e8990a9e.jpg","BrandInfo":{"BrandName":"Philips","BrandLocalName":"","BrandLogo":"https://images.icecat.biz/img/brand/thumb/25_c26c0239c23244eaaccd8bb3e8990a9e.jpg"},"ProductName":"TAG5106BK/00","ProductNameInfo":{"ProductIntName":"TAG5106BK/00","ProductLocalName":{"Value":"","Language":"EN"}},"BrandPartCode":"TAG5106BK/00","GTIN":["4895229127005"],"Category":{"CategoryID":"1637","Name":{"Value":"Headphones & Headsets","Language":"EN"}},"ProductFamily":{"ProductFamilyID":"64666","Value":"5000 series","Language":"EN"},"ProductSeries":{"SeriesID":"1"},"Description":{"ID":"88808021","LongDesc":"Stylish design, 50 mm precise drivers and DTS surround sound, advanced 2.4 G and Bluetooth 5.2 dual wireless connection, and detachable unidirectional microphone provide great comfort and immersion during gameplay","LongProductName":"5000 Series TAG5106BK Gaming Headset","MiddleDesc":"","Disclaimer":"","ManualPDFURL":"https://objects.icecat.biz/objects/mmo_103215348_1684063515_4086_2156480.pdf","ManualPDFSize":"6779407","LeafletPDFURL":"https://objects.icecat.biz/objects/mmo_103215348_1666438965_211_31193.pdf","PDFSize":"257078","URL":"https://mmdmonitors.com/","WarrantyInfo":"","Updated":"2024-06-03 16:12:33","Language":"EN"},"SummaryDescription":{"ShortSummaryDescription":"Philips 5000 series TAG5106BK/00, Wired & Wireless, Gaming, 20 - 20000 Hz, 375 g, Headset, Black","LongSummaryDescription":"Philips 5000 series TAG5106BK/00. Product type: Headset. Connectivity technology: Wired & Wireless, Bluetooth. Recommended usage: Gaming. Headphone frequency: 20 - 20000 Hz. Cable length: 1.5 m. Weight: 375 g. Product colour: Black"},"BulletPoints":{},"GeneratedBulletPoints":{"Language":"EN","Values":["Black Gaming Head-band Headset","Wired & Wireless 3.5 mm connector USB connectivity Bluetooth 5.2","Circumaural 20 - 20000 Hz 32 Ω 101 dB","Microphone type: Boom"]},"GTINs":[{"GTIN":"4895229127005","IsApproved":true}]},"Image":{"HighPic":"https://images.icecat.biz/img/gallery/6a765a53c8119f88d365420dd6da4e5622a1bef4.jpg","HighPicSize":"110662","HighPicHeight":"837","HighPicWidth":"1200","LowPic":"https://images.icecat.biz/img/gallery_lows/2293db8f03e43be342373d12d22bec7aeabdb496.jpg","LowPicSize":"8492","LowPicHeight":"140","LowPicWidth":"200","Pic500x500":"https://images.icecat.biz/img/gallery_mediums/4573c26582b6a4efe816c4e7c048ddffdeaaf361.jpg","Pic500x500Size":"32192","Pic500x500Height":"349","Pic500x500Width":"500","ThumbPic":"https://images.icecat.biz/img/gallery_thumbs/a6acc84b8aabb499b8aa974836f63cacb95a7b98.jpg","ThumbPicSize":"2264"},"Multimedia":[{"ID":"96A6ACA7-26FC-460E-940F-9A6C61F0B3F1","URL":"https://objects.icecat.biz/objects/mmo_103215348_1684063515_4086_2156480.pdf","Type":"manual pdf","ContentType":"application/pdf","KeepAsUrl":"0","Description":"User manual","Size":"6779407","IsPrivate":"0","Updated":"2023-07-30 14:07:19","Language":"EN","IsVideo":0},{"ID":"6654FE26-0A4F-434D-AC82-ABA63F7F064A","URL":"https://objects.icecat.biz/objects/mmo_103215348_1757418271_5005_176243.txt","Type":"ProductStory2.0","ContentType":"text/html","KeepAsUrl":"0","Description":"ProductStory2.0","Size":"9982","IsPrivate":"0","Updated":"2025-09-09 13:44:31","Language":"EN","IsVideo":0},{"ID":"C606C224-F0C3-41F4-9471-65024FBF62C8","URL":"https://live-html.icecat.biz/df8aa75f4f5211973a9f5aa74572de02/index.html","Type":"ProductStory","ContentType":"application/zip","KeepAsUrl":"0","Description":"ProductStory","Size":"2747","IsPrivate":"0","Updated":"2025-09-09 13:44:35","Language":"EN","IsVideo":0},{"ID":"00000000-0000-0000-0000-000000000000","URL":"https://icecat.biz/rest/product-pdf?productId=103215348&lang=en","Type":"leaflet","ContentType":"application/pdf","KeepAsUrl":"0","Description":"Brochure Philips TAG5106BK/00","Size":"0","IsPrivate":"0","Updated":"2024-03-22 12:22:48","Language":"EN","IsVideo":0}],"Gallery":[{"ID":"108034668","LowPic":"https://images.icecat.biz/img/gallery_lows/2293db8f03e43be342373d12d22bec7aeabdb496.jpg","LowSize":"8492","LowHeight":"140","LowWidth":"200","ThumbPic":"https://images.icecat.biz/img/gallery_thumbs/a6acc84b8aabb499b8aa974836f63cacb95a7b98.jpg","ThumbPicSize":"2264","Pic":"https://images.icecat.biz/img/gallery/6a765a53c8119f88d365420dd6da4e5622a1bef4.jpg","Size":"110662","PicHeight":"837","PicWidth":"1200","Pic500x500":"https://images.icecat.biz/img/gallery_mediums/4573c26582b6a4efe816c4e7c048ddffdeaaf361.jpg","Pic500x500Size":"32192","Pic500x500Height":"349","Pic500x500Width":"500","No":"1","IsMain":"Y","Updated":"2025-06-15 08:24:04","IsPrivate":"0","Type":"ProductImage","Attributes":{"OriginalFileName":""}},{"ID":"108034669","LowPic":"https://images.icecat.biz/img/gallery_lows/c119f9dad317b78c4fea1aaa5c025d9f60781780.jpg","LowSize":"10601","LowHeight":"141","LowWidth":"200","ThumbPic":"https://images.icecat.biz/img/gallery_thumbs/75e615b233d3d9c4543c818ec97935aab8fd7e56.jpg","ThumbPicSize":"2865","Pic":"https://images.icecat.biz/img/gallery/dc4ec5f1ea3b1f2ebe1abc898e5239056008fdc8.jpg","Size":"145156","PicHeight":"845","PicWidth":"1200","Pic500x500":"https://images.icecat.biz/img/gallery_mediums/1635afd725f11d41aeaae26b0baf3d214c0f66ea.jpg","Pic500x500Size":"41032","Pic500x500Height":"352","Pic500x500Width":"500","No":"3","IsMain":"N","Updated":"2025-06-15 08:24:04","IsPrivate":"0","Type":"ProductImage","Attributes":{"OriginalFileName":""}},{"ID":"108034670","LowPic":"https://images.icecat.biz/img/gallery_lows/cf83248c183fdf45798512241a6641f93c4e3ad0.jpg","LowSize":"5427","LowHeight":"141","LowWidth":"200","ThumbPic":"https://images.icecat.biz/img/gallery_thumbs/9e9ccf1b6928b3889e6f2adad62370e5026e09c1.jpg","ThumbPicSize":"1862","Pic":"https://images.icecat.biz/img/gallery/f7755bd610fff9b39020e7b7b0eb1f0b50ff30ad.jpg","Size":"64517","PicHeight":"845","PicWidth":"1200","Pic500x500":"https://images.icecat.biz/img/gallery_mediums/eadf2ad54329808eb13aa03c70f61dd0b08697e4.jpg","Pic500x500Size":"18661","Pic500x500Height":"352","Pic500x500Width":"500","No":"4","IsMain":"N","Updated":"2025-06-15 08:24:04","IsPrivate":"0","Type":"ProductImage","Attributes":{"OriginalFileName":""}},{"ID":"108034671","LowPic":"https://images.icecat.biz/img/gallery_lows/be223f6fb78621aca9ff9fb38e3a89c7d6b5a61a.jpg","LowSize":"2588","LowHeight":"200","LowWidth":"133","ThumbPic":"https://images.icecat.biz/img/gallery_thumbs/54c2af1c6d51ac665038128defa47a19ec6da35c.jpg","ThumbPicSize":"1025","Pic":"https://images.icecat.biz/img/gallery/7b90c5ade8d89051b0a9ab1642213d1878470123.jpg","Size":"74873","PicHeight":"1802","PicWidth":"1200","Pic500x500":"https://images.icecat.biz/img/gallery_mediums/94c21c32f0da86a5e053a96ae5cd1a0bb0ac9f91.jpg","Pic500x500Size":"9076","Pic500x500Height":"500","Pic500x500Width":"333","No":"5","IsMain":"N","Updated":"2025-06-15 08:24:04","IsPrivate":"0","Type":"ProductImage","Attributes":{"OriginalFileName":""}},{"ID":"108034672","LowPic":"https://images.icecat.biz/img/gallery_lows/a71858030934ad2ceaa9eb84875506ecc58d2e4b.jpg","LowSize":"39201","LowHeight":"200","LowWidth":"196","ThumbPic":"https://images.icecat.biz/img/gallery_thumbs/70f7894762120eb814cfd4106a5ad477173df691.jpg","ThumbPicSize":"9272","Pic":"https://images.icecat.biz/img/gallery/1fe60be0b50ca9570dc19e5bbfc3b5ddd1eef94c.jpg","Size":"559219","PicHeight":"1225","PicWidth":"1200","Pic500x500":"https://images.icecat.biz/img/gallery_mediums/8f9da30de7516004ea8884d6d8a5b7decc798cb6.jpg","Pic500x500Size":"157052","Pic500x500Height":"500","Pic500x500Width":"490","No":"6","IsMain":"N","Updated":"2025-06-15 08:24:04","IsPrivate":"0","Type":"ProductImage","Attributes":{"OriginalFileName":""}},{"ID":"108034673","LowPic":"https://images.icecat.biz/img/gallery_lows/fa2f111961ae4a0a403f30332cb0af1bb16cae79.jpg","LowSize":"7597","LowHeight":"141","LowWidth":"200","ThumbPic":"https://images.icecat.biz/img/gallery_thumbs/656b99b6fed97927fe9d7b6548a7e07ec976001c.jpg","ThumbPicSize":"2036","Pic":"https://images.icecat.biz/img/gallery/a74dfd7d2e636e9f048d7bf5c7c0a9bf970fac97.jpg","Size":"107032","PicHeight":"846","PicWidth":"1200","Pic500x500":"https://images.icecat.biz/img/gallery_mediums/7edbd58f24b5c38353d93fc6a004bedf932ba782.jpg","Pic500x500Size":"29798","Pic500x500Height":"353","Pic500x500Width":"500","No":"7","IsMain":"N","Updated":"2025-06-15 08:24:04","IsPrivate":"0","Type":"ProductImage","Attributes":{"OriginalFileName":""}},{"ID":"108034674","LowPic":"https://images.icecat.biz/img/gallery_lows/b9f86b25c373ae6ae666f95c879a027e15a22c8a.jpg","LowSize":"27150","LowHeight":"134","LowWidth":"200","ThumbPic":"https://images.icecat.biz/img/gallery_thumbs/914b07617b62dca119ce755e965d85724c64bc5a.jpg","ThumbPicSize":"6662","Pic":"https://images.icecat.biz/img/gallery/f58f23a6267de8f61557aae64923321451daa46f.jpg","Size":"396930","PicHeight":"801","PicWidth":"1200","Pic500x500":"https://images.icecat.biz/img/gallery_mediums/d9b119d3fba9a0e27b401717d5353af5b373b4df.jpg","Pic500x500Size":"110344","Pic500x500Height":"334","Pic500x500Width":"500","No":"8","IsMain":"N","Updated":"2025-06-15 08:24:04","IsPrivate":"0","Type":"ProductImage","Attributes":{"OriginalFileName":""}}],"FeaturesGroups":[{"ID":10774,"SortNo":"60","FeatureGroup":{"ID":"184","Name":{"Value":"Performance","Language":"EN"}},"Features":[{"Localized":0,"ID":508035550,"LocalID":0,"Type":"dropdown","Value":"Headset","CategoryFeatureId":"320952","CategoryFeatureGroupID":"10774","SortNo":"300","PresentationValue":"Headset","RawValue":"Headset","LocalValue":"Headset","Description":"The sub-category of the product.","Mandatory":"1","Searchable":"1","Optional":"0","Feature":{"ID":"14052","Sign":"","Measure":{"ID":"29","Sign":"","Signs":{"ID":"","_":"","Language":"EN"}},"Name":{"Value":"Product type","Language":"EN"}}},{"Localized":0,"ID":508035551,"LocalID":0,"Type":"dropdown","Value":"Head-band","CategoryFeatureId":"48583","CategoryFeatureGroupID":"10774","SortNo":"294","PresentationValue":"Head-band","RawValue":"Head-band","LocalValue":"Head-band","Description":"The way in which the device is worn.","Mandatory":"1","Searchable":"1","Optional":"0","Feature":{"ID":"8136","Sign":"","Measure":{"ID":"29","Sign":"","Signs":{"ID":"","_":"","Language":"EN"}},"Name":{"Value":"Wearing style","Language":"EN"}}},{"Localized":0,"ID":508035552,"LocalID":0,"Type":"dropdown","Value":"Gaming","CategoryFeatureId":"320937","CategoryFeatureGroupID":"10774","SortNo":"291","PresentationValue":"Gaming","RawValue":"Gaming","LocalValue":"Gaming","Description":"What the product should be used for, and how it should be used (e.g. ambient temperature).","Mandatory":"1","Searchable":"1","Optional":"0","Feature":{"ID":"8480","Sign":"","Measure":{"ID":"29","Sign":"","Signs":{"ID":"","_":"","Language":"EN"}},"Name":{"Value":"Recommended usage","Language":"EN"}}},{"Localized":0,"ID":508035554,"LocalID":0,"Type":"dropdown","Value":"Binaural","CategoryFeatureId":"48578","CategoryFeatureGroupID":"10774","SortNo":"288","PresentationValue":"Binaural","RawValue":"Binaural","LocalValue":"Binaural","Description":"A headset is headphones combined with a microphone, or one headphone with a microphone. Headsets provide the equivalent functionality of a telephone handset but with hands-free operation. Types of headsets include single earpiece (monaural) and double earpiece.","Mandatory":"0","Searchable":"0","Optional":"0","Feature":{"ID":"8135","Sign":"","Measure":{"ID":"29","Sign":"","Signs":{"ID":"","_":"","Language":"EN"}},"Name":{"Value":"Headset type","Language":"EN"}}},{"Localized":0,"ID":508035543,"LocalID":0,"Type":"multi_dropdown","Value":"Black","CategoryFeatureId":"41175","CategoryFeatureGroupID":"10774","SortNo":"280","PresentationValue":"Black","RawValue":"Black","LocalValue":"Black","Description":"The colour e.g. red, blue, green, black, white.","Mandatory":"1","Searchable":"0","Optional":"0","Feature":{"ID":"1766","Sign":"","Measure":{"ID":"29","Sign":"","Signs":{"ID":"","_":"","Language":"EN"}},"Name":{"Value":"Product colour","Language":"EN"}}},{"Localized":0,"ID":508035609,"LocalID":0,"Type":"numerical","Value":"1.5","CategoryFeatureId":"42582","CategoryFeatureGroupID":"10774","SortNo":"270","PresentationValue":"1.5 m","RawValue":"1.5","LocalValue":"1.5","Description":"How long the cable is.","Mandatory":"0","Searchable":"0","Optional":"0","Feature":{"ID":"1266","Sign":"","Measure":{"ID":"54","Sign":"","Signs":{"ID":"37","_":"m","Language":"EN"}},"Name":{"Value":"Cable length","Language":"EN"}}},{"Localized":0,"ID":508035626,"LocalID":0,"Type":"dropdown","Value":"Black","CategoryFeatureId":"238759","CategoryFeatureGroupID":"10774","SortNo":"269","PresentationValue":"Black","RawValue":"Black","LocalValue":"Black","Description":"Colour of the cable e.g. white, gray.","Mandatory":"0","Searchable":"0","Optional":"0","Feature":{"ID":"1272","Sign":"","Measure":{"ID":"29","Sign":"","Signs":{"ID":"","_":"","Language":"EN"}},"Name":{"Value":"Cable colour","Language":"EN"}}},{"Localized":0,"ID":508035625,"LocalID":0,"Type":"y_n","Value":"Y","CategoryFeatureId":"320965","CategoryFeatureGroupID":"10774","SortNo":"264","PresentationValue":"Yes","RawValue":"Y","LocalValue":"Yes","Description":"","Mandatory":"0","Searchable":"0","Optional":"0","Feature":{"ID":"4142","Sign":"","Measure":{"ID":"26","Sign":"","Signs":{"ID":"","_":"","Language":"EN"}},"Name":{"Value":"Detachable cable","Language":"EN"}}},{"Localized":0,"ID":508035654,"LocalID":0,"Type":"y_n","Value":"Y","CategoryFeatureId":"75365","CategoryFeatureGroupID":"10774","SortNo":"240","PresentationValue":"Yes","RawValue":"Y","LocalValue":"Yes","Description":"Product has a built-in light source for its illuminating.","Mandatory":"0","Searchable":"0","Optional":"0","Feature":{"ID":"3709","Sign":"","Measure":{"ID":"26","Sign":"","Signs":{"ID":"","_":"","Language":"EN"}},"Name":{"Value":"Backlight","Language":"EN"}}},{"Localized":0,"ID":508035729,"LocalID":0,"Type":"dropdown","Value":"Red/Green/Blue","CategoryFeatureId":"75363","CategoryFeatureGroupID":"10774","SortNo":"238","PresentationValue":"Red/Green/Blue","RawValue":"Red/Green/Blue","LocalValue":"Red/Green/Blue","Description":"","Mandatory":"0","Searchable":"0","Optional":"0","Feature":{"ID":"2961","Sign":"","Measure":{"ID":"29","Sign":"","Signs":{"ID":"","_":"","Language":"EN"}},"Name":{"Value":"Backlight colour","Language":"EN"}}},{"Localized":0,"ID":508035830,"LocalID":0,"Type":"y_n","Value":"Y","CategoryFeatureId":"807729","CategoryFeatureGroupID":"10774","SortNo":"0","PresentationValue":"Yes","RawValue":"Y","LocalValue":"Yes","Description":"","Mandatory":"0","Searchable":"0","Optional":"0","Feature":{"ID":"28818","Sign":"","Measure":{"ID":"26","Sign":"","Signs":{"ID":"","_":"","Language":"EN"}},"Name":{"Value":"Adjustable headband","Language":"EN"}}}]},{"ID":6264,"SortNo":"40","FeatureGroup":{"ID":"12","Name":{"Value":"Ports & interfaces","Language":"EN"}},"Features":[{"Localized":0,"ID":508035843,"LocalID":0,"Type":"dropdown","Value":"Wired & Wireless","CategoryFeatureId":"155712","CategoryFeatureGroupID":"6264","SortNo":"298","PresentationValue":"Wired & Wireless","RawValue":"Wired & Wireless","LocalValue":"Wired & Wireless","Description":"The technology that enables connectivity of the device, e.g. wired or wireless.","Mandatory":"1","Searchable":"1","Optional":"0","Feature":{"ID":"1655","Sign":"","Measure":{"ID":"29","Sign":"","Signs":{"ID":"","_":"","Language":"EN"}},"Name":{"Value":"Connectivity technology","Language":"EN"}}},{"Localized":0,"ID":508035848,"LocalID":0,"Type":"y_n","Value":"Y","CategoryFeatureId":"199409","CategoryFeatureGroupID":"6264","SortNo":"290","PresentationValue":"Yes","RawValue":"Y","LocalValue":"Yes","Description":"","Mandatory":"0","Searchable":"0","Optional":"0","Feature":{"ID":"14760","Sign":"","Measure":{"ID":"26","Sign":"","Signs":{"ID":"","_":"","Language":"EN"}},"Name":{"Value":"3.5 mm connector","Language":"EN"}}},{"Localized":0,"ID":508035852,"LocalID":0,"Type":"y_n","Value":"Y","CategoryFeatureId":"199416","CategoryFeatureGroupID":"6264","SortNo":"288","PresentationValue":"Yes","RawValue":"Y","LocalValue":"Yes","Description":"The product has USB connector.","Mandatory":"0","Searchable":"0","Optional":"0","Feature":{"ID":"10496","Sign":"","Measure":{"ID":"26","Sign":"","Signs":{"ID":"","_":"","Language":"EN"}},"Name":{"Value":"USB connectivity","Language":"EN"}}},{"Localized":0,"ID":508035865,"LocalID":0,"Type":"y_n","Value":"Y","CategoryFeatureId":"199418","CategoryFeatureGroupID":"6264","SortNo":"286","PresentationValue":"Yes","RawValue":"Y","LocalValue":"Yes","Description":"Bluetooth is a low-power radio technology developed to replace the cables and wires currently used to link or connect electronic devices such as personal computers, printers, and a wide variety of handheld devices including mobile phones. Because it uses radio-wave connectivity, a Bluetooth-enabled device has a constant, established connection to whatever browser it uses. This saves the user the trouble of logging on to check for emails or news updates, for example.","Mandatory":"0","Searchable":"0","Optional":"0","Feature":{"ID":"2183","Sign":"","Measure":{"ID":"26","Sign":"","Signs":{"ID":"","_":"","Language":"EN"}},"Name":{"Value":"Bluetooth","Language":"EN"}}},{"Localized":0,"ID":508035882,"LocalID":0,"Type":"dropdown","Value":"5.2","CategoryFeatureId":"43224","CategoryFeatureGroupID":"6264","SortNo":"285","PresentationValue":"5.2","RawValue":"5.2","LocalValue":"5.2","Description":"The type of bluetooth technology in the product e.g. Bluetooth Smart (v4.0).","Mandatory":"0","Searchable":"0","Optional":"0","Feature":{"ID":"1208","Sign":"","Measure":{"ID":"29","Sign":"","Signs":{"ID":"","_":"","Language":"EN"}},"Name":{"Value":"Bluetooth version","Language":"EN"}}},{"Localized":0,"ID":508035890,"LocalID":0,"Type":"alphanumeric","Value":"2.4","CategoryFeatureId":"41176","CategoryFeatureGroupID":"6264","SortNo":"8","PresentationValue":"2.4 GHz","RawValue":"2.4","LocalValue":"2.4","Description":"A small section of the spectrum of radio communication frequencies, in which channels are usually used or set aside for the same purpose e.g.for a channel on FM radio; for mobile networks to communicate with mobile phones.","Mandatory":"0","Searchable":"0","Optional":"0","Feature":{"ID":"1769","Sign":"","Measure":{"ID":"37","Sign":"","Signs":{"ID":"21","_":"GHz","Language":"EN"}},"Name":{"Value":"Frequency band","Language":"EN"}}},{"Localized":0,"ID":508035904,"LocalID":0,"Type":"range","Value":"20 - 20000","CategoryFeatureId":"801347","CategoryFeatureGroupID":"6264","SortNo":"8","PresentationValue":"20 - 20000 Hz","RawValue":"20 - 20000","LocalValue":"20 - 20000","Description":"","Mandatory":"0","Searchable":"0","Optional":"0","Feature":{"ID":"44083","Sign":"","Measure":{"ID":"36","Sign":"","Signs":{"ID":"20","_":"Hz","Language":"EN"}},"Name":{"Value":"Frequency response (music mode)","Language":"EN"}}}]},{"ID":5109,"SortNo":"30","FeatureGroup":{"ID":"71","Name":{"Value":"Headphones","Language":"EN"}},"Features":[{"Localized":0,"ID":508035937,"LocalID":0,"Type":"numerical","Value":"20","CategoryFeatureId":"117604","CategoryFeatureGroupID":"5109","SortNo":"400","PresentationValue":"20 mW","RawValue":"20","LocalValue":"20","Description":"","Mandatory":"0","Searchable":"0","Optional":"0","Feature":{"ID":"9716","Sign":"","Measure":{"ID":"135","Sign":"","Signs":{"ID":"116","_":"mW","Language":"EN"}},"Name":{"Value":"Maximum input power","Language":"EN"}}},{"Localized":0,"ID":508035945,"LocalID":0,"Type":"dropdown","Value":"Circumaural","CategoryFeatureId":"42691","CategoryFeatureGroupID":"5109","SortNo":"50","PresentationValue":"Circumaural","RawValue":"Circumaural","LocalValue":"Circumaural","Description":"Ear coupling describes the way in which headphones or earphones stay attached to, or inside, the ear. There are three common types of ear coupling: circumaural, supra-aural and intra-aural. Circumaural headphones enclose your ears with large pads that suppress external noise. Supra-aural headphones are typically more lightweight and sit on top of the ears with small pads. Intra-aural headphones come in two basic designs and neither style sits on the head itself. The first are ear buds, which sit just outside of the ear canal, on top of your ear lobes. The second type is actually inserted directly into the ear canal and offers some external noise suppression.","Mandatory":"1","Searchable":"0","Optional":"0","Feature":{"ID":"2527","Sign":"","Measure":{"ID":"29","Sign":"","Signs":{"ID":"","_":"","Language":"EN"}},"Name":{"Value":"Ear coupling","Language":"EN"}}},{"Localized":0,"ID":508035955,"LocalID":0,"Type":"dropdown","Value":"Closed","CategoryFeatureId":"43220","CategoryFeatureGroupID":"5109","SortNo":"48","PresentationValue":"Closed","RawValue":"Closed","LocalValue":"Closed","Description":"","Mandatory":"0","Searchable":"0","Optional":"0","Feature":{"ID":"5118","Sign":"","Measure":{"ID":"29","Sign":"","Signs":{"ID":"","_":"","Language":"EN"}},"Name":{"Value":"Acoustic system","Language":"EN"}}},{"Localized":0,"ID":508035956,"LocalID":0,"Type":"range","Value":"20 - 20000","CategoryFeatureId":"41166","CategoryFeatureGroupID":"5109","SortNo":"47","PresentationValue":"20 - 20000 Hz","RawValue":"20 - 20000","LocalValue":"20 - 20000","Description":"The range of frequencies (low to high sounds) that the headphones can produce.","Mandatory":"0","Searchable":"0","Optional":"0","Feature":{"ID":"1887","Sign":"","Measure":{"ID":"36","Sign":"","Signs":{"ID":"20","_":"Hz","Language":"EN"}},"Name":{"Value":"Headphone frequency","Language":"EN"}}},{"Localized":0,"ID":508035957,"LocalID":0,"Type":"numerical","Value":"32","CategoryFeatureId":"41163","CategoryFeatureGroupID":"5109","SortNo":"43","PresentationValue":"32 Ω","RawValue":"32","LocalValue":"32","Description":"The effective resistance of an electric circuit or component to alternating current, arising from the combined effects of ohmic resistance and reactance.","Mandatory":"0","Searchable":"0","Optional":"0","Feature":{"ID":"1889","Sign":"","Measure":{"ID":"87","Sign":"","Signs":{"ID":"69","_":"Ω","Language":"EN"}},"Name":{"Value":"Impedance","Language":"EN"}}},{"Localized":0,"ID":508035974,"LocalID":0,"Type":"numerical","Value":"101","CategoryFeatureId":"41165","CategoryFeatureGroupID":"5109","SortNo":"40","PresentationValue":"101 dB","RawValue":"101","LocalValue":"101","Description":"","Mandatory":"0","Searchable":"0","Optional":"0","Feature":{"ID":"1888","Sign":"","Measure":{"ID":"76","Sign":"","Signs":{"ID":"59","_":"dB","Language":"EN"}},"Name":{"Value":"Headphone sensitivity","Language":"EN"}}},{"Localized":0,"ID":508035978,"LocalID":0,"Type":"dropdown","Value":"Neodymium","CategoryFeatureId":"41174","CategoryFeatureGroupID":"5109","SortNo":"34","PresentationValue":"Neodymium","RawValue":"Neodymium","LocalValue":"Neodymium","Description":"Type of magnet e.g. neodymium.","Mandatory":"0","Searchable":"0","Optional":"0","Feature":{"ID":"2380","Sign":"","Measure":{"ID":"29","Sign":"","Signs":{"ID":"","_":"","Language":"EN"}},"Name":{"Value":"Magnet type","Language":"EN"}}},{"Localized":0,"ID":508035979,"LocalID":0,"Type":"numerical","Value":"50","CategoryFeatureId":"41164","CategoryFeatureGroupID":"5109","SortNo":"30","PresentationValue":"5 cm","RawValue":"50","LocalValue":"5","Description":"","Mandatory":"0","Searchable":"0","Optional":"0","Feature":{"ID":"2379","Sign":"","Measure":{"ID":"24","Sign":"","Signs":{"ID":"3","_":"mm","Language":"EN"}},"Name":{"Value":"Driver unit","Language":"EN"}}},{"Localized":0,"ID":508035980,"LocalID":0,"Type":"dropdown","Value":"Dynamic","CategoryFeatureId":"80528","CategoryFeatureGroupID":"5109","SortNo":"30","PresentationValue":"Dynamic","RawValue":"Dynamic","LocalValue":"Dynamic","Description":"","Mandatory":"0","Searchable":"0","Optional":"0","Feature":{"ID":"8157","Sign":"","Measure":{"ID":"29","Sign":"","Signs":{"ID":"","_":"","Language":"EN"}},"Name":{"Value":"Driver type","Language":"EN"}}}]},{"ID":5110,"SortNo":"28","FeatureGroup":{"ID":"70","Name":{"Value":"Microphone","Language":"EN"}},"Features":[{"Localized":0,"ID":508036138,"LocalID":0,"Type":"dropdown","Value":"Boom microphone","CategoryFeatureId":"320987","CategoryFeatureGroupID":"5110","SortNo":"297","PresentationValue":"Boom","RawValue":"Boom microphone","LocalValue":"Boom","Description":"The characteristics of the microphone bulit into the device in terms of the reception of signals from all or just one direction, i.e. omnidirectional (better for concerts and the like vs unidirectional, more suitable for voice recording.","Mandatory":"1","Searchable":"1","Optional":"0","Feature":{"ID":"15803","Sign":"","Measure":{"ID":"29","Sign":"","Signs":{"ID":"","_":"","Language":"EN"}},"Name":{"Value":"Microphone type","Language":"EN"}}},{"Localized":0,"ID":508036156,"LocalID":0,"Type":"dropdown","Value":"Unidirectional microphone","CategoryFeatureId":"109186","CategoryFeatureGroupID":"5110","SortNo":"0","PresentationValue":"Unidirectional","RawValue":"Unidirectional microphone","LocalValue":"Unidirectional","Description":"","Mandatory":"0","Searchable":"0","Optional":"0","Feature":{"ID":"2458","Sign":"","Measure":{"ID":"29","Sign":"","Signs":{"ID":"","_":"","Language":"EN"}},"Name":{"Value":"Microphone direction type","Language":"EN"}}},{"Localized":0,"ID":508036154,"LocalID":0,"Type":"y_n","Value":"Y","CategoryFeatureId":"175486","CategoryFeatureGroupID":"5110","SortNo":"0","PresentationValue":"Yes","RawValue":"Y","LocalValue":"Yes","Description":"","Mandatory":"0","Searchable":"0","Optional":"0","Feature":{"ID":"27576","Sign":"","Measure":{"ID":"26","Sign":"","Signs":{"ID":"","_":"","Language":"EN"}},"Name":{"Value":"Detachable microphone","Language":"EN"}}},{"Localized":0,"ID":508036157,"LocalID":0,"Type":"numerical","Value":"1","CategoryFeatureId":"321124","CategoryFeatureGroupID":"5110","SortNo":"0","PresentationValue":"1","RawValue":"1","LocalValue":"1","Description":"","Mandatory":"0","Searchable":"0","Optional":"0","Feature":{"ID":"7252","Sign":"","Measure":{"ID":"29","Sign":"","Signs":{"ID":"","_":"","Language":"EN"}},"Name":{"Value":"Number of microphones","Language":"EN"}}}]},{"ID":6263,"SortNo":"24","FeatureGroup":{"ID":"143","Name":{"Value":"Battery","Language":"EN"}},"Features":[{"Localized":0,"ID":508036182,"LocalID":0,"Type":"numerical","Value":"45","CategoryFeatureId":"43233","CategoryFeatureGroupID":"6263","SortNo":"13","PresentationValue":"45 h","RawValue":"45","LocalValue":"45","Description":"Number of hours on average for continuous play. This is dependent on the device battery capacity.","Mandatory":"0","Searchable":"0","Optional":"0","Feature":{"ID":"2169","Sign":"","Measure":{"ID":"46","Sign":"","Signs":{"ID":"30","_":"h","Language":"EN"}},"Name":{"Value":"Continuous audio playback time","Language":"EN"}}}]},{"ID":5112,"SortNo":"8","FeatureGroup":{"ID":"14","Name":{"Value":"Weight & dimensions","Language":"EN"}},"Features":[{"Localized":0,"ID":508036283,"LocalID":0,"Type":"numerical","Value":"190","CategoryFeatureId":"43302","CategoryFeatureGroupID":"5112","SortNo":"50","PresentationValue":"190 mm","RawValue":"190","LocalValue":"190","Description":"The measurement or extent of something from side to side.","Mandatory":"0","Searchable":"0","Optional":"0","Feature":{"ID":"1649","Sign":"","Measure":{"ID":"24","Sign":"","Signs":{"ID":"3","_":"mm","Language":"EN"}},"Name":{"Value":"Width","Language":"EN"}}},{"Localized":0,"ID":508036284,"LocalID":0,"Type":"numerical","Value":"82","CategoryFeatureId":"43235","CategoryFeatureGroupID":"5112","SortNo":"49","PresentationValue":"82 mm","RawValue":"82","LocalValue":"82","Description":"The distance from the front to the back of something.","Mandatory":"0","Searchable":"0","Optional":"0","Feature":{"ID":"1650","Sign":"","Measure":{"ID":"24","Sign":"","Signs":{"ID":"3","_":"mm","Language":"EN"}},"Name":{"Value":"Depth","Language":"EN"}}},{"Localized":0,"ID":508036285,"LocalID":0,"Type":"numerical","Value":"222","CategoryFeatureId":"43257","CategoryFeatureGroupID":"5112","SortNo":"48","PresentationValue":"222 mm","RawValue":"222","LocalValue":"222","Description":"The measurement of the product from head to foot or from base to top.","Mandatory":"0","Searchable":"0","Optional":"0","Feature":{"ID":"1464","Sign":"","Measure":{"ID":"24","Sign":"","Signs":{"ID":"3","_":"mm","Language":"EN"}},"Name":{"Value":"Height","Language":"EN"}}},{"Localized":0,"ID":835246424,"LocalID":0,"Type":"numerical","Value":"375","CategoryFeatureId":"41172","CategoryFeatureGroupID":"5112","SortNo":"47","PresentationValue":"375 g","RawValue":"375","LocalValue":"375","Description":"Weight of the product without packaging (net weight). If possible, the net weight is given including standard accessories and supplies. Please note that sometimes the manufacturer leaves out the weight of accessories and/or supplies.","Mandatory":"0","Searchable":"0","Optional":"0","Feature":{"ID":"94","Sign":"","Measure":{"ID":"38","Sign":"","Signs":{"ID":"22","_":"g","Language":"EN"}},"Name":{"Value":"Weight","Language":"EN"}}}]},{"ID":5225,"SortNo":"7","FeatureGroup":{"ID":"67","Name":{"Value":"Packaging data","Language":"EN"}},"Features":[{"Localized":0,"ID":508035549,"LocalID":0,"Type":"numerical","Value":"225","CategoryFeatureId":"43281","CategoryFeatureGroupID":"5225","SortNo":"-11","PresentationValue":"225 mm","RawValue":"225","LocalValue":"225","Description":"The distance from one side of the packaging to the other.","Mandatory":"0","Searchable":"0","Optional":"0","Feature":{"ID":"3808","Sign":"","Measure":{"ID":"24","Sign":"","Signs":{"ID":"3","_":"mm","Language":"EN"}},"Name":{"Value":"Package width","Language":"EN"}}},{"Localized":0,"ID":508035545,"LocalID":0,"Type":"numerical","Value":"108","CategoryFeatureId":"43275","CategoryFeatureGroupID":"5225","SortNo":"-12","PresentationValue":"108 mm","RawValue":"108","LocalValue":"108","Description":"The distance from the front to the back of the packaging.","Mandatory":"0","Searchable":"0","Optional":"0","Feature":{"ID":"3806","Sign":"","Measure":{"ID":"24","Sign":"","Signs":{"ID":"3","_":"mm","Language":"EN"}},"Name":{"Value":"Package depth","Language":"EN"}}},{"Localized":0,"ID":508035544,"LocalID":0,"Type":"numerical","Value":"245","CategoryFeatureId":"43276","CategoryFeatureGroupID":"5225","SortNo":"-13","PresentationValue":"245 mm","RawValue":"245","LocalValue":"245","Description":"The distance from the top to the bottom of the packaging.","Mandatory":"0","Searchable":"0","Optional":"0","Feature":{"ID":"3807","Sign":"","Measure":{"ID":"24","Sign":"","Signs":{"ID":"3","_":"mm","Language":"EN"}},"Name":{"Value":"Package height","Language":"EN"}}},{"Localized":0,"ID":508035548,"LocalID":0,"Type":"dropdown","Value":"Box","CategoryFeatureId":"43280","CategoryFeatureGroupID":"5225","SortNo":"-50","PresentationValue":"Box","RawValue":"Box","LocalValue":"Box","Description":"The type of product package e.g. box.","Mandatory":"0","Searchable":"0","Optional":"0","Feature":{"ID":"4463","Sign":"","Measure":{"ID":"29","Sign":"","Signs":{"ID":"","_":"","Language":"EN"}},"Name":{"Value":"Package type","Language":"EN"}}}]},{"ID":12861,"SortNo":"6","FeatureGroup":{"ID":"116","Name":{"Value":"Packaging content","Language":"EN"}},"Features":[{"Localized":0,"ID":835246473,"LocalID":0,"Type":"y_n","Value":"Y","CategoryFeatureId":"48597","CategoryFeatureGroupID":"12861","SortNo":"12","PresentationValue":"Yes","RawValue":"Y","LocalValue":"Yes","Description":"Instructions, either online, as a computer program or in paper form, to allow you to set up and start using the product quickly.","Mandatory":"0","Searchable":"0","Optional":"0","Feature":{"ID":"3981","Sign":"","Measure":{"ID":"26","Sign":"","Signs":{"ID":"","_":"","Language":"EN"}},"Name":{"Value":"Quick start guide","Language":"EN"}}},{"Localized":0,"ID":835246497,"LocalID":0,"Type":"y_n","Value":"Y","CategoryFeatureId":"109184","CategoryFeatureGroupID":"12861","SortNo":"10","PresentationValue":"Yes","RawValue":"Y","LocalValue":"Yes","Description":"The product includes a receiver, which is a device for picking up an external signal.","Mandatory":"0","Searchable":"0","Optional":"0","Feature":{"ID":"8418","Sign":"","Measure":{"ID":"26","Sign":"","Signs":{"ID":"","_":"","Language":"EN"}},"Name":{"Value":"Receiver included","Language":"EN"}}},{"Localized":0,"ID":835246636,"LocalID":0,"Type":"dropdown","Value":"USB Type-A","CategoryFeatureId":"109185","CategoryFeatureGroupID":"12861","SortNo":"10","PresentationValue":"USB Type-A","RawValue":"USB Type-A","LocalValue":"USB Type-A","Description":"","Mandatory":"0","Searchable":"0","Optional":"0","Feature":{"ID":"8416","Sign":"","Measure":{"ID":"29","Sign":"","Signs":{"ID":"","_":"","Language":"EN"}},"Name":{"Value":"Wireless receiver interface","Language":"EN"}}},{"Localized":0,"ID":508036303,"LocalID":0,"Type":"multi_dropdown","Value":"Audio (3.5mm),USB","CategoryFeatureId":"48600","CategoryFeatureGroupID":"12861","SortNo":"0","PresentationValue":"Audio (3.5mm), USB","RawValue":"Audio (3.5mm),USB","LocalValue":"Audio (3.5mm), USB","Description":"","Mandatory":"0","Searchable":"0","Optional":"0","Feature":{"ID":"1830","Sign":"","Measure":{"ID":"29","Sign":"","Signs":{"ID":"","_":"","Language":"EN"}},"Name":{"Value":"Cables included","Language":"EN"}}},{"Localized":0,"ID":835245718,"LocalID":0,"Type":"numerical","Value":"1","CategoryFeatureId":"82142","CategoryFeatureGroupID":"12861","SortNo":"-5","PresentationValue":"1","RawValue":"1","LocalValue":"1","Description":"The number of products there are.","Mandatory":"0","Searchable":"0","Optional":"0","Feature":{"ID":"1675","Sign":"","Measure":{"ID":"29","Sign":"","Signs":{"ID":"","_":"","Language":"EN"}},"Name":{"Value":"Quantity","Language":"EN"}}}]},{"ID":17998,"SortNo":"3","FeatureGroup":{"ID":"198","Name":{"Value":"Logistics data","Language":"EN"}},"Features":[{"Localized":0,"ID":508035547,"LocalID":0,"Type":"numerical","Value":"1","CategoryFeatureId":"657971","CategoryFeatureGroupID":"17998","SortNo":"0","PresentationValue":"1 pc(s)","RawValue":"1","LocalValue":"1","Description":"","Mandatory":"0","Searchable":"0","Optional":"1","Feature":{"ID":"20228","Sign":"","Measure":{"ID":"144","Sign":"","Signs":{"ID":"125","_":"pc(s)","Language":"EN"}},"Name":{"Value":"Quantity per pack","Language":"EN"}}},{"Localized":0,"ID":508035541,"LocalID":0,"Type":"numerical","Value":"3","CategoryFeatureId":"165884","CategoryFeatureGroupID":"17998","SortNo":"-55","PresentationValue":"3 pc(s)","RawValue":"3","LocalValue":"3","Description":"","Mandatory":"0","Searchable":"0","Optional":"0","Feature":{"ID":"22659","Sign":"","Measure":{"ID":"144","Sign":"","Signs":{"ID":"125","_":"pc(s)","Language":"EN"}},"Name":{"Value":"Products per master (outer) case","Language":"EN"}}},{"Localized":0,"ID":508035542,"LocalID":0,"Type":"alphanumeric","Value":"14895229127002","CategoryFeatureId":"165885","CategoryFeatureGroupID":"17998","SortNo":"-56","PresentationValue":"14895229127002","RawValue":"14895229127002","LocalValue":"14895229127002","Description":"","Mandatory":"0","Searchable":"0","Optional":"1","Feature":{"ID":"23056","Sign":"","Measure":{"ID":"29","Sign":"","Signs":{"ID":"","_":"","Language":"EN"}},"Name":{"Value":"Master (outer) case GTIN (EAN/UPC)","Language":"EN"}}},{"Localized":0,"ID":508035540,"LocalID":0,"Type":"numerical","Value":"1","CategoryFeatureId":"194718","CategoryFeatureGroupID":"17998","SortNo":"-67","PresentationValue":"1 pc(s)","RawValue":"1","LocalValue":"1","Description":"","Mandatory":"0","Searchable":"0","Optional":"0","Feature":{"ID":"22664","Sign":"","Measure":{"ID":"144","Sign":"","Signs":{"ID":"125","_":"pc(s)","Language":"EN"}},"Name":{"Value":"Products per shipping (inner) case","Language":"EN"}}},{"Localized":0,"ID":508056700,"LocalID":0,"Type":"alphanumeric","Value":"24895229127009","CategoryFeatureId":"216662","CategoryFeatureGroupID":"17998","SortNo":"-68","PresentationValue":"24895229127009","RawValue":"24895229127009","LocalValue":"24895229127009","Description":"","Mandatory":"0","Searchable":"0","Optional":"1","Feature":{"ID":"23048","Sign":"","Measure":{"ID":"29","Sign":"","Signs":{"ID":"","_":"","Language":"EN"}},"Name":{"Value":"Shipping (inner) case GTIN (EAN/UPC)","Language":"EN"}}}]},{"ID":6259,"SortNo":"-100","FeatureGroup":{"ID":"146","Name":{"Value":"Other features","Language":"EN"}},"Features":[{"Localized":0,"ID":508035546,"LocalID":0,"Type":"alphanumeric","Value":"4895229127005","CategoryFeatureId":"43240","CategoryFeatureGroupID":"6259","SortNo":"0","PresentationValue":"4895229127005","RawValue":"4895229127005","LocalValue":"4895229127005","Description":"","Mandatory":"0","Searchable":"0","Optional":"1","Feature":{"ID":"4936","Sign":"","Measure":{"ID":"29","Sign":"","Signs":{"ID":"","_":"","Language":"EN"}},"Name":{"Value":"EAN/UPC/GTIN (packaging)","Language":"EN"}}}]}],"FeatureLogos":[],"ReasonsToBuy":[{"ReasonToBuyID":"74886065","Value":"Philips Precision Centre (P-Centre) software provides the audio diver and lets you customise your device. Please download it from \"Software & drivers\" by clicking the link \"Get support for this product\"","HighPic":"https://images.icecat.biz/img/bullets/103215348-652bc469900f2794364324.jpg","HighPicSize":"0","No":"33","Title":"Philips Precision Centre (P-Centre) software","Language":"EN","Updated":"2024-06-04 09:57:00","Origin":"RTB","IsPrivate":"0"},{"ReasonToBuyID":"74886137","Value":"Professional-grade 2.4 G wireless technology delivers dependable, lossless audio with ultra-low latency for gaming","HighPic":"https://images.icecat.biz/img/bullets/103215348-652bc4747d805362136187.jpg","HighPicSize":"0","No":"34","Title":"2.4 G wireless delivers dependable, lossless gaming audio","Language":"EN","Updated":"2025-06-15 08:54:08","Origin":"RTB","IsPrivate":"0"},{"ReasonToBuyID":"74886090","Value":"DTS Headphone: X 2.0 technology features 7.1 surround sound, the optimal spatial imaging for complete 360 degree immersion could help you survive and thrive in games.","HighPic":"https://images.icecat.biz/img/bullets/103215348-652bc46e420aa046692145.jpg","HighPicSize":"0","No":"35","Title":"DTS Headphone: X 2.0 technology features 7.1 surround sound","Language":"EN","Updated":"2025-06-15 08:54:08","Origin":"RTB","IsPrivate":"0"},{"ReasonToBuyID":"74886074","Value":"50 mm neodymium magnets drivers, with closed-back design, tuned by professional acoustic engineers, delivers a wide frequency range and rich accurate sound for gaming","HighPic":"https://images.icecat.biz/img/bullets/103215348-652bc46b6bf12227011512.jpg","HighPicSize":"0","No":"36","Title":"50 mm drivers, closed-back, tuned for gaming","Language":"EN","Updated":"2025-06-15 08:54:08","Origin":"RTB","IsPrivate":"0"},{"ReasonToBuyID":"74886178","Value":"Fascinating LED lighting creates more cooling atmosphere in your gaming world by providing RED, GREEN and BLUE colours, and Heartbeat LED lighting","HighPic":"https://images.icecat.biz/img/bullets/103215348-652bc4795683d483683890.jpg","HighPicSize":"0","No":"37","Title":"Fascinating LED lighting creates more fun for gaming","Language":"EN","Updated":"2025-06-15 08:54:08","Origin":"RTB","IsPrivate":"0"},{"ReasonToBuyID":"74886104","Value":"2.4 G and Bluetooth 5.2 dual wireless system, together with a 3.5 mm wired connection, ensure multi-platform compatibility with PC, Mac, Xbox, PlayStation, Nintendo Switch and mobile devices","HighPic":"https://images.icecat.biz/img/bullets/103215348-652bc47038582116424042.jpg","HighPicSize":"0","No":"38","Title":"2.4 G + BT5.2 + 3.5 mm ensure multi-platform compatibility","Language":"EN","Updated":"2025-06-15 08:54:08","Origin":"RTB","IsPrivate":"0"},{"ReasonToBuyID":"74886122","Value":"Bluetooth 5.2 can help you connect your gaming headset with many gaming devices integrated with Bluetooth technology, and you can answer calls or listen to music by streaming","HighPic":"https://images.icecat.biz/img/bullets/103215348-652bc4720298a963686743.jpg","HighPicSize":"0","No":"39","Title":"Bluetooth 5.2 can connect many devices with Bluetooth","Language":"EN","Updated":"2025-06-15 08:54:08","Origin":"RTB","IsPrivate":"0"},{"ReasonToBuyID":"74886160","Value":"Ultra-long battery life(more than 45 hours with LED lighting off) gives you continuous gaming sessions without any disruption","HighPic":"https://images.icecat.biz/img/bullets/103215348-652bc476c8dd1591922846.jpg","HighPicSize":"0","No":"40","Title":"Ultra-long battery life (more than 45 hours with LED off)","Language":"EN","Updated":"2025-06-15 08:54:08","Origin":"RTB","IsPrivate":"0"}],"Reviews":[],"ProductRelated":[],"CatalogObjectCloud":{"ProductPage":{"QRCodeURL":"https://qr.icecat.biz/coc/5eaeb794-84ea-489c-917a-86c9f9bed6bc","URL":"https://coc.icecat.biz/5eaeb794-84ea-489c-917a-86c9f9bed6bc"}},"Variants":[],"ProductStory":[{"ID":"C606C224-F0C3-41F4-9471-65024FBF62C8","URL":"https://live-html.icecat.biz/df8aa75f4f5211973a9f5aa74572de02/index.html","Type":"ProductStory","ContentType":"application/zip","KeepAsUrl":"0","Description":"ProductStory","Size":"2747","IsPrivate":"0","Updated":"2025-09-09 13:44:35","Language":"EN","IsVideo":0}],"Dictionary":{"model_name":"Product name","desc":"Description","ean_code":"EAN/UPC code","flash360":"3D tour","demo_msg_part3":"If you don't have an Icecat account, please register here for free.","repairability_index":"Repairability index","zoom_panel_init":"Original size","cat_name":"Category","product_family":"Product family","back_to_top":"Back to top","zoom_panel_out":"Zoom out","specs":"Specs","eu_product_fiche":"EU Product Fiche","reviews_head_name":"Reviews","pdf_specs":"Product Brochure","zoom_panel_in":"Zoom in","html_content":"","release_date":"Release date","demo_msg_part1":"You are using now a Demo account. Please, use your own Icecat account","demo_insert_desc":"This is a demo of a seamless insert of an Icecat LIVE product data-sheet in your website. Imagine that this responsive data-sheet is included in the product page of your webshop.","pdf_url":"User manual","prod_code":"Product code","supplier_name":"Brand","video":"Video","reasons_to_buy":"Reasons to buy","marketing_text":"Description","options_head_name":"Options","product_series":"Product series","demo_msg_part2":"your Icecat login name","link_integrate_desk":"How to integrate Icecat LIVE JavaScript.","zoom_panel_dragg":"Mouse dragging","eu_energy_label":"EU Energy Label"},"DemoAccount":true}}