{"msg":"OK","data":{"GeneralInfo":{"IcecatId":116603471,"ReleaseDate":"","EndOfLifeDate":"","Title":"Lenovo Tab M11 Mediatek 128 GB 27.9 cm (11\") 4 GB Wi-Fi 5 (802.11ac) Android 13 Grey","TitleInfo":{"GeneratedIntTitle":"Lenovo Tab M11","GeneratedLocalTitle":{"Value":"Lenovo Tab M11 Mediatek 128 GB 27.9 cm (11\") 4 GB Wi-Fi 5 (802.11ac) Android 13 Grey","Language":"EN"},"BrandLocalTitle":{"Value":"","Language":"EN"}},"Brand":"Lenovo","BrandID":"728","BrandLogo":"https://images.icecat.biz/img/brand/thumb/728_f3df8e9ab56b4e5ab0f5e00aa8eddb77.jpg","BrandInfo":{"BrandName":"Lenovo","BrandLocalName":"","BrandLogo":"https://images.icecat.biz/img/brand/thumb/728_f3df8e9ab56b4e5ab0f5e00aa8eddb77.jpg"},"ProductName":"Tab M11","ProductNameInfo":{"ProductIntName":"Tab M11","ProductLocalName":{"Value":"","Language":"EN"}},"BrandPartCode":"ZADA0134SE","GTIN":["0197532685215","197532685215"],"Category":{"CategoryID":"897","Name":{"Value":"Tablets","Language":"EN"}},"ProductFamily":{"ProductFamilyID":"74186","Value":"Tab","Language":"EN"},"ProductSeries":{"SeriesID":"1"},"Description":{"ID":"93106046","LongDesc":"<b>Vivid play</b><br>Unlock a world of cinematic brilliance on the Lenovo Tab M11 tablet. Discover ultra-crisp streaming on an 11″ display*, and with quad speakers optimized by Dolby Atmos, young minds can explore immersive audio landscapes.*Measured diagonally, Lenovo Tab M11’s screen size is 11″ in the full rectangle without accounting for the rounded corners. Actual viewable area is less due to rounded corners.<br><br><b>Up to speed</b><br>Give the gift of superior performance with the Lenovo Tab M11 tablet’s MediaTek G88 octa-core processor. Designed for curious and fast-paced minds, this device exceeds expectations with smooth gaming, seamless multitasking, and fluid streaming with plenty of memory and storage.<br><br><b>All-day power</b><br>All-day fun awaits with the long-lasting battery of the Lenovo Tab M11 tablet. Focus on me-time while your little one enjoys uninterrupted tablet entertainment with up to 10 hours of video playback.<br><br><b>Learn smarter: write, create, explore</b><br>Unlock smarter learning for young minds on the Tab M11 tablet with the optional Lenovo Tab Pen. Featuring 4,096 pressure sensitivity levels, tilt support, and a long-lasting replaceable battery, it’s easy to take notes, doodle, and more. Apps like Nebo, MyScript® Calculator 2, and WPS offer tons of possibilities.<br><br><b>Accelerated learning</b><br>With the Lenovo Tab M11 tablet, students can learn more and do more in less time. Split screens side by side and multi-windows allow learning to become seamless and engaging.<br><br><b>Immersive reading</b><br>Dive into the story on the Tab M11 tablet with Lenovo’s Immersive Reading Mode featuring ambient music. Emulating a book’s color matrix with chromatic and mono modes, Immersive Reading gives students a welcome break from intensive studying. Plus, with a TÜV eye care-certified display, reading can continue for hours while safeguarding the eyes.<br><br><b>Search what you see with Google Lens</b><br>Google Lens lets you search what you see, get stuff done faster, and interact with the world around you. Translate text, get help with homework, or quickly identify products, plants, and places.<br><br><b>Learn through the cameras</b><br>The Lenovo Tab M11 tablet’s camera makes document capturing a breeze thanks to the smart scanner, which instantly converts and rectifies pictures into PDF documents in just a few clicks.<br><br><b>Seamless collaboration</b><br>Supercharge learning sessions by integrating your PC with the Tab M11 tablet via Lenovo Freestyle. Turn your tablet into an external monitor with the Tab M11 becoming a second screen or writing pad. Plus, Lenovo Freestyle enables file transfers between tablet and Windows PC. <br><br><b>Safe, secured, & up to date</b><br>You don’t have to worry about privacy with the Lenovo Tab M11 tablet. Enhance digital security with the Privacy Dashboard, featuring camera and microphone indicators. Easily manage privacy permissions and stay informed when the devices are active for a greater peace of mind. Plus, you’ll enjoy Android 14 and Android 15 OS upgrades, along with security patches until January 2028.<br><br><b>Help your kids discover, create, & grow</b><br>Google Kids space on Lenovo tablets helps children discover, create, & grow with a library of quality content, and recommendations for kids to explore their latest fascinations in new and engaging ways. Guide your child’s experience by managing content and setting screen time limits from your own device with parental controls in the Family Link app.<br><br><b>Where style meets durability</b><br>The Lenovo Tab M11 tablet features an upscale, durable design, with a sleek dual-tone look. Boasting water and dust-resistant properties, this tablet is built to survive any student’s backpack. Its thin and lightweight structure ensures easy portability, while adding a touch of upscale aesthetic to any study arsenal.","LongProductName":"MediaTek Helio G88 (8C, 2x A75 @2.0GHz + 6x A55 @1.8GHz), 4GB LPDDR4x, 128GB eMMC 5.1, 11\" WUXGA (1920x1200) IPS 400nits Anti-fingerprint 72% NTSC 90Hz Touch, Arm Mali-G52 MC2 GPU, Wi-Fi 5 802.11ac 1x1 + BT5.1, Front 8.0MP / Rear 8.0MP, Android 13 or Later","MiddleDesc":"","Disclaimer":"","ManualPDFURL":"https://objects.icecat.biz/objects/mmo_116603471_1708344027_9177_3390.pdf","ManualPDFSize":"631266","LeafletPDFURL":"https://objects.icecat.biz/objects/mmo_116603471_1746367052_4352_1373383.pdf","PDFSize":"11925197","URL":"https://www.lenovo.com/","WarrantyInfo":"","Updated":"2025-09-08 21:34:29","Language":"EN"},"SummaryDescription":{"ShortSummaryDescription":"Lenovo Tab M11, 27.9 cm (11\"), 1920 x 1200 pixels, 128 GB, 4 GB, Android 13, Grey","LongSummaryDescription":"Lenovo Tab M11. Display diagonal: 27.9 cm (11\"), Display resolution: 1920 x 1200 pixels. Internal storage capacity: 128 GB. Processor family: Mediatek, Processor model: Helio G88. Internal memory: 4 GB. Rear camera resolution (numeric): 8 MP, Rear camera type: Single camera, Front camera resolution (numeric): 8 MP, Front camera. Top Wi-Fi standard: Wi-Fi 5 (802.11ac). Card reader integrated. Weight: 465 g. Operating system installed: Android 13. Product colour: Grey"},"BulletPoints":{"BulletPointsId":"8735929","Language":"EN","Values":["Ultra-sharp 1080p streaming on an 11″ display","Immersive sound with Dolby Atmos-enhanced speakers","Includes tab Pen for drawing, note-taking, & more","Octa-core processor for smooth gaming & multitasking"],"Updated":"2025-09-08 21:32:49"},"GeneratedBulletPoints":{"Language":"EN","Values":["Slate Mobile tablet Grey","27.9 cm (11\") 1920 x 1200 pixels IPS","Mediatek Helio G88","128 GB eMMC Card reader integrated","Single camera 8 MP Front camera 8 MP","Wi-Fi 5 (802.11ac) Bluetooth 5.1","Lithium-Ion (Li-Ion) 7040 mAh","Android 13"]},"GTINs":[{"GTIN":"0197532685215","IsApproved":true},{"GTIN":"197532685215","IsApproved":true}]},"Image":{"HighPic":"https://images.icecat.biz/img/gallery/ab7a5a579bf40289fcac1335904263069e38cf9c.jpg","HighPicSize":"837096","HighPicHeight":"2000","HighPicWidth":"2000","LowPic":"https://images.icecat.biz/img/gallery_lows/64795ab20d11b8faf26be6de5f33674eb11557a6.jpg","LowPicSize":"20330","LowPicHeight":"200","LowPicWidth":"200","Pic500x500":"https://images.icecat.biz/img/gallery_mediums/8047c2f26015758110d36815b9a1dded0c857617.jpg","Pic500x500Size":"78327","Pic500x500Height":"500","Pic500x500Width":"500","ThumbPic":"https://images.icecat.biz/img/gallery_thumbs/5c2c3b308750d0b486424d31feabe47295718a17.jpg","ThumbPicSize":"5060"},"Multimedia":[{"ID":"DADAADD4-CED2-4D42-BFAA-426ED958CB98","URL":"https://objects.icecat.biz/objects/mmo_116603471_1698855943_6188_28367.pdf","Type":"leaflet","ContentType":"application/pdf","KeepAsUrl":"0","Description":"Product Brochure","Size":"940747","IsPrivate":"0","Updated":"2023-11-01 17:25:43","Language":"EN","IsVideo":0},{"ID":"FEE21606-7C46-4BE0-9F66-461266E5BA2B","URL":"https://objects.icecat.biz/objects/mmo_116603471_1746367052_4352_1373383.pdf","Type":"leaflet","ContentType":"application/pdf","KeepAsUrl":"0","Description":"Product Brochure","Size":"11925197","IsPrivate":"0","Updated":"2025-05-04 15:57:32","Language":"EN","IsVideo":0},{"ID":"EFD27412-0D11-4C8B-A22E-0A0726C03CDB","URL":"https://objects.icecat.biz/objects/mmo_116603471_1708344027_9177_3390.pdf","Type":"manual pdf","ContentType":"application/pdf","KeepAsUrl":"0","Description":"User manual","Size":"631266","IsPrivate":"0","Updated":"2024-02-19 13:00:28","Language":"EN","IsVideo":0},{"ID":"7D2220E7-0210-453D-88A5-2E51873F4425","URL":"https://objects.icecat.biz/objects/116603471_64419479.mp4","Type":"video/mp4","ContentType":"video/mp4","KeepAsUrl":"0","Description":"360","Size":"28425461","IsPrivate":"0","Updated":"2025-05-04 16:00:03","Language":"","IsVideo":1,"ThumbUrl":"https://objects.icecat.biz/objects/thumb/116603471_64419479_thumb.png","PreviewUrl":"https://objects.icecat.biz/objects/preview/116603471_64419479_preview.png"},{"ID":"CBDA0576-5E7D-460E-B60F-CC639814BD64","URL":"https://objects.icecat.biz/objects/mmo_116603471_1746450063_0399_1738507.pdf","Type":"other digital assets","ContentType":"application/pdf","KeepAsUrl":"0","Description":"Safety Information","Size":"571536","IsPrivate":"0","Updated":"2025-05-05 15:01:03","Language":"EN","IsVideo":0},{"ID":"6A18640B-78E9-4E09-BAF2-7A6D2E3195E5","URL":"https://objects.icecat.biz/objects/mmo_116603471_1746450063_2816_910033.pdf","Type":"other digital assets","ContentType":"application/pdf","KeepAsUrl":"0","Description":"User Guide","Size":"713428","IsPrivate":"0","Updated":"2025-05-05 15:01:03","Language":"EN","IsVideo":0},{"ID":"92F1FB2E-6A9D-4D61-8420-F82A42BE68B2","URL":"https://objects.icecat.biz/objects/mmo_116603471_1746473303_5013_1191528.pdf","Type":"other digital assets","ContentType":"application/pdf","KeepAsUrl":"0","Description":"Carbon Footprint","Size":"656150","IsPrivate":"0","Updated":"2025-05-05 21:28:23","Language":"EN","IsVideo":0},{"ID":"7DEBA81D-4CFA-44A1-991E-76F62658C3AE","URL":"https://objects.icecat.biz/objects/mmo_116603471_1746477469_5957_2011321.pdf","Type":"other digital assets","ContentType":"application/pdf","KeepAsUrl":"0","Description":"EU Declaration of Conformity","Size":"234113","IsPrivate":"0","Updated":"2025-05-05 22:37:49","Language":"EN","IsVideo":0},{"ID":"1E72F9CA-0B94-4C5E-92E9-BC7EC09F8551","URL":"https://objects.icecat.biz/objects/mmo_116603471_1749546763_4425_2160428.pdf","Type":"other digital assets","ContentType":"application/pdf","KeepAsUrl":"0","Description":"Carbon Footprint","Size":"688210","IsPrivate":"0","Updated":"2025-06-10 11:12:43","Language":"EN","IsVideo":0},{"ID":"2C1DAF74-FCC0-4D48-A647-9C17481C21A2","URL":"https://objects.icecat.biz/objects/mmo_116603471_1755244954_6519_3270321.pdf","Type":"other digital assets","ContentType":"application/pdf","KeepAsUrl":"0","Description":"EU Declaration of Conformity","Size":"250790","IsPrivate":"0","Updated":"2025-08-15 10:02:34","Language":"EN","IsVideo":0},{"ID":"044781E4-9C74-4C5E-9BAC-3C4798503306","URL":"https://objects.icecat.biz/objects/mmo_116603471_1749195778_164_3310494.pdf","Type":"EU Energy Label","ContentType":"application/pdf","KeepAsUrl":"0","Description":"EU Energy Label","Size":"68535","IsPrivate":"0","Updated":"2025-06-06 09:43:00","Language":"","IsVideo":0,"EprelLink":"https://eprel.ec.europa.eu/qr/2230554","LabelType":"rescaled","ConvertedURL":"https://objects.icecat.biz/objects/116603471_64794558.jpeg","ConvertedContentType":"image/jpeg","ConvertedSize":241172,"EprelId":2230554}],"Gallery":[{"ID":"113576980","LowPic":"https://images.icecat.biz/img/gallery_lows/64795ab20d11b8faf26be6de5f33674eb11557a6.jpg","LowSize":"20330","LowHeight":"200","LowWidth":"200","ThumbPic":"https://images.icecat.biz/img/gallery_thumbs/5c2c3b308750d0b486424d31feabe47295718a17.jpg","ThumbPicSize":"5060","Pic":"https://images.icecat.biz/img/gallery/ab7a5a579bf40289fcac1335904263069e38cf9c.jpg","Size":"837096","PicHeight":"2000","PicWidth":"2000","Pic500x500":"https://images.icecat.biz/img/gallery_mediums/8047c2f26015758110d36815b9a1dded0c857617.jpg","Pic500x500Size":"78327","Pic500x500Height":"500","Pic500x500Width":"500","No":"1","IsMain":"Y","Updated":"2025-08-12 18:07:56","IsPrivate":"0","Type":"ProductImage","Attributes":{"OriginalFileName":""}},{"ID":"113576982","LowPic":"https://images.icecat.biz/img/gallery_lows/b67b5b76b1904723b24462907eb0d1f221119199.jpg","LowSize":"6459","LowHeight":"200","LowWidth":"200","ThumbPic":"https://images.icecat.biz/img/gallery_thumbs/66bcf4dc04a20b09b93985e429811a289638c37d.jpg","ThumbPicSize":"2093","Pic":"https://images.icecat.biz/img/gallery/bad4cc6204819814ea894809c27b3bec7ced87a9.jpg","Size":"801124","PicHeight":"2000","PicWidth":"2000","Pic500x500":"https://images.icecat.biz/img/gallery_mediums/008cc2bd4b469eb85622d986a01594e6f6668f50.jpg","Pic500x500Size":"43227","Pic500x500Height":"500","Pic500x500Width":"500","No":"2","IsMain":"N","Updated":"2025-08-12 18:07:56","IsPrivate":"0","Type":"ProductImage","Attributes":{"OriginalFileName":""}},{"ID":"113576984","LowPic":"https://images.icecat.biz/img/gallery_lows/aeb1c6130a5858a512ec504834cf689324bc9a19.jpg","LowSize":"2329","LowHeight":"200","LowWidth":"27","ThumbPic":"https://images.icecat.biz/img/gallery_thumbs/cd64e068984e934da7fecde6a661eda73b191dd6.jpg","ThumbPicSize":"927","Pic":"https://images.icecat.biz/img/gallery/2913624c2f7ea097e1f253f33db17faa089b1a20.jpg","Size":"91271","PicHeight":"1841","PicWidth":"251","Pic500x500":"https://images.icecat.biz/img/gallery_mediums/85e0b63f97e3cab4578c98b4ec2d6604b8d7e296.jpg","Pic500x500Size":"8707","Pic500x500Height":"500","Pic500x500Width":"68","No":"3","IsMain":"N","Updated":"2025-08-12 18:08:03","IsPrivate":"0","Type":"ProductImage","Attributes":{"OriginalFileName":""}},{"ID":"113576987","LowPic":"https://images.icecat.biz/img/gallery_lows/6709cd96bfcbc71909fe2e109f4c8b8f05856578.jpg","LowSize":"2195","LowHeight":"200","LowWidth":"28","ThumbPic":"https://images.icecat.biz/img/gallery_thumbs/850c9615b197fcb4c44273dbe3a1e7c4a2d89774.jpg","ThumbPicSize":"929","Pic":"https://images.icecat.biz/img/gallery/6d3473f552fc2c7ca211294a5b7b24459178eec7.jpg","Size":"93326","PicHeight":"1832","PicWidth":"260","Pic500x500":"https://images.icecat.biz/img/gallery_mediums/96ff20b1f9a5e5b5a868825cdd8f955a47ccc7c4.jpg","Pic500x500Size":"8748","Pic500x500Height":"500","Pic500x500Width":"71","No":"4","IsMain":"N","Updated":"2025-08-12 18:08:03","IsPrivate":"0","Type":"ProductImage","Attributes":{"OriginalFileName":""}},{"ID":"113576990","LowPic":"https://images.icecat.biz/img/gallery_lows/a211050ca6300fd0536144deb1a73134f1d9121b.jpg","LowSize":"1562","LowHeight":"25","LowWidth":"200","ThumbPic":"https://images.icecat.biz/img/gallery_thumbs/302043a9707582d8c756394d9f5a6aba328e576e.jpg","ThumbPicSize":"750","Pic":"https://images.icecat.biz/img/gallery/92e37729a852d3d75985d746371e49e75a20fa9a.jpg","Size":"58466","PicHeight":"225","PicWidth":"1823","Pic500x500":"https://images.icecat.biz/img/gallery_mediums/bc7edcb751950b3a610ed7881c7383a1d20d7b6c.jpg","Pic500x500Size":"5662","Pic500x500Height":"62","Pic500x500Width":"500","No":"5","IsMain":"N","Updated":"2025-09-02 08:46:44","IsPrivate":"0","Type":"ProductImage","Attributes":{"OriginalFileName":""}},{"ID":"113576992","LowPic":"https://images.icecat.biz/img/gallery_lows/7f9e55ef201a58a1833031a6a4005a194eb2b70a.jpg","LowSize":"1418","LowHeight":"24","LowWidth":"200","ThumbPic":"https://images.icecat.biz/img/gallery_thumbs/8f4286633370da4aaff9ace6df43b05e52424865.jpg","ThumbPicSize":"759","Pic":"https://images.icecat.biz/img/gallery/104a9c83400963978cd237549d02aa78023464f6.jpg","Size":"57475","PicHeight":"221","PicWidth":"1821","Pic500x500":"https://images.icecat.biz/img/gallery_mediums/a68a6a065929a4ed806d91fe729ef0965b57b519.jpg","Pic500x500Size":"5562","Pic500x500Height":"61","Pic500x500Width":"500","No":"6","IsMain":"N","Updated":"2025-08-12 18:08:04","IsPrivate":"0","Type":"ProductImage","Attributes":{"OriginalFileName":""}}],"FeaturesGroups":[{"ID":833,"SortNo":"110","FeatureGroup":{"ID":"5","Name":{"Value":"Display","Language":"EN"}},"Features":[{"Localized":0,"ID":593914628,"LocalID":0,"Type":"numerical","Value":"11","CategoryFeatureId":"11611","CategoryFeatureGroupID":"833","SortNo":"99","PresentationValue":"27.9 cm (11\")","RawValue":"11","LocalValue":"27.9","Description":"Size of the display for this product, measured diagonally, usually in inches.","Mandatory":"1","Searchable":"1","Optional":"0","Feature":{"ID":"944","Sign":"","Measure":{"ID":"16","Sign":"","Signs":{"ID":"11","_":"\"","Language":"EN"}},"Name":{"Value":"Display diagonal","Language":"EN"}}},{"Localized":0,"ID":593914664,"LocalID":0,"Type":"2d","Value":"1920 x 1200","CategoryFeatureId":"30350","CategoryFeatureGroupID":"833","SortNo":"38","PresentationValue":"1920 x 1200 pixels","RawValue":"1920 x 1200","LocalValue":"1920 x 1200","Description":"The number of distinct pixels in each dimension that can be displayed. It is usually quoted as width × height, with the units in pixels: for example, \"1024 × 768\" means the width is 1024 pixels and the height is 768 pixels. The higher the number of pixels, the sharper the image.","Mandatory":"1","Searchable":"0","Optional":"0","Feature":{"ID":"1585","Sign":"","Measure":{"ID":"39","Sign":"","Signs":{"ID":"23","_":"pixels","Language":"EN"}},"Name":{"Value":"Display resolution","Language":"EN"}}},{"Localized":0,"ID":773031851,"LocalID":0,"Type":"numerical","Value":"90","CategoryFeatureId":"974995","CategoryFeatureGroupID":"833","SortNo":"37","PresentationValue":"90 Hz","RawValue":"90","LocalValue":"90","Description":"","Mandatory":"0","Searchable":"0","Optional":"0","Feature":{"ID":"7450","Sign":"","Measure":{"ID":"36","Sign":"","Signs":{"ID":"20","_":"Hz","Language":"EN"}},"Name":{"Value":"Maximum refresh rate","Language":"EN"}}},{"Localized":0,"ID":773031836,"LocalID":0,"Type":"y_n","Value":"Y","CategoryFeatureId":"45723","CategoryFeatureGroupID":"833","SortNo":"36","PresentationValue":"Yes","RawValue":"Y","LocalValue":"Yes","Description":"A backlight is a form of illumination used in liquid crystal displays (LCDs). One type of backlight is made by LEDs, which can be either white or RGB (red green blue). White LEDs are used most often in notebooks and desktop screens, and in virtually all mobile LCD screens. RGB LEDs for backlighting are found in high-end color proofing displays such as HP DreamColor LP2480zx monitor or selected HP EliteBook notebooks, as well as newer consumer grade displays such as Dell's Studio series laptops which have an optional RGB LED display.","Mandatory":"0","Searchable":"0","Optional":"0","Feature":{"ID":"6784","Sign":"","Measure":{"ID":"26","Sign":"","Signs":{"ID":"","_":"","Language":"EN"}},"Name":{"Value":"LED backlight","Language":"EN"}}},{"Localized":0,"ID":593914668,"LocalID":0,"Type":"dropdown","Value":"IPS","CategoryFeatureId":"710616","CategoryFeatureGroupID":"833","SortNo":"36","PresentationValue":"IPS","RawValue":"IPS","LocalValue":"IPS","Description":"","Mandatory":"1","Searchable":"1","Optional":"0","Feature":{"ID":"15285","Sign":"","Measure":{"ID":"29","Sign":"","Signs":{"ID":"","_":"","Language":"EN"}},"Name":{"Value":"Panel type","Language":"EN"}}},{"Localized":0,"ID":593914669,"LocalID":0,"Type":"numerical","Value":"400","CategoryFeatureId":"45724","CategoryFeatureGroupID":"833","SortNo":"35","PresentationValue":"400 cd/m²","RawValue":"400","LocalValue":"400","Description":"Brightness is the amount of radiating light emitted from the screen. The brightness rating is measured in candellas per square meter, commonly known as 'nits'.","Mandatory":"0","Searchable":"0","Optional":"0","Feature":{"ID":"1389","Sign":"","Measure":{"ID":"43","Sign":"","Signs":{"ID":"27","_":"cd/m²","Language":"EN"}},"Name":{"Value":"Display brightness","Language":"EN"}}},{"Localized":0,"ID":593914650,"LocalID":0,"Type":"dropdown","Value":"WUXGA","CategoryFeatureId":"294856","CategoryFeatureGroupID":"833","SortNo":"0","PresentationValue":"WUXGA","RawValue":"WUXGA","LocalValue":"WUXGA","Description":"Type of supported High Definition (e.g. Full HD, 4K Ultra HD).","Mandatory":"0","Searchable":"0","Optional":"0","Feature":{"ID":"11424","Sign":"","Measure":{"ID":"29","Sign":"","Signs":{"ID":"","_":"","Language":"EN"}},"Name":{"Value":"HD type","Language":"EN"}}},{"Localized":0,"ID":593914699,"LocalID":0,"Type":"dropdown","Value":"16:10","CategoryFeatureId":"684422","CategoryFeatureGroupID":"833","SortNo":"-1","PresentationValue":"16:10","RawValue":"16:10","LocalValue":"16:10","Description":"The aspect ratio is the ratio of the width of an image to its height. The native aspect ratio is the one which the projector/display is particularly designed for. Images shown in native aspect ratio will utilize the entire resolution of the display and achieve maximum brightness. Images shown in other than native aspect ratio will always have less resolution and less brightness than images shown in native aspect ratio.","Mandatory":"0","Searchable":"0","Optional":"0","Feature":{"ID":"11417","Sign":"","Measure":{"ID":"29","Sign":"","Signs":{"ID":"","_":"","Language":"EN"}},"Name":{"Value":"Native aspect ratio","Language":"EN"}}},{"Localized":0,"ID":593914708,"LocalID":0,"Type":"y_n","Value":"Y","CategoryFeatureId":"291774","CategoryFeatureGroupID":"833","SortNo":"-5","PresentationValue":"Yes","RawValue":"Y","LocalValue":"Yes","Description":"","Mandatory":"0","Searchable":"0","Optional":"0","Feature":{"ID":"14752","Sign":"","Measure":{"ID":"26","Sign":"","Signs":{"ID":"","_":"","Language":"EN"}},"Name":{"Value":"Fingerprint resistant","Language":"EN"}}}]},{"ID":830,"SortNo":"100","FeatureGroup":{"ID":"1","Name":{"Value":"Processor","Language":"EN"}},"Features":[{"Localized":0,"ID":593914360,"LocalID":0,"Type":"dropdown","Value":"MediaTek","CategoryFeatureId":"102551","CategoryFeatureGroupID":"830","SortNo":"1001050","PresentationValue":"MediaTek","RawValue":"MediaTek","LocalValue":"MediaTek","Description":"The manufacturer that produced the processor.","Mandatory":"1","Searchable":"0","Optional":"0","Feature":{"ID":"1013","Sign":"","Measure":{"ID":"29","Sign":"","Signs":{"ID":"","_":"","Language":"EN"}},"Name":{"Value":"Processor manufacturer","Language":"EN"}}},{"Localized":0,"ID":593914363,"LocalID":0,"Type":"dropdown","Value":"Mediatek","CategoryFeatureId":"11580","CategoryFeatureGroupID":"830","SortNo":"900","PresentationValue":"Mediatek","RawValue":"Mediatek","LocalValue":"Mediatek","Description":"A family of processors is a group of processors produced by one company over a short period of time e.g. Intel Pentium processors.","Mandatory":"1","Searchable":"0","Optional":"0","Feature":{"ID":"2196","Sign":"","Measure":{"ID":"29","Sign":"","Signs":{"ID":"","_":"","Language":"EN"}},"Name":{"Value":"Processor family","Language":"EN"}}},{"Localized":0,"ID":593917231,"LocalID":0,"Type":"dropdown","Value":"Helio G88","CategoryFeatureId":"6931","CategoryFeatureGroupID":"830","SortNo":"800","PresentationValue":"Helio G88","RawValue":"Helio G88","LocalValue":"Helio G88","Description":"The model number for the processor in a computer.","Mandatory":"1","Searchable":"0","Optional":"0","Feature":{"ID":"47","Sign":"","Measure":{"ID":"29","Sign":"","Signs":{"ID":"","_":"","Language":"EN"}},"Name":{"Value":"Processor model","Language":"EN"}}},{"Localized":0,"ID":593914387,"LocalID":0,"Type":"numerical","Value":"8","CategoryFeatureId":"57773","CategoryFeatureGroupID":"830","SortNo":"300","PresentationValue":"8","RawValue":"8","LocalValue":"8","Description":"The number of central processing units ('cores') in a processor. Some processors have 1 core, others have 2 (e.g. Intel Core Duo) or more (e.g. the Intel Xeon E7-2850 has 10 cores).","Mandatory":"0","Searchable":"0","Optional":"0","Feature":{"ID":"6089","Sign":"","Measure":{"ID":"29","Sign":"","Signs":{"ID":"","_":"","Language":"EN"}},"Name":{"Value":"Processor cores","Language":"EN"}}},{"Localized":0,"ID":642814411,"LocalID":0,"Type":"numerical","Value":"2","CategoryFeatureId":"91856","CategoryFeatureGroupID":"830","SortNo":"290","PresentationValue":"2 GHz","RawValue":"2","LocalValue":"2","Description":"The turbo boost is an automatic, managed accelleration of the processor when one of the cores is overloaded.","Mandatory":"0","Searchable":"0","Optional":"0","Feature":{"ID":"7978","Sign":"","Measure":{"ID":"37","Sign":"","Signs":{"ID":"21","_":"GHz","Language":"EN"}},"Name":{"Value":"Processor boost frequency","Language":"EN"}}},{"Localized":0,"ID":593914399,"LocalID":0,"Type":"numerical","Value":"2","CategoryFeatureId":"933085","CategoryFeatureGroupID":"830","SortNo":"280","PresentationValue":"2","RawValue":"2","LocalValue":"2","Description":"","Mandatory":"0","Searchable":"0","Optional":"0","Feature":{"ID":"44522","Sign":"","Measure":{"ID":"29","Sign":"","Signs":{"ID":"","_":"","Language":"EN"}},"Name":{"Value":"Performance cores","Language":"EN"}}},{"Localized":0,"ID":593914405,"LocalID":0,"Type":"numerical","Value":"6","CategoryFeatureId":"933086","CategoryFeatureGroupID":"830","SortNo":"275","PresentationValue":"6","RawValue":"6","LocalValue":"6","Description":"","Mandatory":"0","Searchable":"0","Optional":"0","Feature":{"ID":"44521","Sign":"","Measure":{"ID":"29","Sign":"","Signs":{"ID":"","_":"","Language":"EN"}},"Name":{"Value":"Efficient cores","Language":"EN"}}},{"Localized":0,"ID":593914406,"LocalID":0,"Type":"numerical","Value":"2","CategoryFeatureId":"933088","CategoryFeatureGroupID":"830","SortNo":"38","PresentationValue":"2 GHz","RawValue":"2","LocalValue":"2","Description":"","Mandatory":"0","Searchable":"0","Optional":"1","Feature":{"ID":"44532","Sign":"","Measure":{"ID":"37","Sign":"","Signs":{"ID":"21","_":"GHz","Language":"EN"}},"Name":{"Value":"Performance-core boost frequency","Language":"EN"}}},{"Localized":0,"ID":593914407,"LocalID":0,"Type":"numerical","Value":"1.8","CategoryFeatureId":"933087","CategoryFeatureGroupID":"830","SortNo":"37","PresentationValue":"1.8 GHz","RawValue":"1.8","LocalValue":"1.8","Description":"","Mandatory":"0","Searchable":"0","Optional":"1","Feature":{"ID":"44530","Sign":"","Measure":{"ID":"37","Sign":"","Signs":{"ID":"21","_":"GHz","Language":"EN"}},"Name":{"Value":"Efficient-core boost frequency","Language":"EN"}}}]},{"ID":832,"SortNo":"96","FeatureGroup":{"ID":"3","Name":{"Value":"Memory","Language":"EN"}},"Features":[{"Localized":0,"ID":593914430,"LocalID":0,"Type":"numerical","Value":"4","CategoryFeatureId":"73764","CategoryFeatureGroupID":"832","SortNo":"90","PresentationValue":"4 GB","RawValue":"4","LocalValue":"4","Description":"A computer's memory which is directly accessible to the CPU.","Mandatory":"1","Searchable":"1","Optional":"0","Feature":{"ID":"11381","Sign":"","Measure":{"ID":"20","Sign":"","Signs":{"ID":"7","_":"GB","Language":"EN"}},"Name":{"Value":"Internal memory","Language":"EN"}}},{"Localized":0,"ID":593914434,"LocalID":0,"Type":"dropdown","Value":"LPDDR4x-SDRAM","CategoryFeatureId":"34327","CategoryFeatureGroupID":"832","SortNo":"38","PresentationValue":"LPDDR4x-SDRAM","RawValue":"LPDDR4x-SDRAM","LocalValue":"LPDDR4x-SDRAM","Description":"The type of internal memory such as RAM, GDDR5.","Mandatory":"0","Searchable":"0","Optional":"0","Feature":{"ID":"427","Sign":"","Measure":{"ID":"29","Sign":"","Signs":{"ID":"","_":"","Language":"EN"}},"Name":{"Value":"Internal memory type","Language":"EN"}}}]},{"ID":4142,"SortNo":"92","FeatureGroup":{"ID":"47","Name":{"Value":"Storage","Language":"EN"}},"Features":[{"Localized":0,"ID":593914424,"LocalID":0,"Type":"numerical","Value":"128","CategoryFeatureId":"71618","CategoryFeatureGroupID":"4142","SortNo":"402","PresentationValue":"128 GB","RawValue":"128","LocalValue":"128","Description":"The amount e.g of data which can be stored inside the device.","Mandatory":"1","Searchable":"1","Optional":"0","Feature":{"ID":"8730","Sign":"","Measure":{"ID":"20","Sign":"","Signs":{"ID":"7","_":"GB","Language":"EN"}},"Name":{"Value":"Internal storage capacity","Language":"EN"}}},{"Localized":0,"ID":593914439,"LocalID":0,"Type":"y_n","Value":"Y","CategoryFeatureId":"21005","CategoryFeatureGroupID":"4142","SortNo":"20","PresentationValue":"Yes","RawValue":"Y","LocalValue":"Yes","Description":"A card reader is a device that enables reading and, in some cases, writing data to and from a memory card.","Mandatory":"1","Searchable":"1","Optional":"0","Feature":{"ID":"3374","Sign":"","Measure":{"ID":"26","Sign":"","Signs":{"ID":"","_":"","Language":"EN"}},"Name":{"Value":"Card reader integrated","Language":"EN"}}},{"Localized":0,"ID":593914442,"LocalID":0,"Type":"multi_dropdown","Value":"MicroSD (TransFlash)","CategoryFeatureId":"21006","CategoryFeatureGroupID":"4142","SortNo":"18","PresentationValue":"MicroSD (TransFlash)","RawValue":"MicroSD (TransFlash)","LocalValue":"MicroSD (TransFlash)","Description":"Types of memory cards which can be used with this product.","Mandatory":"0","Searchable":"0","Optional":"0","Feature":{"ID":"730","Sign":"","Measure":{"ID":"29","Sign":"","Signs":{"ID":"","_":"","Language":"EN"}},"Name":{"Value":"Compatible memory cards","Language":"EN"}}},{"Localized":0,"ID":593914453,"LocalID":0,"Type":"numerical","Value":"1000","CategoryFeatureId":"57787","CategoryFeatureGroupID":"4142","SortNo":"16","PresentationValue":"1 TB","RawValue":"1000","LocalValue":"1","Description":"The maximum size of memory card that can be used with this device.","Mandatory":"0","Searchable":"0","Optional":"0","Feature":{"ID":"7021","Sign":"","Measure":{"ID":"20","Sign":"","Signs":{"ID":"7","_":"GB","Language":"EN"}},"Name":{"Value":"Maximum memory card size","Language":"EN"}}},{"Localized":0,"ID":593914429,"LocalID":0,"Type":"dropdown","Value":"eMMC","CategoryFeatureId":"105669","CategoryFeatureGroupID":"4142","SortNo":"5","PresentationValue":"eMMC","RawValue":"eMMC","LocalValue":"eMMC","Description":"Used for the storage of data e.g. HDD (hard disk drive), SSD (solid-state drive).","Mandatory":"1","Searchable":"0","Optional":"0","Feature":{"ID":"11441","Sign":"","Measure":{"ID":"29","Sign":"","Signs":{"ID":"","_":"","Language":"EN"}},"Name":{"Value":"Storage media","Language":"EN"}}}]},{"ID":8329,"SortNo":"86","FeatureGroup":{"ID":"163","Name":{"Value":"Graphics","Language":"EN"}},"Features":[{"Localized":0,"ID":593914413,"LocalID":0,"Type":"multi_dropdown","Value":"AMD","CategoryFeatureId":"46082","CategoryFeatureGroupID":"8329","SortNo":"40","PresentationValue":"AMD","RawValue":"AMD","LocalValue":"AMD","Description":"","Mandatory":"0","Searchable":"0","Optional":"0","Feature":{"ID":"7490","Sign":"","Measure":{"ID":"29","Sign":"","Signs":{"ID":"","_":"","Language":"EN"}},"Name":{"Value":"Graphics card family","Language":"EN"}}},{"Localized":0,"ID":593914422,"LocalID":0,"Type":"dropdown","Value":"Mali-G52 MC2","CategoryFeatureId":"16583","CategoryFeatureGroupID":"8329","SortNo":"18","PresentationValue":"Mali-G52 MC2","RawValue":"Mali-G52 MC2","LocalValue":"Mali-G52 MC2","Description":"","Mandatory":"0","Searchable":"0","Optional":"0","Feature":{"ID":"614","Sign":"","Measure":{"ID":"29","Sign":"","Signs":{"ID":"","_":"","Language":"EN"}},"Name":{"Value":"Graphics card","Language":"EN"}}}]},{"ID":846,"SortNo":"82","FeatureGroup":{"ID":"9","Name":{"Value":"Audio","Language":"EN"}},"Features":[{"Localized":0,"ID":593914456,"LocalID":0,"Type":"numerical","Value":"4","CategoryFeatureId":"20063","CategoryFeatureGroupID":"846","SortNo":"19","PresentationValue":"4","RawValue":"4","LocalValue":"4","Description":"","Mandatory":"0","Searchable":"0","Optional":"0","Feature":{"ID":"1851","Sign":"","Measure":{"ID":"29","Sign":"","Signs":{"ID":"","_":"","Language":"EN"}},"Name":{"Value":"Number of built-in speakers","Language":"EN"}}},{"Localized":0,"ID":593914464,"LocalID":0,"Type":"numerical","Value":"1","CategoryFeatureId":"317067","CategoryFeatureGroupID":"846","SortNo":"18","PresentationValue":"1","RawValue":"1","LocalValue":"1","Description":"","Mandatory":"0","Searchable":"0","Optional":"0","Feature":{"ID":"7252","Sign":"","Measure":{"ID":"29","Sign":"","Signs":{"ID":"","_":"","Language":"EN"}},"Name":{"Value":"Number of microphones","Language":"EN"}}},{"Localized":0,"ID":593914457,"LocalID":0,"Type":"dropdown","Value":"Dolby Atmos","CategoryFeatureId":"7128","CategoryFeatureGroupID":"846","SortNo":"0","PresentationValue":"Dolby Atmos","RawValue":"Dolby Atmos","LocalValue":"Dolby Atmos","Description":"System used to play music or speech.","Mandatory":"0","Searchable":"0","Optional":"0","Feature":{"ID":"442","Sign":"","Measure":{"ID":"29","Sign":"","Signs":{"ID":"","_":"","Language":"EN"}},"Name":{"Value":"Audio system","Language":"EN"}}},{"Localized":0,"ID":593914459,"LocalID":0,"Type":"numerical","Value":"1","CategoryFeatureId":"58801","CategoryFeatureGroupID":"846","SortNo":"0","PresentationValue":"1 W","RawValue":"1","LocalValue":"1","Description":"","Mandatory":"0","Searchable":"0","Optional":"0","Feature":{"ID":"1660","Sign":"","Measure":{"ID":"44","Sign":"","Signs":{"ID":"28","_":"W","Language":"EN"}},"Name":{"Value":"Speaker power","Language":"EN"}}}]},{"ID":4346,"SortNo":"80","FeatureGroup":{"ID":"95","Name":{"Value":"Camera","Language":"EN"}},"Features":[{"Localized":0,"ID":593914488,"LocalID":0,"Type":"dropdown","Value":"Single camera","CategoryFeatureId":"331455","CategoryFeatureGroupID":"4346","SortNo":"100","PresentationValue":"Single camera","RawValue":"Single camera","LocalValue":"Single camera","Description":"Indicates the type of the camera at the back of the product, dual or single.","Mandatory":"1","Searchable":"1","Optional":"0","Feature":{"ID":"27587","Sign":"","Measure":{"ID":"29","Sign":"","Signs":{"ID":"","_":"","Language":"EN"}},"Name":{"Value":"Rear camera type","Language":"EN"}}},{"Localized":0,"ID":593914491,"LocalID":0,"Type":"numerical","Value":"8","CategoryFeatureId":"80813","CategoryFeatureGroupID":"4346","SortNo":"90","PresentationValue":"8 MP","RawValue":"8","LocalValue":"8","Description":"The resolution of the images produced with the rear camera, given in MP (megapixel. 1 MP = 1 million pixels).","Mandatory":"1","Searchable":"0","Optional":"0","Feature":{"ID":"12435","Sign":"","Measure":{"ID":"165","Sign":"","Signs":{"ID":"3126","_":"MP","Language":"EN"}},"Name":{"Value":"Rear camera resolution (numeric)","Language":"EN"}}},{"Localized":0,"ID":593914492,"LocalID":0,"Type":"y_n","Value":"Y","CategoryFeatureId":"80815","CategoryFeatureGroupID":"4346","SortNo":"22","PresentationValue":"Yes","RawValue":"Y","LocalValue":"Yes","Description":"Camera at the front of the product.","Mandatory":"1","Searchable":"0","Optional":"0","Feature":{"ID":"12436","Sign":"","Measure":{"ID":"26","Sign":"","Signs":{"ID":"","_":"","Language":"EN"}},"Name":{"Value":"Front camera","Language":"EN"}}},{"Localized":0,"ID":593914505,"LocalID":0,"Type":"numerical","Value":"8","CategoryFeatureId":"80816","CategoryFeatureGroupID":"4346","SortNo":"21","PresentationValue":"8 MP","RawValue":"8","LocalValue":"8","Description":"","Mandatory":"0","Searchable":"0","Optional":"0","Feature":{"ID":"12437","Sign":"","Measure":{"ID":"165","Sign":"","Signs":{"ID":"3126","_":"MP","Language":"EN"}},"Name":{"Value":"Front camera resolution (numeric)","Language":"EN"}}}]},{"ID":2678,"SortNo":"74","FeatureGroup":{"ID":"35","Name":{"Value":"Network","Language":"EN"}},"Features":[{"Localized":0,"ID":593916586,"LocalID":0,"Type":"dropdown","Value":"Not supported","CategoryFeatureId":"328665","CategoryFeatureGroupID":"2678","SortNo":"10000405","PresentationValue":"Not supported","RawValue":"Not supported","LocalValue":"Not supported","Description":"","Mandatory":"0","Searchable":"0","Optional":"0","Feature":{"ID":"40629","Sign":"","Measure":{"ID":"29","Sign":"","Signs":{"ID":"","_":"","Language":"EN"}},"Name":{"Value":"Mobile network generation","Language":"EN"}}},{"Localized":0,"ID":593914806,"LocalID":0,"Type":"y_n","Value":"N","CategoryFeatureId":"328664","CategoryFeatureGroupID":"2678","SortNo":"410","PresentationValue":"No","RawValue":"N","LocalValue":"No","Description":"","Mandatory":"1","Searchable":"1","Optional":"0","Feature":{"ID":"24557","Sign":"","Measure":{"ID":"26","Sign":"","Signs":{"ID":"","_":"","Language":"EN"}},"Name":{"Value":"Mobile network connection","Language":"EN"}}},{"Localized":0,"ID":593914791,"LocalID":0,"Type":"y_n","Value":"Y","CategoryFeatureId":"21000","CategoryFeatureGroupID":"2678","SortNo":"300","PresentationValue":"Yes","RawValue":"Y","LocalValue":"Yes","Description":"Bluetooth is a low-power radio technology developed to replace the cables and wires currently used to link or connect electronic devices such as personal computers, printers, and a wide variety of handheld devices including mobile phones. Because it uses radio-wave connectivity, a Bluetooth-enabled device has a constant, established connection to whatever browser it uses. This saves the user the trouble of logging on to check for emails or news updates, for example.","Mandatory":"0","Searchable":"0","Optional":"0","Feature":{"ID":"2183","Sign":"","Measure":{"ID":"26","Sign":"","Signs":{"ID":"","_":"","Language":"EN"}},"Name":{"Value":"Bluetooth","Language":"EN"}}},{"Localized":0,"ID":593914794,"LocalID":0,"Type":"dropdown","Value":"5.1","CategoryFeatureId":"21001","CategoryFeatureGroupID":"2678","SortNo":"299","PresentationValue":"5.1","RawValue":"5.1","LocalValue":"5.1","Description":"The type of bluetooth technology in the product e.g. Bluetooth Smart (v4.0).","Mandatory":"0","Searchable":"0","Optional":"0","Feature":{"ID":"1208","Sign":"","Measure":{"ID":"29","Sign":"","Signs":{"ID":"","_":"","Language":"EN"}},"Name":{"Value":"Bluetooth version","Language":"EN"}}},{"Localized":0,"ID":593914784,"LocalID":0,"Type":"dropdown","Value":"Wi-Fi 5 (802.11ac)","CategoryFeatureId":"169236","CategoryFeatureGroupID":"2678","SortNo":"85","PresentationValue":"Wi-Fi 5 (802.11ac)","RawValue":"Wi-Fi 5 (802.11ac)","LocalValue":"Wi-Fi 5 (802.11ac)","Description":"Connection of this device is done via Wi-Fi in a high standard.","Mandatory":"1","Searchable":"0","Optional":"0","Feature":{"ID":"24993","Sign":"","Measure":{"ID":"29","Sign":"","Signs":{"ID":"","_":"","Language":"EN"}},"Name":{"Value":"Top Wi-Fi standard","Language":"EN"}}},{"Localized":0,"ID":593914786,"LocalID":0,"Type":"multi_dropdown","Value":"Wi-Fi 5 (802.11ac)","CategoryFeatureId":"50074","CategoryFeatureGroupID":"2678","SortNo":"49","PresentationValue":"Wi-Fi 5 (802.11ac)","RawValue":"Wi-Fi 5 (802.11ac)","LocalValue":"Wi-Fi 5 (802.11ac)","Description":"The type of wireless local area network (LAN). It can be ad-hoc, where units in a network communicate peer-to-peer, or Infrastructure, where units communicate with each other via an access point  A LAN interconnects computers in a small area e.g. home, school or office.","Mandatory":"0","Searchable":"0","Optional":"0","Feature":{"ID":"432","Sign":"","Measure":{"ID":"29","Sign":"","Signs":{"ID":"","_":"","Language":"EN"}},"Name":{"Value":"Wi-Fi standards","Language":"EN"}}},{"Localized":0,"ID":593916587,"LocalID":0,"Type":"y_n","Value":"N","CategoryFeatureId":"86021","CategoryFeatureGroupID":"2678","SortNo":"0","PresentationValue":"No","RawValue":"N","LocalValue":"No","Description":"","Mandatory":"0","Searchable":"0","Optional":"0","Feature":{"ID":"10157","Sign":"","Measure":{"ID":"26","Sign":"","Signs":{"ID":"","_":"","Language":"EN"}},"Name":{"Value":"Near Field Communication (NFC)","Language":"EN"}}},{"Localized":0,"ID":618951327,"LocalID":0,"Type":"dropdown","Value":"Not installed","CategoryFeatureId":"89646","CategoryFeatureGroupID":"2678","SortNo":"0","PresentationValue":"Not installed","RawValue":"Not installed","LocalValue":"Not installed","Description":"","Mandatory":"0","Searchable":"0","Optional":"0","Feature":{"ID":"7481","Sign":"","Measure":{"ID":"29","Sign":"","Signs":{"ID":"","_":"","Language":"EN"}},"Name":{"Value":"WWAN","Language":"EN"}}},{"Localized":0,"ID":593916591,"LocalID":0,"Type":"dropdown","Value":"N","CategoryFeatureId":"54329","CategoryFeatureGroupID":"2678","SortNo":"-2","PresentationValue":"No","RawValue":"N","LocalValue":"No","Description":"","Mandatory":"0","Searchable":"0","Optional":"0","Feature":{"ID":"9166","Sign":"","Measure":{"ID":"29","Sign":"","Signs":{"ID":"","_":"","Language":"EN"}},"Name":{"Value":"SIM card type","Language":"EN"}}}]},{"ID":847,"SortNo":"72","FeatureGroup":{"ID":"12","Name":{"Value":"Ports & interfaces","Language":"EN"}},"Features":[{"Localized":0,"ID":593914817,"LocalID":0,"Type":"numerical","Value":"1","CategoryFeatureId":"258698","CategoryFeatureGroupID":"847","SortNo":"80","PresentationValue":"1","RawValue":"1","LocalValue":"1","Description":"","Mandatory":"0","Searchable":"0","Optional":"0","Feature":{"ID":"36228","Sign":"","Measure":{"ID":"29","Sign":"","Signs":{"ID":"","_":"","Language":"EN"}},"Name":{"Value":"USB 2.0 Type-C ports quantity","Language":"EN"}}},{"Localized":0,"ID":593914852,"LocalID":0,"Type":"dropdown","Value":"3.5 mm","CategoryFeatureId":"59406","CategoryFeatureGroupID":"847","SortNo":"0","PresentationValue":"3.5 mm","RawValue":"3.5 mm","LocalValue":"3.5 mm","Description":"How headphones connect to a device e.g. wirelessly or via a cable and connector.","Mandatory":"0","Searchable":"0","Optional":"0","Feature":{"ID":"4163","Sign":"","Measure":{"ID":"29","Sign":"","Signs":{"ID":"","_":"","Language":"EN"}},"Name":{"Value":"Headphone connectivity","Language":"EN"}}},{"Localized":0,"ID":593914834,"LocalID":0,"Type":"y_n","Value":"Y","CategoryFeatureId":"72897","CategoryFeatureGroupID":"847","SortNo":"0","PresentationValue":"Yes","RawValue":"Y","LocalValue":"Yes","Description":"","Mandatory":"0","Searchable":"0","Optional":"0","Feature":{"ID":"9858","Sign":"","Measure":{"ID":"26","Sign":"","Signs":{"ID":"","_":"","Language":"EN"}},"Name":{"Value":"Combo headphone/mic port","Language":"EN"}}}]},{"ID":10998,"SortNo":"40","FeatureGroup":{"ID":"148","Name":{"Value":"Design","Language":"EN"}},"Features":[{"Localized":0,"ID":593915397,"LocalID":0,"Type":"text","Value":"Luna Grey","CategoryFeatureId":"270481","CategoryFeatureGroupID":"10998","SortNo":"600","PresentationValue":"Luna Grey","RawValue":"Luna Grey","LocalValue":"Luna Grey","Description":"","Mandatory":"0","Searchable":"0","Optional":"0","Feature":{"ID":"17956","Sign":"","Measure":{"ID":"29","Sign":"","Signs":{"ID":"","_":"","Language":"EN"}},"Name":{"Value":"Colour name","Language":"EN"}}},{"Localized":0,"ID":593914726,"LocalID":0,"Type":"dropdown","Value":"Mobile tablet","CategoryFeatureId":"95720","CategoryFeatureGroupID":"10998","SortNo":"500","PresentationValue":"Mobile tablet","RawValue":"Mobile tablet","LocalValue":"Mobile tablet","Description":"Type or category of the device.","Mandatory":"1","Searchable":"0","Optional":"0","Feature":{"ID":"2328","Sign":"","Measure":{"ID":"29","Sign":"","Signs":{"ID":"","_":"","Language":"EN"}},"Name":{"Value":"Device type","Language":"EN"}}},{"Localized":0,"ID":593914730,"LocalID":0,"Type":"dropdown","Value":"Metal","CategoryFeatureId":"327763","CategoryFeatureGroupID":"10998","SortNo":"300","PresentationValue":"Metal","RawValue":"Metal","LocalValue":"Metal","Description":"What the casing of the product is made of.","Mandatory":"0","Searchable":"0","Optional":"0","Feature":{"ID":"5214","Sign":"","Measure":{"ID":"29","Sign":"","Signs":{"ID":"","_":"","Language":"EN"}},"Name":{"Value":"Housing material","Language":"EN"}}},{"Localized":0,"ID":593914716,"LocalID":0,"Type":"dropdown","Value":"Slate","CategoryFeatureId":"7141","CategoryFeatureGroupID":"10998","SortNo":"100","PresentationValue":"Slate","RawValue":"Slate","LocalValue":"Slate","Description":"The shape or design of the product.","Mandatory":"1","Searchable":"1","Optional":"0","Feature":{"ID":"771","Sign":"","Measure":{"ID":"29","Sign":"","Signs":{"ID":"","_":"","Language":"EN"}},"Name":{"Value":"Form factor","Language":"EN"}}},{"Localized":0,"ID":593915352,"LocalID":0,"Type":"dropdown","Value":"Grey","CategoryFeatureId":"35294","CategoryFeatureGroupID":"10998","SortNo":"1","PresentationValue":"Grey","RawValue":"Grey","LocalValue":"Grey","Description":"The colour e.g. red, blue, green, black, white.","Mandatory":"1","Searchable":"1","Optional":"0","Feature":{"ID":"1766","Sign":"","Measure":{"ID":"29","Sign":"","Signs":{"ID":"","_":"","Language":"EN"}},"Name":{"Value":"Product colour","Language":"EN"}}}]},{"ID":11000,"SortNo":"30","FeatureGroup":{"ID":"184","Name":{"Value":"Performance","Language":"EN"}},"Features":[{"Localized":0,"ID":593914815,"LocalID":0,"Type":"y_n","Value":"N","CategoryFeatureId":"54330","CategoryFeatureGroupID":"11000","SortNo":"110","PresentationValue":"No","RawValue":"N","LocalValue":"No","Description":"Assisted GPS, generally abbreviated as A-GPS, enhances the startup performance of a GPS satellite-based positioning system. It is used extensively with GPS-capable cellular phones as its development was accelerated by the U.S. FCC's 911 mandate making the location of a cell phone available to emergency call dispatchers.","Mandatory":"1","Searchable":"0","Optional":"0","Feature":{"ID":"6623","Sign":"","Measure":{"ID":"26","Sign":"","Signs":{"ID":"","_":"","Language":"EN"}},"Name":{"Value":"Assisted GPS (A-GPS)","Language":"EN"}}},{"Localized":0,"ID":593914809,"LocalID":0,"Type":"y_n","Value":"Y","CategoryFeatureId":"91857","CategoryFeatureGroupID":"11000","SortNo":"110","PresentationValue":"Yes","RawValue":"Y","LocalValue":"Yes","Description":"","Mandatory":"0","Searchable":"0","Optional":"0","Feature":{"ID":"15618","Sign":"","Measure":{"ID":"26","Sign":"","Signs":{"ID":"","_":"","Language":"EN"}},"Name":{"Value":"GLONASS","Language":"EN"}}},{"Localized":0,"ID":593914810,"LocalID":0,"Type":"y_n","Value":"Y","CategoryFeatureId":"31225","CategoryFeatureGroupID":"11000","SortNo":"109","PresentationValue":"Yes","RawValue":"Y","LocalValue":"Yes","Description":"Global Positioning System (GPS) is a space-based satellite navigation system that provides location and time information in all weather conditions, anywhere on or near the Earth where there is an unobstructed line of sight to four or more GPS satellites. The system provides critical capabilities to military, civil and commercial users around the world. It is maintained by the United States government and is freely accessible to anyone with a GPS receiver.","Mandatory":"0","Searchable":"0","Optional":"0","Feature":{"ID":"3329","Sign":"","Measure":{"ID":"26","Sign":"","Signs":{"ID":"","_":"","Language":"EN"}},"Name":{"Value":"GPS (satellite)","Language":"EN"}}},{"Localized":0,"ID":593914812,"LocalID":0,"Type":"y_n","Value":"Y","CategoryFeatureId":"333637","CategoryFeatureGroupID":"11000","SortNo":"109","PresentationValue":"Yes","RawValue":"Y","LocalValue":"Yes","Description":"","Mandatory":"0","Searchable":"0","Optional":"0","Feature":{"ID":"33685","Sign":"","Measure":{"ID":"26","Sign":"","Signs":{"ID":"","_":"","Language":"EN"}},"Name":{"Value":"Galileo","Language":"EN"}}},{"Localized":0,"ID":593914536,"LocalID":0,"Type":"y_n","Value":"Y","CategoryFeatureId":"57378","CategoryFeatureGroupID":"11000","SortNo":"20","PresentationValue":"Yes","RawValue":"Y","LocalValue":"Yes","Description":"","Mandatory":"0","Searchable":"0","Optional":"0","Feature":{"ID":"9731","Sign":"","Measure":{"ID":"26","Sign":"","Signs":{"ID":"","_":"","Language":"EN"}},"Name":{"Value":"Accelerometer","Language":"EN"}}},{"Localized":0,"ID":593914553,"LocalID":0,"Type":"y_n","Value":"Y","CategoryFeatureId":"56973","CategoryFeatureGroupID":"11000","SortNo":"18","PresentationValue":"Yes","RawValue":"Y","LocalValue":"Yes","Description":"","Mandatory":"0","Searchable":"0","Optional":"0","Feature":{"ID":"8720","Sign":"","Measure":{"ID":"26","Sign":"","Signs":{"ID":"","_":"","Language":"EN"}},"Name":{"Value":"Ambient light sensor","Language":"EN"}}},{"Localized":0,"ID":593914533,"LocalID":0,"Type":"y_n","Value":"Y","CategoryFeatureId":"57379","CategoryFeatureGroupID":"11000","SortNo":"16","PresentationValue":"Yes","RawValue":"Y","LocalValue":"Yes","Description":"","Mandatory":"0","Searchable":"0","Optional":"0","Feature":{"ID":"9732","Sign":"","Measure":{"ID":"26","Sign":"","Signs":{"ID":"","_":"","Language":"EN"}},"Name":{"Value":"Gyroscope","Language":"EN"}}},{"Localized":0,"ID":593914571,"LocalID":0,"Type":"y_n","Value":"Y","CategoryFeatureId":"903469","CategoryFeatureGroupID":"11000","SortNo":"8","PresentationValue":"Yes","RawValue":"Y","LocalValue":"Yes","Description":"","Mandatory":"0","Searchable":"0","Optional":"0","Feature":{"ID":"38333","Sign":"","Measure":{"ID":"26","Sign":"","Signs":{"ID":"","_":"","Language":"EN"}},"Name":{"Value":"Hall sensor","Language":"EN"}}},{"Localized":0,"ID":593914807,"LocalID":0,"Type":"y_n","Value":"Y","CategoryFeatureId":"166075","CategoryFeatureGroupID":"11000","SortNo":"0","PresentationValue":"Yes","RawValue":"Y","LocalValue":"Yes","Description":"Whether the navigation system can locate the phone's position.","Mandatory":"1","Searchable":"1","Optional":"0","Feature":{"ID":"26425","Sign":"","Measure":{"ID":"26","Sign":"","Signs":{"ID":"","_":"","Language":"EN"}},"Name":{"Value":"Position location","Language":"EN"}}}]},{"ID":12019,"SortNo":"25","FeatureGroup":{"ID":"90","Name":{"Value":"Software","Language":"EN"}},"Features":[{"Localized":0,"ID":593914774,"LocalID":0,"Type":"dropdown","Value":"Android","CategoryFeatureId":"164597","CategoryFeatureGroupID":"12019","SortNo":"101","PresentationValue":"Android","RawValue":"Android","LocalValue":"Android","Description":"Description of a technology platform including a processor, chipset, platform software and wired networking capabilities.","Mandatory":"1","Searchable":"1","Optional":"0","Feature":{"ID":"75","Sign":"","Measure":{"ID":"29","Sign":"","Signs":{"ID":"","_":"","Language":"EN"}},"Name":{"Value":"Platform","Language":"EN"}}},{"Localized":0,"ID":593914776,"LocalID":0,"Type":"dropdown","Value":"Android 13","CategoryFeatureId":"20706","CategoryFeatureGroupID":"12019","SortNo":"84","PresentationValue":"Android 13","RawValue":"Android 13","LocalValue":"Android 13","Description":"Type of operating system on a device e.g. IOS on Apple devices, Android for mobile devices.","Mandatory":"1","Searchable":"1","Optional":"0","Feature":{"ID":"3233","Sign":"","Measure":{"ID":"29","Sign":"","Signs":{"ID":"","_":"","Language":"EN"}},"Name":{"Value":"Operating system installed","Language":"EN"}}}]},{"ID":7821,"SortNo":"14","FeatureGroup":{"ID":"143","Name":{"Value":"Battery","Language":"EN"}},"Features":[{"Localized":0,"ID":593914606,"LocalID":0,"Type":"y_n","Value":"Y","CategoryFeatureId":"904572","CategoryFeatureGroupID":"7821","SortNo":"55","PresentationValue":"Yes","RawValue":"Y","LocalValue":"Yes","Description":"","Mandatory":"0","Searchable":"0","Optional":"0","Feature":{"ID":"24055","Sign":"","Measure":{"ID":"26","Sign":"","Signs":{"ID":"","_":"","Language":"EN"}},"Name":{"Value":"Battery included","Language":"EN"}}},{"Localized":0,"ID":593914619,"LocalID":0,"Type":"dropdown","Value":"Lithium-Ion (Li-Ion)","CategoryFeatureId":"7140","CategoryFeatureGroupID":"7821","SortNo":"50","PresentationValue":"Lithium-Ion (Li-Ion)","RawValue":"Lithium-Ion (Li-Ion)","LocalValue":"Lithium-Ion (Li-Ion)","Description":"The type of battery in the device, e.g. nickel–cadmium (NiCd).","Mandatory":"1","Searchable":"0","Optional":"0","Feature":{"ID":"434","Sign":"","Measure":{"ID":"29","Sign":"","Signs":{"ID":"","_":"","Language":"EN"}},"Name":{"Value":"Battery technology","Language":"EN"}}},{"Localized":0,"ID":593914612,"LocalID":0,"Type":"numerical","Value":"7040","CategoryFeatureId":"34247","CategoryFeatureGroupID":"7821","SortNo":"48","PresentationValue":"7040 mAh","RawValue":"7040","LocalValue":"7040","Description":"A measure of the charge stored by the battery. Determined by the mass of active material contained in the battery.","Mandatory":"1","Searchable":"0","Optional":"0","Feature":{"ID":"909","Sign":"","Measure":{"ID":"51","Sign":"","Signs":{"ID":"35","_":"mAh","Language":"EN"}},"Name":{"Value":"Battery capacity","Language":"EN"}}}]},{"ID":849,"SortNo":"13","FeatureGroup":{"ID":"27","Name":{"Value":"Power","Language":"EN"}},"Features":[{"Localized":0,"ID":773378426,"LocalID":0,"Type":"alphanumeric","Value":"100 - 240","CategoryFeatureId":"31232","CategoryFeatureGroupID":"849","SortNo":"45","PresentationValue":"100 - 240 V","RawValue":"100 - 240","LocalValue":"100 - 240","Description":"","Mandatory":"0","Searchable":"0","Optional":"0","Feature":{"ID":"902","Sign":"","Measure":{"ID":"42","Sign":"","Signs":{"ID":"26","_":"V","Language":"EN"}},"Name":{"Value":"AC adapter input voltage","Language":"EN"}}},{"Localized":0,"ID":773378432,"LocalID":0,"Type":"alphanumeric","Value":"50 - 60","CategoryFeatureId":"31231","CategoryFeatureGroupID":"849","SortNo":"40","PresentationValue":"50 - 60 Hz","RawValue":"50 - 60","LocalValue":"50 - 60","Description":"","Mandatory":"0","Searchable":"0","Optional":"0","Feature":{"ID":"903","Sign":"","Measure":{"ID":"36","Sign":"","Signs":{"ID":"20","_":"Hz","Language":"EN"}},"Name":{"Value":"AC adapter frequency","Language":"EN"}}},{"Localized":0,"ID":773031842,"LocalID":0,"Type":"y_n","Value":"Y","CategoryFeatureId":"974881","CategoryFeatureGroupID":"849","SortNo":"0","PresentationValue":"Yes","RawValue":"Y","LocalValue":"Yes","Description":"","Mandatory":"1","Searchable":"0","Optional":"0","Feature":{"ID":"48505","Sign":"","Measure":{"ID":"26","Sign":"","Signs":{"ID":"","_":"","Language":"EN"}},"Name":{"Value":"USB Type-C charging port","Language":"EN"}}}]},{"ID":82701,"SortNo":"12","FeatureGroup":{"ID":"32","Name":{"Value":"Endurance","Language":"EN"}},"Features":[{"Localized":0,"ID":789533577,"LocalID":0,"Type":"dropdown","Value":"F","CategoryFeatureId":"1088508","CategoryFeatureGroupID":"82701","SortNo":"50","PresentationValue":"F","RawValue":"F","LocalValue":"F","Description":"The energy efficiency of the appliance is rated in terms of a set of energy efficiency classes from A+++ to G on the label, A+++ being the most energy efficient, G the least efficient.","Mandatory":"1","Searchable":"0","Optional":"0","Feature":{"ID":"2705","Sign":"","Measure":{"ID":"29","Sign":"","Signs":{"ID":"","_":"","Language":"EN"}},"Name":{"Value":"Energy efficiency class","Language":"EN"}}},{"Localized":0,"ID":793062231,"LocalID":0,"Type":"dropdown","Value":"A to G","CategoryFeatureId":"1088509","CategoryFeatureGroupID":"82701","SortNo":"48","PresentationValue":"A to G","RawValue":"A to G","LocalValue":"A to G","Description":"","Mandatory":"0","Searchable":"0","Optional":"0","Feature":{"ID":"39201","Sign":"","Measure":{"ID":"29","Sign":"","Signs":{"ID":"","_":"","Language":"EN"}},"Name":{"Value":"Energy efficiency scale","Language":"EN"}}},{"Localized":0,"ID":789533579,"LocalID":0,"Type":"numerical","Value":"4568","CategoryFeatureId":"1088510","CategoryFeatureGroupID":"82701","SortNo":"46","PresentationValue":"4568 min","RawValue":"4568","LocalValue":"4568","Description":"","Mandatory":"1","Searchable":"0","Optional":"0","Feature":{"ID":"49427","Sign":"","Measure":{"ID":"66","Sign":"","Signs":{"ID":"49","_":"min","Language":"EN"}},"Name":{"Value":"Battery endurance per cycle","Language":"EN"}}},{"Localized":0,"ID":789533583,"LocalID":0,"Type":"numerical","Value":"1000","CategoryFeatureId":"1088511","CategoryFeatureGroupID":"82701","SortNo":"44","PresentationValue":"1000","RawValue":"1000","LocalValue":"1000","Description":"","Mandatory":"1","Searchable":"0","Optional":"0","Feature":{"ID":"49429","Sign":"","Measure":{"ID":"29","Sign":"","Signs":{"ID":"","_":"","Language":"EN"}},"Name":{"Value":"Battery endurance in cycles","Language":"EN"}}},{"Localized":0,"ID":789533581,"LocalID":0,"Type":"dropdown","Value":"E","CategoryFeatureId":"1088512","CategoryFeatureGroupID":"82701","SortNo":"42","PresentationValue":"E","RawValue":"E","LocalValue":"E","Description":"","Mandatory":"1","Searchable":"0","Optional":"0","Feature":{"ID":"49428","Sign":"","Measure":{"ID":"29","Sign":"","Signs":{"ID":"","_":"","Language":"EN"}},"Name":{"Value":"Repeated free fall reliability class","Language":"EN"}}},{"Localized":0,"ID":789533585,"LocalID":0,"Type":"dropdown","Value":"A","CategoryFeatureId":"1088513","CategoryFeatureGroupID":"82701","SortNo":"40","PresentationValue":"A","RawValue":"A","LocalValue":"A","Description":"","Mandatory":"1","Searchable":"0","Optional":"0","Feature":{"ID":"49430","Sign":"","Measure":{"ID":"29","Sign":"","Signs":{"ID":"","_":"","Language":"EN"}},"Name":{"Value":"Repairability class","Language":"EN"}}},{"Localized":0,"ID":593914737,"LocalID":0,"Type":"dropdown","Value":"IP52","CategoryFeatureId":"122419","CategoryFeatureGroupID":"82701","SortNo":"38","PresentationValue":"IP52","RawValue":"IP52","LocalValue":"IP52","Description":"The IP code classifies and rates the degree of protection provided against the intrusion (including body parts such as hands and fingers), dust, accidental contact, and water by mechanical casings and electrical enclosures. It is published by the International Electrotechnical Commission (IEC). The digits (characteristic numerals) indicate conformity with the conditions summarized in the tables below. Where there is no protection rating with regard to one of the criteria, the digit is replaced with the letter X. an electrical socket rated IP22 is protected against insertion of fingers and will not be damaged or become unsafe during a specified test in which it is exposed to vertically or nearly vertically dripping water. Another example is the Sony Xperia Z Ultra, one of the first cellular phones to be IP-rated; it is rated at IP58 and marketed as \"dust resistant\" and can be \"immersed in 1.5 meter of freshwater for up to 30 minutes\".","Mandatory":"1","Searchable":"0","Optional":"0","Feature":{"ID":"7900","Sign":"","Measure":{"ID":"29","Sign":"","Signs":{"ID":"","_":"","Language":"EN"}},"Name":{"Value":"International Protection (IP) code","Language":"EN"}}}]},{"ID":72248,"SortNo":"11","FeatureGroup":{"ID":"279","Name":{"Value":"Sustainability","Language":"EN"}},"Features":[{"Localized":0,"ID":618951335,"LocalID":0,"Type":"multi_dropdown","Value":"ENERGY STAR","CategoryFeatureId":"609612","CategoryFeatureGroupID":"72248","SortNo":"0","PresentationValue":"ENERGY STAR","RawValue":"ENERGY STAR","LocalValue":"ENERGY STAR","Description":"","Mandatory":"0","Searchable":"0","Optional":"0","Feature":{"ID":"42513","Sign":"","Measure":{"ID":"29","Sign":"","Signs":{"ID":"","_":"","Language":"EN"}},"Name":{"Value":"Sustainability certificates","Language":"EN"}}}]},{"ID":848,"SortNo":"5","FeatureGroup":{"ID":"14","Name":{"Value":"Weight & dimensions","Language":"EN"}},"Features":[{"Localized":0,"ID":593914750,"LocalID":0,"Type":"numerical","Value":"255.26","CategoryFeatureId":"21002","CategoryFeatureGroupID":"848","SortNo":"10","PresentationValue":"255.3 mm","RawValue":"255.26","LocalValue":"255.3","Description":"The measurement or extent of something from side to side.","Mandatory":"0","Searchable":"0","Optional":"0","Feature":{"ID":"1649","Sign":"","Measure":{"ID":"24","Sign":"","Signs":{"ID":"3","_":"mm","Language":"EN"}},"Name":{"Value":"Width","Language":"EN"}}},{"Localized":0,"ID":593914757,"LocalID":0,"Type":"numerical","Value":"166.31","CategoryFeatureId":"21003","CategoryFeatureGroupID":"848","SortNo":"9","PresentationValue":"166.3 mm","RawValue":"166.31","LocalValue":"166.3","Description":"The distance from the front to the back of something.","Mandatory":"0","Searchable":"0","Optional":"0","Feature":{"ID":"1650","Sign":"","Measure":{"ID":"24","Sign":"","Signs":{"ID":"3","_":"mm","Language":"EN"}},"Name":{"Value":"Depth","Language":"EN"}}},{"Localized":0,"ID":593914760,"LocalID":0,"Type":"numerical","Value":"7.15","CategoryFeatureId":"21004","CategoryFeatureGroupID":"848","SortNo":"7","PresentationValue":"7.15 mm","RawValue":"7.15","LocalValue":"7.15","Description":"The measurement of the product from head to foot or from base to top.","Mandatory":"0","Searchable":"0","Optional":"0","Feature":{"ID":"1464","Sign":"","Measure":{"ID":"24","Sign":"","Signs":{"ID":"3","_":"mm","Language":"EN"}},"Name":{"Value":"Height","Language":"EN"}}},{"Localized":0,"ID":593914767,"LocalID":0,"Type":"numerical","Value":"465","CategoryFeatureId":"12812","CategoryFeatureGroupID":"848","SortNo":"4","PresentationValue":"465 g","RawValue":"465","LocalValue":"465","Description":"Weight of the product without packaging (net weight). If possible, the net weight is given including standard accessories and supplies. Please note that sometimes the manufacturer leaves out the weight of accessories and/or supplies.","Mandatory":"0","Searchable":"0","Optional":"0","Feature":{"ID":"94","Sign":"","Measure":{"ID":"38","Sign":"","Signs":{"ID":"22","_":"g","Language":"EN"}},"Name":{"Value":"Weight","Language":"EN"}}}]},{"ID":6516,"SortNo":"3","FeatureGroup":{"ID":"116","Name":{"Value":"Packaging content","Language":"EN"}},"Features":[{"Localized":0,"ID":593914739,"LocalID":0,"Type":"y_n","Value":"Y","CategoryFeatureId":"91105","CategoryFeatureGroupID":"6516","SortNo":"100","PresentationValue":"Yes","RawValue":"Y","LocalValue":"Yes","Description":"","Mandatory":"0","Searchable":"0","Optional":"0","Feature":{"ID":"8064","Sign":"","Measure":{"ID":"26","Sign":"","Signs":{"ID":"","_":"","Language":"EN"}},"Name":{"Value":"Stylus pen","Language":"EN"}}},{"Localized":0,"ID":773031888,"LocalID":0,"Type":"y_n","Value":"N","CategoryFeatureId":"57785","CategoryFeatureGroupID":"6516","SortNo":"10","PresentationValue":"No","RawValue":"N","LocalValue":"No","Description":"","Mandatory":"1","Searchable":"0","Optional":"0","Feature":{"ID":"1230","Sign":"","Measure":{"ID":"26","Sign":"","Signs":{"ID":"","_":"","Language":"EN"}},"Name":{"Value":"AC adapter included","Language":"EN"}}}]},{"ID":41361,"SortNo":"0","FeatureGroup":{"ID":"76","Name":{"Value":"Certificates","Language":"EN"}},"Features":[{"Localized":0,"ID":651730562,"LocalID":0,"Type":"multi_dropdown","Value":"RoHS","CategoryFeatureId":"953276","CategoryFeatureGroupID":"41361","SortNo":"0","PresentationValue":"RoHS","RawValue":"RoHS","LocalValue":"RoHS","Description":"","Mandatory":"0","Searchable":"0","Optional":"0","Feature":{"ID":"48024","Sign":"","Measure":{"ID":"29","Sign":"","Signs":{"ID":"","_":"","Language":"EN"}},"Name":{"Value":"Compliance certificates","Language":"EN"}}},{"Localized":0,"ID":593915011,"LocalID":0,"Type":"textarea","Value":"ENERGY STAR 8.0\nErP Lot 26\nErP Lot 6\nRoHS compliant\nTÜV Rheinland Low Blue Light","CategoryFeatureId":"34269","CategoryFeatureGroupID":"41361","SortNo":"-100","PresentationValue":"ENERGY STAR 8.0\nErP Lot 26\nErP Lot 6\nRoHS compliant\nTÜV Rheinland Low Blue Light","RawValue":"ENERGY STAR 8.0\nErP Lot 26\nErP Lot 6\nRoHS compliant\nTÜV Rheinland Low Blue Light","LocalValue":"ENERGY STAR 8.0\nErP Lot 26\nErP Lot 6\nRoHS compliant\nTÜV Rheinland Low Blue Light","Description":"","Mandatory":"0","Searchable":"0","Optional":"0","Feature":{"ID":"249","Sign":"","Measure":{"ID":"29","Sign":"","Signs":{"ID":"","_":"","Language":"EN"}},"Name":{"Value":"Certification","Language":"EN"}}}]},{"ID":850,"SortNo":"-10","FeatureGroup":{"ID":"28","Name":{"Value":"Operational conditions","Language":"EN"}},"Features":[{"Localized":0,"ID":773378438,"LocalID":0,"Type":"range","Value":"0 - 40","CategoryFeatureId":"7146","CategoryFeatureGroupID":"850","SortNo":"50","PresentationValue":"0 - 40 °C","RawValue":"0 - 40","LocalValue":"0 - 40","Description":"The minimum and maximum temperatures at which the product can be safely operated.","Mandatory":"0","Searchable":"0","Optional":"0","Feature":{"ID":"1112","Sign":"","Measure":{"ID":"65","Sign":"","Signs":{"ID":"48","_":"°C","Language":"EN"}},"Name":{"Value":"Operating temperature (T-T)","Language":"EN"}}},{"Localized":0,"ID":773378419,"LocalID":0,"Type":"range","Value":"0 - 95","CategoryFeatureId":"7145","CategoryFeatureGroupID":"850","SortNo":"43","PresentationValue":"0 - 95%","RawValue":"0 - 95","LocalValue":"0 - 95","Description":"","Mandatory":"0","Searchable":"0","Optional":"0","Feature":{"ID":"703","Sign":"","Measure":{"ID":"64","Sign":"","Signs":{"ID":"47","_":"%","Language":"EN"}},"Name":{"Value":"Operating relative humidity (H-H)","Language":"EN"}}}]},{"ID":7816,"SortNo":"-100","FeatureGroup":{"ID":"146","Name":{"Value":"Other features","Language":"EN"}},"Features":[{"Localized":0,"ID":593916595,"LocalID":0,"Type":"numerical","Value":"2","CategoryFeatureId":"925995","CategoryFeatureGroupID":"7816","SortNo":"0","PresentationValue":"2 year(s)","RawValue":"2","LocalValue":"2","Description":"","Mandatory":"0","Searchable":"0","Optional":"0","Feature":{"ID":"45898","Sign":"","Measure":{"ID":"75","Sign":"","Signs":{"ID":"58","_":"year(s)","Language":"EN"}},"Name":{"Value":"Warranty period","Language":"EN"}}}]}],"FeatureLogos":[{"LogoPic":"https://images.icecat.biz/img/feature_logo/4-8210.png","Width":"195","Height":"200","Size":"0","ThumbPic":"https://images.icecat.biz/img/feature_logo_thumbs/4-8210.png","FeatureID":"42513","Value":"ENERGY STAR","KeyLogo":0,"Description":{"Value":"ENERGY STAR® is the government-backed symbol for energy efficiency, providing simple, credible, and unbiased information that consumers and businesses rely on to make well-informed decisions. ENERGY STAR is the simple choice for energy efficiency, making it easy for consumers and businesses to purchase products that save them money and protect the environment.","Language":"EN"}},{"LogoPic":"https://images.icecat.biz/img/feature_logo/8-2276.png","Width":"200","Height":"200","Size":"0","ThumbPic":"https://images.icecat.biz/img/feature_logo_thumbs/8-2276.png","FeatureID":"48024","Value":"RoHS","KeyLogo":1,"Description":{"Value":"RoHS stands for Restriction of Hazardous Substances. RoHS, also known as Directive 2002/95/EC, originated in the European Union and restricts the use of specific hazardous materials found in electrical and electronic products (known as EEE). All applicable products in the EU market after July 1, 2006 must pass RoHS compliance. The substances banned under RoHS are lead (Pb), mercury (Hg), cadmium (Cd), hexavalent chromium (CrVI), polybrominated biphenyls (PBB), polybrominated diphenyl ethers (PBDE), and four different phthalates (DEHP, BBP, BBP, DIBP).","Language":"EN"}},{"LogoPic":"https://images.icecat.biz/img/feature_logo/989-1485.png","Width":"300","Height":"165","Size":"0","ThumbPic":"https://images.icecat.biz/img/feature_logo_thumbs/989-1485.png","FeatureID":"2705","Value":"F","KeyLogo":2,"Description":{"Value":"F means that the product is rated in its category in terms of energy efficiency. The Energy Labeling system is based on EU Regulation 2017/1369/EU.","Language":"EN"}},{"LogoPic":"https://images.icecat.biz/img/feature_logo/1242-3899.png","Width":"0","Height":"0","Size":"0","ThumbPic":"https://images.icecat.biz/img/feature_logo_thumbs/1242-3899.png","FeatureID":"1230","Value":"N","KeyLogo":3,"Description":{"Value":"DIRECTIVE (EU) 2022/2380 OF THE EUROPEAN PARLIAMENT AND OF THE COUNCIL of 23 November 2022 (Part III)","Language":"EN"}}],"ReasonsToBuy":[],"Reviews":[],"ProductRelated":[{"ID":326436129,"CategoryID":6946,"Preferred":0,"IcecatID":129766778,"ProductCode":"ZG38C05644","ThumbPic":"","ProductName":"ZG38C05644","Brand":"Lenovo","BrandID":728,"ProductRelatedLocales":[{"ID":0,"Language":"EN","Preferred":0,"StartDate":"","EndDate":""}]},{"ID":326436128,"CategoryID":788,"Preferred":0,"IcecatID":120552540,"ProductCode":"5WS8C04325","ThumbPic":"","ProductName":"5WS8C04325","Brand":"Lenovo","BrandID":728,"ProductRelatedLocales":[{"ID":0,"Language":"EN","Preferred":0,"StartDate":"","EndDate":""}]},{"ID":326436127,"CategoryID":788,"Preferred":0,"IcecatID":120552539,"ProductCode":"5WS8C04324","ThumbPic":"","ProductName":"2Y Premium Care with Courier/Carry-in upgrade from 2Y Courier/Carry-in (Android Tablets)","Brand":"Lenovo","BrandID":728,"ProductRelatedLocales":[{"ID":0,"Language":"EN","Preferred":0,"StartDate":"","EndDate":""}]},{"ID":326436130,"CategoryID":194,"Preferred":0,"IcecatID":120221580,"ProductCode":"ZG38C05805","ThumbPic":"","ProductName":"ZG38C05805","Brand":"Lenovo","BrandID":728,"ProductRelatedLocales":[{"ID":0,"Language":"EN","Preferred":0,"StartDate":"","EndDate":""}]},{"ID":295786705,"CategoryID":2774,"Preferred":0,"IcecatID":115747824,"ProductCode":"ZG38C05471","ThumbPic":"","ProductName":"ZG38C05471","Brand":"Lenovo","BrandID":728,"ProductRelatedLocales":[{"ID":0,"Language":"EN","Preferred":0,"StartDate":"","EndDate":""}]},{"ID":295786703,"CategoryID":2774,"Preferred":0,"IcecatID":115747823,"ProductCode":"ZG38C05461","ThumbPic":"","ProductName":"ZG38C05461","Brand":"Lenovo","BrandID":728,"ProductRelatedLocales":[{"ID":0,"Language":"EN","Preferred":0,"StartDate":"","EndDate":""}]},{"ID":295786700,"CategoryID":788,"Preferred":0,"IcecatID":114992908,"ProductCode":"5WS8C04319","ThumbPic":"","ProductName":"5WS8C04319","Brand":"Lenovo","BrandID":728,"ProductRelatedLocales":[{"ID":0,"Language":"EN","Preferred":0,"StartDate":"","EndDate":""}]},{"ID":295786702,"CategoryID":203,"Preferred":0,"IcecatID":113493799,"ProductCode":"ZG38C05190","ThumbPic":"","ProductName":"Tab Pen Plus","Brand":"Lenovo","BrandID":728,"ProductRelatedLocales":[{"ID":0,"Language":"EN","Preferred":0,"StartDate":"","EndDate":""}]}],"CatalogObjectCloud":{"ProductPage":{"QRCodeURL":"https://qr.icecat.biz/coc/24fa68b9-3e71-411c-837d-904946c88c97","URL":"https://coc.icecat.biz/24fa68b9-3e71-411c-837d-904946c88c97"}},"Variants":[],"ProductStory":[],"Dictionary":{"model_name":"Product name","desc":"Description","ean_code":"EAN/UPC code","flash360":"3D tour","demo_msg_part3":"If you don't have an Icecat account, please register here for free.","repairability_index":"Repairability index","zoom_panel_init":"Original size","cat_name":"Category","product_family":"Product family","back_to_top":"Back to top","zoom_panel_out":"Zoom out","specs":"Specs","eu_product_fiche":"EU Product Fiche","reviews_head_name":"Reviews","pdf_specs":"Product Brochure","zoom_panel_in":"Zoom in","html_content":"","release_date":"Release date","demo_msg_part1":"You are using now a Demo account. Please, use your own Icecat account","demo_insert_desc":"This is a demo of a seamless insert of an Icecat LIVE product data-sheet in your website. Imagine that this responsive data-sheet is included in the product page of your webshop.","pdf_url":"User manual","prod_code":"Product code","supplier_name":"Brand","video":"Video","reasons_to_buy":"Reasons to buy","marketing_text":"Description","options_head_name":"Options","product_series":"Product series","demo_msg_part2":"your Icecat login name","link_integrate_desk":"How to integrate Icecat LIVE JavaScript.","zoom_panel_dragg":"Mouse dragging","eu_energy_label":"EU Energy Label"},"DemoAccount":true}}