{"msg":"OK","data":{"GeneralInfo":{"IcecatId":134703582,"ReleaseDate":"","EndOfLifeDate":"","Title":"Allegra K Children's Allegra Allergy 12 Hour Dissolve Tabs","TitleInfo":{"GeneratedIntTitle":"Allegra K Allergy 12 Hour Dissolve Tabs","GeneratedLocalTitle":{"Value":"Allegra K Allergy 12 Hour Dissolve Tabs Tablet","Language":"EN"},"BrandLocalTitle":{"Value":"Allegra K Children's Allegra Allergy 12 Hour Dissolve Tabs","Language":"EN"}},"Brand":"Allegra K","BrandID":"26222","BrandLogo":"","BrandInfo":{"BrandName":"Allegra K","BrandLocalName":"","BrandLogo":""},"ProductName":"Children's Allegra Allergy 12 Hour Dissolve Tabs","ProductNameInfo":{"ProductIntName":"Allergy 12 Hour Dissolve Tabs","ProductLocalName":{"Value":"Children's Allegra Allergy 12 Hour Dissolve Tabs","Language":"EN"}},"BrandPartCode":"1-00-41167-42326-4","GTIN":[],"Category":{"CategoryID":"4879","Name":{"Value":"Antiallergic Drugs","Language":"EN"}},"ProductFamily":{},"ProductSeries":{"SeriesID":"1"},"Description":{"ID":"104044185","LongDesc":"<b>Relieve your child's tough allergy symptoms with 0% brain interference due to drowsiness,</b><br><br>Children's Allegra Allergy 12 Hour Dissolve Tabs are specially designed to tackle allergy symptoms like runny noses, watery eyes, itchy noses, and more, for kids aged 6 and up without entering their brain. These tablets that dissolve on the tongue won't cross their blood-brain barrier or interfere with their concentration due to drowsiness. That's why Allegra is the #1 allergist-recommended children's non-drowsy allergy brand*.","LongProductName":"Children's Allegra Allergy 12 Hour Dissolve Tabs","MiddleDesc":"","Disclaimer":"","ManualPDFURL":"","ManualPDFSize":"0","LeafletPDFURL":"","PDFSize":"0","URL":"https://www.allegra.com/en-us/products/kids-allergy-relief/childrens-allergy-tablets","WarrantyInfo":"","Updated":"2025-09-09 10:10:53","Language":"EN"},"SummaryDescription":{"ShortSummaryDescription":"Allegra K Children's Allegra Allergy 12 Hour Dissolve Tabs, Tablet, Blister, Orange","LongSummaryDescription":"Allegra K Children's Allegra Allergy 12 Hour Dissolve Tabs. Dosage form: Tablet, Dispenser type: Blister, Suitable for: Children"},"BulletPoints":{"BulletPointsId":"13608766","Language":"EN","Values":["Long-lasting - 12 hours","0% Brain Interference for non-drowsy allergy relief","Kid-approved orange taste"],"Updated":"2025-09-09 10:10:53"},"GeneratedBulletPoints":{},"GTINs":[]},"Image":{"HighPic":"https://inishop.com/img/gallery/4f1b19c38ba7e176ba975391b8ba894359917fe3.jpg","HighPicSize":"106246","HighPicHeight":"424","HighPicWidth":"246","LowPic":"https://inishop.com/img/gallery_lows/cd5942ca1c9b68a527f8e4502809d3e8e807cbf7.jpg","LowPicSize":"32062","LowPicHeight":"200","LowPicWidth":"116","Pic500x500":"","Pic500x500Size":"0","Pic500x500Height":"0","Pic500x500Width":"0","ThumbPic":"https://inishop.com/img/gallery_thumbs/6580b1897a4ae4004f5ddc5b16d22ca0fa2488a4.jpg","ThumbPicSize":"7183"},"Multimedia":[{"ID":"710A78B6-29DC-4F88-A2EE-78DE3CABAAD2","URL":"https://inishop.com/objects/134703582_69144502.mp4?access=1xA9ENikE9rZEZyKoUQoCXLSmPe9W4TdhqBoIXLD3IpembIUg2wIzCvGBRRifbLQ","Type":"video/mp4","ContentType":"video/mp4","KeepAsUrl":"0","Description":"Children's Allegra® Allergy 12 Hour Dissolve Tabs","Size":"1402789","IsPrivate":"0","Updated":"2025-09-10 13:19:19","Language":"","IsVideo":1,"ThumbUrl":"https://inishop.com/objects/thumb/134703582_69144502_thumb.png?access=1xA9ENikE9rZEZyKoUQoCXLSmPe9W4TdhqBoIXLD3IpembIUg2wIzCvGBRRifbLQ","PreviewUrl":"https://inishop.com/objects/preview/134703582_69144502_preview.png?access=1xA9ENikE9rZEZyKoUQoCXLSmPe9W4TdhqBoIXLD3IpembIUg2wIzCvGBRRifbLQ"},{"ID":"A8F46678-E8EE-4A2E-80FE-F16D36856572","URL":"https://inishop.com/objects/mmo_134703582_1757414403_4284_3600745.txt","Type":"ProductStory2.0","ContentType":"text/html","KeepAsUrl":"0","Description":"ProductStory2.0","Size":"4719","IsPrivate":"0","Updated":"2025-09-09 12:40:03","Language":"EN","IsVideo":0},{"ID":"4416B43F-2444-4F31-B2E8-965B0DE99867","URL":"https://live-html.icecat.biz/134691a966d72a77cdac475e799b1f43/index.html","Type":"ProductStory","ContentType":"application/zip","KeepAsUrl":"0","Description":"ProductStory","Size":"1761","IsPrivate":"0","Updated":"2025-09-09 12:40:07","Language":"EN","IsVideo":0}],"Gallery":[{"ID":"117095016","LowPic":"https://inishop.com/img/gallery_lows/cd5942ca1c9b68a527f8e4502809d3e8e807cbf7.jpg","LowSize":"32062","LowHeight":"200","LowWidth":"116","ThumbPic":"https://inishop.com/img/gallery_thumbs/6580b1897a4ae4004f5ddc5b16d22ca0fa2488a4.jpg","ThumbPicSize":"7183","Pic":"https://inishop.com/img/gallery/4f1b19c38ba7e176ba975391b8ba894359917fe3.jpg","Size":"106246","PicHeight":"424","PicWidth":"246","Pic500x500":"","Pic500x500Size":"0","Pic500x500Height":"0","Pic500x500Width":"0","No":"1","IsMain":"Y","Updated":"2025-09-09 10:14:05","IsPrivate":"0","Type":"ProductImage","Attributes":{"OriginalFileName":""}},{"ID":"117095060","LowPic":"https://inishop.com/img/gallery_lows/f47e218e6978dc3703c08f707c0f388bb5d6bf77.jpg","LowSize":"36755","LowHeight":"139","LowWidth":"200","ThumbPic":"https://inishop.com/img/gallery_thumbs/4a8071c8a89568b212563019d1ef8eb080d58dc6.jpg","ThumbPicSize":"7867","Pic":"https://inishop.com/img/gallery/474f55b77a0e246e3d9c6a9905ad95eff86e1c4e.jpg","Size":"268859","PicHeight":"508","PicWidth":"729","Pic500x500":"https://inishop.com/img/gallery_mediums/34d23d1e7da5113702474734a54b2bf7d52af318.jpg","Pic500x500Size":"156734","Pic500x500Height":"348","Pic500x500Width":"500","No":"2","IsMain":"N","Updated":"2025-09-09 10:15:10","IsPrivate":"0","Type":"LifestyleImage","Attributes":{"OriginalFileName":""}},{"ID":"117095063","LowPic":"https://inishop.com/img/gallery_lows/784fc481706b3a0a46010d9ebe66fef69f67eec2.jpg","LowSize":"15346","LowHeight":"139","LowWidth":"200","ThumbPic":"https://inishop.com/img/gallery_thumbs/81ba53a304328c0d8833fc6f8d4caa344b2a70f5.jpg","ThumbPicSize":"4481","Pic":"https://inishop.com/img/gallery/1aeae5c8dd5eededa09286bc54fe3b993dc52bf4.jpg","Size":"102847","PicHeight":"508","PicWidth":"729","Pic500x500":"https://inishop.com/img/gallery_mediums/d1afe7b42e3787ad5faccc2e7f0ae9a8b08493b9.jpg","Pic500x500Size":"60076","Pic500x500Height":"348","Pic500x500Width":"500","No":"3","IsMain":"N","Updated":"2025-09-09 10:15:15","IsPrivate":"0","Type":"LifestyleImage","Attributes":{"OriginalFileName":""}},{"ID":"117095066","LowPic":"https://inishop.com/img/gallery_lows/20d528f8c4befc65accc0c2dab816b0ffe28c7da.jpg","LowSize":"40575","LowHeight":"139","LowWidth":"200","ThumbPic":"https://inishop.com/img/gallery_thumbs/cba6df39cb4d512afe9aec7be86fbd8a01acb9f1.jpg","ThumbPicSize":"8411","Pic":"https://inishop.com/img/gallery/f0aa1d23415cffb9f3a688ca2225290a36c24eda.jpg","Size":"340775","PicHeight":"508","PicWidth":"729","Pic500x500":"https://inishop.com/img/gallery_mediums/9f4bb1142a44481eeea629c968a2c65680785c38.jpg","Pic500x500Size":"184223","Pic500x500Height":"348","Pic500x500Width":"500","No":"4","IsMain":"N","Updated":"2025-09-09 10:15:25","IsPrivate":"0","Type":"ProductImageAnnotated","Attributes":{"OriginalFileName":""}}],"FeaturesGroups":[{"ID":17656,"SortNo":"5","FeatureGroup":{"ID":"185","Name":{"Value":"Features","Language":"EN"}},"Features":[{"Localized":0,"ID":835230484,"LocalID":0,"Type":"dropdown","Value":"Tablet (substance)","CategoryFeatureId":"162301","CategoryFeatureGroupID":"17656","SortNo":"100","PresentationValue":"Tablet","RawValue":"Tablet (substance)","LocalValue":"Tablet","Description":"","Mandatory":"1","Searchable":"1","Optional":"0","Feature":{"ID":"25712","Sign":"","Measure":{"ID":"29","Sign":"","Signs":{"ID":"","_":"","Language":"EN"}},"Name":{"Value":"Dosage form","Language":"EN"}}},{"Localized":0,"ID":835230487,"LocalID":0,"Type":"dropdown","Value":"Blister","CategoryFeatureId":"167653","CategoryFeatureGroupID":"17656","SortNo":"99","PresentationValue":"Blister","RawValue":"Blister","LocalValue":"Blister","Description":"The type of container from which the product can be dispensed, e.g. bag, tube etc.","Mandatory":"0","Searchable":"0","Optional":"0","Feature":{"ID":"17965","Sign":"","Measure":{"ID":"29","Sign":"","Signs":{"ID":"","_":"","Language":"EN"}},"Name":{"Value":"Dispenser type","Language":"EN"}}},{"Localized":0,"ID":835230491,"LocalID":0,"Type":"dropdown","Value":"Children","CategoryFeatureId":"162302","CategoryFeatureGroupID":"17656","SortNo":"95","PresentationValue":"Children","RawValue":"Children","LocalValue":"Children","Description":"Who can use the product, or what the product can be used for.","Mandatory":"0","Searchable":"0","Optional":"0","Feature":{"ID":"9202","Sign":"","Measure":{"ID":"29","Sign":"","Signs":{"ID":"","_":"","Language":"EN"}},"Name":{"Value":"Suitable for","Language":"EN"}}},{"Localized":0,"ID":835230795,"LocalID":0,"Type":"numerical","Value":"6","CategoryFeatureId":"162303","CategoryFeatureGroupID":"17656","SortNo":"90","PresentationValue":"6 yr(s)","RawValue":"6","LocalValue":"6","Description":"The minimum age suitable for using this product.","Mandatory":"0","Searchable":"0","Optional":"0","Feature":{"ID":"7769","Sign":"","Measure":{"ID":"439","Sign":"","Signs":{"ID":"39428","_":"yr(s)","Language":"EN"}},"Name":{"Value":"Minimum age","Language":"EN"}}},{"Localized":0,"ID":835230676,"LocalID":0,"Type":"dropdown","Value":"Orange","CategoryFeatureId":"162304","CategoryFeatureGroupID":"17656","SortNo":"85","PresentationValue":"Orange","RawValue":"Orange","LocalValue":"Orange","Description":"How something tastes.","Mandatory":"0","Searchable":"0","Optional":"0","Feature":{"ID":"12019","Sign":"","Measure":{"ID":"29","Sign":"","Signs":{"ID":"","_":"","Language":"EN"}},"Name":{"Value":"Flavour","Language":"EN"}}},{"Localized":0,"ID":835230655,"LocalID":0,"Type":"numerical","Value":"12","CategoryFeatureId":"162305","CategoryFeatureGroupID":"17656","SortNo":"80","PresentationValue":"12 h","RawValue":"12","LocalValue":"12","Description":"","Mandatory":"0","Searchable":"0","Optional":"0","Feature":{"ID":"19115","Sign":"","Measure":{"ID":"46","Sign":"","Signs":{"ID":"30","_":"h","Language":"EN"}},"Name":{"Value":"Effect duration","Language":"EN"}}},{"Localized":0,"ID":835230862,"LocalID":0,"Type":"y_n","Value":"Y","CategoryFeatureId":"162306","CategoryFeatureGroupID":"17656","SortNo":"30","PresentationValue":"Yes","RawValue":"Y","LocalValue":"Yes","Description":"","Mandatory":"0","Searchable":"0","Optional":"0","Feature":{"ID":"25715","Sign":"","Measure":{"ID":"26","Sign":"","Signs":{"ID":"","_":"","Language":"EN"}},"Name":{"Value":"Non-drowsy","Language":"EN"}}},{"Localized":0,"ID":835230848,"LocalID":0,"Type":"y_n","Value":"Y","CategoryFeatureId":"162309","CategoryFeatureGroupID":"17656","SortNo":"27","PresentationValue":"Yes","RawValue":"Y","LocalValue":"Yes","Description":"","Mandatory":"0","Searchable":"0","Optional":"0","Feature":{"ID":"25716","Sign":"","Measure":{"ID":"26","Sign":"","Signs":{"ID":"","_":"","Language":"EN"}},"Name":{"Value":"Fast acting","Language":"EN"}}},{"Localized":0,"ID":835230647,"LocalID":0,"Type":"y_n","Value":"Y","CategoryFeatureId":"162310","CategoryFeatureGroupID":"17656","SortNo":"26","PresentationValue":"Yes","RawValue":"Y","LocalValue":"Yes","Description":"","Mandatory":"0","Searchable":"0","Optional":"0","Feature":{"ID":"18071","Sign":"","Measure":{"ID":"26","Sign":"","Signs":{"ID":"","_":"","Language":"EN"}},"Name":{"Value":"Long-lasting","Language":"EN"}}},{"Localized":0,"ID":835230852,"LocalID":0,"Type":"numerical","Value":"24","CategoryFeatureId":"280319","CategoryFeatureGroupID":"17656","SortNo":"0","PresentationValue":"24 pc(s)","RawValue":"24","LocalValue":"24","Description":"","Mandatory":"0","Searchable":"0","Optional":"0","Feature":{"ID":"20228","Sign":"","Measure":{"ID":"144","Sign":"","Signs":{"ID":"125","_":"pc(s)","Language":"EN"}},"Name":{"Value":"Quantity per pack","Language":"EN"}}},{"Localized":1,"ID":0,"LocalID":554061135,"Type":"textarea","Value":"","CategoryFeatureId":"162318","CategoryFeatureGroupID":"17656","SortNo":"-1","PresentationValue":"aspartame, crospovidone, flavors, lactose monohydrate, magnesium stearate, methacrylic acid copolymer, microcrystalline cellulose, povidone, silicon dioxide","RawValue":"","LocalValue":"aspartame, crospovidone, flavors, lactose monohydrate, magnesium stearate, methacrylic acid copolymer, microcrystalline cellulose, povidone, silicon dioxide","Description":"","Mandatory":"0","Searchable":"0","Optional":"0","Feature":{"ID":"16908","Sign":"","Measure":{"ID":"29","Sign":"","Signs":{"ID":"","_":"","Language":"EN"}},"Name":{"Value":"Ingredients","Language":"EN"}}}]}],"FeatureLogos":[],"ReasonsToBuy":[],"Reviews":[],"ProductRelated":[],"CatalogObjectCloud":{},"Variants":[],"ProductStory":[{"ID":"4416B43F-2444-4F31-B2E8-965B0DE99867","URL":"https://live-html.icecat.biz/134691a966d72a77cdac475e799b1f43/index.html","Type":"ProductStory","ContentType":"application/zip","KeepAsUrl":"0","Description":"ProductStory","Size":"1761","IsPrivate":"0","Updated":"2025-09-09 12:40:07","Language":"EN","IsVideo":0}],"Dictionary":{"model_name":"Product name","desc":"Description","ean_code":"EAN/UPC code","flash360":"3D tour","demo_msg_part3":"If you don't have an Icecat account, please register here for free.","repairability_index":"Repairability index","zoom_panel_init":"Original size","cat_name":"Category","product_family":"Product family","back_to_top":"Back to top","zoom_panel_out":"Zoom out","specs":"Specs","eu_product_fiche":"EU Product Fiche","reviews_head_name":"Reviews","pdf_specs":"Product Brochure","zoom_panel_in":"Zoom in","html_content":"","release_date":"Release date","demo_msg_part1":"You are using now a Demo account. Please, use your own Icecat account","demo_insert_desc":"This is a demo of a seamless insert of an Icecat LIVE product data-sheet in your website. Imagine that this responsive data-sheet is included in the product page of your webshop.","pdf_url":"User manual","prod_code":"Product code","supplier_name":"Brand","video":"Video","reasons_to_buy":"Reasons to buy","marketing_text":"Description","options_head_name":"Options","product_series":"Product series","demo_msg_part2":"your Icecat login name","link_integrate_desk":"How to integrate Icecat LIVE JavaScript.","zoom_panel_dragg":"Mouse dragging","eu_energy_label":"EU Energy Label"},"DemoAccount":false}}