{"msg":"OK","data":{"GeneralInfo":{"IcecatId":134703541,"ReleaseDate":"","EndOfLifeDate":"","Title":"Vitabalans Cetimax 10 mg film-coated tablets, 100 tab","TitleInfo":{"GeneratedIntTitle":"Vitabalans Cetimax","GeneratedLocalTitle":{"Value":"Vitabalans Cetimax Tablet","Language":"EN"},"BrandLocalTitle":{"Value":"Vitabalans Cetimax 10 mg film-coated tablets, 100 tab","Language":"EN"}},"Brand":"Vitabalans","BrandID":"38086","BrandLogo":"","BrandInfo":{"BrandName":"Vitabalans","BrandLocalName":"","BrandLogo":""},"ProductName":"Cetimax 10 mg film-coated tablets, 100 tab","ProductNameInfo":{"ProductIntName":"Cetimax","ProductLocalName":{"Value":"Cetimax 10 mg film-coated tablets, 100 tab","Language":"EN"}},"BrandPartCode":"16627","GTIN":[],"Category":{"CategoryID":"4879","Name":{"Value":"Antiallergic Drugs","Language":"EN"}},"ProductFamily":{},"ProductSeries":{"SeriesID":"1"},"Description":{"ID":"104043984","LongDesc":"Cetimax belongs to a group of medicines called systemic antihistamines used to treat allergies (hypersensitivity).<br>Cetimax is intended to be used by adults and children aged 6 years and over for:<br>• nose and eye symptoms caused by seasonal and perennial allergic rhinitis<br>• treatment of chronic hives<br>If you are not sure that you can take the product ask your pharmacist for advice, especially if you have kidney disease or you are pregnant or breast feeding.","LongProductName":"Cetimax 10 mg film-coated tablets, 100 tab","MiddleDesc":"","Disclaimer":"","ManualPDFURL":"","ManualPDFSize":"0","LeafletPDFURL":"","PDFSize":"0","URL":"https://vitabalans.fi/en/product/cetimax-10-mg-film-coated-tablets/","WarrantyInfo":"","Updated":"2025-09-09 08:55:59","Language":"EN"},"SummaryDescription":{"ShortSummaryDescription":"Vitabalans Cetimax 10 mg film-coated tablets, 100 tab, Tablet, Bottle","LongSummaryDescription":"Vitabalans Cetimax 10 mg film-coated tablets, 100 tab. Dosage form: Tablet, Dispenser type: Bottle, Suitable for: Adults & Children. Country of origin: Finland"},"BulletPoints":{},"GeneratedBulletPoints":{},"GTINs":[]},"Image":{"HighPic":"https://inishop.com/img/gallery/7c5ff8e1da0634b6ea562b778f6d6615c4fd91d6.jpg","HighPicSize":"139519","HighPicHeight":"1000","HighPicWidth":"1000","LowPic":"https://inishop.com/img/gallery_lows/842b8394d226a1bc443d192b160d5c312f967a7f.jpg","LowPicSize":"16855","LowPicHeight":"200","LowPicWidth":"200","Pic500x500":"https://inishop.com/img/gallery_mediums/64e354fe7a927b155c0ed71befd96d17912075f6.jpg","Pic500x500Size":"59971","Pic500x500Height":"500","Pic500x500Width":"500","ThumbPic":"https://inishop.com/img/gallery_thumbs/c5bc1a37cd87c4cf7f3f0505c5843ba5152d3b49.jpg","ThumbPicSize":"4235"},"Multimedia":[],"Gallery":[{"ID":"117094433","LowPic":"https://inishop.com/img/gallery_lows/842b8394d226a1bc443d192b160d5c312f967a7f.jpg","LowSize":"16855","LowHeight":"200","LowWidth":"200","ThumbPic":"https://inishop.com/img/gallery_thumbs/c5bc1a37cd87c4cf7f3f0505c5843ba5152d3b49.jpg","ThumbPicSize":"4235","Pic":"https://inishop.com/img/gallery/7c5ff8e1da0634b6ea562b778f6d6615c4fd91d6.jpg","Size":"139519","PicHeight":"1000","PicWidth":"1000","Pic500x500":"https://inishop.com/img/gallery_mediums/64e354fe7a927b155c0ed71befd96d17912075f6.jpg","Pic500x500Size":"59971","Pic500x500Height":"500","Pic500x500Width":"500","No":"1","IsMain":"Y","Updated":"2025-09-09 08:52:56","IsPrivate":"0","Type":"ProductImage","Attributes":{"OriginalFileName":""}}],"FeaturesGroups":[{"ID":17656,"SortNo":"5","FeatureGroup":{"ID":"185","Name":{"Value":"Features","Language":"EN"}},"Features":[{"Localized":0,"ID":835223725,"LocalID":0,"Type":"dropdown","Value":"Tablet (substance)","CategoryFeatureId":"162301","CategoryFeatureGroupID":"17656","SortNo":"100","PresentationValue":"Tablet","RawValue":"Tablet (substance)","LocalValue":"Tablet","Description":"","Mandatory":"1","Searchable":"1","Optional":"0","Feature":{"ID":"25712","Sign":"","Measure":{"ID":"29","Sign":"","Signs":{"ID":"","_":"","Language":"EN"}},"Name":{"Value":"Dosage form","Language":"EN"}}},{"Localized":0,"ID":835223882,"LocalID":0,"Type":"dropdown","Value":"Bottle","CategoryFeatureId":"167653","CategoryFeatureGroupID":"17656","SortNo":"99","PresentationValue":"Bottle","RawValue":"Bottle","LocalValue":"Bottle","Description":"The type of container from which the product can be dispensed, e.g. bag, tube etc.","Mandatory":"0","Searchable":"0","Optional":"0","Feature":{"ID":"17965","Sign":"","Measure":{"ID":"29","Sign":"","Signs":{"ID":"","_":"","Language":"EN"}},"Name":{"Value":"Dispenser type","Language":"EN"}}},{"Localized":0,"ID":835754626,"LocalID":0,"Type":"dropdown","Value":"Adults & Children","CategoryFeatureId":"162302","CategoryFeatureGroupID":"17656","SortNo":"95","PresentationValue":"Adults & Children","RawValue":"Adults & Children","LocalValue":"Adults & Children","Description":"Who can use the product, or what the product can be used for.","Mandatory":"0","Searchable":"0","Optional":"0","Feature":{"ID":"9202","Sign":"","Measure":{"ID":"29","Sign":"","Signs":{"ID":"","_":"","Language":"EN"}},"Name":{"Value":"Suitable for","Language":"EN"}}},{"Localized":0,"ID":835754727,"LocalID":0,"Type":"numerical","Value":"6","CategoryFeatureId":"162303","CategoryFeatureGroupID":"17656","SortNo":"90","PresentationValue":"6 yr(s)","RawValue":"6","LocalValue":"6","Description":"The minimum age suitable for using this product.","Mandatory":"0","Searchable":"0","Optional":"0","Feature":{"ID":"7769","Sign":"","Measure":{"ID":"439","Sign":"","Signs":{"ID":"39428","_":"yr(s)","Language":"EN"}},"Name":{"Value":"Minimum age","Language":"EN"}}},{"Localized":0,"ID":835223915,"LocalID":0,"Type":"y_n","Value":"Y","CategoryFeatureId":"162310","CategoryFeatureGroupID":"17656","SortNo":"26","PresentationValue":"Yes","RawValue":"Y","LocalValue":"Yes","Description":"","Mandatory":"0","Searchable":"0","Optional":"0","Feature":{"ID":"18071","Sign":"","Measure":{"ID":"26","Sign":"","Signs":{"ID":"","_":"","Language":"EN"}},"Name":{"Value":"Long-lasting","Language":"EN"}}},{"Localized":0,"ID":835223919,"LocalID":0,"Type":"numerical","Value":"100","CategoryFeatureId":"280319","CategoryFeatureGroupID":"17656","SortNo":"0","PresentationValue":"100 pc(s)","RawValue":"100","LocalValue":"100","Description":"","Mandatory":"0","Searchable":"0","Optional":"0","Feature":{"ID":"20228","Sign":"","Measure":{"ID":"144","Sign":"","Signs":{"ID":"125","_":"pc(s)","Language":"EN"}},"Name":{"Value":"Quantity per pack","Language":"EN"}}}]},{"ID":18206,"SortNo":"0","FeatureGroup":{"ID":"116","Name":{"Value":"Packaging content","Language":"EN"}},"Features":[{"Localized":0,"ID":835223923,"LocalID":0,"Type":"numerical","Value":"1","CategoryFeatureId":"162311","CategoryFeatureGroupID":"18206","SortNo":"3","PresentationValue":"1","RawValue":"1","LocalValue":"1","Description":"The number of products there are.","Mandatory":"0","Searchable":"0","Optional":"0","Feature":{"ID":"1675","Sign":"","Measure":{"ID":"29","Sign":"","Signs":{"ID":"","_":"","Language":"EN"}},"Name":{"Value":"Quantity","Language":"EN"}}}]},{"ID":36314,"SortNo":"0","FeatureGroup":{"ID":"198","Name":{"Value":"Logistics data","Language":"EN"}},"Features":[{"Localized":0,"ID":835223921,"LocalID":0,"Type":"multi_dropdown","Value":"Finland","CategoryFeatureId":"374736","CategoryFeatureGroupID":"36314","SortNo":"0","PresentationValue":"Finland","RawValue":"Finland","LocalValue":"Finland","Description":"Country where the device is made. Aka Country of manufacture (COM).","Mandatory":"0","Searchable":"0","Optional":"0","Feature":{"ID":"3294","Sign":"","Measure":{"ID":"29","Sign":"","Signs":{"ID":"","_":"","Language":"EN"}},"Name":{"Value":"Country of origin","Language":"EN"}}}]}],"FeatureLogos":[],"ReasonsToBuy":[],"Reviews":[],"ProductRelated":[],"CatalogObjectCloud":{},"Variants":[],"ProductStory":[],"Dictionary":{"model_name":"Product name","desc":"Description","ean_code":"EAN/UPC code","flash360":"3D tour","demo_msg_part3":"If you don't have an Icecat account, please register here for free.","repairability_index":"Repairability index","zoom_panel_init":"Original size","cat_name":"Category","product_family":"Product family","back_to_top":"Back to top","zoom_panel_out":"Zoom out","specs":"Specs","eu_product_fiche":"EU Product Fiche","reviews_head_name":"Reviews","pdf_specs":"Product Brochure","zoom_panel_in":"Zoom in","html_content":"","release_date":"Release date","demo_msg_part1":"You are using now a Demo account. Please, use your own Icecat account","demo_insert_desc":"This is a demo of a seamless insert of an Icecat LIVE product data-sheet in your website. Imagine that this responsive data-sheet is included in the product page of your webshop.","pdf_url":"User manual","prod_code":"Product code","supplier_name":"Brand","video":"Video","reasons_to_buy":"Reasons to buy","marketing_text":"Description","options_head_name":"Options","product_series":"Product series","demo_msg_part2":"your Icecat login name","link_integrate_desk":"How to integrate Icecat LIVE JavaScript.","zoom_panel_dragg":"Mouse dragging","eu_energy_label":"EU Energy Label"},"DemoAccount":false}}