{"msg":"OK","data":{"GeneralInfo":{"IcecatId":134704541,"ReleaseDate":"","EndOfLifeDate":"","Title":"Vicks NyQuil Cough DM + Congestion Maximum Strength Nighttime Relief Liquid","TitleInfo":{"GeneratedIntTitle":"Vicks NyQuil cough medicine","GeneratedLocalTitle":{"Value":"Vicks NyQuil cough medicine 354 ml Internal use Syrup","Language":"EN"},"BrandLocalTitle":{"Value":"Vicks NyQuil Cough DM + Congestion Maximum Strength Nighttime Relief Liquid","Language":"EN"}},"Brand":"Vicks","BrandID":"1366","BrandLogo":"","BrandInfo":{"BrandName":"Vicks","BrandLocalName":"","BrandLogo":""},"ProductName":"NyQuil Cough DM + Congestion Maximum Strength Nighttime Relief Liquid","ProductNameInfo":{"ProductIntName":"NyQuil","ProductLocalName":{"Value":"NyQuil Cough DM + Congestion Maximum Strength Nighttime Relief Liquid","Language":"EN"}},"BrandPartCode":"323900041219","GTIN":["0323900041219","323900041219"],"Category":{"CategoryID":"5044","Name":{"Value":"Cough Medicines","Language":"EN"}},"ProductFamily":{},"ProductSeries":{"SeriesID":"1"},"Description":{"ID":"104053087","LongDesc":"Have a bothersome cough that won't let you sleep? Don’t let your cough and congestion keep you up. Vicks NyQuil Cough DM + Congestion provides fast, powerful, maximum strength relief for your worst cough symptoms so that you can sleep. Vicks NyQuil Cough DM + Congestion is a powerful nighttime medicine formulated to relieve cough, nasal congestion, sneezing, and runny nose so you can get the rest you need. NyQuil Cough DM + Congestion coats and soothes your throat and comes in a cherry flavor. Vicks NyQuil is the #1 pharmacist recommended nighttime cough, cold & flu brand","LongProductName":"Cough DM + Congestion Maximum Strength Nighttime Relief Liquid","MiddleDesc":"","Disclaimer":"","ManualPDFURL":"","ManualPDFSize":"0","LeafletPDFURL":"","PDFSize":"0","URL":"https://vicks.com/en-us/shop-products/nyquil/nyquil-cough-dm-congestion-relief-liquid","WarrantyInfo":"","Updated":"2025-09-09 16:23:30","Language":"EN"},"SummaryDescription":{"ShortSummaryDescription":"Vicks NyQuil Cough DM + Congestion Maximum Strength Nighttime Relief Liquid, Internal use, Syrup, 354 ml, Bottle, Active ingredients per 30 mL dose for Adults are Dextromethorphan HBr 20 mg (cough suppressant),..., Take only as directed. Use only the dose cup provided. Do not exceed 4 doses per 24 hours.","LongSummaryDescription":"Vicks NyQuil Cough DM + Congestion Maximum Strength Nighttime Relief Liquid. Proper use: Internal use, Dosage form: Syrup, Volume: 354 ml"},"BulletPoints":{"BulletPointsId":"13610847","Language":"EN","Values":["MAXIMUM STRENGTH COUGH AND CONGESTION RELIEF. Controls cough, thins and loosens mucus, and helps relieve chest congestion","COATS AND SOOTHES. NyQuil Cough DM is specially formulated to coat & soothe your throat","POWERFUL COUGH RELIEF SO YOU CAN SLEEP. Don’t let your cough keep you up. NyQuil Cough DM + Congestion fights your worst cough and congestion so you can rest","POWER THROUGH YOUR WORST COUGH SYMPTOMS. Life doesn’t stop when you have a cough. NyQuil Cough DM+ starts working fast to provide effective cough relief","WORLD'S #1 SELLING OTC COUGH AND COLD BRAND†. Vicks has been trusted for over 125 years to relieve your worst cold & flu symptoms."],"Updated":"2025-09-09 16:23:30"},"GeneratedBulletPoints":{},"GTINs":[{"GTIN":"0323900041219","IsApproved":true},{"GTIN":"323900041219","IsApproved":true}]},"Image":{"HighPic":"https://inishop.com/img/gallery/76e91d184f99b54d3d522eba1d9896a48ed14f9a.jpg","HighPicSize":"161813","HighPicHeight":"840","HighPicWidth":"840","LowPic":"https://inishop.com/img/gallery_lows/c2b12fbd1a4d0811783697fa5a9b7a0f77bacbfc.jpg","LowPicSize":"19238","LowPicHeight":"200","LowPicWidth":"200","Pic500x500":"https://inishop.com/img/gallery_mediums/7ce64336e4800ef6b81dbb252f19ca1e68314860.jpg","Pic500x500Size":"76329","Pic500x500Height":"500","Pic500x500Width":"500","ThumbPic":"https://inishop.com/img/gallery_thumbs/a2f9d8ee938b938832f614e4adeb5bc32f50235f.jpg","ThumbPicSize":"4465"},"Multimedia":[],"Gallery":[{"ID":"117117138","LowPic":"https://inishop.com/img/gallery_lows/c2b12fbd1a4d0811783697fa5a9b7a0f77bacbfc.jpg","LowSize":"19238","LowHeight":"200","LowWidth":"200","ThumbPic":"https://inishop.com/img/gallery_thumbs/a2f9d8ee938b938832f614e4adeb5bc32f50235f.jpg","ThumbPicSize":"4465","Pic":"https://inishop.com/img/gallery/76e91d184f99b54d3d522eba1d9896a48ed14f9a.jpg","Size":"161813","PicHeight":"840","PicWidth":"840","Pic500x500":"https://inishop.com/img/gallery_mediums/7ce64336e4800ef6b81dbb252f19ca1e68314860.jpg","Pic500x500Size":"76329","Pic500x500Height":"500","Pic500x500Width":"500","No":"1","IsMain":"Y","Updated":"2025-09-09 16:23:11","IsPrivate":"0","Type":"ProductImage","Attributes":{"OriginalFileName":""}},{"ID":"117117139","LowPic":"https://inishop.com/img/gallery_lows/f125bf6d802ac85126734d1fb8d2a3da8bdcaf22.jpg","LowSize":"18154","LowHeight":"200","LowWidth":"200","ThumbPic":"https://inishop.com/img/gallery_thumbs/1f1789d3cc103fc5812eea1bc4786394de3632f0.jpg","ThumbPicSize":"4384","Pic":"https://inishop.com/img/gallery/2fa46e6b983c1cfcf122f1babb9d6112a7a31d8a.jpg","Size":"154977","PicHeight":"840","PicWidth":"840","Pic500x500":"https://inishop.com/img/gallery_mediums/6380ae4665b89badc3f9deb88b98c3b146ce6986.jpg","Pic500x500Size":"71325","Pic500x500Height":"500","Pic500x500Width":"500","No":"2","IsMain":"N","Updated":"2025-09-09 16:23:12","IsPrivate":"0","Type":"ProductImage","Attributes":{"OriginalFileName":""}},{"ID":"117117140","LowPic":"https://inishop.com/img/gallery_lows/17ea951f92bdf97dd87b1e6745e91496a9624325.jpg","LowSize":"18258","LowHeight":"200","LowWidth":"200","ThumbPic":"https://inishop.com/img/gallery_thumbs/28fabccf962e124384eaf91991aa405f0cecc6fa.jpg","ThumbPicSize":"4419","Pic":"https://inishop.com/img/gallery/37804b5c62d901566c7bb1925dfa893d389b2967.jpg","Size":"153761","PicHeight":"840","PicWidth":"840","Pic500x500":"https://inishop.com/img/gallery_mediums/536b2caaae08c5b7fb5c7eb857b08018986064e0.jpg","Pic500x500Size":"71507","Pic500x500Height":"500","Pic500x500Width":"500","No":"3","IsMain":"N","Updated":"2025-09-09 16:23:13","IsPrivate":"0","Type":"ProductImage","Attributes":{"OriginalFileName":""}},{"ID":"117117141","LowPic":"https://inishop.com/img/gallery_lows/79c5ed0223aae3df400d1c0c09141197aa7b99a8.jpg","LowSize":"20377","LowHeight":"200","LowWidth":"200","ThumbPic":"https://inishop.com/img/gallery_thumbs/26f02365e1829f1e679a263376fe791e0f76aa20.jpg","ThumbPicSize":"4744","Pic":"https://inishop.com/img/gallery/a3bfeb50a5350c50d9dac25c7a0b649c7f6549e8.jpg","Size":"1885317","PicHeight":"3000","PicWidth":"3000","Pic500x500":"https://inishop.com/img/gallery_mediums/ed0ddabdb650c51a75cb7ecd01fe0cb560cde917.jpg","Pic500x500Size":"88346","Pic500x500Height":"500","Pic500x500Width":"500","No":"4","IsMain":"N","Updated":"2025-09-09 16:23:15","IsPrivate":"0","Type":"ProductImage","Attributes":{"OriginalFileName":""}}],"FeaturesGroups":[{"ID":18224,"SortNo":"5","FeatureGroup":{"ID":"185","Name":{"Value":"Features","Language":"EN"}},"Features":[{"Localized":0,"ID":835294704,"LocalID":0,"Type":"numerical","Value":"354","CategoryFeatureId":"167793","CategoryFeatureGroupID":"18224","SortNo":"250","PresentationValue":"354 ml","RawValue":"354","LocalValue":"354","Description":"The amount of space that a substance or object occupies or may contain.","Mandatory":"0","Searchable":"0","Optional":"0","Feature":{"ID":"5207","Sign":"","Measure":{"ID":"142","Sign":"","Signs":{"ID":"123","_":"ml","Language":"EN"}},"Name":{"Value":"Volume","Language":"EN"}}},{"Localized":0,"ID":835294700,"LocalID":0,"Type":"dropdown","Value":"Internal use","CategoryFeatureId":"167782","CategoryFeatureGroupID":"18224","SortNo":"100","PresentationValue":"Internal use","RawValue":"Internal use","LocalValue":"Internal use","Description":"The intended application of the product.","Mandatory":"1","Searchable":"1","Optional":"0","Feature":{"ID":"2987","Sign":"","Measure":{"ID":"29","Sign":"","Signs":{"ID":"","_":"","Language":"EN"}},"Name":{"Value":"Proper use","Language":"EN"}}},{"Localized":0,"ID":835294703,"LocalID":0,"Type":"dropdown","Value":"Syrup","CategoryFeatureId":"167783","CategoryFeatureGroupID":"18224","SortNo":"90","PresentationValue":"Syrup","RawValue":"Syrup","LocalValue":"Syrup","Description":"","Mandatory":"1","Searchable":"1","Optional":"0","Feature":{"ID":"25712","Sign":"","Measure":{"ID":"29","Sign":"","Signs":{"ID":"","_":"","Language":"EN"}},"Name":{"Value":"Dosage form","Language":"EN"}}},{"Localized":0,"ID":835294721,"LocalID":0,"Type":"dropdown","Value":"Bottle","CategoryFeatureId":"167792","CategoryFeatureGroupID":"18224","SortNo":"80","PresentationValue":"Bottle","RawValue":"Bottle","LocalValue":"Bottle","Description":"The type of container from which the product can be dispensed, e.g. bag, tube etc.","Mandatory":"0","Searchable":"0","Optional":"0","Feature":{"ID":"17965","Sign":"","Measure":{"ID":"29","Sign":"","Signs":{"ID":"","_":"","Language":"EN"}},"Name":{"Value":"Dispenser type","Language":"EN"}}},{"Localized":1,"ID":0,"LocalID":554061203,"Type":"textarea","Value":"","CategoryFeatureId":"167788","CategoryFeatureGroupID":"18224","SortNo":"-5","PresentationValue":"Active ingredients per 30 mL dose for Adults are Dextromethorphan HBr 20 mg (cough suppressant), Doxylamine succinate 12.5 mg (antihistamine), and Phenylephrine HCI 10 mg (nasal decongestant)","RawValue":"","LocalValue":"Active ingredients per 30 mL dose for Adults are Dextromethorphan HBr 20 mg (cough suppressant), Doxylamine succinate 12.5 mg (antihistamine), and Phenylephrine HCI 10 mg (nasal decongestant)","Description":"","Mandatory":"0","Searchable":"0","Optional":"0","Feature":{"ID":"16908","Sign":"","Measure":{"ID":"29","Sign":"","Signs":{"ID":"","_":"","Language":"EN"}},"Name":{"Value":"Ingredients","Language":"EN"}}},{"Localized":1,"ID":0,"LocalID":554061204,"Type":"textarea","Value":"","CategoryFeatureId":"167790","CategoryFeatureGroupID":"18224","SortNo":"-15","PresentationValue":"Take only as directed. Use only the dose cup provided. Do not exceed 4 doses per 24 hours.","RawValue":"","LocalValue":"Take only as directed. Use only the dose cup provided. Do not exceed 4 doses per 24 hours.","Description":"","Mandatory":"0","Searchable":"0","Optional":"0","Feature":{"ID":"24555","Sign":"","Measure":{"ID":"29","Sign":"","Signs":{"ID":"","_":"","Language":"EN"}},"Name":{"Value":"How to use","Language":"EN"}}}]},{"ID":18225,"SortNo":"-1","FeatureGroup":{"ID":"116","Name":{"Value":"Packaging content","Language":"EN"}},"Features":[{"Localized":0,"ID":835294715,"LocalID":0,"Type":"numerical","Value":"1","CategoryFeatureId":"167797","CategoryFeatureGroupID":"18225","SortNo":"-10","PresentationValue":"1","RawValue":"1","LocalValue":"1","Description":"The number of products there are.","Mandatory":"0","Searchable":"0","Optional":"0","Feature":{"ID":"1675","Sign":"","Measure":{"ID":"29","Sign":"","Signs":{"ID":"","_":"","Language":"EN"}},"Name":{"Value":"Quantity","Language":"EN"}}}]}],"FeatureLogos":[],"ReasonsToBuy":[],"Reviews":[],"ProductRelated":[],"CatalogObjectCloud":{},"Variants":[],"ProductStory":[],"Dictionary":{"model_name":"Product name","desc":"Description","ean_code":"EAN/UPC code","flash360":"3D tour","demo_msg_part3":"If you don't have an Icecat account, please register here for free.","repairability_index":"Repairability index","zoom_panel_init":"Original size","cat_name":"Category","product_family":"Product family","back_to_top":"Back to top","zoom_panel_out":"Zoom out","specs":"Specs","eu_product_fiche":"EU Product Fiche","reviews_head_name":"Reviews","pdf_specs":"Product Brochure","zoom_panel_in":"Zoom in","html_content":"","release_date":"Release date","demo_msg_part1":"You are using now a Demo account. Please, use your own Icecat account","demo_insert_desc":"This is a demo of a seamless insert of an Icecat LIVE product data-sheet in your website. Imagine that this responsive data-sheet is included in the product page of your webshop.","pdf_url":"User manual","prod_code":"Product code","supplier_name":"Brand","video":"Video","reasons_to_buy":"Reasons to buy","marketing_text":"Description","options_head_name":"Options","product_series":"Product series","demo_msg_part2":"your Icecat login name","link_integrate_desk":"How to integrate Icecat LIVE JavaScript.","zoom_panel_dragg":"Mouse dragging","eu_energy_label":"EU Energy Label"},"DemoAccount":false}}