{"msg":"OK","data":{"GeneralInfo":{"IcecatId":125353175,"ReleaseDate":"","EndOfLifeDate":"","Title":"CATRICE GEL AFFAIR Nail Lacquer","TitleInfo":{"GeneratedIntTitle":"CATRICE GEL AFFAIR nail polish","GeneratedLocalTitle":{"Value":"CATRICE GEL AFFAIR nail polish 10.5 ml Yellow","Language":"EN"},"BrandLocalTitle":{"Value":"CATRICE GEL AFFAIR Nail Lacquer","Language":"EN"}},"Brand":"CATRICE","BrandID":"32280","BrandLogo":"","BrandInfo":{"BrandName":"CATRICE","BrandLocalName":"","BrandLogo":""},"ProductName":"GEL AFFAIR Nail Lacquer","ProductNameInfo":{"ProductIntName":"GEL AFFAIR","ProductLocalName":{"Value":"GEL AFFAIR Nail Lacquer","Language":"EN"}},"BrandPartCode":"951621","GTIN":["4059729516213"],"Category":{"CategoryID":"2943","Name":{"Value":"Nail Polishes","Language":"EN"}},"ProductFamily":{},"ProductSeries":{"SeriesID":"0"},"Description":{"ID":"98399123","LongDesc":"Experience the perfect nail makeover with the Catrice GEL AFFAIR Nail Lacquer – your go-to for long-lasting, high-shine nails with a salon-quality, gel-like finish. Enjoy up to 7 days of lifeproof without the need for a base or top coat. Indulge in intense colours with a brilliant gloss and gel-like finish - no UV lamp or nail studio needed! Transform your nails with GEL AFFAIR Nail Lacquer – where high shine meets high performance! Our GEL AFFAIR Nail Lacquer range boasts a variety of vibrant and trendy shades that cater to every mood, occasion, and style. From the office to a night out, we’ve got you covered. Catrice GEL AFFAIR Nail Lacquer 001 Ibiza Feeling in a bright white is your go-to for instant style and elegance. The packaging is made from recycled materials. Cap made from 100% recycled plastic (**colorants & additives excluded), bottle contains min. 20% recycled glass","LongProductName":"Gel-like finish, 012 - Easy Peasy Lemon Squeezy","MiddleDesc":"","Disclaimer":"","ManualPDFURL":"","ManualPDFSize":"0","LeafletPDFURL":"","PDFSize":"0","URL":"https://www.catrice.eu/en-de/p/951610/gel-affair-nail-lacquer","WarrantyInfo":"","Updated":"2025-02-06 14:13:45","Language":"EN"},"SummaryDescription":{"ShortSummaryDescription":"CATRICE GEL AFFAIR Nail Lacquer, 10.5 ml, Yellow, Easy Peasy Lemon Squeezy, Opaque, Bottle, Brush","LongSummaryDescription":"CATRICE GEL AFFAIR Nail Lacquer. Volume: 10.5 ml, Colour group: Yellow, Colour name: Easy Peasy Lemon Squeezy. Number of products included: 1 pc(s)"},"BulletPoints":{"BulletPointsId":"10980873","Language":"EN","Values":["Lasts up to 7 days without base or topcoat","Gel-like finish without UV lamp","Intense colour & coverage"],"Updated":"2025-02-06 11:54:40"},"GeneratedBulletPoints":{"Language":"EN","Values":["Bottle 10.5 ml Colour group: Yellow","012 Easy Peasy Lemon Squeezy Applicator type: Brush","Suitable for: Women","Long-lasting Fast drying Easy to apply"]},"GTINs":[{"GTIN":"4059729516213","IsApproved":true}]},"Image":{"HighPic":"https://inishop.com/img/gallery/7c3237b39c353291936af628b191e16c839b62aa.jpg","HighPicSize":"539604","HighPicHeight":"2000","HighPicWidth":"2000","LowPic":"https://inishop.com/img/gallery_lows/78efa4f1da0bde28b44d6f59d8a57ba3e5e9f1e3.jpg","LowPicSize":"8540","LowPicHeight":"200","LowPicWidth":"200","Pic500x500":"https://inishop.com/img/gallery_mediums/7fcf1d23595454ea42a5f27f630c791cbdf611f8.jpg","Pic500x500Size":"39708","Pic500x500Height":"500","Pic500x500Width":"500","ThumbPic":"https://inishop.com/img/gallery_thumbs/da73cc2a397d4e6a13b3d22ebf1ce37085d3c647.jpg","ThumbPicSize":"2498"},"Multimedia":[],"Gallery":[{"ID":"101066907","LowPic":"https://inishop.com/img/gallery_lows/78efa4f1da0bde28b44d6f59d8a57ba3e5e9f1e3.jpg","LowSize":"8540","LowHeight":"200","LowWidth":"200","ThumbPic":"https://inishop.com/img/gallery_thumbs/da73cc2a397d4e6a13b3d22ebf1ce37085d3c647.jpg","ThumbPicSize":"2498","Pic":"https://inishop.com/img/gallery/7c3237b39c353291936af628b191e16c839b62aa.jpg","Size":"539604","PicHeight":"2000","PicWidth":"2000","Pic500x500":"https://inishop.com/img/gallery_mediums/7fcf1d23595454ea42a5f27f630c791cbdf611f8.jpg","Pic500x500Size":"39708","Pic500x500Height":"500","Pic500x500Width":"500","No":"1","IsMain":"Y","Updated":"2025-09-09 08:32:46","IsPrivate":"0","Type":"ProductImage","Attributes":{"OriginalFileName":""}},{"ID":"101066906","LowPic":"https://inishop.com/img/gallery_lows/28f2970c4adc125b1ccc928627fad55d4b95dab1.jpg","LowSize":"12630","LowHeight":"200","LowWidth":"200","ThumbPic":"https://inishop.com/img/gallery_thumbs/b592f04849cbfff4b8ac5fc7e1567078addbc1c1.jpg","ThumbPicSize":"3343","Pic":"https://inishop.com/img/gallery/6d070b84bc92e5be79fe1bac68099f24513353db.jpg","Size":"685470","PicHeight":"2000","PicWidth":"2000","Pic500x500":"https://inishop.com/img/gallery_mediums/ba787e1e1f440b3ca555409e1238820beb55f910.jpg","Pic500x500Size":"54291","Pic500x500Height":"500","Pic500x500Width":"500","No":"2","IsMain":"N","Updated":"2025-09-09 08:32:46","IsPrivate":"0","Type":"ProductImage","Attributes":{"OriginalFileName":""}},{"ID":"101066908","LowPic":"https://inishop.com/img/gallery_lows/b889efafeb026c8a1055b144efd93a55f7fd8f73.jpg","LowSize":"10898","LowHeight":"200","LowWidth":"200","ThumbPic":"https://inishop.com/img/gallery_thumbs/d88a7293a8843bd215265313c367295680163805.jpg","ThumbPicSize":"3025","Pic":"https://inishop.com/img/gallery/d9707d8468db12f51fd01575f06105e9cc9ed537.jpg","Size":"283335","PicHeight":"2000","PicWidth":"2000","Pic500x500":"https://inishop.com/img/gallery_mediums/d701854cfe74c21b13dd3fa003a553b66b8b3dca.jpg","Pic500x500Size":"48973","Pic500x500Height":"500","Pic500x500Width":"500","No":"3","IsMain":"N","Updated":"2025-02-06 15:41:17","IsPrivate":"0","Type":"ProductImage","Attributes":{"OriginalFileName":""}},{"ID":"101066909","LowPic":"https://inishop.com/img/gallery_lows/b7931413a0b856091724537cf8e7f9a7abd9da70.jpg","LowSize":"30226","LowHeight":"200","LowWidth":"200","ThumbPic":"https://inishop.com/img/gallery_thumbs/8309758ed350be14114b34be4b854105646d0942.jpg","ThumbPicSize":"6731","Pic":"https://inishop.com/img/gallery/c65f73b3360791825c6491014387d5340e0d60de.jpg","Size":"721046","PicHeight":"2000","PicWidth":"2000","Pic500x500":"https://inishop.com/img/gallery_mediums/f20f7f2bc71ad08e4cf1cc42335e15549da250c5.jpg","Pic500x500Size":"138078","Pic500x500Height":"500","Pic500x500Width":"500","No":"4","IsMain":"N","Updated":"2025-02-06 15:41:18","IsPrivate":"0","Type":"ProductImage","Attributes":{"OriginalFileName":""}},{"ID":"101066910","LowPic":"https://inishop.com/img/gallery_lows/ca042a25daaeb79caf74475d4973a78145a79fe5.jpg","LowSize":"37592","LowHeight":"200","LowWidth":"200","ThumbPic":"https://inishop.com/img/gallery_thumbs/9b3fb9b47b64f2a56926fa32a2193859dcdd330a.jpg","ThumbPicSize":"7814","Pic":"https://inishop.com/img/gallery/1ceffa5519cb45359340055ec0423edb1fb5efd2.jpg","Size":"995915","PicHeight":"2000","PicWidth":"2000","Pic500x500":"https://inishop.com/img/gallery_mediums/c8926a0b8e54c9201e2f73a76ab3f4e4b0d28d35.jpg","Pic500x500Size":"176823","Pic500x500Height":"500","Pic500x500Width":"500","No":"5","IsMain":"N","Updated":"2025-02-06 15:41:20","IsPrivate":"0","Type":"ProductImage","Attributes":{"OriginalFileName":""}},{"ID":"101066911","LowPic":"https://inishop.com/img/gallery_lows/34ad7053e674bcf6d7faa71f2570144e3a9dea69.jpg","LowSize":"42421","LowHeight":"200","LowWidth":"200","ThumbPic":"https://inishop.com/img/gallery_thumbs/eae8abd3f6f34f017b7b2b6456ea150c5e0ddbb5.jpg","ThumbPicSize":"8540","Pic":"https://inishop.com/img/gallery/51edef858099bca2efb2e0c1b8954b567a310865.jpg","Size":"1129508","PicHeight":"2000","PicWidth":"2000","Pic500x500":"https://inishop.com/img/gallery_mediums/1c6be9befc8c109ac9c53a69e5f398c99f2248a9.jpg","Pic500x500Size":"189969","Pic500x500Height":"500","Pic500x500Width":"500","No":"6","IsMain":"N","Updated":"2025-02-06 15:41:20","IsPrivate":"0","Type":"ProductImage","Attributes":{"OriginalFileName":""}},{"ID":"101066912","LowPic":"https://inishop.com/img/gallery_lows/afcc89758ea1815d20afc6b434fdbb9993e0a07b.jpg","LowSize":"33285","LowHeight":"200","LowWidth":"200","ThumbPic":"https://inishop.com/img/gallery_thumbs/a13bb04d51ef846eb51d18f238a32367f1422cd3.jpg","ThumbPicSize":"8552","Pic":"https://inishop.com/img/gallery/4813c224d27c7e19eba793e865fc7311334e03c1.jpg","Size":"615805","PicHeight":"2000","PicWidth":"2000","Pic500x500":"https://inishop.com/img/gallery_mediums/2c282209615be45f8aa7c20462947808817d5987.jpg","Pic500x500Size":"105792","Pic500x500Height":"500","Pic500x500Width":"500","No":"7","IsMain":"N","Updated":"2025-02-06 15:41:21","IsPrivate":"0","Type":"ProductImage","Attributes":{"OriginalFileName":""}}],"FeaturesGroups":[{"ID":11992,"SortNo":"10","FeatureGroup":{"ID":"185","Name":{"Value":"Features","Language":"EN"}},"Features":[{"Localized":0,"ID":737805042,"LocalID":0,"Type":"numerical","Value":"10.5","CategoryFeatureId":"103923","CategoryFeatureGroupID":"11992","SortNo":"400","PresentationValue":"10.5 ml","RawValue":"10.5","LocalValue":"10.5","Description":"The amount of space that a substance or object occupies or may contain.","Mandatory":"1","Searchable":"0","Optional":"0","Feature":{"ID":"5207","Sign":"","Measure":{"ID":"142","Sign":"","Signs":{"ID":"123","_":"ml","Language":"EN"}},"Name":{"Value":"Volume","Language":"EN"}}},{"Localized":0,"ID":737805046,"LocalID":0,"Type":"dropdown","Value":"Yellow","CategoryFeatureId":"103998","CategoryFeatureGroupID":"11992","SortNo":"100","PresentationValue":"Yellow","RawValue":"Yellow","LocalValue":"Yellow","Description":"The broader definiton of the colour spectrum of the product, e.g. black or auburn.","Mandatory":"1","Searchable":"0","Optional":"0","Feature":{"ID":"17357","Sign":"","Measure":{"ID":"29","Sign":"","Signs":{"ID":"","_":"","Language":"EN"}},"Name":{"Value":"Colour group","Language":"EN"}}},{"Localized":0,"ID":737805048,"LocalID":0,"Type":"text","Value":"Easy Peasy Lemon Squeezy","CategoryFeatureId":"104004","CategoryFeatureGroupID":"11992","SortNo":"90","PresentationValue":"Easy Peasy Lemon Squeezy","RawValue":"Easy Peasy Lemon Squeezy","LocalValue":"Easy Peasy Lemon Squeezy","Description":"","Mandatory":"1","Searchable":"0","Optional":"0","Feature":{"ID":"17956","Sign":"","Measure":{"ID":"29","Sign":"","Signs":{"ID":"","_":"","Language":"EN"}},"Name":{"Value":"Colour name","Language":"EN"}}},{"Localized":0,"ID":737805047,"LocalID":0,"Type":"alphanumeric","Value":"012","CategoryFeatureId":"104001","CategoryFeatureGroupID":"11992","SortNo":"80","PresentationValue":"012","RawValue":"012","LocalValue":"012","Description":"","Mandatory":"1","Searchable":"0","Optional":"0","Feature":{"ID":"17540","Sign":"","Measure":{"ID":"29","Sign":"","Signs":{"ID":"","_":"","Language":"EN"}},"Name":{"Value":"Colour code","Language":"EN"}}},{"Localized":0,"ID":737805053,"LocalID":0,"Type":"dropdown","Value":"Opaque","CategoryFeatureId":"338166","CategoryFeatureGroupID":"11992","SortNo":"71","PresentationValue":"Opaque","RawValue":"Opaque","LocalValue":"Opaque","Description":"","Mandatory":"0","Searchable":"0","Optional":"0","Feature":{"ID":"32237","Sign":"","Measure":{"ID":"29","Sign":"","Signs":{"ID":"","_":"","Language":"EN"}},"Name":{"Value":"Opacity","Language":"EN"}}},{"Localized":0,"ID":737805049,"LocalID":0,"Type":"dropdown","Value":"Bottle","CategoryFeatureId":"146495","CategoryFeatureGroupID":"11992","SortNo":"65","PresentationValue":"Bottle","RawValue":"Bottle","LocalValue":"Bottle","Description":"The type of container from which the product can be dispensed, e.g. bag, tube etc.","Mandatory":"0","Searchable":"0","Optional":"0","Feature":{"ID":"17965","Sign":"","Measure":{"ID":"29","Sign":"","Signs":{"ID":"","_":"","Language":"EN"}},"Name":{"Value":"Dispenser type","Language":"EN"}}},{"Localized":0,"ID":737805050,"LocalID":0,"Type":"y_n","Value":"Y","CategoryFeatureId":"105739","CategoryFeatureGroupID":"11992","SortNo":"60","PresentationValue":"Yes","RawValue":"Y","LocalValue":"Yes","Description":"","Mandatory":"0","Searchable":"0","Optional":"0","Feature":{"ID":"18071","Sign":"","Measure":{"ID":"26","Sign":"","Signs":{"ID":"","_":"","Language":"EN"}},"Name":{"Value":"Long-lasting","Language":"EN"}}},{"Localized":0,"ID":737805051,"LocalID":0,"Type":"y_n","Value":"Y","CategoryFeatureId":"105740","CategoryFeatureGroupID":"11992","SortNo":"55","PresentationValue":"Yes","RawValue":"Y","LocalValue":"Yes","Description":"","Mandatory":"1","Searchable":"0","Optional":"0","Feature":{"ID":"18072","Sign":"","Measure":{"ID":"26","Sign":"","Signs":{"ID":"","_":"","Language":"EN"}},"Name":{"Value":"Fast drying","Language":"EN"}}},{"Localized":0,"ID":737805044,"LocalID":0,"Type":"y_n","Value":"Y","CategoryFeatureId":"150080","CategoryFeatureGroupID":"11992","SortNo":"50","PresentationValue":"Yes","RawValue":"Y","LocalValue":"Yes","Description":"","Mandatory":"0","Searchable":"0","Optional":"0","Feature":{"ID":"15767","Sign":"","Measure":{"ID":"26","Sign":"","Signs":{"ID":"","_":"","Language":"EN"}},"Name":{"Value":"Easy to apply","Language":"EN"}}},{"Localized":0,"ID":737805054,"LocalID":0,"Type":"dropdown","Value":"Brush","CategoryFeatureId":"338175","CategoryFeatureGroupID":"11992","SortNo":"0","PresentationValue":"Brush","RawValue":"Brush","LocalValue":"Brush","Description":"","Mandatory":"0","Searchable":"0","Optional":"0","Feature":{"ID":"38481","Sign":"","Measure":{"ID":"29","Sign":"","Signs":{"ID":"","_":"","Language":"EN"}},"Name":{"Value":"Applicator type","Language":"EN"}}},{"Localized":0,"ID":737805043,"LocalID":0,"Type":"dropdown","Value":"Women","CategoryFeatureId":"693734","CategoryFeatureGroupID":"11992","SortNo":"0","PresentationValue":"Women","RawValue":"Women","LocalValue":"Women","Description":"Who can use the product, or what the product can be used for.","Mandatory":"0","Searchable":"0","Optional":"0","Feature":{"ID":"9202","Sign":"","Measure":{"ID":"29","Sign":"","Signs":{"ID":"","_":"","Language":"EN"}},"Name":{"Value":"Suitable for","Language":"EN"}}},{"Localized":0,"ID":737805045,"LocalID":0,"Type":"textarea","Value":"ETHYL ACETATE, BUTYL ACETATE, NITROCELLULOSE, POLYESTER-23, ACETYL TRIBUTYL CITRATE, ISOPROPYL ALCOHOL, STEARALKONIUM BENTONITE, EUTERPE OLERACEA FRUIT OIL, STYRENE/ACRYLATES COPOLYMER, ADIPIC ACID/NEOPENTYL GLYCOL/TRIMELLITIC ANHYDRIDE COPOLYMER, DIACETONE ALCOHOL, SILICA, DIPROPYLENE GLYCOL DIBENZOATE, SUCROSE ACETATE ISOBUTYRATE, ACRYLATES COPOLYMER, MALTOL, TRIETHOXYCAPRYLYLSILANE, PENTAERYTHRITYL TETRAISOSTEARATE, PHOSPHORIC ACID, ALUMINUM HYDROXIDE, CI 77891 (TITANIUM DIOXIDE).","CategoryFeatureId":"103962","CategoryFeatureGroupID":"11992","SortNo":"-80","PresentationValue":"ETHYL ACETATE, BUTYL ACETATE, NITROCELLULOSE, POLYESTER-23, ACETYL TRIBUTYL CITRATE, ISOPROPYL ALCOHOL, STEARALKONIUM BENTONITE, EUTERPE OLERACEA FRUIT OIL, STYRENE/ACRYLATES COPOLYMER, ADIPIC ACID/NEOPENTYL GLYCOL/TRIMELLITIC ANHYDRIDE COPOLYMER, DIACETONE ALCOHOL, SILICA, DIPROPYLENE GLYCOL DIBENZOATE, SUCROSE ACETATE ISOBUTYRATE, ACRYLATES COPOLYMER, MALTOL, TRIETHOXYCAPRYLYLSILANE, PENTAERYTHRITYL TETRAISOSTEARATE, PHOSPHORIC ACID, ALUMINUM HYDROXIDE, CI 77891 (TITANIUM DIOXIDE).","RawValue":"ETHYL ACETATE, BUTYL ACETATE, NITROCELLULOSE, POLYESTER-23, ACETYL TRIBUTYL CITRATE, ISOPROPYL ALCOHOL, STEARALKONIUM BENTONITE, EUTERPE OLERACEA FRUIT OIL, STYRENE/ACRYLATES COPOLYMER, ADIPIC ACID/NEOPENTYL GLYCOL/TRIMELLITIC ANHYDRIDE COPOLYMER, DIACETONE ALCOHOL, SILICA, DIPROPYLENE GLYCOL DIBENZOATE, SUCROSE ACETATE ISOBUTYRATE, ACRYLATES COPOLYMER, MALTOL, TRIETHOXYCAPRYLYLSILANE, PENTAERYTHRITYL TETRAISOSTEARATE, PHOSPHORIC ACID, ALUMINUM HYDROXIDE, CI 77891 (TITANIUM DIOXIDE).","LocalValue":"ETHYL ACETATE, BUTYL ACETATE, NITROCELLULOSE, POLYESTER-23, ACETYL TRIBUTYL CITRATE, ISOPROPYL ALCOHOL, STEARALKONIUM BENTONITE, EUTERPE OLERACEA FRUIT OIL, STYRENE/ACRYLATES COPOLYMER, ADIPIC ACID/NEOPENTYL GLYCOL/TRIMELLITIC ANHYDRIDE COPOLYMER, DIACETONE ALCOHOL, SILICA, DIPROPYLENE GLYCOL DIBENZOATE, SUCROSE ACETATE ISOBUTYRATE, ACRYLATES COPOLYMER, MALTOL, TRIETHOXYCAPRYLYLSILANE, PENTAERYTHRITYL TETRAISOSTEARATE, PHOSPHORIC ACID, ALUMINUM HYDROXIDE, CI 77891 (TITANIUM DIOXIDE).","Description":"","Mandatory":"0","Searchable":"0","Optional":"0","Feature":{"ID":"16908","Sign":"","Measure":{"ID":"29","Sign":"","Signs":{"ID":"","_":"","Language":"EN"}},"Name":{"Value":"Ingredients","Language":"EN"}}},{"Localized":0,"ID":737805055,"LocalID":0,"Type":"multi_dropdown","Value":"Microplastics,Paraben","CategoryFeatureId":"625012","CategoryFeatureGroupID":"11992","SortNo":"-150","PresentationValue":"Microplastics, Paraben","RawValue":"Microplastics,Paraben","LocalValue":"Microplastics, Paraben","Description":"","Mandatory":"0","Searchable":"0","Optional":"0","Feature":{"ID":"42516","Sign":"","Measure":{"ID":"29","Sign":"","Signs":{"ID":"","_":"","Language":"EN"}},"Name":{"Value":"Doesn't contain","Language":"EN"}}}]},{"ID":77254,"SortNo":"0","FeatureGroup":{"ID":"67","Name":{"Value":"Packaging data","Language":"EN"}},"Features":[{"Localized":0,"ID":737669096,"LocalID":0,"Type":"numerical","Value":"1","CategoryFeatureId":"104007","CategoryFeatureGroupID":"77254","SortNo":"150","PresentationValue":"1 pc(s)","RawValue":"1","LocalValue":"1","Description":"The number of products that are included in the package.","Mandatory":"1","Searchable":"0","Optional":"0","Feature":{"ID":"5456","Sign":"","Measure":{"ID":"144","Sign":"","Signs":{"ID":"125","_":"pc(s)","Language":"EN"}},"Name":{"Value":"Number of products included","Language":"EN"}}}]}],"FeatureLogos":[],"ReasonsToBuy":[],"Reviews":[],"ProductRelated":[],"CatalogObjectCloud":{},"Variants":[],"ProductStory":[],"Dictionary":{"model_name":"Product name","desc":"Description","ean_code":"EAN/UPC code","flash360":"3D tour","demo_msg_part3":"If you don't have an Icecat account, please register here for free.","repairability_index":"Repairability index","zoom_panel_init":"Original size","cat_name":"Category","product_family":"Product family","back_to_top":"Back to top","zoom_panel_out":"Zoom out","specs":"Specs","eu_product_fiche":"EU Product Fiche","reviews_head_name":"Reviews","pdf_specs":"Product Brochure","zoom_panel_in":"Zoom in","html_content":"","release_date":"Release date","demo_msg_part1":"You are using now a Demo account. Please, use your own Icecat account","demo_insert_desc":"This is a demo of a seamless insert of an Icecat LIVE product data-sheet in your website. Imagine that this responsive data-sheet is included in the product page of your webshop.","pdf_url":"User manual","prod_code":"Product code","supplier_name":"Brand","video":"Video","reasons_to_buy":"Reasons to buy","marketing_text":"Description","options_head_name":"Options","product_series":"Product series","demo_msg_part2":"your Icecat login name","link_integrate_desk":"How to integrate Icecat LIVE JavaScript.","zoom_panel_dragg":"Mouse dragging","eu_energy_label":"EU Energy Label"},"DemoAccount":false}}