{"msg":"OK","data":{"GeneralInfo":{"IcecatId":132487224,"ReleaseDate":"","EndOfLifeDate":"","Title":"CATRICE Bold Magnetic Nail Polish","TitleInfo":{"GeneratedIntTitle":"CATRICE Bold Magnetic nail polish","GeneratedLocalTitle":{"Value":"CATRICE Bold Magnetic nail polish Rose Shimmer","Language":"EN"},"BrandLocalTitle":{"Value":"CATRICE Bold Magnetic Nail Polish","Language":"EN"}},"Brand":"CATRICE","BrandID":"32280","BrandLogo":"","BrandInfo":{"BrandName":"CATRICE","BrandLocalName":"","BrandLogo":""},"ProductName":"Bold Magnetic Nail Polish","ProductNameInfo":{"ProductIntName":"Bold Magnetic","ProductLocalName":{"Value":"Bold Magnetic Nail Polish","Language":"EN"}},"BrandPartCode":"954158","GTIN":["4059729541581"],"Category":{"CategoryID":"2943","Name":{"Value":"Nail Polishes","Language":"EN"}},"ProductFamily":{},"ProductSeries":{"SeriesID":"1"},"Description":{"ID":"103913478","LongDesc":"Magnetic nail art is the latest must-have trend, and with Catrice Bold Magnetic Nail Polish 020 Don’t Be So Clingy, you can effortlessly achieve mesmerising 3D effects at home! This metallic light pink shade with shimmering magnetic pigments enables the creation of eye-catching Cat Eye, Velvet, or Glass Nail looks – your imagination has no limits. Inspired by the latest trends, this polish lets you experiment with unique designs for a salon-quality manicure. Use the Catrice Bold Magnetic Nail Magnet for the best result.","LongProductName":"Bold Magnetic Nail Polish, 020 - Don't Be So Clingy","MiddleDesc":"","Disclaimer":"","ManualPDFURL":"","ManualPDFSize":"0","LeafletPDFURL":"","PDFSize":"0","URL":"https://www.catrice.eu/en-de/p/954158/bold-magnetic-nail-polish","WarrantyInfo":"","Updated":"2025-09-10 14:28:54","Language":"EN"},"SummaryDescription":{"ShortSummaryDescription":"CATRICE Bold Magnetic Nail Polish, Rose, Don't Be So Clingy, Coloring, Protection, Opaque, Shimmer, Bottle","LongSummaryDescription":"CATRICE Bold Magnetic Nail Polish. Colour group: Rose, Colour name: Don't Be So Clingy, Nail polish effect: Coloring, Protection. Sustainability certificates: Good for vegan. Number of products included: 1 pc(s)"},"BulletPoints":{"BulletPointsId":"13568286","Language":"EN","Values":["Magnetic nail polish for stunning 3D effects","Infused with shimmering magnetic pigments","Enables the creation of trendy cat-eye, velvet or glassy nail effects at home"],"Updated":"2025-08-31 01:18:49"},"GeneratedBulletPoints":{"Language":"EN","Values":["Bottle Colour group: Rose","020 Don't Be So Clingy Applicator type: Brush","Finish type: Shimmer","Fast drying Easy to apply"]},"GTINs":[{"GTIN":"4059729541581","IsApproved":true}]},"Image":{"HighPic":"https://inishop.com/img/gallery/a93461b43d8d5b62b640a63dad7fb1b50f0f83f4.jpg","HighPicSize":"342425","HighPicHeight":"1171","HighPicWidth":"563","LowPic":"https://inishop.com/img/gallery_lows/dcc6db3cbf5c72a840423a755b52ae33c3abe6ef.jpg","LowPicSize":"11001","LowPicHeight":"200","LowPicWidth":"96","Pic500x500":"https://inishop.com/img/gallery_mediums/b2ca4aeda8c3aca3d44388059187eef53ffed9ca.jpg","Pic500x500Size":"61470","Pic500x500Height":"500","Pic500x500Width":"240","ThumbPic":"https://inishop.com/img/gallery_thumbs/e0cfb5b4c49560c5e07ac8dc3ef2e0a6314f8f0d.jpg","ThumbPicSize":"2581"},"Multimedia":[],"Gallery":[{"ID":"116040416","LowPic":"https://inishop.com/img/gallery_lows/dcc6db3cbf5c72a840423a755b52ae33c3abe6ef.jpg","LowSize":"11001","LowHeight":"200","LowWidth":"96","ThumbPic":"https://inishop.com/img/gallery_thumbs/e0cfb5b4c49560c5e07ac8dc3ef2e0a6314f8f0d.jpg","ThumbPicSize":"2581","Pic":"https://inishop.com/img/gallery/a93461b43d8d5b62b640a63dad7fb1b50f0f83f4.jpg","Size":"342425","PicHeight":"1171","PicWidth":"563","Pic500x500":"https://inishop.com/img/gallery_mediums/b2ca4aeda8c3aca3d44388059187eef53ffed9ca.jpg","Pic500x500Size":"61470","Pic500x500Height":"500","Pic500x500Width":"240","No":"1","IsMain":"Y","Updated":"2025-08-31 01:18:26","IsPrivate":"0","Type":"ProductImage","Attributes":{"OriginalFileName":""}},{"ID":"116040417","LowPic":"https://inishop.com/img/gallery_lows/ef289ed6a565c713897d09a8faedb94049de6b43.jpg","LowSize":"17270","LowHeight":"200","LowWidth":"200","ThumbPic":"https://inishop.com/img/gallery_thumbs/325f16326620f6e261492cc9d9b34ee5903b34a8.jpg","ThumbPicSize":"3809","Pic":"https://inishop.com/img/gallery/9ddce347037d0a692b55ab9aedb1558712b159d3.jpg","Size":"1431823","PicHeight":"2000","PicWidth":"2000","Pic500x500":"https://inishop.com/img/gallery_mediums/5f00a727b0d4e5d0076ed95bb5514b6f901723f5.jpg","Pic500x500Size":"90397","Pic500x500Height":"500","Pic500x500Width":"500","No":"2","IsMain":"N","Updated":"2025-08-31 01:18:20","IsPrivate":"0","Type":"ProductImage","Attributes":{"OriginalFileName":""}}],"FeaturesGroups":[{"ID":11992,"SortNo":"10","FeatureGroup":{"ID":"185","Name":{"Value":"Features","Language":"EN"}},"Features":[{"Localized":0,"ID":834443542,"LocalID":0,"Type":"dropdown","Value":"Rose","CategoryFeatureId":"103998","CategoryFeatureGroupID":"11992","SortNo":"100","PresentationValue":"Rose","RawValue":"Rose","LocalValue":"Rose","Description":"The broader definiton of the colour spectrum of the product, e.g. black or auburn.","Mandatory":"1","Searchable":"0","Optional":"0","Feature":{"ID":"17357","Sign":"","Measure":{"ID":"29","Sign":"","Signs":{"ID":"","_":"","Language":"EN"}},"Name":{"Value":"Colour group","Language":"EN"}}},{"Localized":0,"ID":834443544,"LocalID":0,"Type":"text","Value":"Don't Be So Clingy","CategoryFeatureId":"104004","CategoryFeatureGroupID":"11992","SortNo":"90","PresentationValue":"Don't Be So Clingy","RawValue":"Don't Be So Clingy","LocalValue":"Don't Be So Clingy","Description":"","Mandatory":"1","Searchable":"0","Optional":"0","Feature":{"ID":"17956","Sign":"","Measure":{"ID":"29","Sign":"","Signs":{"ID":"","_":"","Language":"EN"}},"Name":{"Value":"Colour name","Language":"EN"}}},{"Localized":0,"ID":834443543,"LocalID":0,"Type":"alphanumeric","Value":"020","CategoryFeatureId":"104001","CategoryFeatureGroupID":"11992","SortNo":"80","PresentationValue":"020","RawValue":"020","LocalValue":"020","Description":"","Mandatory":"1","Searchable":"0","Optional":"0","Feature":{"ID":"17540","Sign":"","Measure":{"ID":"29","Sign":"","Signs":{"ID":"","_":"","Language":"EN"}},"Name":{"Value":"Colour code","Language":"EN"}}},{"Localized":0,"ID":835801805,"LocalID":0,"Type":"dropdown","Value":"Opaque","CategoryFeatureId":"338166","CategoryFeatureGroupID":"11992","SortNo":"71","PresentationValue":"Opaque","RawValue":"Opaque","LocalValue":"Opaque","Description":"","Mandatory":"0","Searchable":"0","Optional":"0","Feature":{"ID":"32237","Sign":"","Measure":{"ID":"29","Sign":"","Signs":{"ID":"","_":"","Language":"EN"}},"Name":{"Value":"Opacity","Language":"EN"}}},{"Localized":0,"ID":834443537,"LocalID":0,"Type":"dropdown","Value":"Shimmer","CategoryFeatureId":"113015","CategoryFeatureGroupID":"11992","SortNo":"70","PresentationValue":"Shimmer","RawValue":"Shimmer","LocalValue":"Shimmer","Description":"The way that a product is finished e.g. a matt or gloss finish.","Mandatory":"0","Searchable":"0","Optional":"0","Feature":{"ID":"2254","Sign":"","Measure":{"ID":"29","Sign":"","Signs":{"ID":"","_":"","Language":"EN"}},"Name":{"Value":"Finish type","Language":"EN"}}},{"Localized":0,"ID":834443547,"LocalID":0,"Type":"multi_dropdown","Value":"Coloring,Protection","CategoryFeatureId":"148585","CategoryFeatureGroupID":"11992","SortNo":"69","PresentationValue":"Coloring, Protection","RawValue":"Coloring,Protection","LocalValue":"Coloring, Protection","Description":"","Mandatory":"1","Searchable":"0","Optional":"0","Feature":{"ID":"23999","Sign":"","Measure":{"ID":"29","Sign":"","Signs":{"ID":"","_":"","Language":"EN"}},"Name":{"Value":"Nail polish effect","Language":"EN"}}},{"Localized":0,"ID":834443545,"LocalID":0,"Type":"dropdown","Value":"Bottle","CategoryFeatureId":"146495","CategoryFeatureGroupID":"11992","SortNo":"65","PresentationValue":"Bottle","RawValue":"Bottle","LocalValue":"Bottle","Description":"The type of container from which the product can be dispensed, e.g. bag, tube etc.","Mandatory":"0","Searchable":"0","Optional":"0","Feature":{"ID":"17965","Sign":"","Measure":{"ID":"29","Sign":"","Signs":{"ID":"","_":"","Language":"EN"}},"Name":{"Value":"Dispenser type","Language":"EN"}}},{"Localized":0,"ID":834443546,"LocalID":0,"Type":"y_n","Value":"Y","CategoryFeatureId":"105740","CategoryFeatureGroupID":"11992","SortNo":"55","PresentationValue":"Yes","RawValue":"Y","LocalValue":"Yes","Description":"","Mandatory":"1","Searchable":"0","Optional":"0","Feature":{"ID":"18072","Sign":"","Measure":{"ID":"26","Sign":"","Signs":{"ID":"","_":"","Language":"EN"}},"Name":{"Value":"Fast drying","Language":"EN"}}},{"Localized":0,"ID":834443540,"LocalID":0,"Type":"y_n","Value":"Y","CategoryFeatureId":"150080","CategoryFeatureGroupID":"11992","SortNo":"50","PresentationValue":"Yes","RawValue":"Y","LocalValue":"Yes","Description":"","Mandatory":"0","Searchable":"0","Optional":"0","Feature":{"ID":"15767","Sign":"","Measure":{"ID":"26","Sign":"","Signs":{"ID":"","_":"","Language":"EN"}},"Name":{"Value":"Easy to apply","Language":"EN"}}},{"Localized":0,"ID":834443548,"LocalID":0,"Type":"dropdown","Value":"Brush","CategoryFeatureId":"338175","CategoryFeatureGroupID":"11992","SortNo":"0","PresentationValue":"Brush","RawValue":"Brush","LocalValue":"Brush","Description":"","Mandatory":"0","Searchable":"0","Optional":"0","Feature":{"ID":"38481","Sign":"","Measure":{"ID":"29","Sign":"","Signs":{"ID":"","_":"","Language":"EN"}},"Name":{"Value":"Applicator type","Language":"EN"}}},{"Localized":0,"ID":834443541,"LocalID":0,"Type":"textarea","Value":"ETHYL ACETATE, BUTYL ACETATE, NITROCELLULOSE, ADIPIC ACID/NEOPENTYL GLYCOL/TRIMELLITIC ANHYDRIDE COPOLYMER, ACETYL TRIBUTYL CITRATE, ISOPROPYL ALCOHOL, STEARALKONIUM BENTONITE, TOCOPHEROL, MICA, SILICA, DIACETONE ALCOHOL, N-BUTYL ALCOHOL, HEXANAL, PHOSPHORIC ACID, SORBIC ACID, CI 15850 (RED 6 LAKE), CI 15880 (RED 34 LAKE), CI 77000 (ALUMINUM POWDER), CI 77266 (BLACK 2) (NANO), CI 77491 (IRON OXIDES), CI 77492 (IRON OXIDES), CI 77499 (IRON OXIDES), CI 77510 (FERRIC FERROCYANIDE), CI 77891 (TITANIUM DIOXIDE).","CategoryFeatureId":"103962","CategoryFeatureGroupID":"11992","SortNo":"-80","PresentationValue":"ETHYL ACETATE, BUTYL ACETATE, NITROCELLULOSE, ADIPIC ACID/NEOPENTYL GLYCOL/TRIMELLITIC ANHYDRIDE COPOLYMER, ACETYL TRIBUTYL CITRATE, ISOPROPYL ALCOHOL, STEARALKONIUM BENTONITE, TOCOPHEROL, MICA, SILICA, DIACETONE ALCOHOL, N-BUTYL ALCOHOL, HEXANAL, PHOSPHORIC ACID, SORBIC ACID, CI 15850 (RED 6 LAKE), CI 15880 (RED 34 LAKE), CI 77000 (ALUMINUM POWDER), CI 77266 (BLACK 2) (NANO), CI 77491 (IRON OXIDES), CI 77492 (IRON OXIDES), CI 77499 (IRON OXIDES), CI 77510 (FERRIC FERROCYANIDE), CI 77891 (TITANIUM DIOXIDE).","RawValue":"ETHYL ACETATE, BUTYL ACETATE, NITROCELLULOSE, ADIPIC ACID/NEOPENTYL GLYCOL/TRIMELLITIC ANHYDRIDE COPOLYMER, ACETYL TRIBUTYL CITRATE, ISOPROPYL ALCOHOL, STEARALKONIUM BENTONITE, TOCOPHEROL, MICA, SILICA, DIACETONE ALCOHOL, N-BUTYL ALCOHOL, HEXANAL, PHOSPHORIC ACID, SORBIC ACID, CI 15850 (RED 6 LAKE), CI 15880 (RED 34 LAKE), CI 77000 (ALUMINUM POWDER), CI 77266 (BLACK 2) (NANO), CI 77491 (IRON OXIDES), CI 77492 (IRON OXIDES), CI 77499 (IRON OXIDES), CI 77510 (FERRIC FERROCYANIDE), CI 77891 (TITANIUM DIOXIDE).","LocalValue":"ETHYL ACETATE, BUTYL ACETATE, NITROCELLULOSE, ADIPIC ACID/NEOPENTYL GLYCOL/TRIMELLITIC ANHYDRIDE COPOLYMER, ACETYL TRIBUTYL CITRATE, ISOPROPYL ALCOHOL, STEARALKONIUM BENTONITE, TOCOPHEROL, MICA, SILICA, DIACETONE ALCOHOL, N-BUTYL ALCOHOL, HEXANAL, PHOSPHORIC ACID, SORBIC ACID, CI 15850 (RED 6 LAKE), CI 15880 (RED 34 LAKE), CI 77000 (ALUMINUM POWDER), CI 77266 (BLACK 2) (NANO), CI 77491 (IRON OXIDES), CI 77492 (IRON OXIDES), CI 77499 (IRON OXIDES), CI 77510 (FERRIC FERROCYANIDE), CI 77891 (TITANIUM DIOXIDE).","Description":"","Mandatory":"0","Searchable":"0","Optional":"0","Feature":{"ID":"16908","Sign":"","Measure":{"ID":"29","Sign":"","Signs":{"ID":"","_":"","Language":"EN"}},"Name":{"Value":"Ingredients","Language":"EN"}}},{"Localized":0,"ID":835801031,"LocalID":0,"Type":"multi_dropdown","Value":"Microplastics,Oil","CategoryFeatureId":"625012","CategoryFeatureGroupID":"11992","SortNo":"-150","PresentationValue":"Microplastics, Oil","RawValue":"Microplastics,Oil","LocalValue":"Microplastics, Oil","Description":"","Mandatory":"0","Searchable":"0","Optional":"0","Feature":{"ID":"42516","Sign":"","Measure":{"ID":"29","Sign":"","Signs":{"ID":"","_":"","Language":"EN"}},"Name":{"Value":"Doesn't contain","Language":"EN"}}}]},{"ID":77253,"SortNo":"0","FeatureGroup":{"ID":"279","Name":{"Value":"Sustainability","Language":"EN"}},"Features":[{"Localized":0,"ID":835800684,"LocalID":0,"Type":"multi_dropdown","Value":"Good for vegan","CategoryFeatureId":"604465","CategoryFeatureGroupID":"77253","SortNo":"0","PresentationValue":"Good for vegan","RawValue":"Good for vegan","LocalValue":"Good for vegan","Description":"","Mandatory":"0","Searchable":"0","Optional":"0","Feature":{"ID":"42513","Sign":"","Measure":{"ID":"29","Sign":"","Signs":{"ID":"","_":"","Language":"EN"}},"Name":{"Value":"Sustainability certificates","Language":"EN"}}}]},{"ID":77254,"SortNo":"0","FeatureGroup":{"ID":"67","Name":{"Value":"Packaging data","Language":"EN"}},"Features":[{"Localized":0,"ID":834443539,"LocalID":0,"Type":"numerical","Value":"1","CategoryFeatureId":"104007","CategoryFeatureGroupID":"77254","SortNo":"150","PresentationValue":"1 pc(s)","RawValue":"1","LocalValue":"1","Description":"The number of products that are included in the package.","Mandatory":"1","Searchable":"0","Optional":"0","Feature":{"ID":"5456","Sign":"","Measure":{"ID":"144","Sign":"","Signs":{"ID":"125","_":"pc(s)","Language":"EN"}},"Name":{"Value":"Number of products included","Language":"EN"}}}]}],"FeatureLogos":[{"LogoPic":"https://inishop.com/img/feature_logo/604-9536.png","Width":"300","Height":"300","Size":"0","ThumbPic":"https://inishop.com/img/feature_logo_thumbs/604-9536.png","FeatureID":"42513","Value":"Good for vegan","KeyLogo":0,"Description":{"Value":"Good for vegan","Language":"EN"}}],"ReasonsToBuy":[],"Reviews":[],"ProductRelated":[],"CatalogObjectCloud":{},"Variants":[],"ProductStory":[],"Dictionary":{"model_name":"Product name","desc":"Description","ean_code":"EAN/UPC code","flash360":"3D tour","demo_msg_part3":"If you don't have an Icecat account, please register here for free.","repairability_index":"Repairability index","zoom_panel_init":"Original size","cat_name":"Category","product_family":"Product family","back_to_top":"Back to top","zoom_panel_out":"Zoom out","specs":"Specs","eu_product_fiche":"EU Product Fiche","reviews_head_name":"Reviews","pdf_specs":"Product Brochure","zoom_panel_in":"Zoom in","html_content":"","release_date":"Release date","demo_msg_part1":"You are using now a Demo account. Please, use your own Icecat account","demo_insert_desc":"This is a demo of a seamless insert of an Icecat LIVE product data-sheet in your website. Imagine that this responsive data-sheet is included in the product page of your webshop.","pdf_url":"User manual","prod_code":"Product code","supplier_name":"Brand","video":"Video","reasons_to_buy":"Reasons to buy","marketing_text":"Description","options_head_name":"Options","product_series":"Product series","demo_msg_part2":"your Icecat login name","link_integrate_desk":"How to integrate Icecat LIVE JavaScript.","zoom_panel_dragg":"Mouse dragging","eu_energy_label":"EU Energy Label"},"DemoAccount":false}}