{"msg":"OK","data":{"GeneralInfo":{"IcecatId":134699165,"ReleaseDate":"","EndOfLifeDate":"","Title":"Kukkia Finland White and Pink Flower Bouquet","TitleInfo":{"GeneratedIntTitle":"Kukkia Finland BLOSSOM11 fresh cut mixed bouquet/flower","GeneratedLocalTitle":{"Value":"Kukkia Finland BLOSSOM11 fresh cut mixed bouquet/flower","Language":"EN"},"BrandLocalTitle":{"Value":"Kukkia Finland White and Pink Flower Bouquet","Language":"EN"}},"Brand":"Kukkia Finland","BrandID":"43644","BrandLogo":"","BrandInfo":{"BrandName":"Kukkia Finland","BrandLocalName":"","BrandLogo":""},"ProductName":"White and Pink Flower Bouquet","ProductNameInfo":{"ProductIntName":"BLOSSOM11","ProductLocalName":{"Value":"White and Pink Flower Bouquet","Language":"EN"}},"BrandPartCode":"BLOSSOM11","GTIN":[],"Category":{"CategoryID":"4796","Name":{"Value":"Fresh Cut Mixed Bouquets & Flowers","Language":"EN"}},"ProductFamily":{},"ProductSeries":{"SeriesID":"1"},"Description":{"ID":"104037944","LongDesc":"Sophisticated White and Pink Flower Bouquet with a mix of fresh roses and elegant blooms.","LongProductName":"White and Pink Flower Bouquet","MiddleDesc":"","Disclaimer":"","ManualPDFURL":"","ManualPDFSize":"0","LeafletPDFURL":"","PDFSize":"0","URL":"https://www.flowers4finland.com/sophisticated-white-pink-rose-bouquet-flower-delivery.html","WarrantyInfo":"","Updated":"2025-09-08 17:40:04","Language":"EN"},"SummaryDescription":{"ShortSummaryDescription":"Kukkia Finland White and Pink Flower Bouquet, Fresh cut mixed bouquet, Pink, White, Finland","LongSummaryDescription":"Kukkia Finland White and Pink Flower Bouquet. Product type: Fresh cut mixed bouquet, Product colour: Pink, White. Country of origin: Finland"},"BulletPoints":{},"GeneratedBulletPoints":{},"GTINs":[]},"Image":{"HighPic":"https://inishop.com/img/gallery/5bc9e7cb5412964cbb7dc655519a5ac37618fe74.jpg","HighPicSize":"429082","HighPicHeight":"700","HighPicWidth":"700","LowPic":"https://inishop.com/img/gallery_lows/b4a504ca7e965b6bfde00985583a62352fcc8ef4.jpg","LowPicSize":"52668","LowPicHeight":"200","LowPicWidth":"200","Pic500x500":"https://inishop.com/img/gallery_mediums/cd2a2a45f2be6f50e54a8727752717a7a57c18ca.jpg","Pic500x500Size":"250719","Pic500x500Height":"500","Pic500x500Width":"500","ThumbPic":"https://inishop.com/img/gallery_thumbs/7de23d6435b41a6d1cb1b7b2871be36b8e66f6c3.jpg","ThumbPicSize":"10325"},"Multimedia":[],"Gallery":[{"ID":"117084289","LowPic":"https://inishop.com/img/gallery_lows/b4a504ca7e965b6bfde00985583a62352fcc8ef4.jpg","LowSize":"52668","LowHeight":"200","LowWidth":"200","ThumbPic":"https://inishop.com/img/gallery_thumbs/7de23d6435b41a6d1cb1b7b2871be36b8e66f6c3.jpg","ThumbPicSize":"10325","Pic":"https://inishop.com/img/gallery/5bc9e7cb5412964cbb7dc655519a5ac37618fe74.jpg","Size":"429082","PicHeight":"700","PicWidth":"700","Pic500x500":"https://inishop.com/img/gallery_mediums/cd2a2a45f2be6f50e54a8727752717a7a57c18ca.jpg","Pic500x500Size":"250719","Pic500x500Height":"500","Pic500x500Width":"500","No":"1","IsMain":"Y","Updated":"2025-09-08 17:39:43","IsPrivate":"0","Type":"ProductImage","Attributes":{"OriginalFileName":""}},{"ID":"117084290","LowPic":"https://inishop.com/img/gallery_lows/f3101f2c8da9154b8d39da18a62215ca34fb94e7.jpg","LowSize":"47595","LowHeight":"200","LowWidth":"200","ThumbPic":"https://inishop.com/img/gallery_thumbs/c32692b2068068510eb5ca8a6e08883e35e711e1.jpg","ThumbPicSize":"10379","Pic":"https://inishop.com/img/gallery/5e9b63993ed1a70b5cd3bf1931369739a97a3ba2.jpg","Size":"581415","PicHeight":"1000","PicWidth":"1000","Pic500x500":"https://inishop.com/img/gallery_mediums/5745e992f1f390cec105e84f8d0845c0a37fd998.jpg","Pic500x500Size":"202214","Pic500x500Height":"500","Pic500x500Width":"500","No":"2","IsMain":"N","Updated":"2025-09-08 17:39:45","IsPrivate":"0","Type":"ProductImage","Attributes":{"OriginalFileName":""}},{"ID":"117084291","LowPic":"https://inishop.com/img/gallery_lows/b036afb77be07a1e27d840a6c295cf27c3c395c8.jpg","LowSize":"63561","LowHeight":"200","LowWidth":"200","ThumbPic":"https://inishop.com/img/gallery_thumbs/c0794fe276894320d67dec382e3637f35361e514.jpg","ThumbPicSize":"12036","Pic":"https://inishop.com/img/gallery/674e4bf34b77d66b762868ccc20d70d82757b4cc.jpg","Size":"891198","PicHeight":"1000","PicWidth":"1000","Pic500x500":"https://inishop.com/img/gallery_mediums/9d8ca201d78381c911d82f96e7a4ce66f69ae3ae.jpg","Pic500x500Size":"292302","Pic500x500Height":"500","Pic500x500Width":"500","No":"3","IsMain":"N","Updated":"2025-09-08 17:39:46","IsPrivate":"0","Type":"ProductImage","Attributes":{"OriginalFileName":""}},{"ID":"117084292","LowPic":"https://inishop.com/img/gallery_lows/e4ba6e3c63a56f84e0752d0a35a4e7dd2babb04a.jpg","LowSize":"60763","LowHeight":"200","LowWidth":"200","ThumbPic":"https://inishop.com/img/gallery_thumbs/7e8c64dc282c5e4a02a6a84e28173a8be2b29a18.jpg","ThumbPicSize":"11324","Pic":"https://inishop.com/img/gallery/af59fa931b39058c4ebbeafc40bc14a562bc12df.jpg","Size":"441617","PicHeight":"700","PicWidth":"700","Pic500x500":"https://inishop.com/img/gallery_mediums/7e1af5de347c6420a9315455cca8ccf1dacacf47.jpg","Pic500x500Size":"273922","Pic500x500Height":"500","Pic500x500Width":"500","No":"4","IsMain":"N","Updated":"2025-09-08 17:39:47","IsPrivate":"0","Type":"ProductImage","Attributes":{"OriginalFileName":""}}],"FeaturesGroups":[{"ID":24776,"SortNo":"50","FeatureGroup":{"ID":"185","Name":{"Value":"Features","Language":"EN"}},"Features":[{"Localized":0,"ID":835130787,"LocalID":0,"Type":"dropdown","Value":"Fresh cut mixed bouquet","CategoryFeatureId":"935697","CategoryFeatureGroupID":"24776","SortNo":"500","PresentationValue":"Fresh cut mixed bouquet","RawValue":"Fresh cut mixed bouquet","LocalValue":"Fresh cut mixed bouquet","Description":"The sub-category of the product.","Mandatory":"1","Searchable":"1","Optional":"0","Feature":{"ID":"14052","Sign":"","Measure":{"ID":"29","Sign":"","Signs":{"ID":"","_":"","Language":"EN"}},"Name":{"Value":"Product type","Language":"EN"}}},{"Localized":0,"ID":835130785,"LocalID":0,"Type":"multi_dropdown","Value":"Pink,White","CategoryFeatureId":"945016","CategoryFeatureGroupID":"24776","SortNo":"300","PresentationValue":"Pink, White","RawValue":"Pink,White","LocalValue":"Pink, White","Description":"The colour e.g. red, blue, green, black, white.","Mandatory":"0","Searchable":"0","Optional":"0","Feature":{"ID":"1766","Sign":"","Measure":{"ID":"29","Sign":"","Signs":{"ID":"","_":"","Language":"EN"}},"Name":{"Value":"Product colour","Language":"EN"}}}]},{"ID":37775,"SortNo":"0","FeatureGroup":{"ID":"198","Name":{"Value":"Logistics data","Language":"EN"}},"Features":[{"Localized":0,"ID":835130786,"LocalID":0,"Type":"multi_dropdown","Value":"Finland","CategoryFeatureId":"375769","CategoryFeatureGroupID":"37775","SortNo":"0","PresentationValue":"Finland","RawValue":"Finland","LocalValue":"Finland","Description":"Country where the device is made. Aka Country of manufacture (COM).","Mandatory":"0","Searchable":"0","Optional":"0","Feature":{"ID":"3294","Sign":"","Measure":{"ID":"29","Sign":"","Signs":{"ID":"","_":"","Language":"EN"}},"Name":{"Value":"Country of origin","Language":"EN"}}}]}],"FeatureLogos":[],"ReasonsToBuy":[],"Reviews":[],"ProductRelated":[],"CatalogObjectCloud":{},"Variants":[],"ProductStory":[],"Dictionary":{"model_name":"Product name","desc":"Description","ean_code":"EAN/UPC code","flash360":"3D tour","demo_msg_part3":"If you don't have an Icecat account, please register here for free.","repairability_index":"Repairability index","zoom_panel_init":"Original size","cat_name":"Category","product_family":"Product family","back_to_top":"Back to top","zoom_panel_out":"Zoom out","specs":"Specs","eu_product_fiche":"EU Product Fiche","reviews_head_name":"Reviews","pdf_specs":"Product Brochure","zoom_panel_in":"Zoom in","html_content":"","release_date":"Release date","demo_msg_part1":"You are using now a Demo account. Please, use your own Icecat account","demo_insert_desc":"This is a demo of a seamless insert of an Icecat LIVE product data-sheet in your website. Imagine that this responsive data-sheet is included in the product page of your webshop.","pdf_url":"User manual","prod_code":"Product code","supplier_name":"Brand","video":"Video","reasons_to_buy":"Reasons to buy","marketing_text":"Description","options_head_name":"Options","product_series":"Product series","demo_msg_part2":"your Icecat login name","link_integrate_desk":"How to integrate Icecat LIVE JavaScript.","zoom_panel_dragg":"Mouse dragging","eu_energy_label":"EU Energy Label"},"DemoAccount":false}}