{"msg":"OK","data":{"GeneralInfo":{"IcecatId":134704495,"ReleaseDate":"","EndOfLifeDate":"","Title":"Bayer Children’s Claritin Chewables 24-Hour","TitleInfo":{"GeneratedIntTitle":"Bayer Claritin","GeneratedLocalTitle":{"Value":"Bayer Claritin Tablet","Language":"EN"},"BrandLocalTitle":{"Value":"Bayer Children’s Claritin Chewables 24-Hour","Language":"EN"}},"Brand":"Bayer","BrandID":"1870","BrandLogo":"","BrandInfo":{"BrandName":"Bayer","BrandLocalName":"","BrandLogo":""},"ProductName":"Children’s Claritin Chewables 24-Hour","ProductNameInfo":{"ProductIntName":"Claritin","ProductLocalName":{"Value":"Children’s Claritin Chewables 24-Hour","Language":"EN"}},"BrandPartCode":"CLARITIN CHEWABLES","GTIN":[],"Category":{"CategoryID":"4879","Name":{"Value":"Antiallergic Drugs","Language":"EN"}},"ProductFamily":{},"ProductSeries":{"SeriesID":"1"},"Description":{"ID":"104052897","LongDesc":"Children's Claritin® Chewables offer 24-hour non-drowsy allergy medicine for children in grape and bubblegum flavors. They provide all-day allergy relief for your child. Now dye free!<br><br>","LongProductName":"Children’s Claritin Chewables 24-Hour, 30 tablets","MiddleDesc":"","Disclaimer":"","ManualPDFURL":"","ManualPDFSize":"0","LeafletPDFURL":"","PDFSize":"0","URL":"https://www.claritin.com/products/childrens-claritin/chewables-24hr","WarrantyInfo":"","Updated":"2025-09-09 15:17:35","Language":"EN"},"SummaryDescription":{"ShortSummaryDescription":"Bayer Children’s Claritin Chewables 24-Hour, Tablet, Grape, Bubblegum","LongSummaryDescription":"Bayer Children’s Claritin Chewables 24-Hour. Dosage form: Tablet, Suitable for: Adults & Children, Flavour: Grape, Bubblegum"},"BulletPoints":{"BulletPointsId":"13610765","Language":"EN","Values":["Children’s Claritin® provides 24-hour allergy relief of sneezing, runny nose, itchy, watery eyes, and itching of the nose or throat","#1 Pediatrician recommended non-drowsy oral allergy brand","For kids ages 2+","Provides non-drowsy relief that lasts all day","Available in grape and bubblegum flavors","Kid-approved great taste"],"Updated":"2025-09-09 15:17:35"},"GeneratedBulletPoints":{},"GTINs":[]},"Image":{"HighPic":"https://inishop.com/img/gallery/a91248a9420d9aa33158f022d35aa2fb48092d99.jpg","HighPicSize":"554433","HighPicHeight":"783","HighPicWidth":"745","LowPic":"https://inishop.com/img/gallery_lows/cbcae18b9f9ddc02df967b96ec8d1835d3eb18fd.jpg","LowPicSize":"51827","LowPicHeight":"200","LowPicWidth":"190","Pic500x500":"https://inishop.com/img/gallery_mediums/5425a98b5172181e58c36410276f8f9bf75efd62.jpg","Pic500x500Size":"256037","Pic500x500Height":"500","Pic500x500Width":"476","ThumbPic":"https://inishop.com/img/gallery_thumbs/38d3c0087b01de4048e511aa3d8f4a24df2b6d9b.jpg","ThumbPicSize":"9713"},"Multimedia":[],"Gallery":[{"ID":"117113997","LowPic":"https://inishop.com/img/gallery_lows/cbcae18b9f9ddc02df967b96ec8d1835d3eb18fd.jpg","LowSize":"51827","LowHeight":"200","LowWidth":"190","ThumbPic":"https://inishop.com/img/gallery_thumbs/38d3c0087b01de4048e511aa3d8f4a24df2b6d9b.jpg","ThumbPicSize":"9713","Pic":"https://inishop.com/img/gallery/a91248a9420d9aa33158f022d35aa2fb48092d99.jpg","Size":"554433","PicHeight":"783","PicWidth":"745","Pic500x500":"https://inishop.com/img/gallery_mediums/5425a98b5172181e58c36410276f8f9bf75efd62.jpg","Pic500x500Size":"256037","Pic500x500Height":"500","Pic500x500Width":"476","No":"1","IsMain":"Y","Updated":"2025-09-09 15:17:41","IsPrivate":"0","Type":"ProductImage","Attributes":{"OriginalFileName":""}},{"ID":"117113999","LowPic":"https://inishop.com/img/gallery_lows/6b83a6f96a908e9b56fa1d9cc217a24c1453a191.jpg","LowSize":"51967","LowHeight":"200","LowWidth":"190","ThumbPic":"https://inishop.com/img/gallery_thumbs/2d2c3b00aa85a951fcb59b428e9b1396366de125.jpg","ThumbPicSize":"9716","Pic":"https://inishop.com/img/gallery/3f5c65f8e4f1692fe9ee8b57d1fa89b0965c2d50.jpg","Size":"544523","PicHeight":"783","PicWidth":"742","Pic500x500":"https://inishop.com/img/gallery_mediums/536e1158d3c776a3be203d63654d3e9d56f5cf7c.jpg","Pic500x500Size":"251006","Pic500x500Height":"500","Pic500x500Width":"474","No":"2","IsMain":"N","Updated":"2025-09-09 15:17:47","IsPrivate":"0","Type":"ProductImage","Attributes":{"OriginalFileName":""}},{"ID":"117114000","LowPic":"https://inishop.com/img/gallery_lows/4181866fa82dbb4c0f5346acdb65b2c82222e7ba.jpg","LowSize":"39952","LowHeight":"200","LowWidth":"162","ThumbPic":"https://inishop.com/img/gallery_thumbs/5647c5faa1d89dac54be21b1068fff73a3d89db9.jpg","ThumbPicSize":"7217","Pic":"https://inishop.com/img/gallery/17d895281369849e4f427b461587a8156775f090.jpg","Size":"861509","PicHeight":"1100","PicWidth":"889","Pic500x500":"https://inishop.com/img/gallery_mediums/3949110b906ee175087bcfb52815a96eaf241d2e.jpg","Pic500x500Size":"223196","Pic500x500Height":"500","Pic500x500Width":"404","No":"3","IsMain":"N","Updated":"2025-09-09 15:17:52","IsPrivate":"0","Type":"ProductImage","Attributes":{"OriginalFileName":""}}],"FeaturesGroups":[{"ID":17656,"SortNo":"5","FeatureGroup":{"ID":"185","Name":{"Value":"Features","Language":"EN"}},"Features":[{"Localized":0,"ID":835288263,"LocalID":0,"Type":"dropdown","Value":"Tablet (substance)","CategoryFeatureId":"162301","CategoryFeatureGroupID":"17656","SortNo":"100","PresentationValue":"Tablet","RawValue":"Tablet (substance)","LocalValue":"Tablet","Description":"","Mandatory":"1","Searchable":"1","Optional":"0","Feature":{"ID":"25712","Sign":"","Measure":{"ID":"29","Sign":"","Signs":{"ID":"","_":"","Language":"EN"}},"Name":{"Value":"Dosage form","Language":"EN"}}},{"Localized":0,"ID":835288276,"LocalID":0,"Type":"dropdown","Value":"Adults & Children","CategoryFeatureId":"162302","CategoryFeatureGroupID":"17656","SortNo":"95","PresentationValue":"Adults & Children","RawValue":"Adults & Children","LocalValue":"Adults & Children","Description":"Who can use the product, or what the product can be used for.","Mandatory":"0","Searchable":"0","Optional":"0","Feature":{"ID":"9202","Sign":"","Measure":{"ID":"29","Sign":"","Signs":{"ID":"","_":"","Language":"EN"}},"Name":{"Value":"Suitable for","Language":"EN"}}},{"Localized":0,"ID":835288274,"LocalID":0,"Type":"dropdown","Value":"Grape,Bubblegum","CategoryFeatureId":"162304","CategoryFeatureGroupID":"17656","SortNo":"85","PresentationValue":"Grape, Bubblegum","RawValue":"Grape,Bubblegum","LocalValue":"Grape, Bubblegum","Description":"How something tastes.","Mandatory":"0","Searchable":"0","Optional":"0","Feature":{"ID":"12019","Sign":"","Measure":{"ID":"29","Sign":"","Signs":{"ID":"","_":"","Language":"EN"}},"Name":{"Value":"Flavour","Language":"EN"}}},{"Localized":0,"ID":836150638,"LocalID":0,"Type":"numerical","Value":"24","CategoryFeatureId":"162305","CategoryFeatureGroupID":"17656","SortNo":"80","PresentationValue":"24 h","RawValue":"24","LocalValue":"24","Description":"","Mandatory":"0","Searchable":"0","Optional":"0","Feature":{"ID":"19115","Sign":"","Measure":{"ID":"46","Sign":"","Signs":{"ID":"30","_":"h","Language":"EN"}},"Name":{"Value":"Effect duration","Language":"EN"}}},{"Localized":0,"ID":835288270,"LocalID":0,"Type":"numerical","Value":"30","CategoryFeatureId":"167648","CategoryFeatureGroupID":"17656","SortNo":"50","PresentationValue":"30","RawValue":"30","LocalValue":"30","Description":"","Mandatory":"0","Searchable":"0","Optional":"0","Feature":{"ID":"21173","Sign":"","Measure":{"ID":"29","Sign":"","Signs":{"ID":"","_":"","Language":"EN"}},"Name":{"Value":"Number of servings per pack","Language":"EN"}}},{"Localized":0,"ID":835288289,"LocalID":0,"Type":"y_n","Value":"Y","CategoryFeatureId":"162306","CategoryFeatureGroupID":"17656","SortNo":"30","PresentationValue":"Yes","RawValue":"Y","LocalValue":"Yes","Description":"","Mandatory":"0","Searchable":"0","Optional":"0","Feature":{"ID":"25715","Sign":"","Measure":{"ID":"26","Sign":"","Signs":{"ID":"","_":"","Language":"EN"}},"Name":{"Value":"Non-drowsy","Language":"EN"}}},{"Localized":0,"ID":836150639,"LocalID":0,"Type":"y_n","Value":"Y","CategoryFeatureId":"162310","CategoryFeatureGroupID":"17656","SortNo":"26","PresentationValue":"Yes","RawValue":"Y","LocalValue":"Yes","Description":"","Mandatory":"0","Searchable":"0","Optional":"0","Feature":{"ID":"18071","Sign":"","Measure":{"ID":"26","Sign":"","Signs":{"ID":"","_":"","Language":"EN"}},"Name":{"Value":"Long-lasting","Language":"EN"}}},{"Localized":0,"ID":835288269,"LocalID":0,"Type":"numerical","Value":"1","CategoryFeatureId":"280319","CategoryFeatureGroupID":"17656","SortNo":"0","PresentationValue":"1 pc(s)","RawValue":"1","LocalValue":"1","Description":"","Mandatory":"0","Searchable":"0","Optional":"0","Feature":{"ID":"20228","Sign":"","Measure":{"ID":"144","Sign":"","Signs":{"ID":"125","_":"pc(s)","Language":"EN"}},"Name":{"Value":"Quantity per pack","Language":"EN"}}},{"Localized":0,"ID":835288279,"LocalID":554061194,"Type":"textarea","Value":"Loratadine","CategoryFeatureId":"162318","CategoryFeatureGroupID":"17656","SortNo":"-1","PresentationValue":"Bubble Gum\nAspartame, carmine, citric acid, colloidal silicon dioxide, flavor, magnesium stearate, mannitol, microcrystalline cellulose, sodium starch glycolate, stearic acid\n\nGrape\nAspartame, citric acid anhydrous, colloidal silicon dioxide, flavor, magnesium stearate, mannitol, microcrystalline cellulose, sodium starch glycolate, stearic acid","RawValue":"Loratadine","LocalValue":"Bubble Gum\nAspartame, carmine, citric acid, colloidal silicon dioxide, flavor, magnesium stearate, mannitol, microcrystalline cellulose, sodium starch glycolate, stearic acid\n\nGrape\nAspartame, citric acid anhydrous, colloidal silicon dioxide, flavor, magnesium stearate, mannitol, microcrystalline cellulose, sodium starch glycolate, stearic acid","Description":"","Mandatory":"0","Searchable":"0","Optional":"0","Feature":{"ID":"16908","Sign":"","Measure":{"ID":"29","Sign":"","Signs":{"ID":"","_":"","Language":"EN"}},"Name":{"Value":"Ingredients","Language":"EN"}}},{"Localized":1,"ID":0,"LocalID":554062259,"Type":"textarea","Value":"","CategoryFeatureId":"162317","CategoryFeatureGroupID":"17656","SortNo":"-2","PresentationValue":"Adults and children 6 years and over: Chew 2 tablets daily; not more than 2 chewable tablets in 24 hours\nChildren 2 to under 6 years of age: Chew 1 chewable tablet daily; not more than 1 tablet in 24 hours","RawValue":"","LocalValue":"Adults and children 6 years and over: Chew 2 tablets daily; not more than 2 chewable tablets in 24 hours\nChildren 2 to under 6 years of age: Chew 1 chewable tablet daily; not more than 1 tablet in 24 hours","Description":"","Mandatory":"0","Searchable":"0","Optional":"0","Feature":{"ID":"24555","Sign":"","Measure":{"ID":"29","Sign":"","Signs":{"ID":"","_":"","Language":"EN"}},"Name":{"Value":"How to use","Language":"EN"}}}]}],"FeatureLogos":[],"ReasonsToBuy":[],"Reviews":[],"ProductRelated":[],"CatalogObjectCloud":{},"Variants":[],"ProductStory":[],"Dictionary":{"model_name":"Product name","desc":"Description","ean_code":"EAN/UPC code","flash360":"3D tour","demo_msg_part3":"If you don't have an Icecat account, please register here for free.","repairability_index":"Repairability index","zoom_panel_init":"Original size","cat_name":"Category","product_family":"Product family","back_to_top":"Back to top","zoom_panel_out":"Zoom out","specs":"Specs","eu_product_fiche":"EU Product Fiche","reviews_head_name":"Reviews","pdf_specs":"Product Brochure","zoom_panel_in":"Zoom in","html_content":"","release_date":"Release date","demo_msg_part1":"You are using now a Demo account. Please, use your own Icecat account","demo_insert_desc":"This is a demo of a seamless insert of an Icecat LIVE product data-sheet in your website. Imagine that this responsive data-sheet is included in the product page of your webshop.","pdf_url":"User manual","prod_code":"Product code","supplier_name":"Brand","video":"Video","reasons_to_buy":"Reasons to buy","marketing_text":"Description","options_head_name":"Options","product_series":"Product series","demo_msg_part2":"your Icecat login name","link_integrate_desk":"How to integrate Icecat LIVE JavaScript.","zoom_panel_dragg":"Mouse dragging","eu_energy_label":"EU Energy Label"},"DemoAccount":false}}