{"msg":"OK","data":{"GeneralInfo":{"IcecatId":109121287,"ReleaseDate":"","EndOfLifeDate":"","Title":"Royal Canin Beagle Adult 12 kg Corn, Poultry","TitleInfo":{"GeneratedIntTitle":"Royal Canin Beagle Adult","GeneratedLocalTitle":{"Value":"Royal Canin Beagle Adult 12 kg Corn, Poultry","Language":"EN"},"BrandLocalTitle":{"Value":"","Language":"EN"}},"Brand":"Royal Canin","BrandID":"13422","BrandLogo":"","BrandInfo":{"BrandName":"Royal Canin","BrandLocalName":"","BrandLogo":""},"ProductName":"Beagle Adult","ProductNameInfo":{"ProductIntName":"Beagle Adult","ProductLocalName":{"Value":"","Language":"EN"}},"BrandPartCode":"S25479","GTIN":[],"Category":{"CategoryID":"3398","Name":{"Value":"Dogs Dry Food","Language":"EN"}},"ProductFamily":{},"ProductSeries":{"SeriesID":"1"},"Description":{"ID":"104036600","LongDesc":"Beagles are cheerful and intelligent dogs that are easy to live with. For your adult Beagle, nutrition is an important part of maintaining optimal health - that's why the food you choose for your dog is important. Suitable for Beagles over 12 months old, ROYAL CANIN® Beagle Adult is specially formulated with all the nutritional needs of your adult dog in mind. As with many breeds of working origin which have now become popular pets, the Beagle is known for its good appetite and tendency for excess weight gain. That's why ROYAL CANIN® Beagle Adult helps maintain the Beagle's ideal weight thanks to an adapted calorie content. It also contains a combination of fibres that give your Beagle a more full feeling and helps to support healthy digestion and regulated stool production. Additionally, ROYAL CANIN® Beagle Adult's kibble has an exclusive shape that's tailor-made for the Beagle breed to help reduce the rate of over-zealous food intake, whilst also encouraging chewing for better digestion. The adult Beagle is a solid, strong and athletic dog whose short, shiny coat emphasises its muscles and underlying strength. Its natural enthusiasm for taking part in everything in the household, particularly physical exercise and outdoor activities, means that the Beagle is a very active dog. The health of its bone structure and joints may be supported with a diet that provides the appropriate set of adapted nutrients. That's why ROYAL CANIN® Beagle Adult contains a specific formula - enriched with Omega-3 fatty acids such as EPA & DHA - to help support and maintain the health of your Beagle's bones and joints. At ROYAL CANIN® we're committed to providing nutritional solutions to your pet's needs. All of our products undergo an extensive quality control process in order to guarantee the optimum quality of food as well as catering to your dog's specific dietary requirements and lifestyle. This means that when your dog eats ROYAL CANIN® Beagle Adult, it's getting a complete and balanced diet.<br><br><b>Ideal weight</b><br>The Beagle is known for his tendency to gain weight. This formula helps maintain the Beagle’s ideal weight thanks to an adapted calorie content.<br><br><b>Food intake control</b><br>The kibble’s exclusive shape helps reduce the rate of food intake and encourage chewing. This formula also contains a combination of fibres.<br><br><b>Bone & joint support</b><br>This specific formula helps support healthy bones and joints and maintain ideal weight. Enriched with EPA & DHA.<br><br><b>Exclusive kibble design</b><br>The kibble’s shape, size, texture and formula are adapted to the Beagle dog.","LongProductName":"Beagle Adult, 12kg","MiddleDesc":"","Disclaimer":"","ManualPDFURL":"","ManualPDFSize":"0","LeafletPDFURL":"","PDFSize":"0","URL":"https://www.royalcanin.com/uk/dogs/products/retail-products/beagle-adult-2106?queryId=cf5f3d1706ce9980e5f983b4c335b2dd&objectId=366938&source=gs","WarrantyInfo":"","Updated":"2025-09-08 16:26:41","Language":"EN"},"SummaryDescription":{"ShortSummaryDescription":"Royal Canin Beagle Adult, Adult, Beagle, Medium (11 - 25kg), Corn, Poultry, 12 kg","LongSummaryDescription":"Royal Canin Beagle Adult. Pet life stage: Adult, Dog breed: Beagle, Breed size: Medium (11 - 25kg), Pet food flavor: Corn, Poultry, Weight: 12 kg, Antioxidants included"},"BulletPoints":{},"GeneratedBulletPoints":{},"GTINs":[]},"Image":{"HighPic":"https://inishop.com/img/gallery/c86d42e1cb338d3aeacff8a2ea667343fa54f1fb.jpg","HighPicSize":"163469","HighPicHeight":"905","HighPicWidth":"640","LowPic":"https://inishop.com/img/gallery_lows/3e1ace94892a4053c18deaab529d90329f132c2b.jpg","LowPicSize":"22397","LowPicHeight":"200","LowPicWidth":"141","Pic500x500":"https://inishop.com/img/gallery_mediums/eeba8d4e9991f23bf832b9e04dcb187bc884556a.jpg","Pic500x500Size":"92354","Pic500x500Height":"500","Pic500x500Width":"354","ThumbPic":"https://inishop.com/img/gallery_thumbs/7ddeb24217448a9e2aa1a8da0b228d943e82efeb.jpg","ThumbPicSize":"5548"},"Multimedia":[{"ID":"FFF329AD-FE11-4B2E-84E2-B1C0E80E1F44","URL":"https://inishop.com/objects/mmo_109121287_1757410486_8349_2791166.txt","Type":"ProductStory2.0","ContentType":"text/html","KeepAsUrl":"0","Description":"ProductStory2.0","Size":"6337","IsPrivate":"0","Updated":"2025-09-09 11:34:46","Language":"EN","IsVideo":0},{"ID":"AA29F418-A5B7-4EC0-940D-C266CC0D849B","URL":"https://live-html.icecat.biz/4811927a20d81a4acc3838843b14e646/index.html","Type":"ProductStory","ContentType":"application/zip","KeepAsUrl":"0","Description":"ProductStory","Size":"2578","IsPrivate":"0","Updated":"2025-09-09 11:34:51","Language":"EN","IsVideo":0}],"Gallery":[{"ID":"117083442","LowPic":"https://inishop.com/img/gallery_lows/3e1ace94892a4053c18deaab529d90329f132c2b.jpg","LowSize":"22397","LowHeight":"200","LowWidth":"141","ThumbPic":"https://inishop.com/img/gallery_thumbs/7ddeb24217448a9e2aa1a8da0b228d943e82efeb.jpg","ThumbPicSize":"5548","Pic":"https://inishop.com/img/gallery/c86d42e1cb338d3aeacff8a2ea667343fa54f1fb.jpg","Size":"163469","PicHeight":"905","PicWidth":"640","Pic500x500":"https://inishop.com/img/gallery_mediums/eeba8d4e9991f23bf832b9e04dcb187bc884556a.jpg","Pic500x500Size":"92354","Pic500x500Height":"500","Pic500x500Width":"354","No":"3","IsMain":"Y","Updated":"2025-09-08 16:24:54","IsPrivate":"0","Type":"ProductImage","Attributes":{"OriginalFileName":""}},{"ID":"117080716","LowPic":"https://inishop.com/img/gallery_lows/a33f97a4a20e4d3c3694a8da98baa25aa6bc39f5.jpg","LowSize":"23035","LowHeight":"191","LowWidth":"200","ThumbPic":"https://inishop.com/img/gallery_thumbs/74968d00fc694693e9ba3036d4baf5b54827a1e2.jpg","ThumbPicSize":"5230","Pic":"https://inishop.com/img/gallery/d6e508083a4a50cb6c06c79c8ed7b72cc0e0fe38.jpg","Size":"107222","PicHeight":"529","PicWidth":"554","Pic500x500":"https://inishop.com/img/gallery_mediums/5de36cb04c24738bf870870511e741f85ddd9aca.jpg","Pic500x500Size":"100749","Pic500x500Height":"477","Pic500x500Width":"500","No":"4","IsMain":"N","Updated":"2025-09-08 16:24:54","IsPrivate":"0","Type":"ProductDetailImage","Attributes":{"OriginalFileName":""}},{"ID":"117083455","LowPic":"https://inishop.com/img/gallery_lows/77b7d9de0f11c08e7101fc77b89c631f89f79991.jpg","LowSize":"25589","LowHeight":"200","LowWidth":"180","ThumbPic":"https://inishop.com/img/gallery_thumbs/a8741b4e23f837d6e9ec0390832d53f9f36f3b9e.jpg","ThumbPicSize":"6017","Pic":"https://inishop.com/img/gallery/662e0e98b56e9d9255c4f24b370c9cdb7d445f9e.jpg","Size":"57504","PicHeight":"335","PicWidth":"301","Pic500x500":"","Pic500x500Size":"0","Pic500x500Height":"0","Pic500x500Width":"0","No":"5","IsMain":"N","Updated":"2025-09-08 16:24:54","IsPrivate":"0","Type":"LifestyleImage","Attributes":{"OriginalFileName":""}},{"ID":"117083475","LowPic":"https://inishop.com/img/gallery_lows/9c6bf4546ad1a4fe2a2f4407783930ffd815431a.jpg","LowSize":"24068","LowHeight":"200","LowWidth":"200","ThumbPic":"https://inishop.com/img/gallery_thumbs/3e2096a3d63e02ac1d4edddbfeed1903cc5ac293.jpg","ThumbPicSize":"5654","Pic":"https://inishop.com/img/gallery/86f784cd48a8ad254a5579055667ea411f379ca3.jpg","Size":"105134","PicHeight":"640","PicWidth":"640","Pic500x500":"https://inishop.com/img/gallery_mediums/2945c864f85122eecf77b1bf124835dec9d9558c.jpg","Pic500x500Size":"93122","Pic500x500Height":"500","Pic500x500Width":"500","No":"6","IsMain":"N","Updated":"2025-09-08 16:25:51","IsPrivate":"0","Type":"ProductImageAnnotated","Attributes":{"OriginalFileName":""}},{"ID":"117083477","LowPic":"https://inishop.com/img/gallery_lows/0477d9992068d8b4b6cb3edf971d37902fb06522.jpg","LowSize":"20783","LowHeight":"200","LowWidth":"200","ThumbPic":"https://inishop.com/img/gallery_thumbs/a780dd879a3fff76e0e5f76283f9e1766cd671bf.jpg","ThumbPicSize":"5135","Pic":"https://inishop.com/img/gallery/c2daa8897d737181db3a483ad4143d63394ba822.jpg","Size":"96707","PicHeight":"640","PicWidth":"640","Pic500x500":"https://inishop.com/img/gallery_mediums/85b2f029c82d70702fb20db063b8999bf8424926.jpg","Pic500x500Size":"79497","Pic500x500Height":"500","Pic500x500Width":"500","No":"7","IsMain":"N","Updated":"2025-09-08 16:25:51","IsPrivate":"0","Type":"ProductImageAnnotated","Attributes":{"OriginalFileName":""}},{"ID":"117083478","LowPic":"https://inishop.com/img/gallery_lows/a6d8b183128b4c5a407459dc5aacc0deafbe3e19.jpg","LowSize":"30674","LowHeight":"200","LowWidth":"200","ThumbPic":"https://inishop.com/img/gallery_thumbs/9ac620bc406d0cdfd1c17cd882b25908b9c469be.jpg","ThumbPicSize":"7499","Pic":"https://inishop.com/img/gallery/38b231567444504afc08f64f7e0dcd36dd9a2c0d.jpg","Size":"144708","PicHeight":"640","PicWidth":"640","Pic500x500":"https://inishop.com/img/gallery_mediums/4fcf736ac436e518908185b3bb2f112be42a1533.jpg","Pic500x500Size":"112729","Pic500x500Height":"500","Pic500x500Width":"500","No":"8","IsMain":"N","Updated":"2025-09-08 16:25:52","IsPrivate":"0","Type":"ProductImageAnnotated","Attributes":{"OriginalFileName":""}},{"ID":"117083479","LowPic":"https://inishop.com/img/gallery_lows/e1ee9fb3ec2fbe34a64780af9f2c6cb3e0c20467.jpg","LowSize":"37734","LowHeight":"200","LowWidth":"200","ThumbPic":"https://inishop.com/img/gallery_thumbs/5953e482735f9d505ae7805cf8c76de6ccee9a44.jpg","ThumbPicSize":"8644","Pic":"https://inishop.com/img/gallery/3b632c1c120389490ff5d21f013379eda087b763.jpg","Size":"161418","PicHeight":"640","PicWidth":"640","Pic500x500":"https://inishop.com/img/gallery_mediums/8f25be3b8a4fe2d040b3ef052a114d9dd517e97b.jpg","Pic500x500Size":"145432","Pic500x500Height":"500","Pic500x500Width":"500","No":"9","IsMain":"N","Updated":"2025-09-08 16:25:53","IsPrivate":"0","Type":"ProductImageAnnotated","Attributes":{"OriginalFileName":""}},{"ID":"117083481","LowPic":"https://inishop.com/img/gallery_lows/57917c177a147bfd67207a086ca3d5bb10fddb3a.jpg","LowSize":"29618","LowHeight":"200","LowWidth":"200","ThumbPic":"https://inishop.com/img/gallery_thumbs/f7bbd5a3ccd8bb238e6f3875c3f2339a65c78cae.jpg","ThumbPicSize":"6892","Pic":"https://inishop.com/img/gallery/e99b654defdbff588bfd0032bcbeba438aac5453.jpg","Size":"165753","PicHeight":"640","PicWidth":"640","Pic500x500":"https://inishop.com/img/gallery_mediums/1aff7457bfcd6959bc0fa40497303ca2a0b9aca9.jpg","Pic500x500Size":"125923","Pic500x500Height":"500","Pic500x500Width":"500","No":"10","IsMain":"N","Updated":"2025-09-08 16:25:53","IsPrivate":"0","Type":"ProductImageAnnotated","Attributes":{"OriginalFileName":""}},{"ID":"117083482","LowPic":"https://inishop.com/img/gallery_lows/8a9124a8366644d50a47816e7ca764eeab07c7bf.jpg","LowSize":"35359","LowHeight":"200","LowWidth":"200","ThumbPic":"https://inishop.com/img/gallery_thumbs/310ad9ab11e959dc3260393324128540783890e0.jpg","ThumbPicSize":"8470","Pic":"https://inishop.com/img/gallery/e61c3b15ba12f9f3fc83e5dd1f5d681a35e632a6.jpg","Size":"167379","PicHeight":"640","PicWidth":"640","Pic500x500":"https://inishop.com/img/gallery_mediums/d0b0739875dd8e37c42dc08c37bf10544ce4bfef.jpg","Pic500x500Size":"143305","Pic500x500Height":"500","Pic500x500Width":"500","No":"11","IsMain":"N","Updated":"2025-09-08 16:25:54","IsPrivate":"0","Type":"ProductImageAnnotated","Attributes":{"OriginalFileName":""}}],"FeaturesGroups":[{"ID":13305,"SortNo":"10","FeatureGroup":{"ID":"185","Name":{"Value":"Features","Language":"EN"}},"Features":[{"Localized":0,"ID":835105424,"LocalID":0,"Type":"numerical","Value":"12000","CategoryFeatureId":"189213","CategoryFeatureGroupID":"13305","SortNo":"200","PresentationValue":"12 kg","RawValue":"12000","LocalValue":"12","Description":"Weight of the product without packaging (net weight). If possible, the net weight is given including standard accessories and supplies. Please note that sometimes the manufacturer leaves out the weight of accessories and/or supplies.","Mandatory":"1","Searchable":"0","Optional":"0","Feature":{"ID":"94","Sign":"","Measure":{"ID":"38","Sign":"","Signs":{"ID":"22","_":"g","Language":"EN"}},"Name":{"Value":"Weight","Language":"EN"}}},{"Localized":0,"ID":835105428,"LocalID":0,"Type":"multi_dropdown","Value":"Beagle","CategoryFeatureId":"122978","CategoryFeatureGroupID":"13305","SortNo":"190","PresentationValue":"Beagle","RawValue":"Beagle","LocalValue":"Beagle","Description":"","Mandatory":"1","Searchable":"0","Optional":"0","Feature":{"ID":"20710","Sign":"","Measure":{"ID":"29","Sign":"","Signs":{"ID":"","_":"","Language":"EN"}},"Name":{"Value":"Dog breed","Language":"EN"}}},{"Localized":0,"ID":835105443,"LocalID":0,"Type":"multi_dropdown","Value":"Medium (11 - 25kg)","CategoryFeatureId":"122920","CategoryFeatureGroupID":"13305","SortNo":"189","PresentationValue":"Medium (11 - 25kg)","RawValue":"Medium (11 - 25kg)","LocalValue":"Medium (11 - 25kg)","Description":"","Mandatory":"0","Searchable":"0","Optional":"0","Feature":{"ID":"20703","Sign":"","Measure":{"ID":"29","Sign":"","Signs":{"ID":"","_":"","Language":"EN"}},"Name":{"Value":"Breed size","Language":"EN"}}},{"Localized":0,"ID":835105455,"LocalID":0,"Type":"multi_dropdown","Value":"Vitamin A,Vitamin B1,Vitamin B12,Vitamin B2,Vitamin B3,Vitamin B5,Vitamin B6,Vitamin B9 (folic acid),Vitamin C,Vitamin D3,Vitamin E,Vitamin H (biotin)","CategoryFeatureId":"201495","CategoryFeatureGroupID":"13305","SortNo":"175","PresentationValue":"Vitamin A, Vitamin B1, Vitamin B12, Vitamin B2, Vitamin B3, Vitamin B5, Vitamin B6, Vitamin B9 (folic acid), Vitamin C, Vitamin D3, Vitamin E, Vitamin H (biotin)","RawValue":"Vitamin A,Vitamin B1,Vitamin B12,Vitamin B2,Vitamin B3,Vitamin B5,Vitamin B6,Vitamin B9 (folic acid),Vitamin C,Vitamin D3,Vitamin E,Vitamin H (biotin)","LocalValue":"Vitamin A, Vitamin B1, Vitamin B12, Vitamin B2, Vitamin B3, Vitamin B5, Vitamin B6, Vitamin B9 (folic acid), Vitamin C, Vitamin D3, Vitamin E, Vitamin H (biotin)","Description":"","Mandatory":"0","Searchable":"0","Optional":"0","Feature":{"ID":"26607","Sign":"","Measure":{"ID":"29","Sign":"","Signs":{"ID":"","_":"","Language":"EN"}},"Name":{"Value":"Includes vitamins","Language":"EN"}}},{"Localized":0,"ID":835105459,"LocalID":0,"Type":"dropdown","Value":"Hip & joint","CategoryFeatureId":"218723","CategoryFeatureGroupID":"13305","SortNo":"173","PresentationValue":"Hip & joint","RawValue":"Hip & joint","LocalValue":"Hip & joint","Description":"","Mandatory":"0","Searchable":"0","Optional":"0","Feature":{"ID":"32454","Sign":"","Measure":{"ID":"29","Sign":"","Signs":{"ID":"","_":"","Language":"EN"}},"Name":{"Value":"Health effects","Language":"EN"}}},{"Localized":0,"ID":835105513,"LocalID":0,"Type":"y_n","Value":"Y","CategoryFeatureId":"256209","CategoryFeatureGroupID":"13305","SortNo":"100","PresentationValue":"Yes","RawValue":"Y","LocalValue":"Yes","Description":"","Mandatory":"0","Searchable":"0","Optional":"0","Feature":{"ID":"30814","Sign":"","Measure":{"ID":"26","Sign":"","Signs":{"ID":"","_":"","Language":"EN"}},"Name":{"Value":"Antioxidants included","Language":"EN"}}},{"Localized":0,"ID":835105406,"LocalID":0,"Type":"dropdown","Value":"Adult (animal)","CategoryFeatureId":"122907","CategoryFeatureGroupID":"13305","SortNo":"20","PresentationValue":"Adult","RawValue":"Adult (animal)","LocalValue":"Adult","Description":"","Mandatory":"1","Searchable":"1","Optional":"0","Feature":{"ID":"20700","Sign":"","Measure":{"ID":"29","Sign":"","Signs":{"ID":"","_":"","Language":"EN"}},"Name":{"Value":"Pet life stage","Language":"EN"}}},{"Localized":0,"ID":835105421,"LocalID":0,"Type":"multi_dropdown","Value":"Corn,Poultry","CategoryFeatureId":"122918","CategoryFeatureGroupID":"13305","SortNo":"17","PresentationValue":"Corn, Poultry","RawValue":"Corn,Poultry","LocalValue":"Corn, Poultry","Description":"","Mandatory":"1","Searchable":"1","Optional":"0","Feature":{"ID":"20702","Sign":"","Measure":{"ID":"29","Sign":"","Signs":{"ID":"","_":"","Language":"EN"}},"Name":{"Value":"Pet food flavor","Language":"EN"}}},{"Localized":1,"ID":0,"LocalID":554058996,"Type":"textarea","Value":"","CategoryFeatureId":"122922","CategoryFeatureGroupID":"13305","SortNo":"15","PresentationValue":"Dehydrated poultry protein, maize, rice, wheat, animal fats, maize gluten, hydrolysed animal proteins, vegetable fibres, vegetable protein isolate, beet pulp, minerals, fish oil, yeasts, soya oil, psyllium husks and seeds, fructo-oligosaccharides, hydrolysed yeast (source of mannan-oligo-saccharides), borage oil, green tea and grape extracts (source of polyphenols), hydrolysed crustaceans (source of glucosamine), marigold extract (source of lutein), hydrolysed cartilage (source of chondroitin)","RawValue":"","LocalValue":"Dehydrated poultry protein, maize, rice, wheat, animal fats, maize gluten, hydrolysed animal proteins, vegetable fibres, vegetable protein isolate, beet pulp, minerals, fish oil, yeasts, soya oil, psyllium husks and seeds, fructo-oligosaccharides, hydrolysed yeast (source of mannan-oligo-saccharides), borage oil, green tea and grape extracts (source of polyphenols), hydrolysed crustaceans (source of glucosamine), marigold extract (source of lutein), hydrolysed cartilage (source of chondroitin)","Description":"","Mandatory":"0","Searchable":"0","Optional":"0","Feature":{"ID":"20704","Sign":"","Measure":{"ID":"29","Sign":"","Signs":{"ID":"","_":"","Language":"EN"}},"Name":{"Value":"Pet food composition","Language":"EN"}}},{"Localized":0,"ID":533878694,"LocalID":0,"Type":"numerical","Value":"1","CategoryFeatureId":"661803","CategoryFeatureGroupID":"13305","SortNo":"0","PresentationValue":"1 pc(s)","RawValue":"1","LocalValue":"1","Description":"","Mandatory":"0","Searchable":"0","Optional":"0","Feature":{"ID":"20228","Sign":"","Measure":{"ID":"144","Sign":"","Signs":{"ID":"125","_":"pc(s)","Language":"EN"}},"Name":{"Value":"Quantity per pack","Language":"EN"}}}]},{"ID":22475,"SortNo":"8","FeatureGroup":{"ID":"200","Name":{"Value":"Nutrition facts","Language":"EN"}},"Features":[{"Localized":0,"ID":835106019,"LocalID":0,"Type":"numerical","Value":"27","CategoryFeatureId":"122923","CategoryFeatureGroupID":"22475","SortNo":"100","PresentationValue":"27%","RawValue":"27","LocalValue":"27","Description":"","Mandatory":"0","Searchable":"0","Optional":"0","Feature":{"ID":"20705","Sign":"","Measure":{"ID":"64","Sign":"","Signs":{"ID":"47","_":"%","Language":"EN"}},"Name":{"Value":"Protein","Language":"EN"}}},{"Localized":0,"ID":835106024,"LocalID":0,"Type":"numerical","Value":"12","CategoryFeatureId":"122924","CategoryFeatureGroupID":"22475","SortNo":"100","PresentationValue":"12%","RawValue":"12","LocalValue":"12","Description":"","Mandatory":"0","Searchable":"0","Optional":"0","Feature":{"ID":"20706","Sign":"","Measure":{"ID":"64","Sign":"","Signs":{"ID":"47","_":"%","Language":"EN"}},"Name":{"Value":"Fat content","Language":"EN"}}},{"Localized":0,"ID":835106029,"LocalID":0,"Type":"numerical","Value":"6.1","CategoryFeatureId":"122925","CategoryFeatureGroupID":"22475","SortNo":"100","PresentationValue":"6.1%","RawValue":"6.1","LocalValue":"6.1","Description":"","Mandatory":"0","Searchable":"0","Optional":"0","Feature":{"ID":"20707","Sign":"","Measure":{"ID":"64","Sign":"","Signs":{"ID":"47","_":"%","Language":"EN"}},"Name":{"Value":"Crude ash","Language":"EN"}}},{"Localized":0,"ID":835106030,"LocalID":0,"Type":"numerical","Value":"3.7","CategoryFeatureId":"122926","CategoryFeatureGroupID":"22475","SortNo":"100","PresentationValue":"3.7%","RawValue":"3.7","LocalValue":"3.7","Description":"","Mandatory":"0","Searchable":"0","Optional":"0","Feature":{"ID":"20708","Sign":"","Measure":{"ID":"64","Sign":"","Signs":{"ID":"47","_":"%","Language":"EN"}},"Name":{"Value":"Crude fibres","Language":"EN"}}},{"Localized":0,"ID":835106037,"LocalID":0,"Type":"numerical","Value":"0.7","CategoryFeatureId":"201489","CategoryFeatureGroupID":"22475","SortNo":"100","PresentationValue":"0.7%","RawValue":"0.7","LocalValue":"0.7","Description":"","Mandatory":"0","Searchable":"0","Optional":"0","Feature":{"ID":"30405","Sign":"","Measure":{"ID":"64","Sign":"","Signs":{"ID":"47","_":"%","Language":"EN"}},"Name":{"Value":"Phosphorus","Language":"EN"}}},{"Localized":0,"ID":835106043,"LocalID":0,"Type":"numerical","Value":"0.9","CategoryFeatureId":"201490","CategoryFeatureGroupID":"22475","SortNo":"100","PresentationValue":"0.9%","RawValue":"0.9","LocalValue":"0.9","Description":"","Mandatory":"0","Searchable":"0","Optional":"0","Feature":{"ID":"30404","Sign":"","Measure":{"ID":"64","Sign":"","Signs":{"ID":"47","_":"%","Language":"EN"}},"Name":{"Value":"Calcium","Language":"EN"}}},{"Localized":0,"ID":835106050,"LocalID":0,"Type":"numerical","Value":"0.4","CategoryFeatureId":"201491","CategoryFeatureGroupID":"22475","SortNo":"100","PresentationValue":"0.4%","RawValue":"0.4","LocalValue":"0.4","Description":"","Mandatory":"0","Searchable":"0","Optional":"0","Feature":{"ID":"30406","Sign":"","Measure":{"ID":"64","Sign":"","Signs":{"ID":"47","_":"%","Language":"EN"}},"Name":{"Value":"Sodium","Language":"EN"}}},{"Localized":0,"ID":835106057,"LocalID":0,"Type":"numerical","Value":"0.08","CategoryFeatureId":"204245","CategoryFeatureGroupID":"22475","SortNo":"97","PresentationValue":"0.08%","RawValue":"0.08","LocalValue":"0.08","Description":"","Mandatory":"0","Searchable":"0","Optional":"0","Feature":{"ID":"30418","Sign":"","Measure":{"ID":"64","Sign":"","Signs":{"ID":"47","_":"%","Language":"EN"}},"Name":{"Value":"Magnesium content","Language":"EN"}}},{"Localized":0,"ID":835106069,"LocalID":0,"Type":"numerical","Value":"0.7","CategoryFeatureId":"205019","CategoryFeatureGroupID":"22475","SortNo":"94","PresentationValue":"0.7%","RawValue":"0.7","LocalValue":"0.7","Description":"","Mandatory":"0","Searchable":"0","Optional":"0","Feature":{"ID":"30417","Sign":"","Measure":{"ID":"64","Sign":"","Signs":{"ID":"47","_":"%","Language":"EN"}},"Name":{"Value":"Potassium content","Language":"EN"}}},{"Localized":0,"ID":835106155,"LocalID":0,"Type":"numerical","Value":"3584","CategoryFeatureId":"205024","CategoryFeatureGroupID":"22475","SortNo":"88","PresentationValue":"3584 kcal/kg","RawValue":"3584","LocalValue":"3584","Description":"","Mandatory":"0","Searchable":"0","Optional":"0","Feature":{"ID":"30773","Sign":"","Measure":{"ID":"315","Sign":"","Signs":{"ID":"21220","_":"kcal/kg","Language":"EN"}},"Name":{"Value":"Metabolisable Energy (ME)","Language":"EN"}}},{"Localized":0,"ID":835106161,"LocalID":0,"Type":"numerical","Value":"100","CategoryFeatureId":"205025","CategoryFeatureGroupID":"22475","SortNo":"85","PresentationValue":"100 mg/kg","RawValue":"100","LocalValue":"100","Description":"","Mandatory":"0","Searchable":"0","Optional":"0","Feature":{"ID":"30774","Sign":"","Measure":{"ID":"395","Sign":"","Signs":{"ID":"31867","_":"mg/kg","Language":"EN"}},"Name":{"Value":"L-carnitine content","Language":"EN"}}},{"Localized":0,"ID":835106167,"LocalID":0,"Type":"numerical","Value":"0.35","CategoryFeatureId":"205026","CategoryFeatureGroupID":"22475","SortNo":"82","PresentationValue":"0.35 mg/kg","RawValue":"0.35","LocalValue":"0.35","Description":"","Mandatory":"0","Searchable":"0","Optional":"0","Feature":{"ID":"30775","Sign":"","Measure":{"ID":"395","Sign":"","Signs":{"ID":"31867","_":"mg/kg","Language":"EN"}},"Name":{"Value":"Taurine content","Language":"EN"}}},{"Localized":0,"ID":835106176,"LocalID":0,"Type":"numerical","Value":"2920","CategoryFeatureId":"205027","CategoryFeatureGroupID":"22475","SortNo":"79","PresentationValue":"2920 μg/kg","RawValue":"2920","LocalValue":"2920","Description":"","Mandatory":"0","Searchable":"0","Optional":"0","Feature":{"ID":"30776","Sign":"","Measure":{"ID":"396","Sign":"","Signs":{"ID":"31921","_":"μg/kg","Language":"EN"}},"Name":{"Value":"Biotin content","Language":"EN"}}},{"Localized":0,"ID":835106183,"LocalID":0,"Type":"numerical","Value":"300","CategoryFeatureId":"205028","CategoryFeatureGroupID":"22475","SortNo":"76","PresentationValue":"300 mg/kg","RawValue":"300","LocalValue":"300","Description":"","Mandatory":"0","Searchable":"0","Optional":"0","Feature":{"ID":"30777","Sign":"","Measure":{"ID":"395","Sign":"","Signs":{"ID":"31867","_":"mg/kg","Language":"EN"}},"Name":{"Value":"Vitamin C content","Language":"EN"}}},{"Localized":0,"ID":835106184,"LocalID":0,"Type":"numerical","Value":"212","CategoryFeatureId":"205029","CategoryFeatureGroupID":"22475","SortNo":"73","PresentationValue":"212 mg/kg","RawValue":"212","LocalValue":"212","Description":"","Mandatory":"0","Searchable":"0","Optional":"0","Feature":{"ID":"30781","Sign":"","Measure":{"ID":"395","Sign":"","Signs":{"ID":"31867","_":"mg/kg","Language":"EN"}},"Name":{"Value":"Iron content","Language":"EN"}}},{"Localized":0,"ID":835106189,"LocalID":0,"Type":"numerical","Value":"201","CategoryFeatureId":"205030","CategoryFeatureGroupID":"22475","SortNo":"70","PresentationValue":"201 mg/kg","RawValue":"201","LocalValue":"201","Description":"","Mandatory":"0","Searchable":"0","Optional":"0","Feature":{"ID":"30782","Sign":"","Measure":{"ID":"395","Sign":"","Signs":{"ID":"31867","_":"mg/kg","Language":"EN"}},"Name":{"Value":"Zinc content","Language":"EN"}}},{"Localized":0,"ID":835106201,"LocalID":0,"Type":"numerical","Value":"71","CategoryFeatureId":"205031","CategoryFeatureGroupID":"22475","SortNo":"67","PresentationValue":"71 mg/kg","RawValue":"71","LocalValue":"71","Description":"","Mandatory":"0","Searchable":"0","Optional":"0","Feature":{"ID":"30783","Sign":"","Measure":{"ID":"395","Sign":"","Signs":{"ID":"31867","_":"mg/kg","Language":"EN"}},"Name":{"Value":"Manganese content","Language":"EN"}}},{"Localized":0,"ID":835106212,"LocalID":0,"Type":"numerical","Value":"15","CategoryFeatureId":"205032","CategoryFeatureGroupID":"22475","SortNo":"64","PresentationValue":"15 mg/kg","RawValue":"15","LocalValue":"15","Description":"","Mandatory":"0","Searchable":"0","Optional":"0","Feature":{"ID":"30784","Sign":"","Measure":{"ID":"395","Sign":"","Signs":{"ID":"31867","_":"mg/kg","Language":"EN"}},"Name":{"Value":"Copper content","Language":"EN"}}},{"Localized":0,"ID":835106214,"LocalID":0,"Type":"numerical","Value":"4.8","CategoryFeatureId":"205033","CategoryFeatureGroupID":"22475","SortNo":"61","PresentationValue":"4.8 mg/kg","RawValue":"4.8","LocalValue":"4.8","Description":"","Mandatory":"0","Searchable":"0","Optional":"0","Feature":{"ID":"30785","Sign":"","Measure":{"ID":"395","Sign":"","Signs":{"ID":"31867","_":"mg/kg","Language":"EN"}},"Name":{"Value":"Iodine content","Language":"EN"}}},{"Localized":0,"ID":835106217,"LocalID":0,"Type":"numerical","Value":"0.29","CategoryFeatureId":"205034","CategoryFeatureGroupID":"22475","SortNo":"58","PresentationValue":"0.29 mg/kg","RawValue":"0.29","LocalValue":"0.29","Description":"","Mandatory":"0","Searchable":"0","Optional":"0","Feature":{"ID":"30786","Sign":"","Measure":{"ID":"395","Sign":"","Signs":{"ID":"31867","_":"mg/kg","Language":"EN"}},"Name":{"Value":"Selenium content","Language":"EN"}}},{"Localized":0,"ID":835106223,"LocalID":0,"Type":"numerical","Value":"29000","CategoryFeatureId":"205036","CategoryFeatureGroupID":"22475","SortNo":"55","PresentationValue":"29000 IU/kg","RawValue":"29000","LocalValue":"29000","Description":"","Mandatory":"0","Searchable":"0","Optional":"0","Feature":{"ID":"30787","Sign":"","Measure":{"ID":"394","Sign":"","Signs":{"ID":"31813","_":"IU/kg","Language":"EN"}},"Name":{"Value":"Vitamin A content","Language":"EN"}}},{"Localized":0,"ID":835106264,"LocalID":0,"Type":"numerical","Value":"800","CategoryFeatureId":"205037","CategoryFeatureGroupID":"22475","SortNo":"52","PresentationValue":"800 IU/kg","RawValue":"800","LocalValue":"800","Description":"","Mandatory":"0","Searchable":"0","Optional":"0","Feature":{"ID":"30788","Sign":"","Measure":{"ID":"394","Sign":"","Signs":{"ID":"31813","_":"IU/kg","Language":"EN"}},"Name":{"Value":"Vitamin D3 content","Language":"EN"}}},{"Localized":0,"ID":835105473,"LocalID":0,"Type":"numerical","Value":"600","CategoryFeatureId":"205038","CategoryFeatureGroupID":"22475","SortNo":"49","PresentationValue":"600 mg/kg","RawValue":"600","LocalValue":"600","Description":"","Mandatory":"0","Searchable":"0","Optional":"0","Feature":{"ID":"30789","Sign":"","Measure":{"ID":"395","Sign":"","Signs":{"ID":"31867","_":"mg/kg","Language":"EN"}},"Name":{"Value":"Vitamin E content","Language":"EN"}}},{"Localized":0,"ID":835105474,"LocalID":0,"Type":"numerical","Value":"25.7","CategoryFeatureId":"205039","CategoryFeatureGroupID":"22475","SortNo":"46","PresentationValue":"25.7 mg/kg","RawValue":"25.7","LocalValue":"25.7","Description":"","Mandatory":"0","Searchable":"0","Optional":"0","Feature":{"ID":"30790","Sign":"","Measure":{"ID":"395","Sign":"","Signs":{"ID":"31867","_":"mg/kg","Language":"EN"}},"Name":{"Value":"Thiamine (vitamin B1) content","Language":"EN"}}},{"Localized":0,"ID":835105487,"LocalID":0,"Type":"numerical","Value":"46.2","CategoryFeatureId":"205040","CategoryFeatureGroupID":"22475","SortNo":"43","PresentationValue":"46.2 mg/kg","RawValue":"46.2","LocalValue":"46.2","Description":"","Mandatory":"0","Searchable":"0","Optional":"0","Feature":{"ID":"30791","Sign":"","Measure":{"ID":"395","Sign":"","Signs":{"ID":"31867","_":"mg/kg","Language":"EN"}},"Name":{"Value":"Riboflavin (vitamin B2) content","Language":"EN"}}},{"Localized":0,"ID":835105488,"LocalID":0,"Type":"numerical","Value":"458.7","CategoryFeatureId":"205041","CategoryFeatureGroupID":"22475","SortNo":"40","PresentationValue":"458.7 mg/kg","RawValue":"458.7","LocalValue":"458.7","Description":"","Mandatory":"0","Searchable":"0","Optional":"0","Feature":{"ID":"30792","Sign":"","Measure":{"ID":"395","Sign":"","Signs":{"ID":"31867","_":"mg/kg","Language":"EN"}},"Name":{"Value":"Niacin (vitamin B3) content","Language":"EN"}}},{"Localized":0,"ID":835105489,"LocalID":0,"Type":"numerical","Value":"137.9","CategoryFeatureId":"205042","CategoryFeatureGroupID":"22475","SortNo":"37","PresentationValue":"137.9 mg/kg","RawValue":"137.9","LocalValue":"137.9","Description":"","Mandatory":"0","Searchable":"0","Optional":"0","Feature":{"ID":"30793","Sign":"","Measure":{"ID":"395","Sign":"","Signs":{"ID":"31867","_":"mg/kg","Language":"EN"}},"Name":{"Value":"Pantothenic acid (vitamin B5) content","Language":"EN"}}},{"Localized":0,"ID":835105502,"LocalID":0,"Type":"numerical","Value":"72","CategoryFeatureId":"205043","CategoryFeatureGroupID":"22475","SortNo":"34","PresentationValue":"72 mg/kg","RawValue":"72","LocalValue":"72","Description":"","Mandatory":"0","Searchable":"0","Optional":"0","Feature":{"ID":"30794","Sign":"","Measure":{"ID":"395","Sign":"","Signs":{"ID":"31867","_":"mg/kg","Language":"EN"}},"Name":{"Value":"Vitamin B6 content","Language":"EN"}}},{"Localized":0,"ID":835105503,"LocalID":0,"Type":"numerical","Value":"12.9","CategoryFeatureId":"205044","CategoryFeatureGroupID":"22475","SortNo":"31","PresentationValue":"12.9 mg/kg","RawValue":"12.9","LocalValue":"12.9","Description":"","Mandatory":"0","Searchable":"0","Optional":"0","Feature":{"ID":"30795","Sign":"","Measure":{"ID":"395","Sign":"","Signs":{"ID":"31867","_":"mg/kg","Language":"EN"}},"Name":{"Value":"Folic acid (vitamin B9) content","Language":"EN"}}},{"Localized":0,"ID":835105508,"LocalID":0,"Type":"numerical","Value":"130","CategoryFeatureId":"205045","CategoryFeatureGroupID":"22475","SortNo":"28","PresentationValue":"130 μg/kg","RawValue":"130","LocalValue":"130","Description":"","Mandatory":"0","Searchable":"0","Optional":"0","Feature":{"ID":"30796","Sign":"","Measure":{"ID":"396","Sign":"","Signs":{"ID":"31921","_":"μg/kg","Language":"EN"}},"Name":{"Value":"Vitamin B12 content","Language":"EN"}}}]}],"FeatureLogos":[],"ReasonsToBuy":[],"Reviews":[],"ProductRelated":[],"CatalogObjectCloud":{},"Variants":[],"ProductStory":[{"ID":"AA29F418-A5B7-4EC0-940D-C266CC0D849B","URL":"https://live-html.icecat.biz/4811927a20d81a4acc3838843b14e646/index.html","Type":"ProductStory","ContentType":"application/zip","KeepAsUrl":"0","Description":"ProductStory","Size":"2578","IsPrivate":"0","Updated":"2025-09-09 11:34:51","Language":"EN","IsVideo":0}],"Dictionary":{"model_name":"Product name","desc":"Description","ean_code":"EAN/UPC code","flash360":"3D tour","demo_msg_part3":"If you don't have an Icecat account, please register here for free.","repairability_index":"Repairability index","zoom_panel_init":"Original size","cat_name":"Category","product_family":"Product family","back_to_top":"Back to top","zoom_panel_out":"Zoom out","specs":"Specs","eu_product_fiche":"EU Product Fiche","reviews_head_name":"Reviews","pdf_specs":"Product Brochure","zoom_panel_in":"Zoom in","html_content":"","release_date":"Release date","demo_msg_part1":"You are using now a Demo account. Please, use your own Icecat account","demo_insert_desc":"This is a demo of a seamless insert of an Icecat LIVE product data-sheet in your website. Imagine that this responsive data-sheet is included in the product page of your webshop.","pdf_url":"User manual","prod_code":"Product code","supplier_name":"Brand","video":"Video","reasons_to_buy":"Reasons to buy","marketing_text":"Description","options_head_name":"Options","product_series":"Product series","demo_msg_part2":"your Icecat login name","link_integrate_desk":"How to integrate Icecat LIVE JavaScript.","zoom_panel_dragg":"Mouse dragging","eu_energy_label":"EU Energy Label"},"DemoAccount":false}}