{"msg":"OK","data":{"GeneralInfo":{"IcecatId":92973070,"ReleaseDate":"","EndOfLifeDate":"","Title":"Suunto 9 Baro 3.4 cm (1.34\") Dot-matrix Digital 320 x 300 pixels Touchscreen Black GPS (satellite)","TitleInfo":{"GeneratedIntTitle":"Suunto 9 Baro","GeneratedLocalTitle":{"Value":"Suunto 9 Baro 3.4 cm (1.34\") Dot-matrix Digital 320 x 300 pixels Touchscreen Black GPS (satellite)","Language":"EN"},"BrandLocalTitle":{"Value":"","Language":"EN"}},"Brand":"Suunto","BrandID":"6027","BrandLogo":"","BrandInfo":{"BrandName":"Suunto","BrandLocalName":"","BrandLogo":""},"ProductName":"9 Baro","ProductNameInfo":{"ProductIntName":"9 Baro","ProductLocalName":{"Value":"","Language":"EN"}},"BrandPartCode":"SS050463000","GTIN":["6417084504791"],"Category":{"CategoryID":"2647","Name":{"Value":"Smartwatches & Sport Watches","Language":"EN"}},"ProductFamily":{},"ProductSeries":{"SeriesID":"1"},"Description":{"ID":"81955052","LongDesc":"Show how far you’ll go for your loved one with a premium sports watch that will last the distance. With 170 hours of continuous exercise tracking, the Suunto 9 Baro is a durable multisport GPS watch with a battery that will last for even the longest challenge or adventure.<br><br>This special gift edition includes a Suunto 9 Baro with dual color titanium bezel and both a leather strap and a silicone race strap, all packaged in a beautiful gift box.<br>The dark gray box features a metallic gold watch outline, hinting the gift.<br>After the big day, the sustainably designed box allows to store the watch and extra strap, minimizing waste and providing an additional keepsake.<br><br>Suunto 9 is a multisport GPS watch designed for athletes who demand the best from their sports watch. Intelligent battery life management system with smart reminders ensures your watch will last just as long as you need it to. The robust Suunto 9 is made for long, arduous training and racing and extreme adventures.<br><br><b>NEVER WORRY ABOUT RUNNING OUT OF BATTERY</b><br><br>Four predefined battery modes – Performance, Endurance, Ultra and Tour – deliver from 25 hours to up to 170 hours* of recording time with GPS tracking on. When you start a recording, you’ll get an estimate of how much battery you have left with the current mode. If it’s not enough, switch to another mode at any time.<br><br>Suunto 9 uses smart reminders based on your activity history, to help ensure you are fully charged for your next outing. If the watch notices you are running low on battery during an exercise, it will automatically suggest changing to a different battery mode.<br><br><b>TESTED TOUGH</b><br><br>Suunto 9 Baro is designed and built to meet the needs of the most demanding athletes and adventurers. Like all Suunto watches, it has been thoroughly tested by Suunto’s internal testing team and athletes all over the world, with thousands of hours of real use in the toughest conditions. Suunto 9 Baro has also been tested against US military standard 810H and passed several tough tests including extreme temperatures, shock and drop, sand and dust, humidity, and freezing rain – so you can rely on it to confidently see you through any adventure!<br><br><b>SUUNTO FUSEDTRACK™ FOR MORE ACCURATE TRACK AND DISTANCE</b><br><br>On long ultra runs, battery life is often the limiting factor for recording distance and track accurately, as GPS is a heavy drain on the battery. Suunto’s unique FusedTrack™ algorithm combines GPS and motion sensor data to improve track and distance accuracy. This allows you to extend battery life by lowering GPS power without significantly compromising accuracy. <br><br><b>SHARE YOUR PASSION WITH SUUNTO APP</b><br><br>Pair Suunto 9 with the Suunto app to track all your adventures, as well as follow your long term trends, including daily activity and sleep. Easily share your greatest achievements and connect with others in the app community.<br><br>The smart mobile connection keeps you on top of your daily business with incoming call alerts, messages and notifications to your watch. Suunto app is available in the App Store and Google Play.<br><br><b>GET THE BENEFITS FROM SUUNTO PARTNER NETWORK</b><br><br>Connect your Suunto watch with your favorite tools to analyse your training, find new routes, get coaching or create 3D videos of your adventures – and share to your favourite community. <br><br>Suunto watch also comes with Value Pack; benefits and treats worth over 500€/£/$ offered to you by our partners aiming to elevate your training and outdoor experience and help with reaching your goals.<br><br><b>Designed for all the things that can not be measured</b><br><br>Suunto 9 Peak and Suunto 9 Baro - Suunto's flagship range with features for the most demanding outdoor sports and adventures. Tough and durable GPS sports watches with ultimate battery life and barometer. Made in Finland.<br><br><b>What’s the difference?</b><br><br>Suunto 9 Peak is the thinnest, smallest and toughest watch that Suunto has ever made. Additionally, Suunto 9 Peak has convenient automatic backlight, over the air update and blood oxygen for altitude acclimation. Suunto 9 Baro is the robust, full-sized version of our flagship.","LongProductName":"320 x 300 LED, GPS, max. 100 m, Bluetooth, 51.5 x 51.5 x 17 mm, 76 g, Titanium Leather","MiddleDesc":"","Disclaimer":"","ManualPDFURL":"","ManualPDFSize":"0","LeafletPDFURL":"","PDFSize":"0","URL":"https://www.suunto.com/en-gb/Products/sports-watches/suunto-9-baro/suunto-9-baro-titanium-leather/","WarrantyInfo":"","Updated":"2021-07-26 13:04:06","Language":"EN"},"SummaryDescription":{"ShortSummaryDescription":"Suunto 9 Baro, 3.4 cm (1.34\"), Dot-matrix, Touchscreen, GPS (satellite), 76 g","LongSummaryDescription":"Suunto 9 Baro. Display diagonal: 3.4 cm (1.34\"), Display technology: Dot-matrix, Display resolution: 320 x 300 pixels, Touchscreen. GPS (satellite). Weight: 76 g. Waterproof up to: 100 m, Band material: Leather, Band colour: Black"},"BulletPoints":{},"GeneratedBulletPoints":{"Language":"EN","Values":["Sport watch Digital Touchscreen 3.4 cm (1.34\") Dot-matrix","320 x 300 pixels","Water resistant Waterproof up to: 100 m","Heart rate monitor","GPS (satellite) GLONASS","Bluetooth","Built-in battery Lithium-Ion (Li-Ion)"]},"GTINs":[{"GTIN":"6417084504791","IsApproved":true}]},"Image":{"HighPic":"https://inishop.com/img/gallery/92973070_7808391141.jpg","HighPicSize":"71339","HighPicHeight":"550","HighPicWidth":"550","LowPic":"https://inishop.com/img/gallery_lows/92973070_7808391141.jpg","LowPicSize":"19729","LowPicHeight":"200","LowPicWidth":"200","Pic500x500":"https://inishop.com/img/gallery_mediums/92973070_7808391141.jpg","Pic500x500Size":"86990","Pic500x500Height":"500","Pic500x500Width":"500","ThumbPic":"https://inishop.com/img/gallery_thumbs/92973070_7808391141.jpg","ThumbPicSize":"4211"},"Multimedia":[{"ID":"D7C1A5D2-6674-4CE0-9BA7-76B896B35CA3","URL":"https://www.youtube.com/embed/aGu7pbxofjU?access=1xA9ENikE9rZEZyKoUQoCXLSmPe9W4TdhqBoIXLD3IpembIUg2wIzCvGBRRifbLQ","Type":"video/mp4","ContentType":"text/html","KeepAsUrl":"1","Description":"Suunto app - Training load metrics","Size":"51962","IsPrivate":"0","Updated":"2022-08-06 00:38:05","Language":"EN","IsVideo":1,"ThumbUrl":"https://img.youtube.com/vi/aGu7pbxofjU/default.jpg?access=1xA9ENikE9rZEZyKoUQoCXLSmPe9W4TdhqBoIXLD3IpembIUg2wIzCvGBRRifbLQ","PreviewUrl":"https://img.youtube.com/vi/aGu7pbxofjU/hqdefault.jpg?access=1xA9ENikE9rZEZyKoUQoCXLSmPe9W4TdhqBoIXLD3IpembIUg2wIzCvGBRRifbLQ"},{"ID":"7302BAD3-CBEB-4A2D-9E33-A838C40C1E4D","URL":"https://www.youtube.com/embed/WjdjhGZr7mw?access=1xA9ENikE9rZEZyKoUQoCXLSmPe9W4TdhqBoIXLD3IpembIUg2wIzCvGBRRifbLQ","Type":"video/mp4","ContentType":"text/html","KeepAsUrl":"1","Description":"Suunto Partners - Getting started with Komoot","Size":"51877","IsPrivate":"0","Updated":"2022-08-06 00:38:05","Language":"EN","IsVideo":1,"ThumbUrl":"https://img.youtube.com/vi/WjdjhGZr7mw/default.jpg?access=1xA9ENikE9rZEZyKoUQoCXLSmPe9W4TdhqBoIXLD3IpembIUg2wIzCvGBRRifbLQ","PreviewUrl":"https://img.youtube.com/vi/WjdjhGZr7mw/hqdefault.jpg?access=1xA9ENikE9rZEZyKoUQoCXLSmPe9W4TdhqBoIXLD3IpembIUg2wIzCvGBRRifbLQ"},{"ID":"2C8218A1-5831-490F-8FAD-DA016F3FBC5A","URL":"https://www.youtube.com/embed/X-uomemzDAU?access=1xA9ENikE9rZEZyKoUQoCXLSmPe9W4TdhqBoIXLD3IpembIUg2wIzCvGBRRifbLQ","Type":"video/mp4","ContentType":"text/html","KeepAsUrl":"1","Description":"Suunto app - Navigation features and maps","Size":"53077","IsPrivate":"0","Updated":"2022-08-06 00:38:05","Language":"EN","IsVideo":1,"ThumbUrl":"https://img.youtube.com/vi/X-uomemzDAU/default.jpg?access=1xA9ENikE9rZEZyKoUQoCXLSmPe9W4TdhqBoIXLD3IpembIUg2wIzCvGBRRifbLQ","PreviewUrl":"https://img.youtube.com/vi/X-uomemzDAU/hqdefault.jpg?access=1xA9ENikE9rZEZyKoUQoCXLSmPe9W4TdhqBoIXLD3IpembIUg2wIzCvGBRRifbLQ"},{"ID":"0826F835-7694-47F8-B0F7-90E1A37556E5","URL":"https://www.youtube.com/embed/AaVjynwNu1E?access=1xA9ENikE9rZEZyKoUQoCXLSmPe9W4TdhqBoIXLD3IpembIUg2wIzCvGBRRifbLQ","Type":"video/mp4","ContentType":"text/html","KeepAsUrl":"1","Description":"SuuntoPlus - How to get started","Size":"52032","IsPrivate":"0","Updated":"2022-08-06 00:38:06","Language":"EN","IsVideo":1,"ThumbUrl":"https://img.youtube.com/vi/AaVjynwNu1E/default.jpg?access=1xA9ENikE9rZEZyKoUQoCXLSmPe9W4TdhqBoIXLD3IpembIUg2wIzCvGBRRifbLQ","PreviewUrl":"https://img.youtube.com/vi/AaVjynwNu1E/hqdefault.jpg?access=1xA9ENikE9rZEZyKoUQoCXLSmPe9W4TdhqBoIXLD3IpembIUg2wIzCvGBRRifbLQ"},{"ID":"4B600FC3-98E0-41BC-BE5E-EA16D25AE1DD","URL":"https://www.youtube.com/embed/Lur_3TIdTW4?access=1xA9ENikE9rZEZyKoUQoCXLSmPe9W4TdhqBoIXLD3IpembIUg2wIzCvGBRRifbLQ","Type":"video/mp4","ContentType":"text/html","KeepAsUrl":"1","Description":"Suunto 9 - How to optimize battery duration","Size":"52084","IsPrivate":"0","Updated":"2022-08-06 00:38:06","Language":"EN","IsVideo":1,"ThumbUrl":"https://img.youtube.com/vi/Lur_3TIdTW4/default.jpg?access=1xA9ENikE9rZEZyKoUQoCXLSmPe9W4TdhqBoIXLD3IpembIUg2wIzCvGBRRifbLQ","PreviewUrl":"https://img.youtube.com/vi/Lur_3TIdTW4/hqdefault.jpg?access=1xA9ENikE9rZEZyKoUQoCXLSmPe9W4TdhqBoIXLD3IpembIUg2wIzCvGBRRifbLQ"},{"ID":"270E15AA-B6B0-46C3-BC92-D8A20EDF4E2C","URL":"https://www.youtube.com/embed/L3he8kevFzc?access=1xA9ENikE9rZEZyKoUQoCXLSmPe9W4TdhqBoIXLD3IpembIUg2wIzCvGBRRifbLQ","Type":"video/mp4","ContentType":"text/html","KeepAsUrl":"1","Description":"Suunto 9 and Suunto Spartan - How to set pace and power zones","Size":"52072","IsPrivate":"0","Updated":"2022-08-06 00:38:06","Language":"EN","IsVideo":1,"ThumbUrl":"https://img.youtube.com/vi/L3he8kevFzc/default.jpg?access=1xA9ENikE9rZEZyKoUQoCXLSmPe9W4TdhqBoIXLD3IpembIUg2wIzCvGBRRifbLQ","PreviewUrl":"https://img.youtube.com/vi/L3he8kevFzc/hqdefault.jpg?access=1xA9ENikE9rZEZyKoUQoCXLSmPe9W4TdhqBoIXLD3IpembIUg2wIzCvGBRRifbLQ"},{"ID":"2B4B74A7-D63E-47B3-B6A5-CC698EEA3176","URL":"https://www.youtube.com/embed/KpjE53Zh1z8?access=1xA9ENikE9rZEZyKoUQoCXLSmPe9W4TdhqBoIXLD3IpembIUg2wIzCvGBRRifbLQ","Type":"video/mp4","ContentType":"text/html","KeepAsUrl":"1","Description":"Suunto 9 and Suunto Spartan - How to train with power zones","Size":"52424","IsPrivate":"0","Updated":"2022-08-06 00:38:06","Language":"EN","IsVideo":1,"ThumbUrl":"https://img.youtube.com/vi/KpjE53Zh1z8/default.jpg?access=1xA9ENikE9rZEZyKoUQoCXLSmPe9W4TdhqBoIXLD3IpembIUg2wIzCvGBRRifbLQ","PreviewUrl":"https://img.youtube.com/vi/KpjE53Zh1z8/hqdefault.jpg?access=1xA9ENikE9rZEZyKoUQoCXLSmPe9W4TdhqBoIXLD3IpembIUg2wIzCvGBRRifbLQ"},{"ID":"705638D4-6606-4CFE-9C73-2168945AA34A","URL":"https://www.youtube.com/embed/XQNDQofLgrg?access=1xA9ENikE9rZEZyKoUQoCXLSmPe9W4TdhqBoIXLD3IpembIUg2wIzCvGBRRifbLQ","Type":"video/mp4","ContentType":"text/html","KeepAsUrl":"1","Description":"Suunto 9 and Suunto Spartan - How to train with pace zones","Size":"51938","IsPrivate":"0","Updated":"2022-08-06 00:38:06","Language":"EN","IsVideo":1,"ThumbUrl":"https://img.youtube.com/vi/XQNDQofLgrg/default.jpg?access=1xA9ENikE9rZEZyKoUQoCXLSmPe9W4TdhqBoIXLD3IpembIUg2wIzCvGBRRifbLQ","PreviewUrl":"https://img.youtube.com/vi/XQNDQofLgrg/hqdefault.jpg?access=1xA9ENikE9rZEZyKoUQoCXLSmPe9W4TdhqBoIXLD3IpembIUg2wIzCvGBRRifbLQ"},{"ID":"89AF7D94-8FA4-4EC7-9BEC-4B4909D276FD","URL":"https://www.youtube.com/embed/cW2kUwRsuOA?access=1xA9ENikE9rZEZyKoUQoCXLSmPe9W4TdhqBoIXLD3IpembIUg2wIzCvGBRRifbLQ","Type":"video/mp4","ContentType":"text/html","KeepAsUrl":"1","Description":"How to update the software of your Suunto device","Size":"51984","IsPrivate":"0","Updated":"2022-08-06 00:38:06","Language":"EN","IsVideo":1,"ThumbUrl":"https://img.youtube.com/vi/cW2kUwRsuOA/default.jpg?access=1xA9ENikE9rZEZyKoUQoCXLSmPe9W4TdhqBoIXLD3IpembIUg2wIzCvGBRRifbLQ","PreviewUrl":"https://img.youtube.com/vi/cW2kUwRsuOA/hqdefault.jpg?access=1xA9ENikE9rZEZyKoUQoCXLSmPe9W4TdhqBoIXLD3IpembIUg2wIzCvGBRRifbLQ"},{"ID":"75D08331-076C-4F07-995E-83E6A373FBED","URL":"https://www.youtube.com/embed/D9dhwbPV_Xk?access=1xA9ENikE9rZEZyKoUQoCXLSmPe9W4TdhqBoIXLD3IpembIUg2wIzCvGBRRifbLQ","Type":"video/mp4","ContentType":"text/html","KeepAsUrl":"1","Description":"Digital Services - How to get started: Spartan/Suunto 9","Size":"51867","IsPrivate":"0","Updated":"2022-08-06 00:38:07","Language":"EN","IsVideo":1,"ThumbUrl":"https://img.youtube.com/vi/D9dhwbPV_Xk/default.jpg?access=1xA9ENikE9rZEZyKoUQoCXLSmPe9W4TdhqBoIXLD3IpembIUg2wIzCvGBRRifbLQ","PreviewUrl":"https://img.youtube.com/vi/D9dhwbPV_Xk/hqdefault.jpg?access=1xA9ENikE9rZEZyKoUQoCXLSmPe9W4TdhqBoIXLD3IpembIUg2wIzCvGBRRifbLQ"},{"ID":"B25ABFD1-742E-49B8-84B2-5BB9F69E8A17","URL":"https://www.youtube.com/embed/yWVyDzTgCAA?access=1xA9ENikE9rZEZyKoUQoCXLSmPe9W4TdhqBoIXLD3IpembIUg2wIzCvGBRRifbLQ","Type":"video/mp4","ContentType":"text/html","KeepAsUrl":"1","Description":"Suunto app - How to pair your watch with Suunto app for iOS","Size":"53049","IsPrivate":"0","Updated":"2022-08-06 00:38:07","Language":"EN","IsVideo":1,"ThumbUrl":"https://img.youtube.com/vi/yWVyDzTgCAA/default.jpg?access=1xA9ENikE9rZEZyKoUQoCXLSmPe9W4TdhqBoIXLD3IpembIUg2wIzCvGBRRifbLQ","PreviewUrl":"https://img.youtube.com/vi/yWVyDzTgCAA/hqdefault.jpg?access=1xA9ENikE9rZEZyKoUQoCXLSmPe9W4TdhqBoIXLD3IpembIUg2wIzCvGBRRifbLQ"},{"ID":"C251CC3D-2201-4DE4-B105-74AB94F5D374","URL":"https://www.youtube.com/embed/ckkVDdretAo?access=1xA9ENikE9rZEZyKoUQoCXLSmPe9W4TdhqBoIXLD3IpembIUg2wIzCvGBRRifbLQ","Type":"video/mp4","ContentType":"text/html","KeepAsUrl":"1","Description":"Suunto app - How to pair your watch with Suunto app for Android","Size":"52083","IsPrivate":"0","Updated":"2022-08-06 00:38:07","Language":"EN","IsVideo":1,"ThumbUrl":"https://img.youtube.com/vi/ckkVDdretAo/default.jpg?access=1xA9ENikE9rZEZyKoUQoCXLSmPe9W4TdhqBoIXLD3IpembIUg2wIzCvGBRRifbLQ","PreviewUrl":"https://img.youtube.com/vi/ckkVDdretAo/hqdefault.jpg?access=1xA9ENikE9rZEZyKoUQoCXLSmPe9W4TdhqBoIXLD3IpembIUg2wIzCvGBRRifbLQ"},{"ID":"5D061B85-207E-4DD6-822C-2495BC564928","URL":"https://www.youtube.com/embed/0tKSk2JZ_hI?access=1xA9ENikE9rZEZyKoUQoCXLSmPe9W4TdhqBoIXLD3IpembIUg2wIzCvGBRRifbLQ","Type":"video/mp4","ContentType":"text/html","KeepAsUrl":"1","Description":"How to clean your Suunto watch with silicone strap","Size":"51650","IsPrivate":"0","Updated":"2022-08-06 00:38:07","Language":"EN","IsVideo":1,"ThumbUrl":"https://img.youtube.com/vi/0tKSk2JZ_hI/default.jpg?access=1xA9ENikE9rZEZyKoUQoCXLSmPe9W4TdhqBoIXLD3IpembIUg2wIzCvGBRRifbLQ","PreviewUrl":"https://img.youtube.com/vi/0tKSk2JZ_hI/hqdefault.jpg?access=1xA9ENikE9rZEZyKoUQoCXLSmPe9W4TdhqBoIXLD3IpembIUg2wIzCvGBRRifbLQ"}],"Gallery":[{"ID":"54797882","LowPic":"https://inishop.com/img/gallery_lows/92973070_7808391141.jpg","LowSize":"19729","LowHeight":"200","LowWidth":"200","ThumbPic":"https://inishop.com/img/gallery_thumbs/92973070_7808391141.jpg","ThumbPicSize":"4211","Pic":"https://inishop.com/img/gallery/92973070_7808391141.jpg","Size":"71339","PicHeight":"550","PicWidth":"550","Pic500x500":"https://inishop.com/img/gallery_mediums/92973070_7808391141.jpg","Pic500x500Size":"86990","Pic500x500Height":"500","Pic500x500Width":"500","No":"1","IsMain":"Y","Updated":"2021-07-26 12:58:31","IsPrivate":"0","Type":"ProductImage","Attributes":{"OriginalFileName":""}},{"ID":"54797883","LowPic":"https://inishop.com/img/gallery_lows/92973070_3703672703.jpg","LowSize":"22947","LowHeight":"200","LowWidth":"200","ThumbPic":"https://inishop.com/img/gallery_thumbs/92973070_3703672703.jpg","ThumbPicSize":"5429","Pic":"https://inishop.com/img/gallery/92973070_3703672703.jpg","Size":"75761","PicHeight":"550","PicWidth":"550","Pic500x500":"https://inishop.com/img/gallery_mediums/92973070_3703672703.jpg","Pic500x500Size":"93644","Pic500x500Height":"500","Pic500x500Width":"500","No":"2","IsMain":"N","Updated":"2021-07-26 12:58:32","IsPrivate":"0","Type":"ProductImage","Attributes":{"OriginalFileName":""}},{"ID":"54797885","LowPic":"https://inishop.com/img/gallery_lows/92973070_5390676462.jpg","LowSize":"26547","LowHeight":"200","LowWidth":"200","ThumbPic":"https://inishop.com/img/gallery_thumbs/92973070_5390676462.jpg","ThumbPicSize":"6677","Pic":"https://inishop.com/img/gallery/92973070_5390676462.jpg","Size":"88968","PicHeight":"550","PicWidth":"550","Pic500x500":"https://inishop.com/img/gallery_mediums/92973070_5390676462.jpg","Pic500x500Size":"102341","Pic500x500Height":"500","Pic500x500Width":"500","No":"3","IsMain":"N","Updated":"2021-07-26 12:58:32","IsPrivate":"0","Type":"ProductImage","Attributes":{"OriginalFileName":""}},{"ID":"54797886","LowPic":"https://inishop.com/img/gallery_lows/92973070_4881906597.jpg","LowSize":"18812","LowHeight":"200","LowWidth":"200","ThumbPic":"https://inishop.com/img/gallery_thumbs/92973070_4881906597.jpg","ThumbPicSize":"4279","Pic":"https://inishop.com/img/gallery/92973070_4881906597.jpg","Size":"69809","PicHeight":"550","PicWidth":"550","Pic500x500":"https://inishop.com/img/gallery_mediums/92973070_4881906597.jpg","Pic500x500Size":"89014","Pic500x500Height":"500","Pic500x500Width":"500","No":"4","IsMain":"N","Updated":"2021-07-26 12:58:33","IsPrivate":"0","Type":"ProductImage","Attributes":{"OriginalFileName":""}},{"ID":"54797887","LowPic":"https://inishop.com/img/gallery_lows/92973070_0428875515.jpg","LowSize":"16589","LowHeight":"200","LowWidth":"200","ThumbPic":"https://inishop.com/img/gallery_thumbs/92973070_0428875515.jpg","ThumbPicSize":"4012","Pic":"https://inishop.com/img/gallery/92973070_0428875515.jpg","Size":"60516","PicHeight":"550","PicWidth":"550","Pic500x500":"https://inishop.com/img/gallery_mediums/92973070_0428875515.jpg","Pic500x500Size":"77818","Pic500x500Height":"500","Pic500x500Width":"500","No":"5","IsMain":"N","Updated":"2021-07-26 12:58:33","IsPrivate":"0","Type":"ProductImage","Attributes":{"OriginalFileName":""}},{"ID":"54797888","LowPic":"https://inishop.com/img/gallery_lows/92973070_9934176629.jpg","LowSize":"17363","LowHeight":"200","LowWidth":"200","ThumbPic":"https://inishop.com/img/gallery_thumbs/92973070_9934176629.jpg","ThumbPicSize":"3999","Pic":"https://inishop.com/img/gallery/92973070_9934176629.jpg","Size":"62674","PicHeight":"550","PicWidth":"550","Pic500x500":"https://inishop.com/img/gallery_mediums/92973070_9934176629.jpg","Pic500x500Size":"77571","Pic500x500Height":"500","Pic500x500Width":"500","No":"6","IsMain":"N","Updated":"2021-07-26 12:58:34","IsPrivate":"0","Type":"ProductImage","Attributes":{"OriginalFileName":""}},{"ID":"54797889","LowPic":"https://inishop.com/img/gallery_lows/92973070_8670409186.jpg","LowSize":"17316","LowHeight":"200","LowWidth":"200","ThumbPic":"https://inishop.com/img/gallery_thumbs/92973070_8670409186.jpg","ThumbPicSize":"4126","Pic":"https://inishop.com/img/gallery/92973070_8670409186.jpg","Size":"61228","PicHeight":"550","PicWidth":"550","Pic500x500":"https://inishop.com/img/gallery_mediums/92973070_8670409186.jpg","Pic500x500Size":"74733","Pic500x500Height":"500","Pic500x500Width":"500","No":"7","IsMain":"N","Updated":"2021-07-26 12:58:35","IsPrivate":"0","Type":"ProductImage","Attributes":{"OriginalFileName":""}},{"ID":"54797890","LowPic":"https://inishop.com/img/gallery_lows/92973070_1942784946.jpg","LowSize":"21203","LowHeight":"200","LowWidth":"200","ThumbPic":"https://inishop.com/img/gallery_thumbs/92973070_1942784946.jpg","ThumbPicSize":"4917","Pic":"https://inishop.com/img/gallery/92973070_1942784946.jpg","Size":"75300","PicHeight":"550","PicWidth":"550","Pic500x500":"https://inishop.com/img/gallery_mediums/92973070_1942784946.jpg","Pic500x500Size":"87903","Pic500x500Height":"500","Pic500x500Width":"500","No":"8","IsMain":"N","Updated":"2021-07-26 12:58:35","IsPrivate":"0","Type":"ProductImage","Attributes":{"OriginalFileName":""}},{"ID":"54797891","LowPic":"https://inishop.com/img/gallery_lows/92972972_0448906585.jpg","LowSize":"18651","LowHeight":"200","LowWidth":"200","ThumbPic":"https://inishop.com/img/gallery_thumbs/92972972_0448906585.jpg","ThumbPicSize":"3512","Pic":"https://inishop.com/img/gallery/92972972_0448906585.jpg","Size":"76467","PicHeight":"550","PicWidth":"550","Pic500x500":"https://inishop.com/img/gallery_mediums/92972972_0448906585.jpg","Pic500x500Size":"85121","Pic500x500Height":"500","Pic500x500Width":"500","No":"9","IsMain":"N","Updated":"2024-03-10 10:10:44","IsPrivate":"0","Type":"ProductImage","Attributes":{"OriginalFileName":""}},{"ID":"54797892","LowPic":"https://inishop.com/img/gallery_lows/92973070_9617784444.jpg","LowSize":"9627","LowHeight":"200","LowWidth":"200","ThumbPic":"https://inishop.com/img/gallery_thumbs/92973070_9617784444.jpg","ThumbPicSize":"2629","Pic":"https://inishop.com/img/gallery/92973070_9617784444.jpg","Size":"31302","PicHeight":"550","PicWidth":"550","Pic500x500":"https://inishop.com/img/gallery_mediums/92973070_9617784444.jpg","Pic500x500Size":"39815","Pic500x500Height":"500","Pic500x500Width":"500","No":"10","IsMain":"N","Updated":"2021-07-26 12:58:37","IsPrivate":"0","Type":"ProductImage","Attributes":{"OriginalFileName":""}},{"ID":"54797893","LowPic":"https://inishop.com/img/gallery_lows/92973070_3459326345.jpg","LowSize":"16507","LowHeight":"200","LowWidth":"200","ThumbPic":"https://inishop.com/img/gallery_thumbs/92973070_3459326345.jpg","ThumbPicSize":"3841","Pic":"https://inishop.com/img/gallery/92973070_3459326345.jpg","Size":"51926","PicHeight":"550","PicWidth":"550","Pic500x500":"https://inishop.com/img/gallery_mediums/92973070_3459326345.jpg","Pic500x500Size":"67501","Pic500x500Height":"500","Pic500x500Width":"500","No":"11","IsMain":"N","Updated":"2021-07-26 12:58:37","IsPrivate":"0","Type":"ProductImage","Attributes":{"OriginalFileName":""}}],"FeaturesGroups":[{"ID":34566,"SortNo":"25","FeatureGroup":{"ID":"5","Name":{"Value":"Display","Language":"EN"}},"Features":[{"Localized":0,"ID":835242997,"LocalID":0,"Type":"numerical","Value":"1.34","CategoryFeatureId":"85330","CategoryFeatureGroupID":"34566","SortNo":"150","PresentationValue":"3.4 cm (1.34\")","RawValue":"1.34","LocalValue":"3.4","Description":"Size of the display for this product, measured diagonally, usually in inches.","Mandatory":"1","Searchable":"0","Optional":"0","Feature":{"ID":"944","Sign":"","Measure":{"ID":"16","Sign":"","Signs":{"ID":"11","_":"\"","Language":"EN"}},"Name":{"Value":"Display diagonal","Language":"EN"}}},{"Localized":0,"ID":494460776,"LocalID":0,"Type":"dropdown","Value":"Dot-matrix","CategoryFeatureId":"99533","CategoryFeatureGroupID":"34566","SortNo":"150","PresentationValue":"Dot-matrix","RawValue":"Dot-matrix","LocalValue":"Dot-matrix","Description":"The technology used in the display e.g. plasma, LED.","Mandatory":"1","Searchable":"0","Optional":"0","Feature":{"ID":"9713","Sign":"","Measure":{"ID":"29","Sign":"","Signs":{"ID":"","_":"","Language":"EN"}},"Name":{"Value":"Display technology","Language":"EN"}}},{"Localized":0,"ID":451102974,"LocalID":0,"Type":"y_n","Value":"Y","CategoryFeatureId":"586188","CategoryFeatureGroupID":"34566","SortNo":"145","PresentationValue":"Yes","RawValue":"Y","LocalValue":"Yes","Description":"","Mandatory":"0","Searchable":"0","Optional":"0","Feature":{"ID":"20168","Sign":"","Measure":{"ID":"26","Sign":"","Signs":{"ID":"","_":"","Language":"EN"}},"Name":{"Value":"Colour display","Language":"EN"}}},{"Localized":0,"ID":451134055,"LocalID":0,"Type":"dropdown","Value":"Digital","CategoryFeatureId":"85325","CategoryFeatureGroupID":"34566","SortNo":"140","PresentationValue":"Digital","RawValue":"Digital","LocalValue":"Digital","Description":"Type of display (screen) e.g. LCD.","Mandatory":"1","Searchable":"1","Optional":"0","Feature":{"ID":"9104","Sign":"","Measure":{"ID":"29","Sign":"","Signs":{"ID":"","_":"","Language":"EN"}},"Name":{"Value":"Display type","Language":"EN"}}},{"Localized":0,"ID":451128185,"LocalID":0,"Type":"2d","Value":"320 x 300","CategoryFeatureId":"85332","CategoryFeatureGroupID":"34566","SortNo":"130","PresentationValue":"320 x 300 pixels","RawValue":"320 x 300","LocalValue":"320 x 300","Description":"The number of distinct pixels in each dimension that can be displayed. It is usually quoted as width × height, with the units in pixels: for example, \"1024 × 768\" means the width is 1024 pixels and the height is 768 pixels. The higher the number of pixels, the sharper the image.","Mandatory":"1","Searchable":"1","Optional":"0","Feature":{"ID":"1585","Sign":"","Measure":{"ID":"39","Sign":"","Signs":{"ID":"23","_":"pixels","Language":"EN"}},"Name":{"Value":"Display resolution","Language":"EN"}}},{"Localized":0,"ID":451138353,"LocalID":0,"Type":"y_n","Value":"Y","CategoryFeatureId":"85331","CategoryFeatureGroupID":"34566","SortNo":"129","PresentationValue":"Yes","RawValue":"Y","LocalValue":"Yes","Description":"A screen of a laptop, smartphone, etc., that responds to touch so you can control the interface using your fingers.","Mandatory":"1","Searchable":"1","Optional":"0","Feature":{"ID":"4963","Sign":"","Measure":{"ID":"26","Sign":"","Signs":{"ID":"","_":"","Language":"EN"}},"Name":{"Value":"Touchscreen","Language":"EN"}}},{"Localized":0,"ID":451096876,"LocalID":0,"Type":"y_n","Value":"Y","CategoryFeatureId":"891281","CategoryFeatureGroupID":"34566","SortNo":"0","PresentationValue":"Yes","RawValue":"Y","LocalValue":"Yes","Description":"Product has a built-in light source for its illuminating.","Mandatory":"0","Searchable":"0","Optional":"0","Feature":{"ID":"3709","Sign":"","Measure":{"ID":"26","Sign":"","Signs":{"ID":"","_":"","Language":"EN"}},"Name":{"Value":"Backlight","Language":"EN"}}}]},{"ID":16293,"SortNo":"20","FeatureGroup":{"ID":"148","Name":{"Value":"Design","Language":"EN"}},"Features":[{"Localized":0,"ID":451085864,"LocalID":0,"Type":"multi_dropdown","Value":"Leather","CategoryFeatureId":"94551","CategoryFeatureGroupID":"16293","SortNo":"160","PresentationValue":"Leather","RawValue":"Leather","LocalValue":"Leather","Description":"The type of substance the wristband is made of.","Mandatory":"1","Searchable":"0","Optional":"0","Feature":{"ID":"7605","Sign":"","Measure":{"ID":"29","Sign":"","Signs":{"ID":"","_":"","Language":"EN"}},"Name":{"Value":"Band material","Language":"EN"}}},{"Localized":0,"ID":451113155,"LocalID":0,"Type":"dropdown","Value":"Sapphire","CategoryFeatureId":"891278","CategoryFeatureGroupID":"16293","SortNo":"159","PresentationValue":"Sapphire","RawValue":"Sapphire","LocalValue":"Sapphire","Description":"","Mandatory":"0","Searchable":"0","Optional":"0","Feature":{"ID":"17801","Sign":"","Measure":{"ID":"29","Sign":"","Signs":{"ID":"","_":"","Language":"EN"}},"Name":{"Value":"Lens material","Language":"EN"}}},{"Localized":0,"ID":451120808,"LocalID":0,"Type":"dropdown","Value":"Round","CategoryFeatureId":"85327","CategoryFeatureGroupID":"16293","SortNo":"155","PresentationValue":"Round","RawValue":"Round","LocalValue":"Round","Description":"The external form, contours, or outline of the product.","Mandatory":"1","Searchable":"0","Optional":"0","Feature":{"ID":"9397","Sign":"","Measure":{"ID":"29","Sign":"","Signs":{"ID":"","_":"","Language":"EN"}},"Name":{"Value":"Shape","Language":"EN"}}},{"Localized":0,"ID":451124656,"LocalID":0,"Type":"dropdown","Value":"Sport watch","CategoryFeatureId":"891356","CategoryFeatureGroupID":"16293","SortNo":"150","PresentationValue":"Sport watch","RawValue":"Sport watch","LocalValue":"Sport watch","Description":"Under which category can the device be positioned in the market, e.g. camera phone.","Mandatory":"1","Searchable":"1","Optional":"0","Feature":{"ID":"9021","Sign":"","Measure":{"ID":"29","Sign":"","Signs":{"ID":"","_":"","Language":"EN"}},"Name":{"Value":"Market positioning","Language":"EN"}}},{"Localized":0,"ID":835243150,"LocalID":0,"Type":"multi_dropdown","Value":"Black","CategoryFeatureId":"595045","CategoryFeatureGroupID":"16293","SortNo":"90","PresentationValue":"Black","RawValue":"Black","LocalValue":"Black","Description":"","Mandatory":"1","Searchable":"1","Optional":"0","Feature":{"ID":"42417","Sign":"","Measure":{"ID":"29","Sign":"","Signs":{"ID":"","_":"","Language":"EN"}},"Name":{"Value":"Watch case colour","Language":"EN"}}},{"Localized":0,"ID":451122053,"LocalID":0,"Type":"dropdown","Value":"Glass fibre,Polyamide","CategoryFeatureId":"595044","CategoryFeatureGroupID":"16293","SortNo":"89","PresentationValue":"Glass fibre, Polyamide","RawValue":"Glass fibre,Polyamide","LocalValue":"Glass fibre, Polyamide","Description":"","Mandatory":"1","Searchable":"1","Optional":"0","Feature":{"ID":"42418","Sign":"","Measure":{"ID":"29","Sign":"","Signs":{"ID":"","_":"","Language":"EN"}},"Name":{"Value":"Watch case material","Language":"EN"}}},{"Localized":0,"ID":451120321,"LocalID":0,"Type":"multi_dropdown","Value":"Black","CategoryFeatureId":"85301","CategoryFeatureGroupID":"16293","SortNo":"80","PresentationValue":"Black","RawValue":"Black","LocalValue":"Black","Description":"The colour of the band, also known as the strap, of watches etc.","Mandatory":"1","Searchable":"1","Optional":"0","Feature":{"ID":"11025","Sign":"","Measure":{"ID":"29","Sign":"","Signs":{"ID":"","_":"","Language":"EN"}},"Name":{"Value":"Band colour","Language":"EN"}}},{"Localized":0,"ID":451088829,"LocalID":0,"Type":"dropdown","Value":"Water resistant","CategoryFeatureId":"94550","CategoryFeatureGroupID":"16293","SortNo":"0","PresentationValue":"Water resistant","RawValue":"Water resistant","LocalValue":"Water resistant","Description":"Physical effects from which the product is protected e.g. water resistant, crash proof.","Mandatory":"0","Searchable":"0","Optional":"0","Feature":{"ID":"8072","Sign":"","Measure":{"ID":"29","Sign":"","Signs":{"ID":"","_":"","Language":"EN"}},"Name":{"Value":"Protection features","Language":"EN"}}},{"Localized":0,"ID":451126709,"LocalID":0,"Type":"multi_dropdown","Value":"Titanium","CategoryFeatureId":"98760","CategoryFeatureGroupID":"16293","SortNo":"0","PresentationValue":"Titanium","RawValue":"Titanium","LocalValue":"Titanium","Description":"The colour e.g. red, blue, green, black, white.","Mandatory":"0","Searchable":"0","Optional":"1","Feature":{"ID":"1766","Sign":"","Measure":{"ID":"29","Sign":"","Signs":{"ID":"","_":"","Language":"EN"}},"Name":{"Value":"Product colour","Language":"EN"}}},{"Localized":0,"ID":451078433,"LocalID":0,"Type":"numerical","Value":"100","CategoryFeatureId":"101561","CategoryFeatureGroupID":"16293","SortNo":"-7","PresentationValue":"100 m","RawValue":"100","LocalValue":"100","Description":"","Mandatory":"0","Searchable":"0","Optional":"0","Feature":{"ID":"5197","Sign":"","Measure":{"ID":"54","Sign":"","Signs":{"ID":"37","_":"m","Language":"EN"}},"Name":{"Value":"Waterproof up to","Language":"EN"}}}]},{"ID":34567,"SortNo":"20","FeatureGroup":{"ID":"184","Name":{"Value":"Performance","Language":"EN"}},"Features":[{"Localized":0,"ID":835243236,"LocalID":0,"Type":"y_n","Value":"N","CategoryFeatureId":"95509","CategoryFeatureGroupID":"34567","SortNo":"30","PresentationValue":"No","RawValue":"N","LocalValue":"No","Description":"The product has an integrated camera.","Mandatory":"1","Searchable":"1","Optional":"0","Feature":{"ID":"8074","Sign":"","Measure":{"ID":"26","Sign":"","Signs":{"ID":"","_":"","Language":"EN"}},"Name":{"Value":"Built-in camera","Language":"EN"}}},{"Localized":0,"ID":451099963,"LocalID":0,"Type":"multi_dropdown","Value":"DAN,DEU,DUT,ENG,ESP,FIN,FRE,ITA,JPN,KOR,NOR,POL,POR,RUS,TUR","CategoryFeatureId":"85313","CategoryFeatureGroupID":"34567","SortNo":"0","PresentationValue":"Danish, German, Dutch, English, Spanish, Finnish, French, Italian, Japanese, Korean, Norwegian, Polish, Portuguese, Russian, Turkish","RawValue":"DAN,DEU,DUT,ENG,ESP,FIN,FRE,ITA,JPN,KOR,NOR,POL,POR,RUS,TUR","LocalValue":"Danish, German, Dutch, English, Spanish, Finnish, French, Italian, Japanese, Korean, Norwegian, Polish, Portuguese, Russian, Turkish","Description":"The product has support (help) for languages.","Mandatory":"0","Searchable":"0","Optional":"0","Feature":{"ID":"3113","Sign":"","Measure":{"ID":"29","Sign":"","Signs":{"ID":"","_":"","Language":"EN"}},"Name":{"Value":"Languages support","Language":"EN"}}}]},{"ID":26690,"SortNo":"12","FeatureGroup":{"ID":"185","Name":{"Value":"Features","Language":"EN"}},"Features":[{"Localized":0,"ID":451130448,"LocalID":0,"Type":"y_n","Value":"Y","CategoryFeatureId":"122840","CategoryFeatureGroupID":"26690","SortNo":"1000","PresentationValue":"Yes","RawValue":"Y","LocalValue":"Yes","Description":"","Mandatory":"1","Searchable":"0","Optional":"0","Feature":{"ID":"6702","Sign":"","Measure":{"ID":"26","Sign":"","Signs":{"ID":"","_":"","Language":"EN"}},"Name":{"Value":"Heart rate monitor","Language":"EN"}}},{"Localized":0,"ID":451115010,"LocalID":0,"Type":"y_n","Value":"Y","CategoryFeatureId":"292364","CategoryFeatureGroupID":"26690","SortNo":"800","PresentationValue":"Yes","RawValue":"Y","LocalValue":"Yes","Description":"","Mandatory":"0","Searchable":"0","Optional":"0","Feature":{"ID":"26788","Sign":"","Measure":{"ID":"26","Sign":"","Signs":{"ID":"","_":"","Language":"EN"}},"Name":{"Value":"Calories burned","Language":"EN"}}},{"Localized":0,"ID":451110818,"LocalID":0,"Type":"y_n","Value":"Y","CategoryFeatureId":"234753","CategoryFeatureGroupID":"26690","SortNo":"580","PresentationValue":"Yes","RawValue":"Y","LocalValue":"Yes","Description":"","Mandatory":"0","Searchable":"0","Optional":"0","Feature":{"ID":"25442","Sign":"","Measure":{"ID":"26","Sign":"","Signs":{"ID":"","_":"","Language":"EN"}},"Name":{"Value":"Multisport mode","Language":"EN"}}},{"Localized":0,"ID":451117681,"LocalID":0,"Type":"y_n","Value":"Y","CategoryFeatureId":"234762","CategoryFeatureGroupID":"26690","SortNo":"570","PresentationValue":"Yes","RawValue":"Y","LocalValue":"Yes","Description":"","Mandatory":"0","Searchable":"0","Optional":"0","Feature":{"ID":"26791","Sign":"","Measure":{"ID":"26","Sign":"","Signs":{"ID":"","_":"","Language":"EN"}},"Name":{"Value":"Quality of sleep","Language":"EN"}}},{"Localized":0,"ID":451080540,"LocalID":0,"Type":"y_n","Value":"Y","CategoryFeatureId":"186987","CategoryFeatureGroupID":"26690","SortNo":"0","PresentationValue":"Yes","RawValue":"Y","LocalValue":"Yes","Description":"","Mandatory":"0","Searchable":"0","Optional":"1","Feature":{"ID":"3541","Sign":"","Measure":{"ID":"26","Sign":"","Signs":{"ID":"","_":"","Language":"EN"}},"Name":{"Value":"Vibrating alert","Language":"EN"}}},{"Localized":0,"ID":451122982,"LocalID":0,"Type":"y_n","Value":"Y","CategoryFeatureId":"295523","CategoryFeatureGroupID":"26690","SortNo":"0","PresentationValue":"Yes","RawValue":"Y","LocalValue":"Yes","Description":"A feature that measures a time interval and signals its end.","Mandatory":"0","Searchable":"0","Optional":"0","Feature":{"ID":"28631","Sign":"","Measure":{"ID":"26","Sign":"","Signs":{"ID":"","_":"","Language":"EN"}},"Name":{"Value":"Timer","Language":"EN"}}},{"Localized":0,"ID":451090118,"LocalID":0,"Type":"y_n","Value":"Y","CategoryFeatureId":"317542","CategoryFeatureGroupID":"26690","SortNo":"0","PresentationValue":"Yes","RawValue":"Y","LocalValue":"Yes","Description":"Electronic instrument used for navigation that shows directions in a frame of reference (north, south, east, west) that is stationary relative to the surface of the earth.","Mandatory":"0","Searchable":"0","Optional":"0","Feature":{"ID":"1733","Sign":"","Measure":{"ID":"26","Sign":"","Signs":{"ID":"","_":"","Language":"EN"}},"Name":{"Value":"Electronic compass","Language":"EN"}}},{"Localized":0,"ID":451081916,"LocalID":0,"Type":"y_n","Value":"Y","CategoryFeatureId":"891287","CategoryFeatureGroupID":"26690","SortNo":"0","PresentationValue":"Yes","RawValue":"Y","LocalValue":"Yes","Description":"Device has built-in barometric altimeter to indicate altitude.","Mandatory":"0","Searchable":"0","Optional":"0","Feature":{"ID":"1734","Sign":"","Measure":{"ID":"26","Sign":"","Signs":{"ID":"","_":"","Language":"EN"}},"Name":{"Value":"Barometric altimeter","Language":"EN"}}},{"Localized":0,"ID":451135602,"LocalID":0,"Type":"y_n","Value":"Y","CategoryFeatureId":"891288","CategoryFeatureGroupID":"26690","SortNo":"0","PresentationValue":"Yes","RawValue":"Y","LocalValue":"Yes","Description":"Instrument built into product that allows you to measure distance.","Mandatory":"0","Searchable":"0","Optional":"0","Feature":{"ID":"2888","Sign":"","Measure":{"ID":"26","Sign":"","Signs":{"ID":"","_":"","Language":"EN"}},"Name":{"Value":"Built-in distance meter","Language":"EN"}}},{"Localized":0,"ID":451096189,"LocalID":0,"Type":"y_n","Value":"Y","CategoryFeatureId":"891289","CategoryFeatureGroupID":"26690","SortNo":"0","PresentationValue":"Yes","RawValue":"Y","LocalValue":"Yes","Description":"","Mandatory":"0","Searchable":"0","Optional":"0","Feature":{"ID":"3539","Sign":"","Measure":{"ID":"26","Sign":"","Signs":{"ID":"","_":"","Language":"EN"}},"Name":{"Value":"Alarm clock","Language":"EN"}}},{"Localized":0,"ID":451079158,"LocalID":0,"Type":"y_n","Value":"Y","CategoryFeatureId":"891290","CategoryFeatureGroupID":"26690","SortNo":"0","PresentationValue":"Yes","RawValue":"Y","LocalValue":"Yes","Description":"","Mandatory":"0","Searchable":"0","Optional":"0","Feature":{"ID":"3540","Sign":"","Measure":{"ID":"26","Sign":"","Signs":{"ID":"","_":"","Language":"EN"}},"Name":{"Value":"Calendar","Language":"EN"}}},{"Localized":0,"ID":451085040,"LocalID":0,"Type":"y_n","Value":"Y","CategoryFeatureId":"891291","CategoryFeatureGroupID":"26690","SortNo":"0","PresentationValue":"Yes","RawValue":"Y","LocalValue":"Yes","Description":"The product has stopwatch function.","Mandatory":"0","Searchable":"0","Optional":"0","Feature":{"ID":"3855","Sign":"","Measure":{"ID":"26","Sign":"","Signs":{"ID":"","_":"","Language":"EN"}},"Name":{"Value":"Stopwatch","Language":"EN"}}},{"Localized":0,"ID":451081385,"LocalID":0,"Type":"y_n","Value":"Y","CategoryFeatureId":"891293","CategoryFeatureGroupID":"26690","SortNo":"0","PresentationValue":"Yes","RawValue":"Y","LocalValue":"Yes","Description":"","Mandatory":"0","Searchable":"0","Optional":"0","Feature":{"ID":"7129","Sign":"","Measure":{"ID":"26","Sign":"","Signs":{"ID":"","_":"","Language":"EN"}},"Name":{"Value":"Interval training","Language":"EN"}}},{"Localized":0,"ID":451132225,"LocalID":0,"Type":"y_n","Value":"Y","CategoryFeatureId":"891294","CategoryFeatureGroupID":"26690","SortNo":"0","PresentationValue":"Yes","RawValue":"Y","LocalValue":"Yes","Description":"Calculation of the amount of calories burned during exercise by measuring heart rate.","Mandatory":"0","Searchable":"0","Optional":"0","Feature":{"ID":"7130","Sign":"","Measure":{"ID":"26","Sign":"","Signs":{"ID":"","_":"","Language":"EN"}},"Name":{"Value":"Heart rate-based calorie computation","Language":"EN"}}},{"Localized":0,"ID":451082489,"LocalID":0,"Type":"y_n","Value":"Y","CategoryFeatureId":"891296","CategoryFeatureGroupID":"26690","SortNo":"0","PresentationValue":"Yes","RawValue":"Y","LocalValue":"Yes","Description":"","Mandatory":"0","Searchable":"0","Optional":"0","Feature":{"ID":"7132","Sign":"","Measure":{"ID":"26","Sign":"","Signs":{"ID":"","_":"","Language":"EN"}},"Name":{"Value":"Foot pod","Language":"EN"}}},{"Localized":0,"ID":451097166,"LocalID":0,"Type":"y_n","Value":"Y","CategoryFeatureId":"891305","CategoryFeatureGroupID":"26690","SortNo":"0","PresentationValue":"Yes","RawValue":"Y","LocalValue":"Yes","Description":"Prediction of the weather for the following hours and days.","Mandatory":"0","Searchable":"0","Optional":"0","Feature":{"ID":"10381","Sign":"","Measure":{"ID":"26","Sign":"","Signs":{"ID":"","_":"","Language":"EN"}},"Name":{"Value":"Weather forecast","Language":"EN"}}},{"Localized":0,"ID":451136991,"LocalID":0,"Type":"dropdown","Value":"Bluetooth","CategoryFeatureId":"891311","CategoryFeatureGroupID":"26690","SortNo":"0","PresentationValue":"Bluetooth","RawValue":"Bluetooth","LocalValue":"Bluetooth","Description":"Technology of heart rate data transferring e.g. radio, Bluetooth.","Mandatory":"0","Searchable":"0","Optional":"0","Feature":{"ID":"16147","Sign":"","Measure":{"ID":"29","Sign":"","Signs":{"ID":"","_":"","Language":"EN"}},"Name":{"Value":"Heart rate data transfer","Language":"EN"}}},{"Localized":0,"ID":451101936,"LocalID":0,"Type":"y_n","Value":"Y","CategoryFeatureId":"891319","CategoryFeatureGroupID":"26690","SortNo":"0","PresentationValue":"Yes","RawValue":"Y","LocalValue":"Yes","Description":"","Mandatory":"0","Searchable":"0","Optional":"0","Feature":{"ID":"16158","Sign":"","Measure":{"ID":"26","Sign":"","Signs":{"ID":"","_":"","Language":"EN"}},"Name":{"Value":"Recovery time suggestion","Language":"EN"}}},{"Localized":0,"ID":451141638,"LocalID":0,"Type":"multi_dropdown","Value":"Cycling,Running,Swimming","CategoryFeatureId":"891321","CategoryFeatureGroupID":"26690","SortNo":"0","PresentationValue":"Cycling, Running, Swimming","RawValue":"Cycling,Running,Swimming","LocalValue":"Cycling, Running, Swimming","Description":"","Mandatory":"0","Searchable":"0","Optional":"0","Feature":{"ID":"17052","Sign":"","Measure":{"ID":"29","Sign":"","Signs":{"ID":"","_":"","Language":"EN"}},"Name":{"Value":"Recommended activity","Language":"EN"}}},{"Localized":0,"ID":451143178,"LocalID":0,"Type":"y_n","Value":"Y","CategoryFeatureId":"891322","CategoryFeatureGroupID":"26690","SortNo":"0","PresentationValue":"Yes","RawValue":"Y","LocalValue":"Yes","Description":"","Mandatory":"0","Searchable":"0","Optional":"0","Feature":{"ID":"17538","Sign":"","Measure":{"ID":"26","Sign":"","Signs":{"ID":"","_":"","Language":"EN"}},"Name":{"Value":"Activity monitoring","Language":"EN"}}},{"Localized":0,"ID":451090848,"LocalID":0,"Type":"y_n","Value":"Y","CategoryFeatureId":"133472","CategoryFeatureGroupID":"26690","SortNo":"-1","PresentationValue":"Yes","RawValue":"Y","LocalValue":"Yes","Description":"","Mandatory":"0","Searchable":"0","Optional":"0","Feature":{"ID":"7609","Sign":"","Measure":{"ID":"26","Sign":"","Signs":{"ID":"","_":"","Language":"EN"}},"Name":{"Value":"Barometer","Language":"EN"}}},{"Localized":0,"ID":451091179,"LocalID":0,"Type":"y_n","Value":"Y","CategoryFeatureId":"186993","CategoryFeatureGroupID":"26690","SortNo":"-3","PresentationValue":"Yes","RawValue":"Y","LocalValue":"Yes","Description":"","Mandatory":"0","Searchable":"0","Optional":"0","Feature":{"ID":"7608","Sign":"","Measure":{"ID":"29","Sign":"","Signs":{"ID":"","_":"","Language":"EN"}},"Name":{"Value":"Altimeter","Language":"EN"}}},{"Localized":0,"ID":451121318,"LocalID":0,"Type":"multi_dropdown","Value":"Finland","CategoryFeatureId":"297285","CategoryFeatureGroupID":"26690","SortNo":"-10","PresentationValue":"Finland","RawValue":"Finland","LocalValue":"Finland","Description":"Country where the device is made. Aka Country of manufacture (COM).","Mandatory":"0","Searchable":"0","Optional":"0","Feature":{"ID":"3294","Sign":"","Measure":{"ID":"29","Sign":"","Signs":{"ID":"","_":"","Language":"EN"}},"Name":{"Value":"Country of origin","Language":"EN"}}}]},{"ID":10361,"SortNo":"10","FeatureGroup":{"ID":"35","Name":{"Value":"Network","Language":"EN"}},"Features":[{"Localized":0,"ID":835243268,"LocalID":0,"Type":"y_n","Value":"N","CategoryFeatureId":"336994","CategoryFeatureGroupID":"10361","SortNo":"105","PresentationValue":"No","RawValue":"N","LocalValue":"No","Description":"","Mandatory":"1","Searchable":"0","Optional":"0","Feature":{"ID":"24557","Sign":"","Measure":{"ID":"26","Sign":"","Signs":{"ID":"","_":"","Language":"EN"}},"Name":{"Value":"Mobile network connection","Language":"EN"}}},{"Localized":0,"ID":451133318,"LocalID":0,"Type":"y_n","Value":"Y","CategoryFeatureId":"94693","CategoryFeatureGroupID":"10361","SortNo":"-130","PresentationValue":"Yes","RawValue":"Y","LocalValue":"Yes","Description":"Global Positioning System (GPS) is a space-based satellite navigation system that provides location and time information in all weather conditions, anywhere on or near the Earth where there is an unobstructed line of sight to four or more GPS satellites. The system provides critical capabilities to military, civil and commercial users around the world. It is maintained by the United States government and is freely accessible to anyone with a GPS receiver.","Mandatory":"0","Searchable":"0","Optional":"0","Feature":{"ID":"3329","Sign":"","Measure":{"ID":"26","Sign":"","Signs":{"ID":"","_":"","Language":"EN"}},"Name":{"Value":"GPS (satellite)","Language":"EN"}}},{"Localized":0,"ID":451103968,"LocalID":0,"Type":"y_n","Value":"Y","CategoryFeatureId":"217813","CategoryFeatureGroupID":"10361","SortNo":"-135","PresentationValue":"Yes","RawValue":"Y","LocalValue":"Yes","Description":"","Mandatory":"0","Searchable":"0","Optional":"0","Feature":{"ID":"15618","Sign":"","Measure":{"ID":"26","Sign":"","Signs":{"ID":"","_":"","Language":"EN"}},"Name":{"Value":"GLONASS","Language":"EN"}}}]},{"ID":9989,"SortNo":"5","FeatureGroup":{"ID":"12","Name":{"Value":"Ports & interfaces","Language":"EN"}},"Features":[{"Localized":0,"ID":451139741,"LocalID":0,"Type":"y_n","Value":"Y","CategoryFeatureId":"94696","CategoryFeatureGroupID":"9989","SortNo":"10000045","PresentationValue":"Yes","RawValue":"Y","LocalValue":"Yes","Description":"Bluetooth is a low-power radio technology developed to replace the cables and wires currently used to link or connect electronic devices such as personal computers, printers, and a wide variety of handheld devices including mobile phones. Because it uses radio-wave connectivity, a Bluetooth-enabled device has a constant, established connection to whatever browser it uses. This saves the user the trouble of logging on to check for emails or news updates, for example.","Mandatory":"0","Searchable":"0","Optional":"0","Feature":{"ID":"2183","Sign":"","Measure":{"ID":"26","Sign":"","Signs":{"ID":"","_":"","Language":"EN"}},"Name":{"Value":"Bluetooth","Language":"EN"}}},{"Localized":0,"ID":835243289,"LocalID":0,"Type":"y_n","Value":"N","CategoryFeatureId":"95622","CategoryFeatureGroupID":"9989","SortNo":"100","PresentationValue":"No","RawValue":"N","LocalValue":"No","Description":"","Mandatory":"1","Searchable":"0","Optional":"0","Feature":{"ID":"10157","Sign":"","Measure":{"ID":"26","Sign":"","Signs":{"ID":"","_":"","Language":"EN"}},"Name":{"Value":"Near Field Communication (NFC)","Language":"EN"}}},{"Localized":0,"ID":835243278,"LocalID":0,"Type":"y_n","Value":"N","CategoryFeatureId":"94698","CategoryFeatureGroupID":"9989","SortNo":"50","PresentationValue":"No","RawValue":"N","LocalValue":"No","Description":"Popular technology that allows an electronic device to exchange data or connect to the internet wirelessly using radio waves.","Mandatory":"1","Searchable":"1","Optional":"0","Feature":{"ID":"3239","Sign":"","Measure":{"ID":"26","Sign":"","Signs":{"ID":"","_":"","Language":"EN"}},"Name":{"Value":"Wi-Fi","Language":"EN"}}}]},{"ID":9984,"SortNo":"4","FeatureGroup":{"ID":"27","Name":{"Value":"Power","Language":"EN"}},"Features":[{"Localized":0,"ID":451129246,"LocalID":0,"Type":"dropdown","Value":"Built-in battery","CategoryFeatureId":"319967","CategoryFeatureGroupID":"9984","SortNo":"105","PresentationValue":"Built-in battery","RawValue":"Built-in battery","LocalValue":"Built-in battery","Description":"Description of battery supplied with the product, such battery form factor (e.g. AA/AAA).","Mandatory":"1","Searchable":"0","Optional":"0","Feature":{"ID":"908","Sign":"","Measure":{"ID":"29","Sign":"","Signs":{"ID":"","_":"","Language":"EN"}},"Name":{"Value":"Battery type","Language":"EN"}}},{"Localized":0,"ID":451092992,"LocalID":0,"Type":"dropdown","Value":"Lithium-Ion (Li-Ion)","CategoryFeatureId":"85333","CategoryFeatureGroupID":"9984","SortNo":"100","PresentationValue":"Lithium-Ion (Li-Ion)","RawValue":"Lithium-Ion (Li-Ion)","LocalValue":"Lithium-Ion (Li-Ion)","Description":"The type of battery in the device, e.g. nickel–cadmium (NiCd).","Mandatory":"1","Searchable":"0","Optional":"0","Feature":{"ID":"434","Sign":"","Measure":{"ID":"29","Sign":"","Signs":{"ID":"","_":"","Language":"EN"}},"Name":{"Value":"Battery technology","Language":"EN"}}},{"Localized":0,"ID":451113737,"LocalID":0,"Type":"numerical","Value":"14","CategoryFeatureId":"891369","CategoryFeatureGroupID":"9984","SortNo":"70","PresentationValue":"14 day(s)","RawValue":"14","LocalValue":"14","Description":"The total length of time that the battery in the product will last.","Mandatory":"0","Searchable":"0","Optional":"0","Feature":{"ID":"17544","Sign":"","Measure":{"ID":"49","Sign":"","Signs":{"ID":"33","_":"day(s)","Language":"EN"}},"Name":{"Value":"Battery life","Language":"EN"}}},{"Localized":0,"ID":451107943,"LocalID":0,"Type":"numerical","Value":"170","CategoryFeatureId":"271061","CategoryFeatureGroupID":"9984","SortNo":"69","PresentationValue":"170 h","RawValue":"170","LocalValue":"170","Description":"","Mandatory":"0","Searchable":"0","Optional":"0","Feature":{"ID":"25430","Sign":"","Measure":{"ID":"46","Sign":"","Signs":{"ID":"30","_":"h","Language":"EN"}},"Name":{"Value":"Battery life (GPS mode)","Language":"EN"}}},{"Localized":0,"ID":451093834,"LocalID":0,"Type":"y_n","Value":"Y","CategoryFeatureId":"234766","CategoryFeatureGroupID":"9984","SortNo":"0","PresentationValue":"Yes","RawValue":"Y","LocalValue":"Yes","Description":"","Mandatory":"0","Searchable":"0","Optional":"1","Feature":{"ID":"5204","Sign":"","Measure":{"ID":"26","Sign":"","Signs":{"ID":"","_":"","Language":"EN"}},"Name":{"Value":"Rechargeable battery","Language":"EN"}}}]},{"ID":14029,"SortNo":"2","FeatureGroup":{"ID":"28","Name":{"Value":"Operational conditions","Language":"EN"}},"Features":[{"Localized":0,"ID":451098588,"LocalID":0,"Type":"range","Value":"-20 - 55","CategoryFeatureId":"129940","CategoryFeatureGroupID":"14029","SortNo":"20","PresentationValue":"-20 - 55 °C","RawValue":"-20 - 55","LocalValue":"-20 - 55","Description":"The minimum and maximum temperatures at which the product can be safely operated.","Mandatory":"0","Searchable":"0","Optional":"0","Feature":{"ID":"1112","Sign":"","Measure":{"ID":"65","Sign":"","Signs":{"ID":"48","_":"°C","Language":"EN"}},"Name":{"Value":"Operating temperature (T-T)","Language":"EN"}}},{"Localized":0,"ID":451099312,"LocalID":0,"Type":"range","Value":"-30 - 55","CategoryFeatureId":"129941","CategoryFeatureGroupID":"14029","SortNo":"18","PresentationValue":"-30 - 55 °C","RawValue":"-30 - 55","LocalValue":"-30 - 55","Description":"The minimum and maximum temperatures at which the product can be safely stored.","Mandatory":"0","Searchable":"0","Optional":"0","Feature":{"ID":"757","Sign":"","Measure":{"ID":"65","Sign":"","Signs":{"ID":"48","_":"°C","Language":"EN"}},"Name":{"Value":"Storage temperature (T-T)","Language":"EN"}}}]},{"ID":34569,"SortNo":"0","FeatureGroup":{"ID":"146","Name":{"Value":"Other features","Language":"EN"}},"Features":[{"Localized":0,"ID":451097594,"LocalID":0,"Type":"numerical","Value":"1","CategoryFeatureId":"891266","CategoryFeatureGroupID":"34569","SortNo":"0","PresentationValue":"1","RawValue":"1","LocalValue":"1","Description":"The number of batteries that can be used with the product.","Mandatory":"0","Searchable":"0","Optional":"1","Feature":{"ID":"1211","Sign":"","Measure":{"ID":"29","Sign":"","Signs":{"ID":"","_":"","Language":"EN"}},"Name":{"Value":"Number of batteries supported","Language":"EN"}}},{"Localized":0,"ID":451111680,"LocalID":0,"Type":"dropdown","Value":"LED","CategoryFeatureId":"891282","CategoryFeatureGroupID":"34569","SortNo":"0","PresentationValue":"LED","RawValue":"LED","LocalValue":"LED","Description":"","Mandatory":"0","Searchable":"0","Optional":"1","Feature":{"ID":"7369","Sign":"","Measure":{"ID":"29","Sign":"","Signs":{"ID":"","_":"","Language":"EN"}},"Name":{"Value":"Backlight type","Language":"EN"}}}]},{"ID":53656,"SortNo":"0","FeatureGroup":{"ID":"143","Name":{"Value":"Battery","Language":"EN"}},"Features":[{"Localized":0,"ID":451091842,"LocalID":0,"Type":"y_n","Value":"Y","CategoryFeatureId":"652855","CategoryFeatureGroupID":"53656","SortNo":"0","PresentationValue":"Yes","RawValue":"Y","LocalValue":"Yes","Description":"","Mandatory":"0","Searchable":"0","Optional":"1","Feature":{"ID":"5496","Sign":"","Measure":{"ID":"26","Sign":"","Signs":{"ID":"","_":"","Language":"EN"}},"Name":{"Value":"Battery level indicator","Language":"EN"}}}]},{"ID":73961,"SortNo":"0","FeatureGroup":{"ID":"90","Name":{"Value":"Software","Language":"EN"}},"Features":[{"Localized":0,"ID":451102600,"LocalID":0,"Type":"multi_dropdown","Value":"Endomondo,Strava,TrainingPeaks","CategoryFeatureId":"891265","CategoryFeatureGroupID":"73961","SortNo":"6","PresentationValue":"Endomondo, Strava, TrainingPeaks","RawValue":"Endomondo,Strava,TrainingPeaks","LocalValue":"Endomondo, Strava, TrainingPeaks","Description":"","Mandatory":"0","Searchable":"0","Optional":"0","Feature":{"ID":"20541","Sign":"","Measure":{"ID":"29","Sign":"","Signs":{"ID":"","_":"","Language":"EN"}},"Name":{"Value":"Sports activity apps","Language":"EN"}}}]},{"ID":9976,"SortNo":"-3","FeatureGroup":{"ID":"14","Name":{"Value":"Weight & dimensions","Language":"EN"}},"Features":[{"Localized":0,"ID":451104731,"LocalID":0,"Type":"numerical","Value":"51.5","CategoryFeatureId":"85294","CategoryFeatureGroupID":"9976","SortNo":"100","PresentationValue":"51.5 mm","RawValue":"51.5","LocalValue":"51.5","Description":"The measurement or extent of something from side to side.","Mandatory":"0","Searchable":"0","Optional":"0","Feature":{"ID":"1649","Sign":"","Measure":{"ID":"24","Sign":"","Signs":{"ID":"3","_":"mm","Language":"EN"}},"Name":{"Value":"Width","Language":"EN"}}},{"Localized":0,"ID":451105727,"LocalID":0,"Type":"numerical","Value":"51.5","CategoryFeatureId":"85299","CategoryFeatureGroupID":"9976","SortNo":"99","PresentationValue":"51.5 mm","RawValue":"51.5","LocalValue":"51.5","Description":"The distance from the front to the back of something.","Mandatory":"0","Searchable":"0","Optional":"0","Feature":{"ID":"1650","Sign":"","Measure":{"ID":"24","Sign":"","Signs":{"ID":"3","_":"mm","Language":"EN"}},"Name":{"Value":"Depth","Language":"EN"}}},{"Localized":0,"ID":451117863,"LocalID":0,"Type":"numerical","Value":"17","CategoryFeatureId":"85296","CategoryFeatureGroupID":"9976","SortNo":"95","PresentationValue":"1.7 cm","RawValue":"17","LocalValue":"1.7","Description":"The distance through an object, as distinct from width or height.","Mandatory":"0","Searchable":"0","Optional":"0","Feature":{"ID":"2757","Sign":"","Measure":{"ID":"24","Sign":"","Signs":{"ID":"3","_":"mm","Language":"EN"}},"Name":{"Value":"Thickness","Language":"EN"}}},{"Localized":0,"ID":451076841,"LocalID":0,"Type":"numerical","Value":"76","CategoryFeatureId":"85297","CategoryFeatureGroupID":"9976","SortNo":"94","PresentationValue":"76 g","RawValue":"76","LocalValue":"76","Description":"Weight of the product without packaging (net weight). If possible, the net weight is given including standard accessories and supplies. Please note that sometimes the manufacturer leaves out the weight of accessories and/or supplies.","Mandatory":"0","Searchable":"0","Optional":"0","Feature":{"ID":"94","Sign":"","Measure":{"ID":"38","Sign":"","Signs":{"ID":"22","_":"g","Language":"EN"}},"Name":{"Value":"Weight","Language":"EN"}}}]},{"ID":15273,"SortNo":"-5","FeatureGroup":{"ID":"116","Name":{"Value":"Packaging content","Language":"EN"}},"Features":[{"Localized":0,"ID":451111965,"LocalID":0,"Type":"dropdown","Value":"USB","CategoryFeatureId":"85346","CategoryFeatureGroupID":"15273","SortNo":"0","PresentationValue":"USB","RawValue":"USB","LocalValue":"USB","Description":"","Mandatory":"0","Searchable":"0","Optional":"0","Feature":{"ID":"1830","Sign":"","Measure":{"ID":"29","Sign":"","Signs":{"ID":"","_":"","Language":"EN"}},"Name":{"Value":"Cables included","Language":"EN"}}},{"Localized":0,"ID":451112434,"LocalID":0,"Type":"y_n","Value":"Y","CategoryFeatureId":"140697","CategoryFeatureGroupID":"15273","SortNo":"0","PresentationValue":"Yes","RawValue":"Y","LocalValue":"Yes","Description":"","Mandatory":"0","Searchable":"0","Optional":"0","Feature":{"ID":"3965","Sign":"","Measure":{"ID":"26","Sign":"","Signs":{"ID":"","_":"","Language":"EN"}},"Name":{"Value":"Manual","Language":"EN"}}},{"Localized":0,"ID":451114075,"LocalID":0,"Type":"y_n","Value":"Y","CategoryFeatureId":"191372","CategoryFeatureGroupID":"15273","SortNo":"0","PresentationValue":"Yes","RawValue":"Y","LocalValue":"Yes","Description":"","Mandatory":"0","Searchable":"0","Optional":"0","Feature":{"ID":"23815","Sign":"","Measure":{"ID":"26","Sign":"","Signs":{"ID":"","_":"","Language":"EN"}},"Name":{"Value":"Charger","Language":"EN"}}}]},{"ID":28241,"SortNo":"-10","FeatureGroup":{"ID":"198","Name":{"Value":"Logistics data","Language":"EN"}},"Features":[{"Localized":0,"ID":451121103,"LocalID":0,"Type":"numerical","Value":"1","CategoryFeatureId":"659072","CategoryFeatureGroupID":"28241","SortNo":"0","PresentationValue":"1 pc(s)","RawValue":"1","LocalValue":"1","Description":"","Mandatory":"0","Searchable":"0","Optional":"1","Feature":{"ID":"20228","Sign":"","Measure":{"ID":"144","Sign":"","Signs":{"ID":"125","_":"pc(s)","Language":"EN"}},"Name":{"Value":"Quantity per pack","Language":"EN"}}}]}],"FeatureLogos":[],"ReasonsToBuy":[],"Reviews":[],"ProductRelated":[],"CatalogObjectCloud":{},"Variants":[],"ProductStory":[],"Dictionary":{"model_name":"Product name","desc":"Description","ean_code":"EAN/UPC code","flash360":"3D tour","demo_msg_part3":"If you don't have an Icecat account, please register here for free.","repairability_index":"Repairability index","zoom_panel_init":"Original size","cat_name":"Category","product_family":"Product family","back_to_top":"Back to top","zoom_panel_out":"Zoom out","specs":"Specs","eu_product_fiche":"EU Product Fiche","reviews_head_name":"Reviews","pdf_specs":"Product Brochure","zoom_panel_in":"Zoom in","html_content":"","release_date":"Release date","demo_msg_part1":"You are using now a Demo account. Please, use your own Icecat account","demo_insert_desc":"This is a demo of a seamless insert of an Icecat LIVE product data-sheet in your website. Imagine that this responsive data-sheet is included in the product page of your webshop.","pdf_url":"User manual","prod_code":"Product code","supplier_name":"Brand","video":"Video","reasons_to_buy":"Reasons to buy","marketing_text":"Description","options_head_name":"Options","product_series":"Product series","demo_msg_part2":"your Icecat login name","link_integrate_desk":"How to integrate Icecat LIVE JavaScript.","zoom_panel_dragg":"Mouse dragging","eu_energy_label":"EU Energy Label"},"DemoAccount":false}}