{"msg":"OK","data":{"GeneralInfo":{"IcecatId":134699158,"ReleaseDate":"","EndOfLifeDate":"","Title":"Kukkia Finland White Roses & Baby Breath Bouquet","TitleInfo":{"GeneratedIntTitle":"Kukkia Finland WWF003 fresh cut mixed bouquet/flower","GeneratedLocalTitle":{"Value":"Kukkia Finland WWF003 fresh cut mixed bouquet/flower","Language":"EN"},"BrandLocalTitle":{"Value":"Kukkia Finland White Roses & Baby Breath Bouquet","Language":"EN"}},"Brand":"Kukkia Finland","BrandID":"43644","BrandLogo":"","BrandInfo":{"BrandName":"Kukkia Finland","BrandLocalName":"","BrandLogo":""},"ProductName":"White Roses & Baby Breath Bouquet","ProductNameInfo":{"ProductIntName":"WWF003","ProductLocalName":{"Value":"White Roses & Baby Breath Bouquet","Language":"EN"}},"BrandPartCode":"WWF003","GTIN":[],"Category":{"CategoryID":"4796","Name":{"Value":"Fresh Cut Mixed Bouquets & Flowers","Language":"EN"}},"ProductFamily":{},"ProductSeries":{"SeriesID":"1"},"Description":{"ID":"104037865","LongDesc":"Our White Roses & Baby's Breath Bouquet showcases the timeless beauty of pure white roses, gently accented with delicate baby's breath. This elegant arrangement exudes grace and simplicity, making it a perfect choice for weddings, anniversaries, or just to bring a touch of serenity and sophistication to any setting. A classic expression of purity, ideal for any heartfelt occasion.","LongProductName":"White Roses & Baby Breath Bouquet","MiddleDesc":"","Disclaimer":"","ManualPDFURL":"","ManualPDFSize":"0","LeafletPDFURL":"","PDFSize":"0","URL":"https://www.flowers4finland.com/fresh-cut-white-roses-bouquet-flower-delivery.html","WarrantyInfo":"","Updated":"2025-09-08 17:18:13","Language":"EN"},"SummaryDescription":{"ShortSummaryDescription":"Kukkia Finland White Roses & Baby Breath Bouquet, Fresh cut mixed bouquet, White, Finland","LongSummaryDescription":"Kukkia Finland White Roses & Baby Breath Bouquet. Product type: Fresh cut mixed bouquet, Product colour: White. Country of origin: Finland"},"BulletPoints":{},"GeneratedBulletPoints":{},"GTINs":[]},"Image":{"HighPic":"https://inishop.com/img/gallery/c83eb17e38309676b9b093e42783d05122d03598.jpg","HighPicSize":"580620","HighPicHeight":"1000","HighPicWidth":"1000","LowPic":"https://inishop.com/img/gallery_lows/273b19e9102a85ba0d9d9344932fbff2ad6f18e8.jpg","LowPicSize":"35104","LowPicHeight":"200","LowPicWidth":"200","Pic500x500":"https://inishop.com/img/gallery_mediums/d5aaf6f681ad2951b5813ca5c36cf12b5331cb2e.jpg","Pic500x500Size":"172323","Pic500x500Height":"500","Pic500x500Width":"500","ThumbPic":"https://inishop.com/img/gallery_thumbs/1d5b4e3f62b8232475a3a69c5458dceb38a300d2.jpg","ThumbPicSize":"6832"},"Multimedia":[{"ID":"79BEEC82-F4C1-4F88-8199-EC7E53942ECC","URL":"https://inishop.com/objects/mmo_134699158_1757411595_8517_370337.txt","Type":"ProductStory2.0","ContentType":"text/html","KeepAsUrl":"0","Description":"ProductStory2.0","Size":"3449","IsPrivate":"0","Updated":"2025-09-09 11:53:15","Language":"EN","IsVideo":0},{"ID":"B0FC7CA9-89CB-4A71-A22F-648C89A4412D","URL":"https://live-html.icecat.biz/a33a6e67870414b343854ab5bc5c0afb/index.html","Type":"ProductStory","ContentType":"application/zip","KeepAsUrl":"0","Description":"ProductStory","Size":"1340","IsPrivate":"0","Updated":"2025-09-09 11:53:21","Language":"EN","IsVideo":0}],"Gallery":[{"ID":"117084127","LowPic":"https://inishop.com/img/gallery_lows/273b19e9102a85ba0d9d9344932fbff2ad6f18e8.jpg","LowSize":"35104","LowHeight":"200","LowWidth":"200","ThumbPic":"https://inishop.com/img/gallery_thumbs/1d5b4e3f62b8232475a3a69c5458dceb38a300d2.jpg","ThumbPicSize":"6832","Pic":"https://inishop.com/img/gallery/c83eb17e38309676b9b093e42783d05122d03598.jpg","Size":"580620","PicHeight":"1000","PicWidth":"1000","Pic500x500":"https://inishop.com/img/gallery_mediums/d5aaf6f681ad2951b5813ca5c36cf12b5331cb2e.jpg","Pic500x500Size":"172323","Pic500x500Height":"500","Pic500x500Width":"500","No":"1","IsMain":"Y","Updated":"2025-09-08 17:16:08","IsPrivate":"0","Type":"ProductImage","Attributes":{"OriginalFileName":""}},{"ID":"117084133","LowPic":"https://inishop.com/img/gallery_lows/1a1fdd2dfabe07c4fe3bc32991579c206e7104df.jpg","LowSize":"46440","LowHeight":"200","LowWidth":"200","ThumbPic":"https://inishop.com/img/gallery_thumbs/c9ee0c2ce7d99abe48f0f8c6d934a65effa1321f.jpg","ThumbPicSize":"9439","Pic":"https://inishop.com/img/gallery/757866ec6c69c6b44811f81aba64eb56b829de93.jpg","Size":"682402","PicHeight":"1000","PicWidth":"1000","Pic500x500":"https://inishop.com/img/gallery_mediums/28d2c656319f4e32da7729d3107ab98d6e3d8413.jpg","Pic500x500Size":"220005","Pic500x500Height":"500","Pic500x500Width":"500","No":"2","IsMain":"N","Updated":"2025-09-08 17:16:44","IsPrivate":"0","Type":"ProductDetailImage","Attributes":{"OriginalFileName":""}},{"ID":"117084135","LowPic":"https://inishop.com/img/gallery_lows/0e3e3447c90a9479c16bc8d19c7ce719b48a73a2.jpg","LowSize":"49851","LowHeight":"200","LowWidth":"200","ThumbPic":"https://inishop.com/img/gallery_thumbs/9105171a93e873343675aa3c47d73c85ca780eaf.jpg","ThumbPicSize":"9461","Pic":"https://inishop.com/img/gallery/e9155fb65928a16ca58f2eadcb4663d3eda89ae5.jpg","Size":"824742","PicHeight":"1000","PicWidth":"1000","Pic500x500":"https://inishop.com/img/gallery_mediums/5e71c5972f49268d0ab4f50ab72aa7343558d28b.jpg","Pic500x500Size":"253020","Pic500x500Height":"500","Pic500x500Width":"500","No":"3","IsMain":"N","Updated":"2025-09-08 17:17:32","IsPrivate":"0","Type":"ProductImage","Attributes":{"OriginalFileName":""}},{"ID":"117084136","LowPic":"https://inishop.com/img/gallery_lows/9722333b003953f4bd1acdc72d5a21fc9c1d4b43.jpg","LowSize":"45916","LowHeight":"200","LowWidth":"200","ThumbPic":"https://inishop.com/img/gallery_thumbs/6196a05671ff97d6b604990128775d9a96ce8f01.jpg","ThumbPicSize":"8354","Pic":"https://inishop.com/img/gallery/357055f98389b0bfbdcf8757b78f31d5ff23a80b.jpg","Size":"781702","PicHeight":"1000","PicWidth":"1000","Pic500x500":"https://inishop.com/img/gallery_mediums/9226d677c9cfde74d480d8c33866da3b522cf4ea.jpg","Pic500x500Size":"236358","Pic500x500Height":"500","Pic500x500Width":"500","No":"4","IsMain":"N","Updated":"2025-09-08 17:17:44","IsPrivate":"0","Type":"ProductImage","Attributes":{"OriginalFileName":""}}],"FeaturesGroups":[{"ID":24776,"SortNo":"50","FeatureGroup":{"ID":"185","Name":{"Value":"Features","Language":"EN"}},"Features":[{"Localized":0,"ID":835130166,"LocalID":0,"Type":"dropdown","Value":"Fresh cut mixed bouquet","CategoryFeatureId":"935697","CategoryFeatureGroupID":"24776","SortNo":"500","PresentationValue":"Fresh cut mixed bouquet","RawValue":"Fresh cut mixed bouquet","LocalValue":"Fresh cut mixed bouquet","Description":"The sub-category of the product.","Mandatory":"1","Searchable":"1","Optional":"0","Feature":{"ID":"14052","Sign":"","Measure":{"ID":"29","Sign":"","Signs":{"ID":"","_":"","Language":"EN"}},"Name":{"Value":"Product type","Language":"EN"}}},{"Localized":0,"ID":835130177,"LocalID":0,"Type":"multi_dropdown","Value":"White","CategoryFeatureId":"945016","CategoryFeatureGroupID":"24776","SortNo":"300","PresentationValue":"White","RawValue":"White","LocalValue":"White","Description":"The colour e.g. red, blue, green, black, white.","Mandatory":"0","Searchable":"0","Optional":"0","Feature":{"ID":"1766","Sign":"","Measure":{"ID":"29","Sign":"","Signs":{"ID":"","_":"","Language":"EN"}},"Name":{"Value":"Product colour","Language":"EN"}}}]},{"ID":37775,"SortNo":"0","FeatureGroup":{"ID":"198","Name":{"Value":"Logistics data","Language":"EN"}},"Features":[{"Localized":0,"ID":835130184,"LocalID":0,"Type":"multi_dropdown","Value":"Finland","CategoryFeatureId":"375769","CategoryFeatureGroupID":"37775","SortNo":"0","PresentationValue":"Finland","RawValue":"Finland","LocalValue":"Finland","Description":"Country where the device is made. Aka Country of manufacture (COM).","Mandatory":"0","Searchable":"0","Optional":"0","Feature":{"ID":"3294","Sign":"","Measure":{"ID":"29","Sign":"","Signs":{"ID":"","_":"","Language":"EN"}},"Name":{"Value":"Country of origin","Language":"EN"}}}]}],"FeatureLogos":[],"ReasonsToBuy":[],"Reviews":[],"ProductRelated":[],"CatalogObjectCloud":{},"Variants":[],"ProductStory":[{"ID":"B0FC7CA9-89CB-4A71-A22F-648C89A4412D","URL":"https://live-html.icecat.biz/a33a6e67870414b343854ab5bc5c0afb/index.html","Type":"ProductStory","ContentType":"application/zip","KeepAsUrl":"0","Description":"ProductStory","Size":"1340","IsPrivate":"0","Updated":"2025-09-09 11:53:21","Language":"EN","IsVideo":0}],"Dictionary":{"model_name":"Product name","desc":"Description","ean_code":"EAN/UPC code","flash360":"3D tour","demo_msg_part3":"If you don't have an Icecat account, please register here for free.","repairability_index":"Repairability index","zoom_panel_init":"Original size","cat_name":"Category","product_family":"Product family","back_to_top":"Back to top","zoom_panel_out":"Zoom out","specs":"Specs","eu_product_fiche":"EU Product Fiche","reviews_head_name":"Reviews","pdf_specs":"Product Brochure","zoom_panel_in":"Zoom in","html_content":"","release_date":"Release date","demo_msg_part1":"You are using now a Demo account. Please, use your own Icecat account","demo_insert_desc":"This is a demo of a seamless insert of an Icecat LIVE product data-sheet in your website. Imagine that this responsive data-sheet is included in the product page of your webshop.","pdf_url":"User manual","prod_code":"Product code","supplier_name":"Brand","video":"Video","reasons_to_buy":"Reasons to buy","marketing_text":"Description","options_head_name":"Options","product_series":"Product series","demo_msg_part2":"your Icecat login name","link_integrate_desk":"How to integrate Icecat LIVE JavaScript.","zoom_panel_dragg":"Mouse dragging","eu_energy_label":"EU Energy Label"},"DemoAccount":false}}