{"msg":"OK","data":{"GeneralInfo":{"IcecatId":134703644,"ReleaseDate":"","EndOfLifeDate":"","Title":"1-800-Flowers Floral Embrace Just because","TitleInfo":{"GeneratedIntTitle":"1-800-Flowers Floral Embrace","GeneratedLocalTitle":{"Value":"1-800-Flowers Floral Embrace Just because","Language":"EN"},"BrandLocalTitle":{"Value":"","Language":"EN"}},"Brand":"1-800-Flowers","BrandID":"43650","BrandLogo":"","BrandInfo":{"BrandName":"1-800-Flowers","BrandLocalName":"","BrandLogo":""},"ProductName":"Floral Embrace","ProductNameInfo":{"ProductIntName":"Floral Embrace","ProductLocalName":{"Value":"","Language":"EN"}},"BrandPartCode":"1001-P-191167","GTIN":[],"Category":{"CategoryID":"4796","Name":{"Value":"Fresh Cut Mixed Bouquets & Flowers","Language":"EN"}},"ProductFamily":{},"ProductSeries":{"SeriesID":"1"},"Description":{"ID":"104044370","LongDesc":"Like a warm embrace, our vibrant flower bouquet delivers your sentiments to someone special. A rich gathering of yellow and orange blooms, with pops of bright pink and purple, it's more than a gift…it's a way to express how you feel inside.","LongProductName":"Floral Embrace, Extra Large","MiddleDesc":"","Disclaimer":"","ManualPDFURL":"","ManualPDFSize":"0","LeafletPDFURL":"","PDFSize":"0","URL":"https://www.1800flowers.com/floral-embrace-191167","WarrantyInfo":"","Updated":"2025-09-09 11:18:02","Language":"EN"},"SummaryDescription":{"ShortSummaryDescription":"1-800-Flowers Floral Embrace, Fresh cut mixed bouquet, Multicolour, Just because, 300 mm, 400 mm","LongSummaryDescription":"1-800-Flowers Floral Embrace. Product type: Fresh cut mixed bouquet, Product colour: Multicolour, Occasion: Just because. Package width: 300 mm, Package height: 400 mm"},"BulletPoints":{"BulletPointsId":"13608892","Language":"EN","Values":["All-around arrangement with hot pink roses and carnations; orange Asiatic lilies and Peruvian lilies (alstroemeria); yellow sunflowers; lavender stock; purple monte casino; green Athos poms; accented with assorted greenery","Extra-large arrangement measures approximately 16\"H x 12\"W","Large arrangement does not include monte casino; measures approximately 15\"H x 11\"W","Medium arrangement does not include monte casino; measures approximately 13\"H x 10\"W","Small arrangement does not include roses; measures approximately 12\"H x 9\"W","Artistically designed in a clear glass cylinder vase; large vase measures 6\"H; medium/small vase measures 5\"H","Our florists hand-design each arrangement, so colors, varieties and container may vary due to local availability","To ensure lasting beauty, lilies may arrive in bud form, and will fully bloom over the next few days","Sunflowers may arrive with light or dark centers"],"Updated":"2025-09-09 11:18:02"},"GeneratedBulletPoints":{},"GTINs":[]},"Image":{"HighPic":"https://inishop.com/img/gallery/fafcf24b8019473923624237c520c1e636489c9c.jpg","HighPicSize":"418837","HighPicHeight":"788","HighPicWidth":"720","LowPic":"https://inishop.com/img/gallery_lows/bac85b87c54720485f37c8f5854a02b888becd76.jpg","LowPicSize":"48688","LowPicHeight":"200","LowPicWidth":"183","Pic500x500":"https://inishop.com/img/gallery_mediums/b4be52279c47cd38914fa6af106adf934fd0cf9f.jpg","Pic500x500Size":"250838","Pic500x500Height":"500","Pic500x500Width":"457","ThumbPic":"https://inishop.com/img/gallery_thumbs/3b6e7b7cad161186f62f889ae2f7785af8c5682c.jpg","ThumbPicSize":"9144"},"Multimedia":[],"Gallery":[{"ID":"117095783","LowPic":"https://inishop.com/img/gallery_lows/bac85b87c54720485f37c8f5854a02b888becd76.jpg","LowSize":"48688","LowHeight":"200","LowWidth":"183","ThumbPic":"https://inishop.com/img/gallery_thumbs/3b6e7b7cad161186f62f889ae2f7785af8c5682c.jpg","ThumbPicSize":"9144","Pic":"https://inishop.com/img/gallery/fafcf24b8019473923624237c520c1e636489c9c.jpg","Size":"418837","PicHeight":"788","PicWidth":"720","Pic500x500":"https://inishop.com/img/gallery_mediums/b4be52279c47cd38914fa6af106adf934fd0cf9f.jpg","Pic500x500Size":"250838","Pic500x500Height":"500","Pic500x500Width":"457","No":"1","IsMain":"Y","Updated":"2025-09-09 11:16:39","IsPrivate":"0","Type":"ProductImage","Attributes":{"OriginalFileName":""}},{"ID":"117095784","LowPic":"https://inishop.com/img/gallery_lows/e7e18c6b83ab8b67b3bc36a1ef76cc8c59d63d12.jpg","LowSize":"68676","LowHeight":"200","LowWidth":"183","ThumbPic":"https://inishop.com/img/gallery_thumbs/ae45b0355d792a9f51bc1a4ac87bf4cc67e254d9.jpg","ThumbPicSize":"12653","Pic":"https://inishop.com/img/gallery/5c2f49e29fa14c8fb2c071a6cdef5649ddf88173.jpg","Size":"580244","PicHeight":"788","PicWidth":"720","Pic500x500":"https://inishop.com/img/gallery_mediums/98c78b1974a02b2135ce9fbeffe29e6a89cdd5b8.jpg","Pic500x500Size":"326963","Pic500x500Height":"500","Pic500x500Width":"457","No":"2","IsMain":"N","Updated":"2025-09-09 11:16:39","IsPrivate":"0","Type":"ProductImage","Attributes":{"OriginalFileName":""}},{"ID":"117095785","LowPic":"https://inishop.com/img/gallery_lows/cc961239817b24e5819e9bb3bf39bd8a6b65d408.jpg","LowSize":"31755","LowHeight":"200","LowWidth":"183","ThumbPic":"https://inishop.com/img/gallery_thumbs/bdeeb510746c79f72a3131e21e4f423afe8becec.jpg","ThumbPicSize":"6647","Pic":"https://inishop.com/img/gallery/7a16d70faed0ee42779a14b5b954a338ae376870.jpg","Size":"202869","PicHeight":"788","PicWidth":"720","Pic500x500":"https://inishop.com/img/gallery_mediums/d4c10a837588f8cacd0ec789389a54ab0238f4e6.jpg","Pic500x500Size":"145293","Pic500x500Height":"500","Pic500x500Width":"457","No":"4","IsMain":"N","Updated":"2025-09-09 11:16:39","IsPrivate":"0","Type":"ProductImage","Attributes":{"OriginalFileName":""}},{"ID":"117095786","LowPic":"https://inishop.com/img/gallery_lows/1f70f15dca85d15c9186f5df44abbeb8ebb2eb04.jpg","LowSize":"52659","LowHeight":"200","LowWidth":"183","ThumbPic":"https://inishop.com/img/gallery_thumbs/cc4437bdcec8a4b20d6e05b31cfab6acc09d5ba1.jpg","ThumbPicSize":"10631","Pic":"https://inishop.com/img/gallery/4af9ed15789d246b44eb27c9b0dc0991296fc939.jpg","Size":"409984","PicHeight":"788","PicWidth":"720","Pic500x500":"https://inishop.com/img/gallery_mediums/3a70056c20985e6af440b1913ce592dfb6214d7e.jpg","Pic500x500Size":"244430","Pic500x500Height":"500","Pic500x500Width":"457","No":"5","IsMain":"N","Updated":"2025-09-09 11:16:39","IsPrivate":"0","Type":"ProductImage","Attributes":{"OriginalFileName":""}},{"ID":"117095787","LowPic":"https://inishop.com/img/gallery_lows/b0766e147514d65fcbe25d98b1e381b414ea7979.jpg","LowSize":"30263","LowHeight":"200","LowWidth":"183","ThumbPic":"https://inishop.com/img/gallery_thumbs/60f33618c9c6990d8b56356a7796efc3951995c5.jpg","ThumbPicSize":"6350","Pic":"https://inishop.com/img/gallery/611d8087003f0b8c641f17f3b101a6d03c34736a.jpg","Size":"221348","PicHeight":"788","PicWidth":"720","Pic500x500":"https://inishop.com/img/gallery_mediums/f72051f6ec2db93f47c6032e893ada44c34f3e31.jpg","Pic500x500Size":"138567","Pic500x500Height":"500","Pic500x500Width":"457","No":"6","IsMain":"N","Updated":"2025-09-09 11:16:39","IsPrivate":"0","Type":"ProductImage","Attributes":{"OriginalFileName":""}}],"FeaturesGroups":[{"ID":24776,"SortNo":"50","FeatureGroup":{"ID":"185","Name":{"Value":"Features","Language":"EN"}},"Features":[{"Localized":0,"ID":835245006,"LocalID":0,"Type":"dropdown","Value":"Fresh cut mixed bouquet","CategoryFeatureId":"935697","CategoryFeatureGroupID":"24776","SortNo":"500","PresentationValue":"Fresh cut mixed bouquet","RawValue":"Fresh cut mixed bouquet","LocalValue":"Fresh cut mixed bouquet","Description":"The sub-category of the product.","Mandatory":"1","Searchable":"1","Optional":"0","Feature":{"ID":"14052","Sign":"","Measure":{"ID":"29","Sign":"","Signs":{"ID":"","_":"","Language":"EN"}},"Name":{"Value":"Product type","Language":"EN"}}},{"Localized":0,"ID":835245005,"LocalID":0,"Type":"multi_dropdown","Value":"Multicolour","CategoryFeatureId":"945016","CategoryFeatureGroupID":"24776","SortNo":"300","PresentationValue":"Multicolour","RawValue":"Multicolour","LocalValue":"Multicolour","Description":"The colour e.g. red, blue, green, black, white.","Mandatory":"0","Searchable":"0","Optional":"0","Feature":{"ID":"1766","Sign":"","Measure":{"ID":"29","Sign":"","Signs":{"ID":"","_":"","Language":"EN"}},"Name":{"Value":"Product colour","Language":"EN"}}},{"Localized":0,"ID":835245007,"LocalID":0,"Type":"dropdown","Value":"Just because","CategoryFeatureId":"221114","CategoryFeatureGroupID":"24776","SortNo":"250","PresentationValue":"Just because","RawValue":"Just because","LocalValue":"Just because","Description":"","Mandatory":"0","Searchable":"0","Optional":"0","Feature":{"ID":"29202","Sign":"","Measure":{"ID":"29","Sign":"","Signs":{"ID":"","_":"","Language":"EN"}},"Name":{"Value":"Occasion","Language":"EN"}}}]},{"ID":47651,"SortNo":"0","FeatureGroup":{"ID":"14","Name":{"Value":"Weight & dimensions","Language":"EN"}},"Features":[{"Localized":0,"ID":835245039,"LocalID":0,"Type":"numerical","Value":"300","CategoryFeatureId":"411869","CategoryFeatureGroupID":"47651","SortNo":"0","PresentationValue":"300 mm","RawValue":"300","LocalValue":"300","Description":"The distance from one side of the packaging to the other.","Mandatory":"0","Searchable":"0","Optional":"0","Feature":{"ID":"3808","Sign":"","Measure":{"ID":"24","Sign":"","Signs":{"ID":"3","_":"mm","Language":"EN"}},"Name":{"Value":"Package width","Language":"EN"}}},{"Localized":0,"ID":835245040,"LocalID":0,"Type":"numerical","Value":"400","CategoryFeatureId":"414576","CategoryFeatureGroupID":"47651","SortNo":"0","PresentationValue":"400 mm","RawValue":"400","LocalValue":"400","Description":"The distance from the top to the bottom of the packaging.","Mandatory":"0","Searchable":"0","Optional":"0","Feature":{"ID":"3807","Sign":"","Measure":{"ID":"24","Sign":"","Signs":{"ID":"3","_":"mm","Language":"EN"}},"Name":{"Value":"Package height","Language":"EN"}}}]}],"FeatureLogos":[],"ReasonsToBuy":[],"Reviews":[],"ProductRelated":[],"CatalogObjectCloud":{},"Variants":[],"ProductStory":[],"Dictionary":{"model_name":"Product name","desc":"Description","ean_code":"EAN/UPC code","flash360":"3D tour","demo_msg_part3":"If you don't have an Icecat account, please register here for free.","repairability_index":"Repairability index","zoom_panel_init":"Original size","cat_name":"Category","product_family":"Product family","back_to_top":"Back to top","zoom_panel_out":"Zoom out","specs":"Specs","eu_product_fiche":"EU Product Fiche","reviews_head_name":"Reviews","pdf_specs":"Product Brochure","zoom_panel_in":"Zoom in","html_content":"","release_date":"Release date","demo_msg_part1":"You are using now a Demo account. Please, use your own Icecat account","demo_insert_desc":"This is a demo of a seamless insert of an Icecat LIVE product data-sheet in your website. Imagine that this responsive data-sheet is included in the product page of your webshop.","pdf_url":"User manual","prod_code":"Product code","supplier_name":"Brand","video":"Video","reasons_to_buy":"Reasons to buy","marketing_text":"Description","options_head_name":"Options","product_series":"Product series","demo_msg_part2":"your Icecat login name","link_integrate_desk":"How to integrate Icecat LIVE JavaScript.","zoom_panel_dragg":"Mouse dragging","eu_energy_label":"EU Energy Label"},"DemoAccount":false}}