{"msg":"OK","data":{"GeneralInfo":{"IcecatId":134698554,"ReleaseDate":"","EndOfLifeDate":"","Title":"ASICS Novablast 5 Luxe athletic shoes Male Black, Green, Grey, White","TitleInfo":{"GeneratedIntTitle":"ASICS Novablast 5 Luxe athletic shoes","GeneratedLocalTitle":{"Value":"ASICS Novablast 5 Luxe athletic shoes Male Black, Green, Grey, White","Language":"EN"},"BrandLocalTitle":{"Value":"","Language":"EN"}},"Brand":"ASICS","BrandID":"13651","BrandLogo":"","BrandInfo":{"BrandName":"ASICS","BrandLocalName":"","BrandLogo":""},"ProductName":"Novablast 5 Luxe","ProductNameInfo":{"ProductIntName":"Novablast 5 Luxe","ProductLocalName":{"Value":"","Language":"EN"}},"BrandPartCode":"1011C031.001 39.5","GTIN":[],"Category":{"CategoryID":"3554","Name":{"Value":"Athletic Shoes","Language":"EN"}},"ProductFamily":{},"ProductSeries":{"SeriesID":"0"},"Description":{"ID":"104036722","LongDesc":"The NOVABLAST 5 LUXE running shoe is a great choice if you want a shoe with extra bounce. Lightweight and with more energy return than the previous version, it's designed to help you run faster. And it will leave you feeling energised every step of the way. It's no surprise that it's the preferred training shoe among athletes.<br><br>The shoe's FF BLAST MAX foam creates a softer, more energised running experience and provides extra bounce thanks to its trampoline-inspired outsole. Its unique design, fit, and midsole will give you added energy return during your run.<br><br><b>What gives the NOVABLAST 5 LUXE running shoe extra bounce?</b><br><br>- FF BLAST MAX foam creates a softer and more energised running experience.<br>- Trampoline-inspired outsole design provides more bounce.<br>- Midsole and unique geometric design ensure extra energy return<br><br><b>What else makes the NOVABLAST 5 LUXE shoe a great choice?</b><br><br>This shoe is designed with energy return in mind, and we’ve spent endless hours testing it at our Institute of Sport Science (ISS) in Japan. The NOVABLAST 5 LUXE running shoe includes additional technical features to support you during your runs, which you’ll find listed under ‘Tech & Features’ below.<br><br><b>FF BLAST MAX foam</b><br>Provides lightweight, premium cushioning for added comfort and an energetic bounce in every step.<br><br><b>Midsole and unique geometric design</b><br>Ensures extra energy return.<br><br><b>Effortless on and off</b><br>Makes it easier to put on and take off, thanks to its heel pull tabs.<br><br><b>Engineered Jacquard mesh upper</b><br>Improves breathability to help keep feet cool during runs for added comfort.<br><br><b>Small reflective details</b><br>Helps improve visibility during low-light conditions.<br><br><b>Trampoline-inspired outsole design</b><br>Provides a more responsive bounceback.<br><br><b>Sleek metallic luxury</b><br>Stands out with metallic accents and a sleek design, for luxurious, high-performance comfort.<br><br><b>AHAR LOW HARDNESS outsole material</b><br>Enhances resistance against wear and tear.<br><br><b>Gusseted tongue wing fit system</b><br>Improves the midfoot fit and reduces tongue sliding.<br><br><b>Designed with the environment in mind</b><br>At least 79% of the shoe’s upper is recycled. We've also used less water and reduced our carbon emissions while producing the shoe’s sockliner, and the insole, toe box, eyelet, tongue and collar lining are all made from recycled materials. Better for you, better for the environment.","LongProductName":"Novablast 5 Luxe, Luxe/Black, Size 39.5","MiddleDesc":"","Disclaimer":"","ManualPDFURL":"","ManualPDFSize":"0","LeafletPDFURL":"","PDFSize":"0","URL":"https://www.asics.com/gb/en-gb/novablast-5-luxe/p/1011C031-001.html?size=6&width=Standard","WarrantyInfo":"","Updated":"2025-09-08 13:53:32","Language":"EN"},"SummaryDescription":{"ShortSummaryDescription":"ASICS Novablast 5 Luxe, Running, Male, Adult, Black, Green, Grey, White, Luxe/Black, Image","LongSummaryDescription":"ASICS Novablast 5 Luxe. Activity: Running, Gender: Male, Consumer life stage: Adult. Upper material: Mesh. Weight: 255 g"},"BulletPoints":{},"GeneratedBulletPoints":{},"GTINs":[]},"Image":{"HighPic":"https://inishop.com/img/gallery/42ca0e92df36531826e85371afb75f105689c9e4.jpg","HighPicSize":"351220","HighPicHeight":"560","HighPicWidth":"1081","LowPic":"https://inishop.com/img/gallery_lows/9bcaa70ca8a783248b4bf7b932053eb9471a0f23.jpg","LowPicSize":"15189","LowPicHeight":"104","LowPicWidth":"200","Pic500x500":"https://inishop.com/img/gallery_mediums/717e700e023ad3b35cda6f992923f810b95c10c8.jpg","Pic500x500Size":"79695","Pic500x500Height":"259","Pic500x500Width":"500","ThumbPic":"https://inishop.com/img/gallery_thumbs/a05829373253da2065c095794125e42baa9a3052.jpg","ThumbPicSize":"3529"},"Multimedia":[],"Gallery":[{"ID":"117081111","LowPic":"https://inishop.com/img/gallery_lows/9bcaa70ca8a783248b4bf7b932053eb9471a0f23.jpg","LowSize":"15189","LowHeight":"104","LowWidth":"200","ThumbPic":"https://inishop.com/img/gallery_thumbs/a05829373253da2065c095794125e42baa9a3052.jpg","ThumbPicSize":"3529","Pic":"https://inishop.com/img/gallery/42ca0e92df36531826e85371afb75f105689c9e4.jpg","Size":"351220","PicHeight":"560","PicWidth":"1081","Pic500x500":"https://inishop.com/img/gallery_mediums/717e700e023ad3b35cda6f992923f810b95c10c8.jpg","Pic500x500Size":"79695","Pic500x500Height":"259","Pic500x500Width":"500","No":"1","IsMain":"Y","Updated":"2025-09-08 13:47:21","IsPrivate":"0","Type":"ProductImage","Attributes":{"OriginalFileName":""}},{"ID":"117081112","LowPic":"https://inishop.com/img/gallery_lows/8be5322200b442161ee1365c545ba8f3cdad4094.jpg","LowSize":"19244","LowHeight":"115","LowWidth":"200","ThumbPic":"https://inishop.com/img/gallery_thumbs/f72cbb34c5dca7a802ac8d116b25fb0218e4a3c3.jpg","ThumbPicSize":"4230","Pic":"https://inishop.com/img/gallery/735dfcd5cb6acf9c842445ff5abc96314431e709.jpg","Size":"410654","PicHeight":"620","PicWidth":"1079","Pic500x500":"https://inishop.com/img/gallery_mediums/a30144d34ea65364e7e8e4a60287cdc527876dce.jpg","Pic500x500Size":"97552","Pic500x500Height":"287","Pic500x500Width":"500","No":"2","IsMain":"N","Updated":"2025-09-08 13:47:21","IsPrivate":"0","Type":"Other","Attributes":{"OriginalFileName":""}},{"ID":"117081113","LowPic":"https://inishop.com/img/gallery_lows/9805142970603e5d3a6ece8dd42add7b6973e94a.jpg","LowSize":"15571","LowHeight":"104","LowWidth":"200","ThumbPic":"https://inishop.com/img/gallery_thumbs/1d526245b554fa8fd4d460d4b1bdf49abb59672a.jpg","ThumbPicSize":"3696","Pic":"https://inishop.com/img/gallery/56ff54a24d1727b544464b605a1e25ff551f957b.jpg","Size":"313228","PicHeight":"562","PicWidth":"1079","Pic500x500":"https://inishop.com/img/gallery_mediums/4f1895c908a248a03400cc9c42bd0aa308fe7ce1.jpg","Pic500x500Size":"74503","Pic500x500Height":"260","Pic500x500Width":"500","No":"3","IsMain":"N","Updated":"2025-09-08 13:47:21","IsPrivate":"0","Type":"Other","Attributes":{"OriginalFileName":""}},{"ID":"117081114","LowPic":"https://inishop.com/img/gallery_lows/0a8f74eee33a8296ae62fbc33539c2cf23792385.jpg","LowSize":"12810","LowHeight":"104","LowWidth":"200","ThumbPic":"https://inishop.com/img/gallery_thumbs/203516a43331c4010c8d3b6aa993a2d53d483b1a.jpg","ThumbPicSize":"3231","Pic":"https://inishop.com/img/gallery/1e3f4b23493592a1c42e68ee63e8dbc3c66d3375.jpg","Size":"260848","PicHeight":"560","PicWidth":"1080","Pic500x500":"https://inishop.com/img/gallery_mediums/da7510f01d16a4799e58a5ebae1ccdf5d4429a1c.jpg","Pic500x500Size":"61412","Pic500x500Height":"259","Pic500x500Width":"500","No":"4","IsMain":"N","Updated":"2025-09-08 13:47:21","IsPrivate":"0","Type":"Other","Attributes":{"OriginalFileName":""}},{"ID":"117081115","LowPic":"https://inishop.com/img/gallery_lows/ceb7bda7e1a6a6bb2aff3302e1e659756c3b285d.jpg","LowSize":"17459","LowHeight":"131","LowWidth":"200","ThumbPic":"https://inishop.com/img/gallery_thumbs/63a5e99f2ef0ddf13abcd837f8bbf2c974c9cb9d.jpg","ThumbPicSize":"4462","Pic":"https://inishop.com/img/gallery/0a0a79dcab7bb66a1492aab1fb9ba663820efb98.jpg","Size":"412124","PicHeight":"705","PicWidth":"1079","Pic500x500":"https://inishop.com/img/gallery_mediums/fb85855d6df23a741e410c122b9d08b636b4c45a.jpg","Pic500x500Size":"89608","Pic500x500Height":"327","Pic500x500Width":"500","No":"5","IsMain":"N","Updated":"2025-09-08 13:47:21","IsPrivate":"0","Type":"Other","Attributes":{"OriginalFileName":""}},{"ID":"117081116","LowPic":"https://inishop.com/img/gallery_lows/1d1d2baa02b6446c47e2a1a2561cd1ad8114a15c.jpg","LowSize":"23587","LowHeight":"200","LowWidth":"168","ThumbPic":"https://inishop.com/img/gallery_thumbs/c71b6a780b3f786cfd611da10ae7069124dc56a9.jpg","ThumbPicSize":"5197","Pic":"https://inishop.com/img/gallery/f09a01cae81830d7d461670880ef6763de69fb8d.jpg","Size":"267217","PicHeight":"757","PicWidth":"635","Pic500x500":"https://inishop.com/img/gallery_mediums/b4debc444960317bd2632c2db6d2f1925d4df1e2.jpg","Pic500x500Size":"119108","Pic500x500Height":"500","Pic500x500Width":"419","No":"6","IsMain":"N","Updated":"2025-09-08 13:47:21","IsPrivate":"0","Type":"Other","Attributes":{"OriginalFileName":""}},{"ID":"117081117","LowPic":"https://inishop.com/img/gallery_lows/58fda38f1792daf27f0bf71976791dd31e364eaa.jpg","LowSize":"42588","LowHeight":"200","LowWidth":"186","ThumbPic":"https://inishop.com/img/gallery_thumbs/ee1f4a7ad8faf136bf68e1d633680f147d0e01f7.jpg","ThumbPicSize":"8705","Pic":"https://inishop.com/img/gallery/f587a129eb011fd6c149a0f80d58c41d768c76ea.jpg","Size":"431558","PicHeight":"762","PicWidth":"710","Pic500x500":"https://inishop.com/img/gallery_mediums/7aba755008e76be2f0fb493362513c08820f08e5.jpg","Pic500x500Size":"205120","Pic500x500Height":"500","Pic500x500Width":"466","No":"7","IsMain":"N","Updated":"2025-09-08 13:47:21","IsPrivate":"0","Type":"Other","Attributes":{"OriginalFileName":""}},{"ID":"117081118","LowPic":"https://inishop.com/img/gallery_lows/7db6b540a109a58016fd7bf45c092e64e4989ab6.jpg","LowSize":"15538","LowHeight":"104","LowWidth":"200","ThumbPic":"https://inishop.com/img/gallery_thumbs/9e485d421591c021ab337d15f38013b1aba7c588.jpg","ThumbPicSize":"3511","Pic":"https://inishop.com/img/gallery/1b9701b6d21142c2033a0b5c4cf1da475a9f569e.jpg","Size":"354276","PicHeight":"563","PicWidth":"1079","Pic500x500":"https://inishop.com/img/gallery_mediums/e1aa53c48d650f8c1d5509246d4c67ee15279f58.jpg","Pic500x500Size":"81991","Pic500x500Height":"261","Pic500x500Width":"500","No":"8","IsMain":"N","Updated":"2025-09-08 13:47:21","IsPrivate":"0","Type":"Other","Attributes":{"OriginalFileName":""}}],"FeaturesGroups":[{"ID":17164,"SortNo":"50","FeatureGroup":{"ID":"185","Name":{"Value":"Features","Language":"EN"}},"Features":[{"Localized":0,"ID":835111988,"LocalID":0,"Type":"dropdown","Value":"Running","CategoryFeatureId":"333583","CategoryFeatureGroupID":"17164","SortNo":"350","PresentationValue":"Running","RawValue":"Running","LocalValue":"Running","Description":"","Mandatory":"1","Searchable":"1","Optional":"0","Feature":{"ID":"41029","Sign":"","Measure":{"ID":"29","Sign":"","Signs":{"ID":"","_":"","Language":"EN"}},"Name":{"Value":"Activity","Language":"EN"}}},{"Localized":0,"ID":835112152,"LocalID":0,"Type":"dropdown","Value":"Male","CategoryFeatureId":"158233","CategoryFeatureGroupID":"17164","SortNo":"300","PresentationValue":"Male","RawValue":"Male","LocalValue":"Male","Description":"Gender (type) of a product.","Mandatory":"1","Searchable":"1","Optional":"0","Feature":{"ID":"3230","Sign":"","Measure":{"ID":"29","Sign":"","Signs":{"ID":"","_":"","Language":"EN"}},"Name":{"Value":"Gender","Language":"EN"}}},{"Localized":0,"ID":835112143,"LocalID":0,"Type":"dropdown","Value":"Adult","CategoryFeatureId":"333580","CategoryFeatureGroupID":"17164","SortNo":"295","PresentationValue":"Adult","RawValue":"Adult","LocalValue":"Adult","Description":"","Mandatory":"1","Searchable":"1","Optional":"0","Feature":{"ID":"36987","Sign":"","Measure":{"ID":"29","Sign":"","Signs":{"ID":"","_":"","Language":"EN"}},"Name":{"Value":"Consumer life stage","Language":"EN"}}},{"Localized":0,"ID":835113552,"LocalID":0,"Type":"text","Value":"Luxe/Black","CategoryFeatureId":"333582","CategoryFeatureGroupID":"17164","SortNo":"149","PresentationValue":"Luxe/Black","RawValue":"Luxe/Black","LocalValue":"Luxe/Black","Description":"","Mandatory":"0","Searchable":"0","Optional":"0","Feature":{"ID":"37467","Sign":"","Measure":{"ID":"29","Sign":"","Signs":{"ID":"","_":"","Language":"EN"}},"Name":{"Value":"Product extended colour","Language":"EN"}}},{"Localized":0,"ID":835325931,"LocalID":0,"Type":"dropdown","Value":"Image","CategoryFeatureId":"158216","CategoryFeatureGroupID":"17164","SortNo":"148","PresentationValue":"Image","RawValue":"Image","LocalValue":"Image","Description":"","Mandatory":"0","Searchable":"0","Optional":"0","Feature":{"ID":"21118","Sign":"","Measure":{"ID":"29","Sign":"","Signs":{"ID":"","_":"","Language":"EN"}},"Name":{"Value":"Coloration","Language":"EN"}}},{"Localized":0,"ID":835111687,"LocalID":0,"Type":"alphanumeric","Value":"5.5","CategoryFeatureId":"949644","CategoryFeatureGroupID":"17164","SortNo":"145","PresentationValue":"5.5","RawValue":"5.5","LocalValue":"5.5","Description":"","Mandatory":"0","Searchable":"0","Optional":"0","Feature":{"ID":"29293","Sign":"","Measure":{"ID":"29","Sign":"","Signs":{"ID":"","_":"","Language":"EN"}},"Name":{"Value":"Size (UK)","Language":"EN"}}},{"Localized":0,"ID":835111805,"LocalID":0,"Type":"multi_dropdown","Value":"Black,Green,Grey,White","CategoryFeatureId":"333581","CategoryFeatureGroupID":"17164","SortNo":"144","PresentationValue":"Black, Green, Grey, White","RawValue":"Black,Green,Grey,White","LocalValue":"Black, Green, Grey, White","Description":"","Mandatory":"1","Searchable":"1","Optional":"0","Feature":{"ID":"37466","Sign":"","Measure":{"ID":"29","Sign":"","Signs":{"ID":"","_":"","Language":"EN"}},"Name":{"Value":"Product main colour","Language":"EN"}}},{"Localized":0,"ID":835111740,"LocalID":0,"Type":"alphanumeric","Value":"39.5","CategoryFeatureId":"949645","CategoryFeatureGroupID":"17164","SortNo":"144","PresentationValue":"39.5","RawValue":"39.5","LocalValue":"39.5","Description":"","Mandatory":"0","Searchable":"0","Optional":"0","Feature":{"ID":"47506","Sign":"","Measure":{"ID":"29","Sign":"","Signs":{"ID":"","_":"","Language":"EN"}},"Name":{"Value":"Size (EU)","Language":"EN"}}},{"Localized":0,"ID":835325950,"LocalID":0,"Type":"alphanumeric","Value":"6.5","CategoryFeatureId":"949646","CategoryFeatureGroupID":"17164","SortNo":"143","PresentationValue":"6.5","RawValue":"6.5","LocalValue":"6.5","Description":"","Mandatory":"0","Searchable":"0","Optional":"0","Feature":{"ID":"47766","Sign":"","Measure":{"ID":"29","Sign":"","Signs":{"ID":"","_":"","Language":"EN"}},"Name":{"Value":"Men's size (US)","Language":"EN"}}},{"Localized":0,"ID":835325951,"LocalID":0,"Type":"alphanumeric","Value":"25","CategoryFeatureId":"949648","CategoryFeatureGroupID":"17164","SortNo":"141","PresentationValue":"25 cm","RawValue":"25","LocalValue":"25","Description":"","Mandatory":"0","Searchable":"0","Optional":"0","Feature":{"ID":"47528","Sign":"","Measure":{"ID":"34","Sign":"","Signs":{"ID":"18","_":"cm","Language":"EN"}},"Name":{"Value":"Size (length)","Language":"EN"}}},{"Localized":0,"ID":835112198,"LocalID":0,"Type":"multi_dropdown","Value":"Lace-up closure","CategoryFeatureId":"333640","CategoryFeatureGroupID":"17164","SortNo":"115","PresentationValue":"Lace-up closure","RawValue":"Lace-up closure","LocalValue":"Lace-up closure","Description":"","Mandatory":"0","Searchable":"0","Optional":"0","Feature":{"ID":"41034","Sign":"","Measure":{"ID":"29","Sign":"","Signs":{"ID":"","_":"","Language":"EN"}},"Name":{"Value":"Footwear closure type","Language":"EN"}}},{"Localized":0,"ID":835112116,"LocalID":0,"Type":"numerical","Value":"8","CategoryFeatureId":"333621","CategoryFeatureGroupID":"17164","SortNo":"111","PresentationValue":"8 mm","RawValue":"8","LocalValue":"8","Description":"","Mandatory":"0","Searchable":"0","Optional":"0","Feature":{"ID":"41060","Sign":"","Measure":{"ID":"24","Sign":"","Signs":{"ID":"3","_":"mm","Language":"EN"}},"Name":{"Value":"Heel drop","Language":"EN"}}},{"Localized":0,"ID":835112383,"LocalID":0,"Type":"y_n","Value":"Y","CategoryFeatureId":"158340","CategoryFeatureGroupID":"17164","SortNo":"15","PresentationValue":"Yes","RawValue":"Y","LocalValue":"Yes","Description":"","Mandatory":"0","Searchable":"0","Optional":"0","Feature":{"ID":"21062","Sign":"","Measure":{"ID":"26","Sign":"","Signs":{"ID":"","_":"","Language":"EN"}},"Name":{"Value":"Breathable","Language":"EN"}}}]},{"ID":34344,"SortNo":"40","FeatureGroup":{"ID":"119","Name":{"Value":"Material","Language":"EN"}},"Features":[{"Localized":0,"ID":835113180,"LocalID":0,"Type":"multi_dropdown","Value":"Mesh","CategoryFeatureId":"196763","CategoryFeatureGroupID":"34344","SortNo":"200","PresentationValue":"Mesh","RawValue":"Mesh","LocalValue":"Mesh","Description":"The material the upper part of the shoe is made of, e.g. leather, canvas or mesh.","Mandatory":"1","Searchable":"0","Optional":"0","Feature":{"ID":"29975","Sign":"","Measure":{"ID":"29","Sign":"","Signs":{"ID":"","_":"","Language":"EN"}},"Name":{"Value":"Upper material","Language":"EN"}}}]},{"ID":17169,"SortNo":"10","FeatureGroup":{"ID":"14","Name":{"Value":"Weight & dimensions","Language":"EN"}},"Features":[{"Localized":0,"ID":835112120,"LocalID":0,"Type":"numerical","Value":"255","CategoryFeatureId":"158237","CategoryFeatureGroupID":"17169","SortNo":"5","PresentationValue":"255 g","RawValue":"255","LocalValue":"255","Description":"Weight of the product without packaging (net weight). If possible, the net weight is given including standard accessories and supplies. Please note that sometimes the manufacturer leaves out the weight of accessories and/or supplies.","Mandatory":"0","Searchable":"0","Optional":"0","Feature":{"ID":"94","Sign":"","Measure":{"ID":"38","Sign":"","Signs":{"ID":"22","_":"g","Language":"EN"}},"Name":{"Value":"Weight","Language":"EN"}}}]}],"FeatureLogos":[],"ReasonsToBuy":[],"Reviews":[],"ProductRelated":[],"CatalogObjectCloud":{},"Variants":[],"ProductStory":[],"Dictionary":{"model_name":"Product name","desc":"Description","ean_code":"EAN/UPC code","flash360":"3D tour","demo_msg_part3":"If you don't have an Icecat account, please register here for free.","repairability_index":"Repairability index","zoom_panel_init":"Original size","cat_name":"Category","product_family":"Product family","back_to_top":"Back to top","zoom_panel_out":"Zoom out","specs":"Specs","eu_product_fiche":"EU Product Fiche","reviews_head_name":"Reviews","pdf_specs":"Product Brochure","zoom_panel_in":"Zoom in","html_content":"","release_date":"Release date","demo_msg_part1":"You are using now a Demo account. Please, use your own Icecat account","demo_insert_desc":"This is a demo of a seamless insert of an Icecat LIVE product data-sheet in your website. Imagine that this responsive data-sheet is included in the product page of your webshop.","pdf_url":"User manual","prod_code":"Product code","supplier_name":"Brand","video":"Video","reasons_to_buy":"Reasons to buy","marketing_text":"Description","options_head_name":"Options","product_series":"Product series","demo_msg_part2":"your Icecat login name","link_integrate_desk":"How to integrate Icecat LIVE JavaScript.","zoom_panel_dragg":"Mouse dragging","eu_energy_label":"EU Energy Label"},"DemoAccount":false}}