{"msg":"OK","data":{"GeneralInfo":{"IcecatId":134703515,"ReleaseDate":"","EndOfLifeDate":"","Title":"ASICS Core Singlet Tank top Crew neck Sleeveless Polyester","TitleInfo":{"GeneratedIntTitle":"ASICS Core Singlet","GeneratedLocalTitle":{"Value":"ASICS Core Singlet Tank top Crew neck Sleeveless Polyester","Language":"EN"},"BrandLocalTitle":{"Value":"","Language":"EN"}},"Brand":"ASICS","BrandID":"13651","BrandLogo":"","BrandInfo":{"BrandName":"ASICS","BrandLocalName":"","BrandLogo":""},"ProductName":"Core Singlet","ProductNameInfo":{"ProductIntName":"Core Singlet","ProductLocalName":{"Value":"","Language":"EN"}},"BrandPartCode":"2011D223.301 L","GTIN":[],"Category":{"CategoryID":"3504","Name":{"Value":"Shirts & Tops","Language":"EN"}},"ProductFamily":{},"ProductSeries":{"SeriesID":"1"},"Description":{"ID":"104043963","LongDesc":"This is our preferred singlet for everyday running. This top improves comfort so that you can experience a sound mind during your run. Additionally, the lightweight and quick-drying knit fabric improves moisture management to help you keep comfortable during your training. The top also features a flat seam construction to help reduce chafing while you're running. Lastly, this reflective details are designed to help increase your visibility when you're running in low-light settings.<br><br>At least 50% of the garment's main material is made with recycled content to reduce waste and carbon emissions.","LongProductName":"CORE SINGLET, Neon Lime, L","MiddleDesc":"","Disclaimer":"","ManualPDFURL":"","ManualPDFSize":"0","LeafletPDFURL":"","PDFSize":"0","URL":"https://www.asics.com/pl/en-pl/asics-core-singlet/p/2011D223-301.html","WarrantyInfo":"","Updated":"2025-09-09 08:42:06","Language":"EN"},"SummaryDescription":{"ShortSummaryDescription":"ASICS Core Singlet, Tank top, Adult, Male, Lime, Neon Lime, Monochromatic","LongSummaryDescription":"ASICS Core Singlet. Shirt/top type: Tank top, Consumer life stage: Adult, Gender: Male. Material: Polyester, Material description (name, %): 100% Polyester. Quantity per pack: 1 pc(s)"},"BulletPoints":{},"GeneratedBulletPoints":{"Language":"EN","Values":["Tank top Male Lime","Adult","Polyester"]},"GTINs":[]},"Image":{"HighPic":"https://inishop.com/img/gallery/a28f2bd25817612083c9aeafd0e031945ea90255.jpg","HighPicSize":"128437","HighPicHeight":"768","HighPicWidth":"1024","LowPic":"https://inishop.com/img/gallery_lows/cdcbb2884ad6e23d2eff24aa13fb6604275a8ec2.jpg","LowPicSize":"12159","LowPicHeight":"150","LowPicWidth":"200","Pic500x500":"https://inishop.com/img/gallery_mediums/3b6d7efa41dee70ab4a36e85af7da2fd6b21961d.jpg","Pic500x500Size":"46435","Pic500x500Height":"375","Pic500x500Width":"500","ThumbPic":"https://inishop.com/img/gallery_thumbs/d1315ac9d5263a6d970a99ccdbe871132e1b5162.jpg","ThumbPicSize":"3584"},"Multimedia":[],"Gallery":[{"ID":"117094372","LowPic":"https://inishop.com/img/gallery_lows/cdcbb2884ad6e23d2eff24aa13fb6604275a8ec2.jpg","LowSize":"12159","LowHeight":"150","LowWidth":"200","ThumbPic":"https://inishop.com/img/gallery_thumbs/d1315ac9d5263a6d970a99ccdbe871132e1b5162.jpg","ThumbPicSize":"3584","Pic":"https://inishop.com/img/gallery/a28f2bd25817612083c9aeafd0e031945ea90255.jpg","Size":"128437","PicHeight":"768","PicWidth":"1024","Pic500x500":"https://inishop.com/img/gallery_mediums/3b6d7efa41dee70ab4a36e85af7da2fd6b21961d.jpg","Pic500x500Size":"46435","Pic500x500Height":"375","Pic500x500Width":"500","No":"1","IsMain":"Y","Updated":"2025-09-09 08:41:24","IsPrivate":"0","Type":"ProductImage","Attributes":{"OriginalFileName":""}},{"ID":"117094373","LowPic":"https://inishop.com/img/gallery_lows/f6daa247b4c373d3c29a68cfe7fef0b8e4c0c1bb.jpg","LowSize":"11141","LowHeight":"150","LowWidth":"200","ThumbPic":"https://inishop.com/img/gallery_thumbs/bcefa9c5eb636f8290a77c2b7184b9c976d38809.jpg","ThumbPicSize":"3332","Pic":"https://inishop.com/img/gallery/6945784c14253e0367e48a26420c5adaad51973c.jpg","Size":"112159","PicHeight":"768","PicWidth":"1024","Pic500x500":"https://inishop.com/img/gallery_mediums/91bf261738e3528023c446595b70c16b3bf0b093.jpg","Pic500x500Size":"41783","Pic500x500Height":"375","Pic500x500Width":"500","No":"2","IsMain":"N","Updated":"2025-09-09 08:41:24","IsPrivate":"0","Type":"ProductImage","Attributes":{"OriginalFileName":""}},{"ID":"117094374","LowPic":"https://inishop.com/img/gallery_lows/64726a1986eb01893edbb5feede35f5fadbd40c7.jpg","LowSize":"11418","LowHeight":"150","LowWidth":"200","ThumbPic":"https://inishop.com/img/gallery_thumbs/d6ef9ef1c93c4b542afb1d00af85cf0b852b47c7.jpg","ThumbPicSize":"3261","Pic":"https://inishop.com/img/gallery/33488f790e0b30ef0a1646f226108c1f5b0159fd.jpg","Size":"122561","PicHeight":"768","PicWidth":"1024","Pic500x500":"https://inishop.com/img/gallery_mediums/d10fec843e30370cd3bfb2ad971ce15cc73b2f7f.jpg","Pic500x500Size":"43545","Pic500x500Height":"375","Pic500x500Width":"500","No":"3","IsMain":"N","Updated":"2025-09-09 08:41:25","IsPrivate":"0","Type":"ProductImage","Attributes":{"OriginalFileName":""}},{"ID":"117094375","LowPic":"https://inishop.com/img/gallery_lows/3107be43f9a454380cf80711eaab080701f51784.jpg","LowSize":"17366","LowHeight":"150","LowWidth":"200","ThumbPic":"https://inishop.com/img/gallery_thumbs/549efce0fb7fbd54d79403e3cf5b9e88c5873a18.jpg","ThumbPicSize":"5145","Pic":"https://inishop.com/img/gallery/b05a1ba1f49ba90c15ad99a2abf7c5ec92417e03.jpg","Size":"214783","PicHeight":"768","PicWidth":"1024","Pic500x500":"https://inishop.com/img/gallery_mediums/dd58ca3d0304bdd72a2d767503762c0113f73e08.jpg","Pic500x500Size":"72703","Pic500x500Height":"375","Pic500x500Width":"500","No":"4","IsMain":"N","Updated":"2025-09-09 08:41:26","IsPrivate":"0","Type":"ProductImage","Attributes":{"OriginalFileName":""}},{"ID":"117094376","LowPic":"https://inishop.com/img/gallery_lows/73d8460067066da445de0ac2ea41a735019a67b4.jpg","LowSize":"8600","LowHeight":"150","LowWidth":"200","ThumbPic":"https://inishop.com/img/gallery_thumbs/ad46e88997781176b0f411a65df2b76139349463.jpg","ThumbPicSize":"2480","Pic":"https://inishop.com/img/gallery/b60fb467c9538a760964368abd374be0ea05cf4a.jpg","Size":"90327","PicHeight":"768","PicWidth":"1024","Pic500x500":"https://inishop.com/img/gallery_mediums/4184509062474fbe9219cac307ad19367c01cf7b.jpg","Pic500x500Size":"33376","Pic500x500Height":"375","Pic500x500Width":"500","No":"5","IsMain":"N","Updated":"2025-09-09 08:41:27","IsPrivate":"0","Type":"ProductImage","Attributes":{"OriginalFileName":""}}],"FeaturesGroups":[{"ID":13510,"SortNo":"50","FeatureGroup":{"ID":"185","Name":{"Value":"Features","Language":"EN"}},"Features":[{"Localized":0,"ID":835223149,"LocalID":0,"Type":"text","Value":"Neon Lime","CategoryFeatureId":"290539","CategoryFeatureGroupID":"13510","SortNo":"10000989","PresentationValue":"Neon Lime","RawValue":"Neon Lime","LocalValue":"Neon Lime","Description":"","Mandatory":"0","Searchable":"0","Optional":"0","Feature":{"ID":"37467","Sign":"","Measure":{"ID":"29","Sign":"","Signs":{"ID":"","_":"","Language":"EN"}},"Name":{"Value":"Product extended colour","Language":"EN"}}},{"Localized":0,"ID":835223150,"LocalID":0,"Type":"dropdown","Value":"Monochromatic","CategoryFeatureId":"189646","CategoryFeatureGroupID":"13510","SortNo":"10000986","PresentationValue":"Monochromatic","RawValue":"Monochromatic","LocalValue":"Monochromatic","Description":"","Mandatory":"0","Searchable":"0","Optional":"0","Feature":{"ID":"21118","Sign":"","Measure":{"ID":"29","Sign":"","Signs":{"ID":"","_":"","Language":"EN"}},"Name":{"Value":"Coloration","Language":"EN"}}},{"Localized":0,"ID":835223151,"LocalID":0,"Type":"alphanumeric","Value":"L","CategoryFeatureId":"947049","CategoryFeatureGroupID":"13510","SortNo":"1500","PresentationValue":"L","RawValue":"L","LocalValue":"L","Description":"","Mandatory":"0","Searchable":"0","Optional":"0","Feature":{"ID":"47512","Sign":"","Measure":{"ID":"29","Sign":"","Signs":{"ID":"","_":"","Language":"EN"}},"Name":{"Value":"Size (S/M/L)","Language":"EN"}}},{"Localized":0,"ID":835223141,"LocalID":0,"Type":"dropdown","Value":"Tank top","CategoryFeatureId":"284565","CategoryFeatureGroupID":"13510","SortNo":"1000","PresentationValue":"Tank top","RawValue":"Tank top","LocalValue":"Tank top","Description":"","Mandatory":"1","Searchable":"1","Optional":"0","Feature":{"ID":"37361","Sign":"","Measure":{"ID":"29","Sign":"","Signs":{"ID":"","_":"","Language":"EN"}},"Name":{"Value":"Shirt/top type","Language":"EN"}}},{"Localized":0,"ID":835223146,"LocalID":0,"Type":"dropdown","Value":"Adult","CategoryFeatureId":"261629","CategoryFeatureGroupID":"13510","SortNo":"999","PresentationValue":"Adult","RawValue":"Adult","LocalValue":"Adult","Description":"","Mandatory":"1","Searchable":"1","Optional":"0","Feature":{"ID":"36987","Sign":"","Measure":{"ID":"29","Sign":"","Signs":{"ID":"","_":"","Language":"EN"}},"Name":{"Value":"Consumer life stage","Language":"EN"}}},{"Localized":0,"ID":835223147,"LocalID":0,"Type":"dropdown","Value":"Male","CategoryFeatureId":"261607","CategoryFeatureGroupID":"13510","SortNo":"998","PresentationValue":"Male","RawValue":"Male","LocalValue":"Male","Description":"Gender (type) of a product.","Mandatory":"1","Searchable":"1","Optional":"0","Feature":{"ID":"3230","Sign":"","Measure":{"ID":"29","Sign":"","Signs":{"ID":"","_":"","Language":"EN"}},"Name":{"Value":"Gender","Language":"EN"}}},{"Localized":0,"ID":835223148,"LocalID":0,"Type":"multi_dropdown","Value":"Lime","CategoryFeatureId":"290356","CategoryFeatureGroupID":"13510","SortNo":"990","PresentationValue":"Lime","RawValue":"Lime","LocalValue":"Lime","Description":"","Mandatory":"1","Searchable":"1","Optional":"0","Feature":{"ID":"37466","Sign":"","Measure":{"ID":"29","Sign":"","Signs":{"ID":"","_":"","Language":"EN"}},"Name":{"Value":"Product main colour","Language":"EN"}}},{"Localized":0,"ID":835223157,"LocalID":0,"Type":"dropdown","Value":"Active / Workout","CategoryFeatureId":"189636","CategoryFeatureGroupID":"13510","SortNo":"980","PresentationValue":"Active / Workout","RawValue":"Active / Workout","LocalValue":"Active / Workout","Description":"","Mandatory":"0","Searchable":"0","Optional":"0","Feature":{"ID":"29202","Sign":"","Measure":{"ID":"29","Sign":"","Signs":{"ID":"","_":"","Language":"EN"}},"Name":{"Value":"Occasion","Language":"EN"}}},{"Localized":0,"ID":835223155,"LocalID":0,"Type":"dropdown","Value":"Crew neck","CategoryFeatureId":"270657","CategoryFeatureGroupID":"13510","SortNo":"950","PresentationValue":"Crew neck","RawValue":"Crew neck","LocalValue":"Crew neck","Description":"","Mandatory":"0","Searchable":"0","Optional":"0","Feature":{"ID":"36517","Sign":"","Measure":{"ID":"29","Sign":"","Signs":{"ID":"","_":"","Language":"EN"}},"Name":{"Value":"Collar/Neckline type","Language":"EN"}}},{"Localized":0,"ID":835223154,"LocalID":0,"Type":"dropdown","Value":"Sleeveless","CategoryFeatureId":"189637","CategoryFeatureGroupID":"13510","SortNo":"900","PresentationValue":"Sleeveless","RawValue":"Sleeveless","LocalValue":"Sleeveless","Description":"The length of the sleeve, e.g. short or long.","Mandatory":"0","Searchable":"0","Optional":"0","Feature":{"ID":"27300","Sign":"","Measure":{"ID":"29","Sign":"","Signs":{"ID":"","_":"","Language":"EN"}},"Name":{"Value":"Sleeve length type","Language":"EN"}}},{"Localized":0,"ID":835294014,"LocalID":0,"Type":"y_n","Value":"Y","CategoryFeatureId":"189668","CategoryFeatureGroupID":"13510","SortNo":"545","PresentationValue":"Yes","RawValue":"Y","LocalValue":"Yes","Description":"","Mandatory":"0","Searchable":"0","Optional":"0","Feature":{"ID":"23227","Sign":"","Measure":{"ID":"26","Sign":"","Signs":{"ID":"","_":"","Language":"EN"}},"Name":{"Value":"Reflective elements","Language":"EN"}}}]},{"ID":22992,"SortNo":"40","FeatureGroup":{"ID":"119","Name":{"Value":"Material","Language":"EN"}},"Features":[{"Localized":0,"ID":835223142,"LocalID":0,"Type":"dropdown","Value":"Polyester","CategoryFeatureId":"214279","CategoryFeatureGroupID":"22992","SortNo":"555","PresentationValue":"Polyester","RawValue":"Polyester","LocalValue":"Polyester","Description":"The material from which a thing is or can be made e.g. wood, plastic.","Mandatory":"1","Searchable":"1","Optional":"0","Feature":{"ID":"898","Sign":"","Measure":{"ID":"29","Sign":"","Signs":{"ID":"","_":"","Language":"EN"}},"Name":{"Value":"Material","Language":"EN"}}},{"Localized":0,"ID":835223143,"LocalID":0,"Type":"text","Value":"100% Polyester","CategoryFeatureId":"291207","CategoryFeatureGroupID":"22992","SortNo":"550","PresentationValue":"100% Polyester","RawValue":"100% Polyester","LocalValue":"100% Polyester","Description":"","Mandatory":"0","Searchable":"0","Optional":"0","Feature":{"ID":"37462","Sign":"","Measure":{"ID":"29","Sign":"","Signs":{"ID":"","_":"","Language":"EN"}},"Name":{"Value":"Material description (name, %)","Language":"EN"}}},{"Localized":0,"ID":835223145,"LocalID":0,"Type":"y_n","Value":"Y","CategoryFeatureId":"685852","CategoryFeatureGroupID":"22992","SortNo":"-10","PresentationValue":"Yes","RawValue":"Y","LocalValue":"Yes","Description":"","Mandatory":"0","Searchable":"0","Optional":"0","Feature":{"ID":"41070","Sign":"","Measure":{"ID":"26","Sign":"","Signs":{"ID":"","_":"","Language":"EN"}},"Name":{"Value":"Made with recycled materials","Language":"EN"}}}]},{"ID":31108,"SortNo":"5","FeatureGroup":{"ID":"67","Name":{"Value":"Packaging data","Language":"EN"}},"Features":[{"Localized":0,"ID":835294022,"LocalID":0,"Type":"numerical","Value":"1","CategoryFeatureId":"270671","CategoryFeatureGroupID":"31108","SortNo":"15","PresentationValue":"1 pc(s)","RawValue":"1","LocalValue":"1","Description":"","Mandatory":"0","Searchable":"0","Optional":"0","Feature":{"ID":"20228","Sign":"","Measure":{"ID":"144","Sign":"","Signs":{"ID":"125","_":"pc(s)","Language":"EN"}},"Name":{"Value":"Quantity per pack","Language":"EN"}}}]}],"FeatureLogos":[],"ReasonsToBuy":[],"Reviews":[],"ProductRelated":[],"CatalogObjectCloud":{},"Variants":[],"ProductStory":[],"Dictionary":{"model_name":"Product name","desc":"Description","ean_code":"EAN/UPC code","flash360":"3D tour","demo_msg_part3":"If you don't have an Icecat account, please register here for free.","repairability_index":"Repairability index","zoom_panel_init":"Original size","cat_name":"Category","product_family":"Product family","back_to_top":"Back to top","zoom_panel_out":"Zoom out","specs":"Specs","eu_product_fiche":"EU Product Fiche","reviews_head_name":"Reviews","pdf_specs":"Product Brochure","zoom_panel_in":"Zoom in","html_content":"","release_date":"Release date","demo_msg_part1":"You are using now a Demo account. Please, use your own Icecat account","demo_insert_desc":"This is a demo of a seamless insert of an Icecat LIVE product data-sheet in your website. Imagine that this responsive data-sheet is included in the product page of your webshop.","pdf_url":"User manual","prod_code":"Product code","supplier_name":"Brand","video":"Video","reasons_to_buy":"Reasons to buy","marketing_text":"Description","options_head_name":"Options","product_series":"Product series","demo_msg_part2":"your Icecat login name","link_integrate_desk":"How to integrate Icecat LIVE JavaScript.","zoom_panel_dragg":"Mouse dragging","eu_energy_label":"EU Energy Label"},"DemoAccount":false}}