{"msg":"OK","data":{"GeneralInfo":{"IcecatId":134704158,"ReleaseDate":"","EndOfLifeDate":"","Title":"Snickers Workwear V-Neck T-Shirt","TitleInfo":{"GeneratedIntTitle":"Snickers Workwear 2512","GeneratedLocalTitle":{"Value":"Snickers Workwear 2512 Cotton, Viscose","Language":"EN"},"BrandLocalTitle":{"Value":"Snickers Workwear V-Neck T-Shirt","Language":"EN"}},"Brand":"Snickers Workwear","BrandID":"23796","BrandLogo":"","BrandInfo":{"BrandName":"Snickers Workwear","BrandLocalName":"","BrandLogo":""},"ProductName":"V-Neck T-Shirt","ProductNameInfo":{"ProductIntName":"2512","ProductLocalName":{"Value":"V-Neck T-Shirt","Language":"EN"}},"BrandPartCode":"25122800006","GTIN":[],"Category":{"CategoryID":"3504","Name":{"Value":"Shirts & Tops","Language":"EN"}},"ProductFamily":{},"ProductSeries":{"SeriesID":"0"},"Description":{"ID":"104046459","LongDesc":"Classic V-neck t-shirt that offers great comfort and plenty of space for profiling. Made for everyday use.<br><br>Everyday V-neck t-shirt made of a soft cotton fabric for optimal comfort. Reinforced seams at the shoulder and back of neck ensure durability while Lycra in the ribbed neck offers enhanced shape retention. In addition, the solid t-shirt comes with plenty of space for profiling.","LongProductName":"V-Neck T-Shirt, Grey Melange, L","MiddleDesc":"","Disclaimer":"","ManualPDFURL":"","ManualPDFSize":"0","LeafletPDFURL":"","PDFSize":"0","URL":"https://www.snickersworkwear.com/products/topwear/t-shirts/210167","WarrantyInfo":"","Updated":"2025-09-09 13:49:28","Language":"EN"},"SummaryDescription":{"ShortSummaryDescription":"Snickers Workwear V-Neck T-Shirt, T-shirt, Adult, Male, Grey, Monochromatic, No pattern","LongSummaryDescription":"Snickers Workwear V-Neck T-Shirt. Shirt/top type: T-shirt, Consumer life stage: Adult, Gender: Male. Material: Cotton, Viscose, Material description (name, %): 95% cotton, 5% viscose, Fabric weight: 160 g/m². Quantity per pack: 1 pc(s). Bleaching instruction: Do not bleach, Drying instruction: Do not tumble dry, Ironing instruction: Iron at moderate temperature. Sustainability certificates: STANDARD 100 by OEKO-TEX"},"BulletPoints":{"BulletPointsId":"13610373","Language":"EN","Values":["Reinforced seams","Lycra ribbed neck","Printed neck label"],"Updated":"2025-09-09 13:46:56"},"GeneratedBulletPoints":{"Language":"EN","Values":["T-shirt Male Grey","Adult","Regular fit","Cotton, Viscose"]},"GTINs":[]},"Image":{"HighPic":"https://inishop.com/img/gallery/1370aa781eee25f8ff38c754403eff6231099816.jpg","HighPicSize":"129750","HighPicHeight":"672","HighPicWidth":"599","LowPic":"https://inishop.com/img/gallery_lows/816fd05a7dd412a794a138f452f1e5578c8085c9.jpg","LowPicSize":"13641","LowPicHeight":"200","LowPicWidth":"178","Pic500x500":"https://inishop.com/img/gallery_mediums/75c0003ea4e321f44e5ba0765debe3901f4d4893.jpg","Pic500x500Size":"76254","Pic500x500Height":"500","Pic500x500Width":"446","ThumbPic":"https://inishop.com/img/gallery_thumbs/4545837d69c653f8afc4a2012fd59f3efac619e3.jpg","ThumbPicSize":"2871"},"Multimedia":[],"Gallery":[{"ID":"117111579","LowPic":"https://inishop.com/img/gallery_lows/816fd05a7dd412a794a138f452f1e5578c8085c9.jpg","LowSize":"13641","LowHeight":"200","LowWidth":"178","ThumbPic":"https://inishop.com/img/gallery_thumbs/4545837d69c653f8afc4a2012fd59f3efac619e3.jpg","ThumbPicSize":"2871","Pic":"https://inishop.com/img/gallery/1370aa781eee25f8ff38c754403eff6231099816.jpg","Size":"129750","PicHeight":"672","PicWidth":"599","Pic500x500":"https://inishop.com/img/gallery_mediums/75c0003ea4e321f44e5ba0765debe3901f4d4893.jpg","Pic500x500Size":"76254","Pic500x500Height":"500","Pic500x500Width":"446","No":"1","IsMain":"Y","Updated":"2025-09-09 13:49:02","IsPrivate":"0","Type":"ProductImage","Attributes":{"OriginalFileName":""}},{"ID":"117111584","LowPic":"https://inishop.com/img/gallery_lows/aa16096447359b4ee2d48d6f7993031962e7f161.jpg","LowSize":"12467","LowHeight":"200","LowWidth":"171","ThumbPic":"https://inishop.com/img/gallery_thumbs/5e950d27944299a1311bce2377ec781d2afd067d.jpg","ThumbPicSize":"2440","Pic":"https://inishop.com/img/gallery/20ac10ad5cd7751f00b5279695bf3d66d079241a.jpg","Size":"116743","PicHeight":"674","PicWidth":"577","Pic500x500":"https://inishop.com/img/gallery_mediums/0050c8e0a6293e9a557a64a309e807203bb5f42b.jpg","Pic500x500Size":"71077","Pic500x500Height":"500","Pic500x500Width":"428","No":"2","IsMain":"N","Updated":"2025-09-09 13:49:05","IsPrivate":"0","Type":"ProductImage","Attributes":{"OriginalFileName":""}},{"ID":"117111585","LowPic":"https://inishop.com/img/gallery_lows/5552e0e30f6d4c94b5286578bd6a74f76f10f950.jpg","LowSize":"8202","LowHeight":"200","LowWidth":"83","ThumbPic":"https://inishop.com/img/gallery_thumbs/e144fc8fa4a002eeee64bd4fcbd2f5baaa0f8a14.jpg","ThumbPicSize":"1904","Pic":"https://inishop.com/img/gallery/73025f49539afa2879410232268fdaf248f253b6.jpg","Size":"76179","PicHeight":"667","PicWidth":"278","Pic500x500":"https://inishop.com/img/gallery_mediums/8d6e374deb2b61791dfcdf28a71d1f6365c25fee.jpg","Pic500x500Size":"43717","Pic500x500Height":"500","Pic500x500Width":"208","No":"3","IsMain":"N","Updated":"2025-09-09 13:49:09","IsPrivate":"0","Type":"ProductImage","Attributes":{"OriginalFileName":""}},{"ID":"117111588","LowPic":"https://inishop.com/img/gallery_lows/1dcb6be07f4abd92a64871d22e3d4ec34a8302a3.jpg","LowSize":"7884","LowHeight":"200","LowWidth":"86","ThumbPic":"https://inishop.com/img/gallery_thumbs/ac7e07dfb12a5eecdca6d60f41817fa666a31be5.jpg","ThumbPicSize":"1809","Pic":"https://inishop.com/img/gallery/1789cfed810fc8231b43373ebc3196274a068331.jpg","Size":"76533","PicHeight":"669","PicWidth":"287","Pic500x500":"https://inishop.com/img/gallery_mediums/7d20f81cd049e7a39abf4c23f17f24cee9ea6542.jpg","Pic500x500Size":"43308","Pic500x500Height":"500","Pic500x500Width":"214","No":"4","IsMain":"N","Updated":"2025-09-09 13:49:12","IsPrivate":"0","Type":"ProductImage","Attributes":{"OriginalFileName":""}}],"FeaturesGroups":[{"ID":13510,"SortNo":"50","FeatureGroup":{"ID":"185","Name":{"Value":"Features","Language":"EN"}},"Features":[{"Localized":0,"ID":835271902,"LocalID":0,"Type":"dropdown","Value":"Monochromatic","CategoryFeatureId":"189646","CategoryFeatureGroupID":"13510","SortNo":"10000986","PresentationValue":"Monochromatic","RawValue":"Monochromatic","LocalValue":"Monochromatic","Description":"","Mandatory":"0","Searchable":"0","Optional":"0","Feature":{"ID":"21118","Sign":"","Measure":{"ID":"29","Sign":"","Signs":{"ID":"","_":"","Language":"EN"}},"Name":{"Value":"Coloration","Language":"EN"}}},{"Localized":0,"ID":835271903,"LocalID":0,"Type":"dropdown","Value":"No pattern","CategoryFeatureId":"261611","CategoryFeatureGroupID":"13510","SortNo":"10000985","PresentationValue":"No pattern","RawValue":"No pattern","LocalValue":"No pattern","Description":"","Mandatory":"0","Searchable":"0","Optional":"0","Feature":{"ID":"22615","Sign":"","Measure":{"ID":"29","Sign":"","Signs":{"ID":"","_":"","Language":"EN"}},"Name":{"Value":"Pattern","Language":"EN"}}},{"Localized":0,"ID":835271915,"LocalID":0,"Type":"alphanumeric","Value":"L","CategoryFeatureId":"947049","CategoryFeatureGroupID":"13510","SortNo":"1500","PresentationValue":"L","RawValue":"L","LocalValue":"L","Description":"","Mandatory":"0","Searchable":"0","Optional":"0","Feature":{"ID":"47512","Sign":"","Measure":{"ID":"29","Sign":"","Signs":{"ID":"","_":"","Language":"EN"}},"Name":{"Value":"Size (S/M/L)","Language":"EN"}}},{"Localized":0,"ID":835271906,"LocalID":0,"Type":"dropdown","Value":"T-shirt","CategoryFeatureId":"284565","CategoryFeatureGroupID":"13510","SortNo":"1000","PresentationValue":"T-shirt","RawValue":"T-shirt","LocalValue":"T-shirt","Description":"","Mandatory":"1","Searchable":"1","Optional":"0","Feature":{"ID":"37361","Sign":"","Measure":{"ID":"29","Sign":"","Signs":{"ID":"","_":"","Language":"EN"}},"Name":{"Value":"Shirt/top type","Language":"EN"}}},{"Localized":0,"ID":835271904,"LocalID":0,"Type":"dropdown","Value":"Adult","CategoryFeatureId":"261629","CategoryFeatureGroupID":"13510","SortNo":"999","PresentationValue":"Adult","RawValue":"Adult","LocalValue":"Adult","Description":"","Mandatory":"1","Searchable":"1","Optional":"0","Feature":{"ID":"36987","Sign":"","Measure":{"ID":"29","Sign":"","Signs":{"ID":"","_":"","Language":"EN"}},"Name":{"Value":"Consumer life stage","Language":"EN"}}},{"Localized":0,"ID":835271897,"LocalID":0,"Type":"dropdown","Value":"Male","CategoryFeatureId":"261607","CategoryFeatureGroupID":"13510","SortNo":"998","PresentationValue":"Male","RawValue":"Male","LocalValue":"Male","Description":"Gender (type) of a product.","Mandatory":"1","Searchable":"1","Optional":"0","Feature":{"ID":"3230","Sign":"","Measure":{"ID":"29","Sign":"","Signs":{"ID":"","_":"","Language":"EN"}},"Name":{"Value":"Gender","Language":"EN"}}},{"Localized":0,"ID":835271908,"LocalID":0,"Type":"multi_dropdown","Value":"Grey","CategoryFeatureId":"290356","CategoryFeatureGroupID":"13510","SortNo":"990","PresentationValue":"Grey","RawValue":"Grey","LocalValue":"Grey","Description":"","Mandatory":"1","Searchable":"1","Optional":"0","Feature":{"ID":"37466","Sign":"","Measure":{"ID":"29","Sign":"","Signs":{"ID":"","_":"","Language":"EN"}},"Name":{"Value":"Product main colour","Language":"EN"}}},{"Localized":0,"ID":835278089,"LocalID":0,"Type":"dropdown","Value":"Regular fit","CategoryFeatureId":"192099","CategoryFeatureGroupID":"13510","SortNo":"800","PresentationValue":"Regular fit","RawValue":"Regular fit","LocalValue":"Regular fit","Description":"","Mandatory":"0","Searchable":"0","Optional":"0","Feature":{"ID":"20480","Sign":"","Measure":{"ID":"29","Sign":"","Signs":{"ID":"","_":"","Language":"EN"}},"Name":{"Value":"Fit type","Language":"EN"}}},{"Localized":0,"ID":835271905,"LocalID":0,"Type":"y_n","Value":"N","CategoryFeatureId":"270616","CategoryFeatureGroupID":"13510","SortNo":"523","PresentationValue":"No","RawValue":"N","LocalValue":"No","Description":"","Mandatory":"0","Searchable":"0","Optional":"0","Feature":{"ID":"37145","Sign":"","Measure":{"ID":"26","Sign":"","Signs":{"ID":"","_":"","Language":"EN"}},"Name":{"Value":"Seamless","Language":"EN"}}},{"Localized":0,"ID":835271900,"LocalID":0,"Type":"y_n","Value":"N","CategoryFeatureId":"189652","CategoryFeatureGroupID":"13510","SortNo":"500","PresentationValue":"No","RawValue":"N","LocalValue":"No","Description":"","Mandatory":"0","Searchable":"0","Optional":"0","Feature":{"ID":"18527","Sign":"","Measure":{"ID":"26","Sign":"","Signs":{"ID":"","_":"","Language":"EN"}},"Name":{"Value":"Pocket","Language":"EN"}}},{"Localized":0,"ID":835271899,"LocalID":0,"Type":"multi_dropdown","Value":"No closure","CategoryFeatureId":"270614","CategoryFeatureGroupID":"13510","SortNo":"300","PresentationValue":"No closure","RawValue":"No closure","LocalValue":"No closure","Description":"","Mandatory":"0","Searchable":"0","Optional":"0","Feature":{"ID":"11051","Sign":"","Measure":{"ID":"29","Sign":"","Signs":{"ID":"","_":"","Language":"EN"}},"Name":{"Value":"Closure type","Language":"EN"}}}]},{"ID":22992,"SortNo":"40","FeatureGroup":{"ID":"119","Name":{"Value":"Material","Language":"EN"}},"Features":[{"Localized":0,"ID":835271896,"LocalID":0,"Type":"dropdown","Value":"Cotton,Viscose","CategoryFeatureId":"214279","CategoryFeatureGroupID":"22992","SortNo":"555","PresentationValue":"Cotton, Viscose","RawValue":"Cotton,Viscose","LocalValue":"Cotton, Viscose","Description":"The material from which a thing is or can be made e.g. wood, plastic.","Mandatory":"1","Searchable":"1","Optional":"0","Feature":{"ID":"898","Sign":"","Measure":{"ID":"29","Sign":"","Signs":{"ID":"","_":"","Language":"EN"}},"Name":{"Value":"Material","Language":"EN"}}},{"Localized":0,"ID":835271907,"LocalID":0,"Type":"text","Value":"95% cotton, 5% viscose","CategoryFeatureId":"291207","CategoryFeatureGroupID":"22992","SortNo":"550","PresentationValue":"95% cotton, 5% viscose","RawValue":"95% cotton, 5% viscose","LocalValue":"95% cotton, 5% viscose","Description":"","Mandatory":"0","Searchable":"0","Optional":"0","Feature":{"ID":"37462","Sign":"","Measure":{"ID":"29","Sign":"","Signs":{"ID":"","_":"","Language":"EN"}},"Name":{"Value":"Material description (name, %)","Language":"EN"}}},{"Localized":0,"ID":835278363,"LocalID":0,"Type":"numerical","Value":"160","CategoryFeatureId":"192098","CategoryFeatureGroupID":"22992","SortNo":"520","PresentationValue":"160 g/m²","RawValue":"160","LocalValue":"160","Description":"","Mandatory":"0","Searchable":"0","Optional":"0","Feature":{"ID":"13243","Sign":"","Measure":{"ID":"156","Sign":"","Signs":{"ID":"2898","_":"g/m²","Language":"EN"}},"Name":{"Value":"Fabric weight","Language":"EN"}}}]},{"ID":31108,"SortNo":"5","FeatureGroup":{"ID":"67","Name":{"Value":"Packaging data","Language":"EN"}},"Features":[{"Localized":0,"ID":835271901,"LocalID":0,"Type":"numerical","Value":"1","CategoryFeatureId":"270671","CategoryFeatureGroupID":"31108","SortNo":"15","PresentationValue":"1 pc(s)","RawValue":"1","LocalValue":"1","Description":"","Mandatory":"0","Searchable":"0","Optional":"0","Feature":{"ID":"20228","Sign":"","Measure":{"ID":"144","Sign":"","Signs":{"ID":"125","_":"pc(s)","Language":"EN"}},"Name":{"Value":"Quantity per pack","Language":"EN"}}}]},{"ID":71632,"SortNo":"0","FeatureGroup":{"ID":"270","Name":{"Value":"Care information","Language":"EN"}},"Features":[{"Localized":0,"ID":835271898,"LocalID":0,"Type":"y_n","Value":"Y","CategoryFeatureId":"289864","CategoryFeatureGroupID":"71632","SortNo":"16","PresentationValue":"Yes","RawValue":"Y","LocalValue":"Yes","Description":"The product can be washed in the washing machine without being damaged.","Mandatory":"0","Searchable":"0","Optional":"0","Feature":{"ID":"5516","Sign":"","Measure":{"ID":"26","Sign":"","Signs":{"ID":"","_":"","Language":"EN"}},"Name":{"Value":"Washable","Language":"EN"}}},{"Localized":0,"ID":835271910,"LocalID":0,"Type":"dropdown","Value":"Do not bleach","CategoryFeatureId":"685855","CategoryFeatureGroupID":"71632","SortNo":"-20","PresentationValue":"Do not bleach","RawValue":"Do not bleach","LocalValue":"Do not bleach","Description":"","Mandatory":"0","Searchable":"0","Optional":"0","Feature":{"ID":"42573","Sign":"","Measure":{"ID":"29","Sign":"","Signs":{"ID":"","_":"","Language":"EN"}},"Name":{"Value":"Bleaching instruction","Language":"EN"}}},{"Localized":0,"ID":835271911,"LocalID":0,"Type":"dropdown","Value":"Do not tumble dry","CategoryFeatureId":"685856","CategoryFeatureGroupID":"71632","SortNo":"-21","PresentationValue":"Do not tumble dry","RawValue":"Do not tumble dry","LocalValue":"Do not tumble dry","Description":"","Mandatory":"0","Searchable":"0","Optional":"0","Feature":{"ID":"42574","Sign":"","Measure":{"ID":"29","Sign":"","Signs":{"ID":"","_":"","Language":"EN"}},"Name":{"Value":"Drying instruction","Language":"EN"}}},{"Localized":0,"ID":835271912,"LocalID":0,"Type":"dropdown","Value":"Iron at moderate temperature","CategoryFeatureId":"685857","CategoryFeatureGroupID":"71632","SortNo":"-22","PresentationValue":"Iron at moderate temperature","RawValue":"Iron at moderate temperature","LocalValue":"Iron at moderate temperature","Description":"","Mandatory":"0","Searchable":"0","Optional":"0","Feature":{"ID":"42575","Sign":"","Measure":{"ID":"29","Sign":"","Signs":{"ID":"","_":"","Language":"EN"}},"Name":{"Value":"Ironing instruction","Language":"EN"}}},{"Localized":0,"ID":835271913,"LocalID":0,"Type":"dropdown","Value":"Dry-cleaning (any solvent)","CategoryFeatureId":"685858","CategoryFeatureGroupID":"71632","SortNo":"-23","PresentationValue":"Dry-cleaning (any solvent)","RawValue":"Dry-cleaning (any solvent)","LocalValue":"Dry-cleaning (any solvent)","Description":"","Mandatory":"0","Searchable":"0","Optional":"0","Feature":{"ID":"42577","Sign":"","Measure":{"ID":"29","Sign":"","Signs":{"ID":"","_":"","Language":"EN"}},"Name":{"Value":"Professional care instruction","Language":"EN"}}},{"Localized":0,"ID":835271914,"LocalID":0,"Type":"dropdown","Value":"Normal wash (60°C)","CategoryFeatureId":"685859","CategoryFeatureGroupID":"71632","SortNo":"-24","PresentationValue":"Normal wash (60°C)","RawValue":"Normal wash (60°C)","LocalValue":"Normal wash (60°C)","Description":"","Mandatory":"0","Searchable":"0","Optional":"0","Feature":{"ID":"42578","Sign":"","Measure":{"ID":"29","Sign":"","Signs":{"ID":"","_":"","Language":"EN"}},"Name":{"Value":"Washing instruction","Language":"EN"}}}]},{"ID":78550,"SortNo":"0","FeatureGroup":{"ID":"279","Name":{"Value":"Sustainability","Language":"EN"}},"Features":[{"Localized":0,"ID":835271909,"LocalID":0,"Type":"multi_dropdown","Value":"STANDARD 100 by OEKO-TEX","CategoryFeatureId":"604986","CategoryFeatureGroupID":"78550","SortNo":"0","PresentationValue":"STANDARD 100 by OEKO-TEX","RawValue":"STANDARD 100 by OEKO-TEX","LocalValue":"STANDARD 100 by OEKO-TEX","Description":"","Mandatory":"0","Searchable":"0","Optional":"0","Feature":{"ID":"42513","Sign":"","Measure":{"ID":"29","Sign":"","Signs":{"ID":"","_":"","Language":"EN"}},"Name":{"Value":"Sustainability certificates","Language":"EN"}}}]}],"FeatureLogos":[{"LogoPic":"https://inishop.com/img/feature_logo/564-1253.png","Width":"300","Height":"157","Size":"0","ThumbPic":"https://inishop.com/img/feature_logo_thumbs/564-1253.png","FeatureID":"42513","Value":"STANDARD 100 by OEKO-TEX","KeyLogo":0,"Description":{"Value":"If a textile article carries the STANDARD 100 label, you can be certain that every component of this article, i.e. every thread, button and other accessories, has been tested for harmful substances and that the article therefore is harmless for human health.","Language":"EN"}}],"ReasonsToBuy":[],"Reviews":[],"ProductRelated":[],"CatalogObjectCloud":{},"Variants":[],"ProductStory":[],"Dictionary":{"model_name":"Product name","desc":"Description","ean_code":"EAN/UPC code","flash360":"3D tour","demo_msg_part3":"If you don't have an Icecat account, please register here for free.","repairability_index":"Repairability index","zoom_panel_init":"Original size","cat_name":"Category","product_family":"Product family","back_to_top":"Back to top","zoom_panel_out":"Zoom out","specs":"Specs","eu_product_fiche":"EU Product Fiche","reviews_head_name":"Reviews","pdf_specs":"Product Brochure","zoom_panel_in":"Zoom in","html_content":"","release_date":"Release date","demo_msg_part1":"You are using now a Demo account. Please, use your own Icecat account","demo_insert_desc":"This is a demo of a seamless insert of an Icecat LIVE product data-sheet in your website. Imagine that this responsive data-sheet is included in the product page of your webshop.","pdf_url":"User manual","prod_code":"Product code","supplier_name":"Brand","video":"Video","reasons_to_buy":"Reasons to buy","marketing_text":"Description","options_head_name":"Options","product_series":"Product series","demo_msg_part2":"your Icecat login name","link_integrate_desk":"How to integrate Icecat LIVE JavaScript.","zoom_panel_dragg":"Mouse dragging","eu_energy_label":"EU Energy Label"},"DemoAccount":false}}