{"msg":"OK","data":{"GeneralInfo":{"IcecatId":134704542,"ReleaseDate":"","EndOfLifeDate":"","Title":"Vicks DayQuil Cough DM + Congestion Maximum Strength Daytime Relief Liquid","TitleInfo":{"GeneratedIntTitle":"Vicks DayQuil cough medicine","GeneratedLocalTitle":{"Value":"Vicks DayQuil cough medicine 354 ml Internal use Syrup","Language":"EN"},"BrandLocalTitle":{"Value":"Vicks DayQuil Cough DM + Congestion Maximum Strength Daytime Relief Liquid","Language":"EN"}},"Brand":"Vicks","BrandID":"1366","BrandLogo":"","BrandInfo":{"BrandName":"Vicks","BrandLocalName":"","BrandLogo":""},"ProductName":"DayQuil Cough DM + Congestion Maximum Strength Daytime Relief Liquid","ProductNameInfo":{"ProductIntName":"DayQuil","ProductLocalName":{"Value":"DayQuil Cough DM + Congestion Maximum Strength Daytime Relief Liquid","Language":"EN"}},"BrandPartCode":"323900041226","GTIN":["0323900041226","323900041226"],"Category":{"CategoryID":"5044","Name":{"Value":"Cough Medicines","Language":"EN"}},"ProductFamily":{},"ProductSeries":{"SeriesID":"1"},"Description":{"ID":"104053041","LongDesc":"Have a bothersome cough? Don’t let constant coughing interrupt your day.Vicks DayQuil Cough DM + Congestion provides fast, powerful, maximum strength relief for your worst cough symptoms. Vicks DayQuil Cough DM + Congestion is a non-drowsy daytime medicine that coats and soothes your throat and is specially formulated to relieve cough, chest congestion, nasal congestion, and thin and loosen mucus so you can power through your day. Vicks DayQuil is the #1 pharmacist recommended nighttime cough, cold & flu brand","LongProductName":"Cough DM + Congestion Maximum Strength Daytime Relief Liquid","MiddleDesc":"","Disclaimer":"","ManualPDFURL":"","ManualPDFSize":"0","LeafletPDFURL":"","PDFSize":"0","URL":"https://vicks.com/en-us/shop-products/dayquil/dayquil-cough-dm-congestion-relief-liquid","WarrantyInfo":"","Updated":"2025-09-09 16:03:09","Language":"EN"},"SummaryDescription":{"ShortSummaryDescription":"Vicks DayQuil Cough DM + Congestion Maximum Strength Daytime Relief Liquid, Internal use, Syrup, 354 ml, Bottle, Active ingredients per 30 mL dose for Adults are Dextromethorphan HBr 20 mg (cough suppressant),..., Take only as directed. Use only the dose cup provided. Do not exceed 4 doses per 24 hours.","LongSummaryDescription":"Vicks DayQuil Cough DM + Congestion Maximum Strength Daytime Relief Liquid. Proper use: Internal use, Dosage form: Syrup, Volume: 354 ml"},"BulletPoints":{"BulletPointsId":"13610811","Language":"EN","Values":["MAXIMUM STRENGTH COUGH AND CONGESTION RELIEF. Controls cough, thins and loosens mucus, and helps relieve chest congestion","COATS AND SOOTHES. DayQuil Cough DM is specially formulated to coat & soothe your throat","FEEL BETTER FAST. DayQuil Cough DM fights your worst cough and congestion so you can power through your day.","POWER THROUGH YOUR WORST COUGH SYMPTOMS. Life doesn’t stop when you have a cough. DayQuil Cough DM+ starts working fast to provide effective cough relief","WORLD'S #1 SELLING OTC COUGH AND COLD BRAND†. Vicks has been trusted for over 125 years to relieve your worst cold & flu symptoms."],"Updated":"2025-09-09 16:03:09"},"GeneratedBulletPoints":{},"GTINs":[{"GTIN":"0323900041226","IsApproved":true},{"GTIN":"323900041226","IsApproved":true}]},"Image":{"HighPic":"https://inishop.com/img/gallery/66e9bce2099bb7e9733681ffcf84bb0a6b05d518.jpg","HighPicSize":"172665","HighPicHeight":"840","HighPicWidth":"840","LowPic":"https://inishop.com/img/gallery_lows/ab6c18dc84f693f0f7629fb671c0c85ffe138763.jpg","LowPicSize":"19485","LowPicHeight":"200","LowPicWidth":"200","Pic500x500":"https://inishop.com/img/gallery_mediums/49605eaefd523767df2ec2260f4917fd8df21a4d.jpg","Pic500x500Size":"80723","Pic500x500Height":"500","Pic500x500Width":"500","ThumbPic":"https://inishop.com/img/gallery_thumbs/c95d12f69c83b6169a45846327827099ac3bd60b.jpg","ThumbPicSize":"4440"},"Multimedia":[],"Gallery":[{"ID":"117114962","LowPic":"https://inishop.com/img/gallery_lows/ab6c18dc84f693f0f7629fb671c0c85ffe138763.jpg","LowSize":"19485","LowHeight":"200","LowWidth":"200","ThumbPic":"https://inishop.com/img/gallery_thumbs/c95d12f69c83b6169a45846327827099ac3bd60b.jpg","ThumbPicSize":"4440","Pic":"https://inishop.com/img/gallery/66e9bce2099bb7e9733681ffcf84bb0a6b05d518.jpg","Size":"172665","PicHeight":"840","PicWidth":"840","Pic500x500":"https://inishop.com/img/gallery_mediums/49605eaefd523767df2ec2260f4917fd8df21a4d.jpg","Pic500x500Size":"80723","Pic500x500Height":"500","Pic500x500Width":"500","No":"1","IsMain":"Y","Updated":"2025-09-09 16:02:45","IsPrivate":"0","Type":"ProductImage","Attributes":{"OriginalFileName":""}},{"ID":"117114963","LowPic":"https://inishop.com/img/gallery_lows/e78ddad6818891d925cbd68554b1f4369027da09.jpg","LowSize":"18427","LowHeight":"200","LowWidth":"200","ThumbPic":"https://inishop.com/img/gallery_thumbs/2d61d0a3779520c15e7159f2c919e0cfdc62690c.jpg","ThumbPicSize":"4353","Pic":"https://inishop.com/img/gallery/30b63398a4c4db959311de6d831738092c9e8771.jpg","Size":"160950","PicHeight":"840","PicWidth":"840","Pic500x500":"https://inishop.com/img/gallery_mediums/d9be3d600466a589b6ae8da9e4d16f7e62f2cd79.jpg","Pic500x500Size":"73407","Pic500x500Height":"500","Pic500x500Width":"500","No":"2","IsMain":"N","Updated":"2025-09-09 16:02:46","IsPrivate":"0","Type":"ProductImage","Attributes":{"OriginalFileName":""}},{"ID":"117114964","LowPic":"https://inishop.com/img/gallery_lows/3da41636f1053b26e9f35c20eb9c9882f287b1f6.jpg","LowSize":"18695","LowHeight":"200","LowWidth":"200","ThumbPic":"https://inishop.com/img/gallery_thumbs/e6efa7597bdb8c8d720a39fd339fb0b3f2e81f34.jpg","ThumbPicSize":"4337","Pic":"https://inishop.com/img/gallery/70d2e7310fbebb319c61efd086d9f16bdb31bef3.jpg","Size":"164863","PicHeight":"840","PicWidth":"840","Pic500x500":"https://inishop.com/img/gallery_mediums/74f7f2d456f915a9015602ced9e43e2429aba1f6.jpg","Pic500x500Size":"74980","Pic500x500Height":"500","Pic500x500Width":"500","No":"3","IsMain":"N","Updated":"2025-09-09 16:02:47","IsPrivate":"0","Type":"ProductImage","Attributes":{"OriginalFileName":""}},{"ID":"117114965","LowPic":"https://inishop.com/img/gallery_lows/508e96dd127cf671a28e89057dec8525fd7aeb8c.jpg","LowSize":"17648","LowHeight":"200","LowWidth":"200","ThumbPic":"https://inishop.com/img/gallery_thumbs/370fe9671c6586ed422ea2b777616620365d1999.jpg","ThumbPicSize":"4363","Pic":"https://inishop.com/img/gallery/db4a59d0e5632ee587c9f445d9ed8373280caf44.jpg","Size":"163498","PicHeight":"840","PicWidth":"840","Pic500x500":"https://inishop.com/img/gallery_mediums/cae2897b8f5d7b29ed55ff4fd5a9edebd749d825.jpg","Pic500x500Size":"72714","Pic500x500Height":"500","Pic500x500Width":"500","No":"4","IsMain":"N","Updated":"2025-09-09 16:02:48","IsPrivate":"0","Type":"ProductImage","Attributes":{"OriginalFileName":""}}],"FeaturesGroups":[{"ID":18224,"SortNo":"5","FeatureGroup":{"ID":"185","Name":{"Value":"Features","Language":"EN"}},"Features":[{"Localized":0,"ID":835292702,"LocalID":0,"Type":"numerical","Value":"354","CategoryFeatureId":"167793","CategoryFeatureGroupID":"18224","SortNo":"250","PresentationValue":"354 ml","RawValue":"354","LocalValue":"354","Description":"The amount of space that a substance or object occupies or may contain.","Mandatory":"0","Searchable":"0","Optional":"0","Feature":{"ID":"5207","Sign":"","Measure":{"ID":"142","Sign":"","Signs":{"ID":"123","_":"ml","Language":"EN"}},"Name":{"Value":"Volume","Language":"EN"}}},{"Localized":0,"ID":835292770,"LocalID":0,"Type":"dropdown","Value":"Internal use","CategoryFeatureId":"167782","CategoryFeatureGroupID":"18224","SortNo":"100","PresentationValue":"Internal use","RawValue":"Internal use","LocalValue":"Internal use","Description":"The intended application of the product.","Mandatory":"1","Searchable":"1","Optional":"0","Feature":{"ID":"2987","Sign":"","Measure":{"ID":"29","Sign":"","Signs":{"ID":"","_":"","Language":"EN"}},"Name":{"Value":"Proper use","Language":"EN"}}},{"Localized":0,"ID":835292764,"LocalID":0,"Type":"dropdown","Value":"Syrup","CategoryFeatureId":"167783","CategoryFeatureGroupID":"18224","SortNo":"90","PresentationValue":"Syrup","RawValue":"Syrup","LocalValue":"Syrup","Description":"","Mandatory":"1","Searchable":"1","Optional":"0","Feature":{"ID":"25712","Sign":"","Measure":{"ID":"29","Sign":"","Signs":{"ID":"","_":"","Language":"EN"}},"Name":{"Value":"Dosage form","Language":"EN"}}},{"Localized":0,"ID":835292796,"LocalID":0,"Type":"dropdown","Value":"Bottle","CategoryFeatureId":"167792","CategoryFeatureGroupID":"18224","SortNo":"80","PresentationValue":"Bottle","RawValue":"Bottle","LocalValue":"Bottle","Description":"The type of container from which the product can be dispensed, e.g. bag, tube etc.","Mandatory":"0","Searchable":"0","Optional":"0","Feature":{"ID":"17965","Sign":"","Measure":{"ID":"29","Sign":"","Signs":{"ID":"","_":"","Language":"EN"}},"Name":{"Value":"Dispenser type","Language":"EN"}}},{"Localized":1,"ID":0,"LocalID":554061200,"Type":"textarea","Value":"","CategoryFeatureId":"167788","CategoryFeatureGroupID":"18224","SortNo":"-5","PresentationValue":"Active ingredients per 30 mL dose for Adults are Dextromethorphan HBr 20 mg (cough suppressant), Guaifenesin 400 mg (expectorant/thins and loosens mucus), and Phenylephrine HCI 10 mg (nasal decongestant).","RawValue":"","LocalValue":"Active ingredients per 30 mL dose for Adults are Dextromethorphan HBr 20 mg (cough suppressant), Guaifenesin 400 mg (expectorant/thins and loosens mucus), and Phenylephrine HCI 10 mg (nasal decongestant).","Description":"","Mandatory":"0","Searchable":"0","Optional":"0","Feature":{"ID":"16908","Sign":"","Measure":{"ID":"29","Sign":"","Signs":{"ID":"","_":"","Language":"EN"}},"Name":{"Value":"Ingredients","Language":"EN"}}},{"Localized":1,"ID":0,"LocalID":554061201,"Type":"textarea","Value":"","CategoryFeatureId":"167790","CategoryFeatureGroupID":"18224","SortNo":"-15","PresentationValue":"Take only as directed. Use only the dose cup provided. Do not exceed 4 doses per 24 hours.","RawValue":"","LocalValue":"Take only as directed. Use only the dose cup provided. Do not exceed 4 doses per 24 hours.","Description":"","Mandatory":"0","Searchable":"0","Optional":"0","Feature":{"ID":"24555","Sign":"","Measure":{"ID":"29","Sign":"","Signs":{"ID":"","_":"","Language":"EN"}},"Name":{"Value":"How to use","Language":"EN"}}}]}],"FeatureLogos":[],"ReasonsToBuy":[],"Reviews":[],"ProductRelated":[],"CatalogObjectCloud":{},"Variants":[],"ProductStory":[],"Dictionary":{"model_name":"Product name","desc":"Description","ean_code":"EAN/UPC code","flash360":"3D tour","demo_msg_part3":"If you don't have an Icecat account, please register here for free.","repairability_index":"Repairability index","zoom_panel_init":"Original size","cat_name":"Category","product_family":"Product family","back_to_top":"Back to top","zoom_panel_out":"Zoom out","specs":"Specs","eu_product_fiche":"EU Product Fiche","reviews_head_name":"Reviews","pdf_specs":"Product Brochure","zoom_panel_in":"Zoom in","html_content":"","release_date":"Release date","demo_msg_part1":"You are using now a Demo account. Please, use your own Icecat account","demo_insert_desc":"This is a demo of a seamless insert of an Icecat LIVE product data-sheet in your website. Imagine that this responsive data-sheet is included in the product page of your webshop.","pdf_url":"User manual","prod_code":"Product code","supplier_name":"Brand","video":"Video","reasons_to_buy":"Reasons to buy","marketing_text":"Description","options_head_name":"Options","product_series":"Product series","demo_msg_part2":"your Icecat login name","link_integrate_desk":"How to integrate Icecat LIVE JavaScript.","zoom_panel_dragg":"Mouse dragging","eu_energy_label":"EU Energy Label"},"DemoAccount":false}}