{"msg":"OK","data":{"GeneralInfo":{"IcecatId":69721046,"ReleaseDate":"","EndOfLifeDate":"","Title":"L’Oréal Paris Glow Paradise Balm-in-Lipstick 642 Beige Eden","TitleInfo":{"GeneratedIntTitle":"L’Oréal Paris Glow Paradise Balm-in-Lipstick","GeneratedLocalTitle":{"Value":"L’Oréal Paris Glow Paradise Balm-in-Lipstick Shine","Language":"EN"},"BrandLocalTitle":{"Value":"L’Oréal Paris Glow Paradise Balm-in-Lipstick 642 Beige Eden","Language":"EN"}},"Brand":"L’Oréal Paris","BrandID":"9836","BrandLogo":"https://inishop.com/img/brand/thumb/9836_9cd51aa6c77b460788354803eb39d789.jpg","BrandInfo":{"BrandName":"L’Oréal Paris","BrandLocalName":"","BrandLogo":"https://inishop.com/img/brand/thumb/9836_9cd51aa6c77b460788354803eb39d789.jpg"},"ProductName":"Glow Paradise Balm-in-Lipstick 642 Beige Eden","ProductNameInfo":{"ProductIntName":"Glow Paradise Balm-in-Lipstick","ProductLocalName":{"Value":"Glow Paradise Balm-in-Lipstick 642 Beige Eden","Language":"EN"}},"BrandPartCode":"3600523465231","GTIN":["3600523465231"],"Category":{"CategoryID":"3005","Name":{"Value":"Lipsticks","Language":"EN"}},"ProductFamily":{},"ProductSeries":{"SeriesID":"1"},"Description":{"ID":"78955529","LongDesc":"Turn on your shine with new L'Oreal Paris Color Riche Shine Lipstick, for statement shine and saturated colour, which is as addictive to apply as it is to wear. <br><br>Turn on your shine with new L'Oreal Paris Color Riche Shine Lipstick, for statement shine and saturated colour, which is as addictive to apply as it is to wear. Enriched with vivid pigments, the lipstick is encased in our most enviable crystal-cut inspired packaging. Oil-infused formula for a high-shine look, smooth-glide application and hydrating feel.","LongProductName":"Glow Paradise Balm-in-Lipstick 642 Beige Eden","MiddleDesc":"","Disclaimer":"","ManualPDFURL":"","ManualPDFSize":"0","LeafletPDFURL":"","PDFSize":"0","URL":"https://www.loreal-paris.co.uk/color-riche/shine/lipstick-642-mlbb","WarrantyInfo":"","Updated":"2025-09-09 07:52:46","Language":"EN"},"SummaryDescription":{"ShortSummaryDescription":"L’Oréal Paris Glow Paradise Balm-in-Lipstick 642 Beige Eden, Nude, Beige Eden, 1 colours, Coloring, Hydrating, Moisturizing, Women, Shine","LongSummaryDescription":"L’Oréal Paris Glow Paradise Balm-in-Lipstick 642 Beige Eden. Colour group: Nude, Colour name: Beige Eden, Number of colours: 1 colours. Number of products included: 1 pc(s)"},"BulletPoints":{},"GeneratedBulletPoints":{"Language":"EN","Values":["Nude 642 1 colours","Finishing: Shine","Substance: Cream","Lipstick effect: Coloring, Hydrating, Moisturizing","Dermatologically tested"]},"GTINs":[{"GTIN":"3600523465231","IsApproved":true}]},"Image":{"HighPic":"https://inishop.com/img/gallery/0ac584de7195d770bc740a1edb177ae7e84018b8.jpg","HighPicSize":"175768","HighPicHeight":"1134","HighPicWidth":"350","LowPic":"https://inishop.com/img/gallery_lows/34057a9637dec4bdfc036835fa9adda22cbb751c.jpg","LowPicSize":"9563","LowPicHeight":"200","LowPicWidth":"62","Pic500x500":"https://inishop.com/img/gallery_mediums/1c2668d2d57690abcecb7cb2a245c12985898715.jpg","Pic500x500Size":"43994","Pic500x500Height":"500","Pic500x500Width":"154","ThumbPic":"https://inishop.com/img/gallery_thumbs/1a4b001b32eb7a9218ee68337aa030284c169afc.jpg","ThumbPicSize":"2692"},"Multimedia":[],"Gallery":[{"ID":"117094080","LowPic":"https://inishop.com/img/gallery_lows/34057a9637dec4bdfc036835fa9adda22cbb751c.jpg","LowSize":"9563","LowHeight":"200","LowWidth":"62","ThumbPic":"https://inishop.com/img/gallery_thumbs/1a4b001b32eb7a9218ee68337aa030284c169afc.jpg","ThumbPicSize":"2692","Pic":"https://inishop.com/img/gallery/0ac584de7195d770bc740a1edb177ae7e84018b8.jpg","Size":"175768","PicHeight":"1134","PicWidth":"350","Pic500x500":"https://inishop.com/img/gallery_mediums/1c2668d2d57690abcecb7cb2a245c12985898715.jpg","Pic500x500Size":"43994","Pic500x500Height":"500","Pic500x500Width":"154","No":"3","IsMain":"Y","Updated":"2025-09-09 07:53:39","IsPrivate":"0","Type":"ProductImage","Attributes":{"OriginalFileName":""}},{"ID":"117094081","LowPic":"https://inishop.com/img/gallery_lows/b2e74a101f63b13c2dccd94efc8f28054c39a381.jpg","LowSize":"9295","LowHeight":"200","LowWidth":"200","ThumbPic":"https://inishop.com/img/gallery_thumbs/c863c48d23a12feffe9dd7d9d9f7e25711aca23f.jpg","ThumbPicSize":"2414","Pic":"https://inishop.com/img/gallery/e513b25b1f256b8f4f68cff3169d69a09249728d.jpg","Size":"31496","PicHeight":"500","PicWidth":"500","Pic500x500":"https://inishop.com/img/gallery_mediums/e513b25b1f256b8f4f68cff3169d69a09249728d.jpg","Pic500x500Size":"31496","Pic500x500Height":"500","Pic500x500Width":"500","No":"4","IsMain":"N","Updated":"2025-09-09 07:53:47","IsPrivate":"0","Type":"ProductImage","Attributes":{"OriginalFileName":""}},{"ID":"117094083","LowPic":"https://inishop.com/img/gallery_lows/31c932470f808e2452d02ace6e63f421b4d57233.jpg","LowSize":"11309","LowHeight":"200","LowWidth":"200","ThumbPic":"https://inishop.com/img/gallery_thumbs/6730219b0b3d4ffd01b846247af5aa23a97113f2.jpg","ThumbPicSize":"3375","Pic":"https://inishop.com/img/gallery/06405912849957a2e59187f185f300a0e39a7801.jpg","Size":"35250","PicHeight":"500","PicWidth":"500","Pic500x500":"https://inishop.com/img/gallery_mediums/06405912849957a2e59187f185f300a0e39a7801.jpg","Pic500x500Size":"35250","Pic500x500Height":"500","Pic500x500Width":"500","No":"5","IsMain":"N","Updated":"2025-09-09 07:53:56","IsPrivate":"0","Type":"ProductImage","Attributes":{"OriginalFileName":""}},{"ID":"117094082","LowPic":"https://inishop.com/img/gallery_lows/9ef7a025ed282cece8ec03bb4346cc7b30315613.jpg","LowSize":"37394","LowHeight":"200","LowWidth":"200","ThumbPic":"https://inishop.com/img/gallery_thumbs/0262ead25666a1fca7809e84d9d445a5929db288.jpg","ThumbPicSize":"8281","Pic":"https://inishop.com/img/gallery/37f36b60ad2ac58fc907811b2f2616fee35878fb.jpg","Size":"117694","PicHeight":"500","PicWidth":"500","Pic500x500":"https://inishop.com/img/gallery_mediums/37f36b60ad2ac58fc907811b2f2616fee35878fb.jpg","Pic500x500Size":"117694","Pic500x500Height":"500","Pic500x500Width":"500","No":"6","IsMain":"N","Updated":"2025-09-09 07:53:58","IsPrivate":"0","Type":"LifestyleImage","Attributes":{"OriginalFileName":""}}],"FeaturesGroups":[{"ID":12078,"SortNo":"100","FeatureGroup":{"ID":"185","Name":{"Value":"Features","Language":"EN"}},"Features":[{"Localized":0,"ID":409905479,"LocalID":0,"Type":"dropdown","Value":"Women","CategoryFeatureId":"145869","CategoryFeatureGroupID":"12078","SortNo":"10000095","PresentationValue":"Women","RawValue":"Women","LocalValue":"Women","Description":"Who can use the product, or what the product can be used for.","Mandatory":"0","Searchable":"0","Optional":"0","Feature":{"ID":"9202","Sign":"","Measure":{"ID":"29","Sign":"","Signs":{"ID":"","_":"","Language":"EN"}},"Name":{"Value":"Suitable for","Language":"EN"}}},{"Localized":0,"ID":409905480,"LocalID":0,"Type":"dropdown","Value":"Nude","CategoryFeatureId":"105224","CategoryFeatureGroupID":"12078","SortNo":"60","PresentationValue":"Nude","RawValue":"Nude","LocalValue":"Nude","Description":"The broader definiton of the colour spectrum of the product, e.g. black or auburn.","Mandatory":"1","Searchable":"1","Optional":"0","Feature":{"ID":"17357","Sign":"","Measure":{"ID":"29","Sign":"","Signs":{"ID":"","_":"","Language":"EN"}},"Name":{"Value":"Colour group","Language":"EN"}}},{"Localized":0,"ID":409905477,"LocalID":0,"Type":"alphanumeric","Value":"642","CategoryFeatureId":"105225","CategoryFeatureGroupID":"12078","SortNo":"49","PresentationValue":"642","RawValue":"642","LocalValue":"642","Description":"","Mandatory":"1","Searchable":"0","Optional":"0","Feature":{"ID":"17540","Sign":"","Measure":{"ID":"29","Sign":"","Signs":{"ID":"","_":"","Language":"EN"}},"Name":{"Value":"Colour code","Language":"EN"}}},{"Localized":0,"ID":409905478,"LocalID":0,"Type":"text","Value":"Beige Eden","CategoryFeatureId":"105226","CategoryFeatureGroupID":"12078","SortNo":"48","PresentationValue":"Beige Eden","RawValue":"Beige Eden","LocalValue":"Beige Eden","Description":"","Mandatory":"1","Searchable":"0","Optional":"0","Feature":{"ID":"17956","Sign":"","Measure":{"ID":"29","Sign":"","Signs":{"ID":"","_":"","Language":"EN"}},"Name":{"Value":"Colour name","Language":"EN"}}},{"Localized":0,"ID":409905481,"LocalID":0,"Type":"numerical","Value":"1","CategoryFeatureId":"145622","CategoryFeatureGroupID":"12078","SortNo":"45","PresentationValue":"1 colours","RawValue":"1","LocalValue":"1","Description":"","Mandatory":"1","Searchable":"0","Optional":"0","Feature":{"ID":"3530","Sign":"","Measure":{"ID":"375","Sign":"","Signs":{"ID":"30608","_":"colours","Language":"EN"}},"Name":{"Value":"Number of colours","Language":"EN"}}},{"Localized":0,"ID":409905482,"LocalID":0,"Type":"dropdown","Value":"Shine","CategoryFeatureId":"145871","CategoryFeatureGroupID":"12078","SortNo":"44","PresentationValue":"Shine","RawValue":"Shine","LocalValue":"Shine","Description":"","Mandatory":"0","Searchable":"0","Optional":"0","Feature":{"ID":"12230","Sign":"","Measure":{"ID":"29","Sign":"","Signs":{"ID":"","_":"","Language":"EN"}},"Name":{"Value":"Finishing","Language":"EN"}}},{"Localized":0,"ID":409905483,"LocalID":0,"Type":"dropdown","Value":"Bottle","CategoryFeatureId":"326729","CategoryFeatureGroupID":"12078","SortNo":"44","PresentationValue":"Bottle","RawValue":"Bottle","LocalValue":"Bottle","Description":"The type of container from which the product can be dispensed, e.g. bag, tube etc.","Mandatory":"0","Searchable":"0","Optional":"0","Feature":{"ID":"17965","Sign":"","Measure":{"ID":"29","Sign":"","Signs":{"ID":"","_":"","Language":"EN"}},"Name":{"Value":"Dispenser type","Language":"EN"}}},{"Localized":0,"ID":409905499,"LocalID":0,"Type":"dropdown","Value":"Cream","CategoryFeatureId":"161799","CategoryFeatureGroupID":"12078","SortNo":"40","PresentationValue":"Cream","RawValue":"Cream","LocalValue":"Cream","Description":"Type of substance, e.g. liquid.","Mandatory":"0","Searchable":"0","Optional":"0","Feature":{"ID":"5658","Sign":"","Measure":{"ID":"29","Sign":"","Signs":{"ID":"","_":"","Language":"EN"}},"Name":{"Value":"Substance","Language":"EN"}}},{"Localized":0,"ID":409905484,"LocalID":0,"Type":"multi_dropdown","Value":"Coloring,Hydrating,Moisturizing","CategoryFeatureId":"145874","CategoryFeatureGroupID":"12078","SortNo":"37","PresentationValue":"Coloring, Hydrating, Moisturizing","RawValue":"Coloring,Hydrating,Moisturizing","LocalValue":"Coloring, Hydrating, Moisturizing","Description":"","Mandatory":"1","Searchable":"0","Optional":"0","Feature":{"ID":"23716","Sign":"","Measure":{"ID":"29","Sign":"","Signs":{"ID":"","_":"","Language":"EN"}},"Name":{"Value":"Lipstick effect","Language":"EN"}}},{"Localized":0,"ID":409905486,"LocalID":0,"Type":"y_n","Value":"Y","CategoryFeatureId":"105235","CategoryFeatureGroupID":"12078","SortNo":"14","PresentationValue":"Yes","RawValue":"Y","LocalValue":"Yes","Description":"The product has been tested on skin.","Mandatory":"0","Searchable":"0","Optional":"0","Feature":{"ID":"11436","Sign":"","Measure":{"ID":"26","Sign":"","Signs":{"ID":"","_":"","Language":"EN"}},"Name":{"Value":"Dermatologically tested","Language":"EN"}}},{"Localized":0,"ID":835291378,"LocalID":0,"Type":"textarea","Value":"CANOLA OIL • SQUALANE • PENTAERYTHRITYL TETRAISOSTEARATE • BIS-BEHENYL/ISOSTEARYL/PHYTOSTERYL DIMER DILINOLEYL DIMER DILINOLEATE • HELIANTHUS ANNUUS SEED CERA / SUNFLOWER SEED WAX • CAPRYLIC/CAPRIC TRIGLYCERIDE • CANDELILLA CERA / CANDELILLA WAX / CIRE DE CANDELILLA • TOCOPHEROL • ALUMINA • SYNTHETIC FLUORPHLOGOPITE • CALCIUM ALUMINUM BOROSILICATE • GLYCINE SOJA OIL / SOYBEAN OIL • CALCIUM SODIUM BOROSILICATE • ALUMINUM HYDROXIDE • SILICA • CITRONELOL • MAGNESIUM SILICATE • LIMONENE • TIN OXIDE • PUNICA GRANATUM FRUIT EXTRACT • GERANIOL • BARIUM SULFATE • BENZYL ALCOHOL • COLOPHONIUM / ROSIN / COLOPHANE • LINALOL • CITRIC ACID • PARFUM / FRAGRANCE","CategoryFeatureId":"105238","CategoryFeatureGroupID":"12078","SortNo":"-80","PresentationValue":"CANOLA OIL • SQUALANE • PENTAERYTHRITYL TETRAISOSTEARATE • BIS-BEHENYL/ISOSTEARYL/PHYTOSTERYL DIMER DILINOLEYL DIMER DILINOLEATE • HELIANTHUS ANNUUS SEED CERA / SUNFLOWER SEED WAX • CAPRYLIC/CAPRIC TRIGLYCERIDE • CANDELILLA CERA / CANDELILLA WAX / CIRE DE CANDELILLA • TOCOPHEROL • ALUMINA • SYNTHETIC FLUORPHLOGOPITE • CALCIUM ALUMINUM BOROSILICATE • GLYCINE SOJA OIL / SOYBEAN OIL • CALCIUM SODIUM BOROSILICATE • ALUMINUM HYDROXIDE • SILICA • CITRONELOL • MAGNESIUM SILICATE • LIMONENE • TIN OXIDE • PUNICA GRANATUM FRUIT EXTRACT • GERANIOL • BARIUM SULFATE • BENZYL ALCOHOL • COLOPHONIUM / ROSIN / COLOPHANE • LINALOL • CITRIC ACID • PARFUM / FRAGRANCE","RawValue":"CANOLA OIL • SQUALANE • PENTAERYTHRITYL TETRAISOSTEARATE • BIS-BEHENYL/ISOSTEARYL/PHYTOSTERYL DIMER DILINOLEYL DIMER DILINOLEATE • HELIANTHUS ANNUUS SEED CERA / SUNFLOWER SEED WAX • CAPRYLIC/CAPRIC TRIGLYCERIDE • CANDELILLA CERA / CANDELILLA WAX / CIRE DE CANDELILLA • TOCOPHEROL • ALUMINA • SYNTHETIC FLUORPHLOGOPITE • CALCIUM ALUMINUM BOROSILICATE • GLYCINE SOJA OIL / SOYBEAN OIL • CALCIUM SODIUM BOROSILICATE • ALUMINUM HYDROXIDE • SILICA • CITRONELOL • MAGNESIUM SILICATE • LIMONENE • TIN OXIDE • PUNICA GRANATUM FRUIT EXTRACT • GERANIOL • BARIUM SULFATE • BENZYL ALCOHOL • COLOPHONIUM / ROSIN / COLOPHANE • LINALOL • CITRIC ACID • PARFUM / FRAGRANCE","LocalValue":"CANOLA OIL • SQUALANE • PENTAERYTHRITYL TETRAISOSTEARATE • BIS-BEHENYL/ISOSTEARYL/PHYTOSTERYL DIMER DILINOLEYL DIMER DILINOLEATE • HELIANTHUS ANNUUS SEED CERA / SUNFLOWER SEED WAX • CAPRYLIC/CAPRIC TRIGLYCERIDE • CANDELILLA CERA / CANDELILLA WAX / CIRE DE CANDELILLA • TOCOPHEROL • ALUMINA • SYNTHETIC FLUORPHLOGOPITE • CALCIUM ALUMINUM BOROSILICATE • GLYCINE SOJA OIL / SOYBEAN OIL • CALCIUM SODIUM BOROSILICATE • ALUMINUM HYDROXIDE • SILICA • CITRONELOL • MAGNESIUM SILICATE • LIMONENE • TIN OXIDE • PUNICA GRANATUM FRUIT EXTRACT • GERANIOL • BARIUM SULFATE • BENZYL ALCOHOL • COLOPHONIUM / ROSIN / COLOPHANE • LINALOL • CITRIC ACID • PARFUM / FRAGRANCE","Description":"","Mandatory":"0","Searchable":"0","Optional":"0","Feature":{"ID":"16908","Sign":"","Measure":{"ID":"29","Sign":"","Signs":{"ID":"","_":"","Language":"EN"}},"Name":{"Value":"Ingredients","Language":"EN"}}},{"Localized":1,"ID":0,"LocalID":545450680,"Type":"textarea","Value":"","CategoryFeatureId":"152452","CategoryFeatureGroupID":"12078","SortNo":"-150","PresentationValue":"Use Color Riche Couture Lip Liner to accentuate the shape of your lips, applying it on the edge for a naturally full look. Apply Color Riche Shine Lipstick from the cupid's bow to the corners of your lips.\n\nTake your shine to the next-level with our holographic lip topcoat - 905 #BAE - to create a completely customised lip look. Wear it on bare lips for a pure holographic finish, over lipstick or in the centre of lips as iridescent lip highlighter.","RawValue":"","LocalValue":"Use Color Riche Couture Lip Liner to accentuate the shape of your lips, applying it on the edge for a naturally full look. Apply Color Riche Shine Lipstick from the cupid's bow to the corners of your lips.\n\nTake your shine to the next-level with our holographic lip topcoat - 905 #BAE - to create a completely customised lip look. Wear it on bare lips for a pure holographic finish, over lipstick or in the centre of lips as iridescent lip highlighter.","Description":"","Mandatory":"0","Searchable":"0","Optional":"0","Feature":{"ID":"24555","Sign":"","Measure":{"ID":"29","Sign":"","Signs":{"ID":"","_":"","Language":"EN"}},"Name":{"Value":"How to use","Language":"EN"}}}]},{"ID":15807,"SortNo":"-30","FeatureGroup":{"ID":"116","Name":{"Value":"Packaging content","Language":"EN"}},"Features":[{"Localized":0,"ID":409905492,"LocalID":0,"Type":"numerical","Value":"1","CategoryFeatureId":"105233","CategoryFeatureGroupID":"15807","SortNo":"-150","PresentationValue":"1 pc(s)","RawValue":"1","LocalValue":"1","Description":"The number of products that are included in the package.","Mandatory":"1","Searchable":"0","Optional":"0","Feature":{"ID":"5456","Sign":"","Measure":{"ID":"144","Sign":"","Signs":{"ID":"125","_":"pc(s)","Language":"EN"}},"Name":{"Value":"Number of products included","Language":"EN"}}}]}],"FeatureLogos":[],"ReasonsToBuy":[],"Reviews":[],"ProductRelated":[],"CatalogObjectCloud":{},"Variants":[],"ProductStory":[],"Dictionary":{"model_name":"Product name","desc":"Description","ean_code":"EAN/UPC code","flash360":"3D tour","demo_msg_part3":"If you don't have an Icecat account, please register here for free.","repairability_index":"Repairability index","zoom_panel_init":"Original size","cat_name":"Category","product_family":"Product family","back_to_top":"Back to top","zoom_panel_out":"Zoom out","specs":"Specs","eu_product_fiche":"EU Product Fiche","reviews_head_name":"Reviews","pdf_specs":"Product Brochure","zoom_panel_in":"Zoom in","html_content":"","release_date":"Release date","demo_msg_part1":"You are using now a Demo account. Please, use your own Icecat account","demo_insert_desc":"This is a demo of a seamless insert of an Icecat LIVE product data-sheet in your website. Imagine that this responsive data-sheet is included in the product page of your webshop.","pdf_url":"User manual","prod_code":"Product code","supplier_name":"Brand","video":"Video","reasons_to_buy":"Reasons to buy","marketing_text":"Description","options_head_name":"Options","product_series":"Product series","demo_msg_part2":"your Icecat login name","link_integrate_desk":"How to integrate Icecat LIVE JavaScript.","zoom_panel_dragg":"Mouse dragging","eu_energy_label":"EU Energy Label"},"DemoAccount":false}}