{"msg":"OK","data":{"GeneralInfo":{"IcecatId":122180062,"ReleaseDate":"","EndOfLifeDate":"","Title":"Satisfyer Pro 2 Generation 2 Sucker vibrator Ambidextrous","TitleInfo":{"GeneratedIntTitle":"Satisfyer Pro 2 Generation 2","GeneratedLocalTitle":{"Value":"Satisfyer Pro 2 Generation 2 Sucker vibrator Ambidextrous","Language":"EN"},"BrandLocalTitle":{"Value":"","Language":"EN"}},"Brand":"Satisfyer","BrandID":"32091","BrandLogo":"","BrandInfo":{"BrandName":"Satisfyer","BrandLocalName":"","BrandLogo":""},"ProductName":"Pro 2 Generation 2","ProductNameInfo":{"ProductIntName":"Pro 2 Generation 2","ProductLocalName":{"Value":"","Language":"EN"}},"BrandPartCode":"4009889","GTIN":[],"Category":{"CategoryID":"7943","Name":{"Value":"Vibrators","Language":"EN"}},"ProductFamily":{},"ProductSeries":{"SeriesID":"1"},"Description":{"ID":"96260583","LongDesc":"Our classic and stylish Pro 2 Generation 2 debuts our proprietary Air-Pulse Technology, meant to excite your clitoris into pure bliss. Featuring a whisper quiet motor and a soft silicone head, the Pro 2 Generation 2 sets the mood to reach the peak of your desire.<br><br><b>The Satisfyer Pro 2 Generation 2: Pressure wave vibrator with guaranteed orgasms</b><br> <br>The Satisfyer Pro 2 Generation 2 is equipped with our innovative Satisfyer Airpulse technology, titillating your clit with gentle or intense waves of pressure. We’ve already sold millions of them because people love the exciting pulsations. This bestseller will give you such explosive orgasms you won’t be able to get a enough of it. It’s never been so easy to keep your sexual wellness in balance.<br><br><b>What are some of the other great things about the Satisfyer Pro 2 Generation 2?</b><br><br>Alongside never-before-seen highlights, the next generation of the Satisfyer Pro 2 Generation 2 has an optimized button design that lets you click through 11 exciting levels of pressure waves. It’s also waterproof and can be used discreetly in the bathtub or between the sheets thanks to its whisper-quiet motor. A handy USB charger easily charges the battery, keeping your Satisfyer Pro 2 Generation 2 ready for the next session. For an even more breathtaking experience, you can use water-based lubricant – Satisfyer’s lubricants specially formulated for this product will add to the fun.<br><br>The soft head made of hygienic silicone is larger and wider, so it envelops your clitoris even better, giving you unique sensations. It’s also easy to clean with soap and water or a sterile cleaner designed for sexual wellness devices. We’re so sure of the quality of our pleasure bringers that we offer a 15 year guarantee. What else is stopping you from taking a spin with this incredibly exciting toy?","LongProductName":"Pro 2 Generation 2, 165 x 46 x 65 mm, 174.7 g, Blue","MiddleDesc":"","Disclaimer":"","ManualPDFURL":"","ManualPDFSize":"0","LeafletPDFURL":"","PDFSize":"0","URL":"https://www.satisfyer.com/uk/satisfyer-pro-2-generation-2?number=","WarrantyInfo":"","Updated":"2025-09-08 17:27:00","Language":"EN"},"SummaryDescription":{"ShortSummaryDescription":"Satisfyer Pro 2 Generation 2, Sucker vibrator, Clitoral stimulation, Blue, Acrylonitrile butadiene styrene (ABS), Silicone, Straight, Ambidextrous","LongSummaryDescription":"Satisfyer Pro 2 Generation 2. Product type: Sucker vibrator, Stimulation type: Clitoral stimulation, Product colour: Blue. Battery type: Built-in battery, Battery technology: Lithium-Ion (Li-Ion). Length: 165 mm, Width: 46 mm, Weight: 174.7 g. Quantity per pack: 1 pc(s)"},"BulletPoints":{"BulletPointsId":"10004553","Language":"EN","Values":["Stimulates the clitoris using intense pressure waves without direct contact","Made from super-soft, body-friendly, medical-grade silicone that's smooth to the touch and extremely hygienic","Thanks to its waterproof (IPX7) finish, this toy can be used safely in water and is easy to clean","11 pressure wave intensities Whisper mode","Waterproof to rating IPX7 Body-friendly silicone","Easy to clean Lithium ion battery","15 year warranty Including USB magnetic charging cable"],"Updated":"2024-08-19 08:28:06"},"GeneratedBulletPoints":{},"GTINs":[]},"Image":{"HighPic":"https://inishop.com/img/gallery/6218df1610e4a14e6c15fcc698548632ee644fd9.jpg","HighPicSize":"43073","HighPicHeight":"534","HighPicWidth":"400","LowPic":"https://inishop.com/img/gallery_lows/e70c16380971c644e14135b1928d33ec0015c893.jpg","LowPicSize":"10550","LowPicHeight":"200","LowPicWidth":"150","Pic500x500":"https://inishop.com/img/gallery_mediums/5a005fb8dfa1388b9251c1445f1988bc44f0210e.jpg","Pic500x500Size":"39103","Pic500x500Height":"500","Pic500x500Width":"375","ThumbPic":"https://inishop.com/img/gallery_thumbs/8f99ad19c8d4b14d76388af28264750c9c9a19fc.jpg","ThumbPicSize":"3241"},"Multimedia":[{"ID":"3E74ABE0-2573-440E-BEBB-9FE8B7338FD9","URL":"https://inishop.com/objects/mmo_122180062_1757413117_2693_1783492.txt","Type":"ProductStory2.0","ContentType":"text/html","KeepAsUrl":"0","Description":"ProductStory2.0","Size":"7942","IsPrivate":"0","Updated":"2025-09-09 12:18:37","Language":"EN","IsVideo":0},{"ID":"606792DC-681B-458B-9EF3-7687AB935D56","URL":"https://live-html.icecat.biz/9564bbc024727557fea5316b0017bfdc/index.html","Type":"ProductStory","ContentType":"application/zip","KeepAsUrl":"0","Description":"ProductStory","Size":"2760","IsPrivate":"0","Updated":"2025-09-09 12:18:42","Language":"EN","IsVideo":0}],"Gallery":[{"ID":"94359077","LowPic":"https://inishop.com/img/gallery_lows/e70c16380971c644e14135b1928d33ec0015c893.jpg","LowSize":"10550","LowHeight":"200","LowWidth":"150","ThumbPic":"https://inishop.com/img/gallery_thumbs/8f99ad19c8d4b14d76388af28264750c9c9a19fc.jpg","ThumbPicSize":"3241","Pic":"https://inishop.com/img/gallery/6218df1610e4a14e6c15fcc698548632ee644fd9.jpg","Size":"43073","PicHeight":"534","PicWidth":"400","Pic500x500":"https://inishop.com/img/gallery_mediums/5a005fb8dfa1388b9251c1445f1988bc44f0210e.jpg","Pic500x500Size":"39103","Pic500x500Height":"500","Pic500x500Width":"375","No":"2","IsMain":"Y","Updated":"2024-08-19 08:27:13","IsPrivate":"0","Type":"ProductImage","Attributes":{"OriginalFileName":""}},{"ID":"94359059","LowPic":"https://inishop.com/img/gallery_lows/a0ebd4a6b2ee1509b5e15b631a1fab134d858ff5.jpg","LowSize":"8680","LowHeight":"200","LowWidth":"96","ThumbPic":"https://inishop.com/img/gallery_thumbs/9cb2d94494ff8bddbc7c328985998dbfb3660627.jpg","ThumbPicSize":"2559","Pic":"https://inishop.com/img/gallery/3b54f2eed0b814dcf42aac0799b611fb1827e200.jpg","Size":"100430","PicHeight":"873","PicWidth":"417","Pic500x500":"https://inishop.com/img/gallery_mediums/e14cc07ad9dd29f7bc68a36ee638b65c602d444b.jpg","Pic500x500Size":"37066","Pic500x500Height":"500","Pic500x500Width":"239","No":"3","IsMain":"N","Updated":"2024-08-19 08:27:37","IsPrivate":"0","Type":"ProductImage","Attributes":{"OriginalFileName":""}},{"ID":"94359060","LowPic":"https://inishop.com/img/gallery_lows/dd733848782364592a4c3a63980ee4d36536ce8b.jpg","LowSize":"14806","LowHeight":"200","LowWidth":"200","ThumbPic":"https://inishop.com/img/gallery_thumbs/2c8f8d45bf62b8d2439c3d2afbaa3ff62a019b93.jpg","ThumbPicSize":"3825","Pic":"https://inishop.com/img/gallery/1ceb462d28045e27ca1ae7335594a0f69a035dfd.jpg","Size":"190082","PicHeight":"880","PicWidth":"880","Pic500x500":"https://inishop.com/img/gallery_mediums/fce672e8c9b22e71636d9261f8226f9cd9362f59.jpg","Pic500x500Size":"67183","Pic500x500Height":"500","Pic500x500Width":"500","No":"4","IsMain":"N","Updated":"2024-08-19 08:26:50","IsPrivate":"0","Type":"ProductImage","Attributes":{"OriginalFileName":""}},{"ID":"94359061","LowPic":"https://inishop.com/img/gallery_lows/785f697e8849c1a5f88c2c19ec52e987.jpg","LowSize":"22383","LowHeight":"200","LowWidth":"200","ThumbPic":"https://inishop.com/img/gallery_thumbs/785f697e8849c1a5f88c2c19ec52e987.jpg","ThumbPicSize":"4967","Pic":"https://inishop.com/img/gallery/785f697e8849c1a5f88c2c19ec52e987.jpg","Size":"345028","PicHeight":"880","PicWidth":"880","Pic500x500":"https://inishop.com/img/gallery_mediums/785f697e8849c1a5f88c2c19ec52e987.jpg","Pic500x500Size":"105977","Pic500x500Height":"500","Pic500x500Width":"500","No":"5","IsMain":"N","Updated":"2024-08-19 08:26:50","IsPrivate":"0","Type":"ProductPackagingImage","Attributes":{"OriginalFileName":""}}],"FeaturesGroups":[{"ID":28803,"SortNo":"30","FeatureGroup":{"ID":"185","Name":{"Value":"Features","Language":"EN"}},"Features":[{"Localized":0,"ID":672715673,"LocalID":0,"Type":"dropdown","Value":"Sucker vibrator","CategoryFeatureId":"808782","CategoryFeatureGroupID":"28803","SortNo":"150","PresentationValue":"Sucker vibrator","RawValue":"Sucker vibrator","LocalValue":"Sucker vibrator","Description":"The sub-category of the product.","Mandatory":"1","Searchable":"1","Optional":"0","Feature":{"ID":"14052","Sign":"","Measure":{"ID":"29","Sign":"","Signs":{"ID":"","_":"","Language":"EN"}},"Name":{"Value":"Product type","Language":"EN"}}},{"Localized":0,"ID":672715677,"LocalID":0,"Type":"dropdown","Value":"Straight","CategoryFeatureId":"270233","CategoryFeatureGroupID":"28803","SortNo":"100","PresentationValue":"Straight","RawValue":"Straight","LocalValue":"Straight","Description":"The external form, contours, or outline of the product.","Mandatory":"0","Searchable":"0","Optional":"0","Feature":{"ID":"9397","Sign":"","Measure":{"ID":"29","Sign":"","Signs":{"ID":"","_":"","Language":"EN"}},"Name":{"Value":"Shape","Language":"EN"}}},{"Localized":0,"ID":672715674,"LocalID":0,"Type":"dropdown","Value":"Clitoral stimulation","CategoryFeatureId":"808780","CategoryFeatureGroupID":"28803","SortNo":"100","PresentationValue":"Clitoral stimulation","RawValue":"Clitoral stimulation","LocalValue":"Clitoral stimulation","Description":"","Mandatory":"1","Searchable":"1","Optional":"0","Feature":{"ID":"44730","Sign":"","Measure":{"ID":"29","Sign":"","Signs":{"ID":"","_":"","Language":"EN"}},"Name":{"Value":"Stimulation type","Language":"EN"}}},{"Localized":0,"ID":672715678,"LocalID":0,"Type":"dropdown","Value":"Acrylonitrile butadiene styrene (ABS),Silicone","CategoryFeatureId":"270245","CategoryFeatureGroupID":"28803","SortNo":"90","PresentationValue":"Acrylonitrile butadiene styrene (ABS), Silicone","RawValue":"Acrylonitrile butadiene styrene (ABS),Silicone","LocalValue":"Acrylonitrile butadiene styrene (ABS), Silicone","Description":"The material from which a thing is or can be made e.g. wood, plastic.","Mandatory":"1","Searchable":"0","Optional":"0","Feature":{"ID":"898","Sign":"","Measure":{"ID":"29","Sign":"","Signs":{"ID":"","_":"","Language":"EN"}},"Name":{"Value":"Material","Language":"EN"}}},{"Localized":0,"ID":672715684,"LocalID":0,"Type":"dropdown","Value":"Ambidextrous","CategoryFeatureId":"315245","CategoryFeatureGroupID":"28803","SortNo":"68","PresentationValue":"Ambidextrous","RawValue":"Ambidextrous","LocalValue":"Ambidextrous","Description":"The design allows to draw the gun with the right or left hand or both (ambidextrous).","Mandatory":"0","Searchable":"0","Optional":"0","Feature":{"ID":"21183","Sign":"","Measure":{"ID":"29","Sign":"","Signs":{"ID":"","_":"","Language":"EN"}},"Name":{"Value":"Hand orientation","Language":"EN"}}},{"Localized":0,"ID":672715685,"LocalID":0,"Type":"multi_dropdown","Value":"Buttons","CategoryFeatureId":"315247","CategoryFeatureGroupID":"28803","SortNo":"45","PresentationValue":"Buttons","RawValue":"Buttons","LocalValue":"Buttons","Description":"The way in which the device is controlled.","Mandatory":"0","Searchable":"0","Optional":"0","Feature":{"ID":"2651","Sign":"","Measure":{"ID":"29","Sign":"","Signs":{"ID":"","_":"","Language":"EN"}},"Name":{"Value":"Control type","Language":"EN"}}},{"Localized":0,"ID":835294034,"LocalID":0,"Type":"numerical","Value":"11","CategoryFeatureId":"315240","CategoryFeatureGroupID":"28803","SortNo":"40","PresentationValue":"11","RawValue":"11","LocalValue":"11","Description":"","Mandatory":"0","Searchable":"0","Optional":"0","Feature":{"ID":"34368","Sign":"","Measure":{"ID":"29","Sign":"","Signs":{"ID":"","_":"","Language":"EN"}},"Name":{"Value":"Number of patterns","Language":"EN"}}},{"Localized":0,"ID":672715686,"LocalID":0,"Type":"y_n","Value":"Y","CategoryFeatureId":"270246","CategoryFeatureGroupID":"28803","SortNo":"35","PresentationValue":"Yes","RawValue":"Y","LocalValue":"Yes","Description":"The product is protected from water, staying dry if liquid is spilt on it or it gets wet in the rain.","Mandatory":"0","Searchable":"0","Optional":"0","Feature":{"ID":"7509","Sign":"","Measure":{"ID":"26","Sign":"","Signs":{"ID":"","_":"","Language":"EN"}},"Name":{"Value":"Waterproof","Language":"EN"}}},{"Localized":0,"ID":672715687,"LocalID":0,"Type":"dropdown","Value":"Matt","CategoryFeatureId":"315569","CategoryFeatureGroupID":"28803","SortNo":"30","PresentationValue":"Matt","RawValue":"Matt","LocalValue":"Matt","Description":"The way that a product is finished e.g. a matt or gloss finish.","Mandatory":"0","Searchable":"0","Optional":"0","Feature":{"ID":"2254","Sign":"","Measure":{"ID":"29","Sign":"","Signs":{"ID":"","_":"","Language":"EN"}},"Name":{"Value":"Finish type","Language":"EN"}}},{"Localized":0,"ID":672715676,"LocalID":0,"Type":"multi_dropdown","Value":"Blue","CategoryFeatureId":"270236","CategoryFeatureGroupID":"28803","SortNo":"0","PresentationValue":"Blue","RawValue":"Blue","LocalValue":"Blue","Description":"The colour e.g. red, blue, green, black, white.","Mandatory":"1","Searchable":"1","Optional":"0","Feature":{"ID":"1766","Sign":"","Measure":{"ID":"29","Sign":"","Signs":{"ID":"","_":"","Language":"EN"}},"Name":{"Value":"Product colour","Language":"EN"}}}]},{"ID":28805,"SortNo":"25","FeatureGroup":{"ID":"143","Name":{"Value":"Battery","Language":"EN"}},"Features":[{"Localized":0,"ID":672715694,"LocalID":0,"Type":"dropdown","Value":"Built-in battery","CategoryFeatureId":"270240","CategoryFeatureGroupID":"28805","SortNo":"170","PresentationValue":"Built-in battery","RawValue":"Built-in battery","LocalValue":"Built-in battery","Description":"Description of battery supplied with the product, such battery form factor (e.g. AA/AAA).","Mandatory":"1","Searchable":"0","Optional":"0","Feature":{"ID":"908","Sign":"","Measure":{"ID":"29","Sign":"","Signs":{"ID":"","_":"","Language":"EN"}},"Name":{"Value":"Battery type","Language":"EN"}}},{"Localized":0,"ID":672715695,"LocalID":0,"Type":"dropdown","Value":"Lithium-Ion (Li-Ion)","CategoryFeatureId":"270243","CategoryFeatureGroupID":"28805","SortNo":"17","PresentationValue":"Lithium-Ion (Li-Ion)","RawValue":"Lithium-Ion (Li-Ion)","LocalValue":"Lithium-Ion (Li-Ion)","Description":"The type of battery in the device, e.g. nickel–cadmium (NiCd).","Mandatory":"0","Searchable":"0","Optional":"0","Feature":{"ID":"434","Sign":"","Measure":{"ID":"29","Sign":"","Signs":{"ID":"","_":"","Language":"EN"}},"Name":{"Value":"Battery technology","Language":"EN"}}},{"Localized":0,"ID":672715696,"LocalID":0,"Type":"y_n","Value":"Y","CategoryFeatureId":"315558","CategoryFeatureGroupID":"28805","SortNo":"15","PresentationValue":"Yes","RawValue":"Y","LocalValue":"Yes","Description":"","Mandatory":"0","Searchable":"0","Optional":"0","Feature":{"ID":"11194","Sign":"","Measure":{"ID":"26","Sign":"","Signs":{"ID":"","_":"","Language":"EN"}},"Name":{"Value":"USB charging","Language":"EN"}}}]},{"ID":28807,"SortNo":"15","FeatureGroup":{"ID":"14","Name":{"Value":"Weight & dimensions","Language":"EN"}},"Features":[{"Localized":0,"ID":672715689,"LocalID":0,"Type":"numerical","Value":"165","CategoryFeatureId":"270247","CategoryFeatureGroupID":"28807","SortNo":"49","PresentationValue":"165 mm","RawValue":"165","LocalValue":"165","Description":"The measurement or extent of something from end to end.","Mandatory":"1","Searchable":"0","Optional":"0","Feature":{"ID":"2738","Sign":"","Measure":{"ID":"24","Sign":"","Signs":{"ID":"3","_":"mm","Language":"EN"}},"Name":{"Value":"Length","Language":"EN"}}},{"Localized":0,"ID":672715690,"LocalID":0,"Type":"numerical","Value":"46","CategoryFeatureId":"315570","CategoryFeatureGroupID":"28807","SortNo":"14","PresentationValue":"46 mm","RawValue":"46","LocalValue":"46","Description":"The measurement or extent of something from side to side.","Mandatory":"0","Searchable":"0","Optional":"0","Feature":{"ID":"1649","Sign":"","Measure":{"ID":"24","Sign":"","Signs":{"ID":"3","_":"mm","Language":"EN"}},"Name":{"Value":"Width","Language":"EN"}}},{"Localized":0,"ID":672715691,"LocalID":0,"Type":"numerical","Value":"174.7","CategoryFeatureId":"315246","CategoryFeatureGroupID":"28807","SortNo":"11","PresentationValue":"174.7 g","RawValue":"174.7","LocalValue":"174.7","Description":"Weight of the product without packaging (net weight). If possible, the net weight is given including standard accessories and supplies. Please note that sometimes the manufacturer leaves out the weight of accessories and/or supplies.","Mandatory":"0","Searchable":"0","Optional":"0","Feature":{"ID":"94","Sign":"","Measure":{"ID":"38","Sign":"","Signs":{"ID":"22","_":"g","Language":"EN"}},"Name":{"Value":"Weight","Language":"EN"}}}]},{"ID":28804,"SortNo":"10","FeatureGroup":{"ID":"116","Name":{"Value":"Packaging content","Language":"EN"}},"Features":[{"Localized":0,"ID":672715692,"LocalID":0,"Type":"numerical","Value":"1","CategoryFeatureId":"660396","CategoryFeatureGroupID":"28804","SortNo":"500","PresentationValue":"1 pc(s)","RawValue":"1","LocalValue":"1","Description":"","Mandatory":"0","Searchable":"0","Optional":"0","Feature":{"ID":"20228","Sign":"","Measure":{"ID":"144","Sign":"","Signs":{"ID":"125","_":"pc(s)","Language":"EN"}},"Name":{"Value":"Quantity per pack","Language":"EN"}}},{"Localized":0,"ID":672715693,"LocalID":0,"Type":"y_n","Value":"Y","CategoryFeatureId":"315244","CategoryFeatureGroupID":"28804","SortNo":"100","PresentationValue":"Yes","RawValue":"Y","LocalValue":"Yes","Description":"","Mandatory":"0","Searchable":"0","Optional":"0","Feature":{"ID":"3965","Sign":"","Measure":{"ID":"26","Sign":"","Signs":{"ID":"","_":"","Language":"EN"}},"Name":{"Value":"Manual","Language":"EN"}}}]}],"FeatureLogos":[],"ReasonsToBuy":[],"Reviews":[],"ProductRelated":[],"CatalogObjectCloud":{},"Variants":[],"ProductStory":[{"ID":"606792DC-681B-458B-9EF3-7687AB935D56","URL":"https://live-html.icecat.biz/9564bbc024727557fea5316b0017bfdc/index.html","Type":"ProductStory","ContentType":"application/zip","KeepAsUrl":"0","Description":"ProductStory","Size":"2760","IsPrivate":"0","Updated":"2025-09-09 12:18:42","Language":"EN","IsVideo":0}],"Dictionary":{"model_name":"Product name","desc":"Description","ean_code":"EAN/UPC code","flash360":"3D tour","demo_msg_part3":"If you don't have an Icecat account, please register here for free.","repairability_index":"Repairability index","zoom_panel_init":"Original size","cat_name":"Category","product_family":"Product family","back_to_top":"Back to top","zoom_panel_out":"Zoom out","specs":"Specs","eu_product_fiche":"EU Product Fiche","reviews_head_name":"Reviews","pdf_specs":"Product Brochure","zoom_panel_in":"Zoom in","html_content":"","release_date":"Release date","demo_msg_part1":"You are using now a Demo account. Please, use your own Icecat account","demo_insert_desc":"This is a demo of a seamless insert of an Icecat LIVE product data-sheet in your website. Imagine that this responsive data-sheet is included in the product page of your webshop.","pdf_url":"User manual","prod_code":"Product code","supplier_name":"Brand","video":"Video","reasons_to_buy":"Reasons to buy","marketing_text":"Description","options_head_name":"Options","product_series":"Product series","demo_msg_part2":"your Icecat login name","link_integrate_desk":"How to integrate Icecat LIVE JavaScript.","zoom_panel_dragg":"Mouse dragging","eu_energy_label":"EU Energy Label"},"DemoAccount":false}}