{"msg":"OK","data":{"GeneralInfo":{"IcecatId":124904436,"ReleaseDate":"","EndOfLifeDate":"","Title":"Satisfyer Endless Love Couple vibrator Ambidextrous","TitleInfo":{"GeneratedIntTitle":"Satisfyer Endless Love","GeneratedLocalTitle":{"Value":"Satisfyer Endless Love Couple vibrator Ambidextrous","Language":"EN"},"BrandLocalTitle":{"Value":"","Language":"EN"}},"Brand":"Satisfyer","BrandID":"32091","BrandLogo":"","BrandInfo":{"BrandName":"Satisfyer","BrandLocalName":"","BrandLogo":""},"ProductName":"Endless Love","ProductNameInfo":{"ProductIntName":"Endless Love","ProductLocalName":{"Value":"","Language":"EN"}},"BrandPartCode":"4061504001050","GTIN":["4061504001050"],"Category":{"CategoryID":"7943","Name":{"Value":"Vibrators","Language":"EN"}},"ProductFamily":{},"ProductSeries":{"SeriesID":"1"},"Description":{"ID":"97834405","LongDesc":"<b>The Satisfyer Endless Love: Unlimited possibilities for exciting lovemaking</b><br>This multivibrator offers you a variety of stimulating options, for her or him, alone or together. The 3 powerful motors of this couple’s vibrator provide undreamt-of climaxes – while also being whisper quiet. This all-rounder is a must-have in every nightstand drawer: Whether above, below, or in between – the Satisfyer Endless Love easily reaches your most sensitive areas. The curved design and flexible arms open up endless possibilities for your pleasure and fantasies. Combined together, the separately controllable vibrations of the two arms and the larger main body offer 100 breathtaking vibration options that will transport you to ecstasy together. The interaction of vibrations and variety offers you hours of versatile possibilities for an exciting and passionate time for two.<br><br><b>What other features does the Satisfyer Endless Love have?</b><br>This waterproof (IPX7) device can be used in or out of the water with no worries: Enjoy passionate pleasure in the shower or the bathtub or between the sheets! The delicate silicone gives you a smooth and pleasant feeling on your skin and ensures easy and hygienic cleaning with water and soap or a sexual wellness device cleaner after use. The integrated batteries of the Endless Love are rechargeable with the included USB charging cable.<br>What are you waiting for? Get creative, and enjoy exciting pleasure for her and him !","LongProductName":"Endless Love","MiddleDesc":"","Disclaimer":"","ManualPDFURL":"","ManualPDFSize":"0","LeafletPDFURL":"","PDFSize":"0","URL":"https://us.satisfyer.com/ca/satisfyer-endless-love?","WarrantyInfo":"","Updated":"2024-12-18 13:15:03","Language":"EN"},"SummaryDescription":{"ShortSummaryDescription":"Satisfyer Endless Love, Couple vibrator, Clitoral stimulation, Vaginal stimulation, Penis stimulation, Lilac, Silicone, Ambidextrous, Buttons","LongSummaryDescription":"Satisfyer Endless Love. Product type: Couple vibrator, Stimulation type: Clitoral stimulation, Vaginal stimulation, Penis stimulation, Product colour: Lilac. Battery type: Built-in battery, Battery technology: Lithium-Ion (Li-Ion). Length: 130 mm, Width: 67.4 mm, Weight: 74 g. Package type: Box. Quantity per pack: 1 pc(s)"},"BulletPoints":{},"GeneratedBulletPoints":{},"GTINs":[{"GTIN":"4061504001050","IsApproved":true}]},"Image":{"HighPic":"https://inishop.com/img/gallery/ea73eb6481a6aa3dc0aaedd1582b789f53d54512.jpg","HighPicSize":"139698","HighPicHeight":"600","HighPicWidth":"600","LowPic":"https://inishop.com/img/gallery_lows/ba48e9d6e631162a45cbd40fba80f8334723dcf6.jpg","LowPicSize":"20178","LowPicHeight":"200","LowPicWidth":"200","Pic500x500":"https://inishop.com/img/gallery_mediums/4c5cf512e5d3f4dd75494d57b3f396ef4337f30f.jpg","Pic500x500Size":"94701","Pic500x500Height":"500","Pic500x500Width":"500","ThumbPic":"https://inishop.com/img/gallery_thumbs/60a1a25baf6333d67ab3dc2d5ce1fbcc58b6734c.jpg","ThumbPicSize":"5058"},"Multimedia":[],"Gallery":[{"ID":"99016650","LowPic":"https://inishop.com/img/gallery_lows/ba48e9d6e631162a45cbd40fba80f8334723dcf6.jpg","LowSize":"20178","LowHeight":"200","LowWidth":"200","ThumbPic":"https://inishop.com/img/gallery_thumbs/60a1a25baf6333d67ab3dc2d5ce1fbcc58b6734c.jpg","ThumbPicSize":"5058","Pic":"https://inishop.com/img/gallery/ea73eb6481a6aa3dc0aaedd1582b789f53d54512.jpg","Size":"139698","PicHeight":"600","PicWidth":"600","Pic500x500":"https://inishop.com/img/gallery_mediums/4c5cf512e5d3f4dd75494d57b3f396ef4337f30f.jpg","Pic500x500Size":"94701","Pic500x500Height":"500","Pic500x500Width":"500","No":"1","IsMain":"Y","Updated":"2024-12-18 13:11:31","IsPrivate":"0","Type":"ProductImage","Attributes":{"OriginalFileName":""}},{"ID":"99016651","LowPic":"https://inishop.com/img/gallery_lows/f2987ebfdd193da6adad6a13d8bdaa751c7b138a.jpg","LowSize":"10973","LowHeight":"200","LowWidth":"200","ThumbPic":"https://inishop.com/img/gallery_thumbs/76004d59c9f2ab90779488ee825106f601c7f843.jpg","ThumbPicSize":"2636","Pic":"https://inishop.com/img/gallery/5f9fb9d888a74c2c9aaa1b0d122503541f1fb34c.jpg","Size":"107605","PicHeight":"600","PicWidth":"600","Pic500x500":"https://inishop.com/img/gallery_mediums/dc8aaa19816376c81e27318fa803c58bb546b157.jpg","Pic500x500Size":"67646","Pic500x500Height":"500","Pic500x500Width":"500","No":"2","IsMain":"N","Updated":"2024-12-18 13:11:32","IsPrivate":"0","Type":"ProductImage","Attributes":{"OriginalFileName":""}},{"ID":"99016652","LowPic":"https://inishop.com/img/gallery_lows/a2a914023480df33de8bb980cca15566178a63a4.jpg","LowSize":"17621","LowHeight":"200","LowWidth":"200","ThumbPic":"https://inishop.com/img/gallery_thumbs/759043f2bdaecdca4f7f9ab8c96d749485a3955b.jpg","ThumbPicSize":"4746","Pic":"https://inishop.com/img/gallery/d2ce929e51dc1550d40f49549ec216e3d9b3ed32.jpg","Size":"131053","PicHeight":"600","PicWidth":"600","Pic500x500":"https://inishop.com/img/gallery_mediums/c9c7d3a6778094d5c5b6e8a452a537efa8369d3a.jpg","Pic500x500Size":"89688","Pic500x500Height":"500","Pic500x500Width":"500","No":"3","IsMain":"N","Updated":"2024-12-18 13:11:33","IsPrivate":"0","Type":"ProductImage","Attributes":{"OriginalFileName":""}},{"ID":"99016653","LowPic":"https://inishop.com/img/gallery_lows/e83166c437e92f0fb06687774c3f8c5fa706936a.jpg","LowSize":"20092","LowHeight":"200","LowWidth":"200","ThumbPic":"https://inishop.com/img/gallery_thumbs/a4c934049e5b18c3aeda29681b7d66e102b65bc8.jpg","ThumbPicSize":"4385","Pic":"https://inishop.com/img/gallery/b77179cf28f3f0c41393ebd2949ff90ac209b358.jpg","Size":"153858","PicHeight":"600","PicWidth":"600","Pic500x500":"https://inishop.com/img/gallery_mediums/3ceea5b1d2b70845f88f55ffbd8949d18417cf60.jpg","Pic500x500Size":"105555","Pic500x500Height":"500","Pic500x500Width":"500","No":"4","IsMain":"N","Updated":"2024-12-18 13:11:33","IsPrivate":"0","Type":"ProductImage","Attributes":{"OriginalFileName":""}}],"FeaturesGroups":[{"ID":28803,"SortNo":"30","FeatureGroup":{"ID":"185","Name":{"Value":"Features","Language":"EN"}},"Features":[{"Localized":0,"ID":718188909,"LocalID":0,"Type":"dropdown","Value":"Couple vibrator","CategoryFeatureId":"808782","CategoryFeatureGroupID":"28803","SortNo":"150","PresentationValue":"Couple vibrator","RawValue":"Couple vibrator","LocalValue":"Couple vibrator","Description":"The sub-category of the product.","Mandatory":"1","Searchable":"1","Optional":"0","Feature":{"ID":"14052","Sign":"","Measure":{"ID":"29","Sign":"","Signs":{"ID":"","_":"","Language":"EN"}},"Name":{"Value":"Product type","Language":"EN"}}},{"Localized":0,"ID":718188895,"LocalID":0,"Type":"dropdown","Value":"Clitoral stimulation,Vaginal stimulation,Penis stimulation","CategoryFeatureId":"808780","CategoryFeatureGroupID":"28803","SortNo":"100","PresentationValue":"Clitoral stimulation, Vaginal stimulation, Penis stimulation","RawValue":"Clitoral stimulation,Vaginal stimulation,Penis stimulation","LocalValue":"Clitoral stimulation, Vaginal stimulation, Penis stimulation","Description":"","Mandatory":"1","Searchable":"1","Optional":"0","Feature":{"ID":"44730","Sign":"","Measure":{"ID":"29","Sign":"","Signs":{"ID":"","_":"","Language":"EN"}},"Name":{"Value":"Stimulation type","Language":"EN"}}},{"Localized":0,"ID":718189076,"LocalID":0,"Type":"dropdown","Value":"Silicone","CategoryFeatureId":"270245","CategoryFeatureGroupID":"28803","SortNo":"90","PresentationValue":"Silicone","RawValue":"Silicone","LocalValue":"Silicone","Description":"The material from which a thing is or can be made e.g. wood, plastic.","Mandatory":"1","Searchable":"0","Optional":"0","Feature":{"ID":"898","Sign":"","Measure":{"ID":"29","Sign":"","Signs":{"ID":"","_":"","Language":"EN"}},"Name":{"Value":"Material","Language":"EN"}}},{"Localized":0,"ID":835293549,"LocalID":0,"Type":"dropdown","Value":"Ambidextrous","CategoryFeatureId":"315245","CategoryFeatureGroupID":"28803","SortNo":"68","PresentationValue":"Ambidextrous","RawValue":"Ambidextrous","LocalValue":"Ambidextrous","Description":"The design allows to draw the gun with the right or left hand or both (ambidextrous).","Mandatory":"0","Searchable":"0","Optional":"0","Feature":{"ID":"21183","Sign":"","Measure":{"ID":"29","Sign":"","Signs":{"ID":"","_":"","Language":"EN"}},"Name":{"Value":"Hand orientation","Language":"EN"}}},{"Localized":0,"ID":835293545,"LocalID":0,"Type":"multi_dropdown","Value":"Buttons","CategoryFeatureId":"315247","CategoryFeatureGroupID":"28803","SortNo":"45","PresentationValue":"Buttons","RawValue":"Buttons","LocalValue":"Buttons","Description":"The way in which the device is controlled.","Mandatory":"0","Searchable":"0","Optional":"0","Feature":{"ID":"2651","Sign":"","Measure":{"ID":"29","Sign":"","Signs":{"ID":"","_":"","Language":"EN"}},"Name":{"Value":"Control type","Language":"EN"}}},{"Localized":0,"ID":835130484,"LocalID":0,"Type":"y_n","Value":"Y","CategoryFeatureId":"270246","CategoryFeatureGroupID":"28803","SortNo":"35","PresentationValue":"Yes","RawValue":"Y","LocalValue":"Yes","Description":"The product is protected from water, staying dry if liquid is spilt on it or it gets wet in the rain.","Mandatory":"0","Searchable":"0","Optional":"0","Feature":{"ID":"7509","Sign":"","Measure":{"ID":"26","Sign":"","Signs":{"ID":"","_":"","Language":"EN"}},"Name":{"Value":"Waterproof","Language":"EN"}}},{"Localized":0,"ID":835293668,"LocalID":0,"Type":"dropdown","Value":"Matt","CategoryFeatureId":"315569","CategoryFeatureGroupID":"28803","SortNo":"30","PresentationValue":"Matt","RawValue":"Matt","LocalValue":"Matt","Description":"The way that a product is finished e.g. a matt or gloss finish.","Mandatory":"0","Searchable":"0","Optional":"0","Feature":{"ID":"2254","Sign":"","Measure":{"ID":"29","Sign":"","Signs":{"ID":"","_":"","Language":"EN"}},"Name":{"Value":"Finish type","Language":"EN"}}},{"Localized":0,"ID":718188884,"LocalID":0,"Type":"multi_dropdown","Value":"Lilac","CategoryFeatureId":"270236","CategoryFeatureGroupID":"28803","SortNo":"0","PresentationValue":"Lilac","RawValue":"Lilac","LocalValue":"Lilac","Description":"The colour e.g. red, blue, green, black, white.","Mandatory":"1","Searchable":"1","Optional":"0","Feature":{"ID":"1766","Sign":"","Measure":{"ID":"29","Sign":"","Signs":{"ID":"","_":"","Language":"EN"}},"Name":{"Value":"Product colour","Language":"EN"}}}]},{"ID":28805,"SortNo":"25","FeatureGroup":{"ID":"143","Name":{"Value":"Battery","Language":"EN"}},"Features":[{"Localized":0,"ID":718189026,"LocalID":0,"Type":"dropdown","Value":"Built-in battery","CategoryFeatureId":"270240","CategoryFeatureGroupID":"28805","SortNo":"170","PresentationValue":"Built-in battery","RawValue":"Built-in battery","LocalValue":"Built-in battery","Description":"Description of battery supplied with the product, such battery form factor (e.g. AA/AAA).","Mandatory":"1","Searchable":"0","Optional":"0","Feature":{"ID":"908","Sign":"","Measure":{"ID":"29","Sign":"","Signs":{"ID":"","_":"","Language":"EN"}},"Name":{"Value":"Battery type","Language":"EN"}}},{"Localized":0,"ID":718189029,"LocalID":0,"Type":"dropdown","Value":"Lithium-Ion (Li-Ion)","CategoryFeatureId":"270243","CategoryFeatureGroupID":"28805","SortNo":"17","PresentationValue":"Lithium-Ion (Li-Ion)","RawValue":"Lithium-Ion (Li-Ion)","LocalValue":"Lithium-Ion (Li-Ion)","Description":"The type of battery in the device, e.g. nickel–cadmium (NiCd).","Mandatory":"0","Searchable":"0","Optional":"0","Feature":{"ID":"434","Sign":"","Measure":{"ID":"29","Sign":"","Signs":{"ID":"","_":"","Language":"EN"}},"Name":{"Value":"Battery technology","Language":"EN"}}},{"Localized":0,"ID":835293685,"LocalID":0,"Type":"y_n","Value":"Y","CategoryFeatureId":"315558","CategoryFeatureGroupID":"28805","SortNo":"15","PresentationValue":"Yes","RawValue":"Y","LocalValue":"Yes","Description":"","Mandatory":"0","Searchable":"0","Optional":"0","Feature":{"ID":"11194","Sign":"","Measure":{"ID":"26","Sign":"","Signs":{"ID":"","_":"","Language":"EN"}},"Name":{"Value":"USB charging","Language":"EN"}}}]},{"ID":28807,"SortNo":"15","FeatureGroup":{"ID":"14","Name":{"Value":"Weight & dimensions","Language":"EN"}},"Features":[{"Localized":0,"ID":718189103,"LocalID":0,"Type":"numerical","Value":"130","CategoryFeatureId":"270247","CategoryFeatureGroupID":"28807","SortNo":"49","PresentationValue":"130 mm","RawValue":"130","LocalValue":"130","Description":"The measurement or extent of something from end to end.","Mandatory":"1","Searchable":"0","Optional":"0","Feature":{"ID":"2738","Sign":"","Measure":{"ID":"24","Sign":"","Signs":{"ID":"3","_":"mm","Language":"EN"}},"Name":{"Value":"Length","Language":"EN"}}},{"Localized":0,"ID":835130254,"LocalID":0,"Type":"numerical","Value":"67.4","CategoryFeatureId":"315570","CategoryFeatureGroupID":"28807","SortNo":"14","PresentationValue":"67.4 mm","RawValue":"67.4","LocalValue":"67.4","Description":"The measurement or extent of something from side to side.","Mandatory":"0","Searchable":"0","Optional":"0","Feature":{"ID":"1649","Sign":"","Measure":{"ID":"24","Sign":"","Signs":{"ID":"3","_":"mm","Language":"EN"}},"Name":{"Value":"Width","Language":"EN"}}},{"Localized":0,"ID":835130251,"LocalID":0,"Type":"numerical","Value":"74","CategoryFeatureId":"315246","CategoryFeatureGroupID":"28807","SortNo":"11","PresentationValue":"74 g","RawValue":"74","LocalValue":"74","Description":"Weight of the product without packaging (net weight). If possible, the net weight is given including standard accessories and supplies. Please note that sometimes the manufacturer leaves out the weight of accessories and/or supplies.","Mandatory":"0","Searchable":"0","Optional":"0","Feature":{"ID":"94","Sign":"","Measure":{"ID":"38","Sign":"","Signs":{"ID":"22","_":"g","Language":"EN"}},"Name":{"Value":"Weight","Language":"EN"}}}]},{"ID":75451,"SortNo":"13","FeatureGroup":{"ID":"67","Name":{"Value":"Packaging data","Language":"EN"}},"Features":[{"Localized":0,"ID":835130256,"LocalID":0,"Type":"dropdown","Value":"Box","CategoryFeatureId":"593889","CategoryFeatureGroupID":"75451","SortNo":"-15","PresentationValue":"Box","RawValue":"Box","LocalValue":"Box","Description":"The type of product package e.g. box.","Mandatory":"0","Searchable":"0","Optional":"0","Feature":{"ID":"4463","Sign":"","Measure":{"ID":"29","Sign":"","Signs":{"ID":"","_":"","Language":"EN"}},"Name":{"Value":"Package type","Language":"EN"}}}]},{"ID":28804,"SortNo":"10","FeatureGroup":{"ID":"116","Name":{"Value":"Packaging content","Language":"EN"}},"Features":[{"Localized":0,"ID":835293687,"LocalID":0,"Type":"numerical","Value":"1","CategoryFeatureId":"660396","CategoryFeatureGroupID":"28804","SortNo":"500","PresentationValue":"1 pc(s)","RawValue":"1","LocalValue":"1","Description":"","Mandatory":"0","Searchable":"0","Optional":"0","Feature":{"ID":"20228","Sign":"","Measure":{"ID":"144","Sign":"","Signs":{"ID":"125","_":"pc(s)","Language":"EN"}},"Name":{"Value":"Quantity per pack","Language":"EN"}}}]}],"FeatureLogos":[],"ReasonsToBuy":[],"Reviews":[],"ProductRelated":[],"CatalogObjectCloud":{},"Variants":[],"ProductStory":[],"Dictionary":{"model_name":"Product name","desc":"Description","ean_code":"EAN/UPC code","flash360":"3D tour","demo_msg_part3":"If you don't have an Icecat account, please register here for free.","repairability_index":"Repairability index","zoom_panel_init":"Original size","cat_name":"Category","product_family":"Product family","back_to_top":"Back to top","zoom_panel_out":"Zoom out","specs":"Specs","eu_product_fiche":"EU Product Fiche","reviews_head_name":"Reviews","pdf_specs":"Product Brochure","zoom_panel_in":"Zoom in","html_content":"","release_date":"Release date","demo_msg_part1":"You are using now a Demo account. Please, use your own Icecat account","demo_insert_desc":"This is a demo of a seamless insert of an Icecat LIVE product data-sheet in your website. Imagine that this responsive data-sheet is included in the product page of your webshop.","pdf_url":"User manual","prod_code":"Product code","supplier_name":"Brand","video":"Video","reasons_to_buy":"Reasons to buy","marketing_text":"Description","options_head_name":"Options","product_series":"Product series","demo_msg_part2":"your Icecat login name","link_integrate_desk":"How to integrate Icecat LIVE JavaScript.","zoom_panel_dragg":"Mouse dragging","eu_energy_label":"EU Energy Label"},"DemoAccount":false}}