{"msg":"OK","data":{"GeneralInfo":{"IcecatId":119541034,"ReleaseDate":"","EndOfLifeDate":"","Title":"Fun Factory LAYA III Mini vibrator Ambidextrous","TitleInfo":{"GeneratedIntTitle":"Fun Factory LAYA III","GeneratedLocalTitle":{"Value":"Fun Factory LAYA III Mini vibrator Ambidextrous","Language":"EN"},"BrandLocalTitle":{"Value":"","Language":"EN"}},"Brand":"Fun Factory","BrandID":"16974","BrandLogo":"","BrandInfo":{"BrandName":"Fun Factory","BrandLocalName":"","BrandLogo":""},"ProductName":"LAYA III","ProductNameInfo":{"ProductIntName":"LAYA III","ProductLocalName":{"Value":"","Language":"EN"}},"BrandPartCode":"46011","GTIN":["4032498460116"],"Category":{"CategoryID":"7943","Name":{"Value":"Vibrators","Language":"EN"}},"ProductFamily":{},"ProductSeries":{"SeriesID":"0"},"Description":{"ID":"94795902","LongDesc":"<b>HIT THE SPOT, SEAMLESSLY</b><br>Do you crave pleasure all over your body? Just glide LAYA III over yourself, and let our adaptable toy work its magic. Feel its vibrating and tapping motions deep below the surface of your skin, letting your arousal build until you’re ready to burst.<br><br>Then, finish yourself off: LAYA III’s gentle curves hug your body and give you a breathtakingly intense orgasm.<br><br><b>YOUR #1 LAY-ON VIBRATOR</b><br>Let pleasurable sensations travel across your body and lose yourself in bliss. LAYA III, our lay-on vibrator, features an iconic design that’s great for all-over stimulation. Our new and improved clitoral vibe is the only FUN FACTORY lay-on vibrator that vibrates and taps at the same time, for extra intense orgasms. It’s great for couples’ play, too, from foreplay to blowjobs.<br><br><b>WHAT IS UNIQUE ABOUT OUR LAYA III LAY-ON VIBRATOR?<br></b>LAYA III is proof that a bestseller can always get better. Perfect for toy novices and experts alike, LAYA III is a lay-on vibrator with gently rounded curves and a powerful, rechargeable motor. Its shape caresses the entire vulva, so the clitoris and labia are stimulated simultaneously and deeply. LAYA III's vibration stimulates different types of nerve endings, rather than just one, through layers of skin and tissue. This is what we call “the layering effect.”<br><br><b>LAYERING EFFECT? WHAT DOES THAT MEAN, EXACTLY?<br></b>Our clitoral vibrator LAYA III vibrates and taps at the same time, at every speed. These different movements stimulate different types of nerve endings, some of which are near the surface of your body, and some of which are deeper within you. The more nerve endings that are stimulated in parallel, the stronger your feelings of arousal, and the deeper and longer-lasting your orgasm.<br><br><b>WHAT OTHER LAYA III FEATURES SHOULD I KNOW ABOUT?<br></b>Our LAYA III lay-on vibrator adapts to your individual preferences: It has seven speeds and three programs, which you can navigate easily by clicking two buttons, and each speed and program is fine-tunable. All you have to do is hold the + or – button and the vibration level will become gradually more or less intense. The memory function lets you save your favorite setting, and LAYA III's travel lock makes it easy to pack your bags.","LongProductName":"LAYA III, 7 speeds & 3 patterns, Ø 4.1 cm, L 10.8 cm, 98 g, Soft Violet","MiddleDesc":"","Disclaimer":"","ManualPDFURL":"","ManualPDFSize":"0","LeafletPDFURL":"","PDFSize":"0","URL":"https://en.funfactory.com/products/laya-iii","WarrantyInfo":"","Updated":"2025-09-09 09:24:35","Language":"EN"},"SummaryDescription":{"ShortSummaryDescription":"Fun Factory LAYA III, Mini vibrator, Clitoral stimulation, Violet, Curved, Ambidextrous, Buttons","LongSummaryDescription":"Fun Factory LAYA III. Product type: Mini vibrator, Stimulation type: Clitoral stimulation, Product colour: Violet. Battery type: Built-in battery, Operating time: 2 h, Charging time: 7 h. Length: 108 mm, Diameter: 4.1 cm, Weight: 98 g. Quantity per pack: 1 pc(s), Packaging content: 1 x USB charging cable"},"BulletPoints":{"BulletPointsId":"9377430","Language":"EN","Values":["Revolutionary lay-on vibrator for pinpoint or broad clitoral stimulation","Stimulates different types of nerves, layer by layer, for electrifying orgasms","Vibrates & taps simultaneously, boasts memory function & travel lock","Artfully designed to cradle your favorite hot spots","Fine-tunable settings, from gentle tapping to powerful rumbling","Also great for blowjob upgrades & more"],"Updated":"2024-03-31 17:26:34"},"GeneratedBulletPoints":{},"GTINs":[{"GTIN":"4032498460116","IsApproved":true}]},"Image":{"HighPic":"https://inishop.com/img/gallery/699b56f9f545c9d42ec4ee0e410e82a9f8fb9d99.jpg","HighPicSize":"148258","HighPicHeight":"775","HighPicWidth":"612","LowPic":"https://inishop.com/img/gallery_lows/4de5549527cd903daa4943a9b710330bd45da816.jpg","LowPicSize":"15795","LowPicHeight":"200","LowPicWidth":"158","Pic500x500":"https://inishop.com/img/gallery_mediums/4ae9c24a95d5344aa26ead73d568f2a0e0bba0f4.jpg","Pic500x500Size":"68557","Pic500x500Height":"500","Pic500x500Width":"395","ThumbPic":"https://inishop.com/img/gallery_thumbs/bde1dead3eb1c8601fbff80c45381e5533e282f8.jpg","ThumbPicSize":"3943"},"Multimedia":[],"Gallery":[{"ID":"89170958","LowPic":"https://inishop.com/img/gallery_lows/4de5549527cd903daa4943a9b710330bd45da816.jpg","LowSize":"15795","LowHeight":"200","LowWidth":"158","ThumbPic":"https://inishop.com/img/gallery_thumbs/bde1dead3eb1c8601fbff80c45381e5533e282f8.jpg","ThumbPicSize":"3943","Pic":"https://inishop.com/img/gallery/699b56f9f545c9d42ec4ee0e410e82a9f8fb9d99.jpg","Size":"148258","PicHeight":"775","PicWidth":"612","Pic500x500":"https://inishop.com/img/gallery_mediums/4ae9c24a95d5344aa26ead73d568f2a0e0bba0f4.jpg","Pic500x500Size":"68557","Pic500x500Height":"500","Pic500x500Width":"395","No":"1","IsMain":"Y","Updated":"2025-09-10 16:41:26","IsPrivate":"0","Type":"ProductImage","Attributes":{"OriginalFileName":""}},{"ID":"117094617","LowPic":"https://inishop.com/img/gallery_lows/8ee8ae111106f9c4e2895ac0cde25ce2a6593b6f.jpg","LowSize":"21942","LowHeight":"200","LowWidth":"200","ThumbPic":"https://inishop.com/img/gallery_thumbs/6ce11a645cf4cd58b6822e5733da0157e28806ed.jpg","ThumbPicSize":"4982","Pic":"https://inishop.com/img/gallery/d64ce7f6a985a89652bf5257d448dbfe296c0843.jpg","Size":"270632","PicHeight":"1440","PicWidth":"1440","Pic500x500":"https://inishop.com/img/gallery_mediums/186030dd478681f2608c52bf3b7cd7b63a847345.jpg","Pic500x500Size":"98464","Pic500x500Height":"500","Pic500x500Width":"500","No":"2","IsMain":"N","Updated":"2025-09-09 09:25:36","IsPrivate":"0","Type":"LifestyleImage","Attributes":{"OriginalFileName":""}},{"ID":"117094621","LowPic":"https://inishop.com/img/gallery_lows/3e19f7e7cb421f9c39e675123d29a4f541f9f4df.jpg","LowSize":"29495","LowHeight":"200","LowWidth":"200","ThumbPic":"https://inishop.com/img/gallery_thumbs/40bef59a7f275e102e8c5e11c65e3041ed4c58ce.jpg","ThumbPicSize":"6559","Pic":"https://inishop.com/img/gallery/3d6fe2f009d8bf4fab2267261b68089c0bfaf286.jpg","Size":"463783","PicHeight":"1440","PicWidth":"1440","Pic500x500":"https://inishop.com/img/gallery_mediums/12ec4697b3960504c3522cdb31ce45b4f1a970a6.jpg","Pic500x500Size":"135867","Pic500x500Height":"500","Pic500x500Width":"500","No":"4","IsMain":"N","Updated":"2025-09-09 09:25:35","IsPrivate":"0","Type":"LifestyleImage","Attributes":{"OriginalFileName":""}},{"ID":"117094630","LowPic":"https://inishop.com/img/gallery_lows/95dd183ac920c61d76e7df4b13ff37dd3e6d2f57.jpg","LowSize":"21528","LowHeight":"200","LowWidth":"200","ThumbPic":"https://inishop.com/img/gallery_thumbs/917982749b0c8484ecf85c9b7838c564e692c18b.jpg","ThumbPicSize":"5029","Pic":"https://inishop.com/img/gallery/6ecebfbf002cb1575b74c9eb9b9b44382527d2ba.jpg","Size":"190409","PicHeight":"1080","PicWidth":"1080","Pic500x500":"https://inishop.com/img/gallery_mediums/763331847fae600b0c4dbfdb6cdc9cb27f456464.jpg","Pic500x500Size":"89709","Pic500x500Height":"500","Pic500x500Width":"500","No":"5","IsMain":"N","Updated":"2025-09-09 09:25:20","IsPrivate":"0","Type":"ProductImageAnnotated","Attributes":{"OriginalFileName":""}},{"ID":"117094631","LowPic":"https://inishop.com/img/gallery_lows/18e8d7c254d7916eca7e078ea2c919ae548b2ba3.jpg","LowSize":"15051","LowHeight":"200","LowWidth":"200","ThumbPic":"https://inishop.com/img/gallery_thumbs/151ed11d3a25f1a2a9f1a8921cc9e47aea0f4f6f.jpg","ThumbPicSize":"3625","Pic":"https://inishop.com/img/gallery/fcded5975ecc1388940640a24cd6fc37d4818f0a.jpg","Size":"128338","PicHeight":"1080","PicWidth":"1080","Pic500x500":"https://inishop.com/img/gallery_mediums/1e679fcd4f58dabf187f87c341fce0b2fea795c5.jpg","Pic500x500Size":"60304","Pic500x500Height":"500","Pic500x500Width":"500","No":"6","IsMain":"N","Updated":"2025-09-09 09:25:31","IsPrivate":"0","Type":"ProductImageAnnotated","Attributes":{"OriginalFileName":""}},{"ID":"117094623","LowPic":"https://inishop.com/img/gallery_lows/aed62a3fa9c194404e1328d4d419ca3c17e7699b.jpg","LowSize":"24447","LowHeight":"200","LowWidth":"200","ThumbPic":"https://inishop.com/img/gallery_thumbs/5ce2b1524e272fc9e8066dc8201a35e4bafa5bd0.jpg","ThumbPicSize":"5188","Pic":"https://inishop.com/img/gallery/ff858360538f7deba790ee0662279dfba4dac395.jpg","Size":"216416","PicHeight":"1080","PicWidth":"1080","Pic500x500":"https://inishop.com/img/gallery_mediums/4a4d3246b6b71f32cab7f678ea5414fd0b762783.jpg","Pic500x500Size":"106056","Pic500x500Height":"500","Pic500x500Width":"500","No":"7","IsMain":"N","Updated":"2025-09-09 09:25:17","IsPrivate":"0","Type":"ProductImage","Attributes":{"OriginalFileName":""}},{"ID":"117094624","LowPic":"https://inishop.com/img/gallery_lows/eabe26041aee4b6b07eaa03c881dccb38401ba66.jpg","LowSize":"12275","LowHeight":"200","LowWidth":"200","ThumbPic":"https://inishop.com/img/gallery_thumbs/7ded90d90de2e07fdb61f9decfb2563b82f137cb.jpg","ThumbPicSize":"3216","Pic":"https://inishop.com/img/gallery/a0ebd6a7ae014ea24dfcbe77b79657137817e837.jpg","Size":"103309","PicHeight":"1080","PicWidth":"1080","Pic500x500":"https://inishop.com/img/gallery_mediums/12fbaa6b178f6840da37cd79dd783d547ecdcbe2.jpg","Pic500x500Size":"48498","Pic500x500Height":"500","Pic500x500Width":"500","No":"8","IsMain":"N","Updated":"2025-09-09 09:25:17","IsPrivate":"0","Type":"ProductImage","Attributes":{"OriginalFileName":""}},{"ID":"117094626","LowPic":"https://inishop.com/img/gallery_lows/d1a9bf3c578c7b093e535c1d339b454a7cd83175.jpg","LowSize":"9626","LowHeight":"200","LowWidth":"200","ThumbPic":"https://inishop.com/img/gallery_thumbs/4c985cbd9d0408a83b86cf35761c9decf5abc385.jpg","ThumbPicSize":"2760","Pic":"https://inishop.com/img/gallery/806fd5df6ca452f88fff064fc36de7ca6155cfb5.jpg","Size":"76013","PicHeight":"1080","PicWidth":"1080","Pic500x500":"https://inishop.com/img/gallery_mediums/2b4650c7addf4275a0c547621a3a87b8b8cf81e7.jpg","Pic500x500Size":"38328","Pic500x500Height":"500","Pic500x500Width":"500","No":"9","IsMain":"N","Updated":"2025-09-09 09:25:42","IsPrivate":"0","Type":"ProductDetailImage","Attributes":{"OriginalFileName":""}},{"ID":"117094627","LowPic":"https://inishop.com/img/gallery_lows/fb1cbef4907b024952d43880bf22e333f218ca24.jpg","LowSize":"14106","LowHeight":"200","LowWidth":"200","ThumbPic":"https://inishop.com/img/gallery_thumbs/57a6280eeac3ef84088ff64005173c678078641d.jpg","ThumbPicSize":"3578","Pic":"https://inishop.com/img/gallery/e3285c59e17be09f03ec0db45e888ef6b30adfa3.jpg","Size":"204158","PicHeight":"1440","PicWidth":"1440","Pic500x500":"https://inishop.com/img/gallery_mediums/9d4051f529639b57b39ea3766c41ecdbbb9b5eb7.jpg","Pic500x500Size":"58557","Pic500x500Height":"500","Pic500x500Width":"500","No":"10","IsMain":"N","Updated":"2025-09-09 09:25:43","IsPrivate":"0","Type":"ProductDetailImage","Attributes":{"OriginalFileName":""}},{"ID":"117094625","LowPic":"https://inishop.com/img/gallery_lows/ea49a287656a77e876a4405b710e844ffa446cf9.jpg","LowSize":"9308","LowHeight":"200","LowWidth":"200","ThumbPic":"https://inishop.com/img/gallery_thumbs/b46e850eaff43433e99dbc2bc5b9297074f26af1.jpg","ThumbPicSize":"2835","Pic":"https://inishop.com/img/gallery/7a3a7a564cc06000bdefa8dcf268430eabcf573c.jpg","Size":"62715","PicHeight":"1080","PicWidth":"1080","Pic500x500":"https://inishop.com/img/gallery_mediums/daad835c91cde731ca4bf441ba417954ff9adae4.jpg","Pic500x500Size":"33445","Pic500x500Height":"500","Pic500x500Width":"500","No":"11","IsMain":"N","Updated":"2025-09-09 09:25:47","IsPrivate":"0","Type":"ProductPackagingImage","Attributes":{"OriginalFileName":""}}],"FeaturesGroups":[{"ID":28803,"SortNo":"30","FeatureGroup":{"ID":"185","Name":{"Value":"Features","Language":"EN"}},"Features":[{"Localized":0,"ID":631849762,"LocalID":0,"Type":"dropdown","Value":"Mini vibrator","CategoryFeatureId":"808782","CategoryFeatureGroupID":"28803","SortNo":"150","PresentationValue":"Mini vibrator","RawValue":"Mini vibrator","LocalValue":"Mini vibrator","Description":"The sub-category of the product.","Mandatory":"1","Searchable":"1","Optional":"0","Feature":{"ID":"14052","Sign":"","Measure":{"ID":"29","Sign":"","Signs":{"ID":"","_":"","Language":"EN"}},"Name":{"Value":"Product type","Language":"EN"}}},{"Localized":0,"ID":631849759,"LocalID":0,"Type":"dropdown","Value":"Curved","CategoryFeatureId":"270233","CategoryFeatureGroupID":"28803","SortNo":"100","PresentationValue":"Curved","RawValue":"Curved","LocalValue":"Curved","Description":"The external form, contours, or outline of the product.","Mandatory":"0","Searchable":"0","Optional":"0","Feature":{"ID":"9397","Sign":"","Measure":{"ID":"29","Sign":"","Signs":{"ID":"","_":"","Language":"EN"}},"Name":{"Value":"Shape","Language":"EN"}}},{"Localized":0,"ID":631849766,"LocalID":0,"Type":"dropdown","Value":"Clitoral stimulation","CategoryFeatureId":"808780","CategoryFeatureGroupID":"28803","SortNo":"100","PresentationValue":"Clitoral stimulation","RawValue":"Clitoral stimulation","LocalValue":"Clitoral stimulation","Description":"","Mandatory":"1","Searchable":"1","Optional":"0","Feature":{"ID":"44730","Sign":"","Measure":{"ID":"29","Sign":"","Signs":{"ID":"","_":"","Language":"EN"}},"Name":{"Value":"Stimulation type","Language":"EN"}}},{"Localized":0,"ID":631849764,"LocalID":0,"Type":"dropdown","Value":"Ambidextrous","CategoryFeatureId":"315245","CategoryFeatureGroupID":"28803","SortNo":"68","PresentationValue":"Ambidextrous","RawValue":"Ambidextrous","LocalValue":"Ambidextrous","Description":"The design allows to draw the gun with the right or left hand or both (ambidextrous).","Mandatory":"0","Searchable":"0","Optional":"0","Feature":{"ID":"21183","Sign":"","Measure":{"ID":"29","Sign":"","Signs":{"ID":"","_":"","Language":"EN"}},"Name":{"Value":"Hand orientation","Language":"EN"}}},{"Localized":0,"ID":631849751,"LocalID":0,"Type":"multi_dropdown","Value":"Buttons","CategoryFeatureId":"315247","CategoryFeatureGroupID":"28803","SortNo":"45","PresentationValue":"Buttons","RawValue":"Buttons","LocalValue":"Buttons","Description":"The way in which the device is controlled.","Mandatory":"0","Searchable":"0","Optional":"0","Feature":{"ID":"2651","Sign":"","Measure":{"ID":"29","Sign":"","Signs":{"ID":"","_":"","Language":"EN"}},"Name":{"Value":"Control type","Language":"EN"}}},{"Localized":0,"ID":631849750,"LocalID":0,"Type":"numerical","Value":"7","CategoryFeatureId":"315239","CategoryFeatureGroupID":"28803","SortNo":"40","PresentationValue":"7","RawValue":"7","LocalValue":"7","Description":"The different speeds that the device can operate at.","Mandatory":"0","Searchable":"0","Optional":"0","Feature":{"ID":"2594","Sign":"","Measure":{"ID":"29","Sign":"","Signs":{"ID":"","_":"","Language":"EN"}},"Name":{"Value":"Number of speeds","Language":"EN"}}},{"Localized":0,"ID":631849765,"LocalID":0,"Type":"numerical","Value":"3","CategoryFeatureId":"315240","CategoryFeatureGroupID":"28803","SortNo":"40","PresentationValue":"3","RawValue":"3","LocalValue":"3","Description":"","Mandatory":"0","Searchable":"0","Optional":"0","Feature":{"ID":"34368","Sign":"","Measure":{"ID":"29","Sign":"","Signs":{"ID":"","_":"","Language":"EN"}},"Name":{"Value":"Number of patterns","Language":"EN"}}},{"Localized":0,"ID":631849757,"LocalID":0,"Type":"y_n","Value":"Y","CategoryFeatureId":"270246","CategoryFeatureGroupID":"28803","SortNo":"35","PresentationValue":"Yes","RawValue":"Y","LocalValue":"Yes","Description":"The product is protected from water, staying dry if liquid is spilt on it or it gets wet in the rain.","Mandatory":"0","Searchable":"0","Optional":"0","Feature":{"ID":"7509","Sign":"","Measure":{"ID":"26","Sign":"","Signs":{"ID":"","_":"","Language":"EN"}},"Name":{"Value":"Waterproof","Language":"EN"}}},{"Localized":0,"ID":631849749,"LocalID":0,"Type":"dropdown","Value":"Matt","CategoryFeatureId":"315569","CategoryFeatureGroupID":"28803","SortNo":"30","PresentationValue":"Matt","RawValue":"Matt","LocalValue":"Matt","Description":"The way that a product is finished e.g. a matt or gloss finish.","Mandatory":"0","Searchable":"0","Optional":"0","Feature":{"ID":"2254","Sign":"","Measure":{"ID":"29","Sign":"","Signs":{"ID":"","_":"","Language":"EN"}},"Name":{"Value":"Finish type","Language":"EN"}}},{"Localized":0,"ID":631849756,"LocalID":0,"Type":"y_n","Value":"Y","CategoryFeatureId":"315241","CategoryFeatureGroupID":"28803","SortNo":"29","PresentationValue":"Yes","RawValue":"Y","LocalValue":"Yes","Description":"","Mandatory":"0","Searchable":"0","Optional":"0","Feature":{"ID":"4220","Sign":"","Measure":{"ID":"26","Sign":"","Signs":{"ID":"","_":"","Language":"EN"}},"Name":{"Value":"Battery charge indicator","Language":"EN"}}},{"Localized":0,"ID":631850361,"LocalID":0,"Type":"multi_dropdown","Value":"Violet","CategoryFeatureId":"270236","CategoryFeatureGroupID":"28803","SortNo":"0","PresentationValue":"Violet","RawValue":"Violet","LocalValue":"Violet","Description":"The colour e.g. red, blue, green, black, white.","Mandatory":"1","Searchable":"1","Optional":"0","Feature":{"ID":"1766","Sign":"","Measure":{"ID":"29","Sign":"","Signs":{"ID":"","_":"","Language":"EN"}},"Name":{"Value":"Product colour","Language":"EN"}}}]},{"ID":28805,"SortNo":"25","FeatureGroup":{"ID":"143","Name":{"Value":"Battery","Language":"EN"}},"Features":[{"Localized":0,"ID":631849748,"LocalID":0,"Type":"dropdown","Value":"Built-in battery","CategoryFeatureId":"270240","CategoryFeatureGroupID":"28805","SortNo":"170","PresentationValue":"Built-in battery","RawValue":"Built-in battery","LocalValue":"Built-in battery","Description":"Description of battery supplied with the product, such battery form factor (e.g. AA/AAA).","Mandatory":"1","Searchable":"0","Optional":"0","Feature":{"ID":"908","Sign":"","Measure":{"ID":"29","Sign":"","Signs":{"ID":"","_":"","Language":"EN"}},"Name":{"Value":"Battery type","Language":"EN"}}},{"Localized":0,"ID":631849758,"LocalID":0,"Type":"numerical","Value":"2","CategoryFeatureId":"270237","CategoryFeatureGroupID":"28805","SortNo":"19","PresentationValue":"2 h","RawValue":"2","LocalValue":"2","Description":"The length of time which the product can be operated for.","Mandatory":"0","Searchable":"0","Optional":"0","Feature":{"ID":"8305","Sign":"","Measure":{"ID":"46","Sign":"","Signs":{"ID":"30","_":"h","Language":"EN"}},"Name":{"Value":"Operating time","Language":"EN"}}},{"Localized":0,"ID":631849755,"LocalID":0,"Type":"numerical","Value":"7","CategoryFeatureId":"270238","CategoryFeatureGroupID":"28805","SortNo":"19","PresentationValue":"7 h","RawValue":"7","LocalValue":"7","Description":"The amount of time needed to charge the product.","Mandatory":"0","Searchable":"0","Optional":"0","Feature":{"ID":"4087","Sign":"","Measure":{"ID":"46","Sign":"","Signs":{"ID":"30","_":"h","Language":"EN"}},"Name":{"Value":"Charging time","Language":"EN"}}},{"Localized":0,"ID":631849761,"LocalID":0,"Type":"y_n","Value":"Y","CategoryFeatureId":"315558","CategoryFeatureGroupID":"28805","SortNo":"15","PresentationValue":"Yes","RawValue":"Y","LocalValue":"Yes","Description":"","Mandatory":"0","Searchable":"0","Optional":"0","Feature":{"ID":"11194","Sign":"","Measure":{"ID":"26","Sign":"","Signs":{"ID":"","_":"","Language":"EN"}},"Name":{"Value":"USB charging","Language":"EN"}}}]},{"ID":28807,"SortNo":"15","FeatureGroup":{"ID":"14","Name":{"Value":"Weight & dimensions","Language":"EN"}},"Features":[{"Localized":0,"ID":631849752,"LocalID":0,"Type":"numerical","Value":"108","CategoryFeatureId":"270247","CategoryFeatureGroupID":"28807","SortNo":"49","PresentationValue":"108 mm","RawValue":"108","LocalValue":"108","Description":"The measurement or extent of something from end to end.","Mandatory":"1","Searchable":"0","Optional":"0","Feature":{"ID":"2738","Sign":"","Measure":{"ID":"24","Sign":"","Signs":{"ID":"3","_":"mm","Language":"EN"}},"Name":{"Value":"Length","Language":"EN"}}},{"Localized":0,"ID":631849753,"LocalID":0,"Type":"numerical","Value":"41","CategoryFeatureId":"270248","CategoryFeatureGroupID":"28807","SortNo":"47","PresentationValue":"4.1 cm","RawValue":"41","LocalValue":"4.1","Description":"Distance from one side of a body (circle or sphere) to the other side, measured by a straight line passing through the centre of the body.","Mandatory":"0","Searchable":"0","Optional":"0","Feature":{"ID":"2931","Sign":"","Measure":{"ID":"24","Sign":"","Signs":{"ID":"3","_":"mm","Language":"EN"}},"Name":{"Value":"Diameter","Language":"EN"}}},{"Localized":0,"ID":631849746,"LocalID":0,"Type":"numerical","Value":"98","CategoryFeatureId":"315246","CategoryFeatureGroupID":"28807","SortNo":"11","PresentationValue":"98 g","RawValue":"98","LocalValue":"98","Description":"Weight of the product without packaging (net weight). If possible, the net weight is given including standard accessories and supplies. Please note that sometimes the manufacturer leaves out the weight of accessories and/or supplies.","Mandatory":"0","Searchable":"0","Optional":"0","Feature":{"ID":"94","Sign":"","Measure":{"ID":"38","Sign":"","Signs":{"ID":"22","_":"g","Language":"EN"}},"Name":{"Value":"Weight","Language":"EN"}}}]},{"ID":28804,"SortNo":"10","FeatureGroup":{"ID":"116","Name":{"Value":"Packaging content","Language":"EN"}},"Features":[{"Localized":0,"ID":631849763,"LocalID":0,"Type":"numerical","Value":"1","CategoryFeatureId":"660396","CategoryFeatureGroupID":"28804","SortNo":"500","PresentationValue":"1 pc(s)","RawValue":"1","LocalValue":"1","Description":"","Mandatory":"0","Searchable":"0","Optional":"0","Feature":{"ID":"20228","Sign":"","Measure":{"ID":"144","Sign":"","Signs":{"ID":"125","_":"pc(s)","Language":"EN"}},"Name":{"Value":"Quantity per pack","Language":"EN"}}},{"Localized":0,"ID":631849754,"LocalID":0,"Type":"y_n","Value":"Y","CategoryFeatureId":"315244","CategoryFeatureGroupID":"28804","SortNo":"100","PresentationValue":"Yes","RawValue":"Y","LocalValue":"Yes","Description":"","Mandatory":"0","Searchable":"0","Optional":"0","Feature":{"ID":"3965","Sign":"","Measure":{"ID":"26","Sign":"","Signs":{"ID":"","_":"","Language":"EN"}},"Name":{"Value":"Manual","Language":"EN"}}},{"Localized":0,"ID":631849760,"LocalID":0,"Type":"textarea","Value":"1 x USB charging cable","CategoryFeatureId":"593891","CategoryFeatureGroupID":"28804","SortNo":"-100","PresentationValue":"1 x USB charging cable","RawValue":"1 x USB charging cable","LocalValue":"1 x USB charging cable","Description":"","Mandatory":"0","Searchable":"0","Optional":"0","Feature":{"ID":"10622","Sign":"","Measure":{"ID":"29","Sign":"","Signs":{"ID":"","_":"","Language":"EN"}},"Name":{"Value":"Packaging content","Language":"EN"}}}]}],"FeatureLogos":[],"ReasonsToBuy":[],"Reviews":[],"ProductRelated":[],"CatalogObjectCloud":{},"Variants":[],"ProductStory":[],"Dictionary":{"model_name":"Product name","desc":"Description","ean_code":"EAN/UPC code","flash360":"3D tour","demo_msg_part3":"If you don't have an Icecat account, please register here for free.","repairability_index":"Repairability index","zoom_panel_init":"Original size","cat_name":"Category","product_family":"Product family","back_to_top":"Back to top","zoom_panel_out":"Zoom out","specs":"Specs","eu_product_fiche":"EU Product Fiche","reviews_head_name":"Reviews","pdf_specs":"Product Brochure","zoom_panel_in":"Zoom in","html_content":"","release_date":"Release date","demo_msg_part1":"You are using now a Demo account. Please, use your own Icecat account","demo_insert_desc":"This is a demo of a seamless insert of an Icecat LIVE product data-sheet in your website. Imagine that this responsive data-sheet is included in the product page of your webshop.","pdf_url":"User manual","prod_code":"Product code","supplier_name":"Brand","video":"Video","reasons_to_buy":"Reasons to buy","marketing_text":"Description","options_head_name":"Options","product_series":"Product series","demo_msg_part2":"your Icecat login name","link_integrate_desk":"How to integrate Icecat LIVE JavaScript.","zoom_panel_dragg":"Mouse dragging","eu_energy_label":"EU Energy Label"},"DemoAccount":false}}