{"msg":"OK","data":{"GeneralInfo":{"IcecatId":100731417,"ReleaseDate":"","EndOfLifeDate":"","Title":"Belcando Adult Lamb & Rice 4 kg Lamb, Rice","TitleInfo":{"GeneratedIntTitle":"Belcando Adult Lamb & Rice","GeneratedLocalTitle":{"Value":"Belcando Adult Lamb & Rice 4 kg Lamb, Rice","Language":"EN"},"BrandLocalTitle":{"Value":"","Language":"EN"}},"Brand":"Belcando","BrandID":"32628","BrandLogo":"","BrandInfo":{"BrandName":"Belcando","BrandLocalName":"","BrandLogo":""},"ProductName":"Adult Lamb & Rice","ProductNameInfo":{"ProductIntName":"Adult Lamb & Rice","ProductLocalName":{"Value":"","Language":"EN"}},"BrandPartCode":"557815","GTIN":["4002633557810"],"Category":{"CategoryID":"3398","Name":{"Value":"Dogs Dry Food","Language":"EN"}},"ProductFamily":{},"ProductSeries":{"SeriesID":"1"},"Description":{"ID":"104044675","LongDesc":"Easily digestible and particularly well tolerated thanks to selected combinations of raw ingredients. BELCANDO LAMB & RICE is a holistically appropriate diet for sensitive dogs. Rich in highly compatible lamb and easily digestible rice. Chia seeds promote digestion with natural mucins and supply essential fatty acids. The protein and fat content is adapted to the energy requirements of dogs with normal activity levels.<br><br>Ratio of animal protein to total protein: 75% (Lamb 40%, Poultry 35%)","LongProductName":"Adult Lamb & Rice, 4 kg","MiddleDesc":"","Disclaimer":"","ManualPDFURL":"","ManualPDFSize":"0","LeafletPDFURL":"","PDFSize":"0","URL":"https://www.belcando.com/belcando-adult-lamb-rice","WarrantyInfo":"","Updated":"2025-09-09 12:23:31","Language":"EN"},"SummaryDescription":{"ShortSummaryDescription":"Belcando Adult Lamb & Rice, Adult, Lamb, Rice, 4 kg, Lactose free","LongSummaryDescription":"Belcando Adult Lamb & Rice. Pet life stage: Adult, Pet food flavor: Lamb, Rice, Weight: 4 kg, Lactose free, Grain free"},"BulletPoints":{"BulletPointsId":"13608999","Language":"EN","Values":["Sensitive nutrition for dogs with normal activity levels","Highly digestible thanks to chia seeds"],"Updated":"2025-09-09 12:23:31"},"GeneratedBulletPoints":{},"GTINs":[{"GTIN":"4002633557810","IsApproved":true}]},"Image":{"HighPic":"https://inishop.com/img/gallery/100731417_6906202768.jpg","HighPicSize":"297592","HighPicHeight":"800","HighPicWidth":"450","LowPic":"https://inishop.com/img/gallery_lows/100731417_6906202768.jpg","LowPicSize":"23450","LowPicHeight":"200","LowPicWidth":"113","Pic500x500":"https://inishop.com/img/gallery_mediums/100731417_6906202768.jpg","Pic500x500Size":"123256","Pic500x500Height":"500","Pic500x500Width":"281","ThumbPic":"https://inishop.com/img/gallery_thumbs/100731417_6906202768.jpg","ThumbPicSize":"4740"},"Multimedia":[],"Gallery":[{"ID":"64846898","LowPic":"https://inishop.com/img/gallery_lows/100731417_6906202768.jpg","LowSize":"23450","LowHeight":"200","LowWidth":"113","ThumbPic":"https://inishop.com/img/gallery_thumbs/100731417_6906202768.jpg","ThumbPicSize":"4740","Pic":"https://inishop.com/img/gallery/100731417_6906202768.jpg","Size":"297592","PicHeight":"800","PicWidth":"450","Pic500x500":"https://inishop.com/img/gallery_mediums/100731417_6906202768.jpg","Pic500x500Size":"123256","Pic500x500Height":"500","Pic500x500Width":"281","No":"1","IsMain":"Y","Updated":"2022-07-24 10:49:10","IsPrivate":"0","Type":"ProductImage","Attributes":{"OriginalFileName":""}},{"ID":"64846899","LowPic":"https://inishop.com/img/gallery_lows/86695588_5665010069.jpg","LowSize":"50158","LowHeight":"200","LowWidth":"200","ThumbPic":"https://inishop.com/img/gallery_thumbs/86695588_5665010069.jpg","ThumbPicSize":"9286","Pic":"https://inishop.com/img/gallery/86695588_5665010069.jpg","Size":"561921","PicHeight":"800","PicWidth":"800","Pic500x500":"https://inishop.com/img/gallery_mediums/86695588_5665010069.jpg","Pic500x500Size":"265863","Pic500x500Height":"500","Pic500x500Width":"500","No":"2","IsMain":"N","Updated":"2024-03-11 09:14:46","IsPrivate":"0","Type":"ProductImage","Attributes":{"OriginalFileName":""}},{"ID":"117095982","LowPic":"https://inishop.com/img/gallery_lows/d66cb8dc7d86ec171869a9cba1d10a55555ae2c9.jpg","LowSize":"39483","LowHeight":"200","LowWidth":"200","ThumbPic":"https://inishop.com/img/gallery_thumbs/6e09a9d1a51aa07deeaf88bab1130d417496f08a.jpg","ThumbPicSize":"8148","Pic":"https://inishop.com/img/gallery/876a45afbb6603bf43b58531969d64861bcf04c0.jpg","Size":"322769","PicHeight":"800","PicWidth":"800","Pic500x500":"https://inishop.com/img/gallery_mediums/6ee519809c76d59149a9fb643308215bb4b4fec5.jpg","Pic500x500Size":"191684","Pic500x500Height":"500","Pic500x500Width":"500","No":"3","IsMain":"N","Updated":"2025-09-09 11:43:32","IsPrivate":"0","Type":"ProductImage","Attributes":{"OriginalFileName":""}}],"FeaturesGroups":[{"ID":13305,"SortNo":"10","FeatureGroup":{"ID":"185","Name":{"Value":"Features","Language":"EN"}},"Features":[{"Localized":0,"ID":491196056,"LocalID":0,"Type":"numerical","Value":"4000","CategoryFeatureId":"189213","CategoryFeatureGroupID":"13305","SortNo":"200","PresentationValue":"4 kg","RawValue":"4000","LocalValue":"4","Description":"Weight of the product without packaging (net weight). If possible, the net weight is given including standard accessories and supplies. Please note that sometimes the manufacturer leaves out the weight of accessories and/or supplies.","Mandatory":"1","Searchable":"0","Optional":"0","Feature":{"ID":"94","Sign":"","Measure":{"ID":"38","Sign":"","Signs":{"ID":"22","_":"g","Language":"EN"}},"Name":{"Value":"Weight","Language":"EN"}}},{"Localized":0,"ID":491196395,"LocalID":0,"Type":"multi_dropdown","Value":"Vitamin A,Vitamin D3,Vitamin E","CategoryFeatureId":"201495","CategoryFeatureGroupID":"13305","SortNo":"175","PresentationValue":"Vitamin A, Vitamin D3, Vitamin E","RawValue":"Vitamin A,Vitamin D3,Vitamin E","LocalValue":"Vitamin A, Vitamin D3, Vitamin E","Description":"","Mandatory":"0","Searchable":"0","Optional":"0","Feature":{"ID":"26607","Sign":"","Measure":{"ID":"29","Sign":"","Signs":{"ID":"","_":"","Language":"EN"}},"Name":{"Value":"Includes vitamins","Language":"EN"}}},{"Localized":0,"ID":491196443,"LocalID":0,"Type":"y_n","Value":"Y","CategoryFeatureId":"201482","CategoryFeatureGroupID":"13305","SortNo":"170","PresentationValue":"Yes","RawValue":"Y","LocalValue":"Yes","Description":"","Mandatory":"0","Searchable":"0","Optional":"0","Feature":{"ID":"30403","Sign":"","Measure":{"ID":"26","Sign":"","Signs":{"ID":"","_":"","Language":"EN"}},"Name":{"Value":"Grain free","Language":"EN"}}},{"Localized":0,"ID":491196449,"LocalID":0,"Type":"y_n","Value":"Y","CategoryFeatureId":"201481","CategoryFeatureGroupID":"13305","SortNo":"160","PresentationValue":"Yes","RawValue":"Y","LocalValue":"Yes","Description":"","Mandatory":"0","Searchable":"0","Optional":"0","Feature":{"ID":"21348","Sign":"","Measure":{"ID":"26","Sign":"","Signs":{"ID":"","_":"","Language":"EN"}},"Name":{"Value":"Lactose free","Language":"EN"}}},{"Localized":0,"ID":491196049,"LocalID":0,"Type":"dropdown","Value":"Adult (animal)","CategoryFeatureId":"122907","CategoryFeatureGroupID":"13305","SortNo":"20","PresentationValue":"Adult","RawValue":"Adult (animal)","LocalValue":"Adult","Description":"","Mandatory":"1","Searchable":"1","Optional":"0","Feature":{"ID":"20700","Sign":"","Measure":{"ID":"29","Sign":"","Signs":{"ID":"","_":"","Language":"EN"}},"Name":{"Value":"Pet life stage","Language":"EN"}}},{"Localized":0,"ID":491196053,"LocalID":0,"Type":"multi_dropdown","Value":"Lamb,Rice","CategoryFeatureId":"122918","CategoryFeatureGroupID":"13305","SortNo":"17","PresentationValue":"Lamb, Rice","RawValue":"Lamb,Rice","LocalValue":"Lamb, Rice","Description":"","Mandatory":"1","Searchable":"1","Optional":"0","Feature":{"ID":"20702","Sign":"","Measure":{"ID":"29","Sign":"","Signs":{"ID":"","_":"","Language":"EN"}},"Name":{"Value":"Pet food flavor","Language":"EN"}}}]},{"ID":22475,"SortNo":"8","FeatureGroup":{"ID":"200","Name":{"Value":"Nutrition facts","Language":"EN"}},"Features":[{"Localized":0,"ID":491196493,"LocalID":0,"Type":"numerical","Value":"23","CategoryFeatureId":"122923","CategoryFeatureGroupID":"22475","SortNo":"100","PresentationValue":"23%","RawValue":"23","LocalValue":"23","Description":"","Mandatory":"0","Searchable":"0","Optional":"0","Feature":{"ID":"20705","Sign":"","Measure":{"ID":"64","Sign":"","Signs":{"ID":"47","_":"%","Language":"EN"}},"Name":{"Value":"Protein","Language":"EN"}}},{"Localized":0,"ID":491196498,"LocalID":0,"Type":"numerical","Value":"12.5","CategoryFeatureId":"122924","CategoryFeatureGroupID":"22475","SortNo":"100","PresentationValue":"12.5%","RawValue":"12.5","LocalValue":"12.5","Description":"","Mandatory":"0","Searchable":"0","Optional":"0","Feature":{"ID":"20706","Sign":"","Measure":{"ID":"64","Sign":"","Signs":{"ID":"47","_":"%","Language":"EN"}},"Name":{"Value":"Fat content","Language":"EN"}}},{"Localized":0,"ID":491196502,"LocalID":0,"Type":"numerical","Value":"7","CategoryFeatureId":"122925","CategoryFeatureGroupID":"22475","SortNo":"100","PresentationValue":"7%","RawValue":"7","LocalValue":"7","Description":"","Mandatory":"0","Searchable":"0","Optional":"0","Feature":{"ID":"20707","Sign":"","Measure":{"ID":"64","Sign":"","Signs":{"ID":"47","_":"%","Language":"EN"}},"Name":{"Value":"Crude ash","Language":"EN"}}},{"Localized":0,"ID":491196503,"LocalID":0,"Type":"numerical","Value":"3.2","CategoryFeatureId":"122926","CategoryFeatureGroupID":"22475","SortNo":"100","PresentationValue":"3.2%","RawValue":"3.2","LocalValue":"3.2","Description":"","Mandatory":"0","Searchable":"0","Optional":"0","Feature":{"ID":"20708","Sign":"","Measure":{"ID":"64","Sign":"","Signs":{"ID":"47","_":"%","Language":"EN"}},"Name":{"Value":"Crude fibres","Language":"EN"}}},{"Localized":0,"ID":491196516,"LocalID":0,"Type":"numerical","Value":"1","CategoryFeatureId":"201489","CategoryFeatureGroupID":"22475","SortNo":"100","PresentationValue":"1%","RawValue":"1","LocalValue":"1","Description":"","Mandatory":"0","Searchable":"0","Optional":"0","Feature":{"ID":"30405","Sign":"","Measure":{"ID":"64","Sign":"","Signs":{"ID":"47","_":"%","Language":"EN"}},"Name":{"Value":"Phosphorus","Language":"EN"}}},{"Localized":0,"ID":491196524,"LocalID":0,"Type":"numerical","Value":"1.6","CategoryFeatureId":"201490","CategoryFeatureGroupID":"22475","SortNo":"100","PresentationValue":"1.6%","RawValue":"1.6","LocalValue":"1.6","Description":"","Mandatory":"0","Searchable":"0","Optional":"0","Feature":{"ID":"30404","Sign":"","Measure":{"ID":"64","Sign":"","Signs":{"ID":"47","_":"%","Language":"EN"}},"Name":{"Value":"Calcium","Language":"EN"}}},{"Localized":0,"ID":491196522,"LocalID":0,"Type":"numerical","Value":"0.35","CategoryFeatureId":"201491","CategoryFeatureGroupID":"22475","SortNo":"100","PresentationValue":"0.35%","RawValue":"0.35","LocalValue":"0.35","Description":"","Mandatory":"0","Searchable":"0","Optional":"0","Feature":{"ID":"30406","Sign":"","Measure":{"ID":"64","Sign":"","Signs":{"ID":"47","_":"%","Language":"EN"}},"Name":{"Value":"Sodium","Language":"EN"}}},{"Localized":0,"ID":491196509,"LocalID":0,"Type":"numerical","Value":"10","CategoryFeatureId":"694050","CategoryFeatureGroupID":"22475","SortNo":"93","PresentationValue":"10%","RawValue":"10","LocalValue":"10","Description":"","Mandatory":"0","Searchable":"0","Optional":"0","Feature":{"ID":"24554","Sign":"","Measure":{"ID":"64","Sign":"","Signs":{"ID":"47","_":"%","Language":"EN"}},"Name":{"Value":"Moisture content","Language":"EN"}}},{"Localized":0,"ID":491196728,"LocalID":0,"Type":"numerical","Value":"500","CategoryFeatureId":"205026","CategoryFeatureGroupID":"22475","SortNo":"82","PresentationValue":"500 mg/kg","RawValue":"500","LocalValue":"500","Description":"","Mandatory":"0","Searchable":"0","Optional":"0","Feature":{"ID":"30775","Sign":"","Measure":{"ID":"395","Sign":"","Signs":{"ID":"31867","_":"mg/kg","Language":"EN"}},"Name":{"Value":"Taurine content","Language":"EN"}}},{"Localized":0,"ID":491196646,"LocalID":0,"Type":"numerical","Value":"200","CategoryFeatureId":"205029","CategoryFeatureGroupID":"22475","SortNo":"73","PresentationValue":"200 mg/kg","RawValue":"200","LocalValue":"200","Description":"","Mandatory":"0","Searchable":"0","Optional":"0","Feature":{"ID":"30781","Sign":"","Measure":{"ID":"395","Sign":"","Signs":{"ID":"31867","_":"mg/kg","Language":"EN"}},"Name":{"Value":"Iron content","Language":"EN"}}},{"Localized":0,"ID":491196651,"LocalID":0,"Type":"numerical","Value":"150","CategoryFeatureId":"205030","CategoryFeatureGroupID":"22475","SortNo":"70","PresentationValue":"150 mg/kg","RawValue":"150","LocalValue":"150","Description":"","Mandatory":"0","Searchable":"0","Optional":"0","Feature":{"ID":"30782","Sign":"","Measure":{"ID":"395","Sign":"","Signs":{"ID":"31867","_":"mg/kg","Language":"EN"}},"Name":{"Value":"Zinc content","Language":"EN"}}},{"Localized":0,"ID":491196650,"LocalID":0,"Type":"numerical","Value":"40","CategoryFeatureId":"205031","CategoryFeatureGroupID":"22475","SortNo":"67","PresentationValue":"40 mg/kg","RawValue":"40","LocalValue":"40","Description":"","Mandatory":"0","Searchable":"0","Optional":"0","Feature":{"ID":"30783","Sign":"","Measure":{"ID":"395","Sign":"","Signs":{"ID":"31867","_":"mg/kg","Language":"EN"}},"Name":{"Value":"Manganese content","Language":"EN"}}},{"Localized":0,"ID":491196630,"LocalID":0,"Type":"numerical","Value":"12.5","CategoryFeatureId":"205032","CategoryFeatureGroupID":"22475","SortNo":"64","PresentationValue":"12.5 mg/kg","RawValue":"12.5","LocalValue":"12.5","Description":"","Mandatory":"0","Searchable":"0","Optional":"0","Feature":{"ID":"30784","Sign":"","Measure":{"ID":"395","Sign":"","Signs":{"ID":"31867","_":"mg/kg","Language":"EN"}},"Name":{"Value":"Copper content","Language":"EN"}}},{"Localized":0,"ID":491196639,"LocalID":0,"Type":"numerical","Value":"2","CategoryFeatureId":"205033","CategoryFeatureGroupID":"22475","SortNo":"61","PresentationValue":"2 mg/kg","RawValue":"2","LocalValue":"2","Description":"","Mandatory":"0","Searchable":"0","Optional":"0","Feature":{"ID":"30785","Sign":"","Measure":{"ID":"395","Sign":"","Signs":{"ID":"31867","_":"mg/kg","Language":"EN"}},"Name":{"Value":"Iodine content","Language":"EN"}}},{"Localized":0,"ID":491196659,"LocalID":0,"Type":"numerical","Value":"0.05","CategoryFeatureId":"205034","CategoryFeatureGroupID":"22475","SortNo":"58","PresentationValue":"0.05 mg/kg","RawValue":"0.05","LocalValue":"0.05","Description":"","Mandatory":"0","Searchable":"0","Optional":"0","Feature":{"ID":"30786","Sign":"","Measure":{"ID":"395","Sign":"","Signs":{"ID":"31867","_":"mg/kg","Language":"EN"}},"Name":{"Value":"Selenium content","Language":"EN"}}},{"Localized":0,"ID":491196532,"LocalID":0,"Type":"numerical","Value":"13000","CategoryFeatureId":"205036","CategoryFeatureGroupID":"22475","SortNo":"55","PresentationValue":"13000 IU/kg","RawValue":"13000","LocalValue":"13000","Description":"","Mandatory":"0","Searchable":"0","Optional":"0","Feature":{"ID":"30787","Sign":"","Measure":{"ID":"394","Sign":"","Signs":{"ID":"31813","_":"IU/kg","Language":"EN"}},"Name":{"Value":"Vitamin A content","Language":"EN"}}},{"Localized":0,"ID":491196533,"LocalID":0,"Type":"numerical","Value":"1300","CategoryFeatureId":"205037","CategoryFeatureGroupID":"22475","SortNo":"52","PresentationValue":"1300 IU/kg","RawValue":"1300","LocalValue":"1300","Description":"","Mandatory":"0","Searchable":"0","Optional":"0","Feature":{"ID":"30788","Sign":"","Measure":{"ID":"394","Sign":"","Signs":{"ID":"31813","_":"IU/kg","Language":"EN"}},"Name":{"Value":"Vitamin D3 content","Language":"EN"}}},{"Localized":0,"ID":491196536,"LocalID":0,"Type":"numerical","Value":"130","CategoryFeatureId":"205038","CategoryFeatureGroupID":"22475","SortNo":"49","PresentationValue":"130 mg/kg","RawValue":"130","LocalValue":"130","Description":"","Mandatory":"0","Searchable":"0","Optional":"0","Feature":{"ID":"30789","Sign":"","Measure":{"ID":"395","Sign":"","Signs":{"ID":"31867","_":"mg/kg","Language":"EN"}},"Name":{"Value":"Vitamin E content","Language":"EN"}}}]},{"ID":39141,"SortNo":"-1","FeatureGroup":{"ID":"198","Name":{"Value":"Logistics data","Language":"EN"}},"Features":[{"Localized":0,"ID":491196740,"LocalID":0,"Type":"multi_dropdown","Value":"Germany","CategoryFeatureId":"377144","CategoryFeatureGroupID":"39141","SortNo":"0","PresentationValue":"Germany","RawValue":"Germany","LocalValue":"Germany","Description":"Country where the device is made. Aka Country of manufacture (COM).","Mandatory":"0","Searchable":"0","Optional":"0","Feature":{"ID":"3294","Sign":"","Measure":{"ID":"29","Sign":"","Signs":{"ID":"","_":"","Language":"EN"}},"Name":{"Value":"Country of origin","Language":"EN"}}}]}],"FeatureLogos":[],"ReasonsToBuy":[],"Reviews":[],"ProductRelated":[],"CatalogObjectCloud":{},"Variants":[],"ProductStory":[],"Dictionary":{"model_name":"Product name","desc":"Description","ean_code":"EAN/UPC code","flash360":"3D tour","demo_msg_part3":"If you don't have an Icecat account, please register here for free.","repairability_index":"Repairability index","zoom_panel_init":"Original size","cat_name":"Category","product_family":"Product family","back_to_top":"Back to top","zoom_panel_out":"Zoom out","specs":"Specs","eu_product_fiche":"EU Product Fiche","reviews_head_name":"Reviews","pdf_specs":"Product Brochure","zoom_panel_in":"Zoom in","html_content":"","release_date":"Release date","demo_msg_part1":"You are using now a Demo account. Please, use your own Icecat account","demo_insert_desc":"This is a demo of a seamless insert of an Icecat LIVE product data-sheet in your website. Imagine that this responsive data-sheet is included in the product page of your webshop.","pdf_url":"User manual","prod_code":"Product code","supplier_name":"Brand","video":"Video","reasons_to_buy":"Reasons to buy","marketing_text":"Description","options_head_name":"Options","product_series":"Product series","demo_msg_part2":"your Icecat login name","link_integrate_desk":"How to integrate Icecat LIVE JavaScript.","zoom_panel_dragg":"Mouse dragging","eu_energy_label":"EU Energy Label"},"DemoAccount":false}}