{"msg":"OK","data":{"GeneralInfo":{"IcecatId":134704160,"ReleaseDate":"","EndOfLifeDate":"","Title":"Snickers Workwear Junior Logo T-shirt","TitleInfo":{"GeneratedIntTitle":"Snickers Workwear 7514","GeneratedLocalTitle":{"Value":"Snickers Workwear 7514","Language":"EN"},"BrandLocalTitle":{"Value":"Snickers Workwear Junior Logo T-shirt","Language":"EN"}},"Brand":"Snickers Workwear","BrandID":"23796","BrandLogo":"","BrandInfo":{"BrandName":"Snickers Workwear","BrandLocalName":"","BrandLogo":""},"ProductName":"Junior Logo T-shirt","ProductNameInfo":{"ProductIntName":"7514","ProductLocalName":{"Value":"Junior Logo T-shirt","Language":"EN"}},"BrandPartCode":"75144100164","GTIN":[],"Category":{"CategoryID":"3504","Name":{"Value":"Shirts & Tops","Language":"EN"}},"ProductFamily":{},"ProductSeries":{"SeriesID":"0"},"Description":{"ID":"104046465","LongDesc":"Soft and comfortable logo t-shirt with a clean design made for everyday use.<br><br>Comfortable everyday t-shirt featuring raglan sleeves for enhanced mobility, a ribbed neck, and a Snickers Workwear high-build, puff-print logo on chest.","LongProductName":"Junior Logo T-shirt, Warm Orange, 158-164 cm","MiddleDesc":"","Disclaimer":"","ManualPDFURL":"","ManualPDFSize":"0","LeafletPDFURL":"","PDFSize":"0","URL":"https://www.snickersworkwear.com/products/topwear/t-shirts/210166","WarrantyInfo":"","Updated":"2025-09-09 13:58:20","Language":"EN"},"SummaryDescription":{"ShortSummaryDescription":"Snickers Workwear Junior Logo T-shirt, T-shirt, Child, Male, Orange, Pattern, Text pattern","LongSummaryDescription":"Snickers Workwear Junior Logo T-shirt. Shirt/top type: T-shirt, Consumer life stage: Child, Gender: Male. Fabric weight: 200 g/m². Quantity per pack: 1 pc(s). Bleaching instruction: Do not bleach, Drying instruction: Do not tumble dry, Ironing instruction: Iron at moderate temperature. Sustainability certificates: STANDARD 100 by OEKO-TEX"},"BulletPoints":{"BulletPointsId":"13610379","Language":"EN","Values":["Raglan sleeves","Ribbed neck","Snickers Workwear high-build, puff-print logo on chest"],"Updated":"2025-09-09 13:58:18"},"GeneratedBulletPoints":{},"GTINs":[]},"Image":{"HighPic":"https://inishop.com/img/gallery/d22cbba6813799d2f7f45a68e737392eb51e8da6.jpg","HighPicSize":"164027","HighPicHeight":"675","HighPicWidth":"587","LowPic":"https://inishop.com/img/gallery_lows/e2993604e46ec81bdbd98b1daa396e7fc7921550.jpg","LowPicSize":"21612","LowPicHeight":"200","LowPicWidth":"174","Pic500x500":"https://inishop.com/img/gallery_mediums/4084fea176da3153bde8279138ecf9b097b99e6b.jpg","Pic500x500Size":"98107","Pic500x500Height":"500","Pic500x500Width":"435","ThumbPic":"https://inishop.com/img/gallery_thumbs/6e9ea56c6113a7558246832ab00d5319caae0936.jpg","ThumbPicSize":"5379"},"Multimedia":[],"Gallery":[{"ID":"117112438","LowPic":"https://inishop.com/img/gallery_lows/e2993604e46ec81bdbd98b1daa396e7fc7921550.jpg","LowSize":"21612","LowHeight":"200","LowWidth":"174","ThumbPic":"https://inishop.com/img/gallery_thumbs/6e9ea56c6113a7558246832ab00d5319caae0936.jpg","ThumbPicSize":"5379","Pic":"https://inishop.com/img/gallery/d22cbba6813799d2f7f45a68e737392eb51e8da6.jpg","Size":"164027","PicHeight":"675","PicWidth":"587","Pic500x500":"https://inishop.com/img/gallery_mediums/4084fea176da3153bde8279138ecf9b097b99e6b.jpg","Pic500x500Size":"98107","Pic500x500Height":"500","Pic500x500Width":"435","No":"1","IsMain":"Y","Updated":"2025-09-09 13:57:06","IsPrivate":"0","Type":"ProductImage","Attributes":{"OriginalFileName":""}},{"ID":"117112441","LowPic":"https://inishop.com/img/gallery_lows/f042d5b0855e34a915594464a1b7fed3edf2f917.jpg","LowSize":"20339","LowHeight":"200","LowWidth":"169","ThumbPic":"https://inishop.com/img/gallery_thumbs/943a504c4dab052e38975a9c9e81028413645e34.jpg","ThumbPicSize":"5163","Pic":"https://inishop.com/img/gallery/1e94a7fe0ad7d16b47aaf47d92480b17fd665bc9.jpg","Size":"148143","PicHeight":"676","PicWidth":"572","Pic500x500":"https://inishop.com/img/gallery_mediums/8434709fb1d0edc4989253b24a268bcdbd1b3520.jpg","Pic500x500Size":"89502","Pic500x500Height":"500","Pic500x500Width":"423","No":"2","IsMain":"N","Updated":"2025-09-09 13:57:09","IsPrivate":"0","Type":"ProductImage","Attributes":{"OriginalFileName":""}},{"ID":"117112442","LowPic":"https://inishop.com/img/gallery_lows/fbceeb68855d02d4b4fd3be43203ddf5a6d02942.jpg","LowSize":"13768","LowHeight":"200","LowWidth":"86","ThumbPic":"https://inishop.com/img/gallery_thumbs/ddf43e646773b8c087654ba49ca5eae766de815f.jpg","ThumbPicSize":"3716","Pic":"https://inishop.com/img/gallery/377c61ff1540af4518f3e91ea067786fce7e0fc6.jpg","Size":"97538","PicHeight":"675","PicWidth":"291","Pic500x500":"https://inishop.com/img/gallery_mediums/eac4ff27573440c78fb0e1ac3e5d87eef639ac1d.jpg","Pic500x500Size":"59353","Pic500x500Height":"500","Pic500x500Width":"216","No":"3","IsMain":"N","Updated":"2025-09-09 13:57:13","IsPrivate":"0","Type":"ProductImage","Attributes":{"OriginalFileName":""}},{"ID":"117112445","LowPic":"https://inishop.com/img/gallery_lows/1e02aaba04845c1c7a67842be7500bda5b09a4b3.jpg","LowSize":"14109","LowHeight":"200","LowWidth":"87","ThumbPic":"https://inishop.com/img/gallery_thumbs/70d1048ec93cba8418b48d1983baca1778a73cff.jpg","ThumbPicSize":"3852","Pic":"https://inishop.com/img/gallery/19a88dc30c4cabf225e9fa9e68e230a58cc19c4d.jpg","Size":"101860","PicHeight":"676","PicWidth":"295","Pic500x500":"https://inishop.com/img/gallery_mediums/6859373eac458d1ccfa3b4fb2f3935f1b9afe25d.jpg","Pic500x500Size":"61435","Pic500x500Height":"500","Pic500x500Width":"218","No":"4","IsMain":"N","Updated":"2025-09-09 13:57:19","IsPrivate":"0","Type":"ProductImage","Attributes":{"OriginalFileName":""}}],"FeaturesGroups":[{"ID":13510,"SortNo":"50","FeatureGroup":{"ID":"185","Name":{"Value":"Features","Language":"EN"}},"Features":[{"Localized":0,"ID":835272063,"LocalID":0,"Type":"dropdown","Value":"Pattern","CategoryFeatureId":"189646","CategoryFeatureGroupID":"13510","SortNo":"10000986","PresentationValue":"Pattern","RawValue":"Pattern","LocalValue":"Pattern","Description":"","Mandatory":"0","Searchable":"0","Optional":"0","Feature":{"ID":"21118","Sign":"","Measure":{"ID":"29","Sign":"","Signs":{"ID":"","_":"","Language":"EN"}},"Name":{"Value":"Coloration","Language":"EN"}}},{"Localized":0,"ID":835272064,"LocalID":0,"Type":"dropdown","Value":"Text pattern","CategoryFeatureId":"261611","CategoryFeatureGroupID":"13510","SortNo":"10000985","PresentationValue":"Text pattern","RawValue":"Text pattern","LocalValue":"Text pattern","Description":"","Mandatory":"0","Searchable":"0","Optional":"0","Feature":{"ID":"22615","Sign":"","Measure":{"ID":"29","Sign":"","Signs":{"ID":"","_":"","Language":"EN"}},"Name":{"Value":"Pattern","Language":"EN"}}},{"Localized":0,"ID":835282251,"LocalID":0,"Type":"alphanumeric","Value":"158 - 164","CategoryFeatureId":"947040","CategoryFeatureGroupID":"13510","SortNo":"1491","PresentationValue":"158 - 164 cm","RawValue":"158 - 164","LocalValue":"158 - 164","Description":"","Mandatory":"0","Searchable":"0","Optional":"0","Feature":{"ID":"47503","Sign":"","Measure":{"ID":"34","Sign":"","Signs":{"ID":"18","_":"cm","Language":"EN"}},"Name":{"Value":"Size (height)","Language":"EN"}}},{"Localized":0,"ID":835272067,"LocalID":0,"Type":"dropdown","Value":"T-shirt","CategoryFeatureId":"284565","CategoryFeatureGroupID":"13510","SortNo":"1000","PresentationValue":"T-shirt","RawValue":"T-shirt","LocalValue":"T-shirt","Description":"","Mandatory":"1","Searchable":"1","Optional":"0","Feature":{"ID":"37361","Sign":"","Measure":{"ID":"29","Sign":"","Signs":{"ID":"","_":"","Language":"EN"}},"Name":{"Value":"Shirt/top type","Language":"EN"}}},{"Localized":0,"ID":835272065,"LocalID":0,"Type":"dropdown","Value":"Child","CategoryFeatureId":"261629","CategoryFeatureGroupID":"13510","SortNo":"999","PresentationValue":"Child","RawValue":"Child","LocalValue":"Child","Description":"","Mandatory":"1","Searchable":"1","Optional":"0","Feature":{"ID":"36987","Sign":"","Measure":{"ID":"29","Sign":"","Signs":{"ID":"","_":"","Language":"EN"}},"Name":{"Value":"Consumer life stage","Language":"EN"}}},{"Localized":0,"ID":835272058,"LocalID":0,"Type":"dropdown","Value":"Male","CategoryFeatureId":"261607","CategoryFeatureGroupID":"13510","SortNo":"998","PresentationValue":"Male","RawValue":"Male","LocalValue":"Male","Description":"Gender (type) of a product.","Mandatory":"1","Searchable":"1","Optional":"0","Feature":{"ID":"3230","Sign":"","Measure":{"ID":"29","Sign":"","Signs":{"ID":"","_":"","Language":"EN"}},"Name":{"Value":"Gender","Language":"EN"}}},{"Localized":0,"ID":835272069,"LocalID":0,"Type":"multi_dropdown","Value":"Orange","CategoryFeatureId":"290356","CategoryFeatureGroupID":"13510","SortNo":"990","PresentationValue":"Orange","RawValue":"Orange","LocalValue":"Orange","Description":"","Mandatory":"1","Searchable":"1","Optional":"0","Feature":{"ID":"37466","Sign":"","Measure":{"ID":"29","Sign":"","Signs":{"ID":"","_":"","Language":"EN"}},"Name":{"Value":"Product main colour","Language":"EN"}}},{"Localized":0,"ID":835272066,"LocalID":0,"Type":"y_n","Value":"N","CategoryFeatureId":"270616","CategoryFeatureGroupID":"13510","SortNo":"523","PresentationValue":"No","RawValue":"N","LocalValue":"No","Description":"","Mandatory":"0","Searchable":"0","Optional":"0","Feature":{"ID":"37145","Sign":"","Measure":{"ID":"26","Sign":"","Signs":{"ID":"","_":"","Language":"EN"}},"Name":{"Value":"Seamless","Language":"EN"}}},{"Localized":0,"ID":835272061,"LocalID":0,"Type":"y_n","Value":"N","CategoryFeatureId":"189652","CategoryFeatureGroupID":"13510","SortNo":"500","PresentationValue":"No","RawValue":"N","LocalValue":"No","Description":"","Mandatory":"0","Searchable":"0","Optional":"0","Feature":{"ID":"18527","Sign":"","Measure":{"ID":"26","Sign":"","Signs":{"ID":"","_":"","Language":"EN"}},"Name":{"Value":"Pocket","Language":"EN"}}},{"Localized":0,"ID":835272060,"LocalID":0,"Type":"multi_dropdown","Value":"No closure","CategoryFeatureId":"270614","CategoryFeatureGroupID":"13510","SortNo":"300","PresentationValue":"No closure","RawValue":"No closure","LocalValue":"No closure","Description":"","Mandatory":"0","Searchable":"0","Optional":"0","Feature":{"ID":"11051","Sign":"","Measure":{"ID":"29","Sign":"","Signs":{"ID":"","_":"","Language":"EN"}},"Name":{"Value":"Closure type","Language":"EN"}}}]},{"ID":22992,"SortNo":"40","FeatureGroup":{"ID":"119","Name":{"Value":"Material","Language":"EN"}},"Features":[{"Localized":0,"ID":835282028,"LocalID":0,"Type":"numerical","Value":"200","CategoryFeatureId":"192098","CategoryFeatureGroupID":"22992","SortNo":"520","PresentationValue":"200 g/m²","RawValue":"200","LocalValue":"200","Description":"","Mandatory":"0","Searchable":"0","Optional":"0","Feature":{"ID":"13243","Sign":"","Measure":{"ID":"156","Sign":"","Signs":{"ID":"2898","_":"g/m²","Language":"EN"}},"Name":{"Value":"Fabric weight","Language":"EN"}}}]},{"ID":31108,"SortNo":"5","FeatureGroup":{"ID":"67","Name":{"Value":"Packaging data","Language":"EN"}},"Features":[{"Localized":0,"ID":835272062,"LocalID":0,"Type":"numerical","Value":"1","CategoryFeatureId":"270671","CategoryFeatureGroupID":"31108","SortNo":"15","PresentationValue":"1 pc(s)","RawValue":"1","LocalValue":"1","Description":"","Mandatory":"0","Searchable":"0","Optional":"0","Feature":{"ID":"20228","Sign":"","Measure":{"ID":"144","Sign":"","Signs":{"ID":"125","_":"pc(s)","Language":"EN"}},"Name":{"Value":"Quantity per pack","Language":"EN"}}}]},{"ID":71632,"SortNo":"0","FeatureGroup":{"ID":"270","Name":{"Value":"Care information","Language":"EN"}},"Features":[{"Localized":0,"ID":835272059,"LocalID":0,"Type":"y_n","Value":"Y","CategoryFeatureId":"289864","CategoryFeatureGroupID":"71632","SortNo":"16","PresentationValue":"Yes","RawValue":"Y","LocalValue":"Yes","Description":"The product can be washed in the washing machine without being damaged.","Mandatory":"0","Searchable":"0","Optional":"0","Feature":{"ID":"5516","Sign":"","Measure":{"ID":"26","Sign":"","Signs":{"ID":"","_":"","Language":"EN"}},"Name":{"Value":"Washable","Language":"EN"}}},{"Localized":0,"ID":835272071,"LocalID":0,"Type":"dropdown","Value":"Do not bleach","CategoryFeatureId":"685855","CategoryFeatureGroupID":"71632","SortNo":"-20","PresentationValue":"Do not bleach","RawValue":"Do not bleach","LocalValue":"Do not bleach","Description":"","Mandatory":"0","Searchable":"0","Optional":"0","Feature":{"ID":"42573","Sign":"","Measure":{"ID":"29","Sign":"","Signs":{"ID":"","_":"","Language":"EN"}},"Name":{"Value":"Bleaching instruction","Language":"EN"}}},{"Localized":0,"ID":835272072,"LocalID":0,"Type":"dropdown","Value":"Do not tumble dry","CategoryFeatureId":"685856","CategoryFeatureGroupID":"71632","SortNo":"-21","PresentationValue":"Do not tumble dry","RawValue":"Do not tumble dry","LocalValue":"Do not tumble dry","Description":"","Mandatory":"0","Searchable":"0","Optional":"0","Feature":{"ID":"42574","Sign":"","Measure":{"ID":"29","Sign":"","Signs":{"ID":"","_":"","Language":"EN"}},"Name":{"Value":"Drying instruction","Language":"EN"}}},{"Localized":0,"ID":835272073,"LocalID":0,"Type":"dropdown","Value":"Iron at moderate temperature","CategoryFeatureId":"685857","CategoryFeatureGroupID":"71632","SortNo":"-22","PresentationValue":"Iron at moderate temperature","RawValue":"Iron at moderate temperature","LocalValue":"Iron at moderate temperature","Description":"","Mandatory":"0","Searchable":"0","Optional":"0","Feature":{"ID":"42575","Sign":"","Measure":{"ID":"29","Sign":"","Signs":{"ID":"","_":"","Language":"EN"}},"Name":{"Value":"Ironing instruction","Language":"EN"}}},{"Localized":0,"ID":835272074,"LocalID":0,"Type":"dropdown","Value":"Dry-cleaning (any solvent)","CategoryFeatureId":"685858","CategoryFeatureGroupID":"71632","SortNo":"-23","PresentationValue":"Dry-cleaning (any solvent)","RawValue":"Dry-cleaning (any solvent)","LocalValue":"Dry-cleaning (any solvent)","Description":"","Mandatory":"0","Searchable":"0","Optional":"0","Feature":{"ID":"42577","Sign":"","Measure":{"ID":"29","Sign":"","Signs":{"ID":"","_":"","Language":"EN"}},"Name":{"Value":"Professional care instruction","Language":"EN"}}},{"Localized":0,"ID":835272075,"LocalID":0,"Type":"dropdown","Value":"Normal wash (40°C)","CategoryFeatureId":"685859","CategoryFeatureGroupID":"71632","SortNo":"-24","PresentationValue":"Normal wash (40°C)","RawValue":"Normal wash (40°C)","LocalValue":"Normal wash (40°C)","Description":"","Mandatory":"0","Searchable":"0","Optional":"0","Feature":{"ID":"42578","Sign":"","Measure":{"ID":"29","Sign":"","Signs":{"ID":"","_":"","Language":"EN"}},"Name":{"Value":"Washing instruction","Language":"EN"}}}]},{"ID":78550,"SortNo":"0","FeatureGroup":{"ID":"279","Name":{"Value":"Sustainability","Language":"EN"}},"Features":[{"Localized":0,"ID":835272070,"LocalID":0,"Type":"multi_dropdown","Value":"STANDARD 100 by OEKO-TEX","CategoryFeatureId":"604986","CategoryFeatureGroupID":"78550","SortNo":"0","PresentationValue":"STANDARD 100 by OEKO-TEX","RawValue":"STANDARD 100 by OEKO-TEX","LocalValue":"STANDARD 100 by OEKO-TEX","Description":"","Mandatory":"0","Searchable":"0","Optional":"0","Feature":{"ID":"42513","Sign":"","Measure":{"ID":"29","Sign":"","Signs":{"ID":"","_":"","Language":"EN"}},"Name":{"Value":"Sustainability certificates","Language":"EN"}}}]}],"FeatureLogos":[{"LogoPic":"https://inishop.com/img/feature_logo/564-1253.png","Width":"300","Height":"157","Size":"0","ThumbPic":"https://inishop.com/img/feature_logo_thumbs/564-1253.png","FeatureID":"42513","Value":"STANDARD 100 by OEKO-TEX","KeyLogo":0,"Description":{"Value":"If a textile article carries the STANDARD 100 label, you can be certain that every component of this article, i.e. every thread, button and other accessories, has been tested for harmful substances and that the article therefore is harmless for human health.","Language":"EN"}}],"ReasonsToBuy":[],"Reviews":[],"ProductRelated":[],"CatalogObjectCloud":{},"Variants":[],"ProductStory":[],"Dictionary":{"model_name":"Product name","desc":"Description","ean_code":"EAN/UPC code","flash360":"3D tour","demo_msg_part3":"If you don't have an Icecat account, please register here for free.","repairability_index":"Repairability index","zoom_panel_init":"Original size","cat_name":"Category","product_family":"Product family","back_to_top":"Back to top","zoom_panel_out":"Zoom out","specs":"Specs","eu_product_fiche":"EU Product Fiche","reviews_head_name":"Reviews","pdf_specs":"Product Brochure","zoom_panel_in":"Zoom in","html_content":"","release_date":"Release date","demo_msg_part1":"You are using now a Demo account. Please, use your own Icecat account","demo_insert_desc":"This is a demo of a seamless insert of an Icecat LIVE product data-sheet in your website. Imagine that this responsive data-sheet is included in the product page of your webshop.","pdf_url":"User manual","prod_code":"Product code","supplier_name":"Brand","video":"Video","reasons_to_buy":"Reasons to buy","marketing_text":"Description","options_head_name":"Options","product_series":"Product series","demo_msg_part2":"your Icecat login name","link_integrate_desk":"How to integrate Icecat LIVE JavaScript.","zoom_panel_dragg":"Mouse dragging","eu_energy_label":"EU Energy Label"},"DemoAccount":false}}