{"msg":"OK","data":{"GeneralInfo":{"IcecatId":93566808,"ReleaseDate":"","EndOfLifeDate":"","Title":"Essence hydrating nude lipstick","TitleInfo":{"GeneratedIntTitle":"Essence hydrating nude","GeneratedLocalTitle":{"Value":"Essence hydrating nude 3.5 g 303 DELICATE Sheer","Language":"EN"},"BrandLocalTitle":{"Value":"Essence hydrating nude lipstick","Language":"EN"}},"Brand":"Essence","BrandID":"29383","BrandLogo":"https://inishop.com/img/brand/thumb/29383_837cf392de374591bbd1c9cdef160cb6.jpg","BrandInfo":{"BrandName":"Essence","BrandLocalName":"","BrandLogo":"https://inishop.com/img/brand/thumb/29383_837cf392de374591bbd1c9cdef160cb6.jpg"},"ProductName":"hydrating nude lipstick","ProductNameInfo":{"ProductIntName":"hydrating nude","ProductLocalName":{"Value":"hydrating nude lipstick","Language":"EN"}},"BrandPartCode":"932366","GTIN":["4059729323668"],"Category":{"CategoryID":"3005","Name":{"Value":"Lipsticks","Language":"EN"}},"ProductFamily":{},"ProductSeries":{"SeriesID":"1"},"Description":{"ID":"104037665","LongDesc":"A beauty all-rounder that totally belongs in every handbag: the hydrating nude lipstick nourishes the lips with castor oil and shea butter, doesn't contain silicones or alcohol and is proven to provide moisture. It gives the look a natural finish and is perfect for any outfit, skin tone and occasion – and it's the ultimate everyday beauty favourite. For an extra precision look, there’s a matching soft & precise lipliner with an identical number for each shade.<br>","LongProductName":"hydrating nude lipstick 303 - DELICATE, 3.5 g","MiddleDesc":"","Disclaimer":"","ManualPDFURL":"","ManualPDFSize":"0","LeafletPDFURL":"","PDFSize":"0","URL":"https://www.essence.eu/en-za/p/932366/hydrating-nude-lipstick","WarrantyInfo":"","Updated":"2025-09-08 16:33:16","Language":"EN"},"SummaryDescription":{"ShortSummaryDescription":"Essence hydrating nude lipstick, Nude, DELICATE, 1 colours, Coloring, Moisturizing, Smoothing, Women, Sheer","LongSummaryDescription":"Essence hydrating nude lipstick. Colour group: Nude, Colour name: DELICATE, Number of colours: 1 colours. Sustainability certificates: Good for vegan. Capacity: 3.5 g. Number of products included: 1 pc(s)"},"BulletPoints":{"BulletPointsId":"13607168","Language":"EN","Values":["The lipstick provides intensive moisture & nourishes the lips with castor oil & shea butter","The gorgeous nude shades create a natural look that suits every occasion & style","For super-smooth and soft lips"],"Updated":"2025-09-08 16:32:54"},"GeneratedBulletPoints":{"Language":"EN","Values":["Nude 303 1 colours","Finishing: Sheer","Substance: Cream","Lipstick effect: Coloring, Moisturizing, Smoothing","Constitutive ingredients: Shea butter"]},"GTINs":[{"GTIN":"4059729323668","IsApproved":true}]},"Image":{"HighPic":"https://inishop.com/img/gallery/0e1452018575a08f766b7f13f0d7304031f81382.jpg","HighPicSize":"67862","HighPicHeight":"617","HighPicWidth":"378","LowPic":"https://inishop.com/img/gallery_lows/e1dd5ff1dba3ed10370973803b379debf6babd14.jpg","LowPicSize":"12320","LowPicHeight":"200","LowPicWidth":"123","Pic500x500":"https://inishop.com/img/gallery_mediums/13c9beeb75d88dacb662c9699a26026f646f8e67.jpg","Pic500x500Size":"47813","Pic500x500Height":"500","Pic500x500Width":"306","ThumbPic":"https://inishop.com/img/gallery_thumbs/a66911ec426aa5827c6d628fe7e08da87d3b2517.jpg","ThumbPicSize":"3459"},"Multimedia":[{"ID":"63D160A0-B54A-45F9-B723-AF7AA0E0C9BB","URL":"https://inishop.com/objects/mmo_93566808_1757406630_1912_2701517.txt","Type":"ProductStory2.0","ContentType":"text/html","KeepAsUrl":"0","Description":"ProductStory2.0","Size":"6684","IsPrivate":"0","Updated":"2025-09-09 10:30:30","Language":"EN","IsVideo":0},{"ID":"D85E8732-0635-47E5-8E26-EF96ACFAB0F7","URL":"https://live-html.icecat.biz/8ce67293b4812b3c4e82bcd4e47e0efa/index.html","Type":"ProductStory","ContentType":"application/zip","KeepAsUrl":"0","Description":"ProductStory","Size":"2383","IsPrivate":"0","Updated":"2025-09-09 10:30:33","Language":"EN","IsVideo":0}],"Gallery":[{"ID":"55628930","LowPic":"https://inishop.com/img/gallery_lows/e1dd5ff1dba3ed10370973803b379debf6babd14.jpg","LowSize":"12320","LowHeight":"200","LowWidth":"123","ThumbPic":"https://inishop.com/img/gallery_thumbs/a66911ec426aa5827c6d628fe7e08da87d3b2517.jpg","ThumbPicSize":"3459","Pic":"https://inishop.com/img/gallery/0e1452018575a08f766b7f13f0d7304031f81382.jpg","Size":"67862","PicHeight":"617","PicWidth":"378","Pic500x500":"https://inishop.com/img/gallery_mediums/13c9beeb75d88dacb662c9699a26026f646f8e67.jpg","Pic500x500Size":"47813","Pic500x500Height":"500","Pic500x500Width":"306","No":"1","IsMain":"Y","Updated":"2025-09-08 16:31:41","IsPrivate":"0","Type":"ProductImage","Attributes":{"OriginalFileName":""}},{"ID":"55628931","LowPic":"https://inishop.com/img/gallery_lows/eb449444691b1be9694a399f39bbe50dc9a2e8dd.jpg","LowSize":"11166","LowHeight":"200","LowWidth":"72","ThumbPic":"https://inishop.com/img/gallery_thumbs/d16a5aa5d55fdabb9ccb0ded5fbf1565a9c16352.jpg","ThumbPicSize":"2973","Pic":"https://inishop.com/img/gallery/3f388e3e65393c6862356c0acc1a2a4968f83001.jpg","Size":"55775","PicHeight":"554","PicWidth":"200","Pic500x500":"https://inishop.com/img/gallery_mediums/0b56b6af61072514c0318609a9bc096b12cd3d0d.jpg","Pic500x500Size":"47585","Pic500x500Height":"500","Pic500x500Width":"181","No":"2","IsMain":"N","Updated":"2025-09-08 16:31:52","IsPrivate":"0","Type":"ProductImage","Attributes":{"OriginalFileName":""}},{"ID":"55628932","LowPic":"https://inishop.com/img/gallery_lows/feadf2876d3f5e2749fdbac7471c0eccb6d82cda.jpg","LowSize":"23187","LowHeight":"200","LowWidth":"187","ThumbPic":"https://inishop.com/img/gallery_thumbs/b178eb4890df1106d172e15682bd8f3199c42365.jpg","ThumbPicSize":"5505","Pic":"https://inishop.com/img/gallery/8c1fb69038709dfe31c1ad8fc8bf4b7085fd5f7f.jpg","Size":"48107","PicHeight":"312","PicWidth":"291","Pic500x500":"","Pic500x500Size":"0","Pic500x500Height":"0","Pic500x500Width":"0","No":"3","IsMain":"N","Updated":"2025-09-08 16:31:56","IsPrivate":"0","Type":"ProductImage","Attributes":{"OriginalFileName":""}},{"ID":"55628933","LowPic":"https://inishop.com/img/gallery_lows/93566808_0462081233.jpg","LowSize":"25955","LowHeight":"200","LowWidth":"200","ThumbPic":"https://inishop.com/img/gallery_thumbs/93566808_0462081233.jpg","ThumbPicSize":"6509","Pic":"https://inishop.com/img/gallery/93566808_0462081233.jpg","Size":"99141","PicHeight":"655","PicWidth":"655","Pic500x500":"https://inishop.com/img/gallery_mediums/93566808_0462081233.jpg","Pic500x500Size":"110135","Pic500x500Height":"500","Pic500x500Width":"500","No":"4","IsMain":"N","Updated":"2021-08-28 10:24:46","IsPrivate":"0","Type":"ProductImage","Attributes":{"OriginalFileName":""}},{"ID":"55628934","LowPic":"https://inishop.com/img/gallery_lows/93566808_1855716273.jpg","LowSize":"24941","LowHeight":"200","LowWidth":"200","ThumbPic":"https://inishop.com/img/gallery_thumbs/93566808_1855716273.jpg","ThumbPicSize":"6101","Pic":"https://inishop.com/img/gallery/93566808_1855716273.jpg","Size":"97854","PicHeight":"655","PicWidth":"655","Pic500x500":"https://inishop.com/img/gallery_mediums/93566808_1855716273.jpg","Pic500x500Size":"108592","Pic500x500Height":"500","Pic500x500Width":"500","No":"5","IsMain":"N","Updated":"2021-08-28 10:24:46","IsPrivate":"0","Type":"ProductImage","Attributes":{"OriginalFileName":""}},{"ID":"55628935","LowPic":"https://inishop.com/img/gallery_lows/93566808_0605713929.jpg","LowSize":"29180","LowHeight":"200","LowWidth":"200","ThumbPic":"https://inishop.com/img/gallery_thumbs/93566808_0605713929.jpg","ThumbPicSize":"6671","Pic":"https://inishop.com/img/gallery/93566808_0605713929.jpg","Size":"121488","PicHeight":"655","PicWidth":"655","Pic500x500":"https://inishop.com/img/gallery_mediums/93566808_0605713929.jpg","Pic500x500Size":"127783","Pic500x500Height":"500","Pic500x500Width":"500","No":"6","IsMain":"N","Updated":"2021-08-28 10:24:48","IsPrivate":"0","Type":"ProductImage","Attributes":{"OriginalFileName":""}},{"ID":"55628936","LowPic":"https://inishop.com/img/gallery_lows/93566808_8396759399.jpg","LowSize":"23590","LowHeight":"200","LowWidth":"200","ThumbPic":"https://inishop.com/img/gallery_thumbs/93566808_8396759399.jpg","ThumbPicSize":"5520","Pic":"https://inishop.com/img/gallery/93566808_8396759399.jpg","Size":"101442","PicHeight":"655","PicWidth":"655","Pic500x500":"https://inishop.com/img/gallery_mediums/93566808_8396759399.jpg","Pic500x500Size":"108194","Pic500x500Height":"500","Pic500x500Width":"500","No":"7","IsMain":"N","Updated":"2021-08-28 10:24:48","IsPrivate":"0","Type":"ProductImage","Attributes":{"OriginalFileName":""}}],"FeaturesGroups":[{"ID":12078,"SortNo":"100","FeatureGroup":{"ID":"185","Name":{"Value":"Features","Language":"EN"}},"Features":[{"Localized":0,"ID":433764323,"LocalID":0,"Type":"dropdown","Value":"Women","CategoryFeatureId":"145869","CategoryFeatureGroupID":"12078","SortNo":"10000095","PresentationValue":"Women","RawValue":"Women","LocalValue":"Women","Description":"Who can use the product, or what the product can be used for.","Mandatory":"0","Searchable":"0","Optional":"0","Feature":{"ID":"9202","Sign":"","Measure":{"ID":"29","Sign":"","Signs":{"ID":"","_":"","Language":"EN"}},"Name":{"Value":"Suitable for","Language":"EN"}}},{"Localized":0,"ID":433764324,"LocalID":0,"Type":"dropdown","Value":"Nude","CategoryFeatureId":"105224","CategoryFeatureGroupID":"12078","SortNo":"60","PresentationValue":"Nude","RawValue":"Nude","LocalValue":"Nude","Description":"The broader definiton of the colour spectrum of the product, e.g. black or auburn.","Mandatory":"1","Searchable":"1","Optional":"0","Feature":{"ID":"17357","Sign":"","Measure":{"ID":"29","Sign":"","Signs":{"ID":"","_":"","Language":"EN"}},"Name":{"Value":"Colour group","Language":"EN"}}},{"Localized":0,"ID":433764325,"LocalID":0,"Type":"alphanumeric","Value":"303","CategoryFeatureId":"105225","CategoryFeatureGroupID":"12078","SortNo":"49","PresentationValue":"303","RawValue":"303","LocalValue":"303","Description":"","Mandatory":"1","Searchable":"0","Optional":"0","Feature":{"ID":"17540","Sign":"","Measure":{"ID":"29","Sign":"","Signs":{"ID":"","_":"","Language":"EN"}},"Name":{"Value":"Colour code","Language":"EN"}}},{"Localized":0,"ID":433764327,"LocalID":0,"Type":"text","Value":"DELICATE","CategoryFeatureId":"105226","CategoryFeatureGroupID":"12078","SortNo":"48","PresentationValue":"DELICATE","RawValue":"DELICATE","LocalValue":"DELICATE","Description":"","Mandatory":"1","Searchable":"0","Optional":"0","Feature":{"ID":"17956","Sign":"","Measure":{"ID":"29","Sign":"","Signs":{"ID":"","_":"","Language":"EN"}},"Name":{"Value":"Colour name","Language":"EN"}}},{"Localized":0,"ID":433764331,"LocalID":0,"Type":"numerical","Value":"1","CategoryFeatureId":"145622","CategoryFeatureGroupID":"12078","SortNo":"45","PresentationValue":"1 colours","RawValue":"1","LocalValue":"1","Description":"","Mandatory":"1","Searchable":"0","Optional":"0","Feature":{"ID":"3530","Sign":"","Measure":{"ID":"375","Sign":"","Signs":{"ID":"30608","_":"colours","Language":"EN"}},"Name":{"Value":"Number of colours","Language":"EN"}}},{"Localized":0,"ID":433764330,"LocalID":0,"Type":"dropdown","Value":"Sheer (finishing)","CategoryFeatureId":"145871","CategoryFeatureGroupID":"12078","SortNo":"44","PresentationValue":"Sheer","RawValue":"Sheer (finishing)","LocalValue":"Sheer","Description":"","Mandatory":"0","Searchable":"0","Optional":"0","Feature":{"ID":"12230","Sign":"","Measure":{"ID":"29","Sign":"","Signs":{"ID":"","_":"","Language":"EN"}},"Name":{"Value":"Finishing","Language":"EN"}}},{"Localized":0,"ID":835289291,"LocalID":0,"Type":"dropdown","Value":"Mechanical (hand winding)","CategoryFeatureId":"326730","CategoryFeatureGroupID":"12078","SortNo":"43","PresentationValue":"Mechanical (hand winding)","RawValue":"Mechanical (hand winding)","LocalValue":"Mechanical (hand winding)","Description":"The type of mechanism used in the product.","Mandatory":"0","Searchable":"0","Optional":"0","Feature":{"ID":"11027","Sign":"","Measure":{"ID":"29","Sign":"","Signs":{"ID":"","_":"","Language":"EN"}},"Name":{"Value":"Mechanism type","Language":"EN"}}},{"Localized":0,"ID":433764348,"LocalID":0,"Type":"dropdown","Value":"Cream","CategoryFeatureId":"161799","CategoryFeatureGroupID":"12078","SortNo":"40","PresentationValue":"Cream","RawValue":"Cream","LocalValue":"Cream","Description":"Type of substance, e.g. liquid.","Mandatory":"0","Searchable":"0","Optional":"0","Feature":{"ID":"5658","Sign":"","Measure":{"ID":"29","Sign":"","Signs":{"ID":"","_":"","Language":"EN"}},"Name":{"Value":"Substance","Language":"EN"}}},{"Localized":0,"ID":433764351,"LocalID":0,"Type":"multi_dropdown","Value":"Coloring,Moisturizing,Smoothing","CategoryFeatureId":"145874","CategoryFeatureGroupID":"12078","SortNo":"37","PresentationValue":"Coloring, Moisturizing, Smoothing","RawValue":"Coloring,Moisturizing,Smoothing","LocalValue":"Coloring, Moisturizing, Smoothing","Description":"","Mandatory":"1","Searchable":"0","Optional":"0","Feature":{"ID":"23716","Sign":"","Measure":{"ID":"29","Sign":"","Signs":{"ID":"","_":"","Language":"EN"}},"Name":{"Value":"Lipstick effect","Language":"EN"}}},{"Localized":0,"ID":433764356,"LocalID":0,"Type":"dropdown","Value":"Shea butter","CategoryFeatureId":"145873","CategoryFeatureGroupID":"12078","SortNo":"35","PresentationValue":"Shea butter","RawValue":"Shea butter","LocalValue":"Shea butter","Description":"","Mandatory":"0","Searchable":"0","Optional":"0","Feature":{"ID":"18005","Sign":"","Measure":{"ID":"29","Sign":"","Signs":{"ID":"","_":"","Language":"EN"}},"Name":{"Value":"Constitutive ingredients","Language":"EN"}}},{"Localized":0,"ID":433764357,"LocalID":0,"Type":"y_n","Value":"N","CategoryFeatureId":"105228","CategoryFeatureGroupID":"12078","SortNo":"25","PresentationValue":"No","RawValue":"N","LocalValue":"No","Description":"","Mandatory":"1","Searchable":"0","Optional":"0","Feature":{"ID":"17996","Sign":"","Measure":{"ID":"26","Sign":"","Signs":{"ID":"","_":"","Language":"EN"}},"Name":{"Value":"Sun protection","Language":"EN"}}},{"Localized":0,"ID":835289296,"LocalID":0,"Type":"y_n","Value":"Y","CategoryFeatureId":"164978","CategoryFeatureGroupID":"12078","SortNo":"9","PresentationValue":"Yes","RawValue":"Y","LocalValue":"Yes","Description":"","Mandatory":"0","Searchable":"0","Optional":"0","Feature":{"ID":"22607","Sign":"","Measure":{"ID":"26","Sign":"","Signs":{"ID":"","_":"","Language":"EN"}},"Name":{"Value":"Not tested on animals","Language":"EN"}}},{"Localized":0,"ID":835289298,"LocalID":0,"Type":"y_n","Value":"Y","CategoryFeatureId":"801658","CategoryFeatureGroupID":"12078","SortNo":"9","PresentationValue":"Yes","RawValue":"Y","LocalValue":"Yes","Description":"","Mandatory":"0","Searchable":"0","Optional":"0","Feature":{"ID":"23849","Sign":"","Measure":{"ID":"26","Sign":"","Signs":{"ID":"","_":"","Language":"EN"}},"Name":{"Value":"Semi-permanent","Language":"EN"}}},{"Localized":0,"ID":433764334,"LocalID":0,"Type":"multi_dropdown","Value":"Alcohol,Gluten,Paraben,Silicone","CategoryFeatureId":"625070","CategoryFeatureGroupID":"12078","SortNo":"0","PresentationValue":"Alcohol, Gluten, Paraben, Silicone","RawValue":"Alcohol,Gluten,Paraben,Silicone","LocalValue":"Alcohol, Gluten, Paraben, Silicone","Description":"","Mandatory":"0","Searchable":"0","Optional":"0","Feature":{"ID":"42516","Sign":"","Measure":{"ID":"29","Sign":"","Signs":{"ID":"","_":"","Language":"EN"}},"Name":{"Value":"Doesn't contain","Language":"EN"}}},{"Localized":0,"ID":835289441,"LocalID":546597704,"Type":"textarea","Value":"RICINUS COMMUNIS (CASTOR) SEED OIL, BIS-DIGLYCERYL POLYACYLADIPATE-1, OCTYLDODECANOL, CAPRYLIC/CAPRIC TRIGLYCERIDE, EUPHORBIA CERIFERA CERA (EUPHORBIA CERIFERA (CANDELILLA) WAX), SYNTHETIC WAX, CETYL ALCOHOL, MICA, COPERNICIA CERIFERA CERA (COPERNICIA CERIFERA (CARNAUBA) WAX), BUTYROSPERMUM PARKII (SHEA) BUTTER, SILICA, SHEA BUTTER ETHYL ESTERS, ROSMARINUS OFFICINALIS (ROSEMARY) FLOWER EXTRACT, SODIUM HYALURONATE, TOCOPHEROL, HELIANTHUS ANNUUS (SUNFLOWER) SEED OIL, TALC, CAPRYLYL GLYCOL, LECITHIN, HEXYLENE GLYCOL, ISOPROPYL TITANIUM TRIISOSTEARATE, ASCORBYL PALMITATE, HYDROGENATED CASTOR OIL, BENZYL SALICYLATE, CITRIC ACID, PHENOXYETHANOL, AROMA (FLAVOR), BENZYL BENZOATE, CI 15850 (RED 7 LAKE), CI 77491 (IRON OXIDES), CI 77492 (IRON OXIDES), CI 77499 (IRON OXIDES), CI 77891 (TITANIUM DIOXIDE).","CategoryFeatureId":"105238","CategoryFeatureGroupID":"12078","SortNo":"-80","PresentationValue":"INGREDIENTS: RICINUS COMMUNIS (CASTOR) SEED OIL, BIS-DIGLYCERYL POLYACYLADIPATE-1, OCTYLDODECANOL, CAPRYLIC/CAPRIC TRIGLYCERIDE, EUPHORBIA CERIFERA (CANDELILLA) WAX, SYNTHETIC WAX, CETYL ALCOHOL, COPERNICIA CERIFERA (CARNAUBA) WAX, MICA, BUTYROSPERMUM PARKII (SHEA) BUTTER, SILICA, SHEA BUTTER ETHYL ESTERS, ROSMARINUS OFFICINALIS (ROSEMARY) FLOWER EXTRACT, SODIUM HYALURONATE, TOCOPHEROL, HELIANTHUS ANNUUS (SUNFLOWER) SEED OIL, CAPRYLYL GLYCOL, TALC, LECITHIN, HEXYLENE GLYCOL, ISOPROPYL TITANIUM TRIISOSTEARATE, ASCORBYL PALMITATE, HYDROGENATED CASTOR OIL, BENZYL SALICYLATE, CITRIC ACID, PHENOXYETHANOL, AROMA (FLAVOR), BENZYL BENZOATE, CI 15850 (RED 7 LAKE), CI 77491 (IRON OXIDES), CI 77492 (IRON OXIDES), CI 77499 (IRON OXIDES), CI 77891 (TITANIUM DIOXIDE).","RawValue":"RICINUS COMMUNIS (CASTOR) SEED OIL, BIS-DIGLYCERYL POLYACYLADIPATE-1, OCTYLDODECANOL, CAPRYLIC/CAPRIC TRIGLYCERIDE, EUPHORBIA CERIFERA CERA (EUPHORBIA CERIFERA (CANDELILLA) WAX), SYNTHETIC WAX, CETYL ALCOHOL, MICA, COPERNICIA CERIFERA CERA (COPERNICIA CERIFERA (CARNAUBA) WAX), BUTYROSPERMUM PARKII (SHEA) BUTTER, SILICA, SHEA BUTTER ETHYL ESTERS, ROSMARINUS OFFICINALIS (ROSEMARY) FLOWER EXTRACT, SODIUM HYALURONATE, TOCOPHEROL, HELIANTHUS ANNUUS (SUNFLOWER) SEED OIL, TALC, CAPRYLYL GLYCOL, LECITHIN, HEXYLENE GLYCOL, ISOPROPYL TITANIUM TRIISOSTEARATE, ASCORBYL PALMITATE, HYDROGENATED CASTOR OIL, BENZYL SALICYLATE, CITRIC ACID, PHENOXYETHANOL, AROMA (FLAVOR), BENZYL BENZOATE, CI 15850 (RED 7 LAKE), CI 77491 (IRON OXIDES), CI 77492 (IRON OXIDES), CI 77499 (IRON OXIDES), CI 77891 (TITANIUM DIOXIDE).","LocalValue":"INGREDIENTS: RICINUS COMMUNIS (CASTOR) SEED OIL, BIS-DIGLYCERYL POLYACYLADIPATE-1, OCTYLDODECANOL, CAPRYLIC/CAPRIC TRIGLYCERIDE, EUPHORBIA CERIFERA (CANDELILLA) WAX, SYNTHETIC WAX, CETYL ALCOHOL, COPERNICIA CERIFERA (CARNAUBA) WAX, MICA, BUTYROSPERMUM PARKII (SHEA) BUTTER, SILICA, SHEA BUTTER ETHYL ESTERS, ROSMARINUS OFFICINALIS (ROSEMARY) FLOWER EXTRACT, SODIUM HYALURONATE, TOCOPHEROL, HELIANTHUS ANNUUS (SUNFLOWER) SEED OIL, CAPRYLYL GLYCOL, TALC, LECITHIN, HEXYLENE GLYCOL, ISOPROPYL TITANIUM TRIISOSTEARATE, ASCORBYL PALMITATE, HYDROGENATED CASTOR OIL, BENZYL SALICYLATE, CITRIC ACID, PHENOXYETHANOL, AROMA (FLAVOR), BENZYL BENZOATE, CI 15850 (RED 7 LAKE), CI 77491 (IRON OXIDES), CI 77492 (IRON OXIDES), CI 77499 (IRON OXIDES), CI 77891 (TITANIUM DIOXIDE).","Description":"","Mandatory":"0","Searchable":"0","Optional":"0","Feature":{"ID":"16908","Sign":"","Measure":{"ID":"29","Sign":"","Signs":{"ID":"","_":"","Language":"EN"}},"Name":{"Value":"Ingredients","Language":"EN"}}}]},{"ID":77427,"SortNo":"0","FeatureGroup":{"ID":"279","Name":{"Value":"Sustainability","Language":"EN"}},"Features":[{"Localized":0,"ID":835127515,"LocalID":0,"Type":"multi_dropdown","Value":"Good for vegan","CategoryFeatureId":"604523","CategoryFeatureGroupID":"77427","SortNo":"0","PresentationValue":"Good for vegan","RawValue":"Good for vegan","LocalValue":"Good for vegan","Description":"","Mandatory":"0","Searchable":"0","Optional":"0","Feature":{"ID":"42513","Sign":"","Measure":{"ID":"29","Sign":"","Signs":{"ID":"","_":"","Language":"EN"}},"Name":{"Value":"Sustainability certificates","Language":"EN"}}}]},{"ID":12077,"SortNo":"-10","FeatureGroup":{"ID":"14","Name":{"Value":"Weight & dimensions","Language":"EN"}},"Features":[{"Localized":0,"ID":433764358,"LocalID":0,"Type":"numerical","Value":"3.5","CategoryFeatureId":"109397","CategoryFeatureGroupID":"12077","SortNo":"100","PresentationValue":"3.5 g","RawValue":"3.5","LocalValue":"3.5","Description":"Maximum amount that something can contain.","Mandatory":"0","Searchable":"0","Optional":"0","Feature":{"ID":"5255","Sign":"","Measure":{"ID":"38","Sign":"","Signs":{"ID":"22","_":"g","Language":"EN"}},"Name":{"Value":"Capacity","Language":"EN"}}}]},{"ID":15807,"SortNo":"-30","FeatureGroup":{"ID":"116","Name":{"Value":"Packaging content","Language":"EN"}},"Features":[{"Localized":0,"ID":433764361,"LocalID":0,"Type":"numerical","Value":"1","CategoryFeatureId":"105233","CategoryFeatureGroupID":"15807","SortNo":"-150","PresentationValue":"1 pc(s)","RawValue":"1","LocalValue":"1","Description":"The number of products that are included in the package.","Mandatory":"1","Searchable":"0","Optional":"0","Feature":{"ID":"5456","Sign":"","Measure":{"ID":"144","Sign":"","Signs":{"ID":"125","_":"pc(s)","Language":"EN"}},"Name":{"Value":"Number of products included","Language":"EN"}}}]}],"FeatureLogos":[{"LogoPic":"https://inishop.com/img/feature_logo/604-9536.png","Width":"300","Height":"300","Size":"0","ThumbPic":"https://inishop.com/img/feature_logo_thumbs/604-9536.png","FeatureID":"42513","Value":"Good for vegan","KeyLogo":0,"Description":{"Value":"Good for vegan","Language":"EN"}}],"ReasonsToBuy":[],"Reviews":[],"ProductRelated":[],"CatalogObjectCloud":{},"Variants":[],"ProductStory":[{"ID":"D85E8732-0635-47E5-8E26-EF96ACFAB0F7","URL":"https://live-html.icecat.biz/8ce67293b4812b3c4e82bcd4e47e0efa/index.html","Type":"ProductStory","ContentType":"application/zip","KeepAsUrl":"0","Description":"ProductStory","Size":"2383","IsPrivate":"0","Updated":"2025-09-09 10:30:33","Language":"EN","IsVideo":0}],"Dictionary":{"model_name":"Product name","desc":"Description","ean_code":"EAN/UPC code","flash360":"3D tour","demo_msg_part3":"If you don't have an Icecat account, please register here for free.","repairability_index":"Repairability index","zoom_panel_init":"Original size","cat_name":"Category","product_family":"Product family","back_to_top":"Back to top","zoom_panel_out":"Zoom out","specs":"Specs","eu_product_fiche":"EU Product Fiche","reviews_head_name":"Reviews","pdf_specs":"Product Brochure","zoom_panel_in":"Zoom in","html_content":"","release_date":"Release date","demo_msg_part1":"You are using now a Demo account. Please, use your own Icecat account","demo_insert_desc":"This is a demo of a seamless insert of an Icecat LIVE product data-sheet in your website. Imagine that this responsive data-sheet is included in the product page of your webshop.","pdf_url":"User manual","prod_code":"Product code","supplier_name":"Brand","video":"Video","reasons_to_buy":"Reasons to buy","marketing_text":"Description","options_head_name":"Options","product_series":"Product series","demo_msg_part2":"your Icecat login name","link_integrate_desk":"How to integrate Icecat LIVE JavaScript.","zoom_panel_dragg":"Mouse dragging","eu_energy_label":"EU Energy Label"},"DemoAccount":false}}