{"msg":"OK","data":{"GeneralInfo":{"IcecatId":134703595,"ReleaseDate":"","EndOfLifeDate":"","Title":"Verman Heinix Tablet","TitleInfo":{"GeneratedIntTitle":"Verman Heinix","GeneratedLocalTitle":{"Value":"Verman Heinix Tablet","Language":"EN"},"BrandLocalTitle":{"Value":"","Language":"EN"}},"Brand":"Verman","BrandID":"43648","BrandLogo":"","BrandInfo":{"BrandName":"Verman","BrandLocalName":"","BrandLogo":""},"ProductName":"Heinix","ProductNameInfo":{"ProductIntName":"Heinix","ProductLocalName":{"Value":"","Language":"EN"}},"BrandPartCode":"HEINIX10MG30","GTIN":[],"Category":{"CategoryID":"4879","Name":{"Value":"Antiallergic Drugs","Language":"EN"}},"ProductFamily":{},"ProductSeries":{"SeriesID":"1"},"Description":{"ID":"104044260","LongDesc":"Heinix allergy medicine – Finland’s most popular allergy medicine.* Active substance: cetirizine.","LongProductName":"Heinix, 10mg, 30tabl","MiddleDesc":"","Disclaimer":"","ManualPDFURL":"","ManualPDFSize":"0","LeafletPDFURL":"","PDFSize":"0","URL":"https://verman.fi/en/products/","WarrantyInfo":"","Updated":"2025-09-09 10:38:09","Language":"EN"},"SummaryDescription":{"ShortSummaryDescription":"Verman Heinix, Tablet","LongSummaryDescription":"Verman Heinix. Dosage form: Tablet, Suitable for: Adults & Children, Minimum age: 6 yr(s)"},"BulletPoints":{},"GeneratedBulletPoints":{},"GTINs":[]},"Image":{"HighPic":"https://inishop.com/img/gallery/7bb79efbac690d1dfb39fcd2045d6a3c715e48e2.jpg","HighPicSize":"85530","HighPicHeight":"224","HighPicWidth":"468","LowPic":"https://inishop.com/img/gallery_lows/cf24d1bc280b92c426b5fec39a9329f6a2de1129.jpg","LowPicSize":"23895","LowPicHeight":"96","LowPicWidth":"200","Pic500x500":"","Pic500x500Size":"0","Pic500x500Height":"0","Pic500x500Width":"0","ThumbPic":"https://inishop.com/img/gallery_thumbs/0777035eda4fd1c78574e951c95b778bae2f4529.jpg","ThumbPicSize":"5399"},"Multimedia":[],"Gallery":[{"ID":"117095114","LowPic":"https://inishop.com/img/gallery_lows/cf24d1bc280b92c426b5fec39a9329f6a2de1129.jpg","LowSize":"23895","LowHeight":"96","LowWidth":"200","ThumbPic":"https://inishop.com/img/gallery_thumbs/0777035eda4fd1c78574e951c95b778bae2f4529.jpg","ThumbPicSize":"5399","Pic":"https://inishop.com/img/gallery/7bb79efbac690d1dfb39fcd2045d6a3c715e48e2.jpg","Size":"85530","PicHeight":"224","PicWidth":"468","Pic500x500":"","Pic500x500Size":"0","Pic500x500Height":"0","Pic500x500Width":"0","No":"1","IsMain":"Y","Updated":"2025-09-09 10:20:53","IsPrivate":"0","Type":"ProductImage","Attributes":{"OriginalFileName":""}}],"FeaturesGroups":[{"ID":17656,"SortNo":"5","FeatureGroup":{"ID":"185","Name":{"Value":"Features","Language":"EN"}},"Features":[{"Localized":0,"ID":835231643,"LocalID":0,"Type":"dropdown","Value":"Tablet (substance)","CategoryFeatureId":"162301","CategoryFeatureGroupID":"17656","SortNo":"100","PresentationValue":"Tablet","RawValue":"Tablet (substance)","LocalValue":"Tablet","Description":"","Mandatory":"1","Searchable":"1","Optional":"0","Feature":{"ID":"25712","Sign":"","Measure":{"ID":"29","Sign":"","Signs":{"ID":"","_":"","Language":"EN"}},"Name":{"Value":"Dosage form","Language":"EN"}}},{"Localized":0,"ID":835242182,"LocalID":0,"Type":"dropdown","Value":"Adults & Children","CategoryFeatureId":"162302","CategoryFeatureGroupID":"17656","SortNo":"95","PresentationValue":"Adults & Children","RawValue":"Adults & Children","LocalValue":"Adults & Children","Description":"Who can use the product, or what the product can be used for.","Mandatory":"0","Searchable":"0","Optional":"0","Feature":{"ID":"9202","Sign":"","Measure":{"ID":"29","Sign":"","Signs":{"ID":"","_":"","Language":"EN"}},"Name":{"Value":"Suitable for","Language":"EN"}}},{"Localized":0,"ID":835242192,"LocalID":0,"Type":"numerical","Value":"6","CategoryFeatureId":"162303","CategoryFeatureGroupID":"17656","SortNo":"90","PresentationValue":"6 yr(s)","RawValue":"6","LocalValue":"6","Description":"The minimum age suitable for using this product.","Mandatory":"0","Searchable":"0","Optional":"0","Feature":{"ID":"7769","Sign":"","Measure":{"ID":"439","Sign":"","Signs":{"ID":"39428","_":"yr(s)","Language":"EN"}},"Name":{"Value":"Minimum age","Language":"EN"}}},{"Localized":0,"ID":835242195,"LocalID":0,"Type":"numerical","Value":"30","CategoryFeatureId":"167648","CategoryFeatureGroupID":"17656","SortNo":"50","PresentationValue":"30","RawValue":"30","LocalValue":"30","Description":"","Mandatory":"0","Searchable":"0","Optional":"0","Feature":{"ID":"21173","Sign":"","Measure":{"ID":"29","Sign":"","Signs":{"ID":"","_":"","Language":"EN"}},"Name":{"Value":"Number of servings per pack","Language":"EN"}}},{"Localized":0,"ID":835242197,"LocalID":0,"Type":"numerical","Value":"1","CategoryFeatureId":"167649","CategoryFeatureGroupID":"17656","SortNo":"48","PresentationValue":"1","RawValue":"1","LocalValue":"1","Description":"","Mandatory":"0","Searchable":"0","Optional":"0","Feature":{"ID":"25206","Sign":"","Measure":{"ID":"29","Sign":"","Signs":{"ID":"","_":"","Language":"EN"}},"Name":{"Value":"Number of tablets per serving","Language":"EN"}}},{"Localized":0,"ID":835242211,"LocalID":0,"Type":"numerical","Value":"30","CategoryFeatureId":"280319","CategoryFeatureGroupID":"17656","SortNo":"0","PresentationValue":"30 pc(s)","RawValue":"30","LocalValue":"30","Description":"","Mandatory":"0","Searchable":"0","Optional":"0","Feature":{"ID":"20228","Sign":"","Measure":{"ID":"144","Sign":"","Signs":{"ID":"125","_":"pc(s)","Language":"EN"}},"Name":{"Value":"Quantity per pack","Language":"EN"}}},{"Localized":0,"ID":835242160,"LocalID":0,"Type":"textarea","Value":"Cetirizine","CategoryFeatureId":"162318","CategoryFeatureGroupID":"17656","SortNo":"-1","PresentationValue":"Cetirizine","RawValue":"Cetirizine","LocalValue":"Cetirizine","Description":"","Mandatory":"0","Searchable":"0","Optional":"0","Feature":{"ID":"16908","Sign":"","Measure":{"ID":"29","Sign":"","Signs":{"ID":"","_":"","Language":"EN"}},"Name":{"Value":"Ingredients","Language":"EN"}}}]},{"ID":18206,"SortNo":"0","FeatureGroup":{"ID":"116","Name":{"Value":"Packaging content","Language":"EN"}},"Features":[{"Localized":0,"ID":835242216,"LocalID":0,"Type":"numerical","Value":"1","CategoryFeatureId":"162311","CategoryFeatureGroupID":"18206","SortNo":"3","PresentationValue":"1","RawValue":"1","LocalValue":"1","Description":"The number of products there are.","Mandatory":"0","Searchable":"0","Optional":"0","Feature":{"ID":"1675","Sign":"","Measure":{"ID":"29","Sign":"","Signs":{"ID":"","_":"","Language":"EN"}},"Name":{"Value":"Quantity","Language":"EN"}}}]}],"FeatureLogos":[],"ReasonsToBuy":[],"Reviews":[],"ProductRelated":[],"CatalogObjectCloud":{},"Variants":[],"ProductStory":[],"Dictionary":{"model_name":"Product name","desc":"Description","ean_code":"EAN/UPC code","flash360":"3D tour","demo_msg_part3":"If you don't have an Icecat account, please register here for free.","repairability_index":"Repairability index","zoom_panel_init":"Original size","cat_name":"Category","product_family":"Product family","back_to_top":"Back to top","zoom_panel_out":"Zoom out","specs":"Specs","eu_product_fiche":"EU Product Fiche","reviews_head_name":"Reviews","pdf_specs":"Product Brochure","zoom_panel_in":"Zoom in","html_content":"","release_date":"Release date","demo_msg_part1":"You are using now a Demo account. Please, use your own Icecat account","demo_insert_desc":"This is a demo of a seamless insert of an Icecat LIVE product data-sheet in your website. Imagine that this responsive data-sheet is included in the product page of your webshop.","pdf_url":"User manual","prod_code":"Product code","supplier_name":"Brand","video":"Video","reasons_to_buy":"Reasons to buy","marketing_text":"Description","options_head_name":"Options","product_series":"Product series","demo_msg_part2":"your Icecat login name","link_integrate_desk":"How to integrate Icecat LIVE JavaScript.","zoom_panel_dragg":"Mouse dragging","eu_energy_label":"EU Energy Label"},"DemoAccount":false}}