{"msg":"OK","data":{"GeneralInfo":{"IcecatId":111111164,"ReleaseDate":"","EndOfLifeDate":"","Title":"Satisfyer A-Mazing 1 Mini vibrator Ambidextrous","TitleInfo":{"GeneratedIntTitle":"Satisfyer A-Mazing 1","GeneratedLocalTitle":{"Value":"Satisfyer A-Mazing 1 Mini vibrator Ambidextrous","Language":"EN"},"BrandLocalTitle":{"Value":"","Language":"EN"}},"Brand":"Satisfyer","BrandID":"32091","BrandLogo":"","BrandInfo":{"BrandName":"Satisfyer","BrandLocalName":"","BrandLogo":""},"ProductName":"A-Mazing 1","ProductNameInfo":{"ProductIntName":"A-Mazing 1","ProductLocalName":{"Value":"","Language":"EN"}},"BrandPartCode":"LX11532B","GTIN":["4061504018324"],"Category":{"CategoryID":"7943","Name":{"Value":"Vibrators","Language":"EN"}},"ProductFamily":{},"ProductSeries":{"SeriesID":"1"},"Description":{"ID":"91154112","LongDesc":"With 2 powerful motors, a curved ergonomic shape and a narrow, flexible tip, the Satisfyer A-Mazing 1 pleasures the A-spot and provides extra deep stimulation. The silicone finish is particularly supple. <br><br><b>Sensual A-spot stimulation with the Satisfyer A-Mazing 1</b><br>Enjoy extra deep stimulation like never before with the Satisfyer A-Mazing 1! The A-spot vibrator has a curved, ergonomic shape and a narrow, flexible tip that hones in on your A-spot to pamper it. By stimulating your A-spot, which lies hidden behind the G-spot, a whole new world of intense climaxes and sensations opens up to you.<br>2 motors seduce you with vibes in the form of 12 vibration programs that you can control via the control panel. Thanks to its practical handle, you always have the A-Mazing 1 under control - even in really wild moments.<br><br><b>What Are the Benefits of A-spot Stimulation?</b><br>The A-spot lies between the G-spot and the cervix. A-spot stimulation is not only regarded as particularly intense, it is also said to enable multiple orgasms! Due to the particularly deep position of the A-spot, natural vaginal secretions are also stimulated: So you’ll enjoy a particularly moist experience! A-spot stimulation is therefore ideal for anyone who suffers from vaginal dryness or has problems getting moist.<br><br><b>A-spot stimulation with the Satisfyer A-Mazing 1</b><br>With its smooth finish in body-friendly, medical-grade silicone, the Satisfyer A-Mazing 1 is particularly gentle on the skin and very hygienic. Since this A-spot vibrator is waterproof (IPX7), there is nothing to stop you enjoying sensual highlights in the shower or bathtub - the vibrator can also be easily cleaned with warm water and mild soap. After thoroughly enjoying yourself, you can recharge the integrated batteries with the included USB charging cable.","LongProductName":"A-Mazing 1, 63 x 217 x 38 mm, 171.38 g, Blue","MiddleDesc":"","Disclaimer":"","ManualPDFURL":"","ManualPDFSize":"0","LeafletPDFURL":"","PDFSize":"0","URL":"https://www.satisfyer.com/ie/satisfyer-a-mazing-1?number=SW10197","WarrantyInfo":"15 year","Updated":"2025-09-08 17:32:11","Language":"EN"},"SummaryDescription":{"ShortSummaryDescription":"Satisfyer A-Mazing 1, Mini vibrator, Vaginal stimulation, Blue, Grey, Acrylonitrile butadiene styrene (ABS), Silicone, Curved, Ambidextrous","LongSummaryDescription":"Satisfyer A-Mazing 1. Product type: Mini vibrator, Stimulation type: Vaginal stimulation, Product colour: Blue, Grey. Battery type: Built-in battery, Battery technology: Lithium-Ion (Li-Ion). Length: 217 mm, Width: 38 mm, Weight: 171.38 g. Package type: Box. Quantity per pack: 1 pc(s)"},"BulletPoints":{"BulletPointsId":"7750629","Language":"EN","Values":["A-spot stimulation through powerful vibrations","Two powerful motors transmit intense vibration rhythms throughout the sexual wellness device","Thanks to its waterproof (IPX7) exterior, this sexual wellness device can be safely used in water and is easy to clean","Body-friendly silicone","Waterproof (IPX7)","Easy to clean","Whisper mode","Lithium-ion battery","USB magnetic charging cable included"],"Updated":"2023-05-18 16:45:30"},"GeneratedBulletPoints":{},"GTINs":[{"GTIN":"4061504018324","IsApproved":true}]},"Image":{"HighPic":"https://inishop.com/img/gallery/8a30d0889ab30288d5887fa195f35852.jpg","HighPicSize":"65732","HighPicHeight":"880","HighPicWidth":"880","LowPic":"https://inishop.com/img/gallery_lows/8a30d0889ab30288d5887fa195f35852.jpg","LowPicSize":"7828","LowPicHeight":"200","LowPicWidth":"200","Pic500x500":"https://inishop.com/img/gallery_mediums/8a30d0889ab30288d5887fa195f35852.jpg","Pic500x500Size":"27911","Pic500x500Height":"500","Pic500x500Width":"500","ThumbPic":"https://inishop.com/img/gallery_thumbs/8a30d0889ab30288d5887fa195f35852.jpg","ThumbPicSize":"2356"},"Multimedia":[],"Gallery":[{"ID":"75656384","LowPic":"https://inishop.com/img/gallery_lows/8a30d0889ab30288d5887fa195f35852.jpg","LowSize":"7828","LowHeight":"200","LowWidth":"200","ThumbPic":"https://inishop.com/img/gallery_thumbs/8a30d0889ab30288d5887fa195f35852.jpg","ThumbPicSize":"2356","Pic":"https://inishop.com/img/gallery/8a30d0889ab30288d5887fa195f35852.jpg","Size":"65732","PicHeight":"880","PicWidth":"880","Pic500x500":"https://inishop.com/img/gallery_mediums/8a30d0889ab30288d5887fa195f35852.jpg","Pic500x500Size":"27911","Pic500x500Height":"500","Pic500x500Width":"500","No":"1","IsMain":"Y","Updated":"2023-05-18 16:41:28","IsPrivate":"0","Type":"ProductImage","Attributes":{"OriginalFileName":""}},{"ID":"75656385","LowPic":"https://inishop.com/img/gallery_lows/4cb32dcd90f9f3b51de999cb52444e96.jpg","LowSize":"12594","LowHeight":"200","LowWidth":"200","ThumbPic":"https://inishop.com/img/gallery_thumbs/4cb32dcd90f9f3b51de999cb52444e96.jpg","ThumbPicSize":"3471","Pic":"https://inishop.com/img/gallery/4cb32dcd90f9f3b51de999cb52444e96.jpg","Size":"105510","PicHeight":"880","PicWidth":"880","Pic500x500":"https://inishop.com/img/gallery_mediums/4cb32dcd90f9f3b51de999cb52444e96.jpg","Pic500x500Size":"43860","Pic500x500Height":"500","Pic500x500Width":"500","No":"2","IsMain":"N","Updated":"2023-05-18 16:41:29","IsPrivate":"0","Type":"ProductImage","Attributes":{"OriginalFileName":""}},{"ID":"75656386","LowPic":"https://inishop.com/img/gallery_lows/4dc3f367a3dd66d782ed87f1887dbbc0.jpg","LowSize":"12801","LowHeight":"200","LowWidth":"200","ThumbPic":"https://inishop.com/img/gallery_thumbs/4dc3f367a3dd66d782ed87f1887dbbc0.jpg","ThumbPicSize":"3714","Pic":"https://inishop.com/img/gallery/4dc3f367a3dd66d782ed87f1887dbbc0.jpg","Size":"152904","PicHeight":"880","PicWidth":"880","Pic500x500":"https://inishop.com/img/gallery_mediums/4dc3f367a3dd66d782ed87f1887dbbc0.jpg","Pic500x500Size":"54518","Pic500x500Height":"500","Pic500x500Width":"500","No":"3","IsMain":"N","Updated":"2023-05-18 16:41:32","IsPrivate":"0","Type":"ProductImage","Attributes":{"OriginalFileName":""}},{"ID":"75656387","LowPic":"https://inishop.com/img/gallery_lows/8178f77bd479ef1532329e7afbfd0f3b.jpg","LowSize":"18559","LowHeight":"200","LowWidth":"200","ThumbPic":"https://inishop.com/img/gallery_thumbs/8178f77bd479ef1532329e7afbfd0f3b.jpg","ThumbPicSize":"4335","Pic":"https://inishop.com/img/gallery/8178f77bd479ef1532329e7afbfd0f3b.jpg","Size":"172590","PicHeight":"880","PicWidth":"880","Pic500x500":"https://inishop.com/img/gallery_mediums/8178f77bd479ef1532329e7afbfd0f3b.jpg","Pic500x500Size":"73492","Pic500x500Height":"500","Pic500x500Width":"500","No":"4","IsMain":"N","Updated":"2025-09-08 17:33:17","IsPrivate":"0","Type":"ProductPackagingImage","Attributes":{"OriginalFileName":""}}],"FeaturesGroups":[{"ID":28803,"SortNo":"30","FeatureGroup":{"ID":"185","Name":{"Value":"Features","Language":"EN"}},"Features":[{"Localized":0,"ID":552358972,"LocalID":0,"Type":"dropdown","Value":"Mini vibrator","CategoryFeatureId":"808782","CategoryFeatureGroupID":"28803","SortNo":"150","PresentationValue":"Mini vibrator","RawValue":"Mini vibrator","LocalValue":"Mini vibrator","Description":"The sub-category of the product.","Mandatory":"1","Searchable":"1","Optional":"0","Feature":{"ID":"14052","Sign":"","Measure":{"ID":"29","Sign":"","Signs":{"ID":"","_":"","Language":"EN"}},"Name":{"Value":"Product type","Language":"EN"}}},{"Localized":0,"ID":552358989,"LocalID":0,"Type":"dropdown","Value":"Curved","CategoryFeatureId":"270233","CategoryFeatureGroupID":"28803","SortNo":"100","PresentationValue":"Curved","RawValue":"Curved","LocalValue":"Curved","Description":"The external form, contours, or outline of the product.","Mandatory":"0","Searchable":"0","Optional":"0","Feature":{"ID":"9397","Sign":"","Measure":{"ID":"29","Sign":"","Signs":{"ID":"","_":"","Language":"EN"}},"Name":{"Value":"Shape","Language":"EN"}}},{"Localized":0,"ID":552358976,"LocalID":0,"Type":"dropdown","Value":"Vaginal stimulation","CategoryFeatureId":"808780","CategoryFeatureGroupID":"28803","SortNo":"100","PresentationValue":"Vaginal stimulation","RawValue":"Vaginal stimulation","LocalValue":"Vaginal stimulation","Description":"","Mandatory":"1","Searchable":"1","Optional":"0","Feature":{"ID":"44730","Sign":"","Measure":{"ID":"29","Sign":"","Signs":{"ID":"","_":"","Language":"EN"}},"Name":{"Value":"Stimulation type","Language":"EN"}}},{"Localized":0,"ID":552358993,"LocalID":0,"Type":"dropdown","Value":"Acrylonitrile butadiene styrene (ABS),Silicone","CategoryFeatureId":"270245","CategoryFeatureGroupID":"28803","SortNo":"90","PresentationValue":"Acrylonitrile butadiene styrene (ABS), Silicone","RawValue":"Acrylonitrile butadiene styrene (ABS),Silicone","LocalValue":"Acrylonitrile butadiene styrene (ABS), Silicone","Description":"The material from which a thing is or can be made e.g. wood, plastic.","Mandatory":"1","Searchable":"0","Optional":"0","Feature":{"ID":"898","Sign":"","Measure":{"ID":"29","Sign":"","Signs":{"ID":"","_":"","Language":"EN"}},"Name":{"Value":"Material","Language":"EN"}}},{"Localized":0,"ID":552358996,"LocalID":0,"Type":"dropdown","Value":"Ambidextrous","CategoryFeatureId":"315245","CategoryFeatureGroupID":"28803","SortNo":"68","PresentationValue":"Ambidextrous","RawValue":"Ambidextrous","LocalValue":"Ambidextrous","Description":"The design allows to draw the gun with the right or left hand or both (ambidextrous).","Mandatory":"0","Searchable":"0","Optional":"0","Feature":{"ID":"21183","Sign":"","Measure":{"ID":"29","Sign":"","Signs":{"ID":"","_":"","Language":"EN"}},"Name":{"Value":"Hand orientation","Language":"EN"}}},{"Localized":0,"ID":552358998,"LocalID":0,"Type":"multi_dropdown","Value":"Buttons","CategoryFeatureId":"315247","CategoryFeatureGroupID":"28803","SortNo":"45","PresentationValue":"Buttons","RawValue":"Buttons","LocalValue":"Buttons","Description":"The way in which the device is controlled.","Mandatory":"0","Searchable":"0","Optional":"0","Feature":{"ID":"2651","Sign":"","Measure":{"ID":"29","Sign":"","Signs":{"ID":"","_":"","Language":"EN"}},"Name":{"Value":"Control type","Language":"EN"}}},{"Localized":0,"ID":552359036,"LocalID":0,"Type":"y_n","Value":"Y","CategoryFeatureId":"270246","CategoryFeatureGroupID":"28803","SortNo":"35","PresentationValue":"Yes","RawValue":"Y","LocalValue":"Yes","Description":"The product is protected from water, staying dry if liquid is spilt on it or it gets wet in the rain.","Mandatory":"0","Searchable":"0","Optional":"0","Feature":{"ID":"7509","Sign":"","Measure":{"ID":"26","Sign":"","Signs":{"ID":"","_":"","Language":"EN"}},"Name":{"Value":"Waterproof","Language":"EN"}}},{"Localized":0,"ID":552359041,"LocalID":0,"Type":"dropdown","Value":"Matt","CategoryFeatureId":"315569","CategoryFeatureGroupID":"28803","SortNo":"30","PresentationValue":"Matt","RawValue":"Matt","LocalValue":"Matt","Description":"The way that a product is finished e.g. a matt or gloss finish.","Mandatory":"0","Searchable":"0","Optional":"0","Feature":{"ID":"2254","Sign":"","Measure":{"ID":"29","Sign":"","Signs":{"ID":"","_":"","Language":"EN"}},"Name":{"Value":"Finish type","Language":"EN"}}},{"Localized":0,"ID":552358986,"LocalID":0,"Type":"multi_dropdown","Value":"Blue,Grey","CategoryFeatureId":"270236","CategoryFeatureGroupID":"28803","SortNo":"0","PresentationValue":"Blue, Grey","RawValue":"Blue,Grey","LocalValue":"Blue, Grey","Description":"The colour e.g. red, blue, green, black, white.","Mandatory":"1","Searchable":"1","Optional":"0","Feature":{"ID":"1766","Sign":"","Measure":{"ID":"29","Sign":"","Signs":{"ID":"","_":"","Language":"EN"}},"Name":{"Value":"Product colour","Language":"EN"}}}]},{"ID":28805,"SortNo":"25","FeatureGroup":{"ID":"143","Name":{"Value":"Battery","Language":"EN"}},"Features":[{"Localized":0,"ID":552359042,"LocalID":0,"Type":"dropdown","Value":"Built-in battery","CategoryFeatureId":"270240","CategoryFeatureGroupID":"28805","SortNo":"170","PresentationValue":"Built-in battery","RawValue":"Built-in battery","LocalValue":"Built-in battery","Description":"Description of battery supplied with the product, such battery form factor (e.g. AA/AAA).","Mandatory":"1","Searchable":"0","Optional":"0","Feature":{"ID":"908","Sign":"","Measure":{"ID":"29","Sign":"","Signs":{"ID":"","_":"","Language":"EN"}},"Name":{"Value":"Battery type","Language":"EN"}}},{"Localized":0,"ID":552359044,"LocalID":0,"Type":"dropdown","Value":"Lithium-Ion (Li-Ion)","CategoryFeatureId":"270243","CategoryFeatureGroupID":"28805","SortNo":"17","PresentationValue":"Lithium-Ion (Li-Ion)","RawValue":"Lithium-Ion (Li-Ion)","LocalValue":"Lithium-Ion (Li-Ion)","Description":"The type of battery in the device, e.g. nickel–cadmium (NiCd).","Mandatory":"0","Searchable":"0","Optional":"0","Feature":{"ID":"434","Sign":"","Measure":{"ID":"29","Sign":"","Signs":{"ID":"","_":"","Language":"EN"}},"Name":{"Value":"Battery technology","Language":"EN"}}},{"Localized":0,"ID":552359048,"LocalID":0,"Type":"y_n","Value":"Y","CategoryFeatureId":"315558","CategoryFeatureGroupID":"28805","SortNo":"15","PresentationValue":"Yes","RawValue":"Y","LocalValue":"Yes","Description":"","Mandatory":"0","Searchable":"0","Optional":"0","Feature":{"ID":"11194","Sign":"","Measure":{"ID":"26","Sign":"","Signs":{"ID":"","_":"","Language":"EN"}},"Name":{"Value":"USB charging","Language":"EN"}}}]},{"ID":28807,"SortNo":"15","FeatureGroup":{"ID":"14","Name":{"Value":"Weight & dimensions","Language":"EN"}},"Features":[{"Localized":0,"ID":552359053,"LocalID":0,"Type":"numerical","Value":"217","CategoryFeatureId":"270247","CategoryFeatureGroupID":"28807","SortNo":"49","PresentationValue":"217 mm","RawValue":"217","LocalValue":"217","Description":"The measurement or extent of something from end to end.","Mandatory":"1","Searchable":"0","Optional":"0","Feature":{"ID":"2738","Sign":"","Measure":{"ID":"24","Sign":"","Signs":{"ID":"3","_":"mm","Language":"EN"}},"Name":{"Value":"Length","Language":"EN"}}},{"Localized":0,"ID":552359060,"LocalID":0,"Type":"numerical","Value":"38","CategoryFeatureId":"315570","CategoryFeatureGroupID":"28807","SortNo":"14","PresentationValue":"38 mm","RawValue":"38","LocalValue":"38","Description":"The measurement or extent of something from side to side.","Mandatory":"0","Searchable":"0","Optional":"0","Feature":{"ID":"1649","Sign":"","Measure":{"ID":"24","Sign":"","Signs":{"ID":"3","_":"mm","Language":"EN"}},"Name":{"Value":"Width","Language":"EN"}}},{"Localized":0,"ID":552359068,"LocalID":0,"Type":"numerical","Value":"171.38","CategoryFeatureId":"315246","CategoryFeatureGroupID":"28807","SortNo":"11","PresentationValue":"171.38 g","RawValue":"171.38","LocalValue":"171.4","Description":"Weight of the product without packaging (net weight). If possible, the net weight is given including standard accessories and supplies. Please note that sometimes the manufacturer leaves out the weight of accessories and/or supplies.","Mandatory":"0","Searchable":"0","Optional":"0","Feature":{"ID":"94","Sign":"","Measure":{"ID":"38","Sign":"","Signs":{"ID":"22","_":"g","Language":"EN"}},"Name":{"Value":"Weight","Language":"EN"}}}]},{"ID":75451,"SortNo":"13","FeatureGroup":{"ID":"67","Name":{"Value":"Packaging data","Language":"EN"}},"Features":[{"Localized":0,"ID":552359070,"LocalID":0,"Type":"dropdown","Value":"Box","CategoryFeatureId":"593889","CategoryFeatureGroupID":"75451","SortNo":"-15","PresentationValue":"Box","RawValue":"Box","LocalValue":"Box","Description":"The type of product package e.g. box.","Mandatory":"0","Searchable":"0","Optional":"0","Feature":{"ID":"4463","Sign":"","Measure":{"ID":"29","Sign":"","Signs":{"ID":"","_":"","Language":"EN"}},"Name":{"Value":"Package type","Language":"EN"}}}]},{"ID":28804,"SortNo":"10","FeatureGroup":{"ID":"116","Name":{"Value":"Packaging content","Language":"EN"}},"Features":[{"Localized":0,"ID":552359071,"LocalID":0,"Type":"numerical","Value":"1","CategoryFeatureId":"660396","CategoryFeatureGroupID":"28804","SortNo":"500","PresentationValue":"1 pc(s)","RawValue":"1","LocalValue":"1","Description":"","Mandatory":"0","Searchable":"0","Optional":"0","Feature":{"ID":"20228","Sign":"","Measure":{"ID":"144","Sign":"","Signs":{"ID":"125","_":"pc(s)","Language":"EN"}},"Name":{"Value":"Quantity per pack","Language":"EN"}}},{"Localized":0,"ID":552359075,"LocalID":0,"Type":"y_n","Value":"Y","CategoryFeatureId":"315244","CategoryFeatureGroupID":"28804","SortNo":"100","PresentationValue":"Yes","RawValue":"Y","LocalValue":"Yes","Description":"","Mandatory":"0","Searchable":"0","Optional":"0","Feature":{"ID":"3965","Sign":"","Measure":{"ID":"26","Sign":"","Signs":{"ID":"","_":"","Language":"EN"}},"Name":{"Value":"Manual","Language":"EN"}}}]}],"FeatureLogos":[],"ReasonsToBuy":[],"Reviews":[],"ProductRelated":[],"CatalogObjectCloud":{},"Variants":[],"ProductStory":[],"Dictionary":{"model_name":"Product name","desc":"Description","ean_code":"EAN/UPC code","flash360":"3D tour","demo_msg_part3":"If you don't have an Icecat account, please register here for free.","repairability_index":"Repairability index","zoom_panel_init":"Original size","cat_name":"Category","product_family":"Product family","back_to_top":"Back to top","zoom_panel_out":"Zoom out","specs":"Specs","eu_product_fiche":"EU Product Fiche","reviews_head_name":"Reviews","pdf_specs":"Product Brochure","zoom_panel_in":"Zoom in","html_content":"","release_date":"Release date","demo_msg_part1":"You are using now a Demo account. Please, use your own Icecat account","demo_insert_desc":"This is a demo of a seamless insert of an Icecat LIVE product data-sheet in your website. Imagine that this responsive data-sheet is included in the product page of your webshop.","pdf_url":"User manual","prod_code":"Product code","supplier_name":"Brand","video":"Video","reasons_to_buy":"Reasons to buy","marketing_text":"Description","options_head_name":"Options","product_series":"Product series","demo_msg_part2":"your Icecat login name","link_integrate_desk":"How to integrate Icecat LIVE JavaScript.","zoom_panel_dragg":"Mouse dragging","eu_energy_label":"EU Energy Label"},"DemoAccount":false}}