{"msg":"OK","data":{"GeneralInfo":{"IcecatId":36340796,"ReleaseDate":"","EndOfLifeDate":"","Title":"Eleaf Mini iStick electronic cigarette 1050 mAh Red","TitleInfo":{"GeneratedIntTitle":"Eleaf Mini iStick electronic cigarette","GeneratedLocalTitle":{"Value":"Eleaf Mini iStick electronic cigarette 1050 mAh Red","Language":"EN"},"BrandLocalTitle":{"Value":"","Language":"EN"}},"Brand":"Eleaf","BrandID":"18191","BrandLogo":"","BrandInfo":{"BrandName":"Eleaf","BrandLocalName":"","BrandLogo":""},"ProductName":"Mini iStick","ProductNameInfo":{"ProductIntName":"Mini iStick","ProductLocalName":{"Value":"","Language":"EN"}},"BrandPartCode":"MINI_ISTICK_10W_RED","GTIN":[],"Category":{"CategoryID":"2401","Name":{"Value":"Electronic Cigarettes","Language":"EN"}},"ProductFamily":{},"ProductSeries":{"SeriesID":"1"},"Description":{"ID":"54743339","LongDesc":"Mini iStick is a tinier and simplified version of the original iStick. Its length is only 52mm (approximately 2.1 inches) making it a perfect fit for the palm of your hand and easy to store in your pocket even while an atomizer is attached. The battery capacity is 1050mAh despite its diminutive stature and it can handle up to 10W. The battery display indicator on top allows you to easily see remaining charge. With the Mini iStick, you will be able to carry a pocket friendly device while still enjoying a satisfying vape! <br><br><b>Top LED Digital Display</b>: Display parameter (vaping seconds, battery power, current voltage) in a circular digital screen. <br><br><b>Adjustable Voltage</b>:Press the up-and-down arrow buttons to increase/decrease the working voltage between 3.3V to 5.0V.<br><br><b>Large Battery Capacity</b>: The capacity of Mini iStick is 1050mAh despite the tiny size.<br><br><b>How to charge?</b><br>Mini iStick can be charged through USB port at the bottom of battery. It will take 1.5 hours to charge the battery with 1A wall adaptor. <br><br><b>Recommends: GS16S + Mini iStick</b><br>When you combine GS16S with Mini iStick, the total size is really proper. The collocation reaches a better proportion, and will bring a visual treat for you.","LongProductName":"1050 mAh, 3.3 - 5 V, 10 W, 510 Thread, Red","MiddleDesc":"","Disclaimer":"","ManualPDFURL":"","ManualPDFSize":"0","LeafletPDFURL":"","PDFSize":"0","URL":"https://www.eleafworld.com/mini-istick/","WarrantyInfo":"","Updated":"2025-09-09 09:47:09","Language":"EN"},"SummaryDescription":{"ShortSummaryDescription":"Eleaf Mini iStick, Red, LED, Buttons, 1050 mAh, 10 W, 3.3 V","LongSummaryDescription":"Eleaf Mini iStick. Product colour: Red, Display type: LED, Control type: Buttons. Battery capacity: 1050 mAh, Output power: 10 W, Maximum output voltage: 3.3 V. Charging time: 1.5 h. Width: 21 mm, Depth: 32.5 mm, Height: 52 mm"},"BulletPoints":{},"GeneratedBulletPoints":{},"GTINs":[]},"Image":{"HighPic":"https://inishop.com/img/gallery/36340796_7880267135.jpg","HighPicSize":"35170","HighPicHeight":"403","HighPicWidth":"294","LowPic":"https://inishop.com/img/gallery_lows/36340796_7880267135.jpg","LowPicSize":"16229","LowPicHeight":"200","LowPicWidth":"145","Pic500x500":"","Pic500x500Size":"0","Pic500x500Height":"0","Pic500x500Width":"0","ThumbPic":"https://inishop.com/img/gallery_thumbs/36340796_7880267135.jpg","ThumbPicSize":"1655"},"Multimedia":[],"Gallery":[{"ID":"20719400","LowPic":"https://inishop.com/img/gallery_lows/36340796_7880267135.jpg","LowSize":"16229","LowHeight":"200","LowWidth":"145","ThumbPic":"https://inishop.com/img/gallery_thumbs/36340796_7880267135.jpg","ThumbPicSize":"1655","Pic":"https://inishop.com/img/gallery/36340796_7880267135.jpg","Size":"35170","PicHeight":"403","PicWidth":"294","Pic500x500":"","Pic500x500Size":"0","Pic500x500Height":"0","Pic500x500Width":"0","No":"1","IsMain":"Y","Updated":"2017-03-17 17:37:16","IsPrivate":"0","Type":"ProductImage","Attributes":{"OriginalFileName":""}}],"FeaturesGroups":[{"ID":8909,"SortNo":"11","FeatureGroup":{"ID":"148","Name":{"Value":"Design","Language":"EN"}},"Features":[{"Localized":0,"ID":240989828,"LocalID":0,"Type":"multi_dropdown","Value":"Red","CategoryFeatureId":"68804","CategoryFeatureGroupID":"8909","SortNo":"90","PresentationValue":"Red","RawValue":"Red","LocalValue":"Red","Description":"The colour e.g. red, blue, green, black, white.","Mandatory":"0","Searchable":"0","Optional":"0","Feature":{"ID":"1766","Sign":"","Measure":{"ID":"29","Sign":"","Signs":{"ID":"","_":"","Language":"EN"}},"Name":{"Value":"Product colour","Language":"EN"}}},{"Localized":0,"ID":835744271,"LocalID":0,"Type":"y_n","Value":"Y","CategoryFeatureId":"249546","CategoryFeatureGroupID":"8909","SortNo":"80","PresentationValue":"Yes","RawValue":"Y","LocalValue":"Yes","Description":"A display which is part of the product, so you do not need to attach another display.","Mandatory":"0","Searchable":"0","Optional":"0","Feature":{"ID":"8782","Sign":"","Measure":{"ID":"26","Sign":"","Signs":{"ID":"","_":"","Language":"EN"}},"Name":{"Value":"Built-in display","Language":"EN"}}},{"Localized":0,"ID":835744395,"LocalID":0,"Type":"dropdown","Value":"LED","CategoryFeatureId":"249547","CategoryFeatureGroupID":"8909","SortNo":"78","PresentationValue":"LED","RawValue":"LED","LocalValue":"LED","Description":"Type of display (screen) e.g. LCD.","Mandatory":"0","Searchable":"0","Optional":"0","Feature":{"ID":"9104","Sign":"","Measure":{"ID":"29","Sign":"","Signs":{"ID":"","_":"","Language":"EN"}},"Name":{"Value":"Display type","Language":"EN"}}},{"Localized":0,"ID":835744472,"LocalID":0,"Type":"y_n","Value":"Y","CategoryFeatureId":"249548","CategoryFeatureGroupID":"8909","SortNo":"76","PresentationValue":"Yes","RawValue":"Y","LocalValue":"Yes","Description":"A backlight is a form of illumination used in liquid crystal displays (LCDs). As LCDs do not produce light themselves - unlike for example Cathode ray tube (CRT) displays -  they need illumination (ambient light or a special light source) to produce a visible image. Backlights are used in small displays to increase readability in low light conditions such as in watches, and in computer displays and LCD televisions to produce light in a manner similar to a CRT display.","Mandatory":"0","Searchable":"0","Optional":"0","Feature":{"ID":"1729","Sign":"","Measure":{"ID":"26","Sign":"","Signs":{"ID":"","_":"","Language":"EN"}},"Name":{"Value":"Backlight display","Language":"EN"}}},{"Localized":0,"ID":835744262,"LocalID":0,"Type":"dropdown","Value":"Buttons","CategoryFeatureId":"249568","CategoryFeatureGroupID":"8909","SortNo":"40","PresentationValue":"Buttons","RawValue":"Buttons","LocalValue":"Buttons","Description":"The way in which the device is controlled.","Mandatory":"0","Searchable":"0","Optional":"0","Feature":{"ID":"2651","Sign":"","Measure":{"ID":"29","Sign":"","Signs":{"ID":"","_":"","Language":"EN"}},"Name":{"Value":"Control type","Language":"EN"}}}]},{"ID":8912,"SortNo":"6","FeatureGroup":{"ID":"143","Name":{"Value":"Battery","Language":"EN"}},"Features":[{"Localized":0,"ID":240989829,"LocalID":0,"Type":"numerical","Value":"1050","CategoryFeatureId":"68815","CategoryFeatureGroupID":"8912","SortNo":"100","PresentationValue":"1050 mAh","RawValue":"1050","LocalValue":"1050","Description":"A measure of the charge stored by the battery. Determined by the mass of active material contained in the battery.","Mandatory":"0","Searchable":"0","Optional":"0","Feature":{"ID":"909","Sign":"","Measure":{"ID":"51","Sign":"","Signs":{"ID":"35","_":"mAh","Language":"EN"}},"Name":{"Value":"Battery capacity","Language":"EN"}}},{"Localized":0,"ID":835744510,"LocalID":0,"Type":"y_n","Value":"Y","CategoryFeatureId":"249552","CategoryFeatureGroupID":"8912","SortNo":"45","PresentationValue":"Yes","RawValue":"Y","LocalValue":"Yes","Description":"","Mandatory":"0","Searchable":"0","Optional":"0","Feature":{"ID":"11194","Sign":"","Measure":{"ID":"26","Sign":"","Signs":{"ID":"","_":"","Language":"EN"}},"Name":{"Value":"USB charging","Language":"EN"}}},{"Localized":0,"ID":835744266,"LocalID":0,"Type":"numerical","Value":"10","CategoryFeatureId":"249555","CategoryFeatureGroupID":"8912","SortNo":"40","PresentationValue":"10 W","RawValue":"10","LocalValue":"10","Description":"The power that the device can produce.","Mandatory":"0","Searchable":"0","Optional":"0","Feature":{"ID":"5932","Sign":"","Measure":{"ID":"44","Sign":"","Signs":{"ID":"28","_":"W","Language":"EN"}},"Name":{"Value":"Output power","Language":"EN"}}},{"Localized":0,"ID":835744501,"LocalID":0,"Type":"numerical","Value":"3.3","CategoryFeatureId":"249559","CategoryFeatureGroupID":"8912","SortNo":"37","PresentationValue":"3.3 V","RawValue":"3.3","LocalValue":"3.3","Description":"","Mandatory":"0","Searchable":"0","Optional":"0","Feature":{"ID":"25415","Sign":"","Measure":{"ID":"42","Sign":"","Signs":{"ID":"26","_":"V","Language":"EN"}},"Name":{"Value":"Maximum output voltage","Language":"EN"}}},{"Localized":0,"ID":835744503,"LocalID":0,"Type":"numerical","Value":"5","CategoryFeatureId":"249560","CategoryFeatureGroupID":"8912","SortNo":"36","PresentationValue":"5 V","RawValue":"5","LocalValue":"5","Description":"","Mandatory":"0","Searchable":"0","Optional":"0","Feature":{"ID":"25414","Sign":"","Measure":{"ID":"42","Sign":"","Signs":{"ID":"26","_":"V","Language":"EN"}},"Name":{"Value":"Minimum output voltage","Language":"EN"}}}]},{"ID":78604,"SortNo":"5","FeatureGroup":{"ID":"27","Name":{"Value":"Power","Language":"EN"}},"Features":[{"Localized":0,"ID":835744516,"LocalID":0,"Type":"numerical","Value":"1.5","CategoryFeatureId":"950844","CategoryFeatureGroupID":"78604","SortNo":"0","PresentationValue":"1.5 h","RawValue":"1.5","LocalValue":"1.5","Description":"The amount of time needed to charge the product.","Mandatory":"0","Searchable":"0","Optional":"0","Feature":{"ID":"4087","Sign":"","Measure":{"ID":"46","Sign":"","Signs":{"ID":"30","_":"h","Language":"EN"}},"Name":{"Value":"Charging time","Language":"EN"}}}]},{"ID":8914,"SortNo":"4","FeatureGroup":{"ID":"14","Name":{"Value":"Weight & dimensions","Language":"EN"}},"Features":[{"Localized":0,"ID":240989810,"LocalID":0,"Type":"numerical","Value":"21","CategoryFeatureId":"68823","CategoryFeatureGroupID":"8914","SortNo":"40","PresentationValue":"21 mm","RawValue":"21","LocalValue":"21","Description":"The measurement or extent of something from side to side.","Mandatory":"0","Searchable":"0","Optional":"0","Feature":{"ID":"1649","Sign":"","Measure":{"ID":"24","Sign":"","Signs":{"ID":"3","_":"mm","Language":"EN"}},"Name":{"Value":"Width","Language":"EN"}}},{"Localized":0,"ID":240989814,"LocalID":0,"Type":"numerical","Value":"32.5","CategoryFeatureId":"68824","CategoryFeatureGroupID":"8914","SortNo":"30","PresentationValue":"32.5 mm","RawValue":"32.5","LocalValue":"32.5","Description":"The distance from the front to the back of something.","Mandatory":"0","Searchable":"0","Optional":"0","Feature":{"ID":"1650","Sign":"","Measure":{"ID":"24","Sign":"","Signs":{"ID":"3","_":"mm","Language":"EN"}},"Name":{"Value":"Depth","Language":"EN"}}},{"Localized":0,"ID":240989816,"LocalID":0,"Type":"numerical","Value":"52","CategoryFeatureId":"68825","CategoryFeatureGroupID":"8914","SortNo":"20","PresentationValue":"52 mm","RawValue":"52","LocalValue":"52","Description":"The measurement of the product from head to foot or from base to top.","Mandatory":"0","Searchable":"0","Optional":"0","Feature":{"ID":"1464","Sign":"","Measure":{"ID":"24","Sign":"","Signs":{"ID":"3","_":"mm","Language":"EN"}},"Name":{"Value":"Height","Language":"EN"}}}]}],"FeatureLogos":[],"ReasonsToBuy":[],"Reviews":[],"ProductRelated":[],"CatalogObjectCloud":{},"Variants":[],"ProductStory":[],"Dictionary":{"model_name":"Product name","desc":"Description","ean_code":"EAN/UPC code","flash360":"3D tour","demo_msg_part3":"If you don't have an Icecat account, please register here for free.","repairability_index":"Repairability index","zoom_panel_init":"Original size","cat_name":"Category","product_family":"Product family","back_to_top":"Back to top","zoom_panel_out":"Zoom out","specs":"Specs","eu_product_fiche":"EU Product Fiche","reviews_head_name":"Reviews","pdf_specs":"Product Brochure","zoom_panel_in":"Zoom in","html_content":"","release_date":"Release date","demo_msg_part1":"You are using now a Demo account. Please, use your own Icecat account","demo_insert_desc":"This is a demo of a seamless insert of an Icecat LIVE product data-sheet in your website. Imagine that this responsive data-sheet is included in the product page of your webshop.","pdf_url":"User manual","prod_code":"Product code","supplier_name":"Brand","video":"Video","reasons_to_buy":"Reasons to buy","marketing_text":"Description","options_head_name":"Options","product_series":"Product series","demo_msg_part2":"your Icecat login name","link_integrate_desk":"How to integrate Icecat LIVE JavaScript.","zoom_panel_dragg":"Mouse dragging","eu_energy_label":"EU Energy Label"},"DemoAccount":false}}