{"msg":"OK","data":{"GeneralInfo":{"IcecatId":134699155,"ReleaseDate":"","EndOfLifeDate":"","Title":"Galena Pharma Cough syrup","TitleInfo":{"GeneratedIntTitle":"Galena Pharma Cough syrup cough medicine","GeneratedLocalTitle":{"Value":"Galena Pharma Cough syrup cough medicine 200 ml Internal use Adults & Children","Language":"EN"},"BrandLocalTitle":{"Value":"Galena Pharma Cough syrup","Language":"EN"}},"Brand":"Galena Pharma","BrandID":"43643","BrandLogo":"","BrandInfo":{"BrandName":"Galena Pharma","BrandLocalName":"","BrandLogo":""},"ProductName":"Cough syrup","ProductNameInfo":{"ProductIntName":"Cough syrup","ProductLocalName":{"Value":"Cough syrup","Language":"EN"}},"BrandPartCode":"YSKäHUNAJA","GTIN":[],"Category":{"CategoryID":"5044","Name":{"Value":"Cough Medicines","Language":"EN"}},"ProductFamily":{},"ProductSeries":{"SeriesID":"1"},"Description":{"ID":"104037836","LongDesc":"","LongProductName":"Cough syrup 200ml","MiddleDesc":"","Disclaimer":"","ManualPDFURL":"","ManualPDFSize":"0","LeafletPDFURL":"","PDFSize":"0","URL":"https://www.galena.fi/white-label-products/cough-and-cold/cough-syrup","WarrantyInfo":"","Updated":"2025-09-08 17:10:41","Language":"EN"},"SummaryDescription":{"ShortSummaryDescription":"Galena Pharma Cough syrup, Internal use, Adults & Children, Syrup, 200 ml, 1 yr(s), Honey","LongSummaryDescription":"Galena Pharma Cough syrup. Proper use: Internal use, Target audience: Adults & Children, Dosage form: Syrup"},"BulletPoints":{"BulletPointsId":"13607226","Language":"EN","Values":["Reduces cough irritation and relieves nocturnal cough","Soothes mucous membranes and relieves pain and inflammation","Pure honey liquid with consistent quality","Cough syrup for the entire family, children over one year","Chemically and microbiologically tested","Tested for Clostridium Botulinum bacterium"],"Updated":"2025-09-08 17:10:41"},"GeneratedBulletPoints":{},"GTINs":[]},"Image":{"HighPic":"https://inishop.com/img/gallery/5d8298aab1d204f5ebfcccac700af48e31432894.jpg","HighPicSize":"87328","HighPicHeight":"604","HighPicWidth":"314","LowPic":"https://inishop.com/img/gallery_lows/8d065460d7193b5ef4a83d49f0560fe3937c7bca.jpg","LowPicSize":"16138","LowPicHeight":"200","LowPicWidth":"104","Pic500x500":"https://inishop.com/img/gallery_mediums/65cb86b3d6169258d4be934c67d22f68f3399829.jpg","Pic500x500Size":"64611","Pic500x500Height":"500","Pic500x500Width":"260","ThumbPic":"https://inishop.com/img/gallery_thumbs/a944889449bdd1e56a152ab97bb3b2d798f85747.jpg","ThumbPicSize":"4020"},"Multimedia":[],"Gallery":[{"ID":"117084057","LowPic":"https://inishop.com/img/gallery_lows/8d065460d7193b5ef4a83d49f0560fe3937c7bca.jpg","LowSize":"16138","LowHeight":"200","LowWidth":"104","ThumbPic":"https://inishop.com/img/gallery_thumbs/a944889449bdd1e56a152ab97bb3b2d798f85747.jpg","ThumbPicSize":"4020","Pic":"https://inishop.com/img/gallery/5d8298aab1d204f5ebfcccac700af48e31432894.jpg","Size":"87328","PicHeight":"604","PicWidth":"314","Pic500x500":"https://inishop.com/img/gallery_mediums/65cb86b3d6169258d4be934c67d22f68f3399829.jpg","Pic500x500Size":"64611","Pic500x500Height":"500","Pic500x500Width":"260","No":"1","IsMain":"Y","Updated":"2025-09-08 17:09:40","IsPrivate":"0","Type":"ProductImage","Attributes":{"OriginalFileName":""}}],"FeaturesGroups":[{"ID":18224,"SortNo":"5","FeatureGroup":{"ID":"185","Name":{"Value":"Features","Language":"EN"}},"Features":[{"Localized":0,"ID":835129919,"LocalID":0,"Type":"numerical","Value":"200","CategoryFeatureId":"167793","CategoryFeatureGroupID":"18224","SortNo":"250","PresentationValue":"200 ml","RawValue":"200","LocalValue":"200","Description":"The amount of space that a substance or object occupies or may contain.","Mandatory":"0","Searchable":"0","Optional":"0","Feature":{"ID":"5207","Sign":"","Measure":{"ID":"142","Sign":"","Signs":{"ID":"123","_":"ml","Language":"EN"}},"Name":{"Value":"Volume","Language":"EN"}}},{"Localized":0,"ID":835129915,"LocalID":0,"Type":"dropdown","Value":"Internal use","CategoryFeatureId":"167782","CategoryFeatureGroupID":"18224","SortNo":"100","PresentationValue":"Internal use","RawValue":"Internal use","LocalValue":"Internal use","Description":"The intended application of the product.","Mandatory":"1","Searchable":"1","Optional":"0","Feature":{"ID":"2987","Sign":"","Measure":{"ID":"29","Sign":"","Signs":{"ID":"","_":"","Language":"EN"}},"Name":{"Value":"Proper use","Language":"EN"}}},{"Localized":0,"ID":835129916,"LocalID":0,"Type":"dropdown","Value":"Adults & Children","CategoryFeatureId":"167784","CategoryFeatureGroupID":"18224","SortNo":"95","PresentationValue":"Adults & Children","RawValue":"Adults & Children","LocalValue":"Adults & Children","Description":"","Mandatory":"1","Searchable":"1","Optional":"0","Feature":{"ID":"21228","Sign":"","Measure":{"ID":"29","Sign":"","Signs":{"ID":"","_":"","Language":"EN"}},"Name":{"Value":"Target audience","Language":"EN"}}},{"Localized":0,"ID":835129917,"LocalID":0,"Type":"dropdown","Value":"Syrup","CategoryFeatureId":"167783","CategoryFeatureGroupID":"18224","SortNo":"90","PresentationValue":"Syrup","RawValue":"Syrup","LocalValue":"Syrup","Description":"","Mandatory":"1","Searchable":"1","Optional":"0","Feature":{"ID":"25712","Sign":"","Measure":{"ID":"29","Sign":"","Signs":{"ID":"","_":"","Language":"EN"}},"Name":{"Value":"Dosage form","Language":"EN"}}},{"Localized":0,"ID":835129920,"LocalID":0,"Type":"numerical","Value":"1","CategoryFeatureId":"167786","CategoryFeatureGroupID":"18224","SortNo":"90","PresentationValue":"1 yr(s)","RawValue":"1","LocalValue":"1","Description":"The minimum age suitable for using this product.","Mandatory":"0","Searchable":"0","Optional":"0","Feature":{"ID":"7769","Sign":"","Measure":{"ID":"439","Sign":"","Signs":{"ID":"39428","_":"yr(s)","Language":"EN"}},"Name":{"Value":"Minimum age","Language":"EN"}}},{"Localized":0,"ID":835129928,"LocalID":0,"Type":"dropdown","Value":"Honey","CategoryFeatureId":"167796","CategoryFeatureGroupID":"18224","SortNo":"86","PresentationValue":"Honey","RawValue":"Honey","LocalValue":"Honey","Description":"","Mandatory":"0","Searchable":"0","Optional":"0","Feature":{"ID":"18005","Sign":"","Measure":{"ID":"29","Sign":"","Signs":{"ID":"","_":"","Language":"EN"}},"Name":{"Value":"Constitutive ingredients","Language":"EN"}}},{"Localized":0,"ID":835129950,"LocalID":0,"Type":"dropdown","Value":"Bottle","CategoryFeatureId":"167792","CategoryFeatureGroupID":"18224","SortNo":"80","PresentationValue":"Bottle","RawValue":"Bottle","LocalValue":"Bottle","Description":"The type of container from which the product can be dispensed, e.g. bag, tube etc.","Mandatory":"0","Searchable":"0","Optional":"0","Feature":{"ID":"17965","Sign":"","Measure":{"ID":"29","Sign":"","Signs":{"ID":"","_":"","Language":"EN"}},"Name":{"Value":"Dispenser type","Language":"EN"}}}]}],"FeatureLogos":[],"ReasonsToBuy":[],"Reviews":[],"ProductRelated":[],"CatalogObjectCloud":{},"Variants":[],"ProductStory":[],"Dictionary":{"model_name":"Product name","desc":"Description","ean_code":"EAN/UPC code","flash360":"3D tour","demo_msg_part3":"If you don't have an Icecat account, please register here for free.","repairability_index":"Repairability index","zoom_panel_init":"Original size","cat_name":"Category","product_family":"Product family","back_to_top":"Back to top","zoom_panel_out":"Zoom out","specs":"Specs","eu_product_fiche":"EU Product Fiche","reviews_head_name":"Reviews","pdf_specs":"Product Brochure","zoom_panel_in":"Zoom in","html_content":"","release_date":"Release date","demo_msg_part1":"You are using now a Demo account. Please, use your own Icecat account","demo_insert_desc":"This is a demo of a seamless insert of an Icecat LIVE product data-sheet in your website. Imagine that this responsive data-sheet is included in the product page of your webshop.","pdf_url":"User manual","prod_code":"Product code","supplier_name":"Brand","video":"Video","reasons_to_buy":"Reasons to buy","marketing_text":"Description","options_head_name":"Options","product_series":"Product series","demo_msg_part2":"your Icecat login name","link_integrate_desk":"How to integrate Icecat LIVE JavaScript.","zoom_panel_dragg":"Mouse dragging","eu_energy_label":"EU Energy Label"},"DemoAccount":false}}