{"msg":"OK","data":{"GeneralInfo":{"IcecatId":128914736,"ReleaseDate":"","EndOfLifeDate":"","Title":"Lenovo Yoga Tab Plus Qualcomm Snapdragon 256 GB 32.3 cm (12.7\") 16 GB Wi-Fi 7 (802.11be) Android 14 Teal","TitleInfo":{"GeneratedIntTitle":"Lenovo Yoga Tab Plus","GeneratedLocalTitle":{"Value":"Lenovo Yoga Tab Plus Qualcomm Snapdragon 256 GB 32.3 cm (12.7\") 16 GB Wi-Fi 7 (802.11be) Android 14 Teal","Language":"EN"},"BrandLocalTitle":{"Value":"","Language":"EN"}},"Brand":"Lenovo","BrandID":"728","BrandLogo":"https://images.icecat.biz/img/brand/thumb/728_f3df8e9ab56b4e5ab0f5e00aa8eddb77.jpg","BrandInfo":{"BrandName":"Lenovo","BrandLocalName":"","BrandLogo":"https://images.icecat.biz/img/brand/thumb/728_f3df8e9ab56b4e5ab0f5e00aa8eddb77.jpg"},"ProductName":"Yoga Tab Plus","ProductNameInfo":{"ProductIntName":"Yoga Tab Plus","ProductLocalName":{"Value":"","Language":"EN"}},"BrandPartCode":"ZAEG0041SE","GTIN":["0198155122040","198155122040"],"Category":{"CategoryID":"897","Name":{"Value":"Tablets","Language":"EN"}},"ProductFamily":{"ProductFamilyID":"74187","Value":"Yoga Tab","Language":"EN"},"ProductSeries":{"SeriesID":"1"},"Description":{"ID":"104043610","LongDesc":"<b>Elevate Your Day: Top-Notch Performance, Effortless Productivity</b><br>Elevate your potential with AI excellence driven by Snapdragon® 8 Gen 3 processor, boasting Qualcomm® Hexagon™ NPU that delivers an impressive 20 TOPS performance. Paired with Lenovo AI Now, transform every task into a model of efficiency. Advanced hardware and intelligent AI integration address every need for effortless productivity and intuitive adaptability.","LongProductName":"Qualcomm Snapdragon 8 Gen 3 Mobile Platform (8C, 1x X4 @3.3 GHz + 2x A720 @2.95 GHz + 3x A720 @3.14 GHz + 2x A520 @2.26 GHz, 16GB LPDDR5x, 256GB UFS 4.0, 12.7\" 3K (2944x1840) LTPS 650nits (typical) / 900nits (peak) Anti-reflection 100% DCI-P3 144Hz Touch, Qualcomm Adreno 750 GPU, Wi-Fi 7 802.11be 2x2 + BT5.4, Front 13.0MP / Rear 13.0MP + 2.0MP, with Flashlight, Android 14 or Later","MiddleDesc":"","Disclaimer":"","ManualPDFURL":"","ManualPDFSize":"0","LeafletPDFURL":"https://objects.icecat.biz/objects/mmo_128914736_1746367769_3143_1046722.pdf","PDFSize":"246770","URL":"https://www.lenovo.com/gb/en/p/tablets/yoga-tab-series/lenovo-yoga-tab-plus/len103y0001","WarrantyInfo":"","Updated":"2025-09-08 21:49:15","Language":"EN"},"SummaryDescription":{"ShortSummaryDescription":"Lenovo Yoga Tab Plus, 32.3 cm (12.7\"), 2944 x 1840 pixels, 256 GB, 16 GB, Android 14, Teal","LongSummaryDescription":"Lenovo Yoga Tab Plus. Display diagonal: 32.3 cm (12.7\"), Display resolution: 2944 x 1840 pixels. Internal storage capacity: 256 GB. Processor family: Qualcomm Snapdragon, Processor model: 8 Gen 3. Internal memory: 16 GB. Rear camera resolution (numeric): 13 MP, Rear camera type: Dual camera, Front camera resolution (numeric): 13 MP, Front camera. Top Wi-Fi standard: Wi-Fi 7 (802.11be). Weight: 640 g. Operating system installed: Android 14. Product colour: Teal"},"BulletPoints":{"BulletPointsId":"13608407","Language":"EN","Values":["Independence with AI-driven computing power & personalized assistance for elevated productivity & creativity","Flexibility with hybrid data processing & built-in peace-of-mind for diverse needs","Empowerment with robust AI tools & Lenovo Tab Pen Pro to flex your potential"],"Updated":"2025-09-08 21:49:15"},"GeneratedBulletPoints":{"Language":"EN","Values":["Slate Mobile tablet Teal","32.3 cm (12.7\") 2944 x 1840 pixels LTPS","Qualcomm Snapdragon 8 Gen 3","256 GB UFS","Dual camera 13 MP 2 MP Front camera 13 MP","Wi-Fi 7 (802.11be) Bluetooth 5.4","Lithium-Ion (Li-Ion) 10200 mAh","Android 14"]},"GTINs":[{"GTIN":"0198155122040","IsApproved":true},{"GTIN":"198155122040","IsApproved":true}]},"Image":{"HighPic":"https://images.icecat.biz/img/gallery/ae4ebdd7d313a00d7095ac610a202fb953f175ee.jpg","HighPicSize":"782879","HighPicHeight":"1248","HighPicWidth":"1835","LowPic":"https://images.icecat.biz/img/gallery_lows/7911fcf90c03b17b607d286352dad4d57f98873d.jpg","LowPicSize":"20693","LowPicHeight":"136","LowPicWidth":"200","Pic500x500":"https://images.icecat.biz/img/gallery_mediums/865f9f6df11690322645a41b93fd8bd3f19d0cbd.jpg","Pic500x500Size":"85289","Pic500x500Height":"340","Pic500x500Width":"500","ThumbPic":"https://images.icecat.biz/img/gallery_thumbs/e21fcf4dcbacab78d418ae9c5aa42fca34cb2733.jpg","ThumbPicSize":"5470"},"Multimedia":[{"ID":"77527175-EF80-4682-8E02-5F21484BC1B1","URL":"https://objects.icecat.biz/objects/mmo_128914736_1746367769_3143_1046722.pdf","Type":"leaflet","ContentType":"application/pdf","KeepAsUrl":"0","Description":"Product Brochure","Size":"246770","IsPrivate":"0","Updated":"2025-05-04 16:09:29","Language":"EN","IsVideo":0},{"ID":"AD022935-9EA7-4C14-90EC-9EB99DE5212B","URL":"https://objects.icecat.biz/objects/mmo_128914736_1746450227_754_1226441.pdf","Type":"other digital assets","ContentType":"application/pdf","KeepAsUrl":"0","Description":"User Guide","Size":"945553","IsPrivate":"0","Updated":"2025-05-05 15:03:47","Language":"EN","IsVideo":0},{"ID":"4806BECE-D864-436E-AAB2-2A3BDE2658AC","URL":"https://objects.icecat.biz/objects/mmo_128914736_1746469356_1923_1237896.pdf","Type":"other digital assets","ContentType":"application/pdf","KeepAsUrl":"0","Description":"Carbon Footprint","Size":"387159","IsPrivate":"0","Updated":"2025-05-05 20:22:36","Language":"EN","IsVideo":0},{"ID":"4897D317-3DC6-4CDD-8892-E3F08DA6FF8D","URL":"https://objects.icecat.biz/objects/mmo_128914736_1746477665_9306_1483209.pdf","Type":"other digital assets","ContentType":"application/pdf","KeepAsUrl":"0","Description":"EU Declaration of Conformity","Size":"333292","IsPrivate":"0","Updated":"2025-05-05 22:41:05","Language":"EN","IsVideo":0},{"ID":"CD712545-C92D-4E10-A494-51A4BA9B2B81","URL":"https://objects.icecat.biz/objects/mmo_128914736_1751051781_7005_861545.pdf","Type":"EU Energy Label","ContentType":"application/pdf","KeepAsUrl":"0","Description":"EU Energy Label","Size":"69544","IsPrivate":"0","Updated":"2025-06-27 21:18:58","Language":"","IsVideo":0,"EprelLink":"https://eprel.ec.europa.eu/qr/2230405","LabelType":"rescaled","ConvertedURL":"https://objects.icecat.biz/objects/128914736_65383228.jpeg","ConvertedContentType":"image/jpeg","ConvertedSize":241996,"EprelId":2230405}],"Gallery":[{"ID":"113579653","LowPic":"https://images.icecat.biz/img/gallery_lows/7911fcf90c03b17b607d286352dad4d57f98873d.jpg","LowSize":"20693","LowHeight":"136","LowWidth":"200","ThumbPic":"https://images.icecat.biz/img/gallery_thumbs/e21fcf4dcbacab78d418ae9c5aa42fca34cb2733.jpg","ThumbPicSize":"5470","Pic":"https://images.icecat.biz/img/gallery/ae4ebdd7d313a00d7095ac610a202fb953f175ee.jpg","Size":"782879","PicHeight":"1248","PicWidth":"1835","Pic500x500":"https://images.icecat.biz/img/gallery_mediums/865f9f6df11690322645a41b93fd8bd3f19d0cbd.jpg","Pic500x500Size":"85289","Pic500x500Height":"340","Pic500x500Width":"500","No":"1","IsMain":"Y","Updated":"2025-08-12 19:03:56","IsPrivate":"0","Type":"ProductImage","Attributes":{"OriginalFileName":""}},{"ID":"113579660","LowPic":"https://images.icecat.biz/img/gallery_lows/9f35fc1d4a14731f2054307c195c6aabbef32fd8.jpg","LowSize":"3485","LowHeight":"200","LowWidth":"44","ThumbPic":"https://images.icecat.biz/img/gallery_thumbs/8183cf3d3fb2188e511c819ed4b7c6f8de7a2c86.jpg","ThumbPicSize":"1168","Pic":"https://images.icecat.biz/img/gallery/f95f8d980c8862a26d32dd522cb50a0609bd31a9.jpg","Size":"57805","PicHeight":"1568","PicWidth":"344","Pic500x500":"https://images.icecat.biz/img/gallery_mediums/4745b30c30b2742ee8fa7538182ad6d652d7cfb8.jpg","Pic500x500Size":"10245","Pic500x500Height":"500","Pic500x500Width":"110","No":"2","IsMain":"N","Updated":"2025-08-12 19:03:56","IsPrivate":"0","Type":"ProductImage","Attributes":{"OriginalFileName":""}},{"ID":"113579663","LowPic":"https://images.icecat.biz/img/gallery_lows/4137295ac0f50782c06f491417112470108a0314.jpg","LowSize":"2385","LowHeight":"200","LowWidth":"37","ThumbPic":"https://images.icecat.biz/img/gallery_thumbs/1d6955c364c83ecf7dfa8883edcf52f8959f1051.jpg","ThumbPicSize":"1143","Pic":"https://images.icecat.biz/img/gallery/eec547728bf493961fbeda47e3140155978d94c4.jpg","Size":"49273","PicHeight":"1528","PicWidth":"280","Pic500x500":"https://images.icecat.biz/img/gallery_mediums/6c19f19db08d933ca9e18d0dea65ad1d8e2b2e24.jpg","Pic500x500Size":"9479","Pic500x500Height":"500","Pic500x500Width":"92","No":"3","IsMain":"N","Updated":"2025-08-12 19:03:56","IsPrivate":"0","Type":"ProductImage","Attributes":{"OriginalFileName":""}},{"ID":"113579665","LowPic":"https://images.icecat.biz/img/gallery_lows/d97016dfda242e10498b2d06b3e92c00872dcd91.jpg","LowSize":"1876","LowHeight":"23","LowWidth":"200","ThumbPic":"https://images.icecat.biz/img/gallery_thumbs/980edba187db234975099b2d6032e2ea339e144b.jpg","ThumbPicSize":"1046","Pic":"https://images.icecat.biz/img/gallery/cebc4ad667d5a827b0674991daa6e3398e2621ac.jpg","Size":"61803","PicHeight":"215","PicWidth":"1836","Pic500x500":"https://images.icecat.biz/img/gallery_mediums/7720fc17de30e2537e7f1c2dff9376f07362888a.jpg","Pic500x500Size":"7602","Pic500x500Height":"59","Pic500x500Width":"500","No":"4","IsMain":"N","Updated":"2025-08-12 19:03:57","IsPrivate":"0","Type":"ProductImage","Attributes":{"OriginalFileName":""}},{"ID":"113579669","LowPic":"https://images.icecat.biz/img/gallery_lows/3da67a1bf1d03f41c02e02b0cb699b1d62e32954.jpg","LowSize":"1647","LowHeight":"23","LowWidth":"200","ThumbPic":"https://images.icecat.biz/img/gallery_thumbs/8ecaadd676d5d2193265e2667778bdff2339e5bc.jpg","ThumbPicSize":"966","Pic":"https://images.icecat.biz/img/gallery/abf782a63c1d93a76d9784931aaf22ff58f1b11a.jpg","Size":"57341","PicHeight":"215","PicWidth":"1837","Pic500x500":"https://images.icecat.biz/img/gallery_mediums/6c6edea04239b3bf6cb40ab9496179b26230e0a7.jpg","Pic500x500Size":"6604","Pic500x500Height":"59","Pic500x500Width":"500","No":"5","IsMain":"N","Updated":"2025-08-12 19:03:57","IsPrivate":"0","Type":"ProductImage","Attributes":{"OriginalFileName":""}},{"ID":"113579670","LowPic":"https://images.icecat.biz/img/gallery_lows/663016b20f81d380e4d40e20734c09fe490ba322.jpg","LowSize":"9397","LowHeight":"136","LowWidth":"200","ThumbPic":"https://images.icecat.biz/img/gallery_thumbs/dbd8d431832f64c0289ea913906753078b7a7a02.jpg","ThumbPicSize":"2975","Pic":"https://images.icecat.biz/img/gallery/04c91269e4b5de4eb9ef9e32cdb584164a274352.jpg","Size":"685685","PicHeight":"1251","PicWidth":"1836","Pic500x500":"https://images.icecat.biz/img/gallery_mediums/4f33f0451c60c48b3436424f678312b861f0d522.jpg","Pic500x500Size":"42854","Pic500x500Height":"341","Pic500x500Width":"500","No":"6","IsMain":"N","Updated":"2025-08-12 19:03:57","IsPrivate":"0","Type":"ProductImage","Attributes":{"OriginalFileName":""}},{"ID":"113579674","LowPic":"https://images.icecat.biz/img/gallery_lows/9ff11884f8118916288d3c11077cfbaae671f09b.jpg","LowSize":"20474","LowHeight":"131","LowWidth":"200","ThumbPic":"https://images.icecat.biz/img/gallery_thumbs/2ea254c2f14fc8a386795e9205f22ccca5cc2390.jpg","ThumbPicSize":"5098","Pic":"https://images.icecat.biz/img/gallery/c2e048a26f0b31b3c2cd6a012e10e906ea971a68.jpg","Size":"595502","PicHeight":"1087","PicWidth":"1654","Pic500x500":"https://images.icecat.biz/img/gallery_mediums/05e93de841863ee803d375f7d0c89a39220ee311.jpg","Pic500x500Size":"83653","Pic500x500Height":"329","Pic500x500Width":"500","No":"7","IsMain":"N","Updated":"2025-08-12 19:03:57","IsPrivate":"0","Type":"ProductImage","Attributes":{"OriginalFileName":""}},{"ID":"113579679","LowPic":"https://images.icecat.biz/img/gallery_lows/01651f95f7265781f1beb42edcbf506886f7eb02.jpg","LowSize":"20663","LowHeight":"133","LowWidth":"200","ThumbPic":"https://images.icecat.biz/img/gallery_thumbs/73cf51a9bfa11e2b12ffc9175afe4d1fee49cee9.jpg","ThumbPicSize":"5227","Pic":"https://images.icecat.biz/img/gallery/faaaa7d361d0df66e7ace360f0a6ee6466cf04a6.jpg","Size":"671123","PicHeight":"1218","PicWidth":"1837","Pic500x500":"https://images.icecat.biz/img/gallery_mediums/c363e45a342aaa6e4b544b9852200d243270c28a.jpg","Pic500x500Size":"81040","Pic500x500Height":"332","Pic500x500Width":"500","No":"8","IsMain":"N","Updated":"2025-08-12 19:03:57","IsPrivate":"0","Type":"ProductImage","Attributes":{"OriginalFileName":""}},{"ID":"113579683","LowPic":"https://images.icecat.biz/img/gallery_lows/20ff361f7bda13c8e09f3d335a7670999c972a2b.jpg","LowSize":"20912","LowHeight":"148","LowWidth":"200","ThumbPic":"https://images.icecat.biz/img/gallery_thumbs/5366f7ebf0c3e1bd78e8a82833349ec46536f056.jpg","ThumbPicSize":"5354","Pic":"https://images.icecat.biz/img/gallery/23905eddd08790a72649d40aff76be2b36422234.jpg","Size":"721606","PicHeight":"1347","PicWidth":"1821","Pic500x500":"https://images.icecat.biz/img/gallery_mediums/7ff413aa1468cf5e35877ce82d35fc05f9f572c4.jpg","Pic500x500Size":"83569","Pic500x500Height":"370","Pic500x500Width":"500","No":"9","IsMain":"N","Updated":"2025-08-12 19:04:07","IsPrivate":"0","Type":"ProductImage","Attributes":{"OriginalFileName":""}},{"ID":"113579685","LowPic":"https://images.icecat.biz/img/gallery_lows/12bd71fa3e102df4c82d5a01e7e420d35d53b56e.jpg","LowSize":"21030","LowHeight":"143","LowWidth":"200","ThumbPic":"https://images.icecat.biz/img/gallery_thumbs/5e079969d769edbeafd874b43272fb2320ed9d27.jpg","ThumbPicSize":"5245","Pic":"https://images.icecat.biz/img/gallery/1b490d3d1045553dc4d4f5c5391bf40061c6bb44.jpg","Size":"718940","PicHeight":"1338","PicWidth":"1867","Pic500x500":"https://images.icecat.biz/img/gallery_mediums/a9972764237afe53e9e9e43349819786e3f0d6ce.jpg","Pic500x500Size":"83838","Pic500x500Height":"358","Pic500x500Width":"500","No":"10","IsMain":"N","Updated":"2025-08-12 19:04:08","IsPrivate":"0","Type":"ProductImage","Attributes":{"OriginalFileName":""}},{"ID":"113579688","LowPic":"https://images.icecat.biz/img/gallery_lows/64716189db7b1597c2e39a7ebe440cb5da332e46.jpg","LowSize":"14689","LowHeight":"116","LowWidth":"200","ThumbPic":"https://images.icecat.biz/img/gallery_thumbs/34e62211859e58dd38f55f4eaa373ddf1bdff28c.jpg","ThumbPicSize":"3994","Pic":"https://images.icecat.biz/img/gallery/edc4d455bd2e682511bd44e51c2aa5e0d551fe68.jpg","Size":"501814","PicHeight":"1068","PicWidth":"1838","Pic500x500":"https://images.icecat.biz/img/gallery_mediums/0f84e0f8ba6a2cc65a7e347676e858d366cc33f5.jpg","Pic500x500Size":"59415","Pic500x500Height":"291","Pic500x500Width":"500","No":"11","IsMain":"N","Updated":"2025-08-12 19:04:08","IsPrivate":"0","Type":"ProductImage","Attributes":{"OriginalFileName":""}},{"ID":"113579692","LowPic":"https://images.icecat.biz/img/gallery_lows/e4876bab9c38487bcce66c98f7f56ce584698002.jpg","LowSize":"21084","LowHeight":"150","LowWidth":"200","ThumbPic":"https://images.icecat.biz/img/gallery_thumbs/e0c633abd4dd996d962a447c718033c880b6a1a4.jpg","ThumbPicSize":"4857","Pic":"https://images.icecat.biz/img/gallery/475e229b3e664afabeba85ea54b4b7523685ff70.jpg","Size":"994456","PicHeight":"1500","PicWidth":"2000","Pic500x500":"https://images.icecat.biz/img/gallery_mediums/ecfecf2c9e6b6562f0b18807efc8cbd0799e8191.jpg","Pic500x500Size":"95017","Pic500x500Height":"375","Pic500x500Width":"500","No":"12","IsMain":"N","Updated":"2025-08-12 19:04:08","IsPrivate":"0","Type":"ProductImage","Attributes":{"OriginalFileName":""}},{"ID":"113579695","LowPic":"https://images.icecat.biz/img/gallery_lows/2b760109acaf356ed5fba721dfa1cd399ecd888a.jpg","LowSize":"12543","LowHeight":"133","LowWidth":"200","ThumbPic":"https://images.icecat.biz/img/gallery_thumbs/c053cd0b7994020a639680bfa93ee930c01ead39.jpg","ThumbPicSize":"3579","Pic":"https://images.icecat.biz/img/gallery/08708a55d5bc1e2ab13d1e1acba29b3cd6c2c6b9.jpg","Size":"525262","PicHeight":"1215","PicWidth":"1832","Pic500x500":"https://images.icecat.biz/img/gallery_mediums/6eb74c7f07f4a481b51c0c0d4eca1e8c90d3775b.jpg","Pic500x500Size":"49732","Pic500x500Height":"332","Pic500x500Width":"500","No":"13","IsMain":"N","Updated":"2025-08-12 19:04:09","IsPrivate":"0","Type":"ProductImage","Attributes":{"OriginalFileName":""}},{"ID":"113579697","LowPic":"https://images.icecat.biz/img/gallery_lows/17d8ba36697ca20a88dc61606345859ee45298c7.jpg","LowSize":"6572","LowHeight":"150","LowWidth":"200","ThumbPic":"https://images.icecat.biz/img/gallery_thumbs/7274e52bee420cc79f1a33f5b35c3f896ed97bf5.jpg","ThumbPicSize":"2187","Pic":"https://images.icecat.biz/img/gallery/5dd8bbc6863334edbd474ef23fdc734c0fd9b0f9.jpg","Size":"217429","PicHeight":"1500","PicWidth":"2000","Pic500x500":"https://images.icecat.biz/img/gallery_mediums/5e0d4e0fe8e552ef6c95b53ef8bb063f4ad81cb3.jpg","Pic500x500Size":"23567","Pic500x500Height":"375","Pic500x500Width":"500","No":"14","IsMain":"N","Updated":"2025-08-12 19:04:27","IsPrivate":"0","Type":"ProductImage","Attributes":{"OriginalFileName":""}},{"ID":"113579698","LowPic":"https://images.icecat.biz/img/gallery_lows/7a85fae44802c8968c76886feaae5fccc5a89625.jpg","LowSize":"17580","LowHeight":"200","LowWidth":"200","ThumbPic":"https://images.icecat.biz/img/gallery_thumbs/7745e44050d55ebaceddde707b155e9a991e529f.jpg","ThumbPicSize":"3731","Pic":"https://images.icecat.biz/img/gallery/6caed9d429006075e9d70f958ce8e2243f7fba8c.jpg","Size":"928464","PicHeight":"2000","PicWidth":"2000","Pic500x500":"https://images.icecat.biz/img/gallery_mediums/d9debea1982873b019fe48dd27d2bde267f91b32.jpg","Pic500x500Size":"89891","Pic500x500Height":"500","Pic500x500Width":"500","No":"15","IsMain":"N","Updated":"2025-08-12 19:04:28","IsPrivate":"0","Type":"ProductImage","Attributes":{"OriginalFileName":""}},{"ID":"113579699","LowPic":"https://images.icecat.biz/img/gallery_lows/d815fe441e157bb2df6f7fa0808abcff4cd44e80.jpg","LowSize":"12005","LowHeight":"150","LowWidth":"200","ThumbPic":"https://images.icecat.biz/img/gallery_thumbs/5b7fb43aacf4f437764a2c8c2a0bb3ca5db5b8ec.jpg","ThumbPicSize":"3282","Pic":"https://images.icecat.biz/img/gallery/aab4f7da3aa4208a63b33d4a6ef10815363e2286.jpg","Size":"375309","PicHeight":"1500","PicWidth":"2000","Pic500x500":"https://images.icecat.biz/img/gallery_mediums/e3b71cbf8bcf89778dc2b58d65fa622be62efcba.jpg","Pic500x500Size":"44245","Pic500x500Height":"375","Pic500x500Width":"500","No":"16","IsMain":"N","Updated":"2025-08-12 19:04:28","IsPrivate":"0","Type":"ProductImage","Attributes":{"OriginalFileName":""}},{"ID":"113579700","LowPic":"https://images.icecat.biz/img/gallery_lows/1679b15f636d9a4df71b6a0dacf015b39019da9f.jpg","LowSize":"13755","LowHeight":"150","LowWidth":"200","ThumbPic":"https://images.icecat.biz/img/gallery_thumbs/02751046e1980d8348a00e54a05f88c8b883dde6.jpg","ThumbPicSize":"3910","Pic":"https://images.icecat.biz/img/gallery/8f13d8440b02260e26bb85e3d1fc8dee0839b9c1.jpg","Size":"548154","PicHeight":"1500","PicWidth":"2000","Pic500x500":"https://images.icecat.biz/img/gallery_mediums/9206df2ba83e0e295f5b080ced0e74c91b888a19.jpg","Pic500x500Size":"54200","Pic500x500Height":"375","Pic500x500Width":"500","No":"17","IsMain":"N","Updated":"2025-08-12 19:04:29","IsPrivate":"0","Type":"ProductImage","Attributes":{"OriginalFileName":""}},{"ID":"113579701","LowPic":"https://images.icecat.biz/img/gallery_lows/ca5ee8021fdcf2219c3c529d6460cf13dbb0536b.jpg","LowSize":"24706","LowHeight":"113","LowWidth":"200","ThumbPic":"https://images.icecat.biz/img/gallery_thumbs/c05fcc304ccd702026284d5ce765ebe28e9d6cb8.jpg","ThumbPicSize":"4889","Pic":"https://images.icecat.biz/img/gallery/dde4d107b8dec928227d4ae9e385b737dd97f8bf.jpg","Size":"2039291","PicHeight":"1125","PicWidth":"2000","Pic500x500":"https://images.icecat.biz/img/gallery_mediums/c14bcadd723018acae5ab1b2afbc148797ceda50.jpg","Pic500x500Size":"134906","Pic500x500Height":"281","Pic500x500Width":"500","No":"18","IsMain":"N","Updated":"2025-08-12 19:04:29","IsPrivate":"0","Type":"ProductImage","Attributes":{"OriginalFileName":""}},{"ID":"113579703","LowPic":"https://images.icecat.biz/img/gallery_lows/b384a1c3ffa0a7a21de27ada72c60a7cd1aedbac.jpg","LowSize":"25252","LowHeight":"113","LowWidth":"200","ThumbPic":"https://images.icecat.biz/img/gallery_thumbs/c27be4174d0ada8e63c200823ab0e134a20b73b0.jpg","ThumbPicSize":"5285","Pic":"https://images.icecat.biz/img/gallery/a8c5ca53bb2a5f3d35d8a4040dc7785240dbb13c.jpg","Size":"2023929","PicHeight":"1125","PicWidth":"2000","Pic500x500":"https://images.icecat.biz/img/gallery_mediums/56977f449a122c1d913a5833b26c898f29f5ab7a.jpg","Pic500x500Size":"136549","Pic500x500Height":"281","Pic500x500Width":"500","No":"19","IsMain":"N","Updated":"2025-08-12 19:04:29","IsPrivate":"0","Type":"ProductImage","Attributes":{"OriginalFileName":""}},{"ID":"113579705","LowPic":"https://images.icecat.biz/img/gallery_lows/45db169bcb2119169eb19c309fdda611af15886a.jpg","LowSize":"18008","LowHeight":"113","LowWidth":"200","ThumbPic":"https://images.icecat.biz/img/gallery_thumbs/2815d75c278caacf61858dac45bf3989b809e220.jpg","ThumbPicSize":"4298","Pic":"https://images.icecat.biz/img/gallery/23b46bd22324f6514955b7b5bc6e3618bb07f9e8.jpg","Size":"1496538","PicHeight":"1125","PicWidth":"2000","Pic500x500":"https://images.icecat.biz/img/gallery_mediums/8bfab62a4cf3b327f514d4da60aed6a9bd568b5c.jpg","Pic500x500Size":"95375","Pic500x500Height":"281","Pic500x500Width":"500","No":"20","IsMain":"N","Updated":"2025-08-12 19:04:29","IsPrivate":"0","Type":"ProductImage","Attributes":{"OriginalFileName":""}},{"ID":"113579707","LowPic":"https://images.icecat.biz/img/gallery_lows/3932b68e473a06593a78d8710fc0781c93d5df5f.jpg","LowSize":"24370","LowHeight":"113","LowWidth":"200","ThumbPic":"https://images.icecat.biz/img/gallery_thumbs/6c45169cbb5b4ec6e968a36fd23c9a67f801bf31.jpg","ThumbPicSize":"5390","Pic":"https://images.icecat.biz/img/gallery/e67f8a7bf38cf083af825f3a9a38c24cd6f3822f.jpg","Size":"1840015","PicHeight":"1125","PicWidth":"2000","Pic500x500":"https://images.icecat.biz/img/gallery_mediums/c630ab85a7a91223af27ccd2da820f216c741781.jpg","Pic500x500Size":"115043","Pic500x500Height":"281","Pic500x500Width":"500","No":"21","IsMain":"N","Updated":"2025-08-12 19:04:29","IsPrivate":"0","Type":"ProductImage","Attributes":{"OriginalFileName":""}},{"ID":"113579709","LowPic":"https://images.icecat.biz/img/gallery_lows/1dbe65b8eae593757983c9aa893f1b9c2ea4b1df.jpg","LowSize":"21445","LowHeight":"113","LowWidth":"200","ThumbPic":"https://images.icecat.biz/img/gallery_thumbs/1c0caff2bd66eeec16ee8885b52373844e5f1a14.jpg","ThumbPicSize":"4982","Pic":"https://images.icecat.biz/img/gallery/9c06eccc268827a637815a35487ff4427976e6cb.jpg","Size":"1653213","PicHeight":"1125","PicWidth":"2000","Pic500x500":"https://images.icecat.biz/img/gallery_mediums/fd5501d9c4ee9aac01f6c742b3c3afffe1b6ea0b.jpg","Pic500x500Size":"105564","Pic500x500Height":"281","Pic500x500Width":"500","No":"22","IsMain":"N","Updated":"2025-08-12 19:04:29","IsPrivate":"0","Type":"ProductImage","Attributes":{"OriginalFileName":""}},{"ID":"113579711","LowPic":"https://images.icecat.biz/img/gallery_lows/ca53b9f4c92c5767c8384d75723d72f6e23d7140.jpg","LowSize":"17068","LowHeight":"113","LowWidth":"200","ThumbPic":"https://images.icecat.biz/img/gallery_thumbs/df3a4b66e59b564887e167470ef4ce7b9213a578.jpg","ThumbPicSize":"4260","Pic":"https://images.icecat.biz/img/gallery/25aa88b85b63d9770c496f991625b2ba0d0eb477.jpg","Size":"1500070","PicHeight":"1125","PicWidth":"2000","Pic500x500":"https://images.icecat.biz/img/gallery_mediums/65a5802715a3e36ae77acaf20e60eb9762050275.jpg","Pic500x500Size":"84297","Pic500x500Height":"281","Pic500x500Width":"500","No":"23","IsMain":"N","Updated":"2025-08-12 19:04:29","IsPrivate":"0","Type":"ProductImage","Attributes":{"OriginalFileName":""}},{"ID":"113579712","LowPic":"https://images.icecat.biz/img/gallery_lows/da3179bef667945621b94eca66c2a71e2a0c9973.jpg","LowSize":"17132","LowHeight":"113","LowWidth":"200","ThumbPic":"https://images.icecat.biz/img/gallery_thumbs/32b943394fe47718963ee440c98229c544e92226.jpg","ThumbPicSize":"4339","Pic":"https://images.icecat.biz/img/gallery/a31ec3b902d203816deadf81b0fca390071b8177.jpg","Size":"868299","PicHeight":"1125","PicWidth":"2000","Pic500x500":"https://images.icecat.biz/img/gallery_mediums/e4bf587eeea561b8c8ae2d0caab1eb89d22a03d7.jpg","Pic500x500Size":"76666","Pic500x500Height":"281","Pic500x500Width":"500","No":"24","IsMain":"N","Updated":"2025-08-12 19:04:29","IsPrivate":"0","Type":"ProductImage","Attributes":{"OriginalFileName":""}},{"ID":"113579713","LowPic":"https://images.icecat.biz/img/gallery_lows/635aadbbafd0d697ee37919bc59fc808e3620586.jpg","LowSize":"15898","LowHeight":"113","LowWidth":"200","ThumbPic":"https://images.icecat.biz/img/gallery_thumbs/5a0f19dfdf1f6fc72cc91c9e83ee6bec7d12cb5e.jpg","ThumbPicSize":"4230","Pic":"https://images.icecat.biz/img/gallery/c294f76fe4dfc80523256cdf586804c4fdafab6c.jpg","Size":"1048831","PicHeight":"1125","PicWidth":"2000","Pic500x500":"https://images.icecat.biz/img/gallery_mediums/6d0b6dd6cefb5f737c4d7a7073ef8751468cc570.jpg","Pic500x500Size":"69898","Pic500x500Height":"281","Pic500x500Width":"500","No":"25","IsMain":"N","Updated":"2025-08-12 19:04:29","IsPrivate":"0","Type":"ProductImage","Attributes":{"OriginalFileName":""}}],"FeaturesGroups":[{"ID":833,"SortNo":"110","FeatureGroup":{"ID":"5","Name":{"Value":"Display","Language":"EN"}},"Features":[{"Localized":0,"ID":773035132,"LocalID":0,"Type":"numerical","Value":"12.7","CategoryFeatureId":"11611","CategoryFeatureGroupID":"833","SortNo":"99","PresentationValue":"32.3 cm (12.7\")","RawValue":"12.7","LocalValue":"32.3","Description":"Size of the display for this product, measured diagonally, usually in inches.","Mandatory":"1","Searchable":"1","Optional":"0","Feature":{"ID":"944","Sign":"","Measure":{"ID":"16","Sign":"","Signs":{"ID":"11","_":"\"","Language":"EN"}},"Name":{"Value":"Display diagonal","Language":"EN"}}},{"Localized":0,"ID":773035114,"LocalID":0,"Type":"2d","Value":"2944 x 1840","CategoryFeatureId":"30350","CategoryFeatureGroupID":"833","SortNo":"38","PresentationValue":"2944 x 1840 pixels","RawValue":"2944 x 1840","LocalValue":"2944 x 1840","Description":"The number of distinct pixels in each dimension that can be displayed. It is usually quoted as width × height, with the units in pixels: for example, \"1024 × 768\" means the width is 1024 pixels and the height is 768 pixels. The higher the number of pixels, the sharper the image.","Mandatory":"1","Searchable":"0","Optional":"0","Feature":{"ID":"1585","Sign":"","Measure":{"ID":"39","Sign":"","Signs":{"ID":"23","_":"pixels","Language":"EN"}},"Name":{"Value":"Display resolution","Language":"EN"}}},{"Localized":0,"ID":773035112,"LocalID":0,"Type":"numerical","Value":"144","CategoryFeatureId":"974995","CategoryFeatureGroupID":"833","SortNo":"37","PresentationValue":"144 Hz","RawValue":"144","LocalValue":"144","Description":"","Mandatory":"0","Searchable":"0","Optional":"0","Feature":{"ID":"7450","Sign":"","Measure":{"ID":"36","Sign":"","Signs":{"ID":"20","_":"Hz","Language":"EN"}},"Name":{"Value":"Maximum refresh rate","Language":"EN"}}},{"Localized":0,"ID":773035111,"LocalID":0,"Type":"y_n","Value":"Y","CategoryFeatureId":"45723","CategoryFeatureGroupID":"833","SortNo":"36","PresentationValue":"Yes","RawValue":"Y","LocalValue":"Yes","Description":"A backlight is a form of illumination used in liquid crystal displays (LCDs). One type of backlight is made by LEDs, which can be either white or RGB (red green blue). White LEDs are used most often in notebooks and desktop screens, and in virtually all mobile LCD screens. RGB LEDs for backlighting are found in high-end color proofing displays such as HP DreamColor LP2480zx monitor or selected HP EliteBook notebooks, as well as newer consumer grade displays such as Dell's Studio series laptops which have an optional RGB LED display.","Mandatory":"0","Searchable":"0","Optional":"0","Feature":{"ID":"6784","Sign":"","Measure":{"ID":"26","Sign":"","Signs":{"ID":"","_":"","Language":"EN"}},"Name":{"Value":"LED backlight","Language":"EN"}}},{"Localized":0,"ID":773035108,"LocalID":0,"Type":"dropdown","Value":"LTPS","CategoryFeatureId":"710616","CategoryFeatureGroupID":"833","SortNo":"36","PresentationValue":"LTPS","RawValue":"LTPS","LocalValue":"LTPS","Description":"","Mandatory":"1","Searchable":"1","Optional":"0","Feature":{"ID":"15285","Sign":"","Measure":{"ID":"29","Sign":"","Signs":{"ID":"","_":"","Language":"EN"}},"Name":{"Value":"Panel type","Language":"EN"}}},{"Localized":0,"ID":773035126,"LocalID":0,"Type":"numerical","Value":"650","CategoryFeatureId":"45724","CategoryFeatureGroupID":"833","SortNo":"35","PresentationValue":"650 cd/m²","RawValue":"650","LocalValue":"650","Description":"Brightness is the amount of radiating light emitted from the screen. The brightness rating is measured in candellas per square meter, commonly known as 'nits'.","Mandatory":"0","Searchable":"0","Optional":"0","Feature":{"ID":"1389","Sign":"","Measure":{"ID":"43","Sign":"","Signs":{"ID":"27","_":"cd/m²","Language":"EN"}},"Name":{"Value":"Display brightness","Language":"EN"}}},{"Localized":0,"ID":773035115,"LocalID":0,"Type":"dropdown","Value":"3K","CategoryFeatureId":"294856","CategoryFeatureGroupID":"833","SortNo":"0","PresentationValue":"3K","RawValue":"3K","LocalValue":"3K","Description":"Type of supported High Definition (e.g. Full HD, 4K Ultra HD).","Mandatory":"0","Searchable":"0","Optional":"0","Feature":{"ID":"11424","Sign":"","Measure":{"ID":"29","Sign":"","Signs":{"ID":"","_":"","Language":"EN"}},"Name":{"Value":"HD type","Language":"EN"}}},{"Localized":0,"ID":773035123,"LocalID":0,"Type":"dropdown","Value":"16:10","CategoryFeatureId":"684422","CategoryFeatureGroupID":"833","SortNo":"-1","PresentationValue":"16:10","RawValue":"16:10","LocalValue":"16:10","Description":"The aspect ratio is the ratio of the width of an image to its height. The native aspect ratio is the one which the projector/display is particularly designed for. Images shown in native aspect ratio will utilize the entire resolution of the display and achieve maximum brightness. Images shown in other than native aspect ratio will always have less resolution and less brightness than images shown in native aspect ratio.","Mandatory":"0","Searchable":"0","Optional":"0","Feature":{"ID":"11417","Sign":"","Measure":{"ID":"29","Sign":"","Signs":{"ID":"","_":"","Language":"EN"}},"Name":{"Value":"Native aspect ratio","Language":"EN"}}}]},{"ID":830,"SortNo":"100","FeatureGroup":{"ID":"1","Name":{"Value":"Processor","Language":"EN"}},"Features":[{"Localized":0,"ID":773035106,"LocalID":0,"Type":"dropdown","Value":"Qualcomm","CategoryFeatureId":"102551","CategoryFeatureGroupID":"830","SortNo":"1001050","PresentationValue":"Qualcomm","RawValue":"Qualcomm","LocalValue":"Qualcomm","Description":"The manufacturer that produced the processor.","Mandatory":"1","Searchable":"0","Optional":"0","Feature":{"ID":"1013","Sign":"","Measure":{"ID":"29","Sign":"","Signs":{"ID":"","_":"","Language":"EN"}},"Name":{"Value":"Processor manufacturer","Language":"EN"}}},{"Localized":0,"ID":773035110,"LocalID":0,"Type":"dropdown","Value":"Qualcomm Snapdragon","CategoryFeatureId":"11580","CategoryFeatureGroupID":"830","SortNo":"900","PresentationValue":"Qualcomm Snapdragon","RawValue":"Qualcomm Snapdragon","LocalValue":"Qualcomm Snapdragon","Description":"A family of processors is a group of processors produced by one company over a short period of time e.g. Intel Pentium processors.","Mandatory":"1","Searchable":"0","Optional":"0","Feature":{"ID":"2196","Sign":"","Measure":{"ID":"29","Sign":"","Signs":{"ID":"","_":"","Language":"EN"}},"Name":{"Value":"Processor family","Language":"EN"}}},{"Localized":0,"ID":773035120,"LocalID":0,"Type":"dropdown","Value":"8 Gen 3","CategoryFeatureId":"6931","CategoryFeatureGroupID":"830","SortNo":"800","PresentationValue":"8 Gen 3","RawValue":"8 Gen 3","LocalValue":"8 Gen 3","Description":"The model number for the processor in a computer.","Mandatory":"1","Searchable":"0","Optional":"0","Feature":{"ID":"47","Sign":"","Measure":{"ID":"29","Sign":"","Signs":{"ID":"","_":"","Language":"EN"}},"Name":{"Value":"Processor model","Language":"EN"}}},{"Localized":0,"ID":773035105,"LocalID":0,"Type":"numerical","Value":"8","CategoryFeatureId":"57773","CategoryFeatureGroupID":"830","SortNo":"300","PresentationValue":"8","RawValue":"8","LocalValue":"8","Description":"The number of central processing units ('cores') in a processor. Some processors have 1 core, others have 2 (e.g. Intel Core Duo) or more (e.g. the Intel Xeon E7-2850 has 10 cores).","Mandatory":"0","Searchable":"0","Optional":"0","Feature":{"ID":"6089","Sign":"","Measure":{"ID":"29","Sign":"","Signs":{"ID":"","_":"","Language":"EN"}},"Name":{"Value":"Processor cores","Language":"EN"}}},{"Localized":0,"ID":773379201,"LocalID":0,"Type":"numerical","Value":"3.3","CategoryFeatureId":"91856","CategoryFeatureGroupID":"830","SortNo":"290","PresentationValue":"3.3 GHz","RawValue":"3.3","LocalValue":"3.3","Description":"The turbo boost is an automatic, managed accelleration of the processor when one of the cores is overloaded.","Mandatory":"0","Searchable":"0","Optional":"0","Feature":{"ID":"7978","Sign":"","Measure":{"ID":"37","Sign":"","Signs":{"ID":"21","_":"GHz","Language":"EN"}},"Name":{"Value":"Processor boost frequency","Language":"EN"}}}]},{"ID":78570,"SortNo":"98","FeatureGroup":{"ID":"306","Name":{"Value":"Neural processor unit (NPU)","Language":"EN"}},"Features":[{"Localized":0,"ID":773379210,"LocalID":0,"Type":"dropdown","Value":"Qualcomm Hexagon","CategoryFeatureId":"950621","CategoryFeatureGroupID":"78570","SortNo":"30","PresentationValue":"Qualcomm Hexagon","RawValue":"Qualcomm Hexagon","LocalValue":"Qualcomm Hexagon","Description":"","Mandatory":"0","Searchable":"0","Optional":"0","Feature":{"ID":"47567","Sign":"","Measure":{"ID":"29","Sign":"","Signs":{"ID":"","_":"","Language":"EN"}},"Name":{"Value":"Neural processor unit (NPU)","Language":"EN"}}},{"Localized":0,"ID":773379207,"LocalID":0,"Type":"numerical","Value":"20","CategoryFeatureId":"950628","CategoryFeatureGroupID":"78570","SortNo":"16","PresentationValue":"20 TOPs","RawValue":"20","LocalValue":"20","Description":"","Mandatory":"0","Searchable":"0","Optional":"0","Feature":{"ID":"47565","Sign":"","Measure":{"ID":"496","Sign":"","Signs":{"ID":"58091","_":"TOPs","Language":"EN"}},"Name":{"Value":"NPU performance up to","Language":"EN"}}}]},{"ID":832,"SortNo":"96","FeatureGroup":{"ID":"3","Name":{"Value":"Memory","Language":"EN"}},"Features":[{"Localized":0,"ID":773035107,"LocalID":0,"Type":"numerical","Value":"16","CategoryFeatureId":"73764","CategoryFeatureGroupID":"832","SortNo":"90","PresentationValue":"16 GB","RawValue":"16","LocalValue":"16","Description":"A computer's memory which is directly accessible to the CPU.","Mandatory":"1","Searchable":"1","Optional":"0","Feature":{"ID":"11381","Sign":"","Measure":{"ID":"20","Sign":"","Signs":{"ID":"7","_":"GB","Language":"EN"}},"Name":{"Value":"Internal memory","Language":"EN"}}},{"Localized":0,"ID":773035130,"LocalID":0,"Type":"dropdown","Value":"LPDDR5x-SDRAM","CategoryFeatureId":"34327","CategoryFeatureGroupID":"832","SortNo":"38","PresentationValue":"LPDDR5x-SDRAM","RawValue":"LPDDR5x-SDRAM","LocalValue":"LPDDR5x-SDRAM","Description":"The type of internal memory such as RAM, GDDR5.","Mandatory":"0","Searchable":"0","Optional":"0","Feature":{"ID":"427","Sign":"","Measure":{"ID":"29","Sign":"","Signs":{"ID":"","_":"","Language":"EN"}},"Name":{"Value":"Internal memory type","Language":"EN"}}}]},{"ID":4142,"SortNo":"92","FeatureGroup":{"ID":"47","Name":{"Value":"Storage","Language":"EN"}},"Features":[{"Localized":0,"ID":773035119,"LocalID":0,"Type":"numerical","Value":"256","CategoryFeatureId":"71618","CategoryFeatureGroupID":"4142","SortNo":"402","PresentationValue":"256 GB","RawValue":"256","LocalValue":"256","Description":"The amount e.g of data which can be stored inside the device.","Mandatory":"1","Searchable":"1","Optional":"0","Feature":{"ID":"8730","Sign":"","Measure":{"ID":"20","Sign":"","Signs":{"ID":"7","_":"GB","Language":"EN"}},"Name":{"Value":"Internal storage capacity","Language":"EN"}}},{"Localized":0,"ID":773035145,"LocalID":0,"Type":"y_n","Value":"N","CategoryFeatureId":"21005","CategoryFeatureGroupID":"4142","SortNo":"20","PresentationValue":"No","RawValue":"N","LocalValue":"No","Description":"A card reader is a device that enables reading and, in some cases, writing data to and from a memory card.","Mandatory":"1","Searchable":"1","Optional":"0","Feature":{"ID":"3374","Sign":"","Measure":{"ID":"26","Sign":"","Signs":{"ID":"","_":"","Language":"EN"}},"Name":{"Value":"Card reader integrated","Language":"EN"}}},{"Localized":0,"ID":773035109,"LocalID":0,"Type":"dropdown","Value":"UFS","CategoryFeatureId":"105669","CategoryFeatureGroupID":"4142","SortNo":"5","PresentationValue":"UFS","RawValue":"UFS","LocalValue":"UFS","Description":"Used for the storage of data e.g. HDD (hard disk drive), SSD (solid-state drive).","Mandatory":"1","Searchable":"0","Optional":"0","Feature":{"ID":"11441","Sign":"","Measure":{"ID":"29","Sign":"","Signs":{"ID":"","_":"","Language":"EN"}},"Name":{"Value":"Storage media","Language":"EN"}}}]},{"ID":8329,"SortNo":"86","FeatureGroup":{"ID":"163","Name":{"Value":"Graphics","Language":"EN"}},"Features":[{"Localized":0,"ID":773379196,"LocalID":0,"Type":"multi_dropdown","Value":"Adreno","CategoryFeatureId":"46082","CategoryFeatureGroupID":"8329","SortNo":"40","PresentationValue":"Adreno","RawValue":"Adreno","LocalValue":"Adreno","Description":"","Mandatory":"0","Searchable":"0","Optional":"0","Feature":{"ID":"7490","Sign":"","Measure":{"ID":"29","Sign":"","Signs":{"ID":"","_":"","Language":"EN"}},"Name":{"Value":"Graphics card family","Language":"EN"}}},{"Localized":0,"ID":773035122,"LocalID":0,"Type":"dropdown","Value":"Adreno GPU","CategoryFeatureId":"16583","CategoryFeatureGroupID":"8329","SortNo":"18","PresentationValue":"Adreno GPU","RawValue":"Adreno GPU","LocalValue":"Adreno GPU","Description":"","Mandatory":"0","Searchable":"0","Optional":"0","Feature":{"ID":"614","Sign":"","Measure":{"ID":"29","Sign":"","Signs":{"ID":"","_":"","Language":"EN"}},"Name":{"Value":"Graphics card","Language":"EN"}}}]},{"ID":4346,"SortNo":"80","FeatureGroup":{"ID":"95","Name":{"Value":"Camera","Language":"EN"}},"Features":[{"Localized":0,"ID":773035113,"LocalID":0,"Type":"dropdown","Value":"Dual camera","CategoryFeatureId":"331455","CategoryFeatureGroupID":"4346","SortNo":"100","PresentationValue":"Dual camera","RawValue":"Dual camera","LocalValue":"Dual camera","Description":"Indicates the type of the camera at the back of the product, dual or single.","Mandatory":"1","Searchable":"1","Optional":"0","Feature":{"ID":"27587","Sign":"","Measure":{"ID":"29","Sign":"","Signs":{"ID":"","_":"","Language":"EN"}},"Name":{"Value":"Rear camera type","Language":"EN"}}},{"Localized":0,"ID":773035136,"LocalID":0,"Type":"numerical","Value":"13","CategoryFeatureId":"80813","CategoryFeatureGroupID":"4346","SortNo":"90","PresentationValue":"13 MP","RawValue":"13","LocalValue":"13","Description":"The resolution of the images produced with the rear camera, given in MP (megapixel. 1 MP = 1 million pixels).","Mandatory":"1","Searchable":"0","Optional":"0","Feature":{"ID":"12435","Sign":"","Measure":{"ID":"165","Sign":"","Signs":{"ID":"3126","_":"MP","Language":"EN"}},"Name":{"Value":"Rear camera resolution (numeric)","Language":"EN"}}},{"Localized":0,"ID":773035138,"LocalID":0,"Type":"numerical","Value":"2","CategoryFeatureId":"331423","CategoryFeatureGroupID":"4346","SortNo":"85","PresentationValue":"2 MP","RawValue":"2","LocalValue":"2","Description":"","Mandatory":"0","Searchable":"0","Optional":"0","Feature":{"ID":"27588","Sign":"","Measure":{"ID":"165","Sign":"","Signs":{"ID":"3126","_":"MP","Language":"EN"}},"Name":{"Value":"Second rear camera resolution (numeric)","Language":"EN"}}},{"Localized":0,"ID":773035128,"LocalID":0,"Type":"y_n","Value":"Y","CategoryFeatureId":"80815","CategoryFeatureGroupID":"4346","SortNo":"22","PresentationValue":"Yes","RawValue":"Y","LocalValue":"Yes","Description":"Camera at the front of the product.","Mandatory":"1","Searchable":"0","Optional":"0","Feature":{"ID":"12436","Sign":"","Measure":{"ID":"26","Sign":"","Signs":{"ID":"","_":"","Language":"EN"}},"Name":{"Value":"Front camera","Language":"EN"}}},{"Localized":0,"ID":773035135,"LocalID":0,"Type":"numerical","Value":"13","CategoryFeatureId":"80816","CategoryFeatureGroupID":"4346","SortNo":"21","PresentationValue":"13 MP","RawValue":"13","LocalValue":"13","Description":"","Mandatory":"0","Searchable":"0","Optional":"0","Feature":{"ID":"12437","Sign":"","Measure":{"ID":"165","Sign":"","Signs":{"ID":"3126","_":"MP","Language":"EN"}},"Name":{"Value":"Front camera resolution (numeric)","Language":"EN"}}}]},{"ID":2678,"SortNo":"74","FeatureGroup":{"ID":"35","Name":{"Value":"Network","Language":"EN"}},"Features":[{"Localized":0,"ID":826125389,"LocalID":0,"Type":"dropdown","Value":"Not supported","CategoryFeatureId":"328665","CategoryFeatureGroupID":"2678","SortNo":"10000405","PresentationValue":"Not supported","RawValue":"Not supported","LocalValue":"Not supported","Description":"","Mandatory":"0","Searchable":"0","Optional":"0","Feature":{"ID":"40629","Sign":"","Measure":{"ID":"29","Sign":"","Signs":{"ID":"","_":"","Language":"EN"}},"Name":{"Value":"Mobile network generation","Language":"EN"}}},{"Localized":0,"ID":773035134,"LocalID":0,"Type":"y_n","Value":"N","CategoryFeatureId":"328664","CategoryFeatureGroupID":"2678","SortNo":"410","PresentationValue":"No","RawValue":"N","LocalValue":"No","Description":"","Mandatory":"1","Searchable":"1","Optional":"0","Feature":{"ID":"24557","Sign":"","Measure":{"ID":"26","Sign":"","Signs":{"ID":"","_":"","Language":"EN"}},"Name":{"Value":"Mobile network connection","Language":"EN"}}},{"Localized":0,"ID":773035121,"LocalID":0,"Type":"y_n","Value":"Y","CategoryFeatureId":"21000","CategoryFeatureGroupID":"2678","SortNo":"300","PresentationValue":"Yes","RawValue":"Y","LocalValue":"Yes","Description":"Bluetooth is a low-power radio technology developed to replace the cables and wires currently used to link or connect electronic devices such as personal computers, printers, and a wide variety of handheld devices including mobile phones. Because it uses radio-wave connectivity, a Bluetooth-enabled device has a constant, established connection to whatever browser it uses. This saves the user the trouble of logging on to check for emails or news updates, for example.","Mandatory":"0","Searchable":"0","Optional":"0","Feature":{"ID":"2183","Sign":"","Measure":{"ID":"26","Sign":"","Signs":{"ID":"","_":"","Language":"EN"}},"Name":{"Value":"Bluetooth","Language":"EN"}}},{"Localized":0,"ID":773035124,"LocalID":0,"Type":"dropdown","Value":"5.4","CategoryFeatureId":"21001","CategoryFeatureGroupID":"2678","SortNo":"299","PresentationValue":"5.4","RawValue":"5.4","LocalValue":"5.4","Description":"The type of bluetooth technology in the product e.g. Bluetooth Smart (v4.0).","Mandatory":"0","Searchable":"0","Optional":"0","Feature":{"ID":"1208","Sign":"","Measure":{"ID":"29","Sign":"","Signs":{"ID":"","_":"","Language":"EN"}},"Name":{"Value":"Bluetooth version","Language":"EN"}}},{"Localized":0,"ID":773035129,"LocalID":0,"Type":"dropdown","Value":"Wi-Fi 7 (802.11be)","CategoryFeatureId":"169236","CategoryFeatureGroupID":"2678","SortNo":"85","PresentationValue":"Wi-Fi 7 (802.11be)","RawValue":"Wi-Fi 7 (802.11be)","LocalValue":"Wi-Fi 7 (802.11be)","Description":"Connection of this device is done via Wi-Fi in a high standard.","Mandatory":"1","Searchable":"0","Optional":"0","Feature":{"ID":"24993","Sign":"","Measure":{"ID":"29","Sign":"","Signs":{"ID":"","_":"","Language":"EN"}},"Name":{"Value":"Top Wi-Fi standard","Language":"EN"}}},{"Localized":0,"ID":773035118,"LocalID":0,"Type":"multi_dropdown","Value":"Wi-Fi 7 (802.11be)","CategoryFeatureId":"50074","CategoryFeatureGroupID":"2678","SortNo":"49","PresentationValue":"Wi-Fi 7 (802.11be)","RawValue":"Wi-Fi 7 (802.11be)","LocalValue":"Wi-Fi 7 (802.11be)","Description":"The type of wireless local area network (LAN). It can be ad-hoc, where units in a network communicate peer-to-peer, or Infrastructure, where units communicate with each other via an access point  A LAN interconnects computers in a small area e.g. home, school or office.","Mandatory":"0","Searchable":"0","Optional":"0","Feature":{"ID":"432","Sign":"","Measure":{"ID":"29","Sign":"","Signs":{"ID":"","_":"","Language":"EN"}},"Name":{"Value":"Wi-Fi standards","Language":"EN"}}},{"Localized":0,"ID":773035125,"LocalID":0,"Type":"dropdown","Value":"Not installed","CategoryFeatureId":"89646","CategoryFeatureGroupID":"2678","SortNo":"0","PresentationValue":"Not installed","RawValue":"Not installed","LocalValue":"Not installed","Description":"","Mandatory":"0","Searchable":"0","Optional":"0","Feature":{"ID":"7481","Sign":"","Measure":{"ID":"29","Sign":"","Signs":{"ID":"","_":"","Language":"EN"}},"Name":{"Value":"WWAN","Language":"EN"}}}]},{"ID":847,"SortNo":"72","FeatureGroup":{"ID":"12","Name":{"Value":"Ports & interfaces","Language":"EN"}},"Features":[{"Localized":0,"ID":773035131,"LocalID":0,"Type":"numerical","Value":"1","CategoryFeatureId":"161325","CategoryFeatureGroupID":"847","SortNo":"77","PresentationValue":"1","RawValue":"1","LocalValue":"1","Description":"Number of USB 3.0 (3.1 Gen 1) ports with Type-C connector. USB 3.0 (3.1 Gen 1) is USB interface version which supports transfer rate up to 5 Gbit/s (SuperSpeed). USB Type-C connector has symmetrical design architecture and compatible with Thunderbolt 3 interface.","Mandatory":"0","Searchable":"0","Optional":"0","Feature":{"ID":"22702","Sign":"","Measure":{"ID":"29","Sign":"","Signs":{"ID":"","_":"","Language":"EN"}},"Name":{"Value":"USB 3.2 Gen 1 (3.1 Gen 1) Type-C ports quantity","Language":"EN"}}}]},{"ID":10998,"SortNo":"40","FeatureGroup":{"ID":"148","Name":{"Value":"Design","Language":"EN"}},"Features":[{"Localized":0,"ID":773035155,"LocalID":0,"Type":"text","Value":"Tidal Teal","CategoryFeatureId":"270481","CategoryFeatureGroupID":"10998","SortNo":"600","PresentationValue":"Tidal Teal","RawValue":"Tidal Teal","LocalValue":"Tidal Teal","Description":"","Mandatory":"0","Searchable":"0","Optional":"0","Feature":{"ID":"17956","Sign":"","Measure":{"ID":"29","Sign":"","Signs":{"ID":"","_":"","Language":"EN"}},"Name":{"Value":"Colour name","Language":"EN"}}},{"Localized":0,"ID":773035142,"LocalID":0,"Type":"dropdown","Value":"Mobile tablet","CategoryFeatureId":"95720","CategoryFeatureGroupID":"10998","SortNo":"500","PresentationValue":"Mobile tablet","RawValue":"Mobile tablet","LocalValue":"Mobile tablet","Description":"Type or category of the device.","Mandatory":"1","Searchable":"0","Optional":"0","Feature":{"ID":"2328","Sign":"","Measure":{"ID":"29","Sign":"","Signs":{"ID":"","_":"","Language":"EN"}},"Name":{"Value":"Device type","Language":"EN"}}},{"Localized":0,"ID":773379181,"LocalID":0,"Type":"dropdown","Value":"Slate","CategoryFeatureId":"7141","CategoryFeatureGroupID":"10998","SortNo":"100","PresentationValue":"Slate","RawValue":"Slate","LocalValue":"Slate","Description":"The shape or design of the product.","Mandatory":"1","Searchable":"1","Optional":"0","Feature":{"ID":"771","Sign":"","Measure":{"ID":"29","Sign":"","Signs":{"ID":"","_":"","Language":"EN"}},"Name":{"Value":"Form factor","Language":"EN"}}},{"Localized":0,"ID":773035151,"LocalID":0,"Type":"dropdown","Value":"Teal","CategoryFeatureId":"35294","CategoryFeatureGroupID":"10998","SortNo":"1","PresentationValue":"Teal","RawValue":"Teal","LocalValue":"Teal","Description":"The colour e.g. red, blue, green, black, white.","Mandatory":"1","Searchable":"1","Optional":"0","Feature":{"ID":"1766","Sign":"","Measure":{"ID":"29","Sign":"","Signs":{"ID":"","_":"","Language":"EN"}},"Name":{"Value":"Product colour","Language":"EN"}}}]},{"ID":11000,"SortNo":"30","FeatureGroup":{"ID":"184","Name":{"Value":"Performance","Language":"EN"}},"Features":[{"Localized":0,"ID":773035158,"LocalID":0,"Type":"y_n","Value":"N","CategoryFeatureId":"54330","CategoryFeatureGroupID":"11000","SortNo":"110","PresentationValue":"No","RawValue":"N","LocalValue":"No","Description":"Assisted GPS, generally abbreviated as A-GPS, enhances the startup performance of a GPS satellite-based positioning system. It is used extensively with GPS-capable cellular phones as its development was accelerated by the U.S. FCC's 911 mandate making the location of a cell phone available to emergency call dispatchers.","Mandatory":"1","Searchable":"0","Optional":"0","Feature":{"ID":"6623","Sign":"","Measure":{"ID":"26","Sign":"","Signs":{"ID":"","_":"","Language":"EN"}},"Name":{"Value":"Assisted GPS (A-GPS)","Language":"EN"}}},{"Localized":0,"ID":773035153,"LocalID":0,"Type":"y_n","Value":"Y","CategoryFeatureId":"57378","CategoryFeatureGroupID":"11000","SortNo":"20","PresentationValue":"Yes","RawValue":"Y","LocalValue":"Yes","Description":"","Mandatory":"0","Searchable":"0","Optional":"0","Feature":{"ID":"9731","Sign":"","Measure":{"ID":"26","Sign":"","Signs":{"ID":"","_":"","Language":"EN"}},"Name":{"Value":"Accelerometer","Language":"EN"}}},{"Localized":0,"ID":773035154,"LocalID":0,"Type":"y_n","Value":"Y","CategoryFeatureId":"57379","CategoryFeatureGroupID":"11000","SortNo":"16","PresentationValue":"Yes","RawValue":"Y","LocalValue":"Yes","Description":"","Mandatory":"0","Searchable":"0","Optional":"0","Feature":{"ID":"9732","Sign":"","Measure":{"ID":"26","Sign":"","Signs":{"ID":"","_":"","Language":"EN"}},"Name":{"Value":"Gyroscope","Language":"EN"}}},{"Localized":0,"ID":773035156,"LocalID":0,"Type":"y_n","Value":"Y","CategoryFeatureId":"903469","CategoryFeatureGroupID":"11000","SortNo":"8","PresentationValue":"Yes","RawValue":"Y","LocalValue":"Yes","Description":"","Mandatory":"0","Searchable":"0","Optional":"0","Feature":{"ID":"38333","Sign":"","Measure":{"ID":"26","Sign":"","Signs":{"ID":"","_":"","Language":"EN"}},"Name":{"Value":"Hall sensor","Language":"EN"}}},{"Localized":0,"ID":773035157,"LocalID":0,"Type":"y_n","Value":"N","CategoryFeatureId":"166075","CategoryFeatureGroupID":"11000","SortNo":"0","PresentationValue":"No","RawValue":"N","LocalValue":"No","Description":"Whether the navigation system can locate the phone's position.","Mandatory":"1","Searchable":"1","Optional":"0","Feature":{"ID":"26425","Sign":"","Measure":{"ID":"26","Sign":"","Signs":{"ID":"","_":"","Language":"EN"}},"Name":{"Value":"Position location","Language":"EN"}}}]},{"ID":29709,"SortNo":"29","FeatureGroup":{"ID":"75","Name":{"Value":"Security","Language":"EN"}},"Features":[{"Localized":0,"ID":773035137,"LocalID":0,"Type":"y_n","Value":"Y","CategoryFeatureId":"31233","CategoryFeatureGroupID":"29709","SortNo":"70","PresentationValue":"Yes","RawValue":"Y","LocalValue":"Yes","Description":"A scanner used to identify a person's fingerprint for security purposes. After a sample is taken, access to a computer or other system is granted if the fingerprint matches the stored sample. A PIN may also be used with the fingerprint sample.","Mandatory":"0","Searchable":"0","Optional":"0","Feature":{"ID":"3577","Sign":"","Measure":{"ID":"26","Sign":"","Signs":{"ID":"","_":"","Language":"EN"}},"Name":{"Value":"Fingerprint reader","Language":"EN"}}}]},{"ID":12019,"SortNo":"25","FeatureGroup":{"ID":"90","Name":{"Value":"Software","Language":"EN"}},"Features":[{"Localized":0,"ID":773035143,"LocalID":0,"Type":"dropdown","Value":"Android","CategoryFeatureId":"164597","CategoryFeatureGroupID":"12019","SortNo":"101","PresentationValue":"Android","RawValue":"Android","LocalValue":"Android","Description":"Description of a technology platform including a processor, chipset, platform software and wired networking capabilities.","Mandatory":"1","Searchable":"1","Optional":"0","Feature":{"ID":"75","Sign":"","Measure":{"ID":"29","Sign":"","Signs":{"ID":"","_":"","Language":"EN"}},"Name":{"Value":"Platform","Language":"EN"}}},{"Localized":0,"ID":773035144,"LocalID":0,"Type":"dropdown","Value":"Android 14","CategoryFeatureId":"20706","CategoryFeatureGroupID":"12019","SortNo":"84","PresentationValue":"Android 14","RawValue":"Android 14","LocalValue":"Android 14","Description":"Type of operating system on a device e.g. IOS on Apple devices, Android for mobile devices.","Mandatory":"1","Searchable":"1","Optional":"0","Feature":{"ID":"3233","Sign":"","Measure":{"ID":"29","Sign":"","Signs":{"ID":"","_":"","Language":"EN"}},"Name":{"Value":"Operating system installed","Language":"EN"}}}]},{"ID":7821,"SortNo":"14","FeatureGroup":{"ID":"143","Name":{"Value":"Battery","Language":"EN"}},"Features":[{"Localized":0,"ID":773035139,"LocalID":0,"Type":"y_n","Value":"Y","CategoryFeatureId":"904572","CategoryFeatureGroupID":"7821","SortNo":"55","PresentationValue":"Yes","RawValue":"Y","LocalValue":"Yes","Description":"","Mandatory":"0","Searchable":"0","Optional":"0","Feature":{"ID":"24055","Sign":"","Measure":{"ID":"26","Sign":"","Signs":{"ID":"","_":"","Language":"EN"}},"Name":{"Value":"Battery included","Language":"EN"}}},{"Localized":0,"ID":773379171,"LocalID":0,"Type":"dropdown","Value":"Lithium-Ion (Li-Ion)","CategoryFeatureId":"7140","CategoryFeatureGroupID":"7821","SortNo":"50","PresentationValue":"Lithium-Ion (Li-Ion)","RawValue":"Lithium-Ion (Li-Ion)","LocalValue":"Lithium-Ion (Li-Ion)","Description":"The type of battery in the device, e.g. nickel–cadmium (NiCd).","Mandatory":"1","Searchable":"0","Optional":"0","Feature":{"ID":"434","Sign":"","Measure":{"ID":"29","Sign":"","Signs":{"ID":"","_":"","Language":"EN"}},"Name":{"Value":"Battery technology","Language":"EN"}}},{"Localized":0,"ID":773035140,"LocalID":0,"Type":"numerical","Value":"10200","CategoryFeatureId":"34247","CategoryFeatureGroupID":"7821","SortNo":"48","PresentationValue":"10200 mAh","RawValue":"10200","LocalValue":"10200","Description":"A measure of the charge stored by the battery. Determined by the mass of active material contained in the battery.","Mandatory":"1","Searchable":"0","Optional":"0","Feature":{"ID":"909","Sign":"","Measure":{"ID":"51","Sign":"","Signs":{"ID":"35","_":"mAh","Language":"EN"}},"Name":{"Value":"Battery capacity","Language":"EN"}}}]},{"ID":849,"SortNo":"13","FeatureGroup":{"ID":"27","Name":{"Value":"Power","Language":"EN"}},"Features":[{"Localized":0,"ID":773379186,"LocalID":0,"Type":"alphanumeric","Value":"100 - 240","CategoryFeatureId":"31232","CategoryFeatureGroupID":"849","SortNo":"45","PresentationValue":"100 - 240 V","RawValue":"100 - 240","LocalValue":"100 - 240","Description":"","Mandatory":"0","Searchable":"0","Optional":"0","Feature":{"ID":"902","Sign":"","Measure":{"ID":"42","Sign":"","Signs":{"ID":"26","_":"V","Language":"EN"}},"Name":{"Value":"AC adapter input voltage","Language":"EN"}}},{"Localized":0,"ID":773379191,"LocalID":0,"Type":"alphanumeric","Value":"50 - 60","CategoryFeatureId":"31231","CategoryFeatureGroupID":"849","SortNo":"40","PresentationValue":"50 - 60 Hz","RawValue":"50 - 60","LocalValue":"50 - 60","Description":"","Mandatory":"0","Searchable":"0","Optional":"0","Feature":{"ID":"903","Sign":"","Measure":{"ID":"36","Sign":"","Signs":{"ID":"20","_":"Hz","Language":"EN"}},"Name":{"Value":"AC adapter frequency","Language":"EN"}}},{"Localized":0,"ID":773035133,"LocalID":0,"Type":"y_n","Value":"Y","CategoryFeatureId":"974881","CategoryFeatureGroupID":"849","SortNo":"0","PresentationValue":"Yes","RawValue":"Y","LocalValue":"Yes","Description":"","Mandatory":"1","Searchable":"0","Optional":"0","Feature":{"ID":"48505","Sign":"","Measure":{"ID":"26","Sign":"","Signs":{"ID":"","_":"","Language":"EN"}},"Name":{"Value":"USB Type-C charging port","Language":"EN"}}}]},{"ID":82701,"SortNo":"12","FeatureGroup":{"ID":"32","Name":{"Value":"Endurance","Language":"EN"}},"Features":[{"Localized":0,"ID":801482405,"LocalID":0,"Type":"dropdown","Value":"F","CategoryFeatureId":"1088508","CategoryFeatureGroupID":"82701","SortNo":"50","PresentationValue":"F","RawValue":"F","LocalValue":"F","Description":"The energy efficiency of the appliance is rated in terms of a set of energy efficiency classes from A+++ to G on the label, A+++ being the most energy efficient, G the least efficient.","Mandatory":"1","Searchable":"0","Optional":"0","Feature":{"ID":"2705","Sign":"","Measure":{"ID":"29","Sign":"","Signs":{"ID":"","_":"","Language":"EN"}},"Name":{"Value":"Energy efficiency class","Language":"EN"}}},{"Localized":0,"ID":801482409,"LocalID":0,"Type":"dropdown","Value":"A to G","CategoryFeatureId":"1088509","CategoryFeatureGroupID":"82701","SortNo":"48","PresentationValue":"A to G","RawValue":"A to G","LocalValue":"A to G","Description":"","Mandatory":"0","Searchable":"0","Optional":"0","Feature":{"ID":"39201","Sign":"","Measure":{"ID":"29","Sign":"","Signs":{"ID":"","_":"","Language":"EN"}},"Name":{"Value":"Energy efficiency scale","Language":"EN"}}},{"Localized":0,"ID":801482411,"LocalID":0,"Type":"numerical","Value":"7390","CategoryFeatureId":"1088510","CategoryFeatureGroupID":"82701","SortNo":"46","PresentationValue":"7390 min","RawValue":"7390","LocalValue":"7390","Description":"","Mandatory":"1","Searchable":"0","Optional":"0","Feature":{"ID":"49427","Sign":"","Measure":{"ID":"66","Sign":"","Signs":{"ID":"49","_":"min","Language":"EN"}},"Name":{"Value":"Battery endurance per cycle","Language":"EN"}}},{"Localized":0,"ID":801482416,"LocalID":0,"Type":"numerical","Value":"1000","CategoryFeatureId":"1088511","CategoryFeatureGroupID":"82701","SortNo":"44","PresentationValue":"1000","RawValue":"1000","LocalValue":"1000","Description":"","Mandatory":"1","Searchable":"0","Optional":"0","Feature":{"ID":"49429","Sign":"","Measure":{"ID":"29","Sign":"","Signs":{"ID":"","_":"","Language":"EN"}},"Name":{"Value":"Battery endurance in cycles","Language":"EN"}}},{"Localized":0,"ID":801482413,"LocalID":0,"Type":"dropdown","Value":"E","CategoryFeatureId":"1088512","CategoryFeatureGroupID":"82701","SortNo":"42","PresentationValue":"E","RawValue":"E","LocalValue":"E","Description":"","Mandatory":"1","Searchable":"0","Optional":"0","Feature":{"ID":"49428","Sign":"","Measure":{"ID":"29","Sign":"","Signs":{"ID":"","_":"","Language":"EN"}},"Name":{"Value":"Repeated free fall reliability class","Language":"EN"}}},{"Localized":0,"ID":801482418,"LocalID":0,"Type":"dropdown","Value":"A","CategoryFeatureId":"1088513","CategoryFeatureGroupID":"82701","SortNo":"40","PresentationValue":"A","RawValue":"A","LocalValue":"A","Description":"","Mandatory":"1","Searchable":"0","Optional":"0","Feature":{"ID":"49430","Sign":"","Measure":{"ID":"29","Sign":"","Signs":{"ID":"","_":"","Language":"EN"}},"Name":{"Value":"Repairability class","Language":"EN"}}},{"Localized":0,"ID":801482407,"LocalID":0,"Type":"dropdown","Value":"IP53","CategoryFeatureId":"122419","CategoryFeatureGroupID":"82701","SortNo":"38","PresentationValue":"IP53","RawValue":"IP53","LocalValue":"IP53","Description":"The IP code classifies and rates the degree of protection provided against the intrusion (including body parts such as hands and fingers), dust, accidental contact, and water by mechanical casings and electrical enclosures. It is published by the International Electrotechnical Commission (IEC). The digits (characteristic numerals) indicate conformity with the conditions summarized in the tables below. Where there is no protection rating with regard to one of the criteria, the digit is replaced with the letter X. an electrical socket rated IP22 is protected against insertion of fingers and will not be damaged or become unsafe during a specified test in which it is exposed to vertically or nearly vertically dripping water. Another example is the Sony Xperia Z Ultra, one of the first cellular phones to be IP-rated; it is rated at IP58 and marketed as \"dust resistant\" and can be \"immersed in 1.5 meter of freshwater for up to 30 minutes\".","Mandatory":"1","Searchable":"0","Optional":"0","Feature":{"ID":"7900","Sign":"","Measure":{"ID":"29","Sign":"","Signs":{"ID":"","_":"","Language":"EN"}},"Name":{"Value":"International Protection (IP) code","Language":"EN"}}}]},{"ID":848,"SortNo":"5","FeatureGroup":{"ID":"14","Name":{"Value":"Weight & dimensions","Language":"EN"}},"Features":[{"Localized":0,"ID":773035147,"LocalID":0,"Type":"numerical","Value":"290.91","CategoryFeatureId":"21002","CategoryFeatureGroupID":"848","SortNo":"10","PresentationValue":"290.9 mm","RawValue":"290.91","LocalValue":"290.9","Description":"The measurement or extent of something from side to side.","Mandatory":"0","Searchable":"0","Optional":"0","Feature":{"ID":"1649","Sign":"","Measure":{"ID":"24","Sign":"","Signs":{"ID":"3","_":"mm","Language":"EN"}},"Name":{"Value":"Width","Language":"EN"}}},{"Localized":0,"ID":773035149,"LocalID":0,"Type":"numerical","Value":"188.3","CategoryFeatureId":"21003","CategoryFeatureGroupID":"848","SortNo":"9","PresentationValue":"188.3 mm","RawValue":"188.3","LocalValue":"188.3","Description":"The distance from the front to the back of something.","Mandatory":"0","Searchable":"0","Optional":"0","Feature":{"ID":"1650","Sign":"","Measure":{"ID":"24","Sign":"","Signs":{"ID":"3","_":"mm","Language":"EN"}},"Name":{"Value":"Depth","Language":"EN"}}},{"Localized":0,"ID":773035152,"LocalID":0,"Type":"numerical","Value":"6.69","CategoryFeatureId":"21004","CategoryFeatureGroupID":"848","SortNo":"7","PresentationValue":"6.69 mm","RawValue":"6.69","LocalValue":"6.69","Description":"The measurement of the product from head to foot or from base to top.","Mandatory":"0","Searchable":"0","Optional":"0","Feature":{"ID":"1464","Sign":"","Measure":{"ID":"24","Sign":"","Signs":{"ID":"3","_":"mm","Language":"EN"}},"Name":{"Value":"Height","Language":"EN"}}},{"Localized":0,"ID":773035146,"LocalID":0,"Type":"numerical","Value":"640","CategoryFeatureId":"12812","CategoryFeatureGroupID":"848","SortNo":"4","PresentationValue":"640 g","RawValue":"640","LocalValue":"640","Description":"Weight of the product without packaging (net weight). If possible, the net weight is given including standard accessories and supplies. Please note that sometimes the manufacturer leaves out the weight of accessories and/or supplies.","Mandatory":"0","Searchable":"0","Optional":"0","Feature":{"ID":"94","Sign":"","Measure":{"ID":"38","Sign":"","Signs":{"ID":"22","_":"g","Language":"EN"}},"Name":{"Value":"Weight","Language":"EN"}}}]},{"ID":6516,"SortNo":"3","FeatureGroup":{"ID":"116","Name":{"Value":"Packaging content","Language":"EN"}},"Features":[{"Localized":0,"ID":773035148,"LocalID":0,"Type":"y_n","Value":"Y","CategoryFeatureId":"238783","CategoryFeatureGroupID":"6516","SortNo":"201","PresentationValue":"Yes","RawValue":"Y","LocalValue":"Yes","Description":"A keyboard is part of the bundle/set.","Mandatory":"0","Searchable":"0","Optional":"0","Feature":{"ID":"33532","Sign":"","Measure":{"ID":"26","Sign":"","Signs":{"ID":"","_":"","Language":"EN"}},"Name":{"Value":"Keyboard included","Language":"EN"}}},{"Localized":0,"ID":773035141,"LocalID":0,"Type":"y_n","Value":"N","CategoryFeatureId":"57785","CategoryFeatureGroupID":"6516","SortNo":"10","PresentationValue":"No","RawValue":"N","LocalValue":"No","Description":"","Mandatory":"1","Searchable":"0","Optional":"0","Feature":{"ID":"1230","Sign":"","Measure":{"ID":"26","Sign":"","Signs":{"ID":"","_":"","Language":"EN"}},"Name":{"Value":"AC adapter included","Language":"EN"}}}]},{"ID":41361,"SortNo":"0","FeatureGroup":{"ID":"76","Name":{"Value":"Certificates","Language":"EN"}},"Features":[{"Localized":0,"ID":773035150,"LocalID":0,"Type":"textarea","Value":"ENERGY STAR,RoHS","CategoryFeatureId":"34269","CategoryFeatureGroupID":"41361","SortNo":"-100","PresentationValue":"ENERGY STAR,RoHS","RawValue":"ENERGY STAR,RoHS","LocalValue":"ENERGY STAR,RoHS","Description":"","Mandatory":"0","Searchable":"0","Optional":"0","Feature":{"ID":"249","Sign":"","Measure":{"ID":"29","Sign":"","Signs":{"ID":"","_":"","Language":"EN"}},"Name":{"Value":"Certification","Language":"EN"}}}]},{"ID":850,"SortNo":"-10","FeatureGroup":{"ID":"28","Name":{"Value":"Operational conditions","Language":"EN"}},"Features":[{"Localized":0,"ID":773379194,"LocalID":0,"Type":"range","Value":"0 - 40","CategoryFeatureId":"7146","CategoryFeatureGroupID":"850","SortNo":"50","PresentationValue":"0 - 40 °C","RawValue":"0 - 40","LocalValue":"0 - 40","Description":"The minimum and maximum temperatures at which the product can be safely operated.","Mandatory":"0","Searchable":"0","Optional":"0","Feature":{"ID":"1112","Sign":"","Measure":{"ID":"65","Sign":"","Signs":{"ID":"48","_":"°C","Language":"EN"}},"Name":{"Value":"Operating temperature (T-T)","Language":"EN"}}},{"Localized":0,"ID":773379177,"LocalID":0,"Type":"range","Value":"0 - 95","CategoryFeatureId":"7145","CategoryFeatureGroupID":"850","SortNo":"43","PresentationValue":"0 - 95%","RawValue":"0 - 95","LocalValue":"0 - 95","Description":"","Mandatory":"0","Searchable":"0","Optional":"0","Feature":{"ID":"703","Sign":"","Measure":{"ID":"64","Sign":"","Signs":{"ID":"47","_":"%","Language":"EN"}},"Name":{"Value":"Operating relative humidity (H-H)","Language":"EN"}}}]}],"FeatureLogos":[{"LogoPic":"https://images.icecat.biz/img/feature_logo/989-1485.png","Width":"300","Height":"165","Size":"0","ThumbPic":"https://images.icecat.biz/img/feature_logo_thumbs/989-1485.png","FeatureID":"2705","Value":"F","KeyLogo":0,"Description":{"Value":"F means that the product is rated in its category in terms of energy efficiency. The Energy Labeling system is based on EU Regulation 2017/1369/EU.","Language":"EN"}},{"LogoPic":"https://images.icecat.biz/img/feature_logo/1242-3899.png","Width":"0","Height":"0","Size":"0","ThumbPic":"https://images.icecat.biz/img/feature_logo_thumbs/1242-3899.png","FeatureID":"1230","Value":"N","KeyLogo":1,"Description":{"Value":"DIRECTIVE (EU) 2022/2380 OF THE EUROPEAN PARLIAMENT AND OF THE COUNCIL of 23 November 2022 (Part III)","Language":"EN"}}],"ReasonsToBuy":[],"Reviews":[],"ProductRelated":[{"ID":379352455,"CategoryID":1170,"Preferred":0,"IcecatID":132483166,"ProductCode":"ZG38C07010","ThumbPic":"","ProductName":"YOGA TAB PLUS KB PACK TE(UK-EN)","Brand":"Lenovo","BrandID":728,"ProductRelatedLocales":[{"ID":0,"Language":"EN","Preferred":0,"StartDate":"","EndDate":""}]},{"ID":326436693,"CategoryID":203,"Preferred":0,"IcecatID":124229019,"ProductCode":"ZG38C06791","ThumbPic":"","ProductName":"Tab Pen Pro","Brand":"Lenovo","BrandID":728,"ProductRelatedLocales":[{"ID":0,"Language":"EN","Preferred":0,"StartDate":"","EndDate":""}]},{"ID":326436692,"CategoryID":194,"Preferred":0,"IcecatID":120221580,"ProductCode":"ZG38C05805","ThumbPic":"","ProductName":"ZG38C05805","Brand":"Lenovo","BrandID":728,"ProductRelatedLocales":[{"ID":0,"Language":"EN","Preferred":0,"StartDate":"","EndDate":""}]},{"ID":326436691,"CategoryID":788,"Preferred":0,"IcecatID":114547837,"ProductCode":"5WS8C04304","ThumbPic":"","ProductName":"5WS8C04304","Brand":"Lenovo","BrandID":728,"ProductRelatedLocales":[{"ID":0,"Language":"EN","Preferred":0,"StartDate":"","EndDate":""}]}],"CatalogObjectCloud":{"ProductPage":{"QRCodeURL":"https://qr.icecat.biz/coc/5dea7a8d-8825-4eea-ad7b-f094611b1122","URL":"https://coc.icecat.biz/5dea7a8d-8825-4eea-ad7b-f094611b1122"}},"Variants":[],"ProductStory":[],"Dictionary":{"model_name":"Product name","desc":"Description","ean_code":"EAN/UPC code","flash360":"3D tour","demo_msg_part3":"If you don't have an Icecat account, please register here for free.","repairability_index":"Repairability index","zoom_panel_init":"Original size","cat_name":"Category","product_family":"Product family","back_to_top":"Back to top","zoom_panel_out":"Zoom out","specs":"Specs","eu_product_fiche":"EU Product Fiche","reviews_head_name":"Reviews","pdf_specs":"Product Brochure","zoom_panel_in":"Zoom in","html_content":"","release_date":"Release date","demo_msg_part1":"You are using now a Demo account. Please, use your own Icecat account","demo_insert_desc":"This is a demo of a seamless insert of an Icecat LIVE product data-sheet in your website. Imagine that this responsive data-sheet is included in the product page of your webshop.","pdf_url":"User manual","prod_code":"Product code","supplier_name":"Brand","video":"Video","reasons_to_buy":"Reasons to buy","marketing_text":"Description","options_head_name":"Options","product_series":"Product series","demo_msg_part2":"your Icecat login name","link_integrate_desk":"How to integrate Icecat LIVE JavaScript.","zoom_panel_dragg":"Mouse dragging","eu_energy_label":"EU Energy Label"},"DemoAccount":false}}