{"msg":"OK","data":{"GeneralInfo":{"IcecatId":122830972,"ReleaseDate":"","EndOfLifeDate":"","Title":"ASICS Gel-trabuco 12 Gtx athletic shoes Male Black","TitleInfo":{"GeneratedIntTitle":"ASICS Gel-trabuco 12 Gtx athletic shoes","GeneratedLocalTitle":{"Value":"ASICS Gel-trabuco 12 Gtx athletic shoes Male Black","Language":"EN"},"BrandLocalTitle":{"Value":"","Language":"EN"}},"Brand":"ASICS","BrandID":"13651","BrandLogo":"","BrandInfo":{"BrandName":"ASICS","BrandLocalName":"","BrandLogo":""},"ProductName":"Gel-trabuco 12 Gtx","ProductNameInfo":{"ProductIntName":"Gel-trabuco 12 Gtx","ProductLocalName":{"Value":"","Language":"EN"}},"BrandPartCode":"1011B801.002_44.5","GTIN":[],"Category":{"CategoryID":"3554","Name":{"Value":"Athletic Shoes","Language":"EN"}},"ProductFamily":{},"ProductSeries":{"SeriesID":"1"},"Description":{"ID":"97040894","LongDesc":"The GEL-TRABUCO™ 12 GTX trail running shoe combines protection and comfort for a grounded trail run. It's a great all-round trail running shoe and is designed so you can explore the trails without holding back. And thanks to its extra cushioning, you'll do so in comfort.<br>The shoe's FF BLAST™ foam ensures you experience comfortable landings, and its ASICSGRIP™ outsole provides extra grip during varying weather conditions. Plus, its rock protection plate helps shield your feet from the rocks and rugged terrain.<br>What makes the GEL-TRABUCO™ 12 GTX trail running shoe protective and comfortable?<br><br>Integrated FF BLAST™ foam midsole for extra comfort and a soft landing to reduce the impact on your joints.<br>ASICSGRIP™ outsole for extra grip during wet or dry conditions on your trails.<br>Rock protection plate helps shield your feet from the rocks and rugged terrain.<br><br>What else makes the GEL-TRABUCO™ 12 GTX shoe a great choice?<br>This shoe is designed with your protection and comfort in mind - we’ve spent hours testing it at our Institute of Sport Science (ISS) in Japan. The GEL-TRABUCO™ 12 GTX trail running shoe includes additional technical features to support you during your runs, which you’ll find listed under ‘Tech & Features’ below.<br><br><br>Style #:<br>1011B801.002","LongProductName":"Gel-Trabuco 12 Gtx, Size 44.5, Black/Graphite Grey","MiddleDesc":"","Disclaimer":"","ManualPDFURL":"","ManualPDFSize":"0","LeafletPDFURL":"","PDFSize":"0","URL":"https://www.asics.com/ie/en-ie/gel-trabuco-12-gtx/p/1011B801-002.html","WarrantyInfo":"","Updated":"2024-10-13 14:28:16","Language":"EN"},"SummaryDescription":{"ShortSummaryDescription":"ASICS Gel-trabuco 12 Gtx, Trail running, Male, Adult, Black, Black/Graphite Grey, Lace-up closure","LongSummaryDescription":"ASICS Gel-trabuco 12 Gtx. Activity: Trail running, Gender: Male, Consumer life stage: Adult. Outsole material: Rubber, Upper material: Mesh. Quantity per pack: 1 pc(s)"},"BulletPoints":{},"GeneratedBulletPoints":{},"GTINs":[]},"Image":{"HighPic":"https://inishop.com/img/gallery/e51393463574e644c673470eca355be63334b806.jpg","HighPicSize":"214723","HighPicHeight":"768","HighPicWidth":"1024","LowPic":"https://inishop.com/img/gallery_lows/acdb0987035ef8ea1520430221e53a0f87e899cb.jpg","LowPicSize":"13918","LowPicHeight":"150","LowPicWidth":"200","Pic500x500":"https://inishop.com/img/gallery_mediums/6baf1cf01be6d74cdb81bdcd61b79d6d2c50a40c.jpg","Pic500x500Size":"76883","Pic500x500Height":"375","Pic500x500Width":"500","ThumbPic":"https://inishop.com/img/gallery_thumbs/9fd583c0d03d21cb802c41b7b6a4ebc520462544.jpg","ThumbPicSize":"3034"},"Multimedia":[],"Gallery":[{"ID":"96326415","LowPic":"https://inishop.com/img/gallery_lows/acdb0987035ef8ea1520430221e53a0f87e899cb.jpg","LowSize":"13918","LowHeight":"150","LowWidth":"200","ThumbPic":"https://inishop.com/img/gallery_thumbs/9fd583c0d03d21cb802c41b7b6a4ebc520462544.jpg","ThumbPicSize":"3034","Pic":"https://inishop.com/img/gallery/e51393463574e644c673470eca355be63334b806.jpg","Size":"214723","PicHeight":"768","PicWidth":"1024","Pic500x500":"https://inishop.com/img/gallery_mediums/6baf1cf01be6d74cdb81bdcd61b79d6d2c50a40c.jpg","Pic500x500Size":"76883","Pic500x500Height":"375","Pic500x500Width":"500","No":"1","IsMain":"Y","Updated":"2024-10-13 14:28:16","IsPrivate":"0","Type":"ProductImage","Attributes":{"OriginalFileName":""}},{"ID":"96326416","LowPic":"https://inishop.com/img/gallery_lows/9666d00f6b5af447495abdb060e201086c29c8f9.jpg","LowSize":"16615","LowHeight":"150","LowWidth":"200","ThumbPic":"https://inishop.com/img/gallery_thumbs/42faf9ea2369896e48178910557c7bd853ff376d.jpg","ThumbPicSize":"3462","Pic":"https://inishop.com/img/gallery/7ce5dcd92f7da2102cbc173dd0abd5218bd8bac1.jpg","Size":"229369","PicHeight":"768","PicWidth":"1024","Pic500x500":"https://inishop.com/img/gallery_mediums/3538e70722b82704113ade3b7b4fd441ef6a7186.jpg","Pic500x500Size":"88463","Pic500x500Height":"375","Pic500x500Width":"500","No":"2","IsMain":"N","Updated":"2024-10-13 14:28:16","IsPrivate":"0","Type":"ProductImage","Attributes":{"OriginalFileName":""}},{"ID":"96326417","LowPic":"https://inishop.com/img/gallery_lows/df6f70e059679524ff04689316d56f4d7d99aa95.jpg","LowSize":"14988","LowHeight":"150","LowWidth":"200","ThumbPic":"https://inishop.com/img/gallery_thumbs/ea4495783739c93a5febe708d2918cd03ee1682a.jpg","ThumbPicSize":"3251","Pic":"https://inishop.com/img/gallery/d6b36760fa2e5c4fbb77558e46f2b0154e7b39f8.jpg","Size":"209825","PicHeight":"768","PicWidth":"1024","Pic500x500":"https://inishop.com/img/gallery_mediums/2fcbde6b308a09aafd14ca137e3ce67bf2392e52.jpg","Pic500x500Size":"78732","Pic500x500Height":"375","Pic500x500Width":"500","No":"3","IsMain":"N","Updated":"2024-10-13 14:28:16","IsPrivate":"0","Type":"ProductImage","Attributes":{"OriginalFileName":""}},{"ID":"96326418","LowPic":"https://inishop.com/img/gallery_lows/027cca0a90b814a029073f3e270686ac85ca3f08.jpg","LowSize":"13163","LowHeight":"150","LowWidth":"200","ThumbPic":"https://inishop.com/img/gallery_thumbs/c4e4b567f9aa9254d05ee9cf409c5669b72147c8.jpg","ThumbPicSize":"2888","Pic":"https://inishop.com/img/gallery/e49ab15bab4c1ad19eb88228070bd30acb4abd3e.jpg","Size":"199718","PicHeight":"768","PicWidth":"1024","Pic500x500":"https://inishop.com/img/gallery_mediums/776a5fd844a9c73260088d8c39d2fde00b90eff8.jpg","Pic500x500Size":"72247","Pic500x500Height":"375","Pic500x500Width":"500","No":"4","IsMain":"N","Updated":"2024-10-13 14:28:16","IsPrivate":"0","Type":"ProductImage","Attributes":{"OriginalFileName":""}},{"ID":"96326419","LowPic":"https://inishop.com/img/gallery_lows/22132d55cc30835ba70de8ee15dbede6dc97b543.jpg","LowSize":"17316","LowHeight":"150","LowWidth":"200","ThumbPic":"https://inishop.com/img/gallery_thumbs/509e4eab42d83174021b661fa617f87877fde0c1.jpg","ThumbPicSize":"3697","Pic":"https://inishop.com/img/gallery/ca90b68d0c4d11db01e6dfe1d078e0d103112345.jpg","Size":"275490","PicHeight":"768","PicWidth":"1024","Pic500x500":"https://inishop.com/img/gallery_mediums/7ade2ed5afe26c3d3d82d1f6bcd2a75d79bfc6b6.jpg","Pic500x500Size":"99731","Pic500x500Height":"375","Pic500x500Width":"500","No":"5","IsMain":"N","Updated":"2024-10-13 14:28:16","IsPrivate":"0","Type":"ProductImage","Attributes":{"OriginalFileName":""}},{"ID":"96326420","LowPic":"https://inishop.com/img/gallery_lows/ef484fa39af4f8e7ba443ff9b0ff96f2ff08d3fa.jpg","LowSize":"13740","LowHeight":"150","LowWidth":"200","ThumbPic":"https://inishop.com/img/gallery_thumbs/81588ef8a29ea178be16cb091d0645d076165170.jpg","ThumbPicSize":"3151","Pic":"https://inishop.com/img/gallery/c7d297085b813afdd4f8d4ea3138fb641990fd91.jpg","Size":"222338","PicHeight":"768","PicWidth":"1024","Pic500x500":"https://inishop.com/img/gallery_mediums/3ca9c66818b314a9a259633b927c760fb4d8eaea.jpg","Pic500x500Size":"72686","Pic500x500Height":"375","Pic500x500Width":"500","No":"6","IsMain":"N","Updated":"2024-10-13 14:28:16","IsPrivate":"0","Type":"ProductImage","Attributes":{"OriginalFileName":""}},{"ID":"96326421","LowPic":"https://inishop.com/img/gallery_lows/95927ded925a1f5f9f1410f872a7ac6dd6373d5c.jpg","LowSize":"16343","LowHeight":"150","LowWidth":"200","ThumbPic":"https://inishop.com/img/gallery_thumbs/9d744c72327c04d30cb7bdc3b3a5ff8876312b36.jpg","ThumbPicSize":"3670","Pic":"https://inishop.com/img/gallery/4ff9752e22c0cc366eb0d4b7f6dbde9141d498ca.jpg","Size":"194457","PicHeight":"768","PicWidth":"1024","Pic500x500":"https://inishop.com/img/gallery_mediums/3896374bb61ec6593bcc15233d211eea569893ea.jpg","Pic500x500Size":"81211","Pic500x500Height":"375","Pic500x500Width":"500","No":"7","IsMain":"N","Updated":"2024-10-13 14:28:16","IsPrivate":"0","Type":"ProductImage","Attributes":{"OriginalFileName":""}},{"ID":"96326422","LowPic":"https://inishop.com/img/gallery_lows/b717c8a6a8f136a2b437c45b266493da917d21a2.jpg","LowSize":"13932","LowHeight":"150","LowWidth":"200","ThumbPic":"https://inishop.com/img/gallery_thumbs/6895358245f3ce53af4c5dedd939d22422c086bc.jpg","ThumbPicSize":"3032","Pic":"https://inishop.com/img/gallery/2faf0a3bf8ead181f4ca6272ca29978f3d4943df.jpg","Size":"206405","PicHeight":"768","PicWidth":"1024","Pic500x500":"https://inishop.com/img/gallery_mediums/b15a4111be04fd049f28515b8629f9770a4ab0a7.jpg","Pic500x500Size":"75169","Pic500x500Height":"375","Pic500x500Width":"500","No":"8","IsMain":"N","Updated":"2024-10-13 14:28:16","IsPrivate":"0","Type":"ProductImage","Attributes":{"OriginalFileName":""}}],"FeaturesGroups":[{"ID":17164,"SortNo":"50","FeatureGroup":{"ID":"185","Name":{"Value":"Features","Language":"EN"}},"Features":[{"Localized":0,"ID":689084864,"LocalID":0,"Type":"dropdown","Value":"Trail running","CategoryFeatureId":"333583","CategoryFeatureGroupID":"17164","SortNo":"350","PresentationValue":"Trail running","RawValue":"Trail running","LocalValue":"Trail running","Description":"","Mandatory":"1","Searchable":"1","Optional":"0","Feature":{"ID":"41029","Sign":"","Measure":{"ID":"29","Sign":"","Signs":{"ID":"","_":"","Language":"EN"}},"Name":{"Value":"Activity","Language":"EN"}}},{"Localized":0,"ID":689084851,"LocalID":0,"Type":"dropdown","Value":"Male","CategoryFeatureId":"158233","CategoryFeatureGroupID":"17164","SortNo":"300","PresentationValue":"Male","RawValue":"Male","LocalValue":"Male","Description":"Gender (type) of a product.","Mandatory":"1","Searchable":"1","Optional":"0","Feature":{"ID":"3230","Sign":"","Measure":{"ID":"29","Sign":"","Signs":{"ID":"","_":"","Language":"EN"}},"Name":{"Value":"Gender","Language":"EN"}}},{"Localized":0,"ID":689084860,"LocalID":0,"Type":"dropdown","Value":"Adult","CategoryFeatureId":"333580","CategoryFeatureGroupID":"17164","SortNo":"295","PresentationValue":"Adult","RawValue":"Adult","LocalValue":"Adult","Description":"","Mandatory":"1","Searchable":"1","Optional":"0","Feature":{"ID":"36987","Sign":"","Measure":{"ID":"29","Sign":"","Signs":{"ID":"","_":"","Language":"EN"}},"Name":{"Value":"Consumer life stage","Language":"EN"}}},{"Localized":0,"ID":835128594,"LocalID":0,"Type":"text","Value":"Black/Graphite Grey","CategoryFeatureId":"333582","CategoryFeatureGroupID":"17164","SortNo":"149","PresentationValue":"Black/Graphite Grey","RawValue":"Black/Graphite Grey","LocalValue":"Black/Graphite Grey","Description":"","Mandatory":"0","Searchable":"0","Optional":"0","Feature":{"ID":"37467","Sign":"","Measure":{"ID":"29","Sign":"","Signs":{"ID":"","_":"","Language":"EN"}},"Name":{"Value":"Product extended colour","Language":"EN"}}},{"Localized":0,"ID":835128597,"LocalID":0,"Type":"alphanumeric","Value":"9.5","CategoryFeatureId":"949644","CategoryFeatureGroupID":"17164","SortNo":"145","PresentationValue":"9.5","RawValue":"9.5","LocalValue":"9.5","Description":"","Mandatory":"0","Searchable":"0","Optional":"0","Feature":{"ID":"29293","Sign":"","Measure":{"ID":"29","Sign":"","Signs":{"ID":"","_":"","Language":"EN"}},"Name":{"Value":"Size (UK)","Language":"EN"}}},{"Localized":0,"ID":835128593,"LocalID":0,"Type":"multi_dropdown","Value":"Black","CategoryFeatureId":"333581","CategoryFeatureGroupID":"17164","SortNo":"144","PresentationValue":"Black","RawValue":"Black","LocalValue":"Black","Description":"","Mandatory":"1","Searchable":"1","Optional":"0","Feature":{"ID":"37466","Sign":"","Measure":{"ID":"29","Sign":"","Signs":{"ID":"","_":"","Language":"EN"}},"Name":{"Value":"Product main colour","Language":"EN"}}},{"Localized":0,"ID":689084875,"LocalID":0,"Type":"alphanumeric","Value":"44.5","CategoryFeatureId":"949645","CategoryFeatureGroupID":"17164","SortNo":"144","PresentationValue":"44.5","RawValue":"44.5","LocalValue":"44.5","Description":"","Mandatory":"0","Searchable":"0","Optional":"0","Feature":{"ID":"47506","Sign":"","Measure":{"ID":"29","Sign":"","Signs":{"ID":"","_":"","Language":"EN"}},"Name":{"Value":"Size (EU)","Language":"EN"}}},{"Localized":0,"ID":835128599,"LocalID":0,"Type":"multi_dropdown","Value":"Lace-up closure","CategoryFeatureId":"333640","CategoryFeatureGroupID":"17164","SortNo":"115","PresentationValue":"Lace-up closure","RawValue":"Lace-up closure","LocalValue":"Lace-up closure","Description":"","Mandatory":"0","Searchable":"0","Optional":"0","Feature":{"ID":"41034","Sign":"","Measure":{"ID":"29","Sign":"","Signs":{"ID":"","_":"","Language":"EN"}},"Name":{"Value":"Footwear closure type","Language":"EN"}}},{"Localized":0,"ID":835128611,"LocalID":0,"Type":"y_n","Value":"Y","CategoryFeatureId":"333629","CategoryFeatureGroupID":"17164","SortNo":"92","PresentationValue":"Yes","RawValue":"Y","LocalValue":"Yes","Description":"","Mandatory":"0","Searchable":"0","Optional":"0","Feature":{"ID":"41070","Sign":"","Measure":{"ID":"26","Sign":"","Signs":{"ID":"","_":"","Language":"EN"}},"Name":{"Value":"Made with recycled materials","Language":"EN"}}}]},{"ID":34344,"SortNo":"40","FeatureGroup":{"ID":"119","Name":{"Value":"Material","Language":"EN"}},"Features":[{"Localized":0,"ID":835128606,"LocalID":0,"Type":"multi_dropdown","Value":"Rubber","CategoryFeatureId":"158220","CategoryFeatureGroupID":"34344","SortNo":"250","PresentationValue":"Rubber","RawValue":"Rubber","LocalValue":"Rubber","Description":"","Mandatory":"1","Searchable":"0","Optional":"0","Feature":{"ID":"25409","Sign":"","Measure":{"ID":"29","Sign":"","Signs":{"ID":"","_":"","Language":"EN"}},"Name":{"Value":"Outsole material","Language":"EN"}}},{"Localized":0,"ID":835128608,"LocalID":0,"Type":"multi_dropdown","Value":"Mesh","CategoryFeatureId":"196763","CategoryFeatureGroupID":"34344","SortNo":"200","PresentationValue":"Mesh","RawValue":"Mesh","LocalValue":"Mesh","Description":"The material the upper part of the shoe is made of, e.g. leather, canvas or mesh.","Mandatory":"1","Searchable":"0","Optional":"0","Feature":{"ID":"29975","Sign":"","Measure":{"ID":"29","Sign":"","Signs":{"ID":"","_":"","Language":"EN"}},"Name":{"Value":"Upper material","Language":"EN"}}}]},{"ID":78452,"SortNo":"8","FeatureGroup":{"ID":"67","Name":{"Value":"Packaging data","Language":"EN"}},"Features":[{"Localized":0,"ID":689084856,"LocalID":0,"Type":"numerical","Value":"1","CategoryFeatureId":"158226","CategoryFeatureGroupID":"78452","SortNo":"-50","PresentationValue":"1 pc(s)","RawValue":"1","LocalValue":"1","Description":"","Mandatory":"0","Searchable":"0","Optional":"1","Feature":{"ID":"20228","Sign":"","Measure":{"ID":"144","Sign":"","Signs":{"ID":"125","_":"pc(s)","Language":"EN"}},"Name":{"Value":"Quantity per pack","Language":"EN"}}}]}],"FeatureLogos":[],"ReasonsToBuy":[],"Reviews":[],"ProductRelated":[],"CatalogObjectCloud":{},"Variants":[],"ProductStory":[],"Dictionary":{"model_name":"Product name","desc":"Description","ean_code":"EAN/UPC code","flash360":"3D tour","demo_msg_part3":"If you don't have an Icecat account, please register here for free.","repairability_index":"Repairability index","zoom_panel_init":"Original size","cat_name":"Category","product_family":"Product family","back_to_top":"Back to top","zoom_panel_out":"Zoom out","specs":"Specs","eu_product_fiche":"EU Product Fiche","reviews_head_name":"Reviews","pdf_specs":"Product Brochure","zoom_panel_in":"Zoom in","html_content":"","release_date":"Release date","demo_msg_part1":"You are using now a Demo account. Please, use your own Icecat account","demo_insert_desc":"This is a demo of a seamless insert of an Icecat LIVE product data-sheet in your website. Imagine that this responsive data-sheet is included in the product page of your webshop.","pdf_url":"User manual","prod_code":"Product code","supplier_name":"Brand","video":"Video","reasons_to_buy":"Reasons to buy","marketing_text":"Description","options_head_name":"Options","product_series":"Product series","demo_msg_part2":"your Icecat login name","link_integrate_desk":"How to integrate Icecat LIVE JavaScript.","zoom_panel_dragg":"Mouse dragging","eu_energy_label":"EU Energy Label"},"DemoAccount":false}}