{"msg":"OK","data":{"GeneralInfo":{"IcecatId":122840094,"ReleaseDate":"","EndOfLifeDate":"","Title":"ASICS Netburner Ballistic Ff 3 athletic shoes Female Blue, White","TitleInfo":{"GeneratedIntTitle":"ASICS Netburner Ballistic Ff 3 athletic shoes","GeneratedLocalTitle":{"Value":"ASICS Netburner Ballistic Ff 3 athletic shoes Female Blue, White","Language":"EN"},"BrandLocalTitle":{"Value":"","Language":"EN"}},"Brand":"ASICS","BrandID":"13651","BrandLogo":"","BrandInfo":{"BrandName":"ASICS","BrandLocalName":"","BrandLogo":""},"ProductName":"Netburner Ballistic Ff 3","ProductNameInfo":{"ProductIntName":"Netburner Ballistic Ff 3","ProductLocalName":{"Value":"","Language":"EN"}},"BrandPartCode":"1052A069.403_42","GTIN":[],"Category":{"CategoryID":"3554","Name":{"Value":"Athletic Shoes","Language":"EN"}},"ProductFamily":{},"ProductSeries":{"SeriesID":"1"},"Description":{"ID":"97048493","LongDesc":"The NETBURNER BALLISTIC™ FF 3 indoor shoe provides incredible flexibility for faster transitions and more energetic reactions. Designed for the high-speed player, the shoe is lightweight and flexible, allowing quick and easy movement in all directions.<br>The shoe’s 2-piece TWISTRUSS™ technology offers more flexibility because of its reduced weight and strategic placement, making you faster on the court. For added flexibility, the X GUIDANCE™ technology helps you move quickly in all directions. Plus, its FLYTEFOAM™ technology, combined with a 15mm heel drop, provides extra support to help you react much faster.<br>What makes the NETBURNER BALLISTIC™ FF 3 so fast?<br><br>2-piece TWISTRUSS™ technology offers more flexibility and allows you to move faster because of its reduced weight and strategic placement.<br>X GUIDANCE™ technology helps create flexible movement in all directions for a faster start-up or transition between moves.<br>FLYTEFOAM™ technology, combined with a 15mm heel drop in the shoe's midsole, provides extra comfort and quicker reactivity.<br><br>What else makes the NETBURNER BALLISTIC™ FF 3 shoe stand out?<br>This shoe is designed with flexibility and speed in mind - we’ve spent hours testing and perfecting it at our Institute of Sport Science (ISS) in Japan. The NETBURNER BALLISTIC™ FF 3 indoor shoe includes features to support you during your game, which you’ll find listed under ‘Tech & Features’ below.<br><br><br>Style #:<br>1052A069.403","LongProductName":"Netburner Ballistic Ff 3, Size 42, Sapphire/Cosmos","MiddleDesc":"","Disclaimer":"","ManualPDFURL":"","ManualPDFSize":"0","LeafletPDFURL":"","PDFSize":"0","URL":"https://www.asics.com/ie/en-ie/netburner-ballistic-ff-3/p/1052A069-403.html","WarrantyInfo":"","Updated":"2024-10-13 16:34:10","Language":"EN"},"SummaryDescription":{"ShortSummaryDescription":"ASICS Netburner Ballistic Ff 3, Tennis, Female, Adult, Blue, White, Sapphire/Cosmos, Lace-up closure","LongSummaryDescription":"ASICS Netburner Ballistic Ff 3. Activity: Tennis, Gender: Female, Consumer life stage: Adult. Upper material: Faux leather, Textile. Quantity per pack: 1 pc(s)"},"BulletPoints":{},"GeneratedBulletPoints":{},"GTINs":[]},"Image":{"HighPic":"https://inishop.com/img/gallery/b803025b269fb2481810c4e072abe746edf43ffa.jpg","HighPicSize":"299956","HighPicHeight":"768","HighPicWidth":"1024","LowPic":"https://inishop.com/img/gallery_lows/cae3071d0f713b9e6445bb99f20876269ab7bc6f.jpg","LowPicSize":"21041","LowPicHeight":"150","LowPicWidth":"200","Pic500x500":"https://inishop.com/img/gallery_mediums/89203719881ecd9e78b3f1d1689b4f19981653ba.jpg","Pic500x500Size":"114458","Pic500x500Height":"375","Pic500x500Width":"500","ThumbPic":"https://inishop.com/img/gallery_thumbs/9377de9ae7e0dc823bbf3a87c32c4cfc83f15485.jpg","ThumbPicSize":"4781"},"Multimedia":[],"Gallery":[{"ID":"96384909","LowPic":"https://inishop.com/img/gallery_lows/cae3071d0f713b9e6445bb99f20876269ab7bc6f.jpg","LowSize":"21041","LowHeight":"150","LowWidth":"200","ThumbPic":"https://inishop.com/img/gallery_thumbs/9377de9ae7e0dc823bbf3a87c32c4cfc83f15485.jpg","ThumbPicSize":"4781","Pic":"https://inishop.com/img/gallery/b803025b269fb2481810c4e072abe746edf43ffa.jpg","Size":"299956","PicHeight":"768","PicWidth":"1024","Pic500x500":"https://inishop.com/img/gallery_mediums/89203719881ecd9e78b3f1d1689b4f19981653ba.jpg","Pic500x500Size":"114458","Pic500x500Height":"375","Pic500x500Width":"500","No":"1","IsMain":"Y","Updated":"2024-10-13 16:34:10","IsPrivate":"0","Type":"ProductImage","Attributes":{"OriginalFileName":""}},{"ID":"96384910","LowPic":"https://inishop.com/img/gallery_lows/63462c2b33e7024b377cafc9e2ef341a1d61e944.jpg","LowSize":"26380","LowHeight":"150","LowWidth":"200","ThumbPic":"https://inishop.com/img/gallery_thumbs/eeada1afaa1f6dddfb51bea7468a92408a16d437.jpg","ThumbPicSize":"5113","Pic":"https://inishop.com/img/gallery/4ec2a98ab603d5759c63828c4d04287d4f5e606b.jpg","Size":"352371","PicHeight":"768","PicWidth":"1024","Pic500x500":"https://inishop.com/img/gallery_mediums/c9ef1dec72193fd2e0db3402164a31eb8f1b40f0.jpg","Pic500x500Size":"141973","Pic500x500Height":"375","Pic500x500Width":"500","No":"2","IsMain":"N","Updated":"2024-10-13 16:34:10","IsPrivate":"0","Type":"ProductImage","Attributes":{"OriginalFileName":""}},{"ID":"96384911","LowPic":"https://inishop.com/img/gallery_lows/5fee9d040b628fd8a637f293ec06f40e97a774fa.jpg","LowSize":"21968","LowHeight":"150","LowWidth":"200","ThumbPic":"https://inishop.com/img/gallery_thumbs/8c4105dfee3a222b279427b79585d1a36cdf9f1e.jpg","ThumbPicSize":"5016","Pic":"https://inishop.com/img/gallery/5ca214c25aec74446d1d6b6450a63af6b5d78437.jpg","Size":"307752","PicHeight":"768","PicWidth":"1024","Pic500x500":"https://inishop.com/img/gallery_mediums/8253cbbf71a42495b95a6f5adad8cd0e28de6242.jpg","Pic500x500Size":"120369","Pic500x500Height":"375","Pic500x500Width":"500","No":"3","IsMain":"N","Updated":"2024-10-13 16:34:10","IsPrivate":"0","Type":"ProductImage","Attributes":{"OriginalFileName":""}},{"ID":"96384912","LowPic":"https://inishop.com/img/gallery_lows/11652487a1e50be334cf975042771e3029f606ed.jpg","LowSize":"20921","LowHeight":"150","LowWidth":"200","ThumbPic":"https://inishop.com/img/gallery_thumbs/9e9fffacce65f10d601e01a65cd4e0a88b93ee00.jpg","ThumbPicSize":"4433","Pic":"https://inishop.com/img/gallery/66f4f7b33a2a40ba169656ee959fab4e4ce9cb41.jpg","Size":"279651","PicHeight":"768","PicWidth":"1024","Pic500x500":"https://inishop.com/img/gallery_mediums/762da5f0fcb0c03d0245f286fb53c56b7ebb39fd.jpg","Pic500x500Size":"112662","Pic500x500Height":"375","Pic500x500Width":"500","No":"4","IsMain":"N","Updated":"2024-10-13 16:34:10","IsPrivate":"0","Type":"ProductImage","Attributes":{"OriginalFileName":""}},{"ID":"96384913","LowPic":"https://inishop.com/img/gallery_lows/4ad80f1e8150aa8ac77d311e9b77df70592267ea.jpg","LowSize":"29248","LowHeight":"150","LowWidth":"200","ThumbPic":"https://inishop.com/img/gallery_thumbs/9dd4694aa1b13f302aa825baea24835657901799.jpg","ThumbPicSize":"6078","Pic":"https://inishop.com/img/gallery/b0fa0f12ad8544bfa516d3c056d6e06d5370fadb.jpg","Size":"429898","PicHeight":"768","PicWidth":"1024","Pic500x500":"https://inishop.com/img/gallery_mediums/e67975b18ceaaa98b6f756acdcb4ff668d65b3c6.jpg","Pic500x500Size":"166247","Pic500x500Height":"375","Pic500x500Width":"500","No":"5","IsMain":"N","Updated":"2024-10-13 16:34:10","IsPrivate":"0","Type":"ProductImage","Attributes":{"OriginalFileName":""}},{"ID":"96384914","LowPic":"https://inishop.com/img/gallery_lows/35cc8db58977a1edaaba0a57ee3cac8f3ab9b747.jpg","LowSize":"21136","LowHeight":"150","LowWidth":"200","ThumbPic":"https://inishop.com/img/gallery_thumbs/850be6ffe2d5d66bef66f882e6ef4c39dd26f5cd.jpg","ThumbPicSize":"4508","Pic":"https://inishop.com/img/gallery/ada5a3a7a175be24ceb91f3dd3ba1642b4389048.jpg","Size":"284010","PicHeight":"768","PicWidth":"1024","Pic500x500":"https://inishop.com/img/gallery_mediums/860acd02590cf075b01f038e56061d83cb8d9e34.jpg","Pic500x500Size":"114139","Pic500x500Height":"375","Pic500x500Width":"500","No":"6","IsMain":"N","Updated":"2024-10-13 16:34:10","IsPrivate":"0","Type":"ProductImage","Attributes":{"OriginalFileName":""}},{"ID":"96384915","LowPic":"https://inishop.com/img/gallery_lows/e6f554a92bd3fd64cefbbf2d0228a9cd68a2b5de.jpg","LowSize":"23480","LowHeight":"150","LowWidth":"200","ThumbPic":"https://inishop.com/img/gallery_thumbs/fbff93a82b26cf098d52a02c3500bbe2ef5199d5.jpg","ThumbPicSize":"4677","Pic":"https://inishop.com/img/gallery/903cfc130a0453a815d6f6d047696eee4af6bac6.jpg","Size":"296142","PicHeight":"768","PicWidth":"1024","Pic500x500":"https://inishop.com/img/gallery_mediums/b69a37214d33f66ceeff1ba713902d25d384bd4d.jpg","Pic500x500Size":"123480","Pic500x500Height":"375","Pic500x500Width":"500","No":"7","IsMain":"N","Updated":"2024-10-13 16:34:10","IsPrivate":"0","Type":"ProductImage","Attributes":{"OriginalFileName":""}},{"ID":"96384916","LowPic":"https://inishop.com/img/gallery_lows/5e3f37e7063a5a951d216723e70381119daffff7.jpg","LowSize":"21521","LowHeight":"150","LowWidth":"200","ThumbPic":"https://inishop.com/img/gallery_thumbs/a4ab8bddf16e9a1d18598f70f11923cd4d8f94d1.jpg","ThumbPicSize":"4740","Pic":"https://inishop.com/img/gallery/dba91ae1bde1471c81eedb166851bbe07d71d75a.jpg","Size":"295159","PicHeight":"768","PicWidth":"1024","Pic500x500":"https://inishop.com/img/gallery_mediums/f1721611726d805f536dbb86929dc4061e9a960d.jpg","Pic500x500Size":"116052","Pic500x500Height":"375","Pic500x500Width":"500","No":"8","IsMain":"N","Updated":"2024-10-13 16:34:10","IsPrivate":"0","Type":"ProductImage","Attributes":{"OriginalFileName":""}}],"FeaturesGroups":[{"ID":17164,"SortNo":"50","FeatureGroup":{"ID":"185","Name":{"Value":"Features","Language":"EN"}},"Features":[{"Localized":0,"ID":835128172,"LocalID":0,"Type":"dropdown","Value":"Tennis","CategoryFeatureId":"333583","CategoryFeatureGroupID":"17164","SortNo":"350","PresentationValue":"Tennis","RawValue":"Tennis","LocalValue":"Tennis","Description":"","Mandatory":"1","Searchable":"1","Optional":"0","Feature":{"ID":"41029","Sign":"","Measure":{"ID":"29","Sign":"","Signs":{"ID":"","_":"","Language":"EN"}},"Name":{"Value":"Activity","Language":"EN"}}},{"Localized":0,"ID":689125925,"LocalID":0,"Type":"dropdown","Value":"Female","CategoryFeatureId":"158233","CategoryFeatureGroupID":"17164","SortNo":"300","PresentationValue":"Female","RawValue":"Female","LocalValue":"Female","Description":"Gender (type) of a product.","Mandatory":"1","Searchable":"1","Optional":"0","Feature":{"ID":"3230","Sign":"","Measure":{"ID":"29","Sign":"","Signs":{"ID":"","_":"","Language":"EN"}},"Name":{"Value":"Gender","Language":"EN"}}},{"Localized":0,"ID":689125933,"LocalID":0,"Type":"dropdown","Value":"Adult","CategoryFeatureId":"333580","CategoryFeatureGroupID":"17164","SortNo":"295","PresentationValue":"Adult","RawValue":"Adult","LocalValue":"Adult","Description":"","Mandatory":"1","Searchable":"1","Optional":"0","Feature":{"ID":"36987","Sign":"","Measure":{"ID":"29","Sign":"","Signs":{"ID":"","_":"","Language":"EN"}},"Name":{"Value":"Consumer life stage","Language":"EN"}}},{"Localized":0,"ID":835128191,"LocalID":0,"Type":"text","Value":"Sapphire/Cosmos","CategoryFeatureId":"333582","CategoryFeatureGroupID":"17164","SortNo":"149","PresentationValue":"Sapphire/Cosmos","RawValue":"Sapphire/Cosmos","LocalValue":"Sapphire/Cosmos","Description":"","Mandatory":"0","Searchable":"0","Optional":"0","Feature":{"ID":"37467","Sign":"","Measure":{"ID":"29","Sign":"","Signs":{"ID":"","_":"","Language":"EN"}},"Name":{"Value":"Product extended colour","Language":"EN"}}},{"Localized":0,"ID":835128189,"LocalID":0,"Type":"alphanumeric","Value":"8","CategoryFeatureId":"949644","CategoryFeatureGroupID":"17164","SortNo":"145","PresentationValue":"8","RawValue":"8","LocalValue":"8","Description":"","Mandatory":"0","Searchable":"0","Optional":"0","Feature":{"ID":"29293","Sign":"","Measure":{"ID":"29","Sign":"","Signs":{"ID":"","_":"","Language":"EN"}},"Name":{"Value":"Size (UK)","Language":"EN"}}},{"Localized":0,"ID":835128173,"LocalID":0,"Type":"multi_dropdown","Value":"Blue,White","CategoryFeatureId":"333581","CategoryFeatureGroupID":"17164","SortNo":"144","PresentationValue":"Blue, White","RawValue":"Blue,White","LocalValue":"Blue, White","Description":"","Mandatory":"1","Searchable":"1","Optional":"0","Feature":{"ID":"37466","Sign":"","Measure":{"ID":"29","Sign":"","Signs":{"ID":"","_":"","Language":"EN"}},"Name":{"Value":"Product main colour","Language":"EN"}}},{"Localized":0,"ID":689125944,"LocalID":0,"Type":"alphanumeric","Value":"42","CategoryFeatureId":"949645","CategoryFeatureGroupID":"17164","SortNo":"144","PresentationValue":"42","RawValue":"42","LocalValue":"42","Description":"","Mandatory":"0","Searchable":"0","Optional":"0","Feature":{"ID":"47506","Sign":"","Measure":{"ID":"29","Sign":"","Signs":{"ID":"","_":"","Language":"EN"}},"Name":{"Value":"Size (EU)","Language":"EN"}}},{"Localized":0,"ID":835128176,"LocalID":0,"Type":"multi_dropdown","Value":"Lace-up closure","CategoryFeatureId":"333640","CategoryFeatureGroupID":"17164","SortNo":"115","PresentationValue":"Lace-up closure","RawValue":"Lace-up closure","LocalValue":"Lace-up closure","Description":"","Mandatory":"0","Searchable":"0","Optional":"0","Feature":{"ID":"41034","Sign":"","Measure":{"ID":"29","Sign":"","Signs":{"ID":"","_":"","Language":"EN"}},"Name":{"Value":"Footwear closure type","Language":"EN"}}},{"Localized":0,"ID":835128320,"LocalID":0,"Type":"numerical","Value":"15","CategoryFeatureId":"333621","CategoryFeatureGroupID":"17164","SortNo":"111","PresentationValue":"1.5 cm","RawValue":"15","LocalValue":"1.5","Description":"","Mandatory":"0","Searchable":"0","Optional":"0","Feature":{"ID":"41060","Sign":"","Measure":{"ID":"24","Sign":"","Signs":{"ID":"3","_":"mm","Language":"EN"}},"Name":{"Value":"Heel drop","Language":"EN"}}},{"Localized":0,"ID":835128612,"LocalID":0,"Type":"y_n","Value":"Y","CategoryFeatureId":"333629","CategoryFeatureGroupID":"17164","SortNo":"92","PresentationValue":"Yes","RawValue":"Y","LocalValue":"Yes","Description":"","Mandatory":"0","Searchable":"0","Optional":"0","Feature":{"ID":"41070","Sign":"","Measure":{"ID":"26","Sign":"","Signs":{"ID":"","_":"","Language":"EN"}},"Name":{"Value":"Made with recycled materials","Language":"EN"}}}]},{"ID":34344,"SortNo":"40","FeatureGroup":{"ID":"119","Name":{"Value":"Material","Language":"EN"}},"Features":[{"Localized":0,"ID":835128332,"LocalID":0,"Type":"multi_dropdown","Value":"Faux leather,Textile","CategoryFeatureId":"196763","CategoryFeatureGroupID":"34344","SortNo":"200","PresentationValue":"Faux leather, Textile","RawValue":"Faux leather,Textile","LocalValue":"Faux leather, Textile","Description":"The material the upper part of the shoe is made of, e.g. leather, canvas or mesh.","Mandatory":"1","Searchable":"0","Optional":"0","Feature":{"ID":"29975","Sign":"","Measure":{"ID":"29","Sign":"","Signs":{"ID":"","_":"","Language":"EN"}},"Name":{"Value":"Upper material","Language":"EN"}}}]},{"ID":78452,"SortNo":"8","FeatureGroup":{"ID":"67","Name":{"Value":"Packaging data","Language":"EN"}},"Features":[{"Localized":0,"ID":689125929,"LocalID":0,"Type":"numerical","Value":"1","CategoryFeatureId":"158226","CategoryFeatureGroupID":"78452","SortNo":"-50","PresentationValue":"1 pc(s)","RawValue":"1","LocalValue":"1","Description":"","Mandatory":"0","Searchable":"0","Optional":"1","Feature":{"ID":"20228","Sign":"","Measure":{"ID":"144","Sign":"","Signs":{"ID":"125","_":"pc(s)","Language":"EN"}},"Name":{"Value":"Quantity per pack","Language":"EN"}}}]}],"FeatureLogos":[],"ReasonsToBuy":[],"Reviews":[],"ProductRelated":[],"CatalogObjectCloud":{},"Variants":[],"ProductStory":[],"Dictionary":{"model_name":"Product name","desc":"Description","ean_code":"EAN/UPC code","flash360":"3D tour","demo_msg_part3":"If you don't have an Icecat account, please register here for free.","repairability_index":"Repairability index","zoom_panel_init":"Original size","cat_name":"Category","product_family":"Product family","back_to_top":"Back to top","zoom_panel_out":"Zoom out","specs":"Specs","eu_product_fiche":"EU Product Fiche","reviews_head_name":"Reviews","pdf_specs":"Product Brochure","zoom_panel_in":"Zoom in","html_content":"","release_date":"Release date","demo_msg_part1":"You are using now a Demo account. Please, use your own Icecat account","demo_insert_desc":"This is a demo of a seamless insert of an Icecat LIVE product data-sheet in your website. Imagine that this responsive data-sheet is included in the product page of your webshop.","pdf_url":"User manual","prod_code":"Product code","supplier_name":"Brand","video":"Video","reasons_to_buy":"Reasons to buy","marketing_text":"Description","options_head_name":"Options","product_series":"Product series","demo_msg_part2":"your Icecat login name","link_integrate_desk":"How to integrate Icecat LIVE JavaScript.","zoom_panel_dragg":"Mouse dragging","eu_energy_label":"EU Energy Label"},"DemoAccount":false}}