{"msg":"OK","data":{"GeneralInfo":{"IcecatId":134703554,"ReleaseDate":"","EndOfLifeDate":"","Title":"Skechers Slip-ins: Max Cushioning Elite 2.0 athletic shoes Female Pink","TitleInfo":{"GeneratedIntTitle":"Skechers Slip-ins: Max Cushioning Elite 2.0 athletic shoes","GeneratedLocalTitle":{"Value":"Skechers Slip-ins: Max Cushioning Elite 2.0 athletic shoes Female Pink","Language":"EN"},"BrandLocalTitle":{"Value":"","Language":"EN"}},"Brand":"Skechers","BrandID":"18535","BrandLogo":"","BrandInfo":{"BrandName":"Skechers","BrandLocalName":"","BrandLogo":""},"ProductName":"Slip-ins: Max Cushioning Elite 2.0","ProductNameInfo":{"ProductIntName":"Slip-ins: Max Cushioning Elite 2.0","ProductLocalName":{"Value":"","Language":"EN"}},"BrandPartCode":"129626RAS 39","GTIN":[],"Category":{"CategoryID":"3554","Name":{"Value":"Athletic Shoes","Language":"EN"}},"ProductFamily":{},"ProductSeries":{"SeriesID":"1"},"Description":{"ID":"104044112","LongDesc":"HANDS FREE SLIP-INS™ Experience the next movement in maximum cushioning with Skechers Hands Free Slip-ins®: Max Cushioning Elite™ 2.0 - Solace. Designed with our Heel Pillow®, this running design features an engineered mesh upper, adjustable laces, a copper-infused Skechers Air-Cooled Memory Foam® insole, and lightweight ULTRA GO® cushioning.<br>","LongProductName":"Skechers Slip-ins: Max Cushioning Elite 2.0, Solace, Pink, 39","MiddleDesc":"","Disclaimer":"","ManualPDFURL":"","ManualPDFSize":"0","LeafletPDFURL":"","PDFSize":"0","URL":"https://www.skechers.com/skechers-slip-ins-max-cushioning-elite-2.0/129626_RAS.html","WarrantyInfo":"","Updated":"2025-09-09 11:34:11","Language":"EN"},"SummaryDescription":{"ShortSummaryDescription":"Skechers Slip-ins: Max Cushioning Elite 2.0, Running, Female, Adult, Pink, Image, 26 cm","LongSummaryDescription":"Skechers Slip-ins: Max Cushioning Elite 2.0. Activity: Running, Gender: Female, Consumer life stage: Adult. Upper material: Mesh, Insole material: Memory foam. Washing instruction: Machine wash"},"BulletPoints":{"BulletPointsId":"13608732","Language":"EN","Values":["Skechers Hands Free Slip-ins® for an easy fit","Heel Pillow® holds your foot securely in place","Skechers Max Cushioning® design for exceptional comfort and support","Lightweight, responsive ULTRA GO® cushioning","Skechers Air-Cooled Memory Foam® cushioned comfort insole","NRT - Natural Rocker Technology® for a smooth heel to toe transition"],"Updated":"2025-09-09 09:30:59"},"GeneratedBulletPoints":{},"GTINs":[]},"Image":{"HighPic":"https://inishop.com/img/gallery/188405fc5d147f0b77293e625c57e75c2b781dad.jpg","HighPicSize":"1177380","HighPicHeight":"970","HighPicWidth":"1888","LowPic":"https://inishop.com/img/gallery_lows/4c4abd09f8e1fa2bc798b8eac4a94ab74570ee91.jpg","LowPicSize":"16622","LowPicHeight":"103","LowPicWidth":"200","Pic500x500":"https://inishop.com/img/gallery_mediums/c79ce462e8bad4786fae2a3b63b01bab11300d51.jpg","Pic500x500Size":"85698","Pic500x500Height":"257","Pic500x500Width":"500","ThumbPic":"https://inishop.com/img/gallery_thumbs/8acfb2dbd1c2d7f95be74e6a55d8b70d4b820e87.jpg","ThumbPicSize":"4088"},"Multimedia":[{"ID":"58BDA0BC-D88B-437B-BFD6-0BD4D5DAB9D1","URL":"https://www.youtube.com/embed/TJHI35DqsvQ?si=AC4QrzlYj4-CjJPR?access=o4c4Z6D8XCDDdEBrloO6kObjZvp6mHXwuMKcImbYjXHrYqh7SWB1QtSoE4orsxFV","Type":"video/mp4","ContentType":"text/html","KeepAsUrl":"1","Description":"Skechers Max Cushioning Slip-ins commercial","Size":"113766","IsPrivate":"0","Updated":"2025-09-09 09:31:33","Language":"EN","IsVideo":1,"ThumbUrl":"https://img.youtube.com/vi/TJHI35DqsvQ/default.jpg?access=o4c4Z6D8XCDDdEBrloO6kObjZvp6mHXwuMKcImbYjXHrYqh7SWB1QtSoE4orsxFV","PreviewUrl":"https://img.youtube.com/vi/TJHI35DqsvQ/hqdefault.jpg?access=o4c4Z6D8XCDDdEBrloO6kObjZvp6mHXwuMKcImbYjXHrYqh7SWB1QtSoE4orsxFV"},{"ID":"FFE50E0A-C60C-4665-939C-FA94E5E399DF","URL":"https://cdn.shopify.com/videos/c/o/v/70f3945fae6f4d3cb1ac9315eec3c60b.mp4?access=o4c4Z6D8XCDDdEBrloO6kObjZvp6mHXwuMKcImbYjXHrYqh7SWB1QtSoE4orsxFV","Type":"video/mp4","ContentType":"video/mp4","KeepAsUrl":"1","Description":"Skechers Slip-ins","Size":"28831713","IsPrivate":"0","Updated":"2025-09-09 10:04:21","Language":"EN","IsVideo":1,"ThumbUrl":"","PreviewUrl":""}],"Gallery":[{"ID":"117094656","LowPic":"https://inishop.com/img/gallery_lows/4c4abd09f8e1fa2bc798b8eac4a94ab74570ee91.jpg","LowSize":"16622","LowHeight":"103","LowWidth":"200","ThumbPic":"https://inishop.com/img/gallery_thumbs/8acfb2dbd1c2d7f95be74e6a55d8b70d4b820e87.jpg","ThumbPicSize":"4088","Pic":"https://inishop.com/img/gallery/188405fc5d147f0b77293e625c57e75c2b781dad.jpg","Size":"1177380","PicHeight":"970","PicWidth":"1888","Pic500x500":"https://inishop.com/img/gallery_mediums/c79ce462e8bad4786fae2a3b63b01bab11300d51.jpg","Pic500x500Size":"85698","Pic500x500Height":"257","Pic500x500Width":"500","No":"1","IsMain":"Y","Updated":"2025-09-09 09:29:18","IsPrivate":"0","Type":"ProductImage","Attributes":{"OriginalFileName":""}},{"ID":"117094666","LowPic":"https://inishop.com/img/gallery_lows/31ead7ee3a1ffe55f8c1f34c691d670cd9863840.jpg","LowSize":"19115","LowHeight":"200","LowWidth":"87","ThumbPic":"https://inishop.com/img/gallery_thumbs/4510a56d620a59f389c6cafa51a814b595d88946.jpg","ThumbPicSize":"4160","Pic":"https://inishop.com/img/gallery/64b851151dbeaf500b229efdacde600ec3e3d2ad.jpg","Size":"1034702","PicHeight":"1680","PicWidth":"727","Pic500x500":"https://inishop.com/img/gallery_mediums/72236ae5b2b8a103d6c46856377f362d927a2d64.jpg","Pic500x500Size":"96152","Pic500x500Height":"500","Pic500x500Width":"216","No":"2","IsMain":"N","Updated":"2025-09-09 09:29:23","IsPrivate":"0","Type":"Other","Attributes":{"OriginalFileName":""}},{"ID":"117094667","LowPic":"https://inishop.com/img/gallery_lows/aa7ca04b92101903ac5ac8f86b460315e9c3df9c.jpg","LowSize":"17336","LowHeight":"91","LowWidth":"200","ThumbPic":"https://inishop.com/img/gallery_thumbs/a6572a49e478cea481667bf55fcbb27b243dafea.jpg","ThumbPicSize":"4408","Pic":"https://inishop.com/img/gallery/a39df28c70e47ecc0f1cfd323570af2400b9e69d.jpg","Size":"727931","PicHeight":"867","PicWidth":"1905","Pic500x500":"https://inishop.com/img/gallery_mediums/4469d17921940896f58840a90f94a0af4ef319c1.jpg","Pic500x500Size":"82304","Pic500x500Height":"228","Pic500x500Width":"500","No":"3","IsMain":"N","Updated":"2025-09-09 09:29:28","IsPrivate":"0","Type":"Other","Attributes":{"OriginalFileName":""}},{"ID":"117094668","LowPic":"https://inishop.com/img/gallery_lows/9e7576a45549966a5bcb24387c37117056f8392b.jpg","LowSize":"26561","LowHeight":"158","LowWidth":"200","ThumbPic":"https://inishop.com/img/gallery_thumbs/a0d3c9e0c40c6d79a1390477354eb2267e0c97b8.jpg","ThumbPicSize":"5804","Pic":"https://inishop.com/img/gallery/b874bee077c78ef178de908ed0c54aba432d7434.jpg","Size":"1761403","PicHeight":"1497","PicWidth":"1898","Pic500x500":"https://inishop.com/img/gallery_mediums/8eacbe9237857b80acdc27f356d88447ee5a1b7c.jpg","Pic500x500Size":"139908","Pic500x500Height":"394","Pic500x500Width":"500","No":"4","IsMain":"N","Updated":"2025-09-09 09:29:34","IsPrivate":"0","Type":"Other","Attributes":{"OriginalFileName":""}},{"ID":"117094669","LowPic":"https://inishop.com/img/gallery_lows/e8b0bdaa50045d366e3ea5c07718ac2eaa0654bc.jpg","LowSize":"16511","LowHeight":"105","LowWidth":"200","ThumbPic":"https://inishop.com/img/gallery_thumbs/10820fdf2a1d83be221e86b6dc72564b85654925.jpg","ThumbPicSize":"3933","Pic":"https://inishop.com/img/gallery/45de2753b67fe3751b98eb586cff8c8233c67711.jpg","Size":"1213430","PicHeight":"996","PicWidth":"1904","Pic500x500":"https://inishop.com/img/gallery_mediums/84f70757225a89f49da32a488b7ed3f1a105b33c.jpg","Pic500x500Size":"88481","Pic500x500Height":"262","Pic500x500Width":"500","No":"5","IsMain":"N","Updated":"2025-09-09 09:29:38","IsPrivate":"0","Type":"Other","Attributes":{"OriginalFileName":""}}],"FeaturesGroups":[{"ID":17164,"SortNo":"50","FeatureGroup":{"ID":"185","Name":{"Value":"Features","Language":"EN"}},"Features":[{"Localized":0,"ID":835246050,"LocalID":0,"Type":"dropdown","Value":"Running","CategoryFeatureId":"333583","CategoryFeatureGroupID":"17164","SortNo":"350","PresentationValue":"Running","RawValue":"Running","LocalValue":"Running","Description":"","Mandatory":"1","Searchable":"1","Optional":"0","Feature":{"ID":"41029","Sign":"","Measure":{"ID":"29","Sign":"","Signs":{"ID":"","_":"","Language":"EN"}},"Name":{"Value":"Activity","Language":"EN"}}},{"Localized":0,"ID":835226178,"LocalID":0,"Type":"dropdown","Value":"Female","CategoryFeatureId":"158233","CategoryFeatureGroupID":"17164","SortNo":"300","PresentationValue":"Female","RawValue":"Female","LocalValue":"Female","Description":"Gender (type) of a product.","Mandatory":"1","Searchable":"1","Optional":"0","Feature":{"ID":"3230","Sign":"","Measure":{"ID":"29","Sign":"","Signs":{"ID":"","_":"","Language":"EN"}},"Name":{"Value":"Gender","Language":"EN"}}},{"Localized":0,"ID":835246067,"LocalID":0,"Type":"dropdown","Value":"Adult","CategoryFeatureId":"333580","CategoryFeatureGroupID":"17164","SortNo":"295","PresentationValue":"Adult","RawValue":"Adult","LocalValue":"Adult","Description":"","Mandatory":"1","Searchable":"1","Optional":"0","Feature":{"ID":"36987","Sign":"","Measure":{"ID":"29","Sign":"","Signs":{"ID":"","_":"","Language":"EN"}},"Name":{"Value":"Consumer life stage","Language":"EN"}}},{"Localized":0,"ID":835246006,"LocalID":0,"Type":"dropdown","Value":"Image","CategoryFeatureId":"158216","CategoryFeatureGroupID":"17164","SortNo":"148","PresentationValue":"Image","RawValue":"Image","LocalValue":"Image","Description":"","Mandatory":"0","Searchable":"0","Optional":"0","Feature":{"ID":"21118","Sign":"","Measure":{"ID":"29","Sign":"","Signs":{"ID":"","_":"","Language":"EN"}},"Name":{"Value":"Coloration","Language":"EN"}}},{"Localized":0,"ID":835246172,"LocalID":0,"Type":"alphanumeric","Value":"6","CategoryFeatureId":"949644","CategoryFeatureGroupID":"17164","SortNo":"145","PresentationValue":"6","RawValue":"6","LocalValue":"6","Description":"","Mandatory":"0","Searchable":"0","Optional":"0","Feature":{"ID":"29293","Sign":"","Measure":{"ID":"29","Sign":"","Signs":{"ID":"","_":"","Language":"EN"}},"Name":{"Value":"Size (UK)","Language":"EN"}}},{"Localized":0,"ID":835246094,"LocalID":0,"Type":"multi_dropdown","Value":"Pink","CategoryFeatureId":"333581","CategoryFeatureGroupID":"17164","SortNo":"144","PresentationValue":"Pink","RawValue":"Pink","LocalValue":"Pink","Description":"","Mandatory":"1","Searchable":"1","Optional":"0","Feature":{"ID":"37466","Sign":"","Measure":{"ID":"29","Sign":"","Signs":{"ID":"","_":"","Language":"EN"}},"Name":{"Value":"Product main colour","Language":"EN"}}},{"Localized":0,"ID":835246021,"LocalID":0,"Type":"alphanumeric","Value":"39","CategoryFeatureId":"949645","CategoryFeatureGroupID":"17164","SortNo":"144","PresentationValue":"39","RawValue":"39","LocalValue":"39","Description":"","Mandatory":"0","Searchable":"0","Optional":"0","Feature":{"ID":"47506","Sign":"","Measure":{"ID":"29","Sign":"","Signs":{"ID":"","_":"","Language":"EN"}},"Name":{"Value":"Size (EU)","Language":"EN"}}},{"Localized":0,"ID":835246178,"LocalID":0,"Type":"alphanumeric","Value":"9","CategoryFeatureId":"949647","CategoryFeatureGroupID":"17164","SortNo":"142","PresentationValue":"9","RawValue":"9","LocalValue":"9","Description":"","Mandatory":"0","Searchable":"0","Optional":"0","Feature":{"ID":"47767","Sign":"","Measure":{"ID":"29","Sign":"","Signs":{"ID":"","_":"","Language":"EN"}},"Name":{"Value":"Women's size (US)","Language":"EN"}}},{"Localized":0,"ID":835246182,"LocalID":0,"Type":"alphanumeric","Value":"26","CategoryFeatureId":"949648","CategoryFeatureGroupID":"17164","SortNo":"141","PresentationValue":"26 cm","RawValue":"26","LocalValue":"26","Description":"","Mandatory":"0","Searchable":"0","Optional":"0","Feature":{"ID":"47528","Sign":"","Measure":{"ID":"34","Sign":"","Signs":{"ID":"18","_":"cm","Language":"EN"}},"Name":{"Value":"Size (length)","Language":"EN"}}},{"Localized":0,"ID":835229220,"LocalID":0,"Type":"multi_dropdown","Value":"Lace-up closure","CategoryFeatureId":"333640","CategoryFeatureGroupID":"17164","SortNo":"115","PresentationValue":"Lace-up closure","RawValue":"Lace-up closure","LocalValue":"Lace-up closure","Description":"","Mandatory":"0","Searchable":"0","Optional":"0","Feature":{"ID":"41034","Sign":"","Measure":{"ID":"29","Sign":"","Signs":{"ID":"","_":"","Language":"EN"}},"Name":{"Value":"Footwear closure type","Language":"EN"}}},{"Localized":0,"ID":835245961,"LocalID":0,"Type":"numerical","Value":"50","CategoryFeatureId":"333641","CategoryFeatureGroupID":"17164","SortNo":"110","PresentationValue":"5 cm","RawValue":"50","LocalValue":"5","Description":"","Mandatory":"0","Searchable":"0","Optional":"0","Feature":{"ID":"41066","Sign":"","Measure":{"ID":"24","Sign":"","Signs":{"ID":"3","_":"mm","Language":"EN"}},"Name":{"Value":"Stack height (heel)","Language":"EN"}}},{"Localized":0,"ID":835245944,"LocalID":0,"Type":"y_n","Value":"Y","CategoryFeatureId":"333626","CategoryFeatureGroupID":"17164","SortNo":"97","PresentationValue":"Yes","RawValue":"Y","LocalValue":"Yes","Description":"","Mandatory":"0","Searchable":"0","Optional":"0","Feature":{"ID":"41065","Sign":"","Measure":{"ID":"26","Sign":"","Signs":{"ID":"","_":"","Language":"EN"}},"Name":{"Value":"Cushioned insole","Language":"EN"}}},{"Localized":0,"ID":835245939,"LocalID":0,"Type":"y_n","Value":"Y","CategoryFeatureId":"333636","CategoryFeatureGroupID":"17164","SortNo":"24","PresentationValue":"Yes","RawValue":"Y","LocalValue":"Yes","Description":"","Mandatory":"0","Searchable":"0","Optional":"0","Feature":{"ID":"37428","Sign":"","Measure":{"ID":"26","Sign":"","Signs":{"ID":"","_":"","Language":"EN"}},"Name":{"Value":"Vegan friendly","Language":"EN"}}},{"Localized":0,"ID":835325900,"LocalID":0,"Type":"y_n","Value":"Y","CategoryFeatureId":"158340","CategoryFeatureGroupID":"17164","SortNo":"15","PresentationValue":"Yes","RawValue":"Y","LocalValue":"Yes","Description":"","Mandatory":"0","Searchable":"0","Optional":"0","Feature":{"ID":"21062","Sign":"","Measure":{"ID":"26","Sign":"","Signs":{"ID":"","_":"","Language":"EN"}},"Name":{"Value":"Breathable","Language":"EN"}}}]},{"ID":34344,"SortNo":"40","FeatureGroup":{"ID":"119","Name":{"Value":"Material","Language":"EN"}},"Features":[{"Localized":0,"ID":835245953,"LocalID":0,"Type":"multi_dropdown","Value":"Memory foam","CategoryFeatureId":"158218","CategoryFeatureGroupID":"34344","SortNo":"245","PresentationValue":"Memory foam","RawValue":"Memory foam","LocalValue":"Memory foam","Description":"What the sole layer inside the shoe is made of. Differing in terms of e.g. firmness and breathability.","Mandatory":"0","Searchable":"0","Optional":"0","Feature":{"ID":"25407","Sign":"","Measure":{"ID":"29","Sign":"","Signs":{"ID":"","_":"","Language":"EN"}},"Name":{"Value":"Insole material","Language":"EN"}}},{"Localized":0,"ID":835245950,"LocalID":0,"Type":"multi_dropdown","Value":"Mesh","CategoryFeatureId":"196763","CategoryFeatureGroupID":"34344","SortNo":"200","PresentationValue":"Mesh","RawValue":"Mesh","LocalValue":"Mesh","Description":"The material the upper part of the shoe is made of, e.g. leather, canvas or mesh.","Mandatory":"1","Searchable":"0","Optional":"0","Feature":{"ID":"29975","Sign":"","Measure":{"ID":"29","Sign":"","Signs":{"ID":"","_":"","Language":"EN"}},"Name":{"Value":"Upper material","Language":"EN"}}}]},{"ID":78451,"SortNo":"30","FeatureGroup":{"ID":"270","Name":{"Value":"Care information","Language":"EN"}},"Features":[{"Localized":0,"ID":835245926,"LocalID":0,"Type":"y_n","Value":"Y","CategoryFeatureId":"158614","CategoryFeatureGroupID":"78451","SortNo":"7","PresentationValue":"Yes","RawValue":"Y","LocalValue":"Yes","Description":"The product can be washed in the washing machine without being damaged.","Mandatory":"0","Searchable":"0","Optional":"0","Feature":{"ID":"5516","Sign":"","Measure":{"ID":"26","Sign":"","Signs":{"ID":"","_":"","Language":"EN"}},"Name":{"Value":"Washable","Language":"EN"}}},{"Localized":0,"ID":835245928,"LocalID":0,"Type":"dropdown","Value":"Machine wash","CategoryFeatureId":"685105","CategoryFeatureGroupID":"78451","SortNo":"7","PresentationValue":"Machine wash","RawValue":"Machine wash","LocalValue":"Machine wash","Description":"","Mandatory":"0","Searchable":"0","Optional":"0","Feature":{"ID":"42578","Sign":"","Measure":{"ID":"29","Sign":"","Signs":{"ID":"","_":"","Language":"EN"}},"Name":{"Value":"Washing instruction","Language":"EN"}}}]}],"FeatureLogos":[],"ReasonsToBuy":[{"ReasonToBuyID":"93074662","Value":"Skechers Air-Cooled Memory Foam® can provide pressure relief, instant comfort, and breathability.","HighPic":"https://inishop.com/img/bullets/134703554-68bff4bbaac4c370172485.jpg","HighPicSize":"0","No":"1","Title":"Air-Cooled Memory Foam","Language":"EN","Updated":"2025-09-09 11:34:51","Origin":"RTB","IsPrivate":"0"},{"ReasonToBuyID":"93074663","Value":"SLIP IN™ to pure comfort and convenience with Skechers Hands Free Slip-ins®. Easy-wear shoes designed with our Heel Pillow® that holds your foot securely in place.","HighPic":"https://inishop.com/img/bullets/134703554-68bff4c6a4f41410380334.jpg","HighPicSize":"0","No":"2","Title":"Skechers Hands Free Slip-Ins","Language":"EN","Updated":"2025-09-09 11:35:02","Origin":"RTB","IsPrivate":"0"},{"ReasonToBuyID":"93074664","Value":"Experience well-cushioned, lightweight comfort and exceptional support with Skechers Max Cushioning®.","HighPic":"https://inishop.com/img/bullets/134703554-68bff4d3a60d7142971579.jpg","HighPicSize":"0","No":"3","Title":"Max Cushioning","Language":"EN","Updated":"2025-09-09 11:35:15","Origin":"RTB","IsPrivate":"0"},{"ReasonToBuyID":"93074665","Value":"Great for physical activities, our lightweight ULTRA GO® cushioning provides a responsive, high-rebound effect with every stride.","HighPic":"https://inishop.com/img/bullets/134703554-68bff4dd42ca9326851223.jpg","HighPicSize":"0","No":"4","Title":"Ultra Go","Language":"EN","Updated":"2025-09-09 11:35:25","Origin":"RTB","IsPrivate":"0"}],"Reviews":[],"ProductRelated":[],"CatalogObjectCloud":{},"Variants":[],"ProductStory":[],"Dictionary":{"model_name":"Product name","desc":"Description","ean_code":"EAN/UPC code","flash360":"3D tour","demo_msg_part3":"If you don't have an Icecat account, please register here for free.","repairability_index":"Repairability index","zoom_panel_init":"Original size","cat_name":"Category","product_family":"Product family","back_to_top":"Back to top","zoom_panel_out":"Zoom out","specs":"Specs","eu_product_fiche":"EU Product Fiche","reviews_head_name":"Reviews","pdf_specs":"Product Brochure","zoom_panel_in":"Zoom in","html_content":"","release_date":"Release date","demo_msg_part1":"You are using now a Demo account. Please, use your own Icecat account","demo_insert_desc":"This is a demo of a seamless insert of an Icecat LIVE product data-sheet in your website. Imagine that this responsive data-sheet is included in the product page of your webshop.","pdf_url":"User manual","prod_code":"Product code","supplier_name":"Brand","video":"Video","reasons_to_buy":"Reasons to buy","marketing_text":"Description","options_head_name":"Options","product_series":"Product series","demo_msg_part2":"your Icecat login name","link_integrate_desk":"How to integrate Icecat LIVE JavaScript.","zoom_panel_dragg":"Mouse dragging","eu_energy_label":"EU Energy Label"},"DemoAccount":false}}