{"msg":"OK","data":{"GeneralInfo":{"IcecatId":119541032,"ReleaseDate":"","EndOfLifeDate":"","Title":"Fun Factory Sundaze Mini vibrator Ambidextrous","TitleInfo":{"GeneratedIntTitle":"Fun Factory Sundaze","GeneratedLocalTitle":{"Value":"Fun Factory Sundaze Mini vibrator Ambidextrous","Language":"EN"},"BrandLocalTitle":{"Value":"","Language":"EN"}},"Brand":"Fun Factory","BrandID":"16974","BrandLogo":"","BrandInfo":{"BrandName":"Fun Factory","BrandLocalName":"","BrandLogo":""},"ProductName":"Sundaze","ProductNameInfo":{"ProductIntName":"Sundaze","ProductLocalName":{"Value":"","Language":"EN"}},"BrandPartCode":"4130000","GTIN":["4032498807089"],"Category":{"CategoryID":"7943","Name":{"Value":"Vibrators","Language":"EN"}},"ProductFamily":{},"ProductSeries":{"SeriesID":"1"},"Description":{"ID":"94795644","LongDesc":"<b>SLOWGASM</b><br>If you’re having great time, where’s the rush? Take it nice and slow, and you’ll be headed for a completely new level of intensity: the slowgasm. The idea is to break your orgasm habits and discover, step-by-step, uncharted paths to an exciting new climax. The most important thing? Just relax. Don’t overthink it—give your body time to take it all in. Be open to the new sensations and feelings.<br><br>That is what SUNDAZE is all about. This Pulse Vibe moves back and forth, slowly, gently tapping — then faster and more urgently, or with rhythmic thrusts. SUNDAZE works by delivering a completely new kind of stimulation. Unlike conventional vibrators, the Pulse Vibe stimulates three different types of nerve endings at once. It targets just the right spots with pressure and tapping that make everything tingle. The only thing to do is relax and get in the mood - the rest takes care of itself. Find out more about slowgasm & slow sex.<br><br><b>SPEND THE DAY IN BED<br></b>“Sundaze” is that feeling of relaxation and openness that you get on long, lazy Sunday afternoons. The first time we felt the SUNDAZE vibe, we knew that’s what we had to call it. With fifteen varied sensations to choose from, this toy just begs to be played with for hours at a time, while you explore every possible way to make yourself feel awesome.<br><br><b>WHAT MAKES SUNDAZE SPECIAL?<br></b>It’s not just a vibrator: it’s a Pulse Vibe. SUNDAZE uses patented new technology to move not just from zingy to rumbling vibration, but also to light tapping that turns you on like nothing else, pulsing and stroking motions, and hands-free thrusting for internal or external massage. This thrusting vibrator is good for sensitive people and also for power lovers, a combination you hardly ever see. You’ve literally never felt anything like it before, and it feels freaking amazing.<br><br>As a bonus, you can save your favorite setting, so SUNDAZE starts with it every time, and if you accidentally turn the toy off during play, just turn it back on within 15 seconds to return to the same setting. In addition, you can use the practical travel lock for transport and discreet storage.<br><br><b>WILL ALL THOSE NEW SENSATIONS MAKE ME DEPENDENT ON THE SUNDAZE?<br></b>Quite the opposite! Vibrators aren’t inherently habit-forming; it’s just that people tend to use them the same way, on the same setting, over and over again, every single time. This pulsating vibrator gives you so many ways to play, with so many different kinds of sensations, that you’re in no danger of habituating your body to the toy. In fact, SUNDAZE’s arousal-boosting settings prime your body to feel good in any way you want, with or without the toy! After using it, sex with a partner actually feels more intense, not less.<br><br><b>CAN I USE THIS THRUSTING VIBRATOR WITH A PARTNER?<br></b>Absolutely! SUNDAZE is an especially great toy for someone who wants to get turned on more easily with a partner or who’s noticed a change in their arousal due to age or stress. Try the tapping and pulsing settings, which help awaken your nerve endings and boost blood flow, making you feel more aroused and more sensitive.","LongProductName":"Sundaze, Ø 3.5 - 17.5 cm, 216 g, Fuchsia Pink","MiddleDesc":"","Disclaimer":"","ManualPDFURL":"","ManualPDFSize":"0","LeafletPDFURL":"","PDFSize":"0","URL":"https://en.funfactory.com/products/sundaze","WarrantyInfo":"","Updated":"2025-09-09 09:21:09","Language":"EN"},"SummaryDescription":{"ShortSummaryDescription":"Fun Factory Sundaze, Mini vibrator, Clitoral stimulation, Vaginal stimulation, Pink, Straight, Ambidextrous, Buttons","LongSummaryDescription":"Fun Factory Sundaze. Product type: Mini vibrator, Stimulation type: Clitoral stimulation, Vaginal stimulation, Product colour: Pink. Battery type: Built-in battery, Operating time: 3 h, Charging time: 5 h. Length: 175 mm, Diameter: 3.5 cm, Weight: 216 g. Quantity per pack: 1 pc(s)"},"BulletPoints":{"BulletPointsId":"9377423","Language":"EN","Values":["New technology: increasing arousal in exciting new ways for unmistakably more intense orgasms","Zingy or rumbling vibration, stroking, fluttering, hands-free thrusting, and more","Stimulates nerve endings other vibrators can’t, for new sensations","Curated combination settings, so you can lie back and enjoy"],"Updated":"2024-03-31 17:19:24"},"GeneratedBulletPoints":{},"GTINs":[{"GTIN":"4032498807089","IsApproved":true}]},"Image":{"HighPic":"https://inishop.com/img/gallery/943497a8a5224318134bc079fe49255de45de63c.jpg","HighPicSize":"66235","HighPicHeight":"783","HighPicWidth":"228","LowPic":"https://inishop.com/img/gallery_lows/9f22a68c44afea23f0d1094ea6e639b206b3ae15.jpg","LowPicSize":"8009","LowPicHeight":"200","LowPicWidth":"58","Pic500x500":"https://inishop.com/img/gallery_mediums/2b4dbfadd59a10993fbada6f9bed98da66c8fe1c.jpg","Pic500x500Size":"31855","Pic500x500Height":"500","Pic500x500Width":"146","ThumbPic":"https://inishop.com/img/gallery_thumbs/ec4d333ab20559136b4e13bdbae98363c6f438a2.jpg","ThumbPicSize":"2830"},"Multimedia":[],"Gallery":[{"ID":"117094579","LowPic":"https://inishop.com/img/gallery_lows/9f22a68c44afea23f0d1094ea6e639b206b3ae15.jpg","LowSize":"8009","LowHeight":"200","LowWidth":"58","ThumbPic":"https://inishop.com/img/gallery_thumbs/ec4d333ab20559136b4e13bdbae98363c6f438a2.jpg","ThumbPicSize":"2830","Pic":"https://inishop.com/img/gallery/943497a8a5224318134bc079fe49255de45de63c.jpg","Size":"66235","PicHeight":"783","PicWidth":"228","Pic500x500":"https://inishop.com/img/gallery_mediums/2b4dbfadd59a10993fbada6f9bed98da66c8fe1c.jpg","Pic500x500Size":"31855","Pic500x500Height":"500","Pic500x500Width":"146","No":"1","IsMain":"Y","Updated":"2025-09-10 16:41:12","IsPrivate":"0","Type":"ProductImage","Attributes":{"OriginalFileName":""}},{"ID":"89170560","LowPic":"https://inishop.com/img/gallery_lows/6a3bca50a64331807f728feabe1305fd3216584a.jpg","LowSize":"14167","LowHeight":"200","LowWidth":"200","ThumbPic":"https://inishop.com/img/gallery_thumbs/051cb1728345f23d7293470655dec9eb199d0ad3.jpg","ThumbPicSize":"3887","Pic":"https://inishop.com/img/gallery/62b247718b9dc9e2297613ce1d467ddf0fd4dfc2.jpg","Size":"105768","PicHeight":"1080","PicWidth":"1080","Pic500x500":"https://inishop.com/img/gallery_mediums/a89a56b8e16e62d1ee5cc4c3903e6738bad193bd.jpg","Pic500x500Size":"58462","Pic500x500Height":"500","Pic500x500Width":"500","No":"2","IsMain":"N","Updated":"2025-09-09 09:18:44","IsPrivate":"0","Type":"LifestyleImage","Attributes":{"OriginalFileName":""}},{"ID":"89170563","LowPic":"https://inishop.com/img/gallery_lows/96eb73e2c98f3dd4b41d13e9af709bfcfb6abe6d.jpg","LowSize":"8663","LowHeight":"200","LowWidth":"200","ThumbPic":"https://inishop.com/img/gallery_thumbs/844b56406e4651685c0ee4a1d7523910f38bbd50.jpg","ThumbPicSize":"2633","Pic":"https://inishop.com/img/gallery/803735162b281bd1a9240d2290b74e3c1c384a8a.jpg","Size":"55723","PicHeight":"1080","PicWidth":"1080","Pic500x500":"https://inishop.com/img/gallery_mediums/24e02a3f55636fd462d1dea2370d053eb529b6f2.jpg","Pic500x500Size":"32092","Pic500x500Height":"500","Pic500x500Width":"500","No":"3","IsMain":"N","Updated":"2025-09-09 09:18:37","IsPrivate":"0","Type":"ProductImage","Attributes":{"OriginalFileName":""}},{"ID":"89170564","LowPic":"https://inishop.com/img/gallery_lows/e3392173dfd0038bbc27e31aeb427f82c58d983e.jpg","LowSize":"9148","LowHeight":"200","LowWidth":"200","ThumbPic":"https://inishop.com/img/gallery_thumbs/f8a7513615cea8e9826ed33fd69aa2c80fc12bb8.jpg","ThumbPicSize":"2518","Pic":"https://inishop.com/img/gallery/29342c21ae27cebe43d7c56092b172226425e342.jpg","Size":"84583","PicHeight":"1080","PicWidth":"1080","Pic500x500":"https://inishop.com/img/gallery_mediums/6bc0df28740b6abaf35fd7556ac928dc8c57ca4f.jpg","Pic500x500Size":"41487","Pic500x500Height":"500","Pic500x500Width":"500","No":"4","IsMain":"N","Updated":"2025-09-09 09:18:37","IsPrivate":"0","Type":"ProductImage","Attributes":{"OriginalFileName":""}},{"ID":"89170566","LowPic":"https://inishop.com/img/gallery_lows/8b3279a9259587d1f5c7a9b6b6183aae91bf3848.jpg","LowSize":"23902","LowHeight":"200","LowWidth":"200","ThumbPic":"https://inishop.com/img/gallery_thumbs/6253511e5e0b78edd7255f29453dd209c13afe84.jpg","ThumbPicSize":"5286","Pic":"https://inishop.com/img/gallery/64059c925bbaba346de1e82fdcc8978df902f89c.jpg","Size":"306563","PicHeight":"1080","PicWidth":"1080","Pic500x500":"https://inishop.com/img/gallery_mediums/d43d04652a1490188ead5bb3ff6219a26c1656b4.jpg","Pic500x500Size":"121805","Pic500x500Height":"500","Pic500x500Width":"500","No":"5","IsMain":"N","Updated":"2025-09-09 09:18:37","IsPrivate":"0","Type":"ProductImage","Attributes":{"OriginalFileName":""}},{"ID":"117094594","LowPic":"https://inishop.com/img/gallery_lows/a4d3a0be73e777e27a494cf6bf1a5df1a0373a43.jpg","LowSize":"30567","LowHeight":"200","LowWidth":"200","ThumbPic":"https://inishop.com/img/gallery_thumbs/4a07035bfb778decf9ef2b41d979abd4d9eaff2a.jpg","ThumbPicSize":"7571","Pic":"https://inishop.com/img/gallery/e8c2f73c158f1fcca33615263bd0662ad4ae05bb.jpg","Size":"279774","PicHeight":"1000","PicWidth":"1000","Pic500x500":"https://inishop.com/img/gallery_mediums/7b32655be194fd39acb5fc0e115699d40f7493e1.jpg","Pic500x500Size":"112537","Pic500x500Height":"500","Pic500x500Width":"500","No":"6","IsMain":"N","Updated":"2025-09-09 09:20:49","IsPrivate":"0","Type":"PackageContents","Attributes":{"OriginalFileName":""}},{"ID":"89170567","LowPic":"https://inishop.com/img/gallery_lows/596265eb5467ffc0ea3378b696d8df7dc620f911.jpg","LowSize":"20498","LowHeight":"200","LowWidth":"200","ThumbPic":"https://inishop.com/img/gallery_thumbs/15d76d4d94c1a67427a32a972397403945f6b6e8.jpg","ThumbPicSize":"4887","Pic":"https://inishop.com/img/gallery/3f592a35627975f065c2bab5d993a367abd829e8.jpg","Size":"170398","PicHeight":"1080","PicWidth":"1080","Pic500x500":"https://inishop.com/img/gallery_mediums/ae74db2eafacfb01f44022fa8465e92fee9815fc.jpg","Pic500x500Size":"89091","Pic500x500Height":"500","Pic500x500Width":"500","No":"7","IsMain":"N","Updated":"2025-09-09 09:20:49","IsPrivate":"0","Type":"ProductPackagingImage","Attributes":{"OriginalFileName":""}}],"FeaturesGroups":[{"ID":28803,"SortNo":"30","FeatureGroup":{"ID":"185","Name":{"Value":"Features","Language":"EN"}},"Features":[{"Localized":0,"ID":631848305,"LocalID":0,"Type":"dropdown","Value":"Mini vibrator","CategoryFeatureId":"808782","CategoryFeatureGroupID":"28803","SortNo":"150","PresentationValue":"Mini vibrator","RawValue":"Mini vibrator","LocalValue":"Mini vibrator","Description":"The sub-category of the product.","Mandatory":"1","Searchable":"1","Optional":"0","Feature":{"ID":"14052","Sign":"","Measure":{"ID":"29","Sign":"","Signs":{"ID":"","_":"","Language":"EN"}},"Name":{"Value":"Product type","Language":"EN"}}},{"Localized":0,"ID":631848579,"LocalID":0,"Type":"dropdown","Value":"Straight","CategoryFeatureId":"270233","CategoryFeatureGroupID":"28803","SortNo":"100","PresentationValue":"Straight","RawValue":"Straight","LocalValue":"Straight","Description":"The external form, contours, or outline of the product.","Mandatory":"0","Searchable":"0","Optional":"0","Feature":{"ID":"9397","Sign":"","Measure":{"ID":"29","Sign":"","Signs":{"ID":"","_":"","Language":"EN"}},"Name":{"Value":"Shape","Language":"EN"}}},{"Localized":0,"ID":631848544,"LocalID":0,"Type":"dropdown","Value":"Clitoral stimulation,Vaginal stimulation","CategoryFeatureId":"808780","CategoryFeatureGroupID":"28803","SortNo":"100","PresentationValue":"Clitoral stimulation, Vaginal stimulation","RawValue":"Clitoral stimulation,Vaginal stimulation","LocalValue":"Clitoral stimulation, Vaginal stimulation","Description":"","Mandatory":"1","Searchable":"1","Optional":"0","Feature":{"ID":"44730","Sign":"","Measure":{"ID":"29","Sign":"","Signs":{"ID":"","_":"","Language":"EN"}},"Name":{"Value":"Stimulation type","Language":"EN"}}},{"Localized":0,"ID":631848654,"LocalID":0,"Type":"dropdown","Value":"Ambidextrous","CategoryFeatureId":"315245","CategoryFeatureGroupID":"28803","SortNo":"68","PresentationValue":"Ambidextrous","RawValue":"Ambidextrous","LocalValue":"Ambidextrous","Description":"The design allows to draw the gun with the right or left hand or both (ambidextrous).","Mandatory":"0","Searchable":"0","Optional":"0","Feature":{"ID":"21183","Sign":"","Measure":{"ID":"29","Sign":"","Signs":{"ID":"","_":"","Language":"EN"}},"Name":{"Value":"Hand orientation","Language":"EN"}}},{"Localized":0,"ID":631848655,"LocalID":0,"Type":"multi_dropdown","Value":"Buttons","CategoryFeatureId":"315247","CategoryFeatureGroupID":"28803","SortNo":"45","PresentationValue":"Buttons","RawValue":"Buttons","LocalValue":"Buttons","Description":"The way in which the device is controlled.","Mandatory":"0","Searchable":"0","Optional":"0","Feature":{"ID":"2651","Sign":"","Measure":{"ID":"29","Sign":"","Signs":{"ID":"","_":"","Language":"EN"}},"Name":{"Value":"Control type","Language":"EN"}}},{"Localized":0,"ID":631848687,"LocalID":0,"Type":"numerical","Value":"4","CategoryFeatureId":"315239","CategoryFeatureGroupID":"28803","SortNo":"40","PresentationValue":"4","RawValue":"4","LocalValue":"4","Description":"The different speeds that the device can operate at.","Mandatory":"0","Searchable":"0","Optional":"0","Feature":{"ID":"2594","Sign":"","Measure":{"ID":"29","Sign":"","Signs":{"ID":"","_":"","Language":"EN"}},"Name":{"Value":"Number of speeds","Language":"EN"}}},{"Localized":0,"ID":631848688,"LocalID":0,"Type":"numerical","Value":"10","CategoryFeatureId":"315240","CategoryFeatureGroupID":"28803","SortNo":"40","PresentationValue":"10","RawValue":"10","LocalValue":"10","Description":"","Mandatory":"0","Searchable":"0","Optional":"0","Feature":{"ID":"34368","Sign":"","Measure":{"ID":"29","Sign":"","Signs":{"ID":"","_":"","Language":"EN"}},"Name":{"Value":"Number of patterns","Language":"EN"}}},{"Localized":0,"ID":631848689,"LocalID":0,"Type":"y_n","Value":"Y","CategoryFeatureId":"270246","CategoryFeatureGroupID":"28803","SortNo":"35","PresentationValue":"Yes","RawValue":"Y","LocalValue":"Yes","Description":"The product is protected from water, staying dry if liquid is spilt on it or it gets wet in the rain.","Mandatory":"0","Searchable":"0","Optional":"0","Feature":{"ID":"7509","Sign":"","Measure":{"ID":"26","Sign":"","Signs":{"ID":"","_":"","Language":"EN"}},"Name":{"Value":"Waterproof","Language":"EN"}}},{"Localized":0,"ID":631848720,"LocalID":0,"Type":"dropdown","Value":"Matt","CategoryFeatureId":"315569","CategoryFeatureGroupID":"28803","SortNo":"30","PresentationValue":"Matt","RawValue":"Matt","LocalValue":"Matt","Description":"The way that a product is finished e.g. a matt or gloss finish.","Mandatory":"0","Searchable":"0","Optional":"0","Feature":{"ID":"2254","Sign":"","Measure":{"ID":"29","Sign":"","Signs":{"ID":"","_":"","Language":"EN"}},"Name":{"Value":"Finish type","Language":"EN"}}},{"Localized":0,"ID":631848751,"LocalID":0,"Type":"y_n","Value":"Y","CategoryFeatureId":"315241","CategoryFeatureGroupID":"28803","SortNo":"29","PresentationValue":"Yes","RawValue":"Y","LocalValue":"Yes","Description":"","Mandatory":"0","Searchable":"0","Optional":"0","Feature":{"ID":"4220","Sign":"","Measure":{"ID":"26","Sign":"","Signs":{"ID":"","_":"","Language":"EN"}},"Name":{"Value":"Battery charge indicator","Language":"EN"}}},{"Localized":0,"ID":631848577,"LocalID":0,"Type":"multi_dropdown","Value":"Pink","CategoryFeatureId":"270236","CategoryFeatureGroupID":"28803","SortNo":"0","PresentationValue":"Pink","RawValue":"Pink","LocalValue":"Pink","Description":"The colour e.g. red, blue, green, black, white.","Mandatory":"1","Searchable":"1","Optional":"0","Feature":{"ID":"1766","Sign":"","Measure":{"ID":"29","Sign":"","Signs":{"ID":"","_":"","Language":"EN"}},"Name":{"Value":"Product colour","Language":"EN"}}}]},{"ID":28805,"SortNo":"25","FeatureGroup":{"ID":"143","Name":{"Value":"Battery","Language":"EN"}},"Features":[{"Localized":0,"ID":631848782,"LocalID":0,"Type":"dropdown","Value":"Built-in battery","CategoryFeatureId":"270240","CategoryFeatureGroupID":"28805","SortNo":"170","PresentationValue":"Built-in battery","RawValue":"Built-in battery","LocalValue":"Built-in battery","Description":"Description of battery supplied with the product, such battery form factor (e.g. AA/AAA).","Mandatory":"1","Searchable":"0","Optional":"0","Feature":{"ID":"908","Sign":"","Measure":{"ID":"29","Sign":"","Signs":{"ID":"","_":"","Language":"EN"}},"Name":{"Value":"Battery type","Language":"EN"}}},{"Localized":0,"ID":631848783,"LocalID":0,"Type":"numerical","Value":"3","CategoryFeatureId":"270237","CategoryFeatureGroupID":"28805","SortNo":"19","PresentationValue":"3 h","RawValue":"3","LocalValue":"3","Description":"The length of time which the product can be operated for.","Mandatory":"0","Searchable":"0","Optional":"0","Feature":{"ID":"8305","Sign":"","Measure":{"ID":"46","Sign":"","Signs":{"ID":"30","_":"h","Language":"EN"}},"Name":{"Value":"Operating time","Language":"EN"}}},{"Localized":0,"ID":631848784,"LocalID":0,"Type":"numerical","Value":"5","CategoryFeatureId":"270238","CategoryFeatureGroupID":"28805","SortNo":"19","PresentationValue":"5 h","RawValue":"5","LocalValue":"5","Description":"The amount of time needed to charge the product.","Mandatory":"0","Searchable":"0","Optional":"0","Feature":{"ID":"4087","Sign":"","Measure":{"ID":"46","Sign":"","Signs":{"ID":"30","_":"h","Language":"EN"}},"Name":{"Value":"Charging time","Language":"EN"}}}]},{"ID":28807,"SortNo":"15","FeatureGroup":{"ID":"14","Name":{"Value":"Weight & dimensions","Language":"EN"}},"Features":[{"Localized":0,"ID":631848815,"LocalID":0,"Type":"numerical","Value":"175","CategoryFeatureId":"270247","CategoryFeatureGroupID":"28807","SortNo":"49","PresentationValue":"175 mm","RawValue":"175","LocalValue":"175","Description":"The measurement or extent of something from end to end.","Mandatory":"1","Searchable":"0","Optional":"0","Feature":{"ID":"2738","Sign":"","Measure":{"ID":"24","Sign":"","Signs":{"ID":"3","_":"mm","Language":"EN"}},"Name":{"Value":"Length","Language":"EN"}}},{"Localized":0,"ID":631848846,"LocalID":0,"Type":"numerical","Value":"35","CategoryFeatureId":"270248","CategoryFeatureGroupID":"28807","SortNo":"47","PresentationValue":"3.5 cm","RawValue":"35","LocalValue":"3.5","Description":"Distance from one side of a body (circle or sphere) to the other side, measured by a straight line passing through the centre of the body.","Mandatory":"0","Searchable":"0","Optional":"0","Feature":{"ID":"2931","Sign":"","Measure":{"ID":"24","Sign":"","Signs":{"ID":"3","_":"mm","Language":"EN"}},"Name":{"Value":"Diameter","Language":"EN"}}},{"Localized":0,"ID":631848847,"LocalID":0,"Type":"numerical","Value":"216","CategoryFeatureId":"315246","CategoryFeatureGroupID":"28807","SortNo":"11","PresentationValue":"216 g","RawValue":"216","LocalValue":"216","Description":"Weight of the product without packaging (net weight). If possible, the net weight is given including standard accessories and supplies. Please note that sometimes the manufacturer leaves out the weight of accessories and/or supplies.","Mandatory":"0","Searchable":"0","Optional":"0","Feature":{"ID":"94","Sign":"","Measure":{"ID":"38","Sign":"","Signs":{"ID":"22","_":"g","Language":"EN"}},"Name":{"Value":"Weight","Language":"EN"}}}]},{"ID":28804,"SortNo":"10","FeatureGroup":{"ID":"116","Name":{"Value":"Packaging content","Language":"EN"}},"Features":[{"Localized":0,"ID":631848848,"LocalID":0,"Type":"numerical","Value":"1","CategoryFeatureId":"660396","CategoryFeatureGroupID":"28804","SortNo":"500","PresentationValue":"1 pc(s)","RawValue":"1","LocalValue":"1","Description":"","Mandatory":"0","Searchable":"0","Optional":"0","Feature":{"ID":"20228","Sign":"","Measure":{"ID":"144","Sign":"","Signs":{"ID":"125","_":"pc(s)","Language":"EN"}},"Name":{"Value":"Quantity per pack","Language":"EN"}}}]}],"FeatureLogos":[],"ReasonsToBuy":[],"Reviews":[],"ProductRelated":[],"CatalogObjectCloud":{},"Variants":[],"ProductStory":[],"Dictionary":{"model_name":"Product name","desc":"Description","ean_code":"EAN/UPC code","flash360":"3D tour","demo_msg_part3":"If you don't have an Icecat account, please register here for free.","repairability_index":"Repairability index","zoom_panel_init":"Original size","cat_name":"Category","product_family":"Product family","back_to_top":"Back to top","zoom_panel_out":"Zoom out","specs":"Specs","eu_product_fiche":"EU Product Fiche","reviews_head_name":"Reviews","pdf_specs":"Product Brochure","zoom_panel_in":"Zoom in","html_content":"","release_date":"Release date","demo_msg_part1":"You are using now a Demo account. Please, use your own Icecat account","demo_insert_desc":"This is a demo of a seamless insert of an Icecat LIVE product data-sheet in your website. Imagine that this responsive data-sheet is included in the product page of your webshop.","pdf_url":"User manual","prod_code":"Product code","supplier_name":"Brand","video":"Video","reasons_to_buy":"Reasons to buy","marketing_text":"Description","options_head_name":"Options","product_series":"Product series","demo_msg_part2":"your Icecat login name","link_integrate_desk":"How to integrate Icecat LIVE JavaScript.","zoom_panel_dragg":"Mouse dragging","eu_energy_label":"EU Energy Label"},"DemoAccount":false}}