{"msg":"OK","data":{"GeneralInfo":{"IcecatId":120902488,"ReleaseDate":"","EndOfLifeDate":"","Title":"Philips 6000 series 49B2U6903CH/01 computer monitor 124.5 cm (49\") 5120 x 1440 pixels Dual QHD LCD Grey","TitleInfo":{"GeneratedIntTitle":"Philips 6000 series 49B2U6903CH/01 computer monitor","GeneratedLocalTitle":{"Value":"Philips 6000 series 49B2U6903CH/01 computer monitor 124.5 cm (49\") 5120 x 1440 pixels Dual QHD LCD Grey","Language":"EN"},"BrandLocalTitle":{"Value":"","Language":"EN"}},"Brand":"Philips","BrandID":"25","BrandLogo":"https://images.icecat.biz/img/brand/thumb/25_c26c0239c23244eaaccd8bb3e8990a9e.jpg","BrandInfo":{"BrandName":"Philips","BrandLocalName":"","BrandLogo":"https://images.icecat.biz/img/brand/thumb/25_c26c0239c23244eaaccd8bb3e8990a9e.jpg"},"ProductName":"49B2U6903CH/01","ProductNameInfo":{"ProductIntName":"49B2U6903CH/01","ProductLocalName":{"Value":"","Language":"EN"}},"BrandPartCode":"49B2U6903CH/01","GTIN":["8712581804770"],"Category":{"CategoryID":"222","Name":{"Value":"Computer Monitors","Language":"EN"}},"ProductFamily":{"ProductFamilyID":"64668","Value":"6000 series","Language":"EN"},"ProductSeries":{"SeriesID":"1"},"Description":{"ID":"95609682","LongDesc":"This Philips Thunderbolt™ 4 monitor is designed with everything you need for a collaborative remote workspace. Its webcam sports features such as auto-framing and a busy light for an unmatched video conferencing experience.","LongProductName":"Curved Business monitor 49B2U6903CH 32:9 SuperWide Thunderbolt™ 4 monitor","MiddleDesc":"","Disclaimer":"","ManualPDFURL":"","ManualPDFSize":"0","LeafletPDFURL":"","PDFSize":"0","URL":"https://mmdmonitors.com/","WarrantyInfo":"","Updated":"2025-08-10 23:34:36","Language":"EN"},"SummaryDescription":{"ShortSummaryDescription":"Philips 6000 series 49B2U6903CH/01, 124.5 cm (49\"), 5120 x 1440 pixels, Dual QHD, LCD, 4 ms, Grey","LongSummaryDescription":"Philips 6000 series 49B2U6903CH/01. Display diagonal: 124.5 cm (49\"), Display resolution: 5120 x 1440 pixels, HD type: Dual QHD, Display technology: LCD, Response time: 4 ms, Native aspect ratio: 32:9, Viewing angle, horizontal: 178°, Viewing angle, vertical: 178°. Built-in speaker(s). Built-in USB hub, USB hub version: 3.2 Gen 2 (3.1 Gen 2). VESA mounting, Height adjustment. Product colour: Grey"},"BulletPoints":{},"GeneratedBulletPoints":{"Language":"EN","Values":["124.5 cm (49\") LCD VA","Dual QHD 5120 x 1440 pixels 32:9","100 Hz 4 ms 450 cd/m² 3000:1","F 42 kWh 41.85 W"]},"GTINs":[{"GTIN":"8712581804770","IsApproved":true}]},"Image":{"HighPic":"https://images.icecat.biz/img/gallery/956cd25889afc564ff70796b886f567cdba68590.jpg","HighPicSize":"706531","HighPicHeight":"2000","HighPicWidth":"2000","LowPic":"https://images.icecat.biz/img/gallery_lows/0f340dec2332d13c743c9ac7c1c69f8134c65a44.jpg","LowPicSize":"17985","LowPicHeight":"200","LowPicWidth":"200","Pic500x500":"https://images.icecat.biz/img/gallery_mediums/3a6b1d77bb4c7f55071b8847c7e28cf5eec2c424.jpg","Pic500x500Size":"79724","Pic500x500Height":"500","Pic500x500Width":"500","ThumbPic":"https://images.icecat.biz/img/gallery_thumbs/4fcd81703fbc2beecc34d77b05b6c79f93ccd72d.jpg","ThumbPicSize":"4214"},"Multimedia":[{"ID":"944977BE-711E-4E08-B719-DF82317B70E7","URL":"https://objects.icecat.biz/objects/mmo_120902488_1738811237_0414_2713804.pdf","Type":"other digital assets","ContentType":"application/pdf","KeepAsUrl":"0","Description":"49B2U6903CH/01_QSG_en_GB","Size":"3385476","IsPrivate":"0","Updated":"2025-02-06 04:07:17","Language":"EN","IsVideo":0},{"ID":"15ADBCD1-2BAA-425A-A53C-F129DC52BDD9","URL":"https://objects.icecat.biz/objects/mmo_120902488_1752396188_1505_291160.pdf","Type":"EU Energy Label","ContentType":"application/pdf","KeepAsUrl":"0","Description":"EU Energy Label","Size":"77125","IsPrivate":"0","Updated":"2025-08-10 23:35:12","Language":"","IsVideo":0,"EprelLink":"https://eprel.ec.europa.eu/qr/1969913","LabelType":"rescaled","ConvertedURL":"https://objects.icecat.biz/objects/120902488_65649152.jpeg","ConvertedContentType":"image/jpeg","ConvertedSize":227996,"EprelId":1969913},{"ID":"00000000-0000-0000-0000-000000000000","URL":"https://icecat.biz/rest/product-pdf?productId=120902488&lang=en","Type":"leaflet","ContentType":"application/pdf","KeepAsUrl":"0","Description":"Brochure Philips 49B2U6903CH/01","Size":"0","IsPrivate":"0","Updated":"2025-09-10 13:45:35","Language":"EN","IsVideo":0}],"Gallery":[{"ID":"117307251","LowPic":"https://images.icecat.biz/img/gallery_lows/0f340dec2332d13c743c9ac7c1c69f8134c65a44.jpg","LowSize":"17985","LowHeight":"200","LowWidth":"200","ThumbPic":"https://images.icecat.biz/img/gallery_thumbs/4fcd81703fbc2beecc34d77b05b6c79f93ccd72d.jpg","ThumbPicSize":"4214","Pic":"https://images.icecat.biz/img/gallery/956cd25889afc564ff70796b886f567cdba68590.jpg","Size":"706531","PicHeight":"2000","PicWidth":"2000","Pic500x500":"https://images.icecat.biz/img/gallery_mediums/3a6b1d77bb4c7f55071b8847c7e28cf5eec2c424.jpg","Pic500x500Size":"79724","Pic500x500Height":"500","Pic500x500Width":"500","No":"1","IsMain":"Y","Updated":"2025-09-11 22:48:46","IsPrivate":"0","Type":"ProductImage","Attributes":{"OriginalFileName":""}},{"ID":"112443189","LowPic":"https://images.icecat.biz/img/gallery_lows/2e9796ebb96e7f6ae13709132190ad1a0753f8bf.jpg","LowSize":"19673","LowHeight":"200","LowWidth":"200","ThumbPic":"https://images.icecat.biz/img/gallery_thumbs/55edc8ce4e3750534fd41ef7f04b981336af7aed.jpg","ThumbPicSize":"4784","Pic":"https://images.icecat.biz/img/gallery/3c16f0dcb0f287df7fea1f3525f0e2af762909a2.jpg","Size":"719383","PicHeight":"2000","PicWidth":"2000","Pic500x500":"https://images.icecat.biz/img/gallery_mediums/2b83848953e6a696e941d20e9151f34368868552.jpg","Pic500x500Size":"89156","Pic500x500Height":"500","Pic500x500Width":"500","No":"2","IsMain":"N","Updated":"2025-09-11 22:48:46","IsPrivate":"0","Type":"ProductImage","Attributes":{"OriginalFileName":""}},{"ID":"113005645","LowPic":"https://images.icecat.biz/img/gallery_lows/4ad63a3c332a4a8739e84e0f0d42c17c79bb19db.jpg","LowSize":"21646","LowHeight":"200","LowWidth":"200","ThumbPic":"https://images.icecat.biz/img/gallery_thumbs/9ed05d7be033ba2cb3c838ff7ebf00e02de4c885.jpg","ThumbPicSize":"4818","Pic":"https://images.icecat.biz/img/gallery/4cc9311ccf7ff1afa2f32b31fd4e5c52b203f615.jpg","Size":"817135","PicHeight":"2000","PicWidth":"2000","Pic500x500":"https://images.icecat.biz/img/gallery_mediums/493750bbc4ca4ab022e723880a05a9f8e01eceaa.jpg","Pic500x500Size":"94214","Pic500x500Height":"500","Pic500x500Width":"500","No":"3","IsMain":"N","Updated":"2025-09-11 22:48:46","IsPrivate":"0","Type":"ProductImage","Attributes":{"OriginalFileName":""}},{"ID":"113005647","LowPic":"https://images.icecat.biz/img/gallery_lows/23b093a79d2c61460f73beef1d340ce5890bf234.jpg","LowSize":"23302","LowHeight":"200","LowWidth":"200","ThumbPic":"https://images.icecat.biz/img/gallery_thumbs/362288174d3ae89f03a23d205031d317e708563a.jpg","ThumbPicSize":"5933","Pic":"https://images.icecat.biz/img/gallery/0f1ade3848e036f34a1e8a0e3c7be27ce90491b4.jpg","Size":"887865","PicHeight":"2000","PicWidth":"2000","Pic500x500":"https://images.icecat.biz/img/gallery_mediums/2cafe332d3738afe8a7e3ddf77af366ecd410bb6.jpg","Pic500x500Size":"92499","Pic500x500Height":"500","Pic500x500Width":"500","No":"4","IsMain":"N","Updated":"2025-09-11 22:48:46","IsPrivate":"0","Type":"ProductImage","Attributes":{"OriginalFileName":""}},{"ID":"113005648","LowPic":"https://images.icecat.biz/img/gallery_lows/5d0411e6968c23363fff80779bda48974296d4a7.jpg","LowSize":"11361","LowHeight":"200","LowWidth":"200","ThumbPic":"https://images.icecat.biz/img/gallery_thumbs/501c83a61eed75ed2264064d7eba619e6838cd1f.jpg","ThumbPicSize":"3230","Pic":"https://images.icecat.biz/img/gallery/02f8aa828f8f89b942f1a95ab01cea41c287537f.jpg","Size":"498111","PicHeight":"2000","PicWidth":"2000","Pic500x500":"https://images.icecat.biz/img/gallery_mediums/85c3785e680207e1c5836fdcf3b606d7bf6e4be3.jpg","Pic500x500Size":"46454","Pic500x500Height":"500","Pic500x500Width":"500","No":"5","IsMain":"N","Updated":"2025-09-11 22:48:46","IsPrivate":"0","Type":"ProductImage","Attributes":{"OriginalFileName":""}},{"ID":"92704768","LowPic":"https://images.icecat.biz/img/gallery_lows/8f0fe239ac7c3090af172373930fc857db9c4789.jpg","LowSize":"8224","LowHeight":"123","LowWidth":"200","ThumbPic":"https://images.icecat.biz/img/gallery_thumbs/c7e0632fbebd4748b683e3b87f08cf8b7af42ac2.jpg","ThumbPicSize":"2492","Pic":"https://images.icecat.biz/img/gallery/6eb95a5ba6f6872d1b327c185b8179b0706818a6.jpg","Size":"347351","PicHeight":"1181","PicWidth":"1920","Pic500x500":"https://images.icecat.biz/img/gallery_mediums/25688244a2a5f810bf3d5789a8da9e70d37dce42.jpg","Pic500x500Size":"35363","Pic500x500Height":"308","Pic500x500Width":"500","No":"6","IsMain":"N","Updated":"2025-09-11 22:48:46","IsPrivate":"0","Type":"ProductImage","Attributes":{"OriginalFileName":""}},{"ID":"108034232","LowPic":"https://images.icecat.biz/img/gallery_lows/49d2e0c5a17cec6708957558cdc4036d1faf780e.jpg","LowSize":"15646","LowHeight":"197","LowWidth":"200","ThumbPic":"https://images.icecat.biz/img/gallery_thumbs/362a11f0d969ede8319668ff97349cb8d84503ca.jpg","ThumbPicSize":"3813","Pic":"https://images.icecat.biz/img/gallery/f21ed64b94ec68a47b236127f3b07cebddf1b3ad.jpg","Size":"258599","PicHeight":"1181","PicWidth":"1200","Pic500x500":"https://images.icecat.biz/img/gallery_mediums/f2b96f9f4ba8ae43f90c3563d0ade4c682e3ea8a.jpg","Pic500x500Size":"65709","Pic500x500Height":"492","Pic500x500Width":"500","No":"7","IsMain":"N","Updated":"2025-09-11 22:48:46","IsPrivate":"0","Type":"ProductImage","Attributes":{"OriginalFileName":""}},{"ID":"108034234","LowPic":"https://images.icecat.biz/img/gallery_lows/16873509ac2412824fdd204a5370f7bc6a2ca68f.jpg","LowSize":"8423","LowHeight":"197","LowWidth":"200","ThumbPic":"https://images.icecat.biz/img/gallery_thumbs/d27090f279fbc9a20cc074f1902b38fbfb5a2d9f.jpg","ThumbPicSize":"2410","Pic":"https://images.icecat.biz/img/gallery/53c85a36f5753e0fbe7845c7c77b5885ac52a91e.jpg","Size":"124224","PicHeight":"1181","PicWidth":"1200","Pic500x500":"https://images.icecat.biz/img/gallery_mediums/640493426f7186d9ef637f4cc675ea6f55bd9af3.jpg","Pic500x500Size":"32819","Pic500x500Height":"492","Pic500x500Width":"500","No":"8","IsMain":"N","Updated":"2025-09-11 22:48:46","IsPrivate":"0","Type":"ProductImage","Attributes":{"OriginalFileName":""}},{"ID":"108034235","LowPic":"https://images.icecat.biz/img/gallery_lows/05bfe26dc34d6dca45dc4f0db1d4e8770651c900.jpg","LowSize":"19163","LowHeight":"197","LowWidth":"200","ThumbPic":"https://images.icecat.biz/img/gallery_thumbs/e32612737d7e0248e29b4ca3100b1c5dbe9afeb9.jpg","ThumbPicSize":"4307","Pic":"https://images.icecat.biz/img/gallery/790c60fa2cedef678d42f634dcfce631df19daee.jpg","Size":"321834","PicHeight":"1181","PicWidth":"1200","Pic500x500":"https://images.icecat.biz/img/gallery_mediums/955b16cdfadcc5a80f7490b5f9b3938118414e87.jpg","Pic500x500Size":"81248","Pic500x500Height":"492","Pic500x500Width":"500","No":"9","IsMain":"N","Updated":"2025-09-11 22:48:46","IsPrivate":"0","Type":"ProductImage","Attributes":{"OriginalFileName":""}},{"ID":"92589376","LowPic":"https://images.icecat.biz/img/gallery_lows/813cc3aa87caca1c5aedf86cca20102c13f5efe8.jpg","LowSize":"35073","LowHeight":"133","LowWidth":"200","ThumbPic":"https://images.icecat.biz/img/gallery_thumbs/aa40e715715f7d09b75bcfeef826cf2b955a473f.jpg","ThumbPicSize":"7744","Pic":"https://images.icecat.biz/img/gallery/4946bf384753777f1dd8792fd491bd8cad018a01.jpg","Size":"11694619","PicHeight":"4856","PicWidth":"7299","Pic500x500":"https://images.icecat.biz/img/gallery_mediums/8d8b1aaa09c534dd22880b599cb055f6018d8856.jpg","Pic500x500Size":"145517","Pic500x500Height":"333","Pic500x500Width":"500","No":"10","IsMain":"N","Updated":"2025-09-11 22:48:46","IsPrivate":"0","Type":"ProductImage","Attributes":{"OriginalFileName":""}},{"ID":"108034233","LowPic":"https://images.icecat.biz/img/gallery_lows/2fcd820746582d6c942c816b639533ede272d498.jpg","LowSize":"11462","LowHeight":"197","LowWidth":"200","ThumbPic":"https://images.icecat.biz/img/gallery_thumbs/dd36e20e41a58323d2581a324b7dac9e4bd4b7f6.jpg","ThumbPicSize":"3068","Pic":"https://images.icecat.biz/img/gallery/21ede985018419b00e78119505fd90ef787dfb0b.jpg","Size":"194884","PicHeight":"1181","PicWidth":"1200","Pic500x500":"https://images.icecat.biz/img/gallery_mediums/736ac040cf78c2759cc5e61cca183a6644bde042.jpg","Pic500x500Size":"48373","Pic500x500Height":"492","Pic500x500Width":"500","No":"11","IsMain":"N","Updated":"2025-09-11 22:48:46","IsPrivate":"0","Type":"ProductImage","Attributes":{"OriginalFileName":""}},{"ID":"108034236","LowPic":"https://images.icecat.biz/img/gallery_lows/afed984da41694bf7b2ec7c9eebcd64752c14680.jpg","LowSize":"7227","LowHeight":"200","LowWidth":"200","ThumbPic":"https://images.icecat.biz/img/gallery_thumbs/23c5f4888cce0cce0946161bafdbdeb660b3592d.jpg","ThumbPicSize":"1949","Pic":"https://images.icecat.biz/img/gallery/f36cce61246a73a01517c6f2c6fc6f9cd01d9438.jpg","Size":"92673","PicHeight":"1200","PicWidth":"1200","Pic500x500":"https://images.icecat.biz/img/gallery_mediums/b103c4cb057bce2c02d972ff08dec260aea70224.jpg","Pic500x500Size":"26875","Pic500x500Height":"500","Pic500x500Width":"500","No":"12","IsMain":"N","Updated":"2025-09-11 22:48:46","IsPrivate":"0","Type":"ProductImage","Attributes":{"OriginalFileName":""}}],"FeaturesGroups":[{"ID":100,"SortNo":"50","FeatureGroup":{"ID":"5","Name":{"Value":"Display","Language":"EN"}},"Features":[{"Localized":0,"ID":670927279,"LocalID":0,"Type":"numerical","Value":"49","CategoryFeatureId":"11608","CategoryFeatureGroupID":"100","SortNo":"1000","PresentationValue":"124.5 cm (49\")","RawValue":"49","LocalValue":"124.5","Description":"Size of the display for this product, measured diagonally, usually in inches.","Mandatory":"1","Searchable":"1","Optional":"0","Feature":{"ID":"944","Sign":"","Measure":{"ID":"16","Sign":"","Signs":{"ID":"11","_":"\"","Language":"EN"}},"Name":{"Value":"Display diagonal","Language":"EN"}}},{"Localized":0,"ID":670914720,"LocalID":0,"Type":"2d","Value":"5120 x 1440","CategoryFeatureId":"9316","CategoryFeatureGroupID":"100","SortNo":"990","PresentationValue":"5120 x 1440 pixels","RawValue":"5120 x 1440","LocalValue":"5120 x 1440","Description":"The number of distinct pixels in each dimension that can be displayed. It is usually quoted as width × height, with the units in pixels: for example, \"1024 × 768\" means the width is 1024 pixels and the height is 768 pixels. The higher the number of pixels, the sharper the image.","Mandatory":"1","Searchable":"1","Optional":"0","Feature":{"ID":"1585","Sign":"","Measure":{"ID":"39","Sign":"","Signs":{"ID":"23","_":"pixels","Language":"EN"}},"Name":{"Value":"Display resolution","Language":"EN"}}},{"Localized":0,"ID":670927316,"LocalID":0,"Type":"dropdown","Value":"Dual QHD","CategoryFeatureId":"74099","CategoryFeatureGroupID":"100","SortNo":"980","PresentationValue":"Dual QHD","RawValue":"Dual QHD","LocalValue":"Dual QHD","Description":"Type of supported High Definition (e.g. Full HD, 4K Ultra HD).","Mandatory":"1","Searchable":"0","Optional":"0","Feature":{"ID":"11424","Sign":"","Measure":{"ID":"29","Sign":"","Signs":{"ID":"","_":"","Language":"EN"}},"Name":{"Value":"HD type","Language":"EN"}}},{"Localized":0,"ID":670914718,"LocalID":0,"Type":"dropdown","Value":"32:9","CategoryFeatureId":"155124","CategoryFeatureGroupID":"100","SortNo":"970","PresentationValue":"32:9","RawValue":"32:9","LocalValue":"32:9","Description":"The aspect ratio is the ratio of the width of an image to its height. The native aspect ratio is the one which the projector/display is particularly designed for. Images shown in native aspect ratio will utilize the entire resolution of the display and achieve maximum brightness. Images shown in other than native aspect ratio will always have less resolution and less brightness than images shown in native aspect ratio.","Mandatory":"1","Searchable":"1","Optional":"0","Feature":{"ID":"11417","Sign":"","Measure":{"ID":"29","Sign":"","Signs":{"ID":"","_":"","Language":"EN"}},"Name":{"Value":"Native aspect ratio","Language":"EN"}}},{"Localized":0,"ID":670927280,"LocalID":0,"Type":"dropdown","Value":"LCD","CategoryFeatureId":"57158","CategoryFeatureGroupID":"100","SortNo":"960","PresentationValue":"LCD","RawValue":"LCD","LocalValue":"LCD","Description":"The technology used in the display e.g. plasma, LED.","Mandatory":"1","Searchable":"1","Optional":"0","Feature":{"ID":"9713","Sign":"","Measure":{"ID":"29","Sign":"","Signs":{"ID":"","_":"","Language":"EN"}},"Name":{"Value":"Display technology","Language":"EN"}}},{"Localized":0,"ID":670927335,"LocalID":0,"Type":"dropdown","Value":"VA","CategoryFeatureId":"255240","CategoryFeatureGroupID":"100","SortNo":"950","PresentationValue":"VA","RawValue":"VA","LocalValue":"VA","Description":"","Mandatory":"1","Searchable":"0","Optional":"0","Feature":{"ID":"15285","Sign":"","Measure":{"ID":"29","Sign":"","Signs":{"ID":"","_":"","Language":"EN"}},"Name":{"Value":"Panel type","Language":"EN"}}},{"Localized":0,"ID":670927336,"LocalID":0,"Type":"y_n","Value":"Y","CategoryFeatureId":"920723","CategoryFeatureGroupID":"100","SortNo":"941","PresentationValue":"Yes","RawValue":"Y","LocalValue":"Yes","Description":"A backlight is a form of illumination used in liquid crystal displays (LCDs). One type of backlight is made by LEDs, which can be either white or RGB (red green blue). White LEDs are used most often in notebooks and desktop screens, and in virtually all mobile LCD screens. RGB LEDs for backlighting are found in high-end color proofing displays such as HP DreamColor LP2480zx monitor or selected HP EliteBook notebooks, as well as newer consumer grade displays such as Dell's Studio series laptops which have an optional RGB LED display.","Mandatory":"0","Searchable":"0","Optional":"0","Feature":{"ID":"6784","Sign":"","Measure":{"ID":"26","Sign":"","Signs":{"ID":"","_":"","Language":"EN"}},"Name":{"Value":"LED backlight","Language":"EN"}}},{"Localized":0,"ID":670927337,"LocalID":0,"Type":"dropdown","Value":"W-LED","CategoryFeatureId":"57198","CategoryFeatureGroupID":"100","SortNo":"940","PresentationValue":"W-LED","RawValue":"W-LED","LocalValue":"W-LED","Description":"","Mandatory":"0","Searchable":"0","Optional":"0","Feature":{"ID":"7369","Sign":"","Measure":{"ID":"29","Sign":"","Signs":{"ID":"","_":"","Language":"EN"}},"Name":{"Value":"Backlight type","Language":"EN"}}},{"Localized":0,"ID":670927418,"LocalID":0,"Type":"numerical","Value":"500","CategoryFeatureId":"255213","CategoryFeatureGroupID":"100","SortNo":"890","PresentationValue":"500 cd/m²","RawValue":"500","LocalValue":"500","Description":"","Mandatory":"0","Searchable":"0","Optional":"0","Feature":{"ID":"36440","Sign":"","Measure":{"ID":"43","Sign":"","Signs":{"ID":"27","_":"cd/m²","Language":"EN"}},"Name":{"Value":"Display brightness (peak)","Language":"EN"}}},{"Localized":0,"ID":670927419,"LocalID":0,"Type":"numerical","Value":"450","CategoryFeatureId":"255214","CategoryFeatureGroupID":"100","SortNo":"880","PresentationValue":"450 cd/m²","RawValue":"450","LocalValue":"450","Description":"Display brightness, measured by its Luminance, presented as a figure in nits. Typical brightness ratings for monitors range from 250 to 350 nits with a target value of between 80 to 120 nits being suitable for most displays in a normal viewing environment.","Mandatory":"0","Searchable":"0","Optional":"0","Feature":{"ID":"36441","Sign":"","Measure":{"ID":"43","Sign":"","Signs":{"ID":"27","_":"cd/m²","Language":"EN"}},"Name":{"Value":"Display brightness (typical)","Language":"EN"}}},{"Localized":0,"ID":670927421,"LocalID":0,"Type":"numerical","Value":"4","CategoryFeatureId":"5285","CategoryFeatureGroupID":"100","SortNo":"870","PresentationValue":"4 ms","RawValue":"4","LocalValue":"4","Description":"The response time is the time difference between the moment that a source (for example a video card) sends a signal and that equipment (for example a monitor) receives or display the signal. (Used abbreviations: R/F = Rise and Fall.)","Mandatory":"1","Searchable":"0","Optional":"0","Feature":{"ID":"1516","Sign":"","Measure":{"ID":"27","Sign":"","Signs":{"ID":"1","_":"ms","Language":"EN"}},"Name":{"Value":"Response time","Language":"EN"}}},{"Localized":0,"ID":670927440,"LocalID":0,"Type":"y_n","Value":"Y","CategoryFeatureId":"594924","CategoryFeatureGroupID":"100","SortNo":"850","PresentationValue":"Yes","RawValue":"Y","LocalValue":"Yes","Description":"Always gives an optimal view, even in direct sunlight.","Mandatory":"0","Searchable":"0","Optional":"0","Feature":{"ID":"10443","Sign":"","Measure":{"ID":"26","Sign":"","Signs":{"ID":"","_":"","Language":"EN"}},"Name":{"Value":"Anti-glare screen","Language":"EN"}}},{"Localized":0,"ID":670927441,"LocalID":0,"Type":"dropdown","Value":"Curved screen","CategoryFeatureId":"133269","CategoryFeatureGroupID":"100","SortNo":"840","PresentationValue":"Curved","RawValue":"Curved screen","LocalValue":"Curved","Description":"","Mandatory":"1","Searchable":"0","Optional":"0","Feature":{"ID":"17554","Sign":"","Measure":{"ID":"29","Sign":"","Signs":{"ID":"","_":"","Language":"EN"}},"Name":{"Value":"Screen shape","Language":"EN"}}},{"Localized":0,"ID":835275091,"LocalID":0,"Type":"dropdown","Value":"1800R","CategoryFeatureId":"595332","CategoryFeatureGroupID":"100","SortNo":"830","PresentationValue":"1800R","RawValue":"1800R","LocalValue":"1800R","Description":"","Mandatory":"0","Searchable":"0","Optional":"0","Feature":{"ID":"42456","Sign":"","Measure":{"ID":"29","Sign":"","Signs":{"ID":"","_":"","Language":"EN"}},"Name":{"Value":"Screen curvature rating","Language":"EN"}}},{"Localized":0,"ID":670927486,"LocalID":0,"Type":"contrast ratio","Value":"3000:1","CategoryFeatureId":"4943","CategoryFeatureGroupID":"100","SortNo":"790","PresentationValue":"3000:1","RawValue":"3000:1","LocalValue":"3000:1","Description":"The difference in light intensity between the brightest white and the darkest black.","Mandatory":"1","Searchable":"0","Optional":"0","Feature":{"ID":"34","Sign":"","Measure":{"ID":"29","Sign":"","Signs":{"ID":"","_":"","Language":"EN"}},"Name":{"Value":"Contrast ratio (typical)","Language":"EN"}}},{"Localized":0,"ID":670927487,"LocalID":0,"Type":"contrast ratio","Value":"80000000:1","CategoryFeatureId":"31337","CategoryFeatureGroupID":"100","SortNo":"780","PresentationValue":"80000000:1","RawValue":"80000000:1","LocalValue":"80000000:1","Description":"A property of a display system, defined as the ratio of the luminance of the brightest color (white) to that of the darkest color (black) that the system is capable of producing.","Mandatory":"0","Searchable":"0","Optional":"0","Feature":{"ID":"6087","Sign":"","Measure":{"ID":"29","Sign":"","Signs":{"ID":"","_":"","Language":"EN"}},"Name":{"Value":"Contrast ratio (dynamic)","Language":"EN"}}},{"Localized":0,"ID":670927505,"LocalID":0,"Type":"numerical","Value":"100","CategoryFeatureId":"183826","CategoryFeatureGroupID":"100","SortNo":"760","PresentationValue":"100 Hz","RawValue":"100","LocalValue":"100","Description":"","Mandatory":"1","Searchable":"0","Optional":"0","Feature":{"ID":"7450","Sign":"","Measure":{"ID":"36","Sign":"","Signs":{"ID":"20","_":"Hz","Language":"EN"}},"Name":{"Value":"Maximum refresh rate","Language":"EN"}}},{"Localized":0,"ID":670927507,"LocalID":0,"Type":"numerical","Value":"178","CategoryFeatureId":"4940","CategoryFeatureGroupID":"100","SortNo":"750","PresentationValue":"178°","RawValue":"178","LocalValue":"178","Description":"Maximum horizontal angle at which a display can be viewed with acceptable visual performance.","Mandatory":"0","Searchable":"0","Optional":"0","Feature":{"ID":"37","Sign":"","Measure":{"ID":"32","Sign":"","Signs":{"ID":"16","_":"°","Language":"EN"}},"Name":{"Value":"Viewing angle, horizontal","Language":"EN"}}},{"Localized":0,"ID":670927526,"LocalID":0,"Type":"numerical","Value":"178","CategoryFeatureId":"4941","CategoryFeatureGroupID":"100","SortNo":"740","PresentationValue":"178°","RawValue":"178","LocalValue":"178","Description":"Maximum vertical angle at which a display can be viewed with acceptable visual performance.","Mandatory":"0","Searchable":"0","Optional":"0","Feature":{"ID":"38","Sign":"","Measure":{"ID":"32","Sign":"","Signs":{"ID":"16","_":"°","Language":"EN"}},"Name":{"Value":"Viewing angle, vertical","Language":"EN"}}},{"Localized":0,"ID":670927546,"LocalID":0,"Type":"dropdown","Value":"1.07 billion colours","CategoryFeatureId":"154116","CategoryFeatureGroupID":"100","SortNo":"730","PresentationValue":"1.07 billion colours","RawValue":"1.07 billion colours","LocalValue":"1.07 billion colours","Description":"","Mandatory":"1","Searchable":"0","Optional":"0","Feature":{"ID":"24847","Sign":"","Measure":{"ID":"29","Sign":"","Signs":{"ID":"","_":"","Language":"EN"}},"Name":{"Value":"Display number of colours","Language":"EN"}}},{"Localized":0,"ID":670927565,"LocalID":0,"Type":"2d","Value":"0.2328 x 0.2328","CategoryFeatureId":"1992","CategoryFeatureGroupID":"100","SortNo":"700","PresentationValue":"0.2328 x 0.2328 mm","RawValue":"0.2328 x 0.2328","LocalValue":"0.233 x 0.233","Description":"This is the parameter of a picture tube, which specifies the shortest distance between two dots of the same colour. The principle is: the smaller the dot pitch, the better sharpness of image.","Mandatory":"0","Searchable":"0","Optional":"0","Feature":{"ID":"32","Sign":"","Measure":{"ID":"24","Sign":"","Signs":{"ID":"3","_":"mm","Language":"EN"}},"Name":{"Value":"Pixel pitch","Language":"EN"}}},{"Localized":0,"ID":670927566,"LocalID":0,"Type":"numerical","Value":"109","CategoryFeatureId":"103245","CategoryFeatureGroupID":"100","SortNo":"690","PresentationValue":"109 ppi","RawValue":"109","LocalValue":"109","Description":"","Mandatory":"0","Searchable":"0","Optional":"0","Feature":{"ID":"13246","Sign":"","Measure":{"ID":"243","Sign":"","Signs":{"ID":"14247","_":"ppi","Language":"EN"}},"Name":{"Value":"Pixel density","Language":"EN"}}},{"Localized":0,"ID":670927605,"LocalID":0,"Type":"range","Value":"30 - 200","CategoryFeatureId":"2548","CategoryFeatureGroupID":"100","SortNo":"680","PresentationValue":"30 - 200 kHz","RawValue":"30 - 200","LocalValue":"30 - 200","Description":"","Mandatory":"0","Searchable":"0","Optional":"0","Feature":{"ID":"35","Sign":"","Measure":{"ID":"31","Sign":"","Signs":{"ID":"15","_":"kHz","Language":"EN"}},"Name":{"Value":"Horizontal scan range","Language":"EN"}}},{"Localized":0,"ID":670927606,"LocalID":0,"Type":"range","Value":"48 - 120","CategoryFeatureId":"4931","CategoryFeatureGroupID":"100","SortNo":"670","PresentationValue":"48 - 120 Hz","RawValue":"48 - 120","LocalValue":"48 - 120","Description":"","Mandatory":"0","Searchable":"0","Optional":"0","Feature":{"ID":"90","Sign":"","Measure":{"ID":"36","Sign":"","Signs":{"ID":"20","_":"Hz","Language":"EN"}},"Name":{"Value":"Vertical scan range","Language":"EN"}}},{"Localized":0,"ID":670927608,"LocalID":0,"Type":"numerical","Value":"1191.936","CategoryFeatureId":"4938","CategoryFeatureGroupID":"100","SortNo":"660","PresentationValue":"119.2 cm","RawValue":"1191.936","LocalValue":"119.2","Description":"The viewable size is often somewhat smaller than the actual size of a monitor, because there is a border around the image.","Mandatory":"0","Searchable":"0","Optional":"0","Feature":{"ID":"91","Sign":"","Measure":{"ID":"24","Sign":"","Signs":{"ID":"3","_":"mm","Language":"EN"}},"Name":{"Value":"Viewable size, horizontal","Language":"EN"}}},{"Localized":0,"ID":670927626,"LocalID":0,"Type":"numerical","Value":"335.232","CategoryFeatureId":"4939","CategoryFeatureGroupID":"100","SortNo":"650","PresentationValue":"33.5 cm","RawValue":"335.232","LocalValue":"33.5","Description":"","Mandatory":"0","Searchable":"0","Optional":"0","Feature":{"ID":"92","Sign":"","Measure":{"ID":"24","Sign":"","Signs":{"ID":"3","_":"mm","Language":"EN"}},"Name":{"Value":"Viewable size, vertical","Language":"EN"}}},{"Localized":0,"ID":670927627,"LocalID":0,"Type":"y_n","Value":"Y","CategoryFeatureId":"253280","CategoryFeatureGroupID":"100","SortNo":"580","PresentationValue":"Yes","RawValue":"Y","LocalValue":"Yes","Description":"","Mandatory":"0","Searchable":"0","Optional":"0","Feature":{"ID":"36310","Sign":"","Measure":{"ID":"26","Sign":"","Signs":{"ID":"","_":"","Language":"EN"}},"Name":{"Value":"High Dynamic Range (HDR) supported","Language":"EN"}}},{"Localized":0,"ID":670927646,"LocalID":0,"Type":"multi_dropdown","Value":"High Dynamic Range (HDR) 400","CategoryFeatureId":"594925","CategoryFeatureGroupID":"100","SortNo":"570","PresentationValue":"High Dynamic Range (HDR) 400","RawValue":"High Dynamic Range (HDR) 400","LocalValue":"High Dynamic Range (HDR) 400","Description":"","Mandatory":"0","Searchable":"0","Optional":"0","Feature":{"ID":"40712","Sign":"","Measure":{"ID":"29","Sign":"","Signs":{"ID":"","_":"","Language":"EN"}},"Name":{"Value":"High Dynamic Range (HDR) technology","Language":"EN"}}},{"Localized":0,"ID":670927647,"LocalID":0,"Type":"y_n","Value":"Y","CategoryFeatureId":"103243","CategoryFeatureGroupID":"100","SortNo":"560","PresentationValue":"Yes","RawValue":"Y","LocalValue":"Yes","Description":"","Mandatory":"0","Searchable":"0","Optional":"0","Feature":{"ID":"17862","Sign":"","Measure":{"ID":"26","Sign":"","Signs":{"ID":"","_":"","Language":"EN"}},"Name":{"Value":"DDC/CI","Language":"EN"}}},{"Localized":0,"ID":670927668,"LocalID":0,"Type":"numerical","Value":"25","CategoryFeatureId":"904227","CategoryFeatureGroupID":"100","SortNo":"540","PresentationValue":"25%","RawValue":"25","LocalValue":"25","Description":"","Mandatory":"0","Searchable":"0","Optional":"0","Feature":{"ID":"28526","Sign":"","Measure":{"ID":"64","Sign":"","Signs":{"ID":"47","_":"%","Language":"EN"}},"Name":{"Value":"Haze rate","Language":"EN"}}},{"Localized":0,"ID":670927669,"LocalID":0,"Type":"dropdown","Value":"3H","CategoryFeatureId":"163809","CategoryFeatureGroupID":"100","SortNo":"530","PresentationValue":"3H","RawValue":"3H","LocalValue":"3H","Description":"","Mandatory":"0","Searchable":"0","Optional":"0","Feature":{"ID":"26001","Sign":"","Measure":{"ID":"29","Sign":"","Signs":{"ID":"","_":"","Language":"EN"}},"Name":{"Value":"Surface hardness","Language":"EN"}}},{"Localized":0,"ID":670927686,"LocalID":0,"Type":"numerical","Value":"97","CategoryFeatureId":"228629","CategoryFeatureGroupID":"100","SortNo":"450","PresentationValue":"97%","RawValue":"97","LocalValue":"97","Description":"","Mandatory":"0","Searchable":"0","Optional":"0","Feature":{"ID":"33817","Sign":"","Measure":{"ID":"64","Sign":"","Signs":{"ID":"47","_":"%","Language":"EN"}},"Name":{"Value":"NTSC coverage (typical)","Language":"EN"}}}]},{"ID":10681,"SortNo":"45","FeatureGroup":{"ID":"184","Name":{"Value":"Performance","Language":"EN"}},"Features":[{"Localized":0,"ID":670927859,"LocalID":0,"Type":"y_n","Value":"Y","CategoryFeatureId":"335537","CategoryFeatureGroupID":"10681","SortNo":"920","PresentationValue":"Yes","RawValue":"Y","LocalValue":"Yes","Description":"","Mandatory":"0","Searchable":"0","Optional":"0","Feature":{"ID":"41573","Sign":"","Measure":{"ID":"26","Sign":"","Signs":{"ID":"","_":"","Language":"EN"}},"Name":{"Value":"VESA Adaptive Sync support","Language":"EN"}}}]},{"ID":10887,"SortNo":"40","FeatureGroup":{"ID":"186","Name":{"Value":"Multimedia","Language":"EN"}},"Features":[{"Localized":0,"ID":670927992,"LocalID":0,"Type":"numerical","Value":"2","CategoryFeatureId":"207681","CategoryFeatureGroupID":"10887","SortNo":"10000680","PresentationValue":"2","RawValue":"2","LocalValue":"2","Description":"The quantity of speakers included in/with the product.","Mandatory":"0","Searchable":"0","Optional":"0","Feature":{"ID":"10183","Sign":"","Measure":{"ID":"29","Sign":"","Signs":{"ID":"","_":"","Language":"EN"}},"Name":{"Value":"Number of speakers","Language":"EN"}}},{"Localized":0,"ID":670928008,"LocalID":0,"Type":"numerical","Value":"10","CategoryFeatureId":"17100","CategoryFeatureGroupID":"10887","SortNo":"10000670","PresentationValue":"10 W","RawValue":"10","LocalValue":"10","Description":"RMS (Root mean square) is a measure of the continuous power required by a device, in particular audio amplifiers and loudspeakers.","Mandatory":"0","Searchable":"0","Optional":"0","Feature":{"ID":"1854","Sign":"","Measure":{"ID":"44","Sign":"","Signs":{"ID":"28","_":"W","Language":"EN"}},"Name":{"Value":"RMS rated power","Language":"EN"}}},{"Localized":0,"ID":670927990,"LocalID":0,"Type":"y_n","Value":"Y","CategoryFeatureId":"31341","CategoryFeatureGroupID":"10887","SortNo":"700","PresentationValue":"Yes","RawValue":"Y","LocalValue":"Yes","Description":"The device contains speaker(s) to produce sound.","Mandatory":"1","Searchable":"1","Optional":"0","Feature":{"ID":"2433","Sign":"","Measure":{"ID":"26","Sign":"","Signs":{"ID":"","_":"","Language":"EN"}},"Name":{"Value":"Built-in speaker(s)","Language":"EN"}}},{"Localized":0,"ID":670928009,"LocalID":0,"Type":"numerical","Value":"5","CategoryFeatureId":"31470","CategoryFeatureGroupID":"10887","SortNo":"660","PresentationValue":"5 MP","RawValue":"5","LocalValue":"5","Description":"The number (in millions) of light-sensitive picture elements known as pixels actually used by the camera's image sensor (CCD) to record light, and which are reflected to the final number of recorded pixels stored on the memory card.","Mandatory":"0","Searchable":"0","Optional":"0","Feature":{"ID":"63","Sign":"","Measure":{"ID":"165","Sign":"","Signs":{"ID":"3126","_":"MP","Language":"EN"}},"Name":{"Value":"Megapixel (approx.)","Language":"EN"}}},{"Localized":0,"ID":670928269,"LocalID":0,"Type":"y_n","Value":"Y","CategoryFeatureId":"36489","CategoryFeatureGroupID":"10887","SortNo":"650","PresentationValue":"Yes","RawValue":"Y","LocalValue":"Yes","Description":"Microphone that is found inside the product.","Mandatory":"0","Searchable":"0","Optional":"0","Feature":{"ID":"1025","Sign":"","Measure":{"ID":"26","Sign":"","Signs":{"ID":"","_":"","Language":"EN"}},"Name":{"Value":"Built-in microphone","Language":"EN"}}},{"Localized":0,"ID":670927991,"LocalID":0,"Type":"y_n","Value":"Y","CategoryFeatureId":"67278","CategoryFeatureGroupID":"10887","SortNo":"590","PresentationValue":"Yes","RawValue":"Y","LocalValue":"Yes","Description":"The product has an integrated camera.","Mandatory":"1","Searchable":"1","Optional":"0","Feature":{"ID":"8074","Sign":"","Measure":{"ID":"26","Sign":"","Signs":{"ID":"","_":"","Language":"EN"}},"Name":{"Value":"Built-in camera","Language":"EN"}}}]},{"ID":10677,"SortNo":"35","FeatureGroup":{"ID":"148","Name":{"Value":"Design","Language":"EN"}},"Features":[{"Localized":0,"ID":670928068,"LocalID":0,"Type":"dropdown","Value":"Business","CategoryFeatureId":"245761","CategoryFeatureGroupID":"10677","SortNo":"800","PresentationValue":"Business","RawValue":"Business","LocalValue":"Business","Description":"Under which category can the device be positioned in the market, e.g. camera phone.","Mandatory":"1","Searchable":"1","Optional":"0","Feature":{"ID":"9021","Sign":"","Measure":{"ID":"29","Sign":"","Signs":{"ID":"","_":"","Language":"EN"}},"Name":{"Value":"Market positioning","Language":"EN"}}},{"Localized":0,"ID":670928069,"LocalID":0,"Type":"dropdown","Value":"Grey","CategoryFeatureId":"11218","CategoryFeatureGroupID":"10677","SortNo":"790","PresentationValue":"Grey","RawValue":"Grey","LocalValue":"Grey","Description":"The colour e.g. red, blue, green, black, white.","Mandatory":"1","Searchable":"1","Optional":"0","Feature":{"ID":"1766","Sign":"","Measure":{"ID":"29","Sign":"","Signs":{"ID":"","_":"","Language":"EN"}},"Name":{"Value":"Product colour","Language":"EN"}}}]},{"ID":1742,"SortNo":"30","FeatureGroup":{"ID":"12","Name":{"Value":"Ports & interfaces","Language":"EN"}},"Features":[{"Localized":0,"ID":670928124,"LocalID":0,"Type":"y_n","Value":"Y","CategoryFeatureId":"139339","CategoryFeatureGroupID":"1742","SortNo":"900","PresentationValue":"Yes","RawValue":"Y","LocalValue":"Yes","Description":"Whether or not the device features a USB hub to connect more than one other device via USB.","Mandatory":"1","Searchable":"1","Optional":"0","Feature":{"ID":"22838","Sign":"","Measure":{"ID":"26","Sign":"","Signs":{"ID":"","_":"","Language":"EN"}},"Name":{"Value":"Built-in USB hub","Language":"EN"}}},{"Localized":0,"ID":670928125,"LocalID":0,"Type":"dropdown","Value":"3.2 Gen 2 (3.1 Gen 2)","CategoryFeatureId":"139340","CategoryFeatureGroupID":"1742","SortNo":"890","PresentationValue":"3.2 Gen 2 (3.1 Gen 2)","RawValue":"3.2 Gen 2 (3.1 Gen 2)","LocalValue":"3.2 Gen 2 (3.1 Gen 2)","Description":"","Mandatory":"0","Searchable":"0","Optional":"0","Feature":{"ID":"22839","Sign":"","Measure":{"ID":"29","Sign":"","Signs":{"ID":"","_":"","Language":"EN"}},"Name":{"Value":"USB hub version","Language":"EN"}}},{"Localized":0,"ID":670928139,"LocalID":0,"Type":"numerical","Value":"1","CategoryFeatureId":"682735","CategoryFeatureGroupID":"1742","SortNo":"850","PresentationValue":"1","RawValue":"1","LocalValue":"1","Description":"","Mandatory":"0","Searchable":"0","Optional":"0","Feature":{"ID":"42594","Sign":"","Measure":{"ID":"29","Sign":"","Signs":{"ID":"","_":"","Language":"EN"}},"Name":{"Value":"Number of USB Type-C upstream ports quantity","Language":"EN"}}},{"Localized":0,"ID":670928126,"LocalID":0,"Type":"numerical","Value":"4","CategoryFeatureId":"139347","CategoryFeatureGroupID":"1742","SortNo":"840","PresentationValue":"4","RawValue":"4","LocalValue":"4","Description":"","Mandatory":"0","Searchable":"0","Optional":"0","Feature":{"ID":"22842","Sign":"","Measure":{"ID":"29","Sign":"","Signs":{"ID":"","_":"","Language":"EN"}},"Name":{"Value":"USB Type-A downstream ports quantity","Language":"EN"}}},{"Localized":0,"ID":670928140,"LocalID":0,"Type":"numerical","Value":"1","CategoryFeatureId":"139349","CategoryFeatureGroupID":"1742","SortNo":"830","PresentationValue":"1","RawValue":"1","LocalValue":"1","Description":"","Mandatory":"0","Searchable":"0","Optional":"0","Feature":{"ID":"22843","Sign":"","Measure":{"ID":"29","Sign":"","Signs":{"ID":"","_":"","Language":"EN"}},"Name":{"Value":"USB Type-C downstream ports quantity","Language":"EN"}}},{"Localized":0,"ID":835276109,"LocalID":0,"Type":"y_n","Value":"Y","CategoryFeatureId":"326833","CategoryFeatureGroupID":"1742","SortNo":"820","PresentationValue":"Yes","RawValue":"Y","LocalValue":"Yes","Description":"","Mandatory":"0","Searchable":"0","Optional":"0","Feature":{"ID":"31406","Sign":"","Measure":{"ID":"26","Sign":"","Signs":{"ID":"","_":"","Language":"EN"}},"Name":{"Value":"USB Type-C DisplayPort Alternate Mode","Language":"EN"}}},{"Localized":0,"ID":670928141,"LocalID":0,"Type":"y_n","Value":"Y","CategoryFeatureId":"308911","CategoryFeatureGroupID":"1742","SortNo":"810","PresentationValue":"Yes","RawValue":"Y","LocalValue":"Yes","Description":"","Mandatory":"0","Searchable":"0","Optional":"0","Feature":{"ID":"34351","Sign":"","Measure":{"ID":"26","Sign":"","Signs":{"ID":"","_":"","Language":"EN"}},"Name":{"Value":"USB Power Delivery (USB PD)","Language":"EN"}}},{"Localized":0,"ID":670928154,"LocalID":0,"Type":"numerical","Value":"100","CategoryFeatureId":"308914","CategoryFeatureGroupID":"1742","SortNo":"800","PresentationValue":"100 W","RawValue":"100","LocalValue":"100","Description":"","Mandatory":"0","Searchable":"0","Optional":"0","Feature":{"ID":"38616","Sign":"","Measure":{"ID":"44","Sign":"","Signs":{"ID":"28","_":"W","Language":"EN"}},"Name":{"Value":"USB Power Delivery up to","Language":"EN"}}},{"Localized":0,"ID":670927353,"LocalID":0,"Type":"y_n","Value":"Y","CategoryFeatureId":"37850","CategoryFeatureGroupID":"1742","SortNo":"740","PresentationValue":"Yes","RawValue":"Y","LocalValue":"Yes","Description":"HDMI (High-Definition Multimedia Interface) is a compact audio/video interface for transferring uncompressed video data and compressed/uncompressed digital audio data from a HDMI-compliant device (\"the source device\") to a compatible computer monitor, video projector, digital television, or digital audio device. HDMI is a digital replacement for existing analog video standards.","Mandatory":"1","Searchable":"0","Optional":"0","Feature":{"ID":"5620","Sign":"","Measure":{"ID":"26","Sign":"","Signs":{"ID":"","_":"","Language":"EN"}},"Name":{"Value":"HDMI","Language":"EN"}}},{"Localized":0,"ID":670927355,"LocalID":0,"Type":"numerical","Value":"2","CategoryFeatureId":"20882","CategoryFeatureGroupID":"1742","SortNo":"730","PresentationValue":"2","RawValue":"2","LocalValue":"2","Description":"The number of sockets (ports) for HDMI connections. HDMI (High-Definition Multimedia Interface) is a compact audio/video interface for transferring uncompressed video data and compressed/uncompressed digital audio data from a HDMI-compliant device (\"the source device\") to a compatible computer monitor, video projector, digital television, or digital audio device. HDMI is a digital replacement for existing analog video standards.","Mandatory":"0","Searchable":"0","Optional":"0","Feature":{"ID":"3566","Sign":"","Measure":{"ID":"29","Sign":"","Signs":{"ID":"","_":"","Language":"EN"}},"Name":{"Value":"HDMI ports quantity","Language":"EN"}}},{"Localized":0,"ID":670927373,"LocalID":0,"Type":"dropdown","Value":"2.0","CategoryFeatureId":"270899","CategoryFeatureGroupID":"1742","SortNo":"720","PresentationValue":"2.0","RawValue":"2.0","LocalValue":"2.0","Description":"","Mandatory":"0","Searchable":"0","Optional":"0","Feature":{"ID":"5452","Sign":"","Measure":{"ID":"29","Sign":"","Signs":{"ID":"","_":"","Language":"EN"}},"Name":{"Value":"HDMI version","Language":"EN"}}},{"Localized":0,"ID":670927443,"LocalID":0,"Type":"numerical","Value":"1","CategoryFeatureId":"35722","CategoryFeatureGroupID":"1742","SortNo":"690","PresentationValue":"1","RawValue":"1","LocalValue":"1","Description":"Number of DisplayPorts. A DisplayPort is a digital display interface developed by the Video Electronics Standards Association (VESA). The interface is primarily used to connect a video source to a display device such as a computer monitor, though it can also be used to carry audio, USB, and other forms of data.","Mandatory":"0","Searchable":"0","Optional":"0","Feature":{"ID":"6611","Sign":"","Measure":{"ID":"29","Sign":"","Signs":{"ID":"","_":"","Language":"EN"}},"Name":{"Value":"DisplayPorts quantity","Language":"EN"}}},{"Localized":0,"ID":670927462,"LocalID":0,"Type":"dropdown","Value":"1.4","CategoryFeatureId":"270900","CategoryFeatureGroupID":"1742","SortNo":"680","PresentationValue":"1.4","RawValue":"1.4","LocalValue":"1.4","Description":"","Mandatory":"0","Searchable":"0","Optional":"0","Feature":{"ID":"11111","Sign":"","Measure":{"ID":"29","Sign":"","Signs":{"ID":"","_":"","Language":"EN"}},"Name":{"Value":"DisplayPort version","Language":"EN"}}},{"Localized":0,"ID":670927464,"LocalID":0,"Type":"numerical","Value":"1","CategoryFeatureId":"901699","CategoryFeatureGroupID":"1742","SortNo":"650","PresentationValue":"1","RawValue":"1","LocalValue":"1","Description":"","Mandatory":"0","Searchable":"0","Optional":"0","Feature":{"ID":"42349","Sign":"","Measure":{"ID":"29","Sign":"","Signs":{"ID":"","_":"","Language":"EN"}},"Name":{"Value":"Thunderbolt 4 ports quantity","Language":"EN"}}},{"Localized":0,"ID":670927484,"LocalID":0,"Type":"dropdown","Value":"Y","CategoryFeatureId":"17099","CategoryFeatureGroupID":"1742","SortNo":"620","PresentationValue":"Yes","RawValue":"Y","LocalValue":"Yes","Description":"The type of audio output that the device produces, and the connector(s).","Mandatory":"0","Searchable":"0","Optional":"0","Feature":{"ID":"1786","Sign":"","Measure":{"ID":"29","Sign":"","Signs":{"ID":"","_":"","Language":"EN"}},"Name":{"Value":"Audio output","Language":"EN"}}},{"Localized":0,"ID":670927567,"LocalID":0,"Type":"y_n","Value":"Y","CategoryFeatureId":"26708","CategoryFeatureGroupID":"1742","SortNo":"530","PresentationValue":"Yes","RawValue":"Y","LocalValue":"Yes","Description":"High-bandwidth Digital Content Protection (HDCP) is a form of digital copy protection to prevent copying of digital audio and video content as it travels across connections.","Mandatory":"0","Searchable":"0","Optional":"0","Feature":{"ID":"5636","Sign":"","Measure":{"ID":"26","Sign":"","Signs":{"ID":"","_":"","Language":"EN"}},"Name":{"Value":"HDCP","Language":"EN"}}},{"Localized":0,"ID":670927586,"LocalID":0,"Type":"dropdown","Value":"1.4/2.2","CategoryFeatureId":"903350","CategoryFeatureGroupID":"1742","SortNo":"520","PresentationValue":"1.4/2.2","RawValue":"1.4/2.2","LocalValue":"1.4/2.2","Description":"","Mandatory":"0","Searchable":"0","Optional":"0","Feature":{"ID":"9814","Sign":"","Measure":{"ID":"29","Sign":"","Signs":{"ID":"","_":"","Language":"EN"}},"Name":{"Value":"HDCP version","Language":"EN"}}}]},{"ID":65611,"SortNo":"26","FeatureGroup":{"ID":"35","Name":{"Value":"Network","Language":"EN"}},"Features":[{"Localized":0,"ID":835276464,"LocalID":0,"Type":"y_n","Value":"Y","CategoryFeatureId":"37844","CategoryFeatureGroupID":"65611","SortNo":"250","PresentationValue":"Yes","RawValue":"Y","LocalValue":"Yes","Description":"An Ethernet LAN (Local Area Network) interface is present, for a wired conection via a cable.","Mandatory":"0","Searchable":"0","Optional":"0","Feature":{"ID":"1347","Sign":"","Measure":{"ID":"26","Sign":"","Signs":{"ID":"","_":"","Language":"EN"}},"Name":{"Value":"Ethernet LAN","Language":"EN"}}}]},{"ID":3070,"SortNo":"25","FeatureGroup":{"ID":"96","Name":{"Value":"Ergonomics","Language":"EN"}},"Features":[{"Localized":0,"ID":670927648,"LocalID":0,"Type":"y_n","Value":"Y","CategoryFeatureId":"109688","CategoryFeatureGroupID":"3070","SortNo":"400","PresentationValue":"Yes","RawValue":"Y","LocalValue":"Yes","Description":"","Mandatory":"1","Searchable":"1","Optional":"0","Feature":{"ID":"16767","Sign":"","Measure":{"ID":"26","Sign":"","Signs":{"ID":"","_":"","Language":"EN"}},"Name":{"Value":"VESA mounting","Language":"EN"}}},{"Localized":0,"ID":670927649,"LocalID":0,"Type":"multi_dropdown","Value":"100 x 100","CategoryFeatureId":"22159","CategoryFeatureGroupID":"3070","SortNo":"390","PresentationValue":"100 x 100 mm","RawValue":"100 x 100","LocalValue":"100 x 100","Description":"The product can be used wih VESA mounting interfaces.","Mandatory":"0","Searchable":"0","Optional":"0","Feature":{"ID":"4037","Sign":"","Measure":{"ID":"24","Sign":"","Signs":{"ID":"3","_":"mm","Language":"EN"}},"Name":{"Value":"Panel mounting interface","Language":"EN"}}},{"Localized":0,"ID":670927702,"LocalID":0,"Type":"y_n","Value":"Y","CategoryFeatureId":"14296","CategoryFeatureGroupID":"3070","SortNo":"360","PresentationValue":"Yes","RawValue":"Y","LocalValue":"Yes","Description":"Holes on the edge of devices through which a cable lock can be passed, so the device can be locked to a desk etc.","Mandatory":"1","Searchable":"0","Optional":"0","Feature":{"ID":"1352","Sign":"","Measure":{"ID":"26","Sign":"","Signs":{"ID":"","_":"","Language":"EN"}},"Name":{"Value":"Cable lock slot","Language":"EN"}}},{"Localized":0,"ID":670927703,"LocalID":0,"Type":"multi_dropdown","Value":"Kensington","CategoryFeatureId":"252503","CategoryFeatureGroupID":"3070","SortNo":"350","PresentationValue":"Kensington","RawValue":"Kensington","LocalValue":"Kensington","Description":"","Mandatory":"0","Searchable":"0","Optional":"0","Feature":{"ID":"14097","Sign":"","Measure":{"ID":"29","Sign":"","Signs":{"ID":"","_":"","Language":"EN"}},"Name":{"Value":"Cable lock slot type","Language":"EN"}}},{"Localized":0,"ID":670927704,"LocalID":0,"Type":"y_n","Value":"Y","CategoryFeatureId":"68504","CategoryFeatureGroupID":"3070","SortNo":"340","PresentationValue":"Yes","RawValue":"Y","LocalValue":"Yes","Description":"The part of the device that can be adjusted to change the height.","Mandatory":"1","Searchable":"0","Optional":"0","Feature":{"ID":"1954","Sign":"","Measure":{"ID":"26","Sign":"","Signs":{"ID":"","_":"","Language":"EN"}},"Name":{"Value":"Height adjustment","Language":"EN"}}},{"Localized":0,"ID":670927705,"LocalID":0,"Type":"numerical","Value":"150","CategoryFeatureId":"1083333","CategoryFeatureGroupID":"3070","SortNo":"330","PresentationValue":"15 cm","RawValue":"150","LocalValue":"15","Description":"","Mandatory":"0","Searchable":"0","Optional":"0","Feature":{"ID":"25138","Sign":"","Measure":{"ID":"24","Sign":"","Signs":{"ID":"3","_":"mm","Language":"EN"}},"Name":{"Value":"Adjustable height (max)","Language":"EN"}}},{"Localized":0,"ID":670927724,"LocalID":0,"Type":"y_n","Value":"Y","CategoryFeatureId":"71482","CategoryFeatureGroupID":"3070","SortNo":"300","PresentationValue":"Yes","RawValue":"Y","LocalValue":"Yes","Description":"","Mandatory":"0","Searchable":"0","Optional":"0","Feature":{"ID":"7263","Sign":"","Measure":{"ID":"26","Sign":"","Signs":{"ID":"","_":"","Language":"EN"}},"Name":{"Value":"Swivelling","Language":"EN"}}},{"Localized":0,"ID":670927725,"LocalID":0,"Type":"range","Value":"-30 - 30","CategoryFeatureId":"9092","CategoryFeatureGroupID":"3070","SortNo":"290","PresentationValue":"-30 - 30°","RawValue":"-30 - 30","LocalValue":"-30 - 30","Description":"","Mandatory":"0","Searchable":"0","Optional":"0","Feature":{"ID":"1956","Sign":"","Measure":{"ID":"32","Sign":"","Signs":{"ID":"16","_":"°","Language":"EN"}},"Name":{"Value":"Swivel angle range","Language":"EN"}}},{"Localized":0,"ID":670927726,"LocalID":0,"Type":"y_n","Value":"Y","CategoryFeatureId":"930782","CategoryFeatureGroupID":"3070","SortNo":"271","PresentationValue":"Yes","RawValue":"Y","LocalValue":"Yes","Description":"The tilt, which means the angle at which the device is pointing (up or down), can be changed.","Mandatory":"0","Searchable":"0","Optional":"0","Feature":{"ID":"8302","Sign":"","Measure":{"ID":"26","Sign":"","Signs":{"ID":"","_":"","Language":"EN"}},"Name":{"Value":"Tilt adjustment","Language":"EN"}}},{"Localized":0,"ID":670927741,"LocalID":0,"Type":"range","Value":"-5 - 20","CategoryFeatureId":"18150","CategoryFeatureGroupID":"3070","SortNo":"270","PresentationValue":"-5 - 20°","RawValue":"-5 - 20","LocalValue":"-5 - 20","Description":"","Mandatory":"0","Searchable":"0","Optional":"0","Feature":{"ID":"2077","Sign":"","Measure":{"ID":"32","Sign":"","Signs":{"ID":"16","_":"°","Language":"EN"}},"Name":{"Value":"Tilt angle range","Language":"EN"}}},{"Localized":0,"ID":670927742,"LocalID":0,"Type":"y_n","Value":"Y","CategoryFeatureId":"47992","CategoryFeatureGroupID":"3070","SortNo":"250","PresentationValue":"Yes","RawValue":"Y","LocalValue":"Yes","Description":"","Mandatory":"0","Searchable":"0","Optional":"0","Feature":{"ID":"3064","Sign":"","Measure":{"ID":"26","Sign":"","Signs":{"ID":"","_":"","Language":"EN"}},"Name":{"Value":"On Screen Display (OSD)","Language":"EN"}}},{"Localized":0,"ID":670927820,"LocalID":0,"Type":"multi_dropdown","Value":"CHI (SIMPL),CHI (TR),CZE,DEU,DUT,ENG,ESP,FIN,FRE,GRE,HUN,ITA,JPN,KOR,POL,POR,RUS,TUR,UKR","CategoryFeatureId":"22175","CategoryFeatureGroupID":"3070","SortNo":"240","PresentationValue":"Simplified Chinese, Traditional Chinese, Czech, German, Dutch, English, Spanish, Finnish, French, Greek, Hungarian, Italian, Japanese, Korean, Polish, Portuguese, Russian, Turkish, Ukrainian","RawValue":"CHI (SIMPL),CHI (TR),CZE,DEU,DUT,ENG,ESP,FIN,FRE,GRE,HUN,ITA,JPN,KOR,POL,POR,RUS,TUR,UKR","LocalValue":"Simplified Chinese, Traditional Chinese, Czech, German, Dutch, English, Spanish, Finnish, French, Greek, Hungarian, Italian, Japanese, Korean, Polish, Portuguese, Russian, Turkish, Ukrainian","Description":"","Mandatory":"0","Searchable":"0","Optional":"0","Feature":{"ID":"4275","Sign":"","Measure":{"ID":"29","Sign":"","Signs":{"ID":"","_":"","Language":"EN"}},"Name":{"Value":"On Screen Display (OSD) languages","Language":"EN"}}}]},{"ID":99,"SortNo":"24","FeatureGroup":{"ID":"27","Name":{"Value":"Power","Language":"EN"}},"Features":[{"Localized":0,"ID":670927858,"LocalID":0,"Type":"dropdown","Value":"F","CategoryFeatureId":"708167","CategoryFeatureGroupID":"99","SortNo":"300","PresentationValue":"F","RawValue":"F","LocalValue":"F","Description":"","Mandatory":"1","Searchable":"0","Optional":"0","Feature":{"ID":"42856","Sign":"","Measure":{"ID":"29","Sign":"","Signs":{"ID":"","_":"","Language":"EN"}},"Name":{"Value":"Energy efficiency class (SDR)","Language":"EN"}}},{"Localized":0,"ID":670927860,"LocalID":0,"Type":"dropdown","Value":"G","CategoryFeatureId":"708168","CategoryFeatureGroupID":"99","SortNo":"290","PresentationValue":"G","RawValue":"G","LocalValue":"G","Description":"","Mandatory":"1","Searchable":"0","Optional":"0","Feature":{"ID":"42857","Sign":"","Measure":{"ID":"29","Sign":"","Signs":{"ID":"","_":"","Language":"EN"}},"Name":{"Value":"Energy efficiency class (HDR)","Language":"EN"}}},{"Localized":0,"ID":670927861,"LocalID":0,"Type":"numerical","Value":"42","CategoryFeatureId":"708169","CategoryFeatureGroupID":"99","SortNo":"280","PresentationValue":"42 kWh","RawValue":"42","LocalValue":"42","Description":"","Mandatory":"1","Searchable":"0","Optional":"0","Feature":{"ID":"42858","Sign":"","Measure":{"ID":"103","Sign":"","Signs":{"ID":"85","_":"kWh","Language":"EN"}},"Name":{"Value":"Energy consumption (SDR) per 1000 hours","Language":"EN"}}},{"Localized":0,"ID":670927878,"LocalID":0,"Type":"numerical","Value":"93","CategoryFeatureId":"708170","CategoryFeatureGroupID":"99","SortNo":"270","PresentationValue":"93 kWh","RawValue":"93","LocalValue":"93","Description":"","Mandatory":"1","Searchable":"0","Optional":"0","Feature":{"ID":"42859","Sign":"","Measure":{"ID":"103","Sign":"","Signs":{"ID":"85","_":"kWh","Language":"EN"}},"Name":{"Value":"Energy consumption (HDR) per 1000 hours","Language":"EN"}}},{"Localized":0,"ID":670927879,"LocalID":0,"Type":"numerical","Value":"41.85","CategoryFeatureId":"9931","CategoryFeatureGroupID":"99","SortNo":"260","PresentationValue":"41.85 W","RawValue":"41.85","LocalValue":"41.85","Description":"Amount of power consumed by this model, often expressed in watts (W). Typical values that manufacturers give are power consumption when off, standby/suspended mode, typical use, maximum usage.","Mandatory":"1","Searchable":"0","Optional":"0","Feature":{"ID":"445","Sign":"","Measure":{"ID":"44","Sign":"","Signs":{"ID":"28","_":"W","Language":"EN"}},"Name":{"Value":"Power consumption (typical)","Language":"EN"}}},{"Localized":0,"ID":670927880,"LocalID":0,"Type":"numerical","Value":"0.5","CategoryFeatureId":"9930","CategoryFeatureGroupID":"99","SortNo":"250","PresentationValue":"0.5 W","RawValue":"0.5","LocalValue":"0.5","Description":"The amount of electricity that is consumed when the product is on standby.","Mandatory":"1","Searchable":"0","Optional":"0","Feature":{"ID":"2036","Sign":"","Measure":{"ID":"44","Sign":"","Signs":{"ID":"28","_":"W","Language":"EN"}},"Name":{"Value":"Power consumption (standby)","Language":"EN"}}},{"Localized":0,"ID":670928217,"LocalID":0,"Type":"numerical","Value":"37.5","CategoryFeatureId":"18403","CategoryFeatureGroupID":"99","SortNo":"210","PresentationValue":"37.5 W","RawValue":"37.5","LocalValue":"37.5","Description":"","Mandatory":"0","Searchable":"0","Optional":"0","Feature":{"ID":"2035","Sign":"","Measure":{"ID":"44","Sign":"","Signs":{"ID":"28","_":"W","Language":"EN"}},"Name":{"Value":"Power consumption (PowerSave)","Language":"EN"}}},{"Localized":0,"ID":670927897,"LocalID":0,"Type":"dropdown","Value":"100 - 240","CategoryFeatureId":"122959","CategoryFeatureGroupID":"99","SortNo":"200","PresentationValue":"100 - 240 V","RawValue":"100 - 240","LocalValue":"100 - 240","Description":"The voltage of the AC electricity that is inputted into the product.","Mandatory":"0","Searchable":"0","Optional":"0","Feature":{"ID":"8491","Sign":"","Measure":{"ID":"42","Sign":"","Signs":{"ID":"26","_":"V","Language":"EN"}},"Name":{"Value":"AC input voltage","Language":"EN"}}},{"Localized":0,"ID":670927898,"LocalID":0,"Type":"dropdown","Value":"50/60","CategoryFeatureId":"122960","CategoryFeatureGroupID":"99","SortNo":"190","PresentationValue":"50/60 Hz","RawValue":"50/60","LocalValue":"50/60","Description":"","Mandatory":"0","Searchable":"0","Optional":"0","Feature":{"ID":"8484","Sign":"","Measure":{"ID":"36","Sign":"","Signs":{"ID":"20","_":"Hz","Language":"EN"}},"Name":{"Value":"AC input frequency","Language":"EN"}}},{"Localized":0,"ID":670927899,"LocalID":0,"Type":"dropdown","Value":"Internal","CategoryFeatureId":"120833","CategoryFeatureGroupID":"99","SortNo":"160","PresentationValue":"Internal","RawValue":"Internal","LocalValue":"Internal","Description":"The type of power supply which this product uses.","Mandatory":"0","Searchable":"0","Optional":"0","Feature":{"ID":"514","Sign":"","Measure":{"ID":"29","Sign":"","Signs":{"ID":"","_":"","Language":"EN"}},"Name":{"Value":"Power supply type","Language":"EN"}}},{"Localized":0,"ID":835276854,"LocalID":0,"Type":"dropdown","Value":"A to G","CategoryFeatureId":"313577","CategoryFeatureGroupID":"99","SortNo":"150","PresentationValue":"A to G","RawValue":"A to G","LocalValue":"A to G","Description":"","Mandatory":"0","Searchable":"0","Optional":"0","Feature":{"ID":"39201","Sign":"","Measure":{"ID":"29","Sign":"","Signs":{"ID":"","_":"","Language":"EN"}},"Name":{"Value":"Energy efficiency scale","Language":"EN"}}}]},{"ID":1205,"SortNo":"23","FeatureGroup":{"ID":"28","Name":{"Value":"Operational conditions","Language":"EN"}},"Features":[{"Localized":0,"ID":670927919,"LocalID":0,"Type":"range","Value":"0 - 40","CategoryFeatureId":"5557","CategoryFeatureGroupID":"1205","SortNo":"200","PresentationValue":"0 - 40 °C","RawValue":"0 - 40","LocalValue":"0 - 40","Description":"The minimum and maximum temperatures at which the product can be safely operated.","Mandatory":"0","Searchable":"0","Optional":"0","Feature":{"ID":"1112","Sign":"","Measure":{"ID":"65","Sign":"","Signs":{"ID":"48","_":"°C","Language":"EN"}},"Name":{"Value":"Operating temperature (T-T)","Language":"EN"}}},{"Localized":0,"ID":670927920,"LocalID":0,"Type":"range","Value":"-20 - 60","CategoryFeatureId":"5002","CategoryFeatureGroupID":"1205","SortNo":"190","PresentationValue":"-20 - 60 °C","RawValue":"-20 - 60","LocalValue":"-20 - 60","Description":"The minimum and maximum temperatures at which the product can be safely stored.","Mandatory":"0","Searchable":"0","Optional":"0","Feature":{"ID":"757","Sign":"","Measure":{"ID":"65","Sign":"","Signs":{"ID":"48","_":"°C","Language":"EN"}},"Name":{"Value":"Storage temperature (T-T)","Language":"EN"}}},{"Localized":0,"ID":670927921,"LocalID":0,"Type":"range","Value":"20 - 80","CategoryFeatureId":"4997","CategoryFeatureGroupID":"1205","SortNo":"180","PresentationValue":"20 - 80%","RawValue":"20 - 80","LocalValue":"20 - 80","Description":"","Mandatory":"0","Searchable":"0","Optional":"0","Feature":{"ID":"703","Sign":"","Measure":{"ID":"64","Sign":"","Signs":{"ID":"47","_":"%","Language":"EN"}},"Name":{"Value":"Operating relative humidity (H-H)","Language":"EN"}}},{"Localized":0,"ID":670927940,"LocalID":0,"Type":"range","Value":"0 - 3658","CategoryFeatureId":"17175","CategoryFeatureGroupID":"1205","SortNo":"160","PresentationValue":"0 - 3658 m","RawValue":"0 - 3658","LocalValue":"0 - 3658","Description":"","Mandatory":"0","Searchable":"0","Optional":"0","Feature":{"ID":"667","Sign":"","Measure":{"ID":"54","Sign":"","Signs":{"ID":"37","_":"m","Language":"EN"}},"Name":{"Value":"Operating altitude","Language":"EN"}}},{"Localized":0,"ID":670927941,"LocalID":0,"Type":"range","Value":"3658 - 12192","CategoryFeatureId":"72545","CategoryFeatureGroupID":"1205","SortNo":"150","PresentationValue":"3658 - 12192 m","RawValue":"3658 - 12192","LocalValue":"3658 - 12192","Description":"","Mandatory":"0","Searchable":"0","Optional":"0","Feature":{"ID":"1449","Sign":"","Measure":{"ID":"54","Sign":"","Signs":{"ID":"37","_":"m","Language":"EN"}},"Name":{"Value":"Non-operating altitude","Language":"EN"}}}]},{"ID":98,"SortNo":"21","FeatureGroup":{"ID":"14","Name":{"Value":"Weight & dimensions","Language":"EN"}},"Features":[{"Localized":0,"ID":670928028,"LocalID":0,"Type":"numerical","Value":"1193","CategoryFeatureId":"22203","CategoryFeatureGroupID":"98","SortNo":"400","PresentationValue":"1193 mm","RawValue":"1193","LocalValue":"1193","Description":"","Mandatory":"0","Searchable":"0","Optional":"0","Feature":{"ID":"4156","Sign":"","Measure":{"ID":"24","Sign":"","Signs":{"ID":"3","_":"mm","Language":"EN"}},"Name":{"Value":"Width (with stand)","Language":"EN"}}},{"Localized":0,"ID":670928029,"LocalID":0,"Type":"numerical","Value":"268","CategoryFeatureId":"22162","CategoryFeatureGroupID":"98","SortNo":"390","PresentationValue":"268 mm","RawValue":"268","LocalValue":"268","Description":"","Mandatory":"0","Searchable":"0","Optional":"0","Feature":{"ID":"4179","Sign":"","Measure":{"ID":"24","Sign":"","Signs":{"ID":"3","_":"mm","Language":"EN"}},"Name":{"Value":"Depth (with stand)","Language":"EN"}}},{"Localized":0,"ID":670928030,"LocalID":0,"Type":"numerical","Value":"586","CategoryFeatureId":"22171","CategoryFeatureGroupID":"98","SortNo":"380","PresentationValue":"586 mm","RawValue":"586","LocalValue":"586","Description":"","Mandatory":"0","Searchable":"0","Optional":"0","Feature":{"ID":"4178","Sign":"","Measure":{"ID":"24","Sign":"","Signs":{"ID":"3","_":"mm","Language":"EN"}},"Name":{"Value":"Height (with stand)","Language":"EN"}}},{"Localized":0,"ID":670928031,"LocalID":0,"Type":"numerical","Value":"15460","CategoryFeatureId":"112042","CategoryFeatureGroupID":"98","SortNo":"370","PresentationValue":"15.5 kg","RawValue":"15460","LocalValue":"15.5","Description":"","Mandatory":"0","Searchable":"0","Optional":"0","Feature":{"ID":"19017","Sign":"","Measure":{"ID":"38","Sign":"","Signs":{"ID":"22","_":"g","Language":"EN"}},"Name":{"Value":"Weight (with stand)","Language":"EN"}}},{"Localized":0,"ID":670928032,"LocalID":0,"Type":"numerical","Value":"1193","CategoryFeatureId":"91400","CategoryFeatureGroupID":"98","SortNo":"360","PresentationValue":"1193 mm","RawValue":"1193","LocalValue":"1193","Description":"","Mandatory":"0","Searchable":"0","Optional":"0","Feature":{"ID":"12576","Sign":"","Measure":{"ID":"24","Sign":"","Signs":{"ID":"3","_":"mm","Language":"EN"}},"Name":{"Value":"Width (without stand)","Language":"EN"}}},{"Localized":0,"ID":670928048,"LocalID":0,"Type":"numerical","Value":"164","CategoryFeatureId":"91489","CategoryFeatureGroupID":"98","SortNo":"350","PresentationValue":"164 mm","RawValue":"164","LocalValue":"164","Description":"","Mandatory":"0","Searchable":"0","Optional":"0","Feature":{"ID":"12577","Sign":"","Measure":{"ID":"24","Sign":"","Signs":{"ID":"3","_":"mm","Language":"EN"}},"Name":{"Value":"Depth (without stand)","Language":"EN"}}},{"Localized":0,"ID":670928049,"LocalID":0,"Type":"numerical","Value":"373","CategoryFeatureId":"91538","CategoryFeatureGroupID":"98","SortNo":"340","PresentationValue":"373 mm","RawValue":"373","LocalValue":"373","Description":"","Mandatory":"0","Searchable":"0","Optional":"0","Feature":{"ID":"12574","Sign":"","Measure":{"ID":"24","Sign":"","Signs":{"ID":"3","_":"mm","Language":"EN"}},"Name":{"Value":"Height (without stand)","Language":"EN"}}},{"Localized":0,"ID":670928067,"LocalID":0,"Type":"numerical","Value":"11820","CategoryFeatureId":"684552","CategoryFeatureGroupID":"98","SortNo":"330","PresentationValue":"11.8 kg","RawValue":"11820","LocalValue":"11.8","Description":"","Mandatory":"0","Searchable":"0","Optional":"0","Feature":{"ID":"12573","Sign":"","Measure":{"ID":"38","Sign":"","Signs":{"ID":"22","_":"g","Language":"EN"}},"Name":{"Value":"Weight (without stand)","Language":"EN"}}}]},{"ID":23760,"SortNo":"20","FeatureGroup":{"ID":"67","Name":{"Value":"Packaging data","Language":"EN"}},"Features":[{"Localized":0,"ID":670928081,"LocalID":0,"Type":"numerical","Value":"1290","CategoryFeatureId":"22179","CategoryFeatureGroupID":"23760","SortNo":"360","PresentationValue":"1290 mm","RawValue":"1290","LocalValue":"1290","Description":"The distance from one side of the packaging to the other.","Mandatory":"0","Searchable":"0","Optional":"0","Feature":{"ID":"3808","Sign":"","Measure":{"ID":"24","Sign":"","Signs":{"ID":"3","_":"mm","Language":"EN"}},"Name":{"Value":"Package width","Language":"EN"}}},{"Localized":0,"ID":670928082,"LocalID":0,"Type":"numerical","Value":"300","CategoryFeatureId":"22177","CategoryFeatureGroupID":"23760","SortNo":"350","PresentationValue":"300 mm","RawValue":"300","LocalValue":"300","Description":"The distance from the front to the back of the packaging.","Mandatory":"0","Searchable":"0","Optional":"0","Feature":{"ID":"3806","Sign":"","Measure":{"ID":"24","Sign":"","Signs":{"ID":"3","_":"mm","Language":"EN"}},"Name":{"Value":"Package depth","Language":"EN"}}},{"Localized":0,"ID":670928083,"LocalID":0,"Type":"numerical","Value":"475","CategoryFeatureId":"22178","CategoryFeatureGroupID":"23760","SortNo":"340","PresentationValue":"475 mm","RawValue":"475","LocalValue":"475","Description":"The distance from the top to the bottom of the packaging.","Mandatory":"0","Searchable":"0","Optional":"0","Feature":{"ID":"3807","Sign":"","Measure":{"ID":"24","Sign":"","Signs":{"ID":"3","_":"mm","Language":"EN"}},"Name":{"Value":"Package height","Language":"EN"}}},{"Localized":0,"ID":670928084,"LocalID":0,"Type":"numerical","Value":"19540","CategoryFeatureId":"5000","CategoryFeatureGroupID":"23760","SortNo":"330","PresentationValue":"19.5 kg","RawValue":"19540","LocalValue":"19.5","Description":"Weight of the packaged product.","Mandatory":"0","Searchable":"0","Optional":"0","Feature":{"ID":"762","Sign":"","Measure":{"ID":"38","Sign":"","Signs":{"ID":"22","_":"g","Language":"EN"}},"Name":{"Value":"Package weight","Language":"EN"}}}]},{"ID":49260,"SortNo":"19","FeatureGroup":{"ID":"116","Name":{"Value":"Packaging content","Language":"EN"}},"Features":[{"Localized":0,"ID":670927942,"LocalID":0,"Type":"y_n","Value":"Y","CategoryFeatureId":"123142","CategoryFeatureGroupID":"49260","SortNo":"500","PresentationValue":"Yes","RawValue":"Y","LocalValue":"Yes","Description":"","Mandatory":"0","Searchable":"0","Optional":"0","Feature":{"ID":"10505","Sign":"","Measure":{"ID":"26","Sign":"","Signs":{"ID":"","_":"","Language":"EN"}},"Name":{"Value":"Stand included","Language":"EN"}}},{"Localized":0,"ID":670927974,"LocalID":0,"Type":"multi_dropdown","Value":"DisplayPort,HDMI,Power,Thunderbolt","CategoryFeatureId":"16133","CategoryFeatureGroupID":"49260","SortNo":"490","PresentationValue":"DisplayPort, HDMI, Power, Thunderbolt","RawValue":"DisplayPort,HDMI,Power,Thunderbolt","LocalValue":"DisplayPort, HDMI, Power, Thunderbolt","Description":"","Mandatory":"0","Searchable":"0","Optional":"0","Feature":{"ID":"1830","Sign":"","Measure":{"ID":"29","Sign":"","Signs":{"ID":"","_":"","Language":"EN"}},"Name":{"Value":"Cables included","Language":"EN"}}}]},{"ID":72250,"SortNo":"5","FeatureGroup":{"ID":"279","Name":{"Value":"Sustainability","Language":"EN"}},"Features":[{"Localized":0,"ID":670928105,"LocalID":0,"Type":"multi_dropdown","Value":"PVC/BFR","CategoryFeatureId":"624346","CategoryFeatureGroupID":"72250","SortNo":"5","PresentationValue":"PVC/BFR","RawValue":"PVC/BFR","LocalValue":"PVC/BFR","Description":"","Mandatory":"0","Searchable":"0","Optional":"0","Feature":{"ID":"42516","Sign":"","Measure":{"ID":"29","Sign":"","Signs":{"ID":"","_":"","Language":"EN"}},"Name":{"Value":"Doesn't contain","Language":"EN"}}}]},{"ID":8454,"SortNo":"-2","FeatureGroup":{"ID":"146","Name":{"Value":"Other features","Language":"EN"}},"Features":[{"Localized":0,"ID":670927918,"LocalID":0,"Type":"y_n","Value":"Y","CategoryFeatureId":"799445","CategoryFeatureGroupID":"8454","SortNo":"800","PresentationValue":"Yes","RawValue":"Y","LocalValue":"Yes","Description":"","Mandatory":"0","Searchable":"0","Optional":"1","Feature":{"ID":"42069","Sign":"","Measure":{"ID":"26","Sign":"","Signs":{"ID":"","_":"","Language":"EN"}},"Name":{"Value":"HBR3 support","Language":"EN"}}}]}],"FeatureLogos":[{"LogoPic":"https://images.icecat.biz/img/feature_logo/978-2656.png","Width":"300","Height":"165","Size":"0","ThumbPic":"https://images.icecat.biz/img/feature_logo_thumbs/978-2656.png","FeatureID":"42856","Value":"F","KeyLogo":0,"Description":{"Value":"F means that the product is rated in its category in terms of energy efficiency. The Energy Labeling system is based on EU Regulation 2017/1369/EU.","Language":"EN"}}],"ReasonsToBuy":[{"ReasonToBuyID":"93068417","Value":"This Philips docking monitor is equipped with Thunderbolt 4 connection. Compared with conventional USB-C monitors, Thunderbolt 4 technology provides lightning-fast data transfer speeds, supports high-resolution video, offers multi-stream transport for daisy chaining and has a capacity of up to 100 W of power delivery to external devices.","HighPic":"https://images.icecat.biz/img/bullets/120902488-6832a6bb678ed426371194.jpg","HighPicSize":"0","No":"1","Title":"Thunderbolt™ 4 Connection: for lightning-fast connectivity","Language":"EN","Updated":"2025-09-07 23:36:14","Origin":"RTB","IsPrivate":"0"},{"ReasonToBuyID":"92747570","Value":"The Philips VA LED display uses an advanced multi-domain vertical alignment technology that gives you super-high static contrast ratios for extra-vivid and bright images. While standard office applications are handled with ease, it is especially suitable for photos, web browsing, films, gaming and demanding graphical applications. Its optimised pixel management technology gives you a 178/178 degree extra-wide viewing angle, resulting in crisp images.","HighPic":"https://images.icecat.biz/img/bullets/120902488-684a728590b5f157449682.jpg","HighPicSize":"0","No":"2","Title":"VA display delivers awesome images with wide viewing angles","Language":"EN","Updated":"2025-08-31 22:55:35","Origin":"RTB","IsPrivate":"0"},{"ReasonToBuyID":"92367294","Value":"VESA-certified DisplayHDR 400 delivers a significant step up from normal SDR displays. Unlike other 'HDR-compatible' screens, true DisplayHDR 400 produces astonishing brightness, contrast and colours. With global dimming and minimum 400 nits of brightness, images come to life with notable highlights while featuring deeper, more nuanced blacks. It renders a fuller palette of rich new colours, delivering a visual experience that engages your senses.","HighPic":"https://images.icecat.biz/img/bullets/120902488-684a72860fb53738491296.jpg","HighPicSize":"0","No":"3","Title":"DisplayHDR 400 for more lifelike and outstanding visuals","Language":"EN","Updated":"2025-08-24 22:44:28","Origin":"RTB","IsPrivate":"0"},{"ReasonToBuyID":"92367295","Value":"This feature is perfect for multi-person video conferencing. When one or more people join the webcam view, the frame will automatically adjust and zoom to fit all team members. Likewise, when participants leave the webcam view, the frame will adjust accordingly, thereby making it ideal for long meetings as well as team calls.","HighPic":"https://images.icecat.biz/img/bullets/120902488-684a72866469e085595862.jpg","HighPicSize":"0","No":"4","Title":"Webcam Autoframing: for dynamic video calls","Language":"EN","Updated":"2025-08-24 22:44:28","Origin":"RTB","IsPrivate":"0"},{"ReasonToBuyID":"92747571","Value":"Unlike traditional built-in KVM monitor buttons, the smart KVM allows for switching between sources with the click of a button on your keyboard. When all devices are properly connected, users can easily switch between sources by clicking the \"Ctrl\" key three times.","HighPic":"https://images.icecat.biz/img/bullets/120902488-684a7286b8271890271160.jpg","HighPicSize":"0","No":"5","Title":"SmartKVM: for easily switching between sources.","Language":"EN","Updated":"2025-08-31 22:55:35","Origin":"RTB","IsPrivate":"0"},{"ReasonToBuyID":"92747572","Value":"Earphone storage is unmatched with this feature. Carefully pull down the hook located on the side of the monitor: This feature makes for a tidy desktop and provides a handy cable management solution for your workspace.","HighPic":"https://images.icecat.biz/img/bullets/120902488-684a72871941d539510455.jpg","HighPicSize":"0","No":"6","Title":"Earphone hook: for customisable storage","Language":"EN","Updated":"2025-08-31 22:55:35","Origin":"RTB","IsPrivate":"0"},{"ReasonToBuyID":"79402289","Value":"Level up the comfort of video conferencing with this feature. By adjusting the webcam back and forth by 30 degrees, users can now comfortably call and attend meetings from any position that best suits them.","HighPic":"https://images.icecat.biz/img/bullets/120902488-6666901001736107765200.jpg","HighPicSize":"0","No":"7","Title":"Adjustable Webcam: for video conferencing in comfort.","Language":"EN","Updated":"2025-03-27 05:58:24","Origin":"RTB","IsPrivate":"0"},{"ReasonToBuyID":"92747573","Value":"Desktop monitors offer a personal user experience, which suits a curved design very well. The curved screen provides a pleasant yet subtle immersion effect, which focuses on you at the centre of your desk.","HighPic":"https://images.icecat.biz/img/bullets/120902488-684a728851144821151956.jpg","HighPicSize":"0","No":"8","Title":"Curved display design for a more immersive experience","Language":"EN","Updated":"2025-08-31 22:55:35","Origin":"RTB","IsPrivate":"0"},{"ReasonToBuyID":"92367297","Value":"32:9 SuperWide 49\" screen with 5120 x 1440 resolution is designed to replace multiscreen setups for a massive wide view. It's like having two 27\" 16:9 Quad HD displays side by side. SuperWide monitors offer the screen area of dual monitors without the complicated setup.","HighPic":"https://images.icecat.biz/img/bullets/120902488-684a7288a1a58522720235.jpg","HighPicSize":"0","No":"9","Title":"32:9 SuperWide screen designed to replace multiscreen setups","Language":"EN","Updated":"2025-08-24 22:44:28","Origin":"RTB","IsPrivate":"0"},{"ReasonToBuyID":"92367298","Value":"This feature allows for privacy and optimal collaboration when working in a busy office setting. To transmit to others that they are busy, users can simply press the Busylight hotkey located on the bottom left menu of the monitor bezel, and the light located on the webcam will turn red. In addition to this, the Busylight feature can also sync with users' Microsoft Teams status.","HighPic":"https://images.icecat.biz/img/bullets/120902488-684a7289110cd978323898.jpg","HighPicSize":"0","No":"10","Title":"Busylight: for setting your work status","Language":"EN","Updated":"2025-08-24 22:44:28","Origin":"RTB","IsPrivate":"0"},{"ReasonToBuyID":"92367299","Value":"This Philips monitor comes with a built-in 5 MP webcam, noise-cancelling microphone and speakers, making it perfect for working from home and collaborating remotely. It is equipped with advanced sensors that work seamlessly with Windows Hello facial recognition, allowing you to log into your Windows devices in less than 2 seconds. For added privacy, a physical camera switch lets you disable the webcam when not in use. The noise-cancelling microphone and dual 5 watt integrated speakers ensure clear communication.","HighPic":"https://images.icecat.biz/img/bullets/120902488-684529f7cf9aa108092557.jpg","HighPicSize":"0","No":"11","Title":"Collaboration-ready webcam with noise-cancelling mic.","Language":"EN","Updated":"2025-08-24 22:44:28","Origin":"RTB","IsPrivate":"0"},{"ReasonToBuyID":"93068418","Value":"This monitor's PowerSensor 2 feature reduces energy consumption by detecting when users move closer and further away from the screen. After switching the OSD setting to \"User\", you then need to adjust the settings in Windows 11 for this feature to function properly. When these adjustments are made, the monitor and connected PC/laptop will wake when someone approaches it and sleep when someone walks away, effectively reducing the amount of wake time. The distance for detection can be set to 50, 75 or 120 cm from the user's laptop. Please note that Windows 11 must be installed.","HighPic":"https://images.icecat.biz/img/bullets/120902488-6832a6c0da78f228163885.jpg","HighPicSize":"0","No":"12","Title":"PowerSensor 2: for optimised energy efficiency","Language":"EN","Updated":"2025-09-07 23:36:14","Origin":"RTB","IsPrivate":"0"}],"Reviews":[],"ProductRelated":[{"ID":0,"CategoryID":942,"Preferred":0,"IcecatID":66052550,"ProductCode":"RGOVLZE4TWSI","ThumbPic":"","ProductName":"Monitor arm R-Go Zepher Dual, for two monitors, fully adjustable, 0- 8 kg load capacity, 100% circular, black","Brand":"R-Go Tools","BrandID":14659,"ProductRelatedLocales":[{"ID":0,"Language":"EN","Preferred":0,"StartDate":"","EndDate":""}]},{"ID":0,"CategoryID":942,"Preferred":0,"IcecatID":66034473,"ProductCode":"RGOVLZE4SI","ThumbPic":"","ProductName":"Monitor arm R-Go Zepher Single, fully adjustable, 0-8 Kg load capacity, 100% circular, black","Brand":"R-Go Tools","BrandID":14659,"ProductRelatedLocales":[{"ID":0,"Language":"EN","Preferred":0,"StartDate":"","EndDate":""}]},{"ID":0,"CategoryID":942,"Preferred":0,"IcecatID":65524526,"ProductCode":"RGOVLCA4TWSI","ThumbPic":"","ProductName":"Monitor arm R-Go Caparo Dual, for two monitors, adjustable with gas spring, 3-9 kg load capacity, 100% circular, black","Brand":"R-Go Tools","BrandID":14659,"ProductRelatedLocales":[{"ID":0,"Language":"EN","Preferred":0,"StartDate":"","EndDate":""}]},{"ID":0,"CategoryID":942,"Preferred":0,"IcecatID":65516961,"ProductCode":"RGOVLCA4SI","ThumbPic":"","ProductName":"Monitor arm R-Go Caparo Single, fully adjustable with gas spring, 3-9 kg load capacity, 100% circular, black","Brand":"R-Go Tools","BrandID":14659,"ProductRelatedLocales":[{"ID":0,"Language":"EN","Preferred":0,"StartDate":"","EndDate":""}]},{"ID":0,"CategoryID":2918,"Preferred":0,"IcecatID":43582484,"ProductCode":"77HDMI-030","ThumbPic":"","ProductName":"77HDMI-030","Brand":"Cables Direct","BrandID":3239,"ProductRelatedLocales":[{"ID":0,"Language":"EN","Preferred":0,"StartDate":"","EndDate":""}]},{"ID":0,"CategoryID":2918,"Preferred":0,"IcecatID":15522343,"ProductCode":"99HDHS-101H","ThumbPic":"","ProductName":"1.5m HDMI, M - M","Brand":"Cables Direct","BrandID":3239,"ProductRelatedLocales":[{"ID":0,"Language":"EN","Preferred":0,"StartDate":"","EndDate":""}]}],"CatalogObjectCloud":{"ProductPage":{"QRCodeURL":"https://qr.icecat.biz/coc/f97f9f4a-593b-44b4-8b3d-636ec3207660","URL":"https://coc.icecat.biz/f97f9f4a-593b-44b4-8b3d-636ec3207660"}},"Variants":[],"ProductStory":[],"Dictionary":{"model_name":"Product name","desc":"Description","ean_code":"EAN/UPC code","flash360":"3D tour","demo_msg_part3":"If you don't have an Icecat account, please register here for free.","repairability_index":"Repairability index","zoom_panel_init":"Original size","cat_name":"Category","product_family":"Product family","back_to_top":"Back to top","zoom_panel_out":"Zoom out","specs":"Specs","eu_product_fiche":"EU Product Fiche","reviews_head_name":"Reviews","pdf_specs":"Product Brochure","zoom_panel_in":"Zoom in","html_content":"","release_date":"Release date","demo_msg_part1":"You are using now a Demo account. Please, use your own Icecat account","demo_insert_desc":"This is a demo of a seamless insert of an Icecat LIVE product data-sheet in your website. Imagine that this responsive data-sheet is included in the product page of your webshop.","pdf_url":"User manual","prod_code":"Product code","supplier_name":"Brand","video":"Video","reasons_to_buy":"Reasons to buy","marketing_text":"Description","options_head_name":"Options","product_series":"Product series","demo_msg_part2":"your Icecat login name","link_integrate_desk":"How to integrate Icecat LIVE JavaScript.","zoom_panel_dragg":"Mouse dragging","eu_energy_label":"EU Energy Label"},"DemoAccount":false}}