{"msg":"OK","data":{"GeneralInfo":{"IcecatId":100731286,"ReleaseDate":"","EndOfLifeDate":"","Title":"Belcando Adult GF Beef 12.5 kg","TitleInfo":{"GeneratedIntTitle":"Belcando Adult GF Beef","GeneratedLocalTitle":{"Value":"Belcando Adult GF Beef 12.5 kg","Language":"EN"},"BrandLocalTitle":{"Value":"","Language":"EN"}},"Brand":"Belcando","BrandID":"32628","BrandLogo":"","BrandInfo":{"BrandName":"Belcando","BrandLocalName":"","BrandLogo":""},"ProductName":"Adult GF Beef","ProductNameInfo":{"ProductIntName":"Adult GF Beef","ProductLocalName":{"Value":"","Language":"EN"}},"BrandPartCode":"556625","GTIN":["4002633556622"],"Category":{"CategoryID":"3398","Name":{"Value":"Dogs Dry Food","Language":"EN"}},"ProductFamily":{},"ProductSeries":{"SeriesID":"1"},"Description":{"ID":"104044760","LongDesc":"The ideal nourishment for dogs who are gluten- and grain-intolerant who prefer an alternative to poultry. In the recipe which was developed according to a holistic dietary concept, the grain is replaced by high-quality amaranth which has significantly higher levels of important nutrients (protein, the essential amino acid lysine, unsaturated fatty acids, minerals, trace elements). The high proportion of fresh meat makes BELCANDO Adult GF Beef a real treat for the palate, even for finicky dogs. The protein and fat content is adapted to the needs of mature dogs of all breeds with normal activity levels.<br><br>Ratio of animal protein to total protein: 75% (Beef 60%, Fish 15%)","LongProductName":"Adult GF Beef, 12.5kg","MiddleDesc":"","Disclaimer":"","ManualPDFURL":"","ManualPDFSize":"0","LeafletPDFURL":"","PDFSize":"0","URL":"https://www.belcando.com/belcando-adult-gf-beef","WarrantyInfo":"","Updated":"2025-09-09 12:24:39","Language":"EN"},"SummaryDescription":{"ShortSummaryDescription":"Belcando Adult GF Beef, Adult, Any breed, Beef, 12.5 kg","LongSummaryDescription":"Belcando Adult GF Beef. Pet life stage: Adult, Dog breed: Any breed, Pet food flavor: Beef, Weight: 12.5 kg, Grain free"},"BulletPoints":{"BulletPointsId":"13609002","Language":"EN","Values":["For adult dogs with normal activity levels","Without poultry protein","With beef"],"Updated":"2025-09-09 12:24:39"},"GeneratedBulletPoints":{},"GTINs":[{"GTIN":"4002633556622","IsApproved":true}]},"Image":{"HighPic":"https://inishop.com/img/gallery/100731286_0027930427.jpg","HighPicSize":"298690","HighPicHeight":"800","HighPicWidth":"361","LowPic":"https://inishop.com/img/gallery_lows/100731286_0027930427.jpg","LowPicSize":"24034","LowPicHeight":"200","LowPicWidth":"90","Pic500x500":"https://inishop.com/img/gallery_mediums/100731286_0027930427.jpg","Pic500x500Size":"123534","Pic500x500Height":"500","Pic500x500Width":"226","ThumbPic":"https://inishop.com/img/gallery_thumbs/100731286_0027930427.jpg","ThumbPicSize":"5171"},"Multimedia":[],"Gallery":[{"ID":"64847314","LowPic":"https://inishop.com/img/gallery_lows/100731286_0027930427.jpg","LowSize":"24034","LowHeight":"200","LowWidth":"90","ThumbPic":"https://inishop.com/img/gallery_thumbs/100731286_0027930427.jpg","ThumbPicSize":"5171","Pic":"https://inishop.com/img/gallery/100731286_0027930427.jpg","Size":"298690","PicHeight":"800","PicWidth":"361","Pic500x500":"https://inishop.com/img/gallery_mediums/100731286_0027930427.jpg","Pic500x500Size":"123534","Pic500x500Height":"500","Pic500x500Width":"226","No":"2","IsMain":"Y","Updated":"2022-07-24 12:34:47","IsPrivate":"0","Type":"ProductImage","Attributes":{"OriginalFileName":""}},{"ID":"64847315","LowPic":"https://inishop.com/img/gallery_lows/100731404_4854681583.jpg","LowSize":"48661","LowHeight":"200","LowWidth":"200","ThumbPic":"https://inishop.com/img/gallery_thumbs/100731404_4854681583.jpg","ThumbPicSize":"9046","Pic":"https://inishop.com/img/gallery/100731404_4854681583.jpg","Size":"541901","PicHeight":"800","PicWidth":"800","Pic500x500":"https://inishop.com/img/gallery_mediums/100731404_4854681583.jpg","Pic500x500Size":"256693","Pic500x500Height":"500","Pic500x500Width":"500","No":"3","IsMain":"N","Updated":"2024-03-11 09:14:46","IsPrivate":"0","Type":"ProductImage","Attributes":{"OriginalFileName":""}},{"ID":"117096944","LowPic":"https://inishop.com/img/gallery_lows/6f3c814fd073bf4ca44bd8053614f3368575b6b7.jpg","LowSize":"42734","LowHeight":"200","LowWidth":"200","ThumbPic":"https://inishop.com/img/gallery_thumbs/c4367ed3740338c3aa0f8cf7a2dc1049abb9fcdd.jpg","ThumbPicSize":"8812","Pic":"https://inishop.com/img/gallery/00369b36710d9cc582721b7be440ca5e6dda3894.jpg","Size":"339885","PicHeight":"800","PicWidth":"800","Pic500x500":"https://inishop.com/img/gallery_mediums/112aca073abe04cfe00bffef3e2a8b355f9044b6.jpg","Pic500x500Size":"203608","Pic500x500Height":"500","Pic500x500Width":"500","No":"4","IsMain":"N","Updated":"2025-09-09 12:23:47","IsPrivate":"0","Type":"ProductImage","Attributes":{"OriginalFileName":""}}],"FeaturesGroups":[{"ID":13305,"SortNo":"10","FeatureGroup":{"ID":"185","Name":{"Value":"Features","Language":"EN"}},"Features":[{"Localized":0,"ID":491199509,"LocalID":0,"Type":"numerical","Value":"12500","CategoryFeatureId":"189213","CategoryFeatureGroupID":"13305","SortNo":"200","PresentationValue":"12.5 kg","RawValue":"12500","LocalValue":"12.5","Description":"Weight of the product without packaging (net weight). If possible, the net weight is given including standard accessories and supplies. Please note that sometimes the manufacturer leaves out the weight of accessories and/or supplies.","Mandatory":"1","Searchable":"0","Optional":"0","Feature":{"ID":"94","Sign":"","Measure":{"ID":"38","Sign":"","Signs":{"ID":"22","_":"g","Language":"EN"}},"Name":{"Value":"Weight","Language":"EN"}}},{"Localized":0,"ID":491199512,"LocalID":0,"Type":"multi_dropdown","Value":"Any breed","CategoryFeatureId":"122978","CategoryFeatureGroupID":"13305","SortNo":"190","PresentationValue":"Any breed","RawValue":"Any breed","LocalValue":"Any breed","Description":"","Mandatory":"1","Searchable":"0","Optional":"0","Feature":{"ID":"20710","Sign":"","Measure":{"ID":"29","Sign":"","Signs":{"ID":"","_":"","Language":"EN"}},"Name":{"Value":"Dog breed","Language":"EN"}}},{"Localized":0,"ID":491199519,"LocalID":0,"Type":"multi_dropdown","Value":"Vitamin A,Vitamin D3,Vitamin E","CategoryFeatureId":"201495","CategoryFeatureGroupID":"13305","SortNo":"175","PresentationValue":"Vitamin A, Vitamin D3, Vitamin E","RawValue":"Vitamin A,Vitamin D3,Vitamin E","LocalValue":"Vitamin A, Vitamin D3, Vitamin E","Description":"","Mandatory":"0","Searchable":"0","Optional":"0","Feature":{"ID":"26607","Sign":"","Measure":{"ID":"29","Sign":"","Signs":{"ID":"","_":"","Language":"EN"}},"Name":{"Value":"Includes vitamins","Language":"EN"}}},{"Localized":0,"ID":491199515,"LocalID":0,"Type":"y_n","Value":"Y","CategoryFeatureId":"201482","CategoryFeatureGroupID":"13305","SortNo":"170","PresentationValue":"Yes","RawValue":"Y","LocalValue":"Yes","Description":"","Mandatory":"0","Searchable":"0","Optional":"0","Feature":{"ID":"30403","Sign":"","Measure":{"ID":"26","Sign":"","Signs":{"ID":"","_":"","Language":"EN"}},"Name":{"Value":"Grain free","Language":"EN"}}},{"Localized":0,"ID":491199503,"LocalID":0,"Type":"dropdown","Value":"Adult (animal)","CategoryFeatureId":"122907","CategoryFeatureGroupID":"13305","SortNo":"20","PresentationValue":"Adult","RawValue":"Adult (animal)","LocalValue":"Adult","Description":"","Mandatory":"1","Searchable":"1","Optional":"0","Feature":{"ID":"20700","Sign":"","Measure":{"ID":"29","Sign":"","Signs":{"ID":"","_":"","Language":"EN"}},"Name":{"Value":"Pet life stage","Language":"EN"}}},{"Localized":0,"ID":491199505,"LocalID":0,"Type":"multi_dropdown","Value":"Beef","CategoryFeatureId":"122918","CategoryFeatureGroupID":"13305","SortNo":"17","PresentationValue":"Beef","RawValue":"Beef","LocalValue":"Beef","Description":"","Mandatory":"1","Searchable":"1","Optional":"0","Feature":{"ID":"20702","Sign":"","Measure":{"ID":"29","Sign":"","Signs":{"ID":"","_":"","Language":"EN"}},"Name":{"Value":"Pet food flavor","Language":"EN"}}}]},{"ID":22475,"SortNo":"8","FeatureGroup":{"ID":"200","Name":{"Value":"Nutrition facts","Language":"EN"}},"Features":[{"Localized":0,"ID":491199522,"LocalID":0,"Type":"numerical","Value":"23.5","CategoryFeatureId":"122923","CategoryFeatureGroupID":"22475","SortNo":"100","PresentationValue":"23.5%","RawValue":"23.5","LocalValue":"23.5","Description":"","Mandatory":"0","Searchable":"0","Optional":"0","Feature":{"ID":"20705","Sign":"","Measure":{"ID":"64","Sign":"","Signs":{"ID":"47","_":"%","Language":"EN"}},"Name":{"Value":"Protein","Language":"EN"}}},{"Localized":0,"ID":491199523,"LocalID":0,"Type":"numerical","Value":"13","CategoryFeatureId":"122924","CategoryFeatureGroupID":"22475","SortNo":"100","PresentationValue":"13%","RawValue":"13","LocalValue":"13","Description":"","Mandatory":"0","Searchable":"0","Optional":"0","Feature":{"ID":"20706","Sign":"","Measure":{"ID":"64","Sign":"","Signs":{"ID":"47","_":"%","Language":"EN"}},"Name":{"Value":"Fat content","Language":"EN"}}},{"Localized":0,"ID":491199525,"LocalID":0,"Type":"numerical","Value":"7","CategoryFeatureId":"122925","CategoryFeatureGroupID":"22475","SortNo":"100","PresentationValue":"7%","RawValue":"7","LocalValue":"7","Description":"","Mandatory":"0","Searchable":"0","Optional":"0","Feature":{"ID":"20707","Sign":"","Measure":{"ID":"64","Sign":"","Signs":{"ID":"47","_":"%","Language":"EN"}},"Name":{"Value":"Crude ash","Language":"EN"}}},{"Localized":0,"ID":491199526,"LocalID":0,"Type":"numerical","Value":"3.5","CategoryFeatureId":"122926","CategoryFeatureGroupID":"22475","SortNo":"100","PresentationValue":"3.5%","RawValue":"3.5","LocalValue":"3.5","Description":"","Mandatory":"0","Searchable":"0","Optional":"0","Feature":{"ID":"20708","Sign":"","Measure":{"ID":"64","Sign":"","Signs":{"ID":"47","_":"%","Language":"EN"}},"Name":{"Value":"Crude fibres","Language":"EN"}}},{"Localized":0,"ID":491199527,"LocalID":0,"Type":"numerical","Value":"1","CategoryFeatureId":"201489","CategoryFeatureGroupID":"22475","SortNo":"100","PresentationValue":"1%","RawValue":"1","LocalValue":"1","Description":"","Mandatory":"0","Searchable":"0","Optional":"0","Feature":{"ID":"30405","Sign":"","Measure":{"ID":"64","Sign":"","Signs":{"ID":"47","_":"%","Language":"EN"}},"Name":{"Value":"Phosphorus","Language":"EN"}}},{"Localized":0,"ID":491199529,"LocalID":0,"Type":"numerical","Value":"1.3","CategoryFeatureId":"201490","CategoryFeatureGroupID":"22475","SortNo":"100","PresentationValue":"1.3%","RawValue":"1.3","LocalValue":"1.3","Description":"","Mandatory":"0","Searchable":"0","Optional":"0","Feature":{"ID":"30404","Sign":"","Measure":{"ID":"64","Sign":"","Signs":{"ID":"47","_":"%","Language":"EN"}},"Name":{"Value":"Calcium","Language":"EN"}}},{"Localized":0,"ID":491199530,"LocalID":0,"Type":"numerical","Value":"0.35","CategoryFeatureId":"201491","CategoryFeatureGroupID":"22475","SortNo":"100","PresentationValue":"0.35%","RawValue":"0.35","LocalValue":"0.35","Description":"","Mandatory":"0","Searchable":"0","Optional":"0","Feature":{"ID":"30406","Sign":"","Measure":{"ID":"64","Sign":"","Signs":{"ID":"47","_":"%","Language":"EN"}},"Name":{"Value":"Sodium","Language":"EN"}}},{"Localized":0,"ID":491199531,"LocalID":0,"Type":"numerical","Value":"10","CategoryFeatureId":"204245","CategoryFeatureGroupID":"22475","SortNo":"97","PresentationValue":"10%","RawValue":"10","LocalValue":"10","Description":"","Mandatory":"0","Searchable":"0","Optional":"0","Feature":{"ID":"30418","Sign":"","Measure":{"ID":"64","Sign":"","Signs":{"ID":"47","_":"%","Language":"EN"}},"Name":{"Value":"Magnesium content","Language":"EN"}}},{"Localized":0,"ID":491199616,"LocalID":0,"Type":"numerical","Value":"200","CategoryFeatureId":"205029","CategoryFeatureGroupID":"22475","SortNo":"73","PresentationValue":"200 mg/kg","RawValue":"200","LocalValue":"200","Description":"","Mandatory":"0","Searchable":"0","Optional":"0","Feature":{"ID":"30781","Sign":"","Measure":{"ID":"395","Sign":"","Signs":{"ID":"31867","_":"mg/kg","Language":"EN"}},"Name":{"Value":"Iron content","Language":"EN"}}},{"Localized":0,"ID":491199617,"LocalID":0,"Type":"numerical","Value":"125","CategoryFeatureId":"205030","CategoryFeatureGroupID":"22475","SortNo":"70","PresentationValue":"125 mg/kg","RawValue":"125","LocalValue":"125","Description":"","Mandatory":"0","Searchable":"0","Optional":"0","Feature":{"ID":"30782","Sign":"","Measure":{"ID":"395","Sign":"","Signs":{"ID":"31867","_":"mg/kg","Language":"EN"}},"Name":{"Value":"Zinc content","Language":"EN"}}},{"Localized":0,"ID":491199627,"LocalID":0,"Type":"numerical","Value":"12.5","CategoryFeatureId":"205032","CategoryFeatureGroupID":"22475","SortNo":"64","PresentationValue":"12.5 mg/kg","RawValue":"12.5","LocalValue":"12.5","Description":"","Mandatory":"0","Searchable":"0","Optional":"0","Feature":{"ID":"30784","Sign":"","Measure":{"ID":"395","Sign":"","Signs":{"ID":"31867","_":"mg/kg","Language":"EN"}},"Name":{"Value":"Copper content","Language":"EN"}}},{"Localized":0,"ID":491199632,"LocalID":0,"Type":"numerical","Value":"2","CategoryFeatureId":"205033","CategoryFeatureGroupID":"22475","SortNo":"61","PresentationValue":"2 mg/kg","RawValue":"2","LocalValue":"2","Description":"","Mandatory":"0","Searchable":"0","Optional":"0","Feature":{"ID":"30785","Sign":"","Measure":{"ID":"395","Sign":"","Signs":{"ID":"31867","_":"mg/kg","Language":"EN"}},"Name":{"Value":"Iodine content","Language":"EN"}}},{"Localized":0,"ID":491199633,"LocalID":0,"Type":"numerical","Value":"0.05","CategoryFeatureId":"205034","CategoryFeatureGroupID":"22475","SortNo":"58","PresentationValue":"0.05 mg/kg","RawValue":"0.05","LocalValue":"0.05","Description":"","Mandatory":"0","Searchable":"0","Optional":"0","Feature":{"ID":"30786","Sign":"","Measure":{"ID":"395","Sign":"","Signs":{"ID":"31867","_":"mg/kg","Language":"EN"}},"Name":{"Value":"Selenium content","Language":"EN"}}},{"Localized":0,"ID":491199635,"LocalID":0,"Type":"numerical","Value":"13000","CategoryFeatureId":"205036","CategoryFeatureGroupID":"22475","SortNo":"55","PresentationValue":"13000 IU/kg","RawValue":"13000","LocalValue":"13000","Description":"","Mandatory":"0","Searchable":"0","Optional":"0","Feature":{"ID":"30787","Sign":"","Measure":{"ID":"394","Sign":"","Signs":{"ID":"31813","_":"IU/kg","Language":"EN"}},"Name":{"Value":"Vitamin A content","Language":"EN"}}},{"Localized":0,"ID":491199636,"LocalID":0,"Type":"numerical","Value":"1300","CategoryFeatureId":"205037","CategoryFeatureGroupID":"22475","SortNo":"52","PresentationValue":"1300 IU/kg","RawValue":"1300","LocalValue":"1300","Description":"","Mandatory":"0","Searchable":"0","Optional":"0","Feature":{"ID":"30788","Sign":"","Measure":{"ID":"394","Sign":"","Signs":{"ID":"31813","_":"IU/kg","Language":"EN"}},"Name":{"Value":"Vitamin D3 content","Language":"EN"}}},{"Localized":0,"ID":491199637,"LocalID":0,"Type":"numerical","Value":"130","CategoryFeatureId":"205038","CategoryFeatureGroupID":"22475","SortNo":"49","PresentationValue":"130 mg/kg","RawValue":"130","LocalValue":"130","Description":"","Mandatory":"0","Searchable":"0","Optional":"0","Feature":{"ID":"30789","Sign":"","Measure":{"ID":"395","Sign":"","Signs":{"ID":"31867","_":"mg/kg","Language":"EN"}},"Name":{"Value":"Vitamin E content","Language":"EN"}}}]},{"ID":39141,"SortNo":"-1","FeatureGroup":{"ID":"198","Name":{"Value":"Logistics data","Language":"EN"}},"Features":[{"Localized":0,"ID":491199618,"LocalID":0,"Type":"multi_dropdown","Value":"Germany","CategoryFeatureId":"377144","CategoryFeatureGroupID":"39141","SortNo":"0","PresentationValue":"Germany","RawValue":"Germany","LocalValue":"Germany","Description":"Country where the device is made. Aka Country of manufacture (COM).","Mandatory":"0","Searchable":"0","Optional":"0","Feature":{"ID":"3294","Sign":"","Measure":{"ID":"29","Sign":"","Signs":{"ID":"","_":"","Language":"EN"}},"Name":{"Value":"Country of origin","Language":"EN"}}}]}],"FeatureLogos":[],"ReasonsToBuy":[],"Reviews":[],"ProductRelated":[],"CatalogObjectCloud":{},"Variants":[],"ProductStory":[],"Dictionary":{"model_name":"Product name","desc":"Description","ean_code":"EAN/UPC code","flash360":"3D tour","demo_msg_part3":"If you don't have an Icecat account, please register here for free.","repairability_index":"Repairability index","zoom_panel_init":"Original size","cat_name":"Category","product_family":"Product family","back_to_top":"Back to top","zoom_panel_out":"Zoom out","specs":"Specs","eu_product_fiche":"EU Product Fiche","reviews_head_name":"Reviews","pdf_specs":"Product Brochure","zoom_panel_in":"Zoom in","html_content":"","release_date":"Release date","demo_msg_part1":"You are using now a Demo account. Please, use your own Icecat account","demo_insert_desc":"This is a demo of a seamless insert of an Icecat LIVE product data-sheet in your website. Imagine that this responsive data-sheet is included in the product page of your webshop.","pdf_url":"User manual","prod_code":"Product code","supplier_name":"Brand","video":"Video","reasons_to_buy":"Reasons to buy","marketing_text":"Description","options_head_name":"Options","product_series":"Product series","demo_msg_part2":"your Icecat login name","link_integrate_desk":"How to integrate Icecat LIVE JavaScript.","zoom_panel_dragg":"Mouse dragging","eu_energy_label":"EU Energy Label"},"DemoAccount":false}}