{"msg":"OK","data":{"GeneralInfo":{"IcecatId":134703618,"ReleaseDate":"","EndOfLifeDate":"","Title":"Interflora Lovely Little On Trend Gift Box Birthday","TitleInfo":{"GeneratedIntTitle":"Interflora Lovely Little On Trend Gift Box","GeneratedLocalTitle":{"Value":"Interflora Lovely Little On Trend Gift Box","Language":"EN"},"BrandLocalTitle":{"Value":"","Language":"EN"}},"Brand":"Interflora","BrandID":"43646","BrandLogo":"","BrandInfo":{"BrandName":"Interflora","BrandLocalName":"","BrandLogo":""},"ProductName":"Lovely Little On Trend Gift Box","ProductNameInfo":{"ProductIntName":"Lovely Little On Trend Gift Box","ProductLocalName":{"Value":"Lovely Little On Trend Gift Box","Language":"EN"}},"BrandPartCode":"ATGB0100","GTIN":[],"Category":{"CategoryID":"4796","Name":{"Value":"Fresh Cut Mixed Bouquets & Flowers","Language":"EN"}},"ProductFamily":{},"ProductSeries":{"SeriesID":"1"},"Description":{"ID":"104044303","LongDesc":"A quick rundown: a lovely little gift box with a handmade bouquet of soft, autumn-themed blooms and foliage.<br><br>Colour & style: fresh flowers and foliage in the softer shades of the season you might see blooms in shades of cream, apricot, russet and chocolate<br><br>A great gift for: fans of the latest flower and design styles, autumn birthdays.","LongProductName":"Lovely Little On Trend Gift Box","MiddleDesc":"","Disclaimer":"","ManualPDFURL":"","ManualPDFSize":"0","LeafletPDFURL":"","PDFSize":"0","URL":"https://www.interflora.co.uk/product/lovely-little-on-trend-gift-box-atgb0100s","WarrantyInfo":"","Updated":"2025-09-09 10:51:55","Language":"EN"},"SummaryDescription":{"ShortSummaryDescription":"Interflora Lovely Little On Trend Gift Box, Fresh cut mixed bouquet, Multicolour, Birthday, 7 day(s)","LongSummaryDescription":"Interflora Lovely Little On Trend Gift Box. Product type: Fresh cut mixed bouquet, Product colour: Multicolour, Occasion: Birthday"},"BulletPoints":{"BulletPointsId":"13608857","Language":"EN","Values":["• This will be handcrafted by their local florist, who will use all their care and skill and make sure it arrives ready to wow.","• It might not look exactly like the pictures because each bouquet is bespoke, made by hand.","• It's guaranteed to look gorgeous for at least 7 days, or we'll put it right.","• It could feature buds, but they'll open up quickly.","• The packaging is all recyclable or biodegradable.","• It comes with a lovely card, the florist will add your message inside (usually by hand)."],"Updated":"2025-09-09 10:51:55"},"GeneratedBulletPoints":{},"GTINs":[]},"Image":{"HighPic":"https://inishop.com/img/gallery/fe89976c3efff48e4f3ebf209ba2d25e379e5659.jpg","HighPicSize":"356204","HighPicHeight":"960","HighPicWidth":"960","LowPic":"https://inishop.com/img/gallery_lows/d382440edd976a593cf73ffbcb289ea3725a7b93.jpg","LowPicSize":"47032","LowPicHeight":"200","LowPicWidth":"200","Pic500x500":"https://inishop.com/img/gallery_mediums/e4d38f6be8c1f04829e92b0116c77efc88f64dd4.jpg","Pic500x500Size":"196620","Pic500x500Height":"500","Pic500x500Width":"500","ThumbPic":"https://inishop.com/img/gallery_thumbs/8c1aa47561477e93c481f1c527205b16f9f34e48.jpg","ThumbPicSize":"9642"},"Multimedia":[],"Gallery":[{"ID":"117095436","LowPic":"https://inishop.com/img/gallery_lows/d382440edd976a593cf73ffbcb289ea3725a7b93.jpg","LowSize":"47032","LowHeight":"200","LowWidth":"200","ThumbPic":"https://inishop.com/img/gallery_thumbs/8c1aa47561477e93c481f1c527205b16f9f34e48.jpg","ThumbPicSize":"9642","Pic":"https://inishop.com/img/gallery/fe89976c3efff48e4f3ebf209ba2d25e379e5659.jpg","Size":"356204","PicHeight":"960","PicWidth":"960","Pic500x500":"https://inishop.com/img/gallery_mediums/e4d38f6be8c1f04829e92b0116c77efc88f64dd4.jpg","Pic500x500Size":"196620","Pic500x500Height":"500","Pic500x500Width":"500","No":"1","IsMain":"Y","Updated":"2025-09-09 10:50:40","IsPrivate":"0","Type":"ProductImage","Attributes":{"OriginalFileName":""}},{"ID":"117095437","LowPic":"https://inishop.com/img/gallery_lows/eca14ca1917e8dd6d0f37bd193dd970f69ef1274.jpg","LowSize":"61639","LowHeight":"200","LowWidth":"200","ThumbPic":"https://inishop.com/img/gallery_thumbs/f9d45b5280b1d62b5769260b7366596fad49266b.jpg","ThumbPicSize":"12045","Pic":"https://inishop.com/img/gallery/8a79ad08650bc4dd82cb1b1aafa2fd02e657c614.jpg","Size":"484530","PicHeight":"960","PicWidth":"960","Pic500x500":"https://inishop.com/img/gallery_mediums/370c3a5d837923d4429a0d0ba54cd371c0b22fd2.jpg","Pic500x500Size":"256845","Pic500x500Height":"500","Pic500x500Width":"500","No":"2","IsMain":"N","Updated":"2025-09-09 10:50:52","IsPrivate":"0","Type":"ProductDetailImage","Attributes":{"OriginalFileName":""}},{"ID":"117095440","LowPic":"https://inishop.com/img/gallery_lows/4c49625449c129a66a8f4a624cec0a1b1e0bb90f.jpg","LowSize":"52620","LowHeight":"200","LowWidth":"200","ThumbPic":"https://inishop.com/img/gallery_thumbs/a27746b4393882594635cac62f64bfce087d73b0.jpg","ThumbPicSize":"10300","Pic":"https://inishop.com/img/gallery/7d14db40fd753234e0bef4a44c2aac403a53ef19.jpg","Size":"457345","PicHeight":"960","PicWidth":"960","Pic500x500":"https://inishop.com/img/gallery_mediums/0f6b2a0f5311751d30ec7b6c40314cae2d22b26f.jpg","Pic500x500Size":"235634","Pic500x500Height":"500","Pic500x500Width":"500","No":"3","IsMain":"N","Updated":"2025-09-09 10:51:00","IsPrivate":"0","Type":"LifestyleImage","Attributes":{"OriginalFileName":""}},{"ID":"117095442","LowPic":"https://inishop.com/img/gallery_lows/64a5ff9d401ce2b1b57d80f9a098abd2fc3aff0f.jpg","LowSize":"51234","LowHeight":"200","LowWidth":"200","ThumbPic":"https://inishop.com/img/gallery_thumbs/7fe23065187a46a1b0ccffb0fa5305daa189455d.jpg","ThumbPicSize":"9979","Pic":"https://inishop.com/img/gallery/cd16364503baabb6f07612d93bfd0155f52d1487.jpg","Size":"483166","PicHeight":"960","PicWidth":"960","Pic500x500":"https://inishop.com/img/gallery_mediums/63a496e422b6b3294b38f4628f585bb62497c62d.jpg","Pic500x500Size":"242452","Pic500x500Height":"500","Pic500x500Width":"500","No":"4","IsMain":"N","Updated":"2025-09-09 10:51:08","IsPrivate":"0","Type":"LifestyleImage","Attributes":{"OriginalFileName":""}}],"FeaturesGroups":[{"ID":24776,"SortNo":"50","FeatureGroup":{"ID":"185","Name":{"Value":"Features","Language":"EN"}},"Features":[{"Localized":0,"ID":835243590,"LocalID":0,"Type":"dropdown","Value":"Fresh cut mixed bouquet","CategoryFeatureId":"935697","CategoryFeatureGroupID":"24776","SortNo":"500","PresentationValue":"Fresh cut mixed bouquet","RawValue":"Fresh cut mixed bouquet","LocalValue":"Fresh cut mixed bouquet","Description":"The sub-category of the product.","Mandatory":"1","Searchable":"1","Optional":"0","Feature":{"ID":"14052","Sign":"","Measure":{"ID":"29","Sign":"","Signs":{"ID":"","_":"","Language":"EN"}},"Name":{"Value":"Product type","Language":"EN"}}},{"Localized":0,"ID":835243668,"LocalID":0,"Type":"multi_dropdown","Value":"Multicolour","CategoryFeatureId":"945016","CategoryFeatureGroupID":"24776","SortNo":"300","PresentationValue":"Multicolour","RawValue":"Multicolour","LocalValue":"Multicolour","Description":"The colour e.g. red, blue, green, black, white.","Mandatory":"0","Searchable":"0","Optional":"0","Feature":{"ID":"1766","Sign":"","Measure":{"ID":"29","Sign":"","Signs":{"ID":"","_":"","Language":"EN"}},"Name":{"Value":"Product colour","Language":"EN"}}},{"Localized":0,"ID":835243707,"LocalID":0,"Type":"dropdown","Value":"Birthday","CategoryFeatureId":"221114","CategoryFeatureGroupID":"24776","SortNo":"250","PresentationValue":"Birthday","RawValue":"Birthday","LocalValue":"Birthday","Description":"","Mandatory":"0","Searchable":"0","Optional":"0","Feature":{"ID":"29202","Sign":"","Measure":{"ID":"29","Sign":"","Signs":{"ID":"","_":"","Language":"EN"}},"Name":{"Value":"Occasion","Language":"EN"}}},{"Localized":0,"ID":835243695,"LocalID":0,"Type":"numerical","Value":"7","CategoryFeatureId":"221116","CategoryFeatureGroupID":"24776","SortNo":"0","PresentationValue":"7 day(s)","RawValue":"7","LocalValue":"7","Description":"","Mandatory":"0","Searchable":"0","Optional":"0","Feature":{"ID":"19213","Sign":"","Measure":{"ID":"49","Sign":"","Signs":{"ID":"33","_":"day(s)","Language":"EN"}},"Name":{"Value":"Lifespan","Language":"EN"}}}]}],"FeatureLogos":[],"ReasonsToBuy":[],"Reviews":[],"ProductRelated":[],"CatalogObjectCloud":{},"Variants":[],"ProductStory":[],"Dictionary":{"model_name":"Product name","desc":"Description","ean_code":"EAN/UPC code","flash360":"3D tour","demo_msg_part3":"If you don't have an Icecat account, please register here for free.","repairability_index":"Repairability index","zoom_panel_init":"Original size","cat_name":"Category","product_family":"Product family","back_to_top":"Back to top","zoom_panel_out":"Zoom out","specs":"Specs","eu_product_fiche":"EU Product Fiche","reviews_head_name":"Reviews","pdf_specs":"Product Brochure","zoom_panel_in":"Zoom in","html_content":"","release_date":"Release date","demo_msg_part1":"You are using now a Demo account. Please, use your own Icecat account","demo_insert_desc":"This is a demo of a seamless insert of an Icecat LIVE product data-sheet in your website. Imagine that this responsive data-sheet is included in the product page of your webshop.","pdf_url":"User manual","prod_code":"Product code","supplier_name":"Brand","video":"Video","reasons_to_buy":"Reasons to buy","marketing_text":"Description","options_head_name":"Options","product_series":"Product series","demo_msg_part2":"your Icecat login name","link_integrate_desk":"How to integrate Icecat LIVE JavaScript.","zoom_panel_dragg":"Mouse dragging","eu_energy_label":"EU Energy Label"},"DemoAccount":false}}