{"msg":"OK","data":{"GeneralInfo":{"IcecatId":103425258,"ReleaseDate":"","EndOfLifeDate":"","Title":"glo Hyper X2 - White Gold","TitleInfo":{"GeneratedIntTitle":"glo Hyper X2 electronic cigarette","GeneratedLocalTitle":{"Value":"glo Hyper X2 electronic cigarette Gold, White","Language":"EN"},"BrandLocalTitle":{"Value":"glo Hyper X2 - White Gold","Language":"EN"}},"Brand":"glo","BrandID":"37049","BrandLogo":"","BrandInfo":{"BrandName":"glo","BrandLocalName":"","BrandLogo":""},"ProductName":"Hyper X2 - White Gold","ProductNameInfo":{"ProductIntName":"X2","ProductLocalName":{"Value":"Hyper X2 - White Gold","Language":"EN"}},"BrandPartCode":"ED320","GTIN":["5208049006358"],"Category":{"CategoryID":"2401","Name":{"Value":"Electronic Cigarettes","Language":"EN"}},"ProductFamily":{"ProductFamilyID":"74130","Value":"Hyper","Language":"EN"},"ProductSeries":{"SeriesID":"1"},"Description":{"ID":"104044137","LongDesc":"<b>New design<br>ELEGANT, LIGHT, COMPACT</b><br>Rounded surfaces with a matte finish for an elegant and distinctive design.<br>Designed not only to have an improved aesthetic but also to be more<br>user-friendly.<br><br><b>WHAT IS INSIDE THE BOX?</b><br>A new low-impact packaging: reducing the size<br>by 30% produces positive effects on the entire<br>supply chain, from material to transport.","LongProductName":"Hyper X2 - White Gold","MiddleDesc":"","Disclaimer":"","ManualPDFURL":"","ManualPDFSize":"0","LeafletPDFURL":"","PDFSize":"0","URL":"https://www.myglo.com/cy/en/sticks/glo-hyper-x2-white-gold","WarrantyInfo":"","Updated":"2025-09-09 09:40:11","Language":"EN"},"SummaryDescription":{"ShortSummaryDescription":"glo Hyper X2 - White Gold, 265 °C, 15 s, 20 s, Gold, White, Buttons, 3.5 h","LongSummaryDescription":"glo Hyper X2 - White Gold. Heating temperature (max): 265 °C, Rump-up time (boost mode): 15 s, Rump-up time (standard mode): 20 s. Product colour: Gold, White, Control type: Buttons. Charging time: 3.5 h. Width: 43.3 mm, Depth: 21.4 mm, Height: 77.5 mm. Package width: 108.5 mm, Package depth: 85.5 mm, Package weight: 40.3 g"},"BulletPoints":{"BulletPointsId":"13608742","Language":"EN","Values":["One-click opening for more hygiene","Boost button to customize your taste experience","LED on the upper side of the device to see the duration of the session","Compatible with neo™ & veo™ sticks"],"Updated":"2025-09-09 09:40:11"},"GeneratedBulletPoints":{},"GTINs":[{"GTIN":"5208049006358","IsApproved":true}]},"Image":{"HighPic":"https://inishop.com/img/gallery/b6185965a27ae05f8b299191bd49badfb67fecbd.jpg","HighPicSize":"92276","HighPicHeight":"641","HighPicWidth":"295","LowPic":"https://inishop.com/img/gallery_lows/82c9f619d1182cadee8b46171cb1fbfca26d595c.jpg","LowPicSize":"11612","LowPicHeight":"200","LowPicWidth":"92","Pic500x500":"https://inishop.com/img/gallery_mediums/baf0fcd70096db1df429618116c28b8ce29d5697.jpg","Pic500x500Size":"56570","Pic500x500Height":"500","Pic500x500Width":"230","ThumbPic":"https://inishop.com/img/gallery_thumbs/3194ae846b8d1cacd8bf9670a76c61ffafbefeda.jpg","ThumbPicSize":"3061"},"Multimedia":[],"Gallery":[{"ID":"117094719","LowPic":"https://inishop.com/img/gallery_lows/82c9f619d1182cadee8b46171cb1fbfca26d595c.jpg","LowSize":"11612","LowHeight":"200","LowWidth":"92","ThumbPic":"https://inishop.com/img/gallery_thumbs/3194ae846b8d1cacd8bf9670a76c61ffafbefeda.jpg","ThumbPicSize":"3061","Pic":"https://inishop.com/img/gallery/b6185965a27ae05f8b299191bd49badfb67fecbd.jpg","Size":"92276","PicHeight":"641","PicWidth":"295","Pic500x500":"https://inishop.com/img/gallery_mediums/baf0fcd70096db1df429618116c28b8ce29d5697.jpg","Pic500x500Size":"56570","Pic500x500Height":"500","Pic500x500Width":"230","No":"2","IsMain":"Y","Updated":"2025-09-09 09:38:27","IsPrivate":"0","Type":"ProductImage","Attributes":{"OriginalFileName":""}},{"ID":"117094720","LowPic":"https://inishop.com/img/gallery_lows/c39892240ed747395ca6936301033cce24d07469.jpg","LowSize":"9127","LowHeight":"200","LowWidth":"100","ThumbPic":"https://inishop.com/img/gallery_thumbs/9ca4435db9b7ab40c6b21c004c3168f66747c58c.jpg","ThumbPicSize":"2751","Pic":"https://inishop.com/img/gallery/27b156b4db311dcfd631c918dc04b054d735dcc0.jpg","Size":"102970","PicHeight":"757","PicWidth":"378","Pic500x500":"https://inishop.com/img/gallery_mediums/40e99f9ce56331ff830eccdac0a4ca50fc08528e.jpg","Pic500x500Size":"44633","Pic500x500Height":"500","Pic500x500Width":"250","No":"3","IsMain":"N","Updated":"2025-09-09 09:38:31","IsPrivate":"0","Type":"ProductImage","Attributes":{"OriginalFileName":""}},{"ID":"117094721","LowPic":"https://inishop.com/img/gallery_lows/61e2838e404ebbd744e12fe949f684277ef59163.jpg","LowSize":"11466","LowHeight":"200","LowWidth":"99","ThumbPic":"https://inishop.com/img/gallery_thumbs/131237b0ac9a66e318a3f0d492c99dfe12b2bd3d.jpg","ThumbPicSize":"3022","Pic":"https://inishop.com/img/gallery/e6291a440e335e2347b0241d5a1479ee0ce2905f.jpg","Size":"134216","PicHeight":"761","PicWidth":"375","Pic500x500":"https://inishop.com/img/gallery_mediums/76d3b31e274f488eb360b57a5ae6c001928043fd.jpg","Pic500x500Size":"57372","Pic500x500Height":"500","Pic500x500Width":"246","No":"4","IsMain":"N","Updated":"2025-09-09 09:38:36","IsPrivate":"0","Type":"ProductImage","Attributes":{"OriginalFileName":""}},{"ID":"117094722","LowPic":"https://inishop.com/img/gallery_lows/668a1ce848cf97a463b37b25c9ace76b6e5e3d6f.jpg","LowSize":"11576","LowHeight":"200","LowWidth":"121","ThumbPic":"https://inishop.com/img/gallery_thumbs/0df16e905978109e5e51daed8a7df90378bfd07e.jpg","ThumbPicSize":"3170","Pic":"https://inishop.com/img/gallery/57f6c2103756459e719b8e80d73f1a262c488a3e.jpg","Size":"125824","PicHeight":"704","PicWidth":"427","Pic500x500":"https://inishop.com/img/gallery_mediums/7eea6192f38d235f19a1b869757b2e2194ca04da.jpg","Pic500x500Size":"62332","Pic500x500Height":"500","Pic500x500Width":"303","No":"5","IsMain":"N","Updated":"2025-09-09 09:38:41","IsPrivate":"0","Type":"ProductImage","Attributes":{"OriginalFileName":""}},{"ID":"117094723","LowPic":"https://inishop.com/img/gallery_lows/ad3c611286c4a825439d8f4f475cc6d7480412c0.jpg","LowSize":"11520","LowHeight":"200","LowWidth":"122","ThumbPic":"https://inishop.com/img/gallery_thumbs/ab63347fb436b70c1c7d76096406fa6a840d578e.jpg","ThumbPicSize":"3209","Pic":"https://inishop.com/img/gallery/1d81818042a24879e36b57504525e153b987fe23.jpg","Size":"125077","PicHeight":"699","PicWidth":"427","Pic500x500":"https://inishop.com/img/gallery_mediums/19086e0c8f777973d3bda3b6818e5aad22963133.jpg","Pic500x500Size":"62635","Pic500x500Height":"500","Pic500x500Width":"305","No":"6","IsMain":"N","Updated":"2025-09-09 09:38:46","IsPrivate":"0","Type":"ProductImage","Attributes":{"OriginalFileName":""}}],"FeaturesGroups":[{"ID":70844,"SortNo":"12","FeatureGroup":{"ID":"185","Name":{"Value":"Features","Language":"EN"}},"Features":[{"Localized":0,"ID":836043531,"LocalID":0,"Type":"numerical","Value":"265","CategoryFeatureId":"950841","CategoryFeatureGroupID":"70844","SortNo":"60","PresentationValue":"265 °C","RawValue":"265","LocalValue":"265","Description":"","Mandatory":"0","Searchable":"0","Optional":"0","Feature":{"ID":"42027","Sign":"","Measure":{"ID":"65","Sign":"","Signs":{"ID":"48","_":"°C","Language":"EN"}},"Name":{"Value":"Heating temperature (max)","Language":"EN"}}},{"Localized":0,"ID":836043566,"LocalID":0,"Type":"numerical","Value":"15","CategoryFeatureId":"950842","CategoryFeatureGroupID":"70844","SortNo":"58","PresentationValue":"15 s","RawValue":"15","LocalValue":"15","Description":"","Mandatory":"0","Searchable":"0","Optional":"0","Feature":{"ID":"47836","Sign":"","Measure":{"ID":"60","Sign":"","Signs":{"ID":"43","_":"s","Language":"EN"}},"Name":{"Value":"Rump-up time (boost mode)","Language":"EN"}}},{"Localized":0,"ID":836044277,"LocalID":0,"Type":"numerical","Value":"20","CategoryFeatureId":"950843","CategoryFeatureGroupID":"70844","SortNo":"56","PresentationValue":"20 s","RawValue":"20","LocalValue":"20","Description":"","Mandatory":"0","Searchable":"0","Optional":"0","Feature":{"ID":"47837","Sign":"","Measure":{"ID":"60","Sign":"","Signs":{"ID":"43","_":"s","Language":"EN"}},"Name":{"Value":"Rump-up time (standard mode)","Language":"EN"}}}]},{"ID":8909,"SortNo":"11","FeatureGroup":{"ID":"148","Name":{"Value":"Design","Language":"EN"}},"Features":[{"Localized":0,"ID":507411604,"LocalID":0,"Type":"multi_dropdown","Value":"Gold,White","CategoryFeatureId":"68804","CategoryFeatureGroupID":"8909","SortNo":"90","PresentationValue":"Gold, White","RawValue":"Gold,White","LocalValue":"Gold, White","Description":"The colour e.g. red, blue, green, black, white.","Mandatory":"0","Searchable":"0","Optional":"0","Feature":{"ID":"1766","Sign":"","Measure":{"ID":"29","Sign":"","Signs":{"ID":"","_":"","Language":"EN"}},"Name":{"Value":"Product colour","Language":"EN"}}},{"Localized":0,"ID":507412501,"LocalID":0,"Type":"dropdown","Value":"Buttons","CategoryFeatureId":"249568","CategoryFeatureGroupID":"8909","SortNo":"40","PresentationValue":"Buttons","RawValue":"Buttons","LocalValue":"Buttons","Description":"The way in which the device is controlled.","Mandatory":"0","Searchable":"0","Optional":"0","Feature":{"ID":"2651","Sign":"","Measure":{"ID":"29","Sign":"","Signs":{"ID":"","_":"","Language":"EN"}},"Name":{"Value":"Control type","Language":"EN"}}},{"Localized":0,"ID":507412502,"LocalID":0,"Type":"multi_dropdown","Value":"Y","CategoryFeatureId":"293940","CategoryFeatureGroupID":"8909","SortNo":"10","PresentationValue":"Yes","RawValue":"Y","LocalValue":"Yes","Description":"","Mandatory":"0","Searchable":"0","Optional":"0","Feature":{"ID":"1501","Sign":"","Measure":{"ID":"29","Sign":"","Signs":{"ID":"","_":"","Language":"EN"}},"Name":{"Value":"LED indicators","Language":"EN"}}},{"Localized":0,"ID":507412503,"LocalID":0,"Type":"y_n","Value":"Y","CategoryFeatureId":"249553","CategoryFeatureGroupID":"8909","SortNo":"0","PresentationValue":"Yes","RawValue":"Y","LocalValue":"Yes","Description":"The device features a socket into which a USB cable can be plugged.","Mandatory":"0","Searchable":"0","Optional":"0","Feature":{"ID":"23798","Sign":"","Measure":{"ID":"26","Sign":"","Signs":{"ID":"","_":"","Language":"EN"}},"Name":{"Value":"USB port","Language":"EN"}}},{"Localized":0,"ID":836042972,"LocalID":0,"Type":"y_n","Value":"Y","CategoryFeatureId":"950840","CategoryFeatureGroupID":"8909","SortNo":"0","PresentationValue":"Yes","RawValue":"Y","LocalValue":"Yes","Description":"","Mandatory":"0","Searchable":"0","Optional":"0","Feature":{"ID":"10888","Sign":"","Measure":{"ID":"26","Sign":"","Signs":{"ID":"","_":"","Language":"EN"}},"Name":{"Value":"Boost function","Language":"EN"}}}]},{"ID":8912,"SortNo":"6","FeatureGroup":{"ID":"143","Name":{"Value":"Battery","Language":"EN"}},"Features":[{"Localized":0,"ID":507412565,"LocalID":0,"Type":"y_n","Value":"Y","CategoryFeatureId":"249552","CategoryFeatureGroupID":"8912","SortNo":"45","PresentationValue":"Yes","RawValue":"Y","LocalValue":"Yes","Description":"","Mandatory":"0","Searchable":"0","Optional":"0","Feature":{"ID":"11194","Sign":"","Measure":{"ID":"26","Sign":"","Signs":{"ID":"","_":"","Language":"EN"}},"Name":{"Value":"USB charging","Language":"EN"}}}]},{"ID":78604,"SortNo":"5","FeatureGroup":{"ID":"27","Name":{"Value":"Power","Language":"EN"}},"Features":[{"Localized":0,"ID":836043871,"LocalID":0,"Type":"numerical","Value":"3.5","CategoryFeatureId":"950844","CategoryFeatureGroupID":"78604","SortNo":"0","PresentationValue":"3.5 h","RawValue":"3.5","LocalValue":"3.5","Description":"The amount of time needed to charge the product.","Mandatory":"0","Searchable":"0","Optional":"0","Feature":{"ID":"4087","Sign":"","Measure":{"ID":"46","Sign":"","Signs":{"ID":"30","_":"h","Language":"EN"}},"Name":{"Value":"Charging time","Language":"EN"}}}]},{"ID":8914,"SortNo":"4","FeatureGroup":{"ID":"14","Name":{"Value":"Weight & dimensions","Language":"EN"}},"Features":[{"Localized":0,"ID":507412508,"LocalID":0,"Type":"numerical","Value":"43.3","CategoryFeatureId":"68823","CategoryFeatureGroupID":"8914","SortNo":"40","PresentationValue":"43.3 mm","RawValue":"43.3","LocalValue":"43.3","Description":"The measurement or extent of something from side to side.","Mandatory":"0","Searchable":"0","Optional":"0","Feature":{"ID":"1649","Sign":"","Measure":{"ID":"24","Sign":"","Signs":{"ID":"3","_":"mm","Language":"EN"}},"Name":{"Value":"Width","Language":"EN"}}},{"Localized":0,"ID":507412509,"LocalID":0,"Type":"numerical","Value":"21.4","CategoryFeatureId":"68824","CategoryFeatureGroupID":"8914","SortNo":"30","PresentationValue":"21.4 mm","RawValue":"21.4","LocalValue":"21.4","Description":"The distance from the front to the back of something.","Mandatory":"0","Searchable":"0","Optional":"0","Feature":{"ID":"1650","Sign":"","Measure":{"ID":"24","Sign":"","Signs":{"ID":"3","_":"mm","Language":"EN"}},"Name":{"Value":"Depth","Language":"EN"}}},{"Localized":0,"ID":507412510,"LocalID":0,"Type":"numerical","Value":"77.5","CategoryFeatureId":"68825","CategoryFeatureGroupID":"8914","SortNo":"20","PresentationValue":"77.5 mm","RawValue":"77.5","LocalValue":"77.5","Description":"The measurement of the product from head to foot or from base to top.","Mandatory":"0","Searchable":"0","Optional":"0","Feature":{"ID":"1464","Sign":"","Measure":{"ID":"24","Sign":"","Signs":{"ID":"3","_":"mm","Language":"EN"}},"Name":{"Value":"Height","Language":"EN"}}},{"Localized":0,"ID":507412511,"LocalID":0,"Type":"numerical","Value":"102","CategoryFeatureId":"68826","CategoryFeatureGroupID":"8914","SortNo":"10","PresentationValue":"102 g","RawValue":"102","LocalValue":"102","Description":"Weight of the product without packaging (net weight). If possible, the net weight is given including standard accessories and supplies. Please note that sometimes the manufacturer leaves out the weight of accessories and/or supplies.","Mandatory":"0","Searchable":"0","Optional":"0","Feature":{"ID":"94","Sign":"","Measure":{"ID":"38","Sign":"","Signs":{"ID":"22","_":"g","Language":"EN"}},"Name":{"Value":"Weight","Language":"EN"}}}]},{"ID":79131,"SortNo":"3","FeatureGroup":{"ID":"67","Name":{"Value":"Packaging data","Language":"EN"}},"Features":[{"Localized":0,"ID":507412512,"LocalID":0,"Type":"numerical","Value":"108.5","CategoryFeatureId":"68818","CategoryFeatureGroupID":"79131","SortNo":"0","PresentationValue":"108.5 mm","RawValue":"108.5","LocalValue":"108.5","Description":"The distance from one side of the packaging to the other.","Mandatory":"0","Searchable":"0","Optional":"0","Feature":{"ID":"3808","Sign":"","Measure":{"ID":"24","Sign":"","Signs":{"ID":"3","_":"mm","Language":"EN"}},"Name":{"Value":"Package width","Language":"EN"}}},{"Localized":0,"ID":507412513,"LocalID":0,"Type":"numerical","Value":"85.5","CategoryFeatureId":"68819","CategoryFeatureGroupID":"79131","SortNo":"0","PresentationValue":"85.5 mm","RawValue":"85.5","LocalValue":"85.5","Description":"The distance from the front to the back of the packaging.","Mandatory":"0","Searchable":"0","Optional":"0","Feature":{"ID":"3806","Sign":"","Measure":{"ID":"24","Sign":"","Signs":{"ID":"3","_":"mm","Language":"EN"}},"Name":{"Value":"Package depth","Language":"EN"}}},{"Localized":0,"ID":507412514,"LocalID":0,"Type":"numerical","Value":"40.3","CategoryFeatureId":"68820","CategoryFeatureGroupID":"79131","SortNo":"-20","PresentationValue":"40.3 g","RawValue":"40.3","LocalValue":"40.3","Description":"Weight of the packaged product.","Mandatory":"0","Searchable":"0","Optional":"0","Feature":{"ID":"762","Sign":"","Measure":{"ID":"38","Sign":"","Signs":{"ID":"22","_":"g","Language":"EN"}},"Name":{"Value":"Package weight","Language":"EN"}}}]},{"ID":8913,"SortNo":"2","FeatureGroup":{"ID":"116","Name":{"Value":"Packaging content","Language":"EN"}},"Features":[{"Localized":0,"ID":507412506,"LocalID":0,"Type":"y_n","Value":"Y","CategoryFeatureId":"68816","CategoryFeatureGroupID":"8913","SortNo":"50","PresentationValue":"Yes","RawValue":"Y","LocalValue":"Yes","Description":"","Mandatory":"0","Searchable":"0","Optional":"0","Feature":{"ID":"10871","Sign":"","Measure":{"ID":"26","Sign":"","Signs":{"ID":"","_":"","Language":"EN"}},"Name":{"Value":"USB charger included","Language":"EN"}}},{"Localized":0,"ID":507412505,"LocalID":0,"Type":"numerical","Value":"1","CategoryFeatureId":"293938","CategoryFeatureGroupID":"8913","SortNo":"15","PresentationValue":"1 pc(s)","RawValue":"1","LocalValue":"1","Description":"","Mandatory":"0","Searchable":"0","Optional":"0","Feature":{"ID":"37746","Sign":"","Measure":{"ID":"144","Sign":"","Signs":{"ID":"125","_":"pc(s)","Language":"EN"}},"Name":{"Value":"Number of cleaning sticks","Language":"EN"}}},{"Localized":0,"ID":507412504,"LocalID":0,"Type":"y_n","Value":"Y","CategoryFeatureId":"68847","CategoryFeatureGroupID":"8913","SortNo":"0","PresentationValue":"Yes","RawValue":"Y","LocalValue":"Yes","Description":"","Mandatory":"0","Searchable":"0","Optional":"0","Feature":{"ID":"8132","Sign":"","Measure":{"ID":"26","Sign":"","Signs":{"ID":"","_":"","Language":"EN"}},"Name":{"Value":"User guide","Language":"EN"}}}]}],"FeatureLogos":[],"ReasonsToBuy":[],"Reviews":[],"ProductRelated":[],"CatalogObjectCloud":{},"Variants":[],"ProductStory":[],"Dictionary":{"model_name":"Product name","desc":"Description","ean_code":"EAN/UPC code","flash360":"3D tour","demo_msg_part3":"If you don't have an Icecat account, please register here for free.","repairability_index":"Repairability index","zoom_panel_init":"Original size","cat_name":"Category","product_family":"Product family","back_to_top":"Back to top","zoom_panel_out":"Zoom out","specs":"Specs","eu_product_fiche":"EU Product Fiche","reviews_head_name":"Reviews","pdf_specs":"Product Brochure","zoom_panel_in":"Zoom in","html_content":"","release_date":"Release date","demo_msg_part1":"You are using now a Demo account. Please, use your own Icecat account","demo_insert_desc":"This is a demo of a seamless insert of an Icecat LIVE product data-sheet in your website. Imagine that this responsive data-sheet is included in the product page of your webshop.","pdf_url":"User manual","prod_code":"Product code","supplier_name":"Brand","video":"Video","reasons_to_buy":"Reasons to buy","marketing_text":"Description","options_head_name":"Options","product_series":"Product series","demo_msg_part2":"your Icecat login name","link_integrate_desk":"How to integrate Icecat LIVE JavaScript.","zoom_panel_dragg":"Mouse dragging","eu_energy_label":"EU Energy Label"},"DemoAccount":false}}