{"msg":"OK","data":{"GeneralInfo":{"IcecatId":134703679,"ReleaseDate":"","EndOfLifeDate":"","Title":"New Balance Fresh Foam X More v6 athletic shoes Female Black, Grey, White","TitleInfo":{"GeneratedIntTitle":"New Balance Fresh Foam X More v6 athletic shoes","GeneratedLocalTitle":{"Value":"New Balance Fresh Foam X More v6 athletic shoes Female Black, Grey, White","Language":"EN"},"BrandLocalTitle":{"Value":"","Language":"EN"}},"Brand":"New Balance","BrandID":"5844","BrandLogo":"","BrandInfo":{"BrandName":"New Balance","BrandLocalName":"","BrandLogo":""},"ProductName":"Fresh Foam X More v6","ProductNameInfo":{"ProductIntName":"Fresh Foam X More v6","ProductLocalName":{"Value":"","Language":"EN"}},"BrandPartCode":"WMORGR6 35","GTIN":[],"Category":{"CategoryID":"3554","Name":{"Value":"Athletic Shoes","Language":"EN"}},"ProductFamily":{},"ProductSeries":{"SeriesID":"1"},"Description":{"ID":"104044478","LongDesc":"Smooth, breathable and cushioned, this running shoe delivers all-day comfort and style.<br><br>","LongProductName":"Fresh Foam X More v6 Shoes, 35","MiddleDesc":"","Disclaimer":"","ManualPDFURL":"","ManualPDFSize":"0","LeafletPDFURL":"","PDFSize":"0","URL":"https://ee.newbalance.eu/en/pd/fresh-foam-x-more-v6/WMORV6-50400.html?sm=Top+Results&pdq=WMORGR6","WarrantyInfo":"","Updated":"2025-09-09 12:05:30","Language":"EN"},"SummaryDescription":{"ShortSummaryDescription":"New Balance Fresh Foam X More v6, Running, Female, Adult, Black, Grey, White, Image, 22 cm","LongSummaryDescription":"New Balance Fresh Foam X More v6. Activity: Running, Gender: Female, Consumer life stage: Adult. Upper material: Synthetic, Midsole material: Foam. Weight: 241 g"},"BulletPoints":{"BulletPointsId":"13608954","Language":"EN","Values":["Fresh Foam X midsole delivers our most cushioned Fresh Foam experience for incredible comfort","Reflective details","4 mm drop; due to variances created during the development and manufacturing processes, all references to 4 mm drop are approximate","Lace closure","Gusseted tongue for a comfortable lockdown fit"],"Updated":"2025-09-09 12:05:30"},"GeneratedBulletPoints":{},"GTINs":[]},"Image":{"HighPic":"https://inishop.com/img/gallery/894f14e70f42c0e926a35dfddd105f4be1cc1fc0.jpg","HighPicSize":"397739","HighPicHeight":"809","HighPicWidth":"1518","LowPic":"https://inishop.com/img/gallery_lows/27aa43ff6a3e5fb894e87c34fc53a31ecb6222b2.jpg","LowPicSize":"11748","LowPicHeight":"107","LowPicWidth":"200","Pic500x500":"https://inishop.com/img/gallery_mediums/aa60ebef76a74d699c61835b8bba4c9a823cf503.jpg","Pic500x500Size":"53851","Pic500x500Height":"266","Pic500x500Width":"500","ThumbPic":"https://inishop.com/img/gallery_thumbs/4086f0c5d8991d97c700727952d48ac990e39c2e.jpg","ThumbPicSize":"3067"},"Multimedia":[],"Gallery":[{"ID":"117096341","LowPic":"https://inishop.com/img/gallery_lows/27aa43ff6a3e5fb894e87c34fc53a31ecb6222b2.jpg","LowSize":"11748","LowHeight":"107","LowWidth":"200","ThumbPic":"https://inishop.com/img/gallery_thumbs/4086f0c5d8991d97c700727952d48ac990e39c2e.jpg","ThumbPicSize":"3067","Pic":"https://inishop.com/img/gallery/894f14e70f42c0e926a35dfddd105f4be1cc1fc0.jpg","Size":"397739","PicHeight":"809","PicWidth":"1518","Pic500x500":"https://inishop.com/img/gallery_mediums/aa60ebef76a74d699c61835b8bba4c9a823cf503.jpg","Pic500x500Size":"53851","Pic500x500Height":"266","Pic500x500Width":"500","No":"1","IsMain":"Y","Updated":"2025-09-09 12:03:48","IsPrivate":"0","Type":"ProductImage","Attributes":{"OriginalFileName":""}},{"ID":"117096344","LowPic":"https://inishop.com/img/gallery_lows/a2857338e043e16ec7fba611ea7c8a1d397f9634.jpg","LowSize":"12377","LowHeight":"101","LowWidth":"200","ThumbPic":"https://inishop.com/img/gallery_thumbs/a61ed517e4ec0bafe3a25d36d6462b71dbce3a43.jpg","ThumbPicSize":"3138","Pic":"https://inishop.com/img/gallery/5896fb94fada79f2b0120739bd19d9cdaffd008a.jpg","Size":"465360","PicHeight":"769","PicWidth":"1522","Pic500x500":"https://inishop.com/img/gallery_mediums/c48b0fedd223f81424878888a39ce7162dd28818.jpg","Pic500x500Size":"60565","Pic500x500Height":"253","Pic500x500Width":"500","No":"2","IsMain":"N","Updated":"2025-09-09 12:03:52","IsPrivate":"0","Type":"Other","Attributes":{"OriginalFileName":""}},{"ID":"117096346","LowPic":"https://inishop.com/img/gallery_lows/1b8eeebe6a0b904d3be082d77f848228a3141d31.jpg","LowSize":"11594","LowHeight":"106","LowWidth":"200","ThumbPic":"https://inishop.com/img/gallery_thumbs/7c75b36ed5e0097509bc1acc654a0cc44ab1128f.jpg","ThumbPicSize":"3050","Pic":"https://inishop.com/img/gallery/65525696fc580d4968e13b5fcaba22314bbe5b30.jpg","Size":"385748","PicHeight":"806","PicWidth":"1523","Pic500x500":"https://inishop.com/img/gallery_mediums/58a931fe87b21d2d3bd07ac078269c6b417e9ed6.jpg","Pic500x500Size":"53664","Pic500x500Height":"265","Pic500x500Width":"500","No":"3","IsMain":"N","Updated":"2025-09-09 12:03:56","IsPrivate":"0","Type":"Other","Attributes":{"OriginalFileName":""}},{"ID":"117096348","LowPic":"https://inishop.com/img/gallery_lows/aee1975dd0d7d179b5351b35bdea2cbee8f2e081.jpg","LowSize":"22494","LowHeight":"200","LowWidth":"167","ThumbPic":"https://inishop.com/img/gallery_thumbs/a23444b5bc6244e12331ea9bce15f605b29573a0.jpg","ThumbPicSize":"4859","Pic":"https://inishop.com/img/gallery/683caefcd6b2ff0b8f65fb48898c3d1a84c3cda6.jpg","Size":"950764","PicHeight":"1519","PicWidth":"1270","Pic500x500":"https://inishop.com/img/gallery_mediums/70673ba9877c11acdca00d0e223f77c85cad1d3f.jpg","Pic500x500Size":"116406","Pic500x500Height":"500","Pic500x500Width":"418","No":"4","IsMain":"N","Updated":"2025-09-09 12:04:01","IsPrivate":"0","Type":"Other","Attributes":{"OriginalFileName":""}},{"ID":"117096350","LowPic":"https://inishop.com/img/gallery_lows/061a412911a08d1cf8e015b23757741556f0fc3d.jpg","LowSize":"13940","LowHeight":"125","LowWidth":"200","ThumbPic":"https://inishop.com/img/gallery_thumbs/0b16e1335555512288de33718f284ebe2058aa9b.jpg","ThumbPicSize":"3686","Pic":"https://inishop.com/img/gallery/8acae81d3dbed1cd62919159bc1e236383c54db8.jpg","Size":"312578","PicHeight":"793","PicWidth":"1265","Pic500x500":"https://inishop.com/img/gallery_mediums/b0b5c76fa50e111c766f2289dfbad489b185094c.jpg","Pic500x500Size":"65052","Pic500x500Height":"313","Pic500x500Width":"500","No":"5","IsMain":"N","Updated":"2025-09-09 12:04:05","IsPrivate":"0","Type":"Other","Attributes":{"OriginalFileName":""}},{"ID":"117096352","LowPic":"https://inishop.com/img/gallery_lows/301643916cc98471a8fe8f2551c163213455d9e6.jpg","LowSize":"12500","LowHeight":"98","LowWidth":"200","ThumbPic":"https://inishop.com/img/gallery_thumbs/34c02e109625a9ba2aa7ffbf9af2e088ecde780b.jpg","ThumbPicSize":"3050","Pic":"https://inishop.com/img/gallery/8d61a602c48a41e518383753882444934384e298.jpg","Size":"404019","PicHeight":"749","PicWidth":"1521","Pic500x500":"https://inishop.com/img/gallery_mediums/0bdc7465e368529c19f5e365901b50f1d90ca081.jpg","Pic500x500Size":"56745","Pic500x500Height":"246","Pic500x500Width":"500","No":"6","IsMain":"N","Updated":"2025-09-09 12:04:09","IsPrivate":"0","Type":"Other","Attributes":{"OriginalFileName":""}}],"FeaturesGroups":[{"ID":17164,"SortNo":"50","FeatureGroup":{"ID":"185","Name":{"Value":"Features","Language":"EN"}},"Features":[{"Localized":0,"ID":835249596,"LocalID":0,"Type":"dropdown","Value":"Running","CategoryFeatureId":"333583","CategoryFeatureGroupID":"17164","SortNo":"350","PresentationValue":"Running","RawValue":"Running","LocalValue":"Running","Description":"","Mandatory":"1","Searchable":"1","Optional":"0","Feature":{"ID":"41029","Sign":"","Measure":{"ID":"29","Sign":"","Signs":{"ID":"","_":"","Language":"EN"}},"Name":{"Value":"Activity","Language":"EN"}}},{"Localized":0,"ID":835249553,"LocalID":0,"Type":"dropdown","Value":"Female","CategoryFeatureId":"158233","CategoryFeatureGroupID":"17164","SortNo":"300","PresentationValue":"Female","RawValue":"Female","LocalValue":"Female","Description":"Gender (type) of a product.","Mandatory":"1","Searchable":"1","Optional":"0","Feature":{"ID":"3230","Sign":"","Measure":{"ID":"29","Sign":"","Signs":{"ID":"","_":"","Language":"EN"}},"Name":{"Value":"Gender","Language":"EN"}}},{"Localized":0,"ID":835249595,"LocalID":0,"Type":"dropdown","Value":"Adult","CategoryFeatureId":"333580","CategoryFeatureGroupID":"17164","SortNo":"295","PresentationValue":"Adult","RawValue":"Adult","LocalValue":"Adult","Description":"","Mandatory":"1","Searchable":"1","Optional":"0","Feature":{"ID":"36987","Sign":"","Measure":{"ID":"29","Sign":"","Signs":{"ID":"","_":"","Language":"EN"}},"Name":{"Value":"Consumer life stage","Language":"EN"}}},{"Localized":0,"ID":835250041,"LocalID":0,"Type":"dropdown","Value":"Image","CategoryFeatureId":"158216","CategoryFeatureGroupID":"17164","SortNo":"148","PresentationValue":"Image","RawValue":"Image","LocalValue":"Image","Description":"","Mandatory":"0","Searchable":"0","Optional":"0","Feature":{"ID":"21118","Sign":"","Measure":{"ID":"29","Sign":"","Signs":{"ID":"","_":"","Language":"EN"}},"Name":{"Value":"Coloration","Language":"EN"}}},{"Localized":0,"ID":835249990,"LocalID":0,"Type":"alphanumeric","Value":"3","CategoryFeatureId":"949644","CategoryFeatureGroupID":"17164","SortNo":"145","PresentationValue":"3","RawValue":"3","LocalValue":"3","Description":"","Mandatory":"0","Searchable":"0","Optional":"0","Feature":{"ID":"29293","Sign":"","Measure":{"ID":"29","Sign":"","Signs":{"ID":"","_":"","Language":"EN"}},"Name":{"Value":"Size (UK)","Language":"EN"}}},{"Localized":0,"ID":835249594,"LocalID":0,"Type":"multi_dropdown","Value":"Black,Grey,White","CategoryFeatureId":"333581","CategoryFeatureGroupID":"17164","SortNo":"144","PresentationValue":"Black, Grey, White","RawValue":"Black,Grey,White","LocalValue":"Black, Grey, White","Description":"","Mandatory":"1","Searchable":"1","Optional":"0","Feature":{"ID":"37466","Sign":"","Measure":{"ID":"29","Sign":"","Signs":{"ID":"","_":"","Language":"EN"}},"Name":{"Value":"Product main colour","Language":"EN"}}},{"Localized":0,"ID":835249587,"LocalID":0,"Type":"alphanumeric","Value":"35","CategoryFeatureId":"949645","CategoryFeatureGroupID":"17164","SortNo":"144","PresentationValue":"35","RawValue":"35","LocalValue":"35","Description":"","Mandatory":"0","Searchable":"0","Optional":"0","Feature":{"ID":"47506","Sign":"","Measure":{"ID":"29","Sign":"","Signs":{"ID":"","_":"","Language":"EN"}},"Name":{"Value":"Size (EU)","Language":"EN"}}},{"Localized":0,"ID":835249987,"LocalID":0,"Type":"alphanumeric","Value":"5","CategoryFeatureId":"949647","CategoryFeatureGroupID":"17164","SortNo":"142","PresentationValue":"5","RawValue":"5","LocalValue":"5","Description":"","Mandatory":"0","Searchable":"0","Optional":"0","Feature":{"ID":"47767","Sign":"","Measure":{"ID":"29","Sign":"","Signs":{"ID":"","_":"","Language":"EN"}},"Name":{"Value":"Women's size (US)","Language":"EN"}}},{"Localized":0,"ID":835249995,"LocalID":0,"Type":"alphanumeric","Value":"22","CategoryFeatureId":"949648","CategoryFeatureGroupID":"17164","SortNo":"141","PresentationValue":"22 cm","RawValue":"22","LocalValue":"22","Description":"","Mandatory":"0","Searchable":"0","Optional":"0","Feature":{"ID":"47528","Sign":"","Measure":{"ID":"34","Sign":"","Signs":{"ID":"18","_":"cm","Language":"EN"}},"Name":{"Value":"Size (length)","Language":"EN"}}},{"Localized":0,"ID":835250228,"LocalID":0,"Type":"multi_dropdown","Value":"Lace-up closure","CategoryFeatureId":"333640","CategoryFeatureGroupID":"17164","SortNo":"115","PresentationValue":"Lace-up closure","RawValue":"Lace-up closure","LocalValue":"Lace-up closure","Description":"","Mandatory":"0","Searchable":"0","Optional":"0","Feature":{"ID":"41034","Sign":"","Measure":{"ID":"29","Sign":"","Signs":{"ID":"","_":"","Language":"EN"}},"Name":{"Value":"Footwear closure type","Language":"EN"}}},{"Localized":0,"ID":835250038,"LocalID":0,"Type":"numerical","Value":"4","CategoryFeatureId":"333621","CategoryFeatureGroupID":"17164","SortNo":"111","PresentationValue":"4 mm","RawValue":"4","LocalValue":"4","Description":"","Mandatory":"0","Searchable":"0","Optional":"0","Feature":{"ID":"41060","Sign":"","Measure":{"ID":"24","Sign":"","Signs":{"ID":"3","_":"mm","Language":"EN"}},"Name":{"Value":"Heel drop","Language":"EN"}}},{"Localized":0,"ID":835250032,"LocalID":0,"Type":"y_n","Value":"Y","CategoryFeatureId":"333626","CategoryFeatureGroupID":"17164","SortNo":"97","PresentationValue":"Yes","RawValue":"Y","LocalValue":"Yes","Description":"","Mandatory":"0","Searchable":"0","Optional":"0","Feature":{"ID":"41065","Sign":"","Measure":{"ID":"26","Sign":"","Signs":{"ID":"","_":"","Language":"EN"}},"Name":{"Value":"Cushioned insole","Language":"EN"}}},{"Localized":0,"ID":835250078,"LocalID":0,"Type":"y_n","Value":"Y","CategoryFeatureId":"158222","CategoryFeatureGroupID":"17164","SortNo":"30","PresentationValue":"Yes","RawValue":"Y","LocalValue":"Yes","Description":"","Mandatory":"0","Searchable":"0","Optional":"0","Feature":{"ID":"23227","Sign":"","Measure":{"ID":"26","Sign":"","Signs":{"ID":"","_":"","Language":"EN"}},"Name":{"Value":"Reflective elements","Language":"EN"}}},{"Localized":0,"ID":835250048,"LocalID":0,"Type":"y_n","Value":"Y","CategoryFeatureId":"158340","CategoryFeatureGroupID":"17164","SortNo":"15","PresentationValue":"Yes","RawValue":"Y","LocalValue":"Yes","Description":"","Mandatory":"0","Searchable":"0","Optional":"0","Feature":{"ID":"21062","Sign":"","Measure":{"ID":"26","Sign":"","Signs":{"ID":"","_":"","Language":"EN"}},"Name":{"Value":"Breathable","Language":"EN"}}}]},{"ID":34344,"SortNo":"40","FeatureGroup":{"ID":"119","Name":{"Value":"Material","Language":"EN"}},"Features":[{"Localized":0,"ID":835250088,"LocalID":0,"Type":"multi_dropdown","Value":"Foam","CategoryFeatureId":"158219","CategoryFeatureGroupID":"34344","SortNo":"230","PresentationValue":"Foam","RawValue":"Foam","LocalValue":"Foam","Description":"","Mandatory":"0","Searchable":"0","Optional":"0","Feature":{"ID":"25410","Sign":"","Measure":{"ID":"29","Sign":"","Signs":{"ID":"","_":"","Language":"EN"}},"Name":{"Value":"Midsole material","Language":"EN"}}},{"Localized":0,"ID":835250076,"LocalID":0,"Type":"multi_dropdown","Value":"Synthetic","CategoryFeatureId":"196763","CategoryFeatureGroupID":"34344","SortNo":"200","PresentationValue":"Synthetic","RawValue":"Synthetic","LocalValue":"Synthetic","Description":"The material the upper part of the shoe is made of, e.g. leather, canvas or mesh.","Mandatory":"1","Searchable":"0","Optional":"0","Feature":{"ID":"29975","Sign":"","Measure":{"ID":"29","Sign":"","Signs":{"ID":"","_":"","Language":"EN"}},"Name":{"Value":"Upper material","Language":"EN"}}}]},{"ID":17169,"SortNo":"10","FeatureGroup":{"ID":"14","Name":{"Value":"Weight & dimensions","Language":"EN"}},"Features":[{"Localized":0,"ID":835250036,"LocalID":0,"Type":"numerical","Value":"241","CategoryFeatureId":"158237","CategoryFeatureGroupID":"17169","SortNo":"5","PresentationValue":"241 g","RawValue":"241","LocalValue":"241","Description":"Weight of the product without packaging (net weight). If possible, the net weight is given including standard accessories and supplies. Please note that sometimes the manufacturer leaves out the weight of accessories and/or supplies.","Mandatory":"0","Searchable":"0","Optional":"0","Feature":{"ID":"94","Sign":"","Measure":{"ID":"38","Sign":"","Signs":{"ID":"22","_":"g","Language":"EN"}},"Name":{"Value":"Weight","Language":"EN"}}}]}],"FeatureLogos":[],"ReasonsToBuy":[],"Reviews":[],"ProductRelated":[],"CatalogObjectCloud":{},"Variants":[],"ProductStory":[],"Dictionary":{"model_name":"Product name","desc":"Description","ean_code":"EAN/UPC code","flash360":"3D tour","demo_msg_part3":"If you don't have an Icecat account, please register here for free.","repairability_index":"Repairability index","zoom_panel_init":"Original size","cat_name":"Category","product_family":"Product family","back_to_top":"Back to top","zoom_panel_out":"Zoom out","specs":"Specs","eu_product_fiche":"EU Product Fiche","reviews_head_name":"Reviews","pdf_specs":"Product Brochure","zoom_panel_in":"Zoom in","html_content":"","release_date":"Release date","demo_msg_part1":"You are using now a Demo account. Please, use your own Icecat account","demo_insert_desc":"This is a demo of a seamless insert of an Icecat LIVE product data-sheet in your website. Imagine that this responsive data-sheet is included in the product page of your webshop.","pdf_url":"User manual","prod_code":"Product code","supplier_name":"Brand","video":"Video","reasons_to_buy":"Reasons to buy","marketing_text":"Description","options_head_name":"Options","product_series":"Product series","demo_msg_part2":"your Icecat login name","link_integrate_desk":"How to integrate Icecat LIVE JavaScript.","zoom_panel_dragg":"Mouse dragging","eu_energy_label":"EU Energy Label"},"DemoAccount":false}}