{"msg":"OK","data":{"GeneralInfo":{"IcecatId":101927780,"ReleaseDate":"","EndOfLifeDate":"","Title":"Hills c/d Multicare Chicken Flavor Dog Food","TitleInfo":{"GeneratedIntTitle":"Hills 10012 dogs dry food","GeneratedLocalTitle":{"Value":"Hills 10012 dogs dry food 12 kg Adult","Language":"EN"},"BrandLocalTitle":{"Value":"Hills c/d Multicare Chicken Flavor Dog Food","Language":"EN"}},"Brand":"Hills","BrandID":"21320","BrandLogo":"","BrandInfo":{"BrandName":"Hills","BrandLocalName":"","BrandLogo":""},"ProductName":"c/d Multicare Chicken Flavor Dog Food","ProductNameInfo":{"ProductIntName":"10012","ProductLocalName":{"Value":"c/d Multicare Chicken Flavor Dog Food","Language":"EN"}},"BrandPartCode":"10012","GTIN":["0052742000213","052742000213"],"Category":{"CategoryID":"3398","Name":{"Value":"Dogs Dry Food","Language":"EN"}},"ProductFamily":{},"ProductSeries":{"SeriesID":"1"},"Description":{"ID":"88432941","LongDesc":"Bladder stones are collections of mineral crystals that combine together in the urinary tract. They can cause discomfort and lead to more serious problems that require the care of a veterinarian.<br><br>Hill's nutritionists & veterinarians developed Prescription Diet c/d Multicare clinical nutrition specially formulated to support a dog's urinary health and reduce the risk of struvite and calcium oxalate stones. This dry food has an irresistible chicken flavor that dogs will love.<br><br><b>How it works:</b><br>- Helps lower concentration of buidling blocks for bladder stones<br>- Controlled calcium, low sodium, & added potassium citrate<br>- Fortified with Omega-3 fatty acids to support urinary health<br>- <br><b>How it helps:</b><br>- Formulated to help dissolve struvite stones and lower recurrence risk<br>- Lowers risk for formation and recurrence of calcium oxalate stones<br>- Helps nourish and maintain a healthy bladder<br>- S+OXSHIELD: Formulated to promote a urinary environment that reduces the risk of developing struvite & calcium oxalate crystals<br>- Recommended for lifelong feeding of adult dogs<br><br>Hill's Prescription Diet c/d Multicare Chicken Flavor Dry Dog Food is a complete and balanced food that provides all the nutrition a dog needs. Please consult your veterinarian for further information on how our Prescription Diet foods can help a dog to continue to enjoy a happy and active life.","LongProductName":"c/d Multicare Chicken Flavor Dry Dog Food, 12kg","MiddleDesc":"","Disclaimer":"","ManualPDFURL":"","ManualPDFSize":"0","LeafletPDFURL":"","PDFSize":"0","URL":"https://www.hillspet.com/dog-food/pd-cd-multicare-canine-dry","WarrantyInfo":"","Updated":"2025-09-08 16:01:42","Language":"EN"},"SummaryDescription":{"ShortSummaryDescription":"Hills c/d Multicare Chicken Flavor Dog Food, Adult, Chicken, 12 kg","LongSummaryDescription":"Hills c/d Multicare Chicken Flavor Dog Food. Pet life stage: Adult, Pet food flavor: Chicken, Weight: 12 kg"},"BulletPoints":{},"GeneratedBulletPoints":{},"GTINs":[{"GTIN":"0052742000213","IsApproved":true},{"GTIN":"052742000213","IsApproved":true}]},"Image":{"HighPic":"https://inishop.com/img/gallery/fd7a7906800510d6a5c988b307b9222d36778f28.jpg","HighPicSize":"434122","HighPicHeight":"1553","HighPicWidth":"954","LowPic":"https://inishop.com/img/gallery_lows/9736f55126873aafb25a54dfd82387f00c8a2647.jpg","LowPicSize":"19499","LowPicHeight":"200","LowPicWidth":"123","Pic500x500":"https://inishop.com/img/gallery_mediums/a1d25a455b1aa2f1f8747ab8325dfcb0277f3002.jpg","Pic500x500Size":"76296","Pic500x500Height":"500","Pic500x500Width":"307","ThumbPic":"https://inishop.com/img/gallery_thumbs/82627f5923fc7631180d1689224f16fa1e9e17a4.jpg","ThumbPicSize":"4694"},"Multimedia":[{"ID":"2B5419CA-B13B-4128-A7CA-8B15914F4D19","URL":"https://vimeo.com/672576289?fl=pl&fe=sh?access=fhIhrYcgKrsn9VzLpOv30Y3Rd3ZoNWLLOUtVHiXiMnf3WBrouowlyR0whKu4LdBr","Type":"video/mp4","ContentType":"text/html","KeepAsUrl":"1","Description":"Prescription Diet c/d Multicare","Size":"7826","IsPrivate":"0","Updated":"2025-09-08 16:01:10","Language":"EN","IsVideo":1,"ThumbUrl":"","PreviewUrl":""}],"Gallery":[{"ID":"66961968","LowPic":"https://inishop.com/img/gallery_lows/9736f55126873aafb25a54dfd82387f00c8a2647.jpg","LowSize":"19499","LowHeight":"200","LowWidth":"123","ThumbPic":"https://inishop.com/img/gallery_thumbs/82627f5923fc7631180d1689224f16fa1e9e17a4.jpg","ThumbPicSize":"4694","Pic":"https://inishop.com/img/gallery/fd7a7906800510d6a5c988b307b9222d36778f28.jpg","Size":"434122","PicHeight":"1553","PicWidth":"954","Pic500x500":"https://inishop.com/img/gallery_mediums/a1d25a455b1aa2f1f8747ab8325dfcb0277f3002.jpg","Pic500x500Size":"76296","Pic500x500Height":"500","Pic500x500Width":"307","No":"1","IsMain":"Y","Updated":"2025-09-08 15:59:02","IsPrivate":"0","Type":"ProductImage","Attributes":{"OriginalFileName":""}},{"ID":"66961969","LowPic":"https://inishop.com/img/gallery_lows/663a1d0f73821de42b39df7724e0d1656e5c8fcf.jpg","LowSize":"19852","LowHeight":"200","LowWidth":"123","ThumbPic":"https://inishop.com/img/gallery_thumbs/9550865e4cefeffac6efeb1535a4488735cf1408.jpg","ThumbPicSize":"4787","Pic":"https://inishop.com/img/gallery/2ec3f17b670f11303cfd5ea25513369141a45995.jpg","Size":"593020","PicHeight":"1552","PicWidth":"954","Pic500x500":"https://inishop.com/img/gallery_mediums/472dee9d440ee11764e992338c625b28c1c502c2.jpg","Pic500x500Size":"88630","Pic500x500Height":"500","Pic500x500Width":"307","No":"2","IsMain":"N","Updated":"2025-09-08 15:59:10","IsPrivate":"0","Type":"ProductImage","Attributes":{"OriginalFileName":""}},{"ID":"117082999","LowPic":"https://inishop.com/img/gallery_lows/101927780_3960643626.jpg","LowSize":"16872","LowHeight":"200","LowWidth":"200","ThumbPic":"https://inishop.com/img/gallery_thumbs/101927780_3960643626.jpg","ThumbPicSize":"4747","Pic":"https://inishop.com/img/gallery/101927780_3960643626.jpg","Size":"49301","PicHeight":"500","PicWidth":"500","Pic500x500":"https://inishop.com/img/gallery_mediums/101927780_3960643626.jpg","Pic500x500Size":"49301","Pic500x500Height":"500","Pic500x500Width":"500","No":"3","IsMain":"N","Updated":"2025-09-08 15:58:29","IsPrivate":"0","Type":"ProductImageAnnotated","Attributes":{"OriginalFileName":""}},{"ID":"117083010","LowPic":"https://inishop.com/img/gallery_lows/101927780_1571893642.jpg","LowSize":"25084","LowHeight":"200","LowWidth":"200","ThumbPic":"https://inishop.com/img/gallery_thumbs/101927780_1571893642.jpg","ThumbPicSize":"5652","Pic":"https://inishop.com/img/gallery/101927780_1571893642.jpg","Size":"88432","PicHeight":"500","PicWidth":"500","Pic500x500":"https://inishop.com/img/gallery_mediums/101927780_1571893642.jpg","Pic500x500Size":"88432","Pic500x500Height":"500","Pic500x500Width":"500","No":"4","IsMain":"N","Updated":"2025-09-08 15:58:33","IsPrivate":"0","Type":"ProductImageAnnotated","Attributes":{"OriginalFileName":""}},{"ID":"117083019","LowPic":"https://inishop.com/img/gallery_lows/101927780_6821406864.jpg","LowSize":"37633","LowHeight":"200","LowWidth":"200","ThumbPic":"https://inishop.com/img/gallery_thumbs/101927780_6821406864.jpg","ThumbPicSize":"8362","Pic":"https://inishop.com/img/gallery/101927780_6821406864.jpg","Size":"124645","PicHeight":"500","PicWidth":"500","Pic500x500":"https://inishop.com/img/gallery_mediums/101927780_6821406864.jpg","Pic500x500Size":"124645","Pic500x500Height":"500","Pic500x500Width":"500","No":"5","IsMain":"N","Updated":"2025-09-08 15:58:37","IsPrivate":"0","Type":"ProductImageAnnotated","Attributes":{"OriginalFileName":""}},{"ID":"117083022","LowPic":"https://inishop.com/img/gallery_lows/101927780_3382660524.jpg","LowSize":"34668","LowHeight":"200","LowWidth":"200","ThumbPic":"https://inishop.com/img/gallery_thumbs/101927780_3382660524.jpg","ThumbPicSize":"7754","Pic":"https://inishop.com/img/gallery/101927780_3382660524.jpg","Size":"118862","PicHeight":"500","PicWidth":"500","Pic500x500":"https://inishop.com/img/gallery_mediums/101927780_3382660524.jpg","Pic500x500Size":"118862","Pic500x500Height":"500","Pic500x500Width":"500","No":"6","IsMain":"N","Updated":"2025-09-08 15:58:48","IsPrivate":"0","Type":"ProductImageAnnotated","Attributes":{"OriginalFileName":""}},{"ID":"117083031","LowPic":"https://inishop.com/img/gallery_lows/101927780_3832473011.jpg","LowSize":"28406","LowHeight":"200","LowWidth":"200","ThumbPic":"https://inishop.com/img/gallery_thumbs/101927780_3832473011.jpg","ThumbPicSize":"5400","Pic":"https://inishop.com/img/gallery/101927780_3832473011.jpg","Size":"120637","PicHeight":"500","PicWidth":"500","Pic500x500":"https://inishop.com/img/gallery_mediums/101927780_3832473011.jpg","Pic500x500Size":"120637","Pic500x500Height":"500","Pic500x500Width":"500","No":"7","IsMain":"N","Updated":"2025-09-08 15:58:56","IsPrivate":"0","Type":"ProductImageAnnotated","Attributes":{"OriginalFileName":""}}],"FeaturesGroups":[{"ID":13305,"SortNo":"10","FeatureGroup":{"ID":"185","Name":{"Value":"Features","Language":"EN"}},"Features":[{"Localized":0,"ID":503326861,"LocalID":0,"Type":"numerical","Value":"12000","CategoryFeatureId":"189213","CategoryFeatureGroupID":"13305","SortNo":"200","PresentationValue":"12 kg","RawValue":"12000","LocalValue":"12","Description":"Weight of the product without packaging (net weight). If possible, the net weight is given including standard accessories and supplies. Please note that sometimes the manufacturer leaves out the weight of accessories and/or supplies.","Mandatory":"1","Searchable":"0","Optional":"0","Feature":{"ID":"94","Sign":"","Measure":{"ID":"38","Sign":"","Signs":{"ID":"22","_":"g","Language":"EN"}},"Name":{"Value":"Weight","Language":"EN"}}},{"Localized":0,"ID":835124685,"LocalID":0,"Type":"multi_dropdown","Value":"Urinary tract control","CategoryFeatureId":"122915","CategoryFeatureGroupID":"13305","SortNo":"185","PresentationValue":"Urinary tract control","RawValue":"Urinary tract control","LocalValue":"Urinary tract control","Description":"","Mandatory":"0","Searchable":"0","Optional":"0","Feature":{"ID":"20701","Sign":"","Measure":{"ID":"29","Sign":"","Signs":{"ID":"","_":"","Language":"EN"}},"Name":{"Value":"Pet specific needs","Language":"EN"}}},{"Localized":0,"ID":835124690,"LocalID":0,"Type":"multi_dropdown","Value":"Omega-3,Vitamin A,Vitamin D,Vitamin E","CategoryFeatureId":"201495","CategoryFeatureGroupID":"13305","SortNo":"175","PresentationValue":"Omega-3, Vitamin A, Vitamin D, Vitamin E","RawValue":"Omega-3,Vitamin A,Vitamin D,Vitamin E","LocalValue":"Omega-3, Vitamin A, Vitamin D, Vitamin E","Description":"","Mandatory":"0","Searchable":"0","Optional":"0","Feature":{"ID":"26607","Sign":"","Measure":{"ID":"29","Sign":"","Signs":{"ID":"","_":"","Language":"EN"}},"Name":{"Value":"Includes vitamins","Language":"EN"}}},{"Localized":0,"ID":835124749,"LocalID":0,"Type":"dropdown","Value":"Bladder treatment","CategoryFeatureId":"218723","CategoryFeatureGroupID":"13305","SortNo":"173","PresentationValue":"Bladder treatment","RawValue":"Bladder treatment","LocalValue":"Bladder treatment","Description":"","Mandatory":"0","Searchable":"0","Optional":"0","Feature":{"ID":"32454","Sign":"","Measure":{"ID":"29","Sign":"","Signs":{"ID":"","_":"","Language":"EN"}},"Name":{"Value":"Health effects","Language":"EN"}}},{"Localized":0,"ID":503326873,"LocalID":0,"Type":"dropdown","Value":"Adult (animal)","CategoryFeatureId":"122907","CategoryFeatureGroupID":"13305","SortNo":"20","PresentationValue":"Adult","RawValue":"Adult (animal)","LocalValue":"Adult","Description":"","Mandatory":"1","Searchable":"1","Optional":"0","Feature":{"ID":"20700","Sign":"","Measure":{"ID":"29","Sign":"","Signs":{"ID":"","_":"","Language":"EN"}},"Name":{"Value":"Pet life stage","Language":"EN"}}},{"Localized":0,"ID":503326860,"LocalID":0,"Type":"multi_dropdown","Value":"Chicken","CategoryFeatureId":"122918","CategoryFeatureGroupID":"13305","SortNo":"17","PresentationValue":"Chicken","RawValue":"Chicken","LocalValue":"Chicken","Description":"","Mandatory":"1","Searchable":"1","Optional":"0","Feature":{"ID":"20702","Sign":"","Measure":{"ID":"29","Sign":"","Signs":{"ID":"","_":"","Language":"EN"}},"Name":{"Value":"Pet food flavor","Language":"EN"}}},{"Localized":1,"ID":0,"LocalID":548707121,"Type":"textarea","Value":"","CategoryFeatureId":"694052","CategoryFeatureGroupID":"13305","SortNo":"17","PresentationValue":"Whole Grain Corn, Brewers Rice, Chicken Meal, Chicken Fat, Corn Protein Meal, Soybean Meal, Egg Product, Chicken Liver Flavor, Soybean Oil, Flaxseed, Pork Liver Flavor, Lactic Acid, L-Lysine, Calcium Sulfate, Fish Oil, Potassium Chloride, Iodized Salt, Choline Chloride, Potassium Citrate, vitamins (Vitamin E Supplement, Niacin Supplement, Thiamine Mononitrate, Calcium Pantothenate, Pyridoxine Hydrochloride, Vitamin A Supplement, Biotin, Riboflavin Supplement, Vitamin B12 Supplement, Folic Acid, Vitamin D3 Supplement), Taurine, minerals (Ferrous Sulfate, Zinc Oxide, Copper Sulfate, Manganous Oxide, Calcium Iodate, Sodium Selenite), Mixed Tocopherols for freshness, L-Carnitine, Natural Flavors, Beta-Carotene","RawValue":"","LocalValue":"Whole Grain Corn, Brewers Rice, Chicken Meal, Chicken Fat, Corn Protein Meal, Soybean Meal, Egg Product, Chicken Liver Flavor, Soybean Oil, Flaxseed, Pork Liver Flavor, Lactic Acid, L-Lysine, Calcium Sulfate, Fish Oil, Potassium Chloride, Iodized Salt, Choline Chloride, Potassium Citrate, vitamins (Vitamin E Supplement, Niacin Supplement, Thiamine Mononitrate, Calcium Pantothenate, Pyridoxine Hydrochloride, Vitamin A Supplement, Biotin, Riboflavin Supplement, Vitamin B12 Supplement, Folic Acid, Vitamin D3 Supplement), Taurine, minerals (Ferrous Sulfate, Zinc Oxide, Copper Sulfate, Manganous Oxide, Calcium Iodate, Sodium Selenite), Mixed Tocopherols for freshness, L-Carnitine, Natural Flavors, Beta-Carotene","Description":"","Mandatory":"0","Searchable":"0","Optional":"0","Feature":{"ID":"16908","Sign":"","Measure":{"ID":"29","Sign":"","Signs":{"ID":"","_":"","Language":"EN"}},"Name":{"Value":"Ingredients","Language":"EN"}}},{"Localized":1,"ID":0,"LocalID":554059062,"Type":"textarea","Value":"","CategoryFeatureId":"694053","CategoryFeatureGroupID":"13305","SortNo":"16","PresentationValue":"Ask your veterinarian for specific feeding instructions for your pet. Daily Feeding Recommendations are only a guide and a place to start.Grams are the most accurate form of measurement; cups are estimated from grams.\n\nFor best results:\n\nGradually transition to this new food for 7 days or more\nExclusively feed the recommended Prescription Diet dry and wet foods\nKeep fresh water available at all times\nHave your veterinarian monitor your pet's condition\nTo prevent suffocation, keep the packaging out of the reach of pets & children\nTo increase chances of a successful outcome, continue feeding the food long-term as recommended by your veterinarian","RawValue":"","LocalValue":"Ask your veterinarian for specific feeding instructions for your pet. Daily Feeding Recommendations are only a guide and a place to start.Grams are the most accurate form of measurement; cups are estimated from grams.\n\nFor best results:\n\nGradually transition to this new food for 7 days or more\nExclusively feed the recommended Prescription Diet dry and wet foods\nKeep fresh water available at all times\nHave your veterinarian monitor your pet's condition\nTo prevent suffocation, keep the packaging out of the reach of pets & children\nTo increase chances of a successful outcome, continue feeding the food long-term as recommended by your veterinarian","Description":"","Mandatory":"0","Searchable":"0","Optional":"0","Feature":{"ID":"43103","Sign":"","Measure":{"ID":"29","Sign":"","Signs":{"ID":"","_":"","Language":"EN"}},"Name":{"Value":"Feeding instruction","Language":"EN"}}}]},{"ID":22475,"SortNo":"8","FeatureGroup":{"ID":"200","Name":{"Value":"Nutrition facts","Language":"EN"}},"Features":[{"Localized":0,"ID":835124271,"LocalID":0,"Type":"numerical","Value":"22.3","CategoryFeatureId":"122923","CategoryFeatureGroupID":"22475","SortNo":"100","PresentationValue":"22.3%","RawValue":"22.3","LocalValue":"22.3","Description":"","Mandatory":"0","Searchable":"0","Optional":"0","Feature":{"ID":"20705","Sign":"","Measure":{"ID":"64","Sign":"","Signs":{"ID":"47","_":"%","Language":"EN"}},"Name":{"Value":"Protein","Language":"EN"}}},{"Localized":0,"ID":835124272,"LocalID":0,"Type":"numerical","Value":"17.2","CategoryFeatureId":"122924","CategoryFeatureGroupID":"22475","SortNo":"100","PresentationValue":"17.2%","RawValue":"17.2","LocalValue":"17.2","Description":"","Mandatory":"0","Searchable":"0","Optional":"0","Feature":{"ID":"20706","Sign":"","Measure":{"ID":"64","Sign":"","Signs":{"ID":"47","_":"%","Language":"EN"}},"Name":{"Value":"Fat content","Language":"EN"}}},{"Localized":0,"ID":835124341,"LocalID":0,"Type":"numerical","Value":"1.5","CategoryFeatureId":"122926","CategoryFeatureGroupID":"22475","SortNo":"100","PresentationValue":"1.5%","RawValue":"1.5","LocalValue":"1.5","Description":"","Mandatory":"0","Searchable":"0","Optional":"0","Feature":{"ID":"20708","Sign":"","Measure":{"ID":"64","Sign":"","Signs":{"ID":"47","_":"%","Language":"EN"}},"Name":{"Value":"Crude fibres","Language":"EN"}}},{"Localized":0,"ID":835124345,"LocalID":0,"Type":"numerical","Value":"0.57","CategoryFeatureId":"201489","CategoryFeatureGroupID":"22475","SortNo":"100","PresentationValue":"0.57%","RawValue":"0.57","LocalValue":"0.57","Description":"","Mandatory":"0","Searchable":"0","Optional":"0","Feature":{"ID":"30405","Sign":"","Measure":{"ID":"64","Sign":"","Signs":{"ID":"47","_":"%","Language":"EN"}},"Name":{"Value":"Phosphorus","Language":"EN"}}},{"Localized":0,"ID":835124343,"LocalID":0,"Type":"numerical","Value":"0.63","CategoryFeatureId":"201490","CategoryFeatureGroupID":"22475","SortNo":"100","PresentationValue":"0.63%","RawValue":"0.63","LocalValue":"0.63","Description":"","Mandatory":"0","Searchable":"0","Optional":"0","Feature":{"ID":"30404","Sign":"","Measure":{"ID":"64","Sign":"","Signs":{"ID":"47","_":"%","Language":"EN"}},"Name":{"Value":"Calcium","Language":"EN"}}},{"Localized":0,"ID":835124379,"LocalID":0,"Type":"numerical","Value":"0.25","CategoryFeatureId":"201491","CategoryFeatureGroupID":"22475","SortNo":"100","PresentationValue":"0.25%","RawValue":"0.25","LocalValue":"0.25","Description":"","Mandatory":"0","Searchable":"0","Optional":"0","Feature":{"ID":"30406","Sign":"","Measure":{"ID":"64","Sign":"","Signs":{"ID":"47","_":"%","Language":"EN"}},"Name":{"Value":"Sodium","Language":"EN"}}},{"Localized":0,"ID":835124406,"LocalID":0,"Type":"numerical","Value":"0.1","CategoryFeatureId":"204245","CategoryFeatureGroupID":"22475","SortNo":"97","PresentationValue":"0.1%","RawValue":"0.1","LocalValue":"0.1","Description":"","Mandatory":"0","Searchable":"0","Optional":"0","Feature":{"ID":"30418","Sign":"","Measure":{"ID":"64","Sign":"","Signs":{"ID":"47","_":"%","Language":"EN"}},"Name":{"Value":"Magnesium content","Language":"EN"}}},{"Localized":0,"ID":835124350,"LocalID":0,"Type":"numerical","Value":"0.7","CategoryFeatureId":"205019","CategoryFeatureGroupID":"22475","SortNo":"94","PresentationValue":"0.7%","RawValue":"0.7","LocalValue":"0.7","Description":"","Mandatory":"0","Searchable":"0","Optional":"0","Feature":{"ID":"30417","Sign":"","Measure":{"ID":"64","Sign":"","Signs":{"ID":"47","_":"%","Language":"EN"}},"Name":{"Value":"Potassium content","Language":"EN"}}},{"Localized":0,"ID":835962837,"LocalID":0,"Type":"numerical","Value":"3820","CategoryFeatureId":"205024","CategoryFeatureGroupID":"22475","SortNo":"88","PresentationValue":"3820 kcal/kg","RawValue":"3820","LocalValue":"3820","Description":"","Mandatory":"0","Searchable":"0","Optional":"0","Feature":{"ID":"30773","Sign":"","Measure":{"ID":"315","Sign":"","Signs":{"ID":"21220","_":"kcal/kg","Language":"EN"}},"Name":{"Value":"Metabolisable Energy (ME)","Language":"EN"}}},{"Localized":0,"ID":835125109,"LocalID":0,"Type":"numerical","Value":"363.8","CategoryFeatureId":"205025","CategoryFeatureGroupID":"22475","SortNo":"85","PresentationValue":"363.8 mg/kg","RawValue":"363.8","LocalValue":"363.8","Description":"","Mandatory":"0","Searchable":"0","Optional":"0","Feature":{"ID":"30774","Sign":"","Measure":{"ID":"395","Sign":"","Signs":{"ID":"31867","_":"mg/kg","Language":"EN"}},"Name":{"Value":"L-carnitine content","Language":"EN"}}},{"Localized":0,"ID":835125094,"LocalID":0,"Type":"numerical","Value":"11839","CategoryFeatureId":"205036","CategoryFeatureGroupID":"22475","SortNo":"55","PresentationValue":"11839 IU/kg","RawValue":"11839","LocalValue":"11839","Description":"","Mandatory":"0","Searchable":"0","Optional":"0","Feature":{"ID":"30787","Sign":"","Measure":{"ID":"394","Sign":"","Signs":{"ID":"31813","_":"IU/kg","Language":"EN"}},"Name":{"Value":"Vitamin A content","Language":"EN"}}},{"Localized":0,"ID":835124509,"LocalID":0,"Type":"numerical","Value":"748","CategoryFeatureId":"205038","CategoryFeatureGroupID":"22475","SortNo":"49","PresentationValue":"748 mg/kg","RawValue":"748","LocalValue":"748","Description":"","Mandatory":"0","Searchable":"0","Optional":"0","Feature":{"ID":"30789","Sign":"","Measure":{"ID":"395","Sign":"","Signs":{"ID":"31867","_":"mg/kg","Language":"EN"}},"Name":{"Value":"Vitamin E content","Language":"EN"}}},{"Localized":0,"ID":835124530,"LocalID":0,"Type":"numerical","Value":"0.8","CategoryFeatureId":"810603","CategoryFeatureGroupID":"22475","SortNo":"10","PresentationValue":"0.8%","RawValue":"0.8","LocalValue":"0.8","Description":"","Mandatory":"0","Searchable":"0","Optional":"0","Feature":{"ID":"31078","Sign":"","Measure":{"ID":"64","Sign":"","Signs":{"ID":"47","_":"%","Language":"EN"}},"Name":{"Value":"Omega-3 fatty acids","Language":"EN"}}}]}],"FeatureLogos":[],"ReasonsToBuy":[],"Reviews":[],"ProductRelated":[],"CatalogObjectCloud":{},"Variants":[],"ProductStory":[],"Dictionary":{"model_name":"Product name","desc":"Description","ean_code":"EAN/UPC code","flash360":"3D tour","demo_msg_part3":"If you don't have an Icecat account, please register here for free.","repairability_index":"Repairability index","zoom_panel_init":"Original size","cat_name":"Category","product_family":"Product family","back_to_top":"Back to top","zoom_panel_out":"Zoom out","specs":"Specs","eu_product_fiche":"EU Product Fiche","reviews_head_name":"Reviews","pdf_specs":"Product Brochure","zoom_panel_in":"Zoom in","html_content":"","release_date":"Release date","demo_msg_part1":"You are using now a Demo account. Please, use your own Icecat account","demo_insert_desc":"This is a demo of a seamless insert of an Icecat LIVE product data-sheet in your website. Imagine that this responsive data-sheet is included in the product page of your webshop.","pdf_url":"User manual","prod_code":"Product code","supplier_name":"Brand","video":"Video","reasons_to_buy":"Reasons to buy","marketing_text":"Description","options_head_name":"Options","product_series":"Product series","demo_msg_part2":"your Icecat login name","link_integrate_desk":"How to integrate Icecat LIVE JavaScript.","zoom_panel_dragg":"Mouse dragging","eu_energy_label":"EU Energy Label"},"DemoAccount":false}}