{"msg":"OK","data":{"GeneralInfo":{"IcecatId":134703516,"ReleaseDate":"","EndOfLifeDate":"","Title":"ASICS Fujitrail Logo Ss Top T-shirt Crew neck Short sleeve Polyester","TitleInfo":{"GeneratedIntTitle":"ASICS Fujitrail Logo Ss Top","GeneratedLocalTitle":{"Value":"ASICS Fujitrail Logo Ss Top T-shirt Crew neck Short sleeve Polyester","Language":"EN"},"BrandLocalTitle":{"Value":"","Language":"EN"}},"Brand":"ASICS","BrandID":"13651","BrandLogo":"","BrandInfo":{"BrandName":"ASICS","BrandLocalName":"","BrandLogo":""},"ProductName":"Fujitrail Logo Ss Top","ProductNameInfo":{"ProductIntName":"Fujitrail Logo Ss Top","ProductLocalName":{"Value":"","Language":"EN"}},"BrandPartCode":"2011D390.001 XL","GTIN":[],"Category":{"CategoryID":"3504","Name":{"Value":"Shirts & Tops","Language":"EN"}},"ProductFamily":{},"ProductSeries":{"SeriesID":"1"},"Description":{"ID":"104043967","LongDesc":"Inspired by offroad running adventures, the FUJITRAIL LOGO SHORT SLEEVE TOP is an everyday performance essential for trail running.<br><br>It's quick-drying, so you can take on running off-road terrain in comfort and with confidence.<br><br>At least 50% of the garment's main material is made with recycled content to reduce waste and carbon emissions.","LongProductName":"FUJITRAIL LOGO SS TOP, Performance Black, XL","MiddleDesc":"","Disclaimer":"","ManualPDFURL":"","ManualPDFSize":"0","LeafletPDFURL":"","PDFSize":"0","URL":"https://www.asics.com/pl/en-pl/fujitrail-logo-ss-top/p/2011D390-001.html","WarrantyInfo":"","Updated":"2025-09-09 08:44:11","Language":"EN"},"SummaryDescription":{"ShortSummaryDescription":"ASICS Fujitrail Logo Ss Top, T-shirt, Adult, Male, Black, Performance Black, Image","LongSummaryDescription":"ASICS Fujitrail Logo Ss Top. Shirt/top type: T-shirt, Consumer life stage: Adult, Gender: Male. Material: Polyester, Material description (name, %): 100% Polyester"},"BulletPoints":{},"GeneratedBulletPoints":{"Language":"EN","Values":["T-shirt Male Black","Adult","Polyester"]},"GTINs":[]},"Image":{"HighPic":"https://inishop.com/img/gallery/b5ff57a95cf9a9680380e0bd7b76ead0bef93f24.jpg","HighPicSize":"133174","HighPicHeight":"768","HighPicWidth":"1024","LowPic":"https://inishop.com/img/gallery_lows/7e5b9f51f7d70836acd0790428a87a2921e548f5.jpg","LowPicSize":"11656","LowPicHeight":"150","LowPicWidth":"200","Pic500x500":"https://inishop.com/img/gallery_mediums/0411f93095fc0750f4485cabc97d05dd0cbcd32c.jpg","Pic500x500Size":"45754","Pic500x500Height":"375","Pic500x500Width":"500","ThumbPic":"https://inishop.com/img/gallery_thumbs/63cd81410c3943001e3b4a847ba642a778200340.jpg","ThumbPicSize":"3275"},"Multimedia":[],"Gallery":[{"ID":"117094386","LowPic":"https://inishop.com/img/gallery_lows/7e5b9f51f7d70836acd0790428a87a2921e548f5.jpg","LowSize":"11656","LowHeight":"150","LowWidth":"200","ThumbPic":"https://inishop.com/img/gallery_thumbs/63cd81410c3943001e3b4a847ba642a778200340.jpg","ThumbPicSize":"3275","Pic":"https://inishop.com/img/gallery/b5ff57a95cf9a9680380e0bd7b76ead0bef93f24.jpg","Size":"133174","PicHeight":"768","PicWidth":"1024","Pic500x500":"https://inishop.com/img/gallery_mediums/0411f93095fc0750f4485cabc97d05dd0cbcd32c.jpg","Pic500x500Size":"45754","Pic500x500Height":"375","Pic500x500Width":"500","No":"1","IsMain":"Y","Updated":"2025-09-09 08:43:21","IsPrivate":"0","Type":"ProductImage","Attributes":{"OriginalFileName":""}},{"ID":"117094387","LowPic":"https://inishop.com/img/gallery_lows/2c72d39e425a2a50888bc5d64bd921c419b3a566.jpg","LowSize":"9689","LowHeight":"150","LowWidth":"200","ThumbPic":"https://inishop.com/img/gallery_thumbs/306a0cdd3f598522e9f13c3b16e57ab16a8701b4.jpg","ThumbPicSize":"3114","Pic":"https://inishop.com/img/gallery/61de921a81e1a017cda16f99f948086d6356ca0d.jpg","Size":"93802","PicHeight":"768","PicWidth":"1024","Pic500x500":"https://inishop.com/img/gallery_mediums/69816c511ce778459e5675f05ac8918977e15d07.jpg","Pic500x500Size":"36139","Pic500x500Height":"375","Pic500x500Width":"500","No":"2","IsMain":"N","Updated":"2025-09-09 08:43:22","IsPrivate":"0","Type":"ProductImage","Attributes":{"OriginalFileName":""}},{"ID":"117094388","LowPic":"https://inishop.com/img/gallery_lows/ea1425c6bf677f8154157e5154c8f5318a64e69e.jpg","LowSize":"11108","LowHeight":"150","LowWidth":"200","ThumbPic":"https://inishop.com/img/gallery_thumbs/a2aa903357f0bc91d032996a44a866066efd8091.jpg","ThumbPicSize":"3300","Pic":"https://inishop.com/img/gallery/5cc146bdb7927d62009903d5b10b7000ca34702c.jpg","Size":"129700","PicHeight":"768","PicWidth":"1024","Pic500x500":"https://inishop.com/img/gallery_mediums/66c5d3ad36a18e9267f6d5deda27022d9d3bed1b.jpg","Pic500x500Size":"43756","Pic500x500Height":"375","Pic500x500Width":"500","No":"3","IsMain":"N","Updated":"2025-09-09 08:43:23","IsPrivate":"0","Type":"ProductImage","Attributes":{"OriginalFileName":""}},{"ID":"117094389","LowPic":"https://inishop.com/img/gallery_lows/98c877cad081868ec420c90bd5e3148eb90438cc.jpg","LowSize":"14734","LowHeight":"150","LowWidth":"200","ThumbPic":"https://inishop.com/img/gallery_thumbs/45ab99e1a2f8cf423cc185fa0625199dff32f44f.jpg","ThumbPicSize":"4389","Pic":"https://inishop.com/img/gallery/dc2c176f5b5574a4e52eb051da2121a1bb5279d7.jpg","Size":"184491","PicHeight":"768","PicWidth":"1024","Pic500x500":"https://inishop.com/img/gallery_mediums/70a15ac2be19abe4350952831ebd73bbc9fe1a8c.jpg","Pic500x500Size":"61066","Pic500x500Height":"375","Pic500x500Width":"500","No":"4","IsMain":"N","Updated":"2025-09-09 08:43:24","IsPrivate":"0","Type":"ProductImage","Attributes":{"OriginalFileName":""}},{"ID":"117094390","LowPic":"https://inishop.com/img/gallery_lows/905438a3137ccf376fd43a090fe10ac1afa8d4f6.jpg","LowSize":"13385","LowHeight":"150","LowWidth":"200","ThumbPic":"https://inishop.com/img/gallery_thumbs/d7f429eb2fcb5ef1c7f944ea06c1c9f09adacb0e.jpg","ThumbPicSize":"4077","Pic":"https://inishop.com/img/gallery/c5be4ff111cc7abf0d5aec4d9856ab042615d10a.jpg","Size":"202423","PicHeight":"768","PicWidth":"1024","Pic500x500":"https://inishop.com/img/gallery_mediums/83a96dbf08507a7dc4d62c45ff3c3ba725b2a40a.jpg","Pic500x500Size":"60662","Pic500x500Height":"375","Pic500x500Width":"500","No":"5","IsMain":"N","Updated":"2025-09-09 08:43:25","IsPrivate":"0","Type":"ProductImage","Attributes":{"OriginalFileName":""}},{"ID":"117094391","LowPic":"https://inishop.com/img/gallery_lows/655ec64cdae56c2ac7e7af6775a505870d690410.jpg","LowSize":"9735","LowHeight":"150","LowWidth":"200","ThumbPic":"https://inishop.com/img/gallery_thumbs/07911c759570beaf2e6ed9f5d05c85c79288a7a2.jpg","ThumbPicSize":"2803","Pic":"https://inishop.com/img/gallery/d18bd25abfc42e96ed9915dea08b0e35c27e1673.jpg","Size":"98131","PicHeight":"768","PicWidth":"1024","Pic500x500":"https://inishop.com/img/gallery_mediums/1f449dbd4620a874ae4b56f1a50d76395a6e1195.jpg","Pic500x500Size":"35094","Pic500x500Height":"375","Pic500x500Width":"500","No":"6","IsMain":"N","Updated":"2025-09-09 08:43:26","IsPrivate":"0","Type":"ProductImage","Attributes":{"OriginalFileName":""}}],"FeaturesGroups":[{"ID":13510,"SortNo":"50","FeatureGroup":{"ID":"185","Name":{"Value":"Features","Language":"EN"}},"Features":[{"Localized":0,"ID":835223204,"LocalID":0,"Type":"text","Value":"Performance Black","CategoryFeatureId":"290539","CategoryFeatureGroupID":"13510","SortNo":"10000989","PresentationValue":"Performance Black","RawValue":"Performance Black","LocalValue":"Performance Black","Description":"","Mandatory":"0","Searchable":"0","Optional":"0","Feature":{"ID":"37467","Sign":"","Measure":{"ID":"29","Sign":"","Signs":{"ID":"","_":"","Language":"EN"}},"Name":{"Value":"Product extended colour","Language":"EN"}}},{"Localized":0,"ID":835223206,"LocalID":0,"Type":"dropdown","Value":"Image","CategoryFeatureId":"189646","CategoryFeatureGroupID":"13510","SortNo":"10000986","PresentationValue":"Image","RawValue":"Image","LocalValue":"Image","Description":"","Mandatory":"0","Searchable":"0","Optional":"0","Feature":{"ID":"21118","Sign":"","Measure":{"ID":"29","Sign":"","Signs":{"ID":"","_":"","Language":"EN"}},"Name":{"Value":"Coloration","Language":"EN"}}},{"Localized":0,"ID":835223207,"LocalID":0,"Type":"alphanumeric","Value":"XL","CategoryFeatureId":"947049","CategoryFeatureGroupID":"13510","SortNo":"1500","PresentationValue":"XL","RawValue":"XL","LocalValue":"XL","Description":"","Mandatory":"0","Searchable":"0","Optional":"0","Feature":{"ID":"47512","Sign":"","Measure":{"ID":"29","Sign":"","Signs":{"ID":"","_":"","Language":"EN"}},"Name":{"Value":"Size (S/M/L)","Language":"EN"}}},{"Localized":0,"ID":835223199,"LocalID":0,"Type":"dropdown","Value":"T-shirt","CategoryFeatureId":"284565","CategoryFeatureGroupID":"13510","SortNo":"1000","PresentationValue":"T-shirt","RawValue":"T-shirt","LocalValue":"T-shirt","Description":"","Mandatory":"1","Searchable":"1","Optional":"0","Feature":{"ID":"37361","Sign":"","Measure":{"ID":"29","Sign":"","Signs":{"ID":"","_":"","Language":"EN"}},"Name":{"Value":"Shirt/top type","Language":"EN"}}},{"Localized":0,"ID":835223200,"LocalID":0,"Type":"dropdown","Value":"Adult","CategoryFeatureId":"261629","CategoryFeatureGroupID":"13510","SortNo":"999","PresentationValue":"Adult","RawValue":"Adult","LocalValue":"Adult","Description":"","Mandatory":"1","Searchable":"1","Optional":"0","Feature":{"ID":"36987","Sign":"","Measure":{"ID":"29","Sign":"","Signs":{"ID":"","_":"","Language":"EN"}},"Name":{"Value":"Consumer life stage","Language":"EN"}}},{"Localized":0,"ID":835223201,"LocalID":0,"Type":"dropdown","Value":"Male","CategoryFeatureId":"261607","CategoryFeatureGroupID":"13510","SortNo":"998","PresentationValue":"Male","RawValue":"Male","LocalValue":"Male","Description":"Gender (type) of a product.","Mandatory":"1","Searchable":"1","Optional":"0","Feature":{"ID":"3230","Sign":"","Measure":{"ID":"29","Sign":"","Signs":{"ID":"","_":"","Language":"EN"}},"Name":{"Value":"Gender","Language":"EN"}}},{"Localized":0,"ID":835223202,"LocalID":0,"Type":"multi_dropdown","Value":"Black","CategoryFeatureId":"290356","CategoryFeatureGroupID":"13510","SortNo":"990","PresentationValue":"Black","RawValue":"Black","LocalValue":"Black","Description":"","Mandatory":"1","Searchable":"1","Optional":"0","Feature":{"ID":"37466","Sign":"","Measure":{"ID":"29","Sign":"","Signs":{"ID":"","_":"","Language":"EN"}},"Name":{"Value":"Product main colour","Language":"EN"}}},{"Localized":0,"ID":835223224,"LocalID":0,"Type":"dropdown","Value":"Active / Workout","CategoryFeatureId":"189636","CategoryFeatureGroupID":"13510","SortNo":"980","PresentationValue":"Active / Workout","RawValue":"Active / Workout","LocalValue":"Active / Workout","Description":"","Mandatory":"0","Searchable":"0","Optional":"0","Feature":{"ID":"29202","Sign":"","Measure":{"ID":"29","Sign":"","Signs":{"ID":"","_":"","Language":"EN"}},"Name":{"Value":"Occasion","Language":"EN"}}},{"Localized":0,"ID":835223219,"LocalID":0,"Type":"dropdown","Value":"Crew neck","CategoryFeatureId":"270657","CategoryFeatureGroupID":"13510","SortNo":"950","PresentationValue":"Crew neck","RawValue":"Crew neck","LocalValue":"Crew neck","Description":"","Mandatory":"0","Searchable":"0","Optional":"0","Feature":{"ID":"36517","Sign":"","Measure":{"ID":"29","Sign":"","Signs":{"ID":"","_":"","Language":"EN"}},"Name":{"Value":"Collar/Neckline type","Language":"EN"}}},{"Localized":0,"ID":835223222,"LocalID":0,"Type":"dropdown","Value":"Short sleeve","CategoryFeatureId":"189637","CategoryFeatureGroupID":"13510","SortNo":"900","PresentationValue":"Short sleeve","RawValue":"Short sleeve","LocalValue":"Short sleeve","Description":"The length of the sleeve, e.g. short or long.","Mandatory":"0","Searchable":"0","Optional":"0","Feature":{"ID":"27300","Sign":"","Measure":{"ID":"29","Sign":"","Signs":{"ID":"","_":"","Language":"EN"}},"Name":{"Value":"Sleeve length type","Language":"EN"}}}]},{"ID":22992,"SortNo":"40","FeatureGroup":{"ID":"119","Name":{"Value":"Material","Language":"EN"}},"Features":[{"Localized":0,"ID":835223211,"LocalID":0,"Type":"dropdown","Value":"Polyester","CategoryFeatureId":"214279","CategoryFeatureGroupID":"22992","SortNo":"555","PresentationValue":"Polyester","RawValue":"Polyester","LocalValue":"Polyester","Description":"The material from which a thing is or can be made e.g. wood, plastic.","Mandatory":"1","Searchable":"1","Optional":"0","Feature":{"ID":"898","Sign":"","Measure":{"ID":"29","Sign":"","Signs":{"ID":"","_":"","Language":"EN"}},"Name":{"Value":"Material","Language":"EN"}}},{"Localized":0,"ID":835223210,"LocalID":0,"Type":"text","Value":"100% Polyester","CategoryFeatureId":"291207","CategoryFeatureGroupID":"22992","SortNo":"550","PresentationValue":"100% Polyester","RawValue":"100% Polyester","LocalValue":"100% Polyester","Description":"","Mandatory":"0","Searchable":"0","Optional":"0","Feature":{"ID":"37462","Sign":"","Measure":{"ID":"29","Sign":"","Signs":{"ID":"","_":"","Language":"EN"}},"Name":{"Value":"Material description (name, %)","Language":"EN"}}},{"Localized":0,"ID":835223214,"LocalID":0,"Type":"y_n","Value":"Y","CategoryFeatureId":"685852","CategoryFeatureGroupID":"22992","SortNo":"-10","PresentationValue":"Yes","RawValue":"Y","LocalValue":"Yes","Description":"","Mandatory":"0","Searchable":"0","Optional":"0","Feature":{"ID":"41070","Sign":"","Measure":{"ID":"26","Sign":"","Signs":{"ID":"","_":"","Language":"EN"}},"Name":{"Value":"Made with recycled materials","Language":"EN"}}}]}],"FeatureLogos":[],"ReasonsToBuy":[],"Reviews":[],"ProductRelated":[],"CatalogObjectCloud":{},"Variants":[],"ProductStory":[],"Dictionary":{"model_name":"Product name","desc":"Description","ean_code":"EAN/UPC code","flash360":"3D tour","demo_msg_part3":"If you don't have an Icecat account, please register here for free.","repairability_index":"Repairability index","zoom_panel_init":"Original size","cat_name":"Category","product_family":"Product family","back_to_top":"Back to top","zoom_panel_out":"Zoom out","specs":"Specs","eu_product_fiche":"EU Product Fiche","reviews_head_name":"Reviews","pdf_specs":"Product Brochure","zoom_panel_in":"Zoom in","html_content":"","release_date":"Release date","demo_msg_part1":"You are using now a Demo account. Please, use your own Icecat account","demo_insert_desc":"This is a demo of a seamless insert of an Icecat LIVE product data-sheet in your website. Imagine that this responsive data-sheet is included in the product page of your webshop.","pdf_url":"User manual","prod_code":"Product code","supplier_name":"Brand","video":"Video","reasons_to_buy":"Reasons to buy","marketing_text":"Description","options_head_name":"Options","product_series":"Product series","demo_msg_part2":"your Icecat login name","link_integrate_desk":"How to integrate Icecat LIVE JavaScript.","zoom_panel_dragg":"Mouse dragging","eu_energy_label":"EU Energy Label"},"DemoAccount":false}}