{"msg":"OK","data":{"GeneralInfo":{"IcecatId":134704159,"ReleaseDate":"","EndOfLifeDate":"","Title":"Snickers Workwear Women's T-Shirt","TitleInfo":{"GeneratedIntTitle":"Snickers Workwear 2516","GeneratedLocalTitle":{"Value":"Snickers Workwear 2516 Cotton","Language":"EN"},"BrandLocalTitle":{"Value":"Snickers Workwear Women's T-Shirt","Language":"EN"}},"Brand":"Snickers Workwear","BrandID":"23796","BrandLogo":"","BrandInfo":{"BrandName":"Snickers Workwear","BrandLocalName":"","BrandLogo":""},"ProductName":"Women's T-Shirt","ProductNameInfo":{"ProductIntName":"2516","ProductLocalName":{"Value":"Women's T-Shirt","Language":"EN"}},"BrandPartCode":"25163900006","GTIN":[],"Category":{"CategoryID":"3504","Name":{"Value":"Shirts & Tops","Language":"EN"}},"ProductFamily":{},"ProductSeries":{"SeriesID":"0"},"Description":{"ID":"104046462","LongDesc":"With a fresh look, optimal female fit, this T-shirt is easy to enjoy and ideal for company profiling.","LongProductName":"Women's T-Shirt, Forest Green, L","MiddleDesc":"","Disclaimer":"","ManualPDFURL":"","ManualPDFSize":"0","LeafletPDFURL":"","PDFSize":"0","URL":"https://www.snickersworkwear.com/products/topwear/t-shirts/80519","WarrantyInfo":"","Updated":"2025-09-09 13:53:35","Language":"EN"},"SummaryDescription":{"ShortSummaryDescription":"Snickers Workwear Women's T-Shirt, T-shirt, Adult, Female, Green, Monochromatic, No pattern","LongSummaryDescription":"Snickers Workwear Women's T-Shirt. Shirt/top type: T-shirt, Consumer life stage: Adult, Gender: Female. Material: Cotton, Material description (name, %): 100% cotton, Fabric weight: 160 g/m². Quantity per pack: 1 pc(s). Bleaching instruction: Do not bleach, Drying instruction: Do not tumble dry, Ironing instruction: Iron at moderate temperature. Sustainability certificates: STANDARD 100 by OEKO-TEX"},"BulletPoints":{"BulletPointsId":"13610376","Language":"EN","Values":["Designed with a tighter, more feminine fit","Lycra in the neck rib helps maintain shape – wash after wash","For a long service life, reinforced at the shoulder seam and back of neck","Printed neck label to avoid itching"],"Updated":"2025-09-09 13:53:18"},"GeneratedBulletPoints":{"Language":"EN","Values":["T-shirt Female Green","Adult","Tight fit","Cotton"]},"GTINs":[]},"Image":{"HighPic":"https://inishop.com/img/gallery/8c054e86c1216074a496ed364eac20d08f53eadb.jpg","HighPicSize":"103407","HighPicHeight":"669","HighPicWidth":"503","LowPic":"https://inishop.com/img/gallery_lows/026257865d29bf3ee544e56b227fca591c6bfc7c.jpg","LowPicSize":"14936","LowPicHeight":"200","LowPicWidth":"150","Pic500x500":"https://inishop.com/img/gallery_mediums/e6784f6fc395b844b8e7759a61d90dd124200f88.jpg","Pic500x500Size":"65000","Pic500x500Height":"500","Pic500x500Width":"376","ThumbPic":"https://inishop.com/img/gallery_thumbs/ce56e58123b1ce9045546177efb590546612a1b1.jpg","ThumbPicSize":"4008"},"Multimedia":[{"ID":"D331BFE1-8701-47E8-B068-303492CF82F1","URL":"https://inishop.com/objects/mmo_134704159_1757418853_6758_932127.pdf","Type":"other digital assets","ContentType":"application/pdf","KeepAsUrl":"0","Description":"EU Declaration of Conformity","Size":"124852","IsPrivate":"0","Updated":"2025-09-09 13:54:13","Language":"EN","IsVideo":0}],"Gallery":[{"ID":"117112148","LowPic":"https://inishop.com/img/gallery_lows/026257865d29bf3ee544e56b227fca591c6bfc7c.jpg","LowSize":"14936","LowHeight":"200","LowWidth":"150","ThumbPic":"https://inishop.com/img/gallery_thumbs/ce56e58123b1ce9045546177efb590546612a1b1.jpg","ThumbPicSize":"4008","Pic":"https://inishop.com/img/gallery/8c054e86c1216074a496ed364eac20d08f53eadb.jpg","Size":"103407","PicHeight":"669","PicWidth":"503","Pic500x500":"https://inishop.com/img/gallery_mediums/e6784f6fc395b844b8e7759a61d90dd124200f88.jpg","Pic500x500Size":"65000","Pic500x500Height":"500","Pic500x500Width":"376","No":"1","IsMain":"Y","Updated":"2025-09-09 13:52:50","IsPrivate":"0","Type":"ProductImage","Attributes":{"OriginalFileName":""}},{"ID":"117112151","LowPic":"https://inishop.com/img/gallery_lows/adaf834f2800af02bbf2eef9b2bc39d7fb0dd435.jpg","LowSize":"14790","LowHeight":"200","LowWidth":"147","ThumbPic":"https://inishop.com/img/gallery_thumbs/9475a4b59c25c77efaa2a95a569e43c7fc65eb5c.jpg","ThumbPicSize":"3907","Pic":"https://inishop.com/img/gallery/07a51d9a9f2cc23d2adda85cacf30885eb8a31ec.jpg","Size":"96913","PicHeight":"670","PicWidth":"493","Pic500x500":"https://inishop.com/img/gallery_mediums/e67dceb18011e0664770f1be43f5598b5c5fec9d.jpg","Pic500x500Size":"61924","Pic500x500Height":"500","Pic500x500Width":"368","No":"2","IsMain":"N","Updated":"2025-09-09 13:52:53","IsPrivate":"0","Type":"ProductImage","Attributes":{"OriginalFileName":""}},{"ID":"117112154","LowPic":"https://inishop.com/img/gallery_lows/f0a3f2c8dc3e1415b782902ec3662367f18961d7.jpg","LowSize":"10854","LowHeight":"200","LowWidth":"82","ThumbPic":"https://inishop.com/img/gallery_thumbs/e3e72f1296119a9f948fcfbcda3eb2fc8d73bcb6.jpg","ThumbPicSize":"3059","Pic":"https://inishop.com/img/gallery/20e36d8308dc8fa6d5d0016589bae7d8463b49ac.jpg","Size":"70377","PicHeight":"670","PicWidth":"275","Pic500x500":"https://inishop.com/img/gallery_mediums/38eb8668c9f34017cf75127e3b4de15642be45a9.jpg","Pic500x500Size":"44914","Pic500x500Height":"500","Pic500x500Width":"205","No":"3","IsMain":"N","Updated":"2025-09-09 13:52:56","IsPrivate":"0","Type":"ProductImage","Attributes":{"OriginalFileName":""}},{"ID":"117112156","LowPic":"https://inishop.com/img/gallery_lows/bc7abf094927074dbd3ef23f83efac4763ab0d0c.jpg","LowSize":"10359","LowHeight":"200","LowWidth":"83","ThumbPic":"https://inishop.com/img/gallery_thumbs/344099b3f6eef2251b02bd68c328b26c7a6ae249.jpg","ThumbPicSize":"2863","Pic":"https://inishop.com/img/gallery/8ea8a542e4f4cc74839017dcd1abc9663174c1d2.jpg","Size":"64433","PicHeight":"671","PicWidth":"277","Pic500x500":"https://inishop.com/img/gallery_mediums/76b747d31d17918e3366ba16f88e70310c2b4f54.jpg","Pic500x500Size":"43059","Pic500x500Height":"500","Pic500x500Width":"206","No":"4","IsMain":"N","Updated":"2025-09-09 13:52:59","IsPrivate":"0","Type":"ProductImage","Attributes":{"OriginalFileName":""}}],"FeaturesGroups":[{"ID":13510,"SortNo":"50","FeatureGroup":{"ID":"185","Name":{"Value":"Features","Language":"EN"}},"Features":[{"Localized":0,"ID":835271987,"LocalID":0,"Type":"dropdown","Value":"Monochromatic","CategoryFeatureId":"189646","CategoryFeatureGroupID":"13510","SortNo":"10000986","PresentationValue":"Monochromatic","RawValue":"Monochromatic","LocalValue":"Monochromatic","Description":"","Mandatory":"0","Searchable":"0","Optional":"0","Feature":{"ID":"21118","Sign":"","Measure":{"ID":"29","Sign":"","Signs":{"ID":"","_":"","Language":"EN"}},"Name":{"Value":"Coloration","Language":"EN"}}},{"Localized":0,"ID":835271988,"LocalID":0,"Type":"dropdown","Value":"No pattern","CategoryFeatureId":"261611","CategoryFeatureGroupID":"13510","SortNo":"10000985","PresentationValue":"No pattern","RawValue":"No pattern","LocalValue":"No pattern","Description":"","Mandatory":"0","Searchable":"0","Optional":"0","Feature":{"ID":"22615","Sign":"","Measure":{"ID":"29","Sign":"","Signs":{"ID":"","_":"","Language":"EN"}},"Name":{"Value":"Pattern","Language":"EN"}}},{"Localized":0,"ID":835272001,"LocalID":0,"Type":"alphanumeric","Value":"L","CategoryFeatureId":"947049","CategoryFeatureGroupID":"13510","SortNo":"1500","PresentationValue":"L","RawValue":"L","LocalValue":"L","Description":"","Mandatory":"0","Searchable":"0","Optional":"0","Feature":{"ID":"47512","Sign":"","Measure":{"ID":"29","Sign":"","Signs":{"ID":"","_":"","Language":"EN"}},"Name":{"Value":"Size (S/M/L)","Language":"EN"}}},{"Localized":0,"ID":835271992,"LocalID":0,"Type":"dropdown","Value":"T-shirt","CategoryFeatureId":"284565","CategoryFeatureGroupID":"13510","SortNo":"1000","PresentationValue":"T-shirt","RawValue":"T-shirt","LocalValue":"T-shirt","Description":"","Mandatory":"1","Searchable":"1","Optional":"0","Feature":{"ID":"37361","Sign":"","Measure":{"ID":"29","Sign":"","Signs":{"ID":"","_":"","Language":"EN"}},"Name":{"Value":"Shirt/top type","Language":"EN"}}},{"Localized":0,"ID":835271990,"LocalID":0,"Type":"dropdown","Value":"Adult","CategoryFeatureId":"261629","CategoryFeatureGroupID":"13510","SortNo":"999","PresentationValue":"Adult","RawValue":"Adult","LocalValue":"Adult","Description":"","Mandatory":"1","Searchable":"1","Optional":"0","Feature":{"ID":"36987","Sign":"","Measure":{"ID":"29","Sign":"","Signs":{"ID":"","_":"","Language":"EN"}},"Name":{"Value":"Consumer life stage","Language":"EN"}}},{"Localized":0,"ID":835271982,"LocalID":0,"Type":"dropdown","Value":"Female","CategoryFeatureId":"261607","CategoryFeatureGroupID":"13510","SortNo":"998","PresentationValue":"Female","RawValue":"Female","LocalValue":"Female","Description":"Gender (type) of a product.","Mandatory":"1","Searchable":"1","Optional":"0","Feature":{"ID":"3230","Sign":"","Measure":{"ID":"29","Sign":"","Signs":{"ID":"","_":"","Language":"EN"}},"Name":{"Value":"Gender","Language":"EN"}}},{"Localized":0,"ID":835271994,"LocalID":0,"Type":"multi_dropdown","Value":"Green","CategoryFeatureId":"290356","CategoryFeatureGroupID":"13510","SortNo":"990","PresentationValue":"Green","RawValue":"Green","LocalValue":"Green","Description":"","Mandatory":"1","Searchable":"1","Optional":"0","Feature":{"ID":"37466","Sign":"","Measure":{"ID":"29","Sign":"","Signs":{"ID":"","_":"","Language":"EN"}},"Name":{"Value":"Product main colour","Language":"EN"}}},{"Localized":0,"ID":835279970,"LocalID":0,"Type":"dropdown","Value":"Tight fit","CategoryFeatureId":"192099","CategoryFeatureGroupID":"13510","SortNo":"800","PresentationValue":"Tight fit","RawValue":"Tight fit","LocalValue":"Tight fit","Description":"","Mandatory":"0","Searchable":"0","Optional":"0","Feature":{"ID":"20480","Sign":"","Measure":{"ID":"29","Sign":"","Signs":{"ID":"","_":"","Language":"EN"}},"Name":{"Value":"Fit type","Language":"EN"}}},{"Localized":0,"ID":835271991,"LocalID":0,"Type":"y_n","Value":"N","CategoryFeatureId":"270616","CategoryFeatureGroupID":"13510","SortNo":"523","PresentationValue":"No","RawValue":"N","LocalValue":"No","Description":"","Mandatory":"0","Searchable":"0","Optional":"0","Feature":{"ID":"37145","Sign":"","Measure":{"ID":"26","Sign":"","Signs":{"ID":"","_":"","Language":"EN"}},"Name":{"Value":"Seamless","Language":"EN"}}},{"Localized":0,"ID":835271985,"LocalID":0,"Type":"y_n","Value":"N","CategoryFeatureId":"189652","CategoryFeatureGroupID":"13510","SortNo":"500","PresentationValue":"No","RawValue":"N","LocalValue":"No","Description":"","Mandatory":"0","Searchable":"0","Optional":"0","Feature":{"ID":"18527","Sign":"","Measure":{"ID":"26","Sign":"","Signs":{"ID":"","_":"","Language":"EN"}},"Name":{"Value":"Pocket","Language":"EN"}}},{"Localized":0,"ID":835271984,"LocalID":0,"Type":"multi_dropdown","Value":"No closure","CategoryFeatureId":"270614","CategoryFeatureGroupID":"13510","SortNo":"300","PresentationValue":"No closure","RawValue":"No closure","LocalValue":"No closure","Description":"","Mandatory":"0","Searchable":"0","Optional":"0","Feature":{"ID":"11051","Sign":"","Measure":{"ID":"29","Sign":"","Signs":{"ID":"","_":"","Language":"EN"}},"Name":{"Value":"Closure type","Language":"EN"}}}]},{"ID":22992,"SortNo":"40","FeatureGroup":{"ID":"119","Name":{"Value":"Material","Language":"EN"}},"Features":[{"Localized":0,"ID":835271981,"LocalID":0,"Type":"dropdown","Value":"Cotton","CategoryFeatureId":"214279","CategoryFeatureGroupID":"22992","SortNo":"555","PresentationValue":"Cotton","RawValue":"Cotton","LocalValue":"Cotton","Description":"The material from which a thing is or can be made e.g. wood, plastic.","Mandatory":"1","Searchable":"1","Optional":"0","Feature":{"ID":"898","Sign":"","Measure":{"ID":"29","Sign":"","Signs":{"ID":"","_":"","Language":"EN"}},"Name":{"Value":"Material","Language":"EN"}}},{"Localized":0,"ID":835271993,"LocalID":0,"Type":"text","Value":"100% cotton","CategoryFeatureId":"291207","CategoryFeatureGroupID":"22992","SortNo":"550","PresentationValue":"100% cotton","RawValue":"100% cotton","LocalValue":"100% cotton","Description":"","Mandatory":"0","Searchable":"0","Optional":"0","Feature":{"ID":"37462","Sign":"","Measure":{"ID":"29","Sign":"","Signs":{"ID":"","_":"","Language":"EN"}},"Name":{"Value":"Material description (name, %)","Language":"EN"}}},{"Localized":0,"ID":835280736,"LocalID":0,"Type":"numerical","Value":"160","CategoryFeatureId":"192098","CategoryFeatureGroupID":"22992","SortNo":"520","PresentationValue":"160 g/m²","RawValue":"160","LocalValue":"160","Description":"","Mandatory":"0","Searchable":"0","Optional":"0","Feature":{"ID":"13243","Sign":"","Measure":{"ID":"156","Sign":"","Signs":{"ID":"2898","_":"g/m²","Language":"EN"}},"Name":{"Value":"Fabric weight","Language":"EN"}}}]},{"ID":31108,"SortNo":"5","FeatureGroup":{"ID":"67","Name":{"Value":"Packaging data","Language":"EN"}},"Features":[{"Localized":0,"ID":835271986,"LocalID":0,"Type":"numerical","Value":"1","CategoryFeatureId":"270671","CategoryFeatureGroupID":"31108","SortNo":"15","PresentationValue":"1 pc(s)","RawValue":"1","LocalValue":"1","Description":"","Mandatory":"0","Searchable":"0","Optional":"0","Feature":{"ID":"20228","Sign":"","Measure":{"ID":"144","Sign":"","Signs":{"ID":"125","_":"pc(s)","Language":"EN"}},"Name":{"Value":"Quantity per pack","Language":"EN"}}}]},{"ID":71632,"SortNo":"0","FeatureGroup":{"ID":"270","Name":{"Value":"Care information","Language":"EN"}},"Features":[{"Localized":0,"ID":835271983,"LocalID":0,"Type":"y_n","Value":"Y","CategoryFeatureId":"289864","CategoryFeatureGroupID":"71632","SortNo":"16","PresentationValue":"Yes","RawValue":"Y","LocalValue":"Yes","Description":"The product can be washed in the washing machine without being damaged.","Mandatory":"0","Searchable":"0","Optional":"0","Feature":{"ID":"5516","Sign":"","Measure":{"ID":"26","Sign":"","Signs":{"ID":"","_":"","Language":"EN"}},"Name":{"Value":"Washable","Language":"EN"}}},{"Localized":0,"ID":835271996,"LocalID":0,"Type":"dropdown","Value":"Do not bleach","CategoryFeatureId":"685855","CategoryFeatureGroupID":"71632","SortNo":"-20","PresentationValue":"Do not bleach","RawValue":"Do not bleach","LocalValue":"Do not bleach","Description":"","Mandatory":"0","Searchable":"0","Optional":"0","Feature":{"ID":"42573","Sign":"","Measure":{"ID":"29","Sign":"","Signs":{"ID":"","_":"","Language":"EN"}},"Name":{"Value":"Bleaching instruction","Language":"EN"}}},{"Localized":0,"ID":835271997,"LocalID":0,"Type":"dropdown","Value":"Do not tumble dry","CategoryFeatureId":"685856","CategoryFeatureGroupID":"71632","SortNo":"-21","PresentationValue":"Do not tumble dry","RawValue":"Do not tumble dry","LocalValue":"Do not tumble dry","Description":"","Mandatory":"0","Searchable":"0","Optional":"0","Feature":{"ID":"42574","Sign":"","Measure":{"ID":"29","Sign":"","Signs":{"ID":"","_":"","Language":"EN"}},"Name":{"Value":"Drying instruction","Language":"EN"}}},{"Localized":0,"ID":835271998,"LocalID":0,"Type":"dropdown","Value":"Iron at moderate temperature","CategoryFeatureId":"685857","CategoryFeatureGroupID":"71632","SortNo":"-22","PresentationValue":"Iron at moderate temperature","RawValue":"Iron at moderate temperature","LocalValue":"Iron at moderate temperature","Description":"","Mandatory":"0","Searchable":"0","Optional":"0","Feature":{"ID":"42575","Sign":"","Measure":{"ID":"29","Sign":"","Signs":{"ID":"","_":"","Language":"EN"}},"Name":{"Value":"Ironing instruction","Language":"EN"}}},{"Localized":0,"ID":835271999,"LocalID":0,"Type":"dropdown","Value":"Dry-cleaning (any solvent)","CategoryFeatureId":"685858","CategoryFeatureGroupID":"71632","SortNo":"-23","PresentationValue":"Dry-cleaning (any solvent)","RawValue":"Dry-cleaning (any solvent)","LocalValue":"Dry-cleaning (any solvent)","Description":"","Mandatory":"0","Searchable":"0","Optional":"0","Feature":{"ID":"42577","Sign":"","Measure":{"ID":"29","Sign":"","Signs":{"ID":"","_":"","Language":"EN"}},"Name":{"Value":"Professional care instruction","Language":"EN"}}},{"Localized":0,"ID":835272000,"LocalID":0,"Type":"dropdown","Value":"Normal wash (60°C)","CategoryFeatureId":"685859","CategoryFeatureGroupID":"71632","SortNo":"-24","PresentationValue":"Normal wash (60°C)","RawValue":"Normal wash (60°C)","LocalValue":"Normal wash (60°C)","Description":"","Mandatory":"0","Searchable":"0","Optional":"0","Feature":{"ID":"42578","Sign":"","Measure":{"ID":"29","Sign":"","Signs":{"ID":"","_":"","Language":"EN"}},"Name":{"Value":"Washing instruction","Language":"EN"}}}]},{"ID":78550,"SortNo":"0","FeatureGroup":{"ID":"279","Name":{"Value":"Sustainability","Language":"EN"}},"Features":[{"Localized":0,"ID":835271995,"LocalID":0,"Type":"multi_dropdown","Value":"STANDARD 100 by OEKO-TEX","CategoryFeatureId":"604986","CategoryFeatureGroupID":"78550","SortNo":"0","PresentationValue":"STANDARD 100 by OEKO-TEX","RawValue":"STANDARD 100 by OEKO-TEX","LocalValue":"STANDARD 100 by OEKO-TEX","Description":"","Mandatory":"0","Searchable":"0","Optional":"0","Feature":{"ID":"42513","Sign":"","Measure":{"ID":"29","Sign":"","Signs":{"ID":"","_":"","Language":"EN"}},"Name":{"Value":"Sustainability certificates","Language":"EN"}}}]}],"FeatureLogos":[{"LogoPic":"https://inishop.com/img/feature_logo/564-1253.png","Width":"300","Height":"157","Size":"0","ThumbPic":"https://inishop.com/img/feature_logo_thumbs/564-1253.png","FeatureID":"42513","Value":"STANDARD 100 by OEKO-TEX","KeyLogo":0,"Description":{"Value":"If a textile article carries the STANDARD 100 label, you can be certain that every component of this article, i.e. every thread, button and other accessories, has been tested for harmful substances and that the article therefore is harmless for human health.","Language":"EN"}}],"ReasonsToBuy":[],"Reviews":[],"ProductRelated":[],"CatalogObjectCloud":{},"Variants":[],"ProductStory":[],"Dictionary":{"model_name":"Product name","desc":"Description","ean_code":"EAN/UPC code","flash360":"3D tour","demo_msg_part3":"If you don't have an Icecat account, please register here for free.","repairability_index":"Repairability index","zoom_panel_init":"Original size","cat_name":"Category","product_family":"Product family","back_to_top":"Back to top","zoom_panel_out":"Zoom out","specs":"Specs","eu_product_fiche":"EU Product Fiche","reviews_head_name":"Reviews","pdf_specs":"Product Brochure","zoom_panel_in":"Zoom in","html_content":"","release_date":"Release date","demo_msg_part1":"You are using now a Demo account. Please, use your own Icecat account","demo_insert_desc":"This is a demo of a seamless insert of an Icecat LIVE product data-sheet in your website. Imagine that this responsive data-sheet is included in the product page of your webshop.","pdf_url":"User manual","prod_code":"Product code","supplier_name":"Brand","video":"Video","reasons_to_buy":"Reasons to buy","marketing_text":"Description","options_head_name":"Options","product_series":"Product series","demo_msg_part2":"your Icecat login name","link_integrate_desk":"How to integrate Icecat LIVE JavaScript.","zoom_panel_dragg":"Mouse dragging","eu_energy_label":"EU Energy Label"},"DemoAccount":false}}