{"msg":"OK","data":{"GeneralInfo":{"IcecatId":122858841,"ReleaseDate":"","EndOfLifeDate":"","Title":"Maybelline Color Sensational, 382 Red For Me, 4.2g","TitleInfo":{"GeneratedIntTitle":"Maybelline Color Sensational","GeneratedLocalTitle":{"Value":"Maybelline Color Sensational Cream","Language":"EN"},"BrandLocalTitle":{"Value":"Maybelline Color Sensational, 382 Red For Me, 4.2g","Language":"EN"}},"Brand":"Maybelline","BrandID":"11077","BrandLogo":"https://inishop.com/img/brand/thumb/11077_d9173cc6239c4af2844267b70bed3ac8.jpg","BrandInfo":{"BrandName":"Maybelline","BrandLocalName":"","BrandLogo":"https://inishop.com/img/brand/thumb/11077_d9173cc6239c4af2844267b70bed3ac8.jpg"},"ProductName":"Color Sensational, 382 Red For Me, 4.2g","ProductNameInfo":{"ProductIntName":"Color Sensational","ProductLocalName":{"Value":"Color Sensational, 382 Red For Me, 4.2g","Language":"EN"}},"BrandPartCode":"41554564846","GTIN":["0041554564846","041554564846"],"Category":{"CategoryID":"3005","Name":{"Value":"Lipsticks","Language":"EN"}},"ProductFamily":{},"ProductSeries":{"SeriesID":"1"},"Description":{"ID":"104043850","LongDesc":"Made For All Lipstick features specially selected and obsessively tested pigments that make these universal lipstick shades look sensational on all complexions.<br><br>If you have any queries about your order, speak to our friendly customer care team here.<br><br>No specific precautions for use are required for this product under normal or reasonably foreseeable conditions of use.<br><br>Don’t know what shade complements your skin tone? Meet Maybelline’s game-changing lipstick! Created using specially selected pigments and tested on 50 diverse skin tones, Color Sensational Made For All Lipstick features collectible universal shades that look sensational on all, taking the guesswork out of your lipstick shopping experience. Made For All features our trusted satin and matte formulas with honey nectar for a smooth and comfortable feel.<br><br>","LongProductName":"Color Sensational, 382 Red For Me, 4.2g","MiddleDesc":"","Disclaimer":"","ManualPDFURL":"","ManualPDFSize":"0","LeafletPDFURL":"","PDFSize":"0","URL":"https://www.maybelline.co.uk/all-products/lip-makeup/lip-color/color-sensational-made-for-all-lip-color?variant=Mauve+For+Me","WarrantyInfo":"","Updated":"2025-09-09 07:59:42","Language":"EN"},"SummaryDescription":{"ShortSummaryDescription":"Maybelline Color Sensational, 382 Red For Me, 4.2g, Red, Red For Me, 1 colours, Coloring, Women, Cream","LongSummaryDescription":"Maybelline Color Sensational, 382 Red For Me, 4.2g. Colour group: Red, Colour name: Red For Me, Number of colours: 1 colours. Capacity: 4.2 g. Number of products included: 1 pc(s)"},"BulletPoints":{},"GeneratedBulletPoints":{"Language":"EN","Values":["Red 382 1 colours","Finishing: Cream","Substance: Cream","Lipstick effect: Coloring"]},"GTINs":[{"GTIN":"0041554564846","IsApproved":true},{"GTIN":"041554564846","IsApproved":true}]},"Image":{"HighPic":"https://inishop.com/img/gallery/493527713492d3ccd81b54a3f034f029a7ea6ef5.jpg","HighPicSize":"56378","HighPicHeight":"617","HighPicWidth":"347","LowPic":"https://inishop.com/img/gallery_lows/d2e870991233d6c90cb877b1ad65a8d8998f76cd.jpg","LowPicSize":"11936","LowPicHeight":"200","LowPicWidth":"112","Pic500x500":"https://inishop.com/img/gallery_mediums/9665d74aee4eff835ab91b3b41e7a7a5e1435a1d.jpg","Pic500x500Size":"45955","Pic500x500Height":"500","Pic500x500Width":"281","ThumbPic":"https://inishop.com/img/gallery_thumbs/7e2a1169cf651d19656bd37be755c7c001c51964.jpg","ThumbPicSize":"3485"},"Multimedia":[],"Gallery":[{"ID":"96460690","LowPic":"https://inishop.com/img/gallery_lows/d2e870991233d6c90cb877b1ad65a8d8998f76cd.jpg","LowSize":"11936","LowHeight":"200","LowWidth":"112","ThumbPic":"https://inishop.com/img/gallery_thumbs/7e2a1169cf651d19656bd37be755c7c001c51964.jpg","ThumbPicSize":"3485","Pic":"https://inishop.com/img/gallery/493527713492d3ccd81b54a3f034f029a7ea6ef5.jpg","Size":"56378","PicHeight":"617","PicWidth":"347","Pic500x500":"https://inishop.com/img/gallery_mediums/9665d74aee4eff835ab91b3b41e7a7a5e1435a1d.jpg","Pic500x500Size":"45955","Pic500x500Height":"500","Pic500x500Width":"281","No":"1","IsMain":"Y","Updated":"2024-10-15 14:35:44","IsPrivate":"0","Type":"ProductImage","Attributes":{"OriginalFileName":""}},{"ID":"96460692","LowPic":"https://inishop.com/img/gallery_lows/7aea83f43bab1246a6fc9e91be1652008c3c6546.jpg","LowSize":"8466","LowHeight":"200","LowWidth":"70","ThumbPic":"https://inishop.com/img/gallery_thumbs/78fac4117565d28182fb90b6602848c2148441b3.jpg","ThumbPicSize":"2407","Pic":"https://inishop.com/img/gallery/a47bc0d888850681ea12f324359176e8758c6695.jpg","Size":"137235","PicHeight":"1232","PicWidth":"430","Pic500x500":"https://inishop.com/img/gallery_mediums/e6d8405913d429140986eb095f5d0243b77d0d49.jpg","Pic500x500Size":"34170","Pic500x500Height":"500","Pic500x500Width":"175","No":"2","IsMain":"N","Updated":"2024-10-15 14:35:52","IsPrivate":"0","Type":"ProductImage","Attributes":{"OriginalFileName":""}},{"ID":"96460694","LowPic":"https://inishop.com/img/gallery_lows/d87f432b23233be265a4b7bb94b7b501662e4578.jpg","LowSize":"35814","LowHeight":"200","LowWidth":"200","ThumbPic":"https://inishop.com/img/gallery_thumbs/d0b63fd0e2430005a26c0170b5d747967b779704.jpg","ThumbPicSize":"8355","Pic":"https://inishop.com/img/gallery/f156eef35940ebf0667752067f6e6664617eb3aa.jpg","Size":"317488","PicHeight":"837","PicWidth":"835","Pic500x500":"https://inishop.com/img/gallery_mediums/8478d520b7c23f91a594e93f1ae47579d885a929.jpg","Pic500x500Size":"142613","Pic500x500Height":"500","Pic500x500Width":"499","No":"3","IsMain":"N","Updated":"2024-10-15 14:35:58","IsPrivate":"0","Type":"ProductImage","Attributes":{"OriginalFileName":""}},{"ID":"96460696","LowPic":"https://inishop.com/img/gallery_lows/5f4b8913b87bcff319b7c96c405043709a9bf77e.jpg","LowSize":"16974","LowHeight":"200","LowWidth":"200","ThumbPic":"https://inishop.com/img/gallery_thumbs/0a1ba9b10d06bd3f1c137de0d70399e5448c8c02.jpg","ThumbPicSize":"4707","Pic":"https://inishop.com/img/gallery/fac7a0477c9ed4133c277abaa7fd9c31bdb700b8.jpg","Size":"179079","PicHeight":"1440","PicWidth":"1440","Pic500x500":"https://inishop.com/img/gallery_mediums/2b5c915b32a3b3774aab2874fff09d5927b88adc.jpg","Pic500x500Size":"59859","Pic500x500Height":"500","Pic500x500Width":"500","No":"4","IsMain":"N","Updated":"2024-10-15 14:35:38","IsPrivate":"0","Type":"ProductImage","Attributes":{"OriginalFileName":""}}],"FeaturesGroups":[{"ID":12078,"SortNo":"100","FeatureGroup":{"ID":"185","Name":{"Value":"Features","Language":"EN"}},"Features":[{"Localized":0,"ID":689342840,"LocalID":0,"Type":"dropdown","Value":"Women","CategoryFeatureId":"145869","CategoryFeatureGroupID":"12078","SortNo":"10000095","PresentationValue":"Women","RawValue":"Women","LocalValue":"Women","Description":"Who can use the product, or what the product can be used for.","Mandatory":"0","Searchable":"0","Optional":"0","Feature":{"ID":"9202","Sign":"","Measure":{"ID":"29","Sign":"","Signs":{"ID":"","_":"","Language":"EN"}},"Name":{"Value":"Suitable for","Language":"EN"}}},{"Localized":0,"ID":689342841,"LocalID":0,"Type":"dropdown","Value":"Red","CategoryFeatureId":"105224","CategoryFeatureGroupID":"12078","SortNo":"60","PresentationValue":"Red","RawValue":"Red","LocalValue":"Red","Description":"The broader definiton of the colour spectrum of the product, e.g. black or auburn.","Mandatory":"1","Searchable":"1","Optional":"0","Feature":{"ID":"17357","Sign":"","Measure":{"ID":"29","Sign":"","Signs":{"ID":"","_":"","Language":"EN"}},"Name":{"Value":"Colour group","Language":"EN"}}},{"Localized":0,"ID":689342843,"LocalID":0,"Type":"alphanumeric","Value":"382","CategoryFeatureId":"105225","CategoryFeatureGroupID":"12078","SortNo":"49","PresentationValue":"382","RawValue":"382","LocalValue":"382","Description":"","Mandatory":"1","Searchable":"0","Optional":"0","Feature":{"ID":"17540","Sign":"","Measure":{"ID":"29","Sign":"","Signs":{"ID":"","_":"","Language":"EN"}},"Name":{"Value":"Colour code","Language":"EN"}}},{"Localized":0,"ID":689342847,"LocalID":0,"Type":"text","Value":"Red For Me","CategoryFeatureId":"105226","CategoryFeatureGroupID":"12078","SortNo":"48","PresentationValue":"Red For Me","RawValue":"Red For Me","LocalValue":"Red For Me","Description":"","Mandatory":"1","Searchable":"0","Optional":"0","Feature":{"ID":"17956","Sign":"","Measure":{"ID":"29","Sign":"","Signs":{"ID":"","_":"","Language":"EN"}},"Name":{"Value":"Colour name","Language":"EN"}}},{"Localized":0,"ID":689342848,"LocalID":0,"Type":"numerical","Value":"1","CategoryFeatureId":"145622","CategoryFeatureGroupID":"12078","SortNo":"45","PresentationValue":"1 colours","RawValue":"1","LocalValue":"1","Description":"","Mandatory":"1","Searchable":"0","Optional":"0","Feature":{"ID":"3530","Sign":"","Measure":{"ID":"375","Sign":"","Signs":{"ID":"30608","_":"colours","Language":"EN"}},"Name":{"Value":"Number of colours","Language":"EN"}}},{"Localized":0,"ID":689342850,"LocalID":0,"Type":"dropdown","Value":"Cream","CategoryFeatureId":"145871","CategoryFeatureGroupID":"12078","SortNo":"44","PresentationValue":"Cream","RawValue":"Cream","LocalValue":"Cream","Description":"","Mandatory":"0","Searchable":"0","Optional":"0","Feature":{"ID":"12230","Sign":"","Measure":{"ID":"29","Sign":"","Signs":{"ID":"","_":"","Language":"EN"}},"Name":{"Value":"Finishing","Language":"EN"}}},{"Localized":0,"ID":835290750,"LocalID":0,"Type":"dropdown","Value":"Bottle","CategoryFeatureId":"326729","CategoryFeatureGroupID":"12078","SortNo":"44","PresentationValue":"Bottle","RawValue":"Bottle","LocalValue":"Bottle","Description":"The type of container from which the product can be dispensed, e.g. bag, tube etc.","Mandatory":"0","Searchable":"0","Optional":"0","Feature":{"ID":"17965","Sign":"","Measure":{"ID":"29","Sign":"","Signs":{"ID":"","_":"","Language":"EN"}},"Name":{"Value":"Dispenser type","Language":"EN"}}},{"Localized":0,"ID":689342856,"LocalID":0,"Type":"dropdown","Value":"Cream","CategoryFeatureId":"161799","CategoryFeatureGroupID":"12078","SortNo":"40","PresentationValue":"Cream","RawValue":"Cream","LocalValue":"Cream","Description":"Type of substance, e.g. liquid.","Mandatory":"0","Searchable":"0","Optional":"0","Feature":{"ID":"5658","Sign":"","Measure":{"ID":"29","Sign":"","Signs":{"ID":"","_":"","Language":"EN"}},"Name":{"Value":"Substance","Language":"EN"}}},{"Localized":0,"ID":689342859,"LocalID":0,"Type":"multi_dropdown","Value":"Coloring","CategoryFeatureId":"145874","CategoryFeatureGroupID":"12078","SortNo":"37","PresentationValue":"Coloring","RawValue":"Coloring","LocalValue":"Coloring","Description":"","Mandatory":"1","Searchable":"0","Optional":"0","Feature":{"ID":"23716","Sign":"","Measure":{"ID":"29","Sign":"","Signs":{"ID":"","_":"","Language":"EN"}},"Name":{"Value":"Lipstick effect","Language":"EN"}}},{"Localized":0,"ID":689342879,"LocalID":0,"Type":"textarea","Value":"G2406 1 INGREDIENTS: INGREDIENTS LANOLIN LIQUIDA / LANOLIN OIL SESAMUM INDICUM OIL / SESAME SEED OIL OLEYL ERUCATE CERA MICROCRISTALLINA / MICROCRYSTALLINE WAX / CIRE MICROCRISTALLINE PPG-5 LANOLIN WAX ACETYLATED LANOLIN CERA ALBA / BEESWAX / CIRE DABEILLE ALUMINA DISTEARDIMONIUM HECTORITE PARFUM / FRAGRANCE TOCOPHERYL ACETATE ACRYLIC ACID/ISOBUTYL ACRYLATE/ISOBORNYL ACRYLATE COPOLYMER CALCIUM ALUMINUM BOROSILICATE SYNTHETIC FLUORPHLOGOPITE PENTAERYTHRITYL TETRA-DI-T-BUTYL HYDROXYHYDROCINNAMATE SILICA CALCIUM SODIUM BOROSILICATE BENZYL ALCOHOL POLYETHYLENE TEREPHTHALATE MEL / HONEY / MIEL TIN OXIDE ALUMINUM HYDROXIDE ACRYLATES COPOLYMER DIMETHICONE [+/- MAY CONTAIN / PEUT CONTENIR MICA CI 77891 / TITANIUM DIOXIDE CI 77491, CI 77492, CI 77499 / IRON OXIDES CI 15850 / RED 7 CI 45410 / RED 28 LAKE CI 45380 / RED 22 LAKE CI 15985 / YELLOW 6 LAKE CI 19140 / YELLOW 5 LAKE CI 42090 / BLUE 1 LAKE CI 75470 / CARMINE ] F.I.L. D38427/2","CategoryFeatureId":"105238","CategoryFeatureGroupID":"12078","SortNo":"-80","PresentationValue":"G2406 1 INGREDIENTS: INGREDIENTS LANOLIN LIQUIDA / LANOLIN OIL SESAMUM INDICUM OIL / SESAME SEED OIL OLEYL ERUCATE CERA MICROCRISTALLINA / MICROCRYSTALLINE WAX / CIRE MICROCRISTALLINE PPG-5 LANOLIN WAX ACETYLATED LANOLIN CERA ALBA / BEESWAX / CIRE DABEILLE ALUMINA DISTEARDIMONIUM HECTORITE PARFUM / FRAGRANCE TOCOPHERYL ACETATE ACRYLIC ACID/ISOBUTYL ACRYLATE/ISOBORNYL ACRYLATE COPOLYMER CALCIUM ALUMINUM BOROSILICATE SYNTHETIC FLUORPHLOGOPITE PENTAERYTHRITYL TETRA-DI-T-BUTYL HYDROXYHYDROCINNAMATE SILICA CALCIUM SODIUM BOROSILICATE BENZYL ALCOHOL POLYETHYLENE TEREPHTHALATE MEL / HONEY / MIEL TIN OXIDE ALUMINUM HYDROXIDE ACRYLATES COPOLYMER DIMETHICONE [+/- MAY CONTAIN / PEUT CONTENIR MICA CI 77891 / TITANIUM DIOXIDE CI 77491, CI 77492, CI 77499 / IRON OXIDES CI 15850 / RED 7 CI 45410 / RED 28 LAKE CI 45380 / RED 22 LAKE CI 15985 / YELLOW 6 LAKE CI 19140 / YELLOW 5 LAKE CI 42090 / BLUE 1 LAKE CI 75470 / CARMINE ] F.I.L. D38427/2","RawValue":"G2406 1 INGREDIENTS: INGREDIENTS LANOLIN LIQUIDA / LANOLIN OIL SESAMUM INDICUM OIL / SESAME SEED OIL OLEYL ERUCATE CERA MICROCRISTALLINA / MICROCRYSTALLINE WAX / CIRE MICROCRISTALLINE PPG-5 LANOLIN WAX ACETYLATED LANOLIN CERA ALBA / BEESWAX / CIRE DABEILLE ALUMINA DISTEARDIMONIUM HECTORITE PARFUM / FRAGRANCE TOCOPHERYL ACETATE ACRYLIC ACID/ISOBUTYL ACRYLATE/ISOBORNYL ACRYLATE COPOLYMER CALCIUM ALUMINUM BOROSILICATE SYNTHETIC FLUORPHLOGOPITE PENTAERYTHRITYL TETRA-DI-T-BUTYL HYDROXYHYDROCINNAMATE SILICA CALCIUM SODIUM BOROSILICATE BENZYL ALCOHOL POLYETHYLENE TEREPHTHALATE MEL / HONEY / MIEL TIN OXIDE ALUMINUM HYDROXIDE ACRYLATES COPOLYMER DIMETHICONE [+/- MAY CONTAIN / PEUT CONTENIR MICA CI 77891 / TITANIUM DIOXIDE CI 77491, CI 77492, CI 77499 / IRON OXIDES CI 15850 / RED 7 CI 45410 / RED 28 LAKE CI 45380 / RED 22 LAKE CI 15985 / YELLOW 6 LAKE CI 19140 / YELLOW 5 LAKE CI 42090 / BLUE 1 LAKE CI 75470 / CARMINE ] F.I.L. D38427/2","LocalValue":"G2406 1 INGREDIENTS: INGREDIENTS LANOLIN LIQUIDA / LANOLIN OIL SESAMUM INDICUM OIL / SESAME SEED OIL OLEYL ERUCATE CERA MICROCRISTALLINA / MICROCRYSTALLINE WAX / CIRE MICROCRISTALLINE PPG-5 LANOLIN WAX ACETYLATED LANOLIN CERA ALBA / BEESWAX / CIRE DABEILLE ALUMINA DISTEARDIMONIUM HECTORITE PARFUM / FRAGRANCE TOCOPHERYL ACETATE ACRYLIC ACID/ISOBUTYL ACRYLATE/ISOBORNYL ACRYLATE COPOLYMER CALCIUM ALUMINUM BOROSILICATE SYNTHETIC FLUORPHLOGOPITE PENTAERYTHRITYL TETRA-DI-T-BUTYL HYDROXYHYDROCINNAMATE SILICA CALCIUM SODIUM BOROSILICATE BENZYL ALCOHOL POLYETHYLENE TEREPHTHALATE MEL / HONEY / MIEL TIN OXIDE ALUMINUM HYDROXIDE ACRYLATES COPOLYMER DIMETHICONE [+/- MAY CONTAIN / PEUT CONTENIR MICA CI 77891 / TITANIUM DIOXIDE CI 77491, CI 77492, CI 77499 / IRON OXIDES CI 15850 / RED 7 CI 45410 / RED 28 LAKE CI 45380 / RED 22 LAKE CI 15985 / YELLOW 6 LAKE CI 19140 / YELLOW 5 LAKE CI 42090 / BLUE 1 LAKE CI 75470 / CARMINE ] F.I.L. D38427/2","Description":"","Mandatory":"0","Searchable":"0","Optional":"0","Feature":{"ID":"16908","Sign":"","Measure":{"ID":"29","Sign":"","Signs":{"ID":"","_":"","Language":"EN"}},"Name":{"Value":"Ingredients","Language":"EN"}}}]},{"ID":12077,"SortNo":"-10","FeatureGroup":{"ID":"14","Name":{"Value":"Weight & dimensions","Language":"EN"}},"Features":[{"Localized":0,"ID":689342876,"LocalID":0,"Type":"numerical","Value":"4.2","CategoryFeatureId":"109397","CategoryFeatureGroupID":"12077","SortNo":"100","PresentationValue":"4.2 g","RawValue":"4.2","LocalValue":"4.2","Description":"Maximum amount that something can contain.","Mandatory":"0","Searchable":"0","Optional":"0","Feature":{"ID":"5255","Sign":"","Measure":{"ID":"38","Sign":"","Signs":{"ID":"22","_":"g","Language":"EN"}},"Name":{"Value":"Capacity","Language":"EN"}}}]},{"ID":15807,"SortNo":"-30","FeatureGroup":{"ID":"116","Name":{"Value":"Packaging content","Language":"EN"}},"Features":[{"Localized":0,"ID":689342883,"LocalID":0,"Type":"y_n","Value":"N","CategoryFeatureId":"152975","CategoryFeatureGroupID":"15807","SortNo":"2","PresentationValue":"No","RawValue":"N","LocalValue":"No","Description":"","Mandatory":"0","Searchable":"0","Optional":"0","Feature":{"ID":"4014","Sign":"","Measure":{"ID":"26","Sign":"","Signs":{"ID":"","_":"","Language":"EN"}},"Name":{"Value":"Storage pouch","Language":"EN"}}},{"Localized":0,"ID":689342882,"LocalID":0,"Type":"y_n","Value":"N","CategoryFeatureId":"145623","CategoryFeatureGroupID":"15807","SortNo":"0","PresentationValue":"No","RawValue":"N","LocalValue":"No","Description":"","Mandatory":"0","Searchable":"0","Optional":"0","Feature":{"ID":"14709","Sign":"","Measure":{"ID":"26","Sign":"","Signs":{"ID":"","_":"","Language":"EN"}},"Name":{"Value":"Brush","Language":"EN"}}},{"Localized":0,"ID":689342881,"LocalID":0,"Type":"y_n","Value":"N","CategoryFeatureId":"145624","CategoryFeatureGroupID":"15807","SortNo":"0","PresentationValue":"No","RawValue":"N","LocalValue":"No","Description":"","Mandatory":"0","Searchable":"0","Optional":"0","Feature":{"ID":"3750","Sign":"","Measure":{"ID":"26","Sign":"","Signs":{"ID":"","_":"","Language":"EN"}},"Name":{"Value":"Mirror","Language":"EN"}}},{"Localized":0,"ID":689342880,"LocalID":0,"Type":"numerical","Value":"1","CategoryFeatureId":"105233","CategoryFeatureGroupID":"15807","SortNo":"-150","PresentationValue":"1 pc(s)","RawValue":"1","LocalValue":"1","Description":"The number of products that are included in the package.","Mandatory":"1","Searchable":"0","Optional":"0","Feature":{"ID":"5456","Sign":"","Measure":{"ID":"144","Sign":"","Signs":{"ID":"125","_":"pc(s)","Language":"EN"}},"Name":{"Value":"Number of products included","Language":"EN"}}}]}],"FeatureLogos":[],"ReasonsToBuy":[],"Reviews":[],"ProductRelated":[],"CatalogObjectCloud":{},"Variants":[],"ProductStory":[],"Dictionary":{"model_name":"Product name","desc":"Description","ean_code":"EAN/UPC code","flash360":"3D tour","demo_msg_part3":"If you don't have an Icecat account, please register here for free.","repairability_index":"Repairability index","zoom_panel_init":"Original size","cat_name":"Category","product_family":"Product family","back_to_top":"Back to top","zoom_panel_out":"Zoom out","specs":"Specs","eu_product_fiche":"EU Product Fiche","reviews_head_name":"Reviews","pdf_specs":"Product Brochure","zoom_panel_in":"Zoom in","html_content":"","release_date":"Release date","demo_msg_part1":"You are using now a Demo account. Please, use your own Icecat account","demo_insert_desc":"This is a demo of a seamless insert of an Icecat LIVE product data-sheet in your website. Imagine that this responsive data-sheet is included in the product page of your webshop.","pdf_url":"User manual","prod_code":"Product code","supplier_name":"Brand","video":"Video","reasons_to_buy":"Reasons to buy","marketing_text":"Description","options_head_name":"Options","product_series":"Product series","demo_msg_part2":"your Icecat login name","link_integrate_desk":"How to integrate Icecat LIVE JavaScript.","zoom_panel_dragg":"Mouse dragging","eu_energy_label":"EU Energy Label"},"DemoAccount":false}}