{"msg":"OK","data":{"GeneralInfo":{"IcecatId":101927866,"ReleaseDate":"","EndOfLifeDate":"","Title":"Hills Perfect Weight Small & Mini Adult Dog Food 3.31 lbs (1.5 kg) Chicken","TitleInfo":{"GeneratedIntTitle":"Hills Perfect Weight Small & Mini Adult Dog Food","GeneratedLocalTitle":{"Value":"Hills Perfect Weight Small & Mini Adult Dog Food","Language":"EN"},"BrandLocalTitle":{"Value":"","Language":"EN"}},"Brand":"Hills","BrandID":"21320","BrandLogo":"","BrandInfo":{"BrandName":"Hills","BrandLocalName":"","BrandLogo":""},"ProductName":"Perfect Weight Small & Mini Adult Dog Food","ProductNameInfo":{"ProductIntName":"Perfect Weight Small & Mini Adult Dog Food","ProductLocalName":{"Value":"Perfect Weight Small & Mini Adult Dog Food","Language":"EN"}},"BrandPartCode":"604255","GTIN":["0052742024783","052742024783"],"Category":{"CategoryID":"3398","Name":{"Value":"Dogs Dry Food","Language":"EN"}},"ProductFamily":{},"ProductSeries":{"SeriesID":"1"},"Description":{"ID":"104037749","LongDesc":"Hill's Science Plan Perfect Weight Small & Mini Adult Dog Food with Chicken (chicken 7%) is a complete pet food for adult small dogs from 1 year old that are slightly overweight or with a tendency to gain weight.<br><br>Hill's Science Plan Perfect Weight Small & Mini Adult dog food with Chicken provides delicious, clinically proven nutrition to reach & maintain healthy weight. Our high protein, high fibre formula enriched with L-carnitine & coconut oil helps support pets' metabolism.<br><br><b>Key Benefits</b><br>- Safe & effective weight loss with visible results<br>- Healthy weight maintenance & long lasting weight support<br>- Prebiotic fibres for gentle digestion<br><br><b>Recommended for:</b><br>Adult dogs 1+ years of age that weigh up to 10kg when full grown and require fewer calories (i.e. dogs that are less active, neutered or otherwise prone to weight gain)<br><br><b>Not recommended for:</b><br>Puppies, pregnant or nursing dogs. During pregnancy or nursing, dogs should be switched to Hill's Science Plan Small & Mini Puppy food.","LongProductName":"Perfect Weight Adult Small & Mini Breed Dry Dog Food with Chicken","MiddleDesc":"","Disclaimer":"","ManualPDFURL":"","ManualPDFSize":"0","LeafletPDFURL":"","PDFSize":"0","URL":"https://www.hillspet.co.uk/dog-food/sp-canine-science-plan-adult-perfect-weight-mini-with-chicken-dry","WarrantyInfo":"","Updated":"2025-09-08 16:51:08","Language":"EN"},"SummaryDescription":{"ShortSummaryDescription":"Hills Perfect Weight Small & Mini Adult Dog Food, Adult, Mini (5 - 10kg), X-Small (< 4kg), Chicken, 1.5 kg","LongSummaryDescription":"Hills Perfect Weight Small & Mini Adult Dog Food. Pet life stage: Adult, Breed size: Mini (5 - 10kg), X-Small (< 4kg), Pet food flavor: Chicken, Weight: 1.5 kg"},"BulletPoints":{},"GeneratedBulletPoints":{},"GTINs":[{"GTIN":"0052742024783","IsApproved":true},{"GTIN":"052742024783","IsApproved":true}]},"Image":{"HighPic":"https://inishop.com/img/gallery/fc808cbfc4ef5bd1d4a0d482b7608b8ebf0fe4bf.jpg","HighPicSize":"493837","HighPicHeight":"1325","HighPicWidth":"815","LowPic":"https://inishop.com/img/gallery_lows/7ba82bc7117194f99d1d90c5fb26f9e880d6f694.jpg","LowPicSize":"25398","LowPicHeight":"200","LowPicWidth":"123","Pic500x500":"https://inishop.com/img/gallery_mediums/8d4a8fa94e6b3f1d4eaad6e738d5e63445572ce7.jpg","Pic500x500Size":"106335","Pic500x500Height":"500","Pic500x500Width":"308","ThumbPic":"https://inishop.com/img/gallery_thumbs/242b69e1f3ad8e1cd1ba02125526952f8897beef.jpg","ThumbPicSize":"5497"},"Multimedia":[],"Gallery":[{"ID":"117083890","LowPic":"https://inishop.com/img/gallery_lows/7ba82bc7117194f99d1d90c5fb26f9e880d6f694.jpg","LowSize":"25398","LowHeight":"200","LowWidth":"123","ThumbPic":"https://inishop.com/img/gallery_thumbs/242b69e1f3ad8e1cd1ba02125526952f8897beef.jpg","ThumbPicSize":"5497","Pic":"https://inishop.com/img/gallery/fc808cbfc4ef5bd1d4a0d482b7608b8ebf0fe4bf.jpg","Size":"493837","PicHeight":"1325","PicWidth":"815","Pic500x500":"https://inishop.com/img/gallery_mediums/8d4a8fa94e6b3f1d4eaad6e738d5e63445572ce7.jpg","Pic500x500Size":"106335","Pic500x500Height":"500","Pic500x500Width":"308","No":"2","IsMain":"Y","Updated":"2025-09-08 16:49:49","IsPrivate":"0","Type":"ProductImage","Attributes":{"OriginalFileName":""}},{"ID":"117083891","LowPic":"https://inishop.com/img/gallery_lows/8b1db4dfbab7380db3f126929944e6602a6f4785.jpg","LowSize":"18989","LowHeight":"200","LowWidth":"123","ThumbPic":"https://inishop.com/img/gallery_thumbs/08bdcf15ff73242b93c32b89c46bb9e69e1f4604.jpg","ThumbPicSize":"4022","Pic":"https://inishop.com/img/gallery/b997f8257eec87a74e29dc40837e8ef6cd52718a.jpg","Size":"502827","PicHeight":"1325","PicWidth":"815","Pic500x500":"https://inishop.com/img/gallery_mediums/036a0f2d467bc10715d35927d015ff7b5538f6bb.jpg","Pic500x500Size":"91701","Pic500x500Height":"500","Pic500x500Width":"308","No":"3","IsMain":"N","Updated":"2025-09-08 16:49:56","IsPrivate":"0","Type":"ProductImage","Attributes":{"OriginalFileName":""}},{"ID":"117083916","LowPic":"https://inishop.com/img/gallery_lows/0c1d52ea92edf04c634a18201c7e95fb9633cbdf.jpg","LowSize":"29617","LowHeight":"200","LowWidth":"200","ThumbPic":"https://inishop.com/img/gallery_thumbs/3761bd3478921fb1fb361076849365bf0a155a7c.jpg","ThumbPicSize":"6922","Pic":"https://inishop.com/img/gallery/e73254ab865342d63a161a80d139a4b843465c33.jpg","Size":"89260","PicHeight":"500","PicWidth":"500","Pic500x500":"https://inishop.com/img/gallery_mediums/e73254ab865342d63a161a80d139a4b843465c33.jpg","Pic500x500Size":"89260","Pic500x500Height":"500","Pic500x500Width":"500","No":"6","IsMain":"N","Updated":"2025-09-08 16:55:07","IsPrivate":"0","Type":"ProductImageAnnotated","Attributes":{"OriginalFileName":""}},{"ID":"117083917","LowPic":"https://inishop.com/img/gallery_lows/3d06cd49dab67b9c616d32417fa084ee471f8ded.jpg","LowSize":"36845","LowHeight":"200","LowWidth":"200","ThumbPic":"https://inishop.com/img/gallery_thumbs/805fa1cb773e30f7018f31353050c6e133494a27.jpg","ThumbPicSize":"8706","Pic":"https://inishop.com/img/gallery/fab4c29284009d0ec2e9127ae66df0c49669ad2d.jpg","Size":"122960","PicHeight":"500","PicWidth":"500","Pic500x500":"https://inishop.com/img/gallery_mediums/fab4c29284009d0ec2e9127ae66df0c49669ad2d.jpg","Pic500x500Size":"122960","Pic500x500Height":"500","Pic500x500Width":"500","No":"7","IsMain":"N","Updated":"2025-09-08 16:55:08","IsPrivate":"0","Type":"ProductImageAnnotated","Attributes":{"OriginalFileName":""}},{"ID":"117083918","LowPic":"https://inishop.com/img/gallery_lows/81b160ed208310556cdf0fe45de9727456fa3bfc.jpg","LowSize":"22322","LowHeight":"200","LowWidth":"200","ThumbPic":"https://inishop.com/img/gallery_thumbs/b282d72a10c111294dd53a5e450a66554f8318a0.jpg","ThumbPicSize":"4964","Pic":"https://inishop.com/img/gallery/f14fa278519574c9a63cfb8e148b17c517e4ba4d.jpg","Size":"95022","PicHeight":"500","PicWidth":"500","Pic500x500":"https://inishop.com/img/gallery_mediums/f14fa278519574c9a63cfb8e148b17c517e4ba4d.jpg","Pic500x500Size":"95022","Pic500x500Height":"500","Pic500x500Width":"500","No":"8","IsMain":"N","Updated":"2025-09-08 16:55:09","IsPrivate":"0","Type":"ProductImageAnnotated","Attributes":{"OriginalFileName":""}},{"ID":"117083919","LowPic":"https://inishop.com/img/gallery_lows/5f35a3bbe78ffb030e7437000084b107d53f1e81.jpg","LowSize":"37163","LowHeight":"200","LowWidth":"200","ThumbPic":"https://inishop.com/img/gallery_thumbs/ef066ecdacb008ad9fc280ab7864dab8afc570dd.jpg","ThumbPicSize":"8571","Pic":"https://inishop.com/img/gallery/44234b197982e736258d97b955988a3e7f691200.jpg","Size":"119849","PicHeight":"500","PicWidth":"500","Pic500x500":"https://inishop.com/img/gallery_mediums/44234b197982e736258d97b955988a3e7f691200.jpg","Pic500x500Size":"119849","Pic500x500Height":"500","Pic500x500Width":"500","No":"9","IsMain":"N","Updated":"2025-09-08 16:55:10","IsPrivate":"0","Type":"ProductImageAnnotated","Attributes":{"OriginalFileName":""}}],"FeaturesGroups":[{"ID":13305,"SortNo":"10","FeatureGroup":{"ID":"185","Name":{"Value":"Features","Language":"EN"}},"Features":[{"Localized":0,"ID":503327329,"LocalID":0,"Type":"numerical","Value":"1500","CategoryFeatureId":"189213","CategoryFeatureGroupID":"13305","SortNo":"200","PresentationValue":"1.5 kg","RawValue":"1500","LocalValue":"1.5","Description":"Weight of the product without packaging (net weight). If possible, the net weight is given including standard accessories and supplies. Please note that sometimes the manufacturer leaves out the weight of accessories and/or supplies.","Mandatory":"1","Searchable":"0","Optional":"0","Feature":{"ID":"94","Sign":"","Measure":{"ID":"38","Sign":"","Signs":{"ID":"22","_":"g","Language":"EN"}},"Name":{"Value":"Weight","Language":"EN"}}},{"Localized":0,"ID":835128598,"LocalID":0,"Type":"multi_dropdown","Value":"Mini (5 - 10kg),X-Small (< 4kg)","CategoryFeatureId":"122920","CategoryFeatureGroupID":"13305","SortNo":"189","PresentationValue":"Mini (5 - 10kg), X-Small (< 4kg)","RawValue":"Mini (5 - 10kg),X-Small (< 4kg)","LocalValue":"Mini (5 - 10kg), X-Small (< 4kg)","Description":"","Mandatory":"0","Searchable":"0","Optional":"0","Feature":{"ID":"20703","Sign":"","Measure":{"ID":"29","Sign":"","Signs":{"ID":"","_":"","Language":"EN"}},"Name":{"Value":"Breed size","Language":"EN"}}},{"Localized":0,"ID":835128922,"LocalID":0,"Type":"multi_dropdown","Value":"Omega-3,Omega-6,Vitamin A,Vitamin C,Vitamin D,Vitamin E","CategoryFeatureId":"201495","CategoryFeatureGroupID":"13305","SortNo":"175","PresentationValue":"Omega-3, Omega-6, Vitamin A, Vitamin C, Vitamin D, Vitamin E","RawValue":"Omega-3,Omega-6,Vitamin A,Vitamin C,Vitamin D,Vitamin E","LocalValue":"Omega-3, Omega-6, Vitamin A, Vitamin C, Vitamin D, Vitamin E","Description":"","Mandatory":"0","Searchable":"0","Optional":"0","Feature":{"ID":"26607","Sign":"","Measure":{"ID":"29","Sign":"","Signs":{"ID":"","_":"","Language":"EN"}},"Name":{"Value":"Includes vitamins","Language":"EN"}}},{"Localized":0,"ID":835128592,"LocalID":0,"Type":"dropdown","Value":"Adult (animal)","CategoryFeatureId":"122907","CategoryFeatureGroupID":"13305","SortNo":"20","PresentationValue":"Adult","RawValue":"Adult (animal)","LocalValue":"Adult","Description":"","Mandatory":"1","Searchable":"1","Optional":"0","Feature":{"ID":"20700","Sign":"","Measure":{"ID":"29","Sign":"","Signs":{"ID":"","_":"","Language":"EN"}},"Name":{"Value":"Pet life stage","Language":"EN"}}},{"Localized":0,"ID":503327333,"LocalID":0,"Type":"multi_dropdown","Value":"Chicken","CategoryFeatureId":"122918","CategoryFeatureGroupID":"13305","SortNo":"17","PresentationValue":"Chicken","RawValue":"Chicken","LocalValue":"Chicken","Description":"","Mandatory":"1","Searchable":"1","Optional":"0","Feature":{"ID":"20702","Sign":"","Measure":{"ID":"29","Sign":"","Signs":{"ID":"","_":"","Language":"EN"}},"Name":{"Value":"Pet food flavor","Language":"EN"}}},{"Localized":1,"ID":0,"LocalID":554059085,"Type":"textarea","Value":"","CategoryFeatureId":"694052","CategoryFeatureGroupID":"13305","SortNo":"17","PresentationValue":"Wheat, maize gluten meal, maize, chicken and turkey meal, pea bran meal, digest, cellulose, dried tomato pomace, flaxseed, animal fat, dried beet pulp, coconut oil (2.2%), minerals, dried carrots","RawValue":"","LocalValue":"Wheat, maize gluten meal, maize, chicken and turkey meal, pea bran meal, digest, cellulose, dried tomato pomace, flaxseed, animal fat, dried beet pulp, coconut oil (2.2%), minerals, dried carrots","Description":"","Mandatory":"0","Searchable":"0","Optional":"0","Feature":{"ID":"16908","Sign":"","Measure":{"ID":"29","Sign":"","Signs":{"ID":"","_":"","Language":"EN"}},"Name":{"Value":"Ingredients","Language":"EN"}}},{"Localized":0,"ID":503327326,"LocalID":0,"Type":"numerical","Value":"6","CategoryFeatureId":"661803","CategoryFeatureGroupID":"13305","SortNo":"0","PresentationValue":"6 pc(s)","RawValue":"6","LocalValue":"6","Description":"","Mandatory":"0","Searchable":"0","Optional":"0","Feature":{"ID":"20228","Sign":"","Measure":{"ID":"144","Sign":"","Signs":{"ID":"125","_":"pc(s)","Language":"EN"}},"Name":{"Value":"Quantity per pack","Language":"EN"}}}]},{"ID":22475,"SortNo":"8","FeatureGroup":{"ID":"200","Name":{"Value":"Nutrition facts","Language":"EN"}},"Features":[{"Localized":0,"ID":835128841,"LocalID":0,"Type":"numerical","Value":"27.7","CategoryFeatureId":"122923","CategoryFeatureGroupID":"22475","SortNo":"100","PresentationValue":"27.7%","RawValue":"27.7","LocalValue":"27.7","Description":"","Mandatory":"0","Searchable":"0","Optional":"0","Feature":{"ID":"20705","Sign":"","Measure":{"ID":"64","Sign":"","Signs":{"ID":"47","_":"%","Language":"EN"}},"Name":{"Value":"Protein","Language":"EN"}}},{"Localized":0,"ID":835128842,"LocalID":0,"Type":"numerical","Value":"12.3","CategoryFeatureId":"122924","CategoryFeatureGroupID":"22475","SortNo":"100","PresentationValue":"12.3%","RawValue":"12.3","LocalValue":"12.3","Description":"","Mandatory":"0","Searchable":"0","Optional":"0","Feature":{"ID":"20706","Sign":"","Measure":{"ID":"64","Sign":"","Signs":{"ID":"47","_":"%","Language":"EN"}},"Name":{"Value":"Fat content","Language":"EN"}}},{"Localized":0,"ID":835128843,"LocalID":0,"Type":"numerical","Value":"13.2","CategoryFeatureId":"122926","CategoryFeatureGroupID":"22475","SortNo":"100","PresentationValue":"13.2%","RawValue":"13.2","LocalValue":"13.2","Description":"","Mandatory":"0","Searchable":"0","Optional":"0","Feature":{"ID":"20708","Sign":"","Measure":{"ID":"64","Sign":"","Signs":{"ID":"47","_":"%","Language":"EN"}},"Name":{"Value":"Crude fibres","Language":"EN"}}},{"Localized":0,"ID":835128847,"LocalID":0,"Type":"numerical","Value":"0.66","CategoryFeatureId":"201489","CategoryFeatureGroupID":"22475","SortNo":"100","PresentationValue":"0.66%","RawValue":"0.66","LocalValue":"0.66","Description":"","Mandatory":"0","Searchable":"0","Optional":"0","Feature":{"ID":"30405","Sign":"","Measure":{"ID":"64","Sign":"","Signs":{"ID":"47","_":"%","Language":"EN"}},"Name":{"Value":"Phosphorus","Language":"EN"}}},{"Localized":0,"ID":835128845,"LocalID":0,"Type":"numerical","Value":"0.82","CategoryFeatureId":"201490","CategoryFeatureGroupID":"22475","SortNo":"100","PresentationValue":"0.82%","RawValue":"0.82","LocalValue":"0.82","Description":"","Mandatory":"0","Searchable":"0","Optional":"0","Feature":{"ID":"30404","Sign":"","Measure":{"ID":"64","Sign":"","Signs":{"ID":"47","_":"%","Language":"EN"}},"Name":{"Value":"Calcium","Language":"EN"}}},{"Localized":0,"ID":835128849,"LocalID":0,"Type":"numerical","Value":"0.3","CategoryFeatureId":"201491","CategoryFeatureGroupID":"22475","SortNo":"100","PresentationValue":"0.3%","RawValue":"0.3","LocalValue":"0.3","Description":"","Mandatory":"0","Searchable":"0","Optional":"0","Feature":{"ID":"30406","Sign":"","Measure":{"ID":"64","Sign":"","Signs":{"ID":"47","_":"%","Language":"EN"}},"Name":{"Value":"Sodium","Language":"EN"}}},{"Localized":0,"ID":835128853,"LocalID":0,"Type":"numerical","Value":"0.134","CategoryFeatureId":"204245","CategoryFeatureGroupID":"22475","SortNo":"97","PresentationValue":"0.134%","RawValue":"0.134","LocalValue":"0.134","Description":"","Mandatory":"0","Searchable":"0","Optional":"0","Feature":{"ID":"30418","Sign":"","Measure":{"ID":"64","Sign":"","Signs":{"ID":"47","_":"%","Language":"EN"}},"Name":{"Value":"Magnesium content","Language":"EN"}}},{"Localized":0,"ID":835128851,"LocalID":0,"Type":"numerical","Value":"0.85","CategoryFeatureId":"205019","CategoryFeatureGroupID":"22475","SortNo":"94","PresentationValue":"0.85%","RawValue":"0.85","LocalValue":"0.85","Description":"","Mandatory":"0","Searchable":"0","Optional":"0","Feature":{"ID":"30417","Sign":"","Measure":{"ID":"64","Sign":"","Signs":{"ID":"47","_":"%","Language":"EN"}},"Name":{"Value":"Potassium content","Language":"EN"}}},{"Localized":0,"ID":835128854,"LocalID":0,"Type":"numerical","Value":"410.7","CategoryFeatureId":"205025","CategoryFeatureGroupID":"22475","SortNo":"85","PresentationValue":"410.7 mg/kg","RawValue":"410.7","LocalValue":"410.7","Description":"","Mandatory":"0","Searchable":"0","Optional":"0","Feature":{"ID":"30774","Sign":"","Measure":{"ID":"395","Sign":"","Signs":{"ID":"31867","_":"mg/kg","Language":"EN"}},"Name":{"Value":"L-carnitine content","Language":"EN"}}},{"Localized":0,"ID":835128856,"LocalID":0,"Type":"numerical","Value":"119","CategoryFeatureId":"205028","CategoryFeatureGroupID":"22475","SortNo":"76","PresentationValue":"119 mg/kg","RawValue":"119","LocalValue":"119","Description":"","Mandatory":"0","Searchable":"0","Optional":"0","Feature":{"ID":"30777","Sign":"","Measure":{"ID":"395","Sign":"","Signs":{"ID":"31867","_":"mg/kg","Language":"EN"}},"Name":{"Value":"Vitamin C content","Language":"EN"}}},{"Localized":0,"ID":835128961,"LocalID":0,"Type":"numerical","Value":"12692","CategoryFeatureId":"205036","CategoryFeatureGroupID":"22475","SortNo":"55","PresentationValue":"12692 IU/kg","RawValue":"12692","LocalValue":"12692","Description":"","Mandatory":"0","Searchable":"0","Optional":"0","Feature":{"ID":"30787","Sign":"","Measure":{"ID":"394","Sign":"","Signs":{"ID":"31813","_":"IU/kg","Language":"EN"}},"Name":{"Value":"Vitamin A content","Language":"EN"}}},{"Localized":0,"ID":835128857,"LocalID":0,"Type":"numerical","Value":"447","CategoryFeatureId":"205038","CategoryFeatureGroupID":"22475","SortNo":"49","PresentationValue":"447 mg/kg","RawValue":"447","LocalValue":"447","Description":"","Mandatory":"0","Searchable":"0","Optional":"0","Feature":{"ID":"30789","Sign":"","Measure":{"ID":"395","Sign":"","Signs":{"ID":"31867","_":"mg/kg","Language":"EN"}},"Name":{"Value":"Vitamin E content","Language":"EN"}}},{"Localized":0,"ID":835128951,"LocalID":0,"Type":"numerical","Value":"0.73","CategoryFeatureId":"810603","CategoryFeatureGroupID":"22475","SortNo":"10","PresentationValue":"0.73%","RawValue":"0.73","LocalValue":"0.73","Description":"","Mandatory":"0","Searchable":"0","Optional":"0","Feature":{"ID":"31078","Sign":"","Measure":{"ID":"64","Sign":"","Signs":{"ID":"47","_":"%","Language":"EN"}},"Name":{"Value":"Omega-3 fatty acids","Language":"EN"}}},{"Localized":0,"ID":835128955,"LocalID":0,"Type":"numerical","Value":"2.4","CategoryFeatureId":"810604","CategoryFeatureGroupID":"22475","SortNo":"9","PresentationValue":"2.4%","RawValue":"2.4","LocalValue":"2.4","Description":"","Mandatory":"0","Searchable":"0","Optional":"0","Feature":{"ID":"44751","Sign":"","Measure":{"ID":"64","Sign":"","Signs":{"ID":"47","_":"%","Language":"EN"}},"Name":{"Value":"Omega-6 fatty acids","Language":"EN"}}}]}],"FeatureLogos":[],"ReasonsToBuy":[],"Reviews":[],"ProductRelated":[],"CatalogObjectCloud":{},"Variants":[],"ProductStory":[],"Dictionary":{"model_name":"Product name","desc":"Description","ean_code":"EAN/UPC code","flash360":"3D tour","demo_msg_part3":"If you don't have an Icecat account, please register here for free.","repairability_index":"Repairability index","zoom_panel_init":"Original size","cat_name":"Category","product_family":"Product family","back_to_top":"Back to top","zoom_panel_out":"Zoom out","specs":"Specs","eu_product_fiche":"EU Product Fiche","reviews_head_name":"Reviews","pdf_specs":"Product Brochure","zoom_panel_in":"Zoom in","html_content":"","release_date":"Release date","demo_msg_part1":"You are using now a Demo account. Please, use your own Icecat account","demo_insert_desc":"This is a demo of a seamless insert of an Icecat LIVE product data-sheet in your website. Imagine that this responsive data-sheet is included in the product page of your webshop.","pdf_url":"User manual","prod_code":"Product code","supplier_name":"Brand","video":"Video","reasons_to_buy":"Reasons to buy","marketing_text":"Description","options_head_name":"Options","product_series":"Product series","demo_msg_part2":"your Icecat login name","link_integrate_desk":"How to integrate Icecat LIVE JavaScript.","zoom_panel_dragg":"Mouse dragging","eu_energy_label":"EU Energy Label"},"DemoAccount":false}}