{"msg":"OK","data":{"GeneralInfo":{"IcecatId":118323563,"ReleaseDate":"","EndOfLifeDate":"","Title":"Essence The Slim Stick 1.7 g 105 Velvet Punch Matte","TitleInfo":{"GeneratedIntTitle":"Essence The Slim Stick","GeneratedLocalTitle":{"Value":"Essence The Slim Stick 1.7 g 105 Velvet Punch Matte","Language":"EN"},"BrandLocalTitle":{"Value":"","Language":"EN"}},"Brand":"Essence","BrandID":"29383","BrandLogo":"https://inishop.com/img/brand/thumb/29383_837cf392de374591bbd1c9cdef160cb6.jpg","BrandInfo":{"BrandName":"Essence","BrandLocalName":"","BrandLogo":"https://inishop.com/img/brand/thumb/29383_837cf392de374591bbd1c9cdef160cb6.jpg"},"ProductName":"The Slim Stick","ProductNameInfo":{"ProductIntName":"The Slim Stick","ProductLocalName":{"Value":"","Language":"EN"}},"BrandPartCode":"946635","GTIN":["4059729466358"],"Category":{"CategoryID":"3005","Name":{"Value":"Lipsticks","Language":"EN"}},"ProductFamily":{},"ProductSeries":{"SeriesID":"0"},"Description":{"ID":"104037654","LongDesc":"Say “Hello” to the essence THE slim STICK 105 Velvet Punch in a warm velvet shade! The lipstick convinces with its creamy texture and a velvet matte finish. It has a lastingness of up to 6 hours without drying out or smudging and is ultra-comfortable to wear. The slim packaging is perfect for on-the-go and allows precise and easy application – anytime, anywhere! Enriched with with jojoba oil, macadamia oil, coconut oil and vitamin E the lipstick prevents the lips from drying out and feels ultra-comfortable to wear.<br>","LongProductName":"The Slim Stick 105 Velvet Punch 1.7 g","MiddleDesc":"","Disclaimer":"","ManualPDFURL":"","ManualPDFSize":"0","LeafletPDFURL":"","PDFSize":"0","URL":"https://www.essence.eu/en-za/p/946635/the-slim-stick","WarrantyInfo":"","Updated":"2025-09-08 16:30:28","Language":"EN"},"SummaryDescription":{"ShortSummaryDescription":"Essence The Slim Stick, Rose, Velvet Punch, 1 colours, Coloring, Women, Matte","LongSummaryDescription":"Essence The Slim Stick. Colour group: Rose, Colour name: Velvet Punch, Number of colours: 1 colours. Capacity: 1.7 g. Number of products included: 1 pc(s)"},"BulletPoints":{"BulletPointsId":"13607163","Language":"EN","Values":["Creamy lipstick with a velvet matte finish","Up to 6h long-lastingness without smudging","No drying out thanks to jojoba oil, macadamia oil, coconut oil and vitamin E"],"Updated":"2025-09-08 16:29:27"},"GeneratedBulletPoints":{"Language":"EN","Values":["Rose 105 1 colours","Finishing: Matte","Substance: Cream","Lipstick effect: Coloring","Constitutive ingredients: Coconut oil, Jojoba oil, Macadamia oil"]},"GTINs":[{"GTIN":"4059729466358","IsApproved":true}]},"Image":{"HighPic":"https://inishop.com/img/gallery/ba6b99205529b78215a7304ddf0542b66d762cc5.jpg","HighPicSize":"183782","HighPicHeight":"2197","HighPicWidth":"417","LowPic":"https://inishop.com/img/gallery_lows/80b102a6824cbc9b0435397e268f1ee66f3812c1.jpg","LowPicSize":"5384","LowPicHeight":"200","LowPicWidth":"38","Pic500x500":"https://inishop.com/img/gallery_mediums/baacfb7e7429fcd9ec2d330004cfbb7dc4718a0a.jpg","Pic500x500Size":"20896","Pic500x500Height":"500","Pic500x500Width":"95","ThumbPic":"https://inishop.com/img/gallery_thumbs/80544379465ae045ea28886a26369e01dddb4a6c.jpg","ThumbPicSize":"1673"},"Multimedia":[],"Gallery":[{"ID":"86018004","LowPic":"https://inishop.com/img/gallery_lows/80b102a6824cbc9b0435397e268f1ee66f3812c1.jpg","LowSize":"5384","LowHeight":"200","LowWidth":"38","ThumbPic":"https://inishop.com/img/gallery_thumbs/80544379465ae045ea28886a26369e01dddb4a6c.jpg","ThumbPicSize":"1673","Pic":"https://inishop.com/img/gallery/ba6b99205529b78215a7304ddf0542b66d762cc5.jpg","Size":"183782","PicHeight":"2197","PicWidth":"417","Pic500x500":"https://inishop.com/img/gallery_mediums/baacfb7e7429fcd9ec2d330004cfbb7dc4718a0a.jpg","Pic500x500Size":"20896","Pic500x500Height":"500","Pic500x500Width":"95","No":"2","IsMain":"Y","Updated":"2025-09-08 16:28:59","IsPrivate":"0","Type":"ProductImage","Attributes":{"OriginalFileName":""}},{"ID":"86018005","LowPic":"https://inishop.com/img/gallery_lows/e625c2ba19acce075ecdf3387ff94365d6717e3f.jpg","LowSize":"12370","LowHeight":"200","LowWidth":"125","ThumbPic":"https://inishop.com/img/gallery_thumbs/f329816800ebd105a603dc750efded7d7fa1d740.jpg","ThumbPicSize":"3443","Pic":"https://inishop.com/img/gallery/0245260f46dd5878000df761d46ef33b971fec9c.jpg","Size":"480072","PicHeight":"2197","PicWidth":"1369","Pic500x500":"https://inishop.com/img/gallery_mediums/21901d9de48066ed0dd48cf9fe7741740254f08a.jpg","Pic500x500Size":"50843","Pic500x500Height":"500","Pic500x500Width":"312","No":"3","IsMain":"N","Updated":"2025-09-08 16:29:04","IsPrivate":"0","Type":"ProductImage","Attributes":{"OriginalFileName":""}},{"ID":"86018162","LowPic":"https://inishop.com/img/gallery_lows/916d30c139868d080476e18e8eb67129e673b847.jpg","LowSize":"5031","LowHeight":"200","LowWidth":"38","ThumbPic":"https://inishop.com/img/gallery_thumbs/50c21b90bdbb70141a1865d6536b8c8d91fcedf9.jpg","ThumbPicSize":"1660","Pic":"https://inishop.com/img/gallery/0fe3d56194d8e46f1a7f527cb9db69ca7aae8e06.jpg","Size":"181330","PicHeight":"2197","PicWidth":"418","Pic500x500":"https://inishop.com/img/gallery_mediums/d0044b826249b0b1428279354f80e70ae02c528f.jpg","Pic500x500Size":"20338","Pic500x500Height":"500","Pic500x500Width":"95","No":"4","IsMain":"N","Updated":"2025-09-08 16:29:07","IsPrivate":"0","Type":"ProductImage","Attributes":{"OriginalFileName":""}},{"ID":"86018163","LowPic":"https://inishop.com/img/gallery_lows/7ed3cc51c1f3c78beb8bc94bf825e2baf73c4e60.jpg","LowSize":"11974","LowHeight":"200","LowWidth":"97","ThumbPic":"https://inishop.com/img/gallery_thumbs/d5bad300346623d3a4340d6044bab8876e7eab2c.jpg","ThumbPicSize":"3161","Pic":"https://inishop.com/img/gallery/039fe4a6a3bfba352b03eda3dc086da013a15e6f.jpg","Size":"480877","PicHeight":"1817","PicWidth":"884","Pic500x500":"https://inishop.com/img/gallery_mediums/bfa3894415b50123d7feb906f122e72cc7d9a6e5.jpg","Pic500x500Size":"55094","Pic500x500Height":"500","Pic500x500Width":"243","No":"5","IsMain":"N","Updated":"2025-09-08 16:29:15","IsPrivate":"0","Type":"ProductImage","Attributes":{"OriginalFileName":""}},{"ID":"86018164","LowPic":"https://inishop.com/img/gallery_lows/3dfdb094d0f325068d9b3442f0b3e447.jpg","LowSize":"35947","LowHeight":"200","LowWidth":"200","ThumbPic":"https://inishop.com/img/gallery_thumbs/3dfdb094d0f325068d9b3442f0b3e447.jpg","ThumbPicSize":"7834","Pic":"https://inishop.com/img/gallery/3dfdb094d0f325068d9b3442f0b3e447.jpg","Size":"2268543","PicHeight":"2000","PicWidth":"2000","Pic500x500":"https://inishop.com/img/gallery_mediums/3dfdb094d0f325068d9b3442f0b3e447.jpg","Pic500x500Size":"189775","Pic500x500Height":"500","Pic500x500Width":"500","No":"6","IsMain":"N","Updated":"2024-02-04 14:42:43","IsPrivate":"0","Type":"ProductImage","Attributes":{"OriginalFileName":""}},{"ID":"86018165","LowPic":"https://inishop.com/img/gallery_lows/3335e7e6e72e72b7e10cb7505e78e71b.jpg","LowSize":"43621","LowHeight":"200","LowWidth":"200","ThumbPic":"https://inishop.com/img/gallery_thumbs/3335e7e6e72e72b7e10cb7505e78e71b.jpg","ThumbPicSize":"9003","Pic":"https://inishop.com/img/gallery/3335e7e6e72e72b7e10cb7505e78e71b.jpg","Size":"2572629","PicHeight":"2000","PicWidth":"2000","Pic500x500":"https://inishop.com/img/gallery_mediums/3335e7e6e72e72b7e10cb7505e78e71b.jpg","Pic500x500Size":"222693","Pic500x500Height":"500","Pic500x500Width":"500","No":"7","IsMain":"N","Updated":"2024-02-04 14:42:50","IsPrivate":"0","Type":"ProductImage","Attributes":{"OriginalFileName":""}},{"ID":"86018166","LowPic":"https://inishop.com/img/gallery_lows/1964d3b5252e7b2c649fee2bd53d669b.jpg","LowSize":"44047","LowHeight":"200","LowWidth":"200","ThumbPic":"https://inishop.com/img/gallery_thumbs/1964d3b5252e7b2c649fee2bd53d669b.jpg","ThumbPicSize":"9043","Pic":"https://inishop.com/img/gallery/1964d3b5252e7b2c649fee2bd53d669b.jpg","Size":"2045116","PicHeight":"2000","PicWidth":"2000","Pic500x500":"https://inishop.com/img/gallery_mediums/1964d3b5252e7b2c649fee2bd53d669b.jpg","Pic500x500Size":"203731","Pic500x500Height":"500","Pic500x500Width":"500","No":"8","IsMain":"N","Updated":"2024-02-04 14:43:16","IsPrivate":"0","Type":"ProductImage","Attributes":{"OriginalFileName":""}},{"ID":"86018167","LowPic":"https://inishop.com/img/gallery_lows/c1fb04034f1b9e9acd2a2b5946e79bfe.jpg","LowSize":"40989","LowHeight":"200","LowWidth":"200","ThumbPic":"https://inishop.com/img/gallery_thumbs/c1fb04034f1b9e9acd2a2b5946e79bfe.jpg","ThumbPicSize":"6783","Pic":"https://inishop.com/img/gallery/c1fb04034f1b9e9acd2a2b5946e79bfe.jpg","Size":"2379536","PicHeight":"2000","PicWidth":"2000","Pic500x500":"https://inishop.com/img/gallery_mediums/c1fb04034f1b9e9acd2a2b5946e79bfe.jpg","Pic500x500Size":"236490","Pic500x500Height":"500","Pic500x500Width":"500","No":"9","IsMain":"N","Updated":"2024-02-04 14:43:16","IsPrivate":"0","Type":"ProductImage","Attributes":{"OriginalFileName":""}},{"ID":"86018168","LowPic":"https://inishop.com/img/gallery_lows/4d29ca2a7822d62a38723a1dfad682da.jpg","LowSize":"33738","LowHeight":"200","LowWidth":"200","ThumbPic":"https://inishop.com/img/gallery_thumbs/4d29ca2a7822d62a38723a1dfad682da.jpg","ThumbPicSize":"6090","Pic":"https://inishop.com/img/gallery/4d29ca2a7822d62a38723a1dfad682da.jpg","Size":"1760243","PicHeight":"2000","PicWidth":"2000","Pic500x500":"https://inishop.com/img/gallery_mediums/4d29ca2a7822d62a38723a1dfad682da.jpg","Pic500x500Size":"183858","Pic500x500Height":"500","Pic500x500Width":"500","No":"10","IsMain":"N","Updated":"2024-02-04 14:43:18","IsPrivate":"0","Type":"ProductImage","Attributes":{"OriginalFileName":""}},{"ID":"86018169","LowPic":"https://inishop.com/img/gallery_lows/a75e39b39ef01377979092fbeff40821.jpg","LowSize":"39855","LowHeight":"200","LowWidth":"200","ThumbPic":"https://inishop.com/img/gallery_thumbs/a75e39b39ef01377979092fbeff40821.jpg","ThumbPicSize":"7130","Pic":"https://inishop.com/img/gallery/a75e39b39ef01377979092fbeff40821.jpg","Size":"2040952","PicHeight":"2000","PicWidth":"2000","Pic500x500":"https://inishop.com/img/gallery_mediums/a75e39b39ef01377979092fbeff40821.jpg","Pic500x500Size":"215547","Pic500x500Height":"500","Pic500x500Width":"500","No":"11","IsMain":"N","Updated":"2024-02-04 14:43:24","IsPrivate":"0","Type":"ProductImage","Attributes":{"OriginalFileName":""}},{"ID":"86018170","LowPic":"https://inishop.com/img/gallery_lows/bd71bdab812417c3d79f071199fba955.jpg","LowSize":"40741","LowHeight":"200","LowWidth":"200","ThumbPic":"https://inishop.com/img/gallery_thumbs/bd71bdab812417c3d79f071199fba955.jpg","ThumbPicSize":"7428","Pic":"https://inishop.com/img/gallery/bd71bdab812417c3d79f071199fba955.jpg","Size":"2054676","PicHeight":"2000","PicWidth":"2000","Pic500x500":"https://inishop.com/img/gallery_mediums/bd71bdab812417c3d79f071199fba955.jpg","Pic500x500Size":"219461","Pic500x500Height":"500","Pic500x500Width":"500","No":"12","IsMain":"N","Updated":"2024-02-04 14:43:26","IsPrivate":"0","Type":"ProductImage","Attributes":{"OriginalFileName":""}},{"ID":"86018171","LowPic":"https://inishop.com/img/gallery_lows/2c045f789bb552c82170a87817da6ff6.jpg","LowSize":"42814","LowHeight":"200","LowWidth":"200","ThumbPic":"https://inishop.com/img/gallery_thumbs/2c045f789bb552c82170a87817da6ff6.jpg","ThumbPicSize":"9475","Pic":"https://inishop.com/img/gallery/2c045f789bb552c82170a87817da6ff6.jpg","Size":"1495429","PicHeight":"2000","PicWidth":"2000","Pic500x500":"https://inishop.com/img/gallery_mediums/2c045f789bb552c82170a87817da6ff6.jpg","Pic500x500Size":"177688","Pic500x500Height":"500","Pic500x500Width":"500","No":"13","IsMain":"N","Updated":"2024-02-04 14:43:32","IsPrivate":"0","Type":"ProductImage","Attributes":{"OriginalFileName":""}}],"FeaturesGroups":[{"ID":12078,"SortNo":"100","FeatureGroup":{"ID":"185","Name":{"Value":"Features","Language":"EN"}},"Features":[{"Localized":0,"ID":616421612,"LocalID":0,"Type":"dropdown","Value":"Women","CategoryFeatureId":"145869","CategoryFeatureGroupID":"12078","SortNo":"10000095","PresentationValue":"Women","RawValue":"Women","LocalValue":"Women","Description":"Who can use the product, or what the product can be used for.","Mandatory":"0","Searchable":"0","Optional":"0","Feature":{"ID":"9202","Sign":"","Measure":{"ID":"29","Sign":"","Signs":{"ID":"","_":"","Language":"EN"}},"Name":{"Value":"Suitable for","Language":"EN"}}},{"Localized":0,"ID":616421616,"LocalID":0,"Type":"dropdown","Value":"Rose","CategoryFeatureId":"105224","CategoryFeatureGroupID":"12078","SortNo":"60","PresentationValue":"Rose","RawValue":"Rose","LocalValue":"Rose","Description":"The broader definiton of the colour spectrum of the product, e.g. black or auburn.","Mandatory":"1","Searchable":"1","Optional":"0","Feature":{"ID":"17357","Sign":"","Measure":{"ID":"29","Sign":"","Signs":{"ID":"","_":"","Language":"EN"}},"Name":{"Value":"Colour group","Language":"EN"}}},{"Localized":0,"ID":616421618,"LocalID":0,"Type":"alphanumeric","Value":"105","CategoryFeatureId":"105225","CategoryFeatureGroupID":"12078","SortNo":"49","PresentationValue":"105","RawValue":"105","LocalValue":"105","Description":"","Mandatory":"1","Searchable":"0","Optional":"0","Feature":{"ID":"17540","Sign":"","Measure":{"ID":"29","Sign":"","Signs":{"ID":"","_":"","Language":"EN"}},"Name":{"Value":"Colour code","Language":"EN"}}},{"Localized":0,"ID":616421619,"LocalID":0,"Type":"text","Value":"Velvet Punch","CategoryFeatureId":"105226","CategoryFeatureGroupID":"12078","SortNo":"48","PresentationValue":"Velvet Punch","RawValue":"Velvet Punch","LocalValue":"Velvet Punch","Description":"","Mandatory":"1","Searchable":"0","Optional":"0","Feature":{"ID":"17956","Sign":"","Measure":{"ID":"29","Sign":"","Signs":{"ID":"","_":"","Language":"EN"}},"Name":{"Value":"Colour name","Language":"EN"}}},{"Localized":0,"ID":616421608,"LocalID":0,"Type":"numerical","Value":"1","CategoryFeatureId":"145622","CategoryFeatureGroupID":"12078","SortNo":"45","PresentationValue":"1 colours","RawValue":"1","LocalValue":"1","Description":"","Mandatory":"1","Searchable":"0","Optional":"0","Feature":{"ID":"3530","Sign":"","Measure":{"ID":"375","Sign":"","Signs":{"ID":"30608","_":"colours","Language":"EN"}},"Name":{"Value":"Number of colours","Language":"EN"}}},{"Localized":0,"ID":616421613,"LocalID":0,"Type":"dropdown","Value":"Matte","CategoryFeatureId":"145871","CategoryFeatureGroupID":"12078","SortNo":"44","PresentationValue":"Matte","RawValue":"Matte","LocalValue":"Matte","Description":"","Mandatory":"0","Searchable":"0","Optional":"0","Feature":{"ID":"12230","Sign":"","Measure":{"ID":"29","Sign":"","Signs":{"ID":"","_":"","Language":"EN"}},"Name":{"Value":"Finishing","Language":"EN"}}},{"Localized":0,"ID":835289055,"LocalID":0,"Type":"dropdown","Value":"Mechanical (hand winding)","CategoryFeatureId":"326730","CategoryFeatureGroupID":"12078","SortNo":"43","PresentationValue":"Mechanical (hand winding)","RawValue":"Mechanical (hand winding)","LocalValue":"Mechanical (hand winding)","Description":"The type of mechanism used in the product.","Mandatory":"0","Searchable":"0","Optional":"0","Feature":{"ID":"11027","Sign":"","Measure":{"ID":"29","Sign":"","Signs":{"ID":"","_":"","Language":"EN"}},"Name":{"Value":"Mechanism type","Language":"EN"}}},{"Localized":0,"ID":616421611,"LocalID":0,"Type":"dropdown","Value":"Cream","CategoryFeatureId":"161799","CategoryFeatureGroupID":"12078","SortNo":"40","PresentationValue":"Cream","RawValue":"Cream","LocalValue":"Cream","Description":"Type of substance, e.g. liquid.","Mandatory":"0","Searchable":"0","Optional":"0","Feature":{"ID":"5658","Sign":"","Measure":{"ID":"29","Sign":"","Signs":{"ID":"","_":"","Language":"EN"}},"Name":{"Value":"Substance","Language":"EN"}}},{"Localized":0,"ID":616421624,"LocalID":0,"Type":"multi_dropdown","Value":"Coloring","CategoryFeatureId":"145874","CategoryFeatureGroupID":"12078","SortNo":"37","PresentationValue":"Coloring","RawValue":"Coloring","LocalValue":"Coloring","Description":"","Mandatory":"1","Searchable":"0","Optional":"0","Feature":{"ID":"23716","Sign":"","Measure":{"ID":"29","Sign":"","Signs":{"ID":"","_":"","Language":"EN"}},"Name":{"Value":"Lipstick effect","Language":"EN"}}},{"Localized":0,"ID":616421621,"LocalID":0,"Type":"dropdown","Value":"Coconut oil,Jojoba oil,Macadamia oil","CategoryFeatureId":"145873","CategoryFeatureGroupID":"12078","SortNo":"35","PresentationValue":"Coconut oil, Jojoba oil, Macadamia oil","RawValue":"Coconut oil,Jojoba oil,Macadamia oil","LocalValue":"Coconut oil, Jojoba oil, Macadamia oil","Description":"","Mandatory":"0","Searchable":"0","Optional":"0","Feature":{"ID":"18005","Sign":"","Measure":{"ID":"29","Sign":"","Signs":{"ID":"","_":"","Language":"EN"}},"Name":{"Value":"Constitutive ingredients","Language":"EN"}}},{"Localized":0,"ID":616421614,"LocalID":0,"Type":"y_n","Value":"N","CategoryFeatureId":"686439","CategoryFeatureGroupID":"12078","SortNo":"20","PresentationValue":"No","RawValue":"N","LocalValue":"No","Description":"With a pleasant scent or smell e.g. vanilla.","Mandatory":"0","Searchable":"0","Optional":"0","Feature":{"ID":"14682","Sign":"","Measure":{"ID":"26","Sign":"","Signs":{"ID":"","_":"","Language":"EN"}},"Name":{"Value":"Scented","Language":"EN"}}},{"Localized":0,"ID":616421622,"LocalID":0,"Type":"y_n","Value":"Y","CategoryFeatureId":"150298","CategoryFeatureGroupID":"12078","SortNo":"10","PresentationValue":"Yes","RawValue":"Y","LocalValue":"Yes","Description":"","Mandatory":"0","Searchable":"0","Optional":"0","Feature":{"ID":"18071","Sign":"","Measure":{"ID":"26","Sign":"","Signs":{"ID":"","_":"","Language":"EN"}},"Name":{"Value":"Long-lasting","Language":"EN"}}},{"Localized":0,"ID":835289244,"LocalID":0,"Type":"y_n","Value":"Y","CategoryFeatureId":"164978","CategoryFeatureGroupID":"12078","SortNo":"9","PresentationValue":"Yes","RawValue":"Y","LocalValue":"Yes","Description":"","Mandatory":"0","Searchable":"0","Optional":"0","Feature":{"ID":"22607","Sign":"","Measure":{"ID":"26","Sign":"","Signs":{"ID":"","_":"","Language":"EN"}},"Name":{"Value":"Not tested on animals","Language":"EN"}}},{"Localized":0,"ID":835289108,"LocalID":0,"Type":"y_n","Value":"Y","CategoryFeatureId":"168223","CategoryFeatureGroupID":"12078","SortNo":"8","PresentationValue":"Yes","RawValue":"Y","LocalValue":"Yes","Description":"","Mandatory":"0","Searchable":"0","Optional":"0","Feature":{"ID":"26721","Sign":"","Measure":{"ID":"26","Sign":"","Signs":{"ID":"","_":"","Language":"EN"}},"Name":{"Value":"No animal ingredients & by-products","Language":"EN"}}},{"Localized":0,"ID":616421625,"LocalID":0,"Type":"y_n","Value":"Y","CategoryFeatureId":"801661","CategoryFeatureGroupID":"12078","SortNo":"7","PresentationValue":"Yes","RawValue":"Y","LocalValue":"Yes","Description":"","Mandatory":"0","Searchable":"0","Optional":"0","Feature":{"ID":"41954","Sign":"","Measure":{"ID":"26","Sign":"","Signs":{"ID":"","_":"","Language":"EN"}},"Name":{"Value":"Transfer-resistant","Language":"EN"}}},{"Localized":0,"ID":616421617,"LocalID":0,"Type":"numerical","Value":"6","CategoryFeatureId":"109037","CategoryFeatureGroupID":"12078","SortNo":"0","PresentationValue":"6 h","RawValue":"6","LocalValue":"6","Description":"","Mandatory":"0","Searchable":"0","Optional":"0","Feature":{"ID":"17369","Sign":"","Measure":{"ID":"46","Sign":"","Signs":{"ID":"30","_":"h","Language":"EN"}},"Name":{"Value":"Staying time","Language":"EN"}}},{"Localized":0,"ID":616421626,"LocalID":0,"Type":"multi_dropdown","Value":"Alcohol,Fragrance,Gluten,Paraben","CategoryFeatureId":"625070","CategoryFeatureGroupID":"12078","SortNo":"0","PresentationValue":"Alcohol, Fragrance, Gluten, Paraben","RawValue":"Alcohol,Fragrance,Gluten,Paraben","LocalValue":"Alcohol, Fragrance, Gluten, Paraben","Description":"","Mandatory":"0","Searchable":"0","Optional":"0","Feature":{"ID":"42516","Sign":"","Measure":{"ID":"29","Sign":"","Signs":{"ID":"","_":"","Language":"EN"}},"Name":{"Value":"Doesn't contain","Language":"EN"}}},{"Localized":0,"ID":616421615,"LocalID":0,"Type":"textarea","Value":"HYDROGENATED POLYISOBUTENE, CAPRYLIC/CAPRIC TRIGLYCERIDE, VINYL DIMETHICONE/METHICONE SILSESQUIOXANE CROSSPOLYMER, ISONONYL ISONONANOATE, EUPHORBIA CERIFERA CERA (EUPHORBIA CERIFERA (CANDELILLA) WAX), SIMMONDSIA CHINENSIS (JOJOBA) SEED OIL, POLYISOBUTENE, OCTYLDODECANOL, SILICA, BIS-DIGLYCERYL POLYACYLADIPATE-2, SYNTHETIC WAX, TOCOPHERYL ACETATE, MACADAMIA INTEGRIFOLIA SEED OIL, COCOS NUCIFERA (COCONUT) OIL, TOCOPHEROL, ETHYLHEXYLGLYCERIN, PHENOXYETHANOL, CI 77491 (IRON OXIDES), CI 77492 (IRON OXIDES), CI 77499 (IRON OXIDES), CI 77891 (TITANIUM DIOXIDE).","CategoryFeatureId":"105238","CategoryFeatureGroupID":"12078","SortNo":"-80","PresentationValue":"HYDROGENATED POLYISOBUTENE, CAPRYLIC/CAPRIC TRIGLYCERIDE, VINYL DIMETHICONE/METHICONE SILSESQUIOXANE CROSSPOLYMER, ISONONYL ISONONANOATE, EUPHORBIA CERIFERA CERA (EUPHORBIA CERIFERA (CANDELILLA) WAX), SIMMONDSIA CHINENSIS (JOJOBA) SEED OIL, POLYISOBUTENE, OCTYLDODECANOL, SILICA, BIS-DIGLYCERYL POLYACYLADIPATE-2, SYNTHETIC WAX, TOCOPHERYL ACETATE, MACADAMIA INTEGRIFOLIA SEED OIL, COCOS NUCIFERA (COCONUT) OIL, TOCOPHEROL, ETHYLHEXYLGLYCERIN, PHENOXYETHANOL, CI 77491 (IRON OXIDES), CI 77492 (IRON OXIDES), CI 77499 (IRON OXIDES), CI 77891 (TITANIUM DIOXIDE).","RawValue":"HYDROGENATED POLYISOBUTENE, CAPRYLIC/CAPRIC TRIGLYCERIDE, VINYL DIMETHICONE/METHICONE SILSESQUIOXANE CROSSPOLYMER, ISONONYL ISONONANOATE, EUPHORBIA CERIFERA CERA (EUPHORBIA CERIFERA (CANDELILLA) WAX), SIMMONDSIA CHINENSIS (JOJOBA) SEED OIL, POLYISOBUTENE, OCTYLDODECANOL, SILICA, BIS-DIGLYCERYL POLYACYLADIPATE-2, SYNTHETIC WAX, TOCOPHERYL ACETATE, MACADAMIA INTEGRIFOLIA SEED OIL, COCOS NUCIFERA (COCONUT) OIL, TOCOPHEROL, ETHYLHEXYLGLYCERIN, PHENOXYETHANOL, CI 77491 (IRON OXIDES), CI 77492 (IRON OXIDES), CI 77499 (IRON OXIDES), CI 77891 (TITANIUM DIOXIDE).","LocalValue":"HYDROGENATED POLYISOBUTENE, CAPRYLIC/CAPRIC TRIGLYCERIDE, VINYL DIMETHICONE/METHICONE SILSESQUIOXANE CROSSPOLYMER, ISONONYL ISONONANOATE, EUPHORBIA CERIFERA CERA (EUPHORBIA CERIFERA (CANDELILLA) WAX), SIMMONDSIA CHINENSIS (JOJOBA) SEED OIL, POLYISOBUTENE, OCTYLDODECANOL, SILICA, BIS-DIGLYCERYL POLYACYLADIPATE-2, SYNTHETIC WAX, TOCOPHERYL ACETATE, MACADAMIA INTEGRIFOLIA SEED OIL, COCOS NUCIFERA (COCONUT) OIL, TOCOPHEROL, ETHYLHEXYLGLYCERIN, PHENOXYETHANOL, CI 77491 (IRON OXIDES), CI 77492 (IRON OXIDES), CI 77499 (IRON OXIDES), CI 77891 (TITANIUM DIOXIDE).","Description":"","Mandatory":"0","Searchable":"0","Optional":"0","Feature":{"ID":"16908","Sign":"","Measure":{"ID":"29","Sign":"","Signs":{"ID":"","_":"","Language":"EN"}},"Name":{"Value":"Ingredients","Language":"EN"}}},{"Localized":0,"ID":616421623,"LocalID":0,"Type":"textarea","Value":"E","CategoryFeatureId":"146250","CategoryFeatureGroupID":"12078","SortNo":"-81","PresentationValue":"E","RawValue":"E","LocalValue":"E","Description":"","Mandatory":"0","Searchable":"0","Optional":"0","Feature":{"ID":"21148","Sign":"","Measure":{"ID":"29","Sign":"","Signs":{"ID":"","_":"","Language":"EN"}},"Name":{"Value":"Vitamins & minerals","Language":"EN"}}}]},{"ID":12077,"SortNo":"-10","FeatureGroup":{"ID":"14","Name":{"Value":"Weight & dimensions","Language":"EN"}},"Features":[{"Localized":0,"ID":616421609,"LocalID":0,"Type":"numerical","Value":"1.7","CategoryFeatureId":"109397","CategoryFeatureGroupID":"12077","SortNo":"100","PresentationValue":"1.7 g","RawValue":"1.7","LocalValue":"1.7","Description":"Maximum amount that something can contain.","Mandatory":"0","Searchable":"0","Optional":"0","Feature":{"ID":"5255","Sign":"","Measure":{"ID":"38","Sign":"","Signs":{"ID":"22","_":"g","Language":"EN"}},"Name":{"Value":"Capacity","Language":"EN"}}}]},{"ID":15807,"SortNo":"-30","FeatureGroup":{"ID":"116","Name":{"Value":"Packaging content","Language":"EN"}},"Features":[{"Localized":0,"ID":616421610,"LocalID":0,"Type":"numerical","Value":"1","CategoryFeatureId":"105233","CategoryFeatureGroupID":"15807","SortNo":"-150","PresentationValue":"1 pc(s)","RawValue":"1","LocalValue":"1","Description":"The number of products that are included in the package.","Mandatory":"1","Searchable":"0","Optional":"0","Feature":{"ID":"5456","Sign":"","Measure":{"ID":"144","Sign":"","Signs":{"ID":"125","_":"pc(s)","Language":"EN"}},"Name":{"Value":"Number of products included","Language":"EN"}}}]}],"FeatureLogos":[],"ReasonsToBuy":[],"Reviews":[],"ProductRelated":[],"CatalogObjectCloud":{},"Variants":[],"ProductStory":[],"Dictionary":{"model_name":"Product name","desc":"Description","ean_code":"EAN/UPC code","flash360":"3D tour","demo_msg_part3":"If you don't have an Icecat account, please register here for free.","repairability_index":"Repairability index","zoom_panel_init":"Original size","cat_name":"Category","product_family":"Product family","back_to_top":"Back to top","zoom_panel_out":"Zoom out","specs":"Specs","eu_product_fiche":"EU Product Fiche","reviews_head_name":"Reviews","pdf_specs":"Product Brochure","zoom_panel_in":"Zoom in","html_content":"","release_date":"Release date","demo_msg_part1":"You are using now a Demo account. Please, use your own Icecat account","demo_insert_desc":"This is a demo of a seamless insert of an Icecat LIVE product data-sheet in your website. Imagine that this responsive data-sheet is included in the product page of your webshop.","pdf_url":"User manual","prod_code":"Product code","supplier_name":"Brand","video":"Video","reasons_to_buy":"Reasons to buy","marketing_text":"Description","options_head_name":"Options","product_series":"Product series","demo_msg_part2":"your Icecat login name","link_integrate_desk":"How to integrate Icecat LIVE JavaScript.","zoom_panel_dragg":"Mouse dragging","eu_energy_label":"EU Energy Label"},"DemoAccount":false}}