{"msg":"OK","data":{"GeneralInfo":{"IcecatId":124914271,"ReleaseDate":"01-01-9999","EndOfLifeDate":"31-12-9999","Title":"HP Z2 Tower G9 Intel® Core™ i9 i9-14900K 64 GB DDR5-SDRAM 1 TB SSD Windows 11 Pro Workstation AI Workstation Black","TitleInfo":{"GeneratedIntTitle":"HP Z2 Tower G9","GeneratedLocalTitle":{"Value":"HP Z2 Tower G9 Intel® Core™ i9 i9-14900K 64 GB DDR5-SDRAM 1 TB SSD Windows 11 Pro Workstation AI Workstation Black","Language":"EN"},"BrandLocalTitle":{"Value":"","Language":"EN"}},"Brand":"HP","BrandID":"1","BrandLogo":"https://images.icecat.biz/img/brand/thumb/1_d30fcedad0114a21995254ed83bd0a5e.jpg","BrandInfo":{"BrandName":"HP","BrandLocalName":"","BrandLogo":"https://images.icecat.biz/img/brand/thumb/1_d30fcedad0114a21995254ed83bd0a5e.jpg"},"ProductName":"Z2 Tower G9","ProductNameInfo":{"ProductIntName":"Z2 Tower G9","ProductLocalName":{"Value":"","Language":"EN"}},"BrandPartCode":"A40KVET","GTIN":["0198990365985","198990365985"],"Category":{"CategoryID":"153","Name":{"Value":"PCs/Workstations","Language":"EN"}},"ProductFamily":{"ProductFamilyID":"74147","Value":"Z2","Language":"EN"},"ProductSeries":{"SeriesID":"1"},"Description":{},"SummaryDescription":{"ShortSummaryDescription":"HP Z2 Tower G9, Intel® Core™ i9, i9-14900K, 64 GB, DDR5-SDRAM, 1 TB, Windows 11 Pro","LongSummaryDescription":"HP Z2 Tower G9. Processor family: Intel® Core™ i9, Processor model: i9-14900K. Internal memory: 64 GB, Internal memory type: DDR5-SDRAM, Memory clock speed: 4800 MHz. Total storage capacity: 1 TB, Storage media: SSD. On-board graphics card model: Intel UHD Graphics 770. Operating system installed: Windows 11 Pro. Power supply: 700 W. Chassis type: Tower. Product type: Workstation. Weight: 6.2 kg. Product colour: Black"},"BulletPoints":{},"GeneratedBulletPoints":{"Language":"EN","Values":["Performance Workstation Black 700 W","Intel® Core™ i9 i9-14900K Processor cores: 24","64 GB DDR5-SDRAM 4800 MHz 2 x 32 GB","1 TB SSD","Intel UHD Graphics 770","Ethernet LAN","Windows 11 Pro"]},"GTINs":[{"GTIN":"0198990365985","IsApproved":true},{"GTIN":"198990365985","IsApproved":true},{"GTIN":"5054444658667","IsApproved":false}],"VirtualCategory":[{"VirtualCategoryID":"194","UNCATID":"43171896","Value":"Workstations","Language":"EN"}]},"Image":{"HighPic":"https://images.icecat.biz/img/gallery/1e45a1ae273cb57bc84a685c7bc617a947d65071.jpg","HighPicSize":"1727365","HighPicHeight":"2805","HighPicWidth":"3300","LowPic":"https://images.icecat.biz/img/gallery_lows/4dfa2b12c8f3d4fbffb6968ab62f8c725ca0a8d9.jpg","LowPicSize":"6759","LowPicHeight":"170","LowPicWidth":"200","Pic500x500":"https://images.icecat.biz/img/gallery_mediums/353a136b70665bbd0c6be784253f886a7e3d1f09.jpg","Pic500x500Size":"37135","Pic500x500Height":"425","Pic500x500Width":"500","ThumbPic":"https://images.icecat.biz/img/gallery_thumbs/e513115b6d8faa57e30098c1ed2666166813a012.jpg","ThumbPicSize":"1522"},"Multimedia":[{"ID":"00000000-0000-0000-0000-000000000000","URL":"https://icecat.biz/rest/product-pdf?productId=124914271&lang=en&AccessKey=tVGKVN0NApZGwF9sSWaWthghoRjlYo5f","Type":"leaflet","ContentType":"application/pdf","KeepAsUrl":"0","Description":"Brochure HP A40KVET","Size":"0","IsPrivate":"0","Updated":"2025-09-10 22:09:36","Language":"EN","IsVideo":0}],"Gallery":[{"ID":"110483121","LowPic":"https://images.icecat.biz/img/gallery_lows/4dfa2b12c8f3d4fbffb6968ab62f8c725ca0a8d9.jpg","LowSize":"6759","LowHeight":"170","LowWidth":"200","ThumbPic":"https://images.icecat.biz/img/gallery_thumbs/e513115b6d8faa57e30098c1ed2666166813a012.jpg","ThumbPicSize":"1522","Pic":"https://images.icecat.biz/img/gallery/1e45a1ae273cb57bc84a685c7bc617a947d65071.jpg","Size":"1727365","PicHeight":"2805","PicWidth":"3300","Pic500x500":"https://images.icecat.biz/img/gallery_mediums/353a136b70665bbd0c6be784253f886a7e3d1f09.jpg","Pic500x500Size":"37135","Pic500x500Height":"425","Pic500x500Width":"500","No":"1","IsMain":"Y","Updated":"2025-07-13 04:11:27","IsPrivate":"0","Type":"ProductImageFront-Center","Attributes":{"OriginalFileName":"Center_facing"}},{"ID":"110483122","LowPic":"https://images.icecat.biz/img/gallery_lows/7b6dc91bd1b119c3bb866150e73f26bd085bd4b5.jpg","LowSize":"7710","LowHeight":"170","LowWidth":"200","ThumbPic":"https://images.icecat.biz/img/gallery_thumbs/be3eebd63f183e8265837085bf4277cbabc1c850.jpg","ThumbPicSize":"1805","Pic":"https://images.icecat.biz/img/gallery/34ba9d265e1c75d4dfe9ec75c427f1f45da13c7b.jpg","Size":"2075028","PicHeight":"2805","PicWidth":"3300","Pic500x500":"https://images.icecat.biz/img/gallery_mediums/16f020d653c24036fa5d351f5097cf7fa94a7aa6.jpg","Pic500x500Size":"41215","Pic500x500Height":"425","Pic500x500Width":"500","No":"2","IsMain":"N","Updated":"2025-07-13 04:11:27","IsPrivate":"0","Type":"ProductImageFront-Right","Attributes":{"OriginalFileName":"Right_facing"}},{"ID":"106079679","LowPic":"https://images.icecat.biz/img/gallery_lows/471f6f6759e702c9ec8db607c1d41868e1fa5924.jpg","LowSize":"36861","LowHeight":"133","LowWidth":"200","ThumbPic":"https://images.icecat.biz/img/gallery_thumbs/21fb8a92f2097101f3170ae35f5b621ded25f393.jpg","ThumbPicSize":"7761","Pic":"https://images.icecat.biz/img/gallery/f7715ea96f76aee9f6003ae6d279809dfe70e351.jpg","Size":"40591024","PicHeight":"5792","PicWidth":"8688","Pic500x500":"https://images.icecat.biz/img/gallery_mediums/31af6041f3a6d1249812f093a98818d832a8c369.jpg","Pic500x500Size":"174990","Pic500x500Height":"333","Pic500x500Width":"500","No":"3","IsMain":"N","Updated":"2025-08-09 23:03:25","IsPrivate":"0","Type":"LifestyleImage","Attributes":{"OriginalFileName":"Center_facing"}},{"ID":"106079681","LowPic":"https://images.icecat.biz/img/gallery_lows/5d538cd4c580b73233237084ea1ec9c64566cbfb.jpg","LowSize":"36531","LowHeight":"133","LowWidth":"200","ThumbPic":"https://images.icecat.biz/img/gallery_thumbs/050d948a193411a692166600a0c0a513e22b96f6.jpg","ThumbPicSize":"8095","Pic":"https://images.icecat.biz/img/gallery/b35b9580e5dae9d75ee9f74cd51a779a3c0f9833.jpg","Size":"29896160","PicHeight":"5792","PicWidth":"8688","Pic500x500":"https://images.icecat.biz/img/gallery_mediums/d2d331c57a18fb2e6b18cec06061a8fb8f2a5394.jpg","Pic500x500Size":"184066","Pic500x500Height":"333","Pic500x500Width":"500","No":"4","IsMain":"N","Updated":"2025-08-09 23:03:25","IsPrivate":"0","Type":"LifestyleImage","Attributes":{"OriginalFileName":"Center_facing"}},{"ID":"106079680","LowPic":"https://images.icecat.biz/img/gallery_lows/945ba84c9f0182053729323b709404eff0915991.jpg","LowSize":"33183","LowHeight":"133","LowWidth":"200","ThumbPic":"https://images.icecat.biz/img/gallery_thumbs/6560feb603e2c69cd555eecc948492c0265ff405.jpg","ThumbPicSize":"6904","Pic":"https://images.icecat.biz/img/gallery/eb49e8817853129b22ac7637f4a05529b227372d.jpg","Size":"37158089","PicHeight":"5792","PicWidth":"8688","Pic500x500":"https://images.icecat.biz/img/gallery_mediums/8857fc8b03ef55d0ffc8d12b6b2c618c69b3ca85.jpg","Pic500x500Size":"172251","Pic500x500Height":"333","Pic500x500Width":"500","No":"5","IsMain":"N","Updated":"2025-08-09 23:03:25","IsPrivate":"0","Type":"LifestyleImage","Attributes":{"OriginalFileName":"Center_facing"}},{"ID":"110529266","LowPic":"https://images.icecat.biz/img/gallery_lows/5c428de3d16e740bd830962a7ac8c229ed8cfcdb.jpg","LowSize":"7164","LowHeight":"170","LowWidth":"200","ThumbPic":"https://images.icecat.biz/img/gallery_thumbs/a017ac7c2d4f41728937170e2697784417bc2c32.jpg","ThumbPicSize":"1781","Pic":"https://images.icecat.biz/img/gallery/f891b6b856bbde66f7b79ffadcdac76aadb96c1c.jpg","Size":"1973940","PicHeight":"2805","PicWidth":"3300","Pic500x500":"https://images.icecat.biz/img/gallery_mediums/0a9579325c1c8da717a00fb8681c48ea09fd12fc.jpg","Pic500x500Size":"38748","Pic500x500Height":"425","Pic500x500Width":"500","No":"6","IsMain":"N","Updated":"2025-08-09 23:03:25","IsPrivate":"0","Type":"ProductImageFront-Left","Attributes":{"OriginalFileName":"Left_facing"}},{"ID":"106079683","LowPic":"https://images.icecat.biz/img/gallery_lows/4e2125baf541ba94697fbf58785995fed7e4c74a.jpg","LowSize":"11578","LowHeight":"170","LowWidth":"200","ThumbPic":"https://images.icecat.biz/img/gallery_thumbs/7f09dde2e098d8e7f89e76d0a7ad39e4d41f5938.jpg","ThumbPicSize":"2534","Pic":"https://images.icecat.biz/img/gallery/5181f8fe65453190d737c2816a787ceee1542034.jpg","Size":"1934935","PicHeight":"2805","PicWidth":"3300","Pic500x500":"https://images.icecat.biz/img/gallery_mediums/43675f8b2eef2f809fde0f499a13db2f76d581b5.jpg","Pic500x500Size":"58778","Pic500x500Height":"425","Pic500x500Width":"500","No":"7","IsMain":"N","Updated":"2025-07-29 06:39:53","IsPrivate":"0","Type":"ProductImageRear","Attributes":{"OriginalFileName":"Rear_facing"}}],"FeaturesGroups":[{"ID":2,"SortNo":"100","FeatureGroup":{"ID":"1","Name":{"Value":"Processor","Language":"EN"}},"Features":[{"Localized":0,"ID":718351878,"LocalID":0,"Type":"dropdown","Value":"Intel","CategoryFeatureId":"3032","CategoryFeatureGroupID":"2","SortNo":"10100801","PresentationValue":"Intel","RawValue":"Intel","LocalValue":"Intel","Description":"The manufacturer that produced the processor.","Mandatory":"1","Searchable":"0","Optional":"0","Feature":{"ID":"1013","Sign":"","Measure":{"ID":"29","Sign":"","Signs":{"ID":"","_":"","Language":"EN"}},"Name":{"Value":"Processor manufacturer","Language":"EN"}}},{"Localized":0,"ID":718351880,"LocalID":0,"Type":"dropdown","Value":"Intel Core i9","CategoryFeatureId":"11561","CategoryFeatureGroupID":"2","SortNo":"5300","PresentationValue":"Intel® Core™ i9","RawValue":"Intel Core i9","LocalValue":"Intel® Core™ i9","Description":"A family of processors is a group of processors produced by one company over a short period of time e.g. Intel Pentium processors.","Mandatory":"1","Searchable":"1","Optional":"0","Feature":{"ID":"2196","Sign":"","Measure":{"ID":"29","Sign":"","Signs":{"ID":"","_":"","Language":"EN"}},"Name":{"Value":"Processor family","Language":"EN"}}},{"Localized":0,"ID":720937974,"LocalID":0,"Type":"dropdown","Value":"Intel Core i9-14xxx","CategoryFeatureId":"893380","CategoryFeatureGroupID":"2","SortNo":"5300","PresentationValue":"Intel® Core™ i9 (14th gen)","RawValue":"Intel Core i9-14xxx","LocalValue":"Intel® Core™ i9 (14th gen)","Description":"","Mandatory":"0","Searchable":"0","Optional":"0","Feature":{"ID":"44870","Sign":"","Measure":{"ID":"29","Sign":"","Signs":{"ID":"","_":"","Language":"EN"}},"Name":{"Value":"Processor generation","Language":"EN"}}},{"Localized":0,"ID":718351884,"LocalID":0,"Type":"dropdown","Value":"i9-14900K","CategoryFeatureId":"62","CategoryFeatureGroupID":"2","SortNo":"5200","PresentationValue":"i9-14900K","RawValue":"i9-14900K","LocalValue":"i9-14900K","Description":"The model number for the processor in a computer.","Mandatory":"1","Searchable":"0","Optional":"0","Feature":{"ID":"47","Sign":"","Measure":{"ID":"29","Sign":"","Signs":{"ID":"","_":"","Language":"EN"}},"Name":{"Value":"Processor model","Language":"EN"}}},{"Localized":0,"ID":718351882,"LocalID":0,"Type":"numerical","Value":"24","CategoryFeatureId":"36486","CategoryFeatureGroupID":"2","SortNo":"220","PresentationValue":"24","RawValue":"24","LocalValue":"24","Description":"The number of central processing units ('cores') in a processor. Some processors have 1 core, others have 2 (e.g. Intel Core Duo) or more (e.g. the Intel Xeon E7-2850 has 10 cores).","Mandatory":"0","Searchable":"0","Optional":"0","Feature":{"ID":"6089","Sign":"","Measure":{"ID":"29","Sign":"","Signs":{"ID":"","_":"","Language":"EN"}},"Name":{"Value":"Processor cores","Language":"EN"}}},{"Localized":0,"ID":718351879,"LocalID":0,"Type":"dropdown","Value":"32","CategoryFeatureId":"52263","CategoryFeatureGroupID":"2","SortNo":"215","PresentationValue":"32","RawValue":"32","LocalValue":"32","Description":"","Mandatory":"0","Searchable":"0","Optional":"0","Feature":{"ID":"7337","Sign":"","Measure":{"ID":"29","Sign":"","Signs":{"ID":"","_":"","Language":"EN"}},"Name":{"Value":"Processor threads","Language":"EN"}}},{"Localized":0,"ID":720937978,"LocalID":0,"Type":"numerical","Value":"6","CategoryFeatureId":"52264","CategoryFeatureGroupID":"2","SortNo":"210","PresentationValue":"6 GHz","RawValue":"6","LocalValue":"6","Description":"The turbo boost is an automatic, managed accelleration of the processor when one of the cores is overloaded.","Mandatory":"0","Searchable":"0","Optional":"0","Feature":{"ID":"7978","Sign":"","Measure":{"ID":"37","Sign":"","Signs":{"ID":"21","_":"GHz","Language":"EN"}},"Name":{"Value":"Processor boost frequency","Language":"EN"}}},{"Localized":0,"ID":720937975,"LocalID":0,"Type":"numerical","Value":"8","CategoryFeatureId":"895771","CategoryFeatureGroupID":"2","SortNo":"200","PresentationValue":"8","RawValue":"8","LocalValue":"8","Description":"","Mandatory":"0","Searchable":"0","Optional":"0","Feature":{"ID":"44522","Sign":"","Measure":{"ID":"29","Sign":"","Signs":{"ID":"","_":"","Language":"EN"}},"Name":{"Value":"Performance cores","Language":"EN"}}},{"Localized":0,"ID":720937976,"LocalID":0,"Type":"numerical","Value":"16","CategoryFeatureId":"895770","CategoryFeatureGroupID":"2","SortNo":"195","PresentationValue":"16","RawValue":"16","LocalValue":"16","Description":"","Mandatory":"0","Searchable":"0","Optional":"0","Feature":{"ID":"44521","Sign":"","Measure":{"ID":"29","Sign":"","Signs":{"ID":"","_":"","Language":"EN"}},"Name":{"Value":"Efficient cores","Language":"EN"}}},{"Localized":0,"ID":720937982,"LocalID":0,"Type":"numerical","Value":"5.6","CategoryFeatureId":"932901","CategoryFeatureGroupID":"2","SortNo":"185","PresentationValue":"5.6 GHz","RawValue":"5.6","LocalValue":"5.6","Description":"","Mandatory":"0","Searchable":"0","Optional":"0","Feature":{"ID":"46564","Sign":"","Measure":{"ID":"37","Sign":"","Signs":{"ID":"21","_":"GHz","Language":"EN"}},"Name":{"Value":"Performance-core Max Turbo Frequency","Language":"EN"}}},{"Localized":0,"ID":720937983,"LocalID":0,"Type":"numerical","Value":"4.4","CategoryFeatureId":"932897","CategoryFeatureGroupID":"2","SortNo":"180","PresentationValue":"4.4 GHz","RawValue":"4.4","LocalValue":"4.4","Description":"","Mandatory":"0","Searchable":"0","Optional":"0","Feature":{"ID":"46563","Sign":"","Measure":{"ID":"37","Sign":"","Signs":{"ID":"21","_":"GHz","Language":"EN"}},"Name":{"Value":"Efficient-core Max Turbo Frequency","Language":"EN"}}},{"Localized":0,"ID":720937985,"LocalID":0,"Type":"numerical","Value":"3.2","CategoryFeatureId":"895767","CategoryFeatureGroupID":"2","SortNo":"170","PresentationValue":"3.2 GHz","RawValue":"3.2","LocalValue":"3.2","Description":"","Mandatory":"0","Searchable":"0","Optional":"0","Feature":{"ID":"44531","Sign":"","Measure":{"ID":"37","Sign":"","Signs":{"ID":"21","_":"GHz","Language":"EN"}},"Name":{"Value":"Performance-core base frequency","Language":"EN"}}},{"Localized":0,"ID":720937987,"LocalID":0,"Type":"numerical","Value":"2.4","CategoryFeatureId":"895769","CategoryFeatureGroupID":"2","SortNo":"165","PresentationValue":"2.4 GHz","RawValue":"2.4","LocalValue":"2.4","Description":"","Mandatory":"0","Searchable":"0","Optional":"0","Feature":{"ID":"44529","Sign":"","Measure":{"ID":"37","Sign":"","Signs":{"ID":"21","_":"GHz","Language":"EN"}},"Name":{"Value":"Efficient-core base frequency","Language":"EN"}}},{"Localized":0,"ID":718355672,"LocalID":0,"Type":"numerical","Value":"36","CategoryFeatureId":"101563","CategoryFeatureGroupID":"2","SortNo":"60","PresentationValue":"36 MB","RawValue":"36","LocalValue":"36","Description":"","Mandatory":"0","Searchable":"0","Optional":"0","Feature":{"ID":"10041","Sign":"","Measure":{"ID":"19","Sign":"","Signs":{"ID":"15506","_":"MB","Language":"EN"}},"Name":{"Value":"Processor cache","Language":"EN"}}},{"Localized":0,"ID":718351877,"LocalID":0,"Type":"dropdown","Value":"L3","CategoryFeatureId":"135208","CategoryFeatureGroupID":"2","SortNo":"59","PresentationValue":"L3","RawValue":"L3","LocalValue":"L3","Description":"","Mandatory":"0","Searchable":"0","Optional":"0","Feature":{"ID":"21716","Sign":"","Measure":{"ID":"29","Sign":"","Signs":{"ID":"","_":"","Language":"EN"}},"Name":{"Value":"Processor cache type","Language":"EN"}}},{"Localized":0,"ID":720937980,"LocalID":0,"Type":"numerical","Value":"125","CategoryFeatureId":"903074","CategoryFeatureGroupID":"2","SortNo":"0","PresentationValue":"125 W","RawValue":"125","LocalValue":"125","Description":"","Mandatory":"0","Searchable":"0","Optional":"0","Feature":{"ID":"44525","Sign":"","Measure":{"ID":"44","Sign":"","Signs":{"ID":"28","_":"W","Language":"EN"}},"Name":{"Value":"Processor base power","Language":"EN"}}},{"Localized":0,"ID":720937981,"LocalID":0,"Type":"numerical","Value":"253","CategoryFeatureId":"903075","CategoryFeatureGroupID":"2","SortNo":"0","PresentationValue":"253 W","RawValue":"253","LocalValue":"253","Description":"","Mandatory":"0","Searchable":"0","Optional":"0","Feature":{"ID":"44528","Sign":"","Measure":{"ID":"44","Sign":"","Signs":{"ID":"28","_":"W","Language":"EN"}},"Name":{"Value":"Maximum turbo power","Language":"EN"}}}]},{"ID":3,"SortNo":"95","FeatureGroup":{"ID":"3","Name":{"Value":"Memory","Language":"EN"}},"Features":[{"Localized":0,"ID":718351886,"LocalID":0,"Type":"numerical","Value":"64","CategoryFeatureId":"73752","CategoryFeatureGroupID":"3","SortNo":"5100","PresentationValue":"64 GB","RawValue":"64","LocalValue":"64","Description":"A computer's memory which is directly accessible to the CPU.","Mandatory":"1","Searchable":"1","Optional":"0","Feature":{"ID":"11381","Sign":"","Measure":{"ID":"20","Sign":"","Signs":{"ID":"7","_":"GB","Language":"EN"}},"Name":{"Value":"Internal memory","Language":"EN"}}},{"Localized":0,"ID":720943089,"LocalID":0,"Type":"numerical","Value":"128","CategoryFeatureId":"12118","CategoryFeatureGroupID":"3","SortNo":"5099","PresentationValue":"128 GB","RawValue":"128","LocalValue":"128","Description":"The maximum internal memory which is available in the product.","Mandatory":"1","Searchable":"0","Optional":"0","Feature":{"ID":"1452","Sign":"","Measure":{"ID":"20","Sign":"","Signs":{"ID":"7","_":"GB","Language":"EN"}},"Name":{"Value":"Maximum internal memory","Language":"EN"}}},{"Localized":0,"ID":718351893,"LocalID":0,"Type":"dropdown","Value":"DDR5-SDRAM","CategoryFeatureId":"1226","CategoryFeatureGroupID":"3","SortNo":"5098","PresentationValue":"DDR5-SDRAM","RawValue":"DDR5-SDRAM","LocalValue":"DDR5-SDRAM","Description":"The type of internal memory such as RAM, GDDR5.","Mandatory":"0","Searchable":"0","Optional":"0","Feature":{"ID":"427","Sign":"","Measure":{"ID":"29","Sign":"","Signs":{"ID":"","_":"","Language":"EN"}},"Name":{"Value":"Internal memory type","Language":"EN"}}},{"Localized":0,"ID":718351890,"LocalID":0,"Type":"dropdown","Value":"2 x 32","CategoryFeatureId":"73737","CategoryFeatureGroupID":"3","SortNo":"180","PresentationValue":"2 x 32 GB","RawValue":"2 x 32","LocalValue":"2 x 32","Description":"The slots and size of the memory for the CPU.","Mandatory":"0","Searchable":"0","Optional":"0","Feature":{"ID":"11380","Sign":"","Measure":{"ID":"20","Sign":"","Signs":{"ID":"7","_":"GB","Language":"EN"}},"Name":{"Value":"Memory layout (slots x size)","Language":"EN"}}},{"Localized":0,"ID":720945133,"LocalID":0,"Type":"dropdown","Value":"4x DIMM","CategoryFeatureId":"2193","CategoryFeatureGroupID":"3","SortNo":"170","PresentationValue":"4x DIMM","RawValue":"4x DIMM","LocalValue":"4x DIMM","Description":"Number and type of memory expansion slots, including connector and memory module descriptions.","Mandatory":"0","Searchable":"0","Optional":"0","Feature":{"ID":"672","Sign":"","Measure":{"ID":"29","Sign":"","Signs":{"ID":"","_":"","Language":"EN"}},"Name":{"Value":"Memory slots","Language":"EN"}}},{"Localized":0,"ID":718351895,"LocalID":0,"Type":"numerical","Value":"4800","CategoryFeatureId":"28836","CategoryFeatureGroupID":"3","SortNo":"160","PresentationValue":"4800 MHz","RawValue":"4800","LocalValue":"4800","Description":"The frequency at which the memory (e.g. RAM) runs.","Mandatory":"0","Searchable":"0","Optional":"0","Feature":{"ID":"2900","Sign":"","Measure":{"ID":"18","Sign":"","Signs":{"ID":"9","_":"MHz","Language":"EN"}},"Name":{"Value":"Memory clock speed","Language":"EN"}}},{"Localized":0,"ID":718351888,"LocalID":0,"Type":"y_n","Value":"N","CategoryFeatureId":"86705","CategoryFeatureGroupID":"3","SortNo":"0","PresentationValue":"No","RawValue":"N","LocalValue":"No","Description":"ECC means Error Correction Code, and it is memory that is able to detect and correct some memory errors without user intervention.","Mandatory":"0","Searchable":"0","Optional":"0","Feature":{"ID":"1628","Sign":"","Measure":{"ID":"26","Sign":"","Signs":{"ID":"","_":"","Language":"EN"}},"Name":{"Value":"ECC","Language":"EN"}}},{"Localized":0,"ID":723255151,"LocalID":0,"Type":"y_n","Value":"Y","CategoryFeatureId":"86712","CategoryFeatureGroupID":"3","SortNo":"0","PresentationValue":"Yes","RawValue":"Y","LocalValue":"Yes","Description":"","Mandatory":"0","Searchable":"0","Optional":"0","Feature":{"ID":"3547","Sign":"","Measure":{"ID":"26","Sign":"","Signs":{"ID":"","_":"","Language":"EN"}},"Name":{"Value":"Non-ECC","Language":"EN"}}}]},{"ID":4138,"SortNo":"90","FeatureGroup":{"ID":"47","Name":{"Value":"Storage","Language":"EN"}},"Features":[{"Localized":0,"ID":720944843,"LocalID":0,"Type":"numerical","Value":"1000","CategoryFeatureId":"33231","CategoryFeatureGroupID":"4138","SortNo":"5000","PresentationValue":"1 TB","RawValue":"1000","LocalValue":"1","Description":"The total amount of data that can be stored on the device.","Mandatory":"1","Searchable":"1","Optional":"0","Feature":{"ID":"3318","Sign":"","Measure":{"ID":"20","Sign":"","Signs":{"ID":"7","_":"GB","Language":"EN"}},"Name":{"Value":"Total storage capacity","Language":"EN"}}},{"Localized":0,"ID":720943091,"LocalID":0,"Type":"dropdown","Value":"SSD","CategoryFeatureId":"96404","CategoryFeatureGroupID":"4138","SortNo":"4000","PresentationValue":"SSD","RawValue":"SSD","LocalValue":"SSD","Description":"Used for the storage of data e.g. HDD (hard disk drive), SSD (solid-state drive).","Mandatory":"1","Searchable":"0","Optional":"0","Feature":{"ID":"11441","Sign":"","Measure":{"ID":"29","Sign":"","Signs":{"ID":"","_":"","Language":"EN"}},"Name":{"Value":"Storage media","Language":"EN"}}},{"Localized":0,"ID":720943086,"LocalID":0,"Type":"dropdown","Value":"N","CategoryFeatureId":"2968","CategoryFeatureGroupID":"4138","SortNo":"500","PresentationValue":"No","RawValue":"N","LocalValue":"No","Description":"An optical drive uses laser to read optical discs such as CDs, DVDs and Blu-Ray. Some types of optical drive are: CD ROM drive, CR-RW (CD writer) drive, DVD-ROM.","Mandatory":"1","Searchable":"1","Optional":"0","Feature":{"ID":"1120","Sign":"","Measure":{"ID":"29","Sign":"","Signs":{"ID":"","_":"","Language":"EN"}},"Name":{"Value":"Optical drive type","Language":"EN"}}},{"Localized":0,"ID":723255154,"LocalID":0,"Type":"numerical","Value":"1","CategoryFeatureId":"96410","CategoryFeatureGroupID":"4138","SortNo":"70","PresentationValue":"1","RawValue":"1","LocalValue":"1","Description":"Amount of storage drives built into the device.","Mandatory":"0","Searchable":"0","Optional":"0","Feature":{"ID":"16115","Sign":"","Measure":{"ID":"29","Sign":"","Signs":{"ID":"","_":"","Language":"EN"}},"Name":{"Value":"Number of storage drives installed","Language":"EN"}}},{"Localized":0,"ID":720944844,"LocalID":0,"Type":"numerical","Value":"1000","CategoryFeatureId":"295712","CategoryFeatureGroupID":"4138","SortNo":"32","PresentationValue":"1 TB","RawValue":"1000","LocalValue":"1","Description":"","Mandatory":"0","Searchable":"0","Optional":"0","Feature":{"ID":"37918","Sign":"","Measure":{"ID":"20","Sign":"","Signs":{"ID":"7","_":"GB","Language":"EN"}},"Name":{"Value":"Total SSDs capacity","Language":"EN"}}},{"Localized":0,"ID":720944846,"LocalID":0,"Type":"numerical","Value":"1","CategoryFeatureId":"45817","CategoryFeatureGroupID":"4138","SortNo":"30","PresentationValue":"1","RawValue":"1","LocalValue":"1","Description":"","Mandatory":"0","Searchable":"0","Optional":"0","Feature":{"ID":"7682","Sign":"","Measure":{"ID":"29","Sign":"","Signs":{"ID":"","_":"","Language":"EN"}},"Name":{"Value":"Number of SSDs installed","Language":"EN"}}},{"Localized":0,"ID":720944845,"LocalID":0,"Type":"numerical","Value":"1000","CategoryFeatureId":"45777","CategoryFeatureGroupID":"4138","SortNo":"29","PresentationValue":"1 TB","RawValue":"1000","LocalValue":"1","Description":"The Solid State Drive's data storage capacity.","Mandatory":"0","Searchable":"0","Optional":"0","Feature":{"ID":"5586","Sign":"","Measure":{"ID":"20","Sign":"","Signs":{"ID":"7","_":"GB","Language":"EN"}},"Name":{"Value":"SSD capacity","Language":"EN"}}},{"Localized":0,"ID":720944848,"LocalID":0,"Type":"dropdown","Value":"TLC","CategoryFeatureId":"443720","CategoryFeatureGroupID":"4138","SortNo":"29","PresentationValue":"TLC","RawValue":"TLC","LocalValue":"TLC","Description":"","Mandatory":"0","Searchable":"0","Optional":"0","Feature":{"ID":"41823","Sign":"","Measure":{"ID":"29","Sign":"","Signs":{"ID":"","_":"","Language":"EN"}},"Name":{"Value":"SSD memory type","Language":"EN"}}},{"Localized":0,"ID":720944850,"LocalID":0,"Type":"dropdown","Value":"PCI Express 4.0","CategoryFeatureId":"45778","CategoryFeatureGroupID":"4138","SortNo":"28","PresentationValue":"PCI Express 4.0","RawValue":"PCI Express 4.0","LocalValue":"PCI Express 4.0","Description":"The type of interface(s) with which the Solid State Drive is connected to other hardware.","Mandatory":"0","Searchable":"0","Optional":"0","Feature":{"ID":"5584","Sign":"","Measure":{"ID":"29","Sign":"","Signs":{"ID":"","_":"","Language":"EN"}},"Name":{"Value":"SSD interface","Language":"EN"}}},{"Localized":0,"ID":723255150,"LocalID":0,"Type":"y_n","Value":"Y","CategoryFeatureId":"920733","CategoryFeatureGroupID":"4138","SortNo":"28","PresentationValue":"Yes","RawValue":"Y","LocalValue":"Yes","Description":"NVM Express (NVMe) or Non-Volatile Memory Host Controller Interface Specification (NVMHCIS) is an open logical device interface specification for accessing non-volatile storage media attached via a PCI Express (PCIe) bus. NVM Express, as a logical device interface, has been designed to capitalize on the low latency and internal parallelism of solid-state storage devices.","Mandatory":"0","Searchable":"0","Optional":"0","Feature":{"ID":"29388","Sign":"","Measure":{"ID":"26","Sign":"","Signs":{"ID":"","_":"","Language":"EN"}},"Name":{"Value":"NVMe","Language":"EN"}}},{"Localized":0,"ID":720944852,"LocalID":0,"Type":"dropdown","Value":"M.2","CategoryFeatureId":"294130","CategoryFeatureGroupID":"4138","SortNo":"27","PresentationValue":"M.2","RawValue":"M.2","LocalValue":"M.2","Description":"The size of the solid-state drive, given in inches","Mandatory":"0","Searchable":"0","Optional":"0","Feature":{"ID":"21731","Sign":"","Measure":{"ID":"29","Sign":"","Signs":{"ID":"","_":"","Language":"EN"}},"Name":{"Value":"SSD form factor","Language":"EN"}}}]},{"ID":8603,"SortNo":"85","FeatureGroup":{"ID":"163","Name":{"Value":"Graphics","Language":"EN"}},"Features":[{"Localized":0,"ID":720944865,"LocalID":0,"Type":"y_n","Value":"N","CategoryFeatureId":"192532","CategoryFeatureGroupID":"8603","SortNo":"4810","PresentationValue":"No","RawValue":"N","LocalValue":"No","Description":"","Mandatory":"1","Searchable":"1","Optional":"0","Feature":{"ID":"27905","Sign":"","Measure":{"ID":"26","Sign":"","Signs":{"ID":"","_":"","Language":"EN"}},"Name":{"Value":"Discrete graphics card","Language":"EN"}}},{"Localized":0,"ID":720937989,"LocalID":0,"Type":"y_n","Value":"Y","CategoryFeatureId":"74328","CategoryFeatureGroupID":"8603","SortNo":"4470","PresentationValue":"Yes","RawValue":"Y","LocalValue":"Yes","Description":"Graphics hardware which is built into the motherboard or CPU, as opposed to a separate graphics adapter (video card). On-board graphics uses CPU and RAM for graphics processing.","Mandatory":"1","Searchable":"1","Optional":"0","Feature":{"ID":"9997","Sign":"","Measure":{"ID":"26","Sign":"","Signs":{"ID":"","_":"","Language":"EN"}},"Name":{"Value":"On-board graphics card","Language":"EN"}}},{"Localized":0,"ID":720944866,"LocalID":0,"Type":"dropdown","Value":"Not available","CategoryFeatureId":"53946","CategoryFeatureGroupID":"8603","SortNo":"3900","PresentationValue":"Not available","RawValue":"Not available","LocalValue":"Not available","Description":"A graphics adapter (often known as a video card) generates images for a display. A discrete graphics adapter plugs into the motherboard, and usually produces much better graphics than an integrated graphics adapter. There are various models of discrete graphics adapters.","Mandatory":"1","Searchable":"0","Optional":"0","Feature":{"ID":"9018","Sign":"","Measure":{"ID":"29","Sign":"","Signs":{"ID":"","_":"","Language":"EN"}},"Name":{"Value":"Discrete graphics card model","Language":"EN"}}},{"Localized":0,"ID":720937990,"LocalID":0,"Type":"dropdown","Value":"Intel","CategoryFeatureId":"894413","CategoryFeatureGroupID":"8603","SortNo":"448","PresentationValue":"Intel","RawValue":"Intel","LocalValue":"Intel","Description":"","Mandatory":"0","Searchable":"0","Optional":"0","Feature":{"ID":"44898","Sign":"","Measure":{"ID":"29","Sign":"","Signs":{"ID":"","_":"","Language":"EN"}},"Name":{"Value":"On-board GPU manufacturer","Language":"EN"}}},{"Localized":0,"ID":720937991,"LocalID":0,"Type":"dropdown","Value":"Intel UHD Graphics","CategoryFeatureId":"192528","CategoryFeatureGroupID":"8603","SortNo":"447","PresentationValue":"Intel® UHD Graphics","RawValue":"Intel UHD Graphics","LocalValue":"Intel® UHD Graphics","Description":"","Mandatory":"0","Searchable":"0","Optional":"0","Feature":{"ID":"29455","Sign":"","Measure":{"ID":"29","Sign":"","Signs":{"ID":"","_":"","Language":"EN"}},"Name":{"Value":"On-board graphics card family","Language":"EN"}}},{"Localized":0,"ID":720937988,"LocalID":0,"Type":"dropdown","Value":"Intel UHD Graphics 770","CategoryFeatureId":"53944","CategoryFeatureGroupID":"8603","SortNo":"446","PresentationValue":"Intel UHD Graphics 770","RawValue":"Intel UHD Graphics 770","LocalValue":"Intel UHD Graphics 770","Description":"\"Graphic adapter\" is the hardware that produces images on a display. \"On-board\" means that the graphics adapter is intergrated inside the motherboard.","Mandatory":"1","Searchable":"0","Optional":"0","Feature":{"ID":"9016","Sign":"","Measure":{"ID":"29","Sign":"","Signs":{"ID":"","_":"","Language":"EN"}},"Name":{"Value":"On-board graphics card model","Language":"EN"}}}]},{"ID":2066,"SortNo":"75","FeatureGroup":{"ID":"35","Name":{"Value":"Network","Language":"EN"}},"Features":[{"Localized":0,"ID":720943098,"LocalID":0,"Type":"y_n","Value":"Y","CategoryFeatureId":"36488","CategoryFeatureGroupID":"2066","SortNo":"100","PresentationValue":"Yes","RawValue":"Y","LocalValue":"Yes","Description":"An Ethernet LAN (Local Area Network) interface is present, for a wired conection via a cable.","Mandatory":"1","Searchable":"0","Optional":"0","Feature":{"ID":"1347","Sign":"","Measure":{"ID":"26","Sign":"","Signs":{"ID":"","_":"","Language":"EN"}},"Name":{"Value":"Ethernet LAN","Language":"EN"}}},{"Localized":0,"ID":720944867,"LocalID":0,"Type":"y_n","Value":"N","CategoryFeatureId":"36487","CategoryFeatureGroupID":"2066","SortNo":"81","PresentationValue":"No","RawValue":"N","LocalValue":"No","Description":"Popular technology that allows an electronic device to exchange data or connect to the internet wirelessly using radio waves.","Mandatory":"1","Searchable":"0","Optional":"0","Feature":{"ID":"3239","Sign":"","Measure":{"ID":"26","Sign":"","Signs":{"ID":"","_":"","Language":"EN"}},"Name":{"Value":"Wi-Fi","Language":"EN"}}}]},{"ID":821,"SortNo":"70","FeatureGroup":{"ID":"12","Name":{"Value":"Ports & interfaces","Language":"EN"}},"Features":[{"Localized":0,"ID":720943110,"LocalID":0,"Type":"numerical","Value":"3","CategoryFeatureId":"14583","CategoryFeatureGroupID":"821","SortNo":"600","PresentationValue":"3","RawValue":"3","LocalValue":"3","Description":"Number of USB 2.0 ports (connecting interfaces) in the device. USB 2.0 was released in April 2000 (now called \"Hi-Speed\"), adding higher maximum signaling rate of 480 Mbit/s (effective throughput up to 35 MB/s or 280 Mbit/s), USB 2.0 ports are usually black.","Mandatory":"1","Searchable":"0","Optional":"0","Feature":{"ID":"2308","Sign":"","Measure":{"ID":"29","Sign":"","Signs":{"ID":"","_":"","Language":"EN"}},"Name":{"Value":"USB 2.0 ports quantity","Language":"EN"}}},{"Localized":0,"ID":720943111,"LocalID":0,"Type":"numerical","Value":"1","CategoryFeatureId":"138381","CategoryFeatureGroupID":"821","SortNo":"499","PresentationValue":"1","RawValue":"1","LocalValue":"1","Description":"","Mandatory":"1","Searchable":"0","Optional":"0","Feature":{"ID":"22701","Sign":"","Measure":{"ID":"29","Sign":"","Signs":{"ID":"","_":"","Language":"EN"}},"Name":{"Value":"USB 3.2 Gen 1 (3.1 Gen 1) Type-A ports quantity","Language":"EN"}}},{"Localized":0,"ID":720943109,"LocalID":0,"Type":"numerical","Value":"6","CategoryFeatureId":"138384","CategoryFeatureGroupID":"821","SortNo":"497","PresentationValue":"6","RawValue":"6","LocalValue":"6","Description":"","Mandatory":"1","Searchable":"0","Optional":"0","Feature":{"ID":"22703","Sign":"","Measure":{"ID":"29","Sign":"","Signs":{"ID":"","_":"","Language":"EN"}},"Name":{"Value":"USB 3.2 Gen 2 (3.1 Gen 2) Type-A ports quantity","Language":"EN"}}},{"Localized":0,"ID":720943118,"LocalID":0,"Type":"numerical","Value":"1","CategoryFeatureId":"14590","CategoryFeatureGroupID":"821","SortNo":"340","PresentationValue":"1","RawValue":"1","LocalValue":"1","Description":"Number of Ethernet LAN (RJ-45) ports (connecting interfaces) in the device.  Ethernet LAN (RJ-45) ports allow a computer to connect to the ethernet.","Mandatory":"0","Searchable":"0","Optional":"0","Feature":{"ID":"2312","Sign":"","Measure":{"ID":"29","Sign":"","Signs":{"ID":"","_":"","Language":"EN"}},"Name":{"Value":"Ethernet LAN (RJ-45) ports","Language":"EN"}}},{"Localized":0,"ID":720946409,"LocalID":0,"Type":"y_n","Value":"Y","CategoryFeatureId":"14589","CategoryFeatureGroupID":"821","SortNo":"97","PresentationValue":"Yes","RawValue":"Y","LocalValue":"Yes","Description":"","Mandatory":"0","Searchable":"0","Optional":"0","Feature":{"ID":"1345","Sign":"","Measure":{"ID":"26","Sign":"","Signs":{"ID":"","_":"","Language":"EN"}},"Name":{"Value":"Line-out","Language":"EN"}}},{"Localized":0,"ID":720946410,"LocalID":0,"Type":"y_n","Value":"Y","CategoryFeatureId":"14592","CategoryFeatureGroupID":"821","SortNo":"97","PresentationValue":"Yes","RawValue":"Y","LocalValue":"Yes","Description":"","Mandatory":"0","Searchable":"0","Optional":"0","Feature":{"ID":"1344","Sign":"","Measure":{"ID":"26","Sign":"","Signs":{"ID":"","_":"","Language":"EN"}},"Name":{"Value":"Line-in","Language":"EN"}}},{"Localized":0,"ID":720943117,"LocalID":0,"Type":"y_n","Value":"Y","CategoryFeatureId":"113477","CategoryFeatureGroupID":"821","SortNo":"96","PresentationValue":"Yes","RawValue":"Y","LocalValue":"Yes","Description":"","Mandatory":"0","Searchable":"0","Optional":"0","Feature":{"ID":"9858","Sign":"","Measure":{"ID":"26","Sign":"","Signs":{"ID":"","_":"","Language":"EN"}},"Name":{"Value":"Combo headphone/mic port","Language":"EN"}}}]},{"ID":4190,"SortNo":"65","FeatureGroup":{"ID":"124","Name":{"Value":"Expansion slots","Language":"EN"}},"Features":[{"Localized":0,"ID":720943616,"LocalID":0,"Type":"numerical","Value":"2","CategoryFeatureId":"92193","CategoryFeatureGroupID":"4190","SortNo":"87","PresentationValue":"2","RawValue":"2","LocalValue":"2","Description":"","Mandatory":"0","Searchable":"0","Optional":"0","Feature":{"ID":"15783","Sign":"","Measure":{"ID":"29","Sign":"","Signs":{"ID":"","_":"","Language":"EN"}},"Name":{"Value":"PCI Express x4 (Gen 3.x) slots","Language":"EN"}}},{"Localized":0,"ID":720943617,"LocalID":0,"Type":"numerical","Value":"1","CategoryFeatureId":"931552","CategoryFeatureGroupID":"4190","SortNo":"65","PresentationValue":"1","RawValue":"1","LocalValue":"1","Description":"","Mandatory":"0","Searchable":"0","Optional":"0","Feature":{"ID":"44514","Sign":"","Measure":{"ID":"29","Sign":"","Signs":{"ID":"","_":"","Language":"EN"}},"Name":{"Value":"PCI Express x16 (Gen 5.x) slots","Language":"EN"}}}]},{"ID":10928,"SortNo":"60","FeatureGroup":{"ID":"148","Name":{"Value":"Design","Language":"EN"}},"Features":[{"Localized":0,"ID":720944114,"LocalID":0,"Type":"dropdown","Value":"Tower","CategoryFeatureId":"2195","CategoryFeatureGroupID":"10928","SortNo":"600","PresentationValue":"Tower","RawValue":"Tower","LocalValue":"Tower","Description":"The type of rigid framework onto which is the hosuing for device components.","Mandatory":"1","Searchable":"0","Optional":"0","Feature":{"ID":"734","Sign":"","Measure":{"ID":"29","Sign":"","Signs":{"ID":"","_":"","Language":"EN"}},"Name":{"Value":"Chassis type","Language":"EN"}}},{"Localized":0,"ID":720943081,"LocalID":0,"Type":"numerical","Value":"2","CategoryFeatureId":"45249","CategoryFeatureGroupID":"10928","SortNo":"370","PresentationValue":"2","RawValue":"2","LocalValue":"2","Description":"A drive bay is a standard-area for adding hardware to a computer. Most drive bays are fixed to the inside of a case, but some can be removed. A 3.5\" drive bay is for floppy disks.","Mandatory":"0","Searchable":"0","Optional":"0","Feature":{"ID":"7595","Sign":"","Measure":{"ID":"29","Sign":"","Signs":{"ID":"","_":"","Language":"EN"}},"Name":{"Value":"Number of 3.5\" bays","Language":"EN"}}},{"Localized":0,"ID":720943082,"LocalID":0,"Type":"dropdown","Value":"1","CategoryFeatureId":"95730","CategoryFeatureGroupID":"10928","SortNo":"365","PresentationValue":"1","RawValue":"1","LocalValue":"1","Description":"","Mandatory":"0","Searchable":"0","Optional":"0","Feature":{"ID":"10206","Sign":"","Measure":{"ID":"29","Sign":"","Signs":{"ID":"","_":"","Language":"EN"}},"Name":{"Value":"Number of 2.5\" bays","Language":"EN"}}},{"Localized":0,"ID":720943083,"LocalID":0,"Type":"dropdown","Value":"Black","CategoryFeatureId":"28831","CategoryFeatureGroupID":"10928","SortNo":"1","PresentationValue":"Black","RawValue":"Black","LocalValue":"Black","Description":"The colour e.g. red, blue, green, black, white.","Mandatory":"1","Searchable":"0","Optional":"0","Feature":{"ID":"1766","Sign":"","Measure":{"ID":"29","Sign":"","Signs":{"ID":"","_":"","Language":"EN"}},"Name":{"Value":"Product colour","Language":"EN"}}},{"Localized":0,"ID":720943087,"LocalID":0,"Type":"numerical","Value":"2024","CategoryFeatureId":"903794","CategoryFeatureGroupID":"10928","SortNo":"0","PresentationValue":"2024","RawValue":"2024","LocalValue":"2024","Description":"","Mandatory":"0","Searchable":"0","Optional":"0","Feature":{"ID":"45534","Sign":"","Measure":{"ID":"29","Sign":"","Signs":{"ID":"","_":"","Language":"EN"}},"Name":{"Value":"Introduction year","Language":"EN"}}},{"Localized":0,"ID":826339121,"LocalID":0,"Type":"multi_dropdown","Value":"Czech Republic","CategoryFeatureId":"293170","CategoryFeatureGroupID":"10928","SortNo":"-10","PresentationValue":"Czech Republic","RawValue":"Czech Republic","LocalValue":"Czech Republic","Description":"Country where the device is made. Aka Country of manufacture (COM).","Mandatory":"0","Searchable":"0","Optional":"0","Feature":{"ID":"3294","Sign":"","Measure":{"ID":"29","Sign":"","Signs":{"ID":"","_":"","Language":"EN"}},"Name":{"Value":"Country of origin","Language":"EN"}}}]},{"ID":10929,"SortNo":"58","FeatureGroup":{"ID":"184","Name":{"Value":"Performance","Language":"EN"}},"Features":[{"Localized":0,"ID":720944963,"LocalID":0,"Type":"dropdown","Value":"Performance","CategoryFeatureId":"164640","CategoryFeatureGroupID":"10929","SortNo":"330","PresentationValue":"Performance","RawValue":"Performance","LocalValue":"Performance","Description":"Under which category can the device be positioned in the market, e.g. camera phone.","Mandatory":"0","Searchable":"0","Optional":"0","Feature":{"ID":"9021","Sign":"","Measure":{"ID":"29","Sign":"","Signs":{"ID":"","_":"","Language":"EN"}},"Name":{"Value":"Market positioning","Language":"EN"}}},{"Localized":0,"ID":720943088,"LocalID":0,"Type":"dropdown","Value":"Intel W680","CategoryFeatureId":"47146","CategoryFeatureGroupID":"10929","SortNo":"300","PresentationValue":"Intel W680","RawValue":"Intel W680","LocalValue":"Intel W680","Description":"The chipset connects the microprocessor to the rest of the motherboard.","Mandatory":"0","Searchable":"0","Optional":"0","Feature":{"ID":"436","Sign":"","Measure":{"ID":"29","Sign":"","Signs":{"ID":"","_":"","Language":"EN"}},"Name":{"Value":"Motherboard chipset","Language":"EN"}}},{"Localized":0,"ID":720944965,"LocalID":0,"Type":"dropdown","Value":"Realtek ALC3205-VA2-CG","CategoryFeatureId":"157539","CategoryFeatureGroupID":"10929","SortNo":"201","PresentationValue":"Realtek ALC3205-VA2-CG","RawValue":"Realtek ALC3205-VA2-CG","LocalValue":"Realtek ALC3205-VA2-CG","Description":"","Mandatory":"0","Searchable":"0","Optional":"0","Feature":{"ID":"25338","Sign":"","Measure":{"ID":"29","Sign":"","Signs":{"ID":"","_":"","Language":"EN"}},"Name":{"Value":"Audio chip","Language":"EN"}}},{"Localized":0,"ID":723255152,"LocalID":0,"Type":"y_n","Value":"Y","CategoryFeatureId":"57203","CategoryFeatureGroupID":"10929","SortNo":"198","PresentationValue":"Yes","RawValue":"Y","LocalValue":"Yes","Description":"The device contains speaker(s) to produce sound.","Mandatory":"0","Searchable":"0","Optional":"0","Feature":{"ID":"2433","Sign":"","Measure":{"ID":"26","Sign":"","Signs":{"ID":"","_":"","Language":"EN"}},"Name":{"Value":"Built-in speaker(s)","Language":"EN"}}},{"Localized":0,"ID":720943085,"LocalID":0,"Type":"numerical","Value":"1","CategoryFeatureId":"207685","CategoryFeatureGroupID":"10929","SortNo":"197","PresentationValue":"1","RawValue":"1","LocalValue":"1","Description":"The quantity of speakers included in/with the product.","Mandatory":"0","Searchable":"0","Optional":"0","Feature":{"ID":"10183","Sign":"","Measure":{"ID":"29","Sign":"","Signs":{"ID":"","_":"","Language":"EN"}},"Name":{"Value":"Number of speakers","Language":"EN"}}},{"Localized":0,"ID":723255153,"LocalID":0,"Type":"y_n","Value":"Y","CategoryFeatureId":"96548","CategoryFeatureGroupID":"10929","SortNo":"97","PresentationValue":"Yes","RawValue":"Y","LocalValue":"Yes","Description":"The computer, smartphone etc. can only be used when the correct password is entered, therefore making it more secure.","Mandatory":"0","Searchable":"0","Optional":"0","Feature":{"ID":"16095","Sign":"","Measure":{"ID":"26","Sign":"","Signs":{"ID":"","_":"","Language":"EN"}},"Name":{"Value":"Password protection","Language":"EN"}}},{"Localized":0,"ID":774327088,"LocalID":0,"Type":"multi_dropdown","Value":"BIOS,Power on,User","CategoryFeatureId":"96549","CategoryFeatureGroupID":"10929","SortNo":"96","PresentationValue":"BIOS, Power on, User","RawValue":"BIOS,Power on,User","LocalValue":"BIOS, Power on, User","Description":"","Mandatory":"0","Searchable":"0","Optional":"0","Feature":{"ID":"6224","Sign":"","Measure":{"ID":"29","Sign":"","Signs":{"ID":"","_":"","Language":"EN"}},"Name":{"Value":"Password protection type","Language":"EN"}}},{"Localized":0,"ID":720944962,"LocalID":0,"Type":"dropdown","Value":"Workstation","CategoryFeatureId":"86787","CategoryFeatureGroupID":"10929","SortNo":"4","PresentationValue":"Workstation","RawValue":"Workstation","LocalValue":"Workstation","Description":"The sub-category of the product.","Mandatory":"1","Searchable":"1","Optional":"0","Feature":{"ID":"14052","Sign":"","Measure":{"ID":"29","Sign":"","Signs":{"ID":"","_":"","Language":"EN"}},"Name":{"Value":"Product type","Language":"EN"}}}]},{"ID":3402,"SortNo":"56","FeatureGroup":{"ID":"90","Name":{"Value":"Software","Language":"EN"}},"Features":[{"Localized":0,"ID":720944648,"LocalID":0,"Type":"dropdown","Value":"Windows 11 Pro","CategoryFeatureId":"20011","CategoryFeatureGroupID":"3402","SortNo":"601","PresentationValue":"Windows 11 Pro","RawValue":"Windows 11 Pro","LocalValue":"Windows 11 Pro","Description":"Type of operating system on a device e.g. IOS on Apple devices, Android for mobile devices.","Mandatory":"1","Searchable":"1","Optional":"0","Feature":{"ID":"3233","Sign":"","Measure":{"ID":"29","Sign":"","Signs":{"ID":"","_":"","Language":"EN"}},"Name":{"Value":"Operating system installed","Language":"EN"}}}]},{"ID":26494,"SortNo":"53","FeatureGroup":{"ID":"144","Name":{"Value":"Brand-specific features","Language":"EN"}},"Features":[{"Localized":0,"ID":720943092,"LocalID":0,"Type":"y_n","Value":"Y","CategoryFeatureId":"238919","CategoryFeatureGroupID":"26494","SortNo":"135","PresentationValue":"Yes","RawValue":"Y","LocalValue":"Yes","Description":"Get answers to everyday support questions about your HP PC and printers with this free self-help tool built into your computer. Optimized to provide an enhanced support experience, it’s automatically updated and ready to go the first time you boot up. And when you need hands-on help, you can use the tool to directly connect to HP Support.","Mandatory":"0","Searchable":"0","Optional":"0","Feature":{"ID":"34613","Sign":"","Measure":{"ID":"26","Sign":"","Signs":{"ID":"","_":"","Language":"EN"}},"Name":{"Value":"HP Support Assistant","Language":"EN"}}},{"Localized":0,"ID":720943093,"LocalID":0,"Type":"text","Value":"HP PC Hardware Diagnostics Windows; HP Image Assistant; HP Manageability Integration Kit; Performance Advisor 3.0","CategoryFeatureId":"238924","CategoryFeatureGroupID":"26494","SortNo":"47","PresentationValue":"HP PC Hardware Diagnostics Windows; HP Image Assistant; HP Manageability Integration Kit; Performance Advisor 3.0","RawValue":"HP PC Hardware Diagnostics Windows; HP Image Assistant; HP Manageability Integration Kit; Performance Advisor 3.0","LocalValue":"HP PC Hardware Diagnostics Windows; HP Image Assistant; HP Manageability Integration Kit; Performance Advisor 3.0","Description":"","Mandatory":"0","Searchable":"0","Optional":"0","Feature":{"ID":"34616","Sign":"","Measure":{"ID":"29","Sign":"","Signs":{"ID":"","_":"","Language":"EN"}},"Name":{"Value":"HP Software provided","Language":"EN"}}},{"Localized":0,"ID":780805849,"LocalID":0,"Type":"multi_dropdown","Value":"AI Workstation","CategoryFeatureId":"1086333","CategoryFeatureGroupID":"26494","SortNo":"3","PresentationValue":"AI Workstation","RawValue":"AI Workstation","LocalValue":"AI Workstation","Description":"","Mandatory":"0","Searchable":"0","Optional":"0","Feature":{"ID":"48855","Sign":"","Measure":{"ID":"29","Sign":"","Signs":{"ID":"","_":"","Language":"EN"}},"Name":{"Value":"HP Artificial Intelligence","Language":"EN"}}},{"Localized":0,"ID":720946593,"LocalID":0,"Type":"dropdown","Value":"Business","CategoryFeatureId":"292602","CategoryFeatureGroupID":"26494","SortNo":"-500","PresentationValue":"Business","RawValue":"Business","LocalValue":"Business","Description":"","Mandatory":"0","Searchable":"0","Optional":"0","Feature":{"ID":"35183","Sign":"","Measure":{"ID":"29","Sign":"","Signs":{"ID":"","_":"","Language":"EN"}},"Name":{"Value":"HP segment","Language":"EN"}}}]},{"ID":1306,"SortNo":"30","FeatureGroup":{"ID":"27","Name":{"Value":"Power","Language":"EN"}},"Features":[{"Localized":0,"ID":720943095,"LocalID":0,"Type":"numerical","Value":"700","CategoryFeatureId":"3028","CategoryFeatureGroupID":"1306","SortNo":"10000","PresentationValue":"700 W","RawValue":"700","LocalValue":"700","Description":"The way in which the product is powered e.g. rechargeable battery, mains electricity connected via a plug and cable.","Mandatory":"1","Searchable":"0","Optional":"0","Feature":{"ID":"1242","Sign":"","Measure":{"ID":"44","Sign":"","Signs":{"ID":"28","_":"W","Language":"EN"}},"Name":{"Value":"Power supply","Language":"EN"}}},{"Localized":0,"ID":720943096,"LocalID":0,"Type":"alphanumeric","Value":"100 - 240","CategoryFeatureId":"3029","CategoryFeatureGroupID":"1306","SortNo":"414","PresentationValue":"100 - 240 V","RawValue":"100 - 240","LocalValue":"100 - 240","Description":"","Mandatory":"0","Searchable":"0","Optional":"0","Feature":{"ID":"1243","Sign":"","Measure":{"ID":"42","Sign":"","Signs":{"ID":"26","_":"V","Language":"EN"}},"Name":{"Value":"Power supply input voltage","Language":"EN"}}},{"Localized":0,"ID":720943097,"LocalID":0,"Type":"alphanumeric","Value":"50/60","CategoryFeatureId":"3030","CategoryFeatureGroupID":"1306","SortNo":"413","PresentationValue":"50/60 Hz","RawValue":"50/60","LocalValue":"50/60","Description":"The frequency of the electricity, usually measured in Hertz (Hz), which is supplied by the power supply. Mains electricity in many parts of the world is 50Hz.","Mandatory":"0","Searchable":"0","Optional":"0","Feature":{"ID":"1244","Sign":"","Measure":{"ID":"36","Sign":"","Signs":{"ID":"20","_":"Hz","Language":"EN"}},"Name":{"Value":"Power supply input frequency","Language":"EN"}}},{"Localized":0,"ID":720943094,"LocalID":0,"Type":"dropdown","Value":"80 PLUS Gold","CategoryFeatureId":"206607","CategoryFeatureGroupID":"1306","SortNo":"-1","PresentationValue":"80 PLUS Gold","RawValue":"80 PLUS Gold","LocalValue":"80 PLUS Gold","Description":"","Mandatory":"0","Searchable":"0","Optional":"0","Feature":{"ID":"8110","Sign":"","Measure":{"ID":"29","Sign":"","Signs":{"ID":"","_":"","Language":"EN"}},"Name":{"Value":"80 PLUS certification","Language":"EN"}}}]},{"ID":2693,"SortNo":"20","FeatureGroup":{"ID":"76","Name":{"Value":"Certificates","Language":"EN"}},"Features":[{"Localized":0,"ID":781287851,"LocalID":0,"Type":"y_n","Value":"Y","CategoryFeatureId":"586317","CategoryFeatureGroupID":"2693","SortNo":"0","PresentationValue":"Yes","RawValue":"Y","LocalValue":"Yes","Description":"","Mandatory":"0","Searchable":"0","Optional":"0","Feature":{"ID":"41845","Sign":"","Measure":{"ID":"26","Sign":"","Signs":{"ID":"","_":"","Language":"EN"}},"Name":{"Value":"Low halogen","Language":"EN"}}}]},{"ID":72247,"SortNo":"19","FeatureGroup":{"ID":"279","Name":{"Value":"Sustainability","Language":"EN"}},"Features":[{"Localized":0,"ID":781287853,"LocalID":0,"Type":"y_n","Value":"Y","CategoryFeatureId":"596366","CategoryFeatureGroupID":"72247","SortNo":"0","PresentationValue":"Yes","RawValue":"Y","LocalValue":"Yes","Description":"","Mandatory":"0","Searchable":"0","Optional":"1","Feature":{"ID":"42512","Sign":"","Measure":{"ID":"26","Sign":"","Signs":{"ID":"","_":"","Language":"EN"}},"Name":{"Value":"Sustainability compliance","Language":"EN"}}},{"Localized":0,"ID":781287852,"LocalID":0,"Type":"multi_dropdown","Value":"ENERGY STAR,TCO","CategoryFeatureId":"603214","CategoryFeatureGroupID":"72247","SortNo":"0","PresentationValue":"ENERGY STAR, TCO","RawValue":"ENERGY STAR,TCO","LocalValue":"ENERGY STAR, TCO","Description":"","Mandatory":"0","Searchable":"0","Optional":"0","Feature":{"ID":"42513","Sign":"","Measure":{"ID":"29","Sign":"","Signs":{"ID":"","_":"","Language":"EN"}},"Name":{"Value":"Sustainability certificates","Language":"EN"}}}]},{"ID":1309,"SortNo":"10","FeatureGroup":{"ID":"14","Name":{"Value":"Weight & dimensions","Language":"EN"}},"Features":[{"Localized":0,"ID":720943099,"LocalID":0,"Type":"numerical","Value":"356","CategoryFeatureId":"6228","CategoryFeatureGroupID":"1309","SortNo":"55","PresentationValue":"356 mm","RawValue":"356","LocalValue":"356","Description":"The measurement or extent of something from side to side.","Mandatory":"1","Searchable":"0","Optional":"0","Feature":{"ID":"1649","Sign":"","Measure":{"ID":"24","Sign":"","Signs":{"ID":"3","_":"mm","Language":"EN"}},"Name":{"Value":"Width","Language":"EN"}}},{"Localized":0,"ID":720943102,"LocalID":0,"Type":"numerical","Value":"169","CategoryFeatureId":"6225","CategoryFeatureGroupID":"1309","SortNo":"54","PresentationValue":"169 mm","RawValue":"169","LocalValue":"169","Description":"The distance from the front to the back of something.","Mandatory":"1","Searchable":"0","Optional":"0","Feature":{"ID":"1650","Sign":"","Measure":{"ID":"24","Sign":"","Signs":{"ID":"3","_":"mm","Language":"EN"}},"Name":{"Value":"Depth","Language":"EN"}}},{"Localized":0,"ID":720943103,"LocalID":0,"Type":"numerical","Value":"385","CategoryFeatureId":"6226","CategoryFeatureGroupID":"1309","SortNo":"53","PresentationValue":"385 mm","RawValue":"385","LocalValue":"385","Description":"The measurement of the product from head to foot or from base to top.","Mandatory":"1","Searchable":"0","Optional":"0","Feature":{"ID":"1464","Sign":"","Measure":{"ID":"24","Sign":"","Signs":{"ID":"3","_":"mm","Language":"EN"}},"Name":{"Value":"Height","Language":"EN"}}},{"Localized":0,"ID":720943104,"LocalID":0,"Type":"numerical","Value":"6200","CategoryFeatureId":"8718","CategoryFeatureGroupID":"1309","SortNo":"45","PresentationValue":"6.2 kg","RawValue":"6200","LocalValue":"6.2","Description":"Weight of the product without packaging (net weight). If possible, the net weight is given including standard accessories and supplies. Please note that sometimes the manufacturer leaves out the weight of accessories and/or supplies.","Mandatory":"1","Searchable":"0","Optional":"0","Feature":{"ID":"94","Sign":"","Measure":{"ID":"38","Sign":"","Signs":{"ID":"22","_":"g","Language":"EN"}},"Name":{"Value":"Weight","Language":"EN"}}},{"Localized":0,"ID":720943105,"LocalID":0,"Type":"numerical","Value":"518","CategoryFeatureId":"74308","CategoryFeatureGroupID":"1309","SortNo":"-10","PresentationValue":"518 mm","RawValue":"518","LocalValue":"518","Description":"The distance from one side of the packaging to the other.","Mandatory":"0","Searchable":"0","Optional":"0","Feature":{"ID":"3808","Sign":"","Measure":{"ID":"24","Sign":"","Signs":{"ID":"3","_":"mm","Language":"EN"}},"Name":{"Value":"Package width","Language":"EN"}}},{"Localized":0,"ID":720943106,"LocalID":0,"Type":"numerical","Value":"295","CategoryFeatureId":"74309","CategoryFeatureGroupID":"1309","SortNo":"-11","PresentationValue":"295 mm","RawValue":"295","LocalValue":"295","Description":"The distance from the front to the back of the packaging.","Mandatory":"0","Searchable":"0","Optional":"0","Feature":{"ID":"3806","Sign":"","Measure":{"ID":"24","Sign":"","Signs":{"ID":"3","_":"mm","Language":"EN"}},"Name":{"Value":"Package depth","Language":"EN"}}},{"Localized":0,"ID":720943107,"LocalID":0,"Type":"numerical","Value":"490","CategoryFeatureId":"74310","CategoryFeatureGroupID":"1309","SortNo":"-12","PresentationValue":"490 mm","RawValue":"490","LocalValue":"490","Description":"The distance from the top to the bottom of the packaging.","Mandatory":"0","Searchable":"0","Optional":"0","Feature":{"ID":"3807","Sign":"","Measure":{"ID":"24","Sign":"","Signs":{"ID":"3","_":"mm","Language":"EN"}},"Name":{"Value":"Package height","Language":"EN"}}}]},{"ID":9610,"SortNo":"3","FeatureGroup":{"ID":"116","Name":{"Value":"Packaging content","Language":"EN"}},"Features":[{"Localized":0,"ID":720943119,"LocalID":0,"Type":"y_n","Value":"Y","CategoryFeatureId":"20512","CategoryFeatureGroupID":"9610","SortNo":"475","PresentationValue":"Yes","RawValue":"Y","LocalValue":"Yes","Description":"A mouse is included with this product.","Mandatory":"0","Searchable":"0","Optional":"0","Feature":{"ID":"2944","Sign":"","Measure":{"ID":"26","Sign":"","Signs":{"ID":"","_":"","Language":"EN"}},"Name":{"Value":"Mouse included","Language":"EN"}}},{"Localized":0,"ID":720943121,"LocalID":0,"Type":"dropdown","Value":"Wired","CategoryFeatureId":"904270","CategoryFeatureGroupID":"9610","SortNo":"475","PresentationValue":"Wired","RawValue":"Wired","LocalValue":"Wired","Description":"","Mandatory":"0","Searchable":"0","Optional":"0","Feature":{"ID":"45581","Sign":"","Measure":{"ID":"29","Sign":"","Signs":{"ID":"","_":"","Language":"EN"}},"Name":{"Value":"Mouse connectivity","Language":"EN"}}},{"Localized":0,"ID":723255149,"LocalID":0,"Type":"y_n","Value":"Y","CategoryFeatureId":"238768","CategoryFeatureGroupID":"9610","SortNo":"471","PresentationValue":"Yes","RawValue":"Y","LocalValue":"Yes","Description":"A keyboard is part of the bundle/set.","Mandatory":"0","Searchable":"0","Optional":"0","Feature":{"ID":"33532","Sign":"","Measure":{"ID":"26","Sign":"","Signs":{"ID":"","_":"","Language":"EN"}},"Name":{"Value":"Keyboard included","Language":"EN"}}},{"Localized":0,"ID":718355673,"LocalID":0,"Type":"dropdown","Value":"Wired","CategoryFeatureId":"904271","CategoryFeatureGroupID":"9610","SortNo":"471","PresentationValue":"Wired","RawValue":"Wired","LocalValue":"Wired","Description":"","Mandatory":"0","Searchable":"0","Optional":"0","Feature":{"ID":"45582","Sign":"","Measure":{"ID":"29","Sign":"","Signs":{"ID":"","_":"","Language":"EN"}},"Name":{"Value":"Keyboard connectivity","Language":"EN"}}}]},{"ID":82594,"SortNo":"0","FeatureGroup":{"ID":"5","Name":{"Value":"Display","Language":"EN"}},"Features":[{"Localized":0,"ID":720943108,"LocalID":0,"Type":"y_n","Value":"N","CategoryFeatureId":"11391","CategoryFeatureGroupID":"82594","SortNo":"500","PresentationValue":"No","RawValue":"N","LocalValue":"No","Description":"This product includes a display.","Mandatory":"1","Searchable":"1","Optional":"0","Feature":{"ID":"2177","Sign":"","Measure":{"ID":"26","Sign":"","Signs":{"ID":"","_":"","Language":"EN"}},"Name":{"Value":"Display included","Language":"EN"}}}]}],"FeatureLogos":[{"LogoPic":"https://images.icecat.biz/img/feature_logo/4-8210.png","Width":"195","Height":"200","Size":"0","ThumbPic":"https://images.icecat.biz/img/feature_logo_thumbs/4-8210.png","FeatureID":"42513","Value":"ENERGY STAR","KeyLogo":0,"Description":{"Value":"ENERGY STAR® is the government-backed symbol for energy efficiency, providing simple, credible, and unbiased information that consumers and businesses rely on to make well-informed decisions. ENERGY STAR is the simple choice for energy efficiency, making it easy for consumers and businesses to purchase products that save them money and protect the environment.","Language":"EN"}},{"LogoPic":"https://images.icecat.biz/img/feature_logo/188-6515.png","Width":"300","Height":"186","Size":"0","ThumbPic":"https://images.icecat.biz/img/feature_logo_thumbs/188-6515.png","FeatureID":"42513","Value":"TCO","KeyLogo":1,"Description":{"Value":"TCO Certified is the world’s most comprehensive sustainability certification for IT products, helping you make responsible product choices that drive the industry in a sustainable direction. Using TCO Certified also supports your organization’s efforts to reduce risk and take the next step in social and environmental responsibility.","Language":"EN"}},{"LogoPic":"https://images.icecat.biz/img/feature_logo/538-3447.png","Width":"300","Height":"300","Size":"0","ThumbPic":"https://images.icecat.biz/img/feature_logo_thumbs/538-3447.png","FeatureID":"44870","Value":"Intel Core i9-11xxx","KeyLogo":2,"Description":{"Value":"Intel® Core™ i9 Processors - Work, play, and create as quickly and seamlessly as your heart desires.<br><br>- Faster performance empowering people to focus, create, and connect like never before<br>- Raising the bar on connectivity<br>- Video editing just under a minute","Language":"EN"}},{"LogoPic":"https://images.icecat.biz/img/feature_logo/538-3447.png","Width":"300","Height":"300","Size":"0","ThumbPic":"https://images.icecat.biz/img/feature_logo_thumbs/538-3447.png","FeatureID":"44870","Value":"Intel Core i9-14xxx","KeyLogo":2,"Description":{"Value":"Intel® Core™ i9 Processors - Work, play, and create as quickly and seamlessly as your heart desires.<br><br>- Faster performance empowering people to focus, create, and connect like never before<br>- Raising the bar on connectivity<br>- Video editing just under a minute","Language":"EN"}},{"LogoPic":"https://images.icecat.biz/img/feature_logo/1167-3328.png","Width":"300","Height":"300","Size":"0","ThumbPic":"https://images.icecat.biz/img/feature_logo_thumbs/1167-3328.png","FeatureID":"11441","Value":"hdd+ssd","KeyLogo":3,"Description":{"Value":"Solid state drive","Language":"EN"}},{"LogoPic":"https://images.icecat.biz/img/feature_logo/1167-3328.png","Width":"300","Height":"300","Size":"0","ThumbPic":"https://images.icecat.biz/img/feature_logo_thumbs/1167-3328.png","FeatureID":"11441","Value":"SSD","KeyLogo":3,"Description":{"Value":"Solid state drive","Language":"EN"}},{"LogoPic":"https://images.icecat.biz/img/feature_logo/1167-3328.png","Width":"300","Height":"300","Size":"0","ThumbPic":"https://images.icecat.biz/img/feature_logo_thumbs/1167-3328.png","FeatureID":"11441","Value":"ssd+emmc","KeyLogo":3,"Description":{"Value":"Solid state drive","Language":"EN"}}],"ReasonsToBuy":[],"Reviews":[{"AwardHighPic":"","AwardLogoPic":"","BottomLine":"HP has done an excellent job in updating this impressive micro workstation. The industrial design is excellent, the acoustics are improved, and it's taken a big step forward in terms of performance. But there are compromises to be made for a machine this...","Code":"","DateAdded":"","Group":"","ID":370919,"LogoPic":"","Score":0,"URL":"https://develop3d.com/workstations/review-hp-z2-mini-g9-workstation/","Updated":"","Value":"HP Z2 Mini G9 – After six years in service, HP has finally redesigned the chassis for its iconic tiny workstation. With better acoustics and significantly enhanced performance, there's much to like about this diminutive desktop, writes Greg CorkeIn late...","ValueBad":"","ValueGood":"","Language":"EN","IcecatID":124914271}],"ProductRelated":[],"CatalogObjectCloud":{},"Variants":[{"VariantID":"1468103","VariantIdentifiers":[{"Identifier Type":"GTIN13","Value":"0198990365985","IsApproved":true},{"Identifier Type":"GTIN13","Value":"198990365985","IsApproved":true},{"Identifier Type":"BrandProductCode","Value":"A40KVET#UUW"}],"VariantFeatures":[{"VariantFeature SpecID":"42499","Value":"Norwegian,Swedish,Finnish,Danish"}],"VariantImages":[],"VariantMultimedia":[],"VariantDescriptions":"HP Z2 G9 TWR i914900K 64GB/1TB PC"}],"ProductStory":[],"Dictionary":{"model_name":"Product name","desc":"Description","ean_code":"EAN/UPC code","flash360":"3D tour","demo_msg_part3":"If you don't have an Icecat account, please register here for free.","repairability_index":"Repairability index","zoom_panel_init":"Original size","cat_name":"Category","product_family":"Product family","back_to_top":"Back to top","zoom_panel_out":"Zoom out","specs":"Specs","eu_product_fiche":"EU Product Fiche","reviews_head_name":"Reviews","pdf_specs":"Product Brochure","zoom_panel_in":"Zoom in","html_content":"","release_date":"Release date","demo_msg_part1":"You are using now a Demo account. Please, use your own Icecat account","demo_insert_desc":"This is a demo of a seamless insert of an Icecat LIVE product data-sheet in your website. Imagine that this responsive data-sheet is included in the product page of your webshop.","pdf_url":"User manual","prod_code":"Product code","supplier_name":"Brand","video":"Video","reasons_to_buy":"Reasons to buy","marketing_text":"Description","options_head_name":"Options","product_series":"Product series","demo_msg_part2":"your Icecat login name","link_integrate_desk":"How to integrate Icecat LIVE JavaScript.","zoom_panel_dragg":"Mouse dragging","eu_energy_label":"EU Energy Label"},"DemoAccount":false}}