{"msg":"OK","data":{"GeneralInfo":{"IcecatId":134704493,"ReleaseDate":"","EndOfLifeDate":"","Title":"Bayer Claritin Syrup","TitleInfo":{"GeneratedIntTitle":"Bayer Claritin","GeneratedLocalTitle":{"Value":"Bayer Claritin Syrup","Language":"EN"},"BrandLocalTitle":{"Value":"","Language":"EN"}},"Brand":"Bayer","BrandID":"1870","BrandLogo":"","BrandInfo":{"BrandName":"Bayer","BrandLocalName":"","BrandLogo":""},"ProductName":"Claritin","ProductNameInfo":{"ProductIntName":"Claritin","ProductLocalName":{"Value":"","Language":"EN"}},"BrandPartCode":"CLARITIN LIQUID","GTIN":[],"Category":{"CategoryID":"4879","Name":{"Value":"Antiallergic Drugs","Language":"EN"}},"ProductFamily":{},"ProductSeries":{"SeriesID":"1"},"Description":{"ID":"104052456","LongDesc":"All-day, non-drowsy allergy relief for your most irritating allergy symptoms, including itchy throat, in an instantly soothing liquid.<br><br>","LongProductName":"Claritin Liquid 24-Hour, 5mg","MiddleDesc":"","Disclaimer":"","ManualPDFURL":"","ManualPDFSize":"0","LeafletPDFURL":"","PDFSize":"0","URL":"https://www.claritin.com/products/claritin/liquid","WarrantyInfo":"","Updated":"2025-09-09 15:13:48","Language":"EN"},"SummaryDescription":{"ShortSummaryDescription":"Bayer Claritin, Syrup, Honey, 236 ml","LongSummaryDescription":"Bayer Claritin. Dosage form: Syrup, Suitable for: Adults & Children, Flavour: Honey. Volume: 236 ml"},"BulletPoints":{"BulletPointsId":"13610763","Language":"EN","Values":["24-hour allergy relief","Non-drowsy relief from pollen, dust mites, pet dander and mold","Relief from sneezing, runny nose, itchy/watery eyes, and itchy nose or throat"],"Updated":"2025-09-09 15:13:48"},"GeneratedBulletPoints":{},"GTINs":[]},"Image":{"HighPic":"https://inishop.com/img/gallery/dfd5d59b5e9a41ae65b378067ce82c3914a125ad.jpg","HighPicSize":"745161","HighPicHeight":"1045","HighPicWidth":"858","LowPic":"https://inishop.com/img/gallery_lows/883a150f598b1d4e1ed403f61faf4dff093a34fb.jpg","LowPicSize":"44792","LowPicHeight":"200","LowPicWidth":"164","Pic500x500":"https://inishop.com/img/gallery_mediums/2367e2854efcf33053a0c9a98a9e97e46155308c.jpg","Pic500x500Size":"215039","Pic500x500Height":"500","Pic500x500Width":"411","ThumbPic":"https://inishop.com/img/gallery_thumbs/d2e256a4ffeac5035d8247ece41a6585e4e98349.jpg","ThumbPicSize":"9266"},"Multimedia":[],"Gallery":[{"ID":"117113910","LowPic":"https://inishop.com/img/gallery_lows/883a150f598b1d4e1ed403f61faf4dff093a34fb.jpg","LowSize":"44792","LowHeight":"200","LowWidth":"164","ThumbPic":"https://inishop.com/img/gallery_thumbs/d2e256a4ffeac5035d8247ece41a6585e4e98349.jpg","ThumbPicSize":"9266","Pic":"https://inishop.com/img/gallery/dfd5d59b5e9a41ae65b378067ce82c3914a125ad.jpg","Size":"745161","PicHeight":"1045","PicWidth":"858","Pic500x500":"https://inishop.com/img/gallery_mediums/2367e2854efcf33053a0c9a98a9e97e46155308c.jpg","Pic500x500Size":"215039","Pic500x500Height":"500","Pic500x500Width":"411","No":"1","IsMain":"Y","Updated":"2025-09-09 15:13:08","IsPrivate":"0","Type":"ProductImage","Attributes":{"OriginalFileName":""}},{"ID":"117113911","LowPic":"https://inishop.com/img/gallery_lows/d791be0f6a592a4f1bbe760454e57a761656f3d6.jpg","LowSize":"32500","LowHeight":"200","LowWidth":"165","ThumbPic":"https://inishop.com/img/gallery_thumbs/c4dddc5adea7cee709b063ce233e78bb6f7c0f58.jpg","ThumbPicSize":"7032","Pic":"https://inishop.com/img/gallery/1418fe187b030237b75897ced2964925fd0c7747.jpg","Size":"509491","PicHeight":"990","PicWidth":"815","Pic500x500":"https://inishop.com/img/gallery_mediums/47dcff7e7f973ecdf81627ca3e0ef262ace21652.jpg","Pic500x500Size":"162015","Pic500x500Height":"500","Pic500x500Width":"412","No":"2","IsMain":"N","Updated":"2025-09-09 15:13:12","IsPrivate":"0","Type":"ProductImage","Attributes":{"OriginalFileName":""}}],"FeaturesGroups":[{"ID":17656,"SortNo":"5","FeatureGroup":{"ID":"185","Name":{"Value":"Features","Language":"EN"}},"Features":[{"Localized":0,"ID":835288104,"LocalID":0,"Type":"dropdown","Value":"Syrup","CategoryFeatureId":"162301","CategoryFeatureGroupID":"17656","SortNo":"100","PresentationValue":"Syrup","RawValue":"Syrup","LocalValue":"Syrup","Description":"","Mandatory":"1","Searchable":"1","Optional":"0","Feature":{"ID":"25712","Sign":"","Measure":{"ID":"29","Sign":"","Signs":{"ID":"","_":"","Language":"EN"}},"Name":{"Value":"Dosage form","Language":"EN"}}},{"Localized":0,"ID":835288109,"LocalID":0,"Type":"dropdown","Value":"Adults & Children","CategoryFeatureId":"162302","CategoryFeatureGroupID":"17656","SortNo":"95","PresentationValue":"Adults & Children","RawValue":"Adults & Children","LocalValue":"Adults & Children","Description":"Who can use the product, or what the product can be used for.","Mandatory":"0","Searchable":"0","Optional":"0","Feature":{"ID":"9202","Sign":"","Measure":{"ID":"29","Sign":"","Signs":{"ID":"","_":"","Language":"EN"}},"Name":{"Value":"Suitable for","Language":"EN"}}},{"Localized":0,"ID":835288299,"LocalID":0,"Type":"dropdown","Value":"Honey","CategoryFeatureId":"162304","CategoryFeatureGroupID":"17656","SortNo":"85","PresentationValue":"Honey","RawValue":"Honey","LocalValue":"Honey","Description":"How something tastes.","Mandatory":"0","Searchable":"0","Optional":"0","Feature":{"ID":"12019","Sign":"","Measure":{"ID":"29","Sign":"","Signs":{"ID":"","_":"","Language":"EN"}},"Name":{"Value":"Flavour","Language":"EN"}}},{"Localized":0,"ID":836150868,"LocalID":0,"Type":"numerical","Value":"24","CategoryFeatureId":"162305","CategoryFeatureGroupID":"17656","SortNo":"80","PresentationValue":"24 h","RawValue":"24","LocalValue":"24","Description":"","Mandatory":"0","Searchable":"0","Optional":"0","Feature":{"ID":"19115","Sign":"","Measure":{"ID":"46","Sign":"","Signs":{"ID":"30","_":"h","Language":"EN"}},"Name":{"Value":"Effect duration","Language":"EN"}}},{"Localized":0,"ID":835288163,"LocalID":0,"Type":"y_n","Value":"Y","CategoryFeatureId":"162306","CategoryFeatureGroupID":"17656","SortNo":"30","PresentationValue":"Yes","RawValue":"Y","LocalValue":"Yes","Description":"","Mandatory":"0","Searchable":"0","Optional":"0","Feature":{"ID":"25715","Sign":"","Measure":{"ID":"26","Sign":"","Signs":{"ID":"","_":"","Language":"EN"}},"Name":{"Value":"Non-drowsy","Language":"EN"}}},{"Localized":0,"ID":836150870,"LocalID":0,"Type":"y_n","Value":"Y","CategoryFeatureId":"162310","CategoryFeatureGroupID":"17656","SortNo":"26","PresentationValue":"Yes","RawValue":"Y","LocalValue":"Yes","Description":"","Mandatory":"0","Searchable":"0","Optional":"0","Feature":{"ID":"18071","Sign":"","Measure":{"ID":"26","Sign":"","Signs":{"ID":"","_":"","Language":"EN"}},"Name":{"Value":"Long-lasting","Language":"EN"}}},{"Localized":0,"ID":835288118,"LocalID":0,"Type":"numerical","Value":"1","CategoryFeatureId":"280319","CategoryFeatureGroupID":"17656","SortNo":"0","PresentationValue":"1 pc(s)","RawValue":"1","LocalValue":"1","Description":"","Mandatory":"0","Searchable":"0","Optional":"0","Feature":{"ID":"20228","Sign":"","Measure":{"ID":"144","Sign":"","Signs":{"ID":"125","_":"pc(s)","Language":"EN"}},"Name":{"Value":"Quantity per pack","Language":"EN"}}},{"Localized":0,"ID":835288145,"LocalID":554061193,"Type":"textarea","Value":"Loratadine","CategoryFeatureId":"162318","CategoryFeatureGroupID":"17656","SortNo":"-1","PresentationValue":"Edetate disodium, flavors, glycerin, maltitol, menthol, phosphoric acid, propylene glycol, purified water, sodium benzoate, sodium phosphate, sorbitol, sucralose","RawValue":"Loratadine","LocalValue":"Edetate disodium, flavors, glycerin, maltitol, menthol, phosphoric acid, propylene glycol, purified water, sodium benzoate, sodium phosphate, sorbitol, sucralose","Description":"","Mandatory":"0","Searchable":"0","Optional":"0","Feature":{"ID":"16908","Sign":"","Measure":{"ID":"29","Sign":"","Signs":{"ID":"","_":"","Language":"EN"}},"Name":{"Value":"Ingredients","Language":"EN"}}},{"Localized":1,"ID":0,"LocalID":554062260,"Type":"textarea","Value":"","CategoryFeatureId":"162317","CategoryFeatureGroupID":"17656","SortNo":"-2","PresentationValue":"Adults and children 6 years and over: 10 mL daily; do not take more than 10 mL in 24 hours\nChildren 2 to under 6 years of age: 5 mL daily; do not take more than 5 mL in 24 hours","RawValue":"","LocalValue":"Adults and children 6 years and over: 10 mL daily; do not take more than 10 mL in 24 hours\nChildren 2 to under 6 years of age: 5 mL daily; do not take more than 5 mL in 24 hours","Description":"","Mandatory":"0","Searchable":"0","Optional":"0","Feature":{"ID":"24555","Sign":"","Measure":{"ID":"29","Sign":"","Signs":{"ID":"","_":"","Language":"EN"}},"Name":{"Value":"How to use","Language":"EN"}}}]},{"ID":17658,"SortNo":"0","FeatureGroup":{"ID":"14","Name":{"Value":"Weight & dimensions","Language":"EN"}},"Features":[{"Localized":0,"ID":835288126,"LocalID":0,"Type":"numerical","Value":"236","CategoryFeatureId":"162341","CategoryFeatureGroupID":"17658","SortNo":"20","PresentationValue":"236 ml","RawValue":"236","LocalValue":"236","Description":"The amount of space that a substance or object occupies or may contain.","Mandatory":"0","Searchable":"0","Optional":"0","Feature":{"ID":"5207","Sign":"","Measure":{"ID":"142","Sign":"","Signs":{"ID":"123","_":"ml","Language":"EN"}},"Name":{"Value":"Volume","Language":"EN"}}}]}],"FeatureLogos":[],"ReasonsToBuy":[],"Reviews":[],"ProductRelated":[],"CatalogObjectCloud":{},"Variants":[],"ProductStory":[],"Dictionary":{"model_name":"Product name","desc":"Description","ean_code":"EAN/UPC code","flash360":"3D tour","demo_msg_part3":"If you don't have an Icecat account, please register here for free.","repairability_index":"Repairability index","zoom_panel_init":"Original size","cat_name":"Category","product_family":"Product family","back_to_top":"Back to top","zoom_panel_out":"Zoom out","specs":"Specs","eu_product_fiche":"EU Product Fiche","reviews_head_name":"Reviews","pdf_specs":"Product Brochure","zoom_panel_in":"Zoom in","html_content":"","release_date":"Release date","demo_msg_part1":"You are using now a Demo account. Please, use your own Icecat account","demo_insert_desc":"This is a demo of a seamless insert of an Icecat LIVE product data-sheet in your website. Imagine that this responsive data-sheet is included in the product page of your webshop.","pdf_url":"User manual","prod_code":"Product code","supplier_name":"Brand","video":"Video","reasons_to_buy":"Reasons to buy","marketing_text":"Description","options_head_name":"Options","product_series":"Product series","demo_msg_part2":"your Icecat login name","link_integrate_desk":"How to integrate Icecat LIVE JavaScript.","zoom_panel_dragg":"Mouse dragging","eu_energy_label":"EU Energy Label"},"DemoAccount":false}}