{"msg":"OK","data":{"GeneralInfo":{"IcecatId":134703672,"ReleaseDate":"","EndOfLifeDate":"","Title":"New Balance Dynasoft Nitrel v6 Gore Tex athletic shoes Male Black","TitleInfo":{"GeneratedIntTitle":"New Balance Dynasoft Nitrel v6 Gore Tex athletic shoes","GeneratedLocalTitle":{"Value":"New Balance Dynasoft Nitrel v6 Gore Tex athletic shoes Male Black","Language":"EN"},"BrandLocalTitle":{"Value":"","Language":"EN"}},"Brand":"New Balance","BrandID":"5844","BrandLogo":"","BrandInfo":{"BrandName":"New Balance","BrandLocalName":"","BrandLogo":""},"ProductName":"Dynasoft Nitrel v6 Gore Tex","ProductNameInfo":{"ProductIntName":"Dynasoft Nitrel v6 Gore Tex","ProductLocalName":{"Value":"","Language":"EN"}},"BrandPartCode":"MTNTRGB6 40","GTIN":[],"Category":{"CategoryID":"3554","Name":{"Value":"Athletic Shoes","Language":"EN"}},"ProductFamily":{},"ProductSeries":{"SeriesID":"1"},"Description":{"ID":"104044455","LongDesc":"The DynaSoft Nitrel v6 GORE-TEX® brings progressive style and waterproof comfort to the trail and beyond.<br><br>","LongProductName":"Dynasoft Nitrel v6 Gore Tex Shoes, 40","MiddleDesc":"","Disclaimer":"","ManualPDFURL":"","ManualPDFSize":"0","LeafletPDFURL":"","PDFSize":"0","URL":"https://ee.newbalance.eu/en/pd/dynasoft-nitrel-v6-gore-tex-/MTNTRGV6-47467.html?sm=Top+Results&pdq=MTNTRGB6","WarrantyInfo":"","Updated":"2025-09-09 11:53:38","Language":"EN"},"SummaryDescription":{"ShortSummaryDescription":"New Balance Dynasoft Nitrel v6 Gore Tex, Trail running, Male, Adult, Black, Image, 25 cm","LongSummaryDescription":"New Balance Dynasoft Nitrel v6 Gore Tex. Activity: Trail running, Gender: Male, Consumer life stage: Adult. Upper material: Mesh, Textile. Weight: 308 g"},"BulletPoints":{"BulletPointsId":"13608935","Language":"EN","Values":["DynaSoft midsole couples ultra-responsive performance and added comfort","AT Tread outsole provides versatile traction during both on and off-road activities","No-sew overlays","EVA foam insert increases comfort"],"Updated":"2025-09-09 11:53:38"},"GeneratedBulletPoints":{},"GTINs":[]},"Image":{"HighPic":"https://inishop.com/img/gallery/ed7fb8fffa6297fb0997670a3bb4c4bafa6f683c.jpg","HighPicSize":"353950","HighPicHeight":"756","HighPicWidth":"1520","LowPic":"https://inishop.com/img/gallery_lows/9372431f2fc57cd7b79183437c5f5ec3142d8cbb.jpg","LowPicSize":"9679","LowPicHeight":"99","LowPicWidth":"200","Pic500x500":"https://inishop.com/img/gallery_mediums/7708abab6d0c737ffffa032861cd795799b3a444.jpg","Pic500x500Size":"45927","Pic500x500Height":"249","Pic500x500Width":"500","ThumbPic":"https://inishop.com/img/gallery_thumbs/3b104d9c969d69b8101febf85a4d26274dea3ee0.jpg","ThumbPicSize":"2546"},"Multimedia":[],"Gallery":[{"ID":"117096176","LowPic":"https://inishop.com/img/gallery_lows/9372431f2fc57cd7b79183437c5f5ec3142d8cbb.jpg","LowSize":"9679","LowHeight":"99","LowWidth":"200","ThumbPic":"https://inishop.com/img/gallery_thumbs/3b104d9c969d69b8101febf85a4d26274dea3ee0.jpg","ThumbPicSize":"2546","Pic":"https://inishop.com/img/gallery/ed7fb8fffa6297fb0997670a3bb4c4bafa6f683c.jpg","Size":"353950","PicHeight":"756","PicWidth":"1520","Pic500x500":"https://inishop.com/img/gallery_mediums/7708abab6d0c737ffffa032861cd795799b3a444.jpg","Pic500x500Size":"45927","Pic500x500Height":"249","Pic500x500Width":"500","No":"1","IsMain":"Y","Updated":"2025-09-09 11:52:08","IsPrivate":"0","Type":"ProductImage","Attributes":{"OriginalFileName":""}},{"ID":"117096179","LowPic":"https://inishop.com/img/gallery_lows/05cc5875c169efe6695077f8183d4a2e3167ab5d.jpg","LowSize":"10639","LowHeight":"96","LowWidth":"200","ThumbPic":"https://inishop.com/img/gallery_thumbs/75e518c5de6961cd2d99e9f96f222d29a7274e31.jpg","ThumbPicSize":"2741","Pic":"https://inishop.com/img/gallery/84f521dfdec333e4e6061f3786c1e0361cdd85bc.jpg","Size":"427963","PicHeight":"734","PicWidth":"1525","Pic500x500":"https://inishop.com/img/gallery_mediums/2c631cd1dab311666e2d06500193d31a1609925a.jpg","Pic500x500Size":"53271","Pic500x500Height":"241","Pic500x500Width":"500","No":"2","IsMain":"N","Updated":"2025-09-09 11:52:13","IsPrivate":"0","Type":"Other","Attributes":{"OriginalFileName":""}},{"ID":"117096180","LowPic":"https://inishop.com/img/gallery_lows/481a9c54b35dffc9c41662ef6aadc538264b2da2.jpg","LowSize":"9449","LowHeight":"99","LowWidth":"200","ThumbPic":"https://inishop.com/img/gallery_thumbs/0ea2554227f9f5a86c9899bd48ba6454c82a5d4d.jpg","ThumbPicSize":"2560","Pic":"https://inishop.com/img/gallery/80f863439dca01cf3d3a8280ae221e9804665231.jpg","Size":"340426","PicHeight":"757","PicWidth":"1524","Pic500x500":"https://inishop.com/img/gallery_mediums/72b1d601241725ac733f9c085b2db69ee46f5604.jpg","Pic500x500Size":"43183","Pic500x500Height":"248","Pic500x500Width":"500","No":"3","IsMain":"N","Updated":"2025-09-09 11:52:20","IsPrivate":"0","Type":"Other","Attributes":{"OriginalFileName":""}},{"ID":"117096181","LowPic":"https://inishop.com/img/gallery_lows/5d91599e2e827974b2629e937d7bdaebee677a3a.jpg","LowSize":"18254","LowHeight":"200","LowWidth":"168","ThumbPic":"https://inishop.com/img/gallery_thumbs/035ff643425782c95047e4bde294ee52312709a7.jpg","ThumbPicSize":"4073","Pic":"https://inishop.com/img/gallery/b85b13d9996738aec5473392be80f0c554ae636d.jpg","Size":"810905","PicHeight":"1521","PicWidth":"1274","Pic500x500":"https://inishop.com/img/gallery_mediums/1c73700a9f068e823557172e0664785ef6aab40f.jpg","Pic500x500Size":"98093","Pic500x500Height":"500","Pic500x500Width":"419","No":"4","IsMain":"N","Updated":"2025-09-09 11:52:28","IsPrivate":"0","Type":"Other","Attributes":{"OriginalFileName":""}},{"ID":"117096182","LowPic":"https://inishop.com/img/gallery_lows/84de17077e0b2ebc2b8f0309beb92e32bba158dd.jpg","LowSize":"12365","LowHeight":"120","LowWidth":"200","ThumbPic":"https://inishop.com/img/gallery_thumbs/df25fee87ce8cd7a2d59cee6516d6b0dbaac49af.jpg","ThumbPicSize":"3351","Pic":"https://inishop.com/img/gallery/66a2e917ded5f4d33f8eaf8c5f0e187cfb490806.jpg","Size":"301588","PicHeight":"756","PicWidth":"1264","Pic500x500":"https://inishop.com/img/gallery_mediums/9d5b5e2ae4ecfa073f59f327cbb738f6da4d311f.jpg","Pic500x500Size":"56534","Pic500x500Height":"299","Pic500x500Width":"500","No":"5","IsMain":"N","Updated":"2025-09-09 11:52:34","IsPrivate":"0","Type":"Other","Attributes":{"OriginalFileName":""}},{"ID":"117096183","LowPic":"https://inishop.com/img/gallery_lows/af7eb17b54356c475804e8eb2f40c5af1675aa15.jpg","LowSize":"9936","LowHeight":"93","LowWidth":"200","ThumbPic":"https://inishop.com/img/gallery_thumbs/142c5698eaaf5549d97ab7aeb51e05128acffce5.jpg","ThumbPicSize":"2564","Pic":"https://inishop.com/img/gallery/e9ab450c974fdfd5415667195172ac8657314f9b.jpg","Size":"328015","PicHeight":"708","PicWidth":"1520","Pic500x500":"https://inishop.com/img/gallery_mediums/544fa20386d9d9b39b9ccf29be918e361a93c27d.jpg","Pic500x500Size":"48950","Pic500x500Height":"233","Pic500x500Width":"500","No":"6","IsMain":"N","Updated":"2025-09-09 11:52:39","IsPrivate":"0","Type":"Other","Attributes":{"OriginalFileName":""}}],"FeaturesGroups":[{"ID":17164,"SortNo":"50","FeatureGroup":{"ID":"185","Name":{"Value":"Features","Language":"EN"}},"Features":[{"Localized":0,"ID":835248026,"LocalID":0,"Type":"dropdown","Value":"Trail running","CategoryFeatureId":"333583","CategoryFeatureGroupID":"17164","SortNo":"350","PresentationValue":"Trail running","RawValue":"Trail running","LocalValue":"Trail running","Description":"","Mandatory":"1","Searchable":"1","Optional":"0","Feature":{"ID":"41029","Sign":"","Measure":{"ID":"29","Sign":"","Signs":{"ID":"","_":"","Language":"EN"}},"Name":{"Value":"Activity","Language":"EN"}}},{"Localized":0,"ID":835248015,"LocalID":0,"Type":"dropdown","Value":"Male","CategoryFeatureId":"158233","CategoryFeatureGroupID":"17164","SortNo":"300","PresentationValue":"Male","RawValue":"Male","LocalValue":"Male","Description":"Gender (type) of a product.","Mandatory":"1","Searchable":"1","Optional":"0","Feature":{"ID":"3230","Sign":"","Measure":{"ID":"29","Sign":"","Signs":{"ID":"","_":"","Language":"EN"}},"Name":{"Value":"Gender","Language":"EN"}}},{"Localized":0,"ID":835248012,"LocalID":0,"Type":"dropdown","Value":"Adult","CategoryFeatureId":"333580","CategoryFeatureGroupID":"17164","SortNo":"295","PresentationValue":"Adult","RawValue":"Adult","LocalValue":"Adult","Description":"","Mandatory":"1","Searchable":"1","Optional":"0","Feature":{"ID":"36987","Sign":"","Measure":{"ID":"29","Sign":"","Signs":{"ID":"","_":"","Language":"EN"}},"Name":{"Value":"Consumer life stage","Language":"EN"}}},{"Localized":0,"ID":835248628,"LocalID":0,"Type":"dropdown","Value":"Image","CategoryFeatureId":"158216","CategoryFeatureGroupID":"17164","SortNo":"148","PresentationValue":"Image","RawValue":"Image","LocalValue":"Image","Description":"","Mandatory":"0","Searchable":"0","Optional":"0","Feature":{"ID":"21118","Sign":"","Measure":{"ID":"29","Sign":"","Signs":{"ID":"","_":"","Language":"EN"}},"Name":{"Value":"Coloration","Language":"EN"}}},{"Localized":0,"ID":835248620,"LocalID":0,"Type":"alphanumeric","Value":"6.5","CategoryFeatureId":"949644","CategoryFeatureGroupID":"17164","SortNo":"145","PresentationValue":"6.5","RawValue":"6.5","LocalValue":"6.5","Description":"","Mandatory":"0","Searchable":"0","Optional":"0","Feature":{"ID":"29293","Sign":"","Measure":{"ID":"29","Sign":"","Signs":{"ID":"","_":"","Language":"EN"}},"Name":{"Value":"Size (UK)","Language":"EN"}}},{"Localized":0,"ID":835248030,"LocalID":0,"Type":"multi_dropdown","Value":"Black","CategoryFeatureId":"333581","CategoryFeatureGroupID":"17164","SortNo":"144","PresentationValue":"Black","RawValue":"Black","LocalValue":"Black","Description":"","Mandatory":"1","Searchable":"1","Optional":"0","Feature":{"ID":"37466","Sign":"","Measure":{"ID":"29","Sign":"","Signs":{"ID":"","_":"","Language":"EN"}},"Name":{"Value":"Product main colour","Language":"EN"}}},{"Localized":0,"ID":835248007,"LocalID":0,"Type":"alphanumeric","Value":"40","CategoryFeatureId":"949645","CategoryFeatureGroupID":"17164","SortNo":"144","PresentationValue":"40","RawValue":"40","LocalValue":"40","Description":"","Mandatory":"0","Searchable":"0","Optional":"0","Feature":{"ID":"47506","Sign":"","Measure":{"ID":"29","Sign":"","Signs":{"ID":"","_":"","Language":"EN"}},"Name":{"Value":"Size (EU)","Language":"EN"}}},{"Localized":0,"ID":835248617,"LocalID":0,"Type":"alphanumeric","Value":"7","CategoryFeatureId":"949646","CategoryFeatureGroupID":"17164","SortNo":"143","PresentationValue":"7","RawValue":"7","LocalValue":"7","Description":"","Mandatory":"0","Searchable":"0","Optional":"0","Feature":{"ID":"47766","Sign":"","Measure":{"ID":"29","Sign":"","Signs":{"ID":"","_":"","Language":"EN"}},"Name":{"Value":"Men's size (US)","Language":"EN"}}},{"Localized":0,"ID":835248623,"LocalID":0,"Type":"alphanumeric","Value":"25","CategoryFeatureId":"949648","CategoryFeatureGroupID":"17164","SortNo":"141","PresentationValue":"25 cm","RawValue":"25","LocalValue":"25","Description":"","Mandatory":"0","Searchable":"0","Optional":"0","Feature":{"ID":"47528","Sign":"","Measure":{"ID":"34","Sign":"","Signs":{"ID":"18","_":"cm","Language":"EN"}},"Name":{"Value":"Size (length)","Language":"EN"}}},{"Localized":0,"ID":835248242,"LocalID":0,"Type":"multi_dropdown","Value":"Lace-up closure","CategoryFeatureId":"333640","CategoryFeatureGroupID":"17164","SortNo":"115","PresentationValue":"Lace-up closure","RawValue":"Lace-up closure","LocalValue":"Lace-up closure","Description":"","Mandatory":"0","Searchable":"0","Optional":"0","Feature":{"ID":"41034","Sign":"","Measure":{"ID":"29","Sign":"","Signs":{"ID":"","_":"","Language":"EN"}},"Name":{"Value":"Footwear closure type","Language":"EN"}}},{"Localized":0,"ID":835248265,"LocalID":0,"Type":"numerical","Value":"6","CategoryFeatureId":"333621","CategoryFeatureGroupID":"17164","SortNo":"111","PresentationValue":"6 mm","RawValue":"6","LocalValue":"6","Description":"","Mandatory":"0","Searchable":"0","Optional":"0","Feature":{"ID":"41060","Sign":"","Measure":{"ID":"24","Sign":"","Signs":{"ID":"3","_":"mm","Language":"EN"}},"Name":{"Value":"Heel drop","Language":"EN"}}},{"Localized":0,"ID":835248240,"LocalID":0,"Type":"y_n","Value":"Y","CategoryFeatureId":"333626","CategoryFeatureGroupID":"17164","SortNo":"97","PresentationValue":"Yes","RawValue":"Y","LocalValue":"Yes","Description":"","Mandatory":"0","Searchable":"0","Optional":"0","Feature":{"ID":"41065","Sign":"","Measure":{"ID":"26","Sign":"","Signs":{"ID":"","_":"","Language":"EN"}},"Name":{"Value":"Cushioned insole","Language":"EN"}}},{"Localized":0,"ID":835248282,"LocalID":0,"Type":"y_n","Value":"Y","CategoryFeatureId":"191680","CategoryFeatureGroupID":"17164","SortNo":"25","PresentationValue":"Yes","RawValue":"Y","LocalValue":"Yes","Description":"The product is protected from water, staying dry if liquid is spilt on it or it gets wet in the rain.","Mandatory":"0","Searchable":"0","Optional":"0","Feature":{"ID":"7509","Sign":"","Measure":{"ID":"26","Sign":"","Signs":{"ID":"","_":"","Language":"EN"}},"Name":{"Value":"Waterproof","Language":"EN"}}},{"Localized":0,"ID":835248583,"LocalID":0,"Type":"y_n","Value":"Y","CategoryFeatureId":"158340","CategoryFeatureGroupID":"17164","SortNo":"15","PresentationValue":"Yes","RawValue":"Y","LocalValue":"Yes","Description":"","Mandatory":"0","Searchable":"0","Optional":"0","Feature":{"ID":"21062","Sign":"","Measure":{"ID":"26","Sign":"","Signs":{"ID":"","_":"","Language":"EN"}},"Name":{"Value":"Breathable","Language":"EN"}}}]},{"ID":34344,"SortNo":"40","FeatureGroup":{"ID":"119","Name":{"Value":"Material","Language":"EN"}},"Features":[{"Localized":0,"ID":835248345,"LocalID":0,"Type":"multi_dropdown","Value":"Mesh,Textile","CategoryFeatureId":"196763","CategoryFeatureGroupID":"34344","SortNo":"200","PresentationValue":"Mesh, Textile","RawValue":"Mesh,Textile","LocalValue":"Mesh, Textile","Description":"The material the upper part of the shoe is made of, e.g. leather, canvas or mesh.","Mandatory":"1","Searchable":"0","Optional":"0","Feature":{"ID":"29975","Sign":"","Measure":{"ID":"29","Sign":"","Signs":{"ID":"","_":"","Language":"EN"}},"Name":{"Value":"Upper material","Language":"EN"}}}]},{"ID":17169,"SortNo":"10","FeatureGroup":{"ID":"14","Name":{"Value":"Weight & dimensions","Language":"EN"}},"Features":[{"Localized":0,"ID":835248278,"LocalID":0,"Type":"numerical","Value":"308","CategoryFeatureId":"158237","CategoryFeatureGroupID":"17169","SortNo":"5","PresentationValue":"308 g","RawValue":"308","LocalValue":"308","Description":"Weight of the product without packaging (net weight). If possible, the net weight is given including standard accessories and supplies. Please note that sometimes the manufacturer leaves out the weight of accessories and/or supplies.","Mandatory":"0","Searchable":"0","Optional":"0","Feature":{"ID":"94","Sign":"","Measure":{"ID":"38","Sign":"","Signs":{"ID":"22","_":"g","Language":"EN"}},"Name":{"Value":"Weight","Language":"EN"}}}]}],"FeatureLogos":[],"ReasonsToBuy":[],"Reviews":[],"ProductRelated":[],"CatalogObjectCloud":{},"Variants":[],"ProductStory":[],"Dictionary":{"model_name":"Product name","desc":"Description","ean_code":"EAN/UPC code","flash360":"3D tour","demo_msg_part3":"If you don't have an Icecat account, please register here for free.","repairability_index":"Repairability index","zoom_panel_init":"Original size","cat_name":"Category","product_family":"Product family","back_to_top":"Back to top","zoom_panel_out":"Zoom out","specs":"Specs","eu_product_fiche":"EU Product Fiche","reviews_head_name":"Reviews","pdf_specs":"Product Brochure","zoom_panel_in":"Zoom in","html_content":"","release_date":"Release date","demo_msg_part1":"You are using now a Demo account. Please, use your own Icecat account","demo_insert_desc":"This is a demo of a seamless insert of an Icecat LIVE product data-sheet in your website. Imagine that this responsive data-sheet is included in the product page of your webshop.","pdf_url":"User manual","prod_code":"Product code","supplier_name":"Brand","video":"Video","reasons_to_buy":"Reasons to buy","marketing_text":"Description","options_head_name":"Options","product_series":"Product series","demo_msg_part2":"your Icecat login name","link_integrate_desk":"How to integrate Icecat LIVE JavaScript.","zoom_panel_dragg":"Mouse dragging","eu_energy_label":"EU Energy Label"},"DemoAccount":false}}