{"msg":"OK","data":{"GeneralInfo":{"IcecatId":122445696,"ReleaseDate":"","EndOfLifeDate":"","Title":"Apple AirPods (4th generation) AirPods 4 Headset Wireless In-ear Calls/Music/Sport/Everyday Bluetooth White","TitleInfo":{"GeneratedIntTitle":"Apple AirPods (4th generation) AirPods 4","GeneratedLocalTitle":{"Value":"Apple AirPods (4th generation) AirPods 4","Language":"EN"},"BrandLocalTitle":{"Value":"","Language":"EN"}},"Brand":"Apple","BrandID":"9","BrandLogo":"https://inishop.com/img/brand/thumb/9_d14b59ec69c0456b8775a7210bbba1e9.jpg","BrandInfo":{"BrandName":"Apple","BrandLocalName":"","BrandLogo":"https://inishop.com/img/brand/thumb/9_d14b59ec69c0456b8775a7210bbba1e9.jpg"},"ProductName":"AirPods 4","ProductNameInfo":{"ProductIntName":"AirPods 4","ProductLocalName":{"Value":"AirPods 4","Language":"EN"}},"BrandPartCode":"MXP63DN/A","GTIN":["0195949688485","195949688485"],"Category":{"CategoryID":"1637","Name":{"Value":"Headphones & Headsets","Language":"EN"}},"ProductFamily":{"ProductFamilyID":"76951","Value":"AirPods (4th generation)","Language":"EN"},"ProductSeries":{"SeriesID":"0"},"Description":{"ID":"96756300","LongDesc":"<b>Iconic.<br>Now supersonic.</b><br><br><b>A completely transformed audio experience.</b><br><br><b>Immersive, theater-like sound.</b><br>Personalized Spatial Audio with dynamic head tracking places sound all around you, creating a three-dimensional listening experience for music, TV shows, movies, games, and more.","LongProductName":"Apple Siri, Bluetooth 5.3, H2, IP54, USB-C","MiddleDesc":"","Disclaimer":"","ManualPDFURL":"","ManualPDFSize":"0","LeafletPDFURL":"","PDFSize":"0","URL":"https://www.apple.com/airpods-4/","WarrantyInfo":"","Updated":"2024-09-16 15:50:28","Language":"EN"},"SummaryDescription":{"ShortSummaryDescription":"Apple AirPods (4th generation) AirPods 4, Wireless, Calls/Music/Sport/Everyday, Headset, White","LongSummaryDescription":"Apple AirPods (4th generation) AirPods 4. Product type: Headset. Connectivity technology: Wireless, Bluetooth. Recommended usage: Calls/Music/Sport/Everyday, Product colour: White"},"BulletPoints":{},"GeneratedBulletPoints":{"Language":"EN","Values":["White Calls/Music/Sport/Everyday In-ear Headset","Wireless Bluetooth 5.3","Intraaural Earbuds","Microphone type: Built-in","Built-in battery"]},"GTINs":[{"GTIN":"0195949688485","IsApproved":true},{"GTIN":"195949688485","IsApproved":true},{"GTIN":"5715063682838","IsApproved":false}]},"Image":{"HighPic":"https://inishop.com/img/gallery/cac6c58e446bb45ee78b5a622f60db96c9428d8b.jpg","HighPicSize":"895274","HighPicHeight":"2846","HighPicWidth":"3041","LowPic":"https://inishop.com/img/gallery_lows/1a965333a832f3a7a0dd211fc5986b4e2e81771d.jpg","LowPicSize":"11740","LowPicHeight":"187","LowPicWidth":"200","Pic500x500":"https://inishop.com/img/gallery_mediums/65a947873a37f8cbdf3ab43c651acc057c904358.jpg","Pic500x500Size":"46542","Pic500x500Height":"468","Pic500x500Width":"500","ThumbPic":"https://inishop.com/img/gallery_thumbs/6d1d6b82e127aff3891a308be779dcb272715ba0.jpg","ThumbPicSize":"3434"},"Multimedia":[],"Gallery":[{"ID":"95490860","LowPic":"https://inishop.com/img/gallery_lows/1a965333a832f3a7a0dd211fc5986b4e2e81771d.jpg","LowSize":"11740","LowHeight":"187","LowWidth":"200","ThumbPic":"https://inishop.com/img/gallery_thumbs/6d1d6b82e127aff3891a308be779dcb272715ba0.jpg","ThumbPicSize":"3434","Pic":"https://inishop.com/img/gallery/cac6c58e446bb45ee78b5a622f60db96c9428d8b.jpg","Size":"895274","PicHeight":"2846","PicWidth":"3041","Pic500x500":"https://inishop.com/img/gallery_mediums/65a947873a37f8cbdf3ab43c651acc057c904358.jpg","Pic500x500Size":"46542","Pic500x500Height":"468","Pic500x500Width":"500","No":"1","IsMain":"Y","Updated":"2025-04-25 10:31:57","IsPrivate":"0","Type":"ProductImage","Attributes":{"OriginalFileName":""}},{"ID":"95490861","LowPic":"https://inishop.com/img/gallery_lows/a920598e2d8e6153a7b534db8ff5732ce8ca7424.jpg","LowSize":"11589","LowHeight":"200","LowWidth":"193","ThumbPic":"https://inishop.com/img/gallery_thumbs/7ab1be091845d4367b64d7fc082e2b33f9237457.jpg","ThumbPicSize":"3214","Pic":"https://inishop.com/img/gallery/1b58e3a5084ff4d68f1d73f7868b091f3114cdde.jpg","Size":"655807","PicHeight":"2778","PicWidth":"2681","Pic500x500":"https://inishop.com/img/gallery_mediums/8fc0e018b90ac9a3e8c92096124f520f091535a8.jpg","Pic500x500Size":"43870","Pic500x500Height":"500","Pic500x500Width":"483","No":"2","IsMain":"N","Updated":"2025-04-25 10:32:03","IsPrivate":"0","Type":"ProductImage","Attributes":{"OriginalFileName":""}}],"FeaturesGroups":[{"ID":10774,"SortNo":"60","FeatureGroup":{"ID":"184","Name":{"Value":"Performance","Language":"EN"}},"Features":[{"Localized":0,"ID":683627950,"LocalID":0,"Type":"dropdown","Value":"Headset","CategoryFeatureId":"320952","CategoryFeatureGroupID":"10774","SortNo":"300","PresentationValue":"Headset","RawValue":"Headset","LocalValue":"Headset","Description":"The sub-category of the product.","Mandatory":"1","Searchable":"1","Optional":"0","Feature":{"ID":"14052","Sign":"","Measure":{"ID":"29","Sign":"","Signs":{"ID":"","_":"","Language":"EN"}},"Name":{"Value":"Product type","Language":"EN"}}},{"Localized":0,"ID":683627940,"LocalID":0,"Type":"dropdown","Value":"In-ear","CategoryFeatureId":"48583","CategoryFeatureGroupID":"10774","SortNo":"294","PresentationValue":"In-ear","RawValue":"In-ear","LocalValue":"In-ear","Description":"The way in which the device is worn.","Mandatory":"1","Searchable":"1","Optional":"0","Feature":{"ID":"8136","Sign":"","Measure":{"ID":"29","Sign":"","Signs":{"ID":"","_":"","Language":"EN"}},"Name":{"Value":"Wearing style","Language":"EN"}}},{"Localized":0,"ID":683627942,"LocalID":0,"Type":"dropdown","Value":"Calls/Music/Sport/Everyday","CategoryFeatureId":"320937","CategoryFeatureGroupID":"10774","SortNo":"291","PresentationValue":"Calls/Music/Sport/Everyday","RawValue":"Calls/Music/Sport/Everyday","LocalValue":"Calls/Music/Sport/Everyday","Description":"What the product should be used for, and how it should be used (e.g. ambient temperature).","Mandatory":"1","Searchable":"1","Optional":"0","Feature":{"ID":"8480","Sign":"","Measure":{"ID":"29","Sign":"","Signs":{"ID":"","_":"","Language":"EN"}},"Name":{"Value":"Recommended usage","Language":"EN"}}},{"Localized":0,"ID":683627939,"LocalID":0,"Type":"dropdown","Value":"Binaural","CategoryFeatureId":"48578","CategoryFeatureGroupID":"10774","SortNo":"288","PresentationValue":"Binaural","RawValue":"Binaural","LocalValue":"Binaural","Description":"A headset is headphones combined with a microphone, or one headphone with a microphone. Headsets provide the equivalent functionality of a telephone handset but with hands-free operation. Types of headsets include single earpiece (monaural) and double earpiece.","Mandatory":"0","Searchable":"0","Optional":"0","Feature":{"ID":"8135","Sign":"","Measure":{"ID":"29","Sign":"","Signs":{"ID":"","_":"","Language":"EN"}},"Name":{"Value":"Headset type","Language":"EN"}}},{"Localized":0,"ID":683627924,"LocalID":0,"Type":"multi_dropdown","Value":"White","CategoryFeatureId":"41175","CategoryFeatureGroupID":"10774","SortNo":"280","PresentationValue":"White","RawValue":"White","LocalValue":"White","Description":"The colour e.g. red, blue, green, black, white.","Mandatory":"1","Searchable":"0","Optional":"0","Feature":{"ID":"1766","Sign":"","Measure":{"ID":"29","Sign":"","Signs":{"ID":"","_":"","Language":"EN"}},"Name":{"Value":"Product colour","Language":"EN"}}},{"Localized":0,"ID":683627931,"LocalID":0,"Type":"dropdown","Value":"Touch","CategoryFeatureId":"43294","CategoryFeatureGroupID":"10774","SortNo":"276","PresentationValue":"Touch","RawValue":"Touch","LocalValue":"Touch","Description":"","Mandatory":"0","Searchable":"0","Optional":"0","Feature":{"ID":"2587","Sign":"","Measure":{"ID":"29","Sign":"","Signs":{"ID":"","_":"","Language":"EN"}},"Name":{"Value":"Volume control","Language":"EN"}}},{"Localized":0,"ID":683627932,"LocalID":0,"Type":"dropdown","Value":"Touch","CategoryFeatureId":"255483","CategoryFeatureGroupID":"10774","SortNo":"274","PresentationValue":"Touch","RawValue":"Touch","LocalValue":"Touch","Description":"The way in which the device is controlled.","Mandatory":"0","Searchable":"0","Optional":"0","Feature":{"ID":"2651","Sign":"","Measure":{"ID":"29","Sign":"","Signs":{"ID":"","_":"","Language":"EN"}},"Name":{"Value":"Control type","Language":"EN"}}},{"Localized":0,"ID":683627938,"LocalID":0,"Type":"multi_dropdown","Value":"Dust resistant,Sweat resistant,Water resistant","CategoryFeatureId":"238777","CategoryFeatureGroupID":"10774","SortNo":"258","PresentationValue":"Dust resistant, Sweat resistant, Water resistant","RawValue":"Dust resistant,Sweat resistant,Water resistant","LocalValue":"Dust resistant, Sweat resistant, Water resistant","Description":"Physical effects from which the product is protected e.g. water resistant, crash proof.","Mandatory":"0","Searchable":"0","Optional":"0","Feature":{"ID":"8072","Sign":"","Measure":{"ID":"29","Sign":"","Signs":{"ID":"","_":"","Language":"EN"}},"Name":{"Value":"Protection features","Language":"EN"}}},{"Localized":0,"ID":683627937,"LocalID":0,"Type":"dropdown","Value":"IP54","CategoryFeatureId":"320978","CategoryFeatureGroupID":"10774","SortNo":"252","PresentationValue":"IP54","RawValue":"IP54","LocalValue":"IP54","Description":"The IP code classifies and rates the degree of protection provided against the intrusion (including body parts such as hands and fingers), dust, accidental contact, and water by mechanical casings and electrical enclosures. It is published by the International Electrotechnical Commission (IEC). The digits (characteristic numerals) indicate conformity with the conditions summarized in the tables below. Where there is no protection rating with regard to one of the criteria, the digit is replaced with the letter X. an electrical socket rated IP22 is protected against insertion of fingers and will not be damaged or become unsafe during a specified test in which it is exposed to vertically or nearly vertically dripping water. Another example is the Sony Xperia Z Ultra, one of the first cellular phones to be IP-rated; it is rated at IP58 and marketed as \"dust resistant\" and can be \"immersed in 1.5 meter of freshwater for up to 30 minutes\".","Mandatory":"0","Searchable":"0","Optional":"0","Feature":{"ID":"7900","Sign":"","Measure":{"ID":"29","Sign":"","Signs":{"ID":"","_":"","Language":"EN"}},"Name":{"Value":"International Protection (IP) code","Language":"EN"}}},{"Localized":0,"ID":683627965,"LocalID":0,"Type":"y_n","Value":"Y","CategoryFeatureId":"926490","CategoryFeatureGroupID":"10774","SortNo":"98","PresentationValue":"Yes","RawValue":"Y","LocalValue":"Yes","Description":"","Mandatory":"0","Searchable":"0","Optional":"0","Feature":{"ID":"41678","Sign":"","Measure":{"ID":"26","Sign":"","Signs":{"ID":"","_":"","Language":"EN"}},"Name":{"Value":"BeamForming","Language":"EN"}}},{"Localized":0,"ID":683627945,"LocalID":0,"Type":"y_n","Value":"Y","CategoryFeatureId":"321177","CategoryFeatureGroupID":"10774","SortNo":"20","PresentationValue":"Yes","RawValue":"Y","LocalValue":"Yes","Description":"","Mandatory":"0","Searchable":"0","Optional":"0","Feature":{"ID":"9731","Sign":"","Measure":{"ID":"26","Sign":"","Signs":{"ID":"","_":"","Language":"EN"}},"Name":{"Value":"Accelerometer","Language":"EN"}}},{"Localized":0,"ID":683627967,"LocalID":0,"Type":"y_n","Value":"Y","CategoryFeatureId":"685305","CategoryFeatureGroupID":"10774","SortNo":"16","PresentationValue":"Yes","RawValue":"Y","LocalValue":"Yes","Description":"","Mandatory":"0","Searchable":"0","Optional":"0","Feature":{"ID":"42775","Sign":"","Measure":{"ID":"26","Sign":"","Signs":{"ID":"","_":"","Language":"EN"}},"Name":{"Value":"Optical sensor","Language":"EN"}}},{"Localized":0,"ID":683627946,"LocalID":0,"Type":"y_n","Value":"Y","CategoryFeatureId":"803900","CategoryFeatureGroupID":"10774","SortNo":"15","PresentationValue":"Yes","RawValue":"Y","LocalValue":"Yes","Description":"Device that detects moving objects, particularly people. A motion detector is often integrated as a component of a system that automatically performs a task or alerts a user of motion in an area. Motion detectors form a vital component of security, automated lighting control, home control, energy efficiency, and other useful systems.","Mandatory":"0","Searchable":"0","Optional":"0","Feature":{"ID":"9831","Sign":"","Measure":{"ID":"26","Sign":"","Signs":{"ID":"","_":"","Language":"EN"}},"Name":{"Value":"Motion sensor","Language":"EN"}}},{"Localized":0,"ID":683627953,"LocalID":0,"Type":"dropdown","Value":"Apple H2","CategoryFeatureId":"321208","CategoryFeatureGroupID":"10774","SortNo":"5","PresentationValue":"Apple H2","RawValue":"Apple H2","LocalValue":"Apple H2","Description":"","Mandatory":"0","Searchable":"0","Optional":"0","Feature":{"ID":"25338","Sign":"","Measure":{"ID":"29","Sign":"","Signs":{"ID":"","_":"","Language":"EN"}},"Name":{"Value":"Audio chip","Language":"EN"}}},{"Localized":0,"ID":683627972,"LocalID":0,"Type":"y_n","Value":"Y","CategoryFeatureId":"940592","CategoryFeatureGroupID":"10774","SortNo":"5","PresentationValue":"Yes","RawValue":"Y","LocalValue":"Yes","Description":"","Mandatory":"0","Searchable":"0","Optional":"0","Feature":{"ID":"47120","Sign":"","Measure":{"ID":"26","Sign":"","Signs":{"ID":"","_":"","Language":"EN"}},"Name":{"Value":"Personalized Spatial Audio","Language":"EN"}}},{"Localized":0,"ID":683627973,"LocalID":0,"Type":"y_n","Value":"Y","CategoryFeatureId":"967688","CategoryFeatureGroupID":"10774","SortNo":"5","PresentationValue":"Yes","RawValue":"Y","LocalValue":"Yes","Description":"","Mandatory":"0","Searchable":"0","Optional":"0","Feature":{"ID":"48325","Sign":"","Measure":{"ID":"26","Sign":"","Signs":{"ID":"","_":"","Language":"EN"}},"Name":{"Value":"Adaptive EQ","Language":"EN"}}},{"Localized":0,"ID":683627964,"LocalID":0,"Type":"y_n","Value":"Y","CategoryFeatureId":"708870","CategoryFeatureGroupID":"10774","SortNo":"-26","PresentationValue":"Yes","RawValue":"Y","LocalValue":"Yes","Description":"","Mandatory":"0","Searchable":"0","Optional":"0","Feature":{"ID":"41622","Sign":"","Measure":{"ID":"26","Sign":"","Signs":{"ID":"","_":"","Language":"EN"}},"Name":{"Value":"Works with Apple Siri","Language":"EN"}}}]},{"ID":6264,"SortNo":"40","FeatureGroup":{"ID":"12","Name":{"Value":"Ports & interfaces","Language":"EN"}},"Features":[{"Localized":0,"ID":683627922,"LocalID":0,"Type":"dropdown","Value":"Wireless","CategoryFeatureId":"155712","CategoryFeatureGroupID":"6264","SortNo":"298","PresentationValue":"Wireless","RawValue":"Wireless","LocalValue":"Wireless","Description":"The technology that enables connectivity of the device, e.g. wired or wireless.","Mandatory":"1","Searchable":"1","Optional":"0","Feature":{"ID":"1655","Sign":"","Measure":{"ID":"29","Sign":"","Signs":{"ID":"","_":"","Language":"EN"}},"Name":{"Value":"Connectivity technology","Language":"EN"}}},{"Localized":0,"ID":683627927,"LocalID":0,"Type":"y_n","Value":"Y","CategoryFeatureId":"199418","CategoryFeatureGroupID":"6264","SortNo":"286","PresentationValue":"Yes","RawValue":"Y","LocalValue":"Yes","Description":"Bluetooth is a low-power radio technology developed to replace the cables and wires currently used to link or connect electronic devices such as personal computers, printers, and a wide variety of handheld devices including mobile phones. Because it uses radio-wave connectivity, a Bluetooth-enabled device has a constant, established connection to whatever browser it uses. This saves the user the trouble of logging on to check for emails or news updates, for example.","Mandatory":"0","Searchable":"0","Optional":"0","Feature":{"ID":"2183","Sign":"","Measure":{"ID":"26","Sign":"","Signs":{"ID":"","_":"","Language":"EN"}},"Name":{"Value":"Bluetooth","Language":"EN"}}},{"Localized":0,"ID":683627917,"LocalID":0,"Type":"dropdown","Value":"5.3","CategoryFeatureId":"43224","CategoryFeatureGroupID":"6264","SortNo":"285","PresentationValue":"5.3","RawValue":"5.3","LocalValue":"5.3","Description":"The type of bluetooth technology in the product e.g. Bluetooth Smart (v4.0).","Mandatory":"0","Searchable":"0","Optional":"0","Feature":{"ID":"1208","Sign":"","Measure":{"ID":"29","Sign":"","Signs":{"ID":"","_":"","Language":"EN"}},"Name":{"Value":"Bluetooth version","Language":"EN"}}}]},{"ID":5109,"SortNo":"30","FeatureGroup":{"ID":"71","Name":{"Value":"Headphones","Language":"EN"}},"Features":[{"Localized":0,"ID":683627929,"LocalID":0,"Type":"dropdown","Value":"Intraaural","CategoryFeatureId":"42691","CategoryFeatureGroupID":"5109","SortNo":"50","PresentationValue":"Intraaural","RawValue":"Intraaural","LocalValue":"Intraaural","Description":"Ear coupling describes the way in which headphones or earphones stay attached to, or inside, the ear. There are three common types of ear coupling: circumaural, supra-aural and intra-aural. Circumaural headphones enclose your ears with large pads that suppress external noise. Supra-aural headphones are typically more lightweight and sit on top of the ears with small pads. Intra-aural headphones come in two basic designs and neither style sits on the head itself. The first are ear buds, which sit just outside of the ear canal, on top of your ear lobes. The second type is actually inserted directly into the ear canal and offers some external noise suppression.","Mandatory":"1","Searchable":"0","Optional":"0","Feature":{"ID":"2527","Sign":"","Measure":{"ID":"29","Sign":"","Signs":{"ID":"","_":"","Language":"EN"}},"Name":{"Value":"Ear coupling","Language":"EN"}}},{"Localized":0,"ID":683627944,"LocalID":0,"Type":"dropdown","Value":"Earbuds","CategoryFeatureId":"320959","CategoryFeatureGroupID":"5109","SortNo":"50","PresentationValue":"Earbuds","RawValue":"Earbuds","LocalValue":"Earbuds","Description":"","Mandatory":"0","Searchable":"0","Optional":"0","Feature":{"ID":"9714","Sign":"","Measure":{"ID":"29","Sign":"","Signs":{"ID":"","_":"","Language":"EN"}},"Name":{"Value":"Intraaural headphones type","Language":"EN"}}}]},{"ID":5110,"SortNo":"28","FeatureGroup":{"ID":"70","Name":{"Value":"Microphone","Language":"EN"}},"Features":[{"Localized":0,"ID":683627952,"LocalID":0,"Type":"dropdown","Value":"Built-in microphone","CategoryFeatureId":"320987","CategoryFeatureGroupID":"5110","SortNo":"297","PresentationValue":"Built-in","RawValue":"Built-in microphone","LocalValue":"Built-in","Description":"The characteristics of the microphone bulit into the device in terms of the reception of signals from all or just one direction, i.e. omnidirectional (better for concerts and the like vs unidirectional, more suitable for voice recording.","Mandatory":"1","Searchable":"1","Optional":"0","Feature":{"ID":"15803","Sign":"","Measure":{"ID":"29","Sign":"","Signs":{"ID":"","_":"","Language":"EN"}},"Name":{"Value":"Microphone type","Language":"EN"}}}]},{"ID":6263,"SortNo":"24","FeatureGroup":{"ID":"143","Name":{"Value":"Battery","Language":"EN"}},"Features":[{"Localized":0,"ID":683627943,"LocalID":0,"Type":"y_n","Value":"Y","CategoryFeatureId":"321195","CategoryFeatureGroupID":"6263","SortNo":"500","PresentationValue":"Yes","RawValue":"Y","LocalValue":"Yes","Description":"","Mandatory":"0","Searchable":"0","Optional":"0","Feature":{"ID":"9067","Sign":"","Measure":{"ID":"26","Sign":"","Signs":{"ID":"","_":"","Language":"EN"}},"Name":{"Value":"Battery operated","Language":"EN"}}},{"Localized":0,"ID":683627916,"LocalID":0,"Type":"dropdown","Value":"Built-in battery","CategoryFeatureId":"320974","CategoryFeatureGroupID":"6263","SortNo":"490","PresentationValue":"Built-in battery","RawValue":"Built-in battery","LocalValue":"Built-in battery","Description":"Description of battery supplied with the product, such battery form factor (e.g. AA/AAA).","Mandatory":"0","Searchable":"0","Optional":"0","Feature":{"ID":"908","Sign":"","Measure":{"ID":"29","Sign":"","Signs":{"ID":"","_":"","Language":"EN"}},"Name":{"Value":"Battery type","Language":"EN"}}},{"Localized":0,"ID":683627926,"LocalID":0,"Type":"numerical","Value":"5","CategoryFeatureId":"43233","CategoryFeatureGroupID":"6263","SortNo":"13","PresentationValue":"5 h","RawValue":"5","LocalValue":"5","Description":"Number of hours on average for continuous play. This is dependent on the device battery capacity.","Mandatory":"0","Searchable":"0","Optional":"0","Feature":{"ID":"2169","Sign":"","Measure":{"ID":"46","Sign":"","Signs":{"ID":"30","_":"h","Language":"EN"}},"Name":{"Value":"Continuous audio playback time","Language":"EN"}}},{"Localized":0,"ID":683627960,"LocalID":0,"Type":"numerical","Value":"30","CategoryFeatureId":"321205","CategoryFeatureGroupID":"6263","SortNo":"12","PresentationValue":"30 h","RawValue":"30","LocalValue":"30","Description":"","Mandatory":"0","Searchable":"0","Optional":"0","Feature":{"ID":"39891","Sign":"","Measure":{"ID":"46","Sign":"","Signs":{"ID":"30","_":"h","Language":"EN"}},"Name":{"Value":"Continuous audio playback time (with charging case)","Language":"EN"}}},{"Localized":0,"ID":683627961,"LocalID":0,"Type":"numerical","Value":"20","CategoryFeatureId":"321206","CategoryFeatureGroupID":"6263","SortNo":"12","PresentationValue":"20 h","RawValue":"20","LocalValue":"20","Description":"","Mandatory":"0","Searchable":"0","Optional":"0","Feature":{"ID":"39892","Sign":"","Measure":{"ID":"46","Sign":"","Signs":{"ID":"30","_":"h","Language":"EN"}},"Name":{"Value":"Talk time (with charging case)","Language":"EN"}}},{"Localized":0,"ID":683627925,"LocalID":0,"Type":"numerical","Value":"4.5","CategoryFeatureId":"43287","CategoryFeatureGroupID":"6263","SortNo":"1","PresentationValue":"4.5 h","RawValue":"4.5","LocalValue":"4.5","Description":"The total time a battery can power a device for calls. As the device drains the battery during a call, the talktime left in the battery is diminished until the device is turned off or the battery recharged. The longer the talktime the less frequently you will need to recharge. Talktime, expressed in hours and minutes, is much shorter than standby time because transmission requires more power.","Mandatory":"0","Searchable":"0","Optional":"0","Feature":{"ID":"2100","Sign":"","Measure":{"ID":"46","Sign":"","Signs":{"ID":"30","_":"h","Language":"EN"}},"Name":{"Value":"Talk time","Language":"EN"}}},{"Localized":0,"ID":683627935,"LocalID":0,"Type":"y_n","Value":"Y","CategoryFeatureId":"319733","CategoryFeatureGroupID":"6263","SortNo":"0","PresentationValue":"Yes","RawValue":"Y","LocalValue":"Yes","Description":"","Mandatory":"0","Searchable":"0","Optional":"0","Feature":{"ID":"4981","Sign":"","Measure":{"ID":"26","Sign":"","Signs":{"ID":"","_":"","Language":"EN"}},"Name":{"Value":"Fast charging","Language":"EN"}}},{"Localized":0,"ID":683627930,"LocalID":0,"Type":"numerical","Value":"5","CategoryFeatureId":"319735","CategoryFeatureGroupID":"6263","SortNo":"0","PresentationValue":"5 min","RawValue":"5","LocalValue":"5","Description":"","Mandatory":"0","Searchable":"0","Optional":"0","Feature":{"ID":"2553","Sign":"","Measure":{"ID":"66","Sign":"","Signs":{"ID":"49","_":"min","Language":"EN"}},"Name":{"Value":"Fast charging time","Language":"EN"}}},{"Localized":0,"ID":683627949,"LocalID":0,"Type":"y_n","Value":"N","CategoryFeatureId":"320391","CategoryFeatureGroupID":"6263","SortNo":"-24","PresentationValue":"No","RawValue":"N","LocalValue":"No","Description":"","Mandatory":"0","Searchable":"0","Optional":"0","Feature":{"ID":"12148","Sign":"","Measure":{"ID":"26","Sign":"","Signs":{"ID":"","_":"","Language":"EN"}},"Name":{"Value":"Wireless charging","Language":"EN"}}}]},{"ID":72109,"SortNo":"10","FeatureGroup":{"ID":"279","Name":{"Value":"Sustainability","Language":"EN"}},"Features":[{"Localized":0,"ID":683627966,"LocalID":0,"Type":"multi_dropdown","Value":"BFR,Mercury (element),PVC","CategoryFeatureId":"623846","CategoryFeatureGroupID":"72109","SortNo":"-1","PresentationValue":"BFR, Mercury, PVC","RawValue":"BFR,Mercury (element),PVC","LocalValue":"BFR, Mercury, PVC","Description":"","Mandatory":"0","Searchable":"0","Optional":"0","Feature":{"ID":"42516","Sign":"","Measure":{"ID":"29","Sign":"","Signs":{"ID":"","_":"","Language":"EN"}},"Name":{"Value":"Doesn't contain","Language":"EN"}}}]},{"ID":5112,"SortNo":"8","FeatureGroup":{"ID":"14","Name":{"Value":"Weight & dimensions","Language":"EN"}},"Features":[{"Localized":0,"ID":683627920,"LocalID":0,"Type":"numerical","Value":"18.3","CategoryFeatureId":"43302","CategoryFeatureGroupID":"5112","SortNo":"50","PresentationValue":"18.3 mm","RawValue":"18.3","LocalValue":"18.3","Description":"The measurement or extent of something from side to side.","Mandatory":"0","Searchable":"0","Optional":"0","Feature":{"ID":"1649","Sign":"","Measure":{"ID":"24","Sign":"","Signs":{"ID":"3","_":"mm","Language":"EN"}},"Name":{"Value":"Width","Language":"EN"}}},{"Localized":0,"ID":683627921,"LocalID":0,"Type":"numerical","Value":"18.1","CategoryFeatureId":"43235","CategoryFeatureGroupID":"5112","SortNo":"49","PresentationValue":"18.1 mm","RawValue":"18.1","LocalValue":"18.1","Description":"The distance from the front to the back of something.","Mandatory":"0","Searchable":"0","Optional":"0","Feature":{"ID":"1650","Sign":"","Measure":{"ID":"24","Sign":"","Signs":{"ID":"3","_":"mm","Language":"EN"}},"Name":{"Value":"Depth","Language":"EN"}}},{"Localized":0,"ID":683627918,"LocalID":0,"Type":"numerical","Value":"30.2","CategoryFeatureId":"43257","CategoryFeatureGroupID":"5112","SortNo":"48","PresentationValue":"30.2 mm","RawValue":"30.2","LocalValue":"30.2","Description":"The measurement of the product from head to foot or from base to top.","Mandatory":"0","Searchable":"0","Optional":"0","Feature":{"ID":"1464","Sign":"","Measure":{"ID":"24","Sign":"","Signs":{"ID":"3","_":"mm","Language":"EN"}},"Name":{"Value":"Height","Language":"EN"}}},{"Localized":0,"ID":683627956,"LocalID":0,"Type":"numerical","Value":"4.3","CategoryFeatureId":"321171","CategoryFeatureGroupID":"5112","SortNo":"16","PresentationValue":"4.3 g","RawValue":"4.3","LocalValue":"4.3","Description":"","Mandatory":"0","Searchable":"0","Optional":"0","Feature":{"ID":"34155","Sign":"","Measure":{"ID":"38","Sign":"","Signs":{"ID":"22","_":"g","Language":"EN"}},"Name":{"Value":"Left earpiece weight","Language":"EN"}}},{"Localized":0,"ID":683627957,"LocalID":0,"Type":"numerical","Value":"4.3","CategoryFeatureId":"321172","CategoryFeatureGroupID":"5112","SortNo":"15","PresentationValue":"4.3 g","RawValue":"4.3","LocalValue":"4.3","Description":"","Mandatory":"0","Searchable":"0","Optional":"0","Feature":{"ID":"34156","Sign":"","Measure":{"ID":"38","Sign":"","Signs":{"ID":"22","_":"g","Language":"EN"}},"Name":{"Value":"Right earpiece weight","Language":"EN"}}},{"Localized":0,"ID":683627958,"LocalID":0,"Type":"3d","Value":"50.1 x 21.2 x 46.2","CategoryFeatureId":"321173","CategoryFeatureGroupID":"5112","SortNo":"14","PresentationValue":"50.1 x 21.2 x 46.2 mm","RawValue":"50.1 x 21.2 x 46.2","LocalValue":"50.1 x 21.2 x 46.2","Description":"","Mandatory":"0","Searchable":"0","Optional":"0","Feature":{"ID":"34159","Sign":"","Measure":{"ID":"24","Sign":"","Signs":{"ID":"3","_":"mm","Language":"EN"}},"Name":{"Value":"Charging case dimensions (W x D x H)","Language":"EN"}}},{"Localized":0,"ID":683627948,"LocalID":0,"Type":"numerical","Value":"32.3","CategoryFeatureId":"321174","CategoryFeatureGroupID":"5112","SortNo":"13","PresentationValue":"32.3 g","RawValue":"32.3","LocalValue":"32.3","Description":"","Mandatory":"0","Searchable":"0","Optional":"0","Feature":{"ID":"11835","Sign":"","Measure":{"ID":"38","Sign":"","Signs":{"ID":"22","_":"g","Language":"EN"}},"Name":{"Value":"Charging case weight","Language":"EN"}}}]},{"ID":12861,"SortNo":"6","FeatureGroup":{"ID":"116","Name":{"Value":"Packaging content","Language":"EN"}},"Features":[{"Localized":0,"ID":683627959,"LocalID":0,"Type":"y_n","Value":"Y","CategoryFeatureId":"321104","CategoryFeatureGroupID":"12861","SortNo":"281","PresentationValue":"Yes","RawValue":"Y","LocalValue":"Yes","Description":"","Mandatory":"0","Searchable":"0","Optional":"0","Feature":{"ID":"34161","Sign":"","Measure":{"ID":"26","Sign":"","Signs":{"ID":"","_":"","Language":"EN"}},"Name":{"Value":"Charging case","Language":"EN"}}},{"Localized":0,"ID":683627962,"LocalID":0,"Type":"dropdown","Value":"Wired","CategoryFeatureId":"321207","CategoryFeatureGroupID":"12861","SortNo":"281","PresentationValue":"Wired","RawValue":"Wired","LocalValue":"Wired","Description":"","Mandatory":"0","Searchable":"0","Optional":"0","Feature":{"ID":"39893","Sign":"","Measure":{"ID":"29","Sign":"","Signs":{"ID":"","_":"","Language":"EN"}},"Name":{"Value":"Charging case type","Language":"EN"}}},{"Localized":0,"ID":683627963,"LocalID":0,"Type":"dropdown","Value":"USB Type-C","CategoryFeatureId":"321209","CategoryFeatureGroupID":"12861","SortNo":"281","PresentationValue":"USB Type-C","RawValue":"USB Type-C","LocalValue":"USB Type-C","Description":"","Mandatory":"0","Searchable":"0","Optional":"0","Feature":{"ID":"39894","Sign":"","Measure":{"ID":"29","Sign":"","Signs":{"ID":"","_":"","Language":"EN"}},"Name":{"Value":"Charging case connector type","Language":"EN"}}},{"Localized":0,"ID":835227893,"LocalID":0,"Type":"y_n","Value":"N","CategoryFeatureId":"255783","CategoryFeatureGroupID":"12861","SortNo":"15","PresentationValue":"No","RawValue":"N","LocalValue":"No","Description":"","Mandatory":"1","Searchable":"0","Optional":"0","Feature":{"ID":"1230","Sign":"","Measure":{"ID":"26","Sign":"","Signs":{"ID":"","_":"","Language":"EN"}},"Name":{"Value":"AC adapter included","Language":"EN"}}},{"Localized":0,"ID":683627934,"LocalID":0,"Type":"y_n","Value":"Y","CategoryFeatureId":"48597","CategoryFeatureGroupID":"12861","SortNo":"12","PresentationValue":"Yes","RawValue":"Y","LocalValue":"Yes","Description":"Instructions, either online, as a computer program or in paper form, to allow you to set up and start using the product quickly.","Mandatory":"0","Searchable":"0","Optional":"0","Feature":{"ID":"3981","Sign":"","Measure":{"ID":"26","Sign":"","Signs":{"ID":"","_":"","Language":"EN"}},"Name":{"Value":"Quick start guide","Language":"EN"}}},{"Localized":0,"ID":683627923,"LocalID":0,"Type":"numerical","Value":"1","CategoryFeatureId":"82142","CategoryFeatureGroupID":"12861","SortNo":"-5","PresentationValue":"1","RawValue":"1","LocalValue":"1","Description":"The number of products there are.","Mandatory":"0","Searchable":"0","Optional":"0","Feature":{"ID":"1675","Sign":"","Measure":{"ID":"29","Sign":"","Signs":{"ID":"","_":"","Language":"EN"}},"Name":{"Value":"Quantity","Language":"EN"}}}]},{"ID":12862,"SortNo":"0","FeatureGroup":{"ID":"27","Name":{"Value":"Power","Language":"EN"}},"Features":[{"Localized":0,"ID":835250742,"LocalID":0,"Type":"y_n","Value":"Y","CategoryFeatureId":"974955","CategoryFeatureGroupID":"12862","SortNo":"0","PresentationValue":"Yes","RawValue":"Y","LocalValue":"Yes","Description":"","Mandatory":"1","Searchable":"0","Optional":"0","Feature":{"ID":"48505","Sign":"","Measure":{"ID":"26","Sign":"","Signs":{"ID":"","_":"","Language":"EN"}},"Name":{"Value":"USB Type-C charging port","Language":"EN"}}}]}],"FeatureLogos":[{"LogoPic":"https://inishop.com/img/feature_logo/1242-3899.png","Width":"0","Height":"0","Size":"0","ThumbPic":"https://inishop.com/img/feature_logo_thumbs/1242-3899.png","FeatureID":"1230","Value":"N","KeyLogo":0,"Description":{"Value":"DIRECTIVE (EU) 2022/2380 OF THE EUROPEAN PARLIAMENT AND OF THE COUNCIL of 23 November 2022 (Part III)","Language":"EN"}}],"ReasonsToBuy":[{"ReasonToBuyID":"80921962","Value":"The powerful H2 chip comes to AirPods 4, making audio and calls sound better than ever. With a range of intelligent features, AirPods 4 adapt to virtually any listening environment — even when you want complete silence.","HighPic":"https://inishop.com/img/bullets/122445696-66e837a17862e346660108.jpg","HighPicSize":"0","No":"1","Title":"A roaring leap in capabilities.","Language":"EN","Updated":"2024-09-16 15:50:25","Origin":"RTB","IsPrivate":"0"},{"ReasonToBuyID":"80921963","Value":"Using advanced computational audio, Voice Isolation minimizes background noise while clarifying the sound of your voice. So you’ll be easier to understand when you’re speaking in loud or windy conditions.","HighPic":"https://inishop.com/img/bullets/122445696-66e837a178ba0278917719.jpg","HighPicSize":"0","No":"2","Title":"Superclear call quality.","Language":"EN","Updated":"2024-09-16 15:50:25","Origin":"RTB","IsPrivate":"0"},{"ReasonToBuyID":"80921964","Value":"The entirely new acoustic architecture uses an Apple-designed low-distortion driver powered by a custom high dynamic range amplifier. Put simply, you hear music in exceptional detail, with deeper bass and crystal-clear highs.","HighPic":"https://inishop.com/img/bullets/122445696-66e837a179030240762783.jpg","HighPicSize":"0","No":"3","Title":"Enjoy every note, beat, and vibe.","Language":"EN","Updated":"2024-09-16 15:50:25","Origin":"RTB","IsPrivate":"0"},{"ReasonToBuyID":"80921965","Value":"Adaptive EQ automatically tunes music to your ears. Inward-facing microphones detect what you’re hearing, then adjust low and midrange frequencies to deliver rich detail in every song.","HighPic":"https://inishop.com/img/bullets/122445696-66e837a179472567301377.jpg","HighPicSize":"0","No":"4","Title":"Calibrates music to your ears.","Language":"EN","Updated":"2024-09-16 15:50:25","Origin":"RTB","IsPrivate":"0"}],"Reviews":[],"ProductRelated":[],"CatalogObjectCloud":{},"Variants":[],"ProductStory":[],"Dictionary":{"model_name":"Product name","desc":"Description","ean_code":"EAN/UPC code","flash360":"3D tour","demo_msg_part3":"If you don't have an Icecat account, please register here for free.","repairability_index":"Repairability index","zoom_panel_init":"Original size","cat_name":"Category","product_family":"Product family","back_to_top":"Back to top","zoom_panel_out":"Zoom out","specs":"Specs","eu_product_fiche":"EU Product Fiche","reviews_head_name":"Reviews","pdf_specs":"Product Brochure","zoom_panel_in":"Zoom in","html_content":"","release_date":"Release date","demo_msg_part1":"You are using now a Demo account. Please, use your own Icecat account","demo_insert_desc":"This is a demo of a seamless insert of an Icecat LIVE product data-sheet in your website. Imagine that this responsive data-sheet is included in the product page of your webshop.","pdf_url":"User manual","prod_code":"Product code","supplier_name":"Brand","video":"Video","reasons_to_buy":"Reasons to buy","marketing_text":"Description","options_head_name":"Options","product_series":"Product series","demo_msg_part2":"your Icecat login name","link_integrate_desk":"How to integrate Icecat LIVE JavaScript.","zoom_panel_dragg":"Mouse dragging","eu_energy_label":"EU Energy Label"},"DemoAccount":false}}