{"msg":"OK","data":{"GeneralInfo":{"IcecatId":101411598,"ReleaseDate":"","EndOfLifeDate":"","Title":"Samsung Galaxy A13 5G 16.5 cm (6.5\") Dual SIM USB Type-C 4 GB 64 GB 5000 mAh Black","TitleInfo":{"GeneratedIntTitle":"Samsung Galaxy A13 5G","GeneratedLocalTitle":{"Value":"Samsung Galaxy A13 5G 16.5 cm (6.5\") Dual SIM USB Type-C 4 GB 64 GB 5000 mAh Black","Language":"EN"},"BrandLocalTitle":{"Value":"","Language":"EN"}},"Brand":"Samsung","BrandID":"26","BrandLogo":"https://images.icecat.biz/img/brand/thumb/26_c012d76b332e4624b88a05c9932c9266.jpg","BrandInfo":{"BrandName":"Samsung","BrandLocalName":"","BrandLogo":"https://images.icecat.biz/img/brand/thumb/26_c012d76b332e4624b88a05c9932c9266.jpg"},"ProductName":"A13 5G","ProductNameInfo":{"ProductIntName":"A13 5G","ProductLocalName":{"Value":"","Language":"EN"}},"BrandPartCode":"SM-A136BZKUEUE","GTIN":["8806094387292"],"Category":{"CategoryID":"1893","Name":{"Value":"Smartphones","Language":"EN"}},"ProductFamily":{"ProductFamilyID":"63895","Value":"Galaxy","Language":"EN"},"ProductSeries":{"SeriesID":"7715","Value":"A13 5G","Language":"EN"},"Description":{"ID":"87856594","LongDesc":"<b>A battery that gives your charger a break</b><br>Redefine “rise and shine” with a long-lasting battery that’ll keep you ready for what comes your way throughout your day — spur-of-the-moment photo ops, on-the-go work — all the while enjoying your entertainment every step of the way. And when you don’t have time to waste, Fast Charging does just that – fast charging at 15W.<br><br><b>On the scene in 5G</b><br>Galaxy A13 5G is our most affordable 5G phone, offering you the blazing-fast speed and connectivity you need at a price you’ll love.<br><br><b>Storage built for nostalgia</b><br>The expandable storage of Galaxy A13 5G helps you make the most out of a trip down memory lane. It comes loaded with 64GB of internal memory, with room for up to 1TB more when you add a microSD card, so you can savor each smile, cherish every vacation and remember all the moments you’ve captured.<br><br><b>Triple lens camera. Countless possibilities.</b><br>Get comfortable being your group’s go to, one person camera crew. With a triple lens camera system, you’ve got the shot, every time. Whether you’re snapping cityscapes, landscapes or family moments, \"say cheese\" is your new catchphrase.<br><br><b>Press play and be amazed</b><br>Enjoy your entertainment, vids and pics all in a crisp, edge to edge with an adaptive 90Hz Infinity-V HD+ display. Now that’s dream come true screen time worth experiencing for yourself.<br><br><b>Modern style. Practical function.</b><br>You can see Galaxy A13 5G was created with function and style in mind. Its simple durable design and silky smooth finish make it a delight to handle and hold.<br><br><b>We get straight A’s in Security</b><br>Galaxy A Series helps protect your data with multilayered Knox Security. Also, with Private Share, you can set time limits and expiration dates on all shared files, revoke access at any time and ensure the intended recipient is the only one who can open your files and they cannot send or screenshot your stuff.","LongProductName":"6.5\" (720 x 1600 PLS), 2 GHz + 2.2 GHz (CPU), Dual SIM, 50 / 2 / 2 / 5 MP, Wi-Fi (802.11ac), Bluetooth 5.0, USB 2.0 Type C, NFC, Android","MiddleDesc":"","Disclaimer":"","ManualPDFURL":"","ManualPDFSize":"0","LeafletPDFURL":"","PDFSize":"0","URL":"https://www.samsung.com","WarrantyInfo":"","Updated":"2022-08-09 10:06:40","Language":"EN"},"SummaryDescription":{"ShortSummaryDescription":"Samsung Galaxy A13 5G , 16.5 cm (6.5\"), 720 x 1600 pixels, 4 GB, 64 GB, 50 MP, Black","LongSummaryDescription":"Samsung Galaxy A13 5G . Display diagonal: 16.5 cm (6.5\"), Display resolution: 720 x 1600 pixels. Processor frequency: 2.2 GHz. RAM capacity: 4 GB, Internal storage capacity: 64 GB. Rear camera resolution (numeric): 50 MP, Rear camera type: Triple camera. SIM card capability: Dual SIM. Battery capacity: 5000 mAh. Product colour: Black. Weight: 195 g"},"BulletPoints":{"BulletPointsId":"6749209","Language":"EN","Values":["A battery that gives your charger a break","On the scene in 5G","Storage built for nostalgia","Triple lens camera. Countless possibilities","Press play and be amazed","Modern style. Practical function","We get straight A’s in Security"],"Updated":"2022-08-09 10:06:40"},"GeneratedBulletPoints":{"Language":"EN","Values":["16.5 cm (6.5\") 720 x 1600 pixels","2.2 GHz","4 GB 64 GB MicroSD (TransFlash) 1 TB","5G Dual SIM NanoSIM","802.11a, 802.11b, 802.11g, Wi-Fi 4 (802.11n), Wi-Fi 5 (802.11ac) Bluetooth 5.0 Near Field Communication (NFC)","Triple camera 50 MP 2 MP 2 MP","5000 mAh"]},"GTINs":[{"GTIN":"8806094387292","IsApproved":true}]},"Image":{"HighPic":"https://images.icecat.biz/img/gallery/767a968bc8b4f7e868b82bb45b4ee146041f07f4.jpg","HighPicSize":"1181751","HighPicHeight":"1427","HighPicWidth":"1138","LowPic":"https://images.icecat.biz/img/gallery_lows/5e7b89c37e51a4326dad5d2ae1eba467bfadf56f.jpg","LowPicSize":"24233","LowPicHeight":"200","LowPicWidth":"159","Pic500x500":"https://images.icecat.biz/img/gallery_mediums/885822417671a40070338ed87bed8c767b09a933.jpg","Pic500x500Size":"141855","Pic500x500Height":"500","Pic500x500Width":"399","ThumbPic":"https://images.icecat.biz/img/gallery_thumbs/2da8959caec556d254ec3763edd4402dcf30275c.jpg","ThumbPicSize":"5225"},"Multimedia":[{"ID":"00000000-0000-0000-0000-000000000000","URL":"https://icecat.biz/rest/product-pdf?productId=101411598&lang=en","Type":"leaflet","ContentType":"application/pdf","KeepAsUrl":"0","Description":"Brochure Samsung SM-A136BZKUEUE","Size":"0","IsPrivate":"0","Updated":"2025-09-10 13:49:54","Language":"EN","IsVideo":0}],"Gallery":[{"ID":"65592489","LowPic":"https://images.icecat.biz/img/gallery_lows/5e7b89c37e51a4326dad5d2ae1eba467bfadf56f.jpg","LowSize":"24233","LowHeight":"200","LowWidth":"159","ThumbPic":"https://images.icecat.biz/img/gallery_thumbs/2da8959caec556d254ec3763edd4402dcf30275c.jpg","ThumbPicSize":"5225","Pic":"https://images.icecat.biz/img/gallery/767a968bc8b4f7e868b82bb45b4ee146041f07f4.jpg","Size":"1181751","PicHeight":"1427","PicWidth":"1138","Pic500x500":"https://images.icecat.biz/img/gallery_mediums/885822417671a40070338ed87bed8c767b09a933.jpg","Pic500x500Size":"141855","Pic500x500Height":"500","Pic500x500Width":"399","No":"1","IsMain":"Y","Updated":"2024-09-20 08:52:35","IsPrivate":"0","Type":"ProductImage","Attributes":{"OriginalFileName":""}},{"ID":"65592490","LowPic":"https://images.icecat.biz/img/gallery_lows/b79df28f017deafd5c8b4c056222574becfa7adf.jpg","LowSize":"20634","LowHeight":"200","LowWidth":"103","ThumbPic":"https://images.icecat.biz/img/gallery_thumbs/5025bd71c5db2755336f321a10ff8fb634369268.jpg","ThumbPicSize":"4788","Pic":"https://images.icecat.biz/img/gallery/4115a729a6cf20e0dca9c24648855ad7c1d99dc5.jpg","Size":"1009574","PicHeight":"1418","PicWidth":"731","Pic500x500":"https://images.icecat.biz/img/gallery_mediums/02369ef9f16d0c9dc92b8b223bfa94aa586cf0a8.jpg","Pic500x500Size":"121980","Pic500x500Height":"500","Pic500x500Width":"258","No":"2","IsMain":"N","Updated":"2024-09-20 08:52:35","IsPrivate":"0","Type":"ProductImage","Attributes":{"OriginalFileName":""}},{"ID":"65592484","LowPic":"https://images.icecat.biz/img/gallery_lows/4f4c7fc5710a096283bd4ffa5ebd1dc13aea05d1.jpg","LowSize":"17518","LowHeight":"200","LowWidth":"90","ThumbPic":"https://images.icecat.biz/img/gallery_thumbs/971f962a3ce43b45928b2248becfdaeeedfe5bc8.jpg","ThumbPicSize":"4295","Pic":"https://images.icecat.biz/img/gallery/7b3837ba756a3f9e3482a0e8e07660ef9932d1b8.jpg","Size":"901431","PicHeight":"1474","PicWidth":"666","Pic500x500":"https://images.icecat.biz/img/gallery_mediums/835759115a59d1035449c6aeb2a3ab9c842cc9dc.jpg","Pic500x500Size":"102023","Pic500x500Height":"500","Pic500x500Width":"226","No":"3","IsMain":"N","Updated":"2024-09-20 08:52:41","IsPrivate":"0","Type":"ProductImage","Attributes":{"OriginalFileName":""}},{"ID":"65592487","LowPic":"https://images.icecat.biz/img/gallery_lows/406dc50c3e156ae5042024bfcc25e3b9cf7058a4.jpg","LowSize":"17953","LowHeight":"200","LowWidth":"91","ThumbPic":"https://images.icecat.biz/img/gallery_thumbs/abe127b91b455b879357903893b80ffd64572c69.jpg","ThumbPicSize":"4126","Pic":"https://images.icecat.biz/img/gallery/cda4e1e92a460620650e04361e1893ad62549f61.jpg","Size":"891780","PicHeight":"1474","PicWidth":"667","Pic500x500":"https://images.icecat.biz/img/gallery_mediums/2e406558aa3c0174afd1ce6eb47c7f4684dc059d.jpg","Pic500x500Size":"101919","Pic500x500Height":"500","Pic500x500Width":"226","No":"4","IsMain":"N","Updated":"2024-09-20 08:52:42","IsPrivate":"0","Type":"ProductImage","Attributes":{"OriginalFileName":""}},{"ID":"65592485","LowPic":"https://images.icecat.biz/img/gallery_lows/f54cba9b82582ab5a0e27078e4329ff9b758a136.jpg","LowSize":"5319","LowHeight":"200","LowWidth":"103","ThumbPic":"https://images.icecat.biz/img/gallery_thumbs/de9192fa482b950bb9d8f7298aa12f1842cc3abc.jpg","ThumbPicSize":"1766","Pic":"https://images.icecat.biz/img/gallery/56b126fe06e68483ad1ba122ad31f03227feee6b.jpg","Size":"204335","PicHeight":"1418","PicWidth":"730","Pic500x500":"https://images.icecat.biz/img/gallery_mediums/73e745906daf4fcadd8f72a49deda8646d2305f3.jpg","Pic500x500Size":"25195","Pic500x500Height":"500","Pic500x500Width":"257","No":"5","IsMain":"N","Updated":"2024-09-20 08:52:48","IsPrivate":"0","Type":"ProductImage","Attributes":{"OriginalFileName":""}},{"ID":"65592491","LowPic":"https://images.icecat.biz/img/gallery_lows/dd6fea6302d53b171abe9a8c479cdbfd96d2d3b6.jpg","LowSize":"5374","LowHeight":"200","LowWidth":"90","ThumbPic":"https://images.icecat.biz/img/gallery_thumbs/7fb4fd35e941f98fd8761419b16da0d66276de22.jpg","ThumbPicSize":"1808","Pic":"https://images.icecat.biz/img/gallery/18e4c4bd70e08cc6895bc4af7d6c32a465c18026.jpg","Size":"182102","PicHeight":"1469","PicWidth":"663","Pic500x500":"https://images.icecat.biz/img/gallery_mediums/5ab4a86e139f6cd060987639622b026d75f9c04e.jpg","Pic500x500Size":"22373","Pic500x500Height":"500","Pic500x500Width":"226","No":"6","IsMain":"N","Updated":"2024-09-20 08:53:04","IsPrivate":"0","Type":"ProductImage","Attributes":{"OriginalFileName":""}},{"ID":"65592488","LowPic":"https://images.icecat.biz/img/gallery_lows/644b7ec8fafefff6ad063686976ccb6d1d3cf1a7.jpg","LowSize":"5241","LowHeight":"200","LowWidth":"90","ThumbPic":"https://images.icecat.biz/img/gallery_thumbs/19a43c72c1045dc0fcb53d6b345b6ff35a5df9ea.jpg","ThumbPicSize":"1696","Pic":"https://images.icecat.biz/img/gallery/229ce478bb9aab776d9ebbedbfb188c9e3bfcd32.jpg","Size":"181028","PicHeight":"1469","PicWidth":"662","Pic500x500":"https://images.icecat.biz/img/gallery_mediums/22aa0c6f0c7d4740888ca0c5550b35185e45d8f0.jpg","Pic500x500Size":"21877","Pic500x500Height":"500","Pic500x500Width":"225","No":"7","IsMain":"N","Updated":"2024-09-20 08:53:03","IsPrivate":"0","Type":"ProductImage","Attributes":{"OriginalFileName":""}},{"ID":"65592486","LowPic":"https://images.icecat.biz/img/gallery_lows/adbe23df1098bd19ac2d1bc284366cf6aea75068.jpg","LowSize":"2179","LowHeight":"200","LowWidth":"72","ThumbPic":"https://images.icecat.biz/img/gallery_thumbs/f58b039ab603d05704c4f6d3259994cdaf74b823.jpg","ThumbPicSize":"826","Pic":"https://images.icecat.biz/img/gallery/d3009be6a50ad83b811593b0968584daa09bcad0.jpg","Size":"45894","PicHeight":"1505","PicWidth":"542","Pic500x500":"https://images.icecat.biz/img/gallery_mediums/4c88ac18897af8566859d128c0fb0e6bd7870833.jpg","Pic500x500Size":"7137","Pic500x500Height":"500","Pic500x500Width":"180","No":"8","IsMain":"N","Updated":"2024-09-20 08:53:18","IsPrivate":"0","Type":"ProductImage","Attributes":{"OriginalFileName":""}},{"ID":"65592483","LowPic":"https://images.icecat.biz/img/gallery_lows/101411486_4113046483.jpg","LowSize":"1866","LowHeight":"160","LowWidth":"200","ThumbPic":"https://images.icecat.biz/img/gallery_thumbs/101411486_4113046483.jpg","ThumbPicSize":"765","Pic":"https://images.icecat.biz/img/gallery/101411486_4113046483.jpg","Size":"77101","PicHeight":"1641","PicWidth":"2052","Pic500x500":"https://images.icecat.biz/img/gallery_mediums/101411486_4113046483.jpg","Pic500x500Size":"6430","Pic500x500Height":"400","Pic500x500Width":"500","No":"9","IsMain":"N","Updated":"2022-08-09 10:06:40","IsPrivate":"0","Type":"ProductImage","Attributes":{"OriginalFileName":""}}],"FeaturesGroups":[{"ID":6883,"SortNo":"100","FeatureGroup":{"ID":"5","Name":{"Value":"Display","Language":"EN"}},"Features":[{"Localized":0,"ID":495008406,"LocalID":0,"Type":"numerical","Value":"6.5","CategoryFeatureId":"51494","CategoryFeatureGroupID":"6883","SortNo":"500","PresentationValue":"16.5 cm (6.5\")","RawValue":"6.5","LocalValue":"16.5","Description":"Size of the display for this product, measured diagonally, usually in inches.","Mandatory":"1","Searchable":"1","Optional":"0","Feature":{"ID":"944","Sign":"","Measure":{"ID":"16","Sign":"","Signs":{"ID":"11","_":"\"","Language":"EN"}},"Name":{"Value":"Display diagonal","Language":"EN"}}},{"Localized":0,"ID":495008408,"LocalID":0,"Type":"dropdown","Value":"Flat screen","CategoryFeatureId":"166023","CategoryFeatureGroupID":"6883","SortNo":"32","PresentationValue":"Flat","RawValue":"Flat screen","LocalValue":"Flat","Description":"","Mandatory":"0","Searchable":"0","Optional":"0","Feature":{"ID":"17554","Sign":"","Measure":{"ID":"29","Sign":"","Signs":{"ID":"","_":"","Language":"EN"}},"Name":{"Value":"Screen shape","Language":"EN"}}},{"Localized":0,"ID":622867286,"LocalID":0,"Type":"dropdown","Value":"PLS","CategoryFeatureId":"949514","CategoryFeatureGroupID":"6883","SortNo":"30","PresentationValue":"PLS","RawValue":"PLS","LocalValue":"PLS","Description":"","Mandatory":"0","Searchable":"0","Optional":"0","Feature":{"ID":"15285","Sign":"","Measure":{"ID":"29","Sign":"","Signs":{"ID":"","_":"","Language":"EN"}},"Name":{"Value":"Panel type","Language":"EN"}}},{"Localized":0,"ID":495008407,"LocalID":0,"Type":"2d","Value":"720 x 1600","CategoryFeatureId":"51495","CategoryFeatureGroupID":"6883","SortNo":"26","PresentationValue":"720 x 1600 pixels","RawValue":"720 x 1600","LocalValue":"720 x 1600","Description":"The number of distinct pixels in each dimension that can be displayed. It is usually quoted as width × height, with the units in pixels: for example, \"1024 × 768\" means the width is 1024 pixels and the height is 768 pixels. The higher the number of pixels, the sharper the image.","Mandatory":"1","Searchable":"1","Optional":"0","Feature":{"ID":"1585","Sign":"","Measure":{"ID":"39","Sign":"","Signs":{"ID":"23","_":"pixels","Language":"EN"}},"Name":{"Value":"Display resolution","Language":"EN"}}},{"Localized":0,"ID":495008410,"LocalID":0,"Type":"dropdown","Value":"16 million colours","CategoryFeatureId":"154140","CategoryFeatureGroupID":"6883","SortNo":"24","PresentationValue":"16 million colours","RawValue":"16 million colours","LocalValue":"16 million colours","Description":"","Mandatory":"0","Searchable":"0","Optional":"0","Feature":{"ID":"24847","Sign":"","Measure":{"ID":"29","Sign":"","Signs":{"ID":"","_":"","Language":"EN"}},"Name":{"Value":"Display number of colours","Language":"EN"}}},{"Localized":0,"ID":495008413,"LocalID":0,"Type":"numerical","Value":"90","CategoryFeatureId":"329450","CategoryFeatureGroupID":"6883","SortNo":"21","PresentationValue":"90 Hz","RawValue":"90","LocalValue":"90","Description":"","Mandatory":"0","Searchable":"0","Optional":"0","Feature":{"ID":"7450","Sign":"","Measure":{"ID":"36","Sign":"","Signs":{"ID":"20","_":"Hz","Language":"EN"}},"Name":{"Value":"Maximum refresh rate","Language":"EN"}}},{"Localized":0,"ID":495008414,"LocalID":0,"Type":"y_n","Value":"Y","CategoryFeatureId":"226810","CategoryFeatureGroupID":"6883","SortNo":"-2","PresentationValue":"Yes","RawValue":"Y","LocalValue":"Yes","Description":"","Mandatory":"0","Searchable":"0","Optional":"0","Feature":{"ID":"33690","Sign":"","Measure":{"ID":"26","Sign":"","Signs":{"ID":"","_":"","Language":"EN"}},"Name":{"Value":"Rounded display corners","Language":"EN"}}}]},{"ID":6884,"SortNo":"96","FeatureGroup":{"ID":"1","Name":{"Value":"Processor","Language":"EN"}},"Features":[{"Localized":0,"ID":495008428,"LocalID":0,"Type":"numerical","Value":"8","CategoryFeatureId":"93997","CategoryFeatureGroupID":"6884","SortNo":"300","PresentationValue":"8","RawValue":"8","LocalValue":"8","Description":"The number of central processing units ('cores') in a processor. Some processors have 1 core, others have 2 (e.g. Intel Core Duo) or more (e.g. the Intel Xeon E7-2850 has 10 cores).","Mandatory":"0","Searchable":"0","Optional":"0","Feature":{"ID":"6089","Sign":"","Measure":{"ID":"29","Sign":"","Signs":{"ID":"","_":"","Language":"EN"}},"Name":{"Value":"Processor cores","Language":"EN"}}},{"Localized":0,"ID":495008425,"LocalID":0,"Type":"numerical","Value":"2.2","CategoryFeatureId":"73732","CategoryFeatureGroupID":"6884","SortNo":"285","PresentationValue":"2.2 GHz","RawValue":"2.2","LocalValue":"2.2","Description":"The speed that the microprocessor executes each instruction or each vibration of the clock. The CPU requires a fixed number of clock ticks, or cycles, to execute each instruction. The faster the clocks rate, the faster the CPU, or the faster it can execute instructions. Clock Speeds are usually determined in MHz, 1 MHz representing 1 million cycles per second, or in GHz, 1 GHz representing 1 thousand million cycles per second. The higher the CPU speed, the better a computer will perform.","Mandatory":"1","Searchable":"0","Optional":"0","Feature":{"ID":"11379","Sign":"","Measure":{"ID":"37","Sign":"","Signs":{"ID":"21","_":"GHz","Language":"EN"}},"Name":{"Value":"Processor frequency","Language":"EN"}}}]},{"ID":6887,"SortNo":"92","FeatureGroup":{"ID":"47","Name":{"Value":"Storage","Language":"EN"}},"Features":[{"Localized":0,"ID":495008431,"LocalID":0,"Type":"numerical","Value":"4","CategoryFeatureId":"180947","CategoryFeatureGroupID":"6887","SortNo":"40","PresentationValue":"4 GB","RawValue":"4","LocalValue":"4","Description":"","Mandatory":"1","Searchable":"1","Optional":"0","Feature":{"ID":"7861","Sign":"","Measure":{"ID":"20","Sign":"","Signs":{"ID":"7","_":"GB","Language":"EN"}},"Name":{"Value":"RAM capacity","Language":"EN"}}},{"Localized":0,"ID":495008432,"LocalID":0,"Type":"numerical","Value":"64","CategoryFeatureId":"51697","CategoryFeatureGroupID":"6887","SortNo":"38","PresentationValue":"64 GB","RawValue":"64","LocalValue":"64","Description":"The amount e.g of data which can be stored inside the device.","Mandatory":"1","Searchable":"1","Optional":"0","Feature":{"ID":"8730","Sign":"","Measure":{"ID":"20","Sign":"","Signs":{"ID":"7","_":"GB","Language":"EN"}},"Name":{"Value":"Internal storage capacity","Language":"EN"}}},{"Localized":0,"ID":495008434,"LocalID":0,"Type":"multi_dropdown","Value":"MicroSD (TransFlash)","CategoryFeatureId":"51501","CategoryFeatureGroupID":"6887","SortNo":"20","PresentationValue":"MicroSD (TransFlash)","RawValue":"MicroSD (TransFlash)","LocalValue":"MicroSD (TransFlash)","Description":"Types of memory cards which can be used with this product.","Mandatory":"1","Searchable":"0","Optional":"0","Feature":{"ID":"730","Sign":"","Measure":{"ID":"29","Sign":"","Signs":{"ID":"","_":"","Language":"EN"}},"Name":{"Value":"Compatible memory cards","Language":"EN"}}},{"Localized":0,"ID":495008435,"LocalID":0,"Type":"numerical","Value":"1000","CategoryFeatureId":"51502","CategoryFeatureGroupID":"6887","SortNo":"16","PresentationValue":"1 TB","RawValue":"1000","LocalValue":"1","Description":"The maximum size of memory card that can be used with this device.","Mandatory":"0","Searchable":"0","Optional":"0","Feature":{"ID":"7021","Sign":"","Measure":{"ID":"20","Sign":"","Signs":{"ID":"7","_":"GB","Language":"EN"}},"Name":{"Value":"Maximum memory card size","Language":"EN"}}}]},{"ID":6888,"SortNo":"88","FeatureGroup":{"ID":"95","Name":{"Value":"Camera","Language":"EN"}},"Features":[{"Localized":0,"ID":495008439,"LocalID":0,"Type":"numerical","Value":"50","CategoryFeatureId":"175570","CategoryFeatureGroupID":"6888","SortNo":"10500","PresentationValue":"50 MP","RawValue":"50","LocalValue":"50","Description":"The resolution of the images produced with the rear camera, given in MP (megapixel. 1 MP = 1 million pixels).","Mandatory":"1","Searchable":"0","Optional":"0","Feature":{"ID":"12435","Sign":"","Measure":{"ID":"165","Sign":"","Signs":{"ID":"3126","_":"MP","Language":"EN"}},"Name":{"Value":"Rear camera resolution (numeric)","Language":"EN"}}},{"Localized":0,"ID":495008441,"LocalID":0,"Type":"numerical","Value":"2","CategoryFeatureId":"175584","CategoryFeatureGroupID":"6888","SortNo":"10495","PresentationValue":"2 MP","RawValue":"2","LocalValue":"2","Description":"","Mandatory":"0","Searchable":"0","Optional":"0","Feature":{"ID":"27588","Sign":"","Measure":{"ID":"165","Sign":"","Signs":{"ID":"3126","_":"MP","Language":"EN"}},"Name":{"Value":"Second rear camera resolution (numeric)","Language":"EN"}}},{"Localized":0,"ID":495008442,"LocalID":0,"Type":"numerical","Value":"2","CategoryFeatureId":"249788","CategoryFeatureGroupID":"6888","SortNo":"10490","PresentationValue":"2 MP","RawValue":"2","LocalValue":"2","Description":"","Mandatory":"0","Searchable":"0","Optional":"0","Feature":{"ID":"35935","Sign":"","Measure":{"ID":"165","Sign":"","Signs":{"ID":"3126","_":"MP","Language":"EN"}},"Name":{"Value":"Third rear camera resolution (numeric)","Language":"EN"}}},{"Localized":0,"ID":495008443,"LocalID":0,"Type":"numerical","Value":"1.8","CategoryFeatureId":"175601","CategoryFeatureGroupID":"6888","SortNo":"10470","PresentationValue":"1.8","RawValue":"1.8","LocalValue":"1.8","Description":"","Mandatory":"0","Searchable":"0","Optional":"0","Feature":{"ID":"27597","Sign":"","Measure":{"ID":"29","Sign":"","Signs":{"ID":"","_":"","Language":"EN"}},"Name":{"Value":"Rear camera aperture number","Language":"EN"}}},{"Localized":0,"ID":495008444,"LocalID":0,"Type":"numerical","Value":"2.4","CategoryFeatureId":"175602","CategoryFeatureGroupID":"6888","SortNo":"10460","PresentationValue":"2.4","RawValue":"2.4","LocalValue":"2.4","Description":"","Mandatory":"0","Searchable":"0","Optional":"0","Feature":{"ID":"27598","Sign":"","Measure":{"ID":"29","Sign":"","Signs":{"ID":"","_":"","Language":"EN"}},"Name":{"Value":"Second rear camera aperture number","Language":"EN"}}},{"Localized":0,"ID":495008445,"LocalID":0,"Type":"numerical","Value":"2.4","CategoryFeatureId":"249789","CategoryFeatureGroupID":"6888","SortNo":"10455","PresentationValue":"2.4","RawValue":"2.4","LocalValue":"2.4","Description":"","Mandatory":"0","Searchable":"0","Optional":"0","Feature":{"ID":"35936","Sign":"","Measure":{"ID":"29","Sign":"","Signs":{"ID":"","_":"","Language":"EN"}},"Name":{"Value":"Third rear camera aperture number","Language":"EN"}}},{"Localized":0,"ID":495008454,"LocalID":0,"Type":"numerical","Value":"10","CategoryFeatureId":"51756","CategoryFeatureGroupID":"6888","SortNo":"10392","PresentationValue":"10x","RawValue":"10","LocalValue":"10","Description":"Indicates the digital zoom capacity, the number of times that the picture is enlarged thanks to digital technology.","Mandatory":"0","Searchable":"0","Optional":"0","Feature":{"ID":"48","Sign":"","Measure":{"ID":"33","Sign":"","Signs":{"ID":"17","_":"x","Language":"EN"}},"Name":{"Value":"Digital zoom","Language":"EN"}}},{"Localized":0,"ID":495008455,"LocalID":0,"Type":"dropdown","Value":"Single camera","CategoryFeatureId":"222716","CategoryFeatureGroupID":"6888","SortNo":"10300","PresentationValue":"Single camera","RawValue":"Single camera","LocalValue":"Single camera","Description":"Indicates the type of the camera at the front of the product, dual or single.","Mandatory":"1","Searchable":"0","Optional":"0","Feature":{"ID":"33562","Sign":"","Measure":{"ID":"29","Sign":"","Signs":{"ID":"","_":"","Language":"EN"}},"Name":{"Value":"Front camera type","Language":"EN"}}},{"Localized":0,"ID":495008461,"LocalID":0,"Type":"numerical","Value":"5","CategoryFeatureId":"175580","CategoryFeatureGroupID":"6888","SortNo":"10297","PresentationValue":"5 MP","RawValue":"5","LocalValue":"5","Description":"","Mandatory":"1","Searchable":"0","Optional":"0","Feature":{"ID":"12437","Sign":"","Measure":{"ID":"165","Sign":"","Signs":{"ID":"3126","_":"MP","Language":"EN"}},"Name":{"Value":"Front camera resolution (numeric)","Language":"EN"}}},{"Localized":0,"ID":495008462,"LocalID":0,"Type":"numerical","Value":"2","CategoryFeatureId":"175652","CategoryFeatureGroupID":"6888","SortNo":"10290","PresentationValue":"2","RawValue":"2","LocalValue":"2","Description":"","Mandatory":"0","Searchable":"0","Optional":"0","Feature":{"ID":"27601","Sign":"","Measure":{"ID":"29","Sign":"","Signs":{"ID":"","_":"","Language":"EN"}},"Name":{"Value":"Front camera aperture number","Language":"EN"}}},{"Localized":0,"ID":495008463,"LocalID":0,"Type":"y_n","Value":"Y","CategoryFeatureId":"257040","CategoryFeatureGroupID":"6888","SortNo":"10200","PresentationValue":"Yes","RawValue":"Y","LocalValue":"Yes","Description":"Whether or not the rear camera features its own flash.","Mandatory":"1","Searchable":"0","Optional":"0","Feature":{"ID":"36602","Sign":"","Measure":{"ID":"26","Sign":"","Signs":{"ID":"","_":"","Language":"EN"}},"Name":{"Value":"Rear camera flash","Language":"EN"}}},{"Localized":0,"ID":495008464,"LocalID":0,"Type":"dropdown","Value":"LED","CategoryFeatureId":"51506","CategoryFeatureGroupID":"6888","SortNo":"10195","PresentationValue":"LED","RawValue":"LED","LocalValue":"LED","Description":"","Mandatory":"0","Searchable":"0","Optional":"0","Feature":{"ID":"6697","Sign":"","Measure":{"ID":"29","Sign":"","Signs":{"ID":"","_":"","Language":"EN"}},"Name":{"Value":"Flash type","Language":"EN"}}},{"Localized":0,"ID":495008469,"LocalID":0,"Type":"2d","Value":"1920 x 1080","CategoryFeatureId":"54001","CategoryFeatureGroupID":"6888","SortNo":"10100","PresentationValue":"1920 x 1080 pixels","RawValue":"1920 x 1080","LocalValue":"1920 x 1080","Description":"","Mandatory":"0","Searchable":"0","Optional":"0","Feature":{"ID":"1597","Sign":"","Measure":{"ID":"39","Sign":"","Signs":{"ID":"23","_":"pixels","Language":"EN"}},"Name":{"Value":"Video capture resolution (max)","Language":"EN"}}},{"Localized":0,"ID":495008470,"LocalID":0,"Type":"numerical","Value":"30","CategoryFeatureId":"51713","CategoryFeatureGroupID":"6888","SortNo":"10097","PresentationValue":"30 fps","RawValue":"30","LocalValue":"30","Description":"This is the maximum frame rate, also known as frame frequency and frames per second (FPS). It is the frequency (rate) at which an imaging device produces unique consecutive images called frames. The term applies equally well to film and video cameras, computer graphics, and motion capture systems. Frame rate is most often expressed in frames per second (FPS) and is also expressed in progressive scan monitors as hertz (Hz).","Mandatory":"0","Searchable":"0","Optional":"0","Feature":{"ID":"7515","Sign":"","Measure":{"ID":"85","Sign":"","Signs":{"ID":"67","_":"fps","Language":"EN"}},"Name":{"Value":"Maximum frame rate","Language":"EN"}}},{"Localized":0,"ID":495008471,"LocalID":0,"Type":"multi_dropdown","Value":"1280x720@30fps,1920x1080@30fps","CategoryFeatureId":"106230","CategoryFeatureGroupID":"6888","SortNo":"10095","PresentationValue":"1280x720@30fps, 1920x1080@30fps","RawValue":"1280x720@30fps,1920x1080@30fps","LocalValue":"1280x720@30fps, 1920x1080@30fps","Description":"","Mandatory":"0","Searchable":"0","Optional":"0","Feature":{"ID":"2963","Sign":"","Measure":{"ID":"29","Sign":"","Signs":{"ID":"","_":"","Language":"EN"}},"Name":{"Value":"Resolution at capture speed","Language":"EN"}}},{"Localized":0,"ID":495008472,"LocalID":0,"Type":"multi_dropdown","Value":"720p,1080p","CategoryFeatureId":"51508","CategoryFeatureGroupID":"6888","SortNo":"10094","PresentationValue":"720p, 1080p","RawValue":"720p,1080p","LocalValue":"720p, 1080p","Description":"","Mandatory":"0","Searchable":"0","Optional":"0","Feature":{"ID":"8745","Sign":"","Measure":{"ID":"29","Sign":"","Signs":{"ID":"","_":"","Language":"EN"}},"Name":{"Value":"Video recording modes","Language":"EN"}}},{"Localized":0,"ID":495008438,"LocalID":0,"Type":"dropdown","Value":"Triple camera","CategoryFeatureId":"175569","CategoryFeatureGroupID":"6888","SortNo":"200","PresentationValue":"Triple camera","RawValue":"Triple camera","LocalValue":"Triple camera","Description":"Indicates the type of the camera at the back of the product, dual or single.","Mandatory":"1","Searchable":"1","Optional":"0","Feature":{"ID":"27587","Sign":"","Measure":{"ID":"29","Sign":"","Signs":{"ID":"","_":"","Language":"EN"}},"Name":{"Value":"Rear camera type","Language":"EN"}}},{"Localized":0,"ID":495008473,"LocalID":0,"Type":"y_n","Value":"Y","CategoryFeatureId":"51507","CategoryFeatureGroupID":"6888","SortNo":"195","PresentationValue":"Yes","RawValue":"Y","LocalValue":"Yes","Description":"Device focusing a camera or other piece of equipment automatically.","Mandatory":"0","Searchable":"0","Optional":"0","Feature":{"ID":"1614","Sign":"","Measure":{"ID":"26","Sign":"","Signs":{"ID":"","_":"","Language":"EN"}},"Name":{"Value":"Auto focus","Language":"EN"}}},{"Localized":0,"ID":495008492,"LocalID":0,"Type":"y_n","Value":"Y","CategoryFeatureId":"51555","CategoryFeatureGroupID":"6888","SortNo":"0","PresentationValue":"Yes","RawValue":"Y","LocalValue":"Yes","Description":"","Mandatory":"0","Searchable":"0","Optional":"0","Feature":{"ID":"8697","Sign":"","Measure":{"ID":"26","Sign":"","Signs":{"ID":"","_":"","Language":"EN"}},"Name":{"Value":"Geotagging","Language":"EN"}}}]},{"ID":6890,"SortNo":"84","FeatureGroup":{"ID":"35","Name":{"Value":"Network","Language":"EN"}},"Features":[{"Localized":0,"ID":495008474,"LocalID":0,"Type":"dropdown","Value":"Dual SIM","CategoryFeatureId":"115466","CategoryFeatureGroupID":"6890","SortNo":"497","PresentationValue":"Dual SIM","RawValue":"Dual SIM","LocalValue":"Dual SIM","Description":"How many SIM cards the device can hold.","Mandatory":"1","Searchable":"1","Optional":"0","Feature":{"ID":"19653","Sign":"","Measure":{"ID":"29","Sign":"","Signs":{"ID":"","_":"","Language":"EN"}},"Name":{"Value":"SIM card capability","Language":"EN"}}},{"Localized":0,"ID":495008475,"LocalID":0,"Type":"dropdown","Value":"5G","CategoryFeatureId":"328674","CategoryFeatureGroupID":"6890","SortNo":"105","PresentationValue":"5G","RawValue":"5G","LocalValue":"5G","Description":"","Mandatory":"1","Searchable":"1","Optional":"0","Feature":{"ID":"40629","Sign":"","Measure":{"ID":"29","Sign":"","Signs":{"ID":"","_":"","Language":"EN"}},"Name":{"Value":"Mobile network generation","Language":"EN"}}},{"Localized":0,"ID":495008476,"LocalID":0,"Type":"dropdown","Value":"NanoSIM","CategoryFeatureId":"56682","CategoryFeatureGroupID":"6890","SortNo":"99","PresentationValue":"NanoSIM","RawValue":"NanoSIM","LocalValue":"NanoSIM","Description":"","Mandatory":"1","Searchable":"0","Optional":"0","Feature":{"ID":"9166","Sign":"","Measure":{"ID":"29","Sign":"","Signs":{"ID":"","_":"","Language":"EN"}},"Name":{"Value":"SIM card type","Language":"EN"}}},{"Localized":0,"ID":495008477,"LocalID":0,"Type":"multi_dropdown","Value":"UMTS,WCDMA","CategoryFeatureId":"95631","CategoryFeatureGroupID":"6890","SortNo":"69","PresentationValue":"UMTS, WCDMA","RawValue":"UMTS,WCDMA","LocalValue":"UMTS, WCDMA","Description":"","Mandatory":"1","Searchable":"0","Optional":"0","Feature":{"ID":"16923","Sign":"","Measure":{"ID":"29","Sign":"","Signs":{"ID":"","_":"","Language":"EN"}},"Name":{"Value":"3G standards","Language":"EN"}}},{"Localized":0,"ID":495008478,"LocalID":0,"Type":"dropdown","Value":"LTE-TDD & LTE-FDD","CategoryFeatureId":"95632","CategoryFeatureGroupID":"6890","SortNo":"68","PresentationValue":"LTE-TDD & LTE-FDD","RawValue":"LTE-TDD & LTE-FDD","LocalValue":"LTE-TDD & LTE-FDD","Description":"","Mandatory":"1","Searchable":"0","Optional":"0","Feature":{"ID":"16922","Sign":"","Measure":{"ID":"29","Sign":"","Signs":{"ID":"","_":"","Language":"EN"}},"Name":{"Value":"4G standard","Language":"EN"}}},{"Localized":0,"ID":495008479,"LocalID":0,"Type":"y_n","Value":"Y","CategoryFeatureId":"51513","CategoryFeatureGroupID":"6890","SortNo":"36","PresentationValue":"Yes","RawValue":"Y","LocalValue":"Yes","Description":"Popular technology that allows an electronic device to exchange data or connect to the internet wirelessly using radio waves.","Mandatory":"0","Searchable":"0","Optional":"1","Feature":{"ID":"3239","Sign":"","Measure":{"ID":"26","Sign":"","Signs":{"ID":"","_":"","Language":"EN"}},"Name":{"Value":"Wi-Fi","Language":"EN"}}},{"Localized":0,"ID":835250849,"LocalID":0,"Type":"dropdown","Value":"Wi-Fi 5 (802.11ac)","CategoryFeatureId":"968001","CategoryFeatureGroupID":"6890","SortNo":"36","PresentationValue":"Wi-Fi 5 (802.11ac)","RawValue":"Wi-Fi 5 (802.11ac)","LocalValue":"Wi-Fi 5 (802.11ac)","Description":"Connection of this device is done via Wi-Fi in a high standard.","Mandatory":"1","Searchable":"0","Optional":"0","Feature":{"ID":"24993","Sign":"","Measure":{"ID":"29","Sign":"","Signs":{"ID":"","_":"","Language":"EN"}},"Name":{"Value":"Top Wi-Fi standard","Language":"EN"}}},{"Localized":0,"ID":495008480,"LocalID":0,"Type":"multi_dropdown","Value":"802.11a,802.11b,802.11g,Wi-Fi 4 (802.11n),Wi-Fi 5 (802.11ac)","CategoryFeatureId":"51514","CategoryFeatureGroupID":"6890","SortNo":"35","PresentationValue":"802.11a, 802.11b, 802.11g, Wi-Fi 4 (802.11n), Wi-Fi 5 (802.11ac)","RawValue":"802.11a,802.11b,802.11g,Wi-Fi 4 (802.11n),Wi-Fi 5 (802.11ac)","LocalValue":"802.11a, 802.11b, 802.11g, Wi-Fi 4 (802.11n), Wi-Fi 5 (802.11ac)","Description":"The type of wireless local area network (LAN). It can be ad-hoc, where units in a network communicate peer-to-peer, or Infrastructure, where units communicate with each other via an access point  A LAN interconnects computers in a small area e.g. home, school or office.","Mandatory":"0","Searchable":"0","Optional":"0","Feature":{"ID":"432","Sign":"","Measure":{"ID":"29","Sign":"","Signs":{"ID":"","_":"","Language":"EN"}},"Name":{"Value":"Wi-Fi standards","Language":"EN"}}},{"Localized":0,"ID":495008481,"LocalID":0,"Type":"y_n","Value":"Y","CategoryFeatureId":"51515","CategoryFeatureGroupID":"6890","SortNo":"33","PresentationValue":"Yes","RawValue":"Y","LocalValue":"Yes","Description":"Bluetooth is a low-power radio technology developed to replace the cables and wires currently used to link or connect electronic devices such as personal computers, printers, and a wide variety of handheld devices including mobile phones. Because it uses radio-wave connectivity, a Bluetooth-enabled device has a constant, established connection to whatever browser it uses. This saves the user the trouble of logging on to check for emails or news updates, for example.","Mandatory":"1","Searchable":"0","Optional":"0","Feature":{"ID":"2183","Sign":"","Measure":{"ID":"26","Sign":"","Signs":{"ID":"","_":"","Language":"EN"}},"Name":{"Value":"Bluetooth","Language":"EN"}}},{"Localized":0,"ID":495008482,"LocalID":0,"Type":"dropdown","Value":"5.0","CategoryFeatureId":"51516","CategoryFeatureGroupID":"6890","SortNo":"32","PresentationValue":"5.0","RawValue":"5.0","LocalValue":"5.0","Description":"The type of bluetooth technology in the product e.g. Bluetooth Smart (v4.0).","Mandatory":"0","Searchable":"0","Optional":"0","Feature":{"ID":"1208","Sign":"","Measure":{"ID":"29","Sign":"","Signs":{"ID":"","_":"","Language":"EN"}},"Name":{"Value":"Bluetooth version","Language":"EN"}}},{"Localized":0,"ID":495008484,"LocalID":0,"Type":"multi_dropdown","Value":"850,900,1900,2100","CategoryFeatureId":"119090","CategoryFeatureGroupID":"6890","SortNo":"8","PresentationValue":"850,900,1900,2100 MHz","RawValue":"850,900,1900,2100","LocalValue":"850,900,1900,2100","Description":"","Mandatory":"0","Searchable":"0","Optional":"0","Feature":{"ID":"8367","Sign":"","Measure":{"ID":"18","Sign":"","Signs":{"ID":"9","_":"MHz","Language":"EN"}},"Name":{"Value":"3G bands supported","Language":"EN"}}},{"Localized":0,"ID":495008485,"LocalID":0,"Type":"multi_dropdown","Value":"700,800,850,900,1800,1900,2100,2300,2500,2600","CategoryFeatureId":"90956","CategoryFeatureGroupID":"6890","SortNo":"6","PresentationValue":"700,800,850,900,1800,1900,2100,2300,2500,2600 MHz","RawValue":"700,800,850,900,1800,1900,2100,2300,2500,2600","LocalValue":"700,800,850,900,1800,1900,2100,2300,2500,2600","Description":"","Mandatory":"0","Searchable":"0","Optional":"0","Feature":{"ID":"14695","Sign":"","Measure":{"ID":"18","Sign":"","Signs":{"ID":"9","_":"MHz","Language":"EN"}},"Name":{"Value":"4G bands supported","Language":"EN"}}},{"Localized":0,"ID":495008486,"LocalID":0,"Type":"multi_dropdown","Value":"700,800,850,900,1800,2100,2300,2600,3500","CategoryFeatureId":"594860","CategoryFeatureGroupID":"6890","SortNo":"5","PresentationValue":"700,800,850,900,1800,2100,2300,2600,3500 MHz","RawValue":"700,800,850,900,1800,2100,2300,2600,3500","LocalValue":"700,800,850,900,1800,2100,2300,2600,3500","Description":"","Mandatory":"0","Searchable":"0","Optional":"0","Feature":{"ID":"42369","Sign":"","Measure":{"ID":"18","Sign":"","Signs":{"ID":"9","_":"MHz","Language":"EN"}},"Name":{"Value":"5G bands supported","Language":"EN"}}},{"Localized":0,"ID":495008483,"LocalID":0,"Type":"y_n","Value":"Y","CategoryFeatureId":"138770","CategoryFeatureGroupID":"6890","SortNo":"0","PresentationValue":"Yes","RawValue":"Y","LocalValue":"Yes","Description":"","Mandatory":"0","Searchable":"0","Optional":"0","Feature":{"ID":"9779","Sign":"","Measure":{"ID":"26","Sign":"","Signs":{"ID":"","_":"","Language":"EN"}},"Name":{"Value":"Wi-Fi Direct","Language":"EN"}}},{"Localized":0,"ID":495008487,"LocalID":0,"Type":"y_n","Value":"Y","CategoryFeatureId":"63985","CategoryFeatureGroupID":"6890","SortNo":"-5","PresentationValue":"Yes","RawValue":"Y","LocalValue":"Yes","Description":"","Mandatory":"0","Searchable":"0","Optional":"0","Feature":{"ID":"10157","Sign":"","Measure":{"ID":"26","Sign":"","Signs":{"ID":"","_":"","Language":"EN"}},"Name":{"Value":"Near Field Communication (NFC)","Language":"EN"}}}]},{"ID":18408,"SortNo":"83","FeatureGroup":{"ID":"211","Name":{"Value":"Subscription","Language":"EN"}},"Features":[{"Localized":0,"ID":495008488,"LocalID":0,"Type":"dropdown","Value":"No subscription","CategoryFeatureId":"55137","CategoryFeatureGroupID":"18408","SortNo":"46","PresentationValue":"No subscription","RawValue":"No subscription","LocalValue":"No subscription","Description":"The type of cellular connection subscription.","Mandatory":"1","Searchable":"0","Optional":"0","Feature":{"ID":"8578","Sign":"","Measure":{"ID":"29","Sign":"","Signs":{"ID":"","_":"","Language":"EN"}},"Name":{"Value":"Subscription type","Language":"EN"}}}]},{"ID":6889,"SortNo":"80","FeatureGroup":{"ID":"12","Name":{"Value":"Ports & interfaces","Language":"EN"}},"Features":[{"Localized":0,"ID":495008489,"LocalID":0,"Type":"y_n","Value":"Y","CategoryFeatureId":"146621","CategoryFeatureGroupID":"6889","SortNo":"70","PresentationValue":"Yes","RawValue":"Y","LocalValue":"Yes","Description":"The device features a socket into which a USB cable can be plugged.","Mandatory":"0","Searchable":"0","Optional":"1","Feature":{"ID":"23798","Sign":"","Measure":{"ID":"26","Sign":"","Signs":{"ID":"","_":"","Language":"EN"}},"Name":{"Value":"USB port","Language":"EN"}}},{"Localized":0,"ID":495008490,"LocalID":0,"Type":"multi_dropdown","Value":"USB Type-C","CategoryFeatureId":"51510","CategoryFeatureGroupID":"6889","SortNo":"60","PresentationValue":"USB Type-C","RawValue":"USB Type-C","LocalValue":"USB Type-C","Description":"The type of USB connector/port that this product has.","Mandatory":"0","Searchable":"0","Optional":"0","Feature":{"ID":"1742","Sign":"","Measure":{"ID":"29","Sign":"","Signs":{"ID":"","_":"","Language":"EN"}},"Name":{"Value":"USB connector type","Language":"EN"}}},{"Localized":0,"ID":495008491,"LocalID":0,"Type":"dropdown","Value":"2.0","CategoryFeatureId":"53993","CategoryFeatureGroupID":"6889","SortNo":"50","PresentationValue":"2.0","RawValue":"2.0","LocalValue":"2.0","Description":"Universal Serial Bus (USB) is an industry standard developed in the mid-1990s that defines the interface used for connection, communication and power supply between computers and electronic devices. Every new version - for example 1.1, 2.0, 3.0 - is much faster than the previous one.","Mandatory":"0","Searchable":"0","Optional":"0","Feature":{"ID":"8541","Sign":"","Measure":{"ID":"29","Sign":"","Signs":{"ID":"","_":"","Language":"EN"}},"Name":{"Value":"USB version","Language":"EN"}}},{"Localized":0,"ID":495008493,"LocalID":0,"Type":"dropdown","Value":"3.5 mm","CategoryFeatureId":"51511","CategoryFeatureGroupID":"6889","SortNo":"16","PresentationValue":"3.5 mm","RawValue":"3.5 mm","LocalValue":"3.5 mm","Description":"How headphones connect to a device e.g. wirelessly or via a cable and connector.","Mandatory":"0","Searchable":"0","Optional":"0","Feature":{"ID":"4163","Sign":"","Measure":{"ID":"29","Sign":"","Signs":{"ID":"","_":"","Language":"EN"}},"Name":{"Value":"Headphone connectivity","Language":"EN"}}}]},{"ID":6919,"SortNo":"75","FeatureGroup":{"ID":"50","Name":{"Value":"Messaging","Language":"EN"}},"Features":[{"Localized":0,"ID":495008494,"LocalID":0,"Type":"y_n","Value":"Y","CategoryFeatureId":"51656","CategoryFeatureGroupID":"6919","SortNo":"100","PresentationValue":"Yes","RawValue":"Y","LocalValue":"Yes","Description":"","Mandatory":"0","Searchable":"0","Optional":"0","Feature":{"ID":"1901","Sign":"","Measure":{"ID":"26","Sign":"","Signs":{"ID":"","_":"","Language":"EN"}},"Name":{"Value":"Short Message Service (SMS)","Language":"EN"}}},{"Localized":0,"ID":495008495,"LocalID":0,"Type":"y_n","Value":"Y","CategoryFeatureId":"146646","CategoryFeatureGroupID":"6919","SortNo":"40","PresentationValue":"Yes","RawValue":"Y","LocalValue":"Yes","Description":"","Mandatory":"0","Searchable":"0","Optional":"0","Feature":{"ID":"23802","Sign":"","Measure":{"ID":"26","Sign":"","Signs":{"ID":"","_":"","Language":"EN"}},"Name":{"Value":"E-mail","Language":"EN"}}}]},{"ID":11005,"SortNo":"71","FeatureGroup":{"ID":"54","Name":{"Value":"Navigation","Language":"EN"}},"Features":[{"Localized":0,"ID":495008419,"LocalID":0,"Type":"y_n","Value":"Y","CategoryFeatureId":"51755","CategoryFeatureGroupID":"11005","SortNo":"30","PresentationValue":"Yes","RawValue":"Y","LocalValue":"Yes","Description":"Global Positioning System (GPS) is a space-based satellite navigation system that provides location and time information in all weather conditions, anywhere on or near the Earth where there is an unobstructed line of sight to four or more GPS satellites. The system provides critical capabilities to military, civil and commercial users around the world. It is maintained by the United States government and is freely accessible to anyone with a GPS receiver.","Mandatory":"0","Searchable":"0","Optional":"0","Feature":{"ID":"3329","Sign":"","Measure":{"ID":"26","Sign":"","Signs":{"ID":"","_":"","Language":"EN"}},"Name":{"Value":"GPS (satellite)","Language":"EN"}}},{"Localized":0,"ID":495008420,"LocalID":0,"Type":"y_n","Value":"Y","CategoryFeatureId":"94591","CategoryFeatureGroupID":"11005","SortNo":"8","PresentationValue":"Yes","RawValue":"Y","LocalValue":"Yes","Description":"","Mandatory":"0","Searchable":"0","Optional":"0","Feature":{"ID":"15618","Sign":"","Measure":{"ID":"26","Sign":"","Signs":{"ID":"","_":"","Language":"EN"}},"Name":{"Value":"GLONASS","Language":"EN"}}},{"Localized":0,"ID":495008421,"LocalID":0,"Type":"y_n","Value":"Y","CategoryFeatureId":"184929","CategoryFeatureGroupID":"11005","SortNo":"8","PresentationValue":"Yes","RawValue":"Y","LocalValue":"Yes","Description":"","Mandatory":"0","Searchable":"0","Optional":"0","Feature":{"ID":"28694","Sign":"","Measure":{"ID":"26","Sign":"","Signs":{"ID":"","_":"","Language":"EN"}},"Name":{"Value":"BeiDou","Language":"EN"}}},{"Localized":0,"ID":495008422,"LocalID":0,"Type":"y_n","Value":"Y","CategoryFeatureId":"226793","CategoryFeatureGroupID":"11005","SortNo":"7","PresentationValue":"Yes","RawValue":"Y","LocalValue":"Yes","Description":"","Mandatory":"0","Searchable":"0","Optional":"0","Feature":{"ID":"33685","Sign":"","Measure":{"ID":"26","Sign":"","Signs":{"ID":"","_":"","Language":"EN"}},"Name":{"Value":"Galileo","Language":"EN"}}},{"Localized":0,"ID":495008423,"LocalID":0,"Type":"y_n","Value":"Y","CategoryFeatureId":"226792","CategoryFeatureGroupID":"11005","SortNo":"6","PresentationValue":"Yes","RawValue":"Y","LocalValue":"Yes","Description":"","Mandatory":"0","Searchable":"0","Optional":"0","Feature":{"ID":"33686","Sign":"","Measure":{"ID":"26","Sign":"","Signs":{"ID":"","_":"","Language":"EN"}},"Name":{"Value":"Quasi-Zenith Satellite System (QZSS)","Language":"EN"}}},{"Localized":0,"ID":495008418,"LocalID":0,"Type":"y_n","Value":"Y","CategoryFeatureId":"166073","CategoryFeatureGroupID":"11005","SortNo":"0","PresentationValue":"Yes","RawValue":"Y","LocalValue":"Yes","Description":"Whether the navigation system can locate the phone's position.","Mandatory":"1","Searchable":"1","Optional":"0","Feature":{"ID":"26425","Sign":"","Measure":{"ID":"26","Sign":"","Signs":{"ID":"","_":"","Language":"EN"}},"Name":{"Value":"Position location","Language":"EN"}}},{"Localized":0,"ID":495008424,"LocalID":0,"Type":"y_n","Value":"Y","CategoryFeatureId":"51754","CategoryFeatureGroupID":"11005","SortNo":"-2","PresentationValue":"Yes","RawValue":"Y","LocalValue":"Yes","Description":"","Mandatory":"0","Searchable":"0","Optional":"0","Feature":{"ID":"8742","Sign":"","Measure":{"ID":"26","Sign":"","Signs":{"ID":"","_":"","Language":"EN"}},"Name":{"Value":"Wi-Fi positioning","Language":"EN"}}}]},{"ID":11003,"SortNo":"70","FeatureGroup":{"ID":"148","Name":{"Value":"Design","Language":"EN"}},"Features":[{"Localized":0,"ID":495008411,"LocalID":0,"Type":"dropdown","Value":"Bar","CategoryFeatureId":"51570","CategoryFeatureGroupID":"11003","SortNo":"55","PresentationValue":"Bar","RawValue":"Bar","LocalValue":"Bar","Description":"The shape or design of the product.","Mandatory":"1","Searchable":"1","Optional":"0","Feature":{"ID":"771","Sign":"","Measure":{"ID":"29","Sign":"","Signs":{"ID":"","_":"","Language":"EN"}},"Name":{"Value":"Form factor","Language":"EN"}}},{"Localized":0,"ID":495008412,"LocalID":0,"Type":"multi_dropdown","Value":"Black","CategoryFeatureId":"143786","CategoryFeatureGroupID":"11003","SortNo":"35","PresentationValue":"Black","RawValue":"Black","LocalValue":"Black","Description":"The colour e.g. red, blue, green, black, white.","Mandatory":"1","Searchable":"1","Optional":"0","Feature":{"ID":"1766","Sign":"","Measure":{"ID":"29","Sign":"","Signs":{"ID":"","_":"","Language":"EN"}},"Name":{"Value":"Product colour","Language":"EN"}}},{"Localized":0,"ID":495008497,"LocalID":0,"Type":"text","Value":"Awesome Black","CategoryFeatureId":"270487","CategoryFeatureGroupID":"11003","SortNo":"34","PresentationValue":"Awesome Black","RawValue":"Awesome Black","LocalValue":"Awesome Black","Description":"","Mandatory":"0","Searchable":"0","Optional":"0","Feature":{"ID":"17956","Sign":"","Measure":{"ID":"29","Sign":"","Signs":{"ID":"","_":"","Language":"EN"}},"Name":{"Value":"Colour name","Language":"EN"}}}]},{"ID":11002,"SortNo":"65","FeatureGroup":{"ID":"184","Name":{"Value":"Performance","Language":"EN"}},"Features":[{"Localized":0,"ID":495008496,"LocalID":0,"Type":"y_n","Value":"Y","CategoryFeatureId":"51712","CategoryFeatureGroupID":"11002","SortNo":"80","PresentationValue":"Yes","RawValue":"Y","LocalValue":"Yes","Description":"Simultaneous video and audio signals to enable people to talk to and see each other in real time.","Mandatory":"0","Searchable":"0","Optional":"0","Feature":{"ID":"7018","Sign":"","Measure":{"ID":"26","Sign":"","Signs":{"ID":"","_":"","Language":"EN"}},"Name":{"Value":"Video call","Language":"EN"}}},{"Localized":0,"ID":495008415,"LocalID":0,"Type":"y_n","Value":"Y","CategoryFeatureId":"94723","CategoryFeatureGroupID":"11002","SortNo":"4","PresentationValue":"Yes","RawValue":"Y","LocalValue":"Yes","Description":"A scanner used to identify a person's fingerprint for security purposes. After a sample is taken, access to a computer or other system is granted if the fingerprint matches the stored sample. A PIN may also be used with the fingerprint sample.","Mandatory":"0","Searchable":"0","Optional":"0","Feature":{"ID":"3577","Sign":"","Measure":{"ID":"26","Sign":"","Signs":{"ID":"","_":"","Language":"EN"}},"Name":{"Value":"Fingerprint reader","Language":"EN"}}},{"Localized":0,"ID":495008416,"LocalID":0,"Type":"y_n","Value":"Y","CategoryFeatureId":"51721","CategoryFeatureGroupID":"11002","SortNo":"0","PresentationValue":"Yes","RawValue":"Y","LocalValue":"Yes","Description":"Device has a microphone and loudspeaker provided separately from those in the handset. This device allows multiple persons to participate in a conversation. The loudspeaker broadcasts the voice or voices of those on the other end of the telephone line, while the microphone captures all voices of those using the speakerphone.","Mandatory":"0","Searchable":"0","Optional":"0","Feature":{"ID":"1805","Sign":"","Measure":{"ID":"26","Sign":"","Signs":{"ID":"","_":"","Language":"EN"}},"Name":{"Value":"Speakerphone","Language":"EN"}}},{"Localized":0,"ID":495008417,"LocalID":0,"Type":"y_n","Value":"Y","CategoryFeatureId":"51786","CategoryFeatureGroupID":"11002","SortNo":"-2","PresentationValue":"Yes","RawValue":"Y","LocalValue":"Yes","Description":"","Mandatory":"0","Searchable":"0","Optional":"0","Feature":{"ID":"3541","Sign":"","Measure":{"ID":"26","Sign":"","Signs":{"ID":"","_":"","Language":"EN"}},"Name":{"Value":"Vibrating alert","Language":"EN"}}}]},{"ID":18401,"SortNo":"20","FeatureGroup":{"ID":"90","Name":{"Value":"Software","Language":"EN"}},"Features":[{"Localized":0,"ID":495008436,"LocalID":0,"Type":"dropdown","Value":"Android","CategoryFeatureId":"270282","CategoryFeatureGroupID":"18401","SortNo":"500","PresentationValue":"Android","RawValue":"Android","LocalValue":"Android","Description":"Description of a technology platform including a processor, chipset, platform software and wired networking capabilities.","Mandatory":"1","Searchable":"1","Optional":"0","Feature":{"ID":"75","Sign":"","Measure":{"ID":"29","Sign":"","Signs":{"ID":"","_":"","Language":"EN"}},"Name":{"Value":"Platform","Language":"EN"}}}]},{"ID":6892,"SortNo":"5","FeatureGroup":{"ID":"143","Name":{"Value":"Battery","Language":"EN"}},"Features":[{"Localized":0,"ID":495008446,"LocalID":0,"Type":"y_n","Value":"N","CategoryFeatureId":"222191","CategoryFeatureGroupID":"6892","SortNo":"50","PresentationValue":"No","RawValue":"N","LocalValue":"No","Description":"","Mandatory":"0","Searchable":"0","Optional":"0","Feature":{"ID":"18096","Sign":"","Measure":{"ID":"26","Sign":"","Signs":{"ID":"","_":"","Language":"EN"}},"Name":{"Value":"Removable battery","Language":"EN"}}},{"Localized":0,"ID":495008440,"LocalID":0,"Type":"numerical","Value":"5000","CategoryFeatureId":"51519","CategoryFeatureGroupID":"6892","SortNo":"38","PresentationValue":"5000 mAh","RawValue":"5000","LocalValue":"5000","Description":"A measure of the charge stored by the battery. Determined by the mass of active material contained in the battery.","Mandatory":"1","Searchable":"1","Optional":"0","Feature":{"ID":"909","Sign":"","Measure":{"ID":"51","Sign":"","Signs":{"ID":"35","_":"mAh","Language":"EN"}},"Name":{"Value":"Battery capacity","Language":"EN"}}},{"Localized":0,"ID":495008448,"LocalID":0,"Type":"numerical","Value":"36","CategoryFeatureId":"106093","CategoryFeatureGroupID":"6892","SortNo":"28","PresentationValue":"36 h","RawValue":"36","LocalValue":"36","Description":"","Mandatory":"0","Searchable":"0","Optional":"0","Feature":{"ID":"18111","Sign":"","Measure":{"ID":"46","Sign":"","Signs":{"ID":"30","_":"h","Language":"EN"}},"Name":{"Value":"Talk time (4G)","Language":"EN"}}},{"Localized":0,"ID":495008450,"LocalID":0,"Type":"numerical","Value":"20","CategoryFeatureId":"90957","CategoryFeatureGroupID":"6892","SortNo":"20","PresentationValue":"20 h","RawValue":"20","LocalValue":"20","Description":"","Mandatory":"0","Searchable":"0","Optional":"0","Feature":{"ID":"15264","Sign":"","Measure":{"ID":"46","Sign":"","Signs":{"ID":"30","_":"h","Language":"EN"}},"Name":{"Value":"Browsing time (Wi-Fi)","Language":"EN"}}},{"Localized":0,"ID":495008451,"LocalID":0,"Type":"numerical","Value":"20","CategoryFeatureId":"90959","CategoryFeatureGroupID":"6892","SortNo":"17","PresentationValue":"20 h","RawValue":"20","LocalValue":"20","Description":"","Mandatory":"0","Searchable":"0","Optional":"0","Feature":{"ID":"15266","Sign":"","Measure":{"ID":"46","Sign":"","Signs":{"ID":"30","_":"h","Language":"EN"}},"Name":{"Value":"Browsing time (4G)","Language":"EN"}}},{"Localized":0,"ID":495008452,"LocalID":0,"Type":"numerical","Value":"119","CategoryFeatureId":"51657","CategoryFeatureGroupID":"6892","SortNo":"2","PresentationValue":"119 h","RawValue":"119","LocalValue":"119","Description":"Number of hours on average for continuous play. This is dependent on the device battery capacity.","Mandatory":"0","Searchable":"0","Optional":"0","Feature":{"ID":"2169","Sign":"","Measure":{"ID":"46","Sign":"","Signs":{"ID":"30","_":"h","Language":"EN"}},"Name":{"Value":"Continuous audio playback time","Language":"EN"}}},{"Localized":0,"ID":495008453,"LocalID":0,"Type":"numerical","Value":"21","CategoryFeatureId":"51658","CategoryFeatureGroupID":"6892","SortNo":"1","PresentationValue":"21 h","RawValue":"21","LocalValue":"21","Description":"","Mandatory":"0","Searchable":"0","Optional":"0","Feature":{"ID":"2173","Sign":"","Measure":{"ID":"46","Sign":"","Signs":{"ID":"30","_":"h","Language":"EN"}},"Name":{"Value":"Continuous video playback time","Language":"EN"}}}]},{"ID":34102,"SortNo":"0","FeatureGroup":{"ID":"167","Name":{"Value":"Sensors","Language":"EN"}},"Features":[{"Localized":0,"ID":495008456,"LocalID":0,"Type":"y_n","Value":"Y","CategoryFeatureId":"51566","CategoryFeatureGroupID":"34102","SortNo":"11","PresentationValue":"Yes","RawValue":"Y","LocalValue":"Yes","Description":"","Mandatory":"0","Searchable":"0","Optional":"0","Feature":{"ID":"8698","Sign":"","Measure":{"ID":"26","Sign":"","Signs":{"ID":"","_":"","Language":"EN"}},"Name":{"Value":"Proximity sensor","Language":"EN"}}},{"Localized":0,"ID":495008457,"LocalID":0,"Type":"y_n","Value":"Y","CategoryFeatureId":"57380","CategoryFeatureGroupID":"34102","SortNo":"11","PresentationValue":"Yes","RawValue":"Y","LocalValue":"Yes","Description":"","Mandatory":"0","Searchable":"0","Optional":"0","Feature":{"ID":"9731","Sign":"","Measure":{"ID":"26","Sign":"","Signs":{"ID":"","_":"","Language":"EN"}},"Name":{"Value":"Accelerometer","Language":"EN"}}},{"Localized":0,"ID":495008458,"LocalID":0,"Type":"y_n","Value":"Y","CategoryFeatureId":"59559","CategoryFeatureGroupID":"34102","SortNo":"11","PresentationValue":"Yes","RawValue":"Y","LocalValue":"Yes","Description":"","Mandatory":"0","Searchable":"0","Optional":"0","Feature":{"ID":"8720","Sign":"","Measure":{"ID":"26","Sign":"","Signs":{"ID":"","_":"","Language":"EN"}},"Name":{"Value":"Ambient light sensor","Language":"EN"}}},{"Localized":0,"ID":495008459,"LocalID":0,"Type":"y_n","Value":"Y","CategoryFeatureId":"106231","CategoryFeatureGroupID":"34102","SortNo":"10","PresentationValue":"Yes","RawValue":"Y","LocalValue":"Yes","Description":"","Mandatory":"0","Searchable":"0","Optional":"0","Feature":{"ID":"9732","Sign":"","Measure":{"ID":"26","Sign":"","Signs":{"ID":"","_":"","Language":"EN"}},"Name":{"Value":"Gyroscope","Language":"EN"}}},{"Localized":0,"ID":495008460,"LocalID":0,"Type":"y_n","Value":"Y","CategoryFeatureId":"302241","CategoryFeatureGroupID":"34102","SortNo":"0","PresentationValue":"Yes","RawValue":"Y","LocalValue":"Yes","Description":"","Mandatory":"0","Searchable":"0","Optional":"0","Feature":{"ID":"38331","Sign":"","Measure":{"ID":"26","Sign":"","Signs":{"ID":"","_":"","Language":"EN"}},"Name":{"Value":"Geomagnetic sensor","Language":"EN"}}}]},{"ID":6881,"SortNo":"-1","FeatureGroup":{"ID":"14","Name":{"Value":"Weight & dimensions","Language":"EN"}},"Features":[{"Localized":0,"ID":495008466,"LocalID":0,"Type":"numerical","Value":"76.5","CategoryFeatureId":"51488","CategoryFeatureGroupID":"6881","SortNo":"10","PresentationValue":"76.5 mm","RawValue":"76.5","LocalValue":"76.5","Description":"The measurement or extent of something from side to side.","Mandatory":"0","Searchable":"0","Optional":"0","Feature":{"ID":"1649","Sign":"","Measure":{"ID":"24","Sign":"","Signs":{"ID":"3","_":"mm","Language":"EN"}},"Name":{"Value":"Width","Language":"EN"}}},{"Localized":0,"ID":495008467,"LocalID":0,"Type":"numerical","Value":"8.8","CategoryFeatureId":"51489","CategoryFeatureGroupID":"6881","SortNo":"9","PresentationValue":"8.8 mm","RawValue":"8.8","LocalValue":"8.8","Description":"The distance from the front to the back of something.","Mandatory":"0","Searchable":"0","Optional":"0","Feature":{"ID":"1650","Sign":"","Measure":{"ID":"24","Sign":"","Signs":{"ID":"3","_":"mm","Language":"EN"}},"Name":{"Value":"Depth","Language":"EN"}}},{"Localized":0,"ID":495008468,"LocalID":0,"Type":"numerical","Value":"164.5","CategoryFeatureId":"51490","CategoryFeatureGroupID":"6881","SortNo":"8","PresentationValue":"164.5 mm","RawValue":"164.5","LocalValue":"164.5","Description":"The measurement of the product from head to foot or from base to top.","Mandatory":"0","Searchable":"0","Optional":"0","Feature":{"ID":"1464","Sign":"","Measure":{"ID":"24","Sign":"","Signs":{"ID":"3","_":"mm","Language":"EN"}},"Name":{"Value":"Height","Language":"EN"}}},{"Localized":0,"ID":495008465,"LocalID":0,"Type":"numerical","Value":"195","CategoryFeatureId":"51491","CategoryFeatureGroupID":"6881","SortNo":"7","PresentationValue":"195 g","RawValue":"195","LocalValue":"195","Description":"Weight of the product without packaging (net weight). If possible, the net weight is given including standard accessories and supplies. Please note that sometimes the manufacturer leaves out the weight of accessories and/or supplies.","Mandatory":"1","Searchable":"1","Optional":"0","Feature":{"ID":"94","Sign":"","Measure":{"ID":"38","Sign":"","Signs":{"ID":"22","_":"g","Language":"EN"}},"Name":{"Value":"Weight","Language":"EN"}}}]}],"FeatureLogos":[],"ReasonsToBuy":[],"Reviews":[],"ProductRelated":[{"ID":259680263,"CategoryID":788,"Preferred":0,"IcecatID":100727795,"ProductCode":"SGA3622/A","ThumbPic":"","ProductName":"Business Premium - Service Plan for Samsung Galaxy A-series - 36 months","Brand":"mcare","BrandID":37476,"ProductRelatedLocales":[{"ID":0,"Language":"EN","Preferred":0,"StartDate":"","EndDate":""}]},{"ID":259680261,"CategoryID":788,"Preferred":0,"IcecatID":100727744,"ProductCode":"BSP3622/A","ThumbPic":"","ProductName":"Business - Service Plan for Smartphone - 36 months","Brand":"mcare","BrandID":37476,"ProductRelatedLocales":[{"ID":0,"Language":"EN","Preferred":0,"StartDate":"","EndDate":""}]},{"ID":259680262,"CategoryID":788,"Preferred":0,"IcecatID":100727743,"ProductCode":"BSP2422/A","ThumbPic":"","ProductName":"Business - Service Plan for Smartphone - 24 months","Brand":"mcare","BrandID":37476,"ProductRelatedLocales":[{"ID":0,"Language":"EN","Preferred":0,"StartDate":"","EndDate":""}]},{"ID":0,"CategoryID":1637,"Preferred":0,"IcecatID":94781546,"ProductCode":"MLWK3ZM/A","ThumbPic":"","ProductName":"AirPods","Brand":"Apple","BrandID":9,"ProductRelatedLocales":[{"ID":0,"Language":"EN","Preferred":0,"StartDate":"","EndDate":""}]},{"ID":0,"CategoryID":1637,"Preferred":0,"IcecatID":62202327,"ProductCode":"MUFQ2ZM/A","ThumbPic":"","ProductName":"urBeats3","Brand":"Apple","BrandID":9,"ProductRelatedLocales":[{"ID":0,"Language":"EN","Preferred":0,"StartDate":"","EndDate":""}]},{"ID":0,"CategoryID":1637,"Preferred":0,"IcecatID":33259200,"ProductCode":"MMTN2ZM/A","ThumbPic":"","ProductName":"EarPods with Lightning Connector","Brand":"Apple","BrandID":9,"ProductRelatedLocales":[{"ID":0,"Language":"EN","Preferred":0,"StartDate":"","EndDate":""}]}],"CatalogObjectCloud":{"ProductPage":{"QRCodeURL":"https://qr.icecat.biz/coc/10b79beb-468c-40e4-b1a4-0d66ce269a8c","URL":"https://coc.icecat.biz/10b79beb-468c-40e4-b1a4-0d66ce269a8c"}},"Variants":[],"ProductStory":[],"Dictionary":{"model_name":"Product name","desc":"Description","ean_code":"EAN/UPC code","flash360":"3D tour","demo_msg_part3":"If you don't have an Icecat account, please register here for free.","repairability_index":"Repairability index","zoom_panel_init":"Original size","cat_name":"Category","product_family":"Product family","back_to_top":"Back to top","zoom_panel_out":"Zoom out","specs":"Specs","eu_product_fiche":"EU Product Fiche","reviews_head_name":"Reviews","pdf_specs":"Product Brochure","zoom_panel_in":"Zoom in","html_content":"","release_date":"Release date","demo_msg_part1":"You are using now a Demo account. Please, use your own Icecat account","demo_insert_desc":"This is a demo of a seamless insert of an Icecat LIVE product data-sheet in your website. Imagine that this responsive data-sheet is included in the product page of your webshop.","pdf_url":"User manual","prod_code":"Product code","supplier_name":"Brand","video":"Video","reasons_to_buy":"Reasons to buy","marketing_text":"Description","options_head_name":"Options","product_series":"Product series","demo_msg_part2":"your Icecat login name","link_integrate_desk":"How to integrate Icecat LIVE JavaScript.","zoom_panel_dragg":"Mouse dragging","eu_energy_label":"EU Energy Label"},"DemoAccount":false}}