{"msg":"OK","data":{"GeneralInfo":{"IcecatId":134703484,"ReleaseDate":"","EndOfLifeDate":"","Title":"Lenovo Yoga Tab Qualcomm Snapdragon 256 GB 28.2 cm (11.1\") 12 GB Wi-Fi 7 (802.11be) Android 15 Grey","TitleInfo":{"GeneratedIntTitle":"Lenovo Yoga Tab","GeneratedLocalTitle":{"Value":"Lenovo Yoga Tab Qualcomm Snapdragon 256 GB 28.2 cm (11.1\") 12 GB Wi-Fi 7 (802.11be) Android 15 Grey","Language":"EN"},"BrandLocalTitle":{"Value":"","Language":"EN"}},"Brand":"Lenovo","BrandID":"728","BrandLogo":"https://images.icecat.biz/img/brand/thumb/728_f3df8e9ab56b4e5ab0f5e00aa8eddb77.jpg","BrandInfo":{"BrandName":"Lenovo","BrandLocalName":"","BrandLogo":"https://images.icecat.biz/img/brand/thumb/728_f3df8e9ab56b4e5ab0f5e00aa8eddb77.jpg"},"ProductName":"Yoga Tab","ProductNameInfo":{"ProductIntName":"Yoga Tab","ProductLocalName":{"Value":"","Language":"EN"}},"BrandPartCode":"ZAG60208SE","GTIN":["0198158755979","198158755979"],"Category":{"CategoryID":"897","Name":{"Value":"Tablets","Language":"EN"}},"ProductFamily":{"ProductFamilyID":"74187","Value":"Yoga Tab","Language":"EN"},"ProductSeries":{"SeriesID":"1"},"Description":{"ID":"104043632","LongDesc":"<b>Lenovo Yoga Tab</b><br>With AI that sharpens your ideas and a display that brings every detail to life, the Lenovo Yoga Tab is your space to sketch, stream, and stay in the zone — wherever you are.<br><br><b>PRECISION SENSORIAL EXPERIENCE<br>Create the Way You Feel</b><br>From sharper visuals to smarter gestures, Lenovo Tablet AI brings a creative flow that lets you sketch, capture, refine, and edit — fluidly, intuitively, and without missing a beat.<br><br><b>AI SUPERRES<br>Turn Pixels Into Perfection</b><br>With built-in Lenovo AI SuperRes (AISR), even casual snaps get an instant glow-up. Whether you're looking into online references or editing offline photos, every image is upgraded to crisp, hi-res quality with natural detail and smooth edges.<br><br><b>ULTRACLEAR DISPLAY<br>See Every Nuance in Every Frame</b><br>This 11.1″ tablet features a PureSight Pro display that brings your ideas to life in ultracrisp, ultrahigh resolution and vivid true colour – so every sketch line, photo texture, or edit frame looks sharp. It’s perfect for colour-sensitive work. With a high refresh rate and brightness level, your visuals stay fluid, even under sunlight.<br><br><b>PURESIGHT PRO<br>Redefine Visual Perfection</b><br>Lenovo’s proprietary PureSight Pro algorithm delivers precise spectrum calibration and colour tuning on every compatible display. See your masterpiece, flawlessly consistent across all of your devices.<br><br><b>Stay in Flow</b><br>Whether your ideas come through images, words, or voice, this tablet’s smart tools help you capture them smoothly. From typing with AI support to transcribing thoughts in real time, it’s all about keeping your creativity in motion.<br><br><b>A Creative Ecosystem That Flows</b><br>Enjoy 2-month trials of Adobe Express and Lightroom for Mobile to design, edit, and enhance visuals. Enjoy 3 months’ free Perplexity Pro.* From quick facts to deep research, Perplexity delivers reliable answers.<br><br>*Offer valid for a limited time only. The 3-month complimentary Perplexity Pro subscription must be redeemed by Aug. 1, 2027. This offer is available exclusively to new Perplexity users and existing users who have never previously subscribed to or trialed Perplexity Pro. To activate your offer and access all available benefits, please launch the Lenovo Vantage app on your device and follow the in-app instructions provided via the promotional banner. Terms and conditions apply. Offer subject to change or cancellation without notice.<br><br><b>Future-Proof Your Device</b><br>Stay confident knowing your device will stay up to date. Launching with Android™ 15, the Lenovo Yoga Tab guarantees three OS upgrades and four years of security updates, ensuring your tablet runs smoothly and securely for years to come.","LongProductName":"Qualcomm Snapdragon 8 Gen 3, 12GB LPDDR5x-SDRAM, 256GB UFS, 28.2 cm (11.1\") 3.2K 3200 x 2000 LTPS, Adreno 750, WLAN, Bluetooth, 13MP/13MP, Android 15","MiddleDesc":"","Disclaimer":"","ManualPDFURL":"https://objects.icecat.biz/objects/mmo_134703484_1757362483_5107_3791717.pdf","ManualPDFSize":"18762433","LeafletPDFURL":"https://objects.icecat.biz/objects/mmo_134703484_1757362411_6804_533709.pdf","PDFSize":"452576","URL":"https://www.lenovo.com/gb/en/p/tablets/yoga-tab-series/lenovo-yoga-tab/len103l0031","WarrantyInfo":"2-year, Courier","Updated":"2025-09-08 22:36:56","Language":"EN"},"SummaryDescription":{"ShortSummaryDescription":"Lenovo Yoga Tab , 28.2 cm (11.1\"), 3200 x 2000 pixels, 256 GB, 12 GB, Android 15, Grey","LongSummaryDescription":"Lenovo Yoga Tab . Display diagonal: 28.2 cm (11.1\"), Display resolution: 3200 x 2000 pixels. Internal storage capacity: 256 GB. Processor family: Qualcomm Snapdragon, Processor model: 8 Gen 3. Internal memory: 12 GB. Rear camera resolution (numeric): 13 MP, Rear camera type: Dual camera, Front camera resolution (numeric): 13 MP, Front camera. Top Wi-Fi standard: Wi-Fi 7 (802.11be). Weight: 458 g. Operating system installed: Android 15. Product colour: Grey"},"BulletPoints":{"BulletPointsId":"13608424","Language":"EN","Values":["Android 15","Qualcomm Snapdragon 8 Gen 3","28.2 cm (11.1\") 3.2K 3200 x 2000 LTPS","12GB LPDDR5x-SDRAM & 256GB UFS"],"Updated":"2025-09-08 22:36:56"},"GeneratedBulletPoints":{"Language":"EN","Values":["Slate Mobile tablet Grey","28.2 cm (11.1\") 3200 x 2000 pixels LTPS","Qualcomm Snapdragon 8 Gen 3","256 GB UFS","Dual camera 13 MP 2 MP Front camera 13 MP","Wi-Fi 7 (802.11be) Bluetooth 5.4","Lithium-Ion (Li-Ion) 8860 mAh","Android 15"]},"GTINs":[{"GTIN":"0198158755979","IsApproved":true},{"GTIN":"198158755979","IsApproved":true}]},"Image":{"HighPic":"https://images.icecat.biz/img/gallery/39dcb073561a838fb75a39662bea98b410c9b47f.jpg","HighPicSize":"1640504","HighPicHeight":"2000","HighPicWidth":"2000","LowPic":"https://images.icecat.biz/img/gallery_lows/2ddb8f32b813a42862cfbea41d16c7f793125f98.jpg","LowPicSize":"19616","LowPicHeight":"200","LowPicWidth":"200","Pic500x500":"https://images.icecat.biz/img/gallery_mediums/57fb9dc4b496ef8bcee78ada304b6b8fb4a8c645.jpg","Pic500x500Size":"87242","Pic500x500Height":"500","Pic500x500Width":"500","ThumbPic":"https://images.icecat.biz/img/gallery_thumbs/47c1dc832ee226d48878c2ca5e970401fff2316a.jpg","ThumbPicSize":"4717"},"Multimedia":[{"ID":"F15F535F-1F52-40FD-BA48-075266886F36","URL":"https://objects.icecat.biz/objects/mmo_134703484_1757362411_6804_533709.pdf","Type":"leaflet","ContentType":"application/pdf","KeepAsUrl":"0","Description":"Product Brochure","Size":"452576","IsPrivate":"0","Updated":"2025-09-08 22:13:31","Language":"EN","IsVideo":0},{"ID":"BA409188-AC0E-4CCE-A57E-DF75886AECFB","URL":"https://objects.icecat.biz/objects/mmo_134703484_1757362474_963_1533328.pdf","Type":"other digital assets","ContentType":"application/pdf","KeepAsUrl":"0","Description":"Safety and Warranty Guide","Size":"571536","IsPrivate":"0","Updated":"2025-09-08 22:14:35","Language":"EN","IsVideo":0},{"ID":"DEFACF61-14CB-45C7-B133-35382828B97C","URL":"https://objects.icecat.biz/objects/mmo_134703484_1757362494_444_2235458.pdf","Type":"other digital assets","ContentType":"application/pdf","KeepAsUrl":"0","Description":"Quick Start Guide","Size":"417051","IsPrivate":"0","Updated":"2025-09-08 22:14:54","Language":"EN","IsVideo":0},{"ID":"33FB967E-2BDC-4BD1-92E0-3003F9A83364","URL":"https://objects.icecat.biz/objects/mmo_134703484_1757362483_5107_3791717.pdf","Type":"manual pdf","ContentType":"application/pdf","KeepAsUrl":"0","Description":"User manual","Size":"18762433","IsPrivate":"0","Updated":"2025-09-08 22:14:43","Language":"EN","IsVideo":0}],"Gallery":[{"ID":"117110145","LowPic":"https://images.icecat.biz/img/gallery_lows/2ddb8f32b813a42862cfbea41d16c7f793125f98.jpg","LowSize":"19616","LowHeight":"200","LowWidth":"200","ThumbPic":"https://images.icecat.biz/img/gallery_thumbs/47c1dc832ee226d48878c2ca5e970401fff2316a.jpg","ThumbPicSize":"4717","Pic":"https://images.icecat.biz/img/gallery/39dcb073561a838fb75a39662bea98b410c9b47f.jpg","Size":"1640504","PicHeight":"2000","PicWidth":"2000","Pic500x500":"https://images.icecat.biz/img/gallery_mediums/57fb9dc4b496ef8bcee78ada304b6b8fb4a8c645.jpg","Pic500x500Size":"87242","Pic500x500Height":"500","Pic500x500Width":"500","No":"1","IsMain":"Y","Updated":"2025-09-09 13:28:21","IsPrivate":"0","Type":"ProductImage","Attributes":{"OriginalFileName":""}},{"ID":"117110146","LowPic":"https://images.icecat.biz/img/gallery_lows/ac5bc0370ac3bd397633909a151ba6759a1c7885.jpg","LowSize":"2789","LowHeight":"200","LowWidth":"200","ThumbPic":"https://images.icecat.biz/img/gallery_thumbs/0c3e718257a8b01790d0ffccc1e57d475a9e975b.jpg","ThumbPicSize":"934","Pic":"https://images.icecat.biz/img/gallery/b66915f30a6dc4639645ce8a58bf1899924de062.jpg","Size":"135606","PicHeight":"2000","PicWidth":"2000","Pic500x500":"https://images.icecat.biz/img/gallery_mediums/226c8b37480fc3575e59f62e80a6cb7b32f29acc.jpg","Pic500x500Size":"10501","Pic500x500Height":"500","Pic500x500Width":"500","No":"2","IsMain":"N","Updated":"2025-09-09 13:28:22","IsPrivate":"0","Type":"ProductImage","Attributes":{"OriginalFileName":""}},{"ID":"117110147","LowPic":"https://images.icecat.biz/img/gallery_lows/da04e9e4f2205f121ba4e9a45a5d6709c5e01549.jpg","LowSize":"2862","LowHeight":"200","LowWidth":"200","ThumbPic":"https://images.icecat.biz/img/gallery_thumbs/46403a121d788092cdf22f0f1d44a5e9aba7bc7c.jpg","ThumbPicSize":"1017","Pic":"https://images.icecat.biz/img/gallery/07334c9ddb48562d5a970b2a9fa6b13fc1d0e888.jpg","Size":"133044","PicHeight":"2000","PicWidth":"2000","Pic500x500":"https://images.icecat.biz/img/gallery_mediums/3568723dc74fb955c90e6d4146dbf34db02f071a.jpg","Pic500x500Size":"11266","Pic500x500Height":"500","Pic500x500Width":"500","No":"3","IsMain":"N","Updated":"2025-09-09 13:28:22","IsPrivate":"0","Type":"ProductImage","Attributes":{"OriginalFileName":""}},{"ID":"117110148","LowPic":"https://images.icecat.biz/img/gallery_lows/0cc586d2385da99b977bc35678e5f2aa21de5a23.jpg","LowSize":"1757","LowHeight":"200","LowWidth":"200","ThumbPic":"https://images.icecat.biz/img/gallery_thumbs/15ba3bdfa43ef310c2c738017f12cac64b40e64c.jpg","ThumbPicSize":"785","Pic":"https://images.icecat.biz/img/gallery/3ae55f262feb181732d5b5976515a8a2eed87bee.jpg","Size":"97525","PicHeight":"2000","PicWidth":"2000","Pic500x500":"https://images.icecat.biz/img/gallery_mediums/6df14d6d45e65bcd5ba1484ad25d3713e4663e95.jpg","Pic500x500Size":"7893","Pic500x500Height":"500","Pic500x500Width":"500","No":"4","IsMain":"N","Updated":"2025-09-09 13:28:24","IsPrivate":"0","Type":"ProductImage","Attributes":{"OriginalFileName":""}},{"ID":"117110150","LowPic":"https://images.icecat.biz/img/gallery_lows/f9addf56d8ebb4f14d270680a48ae1f58be5243a.jpg","LowSize":"1699","LowHeight":"200","LowWidth":"200","ThumbPic":"https://images.icecat.biz/img/gallery_thumbs/147723825cd8a9ad11e473524b0b68cd8813fa97.jpg","ThumbPicSize":"779","Pic":"https://images.icecat.biz/img/gallery/e859c7fed16fdbf59c8e1059126d3e1a2ecc316d.jpg","Size":"93333","PicHeight":"2000","PicWidth":"2000","Pic500x500":"https://images.icecat.biz/img/gallery_mediums/c1078badaafade7eb037bc59bdbfccdf48222a1b.jpg","Pic500x500Size":"7619","Pic500x500Height":"500","Pic500x500Width":"500","No":"5","IsMain":"N","Updated":"2025-09-09 13:28:25","IsPrivate":"0","Type":"ProductImage","Attributes":{"OriginalFileName":""}},{"ID":"117110152","LowPic":"https://images.icecat.biz/img/gallery_lows/bc8e01af67fb5df176c13f27e53ccc8edebdc600.jpg","LowSize":"6460","LowHeight":"200","LowWidth":"200","ThumbPic":"https://images.icecat.biz/img/gallery_thumbs/8f28b92735c22e90a68f29b2120fa98799839171.jpg","ThumbPicSize":"1867","Pic":"https://images.icecat.biz/img/gallery/ea5099affbf03306317288ec820e1c0981ad36e5.jpg","Size":"754369","PicHeight":"2000","PicWidth":"2000","Pic500x500":"https://images.icecat.biz/img/gallery_mediums/6ed498f75b1be7dc65461c92c69985cbede64fef.jpg","Pic500x500Size":"33992","Pic500x500Height":"500","Pic500x500Width":"500","No":"6","IsMain":"N","Updated":"2025-09-09 13:28:25","IsPrivate":"0","Type":"ProductImage","Attributes":{"OriginalFileName":""}},{"ID":"117110154","LowPic":"https://images.icecat.biz/img/gallery_lows/7d548e09f5ce0671f9871a84bdb6eade15dda841.jpg","LowSize":"23187","LowHeight":"200","LowWidth":"200","ThumbPic":"https://images.icecat.biz/img/gallery_thumbs/b4f80d32e0254635ec1d4a98985122c27c3ca8ca.jpg","ThumbPicSize":"4797","Pic":"https://images.icecat.biz/img/gallery/7889ad56dbbaf63e580e68138e7afb2e36555f6a.jpg","Size":"1026831","PicHeight":"2000","PicWidth":"2000","Pic500x500":"https://images.icecat.biz/img/gallery_mediums/27a96d281d99f67f27a57417781f118a1dd98982.jpg","Pic500x500Size":"108285","Pic500x500Height":"500","Pic500x500Width":"500","No":"7","IsMain":"N","Updated":"2025-09-09 13:28:26","IsPrivate":"0","Type":"ProductImage","Attributes":{"OriginalFileName":""}},{"ID":"117110157","LowPic":"https://images.icecat.biz/img/gallery_lows/a3d28cf9ea3190bbbfe72bd3c6f06cfa671c626e.jpg","LowSize":"16825","LowHeight":"200","LowWidth":"200","ThumbPic":"https://images.icecat.biz/img/gallery_thumbs/880b803e3cfea346b0b6dfad790fabb09b614460.jpg","ThumbPicSize":"4116","Pic":"https://images.icecat.biz/img/gallery/bd7d92da57819a59693802fa870d743b59b0553d.jpg","Size":"893116","PicHeight":"2000","PicWidth":"2000","Pic500x500":"https://images.icecat.biz/img/gallery_mediums/e18cd4c367954d16d521d210c76b63bc5a318e44.jpg","Pic500x500Size":"69030","Pic500x500Height":"500","Pic500x500Width":"500","No":"8","IsMain":"N","Updated":"2025-09-09 13:28:26","IsPrivate":"0","Type":"ProductImage","Attributes":{"OriginalFileName":""}}],"FeaturesGroups":[{"ID":833,"SortNo":"110","FeatureGroup":{"ID":"5","Name":{"Value":"Display","Language":"EN"}},"Features":[{"Localized":0,"ID":835209994,"LocalID":0,"Type":"numerical","Value":"11.1","CategoryFeatureId":"11611","CategoryFeatureGroupID":"833","SortNo":"99","PresentationValue":"28.2 cm (11.1\")","RawValue":"11.1","LocalValue":"28.2","Description":"Size of the display for this product, measured diagonally, usually in inches.","Mandatory":"1","Searchable":"1","Optional":"0","Feature":{"ID":"944","Sign":"","Measure":{"ID":"16","Sign":"","Signs":{"ID":"11","_":"\"","Language":"EN"}},"Name":{"Value":"Display diagonal","Language":"EN"}}},{"Localized":0,"ID":835209997,"LocalID":0,"Type":"2d","Value":"3200 x 2000","CategoryFeatureId":"30350","CategoryFeatureGroupID":"833","SortNo":"38","PresentationValue":"3200 x 2000 pixels","RawValue":"3200 x 2000","LocalValue":"3200 x 2000","Description":"The number of distinct pixels in each dimension that can be displayed. It is usually quoted as width × height, with the units in pixels: for example, \"1024 × 768\" means the width is 1024 pixels and the height is 768 pixels. The higher the number of pixels, the sharper the image.","Mandatory":"1","Searchable":"0","Optional":"0","Feature":{"ID":"1585","Sign":"","Measure":{"ID":"39","Sign":"","Signs":{"ID":"23","_":"pixels","Language":"EN"}},"Name":{"Value":"Display resolution","Language":"EN"}}},{"Localized":0,"ID":835210041,"LocalID":0,"Type":"numerical","Value":"144","CategoryFeatureId":"974995","CategoryFeatureGroupID":"833","SortNo":"37","PresentationValue":"144 Hz","RawValue":"144","LocalValue":"144","Description":"","Mandatory":"0","Searchable":"0","Optional":"0","Feature":{"ID":"7450","Sign":"","Measure":{"ID":"36","Sign":"","Signs":{"ID":"20","_":"Hz","Language":"EN"}},"Name":{"Value":"Maximum refresh rate","Language":"EN"}}},{"Localized":0,"ID":835269456,"LocalID":0,"Type":"y_n","Value":"Y","CategoryFeatureId":"45723","CategoryFeatureGroupID":"833","SortNo":"36","PresentationValue":"Yes","RawValue":"Y","LocalValue":"Yes","Description":"A backlight is a form of illumination used in liquid crystal displays (LCDs). One type of backlight is made by LEDs, which can be either white or RGB (red green blue). White LEDs are used most often in notebooks and desktop screens, and in virtually all mobile LCD screens. RGB LEDs for backlighting are found in high-end color proofing displays such as HP DreamColor LP2480zx monitor or selected HP EliteBook notebooks, as well as newer consumer grade displays such as Dell's Studio series laptops which have an optional RGB LED display.","Mandatory":"0","Searchable":"0","Optional":"0","Feature":{"ID":"6784","Sign":"","Measure":{"ID":"26","Sign":"","Signs":{"ID":"","_":"","Language":"EN"}},"Name":{"Value":"LED backlight","Language":"EN"}}},{"Localized":0,"ID":835209999,"LocalID":0,"Type":"dropdown","Value":"LTPS","CategoryFeatureId":"710616","CategoryFeatureGroupID":"833","SortNo":"36","PresentationValue":"LTPS","RawValue":"LTPS","LocalValue":"LTPS","Description":"","Mandatory":"1","Searchable":"1","Optional":"0","Feature":{"ID":"15285","Sign":"","Measure":{"ID":"29","Sign":"","Signs":{"ID":"","_":"","Language":"EN"}},"Name":{"Value":"Panel type","Language":"EN"}}},{"Localized":0,"ID":835210005,"LocalID":0,"Type":"numerical","Value":"600","CategoryFeatureId":"45724","CategoryFeatureGroupID":"833","SortNo":"35","PresentationValue":"600 cd/m²","RawValue":"600","LocalValue":"600","Description":"Brightness is the amount of radiating light emitted from the screen. The brightness rating is measured in candellas per square meter, commonly known as 'nits'.","Mandatory":"0","Searchable":"0","Optional":"0","Feature":{"ID":"1389","Sign":"","Measure":{"ID":"43","Sign":"","Signs":{"ID":"27","_":"cd/m²","Language":"EN"}},"Name":{"Value":"Display brightness","Language":"EN"}}},{"Localized":0,"ID":835210129,"LocalID":0,"Type":"dropdown","Value":"Gorilla Glass","CategoryFeatureId":"234128","CategoryFeatureGroupID":"833","SortNo":"34","PresentationValue":"Gorilla Glass","RawValue":"Gorilla Glass","LocalValue":"Gorilla Glass","Description":"","Mandatory":"0","Searchable":"0","Optional":"0","Feature":{"ID":"34273","Sign":"","Measure":{"ID":"29","Sign":"","Signs":{"ID":"","_":"","Language":"EN"}},"Name":{"Value":"Display glass type","Language":"EN"}}},{"Localized":0,"ID":835210004,"LocalID":0,"Type":"dropdown","Value":"3.2K","CategoryFeatureId":"294856","CategoryFeatureGroupID":"833","SortNo":"0","PresentationValue":"3.2K","RawValue":"3.2K","LocalValue":"3.2K","Description":"Type of supported High Definition (e.g. Full HD, 4K Ultra HD).","Mandatory":"0","Searchable":"0","Optional":"0","Feature":{"ID":"11424","Sign":"","Measure":{"ID":"29","Sign":"","Signs":{"ID":"","_":"","Language":"EN"}},"Name":{"Value":"HD type","Language":"EN"}}},{"Localized":0,"ID":835210012,"LocalID":0,"Type":"dropdown","Value":"16:10","CategoryFeatureId":"684422","CategoryFeatureGroupID":"833","SortNo":"-1","PresentationValue":"16:10","RawValue":"16:10","LocalValue":"16:10","Description":"The aspect ratio is the ratio of the width of an image to its height. The native aspect ratio is the one which the projector/display is particularly designed for. Images shown in native aspect ratio will utilize the entire resolution of the display and achieve maximum brightness. Images shown in other than native aspect ratio will always have less resolution and less brightness than images shown in native aspect ratio.","Mandatory":"0","Searchable":"0","Optional":"0","Feature":{"ID":"11417","Sign":"","Measure":{"ID":"29","Sign":"","Signs":{"ID":"","_":"","Language":"EN"}},"Name":{"Value":"Native aspect ratio","Language":"EN"}}}]},{"ID":830,"SortNo":"100","FeatureGroup":{"ID":"1","Name":{"Value":"Processor","Language":"EN"}},"Features":[{"Localized":0,"ID":835209868,"LocalID":0,"Type":"dropdown","Value":"Qualcomm","CategoryFeatureId":"102551","CategoryFeatureGroupID":"830","SortNo":"1001050","PresentationValue":"Qualcomm","RawValue":"Qualcomm","LocalValue":"Qualcomm","Description":"The manufacturer that produced the processor.","Mandatory":"1","Searchable":"0","Optional":"0","Feature":{"ID":"1013","Sign":"","Measure":{"ID":"29","Sign":"","Signs":{"ID":"","_":"","Language":"EN"}},"Name":{"Value":"Processor manufacturer","Language":"EN"}}},{"Localized":0,"ID":835209869,"LocalID":0,"Type":"dropdown","Value":"Qualcomm Snapdragon","CategoryFeatureId":"11580","CategoryFeatureGroupID":"830","SortNo":"900","PresentationValue":"Qualcomm Snapdragon","RawValue":"Qualcomm Snapdragon","LocalValue":"Qualcomm Snapdragon","Description":"A family of processors is a group of processors produced by one company over a short period of time e.g. Intel Pentium processors.","Mandatory":"1","Searchable":"0","Optional":"0","Feature":{"ID":"2196","Sign":"","Measure":{"ID":"29","Sign":"","Signs":{"ID":"","_":"","Language":"EN"}},"Name":{"Value":"Processor family","Language":"EN"}}},{"Localized":0,"ID":835209870,"LocalID":0,"Type":"dropdown","Value":"8 Gen 3","CategoryFeatureId":"6931","CategoryFeatureGroupID":"830","SortNo":"800","PresentationValue":"8 Gen 3","RawValue":"8 Gen 3","LocalValue":"8 Gen 3","Description":"The model number for the processor in a computer.","Mandatory":"1","Searchable":"0","Optional":"0","Feature":{"ID":"47","Sign":"","Measure":{"ID":"29","Sign":"","Signs":{"ID":"","_":"","Language":"EN"}},"Name":{"Value":"Processor model","Language":"EN"}}},{"Localized":0,"ID":835209871,"LocalID":0,"Type":"numerical","Value":"6","CategoryFeatureId":"57773","CategoryFeatureGroupID":"830","SortNo":"300","PresentationValue":"6","RawValue":"6","LocalValue":"6","Description":"The number of central processing units ('cores') in a processor. Some processors have 1 core, others have 2 (e.g. Intel Core Duo) or more (e.g. the Intel Xeon E7-2850 has 10 cores).","Mandatory":"0","Searchable":"0","Optional":"0","Feature":{"ID":"6089","Sign":"","Measure":{"ID":"29","Sign":"","Signs":{"ID":"","_":"","Language":"EN"}},"Name":{"Value":"Processor cores","Language":"EN"}}},{"Localized":0,"ID":835209952,"LocalID":0,"Type":"numerical","Value":"3.3","CategoryFeatureId":"91856","CategoryFeatureGroupID":"830","SortNo":"290","PresentationValue":"3.3 GHz","RawValue":"3.3","LocalValue":"3.3","Description":"The turbo boost is an automatic, managed accelleration of the processor when one of the cores is overloaded.","Mandatory":"0","Searchable":"0","Optional":"0","Feature":{"ID":"7978","Sign":"","Measure":{"ID":"37","Sign":"","Signs":{"ID":"21","_":"GHz","Language":"EN"}},"Name":{"Value":"Processor boost frequency","Language":"EN"}}},{"Localized":0,"ID":835210528,"LocalID":0,"Type":"numerical","Value":"4","CategoryFeatureId":"933085","CategoryFeatureGroupID":"830","SortNo":"280","PresentationValue":"4","RawValue":"4","LocalValue":"4","Description":"","Mandatory":"0","Searchable":"0","Optional":"0","Feature":{"ID":"44522","Sign":"","Measure":{"ID":"29","Sign":"","Signs":{"ID":"","_":"","Language":"EN"}},"Name":{"Value":"Performance cores","Language":"EN"}}},{"Localized":0,"ID":835210549,"LocalID":0,"Type":"numerical","Value":"1","CategoryFeatureId":"933086","CategoryFeatureGroupID":"830","SortNo":"275","PresentationValue":"1","RawValue":"1","LocalValue":"1","Description":"","Mandatory":"0","Searchable":"0","Optional":"0","Feature":{"ID":"44521","Sign":"","Measure":{"ID":"29","Sign":"","Signs":{"ID":"","_":"","Language":"EN"}},"Name":{"Value":"Efficient cores","Language":"EN"}}}]},{"ID":78570,"SortNo":"98","FeatureGroup":{"ID":"306","Name":{"Value":"Neural processor unit (NPU)","Language":"EN"}},"Features":[{"Localized":0,"ID":835209875,"LocalID":0,"Type":"dropdown","Value":"Qualcomm Hexagon","CategoryFeatureId":"950621","CategoryFeatureGroupID":"78570","SortNo":"30","PresentationValue":"Qualcomm Hexagon","RawValue":"Qualcomm Hexagon","LocalValue":"Qualcomm Hexagon","Description":"","Mandatory":"0","Searchable":"0","Optional":"0","Feature":{"ID":"47567","Sign":"","Measure":{"ID":"29","Sign":"","Signs":{"ID":"","_":"","Language":"EN"}},"Name":{"Value":"Neural processor unit (NPU)","Language":"EN"}}},{"Localized":0,"ID":835209877,"LocalID":0,"Type":"numerical","Value":"20","CategoryFeatureId":"950627","CategoryFeatureGroupID":"78570","SortNo":"18","PresentationValue":"20 TOPs","RawValue":"20","LocalValue":"20","Description":"","Mandatory":"0","Searchable":"0","Optional":"0","Feature":{"ID":"47564","Sign":"","Measure":{"ID":"496","Sign":"","Signs":{"ID":"58091","_":"TOPs","Language":"EN"}},"Name":{"Value":"Total processor performance up to","Language":"EN"}}}]},{"ID":832,"SortNo":"96","FeatureGroup":{"ID":"3","Name":{"Value":"Memory","Language":"EN"}},"Features":[{"Localized":0,"ID":835209956,"LocalID":0,"Type":"numerical","Value":"12","CategoryFeatureId":"73764","CategoryFeatureGroupID":"832","SortNo":"90","PresentationValue":"12 GB","RawValue":"12","LocalValue":"12","Description":"A computer's memory which is directly accessible to the CPU.","Mandatory":"1","Searchable":"1","Optional":"0","Feature":{"ID":"11381","Sign":"","Measure":{"ID":"20","Sign":"","Signs":{"ID":"7","_":"GB","Language":"EN"}},"Name":{"Value":"Internal memory","Language":"EN"}}},{"Localized":0,"ID":835209958,"LocalID":0,"Type":"dropdown","Value":"LPDDR5x-SDRAM","CategoryFeatureId":"34327","CategoryFeatureGroupID":"832","SortNo":"38","PresentationValue":"LPDDR5x-SDRAM","RawValue":"LPDDR5x-SDRAM","LocalValue":"LPDDR5x-SDRAM","Description":"The type of internal memory such as RAM, GDDR5.","Mandatory":"0","Searchable":"0","Optional":"0","Feature":{"ID":"427","Sign":"","Measure":{"ID":"29","Sign":"","Signs":{"ID":"","_":"","Language":"EN"}},"Name":{"Value":"Internal memory type","Language":"EN"}}}]},{"ID":4142,"SortNo":"92","FeatureGroup":{"ID":"47","Name":{"Value":"Storage","Language":"EN"}},"Features":[{"Localized":0,"ID":835209959,"LocalID":0,"Type":"numerical","Value":"256","CategoryFeatureId":"71618","CategoryFeatureGroupID":"4142","SortNo":"402","PresentationValue":"256 GB","RawValue":"256","LocalValue":"256","Description":"The amount e.g of data which can be stored inside the device.","Mandatory":"1","Searchable":"1","Optional":"0","Feature":{"ID":"8730","Sign":"","Measure":{"ID":"20","Sign":"","Signs":{"ID":"7","_":"GB","Language":"EN"}},"Name":{"Value":"Internal storage capacity","Language":"EN"}}},{"Localized":0,"ID":835209975,"LocalID":0,"Type":"y_n","Value":"N","CategoryFeatureId":"21005","CategoryFeatureGroupID":"4142","SortNo":"20","PresentationValue":"No","RawValue":"N","LocalValue":"No","Description":"A card reader is a device that enables reading and, in some cases, writing data to and from a memory card.","Mandatory":"1","Searchable":"1","Optional":"0","Feature":{"ID":"3374","Sign":"","Measure":{"ID":"26","Sign":"","Signs":{"ID":"","_":"","Language":"EN"}},"Name":{"Value":"Card reader integrated","Language":"EN"}}},{"Localized":0,"ID":835209960,"LocalID":0,"Type":"dropdown","Value":"UFS","CategoryFeatureId":"105669","CategoryFeatureGroupID":"4142","SortNo":"5","PresentationValue":"UFS","RawValue":"UFS","LocalValue":"UFS","Description":"Used for the storage of data e.g. HDD (hard disk drive), SSD (solid-state drive).","Mandatory":"1","Searchable":"0","Optional":"0","Feature":{"ID":"11441","Sign":"","Measure":{"ID":"29","Sign":"","Signs":{"ID":"","_":"","Language":"EN"}},"Name":{"Value":"Storage media","Language":"EN"}}}]},{"ID":8329,"SortNo":"86","FeatureGroup":{"ID":"163","Name":{"Value":"Graphics","Language":"EN"}},"Features":[{"Localized":0,"ID":835209934,"LocalID":0,"Type":"multi_dropdown","Value":"Adreno","CategoryFeatureId":"46082","CategoryFeatureGroupID":"8329","SortNo":"40","PresentationValue":"Adreno","RawValue":"Adreno","LocalValue":"Adreno","Description":"","Mandatory":"0","Searchable":"0","Optional":"0","Feature":{"ID":"7490","Sign":"","Measure":{"ID":"29","Sign":"","Signs":{"ID":"","_":"","Language":"EN"}},"Name":{"Value":"Graphics card family","Language":"EN"}}},{"Localized":0,"ID":835209947,"LocalID":0,"Type":"dropdown","Value":"Adreno 750","CategoryFeatureId":"16583","CategoryFeatureGroupID":"8329","SortNo":"18","PresentationValue":"Adreno 750","RawValue":"Adreno 750","LocalValue":"Adreno 750","Description":"","Mandatory":"0","Searchable":"0","Optional":"0","Feature":{"ID":"614","Sign":"","Measure":{"ID":"29","Sign":"","Signs":{"ID":"","_":"","Language":"EN"}},"Name":{"Value":"Graphics card","Language":"EN"}}}]},{"ID":846,"SortNo":"82","FeatureGroup":{"ID":"9","Name":{"Value":"Audio","Language":"EN"}},"Features":[{"Localized":0,"ID":835209961,"LocalID":0,"Type":"numerical","Value":"4","CategoryFeatureId":"20063","CategoryFeatureGroupID":"846","SortNo":"19","PresentationValue":"4","RawValue":"4","LocalValue":"4","Description":"","Mandatory":"0","Searchable":"0","Optional":"0","Feature":{"ID":"1851","Sign":"","Measure":{"ID":"29","Sign":"","Signs":{"ID":"","_":"","Language":"EN"}},"Name":{"Value":"Number of built-in speakers","Language":"EN"}}},{"Localized":0,"ID":835209963,"LocalID":0,"Type":"numerical","Value":"2","CategoryFeatureId":"317067","CategoryFeatureGroupID":"846","SortNo":"18","PresentationValue":"2","RawValue":"2","LocalValue":"2","Description":"","Mandatory":"0","Searchable":"0","Optional":"0","Feature":{"ID":"7252","Sign":"","Measure":{"ID":"29","Sign":"","Signs":{"ID":"","_":"","Language":"EN"}},"Name":{"Value":"Number of microphones","Language":"EN"}}},{"Localized":0,"ID":835209962,"LocalID":0,"Type":"dropdown","Value":"Dolby Atmos","CategoryFeatureId":"7128","CategoryFeatureGroupID":"846","SortNo":"0","PresentationValue":"Dolby Atmos","RawValue":"Dolby Atmos","LocalValue":"Dolby Atmos","Description":"System used to play music or speech.","Mandatory":"0","Searchable":"0","Optional":"0","Feature":{"ID":"442","Sign":"","Measure":{"ID":"29","Sign":"","Signs":{"ID":"","_":"","Language":"EN"}},"Name":{"Value":"Audio system","Language":"EN"}}}]},{"ID":4346,"SortNo":"80","FeatureGroup":{"ID":"95","Name":{"Value":"Camera","Language":"EN"}},"Features":[{"Localized":0,"ID":835209966,"LocalID":0,"Type":"dropdown","Value":"Dual camera","CategoryFeatureId":"331455","CategoryFeatureGroupID":"4346","SortNo":"100","PresentationValue":"Dual camera","RawValue":"Dual camera","LocalValue":"Dual camera","Description":"Indicates the type of the camera at the back of the product, dual or single.","Mandatory":"1","Searchable":"1","Optional":"0","Feature":{"ID":"27587","Sign":"","Measure":{"ID":"29","Sign":"","Signs":{"ID":"","_":"","Language":"EN"}},"Name":{"Value":"Rear camera type","Language":"EN"}}},{"Localized":0,"ID":835209967,"LocalID":0,"Type":"numerical","Value":"13","CategoryFeatureId":"80813","CategoryFeatureGroupID":"4346","SortNo":"90","PresentationValue":"13 MP","RawValue":"13","LocalValue":"13","Description":"The resolution of the images produced with the rear camera, given in MP (megapixel. 1 MP = 1 million pixels).","Mandatory":"1","Searchable":"0","Optional":"0","Feature":{"ID":"12435","Sign":"","Measure":{"ID":"165","Sign":"","Signs":{"ID":"3126","_":"MP","Language":"EN"}},"Name":{"Value":"Rear camera resolution (numeric)","Language":"EN"}}},{"Localized":0,"ID":835209968,"LocalID":0,"Type":"numerical","Value":"2","CategoryFeatureId":"331423","CategoryFeatureGroupID":"4346","SortNo":"85","PresentationValue":"2 MP","RawValue":"2","LocalValue":"2","Description":"","Mandatory":"0","Searchable":"0","Optional":"0","Feature":{"ID":"27588","Sign":"","Measure":{"ID":"165","Sign":"","Signs":{"ID":"3126","_":"MP","Language":"EN"}},"Name":{"Value":"Second rear camera resolution (numeric)","Language":"EN"}}},{"Localized":0,"ID":835209979,"LocalID":0,"Type":"numerical","Value":"2.2","CategoryFeatureId":"211145","CategoryFeatureGroupID":"4346","SortNo":"50","PresentationValue":"2.2","RawValue":"2.2","LocalValue":"2.2","Description":"","Mandatory":"0","Searchable":"0","Optional":"0","Feature":{"ID":"27597","Sign":"","Measure":{"ID":"29","Sign":"","Signs":{"ID":"","_":"","Language":"EN"}},"Name":{"Value":"Rear camera aperture number","Language":"EN"}}},{"Localized":0,"ID":835209969,"LocalID":0,"Type":"y_n","Value":"Y","CategoryFeatureId":"594525","CategoryFeatureGroupID":"4346","SortNo":"32","PresentationValue":"Yes","RawValue":"Y","LocalValue":"Yes","Description":"Whether or not the rear camera features its own flash.","Mandatory":"0","Searchable":"0","Optional":"0","Feature":{"ID":"36602","Sign":"","Measure":{"ID":"26","Sign":"","Signs":{"ID":"","_":"","Language":"EN"}},"Name":{"Value":"Rear camera flash","Language":"EN"}}},{"Localized":0,"ID":835210084,"LocalID":0,"Type":"y_n","Value":"Y","CategoryFeatureId":"952681","CategoryFeatureGroupID":"4346","SortNo":"31","PresentationValue":"Yes","RawValue":"Y","LocalValue":"Yes","Description":"","Mandatory":"0","Searchable":"0","Optional":"0","Feature":{"ID":"36310","Sign":"","Measure":{"ID":"26","Sign":"","Signs":{"ID":"","_":"","Language":"EN"}},"Name":{"Value":"High Dynamic Range (HDR) supported","Language":"EN"}}},{"Localized":0,"ID":835210088,"LocalID":0,"Type":"dropdown","Value":"Dolby Vision","CategoryFeatureId":"952643","CategoryFeatureGroupID":"4346","SortNo":"30","PresentationValue":"Dolby Vision","RawValue":"Dolby Vision","LocalValue":"Dolby Vision","Description":"","Mandatory":"0","Searchable":"0","Optional":"0","Feature":{"ID":"40712","Sign":"","Measure":{"ID":"29","Sign":"","Signs":{"ID":"","_":"","Language":"EN"}},"Name":{"Value":"High Dynamic Range (HDR) technology","Language":"EN"}}},{"Localized":0,"ID":835209964,"LocalID":0,"Type":"y_n","Value":"Y","CategoryFeatureId":"80815","CategoryFeatureGroupID":"4346","SortNo":"22","PresentationValue":"Yes","RawValue":"Y","LocalValue":"Yes","Description":"Camera at the front of the product.","Mandatory":"1","Searchable":"0","Optional":"0","Feature":{"ID":"12436","Sign":"","Measure":{"ID":"26","Sign":"","Signs":{"ID":"","_":"","Language":"EN"}},"Name":{"Value":"Front camera","Language":"EN"}}},{"Localized":0,"ID":835209965,"LocalID":0,"Type":"numerical","Value":"13","CategoryFeatureId":"80816","CategoryFeatureGroupID":"4346","SortNo":"21","PresentationValue":"13 MP","RawValue":"13","LocalValue":"13","Description":"","Mandatory":"0","Searchable":"0","Optional":"0","Feature":{"ID":"12437","Sign":"","Measure":{"ID":"165","Sign":"","Signs":{"ID":"3126","_":"MP","Language":"EN"}},"Name":{"Value":"Front camera resolution (numeric)","Language":"EN"}}},{"Localized":0,"ID":835209977,"LocalID":0,"Type":"numerical","Value":"2.2","CategoryFeatureId":"211144","CategoryFeatureGroupID":"4346","SortNo":"21","PresentationValue":"2.2","RawValue":"2.2","LocalValue":"2.2","Description":"","Mandatory":"0","Searchable":"0","Optional":"0","Feature":{"ID":"27601","Sign":"","Measure":{"ID":"29","Sign":"","Signs":{"ID":"","_":"","Language":"EN"}},"Name":{"Value":"Front camera aperture number","Language":"EN"}}},{"Localized":0,"ID":835209978,"LocalID":0,"Type":"numerical","Value":"101","CategoryFeatureId":"259241","CategoryFeatureGroupID":"4346","SortNo":"20","PresentationValue":"101°","RawValue":"101","LocalValue":"101","Description":"","Mandatory":"0","Searchable":"0","Optional":"0","Feature":{"ID":"36918","Sign":"","Measure":{"ID":"32","Sign":"","Signs":{"ID":"16","_":"°","Language":"EN"}},"Name":{"Value":"Front camera field of view (FOV) angle","Language":"EN"}}}]},{"ID":2678,"SortNo":"74","FeatureGroup":{"ID":"35","Name":{"Value":"Network","Language":"EN"}},"Features":[{"Localized":0,"ID":835210224,"LocalID":0,"Type":"y_n","Value":"N","CategoryFeatureId":"328664","CategoryFeatureGroupID":"2678","SortNo":"410","PresentationValue":"No","RawValue":"N","LocalValue":"No","Description":"","Mandatory":"1","Searchable":"1","Optional":"0","Feature":{"ID":"24557","Sign":"","Measure":{"ID":"26","Sign":"","Signs":{"ID":"","_":"","Language":"EN"}},"Name":{"Value":"Mobile network connection","Language":"EN"}}},{"Localized":0,"ID":835210170,"LocalID":0,"Type":"y_n","Value":"Y","CategoryFeatureId":"21000","CategoryFeatureGroupID":"2678","SortNo":"300","PresentationValue":"Yes","RawValue":"Y","LocalValue":"Yes","Description":"Bluetooth is a low-power radio technology developed to replace the cables and wires currently used to link or connect electronic devices such as personal computers, printers, and a wide variety of handheld devices including mobile phones. Because it uses radio-wave connectivity, a Bluetooth-enabled device has a constant, established connection to whatever browser it uses. This saves the user the trouble of logging on to check for emails or news updates, for example.","Mandatory":"0","Searchable":"0","Optional":"0","Feature":{"ID":"2183","Sign":"","Measure":{"ID":"26","Sign":"","Signs":{"ID":"","_":"","Language":"EN"}},"Name":{"Value":"Bluetooth","Language":"EN"}}},{"Localized":0,"ID":835210184,"LocalID":0,"Type":"dropdown","Value":"5.4","CategoryFeatureId":"21001","CategoryFeatureGroupID":"2678","SortNo":"299","PresentationValue":"5.4","RawValue":"5.4","LocalValue":"5.4","Description":"The type of bluetooth technology in the product e.g. Bluetooth Smart (v4.0).","Mandatory":"0","Searchable":"0","Optional":"0","Feature":{"ID":"1208","Sign":"","Measure":{"ID":"29","Sign":"","Signs":{"ID":"","_":"","Language":"EN"}},"Name":{"Value":"Bluetooth version","Language":"EN"}}},{"Localized":0,"ID":835210154,"LocalID":0,"Type":"dropdown","Value":"Wi-Fi 7 (802.11be)","CategoryFeatureId":"169236","CategoryFeatureGroupID":"2678","SortNo":"85","PresentationValue":"Wi-Fi 7 (802.11be)","RawValue":"Wi-Fi 7 (802.11be)","LocalValue":"Wi-Fi 7 (802.11be)","Description":"Connection of this device is done via Wi-Fi in a high standard.","Mandatory":"1","Searchable":"0","Optional":"0","Feature":{"ID":"24993","Sign":"","Measure":{"ID":"29","Sign":"","Signs":{"ID":"","_":"","Language":"EN"}},"Name":{"Value":"Top Wi-Fi standard","Language":"EN"}}},{"Localized":0,"ID":835210159,"LocalID":0,"Type":"multi_dropdown","Value":"Wi-Fi 7 (802.11be)","CategoryFeatureId":"50074","CategoryFeatureGroupID":"2678","SortNo":"49","PresentationValue":"Wi-Fi 7 (802.11be)","RawValue":"Wi-Fi 7 (802.11be)","LocalValue":"Wi-Fi 7 (802.11be)","Description":"The type of wireless local area network (LAN). It can be ad-hoc, where units in a network communicate peer-to-peer, or Infrastructure, where units communicate with each other via an access point  A LAN interconnects computers in a small area e.g. home, school or office.","Mandatory":"0","Searchable":"0","Optional":"0","Feature":{"ID":"432","Sign":"","Measure":{"ID":"29","Sign":"","Signs":{"ID":"","_":"","Language":"EN"}},"Name":{"Value":"Wi-Fi standards","Language":"EN"}}},{"Localized":0,"ID":835210220,"LocalID":0,"Type":"y_n","Value":"Y","CategoryFeatureId":"57781","CategoryFeatureGroupID":"2678","SortNo":"0","PresentationValue":"Yes","RawValue":"Y","LocalValue":"Yes","Description":"","Mandatory":"0","Searchable":"0","Optional":"0","Feature":{"ID":"9779","Sign":"","Measure":{"ID":"26","Sign":"","Signs":{"ID":"","_":"","Language":"EN"}},"Name":{"Value":"Wi-Fi Direct","Language":"EN"}}},{"Localized":0,"ID":835210216,"LocalID":0,"Type":"dropdown","Value":"Not installed","CategoryFeatureId":"89646","CategoryFeatureGroupID":"2678","SortNo":"0","PresentationValue":"Not installed","RawValue":"Not installed","LocalValue":"Not installed","Description":"","Mandatory":"0","Searchable":"0","Optional":"0","Feature":{"ID":"7481","Sign":"","Measure":{"ID":"29","Sign":"","Signs":{"ID":"","_":"","Language":"EN"}},"Name":{"Value":"WWAN","Language":"EN"}}}]},{"ID":847,"SortNo":"72","FeatureGroup":{"ID":"12","Name":{"Value":"Ports & interfaces","Language":"EN"}},"Features":[{"Localized":0,"ID":835210225,"LocalID":0,"Type":"numerical","Value":"1","CategoryFeatureId":"161325","CategoryFeatureGroupID":"847","SortNo":"77","PresentationValue":"1","RawValue":"1","LocalValue":"1","Description":"Number of USB 3.0 (3.1 Gen 1) ports with Type-C connector. USB 3.0 (3.1 Gen 1) is USB interface version which supports transfer rate up to 5 Gbit/s (SuperSpeed). USB Type-C connector has symmetrical design architecture and compatible with Thunderbolt 3 interface.","Mandatory":"0","Searchable":"0","Optional":"0","Feature":{"ID":"22702","Sign":"","Measure":{"ID":"29","Sign":"","Signs":{"ID":"","_":"","Language":"EN"}},"Name":{"Value":"USB 3.2 Gen 1 (3.1 Gen 1) Type-C ports quantity","Language":"EN"}}},{"Localized":0,"ID":835210227,"LocalID":0,"Type":"y_n","Value":"Y","CategoryFeatureId":"710619","CategoryFeatureGroupID":"847","SortNo":"65","PresentationValue":"Yes","RawValue":"Y","LocalValue":"Yes","Description":"","Mandatory":"0","Searchable":"0","Optional":"0","Feature":{"ID":"31406","Sign":"","Measure":{"ID":"26","Sign":"","Signs":{"ID":"","_":"","Language":"EN"}},"Name":{"Value":"USB Type-C DisplayPort Alternate Mode","Language":"EN"}}},{"Localized":0,"ID":835210226,"LocalID":0,"Type":"multi_dropdown","Value":"Lenovo Pogo Pin","CategoryFeatureId":"96784","CategoryFeatureGroupID":"847","SortNo":"-1","PresentationValue":"Lenovo Pogo Pin","RawValue":"Lenovo Pogo Pin","LocalValue":"Lenovo Pogo Pin","Description":"A docking connector is a connector used to attach a mobile electronic device simultaneously to multiple external resources e.g. Apple Lightning, Micro-USB.","Mandatory":"0","Searchable":"0","Optional":"0","Feature":{"ID":"14838","Sign":"","Measure":{"ID":"29","Sign":"","Signs":{"ID":"","_":"","Language":"EN"}},"Name":{"Value":"Docking connector type","Language":"EN"}}}]},{"ID":8332,"SortNo":"52","FeatureGroup":{"ID":"42","Name":{"Value":"Phone features","Language":"EN"}},"Features":[{"Localized":0,"ID":835209970,"LocalID":0,"Type":"y_n","Value":"N","CategoryFeatureId":"63483","CategoryFeatureGroupID":"8332","SortNo":"0","PresentationValue":"No","RawValue":"N","LocalValue":"No","Description":"","Mandatory":"0","Searchable":"0","Optional":"0","Feature":{"ID":"10126","Sign":"","Measure":{"ID":"26","Sign":"","Signs":{"ID":"","_":"","Language":"EN"}},"Name":{"Value":"Voice call","Language":"EN"}}}]},{"ID":10998,"SortNo":"40","FeatureGroup":{"ID":"148","Name":{"Value":"Design","Language":"EN"}},"Features":[{"Localized":0,"ID":835210134,"LocalID":0,"Type":"text","Value":"Seashell","CategoryFeatureId":"270481","CategoryFeatureGroupID":"10998","SortNo":"600","PresentationValue":"Seashell","RawValue":"Seashell","LocalValue":"Seashell","Description":"","Mandatory":"0","Searchable":"0","Optional":"0","Feature":{"ID":"17956","Sign":"","Measure":{"ID":"29","Sign":"","Signs":{"ID":"","_":"","Language":"EN"}},"Name":{"Value":"Colour name","Language":"EN"}}},{"Localized":0,"ID":835210135,"LocalID":0,"Type":"dropdown","Value":"Mobile tablet","CategoryFeatureId":"95720","CategoryFeatureGroupID":"10998","SortNo":"500","PresentationValue":"Mobile tablet","RawValue":"Mobile tablet","LocalValue":"Mobile tablet","Description":"Type or category of the device.","Mandatory":"1","Searchable":"0","Optional":"0","Feature":{"ID":"2328","Sign":"","Measure":{"ID":"29","Sign":"","Signs":{"ID":"","_":"","Language":"EN"}},"Name":{"Value":"Device type","Language":"EN"}}},{"Localized":0,"ID":835210136,"LocalID":0,"Type":"dropdown","Value":"Metal","CategoryFeatureId":"327763","CategoryFeatureGroupID":"10998","SortNo":"300","PresentationValue":"Metal","RawValue":"Metal","LocalValue":"Metal","Description":"What the casing of the product is made of.","Mandatory":"0","Searchable":"0","Optional":"0","Feature":{"ID":"5214","Sign":"","Measure":{"ID":"29","Sign":"","Signs":{"ID":"","_":"","Language":"EN"}},"Name":{"Value":"Housing material","Language":"EN"}}},{"Localized":0,"ID":835210133,"LocalID":0,"Type":"dropdown","Value":"Slate","CategoryFeatureId":"7141","CategoryFeatureGroupID":"10998","SortNo":"100","PresentationValue":"Slate","RawValue":"Slate","LocalValue":"Slate","Description":"The shape or design of the product.","Mandatory":"1","Searchable":"1","Optional":"0","Feature":{"ID":"771","Sign":"","Measure":{"ID":"29","Sign":"","Signs":{"ID":"","_":"","Language":"EN"}},"Name":{"Value":"Form factor","Language":"EN"}}},{"Localized":0,"ID":835269459,"LocalID":0,"Type":"dropdown","Value":"Grey","CategoryFeatureId":"35294","CategoryFeatureGroupID":"10998","SortNo":"1","PresentationValue":"Grey","RawValue":"Grey","LocalValue":"Grey","Description":"The colour e.g. red, blue, green, black, white.","Mandatory":"1","Searchable":"1","Optional":"0","Feature":{"ID":"1766","Sign":"","Measure":{"ID":"29","Sign":"","Signs":{"ID":"","_":"","Language":"EN"}},"Name":{"Value":"Product colour","Language":"EN"}}}]},{"ID":11000,"SortNo":"30","FeatureGroup":{"ID":"184","Name":{"Value":"Performance","Language":"EN"}},"Features":[{"Localized":0,"ID":835210223,"LocalID":0,"Type":"y_n","Value":"N","CategoryFeatureId":"54330","CategoryFeatureGroupID":"11000","SortNo":"110","PresentationValue":"No","RawValue":"N","LocalValue":"No","Description":"Assisted GPS, generally abbreviated as A-GPS, enhances the startup performance of a GPS satellite-based positioning system. It is used extensively with GPS-capable cellular phones as its development was accelerated by the U.S. FCC's 911 mandate making the location of a cell phone available to emergency call dispatchers.","Mandatory":"1","Searchable":"0","Optional":"0","Feature":{"ID":"6623","Sign":"","Measure":{"ID":"26","Sign":"","Signs":{"ID":"","_":"","Language":"EN"}},"Name":{"Value":"Assisted GPS (A-GPS)","Language":"EN"}}},{"Localized":0,"ID":835209971,"LocalID":0,"Type":"y_n","Value":"Y","CategoryFeatureId":"57378","CategoryFeatureGroupID":"11000","SortNo":"20","PresentationValue":"Yes","RawValue":"Y","LocalValue":"Yes","Description":"","Mandatory":"0","Searchable":"0","Optional":"0","Feature":{"ID":"9731","Sign":"","Measure":{"ID":"26","Sign":"","Signs":{"ID":"","_":"","Language":"EN"}},"Name":{"Value":"Accelerometer","Language":"EN"}}},{"Localized":0,"ID":835209972,"LocalID":0,"Type":"y_n","Value":"Y","CategoryFeatureId":"57379","CategoryFeatureGroupID":"11000","SortNo":"16","PresentationValue":"Yes","RawValue":"Y","LocalValue":"Yes","Description":"","Mandatory":"0","Searchable":"0","Optional":"0","Feature":{"ID":"9732","Sign":"","Measure":{"ID":"26","Sign":"","Signs":{"ID":"","_":"","Language":"EN"}},"Name":{"Value":"Gyroscope","Language":"EN"}}},{"Localized":0,"ID":835209973,"LocalID":0,"Type":"y_n","Value":"Y","CategoryFeatureId":"903469","CategoryFeatureGroupID":"11000","SortNo":"8","PresentationValue":"Yes","RawValue":"Y","LocalValue":"Yes","Description":"","Mandatory":"0","Searchable":"0","Optional":"0","Feature":{"ID":"38333","Sign":"","Measure":{"ID":"26","Sign":"","Signs":{"ID":"","_":"","Language":"EN"}},"Name":{"Value":"Hall sensor","Language":"EN"}}},{"Localized":0,"ID":835210222,"LocalID":0,"Type":"y_n","Value":"N","CategoryFeatureId":"166075","CategoryFeatureGroupID":"11000","SortNo":"0","PresentationValue":"No","RawValue":"N","LocalValue":"No","Description":"Whether the navigation system can locate the phone's position.","Mandatory":"1","Searchable":"1","Optional":"0","Feature":{"ID":"26425","Sign":"","Measure":{"ID":"26","Sign":"","Signs":{"ID":"","_":"","Language":"EN"}},"Name":{"Value":"Position location","Language":"EN"}}}]},{"ID":29709,"SortNo":"29","FeatureGroup":{"ID":"75","Name":{"Value":"Security","Language":"EN"}},"Features":[{"Localized":0,"ID":835210245,"LocalID":0,"Type":"y_n","Value":"N","CategoryFeatureId":"31233","CategoryFeatureGroupID":"29709","SortNo":"70","PresentationValue":"No","RawValue":"N","LocalValue":"No","Description":"A scanner used to identify a person's fingerprint for security purposes. After a sample is taken, access to a computer or other system is granted if the fingerprint matches the stored sample. A PIN may also be used with the fingerprint sample.","Mandatory":"0","Searchable":"0","Optional":"0","Feature":{"ID":"3577","Sign":"","Measure":{"ID":"26","Sign":"","Signs":{"ID":"","_":"","Language":"EN"}},"Name":{"Value":"Fingerprint reader","Language":"EN"}}},{"Localized":0,"ID":835209985,"LocalID":0,"Type":"y_n","Value":"Y","CategoryFeatureId":"258701","CategoryFeatureGroupID":"29709","SortNo":"65","PresentationValue":"Yes","RawValue":"Y","LocalValue":"Yes","Description":"","Mandatory":"0","Searchable":"0","Optional":"0","Feature":{"ID":"10935","Sign":"","Measure":{"ID":"26","Sign":"","Signs":{"ID":"","_":"","Language":"EN"}},"Name":{"Value":"Face recognition","Language":"EN"}}}]},{"ID":12019,"SortNo":"25","FeatureGroup":{"ID":"90","Name":{"Value":"Software","Language":"EN"}},"Features":[{"Localized":0,"ID":835209954,"LocalID":0,"Type":"dropdown","Value":"Android","CategoryFeatureId":"164597","CategoryFeatureGroupID":"12019","SortNo":"101","PresentationValue":"Android","RawValue":"Android","LocalValue":"Android","Description":"Description of a technology platform including a processor, chipset, platform software and wired networking capabilities.","Mandatory":"1","Searchable":"1","Optional":"0","Feature":{"ID":"75","Sign":"","Measure":{"ID":"29","Sign":"","Signs":{"ID":"","_":"","Language":"EN"}},"Name":{"Value":"Platform","Language":"EN"}}},{"Localized":0,"ID":835209955,"LocalID":0,"Type":"dropdown","Value":"Android 15","CategoryFeatureId":"20706","CategoryFeatureGroupID":"12019","SortNo":"84","PresentationValue":"Android 15","RawValue":"Android 15","LocalValue":"Android 15","Description":"Type of operating system on a device e.g. IOS on Apple devices, Android for mobile devices.","Mandatory":"1","Searchable":"1","Optional":"0","Feature":{"ID":"3233","Sign":"","Measure":{"ID":"29","Sign":"","Signs":{"ID":"","_":"","Language":"EN"}},"Name":{"Value":"Operating system installed","Language":"EN"}}}]},{"ID":7821,"SortNo":"14","FeatureGroup":{"ID":"143","Name":{"Value":"Battery","Language":"EN"}},"Features":[{"Localized":0,"ID":835269458,"LocalID":0,"Type":"y_n","Value":"Y","CategoryFeatureId":"904572","CategoryFeatureGroupID":"7821","SortNo":"55","PresentationValue":"Yes","RawValue":"Y","LocalValue":"Yes","Description":"","Mandatory":"0","Searchable":"0","Optional":"0","Feature":{"ID":"24055","Sign":"","Measure":{"ID":"26","Sign":"","Signs":{"ID":"","_":"","Language":"EN"}},"Name":{"Value":"Battery included","Language":"EN"}}},{"Localized":0,"ID":835209987,"LocalID":0,"Type":"dropdown","Value":"Lithium-Ion (Li-Ion)","CategoryFeatureId":"7140","CategoryFeatureGroupID":"7821","SortNo":"50","PresentationValue":"Lithium-Ion (Li-Ion)","RawValue":"Lithium-Ion (Li-Ion)","LocalValue":"Lithium-Ion (Li-Ion)","Description":"The type of battery in the device, e.g. nickel–cadmium (NiCd).","Mandatory":"1","Searchable":"0","Optional":"0","Feature":{"ID":"434","Sign":"","Measure":{"ID":"29","Sign":"","Signs":{"ID":"","_":"","Language":"EN"}},"Name":{"Value":"Battery technology","Language":"EN"}}},{"Localized":0,"ID":835209986,"LocalID":0,"Type":"numerical","Value":"8860","CategoryFeatureId":"34247","CategoryFeatureGroupID":"7821","SortNo":"48","PresentationValue":"8860 mAh","RawValue":"8860","LocalValue":"8860","Description":"A measure of the charge stored by the battery. Determined by the mass of active material contained in the battery.","Mandatory":"1","Searchable":"0","Optional":"0","Feature":{"ID":"909","Sign":"","Measure":{"ID":"51","Sign":"","Signs":{"ID":"35","_":"mAh","Language":"EN"}},"Name":{"Value":"Battery capacity","Language":"EN"}}},{"Localized":0,"ID":835209991,"LocalID":0,"Type":"numerical","Value":"12","CategoryFeatureId":"44885","CategoryFeatureGroupID":"7821","SortNo":"32","PresentationValue":"12 h","RawValue":"12","LocalValue":"12","Description":"","Mandatory":"0","Searchable":"0","Optional":"0","Feature":{"ID":"2173","Sign":"","Measure":{"ID":"46","Sign":"","Signs":{"ID":"30","_":"h","Language":"EN"}},"Name":{"Value":"Continuous video playback time","Language":"EN"}}},{"Localized":0,"ID":835209988,"LocalID":0,"Type":"numerical","Value":"12","CategoryFeatureId":"101390","CategoryFeatureGroupID":"7821","SortNo":"30","PresentationValue":"12 h","RawValue":"12","LocalValue":"12","Description":"","Mandatory":"0","Searchable":"0","Optional":"0","Feature":{"ID":"15264","Sign":"","Measure":{"ID":"46","Sign":"","Signs":{"ID":"30","_":"h","Language":"EN"}},"Name":{"Value":"Browsing time (Wi-Fi)","Language":"EN"}}}]},{"ID":849,"SortNo":"13","FeatureGroup":{"ID":"27","Name":{"Value":"Power","Language":"EN"}},"Features":[{"Localized":0,"ID":835210246,"LocalID":0,"Type":"y_n","Value":"Y","CategoryFeatureId":"974881","CategoryFeatureGroupID":"849","SortNo":"0","PresentationValue":"Yes","RawValue":"Y","LocalValue":"Yes","Description":"","Mandatory":"1","Searchable":"0","Optional":"0","Feature":{"ID":"48505","Sign":"","Measure":{"ID":"26","Sign":"","Signs":{"ID":"","_":"","Language":"EN"}},"Name":{"Value":"USB Type-C charging port","Language":"EN"}}}]},{"ID":82701,"SortNo":"12","FeatureGroup":{"ID":"32","Name":{"Value":"Endurance","Language":"EN"}},"Features":[{"Localized":0,"ID":835210235,"LocalID":0,"Type":"dropdown","Value":"IP53","CategoryFeatureId":"122419","CategoryFeatureGroupID":"82701","SortNo":"38","PresentationValue":"IP53","RawValue":"IP53","LocalValue":"IP53","Description":"The IP code classifies and rates the degree of protection provided against the intrusion (including body parts such as hands and fingers), dust, accidental contact, and water by mechanical casings and electrical enclosures. It is published by the International Electrotechnical Commission (IEC). The digits (characteristic numerals) indicate conformity with the conditions summarized in the tables below. Where there is no protection rating with regard to one of the criteria, the digit is replaced with the letter X. an electrical socket rated IP22 is protected against insertion of fingers and will not be damaged or become unsafe during a specified test in which it is exposed to vertically or nearly vertically dripping water. Another example is the Sony Xperia Z Ultra, one of the first cellular phones to be IP-rated; it is rated at IP58 and marketed as \"dust resistant\" and can be \"immersed in 1.5 meter of freshwater for up to 30 minutes\".","Mandatory":"1","Searchable":"0","Optional":"0","Feature":{"ID":"7900","Sign":"","Measure":{"ID":"29","Sign":"","Signs":{"ID":"","_":"","Language":"EN"}},"Name":{"Value":"International Protection (IP) code","Language":"EN"}}}]},{"ID":72248,"SortNo":"11","FeatureGroup":{"ID":"279","Name":{"Value":"Sustainability","Language":"EN"}},"Features":[{"Localized":0,"ID":835210230,"LocalID":0,"Type":"multi_dropdown","Value":"ENERGY STAR","CategoryFeatureId":"609612","CategoryFeatureGroupID":"72248","SortNo":"0","PresentationValue":"ENERGY STAR","RawValue":"ENERGY STAR","LocalValue":"ENERGY STAR","Description":"","Mandatory":"0","Searchable":"0","Optional":"0","Feature":{"ID":"42513","Sign":"","Measure":{"ID":"29","Sign":"","Signs":{"ID":"","_":"","Language":"EN"}},"Name":{"Value":"Sustainability certificates","Language":"EN"}}}]},{"ID":848,"SortNo":"5","FeatureGroup":{"ID":"14","Name":{"Value":"Weight & dimensions","Language":"EN"}},"Features":[{"Localized":0,"ID":835210240,"LocalID":0,"Type":"numerical","Value":"255.52","CategoryFeatureId":"21002","CategoryFeatureGroupID":"848","SortNo":"10","PresentationValue":"255.5 mm","RawValue":"255.52","LocalValue":"255.5","Description":"The measurement or extent of something from side to side.","Mandatory":"0","Searchable":"0","Optional":"0","Feature":{"ID":"1649","Sign":"","Measure":{"ID":"24","Sign":"","Signs":{"ID":"3","_":"mm","Language":"EN"}},"Name":{"Value":"Width","Language":"EN"}}},{"Localized":0,"ID":835210241,"LocalID":0,"Type":"numerical","Value":"165.84","CategoryFeatureId":"21003","CategoryFeatureGroupID":"848","SortNo":"9","PresentationValue":"165.8 mm","RawValue":"165.84","LocalValue":"165.8","Description":"The distance from the front to the back of something.","Mandatory":"0","Searchable":"0","Optional":"0","Feature":{"ID":"1650","Sign":"","Measure":{"ID":"24","Sign":"","Signs":{"ID":"3","_":"mm","Language":"EN"}},"Name":{"Value":"Depth","Language":"EN"}}},{"Localized":0,"ID":835210242,"LocalID":0,"Type":"numerical","Value":"6.2","CategoryFeatureId":"21004","CategoryFeatureGroupID":"848","SortNo":"7","PresentationValue":"6.2 mm","RawValue":"6.2","LocalValue":"6.2","Description":"The measurement of the product from head to foot or from base to top.","Mandatory":"0","Searchable":"0","Optional":"0","Feature":{"ID":"1464","Sign":"","Measure":{"ID":"24","Sign":"","Signs":{"ID":"3","_":"mm","Language":"EN"}},"Name":{"Value":"Height","Language":"EN"}}},{"Localized":0,"ID":835210243,"LocalID":0,"Type":"numerical","Value":"458","CategoryFeatureId":"12812","CategoryFeatureGroupID":"848","SortNo":"4","PresentationValue":"458 g","RawValue":"458","LocalValue":"458","Description":"Weight of the product without packaging (net weight). If possible, the net weight is given including standard accessories and supplies. Please note that sometimes the manufacturer leaves out the weight of accessories and/or supplies.","Mandatory":"0","Searchable":"0","Optional":"0","Feature":{"ID":"94","Sign":"","Measure":{"ID":"38","Sign":"","Signs":{"ID":"22","_":"g","Language":"EN"}},"Name":{"Value":"Weight","Language":"EN"}}}]},{"ID":6516,"SortNo":"3","FeatureGroup":{"ID":"116","Name":{"Value":"Packaging content","Language":"EN"}},"Features":[{"Localized":0,"ID":835210244,"LocalID":0,"Type":"y_n","Value":"N","CategoryFeatureId":"238783","CategoryFeatureGroupID":"6516","SortNo":"201","PresentationValue":"No","RawValue":"N","LocalValue":"No","Description":"A keyboard is part of the bundle/set.","Mandatory":"0","Searchable":"0","Optional":"0","Feature":{"ID":"33532","Sign":"","Measure":{"ID":"26","Sign":"","Signs":{"ID":"","_":"","Language":"EN"}},"Name":{"Value":"Keyboard included","Language":"EN"}}},{"Localized":0,"ID":835210239,"LocalID":0,"Type":"y_n","Value":"Y","CategoryFeatureId":"91105","CategoryFeatureGroupID":"6516","SortNo":"100","PresentationValue":"Yes","RawValue":"Y","LocalValue":"Yes","Description":"","Mandatory":"0","Searchable":"0","Optional":"0","Feature":{"ID":"8064","Sign":"","Measure":{"ID":"26","Sign":"","Signs":{"ID":"","_":"","Language":"EN"}},"Name":{"Value":"Stylus pen","Language":"EN"}}},{"Localized":0,"ID":835210250,"LocalID":0,"Type":"y_n","Value":"N","CategoryFeatureId":"57785","CategoryFeatureGroupID":"6516","SortNo":"10","PresentationValue":"No","RawValue":"N","LocalValue":"No","Description":"","Mandatory":"1","Searchable":"0","Optional":"0","Feature":{"ID":"1230","Sign":"","Measure":{"ID":"26","Sign":"","Signs":{"ID":"","_":"","Language":"EN"}},"Name":{"Value":"AC adapter included","Language":"EN"}}}]},{"ID":41361,"SortNo":"0","FeatureGroup":{"ID":"76","Name":{"Value":"Certificates","Language":"EN"}},"Features":[{"Localized":0,"ID":835210233,"LocalID":0,"Type":"multi_dropdown","Value":"RoHS","CategoryFeatureId":"953276","CategoryFeatureGroupID":"41361","SortNo":"0","PresentationValue":"RoHS","RawValue":"RoHS","LocalValue":"RoHS","Description":"","Mandatory":"0","Searchable":"0","Optional":"0","Feature":{"ID":"48024","Sign":"","Measure":{"ID":"29","Sign":"","Signs":{"ID":"","_":"","Language":"EN"}},"Name":{"Value":"Compliance certificates","Language":"EN"}}},{"Localized":0,"ID":835210232,"LocalID":0,"Type":"textarea","Value":"ErP Lot 6/26\nTÜV Rheinland Flicker Free\nTÜV Rheinland Low Blue Light (Hardware Solution)\nTÜV Rheinland Full Care Display 3.0 Certification","CategoryFeatureId":"34269","CategoryFeatureGroupID":"41361","SortNo":"-100","PresentationValue":"ErP Lot 6/26\nTÜV Rheinland Flicker Free\nTÜV Rheinland Low Blue Light (Hardware Solution)\nTÜV Rheinland Full Care Display 3.0 Certification","RawValue":"ErP Lot 6/26\nTÜV Rheinland Flicker Free\nTÜV Rheinland Low Blue Light (Hardware Solution)\nTÜV Rheinland Full Care Display 3.0 Certification","LocalValue":"ErP Lot 6/26\nTÜV Rheinland Flicker Free\nTÜV Rheinland Low Blue Light (Hardware Solution)\nTÜV Rheinland Full Care Display 3.0 Certification","Description":"","Mandatory":"0","Searchable":"0","Optional":"0","Feature":{"ID":"249","Sign":"","Measure":{"ID":"29","Sign":"","Signs":{"ID":"","_":"","Language":"EN"}},"Name":{"Value":"Certification","Language":"EN"}}}]},{"ID":850,"SortNo":"-10","FeatureGroup":{"ID":"28","Name":{"Value":"Operational conditions","Language":"EN"}},"Features":[{"Localized":0,"ID":835210228,"LocalID":0,"Type":"range","Value":"0 - 40","CategoryFeatureId":"7146","CategoryFeatureGroupID":"850","SortNo":"50","PresentationValue":"0 - 40 °C","RawValue":"0 - 40","LocalValue":"0 - 40","Description":"The minimum and maximum temperatures at which the product can be safely operated.","Mandatory":"0","Searchable":"0","Optional":"0","Feature":{"ID":"1112","Sign":"","Measure":{"ID":"65","Sign":"","Signs":{"ID":"48","_":"°C","Language":"EN"}},"Name":{"Value":"Operating temperature (T-T)","Language":"EN"}}},{"Localized":0,"ID":835210229,"LocalID":0,"Type":"range","Value":"-20 - 60","CategoryFeatureId":"16604","CategoryFeatureGroupID":"850","SortNo":"47","PresentationValue":"-20 - 60 °C","RawValue":"-20 - 60","LocalValue":"-20 - 60","Description":"The minimum and maximum temperatures at which the product can be safely stored.","Mandatory":"0","Searchable":"0","Optional":"0","Feature":{"ID":"757","Sign":"","Measure":{"ID":"65","Sign":"","Signs":{"ID":"48","_":"°C","Language":"EN"}},"Name":{"Value":"Storage temperature (T-T)","Language":"EN"}}}]},{"ID":7816,"SortNo":"-100","FeatureGroup":{"ID":"146","Name":{"Value":"Other features","Language":"EN"}},"Features":[{"Localized":0,"ID":835210016,"LocalID":0,"Type":"contrast ratio","Value":"1400:1","CategoryFeatureId":"34270","CategoryFeatureGroupID":"7816","SortNo":"0","PresentationValue":"1400:1","RawValue":"1400:1","LocalValue":"1400:1","Description":"The difference in light intensity between the brightest white and the darkest black.","Mandatory":"0","Searchable":"0","Optional":"1","Feature":{"ID":"34","Sign":"","Measure":{"ID":"29","Sign":"","Signs":{"ID":"","_":"","Language":"EN"}},"Name":{"Value":"Contrast ratio (typical)","Language":"EN"}}},{"Localized":0,"ID":835210143,"LocalID":0,"Type":"dropdown","Value":"Buttons","CategoryFeatureId":"58802","CategoryFeatureGroupID":"7816","SortNo":"0","PresentationValue":"Buttons","RawValue":"Buttons","LocalValue":"Buttons","Description":"","Mandatory":"0","Searchable":"0","Optional":"1","Feature":{"ID":"2587","Sign":"","Measure":{"ID":"29","Sign":"","Signs":{"ID":"","_":"","Language":"EN"}},"Name":{"Value":"Volume control","Language":"EN"}}}]}],"FeatureLogos":[{"LogoPic":"https://images.icecat.biz/img/feature_logo/4-8210.png","Width":"195","Height":"200","Size":"0","ThumbPic":"https://images.icecat.biz/img/feature_logo_thumbs/4-8210.png","FeatureID":"42513","Value":"ENERGY STAR","KeyLogo":0,"Description":{"Value":"ENERGY STAR® is the government-backed symbol for energy efficiency, providing simple, credible, and unbiased information that consumers and businesses rely on to make well-informed decisions. ENERGY STAR is the simple choice for energy efficiency, making it easy for consumers and businesses to purchase products that save them money and protect the environment.","Language":"EN"}},{"LogoPic":"https://images.icecat.biz/img/feature_logo/8-2276.png","Width":"200","Height":"200","Size":"0","ThumbPic":"https://images.icecat.biz/img/feature_logo_thumbs/8-2276.png","FeatureID":"48024","Value":"RoHS","KeyLogo":1,"Description":{"Value":"RoHS stands for Restriction of Hazardous Substances. RoHS, also known as Directive 2002/95/EC, originated in the European Union and restricts the use of specific hazardous materials found in electrical and electronic products (known as EEE). All applicable products in the EU market after July 1, 2006 must pass RoHS compliance. The substances banned under RoHS are lead (Pb), mercury (Hg), cadmium (Cd), hexavalent chromium (CrVI), polybrominated biphenyls (PBB), polybrominated diphenyl ethers (PBDE), and four different phthalates (DEHP, BBP, BBP, DIBP).","Language":"EN"}},{"LogoPic":"https://images.icecat.biz/img/feature_logo/1242-3899.png","Width":"0","Height":"0","Size":"0","ThumbPic":"https://images.icecat.biz/img/feature_logo_thumbs/1242-3899.png","FeatureID":"1230","Value":"N","KeyLogo":2,"Description":{"Value":"DIRECTIVE (EU) 2022/2380 OF THE EUROPEAN PARLIAMENT AND OF THE COUNCIL of 23 November 2022 (Part III)","Language":"EN"}}],"ReasonsToBuy":[],"Reviews":[],"ProductRelated":[{"ID":388222561,"CategoryID":203,"Preferred":0,"IcecatID":124229019,"ProductCode":"ZG38C06791","ThumbPic":"","ProductName":"Tab Pen Pro","Brand":"Lenovo","BrandID":728,"ProductRelatedLocales":[{"ID":0,"Language":"EN","Preferred":0,"StartDate":"","EndDate":""}]},{"ID":388222560,"CategoryID":194,"Preferred":0,"IcecatID":120221580,"ProductCode":"ZG38C05805","ThumbPic":"","ProductName":"ZG38C05805","Brand":"Lenovo","BrandID":728,"ProductRelatedLocales":[{"ID":0,"Language":"EN","Preferred":0,"StartDate":"","EndDate":""}]},{"ID":388222559,"CategoryID":203,"Preferred":0,"IcecatID":113493799,"ProductCode":"ZG38C05190","ThumbPic":"","ProductName":"Tab Pen Plus","Brand":"Lenovo","BrandID":728,"ProductRelatedLocales":[{"ID":0,"Language":"EN","Preferred":0,"StartDate":"","EndDate":""}]}],"CatalogObjectCloud":{"ProductPage":{"QRCodeURL":"https://qr.icecat.biz/coc/84b16ce9-9c61-4a1a-afa9-cebf3e8ce94a","URL":"https://coc.icecat.biz/84b16ce9-9c61-4a1a-afa9-cebf3e8ce94a"}},"Variants":[],"ProductStory":[],"Dictionary":{"model_name":"Product name","desc":"Description","ean_code":"EAN/UPC code","flash360":"3D tour","demo_msg_part3":"If you don't have an Icecat account, please register here for free.","repairability_index":"Repairability index","zoom_panel_init":"Original size","cat_name":"Category","product_family":"Product family","back_to_top":"Back to top","zoom_panel_out":"Zoom out","specs":"Specs","eu_product_fiche":"EU Product Fiche","reviews_head_name":"Reviews","pdf_specs":"Product Brochure","zoom_panel_in":"Zoom in","html_content":"","release_date":"Release date","demo_msg_part1":"You are using now a Demo account. Please, use your own Icecat account","demo_insert_desc":"This is a demo of a seamless insert of an Icecat LIVE product data-sheet in your website. Imagine that this responsive data-sheet is included in the product page of your webshop.","pdf_url":"User manual","prod_code":"Product code","supplier_name":"Brand","video":"Video","reasons_to_buy":"Reasons to buy","marketing_text":"Description","options_head_name":"Options","product_series":"Product series","demo_msg_part2":"your Icecat login name","link_integrate_desk":"How to integrate Icecat LIVE JavaScript.","zoom_panel_dragg":"Mouse dragging","eu_energy_label":"EU Energy Label"},"DemoAccount":false}}