{"msg":"OK","data":{"GeneralInfo":{"IcecatId":131216629,"ReleaseDate":"24-02-2025","EndOfLifeDate":"","Title":"Jabra Evolve2 50 - USB-C/A MS Mono","TitleInfo":{"GeneratedIntTitle":"Jabra Evolve 2 50","GeneratedLocalTitle":{"Value":"Jabra Evolve 2 50 Headset Wired & Wireless Head-band Office/Call center USB Type-C / USB Type-A Bluetooth Black","Language":"EN"},"BrandLocalTitle":{"Value":"Jabra Evolve2 50 - USB-C/A MS Mono","Language":"EN"}},"Brand":"Jabra","BrandID":"196","BrandLogo":"https://images.icecat.biz/img/brand/thumb/196_0d6976c5b9fd4276b92e8a3fd022b613.jpg","BrandInfo":{"BrandName":"Jabra","BrandLocalName":"","BrandLogo":"https://images.icecat.biz/img/brand/thumb/196_0d6976c5b9fd4276b92e8a3fd022b613.jpg"},"ProductName":"Jabra Evolve2 50 - USB-C/A MS Mono","ProductNameInfo":{"ProductIntName":"Evolve 2 50","ProductLocalName":{"Value":"Jabra Evolve2 50 - USB-C/A MS Mono","Language":"EN"}},"BrandPartCode":"25089-899-899-01","GTIN":[],"Category":{"CategoryID":"1637","Name":{"Value":"Headphones & Headsets","Language":"EN"}},"ProductFamily":{},"ProductSeries":{"SeriesID":"1"},"Description":{"ID":"99934130","LongDesc":"Professional calls from your spare bedroom. Motivational playlists before a big pitch. Meditative sounds when it's time to concentrate. With premium sound for your calls and music and an ultra-soft, out-of-this-world comfortable design, Evolve2 50 is specially engineered to go with your hybrid workflow.","LongProductName":"Jabra Evolve2 50 - USB-C/A MS Mono","MiddleDesc":"The next-generation professional headset to unleash hybrid productivity","Disclaimer":"","ManualPDFURL":"","ManualPDFSize":"0","LeafletPDFURL":"","PDFSize":"0","URL":"https://www.jabra.com/en-gb/business/office-headsets/jabra-evolve/jabra-evolve2-50#/#25089-899-899-01","WarrantyInfo":"","Updated":"2025-05-09 03:00:40","Language":"EN"},"SummaryDescription":{"ShortSummaryDescription":"Jabra Evolve2 50 - USB-C/A MS Mono, Wired & Wireless, 20 - 20000 Hz, Office/Call center, 99 g, Headset, Black","LongSummaryDescription":"Jabra Evolve2 50 - USB-C/A MS Mono. Product type: Headset. Connectivity technology: Wired & Wireless, Bluetooth. Recommended usage: Office/Call center. Headphone frequency: 20 - 20000 Hz. Wireless range: 30 m. Cable length: 1.7 m. Weight: 99 g. Product colour: Black"},"BulletPoints":{"BulletPointsId":"11741327","Language":"EN","Values":["Corded headset","Great for hybrid working","Bluetooth, USB-A, USB-C","Connect to up to 2 devices","Enhanced durability","2-year warranty","Active Noise-Cancellation (ANC)","Jabra Air Comfort technology for revolutionary comfort","On-ear wearing style","Plug-&-play","Designed for maximum comfort with Jabra Air Comfort technology","Silence your surroundings with Active Noise-Cancellation (ANC)","Work-anywhere professionalism, with noise-cancelling microphone technology","Optimised sound for professional and personal use","Fast plug-and-play and dual connectivity","Certified for leading virtual meeting platforms"],"Updated":"2025-05-09 03:00:40"},"GeneratedBulletPoints":{"Language":"EN","Values":["Black Office/Call center Head-band Headset","Wired & Wireless USB connectivity Bluetooth 5.2 30 m","Supraaural 20 - 20000 Hz","Microphone type: Boom -38 dB"]},"GTINs":[]},"Image":{"HighPic":"https://images.icecat.biz/img/gallery/f1ed7162e390a99208f86a15cbfbb61227b4c40f.jpg","HighPicSize":"344158","HighPicHeight":"1920","HighPicWidth":"1920","LowPic":"https://images.icecat.biz/img/gallery_lows/199a2b3b5385fddb483895d89582f0f8c3d6ebbf.jpg","LowPicSize":"9806","LowPicHeight":"200","LowPicWidth":"200","Pic500x500":"https://images.icecat.biz/img/gallery_mediums/71760622ca537044376a976d4829d03d705d7664.jpg","Pic500x500Size":"36830","Pic500x500Height":"500","Pic500x500Width":"500","ThumbPic":"https://images.icecat.biz/img/gallery_thumbs/f709f863fb3903b7591d3b732331a03272e1eedd.jpg","ThumbPicSize":"2783"},"Multimedia":[{"ID":"00000000-0000-0000-0000-000000000000","URL":"https://icecat.biz/rest/product-pdf?productId=131216629&lang=en","Type":"leaflet","ContentType":"application/pdf","KeepAsUrl":"0","Description":"Brochure Jabra 25089-899-899-01","Size":"0","IsPrivate":"0","Updated":"2025-09-01 13:58:22","Language":"EN","IsVideo":0}],"Gallery":[{"ID":"105514367","LowPic":"https://images.icecat.biz/img/gallery_lows/199a2b3b5385fddb483895d89582f0f8c3d6ebbf.jpg","LowSize":"9806","LowHeight":"200","LowWidth":"200","ThumbPic":"https://images.icecat.biz/img/gallery_thumbs/f709f863fb3903b7591d3b732331a03272e1eedd.jpg","ThumbPicSize":"2783","Pic":"https://images.icecat.biz/img/gallery/f1ed7162e390a99208f86a15cbfbb61227b4c40f.jpg","Size":"344158","PicHeight":"1920","PicWidth":"1920","Pic500x500":"https://images.icecat.biz/img/gallery_mediums/71760622ca537044376a976d4829d03d705d7664.jpg","Pic500x500Size":"36830","Pic500x500Height":"500","Pic500x500Width":"500","No":"1","IsMain":"Y","Updated":"2025-05-09 03:00:53","IsPrivate":"0","Type":"ProductImage","Attributes":{"OriginalFileName":""}},{"ID":"105514368","LowPic":"https://images.icecat.biz/img/gallery_lows/cfd8fd0231d42a5e73c4bbb93d7528d1df1f5bf5.jpg","LowSize":"12348","LowHeight":"200","LowWidth":"200","ThumbPic":"https://images.icecat.biz/img/gallery_thumbs/13490d24468c965ee99f1873b11804fc5d827248.jpg","ThumbPicSize":"3249","Pic":"https://images.icecat.biz/img/gallery/af3d361c7a8c30e473b7404b4077594014e6a7b5.jpg","Size":"483797","PicHeight":"1920","PicWidth":"1920","Pic500x500":"https://images.icecat.biz/img/gallery_mediums/ed62e6fe6775c561f8958fb13a717fc605c3acf6.jpg","Pic500x500Size":"47626","Pic500x500Height":"500","Pic500x500Width":"500","No":"2","IsMain":"N","Updated":"2025-05-09 03:00:53","IsPrivate":"0","Type":"ProductImage","Attributes":{"OriginalFileName":""}},{"ID":"105514369","LowPic":"https://images.icecat.biz/img/gallery_lows/a6c5c8793dc04baf1b9fddc7222443f2aee763bc.jpg","LowSize":"7684","LowHeight":"200","LowWidth":"175","ThumbPic":"https://images.icecat.biz/img/gallery_thumbs/196ff3fa885ab264566142bfa3ad85534a2a1405.jpg","ThumbPicSize":"2275","Pic":"https://images.icecat.biz/img/gallery/35418d0cd25c75bc02db0beb22da597e32ba9016.jpg","Size":"337717","PicHeight":"2189","PicWidth":"1920","Pic500x500":"https://images.icecat.biz/img/gallery_mediums/fa5820a8c95a0dfd576527e642849202e0927da4.jpg","Pic500x500Size":"28236","Pic500x500Height":"500","Pic500x500Width":"439","No":"3","IsMain":"N","Updated":"2025-05-09 03:00:53","IsPrivate":"0","Type":"ProductImage","Attributes":{"OriginalFileName":""}},{"ID":"105514370","LowPic":"https://images.icecat.biz/img/gallery_lows/2faf38af85543754c7e323b0cadbf47951ef28fb.jpg","LowSize":"7651","LowHeight":"200","LowWidth":"175","ThumbPic":"https://images.icecat.biz/img/gallery_thumbs/e69b28084bfc876e41a94e817cdc551c5e211193.jpg","ThumbPicSize":"2254","Pic":"https://images.icecat.biz/img/gallery/4bc1760b976578aaee6afb92beab6d064e0d61cc.jpg","Size":"342981","PicHeight":"2189","PicWidth":"1920","Pic500x500":"https://images.icecat.biz/img/gallery_mediums/a25c92dee0c10b7ec23c64eebc63dcf72b3146f0.jpg","Pic500x500Size":"28511","Pic500x500Height":"500","Pic500x500Width":"439","No":"4","IsMain":"N","Updated":"2025-05-09 03:00:53","IsPrivate":"0","Type":"ProductImage","Attributes":{"OriginalFileName":""}}],"FeaturesGroups":[{"ID":10774,"SortNo":"60","FeatureGroup":{"ID":"184","Name":{"Value":"Performance","Language":"EN"}},"Features":[{"Localized":0,"ID":776127014,"LocalID":0,"Type":"dropdown","Value":"Headset","CategoryFeatureId":"320952","CategoryFeatureGroupID":"10774","SortNo":"300","PresentationValue":"Headset","RawValue":"Headset","LocalValue":"Headset","Description":"The sub-category of the product.","Mandatory":"1","Searchable":"1","Optional":"0","Feature":{"ID":"14052","Sign":"","Measure":{"ID":"29","Sign":"","Signs":{"ID":"","_":"","Language":"EN"}},"Name":{"Value":"Product type","Language":"EN"}}},{"Localized":0,"ID":777853230,"LocalID":0,"Type":"dropdown","Value":"Head-band","CategoryFeatureId":"48583","CategoryFeatureGroupID":"10774","SortNo":"294","PresentationValue":"Head-band","RawValue":"Head-band","LocalValue":"Head-band","Description":"The way in which the device is worn.","Mandatory":"1","Searchable":"1","Optional":"0","Feature":{"ID":"8136","Sign":"","Measure":{"ID":"29","Sign":"","Signs":{"ID":"","_":"","Language":"EN"}},"Name":{"Value":"Wearing style","Language":"EN"}}},{"Localized":0,"ID":777853233,"LocalID":0,"Type":"dropdown","Value":"Office/Call center","CategoryFeatureId":"320937","CategoryFeatureGroupID":"10774","SortNo":"291","PresentationValue":"Office/Call center","RawValue":"Office/Call center","LocalValue":"Office/Call center","Description":"What the product should be used for, and how it should be used (e.g. ambient temperature).","Mandatory":"1","Searchable":"1","Optional":"0","Feature":{"ID":"8480","Sign":"","Measure":{"ID":"29","Sign":"","Signs":{"ID":"","_":"","Language":"EN"}},"Name":{"Value":"Recommended usage","Language":"EN"}}},{"Localized":0,"ID":777853229,"LocalID":0,"Type":"dropdown","Value":"Monaural","CategoryFeatureId":"48578","CategoryFeatureGroupID":"10774","SortNo":"288","PresentationValue":"Monaural","RawValue":"Monaural","LocalValue":"Monaural","Description":"A headset is headphones combined with a microphone, or one headphone with a microphone. Headsets provide the equivalent functionality of a telephone handset but with hands-free operation. Types of headsets include single earpiece (monaural) and double earpiece.","Mandatory":"0","Searchable":"0","Optional":"0","Feature":{"ID":"8135","Sign":"","Measure":{"ID":"29","Sign":"","Signs":{"ID":"","_":"","Language":"EN"}},"Name":{"Value":"Headset type","Language":"EN"}}},{"Localized":0,"ID":777853210,"LocalID":0,"Type":"multi_dropdown","Value":"Black","CategoryFeatureId":"41175","CategoryFeatureGroupID":"10774","SortNo":"280","PresentationValue":"Black","RawValue":"Black","LocalValue":"Black","Description":"The colour e.g. red, blue, green, black, white.","Mandatory":"1","Searchable":"0","Optional":"0","Feature":{"ID":"1766","Sign":"","Measure":{"ID":"29","Sign":"","Signs":{"ID":"","_":"","Language":"EN"}},"Name":{"Value":"Product colour","Language":"EN"}}},{"Localized":0,"ID":777853232,"LocalID":0,"Type":"multi_dropdown","Value":"Volume +,Volume -","CategoryFeatureId":"321152","CategoryFeatureGroupID":"10774","SortNo":"279","PresentationValue":"Volume +, Volume -","RawValue":"Volume +,Volume -","LocalValue":"Volume +, Volume -","Description":"","Mandatory":"0","Searchable":"0","Optional":"0","Feature":{"ID":"8160","Sign":"","Measure":{"ID":"29","Sign":"","Signs":{"ID":"","_":"","Language":"EN"}},"Name":{"Value":"Operating keys","Language":"EN"}}},{"Localized":0,"ID":777853218,"LocalID":0,"Type":"dropdown","Value":"Button","CategoryFeatureId":"43294","CategoryFeatureGroupID":"10774","SortNo":"276","PresentationValue":"Button","RawValue":"Button","LocalValue":"Button","Description":"","Mandatory":"0","Searchable":"0","Optional":"0","Feature":{"ID":"2587","Sign":"","Measure":{"ID":"29","Sign":"","Signs":{"ID":"","_":"","Language":"EN"}},"Name":{"Value":"Volume control","Language":"EN"}}},{"Localized":0,"ID":777853242,"LocalID":0,"Type":"dropdown","Value":"On-ear control unit","CategoryFeatureId":"255468","CategoryFeatureGroupID":"10774","SortNo":"275","PresentationValue":"On-ear control unit","RawValue":"On-ear control unit","LocalValue":"On-ear control unit","Description":"","Mandatory":"0","Searchable":"0","Optional":"0","Feature":{"ID":"36477","Sign":"","Measure":{"ID":"29","Sign":"","Signs":{"ID":"","_":"","Language":"EN"}},"Name":{"Value":"Control unit type","Language":"EN"}}},{"Localized":0,"ID":777853219,"LocalID":0,"Type":"dropdown","Value":"Buttons","CategoryFeatureId":"255483","CategoryFeatureGroupID":"10774","SortNo":"274","PresentationValue":"Buttons","RawValue":"Buttons","LocalValue":"Buttons","Description":"The way in which the device is controlled.","Mandatory":"0","Searchable":"0","Optional":"0","Feature":{"ID":"2651","Sign":"","Measure":{"ID":"29","Sign":"","Signs":{"ID":"","_":"","Language":"EN"}},"Name":{"Value":"Control type","Language":"EN"}}},{"Localized":0,"ID":777853202,"LocalID":0,"Type":"numerical","Value":"1.7","CategoryFeatureId":"42582","CategoryFeatureGroupID":"10774","SortNo":"270","PresentationValue":"1.7 m","RawValue":"1.7","LocalValue":"1.7","Description":"How long the cable is.","Mandatory":"0","Searchable":"0","Optional":"0","Feature":{"ID":"1266","Sign":"","Measure":{"ID":"54","Sign":"","Signs":{"ID":"37","_":"m","Language":"EN"}},"Name":{"Value":"Cable length","Language":"EN"}}},{"Localized":0,"ID":777853203,"LocalID":0,"Type":"dropdown","Value":"Black","CategoryFeatureId":"238759","CategoryFeatureGroupID":"10774","SortNo":"269","PresentationValue":"Black","RawValue":"Black","LocalValue":"Black","Description":"Colour of the cable e.g. white, gray.","Mandatory":"0","Searchable":"0","Optional":"0","Feature":{"ID":"1272","Sign":"","Measure":{"ID":"29","Sign":"","Signs":{"ID":"","_":"","Language":"EN"}},"Name":{"Value":"Cable colour","Language":"EN"}}},{"Localized":0,"ID":777853236,"LocalID":0,"Type":"text","Value":"MS","CategoryFeatureId":"684709","CategoryFeatureGroupID":"10774","SortNo":"0","PresentationValue":"MS","RawValue":"MS","LocalValue":"MS","Description":"","Mandatory":"0","Searchable":"0","Optional":"0","Feature":{"ID":"12041","Sign":"","Measure":{"ID":"29","Sign":"","Signs":{"ID":"","_":"","Language":"EN"}},"Name":{"Value":"Optimized for","Language":"EN"}}},{"Localized":0,"ID":777853247,"LocalID":0,"Type":"multi_dropdown","Value":"Jabra SafeTone","CategoryFeatureId":"803802","CategoryFeatureGroupID":"10774","SortNo":"0","PresentationValue":"Jabra SafeTone","RawValue":"Jabra SafeTone","LocalValue":"Jabra SafeTone","Description":"","Mandatory":"0","Searchable":"0","Optional":"0","Feature":{"ID":"44222","Sign":"","Measure":{"ID":"29","Sign":"","Signs":{"ID":"","_":"","Language":"EN"}},"Name":{"Value":"Hearing protection technologies","Language":"EN"}}},{"Localized":0,"ID":777853238,"LocalID":0,"Type":"y_n","Value":"Y","CategoryFeatureId":"803887","CategoryFeatureGroupID":"10774","SortNo":"0","PresentationValue":"Yes","RawValue":"Y","LocalValue":"Yes","Description":"","Mandatory":"0","Searchable":"0","Optional":"0","Feature":{"ID":"17581","Sign":"","Measure":{"ID":"26","Sign":"","Signs":{"ID":"","_":"","Language":"EN"}},"Name":{"Value":"Music playback","Language":"EN"}}},{"Localized":0,"ID":777853249,"LocalID":0,"Type":"y_n","Value":"Y","CategoryFeatureId":"804045","CategoryFeatureGroupID":"10774","SortNo":"0","PresentationValue":"Yes","RawValue":"Y","LocalValue":"Yes","Description":"","Mandatory":"0","Searchable":"0","Optional":"0","Feature":{"ID":"44237","Sign":"","Measure":{"ID":"26","Sign":"","Signs":{"ID":"","_":"","Language":"EN"}},"Name":{"Value":"HD voice","Language":"EN"}}},{"Localized":0,"ID":777853250,"LocalID":0,"Type":"y_n","Value":"Y","CategoryFeatureId":"804127","CategoryFeatureGroupID":"10774","SortNo":"0","PresentationValue":"Yes","RawValue":"Y","LocalValue":"Yes","Description":"","Mandatory":"0","Searchable":"0","Optional":"0","Feature":{"ID":"44241","Sign":"","Measure":{"ID":"26","Sign":"","Signs":{"ID":"","_":"","Language":"EN"}},"Name":{"Value":"Auto-connect","Language":"EN"}}}]},{"ID":6264,"SortNo":"40","FeatureGroup":{"ID":"12","Name":{"Value":"Ports & interfaces","Language":"EN"}},"Features":[{"Localized":0,"ID":777853208,"LocalID":0,"Type":"dropdown","Value":"Wired & Wireless","CategoryFeatureId":"155712","CategoryFeatureGroupID":"6264","SortNo":"298","PresentationValue":"Wired & Wireless","RawValue":"Wired & Wireless","LocalValue":"Wired & Wireless","Description":"The technology that enables connectivity of the device, e.g. wired or wireless.","Mandatory":"1","Searchable":"1","Optional":"0","Feature":{"ID":"1655","Sign":"","Measure":{"ID":"29","Sign":"","Signs":{"ID":"","_":"","Language":"EN"}},"Name":{"Value":"Connectivity technology","Language":"EN"}}},{"Localized":0,"ID":777853235,"LocalID":0,"Type":"y_n","Value":"Y","CategoryFeatureId":"199416","CategoryFeatureGroupID":"6264","SortNo":"288","PresentationValue":"Yes","RawValue":"Y","LocalValue":"Yes","Description":"The product has USB connector.","Mandatory":"0","Searchable":"0","Optional":"0","Feature":{"ID":"10496","Sign":"","Measure":{"ID":"26","Sign":"","Signs":{"ID":"","_":"","Language":"EN"}},"Name":{"Value":"USB connectivity","Language":"EN"}}},{"Localized":0,"ID":777853240,"LocalID":0,"Type":"dropdown","Value":"USB Type-C / USB Type-A","CategoryFeatureId":"199417","CategoryFeatureGroupID":"6264","SortNo":"287","PresentationValue":"USB Type-C / USB Type-A","RawValue":"USB Type-C / USB Type-A","LocalValue":"USB Type-C / USB Type-A","Description":"What type of USB connector is built into the device.","Mandatory":"0","Searchable":"0","Optional":"0","Feature":{"ID":"26352","Sign":"","Measure":{"ID":"29","Sign":"","Signs":{"ID":"","_":"","Language":"EN"}},"Name":{"Value":"USB connector","Language":"EN"}}},{"Localized":0,"ID":777853214,"LocalID":0,"Type":"y_n","Value":"Y","CategoryFeatureId":"199418","CategoryFeatureGroupID":"6264","SortNo":"286","PresentationValue":"Yes","RawValue":"Y","LocalValue":"Yes","Description":"Bluetooth is a low-power radio technology developed to replace the cables and wires currently used to link or connect electronic devices such as personal computers, printers, and a wide variety of handheld devices including mobile phones. Because it uses radio-wave connectivity, a Bluetooth-enabled device has a constant, established connection to whatever browser it uses. This saves the user the trouble of logging on to check for emails or news updates, for example.","Mandatory":"0","Searchable":"0","Optional":"0","Feature":{"ID":"2183","Sign":"","Measure":{"ID":"26","Sign":"","Signs":{"ID":"","_":"","Language":"EN"}},"Name":{"Value":"Bluetooth","Language":"EN"}}},{"Localized":0,"ID":777853226,"LocalID":0,"Type":"multi_dropdown","Value":"A2DP,HFP,HSP,PBAP,AVRCP,SPP","CategoryFeatureId":"43223","CategoryFeatureGroupID":"6264","SortNo":"285","PresentationValue":"A2DP, HFP, HSP, PBAP, AVRCP, SPP","RawValue":"A2DP,HFP,HSP,PBAP,AVRCP,SPP","LocalValue":"A2DP, HFP, HSP, PBAP, AVRCP, SPP","Description":"","Mandatory":"0","Searchable":"0","Optional":"0","Feature":{"ID":"4133","Sign":"","Measure":{"ID":"29","Sign":"","Signs":{"ID":"","_":"","Language":"EN"}},"Name":{"Value":"Bluetooth profiles","Language":"EN"}}},{"Localized":0,"ID":777853200,"LocalID":0,"Type":"dropdown","Value":"5.2","CategoryFeatureId":"43224","CategoryFeatureGroupID":"6264","SortNo":"285","PresentationValue":"5.2","RawValue":"5.2","LocalValue":"5.2","Description":"The type of bluetooth technology in the product e.g. Bluetooth Smart (v4.0).","Mandatory":"0","Searchable":"0","Optional":"0","Feature":{"ID":"1208","Sign":"","Measure":{"ID":"29","Sign":"","Signs":{"ID":"","_":"","Language":"EN"}},"Name":{"Value":"Bluetooth version","Language":"EN"}}},{"Localized":0,"ID":777853245,"LocalID":0,"Type":"range","Value":"20 - 20000","CategoryFeatureId":"801347","CategoryFeatureGroupID":"6264","SortNo":"8","PresentationValue":"20 - 20000 Hz","RawValue":"20 - 20000","LocalValue":"20 - 20000","Description":"","Mandatory":"0","Searchable":"0","Optional":"0","Feature":{"ID":"44083","Sign":"","Measure":{"ID":"36","Sign":"","Signs":{"ID":"20","_":"Hz","Language":"EN"}},"Name":{"Value":"Frequency response (music mode)","Language":"EN"}}},{"Localized":0,"ID":777853246,"LocalID":0,"Type":"range","Value":"150 - 6800","CategoryFeatureId":"801348","CategoryFeatureGroupID":"6264","SortNo":"8","PresentationValue":"150 - 6800 Hz","RawValue":"150 - 6800","LocalValue":"150 - 6800","Description":"","Mandatory":"0","Searchable":"0","Optional":"0","Feature":{"ID":"44084","Sign":"","Measure":{"ID":"36","Sign":"","Signs":{"ID":"20","_":"Hz","Language":"EN"}},"Name":{"Value":"Frequency response (talk mode)","Language":"EN"}}},{"Localized":0,"ID":777853205,"LocalID":0,"Type":"numerical","Value":"30","CategoryFeatureId":"48592","CategoryFeatureGroupID":"6264","SortNo":"7","PresentationValue":"30 m","RawValue":"30","LocalValue":"30","Description":"","Mandatory":"0","Searchable":"0","Optional":"0","Feature":{"ID":"1505","Sign":"","Measure":{"ID":"54","Sign":"","Signs":{"ID":"37","_":"m","Language":"EN"}},"Name":{"Value":"Wireless range","Language":"EN"}}}]},{"ID":5109,"SortNo":"30","FeatureGroup":{"ID":"71","Name":{"Value":"Headphones","Language":"EN"}},"Features":[{"Localized":0,"ID":777853234,"LocalID":0,"Type":"numerical","Value":"30","CategoryFeatureId":"117604","CategoryFeatureGroupID":"5109","SortNo":"400","PresentationValue":"30 mW","RawValue":"30","LocalValue":"30","Description":"","Mandatory":"0","Searchable":"0","Optional":"0","Feature":{"ID":"9716","Sign":"","Measure":{"ID":"135","Sign":"","Signs":{"ID":"116","_":"mW","Language":"EN"}},"Name":{"Value":"Maximum input power","Language":"EN"}}},{"Localized":0,"ID":777853217,"LocalID":0,"Type":"dropdown","Value":"Supraaural","CategoryFeatureId":"42691","CategoryFeatureGroupID":"5109","SortNo":"50","PresentationValue":"Supraaural","RawValue":"Supraaural","LocalValue":"Supraaural","Description":"Ear coupling describes the way in which headphones or earphones stay attached to, or inside, the ear. There are three common types of ear coupling: circumaural, supra-aural and intra-aural. Circumaural headphones enclose your ears with large pads that suppress external noise. Supra-aural headphones are typically more lightweight and sit on top of the ears with small pads. Intra-aural headphones come in two basic designs and neither style sits on the head itself. The first are ear buds, which sit just outside of the ear canal, on top of your ear lobes. The second type is actually inserted directly into the ear canal and offers some external noise suppression.","Mandatory":"1","Searchable":"0","Optional":"0","Feature":{"ID":"2527","Sign":"","Measure":{"ID":"29","Sign":"","Signs":{"ID":"","_":"","Language":"EN"}},"Name":{"Value":"Ear coupling","Language":"EN"}}},{"Localized":0,"ID":777853211,"LocalID":0,"Type":"range","Value":"20 - 20000","CategoryFeatureId":"41166","CategoryFeatureGroupID":"5109","SortNo":"47","PresentationValue":"20 - 20000 Hz","RawValue":"20 - 20000","LocalValue":"20 - 20000","Description":"The range of frequencies (low to high sounds) that the headphones can produce.","Mandatory":"0","Searchable":"0","Optional":"0","Feature":{"ID":"1887","Sign":"","Measure":{"ID":"36","Sign":"","Signs":{"ID":"20","_":"Hz","Language":"EN"}},"Name":{"Value":"Headphone frequency","Language":"EN"}}},{"Localized":0,"ID":777853215,"LocalID":0,"Type":"numerical","Value":"28","CategoryFeatureId":"41164","CategoryFeatureGroupID":"5109","SortNo":"30","PresentationValue":"2.8 cm","RawValue":"28","LocalValue":"2.8","Description":"","Mandatory":"0","Searchable":"0","Optional":"0","Feature":{"ID":"2379","Sign":"","Measure":{"ID":"24","Sign":"","Signs":{"ID":"3","_":"mm","Language":"EN"}},"Name":{"Value":"Driver unit","Language":"EN"}}},{"Localized":0,"ID":777853252,"LocalID":0,"Type":"y_n","Value":"Y","CategoryFeatureId":"927756","CategoryFeatureGroupID":"5109","SortNo":"20","PresentationValue":"Yes","RawValue":"Y","LocalValue":"Yes","Description":"","Mandatory":"0","Searchable":"0","Optional":"0","Feature":{"ID":"46048","Sign":"","Measure":{"ID":"26","Sign":"","Signs":{"ID":"","_":"","Language":"EN"}},"Name":{"Value":"Noise canceling","Language":"EN"}}},{"Localized":0,"ID":777853243,"LocalID":0,"Type":"dropdown","Value":"Active","CategoryFeatureId":"319736","CategoryFeatureGroupID":"5109","SortNo":"19","PresentationValue":"Active","RawValue":"Active","LocalValue":"Active","Description":"","Mandatory":"0","Searchable":"0","Optional":"0","Feature":{"ID":"39802","Sign":"","Measure":{"ID":"29","Sign":"","Signs":{"ID":"","_":"","Language":"EN"}},"Name":{"Value":"Noise canceling type","Language":"EN"}}}]},{"ID":5110,"SortNo":"28","FeatureGroup":{"ID":"70","Name":{"Value":"Microphone","Language":"EN"}},"Features":[{"Localized":0,"ID":777853237,"LocalID":0,"Type":"dropdown","Value":"Boom microphone","CategoryFeatureId":"320987","CategoryFeatureGroupID":"5110","SortNo":"297","PresentationValue":"Boom","RawValue":"Boom microphone","LocalValue":"Boom","Description":"The characteristics of the microphone bulit into the device in terms of the reception of signals from all or just one direction, i.e. omnidirectional (better for concerts and the like vs unidirectional, more suitable for voice recording.","Mandatory":"1","Searchable":"1","Optional":"0","Feature":{"ID":"15803","Sign":"","Measure":{"ID":"29","Sign":"","Signs":{"ID":"","_":"","Language":"EN"}},"Name":{"Value":"Microphone type","Language":"EN"}}},{"Localized":0,"ID":777853212,"LocalID":0,"Type":"range","Value":"20 - 10000","CategoryFeatureId":"41167","CategoryFeatureGroupID":"5110","SortNo":"20","PresentationValue":"20 - 10000 Hz","RawValue":"20 - 10000","LocalValue":"20 - 10000","Description":"The range of frequencies (low to high sounds) that the microphone can pick up (detect).","Mandatory":"0","Searchable":"0","Optional":"0","Feature":{"ID":"1890","Sign":"","Measure":{"ID":"36","Sign":"","Signs":{"ID":"20","_":"Hz","Language":"EN"}},"Name":{"Value":"Microphone frequency","Language":"EN"}}},{"Localized":0,"ID":777853213,"LocalID":0,"Type":"numerical","Value":"-38","CategoryFeatureId":"41168","CategoryFeatureGroupID":"5110","SortNo":"15","PresentationValue":"-38 dB","RawValue":"-38","LocalValue":"-38","Description":"","Mandatory":"0","Searchable":"0","Optional":"0","Feature":{"ID":"1891","Sign":"","Measure":{"ID":"76","Sign":"","Signs":{"ID":"59","_":"dB","Language":"EN"}},"Name":{"Value":"Microphone sensitivity","Language":"EN"}}},{"Localized":0,"ID":777853239,"LocalID":0,"Type":"y_n","Value":"Y","CategoryFeatureId":"161734","CategoryFeatureGroupID":"5110","SortNo":"0","PresentationValue":"Yes","RawValue":"Y","LocalValue":"Yes","Description":"","Mandatory":"0","Searchable":"0","Optional":"0","Feature":{"ID":"25721","Sign":"","Measure":{"ID":"26","Sign":"","Signs":{"ID":"","_":"","Language":"EN"}},"Name":{"Value":"Folding microphone","Language":"EN"}}},{"Localized":0,"ID":777853228,"LocalID":0,"Type":"numerical","Value":"3","CategoryFeatureId":"321124","CategoryFeatureGroupID":"5110","SortNo":"0","PresentationValue":"3","RawValue":"3","LocalValue":"3","Description":"","Mandatory":"0","Searchable":"0","Optional":"0","Feature":{"ID":"7252","Sign":"","Measure":{"ID":"29","Sign":"","Signs":{"ID":"","_":"","Language":"EN"}},"Name":{"Value":"Number of microphones","Language":"EN"}}},{"Localized":0,"ID":777853244,"LocalID":0,"Type":"y_n","Value":"Y","CategoryFeatureId":"684707","CategoryFeatureGroupID":"5110","SortNo":"0","PresentationValue":"Yes","RawValue":"Y","LocalValue":"Yes","Description":"","Mandatory":"0","Searchable":"0","Optional":"0","Feature":{"ID":"42739","Sign":"","Measure":{"ID":"26","Sign":"","Signs":{"ID":"","_":"","Language":"EN"}},"Name":{"Value":"MEMS (Micro-Electro-Mechanical System) microphone","Language":"EN"}}},{"Localized":0,"ID":777853220,"LocalID":0,"Type":"y_n","Value":"Y","CategoryFeatureId":"43268","CategoryFeatureGroupID":"5110","SortNo":"-2","PresentationValue":"Yes","RawValue":"Y","LocalValue":"Yes","Description":"","Mandatory":"0","Searchable":"0","Optional":"0","Feature":{"ID":"2673","Sign":"","Measure":{"ID":"26","Sign":"","Signs":{"ID":"","_":"","Language":"EN"}},"Name":{"Value":"Microphone mute","Language":"EN"}}}]},{"ID":33260,"SortNo":"11","FeatureGroup":{"ID":"28","Name":{"Value":"Operational conditions","Language":"EN"}},"Features":[{"Localized":0,"ID":777853199,"LocalID":0,"Type":"range","Value":"-10 - 55","CategoryFeatureId":"48590","CategoryFeatureGroupID":"33260","SortNo":"10","PresentationValue":"-10 - 55 °C","RawValue":"-10 - 55","LocalValue":"-10 - 55","Description":"The minimum and maximum temperatures at which the product can be safely operated.","Mandatory":"0","Searchable":"0","Optional":"0","Feature":{"ID":"1112","Sign":"","Measure":{"ID":"65","Sign":"","Signs":{"ID":"48","_":"°C","Language":"EN"}},"Name":{"Value":"Operating temperature (T-T)","Language":"EN"}}},{"Localized":0,"ID":777853197,"LocalID":0,"Type":"range","Value":"-10 - 55","CategoryFeatureId":"48591","CategoryFeatureGroupID":"33260","SortNo":"5","PresentationValue":"-10 - 55 °C","RawValue":"-10 - 55","LocalValue":"-10 - 55","Description":"The minimum and maximum temperatures at which the product can be safely stored.","Mandatory":"0","Searchable":"0","Optional":"0","Feature":{"ID":"757","Sign":"","Measure":{"ID":"65","Sign":"","Signs":{"ID":"48","_":"°C","Language":"EN"}},"Name":{"Value":"Storage temperature (T-T)","Language":"EN"}}}]},{"ID":5112,"SortNo":"8","FeatureGroup":{"ID":"14","Name":{"Value":"Weight & dimensions","Language":"EN"}},"Features":[{"Localized":0,"ID":777853206,"LocalID":0,"Type":"numerical","Value":"193","CategoryFeatureId":"43302","CategoryFeatureGroupID":"5112","SortNo":"50","PresentationValue":"193 mm","RawValue":"193","LocalValue":"193","Description":"The measurement or extent of something from side to side.","Mandatory":"0","Searchable":"0","Optional":"0","Feature":{"ID":"1649","Sign":"","Measure":{"ID":"24","Sign":"","Signs":{"ID":"3","_":"mm","Language":"EN"}},"Name":{"Value":"Width","Language":"EN"}}},{"Localized":0,"ID":777853207,"LocalID":0,"Type":"numerical","Value":"175","CategoryFeatureId":"43235","CategoryFeatureGroupID":"5112","SortNo":"49","PresentationValue":"175 mm","RawValue":"175","LocalValue":"175","Description":"The distance from the front to the back of something.","Mandatory":"0","Searchable":"0","Optional":"0","Feature":{"ID":"1650","Sign":"","Measure":{"ID":"24","Sign":"","Signs":{"ID":"3","_":"mm","Language":"EN"}},"Name":{"Value":"Depth","Language":"EN"}}},{"Localized":0,"ID":777853204,"LocalID":0,"Type":"numerical","Value":"65","CategoryFeatureId":"43257","CategoryFeatureGroupID":"5112","SortNo":"48","PresentationValue":"65 mm","RawValue":"65","LocalValue":"65","Description":"The measurement of the product from head to foot or from base to top.","Mandatory":"0","Searchable":"0","Optional":"0","Feature":{"ID":"1464","Sign":"","Measure":{"ID":"24","Sign":"","Signs":{"ID":"3","_":"mm","Language":"EN"}},"Name":{"Value":"Height","Language":"EN"}}},{"Localized":0,"ID":777853196,"LocalID":0,"Type":"numerical","Value":"99","CategoryFeatureId":"41172","CategoryFeatureGroupID":"5112","SortNo":"47","PresentationValue":"99 g","RawValue":"99","LocalValue":"99","Description":"Weight of the product without packaging (net weight). If possible, the net weight is given including standard accessories and supplies. Please note that sometimes the manufacturer leaves out the weight of accessories and/or supplies.","Mandatory":"0","Searchable":"0","Optional":"0","Feature":{"ID":"94","Sign":"","Measure":{"ID":"38","Sign":"","Signs":{"ID":"22","_":"g","Language":"EN"}},"Name":{"Value":"Weight","Language":"EN"}}}]},{"ID":5225,"SortNo":"7","FeatureGroup":{"ID":"67","Name":{"Value":"Packaging data","Language":"EN"}},"Features":[{"Localized":0,"ID":777853223,"LocalID":0,"Type":"numerical","Value":"50","CategoryFeatureId":"43281","CategoryFeatureGroupID":"5225","SortNo":"-11","PresentationValue":"50 mm","RawValue":"50","LocalValue":"50","Description":"The distance from one side of the packaging to the other.","Mandatory":"0","Searchable":"0","Optional":"0","Feature":{"ID":"3808","Sign":"","Measure":{"ID":"24","Sign":"","Signs":{"ID":"3","_":"mm","Language":"EN"}},"Name":{"Value":"Package width","Language":"EN"}}},{"Localized":0,"ID":777853221,"LocalID":0,"Type":"numerical","Value":"170","CategoryFeatureId":"43275","CategoryFeatureGroupID":"5225","SortNo":"-12","PresentationValue":"170 mm","RawValue":"170","LocalValue":"170","Description":"The distance from the front to the back of the packaging.","Mandatory":"0","Searchable":"0","Optional":"0","Feature":{"ID":"3806","Sign":"","Measure":{"ID":"24","Sign":"","Signs":{"ID":"3","_":"mm","Language":"EN"}},"Name":{"Value":"Package depth","Language":"EN"}}},{"Localized":0,"ID":777853222,"LocalID":0,"Type":"numerical","Value":"202","CategoryFeatureId":"43276","CategoryFeatureGroupID":"5225","SortNo":"-13","PresentationValue":"202 mm","RawValue":"202","LocalValue":"202","Description":"The distance from the top to the bottom of the packaging.","Mandatory":"0","Searchable":"0","Optional":"0","Feature":{"ID":"3807","Sign":"","Measure":{"ID":"24","Sign":"","Signs":{"ID":"3","_":"mm","Language":"EN"}},"Name":{"Value":"Package height","Language":"EN"}}}]},{"ID":12861,"SortNo":"6","FeatureGroup":{"ID":"116","Name":{"Value":"Packaging content","Language":"EN"}},"Features":[{"Localized":0,"ID":777853225,"LocalID":0,"Type":"y_n","Value":"Y","CategoryFeatureId":"48597","CategoryFeatureGroupID":"12861","SortNo":"12","PresentationValue":"Yes","RawValue":"Y","LocalValue":"Yes","Description":"Instructions, either online, as a computer program or in paper form, to allow you to set up and start using the product quickly.","Mandatory":"0","Searchable":"0","Optional":"0","Feature":{"ID":"3981","Sign":"","Measure":{"ID":"26","Sign":"","Signs":{"ID":"","_":"","Language":"EN"}},"Name":{"Value":"Quick start guide","Language":"EN"}}},{"Localized":0,"ID":777853224,"LocalID":0,"Type":"y_n","Value":"Y","CategoryFeatureId":"320970","CategoryFeatureGroupID":"12861","SortNo":"0","PresentationValue":"Yes","RawValue":"Y","LocalValue":"Yes","Description":"","Mandatory":"0","Searchable":"0","Optional":"0","Feature":{"ID":"3975","Sign":"","Measure":{"ID":"26","Sign":"","Signs":{"ID":"","_":"","Language":"EN"}},"Name":{"Value":"Pouch","Language":"EN"}}},{"Localized":0,"ID":777853209,"LocalID":0,"Type":"numerical","Value":"1","CategoryFeatureId":"82142","CategoryFeatureGroupID":"12861","SortNo":"-5","PresentationValue":"1","RawValue":"1","LocalValue":"1","Description":"The number of products there are.","Mandatory":"0","Searchable":"0","Optional":"0","Feature":{"ID":"1675","Sign":"","Measure":{"ID":"29","Sign":"","Signs":{"ID":"","_":"","Language":"EN"}},"Name":{"Value":"Quantity","Language":"EN"}}}]},{"ID":10775,"SortNo":"0","FeatureGroup":{"ID":"0","Name":{"Value":"Technical details","Language":"EN"}},"Features":[{"Localized":0,"ID":777853251,"LocalID":0,"Type":"numerical","Value":"2","CategoryFeatureId":"921250","CategoryFeatureGroupID":"10775","SortNo":"0","PresentationValue":"2 year(s)","RawValue":"2","LocalValue":"2","Description":"","Mandatory":"0","Searchable":"0","Optional":"0","Feature":{"ID":"45898","Sign":"","Measure":{"ID":"75","Sign":"","Signs":{"ID":"58","_":"year(s)","Language":"EN"}},"Name":{"Value":"Warranty period","Language":"EN"}}}]},{"ID":33259,"SortNo":"0","FeatureGroup":{"ID":"232","Name":{"Value":"Supplier features","Language":"EN"}},"Features":[{"Localized":0,"ID":777853198,"LocalID":0,"Type":"multi_dropdown","Value":"Acrylonitrile Butadiene Styrene (ABS),Leatherette,Polycarbonate (PC),Stainless steel","CategoryFeatureId":"80530","CategoryFeatureGroupID":"33259","SortNo":"-125","PresentationValue":"Acrylonitrile butadiene styrene (ABS), Leatherette, Polycarbonate (PC), Stainless steel","RawValue":"Acrylonitrile Butadiene Styrene (ABS),Leatherette,Polycarbonate (PC),Stainless steel","LocalValue":"Acrylonitrile butadiene styrene (ABS), Leatherette, Polycarbonate (PC), Stainless steel","Description":"The material from which a thing is or can be made e.g. wood, plastic.","Mandatory":"0","Searchable":"0","Optional":"0","Feature":{"ID":"898","Sign":"","Measure":{"ID":"29","Sign":"","Signs":{"ID":"","_":"","Language":"EN"}},"Name":{"Value":"Material","Language":"EN"}}}]},{"ID":6259,"SortNo":"-100","FeatureGroup":{"ID":"146","Name":{"Value":"Other features","Language":"EN"}},"Features":[{"Localized":0,"ID":777853248,"LocalID":0,"Type":"multi_dropdown","Value":"ENG,FRE,DEU,JPN,KOR","CategoryFeatureId":"803975","CategoryFeatureGroupID":"6259","SortNo":"8","PresentationValue":"English, French, German, Japanese, Korean","RawValue":"ENG,FRE,DEU,JPN,KOR","LocalValue":"English, French, German, Japanese, Korean","Description":"","Mandatory":"0","Searchable":"0","Optional":"0","Feature":{"ID":"44236","Sign":"","Measure":{"ID":"29","Sign":"","Signs":{"ID":"","_":"","Language":"EN"}},"Name":{"Value":"Voice guidance languages","Language":"EN"}}},{"Localized":0,"ID":777853227,"LocalID":0,"Type":"text","Value":"Y","CategoryFeatureId":"43230","CategoryFeatureGroupID":"6259","SortNo":"0","PresentationValue":"Y","RawValue":"Y","LocalValue":"Y","Description":"","Mandatory":"0","Searchable":"0","Optional":"1","Feature":{"ID":"4223","Sign":"","Measure":{"ID":"29","Sign":"","Signs":{"ID":"","_":"","Language":"EN"}},"Name":{"Value":"Call management","Language":"EN"}}},{"Localized":0,"ID":777853216,"LocalID":0,"Type":"text","Value":"Jabra Direct, Jabra Xpress","CategoryFeatureId":"64966","CategoryFeatureGroupID":"6259","SortNo":"0","PresentationValue":"Jabra Direct, Jabra Xpress","RawValue":"Jabra Direct, Jabra Xpress","LocalValue":"Jabra Direct, Jabra Xpress","Description":"","Mandatory":"0","Searchable":"0","Optional":"1","Feature":{"ID":"2432","Sign":"","Measure":{"ID":"29","Sign":"","Signs":{"ID":"","_":"","Language":"EN"}},"Name":{"Value":"Applications supported","Language":"EN"}}},{"Localized":0,"ID":777853231,"LocalID":0,"Type":"y_n","Value":"Y","CategoryFeatureId":"48681","CategoryFeatureGroupID":"6259","SortNo":"-3","PresentationValue":"Yes","RawValue":"Y","LocalValue":"Yes","Description":"","Mandatory":"0","Searchable":"0","Optional":"1","Feature":{"ID":"8159","Sign":"","Measure":{"ID":"26","Sign":"","Signs":{"ID":"","_":"","Language":"EN"}},"Name":{"Value":"Digital Signal Processing (DSP)","Language":"EN"}}}]}],"FeatureLogos":[],"ReasonsToBuy":[{"ReasonToBuyID":"85560451","Value":"Professional calls from your spare bedroom. Motivational playlists before a big pitch. Meditative sounds when it's time to focus. Hybrid work days have a lot going on, so it’s important your headset can keep up. <br>Evolve2 50 is specially engineered to go with your flow. It’s ready to work whichever way you do, delivering professional sound to your calls <em>and</em> your music, with powerful stereo and mono Active NoiseCancellation (ANC), noise-cancelling mics and 28mm custom speakers - all while treating your head to out-of-this-world comfort with our revolutionary Jabra Air Comfort technology. <br>Do it all, with a headset designed to do it all","HighPic":"","HighPicSize":"0","No":"1","Title":"Fit for every purpose","Language":"EN","Updated":"2025-05-09 03:00:48","Origin":"RTB","IsPrivate":"0"},{"ReasonToBuyID":"85560452","Value":"Our engineers spent years perfecting the game-changing Jabra Air Comfort technology to create this incredible out-of-this-world comfort.","HighPic":"","HighPicSize":"0","No":"2","Title":"There’s something in the air…","Language":"EN","Updated":"2025-05-09 03:00:48","Origin":"RTB","IsPrivate":"0"},{"ReasonToBuyID":"85560453","Value":"We’ve all had one of those days. A buzzer-happy delivery driver arriving mid-conference call. The kids screeching about snacks just as you’re about to seal the deal. Your dog barking in the background of that crucial client chat. <br>Enter Evolve2 50.<br><br>Its powerful Active Noise-Cancellation (ANC) has a novelty acoustic chamber design and a specially-designed chipset, plus 2 premium noise-cancelling microphones, to effectively silence your surroundings. So you can get on with making hybrid work, work for you.","HighPic":"","HighPicSize":"0","No":"3","Title":"It’s oh-so-quiet","Language":"EN","Updated":"2025-05-09 03:00:48","Origin":"RTB","IsPrivate":"0"},{"ReasonToBuyID":"85560454","Value":"Bright ideas. Words of wisdom. Crucial comments. Whatever you’ve got to say, Evolve2 50 makes sure you sound professional when you say it. A clever chipset powers its speech-separating, noise-cancelling algorithm and 2 premium microphones, to effectively filter out background distractions. So whoever you’re talking to hears you – and only you – as clearly as if you’re sitting next to them.","HighPic":"","HighPicSize":"0","No":"4","Title":"We hear you","Language":"EN","Updated":"2025-05-09 03:00:48","Origin":"RTB","IsPrivate":"0"},{"ReasonToBuyID":"85560455","Value":"Evolve2 50 does it all, a bit like you. Stay work-ready with efficiency-boosting tech and a busylight to protect your focus.<br><br>Taking a moment to recharge between meetings? Immerse yourself in optimised music and media with rich full sound from 28mm custom speakers. Looking for the next flight to Copenhagen (or just the quickest route home)? Tap to hear all the answers from your chosen voice assistant. With Evolve2 50 you’re ready for anything.","HighPic":"","HighPicSize":"0","No":"5","Title":"All work <em>and</em> all play","Language":"EN","Updated":"2025-05-09 03:00:48","Origin":"RTB","IsPrivate":"0"},{"ReasonToBuyID":"85560456","Value":"We know your time is valuable, so we’ve made Evolve2 50 easy and lightning-fast to use. Just plug it into your computer and you’re instantly good to go. And with dual connectivity, you can use Bluetooth® to connect to a second device - like your phone - at the same time. Which means you can listen to music on one and take calls on the other. Now you’ll never have to choose between picking up and losing your place just as the chorus hits. When setup is this simple, you can stress less and do more.","HighPic":"","HighPicSize":"0","No":"6","Title":"Hit the ground running","Language":"EN","Updated":"2025-05-09 03:00:48","Origin":"RTB","IsPrivate":"0"},{"ReasonToBuyID":"85560457","Value":"Evolve2 50 is available in a Microsoft Teams-certified variant and a UC variant, which is certified for Google Meet and Zoom to ensure a seamless collaboration experience.<br><br>It’s also optimised for other leading UC platforms, so you can be confident that however you keep in touch with your team, this trusted device will keep the collaboration going all day.","HighPic":"","HighPicSize":"0","No":"7","Title":"As flexible as you are","Language":"EN","Updated":"2025-05-09 03:00:48","Origin":"RTB","IsPrivate":"0"}],"Reviews":[],"ProductRelated":[{"ID":326775913,"CategoryID":2265,"Preferred":0,"IcecatID":109411492,"ProductCode":"14101-86","ThumbPic":"","ProductName":"Jabra Evolve2 50/55 Ear Cushion (1 pair)","Brand":"Jabra","BrandID":196,"ProductRelatedLocales":[{"ID":0,"Language":"EN","Preferred":0,"StartDate":"","EndDate":""}]}],"CatalogObjectCloud":{},"Variants":[],"ProductStory":[],"Dictionary":{"model_name":"Product name","desc":"Description","ean_code":"EAN/UPC code","flash360":"3D tour","demo_msg_part3":"If you don't have an Icecat account, please register here for free.","repairability_index":"Repairability index","zoom_panel_init":"Original size","cat_name":"Category","product_family":"Product family","back_to_top":"Back to top","zoom_panel_out":"Zoom out","specs":"Specs","eu_product_fiche":"EU Product Fiche","reviews_head_name":"Reviews","pdf_specs":"Product Brochure","zoom_panel_in":"Zoom in","html_content":"","release_date":"Release date","demo_msg_part1":"You are using now a Demo account. Please, use your own Icecat account","demo_insert_desc":"This is a demo of a seamless insert of an Icecat LIVE product data-sheet in your website. Imagine that this responsive data-sheet is included in the product page of your webshop.","pdf_url":"User manual","prod_code":"Product code","supplier_name":"Brand","video":"Video","reasons_to_buy":"Reasons to buy","marketing_text":"Description","options_head_name":"Options","product_series":"Product series","demo_msg_part2":"your Icecat login name","link_integrate_desk":"How to integrate Icecat LIVE JavaScript.","zoom_panel_dragg":"Mouse dragging","eu_energy_label":"EU Energy Label"},"DemoAccount":true}}