{"msg":"OK","data":{"GeneralInfo":{"IcecatId":119541030,"ReleaseDate":"","EndOfLifeDate":"","Title":"Fun Factory VIM Wand vibrator Ambidextrous","TitleInfo":{"GeneratedIntTitle":"Fun Factory VIM","GeneratedLocalTitle":{"Value":"Fun Factory VIM Wand vibrator Ambidextrous","Language":"EN"},"BrandLocalTitle":{"Value":"","Language":"EN"}},"Brand":"Fun Factory","BrandID":"16974","BrandLogo":"","BrandInfo":{"BrandName":"Fun Factory","BrandLocalName":"","BrandLogo":""},"ProductName":"VIM","ProductNameInfo":{"ProductIntName":"VIM","ProductLocalName":{"Value":"","Language":"EN"}},"BrandPartCode":"10001","GTIN":["4032498100012"],"Category":{"CategoryID":"7943","Name":{"Value":"Vibrators","Language":"EN"}},"ProductFamily":{},"ProductSeries":{"SeriesID":"0"},"Description":{"ID":"94795035","LongDesc":"<b>MORE CUSTOMIZATION AND BETTER VIBRATIONS<br></b>Sure, wands are a classic toy type, but you’ve never felt a wand like VIM before. Most wands deliver pure power and nothing else. On their low settings, they’re buzzy or irritating. VIM has an industry-first weighted motor that delivers rumbly vibration at any speed, including the gentlest.<br><br>VIM also has a wider range of vibrations than other toys, too, so you can luxuriate in its heavy quaking at any point in your play, from warmup to orgasm to cool-down. Customize any setting or program by holding the [+] or [-] buttons to find the perfect vibe for the way you play.<br><br><b>RIDE IT DURING SOLO PLAY<br></b>Set VIM against a pillow and straddle it. Dip and swivel your hips any way that feels good. Remember to use lube for maximum comfort!<br><br><b>HOLD IT AGAINST THE BASE OF ANOTHER TOY<br></b>Rest VIM’s head against the base of a dildo or butt plug to let the wand’s vibrations travel deeper inside you.<br><br><b>HAVE A BLENDED O ANYTIME<br></b>During penetration, hold VIM against your clit or perineum to stimulate more hot spots for a bigger finish.<br><br>With its tapered length, brushed aluminum control panel, and textured, easy-grip handle, VIM looks as good as it feels. Its wavy, all-silicone head grips lube for your comfort, meaning you don’t need to place a barrier between yourself and the toy. And VIM’s weight is concentrated in its head, so it amplifies vibrations, and not in the handle, so you don’t get fatigued. Speaking of the handle, it doesn’t channel the vibrations, so you can play hard without numbing your hand.","LongProductName":"VIM Vibrating Wand, Sunrise Orange, Ø 6 x 31.3 cm, 430g, Midnight Blue","MiddleDesc":"","Disclaimer":"","ManualPDFURL":"","ManualPDFSize":"0","LeafletPDFURL":"","PDFSize":"0","URL":"https://en.funfactory.com/products/vim","WarrantyInfo":"","Updated":"2025-09-09 09:26:41","Language":"EN"},"SummaryDescription":{"ShortSummaryDescription":"Fun Factory VIM, Wand vibrator, Clitoral stimulation, Vaginal stimulation, Orange, Straight, Ambidextrous, Buttons","LongSummaryDescription":"Fun Factory VIM. Product type: Wand vibrator, Stimulation type: Clitoral stimulation, Vaginal stimulation, Product colour: Orange. Battery type: Built-in battery, Operating time: 6 h, Charging time: 4.5 h. Length: 313 mm, Diameter: 6 cm, Weight: 430 g. Quantity per pack: 1 pc(s), Packaging content: 1 x USB charger 1 x Yes/No/Maybe List 1 x Booklet 1 x Flirt or Dare"},"BulletPoints":{"BulletPointsId":"9377408","Language":"EN","Values":["The most powerful toy FUN FACTORY ever made","Unique weighted motor pleases at every speed","Wide range of settings, from gentle to strong","Vibration stays in the head, not the handle","Slightly flexible neck for comfort in any position","32% lighter & 50% quieter than the leading wand"],"Updated":"2024-03-31 16:59:11"},"GeneratedBulletPoints":{},"GTINs":[{"GTIN":"4032498100012","IsApproved":true}]},"Image":{"HighPic":"https://inishop.com/img/gallery/43fb710e85c9ea70df5c7174502d9dee17bb8763.jpg","HighPicSize":"172162","HighPicHeight":"1333","HighPicWidth":"1333","LowPic":"https://inishop.com/img/gallery_lows/89cd2bb2ab9d0847fce7e515677ca8c61e16900f.jpg","LowPicSize":"7458","LowPicHeight":"200","LowPicWidth":"200","Pic500x500":"https://inishop.com/img/gallery_mediums/b9d16789ce0cdbc3bb0770b2732401b26a83f731.jpg","Pic500x500Size":"32982","Pic500x500Height":"500","Pic500x500Width":"500","ThumbPic":"https://inishop.com/img/gallery_thumbs/6b0dbe63abcaf6257d027d66e892bced7f2f01ec.jpg","ThumbPicSize":"2411"},"Multimedia":[],"Gallery":[{"ID":"117094634","LowPic":"https://inishop.com/img/gallery_lows/89cd2bb2ab9d0847fce7e515677ca8c61e16900f.jpg","LowSize":"7458","LowHeight":"200","LowWidth":"200","ThumbPic":"https://inishop.com/img/gallery_thumbs/6b0dbe63abcaf6257d027d66e892bced7f2f01ec.jpg","ThumbPicSize":"2411","Pic":"https://inishop.com/img/gallery/43fb710e85c9ea70df5c7174502d9dee17bb8763.jpg","Size":"172162","PicHeight":"1333","PicWidth":"1333","Pic500x500":"https://inishop.com/img/gallery_mediums/b9d16789ce0cdbc3bb0770b2732401b26a83f731.jpg","Pic500x500Size":"32982","Pic500x500Height":"500","Pic500x500Width":"500","No":"1","IsMain":"Y","Updated":"2025-09-09 09:26:52","IsPrivate":"0","Type":"ProductImage","Attributes":{"OriginalFileName":""}},{"ID":"89170146","LowPic":"https://inishop.com/img/gallery_lows/ae82cd2d9080bb84b516d1ad694e233d457e5e22.jpg","LowSize":"27732","LowHeight":"200","LowWidth":"200","ThumbPic":"https://inishop.com/img/gallery_thumbs/3e53f5f5a25412115addd26c0725bafc2eeeb73c.jpg","ThumbPicSize":"6712","Pic":"https://inishop.com/img/gallery/6a5f93a0577997188955f7709532c4d96f3d9db8.jpg","Size":"339242","PicHeight":"1333","PicWidth":"1333","Pic500x500":"https://inishop.com/img/gallery_mediums/cf4d8fe23cad035f698a0a13e3705ebc14640fc4.jpg","Pic500x500Size":"113662","Pic500x500Height":"500","Pic500x500Width":"500","No":"2","IsMain":"N","Updated":"2025-09-09 09:27:54","IsPrivate":"0","Type":"ProductDetailImage","Attributes":{"OriginalFileName":""}},{"ID":"89170148","LowPic":"https://inishop.com/img/gallery_lows/692be927e6a26c3edf947f4e2b2996bd9451d12d.jpg","LowSize":"13520","LowHeight":"200","LowWidth":"200","ThumbPic":"https://inishop.com/img/gallery_thumbs/b046f6fa02a720b72599b8804cdc940bbe99ef59.jpg","ThumbPicSize":"3753","Pic":"https://inishop.com/img/gallery/fcf41c0a7b4b441dd2e50c392626e471c5fe54ec.jpg","Size":"146501","PicHeight":"1333","PicWidth":"1333","Pic500x500":"https://inishop.com/img/gallery_mediums/35e5dcab7b05055ff9cf091c7e9f63b239f8f379.jpg","Pic500x500Size":"51109","Pic500x500Height":"500","Pic500x500Width":"500","No":"3","IsMain":"N","Updated":"2025-09-09 09:27:56","IsPrivate":"0","Type":"LifestyleImage","Attributes":{"OriginalFileName":""}},{"ID":"89170154","LowPic":"https://inishop.com/img/gallery_lows/0a6d4419068219067b3c00bebbdab20796d6c47c.jpg","LowSize":"34084","LowHeight":"200","LowWidth":"200","ThumbPic":"https://inishop.com/img/gallery_thumbs/e8980de47a2a9eec32a11285cc38d7002fa1096b.jpg","ThumbPicSize":"8051","Pic":"https://inishop.com/img/gallery/c2071a5847a5b8229dc998042ec285b95b22f6bc.jpg","Size":"735808","PicHeight":"2083","PicWidth":"2083","Pic500x500":"https://inishop.com/img/gallery_mediums/ed2e183e4b6b4d807cf868434fd64e55bc2e4ad3.jpg","Pic500x500Size":"150129","Pic500x500Height":"500","Pic500x500Width":"500","No":"5","IsMain":"N","Updated":"2025-09-09 09:27:57","IsPrivate":"0","Type":"LifestyleImage","Attributes":{"OriginalFileName":""}},{"ID":"117094635","LowPic":"https://inishop.com/img/gallery_lows/854fc6628ea70085a6aecf615d5d07aa749ef176.jpg","LowSize":"26324","LowHeight":"200","LowWidth":"200","ThumbPic":"https://inishop.com/img/gallery_thumbs/5b96226f4339367c574a95ca673b52cd086ca74f.jpg","ThumbPicSize":"6339","Pic":"https://inishop.com/img/gallery/9aaa26fee6ca01f5bbc4f4d2dbe40d30cb88c822.jpg","Size":"423526","PicHeight":"1333","PicWidth":"1333","Pic500x500":"https://inishop.com/img/gallery_mediums/1b741e17d4f7da37068162e9bdef6b8abd90a2e2.jpg","Pic500x500Size":"131257","Pic500x500Height":"500","Pic500x500Width":"500","No":"7","IsMain":"N","Updated":"2025-09-09 09:27:25","IsPrivate":"0","Type":"ProductImage","Attributes":{"OriginalFileName":""}},{"ID":"117094652","LowPic":"https://inishop.com/img/gallery_lows/eab90bb4c1c0859e94f4667f2054bb574a5efbe2.jpg","LowSize":"17925","LowHeight":"200","LowWidth":"200","ThumbPic":"https://inishop.com/img/gallery_thumbs/285754714748a8087fd8cdb15dc10ec69f94c792.jpg","ThumbPicSize":"4258","Pic":"https://inishop.com/img/gallery/c36d677bec00618476beec6f7d709dbf8ef452fc.jpg","Size":"231183","PicHeight":"1333","PicWidth":"1333","Pic500x500":"https://inishop.com/img/gallery_mediums/0ccaaf727960944fddd89986fe40bd63350f376a.jpg","Pic500x500Size":"72467","Pic500x500Height":"500","Pic500x500Width":"500","No":"8","IsMain":"N","Updated":"2025-09-09 09:28:02","IsPrivate":"0","Type":"ProductImageAnnotated","Attributes":{"OriginalFileName":""}},{"ID":"117094653","LowPic":"https://inishop.com/img/gallery_lows/a84d6d76c952de586b1719eafd2c9fd51ae44d39.jpg","LowSize":"15376","LowHeight":"200","LowWidth":"200","ThumbPic":"https://inishop.com/img/gallery_thumbs/7decbf942d3ce53ba7a0826049f931a320c0b6fe.jpg","ThumbPicSize":"3994","Pic":"https://inishop.com/img/gallery/c578aa0926700350113753a61990ea45a620a94d.jpg","Size":"178629","PicHeight":"1333","PicWidth":"1333","Pic500x500":"https://inishop.com/img/gallery_mediums/36bb16208fdedfc110b160ec29df4f5f3a2b3a43.jpg","Pic500x500Size":"57353","Pic500x500Height":"500","Pic500x500Width":"500","No":"9","IsMain":"N","Updated":"2025-09-09 09:28:04","IsPrivate":"0","Type":"ProductImageAnnotated","Attributes":{"OriginalFileName":""}},{"ID":"117094638","LowPic":"https://inishop.com/img/gallery_lows/18d42fdf9053f4b730c53c490ea7c8cc5e8578c2.jpg","LowSize":"14293","LowHeight":"200","LowWidth":"200","ThumbPic":"https://inishop.com/img/gallery_thumbs/754753a53669fa156975a45f22d401d9c445fa38.jpg","ThumbPicSize":"3597","Pic":"https://inishop.com/img/gallery/e0bd47447631e330a974463148b00567f02e7b75.jpg","Size":"205576","PicHeight":"1440","PicWidth":"1440","Pic500x500":"https://inishop.com/img/gallery_mediums/1342adb03cd029dcfd664c9b67e21e503b434366.jpg","Pic500x500Size":"58814","Pic500x500Height":"500","Pic500x500Width":"500","No":"10","IsMain":"N","Updated":"2025-09-09 09:28:06","IsPrivate":"0","Type":"ProductDetailImage","Attributes":{"OriginalFileName":""}},{"ID":"89170149","LowPic":"https://inishop.com/img/gallery_lows/b46994ecd8ed7274df9d45ca8bfc6fcf736fc1d1.jpg","LowSize":"19058","LowHeight":"200","LowWidth":"200","ThumbPic":"https://inishop.com/img/gallery_thumbs/e8715c0638639227ddb0d1217102f245a8ba1b95.jpg","ThumbPicSize":"5555","Pic":"https://inishop.com/img/gallery/def28792a67b308b29c525297344029eb173d924.jpg","Size":"222196","PicHeight":"1333","PicWidth":"1333","Pic500x500":"https://inishop.com/img/gallery_mediums/10bfba1bf38c40edd5d46706048711558ed229ed.jpg","Pic500x500Size":"70730","Pic500x500Height":"500","Pic500x500Width":"500","No":"11","IsMain":"N","Updated":"2025-09-09 09:28:08","IsPrivate":"0","Type":"ProductPackagingImage","Attributes":{"OriginalFileName":""}}],"FeaturesGroups":[{"ID":28803,"SortNo":"30","FeatureGroup":{"ID":"185","Name":{"Value":"Features","Language":"EN"}},"Features":[{"Localized":0,"ID":631845461,"LocalID":0,"Type":"dropdown","Value":"Wand vibrator","CategoryFeatureId":"808782","CategoryFeatureGroupID":"28803","SortNo":"150","PresentationValue":"Wand vibrator","RawValue":"Wand vibrator","LocalValue":"Wand vibrator","Description":"The sub-category of the product.","Mandatory":"1","Searchable":"1","Optional":"0","Feature":{"ID":"14052","Sign":"","Measure":{"ID":"29","Sign":"","Signs":{"ID":"","_":"","Language":"EN"}},"Name":{"Value":"Product type","Language":"EN"}}},{"Localized":0,"ID":631845458,"LocalID":0,"Type":"dropdown","Value":"Straight","CategoryFeatureId":"270233","CategoryFeatureGroupID":"28803","SortNo":"100","PresentationValue":"Straight","RawValue":"Straight","LocalValue":"Straight","Description":"The external form, contours, or outline of the product.","Mandatory":"0","Searchable":"0","Optional":"0","Feature":{"ID":"9397","Sign":"","Measure":{"ID":"29","Sign":"","Signs":{"ID":"","_":"","Language":"EN"}},"Name":{"Value":"Shape","Language":"EN"}}},{"Localized":0,"ID":631845465,"LocalID":0,"Type":"dropdown","Value":"Clitoral stimulation,Vaginal stimulation","CategoryFeatureId":"808780","CategoryFeatureGroupID":"28803","SortNo":"100","PresentationValue":"Clitoral stimulation, Vaginal stimulation","RawValue":"Clitoral stimulation,Vaginal stimulation","LocalValue":"Clitoral stimulation, Vaginal stimulation","Description":"","Mandatory":"1","Searchable":"1","Optional":"0","Feature":{"ID":"44730","Sign":"","Measure":{"ID":"29","Sign":"","Signs":{"ID":"","_":"","Language":"EN"}},"Name":{"Value":"Stimulation type","Language":"EN"}}},{"Localized":0,"ID":631845463,"LocalID":0,"Type":"dropdown","Value":"Ambidextrous","CategoryFeatureId":"315245","CategoryFeatureGroupID":"28803","SortNo":"68","PresentationValue":"Ambidextrous","RawValue":"Ambidextrous","LocalValue":"Ambidextrous","Description":"The design allows to draw the gun with the right or left hand or both (ambidextrous).","Mandatory":"0","Searchable":"0","Optional":"0","Feature":{"ID":"21183","Sign":"","Measure":{"ID":"29","Sign":"","Signs":{"ID":"","_":"","Language":"EN"}},"Name":{"Value":"Hand orientation","Language":"EN"}}},{"Localized":0,"ID":631845451,"LocalID":0,"Type":"multi_dropdown","Value":"Buttons","CategoryFeatureId":"315247","CategoryFeatureGroupID":"28803","SortNo":"45","PresentationValue":"Buttons","RawValue":"Buttons","LocalValue":"Buttons","Description":"The way in which the device is controlled.","Mandatory":"0","Searchable":"0","Optional":"0","Feature":{"ID":"2651","Sign":"","Measure":{"ID":"29","Sign":"","Signs":{"ID":"","_":"","Language":"EN"}},"Name":{"Value":"Control type","Language":"EN"}}},{"Localized":0,"ID":631845450,"LocalID":0,"Type":"numerical","Value":"5","CategoryFeatureId":"315239","CategoryFeatureGroupID":"28803","SortNo":"40","PresentationValue":"5","RawValue":"5","LocalValue":"5","Description":"The different speeds that the device can operate at.","Mandatory":"0","Searchable":"0","Optional":"0","Feature":{"ID":"2594","Sign":"","Measure":{"ID":"29","Sign":"","Signs":{"ID":"","_":"","Language":"EN"}},"Name":{"Value":"Number of speeds","Language":"EN"}}},{"Localized":0,"ID":631845464,"LocalID":0,"Type":"numerical","Value":"3","CategoryFeatureId":"315240","CategoryFeatureGroupID":"28803","SortNo":"40","PresentationValue":"3","RawValue":"3","LocalValue":"3","Description":"","Mandatory":"0","Searchable":"0","Optional":"0","Feature":{"ID":"34368","Sign":"","Measure":{"ID":"29","Sign":"","Signs":{"ID":"","_":"","Language":"EN"}},"Name":{"Value":"Number of patterns","Language":"EN"}}},{"Localized":0,"ID":631845456,"LocalID":0,"Type":"y_n","Value":"Y","CategoryFeatureId":"270246","CategoryFeatureGroupID":"28803","SortNo":"35","PresentationValue":"Yes","RawValue":"Y","LocalValue":"Yes","Description":"The product is protected from water, staying dry if liquid is spilt on it or it gets wet in the rain.","Mandatory":"0","Searchable":"0","Optional":"0","Feature":{"ID":"7509","Sign":"","Measure":{"ID":"26","Sign":"","Signs":{"ID":"","_":"","Language":"EN"}},"Name":{"Value":"Waterproof","Language":"EN"}}},{"Localized":0,"ID":631845449,"LocalID":0,"Type":"dropdown","Value":"Matt","CategoryFeatureId":"315569","CategoryFeatureGroupID":"28803","SortNo":"30","PresentationValue":"Matt","RawValue":"Matt","LocalValue":"Matt","Description":"The way that a product is finished e.g. a matt or gloss finish.","Mandatory":"0","Searchable":"0","Optional":"0","Feature":{"ID":"2254","Sign":"","Measure":{"ID":"29","Sign":"","Signs":{"ID":"","_":"","Language":"EN"}},"Name":{"Value":"Finish type","Language":"EN"}}},{"Localized":0,"ID":631845455,"LocalID":0,"Type":"y_n","Value":"Y","CategoryFeatureId":"315241","CategoryFeatureGroupID":"28803","SortNo":"29","PresentationValue":"Yes","RawValue":"Y","LocalValue":"Yes","Description":"","Mandatory":"0","Searchable":"0","Optional":"0","Feature":{"ID":"4220","Sign":"","Measure":{"ID":"26","Sign":"","Signs":{"ID":"","_":"","Language":"EN"}},"Name":{"Value":"Battery charge indicator","Language":"EN"}}},{"Localized":0,"ID":631845448,"LocalID":0,"Type":"multi_dropdown","Value":"Orange","CategoryFeatureId":"270236","CategoryFeatureGroupID":"28803","SortNo":"0","PresentationValue":"Orange","RawValue":"Orange","LocalValue":"Orange","Description":"The colour e.g. red, blue, green, black, white.","Mandatory":"1","Searchable":"1","Optional":"0","Feature":{"ID":"1766","Sign":"","Measure":{"ID":"29","Sign":"","Signs":{"ID":"","_":"","Language":"EN"}},"Name":{"Value":"Product colour","Language":"EN"}}}]},{"ID":28805,"SortNo":"25","FeatureGroup":{"ID":"143","Name":{"Value":"Battery","Language":"EN"}},"Features":[{"Localized":0,"ID":631845447,"LocalID":0,"Type":"dropdown","Value":"Built-in battery","CategoryFeatureId":"270240","CategoryFeatureGroupID":"28805","SortNo":"170","PresentationValue":"Built-in battery","RawValue":"Built-in battery","LocalValue":"Built-in battery","Description":"Description of battery supplied with the product, such battery form factor (e.g. AA/AAA).","Mandatory":"1","Searchable":"0","Optional":"0","Feature":{"ID":"908","Sign":"","Measure":{"ID":"29","Sign":"","Signs":{"ID":"","_":"","Language":"EN"}},"Name":{"Value":"Battery type","Language":"EN"}}},{"Localized":0,"ID":631845457,"LocalID":0,"Type":"numerical","Value":"6","CategoryFeatureId":"270237","CategoryFeatureGroupID":"28805","SortNo":"19","PresentationValue":"6 h","RawValue":"6","LocalValue":"6","Description":"The length of time which the product can be operated for.","Mandatory":"0","Searchable":"0","Optional":"0","Feature":{"ID":"8305","Sign":"","Measure":{"ID":"46","Sign":"","Signs":{"ID":"30","_":"h","Language":"EN"}},"Name":{"Value":"Operating time","Language":"EN"}}},{"Localized":0,"ID":631845454,"LocalID":0,"Type":"numerical","Value":"4.5","CategoryFeatureId":"270238","CategoryFeatureGroupID":"28805","SortNo":"19","PresentationValue":"4.5 h","RawValue":"4.5","LocalValue":"4.5","Description":"The amount of time needed to charge the product.","Mandatory":"0","Searchable":"0","Optional":"0","Feature":{"ID":"4087","Sign":"","Measure":{"ID":"46","Sign":"","Signs":{"ID":"30","_":"h","Language":"EN"}},"Name":{"Value":"Charging time","Language":"EN"}}},{"Localized":0,"ID":631845460,"LocalID":0,"Type":"y_n","Value":"Y","CategoryFeatureId":"315558","CategoryFeatureGroupID":"28805","SortNo":"15","PresentationValue":"Yes","RawValue":"Y","LocalValue":"Yes","Description":"","Mandatory":"0","Searchable":"0","Optional":"0","Feature":{"ID":"11194","Sign":"","Measure":{"ID":"26","Sign":"","Signs":{"ID":"","_":"","Language":"EN"}},"Name":{"Value":"USB charging","Language":"EN"}}}]},{"ID":28807,"SortNo":"15","FeatureGroup":{"ID":"14","Name":{"Value":"Weight & dimensions","Language":"EN"}},"Features":[{"Localized":0,"ID":631845452,"LocalID":0,"Type":"numerical","Value":"313","CategoryFeatureId":"270247","CategoryFeatureGroupID":"28807","SortNo":"49","PresentationValue":"313 mm","RawValue":"313","LocalValue":"313","Description":"The measurement or extent of something from end to end.","Mandatory":"1","Searchable":"0","Optional":"0","Feature":{"ID":"2738","Sign":"","Measure":{"ID":"24","Sign":"","Signs":{"ID":"3","_":"mm","Language":"EN"}},"Name":{"Value":"Length","Language":"EN"}}},{"Localized":0,"ID":631845453,"LocalID":0,"Type":"numerical","Value":"60","CategoryFeatureId":"270248","CategoryFeatureGroupID":"28807","SortNo":"47","PresentationValue":"6 cm","RawValue":"60","LocalValue":"6","Description":"Distance from one side of a body (circle or sphere) to the other side, measured by a straight line passing through the centre of the body.","Mandatory":"0","Searchable":"0","Optional":"0","Feature":{"ID":"2931","Sign":"","Measure":{"ID":"24","Sign":"","Signs":{"ID":"3","_":"mm","Language":"EN"}},"Name":{"Value":"Diameter","Language":"EN"}}},{"Localized":0,"ID":631845445,"LocalID":0,"Type":"numerical","Value":"430","CategoryFeatureId":"315246","CategoryFeatureGroupID":"28807","SortNo":"11","PresentationValue":"430 g","RawValue":"430","LocalValue":"430","Description":"Weight of the product without packaging (net weight). If possible, the net weight is given including standard accessories and supplies. Please note that sometimes the manufacturer leaves out the weight of accessories and/or supplies.","Mandatory":"0","Searchable":"0","Optional":"0","Feature":{"ID":"94","Sign":"","Measure":{"ID":"38","Sign":"","Signs":{"ID":"22","_":"g","Language":"EN"}},"Name":{"Value":"Weight","Language":"EN"}}}]},{"ID":28804,"SortNo":"10","FeatureGroup":{"ID":"116","Name":{"Value":"Packaging content","Language":"EN"}},"Features":[{"Localized":0,"ID":631845462,"LocalID":0,"Type":"numerical","Value":"1","CategoryFeatureId":"660396","CategoryFeatureGroupID":"28804","SortNo":"500","PresentationValue":"1 pc(s)","RawValue":"1","LocalValue":"1","Description":"","Mandatory":"0","Searchable":"0","Optional":"0","Feature":{"ID":"20228","Sign":"","Measure":{"ID":"144","Sign":"","Signs":{"ID":"125","_":"pc(s)","Language":"EN"}},"Name":{"Value":"Quantity per pack","Language":"EN"}}},{"Localized":0,"ID":631845459,"LocalID":0,"Type":"textarea","Value":"1 x USB charger\n1 x Yes/No/Maybe List\n1 x Booklet\n1 x Flirt or Dare","CategoryFeatureId":"593891","CategoryFeatureGroupID":"28804","SortNo":"-100","PresentationValue":"1 x USB charger\n1 x Yes/No/Maybe List\n1 x Booklet\n1 x Flirt or Dare","RawValue":"1 x USB charger\n1 x Yes/No/Maybe List\n1 x Booklet\n1 x Flirt or Dare","LocalValue":"1 x USB charger\n1 x Yes/No/Maybe List\n1 x Booklet\n1 x Flirt or Dare","Description":"","Mandatory":"0","Searchable":"0","Optional":"0","Feature":{"ID":"10622","Sign":"","Measure":{"ID":"29","Sign":"","Signs":{"ID":"","_":"","Language":"EN"}},"Name":{"Value":"Packaging content","Language":"EN"}}}]}],"FeatureLogos":[],"ReasonsToBuy":[],"Reviews":[],"ProductRelated":[],"CatalogObjectCloud":{},"Variants":[],"ProductStory":[],"Dictionary":{"model_name":"Product name","desc":"Description","ean_code":"EAN/UPC code","flash360":"3D tour","demo_msg_part3":"If you don't have an Icecat account, please register here for free.","repairability_index":"Repairability index","zoom_panel_init":"Original size","cat_name":"Category","product_family":"Product family","back_to_top":"Back to top","zoom_panel_out":"Zoom out","specs":"Specs","eu_product_fiche":"EU Product Fiche","reviews_head_name":"Reviews","pdf_specs":"Product Brochure","zoom_panel_in":"Zoom in","html_content":"","release_date":"Release date","demo_msg_part1":"You are using now a Demo account. Please, use your own Icecat account","demo_insert_desc":"This is a demo of a seamless insert of an Icecat LIVE product data-sheet in your website. Imagine that this responsive data-sheet is included in the product page of your webshop.","pdf_url":"User manual","prod_code":"Product code","supplier_name":"Brand","video":"Video","reasons_to_buy":"Reasons to buy","marketing_text":"Description","options_head_name":"Options","product_series":"Product series","demo_msg_part2":"your Icecat login name","link_integrate_desk":"How to integrate Icecat LIVE JavaScript.","zoom_panel_dragg":"Mouse dragging","eu_energy_label":"EU Energy Label"},"DemoAccount":false}}