{"msg":"OK","data":{"GeneralInfo":{"IcecatId":134703559,"ReleaseDate":"","EndOfLifeDate":"","Title":"Skechers Slip-ins: Max Run athletic shoes Male Red","TitleInfo":{"GeneratedIntTitle":"Skechers Slip-ins: Max Run athletic shoes","GeneratedLocalTitle":{"Value":"Skechers Slip-ins: Max Run athletic shoes Male Red","Language":"EN"},"BrandLocalTitle":{"Value":"","Language":"EN"}},"Brand":"Skechers","BrandID":"18535","BrandLogo":"","BrandInfo":{"BrandName":"Skechers","BrandLocalName":"","BrandLogo":""},"ProductName":"Slip-ins: Max Run","ProductNameInfo":{"ProductIntName":"Slip-ins: Max Run","ProductLocalName":{"Value":"","Language":"EN"}},"BrandPartCode":"221000RDMT 40","GTIN":[],"Category":{"CategoryID":"3554","Name":{"Value":"Athletic Shoes","Language":"EN"}},"ProductFamily":{},"ProductSeries":{"SeriesID":"1"},"Description":{"ID":"104044138","LongDesc":"Outrun the competition comfortably in Skechers Hands Free Slip-ins®: Max Run. Designed with our Heel Pillow®, this slip-on running style features an engineered mesh upper with adjustable laces, supportive Skechers Max Cushioning®, a high-rebound Skechers Air-Cooled Goga Mat™ insole, ULTRA LIGHT midsole cushioning with stride-efficient M-Strike® technology, plus a durable anti-slip Goodyear® Rubber Outsole.<br>","LongProductName":"Slip-ins: Max Run, Red, 40","MiddleDesc":"","Disclaimer":"","ManualPDFURL":"","ManualPDFSize":"0","LeafletPDFURL":"","PDFSize":"0","URL":"https://www.skechers.com/skechers-slip-ins-max%C2%A0run/221000_RDMT.html","WarrantyInfo":"","Updated":"2025-09-09 11:23:43","Language":"EN"},"SummaryDescription":{"ShortSummaryDescription":"Skechers Slip-ins: Max Run, Running, Male, Adult, Red, 25.5 cm, Lace-up closure","LongSummaryDescription":"Skechers Slip-ins: Max Run. Activity: Running, Gender: Male, Consumer life stage: Adult. Outsole material: Rubber, Upper material: Mesh. Washing instruction: Machine wash"},"BulletPoints":{"BulletPointsId":"13608746","Language":"EN","Values":["Skechers Hands Free Slip-ins® for an easy fit","Heel Pillow® holds your foot securely in place","Skechers Max Cushioning® design for exceptional comfort and support","Skechers Air-Cooled Goga Mat™ breathable insole with high-rebound cushioning","Anti-slip Goodyear® Rubber Outsole under wet or dry conditions","Skechers M-Strike® technology promotes efficiency in each stride. This midsole configuration creates smooth transitions from landing to toe-off"],"Updated":"2025-09-09 09:41:47"},"GeneratedBulletPoints":{},"GTINs":[]},"Image":{"HighPic":"https://inishop.com/img/gallery/b248c992715ec15e670941f168341cabd8e43aa6.jpg","HighPicSize":"972322","HighPicHeight":"1001","HighPicWidth":"1896","LowPic":"https://inishop.com/img/gallery_lows/d2b0b815d4d54f6f8629056a5a03fcb7be562c15.jpg","LowPicSize":"17549","LowPicHeight":"106","LowPicWidth":"200","Pic500x500":"https://inishop.com/img/gallery_mediums/c8dc431380b52564b64895cd5f9323256c6faac7.jpg","Pic500x500Size":"79645","Pic500x500Height":"264","Pic500x500Width":"500","ThumbPic":"https://inishop.com/img/gallery_thumbs/ed7b44d2fc7f5b461b81f618a828cfb0e5642591.jpg","ThumbPicSize":"4217"},"Multimedia":[{"ID":"B217042C-7448-49FC-91D1-89BEB02E32F6","URL":"https://cdn.shopify.com/videos/c/o/v/70f3945fae6f4d3cb1ac9315eec3c60b.mp4?access=1xA9ENikE9rZEZyKoUQoCXLSmPe9W4TdhqBoIXLD3IpembIUg2wIzCvGBRRifbLQ","Type":"video/mp4","ContentType":"video/mp4","KeepAsUrl":"1","Description":"Skechers Slip-ins","Size":"28831713","IsPrivate":"0","Updated":"2025-09-09 10:04:10","Language":"EN","IsVideo":1,"ThumbUrl":"","PreviewUrl":""}],"Gallery":[{"ID":"117094732","LowPic":"https://inishop.com/img/gallery_lows/d2b0b815d4d54f6f8629056a5a03fcb7be562c15.jpg","LowSize":"17549","LowHeight":"106","LowWidth":"200","ThumbPic":"https://inishop.com/img/gallery_thumbs/ed7b44d2fc7f5b461b81f618a828cfb0e5642591.jpg","ThumbPicSize":"4217","Pic":"https://inishop.com/img/gallery/b248c992715ec15e670941f168341cabd8e43aa6.jpg","Size":"972322","PicHeight":"1001","PicWidth":"1896","Pic500x500":"https://inishop.com/img/gallery_mediums/c8dc431380b52564b64895cd5f9323256c6faac7.jpg","Pic500x500Size":"79645","Pic500x500Height":"264","Pic500x500Width":"500","No":"1","IsMain":"Y","Updated":"2025-09-09 09:40:32","IsPrivate":"0","Type":"ProductImage","Attributes":{"OriginalFileName":""}},{"ID":"117094733","LowPic":"https://inishop.com/img/gallery_lows/30e606923a56dfd430179b6953d93fd895746b10.jpg","LowSize":"18010","LowHeight":"200","LowWidth":"85","ThumbPic":"https://inishop.com/img/gallery_thumbs/f85a6a9df044d4451a182bfd006f8f5f581b9dff.jpg","ThumbPicSize":"3935","Pic":"https://inishop.com/img/gallery/59c422b2e3c7944e996f6edfb2281935c8949ea0.jpg","Size":"878515","PicHeight":"1673","PicWidth":"713","Pic500x500":"https://inishop.com/img/gallery_mediums/5196541495f3bd3284e8f7e443843184fc965455.jpg","Pic500x500Size":"90853","Pic500x500Height":"500","Pic500x500Width":"213","No":"2","IsMain":"N","Updated":"2025-09-09 09:40:37","IsPrivate":"0","Type":"Other","Attributes":{"OriginalFileName":""}},{"ID":"117094734","LowPic":"https://inishop.com/img/gallery_lows/709360fde2884acae61d5816f58586fb9b7eb54e.jpg","LowSize":"14680","LowHeight":"91","LowWidth":"200","ThumbPic":"https://inishop.com/img/gallery_thumbs/ad7620cf20183131f7d2f2af8f86e6cec591c37c.jpg","ThumbPicSize":"3524","Pic":"https://inishop.com/img/gallery/b7ecefa470e2fafbb5eceebaccef09b58a90e8ab.jpg","Size":"729046","PicHeight":"857","PicWidth":"1889","Pic500x500":"https://inishop.com/img/gallery_mediums/31f76744ab943fd9439e94c97c1013723298f57a.jpg","Pic500x500Size":"64289","Pic500x500Height":"227","Pic500x500Width":"500","No":"3","IsMain":"N","Updated":"2025-09-09 09:40:42","IsPrivate":"0","Type":"Other","Attributes":{"OriginalFileName":""}},{"ID":"117094735","LowPic":"https://inishop.com/img/gallery_lows/c25d77f4c0796b1aa920418b4b96b3e13883c13e.jpg","LowSize":"26451","LowHeight":"151","LowWidth":"200","ThumbPic":"https://inishop.com/img/gallery_thumbs/2ce979f95b8074891b51a9a12fe72419a5cbe6ea.jpg","ThumbPicSize":"5828","Pic":"https://inishop.com/img/gallery/f74bab2ae19da33396c0fe2512821669d5e735f8.jpg","Size":"1577795","PicHeight":"1423","PicWidth":"1882","Pic500x500":"https://inishop.com/img/gallery_mediums/d00e74b19b15bbee2a196cf7b05a5de79fe0d283.jpg","Pic500x500Size":"133236","Pic500x500Height":"378","Pic500x500Width":"500","No":"4","IsMain":"N","Updated":"2025-09-09 09:40:49","IsPrivate":"0","Type":"Other","Attributes":{"OriginalFileName":""}},{"ID":"117094736","LowPic":"https://inishop.com/img/gallery_lows/6e171f463abfde430b3867faace29ec169142f32.jpg","LowSize":"15910","LowHeight":"107","LowWidth":"200","ThumbPic":"https://inishop.com/img/gallery_thumbs/a3bd556dd042a6b8d14a2a3da3158e40a5d29ec3.jpg","ThumbPicSize":"3860","Pic":"https://inishop.com/img/gallery/b3f18b6969adf73ee50a51d3799e295abf754019.jpg","Size":"1121643","PicHeight":"1014","PicWidth":"1897","Pic500x500":"https://inishop.com/img/gallery_mediums/75247f0d4a5d8d08bdd5f84e3af0e7a168fe814b.jpg","Pic500x500Size":"77901","Pic500x500Height":"267","Pic500x500Width":"500","No":"5","IsMain":"N","Updated":"2025-09-09 09:40:56","IsPrivate":"0","Type":"Other","Attributes":{"OriginalFileName":""}}],"FeaturesGroups":[{"ID":17164,"SortNo":"50","FeatureGroup":{"ID":"185","Name":{"Value":"Features","Language":"EN"}},"Features":[{"Localized":0,"ID":835245561,"LocalID":0,"Type":"dropdown","Value":"Running","CategoryFeatureId":"333583","CategoryFeatureGroupID":"17164","SortNo":"350","PresentationValue":"Running","RawValue":"Running","LocalValue":"Running","Description":"","Mandatory":"1","Searchable":"1","Optional":"0","Feature":{"ID":"41029","Sign":"","Measure":{"ID":"29","Sign":"","Signs":{"ID":"","_":"","Language":"EN"}},"Name":{"Value":"Activity","Language":"EN"}}},{"Localized":0,"ID":835226922,"LocalID":0,"Type":"dropdown","Value":"Male","CategoryFeatureId":"158233","CategoryFeatureGroupID":"17164","SortNo":"300","PresentationValue":"Male","RawValue":"Male","LocalValue":"Male","Description":"Gender (type) of a product.","Mandatory":"1","Searchable":"1","Optional":"0","Feature":{"ID":"3230","Sign":"","Measure":{"ID":"29","Sign":"","Signs":{"ID":"","_":"","Language":"EN"}},"Name":{"Value":"Gender","Language":"EN"}}},{"Localized":0,"ID":835245560,"LocalID":0,"Type":"dropdown","Value":"Adult","CategoryFeatureId":"333580","CategoryFeatureGroupID":"17164","SortNo":"295","PresentationValue":"Adult","RawValue":"Adult","LocalValue":"Adult","Description":"","Mandatory":"1","Searchable":"1","Optional":"0","Feature":{"ID":"36987","Sign":"","Measure":{"ID":"29","Sign":"","Signs":{"ID":"","_":"","Language":"EN"}},"Name":{"Value":"Consumer life stage","Language":"EN"}}},{"Localized":0,"ID":835245444,"LocalID":0,"Type":"alphanumeric","Value":"6.5","CategoryFeatureId":"949644","CategoryFeatureGroupID":"17164","SortNo":"145","PresentationValue":"6.5","RawValue":"6.5","LocalValue":"6.5","Description":"","Mandatory":"0","Searchable":"0","Optional":"0","Feature":{"ID":"29293","Sign":"","Measure":{"ID":"29","Sign":"","Signs":{"ID":"","_":"","Language":"EN"}},"Name":{"Value":"Size (UK)","Language":"EN"}}},{"Localized":0,"ID":835245559,"LocalID":0,"Type":"multi_dropdown","Value":"Red","CategoryFeatureId":"333581","CategoryFeatureGroupID":"17164","SortNo":"144","PresentationValue":"Red","RawValue":"Red","LocalValue":"Red","Description":"","Mandatory":"1","Searchable":"1","Optional":"0","Feature":{"ID":"37466","Sign":"","Measure":{"ID":"29","Sign":"","Signs":{"ID":"","_":"","Language":"EN"}},"Name":{"Value":"Product main colour","Language":"EN"}}},{"Localized":0,"ID":835245439,"LocalID":0,"Type":"alphanumeric","Value":"40","CategoryFeatureId":"949645","CategoryFeatureGroupID":"17164","SortNo":"144","PresentationValue":"40","RawValue":"40","LocalValue":"40","Description":"","Mandatory":"0","Searchable":"0","Optional":"0","Feature":{"ID":"47506","Sign":"","Measure":{"ID":"29","Sign":"","Signs":{"ID":"","_":"","Language":"EN"}},"Name":{"Value":"Size (EU)","Language":"EN"}}},{"Localized":0,"ID":835245445,"LocalID":0,"Type":"alphanumeric","Value":"7.5","CategoryFeatureId":"949646","CategoryFeatureGroupID":"17164","SortNo":"143","PresentationValue":"7.5","RawValue":"7.5","LocalValue":"7.5","Description":"","Mandatory":"0","Searchable":"0","Optional":"0","Feature":{"ID":"47766","Sign":"","Measure":{"ID":"29","Sign":"","Signs":{"ID":"","_":"","Language":"EN"}},"Name":{"Value":"Men's size (US)","Language":"EN"}}},{"Localized":0,"ID":835245446,"LocalID":0,"Type":"alphanumeric","Value":"25.5","CategoryFeatureId":"949648","CategoryFeatureGroupID":"17164","SortNo":"141","PresentationValue":"25.5 cm","RawValue":"25.5","LocalValue":"25.5","Description":"","Mandatory":"0","Searchable":"0","Optional":"0","Feature":{"ID":"47528","Sign":"","Measure":{"ID":"34","Sign":"","Signs":{"ID":"18","_":"cm","Language":"EN"}},"Name":{"Value":"Size (length)","Language":"EN"}}},{"Localized":0,"ID":835229292,"LocalID":0,"Type":"multi_dropdown","Value":"Lace-up closure","CategoryFeatureId":"333640","CategoryFeatureGroupID":"17164","SortNo":"115","PresentationValue":"Lace-up closure","RawValue":"Lace-up closure","LocalValue":"Lace-up closure","Description":"","Mandatory":"0","Searchable":"0","Optional":"0","Feature":{"ID":"41034","Sign":"","Measure":{"ID":"29","Sign":"","Signs":{"ID":"","_":"","Language":"EN"}},"Name":{"Value":"Footwear closure type","Language":"EN"}}},{"Localized":0,"ID":835245600,"LocalID":0,"Type":"numerical","Value":"50","CategoryFeatureId":"333641","CategoryFeatureGroupID":"17164","SortNo":"110","PresentationValue":"5 cm","RawValue":"50","LocalValue":"5","Description":"","Mandatory":"0","Searchable":"0","Optional":"0","Feature":{"ID":"41066","Sign":"","Measure":{"ID":"24","Sign":"","Signs":{"ID":"3","_":"mm","Language":"EN"}},"Name":{"Value":"Stack height (heel)","Language":"EN"}}},{"Localized":0,"ID":835245387,"LocalID":0,"Type":"y_n","Value":"Y","CategoryFeatureId":"333626","CategoryFeatureGroupID":"17164","SortNo":"97","PresentationValue":"Yes","RawValue":"Y","LocalValue":"Yes","Description":"","Mandatory":"0","Searchable":"0","Optional":"0","Feature":{"ID":"41065","Sign":"","Measure":{"ID":"26","Sign":"","Signs":{"ID":"","_":"","Language":"EN"}},"Name":{"Value":"Cushioned insole","Language":"EN"}}},{"Localized":0,"ID":835245375,"LocalID":0,"Type":"y_n","Value":"Y","CategoryFeatureId":"333636","CategoryFeatureGroupID":"17164","SortNo":"24","PresentationValue":"Yes","RawValue":"Y","LocalValue":"Yes","Description":"","Mandatory":"0","Searchable":"0","Optional":"0","Feature":{"ID":"37428","Sign":"","Measure":{"ID":"26","Sign":"","Signs":{"ID":"","_":"","Language":"EN"}},"Name":{"Value":"Vegan friendly","Language":"EN"}}},{"Localized":0,"ID":835245589,"LocalID":0,"Type":"y_n","Value":"Y","CategoryFeatureId":"158340","CategoryFeatureGroupID":"17164","SortNo":"15","PresentationValue":"Yes","RawValue":"Y","LocalValue":"Yes","Description":"","Mandatory":"0","Searchable":"0","Optional":"0","Feature":{"ID":"21062","Sign":"","Measure":{"ID":"26","Sign":"","Signs":{"ID":"","_":"","Language":"EN"}},"Name":{"Value":"Breathable","Language":"EN"}}}]},{"ID":34344,"SortNo":"40","FeatureGroup":{"ID":"119","Name":{"Value":"Material","Language":"EN"}},"Features":[{"Localized":0,"ID":835245586,"LocalID":0,"Type":"multi_dropdown","Value":"Rubber","CategoryFeatureId":"158220","CategoryFeatureGroupID":"34344","SortNo":"250","PresentationValue":"Rubber","RawValue":"Rubber","LocalValue":"Rubber","Description":"","Mandatory":"1","Searchable":"0","Optional":"0","Feature":{"ID":"25409","Sign":"","Measure":{"ID":"29","Sign":"","Signs":{"ID":"","_":"","Language":"EN"}},"Name":{"Value":"Outsole material","Language":"EN"}}},{"Localized":0,"ID":835245571,"LocalID":0,"Type":"multi_dropdown","Value":"Mesh","CategoryFeatureId":"196763","CategoryFeatureGroupID":"34344","SortNo":"200","PresentationValue":"Mesh","RawValue":"Mesh","LocalValue":"Mesh","Description":"The material the upper part of the shoe is made of, e.g. leather, canvas or mesh.","Mandatory":"1","Searchable":"0","Optional":"0","Feature":{"ID":"29975","Sign":"","Measure":{"ID":"29","Sign":"","Signs":{"ID":"","_":"","Language":"EN"}},"Name":{"Value":"Upper material","Language":"EN"}}}]},{"ID":78451,"SortNo":"30","FeatureGroup":{"ID":"270","Name":{"Value":"Care information","Language":"EN"}},"Features":[{"Localized":0,"ID":835245408,"LocalID":0,"Type":"y_n","Value":"Y","CategoryFeatureId":"158614","CategoryFeatureGroupID":"78451","SortNo":"7","PresentationValue":"Yes","RawValue":"Y","LocalValue":"Yes","Description":"The product can be washed in the washing machine without being damaged.","Mandatory":"0","Searchable":"0","Optional":"0","Feature":{"ID":"5516","Sign":"","Measure":{"ID":"26","Sign":"","Signs":{"ID":"","_":"","Language":"EN"}},"Name":{"Value":"Washable","Language":"EN"}}},{"Localized":0,"ID":835245409,"LocalID":0,"Type":"dropdown","Value":"Machine wash","CategoryFeatureId":"685105","CategoryFeatureGroupID":"78451","SortNo":"7","PresentationValue":"Machine wash","RawValue":"Machine wash","LocalValue":"Machine wash","Description":"","Mandatory":"0","Searchable":"0","Optional":"0","Feature":{"ID":"42578","Sign":"","Measure":{"ID":"29","Sign":"","Signs":{"ID":"","_":"","Language":"EN"}},"Name":{"Value":"Washing instruction","Language":"EN"}}}]}],"FeatureLogos":[],"ReasonsToBuy":[{"ReasonToBuyID":"93074660","Value":"Our Goga Mat® Technology offers an excellent combination of support and comfort, providing a lightweight cushioned, responsive feel that’s perfect for all-day wear.","HighPic":"https://inishop.com/img/bullets/134703559-68bff38b1b474493582271.jpg","HighPicSize":"0","No":"1","Title":"Goga Mat","Language":"EN","Updated":"2025-09-09 11:29:47","Origin":"RTB","IsPrivate":"0"},{"ReasonToBuyID":"93074661","Value":"SLIP IN™ to pure comfort and convenience with Skechers Hands Free Slip-ins®. Easy-wear shoes designed with our Heel Pillow® that holds your foot securely in place.","HighPic":"https://inishop.com/img/bullets/134703559-68bff39660b40746140117.jpg","HighPicSize":"0","No":"2","Title":"Skechers Hands Free Slip-Ins","Language":"EN","Updated":"2025-09-09 11:29:58","Origin":"RTB","IsPrivate":"0"}],"Reviews":[],"ProductRelated":[],"CatalogObjectCloud":{},"Variants":[],"ProductStory":[],"Dictionary":{"model_name":"Product name","desc":"Description","ean_code":"EAN/UPC code","flash360":"3D tour","demo_msg_part3":"If you don't have an Icecat account, please register here for free.","repairability_index":"Repairability index","zoom_panel_init":"Original size","cat_name":"Category","product_family":"Product family","back_to_top":"Back to top","zoom_panel_out":"Zoom out","specs":"Specs","eu_product_fiche":"EU Product Fiche","reviews_head_name":"Reviews","pdf_specs":"Product Brochure","zoom_panel_in":"Zoom in","html_content":"","release_date":"Release date","demo_msg_part1":"You are using now a Demo account. Please, use your own Icecat account","demo_insert_desc":"This is a demo of a seamless insert of an Icecat LIVE product data-sheet in your website. Imagine that this responsive data-sheet is included in the product page of your webshop.","pdf_url":"User manual","prod_code":"Product code","supplier_name":"Brand","video":"Video","reasons_to_buy":"Reasons to buy","marketing_text":"Description","options_head_name":"Options","product_series":"Product series","demo_msg_part2":"your Icecat login name","link_integrate_desk":"How to integrate Icecat LIVE JavaScript.","zoom_panel_dragg":"Mouse dragging","eu_energy_label":"EU Energy Label"},"DemoAccount":false}}