{"msg":"OK","data":{"GeneralInfo":{"IcecatId":134704151,"ReleaseDate":"","EndOfLifeDate":"","Title":"Snickers Workwear Classic T-Shirt","TitleInfo":{"GeneratedIntTitle":"Snickers Workwear 2502","GeneratedLocalTitle":{"Value":"Snickers Workwear 2502 Cotton, Viscose","Language":"EN"},"BrandLocalTitle":{"Value":"Snickers Workwear Classic T-Shirt","Language":"EN"}},"Brand":"Snickers Workwear","BrandID":"23796","BrandLogo":"","BrandInfo":{"BrandName":"Snickers Workwear","BrandLocalName":"","BrandLogo":""},"ProductName":"Classic T-Shirt","ProductNameInfo":{"ProductIntName":"2502","ProductLocalName":{"Value":"Classic T-Shirt","Language":"EN"}},"BrandPartCode":"25023900006","GTIN":[],"Category":{"CategoryID":"3504","Name":{"Value":"Shirts & Tops","Language":"EN"}},"ProductFamily":{},"ProductSeries":{"SeriesID":"1"},"Description":{"ID":"104046419","LongDesc":"Open opportunities. A classic T-shirt with Cotton comfort and loads of company profiling possibilities.","LongProductName":"Classic T-Shirt, Forest Green, L","MiddleDesc":"","Disclaimer":"","ManualPDFURL":"","ManualPDFSize":"0","LeafletPDFURL":"","PDFSize":"0","URL":"https://www.snickersworkwear.com/products/topwear/t-shirts/79494","WarrantyInfo":"","Updated":"2025-09-09 13:30:40","Language":"EN"},"SummaryDescription":{"ShortSummaryDescription":"Snickers Workwear Classic T-Shirt, T-shirt, Adult, Male, Green, Monochromatic, No pattern","LongSummaryDescription":"Snickers Workwear Classic T-Shirt. Shirt/top type: T-shirt, Consumer life stage: Adult, Gender: Male. Material: Cotton, Viscose, Material description (name, %): 99% cotton, 1% viscose, Fabric weight: 160 g/m². Quantity per pack: 1 pc(s). Bleaching instruction: Do not bleach, Drying instruction: Do not tumble dry, Ironing instruction: Iron at moderate temperature. Sustainability certificates: STANDARD 100 by OEKO-TEX"},"BulletPoints":{"BulletPointsId":"13610334","Language":"EN","Values":["For a long service life, reinforced at the shoulder seam and back of neck","Lycra in the neck rib helps maintain shape – wash after wash","Printed neck label to avoid itching"],"Updated":"2025-09-09 13:30:40"},"GeneratedBulletPoints":{"Language":"EN","Values":["T-shirt Male Green","Adult","Cotton, Viscose"]},"GTINs":[]},"Image":{"HighPic":"https://inishop.com/img/gallery/53bbc39f425ddffe91bec31d8f8b9a93d06fbbf7.jpg","HighPicSize":"112173","HighPicHeight":"675","HighPicWidth":"587","LowPic":"https://inishop.com/img/gallery_lows/f465fe7c8835e7266202a430ccba2092e538d4b0.jpg","LowPicSize":"15212","LowPicHeight":"200","LowPicWidth":"174","Pic500x500":"https://inishop.com/img/gallery_mediums/ff32dfa535a8085e11367b46be1e67851eca7cc4.jpg","Pic500x500Size":"67768","Pic500x500Height":"500","Pic500x500Width":"435","ThumbPic":"https://inishop.com/img/gallery_thumbs/fc200c59d8080ef73ff94d424bcbc836aa97f29f.jpg","ThumbPicSize":"3996"},"Multimedia":[{"ID":"24337D58-C848-4049-9D67-65C7B974C0D3","URL":"https://inishop.com/objects/mmo_134704151_1757417399_9798_143840.pdf","Type":"other digital assets","ContentType":"application/pdf","KeepAsUrl":"0","Description":"EU Declaration of Conformity","Size":"275435","IsPrivate":"0","Updated":"2025-09-09 13:29:59","Language":"EN","IsVideo":0}],"Gallery":[{"ID":"117110115","LowPic":"https://inishop.com/img/gallery_lows/f465fe7c8835e7266202a430ccba2092e538d4b0.jpg","LowSize":"15212","LowHeight":"200","LowWidth":"174","ThumbPic":"https://inishop.com/img/gallery_thumbs/fc200c59d8080ef73ff94d424bcbc836aa97f29f.jpg","ThumbPicSize":"3996","Pic":"https://inishop.com/img/gallery/53bbc39f425ddffe91bec31d8f8b9a93d06fbbf7.jpg","Size":"112173","PicHeight":"675","PicWidth":"587","Pic500x500":"https://inishop.com/img/gallery_mediums/ff32dfa535a8085e11367b46be1e67851eca7cc4.jpg","Pic500x500Size":"67768","Pic500x500Height":"500","Pic500x500Width":"435","No":"1","IsMain":"Y","Updated":"2025-09-09 13:28:27","IsPrivate":"0","Type":"ProductImage","Attributes":{"OriginalFileName":""}},{"ID":"117110116","LowPic":"https://inishop.com/img/gallery_lows/0546227fa29a2f1017c59efe8f605b88c9827acd.jpg","LowSize":"14959","LowHeight":"200","LowWidth":"172","ThumbPic":"https://inishop.com/img/gallery_thumbs/7eb0fb5c7f2a6bbf661b73832b642e0558d0ecda.jpg","ThumbPicSize":"3877","Pic":"https://inishop.com/img/gallery/011876655b71422072e1c53a7a8006cace766148.jpg","Size":"111778","PicHeight":"676","PicWidth":"581","Pic500x500":"https://inishop.com/img/gallery_mediums/e8e6987a96f30c0c047371000cc0b3c665d7b2a6.jpg","Pic500x500Size":"66824","Pic500x500Height":"500","Pic500x500Width":"430","No":"2","IsMain":"N","Updated":"2025-09-09 13:28:31","IsPrivate":"0","Type":"ProductImage","Attributes":{"OriginalFileName":""}},{"ID":"117110118","LowPic":"https://inishop.com/img/gallery_lows/ca1a991b84f8513642c4ca6674869fa08d83ce71.jpg","LowSize":"10279","LowHeight":"200","LowWidth":"86","ThumbPic":"https://inishop.com/img/gallery_thumbs/081ae0332af109e76137038e22077af2c3299a20.jpg","ThumbPicSize":"2819","Pic":"https://inishop.com/img/gallery/b3f1725f9b45ab5fa9f7e62e617fe34cd460ac18.jpg","Size":"70929","PicHeight":"676","PicWidth":"291","Pic500x500":"https://inishop.com/img/gallery_mediums/d87e05db8776f8555bcd2b124afc9f41e1a29154.jpg","Pic500x500Size":"43078","Pic500x500Height":"500","Pic500x500Width":"215","No":"3","IsMain":"N","Updated":"2025-09-09 13:28:39","IsPrivate":"0","Type":"ProductImage","Attributes":{"OriginalFileName":""}},{"ID":"117110120","LowPic":"https://inishop.com/img/gallery_lows/dc8ea8e99ff6930365b157b7c1add64bde629358.jpg","LowSize":"9490","LowHeight":"200","LowWidth":"85","ThumbPic":"https://inishop.com/img/gallery_thumbs/db9fa7258533e05436669531f1b4c3792e35ad0f.jpg","ThumbPicSize":"2744","Pic":"https://inishop.com/img/gallery/d47c280ebdfddda4b4c9905ae21cd87078ff30af.jpg","Size":"66858","PicHeight":"677","PicWidth":"289","Pic500x500":"https://inishop.com/img/gallery_mediums/93f08923bd5c09e25038e8a512af67e7b3e3f1a0.jpg","Pic500x500Size":"40442","Pic500x500Height":"500","Pic500x500Width":"213","No":"4","IsMain":"N","Updated":"2025-09-09 13:28:42","IsPrivate":"0","Type":"ProductImage","Attributes":{"OriginalFileName":""}}],"FeaturesGroups":[{"ID":13510,"SortNo":"50","FeatureGroup":{"ID":"185","Name":{"Value":"Features","Language":"EN"}},"Features":[{"Localized":0,"ID":835270731,"LocalID":0,"Type":"dropdown","Value":"Monochromatic","CategoryFeatureId":"189646","CategoryFeatureGroupID":"13510","SortNo":"10000986","PresentationValue":"Monochromatic","RawValue":"Monochromatic","LocalValue":"Monochromatic","Description":"","Mandatory":"0","Searchable":"0","Optional":"0","Feature":{"ID":"21118","Sign":"","Measure":{"ID":"29","Sign":"","Signs":{"ID":"","_":"","Language":"EN"}},"Name":{"Value":"Coloration","Language":"EN"}}},{"Localized":0,"ID":835270846,"LocalID":0,"Type":"dropdown","Value":"No pattern","CategoryFeatureId":"261611","CategoryFeatureGroupID":"13510","SortNo":"10000985","PresentationValue":"No pattern","RawValue":"No pattern","LocalValue":"No pattern","Description":"","Mandatory":"0","Searchable":"0","Optional":"0","Feature":{"ID":"22615","Sign":"","Measure":{"ID":"29","Sign":"","Signs":{"ID":"","_":"","Language":"EN"}},"Name":{"Value":"Pattern","Language":"EN"}}},{"Localized":0,"ID":835270847,"LocalID":0,"Type":"alphanumeric","Value":"L","CategoryFeatureId":"947049","CategoryFeatureGroupID":"13510","SortNo":"1500","PresentationValue":"L","RawValue":"L","LocalValue":"L","Description":"","Mandatory":"0","Searchable":"0","Optional":"0","Feature":{"ID":"47512","Sign":"","Measure":{"ID":"29","Sign":"","Signs":{"ID":"","_":"","Language":"EN"}},"Name":{"Value":"Size (S/M/L)","Language":"EN"}}},{"Localized":0,"ID":835270672,"LocalID":0,"Type":"dropdown","Value":"T-shirt","CategoryFeatureId":"284565","CategoryFeatureGroupID":"13510","SortNo":"1000","PresentationValue":"T-shirt","RawValue":"T-shirt","LocalValue":"T-shirt","Description":"","Mandatory":"1","Searchable":"1","Optional":"0","Feature":{"ID":"37361","Sign":"","Measure":{"ID":"29","Sign":"","Signs":{"ID":"","_":"","Language":"EN"}},"Name":{"Value":"Shirt/top type","Language":"EN"}}},{"Localized":0,"ID":835270726,"LocalID":0,"Type":"dropdown","Value":"Adult","CategoryFeatureId":"261629","CategoryFeatureGroupID":"13510","SortNo":"999","PresentationValue":"Adult","RawValue":"Adult","LocalValue":"Adult","Description":"","Mandatory":"1","Searchable":"1","Optional":"0","Feature":{"ID":"36987","Sign":"","Measure":{"ID":"29","Sign":"","Signs":{"ID":"","_":"","Language":"EN"}},"Name":{"Value":"Consumer life stage","Language":"EN"}}},{"Localized":0,"ID":835270727,"LocalID":0,"Type":"dropdown","Value":"Male","CategoryFeatureId":"261607","CategoryFeatureGroupID":"13510","SortNo":"998","PresentationValue":"Male","RawValue":"Male","LocalValue":"Male","Description":"Gender (type) of a product.","Mandatory":"1","Searchable":"1","Optional":"0","Feature":{"ID":"3230","Sign":"","Measure":{"ID":"29","Sign":"","Signs":{"ID":"","_":"","Language":"EN"}},"Name":{"Value":"Gender","Language":"EN"}}},{"Localized":0,"ID":835270729,"LocalID":0,"Type":"multi_dropdown","Value":"Green","CategoryFeatureId":"290356","CategoryFeatureGroupID":"13510","SortNo":"990","PresentationValue":"Green","RawValue":"Green","LocalValue":"Green","Description":"","Mandatory":"1","Searchable":"1","Optional":"0","Feature":{"ID":"37466","Sign":"","Measure":{"ID":"29","Sign":"","Signs":{"ID":"","_":"","Language":"EN"}},"Name":{"Value":"Product main colour","Language":"EN"}}},{"Localized":0,"ID":835270927,"LocalID":0,"Type":"y_n","Value":"N","CategoryFeatureId":"270616","CategoryFeatureGroupID":"13510","SortNo":"523","PresentationValue":"No","RawValue":"N","LocalValue":"No","Description":"","Mandatory":"0","Searchable":"0","Optional":"0","Feature":{"ID":"37145","Sign":"","Measure":{"ID":"26","Sign":"","Signs":{"ID":"","_":"","Language":"EN"}},"Name":{"Value":"Seamless","Language":"EN"}}},{"Localized":0,"ID":835271709,"LocalID":0,"Type":"y_n","Value":"N","CategoryFeatureId":"189652","CategoryFeatureGroupID":"13510","SortNo":"500","PresentationValue":"No","RawValue":"N","LocalValue":"No","Description":"","Mandatory":"0","Searchable":"0","Optional":"0","Feature":{"ID":"18527","Sign":"","Measure":{"ID":"26","Sign":"","Signs":{"ID":"","_":"","Language":"EN"}},"Name":{"Value":"Pocket","Language":"EN"}}},{"Localized":0,"ID":835271036,"LocalID":0,"Type":"multi_dropdown","Value":"No closure","CategoryFeatureId":"270614","CategoryFeatureGroupID":"13510","SortNo":"300","PresentationValue":"No closure","RawValue":"No closure","LocalValue":"No closure","Description":"","Mandatory":"0","Searchable":"0","Optional":"0","Feature":{"ID":"11051","Sign":"","Measure":{"ID":"29","Sign":"","Signs":{"ID":"","_":"","Language":"EN"}},"Name":{"Value":"Closure type","Language":"EN"}}}]},{"ID":22992,"SortNo":"40","FeatureGroup":{"ID":"119","Name":{"Value":"Material","Language":"EN"}},"Features":[{"Localized":0,"ID":835271244,"LocalID":0,"Type":"dropdown","Value":"Cotton,Viscose","CategoryFeatureId":"214279","CategoryFeatureGroupID":"22992","SortNo":"555","PresentationValue":"Cotton, Viscose","RawValue":"Cotton,Viscose","LocalValue":"Cotton, Viscose","Description":"The material from which a thing is or can be made e.g. wood, plastic.","Mandatory":"1","Searchable":"1","Optional":"0","Feature":{"ID":"898","Sign":"","Measure":{"ID":"29","Sign":"","Signs":{"ID":"","_":"","Language":"EN"}},"Name":{"Value":"Material","Language":"EN"}}},{"Localized":0,"ID":835271247,"LocalID":0,"Type":"text","Value":"99% cotton, 1% viscose","CategoryFeatureId":"291207","CategoryFeatureGroupID":"22992","SortNo":"550","PresentationValue":"99% cotton, 1% viscose","RawValue":"99% cotton, 1% viscose","LocalValue":"99% cotton, 1% viscose","Description":"","Mandatory":"0","Searchable":"0","Optional":"0","Feature":{"ID":"37462","Sign":"","Measure":{"ID":"29","Sign":"","Signs":{"ID":"","_":"","Language":"EN"}},"Name":{"Value":"Material description (name, %)","Language":"EN"}}},{"Localized":0,"ID":835277174,"LocalID":0,"Type":"numerical","Value":"160","CategoryFeatureId":"192098","CategoryFeatureGroupID":"22992","SortNo":"520","PresentationValue":"160 g/m²","RawValue":"160","LocalValue":"160","Description":"","Mandatory":"0","Searchable":"0","Optional":"0","Feature":{"ID":"13243","Sign":"","Measure":{"ID":"156","Sign":"","Signs":{"ID":"2898","_":"g/m²","Language":"EN"}},"Name":{"Value":"Fabric weight","Language":"EN"}}}]},{"ID":31108,"SortNo":"5","FeatureGroup":{"ID":"67","Name":{"Value":"Packaging data","Language":"EN"}},"Features":[{"Localized":0,"ID":835271241,"LocalID":0,"Type":"numerical","Value":"1","CategoryFeatureId":"270671","CategoryFeatureGroupID":"31108","SortNo":"15","PresentationValue":"1 pc(s)","RawValue":"1","LocalValue":"1","Description":"","Mandatory":"0","Searchable":"0","Optional":"0","Feature":{"ID":"20228","Sign":"","Measure":{"ID":"144","Sign":"","Signs":{"ID":"125","_":"pc(s)","Language":"EN"}},"Name":{"Value":"Quantity per pack","Language":"EN"}}}]},{"ID":71632,"SortNo":"0","FeatureGroup":{"ID":"270","Name":{"Value":"Care information","Language":"EN"}},"Features":[{"Localized":0,"ID":835271368,"LocalID":0,"Type":"y_n","Value":"Y","CategoryFeatureId":"289864","CategoryFeatureGroupID":"71632","SortNo":"16","PresentationValue":"Yes","RawValue":"Y","LocalValue":"Yes","Description":"The product can be washed in the washing machine without being damaged.","Mandatory":"0","Searchable":"0","Optional":"0","Feature":{"ID":"5516","Sign":"","Measure":{"ID":"26","Sign":"","Signs":{"ID":"","_":"","Language":"EN"}},"Name":{"Value":"Washable","Language":"EN"}}},{"Localized":0,"ID":835271649,"LocalID":0,"Type":"dropdown","Value":"Do not bleach","CategoryFeatureId":"685855","CategoryFeatureGroupID":"71632","SortNo":"-20","PresentationValue":"Do not bleach","RawValue":"Do not bleach","LocalValue":"Do not bleach","Description":"","Mandatory":"0","Searchable":"0","Optional":"0","Feature":{"ID":"42573","Sign":"","Measure":{"ID":"29","Sign":"","Signs":{"ID":"","_":"","Language":"EN"}},"Name":{"Value":"Bleaching instruction","Language":"EN"}}},{"Localized":0,"ID":835271592,"LocalID":0,"Type":"dropdown","Value":"Do not tumble dry","CategoryFeatureId":"685856","CategoryFeatureGroupID":"71632","SortNo":"-21","PresentationValue":"Do not tumble dry","RawValue":"Do not tumble dry","LocalValue":"Do not tumble dry","Description":"","Mandatory":"0","Searchable":"0","Optional":"0","Feature":{"ID":"42574","Sign":"","Measure":{"ID":"29","Sign":"","Signs":{"ID":"","_":"","Language":"EN"}},"Name":{"Value":"Drying instruction","Language":"EN"}}},{"Localized":0,"ID":835271591,"LocalID":0,"Type":"dropdown","Value":"Iron at moderate temperature","CategoryFeatureId":"685857","CategoryFeatureGroupID":"71632","SortNo":"-22","PresentationValue":"Iron at moderate temperature","RawValue":"Iron at moderate temperature","LocalValue":"Iron at moderate temperature","Description":"","Mandatory":"0","Searchable":"0","Optional":"0","Feature":{"ID":"42575","Sign":"","Measure":{"ID":"29","Sign":"","Signs":{"ID":"","_":"","Language":"EN"}},"Name":{"Value":"Ironing instruction","Language":"EN"}}},{"Localized":0,"ID":835271535,"LocalID":0,"Type":"dropdown","Value":"Dry-cleaning (any solvent)","CategoryFeatureId":"685858","CategoryFeatureGroupID":"71632","SortNo":"-23","PresentationValue":"Dry-cleaning (any solvent)","RawValue":"Dry-cleaning (any solvent)","LocalValue":"Dry-cleaning (any solvent)","Description":"","Mandatory":"0","Searchable":"0","Optional":"0","Feature":{"ID":"42577","Sign":"","Measure":{"ID":"29","Sign":"","Signs":{"ID":"","_":"","Language":"EN"}},"Name":{"Value":"Professional care instruction","Language":"EN"}}},{"Localized":0,"ID":835271533,"LocalID":0,"Type":"dropdown","Value":"Normal wash (60°C)","CategoryFeatureId":"685859","CategoryFeatureGroupID":"71632","SortNo":"-24","PresentationValue":"Normal wash (60°C)","RawValue":"Normal wash (60°C)","LocalValue":"Normal wash (60°C)","Description":"","Mandatory":"0","Searchable":"0","Optional":"0","Feature":{"ID":"42578","Sign":"","Measure":{"ID":"29","Sign":"","Signs":{"ID":"","_":"","Language":"EN"}},"Name":{"Value":"Washing instruction","Language":"EN"}}}]},{"ID":78550,"SortNo":"0","FeatureGroup":{"ID":"279","Name":{"Value":"Sustainability","Language":"EN"}},"Features":[{"Localized":0,"ID":835271252,"LocalID":0,"Type":"multi_dropdown","Value":"STANDARD 100 by OEKO-TEX","CategoryFeatureId":"604986","CategoryFeatureGroupID":"78550","SortNo":"0","PresentationValue":"STANDARD 100 by OEKO-TEX","RawValue":"STANDARD 100 by OEKO-TEX","LocalValue":"STANDARD 100 by OEKO-TEX","Description":"","Mandatory":"0","Searchable":"0","Optional":"0","Feature":{"ID":"42513","Sign":"","Measure":{"ID":"29","Sign":"","Signs":{"ID":"","_":"","Language":"EN"}},"Name":{"Value":"Sustainability certificates","Language":"EN"}}}]}],"FeatureLogos":[{"LogoPic":"https://inishop.com/img/feature_logo/564-1253.png","Width":"300","Height":"157","Size":"0","ThumbPic":"https://inishop.com/img/feature_logo_thumbs/564-1253.png","FeatureID":"42513","Value":"STANDARD 100 by OEKO-TEX","KeyLogo":0,"Description":{"Value":"If a textile article carries the STANDARD 100 label, you can be certain that every component of this article, i.e. every thread, button and other accessories, has been tested for harmful substances and that the article therefore is harmless for human health.","Language":"EN"}}],"ReasonsToBuy":[],"Reviews":[],"ProductRelated":[],"CatalogObjectCloud":{},"Variants":[],"ProductStory":[],"Dictionary":{"model_name":"Product name","desc":"Description","ean_code":"EAN/UPC code","flash360":"3D tour","demo_msg_part3":"If you don't have an Icecat account, please register here for free.","repairability_index":"Repairability index","zoom_panel_init":"Original size","cat_name":"Category","product_family":"Product family","back_to_top":"Back to top","zoom_panel_out":"Zoom out","specs":"Specs","eu_product_fiche":"EU Product Fiche","reviews_head_name":"Reviews","pdf_specs":"Product Brochure","zoom_panel_in":"Zoom in","html_content":"","release_date":"Release date","demo_msg_part1":"You are using now a Demo account. Please, use your own Icecat account","demo_insert_desc":"This is a demo of a seamless insert of an Icecat LIVE product data-sheet in your website. Imagine that this responsive data-sheet is included in the product page of your webshop.","pdf_url":"User manual","prod_code":"Product code","supplier_name":"Brand","video":"Video","reasons_to_buy":"Reasons to buy","marketing_text":"Description","options_head_name":"Options","product_series":"Product series","demo_msg_part2":"your Icecat login name","link_integrate_desk":"How to integrate Icecat LIVE JavaScript.","zoom_panel_dragg":"Mouse dragging","eu_energy_label":"EU Energy Label"},"DemoAccount":false}}