{"msg":"OK","data":{"GeneralInfo":{"IcecatId":134704060,"ReleaseDate":"","EndOfLifeDate":"","Title":"Depend Gel iQ nail polish Gold Metallic","TitleInfo":{"GeneratedIntTitle":"Depend Gel iQ nail polish","GeneratedLocalTitle":{"Value":"Depend Gel iQ nail polish Gold Metallic","Language":"EN"},"BrandLocalTitle":{"Value":"","Language":"EN"}},"Brand":"Depend","BrandID":"43647","BrandLogo":"","BrandInfo":{"BrandName":"Depend","BrandLocalName":"","BrandLogo":""},"ProductName":"Gel iQ","ProductNameInfo":{"ProductIntName":"Gel iQ","ProductLocalName":{"Value":"","Language":"EN"}},"BrandPartCode":"291010132","GTIN":[],"Category":{"CategoryID":"2943","Name":{"Value":"Nail Polishes","Language":"EN"}},"ProductFamily":{},"ProductSeries":{"SeriesID":"1"},"Description":{"ID":"104045945","LongDesc":"Give your nails a metallic look with Metallic Ink – just as stylish on the entire nail as in creative details. Shake the bottle thoroughly and apply to a dry surface. Use the polish as it is, play with different shades in layers, or create unique effects on parts of the nail. Finish with Gel IQ Top Coat.<br><br>NOTE: Nail Art Brushes sold separately.<br><br>The Gel iQ range is expanding with a generation of performance gels, carefully developed to deliver professional results with maximum effect. Cat Eye, Metallic Marble, Chrome, and Metallic Ink allow for designs with light-reflecting pigments and color shifts. The result is sophisticated 3D effects and metallic surfaces that can be used across the entire nail or as details for a tailored finish. The Gel iQ starter kit includes everything you need: UV/LED lamp, top coat, base coat, and cleanser in two different variants. Complete with your choice of polish and remover – and you’re good to go! The UV/LED lamp is specially designed for Depend’s UV/LED curing system. The symbiosis between lamp and polish provides a self-leveling effect where any streaks disappear, even if you haven’t polished completely evenly. The treatment offers a durable result for up to 14 days.<br><br>For removal, you can choose between two options. Method 1 is a gentle removal for the natural nail where the polish is removed with a vegetable special oil and a warm water bath. Method 2, in combination with Removal Wraps, is suitable for those with slightly drier nails. Both options are equally simple and equally effective.","LongProductName":"Gel iQ Effects, Metallic Ink - Gold","MiddleDesc":"","Disclaimer":"","ManualPDFURL":"","ManualPDFSize":"0","LeafletPDFURL":"","PDFSize":"0","URL":"https://dependcosmetic.com/product/new-gel-iq-effects-metallic-ink-gold/","WarrantyInfo":"","Updated":"2025-09-09 12:57:17","Language":"EN"},"SummaryDescription":{"ShortSummaryDescription":"Depend Gel iQ, Gold, Metallic Ink Gold, Coloring, Metallic, Bottle, Brush","LongSummaryDescription":"Depend Gel iQ. Colour group: Gold, Colour name: Metallic Ink Gold, Nail polish effect: Coloring. Number of products included: 1 pc(s)"},"BulletPoints":{},"GeneratedBulletPoints":{"Language":"EN","Values":["Bottle Colour group: Gold","Metallic Ink Gold Applicator type: Brush","Finish type: Metallic","Easy to apply"]},"GTINs":[]},"Image":{"HighPic":"https://inishop.com/img/gallery/3b49a684da922d40b012ef9e4bf53313f1ec03cb.jpg","HighPicSize":"273861","HighPicHeight":"1062","HighPicWidth":"492","LowPic":"https://inishop.com/img/gallery_lows/7722057386f41a70943567460d7cd2d24ea13ed8.jpg","LowPicSize":"15683","LowPicHeight":"200","LowPicWidth":"93","Pic500x500":"https://inishop.com/img/gallery_mediums/79b6f9572b31afca20f01269d21c7d57cb1ca0fa.jpg","Pic500x500Size":"75939","Pic500x500Height":"500","Pic500x500Width":"232","ThumbPic":"https://inishop.com/img/gallery_thumbs/29a63cfcbe6e4aaa1dd55abbe57f65069377a051.jpg","ThumbPicSize":"3392"},"Multimedia":[{"ID":"C8BBD114-518E-4B99-9495-D23EF448F340","URL":"https://www.youtube.com/watch?v=mUZPDGnkAds?access=1xA9ENikE9rZEZyKoUQoCXLSmPe9W4TdhqBoIXLD3IpembIUg2wIzCvGBRRifbLQ","Type":"video/mp4","ContentType":"text/html","KeepAsUrl":"1","Description":"Gel iQ Effects Metallic Ink","Size":"979894","IsPrivate":"0","Updated":"2025-09-09 12:56:52","Language":"EN","IsVideo":1,"ThumbUrl":"https://img.youtube.com/vi/mUZPDGnkAds/default.jpg?access=1xA9ENikE9rZEZyKoUQoCXLSmPe9W4TdhqBoIXLD3IpembIUg2wIzCvGBRRifbLQ","PreviewUrl":"https://img.youtube.com/vi/mUZPDGnkAds/hqdefault.jpg?access=1xA9ENikE9rZEZyKoUQoCXLSmPe9W4TdhqBoIXLD3IpembIUg2wIzCvGBRRifbLQ"}],"Gallery":[{"ID":"117098924","LowPic":"https://inishop.com/img/gallery_lows/7722057386f41a70943567460d7cd2d24ea13ed8.jpg","LowSize":"15683","LowHeight":"200","LowWidth":"93","ThumbPic":"https://inishop.com/img/gallery_thumbs/29a63cfcbe6e4aaa1dd55abbe57f65069377a051.jpg","ThumbPicSize":"3392","Pic":"https://inishop.com/img/gallery/3b49a684da922d40b012ef9e4bf53313f1ec03cb.jpg","Size":"273861","PicHeight":"1062","PicWidth":"492","Pic500x500":"https://inishop.com/img/gallery_mediums/79b6f9572b31afca20f01269d21c7d57cb1ca0fa.jpg","Pic500x500Size":"75939","Pic500x500Height":"500","Pic500x500Width":"232","No":"1","IsMain":"Y","Updated":"2025-09-09 12:58:21","IsPrivate":"0","Type":"ProductImage","Attributes":{"OriginalFileName":""}},{"ID":"117098944","LowPic":"https://inishop.com/img/gallery_lows/6576b15f5e4e710a9e1be3c0b1913dd9e2c450e6.jpg","LowSize":"43625","LowHeight":"200","LowWidth":"200","ThumbPic":"https://inishop.com/img/gallery_thumbs/190481ae415960609c2650c051eff2ab754c1cc1.jpg","ThumbPicSize":"8388","Pic":"https://inishop.com/img/gallery/d3eae230ef99ac7f68a06a5773ec3fc984f904c7.jpg","Size":"575161","PicHeight":"1200","PicWidth":"1200","Pic500x500":"https://inishop.com/img/gallery_mediums/bc59a14f322ed7fb95e8423b4e2424258131cd2a.jpg","Pic500x500Size":"241341","Pic500x500Height":"500","Pic500x500Width":"500","No":"2","IsMain":"N","Updated":"2025-09-09 12:55:25","IsPrivate":"0","Type":"ProductImage","Attributes":{"OriginalFileName":""}},{"ID":"117098989","LowPic":"https://inishop.com/img/gallery_lows/47e18db7552caa9729324a23fb5b5f00a1fc8b0c.jpg","LowSize":"32689","LowHeight":"200","LowWidth":"200","ThumbPic":"https://inishop.com/img/gallery_thumbs/b2c02aed5651befe034a232e6e2dc89f41baa180.jpg","ThumbPicSize":"6904","Pic":"https://inishop.com/img/gallery/391d4ce3b104ff4d703a398cda0263b8bc274a23.jpg","Size":"1306749","PicHeight":"2000","PicWidth":"2000","Pic500x500":"https://inishop.com/img/gallery_mediums/cf71e01ee99f843c021687b8343def1a9e9a5f4b.jpg","Pic500x500Size":"164951","Pic500x500Height":"500","Pic500x500Width":"500","No":"3","IsMain":"N","Updated":"2025-09-09 12:55:26","IsPrivate":"0","Type":"ProductImage","Attributes":{"OriginalFileName":""}},{"ID":"117099007","LowPic":"https://inishop.com/img/gallery_lows/55e8e2f3858c207d812869964fdd9b8c45a3727d.jpg","LowSize":"52528","LowHeight":"200","LowWidth":"200","ThumbPic":"https://inishop.com/img/gallery_thumbs/0aed1f240e5c7f1e4cc24cccff8d7999a66b69ab.jpg","ThumbPicSize":"11016","Pic":"https://inishop.com/img/gallery/731234a03ee48e003b75613342e1f12285e59b68.jpg","Size":"636362","PicHeight":"1200","PicWidth":"1200","Pic500x500":"https://inishop.com/img/gallery_mediums/77630d9f225162b2a5c561e914d249f4cde03a18.jpg","Pic500x500Size":"267605","Pic500x500Height":"500","Pic500x500Width":"500","No":"4","IsMain":"N","Updated":"2025-09-09 12:55:28","IsPrivate":"0","Type":"ProductImage","Attributes":{"OriginalFileName":""}},{"ID":"117099058","LowPic":"https://inishop.com/img/gallery_lows/5f5b4ec7ffb3de266093df0afd8e2effe9a88c72.jpg","LowSize":"31662","LowHeight":"200","LowWidth":"200","ThumbPic":"https://inishop.com/img/gallery_thumbs/6aa2a34c00449c854033de750de964dc0fd1ee82.jpg","ThumbPicSize":"6119","Pic":"https://inishop.com/img/gallery/f92785ab95a737f37f8575d73be8256ad4f762b6.jpg","Size":"288568","PicHeight":"1200","PicWidth":"1200","Pic500x500":"https://inishop.com/img/gallery_mediums/6e2a395dd338788c2b4b9f8e7fc4c14cef5ec271.jpg","Pic500x500Size":"147811","Pic500x500Height":"500","Pic500x500Width":"500","No":"5","IsMain":"N","Updated":"2025-09-09 12:55:29","IsPrivate":"0","Type":"ProductImage","Attributes":{"OriginalFileName":""}}],"FeaturesGroups":[{"ID":11992,"SortNo":"10","FeatureGroup":{"ID":"185","Name":{"Value":"Features","Language":"EN"}},"Features":[{"Localized":0,"ID":835261331,"LocalID":0,"Type":"dropdown","Value":"Gold","CategoryFeatureId":"103998","CategoryFeatureGroupID":"11992","SortNo":"100","PresentationValue":"Gold","RawValue":"Gold","LocalValue":"Gold","Description":"The broader definiton of the colour spectrum of the product, e.g. black or auburn.","Mandatory":"1","Searchable":"0","Optional":"0","Feature":{"ID":"17357","Sign":"","Measure":{"ID":"29","Sign":"","Signs":{"ID":"","_":"","Language":"EN"}},"Name":{"Value":"Colour group","Language":"EN"}}},{"Localized":0,"ID":835261429,"LocalID":0,"Type":"text","Value":"Metallic Ink Gold","CategoryFeatureId":"104004","CategoryFeatureGroupID":"11992","SortNo":"90","PresentationValue":"Metallic Ink Gold","RawValue":"Metallic Ink Gold","LocalValue":"Metallic Ink Gold","Description":"","Mandatory":"1","Searchable":"0","Optional":"0","Feature":{"ID":"17956","Sign":"","Measure":{"ID":"29","Sign":"","Signs":{"ID":"","_":"","Language":"EN"}},"Name":{"Value":"Colour name","Language":"EN"}}},{"Localized":0,"ID":835261434,"LocalID":0,"Type":"dropdown","Value":"Metallic","CategoryFeatureId":"113015","CategoryFeatureGroupID":"11992","SortNo":"70","PresentationValue":"Metallic","RawValue":"Metallic","LocalValue":"Metallic","Description":"The way that a product is finished e.g. a matt or gloss finish.","Mandatory":"0","Searchable":"0","Optional":"0","Feature":{"ID":"2254","Sign":"","Measure":{"ID":"29","Sign":"","Signs":{"ID":"","_":"","Language":"EN"}},"Name":{"Value":"Finish type","Language":"EN"}}},{"Localized":0,"ID":835261742,"LocalID":0,"Type":"multi_dropdown","Value":"Coloring","CategoryFeatureId":"148585","CategoryFeatureGroupID":"11992","SortNo":"69","PresentationValue":"Coloring","RawValue":"Coloring","LocalValue":"Coloring","Description":"","Mandatory":"1","Searchable":"0","Optional":"0","Feature":{"ID":"23999","Sign":"","Measure":{"ID":"29","Sign":"","Signs":{"ID":"","_":"","Language":"EN"}},"Name":{"Value":"Nail polish effect","Language":"EN"}}},{"Localized":0,"ID":835261764,"LocalID":0,"Type":"dropdown","Value":"Bottle","CategoryFeatureId":"146495","CategoryFeatureGroupID":"11992","SortNo":"65","PresentationValue":"Bottle","RawValue":"Bottle","LocalValue":"Bottle","Description":"The type of container from which the product can be dispensed, e.g. bag, tube etc.","Mandatory":"0","Searchable":"0","Optional":"0","Feature":{"ID":"17965","Sign":"","Measure":{"ID":"29","Sign":"","Signs":{"ID":"","_":"","Language":"EN"}},"Name":{"Value":"Dispenser type","Language":"EN"}}},{"Localized":0,"ID":835261746,"LocalID":0,"Type":"y_n","Value":"Y","CategoryFeatureId":"150080","CategoryFeatureGroupID":"11992","SortNo":"50","PresentationValue":"Yes","RawValue":"Y","LocalValue":"Yes","Description":"","Mandatory":"0","Searchable":"0","Optional":"0","Feature":{"ID":"15767","Sign":"","Measure":{"ID":"26","Sign":"","Signs":{"ID":"","_":"","Language":"EN"}},"Name":{"Value":"Easy to apply","Language":"EN"}}},{"Localized":0,"ID":835261962,"LocalID":0,"Type":"dropdown","Value":"Brush","CategoryFeatureId":"338175","CategoryFeatureGroupID":"11992","SortNo":"0","PresentationValue":"Brush","RawValue":"Brush","LocalValue":"Brush","Description":"","Mandatory":"0","Searchable":"0","Optional":"0","Feature":{"ID":"38481","Sign":"","Measure":{"ID":"29","Sign":"","Signs":{"ID":"","_":"","Language":"EN"}},"Name":{"Value":"Applicator type","Language":"EN"}}},{"Localized":0,"ID":835262503,"LocalID":0,"Type":"textarea","Value":"Butyl Acetate, Ethyl Acetate, Cellulose Acetate Butyrate, Dimethicone, Aluminum, Silica, CI 77492","CategoryFeatureId":"103962","CategoryFeatureGroupID":"11992","SortNo":"-80","PresentationValue":"Butyl Acetate, Ethyl Acetate, Cellulose Acetate Butyrate, Dimethicone, Aluminum, Silica, CI 77492","RawValue":"Butyl Acetate, Ethyl Acetate, Cellulose Acetate Butyrate, Dimethicone, Aluminum, Silica, CI 77492","LocalValue":"Butyl Acetate, Ethyl Acetate, Cellulose Acetate Butyrate, Dimethicone, Aluminum, Silica, CI 77492","Description":"","Mandatory":"0","Searchable":"0","Optional":"0","Feature":{"ID":"16908","Sign":"","Measure":{"ID":"29","Sign":"","Signs":{"ID":"","_":"","Language":"EN"}},"Name":{"Value":"Ingredients","Language":"EN"}}}]},{"ID":77254,"SortNo":"0","FeatureGroup":{"ID":"67","Name":{"Value":"Packaging data","Language":"EN"}},"Features":[{"Localized":0,"ID":835262062,"LocalID":0,"Type":"numerical","Value":"1","CategoryFeatureId":"104007","CategoryFeatureGroupID":"77254","SortNo":"150","PresentationValue":"1 pc(s)","RawValue":"1","LocalValue":"1","Description":"The number of products that are included in the package.","Mandatory":"1","Searchable":"0","Optional":"0","Feature":{"ID":"5456","Sign":"","Measure":{"ID":"144","Sign":"","Signs":{"ID":"125","_":"pc(s)","Language":"EN"}},"Name":{"Value":"Number of products included","Language":"EN"}}}]}],"FeatureLogos":[],"ReasonsToBuy":[],"Reviews":[],"ProductRelated":[],"CatalogObjectCloud":{},"Variants":[],"ProductStory":[],"Dictionary":{"model_name":"Product name","desc":"Description","ean_code":"EAN/UPC code","flash360":"3D tour","demo_msg_part3":"If you don't have an Icecat account, please register here for free.","repairability_index":"Repairability index","zoom_panel_init":"Original size","cat_name":"Category","product_family":"Product family","back_to_top":"Back to top","zoom_panel_out":"Zoom out","specs":"Specs","eu_product_fiche":"EU Product Fiche","reviews_head_name":"Reviews","pdf_specs":"Product Brochure","zoom_panel_in":"Zoom in","html_content":"","release_date":"Release date","demo_msg_part1":"You are using now a Demo account. Please, use your own Icecat account","demo_insert_desc":"This is a demo of a seamless insert of an Icecat LIVE product data-sheet in your website. Imagine that this responsive data-sheet is included in the product page of your webshop.","pdf_url":"User manual","prod_code":"Product code","supplier_name":"Brand","video":"Video","reasons_to_buy":"Reasons to buy","marketing_text":"Description","options_head_name":"Options","product_series":"Product series","demo_msg_part2":"your Icecat login name","link_integrate_desk":"How to integrate Icecat LIVE JavaScript.","zoom_panel_dragg":"Mouse dragging","eu_energy_label":"EU Energy Label"},"DemoAccount":false}}