{"msg":"OK","data":{"GeneralInfo":{"IcecatId":99497899,"ReleaseDate":"","EndOfLifeDate":"","Title":"Maybelline Superstay Vinyl Ink Witty 4.2ml","TitleInfo":{"GeneratedIntTitle":"Maybelline Superstay Vinyl Ink","GeneratedLocalTitle":{"Value":"Maybelline Superstay Vinyl Ink Shine","Language":"EN"},"BrandLocalTitle":{"Value":"Maybelline Superstay Vinyl Ink Witty 4.2ml","Language":"EN"}},"Brand":"Maybelline","BrandID":"11077","BrandLogo":"https://inishop.com/img/brand/thumb/11077_d9173cc6239c4af2844267b70bed3ac8.jpg","BrandInfo":{"BrandName":"Maybelline","BrandLocalName":"","BrandLogo":"https://inishop.com/img/brand/thumb/11077_d9173cc6239c4af2844267b70bed3ac8.jpg"},"ProductName":"Superstay Vinyl Ink Witty 4.2ml","ProductNameInfo":{"ProductIntName":"Superstay Vinyl Ink","ProductLocalName":{"Value":"Superstay Vinyl Ink Witty 4.2ml","Language":"EN"}},"BrandPartCode":"B34213","GTIN":["0000030145542","000030145542","30145542"],"Category":{"CategoryID":"3005","Name":{"Value":"Lipsticks","Language":"EN"}},"ProductFamily":{},"ProductSeries":{"SeriesID":"0"},"Description":{"ID":"86620348","LongDesc":"Meet Super Stay Vinyl Ink Longwear Liquid Lipcolor for budge-resistant vinyl color and up to 16 hour wear. This longwear lipstick’s Color Lock formula defies smudging and transfer and provides an instant shine finish. Shake before applying on clean, dry lips. Available in 10 vinyl shades.<br><br>Shake up your longwear with Super Stay Vinyl Ink. This Liquid Lipcolor delivers no-budge saturated vinyl color and up to 16HR wear. Its color lock formula defies smudging and transfer. Swipe the formula across your lips and enjoy an instant shine and all day color. Available in 10 high-impact vinyl shades for your every lip look. From poppy brights to saturated red tones and even the perfect everyday neutrals, express yourself with Maybelline longwear lipcolor","LongProductName":"Superstay Vinyl Ink Witty 4.2ml","MiddleDesc":"","Disclaimer":"","ManualPDFURL":"","ManualPDFSize":"0","LeafletPDFURL":"","PDFSize":"0","URL":"https://www.maybelline.co.uk/all-products/lip-makeup/lip-color/super-stay-vinyl-ink-longwear-liquid-lipstick?variant=Witty","WarrantyInfo":"","Updated":"2025-09-08 16:37:55","Language":"EN"},"SummaryDescription":{"ShortSummaryDescription":"Maybelline Superstay Vinyl Ink Witty 4.2ml, Rosewood, Witty, 1 colours, Coloring, Women, Shine","LongSummaryDescription":"Maybelline Superstay Vinyl Ink Witty 4.2ml. Colour group: Rosewood, Colour name: Witty, Number of colours: 1 colours. Volume: 4.2 ml. Number of products included: 1 pc(s)"},"BulletPoints":{},"GeneratedBulletPoints":{"Language":"EN","Values":["Rosewood 1 colours","Finishing: Shine","Substance: liquid","Lipstick effect: Coloring"]},"GTINs":[{"GTIN":"0000030145542","IsApproved":true},{"GTIN":"000030145542","IsApproved":true},{"GTIN":"30145542","IsApproved":true}]},"Image":{"HighPic":"https://inishop.com/img/gallery/99497899_8151092974.jpg","HighPicSize":"53000","HighPicHeight":"569","HighPicWidth":"380","LowPic":"https://inishop.com/img/gallery_lows/99497899_8151092974.jpg","LowPicSize":"16989","LowPicHeight":"200","LowPicWidth":"134","Pic500x500":"https://inishop.com/img/gallery_mediums/99497899_8151092974.jpg","Pic500x500Size":"66851","Pic500x500Height":"500","Pic500x500Width":"334","ThumbPic":"https://inishop.com/img/gallery_thumbs/99497899_8151092974.jpg","ThumbPicSize":"4604"},"Multimedia":[],"Gallery":[{"ID":"62756689","LowPic":"https://inishop.com/img/gallery_lows/99497899_8151092974.jpg","LowSize":"16989","LowHeight":"200","LowWidth":"134","ThumbPic":"https://inishop.com/img/gallery_thumbs/99497899_8151092974.jpg","ThumbPicSize":"4604","Pic":"https://inishop.com/img/gallery/99497899_8151092974.jpg","Size":"53000","PicHeight":"569","PicWidth":"380","Pic500x500":"https://inishop.com/img/gallery_mediums/99497899_8151092974.jpg","Pic500x500Size":"66851","Pic500x500Height":"500","Pic500x500Width":"334","No":"1","IsMain":"Y","Updated":"2022-05-04 08:45:56","IsPrivate":"0","Type":"ProductImage","Attributes":{"OriginalFileName":""}},{"ID":"62809817","LowPic":"https://inishop.com/img/gallery_lows/99497899_3424168931.jpg","LowSize":"9179","LowHeight":"200","LowWidth":"134","ThumbPic":"https://inishop.com/img/gallery_thumbs/99497899_3424168931.jpg","ThumbPicSize":"2797","Pic":"https://inishop.com/img/gallery/99497899_3424168931.jpg","Size":"32628","PicHeight":"569","PicWidth":"380","Pic500x500":"https://inishop.com/img/gallery_mediums/99497899_3424168931.jpg","Pic500x500Size":"34010","Pic500x500Height":"500","Pic500x500Width":"334","No":"2","IsMain":"N","Updated":"2022-05-06 08:42:30","IsPrivate":"0","Type":"ProductImage","Attributes":{"OriginalFileName":""}},{"ID":"62809818","LowPic":"https://inishop.com/img/gallery_lows/99497899_8061321988.jpg","LowSize":"25415","LowHeight":"200","LowWidth":"133","ThumbPic":"https://inishop.com/img/gallery_thumbs/99497899_8061321988.jpg","ThumbPicSize":"6416","Pic":"https://inishop.com/img/gallery/99497899_8061321988.jpg","Size":"227045","PicHeight":"1124","PicWidth":"750","Pic500x500":"https://inishop.com/img/gallery_mediums/99497899_8061321988.jpg","Pic500x500Size":"106810","Pic500x500Height":"500","Pic500x500Width":"334","No":"3","IsMain":"N","Updated":"2022-05-06 08:42:33","IsPrivate":"0","Type":"ProductImage","Attributes":{"OriginalFileName":""}},{"ID":"62809819","LowPic":"https://inishop.com/img/gallery_lows/99497881_1721489352.jpg","LowSize":"20542","LowHeight":"200","LowWidth":"133","ThumbPic":"https://inishop.com/img/gallery_thumbs/99497881_1721489352.jpg","ThumbPicSize":"5134","Pic":"https://inishop.com/img/gallery/99497881_1721489352.jpg","Size":"66206","PicHeight":"562","PicWidth":"375","Pic500x500":"https://inishop.com/img/gallery_mediums/99497881_1721489352.jpg","Pic500x500Size":"80326","Pic500x500Height":"500","Pic500x500Width":"334","No":"4","IsMain":"N","Updated":"2024-03-11 09:14:46","IsPrivate":"0","Type":"ProductImage","Attributes":{"OriginalFileName":""}},{"ID":"117083699","LowPic":"https://inishop.com/img/gallery_lows/f84698c94e70dd6ec3c088bcf272631bec75293a.jpg","LowSize":"21382","LowHeight":"200","LowWidth":"133","ThumbPic":"https://inishop.com/img/gallery_thumbs/022e45ccb5528d5262420dd1862a1b8a0248bb71.jpg","ThumbPicSize":"5818","Pic":"https://inishop.com/img/gallery/c3cbd0d331f71a30b13cb085fa64f66169fe0a58.jpg","Size":"70630","PicHeight":"562","PicWidth":"375","Pic500x500":"https://inishop.com/img/gallery_mediums/6010cf708bf6c5b3a6763a5fb2c51e1363c5a083.jpg","Pic500x500Size":"82019","Pic500x500Height":"500","Pic500x500Width":"334","No":"5","IsMain":"N","Updated":"2025-09-08 16:37:41","IsPrivate":"0","Type":"ProductImage","Attributes":{"OriginalFileName":""}}],"FeaturesGroups":[{"ID":12078,"SortNo":"100","FeatureGroup":{"ID":"185","Name":{"Value":"Features","Language":"EN"}},"Features":[{"Localized":0,"ID":475432128,"LocalID":0,"Type":"dropdown","Value":"Women","CategoryFeatureId":"145869","CategoryFeatureGroupID":"12078","SortNo":"10000095","PresentationValue":"Women","RawValue":"Women","LocalValue":"Women","Description":"Who can use the product, or what the product can be used for.","Mandatory":"0","Searchable":"0","Optional":"0","Feature":{"ID":"9202","Sign":"","Measure":{"ID":"29","Sign":"","Signs":{"ID":"","_":"","Language":"EN"}},"Name":{"Value":"Suitable for","Language":"EN"}}},{"Localized":0,"ID":475638920,"LocalID":0,"Type":"dropdown","Value":"Rosewood","CategoryFeatureId":"105224","CategoryFeatureGroupID":"12078","SortNo":"60","PresentationValue":"Rosewood","RawValue":"Rosewood","LocalValue":"Rosewood","Description":"The broader definiton of the colour spectrum of the product, e.g. black or auburn.","Mandatory":"1","Searchable":"1","Optional":"0","Feature":{"ID":"17357","Sign":"","Measure":{"ID":"29","Sign":"","Signs":{"ID":"","_":"","Language":"EN"}},"Name":{"Value":"Colour group","Language":"EN"}}},{"Localized":0,"ID":475638923,"LocalID":0,"Type":"text","Value":"Witty","CategoryFeatureId":"105226","CategoryFeatureGroupID":"12078","SortNo":"48","PresentationValue":"Witty","RawValue":"Witty","LocalValue":"Witty","Description":"","Mandatory":"1","Searchable":"0","Optional":"0","Feature":{"ID":"17956","Sign":"","Measure":{"ID":"29","Sign":"","Signs":{"ID":"","_":"","Language":"EN"}},"Name":{"Value":"Colour name","Language":"EN"}}},{"Localized":0,"ID":475638924,"LocalID":0,"Type":"numerical","Value":"1","CategoryFeatureId":"145622","CategoryFeatureGroupID":"12078","SortNo":"45","PresentationValue":"1 colours","RawValue":"1","LocalValue":"1","Description":"","Mandatory":"1","Searchable":"0","Optional":"0","Feature":{"ID":"3530","Sign":"","Measure":{"ID":"375","Sign":"","Signs":{"ID":"30608","_":"colours","Language":"EN"}},"Name":{"Value":"Number of colours","Language":"EN"}}},{"Localized":0,"ID":475640466,"LocalID":0,"Type":"dropdown","Value":"Shine","CategoryFeatureId":"145871","CategoryFeatureGroupID":"12078","SortNo":"44","PresentationValue":"Shine","RawValue":"Shine","LocalValue":"Shine","Description":"","Mandatory":"0","Searchable":"0","Optional":"0","Feature":{"ID":"12230","Sign":"","Measure":{"ID":"29","Sign":"","Signs":{"ID":"","_":"","Language":"EN"}},"Name":{"Value":"Finishing","Language":"EN"}}},{"Localized":0,"ID":475640468,"LocalID":0,"Type":"dropdown","Value":"Bottle","CategoryFeatureId":"326729","CategoryFeatureGroupID":"12078","SortNo":"44","PresentationValue":"Bottle","RawValue":"Bottle","LocalValue":"Bottle","Description":"The type of container from which the product can be dispensed, e.g. bag, tube etc.","Mandatory":"0","Searchable":"0","Optional":"0","Feature":{"ID":"17965","Sign":"","Measure":{"ID":"29","Sign":"","Signs":{"ID":"","_":"","Language":"EN"}},"Name":{"Value":"Dispenser type","Language":"EN"}}},{"Localized":0,"ID":475640484,"LocalID":0,"Type":"dropdown","Value":"High","CategoryFeatureId":"692788","CategoryFeatureGroupID":"12078","SortNo":"44","PresentationValue":"High","RawValue":"High","LocalValue":"High","Description":"","Mandatory":"0","Searchable":"0","Optional":"0","Feature":{"ID":"42861","Sign":"","Measure":{"ID":"29","Sign":"","Signs":{"ID":"","_":"","Language":"EN"}},"Name":{"Value":"Covering level","Language":"EN"}}},{"Localized":0,"ID":475640486,"LocalID":0,"Type":"dropdown","Value":"Liquid","CategoryFeatureId":"161799","CategoryFeatureGroupID":"12078","SortNo":"40","PresentationValue":"liquid","RawValue":"Liquid","LocalValue":"liquid","Description":"Type of substance, e.g. liquid.","Mandatory":"0","Searchable":"0","Optional":"0","Feature":{"ID":"5658","Sign":"","Measure":{"ID":"29","Sign":"","Signs":{"ID":"","_":"","Language":"EN"}},"Name":{"Value":"Substance","Language":"EN"}}},{"Localized":0,"ID":475640488,"LocalID":0,"Type":"multi_dropdown","Value":"Coloring","CategoryFeatureId":"145874","CategoryFeatureGroupID":"12078","SortNo":"37","PresentationValue":"Coloring","RawValue":"Coloring","LocalValue":"Coloring","Description":"","Mandatory":"1","Searchable":"0","Optional":"0","Feature":{"ID":"23716","Sign":"","Measure":{"ID":"29","Sign":"","Signs":{"ID":"","_":"","Language":"EN"}},"Name":{"Value":"Lipstick effect","Language":"EN"}}},{"Localized":0,"ID":835291124,"LocalID":0,"Type":"numerical","Value":"16","CategoryFeatureId":"146386","CategoryFeatureGroupID":"12078","SortNo":"29","PresentationValue":"16 h","RawValue":"16","LocalValue":"16","Description":"","Mandatory":"0","Searchable":"0","Optional":"0","Feature":{"ID":"19115","Sign":"","Measure":{"ID":"46","Sign":"","Signs":{"ID":"30","_":"h","Language":"EN"}},"Name":{"Value":"Effect duration","Language":"EN"}}},{"Localized":0,"ID":475640509,"LocalID":0,"Type":"y_n","Value":"N","CategoryFeatureId":"105228","CategoryFeatureGroupID":"12078","SortNo":"25","PresentationValue":"No","RawValue":"N","LocalValue":"No","Description":"","Mandatory":"1","Searchable":"0","Optional":"0","Feature":{"ID":"17996","Sign":"","Measure":{"ID":"26","Sign":"","Signs":{"ID":"","_":"","Language":"EN"}},"Name":{"Value":"Sun protection","Language":"EN"}}},{"Localized":0,"ID":475640940,"LocalID":0,"Type":"y_n","Value":"Y","CategoryFeatureId":"148582","CategoryFeatureGroupID":"12078","SortNo":"10","PresentationValue":"Yes","RawValue":"Y","LocalValue":"Yes","Description":"","Mandatory":"0","Searchable":"0","Optional":"0","Feature":{"ID":"22301","Sign":"","Measure":{"ID":"26","Sign":"","Signs":{"ID":"","_":"","Language":"EN"}},"Name":{"Value":"Non-sticky","Language":"EN"}}},{"Localized":0,"ID":475640512,"LocalID":0,"Type":"y_n","Value":"Y","CategoryFeatureId":"150298","CategoryFeatureGroupID":"12078","SortNo":"10","PresentationValue":"Yes","RawValue":"Y","LocalValue":"Yes","Description":"","Mandatory":"0","Searchable":"0","Optional":"0","Feature":{"ID":"18071","Sign":"","Measure":{"ID":"26","Sign":"","Signs":{"ID":"","_":"","Language":"EN"}},"Name":{"Value":"Long-lasting","Language":"EN"}}},{"Localized":0,"ID":475640516,"LocalID":0,"Type":"y_n","Value":"Y","CategoryFeatureId":"801661","CategoryFeatureGroupID":"12078","SortNo":"7","PresentationValue":"Yes","RawValue":"Y","LocalValue":"Yes","Description":"","Mandatory":"0","Searchable":"0","Optional":"0","Feature":{"ID":"41954","Sign":"","Measure":{"ID":"26","Sign":"","Signs":{"ID":"","_":"","Language":"EN"}},"Name":{"Value":"Transfer-resistant","Language":"EN"}}},{"Localized":0,"ID":475640518,"LocalID":0,"Type":"numerical","Value":"16","CategoryFeatureId":"109037","CategoryFeatureGroupID":"12078","SortNo":"0","PresentationValue":"16 h","RawValue":"16","LocalValue":"16","Description":"","Mandatory":"0","Searchable":"0","Optional":"0","Feature":{"ID":"17369","Sign":"","Measure":{"ID":"46","Sign":"","Signs":{"ID":"30","_":"h","Language":"EN"}},"Name":{"Value":"Staying time","Language":"EN"}}},{"Localized":0,"ID":475640535,"LocalID":0,"Type":"textarea","Value":"Isododecane, Dimethicone, Trimethylsiloxysilicate, Polymethylsilsesquioxane/Trimethylsiloxysilicate, Polypropylsilsesquioxane, C30-45 Alkyldimethylsilyl Polypropylsilsesquioxane, Trimethylsiloxyphenyl Dimethicone, Trimethyl Pentaphenyl Trisiloxane, Bis-Stearyl Dimethicone, Dimethiconol, Trihydroxystearin, Phenoxyethanol, Alumina, Ethylhexylglycerin, Tocopheryl Acetate, Triethoxycaprylylsilane, Limonene, Isopropyl Palmitate, Isopropyl Myristate, Silica, Benzyl Benzoate, Benzyl Alcohol, Citronellol, Linalool, Aloe Barbadensis Leaf Extract, Tocopherol, Parfum / Fragrance [+/- May Contain: Ci 77891 / Titanium Dioxide, Ci 15850 / Red 7, Ci 77491, Ci 77492, Ci 77499 / Iron Oxides, Ci 45410 / Red 28 Lake, Ci 45380 / Red 22 Lake, Ci 15985 / Yellow 6 Lake, Ci 19140 / Yellow 5 Lake, Ci 17200 / Red 33 Lake, Ci 15850 / Red 6, Ci 77742 / Manganese Violet, Ci 42090 / Blue 1 Lake]. Fil T286301/1","CategoryFeatureId":"105238","CategoryFeatureGroupID":"12078","SortNo":"-80","PresentationValue":"Isododecane, Dimethicone, Trimethylsiloxysilicate, Polymethylsilsesquioxane/Trimethylsiloxysilicate, Polypropylsilsesquioxane, C30-45 Alkyldimethylsilyl Polypropylsilsesquioxane, Trimethylsiloxyphenyl Dimethicone, Trimethyl Pentaphenyl Trisiloxane, Bis-Stearyl Dimethicone, Dimethiconol, Trihydroxystearin, Phenoxyethanol, Alumina, Ethylhexylglycerin, Tocopheryl Acetate, Triethoxycaprylylsilane, Limonene, Isopropyl Palmitate, Isopropyl Myristate, Silica, Benzyl Benzoate, Benzyl Alcohol, Citronellol, Linalool, Aloe Barbadensis Leaf Extract, Tocopherol, Parfum / Fragrance [+/- May Contain: Ci 77891 / Titanium Dioxide, Ci 15850 / Red 7, Ci 77491, Ci 77492, Ci 77499 / Iron Oxides, Ci 45410 / Red 28 Lake, Ci 45380 / Red 22 Lake, Ci 15985 / Yellow 6 Lake, Ci 19140 / Yellow 5 Lake, Ci 17200 / Red 33 Lake, Ci 15850 / Red 6, Ci 77742 / Manganese Violet, Ci 42090 / Blue 1 Lake]. Fil T286301/1","RawValue":"Isododecane, Dimethicone, Trimethylsiloxysilicate, Polymethylsilsesquioxane/Trimethylsiloxysilicate, Polypropylsilsesquioxane, C30-45 Alkyldimethylsilyl Polypropylsilsesquioxane, Trimethylsiloxyphenyl Dimethicone, Trimethyl Pentaphenyl Trisiloxane, Bis-Stearyl Dimethicone, Dimethiconol, Trihydroxystearin, Phenoxyethanol, Alumina, Ethylhexylglycerin, Tocopheryl Acetate, Triethoxycaprylylsilane, Limonene, Isopropyl Palmitate, Isopropyl Myristate, Silica, Benzyl Benzoate, Benzyl Alcohol, Citronellol, Linalool, Aloe Barbadensis Leaf Extract, Tocopherol, Parfum / Fragrance [+/- May Contain: Ci 77891 / Titanium Dioxide, Ci 15850 / Red 7, Ci 77491, Ci 77492, Ci 77499 / Iron Oxides, Ci 45410 / Red 28 Lake, Ci 45380 / Red 22 Lake, Ci 15985 / Yellow 6 Lake, Ci 19140 / Yellow 5 Lake, Ci 17200 / Red 33 Lake, Ci 15850 / Red 6, Ci 77742 / Manganese Violet, Ci 42090 / Blue 1 Lake]. Fil T286301/1","LocalValue":"Isododecane, Dimethicone, Trimethylsiloxysilicate, Polymethylsilsesquioxane/Trimethylsiloxysilicate, Polypropylsilsesquioxane, C30-45 Alkyldimethylsilyl Polypropylsilsesquioxane, Trimethylsiloxyphenyl Dimethicone, Trimethyl Pentaphenyl Trisiloxane, Bis-Stearyl Dimethicone, Dimethiconol, Trihydroxystearin, Phenoxyethanol, Alumina, Ethylhexylglycerin, Tocopheryl Acetate, Triethoxycaprylylsilane, Limonene, Isopropyl Palmitate, Isopropyl Myristate, Silica, Benzyl Benzoate, Benzyl Alcohol, Citronellol, Linalool, Aloe Barbadensis Leaf Extract, Tocopherol, Parfum / Fragrance [+/- May Contain: Ci 77891 / Titanium Dioxide, Ci 15850 / Red 7, Ci 77491, Ci 77492, Ci 77499 / Iron Oxides, Ci 45410 / Red 28 Lake, Ci 45380 / Red 22 Lake, Ci 15985 / Yellow 6 Lake, Ci 19140 / Yellow 5 Lake, Ci 17200 / Red 33 Lake, Ci 15850 / Red 6, Ci 77742 / Manganese Violet, Ci 42090 / Blue 1 Lake]. Fil T286301/1","Description":"","Mandatory":"0","Searchable":"0","Optional":"0","Feature":{"ID":"16908","Sign":"","Measure":{"ID":"29","Sign":"","Signs":{"ID":"","_":"","Language":"EN"}},"Name":{"Value":"Ingredients","Language":"EN"}}},{"Localized":1,"ID":0,"LocalID":547949999,"Type":"textarea","Value":"","CategoryFeatureId":"152452","CategoryFeatureGroupID":"12078","SortNo":"-150","PresentationValue":"Shake for at least 5 seconds before applying. Apply as you normally would to clean, dry lips and let fully dry.","RawValue":"","LocalValue":"Shake for at least 5 seconds before applying. Apply as you normally would to clean, dry lips and let fully dry.","Description":"","Mandatory":"0","Searchable":"0","Optional":"0","Feature":{"ID":"24555","Sign":"","Measure":{"ID":"29","Sign":"","Signs":{"ID":"","_":"","Language":"EN"}},"Name":{"Value":"How to use","Language":"EN"}}}]},{"ID":12077,"SortNo":"-10","FeatureGroup":{"ID":"14","Name":{"Value":"Weight & dimensions","Language":"EN"}},"Features":[{"Localized":0,"ID":475640540,"LocalID":0,"Type":"numerical","Value":"4.2","CategoryFeatureId":"113128","CategoryFeatureGroupID":"12077","SortNo":"100","PresentationValue":"4.2 ml","RawValue":"4.2","LocalValue":"4.2","Description":"The amount of space that a substance or object occupies or may contain.","Mandatory":"0","Searchable":"0","Optional":"0","Feature":{"ID":"5207","Sign":"","Measure":{"ID":"142","Sign":"","Signs":{"ID":"123","_":"ml","Language":"EN"}},"Name":{"Value":"Volume","Language":"EN"}}}]},{"ID":15807,"SortNo":"-30","FeatureGroup":{"ID":"116","Name":{"Value":"Packaging content","Language":"EN"}},"Features":[{"Localized":0,"ID":475640537,"LocalID":0,"Type":"numerical","Value":"1","CategoryFeatureId":"105233","CategoryFeatureGroupID":"15807","SortNo":"-150","PresentationValue":"1 pc(s)","RawValue":"1","LocalValue":"1","Description":"The number of products that are included in the package.","Mandatory":"1","Searchable":"0","Optional":"0","Feature":{"ID":"5456","Sign":"","Measure":{"ID":"144","Sign":"","Signs":{"ID":"125","_":"pc(s)","Language":"EN"}},"Name":{"Value":"Number of products included","Language":"EN"}}}]}],"FeatureLogos":[],"ReasonsToBuy":[],"Reviews":[],"ProductRelated":[],"CatalogObjectCloud":{},"Variants":[],"ProductStory":[],"Dictionary":{"model_name":"Product name","desc":"Description","ean_code":"EAN/UPC code","flash360":"3D tour","demo_msg_part3":"If you don't have an Icecat account, please register here for free.","repairability_index":"Repairability index","zoom_panel_init":"Original size","cat_name":"Category","product_family":"Product family","back_to_top":"Back to top","zoom_panel_out":"Zoom out","specs":"Specs","eu_product_fiche":"EU Product Fiche","reviews_head_name":"Reviews","pdf_specs":"Product Brochure","zoom_panel_in":"Zoom in","html_content":"","release_date":"Release date","demo_msg_part1":"You are using now a Demo account. Please, use your own Icecat account","demo_insert_desc":"This is a demo of a seamless insert of an Icecat LIVE product data-sheet in your website. Imagine that this responsive data-sheet is included in the product page of your webshop.","pdf_url":"User manual","prod_code":"Product code","supplier_name":"Brand","video":"Video","reasons_to_buy":"Reasons to buy","marketing_text":"Description","options_head_name":"Options","product_series":"Product series","demo_msg_part2":"your Icecat login name","link_integrate_desk":"How to integrate Icecat LIVE JavaScript.","zoom_panel_dragg":"Mouse dragging","eu_energy_label":"EU Energy Label"},"DemoAccount":false}}