{"msg":"OK","data":{"GeneralInfo":{"IcecatId":120223868,"ReleaseDate":"","EndOfLifeDate":"","Title":"glo Hyper Pro","TitleInfo":{"GeneratedIntTitle":"glo Hyper Pro electronic cigarette","GeneratedLocalTitle":{"Value":"glo Hyper Pro electronic cigarette Blue","Language":"EN"},"BrandLocalTitle":{"Value":"glo Hyper Pro","Language":"EN"}},"Brand":"glo","BrandID":"37049","BrandLogo":"","BrandInfo":{"BrandName":"glo","BrandLocalName":"","BrandLogo":""},"ProductName":"Hyper Pro","ProductNameInfo":{"ProductIntName":"Pro","ProductLocalName":{"Value":"Hyper Pro","Language":"EN"}},"BrandPartCode":"ED492","GTIN":["8027463012182"],"Category":{"CategoryID":"2401","Name":{"Value":"Electronic Cigarettes","Language":"EN"}},"ProductFamily":{"ProductFamilyID":"74130","Value":"Hyper","Language":"EN"},"ProductSeries":{"SeriesID":"0"},"Description":{"ID":"94845509","LongDesc":"glo™ Hyper Pro is the most advanced device in a modern design with many additional functions that will ensure even greater satisfaction from the first puff.<br><br>HeatBoost™ Technology will give you a superior taste satisfaction thanks to a higher heating temperature and a more intense Boost mode.<br><br>The unique EasyView™ screen - intuitive and innovative - shows everything you need to know about the device status, including: Standard- or Boost mode, time to start the session, session length or battery charge.<br><br>Thanks to the TasteSelect™ Dial, selecting the heating mode Standard- or Boost is even easier.<br><br>Using glo™ has never been so intuitive - glo™ Hyper Pro provides better control and an improved user experience.","LongProductName":"Hyper Pro, 92 g, Blue ","MiddleDesc":"","Disclaimer":"","ManualPDFURL":"","ManualPDFSize":"0","LeafletPDFURL":"","PDFSize":"0","URL":"https://www.discoverglo.com/ch/en/glotm-hyper-pro-lapis-blue","WarrantyInfo":"","Updated":"2024-04-04 16:37:35","Language":"EN"},"SummaryDescription":{"ShortSummaryDescription":"glo Hyper Pro, 300 °C, 20 s, Blue, LED, Buttons, 1.5 h","LongSummaryDescription":"glo Hyper Pro. Heating temperature (max): 300 °C, Rump-up time (boost mode): 20 s. Product colour: Blue, Display type: LED, Control type: Buttons. Charging time: 1.5 h. Width: 36.5 mm, Depth: 21 mm, Height: 96.4 mm"},"BulletPoints":{},"GeneratedBulletPoints":{},"GTINs":[{"GTIN":"8027463012182","IsApproved":true}]},"Image":{"HighPic":"https://inishop.com/img/gallery/756c1a1e2c4613fc220e392c603764bde5d6b359.jpg","HighPicSize":"253850","HighPicHeight":"897","HighPicWidth":"716","LowPic":"https://inishop.com/img/gallery_lows/0477e4deb76b4f48a3df9aed938e12f9470cf60a.jpg","LowPicSize":"13958","LowPicHeight":"200","LowPicWidth":"160","Pic500x500":"https://inishop.com/img/gallery_mediums/82905bd793ba284bb5c44d251c441624c13911d8.jpg","Pic500x500Size":"76059","Pic500x500Height":"500","Pic500x500Width":"399","ThumbPic":"https://inishop.com/img/gallery_thumbs/42dd8ad4b005076127c49ed29097541968f2edbc.jpg","ThumbPicSize":"3513"},"Multimedia":[{"ID":"C116E436-AD9A-4700-95B5-0D2A09B9774B","URL":"https://inishop.com/objects/mmo_120223868_1712241869_8825_22513.pdf","Type":"manual pdf","ContentType":"application/pdf","KeepAsUrl":"0","Description":"User manual","Size":"2920852","IsPrivate":"0","Updated":"2024-04-04 16:44:29","Language":"","IsVideo":0}],"Gallery":[{"ID":"89335782","LowPic":"https://inishop.com/img/gallery_lows/0477e4deb76b4f48a3df9aed938e12f9470cf60a.jpg","LowSize":"13958","LowHeight":"200","LowWidth":"160","ThumbPic":"https://inishop.com/img/gallery_thumbs/42dd8ad4b005076127c49ed29097541968f2edbc.jpg","ThumbPicSize":"3513","Pic":"https://inishop.com/img/gallery/756c1a1e2c4613fc220e392c603764bde5d6b359.jpg","Size":"253850","PicHeight":"897","PicWidth":"716","Pic500x500":"https://inishop.com/img/gallery_mediums/82905bd793ba284bb5c44d251c441624c13911d8.jpg","Pic500x500Size":"76059","Pic500x500Height":"500","Pic500x500Width":"399","No":"1","IsMain":"Y","Updated":"2024-04-04 16:35:48","IsPrivate":"0","Type":"ProductImage","Attributes":{"OriginalFileName":""}},{"ID":"89335783","LowPic":"https://inishop.com/img/gallery_lows/7e9af11453882c4697540a493a86b975c6296c6a.jpg","LowSize":"13920","LowHeight":"200","LowWidth":"158","ThumbPic":"https://inishop.com/img/gallery_thumbs/7ecd97ad0bd950e256bc1721c8ecbbbf54aac360.jpg","ThumbPicSize":"3361","Pic":"https://inishop.com/img/gallery/a0f6c15a3797b407bd22dfa8eef9dc7005b63fad.jpg","Size":"272121","PicHeight":"900","PicWidth":"713","Pic500x500":"https://inishop.com/img/gallery_mediums/35174ab7c3a42887a096bf4ddfd58467630889db.jpg","Pic500x500Size":"79269","Pic500x500Height":"500","Pic500x500Width":"396","No":"2","IsMain":"N","Updated":"2024-04-04 16:35:48","IsPrivate":"0","Type":"ProductImage","Attributes":{"OriginalFileName":""}},{"ID":"89335784","LowPic":"https://inishop.com/img/gallery_lows/250d707610ab3f35949945e64c5d3740b77ff59f.jpg","LowSize":"13081","LowHeight":"200","LowWidth":"159","ThumbPic":"https://inishop.com/img/gallery_thumbs/37056e0ff94f91aac8bce9a46f848f39e4f9d11a.jpg","ThumbPicSize":"3249","Pic":"https://inishop.com/img/gallery/524d842b108e482c62f90eb582cd89ed59578579.jpg","Size":"240971","PicHeight":"896","PicWidth":"714","Pic500x500":"https://inishop.com/img/gallery_mediums/ee8b4f6d2e669abc2f56041cd908743fd3887a42.jpg","Pic500x500Size":"71758","Pic500x500Height":"500","Pic500x500Width":"398","No":"3","IsMain":"N","Updated":"2024-04-04 16:35:49","IsPrivate":"0","Type":"ProductImage","Attributes":{"OriginalFileName":""}},{"ID":"89335785","LowPic":"https://inishop.com/img/gallery_lows/41952dfa33f4c2fbcb4f3ee4bf0b36423fba246e.jpg","LowSize":"28454","LowHeight":"200","LowWidth":"200","ThumbPic":"https://inishop.com/img/gallery_thumbs/13c1457a55785360b906caef7e721cea706dd5e3.jpg","ThumbPicSize":"6745","Pic":"https://inishop.com/img/gallery/e272547fa74d2b37911e7e99da588f27e55c102c.jpg","Size":"178723","PicHeight":"700","PicWidth":"700","Pic500x500":"https://inishop.com/img/gallery_mediums/a68294ed85d6637bbdda238458cbccb6b4c56ff6.jpg","Pic500x500Size":"112211","Pic500x500Height":"500","Pic500x500Width":"500","No":"4","IsMain":"N","Updated":"2024-04-04 16:36:11","IsPrivate":"0","Type":"ProductImage","Attributes":{"OriginalFileName":""}},{"ID":"89335786","LowPic":"https://inishop.com/img/gallery_lows/ae1efac023cb30412980ac34ff6bbee460a02e58.jpg","LowSize":"28191","LowHeight":"200","LowWidth":"200","ThumbPic":"https://inishop.com/img/gallery_thumbs/2e66dd8fb01f5b4a5aa2708309cdc5d60179ff5b.jpg","ThumbPicSize":"6565","Pic":"https://inishop.com/img/gallery/c8aa4ab1cf36008763e119a68f94eb468eff9ca5.jpg","Size":"202409","PicHeight":"700","PicWidth":"700","Pic500x500":"https://inishop.com/img/gallery_mediums/6b4e9d46ec19fc9d231f3a49b81a02812ff33cfa.jpg","Pic500x500Size":"120135","Pic500x500Height":"500","Pic500x500Width":"500","No":"5","IsMain":"N","Updated":"2024-04-04 16:36:11","IsPrivate":"0","Type":"ProductImage","Attributes":{"OriginalFileName":""}}],"FeaturesGroups":[{"ID":70844,"SortNo":"12","FeatureGroup":{"ID":"185","Name":{"Value":"Features","Language":"EN"}},"Features":[{"Localized":0,"ID":633271348,"LocalID":0,"Type":"numerical","Value":"300","CategoryFeatureId":"950841","CategoryFeatureGroupID":"70844","SortNo":"60","PresentationValue":"300 °C","RawValue":"300","LocalValue":"300","Description":"","Mandatory":"0","Searchable":"0","Optional":"0","Feature":{"ID":"42027","Sign":"","Measure":{"ID":"65","Sign":"","Signs":{"ID":"48","_":"°C","Language":"EN"}},"Name":{"Value":"Heating temperature (max)","Language":"EN"}}},{"Localized":0,"ID":633271350,"LocalID":0,"Type":"numerical","Value":"20","CategoryFeatureId":"950842","CategoryFeatureGroupID":"70844","SortNo":"58","PresentationValue":"20 s","RawValue":"20","LocalValue":"20","Description":"","Mandatory":"0","Searchable":"0","Optional":"0","Feature":{"ID":"47836","Sign":"","Measure":{"ID":"60","Sign":"","Signs":{"ID":"43","_":"s","Language":"EN"}},"Name":{"Value":"Rump-up time (boost mode)","Language":"EN"}}}]},{"ID":8909,"SortNo":"11","FeatureGroup":{"ID":"148","Name":{"Value":"Design","Language":"EN"}},"Features":[{"Localized":0,"ID":632971175,"LocalID":0,"Type":"multi_dropdown","Value":"Blue","CategoryFeatureId":"68804","CategoryFeatureGroupID":"8909","SortNo":"90","PresentationValue":"Blue","RawValue":"Blue","LocalValue":"Blue","Description":"The colour e.g. red, blue, green, black, white.","Mandatory":"0","Searchable":"0","Optional":"0","Feature":{"ID":"1766","Sign":"","Measure":{"ID":"29","Sign":"","Signs":{"ID":"","_":"","Language":"EN"}},"Name":{"Value":"Product colour","Language":"EN"}}},{"Localized":0,"ID":632971179,"LocalID":0,"Type":"y_n","Value":"Y","CategoryFeatureId":"249546","CategoryFeatureGroupID":"8909","SortNo":"80","PresentationValue":"Yes","RawValue":"Y","LocalValue":"Yes","Description":"A display which is part of the product, so you do not need to attach another display.","Mandatory":"0","Searchable":"0","Optional":"0","Feature":{"ID":"8782","Sign":"","Measure":{"ID":"26","Sign":"","Signs":{"ID":"","_":"","Language":"EN"}},"Name":{"Value":"Built-in display","Language":"EN"}}},{"Localized":0,"ID":632971181,"LocalID":0,"Type":"dropdown","Value":"LED","CategoryFeatureId":"249547","CategoryFeatureGroupID":"8909","SortNo":"78","PresentationValue":"LED","RawValue":"LED","LocalValue":"LED","Description":"Type of display (screen) e.g. LCD.","Mandatory":"0","Searchable":"0","Optional":"0","Feature":{"ID":"9104","Sign":"","Measure":{"ID":"29","Sign":"","Signs":{"ID":"","_":"","Language":"EN"}},"Name":{"Value":"Display type","Language":"EN"}}},{"Localized":0,"ID":632971176,"LocalID":0,"Type":"dropdown","Value":"Buttons","CategoryFeatureId":"249568","CategoryFeatureGroupID":"8909","SortNo":"40","PresentationValue":"Buttons","RawValue":"Buttons","LocalValue":"Buttons","Description":"The way in which the device is controlled.","Mandatory":"0","Searchable":"0","Optional":"0","Feature":{"ID":"2651","Sign":"","Measure":{"ID":"29","Sign":"","Signs":{"ID":"","_":"","Language":"EN"}},"Name":{"Value":"Control type","Language":"EN"}}},{"Localized":0,"ID":632971184,"LocalID":0,"Type":"y_n","Value":"Y","CategoryFeatureId":"249553","CategoryFeatureGroupID":"8909","SortNo":"0","PresentationValue":"Yes","RawValue":"Y","LocalValue":"Yes","Description":"The device features a socket into which a USB cable can be plugged.","Mandatory":"0","Searchable":"0","Optional":"0","Feature":{"ID":"23798","Sign":"","Measure":{"ID":"26","Sign":"","Signs":{"ID":"","_":"","Language":"EN"}},"Name":{"Value":"USB port","Language":"EN"}}},{"Localized":0,"ID":633271199,"LocalID":0,"Type":"y_n","Value":"Y","CategoryFeatureId":"950840","CategoryFeatureGroupID":"8909","SortNo":"0","PresentationValue":"Yes","RawValue":"Y","LocalValue":"Yes","Description":"","Mandatory":"0","Searchable":"0","Optional":"0","Feature":{"ID":"10888","Sign":"","Measure":{"ID":"26","Sign":"","Signs":{"ID":"","_":"","Language":"EN"}},"Name":{"Value":"Boost function","Language":"EN"}}}]},{"ID":8912,"SortNo":"6","FeatureGroup":{"ID":"143","Name":{"Value":"Battery","Language":"EN"}},"Features":[{"Localized":0,"ID":632971183,"LocalID":0,"Type":"y_n","Value":"Y","CategoryFeatureId":"249552","CategoryFeatureGroupID":"8912","SortNo":"45","PresentationValue":"Yes","RawValue":"Y","LocalValue":"Yes","Description":"","Mandatory":"0","Searchable":"0","Optional":"0","Feature":{"ID":"11194","Sign":"","Measure":{"ID":"26","Sign":"","Signs":{"ID":"","_":"","Language":"EN"}},"Name":{"Value":"USB charging","Language":"EN"}}},{"Localized":0,"ID":632971178,"LocalID":0,"Type":"y_n","Value":"Y","CategoryFeatureId":"641061","CategoryFeatureGroupID":"8912","SortNo":"0","PresentationValue":"Yes","RawValue":"Y","LocalValue":"Yes","Description":"","Mandatory":"0","Searchable":"0","Optional":"1","Feature":{"ID":"5204","Sign":"","Measure":{"ID":"26","Sign":"","Signs":{"ID":"","_":"","Language":"EN"}},"Name":{"Value":"Rechargeable battery","Language":"EN"}}}]},{"ID":78604,"SortNo":"5","FeatureGroup":{"ID":"27","Name":{"Value":"Power","Language":"EN"}},"Features":[{"Localized":0,"ID":633271388,"LocalID":0,"Type":"numerical","Value":"1.5","CategoryFeatureId":"950844","CategoryFeatureGroupID":"78604","SortNo":"0","PresentationValue":"1.5 h","RawValue":"1.5","LocalValue":"1.5","Description":"The amount of time needed to charge the product.","Mandatory":"0","Searchable":"0","Optional":"0","Feature":{"ID":"4087","Sign":"","Measure":{"ID":"46","Sign":"","Signs":{"ID":"30","_":"h","Language":"EN"}},"Name":{"Value":"Charging time","Language":"EN"}}}]},{"ID":8914,"SortNo":"4","FeatureGroup":{"ID":"14","Name":{"Value":"Weight & dimensions","Language":"EN"}},"Features":[{"Localized":0,"ID":632971173,"LocalID":0,"Type":"numerical","Value":"36.5","CategoryFeatureId":"68823","CategoryFeatureGroupID":"8914","SortNo":"40","PresentationValue":"36.5 mm","RawValue":"36.5","LocalValue":"36.5","Description":"The measurement or extent of something from side to side.","Mandatory":"0","Searchable":"0","Optional":"0","Feature":{"ID":"1649","Sign":"","Measure":{"ID":"24","Sign":"","Signs":{"ID":"3","_":"mm","Language":"EN"}},"Name":{"Value":"Width","Language":"EN"}}},{"Localized":0,"ID":632971174,"LocalID":0,"Type":"numerical","Value":"21","CategoryFeatureId":"68824","CategoryFeatureGroupID":"8914","SortNo":"30","PresentationValue":"21 mm","RawValue":"21","LocalValue":"21","Description":"The distance from the front to the back of something.","Mandatory":"0","Searchable":"0","Optional":"0","Feature":{"ID":"1650","Sign":"","Measure":{"ID":"24","Sign":"","Signs":{"ID":"3","_":"mm","Language":"EN"}},"Name":{"Value":"Depth","Language":"EN"}}},{"Localized":0,"ID":632971172,"LocalID":0,"Type":"numerical","Value":"96.4","CategoryFeatureId":"68825","CategoryFeatureGroupID":"8914","SortNo":"20","PresentationValue":"96.4 mm","RawValue":"96.4","LocalValue":"96.4","Description":"The measurement of the product from head to foot or from base to top.","Mandatory":"0","Searchable":"0","Optional":"0","Feature":{"ID":"1464","Sign":"","Measure":{"ID":"24","Sign":"","Signs":{"ID":"3","_":"mm","Language":"EN"}},"Name":{"Value":"Height","Language":"EN"}}},{"Localized":0,"ID":632971171,"LocalID":0,"Type":"numerical","Value":"92","CategoryFeatureId":"68826","CategoryFeatureGroupID":"8914","SortNo":"10","PresentationValue":"92 g","RawValue":"92","LocalValue":"92","Description":"Weight of the product without packaging (net weight). If possible, the net weight is given including standard accessories and supplies. Please note that sometimes the manufacturer leaves out the weight of accessories and/or supplies.","Mandatory":"0","Searchable":"0","Optional":"0","Feature":{"ID":"94","Sign":"","Measure":{"ID":"38","Sign":"","Signs":{"ID":"22","_":"g","Language":"EN"}},"Name":{"Value":"Weight","Language":"EN"}}}]},{"ID":8913,"SortNo":"2","FeatureGroup":{"ID":"116","Name":{"Value":"Packaging content","Language":"EN"}},"Features":[{"Localized":0,"ID":632971182,"LocalID":0,"Type":"y_n","Value":"Y","CategoryFeatureId":"68816","CategoryFeatureGroupID":"8913","SortNo":"50","PresentationValue":"Yes","RawValue":"Y","LocalValue":"Yes","Description":"","Mandatory":"0","Searchable":"0","Optional":"0","Feature":{"ID":"10871","Sign":"","Measure":{"ID":"26","Sign":"","Signs":{"ID":"","_":"","Language":"EN"}},"Name":{"Value":"USB charger included","Language":"EN"}}},{"Localized":0,"ID":632971177,"LocalID":0,"Type":"y_n","Value":"Y","CategoryFeatureId":"68848","CategoryFeatureGroupID":"8913","SortNo":"0","PresentationValue":"Yes","RawValue":"Y","LocalValue":"Yes","Description":"","Mandatory":"0","Searchable":"0","Optional":"0","Feature":{"ID":"3965","Sign":"","Measure":{"ID":"26","Sign":"","Signs":{"ID":"","_":"","Language":"EN"}},"Name":{"Value":"Manual","Language":"EN"}}},{"Localized":0,"ID":633271402,"LocalID":0,"Type":"y_n","Value":"Y","CategoryFeatureId":"950845","CategoryFeatureGroupID":"8913","SortNo":"0","PresentationValue":"Yes","RawValue":"Y","LocalValue":"Yes","Description":"","Mandatory":"0","Searchable":"0","Optional":"0","Feature":{"ID":"3920","Sign":"","Measure":{"ID":"26","Sign":"","Signs":{"ID":"","_":"","Language":"EN"}},"Name":{"Value":"Cleaning brush","Language":"EN"}}}]}],"FeatureLogos":[],"ReasonsToBuy":[],"Reviews":[],"ProductRelated":[],"CatalogObjectCloud":{},"Variants":[],"ProductStory":[],"Dictionary":{"model_name":"Product name","desc":"Description","ean_code":"EAN/UPC code","flash360":"3D tour","demo_msg_part3":"If you don't have an Icecat account, please register here for free.","repairability_index":"Repairability index","zoom_panel_init":"Original size","cat_name":"Category","product_family":"Product family","back_to_top":"Back to top","zoom_panel_out":"Zoom out","specs":"Specs","eu_product_fiche":"EU Product Fiche","reviews_head_name":"Reviews","pdf_specs":"Product Brochure","zoom_panel_in":"Zoom in","html_content":"","release_date":"Release date","demo_msg_part1":"You are using now a Demo account. Please, use your own Icecat account","demo_insert_desc":"This is a demo of a seamless insert of an Icecat LIVE product data-sheet in your website. Imagine that this responsive data-sheet is included in the product page of your webshop.","pdf_url":"User manual","prod_code":"Product code","supplier_name":"Brand","video":"Video","reasons_to_buy":"Reasons to buy","marketing_text":"Description","options_head_name":"Options","product_series":"Product series","demo_msg_part2":"your Icecat login name","link_integrate_desk":"How to integrate Icecat LIVE JavaScript.","zoom_panel_dragg":"Mouse dragging","eu_energy_label":"EU Energy Label"},"DemoAccount":false}}