{"msg":"OK","data":{"GeneralInfo":{"IcecatId":134703553,"ReleaseDate":"","EndOfLifeDate":"","Title":"Joyetech Ego Nano electronic cigarette 800 mAh Blue, Pink","TitleInfo":{"GeneratedIntTitle":"Joyetech Ego Nano electronic cigarette","GeneratedLocalTitle":{"Value":"Joyetech Ego Nano electronic cigarette 800 mAh Blue, Pink","Language":"EN"},"BrandLocalTitle":{"Value":"","Language":"EN"}},"Brand":"Joyetech","BrandID":"18196","BrandLogo":"","BrandInfo":{"BrandName":"Joyetech","BrandLocalName":"","BrandLogo":""},"ProductName":"Ego Nano","ProductNameInfo":{"ProductIntName":"Ego Nano","ProductLocalName":{"Value":"","Language":"EN"}},"BrandPartCode":"EGO_NANO_KIT","GTIN":[],"Category":{"CategoryID":"2401","Name":{"Value":"Electronic Cigarettes","Language":"EN"}},"ProductFamily":{},"ProductSeries":{"SeriesID":"1"},"Description":{"ID":"104044105","LongDesc":"eGo Nano features a sleek cylindrical body with a soft-touch rubberized finish. Its minimalist design is enhanced by vibrant colors for a fresh, modern look. Enjoy the convenience of top-fill refilling without removing the pod. Powered by an 800mAh battery, it's built for reliable all-day use.<br><br><b>Bold Colors with a Soft Touch</b><br>Designed to stand out, the eGo Nano features a vibrant color palette and a smooth rubberized finish for a comfortable, non-slip grip.<br><br><b>No Buttons, Just Vape</b><br>The eGo Nano is designed for simplicity — just inhale to activate and enjoy your vape.<br><br><b>Top-Fill Convenience</b><br>Refill easily from the top—no need to remove the pod.<br>Just open the silicone plug and fill. It's that simple.<br><br><b>Multiple Pod Options</b><br>Works seamlessly with eRoll Nano pods, giving you more choices to suit your taste.<br><br>*The eGo Nano Pods are also compatible with the eRoll Nano device.<br><br><b>Power That Lasts</b><br>Equipped with an 800mAh battery and USB-C charging for reliable, fast power.<br><br><b>3-Level Battery Indicator</b><br>The small, hole-shaped LED indicator is discreet yet practical,<br>providing clear feedback without being obtrusive.","LongProductName":"1500 mAh, 2 mlб 17.5 x 113.4mm","MiddleDesc":"","Disclaimer":"","ManualPDFURL":"","ManualPDFSize":"0","LeafletPDFURL":"","PDFSize":"0","URL":"https://www.joyetech.com/product/ego-nano/","WarrantyInfo":"","Updated":"2025-09-11 09:04:28","Language":"EN"},"SummaryDescription":{"ShortSummaryDescription":"Joyetech Ego Nano, Blue, Pink, Battery level, 800 mAh, 15 W, 17.5 mm, 17.5 mm","LongSummaryDescription":"Joyetech Ego Nano. Product colour: Blue, Pink, LED indicators: Battery level. Battery capacity: 800 mAh, Output power: 15 W. Width: 17.5 mm, Depth: 17.5 mm, Height: 134 mm"},"BulletPoints":{},"GeneratedBulletPoints":{},"GTINs":[]},"Image":{"HighPic":"https://inishop.com/img/gallery/51040c508020b3df6c45326d81a670f58075e566.jpg","HighPicSize":"9407","HighPicHeight":"281","HighPicWidth":"200","LowPic":"https://inishop.com/img/gallery_lows/7ea0f94f286cdee74ff7c81b27b886e282884b29.jpg","LowPicSize":"6026","LowPicHeight":"200","LowPicWidth":"142","Pic500x500":"","Pic500x500Size":"0","Pic500x500Height":"0","Pic500x500Width":"0","ThumbPic":"https://inishop.com/img/gallery_thumbs/627657923806637822edbba60ba7cb66fe1f0d86.jpg","ThumbPicSize":"1745"},"Multimedia":[],"Gallery":[{"ID":"117094629","LowPic":"https://inishop.com/img/gallery_lows/7ea0f94f286cdee74ff7c81b27b886e282884b29.jpg","LowSize":"6026","LowHeight":"200","LowWidth":"142","ThumbPic":"https://inishop.com/img/gallery_thumbs/627657923806637822edbba60ba7cb66fe1f0d86.jpg","ThumbPicSize":"1745","Pic":"https://inishop.com/img/gallery/51040c508020b3df6c45326d81a670f58075e566.jpg","Size":"9407","PicHeight":"281","PicWidth":"200","Pic500x500":"","Pic500x500Size":"0","Pic500x500Height":"0","Pic500x500Width":"0","No":"1","IsMain":"Y","Updated":"2025-09-09 09:25:41","IsPrivate":"0","Type":"ProductImage","Attributes":{"OriginalFileName":""}},{"ID":"117094628","LowPic":"https://inishop.com/img/gallery_lows/a3df62cdb660b2bbc290050c10507aff0474815f.jpg","LowSize":"20999","LowHeight":"200","LowWidth":"197","ThumbPic":"https://inishop.com/img/gallery_thumbs/f04d3dd4fd909bc758cd2ee70f596029a53ca246.jpg","ThumbPicSize":"5016","Pic":"https://inishop.com/img/gallery/e1532df823270ac4051ab80d782a270970adaebc.jpg","Size":"135329","PicHeight":"645","PicWidth":"635","Pic500x500":"https://inishop.com/img/gallery_mediums/81c64db67f9d23f55177753da349751481dc7a1d.jpg","Pic500x500Size":"87969","Pic500x500Height":"500","Pic500x500Width":"492","No":"2","IsMain":"N","Updated":"2025-09-09 09:25:50","IsPrivate":"0","Type":"ProductImage","Attributes":{"OriginalFileName":""}}],"FeaturesGroups":[{"ID":8909,"SortNo":"11","FeatureGroup":{"ID":"148","Name":{"Value":"Design","Language":"EN"}},"Features":[{"Localized":0,"ID":835225737,"LocalID":0,"Type":"multi_dropdown","Value":"Blue,Pink","CategoryFeatureId":"68804","CategoryFeatureGroupID":"8909","SortNo":"90","PresentationValue":"Blue, Pink","RawValue":"Blue,Pink","LocalValue":"Blue, Pink","Description":"The colour e.g. red, blue, green, black, white.","Mandatory":"0","Searchable":"0","Optional":"0","Feature":{"ID":"1766","Sign":"","Measure":{"ID":"29","Sign":"","Signs":{"ID":"","_":"","Language":"EN"}},"Name":{"Value":"Product colour","Language":"EN"}}},{"Localized":0,"ID":836140283,"LocalID":0,"Type":"multi_dropdown","Value":"Battery level","CategoryFeatureId":"293940","CategoryFeatureGroupID":"8909","SortNo":"10","PresentationValue":"Battery level","RawValue":"Battery level","LocalValue":"Battery level","Description":"","Mandatory":"0","Searchable":"0","Optional":"0","Feature":{"ID":"1501","Sign":"","Measure":{"ID":"29","Sign":"","Signs":{"ID":"","_":"","Language":"EN"}},"Name":{"Value":"LED indicators","Language":"EN"}}},{"Localized":0,"ID":836140284,"LocalID":0,"Type":"y_n","Value":"Y","CategoryFeatureId":"249553","CategoryFeatureGroupID":"8909","SortNo":"0","PresentationValue":"Yes","RawValue":"Y","LocalValue":"Yes","Description":"The device features a socket into which a USB cable can be plugged.","Mandatory":"0","Searchable":"0","Optional":"0","Feature":{"ID":"23798","Sign":"","Measure":{"ID":"26","Sign":"","Signs":{"ID":"","_":"","Language":"EN"}},"Name":{"Value":"USB port","Language":"EN"}}}]},{"ID":8912,"SortNo":"6","FeatureGroup":{"ID":"143","Name":{"Value":"Battery","Language":"EN"}},"Features":[{"Localized":0,"ID":835225733,"LocalID":0,"Type":"numerical","Value":"800","CategoryFeatureId":"68815","CategoryFeatureGroupID":"8912","SortNo":"100","PresentationValue":"800 mAh","RawValue":"800","LocalValue":"800","Description":"A measure of the charge stored by the battery. Determined by the mass of active material contained in the battery.","Mandatory":"0","Searchable":"0","Optional":"0","Feature":{"ID":"909","Sign":"","Measure":{"ID":"51","Sign":"","Signs":{"ID":"35","_":"mAh","Language":"EN"}},"Name":{"Value":"Battery capacity","Language":"EN"}}},{"Localized":0,"ID":836140287,"LocalID":0,"Type":"y_n","Value":"Y","CategoryFeatureId":"249552","CategoryFeatureGroupID":"8912","SortNo":"45","PresentationValue":"Yes","RawValue":"Y","LocalValue":"Yes","Description":"","Mandatory":"0","Searchable":"0","Optional":"0","Feature":{"ID":"11194","Sign":"","Measure":{"ID":"26","Sign":"","Signs":{"ID":"","_":"","Language":"EN"}},"Name":{"Value":"USB charging","Language":"EN"}}},{"Localized":0,"ID":835225983,"LocalID":0,"Type":"numerical","Value":"15","CategoryFeatureId":"249555","CategoryFeatureGroupID":"8912","SortNo":"40","PresentationValue":"15 W","RawValue":"15","LocalValue":"15","Description":"The power that the device can produce.","Mandatory":"0","Searchable":"0","Optional":"0","Feature":{"ID":"5932","Sign":"","Measure":{"ID":"44","Sign":"","Signs":{"ID":"28","_":"W","Language":"EN"}},"Name":{"Value":"Output power","Language":"EN"}}}]},{"ID":8914,"SortNo":"4","FeatureGroup":{"ID":"14","Name":{"Value":"Weight & dimensions","Language":"EN"}},"Features":[{"Localized":0,"ID":835225735,"LocalID":0,"Type":"numerical","Value":"17.5","CategoryFeatureId":"68823","CategoryFeatureGroupID":"8914","SortNo":"40","PresentationValue":"17.5 mm","RawValue":"17.5","LocalValue":"17.5","Description":"The measurement or extent of something from side to side.","Mandatory":"0","Searchable":"0","Optional":"0","Feature":{"ID":"1649","Sign":"","Measure":{"ID":"24","Sign":"","Signs":{"ID":"3","_":"mm","Language":"EN"}},"Name":{"Value":"Width","Language":"EN"}}},{"Localized":0,"ID":835225736,"LocalID":0,"Type":"numerical","Value":"17.5","CategoryFeatureId":"68824","CategoryFeatureGroupID":"8914","SortNo":"30","PresentationValue":"17.5 mm","RawValue":"17.5","LocalValue":"17.5","Description":"The distance from the front to the back of something.","Mandatory":"0","Searchable":"0","Optional":"0","Feature":{"ID":"1650","Sign":"","Measure":{"ID":"24","Sign":"","Signs":{"ID":"3","_":"mm","Language":"EN"}},"Name":{"Value":"Depth","Language":"EN"}}},{"Localized":0,"ID":835225734,"LocalID":0,"Type":"numerical","Value":"134","CategoryFeatureId":"68825","CategoryFeatureGroupID":"8914","SortNo":"20","PresentationValue":"134 mm","RawValue":"134","LocalValue":"134","Description":"The measurement of the product from head to foot or from base to top.","Mandatory":"0","Searchable":"0","Optional":"0","Feature":{"ID":"1464","Sign":"","Measure":{"ID":"24","Sign":"","Signs":{"ID":"3","_":"mm","Language":"EN"}},"Name":{"Value":"Height","Language":"EN"}}}]},{"ID":8913,"SortNo":"2","FeatureGroup":{"ID":"116","Name":{"Value":"Packaging content","Language":"EN"}},"Features":[{"Localized":0,"ID":835225738,"LocalID":0,"Type":"y_n","Value":"Y","CategoryFeatureId":"68848","CategoryFeatureGroupID":"8913","SortNo":"0","PresentationValue":"Yes","RawValue":"Y","LocalValue":"Yes","Description":"","Mandatory":"0","Searchable":"0","Optional":"0","Feature":{"ID":"3965","Sign":"","Measure":{"ID":"26","Sign":"","Signs":{"ID":"","_":"","Language":"EN"}},"Name":{"Value":"Manual","Language":"EN"}}}]}],"FeatureLogos":[],"ReasonsToBuy":[],"Reviews":[],"ProductRelated":[],"CatalogObjectCloud":{},"Variants":[],"ProductStory":[],"Dictionary":{"model_name":"Product name","desc":"Description","ean_code":"EAN/UPC code","flash360":"3D tour","demo_msg_part3":"If you don't have an Icecat account, please register here for free.","repairability_index":"Repairability index","zoom_panel_init":"Original size","cat_name":"Category","product_family":"Product family","back_to_top":"Back to top","zoom_panel_out":"Zoom out","specs":"Specs","eu_product_fiche":"EU Product Fiche","reviews_head_name":"Reviews","pdf_specs":"Product Brochure","zoom_panel_in":"Zoom in","html_content":"","release_date":"Release date","demo_msg_part1":"You are using now a Demo account. Please, use your own Icecat account","demo_insert_desc":"This is a demo of a seamless insert of an Icecat LIVE product data-sheet in your website. Imagine that this responsive data-sheet is included in the product page of your webshop.","pdf_url":"User manual","prod_code":"Product code","supplier_name":"Brand","video":"Video","reasons_to_buy":"Reasons to buy","marketing_text":"Description","options_head_name":"Options","product_series":"Product series","demo_msg_part2":"your Icecat login name","link_integrate_desk":"How to integrate Icecat LIVE JavaScript.","zoom_panel_dragg":"Mouse dragging","eu_energy_label":"EU Energy Label"},"DemoAccount":false}}