{"msg":"OK","data":{"GeneralInfo":{"IcecatId":122427693,"ReleaseDate":"","EndOfLifeDate":"","Title":"Apple Watch Ultra 2 GPS + Cellular 49mm Natural Titanium Case with Tan Alpine Loop - Medium","TitleInfo":{"GeneratedIntTitle":"Apple Watch Ultra 2","GeneratedLocalTitle":{"Value":"Apple Watch Ultra 2 OLED Digital 410 x 502 pixels Touchscreen 4G Wi-Fi GPS (satellite)","Language":"EN"},"BrandLocalTitle":{"Value":"Apple Watch Ultra 2 GPS + Cellular 49mm Natural Titanium Case with Tan Alpine Loop - Medium","Language":"EN"}},"Brand":"Apple","BrandID":"9","BrandLogo":"https://inishop.com/img/brand/thumb/9_d14b59ec69c0456b8775a7210bbba1e9.jpg","BrandInfo":{"BrandName":"Apple","BrandLocalName":"","BrandLogo":"https://inishop.com/img/brand/thumb/9_d14b59ec69c0456b8775a7210bbba1e9.jpg"},"ProductName":"Watch Ultra 2 GPS + Cellular 49mm Natural Titanium Case with Tan Alpine Loop - Medium","ProductNameInfo":{"ProductIntName":"Watch Ultra 2","ProductLocalName":{"Value":"Watch Ultra 2 GPS + Cellular 49mm Natural Titanium Case with Tan Alpine Loop - Medium","Language":"EN"}},"BrandPartCode":"MX4F3QN/A","GTIN":[],"Category":{"CategoryID":"2647","Name":{"Value":"Smartwatches & Sport Watches","Language":"EN"}},"ProductFamily":{"ProductFamilyID":"67213","Value":"Watch","Language":"EN"},"ProductSeries":{"SeriesID":"8206","Value":"Ultra 2","Language":"EN"},"Description":{"ID":"96656742","LongDesc":"<b>New finish. Never quit.</b><br><br><b>Survival of the toughest.</b>","LongProductName":"Watch Ultra 2, 49mm, GPS + Cellular, OLED, Always-on Retina, S9, Digital Crown, Bluetooth, watchOS","MiddleDesc":"","Disclaimer":"","ManualPDFURL":"","ManualPDFSize":"0","LeafletPDFURL":"","PDFSize":"0","URL":"https://www.apple.com//apple-watch-ultra-2/","WarrantyInfo":"","Updated":"2024-09-10 16:04:16","Language":"EN"},"SummaryDescription":{"ShortSummaryDescription":"Apple Watch Ultra 2 GPS + Cellular 49mm Natural Titanium Case with Tan Alpine Loop - Medium, OLED, Touchscreen, 64 GB, Wi-Fi, GPS (satellite), 61.4 g","LongSummaryDescription":"Apple Watch Ultra 2 GPS + Cellular 49mm Natural Titanium Case with Tan Alpine Loop - Medium. Display technology: OLED, Display resolution: 410 x 502 pixels, Touchscreen. Flash memory: 64 GB. Wi-Fi. GPS (satellite). Weight: 61.4 g. Waterproof up to: 100 m, Band colour: Tan, Band size: M. Operating system installed: watchOS 11"},"BulletPoints":{},"GeneratedBulletPoints":{"Language":"EN","Values":["Smartwatch Digital Touchscreen OLED","410 x 502 pixels 3000 cd/m²","Dust resistant, Water resistant, Waterproof IP6X Waterproof up to: 100 m Water resistance: 10 ATM","Built-in microphone Built-in speaker(s)","Heart rate monitor Accelerometer Gyroscope Activity tracker Apple Siri","4G GPS (satellite) BeiDou GLONASS Galileo Quasi-Zenith Satellite System (QZSS)","Wi-Fi Bluetooth 5.3 Near Field Communication (NFC)","Built-in battery Lithium-Ion (Li-Ion) 72 h"]},"GTINs":[]},"Image":{"HighPic":"https://inishop.com/img/gallery/43ecef5add0b6a9f5502b283701e7fd26a797061.jpg","HighPicSize":"3824870","HighPicHeight":"4000","HighPicWidth":"4000","LowPic":"https://inishop.com/img/gallery_lows/37be2d967920654e616ad6bd1ccbfda11a39b420.jpg","LowPicSize":"28432","LowPicHeight":"200","LowPicWidth":"200","Pic500x500":"https://inishop.com/img/gallery_mediums/5fe9c6f3b8aa677e271dba019e8c2d7c1784956e.jpg","Pic500x500Size":"142184","Pic500x500Height":"500","Pic500x500Width":"500","ThumbPic":"https://inishop.com/img/gallery_thumbs/22adff62458d80e1d95d0187436a4e2a5f660ccb.jpg","ThumbPicSize":"6124"},"Multimedia":[],"Gallery":[{"ID":"95263871","LowPic":"https://inishop.com/img/gallery_lows/37be2d967920654e616ad6bd1ccbfda11a39b420.jpg","LowSize":"28432","LowHeight":"200","LowWidth":"200","ThumbPic":"https://inishop.com/img/gallery_thumbs/22adff62458d80e1d95d0187436a4e2a5f660ccb.jpg","ThumbPicSize":"6124","Pic":"https://inishop.com/img/gallery/43ecef5add0b6a9f5502b283701e7fd26a797061.jpg","Size":"3824870","PicHeight":"4000","PicWidth":"4000","Pic500x500":"https://inishop.com/img/gallery_mediums/5fe9c6f3b8aa677e271dba019e8c2d7c1784956e.jpg","Pic500x500Size":"142184","Pic500x500Height":"500","Pic500x500Width":"500","No":"1","IsMain":"Y","Updated":"2024-09-10 16:04:16","IsPrivate":"0","Type":"ProductImage","Attributes":{"OriginalFileName":""}},{"ID":"95263872","LowPic":"https://inishop.com/img/gallery_lows/9339a79cf3a7d61b08308707c2c59ff1143452ce.jpg","LowSize":"22278","LowHeight":"200","LowWidth":"200","ThumbPic":"https://inishop.com/img/gallery_thumbs/8b815ea25fb0d880fd7cc72229e5801d9b1b4611.jpg","ThumbPicSize":"4905","Pic":"https://inishop.com/img/gallery/a23375760729c86524c302658d5f35573d455703.jpg","Size":"2332082","PicHeight":"4000","PicWidth":"4000","Pic500x500":"https://inishop.com/img/gallery_mediums/87276320e8175dd3663b62ac6177d2612db1ef65.jpg","Pic500x500Size":"100075","Pic500x500Height":"500","Pic500x500Width":"500","No":"2","IsMain":"N","Updated":"2024-09-10 16:04:16","IsPrivate":"0","Type":"ProductImage","Attributes":{"OriginalFileName":""}},{"ID":"95263873","LowPic":"https://inishop.com/img/gallery_lows/14de8f52e44d8e5a82431b7a49acd730a6618a38.jpg","LowSize":"26393","LowHeight":"200","LowWidth":"200","ThumbPic":"https://inishop.com/img/gallery_thumbs/89f03ba5b3af88a4103dc980b4e896b42b3125e6.jpg","ThumbPicSize":"5112","Pic":"https://inishop.com/img/gallery/35d285a3041e3b673f7b77d258a1e3932fab00d1.jpg","Size":"4424590","PicHeight":"4000","PicWidth":"4000","Pic500x500":"https://inishop.com/img/gallery_mediums/3703f6b8beea0affd5808b032c59805cc6cb7f02.jpg","Pic500x500Size":"149880","Pic500x500Height":"500","Pic500x500Width":"500","No":"3","IsMain":"N","Updated":"2024-09-10 16:04:16","IsPrivate":"0","Type":"LifestyleImage","Attributes":{"OriginalFileName":""}},{"ID":"95263874","LowPic":"https://inishop.com/img/gallery_lows/028cb00ab486f39335638b06f91930a4f9755a41.jpg","LowSize":"23290","LowHeight":"200","LowWidth":"200","ThumbPic":"https://inishop.com/img/gallery_thumbs/8f51288590a1370c55d060cb49e0b5c153fa3c82.jpg","ThumbPicSize":"5035","Pic":"https://inishop.com/img/gallery/ff10536f77915da29aad2c910f250003a986a70d.jpg","Size":"5066744","PicHeight":"4000","PicWidth":"4000","Pic500x500":"https://inishop.com/img/gallery_mediums/7e36001ea08d1afd3627d1d543603533cb62d806.jpg","Pic500x500Size":"112677","Pic500x500Height":"500","Pic500x500Width":"500","No":"4","IsMain":"N","Updated":"2024-09-10 16:04:16","IsPrivate":"0","Type":"LifestyleImage","Attributes":{"OriginalFileName":""}}],"FeaturesGroups":[{"ID":34566,"SortNo":"25","FeatureGroup":{"ID":"5","Name":{"Value":"Display","Language":"EN"}},"Features":[{"Localized":0,"ID":681894657,"LocalID":0,"Type":"dropdown","Value":"OLED","CategoryFeatureId":"99533","CategoryFeatureGroupID":"34566","SortNo":"150","PresentationValue":"OLED","RawValue":"OLED","LocalValue":"OLED","Description":"The technology used in the display e.g. plasma, LED.","Mandatory":"1","Searchable":"0","Optional":"0","Feature":{"ID":"9713","Sign":"","Measure":{"ID":"29","Sign":"","Signs":{"ID":"","_":"","Language":"EN"}},"Name":{"Value":"Display technology","Language":"EN"}}},{"Localized":0,"ID":681894533,"LocalID":0,"Type":"numerical","Value":"3000","CategoryFeatureId":"176254","CategoryFeatureGroupID":"34566","SortNo":"148","PresentationValue":"3000 cd/m²","RawValue":"3000","LocalValue":"3000","Description":"Brightness is the amount of radiating light emitted from the screen. The brightness rating is measured in candellas per square meter, commonly known as 'nits'.","Mandatory":"0","Searchable":"0","Optional":"0","Feature":{"ID":"1389","Sign":"","Measure":{"ID":"43","Sign":"","Signs":{"ID":"27","_":"cd/m²","Language":"EN"}},"Name":{"Value":"Display brightness","Language":"EN"}}},{"Localized":0,"ID":681894692,"LocalID":0,"Type":"numerical","Value":"326","CategoryFeatureId":"85347","CategoryFeatureGroupID":"34566","SortNo":"147","PresentationValue":"326 ppi","RawValue":"326","LocalValue":"326","Description":"","Mandatory":"0","Searchable":"0","Optional":"0","Feature":{"ID":"13246","Sign":"","Measure":{"ID":"243","Sign":"","Signs":{"ID":"14247","_":"ppi","Language":"EN"}},"Name":{"Value":"Pixel density","Language":"EN"}}},{"Localized":0,"ID":681894820,"LocalID":0,"Type":"y_n","Value":"Y","CategoryFeatureId":"317543","CategoryFeatureGroupID":"34566","SortNo":"145","PresentationValue":"Yes","RawValue":"Y","LocalValue":"Yes","Description":"","Mandatory":"0","Searchable":"0","Optional":"0","Feature":{"ID":"39552","Sign":"","Measure":{"ID":"26","Sign":"","Signs":{"ID":"","_":"","Language":"EN"}},"Name":{"Value":"Always-on display","Language":"EN"}}},{"Localized":0,"ID":681894742,"LocalID":0,"Type":"y_n","Value":"Y","CategoryFeatureId":"586188","CategoryFeatureGroupID":"34566","SortNo":"145","PresentationValue":"Yes","RawValue":"Y","LocalValue":"Yes","Description":"","Mandatory":"0","Searchable":"0","Optional":"0","Feature":{"ID":"20168","Sign":"","Measure":{"ID":"26","Sign":"","Signs":{"ID":"","_":"","Language":"EN"}},"Name":{"Value":"Colour display","Language":"EN"}}},{"Localized":0,"ID":681894651,"LocalID":0,"Type":"dropdown","Value":"Digital","CategoryFeatureId":"85325","CategoryFeatureGroupID":"34566","SortNo":"140","PresentationValue":"Digital","RawValue":"Digital","LocalValue":"Digital","Description":"Type of display (screen) e.g. LCD.","Mandatory":"1","Searchable":"1","Optional":"0","Feature":{"ID":"9104","Sign":"","Measure":{"ID":"29","Sign":"","Signs":{"ID":"","_":"","Language":"EN"}},"Name":{"Value":"Display type","Language":"EN"}}},{"Localized":0,"ID":681894536,"LocalID":0,"Type":"2d","Value":"410 x 502","CategoryFeatureId":"85332","CategoryFeatureGroupID":"34566","SortNo":"130","PresentationValue":"410 x 502 pixels","RawValue":"410 x 502","LocalValue":"410 x 502","Description":"The number of distinct pixels in each dimension that can be displayed. It is usually quoted as width × height, with the units in pixels: for example, \"1024 × 768\" means the width is 1024 pixels and the height is 768 pixels. The higher the number of pixels, the sharper the image.","Mandatory":"1","Searchable":"1","Optional":"0","Feature":{"ID":"1585","Sign":"","Measure":{"ID":"39","Sign":"","Signs":{"ID":"23","_":"pixels","Language":"EN"}},"Name":{"Value":"Display resolution","Language":"EN"}}},{"Localized":0,"ID":681894593,"LocalID":0,"Type":"y_n","Value":"Y","CategoryFeatureId":"85331","CategoryFeatureGroupID":"34566","SortNo":"129","PresentationValue":"Yes","RawValue":"Y","LocalValue":"Yes","Description":"A screen of a laptop, smartphone, etc., that responds to touch so you can control the interface using your fingers.","Mandatory":"1","Searchable":"1","Optional":"0","Feature":{"ID":"4963","Sign":"","Measure":{"ID":"26","Sign":"","Signs":{"ID":"","_":"","Language":"EN"}},"Name":{"Value":"Touchscreen","Language":"EN"}}},{"Localized":0,"ID":681894801,"LocalID":0,"Type":"y_n","Value":"Y","CategoryFeatureId":"270637","CategoryFeatureGroupID":"34566","SortNo":"95","PresentationValue":"Yes","RawValue":"Y","LocalValue":"Yes","Description":"","Mandatory":"0","Searchable":"0","Optional":"0","Feature":{"ID":"33690","Sign":"","Measure":{"ID":"26","Sign":"","Signs":{"ID":"","_":"","Language":"EN"}},"Name":{"Value":"Rounded display corners","Language":"EN"}}}]},{"ID":16293,"SortNo":"20","FeatureGroup":{"ID":"148","Name":{"Value":"Design","Language":"EN"}},"Features":[{"Localized":0,"ID":681894723,"LocalID":0,"Type":"dropdown","Value":"M","CategoryFeatureId":"153739","CategoryFeatureGroupID":"16293","SortNo":"159","PresentationValue":"M","RawValue":"M","LocalValue":"M","Description":"","Mandatory":"1","Searchable":"0","Optional":"0","Feature":{"ID":"17542","Sign":"","Measure":{"ID":"29","Sign":"","Signs":{"ID":"","_":"","Language":"EN"}},"Name":{"Value":"Band size","Language":"EN"}}},{"Localized":0,"ID":681894654,"LocalID":0,"Type":"dropdown","Value":"Rectangular","CategoryFeatureId":"85327","CategoryFeatureGroupID":"16293","SortNo":"155","PresentationValue":"Rectangular","RawValue":"Rectangular","LocalValue":"Rectangular","Description":"The external form, contours, or outline of the product.","Mandatory":"1","Searchable":"0","Optional":"0","Feature":{"ID":"9397","Sign":"","Measure":{"ID":"29","Sign":"","Signs":{"ID":"","_":"","Language":"EN"}},"Name":{"Value":"Shape","Language":"EN"}}},{"Localized":0,"ID":681894720,"LocalID":0,"Type":"range","Value":"130 - 210","CategoryFeatureId":"153740","CategoryFeatureGroupID":"16293","SortNo":"155","PresentationValue":"130 - 210 mm","RawValue":"130 - 210","LocalValue":"130 - 210","Description":"","Mandatory":"0","Searchable":"0","Optional":"0","Feature":{"ID":"17541","Sign":"","Measure":{"ID":"24","Sign":"","Signs":{"ID":"3","_":"mm","Language":"EN"}},"Name":{"Value":"Wrist size range","Language":"EN"}}},{"Localized":0,"ID":681894647,"LocalID":0,"Type":"dropdown","Value":"Smartwatch","CategoryFeatureId":"891356","CategoryFeatureGroupID":"16293","SortNo":"150","PresentationValue":"Smartwatch","RawValue":"Smartwatch","LocalValue":"Smartwatch","Description":"Under which category can the device be positioned in the market, e.g. camera phone.","Mandatory":"1","Searchable":"1","Optional":"0","Feature":{"ID":"9021","Sign":"","Measure":{"ID":"29","Sign":"","Signs":{"ID":"","_":"","Language":"EN"}},"Name":{"Value":"Market positioning","Language":"EN"}}},{"Localized":0,"ID":681894831,"LocalID":0,"Type":"dropdown","Value":"49","CategoryFeatureId":"595046","CategoryFeatureGroupID":"16293","SortNo":"145","PresentationValue":"49 mm","RawValue":"49","LocalValue":"49","Description":"","Mandatory":"1","Searchable":"1","Optional":"0","Feature":{"ID":"42415","Sign":"","Measure":{"ID":"24","Sign":"","Signs":{"ID":"3","_":"mm","Language":"EN"}},"Name":{"Value":"Watch case size","Language":"EN"}}},{"Localized":0,"ID":681894683,"LocalID":0,"Type":"dropdown","Value":"Ceramic,Sapphire glass","CategoryFeatureId":"258022","CategoryFeatureGroupID":"16293","SortNo":"139","PresentationValue":"Ceramic, Sapphire glass","RawValue":"Ceramic,Sapphire glass","LocalValue":"Ceramic, Sapphire glass","Description":"","Mandatory":"0","Searchable":"0","Optional":"0","Feature":{"ID":"11121","Sign":"","Measure":{"ID":"29","Sign":"","Signs":{"ID":"","_":"","Language":"EN"}},"Name":{"Value":"Back material","Language":"EN"}}},{"Localized":0,"ID":681894835,"LocalID":0,"Type":"multi_dropdown","Value":"Titanium","CategoryFeatureId":"595045","CategoryFeatureGroupID":"16293","SortNo":"90","PresentationValue":"Titanium","RawValue":"Titanium","LocalValue":"Titanium","Description":"","Mandatory":"1","Searchable":"1","Optional":"0","Feature":{"ID":"42417","Sign":"","Measure":{"ID":"29","Sign":"","Signs":{"ID":"","_":"","Language":"EN"}},"Name":{"Value":"Watch case colour","Language":"EN"}}},{"Localized":0,"ID":681894840,"LocalID":0,"Type":"dropdown","Value":"Titanium","CategoryFeatureId":"595044","CategoryFeatureGroupID":"16293","SortNo":"89","PresentationValue":"Titanium","RawValue":"Titanium","LocalValue":"Titanium","Description":"","Mandatory":"1","Searchable":"1","Optional":"0","Feature":{"ID":"42418","Sign":"","Measure":{"ID":"29","Sign":"","Signs":{"ID":"","_":"","Language":"EN"}},"Name":{"Value":"Watch case material","Language":"EN"}}},{"Localized":0,"ID":681894679,"LocalID":0,"Type":"multi_dropdown","Value":"Tan","CategoryFeatureId":"85301","CategoryFeatureGroupID":"16293","SortNo":"80","PresentationValue":"Tan","RawValue":"Tan","LocalValue":"Tan","Description":"The colour of the band, also known as the strap, of watches etc.","Mandatory":"1","Searchable":"1","Optional":"0","Feature":{"ID":"11025","Sign":"","Measure":{"ID":"29","Sign":"","Signs":{"ID":"","_":"","Language":"EN"}},"Name":{"Value":"Band colour","Language":"EN"}}},{"Localized":0,"ID":681894631,"LocalID":0,"Type":"dropdown","Value":"Dust resistant,Water resistant,Waterproof","CategoryFeatureId":"94550","CategoryFeatureGroupID":"16293","SortNo":"0","PresentationValue":"Dust resistant, Water resistant, Waterproof","RawValue":"Dust resistant,Water resistant,Waterproof","LocalValue":"Dust resistant, Water resistant, Waterproof","Description":"Physical effects from which the product is protected e.g. water resistant, crash proof.","Mandatory":"0","Searchable":"0","Optional":"0","Feature":{"ID":"8072","Sign":"","Measure":{"ID":"29","Sign":"","Signs":{"ID":"","_":"","Language":"EN"}},"Name":{"Value":"Protection features","Language":"EN"}}},{"Localized":0,"ID":681894629,"LocalID":0,"Type":"dropdown","Value":"IP6X","CategoryFeatureId":"95621","CategoryFeatureGroupID":"16293","SortNo":"0","PresentationValue":"IP6X","RawValue":"IP6X","LocalValue":"IP6X","Description":"The IP code classifies and rates the degree of protection provided against the intrusion (including body parts such as hands and fingers), dust, accidental contact, and water by mechanical casings and electrical enclosures. It is published by the International Electrotechnical Commission (IEC). The digits (characteristic numerals) indicate conformity with the conditions summarized in the tables below. Where there is no protection rating with regard to one of the criteria, the digit is replaced with the letter X. an electrical socket rated IP22 is protected against insertion of fingers and will not be damaged or become unsafe during a specified test in which it is exposed to vertically or nearly vertically dripping water. Another example is the Sony Xperia Z Ultra, one of the first cellular phones to be IP-rated; it is rated at IP58 and marketed as \"dust resistant\" and can be \"immersed in 1.5 meter of freshwater for up to 30 minutes\".","Mandatory":"0","Searchable":"0","Optional":"0","Feature":{"ID":"7900","Sign":"","Measure":{"ID":"29","Sign":"","Signs":{"ID":"","_":"","Language":"EN"}},"Name":{"Value":"International Protection (IP) code","Language":"EN"}}},{"Localized":0,"ID":681894745,"LocalID":0,"Type":"y_n","Value":"Y","CategoryFeatureId":"140699","CategoryFeatureGroupID":"16293","SortNo":"0","PresentationValue":"Yes","RawValue":"Y","LocalValue":"Yes","Description":"","Mandatory":"0","Searchable":"0","Optional":"0","Feature":{"ID":"23080","Sign":"","Measure":{"ID":"26","Sign":"","Signs":{"ID":"","_":"","Language":"EN"}},"Name":{"Value":"Removable strap","Language":"EN"}}},{"Localized":0,"ID":681894815,"LocalID":0,"Type":"y_n","Value":"Y","CategoryFeatureId":"294711","CategoryFeatureGroupID":"16293","SortNo":"0","PresentationValue":"Yes","RawValue":"Y","LocalValue":"Yes","Description":"","Mandatory":"0","Searchable":"0","Optional":"0","Feature":{"ID":"37839","Sign":"","Measure":{"ID":"26","Sign":"","Signs":{"ID":"","_":"","Language":"EN"}},"Name":{"Value":"Magnetic charging connector","Language":"EN"}}},{"Localized":0,"ID":681894597,"LocalID":0,"Type":"numerical","Value":"100","CategoryFeatureId":"101561","CategoryFeatureGroupID":"16293","SortNo":"-7","PresentationValue":"100 m","RawValue":"100","LocalValue":"100","Description":"","Mandatory":"0","Searchable":"0","Optional":"0","Feature":{"ID":"5197","Sign":"","Measure":{"ID":"54","Sign":"","Signs":{"ID":"37","_":"m","Language":"EN"}},"Name":{"Value":"Waterproof up to","Language":"EN"}}},{"Localized":0,"ID":681894734,"LocalID":0,"Type":"dropdown","Value":"10","CategoryFeatureId":"591391","CategoryFeatureGroupID":"16293","SortNo":"-7","PresentationValue":"10 ATM","RawValue":"10","LocalValue":"10","Description":"","Mandatory":"0","Searchable":"0","Optional":"0","Feature":{"ID":"18048","Sign":"","Measure":{"ID":"267","Sign":"","Signs":{"ID":"16202","_":"ATM","Language":"EN"}},"Name":{"Value":"Water resistance","Language":"EN"}}},{"Localized":0,"ID":681894484,"LocalID":0,"Type":"textarea","Value":"EN13319 certified","CategoryFeatureId":"85309","CategoryFeatureGroupID":"16293","SortNo":"-100","PresentationValue":"EN13319 certified","RawValue":"EN13319 certified","LocalValue":"EN13319 certified","Description":"","Mandatory":"0","Searchable":"0","Optional":"0","Feature":{"ID":"249","Sign":"","Measure":{"ID":"29","Sign":"","Signs":{"ID":"","_":"","Language":"EN"}},"Name":{"Value":"Certification","Language":"EN"}}}]},{"ID":34567,"SortNo":"20","FeatureGroup":{"ID":"184","Name":{"Value":"Performance","Language":"EN"}},"Features":[{"Localized":0,"ID":681894563,"LocalID":0,"Type":"y_n","Value":"N","CategoryFeatureId":"94697","CategoryFeatureGroupID":"34567","SortNo":"800","PresentationValue":"No","RawValue":"N","LocalValue":"No","Description":"Frequency-modulated (FM) radio gives the clearest reception of any radio band. When used with a headset, it delivers stereo-like sound.","Mandatory":"1","Searchable":"0","Optional":"0","Feature":{"ID":"2172","Sign":"","Measure":{"ID":"26","Sign":"","Signs":{"ID":"","_":"","Language":"EN"}},"Name":{"Value":"FM radio","Language":"EN"}}},{"Localized":0,"ID":681894643,"LocalID":0,"Type":"multi_dropdown","Value":"iOS","CategoryFeatureId":"85310","CategoryFeatureGroupID":"34567","SortNo":"600","PresentationValue":"iOS","RawValue":"iOS","LocalValue":"iOS","Description":"The operating systems e.g. Android, iOS, that can be used with the mobile device.","Mandatory":"0","Searchable":"0","Optional":"0","Feature":{"ID":"8956","Sign":"","Measure":{"ID":"29","Sign":"","Signs":{"ID":"","_":"","Language":"EN"}},"Name":{"Value":"Mobile operating systems supported","Language":"EN"}}},{"Localized":0,"ID":681894578,"LocalID":0,"Type":"dropdown","Value":"watchOS 11","CategoryFeatureId":"85311","CategoryFeatureGroupID":"34567","SortNo":"590","PresentationValue":"watchOS 11","RawValue":"watchOS 11","LocalValue":"watchOS 11","Description":"Type of operating system on a device e.g. IOS on Apple devices, Android for mobile devices.","Mandatory":"0","Searchable":"0","Optional":"0","Feature":{"ID":"3233","Sign":"","Measure":{"ID":"29","Sign":"","Signs":{"ID":"","_":"","Language":"EN"}},"Name":{"Value":"Operating system installed","Language":"EN"}}},{"Localized":0,"ID":681894614,"LocalID":0,"Type":"numerical","Value":"64","CategoryFeatureId":"85308","CategoryFeatureGroupID":"34567","SortNo":"490","PresentationValue":"64 GB","RawValue":"64","LocalValue":"64","Description":"","Mandatory":"0","Searchable":"0","Optional":"0","Feature":{"ID":"6791","Sign":"","Measure":{"ID":"20","Sign":"","Signs":{"ID":"7","_":"GB","Language":"EN"}},"Name":{"Value":"Flash memory","Language":"EN"}}},{"Localized":0,"ID":681894516,"LocalID":0,"Type":"dropdown","Value":"Apple","CategoryFeatureId":"85321","CategoryFeatureGroupID":"34567","SortNo":"450","PresentationValue":"Apple","RawValue":"Apple","LocalValue":"Apple","Description":"The manufacturer that produced the processor.","Mandatory":"0","Searchable":"0","Optional":"0","Feature":{"ID":"1013","Sign":"","Measure":{"ID":"29","Sign":"","Signs":{"ID":"","_":"","Language":"EN"}},"Name":{"Value":"Processor manufacturer","Language":"EN"}}},{"Localized":0,"ID":681894480,"LocalID":0,"Type":"dropdown","Value":"S9","CategoryFeatureId":"85323","CategoryFeatureGroupID":"34567","SortNo":"448","PresentationValue":"S9","RawValue":"S9","LocalValue":"S9","Description":"The model number for the processor in a computer.","Mandatory":"0","Searchable":"0","Optional":"0","Feature":{"ID":"47","Sign":"","Measure":{"ID":"29","Sign":"","Signs":{"ID":"","_":"","Language":"EN"}},"Name":{"Value":"Processor model","Language":"EN"}}},{"Localized":0,"ID":681894606,"LocalID":0,"Type":"numerical","Value":"2","CategoryFeatureId":"109757","CategoryFeatureGroupID":"34567","SortNo":"442","PresentationValue":"2","RawValue":"2","LocalValue":"2","Description":"The number of central processing units ('cores') in a processor. Some processors have 1 core, others have 2 (e.g. Intel Core Duo) or more (e.g. the Intel Xeon E7-2850 has 10 cores).","Mandatory":"0","Searchable":"0","Optional":"0","Feature":{"ID":"6089","Sign":"","Measure":{"ID":"29","Sign":"","Signs":{"ID":"","_":"","Language":"EN"}},"Name":{"Value":"Processor cores","Language":"EN"}}},{"Localized":0,"ID":681894603,"LocalID":0,"Type":"y_n","Value":"Y","CategoryFeatureId":"270638","CategoryFeatureGroupID":"34567","SortNo":"440","PresentationValue":"Yes","RawValue":"Y","LocalValue":"Yes","Description":"The use of processors that have datapath widths, integer size, and memory addresses widths of 64 bits (eight octets). In 2003 64-bit CPUs were introduced to the (previously 32-bit) mainstream personal computer arena in the form of the x86-64 and 64-bit PowerPC processor architectures and in 2012 even into the ARM architecture targeting smartphones and tablet computers, first sold on September 20, 2013 in the iPhone 5S powered by the ARMv8-A Apple A7 SoC.","Mandatory":"0","Searchable":"0","Optional":"0","Feature":{"ID":"6088","Sign":"","Measure":{"ID":"26","Sign":"","Signs":{"ID":"","_":"","Language":"EN"}},"Name":{"Value":"64-bit computing","Language":"EN"}}},{"Localized":0,"ID":681894728,"LocalID":0,"Type":"y_n","Value":"Y","CategoryFeatureId":"967677","CategoryFeatureGroupID":"34567","SortNo":"440","PresentationValue":"Yes","RawValue":"Y","LocalValue":"Yes","Description":"","Mandatory":"0","Searchable":"0","Optional":"0","Feature":{"ID":"17981","Sign":"","Measure":{"ID":"26","Sign":"","Signs":{"ID":"","_":"","Language":"EN"}},"Name":{"Value":"Coprocessor","Language":"EN"}}},{"Localized":0,"ID":681894738,"LocalID":0,"Type":"dropdown","Value":"Neural Engine","CategoryFeatureId":"967678","CategoryFeatureGroupID":"34567","SortNo":"439","PresentationValue":"Neural Engine","RawValue":"Neural Engine","LocalValue":"Neural Engine","Description":"","Mandatory":"0","Searchable":"0","Optional":"0","Feature":{"ID":"18116","Sign":"","Measure":{"ID":"29","Sign":"","Signs":{"ID":"","_":"","Language":"EN"}},"Name":{"Value":"Coprocessor model","Language":"EN"}}},{"Localized":0,"ID":681894731,"LocalID":0,"Type":"numerical","Value":"4","CategoryFeatureId":"967679","CategoryFeatureGroupID":"34567","SortNo":"438","PresentationValue":"4","RawValue":"4","LocalValue":"4","Description":"","Mandatory":"0","Searchable":"0","Optional":"0","Feature":{"ID":"17983","Sign":"","Measure":{"ID":"29","Sign":"","Signs":{"ID":"","_":"","Language":"EN"}},"Name":{"Value":"Coprocessor cores","Language":"EN"}}},{"Localized":0,"ID":681894787,"LocalID":0,"Type":"dropdown","Value":"W3","CategoryFeatureId":"224673","CategoryFeatureGroupID":"34567","SortNo":"430","PresentationValue":"W3","RawValue":"W3","LocalValue":"W3","Description":"","Mandatory":"0","Searchable":"0","Optional":"0","Feature":{"ID":"33650","Sign":"","Measure":{"ID":"29","Sign":"","Signs":{"ID":"","_":"","Language":"EN"}},"Name":{"Value":"Wireless chipset","Language":"EN"}}},{"Localized":0,"ID":681894519,"LocalID":0,"Type":"y_n","Value":"Y","CategoryFeatureId":"85355","CategoryFeatureGroupID":"34567","SortNo":"50","PresentationValue":"Yes","RawValue":"Y","LocalValue":"Yes","Description":"Microphone that is found inside the product.","Mandatory":"1","Searchable":"1","Optional":"0","Feature":{"ID":"1025","Sign":"","Measure":{"ID":"26","Sign":"","Signs":{"ID":"","_":"","Language":"EN"}},"Name":{"Value":"Built-in microphone","Language":"EN"}}},{"Localized":0,"ID":681894571,"LocalID":0,"Type":"y_n","Value":"Y","CategoryFeatureId":"85365","CategoryFeatureGroupID":"34567","SortNo":"45","PresentationValue":"Yes","RawValue":"Y","LocalValue":"Yes","Description":"The device contains speaker(s) to produce sound.","Mandatory":"1","Searchable":"1","Optional":"0","Feature":{"ID":"2433","Sign":"","Measure":{"ID":"26","Sign":"","Signs":{"ID":"","_":"","Language":"EN"}},"Name":{"Value":"Built-in speaker(s)","Language":"EN"}}},{"Localized":0,"ID":681894636,"LocalID":0,"Type":"y_n","Value":"N","CategoryFeatureId":"95509","CategoryFeatureGroupID":"34567","SortNo":"30","PresentationValue":"No","RawValue":"N","LocalValue":"No","Description":"The product has an integrated camera.","Mandatory":"1","Searchable":"1","Optional":"0","Feature":{"ID":"8074","Sign":"","Measure":{"ID":"26","Sign":"","Signs":{"ID":"","_":"","Language":"EN"}},"Name":{"Value":"Built-in camera","Language":"EN"}}},{"Localized":0,"ID":681894873,"LocalID":0,"Type":"y_n","Value":"Y","CategoryFeatureId":"926813","CategoryFeatureGroupID":"34567","SortNo":"5","PresentationValue":"Yes","RawValue":"Y","LocalValue":"Yes","Description":"","Mandatory":"0","Searchable":"0","Optional":"0","Feature":{"ID":"45953","Sign":"","Measure":{"ID":"26","Sign":"","Signs":{"ID":"","_":"","Language":"EN"}},"Name":{"Value":"Crash detection","Language":"EN"}}},{"Localized":0,"ID":681894823,"LocalID":0,"Type":"y_n","Value":"Y","CategoryFeatureId":"926814","CategoryFeatureGroupID":"34567","SortNo":"4","PresentationValue":"Yes","RawValue":"Y","LocalValue":"Yes","Description":"","Mandatory":"0","Searchable":"0","Optional":"0","Feature":{"ID":"39896","Sign":"","Measure":{"ID":"26","Sign":"","Signs":{"ID":"","_":"","Language":"EN"}},"Name":{"Value":"Fall detection","Language":"EN"}}},{"Localized":0,"ID":681894896,"LocalID":0,"Type":"y_n","Value":"Y","CategoryFeatureId":"967684","CategoryFeatureGroupID":"34567","SortNo":"0","PresentationValue":"Yes","RawValue":"Y","LocalValue":"Yes","Description":"","Mandatory":"0","Searchable":"0","Optional":"0","Feature":{"ID":"48322","Sign":"","Measure":{"ID":"26","Sign":"","Signs":{"ID":"","_":"","Language":"EN"}},"Name":{"Value":"Noise monitoring","Language":"EN"}}},{"Localized":0,"ID":681894902,"LocalID":0,"Type":"y_n","Value":"Y","CategoryFeatureId":"967685","CategoryFeatureGroupID":"34567","SortNo":"0","PresentationValue":"Yes","RawValue":"Y","LocalValue":"Yes","Description":"","Mandatory":"0","Searchable":"0","Optional":"0","Feature":{"ID":"48323","Sign":"","Measure":{"ID":"26","Sign":"","Signs":{"ID":"","_":"","Language":"EN"}},"Name":{"Value":"Backtrack","Language":"EN"}}}]},{"ID":26690,"SortNo":"12","FeatureGroup":{"ID":"185","Name":{"Value":"Features","Language":"EN"}},"Features":[{"Localized":0,"ID":681894863,"LocalID":0,"Type":"dropdown","Value":"Accessibility Shortcut,AssistiveTouch,Audio Volume Balance,Auto Transcription,Auto-Answer Calls,Bold Text,Button Click Speed,Color Filters,Hourly Chimes,Increase Contrast,Live Speech,Mono Audio,On/Off Labels,Personal Voice,RTT Support,Reduce Motion,Reduce Transparency,Taptic Time,Text Size,Touch Accommodations,Type to Siri,VoiceOver,Zoom","CategoryFeatureId":"967686","CategoryFeatureGroupID":"26690","SortNo":"1500","PresentationValue":"Accessibility Shortcut, AssistiveTouch, Audio Volume Balance, Auto Transcription, Auto-Answer Calls, Bold Text, Button Click Speed, Color Filters, Hourly Chimes, Increase Contrast, Live Speech, Mono Audio, On/Off Labels, Personal Voice, RTT Support, Reduce Motion, Reduce Transparency, Taptic Time, Text Size, Touch Accommodations, Type to Siri, VoiceOver, Zoom","RawValue":"Accessibility Shortcut,AssistiveTouch,Audio Volume Balance,Auto Transcription,Auto-Answer Calls,Bold Text,Button Click Speed,Color Filters,Hourly Chimes,Increase Contrast,Live Speech,Mono Audio,On/Off Labels,Personal Voice,RTT Support,Reduce Motion,Reduce Transparency,Taptic Time,Text Size,Touch Accommodations,Type to Siri,VoiceOver,Zoom","LocalValue":"Accessibility Shortcut, AssistiveTouch, Audio Volume Balance, Auto Transcription, Auto-Answer Calls, Bold Text, Button Click Speed, Color Filters, Hourly Chimes, Increase Contrast, Live Speech, Mono Audio, On/Off Labels, Personal Voice, RTT Support, Reduce Motion, Reduce Transparency, Taptic Time, Text Size, Touch Accommodations, Type to Siri, VoiceOver, Zoom","Description":"","Mandatory":"0","Searchable":"0","Optional":"0","Feature":{"ID":"43091","Sign":"","Measure":{"ID":"29","Sign":"","Signs":{"ID":"","_":"","Language":"EN"}},"Name":{"Value":"Accessibility features","Language":"EN"}}},{"Localized":0,"ID":681894610,"LocalID":0,"Type":"y_n","Value":"Y","CategoryFeatureId":"122840","CategoryFeatureGroupID":"26690","SortNo":"1000","PresentationValue":"Yes","RawValue":"Y","LocalValue":"Yes","Description":"","Mandatory":"1","Searchable":"0","Optional":"0","Feature":{"ID":"6702","Sign":"","Measure":{"ID":"26","Sign":"","Signs":{"ID":"","_":"","Language":"EN"}},"Name":{"Value":"Heart rate monitor","Language":"EN"}}},{"Localized":0,"ID":681894807,"LocalID":0,"Type":"multi_dropdown","Value":"Electrical,Optical","CategoryFeatureId":"270640","CategoryFeatureGroupID":"26690","SortNo":"997","PresentationValue":"Electrical, Optical","RawValue":"Electrical,Optical","LocalValue":"Electrical, Optical","Description":"","Mandatory":"0","Searchable":"0","Optional":"0","Feature":{"ID":"37164","Sign":"","Measure":{"ID":"29","Sign":"","Signs":{"ID":"","_":"","Language":"EN"}},"Name":{"Value":"Heart rate sensor type","Language":"EN"}}},{"Localized":0,"ID":681894844,"LocalID":0,"Type":"y_n","Value":"Y","CategoryFeatureId":"595164","CategoryFeatureGroupID":"26690","SortNo":"979","PresentationValue":"Yes","RawValue":"Y","LocalValue":"Yes","Description":"","Mandatory":"0","Searchable":"0","Optional":"0","Feature":{"ID":"42444","Sign":"","Measure":{"ID":"26","Sign":"","Signs":{"ID":"","_":"","Language":"EN"}},"Name":{"Value":"Blood oxygen sensor","Language":"EN"}}},{"Localized":0,"ID":681894888,"LocalID":0,"Type":"y_n","Value":"Y","CategoryFeatureId":"967680","CategoryFeatureGroupID":"26690","SortNo":"970","PresentationValue":"Yes","RawValue":"Y","LocalValue":"Yes","Description":"","Mandatory":"0","Searchable":"0","Optional":"0","Feature":{"ID":"48320","Sign":"","Measure":{"ID":"26","Sign":"","Signs":{"ID":"","_":"","Language":"EN"}},"Name":{"Value":"Depth gauge sensor","Language":"EN"}}},{"Localized":0,"ID":681894893,"LocalID":0,"Type":"y_n","Value":"Y","CategoryFeatureId":"967681","CategoryFeatureGroupID":"26690","SortNo":"969","PresentationValue":"Yes","RawValue":"Y","LocalValue":"Yes","Description":"","Mandatory":"0","Searchable":"0","Optional":"0","Feature":{"ID":"48321","Sign":"","Measure":{"ID":"26","Sign":"","Signs":{"ID":"","_":"","Language":"EN"}},"Name":{"Value":"Sleep apnea detection","Language":"EN"}}},{"Localized":0,"ID":681894660,"LocalID":0,"Type":"y_n","Value":"Y","CategoryFeatureId":"85349","CategoryFeatureGroupID":"26690","SortNo":"750","PresentationValue":"Yes","RawValue":"Y","LocalValue":"Yes","Description":"","Mandatory":"0","Searchable":"0","Optional":"0","Feature":{"ID":"9731","Sign":"","Measure":{"ID":"26","Sign":"","Signs":{"ID":"","_":"","Language":"EN"}},"Name":{"Value":"Accelerometer","Language":"EN"}}},{"Localized":0,"ID":681894664,"LocalID":0,"Type":"y_n","Value":"Y","CategoryFeatureId":"122839","CategoryFeatureGroupID":"26690","SortNo":"730","PresentationValue":"Yes","RawValue":"Y","LocalValue":"Yes","Description":"","Mandatory":"0","Searchable":"0","Optional":"0","Feature":{"ID":"9732","Sign":"","Measure":{"ID":"26","Sign":"","Signs":{"ID":"","_":"","Language":"EN"}},"Name":{"Value":"Gyroscope","Language":"EN"}}},{"Localized":0,"ID":681894805,"LocalID":0,"Type":"y_n","Value":"Y","CategoryFeatureId":"257982","CategoryFeatureGroupID":"26690","SortNo":"600","PresentationValue":"Yes","RawValue":"Y","LocalValue":"Yes","Description":"","Mandatory":"0","Searchable":"0","Optional":"0","Feature":{"ID":"36666","Sign":"","Measure":{"ID":"29","Sign":"","Signs":{"ID":"","_":"","Language":"EN"}},"Name":{"Value":"Activity tracker","Language":"EN"}}},{"Localized":0,"ID":681894764,"LocalID":0,"Type":"y_n","Value":"Y","CategoryFeatureId":"234753","CategoryFeatureGroupID":"26690","SortNo":"580","PresentationValue":"Yes","RawValue":"Y","LocalValue":"Yes","Description":"","Mandatory":"0","Searchable":"0","Optional":"0","Feature":{"ID":"25442","Sign":"","Measure":{"ID":"26","Sign":"","Signs":{"ID":"","_":"","Language":"EN"}},"Name":{"Value":"Multisport mode","Language":"EN"}}},{"Localized":0,"ID":681894768,"LocalID":0,"Type":"y_n","Value":"Y","CategoryFeatureId":"234762","CategoryFeatureGroupID":"26690","SortNo":"570","PresentationValue":"Yes","RawValue":"Y","LocalValue":"Yes","Description":"","Mandatory":"0","Searchable":"0","Optional":"0","Feature":{"ID":"26791","Sign":"","Measure":{"ID":"26","Sign":"","Signs":{"ID":"","_":"","Language":"EN"}},"Name":{"Value":"Quality of sleep","Language":"EN"}}},{"Localized":0,"ID":681894875,"LocalID":0,"Type":"y_n","Value":"Y","CategoryFeatureId":"940600","CategoryFeatureGroupID":"26690","SortNo":"15","PresentationValue":"Yes","RawValue":"Y","LocalValue":"Yes","Description":"","Mandatory":"0","Searchable":"0","Optional":"0","Feature":{"ID":"47127","Sign":"","Measure":{"ID":"26","Sign":"","Signs":{"ID":"","_":"","Language":"EN"}},"Name":{"Value":"Double tap gesture","Language":"EN"}}},{"Localized":0,"ID":681894878,"LocalID":0,"Type":"y_n","Value":"Y","CategoryFeatureId":"940601","CategoryFeatureGroupID":"26690","SortNo":"15","PresentationValue":"Yes","RawValue":"Y","LocalValue":"Yes","Description":"","Mandatory":"0","Searchable":"0","Optional":"0","Feature":{"ID":"47128","Sign":"","Measure":{"ID":"26","Sign":"","Signs":{"ID":"","_":"","Language":"EN"}},"Name":{"Value":"Precision Finding","Language":"EN"}}},{"Localized":0,"ID":681894881,"LocalID":0,"Type":"y_n","Value":"Y","CategoryFeatureId":"940602","CategoryFeatureGroupID":"26690","SortNo":"15","PresentationValue":"Yes","RawValue":"Y","LocalValue":"Yes","Description":"","Mandatory":"0","Searchable":"0","Optional":"0","Feature":{"ID":"47129","Sign":"","Measure":{"ID":"26","Sign":"","Signs":{"ID":"","_":"","Language":"EN"}},"Name":{"Value":"Irregular rhythm notifications","Language":"EN"}}},{"Localized":0,"ID":681894886,"LocalID":0,"Type":"y_n","Value":"Y","CategoryFeatureId":"940603","CategoryFeatureGroupID":"26690","SortNo":"15","PresentationValue":"Yes","RawValue":"Y","LocalValue":"Yes","Description":"","Mandatory":"0","Searchable":"0","Optional":"0","Feature":{"ID":"47130","Sign":"","Measure":{"ID":"26","Sign":"","Signs":{"ID":"","_":"","Language":"EN"}},"Name":{"Value":"Low cardio notifications","Language":"EN"}}},{"Localized":0,"ID":681894826,"LocalID":0,"Type":"y_n","Value":"Y","CategoryFeatureId":"712542","CategoryFeatureGroupID":"26690","SortNo":"9","PresentationValue":"Yes","RawValue":"Y","LocalValue":"Yes","Description":"","Mandatory":"0","Searchable":"0","Optional":"0","Feature":{"ID":"39897","Sign":"","Measure":{"ID":"26","Sign":"","Signs":{"ID":"","_":"","Language":"EN"}},"Name":{"Value":"SOS alert function","Language":"EN"}}},{"Localized":0,"ID":681894639,"LocalID":0,"Type":"y_n","Value":"Y","CategoryFeatureId":"122838","CategoryFeatureGroupID":"26690","SortNo":"0","PresentationValue":"Yes","RawValue":"Y","LocalValue":"Yes","Description":"","Mandatory":"0","Searchable":"0","Optional":"0","Feature":{"ID":"8720","Sign":"","Measure":{"ID":"26","Sign":"","Signs":{"ID":"","_":"","Language":"EN"}},"Name":{"Value":"Ambient light sensor","Language":"EN"}}},{"Localized":0,"ID":681894752,"LocalID":0,"Type":"y_n","Value":"Y","CategoryFeatureId":"206767","CategoryFeatureGroupID":"26690","SortNo":"0","PresentationValue":"Yes","RawValue":"Y","LocalValue":"Yes","Description":"","Mandatory":"0","Searchable":"0","Optional":"0","Feature":{"ID":"23802","Sign":"","Measure":{"ID":"26","Sign":"","Signs":{"ID":"","_":"","Language":"EN"}},"Name":{"Value":"E-mail","Language":"EN"}}},{"Localized":0,"ID":681894781,"LocalID":0,"Type":"dropdown","Value":"Apple Siri","CategoryFeatureId":"234756","CategoryFeatureGroupID":"26690","SortNo":"0","PresentationValue":"Apple Siri","RawValue":"Apple Siri","LocalValue":"Apple Siri","Description":"Depending on the make of the device, a different application is pre-installed that can understand voice commands and complete tasks for a user, e.g. Apple Siri, Amazon Alexa.","Mandatory":"0","Searchable":"0","Optional":"0","Feature":{"ID":"31445","Sign":"","Measure":{"ID":"29","Sign":"","Signs":{"ID":"","_":"","Language":"EN"}},"Name":{"Value":"Virtual assistant","Language":"EN"}}},{"Localized":0,"ID":681894812,"LocalID":0,"Type":"y_n","Value":"Y","CategoryFeatureId":"270641","CategoryFeatureGroupID":"26690","SortNo":"0","PresentationValue":"Yes","RawValue":"Y","LocalValue":"Yes","Description":"","Mandatory":"0","Searchable":"0","Optional":"0","Feature":{"ID":"37165","Sign":"","Measure":{"ID":"26","Sign":"","Signs":{"ID":"","_":"","Language":"EN"}},"Name":{"Value":"Haptic feedback","Language":"EN"}}},{"Localized":0,"ID":681894558,"LocalID":0,"Type":"y_n","Value":"Y","CategoryFeatureId":"317542","CategoryFeatureGroupID":"26690","SortNo":"0","PresentationValue":"Yes","RawValue":"Y","LocalValue":"Yes","Description":"Electronic instrument used for navigation that shows directions in a frame of reference (north, south, east, west) that is stationary relative to the surface of the earth.","Mandatory":"0","Searchable":"0","Optional":"0","Feature":{"ID":"1733","Sign":"","Measure":{"ID":"26","Sign":"","Signs":{"ID":"","_":"","Language":"EN"}},"Name":{"Value":"Electronic compass","Language":"EN"}}},{"Localized":0,"ID":681894869,"LocalID":0,"Type":"y_n","Value":"Y","CategoryFeatureId":"712540","CategoryFeatureGroupID":"26690","SortNo":"0","PresentationValue":"Yes","RawValue":"Y","LocalValue":"Yes","Description":"","Mandatory":"0","Searchable":"0","Optional":"0","Feature":{"ID":"43799","Sign":"","Measure":{"ID":"26","Sign":"","Signs":{"ID":"","_":"","Language":"EN"}},"Name":{"Value":"Skin temperature sensor","Language":"EN"}}},{"Localized":0,"ID":681894554,"LocalID":0,"Type":"y_n","Value":"Y","CategoryFeatureId":"891286","CategoryFeatureGroupID":"26690","SortNo":"0","PresentationValue":"Yes","RawValue":"Y","LocalValue":"Yes","Description":"Alarms that make a sound when they are activated (set off).","Mandatory":"0","Searchable":"0","Optional":"0","Feature":{"ID":"1725","Sign":"","Measure":{"ID":"26","Sign":"","Signs":{"ID":"","_":"","Language":"EN"}},"Name":{"Value":"Audible alarm(s)","Language":"EN"}}},{"Localized":0,"ID":681894701,"LocalID":0,"Type":"y_n","Value":"Y","CategoryFeatureId":"891316","CategoryFeatureGroupID":"26690","SortNo":"0","PresentationValue":"Yes","RawValue":"Y","LocalValue":"Yes","Description":"","Mandatory":"0","Searchable":"0","Optional":"0","Feature":{"ID":"16155","Sign":"","Measure":{"ID":"26","Sign":"","Signs":{"ID":"","_":"","Language":"EN"}},"Name":{"Value":"Training programming","Language":"EN"}}},{"Localized":0,"ID":681894715,"LocalID":0,"Type":"multi_dropdown","Value":"Cycling,Diving,Golf,Hiking,Pilates,Rowing,Running,Skiing,Swimming,Walking,Yoga","CategoryFeatureId":"891321","CategoryFeatureGroupID":"26690","SortNo":"0","PresentationValue":"Cycling, Diving, Golf, Hiking, Pilates, Rowing, Running, Skiing, Swimming, Walking, Yoga","RawValue":"Cycling,Diving,Golf,Hiking,Pilates,Rowing,Running,Skiing,Swimming,Walking,Yoga","LocalValue":"Cycling, Diving, Golf, Hiking, Pilates, Rowing, Running, Skiing, Swimming, Walking, Yoga","Description":"","Mandatory":"0","Searchable":"0","Optional":"0","Feature":{"ID":"17052","Sign":"","Measure":{"ID":"29","Sign":"","Signs":{"ID":"","_":"","Language":"EN"}},"Name":{"Value":"Recommended activity","Language":"EN"}}},{"Localized":0,"ID":681894765,"LocalID":0,"Type":"y_n","Value":"Y","CategoryFeatureId":"891335","CategoryFeatureGroupID":"26690","SortNo":"0","PresentationValue":"Yes","RawValue":"Y","LocalValue":"Yes","Description":"","Mandatory":"0","Searchable":"0","Optional":"0","Feature":{"ID":"25446","Sign":"","Measure":{"ID":"26","Sign":"","Signs":{"ID":"","_":"","Language":"EN"}},"Name":{"Value":"Virtual pacer function","Language":"EN"}}},{"Localized":0,"ID":681894772,"LocalID":0,"Type":"y_n","Value":"Y","CategoryFeatureId":"891340","CategoryFeatureGroupID":"26690","SortNo":"0","PresentationValue":"Yes","RawValue":"Y","LocalValue":"Yes","Description":"","Mandatory":"0","Searchable":"0","Optional":"0","Feature":{"ID":"26792","Sign":"","Measure":{"ID":"26","Sign":"","Signs":{"ID":"","_":"","Language":"EN"}},"Name":{"Value":"Workout tracking","Language":"EN"}}},{"Localized":0,"ID":681894617,"LocalID":0,"Type":"y_n","Value":"Y","CategoryFeatureId":"926907","CategoryFeatureGroupID":"26690","SortNo":"0","PresentationValue":"Yes","RawValue":"Y","LocalValue":"Yes","Description":"","Mandatory":"0","Searchable":"0","Optional":"0","Feature":{"ID":"7512","Sign":"","Measure":{"ID":"26","Sign":"","Signs":{"ID":"","_":"","Language":"EN"}},"Name":{"Value":"Water temperature sensor","Language":"EN"}}},{"Localized":0,"ID":681894625,"LocalID":0,"Type":"y_n","Value":"Y","CategoryFeatureId":"186993","CategoryFeatureGroupID":"26690","SortNo":"-3","PresentationValue":"Yes","RawValue":"Y","LocalValue":"Yes","Description":"","Mandatory":"0","Searchable":"0","Optional":"0","Feature":{"ID":"7608","Sign":"","Measure":{"ID":"29","Sign":"","Signs":{"ID":"","_":"","Language":"EN"}},"Name":{"Value":"Altimeter","Language":"EN"}}},{"Localized":0,"ID":681894783,"LocalID":0,"Type":"dropdown","Value":"MIL-STD-810H","CategoryFeatureId":"271050","CategoryFeatureGroupID":"26690","SortNo":"-10","PresentationValue":"MIL-STD-810H","RawValue":"MIL-STD-810H","LocalValue":"MIL-STD-810H","Description":"","Mandatory":"0","Searchable":"0","Optional":"0","Feature":{"ID":"32869","Sign":"","Measure":{"ID":"29","Sign":"","Signs":{"ID":"","_":"","Language":"EN"}},"Name":{"Value":"Military standard","Language":"EN"}}}]},{"ID":10361,"SortNo":"10","FeatureGroup":{"ID":"35","Name":{"Value":"Network","Language":"EN"}},"Features":[{"Localized":0,"ID":681894756,"LocalID":0,"Type":"y_n","Value":"Y","CategoryFeatureId":"336994","CategoryFeatureGroupID":"10361","SortNo":"105","PresentationValue":"Yes","RawValue":"Y","LocalValue":"Yes","Description":"","Mandatory":"1","Searchable":"0","Optional":"0","Feature":{"ID":"24557","Sign":"","Measure":{"ID":"26","Sign":"","Signs":{"ID":"","_":"","Language":"EN"}},"Name":{"Value":"Mobile network connection","Language":"EN"}}},{"Localized":0,"ID":681894827,"LocalID":0,"Type":"dropdown","Value":"4G","CategoryFeatureId":"336995","CategoryFeatureGroupID":"10361","SortNo":"104","PresentationValue":"4G","RawValue":"4G","LocalValue":"4G","Description":"","Mandatory":"0","Searchable":"0","Optional":"0","Feature":{"ID":"40629","Sign":"","Measure":{"ID":"29","Sign":"","Signs":{"ID":"","_":"","Language":"EN"}},"Name":{"Value":"Mobile network generation","Language":"EN"}}},{"Localized":0,"ID":681894709,"LocalID":0,"Type":"multi_dropdown","Value":"UMTS","CategoryFeatureId":"217809","CategoryFeatureGroupID":"10361","SortNo":"99","PresentationValue":"UMTS","RawValue":"UMTS","LocalValue":"UMTS","Description":"","Mandatory":"0","Searchable":"0","Optional":"0","Feature":{"ID":"16923","Sign":"","Measure":{"ID":"29","Sign":"","Signs":{"ID":"","_":"","Language":"EN"}},"Name":{"Value":"3G standards","Language":"EN"}}},{"Localized":0,"ID":681894706,"LocalID":0,"Type":"dropdown","Value":"LTE","CategoryFeatureId":"217810","CategoryFeatureGroupID":"10361","SortNo":"98","PresentationValue":"LTE","RawValue":"LTE","LocalValue":"LTE","Description":"","Mandatory":"0","Searchable":"0","Optional":"0","Feature":{"ID":"16922","Sign":"","Measure":{"ID":"29","Sign":"","Signs":{"ID":"","_":"","Language":"EN"}},"Name":{"Value":"4G standard","Language":"EN"}}},{"Localized":0,"ID":681894585,"LocalID":0,"Type":"y_n","Value":"Y","CategoryFeatureId":"94693","CategoryFeatureGroupID":"10361","SortNo":"-130","PresentationValue":"Yes","RawValue":"Y","LocalValue":"Yes","Description":"Global Positioning System (GPS) is a space-based satellite navigation system that provides location and time information in all weather conditions, anywhere on or near the Earth where there is an unobstructed line of sight to four or more GPS satellites. The system provides critical capabilities to military, civil and commercial users around the world. It is maintained by the United States government and is freely accessible to anyone with a GPS receiver.","Mandatory":"0","Searchable":"0","Optional":"0","Feature":{"ID":"3329","Sign":"","Measure":{"ID":"26","Sign":"","Signs":{"ID":"","_":"","Language":"EN"}},"Name":{"Value":"GPS (satellite)","Language":"EN"}}},{"Localized":0,"ID":681894776,"LocalID":0,"Type":"y_n","Value":"Y","CategoryFeatureId":"591390","CategoryFeatureGroupID":"10361","SortNo":"-131","PresentationValue":"Yes","RawValue":"Y","LocalValue":"Yes","Description":"","Mandatory":"0","Searchable":"0","Optional":"0","Feature":{"ID":"28694","Sign":"","Measure":{"ID":"26","Sign":"","Signs":{"ID":"","_":"","Language":"EN"}},"Name":{"Value":"BeiDou","Language":"EN"}}},{"Localized":0,"ID":681894695,"LocalID":0,"Type":"y_n","Value":"Y","CategoryFeatureId":"217813","CategoryFeatureGroupID":"10361","SortNo":"-135","PresentationValue":"Yes","RawValue":"Y","LocalValue":"Yes","Description":"","Mandatory":"0","Searchable":"0","Optional":"0","Feature":{"ID":"15618","Sign":"","Measure":{"ID":"26","Sign":"","Signs":{"ID":"","_":"","Language":"EN"}},"Name":{"Value":"GLONASS","Language":"EN"}}},{"Localized":0,"ID":681894792,"LocalID":0,"Type":"y_n","Value":"Y","CategoryFeatureId":"270635","CategoryFeatureGroupID":"10361","SortNo":"-140","PresentationValue":"Yes","RawValue":"Y","LocalValue":"Yes","Description":"","Mandatory":"0","Searchable":"0","Optional":"0","Feature":{"ID":"33685","Sign":"","Measure":{"ID":"26","Sign":"","Signs":{"ID":"","_":"","Language":"EN"}},"Name":{"Value":"Galileo","Language":"EN"}}},{"Localized":0,"ID":681894797,"LocalID":0,"Type":"y_n","Value":"Y","CategoryFeatureId":"270636","CategoryFeatureGroupID":"10361","SortNo":"-145","PresentationValue":"Yes","RawValue":"Y","LocalValue":"Yes","Description":"","Mandatory":"0","Searchable":"0","Optional":"0","Feature":{"ID":"33686","Sign":"","Measure":{"ID":"26","Sign":"","Signs":{"ID":"","_":"","Language":"EN"}},"Name":{"Value":"Quasi-Zenith Satellite System (QZSS)","Language":"EN"}}}]},{"ID":9989,"SortNo":"5","FeatureGroup":{"ID":"12","Name":{"Value":"Ports & interfaces","Language":"EN"}},"Features":[{"Localized":0,"ID":681894486,"LocalID":0,"Type":"multi_dropdown","Value":"Wi-Fi 4 (802.11n)","CategoryFeatureId":"122837","CategoryFeatureGroupID":"9989","SortNo":"10000049","PresentationValue":"Wi-Fi 4 (802.11n)","RawValue":"Wi-Fi 4 (802.11n)","LocalValue":"Wi-Fi 4 (802.11n)","Description":"The type of wireless local area network (LAN). It can be ad-hoc, where units in a network communicate peer-to-peer, or Infrastructure, where units communicate with each other via an access point  A LAN interconnects computers in a small area e.g. home, school or office.","Mandatory":"0","Searchable":"0","Optional":"0","Feature":{"ID":"432","Sign":"","Measure":{"ID":"29","Sign":"","Signs":{"ID":"","_":"","Language":"EN"}},"Name":{"Value":"Wi-Fi standards","Language":"EN"}}},{"Localized":0,"ID":681894567,"LocalID":0,"Type":"y_n","Value":"Y","CategoryFeatureId":"94696","CategoryFeatureGroupID":"9989","SortNo":"10000045","PresentationValue":"Yes","RawValue":"Y","LocalValue":"Yes","Description":"Bluetooth is a low-power radio technology developed to replace the cables and wires currently used to link or connect electronic devices such as personal computers, printers, and a wide variety of handheld devices including mobile phones. Because it uses radio-wave connectivity, a Bluetooth-enabled device has a constant, established connection to whatever browser it uses. This saves the user the trouble of logging on to check for emails or news updates, for example.","Mandatory":"0","Searchable":"0","Optional":"0","Feature":{"ID":"2183","Sign":"","Measure":{"ID":"26","Sign":"","Signs":{"ID":"","_":"","Language":"EN"}},"Name":{"Value":"Bluetooth","Language":"EN"}}},{"Localized":0,"ID":681894748,"LocalID":0,"Type":"y_n","Value":"N","CategoryFeatureId":"208481","CategoryFeatureGroupID":"9989","SortNo":"100079","PresentationValue":"No","RawValue":"N","LocalValue":"No","Description":"The device features a socket into which a USB cable can be plugged.","Mandatory":"1","Searchable":"1","Optional":"0","Feature":{"ID":"23798","Sign":"","Measure":{"ID":"26","Sign":"","Signs":{"ID":"","_":"","Language":"EN"}},"Name":{"Value":"USB port","Language":"EN"}}},{"Localized":0,"ID":681894671,"LocalID":0,"Type":"y_n","Value":"Y","CategoryFeatureId":"95622","CategoryFeatureGroupID":"9989","SortNo":"100","PresentationValue":"Yes","RawValue":"Y","LocalValue":"Yes","Description":"","Mandatory":"1","Searchable":"0","Optional":"0","Feature":{"ID":"10157","Sign":"","Measure":{"ID":"26","Sign":"","Signs":{"ID":"","_":"","Language":"EN"}},"Name":{"Value":"Near Field Communication (NFC)","Language":"EN"}}},{"Localized":0,"ID":681894582,"LocalID":0,"Type":"y_n","Value":"Y","CategoryFeatureId":"94698","CategoryFeatureGroupID":"9989","SortNo":"50","PresentationValue":"Yes","RawValue":"Y","LocalValue":"Yes","Description":"Popular technology that allows an electronic device to exchange data or connect to the internet wirelessly using radio waves.","Mandatory":"1","Searchable":"1","Optional":"0","Feature":{"ID":"3239","Sign":"","Measure":{"ID":"26","Sign":"","Signs":{"ID":"","_":"","Language":"EN"}},"Name":{"Value":"Wi-Fi","Language":"EN"}}},{"Localized":0,"ID":681894529,"LocalID":0,"Type":"dropdown","Value":"5.3","CategoryFeatureId":"85356","CategoryFeatureGroupID":"9989","SortNo":"45","PresentationValue":"5.3","RawValue":"5.3","LocalValue":"5.3","Description":"The type of bluetooth technology in the product e.g. Bluetooth Smart (v4.0).","Mandatory":"1","Searchable":"1","Optional":"0","Feature":{"ID":"1208","Sign":"","Measure":{"ID":"29","Sign":"","Signs":{"ID":"","_":"","Language":"EN"}},"Name":{"Value":"Bluetooth version","Language":"EN"}}},{"Localized":0,"ID":681894590,"LocalID":0,"Type":"dropdown","Value":"Bluetooth","CategoryFeatureId":"85350","CategoryFeatureGroupID":"9989","SortNo":"25","PresentationValue":"Bluetooth","RawValue":"Bluetooth","LocalValue":"Bluetooth","Description":"How headphones connect to a device e.g. wirelessly or via a cable and connector.","Mandatory":"1","Searchable":"0","Optional":"0","Feature":{"ID":"4163","Sign":"","Measure":{"ID":"29","Sign":"","Signs":{"ID":"","_":"","Language":"EN"}},"Name":{"Value":"Headphone connectivity","Language":"EN"}}}]},{"ID":9984,"SortNo":"4","FeatureGroup":{"ID":"27","Name":{"Value":"Power","Language":"EN"}},"Features":[{"Localized":0,"ID":681894508,"LocalID":0,"Type":"dropdown","Value":"Built-in battery","CategoryFeatureId":"319967","CategoryFeatureGroupID":"9984","SortNo":"105","PresentationValue":"Built-in battery","RawValue":"Built-in battery","LocalValue":"Built-in battery","Description":"Description of battery supplied with the product, such battery form factor (e.g. AA/AAA).","Mandatory":"1","Searchable":"0","Optional":"0","Feature":{"ID":"908","Sign":"","Measure":{"ID":"29","Sign":"","Signs":{"ID":"","_":"","Language":"EN"}},"Name":{"Value":"Battery type","Language":"EN"}}},{"Localized":0,"ID":681894494,"LocalID":0,"Type":"dropdown","Value":"Lithium-Ion (Li-Ion)","CategoryFeatureId":"85333","CategoryFeatureGroupID":"9984","SortNo":"100","PresentationValue":"Lithium-Ion (Li-Ion)","RawValue":"Lithium-Ion (Li-Ion)","LocalValue":"Lithium-Ion (Li-Ion)","Description":"The type of battery in the device, e.g. nickel–cadmium (NiCd).","Mandatory":"1","Searchable":"0","Optional":"0","Feature":{"ID":"434","Sign":"","Measure":{"ID":"29","Sign":"","Signs":{"ID":"","_":"","Language":"EN"}},"Name":{"Value":"Battery technology","Language":"EN"}}},{"Localized":0,"ID":681894550,"LocalID":0,"Type":"numerical","Value":"72","CategoryFeatureId":"271071","CategoryFeatureGroupID":"9984","SortNo":"75","PresentationValue":"72 h","RawValue":"72","LocalValue":"72","Description":"Maximum battery life. Mobile Mark™ (2002) is the standard often used to benchmark battery life time.","Mandatory":"1","Searchable":"0","Optional":"0","Feature":{"ID":"1721","Sign":"","Measure":{"ID":"46","Sign":"","Signs":{"ID":"30","_":"h","Language":"EN"}},"Name":{"Value":"Battery life (max)","Language":"EN"}}},{"Localized":0,"ID":681894675,"LocalID":0,"Type":"numerical","Value":"36","CategoryFeatureId":"891361","CategoryFeatureGroupID":"9984","SortNo":"60","PresentationValue":"36 h","RawValue":"36","LocalValue":"36","Description":"The amount of time that the battery will last for.","Mandatory":"0","Searchable":"0","Optional":"0","Feature":{"ID":"10740","Sign":"","Measure":{"ID":"46","Sign":"","Signs":{"ID":"30","_":"h","Language":"EN"}},"Name":{"Value":"Battery life","Language":"EN"}}},{"Localized":0,"ID":681894688,"LocalID":0,"Type":"y_n","Value":"Y","CategoryFeatureId":"133476","CategoryFeatureGroupID":"9984","SortNo":"0","PresentationValue":"Yes","RawValue":"Y","LocalValue":"Yes","Description":"","Mandatory":"0","Searchable":"0","Optional":"0","Feature":{"ID":"12148","Sign":"","Measure":{"ID":"26","Sign":"","Signs":{"ID":"","_":"","Language":"EN"}},"Name":{"Value":"Wireless charging","Language":"EN"}}}]},{"ID":14029,"SortNo":"2","FeatureGroup":{"ID":"28","Name":{"Value":"Operational conditions","Language":"EN"}},"Features":[{"Localized":0,"ID":681894524,"LocalID":0,"Type":"range","Value":"-20 - 55","CategoryFeatureId":"129940","CategoryFeatureGroupID":"14029","SortNo":"20","PresentationValue":"-20 - 55 °C","RawValue":"-20 - 55","LocalValue":"-20 - 55","Description":"The minimum and maximum temperatures at which the product can be safely operated.","Mandatory":"0","Searchable":"0","Optional":"0","Feature":{"ID":"1112","Sign":"","Measure":{"ID":"65","Sign":"","Signs":{"ID":"48","_":"°C","Language":"EN"}},"Name":{"Value":"Operating temperature (T-T)","Language":"EN"}}},{"Localized":0,"ID":681894506,"LocalID":0,"Type":"range","Value":"-20 - 45","CategoryFeatureId":"129941","CategoryFeatureGroupID":"14029","SortNo":"18","PresentationValue":"-20 - 45 °C","RawValue":"-20 - 45","LocalValue":"-20 - 45","Description":"The minimum and maximum temperatures at which the product can be safely stored.","Mandatory":"0","Searchable":"0","Optional":"0","Feature":{"ID":"757","Sign":"","Measure":{"ID":"65","Sign":"","Signs":{"ID":"48","_":"°C","Language":"EN"}},"Name":{"Value":"Storage temperature (T-T)","Language":"EN"}}},{"Localized":0,"ID":681894502,"LocalID":0,"Type":"range","Value":"5 - 90","CategoryFeatureId":"129942","CategoryFeatureGroupID":"14029","SortNo":"15","PresentationValue":"5 - 90%","RawValue":"5 - 90","LocalValue":"5 - 90","Description":"","Mandatory":"0","Searchable":"0","Optional":"0","Feature":{"ID":"703","Sign":"","Measure":{"ID":"64","Sign":"","Signs":{"ID":"47","_":"%","Language":"EN"}},"Name":{"Value":"Operating relative humidity (H-H)","Language":"EN"}}},{"Localized":0,"ID":681894496,"LocalID":0,"Type":"range","Value":"-500 - 9000","CategoryFeatureId":"129944","CategoryFeatureGroupID":"14029","SortNo":"10","PresentationValue":"-500 - 9000 m","RawValue":"-500 - 9000","LocalValue":"-500 - 9000","Description":"","Mandatory":"0","Searchable":"0","Optional":"0","Feature":{"ID":"667","Sign":"","Measure":{"ID":"54","Sign":"","Signs":{"ID":"37","_":"m","Language":"EN"}},"Name":{"Value":"Operating altitude","Language":"EN"}}}]},{"ID":9976,"SortNo":"-3","FeatureGroup":{"ID":"14","Name":{"Value":"Weight & dimensions","Language":"EN"}},"Features":[{"Localized":0,"ID":681894542,"LocalID":0,"Type":"numerical","Value":"49","CategoryFeatureId":"85294","CategoryFeatureGroupID":"9976","SortNo":"100","PresentationValue":"49 mm","RawValue":"49","LocalValue":"49","Description":"The measurement or extent of something from side to side.","Mandatory":"0","Searchable":"0","Optional":"0","Feature":{"ID":"1649","Sign":"","Measure":{"ID":"24","Sign":"","Signs":{"ID":"3","_":"mm","Language":"EN"}},"Name":{"Value":"Width","Language":"EN"}}},{"Localized":0,"ID":681894545,"LocalID":0,"Type":"numerical","Value":"44","CategoryFeatureId":"85299","CategoryFeatureGroupID":"9976","SortNo":"99","PresentationValue":"44 mm","RawValue":"44","LocalValue":"44","Description":"The distance from the front to the back of something.","Mandatory":"0","Searchable":"0","Optional":"0","Feature":{"ID":"1650","Sign":"","Measure":{"ID":"24","Sign":"","Signs":{"ID":"3","_":"mm","Language":"EN"}},"Name":{"Value":"Depth","Language":"EN"}}},{"Localized":0,"ID":681894573,"LocalID":0,"Type":"numerical","Value":"14.4","CategoryFeatureId":"85296","CategoryFeatureGroupID":"9976","SortNo":"95","PresentationValue":"1.44 cm","RawValue":"14.4","LocalValue":"1.44","Description":"The distance through an object, as distinct from width or height.","Mandatory":"0","Searchable":"0","Optional":"0","Feature":{"ID":"2757","Sign":"","Measure":{"ID":"24","Sign":"","Signs":{"ID":"3","_":"mm","Language":"EN"}},"Name":{"Value":"Thickness","Language":"EN"}}},{"Localized":0,"ID":681990020,"LocalID":0,"Type":"numerical","Value":"61.4","CategoryFeatureId":"85297","CategoryFeatureGroupID":"9976","SortNo":"94","PresentationValue":"61.4 g","RawValue":"61.4","LocalValue":"61.4","Description":"Weight of the product without packaging (net weight). If possible, the net weight is given including standard accessories and supplies. Please note that sometimes the manufacturer leaves out the weight of accessories and/or supplies.","Mandatory":"0","Searchable":"0","Optional":"0","Feature":{"ID":"94","Sign":"","Measure":{"ID":"38","Sign":"","Signs":{"ID":"22","_":"g","Language":"EN"}},"Name":{"Value":"Weight","Language":"EN"}}}]},{"ID":75914,"SortNo":"-8","FeatureGroup":{"ID":"279","Name":{"Value":"Sustainability","Language":"EN"}},"Features":[{"Localized":0,"ID":681894855,"LocalID":0,"Type":"multi_dropdown","Value":"CarbonNeutral","CategoryFeatureId":"604209","CategoryFeatureGroupID":"75914","SortNo":"0","PresentationValue":"CarbonNeutral","RawValue":"CarbonNeutral","LocalValue":"CarbonNeutral","Description":"","Mandatory":"0","Searchable":"0","Optional":"0","Feature":{"ID":"42513","Sign":"","Measure":{"ID":"29","Sign":"","Signs":{"ID":"","_":"","Language":"EN"}},"Name":{"Value":"Sustainability certificates","Language":"EN"}}},{"Localized":0,"ID":681894858,"LocalID":0,"Type":"multi_dropdown","Value":"Arsenic,BFR,Beryllium,Mercury (element),PVC","CategoryFeatureId":"624756","CategoryFeatureGroupID":"75914","SortNo":"0","PresentationValue":"Arsenic, BFR, Beryllium, Mercury, PVC","RawValue":"Arsenic,BFR,Beryllium,Mercury (element),PVC","LocalValue":"Arsenic, BFR, Beryllium, Mercury, PVC","Description":"","Mandatory":"0","Searchable":"0","Optional":"0","Feature":{"ID":"42516","Sign":"","Measure":{"ID":"29","Sign":"","Signs":{"ID":"","_":"","Language":"EN"}},"Name":{"Value":"Doesn't contain","Language":"EN"}}}]}],"FeatureLogos":[{"LogoPic":"https://inishop.com/img/feature_logo/639-9058.png","Width":"300","Height":"300","Size":"0","ThumbPic":"https://inishop.com/img/feature_logo_thumbs/639-9058.png","FeatureID":"42513","Value":"CarbonNeutral","KeyLogo":0,"Description":{"Value":"For many businesses, Carbon Neutral status is the first step to becoming sustainable. By becoming Carbon Neutral, businesses are telling their stakeholders that they want to raise awareness about climate change and support projects whose sole focus is to avoid or eliminate CO2e. Sustainable businesses are leading the way to a better future—economically, socially and environmentally. We provide a means to take that first step toward sustainability. Metrics that best describe how well your organization performs are not quarterly reports or even annual reports. The next generation of business leaders will measure and predict the long-term effects of their decisions in terms of environmental impact.","Language":"EN"}}],"ReasonsToBuy":[{"ReasonToBuyID":"80749223","Value":"Apple Watch can do what your other devices can’t because it’s on your wrist. When you wear it, you get meaningful health insights, a fitness partner that measures all the ways you move, a connection to the people you care about most, and advanced safety features.","HighPic":"https://inishop.com/img/bullets/122427693-66e051e04d8ea823403885.jpg","HighPicSize":"0","No":"1","Title":"The ultimate device for a healthy life.","Language":"EN","Updated":"2024-09-10 16:04:16","Origin":"RTB","IsPrivate":"0"},{"ReasonToBuyID":"80749224","Value":"The Sleep app not only tracks your sleep, it helps you create a bedtime routine and schedule. See the time you spent in REM, Core, and Deep sleep, as well as when you might have woken up. And coming this month, get notified if you show signs of possible sleep apnea.","HighPic":"https://inishop.com/img/bullets/122427693-66e051e04ec20635672471.jpg","HighPicSize":"0","No":"2","Title":"You snooze. You win.","Language":"EN","Updated":"2024-09-10 16:04:16","Origin":"RTB","IsPrivate":"0"},{"ReasonToBuyID":"80749225","Value":"With the Vitals app, you can quickly see your key overnight health metrics right on your watch — including heart rate, respiratory rate, wrist temperature, and sleep duration. For a more holistic understanding of your daily health status.","HighPic":"https://inishop.com/img/bullets/122427693-66e051e04f14b066035843.jpg","HighPicSize":"0","No":"3","Title":"Better understand your daily health status.","Language":"EN","Updated":"2024-09-10 16:04:16","Origin":"RTB","IsPrivate":"0"},{"ReasonToBuyID":"80749226","Value":"Unusually high or low heart rates and irregular heart rhythms (known as arrhythmias) could be signs of a serious condition. But many people don’t recognize the symptoms, so the underlying causes often go undiagnosed. Notifications in the Heart Rate app will alert you to these irregularities so you can take action and consult your doctor.","HighPic":"https://inishop.com/img/bullets/122427693-66e051e04f4c3431188450.jpg","HighPicSize":"0","No":"4","Title":"It has your heart in mind.","Language":"EN","Updated":"2024-09-10 16:04:17","Origin":"RTB","IsPrivate":"0"},{"ReasonToBuyID":"80749227","Value":"With the ECG app, Apple Watch is capable of generating an ECG similar to a single-lead electrocardiogram. It’s a momentous achievement for a wearable device that can provide critical data for doctors and peace of mind for you.","HighPic":"https://inishop.com/img/bullets/122427693-66e051e04f8ef322616534.jpg","HighPicSize":"0","No":"5","Title":"ECG on your wrist. Anytime, anywhere.","Language":"EN","Updated":"2024-09-10 16:04:17","Origin":"RTB","IsPrivate":"0"},{"ReasonToBuyID":"80749228","Value":"Apple Watch has an innovative sensor that tracks your temperature while you sleep. Cycle Tracking uses this data to provide a retrospective estimate of when you have likely ovulated, which can be helpful for family planning.6 As always, your data is private and secure.","HighPic":"https://inishop.com/img/bullets/122427693-66e051e04fe3f251576688.jpg","HighPicSize":"0","No":"6","Title":"Understand your cycle like never before.","Language":"EN","Updated":"2024-09-10 16:04:17","Origin":"RTB","IsPrivate":"0"},{"ReasonToBuyID":"80749229","Value":"The Activity app shows your daily activity, including your active calories, total steps, and workouts completed. Customize your goals for each day of the week so you can close your rings every day. If you need to take a break, you can now put your rings on pause —while keeping your award streak going.","HighPic":"https://inishop.com/img/bullets/122427693-66e051e0503ca753258409.jpg","HighPicSize":"0","No":"7","Title":"Move. Exercise. Stand. Reach your goals, one ring at a time.","Language":"EN","Updated":"2024-09-10 16:04:17","Origin":"RTB","IsPrivate":"0"},{"ReasonToBuyID":"80749231","Value":"From strength training and HIIT to Pilates and yoga, Apple Watch offers a healthy range of ways to track your workout. And it shows your progress with advanced metrics and views like Heart Rate Zones, Power, and Elevation.","HighPic":"https://inishop.com/img/bullets/122427693-66e051e050b54947611742.jpg","HighPicSize":"0","No":"8","Title":"Measure all the ways you move.","Language":"EN","Updated":"2024-09-10 16:04:17","Origin":"RTB","IsPrivate":"0"},{"ReasonToBuyID":"80749235","Value":"Create Custom Workouts with time and distance intervals, as well as periods of warm-up, cooldown, and recovery. And see what’s coming with the Up Next workout view.","HighPic":"https://inishop.com/img/bullets/122427693-66e051e051302621742141.jpg","HighPicSize":"0","No":"9","Title":"Take your workouts to the next level.","Language":"EN","Updated":"2024-09-10 16:04:17","Origin":"RTB","IsPrivate":"0"},{"ReasonToBuyID":"80749237","Value":"Training load helps you see how the intensity and duration of your workouts may impact your body over time. So you can make informed decisions about how and when to adjust your workouts — especially when you’re training for a big event.","HighPic":"https://inishop.com/img/bullets/122427693-66e051e0520b9387150209.jpg","HighPicSize":"0","No":"10","Title":"A new tool to help you achieve your goals.","Language":"EN","Updated":"2024-09-10 16:04:17","Origin":"RTB","IsPrivate":"0"},{"ReasonToBuyID":"80749242","Value":"Apple Watch is perfect for hiking, biking, and running as well as swimming, surfing, and other water activities. The new depth gauge, Depth app, and water temperature sensor on Series 10 make it great for snorkeling down to 6 meters. Or scuba dive to 40 meters with Ultra 2.","HighPic":"https://inishop.com/img/bullets/122427693-66e051e052e47606432557.jpg","HighPicSize":"0","No":"11","Title":"Built to go the distance. And depth.","Language":"EN","Updated":"2024-09-10 16:04:17","Origin":"RTB","IsPrivate":"0"},{"ReasonToBuyID":"80749245","Value":"Now you can see detailed hiking maps for all U.S. national parks with the Maps app. Create your own hiking routes and download them to your iPhone for easy access later. They’ll automatically download to your watch so you can even navigate offline.","HighPic":"https://inishop.com/img/bullets/122427693-66e051e053b6d045880761.jpg","HighPicSize":"0","No":"12","Title":"Hit the trail with offline maps.","Language":"EN","Updated":"2024-09-10 16:04:17","Origin":"RTB","IsPrivate":"0"},{"ReasonToBuyID":"80749247","Value":"Text, make calls, and listen to music with ease. With cellular, you can do it all without your phone, even when you’re out of the country. It makes leaving your phone behind something you can do on purpose.","HighPic":"https://inishop.com/img/bullets/122427693-66e051e054061611718718.jpg","HighPicSize":"0","No":"13","Title":"Stay in touch from your wrist.","Language":"EN","Updated":"2024-09-10 16:04:17","Origin":"RTB","IsPrivate":"0"},{"ReasonToBuyID":"80749251","Value":"The Smart Stack automatically suggests widgets to surface the most relevant information throughout the day based on the time, your location, and more. So you’ll know if rain is coming, a meeting is about to start, or your Uber is pulling up. Traveling in another country? Your watch will intelligently add the Translate widget to your Smart Stack for you.","HighPic":"https://inishop.com/img/bullets/122427693-66e051e0547ad006556032.jpg","HighPicSize":"0","No":"14","Title":"More intelligent than ever.","Language":"EN","Updated":"2024-09-10 16:04:17","Origin":"RTB","IsPrivate":"0"},{"ReasonToBuyID":"80749254","Value":"With Apple Watch For Your Kids, everyone in the family can have an Apple Watch, even if they don’t have their own iPhone. Your kids are able to make calls, text, ask Siri questions, listen to music, use apps, and let you know when they arrive at a destination safely.","HighPic":"https://inishop.com/img/bullets/122427693-66e051e054b86023417443.jpg","HighPicSize":"0","No":"15","Title":"A great call for kids.","Language":"EN","Updated":"2024-09-10 16:04:17","Origin":"RTB","IsPrivate":"0"},{"ReasonToBuyID":"80749257","Value":"See a translation simply by dictating a phrase on your watch. Play the translation out loud and slow it down if need be. Use the Translate app on your watch without your iPhone when you have a Wi-Fi or cellular connection, or download a language to use offline.","HighPic":"https://inishop.com/img/bullets/122427693-66e051e05518a762199039.jpg","HighPicSize":"0","No":"16","Title":"Bring a translator when you travel.","Language":"EN","Updated":"2024-09-10 16:04:17","Origin":"RTB","IsPrivate":"0"},{"ReasonToBuyID":"80749261","Value":"Stream over 100 million songs with Apple Music. Purchase things quickly and securely with Apple Pay. Download new apps from the App Store straight to your watch. And do it all without ever having to take out your iPhone.","HighPic":"https://inishop.com/img/bullets/122427693-66e051e055745733567370.jpg","HighPicSize":"0","No":"17","Title":"Stream. Download. Pay. Play. Everywhere you go.","Language":"EN","Updated":"2024-09-10 16:04:17","Origin":"RTB","IsPrivate":"0"},{"ReasonToBuyID":"80749263","Value":"When you press and hold the side button, your Apple Watch can connect you with emergency services to get you the help you need.","HighPic":"https://inishop.com/img/bullets/122427693-66e051e055ba6193119930.jpg","HighPicSize":"0","No":"18","Title":"Emergency assistance at your fingertips.","Language":"EN","Updated":"2024-09-10 16:04:17","Origin":"RTB","IsPrivate":"0"},{"ReasonToBuyID":"80749267","Value":"Apple Watch can detect if you’ve taken a hard fall or been in a severe car crash and connect you with emergency services, share your location, and notify your emergency contacts.","HighPic":"https://inishop.com/img/bullets/122427693-66e051e056576957580464.jpg","HighPicSize":"0","No":"19","Title":"Safety features we hope you’ll never need.","Language":"EN","Updated":"2024-09-10 16:04:17","Origin":"RTB","IsPrivate":"0"},{"ReasonToBuyID":"80749271","Value":"Check In lets you automatically notify a friend or loved one when you’ve arrived at a destination. You can also start a Check In from the Workout app — like if you’re going for a run after dark.","HighPic":"https://inishop.com/img/bullets/122427693-66e051e056c91741503861.jpg","HighPicSize":"0","No":"20","Title":"Peace of mind on your wrist.","Language":"EN","Updated":"2024-09-10 16:04:17","Origin":"RTB","IsPrivate":"0"},{"ReasonToBuyID":"80749274","Value":"With watch bands in a range of styles, materials, and colors and fully customizable watch faces, you can change your watch to fit your mood or the moment.","HighPic":"https://inishop.com/img/bullets/122427693-66e051e0579e4519601793.jpg","HighPicSize":"0","No":"21","Title":"Change your watch band. Switch up your face.","Language":"EN","Updated":"2024-09-10 16:04:17","Origin":"RTB","IsPrivate":"0"}],"Reviews":[],"ProductRelated":[],"CatalogObjectCloud":{},"Variants":[],"ProductStory":[],"Dictionary":{"model_name":"Product name","desc":"Description","ean_code":"EAN/UPC code","flash360":"3D tour","demo_msg_part3":"If you don't have an Icecat account, please register here for free.","repairability_index":"Repairability index","zoom_panel_init":"Original size","cat_name":"Category","product_family":"Product family","back_to_top":"Back to top","zoom_panel_out":"Zoom out","specs":"Specs","eu_product_fiche":"EU Product Fiche","reviews_head_name":"Reviews","pdf_specs":"Product Brochure","zoom_panel_in":"Zoom in","html_content":"","release_date":"Release date","demo_msg_part1":"You are using now a Demo account. Please, use your own Icecat account","demo_insert_desc":"This is a demo of a seamless insert of an Icecat LIVE product data-sheet in your website. Imagine that this responsive data-sheet is included in the product page of your webshop.","pdf_url":"User manual","prod_code":"Product code","supplier_name":"Brand","video":"Video","reasons_to_buy":"Reasons to buy","marketing_text":"Description","options_head_name":"Options","product_series":"Product series","demo_msg_part2":"your Icecat login name","link_integrate_desk":"How to integrate Icecat LIVE JavaScript.","zoom_panel_dragg":"Mouse dragging","eu_energy_label":"EU Energy Label"},"DemoAccount":false}}