{"msg":"OK","data":{"GeneralInfo":{"IcecatId":122429375,"ReleaseDate":"","EndOfLifeDate":"","Title":"Apple Watch SE GPS + Cellular 40mm Starlight Aluminium Case with Starlight Sport Band - S/M","TitleInfo":{"GeneratedIntTitle":"Apple Watch SE","GeneratedLocalTitle":{"Value":"Apple Watch SE OLED Digital 324 x 394 pixels Touchscreen 4G Beige Wi-Fi GPS (satellite)","Language":"EN"},"BrandLocalTitle":{"Value":"Apple Watch SE GPS + Cellular 40mm Starlight Aluminium Case with Starlight Sport Band - S/M","Language":"EN"}},"Brand":"Apple","BrandID":"9","BrandLogo":"https://inishop.com/img/brand/thumb/9_d14b59ec69c0456b8775a7210bbba1e9.jpg","BrandInfo":{"BrandName":"Apple","BrandLocalName":"","BrandLogo":"https://inishop.com/img/brand/thumb/9_d14b59ec69c0456b8775a7210bbba1e9.jpg"},"ProductName":"Watch SE GPS + Cellular 40mm Starlight Aluminium Case with Starlight Sport Band - S/M","ProductNameInfo":{"ProductIntName":"Watch SE","ProductLocalName":{"Value":"Watch SE GPS + Cellular 40mm Starlight Aluminium Case with Starlight Sport Band - S/M","Language":"EN"}},"BrandPartCode":"MXGJ3QN/A","GTIN":["0195949768613","195949768613"],"Category":{"CategoryID":"2647","Name":{"Value":"Smartwatches & Sport Watches","Language":"EN"}},"ProductFamily":{"ProductFamilyID":"67213","Value":"Watch","Language":"EN"},"ProductSeries":{"SeriesID":"7838","Value":"SE (2nd generation)","Language":"EN"},"Description":{"ID":"96670656","LongDesc":"<b>A great deal to love.</b><br>Easy ways to stay connected. Motivating fitness metrics. Innovative health and safety features. Fresh band colors. Apple Watch SE is packed with features at a feel-good price.","LongProductName":"Watch SE, 40mm, GPS + Cellular, Retina LTPO OLED display, S8, 32GB, Digital Crown, LTE, UMTS, Wi-Fi, Bluetooth 5.0, watchOS 11","MiddleDesc":"","Disclaimer":"","ManualPDFURL":"","ManualPDFSize":"0","LeafletPDFURL":"","PDFSize":"0","URL":"https://www.apple.com/apple-watch-se/","WarrantyInfo":"","Updated":"2024-09-10 16:30:52","Language":"EN"},"SummaryDescription":{"ShortSummaryDescription":"Apple Watch SE GPS + Cellular 40mm Starlight Aluminium Case with Starlight Sport Band - S/M, OLED, Touchscreen, 32 GB, Wi-Fi, GPS (satellite), 27.8 g","LongSummaryDescription":"Apple Watch SE GPS + Cellular 40mm Starlight Aluminium Case with Starlight Sport Band - S/M. Display technology: OLED, Display resolution: 324 x 394 pixels, Touchscreen. Flash memory: 32 GB. Wi-Fi. GPS (satellite). Weight: 27.8 g. Waterproof up to: 50 m, Band material: Rubber, Band colour: Beige, Band size: S/M. Operating system installed: watchOS 11"},"BulletPoints":{},"GeneratedBulletPoints":{"Language":"EN","Values":["Smartwatch Digital Touchscreen OLED","324 x 394 pixels 1000 cd/m²","Water resistant, Waterproof Waterproof up to: 50 m","Built-in microphone Built-in speaker(s)","Heart rate monitor Accelerometer Gyroscope Activity tracker Apple Siri","4G GPS (satellite) GLONASS Galileo Quasi-Zenith Satellite System (QZSS)","Wi-Fi Bluetooth 5.3 Near Field Communication (NFC)","Built-in battery 18 h"]},"GTINs":[{"GTIN":"0195949768613","IsApproved":true},{"GTIN":"195949768613","IsApproved":true}]},"Image":{"HighPic":"https://inishop.com/img/gallery/2085ba5447ad8111750797ef61e805693dba29a4.jpg","HighPicSize":"809239","HighPicHeight":"4000","HighPicWidth":"4000","LowPic":"https://inishop.com/img/gallery_lows/2e8c231e5930b157c9b91cad90fcbd678bae5032.jpg","LowPicSize":"15907","LowPicHeight":"200","LowPicWidth":"200","Pic500x500":"https://inishop.com/img/gallery_mediums/1447cabe8faa7f668023d2a3afd5fbe8b8328890.jpg","Pic500x500Size":"55930","Pic500x500Height":"500","Pic500x500Width":"500","ThumbPic":"https://inishop.com/img/gallery_thumbs/321d480e348b6f36df96bca4b73e14e63ab2c9d9.jpg","ThumbPicSize":"3963"},"Multimedia":[],"Gallery":[{"ID":"95270684","LowPic":"https://inishop.com/img/gallery_lows/2e8c231e5930b157c9b91cad90fcbd678bae5032.jpg","LowSize":"15907","LowHeight":"200","LowWidth":"200","ThumbPic":"https://inishop.com/img/gallery_thumbs/321d480e348b6f36df96bca4b73e14e63ab2c9d9.jpg","ThumbPicSize":"3963","Pic":"https://inishop.com/img/gallery/2085ba5447ad8111750797ef61e805693dba29a4.jpg","Size":"809239","PicHeight":"4000","PicWidth":"4000","Pic500x500":"https://inishop.com/img/gallery_mediums/1447cabe8faa7f668023d2a3afd5fbe8b8328890.jpg","Pic500x500Size":"55930","Pic500x500Height":"500","Pic500x500Width":"500","No":"1","IsMain":"Y","Updated":"2024-09-10 16:30:52","IsPrivate":"0","Type":"ProductImage","Attributes":{"OriginalFileName":""}},{"ID":"95270687","LowPic":"https://inishop.com/img/gallery_lows/9dea2e96b99298242d2ac51c6165e138b3479dd5.jpg","LowSize":"12195","LowHeight":"200","LowWidth":"200","ThumbPic":"https://inishop.com/img/gallery_thumbs/ab4696d89cc27e34e79b75a180e2a236ad3fbd1c.jpg","ThumbPicSize":"3257","Pic":"https://inishop.com/img/gallery/2ee3fe286bf9ade398f2ae231d3fb700a8a2a205.jpg","Size":"592564","PicHeight":"4000","PicWidth":"4000","Pic500x500":"https://inishop.com/img/gallery_mediums/68fa822544b624977814e0e5201e0588b1b19e18.jpg","Pic500x500Size":"43258","Pic500x500Height":"500","Pic500x500Width":"500","No":"2","IsMain":"N","Updated":"2024-09-10 16:30:52","IsPrivate":"0","Type":"ProductImage","Attributes":{"OriginalFileName":""}}],"FeaturesGroups":[{"ID":34566,"SortNo":"25","FeatureGroup":{"ID":"5","Name":{"Value":"Display","Language":"EN"}},"Features":[{"Localized":0,"ID":681964476,"LocalID":0,"Type":"dropdown","Value":"OLED","CategoryFeatureId":"99533","CategoryFeatureGroupID":"34566","SortNo":"150","PresentationValue":"OLED","RawValue":"OLED","LocalValue":"OLED","Description":"The technology used in the display e.g. plasma, LED.","Mandatory":"1","Searchable":"0","Optional":"0","Feature":{"ID":"9713","Sign":"","Measure":{"ID":"29","Sign":"","Signs":{"ID":"","_":"","Language":"EN"}},"Name":{"Value":"Display technology","Language":"EN"}}},{"Localized":0,"ID":681964270,"LocalID":0,"Type":"numerical","Value":"1000","CategoryFeatureId":"176254","CategoryFeatureGroupID":"34566","SortNo":"148","PresentationValue":"1000 cd/m²","RawValue":"1000","LocalValue":"1000","Description":"Brightness is the amount of radiating light emitted from the screen. The brightness rating is measured in candellas per square meter, commonly known as 'nits'.","Mandatory":"0","Searchable":"0","Optional":"0","Feature":{"ID":"1389","Sign":"","Measure":{"ID":"43","Sign":"","Signs":{"ID":"27","_":"cd/m²","Language":"EN"}},"Name":{"Value":"Display brightness","Language":"EN"}}},{"Localized":0,"ID":681964506,"LocalID":0,"Type":"numerical","Value":"326","CategoryFeatureId":"85347","CategoryFeatureGroupID":"34566","SortNo":"147","PresentationValue":"326 ppi","RawValue":"326","LocalValue":"326","Description":"","Mandatory":"0","Searchable":"0","Optional":"0","Feature":{"ID":"13246","Sign":"","Measure":{"ID":"243","Sign":"","Signs":{"ID":"14247","_":"ppi","Language":"EN"}},"Name":{"Value":"Pixel density","Language":"EN"}}},{"Localized":0,"ID":681964467,"LocalID":0,"Type":"dropdown","Value":"Digital","CategoryFeatureId":"85325","CategoryFeatureGroupID":"34566","SortNo":"140","PresentationValue":"Digital","RawValue":"Digital","LocalValue":"Digital","Description":"Type of display (screen) e.g. LCD.","Mandatory":"1","Searchable":"1","Optional":"0","Feature":{"ID":"9104","Sign":"","Measure":{"ID":"29","Sign":"","Signs":{"ID":"","_":"","Language":"EN"}},"Name":{"Value":"Display type","Language":"EN"}}},{"Localized":0,"ID":681964277,"LocalID":0,"Type":"2d","Value":"324 x 394","CategoryFeatureId":"85332","CategoryFeatureGroupID":"34566","SortNo":"130","PresentationValue":"324 x 394 pixels","RawValue":"324 x 394","LocalValue":"324 x 394","Description":"The number of distinct pixels in each dimension that can be displayed. It is usually quoted as width × height, with the units in pixels: for example, \"1024 × 768\" means the width is 1024 pixels and the height is 768 pixels. The higher the number of pixels, the sharper the image.","Mandatory":"1","Searchable":"1","Optional":"0","Feature":{"ID":"1585","Sign":"","Measure":{"ID":"39","Sign":"","Signs":{"ID":"23","_":"pixels","Language":"EN"}},"Name":{"Value":"Display resolution","Language":"EN"}}},{"Localized":0,"ID":681964377,"LocalID":0,"Type":"y_n","Value":"Y","CategoryFeatureId":"85331","CategoryFeatureGroupID":"34566","SortNo":"129","PresentationValue":"Yes","RawValue":"Y","LocalValue":"Yes","Description":"A screen of a laptop, smartphone, etc., that responds to touch so you can control the interface using your fingers.","Mandatory":"1","Searchable":"1","Optional":"0","Feature":{"ID":"4963","Sign":"","Measure":{"ID":"26","Sign":"","Signs":{"ID":"","_":"","Language":"EN"}},"Name":{"Value":"Touchscreen","Language":"EN"}}},{"Localized":0,"ID":681964628,"LocalID":0,"Type":"y_n","Value":"Y","CategoryFeatureId":"270637","CategoryFeatureGroupID":"34566","SortNo":"95","PresentationValue":"Yes","RawValue":"Y","LocalValue":"Yes","Description":"","Mandatory":"0","Searchable":"0","Optional":"0","Feature":{"ID":"33690","Sign":"","Measure":{"ID":"26","Sign":"","Signs":{"ID":"","_":"","Language":"EN"}},"Name":{"Value":"Rounded display corners","Language":"EN"}}},{"Localized":0,"ID":681964433,"LocalID":0,"Type":"dropdown","Value":"Ion-X glass","CategoryFeatureId":"94704","CategoryFeatureGroupID":"34566","SortNo":"50","PresentationValue":"Ion-X glass","RawValue":"Ion-X glass","LocalValue":"Ion-X glass","Description":"The material from which the front of a watch is made e.g. mineral, crystal, plastic, resin, sapphire.","Mandatory":"0","Searchable":"0","Optional":"0","Feature":{"ID":"7610","Sign":"","Measure":{"ID":"29","Sign":"","Signs":{"ID":"","_":"","Language":"EN"}},"Name":{"Value":"Watch glass type","Language":"EN"}}}]},{"ID":16293,"SortNo":"20","FeatureGroup":{"ID":"148","Name":{"Value":"Design","Language":"EN"}},"Features":[{"Localized":0,"ID":681964421,"LocalID":0,"Type":"multi_dropdown","Value":"Rubber","CategoryFeatureId":"94551","CategoryFeatureGroupID":"16293","SortNo":"160","PresentationValue":"Rubber","RawValue":"Rubber","LocalValue":"Rubber","Description":"The type of substance the wristband is made of.","Mandatory":"1","Searchable":"0","Optional":"0","Feature":{"ID":"7605","Sign":"","Measure":{"ID":"29","Sign":"","Signs":{"ID":"","_":"","Language":"EN"}},"Name":{"Value":"Band material","Language":"EN"}}},{"Localized":0,"ID":681964584,"LocalID":0,"Type":"dropdown","Value":"S/M","CategoryFeatureId":"153739","CategoryFeatureGroupID":"16293","SortNo":"159","PresentationValue":"S/M","RawValue":"S/M","LocalValue":"S/M","Description":"","Mandatory":"1","Searchable":"0","Optional":"0","Feature":{"ID":"17542","Sign":"","Measure":{"ID":"29","Sign":"","Signs":{"ID":"","_":"","Language":"EN"}},"Name":{"Value":"Band size","Language":"EN"}}},{"Localized":0,"ID":681964471,"LocalID":0,"Type":"dropdown","Value":"Rectangular","CategoryFeatureId":"85327","CategoryFeatureGroupID":"16293","SortNo":"155","PresentationValue":"Rectangular","RawValue":"Rectangular","LocalValue":"Rectangular","Description":"The external form, contours, or outline of the product.","Mandatory":"1","Searchable":"0","Optional":"0","Feature":{"ID":"9397","Sign":"","Measure":{"ID":"29","Sign":"","Signs":{"ID":"","_":"","Language":"EN"}},"Name":{"Value":"Shape","Language":"EN"}}},{"Localized":0,"ID":681964580,"LocalID":0,"Type":"range","Value":"130 - 200","CategoryFeatureId":"153740","CategoryFeatureGroupID":"16293","SortNo":"155","PresentationValue":"130 - 200 mm","RawValue":"130 - 200","LocalValue":"130 - 200","Description":"","Mandatory":"0","Searchable":"0","Optional":"0","Feature":{"ID":"17541","Sign":"","Measure":{"ID":"24","Sign":"","Signs":{"ID":"3","_":"mm","Language":"EN"}},"Name":{"Value":"Wrist size range","Language":"EN"}}},{"Localized":0,"ID":681964460,"LocalID":0,"Type":"dropdown","Value":"Smartwatch","CategoryFeatureId":"891356","CategoryFeatureGroupID":"16293","SortNo":"150","PresentationValue":"Smartwatch","RawValue":"Smartwatch","LocalValue":"Smartwatch","Description":"Under which category can the device be positioned in the market, e.g. camera phone.","Mandatory":"1","Searchable":"1","Optional":"0","Feature":{"ID":"9021","Sign":"","Measure":{"ID":"29","Sign":"","Signs":{"ID":"","_":"","Language":"EN"}},"Name":{"Value":"Market positioning","Language":"EN"}}},{"Localized":0,"ID":681964671,"LocalID":0,"Type":"dropdown","Value":"40","CategoryFeatureId":"595046","CategoryFeatureGroupID":"16293","SortNo":"145","PresentationValue":"40 mm","RawValue":"40","LocalValue":"40","Description":"","Mandatory":"1","Searchable":"1","Optional":"0","Feature":{"ID":"42415","Sign":"","Measure":{"ID":"24","Sign":"","Signs":{"ID":"3","_":"mm","Language":"EN"}},"Name":{"Value":"Watch case size","Language":"EN"}}},{"Localized":0,"ID":681964676,"LocalID":0,"Type":"multi_dropdown","Value":"Biege","CategoryFeatureId":"595045","CategoryFeatureGroupID":"16293","SortNo":"90","PresentationValue":"Beige","RawValue":"Biege","LocalValue":"Beige","Description":"","Mandatory":"1","Searchable":"1","Optional":"0","Feature":{"ID":"42417","Sign":"","Measure":{"ID":"29","Sign":"","Signs":{"ID":"","_":"","Language":"EN"}},"Name":{"Value":"Watch case colour","Language":"EN"}}},{"Localized":0,"ID":681964680,"LocalID":0,"Type":"dropdown","Value":"Aluminium","CategoryFeatureId":"595044","CategoryFeatureGroupID":"16293","SortNo":"89","PresentationValue":"Aluminium","RawValue":"Aluminium","LocalValue":"Aluminium","Description":"","Mandatory":"1","Searchable":"1","Optional":"0","Feature":{"ID":"42418","Sign":"","Measure":{"ID":"29","Sign":"","Signs":{"ID":"","_":"","Language":"EN"}},"Name":{"Value":"Watch case material","Language":"EN"}}},{"Localized":0,"ID":681964496,"LocalID":0,"Type":"multi_dropdown","Value":"Beige","CategoryFeatureId":"85301","CategoryFeatureGroupID":"16293","SortNo":"80","PresentationValue":"Beige","RawValue":"Beige","LocalValue":"Beige","Description":"The colour of the band, also known as the strap, of watches etc.","Mandatory":"1","Searchable":"1","Optional":"0","Feature":{"ID":"11025","Sign":"","Measure":{"ID":"29","Sign":"","Signs":{"ID":"","_":"","Language":"EN"}},"Name":{"Value":"Band colour","Language":"EN"}}},{"Localized":0,"ID":681964439,"LocalID":0,"Type":"dropdown","Value":"Water resistant,Waterproof","CategoryFeatureId":"94550","CategoryFeatureGroupID":"16293","SortNo":"0","PresentationValue":"Water resistant, Waterproof","RawValue":"Water resistant,Waterproof","LocalValue":"Water resistant, Waterproof","Description":"Physical effects from which the product is protected e.g. water resistant, crash proof.","Mandatory":"0","Searchable":"0","Optional":"0","Feature":{"ID":"8072","Sign":"","Measure":{"ID":"29","Sign":"","Signs":{"ID":"","_":"","Language":"EN"}},"Name":{"Value":"Protection features","Language":"EN"}}},{"Localized":0,"ID":681964589,"LocalID":0,"Type":"y_n","Value":"Y","CategoryFeatureId":"140699","CategoryFeatureGroupID":"16293","SortNo":"0","PresentationValue":"Yes","RawValue":"Y","LocalValue":"Yes","Description":"","Mandatory":"0","Searchable":"0","Optional":"0","Feature":{"ID":"23080","Sign":"","Measure":{"ID":"26","Sign":"","Signs":{"ID":"","_":"","Language":"EN"}},"Name":{"Value":"Removable strap","Language":"EN"}}},{"Localized":0,"ID":681964649,"LocalID":0,"Type":"y_n","Value":"Y","CategoryFeatureId":"294711","CategoryFeatureGroupID":"16293","SortNo":"0","PresentationValue":"Yes","RawValue":"Y","LocalValue":"Yes","Description":"","Mandatory":"0","Searchable":"0","Optional":"0","Feature":{"ID":"37839","Sign":"","Measure":{"ID":"26","Sign":"","Signs":{"ID":"","_":"","Language":"EN"}},"Name":{"Value":"Magnetic charging connector","Language":"EN"}}},{"Localized":0,"ID":681964383,"LocalID":0,"Type":"numerical","Value":"50","CategoryFeatureId":"101561","CategoryFeatureGroupID":"16293","SortNo":"-7","PresentationValue":"50 m","RawValue":"50","LocalValue":"50","Description":"","Mandatory":"0","Searchable":"0","Optional":"0","Feature":{"ID":"5197","Sign":"","Measure":{"ID":"54","Sign":"","Signs":{"ID":"37","_":"m","Language":"EN"}},"Name":{"Value":"Waterproof up to","Language":"EN"}}}]},{"ID":34567,"SortNo":"20","FeatureGroup":{"ID":"184","Name":{"Value":"Performance","Language":"EN"}},"Features":[{"Localized":0,"ID":681964322,"LocalID":0,"Type":"y_n","Value":"N","CategoryFeatureId":"94697","CategoryFeatureGroupID":"34567","SortNo":"800","PresentationValue":"No","RawValue":"N","LocalValue":"No","Description":"Frequency-modulated (FM) radio gives the clearest reception of any radio band. When used with a headset, it delivers stereo-like sound.","Mandatory":"1","Searchable":"0","Optional":"0","Feature":{"ID":"2172","Sign":"","Measure":{"ID":"26","Sign":"","Signs":{"ID":"","_":"","Language":"EN"}},"Name":{"Value":"FM radio","Language":"EN"}}},{"Localized":0,"ID":681964453,"LocalID":0,"Type":"multi_dropdown","Value":"iOS","CategoryFeatureId":"85310","CategoryFeatureGroupID":"34567","SortNo":"600","PresentationValue":"iOS","RawValue":"iOS","LocalValue":"iOS","Description":"The operating systems e.g. Android, iOS, that can be used with the mobile device.","Mandatory":"0","Searchable":"0","Optional":"0","Feature":{"ID":"8956","Sign":"","Measure":{"ID":"29","Sign":"","Signs":{"ID":"","_":"","Language":"EN"}},"Name":{"Value":"Mobile operating systems supported","Language":"EN"}}},{"Localized":0,"ID":681964355,"LocalID":0,"Type":"dropdown","Value":"watchOS 11","CategoryFeatureId":"85311","CategoryFeatureGroupID":"34567","SortNo":"590","PresentationValue":"watchOS 11","RawValue":"watchOS 11","LocalValue":"watchOS 11","Description":"Type of operating system on a device e.g. IOS on Apple devices, Android for mobile devices.","Mandatory":"0","Searchable":"0","Optional":"0","Feature":{"ID":"3233","Sign":"","Measure":{"ID":"29","Sign":"","Signs":{"ID":"","_":"","Language":"EN"}},"Name":{"Value":"Operating system installed","Language":"EN"}}},{"Localized":0,"ID":681964415,"LocalID":0,"Type":"numerical","Value":"32","CategoryFeatureId":"85308","CategoryFeatureGroupID":"34567","SortNo":"490","PresentationValue":"32 GB","RawValue":"32","LocalValue":"32","Description":"","Mandatory":"0","Searchable":"0","Optional":"0","Feature":{"ID":"6791","Sign":"","Measure":{"ID":"20","Sign":"","Signs":{"ID":"7","_":"GB","Language":"EN"}},"Name":{"Value":"Flash memory","Language":"EN"}}},{"Localized":0,"ID":681964252,"LocalID":0,"Type":"dropdown","Value":"Apple","CategoryFeatureId":"85321","CategoryFeatureGroupID":"34567","SortNo":"450","PresentationValue":"Apple","RawValue":"Apple","LocalValue":"Apple","Description":"The manufacturer that produced the processor.","Mandatory":"0","Searchable":"0","Optional":"0","Feature":{"ID":"1013","Sign":"","Measure":{"ID":"29","Sign":"","Signs":{"ID":"","_":"","Language":"EN"}},"Name":{"Value":"Processor manufacturer","Language":"EN"}}},{"Localized":0,"ID":681964197,"LocalID":0,"Type":"dropdown","Value":"S8","CategoryFeatureId":"85323","CategoryFeatureGroupID":"34567","SortNo":"448","PresentationValue":"S8","RawValue":"S8","LocalValue":"S8","Description":"The model number for the processor in a computer.","Mandatory":"0","Searchable":"0","Optional":"0","Feature":{"ID":"47","Sign":"","Measure":{"ID":"29","Sign":"","Signs":{"ID":"","_":"","Language":"EN"}},"Name":{"Value":"Processor model","Language":"EN"}}},{"Localized":0,"ID":681964405,"LocalID":0,"Type":"numerical","Value":"2","CategoryFeatureId":"109757","CategoryFeatureGroupID":"34567","SortNo":"442","PresentationValue":"2","RawValue":"2","LocalValue":"2","Description":"The number of central processing units ('cores') in a processor. Some processors have 1 core, others have 2 (e.g. Intel Core Duo) or more (e.g. the Intel Xeon E7-2850 has 10 cores).","Mandatory":"0","Searchable":"0","Optional":"0","Feature":{"ID":"6089","Sign":"","Measure":{"ID":"29","Sign":"","Signs":{"ID":"","_":"","Language":"EN"}},"Name":{"Value":"Processor cores","Language":"EN"}}},{"Localized":0,"ID":681964392,"LocalID":0,"Type":"y_n","Value":"Y","CategoryFeatureId":"270638","CategoryFeatureGroupID":"34567","SortNo":"440","PresentationValue":"Yes","RawValue":"Y","LocalValue":"Yes","Description":"The use of processors that have datapath widths, integer size, and memory addresses widths of 64 bits (eight octets). In 2003 64-bit CPUs were introduced to the (previously 32-bit) mainstream personal computer arena in the form of the x86-64 and 64-bit PowerPC processor architectures and in 2012 even into the ARM architecture targeting smartphones and tablet computers, first sold on September 20, 2013 in the iPhone 5S powered by the ARMv8-A Apple A7 SoC.","Mandatory":"0","Searchable":"0","Optional":"0","Feature":{"ID":"6088","Sign":"","Measure":{"ID":"26","Sign":"","Signs":{"ID":"","_":"","Language":"EN"}},"Name":{"Value":"64-bit computing","Language":"EN"}}},{"Localized":0,"ID":681964255,"LocalID":0,"Type":"y_n","Value":"Y","CategoryFeatureId":"85355","CategoryFeatureGroupID":"34567","SortNo":"50","PresentationValue":"Yes","RawValue":"Y","LocalValue":"Yes","Description":"Microphone that is found inside the product.","Mandatory":"1","Searchable":"1","Optional":"0","Feature":{"ID":"1025","Sign":"","Measure":{"ID":"26","Sign":"","Signs":{"ID":"","_":"","Language":"EN"}},"Name":{"Value":"Built-in microphone","Language":"EN"}}},{"Localized":0,"ID":681964336,"LocalID":0,"Type":"y_n","Value":"Y","CategoryFeatureId":"85365","CategoryFeatureGroupID":"34567","SortNo":"45","PresentationValue":"Yes","RawValue":"Y","LocalValue":"Yes","Description":"The device contains speaker(s) to produce sound.","Mandatory":"1","Searchable":"1","Optional":"0","Feature":{"ID":"2433","Sign":"","Measure":{"ID":"26","Sign":"","Signs":{"ID":"","_":"","Language":"EN"}},"Name":{"Value":"Built-in speaker(s)","Language":"EN"}}},{"Localized":0,"ID":681964444,"LocalID":0,"Type":"y_n","Value":"N","CategoryFeatureId":"95509","CategoryFeatureGroupID":"34567","SortNo":"30","PresentationValue":"No","RawValue":"N","LocalValue":"No","Description":"The product has an integrated camera.","Mandatory":"1","Searchable":"1","Optional":"0","Feature":{"ID":"8074","Sign":"","Measure":{"ID":"26","Sign":"","Signs":{"ID":"","_":"","Language":"EN"}},"Name":{"Value":"Built-in camera","Language":"EN"}}},{"Localized":0,"ID":681964691,"LocalID":0,"Type":"y_n","Value":"Y","CategoryFeatureId":"926813","CategoryFeatureGroupID":"34567","SortNo":"5","PresentationValue":"Yes","RawValue":"Y","LocalValue":"Yes","Description":"","Mandatory":"0","Searchable":"0","Optional":"0","Feature":{"ID":"45953","Sign":"","Measure":{"ID":"26","Sign":"","Signs":{"ID":"","_":"","Language":"EN"}},"Name":{"Value":"Crash detection","Language":"EN"}}},{"Localized":0,"ID":681964659,"LocalID":0,"Type":"y_n","Value":"Y","CategoryFeatureId":"926814","CategoryFeatureGroupID":"34567","SortNo":"4","PresentationValue":"Yes","RawValue":"Y","LocalValue":"Yes","Description":"","Mandatory":"0","Searchable":"0","Optional":"0","Feature":{"ID":"39896","Sign":"","Measure":{"ID":"26","Sign":"","Signs":{"ID":"","_":"","Language":"EN"}},"Name":{"Value":"Fall detection","Language":"EN"}}},{"Localized":0,"ID":681964693,"LocalID":0,"Type":"y_n","Value":"Y","CategoryFeatureId":"967684","CategoryFeatureGroupID":"34567","SortNo":"0","PresentationValue":"Yes","RawValue":"Y","LocalValue":"Yes","Description":"","Mandatory":"0","Searchable":"0","Optional":"0","Feature":{"ID":"48322","Sign":"","Measure":{"ID":"26","Sign":"","Signs":{"ID":"","_":"","Language":"EN"}},"Name":{"Value":"Noise monitoring","Language":"EN"}}},{"Localized":0,"ID":681964695,"LocalID":0,"Type":"y_n","Value":"Y","CategoryFeatureId":"967685","CategoryFeatureGroupID":"34567","SortNo":"0","PresentationValue":"Yes","RawValue":"Y","LocalValue":"Yes","Description":"","Mandatory":"0","Searchable":"0","Optional":"0","Feature":{"ID":"48323","Sign":"","Measure":{"ID":"26","Sign":"","Signs":{"ID":"","_":"","Language":"EN"}},"Name":{"Value":"Backtrack","Language":"EN"}}}]},{"ID":26690,"SortNo":"12","FeatureGroup":{"ID":"185","Name":{"Value":"Features","Language":"EN"}},"Features":[{"Localized":0,"ID":681964687,"LocalID":0,"Type":"dropdown","Value":"Accessibility Shortcut,AssistiveTouch,Audio Volume Balance,Auto Transcription,Auto-Answer Calls,Bold Text,Button Click Speed,Color Filters,Hourly Chimes,Increase Contrast,Live Speech,Mono Audio,On/Off Labels,Personal Voice,RTT Support,Reduce Motion,Reduce Transparency,Taptic Time,Text Size,Touch Accommodations,Type to Siri,VoiceOver,Zoom","CategoryFeatureId":"967686","CategoryFeatureGroupID":"26690","SortNo":"1500","PresentationValue":"Accessibility Shortcut, AssistiveTouch, Audio Volume Balance, Auto Transcription, Auto-Answer Calls, Bold Text, Button Click Speed, Color Filters, Hourly Chimes, Increase Contrast, Live Speech, Mono Audio, On/Off Labels, Personal Voice, RTT Support, Reduce Motion, Reduce Transparency, Taptic Time, Text Size, Touch Accommodations, Type to Siri, VoiceOver, Zoom","RawValue":"Accessibility Shortcut,AssistiveTouch,Audio Volume Balance,Auto Transcription,Auto-Answer Calls,Bold Text,Button Click Speed,Color Filters,Hourly Chimes,Increase Contrast,Live Speech,Mono Audio,On/Off Labels,Personal Voice,RTT Support,Reduce Motion,Reduce Transparency,Taptic Time,Text Size,Touch Accommodations,Type to Siri,VoiceOver,Zoom","LocalValue":"Accessibility Shortcut, AssistiveTouch, Audio Volume Balance, Auto Transcription, Auto-Answer Calls, Bold Text, Button Click Speed, Color Filters, Hourly Chimes, Increase Contrast, Live Speech, Mono Audio, On/Off Labels, Personal Voice, RTT Support, Reduce Motion, Reduce Transparency, Taptic Time, Text Size, Touch Accommodations, Type to Siri, VoiceOver, Zoom","Description":"","Mandatory":"0","Searchable":"0","Optional":"0","Feature":{"ID":"43091","Sign":"","Measure":{"ID":"29","Sign":"","Signs":{"ID":"","_":"","Language":"EN"}},"Name":{"Value":"Accessibility features","Language":"EN"}}},{"Localized":0,"ID":681964409,"LocalID":0,"Type":"y_n","Value":"Y","CategoryFeatureId":"122840","CategoryFeatureGroupID":"26690","SortNo":"1000","PresentationValue":"Yes","RawValue":"Y","LocalValue":"Yes","Description":"","Mandatory":"1","Searchable":"0","Optional":"0","Feature":{"ID":"6702","Sign":"","Measure":{"ID":"26","Sign":"","Signs":{"ID":"","_":"","Language":"EN"}},"Name":{"Value":"Heart rate monitor","Language":"EN"}}},{"Localized":0,"ID":681964639,"LocalID":0,"Type":"multi_dropdown","Value":"Optical","CategoryFeatureId":"270640","CategoryFeatureGroupID":"26690","SortNo":"997","PresentationValue":"Optical","RawValue":"Optical","LocalValue":"Optical","Description":"","Mandatory":"0","Searchable":"0","Optional":"0","Feature":{"ID":"37164","Sign":"","Measure":{"ID":"29","Sign":"","Signs":{"ID":"","_":"","Language":"EN"}},"Name":{"Value":"Heart rate sensor type","Language":"EN"}}},{"Localized":0,"ID":681964480,"LocalID":0,"Type":"y_n","Value":"Y","CategoryFeatureId":"85349","CategoryFeatureGroupID":"26690","SortNo":"750","PresentationValue":"Yes","RawValue":"Y","LocalValue":"Yes","Description":"","Mandatory":"0","Searchable":"0","Optional":"0","Feature":{"ID":"9731","Sign":"","Measure":{"ID":"26","Sign":"","Signs":{"ID":"","_":"","Language":"EN"}},"Name":{"Value":"Accelerometer","Language":"EN"}}},{"Localized":0,"ID":681964485,"LocalID":0,"Type":"y_n","Value":"Y","CategoryFeatureId":"122839","CategoryFeatureGroupID":"26690","SortNo":"730","PresentationValue":"Yes","RawValue":"Y","LocalValue":"Yes","Description":"","Mandatory":"0","Searchable":"0","Optional":"0","Feature":{"ID":"9732","Sign":"","Measure":{"ID":"26","Sign":"","Signs":{"ID":"","_":"","Language":"EN"}},"Name":{"Value":"Gyroscope","Language":"EN"}}},{"Localized":0,"ID":681964633,"LocalID":0,"Type":"y_n","Value":"Y","CategoryFeatureId":"257982","CategoryFeatureGroupID":"26690","SortNo":"600","PresentationValue":"Yes","RawValue":"Y","LocalValue":"Yes","Description":"","Mandatory":"0","Searchable":"0","Optional":"0","Feature":{"ID":"36666","Sign":"","Measure":{"ID":"29","Sign":"","Signs":{"ID":"","_":"","Language":"EN"}},"Name":{"Value":"Activity tracker","Language":"EN"}}},{"Localized":0,"ID":681964316,"LocalID":0,"Type":"y_n","Value":"Y","CategoryFeatureId":"85326","CategoryFeatureGroupID":"26690","SortNo":"10","PresentationValue":"Yes","RawValue":"Y","LocalValue":"Yes","Description":"","Mandatory":"0","Searchable":"0","Optional":"0","Feature":{"ID":"1901","Sign":"","Measure":{"ID":"26","Sign":"","Signs":{"ID":"","_":"","Language":"EN"}},"Name":{"Value":"Short Message Service (SMS)","Language":"EN"}}},{"Localized":0,"ID":681964662,"LocalID":0,"Type":"y_n","Value":"Y","CategoryFeatureId":"712542","CategoryFeatureGroupID":"26690","SortNo":"9","PresentationValue":"Yes","RawValue":"Y","LocalValue":"Yes","Description":"","Mandatory":"0","Searchable":"0","Optional":"0","Feature":{"ID":"39897","Sign":"","Measure":{"ID":"26","Sign":"","Signs":{"ID":"","_":"","Language":"EN"}},"Name":{"Value":"SOS alert function","Language":"EN"}}},{"Localized":0,"ID":681964447,"LocalID":0,"Type":"y_n","Value":"Y","CategoryFeatureId":"122838","CategoryFeatureGroupID":"26690","SortNo":"0","PresentationValue":"Yes","RawValue":"Y","LocalValue":"Yes","Description":"","Mandatory":"0","Searchable":"0","Optional":"0","Feature":{"ID":"8720","Sign":"","Measure":{"ID":"26","Sign":"","Signs":{"ID":"","_":"","Language":"EN"}},"Name":{"Value":"Ambient light sensor","Language":"EN"}}},{"Localized":0,"ID":681964602,"LocalID":0,"Type":"y_n","Value":"Y","CategoryFeatureId":"206767","CategoryFeatureGroupID":"26690","SortNo":"0","PresentationValue":"Yes","RawValue":"Y","LocalValue":"Yes","Description":"","Mandatory":"0","Searchable":"0","Optional":"0","Feature":{"ID":"23802","Sign":"","Measure":{"ID":"26","Sign":"","Signs":{"ID":"","_":"","Language":"EN"}},"Name":{"Value":"E-mail","Language":"EN"}}},{"Localized":0,"ID":681964612,"LocalID":0,"Type":"dropdown","Value":"Apple Siri","CategoryFeatureId":"234756","CategoryFeatureGroupID":"26690","SortNo":"0","PresentationValue":"Apple Siri","RawValue":"Apple Siri","LocalValue":"Apple Siri","Description":"Depending on the make of the device, a different application is pre-installed that can understand voice commands and complete tasks for a user, e.g. Apple Siri, Amazon Alexa.","Mandatory":"0","Searchable":"0","Optional":"0","Feature":{"ID":"31445","Sign":"","Measure":{"ID":"29","Sign":"","Signs":{"ID":"","_":"","Language":"EN"}},"Name":{"Value":"Virtual assistant","Language":"EN"}}},{"Localized":0,"ID":681964644,"LocalID":0,"Type":"y_n","Value":"Y","CategoryFeatureId":"270641","CategoryFeatureGroupID":"26690","SortNo":"0","PresentationValue":"Yes","RawValue":"Y","LocalValue":"Yes","Description":"","Mandatory":"0","Searchable":"0","Optional":"0","Feature":{"ID":"37165","Sign":"","Measure":{"ID":"26","Sign":"","Signs":{"ID":"","_":"","Language":"EN"}},"Name":{"Value":"Haptic feedback","Language":"EN"}}},{"Localized":0,"ID":681964304,"LocalID":0,"Type":"y_n","Value":"Y","CategoryFeatureId":"317542","CategoryFeatureGroupID":"26690","SortNo":"0","PresentationValue":"Yes","RawValue":"Y","LocalValue":"Yes","Description":"Electronic instrument used for navigation that shows directions in a frame of reference (north, south, east, west) that is stationary relative to the surface of the earth.","Mandatory":"0","Searchable":"0","Optional":"0","Feature":{"ID":"1733","Sign":"","Measure":{"ID":"26","Sign":"","Signs":{"ID":"","_":"","Language":"EN"}},"Name":{"Value":"Electronic compass","Language":"EN"}}},{"Localized":0,"ID":681964299,"LocalID":0,"Type":"y_n","Value":"Y","CategoryFeatureId":"891286","CategoryFeatureGroupID":"26690","SortNo":"0","PresentationValue":"Yes","RawValue":"Y","LocalValue":"Yes","Description":"Alarms that make a sound when they are activated (set off).","Mandatory":"0","Searchable":"0","Optional":"0","Feature":{"ID":"1725","Sign":"","Measure":{"ID":"26","Sign":"","Signs":{"ID":"","_":"","Language":"EN"}},"Name":{"Value":"Audible alarm(s)","Language":"EN"}}},{"Localized":0,"ID":681964572,"LocalID":0,"Type":"multi_dropdown","Value":"Cycling,Golf,Hiking,Rowing,Running,Skiing,Swimming,Walking,Yoga","CategoryFeatureId":"891321","CategoryFeatureGroupID":"26690","SortNo":"0","PresentationValue":"Cycling, Golf, Hiking, Rowing, Running, Skiing, Swimming, Walking, Yoga","RawValue":"Cycling,Golf,Hiking,Rowing,Running,Skiing,Swimming,Walking,Yoga","LocalValue":"Cycling, Golf, Hiking, Rowing, Running, Skiing, Swimming, Walking, Yoga","Description":"","Mandatory":"0","Searchable":"0","Optional":"0","Feature":{"ID":"17052","Sign":"","Measure":{"ID":"29","Sign":"","Signs":{"ID":"","_":"","Language":"EN"}},"Name":{"Value":"Recommended activity","Language":"EN"}}},{"Localized":0,"ID":681964428,"LocalID":0,"Type":"y_n","Value":"Y","CategoryFeatureId":"186993","CategoryFeatureGroupID":"26690","SortNo":"-3","PresentationValue":"Yes","RawValue":"Y","LocalValue":"Yes","Description":"","Mandatory":"0","Searchable":"0","Optional":"0","Feature":{"ID":"7608","Sign":"","Measure":{"ID":"29","Sign":"","Signs":{"ID":"","_":"","Language":"EN"}},"Name":{"Value":"Altimeter","Language":"EN"}}}]},{"ID":10361,"SortNo":"10","FeatureGroup":{"ID":"35","Name":{"Value":"Network","Language":"EN"}},"Features":[{"Localized":0,"ID":681964608,"LocalID":0,"Type":"y_n","Value":"Y","CategoryFeatureId":"336994","CategoryFeatureGroupID":"10361","SortNo":"105","PresentationValue":"Yes","RawValue":"Y","LocalValue":"Yes","Description":"","Mandatory":"1","Searchable":"0","Optional":"0","Feature":{"ID":"24557","Sign":"","Measure":{"ID":"26","Sign":"","Signs":{"ID":"","_":"","Language":"EN"}},"Name":{"Value":"Mobile network connection","Language":"EN"}}},{"Localized":0,"ID":681964667,"LocalID":0,"Type":"dropdown","Value":"4G","CategoryFeatureId":"336995","CategoryFeatureGroupID":"10361","SortNo":"104","PresentationValue":"4G","RawValue":"4G","LocalValue":"4G","Description":"","Mandatory":"0","Searchable":"0","Optional":"0","Feature":{"ID":"40629","Sign":"","Measure":{"ID":"29","Sign":"","Signs":{"ID":"","_":"","Language":"EN"}},"Name":{"Value":"Mobile network generation","Language":"EN"}}},{"Localized":0,"ID":681964567,"LocalID":0,"Type":"multi_dropdown","Value":"UMTS","CategoryFeatureId":"217809","CategoryFeatureGroupID":"10361","SortNo":"99","PresentationValue":"UMTS","RawValue":"UMTS","LocalValue":"UMTS","Description":"","Mandatory":"0","Searchable":"0","Optional":"0","Feature":{"ID":"16923","Sign":"","Measure":{"ID":"29","Sign":"","Signs":{"ID":"","_":"","Language":"EN"}},"Name":{"Value":"3G standards","Language":"EN"}}},{"Localized":0,"ID":681964557,"LocalID":0,"Type":"dropdown","Value":"LTE","CategoryFeatureId":"217810","CategoryFeatureGroupID":"10361","SortNo":"98","PresentationValue":"LTE","RawValue":"LTE","LocalValue":"LTE","Description":"","Mandatory":"0","Searchable":"0","Optional":"0","Feature":{"ID":"16922","Sign":"","Measure":{"ID":"29","Sign":"","Signs":{"ID":"","_":"","Language":"EN"}},"Name":{"Value":"4G standard","Language":"EN"}}},{"Localized":0,"ID":681964366,"LocalID":0,"Type":"y_n","Value":"Y","CategoryFeatureId":"94693","CategoryFeatureGroupID":"10361","SortNo":"-130","PresentationValue":"Yes","RawValue":"Y","LocalValue":"Yes","Description":"Global Positioning System (GPS) is a space-based satellite navigation system that provides location and time information in all weather conditions, anywhere on or near the Earth where there is an unobstructed line of sight to four or more GPS satellites. The system provides critical capabilities to military, civil and commercial users around the world. It is maintained by the United States government and is freely accessible to anyone with a GPS receiver.","Mandatory":"0","Searchable":"0","Optional":"0","Feature":{"ID":"3329","Sign":"","Measure":{"ID":"26","Sign":"","Signs":{"ID":"","_":"","Language":"EN"}},"Name":{"Value":"GPS (satellite)","Language":"EN"}}},{"Localized":0,"ID":681964512,"LocalID":0,"Type":"y_n","Value":"Y","CategoryFeatureId":"217813","CategoryFeatureGroupID":"10361","SortNo":"-135","PresentationValue":"Yes","RawValue":"Y","LocalValue":"Yes","Description":"","Mandatory":"0","Searchable":"0","Optional":"0","Feature":{"ID":"15618","Sign":"","Measure":{"ID":"26","Sign":"","Signs":{"ID":"","_":"","Language":"EN"}},"Name":{"Value":"GLONASS","Language":"EN"}}},{"Localized":0,"ID":681964617,"LocalID":0,"Type":"y_n","Value":"Y","CategoryFeatureId":"270635","CategoryFeatureGroupID":"10361","SortNo":"-140","PresentationValue":"Yes","RawValue":"Y","LocalValue":"Yes","Description":"","Mandatory":"0","Searchable":"0","Optional":"0","Feature":{"ID":"33685","Sign":"","Measure":{"ID":"26","Sign":"","Signs":{"ID":"","_":"","Language":"EN"}},"Name":{"Value":"Galileo","Language":"EN"}}},{"Localized":0,"ID":681964624,"LocalID":0,"Type":"y_n","Value":"Y","CategoryFeatureId":"270636","CategoryFeatureGroupID":"10361","SortNo":"-145","PresentationValue":"Yes","RawValue":"Y","LocalValue":"Yes","Description":"","Mandatory":"0","Searchable":"0","Optional":"0","Feature":{"ID":"33686","Sign":"","Measure":{"ID":"26","Sign":"","Signs":{"ID":"","_":"","Language":"EN"}},"Name":{"Value":"Quasi-Zenith Satellite System (QZSS)","Language":"EN"}}}]},{"ID":9989,"SortNo":"5","FeatureGroup":{"ID":"12","Name":{"Value":"Ports & interfaces","Language":"EN"}},"Features":[{"Localized":0,"ID":681964209,"LocalID":0,"Type":"multi_dropdown","Value":"Wi-Fi 4 (802.11n)","CategoryFeatureId":"122837","CategoryFeatureGroupID":"9989","SortNo":"10000049","PresentationValue":"Wi-Fi 4 (802.11n)","RawValue":"Wi-Fi 4 (802.11n)","LocalValue":"Wi-Fi 4 (802.11n)","Description":"The type of wireless local area network (LAN). It can be ad-hoc, where units in a network communicate peer-to-peer, or Infrastructure, where units communicate with each other via an access point  A LAN interconnects computers in a small area e.g. home, school or office.","Mandatory":"0","Searchable":"0","Optional":"0","Feature":{"ID":"432","Sign":"","Measure":{"ID":"29","Sign":"","Signs":{"ID":"","_":"","Language":"EN"}},"Name":{"Value":"Wi-Fi standards","Language":"EN"}}},{"Localized":0,"ID":681964327,"LocalID":0,"Type":"y_n","Value":"Y","CategoryFeatureId":"94696","CategoryFeatureGroupID":"9989","SortNo":"10000045","PresentationValue":"Yes","RawValue":"Y","LocalValue":"Yes","Description":"Bluetooth is a low-power radio technology developed to replace the cables and wires currently used to link or connect electronic devices such as personal computers, printers, and a wide variety of handheld devices including mobile phones. Because it uses radio-wave connectivity, a Bluetooth-enabled device has a constant, established connection to whatever browser it uses. This saves the user the trouble of logging on to check for emails or news updates, for example.","Mandatory":"0","Searchable":"0","Optional":"0","Feature":{"ID":"2183","Sign":"","Measure":{"ID":"26","Sign":"","Signs":{"ID":"","_":"","Language":"EN"}},"Name":{"Value":"Bluetooth","Language":"EN"}}},{"Localized":0,"ID":681964597,"LocalID":0,"Type":"y_n","Value":"N","CategoryFeatureId":"208481","CategoryFeatureGroupID":"9989","SortNo":"100079","PresentationValue":"No","RawValue":"N","LocalValue":"No","Description":"The device features a socket into which a USB cable can be plugged.","Mandatory":"1","Searchable":"1","Optional":"0","Feature":{"ID":"23798","Sign":"","Measure":{"ID":"26","Sign":"","Signs":{"ID":"","_":"","Language":"EN"}},"Name":{"Value":"USB port","Language":"EN"}}},{"Localized":0,"ID":681964491,"LocalID":0,"Type":"y_n","Value":"Y","CategoryFeatureId":"95622","CategoryFeatureGroupID":"9989","SortNo":"100","PresentationValue":"Yes","RawValue":"Y","LocalValue":"Yes","Description":"","Mandatory":"1","Searchable":"0","Optional":"0","Feature":{"ID":"10157","Sign":"","Measure":{"ID":"26","Sign":"","Signs":{"ID":"","_":"","Language":"EN"}},"Name":{"Value":"Near Field Communication (NFC)","Language":"EN"}}},{"Localized":0,"ID":681964359,"LocalID":0,"Type":"y_n","Value":"Y","CategoryFeatureId":"94698","CategoryFeatureGroupID":"9989","SortNo":"50","PresentationValue":"Yes","RawValue":"Y","LocalValue":"Yes","Description":"Popular technology that allows an electronic device to exchange data or connect to the internet wirelessly using radio waves.","Mandatory":"1","Searchable":"1","Optional":"0","Feature":{"ID":"3239","Sign":"","Measure":{"ID":"26","Sign":"","Signs":{"ID":"","_":"","Language":"EN"}},"Name":{"Value":"Wi-Fi","Language":"EN"}}},{"Localized":0,"ID":681964266,"LocalID":0,"Type":"dropdown","Value":"5.3","CategoryFeatureId":"85356","CategoryFeatureGroupID":"9989","SortNo":"45","PresentationValue":"5.3","RawValue":"5.3","LocalValue":"5.3","Description":"The type of bluetooth technology in the product e.g. Bluetooth Smart (v4.0).","Mandatory":"1","Searchable":"1","Optional":"0","Feature":{"ID":"1208","Sign":"","Measure":{"ID":"29","Sign":"","Signs":{"ID":"","_":"","Language":"EN"}},"Name":{"Value":"Bluetooth version","Language":"EN"}}},{"Localized":0,"ID":681964371,"LocalID":0,"Type":"dropdown","Value":"Bluetooth","CategoryFeatureId":"85350","CategoryFeatureGroupID":"9989","SortNo":"25","PresentationValue":"Bluetooth","RawValue":"Bluetooth","LocalValue":"Bluetooth","Description":"How headphones connect to a device e.g. wirelessly or via a cable and connector.","Mandatory":"1","Searchable":"0","Optional":"0","Feature":{"ID":"4163","Sign":"","Measure":{"ID":"29","Sign":"","Signs":{"ID":"","_":"","Language":"EN"}},"Name":{"Value":"Headphone connectivity","Language":"EN"}}}]},{"ID":9984,"SortNo":"4","FeatureGroup":{"ID":"27","Name":{"Value":"Power","Language":"EN"}},"Features":[{"Localized":0,"ID":681964242,"LocalID":0,"Type":"dropdown","Value":"Built-in battery","CategoryFeatureId":"319967","CategoryFeatureGroupID":"9984","SortNo":"105","PresentationValue":"Built-in battery","RawValue":"Built-in battery","LocalValue":"Built-in battery","Description":"Description of battery supplied with the product, such battery form factor (e.g. AA/AAA).","Mandatory":"1","Searchable":"0","Optional":"0","Feature":{"ID":"908","Sign":"","Measure":{"ID":"29","Sign":"","Signs":{"ID":"","_":"","Language":"EN"}},"Name":{"Value":"Battery type","Language":"EN"}}},{"Localized":0,"ID":681964293,"LocalID":0,"Type":"numerical","Value":"18","CategoryFeatureId":"271071","CategoryFeatureGroupID":"9984","SortNo":"75","PresentationValue":"18 h","RawValue":"18","LocalValue":"18","Description":"Maximum battery life. Mobile Mark™ (2002) is the standard often used to benchmark battery life time.","Mandatory":"1","Searchable":"0","Optional":"0","Feature":{"ID":"1721","Sign":"","Measure":{"ID":"46","Sign":"","Signs":{"ID":"30","_":"h","Language":"EN"}},"Name":{"Value":"Battery life (max)","Language":"EN"}}},{"Localized":0,"ID":681964501,"LocalID":0,"Type":"y_n","Value":"Y","CategoryFeatureId":"133476","CategoryFeatureGroupID":"9984","SortNo":"0","PresentationValue":"Yes","RawValue":"Y","LocalValue":"Yes","Description":"","Mandatory":"0","Searchable":"0","Optional":"0","Feature":{"ID":"12148","Sign":"","Measure":{"ID":"26","Sign":"","Signs":{"ID":"","_":"","Language":"EN"}},"Name":{"Value":"Wireless charging","Language":"EN"}}},{"Localized":0,"ID":681964656,"LocalID":0,"Type":"numerical","Value":"1.5","CategoryFeatureId":"295518","CategoryFeatureGroupID":"9984","SortNo":"0","PresentationValue":"1.5 h","RawValue":"1.5","LocalValue":"1.5","Description":"","Mandatory":"0","Searchable":"0","Optional":"0","Feature":{"ID":"37893","Sign":"","Measure":{"ID":"46","Sign":"","Signs":{"ID":"30","_":"h","Language":"EN"}},"Name":{"Value":"Battery recharge time\t(80%)","Language":"EN"}}}]},{"ID":14029,"SortNo":"2","FeatureGroup":{"ID":"28","Name":{"Value":"Operational conditions","Language":"EN"}},"Features":[{"Localized":0,"ID":681964260,"LocalID":0,"Type":"range","Value":"0 - 35","CategoryFeatureId":"129940","CategoryFeatureGroupID":"14029","SortNo":"20","PresentationValue":"0 - 35 °C","RawValue":"0 - 35","LocalValue":"0 - 35","Description":"The minimum and maximum temperatures at which the product can be safely operated.","Mandatory":"0","Searchable":"0","Optional":"0","Feature":{"ID":"1112","Sign":"","Measure":{"ID":"65","Sign":"","Signs":{"ID":"48","_":"°C","Language":"EN"}},"Name":{"Value":"Operating temperature (T-T)","Language":"EN"}}},{"Localized":0,"ID":681964236,"LocalID":0,"Type":"range","Value":"-20 - 45","CategoryFeatureId":"129941","CategoryFeatureGroupID":"14029","SortNo":"18","PresentationValue":"-20 - 45 °C","RawValue":"-20 - 45","LocalValue":"-20 - 45","Description":"The minimum and maximum temperatures at which the product can be safely stored.","Mandatory":"0","Searchable":"0","Optional":"0","Feature":{"ID":"757","Sign":"","Measure":{"ID":"65","Sign":"","Signs":{"ID":"48","_":"°C","Language":"EN"}},"Name":{"Value":"Storage temperature (T-T)","Language":"EN"}}},{"Localized":0,"ID":681964230,"LocalID":0,"Type":"range","Value":"5 - 90","CategoryFeatureId":"129942","CategoryFeatureGroupID":"14029","SortNo":"15","PresentationValue":"5 - 90%","RawValue":"5 - 90","LocalValue":"5 - 90","Description":"","Mandatory":"0","Searchable":"0","Optional":"0","Feature":{"ID":"703","Sign":"","Measure":{"ID":"64","Sign":"","Signs":{"ID":"47","_":"%","Language":"EN"}},"Name":{"Value":"Operating relative humidity (H-H)","Language":"EN"}}},{"Localized":0,"ID":681964225,"LocalID":0,"Type":"range","Value":"0 - 3000","CategoryFeatureId":"129944","CategoryFeatureGroupID":"14029","SortNo":"10","PresentationValue":"0 - 3000 m","RawValue":"0 - 3000","LocalValue":"0 - 3000","Description":"","Mandatory":"0","Searchable":"0","Optional":"0","Feature":{"ID":"667","Sign":"","Measure":{"ID":"54","Sign":"","Signs":{"ID":"37","_":"m","Language":"EN"}},"Name":{"Value":"Operating altitude","Language":"EN"}}}]},{"ID":9976,"SortNo":"-3","FeatureGroup":{"ID":"14","Name":{"Value":"Weight & dimensions","Language":"EN"}},"Features":[{"Localized":0,"ID":681964282,"LocalID":0,"Type":"numerical","Value":"34","CategoryFeatureId":"85294","CategoryFeatureGroupID":"9976","SortNo":"100","PresentationValue":"34 mm","RawValue":"34","LocalValue":"34","Description":"The measurement or extent of something from side to side.","Mandatory":"0","Searchable":"0","Optional":"0","Feature":{"ID":"1649","Sign":"","Measure":{"ID":"24","Sign":"","Signs":{"ID":"3","_":"mm","Language":"EN"}},"Name":{"Value":"Width","Language":"EN"}}},{"Localized":0,"ID":681964290,"LocalID":0,"Type":"numerical","Value":"40","CategoryFeatureId":"85299","CategoryFeatureGroupID":"9976","SortNo":"99","PresentationValue":"40 mm","RawValue":"40","LocalValue":"40","Description":"The distance from the front to the back of something.","Mandatory":"0","Searchable":"0","Optional":"0","Feature":{"ID":"1650","Sign":"","Measure":{"ID":"24","Sign":"","Signs":{"ID":"3","_":"mm","Language":"EN"}},"Name":{"Value":"Depth","Language":"EN"}}},{"Localized":0,"ID":681964345,"LocalID":0,"Type":"numerical","Value":"10.7","CategoryFeatureId":"85296","CategoryFeatureGroupID":"9976","SortNo":"95","PresentationValue":"1.07 cm","RawValue":"10.7","LocalValue":"1.07","Description":"The distance through an object, as distinct from width or height.","Mandatory":"0","Searchable":"0","Optional":"0","Feature":{"ID":"2757","Sign":"","Measure":{"ID":"24","Sign":"","Signs":{"ID":"3","_":"mm","Language":"EN"}},"Name":{"Value":"Thickness","Language":"EN"}}},{"Localized":0,"ID":681964202,"LocalID":0,"Type":"numerical","Value":"27.8","CategoryFeatureId":"85297","CategoryFeatureGroupID":"9976","SortNo":"94","PresentationValue":"27.8 g","RawValue":"27.8","LocalValue":"27.8","Description":"Weight of the product without packaging (net weight). If possible, the net weight is given including standard accessories and supplies. Please note that sometimes the manufacturer leaves out the weight of accessories and/or supplies.","Mandatory":"0","Searchable":"0","Optional":"0","Feature":{"ID":"94","Sign":"","Measure":{"ID":"38","Sign":"","Signs":{"ID":"22","_":"g","Language":"EN"}},"Name":{"Value":"Weight","Language":"EN"}}}]},{"ID":15273,"SortNo":"-5","FeatureGroup":{"ID":"116","Name":{"Value":"Packaging content","Language":"EN"}},"Features":[{"Localized":0,"ID":681964310,"LocalID":0,"Type":"dropdown","Value":"USB Type-C","CategoryFeatureId":"85346","CategoryFeatureGroupID":"15273","SortNo":"0","PresentationValue":"USB Type-C","RawValue":"USB Type-C","LocalValue":"USB Type-C","Description":"","Mandatory":"0","Searchable":"0","Optional":"0","Feature":{"ID":"1830","Sign":"","Measure":{"ID":"29","Sign":"","Signs":{"ID":"","_":"","Language":"EN"}},"Name":{"Value":"Cables included","Language":"EN"}}}]},{"ID":75914,"SortNo":"-8","FeatureGroup":{"ID":"279","Name":{"Value":"Sustainability","Language":"EN"}},"Features":[{"Localized":0,"ID":681964683,"LocalID":0,"Type":"multi_dropdown","Value":"Arsenic,BFR,Mercury (element),PVC","CategoryFeatureId":"624756","CategoryFeatureGroupID":"75914","SortNo":"0","PresentationValue":"Arsenic, BFR, Mercury, PVC","RawValue":"Arsenic,BFR,Mercury (element),PVC","LocalValue":"Arsenic, BFR, Mercury, PVC","Description":"","Mandatory":"0","Searchable":"0","Optional":"0","Feature":{"ID":"42516","Sign":"","Measure":{"ID":"29","Sign":"","Signs":{"ID":"","_":"","Language":"EN"}},"Name":{"Value":"Doesn't contain","Language":"EN"}}}]}],"FeatureLogos":[],"ReasonsToBuy":[{"ReasonToBuyID":"80803797","Value":"Stay connected on the go, go, go.","HighPic":"https://inishop.com/img/bullets/122429375-66e0581c28387304821302.jpg","HighPicSize":"0","No":"1","Title":"Connectivity","Language":"EN","Updated":"2024-09-10 16:30:52","Origin":"RTB","IsPrivate":"0"},{"ReasonToBuyID":"80803803","Value":"Get a closer look at your shut‑eye.","HighPic":"https://inishop.com/img/bullets/122429375-66e0581c28b96941727019.jpg","HighPicSize":"0","No":"2","Title":"Sleep","Language":"EN","Updated":"2024-09-10 16:30:52","Origin":"RTB","IsPrivate":"0"},{"ReasonToBuyID":"80803805","Value":"Track your heart health without missing a beat.","HighPic":"https://inishop.com/img/bullets/122429375-66e0581c28fba598846218.jpg","HighPicSize":"0","No":"3","Title":"Heart rate","Language":"EN","Updated":"2024-09-10 16:30:52","Origin":"RTB","IsPrivate":"0"},{"ReasonToBuyID":"80803811","Value":"Independence for them. Peace of mind for you.","HighPic":"https://inishop.com/img/bullets/122429375-66e0581c29a55379179496.jpg","HighPicSize":"0","No":"4","Title":"Apple Watch For Your Kids","Language":"EN","Updated":"2024-09-10 16:30:52","Origin":"RTB","IsPrivate":"0"},{"ReasonToBuyID":"80803815","Value":"The ultimate workout partner.","HighPic":"https://inishop.com/img/bullets/122429375-66e0581c29f87764145635.jpg","HighPicSize":"0","No":"5","Title":"Fitness","Language":"EN","Updated":"2024-09-10 16:30:52","Origin":"RTB","IsPrivate":"0"},{"ReasonToBuyID":"80803820","Value":"Swim-suitable.","HighPic":"https://inishop.com/img/bullets/122429375-66e0581c2a375286764921.jpg","HighPicSize":"0","No":"6","Title":"Water resistance","Language":"EN","Updated":"2024-09-10 16:30:52","Origin":"RTB","IsPrivate":"0"},{"ReasonToBuyID":"80803828","Value":"More moving. More motivating.","HighPic":"https://inishop.com/img/bullets/122429375-66e0581c2adfd820150293.jpg","HighPicSize":"0","No":"7","Title":"Activity","Language":"EN","Updated":"2024-09-10 16:30:52","Origin":"RTB","IsPrivate":"0"},{"ReasonToBuyID":"80803833","Value":"Styles for smiles.","HighPic":"https://inishop.com/img/bullets/122429375-66e0581c2b84e198312237.jpg","HighPicSize":"0","No":"8","Title":"Faces and bands","Language":"EN","Updated":"2024-09-10 16:30:52","Origin":"RTB","IsPrivate":"0"},{"ReasonToBuyID":"80803840","Value":"Help that’s always at hand.","HighPic":"https://inishop.com/img/bullets/122429375-66e0581c2c0f8160064827.jpg","HighPicSize":"0","No":"9","Title":"Safety","Language":"EN","Updated":"2024-09-10 16:30:52","Origin":"RTB","IsPrivate":"0"},{"ReasonToBuyID":"80803846","Value":"A big step toward a smaller footprint.","HighPic":"https://inishop.com/img/bullets/122429375-66e0581c2ca65596425946.jpg","HighPicSize":"0","No":"10","Title":"Carbon neutral","Language":"EN","Updated":"2024-09-10 16:30:52","Origin":"RTB","IsPrivate":"0"},{"ReasonToBuyID":"80803853","Value":"Finely tuned. To you.","HighPic":"https://inishop.com/img/bullets/122429375-66e0581c2d184261293432.jpg","HighPicSize":"0","No":"11","Title":"watchOS 11","Language":"EN","Updated":"2024-09-10 16:30:52","Origin":"RTB","IsPrivate":"0"}],"Reviews":[],"ProductRelated":[],"CatalogObjectCloud":{},"Variants":[],"ProductStory":[],"Dictionary":{"model_name":"Product name","desc":"Description","ean_code":"EAN/UPC code","flash360":"3D tour","demo_msg_part3":"If you don't have an Icecat account, please register here for free.","repairability_index":"Repairability index","zoom_panel_init":"Original size","cat_name":"Category","product_family":"Product family","back_to_top":"Back to top","zoom_panel_out":"Zoom out","specs":"Specs","eu_product_fiche":"EU Product Fiche","reviews_head_name":"Reviews","pdf_specs":"Product Brochure","zoom_panel_in":"Zoom in","html_content":"","release_date":"Release date","demo_msg_part1":"You are using now a Demo account. Please, use your own Icecat account","demo_insert_desc":"This is a demo of a seamless insert of an Icecat LIVE product data-sheet in your website. Imagine that this responsive data-sheet is included in the product page of your webshop.","pdf_url":"User manual","prod_code":"Product code","supplier_name":"Brand","video":"Video","reasons_to_buy":"Reasons to buy","marketing_text":"Description","options_head_name":"Options","product_series":"Product series","demo_msg_part2":"your Icecat login name","link_integrate_desk":"How to integrate Icecat LIVE JavaScript.","zoom_panel_dragg":"Mouse dragging","eu_energy_label":"EU Energy Label"},"DemoAccount":false}}