{"msg":"OK","data":{"GeneralInfo":{"IcecatId":134703594,"ReleaseDate":"","EndOfLifeDate":"","Title":"Verman Ocutifex Eye drops","TitleInfo":{"GeneratedIntTitle":"Verman Ocutifex","GeneratedLocalTitle":{"Value":"Verman Ocutifex Eye drops","Language":"EN"},"BrandLocalTitle":{"Value":"","Language":"EN"}},"Brand":"Verman","BrandID":"43648","BrandLogo":"","BrandInfo":{"BrandName":"Verman","BrandLocalName":"","BrandLogo":""},"ProductName":"Ocutifex","ProductNameInfo":{"ProductIntName":"Ocutifex","ProductLocalName":{"Value":"","Language":"EN"}},"BrandPartCode":"OCUTIFEX","GTIN":[],"Category":{"CategoryID":"4879","Name":{"Value":"Antiallergic Drugs","Language":"EN"}},"ProductFamily":{},"ProductSeries":{"SeriesID":"1"},"Description":{"ID":"104044266","LongDesc":"Fast-acting, long-lasting relief for symptoms of allergies in the eyes. Active substance: ketotifen. Medicine.","LongProductName":"Ocutifex, 0.25mg/ml, 20x 0.4ml","MiddleDesc":"","Disclaimer":"","ManualPDFURL":"","ManualPDFSize":"0","LeafletPDFURL":"","PDFSize":"0","URL":"https://verman.fi/en/products/","WarrantyInfo":"","Updated":"2025-09-09 10:40:09","Language":"EN"},"SummaryDescription":{"ShortSummaryDescription":"Verman Ocutifex, Eye drops","LongSummaryDescription":"Verman Ocutifex. Dosage form: Eye drops, Suitable for: Adults & Children, Minimum age: 3 yr(s)"},"BulletPoints":{},"GeneratedBulletPoints":{},"GTINs":[]},"Image":{"HighPic":"https://inishop.com/img/gallery/70765784c6cf8e6e7ee05f319fc6ec14f6f4f231.jpg","HighPicSize":"67624","HighPicHeight":"290","HighPicWidth":"249","LowPic":"https://inishop.com/img/gallery_lows/6df4d6897ec394ce78d69a2a8f6f0a59efcb74e3.jpg","LowPicSize":"35118","LowPicHeight":"200","LowPicWidth":"172","Pic500x500":"","Pic500x500Size":"0","Pic500x500Height":"0","Pic500x500Width":"0","ThumbPic":"https://inishop.com/img/gallery_thumbs/99f8ac7f073c4e29b4ef38d99f3473e3e09a7c46.jpg","ThumbPicSize":"7030"},"Multimedia":[],"Gallery":[{"ID":"117095115","LowPic":"https://inishop.com/img/gallery_lows/6df4d6897ec394ce78d69a2a8f6f0a59efcb74e3.jpg","LowSize":"35118","LowHeight":"200","LowWidth":"172","ThumbPic":"https://inishop.com/img/gallery_thumbs/99f8ac7f073c4e29b4ef38d99f3473e3e09a7c46.jpg","ThumbPicSize":"7030","Pic":"https://inishop.com/img/gallery/70765784c6cf8e6e7ee05f319fc6ec14f6f4f231.jpg","Size":"67624","PicHeight":"290","PicWidth":"249","Pic500x500":"","Pic500x500Size":"0","Pic500x500Height":"0","Pic500x500Width":"0","No":"1","IsMain":"Y","Updated":"2025-09-09 10:21:08","IsPrivate":"0","Type":"ProductImage","Attributes":{"OriginalFileName":""}}],"FeaturesGroups":[{"ID":17656,"SortNo":"5","FeatureGroup":{"ID":"185","Name":{"Value":"Features","Language":"EN"}},"Features":[{"Localized":0,"ID":835231630,"LocalID":0,"Type":"dropdown","Value":"Eye drops","CategoryFeatureId":"162301","CategoryFeatureGroupID":"17656","SortNo":"100","PresentationValue":"Eye drops","RawValue":"Eye drops","LocalValue":"Eye drops","Description":"","Mandatory":"1","Searchable":"1","Optional":"0","Feature":{"ID":"25712","Sign":"","Measure":{"ID":"29","Sign":"","Signs":{"ID":"","_":"","Language":"EN"}},"Name":{"Value":"Dosage form","Language":"EN"}}},{"Localized":0,"ID":835242382,"LocalID":0,"Type":"dropdown","Value":"Adults & Children","CategoryFeatureId":"162302","CategoryFeatureGroupID":"17656","SortNo":"95","PresentationValue":"Adults & Children","RawValue":"Adults & Children","LocalValue":"Adults & Children","Description":"Who can use the product, or what the product can be used for.","Mandatory":"0","Searchable":"0","Optional":"0","Feature":{"ID":"9202","Sign":"","Measure":{"ID":"29","Sign":"","Signs":{"ID":"","_":"","Language":"EN"}},"Name":{"Value":"Suitable for","Language":"EN"}}},{"Localized":0,"ID":835242381,"LocalID":0,"Type":"numerical","Value":"3","CategoryFeatureId":"162303","CategoryFeatureGroupID":"17656","SortNo":"90","PresentationValue":"3 yr(s)","RawValue":"3","LocalValue":"3","Description":"The minimum age suitable for using this product.","Mandatory":"0","Searchable":"0","Optional":"0","Feature":{"ID":"7769","Sign":"","Measure":{"ID":"439","Sign":"","Signs":{"ID":"39428","_":"yr(s)","Language":"EN"}},"Name":{"Value":"Minimum age","Language":"EN"}}},{"Localized":0,"ID":835242349,"LocalID":0,"Type":"numerical","Value":"12","CategoryFeatureId":"162305","CategoryFeatureGroupID":"17656","SortNo":"80","PresentationValue":"12 h","RawValue":"12","LocalValue":"12","Description":"","Mandatory":"0","Searchable":"0","Optional":"0","Feature":{"ID":"19115","Sign":"","Measure":{"ID":"46","Sign":"","Signs":{"ID":"30","_":"h","Language":"EN"}},"Name":{"Value":"Effect duration","Language":"EN"}}},{"Localized":0,"ID":835242378,"LocalID":0,"Type":"numerical","Value":"20","CategoryFeatureId":"280319","CategoryFeatureGroupID":"17656","SortNo":"0","PresentationValue":"20 pc(s)","RawValue":"20","LocalValue":"20","Description":"","Mandatory":"0","Searchable":"0","Optional":"0","Feature":{"ID":"20228","Sign":"","Measure":{"ID":"144","Sign":"","Signs":{"ID":"125","_":"pc(s)","Language":"EN"}},"Name":{"Value":"Quantity per pack","Language":"EN"}}},{"Localized":0,"ID":835242363,"LocalID":0,"Type":"textarea","Value":"Ketotifen","CategoryFeatureId":"162318","CategoryFeatureGroupID":"17656","SortNo":"-1","PresentationValue":"Ketotifen","RawValue":"Ketotifen","LocalValue":"Ketotifen","Description":"","Mandatory":"0","Searchable":"0","Optional":"0","Feature":{"ID":"16908","Sign":"","Measure":{"ID":"29","Sign":"","Signs":{"ID":"","_":"","Language":"EN"}},"Name":{"Value":"Ingredients","Language":"EN"}}}]},{"ID":18206,"SortNo":"0","FeatureGroup":{"ID":"116","Name":{"Value":"Packaging content","Language":"EN"}},"Features":[{"Localized":0,"ID":835242379,"LocalID":0,"Type":"numerical","Value":"1","CategoryFeatureId":"162311","CategoryFeatureGroupID":"18206","SortNo":"3","PresentationValue":"1","RawValue":"1","LocalValue":"1","Description":"The number of products there are.","Mandatory":"0","Searchable":"0","Optional":"0","Feature":{"ID":"1675","Sign":"","Measure":{"ID":"29","Sign":"","Signs":{"ID":"","_":"","Language":"EN"}},"Name":{"Value":"Quantity","Language":"EN"}}}]}],"FeatureLogos":[],"ReasonsToBuy":[],"Reviews":[],"ProductRelated":[],"CatalogObjectCloud":{},"Variants":[],"ProductStory":[],"Dictionary":{"model_name":"Product name","desc":"Description","ean_code":"EAN/UPC code","flash360":"3D tour","demo_msg_part3":"If you don't have an Icecat account, please register here for free.","repairability_index":"Repairability index","zoom_panel_init":"Original size","cat_name":"Category","product_family":"Product family","back_to_top":"Back to top","zoom_panel_out":"Zoom out","specs":"Specs","eu_product_fiche":"EU Product Fiche","reviews_head_name":"Reviews","pdf_specs":"Product Brochure","zoom_panel_in":"Zoom in","html_content":"","release_date":"Release date","demo_msg_part1":"You are using now a Demo account. Please, use your own Icecat account","demo_insert_desc":"This is a demo of a seamless insert of an Icecat LIVE product data-sheet in your website. Imagine that this responsive data-sheet is included in the product page of your webshop.","pdf_url":"User manual","prod_code":"Product code","supplier_name":"Brand","video":"Video","reasons_to_buy":"Reasons to buy","marketing_text":"Description","options_head_name":"Options","product_series":"Product series","demo_msg_part2":"your Icecat login name","link_integrate_desk":"How to integrate Icecat LIVE JavaScript.","zoom_panel_dragg":"Mouse dragging","eu_energy_label":"EU Energy Label"},"DemoAccount":false}}