{"msg":"OK","data":{"GeneralInfo":{"IcecatId":134703514,"ReleaseDate":"","EndOfLifeDate":"","Title":"ASICS Road Seamless Ss Top T-shirt Crew neck Short sleeve Nylon, Polyester","TitleInfo":{"GeneratedIntTitle":"ASICS Road Seamless Ss Top","GeneratedLocalTitle":{"Value":"ASICS Road Seamless Ss Top T-shirt Crew neck Short sleeve Nylon, Polyester","Language":"EN"},"BrandLocalTitle":{"Value":"","Language":"EN"}},"Brand":"ASICS","BrandID":"13651","BrandLogo":"","BrandInfo":{"BrandName":"ASICS","BrandLocalName":"","BrandLogo":""},"ProductName":"Road Seamless Ss Top","ProductNameInfo":{"ProductIntName":"Road Seamless Ss Top","ProductLocalName":{"Value":"","Language":"EN"}},"BrandPartCode":"2012D292.500 S","GTIN":[],"Category":{"CategoryID":"3504","Name":{"Value":"Shirts & Tops","Language":"EN"}},"ProductFamily":{},"ProductSeries":{"SeriesID":"1"},"Description":{"ID":"104043959","LongDesc":"This product is created with a seamless knit construction that helps prevent chafing so you can keep comfortable and focused.<br><br>This top features ACTIBREEZE technology with the strategic body-mapped knit aeration zones that provide targeted ventilation, advanced breathability, and comfort. It's complemented with thumbholes at the sleeves for convenience for your daily runs.<br><br>At least 50% of the garment's main material is made with recycled polyester to reduce waste and carbon emissions.","LongProductName":"ROAD SEAMLESS SS TOP, Edo Purple, S","MiddleDesc":"","Disclaimer":"","ManualPDFURL":"","ManualPDFSize":"0","LeafletPDFURL":"","PDFSize":"0","URL":"https://www.asics.com/pl/en-pl/road-seamless-ss-top/p/2012D292-500.html","WarrantyInfo":"","Updated":"2025-09-09 08:40:29","Language":"EN"},"SummaryDescription":{"ShortSummaryDescription":"ASICS Road Seamless Ss Top, T-shirt, Adult, Female, Purple, Edo Purple, Monochromatic","LongSummaryDescription":"ASICS Road Seamless Ss Top. Shirt/top type: T-shirt, Consumer life stage: Adult, Gender: Female. Material: Nylon, Polyester, Material description (name, %): 65% Nylon, 35% Polyester. Quantity per pack: 1 pc(s)"},"BulletPoints":{},"GeneratedBulletPoints":{"Language":"EN","Values":["T-shirt Female Purple","Adult","Nylon, Polyester"]},"GTINs":[]},"Image":{"HighPic":"https://inishop.com/img/gallery/1c26fa09c5d95884c5c95f6ddd85f37edf949bdd.jpg","HighPicSize":"106288","HighPicHeight":"768","HighPicWidth":"1024","LowPic":"https://inishop.com/img/gallery_lows/65eeee20b934ba9a18fdbbf14f2d88620059c11f.jpg","LowPicSize":"10711","LowPicHeight":"150","LowPicWidth":"200","Pic500x500":"https://inishop.com/img/gallery_mediums/3f46ea41a438db9ea03b6b791e091ca73e825f38.jpg","Pic500x500Size":"40243","Pic500x500Height":"375","Pic500x500Width":"500","ThumbPic":"https://inishop.com/img/gallery_thumbs/b7f1834f39ef0aed622416b59602279007257a2d.jpg","ThumbPicSize":"3232"},"Multimedia":[],"Gallery":[{"ID":"117094337","LowPic":"https://inishop.com/img/gallery_lows/65eeee20b934ba9a18fdbbf14f2d88620059c11f.jpg","LowSize":"10711","LowHeight":"150","LowWidth":"200","ThumbPic":"https://inishop.com/img/gallery_thumbs/b7f1834f39ef0aed622416b59602279007257a2d.jpg","ThumbPicSize":"3232","Pic":"https://inishop.com/img/gallery/1c26fa09c5d95884c5c95f6ddd85f37edf949bdd.jpg","Size":"106288","PicHeight":"768","PicWidth":"1024","Pic500x500":"https://inishop.com/img/gallery_mediums/3f46ea41a438db9ea03b6b791e091ca73e825f38.jpg","Pic500x500Size":"40243","Pic500x500Height":"375","Pic500x500Width":"500","No":"1","IsMain":"Y","Updated":"2025-09-09 08:38:11","IsPrivate":"0","Type":"ProductImage","Attributes":{"OriginalFileName":""}},{"ID":"117094343","LowPic":"https://inishop.com/img/gallery_lows/41d12f092791c4356ea947884a9832174aca459b.jpg","LowSize":"10977","LowHeight":"150","LowWidth":"200","ThumbPic":"https://inishop.com/img/gallery_thumbs/a685ecf6a07db63929afe8ce01656bb31fe693e9.jpg","ThumbPicSize":"3268","Pic":"https://inishop.com/img/gallery/3d112765086c04d7b7893fac90d86adae5013590.jpg","Size":"115556","PicHeight":"768","PicWidth":"1024","Pic500x500":"https://inishop.com/img/gallery_mediums/195bfb775f77baa160dcd77329a7ed004fa346ad.jpg","Pic500x500Size":"42290","Pic500x500Height":"375","Pic500x500Width":"500","No":"2","IsMain":"N","Updated":"2025-09-09 08:38:13","IsPrivate":"0","Type":"ProductImage","Attributes":{"OriginalFileName":""}},{"ID":"117094344","LowPic":"https://inishop.com/img/gallery_lows/d8528f47eeb42de4a7f9fddf78f5ef0d3ff85195.jpg","LowSize":"9502","LowHeight":"150","LowWidth":"200","ThumbPic":"https://inishop.com/img/gallery_thumbs/6a66c43fd3eeb07ed6c46652f1da656a5d172fac.jpg","ThumbPicSize":"2969","Pic":"https://inishop.com/img/gallery/08cb7c2d4391f561f4d4d4653efc319a8715d724.jpg","Size":"92788","PicHeight":"768","PicWidth":"1024","Pic500x500":"https://inishop.com/img/gallery_mediums/ea792109bcbb990abe1fa68e5c389836930de0f0.jpg","Pic500x500Size":"34756","Pic500x500Height":"375","Pic500x500Width":"500","No":"3","IsMain":"N","Updated":"2025-09-09 08:38:14","IsPrivate":"0","Type":"ProductImage","Attributes":{"OriginalFileName":""}},{"ID":"117094345","LowPic":"https://inishop.com/img/gallery_lows/a1d5849a56a0d81d97ac1c95480609d29e6a49a0.jpg","LowSize":"12084","LowHeight":"150","LowWidth":"200","ThumbPic":"https://inishop.com/img/gallery_thumbs/b9695350c09e30e519d92a1c913e82649e8a4f93.jpg","ThumbPicSize":"3724","Pic":"https://inishop.com/img/gallery/38a874e260dec6f7f37b9c25df56c0b06ae51fc4.jpg","Size":"147115","PicHeight":"768","PicWidth":"1024","Pic500x500":"https://inishop.com/img/gallery_mediums/9d71456206050aeee274f835ee87186c2e11a583.jpg","Pic500x500Size":"48746","Pic500x500Height":"375","Pic500x500Width":"500","No":"4","IsMain":"N","Updated":"2025-09-09 08:38:14","IsPrivate":"0","Type":"ProductImage","Attributes":{"OriginalFileName":""}},{"ID":"117094346","LowPic":"https://inishop.com/img/gallery_lows/f615c502bf6db5d9e1e317970f92a8aef1b8cd22.jpg","LowSize":"15417","LowHeight":"150","LowWidth":"200","ThumbPic":"https://inishop.com/img/gallery_thumbs/d499e1c14c369cd9c2b29f0c046b2d2e38ad9cd2.jpg","ThumbPicSize":"3580","Pic":"https://inishop.com/img/gallery/199137cfb08f9df5297b92d9b9f864c84492cad8.jpg","Size":"485898","PicHeight":"768","PicWidth":"1024","Pic500x500":"https://inishop.com/img/gallery_mediums/ac5492c1a24d05d8dab11e1a998b4547385fda9e.jpg","Pic500x500Size":"111058","Pic500x500Height":"375","Pic500x500Width":"500","No":"5","IsMain":"N","Updated":"2025-09-09 08:38:16","IsPrivate":"0","Type":"ProductImage","Attributes":{"OriginalFileName":""}},{"ID":"117094347","LowPic":"https://inishop.com/img/gallery_lows/c620b72028683f8d0ad07b8011e2b72de6cdb10a.jpg","LowSize":"8160","LowHeight":"150","LowWidth":"200","ThumbPic":"https://inishop.com/img/gallery_thumbs/0634a924303ddd4dea19dec71691eab2b51fd0b3.jpg","ThumbPicSize":"2550","Pic":"https://inishop.com/img/gallery/1d1b65637d7938cf9d9322b5cc1e931086cd6223.jpg","Size":"79155","PicHeight":"768","PicWidth":"1024","Pic500x500":"https://inishop.com/img/gallery_mediums/d886068a384f191f8ed5b231e5a6286b22511bc5.jpg","Pic500x500Size":"29515","Pic500x500Height":"375","Pic500x500Width":"500","No":"6","IsMain":"N","Updated":"2025-09-09 08:38:16","IsPrivate":"0","Type":"ProductImage","Attributes":{"OriginalFileName":""}},{"ID":"117094348","LowPic":"https://inishop.com/img/gallery_lows/2f2800a04b3ed9151ece18c40dec1397bc771ec8.jpg","LowSize":"9119","LowHeight":"150","LowWidth":"200","ThumbPic":"https://inishop.com/img/gallery_thumbs/9757b85cc0e570312d95c8ea54c276668abe3214.jpg","ThumbPicSize":"2445","Pic":"https://inishop.com/img/gallery/18e410dcad7e3abcb41a51b54d055b83cf49034a.jpg","Size":"89333","PicHeight":"768","PicWidth":"1024","Pic500x500":"https://inishop.com/img/gallery_mediums/dc4f2c1dc772b9a5a274e995c33e5995c27bc9e6.jpg","Pic500x500Size":"33048","Pic500x500Height":"375","Pic500x500Width":"500","No":"7","IsMain":"N","Updated":"2025-09-09 08:38:17","IsPrivate":"0","Type":"ProductImage","Attributes":{"OriginalFileName":""}}],"FeaturesGroups":[{"ID":13510,"SortNo":"50","FeatureGroup":{"ID":"185","Name":{"Value":"Features","Language":"EN"}},"Features":[{"Localized":0,"ID":835222958,"LocalID":0,"Type":"text","Value":"Edo Purple","CategoryFeatureId":"290539","CategoryFeatureGroupID":"13510","SortNo":"10000989","PresentationValue":"Edo Purple","RawValue":"Edo Purple","LocalValue":"Edo Purple","Description":"","Mandatory":"0","Searchable":"0","Optional":"0","Feature":{"ID":"37467","Sign":"","Measure":{"ID":"29","Sign":"","Signs":{"ID":"","_":"","Language":"EN"}},"Name":{"Value":"Product extended colour","Language":"EN"}}},{"Localized":0,"ID":835222959,"LocalID":0,"Type":"dropdown","Value":"Monochromatic","CategoryFeatureId":"189646","CategoryFeatureGroupID":"13510","SortNo":"10000986","PresentationValue":"Monochromatic","RawValue":"Monochromatic","LocalValue":"Monochromatic","Description":"","Mandatory":"0","Searchable":"0","Optional":"0","Feature":{"ID":"21118","Sign":"","Measure":{"ID":"29","Sign":"","Signs":{"ID":"","_":"","Language":"EN"}},"Name":{"Value":"Coloration","Language":"EN"}}},{"Localized":0,"ID":835222960,"LocalID":0,"Type":"alphanumeric","Value":"S","CategoryFeatureId":"947049","CategoryFeatureGroupID":"13510","SortNo":"1500","PresentationValue":"S","RawValue":"S","LocalValue":"S","Description":"","Mandatory":"0","Searchable":"0","Optional":"0","Feature":{"ID":"47512","Sign":"","Measure":{"ID":"29","Sign":"","Signs":{"ID":"","_":"","Language":"EN"}},"Name":{"Value":"Size (S/M/L)","Language":"EN"}}},{"Localized":0,"ID":835222953,"LocalID":0,"Type":"dropdown","Value":"T-shirt","CategoryFeatureId":"284565","CategoryFeatureGroupID":"13510","SortNo":"1000","PresentationValue":"T-shirt","RawValue":"T-shirt","LocalValue":"T-shirt","Description":"","Mandatory":"1","Searchable":"1","Optional":"0","Feature":{"ID":"37361","Sign":"","Measure":{"ID":"29","Sign":"","Signs":{"ID":"","_":"","Language":"EN"}},"Name":{"Value":"Shirt/top type","Language":"EN"}}},{"Localized":0,"ID":835222954,"LocalID":0,"Type":"dropdown","Value":"Adult","CategoryFeatureId":"261629","CategoryFeatureGroupID":"13510","SortNo":"999","PresentationValue":"Adult","RawValue":"Adult","LocalValue":"Adult","Description":"","Mandatory":"1","Searchable":"1","Optional":"0","Feature":{"ID":"36987","Sign":"","Measure":{"ID":"29","Sign":"","Signs":{"ID":"","_":"","Language":"EN"}},"Name":{"Value":"Consumer life stage","Language":"EN"}}},{"Localized":0,"ID":835222955,"LocalID":0,"Type":"dropdown","Value":"Female","CategoryFeatureId":"261607","CategoryFeatureGroupID":"13510","SortNo":"998","PresentationValue":"Female","RawValue":"Female","LocalValue":"Female","Description":"Gender (type) of a product.","Mandatory":"1","Searchable":"1","Optional":"0","Feature":{"ID":"3230","Sign":"","Measure":{"ID":"29","Sign":"","Signs":{"ID":"","_":"","Language":"EN"}},"Name":{"Value":"Gender","Language":"EN"}}},{"Localized":0,"ID":835222956,"LocalID":0,"Type":"multi_dropdown","Value":"Purple","CategoryFeatureId":"290356","CategoryFeatureGroupID":"13510","SortNo":"990","PresentationValue":"Purple","RawValue":"Purple","LocalValue":"Purple","Description":"","Mandatory":"1","Searchable":"1","Optional":"0","Feature":{"ID":"37466","Sign":"","Measure":{"ID":"29","Sign":"","Signs":{"ID":"","_":"","Language":"EN"}},"Name":{"Value":"Product main colour","Language":"EN"}}},{"Localized":0,"ID":835223081,"LocalID":0,"Type":"dropdown","Value":"Active / Workout","CategoryFeatureId":"189636","CategoryFeatureGroupID":"13510","SortNo":"980","PresentationValue":"Active / Workout","RawValue":"Active / Workout","LocalValue":"Active / Workout","Description":"","Mandatory":"0","Searchable":"0","Optional":"0","Feature":{"ID":"29202","Sign":"","Measure":{"ID":"29","Sign":"","Signs":{"ID":"","_":"","Language":"EN"}},"Name":{"Value":"Occasion","Language":"EN"}}},{"Localized":0,"ID":835222990,"LocalID":0,"Type":"dropdown","Value":"Crew neck","CategoryFeatureId":"270657","CategoryFeatureGroupID":"13510","SortNo":"950","PresentationValue":"Crew neck","RawValue":"Crew neck","LocalValue":"Crew neck","Description":"","Mandatory":"0","Searchable":"0","Optional":"0","Feature":{"ID":"36517","Sign":"","Measure":{"ID":"29","Sign":"","Signs":{"ID":"","_":"","Language":"EN"}},"Name":{"Value":"Collar/Neckline type","Language":"EN"}}},{"Localized":0,"ID":835223028,"LocalID":0,"Type":"dropdown","Value":"Short sleeve","CategoryFeatureId":"189637","CategoryFeatureGroupID":"13510","SortNo":"900","PresentationValue":"Short sleeve","RawValue":"Short sleeve","LocalValue":"Short sleeve","Description":"The length of the sleeve, e.g. short or long.","Mandatory":"0","Searchable":"0","Optional":"0","Feature":{"ID":"27300","Sign":"","Measure":{"ID":"29","Sign":"","Signs":{"ID":"","_":"","Language":"EN"}},"Name":{"Value":"Sleeve length type","Language":"EN"}}},{"Localized":0,"ID":835294060,"LocalID":0,"Type":"y_n","Value":"Y","CategoryFeatureId":"189668","CategoryFeatureGroupID":"13510","SortNo":"545","PresentationValue":"Yes","RawValue":"Y","LocalValue":"Yes","Description":"","Mandatory":"0","Searchable":"0","Optional":"0","Feature":{"ID":"23227","Sign":"","Measure":{"ID":"26","Sign":"","Signs":{"ID":"","_":"","Language":"EN"}},"Name":{"Value":"Reflective elements","Language":"EN"}}}]},{"ID":22992,"SortNo":"40","FeatureGroup":{"ID":"119","Name":{"Value":"Material","Language":"EN"}},"Features":[{"Localized":0,"ID":835223039,"LocalID":0,"Type":"dropdown","Value":"Nylon,Polyester","CategoryFeatureId":"214279","CategoryFeatureGroupID":"22992","SortNo":"555","PresentationValue":"Nylon, Polyester","RawValue":"Nylon,Polyester","LocalValue":"Nylon, Polyester","Description":"The material from which a thing is or can be made e.g. wood, plastic.","Mandatory":"1","Searchable":"1","Optional":"0","Feature":{"ID":"898","Sign":"","Measure":{"ID":"29","Sign":"","Signs":{"ID":"","_":"","Language":"EN"}},"Name":{"Value":"Material","Language":"EN"}}},{"Localized":0,"ID":835223085,"LocalID":0,"Type":"text","Value":"65% Nylon, 35% Polyester","CategoryFeatureId":"291207","CategoryFeatureGroupID":"22992","SortNo":"550","PresentationValue":"65% Nylon, 35% Polyester","RawValue":"65% Nylon, 35% Polyester","LocalValue":"65% Nylon, 35% Polyester","Description":"","Mandatory":"0","Searchable":"0","Optional":"0","Feature":{"ID":"37462","Sign":"","Measure":{"ID":"29","Sign":"","Signs":{"ID":"","_":"","Language":"EN"}},"Name":{"Value":"Material description (name, %)","Language":"EN"}}},{"Localized":0,"ID":835223065,"LocalID":0,"Type":"y_n","Value":"Y","CategoryFeatureId":"685852","CategoryFeatureGroupID":"22992","SortNo":"-10","PresentationValue":"Yes","RawValue":"Y","LocalValue":"Yes","Description":"","Mandatory":"0","Searchable":"0","Optional":"0","Feature":{"ID":"41070","Sign":"","Measure":{"ID":"26","Sign":"","Signs":{"ID":"","_":"","Language":"EN"}},"Name":{"Value":"Made with recycled materials","Language":"EN"}}}]},{"ID":31108,"SortNo":"5","FeatureGroup":{"ID":"67","Name":{"Value":"Packaging data","Language":"EN"}},"Features":[{"Localized":0,"ID":835294032,"LocalID":0,"Type":"numerical","Value":"1","CategoryFeatureId":"270671","CategoryFeatureGroupID":"31108","SortNo":"15","PresentationValue":"1 pc(s)","RawValue":"1","LocalValue":"1","Description":"","Mandatory":"0","Searchable":"0","Optional":"0","Feature":{"ID":"20228","Sign":"","Measure":{"ID":"144","Sign":"","Signs":{"ID":"125","_":"pc(s)","Language":"EN"}},"Name":{"Value":"Quantity per pack","Language":"EN"}}}]}],"FeatureLogos":[],"ReasonsToBuy":[],"Reviews":[],"ProductRelated":[],"CatalogObjectCloud":{},"Variants":[],"ProductStory":[],"Dictionary":{"model_name":"Product name","desc":"Description","ean_code":"EAN/UPC code","flash360":"3D tour","demo_msg_part3":"If you don't have an Icecat account, please register here for free.","repairability_index":"Repairability index","zoom_panel_init":"Original size","cat_name":"Category","product_family":"Product family","back_to_top":"Back to top","zoom_panel_out":"Zoom out","specs":"Specs","eu_product_fiche":"EU Product Fiche","reviews_head_name":"Reviews","pdf_specs":"Product Brochure","zoom_panel_in":"Zoom in","html_content":"","release_date":"Release date","demo_msg_part1":"You are using now a Demo account. Please, use your own Icecat account","demo_insert_desc":"This is a demo of a seamless insert of an Icecat LIVE product data-sheet in your website. Imagine that this responsive data-sheet is included in the product page of your webshop.","pdf_url":"User manual","prod_code":"Product code","supplier_name":"Brand","video":"Video","reasons_to_buy":"Reasons to buy","marketing_text":"Description","options_head_name":"Options","product_series":"Product series","demo_msg_part2":"your Icecat login name","link_integrate_desk":"How to integrate Icecat LIVE JavaScript.","zoom_panel_dragg":"Mouse dragging","eu_energy_label":"EU Energy Label"},"DemoAccount":false}}