{"msg":"OK","data":{"GeneralInfo":{"IcecatId":134704083,"ReleaseDate":"","EndOfLifeDate":"","Title":"Depend Gel iQ nail polish Metallic","TitleInfo":{"GeneratedIntTitle":"Depend Gel iQ nail polish","GeneratedLocalTitle":{"Value":"Depend Gel iQ nail polish Metallic","Language":"EN"},"BrandLocalTitle":{"Value":"","Language":"EN"}},"Brand":"Depend","BrandID":"43647","BrandLogo":"","BrandInfo":{"BrandName":"Depend","BrandLocalName":"","BrandLogo":""},"ProductName":"Gel iQ","ProductNameInfo":{"ProductIntName":"Gel iQ","ProductLocalName":{"Value":"","Language":"EN"}},"BrandPartCode":"291010124","GTIN":[],"Category":{"CategoryID":"2943","Name":{"Value":"Nail Polishes","Language":"EN"}},"ProductFamily":{},"ProductSeries":{"SeriesID":"1"},"Description":{"ID":"104046235","LongDesc":"Give your nails a magical depth with Gel iQ Effects Cat Eye. Use the magnet and watch patterns and shifts take shape – each stroke creates a new look. Play around with different colored Gel iQ shades as a base and experience how light and angle transform the effect into something entirely unique.<br><br>NOTE: Dual Magnet sold separately.<br><br>The Gel iQ range is expanding with a generation of performance gels, carefully developed to deliver professional results with maximum effect. Cat Eye, Metallic Marble, Chrome, and Metallic Ink allow for designs with light-reflecting pigments and color shifts. The result is sophisticated 3D effects and metallic surfaces that can be used across the entire nail or as details for a tailored finish. The Gel iQ starter kit includes everything you need: UV/LED lamp, top coat, base coat, and cleanser in two different variants. Complete with your choice of polish and remover – and you’re good to go! The UV/LED lamp is specially designed for Depend’s UV/LED curing system. The symbiosis between lamp and polish provides a self-leveling effect where any streaks disappear, even if you haven’t polished completely evenly. The treatment offers a durable result for up to 14 days.<br><br>For removal, you can choose between two options. Method 1 is a gentle removal for the natural nail where the polish is removed with a vegetable special oil and a warm water bath. Method 2, in combination with Removal Wraps, is suitable for those with slightly drier nails. Both options are equally simple and equally effective.","LongProductName":"Gel iQ Effects, Cat Eye - Saturn","MiddleDesc":"","Disclaimer":"","ManualPDFURL":"","ManualPDFSize":"0","LeafletPDFURL":"","PDFSize":"0","URL":"https://dependcosmetic.com/product/new-gel-iq-effects-cat-eye-saturn/","WarrantyInfo":"","Updated":"2025-09-09 13:05:55","Language":"EN"},"SummaryDescription":{"ShortSummaryDescription":"Depend Gel iQ, Cat Eye - Saturn, Coloring, Metallic, Bottle, Brush, Bis-HPMA Poly(1,4-Butanediol)-14/IPDI Copolymer, Hydroxypropyl Methacrylate, Ethyl...","LongSummaryDescription":"Depend Gel iQ. Colour name: Cat Eye - Saturn, Nail polish effect: Coloring, Finish type: Metallic. Number of products included: 1 pc(s)"},"BulletPoints":{},"GeneratedBulletPoints":{"Language":"EN","Values":["Bottle","Cat Eye - Saturn Applicator type: Brush","Finish type: Metallic","Easy to apply"]},"GTINs":[]},"Image":{"HighPic":"https://inishop.com/img/gallery/4208a9ce0adf924666c09e7bc79d337495bbaf89.jpg","HighPicSize":"236547","HighPicHeight":"1058","HighPicWidth":"490","LowPic":"https://inishop.com/img/gallery_lows/8fcfd81326ce56f9b3fb405e93fad1563f964411.jpg","LowPicSize":"12519","LowPicHeight":"200","LowPicWidth":"93","Pic500x500":"https://inishop.com/img/gallery_mediums/04e767f7a4c27af34f849dd4c3d40f490c65b412.jpg","Pic500x500Size":"65482","Pic500x500Height":"500","Pic500x500Width":"232","ThumbPic":"https://inishop.com/img/gallery_thumbs/b8fb5578d60b783def69f6a6330530ecd8a340fe.jpg","ThumbPicSize":"2810"},"Multimedia":[{"ID":"C40593CC-0541-4590-AA9E-8E42F5067E5E","URL":"https://www.youtube.com/watch?v=70a6Tb6GLp8?access=sX6SsgnymQvfZ1XvhqGsJrJ83I0NxMD6CkHpeNs6SsR47EET4N4NjquIQRa6Es94","Type":"video/mp4","ContentType":"text/html","KeepAsUrl":"1","Description":"Gel iQ Effects Cat Eye","Size":"963845","IsPrivate":"0","Updated":"2025-09-09 13:04:49","Language":"EN","IsVideo":1,"ThumbUrl":"https://img.youtube.com/vi/70a6Tb6GLp8/default.jpg?access=sX6SsgnymQvfZ1XvhqGsJrJ83I0NxMD6CkHpeNs6SsR47EET4N4NjquIQRa6Es94","PreviewUrl":"https://img.youtube.com/vi/70a6Tb6GLp8/hqdefault.jpg?access=sX6SsgnymQvfZ1XvhqGsJrJ83I0NxMD6CkHpeNs6SsR47EET4N4NjquIQRa6Es94"}],"Gallery":[{"ID":"117108911","LowPic":"https://inishop.com/img/gallery_lows/8fcfd81326ce56f9b3fb405e93fad1563f964411.jpg","LowSize":"12519","LowHeight":"200","LowWidth":"93","ThumbPic":"https://inishop.com/img/gallery_thumbs/b8fb5578d60b783def69f6a6330530ecd8a340fe.jpg","ThumbPicSize":"2810","Pic":"https://inishop.com/img/gallery/4208a9ce0adf924666c09e7bc79d337495bbaf89.jpg","Size":"236547","PicHeight":"1058","PicWidth":"490","Pic500x500":"https://inishop.com/img/gallery_mediums/04e767f7a4c27af34f849dd4c3d40f490c65b412.jpg","Pic500x500Size":"65482","Pic500x500Height":"500","Pic500x500Width":"232","No":"1","IsMain":"Y","Updated":"2025-09-09 13:04:18","IsPrivate":"0","Type":"ProductImage","Attributes":{"OriginalFileName":""}},{"ID":"117108913","LowPic":"https://inishop.com/img/gallery_lows/65e6ee63f97b8ffe77b2d7e4c2fc07230ee2f517.jpg","LowSize":"31561","LowHeight":"200","LowWidth":"200","ThumbPic":"https://inishop.com/img/gallery_thumbs/5a8265481dd2ee99aaf1f20103b0709f3e2299b7.jpg","ThumbPicSize":"6613","Pic":"https://inishop.com/img/gallery/63f8ea91e3ca7a5eea10c43fc44a8c050e5d3421.jpg","Size":"1362217","PicHeight":"2000","PicWidth":"2000","Pic500x500":"https://inishop.com/img/gallery_mediums/1c64d55a5988af1cda276b6108bbcf486d998d0b.jpg","Pic500x500Size":"165051","Pic500x500Height":"500","Pic500x500Width":"500","No":"2","IsMain":"N","Updated":"2025-09-09 13:04:14","IsPrivate":"0","Type":"ProductImage","Attributes":{"OriginalFileName":""}},{"ID":"117108914","LowPic":"https://inishop.com/img/gallery_lows/76dce7a9e97eefa1f7cda7527d4dd38f0645c14a.jpg","LowSize":"47370","LowHeight":"200","LowWidth":"200","ThumbPic":"https://inishop.com/img/gallery_thumbs/0672e4d3699e94952cd34cd92c8e45b2553806a9.jpg","ThumbPicSize":"9890","Pic":"https://inishop.com/img/gallery/8166f69b9f26a8a94fb6724d9924f3bf464b80ad.jpg","Size":"451981","PicHeight":"1200","PicWidth":"1200","Pic500x500":"https://inishop.com/img/gallery_mediums/9380ce26e53dd70a9a04e9c0910e29c188b5b87f.jpg","Pic500x500Size":"219017","Pic500x500Height":"500","Pic500x500Width":"500","No":"3","IsMain":"N","Updated":"2025-09-09 13:04:15","IsPrivate":"0","Type":"ProductImage","Attributes":{"OriginalFileName":""}},{"ID":"117108915","LowPic":"https://inishop.com/img/gallery_lows/e07e23bf2c2b0b02108b7571e7d1645caf2ac756.jpg","LowSize":"33104","LowHeight":"200","LowWidth":"200","ThumbPic":"https://inishop.com/img/gallery_thumbs/2b855888d33f1f308541a88106bf5dca44965b90.jpg","ThumbPicSize":"6348","Pic":"https://inishop.com/img/gallery/3b8969d5b5f0e109b04d25a2b871405e190e9cb9.jpg","Size":"326124","PicHeight":"1200","PicWidth":"1200","Pic500x500":"https://inishop.com/img/gallery_mediums/b0d4bd160bf37612cefb2fba472f3d41c60a9a9d.jpg","Pic500x500Size":"157984","Pic500x500Height":"500","Pic500x500Width":"500","No":"4","IsMain":"N","Updated":"2025-09-09 13:04:16","IsPrivate":"0","Type":"ProductImage","Attributes":{"OriginalFileName":""}}],"FeaturesGroups":[{"ID":11992,"SortNo":"10","FeatureGroup":{"ID":"185","Name":{"Value":"Features","Language":"EN"}},"Features":[{"Localized":0,"ID":835262531,"LocalID":0,"Type":"text","Value":"Cat Eye - Saturn","CategoryFeatureId":"104004","CategoryFeatureGroupID":"11992","SortNo":"90","PresentationValue":"Cat Eye - Saturn","RawValue":"Cat Eye - Saturn","LocalValue":"Cat Eye - Saturn","Description":"","Mandatory":"1","Searchable":"0","Optional":"0","Feature":{"ID":"17956","Sign":"","Measure":{"ID":"29","Sign":"","Signs":{"ID":"","_":"","Language":"EN"}},"Name":{"Value":"Colour name","Language":"EN"}}},{"Localized":0,"ID":835262524,"LocalID":0,"Type":"dropdown","Value":"Metallic","CategoryFeatureId":"113015","CategoryFeatureGroupID":"11992","SortNo":"70","PresentationValue":"Metallic","RawValue":"Metallic","LocalValue":"Metallic","Description":"The way that a product is finished e.g. a matt or gloss finish.","Mandatory":"0","Searchable":"0","Optional":"0","Feature":{"ID":"2254","Sign":"","Measure":{"ID":"29","Sign":"","Signs":{"ID":"","_":"","Language":"EN"}},"Name":{"Value":"Finish type","Language":"EN"}}},{"Localized":0,"ID":835262534,"LocalID":0,"Type":"multi_dropdown","Value":"Coloring","CategoryFeatureId":"148585","CategoryFeatureGroupID":"11992","SortNo":"69","PresentationValue":"Coloring","RawValue":"Coloring","LocalValue":"Coloring","Description":"","Mandatory":"1","Searchable":"0","Optional":"0","Feature":{"ID":"23999","Sign":"","Measure":{"ID":"29","Sign":"","Signs":{"ID":"","_":"","Language":"EN"}},"Name":{"Value":"Nail polish effect","Language":"EN"}}},{"Localized":0,"ID":835262532,"LocalID":0,"Type":"dropdown","Value":"Bottle","CategoryFeatureId":"146495","CategoryFeatureGroupID":"11992","SortNo":"65","PresentationValue":"Bottle","RawValue":"Bottle","LocalValue":"Bottle","Description":"The type of container from which the product can be dispensed, e.g. bag, tube etc.","Mandatory":"0","Searchable":"0","Optional":"0","Feature":{"ID":"17965","Sign":"","Measure":{"ID":"29","Sign":"","Signs":{"ID":"","_":"","Language":"EN"}},"Name":{"Value":"Dispenser type","Language":"EN"}}},{"Localized":0,"ID":835262527,"LocalID":0,"Type":"y_n","Value":"Y","CategoryFeatureId":"150080","CategoryFeatureGroupID":"11992","SortNo":"50","PresentationValue":"Yes","RawValue":"Y","LocalValue":"Yes","Description":"","Mandatory":"0","Searchable":"0","Optional":"0","Feature":{"ID":"15767","Sign":"","Measure":{"ID":"26","Sign":"","Signs":{"ID":"","_":"","Language":"EN"}},"Name":{"Value":"Easy to apply","Language":"EN"}}},{"Localized":0,"ID":835262535,"LocalID":0,"Type":"dropdown","Value":"Brush","CategoryFeatureId":"338175","CategoryFeatureGroupID":"11992","SortNo":"0","PresentationValue":"Brush","RawValue":"Brush","LocalValue":"Brush","Description":"","Mandatory":"0","Searchable":"0","Optional":"0","Feature":{"ID":"38481","Sign":"","Measure":{"ID":"29","Sign":"","Signs":{"ID":"","_":"","Language":"EN"}},"Name":{"Value":"Applicator type","Language":"EN"}}},{"Localized":0,"ID":835262528,"LocalID":0,"Type":"textarea","Value":"Bis-HPMA Poly(1,4-Butanediol)-14/IPDI Copolymer, Hydroxypropyl Methacrylate, Ethyl Trimethylbenzoyl Phenylphosphinate, Cellulose Acetate Butyrate, Silica, CI 77891, Mica, Polyethylene Terephthalate, CI 77499, CI 77492, BHT, CI 15850, Synthetic Fluorphlogopite, CI 77266, Acrylates Copolymer, CI 77000","CategoryFeatureId":"103962","CategoryFeatureGroupID":"11992","SortNo":"-80","PresentationValue":"Bis-HPMA Poly(1,4-Butanediol)-14/IPDI Copolymer, Hydroxypropyl Methacrylate, Ethyl Trimethylbenzoyl Phenylphosphinate, Cellulose Acetate Butyrate, Silica, CI 77891, Mica, Polyethylene Terephthalate, CI 77499, CI 77492, BHT, CI 15850, Synthetic Fluorphlogopite, CI 77266, Acrylates Copolymer, CI 77000","RawValue":"Bis-HPMA Poly(1,4-Butanediol)-14/IPDI Copolymer, Hydroxypropyl Methacrylate, Ethyl Trimethylbenzoyl Phenylphosphinate, Cellulose Acetate Butyrate, Silica, CI 77891, Mica, Polyethylene Terephthalate, CI 77499, CI 77492, BHT, CI 15850, Synthetic Fluorphlogopite, CI 77266, Acrylates Copolymer, CI 77000","LocalValue":"Bis-HPMA Poly(1,4-Butanediol)-14/IPDI Copolymer, Hydroxypropyl Methacrylate, Ethyl Trimethylbenzoyl Phenylphosphinate, Cellulose Acetate Butyrate, Silica, CI 77891, Mica, Polyethylene Terephthalate, CI 77499, CI 77492, BHT, CI 15850, Synthetic Fluorphlogopite, CI 77266, Acrylates Copolymer, CI 77000","Description":"","Mandatory":"0","Searchable":"0","Optional":"0","Feature":{"ID":"16908","Sign":"","Measure":{"ID":"29","Sign":"","Signs":{"ID":"","_":"","Language":"EN"}},"Name":{"Value":"Ingredients","Language":"EN"}}}]},{"ID":77254,"SortNo":"0","FeatureGroup":{"ID":"67","Name":{"Value":"Packaging data","Language":"EN"}},"Features":[{"Localized":0,"ID":835262526,"LocalID":0,"Type":"numerical","Value":"1","CategoryFeatureId":"104007","CategoryFeatureGroupID":"77254","SortNo":"150","PresentationValue":"1 pc(s)","RawValue":"1","LocalValue":"1","Description":"The number of products that are included in the package.","Mandatory":"1","Searchable":"0","Optional":"0","Feature":{"ID":"5456","Sign":"","Measure":{"ID":"144","Sign":"","Signs":{"ID":"125","_":"pc(s)","Language":"EN"}},"Name":{"Value":"Number of products included","Language":"EN"}}}]}],"FeatureLogos":[],"ReasonsToBuy":[],"Reviews":[],"ProductRelated":[],"CatalogObjectCloud":{},"Variants":[],"ProductStory":[],"Dictionary":{"model_name":"Product name","desc":"Description","ean_code":"EAN/UPC code","flash360":"3D tour","demo_msg_part3":"If you don't have an Icecat account, please register here for free.","repairability_index":"Repairability index","zoom_panel_init":"Original size","cat_name":"Category","product_family":"Product family","back_to_top":"Back to top","zoom_panel_out":"Zoom out","specs":"Specs","eu_product_fiche":"EU Product Fiche","reviews_head_name":"Reviews","pdf_specs":"Product Brochure","zoom_panel_in":"Zoom in","html_content":"","release_date":"Release date","demo_msg_part1":"You are using now a Demo account. Please, use your own Icecat account","demo_insert_desc":"This is a demo of a seamless insert of an Icecat LIVE product data-sheet in your website. Imagine that this responsive data-sheet is included in the product page of your webshop.","pdf_url":"User manual","prod_code":"Product code","supplier_name":"Brand","video":"Video","reasons_to_buy":"Reasons to buy","marketing_text":"Description","options_head_name":"Options","product_series":"Product series","demo_msg_part2":"your Icecat login name","link_integrate_desk":"How to integrate Icecat LIVE JavaScript.","zoom_panel_dragg":"Mouse dragging","eu_energy_label":"EU Energy Label"},"DemoAccount":false}}