{"msg":"OK","data":{"GeneralInfo":{"IcecatId":88029051,"ReleaseDate":"","EndOfLifeDate":"","Title":"L’Oréal Paris Color Riche Lipstick 108 Copper Brown Satin","TitleInfo":{"GeneratedIntTitle":"L’Oréal Paris Color Riche Lipstick","GeneratedLocalTitle":{"Value":"L’Oréal Paris Color Riche Lipstick 108 Copper Brown Satin","Language":"EN"},"BrandLocalTitle":{"Value":"","Language":"EN"}},"Brand":"L’Oréal Paris","BrandID":"9836","BrandLogo":"https://inishop.com/img/brand/thumb/9836_9cd51aa6c77b460788354803eb39d789.jpg","BrandInfo":{"BrandName":"L’Oréal Paris","BrandLocalName":"","BrandLogo":"https://inishop.com/img/brand/thumb/9836_9cd51aa6c77b460788354803eb39d789.jpg"},"ProductName":"Color Riche Lipstick","ProductNameInfo":{"ProductIntName":"Color Riche Lipstick","ProductLocalName":{"Value":"","Language":"EN"}},"BrandPartCode":"3054080009061","GTIN":["3054080009061"],"Category":{"CategoryID":"3005","Name":{"Value":"Lipsticks","Language":"EN"}},"ProductFamily":{},"ProductSeries":{"SeriesID":"1"},"Description":{"ID":"82051835","LongDesc":"Indulge in richness beyond compare with our most luxuriously rich color and intensely rich hydration. Colour Riche® Lipcolour is richer, creamier and more moisturizing than ever before. In addition to nourishing ingredients like Omega 3 and Vitamin E, the formula is enriched with Argan Oil to condition and soften lips. Your lips are kept soft, smooth, and ultra-hydrated. With a spectrum of 42 gorgeous shades from bold to nearly nude, Colour Riche® Lipcolour offers a shade that’s perfect for every look and any occasion.","LongProductName":"Color Riche Lipstick, 108 Copper Brown","MiddleDesc":"","Disclaimer":"","ManualPDFURL":"","ManualPDFSize":"0","LeafletPDFURL":"","PDFSize":"0","URL":"https://www.lorealparisusa.com/en/products/makeup/lips/lip-color/colour-riche-lipcolour.aspx","WarrantyInfo":"","Updated":"2025-09-09 07:50:19","Language":"EN"},"SummaryDescription":{"ShortSummaryDescription":"L’Oréal Paris Color Riche Lipstick, Brown, Copper Brown, 1 colours, Coloring, Nourishing, Softening, Women, Satin","LongSummaryDescription":"L’Oréal Paris Color Riche Lipstick. Colour group: Brown, Colour name: Copper Brown, Number of colours: 1 colours. Number of products included: 1 pc(s)"},"BulletPoints":{},"GeneratedBulletPoints":{"Language":"EN","Values":["Brown 108 1 colours","Finishing: Satin","Lipstick effect: Coloring, Nourishing, Softening"]},"GTINs":[{"GTIN":"3054080009061","IsApproved":true}]},"Image":{"HighPic":"https://inishop.com/img/gallery/88029051_2493583165.jpg","HighPicSize":"21605","HighPicHeight":"355","HighPicWidth":"325","LowPic":"https://inishop.com/img/gallery_lows/88029051_2493583165.jpg","LowPicSize":"8582","LowPicHeight":"200","LowPicWidth":"183","Pic500x500":"","Pic500x500Size":"0","Pic500x500Height":"0","Pic500x500Width":"0","ThumbPic":"https://inishop.com/img/gallery_thumbs/88029051_2493583165.jpg","ThumbPicSize":"2437"},"Multimedia":[],"Gallery":[{"ID":"55056381","LowPic":"https://inishop.com/img/gallery_lows/88029051_2493583165.jpg","LowSize":"8582","LowHeight":"200","LowWidth":"183","ThumbPic":"https://inishop.com/img/gallery_thumbs/88029051_2493583165.jpg","ThumbPicSize":"2437","Pic":"https://inishop.com/img/gallery/88029051_2493583165.jpg","Size":"21605","PicHeight":"355","PicWidth":"325","Pic500x500":"","Pic500x500Size":"0","Pic500x500Height":"0","Pic500x500Width":"0","No":"1","IsMain":"Y","Updated":"2021-07-30 13:55:37","IsPrivate":"0","Type":"ProductImage","Attributes":{"OriginalFileName":""}}],"FeaturesGroups":[{"ID":12078,"SortNo":"100","FeatureGroup":{"ID":"185","Name":{"Value":"Features","Language":"EN"}},"Features":[{"Localized":0,"ID":431152975,"LocalID":0,"Type":"dropdown","Value":"Women","CategoryFeatureId":"145869","CategoryFeatureGroupID":"12078","SortNo":"10000095","PresentationValue":"Women","RawValue":"Women","LocalValue":"Women","Description":"Who can use the product, or what the product can be used for.","Mandatory":"0","Searchable":"0","Optional":"0","Feature":{"ID":"9202","Sign":"","Measure":{"ID":"29","Sign":"","Signs":{"ID":"","_":"","Language":"EN"}},"Name":{"Value":"Suitable for","Language":"EN"}}},{"Localized":0,"ID":431152980,"LocalID":0,"Type":"dropdown","Value":"Brown","CategoryFeatureId":"105224","CategoryFeatureGroupID":"12078","SortNo":"60","PresentationValue":"Brown","RawValue":"Brown","LocalValue":"Brown","Description":"The broader definiton of the colour spectrum of the product, e.g. black or auburn.","Mandatory":"1","Searchable":"1","Optional":"0","Feature":{"ID":"17357","Sign":"","Measure":{"ID":"29","Sign":"","Signs":{"ID":"","_":"","Language":"EN"}},"Name":{"Value":"Colour group","Language":"EN"}}},{"Localized":0,"ID":431152990,"LocalID":0,"Type":"alphanumeric","Value":"108","CategoryFeatureId":"105225","CategoryFeatureGroupID":"12078","SortNo":"49","PresentationValue":"108","RawValue":"108","LocalValue":"108","Description":"","Mandatory":"1","Searchable":"0","Optional":"0","Feature":{"ID":"17540","Sign":"","Measure":{"ID":"29","Sign":"","Signs":{"ID":"","_":"","Language":"EN"}},"Name":{"Value":"Colour code","Language":"EN"}}},{"Localized":0,"ID":431152995,"LocalID":0,"Type":"text","Value":"Copper Brown","CategoryFeatureId":"105226","CategoryFeatureGroupID":"12078","SortNo":"48","PresentationValue":"Copper Brown","RawValue":"Copper Brown","LocalValue":"Copper Brown","Description":"","Mandatory":"1","Searchable":"0","Optional":"0","Feature":{"ID":"17956","Sign":"","Measure":{"ID":"29","Sign":"","Signs":{"ID":"","_":"","Language":"EN"}},"Name":{"Value":"Colour name","Language":"EN"}}},{"Localized":0,"ID":431153001,"LocalID":0,"Type":"numerical","Value":"1","CategoryFeatureId":"145622","CategoryFeatureGroupID":"12078","SortNo":"45","PresentationValue":"1 colours","RawValue":"1","LocalValue":"1","Description":"","Mandatory":"1","Searchable":"0","Optional":"0","Feature":{"ID":"3530","Sign":"","Measure":{"ID":"375","Sign":"","Signs":{"ID":"30608","_":"colours","Language":"EN"}},"Name":{"Value":"Number of colours","Language":"EN"}}},{"Localized":0,"ID":431152997,"LocalID":0,"Type":"dropdown","Value":"Satin","CategoryFeatureId":"145871","CategoryFeatureGroupID":"12078","SortNo":"44","PresentationValue":"Satin","RawValue":"Satin","LocalValue":"Satin","Description":"","Mandatory":"0","Searchable":"0","Optional":"0","Feature":{"ID":"12230","Sign":"","Measure":{"ID":"29","Sign":"","Signs":{"ID":"","_":"","Language":"EN"}},"Name":{"Value":"Finishing","Language":"EN"}}},{"Localized":0,"ID":835291492,"LocalID":0,"Type":"dropdown","Value":"Bottle","CategoryFeatureId":"326729","CategoryFeatureGroupID":"12078","SortNo":"44","PresentationValue":"Bottle","RawValue":"Bottle","LocalValue":"Bottle","Description":"The type of container from which the product can be dispensed, e.g. bag, tube etc.","Mandatory":"0","Searchable":"0","Optional":"0","Feature":{"ID":"17965","Sign":"","Measure":{"ID":"29","Sign":"","Signs":{"ID":"","_":"","Language":"EN"}},"Name":{"Value":"Dispenser type","Language":"EN"}}},{"Localized":0,"ID":835291496,"LocalID":0,"Type":"dropdown","Value":"High","CategoryFeatureId":"692788","CategoryFeatureGroupID":"12078","SortNo":"44","PresentationValue":"High","RawValue":"High","LocalValue":"High","Description":"","Mandatory":"0","Searchable":"0","Optional":"0","Feature":{"ID":"42861","Sign":"","Measure":{"ID":"29","Sign":"","Signs":{"ID":"","_":"","Language":"EN"}},"Name":{"Value":"Covering level","Language":"EN"}}},{"Localized":0,"ID":835291498,"LocalID":0,"Type":"dropdown","Value":"Mechanical (hand winding)","CategoryFeatureId":"326730","CategoryFeatureGroupID":"12078","SortNo":"43","PresentationValue":"Mechanical (hand winding)","RawValue":"Mechanical (hand winding)","LocalValue":"Mechanical (hand winding)","Description":"The type of mechanism used in the product.","Mandatory":"0","Searchable":"0","Optional":"0","Feature":{"ID":"11027","Sign":"","Measure":{"ID":"29","Sign":"","Signs":{"ID":"","_":"","Language":"EN"}},"Name":{"Value":"Mechanism type","Language":"EN"}}},{"Localized":0,"ID":835220070,"LocalID":0,"Type":"multi_dropdown","Value":"Coloring,Nourishing,Softening","CategoryFeatureId":"145874","CategoryFeatureGroupID":"12078","SortNo":"37","PresentationValue":"Coloring, Nourishing, Softening","RawValue":"Coloring,Nourishing,Softening","LocalValue":"Coloring, Nourishing, Softening","Description":"","Mandatory":"1","Searchable":"0","Optional":"0","Feature":{"ID":"23716","Sign":"","Measure":{"ID":"29","Sign":"","Signs":{"ID":"","_":"","Language":"EN"}},"Name":{"Value":"Lipstick effect","Language":"EN"}}},{"Localized":0,"ID":835220068,"LocalID":0,"Type":"y_n","Value":"N","CategoryFeatureId":"105228","CategoryFeatureGroupID":"12078","SortNo":"25","PresentationValue":"No","RawValue":"N","LocalValue":"No","Description":"","Mandatory":"1","Searchable":"0","Optional":"0","Feature":{"ID":"17996","Sign":"","Measure":{"ID":"26","Sign":"","Signs":{"ID":"","_":"","Language":"EN"}},"Name":{"Value":"Sun protection","Language":"EN"}}}]},{"ID":15807,"SortNo":"-30","FeatureGroup":{"ID":"116","Name":{"Value":"Packaging content","Language":"EN"}},"Features":[{"Localized":0,"ID":459234755,"LocalID":0,"Type":"numerical","Value":"1","CategoryFeatureId":"105233","CategoryFeatureGroupID":"15807","SortNo":"-150","PresentationValue":"1 pc(s)","RawValue":"1","LocalValue":"1","Description":"The number of products that are included in the package.","Mandatory":"1","Searchable":"0","Optional":"0","Feature":{"ID":"5456","Sign":"","Measure":{"ID":"144","Sign":"","Signs":{"ID":"125","_":"pc(s)","Language":"EN"}},"Name":{"Value":"Number of products included","Language":"EN"}}}]}],"FeatureLogos":[],"ReasonsToBuy":[],"Reviews":[],"ProductRelated":[{"ID":214374953,"CategoryID":3005,"Preferred":0,"IcecatID":88029091,"ProductCode":"3054080055846","ThumbPic":"","ProductName":"Color Riche Satin 303 Rose Tendre","Brand":"L’Oréal Paris","BrandID":9836,"ProductRelatedLocales":[{"ID":0,"Language":"EN","Preferred":0,"StartDate":"","EndDate":""}]},{"ID":214374905,"CategoryID":3005,"Preferred":0,"IcecatID":29910929,"ProductCode":"3600523185351","ThumbPic":"","ProductName":"Color Riche 435 Plum My Nights","Brand":"L’Oréal Paris","BrandID":9836,"ProductRelatedLocales":[{"ID":0,"Language":"EN","Preferred":0,"StartDate":"","EndDate":""}]},{"ID":214374904,"CategoryID":3005,"Preferred":0,"IcecatID":25962896,"ProductCode":"3600521114582","ThumbPic":"","ProductName":"CRichNatIntNULOFR/GB/A 231 Sepia/Si","Brand":"L’Oréal Paris","BrandID":9836,"ProductRelatedLocales":[{"ID":0,"Language":"EN","Preferred":0,"StartDate":"","EndDate":""}]},{"ID":214374902,"CategoryID":3005,"Preferred":0,"IcecatID":22641534,"ProductCode":"3600521114605","ThumbPic":"","ProductName":"Color Riche Lip 233","Brand":"L’Oréal Paris","BrandID":9836,"ProductRelatedLocales":[{"ID":0,"Language":"EN","Preferred":0,"StartDate":"","EndDate":""}]},{"ID":214374901,"CategoryID":3005,"Preferred":0,"IcecatID":22641531,"ProductCode":"3600521114599","ThumbPic":"","ProductName":"Color Riche Lip 232","Brand":"L’Oréal Paris","BrandID":9836,"ProductRelatedLocales":[{"ID":0,"Language":"EN","Preferred":0,"StartDate":"","EndDate":""}]},{"ID":214374900,"CategoryID":3005,"Preferred":0,"IcecatID":22641527,"ProductCode":"3600521342015","ThumbPic":"","ProductName":"Color Riche Lip 258","Brand":"L’Oréal Paris","BrandID":9836,"ProductRelatedLocales":[{"ID":0,"Language":"EN","Preferred":0,"StartDate":"","EndDate":""}]}],"CatalogObjectCloud":{},"Variants":[],"ProductStory":[],"Dictionary":{"model_name":"Product name","desc":"Description","ean_code":"EAN/UPC code","flash360":"3D tour","demo_msg_part3":"If you don't have an Icecat account, please register here for free.","repairability_index":"Repairability index","zoom_panel_init":"Original size","cat_name":"Category","product_family":"Product family","back_to_top":"Back to top","zoom_panel_out":"Zoom out","specs":"Specs","eu_product_fiche":"EU Product Fiche","reviews_head_name":"Reviews","pdf_specs":"Product Brochure","zoom_panel_in":"Zoom in","html_content":"","release_date":"Release date","demo_msg_part1":"You are using now a Demo account. Please, use your own Icecat account","demo_insert_desc":"This is a demo of a seamless insert of an Icecat LIVE product data-sheet in your website. Imagine that this responsive data-sheet is included in the product page of your webshop.","pdf_url":"User manual","prod_code":"Product code","supplier_name":"Brand","video":"Video","reasons_to_buy":"Reasons to buy","marketing_text":"Description","options_head_name":"Options","product_series":"Product series","demo_msg_part2":"your Icecat login name","link_integrate_desk":"How to integrate Icecat LIVE JavaScript.","zoom_panel_dragg":"Mouse dragging","eu_energy_label":"EU Energy Label"},"DemoAccount":false}}