{"msg":"OK","data":{"GeneralInfo":{"IcecatId":91936878,"ReleaseDate":"","EndOfLifeDate":"","Title":"Philips P Line 439P1/00 LED display 108 cm (42.5\") 3840 x 2160 pixels 4K Ultra HD Black","TitleInfo":{"GeneratedIntTitle":"Philips P Line 439P1/00 LED display","GeneratedLocalTitle":{"Value":"Philips P Line 439P1/00 LED display 108 cm (42.5\") 3840 x 2160 pixels 4K Ultra HD Black","Language":"EN"},"BrandLocalTitle":{"Value":"","Language":"EN"}},"Brand":"Philips","BrandID":"25","BrandLogo":"https://images.icecat.biz/img/brand/thumb/25_c26c0239c23244eaaccd8bb3e8990a9e.jpg","BrandInfo":{"BrandName":"Philips","BrandLocalName":"","BrandLogo":"https://images.icecat.biz/img/brand/thumb/25_c26c0239c23244eaaccd8bb3e8990a9e.jpg"},"ProductName":"439P1/00","ProductNameInfo":{"ProductIntName":"439P1/00","ProductLocalName":{"Value":"","Language":"EN"}},"BrandPartCode":"439P1/00","GTIN":["8712581776947"],"Category":{"CategoryID":"222","Name":{"Value":"Computer Monitors","Language":"EN"}},"ProductFamily":{"ProductFamilyID":"70325","Value":"P Line","Language":"EN"},"ProductSeries":{"SeriesID":"1"},"Description":{"ID":"80598807","LongDesc":"The Philips USB-C docking display for comprehensive solution. View UltraClear 4K UHD and re-charge a laptop, all at the same time with a single USB-C cable. Integrated KVM switch and multiple connection for performance and convenience.","LongProductName":"Business Monitor 439P1 4K Ultra HD LCD display with MultiView","MiddleDesc":"","Disclaimer":"","ManualPDFURL":"https://objects.icecat.biz/objects/mmo_91936878_1656274034_21_25509.pdf","ManualPDFSize":"4692541","LeafletPDFURL":"https://objects.icecat.biz/objects/mmo_91936878_1655906154_0988_19087.pdf","PDFSize":"936259","URL":"https://mmdmonitors.com/","WarrantyInfo":"","Updated":"2025-07-06 08:43:52","Language":"EN"},"SummaryDescription":{"ShortSummaryDescription":"Philips P Line 439P1/00, 108 cm (42.5\"), 3840 x 2160 pixels, 4K Ultra HD, LED, 4 ms, Black","LongSummaryDescription":"Philips P Line 439P1/00. Display diagonal: 108 cm (42.5\"), Display resolution: 3840 x 2160 pixels, HD type: 4K Ultra HD, Display technology: LED, Display surface: Matt, Response time: 4 ms, Native aspect ratio: 16:9, Viewing angle, horizontal: 178°, Viewing angle, vertical: 178°. Built-in speaker(s). Built-in USB hub. VESA mounting, Height adjustment. Product colour: Black"},"BulletPoints":{},"GeneratedBulletPoints":{"Language":"EN","Values":["108 cm (42.5\") LED VA","4K Ultra HD 3840 x 2160 pixels 16:9","60 Hz 4 ms 400 cd/m² 4000:1","Flicker-free technology","G 55 kWh 46 W"]},"GTINs":[{"GTIN":"8712581776947","IsApproved":true}],"VirtualCategory":[{"VirtualCategoryID":"122","UNCATID":"","Value":"LED Displays","Language":"EN"}]},"Image":{"HighPic":"https://images.icecat.biz/img/gallery/1f580d66689d1e20062aed5aa9e9f937.jpg","HighPicSize":"1609983","HighPicHeight":"2000","HighPicWidth":"2000","LowPic":"https://images.icecat.biz/img/gallery_lows/1f580d66689d1e20062aed5aa9e9f937.jpg","LowPicSize":"37754","LowPicHeight":"200","LowPicWidth":"200","Pic500x500":"https://images.icecat.biz/img/gallery_mediums/1f580d66689d1e20062aed5aa9e9f937.jpg","Pic500x500Size":"189585","Pic500x500Height":"500","Pic500x500Width":"500","ThumbPic":"https://images.icecat.biz/img/gallery_thumbs/1f580d66689d1e20062aed5aa9e9f937.jpg","ThumbPicSize":"7364"},"Multimedia":[{"ID":"1B9B4A2F-ED68-4695-AC1E-6E9B19A582FC","URL":"https://objects.icecat.biz/objects/mmo_91936878_1656274034_21_25509.pdf","Type":"manual pdf","ContentType":"application/pdf","KeepAsUrl":"0","Description":"User manual","Size":"4692541","IsPrivate":"0","Updated":"2022-12-18 09:20:29","Language":"EN","IsVideo":0},{"ID":"C2F90124-DA0F-44DE-8CFA-74C6511325D7","URL":"https://objects.icecat.biz/objects/mmo_91936878_1705069086_2243_2808106.pdf","Type":"other digital assets","ContentType":"application/pdf","KeepAsUrl":"0","Description":"439P1/00_QSG_en_GB","Size":"12158840","IsPrivate":"0","Updated":"2024-01-12 15:18:06","Language":"EN","IsVideo":0},{"ID":"CCD928DF-FAAA-479D-A1FB-2DA042F50E12","URL":"https://objects.icecat.biz/objects/mmo_91936878_1752394285_3052_3850656.pdf","Type":"EU Energy Label","ContentType":"application/pdf","KeepAsUrl":"0","Description":"EU Energy Label","Size":"339451","IsPrivate":"0","Updated":"2025-07-13 10:11:26","Language":"","IsVideo":0,"EprelLink":"https://eprel.ec.europa.eu/qr/587235","LabelType":"rescaled","ConvertedURL":"https://objects.icecat.biz/objects/91936878_29639500.jpeg","ConvertedContentType":"image/jpeg","ConvertedSize":152221,"EprelId":587235},{"ID":"F4ECB8C4-D6F4-4641-A37D-3DAA267F873B","URL":"https://objects.icecat.biz/objects/mmo_91936878_1750041588_9517_134517.txt","Type":"ProductStory2.0","ContentType":"text/html","KeepAsUrl":"0","Description":"ProductStory2.0","Size":"14885","IsPrivate":"0","Updated":"2025-06-16 04:39:49","Language":"EN","IsVideo":0},{"ID":"F4D11517-94B2-4F14-8FFD-4C3457E4A32E","URL":"https://live-html.icecat.biz/6bbeceee733f20f23009cddb542393a2/index.html","Type":"ProductStory","ContentType":"application/zip","KeepAsUrl":"0","Description":"ProductStory","Size":"4435","IsPrivate":"0","Updated":"2025-06-16 04:39:55","Language":"EN","IsVideo":0},{"ID":"00000000-0000-0000-0000-000000000000","URL":"https://icecat.biz/rest/product-pdf?productId=91936878&lang=en","Type":"leaflet","ContentType":"application/pdf","KeepAsUrl":"0","Description":"Brochure Philips 439P1/00","Size":"0","IsPrivate":"0","Updated":"2025-09-09 13:49:39","Language":"EN","IsVideo":0}],"Gallery":[{"ID":"85274248","LowPic":"https://images.icecat.biz/img/gallery_lows/1f580d66689d1e20062aed5aa9e9f937.jpg","LowSize":"37754","LowHeight":"200","LowWidth":"200","ThumbPic":"https://images.icecat.biz/img/gallery_thumbs/1f580d66689d1e20062aed5aa9e9f937.jpg","ThumbPicSize":"7364","Pic":"https://images.icecat.biz/img/gallery/1f580d66689d1e20062aed5aa9e9f937.jpg","Size":"1609983","PicHeight":"2000","PicWidth":"2000","Pic500x500":"https://images.icecat.biz/img/gallery_mediums/1f580d66689d1e20062aed5aa9e9f937.jpg","Pic500x500Size":"189585","Pic500x500Height":"500","Pic500x500Width":"500","No":"1","IsMain":"Y","Updated":"2025-07-27 09:49:45","IsPrivate":"0","Type":"ProductImage","Attributes":{"OriginalFileName":""}},{"ID":"112442756","LowPic":"https://images.icecat.biz/img/gallery_lows/4e57bd2d98b6c4fb8367779c3ab5274d2b4f9fcd.jpg","LowSize":"37626","LowHeight":"197","LowWidth":"200","ThumbPic":"https://images.icecat.biz/img/gallery_thumbs/ca939960a09b3a8119b2f83c62ff045931dae43e.jpg","ThumbPicSize":"7355","Pic":"https://images.icecat.biz/img/gallery/33c49f288e8ebc21ae49276f2864463a2a0e54f9.jpg","Size":"744866","PicHeight":"1181","PicWidth":"1200","Pic500x500":"https://images.icecat.biz/img/gallery_mediums/daba98cf69e0361fc5487f76b15e50826d5e2c69.jpg","Pic500x500Size":"175928","Pic500x500Height":"492","Pic500x500Width":"500","No":"2","IsMain":"N","Updated":"2025-07-27 09:49:45","IsPrivate":"0","Type":"ProductImage","Attributes":{"OriginalFileName":""}},{"ID":"112442762","LowPic":"https://images.icecat.biz/img/gallery_lows/acd9c3f418b02c06d16bd5c8eb1ed60c99532ea8.jpg","LowSize":"39587","LowHeight":"197","LowWidth":"200","ThumbPic":"https://images.icecat.biz/img/gallery_thumbs/5053502ed35b855dfae9cfb10a624b989ec48406.jpg","ThumbPicSize":"8172","Pic":"https://images.icecat.biz/img/gallery/efdb834bb9c90dd3e8090b40811d031330565340.jpg","Size":"769329","PicHeight":"1181","PicWidth":"1200","Pic500x500":"https://images.icecat.biz/img/gallery_mediums/2557db4c07437263a8dcbbec22f6f6b7b2c13fc1.jpg","Pic500x500Size":"185064","Pic500x500Height":"492","Pic500x500Width":"500","No":"3","IsMain":"N","Updated":"2025-07-27 09:49:45","IsPrivate":"0","Type":"ProductImage","Attributes":{"OriginalFileName":""}},{"ID":"112442765","LowPic":"https://images.icecat.biz/img/gallery_lows/051652c7fec55613898954c7bd494e473ede6898.jpg","LowSize":"39885","LowHeight":"197","LowWidth":"200","ThumbPic":"https://images.icecat.biz/img/gallery_thumbs/73a3f2d16f0568c881a7c8cecb92ba45bc309cfe.jpg","ThumbPicSize":"8144","Pic":"https://images.icecat.biz/img/gallery/deeb3c63ee7b81a452dd448976a0f62a59d6614d.jpg","Size":"791098","PicHeight":"1181","PicWidth":"1200","Pic500x500":"https://images.icecat.biz/img/gallery_mediums/f5439cb6209906d5ea1bfddee91f3f08176e6786.jpg","Pic500x500Size":"187421","Pic500x500Height":"492","Pic500x500Width":"500","No":"4","IsMain":"N","Updated":"2025-07-27 09:49:45","IsPrivate":"0","Type":"ProductImage","Attributes":{"OriginalFileName":""}},{"ID":"112442771","LowPic":"https://images.icecat.biz/img/gallery_lows/eb13e7dd9a49da42fd80603aff4fa4296d54db72.jpg","LowSize":"4923","LowHeight":"197","LowWidth":"200","ThumbPic":"https://images.icecat.biz/img/gallery_thumbs/f0933977606426ea23dbf77586d3ee1a379405d7.jpg","ThumbPicSize":"1528","Pic":"https://images.icecat.biz/img/gallery/408a8e0d2d1f474254e362c4887791200392618a.jpg","Size":"79774","PicHeight":"1181","PicWidth":"1200","Pic500x500":"https://images.icecat.biz/img/gallery_mediums/781b81ccb132b85ea1fcec7b4cc01697d087919f.jpg","Pic500x500Size":"20438","Pic500x500Height":"492","Pic500x500Width":"500","No":"5","IsMain":"N","Updated":"2025-07-27 09:49:45","IsPrivate":"0","Type":"ProductImage","Attributes":{"OriginalFileName":""}},{"ID":"112442773","LowPic":"https://images.icecat.biz/img/gallery_lows/f2ce11a256122d9f15d596e222fcaed66837c3d2.jpg","LowSize":"5387","LowHeight":"197","LowWidth":"200","ThumbPic":"https://images.icecat.biz/img/gallery_thumbs/1d374bf66ca405be192e5bb65acadb7f6666e8a9.jpg","ThumbPicSize":"1831","Pic":"https://images.icecat.biz/img/gallery/34a85dc5f881351246183662688187bf17d68a65.jpg","Size":"81130","PicHeight":"1181","PicWidth":"1200","Pic500x500":"https://images.icecat.biz/img/gallery_mediums/9cd299dfc8ea872c659a7980f8b437cd6920bcf7.jpg","Pic500x500Size":"18762","Pic500x500Height":"492","Pic500x500Width":"500","No":"6","IsMain":"N","Updated":"2025-07-27 09:49:45","IsPrivate":"0","Type":"ProductImage","Attributes":{"OriginalFileName":""}},{"ID":"112442775","LowPic":"https://images.icecat.biz/img/gallery_lows/1161e0305f8d5a955e030d91d42bc4eccb56bf27.jpg","LowSize":"9166","LowHeight":"197","LowWidth":"200","ThumbPic":"https://images.icecat.biz/img/gallery_thumbs/2accfb93ead24472f8c96fc54172f6a38600eebe.jpg","ThumbPicSize":"2746","Pic":"https://images.icecat.biz/img/gallery/0252c30440827ed9bd54594565412e1f1d3a2078.jpg","Size":"114639","PicHeight":"1181","PicWidth":"1200","Pic500x500":"https://images.icecat.biz/img/gallery_mediums/a4e4d226476dcc5564816ad75043a7e2b9402ab1.jpg","Pic500x500Size":"35515","Pic500x500Height":"492","Pic500x500Width":"500","No":"7","IsMain":"N","Updated":"2025-07-27 09:49:45","IsPrivate":"0","Type":"ProductImage","Attributes":{"OriginalFileName":""}}],"FeaturesGroups":[{"ID":100,"SortNo":"50","FeatureGroup":{"ID":"5","Name":{"Value":"Display","Language":"EN"}},"Features":[{"Localized":0,"ID":420157469,"LocalID":0,"Type":"numerical","Value":"42.51","CategoryFeatureId":"11608","CategoryFeatureGroupID":"100","SortNo":"1000","PresentationValue":"108 cm (42.5\")","RawValue":"42.51","LocalValue":"108","Description":"Size of the display for this product, measured diagonally, usually in inches.","Mandatory":"1","Searchable":"1","Optional":"0","Feature":{"ID":"944","Sign":"","Measure":{"ID":"16","Sign":"","Signs":{"ID":"11","_":"\"","Language":"EN"}},"Name":{"Value":"Display diagonal","Language":"EN"}}},{"Localized":0,"ID":420157523,"LocalID":0,"Type":"2d","Value":"3840 x 2160","CategoryFeatureId":"9316","CategoryFeatureGroupID":"100","SortNo":"990","PresentationValue":"3840 x 2160 pixels","RawValue":"3840 x 2160","LocalValue":"3840 x 2160","Description":"The number of distinct pixels in each dimension that can be displayed. It is usually quoted as width × height, with the units in pixels: for example, \"1024 × 768\" means the width is 1024 pixels and the height is 768 pixels. The higher the number of pixels, the sharper the image.","Mandatory":"1","Searchable":"1","Optional":"0","Feature":{"ID":"1585","Sign":"","Measure":{"ID":"39","Sign":"","Signs":{"ID":"23","_":"pixels","Language":"EN"}},"Name":{"Value":"Display resolution","Language":"EN"}}},{"Localized":0,"ID":420157478,"LocalID":0,"Type":"dropdown","Value":"4K Ultra HD","CategoryFeatureId":"74099","CategoryFeatureGroupID":"100","SortNo":"980","PresentationValue":"4K Ultra HD","RawValue":"4K Ultra HD","LocalValue":"4K Ultra HD","Description":"Type of supported High Definition (e.g. Full HD, 4K Ultra HD).","Mandatory":"1","Searchable":"0","Optional":"0","Feature":{"ID":"11424","Sign":"","Measure":{"ID":"29","Sign":"","Signs":{"ID":"","_":"","Language":"EN"}},"Name":{"Value":"HD type","Language":"EN"}}},{"Localized":0,"ID":420157525,"LocalID":0,"Type":"dropdown","Value":"16:9","CategoryFeatureId":"155124","CategoryFeatureGroupID":"100","SortNo":"970","PresentationValue":"16:9","RawValue":"16:9","LocalValue":"16:9","Description":"The aspect ratio is the ratio of the width of an image to its height. The native aspect ratio is the one which the projector/display is particularly designed for. Images shown in native aspect ratio will utilize the entire resolution of the display and achieve maximum brightness. Images shown in other than native aspect ratio will always have less resolution and less brightness than images shown in native aspect ratio.","Mandatory":"1","Searchable":"1","Optional":"0","Feature":{"ID":"11417","Sign":"","Measure":{"ID":"29","Sign":"","Signs":{"ID":"","_":"","Language":"EN"}},"Name":{"Value":"Native aspect ratio","Language":"EN"}}},{"Localized":0,"ID":420157479,"LocalID":0,"Type":"dropdown","Value":"LED","CategoryFeatureId":"57158","CategoryFeatureGroupID":"100","SortNo":"960","PresentationValue":"LED","RawValue":"LED","LocalValue":"LED","Description":"The technology used in the display e.g. plasma, LED.","Mandatory":"1","Searchable":"1","Optional":"0","Feature":{"ID":"9713","Sign":"","Measure":{"ID":"29","Sign":"","Signs":{"ID":"","_":"","Language":"EN"}},"Name":{"Value":"Display technology","Language":"EN"}}},{"Localized":0,"ID":420157482,"LocalID":0,"Type":"dropdown","Value":"VA","CategoryFeatureId":"255240","CategoryFeatureGroupID":"100","SortNo":"950","PresentationValue":"VA","RawValue":"VA","LocalValue":"VA","Description":"","Mandatory":"1","Searchable":"0","Optional":"0","Feature":{"ID":"15285","Sign":"","Measure":{"ID":"29","Sign":"","Signs":{"ID":"","_":"","Language":"EN"}},"Name":{"Value":"Panel type","Language":"EN"}}},{"Localized":0,"ID":420157488,"LocalID":0,"Type":"dropdown","Value":"W-LED","CategoryFeatureId":"57198","CategoryFeatureGroupID":"100","SortNo":"940","PresentationValue":"W-LED","RawValue":"W-LED","LocalValue":"W-LED","Description":"","Mandatory":"0","Searchable":"0","Optional":"0","Feature":{"ID":"7369","Sign":"","Measure":{"ID":"29","Sign":"","Signs":{"ID":"","_":"","Language":"EN"}},"Name":{"Value":"Backlight type","Language":"EN"}}},{"Localized":0,"ID":498653408,"LocalID":0,"Type":"y_n","Value":"N","CategoryFeatureId":"243713","CategoryFeatureGroupID":"100","SortNo":"930","PresentationValue":"No","RawValue":"N","LocalValue":"No","Description":"A screen of a laptop, smartphone, etc., that responds to touch so you can control the interface using your fingers.","Mandatory":"1","Searchable":"1","Optional":"0","Feature":{"ID":"4963","Sign":"","Measure":{"ID":"26","Sign":"","Signs":{"ID":"","_":"","Language":"EN"}},"Name":{"Value":"Touchscreen","Language":"EN"}}},{"Localized":0,"ID":420157539,"LocalID":0,"Type":"numerical","Value":"400","CategoryFeatureId":"255214","CategoryFeatureGroupID":"100","SortNo":"880","PresentationValue":"400 cd/m²","RawValue":"400","LocalValue":"400","Description":"Display brightness, measured by its Luminance, presented as a figure in nits. Typical brightness ratings for monitors range from 250 to 350 nits with a target value of between 80 to 120 nits being suitable for most displays in a normal viewing environment.","Mandatory":"0","Searchable":"0","Optional":"0","Feature":{"ID":"36441","Sign":"","Measure":{"ID":"43","Sign":"","Signs":{"ID":"27","_":"cd/m²","Language":"EN"}},"Name":{"Value":"Display brightness (typical)","Language":"EN"}}},{"Localized":0,"ID":420157536,"LocalID":0,"Type":"numerical","Value":"4","CategoryFeatureId":"5285","CategoryFeatureGroupID":"100","SortNo":"870","PresentationValue":"4 ms","RawValue":"4","LocalValue":"4","Description":"The response time is the time difference between the moment that a source (for example a video card) sends a signal and that equipment (for example a monitor) receives or display the signal. (Used abbreviations: R/F = Rise and Fall.)","Mandatory":"1","Searchable":"0","Optional":"0","Feature":{"ID":"1516","Sign":"","Measure":{"ID":"27","Sign":"","Signs":{"ID":"1","_":"ms","Language":"EN"}},"Name":{"Value":"Response time","Language":"EN"}}},{"Localized":0,"ID":420462734,"LocalID":0,"Type":"dropdown","Value":"Matt","CategoryFeatureId":"96492","CategoryFeatureGroupID":"100","SortNo":"860","PresentationValue":"Matt","RawValue":"Matt","LocalValue":"Matt","Description":"","Mandatory":"0","Searchable":"0","Optional":"0","Feature":{"ID":"17029","Sign":"","Measure":{"ID":"29","Sign":"","Signs":{"ID":"","_":"","Language":"EN"}},"Name":{"Value":"Display surface","Language":"EN"}}},{"Localized":0,"ID":487781054,"LocalID":0,"Type":"y_n","Value":"Y","CategoryFeatureId":"594924","CategoryFeatureGroupID":"100","SortNo":"850","PresentationValue":"Yes","RawValue":"Y","LocalValue":"Yes","Description":"Always gives an optimal view, even in direct sunlight.","Mandatory":"0","Searchable":"0","Optional":"0","Feature":{"ID":"10443","Sign":"","Measure":{"ID":"26","Sign":"","Signs":{"ID":"","_":"","Language":"EN"}},"Name":{"Value":"Anti-glare screen","Language":"EN"}}},{"Localized":0,"ID":420157528,"LocalID":0,"Type":"dropdown","Value":"Flat screen","CategoryFeatureId":"133269","CategoryFeatureGroupID":"100","SortNo":"840","PresentationValue":"Flat","RawValue":"Flat screen","LocalValue":"Flat","Description":"","Mandatory":"1","Searchable":"0","Optional":"0","Feature":{"ID":"17554","Sign":"","Measure":{"ID":"29","Sign":"","Signs":{"ID":"","_":"","Language":"EN"}},"Name":{"Value":"Screen shape","Language":"EN"}}},{"Localized":0,"ID":420157513,"LocalID":0,"Type":"multi_dropdown","Value":"16:9","CategoryFeatureId":"12695","CategoryFeatureGroupID":"100","SortNo":"800","PresentationValue":"16:9","RawValue":"16:9","LocalValue":"16:9","Description":"The aspect ratio is the ratio of the width of a shape to its height. For example, 4:3 is common for standard displays and 16:9 is the ratio for Widescreen TV.","Mandatory":"0","Searchable":"0","Optional":"1","Feature":{"ID":"39","Sign":"","Measure":{"ID":"29","Sign":"","Signs":{"ID":"","_":"","Language":"EN"}},"Name":{"Value":"Aspect ratio","Language":"EN"}}},{"Localized":0,"ID":420157549,"LocalID":0,"Type":"contrast ratio","Value":"4000:1","CategoryFeatureId":"4943","CategoryFeatureGroupID":"100","SortNo":"790","PresentationValue":"4000:1","RawValue":"4000:1","LocalValue":"4000:1","Description":"The difference in light intensity between the brightest white and the darkest black.","Mandatory":"1","Searchable":"0","Optional":"0","Feature":{"ID":"34","Sign":"","Measure":{"ID":"29","Sign":"","Signs":{"ID":"","_":"","Language":"EN"}},"Name":{"Value":"Contrast ratio (typical)","Language":"EN"}}},{"Localized":0,"ID":420157552,"LocalID":0,"Type":"contrast ratio","Value":"50000000:1","CategoryFeatureId":"31337","CategoryFeatureGroupID":"100","SortNo":"780","PresentationValue":"50000000:1","RawValue":"50000000:1","LocalValue":"50000000:1","Description":"A property of a display system, defined as the ratio of the luminance of the brightest color (white) to that of the darkest color (black) that the system is capable of producing.","Mandatory":"0","Searchable":"0","Optional":"0","Feature":{"ID":"6087","Sign":"","Measure":{"ID":"29","Sign":"","Signs":{"ID":"","_":"","Language":"EN"}},"Name":{"Value":"Contrast ratio (dynamic)","Language":"EN"}}},{"Localized":0,"ID":488486531,"LocalID":0,"Type":"dropdown","Value":"SmartContrast","CategoryFeatureId":"153742","CategoryFeatureGroupID":"100","SortNo":"770","PresentationValue":"SmartContrast","RawValue":"SmartContrast","LocalValue":"SmartContrast","Description":"","Mandatory":"0","Searchable":"0","Optional":"0","Feature":{"ID":"24871","Sign":"","Measure":{"ID":"29","Sign":"","Signs":{"ID":"","_":"","Language":"EN"}},"Name":{"Value":"Dynamic contrast ratio marketing name","Language":"EN"}}},{"Localized":0,"ID":420158850,"LocalID":0,"Type":"numerical","Value":"60","CategoryFeatureId":"183826","CategoryFeatureGroupID":"100","SortNo":"760","PresentationValue":"60 Hz","RawValue":"60","LocalValue":"60","Description":"","Mandatory":"1","Searchable":"0","Optional":"0","Feature":{"ID":"7450","Sign":"","Measure":{"ID":"36","Sign":"","Signs":{"ID":"20","_":"Hz","Language":"EN"}},"Name":{"Value":"Maximum refresh rate","Language":"EN"}}},{"Localized":0,"ID":420157562,"LocalID":0,"Type":"numerical","Value":"178","CategoryFeatureId":"4940","CategoryFeatureGroupID":"100","SortNo":"750","PresentationValue":"178°","RawValue":"178","LocalValue":"178","Description":"Maximum horizontal angle at which a display can be viewed with acceptable visual performance.","Mandatory":"0","Searchable":"0","Optional":"0","Feature":{"ID":"37","Sign":"","Measure":{"ID":"32","Sign":"","Signs":{"ID":"16","_":"°","Language":"EN"}},"Name":{"Value":"Viewing angle, horizontal","Language":"EN"}}},{"Localized":0,"ID":420157567,"LocalID":0,"Type":"numerical","Value":"178","CategoryFeatureId":"4941","CategoryFeatureGroupID":"100","SortNo":"740","PresentationValue":"178°","RawValue":"178","LocalValue":"178","Description":"Maximum vertical angle at which a display can be viewed with acceptable visual performance.","Mandatory":"0","Searchable":"0","Optional":"0","Feature":{"ID":"38","Sign":"","Measure":{"ID":"32","Sign":"","Signs":{"ID":"16","_":"°","Language":"EN"}},"Name":{"Value":"Viewing angle, vertical","Language":"EN"}}},{"Localized":0,"ID":420158845,"LocalID":0,"Type":"dropdown","Value":"1.07 billion colours","CategoryFeatureId":"154116","CategoryFeatureGroupID":"100","SortNo":"730","PresentationValue":"1.07 billion colours","RawValue":"1.07 billion colours","LocalValue":"1.07 billion colours","Description":"","Mandatory":"1","Searchable":"0","Optional":"0","Feature":{"ID":"24847","Sign":"","Measure":{"ID":"29","Sign":"","Signs":{"ID":"","_":"","Language":"EN"}},"Name":{"Value":"Display number of colours","Language":"EN"}}},{"Localized":0,"ID":420157558,"LocalID":0,"Type":"2d","Value":"0.2451 x 0.2451","CategoryFeatureId":"1992","CategoryFeatureGroupID":"100","SortNo":"700","PresentationValue":"0.2451 x 0.2451 mm","RawValue":"0.2451 x 0.2451","LocalValue":"0.245 x 0.245","Description":"This is the parameter of a picture tube, which specifies the shortest distance between two dots of the same colour. The principle is: the smaller the dot pitch, the better sharpness of image.","Mandatory":"0","Searchable":"0","Optional":"0","Feature":{"ID":"32","Sign":"","Measure":{"ID":"24","Sign":"","Signs":{"ID":"3","_":"mm","Language":"EN"}},"Name":{"Value":"Pixel pitch","Language":"EN"}}},{"Localized":0,"ID":420157531,"LocalID":0,"Type":"numerical","Value":"103.64","CategoryFeatureId":"103245","CategoryFeatureGroupID":"100","SortNo":"690","PresentationValue":"103.64 ppi","RawValue":"103.64","LocalValue":"103.64","Description":"","Mandatory":"0","Searchable":"0","Optional":"0","Feature":{"ID":"13246","Sign":"","Measure":{"ID":"243","Sign":"","Signs":{"ID":"14247","_":"ppi","Language":"EN"}},"Name":{"Value":"Pixel density","Language":"EN"}}},{"Localized":0,"ID":420157579,"LocalID":0,"Type":"range","Value":"30 - 140","CategoryFeatureId":"2548","CategoryFeatureGroupID":"100","SortNo":"680","PresentationValue":"30 - 140 kHz","RawValue":"30 - 140","LocalValue":"30 - 140","Description":"","Mandatory":"0","Searchable":"0","Optional":"0","Feature":{"ID":"35","Sign":"","Measure":{"ID":"31","Sign":"","Signs":{"ID":"15","_":"kHz","Language":"EN"}},"Name":{"Value":"Horizontal scan range","Language":"EN"}}},{"Localized":0,"ID":420157584,"LocalID":0,"Type":"range","Value":"48 - 60","CategoryFeatureId":"4931","CategoryFeatureGroupID":"100","SortNo":"670","PresentationValue":"48 - 60 Hz","RawValue":"48 - 60","LocalValue":"48 - 60","Description":"","Mandatory":"0","Searchable":"0","Optional":"0","Feature":{"ID":"90","Sign":"","Measure":{"ID":"36","Sign":"","Signs":{"ID":"20","_":"Hz","Language":"EN"}},"Name":{"Value":"Vertical scan range","Language":"EN"}}},{"Localized":0,"ID":420157503,"LocalID":0,"Type":"numerical","Value":"941.184","CategoryFeatureId":"4938","CategoryFeatureGroupID":"100","SortNo":"660","PresentationValue":"94.1 cm","RawValue":"941.184","LocalValue":"94.1","Description":"The viewable size is often somewhat smaller than the actual size of a monitor, because there is a border around the image.","Mandatory":"0","Searchable":"0","Optional":"0","Feature":{"ID":"91","Sign":"","Measure":{"ID":"24","Sign":"","Signs":{"ID":"3","_":"mm","Language":"EN"}},"Name":{"Value":"Viewable size, horizontal","Language":"EN"}}},{"Localized":0,"ID":420157506,"LocalID":0,"Type":"numerical","Value":"529.416","CategoryFeatureId":"4939","CategoryFeatureGroupID":"100","SortNo":"650","PresentationValue":"52.9 cm","RawValue":"529.416","LocalValue":"52.9","Description":"","Mandatory":"0","Searchable":"0","Optional":"0","Feature":{"ID":"92","Sign":"","Measure":{"ID":"24","Sign":"","Signs":{"ID":"3","_":"mm","Language":"EN"}},"Name":{"Value":"Viewable size, vertical","Language":"EN"}}},{"Localized":0,"ID":420157492,"LocalID":0,"Type":"numerical","Value":"108","CategoryFeatureId":"683430","CategoryFeatureGroupID":"100","SortNo":"600","PresentationValue":"108 cm","RawValue":"108","LocalValue":"108","Description":"This is the size of the display screen, measured diagonally.","Mandatory":"0","Searchable":"0","Optional":"0","Feature":{"ID":"4174","Sign":"","Measure":{"ID":"34","Sign":"","Signs":{"ID":"18","_":"cm","Language":"EN"}},"Name":{"Value":"Display diagonal (metric)","Language":"EN"}}},{"Localized":0,"ID":420157576,"LocalID":0,"Type":"y_n","Value":"Y","CategoryFeatureId":"253280","CategoryFeatureGroupID":"100","SortNo":"580","PresentationValue":"Yes","RawValue":"Y","LocalValue":"Yes","Description":"","Mandatory":"0","Searchable":"0","Optional":"0","Feature":{"ID":"36310","Sign":"","Measure":{"ID":"26","Sign":"","Signs":{"ID":"","_":"","Language":"EN"}},"Name":{"Value":"High Dynamic Range (HDR) supported","Language":"EN"}}},{"Localized":0,"ID":420462771,"LocalID":0,"Type":"multi_dropdown","Value":"DisplayHDR 400","CategoryFeatureId":"594925","CategoryFeatureGroupID":"100","SortNo":"570","PresentationValue":"DisplayHDR 400","RawValue":"DisplayHDR 400","LocalValue":"DisplayHDR 400","Description":"","Mandatory":"0","Searchable":"0","Optional":"0","Feature":{"ID":"40712","Sign":"","Measure":{"ID":"29","Sign":"","Signs":{"ID":"","_":"","Language":"EN"}},"Name":{"Value":"High Dynamic Range (HDR) technology","Language":"EN"}}},{"Localized":0,"ID":420157695,"LocalID":0,"Type":"y_n","Value":"Y","CategoryFeatureId":"103243","CategoryFeatureGroupID":"100","SortNo":"560","PresentationValue":"Yes","RawValue":"Y","LocalValue":"Yes","Description":"","Mandatory":"0","Searchable":"0","Optional":"0","Feature":{"ID":"17862","Sign":"","Measure":{"ID":"26","Sign":"","Signs":{"ID":"","_":"","Language":"EN"}},"Name":{"Value":"DDC/CI","Language":"EN"}}},{"Localized":0,"ID":487781146,"LocalID":0,"Type":"numerical","Value":"25","CategoryFeatureId":"904227","CategoryFeatureGroupID":"100","SortNo":"540","PresentationValue":"25%","RawValue":"25","LocalValue":"25","Description":"","Mandatory":"0","Searchable":"0","Optional":"0","Feature":{"ID":"28526","Sign":"","Measure":{"ID":"64","Sign":"","Signs":{"ID":"47","_":"%","Language":"EN"}},"Name":{"Value":"Haze rate","Language":"EN"}}},{"Localized":0,"ID":420462778,"LocalID":0,"Type":"dropdown","Value":"3H","CategoryFeatureId":"163809","CategoryFeatureGroupID":"100","SortNo":"530","PresentationValue":"3H","RawValue":"3H","LocalValue":"3H","Description":"","Mandatory":"0","Searchable":"0","Optional":"0","Feature":{"ID":"26001","Sign":"","Measure":{"ID":"29","Sign":"","Signs":{"ID":"","_":"","Language":"EN"}},"Name":{"Value":"Surface hardness","Language":"EN"}}},{"Localized":0,"ID":420462779,"LocalID":0,"Type":"numerical","Value":"126","CategoryFeatureId":"185014","CategoryFeatureGroupID":"100","SortNo":"470","PresentationValue":"126%","RawValue":"126","LocalValue":"126","Description":"","Mandatory":"0","Searchable":"0","Optional":"0","Feature":{"ID":"28703","Sign":"","Measure":{"ID":"64","Sign":"","Signs":{"ID":"47","_":"%","Language":"EN"}},"Name":{"Value":"sRGB coverage (typical)","Language":"EN"}}},{"Localized":0,"ID":420462741,"LocalID":0,"Type":"numerical","Value":"105","CategoryFeatureId":"228629","CategoryFeatureGroupID":"100","SortNo":"450","PresentationValue":"105%","RawValue":"105","LocalValue":"105","Description":"","Mandatory":"0","Searchable":"0","Optional":"0","Feature":{"ID":"33817","Sign":"","Measure":{"ID":"64","Sign":"","Signs":{"ID":"47","_":"%","Language":"EN"}},"Name":{"Value":"NTSC coverage (typical)","Language":"EN"}}},{"Localized":0,"ID":420462780,"LocalID":0,"Type":"numerical","Value":"90","CategoryFeatureId":"185155","CategoryFeatureGroupID":"100","SortNo":"440","PresentationValue":"90%","RawValue":"90","LocalValue":"90","Description":"","Mandatory":"0","Searchable":"0","Optional":"0","Feature":{"ID":"28709","Sign":"","Measure":{"ID":"64","Sign":"","Signs":{"ID":"47","_":"%","Language":"EN"}},"Name":{"Value":"Adobe RGB coverage","Language":"EN"}}},{"Localized":0,"ID":420462710,"LocalID":0,"Type":"y_n","Value":"Y","CategoryFeatureId":"684267","CategoryFeatureGroupID":"100","SortNo":"3","PresentationValue":"Yes","RawValue":"Y","LocalValue":"Yes","Description":"","Mandatory":"0","Searchable":"0","Optional":"1","Feature":{"ID":"4968","Sign":"","Measure":{"ID":"26","Sign":"","Signs":{"ID":"","_":"","Language":"EN"}},"Name":{"Value":"Display sRGB","Language":"EN"}}}]},{"ID":10681,"SortNo":"45","FeatureGroup":{"ID":"184","Name":{"Value":"Performance","Language":"EN"}},"Features":[{"Localized":0,"ID":420157592,"LocalID":0,"Type":"y_n","Value":"N","CategoryFeatureId":"123176","CategoryFeatureGroupID":"10681","SortNo":"1000","PresentationValue":"No","RawValue":"N","LocalValue":"No","Description":"","Mandatory":"1","Searchable":"1","Optional":"0","Feature":{"ID":"20783","Sign":"","Measure":{"ID":"26","Sign":"","Signs":{"ID":"","_":"","Language":"EN"}},"Name":{"Value":"NVIDIA G-SYNC","Language":"EN"}}},{"Localized":0,"ID":420157591,"LocalID":0,"Type":"y_n","Value":"N","CategoryFeatureId":"193707","CategoryFeatureGroupID":"10681","SortNo":"980","PresentationValue":"No","RawValue":"N","LocalValue":"No","Description":"The product includes AMD Freesync Technology for the dynamic synchronization of the graphic card and the monitor in order to avoid screen tearing.","Mandatory":"1","Searchable":"1","Optional":"0","Feature":{"ID":"29607","Sign":"","Measure":{"ID":"26","Sign":"","Signs":{"ID":"","_":"","Language":"EN"}},"Name":{"Value":"AMD FreeSync","Language":"EN"}}},{"Localized":0,"ID":487781088,"LocalID":0,"Type":"y_n","Value":"Y","CategoryFeatureId":"335537","CategoryFeatureGroupID":"10681","SortNo":"920","PresentationValue":"Yes","RawValue":"Y","LocalValue":"Yes","Description":"","Mandatory":"0","Searchable":"0","Optional":"0","Feature":{"ID":"41573","Sign":"","Measure":{"ID":"26","Sign":"","Signs":{"ID":"","_":"","Language":"EN"}},"Name":{"Value":"VESA Adaptive Sync support","Language":"EN"}}},{"Localized":0,"ID":420462711,"LocalID":0,"Type":"multi_dropdown","Value":"Separate sync","CategoryFeatureId":"313015","CategoryFeatureGroupID":"10681","SortNo":"910","PresentationValue":"Separate sync","RawValue":"Separate sync","LocalValue":"Separate sync","Description":"","Mandatory":"0","Searchable":"0","Optional":"0","Feature":{"ID":"39128","Sign":"","Measure":{"ID":"29","Sign":"","Signs":{"ID":"","_":"","Language":"EN"}},"Name":{"Value":"Component video sync","Language":"EN"}}},{"Localized":0,"ID":420157596,"LocalID":0,"Type":"y_n","Value":"Y","CategoryFeatureId":"258742","CategoryFeatureGroupID":"10681","SortNo":"900","PresentationValue":"Yes","RawValue":"Y","LocalValue":"Yes","Description":"","Mandatory":"0","Searchable":"0","Optional":"0","Feature":{"ID":"36840","Sign":"","Measure":{"ID":"26","Sign":"","Signs":{"ID":"","_":"","Language":"EN"}},"Name":{"Value":"Flicker-free technology","Language":"EN"}}},{"Localized":0,"ID":420462740,"LocalID":0,"Type":"y_n","Value":"Y","CategoryFeatureId":"258745","CategoryFeatureGroupID":"10681","SortNo":"890","PresentationValue":"Yes","RawValue":"Y","LocalValue":"Yes","Description":"","Mandatory":"0","Searchable":"0","Optional":"0","Feature":{"ID":"36843","Sign":"","Measure":{"ID":"26","Sign":"","Signs":{"ID":"","_":"","Language":"EN"}},"Name":{"Value":"Low Blue Light technology","Language":"EN"}}}]},{"ID":10887,"SortNo":"40","FeatureGroup":{"ID":"186","Name":{"Value":"Multimedia","Language":"EN"}},"Features":[{"Localized":0,"ID":420157658,"LocalID":0,"Type":"numerical","Value":"2","CategoryFeatureId":"207681","CategoryFeatureGroupID":"10887","SortNo":"10000680","PresentationValue":"2","RawValue":"2","LocalValue":"2","Description":"The quantity of speakers included in/with the product.","Mandatory":"0","Searchable":"0","Optional":"0","Feature":{"ID":"10183","Sign":"","Measure":{"ID":"29","Sign":"","Signs":{"ID":"","_":"","Language":"EN"}},"Name":{"Value":"Number of speakers","Language":"EN"}}},{"Localized":0,"ID":420157659,"LocalID":0,"Type":"numerical","Value":"5","CategoryFeatureId":"17100","CategoryFeatureGroupID":"10887","SortNo":"10000670","PresentationValue":"5 W","RawValue":"5","LocalValue":"5","Description":"RMS (Root mean square) is a measure of the continuous power required by a device, in particular audio amplifiers and loudspeakers.","Mandatory":"0","Searchable":"0","Optional":"0","Feature":{"ID":"1854","Sign":"","Measure":{"ID":"44","Sign":"","Signs":{"ID":"28","_":"W","Language":"EN"}},"Name":{"Value":"RMS rated power","Language":"EN"}}},{"Localized":0,"ID":420157662,"LocalID":0,"Type":"y_n","Value":"Y","CategoryFeatureId":"31341","CategoryFeatureGroupID":"10887","SortNo":"700","PresentationValue":"Yes","RawValue":"Y","LocalValue":"Yes","Description":"The device contains speaker(s) to produce sound.","Mandatory":"1","Searchable":"1","Optional":"0","Feature":{"ID":"2433","Sign":"","Measure":{"ID":"26","Sign":"","Signs":{"ID":"","_":"","Language":"EN"}},"Name":{"Value":"Built-in speaker(s)","Language":"EN"}}},{"Localized":0,"ID":420157660,"LocalID":0,"Type":"y_n","Value":"N","CategoryFeatureId":"67278","CategoryFeatureGroupID":"10887","SortNo":"590","PresentationValue":"No","RawValue":"N","LocalValue":"No","Description":"The product has an integrated camera.","Mandatory":"1","Searchable":"1","Optional":"0","Feature":{"ID":"8074","Sign":"","Measure":{"ID":"26","Sign":"","Signs":{"ID":"","_":"","Language":"EN"}},"Name":{"Value":"Built-in camera","Language":"EN"}}}]},{"ID":10677,"SortNo":"35","FeatureGroup":{"ID":"148","Name":{"Value":"Design","Language":"EN"}},"Features":[{"Localized":0,"ID":420158820,"LocalID":0,"Type":"dropdown","Value":"Business","CategoryFeatureId":"245761","CategoryFeatureGroupID":"10677","SortNo":"800","PresentationValue":"Business","RawValue":"Business","LocalValue":"Business","Description":"Under which category can the device be positioned in the market, e.g. camera phone.","Mandatory":"1","Searchable":"1","Optional":"0","Feature":{"ID":"9021","Sign":"","Measure":{"ID":"29","Sign":"","Signs":{"ID":"","_":"","Language":"EN"}},"Name":{"Value":"Market positioning","Language":"EN"}}},{"Localized":0,"ID":420158819,"LocalID":0,"Type":"dropdown","Value":"Black","CategoryFeatureId":"11218","CategoryFeatureGroupID":"10677","SortNo":"790","PresentationValue":"Black","RawValue":"Black","LocalValue":"Black","Description":"The colour e.g. red, blue, green, black, white.","Mandatory":"1","Searchable":"1","Optional":"0","Feature":{"ID":"1766","Sign":"","Measure":{"ID":"29","Sign":"","Signs":{"ID":"","_":"","Language":"EN"}},"Name":{"Value":"Product colour","Language":"EN"}}},{"Localized":0,"ID":420462729,"LocalID":0,"Type":"dropdown","Value":"Black","CategoryFeatureId":"82000","CategoryFeatureGroupID":"10677","SortNo":"740","PresentationValue":"Black","RawValue":"Black","LocalValue":"Black","Description":"","Mandatory":"0","Searchable":"0","Optional":"0","Feature":{"ID":"12006","Sign":"","Measure":{"ID":"29","Sign":"","Signs":{"ID":"","_":"","Language":"EN"}},"Name":{"Value":"Front bezel colour","Language":"EN"}}},{"Localized":0,"ID":420462731,"LocalID":0,"Type":"multi_dropdown","Value":"Black","CategoryFeatureId":"84492","CategoryFeatureGroupID":"10677","SortNo":"700","PresentationValue":"Black","RawValue":"Black","LocalValue":"Black","Description":"The colour of the feet, which are the projecting part on which a device/piece of furniture, or each of its legs, stands.","Mandatory":"0","Searchable":"0","Optional":"0","Feature":{"ID":"10232","Sign":"","Measure":{"ID":"29","Sign":"","Signs":{"ID":"","_":"","Language":"EN"}},"Name":{"Value":"Feet colour","Language":"EN"}}}]},{"ID":1742,"SortNo":"30","FeatureGroup":{"ID":"12","Name":{"Value":"Ports & interfaces","Language":"EN"}},"Features":[{"Localized":0,"ID":420157630,"LocalID":0,"Type":"y_n","Value":"Y","CategoryFeatureId":"139339","CategoryFeatureGroupID":"1742","SortNo":"900","PresentationValue":"Yes","RawValue":"Y","LocalValue":"Yes","Description":"Whether or not the device features a USB hub to connect more than one other device via USB.","Mandatory":"1","Searchable":"1","Optional":"0","Feature":{"ID":"22838","Sign":"","Measure":{"ID":"26","Sign":"","Signs":{"ID":"","_":"","Language":"EN"}},"Name":{"Value":"Built-in USB hub","Language":"EN"}}},{"Localized":0,"ID":420157624,"LocalID":0,"Type":"multi_dropdown","Value":"USB Type-B,USB Type-C","CategoryFeatureId":"139342","CategoryFeatureGroupID":"1742","SortNo":"880","PresentationValue":"USB Type-B, USB Type-C","RawValue":"USB Type-B,USB Type-C","LocalValue":"USB Type-B, USB Type-C","Description":"","Mandatory":"0","Searchable":"0","Optional":"0","Feature":{"ID":"22840","Sign":"","Measure":{"ID":"29","Sign":"","Signs":{"ID":"","_":"","Language":"EN"}},"Name":{"Value":"USB upstream port type","Language":"EN"}}},{"Localized":0,"ID":420157638,"LocalID":0,"Type":"numerical","Value":"2","CategoryFeatureId":"139344","CategoryFeatureGroupID":"1742","SortNo":"870","PresentationValue":"2","RawValue":"2","LocalValue":"2","Description":"","Mandatory":"0","Searchable":"0","Optional":"0","Feature":{"ID":"22841","Sign":"","Measure":{"ID":"29","Sign":"","Signs":{"ID":"","_":"","Language":"EN"}},"Name":{"Value":"Number of upstream ports","Language":"EN"}}},{"Localized":0,"ID":420157639,"LocalID":0,"Type":"numerical","Value":"1","CategoryFeatureId":"682734","CategoryFeatureGroupID":"1742","SortNo":"860","PresentationValue":"1","RawValue":"1","LocalValue":"1","Description":"","Mandatory":"0","Searchable":"0","Optional":"0","Feature":{"ID":"42595","Sign":"","Measure":{"ID":"29","Sign":"","Signs":{"ID":"","_":"","Language":"EN"}},"Name":{"Value":"Number of USB Type-B upstream ports quantity","Language":"EN"}}},{"Localized":0,"ID":420157640,"LocalID":0,"Type":"numerical","Value":"1","CategoryFeatureId":"682735","CategoryFeatureGroupID":"1742","SortNo":"850","PresentationValue":"1","RawValue":"1","LocalValue":"1","Description":"","Mandatory":"0","Searchable":"0","Optional":"0","Feature":{"ID":"42594","Sign":"","Measure":{"ID":"29","Sign":"","Signs":{"ID":"","_":"","Language":"EN"}},"Name":{"Value":"Number of USB Type-C upstream ports quantity","Language":"EN"}}},{"Localized":0,"ID":420462773,"LocalID":0,"Type":"y_n","Value":"Y","CategoryFeatureId":"326833","CategoryFeatureGroupID":"1742","SortNo":"820","PresentationValue":"Yes","RawValue":"Y","LocalValue":"Yes","Description":"","Mandatory":"0","Searchable":"0","Optional":"0","Feature":{"ID":"31406","Sign":"","Measure":{"ID":"26","Sign":"","Signs":{"ID":"","_":"","Language":"EN"}},"Name":{"Value":"USB Type-C DisplayPort Alternate Mode","Language":"EN"}}},{"Localized":0,"ID":488486397,"LocalID":0,"Type":"y_n","Value":"Y","CategoryFeatureId":"308911","CategoryFeatureGroupID":"1742","SortNo":"810","PresentationValue":"Yes","RawValue":"Y","LocalValue":"Yes","Description":"","Mandatory":"0","Searchable":"0","Optional":"0","Feature":{"ID":"34351","Sign":"","Measure":{"ID":"26","Sign":"","Signs":{"ID":"","_":"","Language":"EN"}},"Name":{"Value":"USB Power Delivery (USB PD)","Language":"EN"}}},{"Localized":0,"ID":420462759,"LocalID":0,"Type":"numerical","Value":"90","CategoryFeatureId":"308914","CategoryFeatureGroupID":"1742","SortNo":"800","PresentationValue":"90 W","RawValue":"90","LocalValue":"90","Description":"","Mandatory":"0","Searchable":"0","Optional":"0","Feature":{"ID":"38616","Sign":"","Measure":{"ID":"44","Sign":"","Signs":{"ID":"28","_":"W","Language":"EN"}},"Name":{"Value":"USB Power Delivery up to","Language":"EN"}}},{"Localized":0,"ID":420157516,"LocalID":0,"Type":"y_n","Value":"Y","CategoryFeatureId":"37850","CategoryFeatureGroupID":"1742","SortNo":"740","PresentationValue":"Yes","RawValue":"Y","LocalValue":"Yes","Description":"HDMI (High-Definition Multimedia Interface) is a compact audio/video interface for transferring uncompressed video data and compressed/uncompressed digital audio data from a HDMI-compliant device (\"the source device\") to a compatible computer monitor, video projector, digital television, or digital audio device. HDMI is a digital replacement for existing analog video standards.","Mandatory":"1","Searchable":"0","Optional":"0","Feature":{"ID":"5620","Sign":"","Measure":{"ID":"26","Sign":"","Signs":{"ID":"","_":"","Language":"EN"}},"Name":{"Value":"HDMI","Language":"EN"}}},{"Localized":0,"ID":420157610,"LocalID":0,"Type":"numerical","Value":"2","CategoryFeatureId":"20882","CategoryFeatureGroupID":"1742","SortNo":"730","PresentationValue":"2","RawValue":"2","LocalValue":"2","Description":"The number of sockets (ports) for HDMI connections. HDMI (High-Definition Multimedia Interface) is a compact audio/video interface for transferring uncompressed video data and compressed/uncompressed digital audio data from a HDMI-compliant device (\"the source device\") to a compatible computer monitor, video projector, digital television, or digital audio device. HDMI is a digital replacement for existing analog video standards.","Mandatory":"0","Searchable":"0","Optional":"0","Feature":{"ID":"3566","Sign":"","Measure":{"ID":"29","Sign":"","Signs":{"ID":"","_":"","Language":"EN"}},"Name":{"Value":"HDMI ports quantity","Language":"EN"}}},{"Localized":0,"ID":420157612,"LocalID":0,"Type":"dropdown","Value":"2.0","CategoryFeatureId":"270899","CategoryFeatureGroupID":"1742","SortNo":"720","PresentationValue":"2.0","RawValue":"2.0","LocalValue":"2.0","Description":"","Mandatory":"0","Searchable":"0","Optional":"0","Feature":{"ID":"5452","Sign":"","Measure":{"ID":"29","Sign":"","Signs":{"ID":"","_":"","Language":"EN"}},"Name":{"Value":"HDMI version","Language":"EN"}}},{"Localized":0,"ID":420157600,"LocalID":0,"Type":"numerical","Value":"1","CategoryFeatureId":"35722","CategoryFeatureGroupID":"1742","SortNo":"690","PresentationValue":"1","RawValue":"1","LocalValue":"1","Description":"Number of DisplayPorts. A DisplayPort is a digital display interface developed by the Video Electronics Standards Association (VESA). The interface is primarily used to connect a video source to a display device such as a computer monitor, though it can also be used to carry audio, USB, and other forms of data.","Mandatory":"0","Searchable":"0","Optional":"0","Feature":{"ID":"6611","Sign":"","Measure":{"ID":"29","Sign":"","Signs":{"ID":"","_":"","Language":"EN"}},"Name":{"Value":"DisplayPorts quantity","Language":"EN"}}},{"Localized":0,"ID":420157602,"LocalID":0,"Type":"dropdown","Value":"1.4","CategoryFeatureId":"270900","CategoryFeatureGroupID":"1742","SortNo":"680","PresentationValue":"1.4","RawValue":"1.4","LocalValue":"1.4","Description":"","Mandatory":"0","Searchable":"0","Optional":"0","Feature":{"ID":"11111","Sign":"","Measure":{"ID":"29","Sign":"","Signs":{"ID":"","_":"","Language":"EN"}},"Name":{"Value":"DisplayPort version","Language":"EN"}}},{"Localized":0,"ID":420157648,"LocalID":0,"Type":"y_n","Value":"Y","CategoryFeatureId":"96400","CategoryFeatureGroupID":"1742","SortNo":"610","PresentationValue":"Yes","RawValue":"Y","LocalValue":"Yes","Description":"The socket for connecting headphones to the device.","Mandatory":"1","Searchable":"0","Optional":"0","Feature":{"ID":"12195","Sign":"","Measure":{"ID":"26","Sign":"","Signs":{"ID":"","_":"","Language":"EN"}},"Name":{"Value":"Headphone out","Language":"EN"}}},{"Localized":0,"ID":426107439,"LocalID":0,"Type":"y_n","Value":"Y","CategoryFeatureId":"682732","CategoryFeatureGroupID":"1742","SortNo":"550","PresentationValue":"Yes","RawValue":"Y","LocalValue":"Yes","Description":"","Mandatory":"0","Searchable":"0","Optional":"0","Feature":{"ID":"9634","Sign":"","Measure":{"ID":"26","Sign":"","Signs":{"ID":"","_":"","Language":"EN"}},"Name":{"Value":"Built-in KVM switch","Language":"EN"}}},{"Localized":0,"ID":420157617,"LocalID":0,"Type":"y_n","Value":"Y","CategoryFeatureId":"26708","CategoryFeatureGroupID":"1742","SortNo":"530","PresentationValue":"Yes","RawValue":"Y","LocalValue":"Yes","Description":"High-bandwidth Digital Content Protection (HDCP) is a form of digital copy protection to prevent copying of digital audio and video content as it travels across connections.","Mandatory":"0","Searchable":"0","Optional":"0","Feature":{"ID":"5636","Sign":"","Measure":{"ID":"26","Sign":"","Signs":{"ID":"","_":"","Language":"EN"}},"Name":{"Value":"HDCP","Language":"EN"}}},{"Localized":0,"ID":488486555,"LocalID":0,"Type":"dropdown","Value":"1.4/2.2","CategoryFeatureId":"903350","CategoryFeatureGroupID":"1742","SortNo":"520","PresentationValue":"1.4/2.2","RawValue":"1.4/2.2","LocalValue":"1.4/2.2","Description":"","Mandatory":"0","Searchable":"0","Optional":"0","Feature":{"ID":"9814","Sign":"","Measure":{"ID":"29","Sign":"","Signs":{"ID":"","_":"","Language":"EN"}},"Name":{"Value":"HDCP version","Language":"EN"}}}]},{"ID":65611,"SortNo":"26","FeatureGroup":{"ID":"35","Name":{"Value":"Network","Language":"EN"}},"Features":[{"Localized":0,"ID":488486385,"LocalID":0,"Type":"y_n","Value":"Y","CategoryFeatureId":"37844","CategoryFeatureGroupID":"65611","SortNo":"250","PresentationValue":"Yes","RawValue":"Y","LocalValue":"Yes","Description":"An Ethernet LAN (Local Area Network) interface is present, for a wired conection via a cable.","Mandatory":"0","Searchable":"0","Optional":"0","Feature":{"ID":"1347","Sign":"","Measure":{"ID":"26","Sign":"","Signs":{"ID":"","_":"","Language":"EN"}},"Name":{"Value":"Ethernet LAN","Language":"EN"}}}]},{"ID":3070,"SortNo":"25","FeatureGroup":{"ID":"96","Name":{"Value":"Ergonomics","Language":"EN"}},"Features":[{"Localized":0,"ID":420157688,"LocalID":0,"Type":"y_n","Value":"Y","CategoryFeatureId":"109688","CategoryFeatureGroupID":"3070","SortNo":"400","PresentationValue":"Yes","RawValue":"Y","LocalValue":"Yes","Description":"","Mandatory":"1","Searchable":"1","Optional":"0","Feature":{"ID":"16767","Sign":"","Measure":{"ID":"26","Sign":"","Signs":{"ID":"","_":"","Language":"EN"}},"Name":{"Value":"VESA mounting","Language":"EN"}}},{"Localized":0,"ID":420157689,"LocalID":0,"Type":"multi_dropdown","Value":"200 x 200","CategoryFeatureId":"22159","CategoryFeatureGroupID":"3070","SortNo":"390","PresentationValue":"200 x 200 mm","RawValue":"200 x 200","LocalValue":"200 x 200","Description":"The product can be used wih VESA mounting interfaces.","Mandatory":"0","Searchable":"0","Optional":"0","Feature":{"ID":"4037","Sign":"","Measure":{"ID":"24","Sign":"","Signs":{"ID":"3","_":"mm","Language":"EN"}},"Name":{"Value":"Panel mounting interface","Language":"EN"}}},{"Localized":0,"ID":420157675,"LocalID":0,"Type":"y_n","Value":"Y","CategoryFeatureId":"14296","CategoryFeatureGroupID":"3070","SortNo":"360","PresentationValue":"Yes","RawValue":"Y","LocalValue":"Yes","Description":"Holes on the edge of devices through which a cable lock can be passed, so the device can be locked to a desk etc.","Mandatory":"1","Searchable":"0","Optional":"0","Feature":{"ID":"1352","Sign":"","Measure":{"ID":"26","Sign":"","Signs":{"ID":"","_":"","Language":"EN"}},"Name":{"Value":"Cable lock slot","Language":"EN"}}},{"Localized":0,"ID":420157685,"LocalID":0,"Type":"multi_dropdown","Value":"Kensington","CategoryFeatureId":"252503","CategoryFeatureGroupID":"3070","SortNo":"350","PresentationValue":"Kensington","RawValue":"Kensington","LocalValue":"Kensington","Description":"","Mandatory":"0","Searchable":"0","Optional":"0","Feature":{"ID":"14097","Sign":"","Measure":{"ID":"29","Sign":"","Signs":{"ID":"","_":"","Language":"EN"}},"Name":{"Value":"Cable lock slot type","Language":"EN"}}},{"Localized":0,"ID":420157698,"LocalID":0,"Type":"y_n","Value":"Y","CategoryFeatureId":"68504","CategoryFeatureGroupID":"3070","SortNo":"340","PresentationValue":"Yes","RawValue":"Y","LocalValue":"Yes","Description":"The part of the device that can be adjusted to change the height.","Mandatory":"1","Searchable":"0","Optional":"0","Feature":{"ID":"1954","Sign":"","Measure":{"ID":"26","Sign":"","Signs":{"ID":"","_":"","Language":"EN"}},"Name":{"Value":"Height adjustment","Language":"EN"}}},{"Localized":0,"ID":420157700,"LocalID":0,"Type":"numerical","Value":"100","CategoryFeatureId":"1083333","CategoryFeatureGroupID":"3070","SortNo":"330","PresentationValue":"10 cm","RawValue":"100","LocalValue":"10","Description":"","Mandatory":"0","Searchable":"0","Optional":"0","Feature":{"ID":"25138","Sign":"","Measure":{"ID":"24","Sign":"","Signs":{"ID":"3","_":"mm","Language":"EN"}},"Name":{"Value":"Adjustable height (max)","Language":"EN"}}},{"Localized":0,"ID":420157705,"LocalID":0,"Type":"y_n","Value":"Y","CategoryFeatureId":"71482","CategoryFeatureGroupID":"3070","SortNo":"300","PresentationValue":"Yes","RawValue":"Y","LocalValue":"Yes","Description":"","Mandatory":"0","Searchable":"0","Optional":"0","Feature":{"ID":"7263","Sign":"","Measure":{"ID":"26","Sign":"","Signs":{"ID":"","_":"","Language":"EN"}},"Name":{"Value":"Swivelling","Language":"EN"}}},{"Localized":0,"ID":420157706,"LocalID":0,"Type":"range","Value":"-45 - 45","CategoryFeatureId":"9092","CategoryFeatureGroupID":"3070","SortNo":"290","PresentationValue":"-45 - 45°","RawValue":"-45 - 45","LocalValue":"-45 - 45","Description":"","Mandatory":"0","Searchable":"0","Optional":"0","Feature":{"ID":"1956","Sign":"","Measure":{"ID":"32","Sign":"","Signs":{"ID":"16","_":"°","Language":"EN"}},"Name":{"Value":"Swivel angle range","Language":"EN"}}},{"Localized":0,"ID":420157709,"LocalID":0,"Type":"y_n","Value":"Y","CategoryFeatureId":"930782","CategoryFeatureGroupID":"3070","SortNo":"271","PresentationValue":"Yes","RawValue":"Y","LocalValue":"Yes","Description":"The tilt, which means the angle at which the device is pointing (up or down), can be changed.","Mandatory":"0","Searchable":"0","Optional":"0","Feature":{"ID":"8302","Sign":"","Measure":{"ID":"26","Sign":"","Signs":{"ID":"","_":"","Language":"EN"}},"Name":{"Value":"Tilt adjustment","Language":"EN"}}},{"Localized":0,"ID":420157711,"LocalID":0,"Type":"range","Value":"-5 - 23","CategoryFeatureId":"18150","CategoryFeatureGroupID":"3070","SortNo":"270","PresentationValue":"-5 - 23°","RawValue":"-5 - 23","LocalValue":"-5 - 23","Description":"","Mandatory":"0","Searchable":"0","Optional":"0","Feature":{"ID":"2077","Sign":"","Measure":{"ID":"32","Sign":"","Signs":{"ID":"16","_":"°","Language":"EN"}},"Name":{"Value":"Tilt angle range","Language":"EN"}}},{"Localized":0,"ID":488486420,"LocalID":0,"Type":"y_n","Value":"Y","CategoryFeatureId":"37853","CategoryFeatureGroupID":"3070","SortNo":"260","PresentationValue":"Yes","RawValue":"Y","LocalValue":"Yes","Description":"Picture-in-picture (PiP) is a feature of some television receivers and similar devices. One program (channel) is displayed on the full TV screen at the same time as one or more other programs are displayed in inset windows. Sound is usually from the main program only.","Mandatory":"0","Searchable":"0","Optional":"0","Feature":{"ID":"3220","Sign":"","Measure":{"ID":"26","Sign":"","Signs":{"ID":"","_":"","Language":"EN"}},"Name":{"Value":"Picture-in-Picture","Language":"EN"}}},{"Localized":0,"ID":420157665,"LocalID":0,"Type":"y_n","Value":"Y","CategoryFeatureId":"47992","CategoryFeatureGroupID":"3070","SortNo":"250","PresentationValue":"Yes","RawValue":"Y","LocalValue":"Yes","Description":"","Mandatory":"0","Searchable":"0","Optional":"0","Feature":{"ID":"3064","Sign":"","Measure":{"ID":"26","Sign":"","Signs":{"ID":"","_":"","Language":"EN"}},"Name":{"Value":"On Screen Display (OSD)","Language":"EN"}}},{"Localized":0,"ID":420157671,"LocalID":0,"Type":"multi_dropdown","Value":"CHI (SIMPL),CHI (TR),CZE,DEU,DUT,ENG,ESP,FIN,FRE,GRE,HUN,ITA,JPN,KOR,POL,POR,RUS,SWE,TUR,UKR","CategoryFeatureId":"22175","CategoryFeatureGroupID":"3070","SortNo":"240","PresentationValue":"Simplified Chinese, Traditional Chinese, Czech, German, Dutch, English, Spanish, Finnish, French, Greek, Hungarian, Italian, Japanese, Korean, Polish, Portuguese, Russian, Swedish, Turkish, Ukrainian","RawValue":"CHI (SIMPL),CHI (TR),CZE,DEU,DUT,ENG,ESP,FIN,FRE,GRE,HUN,ITA,JPN,KOR,POL,POR,RUS,SWE,TUR,UKR","LocalValue":"Simplified Chinese, Traditional Chinese, Czech, German, Dutch, English, Spanish, Finnish, French, Greek, Hungarian, Italian, Japanese, Korean, Polish, Portuguese, Russian, Swedish, Turkish, Ukrainian","Description":"","Mandatory":"0","Searchable":"0","Optional":"0","Feature":{"ID":"4275","Sign":"","Measure":{"ID":"29","Sign":"","Signs":{"ID":"","_":"","Language":"EN"}},"Name":{"Value":"On Screen Display (OSD) languages","Language":"EN"}}},{"Localized":0,"ID":420462777,"LocalID":0,"Type":"numerical","Value":"21","CategoryFeatureId":"47993","CategoryFeatureGroupID":"3070","SortNo":"230","PresentationValue":"21","RawValue":"21","LocalValue":"21","Description":"","Mandatory":"0","Searchable":"0","Optional":"0","Feature":{"ID":"7598","Sign":"","Measure":{"ID":"29","Sign":"","Signs":{"ID":"","_":"","Language":"EN"}},"Name":{"Value":"Number of OSD languages","Language":"EN"}}},{"Localized":0,"ID":420157692,"LocalID":0,"Type":"y_n","Value":"Y","CategoryFeatureId":"15669","CategoryFeatureGroupID":"3070","SortNo":"210","PresentationValue":"Yes","RawValue":"Y","LocalValue":"Yes","Description":"Indicates whether this product supports is \"plug and play\". Plug and play is  hardware or software that, after being installed (\"plugged in\"), can immediately be used (\"played with\"), as opposed to hardware or software which requires configuration.","Mandatory":"0","Searchable":"0","Optional":"0","Feature":{"ID":"775","Sign":"","Measure":{"ID":"26","Sign":"","Signs":{"ID":"","_":"","Language":"EN"}},"Name":{"Value":"Plug and Play","Language":"EN"}}},{"Localized":0,"ID":420462715,"LocalID":0,"Type":"multi_dropdown","Value":"Operation,Stand-by","CategoryFeatureId":"47976","CategoryFeatureGroupID":"3070","SortNo":"200","PresentationValue":"Operation, Stand-by","RawValue":"Operation,Stand-by","LocalValue":"Operation, Stand-by","Description":"","Mandatory":"0","Searchable":"0","Optional":"0","Feature":{"ID":"1501","Sign":"","Measure":{"ID":"29","Sign":"","Signs":{"ID":"","_":"","Language":"EN"}},"Name":{"Value":"LED indicators","Language":"EN"}}}]},{"ID":99,"SortNo":"24","FeatureGroup":{"ID":"27","Name":{"Value":"Power","Language":"EN"}},"Features":[{"Localized":0,"ID":420157734,"LocalID":0,"Type":"dropdown","Value":"G","CategoryFeatureId":"708167","CategoryFeatureGroupID":"99","SortNo":"300","PresentationValue":"G","RawValue":"G","LocalValue":"G","Description":"","Mandatory":"1","Searchable":"0","Optional":"0","Feature":{"ID":"42856","Sign":"","Measure":{"ID":"29","Sign":"","Signs":{"ID":"","_":"","Language":"EN"}},"Name":{"Value":"Energy efficiency class (SDR)","Language":"EN"}}},{"Localized":0,"ID":420157735,"LocalID":0,"Type":"dropdown","Value":"G","CategoryFeatureId":"708168","CategoryFeatureGroupID":"99","SortNo":"290","PresentationValue":"G","RawValue":"G","LocalValue":"G","Description":"","Mandatory":"1","Searchable":"0","Optional":"0","Feature":{"ID":"42857","Sign":"","Measure":{"ID":"29","Sign":"","Signs":{"ID":"","_":"","Language":"EN"}},"Name":{"Value":"Energy efficiency class (HDR)","Language":"EN"}}},{"Localized":0,"ID":420157736,"LocalID":0,"Type":"numerical","Value":"55","CategoryFeatureId":"708169","CategoryFeatureGroupID":"99","SortNo":"280","PresentationValue":"55 kWh","RawValue":"55","LocalValue":"55","Description":"","Mandatory":"1","Searchable":"0","Optional":"0","Feature":{"ID":"42858","Sign":"","Measure":{"ID":"103","Sign":"","Signs":{"ID":"85","_":"kWh","Language":"EN"}},"Name":{"Value":"Energy consumption (SDR) per 1000 hours","Language":"EN"}}},{"Localized":0,"ID":420157738,"LocalID":0,"Type":"numerical","Value":"91","CategoryFeatureId":"708170","CategoryFeatureGroupID":"99","SortNo":"270","PresentationValue":"91 kWh","RawValue":"91","LocalValue":"91","Description":"","Mandatory":"1","Searchable":"0","Optional":"0","Feature":{"ID":"42859","Sign":"","Measure":{"ID":"103","Sign":"","Signs":{"ID":"85","_":"kWh","Language":"EN"}},"Name":{"Value":"Energy consumption (HDR) per 1000 hours","Language":"EN"}}},{"Localized":0,"ID":420157720,"LocalID":0,"Type":"numerical","Value":"46","CategoryFeatureId":"9931","CategoryFeatureGroupID":"99","SortNo":"260","PresentationValue":"46 W","RawValue":"46","LocalValue":"46","Description":"Amount of power consumed by this model, often expressed in watts (W). Typical values that manufacturers give are power consumption when off, standby/suspended mode, typical use, maximum usage.","Mandatory":"1","Searchable":"0","Optional":"0","Feature":{"ID":"445","Sign":"","Measure":{"ID":"44","Sign":"","Signs":{"ID":"28","_":"W","Language":"EN"}},"Name":{"Value":"Power consumption (typical)","Language":"EN"}}},{"Localized":0,"ID":420157723,"LocalID":0,"Type":"numerical","Value":"0.3","CategoryFeatureId":"9930","CategoryFeatureGroupID":"99","SortNo":"250","PresentationValue":"0.3 W","RawValue":"0.3","LocalValue":"0.3","Description":"The amount of electricity that is consumed when the product is on standby.","Mandatory":"1","Searchable":"0","Optional":"0","Feature":{"ID":"2036","Sign":"","Measure":{"ID":"44","Sign":"","Signs":{"ID":"28","_":"W","Language":"EN"}},"Name":{"Value":"Power consumption (standby)","Language":"EN"}}},{"Localized":0,"ID":420462714,"LocalID":0,"Type":"numerical","Value":"0","CategoryFeatureId":"18691","CategoryFeatureGroupID":"99","SortNo":"220","PresentationValue":"0 W","RawValue":"0","LocalValue":"0","Description":"","Mandatory":"0","Searchable":"0","Optional":"0","Feature":{"ID":"2034","Sign":"","Measure":{"ID":"44","Sign":"","Signs":{"ID":"28","_":"W","Language":"EN"}},"Name":{"Value":"Power consumption (off)","Language":"EN"}}},{"Localized":0,"ID":487781108,"LocalID":0,"Type":"numerical","Value":"43.9","CategoryFeatureId":"18403","CategoryFeatureGroupID":"99","SortNo":"210","PresentationValue":"43.9 W","RawValue":"43.9","LocalValue":"43.9","Description":"","Mandatory":"0","Searchable":"0","Optional":"0","Feature":{"ID":"2035","Sign":"","Measure":{"ID":"44","Sign":"","Signs":{"ID":"28","_":"W","Language":"EN"}},"Name":{"Value":"Power consumption (PowerSave)","Language":"EN"}}},{"Localized":0,"ID":420157742,"LocalID":0,"Type":"dropdown","Value":"100 - 240","CategoryFeatureId":"122959","CategoryFeatureGroupID":"99","SortNo":"200","PresentationValue":"100 - 240 V","RawValue":"100 - 240","LocalValue":"100 - 240","Description":"The voltage of the AC electricity that is inputted into the product.","Mandatory":"0","Searchable":"0","Optional":"0","Feature":{"ID":"8491","Sign":"","Measure":{"ID":"42","Sign":"","Signs":{"ID":"26","_":"V","Language":"EN"}},"Name":{"Value":"AC input voltage","Language":"EN"}}},{"Localized":0,"ID":420157744,"LocalID":0,"Type":"dropdown","Value":"50 - 60","CategoryFeatureId":"122960","CategoryFeatureGroupID":"99","SortNo":"190","PresentationValue":"50 - 60 Hz","RawValue":"50 - 60","LocalValue":"50 - 60","Description":"","Mandatory":"0","Searchable":"0","Optional":"0","Feature":{"ID":"8484","Sign":"","Measure":{"ID":"36","Sign":"","Signs":{"ID":"20","_":"Hz","Language":"EN"}},"Name":{"Value":"AC input frequency","Language":"EN"}}},{"Localized":0,"ID":488486445,"LocalID":0,"Type":"dropdown","Value":"Internal","CategoryFeatureId":"120833","CategoryFeatureGroupID":"99","SortNo":"160","PresentationValue":"Internal","RawValue":"Internal","LocalValue":"Internal","Description":"The type of power supply which this product uses.","Mandatory":"0","Searchable":"0","Optional":"0","Feature":{"ID":"514","Sign":"","Measure":{"ID":"29","Sign":"","Signs":{"ID":"","_":"","Language":"EN"}},"Name":{"Value":"Power supply type","Language":"EN"}}},{"Localized":0,"ID":590431754,"LocalID":0,"Type":"dropdown","Value":"A to G","CategoryFeatureId":"313577","CategoryFeatureGroupID":"99","SortNo":"150","PresentationValue":"A to G","RawValue":"A to G","LocalValue":"A to G","Description":"","Mandatory":"0","Searchable":"0","Optional":"0","Feature":{"ID":"39201","Sign":"","Measure":{"ID":"29","Sign":"","Signs":{"ID":"","_":"","Language":"EN"}},"Name":{"Value":"Energy efficiency scale","Language":"EN"}}},{"Localized":0,"ID":628585687,"LocalID":0,"Type":"numerical","Value":"587235","CategoryFeatureId":"950411","CategoryFeatureGroupID":"99","SortNo":"149","PresentationValue":"587235","RawValue":"587235","LocalValue":"587235","Description":"","Mandatory":"0","Searchable":"0","Optional":"0","Feature":{"ID":"47801","Sign":"","Measure":{"ID":"29","Sign":"","Signs":{"ID":"","_":"","Language":"EN"}},"Name":{"Value":"European Product Registry for Energy Labelling (EPREL) code","Language":"EN"}}}]},{"ID":1205,"SortNo":"23","FeatureGroup":{"ID":"28","Name":{"Value":"Operational conditions","Language":"EN"}},"Features":[{"Localized":0,"ID":420158644,"LocalID":0,"Type":"range","Value":"0 - 40","CategoryFeatureId":"5557","CategoryFeatureGroupID":"1205","SortNo":"200","PresentationValue":"0 - 40 °C","RawValue":"0 - 40","LocalValue":"0 - 40","Description":"The minimum and maximum temperatures at which the product can be safely operated.","Mandatory":"0","Searchable":"0","Optional":"0","Feature":{"ID":"1112","Sign":"","Measure":{"ID":"65","Sign":"","Signs":{"ID":"48","_":"°C","Language":"EN"}},"Name":{"Value":"Operating temperature (T-T)","Language":"EN"}}},{"Localized":0,"ID":420158660,"LocalID":0,"Type":"range","Value":"-20 - 60","CategoryFeatureId":"5002","CategoryFeatureGroupID":"1205","SortNo":"190","PresentationValue":"-20 - 60 °C","RawValue":"-20 - 60","LocalValue":"-20 - 60","Description":"The minimum and maximum temperatures at which the product can be safely stored.","Mandatory":"0","Searchable":"0","Optional":"0","Feature":{"ID":"757","Sign":"","Measure":{"ID":"65","Sign":"","Signs":{"ID":"48","_":"°C","Language":"EN"}},"Name":{"Value":"Storage temperature (T-T)","Language":"EN"}}},{"Localized":0,"ID":420158721,"LocalID":0,"Type":"range","Value":"20 - 80","CategoryFeatureId":"4997","CategoryFeatureGroupID":"1205","SortNo":"180","PresentationValue":"20 - 80%","RawValue":"20 - 80","LocalValue":"20 - 80","Description":"","Mandatory":"0","Searchable":"0","Optional":"0","Feature":{"ID":"703","Sign":"","Measure":{"ID":"64","Sign":"","Signs":{"ID":"47","_":"%","Language":"EN"}},"Name":{"Value":"Operating relative humidity (H-H)","Language":"EN"}}},{"Localized":0,"ID":420158778,"LocalID":0,"Type":"range","Value":"0 - 3658","CategoryFeatureId":"17175","CategoryFeatureGroupID":"1205","SortNo":"160","PresentationValue":"0 - 3658 m","RawValue":"0 - 3658","LocalValue":"0 - 3658","Description":"","Mandatory":"0","Searchable":"0","Optional":"0","Feature":{"ID":"667","Sign":"","Measure":{"ID":"54","Sign":"","Signs":{"ID":"37","_":"m","Language":"EN"}},"Name":{"Value":"Operating altitude","Language":"EN"}}},{"Localized":0,"ID":420158793,"LocalID":0,"Type":"range","Value":"0 - 12192","CategoryFeatureId":"72545","CategoryFeatureGroupID":"1205","SortNo":"150","PresentationValue":"0 - 12192 m","RawValue":"0 - 12192","LocalValue":"0 - 12192","Description":"","Mandatory":"0","Searchable":"0","Optional":"0","Feature":{"ID":"1449","Sign":"","Measure":{"ID":"54","Sign":"","Signs":{"ID":"37","_":"m","Language":"EN"}},"Name":{"Value":"Non-operating altitude","Language":"EN"}}}]},{"ID":98,"SortNo":"21","FeatureGroup":{"ID":"14","Name":{"Value":"Weight & dimensions","Language":"EN"}},"Features":[{"Localized":0,"ID":420157756,"LocalID":0,"Type":"numerical","Value":"978","CategoryFeatureId":"22203","CategoryFeatureGroupID":"98","SortNo":"400","PresentationValue":"978 mm","RawValue":"978","LocalValue":"978","Description":"","Mandatory":"0","Searchable":"0","Optional":"0","Feature":{"ID":"4156","Sign":"","Measure":{"ID":"24","Sign":"","Signs":{"ID":"3","_":"mm","Language":"EN"}},"Name":{"Value":"Width (with stand)","Language":"EN"}}},{"Localized":0,"ID":420157761,"LocalID":0,"Type":"numerical","Value":"281","CategoryFeatureId":"22162","CategoryFeatureGroupID":"98","SortNo":"390","PresentationValue":"281 mm","RawValue":"281","LocalValue":"281","Description":"","Mandatory":"0","Searchable":"0","Optional":"0","Feature":{"ID":"4179","Sign":"","Measure":{"ID":"24","Sign":"","Signs":{"ID":"3","_":"mm","Language":"EN"}},"Name":{"Value":"Depth (with stand)","Language":"EN"}}},{"Localized":0,"ID":420157759,"LocalID":0,"Type":"numerical","Value":"713","CategoryFeatureId":"22171","CategoryFeatureGroupID":"98","SortNo":"380","PresentationValue":"713 mm","RawValue":"713","LocalValue":"713","Description":"","Mandatory":"0","Searchable":"0","Optional":"0","Feature":{"ID":"4178","Sign":"","Measure":{"ID":"24","Sign":"","Signs":{"ID":"3","_":"mm","Language":"EN"}},"Name":{"Value":"Height (with stand)","Language":"EN"}}},{"Localized":0,"ID":420158556,"LocalID":0,"Type":"numerical","Value":"18000","CategoryFeatureId":"112042","CategoryFeatureGroupID":"98","SortNo":"370","PresentationValue":"18 kg","RawValue":"18000","LocalValue":"18","Description":"","Mandatory":"0","Searchable":"0","Optional":"0","Feature":{"ID":"19017","Sign":"","Measure":{"ID":"38","Sign":"","Signs":{"ID":"22","_":"g","Language":"EN"}},"Name":{"Value":"Weight (with stand)","Language":"EN"}}},{"Localized":0,"ID":420157758,"LocalID":0,"Type":"numerical","Value":"978","CategoryFeatureId":"91400","CategoryFeatureGroupID":"98","SortNo":"360","PresentationValue":"978 mm","RawValue":"978","LocalValue":"978","Description":"","Mandatory":"0","Searchable":"0","Optional":"0","Feature":{"ID":"12576","Sign":"","Measure":{"ID":"24","Sign":"","Signs":{"ID":"3","_":"mm","Language":"EN"}},"Name":{"Value":"Width (without stand)","Language":"EN"}}},{"Localized":0,"ID":420157815,"LocalID":0,"Type":"numerical","Value":"78","CategoryFeatureId":"91489","CategoryFeatureGroupID":"98","SortNo":"350","PresentationValue":"78 mm","RawValue":"78","LocalValue":"78","Description":"","Mandatory":"0","Searchable":"0","Optional":"0","Feature":{"ID":"12577","Sign":"","Measure":{"ID":"24","Sign":"","Signs":{"ID":"3","_":"mm","Language":"EN"}},"Name":{"Value":"Depth (without stand)","Language":"EN"}}},{"Localized":0,"ID":420157782,"LocalID":0,"Type":"numerical","Value":"573","CategoryFeatureId":"91538","CategoryFeatureGroupID":"98","SortNo":"340","PresentationValue":"573 mm","RawValue":"573","LocalValue":"573","Description":"","Mandatory":"0","Searchable":"0","Optional":"0","Feature":{"ID":"12574","Sign":"","Measure":{"ID":"24","Sign":"","Signs":{"ID":"3","_":"mm","Language":"EN"}},"Name":{"Value":"Height (without stand)","Language":"EN"}}},{"Localized":0,"ID":420158536,"LocalID":0,"Type":"numerical","Value":"12400","CategoryFeatureId":"684552","CategoryFeatureGroupID":"98","SortNo":"330","PresentationValue":"12.4 kg","RawValue":"12400","LocalValue":"12.4","Description":"","Mandatory":"0","Searchable":"0","Optional":"0","Feature":{"ID":"12573","Sign":"","Measure":{"ID":"38","Sign":"","Signs":{"ID":"22","_":"g","Language":"EN"}},"Name":{"Value":"Weight (without stand)","Language":"EN"}}}]},{"ID":23760,"SortNo":"20","FeatureGroup":{"ID":"67","Name":{"Value":"Packaging data","Language":"EN"}},"Features":[{"Localized":0,"ID":420157898,"LocalID":0,"Type":"numerical","Value":"1150","CategoryFeatureId":"22179","CategoryFeatureGroupID":"23760","SortNo":"360","PresentationValue":"1150 mm","RawValue":"1150","LocalValue":"1150","Description":"The distance from one side of the packaging to the other.","Mandatory":"0","Searchable":"0","Optional":"0","Feature":{"ID":"3808","Sign":"","Measure":{"ID":"24","Sign":"","Signs":{"ID":"3","_":"mm","Language":"EN"}},"Name":{"Value":"Package width","Language":"EN"}}},{"Localized":0,"ID":420157961,"LocalID":0,"Type":"numerical","Value":"284","CategoryFeatureId":"22177","CategoryFeatureGroupID":"23760","SortNo":"350","PresentationValue":"284 mm","RawValue":"284","LocalValue":"284","Description":"The distance from the front to the back of the packaging.","Mandatory":"0","Searchable":"0","Optional":"0","Feature":{"ID":"3806","Sign":"","Measure":{"ID":"24","Sign":"","Signs":{"ID":"3","_":"mm","Language":"EN"}},"Name":{"Value":"Package depth","Language":"EN"}}},{"Localized":0,"ID":420157933,"LocalID":0,"Type":"numerical","Value":"704","CategoryFeatureId":"22178","CategoryFeatureGroupID":"23760","SortNo":"340","PresentationValue":"704 mm","RawValue":"704","LocalValue":"704","Description":"The distance from the top to the bottom of the packaging.","Mandatory":"0","Searchable":"0","Optional":"0","Feature":{"ID":"3807","Sign":"","Measure":{"ID":"24","Sign":"","Signs":{"ID":"3","_":"mm","Language":"EN"}},"Name":{"Value":"Package height","Language":"EN"}}},{"Localized":0,"ID":420158161,"LocalID":0,"Type":"numerical","Value":"23300","CategoryFeatureId":"5000","CategoryFeatureGroupID":"23760","SortNo":"330","PresentationValue":"23.3 kg","RawValue":"23300","LocalValue":"23.3","Description":"Weight of the packaged product.","Mandatory":"0","Searchable":"0","Optional":"0","Feature":{"ID":"762","Sign":"","Measure":{"ID":"38","Sign":"","Signs":{"ID":"22","_":"g","Language":"EN"}},"Name":{"Value":"Package weight","Language":"EN"}}},{"Localized":0,"ID":420158003,"LocalID":0,"Type":"dropdown","Value":"Box","CategoryFeatureId":"63814","CategoryFeatureGroupID":"23760","SortNo":"320","PresentationValue":"Box","RawValue":"Box","LocalValue":"Box","Description":"The type of product package e.g. box.","Mandatory":"0","Searchable":"0","Optional":"0","Feature":{"ID":"4463","Sign":"","Measure":{"ID":"29","Sign":"","Signs":{"ID":"","_":"","Language":"EN"}},"Name":{"Value":"Package type","Language":"EN"}}}]},{"ID":49260,"SortNo":"19","FeatureGroup":{"ID":"116","Name":{"Value":"Packaging content","Language":"EN"}},"Features":[{"Localized":0,"ID":420157853,"LocalID":0,"Type":"y_n","Value":"Y","CategoryFeatureId":"123142","CategoryFeatureGroupID":"49260","SortNo":"500","PresentationValue":"Yes","RawValue":"Y","LocalValue":"Yes","Description":"","Mandatory":"0","Searchable":"0","Optional":"0","Feature":{"ID":"10505","Sign":"","Measure":{"ID":"26","Sign":"","Signs":{"ID":"","_":"","Language":"EN"}},"Name":{"Value":"Stand included","Language":"EN"}}},{"Localized":0,"ID":500355770,"LocalID":0,"Type":"multi_dropdown","Value":"HDMI,DisplayPort,USB Type-A to USB Type-B,USB Type-C,AC","CategoryFeatureId":"16133","CategoryFeatureGroupID":"49260","SortNo":"490","PresentationValue":"HDMI, DisplayPort, USB Type-A to USB Type-B, USB Type-C, AC","RawValue":"HDMI,DisplayPort,USB Type-A to USB Type-B,USB Type-C,AC","LocalValue":"HDMI, DisplayPort, USB Type-A to USB Type-B, USB Type-C, AC","Description":"","Mandatory":"0","Searchable":"0","Optional":"0","Feature":{"ID":"1830","Sign":"","Measure":{"ID":"29","Sign":"","Signs":{"ID":"","_":"","Language":"EN"}},"Name":{"Value":"Cables included","Language":"EN"}}},{"Localized":0,"ID":420462733,"LocalID":0,"Type":"y_n","Value":"Y","CategoryFeatureId":"22173","CategoryFeatureGroupID":"49260","SortNo":"410","PresentationValue":"Yes","RawValue":"Y","LocalValue":"Yes","Description":"","Mandatory":"0","Searchable":"0","Optional":"0","Feature":{"ID":"3965","Sign":"","Measure":{"ID":"26","Sign":"","Signs":{"ID":"","_":"","Language":"EN"}},"Name":{"Value":"Manual","Language":"EN"}}},{"Localized":0,"ID":420462712,"LocalID":0,"Type":"textarea","Value":"SmartControl","CategoryFeatureId":"4935","CategoryFeatureGroupID":"49260","SortNo":"310","PresentationValue":"SmartControl","RawValue":"SmartControl","LocalValue":"SmartControl","Description":"Software distributed with another product such as a piece of computer hardware or other electronic device, or a group of software packages which are sold together. A software suite is an example of bundled software, as is software which is pre-installed on a new computer.","Mandatory":"0","Searchable":"0","Optional":"0","Feature":{"ID":"251","Sign":"","Measure":{"ID":"29","Sign":"","Signs":{"ID":"","_":"","Language":"EN"}},"Name":{"Value":"Bundled software","Language":"EN"}}}]},{"ID":72250,"SortNo":"5","FeatureGroup":{"ID":"279","Name":{"Value":"Sustainability","Language":"EN"}},"Features":[{"Localized":0,"ID":420462722,"LocalID":0,"Type":"multi_dropdown","Value":"ENERGY STAR","CategoryFeatureId":"603799","CategoryFeatureGroupID":"72250","SortNo":"40","PresentationValue":"ENERGY STAR","RawValue":"ENERGY STAR","LocalValue":"ENERGY STAR","Description":"","Mandatory":"0","Searchable":"0","Optional":"0","Feature":{"ID":"42513","Sign":"","Measure":{"ID":"29","Sign":"","Signs":{"ID":"","_":"","Language":"EN"}},"Name":{"Value":"Sustainability certificates","Language":"EN"}}},{"Localized":0,"ID":488486491,"LocalID":0,"Type":"multi_dropdown","Value":"PVC/BFR,Mercury (element)","CategoryFeatureId":"624346","CategoryFeatureGroupID":"72250","SortNo":"5","PresentationValue":"PVC/BFR, Mercury","RawValue":"PVC/BFR,Mercury (element)","LocalValue":"PVC/BFR, Mercury","Description":"","Mandatory":"0","Searchable":"0","Optional":"0","Feature":{"ID":"42516","Sign":"","Measure":{"ID":"29","Sign":"","Signs":{"ID":"","_":"","Language":"EN"}},"Name":{"Value":"Doesn't contain","Language":"EN"}}}]},{"ID":8454,"SortNo":"-2","FeatureGroup":{"ID":"146","Name":{"Value":"Other features","Language":"EN"}},"Features":[{"Localized":0,"ID":426107435,"LocalID":0,"Type":"y_n","Value":"Y","CategoryFeatureId":"799445","CategoryFeatureGroupID":"8454","SortNo":"800","PresentationValue":"Yes","RawValue":"Y","LocalValue":"Yes","Description":"","Mandatory":"0","Searchable":"0","Optional":"1","Feature":{"ID":"42069","Sign":"","Measure":{"ID":"26","Sign":"","Signs":{"ID":"","_":"","Language":"EN"}},"Name":{"Value":"HBR3 support","Language":"EN"}}},{"Localized":0,"ID":420462757,"LocalID":0,"Type":"dropdown","Value":"3.0","CategoryFeatureId":"308913","CategoryFeatureGroupID":"8454","SortNo":"68","PresentationValue":"3.0","RawValue":"3.0","LocalValue":"3.0","Description":"","Mandatory":"0","Searchable":"0","Optional":"1","Feature":{"ID":"38615","Sign":"","Measure":{"ID":"29","Sign":"","Signs":{"ID":"","_":"","Language":"EN"}},"Name":{"Value":"USB Power Delivery revision","Language":"EN"}}},{"Localized":0,"ID":488486575,"LocalID":0,"Type":"y_n","Value":"Y","CategoryFeatureId":"270911","CategoryFeatureGroupID":"8454","SortNo":"10","PresentationValue":"Yes","RawValue":"Y","LocalValue":"Yes","Description":"","Mandatory":"0","Searchable":"0","Optional":"1","Feature":{"ID":"37182","Sign":"","Measure":{"ID":"26","Sign":"","Signs":{"ID":"","_":"","Language":"EN"}},"Name":{"Value":"Picture-by-Picture (PbP)","Language":"EN"}}},{"Localized":0,"ID":420462732,"LocalID":0,"Type":"dropdown","Value":"Textured","CategoryFeatureId":"253263","CategoryFeatureGroupID":"8454","SortNo":"4","PresentationValue":"Textured","RawValue":"Textured","LocalValue":"Textured","Description":"","Mandatory":"0","Searchable":"0","Optional":"1","Feature":{"ID":"34139","Sign":"","Measure":{"ID":"29","Sign":"","Signs":{"ID":"","_":"","Language":"EN"}},"Name":{"Value":"Exterior finish type","Language":"EN"}}},{"Localized":0,"ID":420462724,"LocalID":0,"Type":"numerical","Value":"100","CategoryFeatureId":"78826","CategoryFeatureGroupID":"8454","SortNo":"0","PresentationValue":"100%","RawValue":"100","LocalValue":"100","Description":"","Mandatory":"0","Searchable":"0","Optional":"1","Feature":{"ID":"11613","Sign":"","Measure":{"ID":"64","Sign":"","Signs":{"ID":"47","_":"%","Language":"EN"}},"Name":{"Value":"Recyclable packaging material","Language":"EN"}}},{"Localized":0,"ID":420158804,"LocalID":0,"Type":"multi_dropdown","Value":"Hg (mercury)","CategoryFeatureId":"105044","CategoryFeatureGroupID":"8454","SortNo":"0","PresentationValue":"Hg (mercury)","RawValue":"Hg (mercury)","LocalValue":"Hg (mercury)","Description":"","Mandatory":"0","Searchable":"0","Optional":"0","Feature":{"ID":"4752","Sign":"","Measure":{"ID":"29","Sign":"","Signs":{"ID":"","_":"","Language":"EN"}},"Name":{"Value":"Heavy metals free","Language":"EN"}}},{"Localized":0,"ID":426107438,"LocalID":0,"Type":"y_n","Value":"Y","CategoryFeatureId":"118851","CategoryFeatureGroupID":"8454","SortNo":"0","PresentationValue":"Yes","RawValue":"Y","LocalValue":"Yes","Description":"","Mandatory":"0","Searchable":"0","Optional":"1","Feature":{"ID":"4190","Sign":"","Measure":{"ID":"26","Sign":"","Signs":{"ID":"","_":"","Language":"EN"}},"Name":{"Value":"RS-232 interface","Language":"EN"}}},{"Localized":0,"ID":420462744,"LocalID":0,"Type":"y_n","Value":"Y","CategoryFeatureId":"225547","CategoryFeatureGroupID":"8454","SortNo":"0","PresentationValue":"Yes","RawValue":"Y","LocalValue":"Yes","Description":"","Mandatory":"0","Searchable":"0","Optional":"1","Feature":{"ID":"32507","Sign":"","Measure":{"ID":"26","Sign":"","Signs":{"ID":"","_":"","Language":"EN"}},"Name":{"Value":"EasyRead mode","Language":"EN"}}},{"Localized":0,"ID":488486360,"LocalID":0,"Type":"y_n","Value":"Y","CategoryFeatureId":"225551","CategoryFeatureGroupID":"8454","SortNo":"0","PresentationValue":"Yes","RawValue":"Y","LocalValue":"Yes","Description":"","Mandatory":"0","Searchable":"0","Optional":"1","Feature":{"ID":"32505","Sign":"","Measure":{"ID":"26","Sign":"","Signs":{"ID":"","_":"","Language":"EN"}},"Name":{"Value":"LowBlue mode","Language":"EN"}}},{"Localized":0,"ID":420462761,"LocalID":0,"Type":"range","Value":"93 - 105","CategoryFeatureId":"252544","CategoryFeatureGroupID":"8454","SortNo":"0","PresentationValue":"93 - 105%","RawValue":"93 - 105","LocalValue":"93 - 105","Description":"","Mandatory":"0","Searchable":"0","Optional":"1","Feature":{"ID":"35792","Sign":"","Measure":{"ID":"64","Sign":"","Signs":{"ID":"47","_":"%","Language":"EN"}},"Name":{"Value":"Philips SmartUniformity","Language":"EN"}}},{"Localized":0,"ID":450616057,"LocalID":0,"Type":"numerical","Value":"12400","CategoryFeatureId":"855754","CategoryFeatureGroupID":"8454","SortNo":"0","PresentationValue":"12.4 kg","RawValue":"12400","LocalValue":"12.4","Description":"Weight of the product without packaging (net weight). If possible, the net weight is given including standard accessories and supplies. Please note that sometimes the manufacturer leaves out the weight of accessories and/or supplies.","Mandatory":"0","Searchable":"0","Optional":"1","Feature":{"ID":"94","Sign":"","Measure":{"ID":"38","Sign":"","Signs":{"ID":"22","_":"g","Language":"EN"}},"Name":{"Value":"Weight","Language":"EN"}}},{"Localized":0,"ID":420462708,"LocalID":0,"Type":"text","Value":"SmartImage","CategoryFeatureId":"22180","CategoryFeatureGroupID":"8454","SortNo":"0","PresentationValue":"SmartImage","RawValue":"SmartImage","LocalValue":"SmartImage","Description":"","Mandatory":"0","Searchable":"0","Optional":"1","Feature":{"ID":"3816","Sign":"","Measure":{"ID":"29","Sign":"","Signs":{"ID":"","_":"","Language":"EN"}},"Name":{"Value":"Picture enhancement","Language":"EN"}}},{"Localized":0,"ID":420462774,"LocalID":0,"Type":"text","Value":"PIP/PBP mode, 4 x devices","CategoryFeatureId":"82014","CategoryFeatureGroupID":"8454","SortNo":"0","PresentationValue":"PIP/PBP mode, 4 x devices","RawValue":"PIP/PBP mode, 4 x devices","LocalValue":"PIP/PBP mode, 4 x devices","Description":"","Mandatory":"0","Searchable":"0","Optional":"1","Feature":{"ID":"12040","Sign":"","Measure":{"ID":"29","Sign":"","Signs":{"ID":"","_":"","Language":"EN"}},"Name":{"Value":"MultiView","Language":"EN"}}},{"Localized":0,"ID":488486499,"LocalID":0,"Type":"text","Value":"CB; TUV/GS; TUV Ergo; CU-EAC; EAEU RoHS; CE Mark; FCC Class B; ICES-003","CategoryFeatureId":"82025","CategoryFeatureGroupID":"8454","SortNo":"0","PresentationValue":"CB; TUV/GS; TUV Ergo; CU-EAC; EAEU RoHS; CE Mark; FCC Class B; ICES-003","RawValue":"CB; TUV/GS; TUV Ergo; CU-EAC; EAEU RoHS; CE Mark; FCC Class B; ICES-003","LocalValue":"CB; TUV/GS; TUV Ergo; CU-EAC; EAEU RoHS; CE Mark; FCC Class B; ICES-003","Description":"","Mandatory":"0","Searchable":"0","Optional":"1","Feature":{"ID":"12017","Sign":"","Measure":{"ID":"29","Sign":"","Signs":{"ID":"","_":"","Language":"EN"}},"Name":{"Value":"Regulatory Approvals","Language":"EN"}}},{"Localized":0,"ID":420462763,"LocalID":0,"Type":"numerical","Value":"2","CategoryFeatureId":"118848","CategoryFeatureGroupID":"8454","SortNo":"0","PresentationValue":"2","RawValue":"2","LocalValue":"2","Description":"","Mandatory":"0","Searchable":"0","Optional":"1","Feature":{"ID":"19258","Sign":"","Measure":{"ID":"29","Sign":"","Signs":{"ID":"","_":"","Language":"EN"}},"Name":{"Value":"Delta E","Language":"EN"}}},{"Localized":0,"ID":651732809,"LocalID":0,"Type":"multi_dropdown","Value":"RoHS","CategoryFeatureId":"953263","CategoryFeatureGroupID":"8454","SortNo":"0","PresentationValue":"RoHS","RawValue":"RoHS","LocalValue":"RoHS","Description":"","Mandatory":"0","Searchable":"0","Optional":"0","Feature":{"ID":"48024","Sign":"","Measure":{"ID":"29","Sign":"","Signs":{"ID":"","_":"","Language":"EN"}},"Name":{"Value":"Compliance certificates","Language":"EN"}}},{"Localized":0,"ID":420462721,"LocalID":0,"Type":"numerical","Value":"70000","CategoryFeatureId":"14295","CategoryFeatureGroupID":"8454","SortNo":"-11","PresentationValue":"70000 h","RawValue":"70000","LocalValue":"70000","Description":"Statistical model used to indicate product/mechanism reliability; expressed in hours and percentage of duty cycle. This number (in hours) does not indicate the mean time before failure for a single unit/mechanism.","Mandatory":"0","Searchable":"0","Optional":"1","Feature":{"ID":"533","Sign":"","Measure":{"ID":"46","Sign":"","Signs":{"ID":"30","_":"h","Language":"EN"}},"Name":{"Value":"Mean time between failures (MTBF)","Language":"EN"}}},{"Localized":0,"ID":420462754,"LocalID":0,"Type":"multi_dropdown","Value":"10,100,1000","CategoryFeatureId":"48021","CategoryFeatureGroupID":"8454","SortNo":"-12","PresentationValue":"10,100,1000 Mbit/s","RawValue":"10,100,1000","LocalValue":"10,100,1000","Description":"The different speed levels of the Ethernet LAN connection.","Mandatory":"0","Searchable":"0","Optional":"1","Feature":{"ID":"3768","Sign":"","Measure":{"ID":"23","Sign":"","Signs":{"ID":"4","_":"Mbit/s","Language":"EN"}},"Name":{"Value":"Ethernet LAN data rates","Language":"EN"}}},{"Localized":0,"ID":488486552,"LocalID":0,"Type":"y_n","Value":"Y","CategoryFeatureId":"904354","CategoryFeatureGroupID":"8454","SortNo":"-14","PresentationValue":"Yes","RawValue":"Y","LocalValue":"Yes","Description":"","Mandatory":"0","Searchable":"0","Optional":"1","Feature":{"ID":"18594","Sign":"","Measure":{"ID":"26","Sign":"","Signs":{"ID":"","_":"","Language":"EN"}},"Name":{"Value":"Wake-on-LAN","Language":"EN"}}},{"Localized":0,"ID":420158803,"LocalID":0,"Type":"textarea","Value":"CB, TUV/GS, TUV Ergo, SEMKO, CU-EAC, EAEU RoHS, CE Mark, FCC Class B, ICES-003","CategoryFeatureId":"4937","CategoryFeatureGroupID":"8454","SortNo":"-600","PresentationValue":"CB, TUV/GS, TUV Ergo, SEMKO, CU-EAC, EAEU RoHS, CE Mark, FCC Class B, ICES-003","RawValue":"CB, TUV/GS, TUV Ergo, SEMKO, CU-EAC, EAEU RoHS, CE Mark, FCC Class B, ICES-003","LocalValue":"CB, TUV/GS, TUV Ergo, SEMKO, CU-EAC, EAEU RoHS, CE Mark, FCC Class B, ICES-003","Description":"","Mandatory":"0","Searchable":"0","Optional":"0","Feature":{"ID":"249","Sign":"","Measure":{"ID":"29","Sign":"","Signs":{"ID":"","_":"","Language":"EN"}},"Name":{"Value":"Certification","Language":"EN"}}}]},{"ID":27531,"SortNo":"-3","FeatureGroup":{"ID":"247","Name":{"Value":"Recycling data","Language":"EN"}},"Features":[{"Localized":0,"ID":420462749,"LocalID":0,"Type":"numerical","Value":"85","CategoryFeatureId":"313014","CategoryFeatureGroupID":"27531","SortNo":"0","PresentationValue":"85%","RawValue":"85","LocalValue":"85","Description":"","Mandatory":"0","Searchable":"0","Optional":"1","Feature":{"ID":"39129","Sign":"","Measure":{"ID":"64","Sign":"","Signs":{"ID":"47","_":"%","Language":"EN"}},"Name":{"Value":"Post-consumer recycled plastic","Language":"EN"}}}]},{"ID":27535,"SortNo":"-40","FeatureGroup":{"ID":"198","Name":{"Value":"Logistics data","Language":"EN"}},"Features":[{"Localized":0,"ID":494559253,"LocalID":0,"Type":"text","Value":"85285210","CategoryFeatureId":"711548","CategoryFeatureGroupID":"27535","SortNo":"-580","PresentationValue":"85285210","RawValue":"85285210","LocalValue":"85285210","Description":"","Mandatory":"0","Searchable":"0","Optional":"1","Feature":{"ID":"23731","Sign":"","Measure":{"ID":"29","Sign":"","Signs":{"ID":"","_":"","Language":"EN"}},"Name":{"Value":"Harmonized System (HS) code","Language":"EN"}}}]}],"FeatureLogos":[{"LogoPic":"https://images.icecat.biz/img/feature_logo/4-8210.png","Width":"195","Height":"200","Size":"0","ThumbPic":"https://images.icecat.biz/img/feature_logo_thumbs/4-8210.png","FeatureID":"42513","Value":"ENERGY STAR","KeyLogo":0,"Description":{"Value":"ENERGY STAR® is the government-backed symbol for energy efficiency, providing simple, credible, and unbiased information that consumers and businesses rely on to make well-informed decisions. ENERGY STAR is the simple choice for energy efficiency, making it easy for consumers and businesses to purchase products that save them money and protect the environment.","Language":"EN"}},{"LogoPic":"https://images.icecat.biz/img/feature_logo/8-2276.png","Width":"200","Height":"200","Size":"0","ThumbPic":"https://images.icecat.biz/img/feature_logo_thumbs/8-2276.png","FeatureID":"48024","Value":"RoHS","KeyLogo":1,"Description":{"Value":"RoHS stands for Restriction of Hazardous Substances. RoHS, also known as Directive 2002/95/EC, originated in the European Union and restricts the use of specific hazardous materials found in electrical and electronic products (known as EEE). All applicable products in the EU market after July 1, 2006 must pass RoHS compliance. The substances banned under RoHS are lead (Pb), mercury (Hg), cadmium (Cd), hexavalent chromium (CrVI), polybrominated biphenyls (PBB), polybrominated diphenyl ethers (PBDE), and four different phthalates (DEHP, BBP, BBP, DIBP).","Language":"EN"}},{"LogoPic":"https://images.icecat.biz/img/feature_logo/977-9367.png","Width":"300","Height":"165","Size":"0","ThumbPic":"https://images.icecat.biz/img/feature_logo_thumbs/977-9367.png","FeatureID":"42856","Value":"G","KeyLogo":2,"Description":{"Value":"G means that the product is rated in its category in terms of energy efficiency. The Energy Labeling system is based on EU Regulation 2017/1369/EU.","Language":"EN"}}],"ReasonsToBuy":[{"ReasonToBuyID":"92367282","Value":"This Philips display features a built-in USB type-C docking station with power delivery. With intelligent and flexible power management, you can power charge your compatible* laptop directly. Its slim, reversible USB-C connector allows for easy, one-cable docking. Simplify by connecting all your peripherals like keyboard, mouse and your RJ-45 Ethernet cable to the monitor's docking station. You can watch high-resolution video and transfer data at super-speed, while powering up and re-charging your notebook at the same time.","HighPic":"https://images.icecat.biz/img/bullets/91936878-684a7057ae43e265436097.jpg","HighPicSize":"0","No":"1","Title":"USB-C enables laptop power charging directly from a monitor","Language":"EN","Updated":"2025-08-24 22:44:28","Origin":"RTB","IsPrivate":"0"},{"ReasonToBuyID":"90328243","Value":"Ultra Wide-Color Technology delivers a wider spectrum of colors for a more brilliant picture. Ultra Wide-Color wider \"color gamut\" produces more natural-looking greens, vivid reds and deeper blues. Bring, media entertainment, images, and even productivity more alive and vivid colors from Ultra Wide-Color Technology.","HighPic":"https://images.icecat.biz/img/bullets/91936878-683bdfe308f7b493787593.jpg","HighPicSize":"0","No":"2","Title":"Ultra Wide-Color wider range of colors for a vivid picture","Language":"EN","Updated":"2025-07-06 08:44:51","Origin":"RTB","IsPrivate":"0"},{"ReasonToBuyID":"88368911","Value":"Philips MultiView feature on this expansive 4K UHD display enables you to have up to four systems each shown in Full HD on one screen. You can use the Picture-by-Picture (PbP) for monitoring four systems on one screen for control rooms or security. Or for multiple devices like two notebooks side-by-side simultaneously, making collaboration more productive. Or Picture-in-Picture mode (PiP) watching a live football feed from your set-top box, while working on your PC.","HighPic":"https://images.icecat.biz/img/bullets/91936878-6832a4b868ac7662707703.jpg","HighPicSize":"0","No":"3","Title":"MultiView 4K for 4 systems on one screen","Language":"EN","Updated":"2025-07-03 08:35:49","Origin":"RTB","IsPrivate":"0"},{"ReasonToBuyID":"93060278","Value":"With MultiClient Integrated KVM switch, you can control two separate PCs with one monitor-keyboard-mouse set up. A convenient button allows you to quickly switch between sources. Handy with set-ups that require dual PC computing power or sharing one large monitor to show two different PCs.","HighPic":"https://images.icecat.biz/img/bullets/91936878-6845290aa512b162297896.jpg","HighPicSize":"0","No":"4","Title":"Built-in KVM switch to easily switch between sources","Language":"EN","Updated":"2025-09-07 22:55:30","Origin":"RTB","IsPrivate":"0"},{"ReasonToBuyID":"69377874","Value":"The Compact Ergo Base is a people-friendly Philips monitor base that tilts, swivels and height-adjusts so each user can position the monitor for maximum viewing comfort and efficiency.","HighPic":"https://images.icecat.biz/img/bullets/91936878-64171a8cdee34259141302.jpg","HighPicSize":"0","No":"5","Title":"Tilt, swivel and height-adjust for an ideal viewing position","Language":"EN","Updated":"2024-11-15 13:11:10","Origin":"RTB","IsPrivate":"0"},{"ReasonToBuyID":"87414473","Value":"These Philips displays utilize high performance panels to deliver UltraClear, 4K UHD (3840 x 2160) resolution images. Whether you are demanding professional requiring extremely detailed images for CAD solutions, using 3D graphics applications or a financial wizard working on huge spreadsheets, Philips displays will make your images and graphics come alive.","HighPic":"https://images.icecat.biz/img/bullets/91936878-683bdfe470ea4334741522.jpg","HighPicSize":"0","No":"6","Title":"UltraClear 4K UHD (3840x2160) resolution for precision","Language":"EN","Updated":"2025-06-15 08:20:53","Origin":"RTB","IsPrivate":"0"},{"ReasonToBuyID":"90328244","Value":"Philips VA LED display uses an advanced multi-domain vertical alignment technology which gives you super-high static contrast ratios for extra vivid and bright images. While standard office applications are handled with ease, it is especially suitable for photos, web-browsing, movies, gaming, and demanding graphical applications. It's optimized pixel management technology gives you 178/178 degree extra wide viewing angle, resulting in crisp images.","HighPic":"https://images.icecat.biz/img/bullets/91936878-683bdfe4bc65e285168228.jpg","HighPicSize":"0","No":"7","Title":"VA display delivers awesome images with wide viewing angles","Language":"EN","Updated":"2025-07-06 08:44:51","Origin":"RTB","IsPrivate":"0"},{"ReasonToBuyID":"90328245","Value":"VESA-certified DisplayHDR 400 delivers a significant step-up from normal SDR displays. Unlike, other 'HDR compatible' screens, true DisplayHDR 400 produces astonishing brightness, contrast and colors. With global dimming and minimum 400 nits brightness, images come to life with notable highlights while featuring deeper, more nuanced blacks. It renders a fuller palette of rich new colors, delivering a visual experience that engages your senses.","HighPic":"https://images.icecat.biz/img/bullets/91936878-683bdfe52d589094134355.jpg","HighPicSize":"0","No":"8","Title":"DisplayHDR 400 for more lifelike and outstanding visuals","Language":"EN","Updated":"2025-07-06 08:44:51","Origin":"RTB","IsPrivate":"0"},{"ReasonToBuyID":"93060279","Value":"Studies have shown that just as ultra-violet rays can cause eye damage, shortwave-length blue light rays from LED displays can cause eye damage and affect vision over time. Developed for wellbeing, the Philips LowBlue Mode setting uses a smart software technology to reduce harmful shortwave blue light.","HighPic":"https://images.icecat.biz/img/bullets/91936878-6832a4bb24262802447943.jpg","HighPicSize":"0","No":"9","Title":"LowBlue Mode for easy-on-the-eyes productivity","Language":"EN","Updated":"2025-09-07 22:55:30","Origin":"RTB","IsPrivate":"0"},{"ReasonToBuyID":"79311207","Value":"Due to the way brightness is controlled on LED-backlit screens, some users experience flicker on their screen which causes eye fatigue. Philips Flicker-Free technology applies a new solution to regulate brightness and reduce flicker for more comfortable viewing.","HighPic":"https://images.icecat.biz/img/bullets/91936878-665e955d0443d511902035.jpg","HighPicSize":"0","No":"10","Title":"Less eye fatigue with Flicker-Free technology","Language":"EN","Updated":"2025-09-07 22:55:30","Origin":"RTB","IsPrivate":"0"}],"Reviews":[],"ProductRelated":[{"ID":0,"CategoryID":942,"Preferred":0,"IcecatID":66052550,"ProductCode":"RGOVLZE4TWSI","ThumbPic":"","ProductName":"Monitor arm R-Go Zepher Dual, for two monitors, fully adjustable, 0- 8 kg load capacity, 100% circular, black","Brand":"R-Go Tools","BrandID":14659,"ProductRelatedLocales":[{"ID":0,"Language":"EN","Preferred":0,"StartDate":"","EndDate":""}]},{"ID":0,"CategoryID":942,"Preferred":0,"IcecatID":66034473,"ProductCode":"RGOVLZE4SI","ThumbPic":"","ProductName":"Monitor arm R-Go Zepher Single, fully adjustable, 0-8 Kg load capacity, 100% circular, black","Brand":"R-Go Tools","BrandID":14659,"ProductRelatedLocales":[{"ID":0,"Language":"EN","Preferred":0,"StartDate":"","EndDate":""}]},{"ID":0,"CategoryID":942,"Preferred":0,"IcecatID":65524526,"ProductCode":"RGOVLCA4TWSI","ThumbPic":"","ProductName":"Monitor arm R-Go Caparo Dual, for two monitors, adjustable with gas spring, 3-9 kg load capacity, 100% circular, black","Brand":"R-Go Tools","BrandID":14659,"ProductRelatedLocales":[{"ID":0,"Language":"EN","Preferred":0,"StartDate":"","EndDate":""}]},{"ID":0,"CategoryID":942,"Preferred":0,"IcecatID":65516961,"ProductCode":"RGOVLCA4SI","ThumbPic":"","ProductName":"Monitor arm R-Go Caparo Single, fully adjustable with gas spring, 3-9 kg load capacity, 100% circular, black","Brand":"R-Go Tools","BrandID":14659,"ProductRelatedLocales":[{"ID":0,"Language":"EN","Preferred":0,"StartDate":"","EndDate":""}]},{"ID":0,"CategoryID":2918,"Preferred":0,"IcecatID":43582484,"ProductCode":"77HDMI-030","ThumbPic":"","ProductName":"77HDMI-030","Brand":"Cables Direct","BrandID":3239,"ProductRelatedLocales":[{"ID":0,"Language":"EN","Preferred":0,"StartDate":"","EndDate":""}]},{"ID":0,"CategoryID":2918,"Preferred":0,"IcecatID":15522343,"ProductCode":"99HDHS-101H","ThumbPic":"","ProductName":"1.5m HDMI, M - M","Brand":"Cables Direct","BrandID":3239,"ProductRelatedLocales":[{"ID":0,"Language":"EN","Preferred":0,"StartDate":"","EndDate":""}]}],"CatalogObjectCloud":{"ProductPage":{"QRCodeURL":"https://qr.icecat.biz/coc/864d229e-cb8c-4c2b-ae92-5ebbe1e583bb","URL":"https://coc.icecat.biz/864d229e-cb8c-4c2b-ae92-5ebbe1e583bb"}},"Variants":[],"ProductStory":[{"ID":"F4D11517-94B2-4F14-8FFD-4C3457E4A32E","URL":"https://live-html.icecat.biz/6bbeceee733f20f23009cddb542393a2/index.html","Type":"ProductStory","ContentType":"application/zip","KeepAsUrl":"0","Description":"ProductStory","Size":"4435","IsPrivate":"0","Updated":"2025-06-16 04:39:55","Language":"EN","IsVideo":0}],"Dictionary":{"model_name":"Product name","desc":"Description","ean_code":"EAN/UPC code","flash360":"3D tour","demo_msg_part3":"If you don't have an Icecat account, please register here for free.","repairability_index":"Repairability index","zoom_panel_init":"Original size","cat_name":"Category","product_family":"Product family","back_to_top":"Back to top","zoom_panel_out":"Zoom out","specs":"Specs","eu_product_fiche":"EU Product Fiche","reviews_head_name":"Reviews","pdf_specs":"Product Brochure","zoom_panel_in":"Zoom in","html_content":"","release_date":"Release date","demo_msg_part1":"You are using now a Demo account. Please, use your own Icecat account","demo_insert_desc":"This is a demo of a seamless insert of an Icecat LIVE product data-sheet in your website. Imagine that this responsive data-sheet is included in the product page of your webshop.","pdf_url":"User manual","prod_code":"Product code","supplier_name":"Brand","video":"Video","reasons_to_buy":"Reasons to buy","marketing_text":"Description","options_head_name":"Options","product_series":"Product series","demo_msg_part2":"your Icecat login name","link_integrate_desk":"How to integrate Icecat LIVE JavaScript.","zoom_panel_dragg":"Mouse dragging","eu_energy_label":"EU Energy Label"},"DemoAccount":false}}