{"msg":"OK","data":{"GeneralInfo":{"IcecatId":101927888,"ReleaseDate":"","EndOfLifeDate":"","Title":"Hills Puppy Small & Mini Breed Dry Food with Chicken","TitleInfo":{"GeneratedIntTitle":"Hills 604345 dogs dry food","GeneratedLocalTitle":{"Value":"Hills 604345 dogs dry food 3 kg","Language":"EN"},"BrandLocalTitle":{"Value":"Hills Puppy Small & Mini Breed Dry Food with Chicken","Language":"EN"}},"Brand":"Hills","BrandID":"21320","BrandLogo":"","BrandInfo":{"BrandName":"Hills","BrandLocalName":"","BrandLogo":""},"ProductName":"Puppy Small & Mini Breed Dry Food with Chicken","ProductNameInfo":{"ProductIntName":"604345","ProductLocalName":{"Value":"Puppy Small & Mini Breed Dry Food with Chicken","Language":"EN"}},"BrandPartCode":"604345","GTIN":["0052742281803","052742281803"],"Category":{"CategoryID":"3398","Name":{"Value":"Dogs Dry Food","Language":"EN"}},"ProductFamily":{},"ProductSeries":{"SeriesID":"1"},"Description":{"ID":"104037835","LongDesc":"Hill's Science Plan Small & Mini Puppy Food with Chicken (chicken 17%; total poultry 27%) is a high-quality and complete pet food for small breed puppies from 4 weeks until 12 months old, and for the pregnant or nursing dogs.<br><br><b>Key benefits</b><br>Big on Love, Small in Size. Hill's Science Plan Small & Mini Puppy dog food with Chicken is tailored nutrition for the developmental needs of Small & Mini puppies, so they get the best start in life & grow to their full potential. Specially made with our smallest kibble.<br><br>- DHA from fish oil for healthy brain & eye development<br>- Balanced minerals for strong bones & teeth<br>- High-quality ingredients and gentle fibres for your puppy's sensitive tummy<br>- Contains our special Small & Mini antioxidant blend for lifelong immune support<br><br><b>Recommended for:</b><br>Puppies up to 1 year old and pregnant or nursing dogs that weigh up to 10kg when full grown.<br><br><b>Not recommended for:</b><br>Adult or mature adult dogs.","LongProductName":"Puppy Small & Mini Breed Dry Food with Chicken","MiddleDesc":"","Disclaimer":"","ManualPDFURL":"","ManualPDFSize":"0","LeafletPDFURL":"","PDFSize":"0","URL":"https://www.hillspet.co.uk/dog-food/sp-canine-science-plan-puppy-small-and-miniature-chicken-dry","WarrantyInfo":"","Updated":"2025-09-08 17:10:22","Language":"EN"},"SummaryDescription":{"ShortSummaryDescription":"Hills Puppy Small & Mini Breed Dry Food with Chicken, Puppy, Mini (5 - 10kg), X-Small (< 4kg), Chicken, 3 kg","LongSummaryDescription":"Hills Puppy Small & Mini Breed Dry Food with Chicken. Pet life stage: Puppy, Breed size: Mini (5 - 10kg), X-Small (< 4kg), Pet food flavor: Chicken, Weight: 3 kg"},"BulletPoints":{},"GeneratedBulletPoints":{},"GTINs":[{"GTIN":"0052742281803","IsApproved":true},{"GTIN":"052742281803","IsApproved":true}]},"Image":{"HighPic":"https://inishop.com/img/gallery/a897fa1dd6f0737695820417f7fb2566a58a3204.jpg","HighPicSize":"587333","HighPicHeight":"1552","HighPicWidth":"955","LowPic":"https://inishop.com/img/gallery_lows/2d87b563f6d3a3b30e0ca5a7a60660ba945067f5.jpg","LowPicSize":"23557","LowPicHeight":"200","LowPicWidth":"123","Pic500x500":"https://inishop.com/img/gallery_mediums/cca3705d8de0cc73e282cd4d755ab5cc7fc6567f.jpg","Pic500x500Size":"102093","Pic500x500Height":"500","Pic500x500Width":"308","ThumbPic":"https://inishop.com/img/gallery_thumbs/99e8d451de1bc6862ad0773692511d9a28dcbd6a.jpg","ThumbPicSize":"5325"},"Multimedia":[],"Gallery":[{"ID":"117084040","LowPic":"https://inishop.com/img/gallery_lows/2d87b563f6d3a3b30e0ca5a7a60660ba945067f5.jpg","LowSize":"23557","LowHeight":"200","LowWidth":"123","ThumbPic":"https://inishop.com/img/gallery_thumbs/99e8d451de1bc6862ad0773692511d9a28dcbd6a.jpg","ThumbPicSize":"5325","Pic":"https://inishop.com/img/gallery/a897fa1dd6f0737695820417f7fb2566a58a3204.jpg","Size":"587333","PicHeight":"1552","PicWidth":"955","Pic500x500":"https://inishop.com/img/gallery_mediums/cca3705d8de0cc73e282cd4d755ab5cc7fc6567f.jpg","Pic500x500Size":"102093","Pic500x500Height":"500","Pic500x500Width":"308","No":"2","IsMain":"Y","Updated":"2025-09-08 17:09:26","IsPrivate":"0","Type":"ProductImage","Attributes":{"OriginalFileName":""}},{"ID":"117084041","LowPic":"https://inishop.com/img/gallery_lows/a6aea726d52592efe868a2d16480adb72b830c10.jpg","LowSize":"17235","LowHeight":"200","LowWidth":"123","ThumbPic":"https://inishop.com/img/gallery_thumbs/6a8a00533bbe0c81107ae426274dec1551b63766.jpg","ThumbPicSize":"3526","Pic":"https://inishop.com/img/gallery/6ec64d45b08983eb8afb232543f82349674663d9.jpg","Size":"681620","PicHeight":"1552","PicWidth":"955","Pic500x500":"https://inishop.com/img/gallery_mediums/7be3fd92cfb6d522abec7d8bf8f30dd049ada0ad.jpg","Pic500x500Size":"88732","Pic500x500Height":"500","Pic500x500Width":"308","No":"3","IsMain":"N","Updated":"2025-09-08 17:09:30","IsPrivate":"0","Type":"ProductImage","Attributes":{"OriginalFileName":""}},{"ID":"117084058","LowPic":"https://inishop.com/img/gallery_lows/9ff08f80df11c08509a08c857ccdb4e64362302a.jpg","LowSize":"29654","LowHeight":"200","LowWidth":"200","ThumbPic":"https://inishop.com/img/gallery_thumbs/cb64c4d6a17749ff3a4bc7382c336f3fa84a90b7.jpg","ThumbPicSize":"6971","Pic":"https://inishop.com/img/gallery/2d716f4ebaa19e92d7a7518df6f3bf87c6a74988.jpg","Size":"93689","PicHeight":"500","PicWidth":"500","Pic500x500":"https://inishop.com/img/gallery_mediums/2d716f4ebaa19e92d7a7518df6f3bf87c6a74988.jpg","Pic500x500Size":"93689","Pic500x500Height":"500","Pic500x500Width":"500","No":"8","IsMain":"N","Updated":"2025-09-08 17:09:53","IsPrivate":"0","Type":"ProductImageAnnotated","Attributes":{"OriginalFileName":""}},{"ID":"117084070","LowPic":"https://inishop.com/img/gallery_lows/4bbada6d633c9bed257e02b8841b07edb6fdd6b2.jpg","LowSize":"34244","LowHeight":"200","LowWidth":"200","ThumbPic":"https://inishop.com/img/gallery_thumbs/1458597878053b0291b96e0712f9552c561dcd1f.jpg","ThumbPicSize":"8395","Pic":"https://inishop.com/img/gallery/dab69b108730f50e8b575cdf38d6145e7686d5d9.jpg","Size":"118589","PicHeight":"500","PicWidth":"500","Pic500x500":"https://inishop.com/img/gallery_mediums/dab69b108730f50e8b575cdf38d6145e7686d5d9.jpg","Pic500x500Size":"118589","Pic500x500Height":"500","Pic500x500Width":"500","No":"9","IsMain":"N","Updated":"2025-09-08 17:09:54","IsPrivate":"0","Type":"ProductImageAnnotated","Attributes":{"OriginalFileName":""}},{"ID":"117084071","LowPic":"https://inishop.com/img/gallery_lows/9baa98fed8a6cbc58b0d90b73ff731851c266cea.jpg","LowSize":"36804","LowHeight":"200","LowWidth":"200","ThumbPic":"https://inishop.com/img/gallery_thumbs/f5ffe6978907b3eee2699203bb9e263016e5cf1d.jpg","ThumbPicSize":"8454","Pic":"https://inishop.com/img/gallery/547703a217c2a653a58dad961313e77508c77df8.jpg","Size":"124617","PicHeight":"500","PicWidth":"500","Pic500x500":"https://inishop.com/img/gallery_mediums/547703a217c2a653a58dad961313e77508c77df8.jpg","Pic500x500Size":"124617","Pic500x500Height":"500","Pic500x500Width":"500","No":"10","IsMain":"N","Updated":"2025-09-08 17:09:55","IsPrivate":"0","Type":"ProductImageAnnotated","Attributes":{"OriginalFileName":""}},{"ID":"117084072","LowPic":"https://inishop.com/img/gallery_lows/4f7af0e0e7ba08ad22f6c4cab2f6bd6bf89730c0.jpg","LowSize":"22731","LowHeight":"200","LowWidth":"200","ThumbPic":"https://inishop.com/img/gallery_thumbs/e2c7c5eec51765f0dd785b348279173437537535.jpg","ThumbPicSize":"4972","Pic":"https://inishop.com/img/gallery/e38f74f8d8efbb5bbe6e3c3711a7505ab25065d9.jpg","Size":"93804","PicHeight":"500","PicWidth":"500","Pic500x500":"https://inishop.com/img/gallery_mediums/e38f74f8d8efbb5bbe6e3c3711a7505ab25065d9.jpg","Pic500x500Size":"93804","Pic500x500Height":"500","Pic500x500Width":"500","No":"11","IsMain":"N","Updated":"2025-09-08 17:09:56","IsPrivate":"0","Type":"ProductImageAnnotated","Attributes":{"OriginalFileName":""}},{"ID":"117084073","LowPic":"https://inishop.com/img/gallery_lows/5f22d27d8ec3e4daed7523bdcf1baf2f56bd5d89.jpg","LowSize":"36224","LowHeight":"200","LowWidth":"200","ThumbPic":"https://inishop.com/img/gallery_thumbs/7769d4d3c5bfcaa8721ff39fb249a9eef73e0ebd.jpg","ThumbPicSize":"8528","Pic":"https://inishop.com/img/gallery/33391e2a59430d2a367b7d895e8accb54c77527f.jpg","Size":"114965","PicHeight":"500","PicWidth":"500","Pic500x500":"https://inishop.com/img/gallery_mediums/33391e2a59430d2a367b7d895e8accb54c77527f.jpg","Pic500x500Size":"114965","Pic500x500Height":"500","Pic500x500Width":"500","No":"12","IsMain":"N","Updated":"2025-09-08 17:09:57","IsPrivate":"0","Type":"ProductImageAnnotated","Attributes":{"OriginalFileName":""}}],"FeaturesGroups":[{"ID":13305,"SortNo":"10","FeatureGroup":{"ID":"185","Name":{"Value":"Features","Language":"EN"}},"Features":[{"Localized":0,"ID":503327416,"LocalID":0,"Type":"numerical","Value":"3000","CategoryFeatureId":"189213","CategoryFeatureGroupID":"13305","SortNo":"200","PresentationValue":"3 kg","RawValue":"3000","LocalValue":"3","Description":"Weight of the product without packaging (net weight). If possible, the net weight is given including standard accessories and supplies. Please note that sometimes the manufacturer leaves out the weight of accessories and/or supplies.","Mandatory":"1","Searchable":"0","Optional":"0","Feature":{"ID":"94","Sign":"","Measure":{"ID":"38","Sign":"","Signs":{"ID":"22","_":"g","Language":"EN"}},"Name":{"Value":"Weight","Language":"EN"}}},{"Localized":0,"ID":835130052,"LocalID":0,"Type":"multi_dropdown","Value":"Mini (5 - 10kg),X-Small (< 4kg)","CategoryFeatureId":"122920","CategoryFeatureGroupID":"13305","SortNo":"189","PresentationValue":"Mini (5 - 10kg), X-Small (< 4kg)","RawValue":"Mini (5 - 10kg),X-Small (< 4kg)","LocalValue":"Mini (5 - 10kg), X-Small (< 4kg)","Description":"","Mandatory":"0","Searchable":"0","Optional":"0","Feature":{"ID":"20703","Sign":"","Measure":{"ID":"29","Sign":"","Signs":{"ID":"","_":"","Language":"EN"}},"Name":{"Value":"Breed size","Language":"EN"}}},{"Localized":0,"ID":835130164,"LocalID":0,"Type":"multi_dropdown","Value":"Omega-3,Omega-6,Vitamin A,Vitamin C,Vitamin D,Vitamin E","CategoryFeatureId":"201495","CategoryFeatureGroupID":"13305","SortNo":"175","PresentationValue":"Omega-3, Omega-6, Vitamin A, Vitamin C, Vitamin D, Vitamin E","RawValue":"Omega-3,Omega-6,Vitamin A,Vitamin C,Vitamin D,Vitamin E","LocalValue":"Omega-3, Omega-6, Vitamin A, Vitamin C, Vitamin D, Vitamin E","Description":"","Mandatory":"0","Searchable":"0","Optional":"0","Feature":{"ID":"26607","Sign":"","Measure":{"ID":"29","Sign":"","Signs":{"ID":"","_":"","Language":"EN"}},"Name":{"Value":"Includes vitamins","Language":"EN"}}},{"Localized":0,"ID":503327415,"LocalID":0,"Type":"dropdown","Value":"Puppy","CategoryFeatureId":"122907","CategoryFeatureGroupID":"13305","SortNo":"20","PresentationValue":"Puppy","RawValue":"Puppy","LocalValue":"Puppy","Description":"","Mandatory":"1","Searchable":"1","Optional":"0","Feature":{"ID":"20700","Sign":"","Measure":{"ID":"29","Sign":"","Signs":{"ID":"","_":"","Language":"EN"}},"Name":{"Value":"Pet life stage","Language":"EN"}}},{"Localized":0,"ID":503327409,"LocalID":0,"Type":"multi_dropdown","Value":"Chicken","CategoryFeatureId":"122918","CategoryFeatureGroupID":"13305","SortNo":"17","PresentationValue":"Chicken","RawValue":"Chicken","LocalValue":"Chicken","Description":"","Mandatory":"1","Searchable":"1","Optional":"0","Feature":{"ID":"20702","Sign":"","Measure":{"ID":"29","Sign":"","Signs":{"ID":"","_":"","Language":"EN"}},"Name":{"Value":"Pet food flavor","Language":"EN"}}},{"Localized":1,"ID":0,"LocalID":554059092,"Type":"textarea","Value":"","CategoryFeatureId":"694052","CategoryFeatureGroupID":"13305","SortNo":"17","PresentationValue":"Chicken and turkey meal, maize, wheat, animal fat, digest, brewers' rice, maize gluten meal, dried beet pulp, minerals, fish oil, flaxseed, dried tomato pomace, dried citrus pulp, dried spinach","RawValue":"","LocalValue":"Chicken and turkey meal, maize, wheat, animal fat, digest, brewers' rice, maize gluten meal, dried beet pulp, minerals, fish oil, flaxseed, dried tomato pomace, dried citrus pulp, dried spinach","Description":"","Mandatory":"0","Searchable":"0","Optional":"0","Feature":{"ID":"16908","Sign":"","Measure":{"ID":"29","Sign":"","Signs":{"ID":"","_":"","Language":"EN"}},"Name":{"Value":"Ingredients","Language":"EN"}}},{"Localized":0,"ID":503327412,"LocalID":0,"Type":"numerical","Value":"4","CategoryFeatureId":"661803","CategoryFeatureGroupID":"13305","SortNo":"0","PresentationValue":"4 pc(s)","RawValue":"4","LocalValue":"4","Description":"","Mandatory":"0","Searchable":"0","Optional":"0","Feature":{"ID":"20228","Sign":"","Measure":{"ID":"144","Sign":"","Signs":{"ID":"125","_":"pc(s)","Language":"EN"}},"Name":{"Value":"Quantity per pack","Language":"EN"}}}]},{"ID":22475,"SortNo":"8","FeatureGroup":{"ID":"200","Name":{"Value":"Nutrition facts","Language":"EN"}},"Features":[{"Localized":0,"ID":835130107,"LocalID":0,"Type":"numerical","Value":"27.4","CategoryFeatureId":"122923","CategoryFeatureGroupID":"22475","SortNo":"100","PresentationValue":"27.4%","RawValue":"27.4","LocalValue":"27.4","Description":"","Mandatory":"0","Searchable":"0","Optional":"0","Feature":{"ID":"20705","Sign":"","Measure":{"ID":"64","Sign":"","Signs":{"ID":"47","_":"%","Language":"EN"}},"Name":{"Value":"Protein","Language":"EN"}}},{"Localized":0,"ID":835130109,"LocalID":0,"Type":"numerical","Value":"17.8","CategoryFeatureId":"122924","CategoryFeatureGroupID":"22475","SortNo":"100","PresentationValue":"17.8%","RawValue":"17.8","LocalValue":"17.8","Description":"","Mandatory":"0","Searchable":"0","Optional":"0","Feature":{"ID":"20706","Sign":"","Measure":{"ID":"64","Sign":"","Signs":{"ID":"47","_":"%","Language":"EN"}},"Name":{"Value":"Fat content","Language":"EN"}}},{"Localized":0,"ID":835130121,"LocalID":0,"Type":"numerical","Value":"7","CategoryFeatureId":"122925","CategoryFeatureGroupID":"22475","SortNo":"100","PresentationValue":"7%","RawValue":"7","LocalValue":"7","Description":"","Mandatory":"0","Searchable":"0","Optional":"0","Feature":{"ID":"20707","Sign":"","Measure":{"ID":"64","Sign":"","Signs":{"ID":"47","_":"%","Language":"EN"}},"Name":{"Value":"Crude ash","Language":"EN"}}},{"Localized":0,"ID":835130120,"LocalID":0,"Type":"numerical","Value":"1.5","CategoryFeatureId":"122926","CategoryFeatureGroupID":"22475","SortNo":"100","PresentationValue":"1.5%","RawValue":"1.5","LocalValue":"1.5","Description":"","Mandatory":"0","Searchable":"0","Optional":"0","Feature":{"ID":"20708","Sign":"","Measure":{"ID":"64","Sign":"","Signs":{"ID":"47","_":"%","Language":"EN"}},"Name":{"Value":"Crude fibres","Language":"EN"}}},{"Localized":0,"ID":835130124,"LocalID":0,"Type":"numerical","Value":"1.03","CategoryFeatureId":"201489","CategoryFeatureGroupID":"22475","SortNo":"100","PresentationValue":"1.03%","RawValue":"1.03","LocalValue":"1.03","Description":"","Mandatory":"0","Searchable":"0","Optional":"0","Feature":{"ID":"30405","Sign":"","Measure":{"ID":"64","Sign":"","Signs":{"ID":"47","_":"%","Language":"EN"}},"Name":{"Value":"Phosphorus","Language":"EN"}}},{"Localized":0,"ID":835130123,"LocalID":0,"Type":"numerical","Value":"1.29","CategoryFeatureId":"201490","CategoryFeatureGroupID":"22475","SortNo":"100","PresentationValue":"1.29%","RawValue":"1.29","LocalValue":"1.29","Description":"","Mandatory":"0","Searchable":"0","Optional":"0","Feature":{"ID":"30404","Sign":"","Measure":{"ID":"64","Sign":"","Signs":{"ID":"47","_":"%","Language":"EN"}},"Name":{"Value":"Calcium","Language":"EN"}}},{"Localized":0,"ID":835130128,"LocalID":0,"Type":"numerical","Value":"0.49","CategoryFeatureId":"201491","CategoryFeatureGroupID":"22475","SortNo":"100","PresentationValue":"0.49%","RawValue":"0.49","LocalValue":"0.49","Description":"","Mandatory":"0","Searchable":"0","Optional":"0","Feature":{"ID":"30406","Sign":"","Measure":{"ID":"64","Sign":"","Signs":{"ID":"47","_":"%","Language":"EN"}},"Name":{"Value":"Sodium","Language":"EN"}}},{"Localized":0,"ID":835130129,"LocalID":0,"Type":"numerical","Value":"0.094","CategoryFeatureId":"204245","CategoryFeatureGroupID":"22475","SortNo":"97","PresentationValue":"0.094%","RawValue":"0.094","LocalValue":"0.094","Description":"","Mandatory":"0","Searchable":"0","Optional":"0","Feature":{"ID":"30418","Sign":"","Measure":{"ID":"64","Sign":"","Signs":{"ID":"47","_":"%","Language":"EN"}},"Name":{"Value":"Magnesium content","Language":"EN"}}},{"Localized":0,"ID":835130126,"LocalID":0,"Type":"numerical","Value":"0.78","CategoryFeatureId":"205019","CategoryFeatureGroupID":"22475","SortNo":"94","PresentationValue":"0.78%","RawValue":"0.78","LocalValue":"0.78","Description":"","Mandatory":"0","Searchable":"0","Optional":"0","Feature":{"ID":"30417","Sign":"","Measure":{"ID":"64","Sign":"","Signs":{"ID":"47","_":"%","Language":"EN"}},"Name":{"Value":"Potassium content","Language":"EN"}}},{"Localized":0,"ID":835130099,"LocalID":0,"Type":"numerical","Value":"8","CategoryFeatureId":"694050","CategoryFeatureGroupID":"22475","SortNo":"93","PresentationValue":"8%","RawValue":"8","LocalValue":"8","Description":"","Mandatory":"0","Searchable":"0","Optional":"0","Feature":{"ID":"24554","Sign":"","Measure":{"ID":"64","Sign":"","Signs":{"ID":"47","_":"%","Language":"EN"}},"Name":{"Value":"Moisture content","Language":"EN"}}},{"Localized":0,"ID":835130168,"LocalID":0,"Type":"numerical","Value":"117","CategoryFeatureId":"205028","CategoryFeatureGroupID":"22475","SortNo":"76","PresentationValue":"117 mg/kg","RawValue":"117","LocalValue":"117","Description":"","Mandatory":"0","Searchable":"0","Optional":"0","Feature":{"ID":"30777","Sign":"","Measure":{"ID":"395","Sign":"","Signs":{"ID":"31867","_":"mg/kg","Language":"EN"}},"Name":{"Value":"Vitamin C content","Language":"EN"}}},{"Localized":0,"ID":835130167,"LocalID":0,"Type":"numerical","Value":"10819","CategoryFeatureId":"205036","CategoryFeatureGroupID":"22475","SortNo":"55","PresentationValue":"10819 IU/kg","RawValue":"10819","LocalValue":"10819","Description":"","Mandatory":"0","Searchable":"0","Optional":"0","Feature":{"ID":"30787","Sign":"","Measure":{"ID":"394","Sign":"","Signs":{"ID":"31813","_":"IU/kg","Language":"EN"}},"Name":{"Value":"Vitamin A content","Language":"EN"}}},{"Localized":0,"ID":835130170,"LocalID":0,"Type":"numerical","Value":"409","CategoryFeatureId":"205038","CategoryFeatureGroupID":"22475","SortNo":"49","PresentationValue":"409 mg/kg","RawValue":"409","LocalValue":"409","Description":"","Mandatory":"0","Searchable":"0","Optional":"0","Feature":{"ID":"30789","Sign":"","Measure":{"ID":"395","Sign":"","Signs":{"ID":"31867","_":"mg/kg","Language":"EN"}},"Name":{"Value":"Vitamin E content","Language":"EN"}}},{"Localized":0,"ID":835130172,"LocalID":0,"Type":"numerical","Value":"0.93","CategoryFeatureId":"810603","CategoryFeatureGroupID":"22475","SortNo":"10","PresentationValue":"0.93%","RawValue":"0.93","LocalValue":"0.93","Description":"","Mandatory":"0","Searchable":"0","Optional":"0","Feature":{"ID":"31078","Sign":"","Measure":{"ID":"64","Sign":"","Signs":{"ID":"47","_":"%","Language":"EN"}},"Name":{"Value":"Omega-3 fatty acids","Language":"EN"}}},{"Localized":0,"ID":835130173,"LocalID":0,"Type":"numerical","Value":"2.81","CategoryFeatureId":"810604","CategoryFeatureGroupID":"22475","SortNo":"9","PresentationValue":"2.81%","RawValue":"2.81","LocalValue":"2.81","Description":"","Mandatory":"0","Searchable":"0","Optional":"0","Feature":{"ID":"44751","Sign":"","Measure":{"ID":"64","Sign":"","Signs":{"ID":"47","_":"%","Language":"EN"}},"Name":{"Value":"Omega-6 fatty acids","Language":"EN"}}}]}],"FeatureLogos":[],"ReasonsToBuy":[],"Reviews":[],"ProductRelated":[],"CatalogObjectCloud":{},"Variants":[],"ProductStory":[],"Dictionary":{"model_name":"Product name","desc":"Description","ean_code":"EAN/UPC code","flash360":"3D tour","demo_msg_part3":"If you don't have an Icecat account, please register here for free.","repairability_index":"Repairability index","zoom_panel_init":"Original size","cat_name":"Category","product_family":"Product family","back_to_top":"Back to top","zoom_panel_out":"Zoom out","specs":"Specs","eu_product_fiche":"EU Product Fiche","reviews_head_name":"Reviews","pdf_specs":"Product Brochure","zoom_panel_in":"Zoom in","html_content":"","release_date":"Release date","demo_msg_part1":"You are using now a Demo account. Please, use your own Icecat account","demo_insert_desc":"This is a demo of a seamless insert of an Icecat LIVE product data-sheet in your website. Imagine that this responsive data-sheet is included in the product page of your webshop.","pdf_url":"User manual","prod_code":"Product code","supplier_name":"Brand","video":"Video","reasons_to_buy":"Reasons to buy","marketing_text":"Description","options_head_name":"Options","product_series":"Product series","demo_msg_part2":"your Icecat login name","link_integrate_desk":"How to integrate Icecat LIVE JavaScript.","zoom_panel_dragg":"Mouse dragging","eu_energy_label":"EU Energy Label"},"DemoAccount":false}}