{"msg":"OK","data":{"GeneralInfo":{"IcecatId":104931846,"ReleaseDate":"","EndOfLifeDate":"","Title":"Mystim Danny Divido Rabbit vibrator Ambidextrous","TitleInfo":{"GeneratedIntTitle":"Mystim Danny Divido","GeneratedLocalTitle":{"Value":"Mystim Danny Divido Rabbit vibrator Ambidextrous","Language":"EN"},"BrandLocalTitle":{"Value":"","Language":"EN"}},"Brand":"Mystim","BrandID":"37946","BrandLogo":"","BrandInfo":{"BrandName":"Mystim","BrandLocalName":"","BrandLogo":""},"ProductName":"Danny Divido","ProductNameInfo":{"ProductIntName":"Danny Divido","ProductLocalName":{"Value":"","Language":"EN"}},"BrandPartCode":"6303202","GTIN":["4260152468110"],"Category":{"CategoryID":"7943","Name":{"Value":"Vibrators","Language":"EN"}},"ProductFamily":{},"ProductSeries":{"SeriesID":"1"},"Description":{"ID":"89065215","LongDesc":"<b>He has that certain something</b><br>You are not classic enough and you need an extra? Then forget all the bloated sausages in their costumes and let Danny Divido make you happy. Proudly 27 cm long and 3.8 cm thick, the attractive vibrator makes you want more. Available in naughty pink, deep purple and candy rose. Secretly and quietly, Danny Divido knows perfectly how to pleasure you very discreetly. Only your loud moaning in highest vibrato(r) tones could reveal what a tremendous explosion of emotions is going on in you. And just as a note for your scrapbook: A hot dance with Danny Divido in bed is more beguiling than any tango on the floor.<br><br><b>Vibration</b><br>Danny Divido prefers to get straight to the point: two vibration motors are hidden beneath the soft, caressing surface of its slightly curved, smooth dream body. In 8 exciting vibration programs and 5 intensities the two motors alternately, simultaneously or very specifically provide quivering excitement. Its long-lasting lithium-ion battery can be charged using the included Mystim magnet charge USB cable. So be prepared for a nice pleasure that you want to experience again and again and again.<br><br><b>Intensity</b><br>Once Danny Divido gets going it will get you in the in the mood in no time and then it is totally up to you for how long you want to be pleasured. Enjoy the prickly, lustful sensation for hours on hours or vary the stimulation in a way, that quickly drives you to unbelievable climaxes – just as you like it.<br><br><b>Cleaning and care</b><br>Danny Divido is made of 100 % medical grade platinum silicone. This makes it not only really hygienic, but also easy to clean with some damp tissue and mild suds. For cleaning you just need water and some mild suds. In addition, you should regularly add a skin-friendly disinfection. And please be so patient to let it dry completely before your next play, so it can do its unique performance in you for a long time.","LongProductName":"Danny Divido, 27 cm, silicone, diameter 3,8 cm","MiddleDesc":"","Disclaimer":"","ManualPDFURL":"","ManualPDFSize":"0","LeafletPDFURL":"","PDFSize":"0","URL":"https://www.mystim.com/en/danny-divido-p146","WarrantyInfo":"12 months","Updated":"2025-09-09 09:14:31","Language":"EN"},"SummaryDescription":{"ShortSummaryDescription":"Mystim Danny Divido, Rabbit vibrator, Clitoral stimulation, Vaginal stimulation, Purple, Silicone, Curved, Ambidextrous","LongSummaryDescription":"Mystim Danny Divido. Product type: Rabbit vibrator, Stimulation type: Clitoral stimulation, Vaginal stimulation, Product colour: Purple. Battery type: Built-in battery, Battery technology: Lithium-Ion (Li-Ion). Length: 270 mm, Diameter: 3.8 cm. Package type: Box. Quantity per pack: 1 pc(s), Packaging content: • Danny Divido • USB charging cable • Hard case • Instructions for use"},"BulletPoints":{"BulletPointsId":"7099366","Language":"EN","Values":["Classically elegant, waterproof vibrator with a soft, caressing surface","With extra finger for the clitoris","Medical grade silicone for a pleasant feeling and high skin compatibility","2 extremely quiet, powerful motors","Durable, rechargeable lithium-ion battery","8 vibration programmes with 5 intensity levels"],"Updated":"2022-11-05 13:40:02"},"GeneratedBulletPoints":{},"GTINs":[{"GTIN":"4260152468110","IsApproved":true}]},"Image":{"HighPic":"https://inishop.com/img/gallery/104931846_3048478213.jpg","HighPicSize":"47319","HighPicHeight":"800","HighPicWidth":"800","LowPic":"https://inishop.com/img/gallery_lows/104931846_3048478213.jpg","LowPicSize":"5935","LowPicHeight":"200","LowPicWidth":"200","Pic500x500":"https://inishop.com/img/gallery_mediums/104931846_3048478213.jpg","Pic500x500Size":"23403","Pic500x500Height":"500","Pic500x500Width":"500","ThumbPic":"https://inishop.com/img/gallery_thumbs/104931846_3048478213.jpg","ThumbPicSize":"1826"},"Multimedia":[{"ID":"D42A611C-3E71-45C5-BD81-6CA25B50E833","URL":"https://www.youtube.com/watch?v=D6_DnDMivwc&ab_channel=Mystim-thewayIlikeit?access=sX6SsgnymQvfZ1XvhqGsJrJ83I0NxMD6CkHpeNs6SsR47EET4N4NjquIQRa6Es94","Type":"video/mp4","ContentType":"text/html","KeepAsUrl":"1","Description":"Mystim - Danny Divido Vitamin V Vibrator","Size":"6193","IsPrivate":"0","Updated":"2022-11-05 14:03:30","Language":"EN","IsVideo":1,"ThumbUrl":"https://img.youtube.com/vi/D6_DnDMivwc/default.jpg?access=sX6SsgnymQvfZ1XvhqGsJrJ83I0NxMD6CkHpeNs6SsR47EET4N4NjquIQRa6Es94","PreviewUrl":"https://img.youtube.com/vi/D6_DnDMivwc/hqdefault.jpg?access=sX6SsgnymQvfZ1XvhqGsJrJ83I0NxMD6CkHpeNs6SsR47EET4N4NjquIQRa6Es94"},{"ID":"67CEAC4F-E76F-4D1A-9FD1-99CEF06578A6","URL":"https://inishop.com/objects/mmo_104931846_1676911028_6207_31735.pdf","Type":"manual pdf","ContentType":"application/pdf","KeepAsUrl":"0","Description":"User manual","Size":"1869384","IsPrivate":"0","Updated":"2023-02-20 17:37:08","Language":"","IsVideo":0}],"Gallery":[{"ID":"68593836","LowPic":"https://inishop.com/img/gallery_lows/104931846_3048478213.jpg","LowSize":"5935","LowHeight":"200","LowWidth":"200","ThumbPic":"https://inishop.com/img/gallery_thumbs/104931846_3048478213.jpg","ThumbPicSize":"1826","Pic":"https://inishop.com/img/gallery/104931846_3048478213.jpg","Size":"47319","PicHeight":"800","PicWidth":"800","Pic500x500":"https://inishop.com/img/gallery_mediums/104931846_3048478213.jpg","Pic500x500Size":"23403","Pic500x500Height":"500","Pic500x500Width":"500","No":"1","IsMain":"Y","Updated":"2022-11-05 13:12:28","IsPrivate":"0","Type":"ProductImage","Attributes":{"OriginalFileName":""}},{"ID":"68593840","LowPic":"https://inishop.com/img/gallery_lows/104931846_5098086422.jpg","LowSize":"7078","LowHeight":"200","LowWidth":"200","ThumbPic":"https://inishop.com/img/gallery_thumbs/104931846_5098086422.jpg","ThumbPicSize":"2123","Pic":"https://inishop.com/img/gallery/104931846_5098086422.jpg","Size":"53226","PicHeight":"800","PicWidth":"800","Pic500x500":"https://inishop.com/img/gallery_mediums/104931846_5098086422.jpg","Pic500x500Size":"26683","Pic500x500Height":"500","Pic500x500Width":"500","No":"2","IsMain":"N","Updated":"2022-11-05 13:12:29","IsPrivate":"0","Type":"ProductImage","Attributes":{"OriginalFileName":""}},{"ID":"68593843","LowPic":"https://inishop.com/img/gallery_lows/104931846_1578180767.jpg","LowSize":"9230","LowHeight":"200","LowWidth":"200","ThumbPic":"https://inishop.com/img/gallery_thumbs/104931846_1578180767.jpg","ThumbPicSize":"2636","Pic":"https://inishop.com/img/gallery/104931846_1578180767.jpg","Size":"70925","PicHeight":"800","PicWidth":"800","Pic500x500":"https://inishop.com/img/gallery_mediums/104931846_1578180767.jpg","Pic500x500Size":"36018","Pic500x500Height":"500","Pic500x500Width":"500","No":"3","IsMain":"N","Updated":"2022-11-05 13:12:31","IsPrivate":"0","Type":"ProductImage","Attributes":{"OriginalFileName":""}},{"ID":"68593846","LowPic":"https://inishop.com/img/gallery_lows/104931846_9388819063.jpg","LowSize":"13898","LowHeight":"200","LowWidth":"200","ThumbPic":"https://inishop.com/img/gallery_thumbs/104931846_9388819063.jpg","ThumbPicSize":"3570","Pic":"https://inishop.com/img/gallery/104931846_9388819063.jpg","Size":"111026","PicHeight":"800","PicWidth":"800","Pic500x500":"https://inishop.com/img/gallery_mediums/104931846_9388819063.jpg","Pic500x500Size":"56801","Pic500x500Height":"500","Pic500x500Width":"500","No":"4","IsMain":"N","Updated":"2022-11-05 13:12:32","IsPrivate":"0","Type":"ProductImage","Attributes":{"OriginalFileName":""}},{"ID":"68593860","LowPic":"https://inishop.com/img/gallery_lows/104931846_7986136199.jpg","LowSize":"7436","LowHeight":"200","LowWidth":"200","ThumbPic":"https://inishop.com/img/gallery_thumbs/104931846_7986136199.jpg","ThumbPicSize":"1809","Pic":"https://inishop.com/img/gallery/104931846_7986136199.jpg","Size":"62014","PicHeight":"800","PicWidth":"800","Pic500x500":"https://inishop.com/img/gallery_mediums/104931846_7986136199.jpg","Pic500x500Size":"30852","Pic500x500Height":"500","Pic500x500Width":"500","No":"5","IsMain":"N","Updated":"2022-11-05 13:12:38","IsPrivate":"0","Type":"ProductImage","Attributes":{"OriginalFileName":""}},{"ID":"68593864","LowPic":"https://inishop.com/img/gallery_lows/104931846_7660523182.jpg","LowSize":"14940","LowHeight":"200","LowWidth":"200","ThumbPic":"https://inishop.com/img/gallery_thumbs/104931846_7660523182.jpg","ThumbPicSize":"3173","Pic":"https://inishop.com/img/gallery/104931846_7660523182.jpg","Size":"174063","PicHeight":"800","PicWidth":"800","Pic500x500":"https://inishop.com/img/gallery_mediums/104931846_7660523182.jpg","Pic500x500Size":"77797","Pic500x500Height":"500","Pic500x500Width":"500","No":"6","IsMain":"N","Updated":"2022-11-05 13:12:40","IsPrivate":"0","Type":"ProductImage","Attributes":{"OriginalFileName":""}},{"ID":"68593868","LowPic":"https://inishop.com/img/gallery_lows/104931846_6081391802.jpg","LowSize":"11138","LowHeight":"200","LowWidth":"200","ThumbPic":"https://inishop.com/img/gallery_thumbs/104931846_6081391802.jpg","ThumbPicSize":"2495","Pic":"https://inishop.com/img/gallery/104931846_6081391802.jpg","Size":"109431","PicHeight":"800","PicWidth":"800","Pic500x500":"https://inishop.com/img/gallery_mediums/104931846_6081391802.jpg","Pic500x500Size":"51930","Pic500x500Height":"500","Pic500x500Width":"500","No":"7","IsMain":"N","Updated":"2022-11-05 13:12:42","IsPrivate":"0","Type":"ProductImage","Attributes":{"OriginalFileName":""}},{"ID":"68593871","LowPic":"https://inishop.com/img/gallery_lows/104931846_7268362041.jpg","LowSize":"12284","LowHeight":"200","LowWidth":"200","ThumbPic":"https://inishop.com/img/gallery_thumbs/104931846_7268362041.jpg","ThumbPicSize":"2771","Pic":"https://inishop.com/img/gallery/104931846_7268362041.jpg","Size":"144567","PicHeight":"800","PicWidth":"800","Pic500x500":"https://inishop.com/img/gallery_mediums/104931846_7268362041.jpg","Pic500x500Size":"63926","Pic500x500Height":"500","Pic500x500Width":"500","No":"8","IsMain":"N","Updated":"2022-11-05 13:12:43","IsPrivate":"0","Type":"ProductImage","Attributes":{"OriginalFileName":""}},{"ID":"68593872","LowPic":"https://inishop.com/img/gallery_lows/104931846_1634045174.jpg","LowSize":"16732","LowHeight":"200","LowWidth":"200","ThumbPic":"https://inishop.com/img/gallery_thumbs/104931846_1634045174.jpg","ThumbPicSize":"4220","Pic":"https://inishop.com/img/gallery/104931846_1634045174.jpg","Size":"181759","PicHeight":"800","PicWidth":"800","Pic500x500":"https://inishop.com/img/gallery_mediums/104931846_1634045174.jpg","Pic500x500Size":"83408","Pic500x500Height":"500","Pic500x500Width":"500","No":"9","IsMain":"N","Updated":"2025-09-09 09:15:46","IsPrivate":"0","Type":"ProductPackagingImage","Attributes":{"OriginalFileName":""}},{"ID":"68593873","LowPic":"https://inishop.com/img/gallery_lows/104931846_5834909994.jpg","LowSize":"15208","LowHeight":"200","LowWidth":"200","ThumbPic":"https://inishop.com/img/gallery_thumbs/104931846_5834909994.jpg","ThumbPicSize":"3866","Pic":"https://inishop.com/img/gallery/104931846_5834909994.jpg","Size":"181536","PicHeight":"800","PicWidth":"800","Pic500x500":"https://inishop.com/img/gallery_mediums/104931846_5834909994.jpg","Pic500x500Size":"81205","Pic500x500Height":"500","Pic500x500Width":"500","No":"10","IsMain":"N","Updated":"2025-09-09 09:15:47","IsPrivate":"0","Type":"ProductPackagingImage","Attributes":{"OriginalFileName":""}}],"FeaturesGroups":[{"ID":28803,"SortNo":"30","FeatureGroup":{"ID":"185","Name":{"Value":"Features","Language":"EN"}},"Features":[{"Localized":0,"ID":510073062,"LocalID":0,"Type":"dropdown","Value":"Rabbit vibrator","CategoryFeatureId":"808782","CategoryFeatureGroupID":"28803","SortNo":"150","PresentationValue":"Rabbit vibrator","RawValue":"Rabbit vibrator","LocalValue":"Rabbit vibrator","Description":"The sub-category of the product.","Mandatory":"1","Searchable":"1","Optional":"0","Feature":{"ID":"14052","Sign":"","Measure":{"ID":"29","Sign":"","Signs":{"ID":"","_":"","Language":"EN"}},"Name":{"Value":"Product type","Language":"EN"}}},{"Localized":0,"ID":510073198,"LocalID":0,"Type":"dropdown","Value":"Curved","CategoryFeatureId":"270233","CategoryFeatureGroupID":"28803","SortNo":"100","PresentationValue":"Curved","RawValue":"Curved","LocalValue":"Curved","Description":"The external form, contours, or outline of the product.","Mandatory":"0","Searchable":"0","Optional":"0","Feature":{"ID":"9397","Sign":"","Measure":{"ID":"29","Sign":"","Signs":{"ID":"","_":"","Language":"EN"}},"Name":{"Value":"Shape","Language":"EN"}}},{"Localized":0,"ID":510073253,"LocalID":0,"Type":"dropdown","Value":"Clitoral stimulation,Vaginal stimulation","CategoryFeatureId":"808780","CategoryFeatureGroupID":"28803","SortNo":"100","PresentationValue":"Clitoral stimulation, Vaginal stimulation","RawValue":"Clitoral stimulation,Vaginal stimulation","LocalValue":"Clitoral stimulation, Vaginal stimulation","Description":"","Mandatory":"1","Searchable":"1","Optional":"0","Feature":{"ID":"44730","Sign":"","Measure":{"ID":"29","Sign":"","Signs":{"ID":"","_":"","Language":"EN"}},"Name":{"Value":"Stimulation type","Language":"EN"}}},{"Localized":0,"ID":510073175,"LocalID":0,"Type":"dropdown","Value":"Silicone","CategoryFeatureId":"270245","CategoryFeatureGroupID":"28803","SortNo":"90","PresentationValue":"Silicone","RawValue":"Silicone","LocalValue":"Silicone","Description":"The material from which a thing is or can be made e.g. wood, plastic.","Mandatory":"1","Searchable":"0","Optional":"0","Feature":{"ID":"898","Sign":"","Measure":{"ID":"29","Sign":"","Signs":{"ID":"","_":"","Language":"EN"}},"Name":{"Value":"Material","Language":"EN"}}},{"Localized":0,"ID":510073165,"LocalID":0,"Type":"dropdown","Value":"Ambidextrous","CategoryFeatureId":"315245","CategoryFeatureGroupID":"28803","SortNo":"68","PresentationValue":"Ambidextrous","RawValue":"Ambidextrous","LocalValue":"Ambidextrous","Description":"The design allows to draw the gun with the right or left hand or both (ambidextrous).","Mandatory":"0","Searchable":"0","Optional":"0","Feature":{"ID":"21183","Sign":"","Measure":{"ID":"29","Sign":"","Signs":{"ID":"","_":"","Language":"EN"}},"Name":{"Value":"Hand orientation","Language":"EN"}}},{"Localized":0,"ID":510073136,"LocalID":0,"Type":"multi_dropdown","Value":"Buttons","CategoryFeatureId":"315247","CategoryFeatureGroupID":"28803","SortNo":"45","PresentationValue":"Buttons","RawValue":"Buttons","LocalValue":"Buttons","Description":"The way in which the device is controlled.","Mandatory":"0","Searchable":"0","Optional":"0","Feature":{"ID":"2651","Sign":"","Measure":{"ID":"29","Sign":"","Signs":{"ID":"","_":"","Language":"EN"}},"Name":{"Value":"Control type","Language":"EN"}}},{"Localized":0,"ID":510073105,"LocalID":0,"Type":"numerical","Value":"5","CategoryFeatureId":"315239","CategoryFeatureGroupID":"28803","SortNo":"40","PresentationValue":"5","RawValue":"5","LocalValue":"5","Description":"The different speeds that the device can operate at.","Mandatory":"0","Searchable":"0","Optional":"0","Feature":{"ID":"2594","Sign":"","Measure":{"ID":"29","Sign":"","Signs":{"ID":"","_":"","Language":"EN"}},"Name":{"Value":"Number of speeds","Language":"EN"}}},{"Localized":0,"ID":510073127,"LocalID":0,"Type":"numerical","Value":"8","CategoryFeatureId":"315240","CategoryFeatureGroupID":"28803","SortNo":"40","PresentationValue":"8","RawValue":"8","LocalValue":"8","Description":"","Mandatory":"0","Searchable":"0","Optional":"0","Feature":{"ID":"34368","Sign":"","Measure":{"ID":"29","Sign":"","Signs":{"ID":"","_":"","Language":"EN"}},"Name":{"Value":"Number of patterns","Language":"EN"}}},{"Localized":0,"ID":510073082,"LocalID":0,"Type":"y_n","Value":"Y","CategoryFeatureId":"270246","CategoryFeatureGroupID":"28803","SortNo":"35","PresentationValue":"Yes","RawValue":"Y","LocalValue":"Yes","Description":"The product is protected from water, staying dry if liquid is spilt on it or it gets wet in the rain.","Mandatory":"0","Searchable":"0","Optional":"0","Feature":{"ID":"7509","Sign":"","Measure":{"ID":"26","Sign":"","Signs":{"ID":"","_":"","Language":"EN"}},"Name":{"Value":"Waterproof","Language":"EN"}}},{"Localized":0,"ID":835292182,"LocalID":0,"Type":"dropdown","Value":"Matt","CategoryFeatureId":"315569","CategoryFeatureGroupID":"28803","SortNo":"30","PresentationValue":"Matt","RawValue":"Matt","LocalValue":"Matt","Description":"The way that a product is finished e.g. a matt or gloss finish.","Mandatory":"0","Searchable":"0","Optional":"0","Feature":{"ID":"2254","Sign":"","Measure":{"ID":"29","Sign":"","Signs":{"ID":"","_":"","Language":"EN"}},"Name":{"Value":"Finish type","Language":"EN"}}},{"Localized":0,"ID":510073206,"LocalID":0,"Type":"multi_dropdown","Value":"Purple","CategoryFeatureId":"270236","CategoryFeatureGroupID":"28803","SortNo":"0","PresentationValue":"Purple","RawValue":"Purple","LocalValue":"Purple","Description":"The colour e.g. red, blue, green, black, white.","Mandatory":"1","Searchable":"1","Optional":"0","Feature":{"ID":"1766","Sign":"","Measure":{"ID":"29","Sign":"","Signs":{"ID":"","_":"","Language":"EN"}},"Name":{"Value":"Product colour","Language":"EN"}}},{"Localized":0,"ID":835292386,"LocalID":0,"Type":"numerical","Value":"1","CategoryFeatureId":"925341","CategoryFeatureGroupID":"28803","SortNo":"0","PresentationValue":"1 year(s)","RawValue":"1","LocalValue":"1","Description":"","Mandatory":"0","Searchable":"0","Optional":"0","Feature":{"ID":"45898","Sign":"","Measure":{"ID":"75","Sign":"","Signs":{"ID":"58","_":"year(s)","Language":"EN"}},"Name":{"Value":"Warranty period","Language":"EN"}}}]},{"ID":28805,"SortNo":"25","FeatureGroup":{"ID":"143","Name":{"Value":"Battery","Language":"EN"}},"Features":[{"Localized":0,"ID":510073301,"LocalID":0,"Type":"dropdown","Value":"Built-in battery","CategoryFeatureId":"270240","CategoryFeatureGroupID":"28805","SortNo":"170","PresentationValue":"Built-in battery","RawValue":"Built-in battery","LocalValue":"Built-in battery","Description":"Description of battery supplied with the product, such battery form factor (e.g. AA/AAA).","Mandatory":"1","Searchable":"0","Optional":"0","Feature":{"ID":"908","Sign":"","Measure":{"ID":"29","Sign":"","Signs":{"ID":"","_":"","Language":"EN"}},"Name":{"Value":"Battery type","Language":"EN"}}},{"Localized":0,"ID":510073340,"LocalID":0,"Type":"dropdown","Value":"Lithium-Ion (Li-Ion)","CategoryFeatureId":"270243","CategoryFeatureGroupID":"28805","SortNo":"17","PresentationValue":"Lithium-Ion (Li-Ion)","RawValue":"Lithium-Ion (Li-Ion)","LocalValue":"Lithium-Ion (Li-Ion)","Description":"The type of battery in the device, e.g. nickel–cadmium (NiCd).","Mandatory":"0","Searchable":"0","Optional":"0","Feature":{"ID":"434","Sign":"","Measure":{"ID":"29","Sign":"","Signs":{"ID":"","_":"","Language":"EN"}},"Name":{"Value":"Battery technology","Language":"EN"}}},{"Localized":0,"ID":510073319,"LocalID":0,"Type":"y_n","Value":"Y","CategoryFeatureId":"315558","CategoryFeatureGroupID":"28805","SortNo":"15","PresentationValue":"Yes","RawValue":"Y","LocalValue":"Yes","Description":"","Mandatory":"0","Searchable":"0","Optional":"0","Feature":{"ID":"11194","Sign":"","Measure":{"ID":"26","Sign":"","Signs":{"ID":"","_":"","Language":"EN"}},"Name":{"Value":"USB charging","Language":"EN"}}}]},{"ID":28807,"SortNo":"15","FeatureGroup":{"ID":"14","Name":{"Value":"Weight & dimensions","Language":"EN"}},"Features":[{"Localized":0,"ID":510073269,"LocalID":0,"Type":"numerical","Value":"270","CategoryFeatureId":"270247","CategoryFeatureGroupID":"28807","SortNo":"49","PresentationValue":"270 mm","RawValue":"270","LocalValue":"270","Description":"The measurement or extent of something from end to end.","Mandatory":"1","Searchable":"0","Optional":"0","Feature":{"ID":"2738","Sign":"","Measure":{"ID":"24","Sign":"","Signs":{"ID":"3","_":"mm","Language":"EN"}},"Name":{"Value":"Length","Language":"EN"}}},{"Localized":0,"ID":510073292,"LocalID":0,"Type":"numerical","Value":"38","CategoryFeatureId":"270248","CategoryFeatureGroupID":"28807","SortNo":"47","PresentationValue":"3.8 cm","RawValue":"38","LocalValue":"3.8","Description":"Distance from one side of a body (circle or sphere) to the other side, measured by a straight line passing through the centre of the body.","Mandatory":"0","Searchable":"0","Optional":"0","Feature":{"ID":"2931","Sign":"","Measure":{"ID":"24","Sign":"","Signs":{"ID":"3","_":"mm","Language":"EN"}},"Name":{"Value":"Diameter","Language":"EN"}}}]},{"ID":75451,"SortNo":"13","FeatureGroup":{"ID":"67","Name":{"Value":"Packaging data","Language":"EN"}},"Features":[{"Localized":0,"ID":510073397,"LocalID":0,"Type":"dropdown","Value":"Box","CategoryFeatureId":"593889","CategoryFeatureGroupID":"75451","SortNo":"-15","PresentationValue":"Box","RawValue":"Box","LocalValue":"Box","Description":"The type of product package e.g. box.","Mandatory":"0","Searchable":"0","Optional":"0","Feature":{"ID":"4463","Sign":"","Measure":{"ID":"29","Sign":"","Signs":{"ID":"","_":"","Language":"EN"}},"Name":{"Value":"Package type","Language":"EN"}}}]},{"ID":28804,"SortNo":"10","FeatureGroup":{"ID":"116","Name":{"Value":"Packaging content","Language":"EN"}},"Features":[{"Localized":0,"ID":510073348,"LocalID":0,"Type":"numerical","Value":"1","CategoryFeatureId":"660396","CategoryFeatureGroupID":"28804","SortNo":"500","PresentationValue":"1 pc(s)","RawValue":"1","LocalValue":"1","Description":"","Mandatory":"0","Searchable":"0","Optional":"0","Feature":{"ID":"20228","Sign":"","Measure":{"ID":"144","Sign":"","Signs":{"ID":"125","_":"pc(s)","Language":"EN"}},"Name":{"Value":"Quantity per pack","Language":"EN"}}},{"Localized":0,"ID":510073372,"LocalID":0,"Type":"y_n","Value":"Y","CategoryFeatureId":"315244","CategoryFeatureGroupID":"28804","SortNo":"100","PresentationValue":"Yes","RawValue":"Y","LocalValue":"Yes","Description":"","Mandatory":"0","Searchable":"0","Optional":"0","Feature":{"ID":"3965","Sign":"","Measure":{"ID":"26","Sign":"","Signs":{"ID":"","_":"","Language":"EN"}},"Name":{"Value":"Manual","Language":"EN"}}},{"Localized":0,"ID":510073381,"LocalID":0,"Type":"y_n","Value":"Y","CategoryFeatureId":"315566","CategoryFeatureGroupID":"28804","SortNo":"15","PresentationValue":"Yes","RawValue":"Y","LocalValue":"Yes","Description":"","Mandatory":"0","Searchable":"0","Optional":"0","Feature":{"ID":"4014","Sign":"","Measure":{"ID":"26","Sign":"","Signs":{"ID":"","_":"","Language":"EN"}},"Name":{"Value":"Storage pouch","Language":"EN"}}},{"Localized":1,"ID":0,"LocalID":554061199,"Type":"textarea","Value":"","CategoryFeatureId":"593891","CategoryFeatureGroupID":"28804","SortNo":"-100","PresentationValue":"• Danny Divido\n• USB charging cable\n• Hard case\n• Instructions for use","RawValue":"","LocalValue":"• Danny Divido\n• USB charging cable\n• Hard case\n• Instructions for use","Description":"","Mandatory":"0","Searchable":"0","Optional":"0","Feature":{"ID":"10622","Sign":"","Measure":{"ID":"29","Sign":"","Signs":{"ID":"","_":"","Language":"EN"}},"Name":{"Value":"Packaging content","Language":"EN"}}}]}],"FeatureLogos":[],"ReasonsToBuy":[],"Reviews":[],"ProductRelated":[],"CatalogObjectCloud":{},"Variants":[],"ProductStory":[],"Dictionary":{"model_name":"Product name","desc":"Description","ean_code":"EAN/UPC code","flash360":"3D tour","demo_msg_part3":"If you don't have an Icecat account, please register here for free.","repairability_index":"Repairability index","zoom_panel_init":"Original size","cat_name":"Category","product_family":"Product family","back_to_top":"Back to top","zoom_panel_out":"Zoom out","specs":"Specs","eu_product_fiche":"EU Product Fiche","reviews_head_name":"Reviews","pdf_specs":"Product Brochure","zoom_panel_in":"Zoom in","html_content":"","release_date":"Release date","demo_msg_part1":"You are using now a Demo account. Please, use your own Icecat account","demo_insert_desc":"This is a demo of a seamless insert of an Icecat LIVE product data-sheet in your website. Imagine that this responsive data-sheet is included in the product page of your webshop.","pdf_url":"User manual","prod_code":"Product code","supplier_name":"Brand","video":"Video","reasons_to_buy":"Reasons to buy","marketing_text":"Description","options_head_name":"Options","product_series":"Product series","demo_msg_part2":"your Icecat login name","link_integrate_desk":"How to integrate Icecat LIVE JavaScript.","zoom_panel_dragg":"Mouse dragging","eu_energy_label":"EU Energy Label"},"DemoAccount":false}}