{"msg":"OK","data":{"GeneralInfo":{"IcecatId":104931866,"ReleaseDate":"","EndOfLifeDate":"","Title":"Mystim Sassy Simon Rabbit vibrator Ambidextrous","TitleInfo":{"GeneratedIntTitle":"Mystim Sassy Simon","GeneratedLocalTitle":{"Value":"Mystim Sassy Simon Rabbit vibrator Ambidextrous","Language":"EN"},"BrandLocalTitle":{"Value":"","Language":"EN"}},"Brand":"Mystim","BrandID":"37946","BrandLogo":"","BrandInfo":{"BrandName":"Mystim","BrandLocalName":"","BrandLogo":""},"ProductName":"Sassy Simon","ProductNameInfo":{"ProductIntName":"Sassy Simon","ProductLocalName":{"Value":"","Language":"EN"}},"BrandPartCode":"6303003","GTIN":["4260152468301"],"Category":{"CategoryID":"7943","Name":{"Value":"Vibrators","Language":"EN"}},"ProductFamily":{},"ProductSeries":{"SeriesID":"1"},"Description":{"ID":"89065218","LongDesc":"<b>Knocks high waves</b><br>You like it stormy? Then forget all the bloated sausages in their costumes and let Sassy Simon make you happy. Proudly 27 cm long and up to 4.0 cm thick, the attractive vibrator makes you want more. Available in naughty pink, deep purple and exclusive lusty lime. Secretly and quietly, Sassy Simon knows perfectly how to pleasure you very discreetly. Only your loud moaning in highest vibrato(r) tones could reveal what a tremendous explosion of emotions is going on in you. And just as a note for your scrapbook: A hot dance with Sassy Simon in bed is more beguiling than any tango on the floor.<br><br><b>Vibration</b><br>Sassy Simon prefers to get straight to the point: two vibration motors are hidden beneath the soft, caressing surface of its slightly curved, smooth dream body. In 8 exciting vibration programs and 5 intensities the two motors alternately, simultaneously or very specifically provide quivering excitement. Its long-lasting lithium-ion battery can be charged using the included Mystim magnet charge USB cable. So be prepared for a nice pleasure that you want to experience again and again and again.<br><br><b>Intensity</b><br>Once Sassy Simon gets going it will get you in the in the mood in no time and then it is totally up to you for how long you want to be pleasured. Enjoy the prickly, lustful sensation for hours on hours or vary the stimulation in a way, that quickly drives you to unbelievable climaxes – just as you like it.<br><br><b>Reinigung</b><br>Sassy Simon is made of 100 % medical grade platinum silicone. This makes it not only really hygienic, but also easy to clean with some damp tissue and mild suds. For cleaning you just need water and some mild suds. In addition, you should regularly add a skin-friendly disinfection. And please be so patient to let it dry completely before your next play, so it can do its unique performance in you for a long time.","LongProductName":"Sassy Simon, 27 cm, silicone, diameter 3,2 – 4,0 cm","MiddleDesc":"","Disclaimer":"","ManualPDFURL":"","ManualPDFSize":"0","LeafletPDFURL":"","PDFSize":"0","URL":"https://www.mystim.com/en/sassy-simon-p85","WarrantyInfo":"12 months","Updated":"2025-09-09 09:13:54","Language":"EN"},"SummaryDescription":{"ShortSummaryDescription":"Mystim Sassy Simon, Rabbit vibrator, Vaginal stimulation, Pink, Silicone, Curved, Ambidextrous","LongSummaryDescription":"Mystim Sassy Simon. Product type: Rabbit vibrator, Stimulation type: Vaginal stimulation, Product colour: Pink. Battery type: Built-in battery, Battery technology: Lithium-Ion (Li-Ion). Length: 270 mm, Diameter: 4 cm. Package type: Box. Quantity per pack: 1 pc(s), Packaging content: Sassy Simon USB charging cable Hard case Instructions for use"},"BulletPoints":{"BulletPointsId":"7099369","Language":"EN","Values":["Classically elegant, waterproof vibrator with a soft, caressing surface","Medical grade silicone for a pleasant feeling and high skin compatibility","2 extremely quiet, powerful motors","Durable, rechargeable lithium-ion battery","8 vibration programmes with 5 intensity levels"],"Updated":"2022-11-05 13:40:03"},"GeneratedBulletPoints":{},"GTINs":[{"GTIN":"4260152468301","IsApproved":true}]},"Image":{"HighPic":"https://inishop.com/img/gallery/104931866_9452621702.jpg","HighPicSize":"59394","HighPicHeight":"800","HighPicWidth":"800","LowPic":"https://inishop.com/img/gallery_lows/104931866_9452621702.jpg","LowPicSize":"6651","LowPicHeight":"200","LowPicWidth":"200","Pic500x500":"https://inishop.com/img/gallery_mediums/104931866_9452621702.jpg","Pic500x500Size":"27601","Pic500x500Height":"500","Pic500x500Width":"500","ThumbPic":"https://inishop.com/img/gallery_thumbs/104931866_9452621702.jpg","ThumbPicSize":"1982"},"Multimedia":[{"ID":"22B0AED2-1CFD-4E13-9382-25604727857B","URL":"https://www.youtube.com/watch?v=_762g6WYAgU&ab_channel=Mystim-thewayIlikeit?access=sX6SsgnymQvfZ1XvhqGsJrJ83I0NxMD6CkHpeNs6SsR47EET4N4NjquIQRa6Es94","Type":"video/mp4","ContentType":"text/html","KeepAsUrl":"1","Description":"Mystim - Sassy Simon Vitamin V Vibrator","Size":"6193","IsPrivate":"0","Updated":"2022-11-05 13:58:32","Language":"EN","IsVideo":1,"ThumbUrl":"https://img.youtube.com/vi/_762g6WYAgU/default.jpg?access=sX6SsgnymQvfZ1XvhqGsJrJ83I0NxMD6CkHpeNs6SsR47EET4N4NjquIQRa6Es94","PreviewUrl":"https://img.youtube.com/vi/_762g6WYAgU/hqdefault.jpg?access=sX6SsgnymQvfZ1XvhqGsJrJ83I0NxMD6CkHpeNs6SsR47EET4N4NjquIQRa6Es94"}],"Gallery":[{"ID":"68593832","LowPic":"https://inishop.com/img/gallery_lows/104931866_9452621702.jpg","LowSize":"6651","LowHeight":"200","LowWidth":"200","ThumbPic":"https://inishop.com/img/gallery_thumbs/104931866_9452621702.jpg","ThumbPicSize":"1982","Pic":"https://inishop.com/img/gallery/104931866_9452621702.jpg","Size":"59394","PicHeight":"800","PicWidth":"800","Pic500x500":"https://inishop.com/img/gallery_mediums/104931866_9452621702.jpg","Pic500x500Size":"27601","Pic500x500Height":"500","Pic500x500Width":"500","No":"1","IsMain":"Y","Updated":"2022-11-05 13:12:25","IsPrivate":"0","Type":"ProductImage","Attributes":{"OriginalFileName":""}},{"ID":"68593834","LowPic":"https://inishop.com/img/gallery_lows/104931866_3440886589.jpg","LowSize":"6852","LowHeight":"200","LowWidth":"200","ThumbPic":"https://inishop.com/img/gallery_thumbs/104931866_3440886589.jpg","ThumbPicSize":"2093","Pic":"https://inishop.com/img/gallery/104931866_3440886589.jpg","Size":"51712","PicHeight":"800","PicWidth":"800","Pic500x500":"https://inishop.com/img/gallery_mediums/104931866_3440886589.jpg","Pic500x500Size":"25877","Pic500x500Height":"500","Pic500x500Width":"500","No":"2","IsMain":"N","Updated":"2022-11-05 13:12:27","IsPrivate":"0","Type":"ProductImage","Attributes":{"OriginalFileName":""}},{"ID":"68593837","LowPic":"https://inishop.com/img/gallery_lows/104931866_4061203336.jpg","LowSize":"9112","LowHeight":"200","LowWidth":"200","ThumbPic":"https://inishop.com/img/gallery_thumbs/104931866_4061203336.jpg","ThumbPicSize":"2559","Pic":"https://inishop.com/img/gallery/104931866_4061203336.jpg","Size":"70825","PicHeight":"800","PicWidth":"800","Pic500x500":"https://inishop.com/img/gallery_mediums/104931866_4061203336.jpg","Pic500x500Size":"36410","Pic500x500Height":"500","Pic500x500Width":"500","No":"3","IsMain":"N","Updated":"2022-11-05 13:12:29","IsPrivate":"0","Type":"ProductImage","Attributes":{"OriginalFileName":""}},{"ID":"68593841","LowPic":"https://inishop.com/img/gallery_lows/104931866_9176357739.jpg","LowSize":"7588","LowHeight":"200","LowWidth":"200","ThumbPic":"https://inishop.com/img/gallery_thumbs/104931866_9176357739.jpg","ThumbPicSize":"1844","Pic":"https://inishop.com/img/gallery/104931866_9176357739.jpg","Size":"63682","PicHeight":"800","PicWidth":"800","Pic500x500":"https://inishop.com/img/gallery_mediums/104931866_9176357739.jpg","Pic500x500Size":"31561","Pic500x500Height":"500","Pic500x500Width":"500","No":"4","IsMain":"N","Updated":"2022-11-05 13:12:30","IsPrivate":"0","Type":"ProductImage","Attributes":{"OriginalFileName":""}},{"ID":"68593845","LowPic":"https://inishop.com/img/gallery_lows/104931866_0244201299.jpg","LowSize":"14521","LowHeight":"200","LowWidth":"200","ThumbPic":"https://inishop.com/img/gallery_thumbs/104931866_0244201299.jpg","ThumbPicSize":"3862","Pic":"https://inishop.com/img/gallery/104931866_0244201299.jpg","Size":"116772","PicHeight":"800","PicWidth":"800","Pic500x500":"https://inishop.com/img/gallery_mediums/104931866_0244201299.jpg","Pic500x500Size":"59031","Pic500x500Height":"500","Pic500x500Width":"500","No":"5","IsMain":"N","Updated":"2022-11-05 13:12:32","IsPrivate":"0","Type":"ProductImage","Attributes":{"OriginalFileName":""}},{"ID":"68593850","LowPic":"https://inishop.com/img/gallery_lows/104931866_9759100233.jpg","LowSize":"7438","LowHeight":"200","LowWidth":"200","ThumbPic":"https://inishop.com/img/gallery_thumbs/104931866_9759100233.jpg","ThumbPicSize":"2097","Pic":"https://inishop.com/img/gallery/104931866_9759100233.jpg","Size":"65965","PicHeight":"800","PicWidth":"800","Pic500x500":"https://inishop.com/img/gallery_mediums/104931866_9759100233.jpg","Pic500x500Size":"31436","Pic500x500Height":"500","Pic500x500Width":"500","No":"6","IsMain":"N","Updated":"2022-11-05 13:12:34","IsPrivate":"0","Type":"ProductImage","Attributes":{"OriginalFileName":""}},{"ID":"68593853","LowPic":"https://inishop.com/img/gallery_lows/104931866_6055030670.jpg","LowSize":"15568","LowHeight":"200","LowWidth":"200","ThumbPic":"https://inishop.com/img/gallery_thumbs/104931866_6055030670.jpg","ThumbPicSize":"3323","Pic":"https://inishop.com/img/gallery/104931866_6055030670.jpg","Size":"182321","PicHeight":"800","PicWidth":"800","Pic500x500":"https://inishop.com/img/gallery_mediums/104931866_6055030670.jpg","Pic500x500Size":"81318","Pic500x500Height":"500","Pic500x500Width":"500","No":"7","IsMain":"N","Updated":"2022-11-05 13:12:35","IsPrivate":"0","Type":"ProductImage","Attributes":{"OriginalFileName":""}},{"ID":"68593856","LowPic":"https://inishop.com/img/gallery_lows/104931866_1812930647.jpg","LowSize":"11138","LowHeight":"200","LowWidth":"200","ThumbPic":"https://inishop.com/img/gallery_thumbs/104931866_1812930647.jpg","ThumbPicSize":"2495","Pic":"https://inishop.com/img/gallery/104931866_1812930647.jpg","Size":"109431","PicHeight":"800","PicWidth":"800","Pic500x500":"https://inishop.com/img/gallery_mediums/104931866_1812930647.jpg","Pic500x500Size":"51930","Pic500x500Height":"500","Pic500x500Width":"500","No":"8","IsMain":"N","Updated":"2022-11-05 13:12:37","IsPrivate":"0","Type":"ProductImage","Attributes":{"OriginalFileName":""}},{"ID":"68593859","LowPic":"https://inishop.com/img/gallery_lows/104931866_9075865261.jpg","LowSize":"12801","LowHeight":"200","LowWidth":"200","ThumbPic":"https://inishop.com/img/gallery_thumbs/104931866_9075865261.jpg","ThumbPicSize":"2940","Pic":"https://inishop.com/img/gallery/104931866_9075865261.jpg","Size":"149298","PicHeight":"800","PicWidth":"800","Pic500x500":"https://inishop.com/img/gallery_mediums/104931866_9075865261.jpg","Pic500x500Size":"65973","Pic500x500Height":"500","Pic500x500Width":"500","No":"9","IsMain":"N","Updated":"2022-11-05 13:12:38","IsPrivate":"0","Type":"ProductImage","Attributes":{"OriginalFileName":""}},{"ID":"68593863","LowPic":"https://inishop.com/img/gallery_lows/104931866_9299518090.jpg","LowSize":"18929","LowHeight":"200","LowWidth":"200","ThumbPic":"https://inishop.com/img/gallery_thumbs/104931866_9299518090.jpg","ThumbPicSize":"4687","Pic":"https://inishop.com/img/gallery/104931866_9299518090.jpg","Size":"204933","PicHeight":"800","PicWidth":"800","Pic500x500":"https://inishop.com/img/gallery_mediums/104931866_9299518090.jpg","Pic500x500Size":"93754","Pic500x500Height":"500","Pic500x500Width":"500","No":"10","IsMain":"N","Updated":"2025-09-09 09:15:53","IsPrivate":"0","Type":"ProductPackagingImage","Attributes":{"OriginalFileName":""}},{"ID":"68593867","LowPic":"https://inishop.com/img/gallery_lows/104931866_8238495536.jpg","LowSize":"17096","LowHeight":"200","LowWidth":"200","ThumbPic":"https://inishop.com/img/gallery_thumbs/104931866_8238495536.jpg","ThumbPicSize":"4304","Pic":"https://inishop.com/img/gallery/104931866_8238495536.jpg","Size":"196396","PicHeight":"800","PicWidth":"800","Pic500x500":"https://inishop.com/img/gallery_mediums/104931866_8238495536.jpg","Pic500x500Size":"88857","Pic500x500Height":"500","Pic500x500Width":"500","No":"11","IsMain":"N","Updated":"2025-09-09 09:15:54","IsPrivate":"0","Type":"ProductPackagingImage","Attributes":{"OriginalFileName":""}}],"FeaturesGroups":[{"ID":28803,"SortNo":"30","FeatureGroup":{"ID":"185","Name":{"Value":"Features","Language":"EN"}},"Features":[{"Localized":0,"ID":510073059,"LocalID":0,"Type":"dropdown","Value":"Rabbit vibrator","CategoryFeatureId":"808782","CategoryFeatureGroupID":"28803","SortNo":"150","PresentationValue":"Rabbit vibrator","RawValue":"Rabbit vibrator","LocalValue":"Rabbit vibrator","Description":"The sub-category of the product.","Mandatory":"1","Searchable":"1","Optional":"0","Feature":{"ID":"14052","Sign":"","Measure":{"ID":"29","Sign":"","Signs":{"ID":"","_":"","Language":"EN"}},"Name":{"Value":"Product type","Language":"EN"}}},{"Localized":0,"ID":510073201,"LocalID":0,"Type":"dropdown","Value":"Curved","CategoryFeatureId":"270233","CategoryFeatureGroupID":"28803","SortNo":"100","PresentationValue":"Curved","RawValue":"Curved","LocalValue":"Curved","Description":"The external form, contours, or outline of the product.","Mandatory":"0","Searchable":"0","Optional":"0","Feature":{"ID":"9397","Sign":"","Measure":{"ID":"29","Sign":"","Signs":{"ID":"","_":"","Language":"EN"}},"Name":{"Value":"Shape","Language":"EN"}}},{"Localized":0,"ID":510073250,"LocalID":0,"Type":"dropdown","Value":"Vaginal stimulation","CategoryFeatureId":"808780","CategoryFeatureGroupID":"28803","SortNo":"100","PresentationValue":"Vaginal stimulation","RawValue":"Vaginal stimulation","LocalValue":"Vaginal stimulation","Description":"","Mandatory":"1","Searchable":"1","Optional":"0","Feature":{"ID":"44730","Sign":"","Measure":{"ID":"29","Sign":"","Signs":{"ID":"","_":"","Language":"EN"}},"Name":{"Value":"Stimulation type","Language":"EN"}}},{"Localized":0,"ID":510073172,"LocalID":0,"Type":"dropdown","Value":"Silicone","CategoryFeatureId":"270245","CategoryFeatureGroupID":"28803","SortNo":"90","PresentationValue":"Silicone","RawValue":"Silicone","LocalValue":"Silicone","Description":"The material from which a thing is or can be made e.g. wood, plastic.","Mandatory":"1","Searchable":"0","Optional":"0","Feature":{"ID":"898","Sign":"","Measure":{"ID":"29","Sign":"","Signs":{"ID":"","_":"","Language":"EN"}},"Name":{"Value":"Material","Language":"EN"}}},{"Localized":0,"ID":510073168,"LocalID":0,"Type":"dropdown","Value":"Ambidextrous","CategoryFeatureId":"315245","CategoryFeatureGroupID":"28803","SortNo":"68","PresentationValue":"Ambidextrous","RawValue":"Ambidextrous","LocalValue":"Ambidextrous","Description":"The design allows to draw the gun with the right or left hand or both (ambidextrous).","Mandatory":"0","Searchable":"0","Optional":"0","Feature":{"ID":"21183","Sign":"","Measure":{"ID":"29","Sign":"","Signs":{"ID":"","_":"","Language":"EN"}},"Name":{"Value":"Hand orientation","Language":"EN"}}},{"Localized":0,"ID":510073133,"LocalID":0,"Type":"multi_dropdown","Value":"Buttons","CategoryFeatureId":"315247","CategoryFeatureGroupID":"28803","SortNo":"45","PresentationValue":"Buttons","RawValue":"Buttons","LocalValue":"Buttons","Description":"The way in which the device is controlled.","Mandatory":"0","Searchable":"0","Optional":"0","Feature":{"ID":"2651","Sign":"","Measure":{"ID":"29","Sign":"","Signs":{"ID":"","_":"","Language":"EN"}},"Name":{"Value":"Control type","Language":"EN"}}},{"Localized":0,"ID":510073100,"LocalID":0,"Type":"numerical","Value":"5","CategoryFeatureId":"315239","CategoryFeatureGroupID":"28803","SortNo":"40","PresentationValue":"5","RawValue":"5","LocalValue":"5","Description":"The different speeds that the device can operate at.","Mandatory":"0","Searchable":"0","Optional":"0","Feature":{"ID":"2594","Sign":"","Measure":{"ID":"29","Sign":"","Signs":{"ID":"","_":"","Language":"EN"}},"Name":{"Value":"Number of speeds","Language":"EN"}}},{"Localized":0,"ID":510073130,"LocalID":0,"Type":"numerical","Value":"8","CategoryFeatureId":"315240","CategoryFeatureGroupID":"28803","SortNo":"40","PresentationValue":"8","RawValue":"8","LocalValue":"8","Description":"","Mandatory":"0","Searchable":"0","Optional":"0","Feature":{"ID":"34368","Sign":"","Measure":{"ID":"29","Sign":"","Signs":{"ID":"","_":"","Language":"EN"}},"Name":{"Value":"Number of patterns","Language":"EN"}}},{"Localized":0,"ID":510073079,"LocalID":0,"Type":"y_n","Value":"Y","CategoryFeatureId":"270246","CategoryFeatureGroupID":"28803","SortNo":"35","PresentationValue":"Yes","RawValue":"Y","LocalValue":"Yes","Description":"The product is protected from water, staying dry if liquid is spilt on it or it gets wet in the rain.","Mandatory":"0","Searchable":"0","Optional":"0","Feature":{"ID":"7509","Sign":"","Measure":{"ID":"26","Sign":"","Signs":{"ID":"","_":"","Language":"EN"}},"Name":{"Value":"Waterproof","Language":"EN"}}},{"Localized":0,"ID":835291593,"LocalID":0,"Type":"dropdown","Value":"Matt","CategoryFeatureId":"315569","CategoryFeatureGroupID":"28803","SortNo":"30","PresentationValue":"Matt","RawValue":"Matt","LocalValue":"Matt","Description":"The way that a product is finished e.g. a matt or gloss finish.","Mandatory":"0","Searchable":"0","Optional":"0","Feature":{"ID":"2254","Sign":"","Measure":{"ID":"29","Sign":"","Signs":{"ID":"","_":"","Language":"EN"}},"Name":{"Value":"Finish type","Language":"EN"}}},{"Localized":0,"ID":510073204,"LocalID":0,"Type":"multi_dropdown","Value":"Pink","CategoryFeatureId":"270236","CategoryFeatureGroupID":"28803","SortNo":"0","PresentationValue":"Pink","RawValue":"Pink","LocalValue":"Pink","Description":"The colour e.g. red, blue, green, black, white.","Mandatory":"1","Searchable":"1","Optional":"0","Feature":{"ID":"1766","Sign":"","Measure":{"ID":"29","Sign":"","Signs":{"ID":"","_":"","Language":"EN"}},"Name":{"Value":"Product colour","Language":"EN"}}},{"Localized":0,"ID":835291924,"LocalID":0,"Type":"numerical","Value":"1","CategoryFeatureId":"925341","CategoryFeatureGroupID":"28803","SortNo":"0","PresentationValue":"1 year(s)","RawValue":"1","LocalValue":"1","Description":"","Mandatory":"0","Searchable":"0","Optional":"0","Feature":{"ID":"45898","Sign":"","Measure":{"ID":"75","Sign":"","Signs":{"ID":"58","_":"year(s)","Language":"EN"}},"Name":{"Value":"Warranty period","Language":"EN"}}}]},{"ID":28805,"SortNo":"25","FeatureGroup":{"ID":"143","Name":{"Value":"Battery","Language":"EN"}},"Features":[{"Localized":0,"ID":510073298,"LocalID":0,"Type":"dropdown","Value":"Built-in battery","CategoryFeatureId":"270240","CategoryFeatureGroupID":"28805","SortNo":"170","PresentationValue":"Built-in battery","RawValue":"Built-in battery","LocalValue":"Built-in battery","Description":"Description of battery supplied with the product, such battery form factor (e.g. AA/AAA).","Mandatory":"1","Searchable":"0","Optional":"0","Feature":{"ID":"908","Sign":"","Measure":{"ID":"29","Sign":"","Signs":{"ID":"","_":"","Language":"EN"}},"Name":{"Value":"Battery type","Language":"EN"}}},{"Localized":0,"ID":510073343,"LocalID":0,"Type":"dropdown","Value":"Lithium-Ion (Li-Ion)","CategoryFeatureId":"270243","CategoryFeatureGroupID":"28805","SortNo":"17","PresentationValue":"Lithium-Ion (Li-Ion)","RawValue":"Lithium-Ion (Li-Ion)","LocalValue":"Lithium-Ion (Li-Ion)","Description":"The type of battery in the device, e.g. nickel–cadmium (NiCd).","Mandatory":"0","Searchable":"0","Optional":"0","Feature":{"ID":"434","Sign":"","Measure":{"ID":"29","Sign":"","Signs":{"ID":"","_":"","Language":"EN"}},"Name":{"Value":"Battery technology","Language":"EN"}}},{"Localized":0,"ID":510073314,"LocalID":0,"Type":"y_n","Value":"Y","CategoryFeatureId":"315558","CategoryFeatureGroupID":"28805","SortNo":"15","PresentationValue":"Yes","RawValue":"Y","LocalValue":"Yes","Description":"","Mandatory":"0","Searchable":"0","Optional":"0","Feature":{"ID":"11194","Sign":"","Measure":{"ID":"26","Sign":"","Signs":{"ID":"","_":"","Language":"EN"}},"Name":{"Value":"USB charging","Language":"EN"}}}]},{"ID":28807,"SortNo":"15","FeatureGroup":{"ID":"14","Name":{"Value":"Weight & dimensions","Language":"EN"}},"Features":[{"Localized":0,"ID":510073266,"LocalID":0,"Type":"numerical","Value":"270","CategoryFeatureId":"270247","CategoryFeatureGroupID":"28807","SortNo":"49","PresentationValue":"270 mm","RawValue":"270","LocalValue":"270","Description":"The measurement or extent of something from end to end.","Mandatory":"1","Searchable":"0","Optional":"0","Feature":{"ID":"2738","Sign":"","Measure":{"ID":"24","Sign":"","Signs":{"ID":"3","_":"mm","Language":"EN"}},"Name":{"Value":"Length","Language":"EN"}}},{"Localized":0,"ID":510073295,"LocalID":0,"Type":"numerical","Value":"40","CategoryFeatureId":"270248","CategoryFeatureGroupID":"28807","SortNo":"47","PresentationValue":"4 cm","RawValue":"40","LocalValue":"4","Description":"Distance from one side of a body (circle or sphere) to the other side, measured by a straight line passing through the centre of the body.","Mandatory":"0","Searchable":"0","Optional":"0","Feature":{"ID":"2931","Sign":"","Measure":{"ID":"24","Sign":"","Signs":{"ID":"3","_":"mm","Language":"EN"}},"Name":{"Value":"Diameter","Language":"EN"}}}]},{"ID":75451,"SortNo":"13","FeatureGroup":{"ID":"67","Name":{"Value":"Packaging data","Language":"EN"}},"Features":[{"Localized":0,"ID":510073394,"LocalID":0,"Type":"dropdown","Value":"Box","CategoryFeatureId":"593889","CategoryFeatureGroupID":"75451","SortNo":"-15","PresentationValue":"Box","RawValue":"Box","LocalValue":"Box","Description":"The type of product package e.g. box.","Mandatory":"0","Searchable":"0","Optional":"0","Feature":{"ID":"4463","Sign":"","Measure":{"ID":"29","Sign":"","Signs":{"ID":"","_":"","Language":"EN"}},"Name":{"Value":"Package type","Language":"EN"}}}]},{"ID":28804,"SortNo":"10","FeatureGroup":{"ID":"116","Name":{"Value":"Packaging content","Language":"EN"}},"Features":[{"Localized":0,"ID":510073345,"LocalID":0,"Type":"numerical","Value":"1","CategoryFeatureId":"660396","CategoryFeatureGroupID":"28804","SortNo":"500","PresentationValue":"1 pc(s)","RawValue":"1","LocalValue":"1","Description":"","Mandatory":"0","Searchable":"0","Optional":"0","Feature":{"ID":"20228","Sign":"","Measure":{"ID":"144","Sign":"","Signs":{"ID":"125","_":"pc(s)","Language":"EN"}},"Name":{"Value":"Quantity per pack","Language":"EN"}}},{"Localized":0,"ID":510073375,"LocalID":0,"Type":"y_n","Value":"Y","CategoryFeatureId":"315244","CategoryFeatureGroupID":"28804","SortNo":"100","PresentationValue":"Yes","RawValue":"Y","LocalValue":"Yes","Description":"","Mandatory":"0","Searchable":"0","Optional":"0","Feature":{"ID":"3965","Sign":"","Measure":{"ID":"26","Sign":"","Signs":{"ID":"","_":"","Language":"EN"}},"Name":{"Value":"Manual","Language":"EN"}}},{"Localized":0,"ID":510073378,"LocalID":0,"Type":"y_n","Value":"Y","CategoryFeatureId":"315566","CategoryFeatureGroupID":"28804","SortNo":"15","PresentationValue":"Yes","RawValue":"Y","LocalValue":"Yes","Description":"","Mandatory":"0","Searchable":"0","Optional":"0","Feature":{"ID":"4014","Sign":"","Measure":{"ID":"26","Sign":"","Signs":{"ID":"","_":"","Language":"EN"}},"Name":{"Value":"Storage pouch","Language":"EN"}}},{"Localized":1,"ID":0,"LocalID":554061196,"Type":"textarea","Value":"","CategoryFeatureId":"593891","CategoryFeatureGroupID":"28804","SortNo":"-100","PresentationValue":"Sassy Simon\nUSB charging cable\nHard case\nInstructions for use","RawValue":"","LocalValue":"Sassy Simon\nUSB charging cable\nHard case\nInstructions for use","Description":"","Mandatory":"0","Searchable":"0","Optional":"0","Feature":{"ID":"10622","Sign":"","Measure":{"ID":"29","Sign":"","Signs":{"ID":"","_":"","Language":"EN"}},"Name":{"Value":"Packaging content","Language":"EN"}}}]}],"FeatureLogos":[],"ReasonsToBuy":[],"Reviews":[],"ProductRelated":[],"CatalogObjectCloud":{},"Variants":[],"ProductStory":[],"Dictionary":{"model_name":"Product name","desc":"Description","ean_code":"EAN/UPC code","flash360":"3D tour","demo_msg_part3":"If you don't have an Icecat account, please register here for free.","repairability_index":"Repairability index","zoom_panel_init":"Original size","cat_name":"Category","product_family":"Product family","back_to_top":"Back to top","zoom_panel_out":"Zoom out","specs":"Specs","eu_product_fiche":"EU Product Fiche","reviews_head_name":"Reviews","pdf_specs":"Product Brochure","zoom_panel_in":"Zoom in","html_content":"","release_date":"Release date","demo_msg_part1":"You are using now a Demo account. Please, use your own Icecat account","demo_insert_desc":"This is a demo of a seamless insert of an Icecat LIVE product data-sheet in your website. Imagine that this responsive data-sheet is included in the product page of your webshop.","pdf_url":"User manual","prod_code":"Product code","supplier_name":"Brand","video":"Video","reasons_to_buy":"Reasons to buy","marketing_text":"Description","options_head_name":"Options","product_series":"Product series","demo_msg_part2":"your Icecat login name","link_integrate_desk":"How to integrate Icecat LIVE JavaScript.","zoom_panel_dragg":"Mouse dragging","eu_energy_label":"EU Energy Label"},"DemoAccount":false}}