{"msg":"OK","data":{"GeneralInfo":{"IcecatId":123029744,"ReleaseDate":"","EndOfLifeDate":"","Title":"Apple Mac mini Apple M M4 16 GB 512 GB SSD macOS Sequoia Mini PC Silver","TitleInfo":{"GeneratedIntTitle":"Apple Mac mini","GeneratedLocalTitle":{"Value":"Apple Mac mini Apple M M4 16 GB 512 GB SSD macOS Sequoia Mini PC Silver","Language":"EN"},"BrandLocalTitle":{"Value":"","Language":"EN"}},"Brand":"Apple","BrandID":"9","BrandLogo":"https://inishop.com/img/brand/thumb/9_d14b59ec69c0456b8775a7210bbba1e9.jpg","BrandInfo":{"BrandName":"Apple","BrandLocalName":"","BrandLogo":"https://inishop.com/img/brand/thumb/9_d14b59ec69c0456b8775a7210bbba1e9.jpg"},"ProductName":"Mac mini","ProductNameInfo":{"ProductIntName":"Mac mini","ProductLocalName":{"Value":"","Language":"EN"}},"BrandPartCode":"MU9E3KS/A","GTIN":[],"Category":{"CategoryID":"153","Name":{"Value":"PCs/Workstations","Language":"EN"}},"ProductFamily":{"ProductFamilyID":"216","Value":"Mac mini","Language":"EN"},"ProductSeries":{"SeriesID":"8531","Value":"(M4, 2024)","Language":"EN"},"Description":{"ID":"97270765","LongDesc":"<b>Mac mini</b><br>Hello, Apple Intelligence.","LongProductName":"Mac mini, Apple M4 chip 10-core CPU, 10-core GPU, 16GB unified memory, 512GB SSD, 3.5 mm, Ethernet, 2 x USB 3, 3 x USB 4, HDMI, Wi-Fi 6E, Bluetooth 5.3, macOS","MiddleDesc":"","Disclaimer":"","ManualPDFURL":"","ManualPDFSize":"0","LeafletPDFURL":"","PDFSize":"0","URL":"https://www.apple.com/mac-mini/","WarrantyInfo":"1‑year limited","Updated":"2024-10-30 09:19:51","Language":"EN"},"SummaryDescription":{"ShortSummaryDescription":"Apple Mac mini , Apple M, M4, 16 GB, 512 GB, SSD, macOS Sequoia","LongSummaryDescription":"Apple Mac mini . Processor family: Apple M, Processor model: M4. Internal memory: 16 GB. Total storage capacity: 512 GB, Storage media: SSD. On-board graphics card model: Apple GPU. Wi-Fi. Operating system installed: macOS Sequoia. Power supply: 155 W. Chassis type: Mini PC. Product type: Mini PC. Weight: 670 g. Product colour: Silver"},"BulletPoints":{"BulletPointsId":"10389121","Language":"EN","Values":["All‑new ultracompact design. Front and back ports. Fits, flexes, and flies in any setup","Built for Apple Intelligence. Personal, private, powerful","M4. M4 Pro. Next‑level performance. Game‑changing graphics. More power to you","Meet the first carbon neutral Mac. One giant leap for all Mac‑kind"],"Updated":"2024-10-30 09:19:51"},"GeneratedBulletPoints":{"Language":"EN","Values":["Mini PC Silver 155 W","Apple M M4 Processor cores: 10","16 GB","512 GB SSD","Apple GPU On-board graphics card cores: 10","Ethernet LAN 10,100,1000 Mbit/s Wi-Fi 6E (802.11ax) Bluetooth 5.3","macOS Sequoia"]},"GTINs":[{"GTIN":"0195949080715","IsApproved":false},{"GTIN":"195949080715","IsApproved":false}]},"Image":{"HighPic":"https://inishop.com/img/gallery/bf10584c9dbf7cce93f304dc853b792e254621ac.jpg","HighPicSize":"2959863","HighPicHeight":"1734","HighPicWidth":"3835","LowPic":"https://inishop.com/img/gallery_lows/dd8b0893a7c437bce2f8890f0999deef23e323f3.jpg","LowPicSize":"6295","LowPicHeight":"90","LowPicWidth":"200","Pic500x500":"https://inishop.com/img/gallery_mediums/06b980a785d5e4d78aea20f024dbb2cdcf1fe578.jpg","Pic500x500Size":"35441","Pic500x500Height":"226","Pic500x500Width":"500","ThumbPic":"https://inishop.com/img/gallery_thumbs/864ae0d4867a4c5e898718038f378178251f811c.jpg","ThumbPicSize":"1961"},"Multimedia":[{"ID":"BE789858-426B-43FB-9449-0155DD5005D9","URL":"https://inishop.com/objects/mmo_123029744_1730276391_4596_1240883.pdf","Type":"other digital assets","ContentType":"application/pdf","KeepAsUrl":"0","Description":"Product Environmental Report","Size":"7870907","IsPrivate":"0","Updated":"2024-10-30 09:19:51","Language":"EN","IsVideo":0},{"ID":"9882B555-0A37-4712-9960-906BF56CB0E6","URL":"https://inishop.com/objects/123029744_58943170.mp4?access=sX6SsgnymQvfZ1XvhqGsJrJ83I0NxMD6CkHpeNs6SsR47EET4N4NjquIQRa6Es94","Type":"video/mp4","ContentType":"video/mp4","KeepAsUrl":"0","Description":"Mac mini Announcement - October 29","Size":"100785835","IsPrivate":"0","Updated":"2024-10-30 09:19:52","Language":"EN","IsVideo":1,"ThumbUrl":"https://inishop.com/objects/thumb/123029744_58943170_thumb.png?access=sX6SsgnymQvfZ1XvhqGsJrJ83I0NxMD6CkHpeNs6SsR47EET4N4NjquIQRa6Es94","PreviewUrl":"https://inishop.com/objects/preview/123029744_58943170_preview.png?access=sX6SsgnymQvfZ1XvhqGsJrJ83I0NxMD6CkHpeNs6SsR47EET4N4NjquIQRa6Es94"},{"ID":"A2FFD156-086F-4F8E-ADC1-9B0CC0682F0A","URL":"https://inishop.com/objects/123029744_58943176.mp4?access=sX6SsgnymQvfZ1XvhqGsJrJ83I0NxMD6CkHpeNs6SsR47EET4N4NjquIQRa6Es94","Type":"video/mp4","ContentType":"video/mp4","KeepAsUrl":"0","Description":"Introducing the all-new Mac mini | Apple","Size":"13187946","IsPrivate":"0","Updated":"2024-10-30 09:19:53","Language":"EN","IsVideo":1,"ThumbUrl":"https://inishop.com/objects/thumb/123029744_58943176_thumb.png?access=sX6SsgnymQvfZ1XvhqGsJrJ83I0NxMD6CkHpeNs6SsR47EET4N4NjquIQRa6Es94","PreviewUrl":"https://inishop.com/objects/preview/123029744_58943176_preview.png?access=sX6SsgnymQvfZ1XvhqGsJrJ83I0NxMD6CkHpeNs6SsR47EET4N4NjquIQRa6Es94"}],"Gallery":[{"ID":"97060891","LowPic":"https://inishop.com/img/gallery_lows/dd8b0893a7c437bce2f8890f0999deef23e323f3.jpg","LowSize":"6295","LowHeight":"90","LowWidth":"200","ThumbPic":"https://inishop.com/img/gallery_thumbs/864ae0d4867a4c5e898718038f378178251f811c.jpg","ThumbPicSize":"1961","Pic":"https://inishop.com/img/gallery/bf10584c9dbf7cce93f304dc853b792e254621ac.jpg","Size":"2959863","PicHeight":"1734","PicWidth":"3835","Pic500x500":"https://inishop.com/img/gallery_mediums/06b980a785d5e4d78aea20f024dbb2cdcf1fe578.jpg","Pic500x500Size":"35441","Pic500x500Height":"226","Pic500x500Width":"500","No":"1","IsMain":"Y","Updated":"2025-04-29 13:52:55","IsPrivate":"0","Type":"ProductImage","Attributes":{"OriginalFileName":""}},{"ID":"97060892","LowPic":"https://inishop.com/img/gallery_lows/03dd267f3822ae834c3fc8c3186c9992344b2bff.jpg","LowSize":"46688","LowHeight":"200","LowWidth":"200","ThumbPic":"https://inishop.com/img/gallery_thumbs/462ccff93ca7222f249db79c53d291fc08a83c95.jpg","ThumbPicSize":"9697","Pic":"https://inishop.com/img/gallery/34bbcf79206fe7114a0fc3dfbdd5bc4ba90a82be.jpg","Size":"4149434","PicHeight":"4000","PicWidth":"4000","Pic500x500":"https://inishop.com/img/gallery_mediums/f858b09ec08c2f65246aae16786629cbbfce8a89.jpg","Pic500x500Size":"214753","Pic500x500Height":"500","Pic500x500Width":"500","No":"2","IsMain":"N","Updated":"2024-10-30 09:19:51","IsPrivate":"0","Type":"LifestyleImage","Attributes":{"OriginalFileName":""}},{"ID":"97060893","LowPic":"https://inishop.com/img/gallery_lows/213cfe3d127ea5acdd0f461bf75eadbe69b88a68.jpg","LowSize":"16380","LowHeight":"111","LowWidth":"200","ThumbPic":"https://inishop.com/img/gallery_thumbs/8bb679a6d907d158cbaa6b250cd8c1b3fccf106b.jpg","ThumbPicSize":"4100","Pic":"https://inishop.com/img/gallery/d1a674c3c09c07b1dc64c288816560891f3dfa18.jpg","Size":"1737909","PicHeight":"2154","PicWidth":"3869","Pic500x500":"https://inishop.com/img/gallery_mediums/330112c0b642f783560bef62206787ade735a3de.jpg","Pic500x500Size":"64675","Pic500x500Height":"278","Pic500x500Width":"500","No":"3","IsMain":"N","Updated":"2025-04-29 13:53:06","IsPrivate":"0","Type":"LifestyleImage","Attributes":{"OriginalFileName":""}}],"FeaturesGroups":[{"ID":2,"SortNo":"100","FeatureGroup":{"ID":"1","Name":{"Value":"Processor","Language":"EN"}},"Features":[{"Localized":0,"ID":694511853,"LocalID":0,"Type":"dropdown","Value":"Apple","CategoryFeatureId":"3032","CategoryFeatureGroupID":"2","SortNo":"10100801","PresentationValue":"Apple","RawValue":"Apple","LocalValue":"Apple","Description":"The manufacturer that produced the processor.","Mandatory":"1","Searchable":"0","Optional":"0","Feature":{"ID":"1013","Sign":"","Measure":{"ID":"29","Sign":"","Signs":{"ID":"","_":"","Language":"EN"}},"Name":{"Value":"Processor manufacturer","Language":"EN"}}},{"Localized":0,"ID":694511948,"LocalID":0,"Type":"dropdown","Value":"Apple M","CategoryFeatureId":"11561","CategoryFeatureGroupID":"2","SortNo":"5300","PresentationValue":"Apple M","RawValue":"Apple M","LocalValue":"Apple M","Description":"A family of processors is a group of processors produced by one company over a short period of time e.g. Intel Pentium processors.","Mandatory":"1","Searchable":"1","Optional":"0","Feature":{"ID":"2196","Sign":"","Measure":{"ID":"29","Sign":"","Signs":{"ID":"","_":"","Language":"EN"}},"Name":{"Value":"Processor family","Language":"EN"}}},{"Localized":0,"ID":694512390,"LocalID":0,"Type":"dropdown","Value":"Apple M 4th Gen","CategoryFeatureId":"893380","CategoryFeatureGroupID":"2","SortNo":"5300","PresentationValue":"Apple M 4th Gen","RawValue":"Apple M 4th Gen","LocalValue":"Apple M 4th Gen","Description":"","Mandatory":"0","Searchable":"0","Optional":"0","Feature":{"ID":"44870","Sign":"","Measure":{"ID":"29","Sign":"","Signs":{"ID":"","_":"","Language":"EN"}},"Name":{"Value":"Processor generation","Language":"EN"}}},{"Localized":0,"ID":694511792,"LocalID":0,"Type":"dropdown","Value":"M4","CategoryFeatureId":"62","CategoryFeatureGroupID":"2","SortNo":"5200","PresentationValue":"M4","RawValue":"M4","LocalValue":"M4","Description":"The model number for the processor in a computer.","Mandatory":"1","Searchable":"0","Optional":"0","Feature":{"ID":"47","Sign":"","Measure":{"ID":"29","Sign":"","Signs":{"ID":"","_":"","Language":"EN"}},"Name":{"Value":"Processor model","Language":"EN"}}},{"Localized":0,"ID":694512076,"LocalID":0,"Type":"numerical","Value":"10","CategoryFeatureId":"36486","CategoryFeatureGroupID":"2","SortNo":"220","PresentationValue":"10","RawValue":"10","LocalValue":"10","Description":"The number of central processing units ('cores') in a processor. Some processors have 1 core, others have 2 (e.g. Intel Core Duo) or more (e.g. the Intel Xeon E7-2850 has 10 cores).","Mandatory":"0","Searchable":"0","Optional":"0","Feature":{"ID":"6089","Sign":"","Measure":{"ID":"29","Sign":"","Signs":{"ID":"","_":"","Language":"EN"}},"Name":{"Value":"Processor cores","Language":"EN"}}},{"Localized":0,"ID":694512375,"LocalID":0,"Type":"numerical","Value":"4","CategoryFeatureId":"895771","CategoryFeatureGroupID":"2","SortNo":"200","PresentationValue":"4","RawValue":"4","LocalValue":"4","Description":"","Mandatory":"0","Searchable":"0","Optional":"0","Feature":{"ID":"44522","Sign":"","Measure":{"ID":"29","Sign":"","Signs":{"ID":"","_":"","Language":"EN"}},"Name":{"Value":"Performance cores","Language":"EN"}}},{"Localized":0,"ID":694512371,"LocalID":0,"Type":"numerical","Value":"6","CategoryFeatureId":"895770","CategoryFeatureGroupID":"2","SortNo":"195","PresentationValue":"6","RawValue":"6","LocalValue":"6","Description":"","Mandatory":"0","Searchable":"0","Optional":"0","Feature":{"ID":"44521","Sign":"","Measure":{"ID":"29","Sign":"","Signs":{"ID":"","_":"","Language":"EN"}},"Name":{"Value":"Efficient cores","Language":"EN"}}},{"Localized":0,"ID":694511816,"LocalID":0,"Type":"numerical","Value":"1","CategoryFeatureId":"2216","CategoryFeatureGroupID":"2","SortNo":"30","PresentationValue":"1","RawValue":"1","LocalValue":"1","Description":"Number of processors in the product.","Mandatory":"0","Searchable":"0","Optional":"0","Feature":{"ID":"596","Sign":"","Measure":{"ID":"29","Sign":"","Signs":{"ID":"","_":"","Language":"EN"}},"Name":{"Value":"Number of processors installed","Language":"EN"}}},{"Localized":0,"ID":694512195,"LocalID":0,"Type":"dropdown","Value":"Neural Engine","CategoryFeatureId":"595926","CategoryFeatureGroupID":"2","SortNo":"15","PresentationValue":"Neural Engine","RawValue":"Neural Engine","LocalValue":"Neural Engine","Description":"","Mandatory":"0","Searchable":"0","Optional":"0","Feature":{"ID":"18116","Sign":"","Measure":{"ID":"29","Sign":"","Signs":{"ID":"","_":"","Language":"EN"}},"Name":{"Value":"Coprocessor model","Language":"EN"}}},{"Localized":0,"ID":694512190,"LocalID":0,"Type":"numerical","Value":"16","CategoryFeatureId":"595927","CategoryFeatureGroupID":"2","SortNo":"14","PresentationValue":"16","RawValue":"16","LocalValue":"16","Description":"","Mandatory":"0","Searchable":"0","Optional":"0","Feature":{"ID":"17983","Sign":"","Measure":{"ID":"29","Sign":"","Signs":{"ID":"","_":"","Language":"EN"}},"Name":{"Value":"Coprocessor cores","Language":"EN"}}},{"Localized":0,"ID":694512207,"LocalID":0,"Type":"numerical","Value":"120","CategoryFeatureId":"132877","CategoryFeatureGroupID":"2","SortNo":"-13","PresentationValue":"120 GB/s","RawValue":"120","LocalValue":"120","Description":"","Mandatory":"0","Searchable":"0","Optional":"1","Feature":{"ID":"21996","Sign":"","Measure":{"ID":"160","Sign":"","Signs":{"ID":"3003","_":"GB/s","Language":"EN"}},"Name":{"Value":"Memory bandwidth supported by processor (max)","Language":"EN"}}}]},{"ID":3,"SortNo":"95","FeatureGroup":{"ID":"3","Name":{"Value":"Memory","Language":"EN"}},"Features":[{"Localized":0,"ID":694512165,"LocalID":0,"Type":"numerical","Value":"16","CategoryFeatureId":"73752","CategoryFeatureGroupID":"3","SortNo":"5100","PresentationValue":"16 GB","RawValue":"16","LocalValue":"16","Description":"A computer's memory which is directly accessible to the CPU.","Mandatory":"1","Searchable":"1","Optional":"0","Feature":{"ID":"11381","Sign":"","Measure":{"ID":"20","Sign":"","Signs":{"ID":"7","_":"GB","Language":"EN"}},"Name":{"Value":"Internal memory","Language":"EN"}}}]},{"ID":4138,"SortNo":"90","FeatureGroup":{"ID":"47","Name":{"Value":"Storage","Language":"EN"}},"Features":[{"Localized":0,"ID":694512014,"LocalID":0,"Type":"numerical","Value":"512","CategoryFeatureId":"33231","CategoryFeatureGroupID":"4138","SortNo":"5000","PresentationValue":"512 GB","RawValue":"512","LocalValue":"512","Description":"The total amount of data that can be stored on the device.","Mandatory":"1","Searchable":"1","Optional":"0","Feature":{"ID":"3318","Sign":"","Measure":{"ID":"20","Sign":"","Signs":{"ID":"7","_":"GB","Language":"EN"}},"Name":{"Value":"Total storage capacity","Language":"EN"}}},{"Localized":0,"ID":694512170,"LocalID":0,"Type":"dropdown","Value":"SSD","CategoryFeatureId":"96404","CategoryFeatureGroupID":"4138","SortNo":"4000","PresentationValue":"SSD","RawValue":"SSD","LocalValue":"SSD","Description":"Used for the storage of data e.g. HDD (hard disk drive), SSD (solid-state drive).","Mandatory":"1","Searchable":"0","Optional":"0","Feature":{"ID":"11441","Sign":"","Measure":{"ID":"29","Sign":"","Signs":{"ID":"","_":"","Language":"EN"}},"Name":{"Value":"Storage media","Language":"EN"}}},{"Localized":0,"ID":694511868,"LocalID":0,"Type":"dropdown","Value":"N","CategoryFeatureId":"2968","CategoryFeatureGroupID":"4138","SortNo":"500","PresentationValue":"No","RawValue":"N","LocalValue":"No","Description":"An optical drive uses laser to read optical discs such as CDs, DVDs and Blu-Ray. Some types of optical drive are: CD ROM drive, CR-RW (CD writer) drive, DVD-ROM.","Mandatory":"1","Searchable":"1","Optional":"0","Feature":{"ID":"1120","Sign":"","Measure":{"ID":"29","Sign":"","Signs":{"ID":"","_":"","Language":"EN"}},"Name":{"Value":"Optical drive type","Language":"EN"}}},{"Localized":0,"ID":694512292,"LocalID":0,"Type":"numerical","Value":"512","CategoryFeatureId":"295712","CategoryFeatureGroupID":"4138","SortNo":"32","PresentationValue":"512 GB","RawValue":"512","LocalValue":"512","Description":"","Mandatory":"0","Searchable":"0","Optional":"0","Feature":{"ID":"37918","Sign":"","Measure":{"ID":"20","Sign":"","Signs":{"ID":"7","_":"GB","Language":"EN"}},"Name":{"Value":"Total SSDs capacity","Language":"EN"}}},{"Localized":0,"ID":694512101,"LocalID":0,"Type":"numerical","Value":"1","CategoryFeatureId":"45817","CategoryFeatureGroupID":"4138","SortNo":"30","PresentationValue":"1","RawValue":"1","LocalValue":"1","Description":"","Mandatory":"0","Searchable":"0","Optional":"0","Feature":{"ID":"7682","Sign":"","Measure":{"ID":"29","Sign":"","Signs":{"ID":"","_":"","Language":"EN"}},"Name":{"Value":"Number of SSDs installed","Language":"EN"}}},{"Localized":0,"ID":694512072,"LocalID":0,"Type":"numerical","Value":"512","CategoryFeatureId":"45777","CategoryFeatureGroupID":"4138","SortNo":"29","PresentationValue":"512 GB","RawValue":"512","LocalValue":"512","Description":"The Solid State Drive's data storage capacity.","Mandatory":"0","Searchable":"0","Optional":"0","Feature":{"ID":"5586","Sign":"","Measure":{"ID":"20","Sign":"","Signs":{"ID":"7","_":"GB","Language":"EN"}},"Name":{"Value":"SSD capacity","Language":"EN"}}},{"Localized":0,"ID":694512287,"LocalID":0,"Type":"y_n","Value":"N","CategoryFeatureId":"224663","CategoryFeatureGroupID":"4138","SortNo":"20","PresentationValue":"No","RawValue":"N","LocalValue":"No","Description":"","Mandatory":"0","Searchable":"0","Optional":"0","Feature":{"ID":"33648","Sign":"","Measure":{"ID":"26","Sign":"","Signs":{"ID":"","_":"","Language":"EN"}},"Name":{"Value":"Intel® Optane™ Memory module installed","Language":"EN"}}}]},{"ID":8603,"SortNo":"85","FeatureGroup":{"ID":"163","Name":{"Value":"Graphics","Language":"EN"}},"Features":[{"Localized":0,"ID":694512266,"LocalID":0,"Type":"y_n","Value":"N","CategoryFeatureId":"192532","CategoryFeatureGroupID":"8603","SortNo":"4810","PresentationValue":"No","RawValue":"N","LocalValue":"No","Description":"","Mandatory":"1","Searchable":"1","Optional":"0","Feature":{"ID":"27905","Sign":"","Measure":{"ID":"26","Sign":"","Signs":{"ID":"","_":"","Language":"EN"}},"Name":{"Value":"Discrete graphics card","Language":"EN"}}},{"Localized":0,"ID":694512136,"LocalID":0,"Type":"y_n","Value":"Y","CategoryFeatureId":"74328","CategoryFeatureGroupID":"8603","SortNo":"4470","PresentationValue":"Yes","RawValue":"Y","LocalValue":"Yes","Description":"Graphics hardware which is built into the motherboard or CPU, as opposed to a separate graphics adapter (video card). On-board graphics uses CPU and RAM for graphics processing.","Mandatory":"1","Searchable":"1","Optional":"0","Feature":{"ID":"9997","Sign":"","Measure":{"ID":"26","Sign":"","Signs":{"ID":"","_":"","Language":"EN"}},"Name":{"Value":"On-board graphics card","Language":"EN"}}},{"Localized":0,"ID":694512129,"LocalID":0,"Type":"dropdown","Value":"Not available","CategoryFeatureId":"53946","CategoryFeatureGroupID":"8603","SortNo":"3900","PresentationValue":"Not available","RawValue":"Not available","LocalValue":"Not available","Description":"A graphics adapter (often known as a video card) generates images for a display. A discrete graphics adapter plugs into the motherboard, and usually produces much better graphics than an integrated graphics adapter. There are various models of discrete graphics adapters.","Mandatory":"1","Searchable":"0","Optional":"0","Feature":{"ID":"9018","Sign":"","Measure":{"ID":"29","Sign":"","Signs":{"ID":"","_":"","Language":"EN"}},"Name":{"Value":"Discrete graphics card model","Language":"EN"}}},{"Localized":0,"ID":694512396,"LocalID":0,"Type":"dropdown","Value":"Apple","CategoryFeatureId":"894413","CategoryFeatureGroupID":"8603","SortNo":"448","PresentationValue":"Apple","RawValue":"Apple","LocalValue":"Apple","Description":"","Mandatory":"0","Searchable":"0","Optional":"0","Feature":{"ID":"44898","Sign":"","Measure":{"ID":"29","Sign":"","Signs":{"ID":"","_":"","Language":"EN"}},"Name":{"Value":"On-board GPU manufacturer","Language":"EN"}}},{"Localized":0,"ID":694512275,"LocalID":0,"Type":"dropdown","Value":"Apple","CategoryFeatureId":"192528","CategoryFeatureGroupID":"8603","SortNo":"447","PresentationValue":"Apple","RawValue":"Apple","LocalValue":"Apple","Description":"","Mandatory":"0","Searchable":"0","Optional":"0","Feature":{"ID":"29455","Sign":"","Measure":{"ID":"29","Sign":"","Signs":{"ID":"","_":"","Language":"EN"}},"Name":{"Value":"On-board graphics card family","Language":"EN"}}},{"Localized":0,"ID":694512120,"LocalID":0,"Type":"dropdown","Value":"Apple GPU","CategoryFeatureId":"53944","CategoryFeatureGroupID":"8603","SortNo":"446","PresentationValue":"Apple GPU","RawValue":"Apple GPU","LocalValue":"Apple GPU","Description":"\"Graphic adapter\" is the hardware that produces images on a display. \"On-board\" means that the graphics adapter is intergrated inside the motherboard.","Mandatory":"1","Searchable":"0","Optional":"0","Feature":{"ID":"9016","Sign":"","Measure":{"ID":"29","Sign":"","Signs":{"ID":"","_":"","Language":"EN"}},"Name":{"Value":"On-board graphics card model","Language":"EN"}}},{"Localized":0,"ID":694512213,"LocalID":0,"Type":"numerical","Value":"3","CategoryFeatureId":"133017","CategoryFeatureGroupID":"8603","SortNo":"444","PresentationValue":"3","RawValue":"3","LocalValue":"3","Description":"The feature may not be available on all computing systems. Functionality, performance, and other benefits of this feature may vary depending on system configuration.","Mandatory":"0","Searchable":"0","Optional":"1","Feature":{"ID":"22001","Sign":"","Measure":{"ID":"29","Sign":"","Signs":{"ID":"","_":"","Language":"EN"}},"Name":{"Value":"Number of displays supported (on-board graphics)","Language":"EN"}}},{"Localized":0,"ID":694512344,"LocalID":0,"Type":"numerical","Value":"10","CategoryFeatureId":"595928","CategoryFeatureGroupID":"8603","SortNo":"443","PresentationValue":"10","RawValue":"10","LocalValue":"10","Description":"","Mandatory":"0","Searchable":"0","Optional":"0","Feature":{"ID":"42531","Sign":"","Measure":{"ID":"29","Sign":"","Signs":{"ID":"","_":"","Language":"EN"}},"Name":{"Value":"On-board graphics card cores","Language":"EN"}}},{"Localized":0,"ID":694512339,"LocalID":0,"Type":"y_n","Value":"Y","CategoryFeatureId":"595929","CategoryFeatureGroupID":"8603","SortNo":"442","PresentationValue":"Yes","RawValue":"Y","LocalValue":"Yes","Description":"","Mandatory":"0","Searchable":"0","Optional":"0","Feature":{"ID":"42530","Sign":"","Measure":{"ID":"26","Sign":"","Signs":{"ID":"","_":"","Language":"EN"}},"Name":{"Value":"On-board graphics card 6K support","Language":"EN"}}},{"Localized":0,"ID":694512301,"LocalID":0,"Type":"multi_dropdown","Value":"High Dynamic Range 10 (HDR10),High Dynamic Range 10+ (HDR10 Plus),Dolby Vision,Hybrid Log-Gamma (HLG),Hybrid Log-Gamma Photo (HLG Photo)","CategoryFeatureId":"974090","CategoryFeatureGroupID":"8603","SortNo":"14","PresentationValue":"High Dynamic Range 10 (HDR10), High Dynamic Range 10+ (HDR10 Plus), Dolby Vision, Hybrid Log-Gamma (HLG), Hybrid Log-Gamma Photo (HLG Photo)","RawValue":"High Dynamic Range 10 (HDR10),High Dynamic Range 10+ (HDR10 Plus),Dolby Vision,Hybrid Log-Gamma (HLG),Hybrid Log-Gamma Photo (HLG Photo)","LocalValue":"High Dynamic Range 10 (HDR10), High Dynamic Range 10+ (HDR10 Plus), Dolby Vision, Hybrid Log-Gamma (HLG), Hybrid Log-Gamma Photo (HLG Photo)","Description":"","Mandatory":"0","Searchable":"0","Optional":"0","Feature":{"ID":"40712","Sign":"","Measure":{"ID":"29","Sign":"","Signs":{"ID":"","_":"","Language":"EN"}},"Name":{"Value":"High Dynamic Range (HDR) technology","Language":"EN"}}}]},{"ID":2066,"SortNo":"75","FeatureGroup":{"ID":"35","Name":{"Value":"Network","Language":"EN"}},"Features":[{"Localized":0,"ID":694511893,"LocalID":0,"Type":"y_n","Value":"Y","CategoryFeatureId":"36488","CategoryFeatureGroupID":"2066","SortNo":"100","PresentationValue":"Yes","RawValue":"Y","LocalValue":"Yes","Description":"An Ethernet LAN (Local Area Network) interface is present, for a wired conection via a cable.","Mandatory":"1","Searchable":"0","Optional":"0","Feature":{"ID":"1347","Sign":"","Measure":{"ID":"26","Sign":"","Signs":{"ID":"","_":"","Language":"EN"}},"Name":{"Value":"Ethernet LAN","Language":"EN"}}},{"Localized":0,"ID":694512030,"LocalID":0,"Type":"multi_dropdown","Value":"10,100,1000","CategoryFeatureId":"31181","CategoryFeatureGroupID":"2066","SortNo":"99","PresentationValue":"10,100,1000 Mbit/s","RawValue":"10,100,1000","LocalValue":"10,100,1000","Description":"The different speed levels of the Ethernet LAN connection.","Mandatory":"0","Searchable":"0","Optional":"0","Feature":{"ID":"3768","Sign":"","Measure":{"ID":"23","Sign":"","Signs":{"ID":"4","_":"Mbit/s","Language":"EN"}},"Name":{"Value":"Ethernet LAN data rates","Language":"EN"}}},{"Localized":0,"ID":694512005,"LocalID":0,"Type":"y_n","Value":"Y","CategoryFeatureId":"36487","CategoryFeatureGroupID":"2066","SortNo":"81","PresentationValue":"Yes","RawValue":"Y","LocalValue":"Yes","Description":"Popular technology that allows an electronic device to exchange data or connect to the internet wirelessly using radio waves.","Mandatory":"1","Searchable":"0","Optional":"0","Feature":{"ID":"3239","Sign":"","Measure":{"ID":"26","Sign":"","Signs":{"ID":"","_":"","Language":"EN"}},"Name":{"Value":"Wi-Fi","Language":"EN"}}},{"Localized":0,"ID":694512261,"LocalID":0,"Type":"dropdown","Value":"Wi-Fi 6E (802.11ax)","CategoryFeatureId":"269712","CategoryFeatureGroupID":"2066","SortNo":"80","PresentationValue":"Wi-Fi 6E (802.11ax)","RawValue":"Wi-Fi 6E (802.11ax)","LocalValue":"Wi-Fi 6E (802.11ax)","Description":"Connection of this device is done via Wi-Fi in a high standard.","Mandatory":"0","Searchable":"0","Optional":"0","Feature":{"ID":"24993","Sign":"","Measure":{"ID":"29","Sign":"","Signs":{"ID":"","_":"","Language":"EN"}},"Name":{"Value":"Top Wi-Fi standard","Language":"EN"}}},{"Localized":0,"ID":694511937,"LocalID":0,"Type":"y_n","Value":"Y","CategoryFeatureId":"33715","CategoryFeatureGroupID":"2066","SortNo":"50","PresentationValue":"Yes","RawValue":"Y","LocalValue":"Yes","Description":"Bluetooth is a low-power radio technology developed to replace the cables and wires currently used to link or connect electronic devices such as personal computers, printers, and a wide variety of handheld devices including mobile phones. Because it uses radio-wave connectivity, a Bluetooth-enabled device has a constant, established connection to whatever browser it uses. This saves the user the trouble of logging on to check for emails or news updates, for example.","Mandatory":"0","Searchable":"0","Optional":"0","Feature":{"ID":"2183","Sign":"","Measure":{"ID":"26","Sign":"","Signs":{"ID":"","_":"","Language":"EN"}},"Name":{"Value":"Bluetooth","Language":"EN"}}},{"Localized":0,"ID":694511872,"LocalID":0,"Type":"dropdown","Value":"5.3","CategoryFeatureId":"33716","CategoryFeatureGroupID":"2066","SortNo":"49","PresentationValue":"5.3","RawValue":"5.3","LocalValue":"5.3","Description":"The type of bluetooth technology in the product e.g. Bluetooth Smart (v4.0).","Mandatory":"0","Searchable":"0","Optional":"0","Feature":{"ID":"1208","Sign":"","Measure":{"ID":"29","Sign":"","Signs":{"ID":"","_":"","Language":"EN"}},"Name":{"Value":"Bluetooth version","Language":"EN"}}}]},{"ID":821,"SortNo":"70","FeatureGroup":{"ID":"12","Name":{"Value":"Ports & interfaces","Language":"EN"}},"Features":[{"Localized":0,"ID":694512246,"LocalID":0,"Type":"numerical","Value":"2","CategoryFeatureId":"138388","CategoryFeatureGroupID":"821","SortNo":"496","PresentationValue":"2","RawValue":"2","LocalValue":"2","Description":"Number of USB 3.1 (3.1 Gen 2) ports with Type-C connector. USB 3.1 (3.1 Gen 2) is USB interface version which supports transfer rate up to 10 Gbit/s (SuperSpeed+). USB Type-C connector has symmetrical design architecture and compatible with Thunderbolt 3 interface.","Mandatory":"1","Searchable":"0","Optional":"0","Feature":{"ID":"22704","Sign":"","Measure":{"ID":"29","Sign":"","Signs":{"ID":"","_":"","Language":"EN"}},"Name":{"Value":"USB 3.2 Gen 2 (3.1 Gen 2) Type-C ports quantity","Language":"EN"}}},{"Localized":0,"ID":694512280,"LocalID":0,"Type":"y_n","Value":"Y","CategoryFeatureId":"327758","CategoryFeatureGroupID":"821","SortNo":"492","PresentationValue":"Yes","RawValue":"Y","LocalValue":"Yes","Description":"","Mandatory":"0","Searchable":"0","Optional":"0","Feature":{"ID":"31406","Sign":"","Measure":{"ID":"26","Sign":"","Signs":{"ID":"","_":"","Language":"EN"}},"Name":{"Value":"USB Type-C DisplayPort Alternate Mode","Language":"EN"}}},{"Localized":0,"ID":694512329,"LocalID":0,"Type":"y_n","Value":"Y","CategoryFeatureId":"595923","CategoryFeatureGroupID":"821","SortNo":"481","PresentationValue":"Yes","RawValue":"Y","LocalValue":"Yes","Description":"","Mandatory":"0","Searchable":"0","Optional":"0","Feature":{"ID":"42405","Sign":"","Measure":{"ID":"26","Sign":"","Signs":{"ID":"","_":"","Language":"EN"}},"Name":{"Value":"Intel® Thunderbolt 4","Language":"EN"}}},{"Localized":0,"ID":694512322,"LocalID":0,"Type":"numerical","Value":"3","CategoryFeatureId":"805459","CategoryFeatureGroupID":"821","SortNo":"480","PresentationValue":"3","RawValue":"3","LocalValue":"3","Description":"","Mandatory":"0","Searchable":"0","Optional":"0","Feature":{"ID":"42349","Sign":"","Measure":{"ID":"29","Sign":"","Signs":{"ID":"","_":"","Language":"EN"}},"Name":{"Value":"Thunderbolt 4 ports quantity","Language":"EN"}}},{"Localized":0,"ID":694511989,"LocalID":0,"Type":"y_n","Value":"N","CategoryFeatureId":"15957","CategoryFeatureGroupID":"821","SortNo":"399","PresentationValue":"No","RawValue":"N","LocalValue":"No","Description":"Digital Visual Interface (DVI) is a video display interface to connect a video source to a display device, such as a computer monitor.","Mandatory":"0","Searchable":"0","Optional":"0","Feature":{"ID":"2319","Sign":"","Measure":{"ID":"26","Sign":"","Signs":{"ID":"","_":"","Language":"EN"}},"Name":{"Value":"DVI port","Language":"EN"}}},{"Localized":0,"ID":694512020,"LocalID":0,"Type":"numerical","Value":"1","CategoryFeatureId":"31178","CategoryFeatureGroupID":"821","SortNo":"398","PresentationValue":"1","RawValue":"1","LocalValue":"1","Description":"The number of sockets (ports) for HDMI connections. HDMI (High-Definition Multimedia Interface) is a compact audio/video interface for transferring uncompressed video data and compressed/uncompressed digital audio data from a HDMI-compliant device (\"the source device\") to a compatible computer monitor, video projector, digital television, or digital audio device. HDMI is a digital replacement for existing analog video standards.","Mandatory":"1","Searchable":"0","Optional":"0","Feature":{"ID":"3566","Sign":"","Measure":{"ID":"29","Sign":"","Signs":{"ID":"","_":"","Language":"EN"}},"Name":{"Value":"HDMI ports quantity","Language":"EN"}}},{"Localized":0,"ID":694511981,"LocalID":0,"Type":"numerical","Value":"1","CategoryFeatureId":"14590","CategoryFeatureGroupID":"821","SortNo":"340","PresentationValue":"1","RawValue":"1","LocalValue":"1","Description":"Number of Ethernet LAN (RJ-45) ports (connecting interfaces) in the device.  Ethernet LAN (RJ-45) ports allow a computer to connect to the ethernet.","Mandatory":"0","Searchable":"0","Optional":"0","Feature":{"ID":"2312","Sign":"","Measure":{"ID":"29","Sign":"","Signs":{"ID":"","_":"","Language":"EN"}},"Name":{"Value":"Ethernet LAN (RJ-45) ports","Language":"EN"}}},{"Localized":0,"ID":694511986,"LocalID":0,"Type":"numerical","Value":"1","CategoryFeatureId":"15773","CategoryFeatureGroupID":"821","SortNo":"99","PresentationValue":"1","RawValue":"1","LocalValue":"1","Description":"Number of sockets /ports where headphones are connected.","Mandatory":"0","Searchable":"0","Optional":"0","Feature":{"ID":"2313","Sign":"","Measure":{"ID":"29","Sign":"","Signs":{"ID":"","_":"","Language":"EN"}},"Name":{"Value":"Headphone outputs","Language":"EN"}}}]},{"ID":10928,"SortNo":"60","FeatureGroup":{"ID":"148","Name":{"Value":"Design","Language":"EN"}},"Features":[{"Localized":0,"ID":694511830,"LocalID":0,"Type":"dropdown","Value":"Mini PC","CategoryFeatureId":"2195","CategoryFeatureGroupID":"10928","SortNo":"600","PresentationValue":"Mini PC","RawValue":"Mini PC","LocalValue":"Mini PC","Description":"The type of rigid framework onto which is the hosuing for device components.","Mandatory":"1","Searchable":"0","Optional":"0","Feature":{"ID":"734","Sign":"","Measure":{"ID":"29","Sign":"","Signs":{"ID":"","_":"","Language":"EN"}},"Name":{"Value":"Chassis type","Language":"EN"}}},{"Localized":0,"ID":694511923,"LocalID":0,"Type":"dropdown","Value":"Silver","CategoryFeatureId":"28831","CategoryFeatureGroupID":"10928","SortNo":"1","PresentationValue":"Silver","RawValue":"Silver","LocalValue":"Silver","Description":"The colour e.g. red, blue, green, black, white.","Mandatory":"1","Searchable":"0","Optional":"0","Feature":{"ID":"1766","Sign":"","Measure":{"ID":"29","Sign":"","Signs":{"ID":"","_":"","Language":"EN"}},"Name":{"Value":"Product colour","Language":"EN"}}},{"Localized":0,"ID":694512060,"LocalID":0,"Type":"dropdown","Value":"Aluminium","CategoryFeatureId":"166991","CategoryFeatureGroupID":"10928","SortNo":"0","PresentationValue":"Aluminium","RawValue":"Aluminium","LocalValue":"Aluminium","Description":"What the casing of the product is made of.","Mandatory":"0","Searchable":"0","Optional":"0","Feature":{"ID":"5214","Sign":"","Measure":{"ID":"29","Sign":"","Signs":{"ID":"","_":"","Language":"EN"}},"Name":{"Value":"Housing material","Language":"EN"}}}]},{"ID":10929,"SortNo":"58","FeatureGroup":{"ID":"184","Name":{"Value":"Performance","Language":"EN"}},"Features":[{"Localized":0,"ID":694511996,"LocalID":0,"Type":"y_n","Value":"Y","CategoryFeatureId":"57203","CategoryFeatureGroupID":"10929","SortNo":"198","PresentationValue":"Yes","RawValue":"Y","LocalValue":"Yes","Description":"The device contains speaker(s) to produce sound.","Mandatory":"0","Searchable":"0","Optional":"0","Feature":{"ID":"2433","Sign":"","Measure":{"ID":"26","Sign":"","Signs":{"ID":"","_":"","Language":"EN"}},"Name":{"Value":"Built-in speaker(s)","Language":"EN"}}},{"Localized":0,"ID":694512142,"LocalID":0,"Type":"numerical","Value":"1","CategoryFeatureId":"207685","CategoryFeatureGroupID":"10929","SortNo":"197","PresentationValue":"1","RawValue":"1","LocalValue":"1","Description":"The quantity of speakers included in/with the product.","Mandatory":"0","Searchable":"0","Optional":"0","Feature":{"ID":"10183","Sign":"","Measure":{"ID":"29","Sign":"","Signs":{"ID":"","_":"","Language":"EN"}},"Name":{"Value":"Number of speakers","Language":"EN"}}},{"Localized":0,"ID":694512176,"LocalID":0,"Type":"dropdown","Value":"Mini PC (<= 3L)","CategoryFeatureId":"86787","CategoryFeatureGroupID":"10929","SortNo":"4","PresentationValue":"Mini PC","RawValue":"Mini PC (<= 3L)","LocalValue":"Mini PC","Description":"The sub-category of the product.","Mandatory":"1","Searchable":"1","Optional":"0","Feature":{"ID":"14052","Sign":"","Measure":{"ID":"29","Sign":"","Signs":{"ID":"","_":"","Language":"EN"}},"Name":{"Value":"Product type","Language":"EN"}}},{"Localized":0,"ID":694512201,"LocalID":0,"Type":"numerical","Value":"5","CategoryFeatureId":"931735","CategoryFeatureGroupID":"10929","SortNo":"0","PresentationValue":"5 dB","RawValue":"5","LocalValue":"5","Description":"","Mandatory":"0","Searchable":"0","Optional":"0","Feature":{"ID":"19328","Sign":"","Measure":{"ID":"76","Sign":"","Signs":{"ID":"59","_":"dB","Language":"EN"}},"Name":{"Value":"Sound pressure level","Language":"EN"}}}]},{"ID":3402,"SortNo":"56","FeatureGroup":{"ID":"90","Name":{"Value":"Software","Language":"EN"}},"Features":[{"Localized":0,"ID":694512002,"LocalID":0,"Type":"dropdown","Value":"macOS Sequoia","CategoryFeatureId":"20011","CategoryFeatureGroupID":"3402","SortNo":"601","PresentationValue":"macOS Sequoia","RawValue":"macOS Sequoia","LocalValue":"macOS Sequoia","Description":"Type of operating system on a device e.g. IOS on Apple devices, Android for mobile devices.","Mandatory":"1","Searchable":"1","Optional":"0","Feature":{"ID":"3233","Sign":"","Measure":{"ID":"29","Sign":"","Signs":{"ID":"","_":"","Language":"EN"}},"Name":{"Value":"Operating system installed","Language":"EN"}}},{"Localized":0,"ID":694511971,"LocalID":0,"Type":"text","Value":"App Store, Books, Calendar, Contacts, FaceTime, Find My, Freeform GarageBand, Home, iMovie, iPhone Mirroring, Keynote, Mail, Maps, Messages, Music, News, Notes, Numbers, Pages, Photo Booth, Photos, Podcasts, Preview, QuickTime Player, Reminders, Safari, Shortcuts, Stocks, Time Machine, TV, Voice Memos, Weather","CategoryFeatureId":"42612","CategoryFeatureGroupID":"3402","SortNo":"-3","PresentationValue":"App Store, Books, Calendar, Contacts, FaceTime, Find My, Freeform GarageBand, Home, iMovie, iPhone Mirroring, Keynote, Mail, Maps, Messages, Music, News, Notes, Numbers, Pages, Photo Booth, Photos, Podcasts, Preview, QuickTime Player, Reminders, Safari, Shortcuts, Stocks, Time Machine, TV, Voice Memos, Weather","RawValue":"App Store, Books, Calendar, Contacts, FaceTime, Find My, Freeform GarageBand, Home, iMovie, iPhone Mirroring, Keynote, Mail, Maps, Messages, Music, News, Notes, Numbers, Pages, Photo Booth, Photos, Podcasts, Preview, QuickTime Player, Reminders, Safari, Shortcuts, Stocks, Time Machine, TV, Voice Memos, Weather","LocalValue":"App Store, Books, Calendar, Contacts, FaceTime, Find My, Freeform GarageBand, Home, iMovie, iPhone Mirroring, Keynote, Mail, Maps, Messages, Music, News, Notes, Numbers, Pages, Photo Booth, Photos, Podcasts, Preview, QuickTime Player, Reminders, Safari, Shortcuts, Stocks, Time Machine, TV, Voice Memos, Weather","Description":"List of pre-installed software for the product; including manufacturer; coined name and modules where applicable; or generic descriptor","Mandatory":"0","Searchable":"0","Optional":"0","Feature":{"ID":"2253","Sign":"","Measure":{"ID":"29","Sign":"","Signs":{"ID":"","_":"","Language":"EN"}},"Name":{"Value":"Pre-installed software","Language":"EN"}}}]},{"ID":10386,"SortNo":"55","FeatureGroup":{"ID":"183","Name":{"Value":"Processor special features","Language":"EN"}},"Features":[{"Localized":0,"ID":694512410,"LocalID":0,"Type":"y_n","Value":"Y","CategoryFeatureId":"974086","CategoryFeatureGroupID":"10386","SortNo":"0","PresentationValue":"Yes","RawValue":"Y","LocalValue":"Yes","Description":"","Mandatory":"0","Searchable":"0","Optional":"0","Feature":{"ID":"47941","Sign":"","Measure":{"ID":"26","Sign":"","Signs":{"ID":"","_":"","Language":"EN"}},"Name":{"Value":"Video decode engine","Language":"EN"}}},{"Localized":0,"ID":694512414,"LocalID":0,"Type":"y_n","Value":"Y","CategoryFeatureId":"974087","CategoryFeatureGroupID":"10386","SortNo":"0","PresentationValue":"Yes","RawValue":"Y","LocalValue":"Yes","Description":"","Mandatory":"0","Searchable":"0","Optional":"0","Feature":{"ID":"47942","Sign":"","Measure":{"ID":"26","Sign":"","Signs":{"ID":"","_":"","Language":"EN"}},"Name":{"Value":"Video encode engine","Language":"EN"}}}]},{"ID":26494,"SortNo":"53","FeatureGroup":{"ID":"144","Name":{"Value":"Brand-specific features","Language":"EN"}},"Features":[{"Localized":0,"ID":694512364,"LocalID":0,"Type":"dropdown","Value":"Closed Captions,Reduce Motion,Switch Control,Voice Control,Zoom,Increase Contrast,Siri and Dictation,Text to Speech,VoiceOver","CategoryFeatureId":"974091","CategoryFeatureGroupID":"26494","SortNo":"0","PresentationValue":"Closed Captions, Reduce Motion, Switch Control, Voice Control, Zoom, Increase Contrast, Siri and Dictation, Text to Speech, VoiceOver","RawValue":"Closed Captions,Reduce Motion,Switch Control,Voice Control,Zoom,Increase Contrast,Siri and Dictation,Text to Speech,VoiceOver","LocalValue":"Closed Captions, Reduce Motion, Switch Control, Voice Control, Zoom, Increase Contrast, Siri and Dictation, Text to Speech, VoiceOver","Description":"","Mandatory":"0","Searchable":"0","Optional":"0","Feature":{"ID":"43091","Sign":"","Measure":{"ID":"29","Sign":"","Signs":{"ID":"","_":"","Language":"EN"}},"Name":{"Value":"Accessibility features","Language":"EN"}}}]},{"ID":1306,"SortNo":"30","FeatureGroup":{"ID":"27","Name":{"Value":"Power","Language":"EN"}},"Features":[{"Localized":0,"ID":694511880,"LocalID":0,"Type":"numerical","Value":"155","CategoryFeatureId":"3028","CategoryFeatureGroupID":"1306","SortNo":"10000","PresentationValue":"155 W","RawValue":"155","LocalValue":"155","Description":"The way in which the product is powered e.g. rechargeable battery, mains electricity connected via a plug and cable.","Mandatory":"1","Searchable":"0","Optional":"0","Feature":{"ID":"1242","Sign":"","Measure":{"ID":"44","Sign":"","Signs":{"ID":"28","_":"W","Language":"EN"}},"Name":{"Value":"Power supply","Language":"EN"}}},{"Localized":0,"ID":694511885,"LocalID":0,"Type":"alphanumeric","Value":"100 - 240","CategoryFeatureId":"3029","CategoryFeatureGroupID":"1306","SortNo":"414","PresentationValue":"100 - 240 V","RawValue":"100 - 240","LocalValue":"100 - 240","Description":"","Mandatory":"0","Searchable":"0","Optional":"0","Feature":{"ID":"1243","Sign":"","Measure":{"ID":"42","Sign":"","Signs":{"ID":"26","_":"V","Language":"EN"}},"Name":{"Value":"Power supply input voltage","Language":"EN"}}},{"Localized":0,"ID":694511888,"LocalID":0,"Type":"alphanumeric","Value":"50 - 60","CategoryFeatureId":"3030","CategoryFeatureGroupID":"1306","SortNo":"413","PresentationValue":"50 - 60 Hz","RawValue":"50 - 60","LocalValue":"50 - 60","Description":"The frequency of the electricity, usually measured in Hertz (Hz), which is supplied by the power supply. Mains electricity in many parts of the world is 50Hz.","Mandatory":"0","Searchable":"0","Optional":"0","Feature":{"ID":"1244","Sign":"","Measure":{"ID":"36","Sign":"","Signs":{"ID":"20","_":"Hz","Language":"EN"}},"Name":{"Value":"Power supply input frequency","Language":"EN"}}}]},{"ID":1307,"SortNo":"25","FeatureGroup":{"ID":"28","Name":{"Value":"Operational conditions","Language":"EN"}},"Features":[{"Localized":0,"ID":694511863,"LocalID":0,"Type":"range","Value":"10 - 35","CategoryFeatureId":"5561","CategoryFeatureGroupID":"1307","SortNo":"1200","PresentationValue":"10 - 35 °C","RawValue":"10 - 35","LocalValue":"10 - 35","Description":"The minimum and maximum temperatures at which the product can be safely operated.","Mandatory":"0","Searchable":"0","Optional":"0","Feature":{"ID":"1112","Sign":"","Measure":{"ID":"65","Sign":"","Signs":{"ID":"48","_":"°C","Language":"EN"}},"Name":{"Value":"Operating temperature (T-T)","Language":"EN"}}},{"Localized":0,"ID":694511836,"LocalID":0,"Type":"range","Value":"-40 - 70","CategoryFeatureId":"2205","CategoryFeatureGroupID":"1307","SortNo":"1199","PresentationValue":"-40 - 70 °C","RawValue":"-40 - 70","LocalValue":"-40 - 70","Description":"The minimum and maximum temperatures at which the product can be safely stored.","Mandatory":"0","Searchable":"0","Optional":"0","Feature":{"ID":"757","Sign":"","Measure":{"ID":"65","Sign":"","Signs":{"ID":"48","_":"°C","Language":"EN"}},"Name":{"Value":"Storage temperature (T-T)","Language":"EN"}}},{"Localized":0,"ID":694511825,"LocalID":0,"Type":"range","Value":"5 - 90","CategoryFeatureId":"2200","CategoryFeatureGroupID":"1307","SortNo":"999","PresentationValue":"5 - 90%","RawValue":"5 - 90","LocalValue":"5 - 90","Description":"","Mandatory":"0","Searchable":"0","Optional":"0","Feature":{"ID":"703","Sign":"","Measure":{"ID":"64","Sign":"","Signs":{"ID":"47","_":"%","Language":"EN"}},"Name":{"Value":"Operating relative humidity (H-H)","Language":"EN"}}},{"Localized":0,"ID":694511819,"LocalID":0,"Type":"range","Value":"0 - 5000","CategoryFeatureId":"2219","CategoryFeatureGroupID":"1307","SortNo":"47","PresentationValue":"0 - 5000 m","RawValue":"0 - 5000","LocalValue":"0 - 5000","Description":"","Mandatory":"0","Searchable":"0","Optional":"0","Feature":{"ID":"667","Sign":"","Measure":{"ID":"54","Sign":"","Signs":{"ID":"37","_":"m","Language":"EN"}},"Name":{"Value":"Operating altitude","Language":"EN"}}}]},{"ID":72247,"SortNo":"19","FeatureGroup":{"ID":"279","Name":{"Value":"Sustainability","Language":"EN"}},"Features":[{"Localized":0,"ID":694512334,"LocalID":0,"Type":"multi_dropdown","Value":"PVC/BFR,Mercury (element)","CategoryFeatureId":"623759","CategoryFeatureGroupID":"72247","SortNo":"0","PresentationValue":"PVC/BFR, Mercury","RawValue":"PVC/BFR,Mercury (element)","LocalValue":"PVC/BFR, Mercury","Description":"","Mandatory":"0","Searchable":"0","Optional":"0","Feature":{"ID":"42516","Sign":"","Measure":{"ID":"29","Sign":"","Signs":{"ID":"","_":"","Language":"EN"}},"Name":{"Value":"Doesn't contain","Language":"EN"}}}]},{"ID":1309,"SortNo":"10","FeatureGroup":{"ID":"14","Name":{"Value":"Weight & dimensions","Language":"EN"}},"Features":[{"Localized":0,"ID":694511913,"LocalID":0,"Type":"numerical","Value":"127","CategoryFeatureId":"6228","CategoryFeatureGroupID":"1309","SortNo":"55","PresentationValue":"127 mm","RawValue":"127","LocalValue":"127","Description":"The measurement or extent of something from side to side.","Mandatory":"1","Searchable":"0","Optional":"0","Feature":{"ID":"1649","Sign":"","Measure":{"ID":"24","Sign":"","Signs":{"ID":"3","_":"mm","Language":"EN"}},"Name":{"Value":"Width","Language":"EN"}}},{"Localized":0,"ID":694511916,"LocalID":0,"Type":"numerical","Value":"127","CategoryFeatureId":"6225","CategoryFeatureGroupID":"1309","SortNo":"54","PresentationValue":"127 mm","RawValue":"127","LocalValue":"127","Description":"The distance from the front to the back of something.","Mandatory":"1","Searchable":"0","Optional":"0","Feature":{"ID":"1650","Sign":"","Measure":{"ID":"24","Sign":"","Signs":{"ID":"3","_":"mm","Language":"EN"}},"Name":{"Value":"Depth","Language":"EN"}}},{"Localized":0,"ID":694511907,"LocalID":0,"Type":"numerical","Value":"50","CategoryFeatureId":"6226","CategoryFeatureGroupID":"1309","SortNo":"53","PresentationValue":"50 mm","RawValue":"50","LocalValue":"50","Description":"The measurement of the product from head to foot or from base to top.","Mandatory":"1","Searchable":"0","Optional":"0","Feature":{"ID":"1464","Sign":"","Measure":{"ID":"24","Sign":"","Signs":{"ID":"3","_":"mm","Language":"EN"}},"Name":{"Value":"Height","Language":"EN"}}},{"Localized":0,"ID":694511801,"LocalID":0,"Type":"numerical","Value":"670","CategoryFeatureId":"8718","CategoryFeatureGroupID":"1309","SortNo":"45","PresentationValue":"670 g","RawValue":"670","LocalValue":"670","Description":"Weight of the product without packaging (net weight). If possible, the net weight is given including standard accessories and supplies. Please note that sometimes the manufacturer leaves out the weight of accessories and/or supplies.","Mandatory":"1","Searchable":"0","Optional":"0","Feature":{"ID":"94","Sign":"","Measure":{"ID":"38","Sign":"","Signs":{"ID":"22","_":"g","Language":"EN"}},"Name":{"Value":"Weight","Language":"EN"}}}]},{"ID":9610,"SortNo":"3","FeatureGroup":{"ID":"116","Name":{"Value":"Packaging content","Language":"EN"}},"Features":[{"Localized":0,"ID":694511927,"LocalID":0,"Type":"multi_dropdown","Value":"AC","CategoryFeatureId":"83907","CategoryFeatureGroupID":"9610","SortNo":"300","PresentationValue":"AC","RawValue":"AC","LocalValue":"AC","Description":"","Mandatory":"0","Searchable":"0","Optional":"0","Feature":{"ID":"1830","Sign":"","Measure":{"ID":"29","Sign":"","Signs":{"ID":"","_":"","Language":"EN"}},"Name":{"Value":"Cables included","Language":"EN"}}},{"Localized":0,"ID":694512113,"LocalID":0,"Type":"numerical","Value":"1.8","CategoryFeatureId":"936605","CategoryFeatureGroupID":"9610","SortNo":"300","PresentationValue":"1.8 m","RawValue":"1.8","LocalValue":"1.8","Description":"","Mandatory":"0","Searchable":"0","Optional":"0","Feature":{"ID":"8164","Sign":"","Measure":{"ID":"54","Sign":"","Signs":{"ID":"37","_":"m","Language":"EN"}},"Name":{"Value":"Power cable length","Language":"EN"}}}]},{"ID":82594,"SortNo":"0","FeatureGroup":{"ID":"5","Name":{"Value":"Display","Language":"EN"}},"Features":[{"Localized":0,"ID":694511933,"LocalID":0,"Type":"y_n","Value":"N","CategoryFeatureId":"11391","CategoryFeatureGroupID":"82594","SortNo":"500","PresentationValue":"No","RawValue":"N","LocalValue":"No","Description":"This product includes a display.","Mandatory":"1","Searchable":"1","Optional":"0","Feature":{"ID":"2177","Sign":"","Measure":{"ID":"26","Sign":"","Signs":{"ID":"","_":"","Language":"EN"}},"Name":{"Value":"Display included","Language":"EN"}}}]},{"ID":6656,"SortNo":"-1000","FeatureGroup":{"ID":"146","Name":{"Value":"Other features","Language":"EN"}},"Features":[{"Localized":0,"ID":694511951,"LocalID":0,"Type":"multi_dropdown","Value":"AAC,ALAC,FLAC,MP3","CategoryFeatureId":"26010","CategoryFeatureGroupID":"6656","SortNo":"199","PresentationValue":"AAC, ALAC, FLAC, MP3","RawValue":"AAC,ALAC,FLAC,MP3","LocalValue":"AAC, ALAC, FLAC, MP3","Description":"The audio formats which this device or software can read/use e.g. MP3, MP4.","Mandatory":"0","Searchable":"0","Optional":"1","Feature":{"ID":"2224","Sign":"","Measure":{"ID":"29","Sign":"","Signs":{"ID":"","_":"","Language":"EN"}},"Name":{"Value":"Audio formats supported","Language":"EN"}}},{"Localized":0,"ID":694511958,"LocalID":0,"Type":"multi_dropdown","Value":"H.264,HEVC,ProRes,ProRes RAW","CategoryFeatureId":"974088","CategoryFeatureGroupID":"6656","SortNo":"150","PresentationValue":"H.264, HEVC, ProRes, ProRes RAW","RawValue":"H.264,HEVC,ProRes,ProRes RAW","LocalValue":"H.264, HEVC, ProRes, ProRes RAW","Description":"","Mandatory":"0","Searchable":"0","Optional":"0","Feature":{"ID":"2225","Sign":"","Measure":{"ID":"29","Sign":"","Signs":{"ID":"","_":"","Language":"EN"}},"Name":{"Value":"Video compression formats","Language":"EN"}}},{"Localized":0,"ID":694512085,"LocalID":0,"Type":"multi_dropdown","Value":"AVI,H.264,HEVC,ProRes","CategoryFeatureId":"974089","CategoryFeatureGroupID":"6656","SortNo":"145","PresentationValue":"AVI, H.264, HEVC, ProRes","RawValue":"AVI,H.264,HEVC,ProRes","LocalValue":"AVI, H.264, HEVC, ProRes","Description":"The type of video formats that can be used by this device.","Mandatory":"0","Searchable":"0","Optional":"0","Feature":{"ID":"6893","Sign":"","Measure":{"ID":"29","Sign":"","Signs":{"ID":"","_":"","Language":"EN"}},"Name":{"Value":"Video formats supported","Language":"EN"}}},{"Localized":0,"ID":694511965,"LocalID":0,"Type":"y_n","Value":"N","CategoryFeatureId":"21135","CategoryFeatureGroupID":"6656","SortNo":"103","PresentationValue":"No","RawValue":"N","LocalValue":"No","Description":"Device has an in-built TV tuner.","Mandatory":"0","Searchable":"0","Optional":"0","Feature":{"ID":"2252","Sign":"","Measure":{"ID":"26","Sign":"","Signs":{"ID":"","_":"","Language":"EN"}},"Name":{"Value":"TV tuner integrated","Language":"EN"}}},{"Localized":0,"ID":694511857,"LocalID":0,"Type":"y_n","Value":"N","CategoryFeatureId":"3755","CategoryFeatureGroupID":"6656","SortNo":"0","PresentationValue":"No","RawValue":"N","LocalValue":"No","Description":"Microphone that is found inside the product.","Mandatory":"0","Searchable":"0","Optional":"0","Feature":{"ID":"1025","Sign":"","Measure":{"ID":"26","Sign":"","Signs":{"ID":"","_":"","Language":"EN"}},"Name":{"Value":"Built-in microphone","Language":"EN"}}},{"Localized":0,"ID":694512107,"LocalID":0,"Type":"multi_dropdown","Value":"Dolby Atmos,Dolby Digital,Dolby Digital Plus","CategoryFeatureId":"57998","CategoryFeatureGroupID":"6656","SortNo":"0","PresentationValue":"Dolby Atmos, Dolby Digital, Dolby Digital Plus","RawValue":"Dolby Atmos,Dolby Digital,Dolby Digital Plus","LocalValue":"Dolby Atmos, Dolby Digital, Dolby Digital Plus","Description":"","Mandatory":"0","Searchable":"0","Optional":"1","Feature":{"ID":"8028","Sign":"","Measure":{"ID":"29","Sign":"","Signs":{"ID":"","_":"","Language":"EN"}},"Name":{"Value":"Dolby technologies","Language":"EN"}}},{"Localized":0,"ID":694512054,"LocalID":0,"Type":"dropdown","Value":"3.5 mm","CategoryFeatureId":"58002","CategoryFeatureGroupID":"6656","SortNo":"0","PresentationValue":"3.5 mm","RawValue":"3.5 mm","LocalValue":"3.5 mm","Description":"How headphones connect to a device e.g. wirelessly or via a cable and connector.","Mandatory":"0","Searchable":"0","Optional":"1","Feature":{"ID":"4163","Sign":"","Measure":{"ID":"29","Sign":"","Signs":{"ID":"","_":"","Language":"EN"}},"Name":{"Value":"Headphone connectivity","Language":"EN"}}},{"Localized":0,"ID":694512401,"LocalID":0,"Type":"numerical","Value":"1","CategoryFeatureId":"921176","CategoryFeatureGroupID":"6656","SortNo":"0","PresentationValue":"1 year(s)","RawValue":"1","LocalValue":"1","Description":"","Mandatory":"0","Searchable":"0","Optional":"0","Feature":{"ID":"45898","Sign":"","Measure":{"ID":"75","Sign":"","Signs":{"ID":"58","_":"year(s)","Language":"EN"}},"Name":{"Value":"Warranty period","Language":"EN"}}}]}],"FeatureLogos":[],"ReasonsToBuy":[{"ReasonToBuyID":"81428294","Value":"Introducing the far mightier, way tinier, all-new Mac mini. Five by five inches of pure power and purpose. Redesigned around Apple silicon to unleash the full speed and capabilities of M4 and M4 Pro chips. With a wide array of ports, now on the front and back. Mac mini is the definition of efficiency — and the first carbon neutral Mac. It truly is the little Mac that could.<br><br><br>1/20 the size yet up to 6x faster<br>compared with the top-selling PC desktop in its price range.3","HighPic":"https://inishop.com/img/bullets/123029744-6721ec2771bf4876276197.jpg","HighPicSize":"0","No":"1","Title":"Looks small. Lives large.","Language":"EN","Updated":"2024-10-30 09:19:52","Origin":"RTB","IsPrivate":"0"},{"ReasonToBuyID":"81428298","Value":"Putting this much power in such a small space took a whole new thermal architecture. Within Mac mini, air is guided to different levels of the system, and all of it flows through the foot. Combined with Apple silicon’s unmatched power efficiency, this allows Mac mini to breeze through intensive workloads at outrageous speeds. It’s calm, cool, and perfected.","HighPic":"https://inishop.com/img/bullets/123029744-6721ec27724eb282930303.jpg","HighPicSize":"0","No":"2","Title":"Built to chill.","Language":"EN","Updated":"2024-10-30 09:19:52","Origin":"RTB","IsPrivate":"0"},{"ReasonToBuyID":"81428301","Value":"Now with M4 and M4 Pro, Mac mini delivers tremendous performance and next-level AI capabilities. Both chips feature the world’s fastest CPU core, so everything feels snappy and fluid. Thanks to a powerful GPU with hardware-accelerated ray tracing, you’ll experience incredibly realistic game graphics and smooth 3D rendering. And an advanced Neural Engine runs on-device Apple Intelligence at blazing speed.<br><br><br>Hardware‑accelerated ray tracing for game-changing graphics.<br><br>Drives up to three displays.<br><br>World’s fastest CPU core for incredible responsiveness.","HighPic":"https://inishop.com/img/bullets/123029744-6721ec2772922599309391.jpg","HighPicSize":"0","No":"3","Title":"M4 and M4 Pro. Champion chips.","Language":"EN","Updated":"2024-10-30 09:19:52","Origin":"RTB","IsPrivate":"0"},{"ReasonToBuyID":"81428303","Value":"Apple Intelligence is the personal intelligence system that helps you write, express yourself, and get things done effortlessly. With groundbreaking privacy protections, it gives you peace of mind that no one else can access your data — not even Apple.<br><br>Writing Tools. Apple Intelligence can proofread your text and rewrite different versions until the tone and wording are just right, and summarize selected text with a click.<br><br>Image Playground. Create fun, original images based on a description, a concept, or even a person from your Photos library.<br><br>Natural language search in Photos. Search for photos and videos simply by describing what you’re looking for.","HighPic":"https://inishop.com/img/bullets/123029744-6721ec2772d56335894655.jpg","HighPicSize":"0","No":"4","Title":"Apple Intelligence. Brains. Supreme.","Language":"EN","Updated":"2024-10-30 09:19:52","Origin":"RTB","IsPrivate":"0"},{"ReasonToBuyID":"81428306","Value":"Apple Intelligence is designed to protect your privacy at every step. It’s integrated into the core of your Mac through on-device processing. So it’s aware of your personal information without collecting your personal information.<br><br>And with groundbreaking Private Cloud Compute, Apple Intelligence can draw on larger server-based models, running on Apple silicon, to handle more complex requests for you while protecting your privacy.","HighPic":"https://inishop.com/img/bullets/123029744-6721ec2773253513219316.jpg","HighPicSize":"0","No":"5","Title":"Great powers come with great privacy.","Language":"EN","Updated":"2024-10-30 09:19:52","Origin":"RTB","IsPrivate":"0"},{"ReasonToBuyID":"81428310","Value":"Mac mini comes loaded with incredible built-in apps, industry-leading privacy and security, and amazing features for work and play. And macOS brings more speed and responsiveness to all your go-to apps — from Microsoft Word, Excel, and Outlook to Slack and Adobe Photoshop.","HighPic":"https://inishop.com/img/bullets/123029744-6721ec27736fa946902976.jpg","HighPicSize":"0","No":"6","Title":"macOS. Let your apps fly.","Language":"EN","Updated":"2024-10-30 09:19:52","Origin":"RTB","IsPrivate":"0"},{"ReasonToBuyID":"81428313","Value":"When you use iPhone and Mac mini together, they work like magic. You can make and answer phone calls and text messages from your iPhone directly on your Mac, use your iPhone as a webcam or document scanner, and access your iPhone wirelessly with the iPhone Mirroring app in the Dock.","HighPic":"https://inishop.com/img/bullets/123029744-6721ec2774198394468795.jpg","HighPicSize":"0","No":"7","Title":"Mac + iPhone. One-two punch.","Language":"EN","Updated":"2024-10-30 09:19:52","Origin":"RTB","IsPrivate":"0"},{"ReasonToBuyID":"81428316","Value":"Mac mini is designed to pair perfectly with Studio Display, Magic Keyboard, and Magic Mouse. But it’s also ready to work with displays and accessories you already own. So you can mix, match, and make Mac mini yours.","HighPic":"https://inishop.com/img/bullets/123029744-6721ec2774612523175449.jpg","HighPicSize":"0","No":"8","Title":"Accessories. Plug and slay.","Language":"EN","Updated":"2024-10-30 09:19:52","Origin":"RTB","IsPrivate":"0"}],"Reviews":[],"ProductRelated":[{"ID":0,"CategoryID":222,"Preferred":0,"IcecatID":108517450,"ProductCode":"GB2730HSU-B5","ThumbPic":"","ProductName":"GB2730HSU-B5","Brand":"iiyama","BrandID":80,"ProductRelatedLocales":[{"ID":0,"Language":"EN","Preferred":0,"StartDate":"","EndDate":""}]},{"ID":0,"CategoryID":194,"Preferred":0,"IcecatID":91721280,"ProductCode":"920-010016","ThumbPic":"","ProductName":"K120 Black","Brand":"Logitech","BrandID":91,"ProductRelatedLocales":[{"ID":0,"Language":"EN","Preferred":0,"StartDate":"","EndDate":""}]},{"ID":0,"CategoryID":1637,"Preferred":0,"IcecatID":91320186,"ProductCode":"213727-02","ThumbPic":"","ProductName":"Voyager Focus 2 UC","Brand":"Poly","BrandID":30478,"ProductRelatedLocales":[{"ID":0,"Language":"EN","Preferred":0,"StartDate":"","EndDate":""}]},{"ID":0,"CategoryID":222,"Preferred":0,"IcecatID":89659625,"ProductCode":"243B9H/00","ThumbPic":"","ProductName":"243B9H/00","Brand":"Philips","BrandID":25,"ProductRelatedLocales":[{"ID":0,"Language":"EN","Preferred":0,"StartDate":"","EndDate":""}]},{"ID":0,"CategoryID":1637,"Preferred":0,"IcecatID":89419257,"ProductCode":"1000919","ThumbPic":"","ProductName":"ADAPT 160 USB-C II","Brand":"EPOS","BrandID":5606,"ProductRelatedLocales":[{"ID":0,"Language":"EN","Preferred":0,"StartDate":"","EndDate":""}]},{"ID":0,"CategoryID":1637,"Preferred":0,"IcecatID":79744208,"ProductCode":"209744-201","ThumbPic":"","ProductName":"Blackwire C3210","Brand":"Poly","BrandID":30478,"ProductRelatedLocales":[{"ID":0,"Language":"EN","Preferred":0,"StartDate":"","EndDate":""}]},{"ID":0,"CategoryID":222,"Preferred":0,"IcecatID":79024906,"ProductCode":"242B1H/00","ThumbPic":"","ProductName":"242B1H/00","Brand":"Philips","BrandID":25,"ProductRelatedLocales":[{"ID":0,"Language":"EN","Preferred":0,"StartDate":"","EndDate":""}]},{"ID":0,"CategoryID":222,"Preferred":0,"IcecatID":67917520,"ProductCode":"XB2474HS-B2","ThumbPic":"","ProductName":"XB2474HS-B2","Brand":"iiyama","BrandID":80,"ProductRelatedLocales":[{"ID":0,"Language":"EN","Preferred":0,"StartDate":"","EndDate":""}]},{"ID":0,"CategoryID":195,"Preferred":0,"IcecatID":59345544,"ProductCode":"910-005508","ThumbPic":"","ProductName":"M110 Silent","Brand":"Logitech","BrandID":91,"ProductRelatedLocales":[{"ID":0,"Language":"EN","Preferred":0,"StartDate":"","EndDate":""}]},{"ID":0,"CategoryID":222,"Preferred":0,"IcecatID":56814953,"ProductCode":"243V7QJABF/00","ThumbPic":"","ProductName":"Full HD LCD monitor 243V7QJABF/00","Brand":"Philips","BrandID":25,"ProductRelatedLocales":[{"ID":0,"Language":"EN","Preferred":0,"StartDate":"","EndDate":""}]},{"ID":0,"CategoryID":1637,"Preferred":0,"IcecatID":36759492,"ProductCode":"7599-832-109","ThumbPic":"","ProductName":"Jabra EVOLVE 75 MS","Brand":"Jabra","BrandID":196,"ProductRelatedLocales":[{"ID":0,"Language":"EN","Preferred":0,"StartDate":"","EndDate":""}]},{"ID":0,"CategoryID":577,"Preferred":0,"IcecatID":34566827,"ProductCode":"960-001106","ThumbPic":"","ProductName":"BRIO ULTRA HD PRO BUSINESS WEBCAM","Brand":"Logitech","BrandID":91,"ProductRelatedLocales":[{"ID":0,"Language":"EN","Preferred":0,"StartDate":"","EndDate":""}]},{"ID":0,"CategoryID":222,"Preferred":0,"IcecatID":33210190,"ProductCode":"XU2492HSU-B1","ThumbPic":"","ProductName":"XU2492HSU","Brand":"iiyama","BrandID":80,"ProductRelatedLocales":[{"ID":0,"Language":"EN","Preferred":0,"StartDate":"","EndDate":""}]},{"ID":0,"CategoryID":195,"Preferred":0,"IcecatID":32881490,"ProductCode":"910-004878","ThumbPic":"","ProductName":"M220 SILENT","Brand":"Logitech","BrandID":91,"ProductRelatedLocales":[{"ID":0,"Language":"EN","Preferred":0,"StartDate":"","EndDate":""}]},{"ID":0,"CategoryID":577,"Preferred":0,"IcecatID":32504230,"ProductCode":"960-001076","ThumbPic":"","ProductName":"C925e Business Webcam","Brand":"Logitech","BrandID":91,"ProductRelatedLocales":[{"ID":0,"Language":"EN","Preferred":0,"StartDate":"","EndDate":""}]},{"ID":0,"CategoryID":577,"Preferred":0,"IcecatID":31038491,"ProductCode":"960-001063","ThumbPic":"","ProductName":"C270 HD WEBCAM","Brand":"Logitech","BrandID":91,"ProductRelatedLocales":[{"ID":0,"Language":"EN","Preferred":0,"StartDate":"","EndDate":""}]},{"ID":0,"CategoryID":195,"Preferred":0,"IcecatID":25436976,"ProductCode":"K72452WW","ThumbPic":"","ProductName":"Pro Fit 2.4GHz Wireless Mobile Mouse - Black","Brand":"Kensington","BrandID":87,"ProductRelatedLocales":[{"ID":0,"Language":"EN","Preferred":0,"StartDate":"","EndDate":""}]},{"ID":0,"CategoryID":1637,"Preferred":0,"IcecatID":24686695,"ProductCode":"4999-823-109","ThumbPic":"","ProductName":"Jabra Evolve 20 MS Stereo","Brand":"Jabra","BrandID":196,"ProductRelatedLocales":[{"ID":0,"Language":"EN","Preferred":0,"StartDate":"","EndDate":""}]},{"ID":0,"CategoryID":1637,"Preferred":0,"IcecatID":24686693,"ProductCode":"4993-823-109","ThumbPic":"","ProductName":"Jabra EVOLVE 20 MS Mono","Brand":"Jabra","BrandID":196,"ProductRelatedLocales":[{"ID":0,"Language":"EN","Preferred":0,"StartDate":"","EndDate":""}]},{"ID":0,"CategoryID":195,"Preferred":0,"IcecatID":24350001,"ProductCode":"910-004287","ThumbPic":"","ProductName":"Wireless Mouse M280","Brand":"Logitech","BrandID":91,"ProductRelatedLocales":[{"ID":0,"Language":"EN","Preferred":0,"StartDate":"","EndDate":""}]},{"ID":0,"CategoryID":194,"Preferred":0,"IcecatID":20846887,"ProductCode":"JK-0800GB-2","ThumbPic":"","ProductName":"KC 1000 Corded Keyboard, Black, USB (QWERTY - UK)","Brand":"CHERRY","BrandID":220,"ProductRelatedLocales":[{"ID":0,"Language":"EN","Preferred":0,"StartDate":"","EndDate":""}]},{"ID":0,"CategoryID":194,"Preferred":0,"IcecatID":14809623,"ProductCode":"920-003986","ThumbPic":"","ProductName":"Wireless Combo MK330","Brand":"Logitech","BrandID":91,"ProductRelatedLocales":[{"ID":0,"Language":"EN","Preferred":0,"StartDate":"","EndDate":""}]},{"ID":0,"CategoryID":195,"Preferred":0,"IcecatID":7044307,"ProductCode":"K72356EU","ThumbPic":"","ProductName":"Mouse in a Box Wired","Brand":"Kensington","BrandID":87,"ProductRelatedLocales":[{"ID":0,"Language":"EN","Preferred":0,"StartDate":"","EndDate":""}]},{"ID":0,"CategoryID":195,"Preferred":0,"IcecatID":87115,"ProductCode":"64325","ThumbPic":"","ProductName":"Expert Mouse Wired Optical Trackball","Brand":"Kensington","BrandID":87,"ProductRelatedLocales":[{"ID":0,"Language":"EN","Preferred":0,"StartDate":"","EndDate":""}]}],"CatalogObjectCloud":{},"Variants":[],"ProductStory":[],"Dictionary":{"model_name":"Product name","desc":"Description","ean_code":"EAN/UPC code","flash360":"3D tour","demo_msg_part3":"If you don't have an Icecat account, please register here for free.","repairability_index":"Repairability index","zoom_panel_init":"Original size","cat_name":"Category","product_family":"Product family","back_to_top":"Back to top","zoom_panel_out":"Zoom out","specs":"Specs","eu_product_fiche":"EU Product Fiche","reviews_head_name":"Reviews","pdf_specs":"Product Brochure","zoom_panel_in":"Zoom in","html_content":"","release_date":"Release date","demo_msg_part1":"You are using now a Demo account. Please, use your own Icecat account","demo_insert_desc":"This is a demo of a seamless insert of an Icecat LIVE product data-sheet in your website. Imagine that this responsive data-sheet is included in the product page of your webshop.","pdf_url":"User manual","prod_code":"Product code","supplier_name":"Brand","video":"Video","reasons_to_buy":"Reasons to buy","marketing_text":"Description","options_head_name":"Options","product_series":"Product series","demo_msg_part2":"your Icecat login name","link_integrate_desk":"How to integrate Icecat LIVE JavaScript.","zoom_panel_dragg":"Mouse dragging","eu_energy_label":"EU Energy Label"},"DemoAccount":false}}