{"msg":"OK","data":{"GeneralInfo":{"IcecatId":122422974,"ReleaseDate":"","EndOfLifeDate":"","Title":"Apple Watch Series 10 GPS + Cellular 46mm Gold Titanium Case with Starlight Sport Band - S/M","TitleInfo":{"GeneratedIntTitle":"Apple Watch Series 10","GeneratedLocalTitle":{"Value":"Apple Watch Series 10 OLED Digital 416 x 496 pixels Touchscreen 4G Wi-Fi GPS (satellite)","Language":"EN"},"BrandLocalTitle":{"Value":"Apple Watch Series 10 GPS + Cellular 46mm Gold Titanium Case with Starlight Sport Band - S/M","Language":"EN"}},"Brand":"Apple","BrandID":"9","BrandLogo":"https://inishop.com/img/brand/thumb/9_d14b59ec69c0456b8775a7210bbba1e9.jpg","BrandInfo":{"BrandName":"Apple","BrandLocalName":"","BrandLogo":"https://inishop.com/img/brand/thumb/9_d14b59ec69c0456b8775a7210bbba1e9.jpg"},"ProductName":"Watch Series 10 GPS + Cellular 46mm Gold Titanium Case with Starlight Sport Band - S/M","ProductNameInfo":{"ProductIntName":"Watch Series 10","ProductLocalName":{"Value":"Watch Series 10 GPS + Cellular 46mm Gold Titanium Case with Starlight Sport Band - S/M","Language":"EN"}},"BrandPartCode":"MWYX3QN/A","GTIN":["0195949819551","195949819551"],"Category":{"CategoryID":"2647","Name":{"Value":"Smartwatches & Sport Watches","Language":"EN"}},"ProductFamily":{"ProductFamilyID":"67213","Value":"Watch","Language":"EN"},"ProductSeries":{"SeriesID":"8470","Value":"Series 10","Language":"EN"},"Description":{"ID":"96648028","LongDesc":"<b>Thinstant classic.</b>","LongProductName":"Watch Series 10, 46mm, Titanium, Always-On Retina, S10 SiP, Digital Crown, watchOS","MiddleDesc":"","Disclaimer":"","ManualPDFURL":"","ManualPDFSize":"0","LeafletPDFURL":"","PDFSize":"0","URL":"https://www.apple.com/apple-watch-series-10/","WarrantyInfo":"","Updated":"2024-09-10 14:41:15","Language":"EN"},"SummaryDescription":{"ShortSummaryDescription":"Apple Watch Series 10 GPS + Cellular 46mm Gold Titanium Case with Starlight Sport Band - S/M, OLED, Touchscreen, 64 GB, Wi-Fi, GPS (satellite), 41.7 g","LongSummaryDescription":"Apple Watch Series 10 GPS + Cellular 46mm Gold Titanium Case with Starlight Sport Band - S/M. Display technology: OLED, Display resolution: 416 x 496 pixels, Touchscreen. Flash memory: 64 GB. Wi-Fi. GPS (satellite). Weight: 41.7 g. Waterproof up to: 50 m, Band material: Rubber, Band colour: Beige, Band size: S/M. Operating system installed: watchOS 11"},"BulletPoints":{"BulletPointsId":"10129448","Language":"EN","Values":["The thinnest Apple Watch ever, with our biggest display","Get invaluable health insights, including new sleep apnea notifications coming this month","New depth and water temperature sensors for your aquatic adventures","Fastest-charging Apple Watch ever. 80% battery in 30 minutes","New ways to fine-tune your fitness experience, like customizing Activity rings to match your lifestyle"],"Updated":"2024-09-10 14:41:15"},"GeneratedBulletPoints":{"Language":"EN","Values":["Smartwatch Digital Touchscreen OLED","416 x 496 pixels 2000 cd/m²","Dust resistant, Water resistant, Waterproof IP6X Waterproof up to: 50 m","Built-in microphone Built-in speaker(s)","Heart rate monitor Accelerometer Gyroscope Activity tracker Apple Siri","4G GPS (satellite) BeiDou Galileo","Wi-Fi Bluetooth 5.3 Near Field Communication (NFC)","Built-in battery Lithium-Ion (Li-Ion) 36 h"]},"GTINs":[{"GTIN":"0195949819551","IsApproved":true},{"GTIN":"195949819551","IsApproved":true}]},"Image":{"HighPic":"https://inishop.com/img/gallery/439470327d966b49c84ac0631d070dce20dfe556.jpg","HighPicSize":"1762379","HighPicHeight":"4000","HighPicWidth":"4000","LowPic":"https://inishop.com/img/gallery_lows/944d0dfccc52b7bec5047dad43c00cacdf10fe2b.jpg","LowPicSize":"20743","LowPicHeight":"200","LowPicWidth":"200","Pic500x500":"https://inishop.com/img/gallery_mediums/712af59c111bc42f05ba996bfdef24991eda9370.jpg","Pic500x500Size":"98813","Pic500x500Height":"500","Pic500x500Width":"500","ThumbPic":"https://inishop.com/img/gallery_thumbs/e62a422f5456729185daf15d8e248e914f2de1fc.jpg","ThumbPicSize":"4249"},"Multimedia":[],"Gallery":[{"ID":"95248853","LowPic":"https://inishop.com/img/gallery_lows/944d0dfccc52b7bec5047dad43c00cacdf10fe2b.jpg","LowSize":"20743","LowHeight":"200","LowWidth":"200","ThumbPic":"https://inishop.com/img/gallery_thumbs/e62a422f5456729185daf15d8e248e914f2de1fc.jpg","ThumbPicSize":"4249","Pic":"https://inishop.com/img/gallery/439470327d966b49c84ac0631d070dce20dfe556.jpg","Size":"1762379","PicHeight":"4000","PicWidth":"4000","Pic500x500":"https://inishop.com/img/gallery_mediums/712af59c111bc42f05ba996bfdef24991eda9370.jpg","Pic500x500Size":"98813","Pic500x500Height":"500","Pic500x500Width":"500","No":"1","IsMain":"Y","Updated":"2024-09-10 14:41:16","IsPrivate":"0","Type":"ProductImage","Attributes":{"OriginalFileName":""}},{"ID":"95248854","LowPic":"https://inishop.com/img/gallery_lows/f50e124f51a121a8bb64dcb1b68626a162e35d7c.jpg","LowSize":"19653","LowHeight":"200","LowWidth":"200","ThumbPic":"https://inishop.com/img/gallery_thumbs/f1adc705e0a2badd69724fd20e5ae7257a4158cb.jpg","ThumbPicSize":"3581","Pic":"https://inishop.com/img/gallery/c32568dc857296b0f6f0095c3075163cf136f655.jpg","Size":"1757591","PicHeight":"4000","PicWidth":"4000","Pic500x500":"https://inishop.com/img/gallery_mediums/af2e4fd9d1339d0a66cb4cb3b5a83b997c34f44b.jpg","Pic500x500Size":"100669","Pic500x500Height":"500","Pic500x500Width":"500","No":"2","IsMain":"N","Updated":"2024-09-10 14:41:16","IsPrivate":"0","Type":"ProductImage","Attributes":{"OriginalFileName":""}},{"ID":"95248855","LowPic":"https://inishop.com/img/gallery_lows/3e38bbc5b69ad9aa34b7276de924e47727a1be2b.jpg","LowSize":"49318","LowHeight":"200","LowWidth":"200","ThumbPic":"https://inishop.com/img/gallery_thumbs/fb0d9af0a44e4fea19be9582ad616fd6b58a054d.jpg","ThumbPicSize":"9447","Pic":"https://inishop.com/img/gallery/7ad3d9ca53ca61f4fe41ebbe51632bdc06ec5777.jpg","Size":"5414717","PicHeight":"4000","PicWidth":"4000","Pic500x500":"https://inishop.com/img/gallery_mediums/a2ef7a226ca33c5f0b373bf188aad4b0e38abda7.jpg","Pic500x500Size":"237774","Pic500x500Height":"500","Pic500x500Width":"500","No":"3","IsMain":"N","Updated":"2024-09-10 14:41:16","IsPrivate":"0","Type":"LifestyleImage","Attributes":{"OriginalFileName":""}}],"FeaturesGroups":[{"ID":34566,"SortNo":"25","FeatureGroup":{"ID":"5","Name":{"Value":"Display","Language":"EN"}},"Features":[{"Localized":0,"ID":681825395,"LocalID":0,"Type":"dropdown","Value":"OLED","CategoryFeatureId":"99533","CategoryFeatureGroupID":"34566","SortNo":"150","PresentationValue":"OLED","RawValue":"OLED","LocalValue":"OLED","Description":"The technology used in the display e.g. plasma, LED.","Mandatory":"1","Searchable":"0","Optional":"0","Feature":{"ID":"9713","Sign":"","Measure":{"ID":"29","Sign":"","Signs":{"ID":"","_":"","Language":"EN"}},"Name":{"Value":"Display technology","Language":"EN"}}},{"Localized":0,"ID":681825210,"LocalID":0,"Type":"numerical","Value":"2000","CategoryFeatureId":"176254","CategoryFeatureGroupID":"34566","SortNo":"148","PresentationValue":"2000 cd/m²","RawValue":"2000","LocalValue":"2000","Description":"Brightness is the amount of radiating light emitted from the screen. The brightness rating is measured in candellas per square meter, commonly known as 'nits'.","Mandatory":"0","Searchable":"0","Optional":"0","Feature":{"ID":"1389","Sign":"","Measure":{"ID":"43","Sign":"","Signs":{"ID":"27","_":"cd/m²","Language":"EN"}},"Name":{"Value":"Display brightness","Language":"EN"}}},{"Localized":0,"ID":681825424,"LocalID":0,"Type":"numerical","Value":"326","CategoryFeatureId":"85347","CategoryFeatureGroupID":"34566","SortNo":"147","PresentationValue":"326 ppi","RawValue":"326","LocalValue":"326","Description":"","Mandatory":"0","Searchable":"0","Optional":"0","Feature":{"ID":"13246","Sign":"","Measure":{"ID":"243","Sign":"","Signs":{"ID":"14247","_":"ppi","Language":"EN"}},"Name":{"Value":"Pixel density","Language":"EN"}}},{"Localized":0,"ID":681825534,"LocalID":0,"Type":"y_n","Value":"Y","CategoryFeatureId":"317543","CategoryFeatureGroupID":"34566","SortNo":"145","PresentationValue":"Yes","RawValue":"Y","LocalValue":"Yes","Description":"","Mandatory":"0","Searchable":"0","Optional":"0","Feature":{"ID":"39552","Sign":"","Measure":{"ID":"26","Sign":"","Signs":{"ID":"","_":"","Language":"EN"}},"Name":{"Value":"Always-on display","Language":"EN"}}},{"Localized":0,"ID":681825374,"LocalID":0,"Type":"dropdown","Value":"Digital","CategoryFeatureId":"85325","CategoryFeatureGroupID":"34566","SortNo":"140","PresentationValue":"Digital","RawValue":"Digital","LocalValue":"Digital","Description":"Type of display (screen) e.g. LCD.","Mandatory":"1","Searchable":"1","Optional":"0","Feature":{"ID":"9104","Sign":"","Measure":{"ID":"29","Sign":"","Signs":{"ID":"","_":"","Language":"EN"}},"Name":{"Value":"Display type","Language":"EN"}}},{"Localized":0,"ID":681825216,"LocalID":0,"Type":"2d","Value":"416 x 496","CategoryFeatureId":"85332","CategoryFeatureGroupID":"34566","SortNo":"130","PresentationValue":"416 x 496 pixels","RawValue":"416 x 496","LocalValue":"416 x 496","Description":"The number of distinct pixels in each dimension that can be displayed. It is usually quoted as width × height, with the units in pixels: for example, \"1024 × 768\" means the width is 1024 pixels and the height is 768 pixels. The higher the number of pixels, the sharper the image.","Mandatory":"1","Searchable":"1","Optional":"0","Feature":{"ID":"1585","Sign":"","Measure":{"ID":"39","Sign":"","Signs":{"ID":"23","_":"pixels","Language":"EN"}},"Name":{"Value":"Display resolution","Language":"EN"}}},{"Localized":0,"ID":681825277,"LocalID":0,"Type":"y_n","Value":"Y","CategoryFeatureId":"85331","CategoryFeatureGroupID":"34566","SortNo":"129","PresentationValue":"Yes","RawValue":"Y","LocalValue":"Yes","Description":"A screen of a laptop, smartphone, etc., that responds to touch so you can control the interface using your fingers.","Mandatory":"1","Searchable":"1","Optional":"0","Feature":{"ID":"4963","Sign":"","Measure":{"ID":"26","Sign":"","Signs":{"ID":"","_":"","Language":"EN"}},"Name":{"Value":"Touchscreen","Language":"EN"}}},{"Localized":0,"ID":681825489,"LocalID":0,"Type":"y_n","Value":"Y","CategoryFeatureId":"270637","CategoryFeatureGroupID":"34566","SortNo":"95","PresentationValue":"Yes","RawValue":"Y","LocalValue":"Yes","Description":"","Mandatory":"0","Searchable":"0","Optional":"0","Feature":{"ID":"33690","Sign":"","Measure":{"ID":"26","Sign":"","Signs":{"ID":"","_":"","Language":"EN"}},"Name":{"Value":"Rounded display corners","Language":"EN"}}},{"Localized":0,"ID":681825329,"LocalID":0,"Type":"dropdown","Value":"Sapphire","CategoryFeatureId":"94704","CategoryFeatureGroupID":"34566","SortNo":"50","PresentationValue":"Sapphire","RawValue":"Sapphire","LocalValue":"Sapphire","Description":"The material from which the front of a watch is made e.g. mineral, crystal, plastic, resin, sapphire.","Mandatory":"0","Searchable":"0","Optional":"0","Feature":{"ID":"7610","Sign":"","Measure":{"ID":"29","Sign":"","Signs":{"ID":"","_":"","Language":"EN"}},"Name":{"Value":"Watch glass type","Language":"EN"}}}]},{"ID":16293,"SortNo":"20","FeatureGroup":{"ID":"148","Name":{"Value":"Design","Language":"EN"}},"Features":[{"Localized":0,"ID":681825319,"LocalID":0,"Type":"multi_dropdown","Value":"Rubber","CategoryFeatureId":"94551","CategoryFeatureGroupID":"16293","SortNo":"160","PresentationValue":"Rubber","RawValue":"Rubber","LocalValue":"Rubber","Description":"The type of substance the wristband is made of.","Mandatory":"1","Searchable":"0","Optional":"0","Feature":{"ID":"7605","Sign":"","Measure":{"ID":"29","Sign":"","Signs":{"ID":"","_":"","Language":"EN"}},"Name":{"Value":"Band material","Language":"EN"}}},{"Localized":0,"ID":681825438,"LocalID":0,"Type":"dropdown","Value":"S/M","CategoryFeatureId":"153739","CategoryFeatureGroupID":"16293","SortNo":"159","PresentationValue":"S/M","RawValue":"S/M","LocalValue":"S/M","Description":"","Mandatory":"1","Searchable":"0","Optional":"0","Feature":{"ID":"17542","Sign":"","Measure":{"ID":"29","Sign":"","Signs":{"ID":"","_":"","Language":"EN"}},"Name":{"Value":"Band size","Language":"EN"}}},{"Localized":0,"ID":681825388,"LocalID":0,"Type":"dropdown","Value":"Rectangular","CategoryFeatureId":"85327","CategoryFeatureGroupID":"16293","SortNo":"155","PresentationValue":"Rectangular","RawValue":"Rectangular","LocalValue":"Rectangular","Description":"The external form, contours, or outline of the product.","Mandatory":"1","Searchable":"0","Optional":"0","Feature":{"ID":"9397","Sign":"","Measure":{"ID":"29","Sign":"","Signs":{"ID":"","_":"","Language":"EN"}},"Name":{"Value":"Shape","Language":"EN"}}},{"Localized":0,"ID":681825371,"LocalID":0,"Type":"dropdown","Value":"Smartwatch","CategoryFeatureId":"891356","CategoryFeatureGroupID":"16293","SortNo":"150","PresentationValue":"Smartwatch","RawValue":"Smartwatch","LocalValue":"Smartwatch","Description":"Under which category can the device be positioned in the market, e.g. camera phone.","Mandatory":"1","Searchable":"1","Optional":"0","Feature":{"ID":"9021","Sign":"","Measure":{"ID":"29","Sign":"","Signs":{"ID":"","_":"","Language":"EN"}},"Name":{"Value":"Market positioning","Language":"EN"}}},{"Localized":0,"ID":681825570,"LocalID":0,"Type":"dropdown","Value":"46","CategoryFeatureId":"595046","CategoryFeatureGroupID":"16293","SortNo":"145","PresentationValue":"46 mm","RawValue":"46","LocalValue":"46","Description":"","Mandatory":"1","Searchable":"1","Optional":"0","Feature":{"ID":"42415","Sign":"","Measure":{"ID":"24","Sign":"","Signs":{"ID":"3","_":"mm","Language":"EN"}},"Name":{"Value":"Watch case size","Language":"EN"}}},{"Localized":0,"ID":681825575,"LocalID":0,"Type":"multi_dropdown","Value":"Gold","CategoryFeatureId":"595045","CategoryFeatureGroupID":"16293","SortNo":"90","PresentationValue":"Gold","RawValue":"Gold","LocalValue":"Gold","Description":"","Mandatory":"1","Searchable":"1","Optional":"0","Feature":{"ID":"42417","Sign":"","Measure":{"ID":"29","Sign":"","Signs":{"ID":"","_":"","Language":"EN"}},"Name":{"Value":"Watch case colour","Language":"EN"}}},{"Localized":0,"ID":681825580,"LocalID":0,"Type":"dropdown","Value":"Titanium","CategoryFeatureId":"595044","CategoryFeatureGroupID":"16293","SortNo":"89","PresentationValue":"Titanium","RawValue":"Titanium","LocalValue":"Titanium","Description":"","Mandatory":"1","Searchable":"1","Optional":"0","Feature":{"ID":"42418","Sign":"","Measure":{"ID":"29","Sign":"","Signs":{"ID":"","_":"","Language":"EN"}},"Name":{"Value":"Watch case material","Language":"EN"}}},{"Localized":0,"ID":681825414,"LocalID":0,"Type":"multi_dropdown","Value":"Beige","CategoryFeatureId":"85301","CategoryFeatureGroupID":"16293","SortNo":"80","PresentationValue":"Beige","RawValue":"Beige","LocalValue":"Beige","Description":"The colour of the band, also known as the strap, of watches etc.","Mandatory":"1","Searchable":"1","Optional":"0","Feature":{"ID":"11025","Sign":"","Measure":{"ID":"29","Sign":"","Signs":{"ID":"","_":"","Language":"EN"}},"Name":{"Value":"Band colour","Language":"EN"}}},{"Localized":0,"ID":681825345,"LocalID":0,"Type":"dropdown","Value":"Dust resistant,Water resistant,Waterproof","CategoryFeatureId":"94550","CategoryFeatureGroupID":"16293","SortNo":"0","PresentationValue":"Dust resistant, Water resistant, Waterproof","RawValue":"Dust resistant,Water resistant,Waterproof","LocalValue":"Dust resistant, Water resistant, Waterproof","Description":"Physical effects from which the product is protected e.g. water resistant, crash proof.","Mandatory":"0","Searchable":"0","Optional":"0","Feature":{"ID":"8072","Sign":"","Measure":{"ID":"29","Sign":"","Signs":{"ID":"","_":"","Language":"EN"}},"Name":{"Value":"Protection features","Language":"EN"}}},{"Localized":0,"ID":681825335,"LocalID":0,"Type":"dropdown","Value":"IP6X","CategoryFeatureId":"95621","CategoryFeatureGroupID":"16293","SortNo":"0","PresentationValue":"IP6X","RawValue":"IP6X","LocalValue":"IP6X","Description":"The IP code classifies and rates the degree of protection provided against the intrusion (including body parts such as hands and fingers), dust, accidental contact, and water by mechanical casings and electrical enclosures. It is published by the International Electrotechnical Commission (IEC). The digits (characteristic numerals) indicate conformity with the conditions summarized in the tables below. Where there is no protection rating with regard to one of the criteria, the digit is replaced with the letter X. an electrical socket rated IP22 is protected against insertion of fingers and will not be damaged or become unsafe during a specified test in which it is exposed to vertically or nearly vertically dripping water. Another example is the Sony Xperia Z Ultra, one of the first cellular phones to be IP-rated; it is rated at IP58 and marketed as \"dust resistant\" and can be \"immersed in 1.5 meter of freshwater for up to 30 minutes\".","Mandatory":"0","Searchable":"0","Optional":"0","Feature":{"ID":"7900","Sign":"","Measure":{"ID":"29","Sign":"","Signs":{"ID":"","_":"","Language":"EN"}},"Name":{"Value":"International Protection (IP) code","Language":"EN"}}},{"Localized":0,"ID":681825457,"LocalID":0,"Type":"y_n","Value":"Y","CategoryFeatureId":"140699","CategoryFeatureGroupID":"16293","SortNo":"0","PresentationValue":"Yes","RawValue":"Y","LocalValue":"Yes","Description":"","Mandatory":"0","Searchable":"0","Optional":"0","Feature":{"ID":"23080","Sign":"","Measure":{"ID":"26","Sign":"","Signs":{"ID":"","_":"","Language":"EN"}},"Name":{"Value":"Removable strap","Language":"EN"}}},{"Localized":0,"ID":681825521,"LocalID":0,"Type":"y_n","Value":"Y","CategoryFeatureId":"294711","CategoryFeatureGroupID":"16293","SortNo":"0","PresentationValue":"Yes","RawValue":"Y","LocalValue":"Yes","Description":"","Mandatory":"0","Searchable":"0","Optional":"0","Feature":{"ID":"37839","Sign":"","Measure":{"ID":"26","Sign":"","Signs":{"ID":"","_":"","Language":"EN"}},"Name":{"Value":"Magnetic charging connector","Language":"EN"}}},{"Localized":0,"ID":681825281,"LocalID":0,"Type":"numerical","Value":"50","CategoryFeatureId":"101561","CategoryFeatureGroupID":"16293","SortNo":"-7","PresentationValue":"50 m","RawValue":"50","LocalValue":"50","Description":"","Mandatory":"0","Searchable":"0","Optional":"0","Feature":{"ID":"5197","Sign":"","Measure":{"ID":"54","Sign":"","Signs":{"ID":"37","_":"m","Language":"EN"}},"Name":{"Value":"Waterproof up to","Language":"EN"}}}]},{"ID":34567,"SortNo":"20","FeatureGroup":{"ID":"184","Name":{"Value":"Performance","Language":"EN"}},"Features":[{"Localized":0,"ID":681825236,"LocalID":0,"Type":"y_n","Value":"N","CategoryFeatureId":"94697","CategoryFeatureGroupID":"34567","SortNo":"800","PresentationValue":"No","RawValue":"N","LocalValue":"No","Description":"Frequency-modulated (FM) radio gives the clearest reception of any radio band. When used with a headset, it delivers stereo-like sound.","Mandatory":"1","Searchable":"0","Optional":"0","Feature":{"ID":"2172","Sign":"","Measure":{"ID":"26","Sign":"","Signs":{"ID":"","_":"","Language":"EN"}},"Name":{"Value":"FM radio","Language":"EN"}}},{"Localized":0,"ID":681825367,"LocalID":0,"Type":"multi_dropdown","Value":"iOS","CategoryFeatureId":"85310","CategoryFeatureGroupID":"34567","SortNo":"600","PresentationValue":"iOS","RawValue":"iOS","LocalValue":"iOS","Description":"The operating systems e.g. Android, iOS, that can be used with the mobile device.","Mandatory":"0","Searchable":"0","Optional":"0","Feature":{"ID":"8956","Sign":"","Measure":{"ID":"29","Sign":"","Signs":{"ID":"","_":"","Language":"EN"}},"Name":{"Value":"Mobile operating systems supported","Language":"EN"}}},{"Localized":0,"ID":681825258,"LocalID":0,"Type":"dropdown","Value":"watchOS 11","CategoryFeatureId":"85311","CategoryFeatureGroupID":"34567","SortNo":"590","PresentationValue":"watchOS 11","RawValue":"watchOS 11","LocalValue":"watchOS 11","Description":"Type of operating system on a device e.g. IOS on Apple devices, Android for mobile devices.","Mandatory":"0","Searchable":"0","Optional":"0","Feature":{"ID":"3233","Sign":"","Measure":{"ID":"29","Sign":"","Signs":{"ID":"","_":"","Language":"EN"}},"Name":{"Value":"Operating system installed","Language":"EN"}}},{"Localized":0,"ID":681825308,"LocalID":0,"Type":"numerical","Value":"64","CategoryFeatureId":"85308","CategoryFeatureGroupID":"34567","SortNo":"490","PresentationValue":"64 GB","RawValue":"64","LocalValue":"64","Description":"","Mandatory":"0","Searchable":"0","Optional":"0","Feature":{"ID":"6791","Sign":"","Measure":{"ID":"20","Sign":"","Signs":{"ID":"7","_":"GB","Language":"EN"}},"Name":{"Value":"Flash memory","Language":"EN"}}},{"Localized":0,"ID":681825193,"LocalID":0,"Type":"dropdown","Value":"Apple","CategoryFeatureId":"85321","CategoryFeatureGroupID":"34567","SortNo":"450","PresentationValue":"Apple","RawValue":"Apple","LocalValue":"Apple","Description":"The manufacturer that produced the processor.","Mandatory":"0","Searchable":"0","Optional":"0","Feature":{"ID":"1013","Sign":"","Measure":{"ID":"29","Sign":"","Signs":{"ID":"","_":"","Language":"EN"}},"Name":{"Value":"Processor manufacturer","Language":"EN"}}},{"Localized":0,"ID":681825133,"LocalID":0,"Type":"dropdown","Value":"S10","CategoryFeatureId":"85323","CategoryFeatureGroupID":"34567","SortNo":"448","PresentationValue":"S10","RawValue":"S10","LocalValue":"S10","Description":"The model number for the processor in a computer.","Mandatory":"0","Searchable":"0","Optional":"0","Feature":{"ID":"47","Sign":"","Measure":{"ID":"29","Sign":"","Signs":{"ID":"","_":"","Language":"EN"}},"Name":{"Value":"Processor model","Language":"EN"}}},{"Localized":0,"ID":681825296,"LocalID":0,"Type":"numerical","Value":"2","CategoryFeatureId":"109757","CategoryFeatureGroupID":"34567","SortNo":"442","PresentationValue":"2","RawValue":"2","LocalValue":"2","Description":"The number of central processing units ('cores') in a processor. Some processors have 1 core, others have 2 (e.g. Intel Core Duo) or more (e.g. the Intel Xeon E7-2850 has 10 cores).","Mandatory":"0","Searchable":"0","Optional":"0","Feature":{"ID":"6089","Sign":"","Measure":{"ID":"29","Sign":"","Signs":{"ID":"","_":"","Language":"EN"}},"Name":{"Value":"Processor cores","Language":"EN"}}},{"Localized":0,"ID":681825286,"LocalID":0,"Type":"y_n","Value":"Y","CategoryFeatureId":"270638","CategoryFeatureGroupID":"34567","SortNo":"440","PresentationValue":"Yes","RawValue":"Y","LocalValue":"Yes","Description":"The use of processors that have datapath widths, integer size, and memory addresses widths of 64 bits (eight octets). In 2003 64-bit CPUs were introduced to the (previously 32-bit) mainstream personal computer arena in the form of the x86-64 and 64-bit PowerPC processor architectures and in 2012 even into the ARM architecture targeting smartphones and tablet computers, first sold on September 20, 2013 in the iPhone 5S powered by the ARMv8-A Apple A7 SoC.","Mandatory":"0","Searchable":"0","Optional":"0","Feature":{"ID":"6088","Sign":"","Measure":{"ID":"26","Sign":"","Signs":{"ID":"","_":"","Language":"EN"}},"Name":{"Value":"64-bit computing","Language":"EN"}}},{"Localized":0,"ID":681825444,"LocalID":0,"Type":"y_n","Value":"Y","CategoryFeatureId":"967677","CategoryFeatureGroupID":"34567","SortNo":"440","PresentationValue":"Yes","RawValue":"Y","LocalValue":"Yes","Description":"","Mandatory":"0","Searchable":"0","Optional":"0","Feature":{"ID":"17981","Sign":"","Measure":{"ID":"26","Sign":"","Signs":{"ID":"","_":"","Language":"EN"}},"Name":{"Value":"Coprocessor","Language":"EN"}}},{"Localized":0,"ID":681825452,"LocalID":0,"Type":"dropdown","Value":"Neural Engine","CategoryFeatureId":"967678","CategoryFeatureGroupID":"34567","SortNo":"439","PresentationValue":"Neural Engine","RawValue":"Neural Engine","LocalValue":"Neural Engine","Description":"","Mandatory":"0","Searchable":"0","Optional":"0","Feature":{"ID":"18116","Sign":"","Measure":{"ID":"29","Sign":"","Signs":{"ID":"","_":"","Language":"EN"}},"Name":{"Value":"Coprocessor model","Language":"EN"}}},{"Localized":0,"ID":681825447,"LocalID":0,"Type":"numerical","Value":"4","CategoryFeatureId":"967679","CategoryFeatureGroupID":"34567","SortNo":"438","PresentationValue":"4","RawValue":"4","LocalValue":"4","Description":"","Mandatory":"0","Searchable":"0","Optional":"0","Feature":{"ID":"17983","Sign":"","Measure":{"ID":"29","Sign":"","Signs":{"ID":"","_":"","Language":"EN"}},"Name":{"Value":"Coprocessor cores","Language":"EN"}}},{"Localized":0,"ID":681825200,"LocalID":0,"Type":"y_n","Value":"Y","CategoryFeatureId":"85355","CategoryFeatureGroupID":"34567","SortNo":"50","PresentationValue":"Yes","RawValue":"Y","LocalValue":"Yes","Description":"Microphone that is found inside the product.","Mandatory":"1","Searchable":"1","Optional":"0","Feature":{"ID":"1025","Sign":"","Measure":{"ID":"26","Sign":"","Signs":{"ID":"","_":"","Language":"EN"}},"Name":{"Value":"Built-in microphone","Language":"EN"}}},{"Localized":0,"ID":681825250,"LocalID":0,"Type":"y_n","Value":"Y","CategoryFeatureId":"85365","CategoryFeatureGroupID":"34567","SortNo":"45","PresentationValue":"Yes","RawValue":"Y","LocalValue":"Yes","Description":"The device contains speaker(s) to produce sound.","Mandatory":"1","Searchable":"1","Optional":"0","Feature":{"ID":"2433","Sign":"","Measure":{"ID":"26","Sign":"","Signs":{"ID":"","_":"","Language":"EN"}},"Name":{"Value":"Built-in speaker(s)","Language":"EN"}}},{"Localized":0,"ID":681825354,"LocalID":0,"Type":"y_n","Value":"N","CategoryFeatureId":"95509","CategoryFeatureGroupID":"34567","SortNo":"30","PresentationValue":"No","RawValue":"N","LocalValue":"No","Description":"The product has an integrated camera.","Mandatory":"1","Searchable":"1","Optional":"0","Feature":{"ID":"8074","Sign":"","Measure":{"ID":"26","Sign":"","Signs":{"ID":"","_":"","Language":"EN"}},"Name":{"Value":"Built-in camera","Language":"EN"}}},{"Localized":0,"ID":681825601,"LocalID":0,"Type":"y_n","Value":"Y","CategoryFeatureId":"926813","CategoryFeatureGroupID":"34567","SortNo":"5","PresentationValue":"Yes","RawValue":"Y","LocalValue":"Yes","Description":"","Mandatory":"0","Searchable":"0","Optional":"0","Feature":{"ID":"45953","Sign":"","Measure":{"ID":"26","Sign":"","Signs":{"ID":"","_":"","Language":"EN"}},"Name":{"Value":"Crash detection","Language":"EN"}}},{"Localized":0,"ID":681825542,"LocalID":0,"Type":"y_n","Value":"Y","CategoryFeatureId":"926814","CategoryFeatureGroupID":"34567","SortNo":"4","PresentationValue":"Yes","RawValue":"Y","LocalValue":"Yes","Description":"","Mandatory":"0","Searchable":"0","Optional":"0","Feature":{"ID":"39896","Sign":"","Measure":{"ID":"26","Sign":"","Signs":{"ID":"","_":"","Language":"EN"}},"Name":{"Value":"Fall detection","Language":"EN"}}},{"Localized":0,"ID":681825623,"LocalID":0,"Type":"y_n","Value":"Y","CategoryFeatureId":"967684","CategoryFeatureGroupID":"34567","SortNo":"0","PresentationValue":"Yes","RawValue":"Y","LocalValue":"Yes","Description":"","Mandatory":"0","Searchable":"0","Optional":"0","Feature":{"ID":"48322","Sign":"","Measure":{"ID":"26","Sign":"","Signs":{"ID":"","_":"","Language":"EN"}},"Name":{"Value":"Noise monitoring","Language":"EN"}}},{"Localized":0,"ID":681825626,"LocalID":0,"Type":"y_n","Value":"Y","CategoryFeatureId":"967685","CategoryFeatureGroupID":"34567","SortNo":"0","PresentationValue":"Yes","RawValue":"Y","LocalValue":"Yes","Description":"","Mandatory":"0","Searchable":"0","Optional":"0","Feature":{"ID":"48323","Sign":"","Measure":{"ID":"26","Sign":"","Signs":{"ID":"","_":"","Language":"EN"}},"Name":{"Value":"Backtrack","Language":"EN"}}}]},{"ID":26690,"SortNo":"12","FeatureGroup":{"ID":"185","Name":{"Value":"Features","Language":"EN"}},"Features":[{"Localized":0,"ID":681825301,"LocalID":0,"Type":"y_n","Value":"Y","CategoryFeatureId":"122840","CategoryFeatureGroupID":"26690","SortNo":"1000","PresentationValue":"Yes","RawValue":"Y","LocalValue":"Yes","Description":"","Mandatory":"1","Searchable":"0","Optional":"0","Feature":{"ID":"6702","Sign":"","Measure":{"ID":"26","Sign":"","Signs":{"ID":"","_":"","Language":"EN"}},"Name":{"Value":"Heart rate monitor","Language":"EN"}}},{"Localized":0,"ID":681825504,"LocalID":0,"Type":"multi_dropdown","Value":"Electrical,Optical","CategoryFeatureId":"270640","CategoryFeatureGroupID":"26690","SortNo":"997","PresentationValue":"Electrical, Optical","RawValue":"Electrical,Optical","LocalValue":"Electrical, Optical","Description":"","Mandatory":"0","Searchable":"0","Optional":"0","Feature":{"ID":"37164","Sign":"","Measure":{"ID":"29","Sign":"","Signs":{"ID":"","_":"","Language":"EN"}},"Name":{"Value":"Heart rate sensor type","Language":"EN"}}},{"Localized":0,"ID":681825617,"LocalID":0,"Type":"y_n","Value":"Y","CategoryFeatureId":"967680","CategoryFeatureGroupID":"26690","SortNo":"970","PresentationValue":"Yes","RawValue":"Y","LocalValue":"Yes","Description":"","Mandatory":"0","Searchable":"0","Optional":"0","Feature":{"ID":"48320","Sign":"","Measure":{"ID":"26","Sign":"","Signs":{"ID":"","_":"","Language":"EN"}},"Name":{"Value":"Depth gauge sensor","Language":"EN"}}},{"Localized":0,"ID":681825620,"LocalID":0,"Type":"y_n","Value":"Y","CategoryFeatureId":"967681","CategoryFeatureGroupID":"26690","SortNo":"969","PresentationValue":"Yes","RawValue":"Y","LocalValue":"Yes","Description":"","Mandatory":"0","Searchable":"0","Optional":"0","Feature":{"ID":"48321","Sign":"","Measure":{"ID":"26","Sign":"","Signs":{"ID":"","_":"","Language":"EN"}},"Name":{"Value":"Sleep apnea detection","Language":"EN"}}},{"Localized":0,"ID":681825399,"LocalID":0,"Type":"y_n","Value":"Y","CategoryFeatureId":"85349","CategoryFeatureGroupID":"26690","SortNo":"750","PresentationValue":"Yes","RawValue":"Y","LocalValue":"Yes","Description":"","Mandatory":"0","Searchable":"0","Optional":"0","Feature":{"ID":"9731","Sign":"","Measure":{"ID":"26","Sign":"","Signs":{"ID":"","_":"","Language":"EN"}},"Name":{"Value":"Accelerometer","Language":"EN"}}},{"Localized":0,"ID":681825402,"LocalID":0,"Type":"y_n","Value":"Y","CategoryFeatureId":"122839","CategoryFeatureGroupID":"26690","SortNo":"730","PresentationValue":"Yes","RawValue":"Y","LocalValue":"Yes","Description":"","Mandatory":"0","Searchable":"0","Optional":"0","Feature":{"ID":"9732","Sign":"","Measure":{"ID":"26","Sign":"","Signs":{"ID":"","_":"","Language":"EN"}},"Name":{"Value":"Gyroscope","Language":"EN"}}},{"Localized":0,"ID":681825492,"LocalID":0,"Type":"y_n","Value":"Y","CategoryFeatureId":"257982","CategoryFeatureGroupID":"26690","SortNo":"600","PresentationValue":"Yes","RawValue":"Y","LocalValue":"Yes","Description":"","Mandatory":"0","Searchable":"0","Optional":"0","Feature":{"ID":"36666","Sign":"","Measure":{"ID":"29","Sign":"","Signs":{"ID":"","_":"","Language":"EN"}},"Name":{"Value":"Activity tracker","Language":"EN"}}},{"Localized":0,"ID":681825473,"LocalID":0,"Type":"y_n","Value":"Y","CategoryFeatureId":"234762","CategoryFeatureGroupID":"26690","SortNo":"570","PresentationValue":"Yes","RawValue":"Y","LocalValue":"Yes","Description":"","Mandatory":"0","Searchable":"0","Optional":"0","Feature":{"ID":"26791","Sign":"","Measure":{"ID":"26","Sign":"","Signs":{"ID":"","_":"","Language":"EN"}},"Name":{"Value":"Quality of sleep","Language":"EN"}}},{"Localized":0,"ID":681825609,"LocalID":0,"Type":"y_n","Value":"Y","CategoryFeatureId":"940600","CategoryFeatureGroupID":"26690","SortNo":"15","PresentationValue":"Yes","RawValue":"Y","LocalValue":"Yes","Description":"","Mandatory":"0","Searchable":"0","Optional":"0","Feature":{"ID":"47127","Sign":"","Measure":{"ID":"26","Sign":"","Signs":{"ID":"","_":"","Language":"EN"}},"Name":{"Value":"Double tap gesture","Language":"EN"}}},{"Localized":0,"ID":681825613,"LocalID":0,"Type":"y_n","Value":"Y","CategoryFeatureId":"940602","CategoryFeatureGroupID":"26690","SortNo":"15","PresentationValue":"Yes","RawValue":"Y","LocalValue":"Yes","Description":"","Mandatory":"0","Searchable":"0","Optional":"0","Feature":{"ID":"47129","Sign":"","Measure":{"ID":"26","Sign":"","Signs":{"ID":"","_":"","Language":"EN"}},"Name":{"Value":"Irregular rhythm notifications","Language":"EN"}}},{"Localized":0,"ID":681825614,"LocalID":0,"Type":"y_n","Value":"Y","CategoryFeatureId":"940603","CategoryFeatureGroupID":"26690","SortNo":"15","PresentationValue":"Yes","RawValue":"Y","LocalValue":"Yes","Description":"","Mandatory":"0","Searchable":"0","Optional":"0","Feature":{"ID":"47130","Sign":"","Measure":{"ID":"26","Sign":"","Signs":{"ID":"","_":"","Language":"EN"}},"Name":{"Value":"Low cardio notifications","Language":"EN"}}},{"Localized":0,"ID":681825552,"LocalID":0,"Type":"y_n","Value":"Y","CategoryFeatureId":"712542","CategoryFeatureGroupID":"26690","SortNo":"9","PresentationValue":"Yes","RawValue":"Y","LocalValue":"Yes","Description":"","Mandatory":"0","Searchable":"0","Optional":"0","Feature":{"ID":"39897","Sign":"","Measure":{"ID":"26","Sign":"","Signs":{"ID":"","_":"","Language":"EN"}},"Name":{"Value":"SOS alert function","Language":"EN"}}},{"Localized":0,"ID":681825272,"LocalID":0,"Type":"multi_dropdown","Value":"Menstrual cycle,SOS","CategoryFeatureId":"85367","CategoryFeatureGroupID":"26690","SortNo":"2","PresentationValue":"Menstrual cycle, SOS","RawValue":"Menstrual cycle,SOS","LocalValue":"Menstrual cycle, SOS","Description":"You can use your device to manage your information and your time.","Mandatory":"0","Searchable":"0","Optional":"0","Feature":{"ID":"4277","Sign":"","Measure":{"ID":"29","Sign":"","Signs":{"ID":"","_":"","Language":"EN"}},"Name":{"Value":"Personal info management (PIM)","Language":"EN"}}},{"Localized":0,"ID":681825357,"LocalID":0,"Type":"y_n","Value":"Y","CategoryFeatureId":"122838","CategoryFeatureGroupID":"26690","SortNo":"0","PresentationValue":"Yes","RawValue":"Y","LocalValue":"Yes","Description":"","Mandatory":"0","Searchable":"0","Optional":"0","Feature":{"ID":"8720","Sign":"","Measure":{"ID":"26","Sign":"","Signs":{"ID":"","_":"","Language":"EN"}},"Name":{"Value":"Ambient light sensor","Language":"EN"}}},{"Localized":0,"ID":681825481,"LocalID":0,"Type":"dropdown","Value":"Apple Siri","CategoryFeatureId":"234756","CategoryFeatureGroupID":"26690","SortNo":"0","PresentationValue":"Apple Siri","RawValue":"Apple Siri","LocalValue":"Apple Siri","Description":"Depending on the make of the device, a different application is pre-installed that can understand voice commands and complete tasks for a user, e.g. Apple Siri, Amazon Alexa.","Mandatory":"0","Searchable":"0","Optional":"0","Feature":{"ID":"31445","Sign":"","Measure":{"ID":"29","Sign":"","Signs":{"ID":"","_":"","Language":"EN"}},"Name":{"Value":"Virtual assistant","Language":"EN"}}},{"Localized":0,"ID":681825509,"LocalID":0,"Type":"y_n","Value":"Y","CategoryFeatureId":"270641","CategoryFeatureGroupID":"26690","SortNo":"0","PresentationValue":"Yes","RawValue":"Y","LocalValue":"Yes","Description":"","Mandatory":"0","Searchable":"0","Optional":"0","Feature":{"ID":"37165","Sign":"","Measure":{"ID":"26","Sign":"","Signs":{"ID":"","_":"","Language":"EN"}},"Name":{"Value":"Haptic feedback","Language":"EN"}}},{"Localized":0,"ID":681825230,"LocalID":0,"Type":"y_n","Value":"Y","CategoryFeatureId":"317542","CategoryFeatureGroupID":"26690","SortNo":"0","PresentationValue":"Yes","RawValue":"Y","LocalValue":"Yes","Description":"Electronic instrument used for navigation that shows directions in a frame of reference (north, south, east, west) that is stationary relative to the surface of the earth.","Mandatory":"0","Searchable":"0","Optional":"0","Feature":{"ID":"1733","Sign":"","Measure":{"ID":"26","Sign":"","Signs":{"ID":"","_":"","Language":"EN"}},"Name":{"Value":"Electronic compass","Language":"EN"}}},{"Localized":0,"ID":681825594,"LocalID":0,"Type":"y_n","Value":"Y","CategoryFeatureId":"712540","CategoryFeatureGroupID":"26690","SortNo":"0","PresentationValue":"Yes","RawValue":"Y","LocalValue":"Yes","Description":"","Mandatory":"0","Searchable":"0","Optional":"0","Feature":{"ID":"43799","Sign":"","Measure":{"ID":"26","Sign":"","Signs":{"ID":"","_":"","Language":"EN"}},"Name":{"Value":"Skin temperature sensor","Language":"EN"}}},{"Localized":0,"ID":681825314,"LocalID":0,"Type":"y_n","Value":"Y","CategoryFeatureId":"926907","CategoryFeatureGroupID":"26690","SortNo":"0","PresentationValue":"Yes","RawValue":"Y","LocalValue":"Yes","Description":"","Mandatory":"0","Searchable":"0","Optional":"0","Feature":{"ID":"7512","Sign":"","Measure":{"ID":"26","Sign":"","Signs":{"ID":"","_":"","Language":"EN"}},"Name":{"Value":"Water temperature sensor","Language":"EN"}}},{"Localized":0,"ID":681825323,"LocalID":0,"Type":"y_n","Value":"Y","CategoryFeatureId":"186993","CategoryFeatureGroupID":"26690","SortNo":"-3","PresentationValue":"Yes","RawValue":"Y","LocalValue":"Yes","Description":"","Mandatory":"0","Searchable":"0","Optional":"0","Feature":{"ID":"7608","Sign":"","Measure":{"ID":"29","Sign":"","Signs":{"ID":"","_":"","Language":"EN"}},"Name":{"Value":"Altimeter","Language":"EN"}}}]},{"ID":10361,"SortNo":"10","FeatureGroup":{"ID":"35","Name":{"Value":"Network","Language":"EN"}},"Features":[{"Localized":0,"ID":681825469,"LocalID":0,"Type":"y_n","Value":"Y","CategoryFeatureId":"336994","CategoryFeatureGroupID":"10361","SortNo":"105","PresentationValue":"Yes","RawValue":"Y","LocalValue":"Yes","Description":"","Mandatory":"1","Searchable":"0","Optional":"0","Feature":{"ID":"24557","Sign":"","Measure":{"ID":"26","Sign":"","Signs":{"ID":"","_":"","Language":"EN"}},"Name":{"Value":"Mobile network connection","Language":"EN"}}},{"Localized":0,"ID":681825558,"LocalID":0,"Type":"dropdown","Value":"4G","CategoryFeatureId":"336995","CategoryFeatureGroupID":"10361","SortNo":"104","PresentationValue":"4G","RawValue":"4G","LocalValue":"4G","Description":"","Mandatory":"0","Searchable":"0","Optional":"0","Feature":{"ID":"40629","Sign":"","Measure":{"ID":"29","Sign":"","Signs":{"ID":"","_":"","Language":"EN"}},"Name":{"Value":"Mobile network generation","Language":"EN"}}},{"Localized":0,"ID":681825435,"LocalID":0,"Type":"dropdown","Value":"LTE","CategoryFeatureId":"217810","CategoryFeatureGroupID":"10361","SortNo":"98","PresentationValue":"LTE","RawValue":"LTE","LocalValue":"LTE","Description":"","Mandatory":"0","Searchable":"0","Optional":"0","Feature":{"ID":"16922","Sign":"","Measure":{"ID":"29","Sign":"","Signs":{"ID":"","_":"","Language":"EN"}},"Name":{"Value":"4G standard","Language":"EN"}}},{"Localized":0,"ID":681825264,"LocalID":0,"Type":"y_n","Value":"Y","CategoryFeatureId":"94693","CategoryFeatureGroupID":"10361","SortNo":"-130","PresentationValue":"Yes","RawValue":"Y","LocalValue":"Yes","Description":"Global Positioning System (GPS) is a space-based satellite navigation system that provides location and time information in all weather conditions, anywhere on or near the Earth where there is an unobstructed line of sight to four or more GPS satellites. The system provides critical capabilities to military, civil and commercial users around the world. It is maintained by the United States government and is freely accessible to anyone with a GPS receiver.","Mandatory":"0","Searchable":"0","Optional":"0","Feature":{"ID":"3329","Sign":"","Measure":{"ID":"26","Sign":"","Signs":{"ID":"","_":"","Language":"EN"}},"Name":{"Value":"GPS (satellite)","Language":"EN"}}},{"Localized":0,"ID":681825477,"LocalID":0,"Type":"y_n","Value":"Y","CategoryFeatureId":"591390","CategoryFeatureGroupID":"10361","SortNo":"-131","PresentationValue":"Yes","RawValue":"Y","LocalValue":"Yes","Description":"","Mandatory":"0","Searchable":"0","Optional":"0","Feature":{"ID":"28694","Sign":"","Measure":{"ID":"26","Sign":"","Signs":{"ID":"","_":"","Language":"EN"}},"Name":{"Value":"BeiDou","Language":"EN"}}},{"Localized":0,"ID":681825486,"LocalID":0,"Type":"y_n","Value":"Y","CategoryFeatureId":"270635","CategoryFeatureGroupID":"10361","SortNo":"-140","PresentationValue":"Yes","RawValue":"Y","LocalValue":"Yes","Description":"","Mandatory":"0","Searchable":"0","Optional":"0","Feature":{"ID":"33685","Sign":"","Measure":{"ID":"26","Sign":"","Signs":{"ID":"","_":"","Language":"EN"}},"Name":{"Value":"Galileo","Language":"EN"}}}]},{"ID":9989,"SortNo":"5","FeatureGroup":{"ID":"12","Name":{"Value":"Ports & interfaces","Language":"EN"}},"Features":[{"Localized":0,"ID":681825144,"LocalID":0,"Type":"multi_dropdown","Value":"Wi-Fi 4 (802.11n)","CategoryFeatureId":"122837","CategoryFeatureGroupID":"9989","SortNo":"10000049","PresentationValue":"Wi-Fi 4 (802.11n)","RawValue":"Wi-Fi 4 (802.11n)","LocalValue":"Wi-Fi 4 (802.11n)","Description":"The type of wireless local area network (LAN). It can be ad-hoc, where units in a network communicate peer-to-peer, or Infrastructure, where units communicate with each other via an access point  A LAN interconnects computers in a small area e.g. home, school or office.","Mandatory":"0","Searchable":"0","Optional":"0","Feature":{"ID":"432","Sign":"","Measure":{"ID":"29","Sign":"","Signs":{"ID":"","_":"","Language":"EN"}},"Name":{"Value":"Wi-Fi standards","Language":"EN"}}},{"Localized":0,"ID":681825244,"LocalID":0,"Type":"y_n","Value":"Y","CategoryFeatureId":"94696","CategoryFeatureGroupID":"9989","SortNo":"10000045","PresentationValue":"Yes","RawValue":"Y","LocalValue":"Yes","Description":"Bluetooth is a low-power radio technology developed to replace the cables and wires currently used to link or connect electronic devices such as personal computers, printers, and a wide variety of handheld devices including mobile phones. Because it uses radio-wave connectivity, a Bluetooth-enabled device has a constant, established connection to whatever browser it uses. This saves the user the trouble of logging on to check for emails or news updates, for example.","Mandatory":"0","Searchable":"0","Optional":"0","Feature":{"ID":"2183","Sign":"","Measure":{"ID":"26","Sign":"","Signs":{"ID":"","_":"","Language":"EN"}},"Name":{"Value":"Bluetooth","Language":"EN"}}},{"Localized":0,"ID":681825462,"LocalID":0,"Type":"y_n","Value":"N","CategoryFeatureId":"208481","CategoryFeatureGroupID":"9989","SortNo":"100079","PresentationValue":"No","RawValue":"N","LocalValue":"No","Description":"The device features a socket into which a USB cable can be plugged.","Mandatory":"1","Searchable":"1","Optional":"0","Feature":{"ID":"23798","Sign":"","Measure":{"ID":"26","Sign":"","Signs":{"ID":"","_":"","Language":"EN"}},"Name":{"Value":"USB port","Language":"EN"}}},{"Localized":0,"ID":681825406,"LocalID":0,"Type":"y_n","Value":"Y","CategoryFeatureId":"95622","CategoryFeatureGroupID":"9989","SortNo":"100","PresentationValue":"Yes","RawValue":"Y","LocalValue":"Yes","Description":"","Mandatory":"1","Searchable":"0","Optional":"0","Feature":{"ID":"10157","Sign":"","Measure":{"ID":"26","Sign":"","Signs":{"ID":"","_":"","Language":"EN"}},"Name":{"Value":"Near Field Communication (NFC)","Language":"EN"}}},{"Localized":0,"ID":681825260,"LocalID":0,"Type":"y_n","Value":"Y","CategoryFeatureId":"94698","CategoryFeatureGroupID":"9989","SortNo":"50","PresentationValue":"Yes","RawValue":"Y","LocalValue":"Yes","Description":"Popular technology that allows an electronic device to exchange data or connect to the internet wirelessly using radio waves.","Mandatory":"1","Searchable":"1","Optional":"0","Feature":{"ID":"3239","Sign":"","Measure":{"ID":"26","Sign":"","Signs":{"ID":"","_":"","Language":"EN"}},"Name":{"Value":"Wi-Fi","Language":"EN"}}},{"Localized":0,"ID":681825207,"LocalID":0,"Type":"dropdown","Value":"5.3","CategoryFeatureId":"85356","CategoryFeatureGroupID":"9989","SortNo":"45","PresentationValue":"5.3","RawValue":"5.3","LocalValue":"5.3","Description":"The type of bluetooth technology in the product e.g. Bluetooth Smart (v4.0).","Mandatory":"1","Searchable":"1","Optional":"0","Feature":{"ID":"1208","Sign":"","Measure":{"ID":"29","Sign":"","Signs":{"ID":"","_":"","Language":"EN"}},"Name":{"Value":"Bluetooth version","Language":"EN"}}},{"Localized":0,"ID":681825265,"LocalID":0,"Type":"dropdown","Value":"Bluetooth","CategoryFeatureId":"85350","CategoryFeatureGroupID":"9989","SortNo":"25","PresentationValue":"Bluetooth","RawValue":"Bluetooth","LocalValue":"Bluetooth","Description":"How headphones connect to a device e.g. wirelessly or via a cable and connector.","Mandatory":"1","Searchable":"0","Optional":"0","Feature":{"ID":"4163","Sign":"","Measure":{"ID":"29","Sign":"","Signs":{"ID":"","_":"","Language":"EN"}},"Name":{"Value":"Headphone connectivity","Language":"EN"}}}]},{"ID":9984,"SortNo":"4","FeatureGroup":{"ID":"27","Name":{"Value":"Power","Language":"EN"}},"Features":[{"Localized":0,"ID":681825173,"LocalID":0,"Type":"dropdown","Value":"Built-in battery","CategoryFeatureId":"319967","CategoryFeatureGroupID":"9984","SortNo":"105","PresentationValue":"Built-in battery","RawValue":"Built-in battery","LocalValue":"Built-in battery","Description":"Description of battery supplied with the product, such battery form factor (e.g. AA/AAA).","Mandatory":"1","Searchable":"0","Optional":"0","Feature":{"ID":"908","Sign":"","Measure":{"ID":"29","Sign":"","Signs":{"ID":"","_":"","Language":"EN"}},"Name":{"Value":"Battery type","Language":"EN"}}},{"Localized":0,"ID":681825151,"LocalID":0,"Type":"dropdown","Value":"Lithium-Ion (Li-Ion)","CategoryFeatureId":"85333","CategoryFeatureGroupID":"9984","SortNo":"100","PresentationValue":"Lithium-Ion (Li-Ion)","RawValue":"Lithium-Ion (Li-Ion)","LocalValue":"Lithium-Ion (Li-Ion)","Description":"The type of battery in the device, e.g. nickel–cadmium (NiCd).","Mandatory":"1","Searchable":"0","Optional":"0","Feature":{"ID":"434","Sign":"","Measure":{"ID":"29","Sign":"","Signs":{"ID":"","_":"","Language":"EN"}},"Name":{"Value":"Battery technology","Language":"EN"}}},{"Localized":0,"ID":681825226,"LocalID":0,"Type":"numerical","Value":"36","CategoryFeatureId":"271071","CategoryFeatureGroupID":"9984","SortNo":"75","PresentationValue":"36 h","RawValue":"36","LocalValue":"36","Description":"Maximum battery life. Mobile Mark™ (2002) is the standard often used to benchmark battery life time.","Mandatory":"1","Searchable":"0","Optional":"0","Feature":{"ID":"1721","Sign":"","Measure":{"ID":"46","Sign":"","Signs":{"ID":"30","_":"h","Language":"EN"}},"Name":{"Value":"Battery life (max)","Language":"EN"}}},{"Localized":0,"ID":681825410,"LocalID":0,"Type":"numerical","Value":"18","CategoryFeatureId":"891361","CategoryFeatureGroupID":"9984","SortNo":"60","PresentationValue":"18 h","RawValue":"18","LocalValue":"18","Description":"The amount of time that the battery will last for.","Mandatory":"0","Searchable":"0","Optional":"0","Feature":{"ID":"10740","Sign":"","Measure":{"ID":"46","Sign":"","Signs":{"ID":"30","_":"h","Language":"EN"}},"Name":{"Value":"Battery life","Language":"EN"}}},{"Localized":0,"ID":681825417,"LocalID":0,"Type":"y_n","Value":"Y","CategoryFeatureId":"133476","CategoryFeatureGroupID":"9984","SortNo":"0","PresentationValue":"Yes","RawValue":"Y","LocalValue":"Yes","Description":"","Mandatory":"0","Searchable":"0","Optional":"0","Feature":{"ID":"12148","Sign":"","Measure":{"ID":"26","Sign":"","Signs":{"ID":"","_":"","Language":"EN"}},"Name":{"Value":"Wireless charging","Language":"EN"}}},{"Localized":0,"ID":681825526,"LocalID":0,"Type":"numerical","Value":"0.5","CategoryFeatureId":"295518","CategoryFeatureGroupID":"9984","SortNo":"0","PresentationValue":"0.5 h","RawValue":"0.5","LocalValue":"0.5","Description":"","Mandatory":"0","Searchable":"0","Optional":"0","Feature":{"ID":"37893","Sign":"","Measure":{"ID":"46","Sign":"","Signs":{"ID":"30","_":"h","Language":"EN"}},"Name":{"Value":"Battery recharge time\t(80%)","Language":"EN"}}}]},{"ID":14029,"SortNo":"2","FeatureGroup":{"ID":"28","Name":{"Value":"Operational conditions","Language":"EN"}},"Features":[{"Localized":0,"ID":681825205,"LocalID":0,"Type":"range","Value":"0 - 35","CategoryFeatureId":"129940","CategoryFeatureGroupID":"14029","SortNo":"20","PresentationValue":"0 - 35 °C","RawValue":"0 - 35","LocalValue":"0 - 35","Description":"The minimum and maximum temperatures at which the product can be safely operated.","Mandatory":"0","Searchable":"0","Optional":"0","Feature":{"ID":"1112","Sign":"","Measure":{"ID":"65","Sign":"","Signs":{"ID":"48","_":"°C","Language":"EN"}},"Name":{"Value":"Operating temperature (T-T)","Language":"EN"}}},{"Localized":0,"ID":681825170,"LocalID":0,"Type":"range","Value":"-20 - 45","CategoryFeatureId":"129941","CategoryFeatureGroupID":"14029","SortNo":"18","PresentationValue":"-20 - 45 °C","RawValue":"-20 - 45","LocalValue":"-20 - 45","Description":"The minimum and maximum temperatures at which the product can be safely stored.","Mandatory":"0","Searchable":"0","Optional":"0","Feature":{"ID":"757","Sign":"","Measure":{"ID":"65","Sign":"","Signs":{"ID":"48","_":"°C","Language":"EN"}},"Name":{"Value":"Storage temperature (T-T)","Language":"EN"}}},{"Localized":0,"ID":681825165,"LocalID":0,"Type":"range","Value":"5 - 90","CategoryFeatureId":"129942","CategoryFeatureGroupID":"14029","SortNo":"15","PresentationValue":"5 - 90%","RawValue":"5 - 90","LocalValue":"5 - 90","Description":"","Mandatory":"0","Searchable":"0","Optional":"0","Feature":{"ID":"703","Sign":"","Measure":{"ID":"64","Sign":"","Signs":{"ID":"47","_":"%","Language":"EN"}},"Name":{"Value":"Operating relative humidity (H-H)","Language":"EN"}}},{"Localized":0,"ID":681825157,"LocalID":0,"Type":"range","Value":"0 - 3000","CategoryFeatureId":"129944","CategoryFeatureGroupID":"14029","SortNo":"10","PresentationValue":"0 - 3000 m","RawValue":"0 - 3000","LocalValue":"0 - 3000","Description":"","Mandatory":"0","Searchable":"0","Optional":"0","Feature":{"ID":"667","Sign":"","Measure":{"ID":"54","Sign":"","Signs":{"ID":"37","_":"m","Language":"EN"}},"Name":{"Value":"Operating altitude","Language":"EN"}}}]},{"ID":9976,"SortNo":"-3","FeatureGroup":{"ID":"14","Name":{"Value":"Weight & dimensions","Language":"EN"}},"Features":[{"Localized":0,"ID":681825219,"LocalID":0,"Type":"numerical","Value":"39","CategoryFeatureId":"85294","CategoryFeatureGroupID":"9976","SortNo":"100","PresentationValue":"39 mm","RawValue":"39","LocalValue":"39","Description":"The measurement or extent of something from side to side.","Mandatory":"0","Searchable":"0","Optional":"0","Feature":{"ID":"1649","Sign":"","Measure":{"ID":"24","Sign":"","Signs":{"ID":"3","_":"mm","Language":"EN"}},"Name":{"Value":"Width","Language":"EN"}}},{"Localized":0,"ID":681825222,"LocalID":0,"Type":"numerical","Value":"46","CategoryFeatureId":"85299","CategoryFeatureGroupID":"9976","SortNo":"99","PresentationValue":"46 mm","RawValue":"46","LocalValue":"46","Description":"The distance from the front to the back of something.","Mandatory":"0","Searchable":"0","Optional":"0","Feature":{"ID":"1650","Sign":"","Measure":{"ID":"24","Sign":"","Signs":{"ID":"3","_":"mm","Language":"EN"}},"Name":{"Value":"Depth","Language":"EN"}}},{"Localized":0,"ID":681825254,"LocalID":0,"Type":"numerical","Value":"9.7","CategoryFeatureId":"85296","CategoryFeatureGroupID":"9976","SortNo":"95","PresentationValue":"9.7 mm","RawValue":"9.7","LocalValue":"9.7","Description":"The distance through an object, as distinct from width or height.","Mandatory":"0","Searchable":"0","Optional":"0","Feature":{"ID":"2757","Sign":"","Measure":{"ID":"24","Sign":"","Signs":{"ID":"3","_":"mm","Language":"EN"}},"Name":{"Value":"Thickness","Language":"EN"}}},{"Localized":0,"ID":681825136,"LocalID":0,"Type":"numerical","Value":"41.7","CategoryFeatureId":"85297","CategoryFeatureGroupID":"9976","SortNo":"94","PresentationValue":"41.7 g","RawValue":"41.7","LocalValue":"41.7","Description":"Weight of the product without packaging (net weight). If possible, the net weight is given including standard accessories and supplies. Please note that sometimes the manufacturer leaves out the weight of accessories and/or supplies.","Mandatory":"0","Searchable":"0","Optional":"0","Feature":{"ID":"94","Sign":"","Measure":{"ID":"38","Sign":"","Signs":{"ID":"22","_":"g","Language":"EN"}},"Name":{"Value":"Weight","Language":"EN"}}}]},{"ID":15273,"SortNo":"-5","FeatureGroup":{"ID":"116","Name":{"Value":"Packaging content","Language":"EN"}},"Features":[{"Localized":0,"ID":681825466,"LocalID":0,"Type":"y_n","Value":"Y","CategoryFeatureId":"191372","CategoryFeatureGroupID":"15273","SortNo":"0","PresentationValue":"Yes","RawValue":"Y","LocalValue":"Yes","Description":"","Mandatory":"0","Searchable":"0","Optional":"0","Feature":{"ID":"23815","Sign":"","Measure":{"ID":"26","Sign":"","Signs":{"ID":"","_":"","Language":"EN"}},"Name":{"Value":"Charger","Language":"EN"}}}]},{"ID":75914,"SortNo":"-8","FeatureGroup":{"ID":"279","Name":{"Value":"Sustainability","Language":"EN"}},"Features":[{"Localized":0,"ID":681825584,"LocalID":0,"Type":"multi_dropdown","Value":"CarbonNeutral","CategoryFeatureId":"604209","CategoryFeatureGroupID":"75914","SortNo":"0","PresentationValue":"CarbonNeutral","RawValue":"CarbonNeutral","LocalValue":"CarbonNeutral","Description":"","Mandatory":"0","Searchable":"0","Optional":"0","Feature":{"ID":"42513","Sign":"","Measure":{"ID":"29","Sign":"","Signs":{"ID":"","_":"","Language":"EN"}},"Name":{"Value":"Sustainability certificates","Language":"EN"}}},{"Localized":0,"ID":681825590,"LocalID":0,"Type":"multi_dropdown","Value":"Arsenic,BFR,Mercury (element),PVC","CategoryFeatureId":"624756","CategoryFeatureGroupID":"75914","SortNo":"0","PresentationValue":"Arsenic, BFR, Mercury, PVC","RawValue":"Arsenic,BFR,Mercury (element),PVC","LocalValue":"Arsenic, BFR, Mercury, PVC","Description":"","Mandatory":"0","Searchable":"0","Optional":"0","Feature":{"ID":"42516","Sign":"","Measure":{"ID":"29","Sign":"","Signs":{"ID":"","_":"","Language":"EN"}},"Name":{"Value":"Doesn't contain","Language":"EN"}}}]}],"FeatureLogos":[{"LogoPic":"https://inishop.com/img/feature_logo/639-9058.png","Width":"300","Height":"300","Size":"0","ThumbPic":"https://inishop.com/img/feature_logo_thumbs/639-9058.png","FeatureID":"42513","Value":"CarbonNeutral","KeyLogo":0,"Description":{"Value":"For many businesses, Carbon Neutral status is the first step to becoming sustainable. By becoming Carbon Neutral, businesses are telling their stakeholders that they want to raise awareness about climate change and support projects whose sole focus is to avoid or eliminate CO2e. Sustainable businesses are leading the way to a better future—economically, socially and environmentally. We provide a means to take that first step toward sustainability. Metrics that best describe how well your organization performs are not quarterly reports or even annual reports. The next generation of business leaders will measure and predict the long-term effects of their decisions in terms of environmental impact.","Language":"EN"}}],"ReasonsToBuy":[{"ReasonToBuyID":"80706560","Value":"Series 10 is a major milestone for Apple Watch. It features our biggest and most advanced display yet, showing more information onscreen than ever. With Apple’s first wide-angle OLED Display, the screen is brighter when viewed from an angle, making it easier to read with a quick glance.","HighPic":"https://inishop.com/img/bullets/122422974-66e03e6be13e9476424995.jpg","HighPicSize":"0","No":"1","Title":"Monumental display.","Language":"EN","Updated":"2024-09-10 14:41:16","Origin":"RTB","IsPrivate":"0"},{"ReasonToBuyID":"80706561","Value":"Series 10 is our thinnest watch ever. To make this possible, we re-engineered nearly every aspect of it, including the SiP, Digital Crown, speaker, front crystal, and antenna. It all comes together to create a watch that’s packed full of innovation.","HighPic":"https://inishop.com/img/bullets/122422974-66e03e6be19c4443038683.jpg","HighPicSize":"0","No":"2","Title":"Sleek form.","Language":"EN","Updated":"2024-09-10 14:41:16","Origin":"RTB","IsPrivate":"0"},{"ReasonToBuyID":"80706562","Value":"From sleep tracking to heart health notifications and much more, the advanced sensors in Series 10 help you better understand your health.","HighPic":"https://inishop.com/img/bullets/122422974-66e03e6be1e1d810498875.jpg","HighPicSize":"0","No":"3","Title":"Health insights for days. And nights.","Language":"EN","Updated":"2024-09-10 14:41:16","Origin":"RTB","IsPrivate":"0"},{"ReasonToBuyID":"80706566","Value":"The Activity app tracks your fitness goals and encourages you to close your Move, Exercise, and Stand rings every day. Now you can easily pause your Activity rings or adjust your goals for each day of the week.","HighPic":"https://inishop.com/img/bullets/122422974-66e03e6be225b344265897.jpg","HighPicSize":"0","No":"4","Title":"Run rings around your day.","Language":"EN","Updated":"2024-09-10 14:41:16","Origin":"RTB","IsPrivate":"0"},{"ReasonToBuyID":"80706574","Value":"The Oceanic+ app comes to Series 10 with fun, new snorkeling features. While underwater, you’ll be able to track your time, maximum depth, direction, and other metrics.","HighPic":"https://inishop.com/img/bullets/122422974-66e03e6be26c4197199499.jpg","HighPicSize":"0","No":"5","Title":"Your snorkeling buddy.","Language":"EN","Updated":"2024-09-10 14:41:16","Origin":"RTB","IsPrivate":"0"},{"ReasonToBuyID":"80706577","Value":"Stay connected to the people and things that you care about most. Cellular lets you keep in touch, even when you don’t have your iPhone nearby. And intelligent new features help you stay informed and on top of everything.","HighPic":"https://inishop.com/img/bullets/122422974-66e03e6be2b06810483741.jpg","HighPicSize":"0","No":"6","Title":"Intelligent ways to stay connected.","Language":"EN","Updated":"2024-09-10 14:41:16","Origin":"RTB","IsPrivate":"0"},{"ReasonToBuyID":"80706581","Value":"Life is full of the unexpected. That’s why Apple Watch is there to call for help when you need it most. And now it can let someone know when you’ve safely made it to a destination.","HighPic":"https://inishop.com/img/bullets/122422974-66e03e6be3083385832772.jpg","HighPicSize":"0","No":"7","Title":"Keep help close at hand.","Language":"EN","Updated":"2024-09-10 14:41:16","Origin":"RTB","IsPrivate":"0"},{"ReasonToBuyID":"80706587","Value":"The Smart Stack automatically shows relevant information throughout the day based on time, location, and more. Like if rain is coming. Live Activities can keep you updated on things like sports scores or your upcoming flight.","HighPic":"https://inishop.com/img/bullets/122422974-66e03e6be3ba2026692251.jpg","HighPicSize":"0","No":"8","Title":"Smarts that stack up.","Language":"EN","Updated":"2024-09-10 14:41:16","Origin":"RTB","IsPrivate":"0"},{"ReasonToBuyID":"80706591","Value":"Take a call from the trail. Return a text on your run. Cellular lets you leave your phone behind without missing a beat.","HighPic":"https://inishop.com/img/bullets/122422974-66e03e6be4053042922069.jpg","HighPicSize":"0","No":"9","Title":"Go without your phone.","Language":"EN","Updated":"2024-09-10 14:41:16","Origin":"RTB","IsPrivate":"0"},{"ReasonToBuyID":"80706603","Value":"Precision Finding directs you to your iPhone by showing you its distance and direction. When you get close, haptic feedback, an audible chirp, and a visual indicator help you zero in on it.","HighPic":"https://inishop.com/img/bullets/122422974-66e03e6be4638040852943.jpg","HighPicSize":"0","No":"10","Title":"No more hide and seek.","Language":"EN","Updated":"2024-09-10 14:41:16","Origin":"RTB","IsPrivate":"0"}],"Reviews":[],"ProductRelated":[],"CatalogObjectCloud":{},"Variants":[],"ProductStory":[],"Dictionary":{"model_name":"Product name","desc":"Description","ean_code":"EAN/UPC code","flash360":"3D tour","demo_msg_part3":"If you don't have an Icecat account, please register here for free.","repairability_index":"Repairability index","zoom_panel_init":"Original size","cat_name":"Category","product_family":"Product family","back_to_top":"Back to top","zoom_panel_out":"Zoom out","specs":"Specs","eu_product_fiche":"EU Product Fiche","reviews_head_name":"Reviews","pdf_specs":"Product Brochure","zoom_panel_in":"Zoom in","html_content":"","release_date":"Release date","demo_msg_part1":"You are using now a Demo account. Please, use your own Icecat account","demo_insert_desc":"This is a demo of a seamless insert of an Icecat LIVE product data-sheet in your website. Imagine that this responsive data-sheet is included in the product page of your webshop.","pdf_url":"User manual","prod_code":"Product code","supplier_name":"Brand","video":"Video","reasons_to_buy":"Reasons to buy","marketing_text":"Description","options_head_name":"Options","product_series":"Product series","demo_msg_part2":"your Icecat login name","link_integrate_desk":"How to integrate Icecat LIVE JavaScript.","zoom_panel_dragg":"Mouse dragging","eu_energy_label":"EU Energy Label"},"DemoAccount":false}}