{"msg":"OK","data":{"GeneralInfo":{"IcecatId":99728234,"ReleaseDate":"","EndOfLifeDate":"","Title":"Manuka Health Honey & Blackcurrant Lozenges","TitleInfo":{"GeneratedIntTitle":"Manuka Health MGO 400+ Honey & Blackcurrant cough medicine","GeneratedLocalTitle":{"Value":"Manuka Health MGO 400+ Honey & Blackcurrant cough medicine 100 g Internal use Adults","Language":"EN"},"BrandLocalTitle":{"Value":"Manuka Health Honey & Blackcurrant Lozenges","Language":"EN"}},"Brand":"Manuka Health","BrandID":"15279","BrandLogo":"","BrandInfo":{"BrandName":"Manuka Health","BrandLocalName":"","BrandLogo":""},"ProductName":"Honey & Blackcurrant Lozenges","ProductNameInfo":{"ProductIntName":"MGO 400+ Honey & Blackcurrant","ProductLocalName":{"Value":"Honey & Blackcurrant Lozenges","Language":"EN"}},"BrandPartCode":"WH95","GTIN":[],"Category":{"CategoryID":"5044","Name":{"Value":"Cough Medicines","Language":"EN"}},"ProductFamily":{},"ProductSeries":{"SeriesID":"1"},"Description":{"ID":"90479123","LongDesc":"The high quality and soothing Mānuka Honey Lozenges in Blackcurrant flavor from Manuka Health with valuable MGO 400+ Mānuka Honey with an MGO content of at least 400mg methylglyoxal per kg of honey from the nature of New Zealand and vitamin C.<br> <br>Benefit from the high and natural quality of our Mānuka Honey Lozenges. A delicious treat with currant flavor to strengthen your well-being even in the cold season.<br> <br>Mānuka Honey Lozenges Blackcurrant are free of artificial flavors and suitable for vegetarians.<br> <br>A delicious berry and honey sweet treat.<br> <br>Our MGO 400+ Mānuka Honey Lozenges, can be purchased directly in our online store.<br>","LongProductName":"MGO 400+ Honey & Blackcurrant Lozenges 100 g","MiddleDesc":"","Disclaimer":"","ManualPDFURL":"","ManualPDFSize":"0","LeafletPDFURL":"","PDFSize":"0","URL":"https://manukahealth.shop/en/products/mgo-400-manuka-hustenbonbons-schwarze-johannisbeere?srsltid=AfmBOop7TCYUnmfm7o1EIJnwXRPESRcNWyoDou18WC0WSzgbdejZEOEl","WarrantyInfo":"","Updated":"2025-09-09 11:42:07","Language":"EN"},"SummaryDescription":{"ShortSummaryDescription":"Manuka Health Honey & Blackcurrant Lozenges, Internal use, Adults, Lozenges, 100 g, 6 yr(s), Blackcurrant, Honey","LongSummaryDescription":"Manuka Health Honey & Blackcurrant Lozenges. Proper use: Internal use, Target audience: Adults, Dosage form: Lozenges. Package type: Box"},"BulletPoints":{"BulletPointsId":"7486648","Language":"EN","Values":["100% Natural Ingredients","No Artificial Flavours or Colours","Suitable for Vegetarians"],"Updated":"2023-03-16 01:39:04"},"GeneratedBulletPoints":{},"GTINs":[]},"Image":{"HighPic":"https://inishop.com/img/gallery/6abbb09c9cdfbed576fed193141a970825c8e7d4.jpg","HighPicSize":"252259","HighPicHeight":"800","HighPicWidth":"800","LowPic":"https://inishop.com/img/gallery_lows/845679e7a9199e26b3f2b4dc7196baa4cfa2bebc.jpg","LowPicSize":"27354","LowPicHeight":"200","LowPicWidth":"200","Pic500x500":"https://inishop.com/img/gallery_mediums/83a62d71d564c4b88de42d549f593e59c86ea651.jpg","Pic500x500Size":"121551","Pic500x500Height":"500","Pic500x500Width":"500","ThumbPic":"https://inishop.com/img/gallery_thumbs/cc6530824f3d499393bbc0ee6ac6209409773e1b.jpg","ThumbPicSize":"5325"},"Multimedia":[],"Gallery":[{"ID":"117095950","LowPic":"https://inishop.com/img/gallery_lows/845679e7a9199e26b3f2b4dc7196baa4cfa2bebc.jpg","LowSize":"27354","LowHeight":"200","LowWidth":"200","ThumbPic":"https://inishop.com/img/gallery_thumbs/cc6530824f3d499393bbc0ee6ac6209409773e1b.jpg","ThumbPicSize":"5325","Pic":"https://inishop.com/img/gallery/6abbb09c9cdfbed576fed193141a970825c8e7d4.jpg","Size":"252259","PicHeight":"800","PicWidth":"800","Pic500x500":"https://inishop.com/img/gallery_mediums/83a62d71d564c4b88de42d549f593e59c86ea651.jpg","Pic500x500Size":"121551","Pic500x500Height":"500","Pic500x500Width":"500","No":"2","IsMain":"Y","Updated":"2025-09-09 11:41:28","IsPrivate":"0","Type":"ProductImage","Attributes":{"OriginalFileName":""}},{"ID":"117095949","LowPic":"https://inishop.com/img/gallery_lows/4fab3d2a69b74eb15a81fbd396cba0cbcc5c49a7.jpg","LowSize":"18174","LowHeight":"200","LowWidth":"200","ThumbPic":"https://inishop.com/img/gallery_thumbs/e7f7b743273ec57601e23b2321b55e62bff88302.jpg","ThumbPicSize":"3694","Pic":"https://inishop.com/img/gallery/ce0a3bd73f5cef7a2254d917bd33f8737225343f.jpg","Size":"400720","PicHeight":"1200","PicWidth":"1200","Pic500x500":"https://inishop.com/img/gallery_mediums/71a31a104ede9f174a7e3ce0f4c1a7fcab201d83.jpg","Pic500x500Size":"87226","Pic500x500Height":"500","Pic500x500Width":"500","No":"3","IsMain":"N","Updated":"2025-09-09 11:41:28","IsPrivate":"0","Type":"ProductImage","Attributes":{"OriginalFileName":""}},{"ID":"117095953","LowPic":"https://inishop.com/img/gallery_lows/148f004897a07955eb32846623499d0f97feb732.jpg","LowSize":"13683","LowHeight":"200","LowWidth":"200","ThumbPic":"https://inishop.com/img/gallery_thumbs/f155e71cf2001059eb82589a5bbc27ff52737855.jpg","ThumbPicSize":"2925","Pic":"https://inishop.com/img/gallery/5cce5399ceee372e1231e747a7c4ef93176e5aa7.jpg","Size":"307439","PicHeight":"1200","PicWidth":"1200","Pic500x500":"https://inishop.com/img/gallery_mediums/845c0422872268b027ba9a9646add4d0d8381ff3.jpg","Pic500x500Size":"70358","Pic500x500Height":"500","Pic500x500Width":"500","No":"4","IsMain":"N","Updated":"2025-09-09 11:41:35","IsPrivate":"0","Type":"ProductImage","Attributes":{"OriginalFileName":""}},{"ID":"117095955","LowPic":"https://inishop.com/img/gallery_lows/b724d06aea2c770559139becb75d19111ca021af.jpg","LowSize":"10815","LowHeight":"200","LowWidth":"200","ThumbPic":"https://inishop.com/img/gallery_thumbs/5ed4150c3bd49530d14593d7ac9d67a277aacd0a.jpg","ThumbPicSize":"2731","Pic":"https://inishop.com/img/gallery/7a664db471babc5f1c781f7bfb0724062ddd9ff6.jpg","Size":"245990","PicHeight":"1200","PicWidth":"1200","Pic500x500":"https://inishop.com/img/gallery_mediums/c9ca5a34f602464eefaeea9eb4f7dc3f230bfc9d.jpg","Pic500x500Size":"51666","Pic500x500Height":"500","Pic500x500Width":"500","No":"5","IsMain":"N","Updated":"2025-09-09 11:41:46","IsPrivate":"0","Type":"ProductImage","Attributes":{"OriginalFileName":""}}],"FeaturesGroups":[{"ID":18224,"SortNo":"5","FeatureGroup":{"ID":"185","Name":{"Value":"Features","Language":"EN"}},"Features":[{"Localized":0,"ID":538178881,"LocalID":0,"Type":"numerical","Value":"100","CategoryFeatureId":"167794","CategoryFeatureGroupID":"18224","SortNo":"250","PresentationValue":"100 g","RawValue":"100","LocalValue":"100","Description":"Maximum amount that something can contain.","Mandatory":"0","Searchable":"0","Optional":"0","Feature":{"ID":"5255","Sign":"","Measure":{"ID":"38","Sign":"","Signs":{"ID":"22","_":"g","Language":"EN"}},"Name":{"Value":"Capacity","Language":"EN"}}},{"Localized":0,"ID":538178878,"LocalID":0,"Type":"dropdown","Value":"Internal use","CategoryFeatureId":"167782","CategoryFeatureGroupID":"18224","SortNo":"100","PresentationValue":"Internal use","RawValue":"Internal use","LocalValue":"Internal use","Description":"The intended application of the product.","Mandatory":"1","Searchable":"1","Optional":"0","Feature":{"ID":"2987","Sign":"","Measure":{"ID":"29","Sign":"","Signs":{"ID":"","_":"","Language":"EN"}},"Name":{"Value":"Proper use","Language":"EN"}}},{"Localized":0,"ID":538178879,"LocalID":0,"Type":"dropdown","Value":"Adults","CategoryFeatureId":"167784","CategoryFeatureGroupID":"18224","SortNo":"95","PresentationValue":"Adults","RawValue":"Adults","LocalValue":"Adults","Description":"","Mandatory":"1","Searchable":"1","Optional":"0","Feature":{"ID":"21228","Sign":"","Measure":{"ID":"29","Sign":"","Signs":{"ID":"","_":"","Language":"EN"}},"Name":{"Value":"Target audience","Language":"EN"}}},{"Localized":0,"ID":538178880,"LocalID":0,"Type":"dropdown","Value":"Lozenges","CategoryFeatureId":"167783","CategoryFeatureGroupID":"18224","SortNo":"90","PresentationValue":"Lozenges","RawValue":"Lozenges","LocalValue":"Lozenges","Description":"","Mandatory":"1","Searchable":"1","Optional":"0","Feature":{"ID":"25712","Sign":"","Measure":{"ID":"29","Sign":"","Signs":{"ID":"","_":"","Language":"EN"}},"Name":{"Value":"Dosage form","Language":"EN"}}},{"Localized":0,"ID":835851688,"LocalID":0,"Type":"numerical","Value":"6","CategoryFeatureId":"167786","CategoryFeatureGroupID":"18224","SortNo":"90","PresentationValue":"6 yr(s)","RawValue":"6","LocalValue":"6","Description":"The minimum age suitable for using this product.","Mandatory":"0","Searchable":"0","Optional":"0","Feature":{"ID":"7769","Sign":"","Measure":{"ID":"439","Sign":"","Signs":{"ID":"39428","_":"yr(s)","Language":"EN"}},"Name":{"Value":"Minimum age","Language":"EN"}}},{"Localized":0,"ID":538178882,"LocalID":0,"Type":"dropdown","Value":"Blackcurrant,Honey","CategoryFeatureId":"167796","CategoryFeatureGroupID":"18224","SortNo":"86","PresentationValue":"Blackcurrant, Honey","RawValue":"Blackcurrant,Honey","LocalValue":"Blackcurrant, Honey","Description":"","Mandatory":"0","Searchable":"0","Optional":"0","Feature":{"ID":"18005","Sign":"","Measure":{"ID":"29","Sign":"","Signs":{"ID":"","_":"","Language":"EN"}},"Name":{"Value":"Constitutive ingredients","Language":"EN"}}},{"Localized":0,"ID":538178883,"LocalID":0,"Type":"dropdown","Value":"Vitamin C","CategoryFeatureId":"167820","CategoryFeatureGroupID":"18224","SortNo":"86","PresentationValue":"Vitamin C","RawValue":"Vitamin C","LocalValue":"Vitamin C","Description":"","Mandatory":"0","Searchable":"0","Optional":"0","Feature":{"ID":"26607","Sign":"","Measure":{"ID":"29","Sign":"","Signs":{"ID":"","_":"","Language":"EN"}},"Name":{"Value":"Includes vitamins","Language":"EN"}}},{"Localized":0,"ID":538178884,"LocalID":0,"Type":"dropdown","Value":"Throat soothing","CategoryFeatureId":"309382","CategoryFeatureGroupID":"18224","SortNo":"85","PresentationValue":"Throat soothing","RawValue":"Throat soothing","LocalValue":"Throat soothing","Description":"","Mandatory":"0","Searchable":"0","Optional":"0","Feature":{"ID":"32454","Sign":"","Measure":{"ID":"29","Sign":"","Signs":{"ID":"","_":"","Language":"EN"}},"Name":{"Value":"Health effects","Language":"EN"}}},{"Localized":0,"ID":538178886,"LocalID":0,"Type":"textarea","Value":"Cane Sugar, Glucose, Manuka Honey (8%, 343mg), Water, Blackcurrant (Natural Flavour), Citric Acid, Black Carrot (Natural Colour), Vitamin C.","CategoryFeatureId":"167788","CategoryFeatureGroupID":"18224","SortNo":"-5","PresentationValue":"Cane Sugar, Glucose, Manuka Honey (8%, 343mg), Water, Blackcurrant (Natural Flavour), Citric Acid, Black Carrot (Natural Colour), Vitamin C.","RawValue":"Cane Sugar, Glucose, Manuka Honey (8%, 343mg), Water, Blackcurrant (Natural Flavour), Citric Acid, Black Carrot (Natural Colour), Vitamin C.","LocalValue":"Cane Sugar, Glucose, Manuka Honey (8%, 343mg), Water, Blackcurrant (Natural Flavour), Citric Acid, Black Carrot (Natural Colour), Vitamin C.","Description":"","Mandatory":"0","Searchable":"0","Optional":"0","Feature":{"ID":"16908","Sign":"","Measure":{"ID":"29","Sign":"","Signs":{"ID":"","_":"","Language":"EN"}},"Name":{"Value":"Ingredients","Language":"EN"}}}]},{"ID":18226,"SortNo":"1","FeatureGroup":{"ID":"67","Name":{"Value":"Packaging data","Language":"EN"}},"Features":[{"Localized":0,"ID":538178885,"LocalID":0,"Type":"dropdown","Value":"Box","CategoryFeatureId":"167802","CategoryFeatureGroupID":"18226","SortNo":"-15","PresentationValue":"Box","RawValue":"Box","LocalValue":"Box","Description":"The type of product package e.g. box.","Mandatory":"0","Searchable":"0","Optional":"0","Feature":{"ID":"4463","Sign":"","Measure":{"ID":"29","Sign":"","Signs":{"ID":"","_":"","Language":"EN"}},"Name":{"Value":"Package type","Language":"EN"}}}]}],"FeatureLogos":[],"ReasonsToBuy":[],"Reviews":[],"ProductRelated":[],"CatalogObjectCloud":{},"Variants":[],"ProductStory":[],"Dictionary":{"model_name":"Product name","desc":"Description","ean_code":"EAN/UPC code","flash360":"3D tour","demo_msg_part3":"If you don't have an Icecat account, please register here for free.","repairability_index":"Repairability index","zoom_panel_init":"Original size","cat_name":"Category","product_family":"Product family","back_to_top":"Back to top","zoom_panel_out":"Zoom out","specs":"Specs","eu_product_fiche":"EU Product Fiche","reviews_head_name":"Reviews","pdf_specs":"Product Brochure","zoom_panel_in":"Zoom in","html_content":"","release_date":"Release date","demo_msg_part1":"You are using now a Demo account. Please, use your own Icecat account","demo_insert_desc":"This is a demo of a seamless insert of an Icecat LIVE product data-sheet in your website. Imagine that this responsive data-sheet is included in the product page of your webshop.","pdf_url":"User manual","prod_code":"Product code","supplier_name":"Brand","video":"Video","reasons_to_buy":"Reasons to buy","marketing_text":"Description","options_head_name":"Options","product_series":"Product series","demo_msg_part2":"your Icecat login name","link_integrate_desk":"How to integrate Icecat LIVE JavaScript.","zoom_panel_dragg":"Mouse dragging","eu_energy_label":"EU Energy Label"},"DemoAccount":false}}