<?xml version="1.0" encoding="UTF-8"?>
<!DOCTYPE ICECAT-interface SYSTEM "https://data.icecat.biz/dtd/ICECAT-interface_response.dtd">
<!--source: Icecat.biz 2025-->
<!--Language ID: 1-->
<!--Version: v2-->
<ICECAT-interface xmlns:xsi="http://www.w3.org/2001/XMLSchema-instance" xsi:noNamespaceSchemaLocation="https://data.icecat.biz/xsd/ICECAT-interface_response.xsd">
 <Product Code="1" HighPic="https://inishop.com/img/gallery/101675427_2969496309.jpg" HighPicHeight="600" HighPicSize="53354" HighPicWidth="600" ID="101675427" LowPic="https://inishop.com/img/gallery_lows/101675427_2969496309.jpg" LowPicHeight="200" LowPicSize="22210" LowPicWidth="200" Name="Forerunner 255S" IntName="Forerunner 255S" LocalName="" Pic500x500="https://inishop.com/img/gallery_mediums/101675427_2969496309.jpg" Pic500x500Height="500" Pic500x500Size="86202" Pic500x500Width="500" Prod_id="010-02641-13" Quality="ICECAT" ReleaseDate="" ThumbPic="https://inishop.com/img/gallery_thumbs/101675427_2969496309.jpg" ThumbPicSize="5353" Title="Garmin Forerunner 255S 2.79 cm (1.1&quot;) MIP 41 mm Digital 218 x 218 pixels Pink GPS (satellite)" GeneratedIntTitle="Garmin Forerunner 255S" GeneratedLocalTitle="Garmin Forerunner 255S 2.79 cm (1.1&quot;) MIP 41 mm Digital 218 x 218 pixels Pink GPS (satellite)" BrandLocalTitle="">
  <CategoryFeatureGroup ID="34607" No="0">
   <FeatureGroup ID="0">
    <Name ID="5073" langid="1" Value="Technical details"/>
   </FeatureGroup>
  </CategoryFeatureGroup>
  <CategoryFeatureGroup ID="73962" No="20">
   <FeatureGroup ID="3">
    <Name ID="4863" langid="1" Value="Memory"/>
   </FeatureGroup>
  </CategoryFeatureGroup>
  <CategoryFeatureGroup ID="34566" No="25">
   <FeatureGroup ID="5">
    <Name ID="4867" langid="1" Value="Display"/>
   </FeatureGroup>
  </CategoryFeatureGroup>
  <CategoryFeatureGroup ID="9989" No="5">
   <FeatureGroup ID="12">
    <Name ID="4995" langid="1" Value="Ports &amp; interfaces"/>
   </FeatureGroup>
  </CategoryFeatureGroup>
  <CategoryFeatureGroup ID="9976" No="-3">
   <FeatureGroup ID="14">
    <Name ID="5023" langid="1" Value="Weight &amp; dimensions"/>
   </FeatureGroup>
  </CategoryFeatureGroup>
  <CategoryFeatureGroup ID="9984" No="4">
   <FeatureGroup ID="27">
    <Name ID="5049" langid="1" Value="Power"/>
   </FeatureGroup>
  </CategoryFeatureGroup>
  <CategoryFeatureGroup ID="14029" No="2">
   <FeatureGroup ID="28">
    <Name ID="5067" langid="1" Value="Operational conditions"/>
   </FeatureGroup>
  </CategoryFeatureGroup>
  <CategoryFeatureGroup ID="10361" No="10">
   <FeatureGroup ID="35">
    <Name ID="5167" langid="1" Value="Network"/>
   </FeatureGroup>
  </CategoryFeatureGroup>
  <CategoryFeatureGroup ID="9985" No="-4">
   <FeatureGroup ID="67">
    <Name ID="27423" langid="1" Value="Packaging data"/>
   </FeatureGroup>
  </CategoryFeatureGroup>
  <CategoryFeatureGroup ID="41600" No="0">
   <FeatureGroup ID="76">
    <Name ID="28540" langid="1" Value="Certificates"/>
   </FeatureGroup>
  </CategoryFeatureGroup>
  <CategoryFeatureGroup ID="73961" No="0">
   <FeatureGroup ID="90">
    <Name ID="30562" langid="1" Value="Software"/>
   </FeatureGroup>
  </CategoryFeatureGroup>
  <CategoryFeatureGroup ID="15273" No="-5">
   <FeatureGroup ID="116">
    <Name ID="78852" langid="1" Value="Packaging content"/>
   </FeatureGroup>
  </CategoryFeatureGroup>
  <CategoryFeatureGroup ID="53656" No="0">
   <FeatureGroup ID="143">
    <Name ID="618812" langid="1" Value="Battery"/>
   </FeatureGroup>
  </CategoryFeatureGroup>
  <CategoryFeatureGroup ID="34569" No="0">
   <FeatureGroup ID="146">
    <Name ID="624346" langid="1" Value="Other features"/>
   </FeatureGroup>
  </CategoryFeatureGroup>
  <CategoryFeatureGroup ID="16293" No="20">
   <FeatureGroup ID="148">
    <Name ID="630457" langid="1" Value="Design"/>
   </FeatureGroup>
  </CategoryFeatureGroup>
  <CategoryFeatureGroup ID="34567" No="20">
   <FeatureGroup ID="184">
    <Name ID="1218765" langid="1" Value="Performance"/>
   </FeatureGroup>
  </CategoryFeatureGroup>
  <CategoryFeatureGroup ID="26690" No="12">
   <FeatureGroup ID="185">
    <Name ID="1219853" langid="1" Value="Features"/>
   </FeatureGroup>
  </CategoryFeatureGroup>
  <CategoryFeatureGroup ID="28241" No="-10">
   <FeatureGroup ID="198">
    <Name ID="1788927" langid="1" Value="Logistics data"/>
   </FeatureGroup>
  </CategoryFeatureGroup>
  <CategoryFeatureGroup ID="78873" No="0">
   <FeatureGroup ID="230">
    <Name ID="3400961" langid="1" Value="Headset"/>
   </FeatureGroup>
  </CategoryFeatureGroup>
  <CategoryFeatureGroup ID="30767" No="0">
   <FeatureGroup ID="232">
    <Name ID="3464238" langid="1" Value="Supplier features"/>
   </FeatureGroup>
  </CategoryFeatureGroup>
  <CategoryFeatureGroup ID="75914" No="-8">
   <FeatureGroup ID="279">
    <Name ID="7392238" langid="1" Value="Sustainability"/>
   </FeatureGroup>
  </CategoryFeatureGroup>
  <Category ID="2647">
   <Name ID="3729203" langid="1" Value="Smartwatches &amp; Sport Watches"/>
  </Category>
  <EANCode EAN="0753759279905" Format="GTIN-13" IsApproved="1"/>
  <EANCode EAN="753759279905" Format="GTIN-12" IsApproved="1"/>
  <ReleaseDate/>
  <EndOfLifeDate/>
  <ReasonsToBuy/>
  <BulletPoints>
   <BulletPoint Value="Get an overview of your sleep, HRV status and daily workout with morning report" langid="1" No="1"/>
   <BulletPoint Value="Charge less, train more with up to 12 days of battery life in smartwatch mode and up to 26 hours in GPS mode" langid="1" No="2"/>
   <BulletPoint Value="Push your limits with a built-in triathlon feature and 30+ activity profiles" langid="1" No="3"/>
   <BulletPoint Value="Plan your strategy with daily suggested workouts, course details and more on the race widget" langid="1" No="4"/>
   <BulletPoint Value="Utilize a full suite of advanced metrics and training tools to reach your goals" langid="1" No="5"/>
   <BulletPoint Value="Pay for your post-workout coffee with Garmin Pay™ contactless payments" langid="1" No="6"/>
  </BulletPoints>
  <GeneratedBulletPoints>
   <GeneratedBulletPoint Value="Sport watch Digital 2.79 cm (1.1&quot;) MIP" langid="1" No="1"/>
   <GeneratedBulletPoint Value="218 x 218 pixels" langid="1" No="2"/>
   <GeneratedBulletPoint Value="Water resistance: 5 ATM" langid="1" No="3"/>
   <GeneratedBulletPoint Value="Heart rate monitor Accelerometer Gyroscope" langid="1" No="4"/>
   <GeneratedBulletPoint Value="GPS (satellite) GLONASS Galileo" langid="1" No="5"/>
   <GeneratedBulletPoint Value="Bluetooth" langid="1" No="6"/>
   <GeneratedBulletPoint Value="Built-in battery Lithium-Ion (Li-Ion) 288 h" langid="1" No="7"/>
  </GeneratedBulletPoints>
  <ProductBundled/>
  <ProductDescription ID="89125985" LongDesc="&lt;b&gt;Run at a higher level&lt;/b&gt;&lt;br&gt;&lt;br&gt;You’re making strides. Now, let’s take the next step. Get the training and recovery insights you’ll need to notch your best time yet.&lt;br&gt;&lt;br&gt;&lt;b&gt;READY FOR THE LONG RUN&lt;/b&gt;&lt;br&gt;Get an uninterrupted picture of your daily health and nightly sleep with up to 12 days of battery life in smartwatch mode and up to 26 hours in GPS mode.&lt;br&gt;&lt;br&gt;&lt;b&gt;(ALMOST) AS LIGHT AS A FEATHER&lt;/b&gt;&lt;br&gt;With its sleek design and 1.4 oz weight, you’ll almost forget you’re wearing Forerunner 255S — even when you’re asleep.&lt;br&gt;&lt;br&gt;&lt;b&gt;SWEAT-READY MATERIALS&lt;/b&gt;&lt;br&gt;Featuring easy-to-use buttons and a silicone band, this watch is ready to wear — and tear — with durable Corning® Gorilla® Glass 3.&lt;br&gt;&lt;br&gt;&lt;b&gt;MORNING REPORT&lt;/b&gt;&lt;br&gt;Receive an overview of your sleep, recovery and training outlook as soon as you wake up — alongside HRV status and weather. You can even customize your report to show you what you want to see.&lt;br&gt;&lt;br&gt;&lt;b&gt;HRV STATUS&lt;/b&gt;&lt;br&gt;Gain a deeper understanding of your overall health, recovery and training performance through heart rate variability while you sleep, based on technology developed by our Firstbeat Analytics™ team.&lt;br&gt;&lt;br&gt;&lt;b&gt;BUILT-IN SPORTS APPS&lt;/b&gt;&lt;br&gt;Tap into 30+ built-in activities, including the triathlon and open-water swimming profiles — new to the Forerunner 255 series. For races and brick workouts, transition to the next activity with a single button press.&lt;br&gt;&lt;br&gt;&lt;b&gt;RACE WIDGET&lt;/b&gt;&lt;br&gt;Get ready for your next race with training tips, personalized daily suggested workouts and completion time predictions based on course details, weather and performance.&lt;br&gt;&lt;br&gt;&lt;b&gt;DAILY SUGGESTED WORKOUTS&lt;/b&gt;&lt;br&gt;View your entire week of daily suggested workouts, which adapt after every run to match your performance and recovery as well as the races coming up in your Garmin Connect™ smartphone app calendar.&lt;br&gt;&lt;br&gt;&lt;b&gt;GARMIN COACH&lt;/b&gt;&lt;br&gt;Free adaptive training plans include 5K, 10K and half-marathon programs, featuring guidance from expert coaches that adapt to you and your goals.&lt;br&gt;&lt;br&gt;&lt;b&gt;TRIATHLON AND MULTISPORT PROFILES&lt;/b&gt;&lt;br&gt;Switch between sports with one press by using built-in profiles for triathlons, duathlons, brick workouts and swimruns. Or, create your own custom multisport profiles.&lt;br&gt;&lt;br&gt;&lt;b&gt;RUNNING POWER&lt;/b&gt;&lt;br&gt;When using a Running Dynamics Pod or HRM-Pro ™ monitor, get a continuous measurement on your wrist of how much power you’re applying to the road as you run, so you can manage your effort.&lt;br&gt;&lt;br&gt;&lt;b&gt;RECOVERY TIME&lt;/b&gt;&lt;br&gt;Know how long to recover before your next high-effort workout based on your latest training as well as overall stress, sleep and daily activities outside of workouts.&lt;br&gt;&lt;br&gt;&lt;b&gt;PACEPRO™ FEATURE&lt;/b&gt;&lt;br&gt;To help you plan your race day strategy, this feature offers GPS-based pace guidance for a selected course or distance, so you can tailor your efforts to what’s ahead.&lt;br&gt;&lt;br&gt;&lt;b&gt;TRAINING STATUS&lt;/b&gt;&lt;br&gt;Using new indicators such as HRV status, your recent exercise history and performance, get an easy insight into your overall effort — and whether you’re training productively, peaking or strained.&lt;br&gt;&lt;br&gt;&lt;b&gt;ACUTE LOAD&lt;/b&gt;&lt;br&gt;See your training history, and compare the intensity of your recent workouts to the optimal range to help improve your fitness.&lt;br&gt;&lt;br&gt;&lt;b&gt;TRAINING EFFECT&lt;/b&gt;&lt;br&gt;See how your workouts influence your endurance, speed and power with aerobic and anaerobic training effect feedback.&lt;br&gt;&lt;br&gt;&lt;b&gt;PERFORMANCE CONDITION&lt;/b&gt;&lt;br&gt;While you run, get an analysis of your pace and heart rate for a real-time assessment of your current ability to perform.&lt;br&gt;&lt;br&gt;&lt;b&gt;RUNNING DYNAMICS&lt;/b&gt;&lt;br&gt;When using a Running Dynamics Pod or HRM-Pro monitor, the Forerunner 255S watch measures crucial running metrics such as cadence, stride length, ground contact time and balance, and more — while comparing to others in the Garmin Connect app.&lt;br&gt;&lt;br&gt;&lt;b&gt;COURSES&lt;/b&gt;&lt;br&gt;Create or find existing courses in the Garmin Connect app, so you’ll never run out of places to run. Or plan one on other platforms such as Strava and Komoot, then automatically sync them to your Forerunner.&lt;br&gt;&lt;br&gt;&lt;b&gt;TRACK RUNNING&lt;/b&gt;&lt;br&gt;Ready for some speedwork? Input your lane on the built-in track run activity to record accurate lap distances and see your distances in meters.&lt;br&gt;&lt;br&gt;&lt;b&gt;VISUAL RACE PREDICTOR&lt;/b&gt;&lt;br&gt;Based on your running history and overall fitness level, get an estimate of what your pace could be for a 5K, 10K — or even a marathon. Plus, trend data highlights your training’s impact over time.&lt;br&gt;&lt;br&gt;&lt;b&gt;CROSS-TRAINING&lt;/b&gt;&lt;br&gt;Mix up your training with different types of workouts. Free HIIT, strength, cardio, yoga and Pilates workouts come preloaded on the watch, and you can download more from the Garmin Connect app.&lt;br&gt;&lt;br&gt;&lt;b&gt;A depth of wellness insights.&lt;/b&gt;&lt;br&gt;&lt;br&gt;&lt;b&gt;WRIST-BASED HEART RATE&lt;/b&gt;&lt;br&gt;The watch constantly samples your heart rate2 with our latest-generation heart rate sensor and will alert you if it stays too high or too low while you’re at rest. It also helps gauge how hard you work during activities — even while swimming.&lt;br&gt;&lt;br&gt;&lt;b&gt;BODY BATTERY ENERGY MONITORING&lt;/b&gt;&lt;br&gt;Track your body’s energy levels so you can find the best times for activity and rest2.&lt;br&gt;&lt;br&gt;&lt;b&gt;IMPROVED SLEEP MONITORING AND SLEEP SCORE&lt;/b&gt;&lt;br&gt;Understand how your body is recovering — and get ready for training — with our improved sleep monitoring feature. After waking up, you’ll receive a sleep score, as well as breakdown of your sleep stages, Pulse Ox3 and respiration, alongside detailed insights for improved sleep quality.&lt;br&gt;&lt;br&gt;&lt;b&gt;PULSE OX SENSOR&lt;/b&gt;&lt;br&gt;This wrist-based Pulse Ox sensor3 monitors blood oxygen saturation levels to support advanced sleep monitoring and altitude acclimation.&lt;br&gt;&lt;br&gt;&lt;b&gt;WOMEN’S HEALTH TRACKING&lt;/b&gt;&lt;br&gt;Use the Garmin Connect app to track your menstrual cycle or pregnancy. Log symptoms, get exercise and nutrition education, and more. Even see and log details on your wrist with the Women’s Health Tracking app.&lt;br&gt;&lt;br&gt;&lt;b&gt;INTENSITY MINUTES&lt;/b&gt;&lt;br&gt;Our intensity minutes feature tells you when during the day you earned them and during what activity.&lt;br&gt;&lt;br&gt;&lt;b&gt;STRESS TRACKING&lt;/b&gt;&lt;br&gt;Find out if you’re having a calm, balanced or stressful day. Relax reminders will even prompt you to do a short breathing activity when the watch detects that you’re feeling stressed.&lt;br&gt;&lt;br&gt;&lt;b&gt;HEALTH SNAPSHOT™ FEATURE&lt;/b&gt;&lt;br&gt;Log a 2-minute session to record key stats, including heart rate2, heart rate variability, Pulse Ox3, respiration and stress. Then generate a report with those stats to share via the Garmin Connect app on your compatible smartphone.&lt;br&gt;&lt;br&gt;&lt;b&gt;MULTI-BAND GNSS SUPPORT&lt;/b&gt;&lt;br&gt;Access multiple global navigation satellite systems, and get access to multiple frequencies sent by navigation satellites for improved accuracy in areas where GNSS signals are reflected, weak or typically don't penetrate — giving you superior accuracy for how far and how fast you've run — even in challenging environments.&lt;br&gt;&lt;br&gt;&lt;br&gt;&lt;b&gt;GARMIN PAY CONTACTLESS PAYMENTS&lt;/b&gt;&lt;br&gt;Breeze through checkout lines with Garmin Pay contactless payments through participating providers.&lt;br&gt;&lt;br&gt;&lt;b&gt;SMART NOTIFICATIONS&lt;/b&gt;&lt;br&gt;Receive emails, texts and alerts right on your watch when paired with your Apple® or Android™ smartphone. You can even respond to texts if you have an Android phone.&lt;br&gt;&lt;br&gt;&lt;b&gt;SAFETY AND TRACKING FEATURES&lt;/b&gt;&lt;br&gt;If you feel unsafe or if your watch senses that an incident occurred, the Assistance and incident detection features send your location to emergency contacts. Incident detection is enabled by default for select activity profiles only.&lt;br&gt;&lt;br&gt;&lt;b&gt;LIVETRACK FEATURE&lt;/b&gt;&lt;br&gt;Use LiveTrack to let friends and family follow your real-time location and even view your entire pre-planned course. Rest assured that your loved ones know exactly where you're running.&lt;br&gt;&lt;br&gt;&lt;b&gt;GARMIN CONNECT APP&lt;/b&gt;&lt;br&gt;See your health and fitness information, connect and compete with friends, sign up for challenges to earn badges and more — all in one free, zero-subscription app.&lt;br&gt;&lt;br&gt;&lt;b&gt;CONNECT IQ™ STORE&lt;/b&gt;&lt;br&gt;Download custom watch faces, add data fields, and get apps and widgets from the Connect IQ Store app downloaded on your compatible smartphone." ManualPDFSize="6002342" ManualPDFURL="https://inishop.com/objects/mmo_101675427_1668340379_6148_28138.pdf" MiddleDesc="" PDFSize="0" PDFURL="" ShortDesc="1.1&quot; 218 x 218 px, 4 GB, 41 x 41 x 12.4mm, 39 g" URL="https://www.garmin.com/en-GB/p/780165/pn/010-02641-13" WarrantyInfo="" langid="1"/>
  <ProductFamily ID="77066" LowPic="" ThumbPic="">
   <Name ID="9200451" langid="1" Value="Forerunner"/>
  </ProductFamily>
  <ProductFeature Localized="0" ID="511109849" Local_ID="0" Value="Digital" CategoryFeature_ID="85325" CategoryFeatureGroup_ID="34566" No="10100140" Optional="0" Presentation_Value="Digital" Translated="1" Mandatory="1" Searchable="1">
   <LocalValue Value="Digital">
    <Measure ID="29">
     <Signs/>
    </Measure>
   </LocalValue>
   <Feature ID="9104">
    <Measure ID="29" Sign="">
     <Signs/>
    </Measure>
    <Name ID="761213" langid="1" Value="Display type"/>
   </Feature>
  </ProductFeature>
  <ProductFeature Localized="0" ID="511109850" Local_ID="0" Value="218 x 218" CategoryFeature_ID="85332" CategoryFeatureGroup_ID="34566" No="10100130" Optional="0" Presentation_Value="218 x 218 pixels" Translated="0" Mandatory="1" Searchable="1">
   <LocalValue Value="218 x 218">
    <Measure ID="39">
     <Signs>
      <Sign ID="23" langid="1"><![CDATA[pixels]]></Sign>
     </Signs>
    </Measure>
   </LocalValue>
   <Feature ID="1585">
    <Measure ID="39" Sign="">
     <Signs>
      <Sign ID="23" langid="1"><![CDATA[pixels]]></Sign>
     </Signs>
    </Measure>
    <Name ID="4927" langid="1" Value="Display resolution"/>
   </Feature>
  </ProductFeature>
  <ProductFeature Localized="0" ID="511109852" Local_ID="0" Value="1.1" CategoryFeature_ID="85330" CategoryFeatureGroup_ID="34566" No="100150" Optional="0" Presentation_Value="2.79 cm (1.1&quot;)" Translated="0" Mandatory="1" Searchable="0">
   <LocalValue Value="2.79">
    <Measure ID="34">
     <Signs>
      <Sign ID="18" langid="1"><![CDATA[cm]]></Sign>
     </Signs>
    </Measure>
   </LocalValue>
   <Feature ID="944">
    <Measure ID="16" Sign="">
     <Signs>
      <Sign ID="11" langid="1"><![CDATA["]]></Sign>
     </Signs>
    </Measure>
    <Name ID="3429" langid="1" Value="Display diagonal"/>
   </Feature>
  </ProductFeature>
  <ProductFeature Localized="0" ID="511109853" Local_ID="0" Value="MIP" CategoryFeature_ID="99533" CategoryFeatureGroup_ID="34566" No="100150" Optional="0" Presentation_Value="MIP" Translated="0" Mandatory="1" Searchable="0">
   <LocalValue Value="MIP">
    <Measure ID="29">
     <Signs/>
    </Measure>
   </LocalValue>
   <Feature ID="9713">
    <Measure ID="29" Sign="">
     <Signs/>
    </Measure>
    <Name ID="804833" langid="1" Value="Display technology"/>
   </Feature>
  </ProductFeature>
  <ProductFeature Localized="0" ID="511109854" Local_ID="0" Value="Y" CategoryFeature_ID="586188" CategoryFeatureGroup_ID="34566" No="100145" Optional="0" Presentation_Value="Yes" Translated="1" Mandatory="0" Searchable="0">
   <LocalValue Value="Yes">
    <Measure ID="26">
     <Signs/>
    </Measure>
   </LocalValue>
   <Feature ID="20168">
    <Measure ID="26" Sign="">
     <Signs/>
    </Measure>
    <Name ID="1497951" langid="1" Value="Colour display"/>
   </Feature>
  </ProductFeature>
  <ProductFeature Localized="0" ID="511111238" Local_ID="0" Value="27.5" CategoryFeature_ID="891364" CategoryFeatureGroup_ID="34566" No="100085" Optional="0" Presentation_Value="2.75 cm" Translated="0" Mandatory="0" Searchable="0">
   <LocalValue Value="2.75">
    <Measure ID="34">
     <Signs>
      <Sign ID="18" langid="1"><![CDATA[cm]]></Sign>
     </Signs>
    </Measure>
   </LocalValue>
   <Feature ID="10477">
    <Measure ID="24" Sign="">
     <Signs>
      <Sign ID="3" langid="1"><![CDATA[mm]]></Sign>
     </Signs>
    </Measure>
    <Name ID="907223" langid="1" Value="Display diameter"/>
   </Feature>
  </ProductFeature>
  <ProductFeature Localized="0" ID="511109856" Local_ID="0" Value="Corning Gorilla Glass 3" CategoryFeature_ID="94704" CategoryFeatureGroup_ID="34566" No="100050" Optional="0" Presentation_Value="Corning Gorilla Glass 3" Translated="0" Mandatory="0" Searchable="0">
   <LocalValue Value="Corning Gorilla Glass 3">
    <Measure ID="29">
     <Signs/>
    </Measure>
   </LocalValue>
   <Feature ID="7610">
    <Measure ID="29" Sign="">
     <Signs/>
    </Measure>
    <Name ID="590507" langid="1" Value="Watch glass type"/>
   </Feature>
  </ProductFeature>
  <ProductFeature Localized="0" ID="511109857" Local_ID="0" Value="Sport watch" CategoryFeature_ID="891356" CategoryFeatureGroup_ID="16293" No="10100150" Optional="0" Presentation_Value="Sport watch" Translated="1" Mandatory="1" Searchable="1">
   <LocalValue Value="Sport watch">
    <Measure ID="29">
     <Signs/>
    </Measure>
   </LocalValue>
   <Feature ID="9021">
    <Measure ID="29" Sign="">
     <Signs/>
    </Measure>
    <Name ID="757557" langid="1" Value="Market positioning"/>
   </Feature>
  </ProductFeature>
  <ProductFeature Localized="0" ID="511109858" Local_ID="0" Value="41" CategoryFeature_ID="595046" CategoryFeatureGroup_ID="16293" No="10100145" Optional="0" Presentation_Value="41 mm" Translated="0" Mandatory="1" Searchable="1">
   <LocalValue Value="41">
    <Measure ID="24">
     <Signs>
      <Sign ID="3" langid="1"><![CDATA[mm]]></Sign>
     </Signs>
    </Measure>
   </LocalValue>
   <Feature ID="42415">
    <Measure ID="24" Sign="">
     <Signs>
      <Sign ID="3" langid="1"><![CDATA[mm]]></Sign>
     </Signs>
    </Measure>
    <Name ID="6854226" langid="1" Value="Watch case size"/>
   </Feature>
  </ProductFeature>
  <ProductFeature Localized="0" ID="511109859" Local_ID="0" Value="Pink" CategoryFeature_ID="595045" CategoryFeatureGroup_ID="16293" No="10100090" Optional="0" Presentation_Value="Pink" Translated="1" Mandatory="1" Searchable="1">
   <LocalValue Value="Pink">
    <Measure ID="29">
     <Signs/>
    </Measure>
   </LocalValue>
   <Feature ID="42417">
    <Measure ID="29" Sign="">
     <Signs/>
    </Measure>
    <Name ID="6854358" langid="1" Value="Watch case colour"/>
   </Feature>
  </ProductFeature>
  <ProductFeature Localized="0" ID="511109860" Local_ID="0" Value="Fibre Reinforced Plastic (FRP)" CategoryFeature_ID="595044" CategoryFeatureGroup_ID="16293" No="10100089" Optional="0" Presentation_Value="Fibre Reinforced Plastic (FRP)" Translated="1" Mandatory="1" Searchable="1">
   <LocalValue Value="Fibre Reinforced Plastic (FRP)">
    <Measure ID="29">
     <Signs/>
    </Measure>
   </LocalValue>
   <Feature ID="42418">
    <Measure ID="29" Sign="">
     <Signs/>
    </Measure>
    <Name ID="6854424" langid="1" Value="Watch case material"/>
   </Feature>
  </ProductFeature>
  <ProductFeature Localized="0" ID="511109861" Local_ID="0" Value="Pink" CategoryFeature_ID="85301" CategoryFeatureGroup_ID="16293" No="10100080" Optional="0" Presentation_Value="Pink" Translated="1" Mandatory="1" Searchable="1">
   <LocalValue Value="Pink">
    <Measure ID="29">
     <Signs/>
    </Measure>
   </LocalValue>
   <Feature ID="11025">
    <Measure ID="29" Sign="">
     <Signs/>
    </Measure>
    <Name ID="964589" langid="1" Value="Band colour"/>
   </Feature>
  </ProductFeature>
  <ProductFeature Localized="0" ID="511109862" Local_ID="0" Value="Silicone" CategoryFeature_ID="94551" CategoryFeatureGroup_ID="16293" No="100160" Optional="0" Presentation_Value="Silicone" Translated="1" Mandatory="1" Searchable="0">
   <LocalValue Value="Silicone">
    <Measure ID="29">
     <Signs/>
    </Measure>
   </LocalValue>
   <Feature ID="7605">
    <Measure ID="29" Sign="">
     <Signs/>
    </Measure>
    <Name ID="590260" langid="1" Value="Band material"/>
   </Feature>
  </ProductFeature>
  <ProductFeature Localized="0" ID="511109865" Local_ID="0" Value="Round" CategoryFeature_ID="85327" CategoryFeatureGroup_ID="16293" No="100155" Optional="0" Presentation_Value="Round" Translated="1" Mandatory="1" Searchable="0">
   <LocalValue Value="Round">
    <Measure ID="29">
     <Signs/>
    </Measure>
   </LocalValue>
   <Feature ID="9397">
    <Measure ID="29" Sign="">
     <Signs/>
    </Measure>
    <Name ID="776358" langid="1" Value="Shape"/>
   </Feature>
  </ProductFeature>
  <ProductFeature Localized="0" ID="511109864" Local_ID="0" Value="Glass" CategoryFeature_ID="891278" CategoryFeatureGroup_ID="16293" No="100159" Optional="0" Presentation_Value="Glass" Translated="1" Mandatory="0" Searchable="0">
   <LocalValue Value="Glass">
    <Measure ID="29">
     <Signs/>
    </Measure>
   </LocalValue>
   <Feature ID="17801">
    <Measure ID="29" Sign="">
     <Signs/>
    </Measure>
    <Name ID="1268872" langid="1" Value="Lens material"/>
   </Feature>
  </ProductFeature>
  <ProductFeature Localized="0" ID="644190813" Local_ID="0" Value="110 - 175" CategoryFeature_ID="153740" CategoryFeatureGroup_ID="16293" No="100155" Optional="0" Presentation_Value="110 - 175 mm" Translated="0" Mandatory="0" Searchable="0">
   <LocalValue Value="110 - 175">
    <Measure ID="24">
     <Signs>
      <Sign ID="3" langid="1"><![CDATA[mm]]></Sign>
     </Signs>
    </Measure>
   </LocalValue>
   <Feature ID="17541">
    <Measure ID="24" Sign="">
     <Signs>
      <Sign ID="3" langid="1"><![CDATA[mm]]></Sign>
     </Signs>
    </Measure>
    <Name ID="1246723" langid="1" Value="Wrist size range"/>
   </Feature>
  </ProductFeature>
  <ProductFeature Localized="0" ID="511115128" Local_ID="0" Value="Unisex" CategoryFeature_ID="300550" CategoryFeatureGroup_ID="16293" No="100144" Optional="0" Presentation_Value="Unisex" Translated="1" Mandatory="0" Searchable="0">
   <LocalValue Value="Unisex">
    <Measure ID="29">
     <Signs/>
    </Measure>
   </LocalValue>
   <Feature ID="20690">
    <Measure ID="29" Sign="">
     <Signs/>
    </Measure>
    <Name ID="1624644" langid="1" Value="Suggested gender"/>
   </Feature>
  </ProductFeature>
  <ProductFeature Localized="0" ID="511109866" Local_ID="548865324" Value="Light Pink" CategoryFeature_ID="270495" CategoryFeatureGroup_ID="16293" No="100075" Optional="0" Presentation_Value="Light Pink" Translated="1" Mandatory="0" Searchable="0">
   <LocalValue Value="Light Pink">
    <Measure ID="29">
     <Signs/>
    </Measure>
   </LocalValue>
   <Feature ID="17956">
    <Measure ID="29" Sign="">
     <Signs/>
    </Measure>
    <Name ID="1296400" langid="1" Value="Colour name"/>
   </Feature>
  </ProductFeature>
  <ProductFeature Localized="0" ID="511109867" Local_ID="0" Value="Y" CategoryFeature_ID="891360" CategoryFeatureGroup_ID="16293" No="100036" Optional="1" Presentation_Value="Yes" Translated="1" Mandatory="0" Searchable="0">
   <LocalValue Value="Yes">
    <Measure ID="26">
     <Signs/>
    </Measure>
   </LocalValue>
   <Feature ID="7509">
    <Measure ID="26" Sign="">
     <Signs/>
    </Measure>
    <Name ID="566221" langid="1" Value="Waterproof"/>
   </Feature>
  </ProductFeature>
  <ProductFeature Localized="0" ID="511109869" Local_ID="0" Value="5" CategoryFeature_ID="591391" CategoryFeatureGroup_ID="16293" No="99993" Optional="0" Presentation_Value="5 ATM" Translated="0" Mandatory="0" Searchable="0">
   <LocalValue Value="5">
    <Measure ID="267">
     <Signs>
      <Sign ID="16202" langid="1"><![CDATA[ATM]]></Sign>
     </Signs>
    </Measure>
   </LocalValue>
   <Feature ID="18048">
    <Measure ID="267" Sign="">
     <Signs>
      <Sign ID="16202" langid="1"><![CDATA[ATM]]></Sign>
     </Signs>
    </Measure>
    <Name ID="1364864" langid="1" Value="Water resistance"/>
   </Feature>
  </ProductFeature>
  <ProductFeature Localized="0" ID="511109874" Local_ID="0" Value="N" CategoryFeature_ID="95509" CategoryFeatureGroup_ID="34567" No="10100030" Optional="0" Presentation_Value="No" Translated="1" Mandatory="1" Searchable="1">
   <LocalValue Value="No">
    <Measure ID="26">
     <Signs/>
    </Measure>
   </LocalValue>
   <Feature ID="8074">
    <Measure ID="26" Sign="">
     <Signs/>
    </Measure>
    <Name ID="623118" langid="1" Value="Built-in camera"/>
   </Feature>
  </ProductFeature>
  <ProductFeature Localized="0" ID="511109876" Local_ID="0" Value="Android,iOS" CategoryFeature_ID="85310" CategoryFeatureGroup_ID="34567" No="100600" Optional="0" Presentation_Value="Android, iOS" Translated="1" Mandatory="0" Searchable="0">
   <LocalValue Value="Android, iOS">
    <Measure ID="29">
     <Signs/>
    </Measure>
   </LocalValue>
   <Feature ID="8956">
    <Measure ID="29" Sign="">
     <Signs/>
    </Measure>
    <Name ID="753892" langid="1" Value="Mobile operating systems supported"/>
   </Feature>
  </ProductFeature>
  <ProductFeature Localized="0" ID="511109877" Local_ID="0" Value="4" CategoryFeature_ID="85308" CategoryFeatureGroup_ID="34567" No="100490" Optional="0" Presentation_Value="4 GB" Translated="0" Mandatory="0" Searchable="0">
   <LocalValue Value="4">
    <Measure ID="20">
     <Signs>
      <Sign ID="7" langid="1"><![CDATA[GB]]></Sign>
     </Signs>
    </Measure>
   </LocalValue>
   <Feature ID="6791">
    <Measure ID="20" Sign="">
     <Signs>
      <Sign ID="7" langid="1"><![CDATA[GB]]></Sign>
     </Signs>
    </Measure>
    <Name ID="294318" langid="1" Value="Flash memory"/>
   </Feature>
  </ProductFeature>
  <ProductFeature Localized="0" ID="511109878" Local_ID="0" Value="Y" CategoryFeature_ID="122840" CategoryFeatureGroup_ID="26690" No="101000" Optional="0" Presentation_Value="Yes" Translated="1" Mandatory="1" Searchable="0">
   <LocalValue Value="Yes">
    <Measure ID="26">
     <Signs/>
    </Measure>
   </LocalValue>
   <Feature ID="6702">
    <Measure ID="26" Sign="">
     <Signs/>
    </Measure>
    <Name ID="249129" langid="1" Value="Heart rate monitor"/>
   </Feature>
  </ProductFeature>
  <ProductFeature Localized="0" ID="511109879" Local_ID="0" Value="Y" CategoryFeature_ID="257985" CategoryFeatureGroup_ID="26690" No="100998" Optional="0" Presentation_Value="Yes" Translated="1" Mandatory="0" Searchable="0">
   <LocalValue Value="Yes">
    <Measure ID="26">
     <Signs/>
    </Measure>
   </LocalValue>
   <Feature ID="32071">
    <Measure ID="26" Sign="">
     <Signs/>
    </Measure>
    <Name ID="3241722" langid="1" Value="Heart rate contact sensors"/>
   </Feature>
  </ProductFeature>
  <ProductFeature Localized="0" ID="511109880" Local_ID="0" Value="Y" CategoryFeature_ID="595164" CategoryFeatureGroup_ID="26690" No="100979" Optional="0" Presentation_Value="Yes" Translated="1" Mandatory="0" Searchable="0">
   <LocalValue Value="Yes">
    <Measure ID="26">
     <Signs/>
    </Measure>
   </LocalValue>
   <Feature ID="42444">
    <Measure ID="26" Sign="">
     <Signs/>
    </Measure>
    <Name ID="6860896" langid="1" Value="Blood oxygen sensor"/>
   </Feature>
  </ProductFeature>
  <ProductFeature Localized="0" ID="511109881" Local_ID="0" Value="Y" CategoryFeature_ID="292361" CategoryFeatureGroup_ID="26690" No="100950" Optional="0" Presentation_Value="Yes" Translated="1" Mandatory="0" Searchable="0">
   <LocalValue Value="Yes">
    <Measure ID="26">
     <Signs/>
    </Measure>
   </LocalValue>
   <Feature ID="26789">
    <Measure ID="26" Sign="">
     <Signs/>
    </Measure>
    <Name ID="2299913" langid="1" Value="Distance travelled"/>
   </Feature>
  </ProductFeature>
  <ProductFeature Localized="0" ID="511109882" Local_ID="0" Value="Y" CategoryFeature_ID="292364" CategoryFeatureGroup_ID="26690" No="100800" Optional="0" Presentation_Value="Yes" Translated="1" Mandatory="0" Searchable="0">
   <LocalValue Value="Yes">
    <Measure ID="26">
     <Signs/>
    </Measure>
   </LocalValue>
   <Feature ID="26788">
    <Measure ID="26" Sign="">
     <Signs/>
    </Measure>
    <Name ID="2299862" langid="1" Value="Calories burned"/>
   </Feature>
  </ProductFeature>
  <ProductFeature Localized="0" ID="511109883" Local_ID="0" Value="Y" CategoryFeature_ID="85349" CategoryFeatureGroup_ID="26690" No="100750" Optional="0" Presentation_Value="Yes" Translated="1" Mandatory="0" Searchable="0">
   <LocalValue Value="Yes">
    <Measure ID="26">
     <Signs/>
    </Measure>
   </LocalValue>
   <Feature ID="9731">
    <Measure ID="26" Sign="">
     <Signs/>
    </Measure>
    <Name ID="811310" langid="1" Value="Accelerometer"/>
   </Feature>
  </ProductFeature>
  <ProductFeature Localized="0" ID="511109884" Local_ID="0" Value="Y" CategoryFeature_ID="122839" CategoryFeatureGroup_ID="26690" No="100730" Optional="0" Presentation_Value="Yes" Translated="1" Mandatory="0" Searchable="0">
   <LocalValue Value="Yes">
    <Measure ID="26">
     <Signs/>
    </Measure>
   </LocalValue>
   <Feature ID="9732">
    <Measure ID="26" Sign="">
     <Signs/>
    </Measure>
    <Name ID="811351" langid="1" Value="Gyroscope"/>
   </Feature>
  </ProductFeature>
  <ProductFeature Localized="0" ID="511109885" Local_ID="0" Value="Y" CategoryFeature_ID="234753" CategoryFeatureGroup_ID="26690" No="100580" Optional="0" Presentation_Value="Yes" Translated="1" Mandatory="0" Searchable="0">
   <LocalValue Value="Yes">
    <Measure ID="26">
     <Signs/>
    </Measure>
   </LocalValue>
   <Feature ID="25442">
    <Measure ID="26" Sign="">
     <Signs/>
    </Measure>
    <Name ID="2149922" langid="1" Value="Multisport mode"/>
   </Feature>
  </ProductFeature>
  <ProductFeature Localized="0" ID="511109887" Local_ID="0" Value="Y" CategoryFeature_ID="234754" CategoryFeatureGroup_ID="26690" No="100575" Optional="0" Presentation_Value="Yes" Translated="1" Mandatory="0" Searchable="0">
   <LocalValue Value="Yes">
    <Measure ID="26">
     <Signs/>
    </Measure>
   </LocalValue>
   <Feature ID="26790">
    <Measure ID="26" Sign="">
     <Signs/>
    </Measure>
    <Name ID="2299964" langid="1" Value="Personal goals"/>
   </Feature>
  </ProductFeature>
  <ProductFeature Localized="0" ID="511109886" Local_ID="0" Value="Y" CategoryFeature_ID="234762" CategoryFeatureGroup_ID="26690" No="100570" Optional="0" Presentation_Value="Yes" Translated="1" Mandatory="0" Searchable="0">
   <LocalValue Value="Yes">
    <Measure ID="26">
     <Signs/>
    </Measure>
   </LocalValue>
   <Feature ID="26791">
    <Measure ID="26" Sign="">
     <Signs/>
    </Measure>
    <Name ID="2300015" langid="1" Value="Quality of sleep"/>
   </Feature>
  </ProductFeature>
  <ProductFeature Localized="0" ID="511109888" Local_ID="0" Value="Alarm clock,Calendar" CategoryFeature_ID="85367" CategoryFeatureGroup_ID="26690" No="100002" Optional="0" Presentation_Value="Alarm clock, Calendar" Translated="1" Mandatory="0" Searchable="0">
   <LocalValue Value="Alarm clock, Calendar">
    <Measure ID="29">
     <Signs/>
    </Measure>
   </LocalValue>
   <Feature ID="4277">
    <Measure ID="29" Sign="">
     <Signs/>
    </Measure>
    <Name ID="59896" langid="1" Value="Personal info management (PIM)"/>
   </Feature>
  </ProductFeature>
  <ProductFeature Localized="0" ID="511109889" Local_ID="0" Value="Y" CategoryFeature_ID="234763" CategoryFeatureGroup_ID="26690" No="100000" Optional="0" Presentation_Value="Yes" Translated="1" Mandatory="0" Searchable="0">
   <LocalValue Value="Yes">
    <Measure ID="26">
     <Signs/>
    </Measure>
   </LocalValue>
   <Feature ID="29063">
    <Measure ID="26" Sign="">
     <Signs/>
    </Measure>
    <Name ID="2622321" langid="1" Value="Smart notifications"/>
   </Feature>
  </ProductFeature>
  <ProductFeature Localized="0" ID="511109890" Local_ID="0" Value="Y" CategoryFeature_ID="292355" CategoryFeatureGroup_ID="26690" No="100000" Optional="0" Presentation_Value="Yes" Translated="1" Mandatory="0" Searchable="0">
   <LocalValue Value="Yes">
    <Measure ID="26">
     <Signs/>
    </Measure>
   </LocalValue>
   <Feature ID="37600">
    <Measure ID="26" Sign="">
     <Signs/>
    </Measure>
    <Name ID="5101220" langid="1" Value="Weather display"/>
   </Feature>
  </ProductFeature>
  <ProductFeature Localized="0" ID="511109891" Local_ID="0" Value="Y" CategoryFeature_ID="295523" CategoryFeatureGroup_ID="26690" No="100000" Optional="0" Presentation_Value="Yes" Translated="1" Mandatory="0" Searchable="0">
   <LocalValue Value="Yes">
    <Measure ID="26">
     <Signs/>
    </Measure>
   </LocalValue>
   <Feature ID="28631">
    <Measure ID="26" Sign="">
     <Signs/>
    </Measure>
    <Name ID="2572040" langid="1" Value="Timer"/>
   </Feature>
  </ProductFeature>
  <ProductFeature Localized="0" ID="511109892" Local_ID="0" Value="N" CategoryFeature_ID="296783" CategoryFeatureGroup_ID="26690" No="100000" Optional="0" Presentation_Value="No" Translated="1" Mandatory="0" Searchable="0">
   <LocalValue Value="No">
    <Measure ID="26">
     <Signs/>
    </Measure>
   </LocalValue>
   <Feature ID="29170">
    <Measure ID="26" Sign="">
     <Signs/>
    </Measure>
    <Name ID="2647694" langid="1" Value="Refurbished"/>
   </Feature>
  </ProductFeature>
  <ProductFeature Localized="0" ID="511109893" Local_ID="0" Value="Y" CategoryFeature_ID="317542" CategoryFeatureGroup_ID="26690" No="100000" Optional="0" Presentation_Value="Yes" Translated="1" Mandatory="0" Searchable="0">
   <LocalValue Value="Yes">
    <Measure ID="26">
     <Signs/>
    </Measure>
   </LocalValue>
   <Feature ID="1733">
    <Measure ID="26" Sign="">
     <Signs/>
    </Measure>
    <Name ID="5409" langid="1" Value="Electronic compass"/>
   </Feature>
  </ProductFeature>
  <ProductFeature Localized="0" ID="511109894" Local_ID="0" Value="Y" CategoryFeature_ID="712541" CategoryFeatureGroup_ID="26690" No="100000" Optional="0" Presentation_Value="Yes" Translated="1" Mandatory="0" Searchable="0">
   <LocalValue Value="Yes">
    <Measure ID="26">
     <Signs/>
    </Measure>
   </LocalValue>
   <Feature ID="43798">
    <Measure ID="26" Sign="">
     <Signs/>
    </Measure>
    <Name ID="7806165" langid="1" Value="Stress monitoring function"/>
   </Feature>
  </ProductFeature>
  <ProductFeature Localized="0" ID="511109895" Local_ID="0" Value="Y" CategoryFeature_ID="891287" CategoryFeatureGroup_ID="26690" No="100000" Optional="0" Presentation_Value="Yes" Translated="1" Mandatory="0" Searchable="0">
   <LocalValue Value="Yes">
    <Measure ID="26">
     <Signs/>
    </Measure>
   </LocalValue>
   <Feature ID="1734">
    <Measure ID="26" Sign="">
     <Signs/>
    </Measure>
    <Name ID="5411" langid="1" Value="Barometric altimeter"/>
   </Feature>
  </ProductFeature>
  <ProductFeature Localized="0" ID="511109896" Local_ID="0" Value="Y" CategoryFeature_ID="891289" CategoryFeatureGroup_ID="26690" No="100000" Optional="0" Presentation_Value="Yes" Translated="1" Mandatory="0" Searchable="0">
   <LocalValue Value="Yes">
    <Measure ID="26">
     <Signs/>
    </Measure>
   </LocalValue>
   <Feature ID="3539">
    <Measure ID="26" Sign="">
     <Signs/>
    </Measure>
    <Name ID="33976" langid="1" Value="Alarm clock"/>
   </Feature>
  </ProductFeature>
  <ProductFeature Localized="0" ID="511109897" Local_ID="0" Value="Y" CategoryFeature_ID="891290" CategoryFeatureGroup_ID="26690" No="100000" Optional="0" Presentation_Value="Yes" Translated="1" Mandatory="0" Searchable="0">
   <LocalValue Value="Yes">
    <Measure ID="26">
     <Signs/>
    </Measure>
   </LocalValue>
   <Feature ID="3540">
    <Measure ID="26" Sign="">
     <Signs/>
    </Measure>
    <Name ID="33982" langid="1" Value="Calendar"/>
   </Feature>
  </ProductFeature>
  <ProductFeature Localized="0" ID="644190888" Local_ID="0" Value="Y" CategoryFeature_ID="891291" CategoryFeatureGroup_ID="26690" No="100000" Optional="0" Presentation_Value="Yes" Translated="1" Mandatory="0" Searchable="0">
   <LocalValue Value="Yes">
    <Measure ID="26">
     <Signs/>
    </Measure>
   </LocalValue>
   <Feature ID="3855">
    <Measure ID="26" Sign="">
     <Signs/>
    </Measure>
    <Name ID="45390" langid="1" Value="Stopwatch"/>
   </Feature>
  </ProductFeature>
  <ProductFeature Localized="0" ID="511109898" Local_ID="0" Value="Y" CategoryFeature_ID="891292" CategoryFeatureGroup_ID="26690" No="100000" Optional="0" Presentation_Value="Yes" Translated="1" Mandatory="0" Searchable="0">
   <LocalValue Value="Yes">
    <Measure ID="26">
     <Signs/>
    </Measure>
   </LocalValue>
   <Feature ID="7128">
    <Measure ID="26" Sign="">
     <Signs/>
    </Measure>
    <Name ID="346415" langid="1" Value="Time/distance alert"/>
   </Feature>
  </ProductFeature>
  <ProductFeature Localized="0" ID="511109899" Local_ID="0" Value="Y" CategoryFeature_ID="891293" CategoryFeatureGroup_ID="26690" No="100000" Optional="0" Presentation_Value="Yes" Translated="1" Mandatory="0" Searchable="0">
   <LocalValue Value="Yes">
    <Measure ID="26">
     <Signs/>
    </Measure>
   </LocalValue>
   <Feature ID="7129">
    <Measure ID="26" Sign="">
     <Signs/>
    </Measure>
    <Name ID="346447" langid="1" Value="Interval training"/>
   </Feature>
  </ProductFeature>
  <ProductFeature Localized="0" ID="511109900" Local_ID="0" Value="Y" CategoryFeature_ID="891294" CategoryFeatureGroup_ID="26690" No="100000" Optional="0" Presentation_Value="Yes" Translated="1" Mandatory="0" Searchable="0">
   <LocalValue Value="Yes">
    <Measure ID="26">
     <Signs/>
    </Measure>
   </LocalValue>
   <Feature ID="7130">
    <Measure ID="26" Sign="">
     <Signs/>
    </Measure>
    <Name ID="346479" langid="1" Value="Heart rate-based calorie computation"/>
   </Feature>
  </ProductFeature>
  <ProductFeature Localized="0" ID="511109901" Local_ID="0" Value="Y" CategoryFeature_ID="891297" CategoryFeatureGroup_ID="26690" No="100000" Optional="0" Presentation_Value="Yes" Translated="1" Mandatory="0" Searchable="0">
   <LocalValue Value="Yes">
    <Measure ID="26">
     <Signs/>
    </Measure>
   </LocalValue>
   <Feature ID="7134">
    <Measure ID="26" Sign="">
     <Signs/>
    </Measure>
    <Name ID="346607" langid="1" Value="Advanced workouts"/>
   </Feature>
  </ProductFeature>
  <ProductFeature Localized="0" ID="511109902" Local_ID="0" Value="Y" CategoryFeature_ID="891319" CategoryFeatureGroup_ID="26690" No="100000" Optional="0" Presentation_Value="Yes" Translated="1" Mandatory="0" Searchable="0">
   <LocalValue Value="Yes">
    <Measure ID="26">
     <Signs/>
    </Measure>
   </LocalValue>
   <Feature ID="16158">
    <Measure ID="26" Sign="">
     <Signs/>
    </Measure>
    <Name ID="1200364" langid="1" Value="Recovery time suggestion"/>
   </Feature>
  </ProductFeature>
  <ProductFeature Localized="0" ID="511109903" Local_ID="0" Value="Cycling,Rowing,Running,Skiing,Surfing,Swimming" CategoryFeature_ID="891321" CategoryFeatureGroup_ID="26690" No="100000" Optional="0" Presentation_Value="Cycling, Rowing, Running, Skiing, Surfing, Swimming" Translated="1" Mandatory="0" Searchable="0">
   <LocalValue Value="Cycling, Rowing, Running, Skiing, Surfing, Swimming">
    <Measure ID="29">
     <Signs/>
    </Measure>
   </LocalValue>
   <Feature ID="17052">
    <Measure ID="29" Sign="">
     <Signs/>
    </Measure>
    <Name ID="1226050" langid="1" Value="Recommended activity"/>
   </Feature>
  </ProductFeature>
  <ProductFeature Localized="0" ID="511109904" Local_ID="0" Value="Y" CategoryFeature_ID="891325" CategoryFeatureGroup_ID="26690" No="100000" Optional="0" Presentation_Value="Yes" Translated="1" Mandatory="0" Searchable="0">
   <LocalValue Value="Yes">
    <Measure ID="26">
     <Signs/>
    </Measure>
   </LocalValue>
   <Feature ID="25433">
    <Measure ID="26" Sign="">
     <Signs/>
    </Measure>
    <Name ID="2149250" langid="1" Value="Music control"/>
   </Feature>
  </ProductFeature>
  <ProductFeature Localized="0" ID="511109905" Local_ID="0" Value="Y" CategoryFeature_ID="891326" CategoryFeatureGroup_ID="26690" No="100000" Optional="0" Presentation_Value="Yes" Translated="1" Mandatory="0" Searchable="0">
   <LocalValue Value="Yes">
    <Measure ID="26">
     <Signs/>
    </Measure>
   </LocalValue>
   <Feature ID="25434">
    <Measure ID="26" Sign="">
     <Signs/>
    </Measure>
    <Name ID="2149301" langid="1" Value="Find my phone function"/>
   </Feature>
  </ProductFeature>
  <ProductFeature Localized="0" ID="511109906" Local_ID="0" Value="Y" CategoryFeature_ID="891328" CategoryFeatureGroup_ID="26690" No="100000" Optional="0" Presentation_Value="Yes" Translated="1" Mandatory="0" Searchable="0">
   <LocalValue Value="Yes">
    <Measure ID="26">
     <Signs/>
    </Measure>
   </LocalValue>
   <Feature ID="25438">
    <Measure ID="26" Sign="">
     <Signs/>
    </Measure>
    <Name ID="2149715" langid="1" Value="Automatic pause"/>
   </Feature>
  </ProductFeature>
  <ProductFeature Localized="0" ID="511109907" Local_ID="0" Value="Y" CategoryFeature_ID="891330" CategoryFeatureGroup_ID="26690" No="100000" Optional="0" Presentation_Value="Yes" Translated="1" Mandatory="0" Searchable="0">
   <LocalValue Value="Yes">
    <Measure ID="26">
     <Signs/>
    </Measure>
   </LocalValue>
   <Feature ID="25440">
    <Measure ID="26" Sign="">
     <Signs/>
    </Measure>
    <Name ID="2149820" langid="1" Value="Virtual partner function"/>
   </Feature>
  </ProductFeature>
  <ProductFeature Localized="0" ID="511109908" Local_ID="0" Value="Y" CategoryFeature_ID="891331" CategoryFeatureGroup_ID="26690" No="100000" Optional="0" Presentation_Value="Yes" Translated="1" Mandatory="0" Searchable="0">
   <LocalValue Value="Yes">
    <Measure ID="26">
     <Signs/>
    </Measure>
   </LocalValue>
   <Feature ID="25441">
    <Measure ID="26" Sign="">
     <Signs/>
    </Measure>
    <Name ID="2149871" langid="1" Value="Virtual racer function"/>
   </Feature>
  </ProductFeature>
  <ProductFeature Localized="0" ID="511109909" Local_ID="0" Value="Y" CategoryFeature_ID="186989" CategoryFeatureGroup_ID="26690" No="99998" Optional="0" Presentation_Value="Yes" Translated="1" Mandatory="0" Searchable="0">
   <LocalValue Value="Yes">
    <Measure ID="26">
     <Signs/>
    </Measure>
   </LocalValue>
   <Feature ID="6216">
    <Measure ID="26" Sign="">
     <Signs/>
    </Measure>
    <Name ID="141129" langid="1" Value="Thermometer"/>
   </Feature>
  </ProductFeature>
  <ProductFeature Localized="0" ID="511109910" Local_ID="0" Value="N" CategoryFeature_ID="336994" CategoryFeatureGroup_ID="10361" No="100105" Optional="0" Presentation_Value="No" Translated="1" Mandatory="1" Searchable="0">
   <LocalValue Value="No">
    <Measure ID="26">
     <Signs/>
    </Measure>
   </LocalValue>
   <Feature ID="24557">
    <Measure ID="26" Sign="">
     <Signs/>
    </Measure>
    <Name ID="2025856" langid="1" Value="Mobile network connection"/>
   </Feature>
  </ProductFeature>
  <ProductFeature Localized="0" ID="644190978" Local_ID="0" Value="Y" CategoryFeature_ID="94695" CategoryFeatureGroup_ID="10361" No="100001" Optional="0" Presentation_Value="Yes" Translated="1" Mandatory="0" Searchable="0">
   <LocalValue Value="Yes">
    <Measure ID="26">
     <Signs/>
    </Measure>
   </LocalValue>
   <Feature ID="16404">
    <Measure ID="26" Sign="">
     <Signs/>
    </Measure>
    <Name ID="1207415" langid="1" Value="ANT+ enabled"/>
   </Feature>
  </ProductFeature>
  <ProductFeature Localized="0" ID="511109912" Local_ID="0" Value="Y" CategoryFeature_ID="94693" CategoryFeatureGroup_ID="10361" No="99870" Optional="0" Presentation_Value="Yes" Translated="1" Mandatory="0" Searchable="0">
   <LocalValue Value="Yes">
    <Measure ID="26">
     <Signs/>
    </Measure>
   </LocalValue>
   <Feature ID="3329">
    <Measure ID="26" Sign="">
     <Signs/>
    </Measure>
    <Name ID="31840" langid="1" Value="GPS (satellite)"/>
   </Feature>
  </ProductFeature>
  <ProductFeature Localized="0" ID="511109913" Local_ID="0" Value="Y" CategoryFeature_ID="217813" CategoryFeatureGroup_ID="10361" No="99865" Optional="0" Presentation_Value="Yes" Translated="1" Mandatory="0" Searchable="0">
   <LocalValue Value="Yes">
    <Measure ID="26">
     <Signs/>
    </Measure>
   </LocalValue>
   <Feature ID="15618">
    <Measure ID="26" Sign="">
     <Signs/>
    </Measure>
    <Name ID="1177617" langid="1" Value="GLONASS"/>
   </Feature>
  </ProductFeature>
  <ProductFeature Localized="0" ID="511109914" Local_ID="0" Value="Y" CategoryFeature_ID="270635" CategoryFeatureGroup_ID="10361" No="99860" Optional="0" Presentation_Value="Yes" Translated="1" Mandatory="0" Searchable="0">
   <LocalValue Value="Yes">
    <Measure ID="26">
     <Signs/>
    </Measure>
   </LocalValue>
   <Feature ID="33685">
    <Measure ID="26" Sign="">
     <Signs/>
    </Measure>
    <Name ID="3435258" langid="1" Value="Galileo"/>
   </Feature>
  </ProductFeature>
  <ProductFeature Localized="0" ID="511109933" Local_ID="0" Value="N" CategoryFeature_ID="94698" CategoryFeatureGroup_ID="9989" No="10100050" Optional="0" Presentation_Value="No" Translated="1" Mandatory="1" Searchable="1">
   <LocalValue Value="No">
    <Measure ID="26">
     <Signs/>
    </Measure>
   </LocalValue>
   <Feature ID="3239">
    <Measure ID="26" Sign="">
     <Signs/>
    </Measure>
    <Name ID="30766" langid="1" Value="Wi-Fi"/>
   </Feature>
  </ProductFeature>
  <ProductFeature Localized="0" ID="511109948" Local_ID="0" Value="Y" CategoryFeature_ID="94696" CategoryFeatureGroup_ID="9989" No="10100045" Optional="0" Presentation_Value="Yes" Translated="1" Mandatory="0" Searchable="0">
   <LocalValue Value="Yes">
    <Measure ID="26">
     <Signs/>
    </Measure>
   </LocalValue>
   <Feature ID="2183">
    <Measure ID="26" Sign="">
     <Signs/>
    </Measure>
    <Name ID="11148" langid="1" Value="Bluetooth"/>
   </Feature>
  </ProductFeature>
  <ProductFeature Localized="0" ID="511109959" Local_ID="0" Value="Built-in battery" CategoryFeature_ID="319967" CategoryFeatureGroup_ID="9984" No="100105" Optional="0" Presentation_Value="Built-in battery" Translated="1" Mandatory="1" Searchable="0">
   <LocalValue Value="Built-in battery">
    <Measure ID="29">
     <Signs/>
    </Measure>
   </LocalValue>
   <Feature ID="908">
    <Measure ID="29" Sign="">
     <Signs/>
    </Measure>
    <Name ID="3357" langid="1" Value="Battery type"/>
   </Feature>
  </ProductFeature>
  <ProductFeature Localized="0" ID="511109956" Local_ID="0" Value="Lithium-Ion (Li-Ion)" CategoryFeature_ID="85333" CategoryFeatureGroup_ID="9984" No="100100" Optional="0" Presentation_Value="Lithium-Ion (Li-Ion)" Translated="1" Mandatory="1" Searchable="0">
   <LocalValue Value="Lithium-Ion (Li-Ion)">
    <Measure ID="29">
     <Signs/>
    </Measure>
   </LocalValue>
   <Feature ID="434">
    <Measure ID="29" Sign="">
     <Signs/>
    </Measure>
    <Name ID="2235" langid="1" Value="Battery technology"/>
   </Feature>
  </ProductFeature>
  <ProductFeature Localized="0" ID="511109958" Local_ID="0" Value="288" CategoryFeature_ID="271071" CategoryFeatureGroup_ID="9984" No="100075" Optional="0" Presentation_Value="288 h" Translated="0" Mandatory="1" Searchable="0">
   <LocalValue Value="288">
    <Measure ID="46">
     <Signs>
      <Sign ID="30" langid="1"><![CDATA[h]]></Sign>
     </Signs>
    </Measure>
   </LocalValue>
   <Feature ID="1721">
    <Measure ID="46" Sign="">
     <Signs>
      <Sign ID="30" langid="1"><![CDATA[h]]></Sign>
     </Signs>
    </Measure>
    <Name ID="5385" langid="1" Value="Battery life (max)"/>
   </Feature>
  </ProductFeature>
  <ProductFeature Localized="0" ID="511109960" Local_ID="0" Value="12" CategoryFeature_ID="891369" CategoryFeatureGroup_ID="9984" No="100070" Optional="0" Presentation_Value="12 day(s)" Translated="0" Mandatory="0" Searchable="0">
   <LocalValue Value="12">
    <Measure ID="49">
     <Signs>
      <Sign ID="33" langid="1"><![CDATA[day(s)]]></Sign>
     </Signs>
    </Measure>
   </LocalValue>
   <Feature ID="17544">
    <Measure ID="49" Sign="">
     <Signs>
      <Sign ID="33" langid="1"><![CDATA[day(s)]]></Sign>
     </Signs>
    </Measure>
    <Name ID="1246861" langid="1" Value="Battery life"/>
   </Feature>
  </ProductFeature>
  <ProductFeature Localized="0" ID="511109962" Local_ID="0" Value="26" CategoryFeature_ID="271061" CategoryFeatureGroup_ID="9984" No="100069" Optional="0" Presentation_Value="26 h" Translated="0" Mandatory="0" Searchable="0">
   <LocalValue Value="26">
    <Measure ID="46">
     <Signs>
      <Sign ID="30" langid="1"><![CDATA[h]]></Sign>
     </Signs>
    </Measure>
   </LocalValue>
   <Feature ID="25430">
    <Measure ID="46" Sign="">
     <Signs>
      <Sign ID="30" langid="1"><![CDATA[h]]></Sign>
     </Signs>
    </Measure>
    <Name ID="2149043" langid="1" Value="Battery life (GPS mode)"/>
   </Feature>
  </ProductFeature>
  <ProductFeature Localized="0" ID="511109971" Local_ID="0" Value="1.7143" CategoryFeature_ID="891365" CategoryFeatureGroup_ID="9984" No="100000" Optional="0" Presentation_Value="1.7143 week(s)" Translated="0" Mandatory="0" Searchable="0">
   <LocalValue Value="1.7143">
    <Measure ID="259">
     <Signs>
      <Sign ID="15613" langid="1"><![CDATA[week(s)]]></Sign>
     </Signs>
    </Measure>
   </LocalValue>
   <Feature ID="25432">
    <Measure ID="259" Sign="">
     <Signs>
      <Sign ID="15613" langid="1"><![CDATA[week(s)]]></Sign>
     </Signs>
    </Measure>
    <Name ID="2149199" langid="1" Value="Battery life (max)"/>
   </Feature>
  </ProductFeature>
  <ProductFeature Localized="0" ID="511109963" Local_ID="0" Value="41" CategoryFeature_ID="85294" CategoryFeatureGroup_ID="9976" No="100100" Optional="0" Presentation_Value="41 mm" Translated="0" Mandatory="0" Searchable="0">
   <LocalValue Value="41">
    <Measure ID="24">
     <Signs>
      <Sign ID="3" langid="1"><![CDATA[mm]]></Sign>
     </Signs>
    </Measure>
   </LocalValue>
   <Feature ID="1649">
    <Measure ID="24" Sign="">
     <Signs>
      <Sign ID="3" langid="1"><![CDATA[mm]]></Sign>
     </Signs>
    </Measure>
    <Name ID="5143" langid="1" Value="Width"/>
   </Feature>
  </ProductFeature>
  <ProductFeature Localized="0" ID="511109964" Local_ID="0" Value="41" CategoryFeature_ID="85299" CategoryFeatureGroup_ID="9976" No="100099" Optional="0" Presentation_Value="41 mm" Translated="0" Mandatory="0" Searchable="0">
   <LocalValue Value="41">
    <Measure ID="24">
     <Signs>
      <Sign ID="3" langid="1"><![CDATA[mm]]></Sign>
     </Signs>
    </Measure>
   </LocalValue>
   <Feature ID="1650">
    <Measure ID="24" Sign="">
     <Signs>
      <Sign ID="3" langid="1"><![CDATA[mm]]></Sign>
     </Signs>
    </Measure>
    <Name ID="5145" langid="1" Value="Depth"/>
   </Feature>
  </ProductFeature>
  <ProductFeature Localized="0" ID="685893090" Local_ID="0" Value="12.4" CategoryFeature_ID="85296" CategoryFeatureGroup_ID="9976" No="100095" Optional="0" Presentation_Value="1.24 cm" Translated="0" Mandatory="0" Searchable="0">
   <LocalValue Value="1.24">
    <Measure ID="34">
     <Signs>
      <Sign ID="18" langid="1"><![CDATA[cm]]></Sign>
     </Signs>
    </Measure>
   </LocalValue>
   <Feature ID="2757">
    <Measure ID="24" Sign="">
     <Signs>
      <Sign ID="3" langid="1"><![CDATA[mm]]></Sign>
     </Signs>
    </Measure>
    <Name ID="13956" langid="1" Value="Thickness"/>
   </Feature>
  </ProductFeature>
  <ProductFeature Localized="0" ID="511109965" Local_ID="0" Value="39" CategoryFeature_ID="85297" CategoryFeatureGroup_ID="9976" No="100094" Optional="0" Presentation_Value="39 g" Translated="0" Mandatory="0" Searchable="0">
   <LocalValue Value="39">
    <Measure ID="38">
     <Signs>
      <Sign ID="22" langid="1"><![CDATA[g]]></Sign>
     </Signs>
    </Measure>
   </LocalValue>
   <Feature ID="94">
    <Measure ID="38" Sign="">
     <Signs>
      <Sign ID="22" langid="1"><![CDATA[g]]></Sign>
     </Signs>
    </Measure>
    <Name ID="1525" langid="1" Value="Weight"/>
   </Feature>
  </ProductFeature>
  <ProductFeature Localized="0" ID="511109966" Local_ID="0" Value="18" CategoryFeature_ID="94546" CategoryFeatureGroup_ID="9976" No="100000" Optional="0" Presentation_Value="1.8 cm" Translated="0" Mandatory="0" Searchable="0">
   <LocalValue Value="1.8">
    <Measure ID="34">
     <Signs>
      <Sign ID="18" langid="1"><![CDATA[cm]]></Sign>
     </Signs>
    </Measure>
   </LocalValue>
   <Feature ID="11026">
    <Measure ID="24" Sign="">
     <Signs>
      <Sign ID="3" langid="1"><![CDATA[mm]]></Sign>
     </Signs>
    </Measure>
    <Name ID="964635" langid="1" Value="Band width"/>
   </Feature>
  </ProductFeature>
  <ProductFeature Localized="0" ID="511109967" Local_ID="0" Value="41 x 12.4 x 41" CategoryFeature_ID="891358" CategoryFeatureGroup_ID="9976" No="100000" Optional="0" Presentation_Value="41 x 12.4 x 41 mm" Translated="0" Mandatory="0" Searchable="0">
   <LocalValue Value="41 x 12.4 x 41">
    <Measure ID="24">
     <Signs>
      <Sign ID="3" langid="1"><![CDATA[mm]]></Sign>
     </Signs>
    </Measure>
   </LocalValue>
   <Feature ID="49">
    <Measure ID="24" Sign="">
     <Signs>
      <Sign ID="3" langid="1"><![CDATA[mm]]></Sign>
     </Signs>
    </Measure>
    <Name ID="1435" langid="1" Value="Dimensions (WxDxH)"/>
   </Feature>
  </ProductFeature>
  <ProductFeature Localized="0" ID="511109969" Local_ID="0" Value="Y" CategoryFeature_ID="140697" CategoryFeatureGroup_ID="15273" No="100000" Optional="0" Presentation_Value="Yes" Translated="1" Mandatory="0" Searchable="0">
   <LocalValue Value="Yes">
    <Measure ID="26">
     <Signs/>
    </Measure>
   </LocalValue>
   <Feature ID="3965">
    <Measure ID="26" Sign="">
     <Signs/>
    </Measure>
    <Name ID="56040" langid="1" Value="Manual"/>
   </Feature>
  </ProductFeature>
  <ProductGallery>
   <ProductPicture IsMain="Y" LowPic="https://inishop.com/img/gallery_lows/101675427_2969496309.jpg" LowPicHeight="200" LowPicWidth="200" LowSize="22210" No="1" Original="https://inishop.com/img/gallery_raw/101675427_2969496309.jpeg" OriginalSize="24188" Pic="https://inishop.com/img/gallery/101675427_2969496309.jpg" Pic500x500="https://inishop.com/img/gallery_mediums/101675427_2969496309.jpg" Pic500x500Height="500" Pic500x500Size="86202" Pic500x500Width="500" PicHeight="600" PicWidth="600" ProductPicture_ID="68814311" Size="53354" ThumbPic="https://inishop.com/img/gallery_thumbs/101675427_2969496309.jpg" ThumbSize="5353" Type="ProductImage" UpdatedDate="2022-11-13 10:38:34"/>
   <ProductPicture LowPic="https://inishop.com/img/gallery_lows/101675427_1511088555.jpg" LowPicHeight="200" LowPicWidth="200" LowSize="18297" No="2" Original="https://inishop.com/img/gallery_raw/101675427_1511088555.jpeg" OriginalSize="19598" Pic="https://inishop.com/img/gallery/101675427_1511088555.jpg" Pic500x500="https://inishop.com/img/gallery_mediums/101675427_1511088555.jpg" Pic500x500Height="500" Pic500x500Size="69597" Pic500x500Width="500" PicHeight="600" PicWidth="600" ProductPicture_ID="68814313" Size="44272" ThumbPic="https://inishop.com/img/gallery_thumbs/101675427_1511088555.jpg" ThumbSize="4658" Type="ProductImage" UpdatedDate="2022-11-13 10:38:35"/>
   <ProductPicture LowPic="https://inishop.com/img/gallery_lows/100437696_7750845438.jpg" LowPicHeight="200" LowPicWidth="200" LowSize="19537" No="3" Original="https://inishop.com/img/gallery_raw/100437696_7750845438.jpeg" OriginalSize="20847" Pic="https://inishop.com/img/gallery/100437696_7750845438.jpg" Pic500x500="https://inishop.com/img/gallery_mediums/100437696_7750845438.jpg" Pic500x500Height="500" Pic500x500Size="75105" Pic500x500Width="500" PicHeight="600" PicWidth="600" ProductPicture_ID="68814316" Size="47405" ThumbPic="https://inishop.com/img/gallery_thumbs/100437696_7750845438.jpg" ThumbSize="4982" Type="ProductImage" UpdatedDate="2024-03-12 11:37:37"/>
   <ProductPicture LowPic="https://inishop.com/img/gallery_lows/100437696_2862602790.jpg" LowPicHeight="200" LowPicWidth="200" LowSize="17232" No="4" Original="https://inishop.com/img/gallery_raw/100437696_2862602790.jpeg" OriginalSize="17583" Pic="https://inishop.com/img/gallery/100437696_2862602790.jpg" Pic500x500="https://inishop.com/img/gallery_mediums/100437696_2862602790.jpg" Pic500x500Height="500" Pic500x500Size="64165" Pic500x500Width="500" PicHeight="600" PicWidth="600" ProductPicture_ID="68814318" Size="43192" ThumbPic="https://inishop.com/img/gallery_thumbs/100437696_2862602790.jpg" ThumbSize="5002" Type="ProductImage" UpdatedDate="2024-03-12 11:37:37"/>
   <ProductPicture LowPic="https://inishop.com/img/gallery_lows/100437696_9019220282.jpg" LowPicHeight="200" LowPicWidth="200" LowSize="17941" No="5" Original="https://inishop.com/img/gallery_raw/100437696_9019220282.jpeg" OriginalSize="19009" Pic="https://inishop.com/img/gallery/100437696_9019220282.jpg" Pic500x500="https://inishop.com/img/gallery_mediums/100437696_9019220282.jpg" Pic500x500Height="500" Pic500x500Size="67231" Pic500x500Width="500" PicHeight="600" PicWidth="600" ProductPicture_ID="68814323" Size="43114" ThumbPic="https://inishop.com/img/gallery_thumbs/100437696_9019220282.jpg" ThumbSize="4564" Type="ProductImage" UpdatedDate="2024-03-12 11:37:37"/>
   <ProductPicture LowPic="https://inishop.com/img/gallery_lows/101675427_5650265188.jpg" LowPicHeight="200" LowPicWidth="200" LowSize="16843" No="6" Original="https://inishop.com/img/gallery_raw/101675427_5650265188.jpeg" OriginalSize="16464" Pic="https://inishop.com/img/gallery/101675427_5650265188.jpg" Pic500x500="https://inishop.com/img/gallery_mediums/101675427_5650265188.jpg" Pic500x500Height="500" Pic500x500Size="63047" Pic500x500Width="500" PicHeight="600" PicWidth="600" ProductPicture_ID="68814324" Size="51102" ThumbPic="https://inishop.com/img/gallery_thumbs/101675427_5650265188.jpg" ThumbSize="4573" Type="ProductImage" UpdatedDate="2022-11-13 10:38:40"/>
   <ProductPicture LowPic="https://inishop.com/img/gallery_lows/100437696_5713434430.jpg" LowPicHeight="200" LowPicWidth="200" LowSize="17745" No="7" Original="https://inishop.com/img/gallery_raw/100437696_5713434430.jpeg" OriginalSize="18162" Pic="https://inishop.com/img/gallery/100437696_5713434430.jpg" Pic500x500="https://inishop.com/img/gallery_mediums/100437696_5713434430.jpg" Pic500x500Height="500" Pic500x500Size="66424" Pic500x500Width="500" PicHeight="600" PicWidth="600" ProductPicture_ID="68814326" Size="44320" ThumbPic="https://inishop.com/img/gallery_thumbs/100437696_5713434430.jpg" ThumbSize="5113" Type="ProductImage" UpdatedDate="2024-03-12 11:37:37"/>
  </ProductGallery>
  <ProductMultimediaObject>
   <MultimediaObject ContentType="application/pdf" Date="2022-11-13 12:52:59" Description="manual pdf" KeepAsURL="0" MultimediaObject_ID="22810673" Type="manual pdf" UUID="F5EFF499-86DB-4D35-B1D4-FD51D0A62FCE" langid="1" Height="0" PreviewHeight="0" PreviewSize="0" PreviewUrl="" PreviewWidth="0" Size="6002342" URL="https://inishop.com/objects/mmo_101675427_1668340379_6148_28138.pdf" Width="0"/>
   <MultimediaObject ContentType="video/mp4" Date="2022-11-13 12:53:47" Description="Garmin - Forerunner 255 Series" KeepAsURL="0" MultimediaObject_ID="22810670" Type="video/mp4" UUID="F3398185-013D-4A1A-81C2-BCDEC133F7B1" langid="1" OriginalMD5="292648c02b5b861e7b69d3af888df99d" ThumbUrl="https://inishop.com/objects/thumb/101675427_22810670_thumb.png" Height="0" PreviewHeight="0" PreviewSize="0" PreviewUrl="https://inishop.com/objects/preview/101675427_22810670_preview.png" PreviewWidth="0" Size="17427074" URL="https://inishop.com/objects/101675427_22810670.mp4" Width="0"/>
  </ProductMultimediaObject>
  <ProductRelated/>
  <SummaryDescription>
   <ShortSummaryDescription langid="1">Garmin Forerunner 255S, 2.79 cm (1.1&quot;), MIP, 4 GB, GPS (satellite), 39 g</ShortSummaryDescription>
   <LongSummaryDescription langid="1">Garmin Forerunner 255S. Display diagonal: 2.79 cm (1.1&quot;), Display technology: MIP, Display resolution: 218 x 218 pixels. Flash memory: 4 GB. GPS (satellite). Weight: 39 g. Band material: Silicone, Band colour: Pink</LongSummaryDescription>
  </SummaryDescription>
  <Supplier ID="202" Name="Garmin"/>
  <CatalogObjectCloud/>
  <BrandOrganizations>
   <Licensees/>
   <Representatives>
    <Representative ID="172489241077481767">
     <Organization ID="fa4153ab-9550-4dd0-988f-0e289b1f731e" Name="Garmin Deutschland GmbH" CountryCode="DE" State="" City="Garching (bei München)" Street="Parkring" HouseNumber="35" ZIP="85748">
      <URLs>
       <URL>https://www.garmin.com/de-DE/legal/impressum/</URL>
      </URLs>
      <Emails/>
     </Organization>
    </Representative>
   </Representatives>
  </BrandOrganizations>
 </Product>
</ICECAT-interface>
