<?xml version="1.0" encoding="UTF-8"?>
<!DOCTYPE ICECAT-interface SYSTEM "https://data.icecat.biz/dtd/ICECAT-interface_response.dtd">
<!--source: Icecat.biz 2025-->
<!--Language ID: 1-->
<!--Version: v2-->
<ICECAT-interface xmlns:xsi="http://www.w3.org/2001/XMLSchema-instance" xsi:noNamespaceSchemaLocation="https://data.icecat.biz/xsd/ICECAT-interface_response.xsd">
 <Product Code="1" HighPic="https://inishop.com/img/gallery/4f1b19c38ba7e176ba975391b8ba894359917fe3.jpg" HighPicHeight="424" HighPicSize="106246" HighPicWidth="246" ID="134703582" LowPic="https://inishop.com/img/gallery_lows/cd5942ca1c9b68a527f8e4502809d3e8e807cbf7.jpg" LowPicHeight="200" LowPicSize="32062" LowPicWidth="116" Name="Children's Allegra Allergy 12 Hour Dissolve Tabs" IntName="Allergy 12 Hour Dissolve Tabs" LocalName="Children's Allegra Allergy 12 Hour Dissolve Tabs" Pic500x500="" Pic500x500Height="0" Pic500x500Size="0" Pic500x500Width="0" Prod_id="1-00-41167-42326-4" Quality="ICECAT" ReleaseDate="" ThumbPic="https://inishop.com/img/gallery_thumbs/6580b1897a4ae4004f5ddc5b16d22ca0fa2488a4.jpg" ThumbPicSize="7183" Title="Allegra K Children's Allegra Allergy 12 Hour Dissolve Tabs" GeneratedIntTitle="Allegra K Allergy 12 Hour Dissolve Tabs" GeneratedLocalTitle="Allegra K Allergy 12 Hour Dissolve Tabs Tablet" BrandLocalTitle="Allegra K Children's Allegra Allergy 12 Hour Dissolve Tabs">
  <CategoryFeatureGroup ID="67146" No="0">
   <FeatureGroup ID="0">
    <Name ID="5073" langid="1" Value="Technical details"/>
   </FeatureGroup>
  </CategoryFeatureGroup>
  <CategoryFeatureGroup ID="17658" No="0">
   <FeatureGroup ID="14">
    <Name ID="5023" langid="1" Value="Weight &amp; dimensions"/>
   </FeatureGroup>
  </CategoryFeatureGroup>
  <CategoryFeatureGroup ID="18207" No="0">
   <FeatureGroup ID="67">
    <Name ID="27423" langid="1" Value="Packaging data"/>
   </FeatureGroup>
  </CategoryFeatureGroup>
  <CategoryFeatureGroup ID="42073" No="0">
   <FeatureGroup ID="76">
    <Name ID="28540" langid="1" Value="Certificates"/>
   </FeatureGroup>
  </CategoryFeatureGroup>
  <CategoryFeatureGroup ID="18206" No="0">
   <FeatureGroup ID="116">
    <Name ID="78852" langid="1" Value="Packaging content"/>
   </FeatureGroup>
  </CategoryFeatureGroup>
  <CategoryFeatureGroup ID="54117" No="0">
   <FeatureGroup ID="143">
    <Name ID="618812" langid="1" Value="Battery"/>
   </FeatureGroup>
  </CategoryFeatureGroup>
  <CategoryFeatureGroup ID="17656" No="5">
   <FeatureGroup ID="185">
    <Name ID="1219853" langid="1" Value="Features"/>
   </FeatureGroup>
  </CategoryFeatureGroup>
  <CategoryFeatureGroup ID="36314" No="0">
   <FeatureGroup ID="198">
    <Name ID="1788927" langid="1" Value="Logistics data"/>
   </FeatureGroup>
  </CategoryFeatureGroup>
  <CategoryFeatureGroup ID="60620" No="0">
   <FeatureGroup ID="232">
    <Name ID="3464238" langid="1" Value="Supplier features"/>
   </FeatureGroup>
  </CategoryFeatureGroup>
  <Category ID="4879">
   <Name ID="3731315" langid="1" Value="Antiallergic Drugs"/>
  </Category>
  <EANCode/>
  <ReleaseDate/>
  <EndOfLifeDate/>
  <ReasonsToBuy/>
  <BulletPoints>
   <BulletPoint Value="Long-lasting - 12 hours" langid="1" No="1"/>
   <BulletPoint Value="0% Brain Interference for non-drowsy allergy relief" langid="1" No="2"/>
   <BulletPoint Value="Kid-approved orange taste" langid="1" No="3"/>
  </BulletPoints>
  <GeneratedBulletPoints/>
  <ProductBundled/>
  <ProductDescription ID="104044185" LongDesc="&lt;b&gt;Relieve your child's tough allergy symptoms with 0% brain interference due to drowsiness,&lt;/b&gt;&lt;br&gt;&lt;br&gt;Children's Allegra Allergy 12 Hour Dissolve Tabs are specially designed to tackle allergy symptoms like runny noses, watery eyes, itchy noses, and more, for kids aged 6 and up without entering their brain. These tablets that dissolve on the tongue won't cross their blood-brain barrier or interfere with their concentration due to drowsiness. That's why Allegra is the #1 allergist-recommended children's non-drowsy allergy brand*." ManualPDFSize="0" ManualPDFURL="" MiddleDesc="" PDFSize="0" PDFURL="" ShortDesc="Children's Allegra Allergy 12 Hour Dissolve Tabs" URL="https://www.allegra.com/en-us/products/kids-allergy-relief/childrens-allergy-tablets" WarrantyInfo="" langid="1"/>
  <ProductFeature Localized="0" ID="835230484" Local_ID="0" Value="Tablet (substance)" CategoryFeature_ID="162301" CategoryFeatureGroup_ID="17656" No="10100100" Optional="0" Presentation_Value="Tablet" Translated="1" Mandatory="1" Searchable="1">
   <LocalValue Value="Tablet">
    <Measure ID="29">
     <Signs/>
    </Measure>
   </LocalValue>
   <Feature ID="25712">
    <Measure ID="29" Sign="">
     <Signs/>
    </Measure>
    <Name ID="2169362" langid="1" Value="Dosage form"/>
   </Feature>
  </ProductFeature>
  <ProductFeature Localized="0" ID="835230487" Local_ID="0" Value="Blister" CategoryFeature_ID="167653" CategoryFeatureGroup_ID="17656" No="100099" Optional="0" Presentation_Value="Blister" Translated="1" Mandatory="0" Searchable="0">
   <LocalValue Value="Blister">
    <Measure ID="29">
     <Signs/>
    </Measure>
   </LocalValue>
   <Feature ID="17965">
    <Measure ID="29" Sign="">
     <Signs/>
    </Measure>
    <Name ID="1313226" langid="1" Value="Dispenser type"/>
   </Feature>
  </ProductFeature>
  <ProductFeature Localized="0" ID="835230491" Local_ID="0" Value="Children" CategoryFeature_ID="162302" CategoryFeatureGroup_ID="17656" No="100095" Optional="0" Presentation_Value="Children" Translated="1" Mandatory="0" Searchable="0">
   <LocalValue Value="Children">
    <Measure ID="29">
     <Signs/>
    </Measure>
   </LocalValue>
   <Feature ID="9202">
    <Measure ID="29" Sign="">
     <Signs/>
    </Measure>
    <Name ID="765619" langid="1" Value="Suitable for"/>
   </Feature>
  </ProductFeature>
  <ProductFeature Localized="0" ID="835230795" Local_ID="0" Value="6" CategoryFeature_ID="162303" CategoryFeatureGroup_ID="17656" No="100090" Optional="0" Presentation_Value="6 yr(s)" Translated="0" Mandatory="0" Searchable="0">
   <LocalValue Value="6">
    <Measure ID="439">
     <Signs>
      <Sign ID="39428" langid="1"><![CDATA[yr(s)]]></Sign>
     </Signs>
    </Measure>
   </LocalValue>
   <Feature ID="7769">
    <Measure ID="439" Sign="">
     <Signs>
      <Sign ID="39428" langid="1"><![CDATA[yr(s)]]></Sign>
     </Signs>
    </Measure>
    <Name ID="600351" langid="1" Value="Minimum age"/>
   </Feature>
  </ProductFeature>
  <ProductFeature Localized="0" ID="835230676" Local_ID="0" Value="Orange" CategoryFeature_ID="162304" CategoryFeatureGroup_ID="17656" No="100085" Optional="0" Presentation_Value="Orange" Translated="1" Mandatory="0" Searchable="0">
   <LocalValue Value="Orange">
    <Measure ID="29">
     <Signs/>
    </Measure>
   </LocalValue>
   <Feature ID="12019">
    <Measure ID="29" Sign="">
     <Signs/>
    </Measure>
    <Name ID="1085517" langid="1" Value="Flavour"/>
   </Feature>
  </ProductFeature>
  <ProductFeature Localized="0" ID="835230655" Local_ID="0" Value="12" CategoryFeature_ID="162305" CategoryFeatureGroup_ID="17656" No="100080" Optional="0" Presentation_Value="12 h" Translated="0" Mandatory="0" Searchable="0">
   <LocalValue Value="12">
    <Measure ID="46">
     <Signs>
      <Sign ID="30" langid="1"><![CDATA[h]]></Sign>
     </Signs>
    </Measure>
   </LocalValue>
   <Feature ID="19115">
    <Measure ID="46" Sign="">
     <Signs>
      <Sign ID="30" langid="1"><![CDATA[h]]></Sign>
     </Signs>
    </Measure>
    <Name ID="1430503" langid="1" Value="Effect duration"/>
   </Feature>
  </ProductFeature>
  <ProductFeature Localized="0" ID="835230862" Local_ID="0" Value="Y" CategoryFeature_ID="162306" CategoryFeatureGroup_ID="17656" No="100030" Optional="0" Presentation_Value="Yes" Translated="1" Mandatory="0" Searchable="0">
   <LocalValue Value="Yes">
    <Measure ID="26">
     <Signs/>
    </Measure>
   </LocalValue>
   <Feature ID="25715">
    <Measure ID="26" Sign="">
     <Signs/>
    </Measure>
    <Name ID="2169515" langid="1" Value="Non-drowsy"/>
   </Feature>
  </ProductFeature>
  <ProductFeature Localized="0" ID="835230848" Local_ID="0" Value="Y" CategoryFeature_ID="162309" CategoryFeatureGroup_ID="17656" No="100027" Optional="0" Presentation_Value="Yes" Translated="1" Mandatory="0" Searchable="0">
   <LocalValue Value="Yes">
    <Measure ID="26">
     <Signs/>
    </Measure>
   </LocalValue>
   <Feature ID="25716">
    <Measure ID="26" Sign="">
     <Signs/>
    </Measure>
    <Name ID="2169566" langid="1" Value="Fast acting"/>
   </Feature>
  </ProductFeature>
  <ProductFeature Localized="0" ID="835230647" Local_ID="0" Value="Y" CategoryFeature_ID="162310" CategoryFeatureGroup_ID="17656" No="100026" Optional="0" Presentation_Value="Yes" Translated="1" Mandatory="0" Searchable="0">
   <LocalValue Value="Yes">
    <Measure ID="26">
     <Signs/>
    </Measure>
   </LocalValue>
   <Feature ID="18071">
    <Measure ID="26" Sign="">
     <Signs/>
    </Measure>
    <Name ID="1366410" langid="1" Value="Long-lasting"/>
   </Feature>
  </ProductFeature>
  <ProductFeature Localized="0" ID="835230852" Local_ID="0" Value="24" CategoryFeature_ID="280319" CategoryFeatureGroup_ID="17656" No="100000" Optional="0" Presentation_Value="24 pc(s)" Translated="0" Mandatory="0" Searchable="0">
   <LocalValue Value="24">
    <Measure ID="144">
     <Signs>
      <Sign ID="125" langid="1"><![CDATA[pc(s)]]></Sign>
     </Signs>
    </Measure>
   </LocalValue>
   <Feature ID="20228">
    <Measure ID="144" Sign="">
     <Signs>
      <Sign ID="125" langid="1"><![CDATA[pc(s)]]></Sign>
     </Signs>
    </Measure>
    <Name ID="1498423" langid="1" Value="Quantity per pack"/>
   </Feature>
  </ProductFeature>
  <ProductFeature Localized="1" ID="0" Local_ID="554061135" Value="" CategoryFeature_ID="162318" CategoryFeatureGroup_ID="17656" No="99999" Optional="0" Presentation_Value="aspartame, crospovidone, flavors, lactose monohydrate, magnesium stearate, methacrylic acid copolymer, microcrystalline cellulose, povidone, silicon dioxide" Translated="1" Mandatory="0" Searchable="0">
   <LocalValue Value="aspartame, crospovidone, flavors, lactose monohydrate, magnesium stearate, methacrylic acid copolymer, microcrystalline cellulose, povidone, silicon dioxide">
    <Measure ID="29">
     <Signs/>
    </Measure>
   </LocalValue>
   <Feature ID="16908">
    <Measure ID="29" Sign="">
     <Signs/>
    </Measure>
    <Name ID="1216897" langid="1" Value="Ingredients"/>
   </Feature>
  </ProductFeature>
  <ProductGallery>
   <ProductPicture IsMain="Y" LowPic="https://inishop.com/img/gallery_lows/cd5942ca1c9b68a527f8e4502809d3e8e807cbf7.jpg" LowPicHeight="200" LowPicWidth="116" LowSize="32062" No="1" Original="https://inishop.com/img/gallery_raw/1d7a3d22036a15fa9de753058b4a817dd5d7eaf3.webp" OriginalSize="28824" Pic="https://inishop.com/img/gallery/4f1b19c38ba7e176ba975391b8ba894359917fe3.jpg" Pic500x500="" Pic500x500Height="0" Pic500x500Size="0" Pic500x500Width="0" PicHeight="424" PicWidth="246" ProductPicture_ID="117095016" Size="106246" ThumbPic="https://inishop.com/img/gallery_thumbs/6580b1897a4ae4004f5ddc5b16d22ca0fa2488a4.jpg" ThumbSize="7183" Type="ProductImage" UpdatedDate="2025-09-09 10:14:05"/>
   <ProductPicture LowPic="https://inishop.com/img/gallery_lows/f47e218e6978dc3703c08f707c0f388bb5d6bf77.jpg" LowPicHeight="139" LowPicWidth="200" LowSize="36755" No="2" Original="https://inishop.com/img/gallery_raw/0340ca8ddacff3867df758f44585922988b4e989.webp" OriginalSize="71544" Pic="https://inishop.com/img/gallery/474f55b77a0e246e3d9c6a9905ad95eff86e1c4e.jpg" Pic500x500="https://inishop.com/img/gallery_mediums/34d23d1e7da5113702474734a54b2bf7d52af318.jpg" Pic500x500Height="348" Pic500x500Size="156734" Pic500x500Width="500" PicHeight="508" PicWidth="729" ProductPicture_ID="117095060" Size="268859" ThumbPic="https://inishop.com/img/gallery_thumbs/4a8071c8a89568b212563019d1ef8eb080d58dc6.jpg" ThumbSize="7867" Type="LifestyleImage" UpdatedDate="2025-09-09 10:15:10"/>
   <ProductPicture LowPic="https://inishop.com/img/gallery_lows/784fc481706b3a0a46010d9ebe66fef69f67eec2.jpg" LowPicHeight="139" LowPicWidth="200" LowSize="15346" No="3" Original="https://inishop.com/img/gallery_raw/d33e083a4b08cef427c89e494c11aaa8bfcd6f73.webp" OriginalSize="27836" Pic="https://inishop.com/img/gallery/1aeae5c8dd5eededa09286bc54fe3b993dc52bf4.jpg" Pic500x500="https://inishop.com/img/gallery_mediums/d1afe7b42e3787ad5faccc2e7f0ae9a8b08493b9.jpg" Pic500x500Height="348" Pic500x500Size="60076" Pic500x500Width="500" PicHeight="508" PicWidth="729" ProductPicture_ID="117095063" Size="102847" ThumbPic="https://inishop.com/img/gallery_thumbs/81ba53a304328c0d8833fc6f8d4caa344b2a70f5.jpg" ThumbSize="4481" Type="LifestyleImage" UpdatedDate="2025-09-09 10:15:15"/>
   <ProductPicture LowPic="https://inishop.com/img/gallery_lows/20d528f8c4befc65accc0c2dab816b0ffe28c7da.jpg" LowPicHeight="139" LowPicWidth="200" LowSize="40575" No="4" Original="https://inishop.com/img/gallery_raw/56a1972cbfb5cefb31c331d06bbe962ea5558b70.webp" OriginalSize="406482" Pic="https://inishop.com/img/gallery/f0aa1d23415cffb9f3a688ca2225290a36c24eda.jpg" Pic500x500="https://inishop.com/img/gallery_mediums/9f4bb1142a44481eeea629c968a2c65680785c38.jpg" Pic500x500Height="348" Pic500x500Size="184223" Pic500x500Width="500" PicHeight="508" PicWidth="729" ProductPicture_ID="117095066" Size="340775" ThumbPic="https://inishop.com/img/gallery_thumbs/cba6df39cb4d512afe9aec7be86fbd8a01acb9f1.jpg" ThumbSize="8411" Type="ProductImageAnnotated" UpdatedDate="2025-09-09 10:15:25" langid="1"/>
  </ProductGallery>
  <ProductMultimediaObject>
   <MultimediaObject ContentType="video/mp4" Date="2025-09-10 13:19:19" Description="Children's Allegra® Allergy 12 Hour Dissolve Tabs" KeepAsURL="0" MultimediaObject_ID="69144502" Type="video/mp4" UUID="710A78B6-29DC-4F88-A2EE-78DE3CABAAD2" langid="0" OriginalMD5="d7ede0e57e0b7bb626fbb0bd61b2df7e" ThumbUrl="https://inishop.com/objects/thumb/134703582_69144502_thumb.png" Height="0" PreviewHeight="0" PreviewSize="0" PreviewUrl="https://inishop.com/objects/preview/134703582_69144502_preview.png" PreviewWidth="0" Size="1402789" URL="https://inishop.com/objects/134703582_69144502.mp4" Width="0"/>
   <MultimediaObject ContentType="text/html" Date="2025-09-09 12:40:03" Description="ProductStory2.0" KeepAsURL="0" MultimediaObject_ID="69145055" Type="ProductStory2.0" UUID="A8F46678-E8EE-4A2E-80FE-F16D36856572" langid="1" Height="0" PreviewHeight="0" PreviewSize="0" PreviewUrl="" PreviewWidth="0" Size="4719" URL="https://inishop.com/objects/mmo_134703582_1757414403_4284_3600745.txt" Width="0"/>
   <MultimediaObject ContentType="application/zip" Date="2025-09-09 12:40:07" Description="ProductStory" KeepAsURL="0" MultimediaObject_ID="69145054" Type="ProductStory" UUID="4416B43F-2444-4F31-B2E8-965B0DE99867" langid="1" Height="0" PreviewHeight="0" PreviewSize="0" PreviewUrl="" PreviewWidth="0" Size="1761" URL="https://inishop.com/objects/mmo_134703582_1757414407_5602_2419550.zip" Width="0"/>
  </ProductMultimediaObject>
  <ProductRelated/>
  <SummaryDescription>
   <ShortSummaryDescription langid="1">Allegra K Children's Allegra Allergy 12 Hour Dissolve Tabs, Tablet, Blister, Orange</ShortSummaryDescription>
   <LongSummaryDescription langid="1">Allegra K Children's Allegra Allergy 12 Hour Dissolve Tabs. Dosage form: Tablet, Dispenser type: Blister, Suitable for: Children</LongSummaryDescription>
  </SummaryDescription>
  <Supplier ID="26222" Name="Allegra K"/>
  <CatalogObjectCloud/>
  <BrandOrganizations/>
 </Product>
</ICECAT-interface>
