<?xml version="1.0" encoding="UTF-8"?>
<!DOCTYPE ICECAT-interface SYSTEM "https://data.icecat.biz/dtd/ICECAT-interface_response.dtd">
<!--source: Icecat.biz 2025-->
<!--Language ID: 1-->
<!--Version: v2-->
<ICECAT-interface xmlns:xsi="http://www.w3.org/2001/XMLSchema-instance" xsi:noNamespaceSchemaLocation="https://data.icecat.biz/xsd/ICECAT-interface_response.xsd">
 <Product Code="1" HighPic="https://inishop.com/img/gallery/9c1acbc7adde51d3409ae3cb2c3d7f20d5efcfb1.jpg" HighPicHeight="597" HighPicSize="178514" HighPicWidth="545" ID="134703646" LowPic="https://inishop.com/img/gallery_lows/238293874d41dbe2126eb573986772c425a23c2d.jpg" LowPicHeight="200" LowPicSize="38167" LowPicWidth="183" Name="Magnificent Roses" IntName="Magnificent Roses" LocalName="" Pic500x500="https://inishop.com/img/gallery_mediums/358cd50425721bf2e9f611a0e8b2c2fe34912044.jpg" Pic500x500Height="500" Pic500x500Size="169692" Pic500x500Width="456" Prod_id="1001-P-156598" Quality="ICECAT" ReleaseDate="" ThumbPic="https://inishop.com/img/gallery_thumbs/7dc5e3ba9afed12eece383bf284f2bbd0de0114b.jpg" ThumbPicSize="8040" Title="1-800-Flowers Magnificent Roses Just because" GeneratedIntTitle="1-800-Flowers Magnificent Roses" GeneratedLocalTitle="1-800-Flowers Magnificent Roses Just because" BrandLocalTitle="">
  <CategoryFeatureGroup ID="67105" No="0">
   <FeatureGroup ID="0">
    <Name ID="5073" langid="1" Value="Technical details"/>
   </FeatureGroup>
  </CategoryFeatureGroup>
  <CategoryFeatureGroup ID="47651" No="0">
   <FeatureGroup ID="14">
    <Name ID="5023" langid="1" Value="Weight &amp; dimensions"/>
   </FeatureGroup>
  </CategoryFeatureGroup>
  <CategoryFeatureGroup ID="43811" No="0">
   <FeatureGroup ID="76">
    <Name ID="28540" langid="1" Value="Certificates"/>
   </FeatureGroup>
  </CategoryFeatureGroup>
  <CategoryFeatureGroup ID="50570" No="0">
   <FeatureGroup ID="116">
    <Name ID="78852" langid="1" Value="Packaging content"/>
   </FeatureGroup>
  </CategoryFeatureGroup>
  <CategoryFeatureGroup ID="55797" No="0">
   <FeatureGroup ID="143">
    <Name ID="618812" langid="1" Value="Battery"/>
   </FeatureGroup>
  </CategoryFeatureGroup>
  <CategoryFeatureGroup ID="24776" No="50">
   <FeatureGroup ID="185">
    <Name ID="1219853" langid="1" Value="Features"/>
   </FeatureGroup>
  </CategoryFeatureGroup>
  <CategoryFeatureGroup ID="37775" No="0">
   <FeatureGroup ID="198">
    <Name ID="1788927" langid="1" Value="Logistics data"/>
   </FeatureGroup>
  </CategoryFeatureGroup>
  <CategoryFeatureGroup ID="62322" No="0">
   <FeatureGroup ID="232">
    <Name ID="3464238" langid="1" Value="Supplier features"/>
   </FeatureGroup>
  </CategoryFeatureGroup>
  <Category ID="4796">
   <Name ID="3731236" langid="1" Value="Fresh Cut Mixed Bouquets &amp; Flowers"/>
  </Category>
  <EANCode/>
  <ReleaseDate/>
  <EndOfLifeDate/>
  <ReasonsToBuy/>
  <BulletPoints>
   <BulletPoint Value="Luxe Hat box includes 34-36 roses measures: 12&quot;D x 8.5&quot;H (box only, exclusive of roses)" langid="1" No="1"/>
   <BulletPoint Value="Premier Hat box includes 22-24 roses measures: 8.5D&quot; x 5.5&quot;H (box only, exclusive of roses" langid="1" No="2"/>
   <BulletPoint Value="Classic Hat box includes 11-14 roses measures: 7&quot;D x 5.5&quot;H (box only, exclusive of roses" langid="1" No="3"/>
   <BulletPoint Value="Measurements are for box only, exclusive of roses" langid="1" No="4"/>
   <BulletPoint Value="Roses and hat box arrive inside a decorative gift box with coordinating ribbon" langid="1" No="5"/>
   <BulletPoint Value="Preserved roses will maintain their original beauty for one year or more with proper care" langid="1" No="6"/>
   <BulletPoint Value="Care instructions: Arrangements do not require watering; for maximum beauty, keep away from extreme sunlight &amp; humidity" langid="1" No="7"/>
  </BulletPoints>
  <GeneratedBulletPoints/>
  <ProductBundled/>
  <ProductDescription ID="104044376" LongDesc="EXCLUSIVE A gift of lasting luxury. Our genuine roses are selected for their size and perfection, carefully preserved to maintain their exquisite beauty and artfully arranged in a decorative hat box to surprise someone truly magnificent. Your choice of Premier or Luxe sized preserved roses in red or pink or Classic, Premier, or Luxe sized preserved roses in lavender. All displayed in an elegant, round, hat box-style container; tied with satin bow in coordinating color.&lt;br&gt;&lt;br&gt;&lt;b&gt;About Magnificent Roses®&lt;/b&gt;&lt;br&gt;A proprietary brand of exceptional quality preserved roses designed exclusively for 1800Flowers.com. Each unique and genuine rose is hand-chosen at the peak of perfection and then preserved to maintain the original natural beauty of each unique rose. A luxurious and romantic gift of love and adoration to cherish over time." ManualPDFSize="0" ManualPDFURL="" MiddleDesc="" PDFSize="0" PDFURL="" ShortDesc="Magnificent Roses, Luxe Red" URL="https://www.1800flowers.com/magnificent-roses-preserved-roses-156598" WarrantyInfo="" langid="1"/>
  <ProductFeature Localized="0" ID="835245142" Local_ID="0" Value="Fresh cut flower" CategoryFeature_ID="935697" CategoryFeatureGroup_ID="24776" No="10100500" Optional="0" Presentation_Value="Fresh cut flower" Translated="0" Mandatory="1" Searchable="1">
   <LocalValue Value="Fresh cut flower">
    <Measure ID="29">
     <Signs/>
    </Measure>
   </LocalValue>
   <Feature ID="14052">
    <Measure ID="29" Sign="">
     <Signs/>
    </Measure>
    <Name ID="1127664" langid="1" Value="Product type"/>
   </Feature>
  </ProductFeature>
  <ProductFeature Localized="0" ID="835245138" Local_ID="0" Value="Red" CategoryFeature_ID="945016" CategoryFeatureGroup_ID="24776" No="100300" Optional="0" Presentation_Value="Red" Translated="1" Mandatory="0" Searchable="0">
   <LocalValue Value="Red">
    <Measure ID="29">
     <Signs/>
    </Measure>
   </LocalValue>
   <Feature ID="1766">
    <Measure ID="29" Sign="">
     <Signs/>
    </Measure>
    <Name ID="5487" langid="1" Value="Product colour"/>
   </Feature>
  </ProductFeature>
  <ProductFeature Localized="0" ID="835245143" Local_ID="0" Value="Just because" CategoryFeature_ID="221114" CategoryFeatureGroup_ID="24776" No="100250" Optional="0" Presentation_Value="Just because" Translated="1" Mandatory="0" Searchable="0">
   <LocalValue Value="Just because">
    <Measure ID="29">
     <Signs/>
    </Measure>
   </LocalValue>
   <Feature ID="29202">
    <Measure ID="29" Sign="">
     <Signs/>
    </Measure>
    <Name ID="2649586" langid="1" Value="Occasion"/>
   </Feature>
  </ProductFeature>
  <ProductFeature Localized="0" ID="835245141" Local_ID="0" Value="300" CategoryFeature_ID="411869" CategoryFeatureGroup_ID="47651" No="100000" Optional="0" Presentation_Value="300 mm" Translated="0" Mandatory="0" Searchable="0">
   <LocalValue Value="300">
    <Measure ID="24">
     <Signs>
      <Sign ID="3" langid="1"><![CDATA[mm]]></Sign>
     </Signs>
    </Measure>
   </LocalValue>
   <Feature ID="3808">
    <Measure ID="24" Sign="">
     <Signs>
      <Sign ID="3" langid="1"><![CDATA[mm]]></Sign>
     </Signs>
    </Measure>
    <Name ID="44095" langid="1" Value="Package width"/>
   </Feature>
  </ProductFeature>
  <ProductFeature Localized="0" ID="835245139" Local_ID="0" Value="400" CategoryFeature_ID="414576" CategoryFeatureGroup_ID="47651" No="100000" Optional="0" Presentation_Value="400 mm" Translated="0" Mandatory="0" Searchable="0">
   <LocalValue Value="400">
    <Measure ID="24">
     <Signs>
      <Sign ID="3" langid="1"><![CDATA[mm]]></Sign>
     </Signs>
    </Measure>
   </LocalValue>
   <Feature ID="3807">
    <Measure ID="24" Sign="">
     <Signs>
      <Sign ID="3" langid="1"><![CDATA[mm]]></Sign>
     </Signs>
    </Measure>
    <Name ID="44078" langid="1" Value="Package height"/>
   </Feature>
  </ProductFeature>
  <ProductGallery>
   <ProductPicture IsMain="Y" LowPic="https://inishop.com/img/gallery_lows/238293874d41dbe2126eb573986772c425a23c2d.jpg" LowPicHeight="200" LowPicWidth="183" LowSize="38167" No="1" Original="https://inishop.com/img/gallery_raw/c4f04490166790274019aedd905253e1dbdb127c.jpeg" OriginalSize="52764" Pic="https://inishop.com/img/gallery/9c1acbc7adde51d3409ae3cb2c3d7f20d5efcfb1.jpg" Pic500x500="https://inishop.com/img/gallery_mediums/358cd50425721bf2e9f611a0e8b2c2fe34912044.jpg" Pic500x500Height="500" Pic500x500Size="169692" Pic500x500Width="456" PicHeight="597" PicWidth="545" ProductPicture_ID="117095806" Size="178514" ThumbPic="https://inishop.com/img/gallery_thumbs/7dc5e3ba9afed12eece383bf284f2bbd0de0114b.jpg" ThumbSize="8040" Type="ProductImage" UpdatedDate="2025-09-09 11:23:13"/>
  </ProductGallery>
  <ProductMultimediaObject/>
  <ProductRelated/>
  <SummaryDescription>
   <ShortSummaryDescription langid="1">1-800-Flowers Magnificent Roses, Fresh cut flower, Red, Just because, 300 mm, 400 mm</ShortSummaryDescription>
   <LongSummaryDescription langid="1">1-800-Flowers Magnificent Roses. Product type: Fresh cut flower, Product colour: Red, Occasion: Just because. Package width: 300 mm, Package height: 400 mm</LongSummaryDescription>
  </SummaryDescription>
  <Supplier ID="43650" Name="1-800-Flowers"/>
  <CatalogObjectCloud/>
  <BrandOrganizations/>
 </Product>
</ICECAT-interface>
