<?xml version="1.0" encoding="UTF-8"?>
<!DOCTYPE ICECAT-interface SYSTEM "https://data.icecat.biz/dtd/ICECAT-interface_response.dtd">
<!--source: Icecat.biz 2025-->
<!--Language ID: 1-->
<!--Version: v2-->
<ICECAT-interface xmlns:xsi="http://www.w3.org/2001/XMLSchema-instance" xsi:noNamespaceSchemaLocation="https://data.icecat.biz/xsd/ICECAT-interface_response.xsd">
 <Product Code="1" HighPic="https://inishop.com/img/gallery/42ca0e92df36531826e85371afb75f105689c9e4.jpg" HighPicHeight="560" HighPicSize="351220" HighPicWidth="1081" ID="134698554" LowPic="https://inishop.com/img/gallery_lows/9bcaa70ca8a783248b4bf7b932053eb9471a0f23.jpg" LowPicHeight="104" LowPicSize="15189" LowPicWidth="200" Name="Novablast 5 Luxe" IntName="Novablast 5 Luxe" LocalName="" Pic500x500="https://inishop.com/img/gallery_mediums/717e700e023ad3b35cda6f992923f810b95c10c8.jpg" Pic500x500Height="259" Pic500x500Size="79695" Pic500x500Width="500" Prod_id="1011C031.001 39.5" Quality="ICECAT" ReleaseDate="" ThumbPic="https://inishop.com/img/gallery_thumbs/a05829373253da2065c095794125e42baa9a3052.jpg" ThumbPicSize="3529" Title="ASICS Novablast 5 Luxe athletic shoes Male Black, Green, Grey, White" GeneratedIntTitle="ASICS Novablast 5 Luxe athletic shoes" GeneratedLocalTitle="ASICS Novablast 5 Luxe athletic shoes Male Black, Green, Grey, White" BrandLocalTitle="">
  <CategoryFeatureGroup ID="66314" No="-2">
   <FeatureGroup ID="0">
    <Name ID="5073" langid="1" Value="Technical details"/>
   </FeatureGroup>
  </CategoryFeatureGroup>
  <CategoryFeatureGroup ID="17169" No="10">
   <FeatureGroup ID="14">
    <Name ID="5023" langid="1" Value="Weight &amp; dimensions"/>
   </FeatureGroup>
  </CategoryFeatureGroup>
  <CategoryFeatureGroup ID="78452" No="8">
   <FeatureGroup ID="67">
    <Name ID="27423" langid="1" Value="Packaging data"/>
   </FeatureGroup>
  </CategoryFeatureGroup>
  <CategoryFeatureGroup ID="42793" No="0">
   <FeatureGroup ID="76">
    <Name ID="28540" langid="1" Value="Certificates"/>
   </FeatureGroup>
  </CategoryFeatureGroup>
  <CategoryFeatureGroup ID="49895" No="0">
   <FeatureGroup ID="116">
    <Name ID="78852" langid="1" Value="Packaging content"/>
   </FeatureGroup>
  </CategoryFeatureGroup>
  <CategoryFeatureGroup ID="34344" No="40">
   <FeatureGroup ID="119">
    <Name ID="80218" langid="1" Value="Material"/>
   </FeatureGroup>
  </CategoryFeatureGroup>
  <CategoryFeatureGroup ID="54810" No="0">
   <FeatureGroup ID="143">
    <Name ID="618812" langid="1" Value="Battery"/>
   </FeatureGroup>
  </CategoryFeatureGroup>
  <CategoryFeatureGroup ID="34343" No="-5">
   <FeatureGroup ID="146">
    <Name ID="624346" langid="1" Value="Other features"/>
   </FeatureGroup>
  </CategoryFeatureGroup>
  <CategoryFeatureGroup ID="17164" No="50">
   <FeatureGroup ID="185">
    <Name ID="1219853" langid="1" Value="Features"/>
   </FeatureGroup>
  </CategoryFeatureGroup>
  <CategoryFeatureGroup ID="36865" No="-10">
   <FeatureGroup ID="198">
    <Name ID="1788927" langid="1" Value="Logistics data"/>
   </FeatureGroup>
  </CategoryFeatureGroup>
  <CategoryFeatureGroup ID="61315" No="0">
   <FeatureGroup ID="232">
    <Name ID="3464238" langid="1" Value="Supplier features"/>
   </FeatureGroup>
  </CategoryFeatureGroup>
  <CategoryFeatureGroup ID="78451" No="30">
   <FeatureGroup ID="270">
    <Name ID="5186810" langid="1" Value="Care information"/>
   </FeatureGroup>
  </CategoryFeatureGroup>
  <CategoryFeatureGroup ID="78453" No="1">
   <FeatureGroup ID="279">
    <Name ID="7392238" langid="1" Value="Sustainability"/>
   </FeatureGroup>
  </CategoryFeatureGroup>
  <Category ID="3554">
   <Name ID="3730067" langid="1" Value="Athletic Shoes"/>
  </Category>
  <EANCode/>
  <ReleaseDate/>
  <EndOfLifeDate/>
  <ReasonsToBuy/>
  <BulletPoints/>
  <GeneratedBulletPoints/>
  <ProductBundled/>
  <ProductDescription ID="104036722" LongDesc="The NOVABLAST 5 LUXE running shoe is a great choice if you want a shoe with extra bounce. Lightweight and with more energy return than the previous version, it's designed to help you run faster. And it will leave you feeling energised every step of the way. It's no surprise that it's the preferred training shoe among athletes.&lt;br&gt;&lt;br&gt;The shoe's FF BLAST MAX foam creates a softer, more energised running experience and provides extra bounce thanks to its trampoline-inspired outsole. Its unique design, fit, and midsole will give you added energy return during your run.&lt;br&gt;&lt;br&gt;&lt;b&gt;What gives the NOVABLAST 5 LUXE running shoe extra bounce?&lt;/b&gt;&lt;br&gt;&lt;br&gt;- FF BLAST MAX foam creates a softer and more energised running experience.&lt;br&gt;- Trampoline-inspired outsole design provides more bounce.&lt;br&gt;- Midsole and unique geometric design ensure extra energy return&lt;br&gt;&lt;br&gt;&lt;b&gt;What else makes the NOVABLAST 5 LUXE shoe a great choice?&lt;/b&gt;&lt;br&gt;&lt;br&gt;This shoe is designed with energy return in mind, and we’ve spent endless hours testing it at our Institute of Sport Science (ISS) in Japan. The NOVABLAST 5 LUXE running shoe includes additional technical features to support you during your runs, which you’ll find listed under ‘Tech &amp; Features’ below.&lt;br&gt;&lt;br&gt;&lt;b&gt;FF BLAST MAX foam&lt;/b&gt;&lt;br&gt;Provides lightweight, premium cushioning for added comfort and an energetic bounce in every step.&lt;br&gt;&lt;br&gt;&lt;b&gt;Midsole and unique geometric design&lt;/b&gt;&lt;br&gt;Ensures extra energy return.&lt;br&gt;&lt;br&gt;&lt;b&gt;Effortless on and off&lt;/b&gt;&lt;br&gt;Makes it easier to put on and take off, thanks to its heel pull tabs.&lt;br&gt;&lt;br&gt;&lt;b&gt;Engineered Jacquard mesh upper&lt;/b&gt;&lt;br&gt;Improves breathability to help keep feet cool during runs for added comfort.&lt;br&gt;&lt;br&gt;&lt;b&gt;Small reflective details&lt;/b&gt;&lt;br&gt;Helps improve visibility during low-light conditions.&lt;br&gt;&lt;br&gt;&lt;b&gt;Trampoline-inspired outsole design&lt;/b&gt;&lt;br&gt;Provides a more responsive bounceback.&lt;br&gt;&lt;br&gt;&lt;b&gt;Sleek metallic luxury&lt;/b&gt;&lt;br&gt;Stands out with metallic accents and a sleek design, for luxurious, high-performance comfort.&lt;br&gt;&lt;br&gt;&lt;b&gt;AHAR LOW HARDNESS outsole material&lt;/b&gt;&lt;br&gt;Enhances resistance against wear and tear.&lt;br&gt;&lt;br&gt;&lt;b&gt;Gusseted tongue wing fit system&lt;/b&gt;&lt;br&gt;Improves the midfoot fit and reduces tongue sliding.&lt;br&gt;&lt;br&gt;&lt;b&gt;Designed with the environment in mind&lt;/b&gt;&lt;br&gt;At least 79% of the shoe’s upper is recycled. We've also used less water and reduced our carbon emissions while producing the shoe’s sockliner, and the insole, toe box, eyelet, tongue and collar lining are all made from recycled materials. Better for you, better for the environment." ManualPDFSize="0" ManualPDFURL="" MiddleDesc="" PDFSize="0" PDFURL="" ShortDesc="Novablast 5 Luxe, Luxe/Black, Size 39.5" URL="https://www.asics.com/gb/en-gb/novablast-5-luxe/p/1011C031-001.html?size=6&amp;width=Standard" WarrantyInfo="" langid="1"/>
  <ProductFeature Localized="0" ID="835111988" Local_ID="0" Value="Running" CategoryFeature_ID="333583" CategoryFeatureGroup_ID="17164" No="10100350" Optional="0" Presentation_Value="Running" Translated="1" Mandatory="1" Searchable="1">
   <LocalValue Value="Running">
    <Measure ID="29">
     <Signs/>
    </Measure>
   </LocalValue>
   <Feature ID="41029">
    <Measure ID="29" Sign="">
     <Signs/>
    </Measure>
    <Name ID="6302886" langid="1" Value="Activity"/>
   </Feature>
  </ProductFeature>
  <ProductFeature Localized="0" ID="835112152" Local_ID="0" Value="Male" CategoryFeature_ID="158233" CategoryFeatureGroup_ID="17164" No="10100300" Optional="0" Presentation_Value="Male" Translated="1" Mandatory="1" Searchable="1">
   <LocalValue Value="Male">
    <Measure ID="29">
     <Signs/>
    </Measure>
   </LocalValue>
   <Feature ID="3230">
    <Measure ID="29" Sign="">
     <Signs/>
    </Measure>
    <Name ID="30670" langid="1" Value="Gender"/>
   </Feature>
  </ProductFeature>
  <ProductFeature Localized="0" ID="835112143" Local_ID="0" Value="Adult" CategoryFeature_ID="333580" CategoryFeatureGroup_ID="17164" No="10100295" Optional="0" Presentation_Value="Adult" Translated="1" Mandatory="1" Searchable="1">
   <LocalValue Value="Adult">
    <Measure ID="29">
     <Signs/>
    </Measure>
   </LocalValue>
   <Feature ID="36987">
    <Measure ID="29" Sign="">
     <Signs/>
    </Measure>
    <Name ID="4433301" langid="1" Value="Consumer life stage"/>
   </Feature>
  </ProductFeature>
  <ProductFeature Localized="0" ID="835111805" Local_ID="0" Value="Black,Green,Grey,White" CategoryFeature_ID="333581" CategoryFeatureGroup_ID="17164" No="10100144" Optional="0" Presentation_Value="Black, Green, Grey, White" Translated="1" Mandatory="1" Searchable="1">
   <LocalValue Value="Black, Green, Grey, White">
    <Measure ID="29">
     <Signs/>
    </Measure>
   </LocalValue>
   <Feature ID="37466">
    <Measure ID="29" Sign="">
     <Signs/>
    </Measure>
    <Name ID="5072249" langid="1" Value="Product main colour"/>
   </Feature>
  </ProductFeature>
  <ProductFeature Localized="0" ID="835113552" Local_ID="0" Value="Luxe/Black" CategoryFeature_ID="333582" CategoryFeatureGroup_ID="17164" No="100149" Optional="0" Presentation_Value="Luxe/Black" Translated="0" Mandatory="0" Searchable="0">
   <LocalValue Value="Luxe/Black">
    <Measure ID="29">
     <Signs/>
    </Measure>
   </LocalValue>
   <Feature ID="37467">
    <Measure ID="29" Sign="">
     <Signs/>
    </Measure>
    <Name ID="5072307" langid="1" Value="Product extended colour"/>
   </Feature>
  </ProductFeature>
  <ProductFeature Localized="0" ID="835325931" Local_ID="0" Value="Image" CategoryFeature_ID="158216" CategoryFeatureGroup_ID="17164" No="100148" Optional="0" Presentation_Value="Image" Translated="1" Mandatory="0" Searchable="0">
   <LocalValue Value="Image">
    <Measure ID="29">
     <Signs/>
    </Measure>
   </LocalValue>
   <Feature ID="21118">
    <Measure ID="29" Sign="">
     <Signs/>
    </Measure>
    <Name ID="1680066" langid="1" Value="Coloration"/>
   </Feature>
  </ProductFeature>
  <ProductFeature Localized="0" ID="835111687" Local_ID="0" Value="5.5" CategoryFeature_ID="949644" CategoryFeatureGroup_ID="17164" No="100145" Optional="0" Presentation_Value="5.5" Translated="0" Mandatory="0" Searchable="0">
   <LocalValue Value="5.5">
    <Measure ID="29">
     <Signs/>
    </Measure>
   </LocalValue>
   <Feature ID="29293">
    <Measure ID="29" Sign="">
     <Signs/>
    </Measure>
    <Name ID="2660077" langid="1" Value="Size (UK)"/>
   </Feature>
  </ProductFeature>
  <ProductFeature Localized="0" ID="835111740" Local_ID="0" Value="39.5" CategoryFeature_ID="949645" CategoryFeatureGroup_ID="17164" No="100144" Optional="0" Presentation_Value="39.5" Translated="0" Mandatory="0" Searchable="0">
   <LocalValue Value="39.5">
    <Measure ID="29">
     <Signs/>
    </Measure>
   </LocalValue>
   <Feature ID="47506">
    <Measure ID="29" Sign="">
     <Signs/>
    </Measure>
    <Name ID="8849986" langid="1" Value="Size (EU)"/>
   </Feature>
  </ProductFeature>
  <ProductFeature Localized="0" ID="835325950" Local_ID="0" Value="6.5" CategoryFeature_ID="949646" CategoryFeatureGroup_ID="17164" No="100143" Optional="0" Presentation_Value="6.5" Translated="0" Mandatory="0" Searchable="0">
   <LocalValue Value="6.5">
    <Measure ID="29">
     <Signs/>
    </Measure>
   </LocalValue>
   <Feature ID="47766">
    <Measure ID="29" Sign="">
     <Signs/>
    </Measure>
    <Name ID="9085874" langid="1" Value="Men's size (US)"/>
   </Feature>
  </ProductFeature>
  <ProductFeature Localized="0" ID="835325951" Local_ID="0" Value="25" CategoryFeature_ID="949648" CategoryFeatureGroup_ID="17164" No="100141" Optional="0" Presentation_Value="25 cm" Translated="0" Mandatory="0" Searchable="0">
   <LocalValue Value="25">
    <Measure ID="34">
     <Signs>
      <Sign ID="18" langid="1"><![CDATA[cm]]></Sign>
     </Signs>
    </Measure>
   </LocalValue>
   <Feature ID="47528">
    <Measure ID="34" Sign="">
     <Signs>
      <Sign ID="18" langid="1"><![CDATA[cm]]></Sign>
     </Signs>
    </Measure>
    <Name ID="8854761" langid="1" Value="Size (length)"/>
   </Feature>
  </ProductFeature>
  <ProductFeature Localized="0" ID="835112198" Local_ID="0" Value="Lace-up closure" CategoryFeature_ID="333640" CategoryFeatureGroup_ID="17164" No="100115" Optional="0" Presentation_Value="Lace-up closure" Translated="1" Mandatory="0" Searchable="0">
   <LocalValue Value="Lace-up closure">
    <Measure ID="29">
     <Signs/>
    </Measure>
   </LocalValue>
   <Feature ID="41034">
    <Measure ID="29" Sign="">
     <Signs/>
    </Measure>
    <Name ID="6303212" langid="1" Value="Footwear closure type"/>
   </Feature>
  </ProductFeature>
  <ProductFeature Localized="0" ID="835112116" Local_ID="0" Value="8" CategoryFeature_ID="333621" CategoryFeatureGroup_ID="17164" No="100111" Optional="0" Presentation_Value="8 mm" Translated="0" Mandatory="0" Searchable="0">
   <LocalValue Value="8">
    <Measure ID="24">
     <Signs>
      <Sign ID="3" langid="1"><![CDATA[mm]]></Sign>
     </Signs>
    </Measure>
   </LocalValue>
   <Feature ID="41060">
    <Measure ID="24" Sign="">
     <Signs>
      <Sign ID="3" langid="1"><![CDATA[mm]]></Sign>
     </Signs>
    </Measure>
    <Name ID="6305053" langid="1" Value="Heel drop"/>
   </Feature>
  </ProductFeature>
  <ProductFeature Localized="0" ID="835112383" Local_ID="0" Value="Y" CategoryFeature_ID="158340" CategoryFeatureGroup_ID="17164" No="100015" Optional="0" Presentation_Value="Yes" Translated="1" Mandatory="0" Searchable="0">
   <LocalValue Value="Yes">
    <Measure ID="26">
     <Signs/>
    </Measure>
   </LocalValue>
   <Feature ID="21062">
    <Measure ID="26" Sign="">
     <Signs/>
    </Measure>
    <Name ID="1670466" langid="1" Value="Breathable"/>
   </Feature>
  </ProductFeature>
  <ProductFeature Localized="0" ID="835113180" Local_ID="0" Value="Mesh" CategoryFeature_ID="196763" CategoryFeatureGroup_ID="34344" No="100200" Optional="0" Presentation_Value="Mesh" Translated="1" Mandatory="1" Searchable="0">
   <LocalValue Value="Mesh">
    <Measure ID="29">
     <Signs/>
    </Measure>
   </LocalValue>
   <Feature ID="29975">
    <Measure ID="29" Sign="">
     <Signs/>
    </Measure>
    <Name ID="2796257" langid="1" Value="Upper material"/>
   </Feature>
  </ProductFeature>
  <ProductFeature Localized="0" ID="835112120" Local_ID="0" Value="255" CategoryFeature_ID="158237" CategoryFeatureGroup_ID="17169" No="100005" Optional="0" Presentation_Value="255 g" Translated="0" Mandatory="0" Searchable="0">
   <LocalValue Value="255">
    <Measure ID="38">
     <Signs>
      <Sign ID="22" langid="1"><![CDATA[g]]></Sign>
     </Signs>
    </Measure>
   </LocalValue>
   <Feature ID="94">
    <Measure ID="38" Sign="">
     <Signs>
      <Sign ID="22" langid="1"><![CDATA[g]]></Sign>
     </Signs>
    </Measure>
    <Name ID="1525" langid="1" Value="Weight"/>
   </Feature>
  </ProductFeature>
  <ProductGallery>
   <ProductPicture IsMain="Y" LowPic="https://inishop.com/img/gallery_lows/9bcaa70ca8a783248b4bf7b932053eb9471a0f23.jpg" LowPicHeight="104" LowPicWidth="200" LowSize="15189" No="1" Original="https://inishop.com/img/gallery_raw/9385efa2296c3bf857c950fa8ac158eb2657c03d.jpeg" OriginalSize="131425" Pic="https://inishop.com/img/gallery/42ca0e92df36531826e85371afb75f105689c9e4.jpg" Pic500x500="https://inishop.com/img/gallery_mediums/717e700e023ad3b35cda6f992923f810b95c10c8.jpg" Pic500x500Height="259" Pic500x500Size="79695" Pic500x500Width="500" PicHeight="560" PicWidth="1081" ProductPicture_ID="117081111" Size="351220" ThumbPic="https://inishop.com/img/gallery_thumbs/a05829373253da2065c095794125e42baa9a3052.jpg" ThumbSize="3529" Type="ProductImage" UpdatedDate="2025-09-08 13:47:21"/>
   <ProductPicture LowPic="https://inishop.com/img/gallery_lows/8be5322200b442161ee1365c545ba8f3cdad4094.jpg" LowPicHeight="115" LowPicWidth="200" LowSize="19244" No="2" Original="https://inishop.com/img/gallery_raw/521fd8eceabef18456813c6c1be05b2374f3059b.jpeg" OriginalSize="140450" Pic="https://inishop.com/img/gallery/735dfcd5cb6acf9c842445ff5abc96314431e709.jpg" Pic500x500="https://inishop.com/img/gallery_mediums/a30144d34ea65364e7e8e4a60287cdc527876dce.jpg" Pic500x500Height="287" Pic500x500Size="97552" Pic500x500Width="500" PicHeight="620" PicWidth="1079" ProductPicture_ID="117081112" Size="410654" ThumbPic="https://inishop.com/img/gallery_thumbs/f72cbb34c5dca7a802ac8d116b25fb0218e4a3c3.jpg" ThumbSize="4230" Type="Other" UpdatedDate="2025-09-08 13:47:21"/>
   <ProductPicture LowPic="https://inishop.com/img/gallery_lows/9805142970603e5d3a6ece8dd42add7b6973e94a.jpg" LowPicHeight="104" LowPicWidth="200" LowSize="15571" No="3" Original="https://inishop.com/img/gallery_raw/800b53f8aec6238d7096949d23e8d8aaad38d3be.webp" OriginalSize="91208" Pic="https://inishop.com/img/gallery/56ff54a24d1727b544464b605a1e25ff551f957b.jpg" Pic500x500="https://inishop.com/img/gallery_mediums/4f1895c908a248a03400cc9c42bd0aa308fe7ce1.jpg" Pic500x500Height="260" Pic500x500Size="74503" Pic500x500Width="500" PicHeight="562" PicWidth="1079" ProductPicture_ID="117081113" Size="313228" ThumbPic="https://inishop.com/img/gallery_thumbs/1d526245b554fa8fd4d460d4b1bdf49abb59672a.jpg" ThumbSize="3696" Type="Other" UpdatedDate="2025-09-08 13:47:21"/>
   <ProductPicture LowPic="https://inishop.com/img/gallery_lows/0a8f74eee33a8296ae62fbc33539c2cf23792385.jpg" LowPicHeight="104" LowPicWidth="200" LowSize="12810" No="4" Original="https://inishop.com/img/gallery_raw/776ac29881fe83a70ba452db5eb5be7f8855dec2.webp" OriginalSize="86492" Pic="https://inishop.com/img/gallery/1e3f4b23493592a1c42e68ee63e8dbc3c66d3375.jpg" Pic500x500="https://inishop.com/img/gallery_mediums/da7510f01d16a4799e58a5ebae1ccdf5d4429a1c.jpg" Pic500x500Height="259" Pic500x500Size="61412" Pic500x500Width="500" PicHeight="560" PicWidth="1080" ProductPicture_ID="117081114" Size="260848" ThumbPic="https://inishop.com/img/gallery_thumbs/203516a43331c4010c8d3b6aa993a2d53d483b1a.jpg" ThumbSize="3231" Type="Other" UpdatedDate="2025-09-08 13:47:21"/>
   <ProductPicture LowPic="https://inishop.com/img/gallery_lows/ceb7bda7e1a6a6bb2aff3302e1e659756c3b285d.jpg" LowPicHeight="131" LowPicWidth="200" LowSize="17459" No="5" Original="https://inishop.com/img/gallery_raw/7375eb870df318ddc38bad9c2c5b0e9e26a66494.webp" OriginalSize="161508" Pic="https://inishop.com/img/gallery/0a0a79dcab7bb66a1492aab1fb9ba663820efb98.jpg" Pic500x500="https://inishop.com/img/gallery_mediums/fb85855d6df23a741e410c122b9d08b636b4c45a.jpg" Pic500x500Height="327" Pic500x500Size="89608" Pic500x500Width="500" PicHeight="705" PicWidth="1079" ProductPicture_ID="117081115" Size="412124" ThumbPic="https://inishop.com/img/gallery_thumbs/63a5e99f2ef0ddf13abcd837f8bbf2c974c9cb9d.jpg" ThumbSize="4462" Type="Other" UpdatedDate="2025-09-08 13:47:21"/>
   <ProductPicture LowPic="https://inishop.com/img/gallery_lows/1d1d2baa02b6446c47e2a1a2561cd1ad8114a15c.jpg" LowPicHeight="200" LowPicWidth="168" LowSize="23587" No="6" Original="https://inishop.com/img/gallery_raw/8be8baff5c4556d738399fa9fa416d8b2a7666f0.webp" OriginalSize="86638" Pic="https://inishop.com/img/gallery/f09a01cae81830d7d461670880ef6763de69fb8d.jpg" Pic500x500="https://inishop.com/img/gallery_mediums/b4debc444960317bd2632c2db6d2f1925d4df1e2.jpg" Pic500x500Height="500" Pic500x500Size="119108" Pic500x500Width="419" PicHeight="757" PicWidth="635" ProductPicture_ID="117081116" Size="267217" ThumbPic="https://inishop.com/img/gallery_thumbs/c71b6a780b3f786cfd611da10ae7069124dc56a9.jpg" ThumbSize="5197" Type="Other" UpdatedDate="2025-09-08 13:47:21"/>
   <ProductPicture LowPic="https://inishop.com/img/gallery_lows/58fda38f1792daf27f0bf71976791dd31e364eaa.jpg" LowPicHeight="200" LowPicWidth="186" LowSize="42588" No="7" Original="https://inishop.com/img/gallery_raw/9b8b84ca0c4d682788a0ff82bda6ec6c6d7df23a.webp" OriginalSize="129916" Pic="https://inishop.com/img/gallery/f587a129eb011fd6c149a0f80d58c41d768c76ea.jpg" Pic500x500="https://inishop.com/img/gallery_mediums/7aba755008e76be2f0fb493362513c08820f08e5.jpg" Pic500x500Height="500" Pic500x500Size="205120" Pic500x500Width="466" PicHeight="762" PicWidth="710" ProductPicture_ID="117081117" Size="431558" ThumbPic="https://inishop.com/img/gallery_thumbs/ee1f4a7ad8faf136bf68e1d633680f147d0e01f7.jpg" ThumbSize="8705" Type="Other" UpdatedDate="2025-09-08 13:47:21"/>
   <ProductPicture LowPic="https://inishop.com/img/gallery_lows/7db6b540a109a58016fd7bf45c092e64e4989ab6.jpg" LowPicHeight="104" LowPicWidth="200" LowSize="15538" No="8" Original="https://inishop.com/img/gallery_raw/42ca99542b25eff55fbf2533dd0915006fb4ede7.jpeg" OriginalSize="130462" Pic="https://inishop.com/img/gallery/1b9701b6d21142c2033a0b5c4cf1da475a9f569e.jpg" Pic500x500="https://inishop.com/img/gallery_mediums/e1aa53c48d650f8c1d5509246d4c67ee15279f58.jpg" Pic500x500Height="261" Pic500x500Size="81991" Pic500x500Width="500" PicHeight="563" PicWidth="1079" ProductPicture_ID="117081118" Size="354276" ThumbPic="https://inishop.com/img/gallery_thumbs/9e485d421591c021ab337d15f38013b1aba7c588.jpg" ThumbSize="3511" Type="Other" UpdatedDate="2025-09-08 13:47:21"/>
  </ProductGallery>
  <ProductMultimediaObject/>
  <ProductRelated/>
  <SummaryDescription>
   <ShortSummaryDescription langid="1">ASICS Novablast 5 Luxe, Running, Male, Adult, Black, Green, Grey, White, Luxe/Black, Image</ShortSummaryDescription>
   <LongSummaryDescription langid="1">ASICS Novablast 5 Luxe. Activity: Running, Gender: Male, Consumer life stage: Adult. Upper material: Mesh. Weight: 255 g</LongSummaryDescription>
  </SummaryDescription>
  <Supplier ID="13651" Name="ASICS"/>
  <CatalogObjectCloud/>
  <BrandOrganizations>
   <BrandOwner>
    <Organization ID="6b57139b-c3e8-4cd0-9d74-df2192c462a7" Name="ASICS Corporation" CountryCode="JP" State="" City="Chuo-ku, Kobe" Street="Sannomiya-cho" HouseNumber="1-2-4" ZIP="650-0021">
     <URLs>
      <URL>https://corp.asics.com/en/about_asics/location#japan</URL>
     </URLs>
     <Emails/>
    </Organization>
   </BrandOwner>
   <Licensees/>
   <Representatives>
    <Representative ID="172489241077481653">
     <Organization ID="5cd6cb05-9fa3-4180-9ae2-d081f5d2a36c" Name="ASICS Deutschland GmbH" CountryCode="DE" State="" City="Neuss" Street="Hansemannstrasse" HouseNumber="67" ZIP="41468">
      <URLs>
       <URL>https://corp.asics.com/en/about_asics/location#japan</URL>
      </URLs>
      <Emails/>
     </Organization>
    </Representative>
   </Representatives>
  </BrandOrganizations>
 </Product>
</ICECAT-interface>
