<?xml version="1.0" encoding="UTF-8"?>
<!DOCTYPE ICECAT-interface SYSTEM "https://data.icecat.biz/dtd/ICECAT-interface_response.dtd">
<!--source: Icecat.biz 2025-->
<!--Language ID: 1-->
<!--Version: v2-->
<ICECAT-interface xmlns:xsi="http://www.w3.org/2001/XMLSchema-instance" xsi:noNamespaceSchemaLocation="https://data.icecat.biz/xsd/ICECAT-interface_response.xsd">
 <Product Code="1" HighPic="https://inishop.com/img/gallery/e51393463574e644c673470eca355be63334b806.jpg" HighPicHeight="768" HighPicSize="214723" HighPicWidth="1024" ID="122830972" LowPic="https://inishop.com/img/gallery_lows/acdb0987035ef8ea1520430221e53a0f87e899cb.jpg" LowPicHeight="150" LowPicSize="13918" LowPicWidth="200" Name="Gel-trabuco 12 Gtx" IntName="Gel-trabuco 12 Gtx" LocalName="" Pic500x500="https://inishop.com/img/gallery_mediums/6baf1cf01be6d74cdb81bdcd61b79d6d2c50a40c.jpg" Pic500x500Height="375" Pic500x500Size="76883" Pic500x500Width="500" Prod_id="1011B801.002_44.5" Quality="ICECAT" ReleaseDate="" ThumbPic="https://inishop.com/img/gallery_thumbs/9fd583c0d03d21cb802c41b7b6a4ebc520462544.jpg" ThumbPicSize="3034" Title="ASICS Gel-trabuco 12 Gtx athletic shoes Male Black" GeneratedIntTitle="ASICS Gel-trabuco 12 Gtx athletic shoes" GeneratedLocalTitle="ASICS Gel-trabuco 12 Gtx athletic shoes Male Black" BrandLocalTitle="">
  <CategoryFeatureGroup ID="66314" No="-2">
   <FeatureGroup ID="0">
    <Name ID="5073" langid="1" Value="Technical details"/>
   </FeatureGroup>
  </CategoryFeatureGroup>
  <CategoryFeatureGroup ID="17169" No="10">
   <FeatureGroup ID="14">
    <Name ID="5023" langid="1" Value="Weight &amp; dimensions"/>
   </FeatureGroup>
  </CategoryFeatureGroup>
  <CategoryFeatureGroup ID="78452" No="8">
   <FeatureGroup ID="67">
    <Name ID="27423" langid="1" Value="Packaging data"/>
   </FeatureGroup>
  </CategoryFeatureGroup>
  <CategoryFeatureGroup ID="42793" No="0">
   <FeatureGroup ID="76">
    <Name ID="28540" langid="1" Value="Certificates"/>
   </FeatureGroup>
  </CategoryFeatureGroup>
  <CategoryFeatureGroup ID="49895" No="0">
   <FeatureGroup ID="116">
    <Name ID="78852" langid="1" Value="Packaging content"/>
   </FeatureGroup>
  </CategoryFeatureGroup>
  <CategoryFeatureGroup ID="34344" No="40">
   <FeatureGroup ID="119">
    <Name ID="80218" langid="1" Value="Material"/>
   </FeatureGroup>
  </CategoryFeatureGroup>
  <CategoryFeatureGroup ID="54810" No="0">
   <FeatureGroup ID="143">
    <Name ID="618812" langid="1" Value="Battery"/>
   </FeatureGroup>
  </CategoryFeatureGroup>
  <CategoryFeatureGroup ID="34343" No="-5">
   <FeatureGroup ID="146">
    <Name ID="624346" langid="1" Value="Other features"/>
   </FeatureGroup>
  </CategoryFeatureGroup>
  <CategoryFeatureGroup ID="17164" No="50">
   <FeatureGroup ID="185">
    <Name ID="1219853" langid="1" Value="Features"/>
   </FeatureGroup>
  </CategoryFeatureGroup>
  <CategoryFeatureGroup ID="36865" No="-10">
   <FeatureGroup ID="198">
    <Name ID="1788927" langid="1" Value="Logistics data"/>
   </FeatureGroup>
  </CategoryFeatureGroup>
  <CategoryFeatureGroup ID="61315" No="0">
   <FeatureGroup ID="232">
    <Name ID="3464238" langid="1" Value="Supplier features"/>
   </FeatureGroup>
  </CategoryFeatureGroup>
  <CategoryFeatureGroup ID="78451" No="30">
   <FeatureGroup ID="270">
    <Name ID="5186810" langid="1" Value="Care information"/>
   </FeatureGroup>
  </CategoryFeatureGroup>
  <CategoryFeatureGroup ID="78453" No="1">
   <FeatureGroup ID="279">
    <Name ID="7392238" langid="1" Value="Sustainability"/>
   </FeatureGroup>
  </CategoryFeatureGroup>
  <Category ID="3554">
   <Name ID="3730067" langid="1" Value="Athletic Shoes"/>
  </Category>
  <EANCode/>
  <ReleaseDate/>
  <EndOfLifeDate/>
  <ReasonsToBuy/>
  <BulletPoints/>
  <GeneratedBulletPoints/>
  <ProductBundled/>
  <ProductDescription ID="97040894" LongDesc="The GEL-TRABUCO™ 12 GTX trail running shoe combines protection and comfort for a grounded trail run. It's a great all-round trail running shoe and is designed so you can explore the trails without holding back. And thanks to its extra cushioning, you'll do so in comfort.&lt;br&gt;The shoe's FF BLAST™ foam ensures you experience comfortable landings, and its ASICSGRIP™ outsole provides extra grip during varying weather conditions. Plus, its rock protection plate helps shield your feet from the rocks and rugged terrain.&lt;br&gt;What makes the GEL-TRABUCO™ 12 GTX trail running shoe protective and comfortable?&lt;br&gt;&lt;br&gt;Integrated FF BLAST™ foam midsole for extra comfort and a soft landing to reduce the impact on your joints.&lt;br&gt;ASICSGRIP™ outsole for extra grip during wet or dry conditions on your trails.&lt;br&gt;Rock protection plate helps shield your feet from the rocks and rugged terrain.&lt;br&gt;&lt;br&gt;What else makes the GEL-TRABUCO™ 12 GTX shoe a great choice?&lt;br&gt;This shoe is designed with your protection and comfort in mind - we’ve spent hours testing it at our Institute of Sport Science (ISS) in Japan. The GEL-TRABUCO™ 12 GTX trail running shoe includes additional technical features to support you during your runs, which you’ll find listed under ‘Tech &amp; Features’ below.&lt;br&gt;&lt;br&gt;&lt;br&gt;Style #:&lt;br&gt;1011B801.002" ManualPDFSize="0" ManualPDFURL="" MiddleDesc="" PDFSize="0" PDFURL="" ShortDesc="Gel-Trabuco 12 Gtx, Size 44.5, Black/Graphite Grey" URL="https://www.asics.com/ie/en-ie/gel-trabuco-12-gtx/p/1011B801-002.html" WarrantyInfo="" langid="1"/>
  <ProductFeature Localized="0" ID="689084864" Local_ID="0" Value="Trail running" CategoryFeature_ID="333583" CategoryFeatureGroup_ID="17164" No="10100350" Optional="0" Presentation_Value="Trail running" Translated="1" Mandatory="1" Searchable="1">
   <LocalValue Value="Trail running">
    <Measure ID="29">
     <Signs/>
    </Measure>
   </LocalValue>
   <Feature ID="41029">
    <Measure ID="29" Sign="">
     <Signs/>
    </Measure>
    <Name ID="6302886" langid="1" Value="Activity"/>
   </Feature>
  </ProductFeature>
  <ProductFeature Localized="0" ID="689084851" Local_ID="0" Value="Male" CategoryFeature_ID="158233" CategoryFeatureGroup_ID="17164" No="10100300" Optional="0" Presentation_Value="Male" Translated="1" Mandatory="1" Searchable="1">
   <LocalValue Value="Male">
    <Measure ID="29">
     <Signs/>
    </Measure>
   </LocalValue>
   <Feature ID="3230">
    <Measure ID="29" Sign="">
     <Signs/>
    </Measure>
    <Name ID="30670" langid="1" Value="Gender"/>
   </Feature>
  </ProductFeature>
  <ProductFeature Localized="0" ID="689084860" Local_ID="0" Value="Adult" CategoryFeature_ID="333580" CategoryFeatureGroup_ID="17164" No="10100295" Optional="0" Presentation_Value="Adult" Translated="1" Mandatory="1" Searchable="1">
   <LocalValue Value="Adult">
    <Measure ID="29">
     <Signs/>
    </Measure>
   </LocalValue>
   <Feature ID="36987">
    <Measure ID="29" Sign="">
     <Signs/>
    </Measure>
    <Name ID="4433301" langid="1" Value="Consumer life stage"/>
   </Feature>
  </ProductFeature>
  <ProductFeature Localized="0" ID="835128593" Local_ID="0" Value="Black" CategoryFeature_ID="333581" CategoryFeatureGroup_ID="17164" No="10100144" Optional="0" Presentation_Value="Black" Translated="1" Mandatory="1" Searchable="1">
   <LocalValue Value="Black">
    <Measure ID="29">
     <Signs/>
    </Measure>
   </LocalValue>
   <Feature ID="37466">
    <Measure ID="29" Sign="">
     <Signs/>
    </Measure>
    <Name ID="5072249" langid="1" Value="Product main colour"/>
   </Feature>
  </ProductFeature>
  <ProductFeature Localized="0" ID="835128594" Local_ID="0" Value="Black/Graphite Grey" CategoryFeature_ID="333582" CategoryFeatureGroup_ID="17164" No="100149" Optional="0" Presentation_Value="Black/Graphite Grey" Translated="0" Mandatory="0" Searchable="0">
   <LocalValue Value="Black/Graphite Grey">
    <Measure ID="29">
     <Signs/>
    </Measure>
   </LocalValue>
   <Feature ID="37467">
    <Measure ID="29" Sign="">
     <Signs/>
    </Measure>
    <Name ID="5072307" langid="1" Value="Product extended colour"/>
   </Feature>
  </ProductFeature>
  <ProductFeature Localized="0" ID="835128597" Local_ID="0" Value="9.5" CategoryFeature_ID="949644" CategoryFeatureGroup_ID="17164" No="100145" Optional="0" Presentation_Value="9.5" Translated="0" Mandatory="0" Searchable="0">
   <LocalValue Value="9.5">
    <Measure ID="29">
     <Signs/>
    </Measure>
   </LocalValue>
   <Feature ID="29293">
    <Measure ID="29" Sign="">
     <Signs/>
    </Measure>
    <Name ID="2660077" langid="1" Value="Size (UK)"/>
   </Feature>
  </ProductFeature>
  <ProductFeature Localized="0" ID="689084875" Local_ID="0" Value="44.5" CategoryFeature_ID="949645" CategoryFeatureGroup_ID="17164" No="100144" Optional="0" Presentation_Value="44.5" Translated="0" Mandatory="0" Searchable="0">
   <LocalValue Value="44.5">
    <Measure ID="29">
     <Signs/>
    </Measure>
   </LocalValue>
   <Feature ID="47506">
    <Measure ID="29" Sign="">
     <Signs/>
    </Measure>
    <Name ID="8849986" langid="1" Value="Size (EU)"/>
   </Feature>
  </ProductFeature>
  <ProductFeature Localized="0" ID="835128599" Local_ID="0" Value="Lace-up closure" CategoryFeature_ID="333640" CategoryFeatureGroup_ID="17164" No="100115" Optional="0" Presentation_Value="Lace-up closure" Translated="1" Mandatory="0" Searchable="0">
   <LocalValue Value="Lace-up closure">
    <Measure ID="29">
     <Signs/>
    </Measure>
   </LocalValue>
   <Feature ID="41034">
    <Measure ID="29" Sign="">
     <Signs/>
    </Measure>
    <Name ID="6303212" langid="1" Value="Footwear closure type"/>
   </Feature>
  </ProductFeature>
  <ProductFeature Localized="0" ID="835128611" Local_ID="0" Value="Y" CategoryFeature_ID="333629" CategoryFeatureGroup_ID="17164" No="100092" Optional="0" Presentation_Value="Yes" Translated="1" Mandatory="0" Searchable="0">
   <LocalValue Value="Yes">
    <Measure ID="26">
     <Signs/>
    </Measure>
   </LocalValue>
   <Feature ID="41070">
    <Measure ID="26" Sign="">
     <Signs/>
    </Measure>
    <Name ID="6306783" langid="1" Value="Made with recycled materials"/>
   </Feature>
  </ProductFeature>
  <ProductFeature Localized="0" ID="835128606" Local_ID="0" Value="Rubber" CategoryFeature_ID="158220" CategoryFeatureGroup_ID="34344" No="100250" Optional="0" Presentation_Value="Rubber" Translated="1" Mandatory="1" Searchable="0">
   <LocalValue Value="Rubber">
    <Measure ID="29">
     <Signs/>
    </Measure>
   </LocalValue>
   <Feature ID="25409">
    <Measure ID="29" Sign="">
     <Signs/>
    </Measure>
    <Name ID="2146819" langid="1" Value="Outsole material"/>
   </Feature>
  </ProductFeature>
  <ProductFeature Localized="0" ID="835128608" Local_ID="0" Value="Mesh" CategoryFeature_ID="196763" CategoryFeatureGroup_ID="34344" No="100200" Optional="0" Presentation_Value="Mesh" Translated="1" Mandatory="1" Searchable="0">
   <LocalValue Value="Mesh">
    <Measure ID="29">
     <Signs/>
    </Measure>
   </LocalValue>
   <Feature ID="29975">
    <Measure ID="29" Sign="">
     <Signs/>
    </Measure>
    <Name ID="2796257" langid="1" Value="Upper material"/>
   </Feature>
  </ProductFeature>
  <ProductFeature Localized="0" ID="689084856" Local_ID="0" Value="1" CategoryFeature_ID="158226" CategoryFeatureGroup_ID="78452" No="99950" Optional="1" Presentation_Value="1 pc(s)" Translated="0" Mandatory="0" Searchable="0">
   <LocalValue Value="1">
    <Measure ID="144">
     <Signs>
      <Sign ID="125" langid="1"><![CDATA[pc(s)]]></Sign>
     </Signs>
    </Measure>
   </LocalValue>
   <Feature ID="20228">
    <Measure ID="144" Sign="">
     <Signs>
      <Sign ID="125" langid="1"><![CDATA[pc(s)]]></Sign>
     </Signs>
    </Measure>
    <Name ID="1498423" langid="1" Value="Quantity per pack"/>
   </Feature>
  </ProductFeature>
  <ProductGallery>
   <ProductPicture IsMain="Y" LowPic="https://inishop.com/img/gallery_lows/acdb0987035ef8ea1520430221e53a0f87e899cb.jpg" LowPicHeight="150" LowPicWidth="200" LowSize="13918" No="1" Original="https://inishop.com/img/gallery_raw/00dd4d1343f08611bd56e0933bf7c55182b57750.jpeg" OriginalSize="117103" Pic="https://inishop.com/img/gallery/e51393463574e644c673470eca355be63334b806.jpg" Pic500x500="https://inishop.com/img/gallery_mediums/6baf1cf01be6d74cdb81bdcd61b79d6d2c50a40c.jpg" Pic500x500Height="375" Pic500x500Size="76883" Pic500x500Width="500" PicHeight="768" PicWidth="1024" ProductPicture_ID="96326415" Size="214723" ThumbPic="https://inishop.com/img/gallery_thumbs/9fd583c0d03d21cb802c41b7b6a4ebc520462544.jpg" ThumbSize="3034" Type="ProductImage" UpdatedDate="2024-10-13 14:28:16"/>
   <ProductPicture LowPic="https://inishop.com/img/gallery_lows/9666d00f6b5af447495abdb060e201086c29c8f9.jpg" LowPicHeight="150" LowPicWidth="200" LowSize="16615" No="2" Original="https://inishop.com/img/gallery_raw/6a2d2ea2ce48fdd2df01efa72a40c9a4637ee744.jpeg" OriginalSize="120713" Pic="https://inishop.com/img/gallery/7ce5dcd92f7da2102cbc173dd0abd5218bd8bac1.jpg" Pic500x500="https://inishop.com/img/gallery_mediums/3538e70722b82704113ade3b7b4fd441ef6a7186.jpg" Pic500x500Height="375" Pic500x500Size="88463" Pic500x500Width="500" PicHeight="768" PicWidth="1024" ProductPicture_ID="96326416" Size="229369" ThumbPic="https://inishop.com/img/gallery_thumbs/42faf9ea2369896e48178910557c7bd853ff376d.jpg" ThumbSize="3462" Type="ProductImage" UpdatedDate="2024-10-13 14:28:16"/>
   <ProductPicture LowPic="https://inishop.com/img/gallery_lows/df6f70e059679524ff04689316d56f4d7d99aa95.jpg" LowPicHeight="150" LowPicWidth="200" LowSize="14988" No="3" Original="https://inishop.com/img/gallery_raw/33946d8e9b28f72bb83131d26eb1d164c8ff1a24.jpeg" OriginalSize="110386" Pic="https://inishop.com/img/gallery/d6b36760fa2e5c4fbb77558e46f2b0154e7b39f8.jpg" Pic500x500="https://inishop.com/img/gallery_mediums/2fcbde6b308a09aafd14ca137e3ce67bf2392e52.jpg" Pic500x500Height="375" Pic500x500Size="78732" Pic500x500Width="500" PicHeight="768" PicWidth="1024" ProductPicture_ID="96326417" Size="209825" ThumbPic="https://inishop.com/img/gallery_thumbs/ea4495783739c93a5febe708d2918cd03ee1682a.jpg" ThumbSize="3251" Type="ProductImage" UpdatedDate="2024-10-13 14:28:16"/>
   <ProductPicture LowPic="https://inishop.com/img/gallery_lows/027cca0a90b814a029073f3e270686ac85ca3f08.jpg" LowPicHeight="150" LowPicWidth="200" LowSize="13163" No="4" Original="https://inishop.com/img/gallery_raw/d7fc4ddc5bf23518ace02cfc3a301a3e50f13c2e.jpeg" OriginalSize="107706" Pic="https://inishop.com/img/gallery/e49ab15bab4c1ad19eb88228070bd30acb4abd3e.jpg" Pic500x500="https://inishop.com/img/gallery_mediums/776a5fd844a9c73260088d8c39d2fde00b90eff8.jpg" Pic500x500Height="375" Pic500x500Size="72247" Pic500x500Width="500" PicHeight="768" PicWidth="1024" ProductPicture_ID="96326418" Size="199718" ThumbPic="https://inishop.com/img/gallery_thumbs/c4e4b567f9aa9254d05ee9cf409c5669b72147c8.jpg" ThumbSize="2888" Type="ProductImage" UpdatedDate="2024-10-13 14:28:16"/>
   <ProductPicture LowPic="https://inishop.com/img/gallery_lows/22132d55cc30835ba70de8ee15dbede6dc97b543.jpg" LowPicHeight="150" LowPicWidth="200" LowSize="17316" No="5" Original="https://inishop.com/img/gallery_raw/816296993b80d28dcbdfe82002256572958de4e3.jpeg" OriginalSize="145779" Pic="https://inishop.com/img/gallery/ca90b68d0c4d11db01e6dfe1d078e0d103112345.jpg" Pic500x500="https://inishop.com/img/gallery_mediums/7ade2ed5afe26c3d3d82d1f6bcd2a75d79bfc6b6.jpg" Pic500x500Height="375" Pic500x500Size="99731" Pic500x500Width="500" PicHeight="768" PicWidth="1024" ProductPicture_ID="96326419" Size="275490" ThumbPic="https://inishop.com/img/gallery_thumbs/509e4eab42d83174021b661fa617f87877fde0c1.jpg" ThumbSize="3697" Type="ProductImage" UpdatedDate="2024-10-13 14:28:16"/>
   <ProductPicture LowPic="https://inishop.com/img/gallery_lows/ef484fa39af4f8e7ba443ff9b0ff96f2ff08d3fa.jpg" LowPicHeight="150" LowPicWidth="200" LowSize="13740" No="6" Original="https://inishop.com/img/gallery_raw/8f278294532cae0725825dadeef9887632ad2ec3.jpeg" OriginalSize="120812" Pic="https://inishop.com/img/gallery/c7d297085b813afdd4f8d4ea3138fb641990fd91.jpg" Pic500x500="https://inishop.com/img/gallery_mediums/3ca9c66818b314a9a259633b927c760fb4d8eaea.jpg" Pic500x500Height="375" Pic500x500Size="72686" Pic500x500Width="500" PicHeight="768" PicWidth="1024" ProductPicture_ID="96326420" Size="222338" ThumbPic="https://inishop.com/img/gallery_thumbs/81588ef8a29ea178be16cb091d0645d076165170.jpg" ThumbSize="3151" Type="ProductImage" UpdatedDate="2024-10-13 14:28:16"/>
   <ProductPicture LowPic="https://inishop.com/img/gallery_lows/95927ded925a1f5f9f1410f872a7ac6dd6373d5c.jpg" LowPicHeight="150" LowPicWidth="200" LowSize="16343" No="7" Original="https://inishop.com/img/gallery_raw/d0c36aa2244dc8a9efc7652fa166fb01da52efa9.jpeg" OriginalSize="106547" Pic="https://inishop.com/img/gallery/4ff9752e22c0cc366eb0d4b7f6dbde9141d498ca.jpg" Pic500x500="https://inishop.com/img/gallery_mediums/3896374bb61ec6593bcc15233d211eea569893ea.jpg" Pic500x500Height="375" Pic500x500Size="81211" Pic500x500Width="500" PicHeight="768" PicWidth="1024" ProductPicture_ID="96326421" Size="194457" ThumbPic="https://inishop.com/img/gallery_thumbs/9d744c72327c04d30cb7bdc3b3a5ff8876312b36.jpg" ThumbSize="3670" Type="ProductImage" UpdatedDate="2024-10-13 14:28:16"/>
   <ProductPicture LowPic="https://inishop.com/img/gallery_lows/b717c8a6a8f136a2b437c45b266493da917d21a2.jpg" LowPicHeight="150" LowPicWidth="200" LowSize="13932" No="8" Original="https://inishop.com/img/gallery_raw/7f6c7daf19f664761d3457181c67cb325adc7611.jpeg" OriginalSize="111817" Pic="https://inishop.com/img/gallery/2faf0a3bf8ead181f4ca6272ca29978f3d4943df.jpg" Pic500x500="https://inishop.com/img/gallery_mediums/b15a4111be04fd049f28515b8629f9770a4ab0a7.jpg" Pic500x500Height="375" Pic500x500Size="75169" Pic500x500Width="500" PicHeight="768" PicWidth="1024" ProductPicture_ID="96326422" Size="206405" ThumbPic="https://inishop.com/img/gallery_thumbs/6895358245f3ce53af4c5dedd939d22422c086bc.jpg" ThumbSize="3032" Type="ProductImage" UpdatedDate="2024-10-13 14:28:16"/>
  </ProductGallery>
  <ProductMultimediaObject/>
  <ProductRelated/>
  <SummaryDescription>
   <ShortSummaryDescription langid="1">ASICS Gel-trabuco 12 Gtx, Trail running, Male, Adult, Black, Black/Graphite Grey, Lace-up closure</ShortSummaryDescription>
   <LongSummaryDescription langid="1">ASICS Gel-trabuco 12 Gtx. Activity: Trail running, Gender: Male, Consumer life stage: Adult. Outsole material: Rubber, Upper material: Mesh. Quantity per pack: 1 pc(s)</LongSummaryDescription>
  </SummaryDescription>
  <Supplier ID="13651" Name="ASICS"/>
  <CatalogObjectCloud/>
  <BrandOrganizations>
   <BrandOwner>
    <Organization ID="6b57139b-c3e8-4cd0-9d74-df2192c462a7" Name="ASICS Corporation" CountryCode="JP" State="" City="Chuo-ku, Kobe" Street="Sannomiya-cho" HouseNumber="1-2-4" ZIP="650-0021">
     <URLs>
      <URL>https://corp.asics.com/en/about_asics/location#japan</URL>
     </URLs>
     <Emails/>
    </Organization>
   </BrandOwner>
   <Licensees/>
   <Representatives>
    <Representative ID="172489241077481653">
     <Organization ID="5cd6cb05-9fa3-4180-9ae2-d081f5d2a36c" Name="ASICS Deutschland GmbH" CountryCode="DE" State="" City="Neuss" Street="Hansemannstrasse" HouseNumber="67" ZIP="41468">
      <URLs>
       <URL>https://corp.asics.com/en/about_asics/location#japan</URL>
      </URLs>
      <Emails/>
     </Organization>
    </Representative>
   </Representatives>
  </BrandOrganizations>
 </Product>
</ICECAT-interface>
