<?xml version="1.0" encoding="UTF-8"?>
<!DOCTYPE ICECAT-interface SYSTEM "https://data.icecat.biz/dtd/ICECAT-interface_response.dtd">
<!--source: Icecat.biz 2025-->
<!--Language ID: 1-->
<!--Version: v2-->
<ICECAT-interface xmlns:xsi="http://www.w3.org/2001/XMLSchema-instance" xsi:noNamespaceSchemaLocation="https://data.icecat.biz/xsd/ICECAT-interface_response.xsd">
 <Product Code="1" HighPic="https://inishop.com/img/gallery/b803025b269fb2481810c4e072abe746edf43ffa.jpg" HighPicHeight="768" HighPicSize="299956" HighPicWidth="1024" ID="122840094" LowPic="https://inishop.com/img/gallery_lows/cae3071d0f713b9e6445bb99f20876269ab7bc6f.jpg" LowPicHeight="150" LowPicSize="21041" LowPicWidth="200" Name="Netburner Ballistic Ff 3" IntName="Netburner Ballistic Ff 3" LocalName="" Pic500x500="https://inishop.com/img/gallery_mediums/89203719881ecd9e78b3f1d1689b4f19981653ba.jpg" Pic500x500Height="375" Pic500x500Size="114458" Pic500x500Width="500" Prod_id="1052A069.403_42" Quality="ICECAT" ReleaseDate="" ThumbPic="https://inishop.com/img/gallery_thumbs/9377de9ae7e0dc823bbf3a87c32c4cfc83f15485.jpg" ThumbPicSize="4781" Title="ASICS Netburner Ballistic Ff 3 athletic shoes Female Blue, White" GeneratedIntTitle="ASICS Netburner Ballistic Ff 3 athletic shoes" GeneratedLocalTitle="ASICS Netburner Ballistic Ff 3 athletic shoes Female Blue, White" BrandLocalTitle="">
  <CategoryFeatureGroup ID="66314" No="-2">
   <FeatureGroup ID="0">
    <Name ID="5073" langid="1" Value="Technical details"/>
   </FeatureGroup>
  </CategoryFeatureGroup>
  <CategoryFeatureGroup ID="17169" No="10">
   <FeatureGroup ID="14">
    <Name ID="5023" langid="1" Value="Weight &amp; dimensions"/>
   </FeatureGroup>
  </CategoryFeatureGroup>
  <CategoryFeatureGroup ID="78452" No="8">
   <FeatureGroup ID="67">
    <Name ID="27423" langid="1" Value="Packaging data"/>
   </FeatureGroup>
  </CategoryFeatureGroup>
  <CategoryFeatureGroup ID="42793" No="0">
   <FeatureGroup ID="76">
    <Name ID="28540" langid="1" Value="Certificates"/>
   </FeatureGroup>
  </CategoryFeatureGroup>
  <CategoryFeatureGroup ID="49895" No="0">
   <FeatureGroup ID="116">
    <Name ID="78852" langid="1" Value="Packaging content"/>
   </FeatureGroup>
  </CategoryFeatureGroup>
  <CategoryFeatureGroup ID="34344" No="40">
   <FeatureGroup ID="119">
    <Name ID="80218" langid="1" Value="Material"/>
   </FeatureGroup>
  </CategoryFeatureGroup>
  <CategoryFeatureGroup ID="54810" No="0">
   <FeatureGroup ID="143">
    <Name ID="618812" langid="1" Value="Battery"/>
   </FeatureGroup>
  </CategoryFeatureGroup>
  <CategoryFeatureGroup ID="34343" No="-5">
   <FeatureGroup ID="146">
    <Name ID="624346" langid="1" Value="Other features"/>
   </FeatureGroup>
  </CategoryFeatureGroup>
  <CategoryFeatureGroup ID="17164" No="50">
   <FeatureGroup ID="185">
    <Name ID="1219853" langid="1" Value="Features"/>
   </FeatureGroup>
  </CategoryFeatureGroup>
  <CategoryFeatureGroup ID="36865" No="-10">
   <FeatureGroup ID="198">
    <Name ID="1788927" langid="1" Value="Logistics data"/>
   </FeatureGroup>
  </CategoryFeatureGroup>
  <CategoryFeatureGroup ID="61315" No="0">
   <FeatureGroup ID="232">
    <Name ID="3464238" langid="1" Value="Supplier features"/>
   </FeatureGroup>
  </CategoryFeatureGroup>
  <CategoryFeatureGroup ID="78451" No="30">
   <FeatureGroup ID="270">
    <Name ID="5186810" langid="1" Value="Care information"/>
   </FeatureGroup>
  </CategoryFeatureGroup>
  <CategoryFeatureGroup ID="78453" No="1">
   <FeatureGroup ID="279">
    <Name ID="7392238" langid="1" Value="Sustainability"/>
   </FeatureGroup>
  </CategoryFeatureGroup>
  <Category ID="3554">
   <Name ID="3730067" langid="1" Value="Athletic Shoes"/>
  </Category>
  <EANCode/>
  <ReleaseDate/>
  <EndOfLifeDate/>
  <ReasonsToBuy/>
  <BulletPoints/>
  <GeneratedBulletPoints/>
  <ProductBundled/>
  <ProductDescription ID="97048493" LongDesc="The NETBURNER BALLISTIC™ FF 3 indoor shoe provides incredible flexibility for faster transitions and more energetic reactions. Designed for the high-speed player, the shoe is lightweight and flexible, allowing quick and easy movement in all directions.&lt;br&gt;The shoe’s 2-piece TWISTRUSS™ technology offers more flexibility because of its reduced weight and strategic placement, making you faster on the court. For added flexibility, the X GUIDANCE™ technology helps you move quickly in all directions. Plus, its FLYTEFOAM™ technology, combined with a 15mm heel drop, provides extra support to help you react much faster.&lt;br&gt;What makes the NETBURNER BALLISTIC™ FF 3 so fast?&lt;br&gt;&lt;br&gt;2-piece TWISTRUSS™ technology offers more flexibility and allows you to move faster because of its reduced weight and strategic placement.&lt;br&gt;X GUIDANCE™ technology helps create flexible movement in all directions for a faster start-up or transition between moves.&lt;br&gt;FLYTEFOAM™ technology, combined with a 15mm heel drop in the shoe's midsole, provides extra comfort and quicker reactivity.&lt;br&gt;&lt;br&gt;What else makes the NETBURNER BALLISTIC™ FF 3 shoe stand out?&lt;br&gt;This shoe is designed with flexibility and speed in mind - we’ve spent hours testing and perfecting it at our Institute of Sport Science (ISS) in Japan. The NETBURNER BALLISTIC™ FF 3 indoor shoe includes features to support you during your game, which you’ll find listed under ‘Tech &amp; Features’ below.&lt;br&gt;&lt;br&gt;&lt;br&gt;Style #:&lt;br&gt;1052A069.403" ManualPDFSize="0" ManualPDFURL="" MiddleDesc="" PDFSize="0" PDFURL="" ShortDesc="Netburner Ballistic Ff 3, Size 42, Sapphire/Cosmos" URL="https://www.asics.com/ie/en-ie/netburner-ballistic-ff-3/p/1052A069-403.html" WarrantyInfo="" langid="1"/>
  <ProductFeature Localized="0" ID="835128172" Local_ID="0" Value="Tennis" CategoryFeature_ID="333583" CategoryFeatureGroup_ID="17164" No="10100350" Optional="0" Presentation_Value="Tennis" Translated="1" Mandatory="1" Searchable="1">
   <LocalValue Value="Tennis">
    <Measure ID="29">
     <Signs/>
    </Measure>
   </LocalValue>
   <Feature ID="41029">
    <Measure ID="29" Sign="">
     <Signs/>
    </Measure>
    <Name ID="6302886" langid="1" Value="Activity"/>
   </Feature>
  </ProductFeature>
  <ProductFeature Localized="0" ID="689125925" Local_ID="0" Value="Female" CategoryFeature_ID="158233" CategoryFeatureGroup_ID="17164" No="10100300" Optional="0" Presentation_Value="Female" Translated="1" Mandatory="1" Searchable="1">
   <LocalValue Value="Female">
    <Measure ID="29">
     <Signs/>
    </Measure>
   </LocalValue>
   <Feature ID="3230">
    <Measure ID="29" Sign="">
     <Signs/>
    </Measure>
    <Name ID="30670" langid="1" Value="Gender"/>
   </Feature>
  </ProductFeature>
  <ProductFeature Localized="0" ID="689125933" Local_ID="0" Value="Adult" CategoryFeature_ID="333580" CategoryFeatureGroup_ID="17164" No="10100295" Optional="0" Presentation_Value="Adult" Translated="1" Mandatory="1" Searchable="1">
   <LocalValue Value="Adult">
    <Measure ID="29">
     <Signs/>
    </Measure>
   </LocalValue>
   <Feature ID="36987">
    <Measure ID="29" Sign="">
     <Signs/>
    </Measure>
    <Name ID="4433301" langid="1" Value="Consumer life stage"/>
   </Feature>
  </ProductFeature>
  <ProductFeature Localized="0" ID="835128173" Local_ID="0" Value="Blue,White" CategoryFeature_ID="333581" CategoryFeatureGroup_ID="17164" No="10100144" Optional="0" Presentation_Value="Blue, White" Translated="1" Mandatory="1" Searchable="1">
   <LocalValue Value="Blue, White">
    <Measure ID="29">
     <Signs/>
    </Measure>
   </LocalValue>
   <Feature ID="37466">
    <Measure ID="29" Sign="">
     <Signs/>
    </Measure>
    <Name ID="5072249" langid="1" Value="Product main colour"/>
   </Feature>
  </ProductFeature>
  <ProductFeature Localized="0" ID="835128191" Local_ID="0" Value="Sapphire/Cosmos" CategoryFeature_ID="333582" CategoryFeatureGroup_ID="17164" No="100149" Optional="0" Presentation_Value="Sapphire/Cosmos" Translated="0" Mandatory="0" Searchable="0">
   <LocalValue Value="Sapphire/Cosmos">
    <Measure ID="29">
     <Signs/>
    </Measure>
   </LocalValue>
   <Feature ID="37467">
    <Measure ID="29" Sign="">
     <Signs/>
    </Measure>
    <Name ID="5072307" langid="1" Value="Product extended colour"/>
   </Feature>
  </ProductFeature>
  <ProductFeature Localized="0" ID="835128189" Local_ID="0" Value="8" CategoryFeature_ID="949644" CategoryFeatureGroup_ID="17164" No="100145" Optional="0" Presentation_Value="8" Translated="0" Mandatory="0" Searchable="0">
   <LocalValue Value="8">
    <Measure ID="29">
     <Signs/>
    </Measure>
   </LocalValue>
   <Feature ID="29293">
    <Measure ID="29" Sign="">
     <Signs/>
    </Measure>
    <Name ID="2660077" langid="1" Value="Size (UK)"/>
   </Feature>
  </ProductFeature>
  <ProductFeature Localized="0" ID="689125944" Local_ID="0" Value="42" CategoryFeature_ID="949645" CategoryFeatureGroup_ID="17164" No="100144" Optional="0" Presentation_Value="42" Translated="0" Mandatory="0" Searchable="0">
   <LocalValue Value="42">
    <Measure ID="29">
     <Signs/>
    </Measure>
   </LocalValue>
   <Feature ID="47506">
    <Measure ID="29" Sign="">
     <Signs/>
    </Measure>
    <Name ID="8849986" langid="1" Value="Size (EU)"/>
   </Feature>
  </ProductFeature>
  <ProductFeature Localized="0" ID="835128176" Local_ID="0" Value="Lace-up closure" CategoryFeature_ID="333640" CategoryFeatureGroup_ID="17164" No="100115" Optional="0" Presentation_Value="Lace-up closure" Translated="1" Mandatory="0" Searchable="0">
   <LocalValue Value="Lace-up closure">
    <Measure ID="29">
     <Signs/>
    </Measure>
   </LocalValue>
   <Feature ID="41034">
    <Measure ID="29" Sign="">
     <Signs/>
    </Measure>
    <Name ID="6303212" langid="1" Value="Footwear closure type"/>
   </Feature>
  </ProductFeature>
  <ProductFeature Localized="0" ID="835128320" Local_ID="0" Value="15" CategoryFeature_ID="333621" CategoryFeatureGroup_ID="17164" No="100111" Optional="0" Presentation_Value="1.5 cm" Translated="0" Mandatory="0" Searchable="0">
   <LocalValue Value="1.5">
    <Measure ID="34">
     <Signs>
      <Sign ID="18" langid="1"><![CDATA[cm]]></Sign>
     </Signs>
    </Measure>
   </LocalValue>
   <Feature ID="41060">
    <Measure ID="24" Sign="">
     <Signs>
      <Sign ID="3" langid="1"><![CDATA[mm]]></Sign>
     </Signs>
    </Measure>
    <Name ID="6305053" langid="1" Value="Heel drop"/>
   </Feature>
  </ProductFeature>
  <ProductFeature Localized="0" ID="835128612" Local_ID="0" Value="Y" CategoryFeature_ID="333629" CategoryFeatureGroup_ID="17164" No="100092" Optional="0" Presentation_Value="Yes" Translated="1" Mandatory="0" Searchable="0">
   <LocalValue Value="Yes">
    <Measure ID="26">
     <Signs/>
    </Measure>
   </LocalValue>
   <Feature ID="41070">
    <Measure ID="26" Sign="">
     <Signs/>
    </Measure>
    <Name ID="6306783" langid="1" Value="Made with recycled materials"/>
   </Feature>
  </ProductFeature>
  <ProductFeature Localized="0" ID="835128332" Local_ID="0" Value="Faux leather,Textile" CategoryFeature_ID="196763" CategoryFeatureGroup_ID="34344" No="100200" Optional="0" Presentation_Value="Faux leather, Textile" Translated="1" Mandatory="1" Searchable="0">
   <LocalValue Value="Faux leather, Textile">
    <Measure ID="29">
     <Signs/>
    </Measure>
   </LocalValue>
   <Feature ID="29975">
    <Measure ID="29" Sign="">
     <Signs/>
    </Measure>
    <Name ID="2796257" langid="1" Value="Upper material"/>
   </Feature>
  </ProductFeature>
  <ProductFeature Localized="0" ID="689125929" Local_ID="0" Value="1" CategoryFeature_ID="158226" CategoryFeatureGroup_ID="78452" No="99950" Optional="1" Presentation_Value="1 pc(s)" Translated="0" Mandatory="0" Searchable="0">
   <LocalValue Value="1">
    <Measure ID="144">
     <Signs>
      <Sign ID="125" langid="1"><![CDATA[pc(s)]]></Sign>
     </Signs>
    </Measure>
   </LocalValue>
   <Feature ID="20228">
    <Measure ID="144" Sign="">
     <Signs>
      <Sign ID="125" langid="1"><![CDATA[pc(s)]]></Sign>
     </Signs>
    </Measure>
    <Name ID="1498423" langid="1" Value="Quantity per pack"/>
   </Feature>
  </ProductFeature>
  <ProductGallery>
   <ProductPicture IsMain="Y" LowPic="https://inishop.com/img/gallery_lows/cae3071d0f713b9e6445bb99f20876269ab7bc6f.jpg" LowPicHeight="150" LowPicWidth="200" LowSize="21041" No="1" Original="https://inishop.com/img/gallery_raw/e786714b432765fe7e72c10a05eec8d5f9b81aca.jpeg" OriginalSize="139656" Pic="https://inishop.com/img/gallery/b803025b269fb2481810c4e072abe746edf43ffa.jpg" Pic500x500="https://inishop.com/img/gallery_mediums/89203719881ecd9e78b3f1d1689b4f19981653ba.jpg" Pic500x500Height="375" Pic500x500Size="114458" Pic500x500Width="500" PicHeight="768" PicWidth="1024" ProductPicture_ID="96384909" Size="299956" ThumbPic="https://inishop.com/img/gallery_thumbs/9377de9ae7e0dc823bbf3a87c32c4cfc83f15485.jpg" ThumbSize="4781" Type="ProductImage" UpdatedDate="2024-10-13 16:34:10"/>
   <ProductPicture LowPic="https://inishop.com/img/gallery_lows/63462c2b33e7024b377cafc9e2ef341a1d61e944.jpg" LowPicHeight="150" LowPicWidth="200" LowSize="26380" No="2" Original="https://inishop.com/img/gallery_raw/e236d753dfcec133eb163aadbb54ba827d482c3c.jpeg" OriginalSize="163484" Pic="https://inishop.com/img/gallery/4ec2a98ab603d5759c63828c4d04287d4f5e606b.jpg" Pic500x500="https://inishop.com/img/gallery_mediums/c9ef1dec72193fd2e0db3402164a31eb8f1b40f0.jpg" Pic500x500Height="375" Pic500x500Size="141973" Pic500x500Width="500" PicHeight="768" PicWidth="1024" ProductPicture_ID="96384910" Size="352371" ThumbPic="https://inishop.com/img/gallery_thumbs/eeada1afaa1f6dddfb51bea7468a92408a16d437.jpg" ThumbSize="5113" Type="ProductImage" UpdatedDate="2024-10-13 16:34:10"/>
   <ProductPicture LowPic="https://inishop.com/img/gallery_lows/5fee9d040b628fd8a637f293ec06f40e97a774fa.jpg" LowPicHeight="150" LowPicWidth="200" LowSize="21968" No="3" Original="https://inishop.com/img/gallery_raw/da978b2b7956f564b5f0800b18c70bbc6d15db0d.jpeg" OriginalSize="145641" Pic="https://inishop.com/img/gallery/5ca214c25aec74446d1d6b6450a63af6b5d78437.jpg" Pic500x500="https://inishop.com/img/gallery_mediums/8253cbbf71a42495b95a6f5adad8cd0e28de6242.jpg" Pic500x500Height="375" Pic500x500Size="120369" Pic500x500Width="500" PicHeight="768" PicWidth="1024" ProductPicture_ID="96384911" Size="307752" ThumbPic="https://inishop.com/img/gallery_thumbs/8c4105dfee3a222b279427b79585d1a36cdf9f1e.jpg" ThumbSize="5016" Type="ProductImage" UpdatedDate="2024-10-13 16:34:10"/>
   <ProductPicture LowPic="https://inishop.com/img/gallery_lows/11652487a1e50be334cf975042771e3029f606ed.jpg" LowPicHeight="150" LowPicWidth="200" LowSize="20921" No="4" Original="https://inishop.com/img/gallery_raw/d99b97a007e5d1bb8990377c0dbbfc6f1a26c203.jpeg" OriginalSize="135243" Pic="https://inishop.com/img/gallery/66f4f7b33a2a40ba169656ee959fab4e4ce9cb41.jpg" Pic500x500="https://inishop.com/img/gallery_mediums/762da5f0fcb0c03d0245f286fb53c56b7ebb39fd.jpg" Pic500x500Height="375" Pic500x500Size="112662" Pic500x500Width="500" PicHeight="768" PicWidth="1024" ProductPicture_ID="96384912" Size="279651" ThumbPic="https://inishop.com/img/gallery_thumbs/9e9fffacce65f10d601e01a65cd4e0a88b93ee00.jpg" ThumbSize="4433" Type="ProductImage" UpdatedDate="2024-10-13 16:34:10"/>
   <ProductPicture LowPic="https://inishop.com/img/gallery_lows/4ad80f1e8150aa8ac77d311e9b77df70592267ea.jpg" LowPicHeight="150" LowPicWidth="200" LowSize="29248" No="5" Original="https://inishop.com/img/gallery_raw/d48b5f3158727d63c8ba8e0ada30d3915deea211.jpeg" OriginalSize="201830" Pic="https://inishop.com/img/gallery/b0fa0f12ad8544bfa516d3c056d6e06d5370fadb.jpg" Pic500x500="https://inishop.com/img/gallery_mediums/e67975b18ceaaa98b6f756acdcb4ff668d65b3c6.jpg" Pic500x500Height="375" Pic500x500Size="166247" Pic500x500Width="500" PicHeight="768" PicWidth="1024" ProductPicture_ID="96384913" Size="429898" ThumbPic="https://inishop.com/img/gallery_thumbs/9dd4694aa1b13f302aa825baea24835657901799.jpg" ThumbSize="6078" Type="ProductImage" UpdatedDate="2024-10-13 16:34:10"/>
   <ProductPicture LowPic="https://inishop.com/img/gallery_lows/35cc8db58977a1edaaba0a57ee3cac8f3ab9b747.jpg" LowPicHeight="150" LowPicWidth="200" LowSize="21136" No="6" Original="https://inishop.com/img/gallery_raw/27d357f5bbd48b2325d319320bf01a593ccd7edb.jpeg" OriginalSize="139965" Pic="https://inishop.com/img/gallery/ada5a3a7a175be24ceb91f3dd3ba1642b4389048.jpg" Pic500x500="https://inishop.com/img/gallery_mediums/860acd02590cf075b01f038e56061d83cb8d9e34.jpg" Pic500x500Height="375" Pic500x500Size="114139" Pic500x500Width="500" PicHeight="768" PicWidth="1024" ProductPicture_ID="96384914" Size="284010" ThumbPic="https://inishop.com/img/gallery_thumbs/850be6ffe2d5d66bef66f882e6ef4c39dd26f5cd.jpg" ThumbSize="4508" Type="ProductImage" UpdatedDate="2024-10-13 16:34:10"/>
   <ProductPicture LowPic="https://inishop.com/img/gallery_lows/e6f554a92bd3fd64cefbbf2d0228a9cd68a2b5de.jpg" LowPicHeight="150" LowPicWidth="200" LowSize="23480" No="7" Original="https://inishop.com/img/gallery_raw/ababe70e1095323d9b3e73eba31c43bd07433771.jpeg" OriginalSize="139260" Pic="https://inishop.com/img/gallery/903cfc130a0453a815d6f6d047696eee4af6bac6.jpg" Pic500x500="https://inishop.com/img/gallery_mediums/b69a37214d33f66ceeff1ba713902d25d384bd4d.jpg" Pic500x500Height="375" Pic500x500Size="123480" Pic500x500Width="500" PicHeight="768" PicWidth="1024" ProductPicture_ID="96384915" Size="296142" ThumbPic="https://inishop.com/img/gallery_thumbs/fbff93a82b26cf098d52a02c3500bbe2ef5199d5.jpg" ThumbSize="4677" Type="ProductImage" UpdatedDate="2024-10-13 16:34:10"/>
   <ProductPicture LowPic="https://inishop.com/img/gallery_lows/5e3f37e7063a5a951d216723e70381119daffff7.jpg" LowPicHeight="150" LowPicWidth="200" LowSize="21521" No="8" Original="https://inishop.com/img/gallery_raw/e6d24e4a07da4d60d1bf7bf2a5dd98ae6ea2c057.jpeg" OriginalSize="139111" Pic="https://inishop.com/img/gallery/dba91ae1bde1471c81eedb166851bbe07d71d75a.jpg" Pic500x500="https://inishop.com/img/gallery_mediums/f1721611726d805f536dbb86929dc4061e9a960d.jpg" Pic500x500Height="375" Pic500x500Size="116052" Pic500x500Width="500" PicHeight="768" PicWidth="1024" ProductPicture_ID="96384916" Size="295159" ThumbPic="https://inishop.com/img/gallery_thumbs/a4ab8bddf16e9a1d18598f70f11923cd4d8f94d1.jpg" ThumbSize="4740" Type="ProductImage" UpdatedDate="2024-10-13 16:34:10"/>
  </ProductGallery>
  <ProductMultimediaObject/>
  <ProductRelated/>
  <SummaryDescription>
   <ShortSummaryDescription langid="1">ASICS Netburner Ballistic Ff 3, Tennis, Female, Adult, Blue, White, Sapphire/Cosmos, Lace-up closure</ShortSummaryDescription>
   <LongSummaryDescription langid="1">ASICS Netburner Ballistic Ff 3. Activity: Tennis, Gender: Female, Consumer life stage: Adult. Upper material: Faux leather, Textile. Quantity per pack: 1 pc(s)</LongSummaryDescription>
  </SummaryDescription>
  <Supplier ID="13651" Name="ASICS"/>
  <CatalogObjectCloud/>
  <BrandOrganizations>
   <BrandOwner>
    <Organization ID="6b57139b-c3e8-4cd0-9d74-df2192c462a7" Name="ASICS Corporation" CountryCode="JP" State="" City="Chuo-ku, Kobe" Street="Sannomiya-cho" HouseNumber="1-2-4" ZIP="650-0021">
     <URLs>
      <URL>https://corp.asics.com/en/about_asics/location#japan</URL>
     </URLs>
     <Emails/>
    </Organization>
   </BrandOwner>
   <Licensees/>
   <Representatives>
    <Representative ID="172489241077481653">
     <Organization ID="5cd6cb05-9fa3-4180-9ae2-d081f5d2a36c" Name="ASICS Deutschland GmbH" CountryCode="DE" State="" City="Neuss" Street="Hansemannstrasse" HouseNumber="67" ZIP="41468">
      <URLs>
       <URL>https://corp.asics.com/en/about_asics/location#japan</URL>
      </URLs>
      <Emails/>
     </Organization>
    </Representative>
   </Representatives>
  </BrandOrganizations>
 </Product>
</ICECAT-interface>
