<?xml version="1.0" encoding="UTF-8"?>
<!DOCTYPE ICECAT-interface SYSTEM "https://data.icecat.biz/dtd/ICECAT-interface_response.dtd">
<!--source: Icecat.biz 2025-->
<!--Language ID: 1-->
<!--Version: v2-->
<ICECAT-interface xmlns:xsi="http://www.w3.org/2001/XMLSchema-instance" xsi:noNamespaceSchemaLocation="https://data.icecat.biz/xsd/ICECAT-interface_response.xsd">
 <Product Code="1" HighPic="https://inishop.com/img/gallery/b5ff57a95cf9a9680380e0bd7b76ead0bef93f24.jpg" HighPicHeight="768" HighPicSize="133174" HighPicWidth="1024" ID="134703516" LowPic="https://inishop.com/img/gallery_lows/7e5b9f51f7d70836acd0790428a87a2921e548f5.jpg" LowPicHeight="150" LowPicSize="11656" LowPicWidth="200" Name="Fujitrail Logo Ss Top" IntName="Fujitrail Logo Ss Top" LocalName="" Pic500x500="https://inishop.com/img/gallery_mediums/0411f93095fc0750f4485cabc97d05dd0cbcd32c.jpg" Pic500x500Height="375" Pic500x500Size="45754" Pic500x500Width="500" Prod_id="2011D390.001 XL" Quality="ICECAT" ReleaseDate="" ThumbPic="https://inishop.com/img/gallery_thumbs/63cd81410c3943001e3b4a847ba642a778200340.jpg" ThumbPicSize="3275" Title="ASICS Fujitrail Logo Ss Top T-shirt Crew neck Short sleeve Polyester" GeneratedIntTitle="ASICS Fujitrail Logo Ss Top" GeneratedLocalTitle="ASICS Fujitrail Logo Ss Top T-shirt Crew neck Short sleeve Polyester" BrandLocalTitle="">
  <CategoryFeatureGroup ID="31536" No="0">
   <FeatureGroup ID="0">
    <Name ID="5073" langid="1" Value="Technical details"/>
   </FeatureGroup>
  </CategoryFeatureGroup>
  <CategoryFeatureGroup ID="20969" No="10">
   <FeatureGroup ID="14">
    <Name ID="5023" langid="1" Value="Weight &amp; dimensions"/>
   </FeatureGroup>
  </CategoryFeatureGroup>
  <CategoryFeatureGroup ID="31108" No="5">
   <FeatureGroup ID="67">
    <Name ID="27423" langid="1" Value="Packaging data"/>
   </FeatureGroup>
  </CategoryFeatureGroup>
  <CategoryFeatureGroup ID="42756" No="0">
   <FeatureGroup ID="76">
    <Name ID="28540" langid="1" Value="Certificates"/>
   </FeatureGroup>
  </CategoryFeatureGroup>
  <CategoryFeatureGroup ID="31109" No="30">
   <FeatureGroup ID="77">
    <Name ID="28828" langid="1" Value="Washing"/>
   </FeatureGroup>
  </CategoryFeatureGroup>
  <CategoryFeatureGroup ID="49863" No="0">
   <FeatureGroup ID="116">
    <Name ID="78852" langid="1" Value="Packaging content"/>
   </FeatureGroup>
  </CategoryFeatureGroup>
  <CategoryFeatureGroup ID="22992" No="40">
   <FeatureGroup ID="119">
    <Name ID="80218" langid="1" Value="Material"/>
   </FeatureGroup>
  </CategoryFeatureGroup>
  <CategoryFeatureGroup ID="54774" No="0">
   <FeatureGroup ID="143">
    <Name ID="618812" langid="1" Value="Battery"/>
   </FeatureGroup>
  </CategoryFeatureGroup>
  <CategoryFeatureGroup ID="31107" No="-4">
   <FeatureGroup ID="146">
    <Name ID="624346" langid="1" Value="Other features"/>
   </FeatureGroup>
  </CategoryFeatureGroup>
  <CategoryFeatureGroup ID="13510" No="50">
   <FeatureGroup ID="185">
    <Name ID="1219853" langid="1" Value="Features"/>
   </FeatureGroup>
  </CategoryFeatureGroup>
  <CategoryFeatureGroup ID="28852" No="-5">
   <FeatureGroup ID="198">
    <Name ID="1788927" langid="1" Value="Logistics data"/>
   </FeatureGroup>
  </CategoryFeatureGroup>
  <CategoryFeatureGroup ID="61278" No="0">
   <FeatureGroup ID="232">
    <Name ID="3464238" langid="1" Value="Supplier features"/>
   </FeatureGroup>
  </CategoryFeatureGroup>
  <CategoryFeatureGroup ID="71632" No="0">
   <FeatureGroup ID="270">
    <Name ID="5186810" langid="1" Value="Care information"/>
   </FeatureGroup>
  </CategoryFeatureGroup>
  <CategoryFeatureGroup ID="78550" No="0">
   <FeatureGroup ID="279">
    <Name ID="7392238" langid="1" Value="Sustainability"/>
   </FeatureGroup>
  </CategoryFeatureGroup>
  <CategoryFeatureGroup ID="78551" No="0">
   <FeatureGroup ID="305">
    <Name ID="8837290" langid="1" Value="Carbon footprint"/>
   </FeatureGroup>
  </CategoryFeatureGroup>
  <Category ID="3504">
   <Name ID="3730017" langid="1" Value="Shirts &amp; Tops"/>
  </Category>
  <EANCode/>
  <ReleaseDate/>
  <EndOfLifeDate/>
  <ReasonsToBuy/>
  <BulletPoints/>
  <GeneratedBulletPoints>
   <GeneratedBulletPoint Value="T-shirt Male Black" langid="1" No="1"/>
   <GeneratedBulletPoint Value="Adult" langid="1" No="2"/>
   <GeneratedBulletPoint Value="Polyester" langid="1" No="3"/>
  </GeneratedBulletPoints>
  <ProductBundled/>
  <ProductDescription ID="104043967" LongDesc="Inspired by offroad running adventures, the FUJITRAIL LOGO SHORT SLEEVE TOP is an everyday performance essential for trail running.&lt;br&gt;&lt;br&gt;It's quick-drying, so you can take on running off-road terrain in comfort and with confidence.&lt;br&gt;&lt;br&gt;At least 50% of the garment's main material is made with recycled content to reduce waste and carbon emissions." ManualPDFSize="0" ManualPDFURL="" MiddleDesc="" PDFSize="0" PDFURL="" ShortDesc="FUJITRAIL LOGO SS TOP, Performance Black, XL" URL="https://www.asics.com/pl/en-pl/fujitrail-logo-ss-top/p/2011D390-001.html" WarrantyInfo="" langid="1"/>
  <ProductFeature Localized="0" ID="835223199" Local_ID="0" Value="T-shirt" CategoryFeature_ID="284565" CategoryFeatureGroup_ID="13510" No="10101000" Optional="0" Presentation_Value="T-shirt" Translated="1" Mandatory="1" Searchable="1">
   <LocalValue Value="T-shirt">
    <Measure ID="29">
     <Signs/>
    </Measure>
   </LocalValue>
   <Feature ID="37361">
    <Measure ID="29" Sign="">
     <Signs/>
    </Measure>
    <Name ID="4514921" langid="1" Value="Shirt/top type"/>
   </Feature>
  </ProductFeature>
  <ProductFeature Localized="0" ID="835223200" Local_ID="0" Value="Adult" CategoryFeature_ID="261629" CategoryFeatureGroup_ID="13510" No="10100999" Optional="0" Presentation_Value="Adult" Translated="1" Mandatory="1" Searchable="1">
   <LocalValue Value="Adult">
    <Measure ID="29">
     <Signs/>
    </Measure>
   </LocalValue>
   <Feature ID="36987">
    <Measure ID="29" Sign="">
     <Signs/>
    </Measure>
    <Name ID="4433301" langid="1" Value="Consumer life stage"/>
   </Feature>
  </ProductFeature>
  <ProductFeature Localized="0" ID="835223201" Local_ID="0" Value="Male" CategoryFeature_ID="261607" CategoryFeatureGroup_ID="13510" No="10100998" Optional="0" Presentation_Value="Male" Translated="1" Mandatory="1" Searchable="1">
   <LocalValue Value="Male">
    <Measure ID="29">
     <Signs/>
    </Measure>
   </LocalValue>
   <Feature ID="3230">
    <Measure ID="29" Sign="">
     <Signs/>
    </Measure>
    <Name ID="30670" langid="1" Value="Gender"/>
   </Feature>
  </ProductFeature>
  <ProductFeature Localized="0" ID="835223202" Local_ID="0" Value="Black" CategoryFeature_ID="290356" CategoryFeatureGroup_ID="13510" No="10100990" Optional="0" Presentation_Value="Black" Translated="1" Mandatory="1" Searchable="1">
   <LocalValue Value="Black">
    <Measure ID="29">
     <Signs/>
    </Measure>
   </LocalValue>
   <Feature ID="37466">
    <Measure ID="29" Sign="">
     <Signs/>
    </Measure>
    <Name ID="5072249" langid="1" Value="Product main colour"/>
   </Feature>
  </ProductFeature>
  <ProductFeature Localized="0" ID="835223204" Local_ID="0" Value="Performance Black" CategoryFeature_ID="290539" CategoryFeatureGroup_ID="13510" No="10100989" Optional="0" Presentation_Value="Performance Black" Translated="0" Mandatory="0" Searchable="0">
   <LocalValue Value="Performance Black">
    <Measure ID="29">
     <Signs/>
    </Measure>
   </LocalValue>
   <Feature ID="37467">
    <Measure ID="29" Sign="">
     <Signs/>
    </Measure>
    <Name ID="5072307" langid="1" Value="Product extended colour"/>
   </Feature>
  </ProductFeature>
  <ProductFeature Localized="0" ID="835223206" Local_ID="0" Value="Image" CategoryFeature_ID="189646" CategoryFeatureGroup_ID="13510" No="10100986" Optional="0" Presentation_Value="Image" Translated="1" Mandatory="0" Searchable="0">
   <LocalValue Value="Image">
    <Measure ID="29">
     <Signs/>
    </Measure>
   </LocalValue>
   <Feature ID="21118">
    <Measure ID="29" Sign="">
     <Signs/>
    </Measure>
    <Name ID="1680066" langid="1" Value="Coloration"/>
   </Feature>
  </ProductFeature>
  <ProductFeature Localized="0" ID="835223207" Local_ID="0" Value="XL" CategoryFeature_ID="947049" CategoryFeatureGroup_ID="13510" No="101500" Optional="0" Presentation_Value="XL" Translated="0" Mandatory="0" Searchable="0">
   <LocalValue Value="XL">
    <Measure ID="29">
     <Signs/>
    </Measure>
   </LocalValue>
   <Feature ID="47512">
    <Measure ID="29" Sign="">
     <Signs/>
    </Measure>
    <Name ID="8850450" langid="1" Value="Size (S/M/L)"/>
   </Feature>
  </ProductFeature>
  <ProductFeature Localized="0" ID="835223224" Local_ID="0" Value="Active / Workout" CategoryFeature_ID="189636" CategoryFeatureGroup_ID="13510" No="100980" Optional="0" Presentation_Value="Active / Workout" Translated="1" Mandatory="0" Searchable="0">
   <LocalValue Value="Active / Workout">
    <Measure ID="29">
     <Signs/>
    </Measure>
   </LocalValue>
   <Feature ID="29202">
    <Measure ID="29" Sign="">
     <Signs/>
    </Measure>
    <Name ID="2649586" langid="1" Value="Occasion"/>
   </Feature>
  </ProductFeature>
  <ProductFeature Localized="0" ID="835223219" Local_ID="0" Value="Crew neck" CategoryFeature_ID="270657" CategoryFeatureGroup_ID="13510" No="100950" Optional="0" Presentation_Value="Crew neck" Translated="1" Mandatory="0" Searchable="0">
   <LocalValue Value="Crew neck">
    <Measure ID="29">
     <Signs/>
    </Measure>
   </LocalValue>
   <Feature ID="36517">
    <Measure ID="29" Sign="">
     <Signs/>
    </Measure>
    <Name ID="4324902" langid="1" Value="Collar/Neckline type"/>
   </Feature>
  </ProductFeature>
  <ProductFeature Localized="0" ID="835223222" Local_ID="0" Value="Short sleeve" CategoryFeature_ID="189637" CategoryFeatureGroup_ID="13510" No="100900" Optional="0" Presentation_Value="Short sleeve" Translated="1" Mandatory="0" Searchable="0">
   <LocalValue Value="Short sleeve">
    <Measure ID="29">
     <Signs/>
    </Measure>
   </LocalValue>
   <Feature ID="27300">
    <Measure ID="29" Sign="">
     <Signs/>
    </Measure>
    <Name ID="2384915" langid="1" Value="Sleeve length type"/>
   </Feature>
  </ProductFeature>
  <ProductFeature Localized="0" ID="835223211" Local_ID="0" Value="Polyester" CategoryFeature_ID="214279" CategoryFeatureGroup_ID="22992" No="10100555" Optional="0" Presentation_Value="Polyester" Translated="1" Mandatory="1" Searchable="1">
   <LocalValue Value="Polyester">
    <Measure ID="29">
     <Signs/>
    </Measure>
   </LocalValue>
   <Feature ID="898">
    <Measure ID="29" Sign="">
     <Signs/>
    </Measure>
    <Name ID="3337" langid="1" Value="Material"/>
   </Feature>
  </ProductFeature>
  <ProductFeature Localized="0" ID="835223210" Local_ID="0" Value="100% Polyester" CategoryFeature_ID="291207" CategoryFeatureGroup_ID="22992" No="100550" Optional="0" Presentation_Value="100% Polyester" Translated="0" Mandatory="0" Searchable="0">
   <LocalValue Value="100% Polyester">
    <Measure ID="29">
     <Signs/>
    </Measure>
   </LocalValue>
   <Feature ID="37462">
    <Measure ID="29" Sign="">
     <Signs/>
    </Measure>
    <Name ID="5071744" langid="1" Value="Material description (name, %)"/>
   </Feature>
  </ProductFeature>
  <ProductFeature Localized="0" ID="835223214" Local_ID="0" Value="Y" CategoryFeature_ID="685852" CategoryFeatureGroup_ID="22992" No="99990" Optional="0" Presentation_Value="Yes" Translated="1" Mandatory="0" Searchable="0">
   <LocalValue Value="Yes">
    <Measure ID="26">
     <Signs/>
    </Measure>
   </LocalValue>
   <Feature ID="41070">
    <Measure ID="26" Sign="">
     <Signs/>
    </Measure>
    <Name ID="6306783" langid="1" Value="Made with recycled materials"/>
   </Feature>
  </ProductFeature>
  <ProductGallery>
   <ProductPicture IsMain="Y" LowPic="https://inishop.com/img/gallery_lows/7e5b9f51f7d70836acd0790428a87a2921e548f5.jpg" LowPicHeight="150" LowPicWidth="200" LowSize="11656" No="1" Original="https://inishop.com/img/gallery_raw/e67b36c327433a55425a1bb4031f2ae2b2b11c09.webp" OriginalSize="32512" Pic="https://inishop.com/img/gallery/b5ff57a95cf9a9680380e0bd7b76ead0bef93f24.jpg" Pic500x500="https://inishop.com/img/gallery_mediums/0411f93095fc0750f4485cabc97d05dd0cbcd32c.jpg" Pic500x500Height="375" Pic500x500Size="45754" Pic500x500Width="500" PicHeight="768" PicWidth="1024" ProductPicture_ID="117094386" Size="133174" ThumbPic="https://inishop.com/img/gallery_thumbs/63cd81410c3943001e3b4a847ba642a778200340.jpg" ThumbSize="3275" Type="ProductImage" UpdatedDate="2025-09-09 08:43:21"/>
   <ProductPicture LowPic="https://inishop.com/img/gallery_lows/2c72d39e425a2a50888bc5d64bd921c419b3a566.jpg" LowPicHeight="150" LowPicWidth="200" LowSize="9689" No="2" Original="https://inishop.com/img/gallery_raw/310d4590ea823e876a0f537b44cac014d87455cf.webp" OriginalSize="14810" Pic="https://inishop.com/img/gallery/61de921a81e1a017cda16f99f948086d6356ca0d.jpg" Pic500x500="https://inishop.com/img/gallery_mediums/69816c511ce778459e5675f05ac8918977e15d07.jpg" Pic500x500Height="375" Pic500x500Size="36139" Pic500x500Width="500" PicHeight="768" PicWidth="1024" ProductPicture_ID="117094387" Size="93802" ThumbPic="https://inishop.com/img/gallery_thumbs/306a0cdd3f598522e9f13c3b16e57ab16a8701b4.jpg" ThumbSize="3114" Type="ProductImage" UpdatedDate="2025-09-09 08:43:22"/>
   <ProductPicture LowPic="https://inishop.com/img/gallery_lows/ea1425c6bf677f8154157e5154c8f5318a64e69e.jpg" LowPicHeight="150" LowPicWidth="200" LowSize="11108" No="3" Original="https://inishop.com/img/gallery_raw/c4a1273b10fbb07ef8214491885bbce42e151dce.webp" OriginalSize="31270" Pic="https://inishop.com/img/gallery/5cc146bdb7927d62009903d5b10b7000ca34702c.jpg" Pic500x500="https://inishop.com/img/gallery_mediums/66c5d3ad36a18e9267f6d5deda27022d9d3bed1b.jpg" Pic500x500Height="375" Pic500x500Size="43756" Pic500x500Width="500" PicHeight="768" PicWidth="1024" ProductPicture_ID="117094388" Size="129700" ThumbPic="https://inishop.com/img/gallery_thumbs/a2aa903357f0bc91d032996a44a866066efd8091.jpg" ThumbSize="3300" Type="ProductImage" UpdatedDate="2025-09-09 08:43:23"/>
   <ProductPicture LowPic="https://inishop.com/img/gallery_lows/98c877cad081868ec420c90bd5e3148eb90438cc.jpg" LowPicHeight="150" LowPicWidth="200" LowSize="14734" No="4" Original="https://inishop.com/img/gallery_raw/9345a6a700807f74887e5f43174c55bf9ad4d9c7.webp" OriginalSize="41232" Pic="https://inishop.com/img/gallery/dc2c176f5b5574a4e52eb051da2121a1bb5279d7.jpg" Pic500x500="https://inishop.com/img/gallery_mediums/70a15ac2be19abe4350952831ebd73bbc9fe1a8c.jpg" Pic500x500Height="375" Pic500x500Size="61066" Pic500x500Width="500" PicHeight="768" PicWidth="1024" ProductPicture_ID="117094389" Size="184491" ThumbPic="https://inishop.com/img/gallery_thumbs/45ab99e1a2f8cf423cc185fa0625199dff32f44f.jpg" ThumbSize="4389" Type="ProductImage" UpdatedDate="2025-09-09 08:43:24"/>
   <ProductPicture LowPic="https://inishop.com/img/gallery_lows/905438a3137ccf376fd43a090fe10ac1afa8d4f6.jpg" LowPicHeight="150" LowPicWidth="200" LowSize="13385" No="5" Original="https://inishop.com/img/gallery_raw/4669812936592ac301f21ab7534c9a31d27e752e.webp" OriginalSize="38166" Pic="https://inishop.com/img/gallery/c5be4ff111cc7abf0d5aec4d9856ab042615d10a.jpg" Pic500x500="https://inishop.com/img/gallery_mediums/83a96dbf08507a7dc4d62c45ff3c3ba725b2a40a.jpg" Pic500x500Height="375" Pic500x500Size="60662" Pic500x500Width="500" PicHeight="768" PicWidth="1024" ProductPicture_ID="117094390" Size="202423" ThumbPic="https://inishop.com/img/gallery_thumbs/d7f429eb2fcb5ef1c7f944ea06c1c9f09adacb0e.jpg" ThumbSize="4077" Type="ProductImage" UpdatedDate="2025-09-09 08:43:25"/>
   <ProductPicture LowPic="https://inishop.com/img/gallery_lows/655ec64cdae56c2ac7e7af6775a505870d690410.jpg" LowPicHeight="150" LowPicWidth="200" LowSize="9735" No="6" Original="https://inishop.com/img/gallery_raw/05335929b8a8ced63f060e79a1b389469ea65aab.webp" OriginalSize="20626" Pic="https://inishop.com/img/gallery/d18bd25abfc42e96ed9915dea08b0e35c27e1673.jpg" Pic500x500="https://inishop.com/img/gallery_mediums/1f449dbd4620a874ae4b56f1a50d76395a6e1195.jpg" Pic500x500Height="375" Pic500x500Size="35094" Pic500x500Width="500" PicHeight="768" PicWidth="1024" ProductPicture_ID="117094391" Size="98131" ThumbPic="https://inishop.com/img/gallery_thumbs/07911c759570beaf2e6ed9f5d05c85c79288a7a2.jpg" ThumbSize="2803" Type="ProductImage" UpdatedDate="2025-09-09 08:43:26"/>
  </ProductGallery>
  <ProductMultimediaObject/>
  <ProductRelated/>
  <SummaryDescription>
   <ShortSummaryDescription langid="1">ASICS Fujitrail Logo Ss Top, T-shirt, Adult, Male, Black, Performance Black, Image</ShortSummaryDescription>
   <LongSummaryDescription langid="1">ASICS Fujitrail Logo Ss Top. Shirt/top type: T-shirt, Consumer life stage: Adult, Gender: Male. Material: Polyester, Material description (name, %): 100% Polyester</LongSummaryDescription>
  </SummaryDescription>
  <Supplier ID="13651" Name="ASICS"/>
  <CatalogObjectCloud/>
  <BrandOrganizations>
   <BrandOwner>
    <Organization ID="6b57139b-c3e8-4cd0-9d74-df2192c462a7" Name="ASICS Corporation" CountryCode="JP" State="" City="Chuo-ku, Kobe" Street="Sannomiya-cho" HouseNumber="1-2-4" ZIP="650-0021">
     <URLs>
      <URL>https://corp.asics.com/en/about_asics/location#japan</URL>
     </URLs>
     <Emails/>
    </Organization>
   </BrandOwner>
   <Licensees/>
   <Representatives>
    <Representative ID="172489241077481653">
     <Organization ID="5cd6cb05-9fa3-4180-9ae2-d081f5d2a36c" Name="ASICS Deutschland GmbH" CountryCode="DE" State="" City="Neuss" Street="Hansemannstrasse" HouseNumber="67" ZIP="41468">
      <URLs>
       <URL>https://corp.asics.com/en/about_asics/location#japan</URL>
      </URLs>
      <Emails/>
     </Organization>
    </Representative>
   </Representatives>
  </BrandOrganizations>
 </Product>
</ICECAT-interface>
