<?xml version="1.0" encoding="UTF-8"?>
<!DOCTYPE ICECAT-interface SYSTEM "https://data.icecat.biz/dtd/ICECAT-interface_response.dtd">
<!--source: Icecat.biz 2025-->
<!--Language ID: 1-->
<!--Version: v2-->
<ICECAT-interface xmlns:xsi="http://www.w3.org/2001/XMLSchema-instance" xsi:noNamespaceSchemaLocation="https://data.icecat.biz/xsd/ICECAT-interface_response.xsd">
 <Product Code="1" HighPic="https://images.icecat.biz/img/gallery/f1ed7162e390a99208f86a15cbfbb61227b4c40f.jpg" HighPicHeight="1920" HighPicSize="344158" HighPicWidth="1920" ID="131216629" LowPic="https://images.icecat.biz/img/gallery_lows/199a2b3b5385fddb483895d89582f0f8c3d6ebbf.jpg" LowPicHeight="200" LowPicSize="9806" LowPicWidth="200" Name="Jabra Evolve2 50 - USB-C/A MS Mono" IntName="Evolve 2 50" LocalName="Jabra Evolve2 50 - USB-C/A MS Mono" Pic500x500="https://images.icecat.biz/img/gallery_mediums/71760622ca537044376a976d4829d03d705d7664.jpg" Pic500x500Height="500" Pic500x500Size="36830" Pic500x500Width="500" Prod_id="25089-899-899-01" Quality="ICECAT" ReleaseDate="2025-02-24" ThumbPic="https://images.icecat.biz/img/gallery_thumbs/f709f863fb3903b7591d3b732331a03272e1eedd.jpg" ThumbPicSize="2783" Title="Jabra Evolve2 50 - USB-C/A MS Mono" GeneratedIntTitle="Jabra Evolve 2 50" GeneratedLocalTitle="Jabra Evolve 2 50 Headset Wired &amp; Wireless Head-band Office/Call center USB Type-C / USB Type-A Bluetooth Black" BrandLocalTitle="Jabra Evolve2 50 - USB-C/A MS Mono">
  <CategoryFeatureGroup ID="10775" No="0">
   <FeatureGroup ID="0">
    <Name ID="5073" langid="1" Value="Technical details"/>
   </FeatureGroup>
  </CategoryFeatureGroup>
  <CategoryFeatureGroup ID="5114" No="16">
   <FeatureGroup ID="8">
    <Name ID="4885" langid="1" Value="System requirements"/>
   </FeatureGroup>
  </CategoryFeatureGroup>
  <CategoryFeatureGroup ID="6264" No="40">
   <FeatureGroup ID="12">
    <Name ID="4995" langid="1" Value="Ports &amp; interfaces"/>
   </FeatureGroup>
  </CategoryFeatureGroup>
  <CategoryFeatureGroup ID="5112" No="8">
   <FeatureGroup ID="14">
    <Name ID="5023" langid="1" Value="Weight &amp; dimensions"/>
   </FeatureGroup>
  </CategoryFeatureGroup>
  <CategoryFeatureGroup ID="12862" No="0">
   <FeatureGroup ID="27">
    <Name ID="5049" langid="1" Value="Power"/>
   </FeatureGroup>
  </CategoryFeatureGroup>
  <CategoryFeatureGroup ID="33260" No="11">
   <FeatureGroup ID="28">
    <Name ID="5067" langid="1" Value="Operational conditions"/>
   </FeatureGroup>
  </CategoryFeatureGroup>
  <CategoryFeatureGroup ID="5225" No="7">
   <FeatureGroup ID="67">
    <Name ID="27423" langid="1" Value="Packaging data"/>
   </FeatureGroup>
  </CategoryFeatureGroup>
  <CategoryFeatureGroup ID="5110" No="28">
   <FeatureGroup ID="70">
    <Name ID="27519" langid="1" Value="Microphone"/>
   </FeatureGroup>
  </CategoryFeatureGroup>
  <CategoryFeatureGroup ID="5109" No="30">
   <FeatureGroup ID="71">
    <Name ID="27525" langid="1" Value="Headphones"/>
   </FeatureGroup>
  </CategoryFeatureGroup>
  <CategoryFeatureGroup ID="40024" No="0">
   <FeatureGroup ID="76">
    <Name ID="28540" langid="1" Value="Certificates"/>
   </FeatureGroup>
  </CategoryFeatureGroup>
  <CategoryFeatureGroup ID="26483" No="20">
   <FeatureGroup ID="79">
    <Name ID="28858" langid="1" Value="Indication"/>
   </FeatureGroup>
  </CategoryFeatureGroup>
  <CategoryFeatureGroup ID="33261" No="-1">
   <FeatureGroup ID="115">
    <Name ID="78827" langid="1" Value="Outer carton"/>
   </FeatureGroup>
  </CategoryFeatureGroup>
  <CategoryFeatureGroup ID="12861" No="6">
   <FeatureGroup ID="116">
    <Name ID="78852" langid="1" Value="Packaging content"/>
   </FeatureGroup>
  </CategoryFeatureGroup>
  <CategoryFeatureGroup ID="13255" No="15">
   <FeatureGroup ID="117">
    <Name ID="78869" langid="1" Value="Subwoofer"/>
   </FeatureGroup>
  </CategoryFeatureGroup>
  <CategoryFeatureGroup ID="25463" No="14">
   <FeatureGroup ID="134">
    <Name ID="350867" langid="1" Value="Amplifier"/>
   </FeatureGroup>
  </CategoryFeatureGroup>
  <CategoryFeatureGroup ID="6263" No="24">
   <FeatureGroup ID="143">
    <Name ID="618812" langid="1" Value="Battery"/>
   </FeatureGroup>
  </CategoryFeatureGroup>
  <CategoryFeatureGroup ID="78145" No="0">
   <FeatureGroup ID="144">
    <Name ID="619994" langid="1" Value="Brand-specific features"/>
   </FeatureGroup>
  </CategoryFeatureGroup>
  <CategoryFeatureGroup ID="6259" No="-100">
   <FeatureGroup ID="146">
    <Name ID="624346" langid="1" Value="Other features"/>
   </FeatureGroup>
  </CategoryFeatureGroup>
  <CategoryFeatureGroup ID="10773" No="50">
   <FeatureGroup ID="148">
    <Name ID="630457" langid="1" Value="Design"/>
   </FeatureGroup>
  </CategoryFeatureGroup>
  <CategoryFeatureGroup ID="10774" No="60">
   <FeatureGroup ID="184">
    <Name ID="1218765" langid="1" Value="Performance"/>
   </FeatureGroup>
  </CategoryFeatureGroup>
  <CategoryFeatureGroup ID="12863" No="0">
   <FeatureGroup ID="185">
    <Name ID="1219853" langid="1" Value="Features"/>
   </FeatureGroup>
  </CategoryFeatureGroup>
  <CategoryFeatureGroup ID="17998" No="3">
   <FeatureGroup ID="198">
    <Name ID="1788927" langid="1" Value="Logistics data"/>
   </FeatureGroup>
  </CategoryFeatureGroup>
  <CategoryFeatureGroup ID="33259" No="0">
   <FeatureGroup ID="232">
    <Name ID="3464238" langid="1" Value="Supplier features"/>
   </FeatureGroup>
  </CategoryFeatureGroup>
  <CategoryFeatureGroup ID="26484" No="12">
   <FeatureGroup ID="237">
    <Name ID="3528484" langid="1" Value="Music player"/>
   </FeatureGroup>
  </CategoryFeatureGroup>
  <CategoryFeatureGroup ID="27971" No="27">
   <FeatureGroup ID="255">
    <Name ID="4252500" langid="1" Value="Base station"/>
   </FeatureGroup>
  </CategoryFeatureGroup>
  <CategoryFeatureGroup ID="27976" No="26">
   <FeatureGroup ID="256">
    <Name ID="4255461" langid="1" Value="Control unit"/>
   </FeatureGroup>
  </CategoryFeatureGroup>
  <CategoryFeatureGroup ID="72109" No="10">
   <FeatureGroup ID="279">
    <Name ID="7392238" langid="1" Value="Sustainability"/>
   </FeatureGroup>
  </CategoryFeatureGroup>
  <Category ID="1637">
   <Name ID="3728246" langid="1" Value="Headphones &amp; Headsets"/>
  </Category>
  <EANCode/>
  <ReleaseDate>
   <Date Value="2025-02-24" langid="1"/>
  </ReleaseDate>
  <EndOfLifeDate/>
  <ReasonsToBuy>
   <ReasonToBuy ID="85560451" Value="Professional calls from your spare bedroom. Motivational playlists before a big pitch. Meditative sounds when it's time to focus. Hybrid work days have a lot going on, so it’s important your headset can keep up. &lt;br&gt;Evolve2 50 is specially engineered to go with your flow. It’s ready to work whichever way you do, delivering professional sound to your calls &lt;em&gt;and&lt;/em&gt; your music, with powerful stereo and mono Active NoiseCancellation (ANC), noise-cancelling mics and 28mm custom speakers - all while treating your head to out-of-this-world comfort with our revolutionary Jabra Air Comfort technology. &lt;br&gt;Do it all, with a headset designed to do it all" HighPic="" HighPicSize="0" No="1" Title="Fit for every purpose" langid="1" origin="RTB" IsRich="0"/>
   <ReasonToBuy ID="85560452" Value="Our engineers spent years perfecting the game-changing Jabra Air Comfort technology to create this incredible out-of-this-world comfort." HighPic="" HighPicSize="0" No="2" Title="There’s something in the air…" langid="1" origin="RTB" IsRich="0"/>
   <ReasonToBuy ID="85560453" Value="We’ve all had one of those days. A buzzer-happy delivery driver arriving mid-conference call. The kids screeching about snacks just as you’re about to seal the deal. Your dog barking in the background of that crucial client chat. &lt;br&gt;Enter Evolve2 50.&lt;br&gt;&lt;br&gt;Its powerful Active Noise-Cancellation (ANC) has a novelty acoustic chamber design and a specially-designed chipset, plus 2 premium noise-cancelling microphones, to effectively silence your surroundings. So you can get on with making hybrid work, work for you." HighPic="" HighPicSize="0" No="3" Title="It’s oh-so-quiet" langid="1" origin="RTB" IsRich="0"/>
   <ReasonToBuy ID="85560454" Value="Bright ideas. Words of wisdom. Crucial comments. Whatever you’ve got to say, Evolve2 50 makes sure you sound professional when you say it. A clever chipset powers its speech-separating, noise-cancelling algorithm and 2 premium microphones, to effectively filter out background distractions. So whoever you’re talking to hears you – and only you – as clearly as if you’re sitting next to them." HighPic="" HighPicSize="0" No="4" Title="We hear you" langid="1" origin="RTB" IsRich="0"/>
   <ReasonToBuy ID="85560455" Value="Evolve2 50 does it all, a bit like you. Stay work-ready with efficiency-boosting tech and a busylight to protect your focus.&lt;br&gt;&lt;br&gt;Taking a moment to recharge between meetings? Immerse yourself in optimised music and media with rich full sound from 28mm custom speakers. Looking for the next flight to Copenhagen (or just the quickest route home)? Tap to hear all the answers from your chosen voice assistant. With Evolve2 50 you’re ready for anything." HighPic="" HighPicSize="0" No="5" Title="All work &lt;em&gt;and&lt;/em&gt; all play" langid="1" origin="RTB" IsRich="0"/>
   <ReasonToBuy ID="85560456" Value="We know your time is valuable, so we’ve made Evolve2 50 easy and lightning-fast to use. Just plug it into your computer and you’re instantly good to go. And with dual connectivity, you can use Bluetooth® to connect to a second device - like your phone - at the same time. Which means you can listen to music on one and take calls on the other. Now you’ll never have to choose between picking up and losing your place just as the chorus hits. When setup is this simple, you can stress less and do more." HighPic="" HighPicSize="0" No="6" Title="Hit the ground running" langid="1" origin="RTB" IsRich="0"/>
   <ReasonToBuy ID="85560457" Value="Evolve2 50 is available in a Microsoft Teams-certified variant and a UC variant, which is certified for Google Meet and Zoom to ensure a seamless collaboration experience.&lt;br&gt;&lt;br&gt;It’s also optimised for other leading UC platforms, so you can be confident that however you keep in touch with your team, this trusted device will keep the collaboration going all day." HighPic="" HighPicSize="0" No="7" Title="As flexible as you are" langid="1" origin="RTB" IsRich="0"/>
  </ReasonsToBuy>
  <BulletPoints>
   <BulletPoint Value="Corded headset" langid="1" No="1"/>
   <BulletPoint Value="Great for hybrid working" langid="1" No="2"/>
   <BulletPoint Value="Bluetooth, USB-A, USB-C" langid="1" No="3"/>
   <BulletPoint Value="Connect to up to 2 devices" langid="1" No="4"/>
   <BulletPoint Value="Enhanced durability" langid="1" No="5"/>
   <BulletPoint Value="2-year warranty" langid="1" No="6"/>
   <BulletPoint Value="Active Noise-Cancellation (ANC)" langid="1" No="7"/>
   <BulletPoint Value="Jabra Air Comfort technology for revolutionary comfort" langid="1" No="8"/>
   <BulletPoint Value="On-ear wearing style" langid="1" No="9"/>
   <BulletPoint Value="Plug-&amp;-play" langid="1" No="10"/>
   <BulletPoint Value="Designed for maximum comfort with Jabra Air Comfort technology" langid="1" No="11"/>
   <BulletPoint Value="Silence your surroundings with Active Noise-Cancellation (ANC)" langid="1" No="12"/>
   <BulletPoint Value="Work-anywhere professionalism, with noise-cancelling microphone technology" langid="1" No="13"/>
   <BulletPoint Value="Optimised sound for professional and personal use" langid="1" No="14"/>
   <BulletPoint Value="Fast plug-and-play and dual connectivity" langid="1" No="15"/>
   <BulletPoint Value="Certified for leading virtual meeting platforms" langid="1" No="16"/>
  </BulletPoints>
  <GeneratedBulletPoints>
   <GeneratedBulletPoint Value="Black Office/Call center Head-band Headset" langid="1" No="1"/>
   <GeneratedBulletPoint Value="Wired &amp; Wireless USB connectivity Bluetooth 5.2 30 m" langid="1" No="2"/>
   <GeneratedBulletPoint Value="Supraaural 20 - 20000 Hz" langid="1" No="3"/>
   <GeneratedBulletPoint Value="Microphone type: Boom -38 dB" langid="1" No="4"/>
  </GeneratedBulletPoints>
  <ProductBundled/>
  <ProductDescription ID="99934130" LongDesc="Professional calls from your spare bedroom. Motivational playlists before a big pitch. Meditative sounds when it's time to concentrate. With premium sound for your calls and music and an ultra-soft, out-of-this-world comfortable design, Evolve2 50 is specially engineered to go with your hybrid workflow." ManualPDFSize="0" ManualPDFURL="" MiddleDesc="The next-generation professional headset to unleash hybrid productivity" PDFSize="0" PDFURL="" ShortDesc="Jabra Evolve2 50 - USB-C/A MS Mono" URL="https://www.jabra.com/en-gb/business/office-headsets/jabra-evolve/jabra-evolve2-50#/#25089-899-899-01" WarrantyInfo="" langid="1"/>
  <ProductFeature Localized="0" ID="776127014" Local_ID="0" Value="Headset" CategoryFeature_ID="320952" CategoryFeatureGroup_ID="10774" No="10100300" Optional="0" Presentation_Value="Headset" Translated="1" Mandatory="1" Searchable="1">
   <LocalValue Value="Headset">
    <Measure ID="29">
     <Signs/>
    </Measure>
   </LocalValue>
   <Feature ID="14052">
    <Measure ID="29" Sign="">
     <Signs/>
    </Measure>
    <Name ID="1127664" langid="1" Value="Product type"/>
   </Feature>
  </ProductFeature>
  <ProductFeature Localized="0" ID="777853230" Local_ID="0" Value="Head-band" CategoryFeature_ID="48583" CategoryFeatureGroup_ID="10774" No="10100294" Optional="0" Presentation_Value="Head-band" Translated="1" Mandatory="1" Searchable="1">
   <LocalValue Value="Head-band">
    <Measure ID="29">
     <Signs/>
    </Measure>
   </LocalValue>
   <Feature ID="8136">
    <Measure ID="29" Sign="">
     <Signs/>
    </Measure>
    <Name ID="628259" langid="1" Value="Wearing style"/>
   </Feature>
  </ProductFeature>
  <ProductFeature Localized="0" ID="777853233" Local_ID="0" Value="Office/Call center" CategoryFeature_ID="320937" CategoryFeatureGroup_ID="10774" No="10100291" Optional="0" Presentation_Value="Office/Call center" Translated="1" Mandatory="1" Searchable="1">
   <LocalValue Value="Office/Call center">
    <Measure ID="29">
     <Signs/>
    </Measure>
   </LocalValue>
   <Feature ID="8480">
    <Measure ID="29" Sign="">
     <Signs/>
    </Measure>
    <Name ID="710488" langid="1" Value="Recommended usage"/>
   </Feature>
  </ProductFeature>
  <ProductFeature Localized="0" ID="777853210" Local_ID="0" Value="Black" CategoryFeature_ID="41175" CategoryFeatureGroup_ID="10774" No="100280" Optional="0" Presentation_Value="Black" Translated="1" Mandatory="1" Searchable="0">
   <LocalValue Value="Black">
    <Measure ID="29">
     <Signs/>
    </Measure>
   </LocalValue>
   <Feature ID="1766">
    <Measure ID="29" Sign="">
     <Signs/>
    </Measure>
    <Name ID="5487" langid="1" Value="Product colour"/>
   </Feature>
  </ProductFeature>
  <ProductFeature Localized="0" ID="777853229" Local_ID="0" Value="Monaural" CategoryFeature_ID="48578" CategoryFeatureGroup_ID="10774" No="100288" Optional="0" Presentation_Value="Monaural" Translated="1" Mandatory="0" Searchable="0">
   <LocalValue Value="Monaural">
    <Measure ID="29">
     <Signs/>
    </Measure>
   </LocalValue>
   <Feature ID="8135">
    <Measure ID="29" Sign="">
     <Signs/>
    </Measure>
    <Name ID="628176" langid="1" Value="Headset type"/>
   </Feature>
  </ProductFeature>
  <ProductFeature Localized="0" ID="777853232" Local_ID="0" Value="Volume +,Volume -" CategoryFeature_ID="321152" CategoryFeatureGroup_ID="10774" No="100279" Optional="0" Presentation_Value="Volume +, Volume -" Translated="1" Mandatory="0" Searchable="0">
   <LocalValue Value="Volume +, Volume -">
    <Measure ID="29">
     <Signs/>
    </Measure>
   </LocalValue>
   <Feature ID="8160">
    <Measure ID="29" Sign="">
     <Signs/>
    </Measure>
    <Name ID="629373" langid="1" Value="Operating keys"/>
   </Feature>
  </ProductFeature>
  <ProductFeature Localized="0" ID="777853218" Local_ID="0" Value="Button" CategoryFeature_ID="43294" CategoryFeatureGroup_ID="10774" No="100276" Optional="0" Presentation_Value="Button" Translated="1" Mandatory="0" Searchable="0">
   <LocalValue Value="Button">
    <Measure ID="29">
     <Signs/>
    </Measure>
   </LocalValue>
   <Feature ID="2587">
    <Measure ID="29" Sign="">
     <Signs/>
    </Measure>
    <Name ID="13221" langid="1" Value="Volume control"/>
   </Feature>
  </ProductFeature>
  <ProductFeature Localized="0" ID="777853242" Local_ID="0" Value="On-ear control unit" CategoryFeature_ID="255468" CategoryFeatureGroup_ID="10774" No="100275" Optional="0" Presentation_Value="On-ear control unit" Translated="0" Mandatory="0" Searchable="0">
   <LocalValue Value="On-ear control unit">
    <Measure ID="29">
     <Signs/>
    </Measure>
   </LocalValue>
   <Feature ID="36477">
    <Measure ID="29" Sign="">
     <Signs/>
    </Measure>
    <Name ID="4255515" langid="1" Value="Control unit type"/>
   </Feature>
  </ProductFeature>
  <ProductFeature Localized="0" ID="777853219" Local_ID="0" Value="Buttons" CategoryFeature_ID="255483" CategoryFeatureGroup_ID="10774" No="100274" Optional="0" Presentation_Value="Buttons" Translated="1" Mandatory="0" Searchable="0">
   <LocalValue Value="Buttons">
    <Measure ID="29">
     <Signs/>
    </Measure>
   </LocalValue>
   <Feature ID="2651">
    <Measure ID="29" Sign="">
     <Signs/>
    </Measure>
    <Name ID="13446" langid="1" Value="Control type"/>
   </Feature>
  </ProductFeature>
  <ProductFeature Localized="0" ID="777853202" Local_ID="0" Value="1.7" CategoryFeature_ID="42582" CategoryFeatureGroup_ID="10774" No="100270" Optional="0" Presentation_Value="1.7 m" Translated="0" Mandatory="0" Searchable="0">
   <LocalValue Value="1.7">
    <Measure ID="54">
     <Signs>
      <Sign ID="37" langid="1"><![CDATA[m]]></Sign>
     </Signs>
    </Measure>
   </LocalValue>
   <Feature ID="1266">
    <Measure ID="54" Sign="">
     <Signs>
      <Sign ID="37" langid="1"><![CDATA[m]]></Sign>
     </Signs>
    </Measure>
    <Name ID="4073" langid="1" Value="Cable length"/>
   </Feature>
  </ProductFeature>
  <ProductFeature Localized="0" ID="777853203" Local_ID="0" Value="Black" CategoryFeature_ID="238759" CategoryFeatureGroup_ID="10774" No="100269" Optional="0" Presentation_Value="Black" Translated="1" Mandatory="0" Searchable="0">
   <LocalValue Value="Black">
    <Measure ID="29">
     <Signs/>
    </Measure>
   </LocalValue>
   <Feature ID="1272">
    <Measure ID="29" Sign="">
     <Signs/>
    </Measure>
    <Name ID="4085" langid="1" Value="Cable colour"/>
   </Feature>
  </ProductFeature>
  <ProductFeature Localized="0" ID="777853236" Local_ID="0" Value="MS" CategoryFeature_ID="684709" CategoryFeatureGroup_ID="10774" No="100000" Optional="0" Presentation_Value="MS" Translated="0" Mandatory="0" Searchable="0">
   <LocalValue Value="MS">
    <Measure ID="29">
     <Signs/>
    </Measure>
   </LocalValue>
   <Feature ID="12041">
    <Measure ID="29" Sign="">
     <Signs/>
    </Measure>
    <Name ID="1085971" langid="1" Value="Optimized for"/>
   </Feature>
  </ProductFeature>
  <ProductFeature Localized="0" ID="777853247" Local_ID="0" Value="Jabra SafeTone" CategoryFeature_ID="803802" CategoryFeatureGroup_ID="10774" No="100000" Optional="0" Presentation_Value="Jabra SafeTone" Translated="0" Mandatory="0" Searchable="0">
   <LocalValue Value="Jabra SafeTone">
    <Measure ID="29">
     <Signs/>
    </Measure>
   </LocalValue>
   <Feature ID="44222">
    <Measure ID="29" Sign="">
     <Signs/>
    </Measure>
    <Name ID="7961765" langid="1" Value="Hearing protection technologies"/>
   </Feature>
  </ProductFeature>
  <ProductFeature Localized="0" ID="777853238" Local_ID="0" Value="Y" CategoryFeature_ID="803887" CategoryFeatureGroup_ID="10774" No="100000" Optional="0" Presentation_Value="Yes" Translated="1" Mandatory="0" Searchable="0">
   <LocalValue Value="Yes">
    <Measure ID="26">
     <Signs/>
    </Measure>
   </LocalValue>
   <Feature ID="17581">
    <Measure ID="26" Sign="">
     <Signs/>
    </Measure>
    <Name ID="1249127" langid="1" Value="Music playback"/>
   </Feature>
  </ProductFeature>
  <ProductFeature Localized="0" ID="777853249" Local_ID="0" Value="Y" CategoryFeature_ID="804045" CategoryFeatureGroup_ID="10774" No="100000" Optional="0" Presentation_Value="Yes" Translated="1" Mandatory="0" Searchable="0">
   <LocalValue Value="Yes">
    <Measure ID="26">
     <Signs/>
    </Measure>
   </LocalValue>
   <Feature ID="44237">
    <Measure ID="26" Sign="">
     <Signs/>
    </Measure>
    <Name ID="7963975" langid="1" Value="HD voice"/>
   </Feature>
  </ProductFeature>
  <ProductFeature Localized="0" ID="777853250" Local_ID="0" Value="Y" CategoryFeature_ID="804127" CategoryFeatureGroup_ID="10774" No="100000" Optional="0" Presentation_Value="Yes" Translated="1" Mandatory="0" Searchable="0">
   <LocalValue Value="Yes">
    <Measure ID="26">
     <Signs/>
    </Measure>
   </LocalValue>
   <Feature ID="44241">
    <Measure ID="26" Sign="">
     <Signs/>
    </Measure>
    <Name ID="7964346" langid="1" Value="Auto-connect"/>
   </Feature>
  </ProductFeature>
  <ProductFeature Localized="0" ID="777853208" Local_ID="0" Value="Wired &amp; Wireless" CategoryFeature_ID="155712" CategoryFeatureGroup_ID="6264" No="10100298" Optional="0" Presentation_Value="Wired &amp; Wireless" Translated="1" Mandatory="1" Searchable="1">
   <LocalValue Value="Wired &amp; Wireless">
    <Measure ID="29">
     <Signs/>
    </Measure>
   </LocalValue>
   <Feature ID="1655">
    <Measure ID="29" Sign="">
     <Signs/>
    </Measure>
    <Name ID="5169" langid="1" Value="Connectivity technology"/>
   </Feature>
  </ProductFeature>
  <ProductFeature Localized="0" ID="777853235" Local_ID="0" Value="Y" CategoryFeature_ID="199416" CategoryFeatureGroup_ID="6264" No="100288" Optional="0" Presentation_Value="Yes" Translated="1" Mandatory="0" Searchable="0">
   <LocalValue Value="Yes">
    <Measure ID="26">
     <Signs/>
    </Measure>
   </LocalValue>
   <Feature ID="10496">
    <Measure ID="26" Sign="">
     <Signs/>
    </Measure>
    <Name ID="908239" langid="1" Value="USB connectivity"/>
   </Feature>
  </ProductFeature>
  <ProductFeature Localized="0" ID="777853240" Local_ID="0" Value="USB Type-C / USB Type-A" CategoryFeature_ID="199417" CategoryFeatureGroup_ID="6264" No="100287" Optional="0" Presentation_Value="USB Type-C / USB Type-A" Translated="0" Mandatory="0" Searchable="0">
   <LocalValue Value="USB Type-C / USB Type-A">
    <Measure ID="29">
     <Signs/>
    </Measure>
   </LocalValue>
   <Feature ID="26352">
    <Measure ID="29" Sign="">
     <Signs/>
    </Measure>
    <Name ID="2241859" langid="1" Value="USB connector"/>
   </Feature>
  </ProductFeature>
  <ProductFeature Localized="0" ID="777853214" Local_ID="0" Value="Y" CategoryFeature_ID="199418" CategoryFeatureGroup_ID="6264" No="100286" Optional="0" Presentation_Value="Yes" Translated="1" Mandatory="0" Searchable="0">
   <LocalValue Value="Yes">
    <Measure ID="26">
     <Signs/>
    </Measure>
   </LocalValue>
   <Feature ID="2183">
    <Measure ID="26" Sign="">
     <Signs/>
    </Measure>
    <Name ID="11148" langid="1" Value="Bluetooth"/>
   </Feature>
  </ProductFeature>
  <ProductFeature Localized="0" ID="777853226" Local_ID="0" Value="A2DP,HFP,HSP,PBAP,AVRCP,SPP" CategoryFeature_ID="43223" CategoryFeatureGroup_ID="6264" No="100285" Optional="0" Presentation_Value="A2DP, HFP, HSP, PBAP, AVRCP, SPP" Translated="0" Mandatory="0" Searchable="0">
   <LocalValue Value="A2DP, HFP, HSP, PBAP, AVRCP, SPP">
    <Measure ID="29">
     <Signs/>
    </Measure>
   </LocalValue>
   <Feature ID="4133">
    <Measure ID="29" Sign="">
     <Signs/>
    </Measure>
    <Name ID="58884" langid="1" Value="Bluetooth profiles"/>
   </Feature>
  </ProductFeature>
  <ProductFeature Localized="0" ID="777853200" Local_ID="0" Value="5.2" CategoryFeature_ID="43224" CategoryFeatureGroup_ID="6264" No="100285" Optional="0" Presentation_Value="5.2" Translated="0" Mandatory="0" Searchable="0">
   <LocalValue Value="5.2">
    <Measure ID="29">
     <Signs/>
    </Measure>
   </LocalValue>
   <Feature ID="1208">
    <Measure ID="29" Sign="">
     <Signs/>
    </Measure>
    <Name ID="3957" langid="1" Value="Bluetooth version"/>
   </Feature>
  </ProductFeature>
  <ProductFeature Localized="0" ID="777853245" Local_ID="0" Value="20 - 20000" CategoryFeature_ID="801347" CategoryFeatureGroup_ID="6264" No="100008" Optional="0" Presentation_Value="20 - 20000 Hz" Translated="0" Mandatory="0" Searchable="0">
   <LocalValue Value="20 - 20000">
    <Measure ID="36">
     <Signs>
      <Sign ID="20" langid="1"><![CDATA[Hz]]></Sign>
     </Signs>
    </Measure>
   </LocalValue>
   <Feature ID="44083">
    <Measure ID="36" Sign="">
     <Signs>
      <Sign ID="20" langid="1"><![CDATA[Hz]]></Sign>
     </Signs>
    </Measure>
    <Name ID="7943739" langid="1" Value="Frequency response (music mode)"/>
   </Feature>
  </ProductFeature>
  <ProductFeature Localized="0" ID="777853246" Local_ID="0" Value="150 - 6800" CategoryFeature_ID="801348" CategoryFeatureGroup_ID="6264" No="100008" Optional="0" Presentation_Value="150 - 6800 Hz" Translated="0" Mandatory="0" Searchable="0">
   <LocalValue Value="150 - 6800">
    <Measure ID="36">
     <Signs>
      <Sign ID="20" langid="1"><![CDATA[Hz]]></Sign>
     </Signs>
    </Measure>
   </LocalValue>
   <Feature ID="44084">
    <Measure ID="36" Sign="">
     <Signs>
      <Sign ID="20" langid="1"><![CDATA[Hz]]></Sign>
     </Signs>
    </Measure>
    <Name ID="7943813" langid="1" Value="Frequency response (talk mode)"/>
   </Feature>
  </ProductFeature>
  <ProductFeature Localized="0" ID="777853205" Local_ID="0" Value="30" CategoryFeature_ID="48592" CategoryFeatureGroup_ID="6264" No="100007" Optional="0" Presentation_Value="30 m" Translated="0" Mandatory="0" Searchable="0">
   <LocalValue Value="30">
    <Measure ID="54">
     <Signs>
      <Sign ID="37" langid="1"><![CDATA[m]]></Sign>
     </Signs>
    </Measure>
   </LocalValue>
   <Feature ID="1505">
    <Measure ID="54" Sign="">
     <Signs>
      <Sign ID="37" langid="1"><![CDATA[m]]></Sign>
     </Signs>
    </Measure>
    <Name ID="4707" langid="1" Value="Wireless range"/>
   </Feature>
  </ProductFeature>
  <ProductFeature Localized="0" ID="777853217" Local_ID="0" Value="Supraaural" CategoryFeature_ID="42691" CategoryFeatureGroup_ID="5109" No="100050" Optional="0" Presentation_Value="Supraaural" Translated="1" Mandatory="1" Searchable="0">
   <LocalValue Value="Supraaural">
    <Measure ID="29">
     <Signs/>
    </Measure>
   </LocalValue>
   <Feature ID="2527">
    <Measure ID="29" Sign="">
     <Signs/>
    </Measure>
    <Name ID="12930" langid="1" Value="Ear coupling"/>
   </Feature>
  </ProductFeature>
  <ProductFeature Localized="0" ID="777853234" Local_ID="0" Value="30" CategoryFeature_ID="117604" CategoryFeatureGroup_ID="5109" No="100400" Optional="0" Presentation_Value="30 mW" Translated="0" Mandatory="0" Searchable="0">
   <LocalValue Value="30">
    <Measure ID="135">
     <Signs>
      <Sign ID="116" langid="1"><![CDATA[mW]]></Sign>
     </Signs>
    </Measure>
   </LocalValue>
   <Feature ID="9716">
    <Measure ID="135" Sign="">
     <Signs>
      <Sign ID="116" langid="1"><![CDATA[mW]]></Sign>
     </Signs>
    </Measure>
    <Name ID="810360" langid="1" Value="Maximum input power"/>
   </Feature>
  </ProductFeature>
  <ProductFeature Localized="0" ID="777853211" Local_ID="0" Value="20 - 20000" CategoryFeature_ID="41166" CategoryFeatureGroup_ID="5109" No="100047" Optional="0" Presentation_Value="20 - 20000 Hz" Translated="0" Mandatory="0" Searchable="0">
   <LocalValue Value="20 - 20000">
    <Measure ID="36">
     <Signs>
      <Sign ID="20" langid="1"><![CDATA[Hz]]></Sign>
     </Signs>
    </Measure>
   </LocalValue>
   <Feature ID="1887">
    <Measure ID="36" Sign="">
     <Signs>
      <Sign ID="20" langid="1"><![CDATA[Hz]]></Sign>
     </Signs>
    </Measure>
    <Name ID="5847" langid="1" Value="Headphone frequency"/>
   </Feature>
  </ProductFeature>
  <ProductFeature Localized="0" ID="777853215" Local_ID="0" Value="28" CategoryFeature_ID="41164" CategoryFeatureGroup_ID="5109" No="100030" Optional="0" Presentation_Value="2.8 cm" Translated="0" Mandatory="0" Searchable="0">
   <LocalValue Value="2.8">
    <Measure ID="34">
     <Signs>
      <Sign ID="18" langid="1"><![CDATA[cm]]></Sign>
     </Signs>
    </Measure>
   </LocalValue>
   <Feature ID="2379">
    <Measure ID="24" Sign="">
     <Signs>
      <Sign ID="3" langid="1"><![CDATA[mm]]></Sign>
     </Signs>
    </Measure>
    <Name ID="12234" langid="1" Value="Driver unit"/>
   </Feature>
  </ProductFeature>
  <ProductFeature Localized="0" ID="777853252" Local_ID="0" Value="Y" CategoryFeature_ID="927756" CategoryFeatureGroup_ID="5109" No="100020" Optional="0" Presentation_Value="Yes" Translated="1" Mandatory="0" Searchable="0">
   <LocalValue Value="Yes">
    <Measure ID="26">
     <Signs/>
    </Measure>
   </LocalValue>
   <Feature ID="46048">
    <Measure ID="26" Sign="">
     <Signs/>
    </Measure>
    <Name ID="8463364" langid="1" Value="Noise canceling"/>
   </Feature>
  </ProductFeature>
  <ProductFeature Localized="0" ID="777853243" Local_ID="0" Value="Active" CategoryFeature_ID="319736" CategoryFeatureGroup_ID="5109" No="100019" Optional="0" Presentation_Value="Active" Translated="1" Mandatory="0" Searchable="0">
   <LocalValue Value="Active">
    <Measure ID="29">
     <Signs/>
    </Measure>
   </LocalValue>
   <Feature ID="39802">
    <Measure ID="29" Sign="">
     <Signs/>
    </Measure>
    <Name ID="5683528" langid="1" Value="Noise canceling type"/>
   </Feature>
  </ProductFeature>
  <ProductFeature Localized="0" ID="777853237" Local_ID="0" Value="Boom microphone" CategoryFeature_ID="320987" CategoryFeatureGroup_ID="5110" No="10100297" Optional="0" Presentation_Value="Boom" Translated="1" Mandatory="1" Searchable="1">
   <LocalValue Value="Boom">
    <Measure ID="29">
     <Signs/>
    </Measure>
   </LocalValue>
   <Feature ID="15803">
    <Measure ID="29" Sign="">
     <Signs/>
    </Measure>
    <Name ID="1181148" langid="1" Value="Microphone type"/>
   </Feature>
  </ProductFeature>
  <ProductFeature Localized="0" ID="777853212" Local_ID="0" Value="20 - 10000" CategoryFeature_ID="41167" CategoryFeatureGroup_ID="5110" No="100020" Optional="0" Presentation_Value="20 - 10000 Hz" Translated="0" Mandatory="0" Searchable="0">
   <LocalValue Value="20 - 10000">
    <Measure ID="36">
     <Signs>
      <Sign ID="20" langid="1"><![CDATA[Hz]]></Sign>
     </Signs>
    </Measure>
   </LocalValue>
   <Feature ID="1890">
    <Measure ID="36" Sign="">
     <Signs>
      <Sign ID="20" langid="1"><![CDATA[Hz]]></Sign>
     </Signs>
    </Measure>
    <Name ID="5853" langid="1" Value="Microphone frequency"/>
   </Feature>
  </ProductFeature>
  <ProductFeature Localized="0" ID="777853213" Local_ID="0" Value="-38" CategoryFeature_ID="41168" CategoryFeatureGroup_ID="5110" No="100015" Optional="0" Presentation_Value="-38 dB" Translated="0" Mandatory="0" Searchable="0">
   <LocalValue Value="-38">
    <Measure ID="76">
     <Signs>
      <Sign ID="59" langid="1"><![CDATA[dB]]></Sign>
     </Signs>
    </Measure>
   </LocalValue>
   <Feature ID="1891">
    <Measure ID="76" Sign="">
     <Signs>
      <Sign ID="59" langid="1"><![CDATA[dB]]></Sign>
     </Signs>
    </Measure>
    <Name ID="5855" langid="1" Value="Microphone sensitivity"/>
   </Feature>
  </ProductFeature>
  <ProductFeature Localized="0" ID="777853239" Local_ID="0" Value="Y" CategoryFeature_ID="161734" CategoryFeatureGroup_ID="5110" No="100000" Optional="0" Presentation_Value="Yes" Translated="1" Mandatory="0" Searchable="0">
   <LocalValue Value="Yes">
    <Measure ID="26">
     <Signs/>
    </Measure>
   </LocalValue>
   <Feature ID="25721">
    <Measure ID="26" Sign="">
     <Signs/>
    </Measure>
    <Name ID="2170844" langid="1" Value="Folding microphone"/>
   </Feature>
  </ProductFeature>
  <ProductFeature Localized="0" ID="777853228" Local_ID="0" Value="3" CategoryFeature_ID="321124" CategoryFeatureGroup_ID="5110" No="100000" Optional="0" Presentation_Value="3" Translated="0" Mandatory="0" Searchable="0">
   <LocalValue Value="3">
    <Measure ID="29">
     <Signs/>
    </Measure>
   </LocalValue>
   <Feature ID="7252">
    <Measure ID="29" Sign="">
     <Signs/>
    </Measure>
    <Name ID="352345" langid="1" Value="Number of microphones"/>
   </Feature>
  </ProductFeature>
  <ProductFeature Localized="0" ID="777853244" Local_ID="0" Value="Y" CategoryFeature_ID="684707" CategoryFeatureGroup_ID="5110" No="100000" Optional="0" Presentation_Value="Yes" Translated="1" Mandatory="0" Searchable="0">
   <LocalValue Value="Yes">
    <Measure ID="26">
     <Signs/>
    </Measure>
   </LocalValue>
   <Feature ID="42739">
    <Measure ID="26" Sign="">
     <Signs/>
    </Measure>
    <Name ID="7112578" langid="1" Value="MEMS (Micro-Electro-Mechanical System) microphone"/>
   </Feature>
  </ProductFeature>
  <ProductFeature Localized="0" ID="777853220" Local_ID="0" Value="Y" CategoryFeature_ID="43268" CategoryFeatureGroup_ID="5110" No="99998" Optional="0" Presentation_Value="Yes" Translated="1" Mandatory="0" Searchable="0">
   <LocalValue Value="Yes">
    <Measure ID="26">
     <Signs/>
    </Measure>
   </LocalValue>
   <Feature ID="2673">
    <Measure ID="26" Sign="">
     <Signs/>
    </Measure>
    <Name ID="13539" langid="1" Value="Microphone mute"/>
   </Feature>
  </ProductFeature>
  <ProductFeature Localized="0" ID="777853199" Local_ID="0" Value="-10 - 55" CategoryFeature_ID="48590" CategoryFeatureGroup_ID="33260" No="100010" Optional="0" Presentation_Value="-10 - 55 °C" Translated="0" Mandatory="0" Searchable="0">
   <LocalValue Value="-10 - 55">
    <Measure ID="65">
     <Signs>
      <Sign ID="48" langid="1"><![CDATA[°C]]></Sign>
     </Signs>
    </Measure>
   </LocalValue>
   <Feature ID="1112">
    <Measure ID="65" Sign="">
     <Signs>
      <Sign ID="48" langid="1"><![CDATA[°C]]></Sign>
     </Signs>
    </Measure>
    <Name ID="3765" langid="1" Value="Operating temperature (T-T)"/>
   </Feature>
  </ProductFeature>
  <ProductFeature Localized="0" ID="777853197" Local_ID="0" Value="-10 - 55" CategoryFeature_ID="48591" CategoryFeatureGroup_ID="33260" No="100005" Optional="0" Presentation_Value="-10 - 55 °C" Translated="0" Mandatory="0" Searchable="0">
   <LocalValue Value="-10 - 55">
    <Measure ID="65">
     <Signs>
      <Sign ID="48" langid="1"><![CDATA[°C]]></Sign>
     </Signs>
    </Measure>
   </LocalValue>
   <Feature ID="757">
    <Measure ID="65" Sign="">
     <Signs>
      <Sign ID="48" langid="1"><![CDATA[°C]]></Sign>
     </Signs>
    </Measure>
    <Name ID="3045" langid="1" Value="Storage temperature (T-T)"/>
   </Feature>
  </ProductFeature>
  <ProductFeature Localized="0" ID="777853206" Local_ID="0" Value="193" CategoryFeature_ID="43302" CategoryFeatureGroup_ID="5112" No="100050" Optional="0" Presentation_Value="193 mm" Translated="0" Mandatory="0" Searchable="0">
   <LocalValue Value="193">
    <Measure ID="24">
     <Signs>
      <Sign ID="3" langid="1"><![CDATA[mm]]></Sign>
     </Signs>
    </Measure>
   </LocalValue>
   <Feature ID="1649">
    <Measure ID="24" Sign="">
     <Signs>
      <Sign ID="3" langid="1"><![CDATA[mm]]></Sign>
     </Signs>
    </Measure>
    <Name ID="5143" langid="1" Value="Width"/>
   </Feature>
  </ProductFeature>
  <ProductFeature Localized="0" ID="777853207" Local_ID="0" Value="175" CategoryFeature_ID="43235" CategoryFeatureGroup_ID="5112" No="100049" Optional="0" Presentation_Value="175 mm" Translated="0" Mandatory="0" Searchable="0">
   <LocalValue Value="175">
    <Measure ID="24">
     <Signs>
      <Sign ID="3" langid="1"><![CDATA[mm]]></Sign>
     </Signs>
    </Measure>
   </LocalValue>
   <Feature ID="1650">
    <Measure ID="24" Sign="">
     <Signs>
      <Sign ID="3" langid="1"><![CDATA[mm]]></Sign>
     </Signs>
    </Measure>
    <Name ID="5145" langid="1" Value="Depth"/>
   </Feature>
  </ProductFeature>
  <ProductFeature Localized="0" ID="777853204" Local_ID="0" Value="65" CategoryFeature_ID="43257" CategoryFeatureGroup_ID="5112" No="100048" Optional="0" Presentation_Value="65 mm" Translated="0" Mandatory="0" Searchable="0">
   <LocalValue Value="65">
    <Measure ID="24">
     <Signs>
      <Sign ID="3" langid="1"><![CDATA[mm]]></Sign>
     </Signs>
    </Measure>
   </LocalValue>
   <Feature ID="1464">
    <Measure ID="24" Sign="">
     <Signs>
      <Sign ID="3" langid="1"><![CDATA[mm]]></Sign>
     </Signs>
    </Measure>
    <Name ID="4625" langid="1" Value="Height"/>
   </Feature>
  </ProductFeature>
  <ProductFeature Localized="0" ID="777853196" Local_ID="0" Value="99" CategoryFeature_ID="41172" CategoryFeatureGroup_ID="5112" No="100047" Optional="0" Presentation_Value="99 g" Translated="0" Mandatory="0" Searchable="0">
   <LocalValue Value="99">
    <Measure ID="38">
     <Signs>
      <Sign ID="22" langid="1"><![CDATA[g]]></Sign>
     </Signs>
    </Measure>
   </LocalValue>
   <Feature ID="94">
    <Measure ID="38" Sign="">
     <Signs>
      <Sign ID="22" langid="1"><![CDATA[g]]></Sign>
     </Signs>
    </Measure>
    <Name ID="1525" langid="1" Value="Weight"/>
   </Feature>
  </ProductFeature>
  <ProductFeature Localized="0" ID="777853223" Local_ID="0" Value="50" CategoryFeature_ID="43281" CategoryFeatureGroup_ID="5225" No="99989" Optional="0" Presentation_Value="50 mm" Translated="0" Mandatory="0" Searchable="0">
   <LocalValue Value="50">
    <Measure ID="24">
     <Signs>
      <Sign ID="3" langid="1"><![CDATA[mm]]></Sign>
     </Signs>
    </Measure>
   </LocalValue>
   <Feature ID="3808">
    <Measure ID="24" Sign="">
     <Signs>
      <Sign ID="3" langid="1"><![CDATA[mm]]></Sign>
     </Signs>
    </Measure>
    <Name ID="44095" langid="1" Value="Package width"/>
   </Feature>
  </ProductFeature>
  <ProductFeature Localized="0" ID="777853221" Local_ID="0" Value="170" CategoryFeature_ID="43275" CategoryFeatureGroup_ID="5225" No="99988" Optional="0" Presentation_Value="170 mm" Translated="0" Mandatory="0" Searchable="0">
   <LocalValue Value="170">
    <Measure ID="24">
     <Signs>
      <Sign ID="3" langid="1"><![CDATA[mm]]></Sign>
     </Signs>
    </Measure>
   </LocalValue>
   <Feature ID="3806">
    <Measure ID="24" Sign="">
     <Signs>
      <Sign ID="3" langid="1"><![CDATA[mm]]></Sign>
     </Signs>
    </Measure>
    <Name ID="44061" langid="1" Value="Package depth"/>
   </Feature>
  </ProductFeature>
  <ProductFeature Localized="0" ID="777853222" Local_ID="0" Value="202" CategoryFeature_ID="43276" CategoryFeatureGroup_ID="5225" No="99987" Optional="0" Presentation_Value="202 mm" Translated="0" Mandatory="0" Searchable="0">
   <LocalValue Value="202">
    <Measure ID="24">
     <Signs>
      <Sign ID="3" langid="1"><![CDATA[mm]]></Sign>
     </Signs>
    </Measure>
   </LocalValue>
   <Feature ID="3807">
    <Measure ID="24" Sign="">
     <Signs>
      <Sign ID="3" langid="1"><![CDATA[mm]]></Sign>
     </Signs>
    </Measure>
    <Name ID="44078" langid="1" Value="Package height"/>
   </Feature>
  </ProductFeature>
  <ProductFeature Localized="0" ID="777853225" Local_ID="0" Value="Y" CategoryFeature_ID="48597" CategoryFeatureGroup_ID="12861" No="100012" Optional="0" Presentation_Value="Yes" Translated="1" Mandatory="0" Searchable="0">
   <LocalValue Value="Yes">
    <Measure ID="26">
     <Signs/>
    </Measure>
   </LocalValue>
   <Feature ID="3981">
    <Measure ID="26" Sign="">
     <Signs/>
    </Measure>
    <Name ID="56096" langid="1" Value="Quick start guide"/>
   </Feature>
  </ProductFeature>
  <ProductFeature Localized="0" ID="777853224" Local_ID="0" Value="Y" CategoryFeature_ID="320970" CategoryFeatureGroup_ID="12861" No="100000" Optional="0" Presentation_Value="Yes" Translated="1" Mandatory="0" Searchable="0">
   <LocalValue Value="Yes">
    <Measure ID="26">
     <Signs/>
    </Measure>
   </LocalValue>
   <Feature ID="3975">
    <Measure ID="26" Sign="">
     <Signs/>
    </Measure>
    <Name ID="56058" langid="1" Value="Pouch"/>
   </Feature>
  </ProductFeature>
  <ProductFeature Localized="0" ID="777853209" Local_ID="0" Value="1" CategoryFeature_ID="82142" CategoryFeatureGroup_ID="12861" No="99995" Optional="0" Presentation_Value="1" Translated="0" Mandatory="0" Searchable="0">
   <LocalValue Value="1">
    <Measure ID="29">
     <Signs/>
    </Measure>
   </LocalValue>
   <Feature ID="1675">
    <Measure ID="29" Sign="">
     <Signs/>
    </Measure>
    <Name ID="5223" langid="1" Value="Quantity"/>
   </Feature>
  </ProductFeature>
  <ProductFeature Localized="0" ID="777853251" Local_ID="0" Value="2" CategoryFeature_ID="921250" CategoryFeatureGroup_ID="10775" No="100000" Optional="0" Presentation_Value="2 year(s)" Translated="0" Mandatory="0" Searchable="0">
   <LocalValue Value="2">
    <Measure ID="75">
     <Signs>
      <Sign ID="58" langid="1"><![CDATA[year(s)]]></Sign>
     </Signs>
    </Measure>
   </LocalValue>
   <Feature ID="45898">
    <Measure ID="75" Sign="">
     <Signs>
      <Sign ID="58" langid="1"><![CDATA[year(s)]]></Sign>
     </Signs>
    </Measure>
    <Name ID="8442683" langid="1" Value="Warranty period"/>
   </Feature>
  </ProductFeature>
  <ProductFeature Localized="0" ID="777853198" Local_ID="0" Value="Acrylonitrile Butadiene Styrene (ABS),Leatherette,Polycarbonate (PC),Stainless steel" CategoryFeature_ID="80530" CategoryFeatureGroup_ID="33259" No="99875" Optional="0" Presentation_Value="Acrylonitrile butadiene styrene (ABS), Leatherette, Polycarbonate (PC), Stainless steel" Translated="1" Mandatory="0" Searchable="0">
   <LocalValue Value="Acrylonitrile butadiene styrene (ABS), Leatherette, Polycarbonate (PC), Stainless steel">
    <Measure ID="29">
     <Signs/>
    </Measure>
   </LocalValue>
   <Feature ID="898">
    <Measure ID="29" Sign="">
     <Signs/>
    </Measure>
    <Name ID="3337" langid="1" Value="Material"/>
   </Feature>
  </ProductFeature>
  <ProductFeature Localized="0" ID="777853248" Local_ID="0" Value="ENG,FRE,DEU,JPN,KOR" CategoryFeature_ID="803975" CategoryFeatureGroup_ID="6259" No="100008" Optional="0" Presentation_Value="English, French, German, Japanese, Korean" Translated="1" Mandatory="0" Searchable="0">
   <LocalValue Value="English, French, German, Japanese, Korean">
    <Measure ID="29">
     <Signs/>
    </Measure>
   </LocalValue>
   <Feature ID="44236">
    <Measure ID="29" Sign="">
     <Signs/>
    </Measure>
    <Name ID="7962971" langid="1" Value="Voice guidance languages"/>
   </Feature>
  </ProductFeature>
  <ProductFeature Localized="0" ID="777853216" Local_ID="0" Value="Jabra Direct, Jabra Xpress" CategoryFeature_ID="64966" CategoryFeatureGroup_ID="6259" No="100000" Optional="1" Presentation_Value="Jabra Direct, Jabra Xpress" Translated="0" Mandatory="0" Searchable="0">
   <LocalValue Value="Jabra Direct, Jabra Xpress">
    <Measure ID="29">
     <Signs/>
    </Measure>
   </LocalValue>
   <Feature ID="2432">
    <Measure ID="29" Sign="">
     <Signs/>
    </Measure>
    <Name ID="12501" langid="1" Value="Applications supported"/>
   </Feature>
  </ProductFeature>
  <ProductFeature Localized="0" ID="777853231" Local_ID="0" Value="Y" CategoryFeature_ID="48681" CategoryFeatureGroup_ID="6259" No="99997" Optional="1" Presentation_Value="Yes" Translated="1" Mandatory="0" Searchable="0">
   <LocalValue Value="Yes">
    <Measure ID="26">
     <Signs/>
    </Measure>
   </LocalValue>
   <Feature ID="8159">
    <Measure ID="26" Sign="">
     <Signs/>
    </Measure>
    <Name ID="629332" langid="1" Value="Digital Signal Processing (DSP)"/>
   </Feature>
  </ProductFeature>
  <ProductFeature Localized="0" ID="777853227" Local_ID="0" Value="Y" CategoryFeature_ID="43230" CategoryFeatureGroup_ID="6259" No="0" Optional="1" Presentation_Value="Y" Translated="0" Mandatory="0" Searchable="0">
   <LocalValue Value="Y">
    <Measure ID="29">
     <Signs/>
    </Measure>
   </LocalValue>
   <Feature ID="4223">
    <Measure ID="29" Sign="">
     <Signs/>
    </Measure>
    <Name ID="59826" langid="1" Value="Call management"/>
   </Feature>
  </ProductFeature>
  <ProductGallery>
   <ProductPicture IsMain="Y" LowPic="https://images.icecat.biz/img/gallery_lows/199a2b3b5385fddb483895d89582f0f8c3d6ebbf.jpg" LowPicHeight="200" LowPicWidth="200" LowSize="9806" No="1" Original="https://images.icecat.biz/img/gallery_raw/8ea650fccc688210635f76face3bf4426e529b95.png" OriginalSize="717296" Pic="https://images.icecat.biz/img/gallery/f1ed7162e390a99208f86a15cbfbb61227b4c40f.jpg" Pic500x500="https://images.icecat.biz/img/gallery_mediums/71760622ca537044376a976d4829d03d705d7664.jpg" Pic500x500Height="500" Pic500x500Size="36830" Pic500x500Width="500" PicHeight="1920" PicWidth="1920" ProductPicture_ID="105514367" Size="344158" ThumbPic="https://images.icecat.biz/img/gallery_thumbs/f709f863fb3903b7591d3b732331a03272e1eedd.jpg" ThumbSize="2783" Type="ProductImage" UpdatedDate="2025-05-09 03:00:53"/>
   <ProductPicture LowPic="https://images.icecat.biz/img/gallery_lows/cfd8fd0231d42a5e73c4bbb93d7528d1df1f5bf5.jpg" LowPicHeight="200" LowPicWidth="200" LowSize="12348" No="2" Original="https://images.icecat.biz/img/gallery_raw/ff6e90aeca1cd63d199ef1ad92f0069899ca30d5.png" OriginalSize="1129827" Pic="https://images.icecat.biz/img/gallery/af3d361c7a8c30e473b7404b4077594014e6a7b5.jpg" Pic500x500="https://images.icecat.biz/img/gallery_mediums/ed62e6fe6775c561f8958fb13a717fc605c3acf6.jpg" Pic500x500Height="500" Pic500x500Size="47626" Pic500x500Width="500" PicHeight="1920" PicWidth="1920" ProductPicture_ID="105514368" Size="483797" ThumbPic="https://images.icecat.biz/img/gallery_thumbs/13490d24468c965ee99f1873b11804fc5d827248.jpg" ThumbSize="3249" Type="ProductImage" UpdatedDate="2025-05-09 03:00:53"/>
   <ProductPicture LowPic="https://images.icecat.biz/img/gallery_lows/a6c5c8793dc04baf1b9fddc7222443f2aee763bc.jpg" LowPicHeight="200" LowPicWidth="175" LowSize="7684" No="3" Original="https://images.icecat.biz/img/gallery_raw/8f93696f5e5d039fa4800305fa4a7e9982bac7bc.png" OriginalSize="696683" Pic="https://images.icecat.biz/img/gallery/35418d0cd25c75bc02db0beb22da597e32ba9016.jpg" Pic500x500="https://images.icecat.biz/img/gallery_mediums/fa5820a8c95a0dfd576527e642849202e0927da4.jpg" Pic500x500Height="500" Pic500x500Size="28236" Pic500x500Width="439" PicHeight="2189" PicWidth="1920" ProductPicture_ID="105514369" Size="337717" ThumbPic="https://images.icecat.biz/img/gallery_thumbs/196ff3fa885ab264566142bfa3ad85534a2a1405.jpg" ThumbSize="2275" Type="ProductImage" UpdatedDate="2025-05-09 03:00:53"/>
   <ProductPicture LowPic="https://images.icecat.biz/img/gallery_lows/2faf38af85543754c7e323b0cadbf47951ef28fb.jpg" LowPicHeight="200" LowPicWidth="175" LowSize="7651" No="4" Original="https://images.icecat.biz/img/gallery_raw/d3a8ddb38d8953814828c4297c7e0fc02562ff8c.png" OriginalSize="718186" Pic="https://images.icecat.biz/img/gallery/4bc1760b976578aaee6afb92beab6d064e0d61cc.jpg" Pic500x500="https://images.icecat.biz/img/gallery_mediums/a25c92dee0c10b7ec23c64eebc63dcf72b3146f0.jpg" Pic500x500Height="500" Pic500x500Size="28511" Pic500x500Width="439" PicHeight="2189" PicWidth="1920" ProductPicture_ID="105514370" Size="342981" ThumbPic="https://images.icecat.biz/img/gallery_thumbs/e69b28084bfc876e41a94e817cdc551c5e211193.jpg" ThumbSize="2254" Type="ProductImage" UpdatedDate="2025-05-09 03:00:53"/>
  </ProductGallery>
  <ProductMultimediaObject>
   <MultimediaObject ContentType="application/pdf" Date="2025-09-01 13:58:22" Description="Generated PDF" KeepAsURL="0" MultimediaObject_ID="0" Type="leaflet" UUID="00000000-0000-0000-0000-000000000000" langid="1" Height="0" PreviewHeight="0" PreviewSize="0" PreviewUrl="" PreviewWidth="0" Size="0" URL="https://icecat.biz/rest/product-pdf?productId=131216629&amp;lang=en" Width="0"/>
  </ProductMultimediaObject>
  <ProductRelated ID="326775913" Category_ID="2265" Preferred="0">
   <Product ID="109411492" Prod_id="14101-86" ThumbPic="" Name="Jabra Evolve2 50/55 Ear Cushion (1 pair)">
    <Supplier ID="196" Name="Jabra"/>
   </Product>
   <ProductRelatedLocales>
    <ProductRelatedLocale ID="0" langid="0" Preferred="0" StartDate="" EndDate=""/>
   </ProductRelatedLocales>
  </ProductRelated>
  <SummaryDescription>
   <ShortSummaryDescription langid="1">Jabra Evolve2 50 - USB-C/A MS Mono, Wired &amp; Wireless, 20 - 20000 Hz, Office/Call center, 99 g, Headset, Black</ShortSummaryDescription>
   <LongSummaryDescription langid="1">Jabra Evolve2 50 - USB-C/A MS Mono. Product type: Headset. Connectivity technology: Wired &amp; Wireless, Bluetooth. Recommended usage: Office/Call center. Headphone frequency: 20 - 20000 Hz. Wireless range: 30 m. Cable length: 1.7 m. Weight: 99 g. Product colour: Black</LongSummaryDescription>
  </SummaryDescription>
  <Supplier ID="196" Name="Jabra"/>
  <CatalogObjectCloud/>
  <BrandOrganizations>
   <BrandOwner>
    <Organization ID="cf965f22-5c7f-4951-9799-e554ef3dad17" Name="GN Audio A/S" CountryCode="DK" State="" City="Ballerup" Street="Lautrupbjerg" HouseNumber="7" ZIP="2750">
     <URLs>
      <URL>https://www.jabra.com/footerpages/privacy-policy</URL>
     </URLs>
     <Emails/>
    </Organization>
   </BrandOwner>
   <Licensees/>
   <Representatives>
    <Representative ID="172489241077482391">
     <Organization ID="1ac4a9b5-8edd-4bcb-9038-fcfb108e9195" Name="GN Audio Germany GmbH" CountryCode="DE" State="" City="Raubling" Street="Hochstrass Sued" HouseNumber="7" ZIP="D-83064">
      <URLs>
       <URL>https://www.jabra.com/de-de/about/Impressum</URL>
      </URLs>
      <Emails/>
     </Organization>
    </Representative>
   </Representatives>
  </BrandOrganizations>
 </Product>
</ICECAT-interface>
