<?xml version="1.0" encoding="UTF-8"?>
<!DOCTYPE ICECAT-interface SYSTEM "https://data.icecat.biz/dtd/ICECAT-interface_response.dtd">
<!--source: Icecat.biz 2025-->
<!--Language ID: 1-->
<!--Version: v2-->
<ICECAT-interface xmlns:xsi="http://www.w3.org/2001/XMLSchema-instance" xsi:noNamespaceSchemaLocation="https://data.icecat.biz/xsd/ICECAT-interface_response.xsd">
 <Product Code="1" HighPic="https://inishop.com/img/gallery/1370aa781eee25f8ff38c754403eff6231099816.jpg" HighPicHeight="672" HighPicSize="129750" HighPicWidth="599" ID="134704158" LowPic="https://inishop.com/img/gallery_lows/816fd05a7dd412a794a138f452f1e5578c8085c9.jpg" LowPicHeight="200" LowPicSize="13641" LowPicWidth="178" Name="V-Neck T-Shirt" IntName="2512" LocalName="V-Neck T-Shirt" Pic500x500="https://inishop.com/img/gallery_mediums/75c0003ea4e321f44e5ba0765debe3901f4d4893.jpg" Pic500x500Height="500" Pic500x500Size="76254" Pic500x500Width="446" Prod_id="25122800006" Quality="ICECAT" ReleaseDate="" ThumbPic="https://inishop.com/img/gallery_thumbs/4545837d69c653f8afc4a2012fd59f3efac619e3.jpg" ThumbPicSize="2871" Title="Snickers Workwear V-Neck T-Shirt" GeneratedIntTitle="Snickers Workwear 2512" GeneratedLocalTitle="Snickers Workwear 2512 Cotton, Viscose" BrandLocalTitle="Snickers Workwear V-Neck T-Shirt">
  <CategoryFeatureGroup ID="31536" No="0">
   <FeatureGroup ID="0">
    <Name ID="5073" langid="1" Value="Technical details"/>
   </FeatureGroup>
  </CategoryFeatureGroup>
  <CategoryFeatureGroup ID="20969" No="10">
   <FeatureGroup ID="14">
    <Name ID="5023" langid="1" Value="Weight &amp; dimensions"/>
   </FeatureGroup>
  </CategoryFeatureGroup>
  <CategoryFeatureGroup ID="31108" No="5">
   <FeatureGroup ID="67">
    <Name ID="27423" langid="1" Value="Packaging data"/>
   </FeatureGroup>
  </CategoryFeatureGroup>
  <CategoryFeatureGroup ID="42756" No="0">
   <FeatureGroup ID="76">
    <Name ID="28540" langid="1" Value="Certificates"/>
   </FeatureGroup>
  </CategoryFeatureGroup>
  <CategoryFeatureGroup ID="31109" No="30">
   <FeatureGroup ID="77">
    <Name ID="28828" langid="1" Value="Washing"/>
   </FeatureGroup>
  </CategoryFeatureGroup>
  <CategoryFeatureGroup ID="49863" No="0">
   <FeatureGroup ID="116">
    <Name ID="78852" langid="1" Value="Packaging content"/>
   </FeatureGroup>
  </CategoryFeatureGroup>
  <CategoryFeatureGroup ID="22992" No="40">
   <FeatureGroup ID="119">
    <Name ID="80218" langid="1" Value="Material"/>
   </FeatureGroup>
  </CategoryFeatureGroup>
  <CategoryFeatureGroup ID="54774" No="0">
   <FeatureGroup ID="143">
    <Name ID="618812" langid="1" Value="Battery"/>
   </FeatureGroup>
  </CategoryFeatureGroup>
  <CategoryFeatureGroup ID="31107" No="-4">
   <FeatureGroup ID="146">
    <Name ID="624346" langid="1" Value="Other features"/>
   </FeatureGroup>
  </CategoryFeatureGroup>
  <CategoryFeatureGroup ID="13510" No="50">
   <FeatureGroup ID="185">
    <Name ID="1219853" langid="1" Value="Features"/>
   </FeatureGroup>
  </CategoryFeatureGroup>
  <CategoryFeatureGroup ID="28852" No="-5">
   <FeatureGroup ID="198">
    <Name ID="1788927" langid="1" Value="Logistics data"/>
   </FeatureGroup>
  </CategoryFeatureGroup>
  <CategoryFeatureGroup ID="61278" No="0">
   <FeatureGroup ID="232">
    <Name ID="3464238" langid="1" Value="Supplier features"/>
   </FeatureGroup>
  </CategoryFeatureGroup>
  <CategoryFeatureGroup ID="71632" No="0">
   <FeatureGroup ID="270">
    <Name ID="5186810" langid="1" Value="Care information"/>
   </FeatureGroup>
  </CategoryFeatureGroup>
  <CategoryFeatureGroup ID="78550" No="0">
   <FeatureGroup ID="279">
    <Name ID="7392238" langid="1" Value="Sustainability"/>
   </FeatureGroup>
  </CategoryFeatureGroup>
  <CategoryFeatureGroup ID="78551" No="0">
   <FeatureGroup ID="305">
    <Name ID="8837290" langid="1" Value="Carbon footprint"/>
   </FeatureGroup>
  </CategoryFeatureGroup>
  <Category ID="3504">
   <Name ID="3730017" langid="1" Value="Shirts &amp; Tops"/>
  </Category>
  <EANCode/>
  <FeatureLogo ID="564" Feature_ID="42513" Value="STANDARD 100 by OEKO-TEX" LogoPic="https://inishop.com/img/feature_logo/564-1253.png" Width="300" Height="157" Size="0">
   <Descriptions>
    <Description ID="3051" langid="1">If a textile article carries the STANDARD 100 label, you can be certain that every component of this article, i.e. every thread, button and other accessories, has been tested for harmful substances and that the article therefore is harmless for human health.</Description>
   </Descriptions>
   <FeatureLogoFeatures>
    <FeatureLogoFeature ID="42513">
     <FeatureLogoValues>
      <FeatureLogoValue ID="2345">STANDARD 100 by OEKO-TEX</FeatureLogoValue>
     </FeatureLogoValues>
    </FeatureLogoFeature>
   </FeatureLogoFeatures>
  </FeatureLogo>
  <ReleaseDate/>
  <EndOfLifeDate/>
  <ReasonsToBuy/>
  <BulletPoints>
   <BulletPoint Value="Reinforced seams" langid="1" No="1"/>
   <BulletPoint Value="Lycra ribbed neck" langid="1" No="2"/>
   <BulletPoint Value="Printed neck label" langid="1" No="3"/>
  </BulletPoints>
  <GeneratedBulletPoints>
   <GeneratedBulletPoint Value="T-shirt Male Grey" langid="1" No="1"/>
   <GeneratedBulletPoint Value="Adult" langid="1" No="2"/>
   <GeneratedBulletPoint Value="Regular fit" langid="1" No="3"/>
   <GeneratedBulletPoint Value="Cotton, Viscose" langid="1" No="4"/>
  </GeneratedBulletPoints>
  <ProductBundled/>
  <ProductDescription ID="104046459" LongDesc="Classic V-neck t-shirt that offers great comfort and plenty of space for profiling. Made for everyday use.&lt;br&gt;&lt;br&gt;Everyday V-neck t-shirt made of a soft cotton fabric for optimal comfort. Reinforced seams at the shoulder and back of neck ensure durability while Lycra in the ribbed neck offers enhanced shape retention. In addition, the solid t-shirt comes with plenty of space for profiling." ManualPDFSize="0" ManualPDFURL="" MiddleDesc="" PDFSize="0" PDFURL="" ShortDesc="V-Neck T-Shirt, Grey Melange, L" URL="https://www.snickersworkwear.com/products/topwear/t-shirts/210167" WarrantyInfo="" langid="1"/>
  <ProductFeature Localized="0" ID="835271906" Local_ID="0" Value="T-shirt" CategoryFeature_ID="284565" CategoryFeatureGroup_ID="13510" No="10101000" Optional="0" Presentation_Value="T-shirt" Translated="1" Mandatory="1" Searchable="1">
   <LocalValue Value="T-shirt">
    <Measure ID="29">
     <Signs/>
    </Measure>
   </LocalValue>
   <Feature ID="37361">
    <Measure ID="29" Sign="">
     <Signs/>
    </Measure>
    <Name ID="4514921" langid="1" Value="Shirt/top type"/>
   </Feature>
  </ProductFeature>
  <ProductFeature Localized="0" ID="835271904" Local_ID="0" Value="Adult" CategoryFeature_ID="261629" CategoryFeatureGroup_ID="13510" No="10100999" Optional="0" Presentation_Value="Adult" Translated="1" Mandatory="1" Searchable="1">
   <LocalValue Value="Adult">
    <Measure ID="29">
     <Signs/>
    </Measure>
   </LocalValue>
   <Feature ID="36987">
    <Measure ID="29" Sign="">
     <Signs/>
    </Measure>
    <Name ID="4433301" langid="1" Value="Consumer life stage"/>
   </Feature>
  </ProductFeature>
  <ProductFeature Localized="0" ID="835271897" Local_ID="0" Value="Male" CategoryFeature_ID="261607" CategoryFeatureGroup_ID="13510" No="10100998" Optional="0" Presentation_Value="Male" Translated="1" Mandatory="1" Searchable="1">
   <LocalValue Value="Male">
    <Measure ID="29">
     <Signs/>
    </Measure>
   </LocalValue>
   <Feature ID="3230">
    <Measure ID="29" Sign="">
     <Signs/>
    </Measure>
    <Name ID="30670" langid="1" Value="Gender"/>
   </Feature>
  </ProductFeature>
  <ProductFeature Localized="0" ID="835271908" Local_ID="0" Value="Grey" CategoryFeature_ID="290356" CategoryFeatureGroup_ID="13510" No="10100990" Optional="0" Presentation_Value="Grey" Translated="1" Mandatory="1" Searchable="1">
   <LocalValue Value="Grey">
    <Measure ID="29">
     <Signs/>
    </Measure>
   </LocalValue>
   <Feature ID="37466">
    <Measure ID="29" Sign="">
     <Signs/>
    </Measure>
    <Name ID="5072249" langid="1" Value="Product main colour"/>
   </Feature>
  </ProductFeature>
  <ProductFeature Localized="0" ID="835271902" Local_ID="0" Value="Monochromatic" CategoryFeature_ID="189646" CategoryFeatureGroup_ID="13510" No="10100986" Optional="0" Presentation_Value="Monochromatic" Translated="1" Mandatory="0" Searchable="0">
   <LocalValue Value="Monochromatic">
    <Measure ID="29">
     <Signs/>
    </Measure>
   </LocalValue>
   <Feature ID="21118">
    <Measure ID="29" Sign="">
     <Signs/>
    </Measure>
    <Name ID="1680066" langid="1" Value="Coloration"/>
   </Feature>
  </ProductFeature>
  <ProductFeature Localized="0" ID="835271903" Local_ID="0" Value="No pattern" CategoryFeature_ID="261611" CategoryFeatureGroup_ID="13510" No="10100985" Optional="0" Presentation_Value="No pattern" Translated="1" Mandatory="0" Searchable="0">
   <LocalValue Value="No pattern">
    <Measure ID="29">
     <Signs/>
    </Measure>
   </LocalValue>
   <Feature ID="22615">
    <Measure ID="29" Sign="">
     <Signs/>
    </Measure>
    <Name ID="1786387" langid="1" Value="Pattern"/>
   </Feature>
  </ProductFeature>
  <ProductFeature Localized="0" ID="835271915" Local_ID="0" Value="L" CategoryFeature_ID="947049" CategoryFeatureGroup_ID="13510" No="101500" Optional="0" Presentation_Value="L" Translated="0" Mandatory="0" Searchable="0">
   <LocalValue Value="L">
    <Measure ID="29">
     <Signs/>
    </Measure>
   </LocalValue>
   <Feature ID="47512">
    <Measure ID="29" Sign="">
     <Signs/>
    </Measure>
    <Name ID="8850450" langid="1" Value="Size (S/M/L)"/>
   </Feature>
  </ProductFeature>
  <ProductFeature Localized="0" ID="835278089" Local_ID="0" Value="Regular fit" CategoryFeature_ID="192099" CategoryFeatureGroup_ID="13510" No="100800" Optional="0" Presentation_Value="Regular fit" Translated="1" Mandatory="0" Searchable="0">
   <LocalValue Value="Regular fit">
    <Measure ID="29">
     <Signs/>
    </Measure>
   </LocalValue>
   <Feature ID="20480">
    <Measure ID="29" Sign="">
     <Signs/>
    </Measure>
    <Name ID="1605234" langid="1" Value="Fit type"/>
   </Feature>
  </ProductFeature>
  <ProductFeature Localized="0" ID="835271905" Local_ID="0" Value="N" CategoryFeature_ID="270616" CategoryFeatureGroup_ID="13510" No="100523" Optional="0" Presentation_Value="No" Translated="1" Mandatory="0" Searchable="0">
   <LocalValue Value="No">
    <Measure ID="26">
     <Signs/>
    </Measure>
   </LocalValue>
   <Feature ID="37145">
    <Measure ID="26" Sign="">
     <Signs/>
    </Measure>
    <Name ID="4458005" langid="1" Value="Seamless"/>
   </Feature>
  </ProductFeature>
  <ProductFeature Localized="0" ID="835271900" Local_ID="0" Value="N" CategoryFeature_ID="189652" CategoryFeatureGroup_ID="13510" No="100500" Optional="0" Presentation_Value="No" Translated="1" Mandatory="0" Searchable="0">
   <LocalValue Value="No">
    <Measure ID="26">
     <Signs/>
    </Measure>
   </LocalValue>
   <Feature ID="18527">
    <Measure ID="26" Sign="">
     <Signs/>
    </Measure>
    <Name ID="1399372" langid="1" Value="Pocket"/>
   </Feature>
  </ProductFeature>
  <ProductFeature Localized="0" ID="835271899" Local_ID="0" Value="No closure" CategoryFeature_ID="270614" CategoryFeatureGroup_ID="13510" No="100300" Optional="0" Presentation_Value="No closure" Translated="1" Mandatory="0" Searchable="0">
   <LocalValue Value="No closure">
    <Measure ID="29">
     <Signs/>
    </Measure>
   </LocalValue>
   <Feature ID="11051">
    <Measure ID="29" Sign="">
     <Signs/>
    </Measure>
    <Name ID="965791" langid="1" Value="Closure type"/>
   </Feature>
  </ProductFeature>
  <ProductFeature Localized="0" ID="835271896" Local_ID="0" Value="Cotton,Viscose" CategoryFeature_ID="214279" CategoryFeatureGroup_ID="22992" No="10100555" Optional="0" Presentation_Value="Cotton, Viscose" Translated="1" Mandatory="1" Searchable="1">
   <LocalValue Value="Cotton, Viscose">
    <Measure ID="29">
     <Signs/>
    </Measure>
   </LocalValue>
   <Feature ID="898">
    <Measure ID="29" Sign="">
     <Signs/>
    </Measure>
    <Name ID="3337" langid="1" Value="Material"/>
   </Feature>
  </ProductFeature>
  <ProductFeature Localized="0" ID="835271907" Local_ID="0" Value="95% cotton, 5% viscose" CategoryFeature_ID="291207" CategoryFeatureGroup_ID="22992" No="100550" Optional="0" Presentation_Value="95% cotton, 5% viscose" Translated="0" Mandatory="0" Searchable="0">
   <LocalValue Value="95% cotton, 5% viscose">
    <Measure ID="29">
     <Signs/>
    </Measure>
   </LocalValue>
   <Feature ID="37462">
    <Measure ID="29" Sign="">
     <Signs/>
    </Measure>
    <Name ID="5071744" langid="1" Value="Material description (name, %)"/>
   </Feature>
  </ProductFeature>
  <ProductFeature Localized="0" ID="835278363" Local_ID="0" Value="160" CategoryFeature_ID="192098" CategoryFeatureGroup_ID="22992" No="100520" Optional="0" Presentation_Value="160 g/m²" Translated="0" Mandatory="0" Searchable="0">
   <LocalValue Value="160">
    <Measure ID="156">
     <Signs>
      <Sign ID="2898" langid="1"><![CDATA[g/m²]]></Sign>
     </Signs>
    </Measure>
   </LocalValue>
   <Feature ID="13243">
    <Measure ID="156" Sign="">
     <Signs>
      <Sign ID="2898" langid="1"><![CDATA[g/m²]]></Sign>
     </Signs>
    </Measure>
    <Name ID="1097034" langid="1" Value="Fabric weight"/>
   </Feature>
  </ProductFeature>
  <ProductFeature Localized="0" ID="835271901" Local_ID="0" Value="1" CategoryFeature_ID="270671" CategoryFeatureGroup_ID="31108" No="100015" Optional="0" Presentation_Value="1 pc(s)" Translated="0" Mandatory="0" Searchable="0">
   <LocalValue Value="1">
    <Measure ID="144">
     <Signs>
      <Sign ID="125" langid="1"><![CDATA[pc(s)]]></Sign>
     </Signs>
    </Measure>
   </LocalValue>
   <Feature ID="20228">
    <Measure ID="144" Sign="">
     <Signs>
      <Sign ID="125" langid="1"><![CDATA[pc(s)]]></Sign>
     </Signs>
    </Measure>
    <Name ID="1498423" langid="1" Value="Quantity per pack"/>
   </Feature>
  </ProductFeature>
  <ProductFeature Localized="0" ID="835271898" Local_ID="0" Value="Y" CategoryFeature_ID="289864" CategoryFeatureGroup_ID="71632" No="100016" Optional="0" Presentation_Value="Yes" Translated="1" Mandatory="0" Searchable="0">
   <LocalValue Value="Yes">
    <Measure ID="26">
     <Signs/>
    </Measure>
   </LocalValue>
   <Feature ID="5516">
    <Measure ID="26" Sign="">
     <Signs/>
    </Measure>
    <Name ID="78691" langid="1" Value="Washable"/>
   </Feature>
  </ProductFeature>
  <ProductFeature Localized="0" ID="835271910" Local_ID="0" Value="Do not bleach" CategoryFeature_ID="685855" CategoryFeatureGroup_ID="71632" No="99980" Optional="0" Presentation_Value="Do not bleach" Translated="1" Mandatory="0" Searchable="0">
   <LocalValue Value="Do not bleach">
    <Measure ID="29">
     <Signs/>
    </Measure>
   </LocalValue>
   <Feature ID="42573">
    <Measure ID="29" Sign="">
     <Signs/>
    </Measure>
    <Name ID="6885059" langid="1" Value="Bleaching instruction"/>
   </Feature>
  </ProductFeature>
  <ProductFeature Localized="0" ID="835271911" Local_ID="0" Value="Do not tumble dry" CategoryFeature_ID="685856" CategoryFeatureGroup_ID="71632" No="99979" Optional="0" Presentation_Value="Do not tumble dry" Translated="1" Mandatory="0" Searchable="0">
   <LocalValue Value="Do not tumble dry">
    <Measure ID="29">
     <Signs/>
    </Measure>
   </LocalValue>
   <Feature ID="42574">
    <Measure ID="29" Sign="">
     <Signs/>
    </Measure>
    <Name ID="6885125" langid="1" Value="Drying instruction"/>
   </Feature>
  </ProductFeature>
  <ProductFeature Localized="0" ID="835271912" Local_ID="0" Value="Iron at moderate temperature" CategoryFeature_ID="685857" CategoryFeatureGroup_ID="71632" No="99978" Optional="0" Presentation_Value="Iron at moderate temperature" Translated="1" Mandatory="0" Searchable="0">
   <LocalValue Value="Iron at moderate temperature">
    <Measure ID="29">
     <Signs/>
    </Measure>
   </LocalValue>
   <Feature ID="42575">
    <Measure ID="29" Sign="">
     <Signs/>
    </Measure>
    <Name ID="6885191" langid="1" Value="Ironing instruction"/>
   </Feature>
  </ProductFeature>
  <ProductFeature Localized="0" ID="835271913" Local_ID="0" Value="Dry-cleaning (any solvent)" CategoryFeature_ID="685858" CategoryFeatureGroup_ID="71632" No="99977" Optional="0" Presentation_Value="Dry-cleaning (any solvent)" Translated="1" Mandatory="0" Searchable="0">
   <LocalValue Value="Dry-cleaning (any solvent)">
    <Measure ID="29">
     <Signs/>
    </Measure>
   </LocalValue>
   <Feature ID="42577">
    <Measure ID="29" Sign="">
     <Signs/>
    </Measure>
    <Name ID="6885323" langid="1" Value="Professional care instruction"/>
   </Feature>
  </ProductFeature>
  <ProductFeature Localized="0" ID="835271914" Local_ID="0" Value="Normal wash (60°C)" CategoryFeature_ID="685859" CategoryFeatureGroup_ID="71632" No="99976" Optional="0" Presentation_Value="Normal wash (60°C)" Translated="0" Mandatory="0" Searchable="0">
   <LocalValue Value="Normal wash (60°C)">
    <Measure ID="29">
     <Signs/>
    </Measure>
   </LocalValue>
   <Feature ID="42578">
    <Measure ID="29" Sign="">
     <Signs/>
    </Measure>
    <Name ID="6885389" langid="1" Value="Washing instruction"/>
   </Feature>
  </ProductFeature>
  <ProductFeature Localized="0" ID="835271909" Local_ID="0" Value="STANDARD 100 by OEKO-TEX" CategoryFeature_ID="604986" CategoryFeatureGroup_ID="78550" No="100000" Optional="0" Presentation_Value="STANDARD 100 by OEKO-TEX" Translated="1" Mandatory="0" Searchable="0">
   <LocalValue Value="STANDARD 100 by OEKO-TEX">
    <Measure ID="29">
     <Signs/>
    </Measure>
   </LocalValue>
   <Feature ID="42513">
    <Measure ID="29" Sign="">
     <Signs/>
    </Measure>
    <Name ID="6876123" langid="1" Value="Sustainability certificates"/>
   </Feature>
  </ProductFeature>
  <ProductGallery>
   <ProductPicture IsMain="Y" LowPic="https://inishop.com/img/gallery_lows/816fd05a7dd412a794a138f452f1e5578c8085c9.jpg" LowPicHeight="200" LowPicWidth="178" LowSize="13641" No="1" Original="https://inishop.com/img/gallery_raw/de223d4ac66a22c413cb9a14114ec1a1676a9464.jpeg" OriginalSize="54642" Pic="https://inishop.com/img/gallery/1370aa781eee25f8ff38c754403eff6231099816.jpg" Pic500x500="https://inishop.com/img/gallery_mediums/75c0003ea4e321f44e5ba0765debe3901f4d4893.jpg" Pic500x500Height="500" Pic500x500Size="76254" Pic500x500Width="446" PicHeight="672" PicWidth="599" ProductPicture_ID="117111579" Size="129750" ThumbPic="https://inishop.com/img/gallery_thumbs/4545837d69c653f8afc4a2012fd59f3efac619e3.jpg" ThumbSize="2871" Type="ProductImage" UpdatedDate="2025-09-09 13:49:02"/>
   <ProductPicture LowPic="https://inishop.com/img/gallery_lows/aa16096447359b4ee2d48d6f7993031962e7f161.jpg" LowPicHeight="200" LowPicWidth="171" LowSize="12467" No="2" Original="https://inishop.com/img/gallery_raw/5a22168678291c25532657c8d314e4c06ed3a054.jpeg" OriginalSize="51287" Pic="https://inishop.com/img/gallery/20ac10ad5cd7751f00b5279695bf3d66d079241a.jpg" Pic500x500="https://inishop.com/img/gallery_mediums/0050c8e0a6293e9a557a64a309e807203bb5f42b.jpg" Pic500x500Height="500" Pic500x500Size="71077" Pic500x500Width="428" PicHeight="674" PicWidth="577" ProductPicture_ID="117111584" Size="116743" ThumbPic="https://inishop.com/img/gallery_thumbs/5e950d27944299a1311bce2377ec781d2afd067d.jpg" ThumbSize="2440" Type="ProductImage" UpdatedDate="2025-09-09 13:49:05"/>
   <ProductPicture LowPic="https://inishop.com/img/gallery_lows/5552e0e30f6d4c94b5286578bd6a74f76f10f950.jpg" LowPicHeight="200" LowPicWidth="83" LowSize="8202" No="3" Original="https://inishop.com/img/gallery_raw/691a895e248beee4b297f1cfb1aeb5650dba86db.jpeg" OriginalSize="34866" Pic="https://inishop.com/img/gallery/73025f49539afa2879410232268fdaf248f253b6.jpg" Pic500x500="https://inishop.com/img/gallery_mediums/8d6e374deb2b61791dfcdf28a71d1f6365c25fee.jpg" Pic500x500Height="500" Pic500x500Size="43717" Pic500x500Width="208" PicHeight="667" PicWidth="278" ProductPicture_ID="117111585" Size="76179" ThumbPic="https://inishop.com/img/gallery_thumbs/e144fc8fa4a002eeee64bd4fcbd2f5baaa0f8a14.jpg" ThumbSize="1904" Type="ProductImage" UpdatedDate="2025-09-09 13:49:09"/>
   <ProductPicture LowPic="https://inishop.com/img/gallery_lows/1dcb6be07f4abd92a64871d22e3d4ec34a8302a3.jpg" LowPicHeight="200" LowPicWidth="86" LowSize="7884" No="4" Original="https://inishop.com/img/gallery_raw/e9ab339fdc1721773810536d36f74876c7e0a3d6.jpeg" OriginalSize="34726" Pic="https://inishop.com/img/gallery/1789cfed810fc8231b43373ebc3196274a068331.jpg" Pic500x500="https://inishop.com/img/gallery_mediums/7d20f81cd049e7a39abf4c23f17f24cee9ea6542.jpg" Pic500x500Height="500" Pic500x500Size="43308" Pic500x500Width="214" PicHeight="669" PicWidth="287" ProductPicture_ID="117111588" Size="76533" ThumbPic="https://inishop.com/img/gallery_thumbs/ac7e07dfb12a5eecdca6d60f41817fa666a31be5.jpg" ThumbSize="1809" Type="ProductImage" UpdatedDate="2025-09-09 13:49:12"/>
   <ProductPicture LowPic="" LowPicHeight="0" LowPicWidth="0" LowSize="0" No="999" Original="" OriginalSize="0" Pic="https://inishop.com/img/feature_logo/564-1253.png" Pic500x500="" Pic500x500Height="0" Pic500x500Size="0" Pic500x500Width="0" PicHeight="157" PicWidth="300" ProductPicture_ID="4351409808" Size="26394" ThumbPic="https://inishop.com/img/feature_logo_thumbs/564-1253.png" ThumbSize="0" Type="FeatureLogo" UpdatedDate="" langid="1"/>
  </ProductGallery>
  <ProductMultimediaObject/>
  <ProductRelated/>
  <SummaryDescription>
   <ShortSummaryDescription langid="1">Snickers Workwear V-Neck T-Shirt, T-shirt, Adult, Male, Grey, Monochromatic, No pattern</ShortSummaryDescription>
   <LongSummaryDescription langid="1">Snickers Workwear V-Neck T-Shirt. Shirt/top type: T-shirt, Consumer life stage: Adult, Gender: Male. Material: Cotton, Viscose, Material description (name, %): 95% cotton, 5% viscose, Fabric weight: 160 g/m². Quantity per pack: 1 pc(s). Bleaching instruction: Do not bleach, Drying instruction: Do not tumble dry, Ironing instruction: Iron at moderate temperature. Sustainability certificates: STANDARD 100 by OEKO-TEX</LongSummaryDescription>
  </SummaryDescription>
  <Supplier ID="23796" Name="Snickers Workwear"/>
  <CatalogObjectCloud/>
  <BrandOrganizations/>
 </Product>
</ICECAT-interface>
