<?xml version="1.0" encoding="UTF-8"?>
<!DOCTYPE ICECAT-interface SYSTEM "https://data.icecat.biz/dtd/ICECAT-interface_response.dtd">
<!--source: Icecat.biz 2025-->
<!--Language ID: 1-->
<!--Version: v2-->
<ICECAT-interface xmlns:xsi="http://www.w3.org/2001/XMLSchema-instance" xsi:noNamespaceSchemaLocation="https://data.icecat.biz/xsd/ICECAT-interface_response.xsd">
 <Product Code="1" HighPic="https://images.icecat.biz/img/gallery/e3830fa5e491593b60d6539cadbef7421b27d831.jpg" HighPicHeight="2000" HighPicSize="1445380" HighPicWidth="2000" ID="125095746" LowPic="https://images.icecat.biz/img/gallery_lows/4bebb6ecdc92aa3600a7ba33a7d63ebae777b319.jpg" LowPicHeight="200" LowPicSize="27030" LowPicWidth="200" Name="27B2N3500J/00" IntName="27B2N3500J/00" LocalName="" Pic500x500="https://images.icecat.biz/img/gallery_mediums/c4a7e60a6e4a07a380bc1ef96ef2043a9e66ccb3.jpg" Pic500x500Height="500" Pic500x500Size="129271" Pic500x500Width="500" Prod_id="27B2N3500J/00" Quality="ICECAT" ReleaseDate="" ThumbPic="https://images.icecat.biz/img/gallery_thumbs/8fca91769d1ed4a3619bc73678077cff0788e258.jpg" ThumbPicSize="5704" Title="Philips 27B2N3500J/00 computer monitor 68.6 cm (27&quot;) 2560 x 1440 pixels 2K LCD Black" GeneratedIntTitle="Philips 27B2N3500J/00 computer monitor" GeneratedLocalTitle="Philips 27B2N3500J/00 computer monitor 68.6 cm (27&quot;) 2560 x 1440 pixels 2K LCD Black" BrandLocalTitle="">
  <CategoryFeatureGroup ID="32003" No="-10">
   <FeatureGroup ID="0">
    <Name ID="5073" langid="1" Value="Technical details"/>
   </FeatureGroup>
  </CategoryFeatureGroup>
  <CategoryFeatureGroup ID="100" No="50">
   <FeatureGroup ID="5">
    <Name ID="4867" langid="1" Value="Display"/>
   </FeatureGroup>
  </CategoryFeatureGroup>
  <CategoryFeatureGroup ID="1742" No="30">
   <FeatureGroup ID="12">
    <Name ID="4995" langid="1" Value="Ports &amp; interfaces"/>
   </FeatureGroup>
  </CategoryFeatureGroup>
  <CategoryFeatureGroup ID="98" No="21">
   <FeatureGroup ID="14">
    <Name ID="5023" langid="1" Value="Weight &amp; dimensions"/>
   </FeatureGroup>
  </CategoryFeatureGroup>
  <CategoryFeatureGroup ID="99" No="24">
   <FeatureGroup ID="27">
    <Name ID="5049" langid="1" Value="Power"/>
   </FeatureGroup>
  </CategoryFeatureGroup>
  <CategoryFeatureGroup ID="1205" No="23">
   <FeatureGroup ID="28">
    <Name ID="5067" langid="1" Value="Operational conditions"/>
   </FeatureGroup>
  </CategoryFeatureGroup>
  <CategoryFeatureGroup ID="65611" No="26">
   <FeatureGroup ID="35">
    <Name ID="5167" langid="1" Value="Network"/>
   </FeatureGroup>
  </CategoryFeatureGroup>
  <CategoryFeatureGroup ID="23760" No="20">
   <FeatureGroup ID="67">
    <Name ID="27423" langid="1" Value="Packaging data"/>
   </FeatureGroup>
  </CategoryFeatureGroup>
  <CategoryFeatureGroup ID="41676" No="-2">
   <FeatureGroup ID="76">
    <Name ID="28540" langid="1" Value="Certificates"/>
   </FeatureGroup>
  </CategoryFeatureGroup>
  <CategoryFeatureGroup ID="3070" No="25">
   <FeatureGroup ID="96">
    <Name ID="31318" langid="1" Value="Ergonomics"/>
   </FeatureGroup>
  </CategoryFeatureGroup>
  <CategoryFeatureGroup ID="3289" No="-6">
   <FeatureGroup ID="100">
    <Name ID="33550" langid="1" Value="Thin Client"/>
   </FeatureGroup>
  </CategoryFeatureGroup>
  <CategoryFeatureGroup ID="49260" No="19">
   <FeatureGroup ID="116">
    <Name ID="78852" langid="1" Value="Packaging content"/>
   </FeatureGroup>
  </CategoryFeatureGroup>
  <CategoryFeatureGroup ID="53731" No="-7">
   <FeatureGroup ID="143">
    <Name ID="618812" langid="1" Value="Battery"/>
   </FeatureGroup>
  </CategoryFeatureGroup>
  <CategoryFeatureGroup ID="26493" No="-5">
   <FeatureGroup ID="144">
    <Name ID="619994" langid="1" Value="Brand-specific features"/>
   </FeatureGroup>
  </CategoryFeatureGroup>
  <CategoryFeatureGroup ID="8454" No="-2">
   <FeatureGroup ID="146">
    <Name ID="624346" langid="1" Value="Other features"/>
   </FeatureGroup>
  </CategoryFeatureGroup>
  <CategoryFeatureGroup ID="10677" No="35">
   <FeatureGroup ID="148">
    <Name ID="630457" langid="1" Value="Design"/>
   </FeatureGroup>
  </CategoryFeatureGroup>
  <CategoryFeatureGroup ID="10681" No="45">
   <FeatureGroup ID="184">
    <Name ID="1218765" langid="1" Value="Performance"/>
   </FeatureGroup>
  </CategoryFeatureGroup>
  <CategoryFeatureGroup ID="33683" No="-1">
   <FeatureGroup ID="185">
    <Name ID="1219853" langid="1" Value="Features"/>
   </FeatureGroup>
  </CategoryFeatureGroup>
  <CategoryFeatureGroup ID="10887" No="40">
   <FeatureGroup ID="186">
    <Name ID="1222838" langid="1" Value="Multimedia"/>
   </FeatureGroup>
  </CategoryFeatureGroup>
  <CategoryFeatureGroup ID="27535" No="-40">
   <FeatureGroup ID="198">
    <Name ID="1788927" langid="1" Value="Logistics data"/>
   </FeatureGroup>
  </CategoryFeatureGroup>
  <CategoryFeatureGroup ID="60227" No="-4">
   <FeatureGroup ID="232">
    <Name ID="3464238" langid="1" Value="Supplier features"/>
   </FeatureGroup>
  </CategoryFeatureGroup>
  <CategoryFeatureGroup ID="27531" No="-3">
   <FeatureGroup ID="247">
    <Name ID="4089916" langid="1" Value="Recycling data"/>
   </FeatureGroup>
  </CategoryFeatureGroup>
  <CategoryFeatureGroup ID="72250" No="5">
   <FeatureGroup ID="279">
    <Name ID="7392238" langid="1" Value="Sustainability"/>
   </FeatureGroup>
  </CategoryFeatureGroup>
  <CategoryFeatureGroup ID="77987" No="4">
   <FeatureGroup ID="305">
    <Name ID="8837290" langid="1" Value="Carbon footprint"/>
   </FeatureGroup>
  </CategoryFeatureGroup>
  <Category ID="222">
   <Name ID="3727458" langid="1" Value="Computer Monitors"/>
  </Category>
  <EANCode EAN="8721038002294" Format="GTIN-13" IsApproved="1"/>
  <FeatureLogo ID="4" Feature_ID="42513" Value="ENERGY STAR" LogoPic="https://images.icecat.biz/img/feature_logo/4-8210.png" Width="195" Height="200" Size="0">
   <Descriptions>
    <Description ID="3" langid="1">ENERGY STAR® is the government-backed symbol for energy efficiency, providing simple, credible, and unbiased information that consumers and businesses rely on to make well-informed decisions. ENERGY STAR is the simple choice for energy efficiency, making it easy for consumers and businesses to purchase products that save them money and protect the environment.</Description>
   </Descriptions>
   <FeatureLogoFeatures>
    <FeatureLogoFeature ID="42513">
     <FeatureLogoValues>
      <FeatureLogoValue ID="2389">ENERGY STAR</FeatureLogoValue>
     </FeatureLogoValues>
    </FeatureLogoFeature>
   </FeatureLogoFeatures>
  </FeatureLogo>
  <FeatureLogo ID="980" Feature_ID="42856" Value="D" LogoPic="https://images.icecat.biz/img/feature_logo/980-6359.png" Width="300" Height="165" Size="0">
   <Descriptions>
    <Description ID="3717" langid="1">D means that the product is rated in its category in terms of energy efficiency. The Energy Labeling system is based on EU Regulation 2017/1369/EU.</Description>
   </Descriptions>
   <FeatureLogoFeatures>
    <FeatureLogoFeature ID="42856">
     <FeatureLogoValues>
      <FeatureLogoValue ID="3203">D</FeatureLogoValue>
     </FeatureLogoValues>
    </FeatureLogoFeature>
   </FeatureLogoFeatures>
  </FeatureLogo>
  <FeatureLogo ID="1185" Feature_ID="42513" Value="EPEAT" LogoPic="https://images.icecat.biz/img/feature_logo/1185-3426.png" Width="300" Height="300" Size="0">
   <Descriptions>
    <Description ID="5668" langid="1">EPEAT is the premier global ecolabel for electronics and technology products.</Description>
   </Descriptions>
   <FeatureLogoFeatures>
    <FeatureLogoFeature ID="42513">
     <FeatureLogoValues>
      <FeatureLogoValue ID="5741">EPEAT</FeatureLogoValue>
     </FeatureLogoValues>
    </FeatureLogoFeature>
   </FeatureLogoFeatures>
  </FeatureLogo>
  <ReleaseDate/>
  <EndOfLifeDate/>
  <ReasonsToBuy>
   <ReasonToBuy ID="92282498" Value="The SmartErgoBase is a monitor base that delivers ergonomic display comfort and provides cable management. The base can swivel, tilt and rotate to various angles to ensure maximum comfort. The height adjustable stand guarantees the optimal viewing level, reducing the physical strains of a long workday, while cable management reduces cable clutter and keeps the workspace neat and professional." HighPic="https://images.icecat.biz/img/bullets/125095746-683beb8884bad903771789.jpg" HighPicSize="0" No="1" Title="SmartErgoBase enables people-friendly ergonomic adjustments" langid="1" origin="RTB" IsRich="0"/>
   <ReasonToBuy ID="92751666" Value="SoftBlue LED technology, combined with the monitor's low blue light panel, is an effective solution for reducing the adverse health effects caused by high exposure to blue light. In this monitor's panel, the ratio of light is reduced by nearly 50 percent, while the SoftBlue LED technology works simultaneously by reducing harmful blue light rays emitted from the screen. Furthermore, the SoftBlue LED technology is tested and certified by TUV Rheinland Eyesafe® for its effectiveness in reducing blue light emissions." HighPic="https://images.icecat.biz/img/bullets/125095746-683beb88df883539750487.jpg" HighPicSize="0" No="2" Title="SoftBlue Technology: for comfortable viewing" langid="1" origin="RTB" IsRich="0"/>
   <ReasonToBuy ID="86119967" Value="Due to the way brightness is controlled on LED-backlit screens, some users experience flicker on their screen which causes eye fatigue. Philips Flicker-Free technology applies a new solution to regulate brightness and reduce flicker for more comfortable viewing." HighPic="https://images.icecat.biz/img/bullets/125095746-683beb8945166153562357.jpg" HighPicSize="0" No="3" Title="Less eye fatigue with Flicker-Free technology" langid="1" origin="RTB" IsRich="0"/>
   <ReasonToBuy ID="93065153" Value="Philips display meets the TUV Rheinland Eyesafe® standard to truly protect you from long exposure to blue light. The always-on blue light filter not only helps reduce digital eye strain, but also guarantees colour integrity." HighPic="https://images.icecat.biz/img/bullets/125095746-683beb899fed5850252646.jpg" HighPicSize="0" No="4" Title="Eyesafe-certified blue light protection and colour accuracy" langid="1" origin="RTB" IsRich="0"/>
   <ReasonToBuy ID="93065154" Value="A pair of high-quality stereo speakers built into a display device. They may be visible front firing, or invisible down firing, top firing, rear firing etc. depending on model and design." HighPic="https://images.icecat.biz/img/bullets/125095746-683beb8a02a48669722526.jpg" HighPicSize="0" No="5" Title="Built-in stereo speakers for multimedia" langid="1" origin="RTB" IsRich="0"/>
   <ReasonToBuy ID="93065155" Value="An HDMI-ready device has all the required hardware to accept High-Definition Multimedia Interface (HDMI) input. A HDMI cable enables high-quality digital video and audio all transmitted over a single cable from a PC or any number of AV sources (including set-top boxes, DVD players, A/V receivers and video cameras)." HighPic="https://images.icecat.biz/img/bullets/125095746-683beb8a4d642252656546.jpg" HighPicSize="0" No="6" Title="HDMI ensures universal digital connectivity" langid="1" origin="RTB" IsRich="0"/>
   <ReasonToBuy ID="93065156" Value="These Philips screens deliver Crystalclear, Quad HD 2560x1440 or 2560x1080 pixel images. Utilizing high performance panels with high density pixel count, enabled by high bandwidth sources, these new displays will make your images and graphics come alive. Whether you are demanding professional requiring extremely detailed information for CAD-CAM solutions, using 3D graphic applications or a financial wizard working on huge spreadsheets, Philips displays will give you Crystalclear images." HighPic="https://images.icecat.biz/img/bullets/125095746-683beb8aa45d1699443300.jpg" HighPicSize="0" No="7" Title="Crystalclear images with Quad HD 2560 x 1440 pixels" langid="1" origin="RTB" IsRich="0"/>
   <ReasonToBuy ID="92282503" Value="For gaming and video performance, you demand display with lag free, ultra-smooth images. This Philips display redraws the screen image up--to 120 times per second, much faster than a standard display. A lower frame rate can make enemies appear to jump from spot to spot on the screen, making them difficult targets to hit. With 120Hz frame rate, you get those critical missing images on the screen which shows enemy movement in ultra-smooth motion so you can easily target them." HighPic="https://images.icecat.biz/img/bullets/125095746-683beb8af0cbc288840083.jpg" HighPicSize="0" No="8" Title="120Hz refresh rates for ultra-smooth images" langid="1" origin="RTB" IsRich="0"/>
   <ReasonToBuy ID="93065157" Value="When connected as a secondary monitor in a daisy-chain setup with a Smart Link Sync enabled primary display, brightness and color settings are automatically synchronized. There is no manual adjustments needed. Whether you're designing, presenting, or multitasking, enjoy seamless visual consistency across screens. Choose from OSD Sync or Light Sync modes (Low, Mid, or High) in the primary monitor to match your environment." HighPic="https://images.icecat.biz/img/bullets/125095746-68a25011b0cd9587696066.jpg" HighPicSize="0" No="9" Title="Smart Link Sync: Matches primary display on second screen" langid="1" origin="RTB" IsRich="0"/>
   <ReasonToBuy ID="93065158" Value="IPS displays use an advanced technology that gives you extra-wide viewing angles of 178/178 degrees, making it possible to view the display from almost any angle. Unlike standard TN panels, IPS displays give you remarkably crisp images with vivid colours, making them ideal not only for Photos, movies and web browsing, but also for professional applications that demand colour accuracy and consistent brightness at all times." HighPic="https://images.icecat.biz/img/bullets/125095746-683beb882a5c4250272622.jpg" HighPicSize="0" No="10" Title="IPS LED wide view technology for image and colour accuracy" langid="1" origin="RTB" IsRich="0"/>
  </ReasonsToBuy>
  <BulletPoints/>
  <GeneratedBulletPoints>
   <GeneratedBulletPoint Value="68.6 cm (27&quot;) LCD IPS" langid="1" No="1"/>
   <GeneratedBulletPoint Value="2K 2560 x 1440 pixels 16:9" langid="1" No="2"/>
   <GeneratedBulletPoint Value="120 Hz 4 ms 350 cd/m² 1500:1" langid="1" No="3"/>
   <GeneratedBulletPoint Value="Flicker-free technology" langid="1" No="4"/>
   <GeneratedBulletPoint Value="D 16 kWh 11.28 W" langid="1" No="5"/>
  </GeneratedBulletPoints>
  <ProductBundled/>
  <ProductDescription ID="100445948" LongDesc="Speed through daily tasks in comfort with this monitor's SoftBlue technology, Quad HD resolution, and 120Hz refresh rate. Not to mention, SmartErgoBase adds an ergonomic touch to the monitor's feature list." ManualPDFSize="3371612" ManualPDFURL="https://objects.icecat.biz/objects/mmo_125095746_1748754346_5555_867588.pdf" MiddleDesc="" PDFSize="0" PDFURL="" ShortDesc="Business Monitor 27B2N3500J LCD monitor" URL="https://mmdmonitors.com/" WarrantyInfo="" langid="1"/>
  <ProductFeature Localized="0" ID="792852075" Local_ID="0" Value="27" CategoryFeature_ID="11608" CategoryFeatureGroup_ID="100" No="10101000" Optional="0" Presentation_Value="68.6 cm (27&quot;)" Translated="0" Mandatory="1" Searchable="1">
   <LocalValue Value="68.6">
    <Measure ID="34">
     <Signs>
      <Sign ID="18" langid="1"><![CDATA[cm]]></Sign>
     </Signs>
    </Measure>
   </LocalValue>
   <Feature ID="944">
    <Measure ID="16" Sign="">
     <Signs>
      <Sign ID="11" langid="1"><![CDATA["]]></Sign>
     </Signs>
    </Measure>
    <Name ID="3429" langid="1" Value="Display diagonal"/>
   </Feature>
  </ProductFeature>
  <ProductFeature Localized="0" ID="792852081" Local_ID="0" Value="2560 x 1440" CategoryFeature_ID="9316" CategoryFeatureGroup_ID="100" No="10100990" Optional="0" Presentation_Value="2560 x 1440 pixels" Translated="0" Mandatory="1" Searchable="1">
   <LocalValue Value="2560 x 1440">
    <Measure ID="39">
     <Signs>
      <Sign ID="23" langid="1"><![CDATA[pixels]]></Sign>
     </Signs>
    </Measure>
   </LocalValue>
   <Feature ID="1585">
    <Measure ID="39" Sign="">
     <Signs>
      <Sign ID="23" langid="1"><![CDATA[pixels]]></Sign>
     </Signs>
    </Measure>
    <Name ID="4927" langid="1" Value="Display resolution"/>
   </Feature>
  </ProductFeature>
  <ProductFeature Localized="0" ID="792852130" Local_ID="0" Value="16:9" CategoryFeature_ID="155124" CategoryFeatureGroup_ID="100" No="10100970" Optional="0" Presentation_Value="16:9" Translated="0" Mandatory="1" Searchable="1">
   <LocalValue Value="16:9">
    <Measure ID="29">
     <Signs/>
    </Measure>
   </LocalValue>
   <Feature ID="11417">
    <Measure ID="29" Sign="">
     <Signs/>
    </Measure>
    <Name ID="1045266" langid="1" Value="Native aspect ratio"/>
   </Feature>
  </ProductFeature>
  <ProductFeature Localized="0" ID="792852123" Local_ID="0" Value="LCD" CategoryFeature_ID="57158" CategoryFeatureGroup_ID="100" No="10100960" Optional="0" Presentation_Value="LCD" Translated="1" Mandatory="1" Searchable="1">
   <LocalValue Value="LCD">
    <Measure ID="29">
     <Signs/>
    </Measure>
   </LocalValue>
   <Feature ID="9713">
    <Measure ID="29" Sign="">
     <Signs/>
    </Measure>
    <Name ID="804833" langid="1" Value="Display technology"/>
   </Feature>
  </ProductFeature>
  <ProductFeature Localized="0" ID="792852106" Local_ID="0" Value="N" CategoryFeature_ID="243713" CategoryFeatureGroup_ID="100" No="10100930" Optional="0" Presentation_Value="No" Translated="1" Mandatory="1" Searchable="1">
   <LocalValue Value="No">
    <Measure ID="26">
     <Signs/>
    </Measure>
   </LocalValue>
   <Feature ID="4963">
    <Measure ID="26" Sign="">
     <Signs/>
    </Measure>
    <Name ID="61603" langid="1" Value="Touchscreen"/>
   </Feature>
  </ProductFeature>
  <ProductFeature Localized="0" ID="792852131" Local_ID="0" Value="2K" CategoryFeature_ID="74099" CategoryFeatureGroup_ID="100" No="100980" Optional="0" Presentation_Value="2K" Translated="0" Mandatory="1" Searchable="0">
   <LocalValue Value="2K">
    <Measure ID="29">
     <Signs/>
    </Measure>
   </LocalValue>
   <Feature ID="11424">
    <Measure ID="29" Sign="">
     <Signs/>
    </Measure>
    <Name ID="1045472" langid="1" Value="HD type"/>
   </Feature>
  </ProductFeature>
  <ProductFeature Localized="0" ID="792852140" Local_ID="0" Value="IPS" CategoryFeature_ID="255240" CategoryFeatureGroup_ID="100" No="100950" Optional="0" Presentation_Value="IPS" Translated="0" Mandatory="1" Searchable="0">
   <LocalValue Value="IPS">
    <Measure ID="29">
     <Signs/>
    </Measure>
   </LocalValue>
   <Feature ID="15285">
    <Measure ID="29" Sign="">
     <Signs/>
    </Measure>
    <Name ID="1161461" langid="1" Value="Panel type"/>
   </Feature>
  </ProductFeature>
  <ProductFeature Localized="0" ID="792852080" Local_ID="0" Value="4" CategoryFeature_ID="5285" CategoryFeatureGroup_ID="100" No="100870" Optional="0" Presentation_Value="4 ms" Translated="0" Mandatory="1" Searchable="0">
   <LocalValue Value="4">
    <Measure ID="27">
     <Signs>
      <Sign ID="1" langid="1"><![CDATA[ms]]></Sign>
     </Signs>
    </Measure>
   </LocalValue>
   <Feature ID="1516">
    <Measure ID="27" Sign="">
     <Signs>
      <Sign ID="1" langid="1"><![CDATA[ms]]></Sign>
     </Signs>
    </Measure>
    <Name ID="4751" langid="1" Value="Response time"/>
   </Feature>
  </ProductFeature>
  <ProductFeature Localized="0" ID="792852142" Local_ID="0" Value="Flat screen" CategoryFeature_ID="133269" CategoryFeatureGroup_ID="100" No="100840" Optional="0" Presentation_Value="Flat" Translated="1" Mandatory="1" Searchable="0">
   <LocalValue Value="Flat">
    <Measure ID="29">
     <Signs/>
    </Measure>
   </LocalValue>
   <Feature ID="17554">
    <Measure ID="29" Sign="">
     <Signs/>
    </Measure>
    <Name ID="1247341" langid="1" Value="Screen shape"/>
   </Feature>
  </ProductFeature>
  <ProductFeature Localized="0" ID="792852061" Local_ID="0" Value="1500:1" CategoryFeature_ID="4943" CategoryFeatureGroup_ID="100" No="100790" Optional="0" Presentation_Value="1500:1" Translated="0" Mandatory="1" Searchable="0">
   <LocalValue Value="1500:1">
    <Measure ID="29">
     <Signs/>
    </Measure>
   </LocalValue>
   <Feature ID="34">
    <Measure ID="29" Sign="">
     <Signs/>
    </Measure>
    <Name ID="1383" langid="1" Value="Contrast ratio (typical)"/>
   </Feature>
  </ProductFeature>
  <ProductFeature Localized="0" ID="792852115" Local_ID="0" Value="120" CategoryFeature_ID="183826" CategoryFeatureGroup_ID="100" No="100760" Optional="0" Presentation_Value="120 Hz" Translated="0" Mandatory="1" Searchable="0">
   <LocalValue Value="120">
    <Measure ID="36">
     <Signs>
      <Sign ID="20" langid="1"><![CDATA[Hz]]></Sign>
     </Signs>
    </Measure>
   </LocalValue>
   <Feature ID="7450">
    <Measure ID="36" Sign="">
     <Signs>
      <Sign ID="20" langid="1"><![CDATA[Hz]]></Sign>
     </Signs>
    </Measure>
    <Name ID="559818" langid="1" Value="Maximum refresh rate"/>
   </Feature>
  </ProductFeature>
  <ProductFeature Localized="0" ID="792852146" Local_ID="0" Value="16.7 million colours" CategoryFeature_ID="154116" CategoryFeatureGroup_ID="100" No="100730" Optional="0" Presentation_Value="16.7 million colours" Translated="1" Mandatory="1" Searchable="0">
   <LocalValue Value="16.7 million colours">
    <Measure ID="29">
     <Signs/>
    </Measure>
   </LocalValue>
   <Feature ID="24847">
    <Measure ID="29" Sign="">
     <Signs/>
    </Measure>
    <Name ID="2065760" langid="1" Value="Display number of colours"/>
   </Feature>
  </ProductFeature>
  <ProductFeature Localized="0" ID="792852112" Local_ID="0" Value="Y" CategoryFeature_ID="920723" CategoryFeatureGroup_ID="100" No="100941" Optional="0" Presentation_Value="Yes" Translated="1" Mandatory="0" Searchable="0">
   <LocalValue Value="Yes">
    <Measure ID="26">
     <Signs/>
    </Measure>
   </LocalValue>
   <Feature ID="6784">
    <Measure ID="26" Sign="">
     <Signs/>
    </Measure>
    <Name ID="294044" langid="1" Value="LED backlight"/>
   </Feature>
  </ProductFeature>
  <ProductFeature Localized="0" ID="792852114" Local_ID="0" Value="W-LED" CategoryFeature_ID="57198" CategoryFeatureGroup_ID="100" No="100940" Optional="0" Presentation_Value="W-LED" Translated="0" Mandatory="0" Searchable="0">
   <LocalValue Value="W-LED">
    <Measure ID="29">
     <Signs/>
    </Measure>
   </LocalValue>
   <Feature ID="7369">
    <Measure ID="29" Sign="">
     <Signs/>
    </Measure>
    <Name ID="513879" langid="1" Value="Backlight type"/>
   </Feature>
  </ProductFeature>
  <ProductFeature Localized="0" ID="792852153" Local_ID="0" Value="350" CategoryFeature_ID="255214" CategoryFeatureGroup_ID="100" No="100880" Optional="0" Presentation_Value="350 cd/m²" Translated="0" Mandatory="0" Searchable="0">
   <LocalValue Value="350">
    <Measure ID="43">
     <Signs>
      <Sign ID="27" langid="1"><![CDATA[cd/m²]]></Sign>
     </Signs>
    </Measure>
   </LocalValue>
   <Feature ID="36441">
    <Measure ID="43" Sign="">
     <Signs>
      <Sign ID="27" langid="1"><![CDATA[cd/m²]]></Sign>
     </Signs>
    </Measure>
    <Name ID="4223041" langid="1" Value="Display brightness (typical)"/>
   </Feature>
  </ProductFeature>
  <ProductFeature Localized="0" ID="792852164" Local_ID="0" Value="GTG (Gray to Gray)" CategoryFeature_ID="961497" CategoryFeatureGroup_ID="100" No="100869" Optional="0" Presentation_Value="GTG (Gray to Gray)" Translated="0" Mandatory="0" Searchable="0">
   <LocalValue Value="GTG (Gray to Gray)">
    <Measure ID="29">
     <Signs/>
    </Measure>
   </LocalValue>
   <Feature ID="48292">
    <Measure ID="29" Sign="">
     <Signs/>
    </Measure>
    <Name ID="9167858" langid="1" Value="Response time measurement type"/>
   </Feature>
  </ProductFeature>
  <ProductFeature Localized="0" ID="792852127" Local_ID="0" Value="Y" CategoryFeature_ID="594924" CategoryFeatureGroup_ID="100" No="100850" Optional="0" Presentation_Value="Yes" Translated="1" Mandatory="0" Searchable="0">
   <LocalValue Value="Yes">
    <Measure ID="26">
     <Signs/>
    </Measure>
   </LocalValue>
   <Feature ID="10443">
    <Measure ID="26" Sign="">
     <Signs/>
    </Measure>
    <Name ID="905463" langid="1" Value="Anti-glare screen"/>
   </Feature>
  </ProductFeature>
  <ProductFeature Localized="0" ID="792852104" Local_ID="0" Value="2560 x 1440" CategoryFeature_ID="22829" CategoryFeatureGroup_ID="100" No="100820" Optional="0" Presentation_Value="2560 x 1440" Translated="0" Mandatory="0" Searchable="0">
   <LocalValue Value="2560 x 1440">
    <Measure ID="29">
     <Signs/>
    </Measure>
   </LocalValue>
   <Feature ID="4850">
    <Measure ID="29" Sign="">
     <Signs/>
    </Measure>
    <Name ID="61312" langid="1" Value="Supported graphics resolutions"/>
   </Feature>
  </ProductFeature>
  <ProductFeature Localized="0" ID="792852105" Local_ID="0" Value="1440p" CategoryFeature_ID="22830" CategoryFeatureGroup_ID="100" No="100810" Optional="0" Presentation_Value="1440p" Translated="0" Mandatory="0" Searchable="0">
   <LocalValue Value="1440p">
    <Measure ID="29">
     <Signs/>
    </Measure>
   </LocalValue>
   <Feature ID="4851">
    <Measure ID="29" Sign="">
     <Signs/>
    </Measure>
    <Name ID="61313" langid="1" Value="Supported video modes"/>
   </Feature>
  </ProductFeature>
  <ProductFeature Localized="0" ID="792852110" Local_ID="0" Value="50000000:1" CategoryFeature_ID="31337" CategoryFeatureGroup_ID="100" No="100780" Optional="0" Presentation_Value="50000000:1" Translated="0" Mandatory="0" Searchable="0">
   <LocalValue Value="50000000:1">
    <Measure ID="29">
     <Signs/>
    </Measure>
   </LocalValue>
   <Feature ID="6087">
    <Measure ID="29" Sign="">
     <Signs/>
    </Measure>
    <Name ID="138022" langid="1" Value="Contrast ratio (dynamic)"/>
   </Feature>
  </ProductFeature>
  <ProductFeature Localized="0" ID="792852063" Local_ID="0" Value="178" CategoryFeature_ID="4940" CategoryFeatureGroup_ID="100" No="100750" Optional="0" Presentation_Value="178°" Translated="0" Mandatory="0" Searchable="0">
   <LocalValue Value="178">
    <Measure ID="32">
     <Signs>
      <Sign ID="16" langid="1"><![CDATA[°]]></Sign>
     </Signs>
    </Measure>
   </LocalValue>
   <Feature ID="37">
    <Measure ID="32" Sign="">
     <Signs>
      <Sign ID="16" langid="1"><![CDATA[°]]></Sign>
     </Signs>
    </Measure>
    <Name ID="1393" langid="1" Value="Viewing angle, horizontal"/>
   </Feature>
  </ProductFeature>
  <ProductFeature Localized="0" ID="792852064" Local_ID="0" Value="178" CategoryFeature_ID="4941" CategoryFeatureGroup_ID="100" No="100740" Optional="0" Presentation_Value="178°" Translated="0" Mandatory="0" Searchable="0">
   <LocalValue Value="178">
    <Measure ID="32">
     <Signs>
      <Sign ID="16" langid="1"><![CDATA[°]]></Sign>
     </Signs>
    </Measure>
   </LocalValue>
   <Feature ID="38">
    <Measure ID="32" Sign="">
     <Signs>
      <Sign ID="16" langid="1"><![CDATA[°]]></Sign>
     </Signs>
    </Measure>
    <Name ID="1395" langid="1" Value="Viewing angle, vertical"/>
   </Feature>
  </ProductFeature>
  <ProductFeature Localized="0" ID="792852060" Local_ID="0" Value="0.2331 x 0.2331" CategoryFeature_ID="1992" CategoryFeatureGroup_ID="100" No="100700" Optional="0" Presentation_Value="0.2331 x 0.2331 mm" Translated="0" Mandatory="0" Searchable="0">
   <LocalValue Value="0.233 x 0.233">
    <Measure ID="24">
     <Signs>
      <Sign ID="3" langid="1"><![CDATA[mm]]></Sign>
     </Signs>
    </Measure>
   </LocalValue>
   <Feature ID="32">
    <Measure ID="24" Sign="">
     <Signs>
      <Sign ID="3" langid="1"><![CDATA[mm]]></Sign>
     </Signs>
    </Measure>
    <Name ID="1377" langid="1" Value="Pixel pitch"/>
   </Feature>
  </ProductFeature>
  <ProductFeature Localized="0" ID="792852138" Local_ID="0" Value="109" CategoryFeature_ID="103245" CategoryFeatureGroup_ID="100" No="100690" Optional="0" Presentation_Value="109 ppi" Translated="0" Mandatory="0" Searchable="0">
   <LocalValue Value="109">
    <Measure ID="243">
     <Signs>
      <Sign ID="14247" langid="1"><![CDATA[ppi]]></Sign>
     </Signs>
    </Measure>
   </LocalValue>
   <Feature ID="13246">
    <Measure ID="243" Sign="">
     <Signs>
      <Sign ID="14247" langid="1"><![CDATA[ppi]]></Sign>
     </Signs>
    </Measure>
    <Name ID="1097254" langid="1" Value="Pixel density"/>
   </Feature>
  </ProductFeature>
  <ProductFeature Localized="0" ID="792852062" Local_ID="0" Value="30 - 190" CategoryFeature_ID="2548" CategoryFeatureGroup_ID="100" No="100680" Optional="0" Presentation_Value="30 - 190 kHz" Translated="0" Mandatory="0" Searchable="0">
   <LocalValue Value="30 - 190">
    <Measure ID="31">
     <Signs>
      <Sign ID="15" langid="1"><![CDATA[kHz]]></Sign>
     </Signs>
    </Measure>
   </LocalValue>
   <Feature ID="35">
    <Measure ID="31" Sign="">
     <Signs>
      <Sign ID="15" langid="1"><![CDATA[kHz]]></Sign>
     </Signs>
    </Measure>
    <Name ID="1387" langid="1" Value="Horizontal scan range"/>
   </Feature>
  </ProductFeature>
  <ProductFeature Localized="0" ID="792852065" Local_ID="0" Value="48 - 120" CategoryFeature_ID="4931" CategoryFeatureGroup_ID="100" No="100670" Optional="0" Presentation_Value="48 - 120 Hz" Translated="0" Mandatory="0" Searchable="0">
   <LocalValue Value="48 - 120">
    <Measure ID="36">
     <Signs>
      <Sign ID="20" langid="1"><![CDATA[Hz]]></Sign>
     </Signs>
    </Measure>
   </LocalValue>
   <Feature ID="90">
    <Measure ID="36" Sign="">
     <Signs>
      <Sign ID="20" langid="1"><![CDATA[Hz]]></Sign>
     </Signs>
    </Measure>
    <Name ID="1517" langid="1" Value="Vertical scan range"/>
   </Feature>
  </ProductFeature>
  <ProductFeature Localized="0" ID="792852066" Local_ID="0" Value="596.74" CategoryFeature_ID="4938" CategoryFeatureGroup_ID="100" No="100660" Optional="0" Presentation_Value="59.7 cm" Translated="0" Mandatory="0" Searchable="0">
   <LocalValue Value="59.7">
    <Measure ID="34">
     <Signs>
      <Sign ID="18" langid="1"><![CDATA[cm]]></Sign>
     </Signs>
    </Measure>
   </LocalValue>
   <Feature ID="91">
    <Measure ID="24" Sign="">
     <Signs>
      <Sign ID="3" langid="1"><![CDATA[mm]]></Sign>
     </Signs>
    </Measure>
    <Name ID="1519" langid="1" Value="Viewable size, horizontal"/>
   </Feature>
  </ProductFeature>
  <ProductFeature Localized="0" ID="792852067" Local_ID="0" Value="335.66" CategoryFeature_ID="4939" CategoryFeatureGroup_ID="100" No="100650" Optional="0" Presentation_Value="33.6 cm" Translated="0" Mandatory="0" Searchable="0">
   <LocalValue Value="33.6">
    <Measure ID="34">
     <Signs>
      <Sign ID="18" langid="1"><![CDATA[cm]]></Sign>
     </Signs>
    </Measure>
   </LocalValue>
   <Feature ID="92">
    <Measure ID="24" Sign="">
     <Signs>
      <Sign ID="3" langid="1"><![CDATA[mm]]></Sign>
     </Signs>
    </Measure>
    <Name ID="1521" langid="1" Value="Viewable size, vertical"/>
   </Feature>
  </ProductFeature>
  <ProductFeature Localized="0" ID="792852101" Local_ID="0" Value="68.6" CategoryFeature_ID="683430" CategoryFeatureGroup_ID="100" No="100600" Optional="0" Presentation_Value="68.6 cm" Translated="0" Mandatory="0" Searchable="0">
   <LocalValue Value="68.6">
    <Measure ID="34">
     <Signs>
      <Sign ID="18" langid="1"><![CDATA[cm]]></Sign>
     </Signs>
    </Measure>
   </LocalValue>
   <Feature ID="4174">
    <Measure ID="34" Sign="">
     <Signs>
      <Sign ID="18" langid="1"><![CDATA[cm]]></Sign>
     </Signs>
    </Measure>
    <Name ID="59092" langid="1" Value="Display diagonal (metric)"/>
   </Feature>
  </ProductFeature>
  <ProductFeature Localized="0" ID="835294294" Local_ID="0" Value="Y" CategoryFeature_ID="103243" CategoryFeatureGroup_ID="100" No="100560" Optional="0" Presentation_Value="Yes" Translated="1" Mandatory="0" Searchable="0">
   <LocalValue Value="Yes">
    <Measure ID="26">
     <Signs/>
    </Measure>
   </LocalValue>
   <Feature ID="17862">
    <Measure ID="26" Sign="">
     <Signs/>
    </Measure>
    <Name ID="1278411" langid="1" Value="DDC/CI"/>
   </Feature>
  </ProductFeature>
  <ProductFeature Localized="0" ID="792852149" Local_ID="0" Value="25" CategoryFeature_ID="904227" CategoryFeatureGroup_ID="100" No="100540" Optional="0" Presentation_Value="25%" Translated="0" Mandatory="0" Searchable="0">
   <LocalValue Value="25">
    <Measure ID="64">
     <Signs>
      <Sign ID="47" langid="1"><![CDATA[%]]></Sign>
     </Signs>
    </Measure>
   </LocalValue>
   <Feature ID="28526">
    <Measure ID="64" Sign="">
     <Signs>
      <Sign ID="47" langid="1"><![CDATA[%]]></Sign>
     </Signs>
    </Measure>
    <Name ID="2559679" langid="1" Value="Haze rate"/>
   </Feature>
  </ProductFeature>
  <ProductFeature Localized="0" ID="792852148" Local_ID="0" Value="3H" CategoryFeature_ID="163809" CategoryFeatureGroup_ID="100" No="100530" Optional="0" Presentation_Value="3H" Translated="0" Mandatory="0" Searchable="0">
   <LocalValue Value="3H">
    <Measure ID="29">
     <Signs/>
    </Measure>
   </LocalValue>
   <Feature ID="26001">
    <Measure ID="29" Sign="">
     <Signs/>
    </Measure>
    <Name ID="2182990" langid="1" Value="Surface hardness"/>
   </Feature>
  </ProductFeature>
  <ProductFeature Localized="0" ID="792852150" Local_ID="0" Value="125" CategoryFeature_ID="185014" CategoryFeatureGroup_ID="100" No="100470" Optional="0" Presentation_Value="125%" Translated="0" Mandatory="0" Searchable="0">
   <LocalValue Value="125">
    <Measure ID="64">
     <Signs>
      <Sign ID="47" langid="1"><![CDATA[%]]></Sign>
     </Signs>
    </Measure>
   </LocalValue>
   <Feature ID="28703">
    <Measure ID="64" Sign="">
     <Signs>
      <Sign ID="47" langid="1"><![CDATA[%]]></Sign>
     </Signs>
    </Measure>
    <Name ID="2580212" langid="1" Value="sRGB coverage (typical)"/>
   </Feature>
  </ProductFeature>
  <ProductFeature Localized="0" ID="792852152" Local_ID="0" Value="114" CategoryFeature_ID="228629" CategoryFeatureGroup_ID="100" No="100450" Optional="0" Presentation_Value="114%" Translated="0" Mandatory="0" Searchable="0">
   <LocalValue Value="114">
    <Measure ID="64">
     <Signs>
      <Sign ID="47" langid="1"><![CDATA[%]]></Sign>
     </Signs>
    </Measure>
   </LocalValue>
   <Feature ID="33817">
    <Measure ID="64" Sign="">
     <Signs>
      <Sign ID="47" langid="1"><![CDATA[%]]></Sign>
     </Signs>
    </Measure>
    <Name ID="3474743" langid="1" Value="NTSC coverage (typical)"/>
   </Feature>
  </ProductFeature>
  <ProductFeature Localized="0" ID="792852144" Local_ID="0" Value="N" CategoryFeature_ID="123176" CategoryFeatureGroup_ID="10681" No="10101000" Optional="0" Presentation_Value="No" Translated="1" Mandatory="1" Searchable="1">
   <LocalValue Value="No">
    <Measure ID="26">
     <Signs/>
    </Measure>
   </LocalValue>
   <Feature ID="20783">
    <Measure ID="26" Sign="">
     <Signs/>
    </Measure>
    <Name ID="1639663" langid="1" Value="NVIDIA G-SYNC"/>
   </Feature>
  </ProductFeature>
  <ProductFeature Localized="0" ID="792852151" Local_ID="0" Value="N" CategoryFeature_ID="193707" CategoryFeatureGroup_ID="10681" No="10100980" Optional="0" Presentation_Value="No" Translated="1" Mandatory="1" Searchable="1">
   <LocalValue Value="No">
    <Measure ID="26">
     <Signs/>
    </Measure>
   </LocalValue>
   <Feature ID="29607">
    <Measure ID="26" Sign="">
     <Signs/>
    </Measure>
    <Name ID="2766663" langid="1" Value="AMD FreeSync"/>
   </Feature>
  </ProductFeature>
  <ProductFeature Localized="0" ID="792852154" Local_ID="0" Value="Y" CategoryFeature_ID="258742" CategoryFeatureGroup_ID="10681" No="100900" Optional="0" Presentation_Value="Yes" Translated="1" Mandatory="0" Searchable="0">
   <LocalValue Value="Yes">
    <Measure ID="26">
     <Signs/>
    </Measure>
   </LocalValue>
   <Feature ID="36840">
    <Measure ID="26" Sign="">
     <Signs/>
    </Measure>
    <Name ID="4397384" langid="1" Value="Flicker-free technology"/>
   </Feature>
  </ProductFeature>
  <ProductFeature Localized="0" ID="792852155" Local_ID="0" Value="Y" CategoryFeature_ID="258745" CategoryFeatureGroup_ID="10681" No="100890" Optional="0" Presentation_Value="Yes" Translated="1" Mandatory="0" Searchable="0">
   <LocalValue Value="Yes">
    <Measure ID="26">
     <Signs/>
    </Measure>
   </LocalValue>
   <Feature ID="36843">
    <Measure ID="26" Sign="">
     <Signs/>
    </Measure>
    <Name ID="4397546" langid="1" Value="Low Blue Light technology"/>
   </Feature>
  </ProductFeature>
  <ProductFeature Localized="0" ID="792852091" Local_ID="0" Value="Y" CategoryFeature_ID="31341" CategoryFeatureGroup_ID="10887" No="10100700" Optional="0" Presentation_Value="Yes" Translated="1" Mandatory="1" Searchable="1">
   <LocalValue Value="Yes">
    <Measure ID="26">
     <Signs/>
    </Measure>
   </LocalValue>
   <Feature ID="2433">
    <Measure ID="26" Sign="">
     <Signs/>
    </Measure>
    <Name ID="12525" langid="1" Value="Built-in speaker(s)"/>
   </Feature>
  </ProductFeature>
  <ProductFeature Localized="0" ID="792852125" Local_ID="0" Value="2" CategoryFeature_ID="207681" CategoryFeatureGroup_ID="10887" No="10100680" Optional="0" Presentation_Value="2" Translated="0" Mandatory="0" Searchable="0">
   <LocalValue Value="2">
    <Measure ID="29">
     <Signs/>
    </Measure>
   </LocalValue>
   <Feature ID="10183">
    <Measure ID="29" Sign="">
     <Signs/>
    </Measure>
    <Name ID="879403" langid="1" Value="Number of speakers"/>
   </Feature>
  </ProductFeature>
  <ProductFeature Localized="0" ID="792852085" Local_ID="0" Value="4" CategoryFeature_ID="17100" CategoryFeatureGroup_ID="10887" No="10100670" Optional="0" Presentation_Value="4 W" Translated="0" Mandatory="0" Searchable="0">
   <LocalValue Value="4">
    <Measure ID="44">
     <Signs>
      <Sign ID="28" langid="1"><![CDATA[W]]></Sign>
     </Signs>
    </Measure>
   </LocalValue>
   <Feature ID="1854">
    <Measure ID="44" Sign="">
     <Signs>
      <Sign ID="28" langid="1"><![CDATA[W]]></Sign>
     </Signs>
    </Measure>
    <Name ID="5709" langid="1" Value="RMS rated power"/>
   </Feature>
  </ProductFeature>
  <ProductFeature Localized="0" ID="792852122" Local_ID="0" Value="Business" CategoryFeature_ID="245761" CategoryFeatureGroup_ID="10677" No="10100800" Optional="0" Presentation_Value="Business" Translated="1" Mandatory="1" Searchable="1">
   <LocalValue Value="Business">
    <Measure ID="29">
     <Signs/>
    </Measure>
   </LocalValue>
   <Feature ID="9021">
    <Measure ID="29" Sign="">
     <Signs/>
    </Measure>
    <Name ID="757557" langid="1" Value="Market positioning"/>
   </Feature>
  </ProductFeature>
  <ProductFeature Localized="0" ID="792852082" Local_ID="0" Value="Black" CategoryFeature_ID="11218" CategoryFeatureGroup_ID="10677" No="10100790" Optional="0" Presentation_Value="Black" Translated="1" Mandatory="1" Searchable="1">
   <LocalValue Value="Black">
    <Measure ID="29">
     <Signs/>
    </Measure>
   </LocalValue>
   <Feature ID="1766">
    <Measure ID="29" Sign="">
     <Signs/>
    </Measure>
    <Name ID="5487" langid="1" Value="Product colour"/>
   </Feature>
  </ProductFeature>
  <ProductFeature Localized="0" ID="792852132" Local_ID="0" Value="Black" CategoryFeature_ID="82000" CategoryFeatureGroup_ID="10677" No="100740" Optional="0" Presentation_Value="Black" Translated="1" Mandatory="0" Searchable="0">
   <LocalValue Value="Black">
    <Measure ID="29">
     <Signs/>
    </Measure>
   </LocalValue>
   <Feature ID="12006">
    <Measure ID="29" Sign="">
     <Signs/>
    </Measure>
    <Name ID="1082742" langid="1" Value="Front bezel colour"/>
   </Feature>
  </ProductFeature>
  <ProductFeature Localized="0" ID="792852126" Local_ID="0" Value="Black" CategoryFeature_ID="84492" CategoryFeatureGroup_ID="10677" No="100700" Optional="0" Presentation_Value="Black" Translated="1" Mandatory="0" Searchable="0">
   <LocalValue Value="Black">
    <Measure ID="29">
     <Signs/>
    </Measure>
   </LocalValue>
   <Feature ID="10232">
    <Measure ID="29" Sign="">
     <Signs/>
    </Measure>
    <Name ID="882441" langid="1" Value="Feet colour"/>
   </Feature>
  </ProductFeature>
  <ProductFeature Localized="0" ID="792852145" Local_ID="0" Value="Y" CategoryFeature_ID="139339" CategoryFeatureGroup_ID="1742" No="10100900" Optional="0" Presentation_Value="Yes" Translated="1" Mandatory="1" Searchable="1">
   <LocalValue Value="Yes">
    <Measure ID="26">
     <Signs/>
    </Measure>
   </LocalValue>
   <Feature ID="22838">
    <Measure ID="26" Sign="">
     <Signs/>
    </Measure>
    <Name ID="1804947" langid="1" Value="Built-in USB hub"/>
   </Feature>
  </ProductFeature>
  <ProductFeature Localized="0" ID="792852108" Local_ID="0" Value="Y" CategoryFeature_ID="37850" CategoryFeatureGroup_ID="1742" No="100740" Optional="0" Presentation_Value="Yes" Translated="1" Mandatory="1" Searchable="0">
   <LocalValue Value="Yes">
    <Measure ID="26">
     <Signs/>
    </Measure>
   </LocalValue>
   <Feature ID="5620">
    <Measure ID="26" Sign="">
     <Signs/>
    </Measure>
    <Name ID="100861" langid="1" Value="HDMI"/>
   </Feature>
  </ProductFeature>
  <ProductFeature Localized="0" ID="835294278" Local_ID="0" Value="3.2 Gen 1 (3.1 Gen 1)" CategoryFeature_ID="139340" CategoryFeatureGroup_ID="1742" No="100890" Optional="0" Presentation_Value="3.2 Gen 1 (3.1 Gen 1)" Translated="0" Mandatory="0" Searchable="0">
   <LocalValue Value="3.2 Gen 1 (3.1 Gen 1)">
    <Measure ID="29">
     <Signs/>
    </Measure>
   </LocalValue>
   <Feature ID="22839">
    <Measure ID="29" Sign="">
     <Signs/>
    </Measure>
    <Name ID="1804997" langid="1" Value="USB hub version"/>
   </Feature>
  </ProductFeature>
  <ProductFeature Localized="0" ID="835294273" Local_ID="0" Value="1" CategoryFeature_ID="682734" CategoryFeatureGroup_ID="1742" No="100860" Optional="0" Presentation_Value="1" Translated="0" Mandatory="0" Searchable="0">
   <LocalValue Value="1">
    <Measure ID="29">
     <Signs/>
    </Measure>
   </LocalValue>
   <Feature ID="42595">
    <Measure ID="29" Sign="">
     <Signs/>
    </Measure>
    <Name ID="6894015" langid="1" Value="Number of USB Type-B upstream ports quantity"/>
   </Feature>
  </ProductFeature>
  <ProductFeature Localized="0" ID="835294276" Local_ID="0" Value="4" CategoryFeature_ID="139347" CategoryFeatureGroup_ID="1742" No="100840" Optional="0" Presentation_Value="4" Translated="0" Mandatory="0" Searchable="0">
   <LocalValue Value="4">
    <Measure ID="29">
     <Signs/>
    </Measure>
   </LocalValue>
   <Feature ID="22842">
    <Measure ID="29" Sign="">
     <Signs/>
    </Measure>
    <Name ID="1805147" langid="1" Value="USB Type-A downstream ports quantity"/>
   </Feature>
  </ProductFeature>
  <ProductFeature Localized="0" ID="792852094" Local_ID="0" Value="2" CategoryFeature_ID="20882" CategoryFeatureGroup_ID="1742" No="100730" Optional="0" Presentation_Value="2" Translated="0" Mandatory="0" Searchable="0">
   <LocalValue Value="2">
    <Measure ID="29">
     <Signs/>
    </Measure>
   </LocalValue>
   <Feature ID="3566">
    <Measure ID="29" Sign="">
     <Signs/>
    </Measure>
    <Name ID="39496" langid="1" Value="HDMI ports quantity"/>
   </Feature>
  </ProductFeature>
  <ProductFeature Localized="0" ID="792852107" Local_ID="0" Value="2.0" CategoryFeature_ID="270899" CategoryFeatureGroup_ID="1742" No="100720" Optional="0" Presentation_Value="2.0" Translated="0" Mandatory="0" Searchable="0">
   <LocalValue Value="2.0">
    <Measure ID="29">
     <Signs/>
    </Measure>
   </LocalValue>
   <Feature ID="5452">
    <Measure ID="29" Sign="">
     <Signs/>
    </Measure>
    <Name ID="78296" langid="1" Value="HDMI version"/>
   </Feature>
  </ProductFeature>
  <ProductFeature Localized="0" ID="792852111" Local_ID="0" Value="1" CategoryFeature_ID="35722" CategoryFeatureGroup_ID="1742" No="100690" Optional="0" Presentation_Value="1" Translated="0" Mandatory="0" Searchable="0">
   <LocalValue Value="1">
    <Measure ID="29">
     <Signs/>
    </Measure>
   </LocalValue>
   <Feature ID="6611">
    <Measure ID="29" Sign="">
     <Signs/>
    </Measure>
    <Name ID="240711" langid="1" Value="DisplayPorts quantity"/>
   </Feature>
  </ProductFeature>
  <ProductFeature Localized="0" ID="792852129" Local_ID="0" Value="1.2" CategoryFeature_ID="270900" CategoryFeatureGroup_ID="1742" No="100680" Optional="0" Presentation_Value="1.2" Translated="0" Mandatory="0" Searchable="0">
   <LocalValue Value="1.2">
    <Measure ID="29">
     <Signs/>
    </Measure>
   </LocalValue>
   <Feature ID="11111">
    <Measure ID="29" Sign="">
     <Signs/>
    </Measure>
    <Name ID="973870" langid="1" Value="DisplayPort version"/>
   </Feature>
  </ProductFeature>
  <ProductFeature Localized="0" ID="792852083" Local_ID="0" Value="Y" CategoryFeature_ID="17099" CategoryFeatureGroup_ID="1742" No="100620" Optional="0" Presentation_Value="Yes" Translated="1" Mandatory="0" Searchable="0">
   <LocalValue Value="Yes">
    <Measure ID="29">
     <Signs/>
    </Measure>
   </LocalValue>
   <Feature ID="1786">
    <Measure ID="29" Sign="">
     <Signs/>
    </Measure>
    <Name ID="5551" langid="1" Value="Audio output"/>
   </Feature>
  </ProductFeature>
  <ProductFeature Localized="0" ID="792852109" Local_ID="0" Value="Y" CategoryFeature_ID="26708" CategoryFeatureGroup_ID="1742" No="100530" Optional="0" Presentation_Value="Yes" Translated="1" Mandatory="0" Searchable="0">
   <LocalValue Value="Yes">
    <Measure ID="26">
     <Signs/>
    </Measure>
   </LocalValue>
   <Feature ID="5636">
    <Measure ID="26" Sign="">
     <Signs/>
    </Measure>
    <Name ID="101298" langid="1" Value="HDCP"/>
   </Feature>
  </ProductFeature>
  <ProductFeature Localized="0" ID="792852124" Local_ID="0" Value="1.4/2.2" CategoryFeature_ID="903350" CategoryFeatureGroup_ID="1742" No="100520" Optional="0" Presentation_Value="1.4/2.2" Translated="0" Mandatory="0" Searchable="0">
   <LocalValue Value="1.4/2.2">
    <Measure ID="29">
     <Signs/>
    </Measure>
   </LocalValue>
   <Feature ID="9814">
    <Measure ID="29" Sign="">
     <Signs/>
    </Measure>
    <Name ID="820795" langid="1" Value="HDCP version"/>
   </Feature>
  </ProductFeature>
  <ProductFeature Localized="0" ID="792852141" Local_ID="0" Value="Y" CategoryFeature_ID="109688" CategoryFeatureGroup_ID="3070" No="10100400" Optional="0" Presentation_Value="Yes" Translated="1" Mandatory="1" Searchable="1">
   <LocalValue Value="Yes">
    <Measure ID="26">
     <Signs/>
    </Measure>
   </LocalValue>
   <Feature ID="16767">
    <Measure ID="26" Sign="">
     <Signs/>
    </Measure>
    <Name ID="1213583" langid="1" Value="VESA mounting"/>
   </Feature>
  </ProductFeature>
  <ProductFeature Localized="0" ID="792852077" Local_ID="0" Value="Y" CategoryFeature_ID="14296" CategoryFeatureGroup_ID="3070" No="100360" Optional="0" Presentation_Value="Yes" Translated="1" Mandatory="1" Searchable="0">
   <LocalValue Value="Yes">
    <Measure ID="26">
     <Signs/>
    </Measure>
   </LocalValue>
   <Feature ID="1352">
    <Measure ID="26" Sign="">
     <Signs/>
    </Measure>
    <Name ID="4245" langid="1" Value="Cable lock slot"/>
   </Feature>
  </ProductFeature>
  <ProductFeature Localized="0" ID="792852086" Local_ID="0" Value="Y" CategoryFeature_ID="68504" CategoryFeatureGroup_ID="3070" No="100340" Optional="0" Presentation_Value="Yes" Translated="1" Mandatory="1" Searchable="0">
   <LocalValue Value="Yes">
    <Measure ID="26">
     <Signs/>
    </Measure>
   </LocalValue>
   <Feature ID="1954">
    <Measure ID="26" Sign="">
     <Signs/>
    </Measure>
    <Name ID="6065" langid="1" Value="Height adjustment"/>
   </Feature>
  </ProductFeature>
  <ProductFeature Localized="0" ID="792852099" Local_ID="0" Value="100 x 100" CategoryFeature_ID="22159" CategoryFeatureGroup_ID="3070" No="100390" Optional="0" Presentation_Value="100 x 100 mm" Translated="0" Mandatory="0" Searchable="0">
   <LocalValue Value="100 x 100">
    <Measure ID="24">
     <Signs>
      <Sign ID="3" langid="1"><![CDATA[mm]]></Sign>
     </Signs>
    </Measure>
   </LocalValue>
   <Feature ID="4037">
    <Measure ID="24" Sign="">
     <Signs>
      <Sign ID="3" langid="1"><![CDATA[mm]]></Sign>
     </Signs>
    </Measure>
    <Name ID="56168" langid="1" Value="Panel mounting interface"/>
   </Feature>
  </ProductFeature>
  <ProductFeature Localized="0" ID="792852139" Local_ID="0" Value="Kensington" CategoryFeature_ID="252503" CategoryFeatureGroup_ID="3070" No="100350" Optional="0" Presentation_Value="Kensington" Translated="0" Mandatory="0" Searchable="0">
   <LocalValue Value="Kensington">
    <Measure ID="29">
     <Signs/>
    </Measure>
   </LocalValue>
   <Feature ID="14097">
    <Measure ID="29" Sign="">
     <Signs/>
    </Measure>
    <Name ID="1131032" langid="1" Value="Cable lock slot type"/>
   </Feature>
  </ProductFeature>
  <ProductFeature Localized="0" ID="792852147" Local_ID="0" Value="150" CategoryFeature_ID="1083333" CategoryFeatureGroup_ID="3070" No="100330" Optional="0" Presentation_Value="15 cm" Translated="0" Mandatory="0" Searchable="0">
   <LocalValue Value="15">
    <Measure ID="34">
     <Signs>
      <Sign ID="18" langid="1"><![CDATA[cm]]></Sign>
     </Signs>
    </Measure>
   </LocalValue>
   <Feature ID="25138">
    <Measure ID="24" Sign="">
     <Signs>
      <Sign ID="3" langid="1"><![CDATA[mm]]></Sign>
     </Signs>
    </Measure>
    <Name ID="2127802" langid="1" Value="Adjustable height (max)"/>
   </Feature>
  </ProductFeature>
  <ProductFeature Localized="0" ID="792852092" Local_ID="0" Value="Y" CategoryFeature_ID="16130" CategoryFeatureGroup_ID="3070" No="100320" Optional="0" Presentation_Value="Yes" Translated="1" Mandatory="0" Searchable="0">
   <LocalValue Value="Yes">
    <Measure ID="26">
     <Signs/>
    </Measure>
   </LocalValue>
   <Feature ID="2764">
    <Measure ID="26" Sign="">
     <Signs/>
    </Measure>
    <Name ID="13980" langid="1" Value="Pivot"/>
   </Feature>
  </ProductFeature>
  <ProductFeature Localized="0" ID="792852117" Local_ID="0" Value="-90 - 90" CategoryFeature_ID="48001" CategoryFeatureGroup_ID="3070" No="100310" Optional="0" Presentation_Value="-90 - 90°" Translated="0" Mandatory="0" Searchable="0">
   <LocalValue Value="-90 - 90">
    <Measure ID="32">
     <Signs>
      <Sign ID="16" langid="1"><![CDATA[°]]></Sign>
     </Signs>
    </Measure>
   </LocalValue>
   <Feature ID="8037">
    <Measure ID="32" Sign="">
     <Signs>
      <Sign ID="16" langid="1"><![CDATA[°]]></Sign>
     </Signs>
    </Measure>
    <Name ID="620486" langid="1" Value="Pivot angle"/>
   </Feature>
  </ProductFeature>
  <ProductFeature Localized="0" ID="792852113" Local_ID="0" Value="Y" CategoryFeature_ID="71482" CategoryFeatureGroup_ID="3070" No="100300" Optional="0" Presentation_Value="Yes" Translated="1" Mandatory="0" Searchable="0">
   <LocalValue Value="Yes">
    <Measure ID="26">
     <Signs/>
    </Measure>
   </LocalValue>
   <Feature ID="7263">
    <Measure ID="26" Sign="">
     <Signs/>
    </Measure>
    <Name ID="352926" langid="1" Value="Swivelling"/>
   </Feature>
  </ProductFeature>
  <ProductFeature Localized="0" ID="792852087" Local_ID="0" Value="-180 - 180" CategoryFeature_ID="9092" CategoryFeatureGroup_ID="3070" No="100290" Optional="0" Presentation_Value="-180 - 180°" Translated="0" Mandatory="0" Searchable="0">
   <LocalValue Value="-180 - 180">
    <Measure ID="32">
     <Signs>
      <Sign ID="16" langid="1"><![CDATA[°]]></Sign>
     </Signs>
    </Measure>
   </LocalValue>
   <Feature ID="1956">
    <Measure ID="32" Sign="">
     <Signs>
      <Sign ID="16" langid="1"><![CDATA[°]]></Sign>
     </Signs>
    </Measure>
    <Name ID="6069" langid="1" Value="Swivel angle range"/>
   </Feature>
  </ProductFeature>
  <ProductFeature Localized="0" ID="792852119" Local_ID="0" Value="Y" CategoryFeature_ID="930782" CategoryFeatureGroup_ID="3070" No="100271" Optional="0" Presentation_Value="Yes" Translated="1" Mandatory="0" Searchable="0">
   <LocalValue Value="Yes">
    <Measure ID="26">
     <Signs/>
    </Measure>
   </LocalValue>
   <Feature ID="8302">
    <Measure ID="26" Sign="">
     <Signs/>
    </Measure>
    <Name ID="637449" langid="1" Value="Tilt adjustment"/>
   </Feature>
  </ProductFeature>
  <ProductFeature Localized="0" ID="792852090" Local_ID="0" Value="-5 - 30" CategoryFeature_ID="18150" CategoryFeatureGroup_ID="3070" No="100270" Optional="0" Presentation_Value="-5 - 30°" Translated="0" Mandatory="0" Searchable="0">
   <LocalValue Value="-5 - 30">
    <Measure ID="32">
     <Signs>
      <Sign ID="16" langid="1"><![CDATA[°]]></Sign>
     </Signs>
    </Measure>
   </LocalValue>
   <Feature ID="2077">
    <Measure ID="32" Sign="">
     <Signs>
      <Sign ID="16" langid="1"><![CDATA[°]]></Sign>
     </Signs>
    </Measure>
    <Name ID="9227" langid="1" Value="Tilt angle range"/>
   </Feature>
  </ProductFeature>
  <ProductFeature Localized="0" ID="792852093" Local_ID="0" Value="Y" CategoryFeature_ID="47992" CategoryFeatureGroup_ID="3070" No="100250" Optional="0" Presentation_Value="Yes" Translated="1" Mandatory="0" Searchable="0">
   <LocalValue Value="Yes">
    <Measure ID="26">
     <Signs/>
    </Measure>
   </LocalValue>
   <Feature ID="3064">
    <Measure ID="26" Sign="">
     <Signs/>
    </Measure>
    <Name ID="29248" langid="1" Value="On Screen Display (OSD)"/>
   </Feature>
  </ProductFeature>
  <ProductFeature Localized="0" ID="792852116" Local_ID="0" Value="21" CategoryFeature_ID="47993" CategoryFeatureGroup_ID="3070" No="100230" Optional="0" Presentation_Value="21" Translated="0" Mandatory="0" Searchable="0">
   <LocalValue Value="21">
    <Measure ID="29">
     <Signs/>
    </Measure>
   </LocalValue>
   <Feature ID="7598">
    <Measure ID="29" Sign="">
     <Signs/>
    </Measure>
    <Name ID="582664" langid="1" Value="Number of OSD languages"/>
   </Feature>
  </ProductFeature>
  <ProductFeature Localized="0" ID="792852074" Local_ID="0" Value="Y" CategoryFeature_ID="15669" CategoryFeatureGroup_ID="3070" No="100210" Optional="0" Presentation_Value="Yes" Translated="1" Mandatory="0" Searchable="0">
   <LocalValue Value="Yes">
    <Measure ID="26">
     <Signs/>
    </Measure>
   </LocalValue>
   <Feature ID="775">
    <Measure ID="26" Sign="">
     <Signs/>
    </Measure>
    <Name ID="3081" langid="1" Value="Plug and Play"/>
   </Feature>
  </ProductFeature>
  <ProductFeature Localized="0" ID="792852079" Local_ID="0" Value="Y" CategoryFeature_ID="47976" CategoryFeatureGroup_ID="3070" No="100200" Optional="0" Presentation_Value="Yes" Translated="1" Mandatory="0" Searchable="0">
   <LocalValue Value="Yes">
    <Measure ID="29">
     <Signs/>
    </Measure>
   </LocalValue>
   <Feature ID="1501">
    <Measure ID="29" Sign="">
     <Signs/>
    </Measure>
    <Name ID="4699" langid="1" Value="LED indicators"/>
   </Feature>
  </ProductFeature>
  <ProductFeature Localized="0" ID="792852158" Local_ID="0" Value="D" CategoryFeature_ID="708167" CategoryFeatureGroup_ID="99" No="100300" Optional="0" Presentation_Value="D" Translated="1" Mandatory="1" Searchable="0">
   <LocalValue Value="D">
    <Measure ID="29">
     <Signs/>
    </Measure>
   </LocalValue>
   <Feature ID="42856">
    <Measure ID="29" Sign="">
     <Signs/>
    </Measure>
    <Name ID="7158665" langid="1" Value="Energy efficiency class (SDR)"/>
   </Feature>
  </ProductFeature>
  <ProductFeature Localized="0" ID="792852159" Local_ID="0" Value="Not available" CategoryFeature_ID="708168" CategoryFeatureGroup_ID="99" No="100290" Optional="0" Presentation_Value="Not available" Translated="1" Mandatory="1" Searchable="0">
   <LocalValue Value="Not available">
    <Measure ID="29">
     <Signs/>
    </Measure>
   </LocalValue>
   <Feature ID="42857">
    <Measure ID="29" Sign="">
     <Signs/>
    </Measure>
    <Name ID="7158734" langid="1" Value="Energy efficiency class (HDR)"/>
   </Feature>
  </ProductFeature>
  <ProductFeature Localized="0" ID="792852160" Local_ID="0" Value="16" CategoryFeature_ID="708169" CategoryFeatureGroup_ID="99" No="100280" Optional="0" Presentation_Value="16 kWh" Translated="0" Mandatory="1" Searchable="0">
   <LocalValue Value="16">
    <Measure ID="103">
     <Signs>
      <Sign ID="85" langid="1"><![CDATA[kWh]]></Sign>
     </Signs>
    </Measure>
   </LocalValue>
   <Feature ID="42858">
    <Measure ID="103" Sign="">
     <Signs>
      <Sign ID="85" langid="1"><![CDATA[kWh]]></Sign>
     </Signs>
    </Measure>
    <Name ID="7158803" langid="1" Value="Energy consumption (SDR) per 1000 hours"/>
   </Feature>
  </ProductFeature>
  <ProductFeature Localized="0" ID="792852068" Local_ID="0" Value="11.28" CategoryFeature_ID="9931" CategoryFeatureGroup_ID="99" No="100260" Optional="0" Presentation_Value="11.28 W" Translated="0" Mandatory="1" Searchable="0">
   <LocalValue Value="11.28">
    <Measure ID="44">
     <Signs>
      <Sign ID="28" langid="1"><![CDATA[W]]></Sign>
     </Signs>
    </Measure>
   </LocalValue>
   <Feature ID="445">
    <Measure ID="44" Sign="">
     <Signs>
      <Sign ID="28" langid="1"><![CDATA[W]]></Sign>
     </Signs>
    </Measure>
    <Name ID="2257" langid="1" Value="Power consumption (typical)"/>
   </Feature>
  </ProductFeature>
  <ProductFeature Localized="0" ID="792852089" Local_ID="0" Value="0.5" CategoryFeature_ID="9930" CategoryFeatureGroup_ID="99" No="100250" Optional="0" Presentation_Value="0.5 W" Translated="0" Mandatory="1" Searchable="0">
   <LocalValue Value="0.5">
    <Measure ID="44">
     <Signs>
      <Sign ID="28" langid="1"><![CDATA[W]]></Sign>
     </Signs>
    </Measure>
   </LocalValue>
   <Feature ID="2036">
    <Measure ID="44" Sign="">
     <Signs>
      <Sign ID="28" langid="1"><![CDATA[W]]></Sign>
     </Signs>
    </Measure>
    <Name ID="9104" langid="1" Value="Power consumption (standby)"/>
   </Feature>
  </ProductFeature>
  <ProductFeature Localized="0" ID="792852088" Local_ID="0" Value="0.3" CategoryFeature_ID="18691" CategoryFeatureGroup_ID="99" No="100220" Optional="0" Presentation_Value="0.3 W" Translated="0" Mandatory="0" Searchable="0">
   <LocalValue Value="0.3">
    <Measure ID="44">
     <Signs>
      <Sign ID="28" langid="1"><![CDATA[W]]></Sign>
     </Signs>
    </Measure>
   </LocalValue>
   <Feature ID="2034">
    <Measure ID="44" Sign="">
     <Signs>
      <Sign ID="28" langid="1"><![CDATA[W]]></Sign>
     </Signs>
    </Measure>
    <Name ID="9098" langid="1" Value="Power consumption (off)"/>
   </Feature>
  </ProductFeature>
  <ProductFeature Localized="0" ID="792852121" Local_ID="0" Value="100 - 240" CategoryFeature_ID="122959" CategoryFeatureGroup_ID="99" No="100200" Optional="0" Presentation_Value="100 - 240 V" Translated="0" Mandatory="0" Searchable="0">
   <LocalValue Value="100 - 240">
    <Measure ID="42">
     <Signs>
      <Sign ID="26" langid="1"><![CDATA[V]]></Sign>
     </Signs>
    </Measure>
   </LocalValue>
   <Feature ID="8491">
    <Measure ID="42" Sign="">
     <Signs>
      <Sign ID="26" langid="1"><![CDATA[V]]></Sign>
     </Signs>
    </Measure>
    <Name ID="711418" langid="1" Value="AC input voltage"/>
   </Feature>
  </ProductFeature>
  <ProductFeature Localized="0" ID="792852120" Local_ID="0" Value="50/60" CategoryFeature_ID="122960" CategoryFeatureGroup_ID="99" No="100190" Optional="0" Presentation_Value="50/60 Hz" Translated="0" Mandatory="0" Searchable="0">
   <LocalValue Value="50/60">
    <Measure ID="36">
     <Signs>
      <Sign ID="20" langid="1"><![CDATA[Hz]]></Sign>
     </Signs>
    </Measure>
   </LocalValue>
   <Feature ID="8484">
    <Measure ID="36" Sign="">
     <Signs>
      <Sign ID="20" langid="1"><![CDATA[Hz]]></Sign>
     </Signs>
    </Measure>
    <Name ID="711064" langid="1" Value="AC input frequency"/>
   </Feature>
  </ProductFeature>
  <ProductFeature Localized="0" ID="792852069" Local_ID="0" Value="Internal" CategoryFeature_ID="120833" CategoryFeatureGroup_ID="99" No="100160" Optional="0" Presentation_Value="Internal" Translated="1" Mandatory="0" Searchable="0">
   <LocalValue Value="Internal">
    <Measure ID="29">
     <Signs/>
    </Measure>
   </LocalValue>
   <Feature ID="514">
    <Measure ID="29" Sign="">
     <Signs/>
    </Measure>
    <Name ID="2559" langid="1" Value="Power supply type"/>
   </Feature>
  </ProductFeature>
  <ProductFeature Localized="0" ID="792852076" Local_ID="0" Value="0 - 40" CategoryFeature_ID="5557" CategoryFeatureGroup_ID="1205" No="100200" Optional="0" Presentation_Value="0 - 40 °C" Translated="0" Mandatory="0" Searchable="0">
   <LocalValue Value="0 - 40">
    <Measure ID="65">
     <Signs>
      <Sign ID="48" langid="1"><![CDATA[°C]]></Sign>
     </Signs>
    </Measure>
   </LocalValue>
   <Feature ID="1112">
    <Measure ID="65" Sign="">
     <Signs>
      <Sign ID="48" langid="1"><![CDATA[°C]]></Sign>
     </Signs>
    </Measure>
    <Name ID="3765" langid="1" Value="Operating temperature (T-T)"/>
   </Feature>
  </ProductFeature>
  <ProductFeature Localized="0" ID="792852072" Local_ID="0" Value="-20 - 60" CategoryFeature_ID="5002" CategoryFeatureGroup_ID="1205" No="100190" Optional="0" Presentation_Value="-20 - 60 °C" Translated="0" Mandatory="0" Searchable="0">
   <LocalValue Value="-20 - 60">
    <Measure ID="65">
     <Signs>
      <Sign ID="48" langid="1"><![CDATA[°C]]></Sign>
     </Signs>
    </Measure>
   </LocalValue>
   <Feature ID="757">
    <Measure ID="65" Sign="">
     <Signs>
      <Sign ID="48" langid="1"><![CDATA[°C]]></Sign>
     </Signs>
    </Measure>
    <Name ID="3045" langid="1" Value="Storage temperature (T-T)"/>
   </Feature>
  </ProductFeature>
  <ProductFeature Localized="0" ID="792852071" Local_ID="0" Value="20 - 80" CategoryFeature_ID="4997" CategoryFeatureGroup_ID="1205" No="100180" Optional="0" Presentation_Value="20 - 80%" Translated="0" Mandatory="0" Searchable="0">
   <LocalValue Value="20 - 80">
    <Measure ID="64">
     <Signs>
      <Sign ID="47" langid="1"><![CDATA[%]]></Sign>
     </Signs>
    </Measure>
   </LocalValue>
   <Feature ID="703">
    <Measure ID="64" Sign="">
     <Signs>
      <Sign ID="47" langid="1"><![CDATA[%]]></Sign>
     </Signs>
    </Measure>
    <Name ID="2937" langid="1" Value="Operating relative humidity (H-H)"/>
   </Feature>
  </ProductFeature>
  <ProductFeature Localized="0" ID="792852070" Local_ID="0" Value="0 - 3658" CategoryFeature_ID="17175" CategoryFeatureGroup_ID="1205" No="100160" Optional="0" Presentation_Value="0 - 3658 m" Translated="0" Mandatory="0" Searchable="0">
   <LocalValue Value="0 - 3658">
    <Measure ID="54">
     <Signs>
      <Sign ID="37" langid="1"><![CDATA[m]]></Sign>
     </Signs>
    </Measure>
   </LocalValue>
   <Feature ID="667">
    <Measure ID="54" Sign="">
     <Signs>
      <Sign ID="37" langid="1"><![CDATA[m]]></Sign>
     </Signs>
    </Measure>
    <Name ID="2865" langid="1" Value="Operating altitude"/>
   </Feature>
  </ProductFeature>
  <ProductFeature Localized="0" ID="792852078" Local_ID="0" Value="0 - 12192" CategoryFeature_ID="72545" CategoryFeatureGroup_ID="1205" No="100150" Optional="0" Presentation_Value="0 - 12192 m" Translated="0" Mandatory="0" Searchable="0">
   <LocalValue Value="0 - 12192">
    <Measure ID="54">
     <Signs>
      <Sign ID="37" langid="1"><![CDATA[m]]></Sign>
     </Signs>
    </Measure>
   </LocalValue>
   <Feature ID="1449">
    <Measure ID="54" Sign="">
     <Signs>
      <Sign ID="37" langid="1"><![CDATA[m]]></Sign>
     </Signs>
    </Measure>
    <Name ID="4555" langid="1" Value="Non-operating altitude"/>
   </Feature>
  </ProductFeature>
  <ProductFeature Localized="0" ID="792852100" Local_ID="0" Value="615" CategoryFeature_ID="22203" CategoryFeatureGroup_ID="98" No="100400" Optional="0" Presentation_Value="615 mm" Translated="0" Mandatory="0" Searchable="0">
   <LocalValue Value="615">
    <Measure ID="24">
     <Signs>
      <Sign ID="3" langid="1"><![CDATA[mm]]></Sign>
     </Signs>
    </Measure>
   </LocalValue>
   <Feature ID="4156">
    <Measure ID="24" Sign="">
     <Signs>
      <Sign ID="3" langid="1"><![CDATA[mm]]></Sign>
     </Signs>
    </Measure>
    <Name ID="58907" langid="1" Value="Width (with stand)"/>
   </Feature>
  </ProductFeature>
  <ProductFeature Localized="0" ID="792852103" Local_ID="0" Value="146" CategoryFeature_ID="22162" CategoryFeatureGroup_ID="98" No="100390" Optional="0" Presentation_Value="146 mm" Translated="0" Mandatory="0" Searchable="0">
   <LocalValue Value="146">
    <Measure ID="24">
     <Signs>
      <Sign ID="3" langid="1"><![CDATA[mm]]></Sign>
     </Signs>
    </Measure>
   </LocalValue>
   <Feature ID="4179">
    <Measure ID="24" Sign="">
     <Signs>
      <Sign ID="3" langid="1"><![CDATA[mm]]></Sign>
     </Signs>
    </Measure>
    <Name ID="59098" langid="1" Value="Depth (with stand)"/>
   </Feature>
  </ProductFeature>
  <ProductFeature Localized="0" ID="792852102" Local_ID="0" Value="539" CategoryFeature_ID="22171" CategoryFeatureGroup_ID="98" No="100380" Optional="0" Presentation_Value="539 mm" Translated="0" Mandatory="0" Searchable="0">
   <LocalValue Value="539">
    <Measure ID="24">
     <Signs>
      <Sign ID="3" langid="1"><![CDATA[mm]]></Sign>
     </Signs>
    </Measure>
   </LocalValue>
   <Feature ID="4178">
    <Measure ID="24" Sign="">
     <Signs>
      <Sign ID="3" langid="1"><![CDATA[mm]]></Sign>
     </Signs>
    </Measure>
    <Name ID="59097" langid="1" Value="Height (with stand)"/>
   </Feature>
  </ProductFeature>
  <ProductFeature Localized="0" ID="792852143" Local_ID="0" Value="6230" CategoryFeature_ID="112042" CategoryFeatureGroup_ID="98" No="100370" Optional="0" Presentation_Value="6.23 kg" Translated="0" Mandatory="0" Searchable="0">
   <LocalValue Value="6.23">
    <Measure ID="17">
     <Signs>
      <Sign ID="15505" langid="1"><![CDATA[kg]]></Sign>
     </Signs>
    </Measure>
   </LocalValue>
   <Feature ID="19017">
    <Measure ID="38" Sign="">
     <Signs>
      <Sign ID="22" langid="1"><![CDATA[g]]></Sign>
     </Signs>
    </Measure>
    <Name ID="1427070" langid="1" Value="Weight (with stand)"/>
   </Feature>
  </ProductFeature>
  <ProductFeature Localized="0" ID="792852136" Local_ID="0" Value="615" CategoryFeature_ID="91400" CategoryFeatureGroup_ID="98" No="100360" Optional="0" Presentation_Value="615 mm" Translated="0" Mandatory="0" Searchable="0">
   <LocalValue Value="615">
    <Measure ID="24">
     <Signs>
      <Sign ID="3" langid="1"><![CDATA[mm]]></Sign>
     </Signs>
    </Measure>
   </LocalValue>
   <Feature ID="12576">
    <Measure ID="24" Sign="">
     <Signs>
      <Sign ID="3" langid="1"><![CDATA[mm]]></Sign>
     </Signs>
    </Measure>
    <Name ID="1091757" langid="1" Value="Width (without stand)"/>
   </Feature>
  </ProductFeature>
  <ProductFeature Localized="0" ID="792852137" Local_ID="0" Value="46" CategoryFeature_ID="91489" CategoryFeatureGroup_ID="98" No="100350" Optional="0" Presentation_Value="46 mm" Translated="0" Mandatory="0" Searchable="0">
   <LocalValue Value="46">
    <Measure ID="24">
     <Signs>
      <Sign ID="3" langid="1"><![CDATA[mm]]></Sign>
     </Signs>
    </Measure>
   </LocalValue>
   <Feature ID="12577">
    <Measure ID="24" Sign="">
     <Signs>
      <Sign ID="3" langid="1"><![CDATA[mm]]></Sign>
     </Signs>
    </Measure>
    <Name ID="1091801" langid="1" Value="Depth (without stand)"/>
   </Feature>
  </ProductFeature>
  <ProductFeature Localized="0" ID="792852135" Local_ID="0" Value="361" CategoryFeature_ID="91538" CategoryFeatureGroup_ID="98" No="100340" Optional="0" Presentation_Value="361 mm" Translated="0" Mandatory="0" Searchable="0">
   <LocalValue Value="361">
    <Measure ID="24">
     <Signs>
      <Sign ID="3" langid="1"><![CDATA[mm]]></Sign>
     </Signs>
    </Measure>
   </LocalValue>
   <Feature ID="12574">
    <Measure ID="24" Sign="">
     <Signs>
      <Sign ID="3" langid="1"><![CDATA[mm]]></Sign>
     </Signs>
    </Measure>
    <Name ID="1091712" langid="1" Value="Height (without stand)"/>
   </Feature>
  </ProductFeature>
  <ProductFeature Localized="0" ID="792852134" Local_ID="0" Value="4560" CategoryFeature_ID="684552" CategoryFeatureGroup_ID="98" No="100330" Optional="0" Presentation_Value="4.56 kg" Translated="0" Mandatory="0" Searchable="0">
   <LocalValue Value="4.56">
    <Measure ID="17">
     <Signs>
      <Sign ID="15505" langid="1"><![CDATA[kg]]></Sign>
     </Signs>
    </Measure>
   </LocalValue>
   <Feature ID="12573">
    <Measure ID="38" Sign="">
     <Signs>
      <Sign ID="22" langid="1"><![CDATA[g]]></Sign>
     </Signs>
    </Measure>
    <Name ID="1091668" langid="1" Value="Weight (without stand)"/>
   </Feature>
  </ProductFeature>
  <ProductFeature Localized="0" ID="792852097" Local_ID="0" Value="730" CategoryFeature_ID="22179" CategoryFeatureGroup_ID="23760" No="100360" Optional="0" Presentation_Value="730 mm" Translated="0" Mandatory="0" Searchable="0">
   <LocalValue Value="730">
    <Measure ID="24">
     <Signs>
      <Sign ID="3" langid="1"><![CDATA[mm]]></Sign>
     </Signs>
    </Measure>
   </LocalValue>
   <Feature ID="3808">
    <Measure ID="24" Sign="">
     <Signs>
      <Sign ID="3" langid="1"><![CDATA[mm]]></Sign>
     </Signs>
    </Measure>
    <Name ID="44095" langid="1" Value="Package width"/>
   </Feature>
  </ProductFeature>
  <ProductFeature Localized="0" ID="792852095" Local_ID="0" Value="139" CategoryFeature_ID="22177" CategoryFeatureGroup_ID="23760" No="100350" Optional="0" Presentation_Value="139 mm" Translated="0" Mandatory="0" Searchable="0">
   <LocalValue Value="139">
    <Measure ID="24">
     <Signs>
      <Sign ID="3" langid="1"><![CDATA[mm]]></Sign>
     </Signs>
    </Measure>
   </LocalValue>
   <Feature ID="3806">
    <Measure ID="24" Sign="">
     <Signs>
      <Sign ID="3" langid="1"><![CDATA[mm]]></Sign>
     </Signs>
    </Measure>
    <Name ID="44061" langid="1" Value="Package depth"/>
   </Feature>
  </ProductFeature>
  <ProductFeature Localized="0" ID="792852096" Local_ID="0" Value="445" CategoryFeature_ID="22178" CategoryFeatureGroup_ID="23760" No="100340" Optional="0" Presentation_Value="445 mm" Translated="0" Mandatory="0" Searchable="0">
   <LocalValue Value="445">
    <Measure ID="24">
     <Signs>
      <Sign ID="3" langid="1"><![CDATA[mm]]></Sign>
     </Signs>
    </Measure>
   </LocalValue>
   <Feature ID="3807">
    <Measure ID="24" Sign="">
     <Signs>
      <Sign ID="3" langid="1"><![CDATA[mm]]></Sign>
     </Signs>
    </Measure>
    <Name ID="44078" langid="1" Value="Package height"/>
   </Feature>
  </ProductFeature>
  <ProductFeature Localized="0" ID="792852073" Local_ID="0" Value="9120" CategoryFeature_ID="5000" CategoryFeatureGroup_ID="23760" No="100330" Optional="0" Presentation_Value="9.12 kg" Translated="0" Mandatory="0" Searchable="0">
   <LocalValue Value="9.12">
    <Measure ID="17">
     <Signs>
      <Sign ID="15505" langid="1"><![CDATA[kg]]></Sign>
     </Signs>
    </Measure>
   </LocalValue>
   <Feature ID="762">
    <Measure ID="38" Sign="">
     <Signs>
      <Sign ID="22" langid="1"><![CDATA[g]]></Sign>
     </Signs>
    </Measure>
    <Name ID="3055" langid="1" Value="Package weight"/>
   </Feature>
  </ProductFeature>
  <ProductFeature Localized="0" ID="792852128" Local_ID="0" Value="Y" CategoryFeature_ID="123142" CategoryFeatureGroup_ID="49260" No="100500" Optional="0" Presentation_Value="Yes" Translated="1" Mandatory="0" Searchable="0">
   <LocalValue Value="Yes">
    <Measure ID="26">
     <Signs/>
    </Measure>
   </LocalValue>
   <Feature ID="10505">
    <Measure ID="26" Sign="">
     <Signs/>
    </Measure>
    <Name ID="908683" langid="1" Value="Stand included"/>
   </Feature>
  </ProductFeature>
  <ProductFeature Localized="0" ID="792852084" Local_ID="0" Value="DisplayPort,HDMI,Power" CategoryFeature_ID="16133" CategoryFeatureGroup_ID="49260" No="100490" Optional="0" Presentation_Value="DisplayPort, HDMI, Power" Translated="1" Mandatory="0" Searchable="0">
   <LocalValue Value="DisplayPort, HDMI, Power">
    <Measure ID="29">
     <Signs/>
    </Measure>
   </LocalValue>
   <Feature ID="1830">
    <Measure ID="29" Sign="">
     <Signs/>
    </Measure>
    <Name ID="5653" langid="1" Value="Cables included"/>
   </Feature>
  </ProductFeature>
  <ProductFeature Localized="0" ID="792852098" Local_ID="0" Value="Y" CategoryFeature_ID="22173" CategoryFeatureGroup_ID="49260" No="100410" Optional="0" Presentation_Value="Yes" Translated="1" Mandatory="0" Searchable="0">
   <LocalValue Value="Yes">
    <Measure ID="26">
     <Signs/>
    </Measure>
   </LocalValue>
   <Feature ID="3965">
    <Measure ID="26" Sign="">
     <Signs/>
    </Measure>
    <Name ID="56040" langid="1" Value="Manual"/>
   </Feature>
  </ProductFeature>
  <ProductFeature Localized="0" ID="792852156" Local_ID="0" Value="ENERGY STAR,EPEAT" CategoryFeature_ID="603799" CategoryFeatureGroup_ID="72250" No="100040" Optional="0" Presentation_Value="ENERGY STAR, EPEAT" Translated="1" Mandatory="0" Searchable="0">
   <LocalValue Value="ENERGY STAR, EPEAT">
    <Measure ID="29">
     <Signs/>
    </Measure>
   </LocalValue>
   <Feature ID="42513">
    <Measure ID="29" Sign="">
     <Signs/>
    </Measure>
    <Name ID="6876123" langid="1" Value="Sustainability certificates"/>
   </Feature>
  </ProductFeature>
  <ProductFeature Localized="0" ID="792852157" Local_ID="0" Value="PVC/BFR" CategoryFeature_ID="624346" CategoryFeatureGroup_ID="72250" No="100005" Optional="0" Presentation_Value="PVC/BFR" Translated="0" Mandatory="0" Searchable="0">
   <LocalValue Value="PVC/BFR">
    <Measure ID="29">
     <Signs/>
    </Measure>
   </LocalValue>
   <Feature ID="42516">
    <Measure ID="29" Sign="">
     <Signs/>
    </Measure>
    <Name ID="6876321" langid="1" Value="Doesn't contain"/>
   </Feature>
  </ProductFeature>
  <ProductFeature Localized="0" ID="792852163" Local_ID="0" Value="CB" CategoryFeature_ID="953263" CategoryFeatureGroup_ID="8454" No="100000" Optional="0" Presentation_Value="CB" Translated="0" Mandatory="0" Searchable="0">
   <LocalValue Value="CB">
    <Measure ID="29">
     <Signs/>
    </Measure>
   </LocalValue>
   <Feature ID="48024">
    <Measure ID="29" Sign="">
     <Signs/>
    </Measure>
    <Name ID="9134228" langid="1" Value="Compliance certificates"/>
   </Feature>
  </ProductFeature>
  <ProductGallery>
   <ProductPicture IsMain="Y" LowPic="https://images.icecat.biz/img/gallery_lows/4bebb6ecdc92aa3600a7ba33a7d63ebae777b319.jpg" LowPicHeight="200" LowPicWidth="200" LowSize="27030" No="1" Original="https://images.icecat.biz/img/gallery_raw/ac7c0132a1de417a2e0f3cfe464f1a434b38a2c2.png" OriginalSize="2090753" Pic="https://images.icecat.biz/img/gallery/e3830fa5e491593b60d6539cadbef7421b27d831.jpg" Pic500x500="https://images.icecat.biz/img/gallery_mediums/c4a7e60a6e4a07a380bc1ef96ef2043a9e66ccb3.jpg" Pic500x500Height="500" Pic500x500Size="129271" Pic500x500Width="500" PicHeight="2000" PicWidth="2000" ProductPicture_ID="110868212" Size="1445380" ThumbPic="https://images.icecat.biz/img/gallery_thumbs/8fca91769d1ed4a3619bc73678077cff0788e258.jpg" ThumbSize="5704" Type="ProductImage" UpdatedDate="2025-07-27 09:54:11"/>
   <ProductPicture LowPic="https://images.icecat.biz/img/gallery_lows/7c3d544ae489d63b447e02ab0f2615d0302ed223.jpg" LowPicHeight="200" LowPicWidth="200" LowSize="31257" No="2" Original="https://images.icecat.biz/img/gallery_raw/1ffac1a10454fb32aa00517b53073cd548c5625d.png" OriginalSize="2463741" Pic="https://images.icecat.biz/img/gallery/10bdc9bf025b183ce007832844ce8a2ffd76ba68.jpg" Pic500x500="https://images.icecat.biz/img/gallery_mediums/ee82ce2b128edc761031542d6e77a5d9a720ace7.jpg" Pic500x500Height="500" Pic500x500Size="150616" Pic500x500Width="500" PicHeight="2000" PicWidth="2000" ProductPicture_ID="110868213" Size="1591566" ThumbPic="https://images.icecat.biz/img/gallery_thumbs/dccd6dc2dd50f482a3f3a4f78643cd8481b2d5da.jpg" ThumbSize="6631" Type="ProductImage" UpdatedDate="2025-07-27 09:54:11"/>
   <ProductPicture LowPic="https://images.icecat.biz/img/gallery_lows/df618abcc38068be2da4b3a7d1cbe4b886068463.jpg" LowPicHeight="200" LowPicWidth="200" LowSize="27269" No="3" Original="https://images.icecat.biz/img/gallery_raw/25a9fb1b0c59cee0b47643e3aa03fc3de78c044a.png" OriginalSize="2031947" Pic="https://images.icecat.biz/img/gallery/7f79da51512d75e50d457ab977123f8dcc54c2ed.jpg" Pic500x500="https://images.icecat.biz/img/gallery_mediums/c5bfef93ef076d2efd11902f93c3499de2351221.jpg" Pic500x500Height="500" Pic500x500Size="113429" Pic500x500Width="500" PicHeight="2000" PicWidth="2000" ProductPicture_ID="108560115" Size="1311638" ThumbPic="https://images.icecat.biz/img/gallery_thumbs/d8335f2a53d548d8f2c497af9e8a9a37f6eb44af.jpg" ThumbSize="6781" Type="ProductImage" UpdatedDate="2025-09-04 22:54:21"/>
   <ProductPicture LowPic="https://images.icecat.biz/img/gallery_lows/19a786875bf993d8312c94b4b1049527abfb50f9.jpg" LowPicHeight="200" LowPicWidth="200" LowSize="10040" No="4" Original="https://images.icecat.biz/img/gallery_raw/1a2f8f5d385740d5f4809871dfd39fd6de37d052.png" OriginalSize="857736" Pic="https://images.icecat.biz/img/gallery/162fc43724e43eb98e90447b990d1415c2e3ed26.jpg" Pic500x500="https://images.icecat.biz/img/gallery_mediums/02b8e87d578f82d5d69f0f944c319e27c2fb1982.jpg" Pic500x500Height="500" Pic500x500Size="44551" Pic500x500Width="500" PicHeight="2000" PicWidth="2000" ProductPicture_ID="108560113" Size="578465" ThumbPic="https://images.icecat.biz/img/gallery_thumbs/7e64635d5701baa705f0c132806c31400d763a43.jpg" ThumbSize="3023" Type="ProductImage" UpdatedDate="2025-09-04 22:54:21"/>
   <ProductPicture LowPic="https://images.icecat.biz/img/gallery_lows/bf8ff7ffffa840db8fc7b2dca12de072a2a66664.jpg" LowPicHeight="200" LowPicWidth="200" LowSize="37887" No="5" Original="https://images.icecat.biz/img/gallery_raw/6ead5be77378570d72d214fbc1016b478d630c99.webp" OriginalSize="72884" Pic="https://images.icecat.biz/img/gallery/dc349d7c102772c1bc8b642d5f05be65caf62f59.jpg" Pic500x500="https://images.icecat.biz/img/gallery_mediums/a2bb4271caa7b89d9f1966bd3fab983026c671d9.jpg" Pic500x500Height="500" Pic500x500Size="174316" Pic500x500Width="500" PicHeight="1200" PicWidth="1200" ProductPicture_ID="106796046" Size="694936" ThumbPic="https://images.icecat.biz/img/gallery_thumbs/ed7e626b51cc5f2d2e41a62d6f673e463bce6aa2.jpg" ThumbSize="7967" Type="ProductImage" UpdatedDate="2025-07-27 09:54:11"/>
   <ProductPicture LowPic="https://images.icecat.biz/img/gallery_lows/a5c0b4f994bf2e272f1021e7d961620ceb6cb3b5.jpg" LowPicHeight="200" LowPicWidth="200" LowSize="8191" No="6" Original="https://images.icecat.biz/img/gallery_raw/4122cd2c5777a00768e848fea232461e88a3c022.webp" OriginalSize="15298" Pic="https://images.icecat.biz/img/gallery/75eb73521b37e956bf684347d90b6726d012aa08.jpg" Pic500x500="https://images.icecat.biz/img/gallery_mediums/35f91eb463ae425e95deb05d37b3d56ac929042f.jpg" Pic500x500Height="500" Pic500x500Size="38785" Pic500x500Width="500" PicHeight="1200" PicWidth="1200" ProductPicture_ID="106796047" Size="162883" ThumbPic="https://images.icecat.biz/img/gallery_thumbs/a3a2788689496ca3828dadf6a773792f033da375.jpg" ThumbSize="2265" Type="ProductImage" UpdatedDate="2025-07-27 09:54:11"/>
   <ProductPicture LowPic="https://images.icecat.biz/img/gallery_lows/36575592b7932e52e1df638f4393f5b1ab70e721.jpg" LowPicHeight="200" LowPicWidth="200" LowSize="39515" No="7" Original="https://images.icecat.biz/img/gallery_raw/e1606b83405164f5bb37222cbd1c525af5bb6147.webp" OriginalSize="83934" Pic="https://images.icecat.biz/img/gallery/c8878984b05da2ab14ae8bdc838b99cbff662147.jpg" Pic500x500="https://images.icecat.biz/img/gallery_mediums/792d28e0ca721cc92c916152ad9e67dafe849008.jpg" Pic500x500Height="500" Pic500x500Size="183963" Pic500x500Width="500" PicHeight="1200" PicWidth="1200" ProductPicture_ID="106796048" Size="749394" ThumbPic="https://images.icecat.biz/img/gallery_thumbs/775f06ecfc6378f81a224a715da46f6816baff66.jpg" ThumbSize="7989" Type="ProductImage" UpdatedDate="2025-07-27 09:54:11"/>
   <ProductPicture LowPic="https://images.icecat.biz/img/gallery_lows/f0aaa77e94b209dbd35673a23cbda4f34efbfd19.jpg" LowPicHeight="200" LowPicWidth="200" LowSize="9740" No="8" Original="https://images.icecat.biz/img/gallery_raw/0e280c3195dd0c0b453c3f8766bb2ef892ce51b9.webp" OriginalSize="22070" Pic="https://images.icecat.biz/img/gallery/01dd3eab35f4ff7a1e27a43ffbf928eec18d5824.jpg" Pic500x500="https://images.icecat.biz/img/gallery_mediums/a6a19f3cceeffd0e278c022f584a350237d272c1.jpg" Pic500x500Height="500" Pic500x500Size="45573" Pic500x500Width="500" PicHeight="1200" PicWidth="1200" ProductPicture_ID="106796049" Size="193557" ThumbPic="https://images.icecat.biz/img/gallery_thumbs/b723d35b3486aa1730814a59e2c4e337d9b46ec4.jpg" ThumbSize="2682" Type="ProductImage" UpdatedDate="2025-07-27 09:54:11"/>
   <ProductPicture LowPic="https://images.icecat.biz/img/gallery_lows/b2497b75a197bfea56c13b56224f197cabe6b722.jpg" LowPicHeight="200" LowPicWidth="200" LowSize="39858" No="9" Original="https://images.icecat.biz/img/gallery_raw/6aa7fbfcb0957c53d74ee67bfc18b6892503192e.webp" OriginalSize="83704" Pic="https://images.icecat.biz/img/gallery/894e17ea496efc9079eb3ad0f0be2e50f1438699.jpg" Pic500x500="https://images.icecat.biz/img/gallery_mediums/035108244b992ad3435227b884c5bb996efa2b69.jpg" Pic500x500Height="500" Pic500x500Size="184692" Pic500x500Width="500" PicHeight="1200" PicWidth="1200" ProductPicture_ID="106796050" Size="748635" ThumbPic="https://images.icecat.biz/img/gallery_thumbs/092e44dd907acd6b939c77359e7b71699cd94ec6.jpg" ThumbSize="8018" Type="ProductImage" UpdatedDate="2025-07-27 09:54:11"/>
   <ProductPicture LowPic="https://images.icecat.biz/img/gallery_lows/31cda64e54106bfbf114de2447b8c84ad635f8cf.jpg" LowPicHeight="200" LowPicWidth="200" LowSize="5627" No="10" Original="https://images.icecat.biz/img/gallery_raw/56e0b860f25d6a9252ec219ab745da3c792b260c.webp" OriginalSize="10578" Pic="https://images.icecat.biz/img/gallery/339d5b8dcc7733bfe33dcc074e9a0b445a4c3828.jpg" Pic500x500="https://images.icecat.biz/img/gallery_mediums/b8ea7830afe93552aff394012665d12c7b68eb4f.jpg" Pic500x500Height="500" Pic500x500Size="25690" Pic500x500Width="500" PicHeight="1200" PicWidth="1200" ProductPicture_ID="106796051" Size="102340" ThumbPic="https://images.icecat.biz/img/gallery_thumbs/c5d9ffa892a9118eec5e171f34e28288c54314fb.jpg" ThumbSize="1745" Type="ProductImage" UpdatedDate="2025-07-27 09:54:11"/>
   <ProductPicture LowPic="https://images.icecat.biz/img/gallery_lows/bb8cc4bc704bc2bc1e935b1683e9b3f5654e790b.jpg" LowPicHeight="200" LowPicWidth="200" LowSize="6364" No="11" Original="https://images.icecat.biz/img/gallery_raw/53e0d783dbde4af10d546e770249332a180a9323.webp" OriginalSize="10422" Pic="https://images.icecat.biz/img/gallery/a5fdd7001d9502717ece25f89016c1c443e4d49f.jpg" Pic500x500="https://images.icecat.biz/img/gallery_mediums/17948c1448f04608a4ef1b89917e436105c68ea3.jpg" Pic500x500Height="500" Pic500x500Size="23130" Pic500x500Width="500" PicHeight="1200" PicWidth="1200" ProductPicture_ID="106796052" Size="85379" ThumbPic="https://images.icecat.biz/img/gallery_thumbs/ada41b5badb6c7d71bf06683f9a280249067652f.jpg" ThumbSize="1980" Type="ProductImage" UpdatedDate="2025-07-27 09:54:11"/>
   <ProductPicture LowPic="https://images.icecat.biz/img/gallery_lows/832bcbd5e34901e550fc223948ec53dd98f821e9.jpg" LowPicHeight="105" LowPicWidth="200" LowSize="25450" No="12" Original="https://images.icecat.biz/img/gallery_raw/c6988ace26178aae1836b11950c9a0f7fc2d198c.jpeg" OriginalSize="7454291" Pic="https://images.icecat.biz/img/gallery/62b0f0b1f8d1057fa912c8b939056dc05d339856.jpg" Pic500x500="https://images.icecat.biz/img/gallery_mediums/17576b0a0607ad99e2b540c16d32996e51ee5f86.jpg" Pic500x500Height="264" Pic500x500Size="109909" Pic500x500Width="500" PicHeight="4320" PicWidth="8192" ProductPicture_ID="109483116" Size="8676438" ThumbPic="https://images.icecat.biz/img/gallery_thumbs/6dfd5b6222b35d4482969992c7d6a7cf4a2e8047.jpg" ThumbSize="5957" Type="ProductImage" UpdatedDate="2025-07-27 09:54:11"/>
   <ProductPicture LowPic="" LowPicHeight="0" LowPicWidth="0" LowSize="0" No="999" Original="" OriginalSize="0" Pic="https://images.icecat.biz/img/feature_logo/4-8210.png" Pic500x500="" Pic500x500Height="0" Pic500x500Size="0" Pic500x500Width="0" PicHeight="200" PicWidth="195" ProductPicture_ID="4295409808" Size="35338" ThumbPic="https://images.icecat.biz/img/feature_logo_thumbs/4-8210.png" ThumbSize="0" Type="FeatureLogo" UpdatedDate="" langid="1"/>
   <ProductPicture LowPic="" LowPicHeight="0" LowPicWidth="0" LowSize="0" No="999" Original="" OriginalSize="0" Pic="https://images.icecat.biz/img/feature_logo/980-6359.png" Pic500x500="" Pic500x500Height="0" Pic500x500Size="0" Pic500x500Width="0" PicHeight="165" PicWidth="300" ProductPicture_ID="4393010151" Size="27287" ThumbPic="https://images.icecat.biz/img/feature_logo_thumbs/980-6359.png" ThumbSize="0" Type="FeatureLogo" UpdatedDate="" langid="1"/>
   <ProductPicture LowPic="" LowPicHeight="0" LowPicWidth="0" LowSize="0" No="999" Original="" OriginalSize="0" Pic="https://images.icecat.biz/img/feature_logo/1185-3426.png" Pic500x500="" Pic500x500Height="0" Pic500x500Size="0" Pic500x500Width="0" PicHeight="300" PicWidth="300" ProductPicture_ID="4413509808" Size="25841" ThumbPic="https://images.icecat.biz/img/feature_logo_thumbs/1185-3426.png" ThumbSize="0" Type="FeatureLogo" UpdatedDate="" langid="1"/>
  </ProductGallery>
  <ProductMultimediaObject>
   <MultimediaObject ContentType="application/pdf" Date="2025-06-17 10:05:58" Description="EU Energy Label" KeepAsURL="0" MultimediaObject_ID="65155037" Type="EU Energy Label" UUID="3428CBFA-31DF-498D-861E-8DACE66E2CCF" langid="0" Height="0" PreviewHeight="0" PreviewSize="0" PreviewUrl="" PreviewWidth="0" Size="71197" URL="https://objects.icecat.biz/objects/mmo_125095746_1750147556_3419_3059506.pdf" Width="0" LabelType="rescaled" EprelLink="https://eprel.ec.europa.eu/qr/2334852" ConvertedURL="https://objects.icecat.biz/objects/125095746_65155037.jpeg" ConvertedSize="204259" ConvertedContentType="image/jpeg" EprelId="2334852"/>
   <MultimediaObject ContentType="application/pdf" Date="2025-06-01 07:05:41" Description="27B2N3500J/00_QSG_en_GB" KeepAsURL="0" MultimediaObject_ID="64745154" Type="other digital assets" UUID="6188B985-DA11-42CF-AAE9-1E56DA05FFAF" langid="1" Height="0" PreviewHeight="0" PreviewSize="0" PreviewUrl="" PreviewWidth="0" Size="761981" URL="https://objects.icecat.biz/objects/mmo_125095746_1748754341_5599_867588.pdf" Width="0"/>
   <MultimediaObject ContentType="application/pdf" Date="2025-06-01 07:05:46" Description="manual pdf" KeepAsURL="0" MultimediaObject_ID="64745188" Type="manual pdf" UUID="27F70881-78B3-48D5-9696-04FF82883F8C" langid="1" Height="0" PreviewHeight="0" PreviewSize="0" PreviewUrl="" PreviewWidth="0" Size="3371612" URL="https://objects.icecat.biz/objects/mmo_125095746_1748754346_5555_867588.pdf" Width="0"/>
   <MultimediaObject ContentType="application/pdf" Date="2025-09-09 16:19:09" Description="Generated PDF" KeepAsURL="0" MultimediaObject_ID="0" Type="leaflet" UUID="00000000-0000-0000-0000-000000000000" langid="1" Height="0" PreviewHeight="0" PreviewSize="0" PreviewUrl="" PreviewWidth="0" Size="0" URL="https://icecat.biz/rest/product-pdf?productId=125095746&amp;lang=en" Width="0"/>
  </ProductMultimediaObject>
  <ProductRelated ID="0" Category_ID="942" Preferred="0">
   <Product ID="66052550" Prod_id="RGOVLZE4TWSI" ThumbPic="" Name="Monitor arm R-Go Zepher Dual, for two monitors, fully adjustable, 0- 8 kg load capacity, 100% circular, black">
    <Supplier ID="14659" Name="R-Go Tools"/>
   </Product>
   <ProductRelatedLocales>
    <ProductRelatedLocale ID="0" langid="0" Preferred="0" StartDate="" EndDate=""/>
   </ProductRelatedLocales>
  </ProductRelated>
  <ProductRelated ID="0" Category_ID="942" Preferred="0">
   <Product ID="66034473" Prod_id="RGOVLZE4SI" ThumbPic="" Name="Monitor arm R-Go Zepher Single, fully adjustable, 0-8 Kg load capacity, 100% circular, black">
    <Supplier ID="14659" Name="R-Go Tools"/>
   </Product>
   <ProductRelatedLocales>
    <ProductRelatedLocale ID="0" langid="0" Preferred="0" StartDate="" EndDate=""/>
   </ProductRelatedLocales>
  </ProductRelated>
  <ProductRelated ID="0" Category_ID="942" Preferred="0">
   <Product ID="65524526" Prod_id="RGOVLCA4TWSI" ThumbPic="" Name="Monitor arm R-Go Caparo Dual, for two monitors, adjustable with gas spring, 3-9 kg load capacity, 100% circular, black">
    <Supplier ID="14659" Name="R-Go Tools"/>
   </Product>
   <ProductRelatedLocales>
    <ProductRelatedLocale ID="0" langid="0" Preferred="0" StartDate="" EndDate=""/>
   </ProductRelatedLocales>
  </ProductRelated>
  <ProductRelated ID="0" Category_ID="942" Preferred="0">
   <Product ID="65516961" Prod_id="RGOVLCA4SI" ThumbPic="" Name="Monitor arm R-Go Caparo Single, fully adjustable with gas spring, 3-9 kg load capacity, 100% circular, black">
    <Supplier ID="14659" Name="R-Go Tools"/>
   </Product>
   <ProductRelatedLocales>
    <ProductRelatedLocale ID="0" langid="0" Preferred="0" StartDate="" EndDate=""/>
   </ProductRelatedLocales>
  </ProductRelated>
  <ProductRelated ID="0" Category_ID="2918" Preferred="0">
   <Product ID="43582484" Prod_id="77HDMI-030" ThumbPic="" Name="77HDMI-030">
    <Supplier ID="3239" Name="Cables Direct"/>
   </Product>
   <ProductRelatedLocales>
    <ProductRelatedLocale ID="0" langid="0" Preferred="0" StartDate="" EndDate=""/>
   </ProductRelatedLocales>
  </ProductRelated>
  <ProductRelated ID="0" Category_ID="2918" Preferred="0">
   <Product ID="15522343" Prod_id="99HDHS-101H" ThumbPic="" Name="1.5m HDMI, M - M">
    <Supplier ID="3239" Name="Cables Direct"/>
   </Product>
   <ProductRelatedLocales>
    <ProductRelatedLocale ID="0" langid="0" Preferred="0" StartDate="" EndDate=""/>
   </ProductRelatedLocales>
  </ProductRelated>
  <SummaryDescription>
   <ShortSummaryDescription langid="1">Philips 27B2N3500J/00, 68.6 cm (27&quot;), 2560 x 1440 pixels, 2K, LCD, 4 ms, Black</ShortSummaryDescription>
   <LongSummaryDescription langid="1">Philips 27B2N3500J/00. Display diagonal: 68.6 cm (27&quot;), Display resolution: 2560 x 1440 pixels, HD type: 2K, Display technology: LCD, Response time: 4 ms, Native aspect ratio: 16:9, Viewing angle, horizontal: 178°, Viewing angle, vertical: 178°. Built-in speaker(s). Built-in USB hub, USB hub version: 3.2 Gen 1 (3.1 Gen 1). VESA mounting, Height adjustment. Product colour: Black</LongSummaryDescription>
  </SummaryDescription>
  <Supplier ID="25" Name="Philips"/>
  <CatalogObjectCloud>
   <ProductPage QRCodeURL="https://qr.icecat.biz/coc/a70e789e-b82e-4ae6-98f5-d092b4d822ef" URL="https://coc.icecat.biz/a70e789e-b82e-4ae6-98f5-d092b4d822ef"/>
  </CatalogObjectCloud>
  <BrandOrganizations>
   <BrandOwner>
    <Organization ID="746b5ec8-895f-4b31-9389-f174724db4d2" Name="Koninklijke Philips N.V." CountryCode="NL" State="" City="Amsterdam" Street="Amstelplein" HouseNumber="2" ZIP="1096 BC">
     <URLs>
      <URL>https://www.philips-foundation.com/a-w/about-us.html</URL>
     </URLs>
     <Emails/>
    </Organization>
   </BrandOwner>
   <Licensees/>
   <Representatives>
    <Representative ID="172489241077481921">
     <Organization ID="227a9352-bd77-47a3-afa5-1d5e9a0ce924" Name="Philips Danmark A/S" CountryCode="DK" State="" City="Copenhagen" Street="Frederikskaj" HouseNumber="6" ZIP="1780">
      <URLs>
       <URL>https://www.philips.dk/a-w/betingelser</URL>
      </URLs>
      <Emails/>
     </Organization>
    </Representative>
    <Representative ID="172489241077481922">
     <Organization ID="9c8decf5-b002-48de-af6f-bf27bf23bacd" Name="Philips GmbH Market DACH" CountryCode="DE" State="" City="Hamburg" Street="Röntgenstr." HouseNumber="22" ZIP="22335">
      <URLs>
       <URL>https://www.philips.de/a-w/site-owner</URL>
      </URLs>
      <Emails/>
     </Organization>
    </Representative>
    <Representative ID="172489241077481923">
     <Organization ID="8bc82dd9-407d-4a8c-8ade-3bb06e3dbfc6" Name="Philips Nederland B.V." CountryCode="NL" State="" City="Eindhoven" Street="Kantoor Boschdijk" HouseNumber="525" ZIP="5621 JG">
      <URLs>
       <URL>https://www.philips.nl/a-w/gebruiksvoorwaarden</URL>
      </URLs>
      <Emails/>
     </Organization>
    </Representative>
   </Representatives>
  </BrandOrganizations>
 </Product>
</ICECAT-interface>
