<?xml version="1.0" encoding="UTF-8"?>
<!DOCTYPE ICECAT-interface SYSTEM "https://data.icecat.biz/dtd/ICECAT-interface_response.dtd">
<!--source: Icecat.biz 2025-->
<!--Language ID: 1-->
<!--Version: v2-->
<ICECAT-interface xmlns:xsi="http://www.w3.org/2001/XMLSchema-instance" xsi:noNamespaceSchemaLocation="https://data.icecat.biz/xsd/ICECAT-interface_response.xsd">
 <Product Code="1" HighPic="https://inishop.com/img/gallery/88029051_2493583165.jpg" HighPicHeight="355" HighPicSize="21605" HighPicWidth="325" ID="88029051" LowPic="https://inishop.com/img/gallery_lows/88029051_2493583165.jpg" LowPicHeight="200" LowPicSize="8582" LowPicWidth="183" Name="Color Riche Lipstick" IntName="Color Riche Lipstick" LocalName="" Pic500x500="" Pic500x500Height="0" Pic500x500Size="0" Pic500x500Width="0" Prod_id="3054080009061" Quality="ICECAT" ReleaseDate="" ThumbPic="https://inishop.com/img/gallery_thumbs/88029051_2493583165.jpg" ThumbPicSize="2437" Title="L’Oréal Paris Color Riche Lipstick 108 Copper Brown Satin" GeneratedIntTitle="L’Oréal Paris Color Riche Lipstick" GeneratedLocalTitle="L’Oréal Paris Color Riche Lipstick 108 Copper Brown Satin" BrandLocalTitle="">
  <CategoryFeatureGroup ID="19757" No="0">
   <FeatureGroup ID="0">
    <Name ID="5073" langid="1" Value="Technical details"/>
   </FeatureGroup>
  </CategoryFeatureGroup>
  <CategoryFeatureGroup ID="12077" No="-10">
   <FeatureGroup ID="14">
    <Name ID="5023" langid="1" Value="Weight &amp; dimensions"/>
   </FeatureGroup>
  </CategoryFeatureGroup>
  <CategoryFeatureGroup ID="76612" No="0">
   <FeatureGroup ID="67">
    <Name ID="27423" langid="1" Value="Packaging data"/>
   </FeatureGroup>
  </CategoryFeatureGroup>
  <CategoryFeatureGroup ID="43452" No="0">
   <FeatureGroup ID="76">
    <Name ID="28540" langid="1" Value="Certificates"/>
   </FeatureGroup>
  </CategoryFeatureGroup>
  <CategoryFeatureGroup ID="15807" No="-30">
   <FeatureGroup ID="116">
    <Name ID="78852" langid="1" Value="Packaging content"/>
   </FeatureGroup>
  </CategoryFeatureGroup>
  <CategoryFeatureGroup ID="55448" No="0">
   <FeatureGroup ID="143">
    <Name ID="618812" langid="1" Value="Battery"/>
   </FeatureGroup>
  </CategoryFeatureGroup>
  <CategoryFeatureGroup ID="26280" No="0">
   <FeatureGroup ID="146">
    <Name ID="624346" langid="1" Value="Other features"/>
   </FeatureGroup>
  </CategoryFeatureGroup>
  <CategoryFeatureGroup ID="12078" No="100">
   <FeatureGroup ID="185">
    <Name ID="1219853" langid="1" Value="Features"/>
   </FeatureGroup>
  </CategoryFeatureGroup>
  <CategoryFeatureGroup ID="28210" No="-40">
   <FeatureGroup ID="198">
    <Name ID="1788927" langid="1" Value="Logistics data"/>
   </FeatureGroup>
  </CategoryFeatureGroup>
  <CategoryFeatureGroup ID="61974" No="0">
   <FeatureGroup ID="232">
    <Name ID="3464238" langid="1" Value="Supplier features"/>
   </FeatureGroup>
  </CategoryFeatureGroup>
  <CategoryFeatureGroup ID="77427" No="0">
   <FeatureGroup ID="279">
    <Name ID="7392238" langid="1" Value="Sustainability"/>
   </FeatureGroup>
  </CategoryFeatureGroup>
  <Category ID="3005">
   <Name ID="3729538" langid="1" Value="Lipsticks"/>
  </Category>
  <EANCode EAN="3054080009061" Format="GTIN-13" IsApproved="1"/>
  <ReleaseDate/>
  <EndOfLifeDate/>
  <ReasonsToBuy/>
  <BulletPoints/>
  <GeneratedBulletPoints>
   <GeneratedBulletPoint Value="Brown 108 1 colours" langid="1" No="1"/>
   <GeneratedBulletPoint Value="Finishing: Satin" langid="1" No="2"/>
   <GeneratedBulletPoint Value="Lipstick effect: Coloring, Nourishing, Softening" langid="1" No="3"/>
  </GeneratedBulletPoints>
  <ProductBundled/>
  <ProductDescription ID="82051835" LongDesc="Indulge in richness beyond compare with our most luxuriously rich color and intensely rich hydration. Colour Riche® Lipcolour is richer, creamier and more moisturizing than ever before. In addition to nourishing ingredients like Omega 3 and Vitamin E, the formula is enriched with Argan Oil to condition and soften lips. Your lips are kept soft, smooth, and ultra-hydrated. With a spectrum of 42 gorgeous shades from bold to nearly nude, Colour Riche® Lipcolour offers a shade that’s perfect for every look and any occasion." ManualPDFSize="0" ManualPDFURL="" MiddleDesc="" PDFSize="0" PDFURL="" ShortDesc="Color Riche Lipstick, 108 Copper Brown" URL="https://www.lorealparisusa.com/en/products/makeup/lips/lip-color/colour-riche-lipcolour.aspx" WarrantyInfo="" langid="1"/>
  <ProductFeature Localized="0" ID="431152980" Local_ID="0" Value="Brown" CategoryFeature_ID="105224" CategoryFeatureGroup_ID="12078" No="10100060" Optional="0" Presentation_Value="Brown" Translated="1" Mandatory="1" Searchable="1">
   <LocalValue Value="Brown">
    <Measure ID="29">
     <Signs/>
    </Measure>
   </LocalValue>
   <Feature ID="17357">
    <Measure ID="29" Sign="">
     <Signs/>
    </Measure>
    <Name ID="1238438" langid="1" Value="Colour group"/>
   </Feature>
  </ProductFeature>
  <ProductFeature Localized="0" ID="431152990" Local_ID="0" Value="108" CategoryFeature_ID="105225" CategoryFeatureGroup_ID="12078" No="100049" Optional="0" Presentation_Value="108" Translated="0" Mandatory="1" Searchable="0">
   <LocalValue Value="108">
    <Measure ID="29">
     <Signs/>
    </Measure>
   </LocalValue>
   <Feature ID="17540">
    <Measure ID="29" Sign="">
     <Signs/>
    </Measure>
    <Name ID="1246677" langid="1" Value="Colour code"/>
   </Feature>
  </ProductFeature>
  <ProductFeature Localized="0" ID="431152995" Local_ID="0" Value="Copper Brown" CategoryFeature_ID="105226" CategoryFeatureGroup_ID="12078" No="100048" Optional="0" Presentation_Value="Copper Brown" Translated="0" Mandatory="1" Searchable="0">
   <LocalValue Value="Copper Brown">
    <Measure ID="29">
     <Signs/>
    </Measure>
   </LocalValue>
   <Feature ID="17956">
    <Measure ID="29" Sign="">
     <Signs/>
    </Measure>
    <Name ID="1296400" langid="1" Value="Colour name"/>
   </Feature>
  </ProductFeature>
  <ProductFeature Localized="0" ID="431153001" Local_ID="0" Value="1" CategoryFeature_ID="145622" CategoryFeatureGroup_ID="12078" No="100045" Optional="0" Presentation_Value="1 colours" Translated="0" Mandatory="1" Searchable="0">
   <LocalValue Value="1">
    <Measure ID="375">
     <Signs>
      <Sign ID="30608" langid="1"><![CDATA[colours]]></Sign>
     </Signs>
    </Measure>
   </LocalValue>
   <Feature ID="3530">
    <Measure ID="375" Sign="">
     <Signs>
      <Sign ID="30608" langid="1"><![CDATA[colours]]></Sign>
     </Signs>
    </Measure>
    <Name ID="33892" langid="1" Value="Number of colours"/>
   </Feature>
  </ProductFeature>
  <ProductFeature Localized="0" ID="835220070" Local_ID="0" Value="Coloring,Nourishing,Softening" CategoryFeature_ID="145874" CategoryFeatureGroup_ID="12078" No="100037" Optional="0" Presentation_Value="Coloring, Nourishing, Softening" Translated="1" Mandatory="1" Searchable="0">
   <LocalValue Value="Coloring, Nourishing, Softening">
    <Measure ID="29">
     <Signs/>
    </Measure>
   </LocalValue>
   <Feature ID="23716">
    <Measure ID="29" Sign="">
     <Signs/>
    </Measure>
    <Name ID="1902180" langid="1" Value="Lipstick effect"/>
   </Feature>
  </ProductFeature>
  <ProductFeature Localized="0" ID="835220068" Local_ID="0" Value="N" CategoryFeature_ID="105228" CategoryFeatureGroup_ID="12078" No="100025" Optional="0" Presentation_Value="No" Translated="1" Mandatory="1" Searchable="0">
   <LocalValue Value="No">
    <Measure ID="26">
     <Signs/>
    </Measure>
   </LocalValue>
   <Feature ID="17996">
    <Measure ID="26" Sign="">
     <Signs/>
    </Measure>
    <Name ID="1351521" langid="1" Value="Sun protection"/>
   </Feature>
  </ProductFeature>
  <ProductFeature Localized="0" ID="431152975" Local_ID="0" Value="Women" CategoryFeature_ID="145869" CategoryFeatureGroup_ID="12078" No="10100095" Optional="0" Presentation_Value="Women" Translated="1" Mandatory="0" Searchable="0">
   <LocalValue Value="Women">
    <Measure ID="29">
     <Signs/>
    </Measure>
   </LocalValue>
   <Feature ID="9202">
    <Measure ID="29" Sign="">
     <Signs/>
    </Measure>
    <Name ID="765619" langid="1" Value="Suitable for"/>
   </Feature>
  </ProductFeature>
  <ProductFeature Localized="0" ID="431152997" Local_ID="0" Value="Satin" CategoryFeature_ID="145871" CategoryFeatureGroup_ID="12078" No="100044" Optional="0" Presentation_Value="Satin" Translated="1" Mandatory="0" Searchable="0">
   <LocalValue Value="Satin">
    <Measure ID="29">
     <Signs/>
    </Measure>
   </LocalValue>
   <Feature ID="12230">
    <Measure ID="29" Sign="">
     <Signs/>
    </Measure>
    <Name ID="1088074" langid="1" Value="Finishing"/>
   </Feature>
  </ProductFeature>
  <ProductFeature Localized="0" ID="835291492" Local_ID="0" Value="Bottle" CategoryFeature_ID="326729" CategoryFeatureGroup_ID="12078" No="100044" Optional="0" Presentation_Value="Bottle" Translated="1" Mandatory="0" Searchable="0">
   <LocalValue Value="Bottle">
    <Measure ID="29">
     <Signs/>
    </Measure>
   </LocalValue>
   <Feature ID="17965">
    <Measure ID="29" Sign="">
     <Signs/>
    </Measure>
    <Name ID="1313226" langid="1" Value="Dispenser type"/>
   </Feature>
  </ProductFeature>
  <ProductFeature Localized="0" ID="835291496" Local_ID="0" Value="High" CategoryFeature_ID="692788" CategoryFeatureGroup_ID="12078" No="100044" Optional="0" Presentation_Value="High" Translated="1" Mandatory="0" Searchable="0">
   <LocalValue Value="High">
    <Measure ID="29">
     <Signs/>
    </Measure>
   </LocalValue>
   <Feature ID="42861">
    <Measure ID="29" Sign="">
     <Signs/>
    </Measure>
    <Name ID="7159681" langid="1" Value="Covering level"/>
   </Feature>
  </ProductFeature>
  <ProductFeature Localized="0" ID="835291498" Local_ID="0" Value="Mechanical (hand winding)" CategoryFeature_ID="326730" CategoryFeatureGroup_ID="12078" No="100043" Optional="0" Presentation_Value="Mechanical (hand winding)" Translated="1" Mandatory="0" Searchable="0">
   <LocalValue Value="Mechanical (hand winding)">
    <Measure ID="29">
     <Signs/>
    </Measure>
   </LocalValue>
   <Feature ID="11027">
    <Measure ID="29" Sign="">
     <Signs/>
    </Measure>
    <Name ID="964679" langid="1" Value="Mechanism type"/>
   </Feature>
  </ProductFeature>
  <ProductFeature Localized="0" ID="459234755" Local_ID="0" Value="1" CategoryFeature_ID="105233" CategoryFeatureGroup_ID="15807" No="99850" Optional="0" Presentation_Value="1 pc(s)" Translated="0" Mandatory="1" Searchable="0">
   <LocalValue Value="1">
    <Measure ID="144">
     <Signs>
      <Sign ID="125" langid="1"><![CDATA[pc(s)]]></Sign>
     </Signs>
    </Measure>
   </LocalValue>
   <Feature ID="5456">
    <Measure ID="144" Sign="">
     <Signs>
      <Sign ID="125" langid="1"><![CDATA[pc(s)]]></Sign>
     </Signs>
    </Measure>
    <Name ID="78359" langid="1" Value="Number of products included"/>
   </Feature>
  </ProductFeature>
  <ProductGallery>
   <ProductPicture IsMain="Y" LowPic="https://inishop.com/img/gallery_lows/88029051_2493583165.jpg" LowPicHeight="200" LowPicWidth="183" LowSize="8582" No="1" Original="https://inishop.com/img/gallery_raw/88029051_2493583165.png" OriginalSize="59270" Pic="https://inishop.com/img/gallery/88029051_2493583165.jpg" Pic500x500="" Pic500x500Height="0" Pic500x500Size="0" Pic500x500Width="0" PicHeight="355" PicWidth="325" ProductPicture_ID="55056381" Size="21605" ThumbPic="https://inishop.com/img/gallery_thumbs/88029051_2493583165.jpg" ThumbSize="2437" Type="ProductImage" UpdatedDate="2021-07-30 13:55:37"/>
  </ProductGallery>
  <ProductMultimediaObject/>
  <ProductRelated ID="214374953" Category_ID="3005" Preferred="0">
   <Product ID="88029091" Prod_id="3054080055846" ThumbPic="" Name="Color Riche Satin 303 Rose Tendre">
    <Supplier ID="9836" Name="L’Oréal Paris"/>
   </Product>
   <ProductRelatedLocales>
    <ProductRelatedLocale ID="0" langid="0" Preferred="0" StartDate="" EndDate=""/>
   </ProductRelatedLocales>
  </ProductRelated>
  <ProductRelated ID="214374905" Category_ID="3005" Preferred="0">
   <Product ID="29910929" Prod_id="3600523185351" ThumbPic="" Name="Color Riche 435 Plum My Nights">
    <Supplier ID="9836" Name="L’Oréal Paris"/>
   </Product>
   <ProductRelatedLocales>
    <ProductRelatedLocale ID="0" langid="0" Preferred="0" StartDate="" EndDate=""/>
   </ProductRelatedLocales>
  </ProductRelated>
  <ProductRelated ID="214374904" Category_ID="3005" Preferred="0">
   <Product ID="25962896" Prod_id="3600521114582" ThumbPic="" Name="CRichNatIntNULOFR/GB/A 231 Sepia/Si">
    <Supplier ID="9836" Name="L’Oréal Paris"/>
   </Product>
   <ProductRelatedLocales>
    <ProductRelatedLocale ID="0" langid="0" Preferred="0" StartDate="" EndDate=""/>
   </ProductRelatedLocales>
  </ProductRelated>
  <ProductRelated ID="214374902" Category_ID="3005" Preferred="0">
   <Product ID="22641534" Prod_id="3600521114605" ThumbPic="" Name="Color Riche Lip 233">
    <Supplier ID="9836" Name="L’Oréal Paris"/>
   </Product>
   <ProductRelatedLocales>
    <ProductRelatedLocale ID="0" langid="0" Preferred="0" StartDate="" EndDate=""/>
   </ProductRelatedLocales>
  </ProductRelated>
  <ProductRelated ID="214374901" Category_ID="3005" Preferred="0">
   <Product ID="22641531" Prod_id="3600521114599" ThumbPic="" Name="Color Riche Lip 232">
    <Supplier ID="9836" Name="L’Oréal Paris"/>
   </Product>
   <ProductRelatedLocales>
    <ProductRelatedLocale ID="0" langid="0" Preferred="0" StartDate="" EndDate=""/>
   </ProductRelatedLocales>
  </ProductRelated>
  <ProductRelated ID="214374900" Category_ID="3005" Preferred="0">
   <Product ID="22641527" Prod_id="3600521342015" ThumbPic="" Name="Color Riche Lip 258">
    <Supplier ID="9836" Name="L’Oréal Paris"/>
   </Product>
   <ProductRelatedLocales>
    <ProductRelatedLocale ID="0" langid="0" Preferred="0" StartDate="" EndDate=""/>
   </ProductRelatedLocales>
  </ProductRelated>
  <SummaryDescription>
   <ShortSummaryDescription langid="1">L’Oréal Paris Color Riche Lipstick, Brown, Copper Brown, 1 colours, Coloring, Nourishing, Softening, Women, Satin</ShortSummaryDescription>
   <LongSummaryDescription langid="1">L’Oréal Paris Color Riche Lipstick. Colour group: Brown, Colour name: Copper Brown, Number of colours: 1 colours. Number of products included: 1 pc(s)</LongSummaryDescription>
  </SummaryDescription>
  <Supplier ID="9836" Name="L’Oréal Paris"/>
  <CatalogObjectCloud/>
  <BrandOrganizations/>
 </Product>
</ICECAT-interface>
