<?xml version="1.0" encoding="UTF-8"?>
<!DOCTYPE ICECAT-interface SYSTEM "https://data.icecat.biz/dtd/ICECAT-interface_response.dtd">
<!--source: Icecat.biz 2025-->
<!--Language ID: 1-->
<!--Version: v2-->
<ICECAT-interface xmlns:xsi="http://www.w3.org/2001/XMLSchema-instance" xsi:noNamespaceSchemaLocation="https://data.icecat.biz/xsd/ICECAT-interface_response.xsd">
 <Product Code="1" HighPic="https://inishop.com/img/gallery/bc3eaa32db1109cb7564621d493ba720fcbb1023.jpg" HighPicHeight="3000" HighPicSize="1363337" HighPicWidth="3000" ID="134704543" LowPic="https://inishop.com/img/gallery_lows/835302aa3a022100c20e1e2712a844c9e200f1b5.jpg" LowPicHeight="200" LowPicSize="37107" LowPicWidth="200" Name="VapoRub Advanced Plus Cough Suppressant and Topical Analgesic Medicated Ointment" IntName="VapoRub" LocalName="VapoRub Advanced Plus Cough Suppressant and Topical Analgesic Medicated Ointment" Pic500x500="https://inishop.com/img/gallery_mediums/20da77378ff88cc05234c9c528a7004b9e962969.jpg" Pic500x500Height="500" Pic500x500Size="151206" Pic500x500Width="500" Prod_id="323900030862" Quality="ICECAT" ReleaseDate="" ThumbPic="https://inishop.com/img/gallery_thumbs/43fae13c995fdc34c6660f29652aa8fe64b96172.jpg" ThumbPicSize="7738" Title="Vicks VapoRub Advanced Plus Cough Suppressant and Topical Analgesic Medicated Ointment" GeneratedIntTitle="Vicks VapoRub cough medicine" GeneratedLocalTitle="Vicks VapoRub cough medicine 80 g External use Adults &amp; Children" BrandLocalTitle="Vicks VapoRub Advanced Plus Cough Suppressant and Topical Analgesic Medicated Ointment">
  <CategoryFeatureGroup ID="67238" No="0">
   <FeatureGroup ID="0">
    <Name ID="5073" langid="1" Value="Technical details"/>
   </FeatureGroup>
  </CategoryFeatureGroup>
  <CategoryFeatureGroup ID="18226" No="1">
   <FeatureGroup ID="67">
    <Name ID="27423" langid="1" Value="Packaging data"/>
   </FeatureGroup>
  </CategoryFeatureGroup>
  <CategoryFeatureGroup ID="42075" No="0">
   <FeatureGroup ID="76">
    <Name ID="28540" langid="1" Value="Certificates"/>
   </FeatureGroup>
  </CategoryFeatureGroup>
  <CategoryFeatureGroup ID="18225" No="-1">
   <FeatureGroup ID="116">
    <Name ID="78852" langid="1" Value="Packaging content"/>
   </FeatureGroup>
  </CategoryFeatureGroup>
  <CategoryFeatureGroup ID="54119" No="0">
   <FeatureGroup ID="143">
    <Name ID="618812" langid="1" Value="Battery"/>
   </FeatureGroup>
  </CategoryFeatureGroup>
  <CategoryFeatureGroup ID="18224" No="5">
   <FeatureGroup ID="185">
    <Name ID="1219853" langid="1" Value="Features"/>
   </FeatureGroup>
  </CategoryFeatureGroup>
  <CategoryFeatureGroup ID="36316" No="0">
   <FeatureGroup ID="198">
    <Name ID="1788927" langid="1" Value="Logistics data"/>
   </FeatureGroup>
  </CategoryFeatureGroup>
  <CategoryFeatureGroup ID="18227" No="3">
   <FeatureGroup ID="200">
    <Name ID="2069494" langid="1" Value="Nutrition facts"/>
   </FeatureGroup>
  </CategoryFeatureGroup>
  <CategoryFeatureGroup ID="60622" No="0">
   <FeatureGroup ID="232">
    <Name ID="3464238" langid="1" Value="Supplier features"/>
   </FeatureGroup>
  </CategoryFeatureGroup>
  <Category ID="5044">
   <Name ID="3731476" langid="1" Value="Cough Medicines"/>
  </Category>
  <EANCode EAN="0323900030862" Format="GTIN-13" IsApproved="1"/>
  <EANCode EAN="323900030862" Format="GTIN-12" IsApproved="1"/>
  <ReleaseDate/>
  <EndOfLifeDate/>
  <ReasonsToBuy/>
  <BulletPoints/>
  <GeneratedBulletPoints/>
  <ProductBundled/>
  <ProductDescription ID="104053036" LongDesc="Vicks VapoRub Advanced Plus is brought to you by Vicks, the World's #1 Selling OTC Cough &amp; Cold Brand*! VapoRub Advanced Plus is a topical cough medicine that is clinicially proven to relieve coughs associated with the common cold. It contains active release vapors that last up to 8 hours and is specially formulated with three active cough suppressants: menthol, camphor, and eucalyptus oil. To use VapoRub Advanced Plus cough rub, rub a thick layer of the medicated ointment on your chest and throat to temporarily relieve cough due to minor throat and bronchial irritation associated with the common cold. Keep clothing loose around throat and chest to allow the Vicks Vapors to reach the nose and mouth and go straight to the source of your cough. Use up to three times daily or as directed by a doctor for soothing and comforting relief. VapoRub Advanced Plus can also be used as a topical analgesic to temporarily relieve minor aches and pains in your muscles and joints. To use for muscle and joint aches and pains: apply to affected area not more than three to four times daily." ManualPDFSize="0" ManualPDFURL="" MiddleDesc="" PDFSize="0" PDFURL="" ShortDesc="Advanced Plus Cough Suppressant and Topical Analgesic Medicated Ointment" URL="https://vicks.com/en-us/shop-products/vapo/vaporub-advanced-plus" WarrantyInfo="" langid="1"/>
  <ProductFeature Localized="0" ID="835291987" Local_ID="0" Value="External use" CategoryFeature_ID="167782" CategoryFeatureGroup_ID="18224" No="10100100" Optional="0" Presentation_Value="External use" Translated="1" Mandatory="1" Searchable="1">
   <LocalValue Value="External use">
    <Measure ID="29">
     <Signs/>
    </Measure>
   </LocalValue>
   <Feature ID="2987">
    <Measure ID="29" Sign="">
     <Signs/>
    </Measure>
    <Name ID="28522" langid="1" Value="Proper use"/>
   </Feature>
  </ProductFeature>
  <ProductFeature Localized="0" ID="835291990" Local_ID="0" Value="Adults &amp; Children" CategoryFeature_ID="167784" CategoryFeatureGroup_ID="18224" No="10100095" Optional="0" Presentation_Value="Adults &amp; Children" Translated="1" Mandatory="1" Searchable="1">
   <LocalValue Value="Adults &amp; Children">
    <Measure ID="29">
     <Signs/>
    </Measure>
   </LocalValue>
   <Feature ID="21228">
    <Measure ID="29" Sign="">
     <Signs/>
    </Measure>
    <Name ID="1689333" langid="1" Value="Target audience"/>
   </Feature>
  </ProductFeature>
  <ProductFeature Localized="0" ID="836205490" Local_ID="0" Value="Ointment" CategoryFeature_ID="167783" CategoryFeatureGroup_ID="18224" No="10100090" Optional="0" Presentation_Value="Ointment" Translated="1" Mandatory="1" Searchable="1">
   <LocalValue Value="Ointment">
    <Measure ID="29">
     <Signs/>
    </Measure>
   </LocalValue>
   <Feature ID="25712">
    <Measure ID="29" Sign="">
     <Signs/>
    </Measure>
    <Name ID="2169362" langid="1" Value="Dosage form"/>
   </Feature>
  </ProductFeature>
  <ProductFeature Localized="0" ID="835292084" Local_ID="0" Value="80" CategoryFeature_ID="167794" CategoryFeatureGroup_ID="18224" No="100250" Optional="0" Presentation_Value="80 g" Translated="0" Mandatory="0" Searchable="0">
   <LocalValue Value="80">
    <Measure ID="38">
     <Signs>
      <Sign ID="22" langid="1"><![CDATA[g]]></Sign>
     </Signs>
    </Measure>
   </LocalValue>
   <Feature ID="5255">
    <Measure ID="38" Sign="">
     <Signs>
      <Sign ID="22" langid="1"><![CDATA[g]]></Sign>
     </Signs>
    </Measure>
    <Name ID="72073" langid="1" Value="Capacity"/>
   </Feature>
  </ProductFeature>
  <ProductFeature Localized="0" ID="835291979" Local_ID="0" Value="2" CategoryFeature_ID="167786" CategoryFeatureGroup_ID="18224" No="100090" Optional="0" Presentation_Value="2 yr(s)" Translated="0" Mandatory="0" Searchable="0">
   <LocalValue Value="2">
    <Measure ID="439">
     <Signs>
      <Sign ID="39428" langid="1"><![CDATA[yr(s)]]></Sign>
     </Signs>
    </Measure>
   </LocalValue>
   <Feature ID="7769">
    <Measure ID="439" Sign="">
     <Signs>
      <Sign ID="39428" langid="1"><![CDATA[yr(s)]]></Sign>
     </Signs>
    </Measure>
    <Name ID="600351" langid="1" Value="Minimum age"/>
   </Feature>
  </ProductFeature>
  <ProductFeature Localized="0" ID="835891015" Local_ID="0" Value="Camphor,Eucalyptus oil,Menthol" CategoryFeature_ID="167796" CategoryFeatureGroup_ID="18224" No="100086" Optional="0" Presentation_Value="Camphor, Eucalyptus oil, Menthol" Translated="1" Mandatory="0" Searchable="0">
   <LocalValue Value="Camphor, Eucalyptus oil, Menthol">
    <Measure ID="29">
     <Signs/>
    </Measure>
   </LocalValue>
   <Feature ID="18005">
    <Measure ID="29" Sign="">
     <Signs/>
    </Measure>
    <Name ID="1353304" langid="1" Value="Constitutive ingredients"/>
   </Feature>
  </ProductFeature>
  <ProductFeature Localized="0" ID="835292091" Local_ID="0" Value="Pot" CategoryFeature_ID="167792" CategoryFeatureGroup_ID="18224" No="100080" Optional="0" Presentation_Value="Pot" Translated="1" Mandatory="0" Searchable="0">
   <LocalValue Value="Pot">
    <Measure ID="29">
     <Signs/>
    </Measure>
   </LocalValue>
   <Feature ID="17965">
    <Measure ID="29" Sign="">
     <Signs/>
    </Measure>
    <Name ID="1313226" langid="1" Value="Dispenser type"/>
   </Feature>
  </ProductFeature>
  <ProductFeature Localized="1" ID="0" Local_ID="554061197" Value="" CategoryFeature_ID="167788" CategoryFeatureGroup_ID="18224" No="99995" Optional="0" Presentation_Value="Camphor (synthetic) 4.8% (Cough suppressant and topical analgesic) Eucalyptus oil 1.2% (Cough suppressant) Menthol 2.6% (Cough suppressant and topical analgesic)" Translated="1" Mandatory="0" Searchable="0">
   <LocalValue Value="Camphor (synthetic) 4.8% (Cough suppressant and topical analgesic) Eucalyptus oil 1.2% (Cough suppressant) Menthol 2.6% (Cough suppressant and topical analgesic)">
    <Measure ID="29">
     <Signs/>
    </Measure>
   </LocalValue>
   <Feature ID="16908">
    <Measure ID="29" Sign="">
     <Signs/>
    </Measure>
    <Name ID="1216897" langid="1" Value="Ingredients"/>
   </Feature>
  </ProductFeature>
  <ProductFeature Localized="1" ID="0" Local_ID="554061198" Value="" CategoryFeature_ID="167790" CategoryFeatureGroup_ID="18224" No="99985" Optional="0" Presentation_Value="Adults and children 2 years and over:&#10;&#10;For cough suppression:&#10;&#10;Rub a thick layer on throat and chest&#10;&#10;Cover with a warm, dry cloth if desired&#10;&#10;Keep clothing loose about throat and chest to help vapors reach the nose and mouth&#10;&#10;Use up to three times daily or as directed by doctor&#10;&#10;For muscle / joint minor aches and pains:&#10;&#10;Apply to affected area not more than 3 to 4 times daily&#10;&#10;Children under 2 years: do not use" Translated="1" Mandatory="0" Searchable="0">
   <LocalValue Value="Adults and children 2 years and over:&#10;&#10;For cough suppression:&#10;&#10;Rub a thick layer on throat and chest&#10;&#10;Cover with a warm, dry cloth if desired&#10;&#10;Keep clothing loose about throat and chest to help vapors reach the nose and mouth&#10;&#10;Use up to three times daily or as directed by doctor&#10;&#10;For muscle / joint minor aches and pains:&#10;&#10;Apply to affected area not more than 3 to 4 times daily&#10;&#10;Children under 2 years: do not use">
    <Measure ID="29">
     <Signs/>
    </Measure>
   </LocalValue>
   <Feature ID="24555">
    <Measure ID="29" Sign="">
     <Signs/>
    </Measure>
    <Name ID="2025750" langid="1" Value="How to use"/>
   </Feature>
  </ProductFeature>
  <ProductGallery>
   <ProductPicture IsMain="Y" LowPic="https://inishop.com/img/gallery_lows/835302aa3a022100c20e1e2712a844c9e200f1b5.jpg" LowPicHeight="200" LowPicWidth="200" LowSize="37107" No="1" Original="https://inishop.com/img/gallery_raw/66e378e527fe57aeeb38b51c0349f40faff50753.png" OriginalSize="2939792" Pic="https://inishop.com/img/gallery/bc3eaa32db1109cb7564621d493ba720fcbb1023.jpg" Pic500x500="https://inishop.com/img/gallery_mediums/20da77378ff88cc05234c9c528a7004b9e962969.jpg" Pic500x500Height="500" Pic500x500Size="151206" Pic500x500Width="500" PicHeight="3000" PicWidth="3000" ProductPicture_ID="117114841" Size="1363337" ThumbPic="https://inishop.com/img/gallery_thumbs/43fae13c995fdc34c6660f29652aa8fe64b96172.jpg" ThumbSize="7738" Type="ProductImage" UpdatedDate="2025-09-09 15:58:11"/>
   <ProductPicture LowPic="https://inishop.com/img/gallery_lows/74f621d51e79060e25a1904661a3d4363346676c.jpg" LowPicHeight="200" LowPicWidth="200" LowSize="44265" No="2" Original="https://inishop.com/img/gallery_raw/b902761aca90bd00e1744c285af4dbab8e90cb19.png" OriginalSize="2261662" Pic="https://inishop.com/img/gallery/274ba36a1c58893dacb96e163b440226098c4d3d.jpg" Pic500x500="https://inishop.com/img/gallery_mediums/b257c36f1c1817396636311fa5aa35b710e12b65.jpg" Pic500x500Height="500" Pic500x500Size="176589" Pic500x500Width="500" PicHeight="2548" PicWidth="2548" ProductPicture_ID="117114875" Size="1029151" ThumbPic="https://inishop.com/img/gallery_thumbs/21f1830a308d1048670eda9433306b1e3a602f97.jpg" ThumbSize="10526" Type="Other" UpdatedDate="2025-09-09 15:58:51" langid="1"/>
   <ProductPicture LowPic="https://inishop.com/img/gallery_lows/4399fae270b7a93ee073b91bcc9bd4109e469782.jpg" LowPicHeight="200" LowPicWidth="200" LowSize="47258" No="3" Original="https://inishop.com/img/gallery_raw/c25d91db7128ecab1258eabdc96d41f286541dff.png" OriginalSize="8071925" Pic="https://inishop.com/img/gallery/1055744353ac1895026216a85eacaa97a8af7b38.jpg" Pic500x500="https://inishop.com/img/gallery_mediums/9cbd2163c7b8f1b40731422349d669a3791fbd1b.jpg" Pic500x500Height="500" Pic500x500Size="225059" Pic500x500Width="500" PicHeight="2548" PicWidth="2548" ProductPicture_ID="117114876" Size="3563391" ThumbPic="https://inishop.com/img/gallery_thumbs/cf349fce0019b527cbeef909f9c44faf3c277561.jpg" ThumbSize="9575" Type="Other" UpdatedDate="2025-09-09 15:58:53" langid="1"/>
   <ProductPicture LowPic="https://inishop.com/img/gallery_lows/b104b788d42d8881d92fe3fdd45368aa8140445d.jpg" LowPicHeight="200" LowPicWidth="200" LowSize="34264" No="4" Original="https://inishop.com/img/gallery_raw/5f62d471024ff6436e21eb47fe6bceb265dc1155.png" OriginalSize="794685" Pic="https://inishop.com/img/gallery/2f98cf362f96d7c905e431fd5e6a77429c9143d2.jpg" Pic500x500="https://inishop.com/img/gallery_mediums/e3d1f9893825009824154cd13f9712284a2d99ce.jpg" Pic500x500Height="500" Pic500x500Size="126002" Pic500x500Width="500" PicHeight="2548" PicWidth="2548" ProductPicture_ID="117114877" Size="837955" ThumbPic="https://inishop.com/img/gallery_thumbs/cc329bce57030343fd089e824c388fa6338da4ea.jpg" ThumbSize="7028" Type="Other" UpdatedDate="2025-09-09 15:58:56" langid="1"/>
   <ProductPicture LowPic="https://inishop.com/img/gallery_lows/696f2ebcca83e7db8de80608ed89a29b8fdac194.jpg" LowPicHeight="200" LowPicWidth="200" LowSize="31292" No="5" Original="https://inishop.com/img/gallery_raw/ac7cf721a6fcd528e49c78af03f21c83638b50c8.png" OriginalSize="673564" Pic="https://inishop.com/img/gallery/e2aa27d0bae79f562406f11431a2b33e5528c674.jpg" Pic500x500="https://inishop.com/img/gallery_mediums/49c2e64d59bd556b202675c529a38d34dc238df4.jpg" Pic500x500Height="500" Pic500x500Size="114292" Pic500x500Width="500" PicHeight="2548" PicWidth="2548" ProductPicture_ID="117114879" Size="650912" ThumbPic="https://inishop.com/img/gallery_thumbs/e6ca5e0b0186a6b9ccacd3336a7f1159005b1024.jpg" ThumbSize="6662" Type="Other" UpdatedDate="2025-09-09 15:59:02" langid="1"/>
  </ProductGallery>
  <ProductMultimediaObject/>
  <ProductRelated/>
  <SummaryDescription>
   <ShortSummaryDescription langid="1">Vicks VapoRub Advanced Plus Cough Suppressant and Topical Analgesic Medicated Ointment, External use, Adults &amp; Children, Ointment, 80 g, 2 yr(s), Camphor, Eucalyptus oil, Menthol</ShortSummaryDescription>
   <LongSummaryDescription langid="1">Vicks VapoRub Advanced Plus Cough Suppressant and Topical Analgesic Medicated Ointment. Proper use: External use, Target audience: Adults &amp; Children, Dosage form: Ointment</LongSummaryDescription>
  </SummaryDescription>
  <Supplier ID="1366" Name="Vicks"/>
  <CatalogObjectCloud/>
  <BrandOrganizations/>
 </Product>
</ICECAT-interface>
