<?xml version="1.0" encoding="UTF-8"?>
<!DOCTYPE ICECAT-interface SYSTEM "https://data.icecat.biz/dtd/ICECAT-interface_response.dtd">
<!--source: Icecat.biz 2025-->
<!--Language ID: 1-->
<!--Version: v2-->
<ICECAT-interface xmlns:xsi="http://www.w3.org/2001/XMLSchema-instance" xsi:noNamespaceSchemaLocation="https://data.icecat.biz/xsd/ICECAT-interface_response.xsd">
 <Product Code="1" HighPic="https://inishop.com/img/gallery/101929079_6099779332.jpg" HighPicHeight="840" HighPicSize="195793" HighPicWidth="840" ID="101929079" LowPic="https://inishop.com/img/gallery_lows/101929079_6099779332.jpg" LowPicHeight="200" LowPicSize="20070" LowPicWidth="200" Name="VapoRub Lavender Cough Suppressant and Topical Analgesic Medicated Ointment" IntName="VapoRub Topical Cough Suppressant Lavender" LocalName="VapoRub Lavender Cough Suppressant and Topical Analgesic Medicated Ointment" Pic500x500="https://inishop.com/img/gallery_mediums/101929079_6099779332.jpg" Pic500x500Height="500" Pic500x500Size="85607" Pic500x500Width="500" Prod_id="323900039209" Quality="ICECAT" ReleaseDate="" ThumbPic="https://inishop.com/img/gallery_thumbs/101929079_6099779332.jpg" ThumbPicSize="4836" Title="Vicks VapoRub Lavender Cough Suppressant and Topical Analgesic Medicated Ointment" GeneratedIntTitle="Vicks VapoRub Topical Cough Suppressant Lavender cough medicine" GeneratedLocalTitle="Vicks VapoRub Topical Cough Suppressant Lavender cough medicine 50 g External use Adults &amp; Children Cream" BrandLocalTitle="Vicks VapoRub Lavender Cough Suppressant and Topical Analgesic Medicated Ointment">
  <CategoryFeatureGroup ID="67238" No="0">
   <FeatureGroup ID="0">
    <Name ID="5073" langid="1" Value="Technical details"/>
   </FeatureGroup>
  </CategoryFeatureGroup>
  <CategoryFeatureGroup ID="18226" No="1">
   <FeatureGroup ID="67">
    <Name ID="27423" langid="1" Value="Packaging data"/>
   </FeatureGroup>
  </CategoryFeatureGroup>
  <CategoryFeatureGroup ID="42075" No="0">
   <FeatureGroup ID="76">
    <Name ID="28540" langid="1" Value="Certificates"/>
   </FeatureGroup>
  </CategoryFeatureGroup>
  <CategoryFeatureGroup ID="18225" No="-1">
   <FeatureGroup ID="116">
    <Name ID="78852" langid="1" Value="Packaging content"/>
   </FeatureGroup>
  </CategoryFeatureGroup>
  <CategoryFeatureGroup ID="54119" No="0">
   <FeatureGroup ID="143">
    <Name ID="618812" langid="1" Value="Battery"/>
   </FeatureGroup>
  </CategoryFeatureGroup>
  <CategoryFeatureGroup ID="18224" No="5">
   <FeatureGroup ID="185">
    <Name ID="1219853" langid="1" Value="Features"/>
   </FeatureGroup>
  </CategoryFeatureGroup>
  <CategoryFeatureGroup ID="36316" No="0">
   <FeatureGroup ID="198">
    <Name ID="1788927" langid="1" Value="Logistics data"/>
   </FeatureGroup>
  </CategoryFeatureGroup>
  <CategoryFeatureGroup ID="18227" No="3">
   <FeatureGroup ID="200">
    <Name ID="2069494" langid="1" Value="Nutrition facts"/>
   </FeatureGroup>
  </CategoryFeatureGroup>
  <CategoryFeatureGroup ID="60622" No="0">
   <FeatureGroup ID="232">
    <Name ID="3464238" langid="1" Value="Supplier features"/>
   </FeatureGroup>
  </CategoryFeatureGroup>
  <Category ID="5044">
   <Name ID="3731476" langid="1" Value="Cough Medicines"/>
  </Category>
  <EANCode EAN="0323900039209" Format="GTIN-13" IsApproved="1"/>
  <EANCode EAN="323900039209" Format="GTIN-12" IsApproved="1"/>
  <ReleaseDate/>
  <EndOfLifeDate/>
  <ReasonsToBuy/>
  <BulletPoints>
   <BulletPoint Value="On chest and throat, temporarily relieves cough due to minor throat and bronchial irritation associated with the common cold" langid="1" No="1"/>
   <BulletPoint Value="On muscles and joints, temporarily relieves minor aches and pains of muscles and joints" langid="1" No="2"/>
  </BulletPoints>
  <GeneratedBulletPoints/>
  <ProductBundled/>
  <ProductDescription ID="88440160" LongDesc="Vicks® VapoRub Topical Cough Suppressant with Lavender Scent is a chest rub that treats coughs and minor aches and pains. VapoRub has 3 active cough suppressants that are clinically proven to relieve coughs. Apply VapoRub topically to your chest or neck and the cough relief starts working instantly.&lt;br&gt;&lt;br&gt;VapoRub now comes in Lavender Scent made with Lavender Essential Oil. VapoRub Lavender Scent provides soothing cough relief for ages 2 and up so they can sleep.&lt;br&gt;&lt;br&gt;&lt;br&gt;&lt;br&gt;" ManualPDFSize="0" ManualPDFURL="" MiddleDesc="" PDFSize="0" PDFURL="" ShortDesc="VapoRub™ Topical Cough Suppressant with Lavender Scent 50g" URL="https://vicks.com/en-us/shop-products/vaporub/vicks-vaporub-topical-cough-suppressant-with-lavender-scent" WarrantyInfo="" langid="1"/>
  <ProductFeature Localized="0" ID="503404322" Local_ID="0" Value="External use" CategoryFeature_ID="167782" CategoryFeatureGroup_ID="18224" No="10100100" Optional="0" Presentation_Value="External use" Translated="1" Mandatory="1" Searchable="1">
   <LocalValue Value="External use">
    <Measure ID="29">
     <Signs/>
    </Measure>
   </LocalValue>
   <Feature ID="2987">
    <Measure ID="29" Sign="">
     <Signs/>
    </Measure>
    <Name ID="28522" langid="1" Value="Proper use"/>
   </Feature>
  </ProductFeature>
  <ProductFeature Localized="0" ID="503404339" Local_ID="0" Value="Adults &amp; Children" CategoryFeature_ID="167784" CategoryFeatureGroup_ID="18224" No="10100095" Optional="0" Presentation_Value="Adults &amp; Children" Translated="1" Mandatory="1" Searchable="1">
   <LocalValue Value="Adults &amp; Children">
    <Measure ID="29">
     <Signs/>
    </Measure>
   </LocalValue>
   <Feature ID="21228">
    <Measure ID="29" Sign="">
     <Signs/>
    </Measure>
    <Name ID="1689333" langid="1" Value="Target audience"/>
   </Feature>
  </ProductFeature>
  <ProductFeature Localized="0" ID="503404801" Local_ID="0" Value="Cream (substance)" CategoryFeature_ID="167783" CategoryFeatureGroup_ID="18224" No="10100090" Optional="0" Presentation_Value="Cream" Translated="1" Mandatory="1" Searchable="1">
   <LocalValue Value="Cream">
    <Measure ID="29">
     <Signs/>
    </Measure>
   </LocalValue>
   <Feature ID="25712">
    <Measure ID="29" Sign="">
     <Signs/>
    </Measure>
    <Name ID="2169362" langid="1" Value="Dosage form"/>
   </Feature>
  </ProductFeature>
  <ProductFeature Localized="0" ID="503404406" Local_ID="0" Value="50" CategoryFeature_ID="167794" CategoryFeatureGroup_ID="18224" No="100250" Optional="0" Presentation_Value="50 g" Translated="0" Mandatory="0" Searchable="0">
   <LocalValue Value="50">
    <Measure ID="38">
     <Signs>
      <Sign ID="22" langid="1"><![CDATA[g]]></Sign>
     </Signs>
    </Measure>
   </LocalValue>
   <Feature ID="5255">
    <Measure ID="38" Sign="">
     <Signs>
      <Sign ID="22" langid="1"><![CDATA[g]]></Sign>
     </Signs>
    </Measure>
    <Name ID="72073" langid="1" Value="Capacity"/>
   </Feature>
  </ProductFeature>
  <ProductFeature Localized="0" ID="836284207" Local_ID="0" Value="2" CategoryFeature_ID="167786" CategoryFeatureGroup_ID="18224" No="100090" Optional="0" Presentation_Value="2 yr(s)" Translated="0" Mandatory="0" Searchable="0">
   <LocalValue Value="2">
    <Measure ID="439">
     <Signs>
      <Sign ID="39428" langid="1"><![CDATA[yr(s)]]></Sign>
     </Signs>
    </Measure>
   </LocalValue>
   <Feature ID="7769">
    <Measure ID="439" Sign="">
     <Signs>
      <Sign ID="39428" langid="1"><![CDATA[yr(s)]]></Sign>
     </Signs>
    </Measure>
    <Name ID="600351" langid="1" Value="Minimum age"/>
   </Feature>
  </ProductFeature>
  <ProductFeature Localized="0" ID="836285101" Local_ID="0" Value="Lavender" CategoryFeature_ID="167795" CategoryFeatureGroup_ID="18224" No="100085" Optional="0" Presentation_Value="Lavender" Translated="1" Mandatory="0" Searchable="0">
   <LocalValue Value="Lavender">
    <Measure ID="29">
     <Signs/>
    </Measure>
   </LocalValue>
   <Feature ID="14683">
    <Measure ID="29" Sign="">
     <Signs/>
    </Measure>
    <Name ID="1142582" langid="1" Value="Scent"/>
   </Feature>
  </ProductFeature>
  <ProductFeature Localized="0" ID="503405080" Local_ID="0" Value="Pot" CategoryFeature_ID="167792" CategoryFeatureGroup_ID="18224" No="100080" Optional="0" Presentation_Value="Pot" Translated="1" Mandatory="0" Searchable="0">
   <LocalValue Value="Pot">
    <Measure ID="29">
     <Signs/>
    </Measure>
   </LocalValue>
   <Feature ID="17965">
    <Measure ID="29" Sign="">
     <Signs/>
    </Measure>
    <Name ID="1313226" langid="1" Value="Dispenser type"/>
   </Feature>
  </ProductFeature>
  <ProductFeature Localized="1" ID="0" Local_ID="548713914" Value="" CategoryFeature_ID="167788" CategoryFeatureGroup_ID="18224" No="99995" Optional="0" Presentation_Value="(Purpose) Camphor (synthetic) 4.8% - (Cough suppressant and topical analgesic) Eucalyptus oil 1.2% - (Cough suppressant Menthol 2.6% - (Cough suppressant and topical analgesic)" Translated="1" Mandatory="0" Searchable="0">
   <LocalValue Value="(Purpose) Camphor (synthetic) 4.8% - (Cough suppressant and topical analgesic) Eucalyptus oil 1.2% - (Cough suppressant Menthol 2.6% - (Cough suppressant and topical analgesic)">
    <Measure ID="29">
     <Signs/>
    </Measure>
   </LocalValue>
   <Feature ID="16908">
    <Measure ID="29" Sign="">
     <Signs/>
    </Measure>
    <Name ID="1216897" langid="1" Value="Ingredients"/>
   </Feature>
  </ProductFeature>
  <ProductFeature Localized="1" ID="0" Local_ID="548713918" Value="" CategoryFeature_ID="167790" CategoryFeatureGroup_ID="18224" No="99985" Optional="0" Presentation_Value="Adults and children 2 years and over.&#10;&#10;For cough suppression.&#10;&#10;Rub a thick layer on throat &amp; chest.&#10;&#10;Cover with a warm, dry cloth if desired.&#10;&#10;Keep clothing loose about throat and chest to help vapors reach the nose and mouth.&#10;&#10;Use up to three times daily or as directed by doctor.&#10;&#10;For muscle / joint minor aches and pains apply to affected area not more than 3 to 4 times daily.&#10;&#10;Children under 2 years: do not use." Translated="1" Mandatory="0" Searchable="0">
   <LocalValue Value="Adults and children 2 years and over.&#10;&#10;For cough suppression.&#10;&#10;Rub a thick layer on throat &amp; chest.&#10;&#10;Cover with a warm, dry cloth if desired.&#10;&#10;Keep clothing loose about throat and chest to help vapors reach the nose and mouth.&#10;&#10;Use up to three times daily or as directed by doctor.&#10;&#10;For muscle / joint minor aches and pains apply to affected area not more than 3 to 4 times daily.&#10;&#10;Children under 2 years: do not use.">
    <Measure ID="29">
     <Signs/>
    </Measure>
   </LocalValue>
   <Feature ID="24555">
    <Measure ID="29" Sign="">
     <Signs/>
    </Measure>
    <Name ID="2025750" langid="1" Value="How to use"/>
   </Feature>
  </ProductFeature>
  <ProductGallery>
   <ProductPicture IsMain="Y" LowPic="https://inishop.com/img/gallery_lows/101929079_6099779332.jpg" LowPicHeight="200" LowPicWidth="200" LowSize="20070" No="1" Original="https://inishop.com/img/gallery_raw/101929079_6099779332.png" OriginalSize="325364" Pic="https://inishop.com/img/gallery/101929079_6099779332.jpg" Pic500x500="https://inishop.com/img/gallery_mediums/101929079_6099779332.jpg" Pic500x500Height="500" Pic500x500Size="85607" Pic500x500Width="500" PicHeight="840" PicWidth="840" ProductPicture_ID="66983301" Size="195793" ThumbPic="https://inishop.com/img/gallery_thumbs/101929079_6099779332.jpg" ThumbSize="4836" Type="ProductImage" UpdatedDate="2022-09-21 10:34:24"/>
   <ProductPicture LowPic="https://inishop.com/img/gallery_lows/101929079_4100496521.jpg" LowPicHeight="200" LowPicWidth="200" LowSize="25795" No="2" Original="https://inishop.com/img/gallery_raw/101929079_4100496521.png" OriginalSize="299013" Pic="https://inishop.com/img/gallery/101929079_4100496521.jpg" Pic500x500="https://inishop.com/img/gallery_mediums/101929079_4100496521.jpg" Pic500x500Height="500" Pic500x500Size="108355" Pic500x500Width="500" PicHeight="840" PicWidth="840" ProductPicture_ID="66983302" Size="233787" ThumbPic="https://inishop.com/img/gallery_thumbs/101929079_4100496521.jpg" ThumbSize="5832" Type="ProductImage" UpdatedDate="2022-09-21 10:34:28"/>
   <ProductPicture LowPic="https://inishop.com/img/gallery_lows/101929079_8435314909.jpg" LowPicHeight="200" LowPicWidth="200" LowSize="23739" No="3" Original="https://inishop.com/img/gallery_raw/101929079_8435314909.png" OriginalSize="268952" Pic="https://inishop.com/img/gallery/101929079_8435314909.jpg" Pic500x500="https://inishop.com/img/gallery_mediums/101929079_8435314909.jpg" Pic500x500Height="500" Pic500x500Size="98178" Pic500x500Width="500" PicHeight="840" PicWidth="840" ProductPicture_ID="66983310" Size="213764" ThumbPic="https://inishop.com/img/gallery_thumbs/101929079_8435314909.jpg" ThumbSize="5382" Type="ProductImage" UpdatedDate="2022-09-21 10:34:30"/>
   <ProductPicture LowPic="https://inishop.com/img/gallery_lows/101929079_6443572104.jpg" LowPicHeight="200" LowPicWidth="200" LowSize="25633" No="4" Original="https://inishop.com/img/gallery_raw/101929079_6443572104.png" OriginalSize="326801" Pic="https://inishop.com/img/gallery/101929079_6443572104.jpg" Pic500x500="https://inishop.com/img/gallery_mediums/101929079_6443572104.jpg" Pic500x500Height="500" Pic500x500Size="113413" Pic500x500Width="500" PicHeight="840" PicWidth="840" ProductPicture_ID="66983311" Size="249556" ThumbPic="https://inishop.com/img/gallery_thumbs/101929079_6443572104.jpg" ThumbSize="5688" Type="ProductImage" UpdatedDate="2022-09-21 10:34:31"/>
   <ProductPicture LowPic="https://inishop.com/img/gallery_lows/101929079_0240999987.jpg" LowPicHeight="200" LowPicWidth="200" LowSize="25516" No="5" Original="https://inishop.com/img/gallery_raw/101929079_0240999987.png" OriginalSize="324249" Pic="https://inishop.com/img/gallery/101929079_0240999987.jpg" Pic500x500="https://inishop.com/img/gallery_mediums/101929079_0240999987.jpg" Pic500x500Height="500" Pic500x500Size="112779" Pic500x500Width="500" PicHeight="840" PicWidth="840" ProductPicture_ID="66983314" Size="250021" ThumbPic="https://inishop.com/img/gallery_thumbs/101929079_0240999987.jpg" ThumbSize="5536" Type="ProductImage" UpdatedDate="2022-09-21 10:34:33"/>
   <ProductPicture LowPic="https://inishop.com/img/gallery_lows/101929079_7702351719.jpg" LowPicHeight="200" LowPicWidth="200" LowSize="23586" No="6" Original="https://inishop.com/img/gallery_raw/101929079_7702351719.png" OriginalSize="235805" Pic="https://inishop.com/img/gallery/101929079_7702351719.jpg" Pic500x500="https://inishop.com/img/gallery_mediums/101929079_7702351719.jpg" Pic500x500Height="500" Pic500x500Size="123972" Pic500x500Width="500" PicHeight="840" PicWidth="840" ProductPicture_ID="66983325" Size="276358" ThumbPic="https://inishop.com/img/gallery_thumbs/101929079_7702351719.jpg" ThumbSize="4476" Type="ProductImage" UpdatedDate="2022-09-21 10:34:35"/>
  </ProductGallery>
  <ProductMultimediaObject>
   <MultimediaObject ContentType="application/zip" Date="2024-12-20 07:18:01" Description="ProductStory" KeepAsURL="0" MultimediaObject_ID="61034274" Type="ProductStory" UUID="62FBC997-05EC-4C32-9E20-4C00BEE3C652" langid="1" Height="0" PreviewHeight="0" PreviewSize="0" PreviewUrl="" PreviewWidth="0" Size="2181667" URL="https://inishop.com/objects/mmo_101929079_1734675480_9587_1835460.zip" Width="0"/>
  </ProductMultimediaObject>
  <ProductRelated/>
  <SummaryDescription>
   <ShortSummaryDescription langid="1">Vicks VapoRub Lavender Cough Suppressant and Topical Analgesic Medicated Ointment, External use, Adults &amp; Children, Cream, 50 g, 2 yr(s), Lavender</ShortSummaryDescription>
   <LongSummaryDescription langid="1">Vicks VapoRub Lavender Cough Suppressant and Topical Analgesic Medicated Ointment. Proper use: External use, Target audience: Adults &amp; Children, Dosage form: Cream</LongSummaryDescription>
  </SummaryDescription>
  <Supplier ID="1366" Name="Vicks"/>
  <CatalogObjectCloud/>
  <BrandOrganizations/>
 </Product>
</ICECAT-interface>
