<?xml version="1.0" encoding="UTF-8"?>
<!DOCTYPE ICECAT-interface SYSTEM "https://data.icecat.biz/dtd/ICECAT-interface_response.dtd">
<!--source: Icecat.biz 2025-->
<!--Language ID: 1-->
<!--Version: v2-->
<ICECAT-interface xmlns:xsi="http://www.w3.org/2001/XMLSchema-instance" xsi:noNamespaceSchemaLocation="https://data.icecat.biz/xsd/ICECAT-interface_response.xsd">
 <Product Code="1" HighPic="https://inishop.com/img/gallery/8dd18f02118d6baec95b96a34bf9905fc76f6d77.jpg" HighPicHeight="1000" HighPicSize="602192" HighPicWidth="1000" ID="134703630" LowPic="https://inishop.com/img/gallery_lows/f780f15591a833c6e0b79ccd87754aed16197dae.jpg" LowPicHeight="200" LowPicSize="40846" LowPicWidth="200" Name="The Anna" IntName="The Anna" LocalName="" Pic500x500="https://inishop.com/img/gallery_mediums/d8bf2e8aa6b319d35edf05b5455c7e75e1c99c0c.jpg" Pic500x500Height="500" Pic500x500Size="190146" Pic500x500Width="500" Prod_id="3299" Quality="ICECAT" ReleaseDate="" ThumbPic="https://inishop.com/img/gallery_thumbs/f8e10dd4a351f1df42cffa38ce7ab8c64f34f70a.jpg" ThumbPicSize="8152" Title="Bloom &amp; Wild The Anna Just because" GeneratedIntTitle="Bloom &amp; Wild The Anna" GeneratedLocalTitle="Bloom &amp; Wild The Anna Just because" BrandLocalTitle="">
  <CategoryFeatureGroup ID="67105" No="0">
   <FeatureGroup ID="0">
    <Name ID="5073" langid="1" Value="Technical details"/>
   </FeatureGroup>
  </CategoryFeatureGroup>
  <CategoryFeatureGroup ID="47651" No="0">
   <FeatureGroup ID="14">
    <Name ID="5023" langid="1" Value="Weight &amp; dimensions"/>
   </FeatureGroup>
  </CategoryFeatureGroup>
  <CategoryFeatureGroup ID="43811" No="0">
   <FeatureGroup ID="76">
    <Name ID="28540" langid="1" Value="Certificates"/>
   </FeatureGroup>
  </CategoryFeatureGroup>
  <CategoryFeatureGroup ID="50570" No="0">
   <FeatureGroup ID="116">
    <Name ID="78852" langid="1" Value="Packaging content"/>
   </FeatureGroup>
  </CategoryFeatureGroup>
  <CategoryFeatureGroup ID="55797" No="0">
   <FeatureGroup ID="143">
    <Name ID="618812" langid="1" Value="Battery"/>
   </FeatureGroup>
  </CategoryFeatureGroup>
  <CategoryFeatureGroup ID="24776" No="50">
   <FeatureGroup ID="185">
    <Name ID="1219853" langid="1" Value="Features"/>
   </FeatureGroup>
  </CategoryFeatureGroup>
  <CategoryFeatureGroup ID="37775" No="0">
   <FeatureGroup ID="198">
    <Name ID="1788927" langid="1" Value="Logistics data"/>
   </FeatureGroup>
  </CategoryFeatureGroup>
  <CategoryFeatureGroup ID="62322" No="0">
   <FeatureGroup ID="232">
    <Name ID="3464238" langid="1" Value="Supplier features"/>
   </FeatureGroup>
  </CategoryFeatureGroup>
  <Category ID="4796">
   <Name ID="3731236" langid="1" Value="Fresh Cut Mixed Bouquets &amp; Flowers"/>
  </Category>
  <EANCode/>
  <ReleaseDate/>
  <EndOfLifeDate/>
  <ReasonsToBuy/>
  <BulletPoints>
   <BulletPoint Value="With a dreamy mix of powdery alstroemeria Anna’s like a breath of fresh air" langid="1" No="1"/>
   <BulletPoint Value="15 stems arriving in bud, including alstroemeria, stocks and solidago" langid="1" No="2"/>
   <BulletPoint Value="Delivered through the letterbox" langid="1" No="3"/>
   <BulletPoint Value="Arrives in bud, blooms over 48 hours" langid="1" No="4"/>
   <BulletPoint Value="Flower food and our florists’ arranging tips included, to keep your blooms fresh and happy" langid="1" No="5"/>
  </BulletPoints>
  <GeneratedBulletPoints/>
  <ProductBundled/>
  <ProductDescription ID="104044349" LongDesc="With a dreamy mix of powdery alstroemeria Anna’s like a breath of fresh air. Perfect for any occasion, her long-lasting stems will light up any room for days.&lt;br&gt;&lt;br&gt;Why not add the perfect companion to your bouquet? Our letterbox vase, the newest addition to our range, is tough enough to withstand all of life's moments and flexible enough to fit right in the box with our letterbox flowers. Choose your favourite blooms and then add the vase at checkout." ManualPDFSize="0" ManualPDFURL="" MiddleDesc="" PDFSize="0" PDFURL="" ShortDesc="The Anna" URL="https://www.bloomandwild.com/send-flowers/send/the-anna-lb/3299" WarrantyInfo="" langid="1"/>
  <ProductFeature Localized="0" ID="835244545" Local_ID="0" Value="Fresh cut mixed bouquet" CategoryFeature_ID="935697" CategoryFeatureGroup_ID="24776" No="10100500" Optional="0" Presentation_Value="Fresh cut mixed bouquet" Translated="0" Mandatory="1" Searchable="1">
   <LocalValue Value="Fresh cut mixed bouquet">
    <Measure ID="29">
     <Signs/>
    </Measure>
   </LocalValue>
   <Feature ID="14052">
    <Measure ID="29" Sign="">
     <Signs/>
    </Measure>
    <Name ID="1127664" langid="1" Value="Product type"/>
   </Feature>
  </ProductFeature>
  <ProductFeature Localized="0" ID="835244544" Local_ID="0" Value="Multicolour" CategoryFeature_ID="945016" CategoryFeatureGroup_ID="24776" No="100300" Optional="0" Presentation_Value="Multicolour" Translated="1" Mandatory="0" Searchable="0">
   <LocalValue Value="Multicolour">
    <Measure ID="29">
     <Signs/>
    </Measure>
   </LocalValue>
   <Feature ID="1766">
    <Measure ID="29" Sign="">
     <Signs/>
    </Measure>
    <Name ID="5487" langid="1" Value="Product colour"/>
   </Feature>
  </ProductFeature>
  <ProductFeature Localized="0" ID="835244547" Local_ID="0" Value="Just because" CategoryFeature_ID="221114" CategoryFeatureGroup_ID="24776" No="100250" Optional="0" Presentation_Value="Just because" Translated="1" Mandatory="0" Searchable="0">
   <LocalValue Value="Just because">
    <Measure ID="29">
     <Signs/>
    </Measure>
   </LocalValue>
   <Feature ID="29202">
    <Measure ID="29" Sign="">
     <Signs/>
    </Measure>
    <Name ID="2649586" langid="1" Value="Occasion"/>
   </Feature>
  </ProductFeature>
  <ProductFeature Localized="0" ID="835244626" Local_ID="0" Value="15" CategoryFeature_ID="935698" CategoryFeatureGroup_ID="24776" No="100010" Optional="0" Presentation_Value="15" Translated="0" Mandatory="0" Searchable="0">
   <LocalValue Value="15">
    <Measure ID="29">
     <Signs/>
    </Measure>
   </LocalValue>
   <Feature ID="1675">
    <Measure ID="29" Sign="">
     <Signs/>
    </Measure>
    <Name ID="5223" langid="1" Value="Quantity"/>
   </Feature>
  </ProductFeature>
  <ProductFeature Localized="0" ID="835244546" Local_ID="0" Value="48" CategoryFeature_ID="221116" CategoryFeatureGroup_ID="24776" No="100000" Optional="0" Presentation_Value="48 day(s)" Translated="0" Mandatory="0" Searchable="0">
   <LocalValue Value="48">
    <Measure ID="49">
     <Signs>
      <Sign ID="33" langid="1"><![CDATA[day(s)]]></Sign>
     </Signs>
    </Measure>
   </LocalValue>
   <Feature ID="19213">
    <Measure ID="49" Sign="">
     <Signs>
      <Sign ID="33" langid="1"><![CDATA[day(s)]]></Sign>
     </Signs>
    </Measure>
    <Name ID="1462643" langid="1" Value="Lifespan"/>
   </Feature>
  </ProductFeature>
  <ProductGallery>
   <ProductPicture IsMain="Y" LowPic="https://inishop.com/img/gallery_lows/f780f15591a833c6e0b79ccd87754aed16197dae.jpg" LowPicHeight="200" LowPicWidth="200" LowSize="40846" No="1" Original="https://inishop.com/img/gallery_raw/7fc748bf932de1d6ba5cfbbfd7654dc6a4dfbc0d.webp" OriginalSize="111572" Pic="https://inishop.com/img/gallery/8dd18f02118d6baec95b96a34bf9905fc76f6d77.jpg" Pic500x500="https://inishop.com/img/gallery_mediums/d8bf2e8aa6b319d35edf05b5455c7e75e1c99c0c.jpg" Pic500x500Height="500" Pic500x500Size="190146" Pic500x500Width="500" PicHeight="1000" PicWidth="1000" ProductPicture_ID="117095620" Size="602192" ThumbPic="https://inishop.com/img/gallery_thumbs/f8e10dd4a351f1df42cffa38ce7ab8c64f34f70a.jpg" ThumbSize="8152" Type="ProductImage" UpdatedDate="2025-09-09 11:05:39"/>
   <ProductPicture LowPic="https://inishop.com/img/gallery_lows/f6498bff320f8f6f7cbca6d42b8e4c753319515c.jpg" LowPicHeight="200" LowPicWidth="200" LowSize="41879" No="2" Original="https://inishop.com/img/gallery_raw/ffeab97588acd9c3b17e1dc63a49a6c6666e8d02.webp" OriginalSize="120070" Pic="https://inishop.com/img/gallery/ad9174d492ff2aaa2ed92f9891a77e5cf0525353.jpg" Pic500x500="https://inishop.com/img/gallery_mediums/3d23dcdf7f66970157272c4b13c951d3e19b2d89.jpg" Pic500x500Height="500" Pic500x500Size="202583" Pic500x500Width="500" PicHeight="1000" PicWidth="1000" ProductPicture_ID="117095622" Size="622497" ThumbPic="https://inishop.com/img/gallery_thumbs/275afe93e7a64660fad04ba43a139fa4c2d7e821.jpg" ThumbSize="8215" Type="ProductImageAnnotated" UpdatedDate="2025-09-09 11:05:57" langid="1"/>
   <ProductPicture LowPic="https://inishop.com/img/gallery_lows/20b4f0c0ce2b9b8b61177d3506b6b06a669f1827.jpg" LowPicHeight="200" LowPicWidth="200" LowSize="78497" No="3" Original="https://inishop.com/img/gallery_raw/1fb85ed05915401773057883c95c8c9f9d216af2.webp" OriginalSize="224048" Pic="https://inishop.com/img/gallery/115eba0b5b3dec8b5ee1943a55e80f26748cc3cc.jpg" Pic500x500="https://inishop.com/img/gallery_mediums/89e488657a70e70feaaa16f149f1ca198a47d413.jpg" Pic500x500Height="500" Pic500x500Size="394579" Pic500x500Width="500" PicHeight="1000" PicWidth="1000" ProductPicture_ID="117095623" Size="1226476" ThumbPic="https://inishop.com/img/gallery_thumbs/fec7325a2ab8fc0f0f4fcf408a4797207dd4b14a.jpg" ThumbSize="13837" Type="ProductDetailImage" UpdatedDate="2025-09-09 11:06:03"/>
   <ProductPicture LowPic="https://inishop.com/img/gallery_lows/951637f715d1e12353863942053adc3e3a68c2c2.jpg" LowPicHeight="200" LowPicWidth="200" LowSize="49834" No="4" Original="https://inishop.com/img/gallery_raw/8844288928b2d293ccbe10040af07a3df6fda932.webp" OriginalSize="83816" Pic="https://inishop.com/img/gallery/ea1a725f7dfda333af85ceabcb9155becf943e3d.jpg" Pic500x500="https://inishop.com/img/gallery_mediums/738660079cc5f73e35b4859d7881d25ae76988af.jpg" Pic500x500Height="500" Pic500x500Size="217513" Pic500x500Width="500" PicHeight="1000" PicWidth="1000" ProductPicture_ID="117095626" Size="642030" ThumbPic="https://inishop.com/img/gallery_thumbs/2ab657fb778b5e4409ef243536d7a4433278c0bc.jpg" ThumbSize="10085" Type="LifestyleImage" UpdatedDate="2025-09-09 11:06:38"/>
   <ProductPicture LowPic="https://inishop.com/img/gallery_lows/7586eee62e6534a6feef3066cff098e721fef56d.jpg" LowPicHeight="200" LowPicWidth="200" LowSize="28986" No="5" Original="https://inishop.com/img/gallery_raw/bdc69b0d80b6084720ff4e9426f6259af68b4bef.webp" OriginalSize="26938" Pic="https://inishop.com/img/gallery/4bb5ca2214e2edfb68301f305cd9e48c8aaaddce.jpg" Pic500x500="https://inishop.com/img/gallery_mediums/e79f187578b84f640646bbe64b79bba3b248b5a4.jpg" Pic500x500Height="500" Pic500x500Size="113565" Pic500x500Width="500" PicHeight="1000" PicWidth="1000" ProductPicture_ID="117095627" Size="303466" ThumbPic="https://inishop.com/img/gallery_thumbs/9493605ad9c67f70b9d250672e10b06e059919cb.jpg" ThumbSize="6418" Type="LifestyleImage" UpdatedDate="2025-09-09 11:06:39"/>
  </ProductGallery>
  <ProductMultimediaObject/>
  <ProductRelated/>
  <SummaryDescription>
   <ShortSummaryDescription langid="1">Bloom &amp; Wild The Anna, Fresh cut mixed bouquet, Multicolour, Just because, 48 day(s)</ShortSummaryDescription>
   <LongSummaryDescription langid="1">Bloom &amp; Wild The Anna. Product type: Fresh cut mixed bouquet, Product colour: Multicolour, Occasion: Just because</LongSummaryDescription>
  </SummaryDescription>
  <Supplier ID="43649" Name="Bloom &amp; Wild"/>
  <CatalogObjectCloud/>
  <BrandOrganizations/>
 </Product>
</ICECAT-interface>
