<?xml version="1.0" encoding="UTF-8"?>
<!DOCTYPE ICECAT-interface SYSTEM "https://data.icecat.biz/dtd/ICECAT-interface_response.dtd">
<!--source: Icecat.biz 2025-->
<!--Language ID: 1-->
<!--Version: v2-->
<ICECAT-interface xmlns:xsi="http://www.w3.org/2001/XMLSchema-instance" xsi:noNamespaceSchemaLocation="https://data.icecat.biz/xsd/ICECAT-interface_response.xsd">
 <Product Code="1" HighPic="https://inishop.com/img/gallery/6218df1610e4a14e6c15fcc698548632ee644fd9.jpg" HighPicHeight="534" HighPicSize="43073" HighPicWidth="400" ID="122180062" LowPic="https://inishop.com/img/gallery_lows/e70c16380971c644e14135b1928d33ec0015c893.jpg" LowPicHeight="200" LowPicSize="10550" LowPicWidth="150" Name="Pro 2 Generation 2" IntName="Pro 2 Generation 2" LocalName="" Pic500x500="https://inishop.com/img/gallery_mediums/5a005fb8dfa1388b9251c1445f1988bc44f0210e.jpg" Pic500x500Height="500" Pic500x500Size="39103" Pic500x500Width="375" Prod_id="4009889" Quality="ICECAT" ReleaseDate="" ThumbPic="https://inishop.com/img/gallery_thumbs/8f99ad19c8d4b14d76388af28264750c9c9a19fc.jpg" ThumbPicSize="3241" Title="Satisfyer Pro 2 Generation 2 Sucker vibrator Ambidextrous" GeneratedIntTitle="Satisfyer Pro 2 Generation 2" GeneratedLocalTitle="Satisfyer Pro 2 Generation 2 Sucker vibrator Ambidextrous" BrandLocalTitle="">
  <CategoryFeatureGroup ID="69281" No="-100">
   <FeatureGroup ID="0">
    <Name ID="5073" langid="1" Value="Technical details"/>
   </FeatureGroup>
  </CategoryFeatureGroup>
  <CategoryFeatureGroup ID="28807" No="15">
   <FeatureGroup ID="14">
    <Name ID="5023" langid="1" Value="Weight &amp; dimensions"/>
   </FeatureGroup>
  </CategoryFeatureGroup>
  <CategoryFeatureGroup ID="75451" No="13">
   <FeatureGroup ID="67">
    <Name ID="27423" langid="1" Value="Packaging data"/>
   </FeatureGroup>
  </CategoryFeatureGroup>
  <CategoryFeatureGroup ID="43539" No="-80">
   <FeatureGroup ID="76">
    <Name ID="28540" langid="1" Value="Certificates"/>
   </FeatureGroup>
  </CategoryFeatureGroup>
  <CategoryFeatureGroup ID="28804" No="10">
   <FeatureGroup ID="116">
    <Name ID="78852" langid="1" Value="Packaging content"/>
   </FeatureGroup>
  </CategoryFeatureGroup>
  <CategoryFeatureGroup ID="28805" No="25">
   <FeatureGroup ID="143">
    <Name ID="618812" langid="1" Value="Battery"/>
   </FeatureGroup>
  </CategoryFeatureGroup>
  <CategoryFeatureGroup ID="28803" No="30">
   <FeatureGroup ID="185">
    <Name ID="1219853" langid="1" Value="Features"/>
   </FeatureGroup>
  </CategoryFeatureGroup>
  <CategoryFeatureGroup ID="37543" No="-50">
   <FeatureGroup ID="198">
    <Name ID="1788927" langid="1" Value="Logistics data"/>
   </FeatureGroup>
  </CategoryFeatureGroup>
  <CategoryFeatureGroup ID="62060" No="-90">
   <FeatureGroup ID="232">
    <Name ID="3464238" langid="1" Value="Supplier features"/>
   </FeatureGroup>
  </CategoryFeatureGroup>
  <CategoryFeatureGroup ID="75450" No="18">
   <FeatureGroup ID="256">
    <Name ID="4255461" langid="1" Value="Control unit"/>
   </FeatureGroup>
  </CategoryFeatureGroup>
  <CategoryFeatureGroup ID="79731" No="0">
   <FeatureGroup ID="279">
    <Name ID="7392238" langid="1" Value="Sustainability"/>
   </FeatureGroup>
  </CategoryFeatureGroup>
  <Category ID="7943">
   <Name ID="4449691" langid="1" Value="Vibrators"/>
  </Category>
  <EANCode/>
  <ReleaseDate/>
  <EndOfLifeDate/>
  <ReasonsToBuy/>
  <BulletPoints>
   <BulletPoint Value="Stimulates the clitoris using intense pressure waves without direct contact" langid="1" No="1"/>
   <BulletPoint Value="Made from super-soft, body-friendly, medical-grade silicone that's smooth to the touch and extremely hygienic" langid="1" No="2"/>
   <BulletPoint Value="Thanks to its waterproof (IPX7) finish, this toy can be used safely in water and is easy to clean" langid="1" No="3"/>
   <BulletPoint Value="11 pressure wave intensities Whisper mode" langid="1" No="4"/>
   <BulletPoint Value="Waterproof to rating IPX7 Body-friendly silicone" langid="1" No="5"/>
   <BulletPoint Value="Easy to clean Lithium ion battery" langid="1" No="6"/>
   <BulletPoint Value="15 year warranty Including USB magnetic charging cable" langid="1" No="7"/>
  </BulletPoints>
  <GeneratedBulletPoints/>
  <ProductBundled/>
  <ProductDescription ID="96260583" LongDesc="Our classic and stylish Pro 2 Generation 2 debuts our proprietary Air-Pulse Technology, meant to excite your clitoris into pure bliss. Featuring a whisper quiet motor and a soft silicone head, the Pro 2 Generation 2 sets the mood to reach the peak of your desire.&lt;br&gt;&lt;br&gt;&lt;b&gt;The Satisfyer Pro 2 Generation 2: Pressure wave vibrator with guaranteed orgasms&lt;/b&gt;&lt;br&gt; &lt;br&gt;The Satisfyer Pro 2 Generation 2 is equipped with our innovative Satisfyer Airpulse technology, titillating your clit with gentle or intense waves of pressure. We’ve already sold millions of them because people love the exciting pulsations. This bestseller will give you such explosive orgasms you won’t be able to get a enough of it. It’s never been so easy to keep your sexual wellness in balance.&lt;br&gt;&lt;br&gt;&lt;b&gt;What are some of the other great things about the Satisfyer Pro 2 Generation 2?&lt;/b&gt;&lt;br&gt;&lt;br&gt;Alongside never-before-seen highlights, the next generation of the Satisfyer Pro 2 Generation 2 has an optimized button design that lets you click through 11 exciting levels of pressure waves. It’s also waterproof and can be used discreetly in the bathtub or between the sheets thanks to its whisper-quiet motor. A handy USB charger easily charges the battery, keeping your Satisfyer Pro 2 Generation 2 ready for the next session. For an even more breathtaking experience, you can use water-based lubricant – Satisfyer’s lubricants specially formulated for this product will add to the fun.&lt;br&gt;&lt;br&gt;The soft head made of hygienic silicone is larger and wider, so it envelops your clitoris even better, giving you unique sensations. It’s also easy to clean with soap and water or a sterile cleaner designed for sexual wellness devices. We’re so sure of the quality of our pleasure bringers that we offer a 15 year guarantee. What else is stopping you from taking a spin with this incredibly exciting toy?" ManualPDFSize="0" ManualPDFURL="" MiddleDesc="" PDFSize="0" PDFURL="" ShortDesc="Pro 2 Generation 2, 165 x 46 x 65 mm, 174.7 g, Blue" URL="https://www.satisfyer.com/uk/satisfyer-pro-2-generation-2?number=" WarrantyInfo="" langid="1"/>
  <ProductFeature Localized="0" ID="672715673" Local_ID="0" Value="Sucker vibrator" CategoryFeature_ID="808782" CategoryFeatureGroup_ID="28803" No="10100150" Optional="0" Presentation_Value="Sucker vibrator" Translated="1" Mandatory="1" Searchable="1">
   <LocalValue Value="Sucker vibrator">
    <Measure ID="29">
     <Signs/>
    </Measure>
   </LocalValue>
   <Feature ID="14052">
    <Measure ID="29" Sign="">
     <Signs/>
    </Measure>
    <Name ID="1127664" langid="1" Value="Product type"/>
   </Feature>
  </ProductFeature>
  <ProductFeature Localized="0" ID="672715674" Local_ID="0" Value="Clitoral stimulation" CategoryFeature_ID="808780" CategoryFeatureGroup_ID="28803" No="10100100" Optional="0" Presentation_Value="Clitoral stimulation" Translated="1" Mandatory="1" Searchable="1">
   <LocalValue Value="Clitoral stimulation">
    <Measure ID="29">
     <Signs/>
    </Measure>
   </LocalValue>
   <Feature ID="44730">
    <Measure ID="29" Sign="">
     <Signs/>
    </Measure>
    <Name ID="8023871" langid="1" Value="Stimulation type"/>
   </Feature>
  </ProductFeature>
  <ProductFeature Localized="0" ID="672715676" Local_ID="0" Value="Blue" CategoryFeature_ID="270236" CategoryFeatureGroup_ID="28803" No="10100000" Optional="0" Presentation_Value="Blue" Translated="1" Mandatory="1" Searchable="1">
   <LocalValue Value="Blue">
    <Measure ID="29">
     <Signs/>
    </Measure>
   </LocalValue>
   <Feature ID="1766">
    <Measure ID="29" Sign="">
     <Signs/>
    </Measure>
    <Name ID="5487" langid="1" Value="Product colour"/>
   </Feature>
  </ProductFeature>
  <ProductFeature Localized="0" ID="672715678" Local_ID="0" Value="Acrylonitrile butadiene styrene (ABS),Silicone" CategoryFeature_ID="270245" CategoryFeatureGroup_ID="28803" No="100090" Optional="0" Presentation_Value="Acrylonitrile butadiene styrene (ABS), Silicone" Translated="1" Mandatory="1" Searchable="0">
   <LocalValue Value="Acrylonitrile butadiene styrene (ABS), Silicone">
    <Measure ID="29">
     <Signs/>
    </Measure>
   </LocalValue>
   <Feature ID="898">
    <Measure ID="29" Sign="">
     <Signs/>
    </Measure>
    <Name ID="3337" langid="1" Value="Material"/>
   </Feature>
  </ProductFeature>
  <ProductFeature Localized="0" ID="672715677" Local_ID="0" Value="Straight" CategoryFeature_ID="270233" CategoryFeatureGroup_ID="28803" No="100100" Optional="0" Presentation_Value="Straight" Translated="1" Mandatory="0" Searchable="0">
   <LocalValue Value="Straight">
    <Measure ID="29">
     <Signs/>
    </Measure>
   </LocalValue>
   <Feature ID="9397">
    <Measure ID="29" Sign="">
     <Signs/>
    </Measure>
    <Name ID="776358" langid="1" Value="Shape"/>
   </Feature>
  </ProductFeature>
  <ProductFeature Localized="0" ID="672715684" Local_ID="0" Value="Ambidextrous" CategoryFeature_ID="315245" CategoryFeatureGroup_ID="28803" No="100068" Optional="0" Presentation_Value="Ambidextrous" Translated="1" Mandatory="0" Searchable="0">
   <LocalValue Value="Ambidextrous">
    <Measure ID="29">
     <Signs/>
    </Measure>
   </LocalValue>
   <Feature ID="21183">
    <Measure ID="29" Sign="">
     <Signs/>
    </Measure>
    <Name ID="1683825" langid="1" Value="Hand orientation"/>
   </Feature>
  </ProductFeature>
  <ProductFeature Localized="0" ID="672715685" Local_ID="0" Value="Buttons" CategoryFeature_ID="315247" CategoryFeatureGroup_ID="28803" No="100045" Optional="0" Presentation_Value="Buttons" Translated="1" Mandatory="0" Searchable="0">
   <LocalValue Value="Buttons">
    <Measure ID="29">
     <Signs/>
    </Measure>
   </LocalValue>
   <Feature ID="2651">
    <Measure ID="29" Sign="">
     <Signs/>
    </Measure>
    <Name ID="13446" langid="1" Value="Control type"/>
   </Feature>
  </ProductFeature>
  <ProductFeature Localized="0" ID="835294034" Local_ID="0" Value="11" CategoryFeature_ID="315240" CategoryFeatureGroup_ID="28803" No="100040" Optional="0" Presentation_Value="11" Translated="0" Mandatory="0" Searchable="0">
   <LocalValue Value="11">
    <Measure ID="29">
     <Signs/>
    </Measure>
   </LocalValue>
   <Feature ID="34368">
    <Measure ID="29" Sign="">
     <Signs/>
    </Measure>
    <Name ID="3530643" langid="1" Value="Number of patterns"/>
   </Feature>
  </ProductFeature>
  <ProductFeature Localized="0" ID="672715686" Local_ID="0" Value="Y" CategoryFeature_ID="270246" CategoryFeatureGroup_ID="28803" No="100035" Optional="0" Presentation_Value="Yes" Translated="1" Mandatory="0" Searchable="0">
   <LocalValue Value="Yes">
    <Measure ID="26">
     <Signs/>
    </Measure>
   </LocalValue>
   <Feature ID="7509">
    <Measure ID="26" Sign="">
     <Signs/>
    </Measure>
    <Name ID="566221" langid="1" Value="Waterproof"/>
   </Feature>
  </ProductFeature>
  <ProductFeature Localized="0" ID="672715687" Local_ID="0" Value="Matt" CategoryFeature_ID="315569" CategoryFeatureGroup_ID="28803" No="100030" Optional="0" Presentation_Value="Matt" Translated="1" Mandatory="0" Searchable="0">
   <LocalValue Value="Matt">
    <Measure ID="29">
     <Signs/>
    </Measure>
   </LocalValue>
   <Feature ID="2254">
    <Measure ID="29" Sign="">
     <Signs/>
    </Measure>
    <Name ID="11565" langid="1" Value="Finish type"/>
   </Feature>
  </ProductFeature>
  <ProductFeature Localized="0" ID="672715694" Local_ID="0" Value="Built-in battery" CategoryFeature_ID="270240" CategoryFeatureGroup_ID="28805" No="100170" Optional="0" Presentation_Value="Built-in battery" Translated="1" Mandatory="1" Searchable="0">
   <LocalValue Value="Built-in battery">
    <Measure ID="29">
     <Signs/>
    </Measure>
   </LocalValue>
   <Feature ID="908">
    <Measure ID="29" Sign="">
     <Signs/>
    </Measure>
    <Name ID="3357" langid="1" Value="Battery type"/>
   </Feature>
  </ProductFeature>
  <ProductFeature Localized="0" ID="672715695" Local_ID="0" Value="Lithium-Ion (Li-Ion)" CategoryFeature_ID="270243" CategoryFeatureGroup_ID="28805" No="100017" Optional="0" Presentation_Value="Lithium-Ion (Li-Ion)" Translated="1" Mandatory="0" Searchable="0">
   <LocalValue Value="Lithium-Ion (Li-Ion)">
    <Measure ID="29">
     <Signs/>
    </Measure>
   </LocalValue>
   <Feature ID="434">
    <Measure ID="29" Sign="">
     <Signs/>
    </Measure>
    <Name ID="2235" langid="1" Value="Battery technology"/>
   </Feature>
  </ProductFeature>
  <ProductFeature Localized="0" ID="672715696" Local_ID="0" Value="Y" CategoryFeature_ID="315558" CategoryFeatureGroup_ID="28805" No="100015" Optional="0" Presentation_Value="Yes" Translated="1" Mandatory="0" Searchable="0">
   <LocalValue Value="Yes">
    <Measure ID="26">
     <Signs/>
    </Measure>
   </LocalValue>
   <Feature ID="11194">
    <Measure ID="26" Sign="">
     <Signs/>
    </Measure>
    <Name ID="982701" langid="1" Value="USB charging"/>
   </Feature>
  </ProductFeature>
  <ProductFeature Localized="0" ID="672715689" Local_ID="0" Value="165" CategoryFeature_ID="270247" CategoryFeatureGroup_ID="28807" No="100049" Optional="0" Presentation_Value="165 mm" Translated="0" Mandatory="1" Searchable="0">
   <LocalValue Value="165">
    <Measure ID="24">
     <Signs>
      <Sign ID="3" langid="1"><![CDATA[mm]]></Sign>
     </Signs>
    </Measure>
   </LocalValue>
   <Feature ID="2738">
    <Measure ID="24" Sign="">
     <Signs>
      <Sign ID="3" langid="1"><![CDATA[mm]]></Sign>
     </Signs>
    </Measure>
    <Name ID="13872" langid="1" Value="Length"/>
   </Feature>
  </ProductFeature>
  <ProductFeature Localized="0" ID="672715690" Local_ID="0" Value="46" CategoryFeature_ID="315570" CategoryFeatureGroup_ID="28807" No="100014" Optional="0" Presentation_Value="46 mm" Translated="0" Mandatory="0" Searchable="0">
   <LocalValue Value="46">
    <Measure ID="24">
     <Signs>
      <Sign ID="3" langid="1"><![CDATA[mm]]></Sign>
     </Signs>
    </Measure>
   </LocalValue>
   <Feature ID="1649">
    <Measure ID="24" Sign="">
     <Signs>
      <Sign ID="3" langid="1"><![CDATA[mm]]></Sign>
     </Signs>
    </Measure>
    <Name ID="5143" langid="1" Value="Width"/>
   </Feature>
  </ProductFeature>
  <ProductFeature Localized="0" ID="672715691" Local_ID="0" Value="174.7" CategoryFeature_ID="315246" CategoryFeatureGroup_ID="28807" No="100011" Optional="0" Presentation_Value="174.7 g" Translated="0" Mandatory="0" Searchable="0">
   <LocalValue Value="174.7">
    <Measure ID="38">
     <Signs>
      <Sign ID="22" langid="1"><![CDATA[g]]></Sign>
     </Signs>
    </Measure>
   </LocalValue>
   <Feature ID="94">
    <Measure ID="38" Sign="">
     <Signs>
      <Sign ID="22" langid="1"><![CDATA[g]]></Sign>
     </Signs>
    </Measure>
    <Name ID="1525" langid="1" Value="Weight"/>
   </Feature>
  </ProductFeature>
  <ProductFeature Localized="0" ID="672715692" Local_ID="0" Value="1" CategoryFeature_ID="660396" CategoryFeatureGroup_ID="28804" No="100500" Optional="0" Presentation_Value="1 pc(s)" Translated="0" Mandatory="0" Searchable="0">
   <LocalValue Value="1">
    <Measure ID="144">
     <Signs>
      <Sign ID="125" langid="1"><![CDATA[pc(s)]]></Sign>
     </Signs>
    </Measure>
   </LocalValue>
   <Feature ID="20228">
    <Measure ID="144" Sign="">
     <Signs>
      <Sign ID="125" langid="1"><![CDATA[pc(s)]]></Sign>
     </Signs>
    </Measure>
    <Name ID="1498423" langid="1" Value="Quantity per pack"/>
   </Feature>
  </ProductFeature>
  <ProductFeature Localized="0" ID="672715693" Local_ID="0" Value="Y" CategoryFeature_ID="315244" CategoryFeatureGroup_ID="28804" No="100100" Optional="0" Presentation_Value="Yes" Translated="1" Mandatory="0" Searchable="0">
   <LocalValue Value="Yes">
    <Measure ID="26">
     <Signs/>
    </Measure>
   </LocalValue>
   <Feature ID="3965">
    <Measure ID="26" Sign="">
     <Signs/>
    </Measure>
    <Name ID="56040" langid="1" Value="Manual"/>
   </Feature>
  </ProductFeature>
  <ProductGallery>
   <ProductPicture IsMain="Y" LowPic="https://inishop.com/img/gallery_lows/e70c16380971c644e14135b1928d33ec0015c893.jpg" LowPicHeight="200" LowPicWidth="150" LowSize="10550" No="2" Original="https://inishop.com/img/gallery_raw/1b6a76265d92242501eea0bf64b3663c33baab61.png" OriginalSize="97474" Pic="https://inishop.com/img/gallery/6218df1610e4a14e6c15fcc698548632ee644fd9.jpg" Pic500x500="https://inishop.com/img/gallery_mediums/5a005fb8dfa1388b9251c1445f1988bc44f0210e.jpg" Pic500x500Height="500" Pic500x500Size="39103" Pic500x500Width="375" PicHeight="534" PicWidth="400" ProductPicture_ID="94359077" Size="43073" ThumbPic="https://inishop.com/img/gallery_thumbs/8f99ad19c8d4b14d76388af28264750c9c9a19fc.jpg" ThumbSize="3241" Type="ProductImage" UpdatedDate="2024-08-19 08:27:13"/>
   <ProductPicture LowPic="https://inishop.com/img/gallery_lows/a0ebd4a6b2ee1509b5e15b631a1fab134d858ff5.jpg" LowPicHeight="200" LowPicWidth="96" LowSize="8680" No="3" Original="https://inishop.com/img/gallery_raw/1a1a8f1291e818cc0e327dfcc6dbfdd2ad1a2c7e.png" OriginalSize="112430" Pic="https://inishop.com/img/gallery/3b54f2eed0b814dcf42aac0799b611fb1827e200.jpg" Pic500x500="https://inishop.com/img/gallery_mediums/e14cc07ad9dd29f7bc68a36ee638b65c602d444b.jpg" Pic500x500Height="500" Pic500x500Size="37066" Pic500x500Width="239" PicHeight="873" PicWidth="417" ProductPicture_ID="94359059" Size="100430" ThumbPic="https://inishop.com/img/gallery_thumbs/9cb2d94494ff8bddbc7c328985998dbfb3660627.jpg" ThumbSize="2559" Type="ProductImage" UpdatedDate="2024-08-19 08:27:37"/>
   <ProductPicture LowPic="https://inishop.com/img/gallery_lows/dd733848782364592a4c3a63980ee4d36536ce8b.jpg" LowPicHeight="200" LowPicWidth="200" LowSize="14806" No="4" Original="https://inishop.com/img/gallery_raw/0eb5c93bc4739c32bcb61ccadb839fb7268f44f3.png" OriginalSize="164138" Pic="https://inishop.com/img/gallery/1ceb462d28045e27ca1ae7335594a0f69a035dfd.jpg" Pic500x500="https://inishop.com/img/gallery_mediums/fce672e8c9b22e71636d9261f8226f9cd9362f59.jpg" Pic500x500Height="500" Pic500x500Size="67183" Pic500x500Width="500" PicHeight="880" PicWidth="880" ProductPicture_ID="94359060" Size="190082" ThumbPic="https://inishop.com/img/gallery_thumbs/2c8f8d45bf62b8d2439c3d2afbaa3ff62a019b93.jpg" ThumbSize="3825" Type="ProductImage" UpdatedDate="2024-08-19 08:26:50"/>
   <ProductPicture LowPic="https://inishop.com/img/gallery_lows/785f697e8849c1a5f88c2c19ec52e987.jpg" LowPicHeight="200" LowPicWidth="200" LowSize="22383" No="5" Original="https://inishop.com/img/gallery_raw/785f697e8849c1a5f88c2c19ec52e987.png" OriginalSize="206626" Pic="https://inishop.com/img/gallery/785f697e8849c1a5f88c2c19ec52e987.jpg" Pic500x500="https://inishop.com/img/gallery_mediums/785f697e8849c1a5f88c2c19ec52e987.jpg" Pic500x500Height="500" Pic500x500Size="105977" Pic500x500Width="500" PicHeight="880" PicWidth="880" ProductPicture_ID="94359061" Size="345028" ThumbPic="https://inishop.com/img/gallery_thumbs/785f697e8849c1a5f88c2c19ec52e987.jpg" ThumbSize="4967" Type="ProductPackagingImage" UpdatedDate="2024-08-19 08:26:50"/>
  </ProductGallery>
  <ProductMultimediaObject>
   <MultimediaObject ContentType="text/html" Date="2025-09-09 12:18:37" Description="ProductStory2.0" KeepAsURL="0" MultimediaObject_ID="69144847" Type="ProductStory2.0" UUID="3E74ABE0-2573-440E-BEBB-9FE8B7338FD9" langid="1" Height="0" PreviewHeight="0" PreviewSize="0" PreviewUrl="" PreviewWidth="0" Size="7942" URL="https://inishop.com/objects/mmo_122180062_1757413117_2693_1783492.txt" Width="0"/>
   <MultimediaObject ContentType="application/zip" Date="2025-09-09 12:18:42" Description="ProductStory" KeepAsURL="0" MultimediaObject_ID="69144846" Type="ProductStory" UUID="606792DC-681B-458B-9EF3-7687AB935D56" langid="1" Height="0" PreviewHeight="0" PreviewSize="0" PreviewUrl="" PreviewWidth="0" Size="2760" URL="https://inishop.com/objects/mmo_122180062_1757413122_0352_2006369.zip" Width="0"/>
  </ProductMultimediaObject>
  <ProductRelated/>
  <SummaryDescription>
   <ShortSummaryDescription langid="1">Satisfyer Pro 2 Generation 2, Sucker vibrator, Clitoral stimulation, Blue, Acrylonitrile butadiene styrene (ABS), Silicone, Straight, Ambidextrous</ShortSummaryDescription>
   <LongSummaryDescription langid="1">Satisfyer Pro 2 Generation 2. Product type: Sucker vibrator, Stimulation type: Clitoral stimulation, Product colour: Blue. Battery type: Built-in battery, Battery technology: Lithium-Ion (Li-Ion). Length: 165 mm, Width: 46 mm, Weight: 174.7 g. Quantity per pack: 1 pc(s)</LongSummaryDescription>
  </SummaryDescription>
  <Supplier ID="32091" Name="Satisfyer"/>
  <CatalogObjectCloud/>
  <BrandOrganizations/>
 </Product>
</ICECAT-interface>
