<?xml version="1.0" encoding="UTF-8"?>
<!DOCTYPE ICECAT-interface SYSTEM "https://data.icecat.biz/dtd/ICECAT-interface_response.dtd">
<!--source: Icecat.biz 2025-->
<!--Language ID: 1-->
<!--Version: v2-->
<ICECAT-interface xmlns:xsi="http://www.w3.org/2001/XMLSchema-instance" xsi:noNamespaceSchemaLocation="https://data.icecat.biz/xsd/ICECAT-interface_response.xsd">
 <Product Code="1" HighPic="https://inishop.com/img/gallery/699b56f9f545c9d42ec4ee0e410e82a9f8fb9d99.jpg" HighPicHeight="775" HighPicSize="148258" HighPicWidth="612" ID="119541034" LowPic="https://inishop.com/img/gallery_lows/4de5549527cd903daa4943a9b710330bd45da816.jpg" LowPicHeight="200" LowPicSize="15795" LowPicWidth="158" Name="LAYA III" IntName="LAYA III" LocalName="" Pic500x500="https://inishop.com/img/gallery_mediums/4ae9c24a95d5344aa26ead73d568f2a0e0bba0f4.jpg" Pic500x500Height="500" Pic500x500Size="68557" Pic500x500Width="395" Prod_id="46011" Quality="ICECAT" ReleaseDate="" ThumbPic="https://inishop.com/img/gallery_thumbs/bde1dead3eb1c8601fbff80c45381e5533e282f8.jpg" ThumbPicSize="3943" Title="Fun Factory LAYA III Mini vibrator Ambidextrous" GeneratedIntTitle="Fun Factory LAYA III" GeneratedLocalTitle="Fun Factory LAYA III Mini vibrator Ambidextrous" BrandLocalTitle="">
  <CategoryFeatureGroup ID="69281" No="-100">
   <FeatureGroup ID="0">
    <Name ID="5073" langid="1" Value="Technical details"/>
   </FeatureGroup>
  </CategoryFeatureGroup>
  <CategoryFeatureGroup ID="28807" No="15">
   <FeatureGroup ID="14">
    <Name ID="5023" langid="1" Value="Weight &amp; dimensions"/>
   </FeatureGroup>
  </CategoryFeatureGroup>
  <CategoryFeatureGroup ID="75451" No="13">
   <FeatureGroup ID="67">
    <Name ID="27423" langid="1" Value="Packaging data"/>
   </FeatureGroup>
  </CategoryFeatureGroup>
  <CategoryFeatureGroup ID="43539" No="-80">
   <FeatureGroup ID="76">
    <Name ID="28540" langid="1" Value="Certificates"/>
   </FeatureGroup>
  </CategoryFeatureGroup>
  <CategoryFeatureGroup ID="28804" No="10">
   <FeatureGroup ID="116">
    <Name ID="78852" langid="1" Value="Packaging content"/>
   </FeatureGroup>
  </CategoryFeatureGroup>
  <CategoryFeatureGroup ID="28805" No="25">
   <FeatureGroup ID="143">
    <Name ID="618812" langid="1" Value="Battery"/>
   </FeatureGroup>
  </CategoryFeatureGroup>
  <CategoryFeatureGroup ID="28803" No="30">
   <FeatureGroup ID="185">
    <Name ID="1219853" langid="1" Value="Features"/>
   </FeatureGroup>
  </CategoryFeatureGroup>
  <CategoryFeatureGroup ID="37543" No="-50">
   <FeatureGroup ID="198">
    <Name ID="1788927" langid="1" Value="Logistics data"/>
   </FeatureGroup>
  </CategoryFeatureGroup>
  <CategoryFeatureGroup ID="62060" No="-90">
   <FeatureGroup ID="232">
    <Name ID="3464238" langid="1" Value="Supplier features"/>
   </FeatureGroup>
  </CategoryFeatureGroup>
  <CategoryFeatureGroup ID="75450" No="18">
   <FeatureGroup ID="256">
    <Name ID="4255461" langid="1" Value="Control unit"/>
   </FeatureGroup>
  </CategoryFeatureGroup>
  <CategoryFeatureGroup ID="79731" No="0">
   <FeatureGroup ID="279">
    <Name ID="7392238" langid="1" Value="Sustainability"/>
   </FeatureGroup>
  </CategoryFeatureGroup>
  <Category ID="7943">
   <Name ID="4449691" langid="1" Value="Vibrators"/>
  </Category>
  <EANCode EAN="4032498460116" Format="GTIN-13" IsApproved="1"/>
  <ReleaseDate/>
  <EndOfLifeDate/>
  <ReasonsToBuy/>
  <BulletPoints>
   <BulletPoint Value="Revolutionary lay-on vibrator for pinpoint or broad clitoral stimulation" langid="1" No="1"/>
   <BulletPoint Value="Stimulates different types of nerves, layer by layer, for electrifying orgasms" langid="1" No="2"/>
   <BulletPoint Value="Vibrates &amp; taps simultaneously, boasts memory function &amp; travel lock" langid="1" No="3"/>
   <BulletPoint Value="Artfully designed to cradle your favorite hot spots" langid="1" No="4"/>
   <BulletPoint Value="Fine-tunable settings, from gentle tapping to powerful rumbling" langid="1" No="5"/>
   <BulletPoint Value="Also great for blowjob upgrades &amp; more" langid="1" No="6"/>
  </BulletPoints>
  <GeneratedBulletPoints/>
  <ProductBundled/>
  <ProductDescription ID="94795902" LongDesc="&lt;b&gt;HIT THE SPOT, SEAMLESSLY&lt;/b&gt;&lt;br&gt;Do you crave pleasure all over your body? Just glide LAYA III over yourself, and let our adaptable toy work its magic. Feel its vibrating and tapping motions deep below the surface of your skin, letting your arousal build until you’re ready to burst.&lt;br&gt;&lt;br&gt;Then, finish yourself off: LAYA III’s gentle curves hug your body and give you a breathtakingly intense orgasm.&lt;br&gt;&lt;br&gt;&lt;b&gt;YOUR #1 LAY-ON VIBRATOR&lt;/b&gt;&lt;br&gt;Let pleasurable sensations travel across your body and lose yourself in bliss. LAYA III, our lay-on vibrator, features an iconic design that’s great for all-over stimulation. Our new and improved clitoral vibe is the only FUN FACTORY lay-on vibrator that vibrates and taps at the same time, for extra intense orgasms. It’s great for couples’ play, too, from foreplay to blowjobs.&lt;br&gt;&lt;br&gt;&lt;b&gt;WHAT IS UNIQUE ABOUT OUR LAYA III LAY-ON VIBRATOR?&lt;br&gt;&lt;/b&gt;LAYA III is proof that a bestseller can always get better. Perfect for toy novices and experts alike, LAYA III is a lay-on vibrator with gently rounded curves and a powerful, rechargeable motor. Its shape caresses the entire vulva, so the clitoris and labia are stimulated simultaneously and deeply. LAYA III's vibration stimulates different types of nerve endings, rather than just one, through layers of skin and tissue. This is what we call “the layering effect.”&lt;br&gt;&lt;br&gt;&lt;b&gt;LAYERING EFFECT? WHAT DOES THAT MEAN, EXACTLY?&lt;br&gt;&lt;/b&gt;Our clitoral vibrator LAYA III vibrates and taps at the same time, at every speed. These different movements stimulate different types of nerve endings, some of which are near the surface of your body, and some of which are deeper within you. The more nerve endings that are stimulated in parallel, the stronger your feelings of arousal, and the deeper and longer-lasting your orgasm.&lt;br&gt;&lt;br&gt;&lt;b&gt;WHAT OTHER LAYA III FEATURES SHOULD I KNOW ABOUT?&lt;br&gt;&lt;/b&gt;Our LAYA III lay-on vibrator adapts to your individual preferences: It has seven speeds and three programs, which you can navigate easily by clicking two buttons, and each speed and program is fine-tunable. All you have to do is hold the + or – button and the vibration level will become gradually more or less intense. The memory function lets you save your favorite setting, and LAYA III's travel lock makes it easy to pack your bags." ManualPDFSize="0" ManualPDFURL="" MiddleDesc="" PDFSize="0" PDFURL="" ShortDesc="LAYA III, 7 speeds &amp; 3 patterns, Ø 4.1 cm, L 10.8 cm, 98 g, Soft Violet" URL="https://en.funfactory.com/products/laya-iii" WarrantyInfo="" langid="1"/>
  <ProductFeature Localized="0" ID="631849762" Local_ID="0" Value="Mini vibrator" CategoryFeature_ID="808782" CategoryFeatureGroup_ID="28803" No="10100150" Optional="0" Presentation_Value="Mini vibrator" Translated="1" Mandatory="1" Searchable="1">
   <LocalValue Value="Mini vibrator">
    <Measure ID="29">
     <Signs/>
    </Measure>
   </LocalValue>
   <Feature ID="14052">
    <Measure ID="29" Sign="">
     <Signs/>
    </Measure>
    <Name ID="1127664" langid="1" Value="Product type"/>
   </Feature>
  </ProductFeature>
  <ProductFeature Localized="0" ID="631849766" Local_ID="0" Value="Clitoral stimulation" CategoryFeature_ID="808780" CategoryFeatureGroup_ID="28803" No="10100100" Optional="0" Presentation_Value="Clitoral stimulation" Translated="1" Mandatory="1" Searchable="1">
   <LocalValue Value="Clitoral stimulation">
    <Measure ID="29">
     <Signs/>
    </Measure>
   </LocalValue>
   <Feature ID="44730">
    <Measure ID="29" Sign="">
     <Signs/>
    </Measure>
    <Name ID="8023871" langid="1" Value="Stimulation type"/>
   </Feature>
  </ProductFeature>
  <ProductFeature Localized="0" ID="631850361" Local_ID="0" Value="Violet" CategoryFeature_ID="270236" CategoryFeatureGroup_ID="28803" No="10100000" Optional="0" Presentation_Value="Violet" Translated="1" Mandatory="1" Searchable="1">
   <LocalValue Value="Violet">
    <Measure ID="29">
     <Signs/>
    </Measure>
   </LocalValue>
   <Feature ID="1766">
    <Measure ID="29" Sign="">
     <Signs/>
    </Measure>
    <Name ID="5487" langid="1" Value="Product colour"/>
   </Feature>
  </ProductFeature>
  <ProductFeature Localized="0" ID="631849759" Local_ID="0" Value="Curved" CategoryFeature_ID="270233" CategoryFeatureGroup_ID="28803" No="100100" Optional="0" Presentation_Value="Curved" Translated="1" Mandatory="0" Searchable="0">
   <LocalValue Value="Curved">
    <Measure ID="29">
     <Signs/>
    </Measure>
   </LocalValue>
   <Feature ID="9397">
    <Measure ID="29" Sign="">
     <Signs/>
    </Measure>
    <Name ID="776358" langid="1" Value="Shape"/>
   </Feature>
  </ProductFeature>
  <ProductFeature Localized="0" ID="631849764" Local_ID="0" Value="Ambidextrous" CategoryFeature_ID="315245" CategoryFeatureGroup_ID="28803" No="100068" Optional="0" Presentation_Value="Ambidextrous" Translated="1" Mandatory="0" Searchable="0">
   <LocalValue Value="Ambidextrous">
    <Measure ID="29">
     <Signs/>
    </Measure>
   </LocalValue>
   <Feature ID="21183">
    <Measure ID="29" Sign="">
     <Signs/>
    </Measure>
    <Name ID="1683825" langid="1" Value="Hand orientation"/>
   </Feature>
  </ProductFeature>
  <ProductFeature Localized="0" ID="631849751" Local_ID="0" Value="Buttons" CategoryFeature_ID="315247" CategoryFeatureGroup_ID="28803" No="100045" Optional="0" Presentation_Value="Buttons" Translated="1" Mandatory="0" Searchable="0">
   <LocalValue Value="Buttons">
    <Measure ID="29">
     <Signs/>
    </Measure>
   </LocalValue>
   <Feature ID="2651">
    <Measure ID="29" Sign="">
     <Signs/>
    </Measure>
    <Name ID="13446" langid="1" Value="Control type"/>
   </Feature>
  </ProductFeature>
  <ProductFeature Localized="0" ID="631849750" Local_ID="0" Value="7" CategoryFeature_ID="315239" CategoryFeatureGroup_ID="28803" No="100040" Optional="0" Presentation_Value="7" Translated="0" Mandatory="0" Searchable="0">
   <LocalValue Value="7">
    <Measure ID="29">
     <Signs/>
    </Measure>
   </LocalValue>
   <Feature ID="2594">
    <Measure ID="29" Sign="">
     <Signs/>
    </Measure>
    <Name ID="13257" langid="1" Value="Number of speeds"/>
   </Feature>
  </ProductFeature>
  <ProductFeature Localized="0" ID="631849765" Local_ID="0" Value="3" CategoryFeature_ID="315240" CategoryFeatureGroup_ID="28803" No="100040" Optional="0" Presentation_Value="3" Translated="0" Mandatory="0" Searchable="0">
   <LocalValue Value="3">
    <Measure ID="29">
     <Signs/>
    </Measure>
   </LocalValue>
   <Feature ID="34368">
    <Measure ID="29" Sign="">
     <Signs/>
    </Measure>
    <Name ID="3530643" langid="1" Value="Number of patterns"/>
   </Feature>
  </ProductFeature>
  <ProductFeature Localized="0" ID="631849757" Local_ID="0" Value="Y" CategoryFeature_ID="270246" CategoryFeatureGroup_ID="28803" No="100035" Optional="0" Presentation_Value="Yes" Translated="1" Mandatory="0" Searchable="0">
   <LocalValue Value="Yes">
    <Measure ID="26">
     <Signs/>
    </Measure>
   </LocalValue>
   <Feature ID="7509">
    <Measure ID="26" Sign="">
     <Signs/>
    </Measure>
    <Name ID="566221" langid="1" Value="Waterproof"/>
   </Feature>
  </ProductFeature>
  <ProductFeature Localized="0" ID="631849749" Local_ID="0" Value="Matt" CategoryFeature_ID="315569" CategoryFeatureGroup_ID="28803" No="100030" Optional="0" Presentation_Value="Matt" Translated="1" Mandatory="0" Searchable="0">
   <LocalValue Value="Matt">
    <Measure ID="29">
     <Signs/>
    </Measure>
   </LocalValue>
   <Feature ID="2254">
    <Measure ID="29" Sign="">
     <Signs/>
    </Measure>
    <Name ID="11565" langid="1" Value="Finish type"/>
   </Feature>
  </ProductFeature>
  <ProductFeature Localized="0" ID="631849756" Local_ID="0" Value="Y" CategoryFeature_ID="315241" CategoryFeatureGroup_ID="28803" No="100029" Optional="0" Presentation_Value="Yes" Translated="1" Mandatory="0" Searchable="0">
   <LocalValue Value="Yes">
    <Measure ID="26">
     <Signs/>
    </Measure>
   </LocalValue>
   <Feature ID="4220">
    <Measure ID="26" Sign="">
     <Signs/>
    </Measure>
    <Name ID="59823" langid="1" Value="Battery charge indicator"/>
   </Feature>
  </ProductFeature>
  <ProductFeature Localized="0" ID="631849748" Local_ID="0" Value="Built-in battery" CategoryFeature_ID="270240" CategoryFeatureGroup_ID="28805" No="100170" Optional="0" Presentation_Value="Built-in battery" Translated="1" Mandatory="1" Searchable="0">
   <LocalValue Value="Built-in battery">
    <Measure ID="29">
     <Signs/>
    </Measure>
   </LocalValue>
   <Feature ID="908">
    <Measure ID="29" Sign="">
     <Signs/>
    </Measure>
    <Name ID="3357" langid="1" Value="Battery type"/>
   </Feature>
  </ProductFeature>
  <ProductFeature Localized="0" ID="631849758" Local_ID="0" Value="2" CategoryFeature_ID="270237" CategoryFeatureGroup_ID="28805" No="100019" Optional="0" Presentation_Value="2 h" Translated="0" Mandatory="0" Searchable="0">
   <LocalValue Value="2">
    <Measure ID="46">
     <Signs>
      <Sign ID="30" langid="1"><![CDATA[h]]></Sign>
     </Signs>
    </Measure>
   </LocalValue>
   <Feature ID="8305">
    <Measure ID="46" Sign="">
     <Signs>
      <Sign ID="30" langid="1"><![CDATA[h]]></Sign>
     </Signs>
    </Measure>
    <Name ID="637657" langid="1" Value="Operating time"/>
   </Feature>
  </ProductFeature>
  <ProductFeature Localized="0" ID="631849755" Local_ID="0" Value="7" CategoryFeature_ID="270238" CategoryFeatureGroup_ID="28805" No="100019" Optional="0" Presentation_Value="7 h" Translated="0" Mandatory="0" Searchable="0">
   <LocalValue Value="7">
    <Measure ID="46">
     <Signs>
      <Sign ID="30" langid="1"><![CDATA[h]]></Sign>
     </Signs>
    </Measure>
   </LocalValue>
   <Feature ID="4087">
    <Measure ID="46" Sign="">
     <Signs>
      <Sign ID="30" langid="1"><![CDATA[h]]></Sign>
     </Signs>
    </Measure>
    <Name ID="58838" langid="1" Value="Charging time"/>
   </Feature>
  </ProductFeature>
  <ProductFeature Localized="0" ID="631849761" Local_ID="0" Value="Y" CategoryFeature_ID="315558" CategoryFeatureGroup_ID="28805" No="100015" Optional="0" Presentation_Value="Yes" Translated="1" Mandatory="0" Searchable="0">
   <LocalValue Value="Yes">
    <Measure ID="26">
     <Signs/>
    </Measure>
   </LocalValue>
   <Feature ID="11194">
    <Measure ID="26" Sign="">
     <Signs/>
    </Measure>
    <Name ID="982701" langid="1" Value="USB charging"/>
   </Feature>
  </ProductFeature>
  <ProductFeature Localized="0" ID="631849752" Local_ID="0" Value="108" CategoryFeature_ID="270247" CategoryFeatureGroup_ID="28807" No="100049" Optional="0" Presentation_Value="108 mm" Translated="0" Mandatory="1" Searchable="0">
   <LocalValue Value="108">
    <Measure ID="24">
     <Signs>
      <Sign ID="3" langid="1"><![CDATA[mm]]></Sign>
     </Signs>
    </Measure>
   </LocalValue>
   <Feature ID="2738">
    <Measure ID="24" Sign="">
     <Signs>
      <Sign ID="3" langid="1"><![CDATA[mm]]></Sign>
     </Signs>
    </Measure>
    <Name ID="13872" langid="1" Value="Length"/>
   </Feature>
  </ProductFeature>
  <ProductFeature Localized="0" ID="631849753" Local_ID="0" Value="41" CategoryFeature_ID="270248" CategoryFeatureGroup_ID="28807" No="100047" Optional="0" Presentation_Value="4.1 cm" Translated="0" Mandatory="0" Searchable="0">
   <LocalValue Value="4.1">
    <Measure ID="34">
     <Signs>
      <Sign ID="18" langid="1"><![CDATA[cm]]></Sign>
     </Signs>
    </Measure>
   </LocalValue>
   <Feature ID="2931">
    <Measure ID="24" Sign="">
     <Signs>
      <Sign ID="3" langid="1"><![CDATA[mm]]></Sign>
     </Signs>
    </Measure>
    <Name ID="27693" langid="1" Value="Diameter"/>
   </Feature>
  </ProductFeature>
  <ProductFeature Localized="0" ID="631849746" Local_ID="0" Value="98" CategoryFeature_ID="315246" CategoryFeatureGroup_ID="28807" No="100011" Optional="0" Presentation_Value="98 g" Translated="0" Mandatory="0" Searchable="0">
   <LocalValue Value="98">
    <Measure ID="38">
     <Signs>
      <Sign ID="22" langid="1"><![CDATA[g]]></Sign>
     </Signs>
    </Measure>
   </LocalValue>
   <Feature ID="94">
    <Measure ID="38" Sign="">
     <Signs>
      <Sign ID="22" langid="1"><![CDATA[g]]></Sign>
     </Signs>
    </Measure>
    <Name ID="1525" langid="1" Value="Weight"/>
   </Feature>
  </ProductFeature>
  <ProductFeature Localized="0" ID="631849763" Local_ID="0" Value="1" CategoryFeature_ID="660396" CategoryFeatureGroup_ID="28804" No="100500" Optional="0" Presentation_Value="1 pc(s)" Translated="0" Mandatory="0" Searchable="0">
   <LocalValue Value="1">
    <Measure ID="144">
     <Signs>
      <Sign ID="125" langid="1"><![CDATA[pc(s)]]></Sign>
     </Signs>
    </Measure>
   </LocalValue>
   <Feature ID="20228">
    <Measure ID="144" Sign="">
     <Signs>
      <Sign ID="125" langid="1"><![CDATA[pc(s)]]></Sign>
     </Signs>
    </Measure>
    <Name ID="1498423" langid="1" Value="Quantity per pack"/>
   </Feature>
  </ProductFeature>
  <ProductFeature Localized="0" ID="631849754" Local_ID="0" Value="Y" CategoryFeature_ID="315244" CategoryFeatureGroup_ID="28804" No="100100" Optional="0" Presentation_Value="Yes" Translated="1" Mandatory="0" Searchable="0">
   <LocalValue Value="Yes">
    <Measure ID="26">
     <Signs/>
    </Measure>
   </LocalValue>
   <Feature ID="3965">
    <Measure ID="26" Sign="">
     <Signs/>
    </Measure>
    <Name ID="56040" langid="1" Value="Manual"/>
   </Feature>
  </ProductFeature>
  <ProductFeature Localized="0" ID="631849760" Local_ID="0" Value="1 x USB charging cable" CategoryFeature_ID="593891" CategoryFeatureGroup_ID="28804" No="99900" Optional="0" Presentation_Value="1 x USB charging cable" Translated="0" Mandatory="0" Searchable="0">
   <LocalValue Value="1 x USB charging cable">
    <Measure ID="29">
     <Signs/>
    </Measure>
   </LocalValue>
   <Feature ID="10622">
    <Measure ID="29" Sign="">
     <Signs/>
    </Measure>
    <Name ID="925381" langid="1" Value="Packaging content"/>
   </Feature>
  </ProductFeature>
  <ProductGallery>
   <ProductPicture IsMain="Y" LowPic="https://inishop.com/img/gallery_lows/4de5549527cd903daa4943a9b710330bd45da816.jpg" LowPicHeight="200" LowPicWidth="158" LowSize="15795" No="1" Original="https://inishop.com/img/gallery_raw/d1a878287f9b596b83ef3453d7eb1852e753b09d.png" OriginalSize="104506" Pic="https://inishop.com/img/gallery/699b56f9f545c9d42ec4ee0e410e82a9f8fb9d99.jpg" Pic500x500="https://inishop.com/img/gallery_mediums/4ae9c24a95d5344aa26ead73d568f2a0e0bba0f4.jpg" Pic500x500Height="500" Pic500x500Size="68557" Pic500x500Width="395" PicHeight="775" PicWidth="612" ProductPicture_ID="89170958" Size="148258" ThumbPic="https://inishop.com/img/gallery_thumbs/bde1dead3eb1c8601fbff80c45381e5533e282f8.jpg" ThumbSize="3943" Type="ProductImage" UpdatedDate="2025-09-10 16:41:26"/>
   <ProductPicture LowPic="https://inishop.com/img/gallery_lows/8ee8ae111106f9c4e2895ac0cde25ce2a6593b6f.jpg" LowPicHeight="200" LowPicWidth="200" LowSize="21942" No="2" Original="https://inishop.com/img/gallery_raw/1e37072014637f57579f5d0df7e5ad860801d062.jpeg" OriginalSize="72842" Pic="https://inishop.com/img/gallery/d64ce7f6a985a89652bf5257d448dbfe296c0843.jpg" Pic500x500="https://inishop.com/img/gallery_mediums/186030dd478681f2608c52bf3b7cd7b63a847345.jpg" Pic500x500Height="500" Pic500x500Size="98464" Pic500x500Width="500" PicHeight="1440" PicWidth="1440" ProductPicture_ID="117094617" Size="270632" ThumbPic="https://inishop.com/img/gallery_thumbs/6ce11a645cf4cd58b6822e5733da0157e28806ed.jpg" ThumbSize="4982" Type="LifestyleImage" UpdatedDate="2025-09-09 09:25:36"/>
   <ProductPicture LowPic="https://inishop.com/img/gallery_lows/3e19f7e7cb421f9c39e675123d29a4f541f9f4df.jpg" LowPicHeight="200" LowPicWidth="200" LowSize="29495" No="4" Original="https://inishop.com/img/gallery_raw/ddf21cf5ddf46a28ad1748da6c8bb09484197a94.jpeg" OriginalSize="130302" Pic="https://inishop.com/img/gallery/3d6fe2f009d8bf4fab2267261b68089c0bfaf286.jpg" Pic500x500="https://inishop.com/img/gallery_mediums/12ec4697b3960504c3522cdb31ce45b4f1a970a6.jpg" Pic500x500Height="500" Pic500x500Size="135867" Pic500x500Width="500" PicHeight="1440" PicWidth="1440" ProductPicture_ID="117094621" Size="463783" ThumbPic="https://inishop.com/img/gallery_thumbs/40bef59a7f275e102e8c5e11c65e3041ed4c58ce.jpg" ThumbSize="6559" Type="LifestyleImage" UpdatedDate="2025-09-09 09:25:35"/>
   <ProductPicture LowPic="https://inishop.com/img/gallery_lows/95dd183ac920c61d76e7df4b13ff37dd3e6d2f57.jpg" LowPicHeight="200" LowPicWidth="200" LowSize="21528" No="5" Original="https://inishop.com/img/gallery_raw/b10beccb4ddf11b58a660dbf4524136b7ef3d297.jpeg" OriginalSize="81727" Pic="https://inishop.com/img/gallery/6ecebfbf002cb1575b74c9eb9b9b44382527d2ba.jpg" Pic500x500="https://inishop.com/img/gallery_mediums/763331847fae600b0c4dbfdb6cdc9cb27f456464.jpg" Pic500x500Height="500" Pic500x500Size="89709" Pic500x500Width="500" PicHeight="1080" PicWidth="1080" ProductPicture_ID="117094630" Size="190409" ThumbPic="https://inishop.com/img/gallery_thumbs/917982749b0c8484ecf85c9b7838c564e692c18b.jpg" ThumbSize="5029" Type="ProductImageAnnotated" UpdatedDate="2025-09-09 09:25:20" langid="1"/>
   <ProductPicture LowPic="https://inishop.com/img/gallery_lows/18e8d7c254d7916eca7e078ea2c919ae548b2ba3.jpg" LowPicHeight="200" LowPicWidth="200" LowSize="15051" No="6" Original="https://inishop.com/img/gallery_raw/409371702b72a3ed6e3c456a1a5cbfcdb4192bd8.jpeg" OriginalSize="49897" Pic="https://inishop.com/img/gallery/fcded5975ecc1388940640a24cd6fc37d4818f0a.jpg" Pic500x500="https://inishop.com/img/gallery_mediums/1e679fcd4f58dabf187f87c341fce0b2fea795c5.jpg" Pic500x500Height="500" Pic500x500Size="60304" Pic500x500Width="500" PicHeight="1080" PicWidth="1080" ProductPicture_ID="117094631" Size="128338" ThumbPic="https://inishop.com/img/gallery_thumbs/151ed11d3a25f1a2a9f1a8921cc9e47aea0f4f6f.jpg" ThumbSize="3625" Type="ProductImageAnnotated" UpdatedDate="2025-09-09 09:25:31" langid="1"/>
   <ProductPicture LowPic="https://inishop.com/img/gallery_lows/aed62a3fa9c194404e1328d4d419ca3c17e7699b.jpg" LowPicHeight="200" LowPicWidth="200" LowSize="24447" No="7" Original="https://inishop.com/img/gallery_raw/f111d5848f97e887bc32fee79594944e19716be5.jpeg" OriginalSize="66078" Pic="https://inishop.com/img/gallery/ff858360538f7deba790ee0662279dfba4dac395.jpg" Pic500x500="https://inishop.com/img/gallery_mediums/4a4d3246b6b71f32cab7f678ea5414fd0b762783.jpg" Pic500x500Height="500" Pic500x500Size="106056" Pic500x500Width="500" PicHeight="1080" PicWidth="1080" ProductPicture_ID="117094623" Size="216416" ThumbPic="https://inishop.com/img/gallery_thumbs/5ce2b1524e272fc9e8066dc8201a35e4bafa5bd0.jpg" ThumbSize="5188" Type="ProductImage" UpdatedDate="2025-09-09 09:25:17"/>
   <ProductPicture LowPic="https://inishop.com/img/gallery_lows/eabe26041aee4b6b07eaa03c881dccb38401ba66.jpg" LowPicHeight="200" LowPicWidth="200" LowSize="12275" No="8" Original="https://inishop.com/img/gallery_raw/3b35556fbae478a7497a7b0f8622b5f9ee82f1ce.jpeg" OriginalSize="39611" Pic="https://inishop.com/img/gallery/a0ebd6a7ae014ea24dfcbe77b79657137817e837.jpg" Pic500x500="https://inishop.com/img/gallery_mediums/12fbaa6b178f6840da37cd79dd783d547ecdcbe2.jpg" Pic500x500Height="500" Pic500x500Size="48498" Pic500x500Width="500" PicHeight="1080" PicWidth="1080" ProductPicture_ID="117094624" Size="103309" ThumbPic="https://inishop.com/img/gallery_thumbs/7ded90d90de2e07fdb61f9decfb2563b82f137cb.jpg" ThumbSize="3216" Type="ProductImage" UpdatedDate="2025-09-09 09:25:17"/>
   <ProductPicture LowPic="https://inishop.com/img/gallery_lows/d1a9bf3c578c7b093e535c1d339b454a7cd83175.jpg" LowPicHeight="200" LowPicWidth="200" LowSize="9626" No="9" Original="https://inishop.com/img/gallery_raw/ac3c514a9df5882c90d4c2f480dbe649cb7fc352.jpeg" OriginalSize="29147" Pic="https://inishop.com/img/gallery/806fd5df6ca452f88fff064fc36de7ca6155cfb5.jpg" Pic500x500="https://inishop.com/img/gallery_mediums/2b4650c7addf4275a0c547621a3a87b8b8cf81e7.jpg" Pic500x500Height="500" Pic500x500Size="38328" Pic500x500Width="500" PicHeight="1080" PicWidth="1080" ProductPicture_ID="117094626" Size="76013" ThumbPic="https://inishop.com/img/gallery_thumbs/4c985cbd9d0408a83b86cf35761c9decf5abc385.jpg" ThumbSize="2760" Type="ProductDetailImage" UpdatedDate="2025-09-09 09:25:42"/>
   <ProductPicture LowPic="https://inishop.com/img/gallery_lows/fb1cbef4907b024952d43880bf22e333f218ca24.jpg" LowPicHeight="200" LowPicWidth="200" LowSize="14106" No="10" Original="https://inishop.com/img/gallery_raw/1aab8920a88107471bd496389eabf9a93adcf890.jpeg" OriginalSize="62949" Pic="https://inishop.com/img/gallery/e3285c59e17be09f03ec0db45e888ef6b30adfa3.jpg" Pic500x500="https://inishop.com/img/gallery_mediums/9d4051f529639b57b39ea3766c41ecdbbb9b5eb7.jpg" Pic500x500Height="500" Pic500x500Size="58557" Pic500x500Width="500" PicHeight="1440" PicWidth="1440" ProductPicture_ID="117094627" Size="204158" ThumbPic="https://inishop.com/img/gallery_thumbs/57a6280eeac3ef84088ff64005173c678078641d.jpg" ThumbSize="3578" Type="ProductDetailImage" UpdatedDate="2025-09-09 09:25:43"/>
   <ProductPicture LowPic="https://inishop.com/img/gallery_lows/ea49a287656a77e876a4405b710e844ffa446cf9.jpg" LowPicHeight="200" LowPicWidth="200" LowSize="9308" No="11" Original="https://inishop.com/img/gallery_raw/9613fea371acb2871a8acc5f282bf6d7934b3a6f.jpeg" OriginalSize="17684" Pic="https://inishop.com/img/gallery/7a3a7a564cc06000bdefa8dcf268430eabcf573c.jpg" Pic500x500="https://inishop.com/img/gallery_mediums/daad835c91cde731ca4bf441ba417954ff9adae4.jpg" Pic500x500Height="500" Pic500x500Size="33445" Pic500x500Width="500" PicHeight="1080" PicWidth="1080" ProductPicture_ID="117094625" Size="62715" ThumbPic="https://inishop.com/img/gallery_thumbs/b46e850eaff43433e99dbc2bc5b9297074f26af1.jpg" ThumbSize="2835" Type="ProductPackagingImage" UpdatedDate="2025-09-09 09:25:47"/>
  </ProductGallery>
  <ProductMultimediaObject/>
  <ProductRelated/>
  <SummaryDescription>
   <ShortSummaryDescription langid="1">Fun Factory LAYA III, Mini vibrator, Clitoral stimulation, Violet, Curved, Ambidextrous, Buttons</ShortSummaryDescription>
   <LongSummaryDescription langid="1">Fun Factory LAYA III. Product type: Mini vibrator, Stimulation type: Clitoral stimulation, Product colour: Violet. Battery type: Built-in battery, Operating time: 2 h, Charging time: 7 h. Length: 108 mm, Diameter: 4.1 cm, Weight: 98 g. Quantity per pack: 1 pc(s), Packaging content: 1 x USB charging cable</LongSummaryDescription>
  </SummaryDescription>
  <Supplier ID="16974" Name="Fun Factory"/>
  <CatalogObjectCloud/>
  <BrandOrganizations/>
 </Product>
</ICECAT-interface>
