<?xml version="1.0" encoding="UTF-8"?>
<!DOCTYPE ICECAT-interface SYSTEM "https://data.icecat.biz/dtd/ICECAT-interface_response.dtd">
<!--source: Icecat.biz 2025-->
<!--Language ID: 1-->
<!--Version: v2-->
<ICECAT-interface xmlns:xsi="http://www.w3.org/2001/XMLSchema-instance" xsi:noNamespaceSchemaLocation="https://data.icecat.biz/xsd/ICECAT-interface_response.xsd">
 <Product Code="1" HighPic="https://images.icecat.biz/img/gallery/3c16f0dcb0f287df7fea1f3525f0e2af762909a2.jpg" HighPicHeight="2000" HighPicSize="719383" HighPicWidth="2000" ID="120902488" LowPic="https://images.icecat.biz/img/gallery_lows/2e9796ebb96e7f6ae13709132190ad1a0753f8bf.jpg" LowPicHeight="200" LowPicSize="19673" LowPicWidth="200" Name="49B2U6903CH/01" IntName="49B2U6903CH/01" LocalName="" Pic500x500="https://images.icecat.biz/img/gallery_mediums/2b83848953e6a696e941d20e9151f34368868552.jpg" Pic500x500Height="500" Pic500x500Size="89156" Pic500x500Width="500" Prod_id="49B2U6903CH/01" Quality="ICECAT" ReleaseDate="" ThumbPic="https://images.icecat.biz/img/gallery_thumbs/55edc8ce4e3750534fd41ef7f04b981336af7aed.jpg" ThumbPicSize="4784" Title="Philips 6000 series 49B2U6903CH/01 computer monitor 124.5 cm (49&quot;) 5120 x 1440 pixels Dual QHD LCD Grey" GeneratedIntTitle="Philips 6000 series 49B2U6903CH/01 computer monitor" GeneratedLocalTitle="Philips 6000 series 49B2U6903CH/01 computer monitor 124.5 cm (49&quot;) 5120 x 1440 pixels Dual QHD LCD Grey" BrandLocalTitle="">
  <CategoryFeatureGroup ID="32003" No="-10">
   <FeatureGroup ID="0">
    <Name ID="5073" langid="1" Value="Technical details"/>
   </FeatureGroup>
  </CategoryFeatureGroup>
  <CategoryFeatureGroup ID="100" No="50">
   <FeatureGroup ID="5">
    <Name ID="4867" langid="1" Value="Display"/>
   </FeatureGroup>
  </CategoryFeatureGroup>
  <CategoryFeatureGroup ID="1742" No="30">
   <FeatureGroup ID="12">
    <Name ID="4995" langid="1" Value="Ports &amp; interfaces"/>
   </FeatureGroup>
  </CategoryFeatureGroup>
  <CategoryFeatureGroup ID="98" No="21">
   <FeatureGroup ID="14">
    <Name ID="5023" langid="1" Value="Weight &amp; dimensions"/>
   </FeatureGroup>
  </CategoryFeatureGroup>
  <CategoryFeatureGroup ID="99" No="24">
   <FeatureGroup ID="27">
    <Name ID="5049" langid="1" Value="Power"/>
   </FeatureGroup>
  </CategoryFeatureGroup>
  <CategoryFeatureGroup ID="1205" No="23">
   <FeatureGroup ID="28">
    <Name ID="5067" langid="1" Value="Operational conditions"/>
   </FeatureGroup>
  </CategoryFeatureGroup>
  <CategoryFeatureGroup ID="65611" No="26">
   <FeatureGroup ID="35">
    <Name ID="5167" langid="1" Value="Network"/>
   </FeatureGroup>
  </CategoryFeatureGroup>
  <CategoryFeatureGroup ID="23760" No="20">
   <FeatureGroup ID="67">
    <Name ID="27423" langid="1" Value="Packaging data"/>
   </FeatureGroup>
  </CategoryFeatureGroup>
  <CategoryFeatureGroup ID="41676" No="-2">
   <FeatureGroup ID="76">
    <Name ID="28540" langid="1" Value="Certificates"/>
   </FeatureGroup>
  </CategoryFeatureGroup>
  <CategoryFeatureGroup ID="3070" No="25">
   <FeatureGroup ID="96">
    <Name ID="31318" langid="1" Value="Ergonomics"/>
   </FeatureGroup>
  </CategoryFeatureGroup>
  <CategoryFeatureGroup ID="3289" No="-6">
   <FeatureGroup ID="100">
    <Name ID="33550" langid="1" Value="Thin Client"/>
   </FeatureGroup>
  </CategoryFeatureGroup>
  <CategoryFeatureGroup ID="49260" No="19">
   <FeatureGroup ID="116">
    <Name ID="78852" langid="1" Value="Packaging content"/>
   </FeatureGroup>
  </CategoryFeatureGroup>
  <CategoryFeatureGroup ID="53731" No="-7">
   <FeatureGroup ID="143">
    <Name ID="618812" langid="1" Value="Battery"/>
   </FeatureGroup>
  </CategoryFeatureGroup>
  <CategoryFeatureGroup ID="26493" No="-5">
   <FeatureGroup ID="144">
    <Name ID="619994" langid="1" Value="Brand-specific features"/>
   </FeatureGroup>
  </CategoryFeatureGroup>
  <CategoryFeatureGroup ID="8454" No="-2">
   <FeatureGroup ID="146">
    <Name ID="624346" langid="1" Value="Other features"/>
   </FeatureGroup>
  </CategoryFeatureGroup>
  <CategoryFeatureGroup ID="10677" No="35">
   <FeatureGroup ID="148">
    <Name ID="630457" langid="1" Value="Design"/>
   </FeatureGroup>
  </CategoryFeatureGroup>
  <CategoryFeatureGroup ID="10681" No="45">
   <FeatureGroup ID="184">
    <Name ID="1218765" langid="1" Value="Performance"/>
   </FeatureGroup>
  </CategoryFeatureGroup>
  <CategoryFeatureGroup ID="33683" No="-1">
   <FeatureGroup ID="185">
    <Name ID="1219853" langid="1" Value="Features"/>
   </FeatureGroup>
  </CategoryFeatureGroup>
  <CategoryFeatureGroup ID="10887" No="40">
   <FeatureGroup ID="186">
    <Name ID="1222838" langid="1" Value="Multimedia"/>
   </FeatureGroup>
  </CategoryFeatureGroup>
  <CategoryFeatureGroup ID="27535" No="-40">
   <FeatureGroup ID="198">
    <Name ID="1788927" langid="1" Value="Logistics data"/>
   </FeatureGroup>
  </CategoryFeatureGroup>
  <CategoryFeatureGroup ID="60227" No="-4">
   <FeatureGroup ID="232">
    <Name ID="3464238" langid="1" Value="Supplier features"/>
   </FeatureGroup>
  </CategoryFeatureGroup>
  <CategoryFeatureGroup ID="27531" No="-3">
   <FeatureGroup ID="247">
    <Name ID="4089916" langid="1" Value="Recycling data"/>
   </FeatureGroup>
  </CategoryFeatureGroup>
  <CategoryFeatureGroup ID="72250" No="5">
   <FeatureGroup ID="279">
    <Name ID="7392238" langid="1" Value="Sustainability"/>
   </FeatureGroup>
  </CategoryFeatureGroup>
  <CategoryFeatureGroup ID="77987" No="4">
   <FeatureGroup ID="305">
    <Name ID="8837290" langid="1" Value="Carbon footprint"/>
   </FeatureGroup>
  </CategoryFeatureGroup>
  <Category ID="222">
   <Name ID="3727458" langid="1" Value="Computer Monitors"/>
  </Category>
  <EANCode EAN="8712581804770" Format="GTIN-13" IsApproved="1"/>
  <FeatureLogo ID="978" Feature_ID="42856" Value="F" LogoPic="https://images.icecat.biz/img/feature_logo/978-2656.png" Width="300" Height="165" Size="0">
   <Descriptions>
    <Description ID="3715" langid="1">F means that the product is rated in its category in terms of energy efficiency. The Energy Labeling system is based on EU Regulation 2017/1369/EU.</Description>
   </Descriptions>
   <FeatureLogoFeatures>
    <FeatureLogoFeature ID="42856">
     <FeatureLogoValues>
      <FeatureLogoValue ID="3201">F</FeatureLogoValue>
     </FeatureLogoValues>
    </FeatureLogoFeature>
   </FeatureLogoFeatures>
  </FeatureLogo>
  <ReleaseDate/>
  <EndOfLifeDate/>
  <ReasonsToBuy>
   <ReasonToBuy ID="93068417" Value="This Philips docking monitor is equipped with Thunderbolt 4 connection. Compared with conventional USB-C monitors, Thunderbolt 4 technology provides lightning-fast data transfer speeds, supports high-resolution video, offers multi-stream transport for daisy chaining and has a capacity of up to 100 W of power delivery to external devices." HighPic="https://images.icecat.biz/img/bullets/120902488-6832a6bb678ed426371194.jpg" HighPicSize="0" No="1" Title="Thunderbolt™ 4 Connection: for lightning-fast connectivity" langid="1" origin="RTB" IsRich="0"/>
   <ReasonToBuy ID="92747570" Value="The Philips VA LED display uses an advanced multi-domain vertical alignment technology that gives you super-high static contrast ratios for extra-vivid and bright images. While standard office applications are handled with ease, it is especially suitable for photos, web browsing, films, gaming and demanding graphical applications. Its optimised pixel management technology gives you a 178/178 degree extra-wide viewing angle, resulting in crisp images." HighPic="https://images.icecat.biz/img/bullets/120902488-684a728590b5f157449682.jpg" HighPicSize="0" No="2" Title="VA display delivers awesome images with wide viewing angles" langid="1" origin="RTB" IsRich="0"/>
   <ReasonToBuy ID="92367294" Value="VESA-certified DisplayHDR 400 delivers a significant step up from normal SDR displays. Unlike other 'HDR-compatible' screens, true DisplayHDR 400 produces astonishing brightness, contrast and colours. With global dimming and minimum 400 nits of brightness, images come to life with notable highlights while featuring deeper, more nuanced blacks. It renders a fuller palette of rich new colours, delivering a visual experience that engages your senses." HighPic="https://images.icecat.biz/img/bullets/120902488-684a72860fb53738491296.jpg" HighPicSize="0" No="3" Title="DisplayHDR 400 for more lifelike and outstanding visuals" langid="1" origin="RTB" IsRich="0"/>
   <ReasonToBuy ID="92367295" Value="This feature is perfect for multi-person video conferencing. When one or more people join the webcam view, the frame will automatically adjust and zoom to fit all team members. Likewise, when participants leave the webcam view, the frame will adjust accordingly, thereby making it ideal for long meetings as well as team calls." HighPic="https://images.icecat.biz/img/bullets/120902488-684a72866469e085595862.jpg" HighPicSize="0" No="4" Title="Webcam Autoframing: for dynamic video calls" langid="1" origin="RTB" IsRich="0"/>
   <ReasonToBuy ID="92747571" Value="Unlike traditional built-in KVM monitor buttons, the smart KVM allows for switching between sources with the click of a button on your keyboard. When all devices are properly connected, users can easily switch between sources by clicking the &quot;Ctrl&quot; key three times." HighPic="https://images.icecat.biz/img/bullets/120902488-684a7286b8271890271160.jpg" HighPicSize="0" No="5" Title="SmartKVM: for easily switching between sources." langid="1" origin="RTB" IsRich="0"/>
   <ReasonToBuy ID="92747572" Value="Earphone storage is unmatched with this feature. Carefully pull down the hook located on the side of the monitor: This feature makes for a tidy desktop and provides a handy cable management solution for your workspace." HighPic="https://images.icecat.biz/img/bullets/120902488-684a72871941d539510455.jpg" HighPicSize="0" No="6" Title="Earphone hook: for customisable storage" langid="1" origin="RTB" IsRich="0"/>
   <ReasonToBuy ID="79402289" Value="Level up the comfort of video conferencing with this feature. By adjusting the webcam back and forth by 30 degrees, users can now comfortably call and attend meetings from any position that best suits them." HighPic="https://images.icecat.biz/img/bullets/120902488-6666901001736107765200.jpg" HighPicSize="0" No="7" Title="Adjustable Webcam: for video conferencing in comfort." langid="1" origin="RTB" IsRich="0"/>
   <ReasonToBuy ID="92747573" Value="Desktop monitors offer a personal user experience, which suits a curved design very well. The curved screen provides a pleasant yet subtle immersion effect, which focuses on you at the centre of your desk." HighPic="https://images.icecat.biz/img/bullets/120902488-684a728851144821151956.jpg" HighPicSize="0" No="8" Title="Curved display design for a more immersive experience" langid="1" origin="RTB" IsRich="0"/>
   <ReasonToBuy ID="92367297" Value="32:9 SuperWide 49&quot; screen with 5120 x 1440 resolution is designed to replace multiscreen setups for a massive wide view. It's like having two 27&quot; 16:9 Quad HD displays side by side. SuperWide monitors offer the screen area of dual monitors without the complicated setup." HighPic="https://images.icecat.biz/img/bullets/120902488-684a7288a1a58522720235.jpg" HighPicSize="0" No="9" Title="32:9 SuperWide screen designed to replace multiscreen setups" langid="1" origin="RTB" IsRich="0"/>
   <ReasonToBuy ID="92367298" Value="This feature allows for privacy and optimal collaboration when working in a busy office setting. To transmit to others that they are busy, users can simply press the Busylight hotkey located on the bottom left menu of the monitor bezel, and the light located on the webcam will turn red. In addition to this, the Busylight feature can also sync with users' Microsoft Teams status." HighPic="https://images.icecat.biz/img/bullets/120902488-684a7289110cd978323898.jpg" HighPicSize="0" No="10" Title="Busylight: for setting your work status" langid="1" origin="RTB" IsRich="0"/>
   <ReasonToBuy ID="92367299" Value="This Philips monitor comes with a built-in 5 MP webcam, noise-cancelling microphone and speakers, making it perfect for working from home and collaborating remotely. It is equipped with advanced sensors that work seamlessly with Windows Hello facial recognition, allowing you to log into your Windows devices in less than 2 seconds. For added privacy, a physical camera switch lets you disable the webcam when not in use. The noise-cancelling microphone and dual 5 watt integrated speakers ensure clear communication." HighPic="https://images.icecat.biz/img/bullets/120902488-684529f7cf9aa108092557.jpg" HighPicSize="0" No="11" Title="Collaboration-ready webcam with noise-cancelling mic." langid="1" origin="RTB" IsRich="0"/>
   <ReasonToBuy ID="93068418" Value="This monitor's PowerSensor 2 feature reduces energy consumption by detecting when users move closer and further away from the screen. After switching the OSD setting to &quot;User&quot;, you then need to adjust the settings in Windows 11 for this feature to function properly. When these adjustments are made, the monitor and connected PC/laptop will wake when someone approaches it and sleep when someone walks away, effectively reducing the amount of wake time. The distance for detection can be set to 50, 75 or 120 cm from the user's laptop. Please note that Windows 11 must be installed." HighPic="https://images.icecat.biz/img/bullets/120902488-6832a6c0da78f228163885.jpg" HighPicSize="0" No="12" Title="PowerSensor 2: for optimised energy efficiency" langid="1" origin="RTB" IsRich="0"/>
  </ReasonsToBuy>
  <BulletPoints/>
  <GeneratedBulletPoints>
   <GeneratedBulletPoint Value="124.5 cm (49&quot;) LCD VA" langid="1" No="1"/>
   <GeneratedBulletPoint Value="Dual QHD 5120 x 1440 pixels 32:9" langid="1" No="2"/>
   <GeneratedBulletPoint Value="100 Hz 4 ms 450 cd/m² 3000:1" langid="1" No="3"/>
   <GeneratedBulletPoint Value="F 42 kWh 41.85 W" langid="1" No="4"/>
  </GeneratedBulletPoints>
  <ProductBundled/>
  <ProductDescription ID="95609682" LongDesc="This Philips Thunderbolt™ 4 monitor is designed with everything you need for a collaborative remote workspace. Its webcam sports features such as auto-framing and a busy light for an unmatched video conferencing experience." ManualPDFSize="0" ManualPDFURL="" MiddleDesc="" PDFSize="0" PDFURL="" ShortDesc="Curved Business monitor 49B2U6903CH 32:9 SuperWide Thunderbolt™ 4 monitor" URL="https://mmdmonitors.com/" WarrantyInfo="" langid="1"/>
  <ProductFamily ID="64668" LowPic="" ThumbPic="">
   <Name ID="1310667" langid="1" Value="6000 series"/>
  </ProductFamily>
  <ProductFeature Localized="0" ID="670927279" Local_ID="0" Value="49" CategoryFeature_ID="11608" CategoryFeatureGroup_ID="100" No="10101000" Optional="0" Presentation_Value="124.5 cm (49&quot;)" Translated="0" Mandatory="1" Searchable="1">
   <LocalValue Value="124.5">
    <Measure ID="34">
     <Signs>
      <Sign ID="18" langid="1"><![CDATA[cm]]></Sign>
     </Signs>
    </Measure>
   </LocalValue>
   <Feature ID="944">
    <Measure ID="16" Sign="">
     <Signs>
      <Sign ID="11" langid="1"><![CDATA["]]></Sign>
     </Signs>
    </Measure>
    <Name ID="3429" langid="1" Value="Display diagonal"/>
   </Feature>
  </ProductFeature>
  <ProductFeature Localized="0" ID="670914720" Local_ID="0" Value="5120 x 1440" CategoryFeature_ID="9316" CategoryFeatureGroup_ID="100" No="10100990" Optional="0" Presentation_Value="5120 x 1440 pixels" Translated="0" Mandatory="1" Searchable="1">
   <LocalValue Value="5120 x 1440">
    <Measure ID="39">
     <Signs>
      <Sign ID="23" langid="1"><![CDATA[pixels]]></Sign>
     </Signs>
    </Measure>
   </LocalValue>
   <Feature ID="1585">
    <Measure ID="39" Sign="">
     <Signs>
      <Sign ID="23" langid="1"><![CDATA[pixels]]></Sign>
     </Signs>
    </Measure>
    <Name ID="4927" langid="1" Value="Display resolution"/>
   </Feature>
  </ProductFeature>
  <ProductFeature Localized="0" ID="670914718" Local_ID="0" Value="32:9" CategoryFeature_ID="155124" CategoryFeatureGroup_ID="100" No="10100970" Optional="0" Presentation_Value="32:9" Translated="0" Mandatory="1" Searchable="1">
   <LocalValue Value="32:9">
    <Measure ID="29">
     <Signs/>
    </Measure>
   </LocalValue>
   <Feature ID="11417">
    <Measure ID="29" Sign="">
     <Signs/>
    </Measure>
    <Name ID="1045266" langid="1" Value="Native aspect ratio"/>
   </Feature>
  </ProductFeature>
  <ProductFeature Localized="0" ID="670927280" Local_ID="0" Value="LCD" CategoryFeature_ID="57158" CategoryFeatureGroup_ID="100" No="10100960" Optional="0" Presentation_Value="LCD" Translated="1" Mandatory="1" Searchable="1">
   <LocalValue Value="LCD">
    <Measure ID="29">
     <Signs/>
    </Measure>
   </LocalValue>
   <Feature ID="9713">
    <Measure ID="29" Sign="">
     <Signs/>
    </Measure>
    <Name ID="804833" langid="1" Value="Display technology"/>
   </Feature>
  </ProductFeature>
  <ProductFeature Localized="0" ID="670927316" Local_ID="0" Value="Dual QHD" CategoryFeature_ID="74099" CategoryFeatureGroup_ID="100" No="100980" Optional="0" Presentation_Value="Dual QHD" Translated="0" Mandatory="1" Searchable="0">
   <LocalValue Value="Dual QHD">
    <Measure ID="29">
     <Signs/>
    </Measure>
   </LocalValue>
   <Feature ID="11424">
    <Measure ID="29" Sign="">
     <Signs/>
    </Measure>
    <Name ID="1045472" langid="1" Value="HD type"/>
   </Feature>
  </ProductFeature>
  <ProductFeature Localized="0" ID="670927335" Local_ID="0" Value="VA" CategoryFeature_ID="255240" CategoryFeatureGroup_ID="100" No="100950" Optional="0" Presentation_Value="VA" Translated="0" Mandatory="1" Searchable="0">
   <LocalValue Value="VA">
    <Measure ID="29">
     <Signs/>
    </Measure>
   </LocalValue>
   <Feature ID="15285">
    <Measure ID="29" Sign="">
     <Signs/>
    </Measure>
    <Name ID="1161461" langid="1" Value="Panel type"/>
   </Feature>
  </ProductFeature>
  <ProductFeature Localized="0" ID="670927421" Local_ID="0" Value="4" CategoryFeature_ID="5285" CategoryFeatureGroup_ID="100" No="100870" Optional="0" Presentation_Value="4 ms" Translated="0" Mandatory="1" Searchable="0">
   <LocalValue Value="4">
    <Measure ID="27">
     <Signs>
      <Sign ID="1" langid="1"><![CDATA[ms]]></Sign>
     </Signs>
    </Measure>
   </LocalValue>
   <Feature ID="1516">
    <Measure ID="27" Sign="">
     <Signs>
      <Sign ID="1" langid="1"><![CDATA[ms]]></Sign>
     </Signs>
    </Measure>
    <Name ID="4751" langid="1" Value="Response time"/>
   </Feature>
  </ProductFeature>
  <ProductFeature Localized="0" ID="670927441" Local_ID="0" Value="Curved screen" CategoryFeature_ID="133269" CategoryFeatureGroup_ID="100" No="100840" Optional="0" Presentation_Value="Curved" Translated="1" Mandatory="1" Searchable="0">
   <LocalValue Value="Curved">
    <Measure ID="29">
     <Signs/>
    </Measure>
   </LocalValue>
   <Feature ID="17554">
    <Measure ID="29" Sign="">
     <Signs/>
    </Measure>
    <Name ID="1247341" langid="1" Value="Screen shape"/>
   </Feature>
  </ProductFeature>
  <ProductFeature Localized="0" ID="670927486" Local_ID="0" Value="3000:1" CategoryFeature_ID="4943" CategoryFeatureGroup_ID="100" No="100790" Optional="0" Presentation_Value="3000:1" Translated="0" Mandatory="1" Searchable="0">
   <LocalValue Value="3000:1">
    <Measure ID="29">
     <Signs/>
    </Measure>
   </LocalValue>
   <Feature ID="34">
    <Measure ID="29" Sign="">
     <Signs/>
    </Measure>
    <Name ID="1383" langid="1" Value="Contrast ratio (typical)"/>
   </Feature>
  </ProductFeature>
  <ProductFeature Localized="0" ID="670927505" Local_ID="0" Value="100" CategoryFeature_ID="183826" CategoryFeatureGroup_ID="100" No="100760" Optional="0" Presentation_Value="100 Hz" Translated="0" Mandatory="1" Searchable="0">
   <LocalValue Value="100">
    <Measure ID="36">
     <Signs>
      <Sign ID="20" langid="1"><![CDATA[Hz]]></Sign>
     </Signs>
    </Measure>
   </LocalValue>
   <Feature ID="7450">
    <Measure ID="36" Sign="">
     <Signs>
      <Sign ID="20" langid="1"><![CDATA[Hz]]></Sign>
     </Signs>
    </Measure>
    <Name ID="559818" langid="1" Value="Maximum refresh rate"/>
   </Feature>
  </ProductFeature>
  <ProductFeature Localized="0" ID="670927546" Local_ID="0" Value="1.07 billion colours" CategoryFeature_ID="154116" CategoryFeatureGroup_ID="100" No="100730" Optional="0" Presentation_Value="1.07 billion colours" Translated="1" Mandatory="1" Searchable="0">
   <LocalValue Value="1.07 billion colours">
    <Measure ID="29">
     <Signs/>
    </Measure>
   </LocalValue>
   <Feature ID="24847">
    <Measure ID="29" Sign="">
     <Signs/>
    </Measure>
    <Name ID="2065760" langid="1" Value="Display number of colours"/>
   </Feature>
  </ProductFeature>
  <ProductFeature Localized="0" ID="670927336" Local_ID="0" Value="Y" CategoryFeature_ID="920723" CategoryFeatureGroup_ID="100" No="100941" Optional="0" Presentation_Value="Yes" Translated="1" Mandatory="0" Searchable="0">
   <LocalValue Value="Yes">
    <Measure ID="26">
     <Signs/>
    </Measure>
   </LocalValue>
   <Feature ID="6784">
    <Measure ID="26" Sign="">
     <Signs/>
    </Measure>
    <Name ID="294044" langid="1" Value="LED backlight"/>
   </Feature>
  </ProductFeature>
  <ProductFeature Localized="0" ID="670927337" Local_ID="0" Value="W-LED" CategoryFeature_ID="57198" CategoryFeatureGroup_ID="100" No="100940" Optional="0" Presentation_Value="W-LED" Translated="0" Mandatory="0" Searchable="0">
   <LocalValue Value="W-LED">
    <Measure ID="29">
     <Signs/>
    </Measure>
   </LocalValue>
   <Feature ID="7369">
    <Measure ID="29" Sign="">
     <Signs/>
    </Measure>
    <Name ID="513879" langid="1" Value="Backlight type"/>
   </Feature>
  </ProductFeature>
  <ProductFeature Localized="0" ID="670927418" Local_ID="0" Value="500" CategoryFeature_ID="255213" CategoryFeatureGroup_ID="100" No="100890" Optional="0" Presentation_Value="500 cd/m²" Translated="0" Mandatory="0" Searchable="0">
   <LocalValue Value="500">
    <Measure ID="43">
     <Signs>
      <Sign ID="27" langid="1"><![CDATA[cd/m²]]></Sign>
     </Signs>
    </Measure>
   </LocalValue>
   <Feature ID="36440">
    <Measure ID="43" Sign="">
     <Signs>
      <Sign ID="27" langid="1"><![CDATA[cd/m²]]></Sign>
     </Signs>
    </Measure>
    <Name ID="4222930" langid="1" Value="Display brightness (peak)"/>
   </Feature>
  </ProductFeature>
  <ProductFeature Localized="0" ID="670927419" Local_ID="0" Value="450" CategoryFeature_ID="255214" CategoryFeatureGroup_ID="100" No="100880" Optional="0" Presentation_Value="450 cd/m²" Translated="0" Mandatory="0" Searchable="0">
   <LocalValue Value="450">
    <Measure ID="43">
     <Signs>
      <Sign ID="27" langid="1"><![CDATA[cd/m²]]></Sign>
     </Signs>
    </Measure>
   </LocalValue>
   <Feature ID="36441">
    <Measure ID="43" Sign="">
     <Signs>
      <Sign ID="27" langid="1"><![CDATA[cd/m²]]></Sign>
     </Signs>
    </Measure>
    <Name ID="4223041" langid="1" Value="Display brightness (typical)"/>
   </Feature>
  </ProductFeature>
  <ProductFeature Localized="0" ID="670927440" Local_ID="0" Value="Y" CategoryFeature_ID="594924" CategoryFeatureGroup_ID="100" No="100850" Optional="0" Presentation_Value="Yes" Translated="1" Mandatory="0" Searchable="0">
   <LocalValue Value="Yes">
    <Measure ID="26">
     <Signs/>
    </Measure>
   </LocalValue>
   <Feature ID="10443">
    <Measure ID="26" Sign="">
     <Signs/>
    </Measure>
    <Name ID="905463" langid="1" Value="Anti-glare screen"/>
   </Feature>
  </ProductFeature>
  <ProductFeature Localized="0" ID="835275091" Local_ID="0" Value="1800R" CategoryFeature_ID="595332" CategoryFeatureGroup_ID="100" No="100830" Optional="0" Presentation_Value="1800R" Translated="0" Mandatory="0" Searchable="0">
   <LocalValue Value="1800R">
    <Measure ID="29">
     <Signs/>
    </Measure>
   </LocalValue>
   <Feature ID="42456">
    <Measure ID="29" Sign="">
     <Signs/>
    </Measure>
    <Name ID="6869752" langid="1" Value="Screen curvature rating"/>
   </Feature>
  </ProductFeature>
  <ProductFeature Localized="0" ID="670927487" Local_ID="0" Value="80000000:1" CategoryFeature_ID="31337" CategoryFeatureGroup_ID="100" No="100780" Optional="0" Presentation_Value="80000000:1" Translated="0" Mandatory="0" Searchable="0">
   <LocalValue Value="80000000:1">
    <Measure ID="29">
     <Signs/>
    </Measure>
   </LocalValue>
   <Feature ID="6087">
    <Measure ID="29" Sign="">
     <Signs/>
    </Measure>
    <Name ID="138022" langid="1" Value="Contrast ratio (dynamic)"/>
   </Feature>
  </ProductFeature>
  <ProductFeature Localized="0" ID="670927507" Local_ID="0" Value="178" CategoryFeature_ID="4940" CategoryFeatureGroup_ID="100" No="100750" Optional="0" Presentation_Value="178°" Translated="0" Mandatory="0" Searchable="0">
   <LocalValue Value="178">
    <Measure ID="32">
     <Signs>
      <Sign ID="16" langid="1"><![CDATA[°]]></Sign>
     </Signs>
    </Measure>
   </LocalValue>
   <Feature ID="37">
    <Measure ID="32" Sign="">
     <Signs>
      <Sign ID="16" langid="1"><![CDATA[°]]></Sign>
     </Signs>
    </Measure>
    <Name ID="1393" langid="1" Value="Viewing angle, horizontal"/>
   </Feature>
  </ProductFeature>
  <ProductFeature Localized="0" ID="670927526" Local_ID="0" Value="178" CategoryFeature_ID="4941" CategoryFeatureGroup_ID="100" No="100740" Optional="0" Presentation_Value="178°" Translated="0" Mandatory="0" Searchable="0">
   <LocalValue Value="178">
    <Measure ID="32">
     <Signs>
      <Sign ID="16" langid="1"><![CDATA[°]]></Sign>
     </Signs>
    </Measure>
   </LocalValue>
   <Feature ID="38">
    <Measure ID="32" Sign="">
     <Signs>
      <Sign ID="16" langid="1"><![CDATA[°]]></Sign>
     </Signs>
    </Measure>
    <Name ID="1395" langid="1" Value="Viewing angle, vertical"/>
   </Feature>
  </ProductFeature>
  <ProductFeature Localized="0" ID="670927565" Local_ID="0" Value="0.2328 x 0.2328" CategoryFeature_ID="1992" CategoryFeatureGroup_ID="100" No="100700" Optional="0" Presentation_Value="0.2328 x 0.2328 mm" Translated="0" Mandatory="0" Searchable="0">
   <LocalValue Value="0.233 x 0.233">
    <Measure ID="24">
     <Signs>
      <Sign ID="3" langid="1"><![CDATA[mm]]></Sign>
     </Signs>
    </Measure>
   </LocalValue>
   <Feature ID="32">
    <Measure ID="24" Sign="">
     <Signs>
      <Sign ID="3" langid="1"><![CDATA[mm]]></Sign>
     </Signs>
    </Measure>
    <Name ID="1377" langid="1" Value="Pixel pitch"/>
   </Feature>
  </ProductFeature>
  <ProductFeature Localized="0" ID="670927566" Local_ID="0" Value="109" CategoryFeature_ID="103245" CategoryFeatureGroup_ID="100" No="100690" Optional="0" Presentation_Value="109 ppi" Translated="0" Mandatory="0" Searchable="0">
   <LocalValue Value="109">
    <Measure ID="243">
     <Signs>
      <Sign ID="14247" langid="1"><![CDATA[ppi]]></Sign>
     </Signs>
    </Measure>
   </LocalValue>
   <Feature ID="13246">
    <Measure ID="243" Sign="">
     <Signs>
      <Sign ID="14247" langid="1"><![CDATA[ppi]]></Sign>
     </Signs>
    </Measure>
    <Name ID="1097254" langid="1" Value="Pixel density"/>
   </Feature>
  </ProductFeature>
  <ProductFeature Localized="0" ID="670927605" Local_ID="0" Value="30 - 200" CategoryFeature_ID="2548" CategoryFeatureGroup_ID="100" No="100680" Optional="0" Presentation_Value="30 - 200 kHz" Translated="0" Mandatory="0" Searchable="0">
   <LocalValue Value="30 - 200">
    <Measure ID="31">
     <Signs>
      <Sign ID="15" langid="1"><![CDATA[kHz]]></Sign>
     </Signs>
    </Measure>
   </LocalValue>
   <Feature ID="35">
    <Measure ID="31" Sign="">
     <Signs>
      <Sign ID="15" langid="1"><![CDATA[kHz]]></Sign>
     </Signs>
    </Measure>
    <Name ID="1387" langid="1" Value="Horizontal scan range"/>
   </Feature>
  </ProductFeature>
  <ProductFeature Localized="0" ID="670927606" Local_ID="0" Value="48 - 120" CategoryFeature_ID="4931" CategoryFeatureGroup_ID="100" No="100670" Optional="0" Presentation_Value="48 - 120 Hz" Translated="0" Mandatory="0" Searchable="0">
   <LocalValue Value="48 - 120">
    <Measure ID="36">
     <Signs>
      <Sign ID="20" langid="1"><![CDATA[Hz]]></Sign>
     </Signs>
    </Measure>
   </LocalValue>
   <Feature ID="90">
    <Measure ID="36" Sign="">
     <Signs>
      <Sign ID="20" langid="1"><![CDATA[Hz]]></Sign>
     </Signs>
    </Measure>
    <Name ID="1517" langid="1" Value="Vertical scan range"/>
   </Feature>
  </ProductFeature>
  <ProductFeature Localized="0" ID="670927608" Local_ID="0" Value="1191.936" CategoryFeature_ID="4938" CategoryFeatureGroup_ID="100" No="100660" Optional="0" Presentation_Value="119.2 cm" Translated="0" Mandatory="0" Searchable="0">
   <LocalValue Value="119.2">
    <Measure ID="34">
     <Signs>
      <Sign ID="18" langid="1"><![CDATA[cm]]></Sign>
     </Signs>
    </Measure>
   </LocalValue>
   <Feature ID="91">
    <Measure ID="24" Sign="">
     <Signs>
      <Sign ID="3" langid="1"><![CDATA[mm]]></Sign>
     </Signs>
    </Measure>
    <Name ID="1519" langid="1" Value="Viewable size, horizontal"/>
   </Feature>
  </ProductFeature>
  <ProductFeature Localized="0" ID="670927626" Local_ID="0" Value="335.232" CategoryFeature_ID="4939" CategoryFeatureGroup_ID="100" No="100650" Optional="0" Presentation_Value="33.5 cm" Translated="0" Mandatory="0" Searchable="0">
   <LocalValue Value="33.5">
    <Measure ID="34">
     <Signs>
      <Sign ID="18" langid="1"><![CDATA[cm]]></Sign>
     </Signs>
    </Measure>
   </LocalValue>
   <Feature ID="92">
    <Measure ID="24" Sign="">
     <Signs>
      <Sign ID="3" langid="1"><![CDATA[mm]]></Sign>
     </Signs>
    </Measure>
    <Name ID="1521" langid="1" Value="Viewable size, vertical"/>
   </Feature>
  </ProductFeature>
  <ProductFeature Localized="0" ID="670927627" Local_ID="0" Value="Y" CategoryFeature_ID="253280" CategoryFeatureGroup_ID="100" No="100580" Optional="0" Presentation_Value="Yes" Translated="1" Mandatory="0" Searchable="0">
   <LocalValue Value="Yes">
    <Measure ID="26">
     <Signs/>
    </Measure>
   </LocalValue>
   <Feature ID="36310">
    <Measure ID="26" Sign="">
     <Signs/>
    </Measure>
    <Name ID="4111848" langid="1" Value="High Dynamic Range (HDR) supported"/>
   </Feature>
  </ProductFeature>
  <ProductFeature Localized="0" ID="670927646" Local_ID="0" Value="High Dynamic Range (HDR) 400" CategoryFeature_ID="594925" CategoryFeatureGroup_ID="100" No="100570" Optional="0" Presentation_Value="High Dynamic Range (HDR) 400" Translated="0" Mandatory="0" Searchable="0">
   <LocalValue Value="High Dynamic Range (HDR) 400">
    <Measure ID="29">
     <Signs/>
    </Measure>
   </LocalValue>
   <Feature ID="40712">
    <Measure ID="29" Sign="">
     <Signs/>
    </Measure>
    <Name ID="6137533" langid="1" Value="High Dynamic Range (HDR) technology"/>
   </Feature>
  </ProductFeature>
  <ProductFeature Localized="0" ID="670927647" Local_ID="0" Value="Y" CategoryFeature_ID="103243" CategoryFeatureGroup_ID="100" No="100560" Optional="0" Presentation_Value="Yes" Translated="1" Mandatory="0" Searchable="0">
   <LocalValue Value="Yes">
    <Measure ID="26">
     <Signs/>
    </Measure>
   </LocalValue>
   <Feature ID="17862">
    <Measure ID="26" Sign="">
     <Signs/>
    </Measure>
    <Name ID="1278411" langid="1" Value="DDC/CI"/>
   </Feature>
  </ProductFeature>
  <ProductFeature Localized="0" ID="670927668" Local_ID="0" Value="25" CategoryFeature_ID="904227" CategoryFeatureGroup_ID="100" No="100540" Optional="0" Presentation_Value="25%" Translated="0" Mandatory="0" Searchable="0">
   <LocalValue Value="25">
    <Measure ID="64">
     <Signs>
      <Sign ID="47" langid="1"><![CDATA[%]]></Sign>
     </Signs>
    </Measure>
   </LocalValue>
   <Feature ID="28526">
    <Measure ID="64" Sign="">
     <Signs>
      <Sign ID="47" langid="1"><![CDATA[%]]></Sign>
     </Signs>
    </Measure>
    <Name ID="2559679" langid="1" Value="Haze rate"/>
   </Feature>
  </ProductFeature>
  <ProductFeature Localized="0" ID="670927669" Local_ID="0" Value="3H" CategoryFeature_ID="163809" CategoryFeatureGroup_ID="100" No="100530" Optional="0" Presentation_Value="3H" Translated="0" Mandatory="0" Searchable="0">
   <LocalValue Value="3H">
    <Measure ID="29">
     <Signs/>
    </Measure>
   </LocalValue>
   <Feature ID="26001">
    <Measure ID="29" Sign="">
     <Signs/>
    </Measure>
    <Name ID="2182990" langid="1" Value="Surface hardness"/>
   </Feature>
  </ProductFeature>
  <ProductFeature Localized="0" ID="670927686" Local_ID="0" Value="97" CategoryFeature_ID="228629" CategoryFeatureGroup_ID="100" No="100450" Optional="0" Presentation_Value="97%" Translated="0" Mandatory="0" Searchable="0">
   <LocalValue Value="97">
    <Measure ID="64">
     <Signs>
      <Sign ID="47" langid="1"><![CDATA[%]]></Sign>
     </Signs>
    </Measure>
   </LocalValue>
   <Feature ID="33817">
    <Measure ID="64" Sign="">
     <Signs>
      <Sign ID="47" langid="1"><![CDATA[%]]></Sign>
     </Signs>
    </Measure>
    <Name ID="3474743" langid="1" Value="NTSC coverage (typical)"/>
   </Feature>
  </ProductFeature>
  <ProductFeature Localized="0" ID="670927859" Local_ID="0" Value="Y" CategoryFeature_ID="335537" CategoryFeatureGroup_ID="10681" No="100920" Optional="0" Presentation_Value="Yes" Translated="1" Mandatory="0" Searchable="0">
   <LocalValue Value="Yes">
    <Measure ID="26">
     <Signs/>
    </Measure>
   </LocalValue>
   <Feature ID="41573">
    <Measure ID="26" Sign="">
     <Signs/>
    </Measure>
    <Name ID="6384501" langid="1" Value="VESA Adaptive Sync support"/>
   </Feature>
  </ProductFeature>
  <ProductFeature Localized="0" ID="670927990" Local_ID="0" Value="Y" CategoryFeature_ID="31341" CategoryFeatureGroup_ID="10887" No="10100700" Optional="0" Presentation_Value="Yes" Translated="1" Mandatory="1" Searchable="1">
   <LocalValue Value="Yes">
    <Measure ID="26">
     <Signs/>
    </Measure>
   </LocalValue>
   <Feature ID="2433">
    <Measure ID="26" Sign="">
     <Signs/>
    </Measure>
    <Name ID="12525" langid="1" Value="Built-in speaker(s)"/>
   </Feature>
  </ProductFeature>
  <ProductFeature Localized="0" ID="670927991" Local_ID="0" Value="Y" CategoryFeature_ID="67278" CategoryFeatureGroup_ID="10887" No="10100590" Optional="0" Presentation_Value="Yes" Translated="1" Mandatory="1" Searchable="1">
   <LocalValue Value="Yes">
    <Measure ID="26">
     <Signs/>
    </Measure>
   </LocalValue>
   <Feature ID="8074">
    <Measure ID="26" Sign="">
     <Signs/>
    </Measure>
    <Name ID="623118" langid="1" Value="Built-in camera"/>
   </Feature>
  </ProductFeature>
  <ProductFeature Localized="0" ID="670927992" Local_ID="0" Value="2" CategoryFeature_ID="207681" CategoryFeatureGroup_ID="10887" No="10100680" Optional="0" Presentation_Value="2" Translated="0" Mandatory="0" Searchable="0">
   <LocalValue Value="2">
    <Measure ID="29">
     <Signs/>
    </Measure>
   </LocalValue>
   <Feature ID="10183">
    <Measure ID="29" Sign="">
     <Signs/>
    </Measure>
    <Name ID="879403" langid="1" Value="Number of speakers"/>
   </Feature>
  </ProductFeature>
  <ProductFeature Localized="0" ID="670928008" Local_ID="0" Value="10" CategoryFeature_ID="17100" CategoryFeatureGroup_ID="10887" No="10100670" Optional="0" Presentation_Value="10 W" Translated="0" Mandatory="0" Searchable="0">
   <LocalValue Value="10">
    <Measure ID="44">
     <Signs>
      <Sign ID="28" langid="1"><![CDATA[W]]></Sign>
     </Signs>
    </Measure>
   </LocalValue>
   <Feature ID="1854">
    <Measure ID="44" Sign="">
     <Signs>
      <Sign ID="28" langid="1"><![CDATA[W]]></Sign>
     </Signs>
    </Measure>
    <Name ID="5709" langid="1" Value="RMS rated power"/>
   </Feature>
  </ProductFeature>
  <ProductFeature Localized="0" ID="670928009" Local_ID="0" Value="5" CategoryFeature_ID="31470" CategoryFeatureGroup_ID="10887" No="100660" Optional="0" Presentation_Value="5 MP" Translated="0" Mandatory="0" Searchable="0">
   <LocalValue Value="5">
    <Measure ID="165">
     <Signs>
      <Sign ID="3126" langid="1"><![CDATA[MP]]></Sign>
     </Signs>
    </Measure>
   </LocalValue>
   <Feature ID="63">
    <Measure ID="165" Sign="">
     <Signs>
      <Sign ID="3126" langid="1"><![CDATA[MP]]></Sign>
     </Signs>
    </Measure>
    <Name ID="1222461" langid="1" Value="Megapixel (approx.)"/>
   </Feature>
  </ProductFeature>
  <ProductFeature Localized="0" ID="670928269" Local_ID="0" Value="Y" CategoryFeature_ID="36489" CategoryFeatureGroup_ID="10887" No="100650" Optional="0" Presentation_Value="Yes" Translated="1" Mandatory="0" Searchable="0">
   <LocalValue Value="Yes">
    <Measure ID="26">
     <Signs/>
    </Measure>
   </LocalValue>
   <Feature ID="1025">
    <Measure ID="26" Sign="">
     <Signs/>
    </Measure>
    <Name ID="3591" langid="1" Value="Built-in microphone"/>
   </Feature>
  </ProductFeature>
  <ProductFeature Localized="0" ID="670928068" Local_ID="0" Value="Business" CategoryFeature_ID="245761" CategoryFeatureGroup_ID="10677" No="10100800" Optional="0" Presentation_Value="Business" Translated="1" Mandatory="1" Searchable="1">
   <LocalValue Value="Business">
    <Measure ID="29">
     <Signs/>
    </Measure>
   </LocalValue>
   <Feature ID="9021">
    <Measure ID="29" Sign="">
     <Signs/>
    </Measure>
    <Name ID="757557" langid="1" Value="Market positioning"/>
   </Feature>
  </ProductFeature>
  <ProductFeature Localized="0" ID="670928069" Local_ID="0" Value="Grey" CategoryFeature_ID="11218" CategoryFeatureGroup_ID="10677" No="10100790" Optional="0" Presentation_Value="Grey" Translated="1" Mandatory="1" Searchable="1">
   <LocalValue Value="Grey">
    <Measure ID="29">
     <Signs/>
    </Measure>
   </LocalValue>
   <Feature ID="1766">
    <Measure ID="29" Sign="">
     <Signs/>
    </Measure>
    <Name ID="5487" langid="1" Value="Product colour"/>
   </Feature>
  </ProductFeature>
  <ProductFeature Localized="0" ID="670928124" Local_ID="0" Value="Y" CategoryFeature_ID="139339" CategoryFeatureGroup_ID="1742" No="10100900" Optional="0" Presentation_Value="Yes" Translated="1" Mandatory="1" Searchable="1">
   <LocalValue Value="Yes">
    <Measure ID="26">
     <Signs/>
    </Measure>
   </LocalValue>
   <Feature ID="22838">
    <Measure ID="26" Sign="">
     <Signs/>
    </Measure>
    <Name ID="1804947" langid="1" Value="Built-in USB hub"/>
   </Feature>
  </ProductFeature>
  <ProductFeature Localized="0" ID="670927353" Local_ID="0" Value="Y" CategoryFeature_ID="37850" CategoryFeatureGroup_ID="1742" No="100740" Optional="0" Presentation_Value="Yes" Translated="1" Mandatory="1" Searchable="0">
   <LocalValue Value="Yes">
    <Measure ID="26">
     <Signs/>
    </Measure>
   </LocalValue>
   <Feature ID="5620">
    <Measure ID="26" Sign="">
     <Signs/>
    </Measure>
    <Name ID="100861" langid="1" Value="HDMI"/>
   </Feature>
  </ProductFeature>
  <ProductFeature Localized="0" ID="670928125" Local_ID="0" Value="3.2 Gen 2 (3.1 Gen 2)" CategoryFeature_ID="139340" CategoryFeatureGroup_ID="1742" No="100890" Optional="0" Presentation_Value="3.2 Gen 2 (3.1 Gen 2)" Translated="0" Mandatory="0" Searchable="0">
   <LocalValue Value="3.2 Gen 2 (3.1 Gen 2)">
    <Measure ID="29">
     <Signs/>
    </Measure>
   </LocalValue>
   <Feature ID="22839">
    <Measure ID="29" Sign="">
     <Signs/>
    </Measure>
    <Name ID="1804997" langid="1" Value="USB hub version"/>
   </Feature>
  </ProductFeature>
  <ProductFeature Localized="0" ID="670928139" Local_ID="0" Value="1" CategoryFeature_ID="682735" CategoryFeatureGroup_ID="1742" No="100850" Optional="0" Presentation_Value="1" Translated="0" Mandatory="0" Searchable="0">
   <LocalValue Value="1">
    <Measure ID="29">
     <Signs/>
    </Measure>
   </LocalValue>
   <Feature ID="42594">
    <Measure ID="29" Sign="">
     <Signs/>
    </Measure>
    <Name ID="6893949" langid="1" Value="Number of USB Type-C upstream ports quantity"/>
   </Feature>
  </ProductFeature>
  <ProductFeature Localized="0" ID="670928126" Local_ID="0" Value="4" CategoryFeature_ID="139347" CategoryFeatureGroup_ID="1742" No="100840" Optional="0" Presentation_Value="4" Translated="0" Mandatory="0" Searchable="0">
   <LocalValue Value="4">
    <Measure ID="29">
     <Signs/>
    </Measure>
   </LocalValue>
   <Feature ID="22842">
    <Measure ID="29" Sign="">
     <Signs/>
    </Measure>
    <Name ID="1805147" langid="1" Value="USB Type-A downstream ports quantity"/>
   </Feature>
  </ProductFeature>
  <ProductFeature Localized="0" ID="670928140" Local_ID="0" Value="1" CategoryFeature_ID="139349" CategoryFeatureGroup_ID="1742" No="100830" Optional="0" Presentation_Value="1" Translated="0" Mandatory="0" Searchable="0">
   <LocalValue Value="1">
    <Measure ID="29">
     <Signs/>
    </Measure>
   </LocalValue>
   <Feature ID="22843">
    <Measure ID="29" Sign="">
     <Signs/>
    </Measure>
    <Name ID="1805197" langid="1" Value="USB Type-C downstream ports quantity"/>
   </Feature>
  </ProductFeature>
  <ProductFeature Localized="0" ID="835276109" Local_ID="0" Value="Y" CategoryFeature_ID="326833" CategoryFeatureGroup_ID="1742" No="100820" Optional="0" Presentation_Value="Yes" Translated="1" Mandatory="0" Searchable="0">
   <LocalValue Value="Yes">
    <Measure ID="26">
     <Signs/>
    </Measure>
   </LocalValue>
   <Feature ID="31406">
    <Measure ID="26" Sign="">
     <Signs/>
    </Measure>
    <Name ID="3149430" langid="1" Value="USB Type-C DisplayPort Alternate Mode"/>
   </Feature>
  </ProductFeature>
  <ProductFeature Localized="0" ID="670928141" Local_ID="0" Value="Y" CategoryFeature_ID="308911" CategoryFeatureGroup_ID="1742" No="100810" Optional="0" Presentation_Value="Yes" Translated="1" Mandatory="0" Searchable="0">
   <LocalValue Value="Yes">
    <Measure ID="26">
     <Signs/>
    </Measure>
   </LocalValue>
   <Feature ID="34351">
    <Measure ID="26" Sign="">
     <Signs/>
    </Measure>
    <Name ID="3528368" langid="1" Value="USB Power Delivery (USB PD)"/>
   </Feature>
  </ProductFeature>
  <ProductFeature Localized="0" ID="670928154" Local_ID="0" Value="100" CategoryFeature_ID="308914" CategoryFeatureGroup_ID="1742" No="100800" Optional="0" Presentation_Value="100 W" Translated="0" Mandatory="0" Searchable="0">
   <LocalValue Value="100">
    <Measure ID="44">
     <Signs>
      <Sign ID="28" langid="1"><![CDATA[W]]></Sign>
     </Signs>
    </Measure>
   </LocalValue>
   <Feature ID="38616">
    <Measure ID="44" Sign="">
     <Signs>
      <Sign ID="28" langid="1"><![CDATA[W]]></Sign>
     </Signs>
    </Measure>
    <Name ID="5376423" langid="1" Value="USB Power Delivery up to"/>
   </Feature>
  </ProductFeature>
  <ProductFeature Localized="0" ID="670927355" Local_ID="0" Value="2" CategoryFeature_ID="20882" CategoryFeatureGroup_ID="1742" No="100730" Optional="0" Presentation_Value="2" Translated="0" Mandatory="0" Searchable="0">
   <LocalValue Value="2">
    <Measure ID="29">
     <Signs/>
    </Measure>
   </LocalValue>
   <Feature ID="3566">
    <Measure ID="29" Sign="">
     <Signs/>
    </Measure>
    <Name ID="39496" langid="1" Value="HDMI ports quantity"/>
   </Feature>
  </ProductFeature>
  <ProductFeature Localized="0" ID="670927373" Local_ID="0" Value="2.0" CategoryFeature_ID="270899" CategoryFeatureGroup_ID="1742" No="100720" Optional="0" Presentation_Value="2.0" Translated="0" Mandatory="0" Searchable="0">
   <LocalValue Value="2.0">
    <Measure ID="29">
     <Signs/>
    </Measure>
   </LocalValue>
   <Feature ID="5452">
    <Measure ID="29" Sign="">
     <Signs/>
    </Measure>
    <Name ID="78296" langid="1" Value="HDMI version"/>
   </Feature>
  </ProductFeature>
  <ProductFeature Localized="0" ID="670927443" Local_ID="0" Value="1" CategoryFeature_ID="35722" CategoryFeatureGroup_ID="1742" No="100690" Optional="0" Presentation_Value="1" Translated="0" Mandatory="0" Searchable="0">
   <LocalValue Value="1">
    <Measure ID="29">
     <Signs/>
    </Measure>
   </LocalValue>
   <Feature ID="6611">
    <Measure ID="29" Sign="">
     <Signs/>
    </Measure>
    <Name ID="240711" langid="1" Value="DisplayPorts quantity"/>
   </Feature>
  </ProductFeature>
  <ProductFeature Localized="0" ID="670927462" Local_ID="0" Value="1.4" CategoryFeature_ID="270900" CategoryFeatureGroup_ID="1742" No="100680" Optional="0" Presentation_Value="1.4" Translated="0" Mandatory="0" Searchable="0">
   <LocalValue Value="1.4">
    <Measure ID="29">
     <Signs/>
    </Measure>
   </LocalValue>
   <Feature ID="11111">
    <Measure ID="29" Sign="">
     <Signs/>
    </Measure>
    <Name ID="973870" langid="1" Value="DisplayPort version"/>
   </Feature>
  </ProductFeature>
  <ProductFeature Localized="0" ID="670927464" Local_ID="0" Value="1" CategoryFeature_ID="901699" CategoryFeatureGroup_ID="1742" No="100650" Optional="0" Presentation_Value="1" Translated="0" Mandatory="0" Searchable="0">
   <LocalValue Value="1">
    <Measure ID="29">
     <Signs/>
    </Measure>
   </LocalValue>
   <Feature ID="42349">
    <Measure ID="29" Sign="">
     <Signs/>
    </Measure>
    <Name ID="6823905" langid="1" Value="Thunderbolt 4 ports quantity"/>
   </Feature>
  </ProductFeature>
  <ProductFeature Localized="0" ID="670927484" Local_ID="0" Value="Y" CategoryFeature_ID="17099" CategoryFeatureGroup_ID="1742" No="100620" Optional="0" Presentation_Value="Yes" Translated="1" Mandatory="0" Searchable="0">
   <LocalValue Value="Yes">
    <Measure ID="29">
     <Signs/>
    </Measure>
   </LocalValue>
   <Feature ID="1786">
    <Measure ID="29" Sign="">
     <Signs/>
    </Measure>
    <Name ID="5551" langid="1" Value="Audio output"/>
   </Feature>
  </ProductFeature>
  <ProductFeature Localized="0" ID="670927567" Local_ID="0" Value="Y" CategoryFeature_ID="26708" CategoryFeatureGroup_ID="1742" No="100530" Optional="0" Presentation_Value="Yes" Translated="1" Mandatory="0" Searchable="0">
   <LocalValue Value="Yes">
    <Measure ID="26">
     <Signs/>
    </Measure>
   </LocalValue>
   <Feature ID="5636">
    <Measure ID="26" Sign="">
     <Signs/>
    </Measure>
    <Name ID="101298" langid="1" Value="HDCP"/>
   </Feature>
  </ProductFeature>
  <ProductFeature Localized="0" ID="670927586" Local_ID="0" Value="1.4/2.2" CategoryFeature_ID="903350" CategoryFeatureGroup_ID="1742" No="100520" Optional="0" Presentation_Value="1.4/2.2" Translated="0" Mandatory="0" Searchable="0">
   <LocalValue Value="1.4/2.2">
    <Measure ID="29">
     <Signs/>
    </Measure>
   </LocalValue>
   <Feature ID="9814">
    <Measure ID="29" Sign="">
     <Signs/>
    </Measure>
    <Name ID="820795" langid="1" Value="HDCP version"/>
   </Feature>
  </ProductFeature>
  <ProductFeature Localized="0" ID="835276464" Local_ID="0" Value="Y" CategoryFeature_ID="37844" CategoryFeatureGroup_ID="65611" No="100250" Optional="0" Presentation_Value="Yes" Translated="1" Mandatory="0" Searchable="0">
   <LocalValue Value="Yes">
    <Measure ID="26">
     <Signs/>
    </Measure>
   </LocalValue>
   <Feature ID="1347">
    <Measure ID="26" Sign="">
     <Signs/>
    </Measure>
    <Name ID="4235" langid="1" Value="Ethernet LAN"/>
   </Feature>
  </ProductFeature>
  <ProductFeature Localized="0" ID="670927648" Local_ID="0" Value="Y" CategoryFeature_ID="109688" CategoryFeatureGroup_ID="3070" No="10100400" Optional="0" Presentation_Value="Yes" Translated="1" Mandatory="1" Searchable="1">
   <LocalValue Value="Yes">
    <Measure ID="26">
     <Signs/>
    </Measure>
   </LocalValue>
   <Feature ID="16767">
    <Measure ID="26" Sign="">
     <Signs/>
    </Measure>
    <Name ID="1213583" langid="1" Value="VESA mounting"/>
   </Feature>
  </ProductFeature>
  <ProductFeature Localized="0" ID="670927702" Local_ID="0" Value="Y" CategoryFeature_ID="14296" CategoryFeatureGroup_ID="3070" No="100360" Optional="0" Presentation_Value="Yes" Translated="1" Mandatory="1" Searchable="0">
   <LocalValue Value="Yes">
    <Measure ID="26">
     <Signs/>
    </Measure>
   </LocalValue>
   <Feature ID="1352">
    <Measure ID="26" Sign="">
     <Signs/>
    </Measure>
    <Name ID="4245" langid="1" Value="Cable lock slot"/>
   </Feature>
  </ProductFeature>
  <ProductFeature Localized="0" ID="670927704" Local_ID="0" Value="Y" CategoryFeature_ID="68504" CategoryFeatureGroup_ID="3070" No="100340" Optional="0" Presentation_Value="Yes" Translated="1" Mandatory="1" Searchable="0">
   <LocalValue Value="Yes">
    <Measure ID="26">
     <Signs/>
    </Measure>
   </LocalValue>
   <Feature ID="1954">
    <Measure ID="26" Sign="">
     <Signs/>
    </Measure>
    <Name ID="6065" langid="1" Value="Height adjustment"/>
   </Feature>
  </ProductFeature>
  <ProductFeature Localized="0" ID="670927649" Local_ID="0" Value="100 x 100" CategoryFeature_ID="22159" CategoryFeatureGroup_ID="3070" No="100390" Optional="0" Presentation_Value="100 x 100 mm" Translated="0" Mandatory="0" Searchable="0">
   <LocalValue Value="100 x 100">
    <Measure ID="24">
     <Signs>
      <Sign ID="3" langid="1"><![CDATA[mm]]></Sign>
     </Signs>
    </Measure>
   </LocalValue>
   <Feature ID="4037">
    <Measure ID="24" Sign="">
     <Signs>
      <Sign ID="3" langid="1"><![CDATA[mm]]></Sign>
     </Signs>
    </Measure>
    <Name ID="56168" langid="1" Value="Panel mounting interface"/>
   </Feature>
  </ProductFeature>
  <ProductFeature Localized="0" ID="670927703" Local_ID="0" Value="Kensington" CategoryFeature_ID="252503" CategoryFeatureGroup_ID="3070" No="100350" Optional="0" Presentation_Value="Kensington" Translated="0" Mandatory="0" Searchable="0">
   <LocalValue Value="Kensington">
    <Measure ID="29">
     <Signs/>
    </Measure>
   </LocalValue>
   <Feature ID="14097">
    <Measure ID="29" Sign="">
     <Signs/>
    </Measure>
    <Name ID="1131032" langid="1" Value="Cable lock slot type"/>
   </Feature>
  </ProductFeature>
  <ProductFeature Localized="0" ID="670927705" Local_ID="0" Value="150" CategoryFeature_ID="1083333" CategoryFeatureGroup_ID="3070" No="100330" Optional="0" Presentation_Value="15 cm" Translated="0" Mandatory="0" Searchable="0">
   <LocalValue Value="15">
    <Measure ID="34">
     <Signs>
      <Sign ID="18" langid="1"><![CDATA[cm]]></Sign>
     </Signs>
    </Measure>
   </LocalValue>
   <Feature ID="25138">
    <Measure ID="24" Sign="">
     <Signs>
      <Sign ID="3" langid="1"><![CDATA[mm]]></Sign>
     </Signs>
    </Measure>
    <Name ID="2127802" langid="1" Value="Adjustable height (max)"/>
   </Feature>
  </ProductFeature>
  <ProductFeature Localized="0" ID="670927724" Local_ID="0" Value="Y" CategoryFeature_ID="71482" CategoryFeatureGroup_ID="3070" No="100300" Optional="0" Presentation_Value="Yes" Translated="1" Mandatory="0" Searchable="0">
   <LocalValue Value="Yes">
    <Measure ID="26">
     <Signs/>
    </Measure>
   </LocalValue>
   <Feature ID="7263">
    <Measure ID="26" Sign="">
     <Signs/>
    </Measure>
    <Name ID="352926" langid="1" Value="Swivelling"/>
   </Feature>
  </ProductFeature>
  <ProductFeature Localized="0" ID="670927725" Local_ID="0" Value="-30 - 30" CategoryFeature_ID="9092" CategoryFeatureGroup_ID="3070" No="100290" Optional="0" Presentation_Value="-30 - 30°" Translated="0" Mandatory="0" Searchable="0">
   <LocalValue Value="-30 - 30">
    <Measure ID="32">
     <Signs>
      <Sign ID="16" langid="1"><![CDATA[°]]></Sign>
     </Signs>
    </Measure>
   </LocalValue>
   <Feature ID="1956">
    <Measure ID="32" Sign="">
     <Signs>
      <Sign ID="16" langid="1"><![CDATA[°]]></Sign>
     </Signs>
    </Measure>
    <Name ID="6069" langid="1" Value="Swivel angle range"/>
   </Feature>
  </ProductFeature>
  <ProductFeature Localized="0" ID="670927726" Local_ID="0" Value="Y" CategoryFeature_ID="930782" CategoryFeatureGroup_ID="3070" No="100271" Optional="0" Presentation_Value="Yes" Translated="1" Mandatory="0" Searchable="0">
   <LocalValue Value="Yes">
    <Measure ID="26">
     <Signs/>
    </Measure>
   </LocalValue>
   <Feature ID="8302">
    <Measure ID="26" Sign="">
     <Signs/>
    </Measure>
    <Name ID="637449" langid="1" Value="Tilt adjustment"/>
   </Feature>
  </ProductFeature>
  <ProductFeature Localized="0" ID="670927741" Local_ID="0" Value="-5 - 20" CategoryFeature_ID="18150" CategoryFeatureGroup_ID="3070" No="100270" Optional="0" Presentation_Value="-5 - 20°" Translated="0" Mandatory="0" Searchable="0">
   <LocalValue Value="-5 - 20">
    <Measure ID="32">
     <Signs>
      <Sign ID="16" langid="1"><![CDATA[°]]></Sign>
     </Signs>
    </Measure>
   </LocalValue>
   <Feature ID="2077">
    <Measure ID="32" Sign="">
     <Signs>
      <Sign ID="16" langid="1"><![CDATA[°]]></Sign>
     </Signs>
    </Measure>
    <Name ID="9227" langid="1" Value="Tilt angle range"/>
   </Feature>
  </ProductFeature>
  <ProductFeature Localized="0" ID="670927742" Local_ID="0" Value="Y" CategoryFeature_ID="47992" CategoryFeatureGroup_ID="3070" No="100250" Optional="0" Presentation_Value="Yes" Translated="1" Mandatory="0" Searchable="0">
   <LocalValue Value="Yes">
    <Measure ID="26">
     <Signs/>
    </Measure>
   </LocalValue>
   <Feature ID="3064">
    <Measure ID="26" Sign="">
     <Signs/>
    </Measure>
    <Name ID="29248" langid="1" Value="On Screen Display (OSD)"/>
   </Feature>
  </ProductFeature>
  <ProductFeature Localized="0" ID="670927820" Local_ID="0" Value="CHI (SIMPL),CHI (TR),CZE,DEU,DUT,ENG,ESP,FIN,FRE,GRE,HUN,ITA,JPN,KOR,POL,POR,RUS,TUR,UKR" CategoryFeature_ID="22175" CategoryFeatureGroup_ID="3070" No="100240" Optional="0" Presentation_Value="Simplified Chinese, Traditional Chinese, Czech, German, Dutch, English, Spanish, Finnish, French, Greek, Hungarian, Italian, Japanese, Korean, Polish, Portuguese, Russian, Turkish, Ukrainian" Translated="1" Mandatory="0" Searchable="0">
   <LocalValue Value="Simplified Chinese, Traditional Chinese, Czech, German, Dutch, English, Spanish, Finnish, French, Greek, Hungarian, Italian, Japanese, Korean, Polish, Portuguese, Russian, Turkish, Ukrainian">
    <Measure ID="29">
     <Signs/>
    </Measure>
   </LocalValue>
   <Feature ID="4275">
    <Measure ID="29" Sign="">
     <Signs/>
    </Measure>
    <Name ID="59894" langid="1" Value="On Screen Display (OSD) languages"/>
   </Feature>
  </ProductFeature>
  <ProductFeature Localized="0" ID="670927858" Local_ID="0" Value="F" CategoryFeature_ID="708167" CategoryFeatureGroup_ID="99" No="100300" Optional="0" Presentation_Value="F" Translated="0" Mandatory="1" Searchable="0">
   <LocalValue Value="F">
    <Measure ID="29">
     <Signs/>
    </Measure>
   </LocalValue>
   <Feature ID="42856">
    <Measure ID="29" Sign="">
     <Signs/>
    </Measure>
    <Name ID="7158665" langid="1" Value="Energy efficiency class (SDR)"/>
   </Feature>
  </ProductFeature>
  <ProductFeature Localized="0" ID="670927860" Local_ID="0" Value="G" CategoryFeature_ID="708168" CategoryFeatureGroup_ID="99" No="100290" Optional="0" Presentation_Value="G" Translated="0" Mandatory="1" Searchable="0">
   <LocalValue Value="G">
    <Measure ID="29">
     <Signs/>
    </Measure>
   </LocalValue>
   <Feature ID="42857">
    <Measure ID="29" Sign="">
     <Signs/>
    </Measure>
    <Name ID="7158734" langid="1" Value="Energy efficiency class (HDR)"/>
   </Feature>
  </ProductFeature>
  <ProductFeature Localized="0" ID="670927861" Local_ID="0" Value="42" CategoryFeature_ID="708169" CategoryFeatureGroup_ID="99" No="100280" Optional="0" Presentation_Value="42 kWh" Translated="0" Mandatory="1" Searchable="0">
   <LocalValue Value="42">
    <Measure ID="103">
     <Signs>
      <Sign ID="85" langid="1"><![CDATA[kWh]]></Sign>
     </Signs>
    </Measure>
   </LocalValue>
   <Feature ID="42858">
    <Measure ID="103" Sign="">
     <Signs>
      <Sign ID="85" langid="1"><![CDATA[kWh]]></Sign>
     </Signs>
    </Measure>
    <Name ID="7158803" langid="1" Value="Energy consumption (SDR) per 1000 hours"/>
   </Feature>
  </ProductFeature>
  <ProductFeature Localized="0" ID="670927878" Local_ID="0" Value="93" CategoryFeature_ID="708170" CategoryFeatureGroup_ID="99" No="100270" Optional="0" Presentation_Value="93 kWh" Translated="0" Mandatory="1" Searchable="0">
   <LocalValue Value="93">
    <Measure ID="103">
     <Signs>
      <Sign ID="85" langid="1"><![CDATA[kWh]]></Sign>
     </Signs>
    </Measure>
   </LocalValue>
   <Feature ID="42859">
    <Measure ID="103" Sign="">
     <Signs>
      <Sign ID="85" langid="1"><![CDATA[kWh]]></Sign>
     </Signs>
    </Measure>
    <Name ID="7158872" langid="1" Value="Energy consumption (HDR) per 1000 hours"/>
   </Feature>
  </ProductFeature>
  <ProductFeature Localized="0" ID="670927879" Local_ID="0" Value="41.85" CategoryFeature_ID="9931" CategoryFeatureGroup_ID="99" No="100260" Optional="0" Presentation_Value="41.85 W" Translated="0" Mandatory="1" Searchable="0">
   <LocalValue Value="41.85">
    <Measure ID="44">
     <Signs>
      <Sign ID="28" langid="1"><![CDATA[W]]></Sign>
     </Signs>
    </Measure>
   </LocalValue>
   <Feature ID="445">
    <Measure ID="44" Sign="">
     <Signs>
      <Sign ID="28" langid="1"><![CDATA[W]]></Sign>
     </Signs>
    </Measure>
    <Name ID="2257" langid="1" Value="Power consumption (typical)"/>
   </Feature>
  </ProductFeature>
  <ProductFeature Localized="0" ID="670927880" Local_ID="0" Value="0.5" CategoryFeature_ID="9930" CategoryFeatureGroup_ID="99" No="100250" Optional="0" Presentation_Value="0.5 W" Translated="0" Mandatory="1" Searchable="0">
   <LocalValue Value="0.5">
    <Measure ID="44">
     <Signs>
      <Sign ID="28" langid="1"><![CDATA[W]]></Sign>
     </Signs>
    </Measure>
   </LocalValue>
   <Feature ID="2036">
    <Measure ID="44" Sign="">
     <Signs>
      <Sign ID="28" langid="1"><![CDATA[W]]></Sign>
     </Signs>
    </Measure>
    <Name ID="9104" langid="1" Value="Power consumption (standby)"/>
   </Feature>
  </ProductFeature>
  <ProductFeature Localized="0" ID="670928217" Local_ID="0" Value="37.5" CategoryFeature_ID="18403" CategoryFeatureGroup_ID="99" No="100210" Optional="0" Presentation_Value="37.5 W" Translated="0" Mandatory="0" Searchable="0">
   <LocalValue Value="37.5">
    <Measure ID="44">
     <Signs>
      <Sign ID="28" langid="1"><![CDATA[W]]></Sign>
     </Signs>
    </Measure>
   </LocalValue>
   <Feature ID="2035">
    <Measure ID="44" Sign="">
     <Signs>
      <Sign ID="28" langid="1"><![CDATA[W]]></Sign>
     </Signs>
    </Measure>
    <Name ID="9101" langid="1" Value="Power consumption (PowerSave)"/>
   </Feature>
  </ProductFeature>
  <ProductFeature Localized="0" ID="670927897" Local_ID="0" Value="100 - 240" CategoryFeature_ID="122959" CategoryFeatureGroup_ID="99" No="100200" Optional="0" Presentation_Value="100 - 240 V" Translated="0" Mandatory="0" Searchable="0">
   <LocalValue Value="100 - 240">
    <Measure ID="42">
     <Signs>
      <Sign ID="26" langid="1"><![CDATA[V]]></Sign>
     </Signs>
    </Measure>
   </LocalValue>
   <Feature ID="8491">
    <Measure ID="42" Sign="">
     <Signs>
      <Sign ID="26" langid="1"><![CDATA[V]]></Sign>
     </Signs>
    </Measure>
    <Name ID="711418" langid="1" Value="AC input voltage"/>
   </Feature>
  </ProductFeature>
  <ProductFeature Localized="0" ID="670927898" Local_ID="0" Value="50/60" CategoryFeature_ID="122960" CategoryFeatureGroup_ID="99" No="100190" Optional="0" Presentation_Value="50/60 Hz" Translated="0" Mandatory="0" Searchable="0">
   <LocalValue Value="50/60">
    <Measure ID="36">
     <Signs>
      <Sign ID="20" langid="1"><![CDATA[Hz]]></Sign>
     </Signs>
    </Measure>
   </LocalValue>
   <Feature ID="8484">
    <Measure ID="36" Sign="">
     <Signs>
      <Sign ID="20" langid="1"><![CDATA[Hz]]></Sign>
     </Signs>
    </Measure>
    <Name ID="711064" langid="1" Value="AC input frequency"/>
   </Feature>
  </ProductFeature>
  <ProductFeature Localized="0" ID="670927899" Local_ID="0" Value="Internal" CategoryFeature_ID="120833" CategoryFeatureGroup_ID="99" No="100160" Optional="0" Presentation_Value="Internal" Translated="1" Mandatory="0" Searchable="0">
   <LocalValue Value="Internal">
    <Measure ID="29">
     <Signs/>
    </Measure>
   </LocalValue>
   <Feature ID="514">
    <Measure ID="29" Sign="">
     <Signs/>
    </Measure>
    <Name ID="2559" langid="1" Value="Power supply type"/>
   </Feature>
  </ProductFeature>
  <ProductFeature Localized="0" ID="835276854" Local_ID="0" Value="A to G" CategoryFeature_ID="313577" CategoryFeatureGroup_ID="99" No="100150" Optional="0" Presentation_Value="A to G" Translated="1" Mandatory="0" Searchable="0">
   <LocalValue Value="A to G">
    <Measure ID="29">
     <Signs/>
    </Measure>
   </LocalValue>
   <Feature ID="39201">
    <Measure ID="29" Sign="">
     <Signs/>
    </Measure>
    <Name ID="5585488" langid="1" Value="Energy efficiency scale"/>
   </Feature>
  </ProductFeature>
  <ProductFeature Localized="0" ID="670927919" Local_ID="0" Value="0 - 40" CategoryFeature_ID="5557" CategoryFeatureGroup_ID="1205" No="100200" Optional="0" Presentation_Value="0 - 40 °C" Translated="0" Mandatory="0" Searchable="0">
   <LocalValue Value="0 - 40">
    <Measure ID="65">
     <Signs>
      <Sign ID="48" langid="1"><![CDATA[°C]]></Sign>
     </Signs>
    </Measure>
   </LocalValue>
   <Feature ID="1112">
    <Measure ID="65" Sign="">
     <Signs>
      <Sign ID="48" langid="1"><![CDATA[°C]]></Sign>
     </Signs>
    </Measure>
    <Name ID="3765" langid="1" Value="Operating temperature (T-T)"/>
   </Feature>
  </ProductFeature>
  <ProductFeature Localized="0" ID="670927920" Local_ID="0" Value="-20 - 60" CategoryFeature_ID="5002" CategoryFeatureGroup_ID="1205" No="100190" Optional="0" Presentation_Value="-20 - 60 °C" Translated="0" Mandatory="0" Searchable="0">
   <LocalValue Value="-20 - 60">
    <Measure ID="65">
     <Signs>
      <Sign ID="48" langid="1"><![CDATA[°C]]></Sign>
     </Signs>
    </Measure>
   </LocalValue>
   <Feature ID="757">
    <Measure ID="65" Sign="">
     <Signs>
      <Sign ID="48" langid="1"><![CDATA[°C]]></Sign>
     </Signs>
    </Measure>
    <Name ID="3045" langid="1" Value="Storage temperature (T-T)"/>
   </Feature>
  </ProductFeature>
  <ProductFeature Localized="0" ID="670927921" Local_ID="0" Value="20 - 80" CategoryFeature_ID="4997" CategoryFeatureGroup_ID="1205" No="100180" Optional="0" Presentation_Value="20 - 80%" Translated="0" Mandatory="0" Searchable="0">
   <LocalValue Value="20 - 80">
    <Measure ID="64">
     <Signs>
      <Sign ID="47" langid="1"><![CDATA[%]]></Sign>
     </Signs>
    </Measure>
   </LocalValue>
   <Feature ID="703">
    <Measure ID="64" Sign="">
     <Signs>
      <Sign ID="47" langid="1"><![CDATA[%]]></Sign>
     </Signs>
    </Measure>
    <Name ID="2937" langid="1" Value="Operating relative humidity (H-H)"/>
   </Feature>
  </ProductFeature>
  <ProductFeature Localized="0" ID="670927940" Local_ID="0" Value="0 - 3658" CategoryFeature_ID="17175" CategoryFeatureGroup_ID="1205" No="100160" Optional="0" Presentation_Value="0 - 3658 m" Translated="0" Mandatory="0" Searchable="0">
   <LocalValue Value="0 - 3658">
    <Measure ID="54">
     <Signs>
      <Sign ID="37" langid="1"><![CDATA[m]]></Sign>
     </Signs>
    </Measure>
   </LocalValue>
   <Feature ID="667">
    <Measure ID="54" Sign="">
     <Signs>
      <Sign ID="37" langid="1"><![CDATA[m]]></Sign>
     </Signs>
    </Measure>
    <Name ID="2865" langid="1" Value="Operating altitude"/>
   </Feature>
  </ProductFeature>
  <ProductFeature Localized="0" ID="670927941" Local_ID="0" Value="3658 - 12192" CategoryFeature_ID="72545" CategoryFeatureGroup_ID="1205" No="100150" Optional="0" Presentation_Value="3658 - 12192 m" Translated="0" Mandatory="0" Searchable="0">
   <LocalValue Value="3658 - 12192">
    <Measure ID="54">
     <Signs>
      <Sign ID="37" langid="1"><![CDATA[m]]></Sign>
     </Signs>
    </Measure>
   </LocalValue>
   <Feature ID="1449">
    <Measure ID="54" Sign="">
     <Signs>
      <Sign ID="37" langid="1"><![CDATA[m]]></Sign>
     </Signs>
    </Measure>
    <Name ID="4555" langid="1" Value="Non-operating altitude"/>
   </Feature>
  </ProductFeature>
  <ProductFeature Localized="0" ID="670928028" Local_ID="0" Value="1193" CategoryFeature_ID="22203" CategoryFeatureGroup_ID="98" No="100400" Optional="0" Presentation_Value="1193 mm" Translated="0" Mandatory="0" Searchable="0">
   <LocalValue Value="1193">
    <Measure ID="24">
     <Signs>
      <Sign ID="3" langid="1"><![CDATA[mm]]></Sign>
     </Signs>
    </Measure>
   </LocalValue>
   <Feature ID="4156">
    <Measure ID="24" Sign="">
     <Signs>
      <Sign ID="3" langid="1"><![CDATA[mm]]></Sign>
     </Signs>
    </Measure>
    <Name ID="58907" langid="1" Value="Width (with stand)"/>
   </Feature>
  </ProductFeature>
  <ProductFeature Localized="0" ID="670928029" Local_ID="0" Value="268" CategoryFeature_ID="22162" CategoryFeatureGroup_ID="98" No="100390" Optional="0" Presentation_Value="268 mm" Translated="0" Mandatory="0" Searchable="0">
   <LocalValue Value="268">
    <Measure ID="24">
     <Signs>
      <Sign ID="3" langid="1"><![CDATA[mm]]></Sign>
     </Signs>
    </Measure>
   </LocalValue>
   <Feature ID="4179">
    <Measure ID="24" Sign="">
     <Signs>
      <Sign ID="3" langid="1"><![CDATA[mm]]></Sign>
     </Signs>
    </Measure>
    <Name ID="59098" langid="1" Value="Depth (with stand)"/>
   </Feature>
  </ProductFeature>
  <ProductFeature Localized="0" ID="670928030" Local_ID="0" Value="586" CategoryFeature_ID="22171" CategoryFeatureGroup_ID="98" No="100380" Optional="0" Presentation_Value="586 mm" Translated="0" Mandatory="0" Searchable="0">
   <LocalValue Value="586">
    <Measure ID="24">
     <Signs>
      <Sign ID="3" langid="1"><![CDATA[mm]]></Sign>
     </Signs>
    </Measure>
   </LocalValue>
   <Feature ID="4178">
    <Measure ID="24" Sign="">
     <Signs>
      <Sign ID="3" langid="1"><![CDATA[mm]]></Sign>
     </Signs>
    </Measure>
    <Name ID="59097" langid="1" Value="Height (with stand)"/>
   </Feature>
  </ProductFeature>
  <ProductFeature Localized="0" ID="670928031" Local_ID="0" Value="15460" CategoryFeature_ID="112042" CategoryFeatureGroup_ID="98" No="100370" Optional="0" Presentation_Value="15.5 kg" Translated="0" Mandatory="0" Searchable="0">
   <LocalValue Value="15.5">
    <Measure ID="17">
     <Signs>
      <Sign ID="15505" langid="1"><![CDATA[kg]]></Sign>
     </Signs>
    </Measure>
   </LocalValue>
   <Feature ID="19017">
    <Measure ID="38" Sign="">
     <Signs>
      <Sign ID="22" langid="1"><![CDATA[g]]></Sign>
     </Signs>
    </Measure>
    <Name ID="1427070" langid="1" Value="Weight (with stand)"/>
   </Feature>
  </ProductFeature>
  <ProductFeature Localized="0" ID="670928032" Local_ID="0" Value="1193" CategoryFeature_ID="91400" CategoryFeatureGroup_ID="98" No="100360" Optional="0" Presentation_Value="1193 mm" Translated="0" Mandatory="0" Searchable="0">
   <LocalValue Value="1193">
    <Measure ID="24">
     <Signs>
      <Sign ID="3" langid="1"><![CDATA[mm]]></Sign>
     </Signs>
    </Measure>
   </LocalValue>
   <Feature ID="12576">
    <Measure ID="24" Sign="">
     <Signs>
      <Sign ID="3" langid="1"><![CDATA[mm]]></Sign>
     </Signs>
    </Measure>
    <Name ID="1091757" langid="1" Value="Width (without stand)"/>
   </Feature>
  </ProductFeature>
  <ProductFeature Localized="0" ID="670928048" Local_ID="0" Value="164" CategoryFeature_ID="91489" CategoryFeatureGroup_ID="98" No="100350" Optional="0" Presentation_Value="164 mm" Translated="0" Mandatory="0" Searchable="0">
   <LocalValue Value="164">
    <Measure ID="24">
     <Signs>
      <Sign ID="3" langid="1"><![CDATA[mm]]></Sign>
     </Signs>
    </Measure>
   </LocalValue>
   <Feature ID="12577">
    <Measure ID="24" Sign="">
     <Signs>
      <Sign ID="3" langid="1"><![CDATA[mm]]></Sign>
     </Signs>
    </Measure>
    <Name ID="1091801" langid="1" Value="Depth (without stand)"/>
   </Feature>
  </ProductFeature>
  <ProductFeature Localized="0" ID="670928049" Local_ID="0" Value="373" CategoryFeature_ID="91538" CategoryFeatureGroup_ID="98" No="100340" Optional="0" Presentation_Value="373 mm" Translated="0" Mandatory="0" Searchable="0">
   <LocalValue Value="373">
    <Measure ID="24">
     <Signs>
      <Sign ID="3" langid="1"><![CDATA[mm]]></Sign>
     </Signs>
    </Measure>
   </LocalValue>
   <Feature ID="12574">
    <Measure ID="24" Sign="">
     <Signs>
      <Sign ID="3" langid="1"><![CDATA[mm]]></Sign>
     </Signs>
    </Measure>
    <Name ID="1091712" langid="1" Value="Height (without stand)"/>
   </Feature>
  </ProductFeature>
  <ProductFeature Localized="0" ID="670928067" Local_ID="0" Value="11820" CategoryFeature_ID="684552" CategoryFeatureGroup_ID="98" No="100330" Optional="0" Presentation_Value="11.8 kg" Translated="0" Mandatory="0" Searchable="0">
   <LocalValue Value="11.8">
    <Measure ID="17">
     <Signs>
      <Sign ID="15505" langid="1"><![CDATA[kg]]></Sign>
     </Signs>
    </Measure>
   </LocalValue>
   <Feature ID="12573">
    <Measure ID="38" Sign="">
     <Signs>
      <Sign ID="22" langid="1"><![CDATA[g]]></Sign>
     </Signs>
    </Measure>
    <Name ID="1091668" langid="1" Value="Weight (without stand)"/>
   </Feature>
  </ProductFeature>
  <ProductFeature Localized="0" ID="670928081" Local_ID="0" Value="1290" CategoryFeature_ID="22179" CategoryFeatureGroup_ID="23760" No="100360" Optional="0" Presentation_Value="1290 mm" Translated="0" Mandatory="0" Searchable="0">
   <LocalValue Value="1290">
    <Measure ID="24">
     <Signs>
      <Sign ID="3" langid="1"><![CDATA[mm]]></Sign>
     </Signs>
    </Measure>
   </LocalValue>
   <Feature ID="3808">
    <Measure ID="24" Sign="">
     <Signs>
      <Sign ID="3" langid="1"><![CDATA[mm]]></Sign>
     </Signs>
    </Measure>
    <Name ID="44095" langid="1" Value="Package width"/>
   </Feature>
  </ProductFeature>
  <ProductFeature Localized="0" ID="670928082" Local_ID="0" Value="300" CategoryFeature_ID="22177" CategoryFeatureGroup_ID="23760" No="100350" Optional="0" Presentation_Value="300 mm" Translated="0" Mandatory="0" Searchable="0">
   <LocalValue Value="300">
    <Measure ID="24">
     <Signs>
      <Sign ID="3" langid="1"><![CDATA[mm]]></Sign>
     </Signs>
    </Measure>
   </LocalValue>
   <Feature ID="3806">
    <Measure ID="24" Sign="">
     <Signs>
      <Sign ID="3" langid="1"><![CDATA[mm]]></Sign>
     </Signs>
    </Measure>
    <Name ID="44061" langid="1" Value="Package depth"/>
   </Feature>
  </ProductFeature>
  <ProductFeature Localized="0" ID="670928083" Local_ID="0" Value="475" CategoryFeature_ID="22178" CategoryFeatureGroup_ID="23760" No="100340" Optional="0" Presentation_Value="475 mm" Translated="0" Mandatory="0" Searchable="0">
   <LocalValue Value="475">
    <Measure ID="24">
     <Signs>
      <Sign ID="3" langid="1"><![CDATA[mm]]></Sign>
     </Signs>
    </Measure>
   </LocalValue>
   <Feature ID="3807">
    <Measure ID="24" Sign="">
     <Signs>
      <Sign ID="3" langid="1"><![CDATA[mm]]></Sign>
     </Signs>
    </Measure>
    <Name ID="44078" langid="1" Value="Package height"/>
   </Feature>
  </ProductFeature>
  <ProductFeature Localized="0" ID="670928084" Local_ID="0" Value="19540" CategoryFeature_ID="5000" CategoryFeatureGroup_ID="23760" No="100330" Optional="0" Presentation_Value="19.5 kg" Translated="0" Mandatory="0" Searchable="0">
   <LocalValue Value="19.5">
    <Measure ID="17">
     <Signs>
      <Sign ID="15505" langid="1"><![CDATA[kg]]></Sign>
     </Signs>
    </Measure>
   </LocalValue>
   <Feature ID="762">
    <Measure ID="38" Sign="">
     <Signs>
      <Sign ID="22" langid="1"><![CDATA[g]]></Sign>
     </Signs>
    </Measure>
    <Name ID="3055" langid="1" Value="Package weight"/>
   </Feature>
  </ProductFeature>
  <ProductFeature Localized="0" ID="670927942" Local_ID="0" Value="Y" CategoryFeature_ID="123142" CategoryFeatureGroup_ID="49260" No="100500" Optional="0" Presentation_Value="Yes" Translated="1" Mandatory="0" Searchable="0">
   <LocalValue Value="Yes">
    <Measure ID="26">
     <Signs/>
    </Measure>
   </LocalValue>
   <Feature ID="10505">
    <Measure ID="26" Sign="">
     <Signs/>
    </Measure>
    <Name ID="908683" langid="1" Value="Stand included"/>
   </Feature>
  </ProductFeature>
  <ProductFeature Localized="0" ID="670927974" Local_ID="0" Value="DisplayPort,HDMI,Power,Thunderbolt" CategoryFeature_ID="16133" CategoryFeatureGroup_ID="49260" No="100490" Optional="0" Presentation_Value="DisplayPort, HDMI, Power, Thunderbolt" Translated="1" Mandatory="0" Searchable="0">
   <LocalValue Value="DisplayPort, HDMI, Power, Thunderbolt">
    <Measure ID="29">
     <Signs/>
    </Measure>
   </LocalValue>
   <Feature ID="1830">
    <Measure ID="29" Sign="">
     <Signs/>
    </Measure>
    <Name ID="5653" langid="1" Value="Cables included"/>
   </Feature>
  </ProductFeature>
  <ProductFeature Localized="0" ID="670928105" Local_ID="0" Value="PVC/BFR" CategoryFeature_ID="624346" CategoryFeatureGroup_ID="72250" No="100005" Optional="0" Presentation_Value="PVC/BFR" Translated="0" Mandatory="0" Searchable="0">
   <LocalValue Value="PVC/BFR">
    <Measure ID="29">
     <Signs/>
    </Measure>
   </LocalValue>
   <Feature ID="42516">
    <Measure ID="29" Sign="">
     <Signs/>
    </Measure>
    <Name ID="6876321" langid="1" Value="Doesn't contain"/>
   </Feature>
  </ProductFeature>
  <ProductFeature Localized="0" ID="670927918" Local_ID="0" Value="Y" CategoryFeature_ID="799445" CategoryFeatureGroup_ID="8454" No="100800" Optional="1" Presentation_Value="Yes" Translated="1" Mandatory="0" Searchable="0">
   <LocalValue Value="Yes">
    <Measure ID="26">
     <Signs/>
    </Measure>
   </LocalValue>
   <Feature ID="42069">
    <Measure ID="26" Sign="">
     <Signs/>
    </Measure>
    <Name ID="6786067" langid="1" Value="HBR3 support"/>
   </Feature>
  </ProductFeature>
  <ProductGallery>
   <ProductPicture IsMain="Y" LowPic="https://images.icecat.biz/img/gallery_lows/2e9796ebb96e7f6ae13709132190ad1a0753f8bf.jpg" LowPicHeight="200" LowPicWidth="200" LowSize="19673" No="1" Original="https://images.icecat.biz/img/gallery_raw/782adfe6434e0c07893c0637d2a498b97b64e7d3.png" OriginalSize="1104553" Pic="https://images.icecat.biz/img/gallery/3c16f0dcb0f287df7fea1f3525f0e2af762909a2.jpg" Pic500x500="https://images.icecat.biz/img/gallery_mediums/2b83848953e6a696e941d20e9151f34368868552.jpg" Pic500x500Height="500" Pic500x500Size="89156" Pic500x500Width="500" PicHeight="2000" PicWidth="2000" ProductPicture_ID="112443189" Size="719383" ThumbPic="https://images.icecat.biz/img/gallery_thumbs/55edc8ce4e3750534fd41ef7f04b981336af7aed.jpg" ThumbSize="4784" Type="ProductImage" UpdatedDate="2025-07-27 09:51:14"/>
   <ProductPicture LowPic="https://images.icecat.biz/img/gallery_lows/4ad63a3c332a4a8739e84e0f0d42c17c79bb19db.jpg" LowPicHeight="200" LowPicWidth="200" LowSize="21646" No="2" Original="https://images.icecat.biz/img/gallery_raw/1b4b4d17f280088d3829666dd5f535f48fbe396e.png" OriginalSize="1187878" Pic="https://images.icecat.biz/img/gallery/4cc9311ccf7ff1afa2f32b31fd4e5c52b203f615.jpg" Pic500x500="https://images.icecat.biz/img/gallery_mediums/493750bbc4ca4ab022e723880a05a9f8e01eceaa.jpg" Pic500x500Height="500" Pic500x500Size="94214" Pic500x500Width="500" PicHeight="2000" PicWidth="2000" ProductPicture_ID="113005645" Size="817135" ThumbPic="https://images.icecat.biz/img/gallery_thumbs/9ed05d7be033ba2cb3c838ff7ebf00e02de4c885.jpg" ThumbSize="4818" Type="ProductImage" UpdatedDate="2025-07-31 10:00:50"/>
   <ProductPicture LowPic="https://images.icecat.biz/img/gallery_lows/23b093a79d2c61460f73beef1d340ce5890bf234.jpg" LowPicHeight="200" LowPicWidth="200" LowSize="23302" No="3" Original="https://images.icecat.biz/img/gallery_raw/f444cdc63724fdb93488e1a79c35b40d8fe6ae9a.png" OriginalSize="1417809" Pic="https://images.icecat.biz/img/gallery/0f1ade3848e036f34a1e8a0e3c7be27ce90491b4.jpg" Pic500x500="https://images.icecat.biz/img/gallery_mediums/2cafe332d3738afe8a7e3ddf77af366ecd410bb6.jpg" Pic500x500Height="500" Pic500x500Size="92499" Pic500x500Width="500" PicHeight="2000" PicWidth="2000" ProductPicture_ID="113005647" Size="887865" ThumbPic="https://images.icecat.biz/img/gallery_thumbs/362288174d3ae89f03a23d205031d317e708563a.jpg" ThumbSize="5933" Type="ProductImage" UpdatedDate="2025-07-31 10:00:50"/>
   <ProductPicture LowPic="https://images.icecat.biz/img/gallery_lows/5d0411e6968c23363fff80779bda48974296d4a7.jpg" LowPicHeight="200" LowPicWidth="200" LowSize="11361" No="4" Original="https://images.icecat.biz/img/gallery_raw/8e5b9613064c709e7d0938bd3c8ee6f7c31adb83.png" OriginalSize="660324" Pic="https://images.icecat.biz/img/gallery/02f8aa828f8f89b942f1a95ab01cea41c287537f.jpg" Pic500x500="https://images.icecat.biz/img/gallery_mediums/85c3785e680207e1c5836fdcf3b606d7bf6e4be3.jpg" Pic500x500Height="500" Pic500x500Size="46454" Pic500x500Width="500" PicHeight="2000" PicWidth="2000" ProductPicture_ID="113005648" Size="498111" ThumbPic="https://images.icecat.biz/img/gallery_thumbs/501c83a61eed75ed2264064d7eba619e6838cd1f.jpg" ThumbSize="3230" Type="ProductImage" UpdatedDate="2025-07-31 10:00:50"/>
   <ProductPicture LowPic="https://images.icecat.biz/img/gallery_lows/8f0fe239ac7c3090af172373930fc857db9c4789.jpg" LowPicHeight="123" LowPicWidth="200" LowSize="8224" No="5" Original="https://images.icecat.biz/img/gallery_raw/057554e7f508cfa99e14f55a1b8b4b655f18867b.png" OriginalSize="515512" Pic="https://images.icecat.biz/img/gallery/6eb95a5ba6f6872d1b327c185b8179b0706818a6.jpg" Pic500x500="https://images.icecat.biz/img/gallery_mediums/25688244a2a5f810bf3d5789a8da9e70d37dce42.jpg" Pic500x500Height="308" Pic500x500Size="35363" Pic500x500Width="500" PicHeight="1181" PicWidth="1920" ProductPicture_ID="92704768" Size="347351" ThumbPic="https://images.icecat.biz/img/gallery_thumbs/c7e0632fbebd4748b683e3b87f08cf8b7af42ac2.jpg" ThumbSize="2492" Type="ProductImage" UpdatedDate="2025-07-31 10:00:50"/>
   <ProductPicture LowPic="https://images.icecat.biz/img/gallery_lows/49d2e0c5a17cec6708957558cdc4036d1faf780e.jpg" LowPicHeight="197" LowPicWidth="200" LowSize="15646" No="6" Original="https://images.icecat.biz/img/gallery_raw/0ad511a26b222531b267f2485e3b355878ac6bb6.webp" OriginalSize="23680" Pic="https://images.icecat.biz/img/gallery/f21ed64b94ec68a47b236127f3b07cebddf1b3ad.jpg" Pic500x500="https://images.icecat.biz/img/gallery_mediums/f2b96f9f4ba8ae43f90c3563d0ade4c682e3ea8a.jpg" Pic500x500Height="492" Pic500x500Size="65709" Pic500x500Width="500" PicHeight="1181" PicWidth="1200" ProductPicture_ID="108034232" Size="258599" ThumbPic="https://images.icecat.biz/img/gallery_thumbs/362a11f0d969ede8319668ff97349cb8d84503ca.jpg" ThumbSize="3813" Type="ProductImage" UpdatedDate="2025-07-31 10:00:50"/>
   <ProductPicture LowPic="https://images.icecat.biz/img/gallery_lows/16873509ac2412824fdd204a5370f7bc6a2ca68f.jpg" LowPicHeight="197" LowPicWidth="200" LowSize="8423" No="7" Original="https://images.icecat.biz/img/gallery_raw/d6481349104537728ccca5a9974d972d119a1f7f.webp" OriginalSize="15906" Pic="https://images.icecat.biz/img/gallery/53c85a36f5753e0fbe7845c7c77b5885ac52a91e.jpg" Pic500x500="https://images.icecat.biz/img/gallery_mediums/640493426f7186d9ef637f4cc675ea6f55bd9af3.jpg" Pic500x500Height="492" Pic500x500Size="32819" Pic500x500Width="500" PicHeight="1181" PicWidth="1200" ProductPicture_ID="108034234" Size="124224" ThumbPic="https://images.icecat.biz/img/gallery_thumbs/d27090f279fbc9a20cc074f1902b38fbfb5a2d9f.jpg" ThumbSize="2410" Type="ProductImage" UpdatedDate="2025-08-03 10:13:48"/>
   <ProductPicture LowPic="https://images.icecat.biz/img/gallery_lows/05bfe26dc34d6dca45dc4f0db1d4e8770651c900.jpg" LowPicHeight="197" LowPicWidth="200" LowSize="19163" No="8" Original="https://images.icecat.biz/img/gallery_raw/890a7dbf7873dd5d4af4003476ccc282b6933490.webp" OriginalSize="33552" Pic="https://images.icecat.biz/img/gallery/790c60fa2cedef678d42f634dcfce631df19daee.jpg" Pic500x500="https://images.icecat.biz/img/gallery_mediums/955b16cdfadcc5a80f7490b5f9b3938118414e87.jpg" Pic500x500Height="492" Pic500x500Size="81248" Pic500x500Width="500" PicHeight="1181" PicWidth="1200" ProductPicture_ID="108034235" Size="321834" ThumbPic="https://images.icecat.biz/img/gallery_thumbs/e32612737d7e0248e29b4ca3100b1c5dbe9afeb9.jpg" ThumbSize="4307" Type="ProductImage" UpdatedDate="2025-08-03 10:13:48"/>
   <ProductPicture LowPic="https://images.icecat.biz/img/gallery_lows/813cc3aa87caca1c5aedf86cca20102c13f5efe8.jpg" LowPicHeight="133" LowPicWidth="200" LowSize="35073" No="9" Original="https://images.icecat.biz/img/gallery_raw/8a5ba8da3cdc05c336287561759b9053d439257a.jpeg" OriginalSize="6955185" Pic="https://images.icecat.biz/img/gallery/4946bf384753777f1dd8792fd491bd8cad018a01.jpg" Pic500x500="https://images.icecat.biz/img/gallery_mediums/8d8b1aaa09c534dd22880b599cb055f6018d8856.jpg" Pic500x500Height="333" Pic500x500Size="145517" Pic500x500Width="500" PicHeight="4856" PicWidth="7299" ProductPicture_ID="92589376" Size="11694619" ThumbPic="https://images.icecat.biz/img/gallery_thumbs/aa40e715715f7d09b75bcfeef826cf2b955a473f.jpg" ThumbSize="7744" Type="ProductImage" UpdatedDate="2025-08-03 10:13:48"/>
   <ProductPicture LowPic="https://images.icecat.biz/img/gallery_lows/2fcd820746582d6c942c816b639533ede272d498.jpg" LowPicHeight="197" LowPicWidth="200" LowSize="11462" No="10" Original="https://images.icecat.biz/img/gallery_raw/800bbdb25440618b8fe68cf7d46ba065a4d6c71e.webp" OriginalSize="23664" Pic="https://images.icecat.biz/img/gallery/21ede985018419b00e78119505fd90ef787dfb0b.jpg" Pic500x500="https://images.icecat.biz/img/gallery_mediums/736ac040cf78c2759cc5e61cca183a6644bde042.jpg" Pic500x500Height="492" Pic500x500Size="48373" Pic500x500Width="500" PicHeight="1181" PicWidth="1200" ProductPicture_ID="108034233" Size="194884" ThumbPic="https://images.icecat.biz/img/gallery_thumbs/dd36e20e41a58323d2581a324b7dac9e4bd4b7f6.jpg" ThumbSize="3068" Type="ProductImage" UpdatedDate="2025-08-03 10:13:48"/>
   <ProductPicture LowPic="https://images.icecat.biz/img/gallery_lows/afed984da41694bf7b2ec7c9eebcd64752c14680.jpg" LowPicHeight="200" LowPicWidth="200" LowSize="7227" No="11" Original="https://images.icecat.biz/img/gallery_raw/3e84da6a5ff3cb9f9d1dcb2b95217f4ced047846.webp" OriginalSize="9736" Pic="https://images.icecat.biz/img/gallery/f36cce61246a73a01517c6f2c6fc6f9cd01d9438.jpg" Pic500x500="https://images.icecat.biz/img/gallery_mediums/b103c4cb057bce2c02d972ff08dec260aea70224.jpg" Pic500x500Height="500" Pic500x500Size="26875" Pic500x500Width="500" PicHeight="1200" PicWidth="1200" ProductPicture_ID="108034236" Size="92673" ThumbPic="https://images.icecat.biz/img/gallery_thumbs/23c5f4888cce0cce0946161bafdbdeb660b3592d.jpg" ThumbSize="1949" Type="ProductImage" UpdatedDate="2025-07-31 10:00:50"/>
   <ProductPicture LowPic="" LowPicHeight="0" LowPicWidth="0" LowSize="0" No="999" Original="" OriginalSize="0" Pic="https://images.icecat.biz/img/feature_logo/978-2656.png" Pic500x500="" Pic500x500Height="0" Pic500x500Size="0" Pic500x500Width="0" PicHeight="165" PicWidth="300" ProductPicture_ID="4392810151" Size="24346" ThumbPic="https://images.icecat.biz/img/feature_logo_thumbs/978-2656.png" ThumbSize="0" Type="FeatureLogo" UpdatedDate="" langid="1"/>
  </ProductGallery>
  <ProductMultimediaObject>
   <MultimediaObject ContentType="application/pdf" Date="2025-08-10 23:35:12" Description="EU Energy Label" KeepAsURL="0" MultimediaObject_ID="65649152" Type="EU Energy Label" UUID="15ADBCD1-2BAA-425A-A53C-F129DC52BDD9" langid="0" Height="0" PreviewHeight="0" PreviewSize="0" PreviewUrl="" PreviewWidth="0" Size="77125" URL="https://objects.icecat.biz/objects/mmo_120902488_1752396188_1505_291160.pdf" Width="0" LabelType="rescaled" EprelLink="https://eprel.ec.europa.eu/qr/1969913" ConvertedURL="https://objects.icecat.biz/objects/120902488_65649152.jpeg" ConvertedSize="227996" ConvertedContentType="image/jpeg" EprelId="1969913"/>
   <MultimediaObject ContentType="application/pdf" Date="2025-02-06 04:07:17" Description="49B2U6903CH/01_QSG_en_GB" KeepAsURL="0" MultimediaObject_ID="62211867" Type="other digital assets" UUID="944977BE-711E-4E08-B719-DF82317B70E7" langid="1" Height="0" PreviewHeight="0" PreviewSize="0" PreviewUrl="" PreviewWidth="0" Size="3385476" URL="https://objects.icecat.biz/objects/mmo_120902488_1738811237_0414_2713804.pdf" Width="0"/>
   <MultimediaObject ContentType="application/pdf" Date="2025-09-10 13:45:35" Description="Generated PDF" KeepAsURL="0" MultimediaObject_ID="0" Type="leaflet" UUID="00000000-0000-0000-0000-000000000000" langid="1" Height="0" PreviewHeight="0" PreviewSize="0" PreviewUrl="" PreviewWidth="0" Size="0" URL="https://icecat.biz/rest/product-pdf?productId=120902488&amp;lang=en" Width="0"/>
  </ProductMultimediaObject>
  <ProductRelated ID="0" Category_ID="942" Preferred="0">
   <Product ID="66052550" Prod_id="RGOVLZE4TWSI" ThumbPic="" Name="Monitor arm R-Go Zepher Dual, for two monitors, fully adjustable, 0- 8 kg load capacity, 100% circular, black">
    <Supplier ID="14659" Name="R-Go Tools"/>
   </Product>
   <ProductRelatedLocales>
    <ProductRelatedLocale ID="0" langid="0" Preferred="0" StartDate="" EndDate=""/>
   </ProductRelatedLocales>
  </ProductRelated>
  <ProductRelated ID="0" Category_ID="942" Preferred="0">
   <Product ID="66034473" Prod_id="RGOVLZE4SI" ThumbPic="" Name="Monitor arm R-Go Zepher Single, fully adjustable, 0-8 Kg load capacity, 100% circular, black">
    <Supplier ID="14659" Name="R-Go Tools"/>
   </Product>
   <ProductRelatedLocales>
    <ProductRelatedLocale ID="0" langid="0" Preferred="0" StartDate="" EndDate=""/>
   </ProductRelatedLocales>
  </ProductRelated>
  <ProductRelated ID="0" Category_ID="942" Preferred="0">
   <Product ID="65524526" Prod_id="RGOVLCA4TWSI" ThumbPic="" Name="Monitor arm R-Go Caparo Dual, for two monitors, adjustable with gas spring, 3-9 kg load capacity, 100% circular, black">
    <Supplier ID="14659" Name="R-Go Tools"/>
   </Product>
   <ProductRelatedLocales>
    <ProductRelatedLocale ID="0" langid="0" Preferred="0" StartDate="" EndDate=""/>
   </ProductRelatedLocales>
  </ProductRelated>
  <ProductRelated ID="0" Category_ID="942" Preferred="0">
   <Product ID="65516961" Prod_id="RGOVLCA4SI" ThumbPic="" Name="Monitor arm R-Go Caparo Single, fully adjustable with gas spring, 3-9 kg load capacity, 100% circular, black">
    <Supplier ID="14659" Name="R-Go Tools"/>
   </Product>
   <ProductRelatedLocales>
    <ProductRelatedLocale ID="0" langid="0" Preferred="0" StartDate="" EndDate=""/>
   </ProductRelatedLocales>
  </ProductRelated>
  <ProductRelated ID="0" Category_ID="2918" Preferred="0">
   <Product ID="43582484" Prod_id="77HDMI-030" ThumbPic="" Name="77HDMI-030">
    <Supplier ID="3239" Name="Cables Direct"/>
   </Product>
   <ProductRelatedLocales>
    <ProductRelatedLocale ID="0" langid="0" Preferred="0" StartDate="" EndDate=""/>
   </ProductRelatedLocales>
  </ProductRelated>
  <ProductRelated ID="0" Category_ID="2918" Preferred="0">
   <Product ID="15522343" Prod_id="99HDHS-101H" ThumbPic="" Name="1.5m HDMI, M - M">
    <Supplier ID="3239" Name="Cables Direct"/>
   </Product>
   <ProductRelatedLocales>
    <ProductRelatedLocale ID="0" langid="0" Preferred="0" StartDate="" EndDate=""/>
   </ProductRelatedLocales>
  </ProductRelated>
  <SummaryDescription>
   <ShortSummaryDescription langid="1">Philips 6000 series 49B2U6903CH/01, 124.5 cm (49&quot;), 5120 x 1440 pixels, Dual QHD, LCD, 4 ms, Grey</ShortSummaryDescription>
   <LongSummaryDescription langid="1">Philips 6000 series 49B2U6903CH/01. Display diagonal: 124.5 cm (49&quot;), Display resolution: 5120 x 1440 pixels, HD type: Dual QHD, Display technology: LCD, Response time: 4 ms, Native aspect ratio: 32:9, Viewing angle, horizontal: 178°, Viewing angle, vertical: 178°. Built-in speaker(s). Built-in USB hub, USB hub version: 3.2 Gen 2 (3.1 Gen 2). VESA mounting, Height adjustment. Product colour: Grey</LongSummaryDescription>
  </SummaryDescription>
  <Supplier ID="25" Name="Philips"/>
  <CatalogObjectCloud>
   <ProductPage QRCodeURL="https://qr.icecat.biz/coc/f97f9f4a-593b-44b4-8b3d-636ec3207660" URL="https://coc.icecat.biz/f97f9f4a-593b-44b4-8b3d-636ec3207660"/>
  </CatalogObjectCloud>
  <BrandOrganizations>
   <BrandOwner>
    <Organization ID="746b5ec8-895f-4b31-9389-f174724db4d2" Name="Koninklijke Philips N.V." CountryCode="NL" State="" City="Amsterdam" Street="Amstelplein" HouseNumber="2" ZIP="1096 BC">
     <URLs>
      <URL>https://www.philips-foundation.com/a-w/about-us.html</URL>
     </URLs>
     <Emails/>
    </Organization>
   </BrandOwner>
   <Licensees/>
   <Representatives>
    <Representative ID="172489241077481921">
     <Organization ID="227a9352-bd77-47a3-afa5-1d5e9a0ce924" Name="Philips Danmark A/S" CountryCode="DK" State="" City="Copenhagen" Street="Frederikskaj" HouseNumber="6" ZIP="1780">
      <URLs>
       <URL>https://www.philips.dk/a-w/betingelser</URL>
      </URLs>
      <Emails/>
     </Organization>
    </Representative>
    <Representative ID="172489241077481922">
     <Organization ID="9c8decf5-b002-48de-af6f-bf27bf23bacd" Name="Philips GmbH Market DACH" CountryCode="DE" State="" City="Hamburg" Street="Röntgenstr." HouseNumber="22" ZIP="22335">
      <URLs>
       <URL>https://www.philips.de/a-w/site-owner</URL>
      </URLs>
      <Emails/>
     </Organization>
    </Representative>
    <Representative ID="172489241077481923">
     <Organization ID="8bc82dd9-407d-4a8c-8ade-3bb06e3dbfc6" Name="Philips Nederland B.V." CountryCode="NL" State="" City="Eindhoven" Street="Kantoor Boschdijk" HouseNumber="525" ZIP="5621 JG">
      <URLs>
       <URL>https://www.philips.nl/a-w/gebruiksvoorwaarden</URL>
      </URLs>
      <Emails/>
     </Organization>
    </Representative>
   </Representatives>
  </BrandOrganizations>
 </Product>
</ICECAT-interface>
