<?xml version="1.0" encoding="UTF-8"?>
<!DOCTYPE ICECAT-interface SYSTEM "https://data.icecat.biz/dtd/ICECAT-interface_response.dtd">
<!--source: Icecat.biz 2025-->
<!--Language ID: 1-->
<!--Version: v2-->
<ICECAT-interface xmlns:xsi="http://www.w3.org/2001/XMLSchema-instance" xsi:noNamespaceSchemaLocation="https://data.icecat.biz/xsd/ICECAT-interface_response.xsd">
 <Product Code="1" HighPic="https://images.icecat.biz/img/gallery/4926f57e570b361fa4d8e0764d1c262eeee0c47a.jpg" HighPicHeight="1800" HighPicSize="448150" HighPicWidth="1800" ID="129437723" LowPic="https://images.icecat.biz/img/gallery_lows/c46396466f9df962549c0a1b9da654ecf5bce1ac.jpg" LowPicHeight="200" LowPicSize="11374" LowPicWidth="200" Name="Jabra Evolve 30 II Stereo MS USB-C/A" IntName="Evolve 30 II" LocalName="Jabra Evolve 30 II Stereo MS USB-C/A" Pic500x500="https://images.icecat.biz/img/gallery_mediums/da6d8bdb2c0d61676a143e732f4b4482b5bc513b.jpg" Pic500x500Height="500" Pic500x500Size="45445" Pic500x500Width="500" Prod_id="5399-823-389-01" Quality="ICECAT" ReleaseDate="2025-04-01" ThumbPic="https://images.icecat.biz/img/gallery_thumbs/4244da5b4333f1266631ed9a6d2514a07109ba38.jpg" ThumbPicSize="3165" Title="Jabra Evolve 30 II Stereo MS USB-C/A" GeneratedIntTitle="Jabra Evolve 30 II" GeneratedLocalTitle="Jabra Evolve 30 II Headset Wired Head-band Office/Call center USB Type-C / USB Type-A Black" BrandLocalTitle="Jabra Evolve 30 II Stereo MS USB-C/A">
  <CategoryFeatureGroup ID="10775" No="0">
   <FeatureGroup ID="0">
    <Name ID="5073" langid="1" Value="Technical details"/>
   </FeatureGroup>
  </CategoryFeatureGroup>
  <CategoryFeatureGroup ID="5114" No="16">
   <FeatureGroup ID="8">
    <Name ID="4885" langid="1" Value="System requirements"/>
   </FeatureGroup>
  </CategoryFeatureGroup>
  <CategoryFeatureGroup ID="6264" No="40">
   <FeatureGroup ID="12">
    <Name ID="4995" langid="1" Value="Ports &amp; interfaces"/>
   </FeatureGroup>
  </CategoryFeatureGroup>
  <CategoryFeatureGroup ID="5112" No="8">
   <FeatureGroup ID="14">
    <Name ID="5023" langid="1" Value="Weight &amp; dimensions"/>
   </FeatureGroup>
  </CategoryFeatureGroup>
  <CategoryFeatureGroup ID="12862" No="0">
   <FeatureGroup ID="27">
    <Name ID="5049" langid="1" Value="Power"/>
   </FeatureGroup>
  </CategoryFeatureGroup>
  <CategoryFeatureGroup ID="33260" No="11">
   <FeatureGroup ID="28">
    <Name ID="5067" langid="1" Value="Operational conditions"/>
   </FeatureGroup>
  </CategoryFeatureGroup>
  <CategoryFeatureGroup ID="5225" No="7">
   <FeatureGroup ID="67">
    <Name ID="27423" langid="1" Value="Packaging data"/>
   </FeatureGroup>
  </CategoryFeatureGroup>
  <CategoryFeatureGroup ID="5110" No="28">
   <FeatureGroup ID="70">
    <Name ID="27519" langid="1" Value="Microphone"/>
   </FeatureGroup>
  </CategoryFeatureGroup>
  <CategoryFeatureGroup ID="5109" No="30">
   <FeatureGroup ID="71">
    <Name ID="27525" langid="1" Value="Headphones"/>
   </FeatureGroup>
  </CategoryFeatureGroup>
  <CategoryFeatureGroup ID="40024" No="0">
   <FeatureGroup ID="76">
    <Name ID="28540" langid="1" Value="Certificates"/>
   </FeatureGroup>
  </CategoryFeatureGroup>
  <CategoryFeatureGroup ID="26483" No="20">
   <FeatureGroup ID="79">
    <Name ID="28858" langid="1" Value="Indication"/>
   </FeatureGroup>
  </CategoryFeatureGroup>
  <CategoryFeatureGroup ID="33261" No="-1">
   <FeatureGroup ID="115">
    <Name ID="78827" langid="1" Value="Outer carton"/>
   </FeatureGroup>
  </CategoryFeatureGroup>
  <CategoryFeatureGroup ID="12861" No="6">
   <FeatureGroup ID="116">
    <Name ID="78852" langid="1" Value="Packaging content"/>
   </FeatureGroup>
  </CategoryFeatureGroup>
  <CategoryFeatureGroup ID="13255" No="15">
   <FeatureGroup ID="117">
    <Name ID="78869" langid="1" Value="Subwoofer"/>
   </FeatureGroup>
  </CategoryFeatureGroup>
  <CategoryFeatureGroup ID="25463" No="14">
   <FeatureGroup ID="134">
    <Name ID="350867" langid="1" Value="Amplifier"/>
   </FeatureGroup>
  </CategoryFeatureGroup>
  <CategoryFeatureGroup ID="6263" No="24">
   <FeatureGroup ID="143">
    <Name ID="618812" langid="1" Value="Battery"/>
   </FeatureGroup>
  </CategoryFeatureGroup>
  <CategoryFeatureGroup ID="78145" No="0">
   <FeatureGroup ID="144">
    <Name ID="619994" langid="1" Value="Brand-specific features"/>
   </FeatureGroup>
  </CategoryFeatureGroup>
  <CategoryFeatureGroup ID="6259" No="-100">
   <FeatureGroup ID="146">
    <Name ID="624346" langid="1" Value="Other features"/>
   </FeatureGroup>
  </CategoryFeatureGroup>
  <CategoryFeatureGroup ID="10773" No="50">
   <FeatureGroup ID="148">
    <Name ID="630457" langid="1" Value="Design"/>
   </FeatureGroup>
  </CategoryFeatureGroup>
  <CategoryFeatureGroup ID="10774" No="60">
   <FeatureGroup ID="184">
    <Name ID="1218765" langid="1" Value="Performance"/>
   </FeatureGroup>
  </CategoryFeatureGroup>
  <CategoryFeatureGroup ID="12863" No="0">
   <FeatureGroup ID="185">
    <Name ID="1219853" langid="1" Value="Features"/>
   </FeatureGroup>
  </CategoryFeatureGroup>
  <CategoryFeatureGroup ID="17998" No="3">
   <FeatureGroup ID="198">
    <Name ID="1788927" langid="1" Value="Logistics data"/>
   </FeatureGroup>
  </CategoryFeatureGroup>
  <CategoryFeatureGroup ID="33259" No="0">
   <FeatureGroup ID="232">
    <Name ID="3464238" langid="1" Value="Supplier features"/>
   </FeatureGroup>
  </CategoryFeatureGroup>
  <CategoryFeatureGroup ID="26484" No="12">
   <FeatureGroup ID="237">
    <Name ID="3528484" langid="1" Value="Music player"/>
   </FeatureGroup>
  </CategoryFeatureGroup>
  <CategoryFeatureGroup ID="27971" No="27">
   <FeatureGroup ID="255">
    <Name ID="4252500" langid="1" Value="Base station"/>
   </FeatureGroup>
  </CategoryFeatureGroup>
  <CategoryFeatureGroup ID="27976" No="26">
   <FeatureGroup ID="256">
    <Name ID="4255461" langid="1" Value="Control unit"/>
   </FeatureGroup>
  </CategoryFeatureGroup>
  <CategoryFeatureGroup ID="72109" No="10">
   <FeatureGroup ID="279">
    <Name ID="7392238" langid="1" Value="Sustainability"/>
   </FeatureGroup>
  </CategoryFeatureGroup>
  <Category ID="1637">
   <Name ID="3728246" langid="1" Value="Headphones &amp; Headsets"/>
  </Category>
  <EANCode EAN="0706487027096" Format="GTIN-13" IsApproved="1"/>
  <EANCode EAN="706487027096" Format="GTIN-12" IsApproved="1"/>
  <FeatureLogo ID="1242" Feature_ID="1230" Value="N" LogoPic="https://images.icecat.biz/img/feature_logo/1242-3899.png" Width="0" Height="0" Size="0">
   <Descriptions>
    <Description ID="5808" langid="1">DIRECTIVE (EU) 2022/2380 OF THE EUROPEAN PARLIAMENT AND OF THE COUNCIL of 23 November 2022 (Part III)</Description>
   </Descriptions>
   <FeatureLogoFeatures>
    <FeatureLogoFeature ID="1230">
     <FeatureLogoValues>
      <FeatureLogoValue ID="5865">N</FeatureLogoValue>
     </FeatureLogoValues>
    </FeatureLogoFeature>
   </FeatureLogoFeatures>
  </FeatureLogo>
  <ReleaseDate>
   <Date Value="2025-04-01" langid="1"/>
  </ReleaseDate>
  <EndOfLifeDate/>
  <ReasonsToBuy>
   <ReasonToBuy ID="85545853" Value="Connect using USB or jack" HighPic="" HighPicSize="0" No="25" Title="Flexible connectivity" langid="1" origin="RTB" IsRich="0"/>
   <ReasonToBuy ID="85545856" Value="Call control unit makes it simple to make, take and mute calls" HighPic="" HighPicSize="0" No="26" Title="Manage calls easily" langid="1" origin="RTB" IsRich="0"/>
   <ReasonToBuy ID="85545858" Value="USB and jack connectivity allows for quick and easy set-up" HighPic="" HighPicSize="0" No="27" Title="Plug and Play connectivity" langid="1" origin="RTB" IsRich="0"/>
   <ReasonToBuy ID="85545860" Value="Leather-feel ear cushions and on-the-ear design for all-day use" HighPic="" HighPicSize="0" No="28" Title="All-day comfort" langid="1" origin="RTB" IsRich="0"/>
   <ReasonToBuy ID="85545862" Value="Certified for Skype for Business, Cisco and more" HighPic="" HighPicSize="0" No="29" Title="Works with all leading UC platforms" langid="1" origin="RTB" IsRich="0"/>
  </ReasonsToBuy>
  <BulletPoints>
   <BulletPoint Value="Stay focused by eliminating distraction in noisy open office environments." langid="1" No="1"/>
   <BulletPoint Value="Made for both music and voice with a world-class set of microphones and speakers." langid="1" No="2"/>
   <BulletPoint Value="Let you, not the task, decide where you work by either PC based connection via USB control unit or to your smartphone or tablet with the 3.5mm jack." langid="1" No="3"/>
   <BulletPoint Value="Each variant has passive noise cancellation as standard to give you protection against high frequency noise." langid="1" No="4"/>
   <BulletPoint Value="Discreet boom arm easily tucks into the headband when not in use." langid="1" No="5"/>
  </BulletPoints>
  <GeneratedBulletPoints>
   <GeneratedBulletPoint Value="Black Office/Call center Head-band Headset" langid="1" No="1"/>
   <GeneratedBulletPoint Value="Wired USB connectivity" langid="1" No="2"/>
   <GeneratedBulletPoint Value="Supraaural 150 - 7000 Hz" langid="1" No="3"/>
   <GeneratedBulletPoint Value="Microphone type: Boom" langid="1" No="4"/>
  </GeneratedBulletPoints>
  <ProductBundled/>
  <ProductDescription ID="99927355" LongDesc="Professional headset with flexible connectivity and great sound for calls and music&lt;br&gt;&lt;br&gt;Engineered for flexible connectivity, the Evolve 30 is a corded headset for professionals who want a simple and fast plug-and-play connection to a USB or jack. Features a control unit for easy call management and is certified for Skype for Business, Cisco and more. Comes with leather-feel ear cushions and on-the-ear design for all-day use." ManualPDFSize="0" ManualPDFURL="" MiddleDesc="Professional headset with flexible connectivity and great sound for calls and music" PDFSize="0" PDFURL="" ShortDesc="Jabra Evolve 30 II Stereo MS USB-C/A" URL="https://www.jabra.com/en-gb/business/office-headsets/jabra-evolve/jabra-evolve-30#/#5399-823-389-01" WarrantyInfo="" langid="1"/>
  <ProductFeature Localized="0" ID="776126707" Local_ID="0" Value="Headset" CategoryFeature_ID="320952" CategoryFeatureGroup_ID="10774" No="10100300" Optional="0" Presentation_Value="Headset" Translated="1" Mandatory="1" Searchable="1">
   <LocalValue Value="Headset">
    <Measure ID="29">
     <Signs/>
    </Measure>
   </LocalValue>
   <Feature ID="14052">
    <Measure ID="29" Sign="">
     <Signs/>
    </Measure>
    <Name ID="1127664" langid="1" Value="Product type"/>
   </Feature>
  </ProductFeature>
  <ProductFeature Localized="0" ID="777853657" Local_ID="0" Value="Head-band" CategoryFeature_ID="48583" CategoryFeatureGroup_ID="10774" No="10100294" Optional="0" Presentation_Value="Head-band" Translated="1" Mandatory="1" Searchable="1">
   <LocalValue Value="Head-band">
    <Measure ID="29">
     <Signs/>
    </Measure>
   </LocalValue>
   <Feature ID="8136">
    <Measure ID="29" Sign="">
     <Signs/>
    </Measure>
    <Name ID="628259" langid="1" Value="Wearing style"/>
   </Feature>
  </ProductFeature>
  <ProductFeature Localized="0" ID="777853658" Local_ID="0" Value="Office/Call center" CategoryFeature_ID="320937" CategoryFeatureGroup_ID="10774" No="10100291" Optional="0" Presentation_Value="Office/Call center" Translated="1" Mandatory="1" Searchable="1">
   <LocalValue Value="Office/Call center">
    <Measure ID="29">
     <Signs/>
    </Measure>
   </LocalValue>
   <Feature ID="8480">
    <Measure ID="29" Sign="">
     <Signs/>
    </Measure>
    <Name ID="710488" langid="1" Value="Recommended usage"/>
   </Feature>
  </ProductFeature>
  <ProductFeature Localized="0" ID="777853647" Local_ID="0" Value="Black" CategoryFeature_ID="41175" CategoryFeatureGroup_ID="10774" No="100280" Optional="0" Presentation_Value="Black" Translated="1" Mandatory="1" Searchable="0">
   <LocalValue Value="Black">
    <Measure ID="29">
     <Signs/>
    </Measure>
   </LocalValue>
   <Feature ID="1766">
    <Measure ID="29" Sign="">
     <Signs/>
    </Measure>
    <Name ID="5487" langid="1" Value="Product colour"/>
   </Feature>
  </ProductFeature>
  <ProductFeature Localized="0" ID="777853656" Local_ID="0" Value="Binaural" CategoryFeature_ID="48578" CategoryFeatureGroup_ID="10774" No="100288" Optional="0" Presentation_Value="Binaural" Translated="1" Mandatory="0" Searchable="0">
   <LocalValue Value="Binaural">
    <Measure ID="29">
     <Signs/>
    </Measure>
   </LocalValue>
   <Feature ID="8135">
    <Measure ID="29" Sign="">
     <Signs/>
    </Measure>
    <Name ID="628176" langid="1" Value="Headset type"/>
   </Feature>
  </ProductFeature>
  <ProductFeature Localized="0" ID="777853641" Local_ID="0" Value="2.15" CategoryFeature_ID="42582" CategoryFeatureGroup_ID="10774" No="100270" Optional="0" Presentation_Value="2.15 m" Translated="0" Mandatory="0" Searchable="0">
   <LocalValue Value="2.15">
    <Measure ID="54">
     <Signs>
      <Sign ID="37" langid="1"><![CDATA[m]]></Sign>
     </Signs>
    </Measure>
   </LocalValue>
   <Feature ID="1266">
    <Measure ID="54" Sign="">
     <Signs>
      <Sign ID="37" langid="1"><![CDATA[m]]></Sign>
     </Signs>
    </Measure>
    <Name ID="4073" langid="1" Value="Cable length"/>
   </Feature>
  </ProductFeature>
  <ProductFeature Localized="0" ID="777853671" Local_ID="0" Value="Black" CategoryFeature_ID="238759" CategoryFeatureGroup_ID="10774" No="100269" Optional="0" Presentation_Value="Black" Translated="1" Mandatory="0" Searchable="0">
   <LocalValue Value="Black">
    <Measure ID="29">
     <Signs/>
    </Measure>
   </LocalValue>
   <Feature ID="1272">
    <Measure ID="29" Sign="">
     <Signs/>
    </Measure>
    <Name ID="4085" langid="1" Value="Cable colour"/>
   </Feature>
  </ProductFeature>
  <ProductFeature Localized="0" ID="777853670" Local_ID="0" Value="MS" CategoryFeature_ID="684709" CategoryFeatureGroup_ID="10774" No="100000" Optional="0" Presentation_Value="MS" Translated="0" Mandatory="0" Searchable="0">
   <LocalValue Value="MS">
    <Measure ID="29">
     <Signs/>
    </Measure>
   </LocalValue>
   <Feature ID="12041">
    <Measure ID="29" Sign="">
     <Signs/>
    </Measure>
    <Name ID="1085971" langid="1" Value="Optimized for"/>
   </Feature>
  </ProductFeature>
  <ProductFeature Localized="0" ID="777853672" Local_ID="0" Value="Jabra SafeTone" CategoryFeature_ID="803802" CategoryFeatureGroup_ID="10774" No="100000" Optional="0" Presentation_Value="Jabra SafeTone" Translated="0" Mandatory="0" Searchable="0">
   <LocalValue Value="Jabra SafeTone">
    <Measure ID="29">
     <Signs/>
    </Measure>
   </LocalValue>
   <Feature ID="44222">
    <Measure ID="29" Sign="">
     <Signs/>
    </Measure>
    <Name ID="7961765" langid="1" Value="Hearing protection technologies"/>
   </Feature>
  </ProductFeature>
  <ProductFeature Localized="0" ID="777853673" Local_ID="0" Value="Y" CategoryFeature_ID="803887" CategoryFeatureGroup_ID="10774" No="100000" Optional="0" Presentation_Value="Yes" Translated="1" Mandatory="0" Searchable="0">
   <LocalValue Value="Yes">
    <Measure ID="26">
     <Signs/>
    </Measure>
   </LocalValue>
   <Feature ID="17581">
    <Measure ID="26" Sign="">
     <Signs/>
    </Measure>
    <Name ID="1249127" langid="1" Value="Music playback"/>
   </Feature>
  </ProductFeature>
  <ProductFeature Localized="0" ID="777853667" Local_ID="0" Value="Y" CategoryFeature_ID="949600" CategoryFeatureGroup_ID="10774" No="100000" Optional="0" Presentation_Value="Yes" Translated="1" Mandatory="0" Searchable="0">
   <LocalValue Value="Yes">
    <Measure ID="26">
     <Signs/>
    </Measure>
   </LocalValue>
   <Feature ID="25604">
    <Measure ID="26" Sign="">
     <Signs/>
    </Measure>
    <Name ID="2162053" langid="1" Value="Suitable for indoor use"/>
   </Feature>
  </ProductFeature>
  <ProductFeature Localized="0" ID="777853674" Local_ID="0" Value="Adult" CategoryFeature_ID="949603" CategoryFeatureGroup_ID="10774" No="100000" Optional="0" Presentation_Value="Adult" Translated="1" Mandatory="0" Searchable="0">
   <LocalValue Value="Adult">
    <Measure ID="29">
     <Signs/>
    </Measure>
   </LocalValue>
   <Feature ID="14712">
    <Measure ID="29" Sign="">
     <Signs/>
    </Measure>
    <Name ID="1144619" langid="1" Value="Recommended age group"/>
   </Feature>
  </ProductFeature>
  <ProductFeature Localized="0" ID="777853675" Local_ID="0" Value="Boy/Girl" CategoryFeature_ID="949604" CategoryFeatureGroup_ID="10774" No="100000" Optional="0" Presentation_Value="Boy/Girl" Translated="1" Mandatory="0" Searchable="0">
   <LocalValue Value="Boy/Girl">
    <Measure ID="29">
     <Signs/>
    </Measure>
   </LocalValue>
   <Feature ID="20690">
    <Measure ID="29" Sign="">
     <Signs/>
    </Measure>
    <Name ID="1624644" langid="1" Value="Suggested gender"/>
   </Feature>
  </ProductFeature>
  <ProductFeature Localized="0" ID="777853638" Local_ID="0" Value="Y" CategoryFeature_ID="75397" CategoryFeatureGroup_ID="10774" No="99975" Optional="0" Presentation_Value="Yes" Translated="1" Mandatory="0" Searchable="0">
   <LocalValue Value="Yes">
    <Measure ID="26">
     <Signs/>
    </Measure>
   </LocalValue>
   <Feature ID="775">
    <Measure ID="26" Sign="">
     <Signs/>
    </Measure>
    <Name ID="3081" langid="1" Value="Plug and Play"/>
   </Feature>
  </ProductFeature>
  <ProductFeature Localized="0" ID="777853645" Local_ID="0" Value="Wired" CategoryFeature_ID="155712" CategoryFeatureGroup_ID="6264" No="10100298" Optional="0" Presentation_Value="Wired" Translated="1" Mandatory="1" Searchable="1">
   <LocalValue Value="Wired">
    <Measure ID="29">
     <Signs/>
    </Measure>
   </LocalValue>
   <Feature ID="1655">
    <Measure ID="29" Sign="">
     <Signs/>
    </Measure>
    <Name ID="5169" langid="1" Value="Connectivity technology"/>
   </Feature>
  </ProductFeature>
  <ProductFeature Localized="0" ID="777853659" Local_ID="0" Value="Y" CategoryFeature_ID="199416" CategoryFeatureGroup_ID="6264" No="100288" Optional="0" Presentation_Value="Yes" Translated="1" Mandatory="0" Searchable="0">
   <LocalValue Value="Yes">
    <Measure ID="26">
     <Signs/>
    </Measure>
   </LocalValue>
   <Feature ID="10496">
    <Measure ID="26" Sign="">
     <Signs/>
    </Measure>
    <Name ID="908239" langid="1" Value="USB connectivity"/>
   </Feature>
  </ProductFeature>
  <ProductFeature Localized="0" ID="777853661" Local_ID="0" Value="USB Type-C / USB Type-A" CategoryFeature_ID="199417" CategoryFeatureGroup_ID="6264" No="100287" Optional="0" Presentation_Value="USB Type-C / USB Type-A" Translated="0" Mandatory="0" Searchable="0">
   <LocalValue Value="USB Type-C / USB Type-A">
    <Measure ID="29">
     <Signs/>
    </Measure>
   </LocalValue>
   <Feature ID="26352">
    <Measure ID="29" Sign="">
     <Signs/>
    </Measure>
    <Name ID="2241859" langid="1" Value="USB connector"/>
   </Feature>
  </ProductFeature>
  <ProductFeature Localized="0" ID="777853677" Local_ID="0" Value="20 - 20000" CategoryFeature_ID="801347" CategoryFeatureGroup_ID="6264" No="100008" Optional="0" Presentation_Value="20 - 20000 Hz" Translated="0" Mandatory="0" Searchable="0">
   <LocalValue Value="20 - 20000">
    <Measure ID="36">
     <Signs>
      <Sign ID="20" langid="1"><![CDATA[Hz]]></Sign>
     </Signs>
    </Measure>
   </LocalValue>
   <Feature ID="44083">
    <Measure ID="36" Sign="">
     <Signs>
      <Sign ID="20" langid="1"><![CDATA[Hz]]></Sign>
     </Signs>
    </Measure>
    <Name ID="7943739" langid="1" Value="Frequency response (music mode)"/>
   </Feature>
  </ProductFeature>
  <ProductFeature Localized="0" ID="777853678" Local_ID="0" Value="150 - 7000" CategoryFeature_ID="801348" CategoryFeatureGroup_ID="6264" No="100008" Optional="0" Presentation_Value="150 - 7000 Hz" Translated="0" Mandatory="0" Searchable="0">
   <LocalValue Value="150 - 7000">
    <Measure ID="36">
     <Signs>
      <Sign ID="20" langid="1"><![CDATA[Hz]]></Sign>
     </Signs>
    </Measure>
   </LocalValue>
   <Feature ID="44084">
    <Measure ID="36" Sign="">
     <Signs>
      <Sign ID="20" langid="1"><![CDATA[Hz]]></Sign>
     </Signs>
    </Measure>
    <Name ID="7943813" langid="1" Value="Frequency response (talk mode)"/>
   </Feature>
  </ProductFeature>
  <ProductFeature Localized="0" ID="777853651" Local_ID="0" Value="Supraaural" CategoryFeature_ID="42691" CategoryFeatureGroup_ID="5109" No="100050" Optional="0" Presentation_Value="Supraaural" Translated="1" Mandatory="1" Searchable="0">
   <LocalValue Value="Supraaural">
    <Measure ID="29">
     <Signs/>
    </Measure>
   </LocalValue>
   <Feature ID="2527">
    <Measure ID="29" Sign="">
     <Signs/>
    </Measure>
    <Name ID="12930" langid="1" Value="Ear coupling"/>
   </Feature>
  </ProductFeature>
  <ProductFeature Localized="0" ID="777853676" Local_ID="0" Value="10" CategoryFeature_ID="117604" CategoryFeatureGroup_ID="5109" No="100400" Optional="0" Presentation_Value="10 mW" Translated="0" Mandatory="0" Searchable="0">
   <LocalValue Value="10">
    <Measure ID="135">
     <Signs>
      <Sign ID="116" langid="1"><![CDATA[mW]]></Sign>
     </Signs>
    </Measure>
   </LocalValue>
   <Feature ID="9716">
    <Measure ID="135" Sign="">
     <Signs>
      <Sign ID="116" langid="1"><![CDATA[mW]]></Sign>
     </Signs>
    </Measure>
    <Name ID="810360" langid="1" Value="Maximum input power"/>
   </Feature>
  </ProductFeature>
  <ProductFeature Localized="0" ID="777853648" Local_ID="0" Value="150 - 7000" CategoryFeature_ID="41166" CategoryFeatureGroup_ID="5109" No="100047" Optional="0" Presentation_Value="150 - 7000 Hz" Translated="0" Mandatory="0" Searchable="0">
   <LocalValue Value="150 - 7000">
    <Measure ID="36">
     <Signs>
      <Sign ID="20" langid="1"><![CDATA[Hz]]></Sign>
     </Signs>
    </Measure>
   </LocalValue>
   <Feature ID="1887">
    <Measure ID="36" Sign="">
     <Signs>
      <Sign ID="20" langid="1"><![CDATA[Hz]]></Sign>
     </Signs>
    </Measure>
    <Name ID="5847" langid="1" Value="Headphone frequency"/>
   </Feature>
  </ProductFeature>
  <ProductFeature Localized="0" ID="777853650" Local_ID="0" Value="28" CategoryFeature_ID="41164" CategoryFeatureGroup_ID="5109" No="100030" Optional="0" Presentation_Value="2.8 cm" Translated="0" Mandatory="0" Searchable="0">
   <LocalValue Value="2.8">
    <Measure ID="34">
     <Signs>
      <Sign ID="18" langid="1"><![CDATA[cm]]></Sign>
     </Signs>
    </Measure>
   </LocalValue>
   <Feature ID="2379">
    <Measure ID="24" Sign="">
     <Signs>
      <Sign ID="3" langid="1"><![CDATA[mm]]></Sign>
     </Signs>
    </Measure>
    <Name ID="12234" langid="1" Value="Driver unit"/>
   </Feature>
  </ProductFeature>
  <ProductFeature Localized="0" ID="777853660" Local_ID="0" Value="Boom microphone" CategoryFeature_ID="320987" CategoryFeatureGroup_ID="5110" No="10100297" Optional="0" Presentation_Value="Boom" Translated="1" Mandatory="1" Searchable="1">
   <LocalValue Value="Boom">
    <Measure ID="29">
     <Signs/>
    </Measure>
   </LocalValue>
   <Feature ID="15803">
    <Measure ID="29" Sign="">
     <Signs/>
    </Measure>
    <Name ID="1181148" langid="1" Value="Microphone type"/>
   </Feature>
  </ProductFeature>
  <ProductFeature Localized="0" ID="777853679" Local_ID="0" Value="Unidirectional microphone" CategoryFeature_ID="109186" CategoryFeatureGroup_ID="5110" No="100000" Optional="0" Presentation_Value="Unidirectional" Translated="1" Mandatory="0" Searchable="0">
   <LocalValue Value="Unidirectional">
    <Measure ID="29">
     <Signs/>
    </Measure>
   </LocalValue>
   <Feature ID="2458">
    <Measure ID="29" Sign="">
     <Signs/>
    </Measure>
    <Name ID="12603" langid="1" Value="Microphone direction type"/>
   </Feature>
  </ProductFeature>
  <ProductFeature Localized="0" ID="777853662" Local_ID="0" Value="Y" CategoryFeature_ID="927757" CategoryFeatureGroup_ID="5110" No="100000" Optional="0" Presentation_Value="Yes" Translated="1" Mandatory="0" Searchable="0">
   <LocalValue Value="Yes">
    <Measure ID="26">
     <Signs/>
    </Measure>
   </LocalValue>
   <Feature ID="46049">
    <Measure ID="26" Sign="">
     <Signs/>
    </Measure>
    <Name ID="8463440" langid="1" Value="Microphone noise-canceling"/>
   </Feature>
  </ProductFeature>
  <ProductFeature Localized="0" ID="777853681" Local_ID="0" Value="Y" CategoryFeature_ID="48595" CategoryFeatureGroup_ID="5114" No="100010" Optional="0" Presentation_Value="Yes" Translated="1" Mandatory="0" Searchable="0">
   <LocalValue Value="Yes">
    <Measure ID="29">
     <Signs/>
    </Measure>
   </LocalValue>
   <Feature ID="7986">
    <Measure ID="29" Sign="">
     <Signs/>
    </Measure>
    <Name ID="617692" langid="1" Value="Windows operating systems supported"/>
   </Feature>
  </ProductFeature>
  <ProductFeature Localized="0" ID="777853639" Local_ID="0" Value="-10 - 50" CategoryFeature_ID="48590" CategoryFeatureGroup_ID="33260" No="100010" Optional="0" Presentation_Value="-10 - 50 °C" Translated="0" Mandatory="0" Searchable="0">
   <LocalValue Value="-10 - 50">
    <Measure ID="65">
     <Signs>
      <Sign ID="48" langid="1"><![CDATA[°C]]></Sign>
     </Signs>
    </Measure>
   </LocalValue>
   <Feature ID="1112">
    <Measure ID="65" Sign="">
     <Signs>
      <Sign ID="48" langid="1"><![CDATA[°C]]></Sign>
     </Signs>
    </Measure>
    <Name ID="3765" langid="1" Value="Operating temperature (T-T)"/>
   </Feature>
  </ProductFeature>
  <ProductFeature Localized="0" ID="777853637" Local_ID="0" Value="-30 - 80" CategoryFeature_ID="48591" CategoryFeatureGroup_ID="33260" No="100005" Optional="0" Presentation_Value="-30 - 80 °C" Translated="0" Mandatory="0" Searchable="0">
   <LocalValue Value="-30 - 80">
    <Measure ID="65">
     <Signs>
      <Sign ID="48" langid="1"><![CDATA[°C]]></Sign>
     </Signs>
    </Measure>
   </LocalValue>
   <Feature ID="757">
    <Measure ID="65" Sign="">
     <Signs>
      <Sign ID="48" langid="1"><![CDATA[°C]]></Sign>
     </Signs>
    </Measure>
    <Name ID="3045" langid="1" Value="Storage temperature (T-T)"/>
   </Feature>
  </ProductFeature>
  <ProductFeature Localized="0" ID="777853643" Local_ID="0" Value="170.4" CategoryFeature_ID="43302" CategoryFeatureGroup_ID="5112" No="100050" Optional="0" Presentation_Value="170.4 mm" Translated="0" Mandatory="0" Searchable="0">
   <LocalValue Value="170.4">
    <Measure ID="24">
     <Signs>
      <Sign ID="3" langid="1"><![CDATA[mm]]></Sign>
     </Signs>
    </Measure>
   </LocalValue>
   <Feature ID="1649">
    <Measure ID="24" Sign="">
     <Signs>
      <Sign ID="3" langid="1"><![CDATA[mm]]></Sign>
     </Signs>
    </Measure>
    <Name ID="5143" langid="1" Value="Width"/>
   </Feature>
  </ProductFeature>
  <ProductFeature Localized="0" ID="777853644" Local_ID="0" Value="59.5" CategoryFeature_ID="43235" CategoryFeatureGroup_ID="5112" No="100049" Optional="0" Presentation_Value="59.5 mm" Translated="0" Mandatory="0" Searchable="0">
   <LocalValue Value="59.5">
    <Measure ID="24">
     <Signs>
      <Sign ID="3" langid="1"><![CDATA[mm]]></Sign>
     </Signs>
    </Measure>
   </LocalValue>
   <Feature ID="1650">
    <Measure ID="24" Sign="">
     <Signs>
      <Sign ID="3" langid="1"><![CDATA[mm]]></Sign>
     </Signs>
    </Measure>
    <Name ID="5145" langid="1" Value="Depth"/>
   </Feature>
  </ProductFeature>
  <ProductFeature Localized="0" ID="777853642" Local_ID="0" Value="151.2" CategoryFeature_ID="43257" CategoryFeatureGroup_ID="5112" No="100048" Optional="0" Presentation_Value="151.2 mm" Translated="0" Mandatory="0" Searchable="0">
   <LocalValue Value="151.2">
    <Measure ID="24">
     <Signs>
      <Sign ID="3" langid="1"><![CDATA[mm]]></Sign>
     </Signs>
    </Measure>
   </LocalValue>
   <Feature ID="1464">
    <Measure ID="24" Sign="">
     <Signs>
      <Sign ID="3" langid="1"><![CDATA[mm]]></Sign>
     </Signs>
    </Measure>
    <Name ID="4625" langid="1" Value="Height"/>
   </Feature>
  </ProductFeature>
  <ProductFeature Localized="0" ID="777853636" Local_ID="0" Value="138.2" CategoryFeature_ID="41172" CategoryFeatureGroup_ID="5112" No="100047" Optional="0" Presentation_Value="138.2 g" Translated="0" Mandatory="0" Searchable="0">
   <LocalValue Value="138.2">
    <Measure ID="38">
     <Signs>
      <Sign ID="22" langid="1"><![CDATA[g]]></Sign>
     </Signs>
    </Measure>
   </LocalValue>
   <Feature ID="94">
    <Measure ID="38" Sign="">
     <Signs>
      <Sign ID="22" langid="1"><![CDATA[g]]></Sign>
     </Signs>
    </Measure>
    <Name ID="1525" langid="1" Value="Weight"/>
   </Feature>
  </ProductFeature>
  <ProductFeature Localized="0" ID="777853654" Local_ID="0" Value="255" CategoryFeature_ID="43281" CategoryFeatureGroup_ID="5225" No="99989" Optional="0" Presentation_Value="255 mm" Translated="0" Mandatory="0" Searchable="0">
   <LocalValue Value="255">
    <Measure ID="24">
     <Signs>
      <Sign ID="3" langid="1"><![CDATA[mm]]></Sign>
     </Signs>
    </Measure>
   </LocalValue>
   <Feature ID="3808">
    <Measure ID="24" Sign="">
     <Signs>
      <Sign ID="3" langid="1"><![CDATA[mm]]></Sign>
     </Signs>
    </Measure>
    <Name ID="44095" langid="1" Value="Package width"/>
   </Feature>
  </ProductFeature>
  <ProductFeature Localized="0" ID="777853652" Local_ID="0" Value="35" CategoryFeature_ID="43275" CategoryFeatureGroup_ID="5225" No="99988" Optional="0" Presentation_Value="35 mm" Translated="0" Mandatory="0" Searchable="0">
   <LocalValue Value="35">
    <Measure ID="24">
     <Signs>
      <Sign ID="3" langid="1"><![CDATA[mm]]></Sign>
     </Signs>
    </Measure>
   </LocalValue>
   <Feature ID="3806">
    <Measure ID="24" Sign="">
     <Signs>
      <Sign ID="3" langid="1"><![CDATA[mm]]></Sign>
     </Signs>
    </Measure>
    <Name ID="44061" langid="1" Value="Package depth"/>
   </Feature>
  </ProductFeature>
  <ProductFeature Localized="0" ID="777853653" Local_ID="0" Value="190" CategoryFeature_ID="43276" CategoryFeatureGroup_ID="5225" No="99987" Optional="0" Presentation_Value="190 mm" Translated="0" Mandatory="0" Searchable="0">
   <LocalValue Value="190">
    <Measure ID="24">
     <Signs>
      <Sign ID="3" langid="1"><![CDATA[mm]]></Sign>
     </Signs>
    </Measure>
   </LocalValue>
   <Feature ID="3807">
    <Measure ID="24" Sign="">
     <Signs>
      <Sign ID="3" langid="1"><![CDATA[mm]]></Sign>
     </Signs>
    </Measure>
    <Name ID="44078" langid="1" Value="Package height"/>
   </Feature>
  </ProductFeature>
  <ProductFeature Localized="0" ID="777853640" Local_ID="0" Value="N" CategoryFeature_ID="255783" CategoryFeatureGroup_ID="12861" No="100015" Optional="0" Presentation_Value="No" Translated="1" Mandatory="1" Searchable="0">
   <LocalValue Value="No">
    <Measure ID="26">
     <Signs/>
    </Measure>
   </LocalValue>
   <Feature ID="1230">
    <Measure ID="26" Sign="">
     <Signs/>
    </Measure>
    <Name ID="4001" langid="1" Value="AC adapter included"/>
   </Feature>
  </ProductFeature>
  <ProductFeature Localized="0" ID="777853655" Local_ID="0" Value="Y" CategoryFeature_ID="48597" CategoryFeatureGroup_ID="12861" No="100012" Optional="0" Presentation_Value="Yes" Translated="1" Mandatory="0" Searchable="0">
   <LocalValue Value="Yes">
    <Measure ID="26">
     <Signs/>
    </Measure>
   </LocalValue>
   <Feature ID="3981">
    <Measure ID="26" Sign="">
     <Signs/>
    </Measure>
    <Name ID="56096" langid="1" Value="Quick start guide"/>
   </Feature>
  </ProductFeature>
  <ProductFeature Localized="0" ID="777853646" Local_ID="0" Value="1" CategoryFeature_ID="82142" CategoryFeatureGroup_ID="12861" No="99995" Optional="0" Presentation_Value="1" Translated="0" Mandatory="0" Searchable="0">
   <LocalValue Value="1">
    <Measure ID="29">
     <Signs/>
    </Measure>
   </LocalValue>
   <Feature ID="1675">
    <Measure ID="29" Sign="">
     <Signs/>
    </Measure>
    <Name ID="5223" langid="1" Value="Quantity"/>
   </Feature>
  </ProductFeature>
  <ProductFeature Localized="0" ID="777853665" Local_ID="0" Value="2" CategoryFeature_ID="921250" CategoryFeatureGroup_ID="10775" No="100000" Optional="0" Presentation_Value="2 year(s)" Translated="0" Mandatory="0" Searchable="0">
   <LocalValue Value="2">
    <Measure ID="75">
     <Signs>
      <Sign ID="58" langid="1"><![CDATA[year(s)]]></Sign>
     </Signs>
    </Measure>
   </LocalValue>
   <Feature ID="45898">
    <Measure ID="75" Sign="">
     <Signs>
      <Sign ID="58" langid="1"><![CDATA[year(s)]]></Sign>
     </Signs>
    </Measure>
    <Name ID="8442683" langid="1" Value="Warranty period"/>
   </Feature>
  </ProductFeature>
  <ProductFeature Localized="0" ID="777853682" Local_ID="0" Value="N" CategoryFeature_ID="974955" CategoryFeatureGroup_ID="12862" No="100000" Optional="0" Presentation_Value="No" Translated="1" Mandatory="1" Searchable="0">
   <LocalValue Value="No">
    <Measure ID="26">
     <Signs/>
    </Measure>
   </LocalValue>
   <Feature ID="48505">
    <Measure ID="26" Sign="">
     <Signs/>
    </Measure>
    <Name ID="9200571" langid="1" Value="USB Type-C charging port"/>
   </Feature>
  </ProductFeature>
  <ProductFeature Localized="0" ID="835244873" Local_ID="0" Value="N" CategoryFeature_ID="974956" CategoryFeatureGroup_ID="12862" No="100000" Optional="0" Presentation_Value="No" Translated="1" Mandatory="0" Searchable="0">
   <LocalValue Value="No">
    <Measure ID="26">
     <Signs/>
    </Measure>
   </LocalValue>
   <Feature ID="34351">
    <Measure ID="26" Sign="">
     <Signs/>
    </Measure>
    <Name ID="3528368" langid="1" Value="USB Power Delivery (USB PD)"/>
   </Feature>
  </ProductFeature>
  <ProductGallery>
   <ProductPicture IsMain="Y" LowPic="https://images.icecat.biz/img/gallery_lows/c46396466f9df962549c0a1b9da654ecf5bce1ac.jpg" LowPicHeight="200" LowPicWidth="200" LowSize="11374" No="1" Original="https://images.icecat.biz/img/gallery_raw/28bb60c8d40d9cf98be38068df78024161389a35.png" OriginalSize="394669" Pic="https://images.icecat.biz/img/gallery/4926f57e570b361fa4d8e0764d1c262eeee0c47a.jpg" Pic500x500="https://images.icecat.biz/img/gallery_mediums/da6d8bdb2c0d61676a143e732f4b4482b5bc513b.jpg" Pic500x500Height="500" Pic500x500Size="45445" Pic500x500Width="500" PicHeight="1800" PicWidth="1800" ProductPicture_ID="105507618" Size="448150" ThumbPic="https://images.icecat.biz/img/gallery_thumbs/4244da5b4333f1266631ed9a6d2514a07109ba38.jpg" ThumbSize="3165" Type="ProductImage" UpdatedDate="2025-05-17 02:41:28"/>
   <ProductPicture LowPic="https://images.icecat.biz/img/gallery_lows/b75e5dfa694c19c3195968b47ffe27643c3726e7.jpg" LowPicHeight="200" LowPicWidth="200" LowSize="10424" No="2" Original="https://images.icecat.biz/img/gallery_raw/4ee94e72ba2b910dfc8db9fa2ba26b3adc5e035e.png" OriginalSize="264904" Pic="https://images.icecat.biz/img/gallery/faffea42ff3578564c7e608a573effb0d9f52ff1.jpg" Pic500x500="https://images.icecat.biz/img/gallery_mediums/f6e3dee6966601f559dc9c4623db8dd5509a5beb.jpg" Pic500x500Height="500" Pic500x500Size="38257" Pic500x500Width="500" PicHeight="1800" PicWidth="1800" ProductPicture_ID="105507617" Size="334556" ThumbPic="https://images.icecat.biz/img/gallery_thumbs/96fc176b4b581afec2d2979c706d886920cf45b0.jpg" ThumbSize="3173" Type="ProductImage" UpdatedDate="2025-05-17 02:41:28"/>
   <ProductPicture LowPic="https://images.icecat.biz/img/gallery_lows/e37049fa64e32ad448e9994a520a21da1d515ef6.jpg" LowPicHeight="200" LowPicWidth="200" LowSize="9349" No="3" Original="https://images.icecat.biz/img/gallery_raw/5e97df5c282ba40382f8359173c702dbc5c0e862.png" OriginalSize="741937" Pic="https://images.icecat.biz/img/gallery/df7d3a6373532c6d5d8dd145a59d947107abba03.jpg" Pic500x500="https://images.icecat.biz/img/gallery_mediums/566730f8cb541d191916ea5fa591571352fcf1ad.jpg" Pic500x500Height="500" Pic500x500Size="35182" Pic500x500Width="500" PicHeight="1950" PicWidth="1950" ProductPicture_ID="105507619" Size="352510" ThumbPic="https://images.icecat.biz/img/gallery_thumbs/13dd2190be0e2cb82a8a23fd39ddff3ec1586599.jpg" ThumbSize="2556" Type="ProductImage" UpdatedDate="2025-05-08 03:06:34"/>
   <ProductPicture LowPic="" LowPicHeight="0" LowPicWidth="0" LowSize="0" No="999" Original="" OriginalSize="0" Pic="https://images.icecat.biz/img/feature_logo/1242-3899.png" Pic500x500="" Pic500x500Height="0" Pic500x500Size="0" Pic500x500Width="0" PicHeight="0" PicWidth="0" ProductPicture_ID="4307268537" Size="0" ThumbPic="https://images.icecat.biz/img/feature_logo_thumbs/1242-3899.png" ThumbSize="0" Type="FeatureLogo" UpdatedDate="" langid="1"/>
  </ProductGallery>
  <ProductMultimediaObject>
   <MultimediaObject ContentType="application/pdf" Date="2025-09-09 11:14:24" Description="Generated PDF" KeepAsURL="0" MultimediaObject_ID="0" Type="leaflet" UUID="00000000-0000-0000-0000-000000000000" langid="1" Height="0" PreviewHeight="0" PreviewSize="0" PreviewUrl="" PreviewWidth="0" Size="0" URL="https://icecat.biz/rest/product-pdf?productId=129437723&amp;lang=en" Width="0"/>
  </ProductMultimediaObject>
  <ProductRelated ID="326774445" Category_ID="1637" Preferred="0">
   <Product ID="33490518" Prod_id="14401-21" ThumbPic="" Name="Jabra Evolve 30 II Replacement Headset Stereo">
    <Supplier ID="196" Name="Jabra"/>
   </Product>
   <ProductRelatedLocales>
    <ProductRelatedLocale ID="0" langid="0" Preferred="0" StartDate="" EndDate=""/>
   </ProductRelatedLocales>
  </ProductRelated>
  <ProductRelated ID="326774446" Category_ID="2265" Preferred="0">
   <Product ID="80155606" Prod_id="14208-35" ThumbPic="" Name="Jabra Evolve 30 II Link MS USB-C">
    <Supplier ID="196" Name="Jabra"/>
   </Product>
   <ProductRelatedLocales>
    <ProductRelatedLocale ID="0" langid="0" Preferred="0" StartDate="" EndDate=""/>
   </ProductRelatedLocales>
  </ProductRelated>
  <ProductRelated ID="326774444" Category_ID="2265" Preferred="0">
   <Product ID="24876520" Prod_id="14101-47" ThumbPic="" Name="Neoprene Pouch, EVOLVE 20-65">
    <Supplier ID="196" Name="Jabra"/>
   </Product>
   <ProductRelatedLocales>
    <ProductRelatedLocale ID="0" langid="0" Preferred="0" StartDate="" EndDate=""/>
   </ProductRelatedLocales>
  </ProductRelated>
  <ProductRelated ID="326774443" Category_ID="2265" Preferred="0">
   <Product ID="24876519" Prod_id="14101-46" ThumbPic="" Name="Leather Ear Cushion, Evolve 20SE/30/30II/40/65/65SE">
    <Supplier ID="196" Name="Jabra"/>
   </Product>
   <ProductRelatedLocales>
    <ProductRelatedLocale ID="0" langid="0" Preferred="0" StartDate="" EndDate=""/>
   </ProductRelatedLocales>
  </ProductRelated>
  <SummaryDescription>
   <ShortSummaryDescription langid="1">Jabra Evolve 30 II Stereo MS USB-C/A, Wired, 150 - 7000 Hz, Office/Call center, 138.2 g, Headset, Black</ShortSummaryDescription>
   <LongSummaryDescription langid="1">Jabra Evolve 30 II Stereo MS USB-C/A. Product type: Headset. Connectivity technology: Wired. Recommended usage: Office/Call center. Headphone frequency: 150 - 7000 Hz. Cable length: 2.15 m. Weight: 138.2 g. Product colour: Black</LongSummaryDescription>
  </SummaryDescription>
  <Supplier ID="196" Name="Jabra"/>
  <CatalogObjectCloud/>
  <BrandOrganizations>
   <BrandOwner>
    <Organization ID="cf965f22-5c7f-4951-9799-e554ef3dad17" Name="GN Audio A/S" CountryCode="DK" State="" City="Ballerup" Street="Lautrupbjerg" HouseNumber="7" ZIP="2750">
     <URLs>
      <URL>https://www.jabra.com/footerpages/privacy-policy</URL>
     </URLs>
     <Emails/>
    </Organization>
   </BrandOwner>
   <Licensees/>
   <Representatives>
    <Representative ID="172489241077482391">
     <Organization ID="1ac4a9b5-8edd-4bcb-9038-fcfb108e9195" Name="GN Audio Germany GmbH" CountryCode="DE" State="" City="Raubling" Street="Hochstrass Sued" HouseNumber="7" ZIP="D-83064">
      <URLs>
       <URL>https://www.jabra.com/de-de/about/Impressum</URL>
      </URLs>
      <Emails/>
     </Organization>
    </Representative>
   </Representatives>
  </BrandOrganizations>
 </Product>
</ICECAT-interface>
