<?xml version="1.0" encoding="UTF-8"?>
<!DOCTYPE ICECAT-interface SYSTEM "https://data.icecat.biz/dtd/ICECAT-interface_response.dtd">
<!--source: Icecat.biz 2025-->
<!--Language ID: 1-->
<!--Version: v2-->
<ICECAT-interface xmlns:xsi="http://www.w3.org/2001/XMLSchema-instance" xsi:noNamespaceSchemaLocation="https://data.icecat.biz/xsd/ICECAT-interface_response.xsd">
 <Product Code="1" HighPic="https://inishop.com/img/gallery/100731286_0027930427.jpg" HighPicHeight="800" HighPicSize="298690" HighPicWidth="361" ID="100731286" LowPic="https://inishop.com/img/gallery_lows/100731286_0027930427.jpg" LowPicHeight="200" LowPicSize="24034" LowPicWidth="90" Name="Adult GF Beef" IntName="Adult GF Beef" LocalName="" Pic500x500="https://inishop.com/img/gallery_mediums/100731286_0027930427.jpg" Pic500x500Height="500" Pic500x500Size="123534" Pic500x500Width="226" Prod_id="556625" Quality="ICECAT" ReleaseDate="" ThumbPic="https://inishop.com/img/gallery_thumbs/100731286_0027930427.jpg" ThumbPicSize="5171" Title="Belcando Adult GF Beef 12.5 kg" GeneratedIntTitle="Belcando Adult GF Beef" GeneratedLocalTitle="Belcando Adult GF Beef 12.5 kg" BrandLocalTitle="">
  <CategoryFeatureGroup ID="66197" No="0">
   <FeatureGroup ID="0">
    <Name ID="5073" langid="1" Value="Technical details"/>
   </FeatureGroup>
  </CategoryFeatureGroup>
  <CategoryFeatureGroup ID="47998" No="6">
   <FeatureGroup ID="14">
    <Name ID="5023" langid="1" Value="Weight &amp; dimensions"/>
   </FeatureGroup>
  </CategoryFeatureGroup>
  <CategoryFeatureGroup ID="45590" No="0">
   <FeatureGroup ID="76">
    <Name ID="28540" langid="1" Value="Certificates"/>
   </FeatureGroup>
  </CategoryFeatureGroup>
  <CategoryFeatureGroup ID="51549" No="0">
   <FeatureGroup ID="116">
    <Name ID="78852" langid="1" Value="Packaging content"/>
   </FeatureGroup>
  </CategoryFeatureGroup>
  <CategoryFeatureGroup ID="57502" No="0">
   <FeatureGroup ID="143">
    <Name ID="618812" langid="1" Value="Battery"/>
   </FeatureGroup>
  </CategoryFeatureGroup>
  <CategoryFeatureGroup ID="13305" No="10">
   <FeatureGroup ID="185">
    <Name ID="1219853" langid="1" Value="Features"/>
   </FeatureGroup>
  </CategoryFeatureGroup>
  <CategoryFeatureGroup ID="39141" No="-1">
   <FeatureGroup ID="198">
    <Name ID="1788927" langid="1" Value="Logistics data"/>
   </FeatureGroup>
  </CategoryFeatureGroup>
  <CategoryFeatureGroup ID="22475" No="8">
   <FeatureGroup ID="200">
    <Name ID="2069494" langid="1" Value="Nutrition facts"/>
   </FeatureGroup>
  </CategoryFeatureGroup>
  <CategoryFeatureGroup ID="64094" No="0">
   <FeatureGroup ID="232">
    <Name ID="3464238" langid="1" Value="Supplier features"/>
   </FeatureGroup>
  </CategoryFeatureGroup>
  <Category ID="3398">
   <Name ID="3729913" langid="1" Value="Dogs Dry Food"/>
  </Category>
  <EANCode EAN="4002633556622" Format="GTIN-13" IsApproved="1"/>
  <ReleaseDate/>
  <EndOfLifeDate/>
  <ReasonsToBuy/>
  <BulletPoints>
   <BulletPoint Value="For adult dogs with normal activity levels" langid="1" No="1"/>
   <BulletPoint Value="Without poultry protein" langid="1" No="2"/>
   <BulletPoint Value="With beef" langid="1" No="3"/>
  </BulletPoints>
  <GeneratedBulletPoints/>
  <ProductBundled/>
  <ProductDescription ID="104044760" LongDesc="The ideal nourishment for dogs who are gluten- and grain-intolerant who prefer an alternative to poultry. In the recipe which was developed according to a holistic dietary concept, the grain is replaced by high-quality amaranth which has significantly higher levels of important nutrients (protein, the essential amino acid lysine, unsaturated fatty acids, minerals, trace elements). The high proportion of fresh meat makes BELCANDO Adult GF Beef a real treat for the palate, even for finicky dogs. The protein and fat content is adapted to the needs of mature dogs of all breeds with normal activity levels.&lt;br&gt;&lt;br&gt;Ratio of animal protein to total protein: 75% (Beef 60%, Fish 15%)" ManualPDFSize="0" ManualPDFURL="" MiddleDesc="" PDFSize="0" PDFURL="" ShortDesc="Adult GF Beef, 12.5kg" URL="https://www.belcando.com/belcando-adult-gf-beef" WarrantyInfo="" langid="1"/>
  <ProductFeature Localized="0" ID="491199503" Local_ID="0" Value="Adult (animal)" CategoryFeature_ID="122907" CategoryFeatureGroup_ID="13305" No="10100020" Optional="0" Presentation_Value="Adult" Translated="1" Mandatory="1" Searchable="1">
   <LocalValue Value="Adult">
    <Measure ID="29">
     <Signs/>
    </Measure>
   </LocalValue>
   <Feature ID="20700">
    <Measure ID="29" Sign="">
     <Signs/>
    </Measure>
    <Name ID="1627742" langid="1" Value="Pet life stage"/>
   </Feature>
  </ProductFeature>
  <ProductFeature Localized="0" ID="491199505" Local_ID="0" Value="Beef" CategoryFeature_ID="122918" CategoryFeatureGroup_ID="13305" No="10100017" Optional="0" Presentation_Value="Beef" Translated="1" Mandatory="1" Searchable="1">
   <LocalValue Value="Beef">
    <Measure ID="29">
     <Signs/>
    </Measure>
   </LocalValue>
   <Feature ID="20702">
    <Measure ID="29" Sign="">
     <Signs/>
    </Measure>
    <Name ID="1628031" langid="1" Value="Pet food flavor"/>
   </Feature>
  </ProductFeature>
  <ProductFeature Localized="0" ID="491199509" Local_ID="0" Value="12500" CategoryFeature_ID="189213" CategoryFeatureGroup_ID="13305" No="100200" Optional="0" Presentation_Value="12.5 kg" Translated="0" Mandatory="1" Searchable="0">
   <LocalValue Value="12.5">
    <Measure ID="17">
     <Signs>
      <Sign ID="15505" langid="1"><![CDATA[kg]]></Sign>
     </Signs>
    </Measure>
   </LocalValue>
   <Feature ID="94">
    <Measure ID="38" Sign="">
     <Signs>
      <Sign ID="22" langid="1"><![CDATA[g]]></Sign>
     </Signs>
    </Measure>
    <Name ID="1525" langid="1" Value="Weight"/>
   </Feature>
  </ProductFeature>
  <ProductFeature Localized="0" ID="491199512" Local_ID="0" Value="Any breed" CategoryFeature_ID="122978" CategoryFeatureGroup_ID="13305" No="100190" Optional="0" Presentation_Value="Any breed" Translated="1" Mandatory="1" Searchable="0">
   <LocalValue Value="Any breed">
    <Measure ID="29">
     <Signs/>
    </Measure>
   </LocalValue>
   <Feature ID="20710">
    <Measure ID="29" Sign="">
     <Signs/>
    </Measure>
    <Name ID="1628634" langid="1" Value="Dog breed"/>
   </Feature>
  </ProductFeature>
  <ProductFeature Localized="0" ID="491199519" Local_ID="0" Value="Vitamin A,Vitamin D3,Vitamin E" CategoryFeature_ID="201495" CategoryFeatureGroup_ID="13305" No="100175" Optional="0" Presentation_Value="Vitamin A, Vitamin D3, Vitamin E" Translated="1" Mandatory="0" Searchable="0">
   <LocalValue Value="Vitamin A, Vitamin D3, Vitamin E">
    <Measure ID="29">
     <Signs/>
    </Measure>
   </LocalValue>
   <Feature ID="26607">
    <Measure ID="29" Sign="">
     <Signs/>
    </Measure>
    <Name ID="2282139" langid="1" Value="Includes vitamins"/>
   </Feature>
  </ProductFeature>
  <ProductFeature Localized="0" ID="491199515" Local_ID="0" Value="Y" CategoryFeature_ID="201482" CategoryFeatureGroup_ID="13305" No="100170" Optional="0" Presentation_Value="Yes" Translated="1" Mandatory="0" Searchable="0">
   <LocalValue Value="Yes">
    <Measure ID="26">
     <Signs/>
    </Measure>
   </LocalValue>
   <Feature ID="30403">
    <Measure ID="26" Sign="">
     <Signs/>
    </Measure>
    <Name ID="2875994" langid="1" Value="Grain free"/>
   </Feature>
  </ProductFeature>
  <ProductFeature Localized="0" ID="491199522" Local_ID="0" Value="23.5" CategoryFeature_ID="122923" CategoryFeatureGroup_ID="22475" No="100100" Optional="0" Presentation_Value="23.5%" Translated="0" Mandatory="0" Searchable="0">
   <LocalValue Value="23.5">
    <Measure ID="64">
     <Signs>
      <Sign ID="47" langid="1"><![CDATA[%]]></Sign>
     </Signs>
    </Measure>
   </LocalValue>
   <Feature ID="20705">
    <Measure ID="64" Sign="">
     <Signs>
      <Sign ID="47" langid="1"><![CDATA[%]]></Sign>
     </Signs>
    </Measure>
    <Name ID="1628181" langid="1" Value="Protein"/>
   </Feature>
  </ProductFeature>
  <ProductFeature Localized="0" ID="491199523" Local_ID="0" Value="13" CategoryFeature_ID="122924" CategoryFeatureGroup_ID="22475" No="100100" Optional="0" Presentation_Value="13%" Translated="0" Mandatory="0" Searchable="0">
   <LocalValue Value="13">
    <Measure ID="64">
     <Signs>
      <Sign ID="47" langid="1"><![CDATA[%]]></Sign>
     </Signs>
    </Measure>
   </LocalValue>
   <Feature ID="20706">
    <Measure ID="64" Sign="">
     <Signs>
      <Sign ID="47" langid="1"><![CDATA[%]]></Sign>
     </Signs>
    </Measure>
    <Name ID="1628246" langid="1" Value="Fat content"/>
   </Feature>
  </ProductFeature>
  <ProductFeature Localized="0" ID="491199525" Local_ID="0" Value="7" CategoryFeature_ID="122925" CategoryFeatureGroup_ID="22475" No="100100" Optional="0" Presentation_Value="7%" Translated="0" Mandatory="0" Searchable="0">
   <LocalValue Value="7">
    <Measure ID="64">
     <Signs>
      <Sign ID="47" langid="1"><![CDATA[%]]></Sign>
     </Signs>
    </Measure>
   </LocalValue>
   <Feature ID="20707">
    <Measure ID="64" Sign="">
     <Signs>
      <Sign ID="47" langid="1"><![CDATA[%]]></Sign>
     </Signs>
    </Measure>
    <Name ID="1628296" langid="1" Value="Crude ash"/>
   </Feature>
  </ProductFeature>
  <ProductFeature Localized="0" ID="491199526" Local_ID="0" Value="3.5" CategoryFeature_ID="122926" CategoryFeatureGroup_ID="22475" No="100100" Optional="0" Presentation_Value="3.5%" Translated="0" Mandatory="0" Searchable="0">
   <LocalValue Value="3.5">
    <Measure ID="64">
     <Signs>
      <Sign ID="47" langid="1"><![CDATA[%]]></Sign>
     </Signs>
    </Measure>
   </LocalValue>
   <Feature ID="20708">
    <Measure ID="64" Sign="">
     <Signs>
      <Sign ID="47" langid="1"><![CDATA[%]]></Sign>
     </Signs>
    </Measure>
    <Name ID="1628361" langid="1" Value="Crude fibres"/>
   </Feature>
  </ProductFeature>
  <ProductFeature Localized="0" ID="491199527" Local_ID="0" Value="1" CategoryFeature_ID="201489" CategoryFeatureGroup_ID="22475" No="100100" Optional="0" Presentation_Value="1%" Translated="0" Mandatory="0" Searchable="0">
   <LocalValue Value="1">
    <Measure ID="64">
     <Signs>
      <Sign ID="47" langid="1"><![CDATA[%]]></Sign>
     </Signs>
    </Measure>
   </LocalValue>
   <Feature ID="30405">
    <Measure ID="64" Sign="">
     <Signs>
      <Sign ID="47" langid="1"><![CDATA[%]]></Sign>
     </Signs>
    </Measure>
    <Name ID="2876158" langid="1" Value="Phosphorus"/>
   </Feature>
  </ProductFeature>
  <ProductFeature Localized="0" ID="491199529" Local_ID="0" Value="1.3" CategoryFeature_ID="201490" CategoryFeatureGroup_ID="22475" No="100100" Optional="0" Presentation_Value="1.3%" Translated="0" Mandatory="0" Searchable="0">
   <LocalValue Value="1.3">
    <Measure ID="64">
     <Signs>
      <Sign ID="47" langid="1"><![CDATA[%]]></Sign>
     </Signs>
    </Measure>
   </LocalValue>
   <Feature ID="30404">
    <Measure ID="64" Sign="">
     <Signs>
      <Sign ID="47" langid="1"><![CDATA[%]]></Sign>
     </Signs>
    </Measure>
    <Name ID="2876106" langid="1" Value="Calcium"/>
   </Feature>
  </ProductFeature>
  <ProductFeature Localized="0" ID="491199530" Local_ID="0" Value="0.35" CategoryFeature_ID="201491" CategoryFeatureGroup_ID="22475" No="100100" Optional="0" Presentation_Value="0.35%" Translated="0" Mandatory="0" Searchable="0">
   <LocalValue Value="0.35">
    <Measure ID="64">
     <Signs>
      <Sign ID="47" langid="1"><![CDATA[%]]></Sign>
     </Signs>
    </Measure>
   </LocalValue>
   <Feature ID="30406">
    <Measure ID="64" Sign="">
     <Signs>
      <Sign ID="47" langid="1"><![CDATA[%]]></Sign>
     </Signs>
    </Measure>
    <Name ID="2876210" langid="1" Value="Sodium"/>
   </Feature>
  </ProductFeature>
  <ProductFeature Localized="0" ID="491199531" Local_ID="0" Value="10" CategoryFeature_ID="204245" CategoryFeatureGroup_ID="22475" No="100097" Optional="0" Presentation_Value="10%" Translated="0" Mandatory="0" Searchable="0">
   <LocalValue Value="10">
    <Measure ID="64">
     <Signs>
      <Sign ID="47" langid="1"><![CDATA[%]]></Sign>
     </Signs>
    </Measure>
   </LocalValue>
   <Feature ID="30418">
    <Measure ID="64" Sign="">
     <Signs>
      <Sign ID="47" langid="1"><![CDATA[%]]></Sign>
     </Signs>
    </Measure>
    <Name ID="2877018" langid="1" Value="Magnesium content"/>
   </Feature>
  </ProductFeature>
  <ProductFeature Localized="0" ID="491199616" Local_ID="0" Value="200" CategoryFeature_ID="205029" CategoryFeatureGroup_ID="22475" No="100073" Optional="0" Presentation_Value="200 mg/kg" Translated="0" Mandatory="0" Searchable="0">
   <LocalValue Value="200">
    <Measure ID="395">
     <Signs>
      <Sign ID="31867" langid="1"><![CDATA[mg/kg]]></Sign>
     </Signs>
    </Measure>
   </LocalValue>
   <Feature ID="30781">
    <Measure ID="395" Sign="">
     <Signs>
      <Sign ID="31867" langid="1"><![CDATA[mg/kg]]></Sign>
     </Signs>
    </Measure>
    <Name ID="3053726" langid="1" Value="Iron content"/>
   </Feature>
  </ProductFeature>
  <ProductFeature Localized="0" ID="491199617" Local_ID="0" Value="125" CategoryFeature_ID="205030" CategoryFeatureGroup_ID="22475" No="100070" Optional="0" Presentation_Value="125 mg/kg" Translated="0" Mandatory="0" Searchable="0">
   <LocalValue Value="125">
    <Measure ID="395">
     <Signs>
      <Sign ID="31867" langid="1"><![CDATA[mg/kg]]></Sign>
     </Signs>
    </Measure>
   </LocalValue>
   <Feature ID="30782">
    <Measure ID="395" Sign="">
     <Signs>
      <Sign ID="31867" langid="1"><![CDATA[mg/kg]]></Sign>
     </Signs>
    </Measure>
    <Name ID="3053780" langid="1" Value="Zinc content"/>
   </Feature>
  </ProductFeature>
  <ProductFeature Localized="0" ID="491199627" Local_ID="0" Value="12.5" CategoryFeature_ID="205032" CategoryFeatureGroup_ID="22475" No="100064" Optional="0" Presentation_Value="12.5 mg/kg" Translated="0" Mandatory="0" Searchable="0">
   <LocalValue Value="12.5">
    <Measure ID="395">
     <Signs>
      <Sign ID="31867" langid="1"><![CDATA[mg/kg]]></Sign>
     </Signs>
    </Measure>
   </LocalValue>
   <Feature ID="30784">
    <Measure ID="395" Sign="">
     <Signs>
      <Sign ID="31867" langid="1"><![CDATA[mg/kg]]></Sign>
     </Signs>
    </Measure>
    <Name ID="3053888" langid="1" Value="Copper content"/>
   </Feature>
  </ProductFeature>
  <ProductFeature Localized="0" ID="491199632" Local_ID="0" Value="2" CategoryFeature_ID="205033" CategoryFeatureGroup_ID="22475" No="100061" Optional="0" Presentation_Value="2 mg/kg" Translated="0" Mandatory="0" Searchable="0">
   <LocalValue Value="2">
    <Measure ID="395">
     <Signs>
      <Sign ID="31867" langid="1"><![CDATA[mg/kg]]></Sign>
     </Signs>
    </Measure>
   </LocalValue>
   <Feature ID="30785">
    <Measure ID="395" Sign="">
     <Signs>
      <Sign ID="31867" langid="1"><![CDATA[mg/kg]]></Sign>
     </Signs>
    </Measure>
    <Name ID="3053942" langid="1" Value="Iodine content"/>
   </Feature>
  </ProductFeature>
  <ProductFeature Localized="0" ID="491199633" Local_ID="0" Value="0.05" CategoryFeature_ID="205034" CategoryFeatureGroup_ID="22475" No="100058" Optional="0" Presentation_Value="0.05 mg/kg" Translated="0" Mandatory="0" Searchable="0">
   <LocalValue Value="0.05">
    <Measure ID="395">
     <Signs>
      <Sign ID="31867" langid="1"><![CDATA[mg/kg]]></Sign>
     </Signs>
    </Measure>
   </LocalValue>
   <Feature ID="30786">
    <Measure ID="395" Sign="">
     <Signs>
      <Sign ID="31867" langid="1"><![CDATA[mg/kg]]></Sign>
     </Signs>
    </Measure>
    <Name ID="3053996" langid="1" Value="Selenium content"/>
   </Feature>
  </ProductFeature>
  <ProductFeature Localized="0" ID="491199635" Local_ID="0" Value="13000" CategoryFeature_ID="205036" CategoryFeatureGroup_ID="22475" No="100055" Optional="0" Presentation_Value="13000 IU/kg" Translated="0" Mandatory="0" Searchable="0">
   <LocalValue Value="13000">
    <Measure ID="394">
     <Signs>
      <Sign ID="31813" langid="1"><![CDATA[IU/kg]]></Sign>
     </Signs>
    </Measure>
   </LocalValue>
   <Feature ID="30787">
    <Measure ID="394" Sign="">
     <Signs>
      <Sign ID="31813" langid="1"><![CDATA[IU/kg]]></Sign>
     </Signs>
    </Measure>
    <Name ID="3054050" langid="1" Value="Vitamin A content"/>
   </Feature>
  </ProductFeature>
  <ProductFeature Localized="0" ID="491199636" Local_ID="0" Value="1300" CategoryFeature_ID="205037" CategoryFeatureGroup_ID="22475" No="100052" Optional="0" Presentation_Value="1300 IU/kg" Translated="0" Mandatory="0" Searchable="0">
   <LocalValue Value="1300">
    <Measure ID="394">
     <Signs>
      <Sign ID="31813" langid="1"><![CDATA[IU/kg]]></Sign>
     </Signs>
    </Measure>
   </LocalValue>
   <Feature ID="30788">
    <Measure ID="394" Sign="">
     <Signs>
      <Sign ID="31813" langid="1"><![CDATA[IU/kg]]></Sign>
     </Signs>
    </Measure>
    <Name ID="3054104" langid="1" Value="Vitamin D3 content"/>
   </Feature>
  </ProductFeature>
  <ProductFeature Localized="0" ID="491199637" Local_ID="0" Value="130" CategoryFeature_ID="205038" CategoryFeatureGroup_ID="22475" No="100049" Optional="0" Presentation_Value="130 mg/kg" Translated="0" Mandatory="0" Searchable="0">
   <LocalValue Value="130">
    <Measure ID="395">
     <Signs>
      <Sign ID="31867" langid="1"><![CDATA[mg/kg]]></Sign>
     </Signs>
    </Measure>
   </LocalValue>
   <Feature ID="30789">
    <Measure ID="395" Sign="">
     <Signs>
      <Sign ID="31867" langid="1"><![CDATA[mg/kg]]></Sign>
     </Signs>
    </Measure>
    <Name ID="3054158" langid="1" Value="Vitamin E content"/>
   </Feature>
  </ProductFeature>
  <ProductFeature Localized="0" ID="491199618" Local_ID="0" Value="Germany" CategoryFeature_ID="377144" CategoryFeatureGroup_ID="39141" No="100000" Optional="0" Presentation_Value="Germany" Translated="1" Mandatory="0" Searchable="0">
   <LocalValue Value="Germany">
    <Measure ID="29">
     <Signs/>
    </Measure>
   </LocalValue>
   <Feature ID="3294">
    <Measure ID="29" Sign="">
     <Signs/>
    </Measure>
    <Name ID="31174" langid="1" Value="Country of origin"/>
   </Feature>
  </ProductFeature>
  <ProductGallery>
   <ProductPicture IsMain="Y" LowPic="https://inishop.com/img/gallery_lows/100731286_0027930427.jpg" LowPicHeight="200" LowPicWidth="90" LowSize="24034" No="2" Original="https://inishop.com/img/gallery_raw/100731286_0027930427.png" OriginalSize="501936" Pic="https://inishop.com/img/gallery/100731286_0027930427.jpg" Pic500x500="https://inishop.com/img/gallery_mediums/100731286_0027930427.jpg" Pic500x500Height="500" Pic500x500Size="123534" Pic500x500Width="226" PicHeight="800" PicWidth="361" ProductPicture_ID="64847314" Size="298690" ThumbPic="https://inishop.com/img/gallery_thumbs/100731286_0027930427.jpg" ThumbSize="5171" Type="ProductImage" UpdatedDate="2022-07-24 12:34:47"/>
   <ProductPicture LowPic="https://inishop.com/img/gallery_lows/100731404_4854681583.jpg" LowPicHeight="200" LowPicWidth="200" LowSize="48661" No="3" Original="https://inishop.com/img/gallery_raw/100731404_4854681583.png" OriginalSize="979256" Pic="https://inishop.com/img/gallery/100731404_4854681583.jpg" Pic500x500="https://inishop.com/img/gallery_mediums/100731404_4854681583.jpg" Pic500x500Height="500" Pic500x500Size="256693" Pic500x500Width="500" PicHeight="800" PicWidth="800" ProductPicture_ID="64847315" Size="541901" ThumbPic="https://inishop.com/img/gallery_thumbs/100731404_4854681583.jpg" ThumbSize="9046" Type="ProductImage" UpdatedDate="2024-03-11 09:14:46"/>
   <ProductPicture LowPic="https://inishop.com/img/gallery_lows/6f3c814fd073bf4ca44bd8053614f3368575b6b7.jpg" LowPicHeight="200" LowPicWidth="200" LowSize="42734" No="4" Original="https://inishop.com/img/gallery_raw/e11955bdcd9bbc6119976b1e80ff100d8274c856.jpeg" OriginalSize="126847" Pic="https://inishop.com/img/gallery/00369b36710d9cc582721b7be440ca5e6dda3894.jpg" Pic500x500="https://inishop.com/img/gallery_mediums/112aca073abe04cfe00bffef3e2a8b355f9044b6.jpg" Pic500x500Height="500" Pic500x500Size="203608" Pic500x500Width="500" PicHeight="800" PicWidth="800" ProductPicture_ID="117096944" Size="339885" ThumbPic="https://inishop.com/img/gallery_thumbs/c4367ed3740338c3aa0f8cf7a2dc1049abb9fcdd.jpg" ThumbSize="8812" Type="ProductImage" UpdatedDate="2025-09-09 12:23:47"/>
  </ProductGallery>
  <ProductMultimediaObject/>
  <ProductRelated/>
  <SummaryDescription>
   <ShortSummaryDescription langid="1">Belcando Adult GF Beef, Adult, Any breed, Beef, 12.5 kg</ShortSummaryDescription>
   <LongSummaryDescription langid="1">Belcando Adult GF Beef. Pet life stage: Adult, Dog breed: Any breed, Pet food flavor: Beef, Weight: 12.5 kg, Grain free</LongSummaryDescription>
  </SummaryDescription>
  <Supplier ID="32628" Name="Belcando"/>
  <CatalogObjectCloud/>
  <BrandOrganizations/>
 </Product>
</ICECAT-interface>
