<?xml version="1.0" encoding="UTF-8"?>
<!DOCTYPE ICECAT-interface SYSTEM "https://data.icecat.biz/dtd/ICECAT-interface_response.dtd">
<!--source: Icecat.biz 2025-->
<!--Language ID: 1-->
<!--Version: v2-->
<ICECAT-interface xmlns:xsi="http://www.w3.org/2001/XMLSchema-instance" xsi:noNamespaceSchemaLocation="https://data.icecat.biz/xsd/ICECAT-interface_response.xsd">
 <Product Code="1" HighPic="https://inishop.com/img/gallery/100731417_6906202768.jpg" HighPicHeight="800" HighPicSize="297592" HighPicWidth="450" ID="100731417" LowPic="https://inishop.com/img/gallery_lows/100731417_6906202768.jpg" LowPicHeight="200" LowPicSize="23450" LowPicWidth="113" Name="Adult Lamb &amp; Rice" IntName="Adult Lamb &amp; Rice" LocalName="" Pic500x500="https://inishop.com/img/gallery_mediums/100731417_6906202768.jpg" Pic500x500Height="500" Pic500x500Size="123256" Pic500x500Width="281" Prod_id="557815" Quality="ICECAT" ReleaseDate="" ThumbPic="https://inishop.com/img/gallery_thumbs/100731417_6906202768.jpg" ThumbPicSize="4740" Title="Belcando Adult Lamb &amp; Rice 4 kg Lamb, Rice" GeneratedIntTitle="Belcando Adult Lamb &amp; Rice" GeneratedLocalTitle="Belcando Adult Lamb &amp; Rice 4 kg Lamb, Rice" BrandLocalTitle="">
  <CategoryFeatureGroup ID="66197" No="0">
   <FeatureGroup ID="0">
    <Name ID="5073" langid="1" Value="Technical details"/>
   </FeatureGroup>
  </CategoryFeatureGroup>
  <CategoryFeatureGroup ID="47998" No="6">
   <FeatureGroup ID="14">
    <Name ID="5023" langid="1" Value="Weight &amp; dimensions"/>
   </FeatureGroup>
  </CategoryFeatureGroup>
  <CategoryFeatureGroup ID="45590" No="0">
   <FeatureGroup ID="76">
    <Name ID="28540" langid="1" Value="Certificates"/>
   </FeatureGroup>
  </CategoryFeatureGroup>
  <CategoryFeatureGroup ID="51549" No="0">
   <FeatureGroup ID="116">
    <Name ID="78852" langid="1" Value="Packaging content"/>
   </FeatureGroup>
  </CategoryFeatureGroup>
  <CategoryFeatureGroup ID="57502" No="0">
   <FeatureGroup ID="143">
    <Name ID="618812" langid="1" Value="Battery"/>
   </FeatureGroup>
  </CategoryFeatureGroup>
  <CategoryFeatureGroup ID="13305" No="10">
   <FeatureGroup ID="185">
    <Name ID="1219853" langid="1" Value="Features"/>
   </FeatureGroup>
  </CategoryFeatureGroup>
  <CategoryFeatureGroup ID="39141" No="-1">
   <FeatureGroup ID="198">
    <Name ID="1788927" langid="1" Value="Logistics data"/>
   </FeatureGroup>
  </CategoryFeatureGroup>
  <CategoryFeatureGroup ID="22475" No="8">
   <FeatureGroup ID="200">
    <Name ID="2069494" langid="1" Value="Nutrition facts"/>
   </FeatureGroup>
  </CategoryFeatureGroup>
  <CategoryFeatureGroup ID="64094" No="0">
   <FeatureGroup ID="232">
    <Name ID="3464238" langid="1" Value="Supplier features"/>
   </FeatureGroup>
  </CategoryFeatureGroup>
  <Category ID="3398">
   <Name ID="3729913" langid="1" Value="Dogs Dry Food"/>
  </Category>
  <EANCode EAN="4002633557810" Format="GTIN-13" IsApproved="1"/>
  <ReleaseDate/>
  <EndOfLifeDate/>
  <ReasonsToBuy/>
  <BulletPoints>
   <BulletPoint Value="Sensitive nutrition for dogs with normal activity levels" langid="1" No="1"/>
   <BulletPoint Value="Highly digestible thanks to chia seeds" langid="1" No="2"/>
  </BulletPoints>
  <GeneratedBulletPoints/>
  <ProductBundled/>
  <ProductDescription ID="104044675" LongDesc="Easily digestible and particularly well tolerated thanks to selected combinations of raw ingredients. BELCANDO LAMB &amp; RICE is a holistically appropriate diet for sensitive dogs. Rich in highly compatible lamb and easily digestible rice. Chia seeds promote digestion with natural mucins and supply essential fatty acids. The protein and fat content is adapted to the energy requirements of dogs with normal activity levels.&lt;br&gt;&lt;br&gt;Ratio of animal protein to total protein: 75% (Lamb 40%, Poultry 35%)" ManualPDFSize="0" ManualPDFURL="" MiddleDesc="" PDFSize="0" PDFURL="" ShortDesc="Adult Lamb &amp; Rice, 4 kg" URL="https://www.belcando.com/belcando-adult-lamb-rice" WarrantyInfo="" langid="1"/>
  <ProductFeature Localized="0" ID="491196049" Local_ID="0" Value="Adult (animal)" CategoryFeature_ID="122907" CategoryFeatureGroup_ID="13305" No="10100020" Optional="0" Presentation_Value="Adult" Translated="1" Mandatory="1" Searchable="1">
   <LocalValue Value="Adult">
    <Measure ID="29">
     <Signs/>
    </Measure>
   </LocalValue>
   <Feature ID="20700">
    <Measure ID="29" Sign="">
     <Signs/>
    </Measure>
    <Name ID="1627742" langid="1" Value="Pet life stage"/>
   </Feature>
  </ProductFeature>
  <ProductFeature Localized="0" ID="491196053" Local_ID="0" Value="Lamb,Rice" CategoryFeature_ID="122918" CategoryFeatureGroup_ID="13305" No="10100017" Optional="0" Presentation_Value="Lamb, Rice" Translated="1" Mandatory="1" Searchable="1">
   <LocalValue Value="Lamb, Rice">
    <Measure ID="29">
     <Signs/>
    </Measure>
   </LocalValue>
   <Feature ID="20702">
    <Measure ID="29" Sign="">
     <Signs/>
    </Measure>
    <Name ID="1628031" langid="1" Value="Pet food flavor"/>
   </Feature>
  </ProductFeature>
  <ProductFeature Localized="0" ID="491196056" Local_ID="0" Value="4000" CategoryFeature_ID="189213" CategoryFeatureGroup_ID="13305" No="100200" Optional="0" Presentation_Value="4 kg" Translated="0" Mandatory="1" Searchable="0">
   <LocalValue Value="4">
    <Measure ID="17">
     <Signs>
      <Sign ID="15505" langid="1"><![CDATA[kg]]></Sign>
     </Signs>
    </Measure>
   </LocalValue>
   <Feature ID="94">
    <Measure ID="38" Sign="">
     <Signs>
      <Sign ID="22" langid="1"><![CDATA[g]]></Sign>
     </Signs>
    </Measure>
    <Name ID="1525" langid="1" Value="Weight"/>
   </Feature>
  </ProductFeature>
  <ProductFeature Localized="0" ID="491196395" Local_ID="0" Value="Vitamin A,Vitamin D3,Vitamin E" CategoryFeature_ID="201495" CategoryFeatureGroup_ID="13305" No="100175" Optional="0" Presentation_Value="Vitamin A, Vitamin D3, Vitamin E" Translated="1" Mandatory="0" Searchable="0">
   <LocalValue Value="Vitamin A, Vitamin D3, Vitamin E">
    <Measure ID="29">
     <Signs/>
    </Measure>
   </LocalValue>
   <Feature ID="26607">
    <Measure ID="29" Sign="">
     <Signs/>
    </Measure>
    <Name ID="2282139" langid="1" Value="Includes vitamins"/>
   </Feature>
  </ProductFeature>
  <ProductFeature Localized="0" ID="491196443" Local_ID="0" Value="Y" CategoryFeature_ID="201482" CategoryFeatureGroup_ID="13305" No="100170" Optional="0" Presentation_Value="Yes" Translated="1" Mandatory="0" Searchable="0">
   <LocalValue Value="Yes">
    <Measure ID="26">
     <Signs/>
    </Measure>
   </LocalValue>
   <Feature ID="30403">
    <Measure ID="26" Sign="">
     <Signs/>
    </Measure>
    <Name ID="2875994" langid="1" Value="Grain free"/>
   </Feature>
  </ProductFeature>
  <ProductFeature Localized="0" ID="491196449" Local_ID="0" Value="Y" CategoryFeature_ID="201481" CategoryFeatureGroup_ID="13305" No="100160" Optional="0" Presentation_Value="Yes" Translated="1" Mandatory="0" Searchable="0">
   <LocalValue Value="Yes">
    <Measure ID="26">
     <Signs/>
    </Measure>
   </LocalValue>
   <Feature ID="21348">
    <Measure ID="26" Sign="">
     <Signs/>
    </Measure>
    <Name ID="1700628" langid="1" Value="Lactose free"/>
   </Feature>
  </ProductFeature>
  <ProductFeature Localized="0" ID="491196493" Local_ID="0" Value="23" CategoryFeature_ID="122923" CategoryFeatureGroup_ID="22475" No="100100" Optional="0" Presentation_Value="23%" Translated="0" Mandatory="0" Searchable="0">
   <LocalValue Value="23">
    <Measure ID="64">
     <Signs>
      <Sign ID="47" langid="1"><![CDATA[%]]></Sign>
     </Signs>
    </Measure>
   </LocalValue>
   <Feature ID="20705">
    <Measure ID="64" Sign="">
     <Signs>
      <Sign ID="47" langid="1"><![CDATA[%]]></Sign>
     </Signs>
    </Measure>
    <Name ID="1628181" langid="1" Value="Protein"/>
   </Feature>
  </ProductFeature>
  <ProductFeature Localized="0" ID="491196498" Local_ID="0" Value="12.5" CategoryFeature_ID="122924" CategoryFeatureGroup_ID="22475" No="100100" Optional="0" Presentation_Value="12.5%" Translated="0" Mandatory="0" Searchable="0">
   <LocalValue Value="12.5">
    <Measure ID="64">
     <Signs>
      <Sign ID="47" langid="1"><![CDATA[%]]></Sign>
     </Signs>
    </Measure>
   </LocalValue>
   <Feature ID="20706">
    <Measure ID="64" Sign="">
     <Signs>
      <Sign ID="47" langid="1"><![CDATA[%]]></Sign>
     </Signs>
    </Measure>
    <Name ID="1628246" langid="1" Value="Fat content"/>
   </Feature>
  </ProductFeature>
  <ProductFeature Localized="0" ID="491196502" Local_ID="0" Value="7" CategoryFeature_ID="122925" CategoryFeatureGroup_ID="22475" No="100100" Optional="0" Presentation_Value="7%" Translated="0" Mandatory="0" Searchable="0">
   <LocalValue Value="7">
    <Measure ID="64">
     <Signs>
      <Sign ID="47" langid="1"><![CDATA[%]]></Sign>
     </Signs>
    </Measure>
   </LocalValue>
   <Feature ID="20707">
    <Measure ID="64" Sign="">
     <Signs>
      <Sign ID="47" langid="1"><![CDATA[%]]></Sign>
     </Signs>
    </Measure>
    <Name ID="1628296" langid="1" Value="Crude ash"/>
   </Feature>
  </ProductFeature>
  <ProductFeature Localized="0" ID="491196503" Local_ID="0" Value="3.2" CategoryFeature_ID="122926" CategoryFeatureGroup_ID="22475" No="100100" Optional="0" Presentation_Value="3.2%" Translated="0" Mandatory="0" Searchable="0">
   <LocalValue Value="3.2">
    <Measure ID="64">
     <Signs>
      <Sign ID="47" langid="1"><![CDATA[%]]></Sign>
     </Signs>
    </Measure>
   </LocalValue>
   <Feature ID="20708">
    <Measure ID="64" Sign="">
     <Signs>
      <Sign ID="47" langid="1"><![CDATA[%]]></Sign>
     </Signs>
    </Measure>
    <Name ID="1628361" langid="1" Value="Crude fibres"/>
   </Feature>
  </ProductFeature>
  <ProductFeature Localized="0" ID="491196516" Local_ID="0" Value="1" CategoryFeature_ID="201489" CategoryFeatureGroup_ID="22475" No="100100" Optional="0" Presentation_Value="1%" Translated="0" Mandatory="0" Searchable="0">
   <LocalValue Value="1">
    <Measure ID="64">
     <Signs>
      <Sign ID="47" langid="1"><![CDATA[%]]></Sign>
     </Signs>
    </Measure>
   </LocalValue>
   <Feature ID="30405">
    <Measure ID="64" Sign="">
     <Signs>
      <Sign ID="47" langid="1"><![CDATA[%]]></Sign>
     </Signs>
    </Measure>
    <Name ID="2876158" langid="1" Value="Phosphorus"/>
   </Feature>
  </ProductFeature>
  <ProductFeature Localized="0" ID="491196524" Local_ID="0" Value="1.6" CategoryFeature_ID="201490" CategoryFeatureGroup_ID="22475" No="100100" Optional="0" Presentation_Value="1.6%" Translated="0" Mandatory="0" Searchable="0">
   <LocalValue Value="1.6">
    <Measure ID="64">
     <Signs>
      <Sign ID="47" langid="1"><![CDATA[%]]></Sign>
     </Signs>
    </Measure>
   </LocalValue>
   <Feature ID="30404">
    <Measure ID="64" Sign="">
     <Signs>
      <Sign ID="47" langid="1"><![CDATA[%]]></Sign>
     </Signs>
    </Measure>
    <Name ID="2876106" langid="1" Value="Calcium"/>
   </Feature>
  </ProductFeature>
  <ProductFeature Localized="0" ID="491196522" Local_ID="0" Value="0.35" CategoryFeature_ID="201491" CategoryFeatureGroup_ID="22475" No="100100" Optional="0" Presentation_Value="0.35%" Translated="0" Mandatory="0" Searchable="0">
   <LocalValue Value="0.35">
    <Measure ID="64">
     <Signs>
      <Sign ID="47" langid="1"><![CDATA[%]]></Sign>
     </Signs>
    </Measure>
   </LocalValue>
   <Feature ID="30406">
    <Measure ID="64" Sign="">
     <Signs>
      <Sign ID="47" langid="1"><![CDATA[%]]></Sign>
     </Signs>
    </Measure>
    <Name ID="2876210" langid="1" Value="Sodium"/>
   </Feature>
  </ProductFeature>
  <ProductFeature Localized="0" ID="491196509" Local_ID="0" Value="10" CategoryFeature_ID="694050" CategoryFeatureGroup_ID="22475" No="100093" Optional="0" Presentation_Value="10%" Translated="0" Mandatory="0" Searchable="0">
   <LocalValue Value="10">
    <Measure ID="64">
     <Signs>
      <Sign ID="47" langid="1"><![CDATA[%]]></Sign>
     </Signs>
    </Measure>
   </LocalValue>
   <Feature ID="24554">
    <Measure ID="64" Sign="">
     <Signs>
      <Sign ID="47" langid="1"><![CDATA[%]]></Sign>
     </Signs>
    </Measure>
    <Name ID="2023401" langid="1" Value="Moisture content"/>
   </Feature>
  </ProductFeature>
  <ProductFeature Localized="0" ID="491196728" Local_ID="0" Value="500" CategoryFeature_ID="205026" CategoryFeatureGroup_ID="22475" No="100082" Optional="0" Presentation_Value="500 mg/kg" Translated="0" Mandatory="0" Searchable="0">
   <LocalValue Value="500">
    <Measure ID="395">
     <Signs>
      <Sign ID="31867" langid="1"><![CDATA[mg/kg]]></Sign>
     </Signs>
    </Measure>
   </LocalValue>
   <Feature ID="30775">
    <Measure ID="395" Sign="">
     <Signs>
      <Sign ID="31867" langid="1"><![CDATA[mg/kg]]></Sign>
     </Signs>
    </Measure>
    <Name ID="3053402" langid="1" Value="Taurine content"/>
   </Feature>
  </ProductFeature>
  <ProductFeature Localized="0" ID="491196646" Local_ID="0" Value="200" CategoryFeature_ID="205029" CategoryFeatureGroup_ID="22475" No="100073" Optional="0" Presentation_Value="200 mg/kg" Translated="0" Mandatory="0" Searchable="0">
   <LocalValue Value="200">
    <Measure ID="395">
     <Signs>
      <Sign ID="31867" langid="1"><![CDATA[mg/kg]]></Sign>
     </Signs>
    </Measure>
   </LocalValue>
   <Feature ID="30781">
    <Measure ID="395" Sign="">
     <Signs>
      <Sign ID="31867" langid="1"><![CDATA[mg/kg]]></Sign>
     </Signs>
    </Measure>
    <Name ID="3053726" langid="1" Value="Iron content"/>
   </Feature>
  </ProductFeature>
  <ProductFeature Localized="0" ID="491196651" Local_ID="0" Value="150" CategoryFeature_ID="205030" CategoryFeatureGroup_ID="22475" No="100070" Optional="0" Presentation_Value="150 mg/kg" Translated="0" Mandatory="0" Searchable="0">
   <LocalValue Value="150">
    <Measure ID="395">
     <Signs>
      <Sign ID="31867" langid="1"><![CDATA[mg/kg]]></Sign>
     </Signs>
    </Measure>
   </LocalValue>
   <Feature ID="30782">
    <Measure ID="395" Sign="">
     <Signs>
      <Sign ID="31867" langid="1"><![CDATA[mg/kg]]></Sign>
     </Signs>
    </Measure>
    <Name ID="3053780" langid="1" Value="Zinc content"/>
   </Feature>
  </ProductFeature>
  <ProductFeature Localized="0" ID="491196650" Local_ID="0" Value="40" CategoryFeature_ID="205031" CategoryFeatureGroup_ID="22475" No="100067" Optional="0" Presentation_Value="40 mg/kg" Translated="0" Mandatory="0" Searchable="0">
   <LocalValue Value="40">
    <Measure ID="395">
     <Signs>
      <Sign ID="31867" langid="1"><![CDATA[mg/kg]]></Sign>
     </Signs>
    </Measure>
   </LocalValue>
   <Feature ID="30783">
    <Measure ID="395" Sign="">
     <Signs>
      <Sign ID="31867" langid="1"><![CDATA[mg/kg]]></Sign>
     </Signs>
    </Measure>
    <Name ID="3053834" langid="1" Value="Manganese content"/>
   </Feature>
  </ProductFeature>
  <ProductFeature Localized="0" ID="491196630" Local_ID="0" Value="12.5" CategoryFeature_ID="205032" CategoryFeatureGroup_ID="22475" No="100064" Optional="0" Presentation_Value="12.5 mg/kg" Translated="0" Mandatory="0" Searchable="0">
   <LocalValue Value="12.5">
    <Measure ID="395">
     <Signs>
      <Sign ID="31867" langid="1"><![CDATA[mg/kg]]></Sign>
     </Signs>
    </Measure>
   </LocalValue>
   <Feature ID="30784">
    <Measure ID="395" Sign="">
     <Signs>
      <Sign ID="31867" langid="1"><![CDATA[mg/kg]]></Sign>
     </Signs>
    </Measure>
    <Name ID="3053888" langid="1" Value="Copper content"/>
   </Feature>
  </ProductFeature>
  <ProductFeature Localized="0" ID="491196639" Local_ID="0" Value="2" CategoryFeature_ID="205033" CategoryFeatureGroup_ID="22475" No="100061" Optional="0" Presentation_Value="2 mg/kg" Translated="0" Mandatory="0" Searchable="0">
   <LocalValue Value="2">
    <Measure ID="395">
     <Signs>
      <Sign ID="31867" langid="1"><![CDATA[mg/kg]]></Sign>
     </Signs>
    </Measure>
   </LocalValue>
   <Feature ID="30785">
    <Measure ID="395" Sign="">
     <Signs>
      <Sign ID="31867" langid="1"><![CDATA[mg/kg]]></Sign>
     </Signs>
    </Measure>
    <Name ID="3053942" langid="1" Value="Iodine content"/>
   </Feature>
  </ProductFeature>
  <ProductFeature Localized="0" ID="491196659" Local_ID="0" Value="0.05" CategoryFeature_ID="205034" CategoryFeatureGroup_ID="22475" No="100058" Optional="0" Presentation_Value="0.05 mg/kg" Translated="0" Mandatory="0" Searchable="0">
   <LocalValue Value="0.05">
    <Measure ID="395">
     <Signs>
      <Sign ID="31867" langid="1"><![CDATA[mg/kg]]></Sign>
     </Signs>
    </Measure>
   </LocalValue>
   <Feature ID="30786">
    <Measure ID="395" Sign="">
     <Signs>
      <Sign ID="31867" langid="1"><![CDATA[mg/kg]]></Sign>
     </Signs>
    </Measure>
    <Name ID="3053996" langid="1" Value="Selenium content"/>
   </Feature>
  </ProductFeature>
  <ProductFeature Localized="0" ID="491196532" Local_ID="0" Value="13000" CategoryFeature_ID="205036" CategoryFeatureGroup_ID="22475" No="100055" Optional="0" Presentation_Value="13000 IU/kg" Translated="0" Mandatory="0" Searchable="0">
   <LocalValue Value="13000">
    <Measure ID="394">
     <Signs>
      <Sign ID="31813" langid="1"><![CDATA[IU/kg]]></Sign>
     </Signs>
    </Measure>
   </LocalValue>
   <Feature ID="30787">
    <Measure ID="394" Sign="">
     <Signs>
      <Sign ID="31813" langid="1"><![CDATA[IU/kg]]></Sign>
     </Signs>
    </Measure>
    <Name ID="3054050" langid="1" Value="Vitamin A content"/>
   </Feature>
  </ProductFeature>
  <ProductFeature Localized="0" ID="491196533" Local_ID="0" Value="1300" CategoryFeature_ID="205037" CategoryFeatureGroup_ID="22475" No="100052" Optional="0" Presentation_Value="1300 IU/kg" Translated="0" Mandatory="0" Searchable="0">
   <LocalValue Value="1300">
    <Measure ID="394">
     <Signs>
      <Sign ID="31813" langid="1"><![CDATA[IU/kg]]></Sign>
     </Signs>
    </Measure>
   </LocalValue>
   <Feature ID="30788">
    <Measure ID="394" Sign="">
     <Signs>
      <Sign ID="31813" langid="1"><![CDATA[IU/kg]]></Sign>
     </Signs>
    </Measure>
    <Name ID="3054104" langid="1" Value="Vitamin D3 content"/>
   </Feature>
  </ProductFeature>
  <ProductFeature Localized="0" ID="491196536" Local_ID="0" Value="130" CategoryFeature_ID="205038" CategoryFeatureGroup_ID="22475" No="100049" Optional="0" Presentation_Value="130 mg/kg" Translated="0" Mandatory="0" Searchable="0">
   <LocalValue Value="130">
    <Measure ID="395">
     <Signs>
      <Sign ID="31867" langid="1"><![CDATA[mg/kg]]></Sign>
     </Signs>
    </Measure>
   </LocalValue>
   <Feature ID="30789">
    <Measure ID="395" Sign="">
     <Signs>
      <Sign ID="31867" langid="1"><![CDATA[mg/kg]]></Sign>
     </Signs>
    </Measure>
    <Name ID="3054158" langid="1" Value="Vitamin E content"/>
   </Feature>
  </ProductFeature>
  <ProductFeature Localized="0" ID="491196740" Local_ID="0" Value="Germany" CategoryFeature_ID="377144" CategoryFeatureGroup_ID="39141" No="100000" Optional="0" Presentation_Value="Germany" Translated="1" Mandatory="0" Searchable="0">
   <LocalValue Value="Germany">
    <Measure ID="29">
     <Signs/>
    </Measure>
   </LocalValue>
   <Feature ID="3294">
    <Measure ID="29" Sign="">
     <Signs/>
    </Measure>
    <Name ID="31174" langid="1" Value="Country of origin"/>
   </Feature>
  </ProductFeature>
  <ProductGallery>
   <ProductPicture IsMain="Y" LowPic="https://inishop.com/img/gallery_lows/100731417_6906202768.jpg" LowPicHeight="200" LowPicWidth="113" LowSize="23450" No="1" Original="https://inishop.com/img/gallery_raw/100731417_6906202768.png" OriginalSize="562227" Pic="https://inishop.com/img/gallery/100731417_6906202768.jpg" Pic500x500="https://inishop.com/img/gallery_mediums/100731417_6906202768.jpg" Pic500x500Height="500" Pic500x500Size="123256" Pic500x500Width="281" PicHeight="800" PicWidth="450" ProductPicture_ID="64846898" Size="297592" ThumbPic="https://inishop.com/img/gallery_thumbs/100731417_6906202768.jpg" ThumbSize="4740" Type="ProductImage" UpdatedDate="2022-07-24 10:49:10"/>
   <ProductPicture LowPic="https://inishop.com/img/gallery_lows/86695588_5665010069.jpg" LowPicHeight="200" LowPicWidth="200" LowSize="50158" No="2" Original="https://inishop.com/img/gallery_raw/86695588_5665010069.png" OriginalSize="1003658" Pic="https://inishop.com/img/gallery/86695588_5665010069.jpg" Pic500x500="https://inishop.com/img/gallery_mediums/86695588_5665010069.jpg" Pic500x500Height="500" Pic500x500Size="265863" Pic500x500Width="500" PicHeight="800" PicWidth="800" ProductPicture_ID="64846899" Size="561921" ThumbPic="https://inishop.com/img/gallery_thumbs/86695588_5665010069.jpg" ThumbSize="9286" Type="ProductImage" UpdatedDate="2024-03-11 09:14:46"/>
   <ProductPicture LowPic="https://inishop.com/img/gallery_lows/d66cb8dc7d86ec171869a9cba1d10a55555ae2c9.jpg" LowPicHeight="200" LowPicWidth="200" LowSize="39483" No="3" Original="https://inishop.com/img/gallery_raw/e432e0d5898c0ecd5fcf39597beaa82516500b7c.jpeg" OriginalSize="129187" Pic="https://inishop.com/img/gallery/876a45afbb6603bf43b58531969d64861bcf04c0.jpg" Pic500x500="https://inishop.com/img/gallery_mediums/6ee519809c76d59149a9fb643308215bb4b4fec5.jpg" Pic500x500Height="500" Pic500x500Size="191684" Pic500x500Width="500" PicHeight="800" PicWidth="800" ProductPicture_ID="117095982" Size="322769" ThumbPic="https://inishop.com/img/gallery_thumbs/6e09a9d1a51aa07deeaf88bab1130d417496f08a.jpg" ThumbSize="8148" Type="ProductImage" UpdatedDate="2025-09-09 11:43:32"/>
  </ProductGallery>
  <ProductMultimediaObject/>
  <ProductRelated/>
  <SummaryDescription>
   <ShortSummaryDescription langid="1">Belcando Adult Lamb &amp; Rice, Adult, Lamb, Rice, 4 kg, Lactose free</ShortSummaryDescription>
   <LongSummaryDescription langid="1">Belcando Adult Lamb &amp; Rice. Pet life stage: Adult, Pet food flavor: Lamb, Rice, Weight: 4 kg, Lactose free, Grain free</LongSummaryDescription>
  </SummaryDescription>
  <Supplier ID="32628" Name="Belcando"/>
  <CatalogObjectCloud/>
  <BrandOrganizations/>
 </Product>
</ICECAT-interface>
