<?xml version="1.0" encoding="UTF-8"?>
<!DOCTYPE ICECAT-interface SYSTEM "https://data.icecat.biz/dtd/ICECAT-interface_response.dtd">
<!--source: Icecat.biz 2025-->
<!--Language ID: 1-->
<!--Version: v2-->
<ICECAT-interface xmlns:xsi="http://www.w3.org/2001/XMLSchema-instance" xsi:noNamespaceSchemaLocation="https://data.icecat.biz/xsd/ICECAT-interface_response.xsd">
 <Product Code="1" HighPic="https://inishop.com/img/gallery/e68b21075ac795465b388991299cd02f62fb0c2c.jpg" HighPicHeight="1325" HighPicSize="542691" HighPicWidth="815" ID="101927862" LowPic="https://inishop.com/img/gallery_lows/7bccf4d3fcfd7c7459c46dec74e4749e09370b3c.jpg" LowPicHeight="200" LowPicSize="27510" LowPicWidth="123" Name="Light Adult Small &amp; Mini Breed Dry Dog Food with Chicken" IntName="604236" LocalName="Light Adult Small &amp; Mini Breed Dry Dog Food with Chicken" Pic500x500="https://inishop.com/img/gallery_mediums/83efabbfdba99b2241089437bd7f0040424b4ba6.jpg" Pic500x500Height="500" Pic500x500Size="118550" Pic500x500Width="308" Prod_id="604236" Quality="ICECAT" ReleaseDate="" ThumbPic="https://inishop.com/img/gallery_thumbs/b8b379996648bfa173b6f3fbe05356a8a3b4b51c.jpg" ThumbPicSize="5974" Title="Hills Light Adult Small &amp; Mini Breed Dry Dog Food with Chicken" GeneratedIntTitle="Hills 604236 dogs dry food" GeneratedLocalTitle="Hills 604236 dogs dry food 1.5 kg" BrandLocalTitle="Hills Light Adult Small &amp; Mini Breed Dry Dog Food with Chicken">
  <CategoryFeatureGroup ID="66197" No="0">
   <FeatureGroup ID="0">
    <Name ID="5073" langid="1" Value="Technical details"/>
   </FeatureGroup>
  </CategoryFeatureGroup>
  <CategoryFeatureGroup ID="47998" No="6">
   <FeatureGroup ID="14">
    <Name ID="5023" langid="1" Value="Weight &amp; dimensions"/>
   </FeatureGroup>
  </CategoryFeatureGroup>
  <CategoryFeatureGroup ID="45590" No="0">
   <FeatureGroup ID="76">
    <Name ID="28540" langid="1" Value="Certificates"/>
   </FeatureGroup>
  </CategoryFeatureGroup>
  <CategoryFeatureGroup ID="51549" No="0">
   <FeatureGroup ID="116">
    <Name ID="78852" langid="1" Value="Packaging content"/>
   </FeatureGroup>
  </CategoryFeatureGroup>
  <CategoryFeatureGroup ID="57502" No="0">
   <FeatureGroup ID="143">
    <Name ID="618812" langid="1" Value="Battery"/>
   </FeatureGroup>
  </CategoryFeatureGroup>
  <CategoryFeatureGroup ID="13305" No="10">
   <FeatureGroup ID="185">
    <Name ID="1219853" langid="1" Value="Features"/>
   </FeatureGroup>
  </CategoryFeatureGroup>
  <CategoryFeatureGroup ID="39141" No="-1">
   <FeatureGroup ID="198">
    <Name ID="1788927" langid="1" Value="Logistics data"/>
   </FeatureGroup>
  </CategoryFeatureGroup>
  <CategoryFeatureGroup ID="22475" No="8">
   <FeatureGroup ID="200">
    <Name ID="2069494" langid="1" Value="Nutrition facts"/>
   </FeatureGroup>
  </CategoryFeatureGroup>
  <CategoryFeatureGroup ID="64094" No="0">
   <FeatureGroup ID="232">
    <Name ID="3464238" langid="1" Value="Supplier features"/>
   </FeatureGroup>
  </CategoryFeatureGroup>
  <Category ID="3398">
   <Name ID="3729913" langid="1" Value="Dogs Dry Food"/>
  </Category>
  <EANCode EAN="0052742024745" Format="GTIN-13" IsApproved="1"/>
  <EANCode EAN="052742024745" Format="GTIN-12" IsApproved="1"/>
  <ReleaseDate/>
  <EndOfLifeDate/>
  <ReasonsToBuy/>
  <BulletPoints/>
  <GeneratedBulletPoints/>
  <ProductBundled/>
  <ProductDescription ID="104037803" LongDesc="Hill's Science Plan Light Adult Small &amp; Mini Dog Food with Chicken (chicken 11%, total poultry 17%) is a complete pet food for 1-6 years old small dogs with a tendency to gain weight.&lt;br&gt;&lt;br&gt;&lt;b&gt;Key benefits&lt;/b&gt;&lt;br&gt;Big on Love, Small in Size. Hill's Science Plan Light Small &amp; Mini Adult dog food is tailored nutrition for less active adult small dogs requiring a low calorie food to help maintain a healthy weight &amp; lifestyle. Specially made with our smallest kibble.&lt;br&gt;&lt;br&gt;&lt;b&gt;Recommended for:&lt;/b&gt;&lt;br&gt;Adult dogs 1 - 6 years of age that weigh up to 10kg when full grown and require fewer calories (i.e. dogs that are less active, neutered or otherwise prone to weight gain)&lt;br&gt;&lt;br&gt;&lt;b&gt;Not recommended for:&lt;/b&gt;&lt;br&gt;Puppies, or mature adult dogs ( &gt; 6 years of age). Pregnant or nursing dogs. During pregnancy or nursing, dogs should be switched to Hill's Science Plan Small &amp; Mini Puppy dog food." ManualPDFSize="0" ManualPDFURL="" MiddleDesc="" PDFSize="0" PDFURL="" ShortDesc="Light Adult Small &amp; Mini Breed Dry Dog Food with Chicken" URL="https://www.hillspet.co.uk/dog-food/sp-canine-science-plan-adult-small-and-miniature-light-original-dry" WarrantyInfo="" langid="1"/>
  <ProductFeature Localized="0" ID="835129554" Local_ID="0" Value="Adult (animal)" CategoryFeature_ID="122907" CategoryFeatureGroup_ID="13305" No="10100020" Optional="0" Presentation_Value="Adult" Translated="1" Mandatory="1" Searchable="1">
   <LocalValue Value="Adult">
    <Measure ID="29">
     <Signs/>
    </Measure>
   </LocalValue>
   <Feature ID="20700">
    <Measure ID="29" Sign="">
     <Signs/>
    </Measure>
    <Name ID="1627742" langid="1" Value="Pet life stage"/>
   </Feature>
  </ProductFeature>
  <ProductFeature Localized="0" ID="503327315" Local_ID="0" Value="Chicken" CategoryFeature_ID="122918" CategoryFeatureGroup_ID="13305" No="10100017" Optional="0" Presentation_Value="Chicken" Translated="1" Mandatory="1" Searchable="1">
   <LocalValue Value="Chicken">
    <Measure ID="29">
     <Signs/>
    </Measure>
   </LocalValue>
   <Feature ID="20702">
    <Measure ID="29" Sign="">
     <Signs/>
    </Measure>
    <Name ID="1628031" langid="1" Value="Pet food flavor"/>
   </Feature>
  </ProductFeature>
  <ProductFeature Localized="0" ID="503327316" Local_ID="0" Value="1500" CategoryFeature_ID="189213" CategoryFeatureGroup_ID="13305" No="100200" Optional="0" Presentation_Value="1.5 kg" Translated="0" Mandatory="1" Searchable="0">
   <LocalValue Value="1.5">
    <Measure ID="17">
     <Signs>
      <Sign ID="15505" langid="1"><![CDATA[kg]]></Sign>
     </Signs>
    </Measure>
   </LocalValue>
   <Feature ID="94">
    <Measure ID="38" Sign="">
     <Signs>
      <Sign ID="22" langid="1"><![CDATA[g]]></Sign>
     </Signs>
    </Measure>
    <Name ID="1525" langid="1" Value="Weight"/>
   </Feature>
  </ProductFeature>
  <ProductFeature Localized="0" ID="835129557" Local_ID="0" Value="Mini (5 - 10kg),X-Small (&lt; 4kg)" CategoryFeature_ID="122920" CategoryFeatureGroup_ID="13305" No="100189" Optional="0" Presentation_Value="Mini (5 - 10kg), X-Small (&lt; 4kg)" Translated="1" Mandatory="0" Searchable="0">
   <LocalValue Value="Mini (5 - 10kg), X-Small (&lt; 4kg)">
    <Measure ID="29">
     <Signs/>
    </Measure>
   </LocalValue>
   <Feature ID="20703">
    <Measure ID="29" Sign="">
     <Signs/>
    </Measure>
    <Name ID="1628081" langid="1" Value="Breed size"/>
   </Feature>
  </ProductFeature>
  <ProductFeature Localized="0" ID="835129637" Local_ID="0" Value="Omega-6,Vitamin A,Vitamin C,Vitamin E" CategoryFeature_ID="201495" CategoryFeatureGroup_ID="13305" No="100175" Optional="0" Presentation_Value="Omega-6, Vitamin A, Vitamin C, Vitamin E" Translated="1" Mandatory="0" Searchable="0">
   <LocalValue Value="Omega-6, Vitamin A, Vitamin C, Vitamin E">
    <Measure ID="29">
     <Signs/>
    </Measure>
   </LocalValue>
   <Feature ID="26607">
    <Measure ID="29" Sign="">
     <Signs/>
    </Measure>
    <Name ID="2282139" langid="1" Value="Includes vitamins"/>
   </Feature>
  </ProductFeature>
  <ProductFeature Localized="1" ID="0" Local_ID="554059090" Value="" CategoryFeature_ID="694052" CategoryFeatureGroup_ID="13305" No="100017" Optional="0" Presentation_Value="Chicken and turkey meal, wheat, pea bran meal, maize, maize gluten meal, digest, brewers' rice, cellulose, animal fat, dried beet pulp, vegetable oil, minerals, flaxseed, dried tomato pomace, dried citrus pulp, spinach powder" Translated="1" Mandatory="0" Searchable="0">
   <LocalValue Value="Chicken and turkey meal, wheat, pea bran meal, maize, maize gluten meal, digest, brewers' rice, cellulose, animal fat, dried beet pulp, vegetable oil, minerals, flaxseed, dried tomato pomace, dried citrus pulp, spinach powder">
    <Measure ID="29">
     <Signs/>
    </Measure>
   </LocalValue>
   <Feature ID="16908">
    <Measure ID="29" Sign="">
     <Signs/>
    </Measure>
    <Name ID="1216897" langid="1" Value="Ingredients"/>
   </Feature>
  </ProductFeature>
  <ProductFeature Localized="0" ID="503327307" Local_ID="0" Value="6" CategoryFeature_ID="661803" CategoryFeatureGroup_ID="13305" No="100000" Optional="0" Presentation_Value="6 pc(s)" Translated="0" Mandatory="0" Searchable="0">
   <LocalValue Value="6">
    <Measure ID="144">
     <Signs>
      <Sign ID="125" langid="1"><![CDATA[pc(s)]]></Sign>
     </Signs>
    </Measure>
   </LocalValue>
   <Feature ID="20228">
    <Measure ID="144" Sign="">
     <Signs>
      <Sign ID="125" langid="1"><![CDATA[pc(s)]]></Sign>
     </Signs>
    </Measure>
    <Name ID="1498423" langid="1" Value="Quantity per pack"/>
   </Feature>
  </ProductFeature>
  <ProductFeature Localized="0" ID="835129563" Local_ID="0" Value="23.4" CategoryFeature_ID="122923" CategoryFeatureGroup_ID="22475" No="100100" Optional="0" Presentation_Value="23.4%" Translated="0" Mandatory="0" Searchable="0">
   <LocalValue Value="23.4">
    <Measure ID="64">
     <Signs>
      <Sign ID="47" langid="1"><![CDATA[%]]></Sign>
     </Signs>
    </Measure>
   </LocalValue>
   <Feature ID="20705">
    <Measure ID="64" Sign="">
     <Signs>
      <Sign ID="47" langid="1"><![CDATA[%]]></Sign>
     </Signs>
    </Measure>
    <Name ID="1628181" langid="1" Value="Protein"/>
   </Feature>
  </ProductFeature>
  <ProductFeature Localized="0" ID="835129565" Local_ID="0" Value="10.6" CategoryFeature_ID="122924" CategoryFeatureGroup_ID="22475" No="100100" Optional="0" Presentation_Value="10.6%" Translated="0" Mandatory="0" Searchable="0">
   <LocalValue Value="10.6">
    <Measure ID="64">
     <Signs>
      <Sign ID="47" langid="1"><![CDATA[%]]></Sign>
     </Signs>
    </Measure>
   </LocalValue>
   <Feature ID="20706">
    <Measure ID="64" Sign="">
     <Signs>
      <Sign ID="47" langid="1"><![CDATA[%]]></Sign>
     </Signs>
    </Measure>
    <Name ID="1628246" langid="1" Value="Fat content"/>
   </Feature>
  </ProductFeature>
  <ProductFeature Localized="0" ID="835129639" Local_ID="0" Value="5.3" CategoryFeature_ID="122925" CategoryFeatureGroup_ID="22475" No="100100" Optional="0" Presentation_Value="5.3%" Translated="0" Mandatory="0" Searchable="0">
   <LocalValue Value="5.3">
    <Measure ID="64">
     <Signs>
      <Sign ID="47" langid="1"><![CDATA[%]]></Sign>
     </Signs>
    </Measure>
   </LocalValue>
   <Feature ID="20707">
    <Measure ID="64" Sign="">
     <Signs>
      <Sign ID="47" langid="1"><![CDATA[%]]></Sign>
     </Signs>
    </Measure>
    <Name ID="1628296" langid="1" Value="Crude ash"/>
   </Feature>
  </ProductFeature>
  <ProductFeature Localized="0" ID="835129587" Local_ID="0" Value="12.4" CategoryFeature_ID="122926" CategoryFeatureGroup_ID="22475" No="100100" Optional="0" Presentation_Value="12.4%" Translated="0" Mandatory="0" Searchable="0">
   <LocalValue Value="12.4">
    <Measure ID="64">
     <Signs>
      <Sign ID="47" langid="1"><![CDATA[%]]></Sign>
     </Signs>
    </Measure>
   </LocalValue>
   <Feature ID="20708">
    <Measure ID="64" Sign="">
     <Signs>
      <Sign ID="47" langid="1"><![CDATA[%]]></Sign>
     </Signs>
    </Measure>
    <Name ID="1628361" langid="1" Value="Crude fibres"/>
   </Feature>
  </ProductFeature>
  <ProductFeature Localized="0" ID="835129643" Local_ID="0" Value="0.6" CategoryFeature_ID="201489" CategoryFeatureGroup_ID="22475" No="100100" Optional="0" Presentation_Value="0.6%" Translated="0" Mandatory="0" Searchable="0">
   <LocalValue Value="0.6">
    <Measure ID="64">
     <Signs>
      <Sign ID="47" langid="1"><![CDATA[%]]></Sign>
     </Signs>
    </Measure>
   </LocalValue>
   <Feature ID="30405">
    <Measure ID="64" Sign="">
     <Signs>
      <Sign ID="47" langid="1"><![CDATA[%]]></Sign>
     </Signs>
    </Measure>
    <Name ID="2876158" langid="1" Value="Phosphorus"/>
   </Feature>
  </ProductFeature>
  <ProductFeature Localized="0" ID="835129640" Local_ID="0" Value="0.83" CategoryFeature_ID="201490" CategoryFeatureGroup_ID="22475" No="100100" Optional="0" Presentation_Value="0.83%" Translated="0" Mandatory="0" Searchable="0">
   <LocalValue Value="0.83">
    <Measure ID="64">
     <Signs>
      <Sign ID="47" langid="1"><![CDATA[%]]></Sign>
     </Signs>
    </Measure>
   </LocalValue>
   <Feature ID="30404">
    <Measure ID="64" Sign="">
     <Signs>
      <Sign ID="47" langid="1"><![CDATA[%]]></Sign>
     </Signs>
    </Measure>
    <Name ID="2876106" langid="1" Value="Calcium"/>
   </Feature>
  </ProductFeature>
  <ProductFeature Localized="0" ID="835129644" Local_ID="0" Value="0.3" CategoryFeature_ID="201491" CategoryFeatureGroup_ID="22475" No="100100" Optional="0" Presentation_Value="0.3%" Translated="0" Mandatory="0" Searchable="0">
   <LocalValue Value="0.3">
    <Measure ID="64">
     <Signs>
      <Sign ID="47" langid="1"><![CDATA[%]]></Sign>
     </Signs>
    </Measure>
   </LocalValue>
   <Feature ID="30406">
    <Measure ID="64" Sign="">
     <Signs>
      <Sign ID="47" langid="1"><![CDATA[%]]></Sign>
     </Signs>
    </Measure>
    <Name ID="2876210" langid="1" Value="Sodium"/>
   </Feature>
  </ProductFeature>
  <ProductFeature Localized="0" ID="835129647" Local_ID="0" Value="0.12" CategoryFeature_ID="204245" CategoryFeatureGroup_ID="22475" No="100097" Optional="0" Presentation_Value="0.12%" Translated="0" Mandatory="0" Searchable="0">
   <LocalValue Value="0.12">
    <Measure ID="64">
     <Signs>
      <Sign ID="47" langid="1"><![CDATA[%]]></Sign>
     </Signs>
    </Measure>
   </LocalValue>
   <Feature ID="30418">
    <Measure ID="64" Sign="">
     <Signs>
      <Sign ID="47" langid="1"><![CDATA[%]]></Sign>
     </Signs>
    </Measure>
    <Name ID="2877018" langid="1" Value="Magnesium content"/>
   </Feature>
  </ProductFeature>
  <ProductFeature Localized="0" ID="835129645" Local_ID="0" Value="0.73" CategoryFeature_ID="205019" CategoryFeatureGroup_ID="22475" No="100094" Optional="0" Presentation_Value="0.73%" Translated="0" Mandatory="0" Searchable="0">
   <LocalValue Value="0.73">
    <Measure ID="64">
     <Signs>
      <Sign ID="47" langid="1"><![CDATA[%]]></Sign>
     </Signs>
    </Measure>
   </LocalValue>
   <Feature ID="30417">
    <Measure ID="64" Sign="">
     <Signs>
      <Sign ID="47" langid="1"><![CDATA[%]]></Sign>
     </Signs>
    </Measure>
    <Name ID="2876966" langid="1" Value="Potassium content"/>
   </Feature>
  </ProductFeature>
  <ProductFeature Localized="0" ID="835129658" Local_ID="0" Value="3130" CategoryFeature_ID="205024" CategoryFeatureGroup_ID="22475" No="100088" Optional="0" Presentation_Value="3130 kcal/kg" Translated="0" Mandatory="0" Searchable="0">
   <LocalValue Value="3130">
    <Measure ID="315">
     <Signs>
      <Sign ID="21220" langid="1"><![CDATA[kcal/kg]]></Sign>
     </Signs>
    </Measure>
   </LocalValue>
   <Feature ID="30773">
    <Measure ID="315" Sign="">
     <Signs>
      <Sign ID="21220" langid="1"><![CDATA[kcal/kg]]></Sign>
     </Signs>
    </Measure>
    <Name ID="3053294" langid="1" Value="Metabolisable Energy (ME)"/>
   </Feature>
  </ProductFeature>
  <ProductFeature Localized="0" ID="835129656" Local_ID="0" Value="334" CategoryFeature_ID="205025" CategoryFeatureGroup_ID="22475" No="100085" Optional="0" Presentation_Value="334 mg/kg" Translated="0" Mandatory="0" Searchable="0">
   <LocalValue Value="334">
    <Measure ID="395">
     <Signs>
      <Sign ID="31867" langid="1"><![CDATA[mg/kg]]></Sign>
     </Signs>
    </Measure>
   </LocalValue>
   <Feature ID="30774">
    <Measure ID="395" Sign="">
     <Signs>
      <Sign ID="31867" langid="1"><![CDATA[mg/kg]]></Sign>
     </Signs>
    </Measure>
    <Name ID="3053348" langid="1" Value="L-carnitine content"/>
   </Feature>
  </ProductFeature>
  <ProductFeature Localized="0" ID="835129655" Local_ID="0" Value="105" CategoryFeature_ID="205028" CategoryFeatureGroup_ID="22475" No="100076" Optional="0" Presentation_Value="105 mg/kg" Translated="0" Mandatory="0" Searchable="0">
   <LocalValue Value="105">
    <Measure ID="395">
     <Signs>
      <Sign ID="31867" langid="1"><![CDATA[mg/kg]]></Sign>
     </Signs>
    </Measure>
   </LocalValue>
   <Feature ID="30777">
    <Measure ID="395" Sign="">
     <Signs>
      <Sign ID="31867" langid="1"><![CDATA[mg/kg]]></Sign>
     </Signs>
    </Measure>
    <Name ID="3053510" langid="1" Value="Vitamin C content"/>
   </Feature>
  </ProductFeature>
  <ProductFeature Localized="0" ID="835129651" Local_ID="0" Value="10.905" CategoryFeature_ID="205036" CategoryFeatureGroup_ID="22475" No="100055" Optional="0" Presentation_Value="10.905 IU/kg" Translated="0" Mandatory="0" Searchable="0">
   <LocalValue Value="10.905">
    <Measure ID="394">
     <Signs>
      <Sign ID="31813" langid="1"><![CDATA[IU/kg]]></Sign>
     </Signs>
    </Measure>
   </LocalValue>
   <Feature ID="30787">
    <Measure ID="394" Sign="">
     <Signs>
      <Sign ID="31813" langid="1"><![CDATA[IU/kg]]></Sign>
     </Signs>
    </Measure>
    <Name ID="3054050" langid="1" Value="Vitamin A content"/>
   </Feature>
  </ProductFeature>
  <ProductFeature Localized="0" ID="835129653" Local_ID="0" Value="758" CategoryFeature_ID="205037" CategoryFeatureGroup_ID="22475" No="100052" Optional="0" Presentation_Value="758 IU/kg" Translated="0" Mandatory="0" Searchable="0">
   <LocalValue Value="758">
    <Measure ID="394">
     <Signs>
      <Sign ID="31813" langid="1"><![CDATA[IU/kg]]></Sign>
     </Signs>
    </Measure>
   </LocalValue>
   <Feature ID="30788">
    <Measure ID="394" Sign="">
     <Signs>
      <Sign ID="31813" langid="1"><![CDATA[IU/kg]]></Sign>
     </Signs>
    </Measure>
    <Name ID="3054104" langid="1" Value="Vitamin D3 content"/>
   </Feature>
  </ProductFeature>
  <ProductFeature Localized="0" ID="835129654" Local_ID="0" Value="690" CategoryFeature_ID="205038" CategoryFeatureGroup_ID="22475" No="100049" Optional="0" Presentation_Value="690 mg/kg" Translated="0" Mandatory="0" Searchable="0">
   <LocalValue Value="690">
    <Measure ID="395">
     <Signs>
      <Sign ID="31867" langid="1"><![CDATA[mg/kg]]></Sign>
     </Signs>
    </Measure>
   </LocalValue>
   <Feature ID="30789">
    <Measure ID="395" Sign="">
     <Signs>
      <Sign ID="31867" langid="1"><![CDATA[mg/kg]]></Sign>
     </Signs>
    </Measure>
    <Name ID="3054158" langid="1" Value="Vitamin E content"/>
   </Feature>
  </ProductFeature>
  <ProductFeature Localized="0" ID="835129661" Local_ID="0" Value="0.37" CategoryFeature_ID="810603" CategoryFeatureGroup_ID="22475" No="100010" Optional="0" Presentation_Value="0.37%" Translated="0" Mandatory="0" Searchable="0">
   <LocalValue Value="0.37">
    <Measure ID="64">
     <Signs>
      <Sign ID="47" langid="1"><![CDATA[%]]></Sign>
     </Signs>
    </Measure>
   </LocalValue>
   <Feature ID="31078">
    <Measure ID="64" Sign="">
     <Signs>
      <Sign ID="47" langid="1"><![CDATA[%]]></Sign>
     </Signs>
    </Measure>
    <Name ID="3098136" langid="1" Value="Omega-3 fatty acids"/>
   </Feature>
  </ProductFeature>
  <ProductFeature Localized="0" ID="835129634" Local_ID="0" Value="2.9" CategoryFeature_ID="810604" CategoryFeatureGroup_ID="22475" No="100009" Optional="0" Presentation_Value="2.9%" Translated="0" Mandatory="0" Searchable="0">
   <LocalValue Value="2.9">
    <Measure ID="64">
     <Signs>
      <Sign ID="47" langid="1"><![CDATA[%]]></Sign>
     </Signs>
    </Measure>
   </LocalValue>
   <Feature ID="44751">
    <Measure ID="64" Sign="">
     <Signs>
      <Sign ID="47" langid="1"><![CDATA[%]]></Sign>
     </Signs>
    </Measure>
    <Name ID="8027892" langid="1" Value="Omega-6 fatty acids"/>
   </Feature>
  </ProductFeature>
  <ProductGallery>
   <ProductPicture IsMain="Y" LowPic="https://inishop.com/img/gallery_lows/7bccf4d3fcfd7c7459c46dec74e4749e09370b3c.jpg" LowPicHeight="200" LowPicWidth="123" LowSize="27510" No="2" Original="https://inishop.com/img/gallery_raw/feebff4f11b9a350d5229a0979e4f92040ef95dd.jpeg" OriginalSize="182513" Pic="https://inishop.com/img/gallery/e68b21075ac795465b388991299cd02f62fb0c2c.jpg" Pic500x500="https://inishop.com/img/gallery_mediums/83efabbfdba99b2241089437bd7f0040424b4ba6.jpg" Pic500x500Height="500" Pic500x500Size="118550" Pic500x500Width="308" PicHeight="1325" PicWidth="815" ProductPicture_ID="117083978" Size="542691" ThumbPic="https://inishop.com/img/gallery_thumbs/b8b379996648bfa173b6f3fbe05356a8a3b4b51c.jpg" ThumbSize="5974" Type="ProductImage" UpdatedDate="2025-09-08 17:02:22"/>
   <ProductPicture LowPic="https://inishop.com/img/gallery_lows/648f5e3b4cb7ee688ed994242e1288f023622b43.jpg" LowPicHeight="200" LowPicWidth="200" LowSize="29428" No="7" Original="https://inishop.com/img/gallery_raw/6c1ccf26b1a0191bb3019007ae47cdf60d2ecb40.jpeg" OriginalSize="31490" Pic="https://inishop.com/img/gallery/c366e20eebecb7feb46e5d7fae3b562a60a849fc.jpg" Pic500x500="https://inishop.com/img/gallery_mediums/c366e20eebecb7feb46e5d7fae3b562a60a849fc.jpg" Pic500x500Height="500" Pic500x500Size="87489" Pic500x500Width="500" PicHeight="500" PicWidth="500" ProductPicture_ID="117083995" Size="87489" ThumbPic="https://inishop.com/img/gallery_thumbs/8048df82d94019bb79cdde04b82a3afb80c5055d.jpg" ThumbSize="6804" Type="ProductImageAnnotated" UpdatedDate="2025-09-08 17:03:04" langid="1"/>
   <ProductPicture LowPic="https://inishop.com/img/gallery_lows/f4e708f3e40b6d8cd2b9404ee3d69d51232e13b4.jpg" LowPicHeight="200" LowPicWidth="200" LowSize="41184" No="8" Original="https://inishop.com/img/gallery_raw/827e60cbd6fa11d29c9322af7c229ce7811a727b.jpeg" OriginalSize="50873" Pic="https://inishop.com/img/gallery/2765cfb3761bb0612c8cef6b716bde16a67660c8.jpg" Pic500x500="https://inishop.com/img/gallery_mediums/2765cfb3761bb0612c8cef6b716bde16a67660c8.jpg" Pic500x500Height="500" Pic500x500Size="138410" Pic500x500Width="500" PicHeight="500" PicWidth="500" ProductPicture_ID="117083996" Size="138410" ThumbPic="https://inishop.com/img/gallery_thumbs/a294d740bf2a0859c12a5cecb6a2ede94b4008fb.jpg" ThumbSize="9244" Type="ProductImageAnnotated" UpdatedDate="2025-09-08 17:03:05" langid="1"/>
   <ProductPicture LowPic="https://inishop.com/img/gallery_lows/0b1faeb924ab17dbc16d9fdaf5c3144eb7d9d90d.jpg" LowPicHeight="200" LowPicWidth="200" LowSize="29460" No="9" Original="https://inishop.com/img/gallery_raw/b3a9db13ed6c0485427ea603a89fa48a0e99437f.jpeg" OriginalSize="38631" Pic="https://inishop.com/img/gallery/7be6740cf40a6e78683ba68910aa19a125fc2515.jpg" Pic500x500="https://inishop.com/img/gallery_mediums/7be6740cf40a6e78683ba68910aa19a125fc2515.jpg" Pic500x500Height="500" Pic500x500Size="123651" Pic500x500Width="500" PicHeight="500" PicWidth="500" ProductPicture_ID="117083997" Size="123651" ThumbPic="https://inishop.com/img/gallery_thumbs/f7f3f05dd482c4b8a1432fb045b489e9662aeb1d.jpg" ThumbSize="6272" Type="ProductImageAnnotated" UpdatedDate="2025-09-08 17:03:06" langid="1"/>
   <ProductPicture LowPic="https://inishop.com/img/gallery_lows/0b96e21d06f3ac93542fd334a6fdbd7e95913823.jpg" LowPicHeight="200" LowPicWidth="200" LowSize="37259" No="10" Original="https://inishop.com/img/gallery_raw/4bec92575b481a84a8e0e9b28830ab5a35ef17f4.jpeg" OriginalSize="44630" Pic="https://inishop.com/img/gallery/8cee527fb93bc1e20c274be2e0c5345df61bcbde.jpg" Pic500x500="https://inishop.com/img/gallery_mediums/8cee527fb93bc1e20c274be2e0c5345df61bcbde.jpg" Pic500x500Height="500" Pic500x500Size="119048" Pic500x500Width="500" PicHeight="500" PicWidth="500" ProductPicture_ID="117083998" Size="119048" ThumbPic="https://inishop.com/img/gallery_thumbs/b78458f602740f7464113530f366f85696f74dd3.jpg" ThumbSize="8641" Type="ProductImageAnnotated" UpdatedDate="2025-09-08 17:03:07" langid="1"/>
  </ProductGallery>
  <ProductMultimediaObject/>
  <ProductRelated/>
  <SummaryDescription>
   <ShortSummaryDescription langid="1">Hills Light Adult Small &amp; Mini Breed Dry Dog Food with Chicken, Adult, Mini (5 - 10kg), X-Small (&lt; 4kg), Chicken, 1.5 kg</ShortSummaryDescription>
   <LongSummaryDescription langid="1">Hills Light Adult Small &amp; Mini Breed Dry Dog Food with Chicken. Pet life stage: Adult, Breed size: Mini (5 - 10kg), X-Small (&lt; 4kg), Pet food flavor: Chicken, Weight: 1.5 kg</LongSummaryDescription>
  </SummaryDescription>
  <Supplier ID="21320" Name="Hills"/>
  <CatalogObjectCloud/>
  <BrandOrganizations/>
 </Product>
</ICECAT-interface>
