<?xml version="1.0" encoding="UTF-8"?>
<!DOCTYPE ICECAT-interface SYSTEM "https://data.icecat.biz/dtd/ICECAT-interface_response.dtd">
<!--source: Icecat.biz 2025-->
<!--Language ID: 1-->
<!--Version: v2-->
<ICECAT-interface xmlns:xsi="http://www.w3.org/2001/XMLSchema-instance" xsi:noNamespaceSchemaLocation="https://data.icecat.biz/xsd/ICECAT-interface_response.xsd">
 <Product Code="1" HighPic="https://inishop.com/img/gallery/a897fa1dd6f0737695820417f7fb2566a58a3204.jpg" HighPicHeight="1552" HighPicSize="587333" HighPicWidth="955" ID="101927888" LowPic="https://inishop.com/img/gallery_lows/2d87b563f6d3a3b30e0ca5a7a60660ba945067f5.jpg" LowPicHeight="200" LowPicSize="23557" LowPicWidth="123" Name="Puppy Small &amp; Mini Breed Dry Food with Chicken" IntName="604345" LocalName="Puppy Small &amp; Mini Breed Dry Food with Chicken" Pic500x500="https://inishop.com/img/gallery_mediums/cca3705d8de0cc73e282cd4d755ab5cc7fc6567f.jpg" Pic500x500Height="500" Pic500x500Size="102093" Pic500x500Width="308" Prod_id="604345" Quality="ICECAT" ReleaseDate="" ThumbPic="https://inishop.com/img/gallery_thumbs/99e8d451de1bc6862ad0773692511d9a28dcbd6a.jpg" ThumbPicSize="5325" Title="Hills Puppy Small &amp; Mini Breed Dry Food with Chicken" GeneratedIntTitle="Hills 604345 dogs dry food" GeneratedLocalTitle="Hills 604345 dogs dry food 3 kg" BrandLocalTitle="Hills Puppy Small &amp; Mini Breed Dry Food with Chicken">
  <CategoryFeatureGroup ID="66197" No="0">
   <FeatureGroup ID="0">
    <Name ID="5073" langid="1" Value="Technical details"/>
   </FeatureGroup>
  </CategoryFeatureGroup>
  <CategoryFeatureGroup ID="47998" No="6">
   <FeatureGroup ID="14">
    <Name ID="5023" langid="1" Value="Weight &amp; dimensions"/>
   </FeatureGroup>
  </CategoryFeatureGroup>
  <CategoryFeatureGroup ID="45590" No="0">
   <FeatureGroup ID="76">
    <Name ID="28540" langid="1" Value="Certificates"/>
   </FeatureGroup>
  </CategoryFeatureGroup>
  <CategoryFeatureGroup ID="51549" No="0">
   <FeatureGroup ID="116">
    <Name ID="78852" langid="1" Value="Packaging content"/>
   </FeatureGroup>
  </CategoryFeatureGroup>
  <CategoryFeatureGroup ID="57502" No="0">
   <FeatureGroup ID="143">
    <Name ID="618812" langid="1" Value="Battery"/>
   </FeatureGroup>
  </CategoryFeatureGroup>
  <CategoryFeatureGroup ID="13305" No="10">
   <FeatureGroup ID="185">
    <Name ID="1219853" langid="1" Value="Features"/>
   </FeatureGroup>
  </CategoryFeatureGroup>
  <CategoryFeatureGroup ID="39141" No="-1">
   <FeatureGroup ID="198">
    <Name ID="1788927" langid="1" Value="Logistics data"/>
   </FeatureGroup>
  </CategoryFeatureGroup>
  <CategoryFeatureGroup ID="22475" No="8">
   <FeatureGroup ID="200">
    <Name ID="2069494" langid="1" Value="Nutrition facts"/>
   </FeatureGroup>
  </CategoryFeatureGroup>
  <CategoryFeatureGroup ID="64094" No="0">
   <FeatureGroup ID="232">
    <Name ID="3464238" langid="1" Value="Supplier features"/>
   </FeatureGroup>
  </CategoryFeatureGroup>
  <Category ID="3398">
   <Name ID="3729913" langid="1" Value="Dogs Dry Food"/>
  </Category>
  <EANCode EAN="0052742281803" Format="GTIN-13" IsApproved="1"/>
  <EANCode EAN="052742281803" Format="GTIN-12" IsApproved="1"/>
  <ReleaseDate/>
  <EndOfLifeDate/>
  <ReasonsToBuy/>
  <BulletPoints/>
  <GeneratedBulletPoints/>
  <ProductBundled/>
  <ProductDescription ID="104037835" LongDesc="Hill's Science Plan Small &amp; Mini Puppy Food with Chicken (chicken 17%; total poultry 27%) is a high-quality and complete pet food for small breed puppies from 4 weeks until 12 months old, and for the pregnant or nursing dogs.&lt;br&gt;&lt;br&gt;&lt;b&gt;Key benefits&lt;/b&gt;&lt;br&gt;Big on Love, Small in Size. Hill's Science Plan Small &amp; Mini Puppy dog food with Chicken is tailored nutrition for the developmental needs of Small &amp; Mini puppies, so they get the best start in life &amp; grow to their full potential. Specially made with our smallest kibble.&lt;br&gt;&lt;br&gt;- DHA from fish oil for healthy brain &amp; eye development&lt;br&gt;- Balanced minerals for strong bones &amp; teeth&lt;br&gt;- High-quality ingredients and gentle fibres for your puppy's sensitive tummy&lt;br&gt;- Contains our special Small &amp; Mini antioxidant blend for lifelong immune support&lt;br&gt;&lt;br&gt;&lt;b&gt;Recommended for:&lt;/b&gt;&lt;br&gt;Puppies up to 1 year old and pregnant or nursing dogs that weigh up to 10kg when full grown.&lt;br&gt;&lt;br&gt;&lt;b&gt;Not recommended for:&lt;/b&gt;&lt;br&gt;Adult or mature adult dogs." ManualPDFSize="0" ManualPDFURL="" MiddleDesc="" PDFSize="0" PDFURL="" ShortDesc="Puppy Small &amp; Mini Breed Dry Food with Chicken" URL="https://www.hillspet.co.uk/dog-food/sp-canine-science-plan-puppy-small-and-miniature-chicken-dry" WarrantyInfo="" langid="1"/>
  <ProductFeature Localized="0" ID="503327415" Local_ID="0" Value="Puppy" CategoryFeature_ID="122907" CategoryFeatureGroup_ID="13305" No="10100020" Optional="0" Presentation_Value="Puppy" Translated="1" Mandatory="1" Searchable="1">
   <LocalValue Value="Puppy">
    <Measure ID="29">
     <Signs/>
    </Measure>
   </LocalValue>
   <Feature ID="20700">
    <Measure ID="29" Sign="">
     <Signs/>
    </Measure>
    <Name ID="1627742" langid="1" Value="Pet life stage"/>
   </Feature>
  </ProductFeature>
  <ProductFeature Localized="0" ID="503327409" Local_ID="0" Value="Chicken" CategoryFeature_ID="122918" CategoryFeatureGroup_ID="13305" No="10100017" Optional="0" Presentation_Value="Chicken" Translated="1" Mandatory="1" Searchable="1">
   <LocalValue Value="Chicken">
    <Measure ID="29">
     <Signs/>
    </Measure>
   </LocalValue>
   <Feature ID="20702">
    <Measure ID="29" Sign="">
     <Signs/>
    </Measure>
    <Name ID="1628031" langid="1" Value="Pet food flavor"/>
   </Feature>
  </ProductFeature>
  <ProductFeature Localized="0" ID="503327416" Local_ID="0" Value="3000" CategoryFeature_ID="189213" CategoryFeatureGroup_ID="13305" No="100200" Optional="0" Presentation_Value="3 kg" Translated="0" Mandatory="1" Searchable="0">
   <LocalValue Value="3">
    <Measure ID="17">
     <Signs>
      <Sign ID="15505" langid="1"><![CDATA[kg]]></Sign>
     </Signs>
    </Measure>
   </LocalValue>
   <Feature ID="94">
    <Measure ID="38" Sign="">
     <Signs>
      <Sign ID="22" langid="1"><![CDATA[g]]></Sign>
     </Signs>
    </Measure>
    <Name ID="1525" langid="1" Value="Weight"/>
   </Feature>
  </ProductFeature>
  <ProductFeature Localized="0" ID="835130052" Local_ID="0" Value="Mini (5 - 10kg),X-Small (&lt; 4kg)" CategoryFeature_ID="122920" CategoryFeatureGroup_ID="13305" No="100189" Optional="0" Presentation_Value="Mini (5 - 10kg), X-Small (&lt; 4kg)" Translated="1" Mandatory="0" Searchable="0">
   <LocalValue Value="Mini (5 - 10kg), X-Small (&lt; 4kg)">
    <Measure ID="29">
     <Signs/>
    </Measure>
   </LocalValue>
   <Feature ID="20703">
    <Measure ID="29" Sign="">
     <Signs/>
    </Measure>
    <Name ID="1628081" langid="1" Value="Breed size"/>
   </Feature>
  </ProductFeature>
  <ProductFeature Localized="0" ID="835130164" Local_ID="0" Value="Omega-3,Omega-6,Vitamin A,Vitamin C,Vitamin D,Vitamin E" CategoryFeature_ID="201495" CategoryFeatureGroup_ID="13305" No="100175" Optional="0" Presentation_Value="Omega-3, Omega-6, Vitamin A, Vitamin C, Vitamin D, Vitamin E" Translated="1" Mandatory="0" Searchable="0">
   <LocalValue Value="Omega-3, Omega-6, Vitamin A, Vitamin C, Vitamin D, Vitamin E">
    <Measure ID="29">
     <Signs/>
    </Measure>
   </LocalValue>
   <Feature ID="26607">
    <Measure ID="29" Sign="">
     <Signs/>
    </Measure>
    <Name ID="2282139" langid="1" Value="Includes vitamins"/>
   </Feature>
  </ProductFeature>
  <ProductFeature Localized="1" ID="0" Local_ID="554059092" Value="" CategoryFeature_ID="694052" CategoryFeatureGroup_ID="13305" No="100017" Optional="0" Presentation_Value="Chicken and turkey meal, maize, wheat, animal fat, digest, brewers' rice, maize gluten meal, dried beet pulp, minerals, fish oil, flaxseed, dried tomato pomace, dried citrus pulp, dried spinach" Translated="1" Mandatory="0" Searchable="0">
   <LocalValue Value="Chicken and turkey meal, maize, wheat, animal fat, digest, brewers' rice, maize gluten meal, dried beet pulp, minerals, fish oil, flaxseed, dried tomato pomace, dried citrus pulp, dried spinach">
    <Measure ID="29">
     <Signs/>
    </Measure>
   </LocalValue>
   <Feature ID="16908">
    <Measure ID="29" Sign="">
     <Signs/>
    </Measure>
    <Name ID="1216897" langid="1" Value="Ingredients"/>
   </Feature>
  </ProductFeature>
  <ProductFeature Localized="0" ID="503327412" Local_ID="0" Value="4" CategoryFeature_ID="661803" CategoryFeatureGroup_ID="13305" No="100000" Optional="0" Presentation_Value="4 pc(s)" Translated="0" Mandatory="0" Searchable="0">
   <LocalValue Value="4">
    <Measure ID="144">
     <Signs>
      <Sign ID="125" langid="1"><![CDATA[pc(s)]]></Sign>
     </Signs>
    </Measure>
   </LocalValue>
   <Feature ID="20228">
    <Measure ID="144" Sign="">
     <Signs>
      <Sign ID="125" langid="1"><![CDATA[pc(s)]]></Sign>
     </Signs>
    </Measure>
    <Name ID="1498423" langid="1" Value="Quantity per pack"/>
   </Feature>
  </ProductFeature>
  <ProductFeature Localized="0" ID="835130107" Local_ID="0" Value="27.4" CategoryFeature_ID="122923" CategoryFeatureGroup_ID="22475" No="100100" Optional="0" Presentation_Value="27.4%" Translated="0" Mandatory="0" Searchable="0">
   <LocalValue Value="27.4">
    <Measure ID="64">
     <Signs>
      <Sign ID="47" langid="1"><![CDATA[%]]></Sign>
     </Signs>
    </Measure>
   </LocalValue>
   <Feature ID="20705">
    <Measure ID="64" Sign="">
     <Signs>
      <Sign ID="47" langid="1"><![CDATA[%]]></Sign>
     </Signs>
    </Measure>
    <Name ID="1628181" langid="1" Value="Protein"/>
   </Feature>
  </ProductFeature>
  <ProductFeature Localized="0" ID="835130109" Local_ID="0" Value="17.8" CategoryFeature_ID="122924" CategoryFeatureGroup_ID="22475" No="100100" Optional="0" Presentation_Value="17.8%" Translated="0" Mandatory="0" Searchable="0">
   <LocalValue Value="17.8">
    <Measure ID="64">
     <Signs>
      <Sign ID="47" langid="1"><![CDATA[%]]></Sign>
     </Signs>
    </Measure>
   </LocalValue>
   <Feature ID="20706">
    <Measure ID="64" Sign="">
     <Signs>
      <Sign ID="47" langid="1"><![CDATA[%]]></Sign>
     </Signs>
    </Measure>
    <Name ID="1628246" langid="1" Value="Fat content"/>
   </Feature>
  </ProductFeature>
  <ProductFeature Localized="0" ID="835130121" Local_ID="0" Value="7" CategoryFeature_ID="122925" CategoryFeatureGroup_ID="22475" No="100100" Optional="0" Presentation_Value="7%" Translated="0" Mandatory="0" Searchable="0">
   <LocalValue Value="7">
    <Measure ID="64">
     <Signs>
      <Sign ID="47" langid="1"><![CDATA[%]]></Sign>
     </Signs>
    </Measure>
   </LocalValue>
   <Feature ID="20707">
    <Measure ID="64" Sign="">
     <Signs>
      <Sign ID="47" langid="1"><![CDATA[%]]></Sign>
     </Signs>
    </Measure>
    <Name ID="1628296" langid="1" Value="Crude ash"/>
   </Feature>
  </ProductFeature>
  <ProductFeature Localized="0" ID="835130120" Local_ID="0" Value="1.5" CategoryFeature_ID="122926" CategoryFeatureGroup_ID="22475" No="100100" Optional="0" Presentation_Value="1.5%" Translated="0" Mandatory="0" Searchable="0">
   <LocalValue Value="1.5">
    <Measure ID="64">
     <Signs>
      <Sign ID="47" langid="1"><![CDATA[%]]></Sign>
     </Signs>
    </Measure>
   </LocalValue>
   <Feature ID="20708">
    <Measure ID="64" Sign="">
     <Signs>
      <Sign ID="47" langid="1"><![CDATA[%]]></Sign>
     </Signs>
    </Measure>
    <Name ID="1628361" langid="1" Value="Crude fibres"/>
   </Feature>
  </ProductFeature>
  <ProductFeature Localized="0" ID="835130124" Local_ID="0" Value="1.03" CategoryFeature_ID="201489" CategoryFeatureGroup_ID="22475" No="100100" Optional="0" Presentation_Value="1.03%" Translated="0" Mandatory="0" Searchable="0">
   <LocalValue Value="1.03">
    <Measure ID="64">
     <Signs>
      <Sign ID="47" langid="1"><![CDATA[%]]></Sign>
     </Signs>
    </Measure>
   </LocalValue>
   <Feature ID="30405">
    <Measure ID="64" Sign="">
     <Signs>
      <Sign ID="47" langid="1"><![CDATA[%]]></Sign>
     </Signs>
    </Measure>
    <Name ID="2876158" langid="1" Value="Phosphorus"/>
   </Feature>
  </ProductFeature>
  <ProductFeature Localized="0" ID="835130123" Local_ID="0" Value="1.29" CategoryFeature_ID="201490" CategoryFeatureGroup_ID="22475" No="100100" Optional="0" Presentation_Value="1.29%" Translated="0" Mandatory="0" Searchable="0">
   <LocalValue Value="1.29">
    <Measure ID="64">
     <Signs>
      <Sign ID="47" langid="1"><![CDATA[%]]></Sign>
     </Signs>
    </Measure>
   </LocalValue>
   <Feature ID="30404">
    <Measure ID="64" Sign="">
     <Signs>
      <Sign ID="47" langid="1"><![CDATA[%]]></Sign>
     </Signs>
    </Measure>
    <Name ID="2876106" langid="1" Value="Calcium"/>
   </Feature>
  </ProductFeature>
  <ProductFeature Localized="0" ID="835130128" Local_ID="0" Value="0.49" CategoryFeature_ID="201491" CategoryFeatureGroup_ID="22475" No="100100" Optional="0" Presentation_Value="0.49%" Translated="0" Mandatory="0" Searchable="0">
   <LocalValue Value="0.49">
    <Measure ID="64">
     <Signs>
      <Sign ID="47" langid="1"><![CDATA[%]]></Sign>
     </Signs>
    </Measure>
   </LocalValue>
   <Feature ID="30406">
    <Measure ID="64" Sign="">
     <Signs>
      <Sign ID="47" langid="1"><![CDATA[%]]></Sign>
     </Signs>
    </Measure>
    <Name ID="2876210" langid="1" Value="Sodium"/>
   </Feature>
  </ProductFeature>
  <ProductFeature Localized="0" ID="835130129" Local_ID="0" Value="0.094" CategoryFeature_ID="204245" CategoryFeatureGroup_ID="22475" No="100097" Optional="0" Presentation_Value="0.094%" Translated="0" Mandatory="0" Searchable="0">
   <LocalValue Value="0.094">
    <Measure ID="64">
     <Signs>
      <Sign ID="47" langid="1"><![CDATA[%]]></Sign>
     </Signs>
    </Measure>
   </LocalValue>
   <Feature ID="30418">
    <Measure ID="64" Sign="">
     <Signs>
      <Sign ID="47" langid="1"><![CDATA[%]]></Sign>
     </Signs>
    </Measure>
    <Name ID="2877018" langid="1" Value="Magnesium content"/>
   </Feature>
  </ProductFeature>
  <ProductFeature Localized="0" ID="835130126" Local_ID="0" Value="0.78" CategoryFeature_ID="205019" CategoryFeatureGroup_ID="22475" No="100094" Optional="0" Presentation_Value="0.78%" Translated="0" Mandatory="0" Searchable="0">
   <LocalValue Value="0.78">
    <Measure ID="64">
     <Signs>
      <Sign ID="47" langid="1"><![CDATA[%]]></Sign>
     </Signs>
    </Measure>
   </LocalValue>
   <Feature ID="30417">
    <Measure ID="64" Sign="">
     <Signs>
      <Sign ID="47" langid="1"><![CDATA[%]]></Sign>
     </Signs>
    </Measure>
    <Name ID="2876966" langid="1" Value="Potassium content"/>
   </Feature>
  </ProductFeature>
  <ProductFeature Localized="0" ID="835130099" Local_ID="0" Value="8" CategoryFeature_ID="694050" CategoryFeatureGroup_ID="22475" No="100093" Optional="0" Presentation_Value="8%" Translated="0" Mandatory="0" Searchable="0">
   <LocalValue Value="8">
    <Measure ID="64">
     <Signs>
      <Sign ID="47" langid="1"><![CDATA[%]]></Sign>
     </Signs>
    </Measure>
   </LocalValue>
   <Feature ID="24554">
    <Measure ID="64" Sign="">
     <Signs>
      <Sign ID="47" langid="1"><![CDATA[%]]></Sign>
     </Signs>
    </Measure>
    <Name ID="2023401" langid="1" Value="Moisture content"/>
   </Feature>
  </ProductFeature>
  <ProductFeature Localized="0" ID="835130168" Local_ID="0" Value="117" CategoryFeature_ID="205028" CategoryFeatureGroup_ID="22475" No="100076" Optional="0" Presentation_Value="117 mg/kg" Translated="0" Mandatory="0" Searchable="0">
   <LocalValue Value="117">
    <Measure ID="395">
     <Signs>
      <Sign ID="31867" langid="1"><![CDATA[mg/kg]]></Sign>
     </Signs>
    </Measure>
   </LocalValue>
   <Feature ID="30777">
    <Measure ID="395" Sign="">
     <Signs>
      <Sign ID="31867" langid="1"><![CDATA[mg/kg]]></Sign>
     </Signs>
    </Measure>
    <Name ID="3053510" langid="1" Value="Vitamin C content"/>
   </Feature>
  </ProductFeature>
  <ProductFeature Localized="0" ID="835130167" Local_ID="0" Value="10819" CategoryFeature_ID="205036" CategoryFeatureGroup_ID="22475" No="100055" Optional="0" Presentation_Value="10819 IU/kg" Translated="0" Mandatory="0" Searchable="0">
   <LocalValue Value="10819">
    <Measure ID="394">
     <Signs>
      <Sign ID="31813" langid="1"><![CDATA[IU/kg]]></Sign>
     </Signs>
    </Measure>
   </LocalValue>
   <Feature ID="30787">
    <Measure ID="394" Sign="">
     <Signs>
      <Sign ID="31813" langid="1"><![CDATA[IU/kg]]></Sign>
     </Signs>
    </Measure>
    <Name ID="3054050" langid="1" Value="Vitamin A content"/>
   </Feature>
  </ProductFeature>
  <ProductFeature Localized="0" ID="835130170" Local_ID="0" Value="409" CategoryFeature_ID="205038" CategoryFeatureGroup_ID="22475" No="100049" Optional="0" Presentation_Value="409 mg/kg" Translated="0" Mandatory="0" Searchable="0">
   <LocalValue Value="409">
    <Measure ID="395">
     <Signs>
      <Sign ID="31867" langid="1"><![CDATA[mg/kg]]></Sign>
     </Signs>
    </Measure>
   </LocalValue>
   <Feature ID="30789">
    <Measure ID="395" Sign="">
     <Signs>
      <Sign ID="31867" langid="1"><![CDATA[mg/kg]]></Sign>
     </Signs>
    </Measure>
    <Name ID="3054158" langid="1" Value="Vitamin E content"/>
   </Feature>
  </ProductFeature>
  <ProductFeature Localized="0" ID="835130172" Local_ID="0" Value="0.93" CategoryFeature_ID="810603" CategoryFeatureGroup_ID="22475" No="100010" Optional="0" Presentation_Value="0.93%" Translated="0" Mandatory="0" Searchable="0">
   <LocalValue Value="0.93">
    <Measure ID="64">
     <Signs>
      <Sign ID="47" langid="1"><![CDATA[%]]></Sign>
     </Signs>
    </Measure>
   </LocalValue>
   <Feature ID="31078">
    <Measure ID="64" Sign="">
     <Signs>
      <Sign ID="47" langid="1"><![CDATA[%]]></Sign>
     </Signs>
    </Measure>
    <Name ID="3098136" langid="1" Value="Omega-3 fatty acids"/>
   </Feature>
  </ProductFeature>
  <ProductFeature Localized="0" ID="835130173" Local_ID="0" Value="2.81" CategoryFeature_ID="810604" CategoryFeatureGroup_ID="22475" No="100009" Optional="0" Presentation_Value="2.81%" Translated="0" Mandatory="0" Searchable="0">
   <LocalValue Value="2.81">
    <Measure ID="64">
     <Signs>
      <Sign ID="47" langid="1"><![CDATA[%]]></Sign>
     </Signs>
    </Measure>
   </LocalValue>
   <Feature ID="44751">
    <Measure ID="64" Sign="">
     <Signs>
      <Sign ID="47" langid="1"><![CDATA[%]]></Sign>
     </Signs>
    </Measure>
    <Name ID="8027892" langid="1" Value="Omega-6 fatty acids"/>
   </Feature>
  </ProductFeature>
  <ProductGallery>
   <ProductPicture IsMain="Y" LowPic="https://inishop.com/img/gallery_lows/2d87b563f6d3a3b30e0ca5a7a60660ba945067f5.jpg" LowPicHeight="200" LowPicWidth="123" LowSize="23557" No="2" Original="https://inishop.com/img/gallery_raw/2a3b57ab585e92dee3bb8cfb941b6787024393ff.jpeg" OriginalSize="162087" Pic="https://inishop.com/img/gallery/a897fa1dd6f0737695820417f7fb2566a58a3204.jpg" Pic500x500="https://inishop.com/img/gallery_mediums/cca3705d8de0cc73e282cd4d755ab5cc7fc6567f.jpg" Pic500x500Height="500" Pic500x500Size="102093" Pic500x500Width="308" PicHeight="1552" PicWidth="955" ProductPicture_ID="117084040" Size="587333" ThumbPic="https://inishop.com/img/gallery_thumbs/99e8d451de1bc6862ad0773692511d9a28dcbd6a.jpg" ThumbSize="5325" Type="ProductImage" UpdatedDate="2025-09-08 17:09:26"/>
   <ProductPicture LowPic="https://inishop.com/img/gallery_lows/a6aea726d52592efe868a2d16480adb72b830c10.jpg" LowPicHeight="200" LowPicWidth="123" LowSize="17235" No="3" Original="https://inishop.com/img/gallery_raw/9053f82ab5dae020699d2ffe5b749f1a9ef753f5.jpeg" OriginalSize="244034" Pic="https://inishop.com/img/gallery/6ec64d45b08983eb8afb232543f82349674663d9.jpg" Pic500x500="https://inishop.com/img/gallery_mediums/7be3fd92cfb6d522abec7d8bf8f30dd049ada0ad.jpg" Pic500x500Height="500" Pic500x500Size="88732" Pic500x500Width="308" PicHeight="1552" PicWidth="955" ProductPicture_ID="117084041" Size="681620" ThumbPic="https://inishop.com/img/gallery_thumbs/6a8a00533bbe0c81107ae426274dec1551b63766.jpg" ThumbSize="3526" Type="ProductImage" UpdatedDate="2025-09-08 17:09:30"/>
   <ProductPicture LowPic="https://inishop.com/img/gallery_lows/9ff08f80df11c08509a08c857ccdb4e64362302a.jpg" LowPicHeight="200" LowPicWidth="200" LowSize="29654" No="8" Original="https://inishop.com/img/gallery_raw/bbd48fb0bcfdec4143aab296a4fa132d814b3d1e.jpeg" OriginalSize="37640" Pic="https://inishop.com/img/gallery/2d716f4ebaa19e92d7a7518df6f3bf87c6a74988.jpg" Pic500x500="https://inishop.com/img/gallery_mediums/2d716f4ebaa19e92d7a7518df6f3bf87c6a74988.jpg" Pic500x500Height="500" Pic500x500Size="93689" Pic500x500Width="500" PicHeight="500" PicWidth="500" ProductPicture_ID="117084058" Size="93689" ThumbPic="https://inishop.com/img/gallery_thumbs/cb64c4d6a17749ff3a4bc7382c336f3fa84a90b7.jpg" ThumbSize="6971" Type="ProductImageAnnotated" UpdatedDate="2025-09-08 17:09:53" langid="1"/>
   <ProductPicture LowPic="https://inishop.com/img/gallery_lows/4bbada6d633c9bed257e02b8841b07edb6fdd6b2.jpg" LowPicHeight="200" LowPicWidth="200" LowSize="34244" No="9" Original="https://inishop.com/img/gallery_raw/a97a44ecbebea74668ecf5c16e35b8ebcf4e4ad9.jpeg" OriginalSize="46639" Pic="https://inishop.com/img/gallery/dab69b108730f50e8b575cdf38d6145e7686d5d9.jpg" Pic500x500="https://inishop.com/img/gallery_mediums/dab69b108730f50e8b575cdf38d6145e7686d5d9.jpg" Pic500x500Height="500" Pic500x500Size="118589" Pic500x500Width="500" PicHeight="500" PicWidth="500" ProductPicture_ID="117084070" Size="118589" ThumbPic="https://inishop.com/img/gallery_thumbs/1458597878053b0291b96e0712f9552c561dcd1f.jpg" ThumbSize="8395" Type="ProductImageAnnotated" UpdatedDate="2025-09-08 17:09:54" langid="1"/>
   <ProductPicture LowPic="https://inishop.com/img/gallery_lows/9baa98fed8a6cbc58b0d90b73ff731851c266cea.jpg" LowPicHeight="200" LowPicWidth="200" LowSize="36804" No="10" Original="https://inishop.com/img/gallery_raw/bf3f9ad35d07829d0e551c15f64cdf87cc7d39a1.jpeg" OriginalSize="44644" Pic="https://inishop.com/img/gallery/547703a217c2a653a58dad961313e77508c77df8.jpg" Pic500x500="https://inishop.com/img/gallery_mediums/547703a217c2a653a58dad961313e77508c77df8.jpg" Pic500x500Height="500" Pic500x500Size="124617" Pic500x500Width="500" PicHeight="500" PicWidth="500" ProductPicture_ID="117084071" Size="124617" ThumbPic="https://inishop.com/img/gallery_thumbs/f5ffe6978907b3eee2699203bb9e263016e5cf1d.jpg" ThumbSize="8454" Type="ProductImageAnnotated" UpdatedDate="2025-09-08 17:09:55" langid="1"/>
   <ProductPicture LowPic="https://inishop.com/img/gallery_lows/4f7af0e0e7ba08ad22f6c4cab2f6bd6bf89730c0.jpg" LowPicHeight="200" LowPicWidth="200" LowSize="22731" No="11" Original="https://inishop.com/img/gallery_raw/54a8e4876d13edae4f3bc6f1e6b571eb2f7420d7.jpeg" OriginalSize="27177" Pic="https://inishop.com/img/gallery/e38f74f8d8efbb5bbe6e3c3711a7505ab25065d9.jpg" Pic500x500="https://inishop.com/img/gallery_mediums/e38f74f8d8efbb5bbe6e3c3711a7505ab25065d9.jpg" Pic500x500Height="500" Pic500x500Size="93804" Pic500x500Width="500" PicHeight="500" PicWidth="500" ProductPicture_ID="117084072" Size="93804" ThumbPic="https://inishop.com/img/gallery_thumbs/e2c7c5eec51765f0dd785b348279173437537535.jpg" ThumbSize="4972" Type="ProductImageAnnotated" UpdatedDate="2025-09-08 17:09:56" langid="1"/>
   <ProductPicture LowPic="https://inishop.com/img/gallery_lows/5f22d27d8ec3e4daed7523bdcf1baf2f56bd5d89.jpg" LowPicHeight="200" LowPicWidth="200" LowSize="36224" No="12" Original="https://inishop.com/img/gallery_raw/b205ecdbb8a664f336bb316aa250fc6202b23a99.jpeg" OriginalSize="42898" Pic="https://inishop.com/img/gallery/33391e2a59430d2a367b7d895e8accb54c77527f.jpg" Pic500x500="https://inishop.com/img/gallery_mediums/33391e2a59430d2a367b7d895e8accb54c77527f.jpg" Pic500x500Height="500" Pic500x500Size="114965" Pic500x500Width="500" PicHeight="500" PicWidth="500" ProductPicture_ID="117084073" Size="114965" ThumbPic="https://inishop.com/img/gallery_thumbs/7769d4d3c5bfcaa8721ff39fb249a9eef73e0ebd.jpg" ThumbSize="8528" Type="ProductImageAnnotated" UpdatedDate="2025-09-08 17:09:57" langid="1"/>
  </ProductGallery>
  <ProductMultimediaObject/>
  <ProductRelated/>
  <SummaryDescription>
   <ShortSummaryDescription langid="1">Hills Puppy Small &amp; Mini Breed Dry Food with Chicken, Puppy, Mini (5 - 10kg), X-Small (&lt; 4kg), Chicken, 3 kg</ShortSummaryDescription>
   <LongSummaryDescription langid="1">Hills Puppy Small &amp; Mini Breed Dry Food with Chicken. Pet life stage: Puppy, Breed size: Mini (5 - 10kg), X-Small (&lt; 4kg), Pet food flavor: Chicken, Weight: 3 kg</LongSummaryDescription>
  </SummaryDescription>
  <Supplier ID="21320" Name="Hills"/>
  <CatalogObjectCloud/>
  <BrandOrganizations/>
 </Product>
</ICECAT-interface>
