<?xml version="1.0" encoding="UTF-8"?>
<!DOCTYPE ICECAT-interface SYSTEM "https://data.icecat.biz/dtd/ICECAT-interface_response.dtd">
<!--source: Icecat.biz 2025-->
<!--Language ID: 1-->
<!--Version: v2-->
<ICECAT-interface xmlns:xsi="http://www.w3.org/2001/XMLSchema-instance" xsi:noNamespaceSchemaLocation="https://data.icecat.biz/xsd/ICECAT-interface_response.xsd">
 <Product Code="1" HighPic="https://inishop.com/img/gallery/104931846_3048478213.jpg" HighPicHeight="800" HighPicSize="47319" HighPicWidth="800" ID="104931846" LowPic="https://inishop.com/img/gallery_lows/104931846_3048478213.jpg" LowPicHeight="200" LowPicSize="5935" LowPicWidth="200" Name="Danny Divido" IntName="Danny Divido" LocalName="" Pic500x500="https://inishop.com/img/gallery_mediums/104931846_3048478213.jpg" Pic500x500Height="500" Pic500x500Size="23403" Pic500x500Width="500" Prod_id="6303202" Quality="ICECAT" ReleaseDate="" ThumbPic="https://inishop.com/img/gallery_thumbs/104931846_3048478213.jpg" ThumbPicSize="1826" Title="Mystim Danny Divido Rabbit vibrator Ambidextrous" GeneratedIntTitle="Mystim Danny Divido" GeneratedLocalTitle="Mystim Danny Divido Rabbit vibrator Ambidextrous" BrandLocalTitle="">
  <CategoryFeatureGroup ID="69281" No="-100">
   <FeatureGroup ID="0">
    <Name ID="5073" langid="1" Value="Technical details"/>
   </FeatureGroup>
  </CategoryFeatureGroup>
  <CategoryFeatureGroup ID="28807" No="15">
   <FeatureGroup ID="14">
    <Name ID="5023" langid="1" Value="Weight &amp; dimensions"/>
   </FeatureGroup>
  </CategoryFeatureGroup>
  <CategoryFeatureGroup ID="75451" No="13">
   <FeatureGroup ID="67">
    <Name ID="27423" langid="1" Value="Packaging data"/>
   </FeatureGroup>
  </CategoryFeatureGroup>
  <CategoryFeatureGroup ID="43539" No="-80">
   <FeatureGroup ID="76">
    <Name ID="28540" langid="1" Value="Certificates"/>
   </FeatureGroup>
  </CategoryFeatureGroup>
  <CategoryFeatureGroup ID="28804" No="10">
   <FeatureGroup ID="116">
    <Name ID="78852" langid="1" Value="Packaging content"/>
   </FeatureGroup>
  </CategoryFeatureGroup>
  <CategoryFeatureGroup ID="28805" No="25">
   <FeatureGroup ID="143">
    <Name ID="618812" langid="1" Value="Battery"/>
   </FeatureGroup>
  </CategoryFeatureGroup>
  <CategoryFeatureGroup ID="28803" No="30">
   <FeatureGroup ID="185">
    <Name ID="1219853" langid="1" Value="Features"/>
   </FeatureGroup>
  </CategoryFeatureGroup>
  <CategoryFeatureGroup ID="37543" No="-50">
   <FeatureGroup ID="198">
    <Name ID="1788927" langid="1" Value="Logistics data"/>
   </FeatureGroup>
  </CategoryFeatureGroup>
  <CategoryFeatureGroup ID="62060" No="-90">
   <FeatureGroup ID="232">
    <Name ID="3464238" langid="1" Value="Supplier features"/>
   </FeatureGroup>
  </CategoryFeatureGroup>
  <CategoryFeatureGroup ID="75450" No="18">
   <FeatureGroup ID="256">
    <Name ID="4255461" langid="1" Value="Control unit"/>
   </FeatureGroup>
  </CategoryFeatureGroup>
  <CategoryFeatureGroup ID="79731" No="0">
   <FeatureGroup ID="279">
    <Name ID="7392238" langid="1" Value="Sustainability"/>
   </FeatureGroup>
  </CategoryFeatureGroup>
  <Category ID="7943">
   <Name ID="4449691" langid="1" Value="Vibrators"/>
  </Category>
  <EANCode EAN="4260152468110" Format="GTIN-13" IsApproved="1"/>
  <ReleaseDate/>
  <EndOfLifeDate/>
  <ReasonsToBuy/>
  <BulletPoints>
   <BulletPoint Value="Classically elegant, waterproof vibrator with a soft, caressing surface" langid="1" No="1"/>
   <BulletPoint Value="With extra finger for the clitoris" langid="1" No="2"/>
   <BulletPoint Value="Medical grade silicone for a pleasant feeling and high skin compatibility" langid="1" No="3"/>
   <BulletPoint Value="2 extremely quiet, powerful motors" langid="1" No="4"/>
   <BulletPoint Value="Durable, rechargeable lithium-ion battery" langid="1" No="5"/>
   <BulletPoint Value="8 vibration programmes with 5 intensity levels" langid="1" No="6"/>
  </BulletPoints>
  <GeneratedBulletPoints/>
  <ProductBundled/>
  <ProductDescription ID="89065215" LongDesc="&lt;b&gt;He has that certain something&lt;/b&gt;&lt;br&gt;You are not classic enough and you need an extra? Then forget all the bloated sausages in their costumes and let Danny Divido make you happy. Proudly 27 cm long and 3.8 cm thick, the attractive vibrator makes you want more. Available in naughty pink, deep purple and candy rose. Secretly and quietly, Danny Divido knows perfectly how to pleasure you very discreetly. Only your loud moaning in highest vibrato(r) tones could reveal what a tremendous explosion of emotions is going on in you. And just as a note for your scrapbook: A hot dance with Danny Divido in bed is more beguiling than any tango on the floor.&lt;br&gt;&lt;br&gt;&lt;b&gt;Vibration&lt;/b&gt;&lt;br&gt;Danny Divido prefers to get straight to the point: two vibration motors are hidden beneath the soft, caressing surface of its slightly curved, smooth dream body. In 8 exciting vibration programs and 5 intensities the two motors alternately, simultaneously or very specifically provide quivering excitement. Its long-lasting lithium-ion battery can be charged using the included Mystim magnet charge USB cable. So be prepared for a nice pleasure that you want to experience again and again and again.&lt;br&gt;&lt;br&gt;&lt;b&gt;Intensity&lt;/b&gt;&lt;br&gt;Once Danny Divido gets going it will get you in the in the mood in no time and then it is totally up to you for how long you want to be pleasured. Enjoy the prickly, lustful sensation for hours on hours or vary the stimulation in a way, that quickly drives you to unbelievable climaxes – just as you like it.&lt;br&gt;&lt;br&gt;&lt;b&gt;Cleaning and care&lt;/b&gt;&lt;br&gt;Danny Divido is made of 100 % medical grade platinum silicone. This makes it not only really hygienic, but also easy to clean with some damp tissue and mild suds. For cleaning you just need water and some mild suds. In addition, you should regularly add a skin-friendly disinfection. And please be so patient to let it dry completely before your next play, so it can do its unique performance in you for a long time." ManualPDFSize="0" ManualPDFURL="" MiddleDesc="" PDFSize="0" PDFURL="" ShortDesc="Danny Divido, 27 cm, silicone, diameter 3,8 cm" URL="https://www.mystim.com/en/danny-divido-p146" WarrantyInfo="12 months" langid="1"/>
  <ProductFeature Localized="0" ID="510073062" Local_ID="0" Value="Rabbit vibrator" CategoryFeature_ID="808782" CategoryFeatureGroup_ID="28803" No="10100150" Optional="0" Presentation_Value="Rabbit vibrator" Translated="1" Mandatory="1" Searchable="1">
   <LocalValue Value="Rabbit vibrator">
    <Measure ID="29">
     <Signs/>
    </Measure>
   </LocalValue>
   <Feature ID="14052">
    <Measure ID="29" Sign="">
     <Signs/>
    </Measure>
    <Name ID="1127664" langid="1" Value="Product type"/>
   </Feature>
  </ProductFeature>
  <ProductFeature Localized="0" ID="510073253" Local_ID="0" Value="Clitoral stimulation,Vaginal stimulation" CategoryFeature_ID="808780" CategoryFeatureGroup_ID="28803" No="10100100" Optional="0" Presentation_Value="Clitoral stimulation, Vaginal stimulation" Translated="1" Mandatory="1" Searchable="1">
   <LocalValue Value="Clitoral stimulation, Vaginal stimulation">
    <Measure ID="29">
     <Signs/>
    </Measure>
   </LocalValue>
   <Feature ID="44730">
    <Measure ID="29" Sign="">
     <Signs/>
    </Measure>
    <Name ID="8023871" langid="1" Value="Stimulation type"/>
   </Feature>
  </ProductFeature>
  <ProductFeature Localized="0" ID="510073206" Local_ID="0" Value="Purple" CategoryFeature_ID="270236" CategoryFeatureGroup_ID="28803" No="10100000" Optional="0" Presentation_Value="Purple" Translated="1" Mandatory="1" Searchable="1">
   <LocalValue Value="Purple">
    <Measure ID="29">
     <Signs/>
    </Measure>
   </LocalValue>
   <Feature ID="1766">
    <Measure ID="29" Sign="">
     <Signs/>
    </Measure>
    <Name ID="5487" langid="1" Value="Product colour"/>
   </Feature>
  </ProductFeature>
  <ProductFeature Localized="0" ID="510073175" Local_ID="0" Value="Silicone" CategoryFeature_ID="270245" CategoryFeatureGroup_ID="28803" No="100090" Optional="0" Presentation_Value="Silicone" Translated="1" Mandatory="1" Searchable="0">
   <LocalValue Value="Silicone">
    <Measure ID="29">
     <Signs/>
    </Measure>
   </LocalValue>
   <Feature ID="898">
    <Measure ID="29" Sign="">
     <Signs/>
    </Measure>
    <Name ID="3337" langid="1" Value="Material"/>
   </Feature>
  </ProductFeature>
  <ProductFeature Localized="0" ID="510073198" Local_ID="0" Value="Curved" CategoryFeature_ID="270233" CategoryFeatureGroup_ID="28803" No="100100" Optional="0" Presentation_Value="Curved" Translated="1" Mandatory="0" Searchable="0">
   <LocalValue Value="Curved">
    <Measure ID="29">
     <Signs/>
    </Measure>
   </LocalValue>
   <Feature ID="9397">
    <Measure ID="29" Sign="">
     <Signs/>
    </Measure>
    <Name ID="776358" langid="1" Value="Shape"/>
   </Feature>
  </ProductFeature>
  <ProductFeature Localized="0" ID="510073165" Local_ID="0" Value="Ambidextrous" CategoryFeature_ID="315245" CategoryFeatureGroup_ID="28803" No="100068" Optional="0" Presentation_Value="Ambidextrous" Translated="1" Mandatory="0" Searchable="0">
   <LocalValue Value="Ambidextrous">
    <Measure ID="29">
     <Signs/>
    </Measure>
   </LocalValue>
   <Feature ID="21183">
    <Measure ID="29" Sign="">
     <Signs/>
    </Measure>
    <Name ID="1683825" langid="1" Value="Hand orientation"/>
   </Feature>
  </ProductFeature>
  <ProductFeature Localized="0" ID="510073136" Local_ID="0" Value="Buttons" CategoryFeature_ID="315247" CategoryFeatureGroup_ID="28803" No="100045" Optional="0" Presentation_Value="Buttons" Translated="1" Mandatory="0" Searchable="0">
   <LocalValue Value="Buttons">
    <Measure ID="29">
     <Signs/>
    </Measure>
   </LocalValue>
   <Feature ID="2651">
    <Measure ID="29" Sign="">
     <Signs/>
    </Measure>
    <Name ID="13446" langid="1" Value="Control type"/>
   </Feature>
  </ProductFeature>
  <ProductFeature Localized="0" ID="510073105" Local_ID="0" Value="5" CategoryFeature_ID="315239" CategoryFeatureGroup_ID="28803" No="100040" Optional="0" Presentation_Value="5" Translated="0" Mandatory="0" Searchable="0">
   <LocalValue Value="5">
    <Measure ID="29">
     <Signs/>
    </Measure>
   </LocalValue>
   <Feature ID="2594">
    <Measure ID="29" Sign="">
     <Signs/>
    </Measure>
    <Name ID="13257" langid="1" Value="Number of speeds"/>
   </Feature>
  </ProductFeature>
  <ProductFeature Localized="0" ID="510073127" Local_ID="0" Value="8" CategoryFeature_ID="315240" CategoryFeatureGroup_ID="28803" No="100040" Optional="0" Presentation_Value="8" Translated="0" Mandatory="0" Searchable="0">
   <LocalValue Value="8">
    <Measure ID="29">
     <Signs/>
    </Measure>
   </LocalValue>
   <Feature ID="34368">
    <Measure ID="29" Sign="">
     <Signs/>
    </Measure>
    <Name ID="3530643" langid="1" Value="Number of patterns"/>
   </Feature>
  </ProductFeature>
  <ProductFeature Localized="0" ID="510073082" Local_ID="0" Value="Y" CategoryFeature_ID="270246" CategoryFeatureGroup_ID="28803" No="100035" Optional="0" Presentation_Value="Yes" Translated="1" Mandatory="0" Searchable="0">
   <LocalValue Value="Yes">
    <Measure ID="26">
     <Signs/>
    </Measure>
   </LocalValue>
   <Feature ID="7509">
    <Measure ID="26" Sign="">
     <Signs/>
    </Measure>
    <Name ID="566221" langid="1" Value="Waterproof"/>
   </Feature>
  </ProductFeature>
  <ProductFeature Localized="0" ID="835292182" Local_ID="0" Value="Matt" CategoryFeature_ID="315569" CategoryFeatureGroup_ID="28803" No="100030" Optional="0" Presentation_Value="Matt" Translated="1" Mandatory="0" Searchable="0">
   <LocalValue Value="Matt">
    <Measure ID="29">
     <Signs/>
    </Measure>
   </LocalValue>
   <Feature ID="2254">
    <Measure ID="29" Sign="">
     <Signs/>
    </Measure>
    <Name ID="11565" langid="1" Value="Finish type"/>
   </Feature>
  </ProductFeature>
  <ProductFeature Localized="0" ID="835292386" Local_ID="0" Value="1" CategoryFeature_ID="925341" CategoryFeatureGroup_ID="28803" No="100000" Optional="0" Presentation_Value="1 year(s)" Translated="0" Mandatory="0" Searchable="0">
   <LocalValue Value="1">
    <Measure ID="75">
     <Signs>
      <Sign ID="58" langid="1"><![CDATA[year(s)]]></Sign>
     </Signs>
    </Measure>
   </LocalValue>
   <Feature ID="45898">
    <Measure ID="75" Sign="">
     <Signs>
      <Sign ID="58" langid="1"><![CDATA[year(s)]]></Sign>
     </Signs>
    </Measure>
    <Name ID="8442683" langid="1" Value="Warranty period"/>
   </Feature>
  </ProductFeature>
  <ProductFeature Localized="0" ID="510073301" Local_ID="0" Value="Built-in battery" CategoryFeature_ID="270240" CategoryFeatureGroup_ID="28805" No="100170" Optional="0" Presentation_Value="Built-in battery" Translated="1" Mandatory="1" Searchable="0">
   <LocalValue Value="Built-in battery">
    <Measure ID="29">
     <Signs/>
    </Measure>
   </LocalValue>
   <Feature ID="908">
    <Measure ID="29" Sign="">
     <Signs/>
    </Measure>
    <Name ID="3357" langid="1" Value="Battery type"/>
   </Feature>
  </ProductFeature>
  <ProductFeature Localized="0" ID="510073340" Local_ID="0" Value="Lithium-Ion (Li-Ion)" CategoryFeature_ID="270243" CategoryFeatureGroup_ID="28805" No="100017" Optional="0" Presentation_Value="Lithium-Ion (Li-Ion)" Translated="1" Mandatory="0" Searchable="0">
   <LocalValue Value="Lithium-Ion (Li-Ion)">
    <Measure ID="29">
     <Signs/>
    </Measure>
   </LocalValue>
   <Feature ID="434">
    <Measure ID="29" Sign="">
     <Signs/>
    </Measure>
    <Name ID="2235" langid="1" Value="Battery technology"/>
   </Feature>
  </ProductFeature>
  <ProductFeature Localized="0" ID="510073319" Local_ID="0" Value="Y" CategoryFeature_ID="315558" CategoryFeatureGroup_ID="28805" No="100015" Optional="0" Presentation_Value="Yes" Translated="1" Mandatory="0" Searchable="0">
   <LocalValue Value="Yes">
    <Measure ID="26">
     <Signs/>
    </Measure>
   </LocalValue>
   <Feature ID="11194">
    <Measure ID="26" Sign="">
     <Signs/>
    </Measure>
    <Name ID="982701" langid="1" Value="USB charging"/>
   </Feature>
  </ProductFeature>
  <ProductFeature Localized="0" ID="510073269" Local_ID="0" Value="270" CategoryFeature_ID="270247" CategoryFeatureGroup_ID="28807" No="100049" Optional="0" Presentation_Value="270 mm" Translated="0" Mandatory="1" Searchable="0">
   <LocalValue Value="270">
    <Measure ID="24">
     <Signs>
      <Sign ID="3" langid="1"><![CDATA[mm]]></Sign>
     </Signs>
    </Measure>
   </LocalValue>
   <Feature ID="2738">
    <Measure ID="24" Sign="">
     <Signs>
      <Sign ID="3" langid="1"><![CDATA[mm]]></Sign>
     </Signs>
    </Measure>
    <Name ID="13872" langid="1" Value="Length"/>
   </Feature>
  </ProductFeature>
  <ProductFeature Localized="0" ID="510073292" Local_ID="0" Value="38" CategoryFeature_ID="270248" CategoryFeatureGroup_ID="28807" No="100047" Optional="0" Presentation_Value="3.8 cm" Translated="0" Mandatory="0" Searchable="0">
   <LocalValue Value="3.8">
    <Measure ID="34">
     <Signs>
      <Sign ID="18" langid="1"><![CDATA[cm]]></Sign>
     </Signs>
    </Measure>
   </LocalValue>
   <Feature ID="2931">
    <Measure ID="24" Sign="">
     <Signs>
      <Sign ID="3" langid="1"><![CDATA[mm]]></Sign>
     </Signs>
    </Measure>
    <Name ID="27693" langid="1" Value="Diameter"/>
   </Feature>
  </ProductFeature>
  <ProductFeature Localized="0" ID="510073397" Local_ID="0" Value="Box" CategoryFeature_ID="593889" CategoryFeatureGroup_ID="75451" No="99985" Optional="0" Presentation_Value="Box" Translated="1" Mandatory="0" Searchable="0">
   <LocalValue Value="Box">
    <Measure ID="29">
     <Signs/>
    </Measure>
   </LocalValue>
   <Feature ID="4463">
    <Measure ID="29" Sign="">
     <Signs/>
    </Measure>
    <Name ID="60405" langid="1" Value="Package type"/>
   </Feature>
  </ProductFeature>
  <ProductFeature Localized="0" ID="510073348" Local_ID="0" Value="1" CategoryFeature_ID="660396" CategoryFeatureGroup_ID="28804" No="100500" Optional="0" Presentation_Value="1 pc(s)" Translated="0" Mandatory="0" Searchable="0">
   <LocalValue Value="1">
    <Measure ID="144">
     <Signs>
      <Sign ID="125" langid="1"><![CDATA[pc(s)]]></Sign>
     </Signs>
    </Measure>
   </LocalValue>
   <Feature ID="20228">
    <Measure ID="144" Sign="">
     <Signs>
      <Sign ID="125" langid="1"><![CDATA[pc(s)]]></Sign>
     </Signs>
    </Measure>
    <Name ID="1498423" langid="1" Value="Quantity per pack"/>
   </Feature>
  </ProductFeature>
  <ProductFeature Localized="0" ID="510073372" Local_ID="0" Value="Y" CategoryFeature_ID="315244" CategoryFeatureGroup_ID="28804" No="100100" Optional="0" Presentation_Value="Yes" Translated="1" Mandatory="0" Searchable="0">
   <LocalValue Value="Yes">
    <Measure ID="26">
     <Signs/>
    </Measure>
   </LocalValue>
   <Feature ID="3965">
    <Measure ID="26" Sign="">
     <Signs/>
    </Measure>
    <Name ID="56040" langid="1" Value="Manual"/>
   </Feature>
  </ProductFeature>
  <ProductFeature Localized="0" ID="510073381" Local_ID="0" Value="Y" CategoryFeature_ID="315566" CategoryFeatureGroup_ID="28804" No="100015" Optional="0" Presentation_Value="Yes" Translated="1" Mandatory="0" Searchable="0">
   <LocalValue Value="Yes">
    <Measure ID="26">
     <Signs/>
    </Measure>
   </LocalValue>
   <Feature ID="4014">
    <Measure ID="26" Sign="">
     <Signs/>
    </Measure>
    <Name ID="56129" langid="1" Value="Storage pouch"/>
   </Feature>
  </ProductFeature>
  <ProductFeature Localized="1" ID="0" Local_ID="554061199" Value="" CategoryFeature_ID="593891" CategoryFeatureGroup_ID="28804" No="99900" Optional="0" Presentation_Value="• Danny Divido&#10;• USB charging cable&#10;• Hard case&#10;• Instructions for use" Translated="1" Mandatory="0" Searchable="0">
   <LocalValue Value="• Danny Divido&#10;• USB charging cable&#10;• Hard case&#10;• Instructions for use">
    <Measure ID="29">
     <Signs/>
    </Measure>
   </LocalValue>
   <Feature ID="10622">
    <Measure ID="29" Sign="">
     <Signs/>
    </Measure>
    <Name ID="925381" langid="1" Value="Packaging content"/>
   </Feature>
  </ProductFeature>
  <ProductGallery>
   <ProductPicture IsMain="Y" LowPic="https://inishop.com/img/gallery_lows/104931846_3048478213.jpg" LowPicHeight="200" LowPicWidth="200" LowSize="5935" No="1" Original="https://inishop.com/img/gallery_raw/104931846_3048478213.jpeg" OriginalSize="95841" Pic="https://inishop.com/img/gallery/104931846_3048478213.jpg" Pic500x500="https://inishop.com/img/gallery_mediums/104931846_3048478213.jpg" Pic500x500Height="500" Pic500x500Size="23403" Pic500x500Width="500" PicHeight="800" PicWidth="800" ProductPicture_ID="68593836" Size="47319" ThumbPic="https://inishop.com/img/gallery_thumbs/104931846_3048478213.jpg" ThumbSize="1826" Type="ProductImage" UpdatedDate="2022-11-05 13:12:28"/>
   <ProductPicture LowPic="https://inishop.com/img/gallery_lows/104931846_5098086422.jpg" LowPicHeight="200" LowPicWidth="200" LowSize="7078" No="2" Original="https://inishop.com/img/gallery_raw/104931846_5098086422.jpeg" OriginalSize="100320" Pic="https://inishop.com/img/gallery/104931846_5098086422.jpg" Pic500x500="https://inishop.com/img/gallery_mediums/104931846_5098086422.jpg" Pic500x500Height="500" Pic500x500Size="26683" Pic500x500Width="500" PicHeight="800" PicWidth="800" ProductPicture_ID="68593840" Size="53226" ThumbPic="https://inishop.com/img/gallery_thumbs/104931846_5098086422.jpg" ThumbSize="2123" Type="ProductImage" UpdatedDate="2022-11-05 13:12:29"/>
   <ProductPicture LowPic="https://inishop.com/img/gallery_lows/104931846_1578180767.jpg" LowPicHeight="200" LowPicWidth="200" LowSize="9230" No="3" Original="https://inishop.com/img/gallery_raw/104931846_1578180767.jpeg" OriginalSize="117173" Pic="https://inishop.com/img/gallery/104931846_1578180767.jpg" Pic500x500="https://inishop.com/img/gallery_mediums/104931846_1578180767.jpg" Pic500x500Height="500" Pic500x500Size="36018" Pic500x500Width="500" PicHeight="800" PicWidth="800" ProductPicture_ID="68593843" Size="70925" ThumbPic="https://inishop.com/img/gallery_thumbs/104931846_1578180767.jpg" ThumbSize="2636" Type="ProductImage" UpdatedDate="2022-11-05 13:12:31"/>
   <ProductPicture LowPic="https://inishop.com/img/gallery_lows/104931846_9388819063.jpg" LowPicHeight="200" LowPicWidth="200" LowSize="13898" No="4" Original="https://inishop.com/img/gallery_raw/104931846_9388819063.jpeg" OriginalSize="152671" Pic="https://inishop.com/img/gallery/104931846_9388819063.jpg" Pic500x500="https://inishop.com/img/gallery_mediums/104931846_9388819063.jpg" Pic500x500Height="500" Pic500x500Size="56801" Pic500x500Width="500" PicHeight="800" PicWidth="800" ProductPicture_ID="68593846" Size="111026" ThumbPic="https://inishop.com/img/gallery_thumbs/104931846_9388819063.jpg" ThumbSize="3570" Type="ProductImage" UpdatedDate="2022-11-05 13:12:32"/>
   <ProductPicture LowPic="https://inishop.com/img/gallery_lows/104931846_7986136199.jpg" LowPicHeight="200" LowPicWidth="200" LowSize="7436" No="5" Original="https://inishop.com/img/gallery_raw/104931846_7986136199.jpeg" OriginalSize="109425" Pic="https://inishop.com/img/gallery/104931846_7986136199.jpg" Pic500x500="https://inishop.com/img/gallery_mediums/104931846_7986136199.jpg" Pic500x500Height="500" Pic500x500Size="30852" Pic500x500Width="500" PicHeight="800" PicWidth="800" ProductPicture_ID="68593860" Size="62014" ThumbPic="https://inishop.com/img/gallery_thumbs/104931846_7986136199.jpg" ThumbSize="1809" Type="ProductImage" UpdatedDate="2022-11-05 13:12:38"/>
   <ProductPicture LowPic="https://inishop.com/img/gallery_lows/104931846_7660523182.jpg" LowPicHeight="200" LowPicWidth="200" LowSize="14940" No="6" Original="https://inishop.com/img/gallery_raw/104931846_7660523182.jpeg" OriginalSize="216491" Pic="https://inishop.com/img/gallery/104931846_7660523182.jpg" Pic500x500="https://inishop.com/img/gallery_mediums/104931846_7660523182.jpg" Pic500x500Height="500" Pic500x500Size="77797" Pic500x500Width="500" PicHeight="800" PicWidth="800" ProductPicture_ID="68593864" Size="174063" ThumbPic="https://inishop.com/img/gallery_thumbs/104931846_7660523182.jpg" ThumbSize="3173" Type="ProductImage" UpdatedDate="2022-11-05 13:12:40"/>
   <ProductPicture LowPic="https://inishop.com/img/gallery_lows/104931846_6081391802.jpg" LowPicHeight="200" LowPicWidth="200" LowSize="11138" No="7" Original="https://inishop.com/img/gallery_raw/104931846_6081391802.jpeg" OriginalSize="154290" Pic="https://inishop.com/img/gallery/104931846_6081391802.jpg" Pic500x500="https://inishop.com/img/gallery_mediums/104931846_6081391802.jpg" Pic500x500Height="500" Pic500x500Size="51930" Pic500x500Width="500" PicHeight="800" PicWidth="800" ProductPicture_ID="68593868" Size="109431" ThumbPic="https://inishop.com/img/gallery_thumbs/104931846_6081391802.jpg" ThumbSize="2495" Type="ProductImage" UpdatedDate="2022-11-05 13:12:42"/>
   <ProductPicture LowPic="https://inishop.com/img/gallery_lows/104931846_7268362041.jpg" LowPicHeight="200" LowPicWidth="200" LowSize="12284" No="8" Original="https://inishop.com/img/gallery_raw/104931846_7268362041.jpeg" OriginalSize="186962" Pic="https://inishop.com/img/gallery/104931846_7268362041.jpg" Pic500x500="https://inishop.com/img/gallery_mediums/104931846_7268362041.jpg" Pic500x500Height="500" Pic500x500Size="63926" Pic500x500Width="500" PicHeight="800" PicWidth="800" ProductPicture_ID="68593871" Size="144567" ThumbPic="https://inishop.com/img/gallery_thumbs/104931846_7268362041.jpg" ThumbSize="2771" Type="ProductImage" UpdatedDate="2022-11-05 13:12:43"/>
   <ProductPicture LowPic="https://inishop.com/img/gallery_lows/104931846_1634045174.jpg" LowPicHeight="200" LowPicWidth="200" LowSize="16732" No="9" Original="https://inishop.com/img/gallery_raw/104931846_1634045174.jpeg" OriginalSize="220572" Pic="https://inishop.com/img/gallery/104931846_1634045174.jpg" Pic500x500="https://inishop.com/img/gallery_mediums/104931846_1634045174.jpg" Pic500x500Height="500" Pic500x500Size="83408" Pic500x500Width="500" PicHeight="800" PicWidth="800" ProductPicture_ID="68593872" Size="181759" ThumbPic="https://inishop.com/img/gallery_thumbs/104931846_1634045174.jpg" ThumbSize="4220" Type="ProductPackagingImage" UpdatedDate="2025-09-09 09:15:46"/>
   <ProductPicture LowPic="https://inishop.com/img/gallery_lows/104931846_5834909994.jpg" LowPicHeight="200" LowPicWidth="200" LowSize="15208" No="10" Original="https://inishop.com/img/gallery_raw/104931846_5834909994.jpeg" OriginalSize="219571" Pic="https://inishop.com/img/gallery/104931846_5834909994.jpg" Pic500x500="https://inishop.com/img/gallery_mediums/104931846_5834909994.jpg" Pic500x500Height="500" Pic500x500Size="81205" Pic500x500Width="500" PicHeight="800" PicWidth="800" ProductPicture_ID="68593873" Size="181536" ThumbPic="https://inishop.com/img/gallery_thumbs/104931846_5834909994.jpg" ThumbSize="3866" Type="ProductPackagingImage" UpdatedDate="2025-09-09 09:15:47"/>
  </ProductGallery>
  <ProductMultimediaObject>
   <MultimediaObject ContentType="application/pdf" Date="2023-02-20 17:37:08" Description="manual pdf" KeepAsURL="0" MultimediaObject_ID="23426899" Type="manual pdf" UUID="67CEAC4F-E76F-4D1A-9FD1-99CEF06578A6" langid="0" Height="0" PreviewHeight="0" PreviewSize="0" PreviewUrl="" PreviewWidth="0" Size="1869384" URL="https://inishop.com/objects/mmo_104931846_1676911028_6207_31735.pdf" Width="0"/>
   <MultimediaObject ContentType="text/html" Date="2022-11-05 14:03:30" Description="Mystim - Danny Divido Vitamin V Vibrator" KeepAsURL="1" MultimediaObject_ID="22760091" Type="video/mp4" UUID="D42A611C-3E71-45C5-BD81-6CA25B50E833" langid="1" OriginalMD5="00a399a8d5863bd38d55eed4f04afb00" ThumbUrl="https://img.youtube.com/vi/D6_DnDMivwc/default.jpg" Height="0" PreviewHeight="0" PreviewSize="0" PreviewUrl="https://img.youtube.com/vi/D6_DnDMivwc/hqdefault.jpg" PreviewWidth="0" Size="6193" URL="https://www.youtube.com/watch?v=D6_DnDMivwc&amp;ab_channel=Mystim-thewayIlikeit" Width="0"/>
  </ProductMultimediaObject>
  <ProductRelated/>
  <SummaryDescription>
   <ShortSummaryDescription langid="1">Mystim Danny Divido, Rabbit vibrator, Clitoral stimulation, Vaginal stimulation, Purple, Silicone, Curved, Ambidextrous</ShortSummaryDescription>
   <LongSummaryDescription langid="1">Mystim Danny Divido. Product type: Rabbit vibrator, Stimulation type: Clitoral stimulation, Vaginal stimulation, Product colour: Purple. Battery type: Built-in battery, Battery technology: Lithium-Ion (Li-Ion). Length: 270 mm, Diameter: 3.8 cm. Package type: Box. Quantity per pack: 1 pc(s), Packaging content: • Danny Divido • USB charging cable • Hard case • Instructions for use</LongSummaryDescription>
  </SummaryDescription>
  <Supplier ID="37946" Name="Mystim"/>
  <CatalogObjectCloud/>
  <BrandOrganizations/>
 </Product>
</ICECAT-interface>
