<?xml version="1.0" encoding="UTF-8"?>
<!DOCTYPE ICECAT-interface SYSTEM "https://data.icecat.biz/dtd/ICECAT-interface_response.dtd">
<!--source: Icecat.biz 2025-->
<!--Language ID: 1-->
<!--Version: v2-->
<ICECAT-interface xmlns:xsi="http://www.w3.org/2001/XMLSchema-instance" xsi:noNamespaceSchemaLocation="https://data.icecat.biz/xsd/ICECAT-interface_response.xsd">
 <Product Code="1" HighPic="https://images.icecat.biz/img/gallery/e66c3065c193533e6dff45b1b6f237bfb9acf575.jpg" HighPicHeight="701" HighPicSize="169583" HighPicWidth="557" ID="134499969" LowPic="https://images.icecat.biz/img/gallery_lows/532902c715a3873d364d13d33bab470e45075072.jpg" LowPicHeight="200" LowPicSize="22642" LowPicWidth="159" Name="Magic V5" IntName="Magic V5" LocalName="" Pic500x500="https://images.icecat.biz/img/gallery_mediums/0670c015fe2c07abf0aca57a5fdbffd7836150e3.jpg" Pic500x500Height="500" Pic500x500Size="98079" Pic500x500Width="397" Prod_id="6936520873746" Quality="ICECAT" ReleaseDate="" ThumbPic="https://images.icecat.biz/img/gallery_thumbs/59c03dffed2133a3129149c160c91bc12aa5174b.jpg" ThumbPicSize="5158" Title="Honor Magic V5 20.2 cm (7.95&quot;) Dual SIM Android 15 5G USB Type-C 16 GB 512 GB 5820 mAh White" GeneratedIntTitle="Honor Magic V5" GeneratedLocalTitle="Honor Magic V5 20.2 cm (7.95&quot;) Dual SIM Android 15 5G USB Type-C 16 GB 512 GB 5820 mAh White" BrandLocalTitle="">
  <CategoryFeatureGroup ID="11007" No="-100">
   <FeatureGroup ID="0">
    <Name ID="5073" langid="1" Value="Technical details"/>
   </FeatureGroup>
  </CategoryFeatureGroup>
  <CategoryFeatureGroup ID="6884" No="96">
   <FeatureGroup ID="1">
    <Name ID="1222500" langid="1" Value="Processor"/>
   </FeatureGroup>
  </CategoryFeatureGroup>
  <CategoryFeatureGroup ID="19936" No="94">
   <FeatureGroup ID="3">
    <Name ID="4863" langid="1" Value="Memory"/>
   </FeatureGroup>
  </CategoryFeatureGroup>
  <CategoryFeatureGroup ID="6883" No="100">
   <FeatureGroup ID="5">
    <Name ID="4867" langid="1" Value="Display"/>
   </FeatureGroup>
  </CategoryFeatureGroup>
  <CategoryFeatureGroup ID="6889" No="80">
   <FeatureGroup ID="12">
    <Name ID="4995" langid="1" Value="Ports &amp; interfaces"/>
   </FeatureGroup>
  </CategoryFeatureGroup>
  <CategoryFeatureGroup ID="6881" No="-1">
   <FeatureGroup ID="14">
    <Name ID="5023" langid="1" Value="Weight &amp; dimensions"/>
   </FeatureGroup>
  </CategoryFeatureGroup>
  <CategoryFeatureGroup ID="81108" No="0">
   <FeatureGroup ID="27">
    <Name ID="5049" langid="1" Value="Power"/>
   </FeatureGroup>
  </CategoryFeatureGroup>
  <CategoryFeatureGroup ID="6921" No="-10">
   <FeatureGroup ID="28">
    <Name ID="5067" langid="1" Value="Operational conditions"/>
   </FeatureGroup>
  </CategoryFeatureGroup>
  <CategoryFeatureGroup ID="7476" No="30">
   <FeatureGroup ID="31">
    <Name ID="5075" langid="1" Value="Keyboard"/>
   </FeatureGroup>
  </CategoryFeatureGroup>
  <CategoryFeatureGroup ID="82700" No="0">
   <FeatureGroup ID="32">
    <Name ID="5133" langid="1" Value="Endurance"/>
   </FeatureGroup>
  </CategoryFeatureGroup>
  <CategoryFeatureGroup ID="6890" No="84">
   <FeatureGroup ID="35">
    <Name ID="5167" langid="1" Value="Network"/>
   </FeatureGroup>
  </CategoryFeatureGroup>
  <CategoryFeatureGroup ID="32875" No="0">
   <FeatureGroup ID="45">
    <Name ID="5641" langid="1" Value="Video"/>
   </FeatureGroup>
  </CategoryFeatureGroup>
  <CategoryFeatureGroup ID="6887" No="92">
   <FeatureGroup ID="47">
    <Name ID="8858" langid="1" Value="Storage"/>
   </FeatureGroup>
  </CategoryFeatureGroup>
  <CategoryFeatureGroup ID="6919" No="75">
   <FeatureGroup ID="50">
    <Name ID="11136" langid="1" Value="Messaging"/>
   </FeatureGroup>
  </CategoryFeatureGroup>
  <CategoryFeatureGroup ID="11005" No="71">
   <FeatureGroup ID="54">
    <Name ID="11868" langid="1" Value="Navigation"/>
   </FeatureGroup>
  </CategoryFeatureGroup>
  <CategoryFeatureGroup ID="6936" No="-5">
   <FeatureGroup ID="76">
    <Name ID="28540" langid="1" Value="Certificates"/>
   </FeatureGroup>
  </CategoryFeatureGroup>
  <CategoryFeatureGroup ID="18401" No="20">
   <FeatureGroup ID="90">
    <Name ID="30562" langid="1" Value="Software"/>
   </FeatureGroup>
  </CategoryFeatureGroup>
  <CategoryFeatureGroup ID="6888" No="88">
   <FeatureGroup ID="95">
    <Name ID="31282" langid="1" Value="Camera"/>
   </FeatureGroup>
  </CategoryFeatureGroup>
  <CategoryFeatureGroup ID="18402" No="69">
   <FeatureGroup ID="96">
    <Name ID="31318" langid="1" Value="Ergonomics"/>
   </FeatureGroup>
  </CategoryFeatureGroup>
  <CategoryFeatureGroup ID="6933" No="-20">
   <FeatureGroup ID="116">
    <Name ID="78852" langid="1" Value="Packaging content"/>
   </FeatureGroup>
  </CategoryFeatureGroup>
  <CategoryFeatureGroup ID="6901" No="35">
   <FeatureGroup ID="118">
    <Name ID="80021" langid="1" Value="Call management"/>
   </FeatureGroup>
  </CategoryFeatureGroup>
  <CategoryFeatureGroup ID="11681" No="0">
   <FeatureGroup ID="121">
    <Name ID="92760" langid="1" Value="Tablet"/>
   </FeatureGroup>
  </CategoryFeatureGroup>
  <CategoryFeatureGroup ID="28385" No="25">
   <FeatureGroup ID="122">
    <Name ID="92777" langid="1" Value="Pen"/>
   </FeatureGroup>
  </CategoryFeatureGroup>
  <CategoryFeatureGroup ID="6892" No="5">
   <FeatureGroup ID="143">
    <Name ID="618812" langid="1" Value="Battery"/>
   </FeatureGroup>
  </CategoryFeatureGroup>
  <CategoryFeatureGroup ID="8176" No="-100">
   <FeatureGroup ID="146">
    <Name ID="624346" langid="1" Value="Other features"/>
   </FeatureGroup>
  </CategoryFeatureGroup>
  <CategoryFeatureGroup ID="11003" No="70">
   <FeatureGroup ID="148">
    <Name ID="630457" langid="1" Value="Design"/>
   </FeatureGroup>
  </CategoryFeatureGroup>
  <CategoryFeatureGroup ID="34102" No="0">
   <FeatureGroup ID="167">
    <Name ID="816871" langid="1" Value="Sensors"/>
   </FeatureGroup>
  </CategoryFeatureGroup>
  <CategoryFeatureGroup ID="25559" No="0">
   <FeatureGroup ID="175">
    <Name ID="1114797" langid="1" Value="Mobile network"/>
   </FeatureGroup>
  </CategoryFeatureGroup>
  <CategoryFeatureGroup ID="12476" No="10">
   <FeatureGroup ID="183">
    <Name ID="1210971" langid="1" Value="Processor special features"/>
   </FeatureGroup>
  </CategoryFeatureGroup>
  <CategoryFeatureGroup ID="11002" No="65">
   <FeatureGroup ID="184">
    <Name ID="1218765" langid="1" Value="Performance"/>
   </FeatureGroup>
  </CategoryFeatureGroup>
  <CategoryFeatureGroup ID="19219" No="-3">
   <FeatureGroup ID="185">
    <Name ID="1219853" langid="1" Value="Features"/>
   </FeatureGroup>
  </CategoryFeatureGroup>
  <CategoryFeatureGroup ID="11006" No="55">
   <FeatureGroup ID="186">
    <Name ID="1222838" langid="1" Value="Multimedia"/>
   </FeatureGroup>
  </CategoryFeatureGroup>
  <CategoryFeatureGroup ID="28227" No="-30">
   <FeatureGroup ID="198">
    <Name ID="1788927" langid="1" Value="Logistics data"/>
   </FeatureGroup>
  </CategoryFeatureGroup>
  <CategoryFeatureGroup ID="18408" No="83">
   <FeatureGroup ID="211">
    <Name ID="2316647" langid="1" Value="Subscription"/>
   </FeatureGroup>
  </CategoryFeatureGroup>
  <CategoryFeatureGroup ID="78402" No="0">
   <FeatureGroup ID="224">
    <Name ID="2786802" langid="1" Value="Safety warning"/>
   </FeatureGroup>
  </CategoryFeatureGroup>
  <CategoryFeatureGroup ID="64940" No="0">
   <FeatureGroup ID="232">
    <Name ID="3464238" langid="1" Value="Supplier features"/>
   </FeatureGroup>
  </CategoryFeatureGroup>
  <Category ID="1893">
   <Name ID="3728488" langid="1" Value="Smartphones"/>
  </Category>
  <EANCode EAN="6936520873746" Format="GTIN-13" IsApproved="1"/>
  <FeatureLogo ID="1242" Feature_ID="1230" Value="N" LogoPic="https://images.icecat.biz/img/feature_logo/1242-3899.png" Width="0" Height="0" Size="0">
   <Descriptions>
    <Description ID="5808" langid="1">DIRECTIVE (EU) 2022/2380 OF THE EUROPEAN PARLIAMENT AND OF THE COUNCIL of 23 November 2022 (Part III)</Description>
   </Descriptions>
   <FeatureLogoFeatures>
    <FeatureLogoFeature ID="1230">
     <FeatureLogoValues>
      <FeatureLogoValue ID="5865">N</FeatureLogoValue>
     </FeatureLogoValues>
    </FeatureLogoFeature>
   </FeatureLogoFeatures>
  </FeatureLogo>
  <ReleaseDate/>
  <EndOfLifeDate/>
  <ReasonsToBuy/>
  <BulletPoints/>
  <GeneratedBulletPoints>
   <GeneratedBulletPoint Value="20.2 cm (7.95&quot;) 2352 x 2172 pixels" langid="1" No="1"/>
   <GeneratedBulletPoint Value="Qualcomm Snapdragon 8 Elite" langid="1" No="2"/>
   <GeneratedBulletPoint Value="16 GB 512 GB" langid="1" No="3"/>
   <GeneratedBulletPoint Value="5G Dual SIM NanoSIM + eSIM" langid="1" No="4"/>
   <GeneratedBulletPoint Value="802.11a, 802.11b, 802.11g, Wi-Fi 4 (802.11n), Wi-Fi 5 (802.11ac), Wi-Fi 6 (802.11ax), Wi-Fi 6E (802.11ax), Wi-Fi 7 (802.11be) Bluetooth 6.0 Near Field Communication (NFC)" langid="1" No="5"/>
   <GeneratedBulletPoint Value="Triple camera 50 MP 50 MP 64 MP" langid="1" No="6"/>
   <GeneratedBulletPoint Value="Lithium Polymer (LiPo) 5820 mAh Wireless charging" langid="1" No="7"/>
   <GeneratedBulletPoint Value="Android 15 MagicOS 9.0.1" langid="1" No="8"/>
  </GeneratedBulletPoints>
  <ProductBundled/>
  <ProductDescription ID="103898247" LongDesc="Redefining thinness, the symmetrical design pairs perfectly with an extra large display. Slim and lightweight, it fits comfortably in your hand.&lt;br&gt;&lt;br&gt;&lt;b&gt;A Signature Shape.&lt;br&gt;A Bold New Expression.&lt;/b&gt;&lt;br&gt;Inspired by the octagonal dome, the design radiates a distinctive aura. It blends Eastern coffered ceilings with Western domes, highlighted by diamond patterned details that reflect meticulous craftsmanship. The new 3D curved diamond cut creates a refined, elegant surface that amazes from every angle.&lt;br&gt;&lt;br&gt;&lt;b&gt;Wired Speed. Wireless Ease.&lt;/b&gt;&lt;br&gt;Supports 66W wired and 50W wireless fast charging.8&lt;br&gt;Power up during your coffee break and stay untethered all day.&lt;br&gt;&lt;br&gt;&lt;b&gt;Supercharge Your Creativity and Productivity.&lt;/b&gt;&lt;br&gt;Chat with Gemini to supercharge your ideas. Get help learning in new ways, writing emails, planning events and more. Use text, voice, photos and your camera to get help in new ways.&lt;br&gt;&lt;br&gt;&lt;b&gt;Talk with Gemini about Anything You See.&lt;/b&gt;&lt;br&gt;Ask Gemini about anything you see while you scroll, click or switch apps. Share your screen in Gemini Live conversations.&lt;br&gt;&lt;br&gt;&lt;b&gt;Take Action Across Your Favorite Apps in Gemini.&lt;/b&gt;&lt;br&gt;Gemini can now pull information and help you take action across multiple apps and services - all in a single prompt.&lt;br&gt;&lt;br&gt;&lt;b&gt;Instantly Sync and Connect with iOS.9&lt;/b&gt;&lt;br&gt;With HONOR Share, enjoy high-speed and seamless transfers between iPhone, Mac and HONOR devices. Also supports onetap to share with iPhones for effortless efficiency.&lt;br&gt;&lt;br&gt;&lt;b&gt;Carbon Fiber Reinforced Inner Display Panel&lt;br&gt;Crafted with Confidence.&lt;/b&gt;&lt;br&gt;Built to resist bending with 380GPa strength,4 it gives the large display strong, reliable protection.&lt;br&gt;&lt;br&gt;&lt;b&gt;HONOR Mortise and Tenon Dampening Hinge&lt;br&gt;Built Tough for Every Fold.&lt;/b&gt;&lt;br&gt;The impact resistance around the hinge area has been significantly improved, with stronger support, easily standing the test of time.&lt;br&gt;&lt;br&gt;&lt;b&gt;Aerospace Special Fiber&lt;br&gt;Engineered for Strength.&lt;/b&gt;&lt;br&gt;Dual aerospace special fiber technology boosts impact strength by 40 times compared to standard glass.4 It's both thin and tough.&lt;br&gt;&lt;br&gt;&lt;b&gt;HONOR Anti-Scratch&lt;br&gt;NanoCrystal Shield&lt;/b&gt;&lt;br&gt;Pristine Strength.&lt;br&gt;Ten times more drop-resistant.12 Scratch-proof and smudge-free. Durable enough for whatever comes your way.&lt;br&gt;&lt;br&gt;&lt;b&gt;AI-Powered Foreign Object&lt;br&gt;Detection Shielded within.&lt;/b&gt;&lt;br&gt;The industry's first AI-Powered Foreign Object Detection identifies objects as small as 0.8mm.13 Not even a single grain of sand goes unnoticed.&lt;br&gt;&lt;br&gt;&lt;b&gt;ONOR Magic-Pen&lt;br&gt;Dual-screen Handwriting.&lt;/b&gt;&lt;br&gt;HONOR Magic-Pen offers a true-to-paper feel with instant ink and 4096-level pressure. Its stable tip makes every stroke natural, and quick notes help you capture inspiration anytime.&lt;br&gt;&lt;br&gt;&lt;b&gt;AI Motion Sickness Relief&lt;br&gt;Next Level Comfort.&lt;/b&gt;&lt;br&gt;HONOR Magic V5 features AI Motion Sickness Relief on both its inner and outer screens. When enabled, dynamic dots at the edge of the screen reflect vehicle movement, helping to ease motion discomfort.&lt;br&gt;&lt;br&gt;&lt;b&gt;Snapdragon 8 Elite Mobile Platform&lt;br&gt;Power Meets Slim.&lt;/b&gt;&lt;br&gt;Powered by a next-level second-gen 3nm SoC, it offers exceptional performance and AI capabilities, ensuring smooth operation across multimedia, gaming, and productivity.&lt;br&gt;&lt;br&gt;&lt;b&gt;64MP Ultra Sensing Periscope Telephoto&lt;br&gt;Beauty in Every Zoom.&lt;/b&gt;&lt;br&gt;With 3x optical zoom and OIS optical stabilization, combined with smart blur control, you can capture distant scenes with sharp focus and rich details.&lt;br&gt;&lt;br&gt;&lt;b&gt;AI Super Zoom&lt;br&gt;Bring Distant Worlds Up Close.&lt;/b&gt;&lt;br&gt;AI-powered imaging with device-to-cloud synergy delivers sharp,&lt;br&gt;natural photos—even distant scenes come through with incredible clarity.&lt;br&gt;&lt;br&gt;&lt;b&gt;64MP Periscope Telephoto7&lt;br&gt;Unfold the Beauty of Night.&lt;/b&gt;&lt;br&gt;A large aperture brings out the beauty of the night.&lt;br&gt;You can capture every breathtaking moment, even in low light.&lt;br&gt;&lt;br&gt;&lt;b&gt;50MP Ultra-Wide Camera&lt;br&gt;See More, Capture More.&lt;/b&gt;&lt;br&gt;With 50MP clarity and a sweeping 122° ultra-wide angle, bring every scene into full view, just as your eyes see it.&lt;br&gt;&lt;br&gt;&lt;b&gt;Made You Look!&lt;br&gt;Perfect Shots Every Time.&lt;/b&gt;&lt;br&gt;When unfolded, the outer screen displays fun animations that keep kids engaged,&lt;br&gt;ensuring you capture every precious moment.&lt;br&gt;&lt;br&gt;&lt;b&gt;One Tap Perfection with AI.&lt;/b&gt;&lt;br&gt;Easily edit your photos with a simple command.&lt;br&gt;AI removes reflections and other imperfections.&lt;br&gt;&lt;br&gt;" ManualPDFSize="0" ManualPDFURL="" MiddleDesc="" PDFSize="0" PDFURL="" ShortDesc="7.95”/6.43”, 2352×2172/2376×1060, Snapdragon 8 Elite, 16/512GB, 50/50/64MP, 20/20MP, 5G, Wi-Fi 7, Bluetooth 6.0, 5820mAh, MagicOS 9.0.1" URL="https://www.honor.com/ae-en/phones/honor-magic-v5/" WarrantyInfo="" langid="1"/>
  <ProductFamily ID="77322" LowPic="" ThumbPic="">
   <Name ID="9222290" langid="1" Value="Magic Series"/>
  </ProductFamily>
  <ProductFeature Localized="0" ID="833817629" Local_ID="0" Value="7.95" CategoryFeature_ID="51494" CategoryFeatureGroup_ID="6883" No="10100500" Optional="0" Presentation_Value="20.2 cm (7.95&quot;)" Translated="0" Mandatory="1" Searchable="1">
   <LocalValue Value="20.2">
    <Measure ID="34">
     <Signs>
      <Sign ID="18" langid="1"><![CDATA[cm]]></Sign>
     </Signs>
    </Measure>
   </LocalValue>
   <Feature ID="944">
    <Measure ID="16" Sign="">
     <Signs>
      <Sign ID="11" langid="1"><![CDATA["]]></Sign>
     </Signs>
    </Measure>
    <Name ID="3429" langid="1" Value="Display diagonal"/>
   </Feature>
  </ProductFeature>
  <ProductFeature Localized="0" ID="833817635" Local_ID="0" Value="2352 x 2172" CategoryFeature_ID="51495" CategoryFeatureGroup_ID="6883" No="10100026" Optional="0" Presentation_Value="2352 x 2172 pixels" Translated="0" Mandatory="1" Searchable="1">
   <LocalValue Value="2352 x 2172">
    <Measure ID="39">
     <Signs>
      <Sign ID="23" langid="1"><![CDATA[pixels]]></Sign>
     </Signs>
    </Measure>
   </LocalValue>
   <Feature ID="1585">
    <Measure ID="39" Sign="">
     <Signs>
      <Sign ID="23" langid="1"><![CDATA[pixels]]></Sign>
     </Signs>
    </Measure>
    <Name ID="4927" langid="1" Value="Display resolution"/>
   </Feature>
  </ProductFeature>
  <ProductFeature Localized="0" ID="833817703" Local_ID="0" Value="Flat screen" CategoryFeature_ID="166023" CategoryFeatureGroup_ID="6883" No="100032" Optional="0" Presentation_Value="Flat" Translated="1" Mandatory="0" Searchable="0">
   <LocalValue Value="Flat">
    <Measure ID="29">
     <Signs/>
    </Measure>
   </LocalValue>
   <Feature ID="17554">
    <Measure ID="29" Sign="">
     <Signs/>
    </Measure>
    <Name ID="1247341" langid="1" Value="Screen shape"/>
   </Feature>
  </ProductFeature>
  <ProductFeature Localized="0" ID="833817698" Local_ID="0" Value="OLED" CategoryFeature_ID="949514" CategoryFeatureGroup_ID="6883" No="100030" Optional="0" Presentation_Value="OLED" Translated="1" Mandatory="0" Searchable="0">
   <LocalValue Value="OLED">
    <Measure ID="29">
     <Signs/>
    </Measure>
   </LocalValue>
   <Feature ID="15285">
    <Measure ID="29" Sign="">
     <Signs/>
    </Measure>
    <Name ID="1161461" langid="1" Value="Panel type"/>
   </Feature>
  </ProductFeature>
  <ProductFeature Localized="0" ID="833817708" Local_ID="0" Value="1.07 billion colours" CategoryFeature_ID="154140" CategoryFeatureGroup_ID="6883" No="100024" Optional="0" Presentation_Value="1.07 billion colours" Translated="1" Mandatory="0" Searchable="0">
   <LocalValue Value="1.07 billion colours">
    <Measure ID="29">
     <Signs/>
    </Measure>
   </LocalValue>
   <Feature ID="24847">
    <Measure ID="29" Sign="">
     <Signs/>
    </Measure>
    <Name ID="2065760" langid="1" Value="Display number of colours"/>
   </Feature>
  </ProductFeature>
  <ProductFeature Localized="0" ID="833817668" Local_ID="0" Value="120" CategoryFeature_ID="329450" CategoryFeatureGroup_ID="6883" No="100021" Optional="0" Presentation_Value="120 Hz" Translated="0" Mandatory="0" Searchable="0">
   <LocalValue Value="120">
    <Measure ID="36">
     <Signs>
      <Sign ID="20" langid="1"><![CDATA[Hz]]></Sign>
     </Signs>
    </Measure>
   </LocalValue>
   <Feature ID="7450">
    <Measure ID="36" Sign="">
     <Signs>
      <Sign ID="20" langid="1"><![CDATA[Hz]]></Sign>
     </Signs>
    </Measure>
    <Name ID="559818" langid="1" Value="Maximum refresh rate"/>
   </Feature>
  </ProductFeature>
  <ProductFeature Localized="0" ID="833817778" Local_ID="0" Value="5000" CategoryFeature_ID="595160" CategoryFeatureGroup_ID="6883" No="100020" Optional="0" Presentation_Value="5000 cd/m²" Translated="0" Mandatory="0" Searchable="0">
   <LocalValue Value="5000">
    <Measure ID="43">
     <Signs>
      <Sign ID="27" langid="1"><![CDATA[cd/m²]]></Sign>
     </Signs>
    </Measure>
   </LocalValue>
   <Feature ID="42443">
    <Measure ID="43" Sign="">
     <Signs>
      <Sign ID="27" langid="1"><![CDATA[cd/m²]]></Sign>
     </Signs>
    </Measure>
    <Name ID="6860830" langid="1" Value="Maximum display brightness (HDR)"/>
   </Feature>
  </ProductFeature>
  <ProductFeature Localized="0" ID="833817750" Local_ID="0" Value="Y" CategoryFeature_ID="317062" CategoryFeatureGroup_ID="6883" No="100011" Optional="0" Presentation_Value="Yes" Translated="1" Mandatory="0" Searchable="0">
   <LocalValue Value="Yes">
    <Measure ID="26">
     <Signs/>
    </Measure>
   </LocalValue>
   <Feature ID="36310">
    <Measure ID="26" Sign="">
     <Signs/>
    </Measure>
    <Name ID="4111848" langid="1" Value="High Dynamic Range (HDR) supported"/>
   </Feature>
  </ProductFeature>
  <ProductFeature Localized="0" ID="833817767" Local_ID="0" Value="100" CategoryFeature_ID="959705" CategoryFeatureGroup_ID="6883" No="100009" Optional="0" Presentation_Value="100%" Translated="0" Mandatory="0" Searchable="0">
   <LocalValue Value="100">
    <Measure ID="64">
     <Signs>
      <Sign ID="47" langid="1"><![CDATA[%]]></Sign>
     </Signs>
    </Measure>
   </LocalValue>
   <Feature ID="40125">
    <Measure ID="64" Sign="">
     <Signs>
      <Sign ID="47" langid="1"><![CDATA[%]]></Sign>
     </Signs>
    </Measure>
    <Name ID="5751105" langid="1" Value="DCI-P3 coverage"/>
   </Feature>
  </ProductFeature>
  <ProductFeature Localized="0" ID="833817669" Local_ID="0" Value="6.43" CategoryFeature_ID="309359" CategoryFeatureGroup_ID="6883" No="99990" Optional="0" Presentation_Value="16.3 cm (6.43&quot;)" Translated="0" Mandatory="0" Searchable="0">
   <LocalValue Value="16.3">
    <Measure ID="34">
     <Signs>
      <Sign ID="18" langid="1"><![CDATA[cm]]></Sign>
     </Signs>
    </Measure>
   </LocalValue>
   <Feature ID="7507">
    <Measure ID="16" Sign="">
     <Signs>
      <Sign ID="11" langid="1"><![CDATA["]]></Sign>
     </Signs>
    </Measure>
    <Name ID="566045" langid="1" Value="Second display diagonal"/>
   </Feature>
  </ProductFeature>
  <ProductFeature Localized="0" ID="833817670" Local_ID="0" Value="2376 x 1060" CategoryFeature_ID="176247" CategoryFeatureGroup_ID="6883" No="99989" Optional="0" Presentation_Value="2376 x 1060 pixels" Translated="0" Mandatory="0" Searchable="0">
   <LocalValue Value="2376 x 1060">
    <Measure ID="39">
     <Signs>
      <Sign ID="23" langid="1"><![CDATA[pixels]]></Sign>
     </Signs>
    </Measure>
   </LocalValue>
   <Feature ID="7508">
    <Measure ID="39" Sign="">
     <Signs>
      <Sign ID="23" langid="1"><![CDATA[pixels]]></Sign>
     </Signs>
    </Measure>
    <Name ID="566084" langid="1" Value="Second display resolution"/>
   </Feature>
  </ProductFeature>
  <ProductFeature Localized="0" ID="833817799" Local_ID="0" Value="5000" CategoryFeature_ID="959860" CategoryFeatureGroup_ID="6883" No="99988" Optional="0" Presentation_Value="5000 cd/m²" Translated="0" Mandatory="0" Searchable="0">
   <LocalValue Value="5000">
    <Measure ID="43">
     <Signs>
      <Sign ID="27" langid="1"><![CDATA[cd/m²]]></Sign>
     </Signs>
    </Measure>
   </LocalValue>
   <Feature ID="48132">
    <Measure ID="43" Sign="">
     <Signs>
      <Sign ID="27" langid="1"><![CDATA[cd/m²]]></Sign>
     </Signs>
    </Measure>
    <Name ID="9146674" langid="1" Value="Second display maximum brightness"/>
   </Feature>
  </ProductFeature>
  <ProductFeature Localized="0" ID="833817748" Local_ID="0" Value="OLED" CategoryFeature_ID="309360" CategoryFeatureGroup_ID="6883" No="99986" Optional="0" Presentation_Value="OLED" Translated="1" Mandatory="0" Searchable="0">
   <LocalValue Value="OLED">
    <Measure ID="29">
     <Signs/>
    </Measure>
   </LocalValue>
   <Feature ID="36243">
    <Measure ID="29" Sign="">
     <Signs/>
    </Measure>
    <Name ID="4107774" langid="1" Value="Second display type"/>
   </Feature>
  </ProductFeature>
  <ProductFeature Localized="0" ID="833817760" Local_ID="0" Value="120" CategoryFeature_ID="593345" CategoryFeatureGroup_ID="6883" No="99983" Optional="0" Presentation_Value="120 Hz" Translated="0" Mandatory="0" Searchable="0">
   <LocalValue Value="120">
    <Measure ID="36">
     <Signs>
      <Sign ID="20" langid="1"><![CDATA[Hz]]></Sign>
     </Signs>
    </Measure>
   </LocalValue>
   <Feature ID="38974">
    <Measure ID="36" Sign="">
     <Signs>
      <Sign ID="20" langid="1"><![CDATA[Hz]]></Sign>
     </Signs>
    </Measure>
    <Name ID="5483880" langid="1" Value="Second display refresh rate"/>
   </Feature>
  </ProductFeature>
  <ProductFeature Localized="0" ID="833817795" Local_ID="0" Value="100" CategoryFeature_ID="959706" CategoryFeatureGroup_ID="6883" No="99980" Optional="0" Presentation_Value="100%" Translated="0" Mandatory="0" Searchable="0">
   <LocalValue Value="100">
    <Measure ID="64">
     <Signs>
      <Sign ID="47" langid="1"><![CDATA[%]]></Sign>
     </Signs>
    </Measure>
   </LocalValue>
   <Feature ID="48102">
    <Measure ID="64" Sign="">
     <Signs>
      <Sign ID="47" langid="1"><![CDATA[%]]></Sign>
     </Signs>
    </Measure>
    <Name ID="9143495" langid="1" Value="Second display DCI-P3 coverage"/>
   </Feature>
  </ProductFeature>
  <ProductFeature Localized="0" ID="833817645" Local_ID="0" Value="Qualcomm Snapdragon" CategoryFeature_ID="101566" CategoryFeatureGroup_ID="6884" No="1105020" Optional="0" Presentation_Value="Qualcomm Snapdragon" Translated="0" Mandatory="1" Searchable="0">
   <LocalValue Value="Qualcomm Snapdragon">
    <Measure ID="29">
     <Signs/>
    </Measure>
   </LocalValue>
   <Feature ID="2196">
    <Measure ID="29" Sign="">
     <Signs/>
    </Measure>
    <Name ID="11271" langid="1" Value="Processor family"/>
   </Feature>
  </ProductFeature>
  <ProductFeature Localized="0" ID="833817617" Local_ID="0" Value="8 Elite" CategoryFeature_ID="51651" CategoryFeatureGroup_ID="6884" No="1105010" Optional="0" Presentation_Value="8 Elite" Translated="0" Mandatory="1" Searchable="0">
   <LocalValue Value="8 Elite">
    <Measure ID="29">
     <Signs/>
    </Measure>
   </LocalValue>
   <Feature ID="47">
    <Measure ID="29" Sign="">
     <Signs/>
    </Measure>
    <Name ID="1431" langid="1" Value="Processor model"/>
   </Feature>
  </ProductFeature>
  <ProductFeature Localized="0" ID="833817661" Local_ID="0" Value="8" CategoryFeature_ID="93997" CategoryFeatureGroup_ID="6884" No="100300" Optional="0" Presentation_Value="8" Translated="0" Mandatory="0" Searchable="0">
   <LocalValue Value="8">
    <Measure ID="29">
     <Signs/>
    </Measure>
   </LocalValue>
   <Feature ID="6089">
    <Measure ID="29" Sign="">
     <Signs/>
    </Measure>
    <Name ID="138113" langid="1" Value="Processor cores"/>
   </Feature>
  </ProductFeature>
  <ProductFeature Localized="0" ID="833817674" Local_ID="0" Value="4.32" CategoryFeature_ID="142925" CategoryFeatureGroup_ID="6884" No="100290" Optional="0" Presentation_Value="4.32 GHz" Translated="0" Mandatory="0" Searchable="0">
   <LocalValue Value="4.32">
    <Measure ID="37">
     <Signs>
      <Sign ID="21" langid="1"><![CDATA[GHz]]></Sign>
     </Signs>
    </Measure>
   </LocalValue>
   <Feature ID="7978">
    <Measure ID="37" Sign="">
     <Signs>
      <Sign ID="21" langid="1"><![CDATA[GHz]]></Sign>
     </Signs>
    </Measure>
    <Name ID="617138" langid="1" Value="Processor boost frequency"/>
   </Feature>
  </ProductFeature>
  <ProductFeature Localized="0" ID="833817672" Local_ID="0" Value="16" CategoryFeature_ID="180947" CategoryFeatureGroup_ID="6887" No="10100040" Optional="0" Presentation_Value="16 GB" Translated="0" Mandatory="1" Searchable="1">
   <LocalValue Value="16">
    <Measure ID="20">
     <Signs>
      <Sign ID="7" langid="1"><![CDATA[GB]]></Sign>
     </Signs>
    </Measure>
   </LocalValue>
   <Feature ID="7861">
    <Measure ID="20" Sign="">
     <Signs>
      <Sign ID="7" langid="1"><![CDATA[GB]]></Sign>
     </Signs>
    </Measure>
    <Name ID="608573" langid="1" Value="RAM capacity"/>
   </Feature>
  </ProductFeature>
  <ProductFeature Localized="0" ID="833817680" Local_ID="0" Value="512" CategoryFeature_ID="51697" CategoryFeatureGroup_ID="6887" No="10100038" Optional="0" Presentation_Value="512 GB" Translated="0" Mandatory="1" Searchable="1">
   <LocalValue Value="512">
    <Measure ID="20">
     <Signs>
      <Sign ID="7" langid="1"><![CDATA[GB]]></Sign>
     </Signs>
    </Measure>
   </LocalValue>
   <Feature ID="8730">
    <Measure ID="20" Sign="">
     <Signs>
      <Sign ID="7" langid="1"><![CDATA[GB]]></Sign>
     </Signs>
    </Measure>
    <Name ID="734192" langid="1" Value="Internal storage capacity"/>
   </Feature>
  </ProductFeature>
  <ProductFeature Localized="0" ID="833817713" Local_ID="0" Value="Triple camera" CategoryFeature_ID="175569" CategoryFeatureGroup_ID="6888" No="10100200" Optional="0" Presentation_Value="Triple camera" Translated="1" Mandatory="1" Searchable="1">
   <LocalValue Value="Triple camera">
    <Measure ID="29">
     <Signs/>
    </Measure>
   </LocalValue>
   <Feature ID="27587">
    <Measure ID="29" Sign="">
     <Signs/>
    </Measure>
    <Name ID="2433206" langid="1" Value="Rear camera type"/>
   </Feature>
  </ProductFeature>
  <ProductFeature Localized="0" ID="833817695" Local_ID="0" Value="50" CategoryFeature_ID="175570" CategoryFeatureGroup_ID="6888" No="110500" Optional="0" Presentation_Value="50 MP" Translated="0" Mandatory="1" Searchable="0">
   <LocalValue Value="50">
    <Measure ID="165">
     <Signs>
      <Sign ID="3126" langid="1"><![CDATA[MP]]></Sign>
     </Signs>
    </Measure>
   </LocalValue>
   <Feature ID="12435">
    <Measure ID="165" Sign="">
     <Signs>
      <Sign ID="3126" langid="1"><![CDATA[MP]]></Sign>
     </Signs>
    </Measure>
    <Name ID="1089247" langid="1" Value="Rear camera resolution (numeric)"/>
   </Feature>
  </ProductFeature>
  <ProductFeature Localized="0" ID="833817732" Local_ID="0" Value="Single camera" CategoryFeature_ID="222716" CategoryFeatureGroup_ID="6888" No="110300" Optional="0" Presentation_Value="Single camera" Translated="1" Mandatory="1" Searchable="0">
   <LocalValue Value="Single camera">
    <Measure ID="29">
     <Signs/>
    </Measure>
   </LocalValue>
   <Feature ID="33562">
    <Measure ID="29" Sign="">
     <Signs/>
    </Measure>
    <Name ID="3407684" langid="1" Value="Front camera type"/>
   </Feature>
  </ProductFeature>
  <ProductFeature Localized="0" ID="833817696" Local_ID="0" Value="20" CategoryFeature_ID="175580" CategoryFeatureGroup_ID="6888" No="110297" Optional="0" Presentation_Value="20 MP" Translated="0" Mandatory="1" Searchable="0">
   <LocalValue Value="20">
    <Measure ID="165">
     <Signs>
      <Sign ID="3126" langid="1"><![CDATA[MP]]></Sign>
     </Signs>
    </Measure>
   </LocalValue>
   <Feature ID="12437">
    <Measure ID="165" Sign="">
     <Signs>
      <Sign ID="3126" langid="1"><![CDATA[MP]]></Sign>
     </Signs>
    </Measure>
    <Name ID="1089335" langid="1" Value="Front camera resolution (numeric)"/>
   </Feature>
  </ProductFeature>
  <ProductFeature Localized="0" ID="833817752" Local_ID="0" Value="Y" CategoryFeature_ID="257040" CategoryFeatureGroup_ID="6888" No="110200" Optional="0" Presentation_Value="Yes" Translated="1" Mandatory="1" Searchable="0">
   <LocalValue Value="Yes">
    <Measure ID="26">
     <Signs/>
    </Measure>
   </LocalValue>
   <Feature ID="36602">
    <Measure ID="26" Sign="">
     <Signs/>
    </Measure>
    <Name ID="4349138" langid="1" Value="Rear camera flash"/>
   </Feature>
  </ProductFeature>
  <ProductFeature Localized="0" ID="833817717" Local_ID="0" Value="50" CategoryFeature_ID="175584" CategoryFeatureGroup_ID="6888" No="110495" Optional="0" Presentation_Value="50 MP" Translated="0" Mandatory="0" Searchable="0">
   <LocalValue Value="50">
    <Measure ID="165">
     <Signs>
      <Sign ID="3126" langid="1"><![CDATA[MP]]></Sign>
     </Signs>
    </Measure>
   </LocalValue>
   <Feature ID="27588">
    <Measure ID="165" Sign="">
     <Signs>
      <Sign ID="3126" langid="1"><![CDATA[MP]]></Sign>
     </Signs>
    </Measure>
    <Name ID="2433257" langid="1" Value="Second rear camera resolution (numeric)"/>
   </Feature>
  </ProductFeature>
  <ProductFeature Localized="0" ID="833817742" Local_ID="0" Value="64" CategoryFeature_ID="249788" CategoryFeatureGroup_ID="6888" No="110490" Optional="0" Presentation_Value="64 MP" Translated="0" Mandatory="0" Searchable="0">
   <LocalValue Value="64">
    <Measure ID="165">
     <Signs>
      <Sign ID="3126" langid="1"><![CDATA[MP]]></Sign>
     </Signs>
    </Measure>
   </LocalValue>
   <Feature ID="35935">
    <Measure ID="165" Sign="">
     <Signs>
      <Sign ID="3126" langid="1"><![CDATA[MP]]></Sign>
     </Signs>
    </Measure>
    <Name ID="4062398" langid="1" Value="Third rear camera resolution (numeric)"/>
   </Feature>
  </ProductFeature>
  <ProductFeature Localized="0" ID="833817694" Local_ID="0" Value="9216 x 6912" CategoryFeature_ID="182074" CategoryFeatureGroup_ID="6888" No="110477" Optional="0" Presentation_Value="9216 x 6912 pixels" Translated="0" Mandatory="0" Searchable="0">
   <LocalValue Value="9216 x 6912">
    <Measure ID="39">
     <Signs>
      <Sign ID="23" langid="1"><![CDATA[pixels]]></Sign>
     </Signs>
    </Measure>
   </LocalValue>
   <Feature ID="12434">
    <Measure ID="39" Sign="">
     <Signs>
      <Sign ID="23" langid="1"><![CDATA[pixels]]></Sign>
     </Signs>
    </Measure>
    <Name ID="1089203" langid="1" Value="Rear camera resolution"/>
   </Feature>
  </ProductFeature>
  <ProductFeature Localized="0" ID="833817719" Local_ID="0" Value="2" CategoryFeature_ID="175601" CategoryFeatureGroup_ID="6888" No="110470" Optional="0" Presentation_Value="2" Translated="0" Mandatory="0" Searchable="0">
   <LocalValue Value="2">
    <Measure ID="29">
     <Signs/>
    </Measure>
   </LocalValue>
   <Feature ID="27597">
    <Measure ID="29" Sign="">
     <Signs/>
    </Measure>
    <Name ID="2433722" langid="1" Value="Rear camera aperture number"/>
   </Feature>
  </ProductFeature>
  <ProductFeature Localized="0" ID="833817721" Local_ID="0" Value="1.6" CategoryFeature_ID="175602" CategoryFeatureGroup_ID="6888" No="110460" Optional="0" Presentation_Value="1.6" Translated="0" Mandatory="0" Searchable="0">
   <LocalValue Value="1.6">
    <Measure ID="29">
     <Signs/>
    </Measure>
   </LocalValue>
   <Feature ID="27598">
    <Measure ID="29" Sign="">
     <Signs/>
    </Measure>
    <Name ID="2433773" langid="1" Value="Second rear camera aperture number"/>
   </Feature>
  </ProductFeature>
  <ProductFeature Localized="0" ID="833817745" Local_ID="0" Value="2.5" CategoryFeature_ID="249789" CategoryFeatureGroup_ID="6888" No="110455" Optional="0" Presentation_Value="2.5" Translated="0" Mandatory="0" Searchable="0">
   <LocalValue Value="2.5">
    <Measure ID="29">
     <Signs/>
    </Measure>
   </LocalValue>
   <Feature ID="35936">
    <Measure ID="29" Sign="">
     <Signs/>
    </Measure>
    <Name ID="4062452" langid="1" Value="Third rear camera aperture number"/>
   </Feature>
  </ProductFeature>
  <ProductFeature Localized="0" ID="833817619" Local_ID="0" Value="3" CategoryFeature_ID="175588" CategoryFeatureGroup_ID="6888" No="110393" Optional="0" Presentation_Value="3x" Translated="0" Mandatory="0" Searchable="0">
   <LocalValue Value="3">
    <Measure ID="33">
     <Signs>
      <Sign ID="17" langid="1"><![CDATA[x]]></Sign>
     </Signs>
    </Measure>
   </LocalValue>
   <Feature ID="74">
    <Measure ID="33" Sign="">
     <Signs>
      <Sign ID="17" langid="1"><![CDATA[x]]></Sign>
     </Signs>
    </Measure>
    <Name ID="1485" langid="1" Value="Optical zoom"/>
   </Feature>
  </ProductFeature>
  <ProductFeature Localized="0" ID="833817618" Local_ID="0" Value="100" CategoryFeature_ID="51756" CategoryFeatureGroup_ID="6888" No="110392" Optional="0" Presentation_Value="100x" Translated="0" Mandatory="0" Searchable="0">
   <LocalValue Value="100">
    <Measure ID="33">
     <Signs>
      <Sign ID="17" langid="1"><![CDATA[x]]></Sign>
     </Signs>
    </Measure>
   </LocalValue>
   <Feature ID="48">
    <Measure ID="33" Sign="">
     <Signs>
      <Sign ID="17" langid="1"><![CDATA[x]]></Sign>
     </Signs>
    </Measure>
    <Name ID="1433" langid="1" Value="Digital zoom"/>
   </Feature>
  </ProductFeature>
  <ProductFeature Localized="0" ID="833817697" Local_ID="0" Value="5120 x 3840" CategoryFeature_ID="593491" CategoryFeatureGroup_ID="6888" No="110296" Optional="0" Presentation_Value="5120 x 3840 pixels" Translated="0" Mandatory="0" Searchable="0">
   <LocalValue Value="5120 x 3840">
    <Measure ID="39">
     <Signs>
      <Sign ID="23" langid="1"><![CDATA[pixels]]></Sign>
     </Signs>
    </Measure>
   </LocalValue>
   <Feature ID="14077">
    <Measure ID="39" Sign="">
     <Signs>
      <Sign ID="23" langid="1"><![CDATA[pixels]]></Sign>
     </Signs>
    </Measure>
    <Name ID="1130969" langid="1" Value="Front camera resolution"/>
   </Feature>
  </ProductFeature>
  <ProductFeature Localized="0" ID="833817723" Local_ID="0" Value="2.2" CategoryFeature_ID="175652" CategoryFeatureGroup_ID="6888" No="110290" Optional="0" Presentation_Value="2.2" Translated="0" Mandatory="0" Searchable="0">
   <LocalValue Value="2.2">
    <Measure ID="29">
     <Signs/>
    </Measure>
   </LocalValue>
   <Feature ID="27601">
    <Measure ID="29" Sign="">
     <Signs/>
    </Measure>
    <Name ID="2433926" langid="1" Value="Front camera aperture number"/>
   </Feature>
  </ProductFeature>
  <ProductFeature Localized="0" ID="833817756" Local_ID="0" Value="20" CategoryFeature_ID="309408" CategoryFeatureGroup_ID="6888" No="110220" Optional="0" Presentation_Value="20 MP" Translated="0" Mandatory="0" Searchable="0">
   <LocalValue Value="20">
    <Measure ID="165">
     <Signs>
      <Sign ID="3126" langid="1"><![CDATA[MP]]></Sign>
     </Signs>
    </Measure>
   </LocalValue>
   <Feature ID="38693">
    <Measure ID="165" Sign="">
     <Signs>
      <Sign ID="3126" langid="1"><![CDATA[MP]]></Sign>
     </Signs>
    </Measure>
    <Name ID="5386775" langid="1" Value="Cover camera resolution (numeric)"/>
   </Feature>
  </ProductFeature>
  <ProductFeature Localized="0" ID="833817758" Local_ID="0" Value="2.2" CategoryFeature_ID="309410" CategoryFeatureGroup_ID="6888" No="110218" Optional="0" Presentation_Value="2.2" Translated="0" Mandatory="0" Searchable="0">
   <LocalValue Value="2.2">
    <Measure ID="29">
     <Signs/>
    </Measure>
   </LocalValue>
   <Feature ID="38695">
    <Measure ID="29" Sign="">
     <Signs/>
    </Measure>
    <Name ID="5386891" langid="1" Value="Cover camera aperture number"/>
   </Feature>
  </ProductFeature>
  <ProductFeature Localized="0" ID="833817662" Local_ID="0" Value="LED" CategoryFeature_ID="51506" CategoryFeatureGroup_ID="6888" No="110195" Optional="0" Presentation_Value="LED" Translated="1" Mandatory="0" Searchable="0">
   <LocalValue Value="LED">
    <Measure ID="29">
     <Signs/>
    </Measure>
   </LocalValue>
   <Feature ID="6697">
    <Measure ID="29" Sign="">
     <Signs/>
    </Measure>
    <Name ID="247847" langid="1" Value="Flash type"/>
   </Feature>
  </ProductFeature>
  <ProductFeature Localized="0" ID="833817636" Local_ID="0" Value="3840 x 2160" CategoryFeature_ID="54001" CategoryFeatureGroup_ID="6888" No="110100" Optional="0" Presentation_Value="3840 x 2160 pixels" Translated="0" Mandatory="0" Searchable="0">
   <LocalValue Value="3840 x 2160">
    <Measure ID="39">
     <Signs>
      <Sign ID="23" langid="1"><![CDATA[pixels]]></Sign>
     </Signs>
    </Measure>
   </LocalValue>
   <Feature ID="1597">
    <Measure ID="39" Sign="">
     <Signs>
      <Sign ID="23" langid="1"><![CDATA[pixels]]></Sign>
     </Signs>
    </Measure>
    <Name ID="4957" langid="1" Value="Video capture resolution (max)"/>
   </Feature>
  </ProductFeature>
  <ProductFeature Localized="0" ID="833817665" Local_ID="0" Value="Y" CategoryFeature_ID="51560" CategoryFeatureGroup_ID="6888" No="100040" Optional="0" Presentation_Value="Yes" Translated="1" Mandatory="0" Searchable="0">
   <LocalValue Value="Yes">
    <Measure ID="26">
     <Signs/>
    </Measure>
   </LocalValue>
   <Feature ID="7114">
    <Measure ID="26" Sign="">
     <Signs/>
    </Measure>
    <Name ID="345800" langid="1" Value="Face detection"/>
   </Feature>
  </ProductFeature>
  <ProductFeature Localized="0" ID="833817791" Local_ID="0" Value="Y" CategoryFeature_ID="932746" CategoryFeatureGroup_ID="6888" No="100039" Optional="0" Presentation_Value="Yes" Translated="1" Mandatory="0" Searchable="0">
   <LocalValue Value="Yes">
    <Measure ID="26">
     <Signs/>
    </Measure>
   </LocalValue>
   <Feature ID="46540">
    <Measure ID="26" Sign="">
     <Signs/>
    </Measure>
    <Name ID="8643939" langid="1" Value="Camera High Dynamic Range (HDR) mode"/>
   </Feature>
  </ProductFeature>
  <ProductFeature Localized="0" ID="833817730" Local_ID="0" Value="Y" CategoryFeature_ID="226800" CategoryFeatureGroup_ID="6888" No="100027" Optional="0" Presentation_Value="Yes" Translated="1" Mandatory="0" Searchable="0">
   <LocalValue Value="Yes">
    <Measure ID="26">
     <Signs/>
    </Measure>
   </LocalValue>
   <Feature ID="28715">
    <Measure ID="26" Sign="">
     <Signs/>
    </Measure>
    <Name ID="2581054" langid="1" Value="Time lapse mode"/>
   </Feature>
  </ProductFeature>
  <ProductFeature Localized="0" ID="833817634" Local_ID="0" Value="Y" CategoryFeature_ID="51782" CategoryFeatureGroup_ID="6888" No="100020" Optional="0" Presentation_Value="Yes" Translated="1" Mandatory="0" Searchable="0">
   <LocalValue Value="Yes">
    <Measure ID="26">
     <Signs/>
    </Measure>
   </LocalValue>
   <Feature ID="1578">
    <Measure ID="26" Sign="">
     <Signs/>
    </Measure>
    <Name ID="4913" langid="1" Value="Image stabilizer"/>
   </Feature>
  </ProductFeature>
  <ProductFeature Localized="0" ID="833817675" Local_ID="0" Value="Electronic Image Stabilization (EIS),Optical Image Stabilization (OIS)" CategoryFeature_ID="708816" CategoryFeatureGroup_ID="6888" No="100020" Optional="0" Presentation_Value="Electronic Image Stabilization (EIS), Optical Image Stabilization (OIS)" Translated="0" Mandatory="0" Searchable="0">
   <LocalValue Value="Electronic Image Stabilization (EIS), Optical Image Stabilization (OIS)">
    <Measure ID="29">
     <Signs/>
    </Measure>
   </LocalValue>
   <Feature ID="8062">
    <Measure ID="29" Sign="">
     <Signs/>
    </Measure>
    <Name ID="622345" langid="1" Value="Image stabilizer type"/>
   </Feature>
  </ProductFeature>
  <ProductFeature Localized="0" ID="833817682" Local_ID="0" Value="Y" CategoryFeature_ID="53999" CategoryFeatureGroup_ID="6888" No="100000" Optional="0" Presentation_Value="Yes" Translated="1" Mandatory="0" Searchable="0">
   <LocalValue Value="Yes">
    <Measure ID="26">
     <Signs/>
    </Measure>
   </LocalValue>
   <Feature ID="9043">
    <Measure ID="26" Sign="">
     <Signs/>
    </Measure>
    <Name ID="758543" langid="1" Value="Self-timer"/>
   </Feature>
  </ProductFeature>
  <ProductFeature Localized="0" ID="833817647" Local_ID="0" Value="Y" CategoryFeature_ID="55074" CategoryFeatureGroup_ID="6888" No="100000" Optional="0" Presentation_Value="Yes" Translated="1" Mandatory="0" Searchable="0">
   <LocalValue Value="Yes">
    <Measure ID="26">
     <Signs/>
    </Measure>
   </LocalValue>
   <Feature ID="2681">
    <Measure ID="26" Sign="">
     <Signs/>
    </Measure>
    <Name ID="13563" langid="1" Value="Night mode"/>
   </Feature>
  </ProductFeature>
  <ProductFeature Localized="0" ID="833817683" Local_ID="0" Value="Y" CategoryFeature_ID="71980" CategoryFeatureGroup_ID="6888" No="100000" Optional="0" Presentation_Value="Yes" Translated="1" Mandatory="0" Searchable="0">
   <LocalValue Value="Yes">
    <Measure ID="26">
     <Signs/>
    </Measure>
   </LocalValue>
   <Feature ID="9147">
    <Measure ID="26" Sign="">
     <Signs/>
    </Measure>
    <Name ID="763048" langid="1" Value="Smile detection"/>
   </Feature>
  </ProductFeature>
  <ProductFeature Localized="0" ID="833817793" Local_ID="0" Value="Y" CategoryFeature_ID="940597" CategoryFeatureGroup_ID="6888" No="100000" Optional="0" Presentation_Value="Yes" Translated="1" Mandatory="0" Searchable="0">
   <LocalValue Value="Yes">
    <Measure ID="26">
     <Signs/>
    </Measure>
   </LocalValue>
   <Feature ID="47124">
    <Measure ID="26" Sign="">
     <Signs/>
    </Measure>
    <Name ID="8768621" langid="1" Value="Portrait Lighting"/>
   </Feature>
  </ProductFeature>
  <ProductFeature Localized="0" ID="833817652" Local_ID="0" Value="Y" CategoryFeature_ID="803475" CategoryFeatureGroup_ID="6888" No="99999" Optional="0" Presentation_Value="Yes" Translated="1" Mandatory="0" Searchable="0">
   <LocalValue Value="Yes">
    <Measure ID="26">
     <Signs/>
    </Measure>
   </LocalValue>
   <Feature ID="3711">
    <Measure ID="26" Sign="">
     <Signs/>
    </Measure>
    <Name ID="41391" langid="1" Value="Panorama"/>
   </Feature>
  </ProductFeature>
  <ProductFeature Localized="0" ID="833817702" Local_ID="0" Value="Y" CategoryFeature_ID="926909" CategoryFeatureGroup_ID="6888" No="99999" Optional="0" Presentation_Value="Yes" Translated="1" Mandatory="0" Searchable="0">
   <LocalValue Value="Yes">
    <Measure ID="26">
     <Signs/>
    </Measure>
   </LocalValue>
   <Feature ID="17105">
    <Measure ID="26" Sign="">
     <Signs/>
    </Measure>
    <Name ID="1230014" langid="1" Value="Portrait mode"/>
   </Feature>
  </ProductFeature>
  <ProductFeature Localized="0" ID="833817787" Local_ID="0" Value="Y" CategoryFeature_ID="926910" CategoryFeatureGroup_ID="6888" No="99999" Optional="0" Presentation_Value="Yes" Translated="1" Mandatory="0" Searchable="0">
   <LocalValue Value="Yes">
    <Measure ID="26">
     <Signs/>
    </Measure>
   </LocalValue>
   <Feature ID="45974">
    <Measure ID="26" Sign="">
     <Signs/>
    </Measure>
    <Name ID="8453522" langid="1" Value="Macro photography"/>
   </Feature>
  </ProductFeature>
  <ProductFeature Localized="0" ID="833817801" Local_ID="0" Value="Y" CategoryFeature_ID="961023" CategoryFeatureGroup_ID="6888" No="99998" Optional="0" Presentation_Value="Yes" Translated="1" Mandatory="0" Searchable="0">
   <LocalValue Value="Yes">
    <Measure ID="26">
     <Signs/>
    </Measure>
   </LocalValue>
   <Feature ID="48209">
    <Measure ID="26" Sign="">
     <Signs/>
    </Measure>
    <Name ID="9157967" langid="1" Value="Slow motion mode"/>
   </Feature>
  </ProductFeature>
  <ProductFeature Localized="0" ID="833817782" Local_ID="0" Value="Y" CategoryFeature_ID="595163" CategoryFeatureGroup_ID="6888" No="99995" Optional="0" Presentation_Value="Yes" Translated="1" Mandatory="0" Searchable="0">
   <LocalValue Value="Yes">
    <Measure ID="26">
     <Signs/>
    </Measure>
   </LocalValue>
   <Feature ID="44188">
    <Measure ID="26" Sign="">
     <Signs/>
    </Measure>
    <Name ID="7958858" langid="1" Value="AI scene recognition"/>
   </Feature>
  </ProductFeature>
  <ProductFeature Localized="0" ID="833817705" Local_ID="0" Value="Dual SIM" CategoryFeature_ID="115466" CategoryFeatureGroup_ID="6890" No="10100497" Optional="0" Presentation_Value="Dual SIM" Translated="1" Mandatory="1" Searchable="1">
   <LocalValue Value="Dual SIM">
    <Measure ID="29">
     <Signs/>
    </Measure>
   </LocalValue>
   <Feature ID="19653">
    <Measure ID="29" Sign="">
     <Signs/>
    </Measure>
    <Name ID="1492752" langid="1" Value="SIM card capability"/>
   </Feature>
  </ProductFeature>
  <ProductFeature Localized="0" ID="833817768" Local_ID="0" Value="5G" CategoryFeature_ID="328674" CategoryFeatureGroup_ID="6890" No="10100105" Optional="0" Presentation_Value="5G" Translated="0" Mandatory="1" Searchable="1">
   <LocalValue Value="5G">
    <Measure ID="29">
     <Signs/>
    </Measure>
   </LocalValue>
   <Feature ID="40629">
    <Measure ID="29" Sign="">
     <Signs/>
    </Measure>
    <Name ID="5941610" langid="1" Value="Mobile network generation"/>
   </Feature>
  </ProductFeature>
  <ProductFeature Localized="0" ID="833817684" Local_ID="0" Value="NanoSIM + eSIM" CategoryFeature_ID="56682" CategoryFeatureGroup_ID="6890" No="100099" Optional="0" Presentation_Value="NanoSIM + eSIM" Translated="0" Mandatory="1" Searchable="0">
   <LocalValue Value="NanoSIM + eSIM">
    <Measure ID="29">
     <Signs/>
    </Measure>
   </LocalValue>
   <Feature ID="9166">
    <Measure ID="29" Sign="">
     <Signs/>
    </Measure>
    <Name ID="763836" langid="1" Value="SIM card type"/>
   </Feature>
  </ProductFeature>
  <ProductFeature Localized="0" ID="833817701" Local_ID="0" Value="WCDMA" CategoryFeature_ID="95631" CategoryFeatureGroup_ID="6890" No="100069" Optional="0" Presentation_Value="WCDMA" Translated="0" Mandatory="1" Searchable="0">
   <LocalValue Value="WCDMA">
    <Measure ID="29">
     <Signs/>
    </Measure>
   </LocalValue>
   <Feature ID="16923">
    <Measure ID="29" Sign="">
     <Signs/>
    </Measure>
    <Name ID="1217891" langid="1" Value="3G standards"/>
   </Feature>
  </ProductFeature>
  <ProductFeature Localized="0" ID="833817700" Local_ID="0" Value="LTE-TDD &amp; LTE-FDD" CategoryFeature_ID="95632" CategoryFeatureGroup_ID="6890" No="100068" Optional="0" Presentation_Value="LTE-TDD &amp; LTE-FDD" Translated="0" Mandatory="1" Searchable="0">
   <LocalValue Value="LTE-TDD &amp; LTE-FDD">
    <Measure ID="29">
     <Signs/>
    </Measure>
   </LocalValue>
   <Feature ID="16922">
    <Measure ID="29" Sign="">
     <Signs/>
    </Measure>
    <Name ID="1217846" langid="1" Value="4G standard"/>
   </Feature>
  </ProductFeature>
  <ProductFeature Localized="0" ID="833817789" Local_ID="0" Value="NR" CategoryFeature_ID="926919" CategoryFeatureGroup_ID="6890" No="100068" Optional="0" Presentation_Value="NR" Translated="1" Mandatory="1" Searchable="0">
   <LocalValue Value="NR">
    <Measure ID="29">
     <Signs/>
    </Measure>
   </LocalValue>
   <Feature ID="45981">
    <Measure ID="29" Sign="">
     <Signs/>
    </Measure>
    <Name ID="8454054" langid="1" Value="5G standard"/>
   </Feature>
  </ProductFeature>
  <ProductFeature Localized="0" ID="833817709" Local_ID="0" Value="Wi-Fi 7 (802.11be)" CategoryFeature_ID="968001" CategoryFeatureGroup_ID="6890" No="100036" Optional="0" Presentation_Value="Wi-Fi 7 (802.11be)" Translated="0" Mandatory="1" Searchable="0">
   <LocalValue Value="Wi-Fi 7 (802.11be)">
    <Measure ID="29">
     <Signs/>
    </Measure>
   </LocalValue>
   <Feature ID="24993">
    <Measure ID="29" Sign="">
     <Signs/>
    </Measure>
    <Name ID="2105805" langid="1" Value="Top Wi-Fi standard"/>
   </Feature>
  </ProductFeature>
  <ProductFeature Localized="0" ID="833817644" Local_ID="0" Value="Y" CategoryFeature_ID="51515" CategoryFeatureGroup_ID="6890" No="100033" Optional="0" Presentation_Value="Yes" Translated="1" Mandatory="1" Searchable="0">
   <LocalValue Value="Yes">
    <Measure ID="26">
     <Signs/>
    </Measure>
   </LocalValue>
   <Feature ID="2183">
    <Measure ID="26" Sign="">
     <Signs/>
    </Measure>
    <Name ID="11148" langid="1" Value="Bluetooth"/>
   </Feature>
  </ProductFeature>
  <ProductFeature Localized="0" ID="833817622" Local_ID="0" Value="802.11a,802.11b,802.11g,Wi-Fi 4 (802.11n),Wi-Fi 5 (802.11ac),Wi-Fi 6 (802.11ax),Wi-Fi 6E (802.11ax),Wi-Fi 7 (802.11be)" CategoryFeature_ID="51514" CategoryFeatureGroup_ID="6890" No="100035" Optional="0" Presentation_Value="802.11a, 802.11b, 802.11g, Wi-Fi 4 (802.11n), Wi-Fi 5 (802.11ac), Wi-Fi 6 (802.11ax), Wi-Fi 6E (802.11ax), Wi-Fi 7 (802.11be)" Translated="0" Mandatory="0" Searchable="0">
   <LocalValue Value="802.11a, 802.11b, 802.11g, Wi-Fi 4 (802.11n), Wi-Fi 5 (802.11ac), Wi-Fi 6 (802.11ax), Wi-Fi 6E (802.11ax), Wi-Fi 7 (802.11be)">
    <Measure ID="29">
     <Signs/>
    </Measure>
   </LocalValue>
   <Feature ID="432">
    <Measure ID="29" Sign="">
     <Signs/>
    </Measure>
    <Name ID="2231" langid="1" Value="Wi-Fi standards"/>
   </Feature>
  </ProductFeature>
  <ProductFeature Localized="0" ID="833817631" Local_ID="0" Value="6.0" CategoryFeature_ID="51516" CategoryFeatureGroup_ID="6890" No="100032" Optional="0" Presentation_Value="6.0" Translated="0" Mandatory="0" Searchable="0">
   <LocalValue Value="6.0">
    <Measure ID="29">
     <Signs/>
    </Measure>
   </LocalValue>
   <Feature ID="1208">
    <Measure ID="29" Sign="">
     <Signs/>
    </Measure>
    <Name ID="3957" langid="1" Value="Bluetooth version"/>
   </Feature>
  </ProductFeature>
  <ProductFeature Localized="0" ID="833817770" Local_ID="0" Value="Y" CategoryFeature_ID="332070" CategoryFeatureGroup_ID="6890" No="100032" Optional="0" Presentation_Value="Yes" Translated="1" Mandatory="0" Searchable="0">
   <LocalValue Value="Yes">
    <Measure ID="26">
     <Signs/>
    </Measure>
   </LocalValue>
   <Feature ID="40984">
    <Measure ID="26" Sign="">
     <Signs/>
    </Measure>
    <Name ID="6298256" langid="1" Value="Bluetooth Low Energy (BLE)"/>
   </Feature>
  </ProductFeature>
  <ProductFeature Localized="0" ID="833817658" Local_ID="0" Value="AAC,APTX,APTX-HD,LC3,LDAC,SBC" CategoryFeature_ID="51527" CategoryFeatureGroup_ID="6890" No="100031" Optional="0" Presentation_Value="AAC, APTX, APTX-HD, LC3, LDAC, SBC" Translated="0" Mandatory="0" Searchable="0">
   <LocalValue Value="AAC, APTX, APTX-HD, LC3, LDAC, SBC">
    <Measure ID="29">
     <Signs/>
    </Measure>
   </LocalValue>
   <Feature ID="4133">
    <Measure ID="29" Sign="">
     <Signs/>
    </Measure>
    <Name ID="58884" langid="1" Value="Bluetooth profiles"/>
   </Feature>
  </ProductFeature>
  <ProductFeature Localized="0" ID="833817772" Local_ID="0" Value="Y" CategoryFeature_ID="332317" CategoryFeatureGroup_ID="6890" No="100031" Optional="0" Presentation_Value="Yes" Translated="1" Mandatory="0" Searchable="0">
   <LocalValue Value="Yes">
    <Measure ID="26">
     <Signs/>
    </Measure>
   </LocalValue>
   <Feature ID="41012">
    <Measure ID="26" Sign="">
     <Signs/>
    </Measure>
    <Name ID="6300616" langid="1" Value="aptX technology"/>
   </Feature>
  </ProductFeature>
  <ProductFeature Localized="0" ID="833817781" Local_ID="0" Value="Tri-band" CategoryFeature_ID="709576" CategoryFeatureGroup_ID="6890" No="100010" Optional="0" Presentation_Value="Tri-band" Translated="1" Mandatory="0" Searchable="0">
   <LocalValue Value="Tri-band">
    <Measure ID="29">
     <Signs/>
    </Measure>
   </LocalValue>
   <Feature ID="43335">
    <Measure ID="29" Sign="">
     <Signs/>
    </Measure>
    <Name ID="7543092" langid="1" Value="Frequency band"/>
   </Feature>
  </ProductFeature>
  <ProductFeature Localized="0" ID="833817687" Local_ID="0" Value="Y" CategoryFeature_ID="138770" CategoryFeatureGroup_ID="6890" No="100000" Optional="0" Presentation_Value="Yes" Translated="1" Mandatory="0" Searchable="0">
   <LocalValue Value="Yes">
    <Measure ID="26">
     <Signs/>
    </Measure>
   </LocalValue>
   <Feature ID="9779">
    <Measure ID="26" Sign="">
     <Signs/>
    </Measure>
    <Name ID="816915" langid="1" Value="Wi-Fi Direct"/>
   </Feature>
  </ProductFeature>
  <ProductFeature Localized="0" ID="833817725" Local_ID="0" Value="Y" CategoryFeature_ID="302276" CategoryFeatureGroup_ID="6890" No="100000" Optional="0" Presentation_Value="Yes" Translated="1" Mandatory="0" Searchable="0">
   <LocalValue Value="Yes">
    <Measure ID="26">
     <Signs/>
    </Measure>
   </LocalValue>
   <Feature ID="27802">
    <Measure ID="26" Sign="">
     <Signs/>
    </Measure>
    <Name ID="2455938" langid="1" Value="MIMO"/>
   </Feature>
  </ProductFeature>
  <ProductFeature Localized="0" ID="833817690" Local_ID="0" Value="Y" CategoryFeature_ID="63985" CategoryFeatureGroup_ID="6890" No="99995" Optional="0" Presentation_Value="Yes" Translated="1" Mandatory="0" Searchable="0">
   <LocalValue Value="Yes">
    <Measure ID="26">
     <Signs/>
    </Measure>
   </LocalValue>
   <Feature ID="10157">
    <Measure ID="26" Sign="">
     <Signs/>
    </Measure>
    <Name ID="878154" langid="1" Value="Near Field Communication (NFC)"/>
   </Feature>
  </ProductFeature>
  <ProductFeature Localized="0" ID="833817640" Local_ID="0" Value="USB Type-C" CategoryFeature_ID="51510" CategoryFeatureGroup_ID="6889" No="100060" Optional="0" Presentation_Value="USB Type-C" Translated="1" Mandatory="0" Searchable="0">
   <LocalValue Value="USB Type-C">
    <Measure ID="29">
     <Signs/>
    </Measure>
   </LocalValue>
   <Feature ID="1742">
    <Measure ID="29" Sign="">
     <Signs/>
    </Measure>
    <Name ID="5431" langid="1" Value="USB connector type"/>
   </Feature>
  </ProductFeature>
  <ProductFeature Localized="0" ID="833817659" Local_ID="0" Value="USB Type-C" CategoryFeature_ID="51511" CategoryFeatureGroup_ID="6889" No="100016" Optional="0" Presentation_Value="USB Type-C" Translated="1" Mandatory="0" Searchable="0">
   <LocalValue Value="USB Type-C">
    <Measure ID="29">
     <Signs/>
    </Measure>
   </LocalValue>
   <Feature ID="4163">
    <Measure ID="29" Sign="">
     <Signs/>
    </Measure>
    <Name ID="59050" langid="1" Value="Headphone connectivity"/>
   </Feature>
  </ProductFeature>
  <ProductFeature Localized="0" ID="833817643" Local_ID="0" Value="Y" CategoryFeature_ID="51656" CategoryFeatureGroup_ID="6919" No="100100" Optional="0" Presentation_Value="Yes" Translated="1" Mandatory="0" Searchable="0">
   <LocalValue Value="Yes">
    <Measure ID="26">
     <Signs/>
    </Measure>
   </LocalValue>
   <Feature ID="1901">
    <Measure ID="26" Sign="">
     <Signs/>
    </Measure>
    <Name ID="5893" langid="1" Value="Short Message Service (SMS)"/>
   </Feature>
  </ProductFeature>
  <ProductFeature Localized="0" ID="833817707" Local_ID="0" Value="Y" CategoryFeature_ID="146646" CategoryFeatureGroup_ID="6919" No="100040" Optional="0" Presentation_Value="Yes" Translated="1" Mandatory="0" Searchable="0">
   <LocalValue Value="Yes">
    <Measure ID="26">
     <Signs/>
    </Measure>
   </LocalValue>
   <Feature ID="23802">
    <Measure ID="26" Sign="">
     <Signs/>
    </Measure>
    <Name ID="1960088" langid="1" Value="E-mail"/>
   </Feature>
  </ProductFeature>
  <ProductFeature Localized="0" ID="833817711" Local_ID="0" Value="Y" CategoryFeature_ID="166073" CategoryFeatureGroup_ID="11005" No="10100000" Optional="0" Presentation_Value="Yes" Translated="1" Mandatory="1" Searchable="1">
   <LocalValue Value="Yes">
    <Measure ID="26">
     <Signs/>
    </Measure>
   </LocalValue>
   <Feature ID="26425">
    <Measure ID="26" Sign="">
     <Signs/>
    </Measure>
    <Name ID="2268247" langid="1" Value="Position location"/>
   </Feature>
  </ProductFeature>
  <ProductFeature Localized="0" ID="833817650" Local_ID="0" Value="Y" CategoryFeature_ID="51755" CategoryFeatureGroup_ID="11005" No="100030" Optional="0" Presentation_Value="Yes" Translated="1" Mandatory="0" Searchable="0">
   <LocalValue Value="Yes">
    <Measure ID="26">
     <Signs/>
    </Measure>
   </LocalValue>
   <Feature ID="3329">
    <Measure ID="26" Sign="">
     <Signs/>
    </Measure>
    <Name ID="31840" langid="1" Value="GPS (satellite)"/>
   </Feature>
  </ProductFeature>
  <ProductFeature Localized="0" ID="833817699" Local_ID="0" Value="Y" CategoryFeature_ID="94591" CategoryFeatureGroup_ID="11005" No="100008" Optional="0" Presentation_Value="Yes" Translated="1" Mandatory="0" Searchable="0">
   <LocalValue Value="Yes">
    <Measure ID="26">
     <Signs/>
    </Measure>
   </LocalValue>
   <Feature ID="15618">
    <Measure ID="26" Sign="">
     <Signs/>
    </Measure>
    <Name ID="1177617" langid="1" Value="GLONASS"/>
   </Feature>
  </ProductFeature>
  <ProductFeature Localized="0" ID="833817728" Local_ID="0" Value="Y" CategoryFeature_ID="184929" CategoryFeatureGroup_ID="11005" No="100008" Optional="0" Presentation_Value="Yes" Translated="1" Mandatory="0" Searchable="0">
   <LocalValue Value="Yes">
    <Measure ID="26">
     <Signs/>
    </Measure>
   </LocalValue>
   <Feature ID="28694">
    <Measure ID="26" Sign="">
     <Signs/>
    </Measure>
    <Name ID="2579566" langid="1" Value="BeiDou"/>
   </Feature>
  </ProductFeature>
  <ProductFeature Localized="0" ID="833817734" Local_ID="0" Value="Y" CategoryFeature_ID="226793" CategoryFeatureGroup_ID="11005" No="100007" Optional="0" Presentation_Value="Yes" Translated="1" Mandatory="0" Searchable="0">
   <LocalValue Value="Yes">
    <Measure ID="26">
     <Signs/>
    </Measure>
   </LocalValue>
   <Feature ID="33685">
    <Measure ID="26" Sign="">
     <Signs/>
    </Measure>
    <Name ID="3435258" langid="1" Value="Galileo"/>
   </Feature>
  </ProductFeature>
  <ProductFeature Localized="0" ID="833817736" Local_ID="0" Value="Y" CategoryFeature_ID="226792" CategoryFeatureGroup_ID="11005" No="100006" Optional="0" Presentation_Value="Yes" Translated="1" Mandatory="0" Searchable="0">
   <LocalValue Value="Yes">
    <Measure ID="26">
     <Signs/>
    </Measure>
   </LocalValue>
   <Feature ID="33686">
    <Measure ID="26" Sign="">
     <Signs/>
    </Measure>
    <Name ID="3435312" langid="1" Value="Quasi-Zenith Satellite System (QZSS)"/>
   </Feature>
  </ProductFeature>
  <ProductFeature Localized="0" ID="833817639" Local_ID="0" Value="Y" CategoryFeature_ID="51517" CategoryFeatureGroup_ID="11005" No="100000" Optional="0" Presentation_Value="Yes" Translated="1" Mandatory="0" Searchable="0">
   <LocalValue Value="Yes">
    <Measure ID="26">
     <Signs/>
    </Measure>
   </LocalValue>
   <Feature ID="1733">
    <Measure ID="26" Sign="">
     <Signs/>
    </Measure>
    <Name ID="5409" langid="1" Value="Electronic compass"/>
   </Feature>
  </ProductFeature>
  <ProductFeature Localized="0" ID="833817681" Local_ID="0" Value="Y" CategoryFeature_ID="51754" CategoryFeatureGroup_ID="11005" No="99998" Optional="0" Presentation_Value="Yes" Translated="1" Mandatory="0" Searchable="0">
   <LocalValue Value="Yes">
    <Measure ID="26">
     <Signs/>
    </Measure>
   </LocalValue>
   <Feature ID="8742">
    <Measure ID="26" Sign="">
     <Signs/>
    </Measure>
    <Name ID="734725" langid="1" Value="Wi-Fi positioning"/>
   </Feature>
  </ProductFeature>
  <ProductFeature Localized="0" ID="833817627" Local_ID="0" Value="Clamshell" CategoryFeature_ID="51570" CategoryFeatureGroup_ID="11003" No="10100055" Optional="0" Presentation_Value="Clamshell" Translated="1" Mandatory="1" Searchable="1">
   <LocalValue Value="Clamshell">
    <Measure ID="29">
     <Signs/>
    </Measure>
   </LocalValue>
   <Feature ID="771">
    <Measure ID="29" Sign="">
     <Signs/>
    </Measure>
    <Name ID="3073" langid="1" Value="Form factor"/>
   </Feature>
  </ProductFeature>
  <ProductFeature Localized="0" ID="833817641" Local_ID="0" Value="White" CategoryFeature_ID="143786" CategoryFeatureGroup_ID="11003" No="10100035" Optional="0" Presentation_Value="White" Translated="1" Mandatory="1" Searchable="1">
   <LocalValue Value="White">
    <Measure ID="29">
     <Signs/>
    </Measure>
   </LocalValue>
   <Feature ID="1766">
    <Measure ID="29" Sign="">
     <Signs/>
    </Measure>
    <Name ID="5487" langid="1" Value="Product colour"/>
   </Feature>
  </ProductFeature>
  <ProductFeature Localized="0" ID="833817704" Local_ID="0" Value="Ivory White" CategoryFeature_ID="270487" CategoryFeatureGroup_ID="11003" No="100034" Optional="0" Presentation_Value="Ivory White" Translated="0" Mandatory="0" Searchable="0">
   <LocalValue Value="Ivory White">
    <Measure ID="29">
     <Signs/>
    </Measure>
   </LocalValue>
   <Feature ID="17956">
    <Measure ID="29" Sign="">
     <Signs/>
    </Measure>
    <Name ID="1296400" langid="1" Value="Colour name"/>
   </Feature>
  </ProductFeature>
  <ProductFeature Localized="0" ID="833817676" Local_ID="0" Value="Dust resistant,Water resistant" CategoryFeature_ID="70015" CategoryFeatureGroup_ID="11003" No="100009" Optional="0" Presentation_Value="Dust resistant, Water resistant" Translated="1" Mandatory="0" Searchable="0">
   <LocalValue Value="Dust resistant, Water resistant">
    <Measure ID="29">
     <Signs/>
    </Measure>
   </LocalValue>
   <Feature ID="8072">
    <Measure ID="29" Sign="">
     <Signs/>
    </Measure>
    <Name ID="622852" langid="1" Value="Protection features"/>
   </Feature>
  </ProductFeature>
  <ProductFeature Localized="0" ID="833817664" Local_ID="0" Value="Y" CategoryFeature_ID="51712" CategoryFeatureGroup_ID="11002" No="100080" Optional="0" Presentation_Value="Yes" Translated="1" Mandatory="0" Searchable="0">
   <LocalValue Value="Yes">
    <Measure ID="26">
     <Signs/>
    </Measure>
   </LocalValue>
   <Feature ID="7018">
    <Measure ID="26" Sign="">
     <Signs/>
    </Measure>
    <Name ID="334549" langid="1" Value="Video call"/>
   </Feature>
  </ProductFeature>
  <ProductFeature Localized="0" ID="833817660" Local_ID="0" Value="Y" CategoryFeature_ID="222568" CategoryFeatureGroup_ID="11002" No="100057" Optional="0" Presentation_Value="Yes" Translated="1" Mandatory="0" Searchable="0">
   <LocalValue Value="Yes">
    <Measure ID="26">
     <Signs/>
    </Measure>
   </LocalValue>
   <Feature ID="4981">
    <Measure ID="26" Sign="">
     <Signs/>
    </Measure>
    <Name ID="61653" langid="1" Value="Fast charging"/>
   </Feature>
  </ProductFeature>
  <ProductFeature Localized="0" ID="833817693" Local_ID="0" Value="Y" CategoryFeature_ID="80089" CategoryFeatureGroup_ID="11002" No="100056" Optional="0" Presentation_Value="Yes" Translated="1" Mandatory="0" Searchable="0">
   <LocalValue Value="Yes">
    <Measure ID="26">
     <Signs/>
    </Measure>
   </LocalValue>
   <Feature ID="12148">
    <Measure ID="26" Sign="">
     <Signs/>
    </Measure>
    <Name ID="1087259" langid="1" Value="Wireless charging"/>
   </Feature>
  </ProductFeature>
  <ProductFeature Localized="0" ID="833817765" Local_ID="0" Value="50" CategoryFeature_ID="967754" CategoryFeatureGroup_ID="11002" No="100056" Optional="0" Presentation_Value="50 W" Translated="0" Mandatory="0" Searchable="0">
   <LocalValue Value="50">
    <Measure ID="44">
     <Signs>
      <Sign ID="28" langid="1"><![CDATA[W]]></Sign>
     </Signs>
    </Measure>
   </LocalValue>
   <Feature ID="39544">
    <Measure ID="44" Sign="">
     <Signs>
      <Sign ID="28" langid="1"><![CDATA[W]]></Sign>
     </Signs>
    </Measure>
    <Name ID="5640836" langid="1" Value="Wireless charging power"/>
   </Feature>
  </ProductFeature>
  <ProductFeature Localized="0" ID="833817740" Local_ID="0" Value="SuperCharge" CategoryFeature_ID="338596" CategoryFeatureGroup_ID="11002" No="100054" Optional="0" Presentation_Value="SuperCharge" Translated="0" Mandatory="0" Searchable="0">
   <LocalValue Value="SuperCharge">
    <Measure ID="29">
     <Signs/>
    </Measure>
   </LocalValue>
   <Feature ID="35273">
    <Measure ID="29" Sign="">
     <Signs/>
    </Measure>
    <Name ID="4015297" langid="1" Value="Fast charging technology"/>
   </Feature>
  </ProductFeature>
  <ProductFeature Localized="0" ID="833817624" Local_ID="0" Value="Adreno 830" CategoryFeature_ID="169461" CategoryFeatureGroup_ID="11002" No="100030" Optional="0" Presentation_Value="Adreno 830" Translated="0" Mandatory="0" Searchable="0">
   <LocalValue Value="Adreno 830">
    <Measure ID="29">
     <Signs/>
    </Measure>
   </LocalValue>
   <Feature ID="614">
    <Measure ID="29" Sign="">
     <Signs/>
    </Measure>
    <Name ID="2759" langid="1" Value="Graphics card"/>
   </Feature>
  </ProductFeature>
  <ProductFeature Localized="0" ID="833817651" Local_ID="0" Value="Y" CategoryFeature_ID="94723" CategoryFeatureGroup_ID="11002" No="100004" Optional="0" Presentation_Value="Yes" Translated="1" Mandatory="0" Searchable="0">
   <LocalValue Value="Yes">
    <Measure ID="26">
     <Signs/>
    </Measure>
   </LocalValue>
   <Feature ID="3577">
    <Measure ID="26" Sign="">
     <Signs/>
    </Measure>
    <Name ID="39580" langid="1" Value="Fingerprint reader"/>
   </Feature>
  </ProductFeature>
  <ProductFeature Localized="0" ID="833817691" Local_ID="0" Value="Y" CategoryFeature_ID="259193" CategoryFeatureGroup_ID="11002" No="100003" Optional="0" Presentation_Value="Yes" Translated="1" Mandatory="0" Searchable="0">
   <LocalValue Value="Yes">
    <Measure ID="26">
     <Signs/>
    </Measure>
   </LocalValue>
   <Feature ID="10935">
    <Measure ID="26" Sign="">
     <Signs/>
    </Measure>
    <Name ID="958198" langid="1" Value="Face recognition"/>
   </Feature>
  </ProductFeature>
  <ProductFeature Localized="0" ID="833817630" Local_ID="0" Value="Stereo" CategoryFeature_ID="54161" CategoryFeatureGroup_ID="11006" No="100000" Optional="0" Presentation_Value="stereo" Translated="1" Mandatory="0" Searchable="0">
   <LocalValue Value="stereo">
    <Measure ID="29">
     <Signs/>
    </Measure>
   </LocalValue>
   <Feature ID="1024">
    <Measure ID="29" Sign="">
     <Signs/>
    </Measure>
    <Name ID="3589" langid="1" Value="Speakers"/>
   </Feature>
  </ProductFeature>
  <ProductFeature Localized="0" ID="833817646" Local_ID="0" Value="3GP,ACC,AMR,FLAC,MIDI,MP3,MP4,OGG,WAV" CategoryFeature_ID="51528" CategoryFeatureGroup_ID="11006" No="99989" Optional="0" Presentation_Value="3GP, ACC, AMR, FLAC, MIDI, MP3, MP4, OGG, WAV" Translated="0" Mandatory="0" Searchable="0">
   <LocalValue Value="3GP, ACC, AMR, FLAC, MIDI, MP3, MP4, OGG, WAV">
    <Measure ID="29">
     <Signs/>
    </Measure>
   </LocalValue>
   <Feature ID="2224">
    <Measure ID="29" Sign="">
     <Signs/>
    </Measure>
    <Name ID="11430" langid="1" Value="Audio formats supported"/>
   </Feature>
  </ProductFeature>
  <ProductFeature Localized="0" ID="833817663" Local_ID="0" Value="3GP,MP4" CategoryFeature_ID="51529" CategoryFeatureGroup_ID="11006" No="99988" Optional="0" Presentation_Value="3GP, MP4" Translated="0" Mandatory="0" Searchable="0">
   <LocalValue Value="3GP, MP4">
    <Measure ID="29">
     <Signs/>
    </Measure>
   </LocalValue>
   <Feature ID="6893">
    <Measure ID="29" Sign="">
     <Signs/>
    </Measure>
    <Name ID="331780" langid="1" Value="Video formats supported"/>
   </Feature>
  </ProductFeature>
  <ProductFeature Localized="0" ID="833817620" Local_ID="0" Value="Android" CategoryFeature_ID="270282" CategoryFeatureGroup_ID="18401" No="10100500" Optional="0" Presentation_Value="Android" Translated="1" Mandatory="1" Searchable="1">
   <LocalValue Value="Android">
    <Measure ID="29">
     <Signs/>
    </Measure>
   </LocalValue>
   <Feature ID="75">
    <Measure ID="29" Sign="">
     <Signs/>
    </Measure>
    <Name ID="1487" langid="1" Value="Platform"/>
   </Feature>
  </ProductFeature>
  <ProductFeature Localized="0" ID="833817649" Local_ID="0" Value="Android 15" CategoryFeature_ID="83499" CategoryFeatureGroup_ID="18401" No="10100495" Optional="0" Presentation_Value="Android 15" Translated="0" Mandatory="1" Searchable="1">
   <LocalValue Value="Android 15">
    <Measure ID="29">
     <Signs/>
    </Measure>
   </LocalValue>
   <Feature ID="3233">
    <Measure ID="29" Sign="">
     <Signs/>
    </Measure>
    <Name ID="30700" langid="1" Value="Operating system installed"/>
   </Feature>
  </ProductFeature>
  <ProductFeature Localized="0" ID="835246348" Local_ID="0" Value="MagicOS 9.0.1" CategoryFeature_ID="897938" CategoryFeatureGroup_ID="18401" No="100495" Optional="0" Presentation_Value="MagicOS 9.0.1" Translated="0" Mandatory="0" Searchable="0">
   <LocalValue Value="MagicOS 9.0.1">
    <Measure ID="29">
     <Signs/>
    </Measure>
   </LocalValue>
   <Feature ID="45080">
    <Measure ID="29" Sign="">
     <Signs/>
    </Measure>
    <Name ID="8139832" langid="1" Value="User interface (UI)"/>
   </Feature>
  </ProductFeature>
  <ProductFeature Localized="0" ID="833817628" Local_ID="0" Value="5820" CategoryFeature_ID="51519" CategoryFeatureGroup_ID="6892" No="10100038" Optional="0" Presentation_Value="5820 mAh" Translated="0" Mandatory="1" Searchable="1">
   <LocalValue Value="5820">
    <Measure ID="51">
     <Signs>
      <Sign ID="35" langid="1"><![CDATA[mAh]]></Sign>
     </Signs>
    </Measure>
   </LocalValue>
   <Feature ID="909">
    <Measure ID="51" Sign="">
     <Signs>
      <Sign ID="35" langid="1"><![CDATA[mAh]]></Sign>
     </Signs>
    </Measure>
    <Name ID="3359" langid="1" Value="Battery capacity"/>
   </Feature>
  </ProductFeature>
  <ProductFeature Localized="0" ID="833817623" Local_ID="0" Value="Lithium Polymer (LiPo)" CategoryFeature_ID="51518" CategoryFeatureGroup_ID="6892" No="100080" Optional="0" Presentation_Value="Lithium Polymer (LiPo)" Translated="1" Mandatory="0" Searchable="0">
   <LocalValue Value="Lithium Polymer (LiPo)">
    <Measure ID="29">
     <Signs/>
    </Measure>
   </LocalValue>
   <Feature ID="434">
    <Measure ID="29" Sign="">
     <Signs/>
    </Measure>
    <Name ID="2235" langid="1" Value="Battery technology"/>
   </Feature>
  </ProductFeature>
  <ProductFeature Localized="0" ID="833817678" Local_ID="0" Value="Y" CategoryFeature_ID="51566" CategoryFeatureGroup_ID="34102" No="100011" Optional="0" Presentation_Value="Yes" Translated="1" Mandatory="0" Searchable="0">
   <LocalValue Value="Yes">
    <Measure ID="26">
     <Signs/>
    </Measure>
   </LocalValue>
   <Feature ID="8698">
    <Measure ID="26" Sign="">
     <Signs/>
    </Measure>
    <Name ID="730603" langid="1" Value="Proximity sensor"/>
   </Feature>
  </ProductFeature>
  <ProductFeature Localized="0" ID="833817685" Local_ID="0" Value="Y" CategoryFeature_ID="57380" CategoryFeatureGroup_ID="34102" No="100011" Optional="0" Presentation_Value="Yes" Translated="1" Mandatory="0" Searchable="0">
   <LocalValue Value="Yes">
    <Measure ID="26">
     <Signs/>
    </Measure>
   </LocalValue>
   <Feature ID="9731">
    <Measure ID="26" Sign="">
     <Signs/>
    </Measure>
    <Name ID="811310" langid="1" Value="Accelerometer"/>
   </Feature>
  </ProductFeature>
  <ProductFeature Localized="0" ID="833817679" Local_ID="0" Value="Y" CategoryFeature_ID="59559" CategoryFeatureGroup_ID="34102" No="100011" Optional="0" Presentation_Value="Yes" Translated="1" Mandatory="0" Searchable="0">
   <LocalValue Value="Yes">
    <Measure ID="26">
     <Signs/>
    </Measure>
   </LocalValue>
   <Feature ID="8720">
    <Measure ID="26" Sign="">
     <Signs/>
    </Measure>
    <Name ID="733782" langid="1" Value="Ambient light sensor"/>
   </Feature>
  </ProductFeature>
  <ProductFeature Localized="0" ID="833817686" Local_ID="0" Value="Y" CategoryFeature_ID="106231" CategoryFeatureGroup_ID="34102" No="100010" Optional="0" Presentation_Value="Yes" Translated="1" Mandatory="0" Searchable="0">
   <LocalValue Value="Yes">
    <Measure ID="26">
     <Signs/>
    </Measure>
   </LocalValue>
   <Feature ID="9732">
    <Measure ID="26" Sign="">
     <Signs/>
    </Measure>
    <Name ID="811351" langid="1" Value="Gyroscope"/>
   </Feature>
  </ProductFeature>
  <ProductFeature Localized="0" ID="833817797" Local_ID="0" Value="Y" CategoryFeature_ID="959784" CategoryFeatureGroup_ID="34102" No="100010" Optional="0" Presentation_Value="Yes" Translated="1" Mandatory="0" Searchable="0">
   <LocalValue Value="Yes">
    <Measure ID="26">
     <Signs/>
    </Measure>
   </LocalValue>
   <Feature ID="48126">
    <Measure ID="26" Sign="">
     <Signs/>
    </Measure>
    <Name ID="9145739" langid="1" Value="Gravity sensor"/>
   </Feature>
  </ProductFeature>
  <ProductFeature Localized="0" ID="833817671" Local_ID="0" Value="Y" CategoryFeature_ID="106232" CategoryFeatureGroup_ID="34102" No="100000" Optional="0" Presentation_Value="Yes" Translated="1" Mandatory="0" Searchable="0">
   <LocalValue Value="Yes">
    <Measure ID="26">
     <Signs/>
    </Measure>
   </LocalValue>
   <Feature ID="7609">
    <Measure ID="26" Sign="">
     <Signs/>
    </Measure>
    <Name ID="590467" langid="1" Value="Barometer"/>
   </Feature>
  </ProductFeature>
  <ProductFeature Localized="0" ID="833817754" Local_ID="0" Value="Y" CategoryFeature_ID="302243" CategoryFeatureGroup_ID="34102" No="100000" Optional="0" Presentation_Value="Yes" Translated="1" Mandatory="0" Searchable="0">
   <LocalValue Value="Yes">
    <Measure ID="26">
     <Signs/>
    </Measure>
   </LocalValue>
   <Feature ID="38333">
    <Measure ID="26" Sign="">
     <Signs/>
    </Measure>
    <Name ID="5267222" langid="1" Value="Hall sensor"/>
   </Feature>
  </ProductFeature>
  <ProductFeature Localized="0" ID="833817774" Local_ID="0" Value="Y" CategoryFeature_ID="335370" CategoryFeatureGroup_ID="34102" No="100000" Optional="0" Presentation_Value="Yes" Translated="1" Mandatory="0" Searchable="0">
   <LocalValue Value="Yes">
    <Measure ID="26">
     <Signs/>
    </Measure>
   </LocalValue>
   <Feature ID="41564">
    <Measure ID="26" Sign="">
     <Signs/>
    </Measure>
    <Name ID="6374043" langid="1" Value="Infrared sensor"/>
   </Feature>
  </ProductFeature>
  <ProductFeature Localized="0" ID="833817777" Local_ID="0" Value="Y" CategoryFeature_ID="338540" CategoryFeatureGroup_ID="34102" No="100000" Optional="0" Presentation_Value="Yes" Translated="1" Mandatory="0" Searchable="0">
   <LocalValue Value="Yes">
    <Measure ID="26">
     <Signs/>
    </Measure>
   </LocalValue>
   <Feature ID="41752">
    <Measure ID="26" Sign="">
     <Signs/>
    </Measure>
    <Name ID="6566173" langid="1" Value="Gesture sensor"/>
   </Feature>
  </ProductFeature>
  <ProductFeature Localized="0" ID="833817803" Local_ID="0" Value="Y" CategoryFeature_ID="974869" CategoryFeatureGroup_ID="81108" No="10100000" Optional="0" Presentation_Value="Yes" Translated="1" Mandatory="0" Searchable="1">
   <LocalValue Value="Yes">
    <Measure ID="26">
     <Signs/>
    </Measure>
   </LocalValue>
   <Feature ID="48505">
    <Measure ID="26" Sign="">
     <Signs/>
    </Measure>
    <Name ID="9200571" langid="1" Value="USB Type-C charging port"/>
   </Feature>
  </ProductFeature>
  <ProductFeature Localized="0" ID="833817673" Local_ID="0" Value="IP58, IP59" CategoryFeature_ID="81142" CategoryFeatureGroup_ID="82700" No="100038" Optional="0" Presentation_Value="IP58, IP59" Translated="0" Mandatory="1" Searchable="0">
   <LocalValue Value="IP58, IP59">
    <Measure ID="29">
     <Signs/>
    </Measure>
   </LocalValue>
   <Feature ID="7900">
    <Measure ID="29" Sign="">
     <Signs/>
    </Measure>
    <Name ID="610776" langid="1" Value="International Protection (IP) code"/>
   </Feature>
  </ProductFeature>
  <ProductFeature Localized="0" ID="833817621" Local_ID="0" Value="217" CategoryFeature_ID="51491" CategoryFeatureGroup_ID="6881" No="10100007" Optional="0" Presentation_Value="217 g" Translated="0" Mandatory="1" Searchable="1">
   <LocalValue Value="217">
    <Measure ID="38">
     <Signs>
      <Sign ID="22" langid="1"><![CDATA[g]]></Sign>
     </Signs>
    </Measure>
   </LocalValue>
   <Feature ID="94">
    <Measure ID="38" Sign="">
     <Signs>
      <Sign ID="22" langid="1"><![CDATA[g]]></Sign>
     </Signs>
    </Measure>
    <Name ID="1525" langid="1" Value="Weight"/>
   </Feature>
  </ProductFeature>
  <ProductFeature Localized="0" ID="833817637" Local_ID="0" Value="145.9" CategoryFeature_ID="51488" CategoryFeatureGroup_ID="6881" No="100010" Optional="0" Presentation_Value="145.9 mm" Translated="0" Mandatory="0" Searchable="0">
   <LocalValue Value="145.9">
    <Measure ID="24">
     <Signs>
      <Sign ID="3" langid="1"><![CDATA[mm]]></Sign>
     </Signs>
    </Measure>
   </LocalValue>
   <Feature ID="1649">
    <Measure ID="24" Sign="">
     <Signs>
      <Sign ID="3" langid="1"><![CDATA[mm]]></Sign>
     </Signs>
    </Measure>
    <Name ID="5143" langid="1" Value="Width"/>
   </Feature>
  </ProductFeature>
  <ProductFeature Localized="0" ID="833817638" Local_ID="0" Value="4.1" CategoryFeature_ID="51489" CategoryFeatureGroup_ID="6881" No="100009" Optional="0" Presentation_Value="4.1 mm" Translated="0" Mandatory="0" Searchable="0">
   <LocalValue Value="4.1">
    <Measure ID="24">
     <Signs>
      <Sign ID="3" langid="1"><![CDATA[mm]]></Sign>
     </Signs>
    </Measure>
   </LocalValue>
   <Feature ID="1650">
    <Measure ID="24" Sign="">
     <Signs>
      <Sign ID="3" langid="1"><![CDATA[mm]]></Sign>
     </Signs>
    </Measure>
    <Name ID="5145" langid="1" Value="Depth"/>
   </Feature>
  </ProductFeature>
  <ProductFeature Localized="0" ID="833817633" Local_ID="0" Value="156.8" CategoryFeature_ID="51490" CategoryFeatureGroup_ID="6881" No="100008" Optional="0" Presentation_Value="156.8 mm" Translated="0" Mandatory="0" Searchable="0">
   <LocalValue Value="156.8">
    <Measure ID="24">
     <Signs>
      <Sign ID="3" langid="1"><![CDATA[mm]]></Sign>
     </Signs>
    </Measure>
   </LocalValue>
   <Feature ID="1464">
    <Measure ID="24" Sign="">
     <Signs>
      <Sign ID="3" langid="1"><![CDATA[mm]]></Sign>
     </Signs>
    </Measure>
    <Name ID="4625" langid="1" Value="Height"/>
   </Feature>
  </ProductFeature>
  <ProductFeature Localized="0" ID="833817689" Local_ID="0" Value="74.3" CategoryFeature_ID="309356" CategoryFeatureGroup_ID="6881" No="100007" Optional="0" Presentation_Value="7.43 cm" Translated="0" Mandatory="0" Searchable="0">
   <LocalValue Value="7.43">
    <Measure ID="34">
     <Signs>
      <Sign ID="18" langid="1"><![CDATA[cm]]></Sign>
     </Signs>
    </Measure>
   </LocalValue>
   <Feature ID="10103">
    <Measure ID="24" Sign="">
     <Signs>
      <Sign ID="3" langid="1"><![CDATA[mm]]></Sign>
     </Signs>
    </Measure>
    <Name ID="874372" langid="1" Value="Folded width"/>
   </Feature>
  </ProductFeature>
  <ProductFeature Localized="0" ID="833817688" Local_ID="0" Value="8.8" CategoryFeature_ID="309357" CategoryFeatureGroup_ID="6881" No="100006" Optional="0" Presentation_Value="8.8 mm" Translated="0" Mandatory="0" Searchable="0">
   <LocalValue Value="8.8">
    <Measure ID="24">
     <Signs>
      <Sign ID="3" langid="1"><![CDATA[mm]]></Sign>
     </Signs>
    </Measure>
   </LocalValue>
   <Feature ID="10101">
    <Measure ID="24" Sign="">
     <Signs>
      <Sign ID="3" langid="1"><![CDATA[mm]]></Sign>
     </Signs>
    </Measure>
    <Name ID="874288" langid="1" Value="Folded depth"/>
   </Feature>
  </ProductFeature>
  <ProductFeature Localized="0" ID="833817655" Local_ID="0" Value="198" CategoryFeature_ID="256200" CategoryFeatureGroup_ID="6881" No="99999" Optional="0" Presentation_Value="198 mm" Translated="0" Mandatory="0" Searchable="0">
   <LocalValue Value="198">
    <Measure ID="24">
     <Signs>
      <Sign ID="3" langid="1"><![CDATA[mm]]></Sign>
     </Signs>
    </Measure>
   </LocalValue>
   <Feature ID="3808">
    <Measure ID="24" Sign="">
     <Signs>
      <Sign ID="3" langid="1"><![CDATA[mm]]></Sign>
     </Signs>
    </Measure>
    <Name ID="44095" langid="1" Value="Package width"/>
   </Feature>
  </ProductFeature>
  <ProductFeature Localized="0" ID="833817653" Local_ID="0" Value="56" CategoryFeature_ID="256201" CategoryFeatureGroup_ID="6881" No="99998" Optional="0" Presentation_Value="56 mm" Translated="0" Mandatory="0" Searchable="0">
   <LocalValue Value="56">
    <Measure ID="24">
     <Signs>
      <Sign ID="3" langid="1"><![CDATA[mm]]></Sign>
     </Signs>
    </Measure>
   </LocalValue>
   <Feature ID="3806">
    <Measure ID="24" Sign="">
     <Signs>
      <Sign ID="3" langid="1"><![CDATA[mm]]></Sign>
     </Signs>
    </Measure>
    <Name ID="44061" langid="1" Value="Package depth"/>
   </Feature>
  </ProductFeature>
  <ProductFeature Localized="0" ID="833817654" Local_ID="0" Value="190" CategoryFeature_ID="256202" CategoryFeatureGroup_ID="6881" No="99997" Optional="0" Presentation_Value="190 mm" Translated="0" Mandatory="0" Searchable="0">
   <LocalValue Value="190">
    <Measure ID="24">
     <Signs>
      <Sign ID="3" langid="1"><![CDATA[mm]]></Sign>
     </Signs>
    </Measure>
   </LocalValue>
   <Feature ID="3807">
    <Measure ID="24" Sign="">
     <Signs>
      <Sign ID="3" langid="1"><![CDATA[mm]]></Sign>
     </Signs>
    </Measure>
    <Name ID="44078" langid="1" Value="Package height"/>
   </Feature>
  </ProductFeature>
  <ProductFeature Localized="0" ID="833817626" Local_ID="0" Value="710" CategoryFeature_ID="256203" CategoryFeatureGroup_ID="6881" No="99996" Optional="0" Presentation_Value="710 g" Translated="0" Mandatory="0" Searchable="0">
   <LocalValue Value="710">
    <Measure ID="38">
     <Signs>
      <Sign ID="22" langid="1"><![CDATA[g]]></Sign>
     </Signs>
    </Measure>
   </LocalValue>
   <Feature ID="762">
    <Measure ID="38" Sign="">
     <Signs>
      <Sign ID="22" langid="1"><![CDATA[g]]></Sign>
     </Signs>
    </Measure>
    <Name ID="3055" langid="1" Value="Package weight"/>
   </Feature>
  </ProductFeature>
  <ProductFeature Localized="0" ID="833817632" Local_ID="0" Value="N" CategoryFeature_ID="106235" CategoryFeatureGroup_ID="6933" No="100007" Optional="0" Presentation_Value="No" Translated="1" Mandatory="1" Searchable="0">
   <LocalValue Value="No">
    <Measure ID="26">
     <Signs/>
    </Measure>
   </LocalValue>
   <Feature ID="1230">
    <Measure ID="26" Sign="">
     <Signs/>
    </Measure>
    <Name ID="4001" langid="1" Value="AC adapter included"/>
   </Feature>
  </ProductFeature>
  <ProductFeature Localized="0" ID="833817656" Local_ID="0" Value="Y" CategoryFeature_ID="51757" CategoryFeatureGroup_ID="6933" No="100006" Optional="0" Presentation_Value="Yes" Translated="1" Mandatory="0" Searchable="0">
   <LocalValue Value="Yes">
    <Measure ID="26">
     <Signs/>
    </Measure>
   </LocalValue>
   <Feature ID="3981">
    <Measure ID="26" Sign="">
     <Signs/>
    </Measure>
    <Name ID="56096" langid="1" Value="Quick start guide"/>
   </Feature>
  </ProductFeature>
  <ProductFeature Localized="0" ID="833817657" Local_ID="0" Value="Y" CategoryFeature_ID="79959" CategoryFeatureGroup_ID="6933" No="100003" Optional="0" Presentation_Value="Yes" Translated="1" Mandatory="0" Searchable="0">
   <LocalValue Value="Yes">
    <Measure ID="26">
     <Signs/>
    </Measure>
   </LocalValue>
   <Feature ID="4023">
    <Measure ID="26" Sign="">
     <Signs/>
    </Measure>
    <Name ID="56154" langid="1" Value="Warranty card"/>
   </Feature>
  </ProductFeature>
  <ProductFeature Localized="0" ID="833817642" Local_ID="0" Value="USB Type-C" CategoryFeature_ID="55071" CategoryFeatureGroup_ID="6933" No="100000" Optional="0" Presentation_Value="USB Type-C" Translated="1" Mandatory="0" Searchable="0">
   <LocalValue Value="USB Type-C">
    <Measure ID="29">
     <Signs/>
    </Measure>
   </LocalValue>
   <Feature ID="1830">
    <Measure ID="29" Sign="">
     <Signs/>
    </Measure>
    <Name ID="5653" langid="1" Value="Cables included"/>
   </Feature>
  </ProductFeature>
  <ProductFeature Localized="0" ID="833817738" Local_ID="0" Value="Y" CategoryFeature_ID="245765" CategoryFeatureGroup_ID="6933" No="100000" Optional="0" Presentation_Value="Yes" Translated="1" Mandatory="0" Searchable="0">
   <LocalValue Value="Yes">
    <Measure ID="26">
     <Signs/>
    </Measure>
   </LocalValue>
   <Feature ID="35264">
    <Measure ID="26" Sign="">
     <Signs/>
    </Measure>
    <Name ID="4011630" langid="1" Value="SIM card ejector pin"/>
   </Feature>
  </ProductFeature>
  <ProductFeature Localized="0" ID="833817706" Local_ID="0" Value="Y" CategoryFeature_ID="256198" CategoryFeatureGroup_ID="6933" No="100000" Optional="0" Presentation_Value="Yes" Translated="1" Mandatory="0" Searchable="0">
   <LocalValue Value="Yes">
    <Measure ID="26">
     <Signs/>
    </Measure>
   </LocalValue>
   <Feature ID="20912">
    <Measure ID="26" Sign="">
     <Signs/>
    </Measure>
    <Name ID="1651707" langid="1" Value="Protective case"/>
   </Feature>
  </ProductFeature>
  <ProductGallery>
   <ProductPicture IsMain="Y" LowPic="https://images.icecat.biz/img/gallery_lows/532902c715a3873d364d13d33bab470e45075072.jpg" LowPicHeight="200" LowPicWidth="159" LowSize="22642" No="1" Original="https://images.icecat.biz/img/gallery_raw/07e62e97e7c8b3a15f581f985cdc0bec01c23456.webp" OriginalSize="42200" Pic="https://images.icecat.biz/img/gallery/e66c3065c193533e6dff45b1b6f237bfb9acf575.jpg" Pic500x500="https://images.icecat.biz/img/gallery_mediums/0670c015fe2c07abf0aca57a5fdbffd7836150e3.jpg" Pic500x500Height="500" Pic500x500Size="98079" Pic500x500Width="397" PicHeight="701" PicWidth="557" ProductPicture_ID="115951608" Size="169583" ThumbPic="https://images.icecat.biz/img/gallery_thumbs/59c03dffed2133a3129149c160c91bc12aa5174b.jpg" ThumbSize="5158" Type="ProductImage" UpdatedDate="2025-08-29 16:27:04"/>
   <ProductPicture LowPic="https://images.icecat.biz/img/gallery_lows/9eb2ec8d74decd3e2a5fbdc6ef8e76b5d5ede19e.jpg" LowPicHeight="200" LowPicWidth="188" LowSize="25348" No="2" Original="https://images.icecat.biz/img/gallery_raw/4458765e07b5e93515bcd8938dfe23b6af7885b6.webp" OriginalSize="44730" Pic="https://images.icecat.biz/img/gallery/3313e6a6014afddb759b9f94af16d5984507b342.jpg" Pic500x500="https://images.icecat.biz/img/gallery_mediums/bfcaaf9582f4372f6edf5f59c2f0a80bc9667c5d.jpg" Pic500x500Height="500" Pic500x500Size="110568" Pic500x500Width="469" PicHeight="705" PicWidth="661" ProductPicture_ID="115951610" Size="199392" ThumbPic="https://images.icecat.biz/img/gallery_thumbs/36fab305269383d114f0507d91957b9c7c49443f.jpg" ThumbSize="5991" Type="ProductImage" UpdatedDate="2025-08-29 16:27:08"/>
   <ProductPicture LowPic="https://images.icecat.biz/img/gallery_lows/813624565df9fae3443d7c226a931c026389f29e.jpg" LowPicHeight="200" LowPicWidth="200" LowSize="33746" No="3" Original="https://images.icecat.biz/img/gallery_raw/82fb7755ee5f17fc66ddfd2ea322cf0680dfecf5.webp" OriginalSize="110904" Pic="https://images.icecat.biz/img/gallery/ac8bed4788a96c023763e67358938c91cf2b50ec.jpg" Pic500x500="https://images.icecat.biz/img/gallery_mediums/55e9368e4a76180174649500b2d0bd11c7b60e38.jpg" Pic500x500Height="500" Pic500x500Size="166668" Pic500x500Width="500" PicHeight="800" PicWidth="800" ProductPicture_ID="115951613" Size="352047" ThumbPic="https://images.icecat.biz/img/gallery_thumbs/5129e7c8c00906e6fc801cefa4466b3dc6938860.jpg" ThumbSize="6854" Type="ProductImage" UpdatedDate="2025-08-29 16:26:47"/>
   <ProductPicture LowPic="https://images.icecat.biz/img/gallery_lows/12a5d227272afc51798d84b2e76d61cb93f156f0.jpg" LowPicHeight="200" LowPicWidth="146" LowSize="19953" No="4" Original="https://images.icecat.biz/img/gallery_raw/dd5d36d0960b611277c4b291e66621c380629496.webp" OriginalSize="37288" Pic="https://images.icecat.biz/img/gallery/027602512846e3cd9fe506f8d25c7bab2f55538f.jpg" Pic500x500="https://images.icecat.biz/img/gallery_mediums/52314367b45ecbd127e558f779fe1aa8325814c5.jpg" Pic500x500Height="500" Pic500x500Size="86969" Pic500x500Width="366" PicHeight="704" PicWidth="515" ProductPicture_ID="115951647" Size="144602" ThumbPic="https://images.icecat.biz/img/gallery_thumbs/5777ae4a48b1fd2d13636c91bd4bcc04bd675b2e.jpg" ThumbSize="4870" Type="ProductImage" UpdatedDate="2025-08-29 16:27:14"/>
   <ProductPicture LowPic="https://images.icecat.biz/img/gallery_lows/2df95bf62aa068577dd9b527e5f53fc1785c10e0.jpg" LowPicHeight="200" LowPicWidth="150" LowSize="24514" No="5" Original="https://images.icecat.biz/img/gallery_raw/64702d8a9a817fc80ee4a96fb8fc868a02425a2e.webp" OriginalSize="66464" Pic="https://images.icecat.biz/img/gallery/ab5a858cfda44cd0e606508b753bcec83732a0ed.jpg" Pic500x500="https://images.icecat.biz/img/gallery_mediums/604039961f7abfef451725c99ac6ce55cbf76d1d.jpg" Pic500x500Height="500" Pic500x500Size="117499" Pic500x500Width="375" PicHeight="733" PicWidth="550" ProductPicture_ID="115951649" Size="229700" ThumbPic="https://images.icecat.biz/img/gallery_thumbs/79431edddebad4c0a2c5262ae461cd1fb7306da0.jpg" ThumbSize="5323" Type="ProductImage" UpdatedDate="2025-08-29 16:27:18"/>
   <ProductPicture LowPic="https://images.icecat.biz/img/gallery_lows/a6b9ebaeb5418093e074edfe33b508b3e0b3fd6e.jpg" LowPicHeight="85" LowPicWidth="200" LowSize="12522" No="6" Original="https://images.icecat.biz/img/gallery_raw/89613393c0246c36edf3088bfd01d7d0ef67aa4e.webp" OriginalSize="32482" Pic="https://images.icecat.biz/img/gallery/b103fa73123e9a38756ab9cd29bfb96e135b85bd.jpg" Pic500x500="https://images.icecat.biz/img/gallery_mediums/ceb96dc004d11b29ccd502767ee6dea8abfa8f80.jpg" Pic500x500Height="213" Pic500x500Size="53989" Pic500x500Width="500" PicHeight="333" PicWidth="783" ProductPicture_ID="115951651" Size="111225" ThumbPic="https://images.icecat.biz/img/gallery_thumbs/943437a3641c8965cbf47cb321d317e1b498641f.jpg" ThumbSize="3314" Type="ProductImage" UpdatedDate="2025-08-29 16:27:22"/>
   <ProductPicture LowPic="https://images.icecat.biz/img/gallery_lows/9d52f5e23d336fdb67d3ee8d229d35da7bc9e909.jpg" LowPicHeight="200" LowPicWidth="91" LowSize="9920" No="7" Original="https://images.icecat.biz/img/gallery_raw/05a164a40ba643d89bb4e414e32c0f6dd8f4ab45.webp" OriginalSize="14148" Pic="https://images.icecat.biz/img/gallery/cdbb8fe2e380ece2b73f2bfbdaec520f763a0460.jpg" Pic500x500="https://images.icecat.biz/img/gallery_mediums/826699adccec7d63a3e0d8a3f2bbbffe6f922c5f.jpg" Pic500x500Height="500" Pic500x500Size="38291" Pic500x500Width="228" PicHeight="704" PicWidth="321" ProductPicture_ID="115951609" Size="60954" ThumbPic="https://images.icecat.biz/img/gallery_thumbs/49b0f4e97cd46d7aeb3766a8e64495fbf1ac9645.jpg" ThumbSize="3021" Type="ProductImage" UpdatedDate="2025-08-29 16:27:25"/>
   <ProductPicture LowPic="https://images.icecat.biz/img/gallery_lows/d4a84cd3780293204fb72dc4700253623e80589a.jpg" LowPicHeight="200" LowPicWidth="104" LowSize="10706" No="8" Original="https://images.icecat.biz/img/gallery_raw/be734aafc59d21a209eabdf046ad4d5ca87b34d2.webp" OriginalSize="14308" Pic="https://images.icecat.biz/img/gallery/9252aef4c4a1e2ac534745c836ede8a1c132765e.jpg" Pic500x500="https://images.icecat.biz/img/gallery_mediums/6591692d3a84947c0954acaeae61b493b4f53d23.jpg" Pic500x500Height="500" Pic500x500Size="40779" Pic500x500Width="260" PicHeight="705" PicWidth="367" ProductPicture_ID="115951652" Size="68284" ThumbPic="https://images.icecat.biz/img/gallery_thumbs/cbd88b6e3a0ff03dd00e340c11804c2649f8d4b7.jpg" ThumbSize="3081" Type="ProductImage" UpdatedDate="2025-08-29 16:27:29"/>
   <ProductPicture LowPic="https://images.icecat.biz/img/gallery_lows/edde1b5f8cedc446f2d36a6d329874d6e7f34dfe.jpg" LowPicHeight="200" LowPicWidth="104" LowSize="16162" No="9" Original="https://images.icecat.biz/img/gallery_raw/dddbb9eacc100d6f7db9c44d3495da2a1659d8fa.webp" OriginalSize="35390" Pic="https://images.icecat.biz/img/gallery/37478cbe6437a17e22e6f00c70f49fb179b4f3fb.jpg" Pic500x500="https://images.icecat.biz/img/gallery_mediums/fda5f1371a957c0806783de1ca35042d9aed4687.jpg" Pic500x500Height="500" Pic500x500Size="77399" Pic500x500Width="259" PicHeight="705" PicWidth="365" ProductPicture_ID="115951655" Size="134649" ThumbPic="https://images.icecat.biz/img/gallery_thumbs/20428454c10f6f1df6904140ebd874350dee4a37.jpg" ThumbSize="3992" Type="ProductImage" UpdatedDate="2025-08-29 16:27:32"/>
   <ProductPicture LowPic="https://images.icecat.biz/img/gallery_lows/dcd227f718115f07bcf1dca9e6bdc67daa21bca4.jpg" LowPicHeight="46" LowPicWidth="200" LowSize="3427" No="10" Original="https://images.icecat.biz/img/gallery_raw/6238e9e005ba203c5e979357200db80443a89f34.webp" OriginalSize="6496" Pic="https://images.icecat.biz/img/gallery/5bcacf102596fcb258d9f8651f668630d9a9c128.jpg" Pic500x500="https://images.icecat.biz/img/gallery_mediums/e9c3fe4bd1995dc5bf56c02b2e257478ad658f10.jpg" Pic500x500Height="114" Pic500x500Size="11153" Pic500x500Width="500" PicHeight="200" PicWidth="877" ProductPicture_ID="115951612" Size="25865" ThumbPic="https://images.icecat.biz/img/gallery_thumbs/1fe917b40d313e3344b7bbafd5860400a32c31d1.jpg" ThumbSize="1264" Type="ProductImage" UpdatedDate="2025-08-29 16:27:45"/>
   <ProductPicture LowPic="https://images.icecat.biz/img/gallery_lows/1c9f0931a57c0c4972ee727edde71e7a099ec1a6.jpg" LowPicHeight="200" LowPicWidth="46" LowSize="3600" No="11" Original="https://images.icecat.biz/img/gallery_raw/9915204d251919c84864a9d6bbc4c1dba4afa8af.webp" OriginalSize="5872" Pic="https://images.icecat.biz/img/gallery/58f6699628e85fee06bd150d90a316504d8692f7.jpg" Pic500x500="https://images.icecat.biz/img/gallery_mediums/f546e8cf37b10e80c0e946942d3e18142649454b.jpg" Pic500x500Height="500" Pic500x500Size="13435" Pic500x500Width="116" PicHeight="861" PicWidth="200" ProductPicture_ID="115951654" Size="28665" ThumbPic="https://images.icecat.biz/img/gallery_thumbs/e42f1735f201f26f49003416bc539e02369f143d.jpg" ThumbSize="1265" Type="ProductImage" UpdatedDate="2025-08-29 16:27:55"/>
   <ProductPicture LowPic="" LowPicHeight="0" LowPicWidth="0" LowSize="0" No="999" Original="" OriginalSize="0" Pic="https://images.icecat.biz/img/feature_logo/1242-3899.png" Pic500x500="" Pic500x500Height="0" Pic500x500Size="0" Pic500x500Width="0" PicHeight="0" PicWidth="0" ProductPicture_ID="4307268537" Size="0" ThumbPic="https://images.icecat.biz/img/feature_logo_thumbs/1242-3899.png" ThumbSize="0" Type="FeatureLogo" UpdatedDate="" langid="1"/>
  </ProductGallery>
  <ProductMultimediaObject>
   <MultimediaObject ContentType="application/pdf" Date="2025-09-09 11:33:49" Description="Generated PDF" KeepAsURL="0" MultimediaObject_ID="0" Type="leaflet" UUID="00000000-0000-0000-0000-000000000000" langid="1" Height="0" PreviewHeight="0" PreviewSize="0" PreviewUrl="" PreviewWidth="0" Size="0" URL="https://icecat.biz/rest/product-pdf?productId=134499969&amp;lang=en" Width="0"/>
  </ProductMultimediaObject>
  <ProductRelated/>
  <SummaryDescription>
   <ShortSummaryDescription langid="1">Honor Magic V5, 20.2 cm (7.95&quot;), 16 GB, 512 GB, 50 MP, Android 15, White</ShortSummaryDescription>
   <LongSummaryDescription langid="1">Honor Magic V5. Display diagonal: 20.2 cm (7.95&quot;), Display resolution: 2352 x 2172 pixels. Processor family: Qualcomm Snapdragon, Processor model: 8 Elite. RAM capacity: 16 GB, Internal storage capacity: 512 GB. Rear camera resolution (numeric): 50 MP, Rear camera type: Triple camera. SIM card capability: Dual SIM. Operating system installed: Android 15. Battery capacity: 5820 mAh. Product colour: White. Weight: 217 g</LongSummaryDescription>
  </SummaryDescription>
  <Supplier ID="12550" Name="Honor"/>
  <CatalogObjectCloud>
   <ProductPage QRCodeURL="https://qr.icecat.biz/coc/d595c248-11bf-47e0-950e-28a37e3dbec6" URL="https://coc.icecat.biz/d595c248-11bf-47e0-950e-28a37e3dbec6"/>
  </CatalogObjectCloud>
  <BrandOrganizations>
   <BrandOwner>
    <Organization ID="8ca6f4fc-f00e-4bf6-8447-8e2034125678" Name="Honor Device Co., Ltd." CountryCode="CN" State="" City="Shenzhen City" Street="Hongli West Road, Xiangmihu Street, Futian District" HouseNumber="No.8089" ZIP="">
     <URLs>
      <URL>https://agreement.itsec.honor.com/asm/agrFile/getHtmlFile?agrNo=1101&amp;country=global&amp;branchId=0&amp;langCode=en-us</URL>
     </URLs>
     <Emails/>
    </Organization>
   </BrandOwner>
   <Licensees/>
   <Representatives>
    <Representative ID="172489241077481791">
     <Organization ID="189e8951-8875-4f12-bffd-b8415352e66a" Name="Honor Technologies Germany GmbH" CountryCode="DE" State="" City="Düsseldorf" Street="Toulouser Allee" HouseNumber="27" ZIP="D-40211">
      <URLs>
       <URL>https://www.honor.com/de/legal/</URL>
      </URLs>
      <Emails/>
     </Organization>
    </Representative>
   </Representatives>
  </BrandOrganizations>
 </Product>
</ICECAT-interface>
