<?xml version="1.0" encoding="UTF-8"?>
<!DOCTYPE ICECAT-interface SYSTEM "https://data.icecat.biz/dtd/ICECAT-interface_response.dtd">
<!--source: Icecat.biz 2025-->
<!--Language ID: 1-->
<!--Version: v2-->
<ICECAT-interface xmlns:xsi="http://www.w3.org/2001/XMLSchema-instance" xsi:noNamespaceSchemaLocation="https://data.icecat.biz/xsd/ICECAT-interface_response.xsd">
 <Product Code="1" HighPic="https://inishop.com/img/gallery/0e1452018575a08f766b7f13f0d7304031f81382.jpg" HighPicHeight="617" HighPicSize="67862" HighPicWidth="378" ID="93566808" LowPic="https://inishop.com/img/gallery_lows/e1dd5ff1dba3ed10370973803b379debf6babd14.jpg" LowPicHeight="200" LowPicSize="12320" LowPicWidth="123" Name="hydrating nude lipstick" IntName="hydrating nude" LocalName="hydrating nude lipstick" Pic500x500="https://inishop.com/img/gallery_mediums/13c9beeb75d88dacb662c9699a26026f646f8e67.jpg" Pic500x500Height="500" Pic500x500Size="47813" Pic500x500Width="306" Prod_id="932366" Quality="ICECAT" ReleaseDate="" ThumbPic="https://inishop.com/img/gallery_thumbs/a66911ec426aa5827c6d628fe7e08da87d3b2517.jpg" ThumbPicSize="3459" Title="Essence hydrating nude lipstick" GeneratedIntTitle="Essence hydrating nude" GeneratedLocalTitle="Essence hydrating nude 3.5 g 303 DELICATE Sheer" BrandLocalTitle="Essence hydrating nude lipstick">
  <CategoryFeatureGroup ID="19757" No="0">
   <FeatureGroup ID="0">
    <Name ID="5073" langid="1" Value="Technical details"/>
   </FeatureGroup>
  </CategoryFeatureGroup>
  <CategoryFeatureGroup ID="12077" No="-10">
   <FeatureGroup ID="14">
    <Name ID="5023" langid="1" Value="Weight &amp; dimensions"/>
   </FeatureGroup>
  </CategoryFeatureGroup>
  <CategoryFeatureGroup ID="76612" No="0">
   <FeatureGroup ID="67">
    <Name ID="27423" langid="1" Value="Packaging data"/>
   </FeatureGroup>
  </CategoryFeatureGroup>
  <CategoryFeatureGroup ID="43452" No="0">
   <FeatureGroup ID="76">
    <Name ID="28540" langid="1" Value="Certificates"/>
   </FeatureGroup>
  </CategoryFeatureGroup>
  <CategoryFeatureGroup ID="15807" No="-30">
   <FeatureGroup ID="116">
    <Name ID="78852" langid="1" Value="Packaging content"/>
   </FeatureGroup>
  </CategoryFeatureGroup>
  <CategoryFeatureGroup ID="55448" No="0">
   <FeatureGroup ID="143">
    <Name ID="618812" langid="1" Value="Battery"/>
   </FeatureGroup>
  </CategoryFeatureGroup>
  <CategoryFeatureGroup ID="26280" No="0">
   <FeatureGroup ID="146">
    <Name ID="624346" langid="1" Value="Other features"/>
   </FeatureGroup>
  </CategoryFeatureGroup>
  <CategoryFeatureGroup ID="12078" No="100">
   <FeatureGroup ID="185">
    <Name ID="1219853" langid="1" Value="Features"/>
   </FeatureGroup>
  </CategoryFeatureGroup>
  <CategoryFeatureGroup ID="28210" No="-40">
   <FeatureGroup ID="198">
    <Name ID="1788927" langid="1" Value="Logistics data"/>
   </FeatureGroup>
  </CategoryFeatureGroup>
  <CategoryFeatureGroup ID="61974" No="0">
   <FeatureGroup ID="232">
    <Name ID="3464238" langid="1" Value="Supplier features"/>
   </FeatureGroup>
  </CategoryFeatureGroup>
  <CategoryFeatureGroup ID="77427" No="0">
   <FeatureGroup ID="279">
    <Name ID="7392238" langid="1" Value="Sustainability"/>
   </FeatureGroup>
  </CategoryFeatureGroup>
  <Category ID="3005">
   <Name ID="3729538" langid="1" Value="Lipsticks"/>
  </Category>
  <EANCode EAN="4059729323668" Format="GTIN-13" IsApproved="1"/>
  <FeatureLogo ID="604" Feature_ID="42513" Value="Good for vegan" LogoPic="https://inishop.com/img/feature_logo/604-9536.png" Width="300" Height="300" Size="0">
   <Descriptions>
    <Description ID="3097" langid="1">Good for vegan</Description>
   </Descriptions>
   <FeatureLogoFeatures>
    <FeatureLogoFeature ID="42513">
     <FeatureLogoValues>
      <FeatureLogoValue ID="2394">Good for vegan</FeatureLogoValue>
     </FeatureLogoValues>
    </FeatureLogoFeature>
   </FeatureLogoFeatures>
  </FeatureLogo>
  <ReleaseDate/>
  <EndOfLifeDate/>
  <ReasonsToBuy/>
  <BulletPoints>
   <BulletPoint Value="The lipstick provides intensive moisture &amp; nourishes the lips with castor oil &amp; shea butter" langid="1" No="1"/>
   <BulletPoint Value="The gorgeous nude shades create a natural look that suits every occasion &amp; style" langid="1" No="2"/>
   <BulletPoint Value="For super-smooth and soft lips" langid="1" No="3"/>
  </BulletPoints>
  <GeneratedBulletPoints>
   <GeneratedBulletPoint Value="Nude 303 1 colours" langid="1" No="1"/>
   <GeneratedBulletPoint Value="Finishing: Sheer" langid="1" No="2"/>
   <GeneratedBulletPoint Value="Substance: Cream" langid="1" No="3"/>
   <GeneratedBulletPoint Value="Lipstick effect: Coloring, Moisturizing, Smoothing" langid="1" No="4"/>
   <GeneratedBulletPoint Value="Constitutive ingredients: Shea butter" langid="1" No="5"/>
  </GeneratedBulletPoints>
  <ProductBundled/>
  <ProductDescription ID="104037665" LongDesc="A beauty all-rounder that totally belongs in every handbag: the hydrating nude lipstick nourishes the lips with castor oil and shea butter, doesn't contain silicones or alcohol and is proven to provide moisture. It gives the look a natural finish and is perfect for any outfit, skin tone and occasion – and it's the ultimate everyday beauty favourite. For an extra precision look, there’s a matching soft &amp; precise lipliner with an identical number for each shade.&lt;br&gt;" ManualPDFSize="0" ManualPDFURL="" MiddleDesc="" PDFSize="0" PDFURL="" ShortDesc="hydrating nude lipstick 303 - DELICATE, 3.5 g" URL="https://www.essence.eu/en-za/p/932366/hydrating-nude-lipstick" WarrantyInfo="" langid="1"/>
  <ProductFeature Localized="0" ID="433764324" Local_ID="0" Value="Nude" CategoryFeature_ID="105224" CategoryFeatureGroup_ID="12078" No="10100060" Optional="0" Presentation_Value="Nude" Translated="1" Mandatory="1" Searchable="1">
   <LocalValue Value="Nude">
    <Measure ID="29">
     <Signs/>
    </Measure>
   </LocalValue>
   <Feature ID="17357">
    <Measure ID="29" Sign="">
     <Signs/>
    </Measure>
    <Name ID="1238438" langid="1" Value="Colour group"/>
   </Feature>
  </ProductFeature>
  <ProductFeature Localized="0" ID="433764325" Local_ID="0" Value="303" CategoryFeature_ID="105225" CategoryFeatureGroup_ID="12078" No="100049" Optional="0" Presentation_Value="303" Translated="0" Mandatory="1" Searchable="0">
   <LocalValue Value="303">
    <Measure ID="29">
     <Signs/>
    </Measure>
   </LocalValue>
   <Feature ID="17540">
    <Measure ID="29" Sign="">
     <Signs/>
    </Measure>
    <Name ID="1246677" langid="1" Value="Colour code"/>
   </Feature>
  </ProductFeature>
  <ProductFeature Localized="0" ID="433764327" Local_ID="0" Value="DELICATE" CategoryFeature_ID="105226" CategoryFeatureGroup_ID="12078" No="100048" Optional="0" Presentation_Value="DELICATE" Translated="0" Mandatory="1" Searchable="0">
   <LocalValue Value="DELICATE">
    <Measure ID="29">
     <Signs/>
    </Measure>
   </LocalValue>
   <Feature ID="17956">
    <Measure ID="29" Sign="">
     <Signs/>
    </Measure>
    <Name ID="1296400" langid="1" Value="Colour name"/>
   </Feature>
  </ProductFeature>
  <ProductFeature Localized="0" ID="433764331" Local_ID="0" Value="1" CategoryFeature_ID="145622" CategoryFeatureGroup_ID="12078" No="100045" Optional="0" Presentation_Value="1 colours" Translated="0" Mandatory="1" Searchable="0">
   <LocalValue Value="1">
    <Measure ID="375">
     <Signs>
      <Sign ID="30608" langid="1"><![CDATA[colours]]></Sign>
     </Signs>
    </Measure>
   </LocalValue>
   <Feature ID="3530">
    <Measure ID="375" Sign="">
     <Signs>
      <Sign ID="30608" langid="1"><![CDATA[colours]]></Sign>
     </Signs>
    </Measure>
    <Name ID="33892" langid="1" Value="Number of colours"/>
   </Feature>
  </ProductFeature>
  <ProductFeature Localized="0" ID="433764351" Local_ID="0" Value="Coloring,Moisturizing,Smoothing" CategoryFeature_ID="145874" CategoryFeatureGroup_ID="12078" No="100037" Optional="0" Presentation_Value="Coloring, Moisturizing, Smoothing" Translated="1" Mandatory="1" Searchable="0">
   <LocalValue Value="Coloring, Moisturizing, Smoothing">
    <Measure ID="29">
     <Signs/>
    </Measure>
   </LocalValue>
   <Feature ID="23716">
    <Measure ID="29" Sign="">
     <Signs/>
    </Measure>
    <Name ID="1902180" langid="1" Value="Lipstick effect"/>
   </Feature>
  </ProductFeature>
  <ProductFeature Localized="0" ID="433764357" Local_ID="0" Value="N" CategoryFeature_ID="105228" CategoryFeatureGroup_ID="12078" No="100025" Optional="0" Presentation_Value="No" Translated="1" Mandatory="1" Searchable="0">
   <LocalValue Value="No">
    <Measure ID="26">
     <Signs/>
    </Measure>
   </LocalValue>
   <Feature ID="17996">
    <Measure ID="26" Sign="">
     <Signs/>
    </Measure>
    <Name ID="1351521" langid="1" Value="Sun protection"/>
   </Feature>
  </ProductFeature>
  <ProductFeature Localized="0" ID="433764323" Local_ID="0" Value="Women" CategoryFeature_ID="145869" CategoryFeatureGroup_ID="12078" No="10100095" Optional="0" Presentation_Value="Women" Translated="1" Mandatory="0" Searchable="0">
   <LocalValue Value="Women">
    <Measure ID="29">
     <Signs/>
    </Measure>
   </LocalValue>
   <Feature ID="9202">
    <Measure ID="29" Sign="">
     <Signs/>
    </Measure>
    <Name ID="765619" langid="1" Value="Suitable for"/>
   </Feature>
  </ProductFeature>
  <ProductFeature Localized="0" ID="433764330" Local_ID="0" Value="Sheer (finishing)" CategoryFeature_ID="145871" CategoryFeatureGroup_ID="12078" No="100044" Optional="0" Presentation_Value="Sheer" Translated="1" Mandatory="0" Searchable="0">
   <LocalValue Value="Sheer">
    <Measure ID="29">
     <Signs/>
    </Measure>
   </LocalValue>
   <Feature ID="12230">
    <Measure ID="29" Sign="">
     <Signs/>
    </Measure>
    <Name ID="1088074" langid="1" Value="Finishing"/>
   </Feature>
  </ProductFeature>
  <ProductFeature Localized="0" ID="835289291" Local_ID="0" Value="Mechanical (hand winding)" CategoryFeature_ID="326730" CategoryFeatureGroup_ID="12078" No="100043" Optional="0" Presentation_Value="Mechanical (hand winding)" Translated="1" Mandatory="0" Searchable="0">
   <LocalValue Value="Mechanical (hand winding)">
    <Measure ID="29">
     <Signs/>
    </Measure>
   </LocalValue>
   <Feature ID="11027">
    <Measure ID="29" Sign="">
     <Signs/>
    </Measure>
    <Name ID="964679" langid="1" Value="Mechanism type"/>
   </Feature>
  </ProductFeature>
  <ProductFeature Localized="0" ID="433764348" Local_ID="0" Value="Cream" CategoryFeature_ID="161799" CategoryFeatureGroup_ID="12078" No="100040" Optional="0" Presentation_Value="Cream" Translated="1" Mandatory="0" Searchable="0">
   <LocalValue Value="Cream">
    <Measure ID="29">
     <Signs/>
    </Measure>
   </LocalValue>
   <Feature ID="5658">
    <Measure ID="29" Sign="">
     <Signs/>
    </Measure>
    <Name ID="113520" langid="1" Value="Substance"/>
   </Feature>
  </ProductFeature>
  <ProductFeature Localized="0" ID="433764356" Local_ID="0" Value="Shea butter" CategoryFeature_ID="145873" CategoryFeatureGroup_ID="12078" No="100035" Optional="0" Presentation_Value="Shea butter" Translated="1" Mandatory="0" Searchable="0">
   <LocalValue Value="Shea butter">
    <Measure ID="29">
     <Signs/>
    </Measure>
   </LocalValue>
   <Feature ID="18005">
    <Measure ID="29" Sign="">
     <Signs/>
    </Measure>
    <Name ID="1353304" langid="1" Value="Constitutive ingredients"/>
   </Feature>
  </ProductFeature>
  <ProductFeature Localized="0" ID="835289296" Local_ID="0" Value="Y" CategoryFeature_ID="164978" CategoryFeatureGroup_ID="12078" No="100009" Optional="0" Presentation_Value="Yes" Translated="1" Mandatory="0" Searchable="0">
   <LocalValue Value="Yes">
    <Measure ID="26">
     <Signs/>
    </Measure>
   </LocalValue>
   <Feature ID="22607">
    <Measure ID="26" Sign="">
     <Signs/>
    </Measure>
    <Name ID="1785932" langid="1" Value="Not tested on animals"/>
   </Feature>
  </ProductFeature>
  <ProductFeature Localized="0" ID="835289298" Local_ID="0" Value="Y" CategoryFeature_ID="801658" CategoryFeatureGroup_ID="12078" No="100009" Optional="0" Presentation_Value="Yes" Translated="1" Mandatory="0" Searchable="0">
   <LocalValue Value="Yes">
    <Measure ID="26">
     <Signs/>
    </Measure>
   </LocalValue>
   <Feature ID="23849">
    <Measure ID="26" Sign="">
     <Signs/>
    </Measure>
    <Name ID="1964022" langid="1" Value="Semi-permanent"/>
   </Feature>
  </ProductFeature>
  <ProductFeature Localized="0" ID="433764334" Local_ID="0" Value="Alcohol,Gluten,Paraben,Silicone" CategoryFeature_ID="625070" CategoryFeatureGroup_ID="12078" No="100000" Optional="0" Presentation_Value="Alcohol, Gluten, Paraben, Silicone" Translated="1" Mandatory="0" Searchable="0">
   <LocalValue Value="Alcohol, Gluten, Paraben, Silicone">
    <Measure ID="29">
     <Signs/>
    </Measure>
   </LocalValue>
   <Feature ID="42516">
    <Measure ID="29" Sign="">
     <Signs/>
    </Measure>
    <Name ID="6876321" langid="1" Value="Doesn't contain"/>
   </Feature>
  </ProductFeature>
  <ProductFeature Localized="0" ID="835289441" Local_ID="546597704" Value="RICINUS COMMUNIS (CASTOR) SEED OIL, BIS-DIGLYCERYL POLYACYLADIPATE-1, OCTYLDODECANOL, CAPRYLIC/CAPRIC TRIGLYCERIDE, EUPHORBIA CERIFERA CERA (EUPHORBIA CERIFERA (CANDELILLA) WAX), SYNTHETIC WAX, CETYL ALCOHOL, MICA, COPERNICIA CERIFERA CERA (COPERNICIA CERIFERA (CARNAUBA) WAX), BUTYROSPERMUM PARKII (SHEA) BUTTER, SILICA, SHEA BUTTER ETHYL ESTERS, ROSMARINUS OFFICINALIS (ROSEMARY) FLOWER EXTRACT, SODIUM HYALURONATE, TOCOPHEROL, HELIANTHUS ANNUUS (SUNFLOWER) SEED OIL, TALC, CAPRYLYL GLYCOL, LECITHIN, HEXYLENE GLYCOL, ISOPROPYL TITANIUM TRIISOSTEARATE, ASCORBYL PALMITATE, HYDROGENATED CASTOR OIL, BENZYL SALICYLATE, CITRIC ACID, PHENOXYETHANOL, AROMA (FLAVOR), BENZYL BENZOATE, CI 15850 (RED 7 LAKE), CI 77491 (IRON OXIDES), CI 77492 (IRON OXIDES), CI 77499 (IRON OXIDES), CI 77891 (TITANIUM DIOXIDE)." CategoryFeature_ID="105238" CategoryFeatureGroup_ID="12078" No="99920" Optional="0" Presentation_Value="INGREDIENTS: RICINUS COMMUNIS (CASTOR) SEED OIL, BIS-DIGLYCERYL POLYACYLADIPATE-1, OCTYLDODECANOL, CAPRYLIC/CAPRIC TRIGLYCERIDE, EUPHORBIA CERIFERA (CANDELILLA) WAX, SYNTHETIC WAX, CETYL ALCOHOL, COPERNICIA CERIFERA (CARNAUBA) WAX, MICA, BUTYROSPERMUM PARKII (SHEA) BUTTER, SILICA, SHEA BUTTER ETHYL ESTERS, ROSMARINUS OFFICINALIS (ROSEMARY) FLOWER EXTRACT, SODIUM HYALURONATE, TOCOPHEROL, HELIANTHUS ANNUUS (SUNFLOWER) SEED OIL, CAPRYLYL GLYCOL, TALC, LECITHIN, HEXYLENE GLYCOL, ISOPROPYL TITANIUM TRIISOSTEARATE, ASCORBYL PALMITATE, HYDROGENATED CASTOR OIL, BENZYL SALICYLATE, CITRIC ACID, PHENOXYETHANOL, AROMA (FLAVOR), BENZYL BENZOATE, CI 15850 (RED 7 LAKE), CI 77491 (IRON OXIDES), CI 77492 (IRON OXIDES), CI 77499 (IRON OXIDES), CI 77891 (TITANIUM DIOXIDE)." Translated="1" Mandatory="0" Searchable="0">
   <LocalValue Value="INGREDIENTS: RICINUS COMMUNIS (CASTOR) SEED OIL, BIS-DIGLYCERYL POLYACYLADIPATE-1, OCTYLDODECANOL, CAPRYLIC/CAPRIC TRIGLYCERIDE, EUPHORBIA CERIFERA (CANDELILLA) WAX, SYNTHETIC WAX, CETYL ALCOHOL, COPERNICIA CERIFERA (CARNAUBA) WAX, MICA, BUTYROSPERMUM PARKII (SHEA) BUTTER, SILICA, SHEA BUTTER ETHYL ESTERS, ROSMARINUS OFFICINALIS (ROSEMARY) FLOWER EXTRACT, SODIUM HYALURONATE, TOCOPHEROL, HELIANTHUS ANNUUS (SUNFLOWER) SEED OIL, CAPRYLYL GLYCOL, TALC, LECITHIN, HEXYLENE GLYCOL, ISOPROPYL TITANIUM TRIISOSTEARATE, ASCORBYL PALMITATE, HYDROGENATED CASTOR OIL, BENZYL SALICYLATE, CITRIC ACID, PHENOXYETHANOL, AROMA (FLAVOR), BENZYL BENZOATE, CI 15850 (RED 7 LAKE), CI 77491 (IRON OXIDES), CI 77492 (IRON OXIDES), CI 77499 (IRON OXIDES), CI 77891 (TITANIUM DIOXIDE).">
    <Measure ID="29">
     <Signs/>
    </Measure>
   </LocalValue>
   <Feature ID="16908">
    <Measure ID="29" Sign="">
     <Signs/>
    </Measure>
    <Name ID="1216897" langid="1" Value="Ingredients"/>
   </Feature>
  </ProductFeature>
  <ProductFeature Localized="0" ID="835127515" Local_ID="0" Value="Good for vegan" CategoryFeature_ID="604523" CategoryFeatureGroup_ID="77427" No="100000" Optional="0" Presentation_Value="Good for vegan" Translated="1" Mandatory="0" Searchable="0">
   <LocalValue Value="Good for vegan">
    <Measure ID="29">
     <Signs/>
    </Measure>
   </LocalValue>
   <Feature ID="42513">
    <Measure ID="29" Sign="">
     <Signs/>
    </Measure>
    <Name ID="6876123" langid="1" Value="Sustainability certificates"/>
   </Feature>
  </ProductFeature>
  <ProductFeature Localized="0" ID="433764358" Local_ID="0" Value="3.5" CategoryFeature_ID="109397" CategoryFeatureGroup_ID="12077" No="100100" Optional="0" Presentation_Value="3.5 g" Translated="0" Mandatory="0" Searchable="0">
   <LocalValue Value="3.5">
    <Measure ID="38">
     <Signs>
      <Sign ID="22" langid="1"><![CDATA[g]]></Sign>
     </Signs>
    </Measure>
   </LocalValue>
   <Feature ID="5255">
    <Measure ID="38" Sign="">
     <Signs>
      <Sign ID="22" langid="1"><![CDATA[g]]></Sign>
     </Signs>
    </Measure>
    <Name ID="72073" langid="1" Value="Capacity"/>
   </Feature>
  </ProductFeature>
  <ProductFeature Localized="0" ID="433764361" Local_ID="0" Value="1" CategoryFeature_ID="105233" CategoryFeatureGroup_ID="15807" No="99850" Optional="0" Presentation_Value="1 pc(s)" Translated="0" Mandatory="1" Searchable="0">
   <LocalValue Value="1">
    <Measure ID="144">
     <Signs>
      <Sign ID="125" langid="1"><![CDATA[pc(s)]]></Sign>
     </Signs>
    </Measure>
   </LocalValue>
   <Feature ID="5456">
    <Measure ID="144" Sign="">
     <Signs>
      <Sign ID="125" langid="1"><![CDATA[pc(s)]]></Sign>
     </Signs>
    </Measure>
    <Name ID="78359" langid="1" Value="Number of products included"/>
   </Feature>
  </ProductFeature>
  <ProductGallery>
   <ProductPicture IsMain="Y" LowPic="https://inishop.com/img/gallery_lows/e1dd5ff1dba3ed10370973803b379debf6babd14.jpg" LowPicHeight="200" LowPicWidth="123" LowSize="12320" No="1" Original="https://inishop.com/img/gallery_raw/93566808_6275961208.jpeg" OriginalSize="16646" Pic="https://inishop.com/img/gallery/0e1452018575a08f766b7f13f0d7304031f81382.jpg" Pic500x500="https://inishop.com/img/gallery_mediums/13c9beeb75d88dacb662c9699a26026f646f8e67.jpg" Pic500x500Height="500" Pic500x500Size="47813" Pic500x500Width="306" PicHeight="617" PicWidth="378" ProductPicture_ID="55628930" Size="67862" ThumbPic="https://inishop.com/img/gallery_thumbs/a66911ec426aa5827c6d628fe7e08da87d3b2517.jpg" ThumbSize="3459" Type="ProductImage" UpdatedDate="2025-09-08 16:31:41"/>
   <ProductPicture LowPic="https://inishop.com/img/gallery_lows/eb449444691b1be9694a399f39bbe50dc9a2e8dd.jpg" LowPicHeight="200" LowPicWidth="72" LowSize="11166" No="2" Original="https://inishop.com/img/gallery_raw/93566808_9962205464.jpeg" OriginalSize="15306" Pic="https://inishop.com/img/gallery/3f388e3e65393c6862356c0acc1a2a4968f83001.jpg" Pic500x500="https://inishop.com/img/gallery_mediums/0b56b6af61072514c0318609a9bc096b12cd3d0d.jpg" Pic500x500Height="500" Pic500x500Size="47585" Pic500x500Width="181" PicHeight="554" PicWidth="200" ProductPicture_ID="55628931" Size="55775" ThumbPic="https://inishop.com/img/gallery_thumbs/d16a5aa5d55fdabb9ccb0ded5fbf1565a9c16352.jpg" ThumbSize="2973" Type="ProductImage" UpdatedDate="2025-09-08 16:31:52"/>
   <ProductPicture LowPic="https://inishop.com/img/gallery_lows/feadf2876d3f5e2749fdbac7471c0eccb6d82cda.jpg" LowPicHeight="200" LowPicWidth="187" LowSize="23187" No="3" Original="https://inishop.com/img/gallery_raw/93566808_7678411045.jpeg" OriginalSize="12423" Pic="https://inishop.com/img/gallery/8c1fb69038709dfe31c1ad8fc8bf4b7085fd5f7f.jpg" Pic500x500="" Pic500x500Height="0" Pic500x500Size="0" Pic500x500Width="0" PicHeight="312" PicWidth="291" ProductPicture_ID="55628932" Size="48107" ThumbPic="https://inishop.com/img/gallery_thumbs/b178eb4890df1106d172e15682bd8f3199c42365.jpg" ThumbSize="5505" Type="ProductImage" UpdatedDate="2025-09-08 16:31:56"/>
   <ProductPicture LowPic="https://inishop.com/img/gallery_lows/93566808_0462081233.jpg" LowPicHeight="200" LowPicWidth="200" LowSize="25955" No="4" Original="https://inishop.com/img/gallery_raw/93566808_0462081233.jpeg" OriginalSize="37335" Pic="https://inishop.com/img/gallery/93566808_0462081233.jpg" Pic500x500="https://inishop.com/img/gallery_mediums/93566808_0462081233.jpg" Pic500x500Height="500" Pic500x500Size="110135" Pic500x500Width="500" PicHeight="655" PicWidth="655" ProductPicture_ID="55628933" Size="99141" ThumbPic="https://inishop.com/img/gallery_thumbs/93566808_0462081233.jpg" ThumbSize="6509" Type="ProductImage" UpdatedDate="2021-08-28 10:24:46"/>
   <ProductPicture LowPic="https://inishop.com/img/gallery_lows/93566808_1855716273.jpg" LowPicHeight="200" LowPicWidth="200" LowSize="24941" No="5" Original="https://inishop.com/img/gallery_raw/93566808_1855716273.jpeg" OriginalSize="37960" Pic="https://inishop.com/img/gallery/93566808_1855716273.jpg" Pic500x500="https://inishop.com/img/gallery_mediums/93566808_1855716273.jpg" Pic500x500Height="500" Pic500x500Size="108592" Pic500x500Width="500" PicHeight="655" PicWidth="655" ProductPicture_ID="55628934" Size="97854" ThumbPic="https://inishop.com/img/gallery_thumbs/93566808_1855716273.jpg" ThumbSize="6101" Type="ProductImage" UpdatedDate="2021-08-28 10:24:46"/>
   <ProductPicture LowPic="https://inishop.com/img/gallery_lows/93566808_0605713929.jpg" LowPicHeight="200" LowPicWidth="200" LowSize="29180" No="6" Original="https://inishop.com/img/gallery_raw/93566808_0605713929.jpeg" OriginalSize="48539" Pic="https://inishop.com/img/gallery/93566808_0605713929.jpg" Pic500x500="https://inishop.com/img/gallery_mediums/93566808_0605713929.jpg" Pic500x500Height="500" Pic500x500Size="127783" Pic500x500Width="500" PicHeight="655" PicWidth="655" ProductPicture_ID="55628935" Size="121488" ThumbPic="https://inishop.com/img/gallery_thumbs/93566808_0605713929.jpg" ThumbSize="6671" Type="ProductImage" UpdatedDate="2021-08-28 10:24:48"/>
   <ProductPicture LowPic="https://inishop.com/img/gallery_lows/93566808_8396759399.jpg" LowPicHeight="200" LowPicWidth="200" LowSize="23590" No="7" Original="https://inishop.com/img/gallery_raw/93566808_8396759399.jpeg" OriginalSize="40294" Pic="https://inishop.com/img/gallery/93566808_8396759399.jpg" Pic500x500="https://inishop.com/img/gallery_mediums/93566808_8396759399.jpg" Pic500x500Height="500" Pic500x500Size="108194" Pic500x500Width="500" PicHeight="655" PicWidth="655" ProductPicture_ID="55628936" Size="101442" ThumbPic="https://inishop.com/img/gallery_thumbs/93566808_8396759399.jpg" ThumbSize="5520" Type="ProductImage" UpdatedDate="2021-08-28 10:24:48"/>
   <ProductPicture LowPic="" LowPicHeight="0" LowPicWidth="0" LowSize="0" No="999" Original="" OriginalSize="0" Pic="https://inishop.com/img/feature_logo/604-9536.png" Pic500x500="" Pic500x500Height="0" Pic500x500Size="0" Pic500x500Width="0" PicHeight="300" PicWidth="300" ProductPicture_ID="4355409808" Size="46990" ThumbPic="https://inishop.com/img/feature_logo_thumbs/604-9536.png" ThumbSize="0" Type="FeatureLogo" UpdatedDate="" langid="1"/>
  </ProductGallery>
  <ProductMultimediaObject>
   <MultimediaObject ContentType="text/html" Date="2025-09-09 10:30:30" Description="ProductStory2.0" KeepAsURL="0" MultimediaObject_ID="69144549" Type="ProductStory2.0" UUID="63D160A0-B54A-45F9-B723-AF7AA0E0C9BB" langid="1" Height="0" PreviewHeight="0" PreviewSize="0" PreviewUrl="" PreviewWidth="0" Size="6684" URL="https://inishop.com/objects/mmo_93566808_1757406630_1912_2701517.txt" Width="0"/>
   <MultimediaObject ContentType="application/zip" Date="2025-09-09 10:30:33" Description="ProductStory" KeepAsURL="0" MultimediaObject_ID="69144548" Type="ProductStory" UUID="D85E8732-0635-47E5-8E26-EF96ACFAB0F7" langid="1" Height="0" PreviewHeight="0" PreviewSize="0" PreviewUrl="" PreviewWidth="0" Size="2383" URL="https://inishop.com/objects/mmo_93566808_1757406633_1873_746380.zip" Width="0"/>
  </ProductMultimediaObject>
  <ProductRelated/>
  <SummaryDescription>
   <ShortSummaryDescription langid="1">Essence hydrating nude lipstick, Nude, DELICATE, 1 colours, Coloring, Moisturizing, Smoothing, Women, Sheer</ShortSummaryDescription>
   <LongSummaryDescription langid="1">Essence hydrating nude lipstick. Colour group: Nude, Colour name: DELICATE, Number of colours: 1 colours. Sustainability certificates: Good for vegan. Capacity: 3.5 g. Number of products included: 1 pc(s)</LongSummaryDescription>
  </SummaryDescription>
  <Supplier ID="29383" Name="Essence"/>
  <CatalogObjectCloud/>
  <BrandOrganizations/>
 </Product>
</ICECAT-interface>
