<?xml version="1.0" encoding="UTF-8"?>
<!DOCTYPE ICECAT-interface SYSTEM "https://data.icecat.biz/dtd/ICECAT-interface_response.dtd">
<!--source: Icecat.biz 2025-->
<!--Language ID: 1-->
<!--Version: v2-->
<ICECAT-interface xmlns:xsi="http://www.w3.org/2001/XMLSchema-instance" xsi:noNamespaceSchemaLocation="https://data.icecat.biz/xsd/ICECAT-interface_response.xsd">
 <Product Code="1" HighPic="https://inishop.com/img/gallery/d9a5b9764c1c427ebcc01b9376185a1f3a223034.jpg" HighPicHeight="1346" HighPicSize="252517" HighPicWidth="525" ID="98259996" LowPic="https://inishop.com/img/gallery_lows/826284cdd67fe6c23a868fb17ca1019320f85620.jpg" LowPicHeight="200" LowPicSize="9062" LowPicWidth="78" Name="gel nail colour" IntName="Gel Nail" LocalName="gel nail colour" Pic500x500="https://inishop.com/img/gallery_mediums/d9f1b33f09e0c9bb0a7e113496ac5b335acdd0a9.jpg" Pic500x500Height="500" Pic500x500Size="41811" Pic500x500Width="195" Prod_id="934872" Quality="ICECAT" ReleaseDate="" ThumbPic="https://inishop.com/img/gallery_thumbs/27ce7cdb9be96988fe7ccb70c9a72dcde5d54ad1.jpg" ThumbPicSize="2298" Title="Essence gel nail colour" GeneratedIntTitle="Essence Gel Nail nail polish" GeneratedLocalTitle="Essence Gel Nail nail polish 8 ml Transparent Gloss" BrandLocalTitle="Essence gel nail colour">
  <CategoryFeatureGroup ID="12018" No="0">
   <FeatureGroup ID="0">
    <Name ID="5073" langid="1" Value="Technical details"/>
   </FeatureGroup>
  </CategoryFeatureGroup>
  <CategoryFeatureGroup ID="11989" No="0">
   <FeatureGroup ID="14">
    <Name ID="5023" langid="1" Value="Weight &amp; dimensions"/>
   </FeatureGroup>
  </CategoryFeatureGroup>
  <CategoryFeatureGroup ID="77254" No="0">
   <FeatureGroup ID="67">
    <Name ID="27423" langid="1" Value="Packaging data"/>
   </FeatureGroup>
  </CategoryFeatureGroup>
  <CategoryFeatureGroup ID="43483" No="0">
   <FeatureGroup ID="76">
    <Name ID="28540" langid="1" Value="Certificates"/>
   </FeatureGroup>
  </CategoryFeatureGroup>
  <CategoryFeatureGroup ID="50381" No="0">
   <FeatureGroup ID="116">
    <Name ID="78852" langid="1" Value="Packaging content"/>
   </FeatureGroup>
  </CategoryFeatureGroup>
  <CategoryFeatureGroup ID="55479" No="0">
   <FeatureGroup ID="143">
    <Name ID="618812" langid="1" Value="Battery"/>
   </FeatureGroup>
  </CategoryFeatureGroup>
  <CategoryFeatureGroup ID="12412" No="0">
   <FeatureGroup ID="146">
    <Name ID="624346" langid="1" Value="Other features"/>
   </FeatureGroup>
  </CategoryFeatureGroup>
  <CategoryFeatureGroup ID="11992" No="10">
   <FeatureGroup ID="185">
    <Name ID="1219853" langid="1" Value="Features"/>
   </FeatureGroup>
  </CategoryFeatureGroup>
  <CategoryFeatureGroup ID="37495" No="0">
   <FeatureGroup ID="198">
    <Name ID="1788927" langid="1" Value="Logistics data"/>
   </FeatureGroup>
  </CategoryFeatureGroup>
  <CategoryFeatureGroup ID="62004" No="0">
   <FeatureGroup ID="232">
    <Name ID="3464238" langid="1" Value="Supplier features"/>
   </FeatureGroup>
  </CategoryFeatureGroup>
  <CategoryFeatureGroup ID="77253" No="0">
   <FeatureGroup ID="279">
    <Name ID="7392238" langid="1" Value="Sustainability"/>
   </FeatureGroup>
  </CategoryFeatureGroup>
  <Category ID="2943">
   <Name ID="3729479" langid="1" Value="Nail Polishes"/>
  </Category>
  <EANCode EAN="4059729348722" Format="GTIN-13" IsApproved="1"/>
  <FeatureLogo ID="604" Feature_ID="42513" Value="Good for vegan" LogoPic="https://inishop.com/img/feature_logo/604-9536.png" Width="300" Height="300" Size="0">
   <Descriptions>
    <Description ID="3097" langid="1">Good for vegan</Description>
   </Descriptions>
   <FeatureLogoFeatures>
    <FeatureLogoFeature ID="42513">
     <FeatureLogoValues>
      <FeatureLogoValue ID="2394">Good for vegan</FeatureLogoValue>
     </FeatureLogoValues>
    </FeatureLogoFeature>
   </FeatureLogoFeatures>
  </FeatureLogo>
  <ReleaseDate/>
  <EndOfLifeDate/>
  <ReasonsToBuy/>
  <BulletPoints>
   <BulletPoint Value="Long-lasting gel finish with an extreme shine" langid="1" No="1"/>
   <BulletPoint Value="Dries in just 40 seconds" langid="1" No="2"/>
   <BulletPoint Value="Climate neutral, vegan and clean beauty" langid="1" No="3"/>
  </BulletPoints>
  <GeneratedBulletPoints>
   <GeneratedBulletPoint Value="Bottle 8 ml Colour group: Transparent" langid="1" No="1"/>
   <GeneratedBulletPoint Value="01 gloss 'N ROLL Applicator type: Brush" langid="1" No="2"/>
   <GeneratedBulletPoint Value="Finish type: Gloss Suitable for: Women" langid="1" No="3"/>
   <GeneratedBulletPoint Value="Long-lasting Fast drying Easy to apply" langid="1" No="4"/>
  </GeneratedBulletPoints>
  <ProductBundled/>
  <ProductDescription ID="104037600" LongDesc="Clean beauty with a WOW performance! There are no compromises with the gel nail colour nail polishes: the vegan, clean beauty formula has a short list of ingredients and is free of microplastic particles. The polish is easy to apply thanks to its patented, broad &quot;&quot;double-touch&quot;&quot; brush and dries quickly. The first coat of the climate-neutral nail polish is ready to shine in just 40 seconds. Good to know: if you apply several coats, the drying time will increase accordingly - but of course this can be shortened by using a Dry Spray or Drying Drops. Tip: For a perfect salon look, apply two coats on top of the base coat and seal with a top coat.&lt;br&gt;&lt;br&gt;Whether a French look or a shimmer effect: these gel nail colour nail polishes provide a semi-transparent finish and create perfectly manicured nails!" ManualPDFSize="0" ManualPDFURL="" MiddleDesc="" PDFSize="0" PDFURL="" ShortDesc="gel nail colour 01 - gloss 'N ROLL, 8ml" URL="https://www.essence.eu/en-za/p/934872/gel-nail-colour" WarrantyInfo="" langid="1"/>
  <ProductFeature Localized="0" ID="472222235" Local_ID="0" Value="8" CategoryFeature_ID="103923" CategoryFeatureGroup_ID="11992" No="100400" Optional="0" Presentation_Value="8 ml" Translated="0" Mandatory="1" Searchable="0">
   <LocalValue Value="8">
    <Measure ID="142">
     <Signs>
      <Sign ID="123" langid="1"><![CDATA[ml]]></Sign>
     </Signs>
    </Measure>
   </LocalValue>
   <Feature ID="5207">
    <Measure ID="142" Sign="">
     <Signs>
      <Sign ID="123" langid="1"><![CDATA[ml]]></Sign>
     </Signs>
    </Measure>
    <Name ID="71645" langid="1" Value="Volume"/>
   </Feature>
  </ProductFeature>
  <ProductFeature Localized="0" ID="472215797" Local_ID="0" Value="Transparent" CategoryFeature_ID="103998" CategoryFeatureGroup_ID="11992" No="100100" Optional="0" Presentation_Value="Transparent" Translated="1" Mandatory="1" Searchable="0">
   <LocalValue Value="Transparent">
    <Measure ID="29">
     <Signs/>
    </Measure>
   </LocalValue>
   <Feature ID="17357">
    <Measure ID="29" Sign="">
     <Signs/>
    </Measure>
    <Name ID="1238438" langid="1" Value="Colour group"/>
   </Feature>
  </ProductFeature>
  <ProductFeature Localized="0" ID="472222020" Local_ID="0" Value="gloss 'N ROLL" CategoryFeature_ID="104004" CategoryFeatureGroup_ID="11992" No="100090" Optional="0" Presentation_Value="gloss 'N ROLL" Translated="0" Mandatory="1" Searchable="0">
   <LocalValue Value="gloss 'N ROLL">
    <Measure ID="29">
     <Signs/>
    </Measure>
   </LocalValue>
   <Feature ID="17956">
    <Measure ID="29" Sign="">
     <Signs/>
    </Measure>
    <Name ID="1296400" langid="1" Value="Colour name"/>
   </Feature>
  </ProductFeature>
  <ProductFeature Localized="0" ID="472222039" Local_ID="0" Value="01" CategoryFeature_ID="104001" CategoryFeatureGroup_ID="11992" No="100080" Optional="0" Presentation_Value="01" Translated="0" Mandatory="1" Searchable="0">
   <LocalValue Value="01">
    <Measure ID="29">
     <Signs/>
    </Measure>
   </LocalValue>
   <Feature ID="17540">
    <Measure ID="29" Sign="">
     <Signs/>
    </Measure>
    <Name ID="1246677" langid="1" Value="Colour code"/>
   </Feature>
  </ProductFeature>
  <ProductFeature Localized="0" ID="472223174" Local_ID="0" Value="Coloring" CategoryFeature_ID="148585" CategoryFeatureGroup_ID="11992" No="100069" Optional="0" Presentation_Value="Coloring" Translated="1" Mandatory="1" Searchable="0">
   <LocalValue Value="Coloring">
    <Measure ID="29">
     <Signs/>
    </Measure>
   </LocalValue>
   <Feature ID="23999">
    <Measure ID="29" Sign="">
     <Signs/>
    </Measure>
    <Name ID="1982519" langid="1" Value="Nail polish effect"/>
   </Feature>
  </ProductFeature>
  <ProductFeature Localized="0" ID="472222149" Local_ID="0" Value="Y" CategoryFeature_ID="105740" CategoryFeatureGroup_ID="11992" No="100055" Optional="0" Presentation_Value="Yes" Translated="1" Mandatory="1" Searchable="0">
   <LocalValue Value="Yes">
    <Measure ID="26">
     <Signs/>
    </Measure>
   </LocalValue>
   <Feature ID="18072">
    <Measure ID="26" Sign="">
     <Signs/>
    </Measure>
    <Name ID="1366788" langid="1" Value="Fast drying"/>
   </Feature>
  </ProductFeature>
  <ProductFeature Localized="0" ID="472215979" Local_ID="0" Value="Gloss" CategoryFeature_ID="113015" CategoryFeatureGroup_ID="11992" No="100070" Optional="0" Presentation_Value="Gloss" Translated="1" Mandatory="0" Searchable="0">
   <LocalValue Value="Gloss">
    <Measure ID="29">
     <Signs/>
    </Measure>
   </LocalValue>
   <Feature ID="2254">
    <Measure ID="29" Sign="">
     <Signs/>
    </Measure>
    <Name ID="11565" langid="1" Value="Finish type"/>
   </Feature>
  </ProductFeature>
  <ProductFeature Localized="0" ID="472222129" Local_ID="0" Value="Bottle" CategoryFeature_ID="146495" CategoryFeatureGroup_ID="11992" No="100065" Optional="0" Presentation_Value="Bottle" Translated="1" Mandatory="0" Searchable="0">
   <LocalValue Value="Bottle">
    <Measure ID="29">
     <Signs/>
    </Measure>
   </LocalValue>
   <Feature ID="17965">
    <Measure ID="29" Sign="">
     <Signs/>
    </Measure>
    <Name ID="1313226" langid="1" Value="Dispenser type"/>
   </Feature>
  </ProductFeature>
  <ProductFeature Localized="0" ID="472222139" Local_ID="0" Value="Y" CategoryFeature_ID="105739" CategoryFeatureGroup_ID="11992" No="100060" Optional="0" Presentation_Value="Yes" Translated="1" Mandatory="0" Searchable="0">
   <LocalValue Value="Yes">
    <Measure ID="26">
     <Signs/>
    </Measure>
   </LocalValue>
   <Feature ID="18071">
    <Measure ID="26" Sign="">
     <Signs/>
    </Measure>
    <Name ID="1366410" langid="1" Value="Long-lasting"/>
   </Feature>
  </ProductFeature>
  <ProductFeature Localized="0" ID="472222165" Local_ID="0" Value="Y" CategoryFeature_ID="150080" CategoryFeatureGroup_ID="11992" No="100050" Optional="0" Presentation_Value="Yes" Translated="1" Mandatory="0" Searchable="0">
   <LocalValue Value="Yes">
    <Measure ID="26">
     <Signs/>
    </Measure>
   </LocalValue>
   <Feature ID="15767">
    <Measure ID="26" Sign="">
     <Signs/>
    </Measure>
    <Name ID="1180148" langid="1" Value="Easy to apply"/>
   </Feature>
  </ProductFeature>
  <ProductFeature Localized="0" ID="472222208" Local_ID="0" Value="Brush" CategoryFeature_ID="338175" CategoryFeatureGroup_ID="11992" No="100000" Optional="0" Presentation_Value="Brush" Translated="1" Mandatory="0" Searchable="0">
   <LocalValue Value="Brush">
    <Measure ID="29">
     <Signs/>
    </Measure>
   </LocalValue>
   <Feature ID="38481">
    <Measure ID="29" Sign="">
     <Signs/>
    </Measure>
    <Name ID="5359639" langid="1" Value="Applicator type"/>
   </Feature>
  </ProductFeature>
  <ProductFeature Localized="0" ID="472222212" Local_ID="0" Value="Women" CategoryFeature_ID="693734" CategoryFeatureGroup_ID="11992" No="100000" Optional="0" Presentation_Value="Women" Translated="1" Mandatory="0" Searchable="0">
   <LocalValue Value="Women">
    <Measure ID="29">
     <Signs/>
    </Measure>
   </LocalValue>
   <Feature ID="9202">
    <Measure ID="29" Sign="">
     <Signs/>
    </Measure>
    <Name ID="765619" langid="1" Value="Suitable for"/>
   </Feature>
  </ProductFeature>
  <ProductFeature Localized="0" ID="472223125" Local_ID="0" Value="ETHYL ACETATE, NITROCELLULOSE, ACRYLATES COPOLYMER, BUTYL ACETATE, ACETYL TRIBUTYL CITRATE, ISOPROPYL ALCOHOL, DIPROPYLENE GLYCOL DIBENZOATE, MALTOL, CI 77510 (FERRIC AMMONIUM FERROCYANIDE)." CategoryFeature_ID="103962" CategoryFeatureGroup_ID="11992" No="99920" Optional="0" Presentation_Value="ETHYL ACETATE, NITROCELLULOSE, ACRYLATES COPOLYMER, BUTYL ACETATE, ACETYL TRIBUTYL CITRATE, ISOPROPYL ALCOHOL, DIPROPYLENE GLYCOL DIBENZOATE, MALTOL, CI 77510 (FERRIC AMMONIUM FERROCYANIDE)." Translated="0" Mandatory="0" Searchable="0">
   <LocalValue Value="ETHYL ACETATE, NITROCELLULOSE, ACRYLATES COPOLYMER, BUTYL ACETATE, ACETYL TRIBUTYL CITRATE, ISOPROPYL ALCOHOL, DIPROPYLENE GLYCOL DIBENZOATE, MALTOL, CI 77510 (FERRIC AMMONIUM FERROCYANIDE).">
    <Measure ID="29">
     <Signs/>
    </Measure>
   </LocalValue>
   <Feature ID="16908">
    <Measure ID="29" Sign="">
     <Signs/>
    </Measure>
    <Name ID="1216897" langid="1" Value="Ingredients"/>
   </Feature>
  </ProductFeature>
  <ProductFeature Localized="1" ID="0" Local_ID="554059072" Value="" CategoryFeature_ID="151182" CategoryFeatureGroup_ID="11992" No="99890" Optional="0" Presentation_Value="To ensure that nail polish lasts particularly well and can be applied evenly, it's best to prime the nails with a base coat first. At the very end, apply a top coat over the dried nail polish to make it last longer." Translated="1" Mandatory="0" Searchable="0">
   <LocalValue Value="To ensure that nail polish lasts particularly well and can be applied evenly, it's best to prime the nails with a base coat first. At the very end, apply a top coat over the dried nail polish to make it last longer.">
    <Measure ID="29">
     <Signs/>
    </Measure>
   </LocalValue>
   <Feature ID="24555">
    <Measure ID="29" Sign="">
     <Signs/>
    </Measure>
    <Name ID="2025750" langid="1" Value="How to use"/>
   </Feature>
  </ProductFeature>
  <ProductFeature Localized="0" ID="835126637" Local_ID="0" Value="Alcohol,Fragrance,Oil,Paraben" CategoryFeature_ID="625012" CategoryFeatureGroup_ID="11992" No="99850" Optional="0" Presentation_Value="Alcohol, Fragrance, Oil, Paraben" Translated="1" Mandatory="0" Searchable="0">
   <LocalValue Value="Alcohol, Fragrance, Oil, Paraben">
    <Measure ID="29">
     <Signs/>
    </Measure>
   </LocalValue>
   <Feature ID="42516">
    <Measure ID="29" Sign="">
     <Signs/>
    </Measure>
    <Name ID="6876321" langid="1" Value="Doesn't contain"/>
   </Feature>
  </ProductFeature>
  <ProductFeature Localized="0" ID="835126641" Local_ID="0" Value="Good for vegan" CategoryFeature_ID="604465" CategoryFeatureGroup_ID="77253" No="100000" Optional="0" Presentation_Value="Good for vegan" Translated="1" Mandatory="0" Searchable="0">
   <LocalValue Value="Good for vegan">
    <Measure ID="29">
     <Signs/>
    </Measure>
   </LocalValue>
   <Feature ID="42513">
    <Measure ID="29" Sign="">
     <Signs/>
    </Measure>
    <Name ID="6876123" langid="1" Value="Sustainability certificates"/>
   </Feature>
  </ProductFeature>
  <ProductFeature Localized="0" ID="472222058" Local_ID="0" Value="1" CategoryFeature_ID="104007" CategoryFeatureGroup_ID="77254" No="100150" Optional="0" Presentation_Value="1 pc(s)" Translated="0" Mandatory="1" Searchable="0">
   <LocalValue Value="1">
    <Measure ID="144">
     <Signs>
      <Sign ID="125" langid="1"><![CDATA[pc(s)]]></Sign>
     </Signs>
    </Measure>
   </LocalValue>
   <Feature ID="5456">
    <Measure ID="144" Sign="">
     <Signs>
      <Sign ID="125" langid="1"><![CDATA[pc(s)]]></Sign>
     </Signs>
    </Measure>
    <Name ID="78359" langid="1" Value="Number of products included"/>
   </Feature>
  </ProductFeature>
  <ProductGallery>
   <ProductPicture IsMain="Y" LowPic="https://inishop.com/img/gallery_lows/826284cdd67fe6c23a868fb17ca1019320f85620.jpg" LowPicHeight="200" LowPicWidth="78" LowSize="9062" No="1" Original="https://inishop.com/img/gallery_raw/98259996_6052588160.png" OriginalSize="677896" Pic="https://inishop.com/img/gallery/d9a5b9764c1c427ebcc01b9376185a1f3a223034.jpg" Pic500x500="https://inishop.com/img/gallery_mediums/d9f1b33f09e0c9bb0a7e113496ac5b335acdd0a9.jpg" Pic500x500Height="500" Pic500x500Size="41811" Pic500x500Width="195" PicHeight="1346" PicWidth="525" ProductPicture_ID="62260618" Size="252517" ThumbPic="https://inishop.com/img/gallery_thumbs/27ce7cdb9be96988fe7ccb70c9a72dcde5d54ad1.jpg" ThumbSize="2298" Type="ProductImage" UpdatedDate="2025-09-08 16:23:25"/>
   <ProductPicture LowPic="https://inishop.com/img/gallery_lows/c787dec8a28ad70dd9bd376755777cf8660c79b6.jpg" LowPicHeight="200" LowPicWidth="172" LowSize="15070" No="2" Original="https://inishop.com/img/gallery_raw/98259996_2973736808.png" OriginalSize="892676" Pic="https://inishop.com/img/gallery/23bd8f4f483056ec33f4218ab3aa0a02fb9ceda3.jpg" Pic500x500="https://inishop.com/img/gallery_mediums/2d8722a29cef8dc829fea060095e83b7bc3779fb.jpg" Pic500x500Height="500" Pic500x500Size="71468" Pic500x500Width="429" PicHeight="1196" PicWidth="1026" ProductPicture_ID="62260634" Size="362022" ThumbPic="https://inishop.com/img/gallery_thumbs/d0a56a82411a1ac9f4ad54dbfd5b986c5e2a1573.jpg" ThumbSize="3497" Type="ProductImage" UpdatedDate="2025-09-08 16:23:30"/>
   <ProductPicture LowPic="https://inishop.com/img/gallery_lows/66af429a6e90edbc77ba737f60242db3fc89ebdb.jpg" LowPicHeight="200" LowPicWidth="200" LowSize="8511" No="3" Original="https://inishop.com/img/gallery_raw/cd10b8863081899e2d38956b84583e60b7673164.jpeg" OriginalSize="55770" Pic="https://inishop.com/img/gallery/8ced06952eccdf86010ecb9f166af274e6c4050d.jpg" Pic500x500="https://inishop.com/img/gallery_mediums/a14ab46b161a9d949fd5a95b468a8f99c7737646.jpg" Pic500x500Height="500" Pic500x500Size="38977" Pic500x500Width="500" PicHeight="2000" PicWidth="2000" ProductPicture_ID="117083428" Size="173814" ThumbPic="https://inishop.com/img/gallery_thumbs/bc716c9cf2ee5eb3d8ae3f814c1336b92bb11b94.jpg" ThumbSize="2120" Type="Other" UpdatedDate="2025-09-08 16:23:51"/>
   <ProductPicture LowPic="https://inishop.com/img/gallery_lows/717c962634593af15b68ff8012d33904fa58a6c9.jpg" LowPicHeight="200" LowPicWidth="200" LowSize="33487" No="4" Original="https://inishop.com/img/gallery_raw/7bcaeebdf284fc807862763ff019bbca3a3a697d.jpeg" OriginalSize="248103" Pic="https://inishop.com/img/gallery/5c051b2be0c38eeead3ba19e55e32b17f050deff.jpg" Pic500x500="https://inishop.com/img/gallery_mediums/90c8766232768c0befc3d008290641589fc3df55.jpg" Pic500x500Height="500" Pic500x500Size="147738" Pic500x500Width="500" PicHeight="2000" PicWidth="2000" ProductPicture_ID="117083429" Size="867909" ThumbPic="https://inishop.com/img/gallery_thumbs/51275da294294364f4dd6622231e5e37c2fd97cf.jpg" ThumbSize="7277" Type="Other" UpdatedDate="2025-09-08 16:23:53"/>
   <ProductPicture LowPic="https://inishop.com/img/gallery_lows/74563143f406c2c0b6fcdcc67be66fdb02f5d084.jpg" LowPicHeight="200" LowPicWidth="200" LowSize="39648" No="5" Original="https://inishop.com/img/gallery_raw/541fe6793422c312887f3936448b512b19a1833d.jpeg" OriginalSize="343129" Pic="https://inishop.com/img/gallery/fe7e8c3919e6d339aa8c1acf63657620df6c388b.jpg" Pic500x500="https://inishop.com/img/gallery_mediums/4881051d42f5aef042aa88a692e7daf2e2216c85.jpg" Pic500x500Height="500" Pic500x500Size="181486" Pic500x500Width="500" PicHeight="2000" PicWidth="2000" ProductPicture_ID="117083431" Size="1117250" ThumbPic="https://inishop.com/img/gallery_thumbs/7ca27449899bd383972845eb89e84cd0568f1161.jpg" ThumbSize="8234" Type="Other" UpdatedDate="2025-09-08 16:23:54"/>
   <ProductPicture LowPic="https://inishop.com/img/gallery_lows/655a6092243642d17492bb69379f3acc05c40018.jpg" LowPicHeight="200" LowPicWidth="200" LowSize="35435" No="6" Original="https://inishop.com/img/gallery_raw/a574f8d136553d59257ab3e557a116ebbae972c1.jpeg" OriginalSize="301868" Pic="https://inishop.com/img/gallery/318f239a41bb0338bffc27787d073a11ee7a04cd.jpg" Pic500x500="https://inishop.com/img/gallery_mediums/b3733cd04541b48d5add0c320aba626227162ef6.jpg" Pic500x500Height="500" Pic500x500Size="179619" Pic500x500Width="500" PicHeight="2000" PicWidth="2000" ProductPicture_ID="117083432" Size="1058083" ThumbPic="https://inishop.com/img/gallery_thumbs/db1127bd0d96ae7111240619c9d0310d9b4ecbe8.jpg" ThumbSize="6295" Type="Other" UpdatedDate="2025-09-08 16:23:56"/>
   <ProductPicture LowPic="https://inishop.com/img/gallery_lows/20bd05b9087ecc547e88629cc84d0f5b4856ce0b.jpg" LowPicHeight="200" LowPicWidth="200" LowSize="60595" No="7" Original="https://inishop.com/img/gallery_raw/d7f1588338dc5ac0535bf4a2a010275d38c30195.jpeg" OriginalSize="548682" Pic="https://inishop.com/img/gallery/67c2980a77d400ccf4cb873832e99c94467f1923.jpg" Pic500x500="https://inishop.com/img/gallery_mediums/a6c8f1666f9feb776cf520ae7d972603dc6d64c8.jpg" Pic500x500Height="500" Pic500x500Size="288177" Pic500x500Width="500" PicHeight="2000" PicWidth="2000" ProductPicture_ID="117083438" Size="1847879" ThumbPic="https://inishop.com/img/gallery_thumbs/271ffd8bbf21362737c7d41e7de188facb8d8cab.jpg" ThumbSize="11438" Type="Other" UpdatedDate="2025-09-08 16:24:05"/>
   <ProductPicture LowPic="" LowPicHeight="0" LowPicWidth="0" LowSize="0" No="999" Original="" OriginalSize="0" Pic="https://inishop.com/img/feature_logo/604-9536.png" Pic500x500="" Pic500x500Height="0" Pic500x500Size="0" Pic500x500Width="0" PicHeight="300" PicWidth="300" ProductPicture_ID="4355409808" Size="46990" ThumbPic="https://inishop.com/img/feature_logo_thumbs/604-9536.png" ThumbSize="0" Type="FeatureLogo" UpdatedDate="" langid="1"/>
  </ProductGallery>
  <ProductMultimediaObject/>
  <ProductRelated/>
  <SummaryDescription>
   <ShortSummaryDescription langid="1">Essence gel nail colour, 8 ml, Transparent, gloss 'N ROLL, Coloring, Gloss, Bottle</ShortSummaryDescription>
   <LongSummaryDescription langid="1">Essence gel nail colour. Volume: 8 ml, Colour group: Transparent, Colour name: gloss 'N ROLL. Sustainability certificates: Good for vegan. Number of products included: 1 pc(s)</LongSummaryDescription>
  </SummaryDescription>
  <Supplier ID="29383" Name="Essence"/>
  <CatalogObjectCloud/>
  <BrandOrganizations/>
 </Product>
</ICECAT-interface>
