<?xml version="1.0" encoding="UTF-8"?>
<!DOCTYPE ICECAT-interface SYSTEM "https://data.icecat.biz/dtd/ICECAT-interface_response.dtd">
<!--source: Icecat.biz 2025-->
<!--Language ID: 1-->
<!--Version: v2-->
<ICECAT-interface xmlns:xsi="http://www.w3.org/2001/XMLSchema-instance" xsi:noNamespaceSchemaLocation="https://data.icecat.biz/xsd/ICECAT-interface_response.xsd">
 <Product Code="1" HighPic="https://inishop.com/img/gallery/70f4b98b8d8de3afcfb32605f07eea1a.jpg" HighPicHeight="2000" HighPicSize="917686" HighPicWidth="2000" ID="113393031" LowPic="https://inishop.com/img/gallery_lows/70f4b98b8d8de3afcfb32605f07eea1a.jpg" LowPicHeight="200" LowPicSize="27042" LowPicWidth="200" Name="gel nail colour" IntName="Gel Nail" LocalName="gel nail colour" Pic500x500="https://inishop.com/img/gallery_mediums/70f4b98b8d8de3afcfb32605f07eea1a.jpg" Pic500x500Height="500" Pic500x500Size="113880" Pic500x500Width="500" Prod_id="942219" Quality="ICECAT" ReleaseDate="" ThumbPic="https://inishop.com/img/gallery_thumbs/70f4b98b8d8de3afcfb32605f07eea1a.jpg" ThumbPicSize="6483" Title="Essence gel nail colour" GeneratedIntTitle="Essence Gel Nail nail polish" GeneratedLocalTitle="Essence Gel Nail nail polish 8 ml Gold Shimmer" BrandLocalTitle="Essence gel nail colour">
  <CategoryFeatureGroup ID="12018" No="0">
   <FeatureGroup ID="0">
    <Name ID="5073" langid="1" Value="Technical details"/>
   </FeatureGroup>
  </CategoryFeatureGroup>
  <CategoryFeatureGroup ID="11989" No="0">
   <FeatureGroup ID="14">
    <Name ID="5023" langid="1" Value="Weight &amp; dimensions"/>
   </FeatureGroup>
  </CategoryFeatureGroup>
  <CategoryFeatureGroup ID="77254" No="0">
   <FeatureGroup ID="67">
    <Name ID="27423" langid="1" Value="Packaging data"/>
   </FeatureGroup>
  </CategoryFeatureGroup>
  <CategoryFeatureGroup ID="43483" No="0">
   <FeatureGroup ID="76">
    <Name ID="28540" langid="1" Value="Certificates"/>
   </FeatureGroup>
  </CategoryFeatureGroup>
  <CategoryFeatureGroup ID="50381" No="0">
   <FeatureGroup ID="116">
    <Name ID="78852" langid="1" Value="Packaging content"/>
   </FeatureGroup>
  </CategoryFeatureGroup>
  <CategoryFeatureGroup ID="55479" No="0">
   <FeatureGroup ID="143">
    <Name ID="618812" langid="1" Value="Battery"/>
   </FeatureGroup>
  </CategoryFeatureGroup>
  <CategoryFeatureGroup ID="12412" No="0">
   <FeatureGroup ID="146">
    <Name ID="624346" langid="1" Value="Other features"/>
   </FeatureGroup>
  </CategoryFeatureGroup>
  <CategoryFeatureGroup ID="11992" No="10">
   <FeatureGroup ID="185">
    <Name ID="1219853" langid="1" Value="Features"/>
   </FeatureGroup>
  </CategoryFeatureGroup>
  <CategoryFeatureGroup ID="37495" No="0">
   <FeatureGroup ID="198">
    <Name ID="1788927" langid="1" Value="Logistics data"/>
   </FeatureGroup>
  </CategoryFeatureGroup>
  <CategoryFeatureGroup ID="62004" No="0">
   <FeatureGroup ID="232">
    <Name ID="3464238" langid="1" Value="Supplier features"/>
   </FeatureGroup>
  </CategoryFeatureGroup>
  <CategoryFeatureGroup ID="77253" No="0">
   <FeatureGroup ID="279">
    <Name ID="7392238" langid="1" Value="Sustainability"/>
   </FeatureGroup>
  </CategoryFeatureGroup>
  <Category ID="2943">
   <Name ID="3729479" langid="1" Value="Nail Polishes"/>
  </Category>
  <EANCode EAN="4059729422194" Format="GTIN-13" IsApproved="1"/>
  <FeatureLogo ID="604" Feature_ID="42513" Value="Good for vegan" LogoPic="https://inishop.com/img/feature_logo/604-9536.png" Width="300" Height="300" Size="0">
   <Descriptions>
    <Description ID="3097" langid="1">Good for vegan</Description>
   </Descriptions>
   <FeatureLogoFeatures>
    <FeatureLogoFeature ID="42513">
     <FeatureLogoValues>
      <FeatureLogoValue ID="2394">Good for vegan</FeatureLogoValue>
     </FeatureLogoValues>
    </FeatureLogoFeature>
   </FeatureLogoFeatures>
  </FeatureLogo>
  <ReleaseDate/>
  <EndOfLifeDate/>
  <ReasonsToBuy/>
  <BulletPoints>
   <BulletPoint Value="Long-lasting gel finish with an extreme shine" langid="1" No="1"/>
   <BulletPoint Value="Dries in just 40 seconds" langid="1" No="2"/>
   <BulletPoint Value="Climate neutral, vegan and clean beauty" langid="1" No="3"/>
  </BulletPoints>
  <GeneratedBulletPoints>
   <GeneratedBulletPoint Value="Bottle 8 ml Colour group: Gold" langid="1" No="1"/>
   <GeneratedBulletPoint Value="62 HEART OF gold Applicator type: Brush" langid="1" No="2"/>
   <GeneratedBulletPoint Value="Finish type: Shimmer Suitable for: Women" langid="1" No="3"/>
   <GeneratedBulletPoint Value="Long-lasting Fast drying Easy to apply" langid="1" No="4"/>
  </GeneratedBulletPoints>
  <ProductBundled/>
  <ProductDescription ID="92201824" LongDesc="Clean beauty with WOW performance! There's no compromise with the gel nail colour nail polishes: they are easy to apply thanks to the patented, broad &quot;double-touch&quot; brush and dry extremely quickly in just 40 seconds. The long-lasting gel finish and the wide range of colours leave nothing to be desired. And all of this in a vegan, clean beauty formula with a short list of ingredients and no microplastic particles! The gel nail colour nail polishes are also climate neutral thanks to CO2 compensation." ManualPDFSize="0" ManualPDFURL="" MiddleDesc="" PDFSize="0" PDFURL="" ShortDesc="gel nail colour 62 - HEART OF gold 8ml" URL="https://www.essence.eu/en-za/p/942219/gel-nail-colour" WarrantyInfo="" langid="1"/>
  <ProductFeature Localized="0" ID="576423954" Local_ID="0" Value="8" CategoryFeature_ID="103923" CategoryFeatureGroup_ID="11992" No="100400" Optional="0" Presentation_Value="8 ml" Translated="0" Mandatory="1" Searchable="0">
   <LocalValue Value="8">
    <Measure ID="142">
     <Signs>
      <Sign ID="123" langid="1"><![CDATA[ml]]></Sign>
     </Signs>
    </Measure>
   </LocalValue>
   <Feature ID="5207">
    <Measure ID="142" Sign="">
     <Signs>
      <Sign ID="123" langid="1"><![CDATA[ml]]></Sign>
     </Signs>
    </Measure>
    <Name ID="71645" langid="1" Value="Volume"/>
   </Feature>
  </ProductFeature>
  <ProductFeature Localized="0" ID="576424258" Local_ID="0" Value="Gold" CategoryFeature_ID="103998" CategoryFeatureGroup_ID="11992" No="100100" Optional="0" Presentation_Value="Gold" Translated="1" Mandatory="1" Searchable="0">
   <LocalValue Value="Gold">
    <Measure ID="29">
     <Signs/>
    </Measure>
   </LocalValue>
   <Feature ID="17357">
    <Measure ID="29" Sign="">
     <Signs/>
    </Measure>
    <Name ID="1238438" langid="1" Value="Colour group"/>
   </Feature>
  </ProductFeature>
  <ProductFeature Localized="0" ID="576424261" Local_ID="0" Value="HEART OF gold" CategoryFeature_ID="104004" CategoryFeatureGroup_ID="11992" No="100090" Optional="0" Presentation_Value="HEART OF gold" Translated="0" Mandatory="1" Searchable="0">
   <LocalValue Value="HEART OF gold">
    <Measure ID="29">
     <Signs/>
    </Measure>
   </LocalValue>
   <Feature ID="17956">
    <Measure ID="29" Sign="">
     <Signs/>
    </Measure>
    <Name ID="1296400" langid="1" Value="Colour name"/>
   </Feature>
  </ProductFeature>
  <ProductFeature Localized="0" ID="576424260" Local_ID="0" Value="62" CategoryFeature_ID="104001" CategoryFeatureGroup_ID="11992" No="100080" Optional="0" Presentation_Value="62" Translated="0" Mandatory="1" Searchable="0">
   <LocalValue Value="62">
    <Measure ID="29">
     <Signs/>
    </Measure>
   </LocalValue>
   <Feature ID="17540">
    <Measure ID="29" Sign="">
     <Signs/>
    </Measure>
    <Name ID="1246677" langid="1" Value="Colour code"/>
   </Feature>
  </ProductFeature>
  <ProductFeature Localized="0" ID="576423963" Local_ID="0" Value="Coloring" CategoryFeature_ID="148585" CategoryFeatureGroup_ID="11992" No="100069" Optional="0" Presentation_Value="Coloring" Translated="1" Mandatory="1" Searchable="0">
   <LocalValue Value="Coloring">
    <Measure ID="29">
     <Signs/>
    </Measure>
   </LocalValue>
   <Feature ID="23999">
    <Measure ID="29" Sign="">
     <Signs/>
    </Measure>
    <Name ID="1982519" langid="1" Value="Nail polish effect"/>
   </Feature>
  </ProductFeature>
  <ProductFeature Localized="0" ID="576423955" Local_ID="0" Value="Y" CategoryFeature_ID="105740" CategoryFeatureGroup_ID="11992" No="100055" Optional="0" Presentation_Value="Yes" Translated="1" Mandatory="1" Searchable="0">
   <LocalValue Value="Yes">
    <Measure ID="26">
     <Signs/>
    </Measure>
   </LocalValue>
   <Feature ID="18072">
    <Measure ID="26" Sign="">
     <Signs/>
    </Measure>
    <Name ID="1366788" langid="1" Value="Fast drying"/>
   </Feature>
  </ProductFeature>
  <ProductFeature Localized="0" ID="576423956" Local_ID="0" Value="Opaque" CategoryFeature_ID="338166" CategoryFeatureGroup_ID="11992" No="100071" Optional="0" Presentation_Value="Opaque" Translated="1" Mandatory="0" Searchable="0">
   <LocalValue Value="Opaque">
    <Measure ID="29">
     <Signs/>
    </Measure>
   </LocalValue>
   <Feature ID="32237">
    <Measure ID="29" Sign="">
     <Signs/>
    </Measure>
    <Name ID="3270659" langid="1" Value="Opacity"/>
   </Feature>
  </ProductFeature>
  <ProductFeature Localized="0" ID="576423959" Local_ID="0" Value="Shimmer" CategoryFeature_ID="113015" CategoryFeatureGroup_ID="11992" No="100070" Optional="0" Presentation_Value="Shimmer" Translated="1" Mandatory="0" Searchable="0">
   <LocalValue Value="Shimmer">
    <Measure ID="29">
     <Signs/>
    </Measure>
   </LocalValue>
   <Feature ID="2254">
    <Measure ID="29" Sign="">
     <Signs/>
    </Measure>
    <Name ID="11565" langid="1" Value="Finish type"/>
   </Feature>
  </ProductFeature>
  <ProductFeature Localized="0" ID="576423957" Local_ID="0" Value="Bottle" CategoryFeature_ID="146495" CategoryFeatureGroup_ID="11992" No="100065" Optional="0" Presentation_Value="Bottle" Translated="1" Mandatory="0" Searchable="0">
   <LocalValue Value="Bottle">
    <Measure ID="29">
     <Signs/>
    </Measure>
   </LocalValue>
   <Feature ID="17965">
    <Measure ID="29" Sign="">
     <Signs/>
    </Measure>
    <Name ID="1313226" langid="1" Value="Dispenser type"/>
   </Feature>
  </ProductFeature>
  <ProductFeature Localized="0" ID="576423961" Local_ID="0" Value="Y" CategoryFeature_ID="105739" CategoryFeatureGroup_ID="11992" No="100060" Optional="0" Presentation_Value="Yes" Translated="1" Mandatory="0" Searchable="0">
   <LocalValue Value="Yes">
    <Measure ID="26">
     <Signs/>
    </Measure>
   </LocalValue>
   <Feature ID="18071">
    <Measure ID="26" Sign="">
     <Signs/>
    </Measure>
    <Name ID="1366410" langid="1" Value="Long-lasting"/>
   </Feature>
  </ProductFeature>
  <ProductFeature Localized="0" ID="576423964" Local_ID="0" Value="Y" CategoryFeature_ID="150080" CategoryFeatureGroup_ID="11992" No="100050" Optional="0" Presentation_Value="Yes" Translated="1" Mandatory="0" Searchable="0">
   <LocalValue Value="Yes">
    <Measure ID="26">
     <Signs/>
    </Measure>
   </LocalValue>
   <Feature ID="15767">
    <Measure ID="26" Sign="">
     <Signs/>
    </Measure>
    <Name ID="1180148" langid="1" Value="Easy to apply"/>
   </Feature>
  </ProductFeature>
  <ProductFeature Localized="0" ID="576423958" Local_ID="0" Value="Brush" CategoryFeature_ID="338175" CategoryFeatureGroup_ID="11992" No="100000" Optional="0" Presentation_Value="Brush" Translated="1" Mandatory="0" Searchable="0">
   <LocalValue Value="Brush">
    <Measure ID="29">
     <Signs/>
    </Measure>
   </LocalValue>
   <Feature ID="38481">
    <Measure ID="29" Sign="">
     <Signs/>
    </Measure>
    <Name ID="5359639" langid="1" Value="Applicator type"/>
   </Feature>
  </ProductFeature>
  <ProductFeature Localized="0" ID="835125209" Local_ID="0" Value="Women" CategoryFeature_ID="693734" CategoryFeatureGroup_ID="11992" No="100000" Optional="0" Presentation_Value="Women" Translated="1" Mandatory="0" Searchable="0">
   <LocalValue Value="Women">
    <Measure ID="29">
     <Signs/>
    </Measure>
   </LocalValue>
   <Feature ID="9202">
    <Measure ID="29" Sign="">
     <Signs/>
    </Measure>
    <Name ID="765619" langid="1" Value="Suitable for"/>
   </Feature>
  </ProductFeature>
  <ProductFeature Localized="0" ID="576423965" Local_ID="0" Value="ETHYL ACETATE, BUTYL ACETATE, NITROCELLULOSE, DIPROPYLENE GLYCOL DIBENZOATE, ISOPROPYL ALCOHOL, ADIPIC ACID/NEOPENTYL GLYCOL/TRIMELLITIC ANHYDRIDE COPOLYMER, ACRYLATES COPOLYMER, ADIPIC ACID/FUMARIC ACID/TRICYCLODECANE DIMETHANOL COPOLYMER, MICA, STEARALKONIUM BENTONITE, SILICA, DIACETONE ALCOHOL, SUCROSE ACETATE ISOBUTYRATE, MALTOL, PENTAERYTHRITYL TETRAISOSTEARATE, PHOSPHORIC ACID, TIN OXIDE, BARIUM SULFATE, CI 15850 (RED 6), CI 77499 (IRON OXIDES), CI 77510 (FERRIC AMMONIUM FERROCYANIDE), CI 77891 (TITANIUM DIOXIDE)." CategoryFeature_ID="103962" CategoryFeatureGroup_ID="11992" No="99920" Optional="0" Presentation_Value="ETHYL ACETATE, BUTYL ACETATE, NITROCELLULOSE, DIPROPYLENE GLYCOL DIBENZOATE, ISOPROPYL ALCOHOL, ADIPIC ACID/NEOPENTYL GLYCOL/TRIMELLITIC ANHYDRIDE COPOLYMER, ACRYLATES COPOLYMER, ADIPIC ACID/FUMARIC ACID/TRICYCLODECANE DIMETHANOL COPOLYMER, MICA, STEARALKONIUM BENTONITE, SILICA, DIACETONE ALCOHOL, SUCROSE ACETATE ISOBUTYRATE, MALTOL, PENTAERYTHRITYL TETRAISOSTEARATE, PHOSPHORIC ACID, TIN OXIDE, BARIUM SULFATE, CI 15850 (RED 6), CI 77499 (IRON OXIDES), CI 77510 (FERRIC AMMONIUM FERROCYANIDE), CI 77891 (TITANIUM DIOXIDE)." Translated="0" Mandatory="0" Searchable="0">
   <LocalValue Value="ETHYL ACETATE, BUTYL ACETATE, NITROCELLULOSE, DIPROPYLENE GLYCOL DIBENZOATE, ISOPROPYL ALCOHOL, ADIPIC ACID/NEOPENTYL GLYCOL/TRIMELLITIC ANHYDRIDE COPOLYMER, ACRYLATES COPOLYMER, ADIPIC ACID/FUMARIC ACID/TRICYCLODECANE DIMETHANOL COPOLYMER, MICA, STEARALKONIUM BENTONITE, SILICA, DIACETONE ALCOHOL, SUCROSE ACETATE ISOBUTYRATE, MALTOL, PENTAERYTHRITYL TETRAISOSTEARATE, PHOSPHORIC ACID, TIN OXIDE, BARIUM SULFATE, CI 15850 (RED 6), CI 77499 (IRON OXIDES), CI 77510 (FERRIC AMMONIUM FERROCYANIDE), CI 77891 (TITANIUM DIOXIDE).">
    <Measure ID="29">
     <Signs/>
    </Measure>
   </LocalValue>
   <Feature ID="16908">
    <Measure ID="29" Sign="">
     <Signs/>
    </Measure>
    <Name ID="1216897" langid="1" Value="Ingredients"/>
   </Feature>
  </ProductFeature>
  <ProductFeature Localized="1" ID="0" Local_ID="554059070" Value="" CategoryFeature_ID="151182" CategoryFeatureGroup_ID="11992" No="99890" Optional="0" Presentation_Value="To ensure that nail polish lasts particularly well and can be applied evenly, it's best to prime the nails with a base coat first. At the very end, apply a top coat over the dried nail polish to make it last longer." Translated="1" Mandatory="0" Searchable="0">
   <LocalValue Value="To ensure that nail polish lasts particularly well and can be applied evenly, it's best to prime the nails with a base coat first. At the very end, apply a top coat over the dried nail polish to make it last longer.">
    <Measure ID="29">
     <Signs/>
    </Measure>
   </LocalValue>
   <Feature ID="24555">
    <Measure ID="29" Sign="">
     <Signs/>
    </Measure>
    <Name ID="2025750" langid="1" Value="How to use"/>
   </Feature>
  </ProductFeature>
  <ProductFeature Localized="0" ID="835125201" Local_ID="0" Value="Fragrance,Oil,Paraben" CategoryFeature_ID="625012" CategoryFeatureGroup_ID="11992" No="99850" Optional="0" Presentation_Value="Fragrance, Oil, Paraben" Translated="1" Mandatory="0" Searchable="0">
   <LocalValue Value="Fragrance, Oil, Paraben">
    <Measure ID="29">
     <Signs/>
    </Measure>
   </LocalValue>
   <Feature ID="42516">
    <Measure ID="29" Sign="">
     <Signs/>
    </Measure>
    <Name ID="6876321" langid="1" Value="Doesn't contain"/>
   </Feature>
  </ProductFeature>
  <ProductFeature Localized="0" ID="835125205" Local_ID="0" Value="Good for vegan" CategoryFeature_ID="604465" CategoryFeatureGroup_ID="77253" No="100000" Optional="0" Presentation_Value="Good for vegan" Translated="1" Mandatory="0" Searchable="0">
   <LocalValue Value="Good for vegan">
    <Measure ID="29">
     <Signs/>
    </Measure>
   </LocalValue>
   <Feature ID="42513">
    <Measure ID="29" Sign="">
     <Signs/>
    </Measure>
    <Name ID="6876123" langid="1" Value="Sustainability certificates"/>
   </Feature>
  </ProductFeature>
  <ProductFeature Localized="0" ID="576423962" Local_ID="0" Value="1" CategoryFeature_ID="104007" CategoryFeatureGroup_ID="77254" No="100150" Optional="0" Presentation_Value="1 pc(s)" Translated="0" Mandatory="1" Searchable="0">
   <LocalValue Value="1">
    <Measure ID="144">
     <Signs>
      <Sign ID="125" langid="1"><![CDATA[pc(s)]]></Sign>
     </Signs>
    </Measure>
   </LocalValue>
   <Feature ID="5456">
    <Measure ID="144" Sign="">
     <Signs>
      <Sign ID="125" langid="1"><![CDATA[pc(s)]]></Sign>
     </Signs>
    </Measure>
    <Name ID="78359" langid="1" Value="Number of products included"/>
   </Feature>
  </ProductFeature>
  <ProductGallery>
   <ProductPicture IsMain="Y" LowPic="https://inishop.com/img/gallery_lows/70f4b98b8d8de3afcfb32605f07eea1a.jpg" LowPicHeight="200" LowPicWidth="200" LowSize="27042" No="1" Original="https://inishop.com/img/gallery_raw/70f4b98b8d8de3afcfb32605f07eea1a.webp" OriginalSize="136744" Pic="https://inishop.com/img/gallery/70f4b98b8d8de3afcfb32605f07eea1a.jpg" Pic500x500="https://inishop.com/img/gallery_mediums/70f4b98b8d8de3afcfb32605f07eea1a.jpg" Pic500x500Height="500" Pic500x500Size="113880" Pic500x500Width="500" PicHeight="2000" PicWidth="2000" ProductPicture_ID="79531959" Size="917686" ThumbPic="https://inishop.com/img/gallery_thumbs/70f4b98b8d8de3afcfb32605f07eea1a.jpg" ThumbSize="6483" Type="ProductImage" UpdatedDate="2023-08-14 18:46:19"/>
   <ProductPicture LowPic="https://inishop.com/img/gallery_lows/fdd4636d2c948232695e135cec53928bb1e4997f.jpg" LowPicHeight="200" LowPicWidth="78" LowSize="13757" No="2" Original="https://inishop.com/img/gallery_raw/4a08f436f669cc10ab2deb3928d84888.webp" OriginalSize="81316" Pic="https://inishop.com/img/gallery/09d009ebe75bfb0540743cfc5c3fa1779abebc4a.jpg" Pic500x500="https://inishop.com/img/gallery_mediums/08a0e1ccaa2d148ba739b04ec921b4cce9f60541.jpg" Pic500x500Height="500" Pic500x500Size="58764" Pic500x500Width="195" PicHeight="2196" PicWidth="855" ProductPicture_ID="79531960" Size="622809" ThumbPic="https://inishop.com/img/gallery_thumbs/602129fab3b7b6f569fe6ac599cbce448234e908.jpg" ThumbSize="3360" Type="ProductImage" UpdatedDate="2025-09-08 16:11:44"/>
   <ProductPicture LowPic="https://inishop.com/img/gallery_lows/adb2fc9ea8b3263e9127b17751738040cd566f4b.jpg" LowPicHeight="192" LowPicWidth="200" LowSize="39158" No="3" Original="https://inishop.com/img/gallery_raw/18ece7ac6e9b9f8ecc33284bbe9c8683.webp" OriginalSize="123096" Pic="https://inishop.com/img/gallery/be6de681b4b7da576f53e756f5e862e5ace421e2.jpg" Pic500x500="https://inishop.com/img/gallery_mediums/8faf94988f6d835464bc7a797aa5ed35737d6bae.jpg" Pic500x500Height="481" Pic500x500Size="201185" Pic500x500Width="500" PicHeight="1026" PicWidth="1066" ProductPicture_ID="79531961" Size="754930" ThumbPic="https://inishop.com/img/gallery_thumbs/48a746cf8602e42e18a338a7e3abc59f6a339f53.jpg" ThumbSize="7162" Type="ProductImage" UpdatedDate="2025-09-08 16:11:48"/>
   <ProductPicture LowPic="https://inishop.com/img/gallery_lows/2d8c58183b83555fb72ec07cd2b9bc4d.jpg" LowPicHeight="200" LowPicWidth="200" LowSize="33169" No="4" Original="https://inishop.com/img/gallery_raw/2d8c58183b83555fb72ec07cd2b9bc4d.webp" OriginalSize="118186" Pic="https://inishop.com/img/gallery/2d8c58183b83555fb72ec07cd2b9bc4d.jpg" Pic500x500="https://inishop.com/img/gallery_mediums/2d8c58183b83555fb72ec07cd2b9bc4d.jpg" Pic500x500Height="500" Pic500x500Size="141557" Pic500x500Width="500" PicHeight="2000" PicWidth="2000" ProductPicture_ID="79531962" Size="1211066" ThumbPic="https://inishop.com/img/gallery_thumbs/2d8c58183b83555fb72ec07cd2b9bc4d.jpg" ThumbSize="7838" Type="LifestyleImage" UpdatedDate="2025-09-08 16:29:34"/>
   <ProductPicture LowPic="https://inishop.com/img/gallery_lows/3a98abc71dcb14b3c10005e1520d2034.jpg" LowPicHeight="200" LowPicWidth="200" LowSize="33817" No="5" Original="https://inishop.com/img/gallery_raw/3a98abc71dcb14b3c10005e1520d2034.webp" OriginalSize="114524" Pic="https://inishop.com/img/gallery/3a98abc71dcb14b3c10005e1520d2034.jpg" Pic500x500="https://inishop.com/img/gallery_mediums/3a98abc71dcb14b3c10005e1520d2034.jpg" Pic500x500Height="500" Pic500x500Size="140893" Pic500x500Width="500" PicHeight="2000" PicWidth="2000" ProductPicture_ID="79531963" Size="1189012" ThumbPic="https://inishop.com/img/gallery_thumbs/3a98abc71dcb14b3c10005e1520d2034.jpg" ThumbSize="7961" Type="LifestyleImage" UpdatedDate="2025-09-08 16:29:36"/>
   <ProductPicture LowPic="https://inishop.com/img/gallery_lows/fc61db297fc1bc36a48d5f3c5666dfa388a067ff.jpg" LowPicHeight="200" LowPicWidth="200" LowSize="37290" No="6" Original="https://inishop.com/img/gallery_raw/6e4f82d53574f0dd42c6a4ef0a6a494eaffc39da.jpeg" OriginalSize="271851" Pic="https://inishop.com/img/gallery/159015637519167afee462e2de066c084632a610.jpg" Pic500x500="https://inishop.com/img/gallery_mediums/657d5dadb343619b7a5c30cf67dacb453f2bd39e.jpg" Pic500x500Height="500" Pic500x500Size="168567" Pic500x500Width="500" PicHeight="2000" PicWidth="2000" ProductPicture_ID="117083245" Size="1049377" ThumbPic="https://inishop.com/img/gallery_thumbs/33c6852a04c4f4594e267cfca5737f3c294cd401.jpg" ThumbSize="8169" Type="Other" UpdatedDate="2025-09-08 16:12:02"/>
   <ProductPicture LowPic="https://inishop.com/img/gallery_lows/83ded56b1b7ce9855d060290a693c2e489592832.jpg" LowPicHeight="200" LowPicWidth="200" LowSize="42366" No="7" Original="https://inishop.com/img/gallery_raw/9afb749395df5d19ee9d63b0180d0da3f1b0cc56.jpeg" OriginalSize="333547" Pic="https://inishop.com/img/gallery/c373592901c18dfc4cb904fde768b8180d990b67.jpg" Pic500x500="https://inishop.com/img/gallery_mediums/34bdec4994251c5865d1823c037af9eea312a9f7.jpg" Pic500x500Height="500" Pic500x500Size="187200" Pic500x500Width="500" PicHeight="2000" PicWidth="2000" ProductPicture_ID="117083246" Size="1179135" ThumbPic="https://inishop.com/img/gallery_thumbs/5f06be7b1c55b9b2a8267a0802554c83d6d00221.jpg" ThumbSize="8944" Type="Other" UpdatedDate="2025-09-08 16:12:04"/>
   <ProductPicture LowPic="" LowPicHeight="0" LowPicWidth="0" LowSize="0" No="999" Original="" OriginalSize="0" Pic="https://inishop.com/img/feature_logo/604-9536.png" Pic500x500="" Pic500x500Height="0" Pic500x500Size="0" Pic500x500Width="0" PicHeight="300" PicWidth="300" ProductPicture_ID="4355409808" Size="46990" ThumbPic="https://inishop.com/img/feature_logo_thumbs/604-9536.png" ThumbSize="0" Type="FeatureLogo" UpdatedDate="" langid="1"/>
  </ProductGallery>
  <ProductMultimediaObject>
   <MultimediaObject ContentType="text/html" Date="2023-08-14 18:37:52" Description="essence Gel Nail Colour" KeepAsURL="1" MultimediaObject_ID="27532791" Type="video/mp4" UUID="F97DADE1-31F9-4DE8-A91C-E75D1508DC77" langid="0" OriginalMD5="5b00504eac9403ce9cbe10138a7b2d57" ThumbUrl="https://img.youtube.com/vi/eFGhO-YU56o/default.jpg" Height="0" PreviewHeight="0" PreviewSize="0" PreviewUrl="https://img.youtube.com/vi/eFGhO-YU56o/hqdefault.jpg" PreviewWidth="0" Size="77171" URL="https://www.youtube.com/embed/eFGhO-YU56o" Width="0"/>
  </ProductMultimediaObject>
  <ProductRelated/>
  <SummaryDescription>
   <ShortSummaryDescription langid="1">Essence gel nail colour, 8 ml, Gold, HEART OF gold, Coloring, Opaque, Shimmer</ShortSummaryDescription>
   <LongSummaryDescription langid="1">Essence gel nail colour. Volume: 8 ml, Colour group: Gold, Colour name: HEART OF gold. Sustainability certificates: Good for vegan. Number of products included: 1 pc(s)</LongSummaryDescription>
  </SummaryDescription>
  <Supplier ID="29383" Name="Essence"/>
  <CatalogObjectCloud/>
  <BrandOrganizations/>
 </Product>
</ICECAT-interface>
