<?xml version="1.0" encoding="UTF-8"?>
<!DOCTYPE ICECAT-interface SYSTEM "https://data.icecat.biz/dtd/ICECAT-interface_response.dtd">
<!--source: Icecat.biz 2025-->
<!--Language ID: 1-->
<!--Version: v2-->
<ICECAT-interface xmlns:xsi="http://www.w3.org/2001/XMLSchema-instance" xsi:noNamespaceSchemaLocation="https://data.icecat.biz/xsd/ICECAT-interface_response.xsd">
 <Product Code="1" HighPic="https://inishop.com/img/gallery/ba6b99205529b78215a7304ddf0542b66d762cc5.jpg" HighPicHeight="2197" HighPicSize="183782" HighPicWidth="417" ID="118323563" LowPic="https://inishop.com/img/gallery_lows/80b102a6824cbc9b0435397e268f1ee66f3812c1.jpg" LowPicHeight="200" LowPicSize="5384" LowPicWidth="38" Name="The Slim Stick" IntName="The Slim Stick" LocalName="" Pic500x500="https://inishop.com/img/gallery_mediums/baacfb7e7429fcd9ec2d330004cfbb7dc4718a0a.jpg" Pic500x500Height="500" Pic500x500Size="20896" Pic500x500Width="95" Prod_id="946635" Quality="ICECAT" ReleaseDate="" ThumbPic="https://inishop.com/img/gallery_thumbs/80544379465ae045ea28886a26369e01dddb4a6c.jpg" ThumbPicSize="1673" Title="Essence The Slim Stick 1.7 g 105 Velvet Punch Matte" GeneratedIntTitle="Essence The Slim Stick" GeneratedLocalTitle="Essence The Slim Stick 1.7 g 105 Velvet Punch Matte" BrandLocalTitle="">
  <CategoryFeatureGroup ID="19757" No="0">
   <FeatureGroup ID="0">
    <Name ID="5073" langid="1" Value="Technical details"/>
   </FeatureGroup>
  </CategoryFeatureGroup>
  <CategoryFeatureGroup ID="12077" No="-10">
   <FeatureGroup ID="14">
    <Name ID="5023" langid="1" Value="Weight &amp; dimensions"/>
   </FeatureGroup>
  </CategoryFeatureGroup>
  <CategoryFeatureGroup ID="76612" No="0">
   <FeatureGroup ID="67">
    <Name ID="27423" langid="1" Value="Packaging data"/>
   </FeatureGroup>
  </CategoryFeatureGroup>
  <CategoryFeatureGroup ID="43452" No="0">
   <FeatureGroup ID="76">
    <Name ID="28540" langid="1" Value="Certificates"/>
   </FeatureGroup>
  </CategoryFeatureGroup>
  <CategoryFeatureGroup ID="15807" No="-30">
   <FeatureGroup ID="116">
    <Name ID="78852" langid="1" Value="Packaging content"/>
   </FeatureGroup>
  </CategoryFeatureGroup>
  <CategoryFeatureGroup ID="55448" No="0">
   <FeatureGroup ID="143">
    <Name ID="618812" langid="1" Value="Battery"/>
   </FeatureGroup>
  </CategoryFeatureGroup>
  <CategoryFeatureGroup ID="26280" No="0">
   <FeatureGroup ID="146">
    <Name ID="624346" langid="1" Value="Other features"/>
   </FeatureGroup>
  </CategoryFeatureGroup>
  <CategoryFeatureGroup ID="12078" No="100">
   <FeatureGroup ID="185">
    <Name ID="1219853" langid="1" Value="Features"/>
   </FeatureGroup>
  </CategoryFeatureGroup>
  <CategoryFeatureGroup ID="28210" No="-40">
   <FeatureGroup ID="198">
    <Name ID="1788927" langid="1" Value="Logistics data"/>
   </FeatureGroup>
  </CategoryFeatureGroup>
  <CategoryFeatureGroup ID="61974" No="0">
   <FeatureGroup ID="232">
    <Name ID="3464238" langid="1" Value="Supplier features"/>
   </FeatureGroup>
  </CategoryFeatureGroup>
  <CategoryFeatureGroup ID="77427" No="0">
   <FeatureGroup ID="279">
    <Name ID="7392238" langid="1" Value="Sustainability"/>
   </FeatureGroup>
  </CategoryFeatureGroup>
  <Category ID="3005">
   <Name ID="3729538" langid="1" Value="Lipsticks"/>
  </Category>
  <EANCode EAN="4059729466358" Format="GTIN-13" IsApproved="1"/>
  <ReleaseDate/>
  <EndOfLifeDate/>
  <ReasonsToBuy/>
  <BulletPoints>
   <BulletPoint Value="Creamy lipstick with a velvet matte finish" langid="1" No="1"/>
   <BulletPoint Value="Up to 6h long-lastingness without smudging" langid="1" No="2"/>
   <BulletPoint Value="No drying out thanks to jojoba oil, macadamia oil, coconut oil and vitamin E" langid="1" No="3"/>
  </BulletPoints>
  <GeneratedBulletPoints>
   <GeneratedBulletPoint Value="Rose 105 1 colours" langid="1" No="1"/>
   <GeneratedBulletPoint Value="Finishing: Matte" langid="1" No="2"/>
   <GeneratedBulletPoint Value="Substance: Cream" langid="1" No="3"/>
   <GeneratedBulletPoint Value="Lipstick effect: Coloring" langid="1" No="4"/>
   <GeneratedBulletPoint Value="Constitutive ingredients: Coconut oil, Jojoba oil, Macadamia oil" langid="1" No="5"/>
  </GeneratedBulletPoints>
  <ProductBundled/>
  <ProductDescription ID="104037654" LongDesc="Say “Hello” to the essence THE slim STICK 105 Velvet Punch in a warm velvet shade! The lipstick convinces with its creamy texture and a velvet matte finish. It has a lastingness of up to 6 hours without drying out or smudging and is ultra-comfortable to wear. The slim packaging is perfect for on-the-go and allows precise and easy application – anytime, anywhere! Enriched with with jojoba oil, macadamia oil, coconut oil and vitamin E the lipstick prevents the lips from drying out and feels ultra-comfortable to wear.&lt;br&gt;" ManualPDFSize="0" ManualPDFURL="" MiddleDesc="" PDFSize="0" PDFURL="" ShortDesc="The Slim Stick 105 Velvet Punch 1.7 g" URL="https://www.essence.eu/en-za/p/946635/the-slim-stick" WarrantyInfo="" langid="1"/>
  <ProductFeature Localized="0" ID="616421616" Local_ID="0" Value="Rose" CategoryFeature_ID="105224" CategoryFeatureGroup_ID="12078" No="10100060" Optional="0" Presentation_Value="Rose" Translated="1" Mandatory="1" Searchable="1">
   <LocalValue Value="Rose">
    <Measure ID="29">
     <Signs/>
    </Measure>
   </LocalValue>
   <Feature ID="17357">
    <Measure ID="29" Sign="">
     <Signs/>
    </Measure>
    <Name ID="1238438" langid="1" Value="Colour group"/>
   </Feature>
  </ProductFeature>
  <ProductFeature Localized="0" ID="616421618" Local_ID="0" Value="105" CategoryFeature_ID="105225" CategoryFeatureGroup_ID="12078" No="100049" Optional="0" Presentation_Value="105" Translated="0" Mandatory="1" Searchable="0">
   <LocalValue Value="105">
    <Measure ID="29">
     <Signs/>
    </Measure>
   </LocalValue>
   <Feature ID="17540">
    <Measure ID="29" Sign="">
     <Signs/>
    </Measure>
    <Name ID="1246677" langid="1" Value="Colour code"/>
   </Feature>
  </ProductFeature>
  <ProductFeature Localized="0" ID="616421619" Local_ID="0" Value="Velvet Punch" CategoryFeature_ID="105226" CategoryFeatureGroup_ID="12078" No="100048" Optional="0" Presentation_Value="Velvet Punch" Translated="0" Mandatory="1" Searchable="0">
   <LocalValue Value="Velvet Punch">
    <Measure ID="29">
     <Signs/>
    </Measure>
   </LocalValue>
   <Feature ID="17956">
    <Measure ID="29" Sign="">
     <Signs/>
    </Measure>
    <Name ID="1296400" langid="1" Value="Colour name"/>
   </Feature>
  </ProductFeature>
  <ProductFeature Localized="0" ID="616421608" Local_ID="0" Value="1" CategoryFeature_ID="145622" CategoryFeatureGroup_ID="12078" No="100045" Optional="0" Presentation_Value="1 colours" Translated="0" Mandatory="1" Searchable="0">
   <LocalValue Value="1">
    <Measure ID="375">
     <Signs>
      <Sign ID="30608" langid="1"><![CDATA[colours]]></Sign>
     </Signs>
    </Measure>
   </LocalValue>
   <Feature ID="3530">
    <Measure ID="375" Sign="">
     <Signs>
      <Sign ID="30608" langid="1"><![CDATA[colours]]></Sign>
     </Signs>
    </Measure>
    <Name ID="33892" langid="1" Value="Number of colours"/>
   </Feature>
  </ProductFeature>
  <ProductFeature Localized="0" ID="616421624" Local_ID="0" Value="Coloring" CategoryFeature_ID="145874" CategoryFeatureGroup_ID="12078" No="100037" Optional="0" Presentation_Value="Coloring" Translated="1" Mandatory="1" Searchable="0">
   <LocalValue Value="Coloring">
    <Measure ID="29">
     <Signs/>
    </Measure>
   </LocalValue>
   <Feature ID="23716">
    <Measure ID="29" Sign="">
     <Signs/>
    </Measure>
    <Name ID="1902180" langid="1" Value="Lipstick effect"/>
   </Feature>
  </ProductFeature>
  <ProductFeature Localized="0" ID="616421612" Local_ID="0" Value="Women" CategoryFeature_ID="145869" CategoryFeatureGroup_ID="12078" No="10100095" Optional="0" Presentation_Value="Women" Translated="1" Mandatory="0" Searchable="0">
   <LocalValue Value="Women">
    <Measure ID="29">
     <Signs/>
    </Measure>
   </LocalValue>
   <Feature ID="9202">
    <Measure ID="29" Sign="">
     <Signs/>
    </Measure>
    <Name ID="765619" langid="1" Value="Suitable for"/>
   </Feature>
  </ProductFeature>
  <ProductFeature Localized="0" ID="616421613" Local_ID="0" Value="Matte" CategoryFeature_ID="145871" CategoryFeatureGroup_ID="12078" No="100044" Optional="0" Presentation_Value="Matte" Translated="1" Mandatory="0" Searchable="0">
   <LocalValue Value="Matte">
    <Measure ID="29">
     <Signs/>
    </Measure>
   </LocalValue>
   <Feature ID="12230">
    <Measure ID="29" Sign="">
     <Signs/>
    </Measure>
    <Name ID="1088074" langid="1" Value="Finishing"/>
   </Feature>
  </ProductFeature>
  <ProductFeature Localized="0" ID="835289055" Local_ID="0" Value="Mechanical (hand winding)" CategoryFeature_ID="326730" CategoryFeatureGroup_ID="12078" No="100043" Optional="0" Presentation_Value="Mechanical (hand winding)" Translated="1" Mandatory="0" Searchable="0">
   <LocalValue Value="Mechanical (hand winding)">
    <Measure ID="29">
     <Signs/>
    </Measure>
   </LocalValue>
   <Feature ID="11027">
    <Measure ID="29" Sign="">
     <Signs/>
    </Measure>
    <Name ID="964679" langid="1" Value="Mechanism type"/>
   </Feature>
  </ProductFeature>
  <ProductFeature Localized="0" ID="616421611" Local_ID="0" Value="Cream" CategoryFeature_ID="161799" CategoryFeatureGroup_ID="12078" No="100040" Optional="0" Presentation_Value="Cream" Translated="1" Mandatory="0" Searchable="0">
   <LocalValue Value="Cream">
    <Measure ID="29">
     <Signs/>
    </Measure>
   </LocalValue>
   <Feature ID="5658">
    <Measure ID="29" Sign="">
     <Signs/>
    </Measure>
    <Name ID="113520" langid="1" Value="Substance"/>
   </Feature>
  </ProductFeature>
  <ProductFeature Localized="0" ID="616421621" Local_ID="0" Value="Coconut oil,Jojoba oil,Macadamia oil" CategoryFeature_ID="145873" CategoryFeatureGroup_ID="12078" No="100035" Optional="0" Presentation_Value="Coconut oil, Jojoba oil, Macadamia oil" Translated="1" Mandatory="0" Searchable="0">
   <LocalValue Value="Coconut oil, Jojoba oil, Macadamia oil">
    <Measure ID="29">
     <Signs/>
    </Measure>
   </LocalValue>
   <Feature ID="18005">
    <Measure ID="29" Sign="">
     <Signs/>
    </Measure>
    <Name ID="1353304" langid="1" Value="Constitutive ingredients"/>
   </Feature>
  </ProductFeature>
  <ProductFeature Localized="0" ID="616421614" Local_ID="0" Value="N" CategoryFeature_ID="686439" CategoryFeatureGroup_ID="12078" No="100020" Optional="0" Presentation_Value="No" Translated="1" Mandatory="0" Searchable="0">
   <LocalValue Value="No">
    <Measure ID="26">
     <Signs/>
    </Measure>
   </LocalValue>
   <Feature ID="14682">
    <Measure ID="26" Sign="">
     <Signs/>
    </Measure>
    <Name ID="1142538" langid="1" Value="Scented"/>
   </Feature>
  </ProductFeature>
  <ProductFeature Localized="0" ID="616421622" Local_ID="0" Value="Y" CategoryFeature_ID="150298" CategoryFeatureGroup_ID="12078" No="100010" Optional="0" Presentation_Value="Yes" Translated="1" Mandatory="0" Searchable="0">
   <LocalValue Value="Yes">
    <Measure ID="26">
     <Signs/>
    </Measure>
   </LocalValue>
   <Feature ID="18071">
    <Measure ID="26" Sign="">
     <Signs/>
    </Measure>
    <Name ID="1366410" langid="1" Value="Long-lasting"/>
   </Feature>
  </ProductFeature>
  <ProductFeature Localized="0" ID="835289244" Local_ID="0" Value="Y" CategoryFeature_ID="164978" CategoryFeatureGroup_ID="12078" No="100009" Optional="0" Presentation_Value="Yes" Translated="1" Mandatory="0" Searchable="0">
   <LocalValue Value="Yes">
    <Measure ID="26">
     <Signs/>
    </Measure>
   </LocalValue>
   <Feature ID="22607">
    <Measure ID="26" Sign="">
     <Signs/>
    </Measure>
    <Name ID="1785932" langid="1" Value="Not tested on animals"/>
   </Feature>
  </ProductFeature>
  <ProductFeature Localized="0" ID="835289108" Local_ID="0" Value="Y" CategoryFeature_ID="168223" CategoryFeatureGroup_ID="12078" No="100008" Optional="0" Presentation_Value="Yes" Translated="1" Mandatory="0" Searchable="0">
   <LocalValue Value="Yes">
    <Measure ID="26">
     <Signs/>
    </Measure>
   </LocalValue>
   <Feature ID="26721">
    <Measure ID="26" Sign="">
     <Signs/>
    </Measure>
    <Name ID="2290262" langid="1" Value="No animal ingredients &amp; by-products"/>
   </Feature>
  </ProductFeature>
  <ProductFeature Localized="0" ID="616421625" Local_ID="0" Value="Y" CategoryFeature_ID="801661" CategoryFeatureGroup_ID="12078" No="100007" Optional="0" Presentation_Value="Yes" Translated="1" Mandatory="0" Searchable="0">
   <LocalValue Value="Yes">
    <Measure ID="26">
     <Signs/>
    </Measure>
   </LocalValue>
   <Feature ID="41954">
    <Measure ID="26" Sign="">
     <Signs/>
    </Measure>
    <Name ID="6621772" langid="1" Value="Transfer-resistant"/>
   </Feature>
  </ProductFeature>
  <ProductFeature Localized="0" ID="616421617" Local_ID="0" Value="6" CategoryFeature_ID="109037" CategoryFeatureGroup_ID="12078" No="100000" Optional="0" Presentation_Value="6 h" Translated="0" Mandatory="0" Searchable="0">
   <LocalValue Value="6">
    <Measure ID="46">
     <Signs>
      <Sign ID="30" langid="1"><![CDATA[h]]></Sign>
     </Signs>
    </Measure>
   </LocalValue>
   <Feature ID="17369">
    <Measure ID="46" Sign="">
     <Signs>
      <Sign ID="30" langid="1"><![CDATA[h]]></Sign>
     </Signs>
    </Measure>
    <Name ID="1238673" langid="1" Value="Staying time"/>
   </Feature>
  </ProductFeature>
  <ProductFeature Localized="0" ID="616421626" Local_ID="0" Value="Alcohol,Fragrance,Gluten,Paraben" CategoryFeature_ID="625070" CategoryFeatureGroup_ID="12078" No="100000" Optional="0" Presentation_Value="Alcohol, Fragrance, Gluten, Paraben" Translated="1" Mandatory="0" Searchable="0">
   <LocalValue Value="Alcohol, Fragrance, Gluten, Paraben">
    <Measure ID="29">
     <Signs/>
    </Measure>
   </LocalValue>
   <Feature ID="42516">
    <Measure ID="29" Sign="">
     <Signs/>
    </Measure>
    <Name ID="6876321" langid="1" Value="Doesn't contain"/>
   </Feature>
  </ProductFeature>
  <ProductFeature Localized="0" ID="616421615" Local_ID="0" Value="HYDROGENATED POLYISOBUTENE, CAPRYLIC/CAPRIC TRIGLYCERIDE, VINYL DIMETHICONE/METHICONE SILSESQUIOXANE CROSSPOLYMER, ISONONYL ISONONANOATE, EUPHORBIA CERIFERA CERA (EUPHORBIA CERIFERA (CANDELILLA) WAX), SIMMONDSIA CHINENSIS (JOJOBA) SEED OIL, POLYISOBUTENE, OCTYLDODECANOL, SILICA, BIS-DIGLYCERYL POLYACYLADIPATE-2, SYNTHETIC WAX, TOCOPHERYL ACETATE, MACADAMIA INTEGRIFOLIA SEED OIL, COCOS NUCIFERA (COCONUT) OIL, TOCOPHEROL, ETHYLHEXYLGLYCERIN, PHENOXYETHANOL, CI 77491 (IRON OXIDES), CI 77492 (IRON OXIDES), CI 77499 (IRON OXIDES), CI 77891 (TITANIUM DIOXIDE)." CategoryFeature_ID="105238" CategoryFeatureGroup_ID="12078" No="99920" Optional="0" Presentation_Value="HYDROGENATED POLYISOBUTENE, CAPRYLIC/CAPRIC TRIGLYCERIDE, VINYL DIMETHICONE/METHICONE SILSESQUIOXANE CROSSPOLYMER, ISONONYL ISONONANOATE, EUPHORBIA CERIFERA CERA (EUPHORBIA CERIFERA (CANDELILLA) WAX), SIMMONDSIA CHINENSIS (JOJOBA) SEED OIL, POLYISOBUTENE, OCTYLDODECANOL, SILICA, BIS-DIGLYCERYL POLYACYLADIPATE-2, SYNTHETIC WAX, TOCOPHERYL ACETATE, MACADAMIA INTEGRIFOLIA SEED OIL, COCOS NUCIFERA (COCONUT) OIL, TOCOPHEROL, ETHYLHEXYLGLYCERIN, PHENOXYETHANOL, CI 77491 (IRON OXIDES), CI 77492 (IRON OXIDES), CI 77499 (IRON OXIDES), CI 77891 (TITANIUM DIOXIDE)." Translated="0" Mandatory="0" Searchable="0">
   <LocalValue Value="HYDROGENATED POLYISOBUTENE, CAPRYLIC/CAPRIC TRIGLYCERIDE, VINYL DIMETHICONE/METHICONE SILSESQUIOXANE CROSSPOLYMER, ISONONYL ISONONANOATE, EUPHORBIA CERIFERA CERA (EUPHORBIA CERIFERA (CANDELILLA) WAX), SIMMONDSIA CHINENSIS (JOJOBA) SEED OIL, POLYISOBUTENE, OCTYLDODECANOL, SILICA, BIS-DIGLYCERYL POLYACYLADIPATE-2, SYNTHETIC WAX, TOCOPHERYL ACETATE, MACADAMIA INTEGRIFOLIA SEED OIL, COCOS NUCIFERA (COCONUT) OIL, TOCOPHEROL, ETHYLHEXYLGLYCERIN, PHENOXYETHANOL, CI 77491 (IRON OXIDES), CI 77492 (IRON OXIDES), CI 77499 (IRON OXIDES), CI 77891 (TITANIUM DIOXIDE).">
    <Measure ID="29">
     <Signs/>
    </Measure>
   </LocalValue>
   <Feature ID="16908">
    <Measure ID="29" Sign="">
     <Signs/>
    </Measure>
    <Name ID="1216897" langid="1" Value="Ingredients"/>
   </Feature>
  </ProductFeature>
  <ProductFeature Localized="0" ID="616421623" Local_ID="0" Value="E" CategoryFeature_ID="146250" CategoryFeatureGroup_ID="12078" No="99919" Optional="0" Presentation_Value="E" Translated="0" Mandatory="0" Searchable="0">
   <LocalValue Value="E">
    <Measure ID="29">
     <Signs/>
    </Measure>
   </LocalValue>
   <Feature ID="21148">
    <Measure ID="29" Sign="">
     <Signs/>
    </Measure>
    <Name ID="1681895" langid="1" Value="Vitamins &amp; minerals"/>
   </Feature>
  </ProductFeature>
  <ProductFeature Localized="0" ID="616421609" Local_ID="0" Value="1.7" CategoryFeature_ID="109397" CategoryFeatureGroup_ID="12077" No="100100" Optional="0" Presentation_Value="1.7 g" Translated="0" Mandatory="0" Searchable="0">
   <LocalValue Value="1.7">
    <Measure ID="38">
     <Signs>
      <Sign ID="22" langid="1"><![CDATA[g]]></Sign>
     </Signs>
    </Measure>
   </LocalValue>
   <Feature ID="5255">
    <Measure ID="38" Sign="">
     <Signs>
      <Sign ID="22" langid="1"><![CDATA[g]]></Sign>
     </Signs>
    </Measure>
    <Name ID="72073" langid="1" Value="Capacity"/>
   </Feature>
  </ProductFeature>
  <ProductFeature Localized="0" ID="616421610" Local_ID="0" Value="1" CategoryFeature_ID="105233" CategoryFeatureGroup_ID="15807" No="99850" Optional="0" Presentation_Value="1 pc(s)" Translated="0" Mandatory="1" Searchable="0">
   <LocalValue Value="1">
    <Measure ID="144">
     <Signs>
      <Sign ID="125" langid="1"><![CDATA[pc(s)]]></Sign>
     </Signs>
    </Measure>
   </LocalValue>
   <Feature ID="5456">
    <Measure ID="144" Sign="">
     <Signs>
      <Sign ID="125" langid="1"><![CDATA[pc(s)]]></Sign>
     </Signs>
    </Measure>
    <Name ID="78359" langid="1" Value="Number of products included"/>
   </Feature>
  </ProductFeature>
  <ProductGallery>
   <ProductPicture IsMain="Y" LowPic="https://inishop.com/img/gallery_lows/80b102a6824cbc9b0435397e268f1ee66f3812c1.jpg" LowPicHeight="200" LowPicWidth="38" LowSize="5384" No="2" Original="https://inishop.com/img/gallery_raw/076599cb9c9077f6d1e7019d08994810.webp" OriginalSize="31362" Pic="https://inishop.com/img/gallery/ba6b99205529b78215a7304ddf0542b66d762cc5.jpg" Pic500x500="https://inishop.com/img/gallery_mediums/baacfb7e7429fcd9ec2d330004cfbb7dc4718a0a.jpg" Pic500x500Height="500" Pic500x500Size="20896" Pic500x500Width="95" PicHeight="2197" PicWidth="417" ProductPicture_ID="86018004" Size="183782" ThumbPic="https://inishop.com/img/gallery_thumbs/80544379465ae045ea28886a26369e01dddb4a6c.jpg" ThumbSize="1673" Type="ProductImage" UpdatedDate="2025-09-08 16:28:59"/>
   <ProductPicture LowPic="https://inishop.com/img/gallery_lows/e625c2ba19acce075ecdf3387ff94365d6717e3f.jpg" LowPicHeight="200" LowPicWidth="125" LowSize="12370" No="3" Original="https://inishop.com/img/gallery_raw/1793bdeb184b587817c254f7c0211614.webp" OriginalSize="44966" Pic="https://inishop.com/img/gallery/0245260f46dd5878000df761d46ef33b971fec9c.jpg" Pic500x500="https://inishop.com/img/gallery_mediums/21901d9de48066ed0dd48cf9fe7741740254f08a.jpg" Pic500x500Height="500" Pic500x500Size="50843" Pic500x500Width="312" PicHeight="2197" PicWidth="1369" ProductPicture_ID="86018005" Size="480072" ThumbPic="https://inishop.com/img/gallery_thumbs/f329816800ebd105a603dc750efded7d7fa1d740.jpg" ThumbSize="3443" Type="ProductImage" UpdatedDate="2025-09-08 16:29:04"/>
   <ProductPicture LowPic="https://inishop.com/img/gallery_lows/916d30c139868d080476e18e8eb67129e673b847.jpg" LowPicHeight="200" LowPicWidth="38" LowSize="5031" No="4" Original="https://inishop.com/img/gallery_raw/d5b9fe19a4eb3176df0956e8bdd8ea56.webp" OriginalSize="30358" Pic="https://inishop.com/img/gallery/0fe3d56194d8e46f1a7f527cb9db69ca7aae8e06.jpg" Pic500x500="https://inishop.com/img/gallery_mediums/d0044b826249b0b1428279354f80e70ae02c528f.jpg" Pic500x500Height="500" Pic500x500Size="20338" Pic500x500Width="95" PicHeight="2197" PicWidth="418" ProductPicture_ID="86018162" Size="181330" ThumbPic="https://inishop.com/img/gallery_thumbs/50c21b90bdbb70141a1865d6536b8c8d91fcedf9.jpg" ThumbSize="1660" Type="ProductImage" UpdatedDate="2025-09-08 16:29:07"/>
   <ProductPicture LowPic="https://inishop.com/img/gallery_lows/7ed3cc51c1f3c78beb8bc94bf825e2baf73c4e60.jpg" LowPicHeight="200" LowPicWidth="97" LowSize="11974" No="5" Original="https://inishop.com/img/gallery_raw/1425249529681af971b58a1652c20b9a.webp" OriginalSize="61218" Pic="https://inishop.com/img/gallery/039fe4a6a3bfba352b03eda3dc086da013a15e6f.jpg" Pic500x500="https://inishop.com/img/gallery_mediums/bfa3894415b50123d7feb906f122e72cc7d9a6e5.jpg" Pic500x500Height="500" Pic500x500Size="55094" Pic500x500Width="243" PicHeight="1817" PicWidth="884" ProductPicture_ID="86018163" Size="480877" ThumbPic="https://inishop.com/img/gallery_thumbs/d5bad300346623d3a4340d6044bab8876e7eab2c.jpg" ThumbSize="3161" Type="ProductImage" UpdatedDate="2025-09-08 16:29:15"/>
   <ProductPicture LowPic="https://inishop.com/img/gallery_lows/3dfdb094d0f325068d9b3442f0b3e447.jpg" LowPicHeight="200" LowPicWidth="200" LowSize="35947" No="6" Original="https://inishop.com/img/gallery_raw/3dfdb094d0f325068d9b3442f0b3e447.webp" OriginalSize="404572" Pic="https://inishop.com/img/gallery/3dfdb094d0f325068d9b3442f0b3e447.jpg" Pic500x500="https://inishop.com/img/gallery_mediums/3dfdb094d0f325068d9b3442f0b3e447.jpg" Pic500x500Height="500" Pic500x500Size="189775" Pic500x500Width="500" PicHeight="2000" PicWidth="2000" ProductPicture_ID="86018164" Size="2268543" ThumbPic="https://inishop.com/img/gallery_thumbs/3dfdb094d0f325068d9b3442f0b3e447.jpg" ThumbSize="7834" Type="ProductImage" UpdatedDate="2024-02-04 14:42:43"/>
   <ProductPicture LowPic="https://inishop.com/img/gallery_lows/3335e7e6e72e72b7e10cb7505e78e71b.jpg" LowPicHeight="200" LowPicWidth="200" LowSize="43621" No="7" Original="https://inishop.com/img/gallery_raw/3335e7e6e72e72b7e10cb7505e78e71b.webp" OriginalSize="483158" Pic="https://inishop.com/img/gallery/3335e7e6e72e72b7e10cb7505e78e71b.jpg" Pic500x500="https://inishop.com/img/gallery_mediums/3335e7e6e72e72b7e10cb7505e78e71b.jpg" Pic500x500Height="500" Pic500x500Size="222693" Pic500x500Width="500" PicHeight="2000" PicWidth="2000" ProductPicture_ID="86018165" Size="2572629" ThumbPic="https://inishop.com/img/gallery_thumbs/3335e7e6e72e72b7e10cb7505e78e71b.jpg" ThumbSize="9003" Type="ProductImage" UpdatedDate="2024-02-04 14:42:50"/>
   <ProductPicture LowPic="https://inishop.com/img/gallery_lows/1964d3b5252e7b2c649fee2bd53d669b.jpg" LowPicHeight="200" LowPicWidth="200" LowSize="44047" No="8" Original="https://inishop.com/img/gallery_raw/1964d3b5252e7b2c649fee2bd53d669b.webp" OriginalSize="303694" Pic="https://inishop.com/img/gallery/1964d3b5252e7b2c649fee2bd53d669b.jpg" Pic500x500="https://inishop.com/img/gallery_mediums/1964d3b5252e7b2c649fee2bd53d669b.jpg" Pic500x500Height="500" Pic500x500Size="203731" Pic500x500Width="500" PicHeight="2000" PicWidth="2000" ProductPicture_ID="86018166" Size="2045116" ThumbPic="https://inishop.com/img/gallery_thumbs/1964d3b5252e7b2c649fee2bd53d669b.jpg" ThumbSize="9043" Type="ProductImage" UpdatedDate="2024-02-04 14:43:16"/>
   <ProductPicture LowPic="https://inishop.com/img/gallery_lows/c1fb04034f1b9e9acd2a2b5946e79bfe.jpg" LowPicHeight="200" LowPicWidth="200" LowSize="40989" No="9" Original="https://inishop.com/img/gallery_raw/c1fb04034f1b9e9acd2a2b5946e79bfe.webp" OriginalSize="369100" Pic="https://inishop.com/img/gallery/c1fb04034f1b9e9acd2a2b5946e79bfe.jpg" Pic500x500="https://inishop.com/img/gallery_mediums/c1fb04034f1b9e9acd2a2b5946e79bfe.jpg" Pic500x500Height="500" Pic500x500Size="236490" Pic500x500Width="500" PicHeight="2000" PicWidth="2000" ProductPicture_ID="86018167" Size="2379536" ThumbPic="https://inishop.com/img/gallery_thumbs/c1fb04034f1b9e9acd2a2b5946e79bfe.jpg" ThumbSize="6783" Type="ProductImage" UpdatedDate="2024-02-04 14:43:16"/>
   <ProductPicture LowPic="https://inishop.com/img/gallery_lows/4d29ca2a7822d62a38723a1dfad682da.jpg" LowPicHeight="200" LowPicWidth="200" LowSize="33738" No="10" Original="https://inishop.com/img/gallery_raw/4d29ca2a7822d62a38723a1dfad682da.webp" OriginalSize="205864" Pic="https://inishop.com/img/gallery/4d29ca2a7822d62a38723a1dfad682da.jpg" Pic500x500="https://inishop.com/img/gallery_mediums/4d29ca2a7822d62a38723a1dfad682da.jpg" Pic500x500Height="500" Pic500x500Size="183858" Pic500x500Width="500" PicHeight="2000" PicWidth="2000" ProductPicture_ID="86018168" Size="1760243" ThumbPic="https://inishop.com/img/gallery_thumbs/4d29ca2a7822d62a38723a1dfad682da.jpg" ThumbSize="6090" Type="ProductImage" UpdatedDate="2024-02-04 14:43:18"/>
   <ProductPicture LowPic="https://inishop.com/img/gallery_lows/a75e39b39ef01377979092fbeff40821.jpg" LowPicHeight="200" LowPicWidth="200" LowSize="39855" No="11" Original="https://inishop.com/img/gallery_raw/a75e39b39ef01377979092fbeff40821.webp" OriginalSize="255354" Pic="https://inishop.com/img/gallery/a75e39b39ef01377979092fbeff40821.jpg" Pic500x500="https://inishop.com/img/gallery_mediums/a75e39b39ef01377979092fbeff40821.jpg" Pic500x500Height="500" Pic500x500Size="215547" Pic500x500Width="500" PicHeight="2000" PicWidth="2000" ProductPicture_ID="86018169" Size="2040952" ThumbPic="https://inishop.com/img/gallery_thumbs/a75e39b39ef01377979092fbeff40821.jpg" ThumbSize="7130" Type="ProductImage" UpdatedDate="2024-02-04 14:43:24"/>
   <ProductPicture LowPic="https://inishop.com/img/gallery_lows/bd71bdab812417c3d79f071199fba955.jpg" LowPicHeight="200" LowPicWidth="200" LowSize="40741" No="12" Original="https://inishop.com/img/gallery_raw/bd71bdab812417c3d79f071199fba955.webp" OriginalSize="255342" Pic="https://inishop.com/img/gallery/bd71bdab812417c3d79f071199fba955.jpg" Pic500x500="https://inishop.com/img/gallery_mediums/bd71bdab812417c3d79f071199fba955.jpg" Pic500x500Height="500" Pic500x500Size="219461" Pic500x500Width="500" PicHeight="2000" PicWidth="2000" ProductPicture_ID="86018170" Size="2054676" ThumbPic="https://inishop.com/img/gallery_thumbs/bd71bdab812417c3d79f071199fba955.jpg" ThumbSize="7428" Type="ProductImage" UpdatedDate="2024-02-04 14:43:26"/>
   <ProductPicture LowPic="https://inishop.com/img/gallery_lows/2c045f789bb552c82170a87817da6ff6.jpg" LowPicHeight="200" LowPicWidth="200" LowSize="42814" No="13" Original="https://inishop.com/img/gallery_raw/2c045f789bb552c82170a87817da6ff6.webp" OriginalSize="181938" Pic="https://inishop.com/img/gallery/2c045f789bb552c82170a87817da6ff6.jpg" Pic500x500="https://inishop.com/img/gallery_mediums/2c045f789bb552c82170a87817da6ff6.jpg" Pic500x500Height="500" Pic500x500Size="177688" Pic500x500Width="500" PicHeight="2000" PicWidth="2000" ProductPicture_ID="86018171" Size="1495429" ThumbPic="https://inishop.com/img/gallery_thumbs/2c045f789bb552c82170a87817da6ff6.jpg" ThumbSize="9475" Type="ProductImage" UpdatedDate="2024-02-04 14:43:32"/>
  </ProductGallery>
  <ProductMultimediaObject/>
  <ProductRelated/>
  <SummaryDescription>
   <ShortSummaryDescription langid="1">Essence The Slim Stick, Rose, Velvet Punch, 1 colours, Coloring, Women, Matte</ShortSummaryDescription>
   <LongSummaryDescription langid="1">Essence The Slim Stick. Colour group: Rose, Colour name: Velvet Punch, Number of colours: 1 colours. Capacity: 1.7 g. Number of products included: 1 pc(s)</LongSummaryDescription>
  </SummaryDescription>
  <Supplier ID="29383" Name="Essence"/>
  <CatalogObjectCloud/>
  <BrandOrganizations/>
 </Product>
</ICECAT-interface>
