<?xml version="1.0" encoding="UTF-8"?>
<!DOCTYPE ICECAT-interface SYSTEM "https://data.icecat.biz/dtd/ICECAT-interface_response.dtd">
<!--source: Icecat.biz 2025-->
<!--Language ID: 1-->
<!--Version: v2-->
<ICECAT-interface xmlns:xsi="http://www.w3.org/2001/XMLSchema-instance" xsi:noNamespaceSchemaLocation="https://data.icecat.biz/xsd/ICECAT-interface_response.xsd">
 <Product Code="1" HighPic="https://inishop.com/img/gallery/30ed3d171566d337883b3426214f234a5d9d9af8.jpg" HighPicHeight="2195" HighPicSize="541861" HighPicWidth="866" ID="124636686" LowPic="https://inishop.com/img/gallery_lows/95abbba5a25c9918a75eaeea71b94f45ac5b01f3.jpg" LowPicHeight="200" LowPicSize="10095" LowPicWidth="79" Name="8h matte liquid lipstick" IntName="8h matte liquid lipstick" LocalName="" Pic500x500="https://inishop.com/img/gallery_mediums/032911cef2003237d78bbfb6e35bffea72cc4569.jpg" Pic500x500Height="500" Pic500x500Size="41849" Pic500x500Width="197" Prod_id="949164" Quality="ICECAT" ReleaseDate="" ThumbPic="https://inishop.com/img/gallery_thumbs/a1413a475b7c359435b8529ced48bf32d4d1805e.jpg" ThumbPicSize="2921" Title="Essence 8h matte liquid lipstick 2.5 ml 16 Velvet Brick" GeneratedIntTitle="Essence 8h matte liquid lipstick" GeneratedLocalTitle="Essence 8h matte liquid lipstick 2.5 ml 16 Velvet Brick" BrandLocalTitle="">
  <CategoryFeatureGroup ID="19757" No="0">
   <FeatureGroup ID="0">
    <Name ID="5073" langid="1" Value="Technical details"/>
   </FeatureGroup>
  </CategoryFeatureGroup>
  <CategoryFeatureGroup ID="12077" No="-10">
   <FeatureGroup ID="14">
    <Name ID="5023" langid="1" Value="Weight &amp; dimensions"/>
   </FeatureGroup>
  </CategoryFeatureGroup>
  <CategoryFeatureGroup ID="76612" No="0">
   <FeatureGroup ID="67">
    <Name ID="27423" langid="1" Value="Packaging data"/>
   </FeatureGroup>
  </CategoryFeatureGroup>
  <CategoryFeatureGroup ID="43452" No="0">
   <FeatureGroup ID="76">
    <Name ID="28540" langid="1" Value="Certificates"/>
   </FeatureGroup>
  </CategoryFeatureGroup>
  <CategoryFeatureGroup ID="15807" No="-30">
   <FeatureGroup ID="116">
    <Name ID="78852" langid="1" Value="Packaging content"/>
   </FeatureGroup>
  </CategoryFeatureGroup>
  <CategoryFeatureGroup ID="55448" No="0">
   <FeatureGroup ID="143">
    <Name ID="618812" langid="1" Value="Battery"/>
   </FeatureGroup>
  </CategoryFeatureGroup>
  <CategoryFeatureGroup ID="26280" No="0">
   <FeatureGroup ID="146">
    <Name ID="624346" langid="1" Value="Other features"/>
   </FeatureGroup>
  </CategoryFeatureGroup>
  <CategoryFeatureGroup ID="12078" No="100">
   <FeatureGroup ID="185">
    <Name ID="1219853" langid="1" Value="Features"/>
   </FeatureGroup>
  </CategoryFeatureGroup>
  <CategoryFeatureGroup ID="28210" No="-40">
   <FeatureGroup ID="198">
    <Name ID="1788927" langid="1" Value="Logistics data"/>
   </FeatureGroup>
  </CategoryFeatureGroup>
  <CategoryFeatureGroup ID="61974" No="0">
   <FeatureGroup ID="232">
    <Name ID="3464238" langid="1" Value="Supplier features"/>
   </FeatureGroup>
  </CategoryFeatureGroup>
  <CategoryFeatureGroup ID="77427" No="0">
   <FeatureGroup ID="279">
    <Name ID="7392238" langid="1" Value="Sustainability"/>
   </FeatureGroup>
  </CategoryFeatureGroup>
  <Category ID="3005">
   <Name ID="3729538" langid="1" Value="Lipsticks"/>
  </Category>
  <EANCode EAN="4059729491640" Format="GTIN-13" IsApproved="1"/>
  <ReleaseDate/>
  <EndOfLifeDate/>
  <ReasonsToBuy/>
  <BulletPoints>
   <BulletPoint Value="Long-lasting waterproof texture" langid="1" No="1"/>
   <BulletPoint Value="Matte finish" langid="1" No="2"/>
   <BulletPoint Value="Easy &amp; precise application" langid="1" No="3"/>
  </BulletPoints>
  <GeneratedBulletPoints>
   <GeneratedBulletPoint Value="Brown 16 1 colours" langid="1" No="1"/>
   <GeneratedBulletPoint Value="Finishing: Matte" langid="1" No="2"/>
   <GeneratedBulletPoint Value="Substance: liquid" langid="1" No="3"/>
   <GeneratedBulletPoint Value="Lipstick effect: Coloring" langid="1" No="4"/>
  </GeneratedBulletPoints>
  <ProductBundled/>
  <ProductDescription ID="104037689" LongDesc="With the essence 8h matte liquid lipstick 16 Velvet Brick kiss proof lips are guaranteed. The lipstick comes in a velvet-brick brown shade and leaves a matte finish on the lips without drying them out. The waterproof texture offers high coverage as well as an instant colour pay-off that lasts for up to eight hours.&lt;br&gt;" ManualPDFSize="0" ManualPDFURL="" MiddleDesc="" PDFSize="0" PDFURL="" ShortDesc="8h matte liquid lipstick 16 - Velvet Brick" URL="https://www.essence.eu/en-de/p/949164/8h-matte-liquid-lipstick" WarrantyInfo="" langid="1"/>
  <ProductFeature Localized="0" ID="705143316" Local_ID="0" Value="Brown" CategoryFeature_ID="105224" CategoryFeatureGroup_ID="12078" No="10100060" Optional="0" Presentation_Value="Brown" Translated="1" Mandatory="1" Searchable="1">
   <LocalValue Value="Brown">
    <Measure ID="29">
     <Signs/>
    </Measure>
   </LocalValue>
   <Feature ID="17357">
    <Measure ID="29" Sign="">
     <Signs/>
    </Measure>
    <Name ID="1238438" langid="1" Value="Colour group"/>
   </Feature>
  </ProductFeature>
  <ProductFeature Localized="0" ID="705143325" Local_ID="0" Value="16" CategoryFeature_ID="105225" CategoryFeatureGroup_ID="12078" No="100049" Optional="0" Presentation_Value="16" Translated="0" Mandatory="1" Searchable="0">
   <LocalValue Value="16">
    <Measure ID="29">
     <Signs/>
    </Measure>
   </LocalValue>
   <Feature ID="17540">
    <Measure ID="29" Sign="">
     <Signs/>
    </Measure>
    <Name ID="1246677" langid="1" Value="Colour code"/>
   </Feature>
  </ProductFeature>
  <ProductFeature Localized="0" ID="705143328" Local_ID="0" Value="Velvet Brick" CategoryFeature_ID="105226" CategoryFeatureGroup_ID="12078" No="100048" Optional="0" Presentation_Value="Velvet Brick" Translated="0" Mandatory="1" Searchable="0">
   <LocalValue Value="Velvet Brick">
    <Measure ID="29">
     <Signs/>
    </Measure>
   </LocalValue>
   <Feature ID="17956">
    <Measure ID="29" Sign="">
     <Signs/>
    </Measure>
    <Name ID="1296400" langid="1" Value="Colour name"/>
   </Feature>
  </ProductFeature>
  <ProductFeature Localized="0" ID="705143511" Local_ID="0" Value="1" CategoryFeature_ID="145622" CategoryFeatureGroup_ID="12078" No="100045" Optional="0" Presentation_Value="1 colours" Translated="0" Mandatory="1" Searchable="0">
   <LocalValue Value="1">
    <Measure ID="375">
     <Signs>
      <Sign ID="30608" langid="1"><![CDATA[colours]]></Sign>
     </Signs>
    </Measure>
   </LocalValue>
   <Feature ID="3530">
    <Measure ID="375" Sign="">
     <Signs>
      <Sign ID="30608" langid="1"><![CDATA[colours]]></Sign>
     </Signs>
    </Measure>
    <Name ID="33892" langid="1" Value="Number of colours"/>
   </Feature>
  </ProductFeature>
  <ProductFeature Localized="0" ID="705143516" Local_ID="0" Value="Coloring" CategoryFeature_ID="145874" CategoryFeatureGroup_ID="12078" No="100037" Optional="0" Presentation_Value="Coloring" Translated="1" Mandatory="1" Searchable="0">
   <LocalValue Value="Coloring">
    <Measure ID="29">
     <Signs/>
    </Measure>
   </LocalValue>
   <Feature ID="23716">
    <Measure ID="29" Sign="">
     <Signs/>
    </Measure>
    <Name ID="1902180" langid="1" Value="Lipstick effect"/>
   </Feature>
  </ProductFeature>
  <ProductFeature Localized="0" ID="705143514" Local_ID="0" Value="N" CategoryFeature_ID="105228" CategoryFeatureGroup_ID="12078" No="100025" Optional="0" Presentation_Value="No" Translated="1" Mandatory="1" Searchable="0">
   <LocalValue Value="No">
    <Measure ID="26">
     <Signs/>
    </Measure>
   </LocalValue>
   <Feature ID="17996">
    <Measure ID="26" Sign="">
     <Signs/>
    </Measure>
    <Name ID="1351521" langid="1" Value="Sun protection"/>
   </Feature>
  </ProductFeature>
  <ProductFeature Localized="0" ID="835127919" Local_ID="0" Value="Women" CategoryFeature_ID="145869" CategoryFeatureGroup_ID="12078" No="10100095" Optional="0" Presentation_Value="Women" Translated="1" Mandatory="0" Searchable="0">
   <LocalValue Value="Women">
    <Measure ID="29">
     <Signs/>
    </Measure>
   </LocalValue>
   <Feature ID="9202">
    <Measure ID="29" Sign="">
     <Signs/>
    </Measure>
    <Name ID="765619" langid="1" Value="Suitable for"/>
   </Feature>
  </ProductFeature>
  <ProductFeature Localized="0" ID="705143512" Local_ID="0" Value="Matte" CategoryFeature_ID="145871" CategoryFeatureGroup_ID="12078" No="100044" Optional="0" Presentation_Value="Matte" Translated="1" Mandatory="0" Searchable="0">
   <LocalValue Value="Matte">
    <Measure ID="29">
     <Signs/>
    </Measure>
   </LocalValue>
   <Feature ID="12230">
    <Measure ID="29" Sign="">
     <Signs/>
    </Measure>
    <Name ID="1088074" langid="1" Value="Finishing"/>
   </Feature>
  </ProductFeature>
  <ProductFeature Localized="0" ID="705143513" Local_ID="0" Value="Bottle" CategoryFeature_ID="326729" CategoryFeatureGroup_ID="12078" No="100044" Optional="0" Presentation_Value="Bottle" Translated="1" Mandatory="0" Searchable="0">
   <LocalValue Value="Bottle">
    <Measure ID="29">
     <Signs/>
    </Measure>
   </LocalValue>
   <Feature ID="17965">
    <Measure ID="29" Sign="">
     <Signs/>
    </Measure>
    <Name ID="1313226" langid="1" Value="Dispenser type"/>
   </Feature>
  </ProductFeature>
  <ProductFeature Localized="0" ID="705143515" Local_ID="0" Value="Liquid" CategoryFeature_ID="161799" CategoryFeatureGroup_ID="12078" No="100040" Optional="0" Presentation_Value="liquid" Translated="1" Mandatory="0" Searchable="0">
   <LocalValue Value="liquid">
    <Measure ID="29">
     <Signs/>
    </Measure>
   </LocalValue>
   <Feature ID="5658">
    <Measure ID="29" Sign="">
     <Signs/>
    </Measure>
    <Name ID="113520" langid="1" Value="Substance"/>
   </Feature>
  </ProductFeature>
  <ProductFeature Localized="0" ID="835289502" Local_ID="0" Value="8" CategoryFeature_ID="146386" CategoryFeatureGroup_ID="12078" No="100029" Optional="0" Presentation_Value="8 h" Translated="0" Mandatory="0" Searchable="0">
   <LocalValue Value="8">
    <Measure ID="46">
     <Signs>
      <Sign ID="30" langid="1"><![CDATA[h]]></Sign>
     </Signs>
    </Measure>
   </LocalValue>
   <Feature ID="19115">
    <Measure ID="46" Sign="">
     <Signs>
      <Sign ID="30" langid="1"><![CDATA[h]]></Sign>
     </Signs>
    </Measure>
    <Name ID="1430503" langid="1" Value="Effect duration"/>
   </Feature>
  </ProductFeature>
  <ProductFeature Localized="0" ID="705143622" Local_ID="0" Value="Y" CategoryFeature_ID="150298" CategoryFeatureGroup_ID="12078" No="100010" Optional="0" Presentation_Value="Yes" Translated="1" Mandatory="0" Searchable="0">
   <LocalValue Value="Yes">
    <Measure ID="26">
     <Signs/>
    </Measure>
   </LocalValue>
   <Feature ID="18071">
    <Measure ID="26" Sign="">
     <Signs/>
    </Measure>
    <Name ID="1366410" langid="1" Value="Long-lasting"/>
   </Feature>
  </ProductFeature>
  <ProductFeature Localized="0" ID="835290154" Local_ID="0" Value="Y" CategoryFeature_ID="164978" CategoryFeatureGroup_ID="12078" No="100009" Optional="0" Presentation_Value="Yes" Translated="1" Mandatory="0" Searchable="0">
   <LocalValue Value="Yes">
    <Measure ID="26">
     <Signs/>
    </Measure>
   </LocalValue>
   <Feature ID="22607">
    <Measure ID="26" Sign="">
     <Signs/>
    </Measure>
    <Name ID="1785932" langid="1" Value="Not tested on animals"/>
   </Feature>
  </ProductFeature>
  <ProductFeature Localized="0" ID="835290231" Local_ID="0" Value="Y" CategoryFeature_ID="168223" CategoryFeatureGroup_ID="12078" No="100008" Optional="0" Presentation_Value="Yes" Translated="1" Mandatory="0" Searchable="0">
   <LocalValue Value="Yes">
    <Measure ID="26">
     <Signs/>
    </Measure>
   </LocalValue>
   <Feature ID="26721">
    <Measure ID="26" Sign="">
     <Signs/>
    </Measure>
    <Name ID="2290262" langid="1" Value="No animal ingredients &amp; by-products"/>
   </Feature>
  </ProductFeature>
  <ProductFeature Localized="0" ID="835289846" Local_ID="0" Value="Y" CategoryFeature_ID="801660" CategoryFeatureGroup_ID="12078" No="100008" Optional="0" Presentation_Value="Yes" Translated="1" Mandatory="0" Searchable="0">
   <LocalValue Value="Yes">
    <Measure ID="26">
     <Signs/>
    </Measure>
   </LocalValue>
   <Feature ID="17739">
    <Measure ID="26" Sign="">
     <Signs/>
    </Measure>
    <Name ID="1262679" langid="1" Value="Water-resistant"/>
   </Feature>
  </ProductFeature>
  <ProductFeature Localized="0" ID="705143620" Local_ID="0" Value="Y" CategoryFeature_ID="801661" CategoryFeatureGroup_ID="12078" No="100007" Optional="0" Presentation_Value="Yes" Translated="1" Mandatory="0" Searchable="0">
   <LocalValue Value="Yes">
    <Measure ID="26">
     <Signs/>
    </Measure>
   </LocalValue>
   <Feature ID="41954">
    <Measure ID="26" Sign="">
     <Signs/>
    </Measure>
    <Name ID="6621772" langid="1" Value="Transfer-resistant"/>
   </Feature>
  </ProductFeature>
  <ProductFeature Localized="0" ID="705143549" Local_ID="0" Value="8" CategoryFeature_ID="109037" CategoryFeatureGroup_ID="12078" No="100000" Optional="0" Presentation_Value="8 h" Translated="0" Mandatory="0" Searchable="0">
   <LocalValue Value="8">
    <Measure ID="46">
     <Signs>
      <Sign ID="30" langid="1"><![CDATA[h]]></Sign>
     </Signs>
    </Measure>
   </LocalValue>
   <Feature ID="17369">
    <Measure ID="46" Sign="">
     <Signs>
      <Sign ID="30" langid="1"><![CDATA[h]]></Sign>
     </Signs>
    </Measure>
    <Name ID="1238673" langid="1" Value="Staying time"/>
   </Feature>
  </ProductFeature>
  <ProductFeature Localized="0" ID="835290247" Local_ID="0" Value="Gluten,Oil,Paraben" CategoryFeature_ID="625070" CategoryFeatureGroup_ID="12078" No="100000" Optional="0" Presentation_Value="Gluten, Oil, Paraben" Translated="1" Mandatory="0" Searchable="0">
   <LocalValue Value="Gluten, Oil, Paraben">
    <Measure ID="29">
     <Signs/>
    </Measure>
   </LocalValue>
   <Feature ID="42516">
    <Measure ID="29" Sign="">
     <Signs/>
    </Measure>
    <Name ID="6876321" langid="1" Value="Doesn't contain"/>
   </Feature>
  </ProductFeature>
  <ProductFeature Localized="0" ID="705143632" Local_ID="0" Value="ISODODECANE, TRIMETHYLSILOXYSILICATE, OCTYLDODECANOL, DIMETHICONE, TRIBEHENIN, PENTAERYTHRITYL TETRAISOSTEARATE, SILICA, MICA, KAOLIN, DIMETHICONE/VINYL DIMETHICONE CROSSPOLYMER, DISTEARDIMONIUM HECTORITE, TALC, DIISOSTEARYL MALATE, PROPYLENE CARBONATE, PENTAERYTHRITYL TETRA-DI-T-BUTYL HYDROXYHYDROCINNAMATE, PARFUM (FRAGRANCE), CI 15850 (RED 7 LAKE), CI 42090 (BLUE 1 LAKE), CI 77492 (IRON OXIDES), CI 77891 (TITANIUM DIOXIDE)." CategoryFeature_ID="105238" CategoryFeatureGroup_ID="12078" No="99920" Optional="0" Presentation_Value="ISODODECANE, TRIMETHYLSILOXYSILICATE, OCTYLDODECANOL, DIMETHICONE, TRIBEHENIN, PENTAERYTHRITYL TETRAISOSTEARATE, SILICA, MICA, KAOLIN, DIMETHICONE/VINYL DIMETHICONE CROSSPOLYMER, DISTEARDIMONIUM HECTORITE, TALC, DIISOSTEARYL MALATE, PROPYLENE CARBONATE, PENTAERYTHRITYL TETRA-DI-T-BUTYL HYDROXYHYDROCINNAMATE, PARFUM (FRAGRANCE), CI 15850 (RED 7 LAKE), CI 42090 (BLUE 1 LAKE), CI 77492 (IRON OXIDES), CI 77891 (TITANIUM DIOXIDE)." Translated="0" Mandatory="0" Searchable="0">
   <LocalValue Value="ISODODECANE, TRIMETHYLSILOXYSILICATE, OCTYLDODECANOL, DIMETHICONE, TRIBEHENIN, PENTAERYTHRITYL TETRAISOSTEARATE, SILICA, MICA, KAOLIN, DIMETHICONE/VINYL DIMETHICONE CROSSPOLYMER, DISTEARDIMONIUM HECTORITE, TALC, DIISOSTEARYL MALATE, PROPYLENE CARBONATE, PENTAERYTHRITYL TETRA-DI-T-BUTYL HYDROXYHYDROCINNAMATE, PARFUM (FRAGRANCE), CI 15850 (RED 7 LAKE), CI 42090 (BLUE 1 LAKE), CI 77492 (IRON OXIDES), CI 77891 (TITANIUM DIOXIDE).">
    <Measure ID="29">
     <Signs/>
    </Measure>
   </LocalValue>
   <Feature ID="16908">
    <Measure ID="29" Sign="">
     <Signs/>
    </Measure>
    <Name ID="1216897" langid="1" Value="Ingredients"/>
   </Feature>
  </ProductFeature>
  <ProductFeature Localized="0" ID="705143510" Local_ID="0" Value="2.5" CategoryFeature_ID="113128" CategoryFeatureGroup_ID="12077" No="100100" Optional="0" Presentation_Value="2.5 ml" Translated="0" Mandatory="0" Searchable="0">
   <LocalValue Value="2.5">
    <Measure ID="142">
     <Signs>
      <Sign ID="123" langid="1"><![CDATA[ml]]></Sign>
     </Signs>
    </Measure>
   </LocalValue>
   <Feature ID="5207">
    <Measure ID="142" Sign="">
     <Signs>
      <Sign ID="123" langid="1"><![CDATA[ml]]></Sign>
     </Signs>
    </Measure>
    <Name ID="71645" langid="1" Value="Volume"/>
   </Feature>
  </ProductFeature>
  <ProductFeature Localized="0" ID="705143625" Local_ID="0" Value="1" CategoryFeature_ID="105233" CategoryFeatureGroup_ID="15807" No="99850" Optional="0" Presentation_Value="1 pc(s)" Translated="0" Mandatory="1" Searchable="0">
   <LocalValue Value="1">
    <Measure ID="144">
     <Signs>
      <Sign ID="125" langid="1"><![CDATA[pc(s)]]></Sign>
     </Signs>
    </Measure>
   </LocalValue>
   <Feature ID="5456">
    <Measure ID="144" Sign="">
     <Signs>
      <Sign ID="125" langid="1"><![CDATA[pc(s)]]></Sign>
     </Signs>
    </Measure>
    <Name ID="78359" langid="1" Value="Number of products included"/>
   </Feature>
  </ProductFeature>
  <ProductGallery>
   <ProductPicture IsMain="Y" LowPic="https://inishop.com/img/gallery_lows/95abbba5a25c9918a75eaeea71b94f45ac5b01f3.jpg" LowPicHeight="200" LowPicWidth="79" LowSize="10095" No="1" Original="https://inishop.com/img/gallery_raw/c2bfdddc5113db4a10a04db64d92aeb65bebbf62.png" OriginalSize="1062762" Pic="https://inishop.com/img/gallery/30ed3d171566d337883b3426214f234a5d9d9af8.jpg" Pic500x500="https://inishop.com/img/gallery_mediums/032911cef2003237d78bbfb6e35bffea72cc4569.jpg" Pic500x500Height="500" Pic500x500Size="41849" Pic500x500Width="197" PicHeight="2195" PicWidth="866" ProductPicture_ID="98075538" Size="541861" ThumbPic="https://inishop.com/img/gallery_thumbs/a1413a475b7c359435b8529ced48bf32d4d1805e.jpg" ThumbSize="2921" Type="ProductImage" UpdatedDate="2025-09-08 16:37:20"/>
   <ProductPicture LowPic="https://inishop.com/img/gallery_lows/b3736ad6092698a733bb1d4593b0caa935932541.jpg" LowPicHeight="200" LowPicWidth="40" LowSize="4156" No="2" Original="https://inishop.com/img/gallery_raw/082a9e92f66dfeb33a188e8fb8e76762dad47f81.png" OriginalSize="550479" Pic="https://inishop.com/img/gallery/73714a0e853e9522c88f3191d416b47d2215e3ad.jpg" Pic500x500="https://inishop.com/img/gallery_mediums/fb4096a68250e349d822a6a1bc731dd9e467b232.jpg" Pic500x500Height="500" Pic500x500Size="18276" Pic500x500Width="100" PicHeight="2197" PicWidth="438" ProductPicture_ID="98075540" Size="280364" ThumbPic="https://inishop.com/img/gallery_thumbs/b5fa22bb1a410d98118b94db188f64776c68a4db.jpg" ThumbSize="1452" Type="ProductImage" UpdatedDate="2025-09-08 16:37:23"/>
   <ProductPicture LowPic="https://inishop.com/img/gallery_lows/ed31013aceea26eee515f3d2d43bb05e65613849.jpg" LowPicHeight="200" LowPicWidth="41" LowSize="6453" No="3" Original="https://inishop.com/img/gallery_raw/8d99c676e3592d442837c3183558195f389df4b1.png" OriginalSize="701948" Pic="https://inishop.com/img/gallery/8521f8127cfa0835ab5754d4b7c6e4928bb24a98.jpg" Pic500x500="https://inishop.com/img/gallery_mediums/e817df0fbd064bd48296c4f87ae3cbd48e5a3b68.jpg" Pic500x500Height="500" Pic500x500Size="27318" Pic500x500Width="102" PicHeight="2196" PicWidth="450" ProductPicture_ID="98075541" Size="342645" ThumbPic="https://inishop.com/img/gallery_thumbs/166b4bce375c335d26f070f41e8bb3c9e60c188e.jpg" ThumbSize="1964" Type="ProductImage" UpdatedDate="2025-09-08 16:37:28"/>
   <ProductPicture LowPic="https://inishop.com/img/gallery_lows/200fe8c95dc09d5181aeb73a1522c79480712984.jpg" LowPicHeight="193" LowPicWidth="200" LowSize="30201" No="4" Original="https://inishop.com/img/gallery_raw/20978aaf41149f4ac5005c81ba90ebe4f1ec75ab.jpeg" OriginalSize="233180" Pic="https://inishop.com/img/gallery/4b4c22b9625db7b551fad2d6d4fa11bec0d1b8f5.jpg" Pic500x500="https://inishop.com/img/gallery_mediums/d5cc7bb8eb99ee82c0883d2c41e0f2eaa2e8be25.jpg" Pic500x500Height="482" Pic500x500Size="131933" Pic500x500Width="500" PicHeight="1728" PicWidth="1792" ProductPicture_ID="98075552" Size="1113941" ThumbPic="https://inishop.com/img/gallery_thumbs/4f96d1d8778af2ed19d42d0be6a9985bac0f4470.jpg" ThumbSize="6890" Type="ProductImage" UpdatedDate="2025-09-08 16:37:34"/>
   <ProductPicture LowPic="https://inishop.com/img/gallery_lows/1111771f163b8cfa3456e9bb0a5a069f2fbc1f56.jpg" LowPicHeight="200" LowPicWidth="200" LowSize="34258" No="5" Original="https://inishop.com/img/gallery_raw/834c0cb7b50f584822424d616278371085bee05e.jpeg" OriginalSize="370136" Pic="https://inishop.com/img/gallery/c8c5422923e3df96094f30feb46c31f26de2f944.jpg" Pic500x500="https://inishop.com/img/gallery_mediums/45258662930536f5484ed985c286c9c144f34aa1.jpg" Pic500x500Height="500" Pic500x500Size="165686" Pic500x500Width="500" PicHeight="2000" PicWidth="2000" ProductPicture_ID="98075554" Size="1297936" ThumbPic="https://inishop.com/img/gallery_thumbs/79c6261207ede9548af1f41a9779eaacc3cc84b2.jpg" ThumbSize="7396" Type="ProductImage" UpdatedDate="2024-11-26 11:06:55"/>
   <ProductPicture LowPic="https://inishop.com/img/gallery_lows/10fa5d732a58401fd8c8190b034cad51a19574d8.jpg" LowPicHeight="200" LowPicWidth="200" LowSize="41007" No="6" Original="https://inishop.com/img/gallery_raw/3320a936ece79188164ea897ed5498009ab0f904.jpeg" OriginalSize="436501" Pic="https://inishop.com/img/gallery/9e41ccd9a63b30f9da5818882dbf9b798a8bcf00.jpg" Pic500x500="https://inishop.com/img/gallery_mediums/db4779060eb58b38e470cd34676d02a5c18ba793.jpg" Pic500x500Height="500" Pic500x500Size="198778" Pic500x500Width="500" PicHeight="2000" PicWidth="2000" ProductPicture_ID="98075555" Size="1373735" ThumbPic="https://inishop.com/img/gallery_thumbs/a673d0a88e2b235ec01b8710189281d938b89f8a.jpg" ThumbSize="8390" Type="ProductImage" UpdatedDate="2024-11-26 11:06:57"/>
   <ProductPicture LowPic="https://inishop.com/img/gallery_lows/df2c75e9e46dbed5dcff82a36fe2405da01aa325.jpg" LowPicHeight="200" LowPicWidth="200" LowSize="40247" No="7" Original="https://inishop.com/img/gallery_raw/d40fa14812e0dcfe35410f019ed9072e8dd67df3.jpeg" OriginalSize="521423" Pic="https://inishop.com/img/gallery/aeeb39039e05b8bc77975c7f3820335895177589.jpg" Pic500x500="https://inishop.com/img/gallery_mediums/3c9eb8dfef7d1d04f5e0ce49ef07abff7c67003c.jpg" Pic500x500Height="500" Pic500x500Size="229450" Pic500x500Width="500" PicHeight="2000" PicWidth="2000" ProductPicture_ID="117083701" Size="1594666" ThumbPic="https://inishop.com/img/gallery_thumbs/9ed752e2316ed84a8ff8843b69e24ebaf35239c0.jpg" ThumbSize="6811" Type="Other" UpdatedDate="2025-09-08 16:38:09"/>
   <ProductPicture LowPic="https://inishop.com/img/gallery_lows/1f31c4f4c30b396fa854fb0f86dc13db25bf96f7.jpg" LowPicHeight="200" LowPicWidth="200" LowSize="42504" No="8" Original="https://inishop.com/img/gallery_raw/cf237bfac05543a91a80c0a08551eff9535b9eef.jpeg" OriginalSize="447131" Pic="https://inishop.com/img/gallery/584cf83723a03ad4e3f0d2a5a88ab12a374f3ec0.jpg" Pic500x500="https://inishop.com/img/gallery_mediums/d562278a52a41c783512f07551978ee2d0fa79c0.jpg" Pic500x500Height="500" Pic500x500Size="231128" Pic500x500Width="500" PicHeight="2000" PicWidth="2000" ProductPicture_ID="117083702" Size="1514683" ThumbPic="https://inishop.com/img/gallery_thumbs/f4760cd2fd0c7f8cebca2860cd0834e8247b0cca.jpg" ThumbSize="7644" Type="Other" UpdatedDate="2025-09-08 16:38:11"/>
   <ProductPicture LowPic="https://inishop.com/img/gallery_lows/525b2d8d3c58d7a6580e98fa86771cfef7ac6fbc.jpg" LowPicHeight="200" LowPicWidth="200" LowSize="41625" No="9" Original="https://inishop.com/img/gallery_raw/9b10608c8ac1d44df3823016c0c7668d0bcd739b.jpeg" OriginalSize="308070" Pic="https://inishop.com/img/gallery/faa4948dce90727a5bfd82ff8922a5403e5ca82f.jpg" Pic500x500="https://inishop.com/img/gallery_mediums/8f96a2f874075f5e5f5ea3f86d99e5248bf4e1f3.jpg" Pic500x500Height="500" Pic500x500Size="184867" Pic500x500Width="500" PicHeight="2000" PicWidth="2000" ProductPicture_ID="117083703" Size="1097116" ThumbPic="https://inishop.com/img/gallery_thumbs/d0d66e87dc1d4193502e1a81aaa0cad8b5734f3c.jpg" ThumbSize="8988" Type="Other" UpdatedDate="2025-09-08 16:38:12"/>
   <ProductPicture LowPic="https://inishop.com/img/gallery_lows/5301890da2f7e739011f4d41a877091a3d290eb8.jpg" LowPicHeight="200" LowPicWidth="200" LowSize="27511" No="10" Original="https://inishop.com/img/gallery_raw/d707c5bd773bc29ae1930e2888d0e67b7cc89c12.jpeg" OriginalSize="238884" Pic="https://inishop.com/img/gallery/071958972d9d9eb03931345eb481c60f1400a30c.jpg" Pic500x500="https://inishop.com/img/gallery_mediums/cff6ec07f34ac0cdf39ce71df0c740399950d510.jpg" Pic500x500Height="500" Pic500x500Size="132680" Pic500x500Width="500" PicHeight="2000" PicWidth="2000" ProductPicture_ID="117083704" Size="866928" ThumbPic="https://inishop.com/img/gallery_thumbs/bcc677205a881d6989d66ec79c1eedf76a315cd3.jpg" ThumbSize="6474" Type="Other" UpdatedDate="2025-09-08 16:38:14"/>
   <ProductPicture LowPic="https://inishop.com/img/gallery_lows/1681cdaf34d1e4868575d9ce21a4a5ddee0ffcf1.jpg" LowPicHeight="200" LowPicWidth="200" LowSize="30447" No="11" Original="https://inishop.com/img/gallery_raw/e3d8a232077ae675fea272e93a051059ea303c6c.jpeg" OriginalSize="226353" Pic="https://inishop.com/img/gallery/b7034883cefbef7ca2d295fe22480df8fc18aed4.jpg" Pic500x500="https://inishop.com/img/gallery_mediums/7e6c40ca08deb36f000f0194cc01b22865435bad.jpg" Pic500x500Height="500" Pic500x500Size="138777" Pic500x500Width="500" PicHeight="2000" PicWidth="2000" ProductPicture_ID="117083705" Size="844822" ThumbPic="https://inishop.com/img/gallery_thumbs/ec979ecf9beb0acb33b4bb900cc82817ab7c6dae.jpg" ThumbSize="6966" Type="Other" UpdatedDate="2025-09-08 16:38:16"/>
   <ProductPicture LowPic="https://inishop.com/img/gallery_lows/4b533cc1da55dfd494db7dbab8b1a34444907a0b.jpg" LowPicHeight="200" LowPicWidth="200" LowSize="44666" No="12" Original="https://inishop.com/img/gallery_raw/b2b1efe5eba9b62dc4d82fb8e4475971cdbb5a65.jpeg" OriginalSize="208446" Pic="https://inishop.com/img/gallery/f8ac3be76567a64a7ba52289a973c951e751e1d6.jpg" Pic500x500="https://inishop.com/img/gallery_mediums/dc76cebc1fc2073b1c521e5713519fcd713b8fd8.jpg" Pic500x500Height="500" Pic500x500Size="170337" Pic500x500Width="500" PicHeight="2000" PicWidth="2000" ProductPicture_ID="117083706" Size="870596" ThumbPic="https://inishop.com/img/gallery_thumbs/b32f3790aa5563ebf20eec10ac4fb15cd9f7d58d.jpg" ThumbSize="11166" Type="Other" UpdatedDate="2025-09-08 16:38:17"/>
  </ProductGallery>
  <ProductMultimediaObject/>
  <ProductRelated/>
  <SummaryDescription>
   <ShortSummaryDescription langid="1">Essence 8h matte liquid lipstick, Brown, Velvet Brick, 1 colours, Coloring, Women, Matte</ShortSummaryDescription>
   <LongSummaryDescription langid="1">Essence 8h matte liquid lipstick. Colour group: Brown, Colour name: Velvet Brick, Number of colours: 1 colours. Volume: 2.5 ml. Number of products included: 1 pc(s)</LongSummaryDescription>
  </SummaryDescription>
  <Supplier ID="29383" Name="Essence"/>
  <CatalogObjectCloud/>
  <BrandOrganizations/>
 </Product>
</ICECAT-interface>
