<?xml version="1.0" encoding="UTF-8"?>
<!DOCTYPE ICECAT-interface SYSTEM "https://data.icecat.biz/dtd/ICECAT-interface_response.dtd">
<!--source: Icecat.biz 2025-->
<!--Language ID: 1-->
<!--Version: v2-->
<ICECAT-interface xmlns:xsi="http://www.w3.org/2001/XMLSchema-instance" xsi:noNamespaceSchemaLocation="https://data.icecat.biz/xsd/ICECAT-interface_response.xsd">
 <Product Code="1" HighPic="https://inishop.com/img/gallery/7c3237b39c353291936af628b191e16c839b62aa.jpg" HighPicHeight="2000" HighPicSize="539604" HighPicWidth="2000" ID="125353175" LowPic="https://inishop.com/img/gallery_lows/78efa4f1da0bde28b44d6f59d8a57ba3e5e9f1e3.jpg" LowPicHeight="200" LowPicSize="8540" LowPicWidth="200" Name="GEL AFFAIR Nail Lacquer" IntName="GEL AFFAIR" LocalName="GEL AFFAIR Nail Lacquer" Pic500x500="https://inishop.com/img/gallery_mediums/7fcf1d23595454ea42a5f27f630c791cbdf611f8.jpg" Pic500x500Height="500" Pic500x500Size="39708" Pic500x500Width="500" Prod_id="951621" Quality="ICECAT" ReleaseDate="" ThumbPic="https://inishop.com/img/gallery_thumbs/da73cc2a397d4e6a13b3d22ebf1ce37085d3c647.jpg" ThumbPicSize="2498" Title="CATRICE GEL AFFAIR Nail Lacquer" GeneratedIntTitle="CATRICE GEL AFFAIR nail polish" GeneratedLocalTitle="CATRICE GEL AFFAIR nail polish 10.5 ml Yellow" BrandLocalTitle="CATRICE GEL AFFAIR Nail Lacquer">
  <CategoryFeatureGroup ID="12018" No="0">
   <FeatureGroup ID="0">
    <Name ID="5073" langid="1" Value="Technical details"/>
   </FeatureGroup>
  </CategoryFeatureGroup>
  <CategoryFeatureGroup ID="11989" No="0">
   <FeatureGroup ID="14">
    <Name ID="5023" langid="1" Value="Weight &amp; dimensions"/>
   </FeatureGroup>
  </CategoryFeatureGroup>
  <CategoryFeatureGroup ID="77254" No="0">
   <FeatureGroup ID="67">
    <Name ID="27423" langid="1" Value="Packaging data"/>
   </FeatureGroup>
  </CategoryFeatureGroup>
  <CategoryFeatureGroup ID="43483" No="0">
   <FeatureGroup ID="76">
    <Name ID="28540" langid="1" Value="Certificates"/>
   </FeatureGroup>
  </CategoryFeatureGroup>
  <CategoryFeatureGroup ID="50381" No="0">
   <FeatureGroup ID="116">
    <Name ID="78852" langid="1" Value="Packaging content"/>
   </FeatureGroup>
  </CategoryFeatureGroup>
  <CategoryFeatureGroup ID="55479" No="0">
   <FeatureGroup ID="143">
    <Name ID="618812" langid="1" Value="Battery"/>
   </FeatureGroup>
  </CategoryFeatureGroup>
  <CategoryFeatureGroup ID="12412" No="0">
   <FeatureGroup ID="146">
    <Name ID="624346" langid="1" Value="Other features"/>
   </FeatureGroup>
  </CategoryFeatureGroup>
  <CategoryFeatureGroup ID="11992" No="10">
   <FeatureGroup ID="185">
    <Name ID="1219853" langid="1" Value="Features"/>
   </FeatureGroup>
  </CategoryFeatureGroup>
  <CategoryFeatureGroup ID="37495" No="0">
   <FeatureGroup ID="198">
    <Name ID="1788927" langid="1" Value="Logistics data"/>
   </FeatureGroup>
  </CategoryFeatureGroup>
  <CategoryFeatureGroup ID="62004" No="0">
   <FeatureGroup ID="232">
    <Name ID="3464238" langid="1" Value="Supplier features"/>
   </FeatureGroup>
  </CategoryFeatureGroup>
  <CategoryFeatureGroup ID="77253" No="0">
   <FeatureGroup ID="279">
    <Name ID="7392238" langid="1" Value="Sustainability"/>
   </FeatureGroup>
  </CategoryFeatureGroup>
  <Category ID="2943">
   <Name ID="3729479" langid="1" Value="Nail Polishes"/>
  </Category>
  <EANCode EAN="4059729516213" Format="GTIN-13" IsApproved="1"/>
  <ReleaseDate/>
  <EndOfLifeDate/>
  <ReasonsToBuy/>
  <BulletPoints>
   <BulletPoint Value="Lasts up to 7 days without base or topcoat" langid="1" No="1"/>
   <BulletPoint Value="Gel-like finish without UV lamp" langid="1" No="2"/>
   <BulletPoint Value="Intense colour &amp; coverage" langid="1" No="3"/>
  </BulletPoints>
  <GeneratedBulletPoints>
   <GeneratedBulletPoint Value="Bottle 10.5 ml Colour group: Yellow" langid="1" No="1"/>
   <GeneratedBulletPoint Value="012 Easy Peasy Lemon Squeezy Applicator type: Brush" langid="1" No="2"/>
   <GeneratedBulletPoint Value="Suitable for: Women" langid="1" No="3"/>
   <GeneratedBulletPoint Value="Long-lasting Fast drying Easy to apply" langid="1" No="4"/>
  </GeneratedBulletPoints>
  <ProductBundled/>
  <ProductDescription ID="98399123" LongDesc="Experience the perfect nail makeover with the Catrice GEL AFFAIR Nail Lacquer – your go-to for long-lasting, high-shine nails with a salon-quality, gel-like finish. Enjoy up to 7 days of lifeproof without the need for a base or top coat. Indulge in intense colours with a brilliant gloss and gel-like finish - no UV lamp or nail studio needed! Transform your nails with GEL AFFAIR Nail Lacquer – where high shine meets high performance! Our GEL AFFAIR Nail Lacquer range boasts a variety of vibrant and trendy shades that cater to every mood, occasion, and style. From the office to a night out, we’ve got you covered. Catrice GEL AFFAIR Nail Lacquer 001 Ibiza Feeling in a bright white is your go-to for instant style and elegance. The packaging is made from recycled materials. Cap made from 100% recycled plastic (**colorants &amp; additives excluded), bottle contains min. 20% recycled glass" ManualPDFSize="0" ManualPDFURL="" MiddleDesc="" PDFSize="0" PDFURL="" ShortDesc="Gel-like finish, 012 - Easy Peasy Lemon Squeezy" URL="https://www.catrice.eu/en-de/p/951610/gel-affair-nail-lacquer" WarrantyInfo="" langid="1"/>
  <ProductFeature Localized="0" ID="737805042" Local_ID="0" Value="10.5" CategoryFeature_ID="103923" CategoryFeatureGroup_ID="11992" No="100400" Optional="0" Presentation_Value="10.5 ml" Translated="0" Mandatory="1" Searchable="0">
   <LocalValue Value="10.5">
    <Measure ID="142">
     <Signs>
      <Sign ID="123" langid="1"><![CDATA[ml]]></Sign>
     </Signs>
    </Measure>
   </LocalValue>
   <Feature ID="5207">
    <Measure ID="142" Sign="">
     <Signs>
      <Sign ID="123" langid="1"><![CDATA[ml]]></Sign>
     </Signs>
    </Measure>
    <Name ID="71645" langid="1" Value="Volume"/>
   </Feature>
  </ProductFeature>
  <ProductFeature Localized="0" ID="737805046" Local_ID="0" Value="Yellow" CategoryFeature_ID="103998" CategoryFeatureGroup_ID="11992" No="100100" Optional="0" Presentation_Value="Yellow" Translated="1" Mandatory="1" Searchable="0">
   <LocalValue Value="Yellow">
    <Measure ID="29">
     <Signs/>
    </Measure>
   </LocalValue>
   <Feature ID="17357">
    <Measure ID="29" Sign="">
     <Signs/>
    </Measure>
    <Name ID="1238438" langid="1" Value="Colour group"/>
   </Feature>
  </ProductFeature>
  <ProductFeature Localized="0" ID="737805048" Local_ID="0" Value="Easy Peasy Lemon Squeezy" CategoryFeature_ID="104004" CategoryFeatureGroup_ID="11992" No="100090" Optional="0" Presentation_Value="Easy Peasy Lemon Squeezy" Translated="0" Mandatory="1" Searchable="0">
   <LocalValue Value="Easy Peasy Lemon Squeezy">
    <Measure ID="29">
     <Signs/>
    </Measure>
   </LocalValue>
   <Feature ID="17956">
    <Measure ID="29" Sign="">
     <Signs/>
    </Measure>
    <Name ID="1296400" langid="1" Value="Colour name"/>
   </Feature>
  </ProductFeature>
  <ProductFeature Localized="0" ID="737805047" Local_ID="0" Value="012" CategoryFeature_ID="104001" CategoryFeatureGroup_ID="11992" No="100080" Optional="0" Presentation_Value="012" Translated="0" Mandatory="1" Searchable="0">
   <LocalValue Value="012">
    <Measure ID="29">
     <Signs/>
    </Measure>
   </LocalValue>
   <Feature ID="17540">
    <Measure ID="29" Sign="">
     <Signs/>
    </Measure>
    <Name ID="1246677" langid="1" Value="Colour code"/>
   </Feature>
  </ProductFeature>
  <ProductFeature Localized="0" ID="737805051" Local_ID="0" Value="Y" CategoryFeature_ID="105740" CategoryFeatureGroup_ID="11992" No="100055" Optional="0" Presentation_Value="Yes" Translated="1" Mandatory="1" Searchable="0">
   <LocalValue Value="Yes">
    <Measure ID="26">
     <Signs/>
    </Measure>
   </LocalValue>
   <Feature ID="18072">
    <Measure ID="26" Sign="">
     <Signs/>
    </Measure>
    <Name ID="1366788" langid="1" Value="Fast drying"/>
   </Feature>
  </ProductFeature>
  <ProductFeature Localized="0" ID="737805053" Local_ID="0" Value="Opaque" CategoryFeature_ID="338166" CategoryFeatureGroup_ID="11992" No="100071" Optional="0" Presentation_Value="Opaque" Translated="1" Mandatory="0" Searchable="0">
   <LocalValue Value="Opaque">
    <Measure ID="29">
     <Signs/>
    </Measure>
   </LocalValue>
   <Feature ID="32237">
    <Measure ID="29" Sign="">
     <Signs/>
    </Measure>
    <Name ID="3270659" langid="1" Value="Opacity"/>
   </Feature>
  </ProductFeature>
  <ProductFeature Localized="0" ID="737805049" Local_ID="0" Value="Bottle" CategoryFeature_ID="146495" CategoryFeatureGroup_ID="11992" No="100065" Optional="0" Presentation_Value="Bottle" Translated="1" Mandatory="0" Searchable="0">
   <LocalValue Value="Bottle">
    <Measure ID="29">
     <Signs/>
    </Measure>
   </LocalValue>
   <Feature ID="17965">
    <Measure ID="29" Sign="">
     <Signs/>
    </Measure>
    <Name ID="1313226" langid="1" Value="Dispenser type"/>
   </Feature>
  </ProductFeature>
  <ProductFeature Localized="0" ID="737805050" Local_ID="0" Value="Y" CategoryFeature_ID="105739" CategoryFeatureGroup_ID="11992" No="100060" Optional="0" Presentation_Value="Yes" Translated="1" Mandatory="0" Searchable="0">
   <LocalValue Value="Yes">
    <Measure ID="26">
     <Signs/>
    </Measure>
   </LocalValue>
   <Feature ID="18071">
    <Measure ID="26" Sign="">
     <Signs/>
    </Measure>
    <Name ID="1366410" langid="1" Value="Long-lasting"/>
   </Feature>
  </ProductFeature>
  <ProductFeature Localized="0" ID="737805044" Local_ID="0" Value="Y" CategoryFeature_ID="150080" CategoryFeatureGroup_ID="11992" No="100050" Optional="0" Presentation_Value="Yes" Translated="1" Mandatory="0" Searchable="0">
   <LocalValue Value="Yes">
    <Measure ID="26">
     <Signs/>
    </Measure>
   </LocalValue>
   <Feature ID="15767">
    <Measure ID="26" Sign="">
     <Signs/>
    </Measure>
    <Name ID="1180148" langid="1" Value="Easy to apply"/>
   </Feature>
  </ProductFeature>
  <ProductFeature Localized="0" ID="737805054" Local_ID="0" Value="Brush" CategoryFeature_ID="338175" CategoryFeatureGroup_ID="11992" No="100000" Optional="0" Presentation_Value="Brush" Translated="1" Mandatory="0" Searchable="0">
   <LocalValue Value="Brush">
    <Measure ID="29">
     <Signs/>
    </Measure>
   </LocalValue>
   <Feature ID="38481">
    <Measure ID="29" Sign="">
     <Signs/>
    </Measure>
    <Name ID="5359639" langid="1" Value="Applicator type"/>
   </Feature>
  </ProductFeature>
  <ProductFeature Localized="0" ID="737805043" Local_ID="0" Value="Women" CategoryFeature_ID="693734" CategoryFeatureGroup_ID="11992" No="100000" Optional="0" Presentation_Value="Women" Translated="1" Mandatory="0" Searchable="0">
   <LocalValue Value="Women">
    <Measure ID="29">
     <Signs/>
    </Measure>
   </LocalValue>
   <Feature ID="9202">
    <Measure ID="29" Sign="">
     <Signs/>
    </Measure>
    <Name ID="765619" langid="1" Value="Suitable for"/>
   </Feature>
  </ProductFeature>
  <ProductFeature Localized="0" ID="737805045" Local_ID="0" Value="ETHYL ACETATE, BUTYL ACETATE, NITROCELLULOSE, POLYESTER-23, ACETYL TRIBUTYL CITRATE, ISOPROPYL ALCOHOL, STEARALKONIUM BENTONITE, EUTERPE OLERACEA FRUIT OIL, STYRENE/ACRYLATES COPOLYMER, ADIPIC ACID/NEOPENTYL GLYCOL/TRIMELLITIC ANHYDRIDE COPOLYMER, DIACETONE ALCOHOL, SILICA, DIPROPYLENE GLYCOL DIBENZOATE, SUCROSE ACETATE ISOBUTYRATE, ACRYLATES COPOLYMER, MALTOL, TRIETHOXYCAPRYLYLSILANE, PENTAERYTHRITYL TETRAISOSTEARATE, PHOSPHORIC ACID, ALUMINUM HYDROXIDE, CI 77891 (TITANIUM DIOXIDE)." CategoryFeature_ID="103962" CategoryFeatureGroup_ID="11992" No="99920" Optional="0" Presentation_Value="ETHYL ACETATE, BUTYL ACETATE, NITROCELLULOSE, POLYESTER-23, ACETYL TRIBUTYL CITRATE, ISOPROPYL ALCOHOL, STEARALKONIUM BENTONITE, EUTERPE OLERACEA FRUIT OIL, STYRENE/ACRYLATES COPOLYMER, ADIPIC ACID/NEOPENTYL GLYCOL/TRIMELLITIC ANHYDRIDE COPOLYMER, DIACETONE ALCOHOL, SILICA, DIPROPYLENE GLYCOL DIBENZOATE, SUCROSE ACETATE ISOBUTYRATE, ACRYLATES COPOLYMER, MALTOL, TRIETHOXYCAPRYLYLSILANE, PENTAERYTHRITYL TETRAISOSTEARATE, PHOSPHORIC ACID, ALUMINUM HYDROXIDE, CI 77891 (TITANIUM DIOXIDE)." Translated="0" Mandatory="0" Searchable="0">
   <LocalValue Value="ETHYL ACETATE, BUTYL ACETATE, NITROCELLULOSE, POLYESTER-23, ACETYL TRIBUTYL CITRATE, ISOPROPYL ALCOHOL, STEARALKONIUM BENTONITE, EUTERPE OLERACEA FRUIT OIL, STYRENE/ACRYLATES COPOLYMER, ADIPIC ACID/NEOPENTYL GLYCOL/TRIMELLITIC ANHYDRIDE COPOLYMER, DIACETONE ALCOHOL, SILICA, DIPROPYLENE GLYCOL DIBENZOATE, SUCROSE ACETATE ISOBUTYRATE, ACRYLATES COPOLYMER, MALTOL, TRIETHOXYCAPRYLYLSILANE, PENTAERYTHRITYL TETRAISOSTEARATE, PHOSPHORIC ACID, ALUMINUM HYDROXIDE, CI 77891 (TITANIUM DIOXIDE).">
    <Measure ID="29">
     <Signs/>
    </Measure>
   </LocalValue>
   <Feature ID="16908">
    <Measure ID="29" Sign="">
     <Signs/>
    </Measure>
    <Name ID="1216897" langid="1" Value="Ingredients"/>
   </Feature>
  </ProductFeature>
  <ProductFeature Localized="0" ID="737805055" Local_ID="0" Value="Microplastics,Paraben" CategoryFeature_ID="625012" CategoryFeatureGroup_ID="11992" No="99850" Optional="0" Presentation_Value="Microplastics, Paraben" Translated="1" Mandatory="0" Searchable="0">
   <LocalValue Value="Microplastics, Paraben">
    <Measure ID="29">
     <Signs/>
    </Measure>
   </LocalValue>
   <Feature ID="42516">
    <Measure ID="29" Sign="">
     <Signs/>
    </Measure>
    <Name ID="6876321" langid="1" Value="Doesn't contain"/>
   </Feature>
  </ProductFeature>
  <ProductFeature Localized="0" ID="737669096" Local_ID="0" Value="1" CategoryFeature_ID="104007" CategoryFeatureGroup_ID="77254" No="100150" Optional="0" Presentation_Value="1 pc(s)" Translated="0" Mandatory="1" Searchable="0">
   <LocalValue Value="1">
    <Measure ID="144">
     <Signs>
      <Sign ID="125" langid="1"><![CDATA[pc(s)]]></Sign>
     </Signs>
    </Measure>
   </LocalValue>
   <Feature ID="5456">
    <Measure ID="144" Sign="">
     <Signs>
      <Sign ID="125" langid="1"><![CDATA[pc(s)]]></Sign>
     </Signs>
    </Measure>
    <Name ID="78359" langid="1" Value="Number of products included"/>
   </Feature>
  </ProductFeature>
  <ProductGallery>
   <ProductPicture IsMain="Y" LowPic="https://inishop.com/img/gallery_lows/78efa4f1da0bde28b44d6f59d8a57ba3e5e9f1e3.jpg" LowPicHeight="200" LowPicWidth="200" LowSize="8540" No="1" Original="https://inishop.com/img/gallery_raw/9f6f55e21784618c06b0494f350ee054b5472a23.png" OriginalSize="1205012" Pic="https://inishop.com/img/gallery/7c3237b39c353291936af628b191e16c839b62aa.jpg" Pic500x500="https://inishop.com/img/gallery_mediums/7fcf1d23595454ea42a5f27f630c791cbdf611f8.jpg" Pic500x500Height="500" Pic500x500Size="39708" Pic500x500Width="500" PicHeight="2000" PicWidth="2000" ProductPicture_ID="101066907" Size="539604" ThumbPic="https://inishop.com/img/gallery_thumbs/da73cc2a397d4e6a13b3d22ebf1ce37085d3c647.jpg" ThumbSize="2498" Type="ProductImage" UpdatedDate="2025-09-09 08:32:46"/>
   <ProductPicture LowPic="https://inishop.com/img/gallery_lows/28f2970c4adc125b1ccc928627fad55d4b95dab1.jpg" LowPicHeight="200" LowPicWidth="200" LowSize="12630" No="2" Original="https://inishop.com/img/gallery_raw/e5edc0fa85eff8a2d4a6efdf7fdda817a00d9e0a.png" OriginalSize="1478768" Pic="https://inishop.com/img/gallery/6d070b84bc92e5be79fe1bac68099f24513353db.jpg" Pic500x500="https://inishop.com/img/gallery_mediums/ba787e1e1f440b3ca555409e1238820beb55f910.jpg" Pic500x500Height="500" Pic500x500Size="54291" Pic500x500Width="500" PicHeight="2000" PicWidth="2000" ProductPicture_ID="101066906" Size="685470" ThumbPic="https://inishop.com/img/gallery_thumbs/b592f04849cbfff4b8ac5fc7e1567078addbc1c1.jpg" ThumbSize="3343" Type="ProductImage" UpdatedDate="2025-09-09 08:32:46"/>
   <ProductPicture LowPic="https://inishop.com/img/gallery_lows/b889efafeb026c8a1055b144efd93a55f7fd8f73.jpg" LowPicHeight="200" LowPicWidth="200" LowSize="10898" No="3" Original="https://inishop.com/img/gallery_raw/354bf61ec2a707ce2576ecd4916518df0d3afa86.jpeg" OriginalSize="84621" Pic="https://inishop.com/img/gallery/d9707d8468db12f51fd01575f06105e9cc9ed537.jpg" Pic500x500="https://inishop.com/img/gallery_mediums/d701854cfe74c21b13dd3fa003a553b66b8b3dca.jpg" Pic500x500Height="500" Pic500x500Size="48973" Pic500x500Width="500" PicHeight="2000" PicWidth="2000" ProductPicture_ID="101066908" Size="283335" ThumbPic="https://inishop.com/img/gallery_thumbs/d88a7293a8843bd215265313c367295680163805.jpg" ThumbSize="3025" Type="ProductImage" UpdatedDate="2025-02-06 15:41:17"/>
   <ProductPicture LowPic="https://inishop.com/img/gallery_lows/b7931413a0b856091724537cf8e7f9a7abd9da70.jpg" LowPicHeight="200" LowPicWidth="200" LowSize="30226" No="4" Original="https://inishop.com/img/gallery_raw/b9cd01e167bcf9261afe847c771dfbc82c7f903c.jpeg" OriginalSize="214164" Pic="https://inishop.com/img/gallery/c65f73b3360791825c6491014387d5340e0d60de.jpg" Pic500x500="https://inishop.com/img/gallery_mediums/f20f7f2bc71ad08e4cf1cc42335e15549da250c5.jpg" Pic500x500Height="500" Pic500x500Size="138078" Pic500x500Width="500" PicHeight="2000" PicWidth="2000" ProductPicture_ID="101066909" Size="721046" ThumbPic="https://inishop.com/img/gallery_thumbs/8309758ed350be14114b34be4b854105646d0942.jpg" ThumbSize="6731" Type="ProductImage" UpdatedDate="2025-02-06 15:41:18"/>
   <ProductPicture LowPic="https://inishop.com/img/gallery_lows/ca042a25daaeb79caf74475d4973a78145a79fe5.jpg" LowPicHeight="200" LowPicWidth="200" LowSize="37592" No="5" Original="https://inishop.com/img/gallery_raw/c9ed2c5038c071b1c5589cb3ad3a41ec59e23720.jpeg" OriginalSize="268802" Pic="https://inishop.com/img/gallery/1ceffa5519cb45359340055ec0423edb1fb5efd2.jpg" Pic500x500="https://inishop.com/img/gallery_mediums/c8926a0b8e54c9201e2f73a76ab3f4e4b0d28d35.jpg" Pic500x500Height="500" Pic500x500Size="176823" Pic500x500Width="500" PicHeight="2000" PicWidth="2000" ProductPicture_ID="101066910" Size="995915" ThumbPic="https://inishop.com/img/gallery_thumbs/9b3fb9b47b64f2a56926fa32a2193859dcdd330a.jpg" ThumbSize="7814" Type="ProductImage" UpdatedDate="2025-02-06 15:41:20"/>
   <ProductPicture LowPic="https://inishop.com/img/gallery_lows/34ad7053e674bcf6d7faa71f2570144e3a9dea69.jpg" LowPicHeight="200" LowPicWidth="200" LowSize="42421" No="6" Original="https://inishop.com/img/gallery_raw/bd9628ee810d91beb11242d0313e8873b4e8424f.jpeg" OriginalSize="363835" Pic="https://inishop.com/img/gallery/51edef858099bca2efb2e0c1b8954b567a310865.jpg" Pic500x500="https://inishop.com/img/gallery_mediums/1c6be9befc8c109ac9c53a69e5f398c99f2248a9.jpg" Pic500x500Height="500" Pic500x500Size="189969" Pic500x500Width="500" PicHeight="2000" PicWidth="2000" ProductPicture_ID="101066911" Size="1129508" ThumbPic="https://inishop.com/img/gallery_thumbs/eae8abd3f6f34f017b7b2b6456ea150c5e0ddbb5.jpg" ThumbSize="8540" Type="ProductImage" UpdatedDate="2025-02-06 15:41:20"/>
   <ProductPicture LowPic="https://inishop.com/img/gallery_lows/afcc89758ea1815d20afc6b434fdbb9993e0a07b.jpg" LowPicHeight="200" LowPicWidth="200" LowSize="33285" No="7" Original="https://inishop.com/img/gallery_raw/caf9e16c954a813436a18ffd67a59f1cc79106fc.jpeg" OriginalSize="188864" Pic="https://inishop.com/img/gallery/4813c224d27c7e19eba793e865fc7311334e03c1.jpg" Pic500x500="https://inishop.com/img/gallery_mediums/2c282209615be45f8aa7c20462947808817d5987.jpg" Pic500x500Height="500" Pic500x500Size="105792" Pic500x500Width="500" PicHeight="2000" PicWidth="2000" ProductPicture_ID="101066912" Size="615805" ThumbPic="https://inishop.com/img/gallery_thumbs/a13bb04d51ef846eb51d18f238a32367f1422cd3.jpg" ThumbSize="8552" Type="ProductImage" UpdatedDate="2025-02-06 15:41:21"/>
  </ProductGallery>
  <ProductMultimediaObject/>
  <ProductRelated/>
  <SummaryDescription>
   <ShortSummaryDescription langid="1">CATRICE GEL AFFAIR Nail Lacquer, 10.5 ml, Yellow, Easy Peasy Lemon Squeezy, Opaque, Bottle, Brush</ShortSummaryDescription>
   <LongSummaryDescription langid="1">CATRICE GEL AFFAIR Nail Lacquer. Volume: 10.5 ml, Colour group: Yellow, Colour name: Easy Peasy Lemon Squeezy. Number of products included: 1 pc(s)</LongSummaryDescription>
  </SummaryDescription>
  <Supplier ID="32280" Name="CATRICE"/>
  <CatalogObjectCloud/>
  <BrandOrganizations/>
 </Product>
</ICECAT-interface>
