<?xml version="1.0" encoding="UTF-8"?>
<!DOCTYPE ICECAT-interface SYSTEM "https://data.icecat.biz/dtd/ICECAT-interface_response.dtd">
<!--source: Icecat.biz 2025-->
<!--Language ID: 1-->
<!--Version: v2-->
<ICECAT-interface xmlns:xsi="http://www.w3.org/2001/XMLSchema-instance" xsi:noNamespaceSchemaLocation="https://data.icecat.biz/xsd/ICECAT-interface_response.xsd">
 <Product Code="1" HighPic="https://inishop.com/img/gallery/a93461b43d8d5b62b640a63dad7fb1b50f0f83f4.jpg" HighPicHeight="1171" HighPicSize="342425" HighPicWidth="563" ID="132487224" LowPic="https://inishop.com/img/gallery_lows/dcc6db3cbf5c72a840423a755b52ae33c3abe6ef.jpg" LowPicHeight="200" LowPicSize="11001" LowPicWidth="96" Name="Bold Magnetic Nail Polish" IntName="Bold Magnetic" LocalName="Bold Magnetic Nail Polish" Pic500x500="https://inishop.com/img/gallery_mediums/b2ca4aeda8c3aca3d44388059187eef53ffed9ca.jpg" Pic500x500Height="500" Pic500x500Size="61470" Pic500x500Width="240" Prod_id="954158" Quality="ICECAT" ReleaseDate="" ThumbPic="https://inishop.com/img/gallery_thumbs/e0cfb5b4c49560c5e07ac8dc3ef2e0a6314f8f0d.jpg" ThumbPicSize="2581" Title="CATRICE Bold Magnetic Nail Polish" GeneratedIntTitle="CATRICE Bold Magnetic nail polish" GeneratedLocalTitle="CATRICE Bold Magnetic nail polish Rose Shimmer" BrandLocalTitle="CATRICE Bold Magnetic Nail Polish">
  <CategoryFeatureGroup ID="12018" No="0">
   <FeatureGroup ID="0">
    <Name ID="5073" langid="1" Value="Technical details"/>
   </FeatureGroup>
  </CategoryFeatureGroup>
  <CategoryFeatureGroup ID="11989" No="0">
   <FeatureGroup ID="14">
    <Name ID="5023" langid="1" Value="Weight &amp; dimensions"/>
   </FeatureGroup>
  </CategoryFeatureGroup>
  <CategoryFeatureGroup ID="77254" No="0">
   <FeatureGroup ID="67">
    <Name ID="27423" langid="1" Value="Packaging data"/>
   </FeatureGroup>
  </CategoryFeatureGroup>
  <CategoryFeatureGroup ID="43483" No="0">
   <FeatureGroup ID="76">
    <Name ID="28540" langid="1" Value="Certificates"/>
   </FeatureGroup>
  </CategoryFeatureGroup>
  <CategoryFeatureGroup ID="50381" No="0">
   <FeatureGroup ID="116">
    <Name ID="78852" langid="1" Value="Packaging content"/>
   </FeatureGroup>
  </CategoryFeatureGroup>
  <CategoryFeatureGroup ID="55479" No="0">
   <FeatureGroup ID="143">
    <Name ID="618812" langid="1" Value="Battery"/>
   </FeatureGroup>
  </CategoryFeatureGroup>
  <CategoryFeatureGroup ID="12412" No="0">
   <FeatureGroup ID="146">
    <Name ID="624346" langid="1" Value="Other features"/>
   </FeatureGroup>
  </CategoryFeatureGroup>
  <CategoryFeatureGroup ID="11992" No="10">
   <FeatureGroup ID="185">
    <Name ID="1219853" langid="1" Value="Features"/>
   </FeatureGroup>
  </CategoryFeatureGroup>
  <CategoryFeatureGroup ID="37495" No="0">
   <FeatureGroup ID="198">
    <Name ID="1788927" langid="1" Value="Logistics data"/>
   </FeatureGroup>
  </CategoryFeatureGroup>
  <CategoryFeatureGroup ID="62004" No="0">
   <FeatureGroup ID="232">
    <Name ID="3464238" langid="1" Value="Supplier features"/>
   </FeatureGroup>
  </CategoryFeatureGroup>
  <CategoryFeatureGroup ID="77253" No="0">
   <FeatureGroup ID="279">
    <Name ID="7392238" langid="1" Value="Sustainability"/>
   </FeatureGroup>
  </CategoryFeatureGroup>
  <Category ID="2943">
   <Name ID="3729479" langid="1" Value="Nail Polishes"/>
  </Category>
  <EANCode EAN="4059729541581" Format="GTIN-13" IsApproved="1"/>
  <FeatureLogo ID="604" Feature_ID="42513" Value="Good for vegan" LogoPic="https://inishop.com/img/feature_logo/604-9536.png" Width="300" Height="300" Size="0">
   <Descriptions>
    <Description ID="3097" langid="1">Good for vegan</Description>
   </Descriptions>
   <FeatureLogoFeatures>
    <FeatureLogoFeature ID="42513">
     <FeatureLogoValues>
      <FeatureLogoValue ID="2394">Good for vegan</FeatureLogoValue>
     </FeatureLogoValues>
    </FeatureLogoFeature>
   </FeatureLogoFeatures>
  </FeatureLogo>
  <ReleaseDate/>
  <EndOfLifeDate/>
  <ReasonsToBuy/>
  <BulletPoints>
   <BulletPoint Value="Magnetic nail polish for stunning 3D effects" langid="1" No="1"/>
   <BulletPoint Value="Infused with shimmering magnetic pigments" langid="1" No="2"/>
   <BulletPoint Value="Enables the creation of trendy cat-eye, velvet or glassy nail effects at home" langid="1" No="3"/>
  </BulletPoints>
  <GeneratedBulletPoints>
   <GeneratedBulletPoint Value="Bottle Colour group: Rose" langid="1" No="1"/>
   <GeneratedBulletPoint Value="020 Don't Be So Clingy Applicator type: Brush" langid="1" No="2"/>
   <GeneratedBulletPoint Value="Finish type: Shimmer" langid="1" No="3"/>
   <GeneratedBulletPoint Value="Fast drying Easy to apply" langid="1" No="4"/>
  </GeneratedBulletPoints>
  <ProductBundled/>
  <ProductDescription ID="103913478" LongDesc="Magnetic nail art is the latest must-have trend, and with Catrice Bold Magnetic Nail Polish 020 Don’t Be So Clingy, you can effortlessly achieve mesmerising 3D effects at home! This metallic light pink shade with shimmering magnetic pigments enables the creation of eye-catching Cat Eye, Velvet, or Glass Nail looks – your imagination has no limits. Inspired by the latest trends, this polish lets you experiment with unique designs for a salon-quality manicure. Use the Catrice Bold Magnetic Nail Magnet for the best result." ManualPDFSize="0" ManualPDFURL="" MiddleDesc="" PDFSize="0" PDFURL="" ShortDesc="Bold Magnetic Nail Polish, 020 - Don't Be So Clingy" URL="https://www.catrice.eu/en-de/p/954158/bold-magnetic-nail-polish" WarrantyInfo="" langid="1"/>
  <ProductFeature Localized="0" ID="834443542" Local_ID="0" Value="Rose" CategoryFeature_ID="103998" CategoryFeatureGroup_ID="11992" No="100100" Optional="0" Presentation_Value="Rose" Translated="1" Mandatory="1" Searchable="0">
   <LocalValue Value="Rose">
    <Measure ID="29">
     <Signs/>
    </Measure>
   </LocalValue>
   <Feature ID="17357">
    <Measure ID="29" Sign="">
     <Signs/>
    </Measure>
    <Name ID="1238438" langid="1" Value="Colour group"/>
   </Feature>
  </ProductFeature>
  <ProductFeature Localized="0" ID="834443544" Local_ID="0" Value="Don't Be So Clingy" CategoryFeature_ID="104004" CategoryFeatureGroup_ID="11992" No="100090" Optional="0" Presentation_Value="Don't Be So Clingy" Translated="0" Mandatory="1" Searchable="0">
   <LocalValue Value="Don't Be So Clingy">
    <Measure ID="29">
     <Signs/>
    </Measure>
   </LocalValue>
   <Feature ID="17956">
    <Measure ID="29" Sign="">
     <Signs/>
    </Measure>
    <Name ID="1296400" langid="1" Value="Colour name"/>
   </Feature>
  </ProductFeature>
  <ProductFeature Localized="0" ID="834443543" Local_ID="0" Value="020" CategoryFeature_ID="104001" CategoryFeatureGroup_ID="11992" No="100080" Optional="0" Presentation_Value="020" Translated="0" Mandatory="1" Searchable="0">
   <LocalValue Value="020">
    <Measure ID="29">
     <Signs/>
    </Measure>
   </LocalValue>
   <Feature ID="17540">
    <Measure ID="29" Sign="">
     <Signs/>
    </Measure>
    <Name ID="1246677" langid="1" Value="Colour code"/>
   </Feature>
  </ProductFeature>
  <ProductFeature Localized="0" ID="834443547" Local_ID="0" Value="Coloring,Protection" CategoryFeature_ID="148585" CategoryFeatureGroup_ID="11992" No="100069" Optional="0" Presentation_Value="Coloring, Protection" Translated="1" Mandatory="1" Searchable="0">
   <LocalValue Value="Coloring, Protection">
    <Measure ID="29">
     <Signs/>
    </Measure>
   </LocalValue>
   <Feature ID="23999">
    <Measure ID="29" Sign="">
     <Signs/>
    </Measure>
    <Name ID="1982519" langid="1" Value="Nail polish effect"/>
   </Feature>
  </ProductFeature>
  <ProductFeature Localized="0" ID="834443546" Local_ID="0" Value="Y" CategoryFeature_ID="105740" CategoryFeatureGroup_ID="11992" No="100055" Optional="0" Presentation_Value="Yes" Translated="1" Mandatory="1" Searchable="0">
   <LocalValue Value="Yes">
    <Measure ID="26">
     <Signs/>
    </Measure>
   </LocalValue>
   <Feature ID="18072">
    <Measure ID="26" Sign="">
     <Signs/>
    </Measure>
    <Name ID="1366788" langid="1" Value="Fast drying"/>
   </Feature>
  </ProductFeature>
  <ProductFeature Localized="0" ID="835801805" Local_ID="0" Value="Opaque" CategoryFeature_ID="338166" CategoryFeatureGroup_ID="11992" No="100071" Optional="0" Presentation_Value="Opaque" Translated="1" Mandatory="0" Searchable="0">
   <LocalValue Value="Opaque">
    <Measure ID="29">
     <Signs/>
    </Measure>
   </LocalValue>
   <Feature ID="32237">
    <Measure ID="29" Sign="">
     <Signs/>
    </Measure>
    <Name ID="3270659" langid="1" Value="Opacity"/>
   </Feature>
  </ProductFeature>
  <ProductFeature Localized="0" ID="834443537" Local_ID="0" Value="Shimmer" CategoryFeature_ID="113015" CategoryFeatureGroup_ID="11992" No="100070" Optional="0" Presentation_Value="Shimmer" Translated="1" Mandatory="0" Searchable="0">
   <LocalValue Value="Shimmer">
    <Measure ID="29">
     <Signs/>
    </Measure>
   </LocalValue>
   <Feature ID="2254">
    <Measure ID="29" Sign="">
     <Signs/>
    </Measure>
    <Name ID="11565" langid="1" Value="Finish type"/>
   </Feature>
  </ProductFeature>
  <ProductFeature Localized="0" ID="834443545" Local_ID="0" Value="Bottle" CategoryFeature_ID="146495" CategoryFeatureGroup_ID="11992" No="100065" Optional="0" Presentation_Value="Bottle" Translated="1" Mandatory="0" Searchable="0">
   <LocalValue Value="Bottle">
    <Measure ID="29">
     <Signs/>
    </Measure>
   </LocalValue>
   <Feature ID="17965">
    <Measure ID="29" Sign="">
     <Signs/>
    </Measure>
    <Name ID="1313226" langid="1" Value="Dispenser type"/>
   </Feature>
  </ProductFeature>
  <ProductFeature Localized="0" ID="834443540" Local_ID="0" Value="Y" CategoryFeature_ID="150080" CategoryFeatureGroup_ID="11992" No="100050" Optional="0" Presentation_Value="Yes" Translated="1" Mandatory="0" Searchable="0">
   <LocalValue Value="Yes">
    <Measure ID="26">
     <Signs/>
    </Measure>
   </LocalValue>
   <Feature ID="15767">
    <Measure ID="26" Sign="">
     <Signs/>
    </Measure>
    <Name ID="1180148" langid="1" Value="Easy to apply"/>
   </Feature>
  </ProductFeature>
  <ProductFeature Localized="0" ID="834443548" Local_ID="0" Value="Brush" CategoryFeature_ID="338175" CategoryFeatureGroup_ID="11992" No="100000" Optional="0" Presentation_Value="Brush" Translated="1" Mandatory="0" Searchable="0">
   <LocalValue Value="Brush">
    <Measure ID="29">
     <Signs/>
    </Measure>
   </LocalValue>
   <Feature ID="38481">
    <Measure ID="29" Sign="">
     <Signs/>
    </Measure>
    <Name ID="5359639" langid="1" Value="Applicator type"/>
   </Feature>
  </ProductFeature>
  <ProductFeature Localized="0" ID="834443541" Local_ID="0" Value="ETHYL ACETATE, BUTYL ACETATE, NITROCELLULOSE, ADIPIC ACID/NEOPENTYL GLYCOL/TRIMELLITIC ANHYDRIDE COPOLYMER, ACETYL TRIBUTYL CITRATE, ISOPROPYL ALCOHOL, STEARALKONIUM BENTONITE, TOCOPHEROL, MICA, SILICA, DIACETONE ALCOHOL, N-BUTYL ALCOHOL, HEXANAL, PHOSPHORIC ACID, SORBIC ACID, CI 15850 (RED 6 LAKE), CI 15880 (RED 34 LAKE), CI 77000 (ALUMINUM POWDER), CI 77266 (BLACK 2) (NANO), CI 77491 (IRON OXIDES), CI 77492 (IRON OXIDES), CI 77499 (IRON OXIDES), CI 77510 (FERRIC FERROCYANIDE), CI 77891 (TITANIUM DIOXIDE)." CategoryFeature_ID="103962" CategoryFeatureGroup_ID="11992" No="99920" Optional="0" Presentation_Value="ETHYL ACETATE, BUTYL ACETATE, NITROCELLULOSE, ADIPIC ACID/NEOPENTYL GLYCOL/TRIMELLITIC ANHYDRIDE COPOLYMER, ACETYL TRIBUTYL CITRATE, ISOPROPYL ALCOHOL, STEARALKONIUM BENTONITE, TOCOPHEROL, MICA, SILICA, DIACETONE ALCOHOL, N-BUTYL ALCOHOL, HEXANAL, PHOSPHORIC ACID, SORBIC ACID, CI 15850 (RED 6 LAKE), CI 15880 (RED 34 LAKE), CI 77000 (ALUMINUM POWDER), CI 77266 (BLACK 2) (NANO), CI 77491 (IRON OXIDES), CI 77492 (IRON OXIDES), CI 77499 (IRON OXIDES), CI 77510 (FERRIC FERROCYANIDE), CI 77891 (TITANIUM DIOXIDE)." Translated="0" Mandatory="0" Searchable="0">
   <LocalValue Value="ETHYL ACETATE, BUTYL ACETATE, NITROCELLULOSE, ADIPIC ACID/NEOPENTYL GLYCOL/TRIMELLITIC ANHYDRIDE COPOLYMER, ACETYL TRIBUTYL CITRATE, ISOPROPYL ALCOHOL, STEARALKONIUM BENTONITE, TOCOPHEROL, MICA, SILICA, DIACETONE ALCOHOL, N-BUTYL ALCOHOL, HEXANAL, PHOSPHORIC ACID, SORBIC ACID, CI 15850 (RED 6 LAKE), CI 15880 (RED 34 LAKE), CI 77000 (ALUMINUM POWDER), CI 77266 (BLACK 2) (NANO), CI 77491 (IRON OXIDES), CI 77492 (IRON OXIDES), CI 77499 (IRON OXIDES), CI 77510 (FERRIC FERROCYANIDE), CI 77891 (TITANIUM DIOXIDE).">
    <Measure ID="29">
     <Signs/>
    </Measure>
   </LocalValue>
   <Feature ID="16908">
    <Measure ID="29" Sign="">
     <Signs/>
    </Measure>
    <Name ID="1216897" langid="1" Value="Ingredients"/>
   </Feature>
  </ProductFeature>
  <ProductFeature Localized="0" ID="835801031" Local_ID="0" Value="Microplastics,Oil" CategoryFeature_ID="625012" CategoryFeatureGroup_ID="11992" No="99850" Optional="0" Presentation_Value="Microplastics, Oil" Translated="1" Mandatory="0" Searchable="0">
   <LocalValue Value="Microplastics, Oil">
    <Measure ID="29">
     <Signs/>
    </Measure>
   </LocalValue>
   <Feature ID="42516">
    <Measure ID="29" Sign="">
     <Signs/>
    </Measure>
    <Name ID="6876321" langid="1" Value="Doesn't contain"/>
   </Feature>
  </ProductFeature>
  <ProductFeature Localized="0" ID="835800684" Local_ID="0" Value="Good for vegan" CategoryFeature_ID="604465" CategoryFeatureGroup_ID="77253" No="100000" Optional="0" Presentation_Value="Good for vegan" Translated="1" Mandatory="0" Searchable="0">
   <LocalValue Value="Good for vegan">
    <Measure ID="29">
     <Signs/>
    </Measure>
   </LocalValue>
   <Feature ID="42513">
    <Measure ID="29" Sign="">
     <Signs/>
    </Measure>
    <Name ID="6876123" langid="1" Value="Sustainability certificates"/>
   </Feature>
  </ProductFeature>
  <ProductFeature Localized="0" ID="834443539" Local_ID="0" Value="1" CategoryFeature_ID="104007" CategoryFeatureGroup_ID="77254" No="100150" Optional="0" Presentation_Value="1 pc(s)" Translated="0" Mandatory="1" Searchable="0">
   <LocalValue Value="1">
    <Measure ID="144">
     <Signs>
      <Sign ID="125" langid="1"><![CDATA[pc(s)]]></Sign>
     </Signs>
    </Measure>
   </LocalValue>
   <Feature ID="5456">
    <Measure ID="144" Sign="">
     <Signs>
      <Sign ID="125" langid="1"><![CDATA[pc(s)]]></Sign>
     </Signs>
    </Measure>
    <Name ID="78359" langid="1" Value="Number of products included"/>
   </Feature>
  </ProductFeature>
  <ProductGallery>
   <ProductPicture IsMain="Y" LowPic="https://inishop.com/img/gallery_lows/dcc6db3cbf5c72a840423a755b52ae33c3abe6ef.jpg" LowPicHeight="200" LowPicWidth="96" LowSize="11001" No="1" Original="https://inishop.com/img/gallery_raw/4f73e7695ca39a9313c451456b1c8ec351f89e1d.png" OriginalSize="715152" Pic="https://inishop.com/img/gallery/a93461b43d8d5b62b640a63dad7fb1b50f0f83f4.jpg" Pic500x500="https://inishop.com/img/gallery_mediums/b2ca4aeda8c3aca3d44388059187eef53ffed9ca.jpg" Pic500x500Height="500" Pic500x500Size="61470" Pic500x500Width="240" PicHeight="1171" PicWidth="563" ProductPicture_ID="116040416" Size="342425" ThumbPic="https://inishop.com/img/gallery_thumbs/e0cfb5b4c49560c5e07ac8dc3ef2e0a6314f8f0d.jpg" ThumbSize="2581" Type="ProductImage" UpdatedDate="2025-08-31 01:18:26"/>
   <ProductPicture LowPic="https://inishop.com/img/gallery_lows/ef289ed6a565c713897d09a8faedb94049de6b43.jpg" LowPicHeight="200" LowPicWidth="200" LowSize="17270" No="2" Original="https://inishop.com/img/gallery_raw/b0a23a83859ac5b66c0af415e9ed6f1d5f370782.png" OriginalSize="2904831" Pic="https://inishop.com/img/gallery/9ddce347037d0a692b55ab9aedb1558712b159d3.jpg" Pic500x500="https://inishop.com/img/gallery_mediums/5f00a727b0d4e5d0076ed95bb5514b6f901723f5.jpg" Pic500x500Height="500" Pic500x500Size="90397" Pic500x500Width="500" PicHeight="2000" PicWidth="2000" ProductPicture_ID="116040417" Size="1431823" ThumbPic="https://inishop.com/img/gallery_thumbs/325f16326620f6e261492cc9d9b34ee5903b34a8.jpg" ThumbSize="3809" Type="ProductImage" UpdatedDate="2025-08-31 01:18:20"/>
   <ProductPicture LowPic="" LowPicHeight="0" LowPicWidth="0" LowSize="0" No="999" Original="" OriginalSize="0" Pic="https://inishop.com/img/feature_logo/604-9536.png" Pic500x500="" Pic500x500Height="0" Pic500x500Size="0" Pic500x500Width="0" PicHeight="300" PicWidth="300" ProductPicture_ID="4355409808" Size="46990" ThumbPic="https://inishop.com/img/feature_logo_thumbs/604-9536.png" ThumbSize="0" Type="FeatureLogo" UpdatedDate="" langid="1"/>
  </ProductGallery>
  <ProductMultimediaObject/>
  <ProductRelated/>
  <SummaryDescription>
   <ShortSummaryDescription langid="1">CATRICE Bold Magnetic Nail Polish, Rose, Don't Be So Clingy, Coloring, Protection, Opaque, Shimmer, Bottle</ShortSummaryDescription>
   <LongSummaryDescription langid="1">CATRICE Bold Magnetic Nail Polish. Colour group: Rose, Colour name: Don't Be So Clingy, Nail polish effect: Coloring, Protection. Sustainability certificates: Good for vegan. Number of products included: 1 pc(s)</LongSummaryDescription>
  </SummaryDescription>
  <Supplier ID="32280" Name="CATRICE"/>
  <CatalogObjectCloud/>
  <BrandOrganizations/>
 </Product>
</ICECAT-interface>
