<?xml version="1.0" encoding="UTF-8"?>
<!DOCTYPE ICECAT-interface SYSTEM "https://data.icecat.biz/dtd/ICECAT-interface_response.dtd">
<!--source: Icecat.biz 2025-->
<!--Language ID: 1-->
<!--Version: v2-->
<ICECAT-interface xmlns:xsi="http://www.w3.org/2001/XMLSchema-instance" xsi:noNamespaceSchemaLocation="https://data.icecat.biz/xsd/ICECAT-interface_response.xsd">
 <Product Code="1" HighPic="https://inishop.com/img/gallery/e629263e2ade780f6e0ed64988379a85d06fb86c.jpg" HighPicHeight="2197" HighPicSize="386245" HighPicWidth="684" ID="133031125" LowPic="https://inishop.com/img/gallery_lows/69a927c4f765657487089869b4cd213daa288284.jpg" LowPicHeight="200" LowPicSize="8259" LowPicWidth="62" Name="Satin Glow" IntName="Satin Glow" LocalName="" Pic500x500="https://inishop.com/img/gallery_mediums/d659d49c948bd6dfd77553a631099e64aa470a7d.jpg" Pic500x500Height="500" Pic500x500Size="35131" Pic500x500Width="156" Prod_id="954272" Quality="ICECAT" ReleaseDate="" ThumbPic="https://inishop.com/img/gallery_thumbs/11bf78fc10009fc3417af6451e9911d0c3871fbc.jpg" ThumbPicSize="2169" Title="Essence Satin Glow 3.5 g 03 Rose And Shine Shine" GeneratedIntTitle="Essence Satin Glow" GeneratedLocalTitle="Essence Satin Glow 3.5 g 03 Rose And Shine Shine" BrandLocalTitle="">
  <CategoryFeatureGroup ID="19757" No="0">
   <FeatureGroup ID="0">
    <Name ID="5073" langid="1" Value="Technical details"/>
   </FeatureGroup>
  </CategoryFeatureGroup>
  <CategoryFeatureGroup ID="12077" No="-10">
   <FeatureGroup ID="14">
    <Name ID="5023" langid="1" Value="Weight &amp; dimensions"/>
   </FeatureGroup>
  </CategoryFeatureGroup>
  <CategoryFeatureGroup ID="76612" No="0">
   <FeatureGroup ID="67">
    <Name ID="27423" langid="1" Value="Packaging data"/>
   </FeatureGroup>
  </CategoryFeatureGroup>
  <CategoryFeatureGroup ID="43452" No="0">
   <FeatureGroup ID="76">
    <Name ID="28540" langid="1" Value="Certificates"/>
   </FeatureGroup>
  </CategoryFeatureGroup>
  <CategoryFeatureGroup ID="15807" No="-30">
   <FeatureGroup ID="116">
    <Name ID="78852" langid="1" Value="Packaging content"/>
   </FeatureGroup>
  </CategoryFeatureGroup>
  <CategoryFeatureGroup ID="55448" No="0">
   <FeatureGroup ID="143">
    <Name ID="618812" langid="1" Value="Battery"/>
   </FeatureGroup>
  </CategoryFeatureGroup>
  <CategoryFeatureGroup ID="26280" No="0">
   <FeatureGroup ID="146">
    <Name ID="624346" langid="1" Value="Other features"/>
   </FeatureGroup>
  </CategoryFeatureGroup>
  <CategoryFeatureGroup ID="12078" No="100">
   <FeatureGroup ID="185">
    <Name ID="1219853" langid="1" Value="Features"/>
   </FeatureGroup>
  </CategoryFeatureGroup>
  <CategoryFeatureGroup ID="28210" No="-40">
   <FeatureGroup ID="198">
    <Name ID="1788927" langid="1" Value="Logistics data"/>
   </FeatureGroup>
  </CategoryFeatureGroup>
  <CategoryFeatureGroup ID="61974" No="0">
   <FeatureGroup ID="232">
    <Name ID="3464238" langid="1" Value="Supplier features"/>
   </FeatureGroup>
  </CategoryFeatureGroup>
  <CategoryFeatureGroup ID="77427" No="0">
   <FeatureGroup ID="279">
    <Name ID="7392238" langid="1" Value="Sustainability"/>
   </FeatureGroup>
  </CategoryFeatureGroup>
  <Category ID="3005">
   <Name ID="3729538" langid="1" Value="Lipsticks"/>
  </Category>
  <EANCode EAN="4059729542724" Format="GTIN-13" IsApproved="1"/>
  <FeatureLogo ID="604" Feature_ID="42513" Value="Good for vegan" LogoPic="https://inishop.com/img/feature_logo/604-9536.png" Width="300" Height="300" Size="0">
   <Descriptions>
    <Description ID="3097" langid="1">Good for vegan</Description>
   </Descriptions>
   <FeatureLogoFeatures>
    <FeatureLogoFeature ID="42513">
     <FeatureLogoValues>
      <FeatureLogoValue ID="2394">Good for vegan</FeatureLogoValue>
     </FeatureLogoValues>
    </FeatureLogoFeature>
   </FeatureLogoFeatures>
  </FeatureLogo>
  <ReleaseDate/>
  <EndOfLifeDate/>
  <ReasonsToBuy/>
  <BulletPoints>
   <BulletPoint Value="Luminous satin finish for a radiant lip look" langid="1" No="1"/>
   <BulletPoint Value="High colour pay-off meets creamy comfort" langid="1" No="2"/>
   <BulletPoint Value="Non-drying texture with a soft, gliding feel" langid="1" No="3"/>
  </BulletPoints>
  <GeneratedBulletPoints>
   <GeneratedBulletPoint Value="Rose 03 1 colours" langid="1" No="1"/>
   <GeneratedBulletPoint Value="Finishing: Shine" langid="1" No="2"/>
   <GeneratedBulletPoint Value="Substance: Cream" langid="1" No="3"/>
   <GeneratedBulletPoint Value="Lipstick effect: Coloring, Softening" langid="1" No="4"/>
  </GeneratedBulletPoints>
  <ProductBundled/>
  <ProductDescription ID="103270929" LongDesc="Let your lips glow with the essence satin GLOW luminous shine lipstick 03 Rose And Shine in a rosewood shade. This highly pigmented lipstick delivers intense colour in just one swipe, while the soft-creamy texture glides on effortlessly and feels ultra-comfortable on your lips. The satin finish strikes the perfect balance between matte and gloss, leaving behind a luminous, elegant glow that enhances your natural lip shape. Whether for everyday wear or a touch of shine for special moments – this lipstick combines colour impact with care in every swipe.&lt;br&gt;" ManualPDFSize="0" ManualPDFURL="" MiddleDesc="" PDFSize="0" PDFURL="" ShortDesc="Satin Glow luminous shine lipstick, 03 - Rose And Shine, 3.5 g" URL="https://www.essence.eu/en-za/p/954272/satin-glow-luminous-shine-lipstick" WarrantyInfo="" langid="1"/>
  <ProductFeature Localized="0" ID="819945327" Local_ID="0" Value="Rose" CategoryFeature_ID="105224" CategoryFeatureGroup_ID="12078" No="10100060" Optional="0" Presentation_Value="Rose" Translated="1" Mandatory="1" Searchable="1">
   <LocalValue Value="Rose">
    <Measure ID="29">
     <Signs/>
    </Measure>
   </LocalValue>
   <Feature ID="17357">
    <Measure ID="29" Sign="">
     <Signs/>
    </Measure>
    <Name ID="1238438" langid="1" Value="Colour group"/>
   </Feature>
  </ProductFeature>
  <ProductFeature Localized="0" ID="819945343" Local_ID="0" Value="03" CategoryFeature_ID="105225" CategoryFeatureGroup_ID="12078" No="100049" Optional="0" Presentation_Value="03" Translated="0" Mandatory="1" Searchable="0">
   <LocalValue Value="03">
    <Measure ID="29">
     <Signs/>
    </Measure>
   </LocalValue>
   <Feature ID="17540">
    <Measure ID="29" Sign="">
     <Signs/>
    </Measure>
    <Name ID="1246677" langid="1" Value="Colour code"/>
   </Feature>
  </ProductFeature>
  <ProductFeature Localized="0" ID="819945347" Local_ID="0" Value="Rose And Shine" CategoryFeature_ID="105226" CategoryFeatureGroup_ID="12078" No="100048" Optional="0" Presentation_Value="Rose And Shine" Translated="0" Mandatory="1" Searchable="0">
   <LocalValue Value="Rose And Shine">
    <Measure ID="29">
     <Signs/>
    </Measure>
   </LocalValue>
   <Feature ID="17956">
    <Measure ID="29" Sign="">
     <Signs/>
    </Measure>
    <Name ID="1296400" langid="1" Value="Colour name"/>
   </Feature>
  </ProductFeature>
  <ProductFeature Localized="0" ID="819945324" Local_ID="0" Value="1" CategoryFeature_ID="145622" CategoryFeatureGroup_ID="12078" No="100045" Optional="0" Presentation_Value="1 colours" Translated="0" Mandatory="1" Searchable="0">
   <LocalValue Value="1">
    <Measure ID="375">
     <Signs>
      <Sign ID="30608" langid="1"><![CDATA[colours]]></Sign>
     </Signs>
    </Measure>
   </LocalValue>
   <Feature ID="3530">
    <Measure ID="375" Sign="">
     <Signs>
      <Sign ID="30608" langid="1"><![CDATA[colours]]></Sign>
     </Signs>
    </Measure>
    <Name ID="33892" langid="1" Value="Number of colours"/>
   </Feature>
  </ProductFeature>
  <ProductFeature Localized="0" ID="819945350" Local_ID="0" Value="Coloring,Softening" CategoryFeature_ID="145874" CategoryFeatureGroup_ID="12078" No="100037" Optional="0" Presentation_Value="Coloring, Softening" Translated="1" Mandatory="1" Searchable="0">
   <LocalValue Value="Coloring, Softening">
    <Measure ID="29">
     <Signs/>
    </Measure>
   </LocalValue>
   <Feature ID="23716">
    <Measure ID="29" Sign="">
     <Signs/>
    </Measure>
    <Name ID="1902180" langid="1" Value="Lipstick effect"/>
   </Feature>
  </ProductFeature>
  <ProductFeature Localized="0" ID="819945326" Local_ID="0" Value="Women" CategoryFeature_ID="145869" CategoryFeatureGroup_ID="12078" No="10100095" Optional="0" Presentation_Value="Women" Translated="1" Mandatory="0" Searchable="0">
   <LocalValue Value="Women">
    <Measure ID="29">
     <Signs/>
    </Measure>
   </LocalValue>
   <Feature ID="9202">
    <Measure ID="29" Sign="">
     <Signs/>
    </Measure>
    <Name ID="765619" langid="1" Value="Suitable for"/>
   </Feature>
  </ProductFeature>
  <ProductFeature Localized="0" ID="819945348" Local_ID="0" Value="Shine" CategoryFeature_ID="145871" CategoryFeatureGroup_ID="12078" No="100044" Optional="0" Presentation_Value="Shine" Translated="1" Mandatory="0" Searchable="0">
   <LocalValue Value="Shine">
    <Measure ID="29">
     <Signs/>
    </Measure>
   </LocalValue>
   <Feature ID="12230">
    <Measure ID="29" Sign="">
     <Signs/>
    </Measure>
    <Name ID="1088074" langid="1" Value="Finishing"/>
   </Feature>
  </ProductFeature>
  <ProductFeature Localized="0" ID="835290641" Local_ID="0" Value="Bottle" CategoryFeature_ID="326729" CategoryFeatureGroup_ID="12078" No="100044" Optional="0" Presentation_Value="Bottle" Translated="1" Mandatory="0" Searchable="0">
   <LocalValue Value="Bottle">
    <Measure ID="29">
     <Signs/>
    </Measure>
   </LocalValue>
   <Feature ID="17965">
    <Measure ID="29" Sign="">
     <Signs/>
    </Measure>
    <Name ID="1313226" langid="1" Value="Dispenser type"/>
   </Feature>
  </ProductFeature>
  <ProductFeature Localized="0" ID="835290653" Local_ID="0" Value="Mechanical (hand winding)" CategoryFeature_ID="326730" CategoryFeatureGroup_ID="12078" No="100043" Optional="0" Presentation_Value="Mechanical (hand winding)" Translated="1" Mandatory="0" Searchable="0">
   <LocalValue Value="Mechanical (hand winding)">
    <Measure ID="29">
     <Signs/>
    </Measure>
   </LocalValue>
   <Feature ID="11027">
    <Measure ID="29" Sign="">
     <Signs/>
    </Measure>
    <Name ID="964679" langid="1" Value="Mechanism type"/>
   </Feature>
  </ProductFeature>
  <ProductFeature Localized="0" ID="835290660" Local_ID="0" Value="Cream (substance)" CategoryFeature_ID="161799" CategoryFeatureGroup_ID="12078" No="100040" Optional="0" Presentation_Value="Cream" Translated="1" Mandatory="0" Searchable="0">
   <LocalValue Value="Cream">
    <Measure ID="29">
     <Signs/>
    </Measure>
   </LocalValue>
   <Feature ID="5658">
    <Measure ID="29" Sign="">
     <Signs/>
    </Measure>
    <Name ID="113520" langid="1" Value="Substance"/>
   </Feature>
  </ProductFeature>
  <ProductFeature Localized="0" ID="835290666" Local_ID="0" Value="Y" CategoryFeature_ID="164978" CategoryFeatureGroup_ID="12078" No="100009" Optional="0" Presentation_Value="Yes" Translated="1" Mandatory="0" Searchable="0">
   <LocalValue Value="Yes">
    <Measure ID="26">
     <Signs/>
    </Measure>
   </LocalValue>
   <Feature ID="22607">
    <Measure ID="26" Sign="">
     <Signs/>
    </Measure>
    <Name ID="1785932" langid="1" Value="Not tested on animals"/>
   </Feature>
  </ProductFeature>
  <ProductFeature Localized="0" ID="819945355" Local_ID="0" Value="Y" CategoryFeature_ID="168223" CategoryFeatureGroup_ID="12078" No="100008" Optional="0" Presentation_Value="Yes" Translated="1" Mandatory="0" Searchable="0">
   <LocalValue Value="Yes">
    <Measure ID="26">
     <Signs/>
    </Measure>
   </LocalValue>
   <Feature ID="26721">
    <Measure ID="26" Sign="">
     <Signs/>
    </Measure>
    <Name ID="2290262" langid="1" Value="No animal ingredients &amp; by-products"/>
   </Feature>
  </ProductFeature>
  <ProductFeature Localized="0" ID="819945358" Local_ID="0" Value="Gluten,Paraben" CategoryFeature_ID="625070" CategoryFeatureGroup_ID="12078" No="100000" Optional="0" Presentation_Value="Gluten, Paraben" Translated="1" Mandatory="0" Searchable="0">
   <LocalValue Value="Gluten, Paraben">
    <Measure ID="29">
     <Signs/>
    </Measure>
   </LocalValue>
   <Feature ID="42516">
    <Measure ID="29" Sign="">
     <Signs/>
    </Measure>
    <Name ID="6876321" langid="1" Value="Doesn't contain"/>
   </Feature>
  </ProductFeature>
  <ProductFeature Localized="0" ID="835128156" Local_ID="0" Value="CAPRYLIC/CAPRIC TRIGLYCERIDE, HELIANTHUS ANNUUS (SUNFLOWER) SEED WAX, OCTYLDODECANOL, POLYBUTENE, BIS-DIGLYCERYL POLYACYLADIPATE-2, DIISOSTEARYL MALATE, ETHYLHEXYL PALMITATE, ARGANIA SPINOSA KERNEL OIL, SIMMONDSIA CHINENSIS (JOJOBA) SEED OIL, TOCOPHERYL ACETATE, ETHYLHEXYLGLYCERIN, PHENOXYETHANOL, BENZYL ALCOHOL, PARFUM (FRAGRANCE), VANILLIN, CI 15850 (RED 7 LAKE), CI 77491 (IRON OXIDES), CI 77492 (IRON OXIDES), CI 77499 (IRON OXIDES), CI 77891 (TITANIUM DIOXIDE)." CategoryFeature_ID="105238" CategoryFeatureGroup_ID="12078" No="99920" Optional="0" Presentation_Value="CAPRYLIC/CAPRIC TRIGLYCERIDE, HELIANTHUS ANNUUS (SUNFLOWER) SEED WAX, OCTYLDODECANOL, POLYBUTENE, BIS-DIGLYCERYL POLYACYLADIPATE-2, DIISOSTEARYL MALATE, ETHYLHEXYL PALMITATE, ARGANIA SPINOSA KERNEL OIL, SIMMONDSIA CHINENSIS (JOJOBA) SEED OIL, TOCOPHERYL ACETATE, ETHYLHEXYLGLYCERIN, PHENOXYETHANOL, BENZYL ALCOHOL, PARFUM (FRAGRANCE), VANILLIN, CI 15850 (RED 7 LAKE), CI 77491 (IRON OXIDES), CI 77492 (IRON OXIDES), CI 77499 (IRON OXIDES), CI 77891 (TITANIUM DIOXIDE)." Translated="0" Mandatory="0" Searchable="0">
   <LocalValue Value="CAPRYLIC/CAPRIC TRIGLYCERIDE, HELIANTHUS ANNUUS (SUNFLOWER) SEED WAX, OCTYLDODECANOL, POLYBUTENE, BIS-DIGLYCERYL POLYACYLADIPATE-2, DIISOSTEARYL MALATE, ETHYLHEXYL PALMITATE, ARGANIA SPINOSA KERNEL OIL, SIMMONDSIA CHINENSIS (JOJOBA) SEED OIL, TOCOPHERYL ACETATE, ETHYLHEXYLGLYCERIN, PHENOXYETHANOL, BENZYL ALCOHOL, PARFUM (FRAGRANCE), VANILLIN, CI 15850 (RED 7 LAKE), CI 77491 (IRON OXIDES), CI 77492 (IRON OXIDES), CI 77499 (IRON OXIDES), CI 77891 (TITANIUM DIOXIDE).">
    <Measure ID="29">
     <Signs/>
    </Measure>
   </LocalValue>
   <Feature ID="16908">
    <Measure ID="29" Sign="">
     <Signs/>
    </Measure>
    <Name ID="1216897" langid="1" Value="Ingredients"/>
   </Feature>
  </ProductFeature>
  <ProductFeature Localized="1" ID="0" Local_ID="554059078" Value="" CategoryFeature_ID="152452" CategoryFeatureGroup_ID="12078" No="99850" Optional="0" Presentation_Value="Apply the lipstick evenly, starting at the centre of your lips and working outwards. For a perfect finish, outline the contours with a lip liner first before applying the lipstick." Translated="1" Mandatory="0" Searchable="0">
   <LocalValue Value="Apply the lipstick evenly, starting at the centre of your lips and working outwards. For a perfect finish, outline the contours with a lip liner first before applying the lipstick.">
    <Measure ID="29">
     <Signs/>
    </Measure>
   </LocalValue>
   <Feature ID="24555">
    <Measure ID="29" Sign="">
     <Signs/>
    </Measure>
    <Name ID="2025750" langid="1" Value="How to use"/>
   </Feature>
  </ProductFeature>
  <ProductFeature Localized="0" ID="835128199" Local_ID="0" Value="Good for vegan" CategoryFeature_ID="604523" CategoryFeatureGroup_ID="77427" No="100000" Optional="0" Presentation_Value="Good for vegan" Translated="1" Mandatory="0" Searchable="0">
   <LocalValue Value="Good for vegan">
    <Measure ID="29">
     <Signs/>
    </Measure>
   </LocalValue>
   <Feature ID="42513">
    <Measure ID="29" Sign="">
     <Signs/>
    </Measure>
    <Name ID="6876123" langid="1" Value="Sustainability certificates"/>
   </Feature>
  </ProductFeature>
  <ProductFeature Localized="0" ID="819945362" Local_ID="0" Value="3.5" CategoryFeature_ID="109397" CategoryFeatureGroup_ID="12077" No="100100" Optional="0" Presentation_Value="3.5 g" Translated="0" Mandatory="0" Searchable="0">
   <LocalValue Value="3.5">
    <Measure ID="38">
     <Signs>
      <Sign ID="22" langid="1"><![CDATA[g]]></Sign>
     </Signs>
    </Measure>
   </LocalValue>
   <Feature ID="5255">
    <Measure ID="38" Sign="">
     <Signs>
      <Sign ID="22" langid="1"><![CDATA[g]]></Sign>
     </Signs>
    </Measure>
    <Name ID="72073" langid="1" Value="Capacity"/>
   </Feature>
  </ProductFeature>
  <ProductFeature Localized="0" ID="819945363" Local_ID="0" Value="1" CategoryFeature_ID="105233" CategoryFeatureGroup_ID="15807" No="99850" Optional="0" Presentation_Value="1 pc(s)" Translated="0" Mandatory="1" Searchable="0">
   <LocalValue Value="1">
    <Measure ID="144">
     <Signs>
      <Sign ID="125" langid="1"><![CDATA[pc(s)]]></Sign>
     </Signs>
    </Measure>
   </LocalValue>
   <Feature ID="5456">
    <Measure ID="144" Sign="">
     <Signs>
      <Sign ID="125" langid="1"><![CDATA[pc(s)]]></Sign>
     </Signs>
    </Measure>
    <Name ID="78359" langid="1" Value="Number of products included"/>
   </Feature>
  </ProductFeature>
  <ProductGallery>
   <ProductPicture IsMain="Y" LowPic="https://inishop.com/img/gallery_lows/69a927c4f765657487089869b4cd213daa288284.jpg" LowPicHeight="200" LowPicWidth="62" LowSize="8259" No="1" Original="https://inishop.com/img/gallery_raw/97801ae82be3789c04af3d37056ea8cbd9b887c3.png" OriginalSize="758012" Pic="https://inishop.com/img/gallery/e629263e2ade780f6e0ed64988379a85d06fb86c.jpg" Pic500x500="https://inishop.com/img/gallery_mediums/d659d49c948bd6dfd77553a631099e64aa470a7d.jpg" Pic500x500Height="500" Pic500x500Size="35131" Pic500x500Width="156" PicHeight="2197" PicWidth="684" ProductPicture_ID="113318479" Size="386245" ThumbPic="https://inishop.com/img/gallery_thumbs/11bf78fc10009fc3417af6451e9911d0c3871fbc.jpg" ThumbSize="2169" Type="ProductImage" UpdatedDate="2025-09-08 16:44:11"/>
   <ProductPicture LowPic="https://inishop.com/img/gallery_lows/bb62adac85042fbcea86be9b70a59d371b323608.jpg" LowPicHeight="200" LowPicWidth="65" LowSize="8317" No="2" Original="https://inishop.com/img/gallery_raw/b279a3aaaa7ce5fd5d30c0c5ddf451fd35a80e1c.png" OriginalSize="891157" Pic="https://inishop.com/img/gallery/810d53c6736495aef6f0f7241bfbe451d59d3417.jpg" Pic500x500="https://inishop.com/img/gallery_mediums/a2a33d70660677b886bf64e5747273cf65c73868.jpg" Pic500x500Height="500" Pic500x500Size="36596" Pic500x500Width="163" PicHeight="2197" PicWidth="717" ProductPicture_ID="113318483" Size="444586" ThumbPic="https://inishop.com/img/gallery_thumbs/da963c2695d2fec531a1a5841748844790a6f347.jpg" ThumbSize="2467" Type="ProductImage" UpdatedDate="2025-09-08 16:44:16"/>
   <ProductPicture LowPic="https://inishop.com/img/gallery_lows/d93c4971717f272a2e99f7e3796b2feb7bf2f2bf.jpg" LowPicHeight="132" LowPicWidth="200" LowSize="17544" No="3" Original="https://inishop.com/img/gallery_raw/d4e500f8497d9ad0d10700c3cfe5939cdac70364.jpeg" OriginalSize="122085" Pic="https://inishop.com/img/gallery/87c4771fc761e39d24731cf6c0a630779f62ac9c.jpg" Pic500x500="https://inishop.com/img/gallery_mediums/553ec946a403cda7b69b88655ff35e53349a02c4.jpg" Pic500x500Height="329" Pic500x500Size="74799" Pic500x500Width="500" PicHeight="1179" PicWidth="1791" ProductPicture_ID="113318484" Size="599086" ThumbPic="https://inishop.com/img/gallery_thumbs/7ba8f66d7021da1c2f7eae550be9571f4a4fb96a.jpg" ThumbSize="4163" Type="ProductDetailImage" UpdatedDate="2025-09-08 16:44:19"/>
   <ProductPicture LowPic="https://inishop.com/img/gallery_lows/5dabf33169d535d41ee2726060d509066ef06a59.jpg" LowPicHeight="200" LowPicWidth="200" LowSize="43174" No="4" Original="https://inishop.com/img/gallery_raw/7d3c1ca0dd3fe48df3b7dd43b7174ca09497da1a.jpeg" OriginalSize="598878" Pic="https://inishop.com/img/gallery/f4c5bf5d98a14718f1468cef2f119ce9b4471f0a.jpg" Pic500x500="https://inishop.com/img/gallery_mediums/b0990b38a0822d91e1241759a48a96231797b460.jpg" Pic500x500Height="500" Pic500x500Size="226256" Pic500x500Width="500" PicHeight="2000" PicWidth="2000" ProductPicture_ID="113318485" Size="1714560" ThumbPic="https://inishop.com/img/gallery_thumbs/9ef99228b7b6cf57ed37fe9696f874d1192a50aa.jpg" ThumbSize="8397" Type="LifestyleImage" UpdatedDate="2025-08-05 17:08:09"/>
   <ProductPicture LowPic="https://inishop.com/img/gallery_lows/0b040c970a05bc1db4e33df02ae242660b1b42c4.jpg" LowPicHeight="200" LowPicWidth="200" LowSize="41849" No="5" Original="https://inishop.com/img/gallery_raw/a42ae4b531fc6d072b9c431979d75bd0b5018037.jpeg" OriginalSize="526909" Pic="https://inishop.com/img/gallery/753882e2a2dd19ce69718fa8def8121be8bc337e.jpg" Pic500x500="https://inishop.com/img/gallery_mediums/4fc46be00cc22263b8ac8cf5d3da8f9be12f6a77.jpg" Pic500x500Height="500" Pic500x500Size="223004" Pic500x500Width="500" PicHeight="2000" PicWidth="2000" ProductPicture_ID="113318486" Size="1624320" ThumbPic="https://inishop.com/img/gallery_thumbs/acfd86b772496515dca0a39cf0ea60a29959c367.jpg" ThumbSize="8603" Type="LifestyleImage" UpdatedDate="2025-08-05 17:08:15"/>
   <ProductPicture LowPic="https://inishop.com/img/gallery_lows/b558fee240457647aae0f8b1d5ef87505fb8d712.jpg" LowPicHeight="200" LowPicWidth="200" LowSize="45399" No="6" Original="https://inishop.com/img/gallery_raw/18352f8333dfbcec0e77e29cbb9e4731c3bfb193.jpeg" OriginalSize="417737" Pic="https://inishop.com/img/gallery/c72879b719d80a1dc028b4095ee91b7da6b44f65.jpg" Pic500x500="https://inishop.com/img/gallery_mediums/05a3c513c8b64a244d54c0f22d576b0a88ed76b5.jpg" Pic500x500Height="500" Pic500x500Size="249491" Pic500x500Width="500" PicHeight="2000" PicWidth="2000" ProductPicture_ID="113318487" Size="1558638" ThumbPic="https://inishop.com/img/gallery_thumbs/379f7a32c5f64d05453da4dbf77d7ba8dd2e8f20.jpg" ThumbSize="7275" Type="LifestyleImage" UpdatedDate="2025-08-05 17:08:21"/>
   <ProductPicture LowPic="https://inishop.com/img/gallery_lows/b7cb70d2c1af871f83c82a80ed55ee6a13953188.jpg" LowPicHeight="200" LowPicWidth="200" LowSize="40220" No="7" Original="https://inishop.com/img/gallery_raw/cdbd50db0b8a55e3635932ca53e71b4e88ec1879.jpeg" OriginalSize="424199" Pic="https://inishop.com/img/gallery/782a2198f18396f0482a1196cd277b5e84fccf64.jpg" Pic500x500="https://inishop.com/img/gallery_mediums/8b4c2ad235c41c486cfd6a41e11ca1be0e0121f3.jpg" Pic500x500Height="500" Pic500x500Size="222611" Pic500x500Width="500" PicHeight="2000" PicWidth="2000" ProductPicture_ID="113318488" Size="1397841" ThumbPic="https://inishop.com/img/gallery_thumbs/aae5c6b2525ebd3bb15a4651b0f49ea827fabe1f.jpg" ThumbSize="6557" Type="LifestyleImage" UpdatedDate="2025-08-05 17:08:27"/>
   <ProductPicture LowPic="https://inishop.com/img/gallery_lows/b972e57e17c8a5a9a47f0dc16681e7df009df44a.jpg" LowPicHeight="200" LowPicWidth="200" LowSize="25698" No="8" Original="https://inishop.com/img/gallery_raw/3a65f27f8c7f2883c0d703e0192129d43ec4192d.jpeg" OriginalSize="139273" Pic="https://inishop.com/img/gallery/356d7dcff97069e360ee2342003f41695ce5d714.jpg" Pic500x500="https://inishop.com/img/gallery_mediums/e05043c868c142bea12d5426a25c4fd6c61233f5.jpg" Pic500x500Height="500" Pic500x500Size="111415" Pic500x500Width="500" PicHeight="2000" PicWidth="2000" ProductPicture_ID="113318493" Size="559488" ThumbPic="https://inishop.com/img/gallery_thumbs/536a7fecd67982cf2bc4a194ac694b2c1aaf1482.jpg" ThumbSize="6158" Type="ProductImage" UpdatedDate="2025-08-05 17:08:34"/>
   <ProductPicture LowPic="https://inishop.com/img/gallery_lows/c270974732ba6c32044f3816fad9445f35094666.jpg" LowPicHeight="200" LowPicWidth="200" LowSize="29240" No="9" Original="https://inishop.com/img/gallery_raw/5a1d3edad40fcd92086735568649a45f70c58758.jpeg" OriginalSize="161675" Pic="https://inishop.com/img/gallery/21f31740724d5fa10f5dee28fe0f0616403b06f6.jpg" Pic500x500="https://inishop.com/img/gallery_mediums/f73dbb854bb83dc4e1378165ee80130844b3aade.jpg" Pic500x500Height="500" Pic500x500Size="127907" Pic500x500Width="500" PicHeight="2000" PicWidth="2000" ProductPicture_ID="113318495" Size="655462" ThumbPic="https://inishop.com/img/gallery_thumbs/41aa4c5ea8644d27611e8891fb5bbb6baca79b69.jpg" ThumbSize="6512" Type="ProductImage" UpdatedDate="2025-08-05 17:08:37"/>
   <ProductPicture LowPic="" LowPicHeight="0" LowPicWidth="0" LowSize="0" No="999" Original="" OriginalSize="0" Pic="https://inishop.com/img/feature_logo/604-9536.png" Pic500x500="" Pic500x500Height="0" Pic500x500Size="0" Pic500x500Width="0" PicHeight="300" PicWidth="300" ProductPicture_ID="4355409808" Size="46990" ThumbPic="https://inishop.com/img/feature_logo_thumbs/604-9536.png" ThumbSize="0" Type="FeatureLogo" UpdatedDate="" langid="1"/>
  </ProductGallery>
  <ProductMultimediaObject>
   <MultimediaObject ContentType="text/html" Date="2025-08-05 17:09:44" Description="SATIN GLOW luminous lipstick 03 V" KeepAsURL="1" MultimediaObject_ID="67104429" Type="video/mp4" UUID="9D9C5663-CACF-4935-B185-163CD40D0ECB" langid="1" OriginalMD5="005c8970a704d27cd0266da0191fcd84" ThumbUrl="https://img.youtube.com/vi/oVwdEUH6TtU/default.jpg" Height="0" PreviewHeight="0" PreviewSize="0" PreviewUrl="https://img.youtube.com/vi/oVwdEUH6TtU/hqdefault.jpg" PreviewWidth="0" Size="115375" URL="https://www.youtube.com/embed/oVwdEUH6TtU?si=SnxGslWdwl8XASiV" Width="0"/>
  </ProductMultimediaObject>
  <ProductRelated/>
  <SummaryDescription>
   <ShortSummaryDescription langid="1">Essence Satin Glow, Rose, Rose And Shine, 1 colours, Coloring, Softening, Women, Shine</ShortSummaryDescription>
   <LongSummaryDescription langid="1">Essence Satin Glow. Colour group: Rose, Colour name: Rose And Shine, Number of colours: 1 colours. Sustainability certificates: Good for vegan. Capacity: 3.5 g. Number of products included: 1 pc(s)</LongSummaryDescription>
  </SummaryDescription>
  <Supplier ID="29383" Name="Essence"/>
  <CatalogObjectCloud/>
  <BrandOrganizations/>
 </Product>
</ICECAT-interface>
