<?xml version="1.0" encoding="UTF-8"?>
<!DOCTYPE ICECAT-interface SYSTEM "https://data.icecat.biz/dtd/ICECAT-interface_response.dtd">
<!--source: Icecat.biz 2025-->
<!--Language ID: 1-->
<!--Version: v2-->
<ICECAT-interface xmlns:xsi="http://www.w3.org/2001/XMLSchema-instance" xsi:noNamespaceSchemaLocation="https://data.icecat.biz/xsd/ICECAT-interface_response.xsd">
 <Product Code="1" HighPic="https://inishop.com/img/gallery/c9c3cc00c6106ccffdbb464a577b4f2b393672d6.jpg" HighPicHeight="2195" HighPicSize="390667" HighPicWidth="684" ID="133031122" LowPic="https://inishop.com/img/gallery_lows/158ffee2a0a50f2cc354aa0b20dfba058d56e286.jpg" LowPicHeight="200" LowPicSize="8400" LowPicWidth="62" Name="Glossy Glaze High Shine Lipstick" IntName="GLOSSY GLAZE" LocalName="Glossy Glaze High Shine Lipstick" Pic500x500="https://inishop.com/img/gallery_mediums/cfaf37effc94ed91089b2b7d2c38af8e97ca7575.jpg" Pic500x500Height="500" Pic500x500Size="36027" Pic500x500Width="156" Prod_id="954284" Quality="ICECAT" ReleaseDate="" ThumbPic="https://inishop.com/img/gallery_thumbs/b3f2aae31087d57fe1a547f003c8f459a0361d63.jpg" ThumbPicSize="2126" Title="Essence Glossy Glaze High Shine Lipstick" GeneratedIntTitle="Essence GLOSSY GLAZE" GeneratedLocalTitle="Essence GLOSSY GLAZE 1.9 g 05 Maple Me Crazy Gloss" BrandLocalTitle="Essence Glossy Glaze High Shine Lipstick">
  <CategoryFeatureGroup ID="19757" No="0">
   <FeatureGroup ID="0">
    <Name ID="5073" langid="1" Value="Technical details"/>
   </FeatureGroup>
  </CategoryFeatureGroup>
  <CategoryFeatureGroup ID="12077" No="-10">
   <FeatureGroup ID="14">
    <Name ID="5023" langid="1" Value="Weight &amp; dimensions"/>
   </FeatureGroup>
  </CategoryFeatureGroup>
  <CategoryFeatureGroup ID="76612" No="0">
   <FeatureGroup ID="67">
    <Name ID="27423" langid="1" Value="Packaging data"/>
   </FeatureGroup>
  </CategoryFeatureGroup>
  <CategoryFeatureGroup ID="43452" No="0">
   <FeatureGroup ID="76">
    <Name ID="28540" langid="1" Value="Certificates"/>
   </FeatureGroup>
  </CategoryFeatureGroup>
  <CategoryFeatureGroup ID="15807" No="-30">
   <FeatureGroup ID="116">
    <Name ID="78852" langid="1" Value="Packaging content"/>
   </FeatureGroup>
  </CategoryFeatureGroup>
  <CategoryFeatureGroup ID="55448" No="0">
   <FeatureGroup ID="143">
    <Name ID="618812" langid="1" Value="Battery"/>
   </FeatureGroup>
  </CategoryFeatureGroup>
  <CategoryFeatureGroup ID="26280" No="0">
   <FeatureGroup ID="146">
    <Name ID="624346" langid="1" Value="Other features"/>
   </FeatureGroup>
  </CategoryFeatureGroup>
  <CategoryFeatureGroup ID="12078" No="100">
   <FeatureGroup ID="185">
    <Name ID="1219853" langid="1" Value="Features"/>
   </FeatureGroup>
  </CategoryFeatureGroup>
  <CategoryFeatureGroup ID="28210" No="-40">
   <FeatureGroup ID="198">
    <Name ID="1788927" langid="1" Value="Logistics data"/>
   </FeatureGroup>
  </CategoryFeatureGroup>
  <CategoryFeatureGroup ID="61974" No="0">
   <FeatureGroup ID="232">
    <Name ID="3464238" langid="1" Value="Supplier features"/>
   </FeatureGroup>
  </CategoryFeatureGroup>
  <CategoryFeatureGroup ID="77427" No="0">
   <FeatureGroup ID="279">
    <Name ID="7392238" langid="1" Value="Sustainability"/>
   </FeatureGroup>
  </CategoryFeatureGroup>
  <Category ID="3005">
   <Name ID="3729538" langid="1" Value="Lipsticks"/>
  </Category>
  <EANCode EAN="4059729542847" Format="GTIN-13" IsApproved="1"/>
  <FeatureLogo ID="604" Feature_ID="42513" Value="Good for vegan" LogoPic="https://inishop.com/img/feature_logo/604-9536.png" Width="300" Height="300" Size="0">
   <Descriptions>
    <Description ID="3097" langid="1">Good for vegan</Description>
   </Descriptions>
   <FeatureLogoFeatures>
    <FeatureLogoFeature ID="42513">
     <FeatureLogoValues>
      <FeatureLogoValue ID="2394">Good for vegan</FeatureLogoValue>
     </FeatureLogoValues>
    </FeatureLogoFeature>
   </FeatureLogoFeatures>
  </FeatureLogo>
  <ReleaseDate/>
  <EndOfLifeDate/>
  <ReasonsToBuy/>
  <BulletPoints>
   <BulletPoint Value="High-shine glossy finish" langid="1" No="1"/>
   <BulletPoint Value="Buttery-soft texture that is comfortable to wear" langid="1" No="2"/>
   <BulletPoint Value="High colour pay-off" langid="1" No="3"/>
  </BulletPoints>
  <GeneratedBulletPoints>
   <GeneratedBulletPoint Value="Brown 05 1 colours" langid="1" No="1"/>
   <GeneratedBulletPoint Value="Finishing: Gloss" langid="1" No="2"/>
   <GeneratedBulletPoint Value="Substance: Cream" langid="1" No="3"/>
   <GeneratedBulletPoint Value="Lipstick effect: Coloring, Smoothing, Softening" langid="1" No="4"/>
   <GeneratedBulletPoint Value="Dermatologically tested" langid="1" No="5"/>
  </GeneratedBulletPoints>
  <ProductBundled/>
  <ProductDescription ID="103685913" LongDesc="Cause a stir with the intense hue of the essence GLOSSY GLAZE high shine lipstick 05 Maple Me Crazy. The glossy lipstick comes in a warm brown shade with hint of red with a high colour pay-off and gives your lips the high-shine glazed finish you have always dreamed of. Its buttery-soft texture glides on smoothly and melts onto your lips. The glossy lipstick also provides a comfortable wearing sensation without drying your lips out.&lt;br&gt;&lt;br&gt;&lt;b&gt;Instructions for use:&lt;/b&gt; Melting lipstick with glossy finish and intense colour pay-off.&lt;br&gt;&lt;b&gt;Warnings:&lt;/b&gt; Stains the skin." ManualPDFSize="0" ManualPDFURL="" MiddleDesc="" PDFSize="0" PDFURL="" ShortDesc="GLOSSY GLAZE high shine lipstick 05 Maple Me Crazy 1.9 g" URL="https://www.essence.eu/en-ie/p/954284/glossy-glaze-high-shine-lipstick" WarrantyInfo="" langid="1"/>
  <ProductFeature Localized="0" ID="829967639" Local_ID="0" Value="Brown" CategoryFeature_ID="105224" CategoryFeatureGroup_ID="12078" No="10100060" Optional="0" Presentation_Value="Brown" Translated="1" Mandatory="1" Searchable="1">
   <LocalValue Value="Brown">
    <Measure ID="29">
     <Signs/>
    </Measure>
   </LocalValue>
   <Feature ID="17357">
    <Measure ID="29" Sign="">
     <Signs/>
    </Measure>
    <Name ID="1238438" langid="1" Value="Colour group"/>
   </Feature>
  </ProductFeature>
  <ProductFeature Localized="0" ID="829967722" Local_ID="0" Value="05" CategoryFeature_ID="105225" CategoryFeatureGroup_ID="12078" No="100049" Optional="0" Presentation_Value="05" Translated="0" Mandatory="1" Searchable="0">
   <LocalValue Value="05">
    <Measure ID="29">
     <Signs/>
    </Measure>
   </LocalValue>
   <Feature ID="17540">
    <Measure ID="29" Sign="">
     <Signs/>
    </Measure>
    <Name ID="1246677" langid="1" Value="Colour code"/>
   </Feature>
  </ProductFeature>
  <ProductFeature Localized="0" ID="829967709" Local_ID="0" Value="Maple Me Crazy" CategoryFeature_ID="105226" CategoryFeatureGroup_ID="12078" No="100048" Optional="0" Presentation_Value="Maple Me Crazy" Translated="0" Mandatory="1" Searchable="0">
   <LocalValue Value="Maple Me Crazy">
    <Measure ID="29">
     <Signs/>
    </Measure>
   </LocalValue>
   <Feature ID="17956">
    <Measure ID="29" Sign="">
     <Signs/>
    </Measure>
    <Name ID="1296400" langid="1" Value="Colour name"/>
   </Feature>
  </ProductFeature>
  <ProductFeature Localized="0" ID="829967724" Local_ID="0" Value="1" CategoryFeature_ID="145622" CategoryFeatureGroup_ID="12078" No="100045" Optional="0" Presentation_Value="1 colours" Translated="0" Mandatory="1" Searchable="0">
   <LocalValue Value="1">
    <Measure ID="375">
     <Signs>
      <Sign ID="30608" langid="1"><![CDATA[colours]]></Sign>
     </Signs>
    </Measure>
   </LocalValue>
   <Feature ID="3530">
    <Measure ID="375" Sign="">
     <Signs>
      <Sign ID="30608" langid="1"><![CDATA[colours]]></Sign>
     </Signs>
    </Measure>
    <Name ID="33892" langid="1" Value="Number of colours"/>
   </Feature>
  </ProductFeature>
  <ProductFeature Localized="0" ID="829967870" Local_ID="0" Value="Coloring,Smoothing,Softening" CategoryFeature_ID="145874" CategoryFeatureGroup_ID="12078" No="100037" Optional="0" Presentation_Value="Coloring, Smoothing, Softening" Translated="1" Mandatory="1" Searchable="0">
   <LocalValue Value="Coloring, Smoothing, Softening">
    <Measure ID="29">
     <Signs/>
    </Measure>
   </LocalValue>
   <Feature ID="23716">
    <Measure ID="29" Sign="">
     <Signs/>
    </Measure>
    <Name ID="1902180" langid="1" Value="Lipstick effect"/>
   </Feature>
  </ProductFeature>
  <ProductFeature Localized="0" ID="829967969" Local_ID="0" Value="N" CategoryFeature_ID="105228" CategoryFeatureGroup_ID="12078" No="100025" Optional="0" Presentation_Value="No" Translated="1" Mandatory="1" Searchable="0">
   <LocalValue Value="No">
    <Measure ID="26">
     <Signs/>
    </Measure>
   </LocalValue>
   <Feature ID="17996">
    <Measure ID="26" Sign="">
     <Signs/>
    </Measure>
    <Name ID="1351521" langid="1" Value="Sun protection"/>
   </Feature>
  </ProductFeature>
  <ProductFeature Localized="0" ID="835100558" Local_ID="0" Value="Women" CategoryFeature_ID="145869" CategoryFeatureGroup_ID="12078" No="10100095" Optional="0" Presentation_Value="Women" Translated="1" Mandatory="0" Searchable="0">
   <LocalValue Value="Women">
    <Measure ID="29">
     <Signs/>
    </Measure>
   </LocalValue>
   <Feature ID="9202">
    <Measure ID="29" Sign="">
     <Signs/>
    </Measure>
    <Name ID="765619" langid="1" Value="Suitable for"/>
   </Feature>
  </ProductFeature>
  <ProductFeature Localized="0" ID="829967755" Local_ID="0" Value="Gloss" CategoryFeature_ID="145871" CategoryFeatureGroup_ID="12078" No="100044" Optional="0" Presentation_Value="Gloss" Translated="1" Mandatory="0" Searchable="0">
   <LocalValue Value="Gloss">
    <Measure ID="29">
     <Signs/>
    </Measure>
   </LocalValue>
   <Feature ID="12230">
    <Measure ID="29" Sign="">
     <Signs/>
    </Measure>
    <Name ID="1088074" langid="1" Value="Finishing"/>
   </Feature>
  </ProductFeature>
  <ProductFeature Localized="0" ID="835284973" Local_ID="0" Value="Bottle" CategoryFeature_ID="326729" CategoryFeatureGroup_ID="12078" No="100044" Optional="0" Presentation_Value="Bottle" Translated="1" Mandatory="0" Searchable="0">
   <LocalValue Value="Bottle">
    <Measure ID="29">
     <Signs/>
    </Measure>
   </LocalValue>
   <Feature ID="17965">
    <Measure ID="29" Sign="">
     <Signs/>
    </Measure>
    <Name ID="1313226" langid="1" Value="Dispenser type"/>
   </Feature>
  </ProductFeature>
  <ProductFeature Localized="0" ID="829967797" Local_ID="0" Value="Cream (substance)" CategoryFeature_ID="161799" CategoryFeatureGroup_ID="12078" No="100040" Optional="0" Presentation_Value="Cream" Translated="1" Mandatory="0" Searchable="0">
   <LocalValue Value="Cream">
    <Measure ID="29">
     <Signs/>
    </Measure>
   </LocalValue>
   <Feature ID="5658">
    <Measure ID="29" Sign="">
     <Signs/>
    </Measure>
    <Name ID="113520" langid="1" Value="Substance"/>
   </Feature>
  </ProductFeature>
  <ProductFeature Localized="0" ID="829968100" Local_ID="0" Value="Y" CategoryFeature_ID="105235" CategoryFeatureGroup_ID="12078" No="100014" Optional="0" Presentation_Value="Yes" Translated="1" Mandatory="0" Searchable="0">
   <LocalValue Value="Yes">
    <Measure ID="26">
     <Signs/>
    </Measure>
   </LocalValue>
   <Feature ID="11436">
    <Measure ID="26" Sign="">
     <Signs/>
    </Measure>
    <Name ID="1046187" langid="1" Value="Dermatologically tested"/>
   </Feature>
  </ProductFeature>
  <ProductFeature Localized="0" ID="829968329" Local_ID="0" Value="Y" CategoryFeature_ID="164978" CategoryFeatureGroup_ID="12078" No="100009" Optional="0" Presentation_Value="Yes" Translated="1" Mandatory="0" Searchable="0">
   <LocalValue Value="Yes">
    <Measure ID="26">
     <Signs/>
    </Measure>
   </LocalValue>
   <Feature ID="22607">
    <Measure ID="26" Sign="">
     <Signs/>
    </Measure>
    <Name ID="1785932" langid="1" Value="Not tested on animals"/>
   </Feature>
  </ProductFeature>
  <ProductFeature Localized="0" ID="829968328" Local_ID="0" Value="Y" CategoryFeature_ID="168223" CategoryFeatureGroup_ID="12078" No="100008" Optional="0" Presentation_Value="Yes" Translated="1" Mandatory="0" Searchable="0">
   <LocalValue Value="Yes">
    <Measure ID="26">
     <Signs/>
    </Measure>
   </LocalValue>
   <Feature ID="26721">
    <Measure ID="26" Sign="">
     <Signs/>
    </Measure>
    <Name ID="2290262" langid="1" Value="No animal ingredients &amp; by-products"/>
   </Feature>
  </ProductFeature>
  <ProductFeature Localized="0" ID="829968319" Local_ID="0" Value="Gluten,Oil,Paraben" CategoryFeature_ID="625070" CategoryFeatureGroup_ID="12078" No="100000" Optional="0" Presentation_Value="Gluten, Oil, Paraben" Translated="1" Mandatory="0" Searchable="0">
   <LocalValue Value="Gluten, Oil, Paraben">
    <Measure ID="29">
     <Signs/>
    </Measure>
   </LocalValue>
   <Feature ID="42516">
    <Measure ID="29" Sign="">
     <Signs/>
    </Measure>
    <Name ID="6876321" langid="1" Value="Doesn't contain"/>
   </Feature>
  </ProductFeature>
  <ProductFeature Localized="0" ID="829968520" Local_ID="0" Value="OCTYLDODECANOL, POLYBUTENE, PHYTOSTERYL ISOSTEARATE, TRIDECYL TRIMELLITATE, BIS-DIGLYCERYL POLYACYLADIPATE-2, EUPHORBIA CERIFERA CERA (EUPHORBIA CERIFERA (CANDELILLA) WAX), HELIANTHUS ANNUUS (SUNFLOWER) SEED WAX, DIISOSTEARYL MALATE, TOCOPHERYL ACETATE, ETHYLHEXYLGLYCERIN, PHENOXYETHANOL, PARFUM (FRAGRANCE), CITRONELLOL, DIMETHYL PHENETHYL ACETATE, HEXYL CINNAMAL, LINALOOL, CI 15850 (RED 7 LAKE), CI 77491 (IRON OXIDES), CI 77492 (IRON OXIDES), CI 77499 (IRON OXIDES), CI 77891 (TITANIUM DIOXIDE)." CategoryFeature_ID="105238" CategoryFeatureGroup_ID="12078" No="99920" Optional="0" Presentation_Value="OCTYLDODECANOL, POLYBUTENE, PHYTOSTERYL ISOSTEARATE, TRIDECYL TRIMELLITATE, BIS-DIGLYCERYL POLYACYLADIPATE-2, EUPHORBIA CERIFERA CERA (EUPHORBIA CERIFERA (CANDELILLA) WAX), HELIANTHUS ANNUUS (SUNFLOWER) SEED WAX, DIISOSTEARYL MALATE, TOCOPHERYL ACETATE, ETHYLHEXYLGLYCERIN, PHENOXYETHANOL, PARFUM (FRAGRANCE), CITRONELLOL, DIMETHYL PHENETHYL ACETATE, HEXYL CINNAMAL, LINALOOL, CI 15850 (RED 7 LAKE), CI 77491 (IRON OXIDES), CI 77492 (IRON OXIDES), CI 77499 (IRON OXIDES), CI 77891 (TITANIUM DIOXIDE)." Translated="0" Mandatory="0" Searchable="0">
   <LocalValue Value="OCTYLDODECANOL, POLYBUTENE, PHYTOSTERYL ISOSTEARATE, TRIDECYL TRIMELLITATE, BIS-DIGLYCERYL POLYACYLADIPATE-2, EUPHORBIA CERIFERA CERA (EUPHORBIA CERIFERA (CANDELILLA) WAX), HELIANTHUS ANNUUS (SUNFLOWER) SEED WAX, DIISOSTEARYL MALATE, TOCOPHERYL ACETATE, ETHYLHEXYLGLYCERIN, PHENOXYETHANOL, PARFUM (FRAGRANCE), CITRONELLOL, DIMETHYL PHENETHYL ACETATE, HEXYL CINNAMAL, LINALOOL, CI 15850 (RED 7 LAKE), CI 77491 (IRON OXIDES), CI 77492 (IRON OXIDES), CI 77499 (IRON OXIDES), CI 77891 (TITANIUM DIOXIDE).">
    <Measure ID="29">
     <Signs/>
    </Measure>
   </LocalValue>
   <Feature ID="16908">
    <Measure ID="29" Sign="">
     <Signs/>
    </Measure>
    <Name ID="1216897" langid="1" Value="Ingredients"/>
   </Feature>
  </ProductFeature>
  <ProductFeature Localized="1" ID="0" Local_ID="554058990" Value="" CategoryFeature_ID="152452" CategoryFeatureGroup_ID="12078" No="99850" Optional="0" Presentation_Value="Lipstick can be applied directly or – for even more precision – with a lip brush, and liquid lipstick also works well with an applicator. A few tricks afterwards can help make lipstick last longer: it's best to outline and colour-in the lips with lipliner first and apply the lipstick in several thin layers, dabbing with a tissue in between. In addition, a lip scrub removes dead skin cells and ensures a smoother surface before applying your lip make-up." Translated="1" Mandatory="0" Searchable="0">
   <LocalValue Value="Lipstick can be applied directly or – for even more precision – with a lip brush, and liquid lipstick also works well with an applicator. A few tricks afterwards can help make lipstick last longer: it's best to outline and colour-in the lips with lipliner first and apply the lipstick in several thin layers, dabbing with a tissue in between. In addition, a lip scrub removes dead skin cells and ensures a smoother surface before applying your lip make-up.">
    <Measure ID="29">
     <Signs/>
    </Measure>
   </LocalValue>
   <Feature ID="24555">
    <Measure ID="29" Sign="">
     <Signs/>
    </Measure>
    <Name ID="2025750" langid="1" Value="How to use"/>
   </Feature>
  </ProductFeature>
  <ProductFeature Localized="0" ID="835100973" Local_ID="0" Value="Good for vegan" CategoryFeature_ID="604523" CategoryFeatureGroup_ID="77427" No="100000" Optional="0" Presentation_Value="Good for vegan" Translated="1" Mandatory="0" Searchable="0">
   <LocalValue Value="Good for vegan">
    <Measure ID="29">
     <Signs/>
    </Measure>
   </LocalValue>
   <Feature ID="42513">
    <Measure ID="29" Sign="">
     <Signs/>
    </Measure>
    <Name ID="6876123" langid="1" Value="Sustainability certificates"/>
   </Feature>
  </ProductFeature>
  <ProductFeature Localized="0" ID="829968045" Local_ID="0" Value="1.9" CategoryFeature_ID="109397" CategoryFeatureGroup_ID="12077" No="100100" Optional="0" Presentation_Value="1.9 g" Translated="0" Mandatory="0" Searchable="0">
   <LocalValue Value="1.9">
    <Measure ID="38">
     <Signs>
      <Sign ID="22" langid="1"><![CDATA[g]]></Sign>
     </Signs>
    </Measure>
   </LocalValue>
   <Feature ID="5255">
    <Measure ID="38" Sign="">
     <Signs>
      <Sign ID="22" langid="1"><![CDATA[g]]></Sign>
     </Signs>
    </Measure>
    <Name ID="72073" langid="1" Value="Capacity"/>
   </Feature>
  </ProductFeature>
  <ProductFeature Localized="0" ID="829968330" Local_ID="0" Value="1" CategoryFeature_ID="105233" CategoryFeatureGroup_ID="15807" No="99850" Optional="0" Presentation_Value="1 pc(s)" Translated="0" Mandatory="1" Searchable="0">
   <LocalValue Value="1">
    <Measure ID="144">
     <Signs>
      <Sign ID="125" langid="1"><![CDATA[pc(s)]]></Sign>
     </Signs>
    </Measure>
   </LocalValue>
   <Feature ID="5456">
    <Measure ID="144" Sign="">
     <Signs>
      <Sign ID="125" langid="1"><![CDATA[pc(s)]]></Sign>
     </Signs>
    </Measure>
    <Name ID="78359" langid="1" Value="Number of products included"/>
   </Feature>
  </ProductFeature>
  <ProductGallery>
   <ProductPicture IsMain="Y" LowPic="https://inishop.com/img/gallery_lows/158ffee2a0a50f2cc354aa0b20dfba058d56e286.jpg" LowPicHeight="200" LowPicWidth="62" LowSize="8400" No="1" Original="https://inishop.com/img/gallery_raw/f3fe4d64def242c1101f77765662f5e26b6bd5e5.png" OriginalSize="717743" Pic="https://inishop.com/img/gallery/c9c3cc00c6106ccffdbb464a577b4f2b393672d6.jpg" Pic500x500="https://inishop.com/img/gallery_mediums/cfaf37effc94ed91089b2b7d2c38af8e97ca7575.jpg" Pic500x500Height="500" Pic500x500Size="36027" Pic500x500Width="156" PicHeight="2195" PicWidth="684" ProductPicture_ID="114755190" Size="390667" ThumbPic="https://inishop.com/img/gallery_thumbs/b3f2aae31087d57fe1a547f003c8f459a0361d63.jpg" ThumbSize="2126" Type="ProductImage" UpdatedDate="2025-09-08 12:24:51"/>
   <ProductPicture LowPic="https://inishop.com/img/gallery_lows/59eb0c8604f536bf46ae2d8aa455757bd8593bd3.jpg" LowPicHeight="200" LowPicWidth="65" LowSize="8691" No="2" Original="https://inishop.com/img/gallery_raw/6af14447d26aaa1eb10606dfdec4b68861a05db7.png" OriginalSize="681070" Pic="https://inishop.com/img/gallery/3a6ff1b9449be2d7f600a4434ef78be2ae502da7.jpg" Pic500x500="https://inishop.com/img/gallery_mediums/2a677652586bf49b68306bc9668f4824968a271d.jpg" Pic500x500Height="500" Pic500x500Size="35759" Pic500x500Width="162" PicHeight="2197" PicWidth="713" ProductPicture_ID="114755192" Size="368420" ThumbPic="https://inishop.com/img/gallery_thumbs/b0a3b31d230d120e82a3e2423fc360dda414825f.jpg" ThumbSize="2616" Type="ProductImage" UpdatedDate="2025-09-08 12:24:57"/>
   <ProductPicture LowPic="https://inishop.com/img/gallery_lows/5533412a763666297314a79622e9d6299bf41615.jpg" LowPicHeight="187" LowPicWidth="200" LowSize="24060" No="3" Original="https://inishop.com/img/gallery_raw/0f25d3fc6d3920d4eba3929765d719ee6d1c2a4d.jpeg" OriginalSize="149016" Pic="https://inishop.com/img/gallery/01cec41e407e6e269c9eb84f6fdac195d6e11d75.jpg" Pic500x500="https://inishop.com/img/gallery_mediums/74ca68d74b1fd57ca5243f70fbd18e37932fe4b8.jpg" Pic500x500Height="469" Pic500x500Size="104878" Pic500x500Width="500" PicHeight="1579" PicWidth="1685" ProductPicture_ID="114755234" Size="830118" ThumbPic="https://inishop.com/img/gallery_thumbs/c15b9ddc00f9a7874a882e71aeefff6a79541010.jpg" ThumbSize="5898" Type="ProductImage" UpdatedDate="2025-09-08 12:25:02"/>
   <ProductPicture LowPic="https://inishop.com/img/gallery_lows/5620201e3e587143d7739e34d3efd465aad2a758.jpg" LowPicHeight="200" LowPicWidth="200" LowSize="42343" No="4" Original="https://inishop.com/img/gallery_raw/7aff6c344d7b3006238427c941aa1da30399517d.jpeg" OriginalSize="542534" Pic="https://inishop.com/img/gallery/73f0c461d367d2f69172a1d11c714f12aedcbd38.jpg" Pic500x500="https://inishop.com/img/gallery_mediums/3fde097b413c19453ec909c376e775f9dd1f9516.jpg" Pic500x500Height="500" Pic500x500Size="220213" Pic500x500Width="500" PicHeight="2000" PicWidth="2000" ProductPicture_ID="114755307" Size="1702138" ThumbPic="https://inishop.com/img/gallery_thumbs/0f3dbe8b8f7a3c5c37b1f3802408e56847ff228d.jpg" ThumbSize="8669" Type="LifestyleImage" UpdatedDate="2025-08-21 15:30:14"/>
   <ProductPicture LowPic="https://inishop.com/img/gallery_lows/8f1042523787731b6626cb89dba6458bfc9adfc9.jpg" LowPicHeight="200" LowPicWidth="200" LowSize="40556" No="5" Original="https://inishop.com/img/gallery_raw/68688b214efa751f2a48185c043af33d46df9dd7.jpeg" OriginalSize="706663" Pic="https://inishop.com/img/gallery/4ba628b25344f9f77531cab312602898cf7d1c17.jpg" Pic500x500="https://inishop.com/img/gallery_mediums/6c512e3ceee7acb46abf1d5e43263e2446b04243.jpg" Pic500x500Height="500" Pic500x500Size="224834" Pic500x500Width="500" PicHeight="2000" PicWidth="2000" ProductPicture_ID="114755308" Size="2077361" ThumbPic="https://inishop.com/img/gallery_thumbs/ebb335784b6b3fabc5edf2fbc7faac218870c6f8.jpg" ThumbSize="7723" Type="LifestyleImage" UpdatedDate="2025-08-21 15:30:15"/>
   <ProductPicture LowPic="https://inishop.com/img/gallery_lows/c24b0690827b58a98f7f909cd1a0d52109ffeed0.jpg" LowPicHeight="200" LowPicWidth="200" LowSize="43303" No="6" Original="https://inishop.com/img/gallery_raw/0897188d23437cc42de869eecd5f0b3fc52a1127.jpeg" OriginalSize="441635" Pic="https://inishop.com/img/gallery/a3f4483bc9fac0f111ca5f2b0c87e8f24a4a50ce.jpg" Pic500x500="https://inishop.com/img/gallery_mediums/adee9de61aab4daa4a8454471d39bfe199b0dc97.jpg" Pic500x500Height="500" Pic500x500Size="239982" Pic500x500Width="500" PicHeight="2000" PicWidth="2000" ProductPicture_ID="114755309" Size="1582484" ThumbPic="https://inishop.com/img/gallery_thumbs/ed27ab5e4bbe9d3f60bb46c48635c660ce1f3dd0.jpg" ThumbSize="6955" Type="LifestyleImage" UpdatedDate="2025-08-21 15:30:17"/>
   <ProductPicture LowPic="https://inishop.com/img/gallery_lows/7495ec704d29e2da5136d73059d9529be4a9d519.jpg" LowPicHeight="200" LowPicWidth="200" LowSize="35996" No="7" Original="https://inishop.com/img/gallery_raw/221e2991cc462d6c9925635edff980aa6e4c980d.jpeg" OriginalSize="349326" Pic="https://inishop.com/img/gallery/06872dd240c781da1bae868330c3189e2343a64d.jpg" Pic500x500="https://inishop.com/img/gallery_mediums/0f9a9a3003c5da3393e14481a0f09686816242a0.jpg" Pic500x500Height="500" Pic500x500Size="195452" Pic500x500Width="500" PicHeight="2000" PicWidth="2000" ProductPicture_ID="114755316" Size="1194218" ThumbPic="https://inishop.com/img/gallery_thumbs/f62bdec183e2844503ee5c27d034adbcd21780de.jpg" ThumbSize="6137" Type="LifestyleImage" UpdatedDate="2025-08-21 15:30:18"/>
   <ProductPicture LowPic="https://inishop.com/img/gallery_lows/4abf56cc5fa31974a0e78fd5875b4134ee5353d5.jpg" LowPicHeight="200" LowPicWidth="200" LowSize="45734" No="8" Original="https://inishop.com/img/gallery_raw/6c94aa7bd3e9ab1c7dc4f8190ff456052977716f.jpeg" OriginalSize="550762" Pic="https://inishop.com/img/gallery/7173b7767ed89a8655e89a240b62da2e5fb9bbce.jpg" Pic500x500="https://inishop.com/img/gallery_mediums/0fc8b69f9059b8657259289b5a6a801fe147cd55.jpg" Pic500x500Height="500" Pic500x500Size="227690" Pic500x500Width="500" PicHeight="2000" PicWidth="2000" ProductPicture_ID="114755317" Size="1827362" ThumbPic="https://inishop.com/img/gallery_thumbs/b3532570281050d4bf17c5197809aebfcb241a62.jpg" ThumbSize="9165" Type="LifestyleImage" UpdatedDate="2025-08-21 15:30:20"/>
   <ProductPicture LowPic="https://inishop.com/img/gallery_lows/930678940d002505d5971b4252ec7c0fa444197a.jpg" LowPicHeight="200" LowPicWidth="200" LowSize="52726" No="9" Original="https://inishop.com/img/gallery_raw/f5f6eeab1417e336078365b1afdd81ce5bd2e521.jpeg" OriginalSize="511706" Pic="https://inishop.com/img/gallery/bff60745569237353e03cccb59802a1dd3670b02.jpg" Pic500x500="https://inishop.com/img/gallery_mediums/e35c15ecb368cfa62586267296994c94ad51e08a.jpg" Pic500x500Height="500" Pic500x500Size="239351" Pic500x500Width="500" PicHeight="2000" PicWidth="2000" ProductPicture_ID="114755318" Size="1721367" ThumbPic="https://inishop.com/img/gallery_thumbs/cdd0e9b582fa867ddedb89320d1ba8d7ff9d4012.jpg" ThumbSize="10746" Type="LifestyleImage" UpdatedDate="2025-08-21 15:30:21"/>
   <ProductPicture LowPic="https://inishop.com/img/gallery_lows/401e7433630f0b9d45be4f7f71f097179bf9112f.jpg" LowPicHeight="200" LowPicWidth="200" LowSize="43269" No="10" Original="https://inishop.com/img/gallery_raw/b9405bd42268fc3f676042162abb3a41a380895f.jpeg" OriginalSize="447995" Pic="https://inishop.com/img/gallery/723887ebc563b28c28305d63fc2ae83740ce535a.jpg" Pic500x500="https://inishop.com/img/gallery_mediums/ce16554c49c3b0f9dd3184deb46f57cffe5c4fb7.jpg" Pic500x500Height="500" Pic500x500Size="203220" Pic500x500Width="500" PicHeight="2000" PicWidth="2000" ProductPicture_ID="114755319" Size="1523141" ThumbPic="https://inishop.com/img/gallery_thumbs/9e4cf4e10ad4d5b3b5ee8d907f690027c195fc99.jpg" ThumbSize="9017" Type="LifestyleImage" UpdatedDate="2025-08-21 15:30:24"/>
   <ProductPicture LowPic="https://inishop.com/img/gallery_lows/90d67fcc5292202cf67532445889da20a60cd694.jpg" LowPicHeight="200" LowPicWidth="200" LowSize="23895" No="11" Original="https://inishop.com/img/gallery_raw/9e95f13bd7825ed89c76b71dbf51bcda27c38d3d.jpeg" OriginalSize="137177" Pic="https://inishop.com/img/gallery/6a71792ce96c982991b4e118ddd8ef636aebe0bc.jpg" Pic500x500="https://inishop.com/img/gallery_mediums/57e3030e370e3311deb20fc7b6f2dccdb72e9749.jpg" Pic500x500Height="500" Pic500x500Size="106508" Pic500x500Width="500" PicHeight="2000" PicWidth="2000" ProductPicture_ID="114755320" Size="548879" ThumbPic="https://inishop.com/img/gallery_thumbs/47c8c1a1294deaf0f5e505439eb2d7df900f3df8.jpg" ThumbSize="5702" Type="LifestyleImage" UpdatedDate="2025-08-21 15:30:25"/>
   <ProductPicture LowPic="" LowPicHeight="0" LowPicWidth="0" LowSize="0" No="999" Original="" OriginalSize="0" Pic="https://inishop.com/img/feature_logo/604-9536.png" Pic500x500="" Pic500x500Height="0" Pic500x500Size="0" Pic500x500Width="0" PicHeight="300" PicWidth="300" ProductPicture_ID="4355409808" Size="46990" ThumbPic="https://inishop.com/img/feature_logo_thumbs/604-9536.png" ThumbSize="0" Type="FeatureLogo" UpdatedDate="" langid="1"/>
  </ProductGallery>
  <ProductMultimediaObject/>
  <ProductRelated/>
  <SummaryDescription>
   <ShortSummaryDescription langid="1">Essence Glossy Glaze High Shine Lipstick, Brown, Maple Me Crazy, 1 colours, Coloring, Smoothing, Softening, Women, Gloss</ShortSummaryDescription>
   <LongSummaryDescription langid="1">Essence Glossy Glaze High Shine Lipstick. Colour group: Brown, Colour name: Maple Me Crazy, Number of colours: 1 colours. Sustainability certificates: Good for vegan. Capacity: 1.9 g. Number of products included: 1 pc(s)</LongSummaryDescription>
  </SummaryDescription>
  <Supplier ID="29383" Name="Essence"/>
  <CatalogObjectCloud/>
  <BrandOrganizations/>
 </Product>
</ICECAT-interface>
