<?xml version="1.0" encoding="UTF-8"?>
<!DOCTYPE ICECAT-interface SYSTEM "https://data.icecat.biz/dtd/ICECAT-interface_response.dtd">
<!--source: Icecat.biz 2025-->
<!--Language ID: 1-->
<!--Version: v2-->
<ICECAT-interface xmlns:xsi="http://www.w3.org/2001/XMLSchema-instance" xsi:noNamespaceSchemaLocation="https://data.icecat.biz/xsd/ICECAT-interface_response.xsd">
 <Product Code="1" HighPic="https://inishop.com/img/gallery/6b1bd40caf9fe7060f6fd99d052e8f269c3a048d.jpg" HighPicHeight="960" HighPicSize="519650" HighPicWidth="960" ID="134703621" LowPic="https://inishop.com/img/gallery_lows/15588cd5c4341a256ddfff7ecfb60fff39f4c388.jpg" LowPicHeight="200" LowPicSize="57950" LowPicWidth="200" Name="Dahlia Mix Bouquet" IntName="Dahlia Mix Bouquet" LocalName="Dahlia Mix Bouquet" Pic500x500="https://inishop.com/img/gallery_mediums/f3e3564a1666be4b988f0751d7ea13a2cec8066e.jpg" Pic500x500Height="500" Pic500x500Size="255080" Pic500x500Width="500" Prod_id="ACDHT0100" Quality="ICECAT" ReleaseDate="" ThumbPic="https://inishop.com/img/gallery_thumbs/648f736f579f3aeb0dc800c40ea01f22841da057.jpg" ThumbPicSize="11462" Title="Interflora Dahlia Mix Bouquet" GeneratedIntTitle="Interflora Dahlia Mix Bouquet" GeneratedLocalTitle="Interflora Dahlia Mix Bouquet" BrandLocalTitle="">
  <CategoryFeatureGroup ID="67105" No="0">
   <FeatureGroup ID="0">
    <Name ID="5073" langid="1" Value="Technical details"/>
   </FeatureGroup>
  </CategoryFeatureGroup>
  <CategoryFeatureGroup ID="47651" No="0">
   <FeatureGroup ID="14">
    <Name ID="5023" langid="1" Value="Weight &amp; dimensions"/>
   </FeatureGroup>
  </CategoryFeatureGroup>
  <CategoryFeatureGroup ID="43811" No="0">
   <FeatureGroup ID="76">
    <Name ID="28540" langid="1" Value="Certificates"/>
   </FeatureGroup>
  </CategoryFeatureGroup>
  <CategoryFeatureGroup ID="50570" No="0">
   <FeatureGroup ID="116">
    <Name ID="78852" langid="1" Value="Packaging content"/>
   </FeatureGroup>
  </CategoryFeatureGroup>
  <CategoryFeatureGroup ID="55797" No="0">
   <FeatureGroup ID="143">
    <Name ID="618812" langid="1" Value="Battery"/>
   </FeatureGroup>
  </CategoryFeatureGroup>
  <CategoryFeatureGroup ID="24776" No="50">
   <FeatureGroup ID="185">
    <Name ID="1219853" langid="1" Value="Features"/>
   </FeatureGroup>
  </CategoryFeatureGroup>
  <CategoryFeatureGroup ID="37775" No="0">
   <FeatureGroup ID="198">
    <Name ID="1788927" langid="1" Value="Logistics data"/>
   </FeatureGroup>
  </CategoryFeatureGroup>
  <CategoryFeatureGroup ID="62322" No="0">
   <FeatureGroup ID="232">
    <Name ID="3464238" langid="1" Value="Supplier features"/>
   </FeatureGroup>
  </CategoryFeatureGroup>
  <Category ID="4796">
   <Name ID="3731236" langid="1" Value="Fresh Cut Mixed Bouquets &amp; Flowers"/>
  </Category>
  <EANCode/>
  <ReleaseDate/>
  <EndOfLifeDate/>
  <ReasonsToBuy/>
  <BulletPoints>
   <BulletPoint Value="This will be handcrafted by their local florist, who will use all their care and skill and make sure it arrives ready to wow" langid="1" No="1"/>
   <BulletPoint Value="It might not look exactly like the pictures because each bouquet is bespoke, made by hand" langid="1" No="2"/>
   <BulletPoint Value="It's guaranteed to look gorgeous for at least 7 days, or we'll put it right" langid="1" No="3"/>
   <BulletPoint Value="It could feature buds, but they'll open up quickly" langid="1" No="4"/>
   <BulletPoint Value="The packaging is all recyclable or biodegradable" langid="1" No="5"/>
   <BulletPoint Value="It comes with a lovely card, the florist will add your message inside (usually by hand)" langid="1" No="6"/>
   <BulletPoint Value="If you have any special requests (like pet-friendly flowers or no lilies) there's a space to add them before you check out. The florist will try their best to help" langid="1" No="7"/>
  </BulletPoints>
  <GeneratedBulletPoints/>
  <ProductBundled/>
  <ProductDescription ID="104044326" LongDesc="A quick rundown: a beauty of a handmade bouquet with flowers in vivid colours plus at least three stunning dahlias.&lt;br&gt;&lt;br&gt;Colour &amp; style: fresh flowers and foliage in rich, vivid colours like ruby, amber, mustard and plum, plus at least three dahlias.&lt;br&gt;&lt;br&gt;A great gift for: autumn birthdays, dahlia lovers" ManualPDFSize="0" ManualPDFURL="" MiddleDesc="" PDFSize="0" PDFURL="" ShortDesc="Dahlia Mix Bouquet" URL="https://www.interflora.co.uk/product/dahlia-mix-bouquet-acdht0100s" WarrantyInfo="" langid="1"/>
  <ProductFeature Localized="0" ID="835243820" Local_ID="0" Value="Fresh cut mixed bouquet" CategoryFeature_ID="935697" CategoryFeatureGroup_ID="24776" No="10100500" Optional="0" Presentation_Value="Fresh cut mixed bouquet" Translated="0" Mandatory="1" Searchable="1">
   <LocalValue Value="Fresh cut mixed bouquet">
    <Measure ID="29">
     <Signs/>
    </Measure>
   </LocalValue>
   <Feature ID="14052">
    <Measure ID="29" Sign="">
     <Signs/>
    </Measure>
    <Name ID="1127664" langid="1" Value="Product type"/>
   </Feature>
  </ProductFeature>
  <ProductFeature Localized="0" ID="835243819" Local_ID="0" Value="Orange,Pink,Red,Yellow" CategoryFeature_ID="945016" CategoryFeatureGroup_ID="24776" No="100300" Optional="0" Presentation_Value="Orange, Pink, Red, Yellow" Translated="1" Mandatory="0" Searchable="0">
   <LocalValue Value="Orange, Pink, Red, Yellow">
    <Measure ID="29">
     <Signs/>
    </Measure>
   </LocalValue>
   <Feature ID="1766">
    <Measure ID="29" Sign="">
     <Signs/>
    </Measure>
    <Name ID="5487" langid="1" Value="Product colour"/>
   </Feature>
  </ProductFeature>
  <ProductFeature Localized="0" ID="835243822" Local_ID="0" Value="Birthday" CategoryFeature_ID="221114" CategoryFeatureGroup_ID="24776" No="100250" Optional="0" Presentation_Value="Birthday" Translated="1" Mandatory="0" Searchable="0">
   <LocalValue Value="Birthday">
    <Measure ID="29">
     <Signs/>
    </Measure>
   </LocalValue>
   <Feature ID="29202">
    <Measure ID="29" Sign="">
     <Signs/>
    </Measure>
    <Name ID="2649586" langid="1" Value="Occasion"/>
   </Feature>
  </ProductFeature>
  <ProductFeature Localized="0" ID="835243821" Local_ID="0" Value="7" CategoryFeature_ID="221116" CategoryFeatureGroup_ID="24776" No="100000" Optional="0" Presentation_Value="7 day(s)" Translated="0" Mandatory="0" Searchable="0">
   <LocalValue Value="7">
    <Measure ID="49">
     <Signs>
      <Sign ID="33" langid="1"><![CDATA[day(s)]]></Sign>
     </Signs>
    </Measure>
   </LocalValue>
   <Feature ID="19213">
    <Measure ID="49" Sign="">
     <Signs>
      <Sign ID="33" langid="1"><![CDATA[day(s)]]></Sign>
     </Signs>
    </Measure>
    <Name ID="1462643" langid="1" Value="Lifespan"/>
   </Feature>
  </ProductFeature>
  <ProductGallery>
   <ProductPicture IsMain="Y" LowPic="https://inishop.com/img/gallery_lows/15588cd5c4341a256ddfff7ecfb60fff39f4c388.jpg" LowPicHeight="200" LowPicWidth="200" LowSize="57950" No="1" Original="https://inishop.com/img/gallery_raw/b3405ada78fbd1e2c4cd0b1298937a6a82135697.jpeg" OriginalSize="145567" Pic="https://inishop.com/img/gallery/6b1bd40caf9fe7060f6fd99d052e8f269c3a048d.jpg" Pic500x500="https://inishop.com/img/gallery_mediums/f3e3564a1666be4b988f0751d7ea13a2cec8066e.jpg" Pic500x500Height="500" Pic500x500Size="255080" Pic500x500Width="500" PicHeight="960" PicWidth="960" ProductPicture_ID="117095474" Size="519650" ThumbPic="https://inishop.com/img/gallery_thumbs/648f736f579f3aeb0dc800c40ea01f22841da057.jpg" ThumbSize="11462" Type="ProductImage" UpdatedDate="2025-09-09 10:54:46"/>
   <ProductPicture LowPic="https://inishop.com/img/gallery_lows/60986b22e8205964f5b30cd2ee762adb94a9d2de.jpg" LowPicHeight="200" LowPicWidth="200" LowSize="73611" No="2" Original="https://inishop.com/img/gallery_raw/b0e389a85d7ec28d4e86f280233a35438742817b.jpeg" OriginalSize="171816" Pic="https://inishop.com/img/gallery/9d06129831ad3454e3c692efc2439be8350f2479.jpg" Pic500x500="https://inishop.com/img/gallery_mediums/9ff70aad84f9e61ba9834b6ff495dc097f96a581.jpg" Pic500x500Height="500" Pic500x500Size="327062" Pic500x500Width="500" PicHeight="960" PicWidth="960" ProductPicture_ID="117095482" Size="638749" ThumbPic="https://inishop.com/img/gallery_thumbs/8d04d864fa2c59017b75a98347a1bb226c97bfee.jpg" ThumbSize="13384" Type="ProductDetailImage" UpdatedDate="2025-09-09 10:54:57"/>
   <ProductPicture LowPic="https://inishop.com/img/gallery_lows/0a05c593b659ab5163ef9a50cfea7fc38fa2c4e7.jpg" LowPicHeight="200" LowPicWidth="200" LowSize="50010" No="3" Original="https://inishop.com/img/gallery_raw/36776c9be3723c45ea332c6bdbe875f7889df40c.jpeg" OriginalSize="97272" Pic="https://inishop.com/img/gallery/17018deac365e75749f3f79899531ccf8d4ee32e.jpg" Pic500x500="https://inishop.com/img/gallery_mediums/66605818730b652dfcaca5801cc97864a6677ac0.jpg" Pic500x500Height="500" Pic500x500Size="209903" Pic500x500Width="500" PicHeight="960" PicWidth="960" ProductPicture_ID="117095483" Size="388339" ThumbPic="https://inishop.com/img/gallery_thumbs/3d9fc90853deeefbf4dbc9512966636061c89ecf.jpg" ThumbSize="10240" Type="LifestyleImage" UpdatedDate="2025-09-09 10:55:03"/>
   <ProductPicture LowPic="https://inishop.com/img/gallery_lows/e5d0e96841ce82262bce9849a906fee1f8cd6f69.jpg" LowPicHeight="200" LowPicWidth="200" LowSize="59859" No="4" Original="https://inishop.com/img/gallery_raw/42c3a0db6fd5cba325bb4143a9deb03986692b3b.jpeg" OriginalSize="173843" Pic="https://inishop.com/img/gallery/602a203fbb7e38e81141c89fe105362527b99222.jpg" Pic500x500="https://inishop.com/img/gallery_mediums/8cceb63ab19bccc6ac087a2ce61c7e014a95373a.jpg" Pic500x500Height="500" Pic500x500Size="277348" Pic500x500Width="500" PicHeight="960" PicWidth="960" ProductPicture_ID="117095485" Size="588624" ThumbPic="https://inishop.com/img/gallery_thumbs/513f97da2b04c1220066ed3777aac2018d5c911b.jpg" ThumbSize="11576" Type="LifestyleImage" UpdatedDate="2025-09-09 10:55:11"/>
  </ProductGallery>
  <ProductMultimediaObject/>
  <ProductRelated/>
  <SummaryDescription>
   <ShortSummaryDescription langid="1">Interflora Dahlia Mix Bouquet, Fresh cut mixed bouquet, Orange, Pink, Red, Yellow, Birthday, 7 day(s)</ShortSummaryDescription>
   <LongSummaryDescription langid="1">Interflora Dahlia Mix Bouquet. Product type: Fresh cut mixed bouquet, Product colour: Orange, Pink, Red, Yellow, Occasion: Birthday</LongSummaryDescription>
  </SummaryDescription>
  <Supplier ID="43646" Name="Interflora"/>
  <CatalogObjectCloud/>
  <BrandOrganizations/>
 </Product>
</ICECAT-interface>
