<?xml version="1.0" encoding="UTF-8"?>
<!DOCTYPE ICECAT-interface SYSTEM "https://data.icecat.biz/dtd/ICECAT-interface_response.dtd">
<!--source: Icecat.biz 2025-->
<!--Language ID: 1-->
<!--Version: v2-->
<ICECAT-interface xmlns:xsi="http://www.w3.org/2001/XMLSchema-instance" xsi:noNamespaceSchemaLocation="https://data.icecat.biz/xsd/ICECAT-interface_response.xsd">
 <Product Code="1" HighPic="https://inishop.com/img/gallery/5bc9e7cb5412964cbb7dc655519a5ac37618fe74.jpg" HighPicHeight="700" HighPicSize="429082" HighPicWidth="700" ID="134699165" LowPic="https://inishop.com/img/gallery_lows/b4a504ca7e965b6bfde00985583a62352fcc8ef4.jpg" LowPicHeight="200" LowPicSize="52668" LowPicWidth="200" Name="White and Pink Flower Bouquet" IntName="BLOSSOM11" LocalName="White and Pink Flower Bouquet" Pic500x500="https://inishop.com/img/gallery_mediums/cd2a2a45f2be6f50e54a8727752717a7a57c18ca.jpg" Pic500x500Height="500" Pic500x500Size="250719" Pic500x500Width="500" Prod_id="BLOSSOM11" Quality="ICECAT" ReleaseDate="" ThumbPic="https://inishop.com/img/gallery_thumbs/7de23d6435b41a6d1cb1b7b2871be36b8e66f6c3.jpg" ThumbPicSize="10325" Title="Kukkia Finland White and Pink Flower Bouquet" GeneratedIntTitle="Kukkia Finland BLOSSOM11 fresh cut mixed bouquet/flower" GeneratedLocalTitle="Kukkia Finland BLOSSOM11 fresh cut mixed bouquet/flower" BrandLocalTitle="Kukkia Finland White and Pink Flower Bouquet">
  <CategoryFeatureGroup ID="67105" No="0">
   <FeatureGroup ID="0">
    <Name ID="5073" langid="1" Value="Technical details"/>
   </FeatureGroup>
  </CategoryFeatureGroup>
  <CategoryFeatureGroup ID="47651" No="0">
   <FeatureGroup ID="14">
    <Name ID="5023" langid="1" Value="Weight &amp; dimensions"/>
   </FeatureGroup>
  </CategoryFeatureGroup>
  <CategoryFeatureGroup ID="43811" No="0">
   <FeatureGroup ID="76">
    <Name ID="28540" langid="1" Value="Certificates"/>
   </FeatureGroup>
  </CategoryFeatureGroup>
  <CategoryFeatureGroup ID="50570" No="0">
   <FeatureGroup ID="116">
    <Name ID="78852" langid="1" Value="Packaging content"/>
   </FeatureGroup>
  </CategoryFeatureGroup>
  <CategoryFeatureGroup ID="55797" No="0">
   <FeatureGroup ID="143">
    <Name ID="618812" langid="1" Value="Battery"/>
   </FeatureGroup>
  </CategoryFeatureGroup>
  <CategoryFeatureGroup ID="24776" No="50">
   <FeatureGroup ID="185">
    <Name ID="1219853" langid="1" Value="Features"/>
   </FeatureGroup>
  </CategoryFeatureGroup>
  <CategoryFeatureGroup ID="37775" No="0">
   <FeatureGroup ID="198">
    <Name ID="1788927" langid="1" Value="Logistics data"/>
   </FeatureGroup>
  </CategoryFeatureGroup>
  <CategoryFeatureGroup ID="62322" No="0">
   <FeatureGroup ID="232">
    <Name ID="3464238" langid="1" Value="Supplier features"/>
   </FeatureGroup>
  </CategoryFeatureGroup>
  <Category ID="4796">
   <Name ID="3731236" langid="1" Value="Fresh Cut Mixed Bouquets &amp; Flowers"/>
  </Category>
  <EANCode/>
  <ReleaseDate/>
  <EndOfLifeDate/>
  <ReasonsToBuy/>
  <BulletPoints/>
  <GeneratedBulletPoints/>
  <ProductBundled/>
  <ProductDescription ID="104037944" LongDesc="Sophisticated White and Pink Flower Bouquet with a mix of fresh roses and elegant blooms." ManualPDFSize="0" ManualPDFURL="" MiddleDesc="" PDFSize="0" PDFURL="" ShortDesc="White and Pink Flower Bouquet" URL="https://www.flowers4finland.com/sophisticated-white-pink-rose-bouquet-flower-delivery.html" WarrantyInfo="" langid="1"/>
  <ProductFeature Localized="0" ID="835130787" Local_ID="0" Value="Fresh cut mixed bouquet" CategoryFeature_ID="935697" CategoryFeatureGroup_ID="24776" No="10100500" Optional="0" Presentation_Value="Fresh cut mixed bouquet" Translated="0" Mandatory="1" Searchable="1">
   <LocalValue Value="Fresh cut mixed bouquet">
    <Measure ID="29">
     <Signs/>
    </Measure>
   </LocalValue>
   <Feature ID="14052">
    <Measure ID="29" Sign="">
     <Signs/>
    </Measure>
    <Name ID="1127664" langid="1" Value="Product type"/>
   </Feature>
  </ProductFeature>
  <ProductFeature Localized="0" ID="835130785" Local_ID="0" Value="Pink,White" CategoryFeature_ID="945016" CategoryFeatureGroup_ID="24776" No="100300" Optional="0" Presentation_Value="Pink, White" Translated="1" Mandatory="0" Searchable="0">
   <LocalValue Value="Pink, White">
    <Measure ID="29">
     <Signs/>
    </Measure>
   </LocalValue>
   <Feature ID="1766">
    <Measure ID="29" Sign="">
     <Signs/>
    </Measure>
    <Name ID="5487" langid="1" Value="Product colour"/>
   </Feature>
  </ProductFeature>
  <ProductFeature Localized="0" ID="835130786" Local_ID="0" Value="Finland" CategoryFeature_ID="375769" CategoryFeatureGroup_ID="37775" No="100000" Optional="0" Presentation_Value="Finland" Translated="1" Mandatory="0" Searchable="0">
   <LocalValue Value="Finland">
    <Measure ID="29">
     <Signs/>
    </Measure>
   </LocalValue>
   <Feature ID="3294">
    <Measure ID="29" Sign="">
     <Signs/>
    </Measure>
    <Name ID="31174" langid="1" Value="Country of origin"/>
   </Feature>
  </ProductFeature>
  <ProductGallery>
   <ProductPicture IsMain="Y" LowPic="https://inishop.com/img/gallery_lows/b4a504ca7e965b6bfde00985583a62352fcc8ef4.jpg" LowPicHeight="200" LowPicWidth="200" LowSize="52668" No="1" Original="https://inishop.com/img/gallery_raw/10f85793016c7d9abbbf78b31ed5fd348da1e455.webp" OriginalSize="103318" Pic="https://inishop.com/img/gallery/5bc9e7cb5412964cbb7dc655519a5ac37618fe74.jpg" Pic500x500="https://inishop.com/img/gallery_mediums/cd2a2a45f2be6f50e54a8727752717a7a57c18ca.jpg" Pic500x500Height="500" Pic500x500Size="250719" Pic500x500Width="500" PicHeight="700" PicWidth="700" ProductPicture_ID="117084289" Size="429082" ThumbPic="https://inishop.com/img/gallery_thumbs/7de23d6435b41a6d1cb1b7b2871be36b8e66f6c3.jpg" ThumbSize="10325" Type="ProductImage" UpdatedDate="2025-09-08 17:39:43"/>
   <ProductPicture LowPic="https://inishop.com/img/gallery_lows/f3101f2c8da9154b8d39da18a62215ca34fb94e7.jpg" LowPicHeight="200" LowPicWidth="200" LowSize="47595" No="2" Original="https://inishop.com/img/gallery_raw/3f77aa42b7a6591e651a6f02f39cbda74f955708.webp" OriginalSize="88060" Pic="https://inishop.com/img/gallery/5e9b63993ed1a70b5cd3bf1931369739a97a3ba2.jpg" Pic500x500="https://inishop.com/img/gallery_mediums/5745e992f1f390cec105e84f8d0845c0a37fd998.jpg" Pic500x500Height="500" Pic500x500Size="202214" Pic500x500Width="500" PicHeight="1000" PicWidth="1000" ProductPicture_ID="117084290" Size="581415" ThumbPic="https://inishop.com/img/gallery_thumbs/c32692b2068068510eb5ca8a6e08883e35e711e1.jpg" ThumbSize="10379" Type="ProductImage" UpdatedDate="2025-09-08 17:39:45"/>
   <ProductPicture LowPic="https://inishop.com/img/gallery_lows/b036afb77be07a1e27d840a6c295cf27c3c395c8.jpg" LowPicHeight="200" LowPicWidth="200" LowSize="63561" No="3" Original="https://inishop.com/img/gallery_raw/21c6903aadfebf5dd351b147f35df475cc04601f.webp" OriginalSize="186840" Pic="https://inishop.com/img/gallery/674e4bf34b77d66b762868ccc20d70d82757b4cc.jpg" Pic500x500="https://inishop.com/img/gallery_mediums/9d8ca201d78381c911d82f96e7a4ce66f69ae3ae.jpg" Pic500x500Height="500" Pic500x500Size="292302" Pic500x500Width="500" PicHeight="1000" PicWidth="1000" ProductPicture_ID="117084291" Size="891198" ThumbPic="https://inishop.com/img/gallery_thumbs/c0794fe276894320d67dec382e3637f35361e514.jpg" ThumbSize="12036" Type="ProductImage" UpdatedDate="2025-09-08 17:39:46"/>
   <ProductPicture LowPic="https://inishop.com/img/gallery_lows/e4ba6e3c63a56f84e0752d0a35a4e7dd2babb04a.jpg" LowPicHeight="200" LowPicWidth="200" LowSize="60763" No="4" Original="https://inishop.com/img/gallery_raw/f46545ef446a53363ca3ff5445c4e0b812405ca2.webp" OriginalSize="89978" Pic="https://inishop.com/img/gallery/af59fa931b39058c4ebbeafc40bc14a562bc12df.jpg" Pic500x500="https://inishop.com/img/gallery_mediums/7e1af5de347c6420a9315455cca8ccf1dacacf47.jpg" Pic500x500Height="500" Pic500x500Size="273922" Pic500x500Width="500" PicHeight="700" PicWidth="700" ProductPicture_ID="117084292" Size="441617" ThumbPic="https://inishop.com/img/gallery_thumbs/7e8c64dc282c5e4a02a6a84e28173a8be2b29a18.jpg" ThumbSize="11324" Type="ProductImage" UpdatedDate="2025-09-08 17:39:47"/>
  </ProductGallery>
  <ProductMultimediaObject/>
  <ProductRelated/>
  <SummaryDescription>
   <ShortSummaryDescription langid="1">Kukkia Finland White and Pink Flower Bouquet, Fresh cut mixed bouquet, Pink, White, Finland</ShortSummaryDescription>
   <LongSummaryDescription langid="1">Kukkia Finland White and Pink Flower Bouquet. Product type: Fresh cut mixed bouquet, Product colour: Pink, White. Country of origin: Finland</LongSummaryDescription>
  </SummaryDescription>
  <Supplier ID="43644" Name="Kukkia Finland"/>
  <CatalogObjectCloud/>
  <BrandOrganizations/>
 </Product>
</ICECAT-interface>
