<?xml version="1.0" encoding="UTF-8"?>
<!DOCTYPE ICECAT-interface SYSTEM "https://data.icecat.biz/dtd/ICECAT-interface_response.dtd">
<!--source: Icecat.biz 2025-->
<!--Language ID: 1-->
<!--Version: v2-->
<ICECAT-interface xmlns:xsi="http://www.w3.org/2001/XMLSchema-instance" xsi:noNamespaceSchemaLocation="https://data.icecat.biz/xsd/ICECAT-interface_response.xsd">
 <Product Code="1" HighPic="https://inishop.com/img/gallery/b31a4eb9c91c920ca36a1af001fe397d632531ca.jpg" HighPicHeight="780" HighPicSize="679109" HighPicWidth="1085" ID="134704496" LowPic="https://inishop.com/img/gallery_lows/5da1e86b8fce0d2224e12e6e01998794e1894295.jpg" LowPicHeight="144" LowPicSize="38144" LowPicWidth="200" Name="Claritin-D Tablets 12-Hour" IntName="Claritin" LocalName="Claritin-D Tablets 12-Hour" Pic500x500="https://inishop.com/img/gallery_mediums/4f3f5b7ea28154f6b2b60bfef6d24073ce62f2cd.jpg" Pic500x500Height="359" Pic500x500Size="185588" Pic500x500Width="500" Prod_id="CLARITIN-D" Quality="ICECAT" ReleaseDate="" ThumbPic="https://inishop.com/img/gallery_thumbs/8ffd2d406f6e0c1414267441a22c9eea927bb984.jpg" ThumbPicSize="7930" Title="Bayer Claritin-D Tablets 12-Hour" GeneratedIntTitle="Bayer Claritin" GeneratedLocalTitle="Bayer Claritin Tablet" BrandLocalTitle="Bayer Claritin-D Tablets 12-Hour">
  <CategoryFeatureGroup ID="67146" No="0">
   <FeatureGroup ID="0">
    <Name ID="5073" langid="1" Value="Technical details"/>
   </FeatureGroup>
  </CategoryFeatureGroup>
  <CategoryFeatureGroup ID="17658" No="0">
   <FeatureGroup ID="14">
    <Name ID="5023" langid="1" Value="Weight &amp; dimensions"/>
   </FeatureGroup>
  </CategoryFeatureGroup>
  <CategoryFeatureGroup ID="18207" No="0">
   <FeatureGroup ID="67">
    <Name ID="27423" langid="1" Value="Packaging data"/>
   </FeatureGroup>
  </CategoryFeatureGroup>
  <CategoryFeatureGroup ID="42073" No="0">
   <FeatureGroup ID="76">
    <Name ID="28540" langid="1" Value="Certificates"/>
   </FeatureGroup>
  </CategoryFeatureGroup>
  <CategoryFeatureGroup ID="18206" No="0">
   <FeatureGroup ID="116">
    <Name ID="78852" langid="1" Value="Packaging content"/>
   </FeatureGroup>
  </CategoryFeatureGroup>
  <CategoryFeatureGroup ID="54117" No="0">
   <FeatureGroup ID="143">
    <Name ID="618812" langid="1" Value="Battery"/>
   </FeatureGroup>
  </CategoryFeatureGroup>
  <CategoryFeatureGroup ID="17656" No="5">
   <FeatureGroup ID="185">
    <Name ID="1219853" langid="1" Value="Features"/>
   </FeatureGroup>
  </CategoryFeatureGroup>
  <CategoryFeatureGroup ID="36314" No="0">
   <FeatureGroup ID="198">
    <Name ID="1788927" langid="1" Value="Logistics data"/>
   </FeatureGroup>
  </CategoryFeatureGroup>
  <CategoryFeatureGroup ID="60620" No="0">
   <FeatureGroup ID="232">
    <Name ID="3464238" langid="1" Value="Supplier features"/>
   </FeatureGroup>
  </CategoryFeatureGroup>
  <Category ID="4879">
   <Name ID="3731315" langid="1" Value="Antiallergic Drugs"/>
  </Category>
  <EANCode/>
  <ReleaseDate/>
  <EndOfLifeDate/>
  <ReasonsToBuy/>
  <BulletPoints>
   <BulletPoint Value="Temporarily relieves common allergy symtoms such as sneezing, runny nose, itchy, watery eyes and itchy nose or throat, plus sinus congestion &amp; pressure, and nasal congestion" langid="1" No="1"/>
   <BulletPoint Value="#1 pharmacist recommended adult multi-symptom allergy product" langid="1" No="2"/>
   <BulletPoint Value="Works hard on nasal congestion due to allergies or a cold" langid="1" No="3"/>
  </BulletPoints>
  <GeneratedBulletPoints/>
  <ProductBundled/>
  <ProductDescription ID="104052901" LongDesc="Non-drowsy Claritin-D® allergy products relieve allergy symptoms such as sneezing, runny nose, itchy, watery eyes and itchy nose or throat, plus sinus congestion &amp; pressure, and nasal congestion. Ask for it at the pharmacy counter." ManualPDFSize="0" ManualPDFURL="" MiddleDesc="" PDFSize="0" PDFURL="" ShortDesc="Claritin-D Tablets 12-Hour, 10 tablets" URL="https://www.claritin.com/products/claritin-d/tablets-12hr" WarrantyInfo="" langid="1"/>
  <ProductFeature Localized="0" ID="835288306" Local_ID="0" Value="Tablet (substance)" CategoryFeature_ID="162301" CategoryFeatureGroup_ID="17656" No="10100100" Optional="0" Presentation_Value="Tablet" Translated="1" Mandatory="1" Searchable="1">
   <LocalValue Value="Tablet">
    <Measure ID="29">
     <Signs/>
    </Measure>
   </LocalValue>
   <Feature ID="25712">
    <Measure ID="29" Sign="">
     <Signs/>
    </Measure>
    <Name ID="2169362" langid="1" Value="Dosage form"/>
   </Feature>
  </ProductFeature>
  <ProductFeature Localized="0" ID="835288307" Local_ID="0" Value="Adults &amp; Children" CategoryFeature_ID="162302" CategoryFeatureGroup_ID="17656" No="100095" Optional="0" Presentation_Value="Adults &amp; Children" Translated="1" Mandatory="0" Searchable="0">
   <LocalValue Value="Adults &amp; Children">
    <Measure ID="29">
     <Signs/>
    </Measure>
   </LocalValue>
   <Feature ID="9202">
    <Measure ID="29" Sign="">
     <Signs/>
    </Measure>
    <Name ID="765619" langid="1" Value="Suitable for"/>
   </Feature>
  </ProductFeature>
  <ProductFeature Localized="0" ID="835288344" Local_ID="0" Value="12" CategoryFeature_ID="162303" CategoryFeatureGroup_ID="17656" No="100090" Optional="0" Presentation_Value="12 yr(s)" Translated="0" Mandatory="0" Searchable="0">
   <LocalValue Value="12">
    <Measure ID="439">
     <Signs>
      <Sign ID="39428" langid="1"><![CDATA[yr(s)]]></Sign>
     </Signs>
    </Measure>
   </LocalValue>
   <Feature ID="7769">
    <Measure ID="439" Sign="">
     <Signs>
      <Sign ID="39428" langid="1"><![CDATA[yr(s)]]></Sign>
     </Signs>
    </Measure>
    <Name ID="600351" langid="1" Value="Minimum age"/>
   </Feature>
  </ProductFeature>
  <ProductFeature Localized="0" ID="836150530" Local_ID="0" Value="12" CategoryFeature_ID="162305" CategoryFeatureGroup_ID="17656" No="100080" Optional="0" Presentation_Value="12 h" Translated="0" Mandatory="0" Searchable="0">
   <LocalValue Value="12">
    <Measure ID="46">
     <Signs>
      <Sign ID="30" langid="1"><![CDATA[h]]></Sign>
     </Signs>
    </Measure>
   </LocalValue>
   <Feature ID="19115">
    <Measure ID="46" Sign="">
     <Signs>
      <Sign ID="30" langid="1"><![CDATA[h]]></Sign>
     </Signs>
    </Measure>
    <Name ID="1430503" langid="1" Value="Effect duration"/>
   </Feature>
  </ProductFeature>
  <ProductFeature Localized="0" ID="835288350" Local_ID="0" Value="10" CategoryFeature_ID="167648" CategoryFeatureGroup_ID="17656" No="100050" Optional="0" Presentation_Value="10" Translated="0" Mandatory="0" Searchable="0">
   <LocalValue Value="10">
    <Measure ID="29">
     <Signs/>
    </Measure>
   </LocalValue>
   <Feature ID="21173">
    <Measure ID="29" Sign="">
     <Signs/>
    </Measure>
    <Name ID="1683251" langid="1" Value="Number of servings per pack"/>
   </Feature>
  </ProductFeature>
  <ProductFeature Localized="0" ID="835288347" Local_ID="0" Value="Y" CategoryFeature_ID="162306" CategoryFeatureGroup_ID="17656" No="100030" Optional="0" Presentation_Value="Yes" Translated="1" Mandatory="0" Searchable="0">
   <LocalValue Value="Yes">
    <Measure ID="26">
     <Signs/>
    </Measure>
   </LocalValue>
   <Feature ID="25715">
    <Measure ID="26" Sign="">
     <Signs/>
    </Measure>
    <Name ID="2169515" langid="1" Value="Non-drowsy"/>
   </Feature>
  </ProductFeature>
  <ProductFeature Localized="0" ID="836150531" Local_ID="0" Value="Y" CategoryFeature_ID="162310" CategoryFeatureGroup_ID="17656" No="100026" Optional="0" Presentation_Value="Yes" Translated="1" Mandatory="0" Searchable="0">
   <LocalValue Value="Yes">
    <Measure ID="26">
     <Signs/>
    </Measure>
   </LocalValue>
   <Feature ID="18071">
    <Measure ID="26" Sign="">
     <Signs/>
    </Measure>
    <Name ID="1366410" langid="1" Value="Long-lasting"/>
   </Feature>
  </ProductFeature>
  <ProductFeature Localized="0" ID="835288348" Local_ID="0" Value="1" CategoryFeature_ID="280319" CategoryFeatureGroup_ID="17656" No="100000" Optional="0" Presentation_Value="1 pc(s)" Translated="0" Mandatory="0" Searchable="0">
   <LocalValue Value="1">
    <Measure ID="144">
     <Signs>
      <Sign ID="125" langid="1"><![CDATA[pc(s)]]></Sign>
     </Signs>
    </Measure>
   </LocalValue>
   <Feature ID="20228">
    <Measure ID="144" Sign="">
     <Signs>
      <Sign ID="125" langid="1"><![CDATA[pc(s)]]></Sign>
     </Signs>
    </Measure>
    <Name ID="1498423" langid="1" Value="Quantity per pack"/>
   </Feature>
  </ProductFeature>
  <ProductFeature Localized="0" ID="835288354" Local_ID="554061195" Value="Loratadine 5 mg, Pseudoephedrine sulfate 120 mg" CategoryFeature_ID="162318" CategoryFeatureGroup_ID="17656" No="99999" Optional="0" Presentation_Value="Croscarmellose sodium, dibasic calcium phosphate, hypromellose, lactose monohydrate, magnesium stearate, pharmaceutical ink, povidone, titanium dioxide" Translated="1" Mandatory="0" Searchable="0">
   <LocalValue Value="Croscarmellose sodium, dibasic calcium phosphate, hypromellose, lactose monohydrate, magnesium stearate, pharmaceutical ink, povidone, titanium dioxide">
    <Measure ID="29">
     <Signs/>
    </Measure>
   </LocalValue>
   <Feature ID="16908">
    <Measure ID="29" Sign="">
     <Signs/>
    </Measure>
    <Name ID="1216897" langid="1" Value="Ingredients"/>
   </Feature>
  </ProductFeature>
  <ProductFeature Localized="1" ID="0" Local_ID="554062258" Value="" CategoryFeature_ID="162317" CategoryFeatureGroup_ID="17656" No="99998" Optional="0" Presentation_Value="1 tablet every 12 hours; not more than 2 tablets in 24 hours" Translated="1" Mandatory="0" Searchable="0">
   <LocalValue Value="1 tablet every 12 hours; not more than 2 tablets in 24 hours">
    <Measure ID="29">
     <Signs/>
    </Measure>
   </LocalValue>
   <Feature ID="24555">
    <Measure ID="29" Sign="">
     <Signs/>
    </Measure>
    <Name ID="2025750" langid="1" Value="How to use"/>
   </Feature>
  </ProductFeature>
  <ProductGallery>
   <ProductPicture IsMain="Y" LowPic="https://inishop.com/img/gallery_lows/5da1e86b8fce0d2224e12e6e01998794e1894295.jpg" LowPicHeight="144" LowPicWidth="200" LowSize="38144" No="1" Original="https://inishop.com/img/gallery_raw/f333d694380b8588b32d878065ff623b0d378ec4.png" OriginalSize="675767" Pic="https://inishop.com/img/gallery/b31a4eb9c91c920ca36a1af001fe397d632531ca.jpg" Pic500x500="https://inishop.com/img/gallery_mediums/4f3f5b7ea28154f6b2b60bfef6d24073ce62f2cd.jpg" Pic500x500Height="359" Pic500x500Size="185588" Pic500x500Width="500" PicHeight="780" PicWidth="1085" ProductPicture_ID="117114007" Size="679109" ThumbPic="https://inishop.com/img/gallery_thumbs/8ffd2d406f6e0c1414267441a22c9eea927bb984.jpg" ThumbSize="7930" Type="ProductImage" UpdatedDate="2025-09-09 15:19:49"/>
   <ProductPicture LowPic="https://inishop.com/img/gallery_lows/9d22fcc36b3d2d5702313c9443562fb4a5993b18.jpg" LowPicHeight="144" LowPicWidth="200" LowSize="36976" No="2" Original="https://inishop.com/img/gallery_raw/8bc19b3dd65c83942bbc169ba001fd2e6058288f.png" OriginalSize="613734" Pic="https://inishop.com/img/gallery/57f7886768e41cd0db837d0f9e1d7a3765db1aa5.jpg" Pic500x500="https://inishop.com/img/gallery_mediums/19e449044865e600a7ad0e95502e15ba2c25faa6.jpg" Pic500x500Height="360" Pic500x500Size="206448" Pic500x500Width="500" PicHeight="782" PicWidth="1085" ProductPicture_ID="117114008" Size="836654" ThumbPic="https://inishop.com/img/gallery_thumbs/cd3fc164e63941fd3262eab4782b4e3c5818aecc.jpg" ThumbSize="6774" Type="ProductImage" UpdatedDate="2025-09-09 15:19:55"/>
  </ProductGallery>
  <ProductMultimediaObject/>
  <ProductRelated/>
  <SummaryDescription>
   <ShortSummaryDescription langid="1">Bayer Claritin-D Tablets 12-Hour, Tablet</ShortSummaryDescription>
   <LongSummaryDescription langid="1">Bayer Claritin-D Tablets 12-Hour. Dosage form: Tablet, Suitable for: Adults &amp; Children, Minimum age: 12 yr(s)</LongSummaryDescription>
  </SummaryDescription>
  <Supplier ID="1870" Name="Bayer"/>
  <CatalogObjectCloud/>
  <BrandOrganizations/>
 </Product>
</ICECAT-interface>
