<?xml version="1.0" encoding="UTF-8"?>
<!DOCTYPE ICECAT-interface SYSTEM "https://data.icecat.biz/dtd/ICECAT-interface_response.dtd">
<!--source: Icecat.biz 2025-->
<!--Language ID: 1-->
<!--Version: v2-->
<ICECAT-interface xmlns:xsi="http://www.w3.org/2001/XMLSchema-instance" xsi:noNamespaceSchemaLocation="https://data.icecat.biz/xsd/ICECAT-interface_response.xsd">
 <Product Code="1" HighPic="https://inishop.com/img/gallery/a91248a9420d9aa33158f022d35aa2fb48092d99.jpg" HighPicHeight="783" HighPicSize="554433" HighPicWidth="745" ID="134704495" LowPic="https://inishop.com/img/gallery_lows/cbcae18b9f9ddc02df967b96ec8d1835d3eb18fd.jpg" LowPicHeight="200" LowPicSize="51827" LowPicWidth="190" Name="Children’s Claritin Chewables 24-Hour" IntName="Claritin" LocalName="Children’s Claritin Chewables 24-Hour" Pic500x500="https://inishop.com/img/gallery_mediums/5425a98b5172181e58c36410276f8f9bf75efd62.jpg" Pic500x500Height="500" Pic500x500Size="256037" Pic500x500Width="476" Prod_id="CLARITIN CHEWABLES" Quality="ICECAT" ReleaseDate="" ThumbPic="https://inishop.com/img/gallery_thumbs/38d3c0087b01de4048e511aa3d8f4a24df2b6d9b.jpg" ThumbPicSize="9713" Title="Bayer Children’s Claritin Chewables 24-Hour" GeneratedIntTitle="Bayer Claritin" GeneratedLocalTitle="Bayer Claritin Tablet" BrandLocalTitle="Bayer Children’s Claritin Chewables 24-Hour">
  <CategoryFeatureGroup ID="67146" No="0">
   <FeatureGroup ID="0">
    <Name ID="5073" langid="1" Value="Technical details"/>
   </FeatureGroup>
  </CategoryFeatureGroup>
  <CategoryFeatureGroup ID="17658" No="0">
   <FeatureGroup ID="14">
    <Name ID="5023" langid="1" Value="Weight &amp; dimensions"/>
   </FeatureGroup>
  </CategoryFeatureGroup>
  <CategoryFeatureGroup ID="18207" No="0">
   <FeatureGroup ID="67">
    <Name ID="27423" langid="1" Value="Packaging data"/>
   </FeatureGroup>
  </CategoryFeatureGroup>
  <CategoryFeatureGroup ID="42073" No="0">
   <FeatureGroup ID="76">
    <Name ID="28540" langid="1" Value="Certificates"/>
   </FeatureGroup>
  </CategoryFeatureGroup>
  <CategoryFeatureGroup ID="18206" No="0">
   <FeatureGroup ID="116">
    <Name ID="78852" langid="1" Value="Packaging content"/>
   </FeatureGroup>
  </CategoryFeatureGroup>
  <CategoryFeatureGroup ID="54117" No="0">
   <FeatureGroup ID="143">
    <Name ID="618812" langid="1" Value="Battery"/>
   </FeatureGroup>
  </CategoryFeatureGroup>
  <CategoryFeatureGroup ID="17656" No="5">
   <FeatureGroup ID="185">
    <Name ID="1219853" langid="1" Value="Features"/>
   </FeatureGroup>
  </CategoryFeatureGroup>
  <CategoryFeatureGroup ID="36314" No="0">
   <FeatureGroup ID="198">
    <Name ID="1788927" langid="1" Value="Logistics data"/>
   </FeatureGroup>
  </CategoryFeatureGroup>
  <CategoryFeatureGroup ID="60620" No="0">
   <FeatureGroup ID="232">
    <Name ID="3464238" langid="1" Value="Supplier features"/>
   </FeatureGroup>
  </CategoryFeatureGroup>
  <Category ID="4879">
   <Name ID="3731315" langid="1" Value="Antiallergic Drugs"/>
  </Category>
  <EANCode/>
  <ReleaseDate/>
  <EndOfLifeDate/>
  <ReasonsToBuy/>
  <BulletPoints>
   <BulletPoint Value="Children’s Claritin® provides 24-hour allergy relief of sneezing, runny nose, itchy, watery eyes, and itching of the nose or throat" langid="1" No="1"/>
   <BulletPoint Value="#1 Pediatrician recommended non-drowsy oral allergy brand" langid="1" No="2"/>
   <BulletPoint Value="For kids ages 2+" langid="1" No="3"/>
   <BulletPoint Value="Provides non-drowsy relief that lasts all day" langid="1" No="4"/>
   <BulletPoint Value="Available in grape and bubblegum flavors" langid="1" No="5"/>
   <BulletPoint Value="Kid-approved great taste" langid="1" No="6"/>
  </BulletPoints>
  <GeneratedBulletPoints/>
  <ProductBundled/>
  <ProductDescription ID="104052897" LongDesc="Children's Claritin® Chewables offer 24-hour non-drowsy allergy medicine for children in grape and bubblegum flavors. They provide all-day allergy relief for your child. Now dye free!&lt;br&gt;&lt;br&gt;" ManualPDFSize="0" ManualPDFURL="" MiddleDesc="" PDFSize="0" PDFURL="" ShortDesc="Children’s Claritin Chewables 24-Hour, 30 tablets" URL="https://www.claritin.com/products/childrens-claritin/chewables-24hr" WarrantyInfo="" langid="1"/>
  <ProductFeature Localized="0" ID="835288263" Local_ID="0" Value="Tablet (substance)" CategoryFeature_ID="162301" CategoryFeatureGroup_ID="17656" No="10100100" Optional="0" Presentation_Value="Tablet" Translated="1" Mandatory="1" Searchable="1">
   <LocalValue Value="Tablet">
    <Measure ID="29">
     <Signs/>
    </Measure>
   </LocalValue>
   <Feature ID="25712">
    <Measure ID="29" Sign="">
     <Signs/>
    </Measure>
    <Name ID="2169362" langid="1" Value="Dosage form"/>
   </Feature>
  </ProductFeature>
  <ProductFeature Localized="0" ID="835288276" Local_ID="0" Value="Adults &amp; Children" CategoryFeature_ID="162302" CategoryFeatureGroup_ID="17656" No="100095" Optional="0" Presentation_Value="Adults &amp; Children" Translated="1" Mandatory="0" Searchable="0">
   <LocalValue Value="Adults &amp; Children">
    <Measure ID="29">
     <Signs/>
    </Measure>
   </LocalValue>
   <Feature ID="9202">
    <Measure ID="29" Sign="">
     <Signs/>
    </Measure>
    <Name ID="765619" langid="1" Value="Suitable for"/>
   </Feature>
  </ProductFeature>
  <ProductFeature Localized="0" ID="835288274" Local_ID="0" Value="Grape,Bubblegum" CategoryFeature_ID="162304" CategoryFeatureGroup_ID="17656" No="100085" Optional="0" Presentation_Value="Grape, Bubblegum" Translated="1" Mandatory="0" Searchable="0">
   <LocalValue Value="Grape, Bubblegum">
    <Measure ID="29">
     <Signs/>
    </Measure>
   </LocalValue>
   <Feature ID="12019">
    <Measure ID="29" Sign="">
     <Signs/>
    </Measure>
    <Name ID="1085517" langid="1" Value="Flavour"/>
   </Feature>
  </ProductFeature>
  <ProductFeature Localized="0" ID="836150638" Local_ID="0" Value="24" CategoryFeature_ID="162305" CategoryFeatureGroup_ID="17656" No="100080" Optional="0" Presentation_Value="24 h" Translated="0" Mandatory="0" Searchable="0">
   <LocalValue Value="24">
    <Measure ID="46">
     <Signs>
      <Sign ID="30" langid="1"><![CDATA[h]]></Sign>
     </Signs>
    </Measure>
   </LocalValue>
   <Feature ID="19115">
    <Measure ID="46" Sign="">
     <Signs>
      <Sign ID="30" langid="1"><![CDATA[h]]></Sign>
     </Signs>
    </Measure>
    <Name ID="1430503" langid="1" Value="Effect duration"/>
   </Feature>
  </ProductFeature>
  <ProductFeature Localized="0" ID="835288270" Local_ID="0" Value="30" CategoryFeature_ID="167648" CategoryFeatureGroup_ID="17656" No="100050" Optional="0" Presentation_Value="30" Translated="0" Mandatory="0" Searchable="0">
   <LocalValue Value="30">
    <Measure ID="29">
     <Signs/>
    </Measure>
   </LocalValue>
   <Feature ID="21173">
    <Measure ID="29" Sign="">
     <Signs/>
    </Measure>
    <Name ID="1683251" langid="1" Value="Number of servings per pack"/>
   </Feature>
  </ProductFeature>
  <ProductFeature Localized="0" ID="835288289" Local_ID="0" Value="Y" CategoryFeature_ID="162306" CategoryFeatureGroup_ID="17656" No="100030" Optional="0" Presentation_Value="Yes" Translated="1" Mandatory="0" Searchable="0">
   <LocalValue Value="Yes">
    <Measure ID="26">
     <Signs/>
    </Measure>
   </LocalValue>
   <Feature ID="25715">
    <Measure ID="26" Sign="">
     <Signs/>
    </Measure>
    <Name ID="2169515" langid="1" Value="Non-drowsy"/>
   </Feature>
  </ProductFeature>
  <ProductFeature Localized="0" ID="836150639" Local_ID="0" Value="Y" CategoryFeature_ID="162310" CategoryFeatureGroup_ID="17656" No="100026" Optional="0" Presentation_Value="Yes" Translated="1" Mandatory="0" Searchable="0">
   <LocalValue Value="Yes">
    <Measure ID="26">
     <Signs/>
    </Measure>
   </LocalValue>
   <Feature ID="18071">
    <Measure ID="26" Sign="">
     <Signs/>
    </Measure>
    <Name ID="1366410" langid="1" Value="Long-lasting"/>
   </Feature>
  </ProductFeature>
  <ProductFeature Localized="0" ID="835288269" Local_ID="0" Value="1" CategoryFeature_ID="280319" CategoryFeatureGroup_ID="17656" No="100000" Optional="0" Presentation_Value="1 pc(s)" Translated="0" Mandatory="0" Searchable="0">
   <LocalValue Value="1">
    <Measure ID="144">
     <Signs>
      <Sign ID="125" langid="1"><![CDATA[pc(s)]]></Sign>
     </Signs>
    </Measure>
   </LocalValue>
   <Feature ID="20228">
    <Measure ID="144" Sign="">
     <Signs>
      <Sign ID="125" langid="1"><![CDATA[pc(s)]]></Sign>
     </Signs>
    </Measure>
    <Name ID="1498423" langid="1" Value="Quantity per pack"/>
   </Feature>
  </ProductFeature>
  <ProductFeature Localized="0" ID="835288279" Local_ID="554061194" Value="Loratadine" CategoryFeature_ID="162318" CategoryFeatureGroup_ID="17656" No="99999" Optional="0" Presentation_Value="Bubble Gum&#10;Aspartame, carmine, citric acid, colloidal silicon dioxide, flavor, magnesium stearate, mannitol, microcrystalline cellulose, sodium starch glycolate, stearic acid&#10;&#10;Grape&#10;Aspartame, citric acid anhydrous, colloidal silicon dioxide, flavor, magnesium stearate, mannitol, microcrystalline cellulose, sodium starch glycolate, stearic acid" Translated="1" Mandatory="0" Searchable="0">
   <LocalValue Value="Bubble Gum&#10;Aspartame, carmine, citric acid, colloidal silicon dioxide, flavor, magnesium stearate, mannitol, microcrystalline cellulose, sodium starch glycolate, stearic acid&#10;&#10;Grape&#10;Aspartame, citric acid anhydrous, colloidal silicon dioxide, flavor, magnesium stearate, mannitol, microcrystalline cellulose, sodium starch glycolate, stearic acid">
    <Measure ID="29">
     <Signs/>
    </Measure>
   </LocalValue>
   <Feature ID="16908">
    <Measure ID="29" Sign="">
     <Signs/>
    </Measure>
    <Name ID="1216897" langid="1" Value="Ingredients"/>
   </Feature>
  </ProductFeature>
  <ProductFeature Localized="1" ID="0" Local_ID="554062259" Value="" CategoryFeature_ID="162317" CategoryFeatureGroup_ID="17656" No="99998" Optional="0" Presentation_Value="Adults and children 6 years and over: Chew 2 tablets daily; not more than 2 chewable tablets in 24 hours&#10;Children 2 to under 6 years of age: Chew 1 chewable tablet daily; not more than 1 tablet in 24 hours" Translated="1" Mandatory="0" Searchable="0">
   <LocalValue Value="Adults and children 6 years and over: Chew 2 tablets daily; not more than 2 chewable tablets in 24 hours&#10;Children 2 to under 6 years of age: Chew 1 chewable tablet daily; not more than 1 tablet in 24 hours">
    <Measure ID="29">
     <Signs/>
    </Measure>
   </LocalValue>
   <Feature ID="24555">
    <Measure ID="29" Sign="">
     <Signs/>
    </Measure>
    <Name ID="2025750" langid="1" Value="How to use"/>
   </Feature>
  </ProductFeature>
  <ProductGallery>
   <ProductPicture IsMain="Y" LowPic="https://inishop.com/img/gallery_lows/cbcae18b9f9ddc02df967b96ec8d1835d3eb18fd.jpg" LowPicHeight="200" LowPicWidth="190" LowSize="51827" No="1" Original="https://inishop.com/img/gallery_raw/1ba2425c75395ef62699b61b8103097dfda173ef.png" OriginalSize="839664" Pic="https://inishop.com/img/gallery/a91248a9420d9aa33158f022d35aa2fb48092d99.jpg" Pic500x500="https://inishop.com/img/gallery_mediums/5425a98b5172181e58c36410276f8f9bf75efd62.jpg" Pic500x500Height="500" Pic500x500Size="256037" Pic500x500Width="476" PicHeight="783" PicWidth="745" ProductPicture_ID="117113997" Size="554433" ThumbPic="https://inishop.com/img/gallery_thumbs/38d3c0087b01de4048e511aa3d8f4a24df2b6d9b.jpg" ThumbSize="9713" Type="ProductImage" UpdatedDate="2025-09-09 15:17:41"/>
   <ProductPicture LowPic="https://inishop.com/img/gallery_lows/6b83a6f96a908e9b56fa1d9cc217a24c1453a191.jpg" LowPicHeight="200" LowPicWidth="190" LowSize="51967" No="2" Original="https://inishop.com/img/gallery_raw/72ac937224319db3ad4b04a588c0e3131c9291a3.png" OriginalSize="835061" Pic="https://inishop.com/img/gallery/3f5c65f8e4f1692fe9ee8b57d1fa89b0965c2d50.jpg" Pic500x500="https://inishop.com/img/gallery_mediums/536e1158d3c776a3be203d63654d3e9d56f5cf7c.jpg" Pic500x500Height="500" Pic500x500Size="251006" Pic500x500Width="474" PicHeight="783" PicWidth="742" ProductPicture_ID="117113999" Size="544523" ThumbPic="https://inishop.com/img/gallery_thumbs/2d2c3b00aa85a951fcb59b428e9b1396366de125.jpg" ThumbSize="9716" Type="ProductImage" UpdatedDate="2025-09-09 15:17:47"/>
   <ProductPicture LowPic="https://inishop.com/img/gallery_lows/4181866fa82dbb4c0f5346acdb65b2c82222e7ba.jpg" LowPicHeight="200" LowPicWidth="162" LowSize="39952" No="3" Original="https://inishop.com/img/gallery_raw/e3407412da70f6d40baffe247c10be22c1489543.png" OriginalSize="818364" Pic="https://inishop.com/img/gallery/17d895281369849e4f427b461587a8156775f090.jpg" Pic500x500="https://inishop.com/img/gallery_mediums/3949110b906ee175087bcfb52815a96eaf241d2e.jpg" Pic500x500Height="500" Pic500x500Size="223196" Pic500x500Width="404" PicHeight="1100" PicWidth="889" ProductPicture_ID="117114000" Size="861509" ThumbPic="https://inishop.com/img/gallery_thumbs/5647c5faa1d89dac54be21b1068fff73a3d89db9.jpg" ThumbSize="7217" Type="ProductImage" UpdatedDate="2025-09-09 15:17:52"/>
  </ProductGallery>
  <ProductMultimediaObject/>
  <ProductRelated/>
  <SummaryDescription>
   <ShortSummaryDescription langid="1">Bayer Children’s Claritin Chewables 24-Hour, Tablet, Grape, Bubblegum</ShortSummaryDescription>
   <LongSummaryDescription langid="1">Bayer Children’s Claritin Chewables 24-Hour. Dosage form: Tablet, Suitable for: Adults &amp; Children, Flavour: Grape, Bubblegum</LongSummaryDescription>
  </SummaryDescription>
  <Supplier ID="1870" Name="Bayer"/>
  <CatalogObjectCloud/>
  <BrandOrganizations/>
 </Product>
</ICECAT-interface>
