<?xml version="1.0" encoding="UTF-8"?>
<!DOCTYPE ICECAT-interface SYSTEM "https://data.icecat.biz/dtd/ICECAT-interface_response.dtd">
<!--source: Icecat.biz 2025-->
<!--Language ID: 1-->
<!--Version: v2-->
<ICECAT-interface xmlns:xsi="http://www.w3.org/2001/XMLSchema-instance" xsi:noNamespaceSchemaLocation="https://data.icecat.biz/xsd/ICECAT-interface_response.xsd">
 <Product Code="1" HighPic="https://inishop.com/img/gallery/ba1947ee474948f3a55a41bcc561ef24c755a435.jpg" HighPicHeight="787" HighPicSize="343439" HighPicWidth="666" ID="132608399" LowPic="https://inishop.com/img/gallery_lows/da409f5f3ef2be44392154feec5af441134e5cec.jpg" LowPicHeight="200" LowPicSize="24155" LowPicWidth="169" Name="13" IntName="13" LocalName="" Pic500x500="https://inishop.com/img/gallery_mediums/32e767298f3f24d4f058e4822b896203004e13c9.jpg" Pic500x500Height="500" Pic500x500Size="129344" Pic500x500Width="423" Prod_id="CPH2653" Quality="ICECAT" ReleaseDate="" ThumbPic="https://inishop.com/img/gallery_thumbs/fc14670f2d85edaa4bacc891c2142ed9dd2f3d29.jpg" ThumbPicSize="5056" Title="OnePlus 13 17.3 cm (6.82&quot;) Dual SIM Android 15 5G USB Type-C 16 GB 512 GB 6000 mAh Black" GeneratedIntTitle="OnePlus 13" GeneratedLocalTitle="OnePlus 13 17.3 cm (6.82&quot;) Dual SIM Android 15 5G USB Type-C 16 GB 512 GB 6000 mAh Black" BrandLocalTitle="">
  <CategoryFeatureGroup ID="11007" No="-100">
   <FeatureGroup ID="0">
    <Name ID="5073" langid="1" Value="Technical details"/>
   </FeatureGroup>
  </CategoryFeatureGroup>
  <CategoryFeatureGroup ID="6884" No="96">
   <FeatureGroup ID="1">
    <Name ID="1222500" langid="1" Value="Processor"/>
   </FeatureGroup>
  </CategoryFeatureGroup>
  <CategoryFeatureGroup ID="19936" No="94">
   <FeatureGroup ID="3">
    <Name ID="4863" langid="1" Value="Memory"/>
   </FeatureGroup>
  </CategoryFeatureGroup>
  <CategoryFeatureGroup ID="6883" No="100">
   <FeatureGroup ID="5">
    <Name ID="4867" langid="1" Value="Display"/>
   </FeatureGroup>
  </CategoryFeatureGroup>
  <CategoryFeatureGroup ID="6889" No="80">
   <FeatureGroup ID="12">
    <Name ID="4995" langid="1" Value="Ports &amp; interfaces"/>
   </FeatureGroup>
  </CategoryFeatureGroup>
  <CategoryFeatureGroup ID="6881" No="-1">
   <FeatureGroup ID="14">
    <Name ID="5023" langid="1" Value="Weight &amp; dimensions"/>
   </FeatureGroup>
  </CategoryFeatureGroup>
  <CategoryFeatureGroup ID="81108" No="0">
   <FeatureGroup ID="27">
    <Name ID="5049" langid="1" Value="Power"/>
   </FeatureGroup>
  </CategoryFeatureGroup>
  <CategoryFeatureGroup ID="6921" No="-10">
   <FeatureGroup ID="28">
    <Name ID="5067" langid="1" Value="Operational conditions"/>
   </FeatureGroup>
  </CategoryFeatureGroup>
  <CategoryFeatureGroup ID="7476" No="30">
   <FeatureGroup ID="31">
    <Name ID="5075" langid="1" Value="Keyboard"/>
   </FeatureGroup>
  </CategoryFeatureGroup>
  <CategoryFeatureGroup ID="82700" No="0">
   <FeatureGroup ID="32">
    <Name ID="5133" langid="1" Value="Endurance"/>
   </FeatureGroup>
  </CategoryFeatureGroup>
  <CategoryFeatureGroup ID="6890" No="84">
   <FeatureGroup ID="35">
    <Name ID="5167" langid="1" Value="Network"/>
   </FeatureGroup>
  </CategoryFeatureGroup>
  <CategoryFeatureGroup ID="32875" No="0">
   <FeatureGroup ID="45">
    <Name ID="5641" langid="1" Value="Video"/>
   </FeatureGroup>
  </CategoryFeatureGroup>
  <CategoryFeatureGroup ID="6887" No="92">
   <FeatureGroup ID="47">
    <Name ID="8858" langid="1" Value="Storage"/>
   </FeatureGroup>
  </CategoryFeatureGroup>
  <CategoryFeatureGroup ID="6919" No="75">
   <FeatureGroup ID="50">
    <Name ID="11136" langid="1" Value="Messaging"/>
   </FeatureGroup>
  </CategoryFeatureGroup>
  <CategoryFeatureGroup ID="11005" No="71">
   <FeatureGroup ID="54">
    <Name ID="11868" langid="1" Value="Navigation"/>
   </FeatureGroup>
  </CategoryFeatureGroup>
  <CategoryFeatureGroup ID="6936" No="-5">
   <FeatureGroup ID="76">
    <Name ID="28540" langid="1" Value="Certificates"/>
   </FeatureGroup>
  </CategoryFeatureGroup>
  <CategoryFeatureGroup ID="18401" No="20">
   <FeatureGroup ID="90">
    <Name ID="30562" langid="1" Value="Software"/>
   </FeatureGroup>
  </CategoryFeatureGroup>
  <CategoryFeatureGroup ID="6888" No="88">
   <FeatureGroup ID="95">
    <Name ID="31282" langid="1" Value="Camera"/>
   </FeatureGroup>
  </CategoryFeatureGroup>
  <CategoryFeatureGroup ID="18402" No="69">
   <FeatureGroup ID="96">
    <Name ID="31318" langid="1" Value="Ergonomics"/>
   </FeatureGroup>
  </CategoryFeatureGroup>
  <CategoryFeatureGroup ID="6933" No="-20">
   <FeatureGroup ID="116">
    <Name ID="78852" langid="1" Value="Packaging content"/>
   </FeatureGroup>
  </CategoryFeatureGroup>
  <CategoryFeatureGroup ID="6901" No="35">
   <FeatureGroup ID="118">
    <Name ID="80021" langid="1" Value="Call management"/>
   </FeatureGroup>
  </CategoryFeatureGroup>
  <CategoryFeatureGroup ID="11681" No="0">
   <FeatureGroup ID="121">
    <Name ID="92760" langid="1" Value="Tablet"/>
   </FeatureGroup>
  </CategoryFeatureGroup>
  <CategoryFeatureGroup ID="28385" No="25">
   <FeatureGroup ID="122">
    <Name ID="92777" langid="1" Value="Pen"/>
   </FeatureGroup>
  </CategoryFeatureGroup>
  <CategoryFeatureGroup ID="6892" No="5">
   <FeatureGroup ID="143">
    <Name ID="618812" langid="1" Value="Battery"/>
   </FeatureGroup>
  </CategoryFeatureGroup>
  <CategoryFeatureGroup ID="8176" No="-100">
   <FeatureGroup ID="146">
    <Name ID="624346" langid="1" Value="Other features"/>
   </FeatureGroup>
  </CategoryFeatureGroup>
  <CategoryFeatureGroup ID="11003" No="70">
   <FeatureGroup ID="148">
    <Name ID="630457" langid="1" Value="Design"/>
   </FeatureGroup>
  </CategoryFeatureGroup>
  <CategoryFeatureGroup ID="34102" No="0">
   <FeatureGroup ID="167">
    <Name ID="816871" langid="1" Value="Sensors"/>
   </FeatureGroup>
  </CategoryFeatureGroup>
  <CategoryFeatureGroup ID="25559" No="0">
   <FeatureGroup ID="175">
    <Name ID="1114797" langid="1" Value="Mobile network"/>
   </FeatureGroup>
  </CategoryFeatureGroup>
  <CategoryFeatureGroup ID="12476" No="10">
   <FeatureGroup ID="183">
    <Name ID="1210971" langid="1" Value="Processor special features"/>
   </FeatureGroup>
  </CategoryFeatureGroup>
  <CategoryFeatureGroup ID="11002" No="65">
   <FeatureGroup ID="184">
    <Name ID="1218765" langid="1" Value="Performance"/>
   </FeatureGroup>
  </CategoryFeatureGroup>
  <CategoryFeatureGroup ID="19219" No="-3">
   <FeatureGroup ID="185">
    <Name ID="1219853" langid="1" Value="Features"/>
   </FeatureGroup>
  </CategoryFeatureGroup>
  <CategoryFeatureGroup ID="11006" No="55">
   <FeatureGroup ID="186">
    <Name ID="1222838" langid="1" Value="Multimedia"/>
   </FeatureGroup>
  </CategoryFeatureGroup>
  <CategoryFeatureGroup ID="28227" No="-30">
   <FeatureGroup ID="198">
    <Name ID="1788927" langid="1" Value="Logistics data"/>
   </FeatureGroup>
  </CategoryFeatureGroup>
  <CategoryFeatureGroup ID="18408" No="83">
   <FeatureGroup ID="211">
    <Name ID="2316647" langid="1" Value="Subscription"/>
   </FeatureGroup>
  </CategoryFeatureGroup>
  <CategoryFeatureGroup ID="78402" No="0">
   <FeatureGroup ID="224">
    <Name ID="2786802" langid="1" Value="Safety warning"/>
   </FeatureGroup>
  </CategoryFeatureGroup>
  <CategoryFeatureGroup ID="64940" No="0">
   <FeatureGroup ID="232">
    <Name ID="3464238" langid="1" Value="Supplier features"/>
   </FeatureGroup>
  </CategoryFeatureGroup>
  <Category ID="1893">
   <Name ID="3728488" langid="1" Value="Smartphones"/>
  </Category>
  <EANCode EAN="6921815628033" Format="GTIN-13" IsApproved="1"/>
  <FeatureLogo ID="995" Feature_ID="2705" Value="A" LogoPic="https://inishop.com/img/feature_logo/995-4048.png" Width="300" Height="165" Size="0">
   <Descriptions>
    <Description ID="3742" langid="1">A means that the product is best rated in its category in terms of energy efficiency. The Energy Labeling system is based on EU Regulation 2017/1369/EU.</Description>
   </Descriptions>
   <FeatureLogoFeatures>
    <FeatureLogoFeature ID="2705">
     <FeatureLogoValues>
      <FeatureLogoValue ID="3225">A</FeatureLogoValue>
     </FeatureLogoValues>
    </FeatureLogoFeature>
   </FeatureLogoFeatures>
  </FeatureLogo>
  <FeatureLogo ID="1242" Feature_ID="1230" Value="N" LogoPic="https://inishop.com/img/feature_logo/1242-3899.png" Width="0" Height="0" Size="0">
   <Descriptions>
    <Description ID="5808" langid="1">DIRECTIVE (EU) 2022/2380 OF THE EUROPEAN PARLIAMENT AND OF THE COUNCIL of 23 November 2022 (Part III)</Description>
   </Descriptions>
   <FeatureLogoFeatures>
    <FeatureLogoFeature ID="1230">
     <FeatureLogoValues>
      <FeatureLogoValue ID="5865">N</FeatureLogoValue>
     </FeatureLogoValues>
    </FeatureLogoFeature>
   </FeatureLogoFeatures>
  </FeatureLogo>
  <ReleaseDate/>
  <EndOfLifeDate/>
  <ReasonsToBuy/>
  <BulletPoints/>
  <GeneratedBulletPoints>
   <GeneratedBulletPoint Value="17.3 cm (6.82&quot;) 3168 x 1440 pixels" langid="1" No="1"/>
   <GeneratedBulletPoint Value="Qualcomm Snapdragon 8 Elite" langid="1" No="2"/>
   <GeneratedBulletPoint Value="16 GB 512 GB" langid="1" No="3"/>
   <GeneratedBulletPoint Value="5G Dual SIM NanoSIM + eSIM" langid="1" No="4"/>
   <GeneratedBulletPoint Value="Wi-Fi 5 (802.11ac), Wi-Fi 6 (802.11ax), Wi-Fi 7 (802.11be) Bluetooth 5.4 Near Field Communication (NFC)" langid="1" No="5"/>
   <GeneratedBulletPoint Value="Triple camera 50 MP 50 MP 50 MP" langid="1" No="6"/>
   <GeneratedBulletPoint Value="6000 mAh Wireless charging" langid="1" No="7"/>
   <GeneratedBulletPoint Value="Android 15 OxygenOS" langid="1" No="8"/>
  </GeneratedBulletPoints>
  <ProductBundled/>
  <ProductDescription ID="103342162" LongDesc="&lt;b&gt;Extreme Performance&lt;br&gt;that endures&lt;/b&gt;&lt;br&gt;The new Snapdragon® 8 Elite Mobile Platform is the heart that powers the mind of OnePlus AI. With a faster Neural Engine, an improved CPU and GPU, and a big jump in memory bandwidth, your gaming, entertainment, and digital life has never been faster or smoother.&lt;br&gt;&lt;br&gt;&lt;b&gt;Ultra-slim OnePlus Silicon NanoStack Battery&lt;/b&gt;&lt;br&gt;All-new, ultra-slim design overflows with power.&lt;br&gt;Delivered by the latest in cutting-edge lithium-silicon technology.&lt;br&gt;&lt;br&gt;&lt;b&gt;All-day A++ Display&lt;/b&gt;&lt;br&gt;Witness the all-new, record-breaking 2K ProXDR Display. Achieving an industry-first DisplayMate A++ rating and rated the Best Smartphone Display, swipe into over 20 display performance records. Open your eyes to a new level of color accuracy, brightness and color depth.&lt;br&gt;&lt;br&gt;&lt;b&gt;Glide without limits&lt;/b&gt;&lt;br&gt;From rain to being in the shower to oily fingers, next-gen Aqua Touch 2.0 ensures every swipe flows smoothly. Together with the all-new Glove Mode, tap into unparalleled display responsiveness - indoors and out.&lt;br&gt;&lt;br&gt;&lt;b&gt;Effortlessly connected&lt;/b&gt;&lt;br&gt;We've covered every angle with omni-directional antennas and Smart Link, so you enjoy faster, smoother and more stable connectivity.&lt;br&gt;&lt;br&gt;&lt;b&gt;Speed Meets AI&lt;/b&gt;&lt;br&gt;Experience the power of all-new OnePlus AI. Search smarter, crank up your creativity, and power your productivity for a smoother digital life.&lt;br&gt;&lt;br&gt;&lt;b&gt;Intelligent Search&lt;/b&gt;&lt;br&gt;OnePlus AI intelligently understands information from on-device files and notes. Power your search using conversational, human-like prompts.&lt;br&gt;&lt;br&gt;&lt;b&gt;Make moments magical&lt;/b&gt;&lt;br&gt;Capture timeless moments with cutting-edge snapshot technology. Elevate them with Clear Burst, dual exposure and Action Mode. It's never been easier to snap crystal-clear images of blazing-fast cars, feisty pets, and even action sports.&lt;br&gt;&lt;br&gt;&lt;b&gt;Hasselblad perfection&lt;br&gt;in your pocket&lt;/b&gt;&lt;br&gt;5th-gen Hasselblad Camera for Mobile combines a flagship 50MP triple camera system, Portrait Mode and Master Mode for effortlessly iconic photography. Recreate the unique essence of Hasselblad in every shot.&lt;br&gt;&lt;br&gt;&lt;b&gt;Every moment is a masterclass&lt;/b&gt;&lt;br&gt;The upgraded Master Mode delivers authentic Hasselblad photography for moments that resonate.&lt;br&gt;&lt;br&gt;&lt;b&gt;All-around&lt;br&gt;epic 4K Dolby,&lt;br&gt;all the time&lt;/b&gt;&lt;br&gt;OnePlus 13 is the first OnePlus phone to capture 4K Dolby Vision video with every camera, including front and rear. Recreate treasured moments with family and friends, or transform videos to cinematic quality with Hollywood-grade technology. An innovative 4-MIC system ensures sensational studio-quality sound, with all-new directional Truepoint Audio creating an immersive soundscape.&lt;br&gt;&lt;br&gt;&lt;b&gt;Bring photos to life&lt;br&gt;with Livephoto&lt;/b&gt;&lt;br&gt;Record a moment, pick your favorite frame, and replay the magic for the most share-worthy memories.&lt;br&gt;&lt;br&gt;&lt;b&gt;Ceramic Guard&lt;/b&gt;&lt;br&gt;Protected with the latest Ceramic Guard, rated 2 times tougher than standard smartphone glass, enjoy peace of mind with higher drop and scratch resistance.&lt;br&gt;&lt;br&gt;&lt;b&gt;Comfort that&lt;br&gt;captivates&lt;/b&gt;&lt;br&gt;A quad-curved design and flat mid-frame blend to create an ultra-light body. Elegant ergonomics deliver a design crafted for luxurious comfort in any orientation." ManualPDFSize="0" ManualPDFURL="" MiddleDesc="" PDFSize="0" PDFURL="" ShortDesc="6.82&quot;, 3168x1440, Snapdragon 8 Elite, 16GB RAM, 512GB ROM, 50MP+50MP+50MP/32MP, 5G, Wi-Fi 7, Bluetooth 5.4, NFC, 6000 mAh" URL="https://www.oneplus.com/global/13" WarrantyInfo="" langid="1"/>
  <ProductFeature Localized="0" ID="820838693" Local_ID="0" Value="6.82" CategoryFeature_ID="51494" CategoryFeatureGroup_ID="6883" No="10100500" Optional="0" Presentation_Value="17.3 cm (6.82&quot;)" Translated="0" Mandatory="1" Searchable="1">
   <LocalValue Value="17.3">
    <Measure ID="34">
     <Signs>
      <Sign ID="18" langid="1"><![CDATA[cm]]></Sign>
     </Signs>
    </Measure>
   </LocalValue>
   <Feature ID="944">
    <Measure ID="16" Sign="">
     <Signs>
      <Sign ID="11" langid="1"><![CDATA["]]></Sign>
     </Signs>
    </Measure>
    <Name ID="3429" langid="1" Value="Display diagonal"/>
   </Feature>
  </ProductFeature>
  <ProductFeature Localized="0" ID="820838700" Local_ID="0" Value="3168 x 1440" CategoryFeature_ID="51495" CategoryFeatureGroup_ID="6883" No="10100026" Optional="0" Presentation_Value="3168 x 1440 pixels" Translated="0" Mandatory="1" Searchable="1">
   <LocalValue Value="3168 x 1440">
    <Measure ID="39">
     <Signs>
      <Sign ID="23" langid="1"><![CDATA[pixels]]></Sign>
     </Signs>
    </Measure>
   </LocalValue>
   <Feature ID="1585">
    <Measure ID="39" Sign="">
     <Signs>
      <Sign ID="23" langid="1"><![CDATA[pixels]]></Sign>
     </Signs>
    </Measure>
    <Name ID="4927" langid="1" Value="Display resolution"/>
   </Feature>
  </ProductFeature>
  <ProductFeature Localized="0" ID="820838752" Local_ID="0" Value="Flat screen" CategoryFeature_ID="166023" CategoryFeatureGroup_ID="6883" No="100032" Optional="0" Presentation_Value="Flat" Translated="1" Mandatory="0" Searchable="0">
   <LocalValue Value="Flat">
    <Measure ID="29">
     <Signs/>
    </Measure>
   </LocalValue>
   <Feature ID="17554">
    <Measure ID="29" Sign="">
     <Signs/>
    </Measure>
    <Name ID="1247341" langid="1" Value="Screen shape"/>
   </Feature>
  </ProductFeature>
  <ProductFeature Localized="0" ID="820838698" Local_ID="0" Value="10" CategoryFeature_ID="967753" CategoryFeatureGroup_ID="6883" No="100024" Optional="0" Presentation_Value="10 bit" Translated="0" Mandatory="0" Searchable="0">
   <LocalValue Value="10">
    <Measure ID="50">
     <Signs>
      <Sign ID="34" langid="1"><![CDATA[bit]]></Sign>
     </Signs>
    </Measure>
   </LocalValue>
   <Feature ID="1550">
    <Measure ID="50" Sign="">
     <Signs>
      <Sign ID="34" langid="1"><![CDATA[bit]]></Sign>
     </Signs>
    </Measure>
    <Name ID="4821" langid="1" Value="Colour depth"/>
   </Feature>
  </ProductFeature>
  <ProductFeature Localized="0" ID="820838742" Local_ID="0" Value="19.8:9" CategoryFeature_ID="684445" CategoryFeatureGroup_ID="6883" No="100023" Optional="0" Presentation_Value="19.8:9" Translated="0" Mandatory="0" Searchable="0">
   <LocalValue Value="19.8:9">
    <Measure ID="29">
     <Signs/>
    </Measure>
   </LocalValue>
   <Feature ID="11417">
    <Measure ID="29" Sign="">
     <Signs/>
    </Measure>
    <Name ID="1045266" langid="1" Value="Native aspect ratio"/>
   </Feature>
  </ProductFeature>
  <ProductFeature Localized="0" ID="820838725" Local_ID="0" Value="120" CategoryFeature_ID="329450" CategoryFeatureGroup_ID="6883" No="100021" Optional="0" Presentation_Value="120 Hz" Translated="0" Mandatory="0" Searchable="0">
   <LocalValue Value="120">
    <Measure ID="36">
     <Signs>
      <Sign ID="20" langid="1"><![CDATA[Hz]]></Sign>
     </Signs>
    </Measure>
   </LocalValue>
   <Feature ID="7450">
    <Measure ID="36" Sign="">
     <Signs>
      <Sign ID="20" langid="1"><![CDATA[Hz]]></Sign>
     </Signs>
    </Measure>
    <Name ID="559818" langid="1" Value="Maximum refresh rate"/>
   </Feature>
  </ProductFeature>
  <ProductFeature Localized="0" ID="820838696" Local_ID="0" Value="1600" CategoryFeature_ID="51677" CategoryFeatureGroup_ID="6883" No="100020" Optional="0" Presentation_Value="1600 cd/m²" Translated="0" Mandatory="0" Searchable="0">
   <LocalValue Value="1600">
    <Measure ID="43">
     <Signs>
      <Sign ID="27" langid="1"><![CDATA[cd/m²]]></Sign>
     </Signs>
    </Measure>
   </LocalValue>
   <Feature ID="1389">
    <Measure ID="43" Sign="">
     <Signs>
      <Sign ID="27" langid="1"><![CDATA[cd/m²]]></Sign>
     </Signs>
    </Measure>
    <Name ID="4319" langid="1" Value="Display brightness"/>
   </Feature>
  </ProductFeature>
  <ProductFeature Localized="0" ID="820838775" Local_ID="0" Value="Y" CategoryFeature_ID="317062" CategoryFeatureGroup_ID="6883" No="100011" Optional="0" Presentation_Value="Yes" Translated="1" Mandatory="0" Searchable="0">
   <LocalValue Value="Yes">
    <Measure ID="26">
     <Signs/>
    </Measure>
   </LocalValue>
   <Feature ID="36310">
    <Measure ID="26" Sign="">
     <Signs/>
    </Measure>
    <Name ID="4111848" langid="1" Value="High Dynamic Range (HDR) supported"/>
   </Feature>
  </ProductFeature>
  <ProductFeature Localized="0" ID="820838792" Local_ID="0" Value="Dolby Vision,High Dynamic Range 10+ (HDR10 Plus)" CategoryFeature_ID="333210" CategoryFeatureGroup_ID="6883" No="100010" Optional="0" Presentation_Value="Dolby Vision, High Dynamic Range 10+ (HDR10 Plus)" Translated="0" Mandatory="0" Searchable="0">
   <LocalValue Value="Dolby Vision, High Dynamic Range 10+ (HDR10 Plus)">
    <Measure ID="29">
     <Signs/>
    </Measure>
   </LocalValue>
   <Feature ID="40712">
    <Measure ID="29" Sign="">
     <Signs/>
    </Measure>
    <Name ID="6137533" langid="1" Value="High Dynamic Range (HDR) technology"/>
   </Feature>
  </ProductFeature>
  <ProductFeature Localized="0" ID="820838747" Local_ID="0" Value="510" CategoryFeature_ID="103274" CategoryFeatureGroup_ID="6883" No="100000" Optional="0" Presentation_Value="510 ppi" Translated="0" Mandatory="0" Searchable="0">
   <LocalValue Value="510">
    <Measure ID="243">
     <Signs>
      <Sign ID="14247" langid="1"><![CDATA[ppi]]></Sign>
     </Signs>
    </Measure>
   </LocalValue>
   <Feature ID="13246">
    <Measure ID="243" Sign="">
     <Signs>
      <Sign ID="14247" langid="1"><![CDATA[ppi]]></Sign>
     </Signs>
    </Measure>
    <Name ID="1097254" langid="1" Value="Pixel density"/>
   </Feature>
  </ProductFeature>
  <ProductFeature Localized="0" ID="820838709" Local_ID="0" Value="Qualcomm Snapdragon" CategoryFeature_ID="101566" CategoryFeatureGroup_ID="6884" No="1105020" Optional="0" Presentation_Value="Qualcomm Snapdragon" Translated="0" Mandatory="1" Searchable="0">
   <LocalValue Value="Qualcomm Snapdragon">
    <Measure ID="29">
     <Signs/>
    </Measure>
   </LocalValue>
   <Feature ID="2196">
    <Measure ID="29" Sign="">
     <Signs/>
    </Measure>
    <Name ID="11271" langid="1" Value="Processor family"/>
   </Feature>
  </ProductFeature>
  <ProductFeature Localized="0" ID="820838684" Local_ID="0" Value="8 Elite" CategoryFeature_ID="51651" CategoryFeatureGroup_ID="6884" No="1105010" Optional="0" Presentation_Value="8 Elite" Translated="0" Mandatory="1" Searchable="0">
   <LocalValue Value="8 Elite">
    <Measure ID="29">
     <Signs/>
    </Measure>
   </LocalValue>
   <Feature ID="47">
    <Measure ID="29" Sign="">
     <Signs/>
    </Measure>
    <Name ID="1431" langid="1" Value="Processor model"/>
   </Feature>
  </ProductFeature>
  <ProductFeature Localized="0" ID="820838729" Local_ID="0" Value="4.32" CategoryFeature_ID="142925" CategoryFeatureGroup_ID="6884" No="100290" Optional="0" Presentation_Value="4.32 GHz" Translated="0" Mandatory="0" Searchable="0">
   <LocalValue Value="4.32">
    <Measure ID="37">
     <Signs>
      <Sign ID="21" langid="1"><![CDATA[GHz]]></Sign>
     </Signs>
    </Measure>
   </LocalValue>
   <Feature ID="7978">
    <Measure ID="37" Sign="">
     <Signs>
      <Sign ID="21" langid="1"><![CDATA[GHz]]></Sign>
     </Signs>
    </Measure>
    <Name ID="617138" langid="1" Value="Processor boost frequency"/>
   </Feature>
  </ProductFeature>
  <ProductFeature Localized="0" ID="820838727" Local_ID="0" Value="16" CategoryFeature_ID="180947" CategoryFeatureGroup_ID="6887" No="10100040" Optional="0" Presentation_Value="16 GB" Translated="0" Mandatory="1" Searchable="1">
   <LocalValue Value="16">
    <Measure ID="20">
     <Signs>
      <Sign ID="7" langid="1"><![CDATA[GB]]></Sign>
     </Signs>
    </Measure>
   </LocalValue>
   <Feature ID="7861">
    <Measure ID="20" Sign="">
     <Signs>
      <Sign ID="7" langid="1"><![CDATA[GB]]></Sign>
     </Signs>
    </Measure>
    <Name ID="608573" langid="1" Value="RAM capacity"/>
   </Feature>
  </ProductFeature>
  <ProductFeature Localized="0" ID="820838735" Local_ID="0" Value="512" CategoryFeature_ID="51697" CategoryFeatureGroup_ID="6887" No="10100038" Optional="0" Presentation_Value="512 GB" Translated="0" Mandatory="1" Searchable="1">
   <LocalValue Value="512">
    <Measure ID="20">
     <Signs>
      <Sign ID="7" langid="1"><![CDATA[GB]]></Sign>
     </Signs>
    </Measure>
   </LocalValue>
   <Feature ID="8730">
    <Measure ID="20" Sign="">
     <Signs>
      <Sign ID="7" langid="1"><![CDATA[GB]]></Sign>
     </Signs>
    </Measure>
    <Name ID="734192" langid="1" Value="Internal storage capacity"/>
   </Feature>
  </ProductFeature>
  <ProductFeature Localized="0" ID="820838746" Local_ID="0" Value="LPDDR5X" CategoryFeature_ID="125427" CategoryFeatureGroup_ID="6887" No="100039" Optional="0" Presentation_Value="LPDDR5X" Translated="0" Mandatory="0" Searchable="0">
   <LocalValue Value="LPDDR5X">
    <Measure ID="29">
     <Signs/>
    </Measure>
   </LocalValue>
   <Feature ID="12991">
    <Measure ID="29" Sign="">
     <Signs/>
    </Measure>
    <Name ID="1095884" langid="1" Value="RAM type"/>
   </Feature>
  </ProductFeature>
  <ProductFeature Localized="0" ID="820838759" Local_ID="0" Value="Triple camera" CategoryFeature_ID="175569" CategoryFeatureGroup_ID="6888" No="10100200" Optional="0" Presentation_Value="Triple camera" Translated="1" Mandatory="1" Searchable="1">
   <LocalValue Value="Triple camera">
    <Measure ID="29">
     <Signs/>
    </Measure>
   </LocalValue>
   <Feature ID="27587">
    <Measure ID="29" Sign="">
     <Signs/>
    </Measure>
    <Name ID="2433206" langid="1" Value="Rear camera type"/>
   </Feature>
  </ProductFeature>
  <ProductFeature Localized="0" ID="820838744" Local_ID="0" Value="50" CategoryFeature_ID="175570" CategoryFeatureGroup_ID="6888" No="110500" Optional="0" Presentation_Value="50 MP" Translated="0" Mandatory="1" Searchable="0">
   <LocalValue Value="50">
    <Measure ID="165">
     <Signs>
      <Sign ID="3126" langid="1"><![CDATA[MP]]></Sign>
     </Signs>
    </Measure>
   </LocalValue>
   <Feature ID="12435">
    <Measure ID="165" Sign="">
     <Signs>
      <Sign ID="3126" langid="1"><![CDATA[MP]]></Sign>
     </Signs>
    </Measure>
    <Name ID="1089247" langid="1" Value="Rear camera resolution (numeric)"/>
   </Feature>
  </ProductFeature>
  <ProductFeature Localized="0" ID="820838767" Local_ID="0" Value="Single camera" CategoryFeature_ID="222716" CategoryFeatureGroup_ID="6888" No="110300" Optional="0" Presentation_Value="Single camera" Translated="1" Mandatory="1" Searchable="0">
   <LocalValue Value="Single camera">
    <Measure ID="29">
     <Signs/>
    </Measure>
   </LocalValue>
   <Feature ID="33562">
    <Measure ID="29" Sign="">
     <Signs/>
    </Measure>
    <Name ID="3407684" langid="1" Value="Front camera type"/>
   </Feature>
  </ProductFeature>
  <ProductFeature Localized="0" ID="820838745" Local_ID="0" Value="32" CategoryFeature_ID="175580" CategoryFeatureGroup_ID="6888" No="110297" Optional="0" Presentation_Value="32 MP" Translated="0" Mandatory="1" Searchable="0">
   <LocalValue Value="32">
    <Measure ID="165">
     <Signs>
      <Sign ID="3126" langid="1"><![CDATA[MP]]></Sign>
     </Signs>
    </Measure>
   </LocalValue>
   <Feature ID="12437">
    <Measure ID="165" Sign="">
     <Signs>
      <Sign ID="3126" langid="1"><![CDATA[MP]]></Sign>
     </Signs>
    </Measure>
    <Name ID="1089335" langid="1" Value="Front camera resolution (numeric)"/>
   </Feature>
  </ProductFeature>
  <ProductFeature Localized="0" ID="820838776" Local_ID="0" Value="Y" CategoryFeature_ID="257040" CategoryFeatureGroup_ID="6888" No="110200" Optional="0" Presentation_Value="Yes" Translated="1" Mandatory="1" Searchable="0">
   <LocalValue Value="Yes">
    <Measure ID="26">
     <Signs/>
    </Measure>
   </LocalValue>
   <Feature ID="36602">
    <Measure ID="26" Sign="">
     <Signs/>
    </Measure>
    <Name ID="4349138" langid="1" Value="Rear camera flash"/>
   </Feature>
  </ProductFeature>
  <ProductFeature Localized="0" ID="820838783" Local_ID="0" Value="1/1.4" CategoryFeature_ID="259227" CategoryFeatureGroup_ID="6888" No="10100046" Optional="0" Presentation_Value="1/1.4&quot;" Translated="0" Mandatory="0" Searchable="0">
   <LocalValue Value="1/1.4">
    <Measure ID="16">
     <Signs>
      <Sign ID="11" langid="1"><![CDATA["]]></Sign>
     </Signs>
    </Measure>
   </LocalValue>
   <Feature ID="36920">
    <Measure ID="16" Sign="">
     <Signs>
      <Sign ID="11" langid="1"><![CDATA["]]></Sign>
     </Signs>
    </Measure>
    <Name ID="4407634" langid="1" Value="Rear camera sensor size"/>
   </Feature>
  </ProductFeature>
  <ProductFeature Localized="0" ID="820838784" Local_ID="0" Value="1/1.95" CategoryFeature_ID="259228" CategoryFeatureGroup_ID="6888" No="10100046" Optional="0" Presentation_Value="1/1.95&quot;" Translated="0" Mandatory="0" Searchable="0">
   <LocalValue Value="1/1.95">
    <Measure ID="16">
     <Signs>
      <Sign ID="11" langid="1"><![CDATA["]]></Sign>
     </Signs>
    </Measure>
   </LocalValue>
   <Feature ID="36921">
    <Measure ID="16" Sign="">
     <Signs>
      <Sign ID="11" langid="1"><![CDATA["]]></Sign>
     </Signs>
    </Measure>
    <Name ID="4407688" langid="1" Value="Second rear camera sensor size"/>
   </Feature>
  </ProductFeature>
  <ProductFeature Localized="0" ID="820838796" Local_ID="0" Value="1/2.75" CategoryFeature_ID="594850" CategoryFeatureGroup_ID="6888" No="10100045" Optional="0" Presentation_Value="1/2.75&quot;" Translated="0" Mandatory="0" Searchable="0">
   <LocalValue Value="1/2.75">
    <Measure ID="16">
     <Signs>
      <Sign ID="11" langid="1"><![CDATA["]]></Sign>
     </Signs>
    </Measure>
   </LocalValue>
   <Feature ID="42366">
    <Measure ID="16" Sign="">
     <Signs>
      <Sign ID="11" langid="1"><![CDATA["]]></Sign>
     </Signs>
    </Measure>
    <Name ID="6826063" langid="1" Value="Third rear camera sensor size"/>
   </Feature>
  </ProductFeature>
  <ProductFeature Localized="0" ID="820838760" Local_ID="0" Value="50" CategoryFeature_ID="175584" CategoryFeatureGroup_ID="6888" No="110495" Optional="0" Presentation_Value="50 MP" Translated="0" Mandatory="0" Searchable="0">
   <LocalValue Value="50">
    <Measure ID="165">
     <Signs>
      <Sign ID="3126" langid="1"><![CDATA[MP]]></Sign>
     </Signs>
    </Measure>
   </LocalValue>
   <Feature ID="27588">
    <Measure ID="165" Sign="">
     <Signs>
      <Sign ID="3126" langid="1"><![CDATA[MP]]></Sign>
     </Signs>
    </Measure>
    <Name ID="2433257" langid="1" Value="Second rear camera resolution (numeric)"/>
   </Feature>
  </ProductFeature>
  <ProductFeature Localized="0" ID="820838773" Local_ID="0" Value="50" CategoryFeature_ID="249788" CategoryFeatureGroup_ID="6888" No="110490" Optional="0" Presentation_Value="50 MP" Translated="0" Mandatory="0" Searchable="0">
   <LocalValue Value="50">
    <Measure ID="165">
     <Signs>
      <Sign ID="3126" langid="1"><![CDATA[MP]]></Sign>
     </Signs>
    </Measure>
   </LocalValue>
   <Feature ID="35935">
    <Measure ID="165" Sign="">
     <Signs>
      <Sign ID="3126" langid="1"><![CDATA[MP]]></Sign>
     </Signs>
    </Measure>
    <Name ID="4062398" langid="1" Value="Third rear camera resolution (numeric)"/>
   </Feature>
  </ProductFeature>
  <ProductFeature Localized="0" ID="820838761" Local_ID="0" Value="1.6" CategoryFeature_ID="175601" CategoryFeatureGroup_ID="6888" No="110470" Optional="0" Presentation_Value="1.6" Translated="0" Mandatory="0" Searchable="0">
   <LocalValue Value="1.6">
    <Measure ID="29">
     <Signs/>
    </Measure>
   </LocalValue>
   <Feature ID="27597">
    <Measure ID="29" Sign="">
     <Signs/>
    </Measure>
    <Name ID="2433722" langid="1" Value="Rear camera aperture number"/>
   </Feature>
  </ProductFeature>
  <ProductFeature Localized="0" ID="820838762" Local_ID="0" Value="2.6" CategoryFeature_ID="175602" CategoryFeatureGroup_ID="6888" No="110460" Optional="0" Presentation_Value="2.6" Translated="0" Mandatory="0" Searchable="0">
   <LocalValue Value="2.6">
    <Measure ID="29">
     <Signs/>
    </Measure>
   </LocalValue>
   <Feature ID="27598">
    <Measure ID="29" Sign="">
     <Signs/>
    </Measure>
    <Name ID="2433773" langid="1" Value="Second rear camera aperture number"/>
   </Feature>
  </ProductFeature>
  <ProductFeature Localized="0" ID="820838774" Local_ID="0" Value="2" CategoryFeature_ID="249789" CategoryFeatureGroup_ID="6888" No="110455" Optional="0" Presentation_Value="2" Translated="0" Mandatory="0" Searchable="0">
   <LocalValue Value="2">
    <Measure ID="29">
     <Signs/>
    </Measure>
   </LocalValue>
   <Feature ID="35936">
    <Measure ID="29" Sign="">
     <Signs/>
    </Measure>
    <Name ID="4062452" langid="1" Value="Third rear camera aperture number"/>
   </Feature>
  </ProductFeature>
  <ProductFeature Localized="0" ID="820838777" Local_ID="0" Value="1.12" CategoryFeature_ID="259219" CategoryFeatureGroup_ID="6888" No="110430" Optional="0" Presentation_Value="1.12 µm" Translated="0" Mandatory="0" Searchable="0">
   <LocalValue Value="1.12">
    <Measure ID="70">
     <Signs>
      <Sign ID="53" langid="1"><![CDATA[µm]]></Sign>
     </Signs>
    </Measure>
   </LocalValue>
   <Feature ID="36910">
    <Measure ID="70" Sign="">
     <Signs>
      <Sign ID="53" langid="1"><![CDATA[µm]]></Sign>
     </Signs>
    </Measure>
    <Name ID="4407094" langid="1" Value="Rear camera pixel size"/>
   </Feature>
  </ProductFeature>
  <ProductFeature Localized="0" ID="820838778" Local_ID="0" Value="0.8" CategoryFeature_ID="259220" CategoryFeatureGroup_ID="6888" No="110429" Optional="0" Presentation_Value="0.8 µm" Translated="0" Mandatory="0" Searchable="0">
   <LocalValue Value="0.8">
    <Measure ID="70">
     <Signs>
      <Sign ID="53" langid="1"><![CDATA[µm]]></Sign>
     </Signs>
    </Measure>
   </LocalValue>
   <Feature ID="36911">
    <Measure ID="70" Sign="">
     <Signs>
      <Sign ID="53" langid="1"><![CDATA[µm]]></Sign>
     </Signs>
    </Measure>
    <Name ID="4407148" langid="1" Value="Second rear camera pixel size"/>
   </Feature>
  </ProductFeature>
  <ProductFeature Localized="0" ID="820838788" Local_ID="0" Value="0.64" CategoryFeature_ID="309398" CategoryFeatureGroup_ID="6888" No="110428" Optional="0" Presentation_Value="0.64 µm" Translated="0" Mandatory="0" Searchable="0">
   <LocalValue Value="0.64">
    <Measure ID="70">
     <Signs>
      <Sign ID="53" langid="1"><![CDATA[µm]]></Sign>
     </Signs>
    </Measure>
   </LocalValue>
   <Feature ID="38691">
    <Measure ID="70" Sign="">
     <Signs>
      <Sign ID="53" langid="1"><![CDATA[µm]]></Sign>
     </Signs>
    </Measure>
    <Name ID="5386659" langid="1" Value="Third rear camera pixel size"/>
   </Feature>
  </ProductFeature>
  <ProductFeature Localized="0" ID="820838780" Local_ID="0" Value="85" CategoryFeature_ID="259225" CategoryFeatureGroup_ID="6888" No="110405" Optional="0" Presentation_Value="85°" Translated="0" Mandatory="0" Searchable="0">
   <LocalValue Value="85">
    <Measure ID="32">
     <Signs>
      <Sign ID="16" langid="1"><![CDATA[°]]></Sign>
     </Signs>
    </Measure>
   </LocalValue>
   <Feature ID="36916">
    <Measure ID="32" Sign="">
     <Signs>
      <Sign ID="16" langid="1"><![CDATA[°]]></Sign>
     </Signs>
    </Measure>
    <Name ID="4407418" langid="1" Value="Rear camera field of view (FOV) angle"/>
   </Feature>
  </ProductFeature>
  <ProductFeature Localized="0" ID="820838781" Local_ID="0" Value="32.8" CategoryFeature_ID="259226" CategoryFeatureGroup_ID="6888" No="110404" Optional="0" Presentation_Value="32.8°" Translated="0" Mandatory="0" Searchable="0">
   <LocalValue Value="32.8">
    <Measure ID="32">
     <Signs>
      <Sign ID="16" langid="1"><![CDATA[°]]></Sign>
     </Signs>
    </Measure>
   </LocalValue>
   <Feature ID="36917">
    <Measure ID="32" Sign="">
     <Signs>
      <Sign ID="16" langid="1"><![CDATA[°]]></Sign>
     </Signs>
    </Measure>
    <Name ID="4407472" langid="1" Value="Second rear camera field of view (FOV) angle"/>
   </Feature>
  </ProductFeature>
  <ProductFeature Localized="0" ID="820838787" Local_ID="0" Value="120" CategoryFeature_ID="302246" CategoryFeatureGroup_ID="6888" No="110403" Optional="0" Presentation_Value="120°" Translated="0" Mandatory="0" Searchable="0">
   <LocalValue Value="120">
    <Measure ID="32">
     <Signs>
      <Sign ID="16" langid="1"><![CDATA[°]]></Sign>
     </Signs>
    </Measure>
   </LocalValue>
   <Feature ID="38334">
    <Measure ID="32" Sign="">
     <Signs>
      <Sign ID="16" langid="1"><![CDATA[°]]></Sign>
     </Signs>
    </Measure>
    <Name ID="5267280" langid="1" Value="Third rear camera field of view (FOV) angle"/>
   </Feature>
  </ProductFeature>
  <ProductFeature Localized="0" ID="820838797" Local_ID="0" Value="23" CategoryFeature_ID="595157" CategoryFeatureGroup_ID="6888" No="110402" Optional="0" Presentation_Value="2.3 cm" Translated="0" Mandatory="0" Searchable="0">
   <LocalValue Value="2.3">
    <Measure ID="34">
     <Signs>
      <Sign ID="18" langid="1"><![CDATA[cm]]></Sign>
     </Signs>
    </Measure>
   </LocalValue>
   <Feature ID="42437">
    <Measure ID="24" Sign="">
     <Signs>
      <Sign ID="3" langid="1"><![CDATA[mm]]></Sign>
     </Signs>
    </Measure>
    <Name ID="6860434" langid="1" Value="Rear camera focal length"/>
   </Feature>
  </ProductFeature>
  <ProductFeature Localized="0" ID="820838798" Local_ID="0" Value="73" CategoryFeature_ID="595158" CategoryFeatureGroup_ID="6888" No="110401" Optional="0" Presentation_Value="7.3 cm" Translated="0" Mandatory="0" Searchable="0">
   <LocalValue Value="7.3">
    <Measure ID="34">
     <Signs>
      <Sign ID="18" langid="1"><![CDATA[cm]]></Sign>
     </Signs>
    </Measure>
   </LocalValue>
   <Feature ID="42438">
    <Measure ID="24" Sign="">
     <Signs>
      <Sign ID="3" langid="1"><![CDATA[mm]]></Sign>
     </Signs>
    </Measure>
    <Name ID="6860500" langid="1" Value="Second rear camera focal length"/>
   </Feature>
  </ProductFeature>
  <ProductFeature Localized="0" ID="820838799" Local_ID="0" Value="15" CategoryFeature_ID="595159" CategoryFeatureGroup_ID="6888" No="110400" Optional="0" Presentation_Value="1.5 cm" Translated="0" Mandatory="0" Searchable="0">
   <LocalValue Value="1.5">
    <Measure ID="34">
     <Signs>
      <Sign ID="18" langid="1"><![CDATA[cm]]></Sign>
     </Signs>
    </Measure>
   </LocalValue>
   <Feature ID="42439">
    <Measure ID="24" Sign="">
     <Signs>
      <Sign ID="3" langid="1"><![CDATA[mm]]></Sign>
     </Signs>
    </Measure>
    <Name ID="6860566" langid="1" Value="Third rear camera focal length"/>
   </Feature>
  </ProductFeature>
  <ProductFeature Localized="0" ID="820838801" Local_ID="0" Value="7-element lens" CategoryFeature_ID="595161" CategoryFeatureGroup_ID="6888" No="110399" Optional="0" Presentation_Value="7-element lens" Translated="1" Mandatory="0" Searchable="0">
   <LocalValue Value="7-element lens">
    <Measure ID="29">
     <Signs/>
    </Measure>
   </LocalValue>
   <Feature ID="42442">
    <Measure ID="29" Sign="">
     <Signs/>
    </Measure>
    <Name ID="6860764" langid="1" Value="Rear camera lens elements"/>
   </Feature>
  </ProductFeature>
  <ProductFeature Localized="0" ID="820838800" Local_ID="0" Value="6-element lens" CategoryFeature_ID="803830" CategoryFeatureGroup_ID="6888" No="110397" Optional="0" Presentation_Value="6-element lens" Translated="1" Mandatory="0" Searchable="0">
   <LocalValue Value="6-element lens">
    <Measure ID="29">
     <Signs/>
    </Measure>
   </LocalValue>
   <Feature ID="42440">
    <Measure ID="29" Sign="">
     <Signs/>
    </Measure>
    <Name ID="6860632" langid="1" Value="Third rear camera lens elements"/>
   </Feature>
  </ProductFeature>
  <ProductFeature Localized="0" ID="820838803" Local_ID="0" Value="5-element lens" CategoryFeature_ID="926915" CategoryFeatureGroup_ID="6888" No="110397" Optional="0" Presentation_Value="5-element lens" Translated="1" Mandatory="0" Searchable="0">
   <LocalValue Value="5-element lens">
    <Measure ID="29">
     <Signs/>
    </Measure>
   </LocalValue>
   <Feature ID="45978">
    <Measure ID="29" Sign="">
     <Signs/>
    </Measure>
    <Name ID="8453826" langid="1" Value="Front camera lens elements"/>
   </Feature>
  </ProductFeature>
  <ProductFeature Localized="0" ID="820838685" Local_ID="0" Value="120" CategoryFeature_ID="51756" CategoryFeatureGroup_ID="6888" No="110392" Optional="0" Presentation_Value="120x" Translated="0" Mandatory="0" Searchable="0">
   <LocalValue Value="120">
    <Measure ID="33">
     <Signs>
      <Sign ID="17" langid="1"><![CDATA[x]]></Sign>
     </Signs>
    </Measure>
   </LocalValue>
   <Feature ID="48">
    <Measure ID="33" Sign="">
     <Signs>
      <Sign ID="17" langid="1"><![CDATA[x]]></Sign>
     </Signs>
    </Measure>
    <Name ID="1433" langid="1" Value="Digital zoom"/>
   </Feature>
  </ProductFeature>
  <ProductFeature Localized="0" ID="820838785" Local_ID="0" Value="1/2.74" CategoryFeature_ID="259232" CategoryFeatureGroup_ID="6888" No="110299" Optional="0" Presentation_Value="1/2.74&quot;" Translated="0" Mandatory="0" Searchable="0">
   <LocalValue Value="1/2.74">
    <Measure ID="16">
     <Signs>
      <Sign ID="11" langid="1"><![CDATA["]]></Sign>
     </Signs>
    </Measure>
   </LocalValue>
   <Feature ID="36922">
    <Measure ID="16" Sign="">
     <Signs>
      <Sign ID="11" langid="1"><![CDATA["]]></Sign>
     </Signs>
    </Measure>
    <Name ID="4407742" langid="1" Value="Front camera sensor size"/>
   </Feature>
  </ProductFeature>
  <ProductFeature Localized="0" ID="820838763" Local_ID="0" Value="2.4" CategoryFeature_ID="175652" CategoryFeatureGroup_ID="6888" No="110290" Optional="0" Presentation_Value="2.4" Translated="0" Mandatory="0" Searchable="0">
   <LocalValue Value="2.4">
    <Measure ID="29">
     <Signs/>
    </Measure>
   </LocalValue>
   <Feature ID="27601">
    <Measure ID="29" Sign="">
     <Signs/>
    </Measure>
    <Name ID="2433926" langid="1" Value="Front camera aperture number"/>
   </Feature>
  </ProductFeature>
  <ProductFeature Localized="0" ID="820838779" Local_ID="0" Value="0.8" CategoryFeature_ID="259229" CategoryFeatureGroup_ID="6888" No="110280" Optional="0" Presentation_Value="0.8 µm" Translated="0" Mandatory="0" Searchable="0">
   <LocalValue Value="0.8">
    <Measure ID="70">
     <Signs>
      <Sign ID="53" langid="1"><![CDATA[µm]]></Sign>
     </Signs>
    </Measure>
   </LocalValue>
   <Feature ID="36912">
    <Measure ID="70" Sign="">
     <Signs>
      <Sign ID="53" langid="1"><![CDATA[µm]]></Sign>
     </Signs>
    </Measure>
    <Name ID="4407202" langid="1" Value="Front camera pixel size"/>
   </Feature>
  </ProductFeature>
  <ProductFeature Localized="0" ID="820838782" Local_ID="0" Value="90" CategoryFeature_ID="259231" CategoryFeatureGroup_ID="6888" No="110270" Optional="0" Presentation_Value="90°" Translated="0" Mandatory="0" Searchable="0">
   <LocalValue Value="90">
    <Measure ID="32">
     <Signs>
      <Sign ID="16" langid="1"><![CDATA[°]]></Sign>
     </Signs>
    </Measure>
   </LocalValue>
   <Feature ID="36918">
    <Measure ID="32" Sign="">
     <Signs>
      <Sign ID="16" langid="1"><![CDATA[°]]></Sign>
     </Signs>
    </Measure>
    <Name ID="4407526" langid="1" Value="Front camera field of view (FOV) angle"/>
   </Feature>
  </ProductFeature>
  <ProductFeature Localized="0" ID="820838721" Local_ID="0" Value="LED" CategoryFeature_ID="51506" CategoryFeatureGroup_ID="6888" No="110195" Optional="0" Presentation_Value="LED" Translated="1" Mandatory="0" Searchable="0">
   <LocalValue Value="LED">
    <Measure ID="29">
     <Signs/>
    </Measure>
   </LocalValue>
   <Feature ID="6697">
    <Measure ID="29" Sign="">
     <Signs/>
    </Measure>
    <Name ID="247847" langid="1" Value="Flash type"/>
   </Feature>
  </ProductFeature>
  <ProductFeature Localized="0" ID="820838701" Local_ID="0" Value="Y" CategoryFeature_ID="51507" CategoryFeatureGroup_ID="6888" No="100195" Optional="0" Presentation_Value="Yes" Translated="1" Mandatory="0" Searchable="0">
   <LocalValue Value="Yes">
    <Measure ID="26">
     <Signs/>
    </Measure>
   </LocalValue>
   <Feature ID="1614">
    <Measure ID="26" Sign="">
     <Signs/>
    </Measure>
    <Name ID="5009" langid="1" Value="Auto focus"/>
   </Feature>
  </ProductFeature>
  <ProductFeature Localized="0" ID="820838805" Local_ID="0" Value="Y" CategoryFeature_ID="932746" CategoryFeatureGroup_ID="6888" No="100039" Optional="0" Presentation_Value="Yes" Translated="1" Mandatory="0" Searchable="0">
   <LocalValue Value="Yes">
    <Measure ID="26">
     <Signs/>
    </Measure>
   </LocalValue>
   <Feature ID="46540">
    <Measure ID="26" Sign="">
     <Signs/>
    </Measure>
    <Name ID="8643939" langid="1" Value="Camera High Dynamic Range (HDR) mode"/>
   </Feature>
  </ProductFeature>
  <ProductFeature Localized="0" ID="820838766" Local_ID="0" Value="Y" CategoryFeature_ID="226800" CategoryFeatureGroup_ID="6888" No="100027" Optional="0" Presentation_Value="Yes" Translated="1" Mandatory="0" Searchable="0">
   <LocalValue Value="Yes">
    <Measure ID="26">
     <Signs/>
    </Measure>
   </LocalValue>
   <Feature ID="28715">
    <Measure ID="26" Sign="">
     <Signs/>
    </Measure>
    <Name ID="2581054" langid="1" Value="Time lapse mode"/>
   </Feature>
  </ProductFeature>
  <ProductFeature Localized="0" ID="820838699" Local_ID="0" Value="Y" CategoryFeature_ID="51782" CategoryFeatureGroup_ID="6888" No="100020" Optional="0" Presentation_Value="Yes" Translated="1" Mandatory="0" Searchable="0">
   <LocalValue Value="Yes">
    <Measure ID="26">
     <Signs/>
    </Measure>
   </LocalValue>
   <Feature ID="1578">
    <Measure ID="26" Sign="">
     <Signs/>
    </Measure>
    <Name ID="4913" langid="1" Value="Image stabilizer"/>
   </Feature>
  </ProductFeature>
  <ProductFeature Localized="0" ID="820838730" Local_ID="0" Value="Electronic Image Stabilization (EIS),Optical Image Stabilization (OIS)" CategoryFeature_ID="708816" CategoryFeatureGroup_ID="6888" No="100020" Optional="0" Presentation_Value="Electronic Image Stabilization (EIS), Optical Image Stabilization (OIS)" Translated="0" Mandatory="0" Searchable="0">
   <LocalValue Value="Electronic Image Stabilization (EIS), Optical Image Stabilization (OIS)">
    <Measure ID="29">
     <Signs/>
    </Measure>
   </LocalValue>
   <Feature ID="8062">
    <Measure ID="29" Sign="">
     <Signs/>
    </Measure>
    <Name ID="622345" langid="1" Value="Image stabilizer type"/>
   </Feature>
  </ProductFeature>
  <ProductFeature Localized="0" ID="820838711" Local_ID="0" Value="Y" CategoryFeature_ID="55074" CategoryFeatureGroup_ID="6888" No="100000" Optional="0" Presentation_Value="Yes" Translated="1" Mandatory="0" Searchable="0">
   <LocalValue Value="Yes">
    <Measure ID="26">
     <Signs/>
    </Measure>
   </LocalValue>
   <Feature ID="2681">
    <Measure ID="26" Sign="">
     <Signs/>
    </Measure>
    <Name ID="13563" langid="1" Value="Night mode"/>
   </Feature>
  </ProductFeature>
  <ProductFeature Localized="0" ID="820838716" Local_ID="0" Value="Y" CategoryFeature_ID="803475" CategoryFeatureGroup_ID="6888" No="99999" Optional="0" Presentation_Value="Yes" Translated="1" Mandatory="0" Searchable="0">
   <LocalValue Value="Yes">
    <Measure ID="26">
     <Signs/>
    </Measure>
   </LocalValue>
   <Feature ID="3711">
    <Measure ID="26" Sign="">
     <Signs/>
    </Measure>
    <Name ID="41391" langid="1" Value="Panorama"/>
   </Feature>
  </ProductFeature>
  <ProductFeature Localized="0" ID="820838751" Local_ID="0" Value="Y" CategoryFeature_ID="926909" CategoryFeatureGroup_ID="6888" No="99999" Optional="0" Presentation_Value="Yes" Translated="1" Mandatory="0" Searchable="0">
   <LocalValue Value="Yes">
    <Measure ID="26">
     <Signs/>
    </Measure>
   </LocalValue>
   <Feature ID="17105">
    <Measure ID="26" Sign="">
     <Signs/>
    </Measure>
    <Name ID="1230014" langid="1" Value="Portrait mode"/>
   </Feature>
  </ProductFeature>
  <ProductFeature Localized="0" ID="820838806" Local_ID="0" Value="Y" CategoryFeature_ID="961023" CategoryFeatureGroup_ID="6888" No="99998" Optional="0" Presentation_Value="Yes" Translated="1" Mandatory="0" Searchable="0">
   <LocalValue Value="Yes">
    <Measure ID="26">
     <Signs/>
    </Measure>
   </LocalValue>
   <Feature ID="48209">
    <Measure ID="26" Sign="">
     <Signs/>
    </Measure>
    <Name ID="9157967" langid="1" Value="Slow motion mode"/>
   </Feature>
  </ProductFeature>
  <ProductFeature Localized="0" ID="820838807" Local_ID="0" Value="1080p at 240 fps, 720p at 480 fps/240 fps" CategoryFeature_ID="961024" CategoryFeatureGroup_ID="6888" No="99998" Optional="0" Presentation_Value="1080p at 240 fps, 720p at 480 fps/240 fps" Translated="0" Mandatory="0" Searchable="0">
   <LocalValue Value="1080p at 240 fps, 720p at 480 fps/240 fps">
    <Measure ID="29">
     <Signs/>
    </Measure>
   </LocalValue>
   <Feature ID="48210">
    <Measure ID="29" Sign="">
     <Signs/>
    </Measure>
    <Name ID="9158046" langid="1" Value="Slow motion rate"/>
   </Feature>
  </ProductFeature>
  <ProductFeature Localized="0" ID="820838755" Local_ID="0" Value="Dual SIM" CategoryFeature_ID="115466" CategoryFeatureGroup_ID="6890" No="10100497" Optional="0" Presentation_Value="Dual SIM" Translated="1" Mandatory="1" Searchable="1">
   <LocalValue Value="Dual SIM">
    <Measure ID="29">
     <Signs/>
    </Measure>
   </LocalValue>
   <Feature ID="19653">
    <Measure ID="29" Sign="">
     <Signs/>
    </Measure>
    <Name ID="1492752" langid="1" Value="SIM card capability"/>
   </Feature>
  </ProductFeature>
  <ProductFeature Localized="0" ID="820838791" Local_ID="0" Value="5G" CategoryFeature_ID="328674" CategoryFeatureGroup_ID="6890" No="10100105" Optional="0" Presentation_Value="5G" Translated="0" Mandatory="1" Searchable="1">
   <LocalValue Value="5G">
    <Measure ID="29">
     <Signs/>
    </Measure>
   </LocalValue>
   <Feature ID="40629">
    <Measure ID="29" Sign="">
     <Signs/>
    </Measure>
    <Name ID="5941610" langid="1" Value="Mobile network generation"/>
   </Feature>
  </ProductFeature>
  <ProductFeature Localized="0" ID="820838737" Local_ID="0" Value="NanoSIM + eSIM" CategoryFeature_ID="56682" CategoryFeatureGroup_ID="6890" No="100099" Optional="0" Presentation_Value="NanoSIM + eSIM" Translated="0" Mandatory="1" Searchable="0">
   <LocalValue Value="NanoSIM + eSIM">
    <Measure ID="29">
     <Signs/>
    </Measure>
   </LocalValue>
   <Feature ID="9166">
    <Measure ID="29" Sign="">
     <Signs/>
    </Measure>
    <Name ID="763836" langid="1" Value="SIM card type"/>
   </Feature>
  </ProductFeature>
  <ProductFeature Localized="0" ID="820838750" Local_ID="0" Value="WCDMA" CategoryFeature_ID="95631" CategoryFeatureGroup_ID="6890" No="100069" Optional="0" Presentation_Value="WCDMA" Translated="0" Mandatory="1" Searchable="0">
   <LocalValue Value="WCDMA">
    <Measure ID="29">
     <Signs/>
    </Measure>
   </LocalValue>
   <Feature ID="16923">
    <Measure ID="29" Sign="">
     <Signs/>
    </Measure>
    <Name ID="1217891" langid="1" Value="3G standards"/>
   </Feature>
  </ProductFeature>
  <ProductFeature Localized="0" ID="820838749" Local_ID="0" Value="LTE-TDD &amp; LTE-FDD" CategoryFeature_ID="95632" CategoryFeatureGroup_ID="6890" No="100068" Optional="0" Presentation_Value="LTE-TDD &amp; LTE-FDD" Translated="0" Mandatory="1" Searchable="0">
   <LocalValue Value="LTE-TDD &amp; LTE-FDD">
    <Measure ID="29">
     <Signs/>
    </Measure>
   </LocalValue>
   <Feature ID="16922">
    <Measure ID="29" Sign="">
     <Signs/>
    </Measure>
    <Name ID="1217846" langid="1" Value="4G standard"/>
   </Feature>
  </ProductFeature>
  <ProductFeature Localized="0" ID="820838804" Local_ID="0" Value="Sub6 SA" CategoryFeature_ID="926919" CategoryFeatureGroup_ID="6890" No="100068" Optional="0" Presentation_Value="Sub6 SA" Translated="0" Mandatory="1" Searchable="0">
   <LocalValue Value="Sub6 SA">
    <Measure ID="29">
     <Signs/>
    </Measure>
   </LocalValue>
   <Feature ID="45981">
    <Measure ID="29" Sign="">
     <Signs/>
    </Measure>
    <Name ID="8454054" langid="1" Value="5G standard"/>
   </Feature>
  </ProductFeature>
  <ProductFeature Localized="0" ID="820838757" Local_ID="0" Value="Wi-Fi 7 (802.11be)" CategoryFeature_ID="968001" CategoryFeatureGroup_ID="6890" No="100036" Optional="0" Presentation_Value="Wi-Fi 7 (802.11be)" Translated="0" Mandatory="1" Searchable="0">
   <LocalValue Value="Wi-Fi 7 (802.11be)">
    <Measure ID="29">
     <Signs/>
    </Measure>
   </LocalValue>
   <Feature ID="24993">
    <Measure ID="29" Sign="">
     <Signs/>
    </Measure>
    <Name ID="2105805" langid="1" Value="Top Wi-Fi standard"/>
   </Feature>
  </ProductFeature>
  <ProductFeature Localized="0" ID="820838708" Local_ID="0" Value="Y" CategoryFeature_ID="51515" CategoryFeatureGroup_ID="6890" No="100033" Optional="0" Presentation_Value="Yes" Translated="1" Mandatory="1" Searchable="0">
   <LocalValue Value="Yes">
    <Measure ID="26">
     <Signs/>
    </Measure>
   </LocalValue>
   <Feature ID="2183">
    <Measure ID="26" Sign="">
     <Signs/>
    </Measure>
    <Name ID="11148" langid="1" Value="Bluetooth"/>
   </Feature>
  </ProductFeature>
  <ProductFeature Localized="0" ID="820838688" Local_ID="0" Value="Wi-Fi 5 (802.11ac),Wi-Fi 6 (802.11ax),Wi-Fi 7 (802.11be)" CategoryFeature_ID="51514" CategoryFeatureGroup_ID="6890" No="100035" Optional="0" Presentation_Value="Wi-Fi 5 (802.11ac), Wi-Fi 6 (802.11ax), Wi-Fi 7 (802.11be)" Translated="0" Mandatory="0" Searchable="0">
   <LocalValue Value="Wi-Fi 5 (802.11ac), Wi-Fi 6 (802.11ax), Wi-Fi 7 (802.11be)">
    <Measure ID="29">
     <Signs/>
    </Measure>
   </LocalValue>
   <Feature ID="432">
    <Measure ID="29" Sign="">
     <Signs/>
    </Measure>
    <Name ID="2231" langid="1" Value="Wi-Fi standards"/>
   </Feature>
  </ProductFeature>
  <ProductFeature Localized="0" ID="820838694" Local_ID="0" Value="5.4" CategoryFeature_ID="51516" CategoryFeatureGroup_ID="6890" No="100032" Optional="0" Presentation_Value="5.4" Translated="0" Mandatory="0" Searchable="0">
   <LocalValue Value="5.4">
    <Measure ID="29">
     <Signs/>
    </Measure>
   </LocalValue>
   <Feature ID="1208">
    <Measure ID="29" Sign="">
     <Signs/>
    </Measure>
    <Name ID="3957" langid="1" Value="Bluetooth version"/>
   </Feature>
  </ProductFeature>
  <ProductFeature Localized="0" ID="820838718" Local_ID="0" Value="AAC,LDAC,LHDC,SBC" CategoryFeature_ID="51527" CategoryFeatureGroup_ID="6890" No="100031" Optional="0" Presentation_Value="AAC, LDAC, LHDC, SBC" Translated="0" Mandatory="0" Searchable="0">
   <LocalValue Value="AAC, LDAC, LHDC, SBC">
    <Measure ID="29">
     <Signs/>
    </Measure>
   </LocalValue>
   <Feature ID="4133">
    <Measure ID="29" Sign="">
     <Signs/>
    </Measure>
    <Name ID="58884" langid="1" Value="Bluetooth profiles"/>
   </Feature>
  </ProductFeature>
  <ProductFeature Localized="0" ID="820838793" Local_ID="0" Value="Y" CategoryFeature_ID="332317" CategoryFeatureGroup_ID="6890" No="100031" Optional="0" Presentation_Value="Yes" Translated="1" Mandatory="0" Searchable="0">
   <LocalValue Value="Yes">
    <Measure ID="26">
     <Signs/>
    </Measure>
   </LocalValue>
   <Feature ID="41012">
    <Measure ID="26" Sign="">
     <Signs/>
    </Measure>
    <Name ID="6300616" langid="1" Value="aptX technology"/>
   </Feature>
  </ProductFeature>
  <ProductFeature Localized="0" ID="820838736" Local_ID="0" Value="Y" CategoryFeature_ID="54169" CategoryFeatureGroup_ID="6890" No="100000" Optional="0" Presentation_Value="Yes" Translated="1" Mandatory="0" Searchable="0">
   <LocalValue Value="Yes">
    <Measure ID="26">
     <Signs/>
    </Measure>
   </LocalValue>
   <Feature ID="9097">
    <Measure ID="26" Sign="">
     <Signs/>
    </Measure>
    <Name ID="760926" langid="1" Value="Tethering (modem-mode)"/>
   </Feature>
  </ProductFeature>
  <ProductFeature Localized="0" ID="820838764" Local_ID="0" Value="Y" CategoryFeature_ID="302276" CategoryFeatureGroup_ID="6890" No="100000" Optional="0" Presentation_Value="Yes" Translated="1" Mandatory="0" Searchable="0">
   <LocalValue Value="Yes">
    <Measure ID="26">
     <Signs/>
    </Measure>
   </LocalValue>
   <Feature ID="27802">
    <Measure ID="26" Sign="">
     <Signs/>
    </Measure>
    <Name ID="2455938" langid="1" Value="MIMO"/>
   </Feature>
  </ProductFeature>
  <ProductFeature Localized="0" ID="820838740" Local_ID="0" Value="Y" CategoryFeature_ID="63985" CategoryFeatureGroup_ID="6890" No="99995" Optional="0" Presentation_Value="Yes" Translated="1" Mandatory="0" Searchable="0">
   <LocalValue Value="Yes">
    <Measure ID="26">
     <Signs/>
    </Measure>
   </LocalValue>
   <Feature ID="10157">
    <Measure ID="26" Sign="">
     <Signs/>
    </Measure>
    <Name ID="878154" langid="1" Value="Near Field Communication (NFC)"/>
   </Feature>
  </ProductFeature>
  <ProductFeature Localized="0" ID="820838756" Local_ID="0" Value="Y" CategoryFeature_ID="146621" CategoryFeatureGroup_ID="6889" No="100070" Optional="1" Presentation_Value="Yes" Translated="1" Mandatory="0" Searchable="0">
   <LocalValue Value="Yes">
    <Measure ID="26">
     <Signs/>
    </Measure>
   </LocalValue>
   <Feature ID="23798">
    <Measure ID="26" Sign="">
     <Signs/>
    </Measure>
    <Name ID="1953766" langid="1" Value="USB port"/>
   </Feature>
  </ProductFeature>
  <ProductFeature Localized="0" ID="820838705" Local_ID="0" Value="USB Type-C" CategoryFeature_ID="51510" CategoryFeatureGroup_ID="6889" No="100060" Optional="0" Presentation_Value="USB Type-C" Translated="1" Mandatory="0" Searchable="0">
   <LocalValue Value="USB Type-C">
    <Measure ID="29">
     <Signs/>
    </Measure>
   </LocalValue>
   <Feature ID="1742">
    <Measure ID="29" Sign="">
     <Signs/>
    </Measure>
    <Name ID="5431" langid="1" Value="USB connector type"/>
   </Feature>
  </ProductFeature>
  <ProductFeature Localized="0" ID="820838731" Local_ID="0" Value="3.2 Gen 1 (3.1 Gen 1)" CategoryFeature_ID="53993" CategoryFeatureGroup_ID="6889" No="100050" Optional="0" Presentation_Value="3.2 Gen 1 (3.1 Gen 1)" Translated="0" Mandatory="0" Searchable="0">
   <LocalValue Value="3.2 Gen 1 (3.1 Gen 1)">
    <Measure ID="29">
     <Signs/>
    </Measure>
   </LocalValue>
   <Feature ID="8541">
    <Measure ID="29" Sign="">
     <Signs/>
    </Measure>
    <Name ID="718602" langid="1" Value="USB version"/>
   </Feature>
  </ProductFeature>
  <ProductFeature Localized="0" ID="820838719" Local_ID="0" Value="USB Type-C" CategoryFeature_ID="51511" CategoryFeatureGroup_ID="6889" No="100016" Optional="0" Presentation_Value="USB Type-C" Translated="1" Mandatory="0" Searchable="0">
   <LocalValue Value="USB Type-C">
    <Measure ID="29">
     <Signs/>
    </Measure>
   </LocalValue>
   <Feature ID="4163">
    <Measure ID="29" Sign="">
     <Signs/>
    </Measure>
    <Name ID="59050" langid="1" Value="Headphone connectivity"/>
   </Feature>
  </ProductFeature>
  <ProductFeature Localized="0" ID="820838758" Local_ID="0" Value="Y" CategoryFeature_ID="166073" CategoryFeatureGroup_ID="11005" No="10100000" Optional="0" Presentation_Value="Yes" Translated="1" Mandatory="1" Searchable="1">
   <LocalValue Value="Yes">
    <Measure ID="26">
     <Signs/>
    </Measure>
   </LocalValue>
   <Feature ID="26425">
    <Measure ID="26" Sign="">
     <Signs/>
    </Measure>
    <Name ID="2268247" langid="1" Value="Position location"/>
   </Feature>
  </ProductFeature>
  <ProductFeature Localized="0" ID="820838714" Local_ID="0" Value="Y" CategoryFeature_ID="51755" CategoryFeatureGroup_ID="11005" No="100030" Optional="0" Presentation_Value="Yes" Translated="1" Mandatory="0" Searchable="0">
   <LocalValue Value="Yes">
    <Measure ID="26">
     <Signs/>
    </Measure>
   </LocalValue>
   <Feature ID="3329">
    <Measure ID="26" Sign="">
     <Signs/>
    </Measure>
    <Name ID="31840" langid="1" Value="GPS (satellite)"/>
   </Feature>
  </ProductFeature>
  <ProductFeature Localized="0" ID="820838748" Local_ID="0" Value="Y" CategoryFeature_ID="94591" CategoryFeatureGroup_ID="11005" No="100008" Optional="0" Presentation_Value="Yes" Translated="1" Mandatory="0" Searchable="0">
   <LocalValue Value="Yes">
    <Measure ID="26">
     <Signs/>
    </Measure>
   </LocalValue>
   <Feature ID="15618">
    <Measure ID="26" Sign="">
     <Signs/>
    </Measure>
    <Name ID="1177617" langid="1" Value="GLONASS"/>
   </Feature>
  </ProductFeature>
  <ProductFeature Localized="0" ID="820838765" Local_ID="0" Value="Y" CategoryFeature_ID="184929" CategoryFeatureGroup_ID="11005" No="100008" Optional="0" Presentation_Value="Yes" Translated="1" Mandatory="0" Searchable="0">
   <LocalValue Value="Yes">
    <Measure ID="26">
     <Signs/>
    </Measure>
   </LocalValue>
   <Feature ID="28694">
    <Measure ID="26" Sign="">
     <Signs/>
    </Measure>
    <Name ID="2579566" langid="1" Value="BeiDou"/>
   </Feature>
  </ProductFeature>
  <ProductFeature Localized="0" ID="820838768" Local_ID="0" Value="Y" CategoryFeature_ID="226793" CategoryFeatureGroup_ID="11005" No="100007" Optional="0" Presentation_Value="Yes" Translated="1" Mandatory="0" Searchable="0">
   <LocalValue Value="Yes">
    <Measure ID="26">
     <Signs/>
    </Measure>
   </LocalValue>
   <Feature ID="33685">
    <Measure ID="26" Sign="">
     <Signs/>
    </Measure>
    <Name ID="3435258" langid="1" Value="Galileo"/>
   </Feature>
  </ProductFeature>
  <ProductFeature Localized="0" ID="820838769" Local_ID="0" Value="Y" CategoryFeature_ID="226792" CategoryFeatureGroup_ID="11005" No="100006" Optional="0" Presentation_Value="Yes" Translated="1" Mandatory="0" Searchable="0">
   <LocalValue Value="Yes">
    <Measure ID="26">
     <Signs/>
    </Measure>
   </LocalValue>
   <Feature ID="33686">
    <Measure ID="26" Sign="">
     <Signs/>
    </Measure>
    <Name ID="3435312" langid="1" Value="Quasi-Zenith Satellite System (QZSS)"/>
   </Feature>
  </ProductFeature>
  <ProductFeature Localized="0" ID="820838704" Local_ID="0" Value="Y" CategoryFeature_ID="51517" CategoryFeatureGroup_ID="11005" No="100000" Optional="0" Presentation_Value="Yes" Translated="1" Mandatory="0" Searchable="0">
   <LocalValue Value="Yes">
    <Measure ID="26">
     <Signs/>
    </Measure>
   </LocalValue>
   <Feature ID="1733">
    <Measure ID="26" Sign="">
     <Signs/>
    </Measure>
    <Name ID="5409" langid="1" Value="Electronic compass"/>
   </Feature>
  </ProductFeature>
  <ProductFeature Localized="0" ID="820838691" Local_ID="0" Value="Bar" CategoryFeature_ID="51570" CategoryFeatureGroup_ID="11003" No="10100055" Optional="0" Presentation_Value="Bar" Translated="1" Mandatory="1" Searchable="1">
   <LocalValue Value="Bar">
    <Measure ID="29">
     <Signs/>
    </Measure>
   </LocalValue>
   <Feature ID="771">
    <Measure ID="29" Sign="">
     <Signs/>
    </Measure>
    <Name ID="3073" langid="1" Value="Form factor"/>
   </Feature>
  </ProductFeature>
  <ProductFeature Localized="0" ID="820838706" Local_ID="0" Value="Black" CategoryFeature_ID="143786" CategoryFeatureGroup_ID="11003" No="10100035" Optional="0" Presentation_Value="Black" Translated="1" Mandatory="1" Searchable="1">
   <LocalValue Value="Black">
    <Measure ID="29">
     <Signs/>
    </Measure>
   </LocalValue>
   <Feature ID="1766">
    <Measure ID="29" Sign="">
     <Signs/>
    </Measure>
    <Name ID="5487" langid="1" Value="Product colour"/>
   </Feature>
  </ProductFeature>
  <ProductFeature Localized="0" ID="820838753" Local_ID="0" Value="Black Elipse" CategoryFeature_ID="270487" CategoryFeatureGroup_ID="11003" No="100034" Optional="0" Presentation_Value="Black Elipse" Translated="0" Mandatory="0" Searchable="0">
   <LocalValue Value="Black Elipse">
    <Measure ID="29">
     <Signs/>
    </Measure>
   </LocalValue>
   <Feature ID="17956">
    <Measure ID="29" Sign="">
     <Signs/>
    </Measure>
    <Name ID="1296400" langid="1" Value="Colour name"/>
   </Feature>
  </ProductFeature>
  <ProductFeature Localized="0" ID="835248616" Local_ID="0" Value="Y" CategoryFeature_ID="51712" CategoryFeatureGroup_ID="11002" No="100080" Optional="0" Presentation_Value="Yes" Translated="1" Mandatory="0" Searchable="0">
   <LocalValue Value="Yes">
    <Measure ID="26">
     <Signs/>
    </Measure>
   </LocalValue>
   <Feature ID="7018">
    <Measure ID="26" Sign="">
     <Signs/>
    </Measure>
    <Name ID="334549" langid="1" Value="Video call"/>
   </Feature>
  </ProductFeature>
  <ProductFeature Localized="0" ID="820838720" Local_ID="0" Value="Y" CategoryFeature_ID="222568" CategoryFeatureGroup_ID="11002" No="100057" Optional="0" Presentation_Value="Yes" Translated="1" Mandatory="0" Searchable="0">
   <LocalValue Value="Yes">
    <Measure ID="26">
     <Signs/>
    </Measure>
   </LocalValue>
   <Feature ID="4981">
    <Measure ID="26" Sign="">
     <Signs/>
    </Measure>
    <Name ID="61653" langid="1" Value="Fast charging"/>
   </Feature>
  </ProductFeature>
  <ProductFeature Localized="0" ID="820838743" Local_ID="0" Value="Y" CategoryFeature_ID="80089" CategoryFeatureGroup_ID="11002" No="100056" Optional="0" Presentation_Value="Yes" Translated="1" Mandatory="0" Searchable="0">
   <LocalValue Value="Yes">
    <Measure ID="26">
     <Signs/>
    </Measure>
   </LocalValue>
   <Feature ID="12148">
    <Measure ID="26" Sign="">
     <Signs/>
    </Measure>
    <Name ID="1087259" langid="1" Value="Wireless charging"/>
   </Feature>
  </ProductFeature>
  <ProductFeature Localized="0" ID="820838790" Local_ID="0" Value="50" CategoryFeature_ID="967754" CategoryFeatureGroup_ID="11002" No="100056" Optional="0" Presentation_Value="50 W" Translated="0" Mandatory="0" Searchable="0">
   <LocalValue Value="50">
    <Measure ID="44">
     <Signs>
      <Sign ID="28" langid="1"><![CDATA[W]]></Sign>
     </Signs>
    </Measure>
   </LocalValue>
   <Feature ID="39544">
    <Measure ID="44" Sign="">
     <Signs>
      <Sign ID="28" langid="1"><![CDATA[W]]></Sign>
     </Signs>
    </Measure>
    <Name ID="5640836" langid="1" Value="Wireless charging power"/>
   </Feature>
  </ProductFeature>
  <ProductFeature Localized="0" ID="820838772" Local_ID="0" Value="SuperVOOC" CategoryFeature_ID="338596" CategoryFeatureGroup_ID="11002" No="100054" Optional="0" Presentation_Value="SuperVOOC" Translated="0" Mandatory="0" Searchable="0">
   <LocalValue Value="SuperVOOC">
    <Measure ID="29">
     <Signs/>
    </Measure>
   </LocalValue>
   <Feature ID="35273">
    <Measure ID="29" Sign="">
     <Signs/>
    </Measure>
    <Name ID="4015297" langid="1" Value="Fast charging technology"/>
   </Feature>
  </ProductFeature>
  <ProductFeature Localized="0" ID="820838689" Local_ID="0" Value="Adreno 830" CategoryFeature_ID="169461" CategoryFeatureGroup_ID="11002" No="100030" Optional="0" Presentation_Value="Adreno 830" Translated="0" Mandatory="0" Searchable="0">
   <LocalValue Value="Adreno 830">
    <Measure ID="29">
     <Signs/>
    </Measure>
   </LocalValue>
   <Feature ID="614">
    <Measure ID="29" Sign="">
     <Signs/>
    </Measure>
    <Name ID="2759" langid="1" Value="Graphics card"/>
   </Feature>
  </ProductFeature>
  <ProductFeature Localized="0" ID="820838715" Local_ID="0" Value="Y" CategoryFeature_ID="94723" CategoryFeatureGroup_ID="11002" No="100004" Optional="0" Presentation_Value="Yes" Translated="1" Mandatory="0" Searchable="0">
   <LocalValue Value="Yes">
    <Measure ID="26">
     <Signs/>
    </Measure>
   </LocalValue>
   <Feature ID="3577">
    <Measure ID="26" Sign="">
     <Signs/>
    </Measure>
    <Name ID="39580" langid="1" Value="Fingerprint reader"/>
   </Feature>
  </ProductFeature>
  <ProductFeature Localized="0" ID="820838710" Local_ID="0" Value="AAC,AMR,APE,FLAC,MP3,OGG,WAV" CategoryFeature_ID="51528" CategoryFeatureGroup_ID="11006" No="99989" Optional="0" Presentation_Value="AAC, AMR, APE, FLAC, MP3, OGG, WAV" Translated="0" Mandatory="0" Searchable="0">
   <LocalValue Value="AAC, AMR, APE, FLAC, MP3, OGG, WAV">
    <Measure ID="29">
     <Signs/>
    </Measure>
   </LocalValue>
   <Feature ID="2224">
    <Measure ID="29" Sign="">
     <Signs/>
    </Measure>
    <Name ID="11430" langid="1" Value="Audio formats supported"/>
   </Feature>
  </ProductFeature>
  <ProductFeature Localized="0" ID="820838722" Local_ID="0" Value="3GP,AV1,AVC,AVI,FLV,HEVC,MKV,MOV,MP4,VP8,VP9" CategoryFeature_ID="51529" CategoryFeatureGroup_ID="11006" No="99988" Optional="0" Presentation_Value="3GP, AV1, AVC, AVI, FLV, HEVC, MKV, MOV, MP4, VP8, VP9" Translated="0" Mandatory="0" Searchable="0">
   <LocalValue Value="3GP, AV1, AVC, AVI, FLV, HEVC, MKV, MOV, MP4, VP8, VP9">
    <Measure ID="29">
     <Signs/>
    </Measure>
   </LocalValue>
   <Feature ID="6893">
    <Measure ID="29" Sign="">
     <Signs/>
    </Measure>
    <Name ID="331780" langid="1" Value="Video formats supported"/>
   </Feature>
  </ProductFeature>
  <ProductFeature Localized="0" ID="820838686" Local_ID="0" Value="Android" CategoryFeature_ID="270282" CategoryFeatureGroup_ID="18401" No="10100500" Optional="0" Presentation_Value="Android" Translated="1" Mandatory="1" Searchable="1">
   <LocalValue Value="Android">
    <Measure ID="29">
     <Signs/>
    </Measure>
   </LocalValue>
   <Feature ID="75">
    <Measure ID="29" Sign="">
     <Signs/>
    </Measure>
    <Name ID="1487" langid="1" Value="Platform"/>
   </Feature>
  </ProductFeature>
  <ProductFeature Localized="0" ID="820838713" Local_ID="0" Value="Android 15" CategoryFeature_ID="83499" CategoryFeatureGroup_ID="18401" No="10100495" Optional="0" Presentation_Value="Android 15" Translated="0" Mandatory="1" Searchable="1">
   <LocalValue Value="Android 15">
    <Measure ID="29">
     <Signs/>
    </Measure>
   </LocalValue>
   <Feature ID="3233">
    <Measure ID="29" Sign="">
     <Signs/>
    </Measure>
    <Name ID="30700" langid="1" Value="Operating system installed"/>
   </Feature>
  </ProductFeature>
  <ProductFeature Localized="0" ID="820838802" Local_ID="0" Value="OxygenOS" CategoryFeature_ID="897938" CategoryFeatureGroup_ID="18401" No="100495" Optional="0" Presentation_Value="OxygenOS" Translated="0" Mandatory="0" Searchable="0">
   <LocalValue Value="OxygenOS">
    <Measure ID="29">
     <Signs/>
    </Measure>
   </LocalValue>
   <Feature ID="45080">
    <Measure ID="29" Sign="">
     <Signs/>
    </Measure>
    <Name ID="8139832" langid="1" Value="User interface (UI)"/>
   </Feature>
  </ProductFeature>
  <ProductFeature Localized="0" ID="820838692" Local_ID="0" Value="6000" CategoryFeature_ID="51519" CategoryFeatureGroup_ID="6892" No="10100038" Optional="0" Presentation_Value="6000 mAh" Translated="0" Mandatory="1" Searchable="1">
   <LocalValue Value="6000">
    <Measure ID="51">
     <Signs>
      <Sign ID="35" langid="1"><![CDATA[mAh]]></Sign>
     </Signs>
    </Measure>
   </LocalValue>
   <Feature ID="909">
    <Measure ID="51" Sign="">
     <Signs>
      <Sign ID="35" langid="1"><![CDATA[mAh]]></Sign>
     </Signs>
    </Measure>
    <Name ID="3359" langid="1" Value="Battery capacity"/>
   </Feature>
  </ProductFeature>
  <ProductFeature Localized="0" ID="820838754" Local_ID="0" Value="N" CategoryFeature_ID="222191" CategoryFeatureGroup_ID="6892" No="100050" Optional="0" Presentation_Value="No" Translated="1" Mandatory="0" Searchable="0">
   <LocalValue Value="No">
    <Measure ID="26">
     <Signs/>
    </Measure>
   </LocalValue>
   <Feature ID="18096">
    <Measure ID="26" Sign="">
     <Signs/>
    </Measure>
    <Name ID="1373508" langid="1" Value="Removable battery"/>
   </Feature>
  </ProductFeature>
  <ProductFeature Localized="0" ID="820838733" Local_ID="0" Value="Y" CategoryFeature_ID="51566" CategoryFeatureGroup_ID="34102" No="100011" Optional="0" Presentation_Value="Yes" Translated="1" Mandatory="0" Searchable="0">
   <LocalValue Value="Yes">
    <Measure ID="26">
     <Signs/>
    </Measure>
   </LocalValue>
   <Feature ID="8698">
    <Measure ID="26" Sign="">
     <Signs/>
    </Measure>
    <Name ID="730603" langid="1" Value="Proximity sensor"/>
   </Feature>
  </ProductFeature>
  <ProductFeature Localized="0" ID="820838738" Local_ID="0" Value="Y" CategoryFeature_ID="57380" CategoryFeatureGroup_ID="34102" No="100011" Optional="0" Presentation_Value="Yes" Translated="1" Mandatory="0" Searchable="0">
   <LocalValue Value="Yes">
    <Measure ID="26">
     <Signs/>
    </Measure>
   </LocalValue>
   <Feature ID="9731">
    <Measure ID="26" Sign="">
     <Signs/>
    </Measure>
    <Name ID="811310" langid="1" Value="Accelerometer"/>
   </Feature>
  </ProductFeature>
  <ProductFeature Localized="0" ID="820838734" Local_ID="0" Value="Y" CategoryFeature_ID="59559" CategoryFeatureGroup_ID="34102" No="100011" Optional="0" Presentation_Value="Yes" Translated="1" Mandatory="0" Searchable="0">
   <LocalValue Value="Yes">
    <Measure ID="26">
     <Signs/>
    </Measure>
   </LocalValue>
   <Feature ID="8720">
    <Measure ID="26" Sign="">
     <Signs/>
    </Measure>
    <Name ID="733782" langid="1" Value="Ambient light sensor"/>
   </Feature>
  </ProductFeature>
  <ProductFeature Localized="0" ID="820838739" Local_ID="0" Value="Y" CategoryFeature_ID="106231" CategoryFeatureGroup_ID="34102" No="100010" Optional="0" Presentation_Value="Yes" Translated="1" Mandatory="0" Searchable="0">
   <LocalValue Value="Yes">
    <Measure ID="26">
     <Signs/>
    </Measure>
   </LocalValue>
   <Feature ID="9732">
    <Measure ID="26" Sign="">
     <Signs/>
    </Measure>
    <Name ID="811351" langid="1" Value="Gyroscope"/>
   </Feature>
  </ProductFeature>
  <ProductFeature Localized="0" ID="820838726" Local_ID="0" Value="Y" CategoryFeature_ID="106232" CategoryFeatureGroup_ID="34102" No="100000" Optional="0" Presentation_Value="Yes" Translated="1" Mandatory="0" Searchable="0">
   <LocalValue Value="Yes">
    <Measure ID="26">
     <Signs/>
    </Measure>
   </LocalValue>
   <Feature ID="7609">
    <Measure ID="26" Sign="">
     <Signs/>
    </Measure>
    <Name ID="590467" langid="1" Value="Barometer"/>
   </Feature>
  </ProductFeature>
  <ProductFeature Localized="0" ID="820838786" Local_ID="0" Value="Y" CategoryFeature_ID="302243" CategoryFeatureGroup_ID="34102" No="100000" Optional="0" Presentation_Value="Yes" Translated="1" Mandatory="0" Searchable="0">
   <LocalValue Value="Yes">
    <Measure ID="26">
     <Signs/>
    </Measure>
   </LocalValue>
   <Feature ID="38333">
    <Measure ID="26" Sign="">
     <Signs/>
    </Measure>
    <Name ID="5267222" langid="1" Value="Hall sensor"/>
   </Feature>
  </ProductFeature>
  <ProductFeature Localized="0" ID="820838795" Local_ID="0" Value="Y" CategoryFeature_ID="335370" CategoryFeatureGroup_ID="34102" No="100000" Optional="0" Presentation_Value="Yes" Translated="1" Mandatory="0" Searchable="0">
   <LocalValue Value="Yes">
    <Measure ID="26">
     <Signs/>
    </Measure>
   </LocalValue>
   <Feature ID="41564">
    <Measure ID="26" Sign="">
     <Signs/>
    </Measure>
    <Name ID="6374043" langid="1" Value="Infrared sensor"/>
   </Feature>
  </ProductFeature>
  <ProductFeature Localized="0" ID="820838794" Local_ID="0" Value="Y" CategoryFeature_ID="335371" CategoryFeatureGroup_ID="34102" No="100000" Optional="0" Presentation_Value="Yes" Translated="1" Mandatory="0" Searchable="0">
   <LocalValue Value="Yes">
    <Measure ID="26">
     <Signs/>
    </Measure>
   </LocalValue>
   <Feature ID="41562">
    <Measure ID="26" Sign="">
     <Signs/>
    </Measure>
    <Name ID="6373911" langid="1" Value="Colour temperature sensor"/>
   </Feature>
  </ProductFeature>
  <ProductFeature Localized="0" ID="820838808" Local_ID="0" Value="Y" CategoryFeature_ID="974869" CategoryFeatureGroup_ID="81108" No="10100000" Optional="0" Presentation_Value="Yes" Translated="1" Mandatory="0" Searchable="1">
   <LocalValue Value="Yes">
    <Measure ID="26">
     <Signs/>
    </Measure>
   </LocalValue>
   <Feature ID="48505">
    <Measure ID="26" Sign="">
     <Signs/>
    </Measure>
    <Name ID="9200571" langid="1" Value="USB Type-C charging port"/>
   </Feature>
  </ProductFeature>
  <ProductFeature Localized="0" ID="820838810" Local_ID="0" Value="100" CategoryFeature_ID="974872" CategoryFeatureGroup_ID="81108" No="100000" Optional="0" Presentation_Value="100 W" Translated="0" Mandatory="1" Searchable="0">
   <LocalValue Value="100">
    <Measure ID="44">
     <Signs>
      <Sign ID="28" langid="1"><![CDATA[W]]></Sign>
     </Signs>
    </Measure>
   </LocalValue>
   <Feature ID="48507">
    <Measure ID="44" Sign="">
     <Signs>
      <Sign ID="28" langid="1"><![CDATA[W]]></Sign>
     </Signs>
    </Measure>
    <Name ID="9200729" langid="1" Value="USB Type-C required charging power (max)"/>
   </Feature>
  </ProductFeature>
  <ProductFeature Localized="0" ID="820838712" Local_ID="0" Value="A" CategoryFeature_ID="1085981" CategoryFeatureGroup_ID="82700" No="100050" Optional="0" Presentation_Value="A" Translated="1" Mandatory="1" Searchable="0">
   <LocalValue Value="A">
    <Measure ID="29">
     <Signs/>
    </Measure>
   </LocalValue>
   <Feature ID="2705">
    <Measure ID="29" Sign="">
     <Signs/>
    </Measure>
    <Name ID="13683" langid="1" Value="Energy efficiency class"/>
   </Feature>
  </ProductFeature>
  <ProductFeature Localized="0" ID="820838811" Local_ID="0" Value="3696" CategoryFeature_ID="1088504" CategoryFeatureGroup_ID="82700" No="100046" Optional="0" Presentation_Value="3696 min" Translated="0" Mandatory="1" Searchable="0">
   <LocalValue Value="3696">
    <Measure ID="66">
     <Signs>
      <Sign ID="49" langid="1"><![CDATA[min]]></Sign>
     </Signs>
    </Measure>
   </LocalValue>
   <Feature ID="49427">
    <Measure ID="66" Sign="">
     <Signs>
      <Sign ID="49" langid="1"><![CDATA[min]]></Sign>
     </Signs>
    </Measure>
    <Name ID="9437517" langid="1" Value="Battery endurance per cycle"/>
   </Feature>
  </ProductFeature>
  <ProductFeature Localized="0" ID="820838813" Local_ID="0" Value="1000" CategoryFeature_ID="1088505" CategoryFeatureGroup_ID="82700" No="100044" Optional="0" Presentation_Value="1000" Translated="0" Mandatory="1" Searchable="0">
   <LocalValue Value="1000">
    <Measure ID="29">
     <Signs/>
    </Measure>
   </LocalValue>
   <Feature ID="49429">
    <Measure ID="29" Sign="">
     <Signs/>
    </Measure>
    <Name ID="9437677" langid="1" Value="Battery endurance in cycles"/>
   </Feature>
  </ProductFeature>
  <ProductFeature Localized="0" ID="820838812" Local_ID="0" Value="D" CategoryFeature_ID="1088506" CategoryFeatureGroup_ID="82700" No="100042" Optional="0" Presentation_Value="D" Translated="1" Mandatory="1" Searchable="0">
   <LocalValue Value="D">
    <Measure ID="29">
     <Signs/>
    </Measure>
   </LocalValue>
   <Feature ID="49428">
    <Measure ID="29" Sign="">
     <Signs/>
    </Measure>
    <Name ID="9437597" langid="1" Value="Repeated free fall reliability class"/>
   </Feature>
  </ProductFeature>
  <ProductFeature Localized="0" ID="820838814" Local_ID="0" Value="B" CategoryFeature_ID="1088507" CategoryFeatureGroup_ID="82700" No="100040" Optional="0" Presentation_Value="B" Translated="1" Mandatory="1" Searchable="0">
   <LocalValue Value="B">
    <Measure ID="29">
     <Signs/>
    </Measure>
   </LocalValue>
   <Feature ID="49430">
    <Measure ID="29" Sign="">
     <Signs/>
    </Measure>
    <Name ID="9437757" langid="1" Value="Repairability class"/>
   </Feature>
  </ProductFeature>
  <ProductFeature Localized="0" ID="820838728" Local_ID="0" Value="IP68" CategoryFeature_ID="81142" CategoryFeatureGroup_ID="82700" No="100038" Optional="0" Presentation_Value="IP68" Translated="0" Mandatory="1" Searchable="0">
   <LocalValue Value="IP68">
    <Measure ID="29">
     <Signs/>
    </Measure>
   </LocalValue>
   <Feature ID="7900">
    <Measure ID="29" Sign="">
     <Signs/>
    </Measure>
    <Name ID="610776" langid="1" Value="International Protection (IP) code"/>
   </Feature>
  </ProductFeature>
  <ProductFeature Localized="0" ID="820838789" Local_ID="0" Value="A to G" CategoryFeature_ID="1088503" CategoryFeatureGroup_ID="82700" No="100048" Optional="0" Presentation_Value="A to G" Translated="1" Mandatory="0" Searchable="0">
   <LocalValue Value="A to G">
    <Measure ID="29">
     <Signs/>
    </Measure>
   </LocalValue>
   <Feature ID="39201">
    <Measure ID="29" Sign="">
     <Signs/>
    </Measure>
    <Name ID="5585488" langid="1" Value="Energy efficiency scale"/>
   </Feature>
  </ProductFeature>
  <ProductFeature Localized="0" ID="820838687" Local_ID="0" Value="213" CategoryFeature_ID="51491" CategoryFeatureGroup_ID="6881" No="10100007" Optional="0" Presentation_Value="213 g" Translated="0" Mandatory="1" Searchable="1">
   <LocalValue Value="213">
    <Measure ID="38">
     <Signs>
      <Sign ID="22" langid="1"><![CDATA[g]]></Sign>
     </Signs>
    </Measure>
   </LocalValue>
   <Feature ID="94">
    <Measure ID="38" Sign="">
     <Signs>
      <Sign ID="22" langid="1"><![CDATA[g]]></Sign>
     </Signs>
    </Measure>
    <Name ID="1525" langid="1" Value="Weight"/>
   </Feature>
  </ProductFeature>
  <ProductFeature Localized="0" ID="820838702" Local_ID="0" Value="76.5" CategoryFeature_ID="51488" CategoryFeatureGroup_ID="6881" No="100010" Optional="0" Presentation_Value="76.5 mm" Translated="0" Mandatory="0" Searchable="0">
   <LocalValue Value="76.5">
    <Measure ID="24">
     <Signs>
      <Sign ID="3" langid="1"><![CDATA[mm]]></Sign>
     </Signs>
    </Measure>
   </LocalValue>
   <Feature ID="1649">
    <Measure ID="24" Sign="">
     <Signs>
      <Sign ID="3" langid="1"><![CDATA[mm]]></Sign>
     </Signs>
    </Measure>
    <Name ID="5143" langid="1" Value="Width"/>
   </Feature>
  </ProductFeature>
  <ProductFeature Localized="0" ID="820838703" Local_ID="0" Value="8.5" CategoryFeature_ID="51489" CategoryFeatureGroup_ID="6881" No="100009" Optional="0" Presentation_Value="8.5 mm" Translated="0" Mandatory="0" Searchable="0">
   <LocalValue Value="8.5">
    <Measure ID="24">
     <Signs>
      <Sign ID="3" langid="1"><![CDATA[mm]]></Sign>
     </Signs>
    </Measure>
   </LocalValue>
   <Feature ID="1650">
    <Measure ID="24" Sign="">
     <Signs>
      <Sign ID="3" langid="1"><![CDATA[mm]]></Sign>
     </Signs>
    </Measure>
    <Name ID="5145" langid="1" Value="Depth"/>
   </Feature>
  </ProductFeature>
  <ProductFeature Localized="0" ID="820838697" Local_ID="0" Value="162.9" CategoryFeature_ID="51490" CategoryFeatureGroup_ID="6881" No="100008" Optional="0" Presentation_Value="162.9 mm" Translated="0" Mandatory="0" Searchable="0">
   <LocalValue Value="162.9">
    <Measure ID="24">
     <Signs>
      <Sign ID="3" langid="1"><![CDATA[mm]]></Sign>
     </Signs>
    </Measure>
   </LocalValue>
   <Feature ID="1464">
    <Measure ID="24" Sign="">
     <Signs>
      <Sign ID="3" langid="1"><![CDATA[mm]]></Sign>
     </Signs>
    </Measure>
    <Name ID="4625" langid="1" Value="Height"/>
   </Feature>
  </ProductFeature>
  <ProductFeature Localized="0" ID="820838695" Local_ID="0" Value="N" CategoryFeature_ID="106235" CategoryFeatureGroup_ID="6933" No="100007" Optional="0" Presentation_Value="No" Translated="1" Mandatory="1" Searchable="0">
   <LocalValue Value="No">
    <Measure ID="26">
     <Signs/>
    </Measure>
   </LocalValue>
   <Feature ID="1230">
    <Measure ID="26" Sign="">
     <Signs/>
    </Measure>
    <Name ID="4001" langid="1" Value="AC adapter included"/>
   </Feature>
  </ProductFeature>
  <ProductFeature Localized="0" ID="820838717" Local_ID="0" Value="Y" CategoryFeature_ID="51757" CategoryFeatureGroup_ID="6933" No="100006" Optional="0" Presentation_Value="Yes" Translated="1" Mandatory="0" Searchable="0">
   <LocalValue Value="Yes">
    <Measure ID="26">
     <Signs/>
    </Measure>
   </LocalValue>
   <Feature ID="3981">
    <Measure ID="26" Sign="">
     <Signs/>
    </Measure>
    <Name ID="56096" langid="1" Value="Quick start guide"/>
   </Feature>
  </ProductFeature>
  <ProductFeature Localized="0" ID="820838707" Local_ID="0" Value="USB Type-A to USB Type-C" CategoryFeature_ID="55071" CategoryFeatureGroup_ID="6933" No="100000" Optional="0" Presentation_Value="USB Type-A to USB Type-C" Translated="1" Mandatory="0" Searchable="0">
   <LocalValue Value="USB Type-A to USB Type-C">
    <Measure ID="29">
     <Signs/>
    </Measure>
   </LocalValue>
   <Feature ID="1830">
    <Measure ID="29" Sign="">
     <Signs/>
    </Measure>
    <Name ID="5653" langid="1" Value="Cables included"/>
   </Feature>
  </ProductFeature>
  <ProductFeature Localized="0" ID="820838771" Local_ID="0" Value="Y" CategoryFeature_ID="245765" CategoryFeatureGroup_ID="6933" No="100000" Optional="0" Presentation_Value="Yes" Translated="1" Mandatory="0" Searchable="0">
   <LocalValue Value="Yes">
    <Measure ID="26">
     <Signs/>
    </Measure>
   </LocalValue>
   <Feature ID="35264">
    <Measure ID="26" Sign="">
     <Signs/>
    </Measure>
    <Name ID="4011630" langid="1" Value="SIM card ejector pin"/>
   </Feature>
  </ProductFeature>
  <ProductGallery>
   <ProductPicture IsMain="Y" LowPic="https://inishop.com/img/gallery_lows/da409f5f3ef2be44392154feec5af441134e5cec.jpg" LowPicHeight="200" LowPicWidth="169" LowSize="24155" No="2" Original="https://inishop.com/img/gallery_raw/dc93020d9e71954768e3d18ec7af323ade65831f.png" OriginalSize="165041" Pic="https://inishop.com/img/gallery/ba1947ee474948f3a55a41bcc561ef24c755a435.jpg" Pic500x500="https://inishop.com/img/gallery_mediums/32e767298f3f24d4f058e4822b896203004e13c9.jpg" Pic500x500Height="500" Pic500x500Size="129344" Pic500x500Width="423" PicHeight="787" PicWidth="666" ProductPicture_ID="113525598" Size="343439" ThumbPic="https://inishop.com/img/gallery_thumbs/fc14670f2d85edaa4bacc891c2142ed9dd2f3d29.jpg" ThumbSize="5056" Type="ProductImage" UpdatedDate="2025-08-11 20:42:44"/>
   <ProductPicture LowPic="https://inishop.com/img/gallery_lows/23a6d6f388b7a36be436ad1ff4011ebb2ffd46cc.jpg" LowPicHeight="200" LowPicWidth="170" LowSize="20712" No="3" Original="https://inishop.com/img/gallery_raw/79a7b70607923ed8c578f8bab78184b6bb75ad22.png" OriginalSize="88579" Pic="https://inishop.com/img/gallery/338b150270f7551f6d9ce057cf89d86d753a8103.jpg" Pic500x500="https://inishop.com/img/gallery_mediums/a11eb063075ef6245c3887ff576d7b81340c8699.jpg" Pic500x500Height="500" Pic500x500Size="99928" Pic500x500Width="425" PicHeight="787" PicWidth="669" ProductPicture_ID="113525589" Size="259055" ThumbPic="https://inishop.com/img/gallery_thumbs/e60788d2598c85edebe1ab3f4d77089d31a3512b.jpg" ThumbSize="4867" Type="ProductImage" UpdatedDate="2025-08-11 20:42:44"/>
   <ProductPicture LowPic="https://inishop.com/img/gallery_lows/963b0ef1b79c5a559c021108c2ead135f748be97.jpg" LowPicHeight="200" LowPicWidth="152" LowSize="17260" No="4" Original="https://inishop.com/img/gallery_raw/68319c913393c1f92d779204be990b6231ee60a5.png" OriginalSize="170952" Pic="https://inishop.com/img/gallery/13274302937d8e837368db91596ddaa39cfd04f9.jpg" Pic500x500="https://inishop.com/img/gallery_mediums/33fa750d5565326df15dc5a4a1df51b46511e0af.jpg" Pic500x500Height="500" Pic500x500Size="98953" Pic500x500Width="379" PicHeight="871" PicWidth="660" ProductPicture_ID="113525596" Size="304216" ThumbPic="https://inishop.com/img/gallery_thumbs/4b933936c19a6cc9a9702dd7261c5a25de5a5406.jpg" ThumbSize="3427" Type="ProductDetailImage" UpdatedDate="2025-08-11 20:42:44"/>
   <ProductPicture LowPic="" LowPicHeight="0" LowPicWidth="0" LowSize="0" No="999" Original="" OriginalSize="0" Pic="https://inishop.com/img/feature_logo/995-4048.png" Pic500x500="" Pic500x500Height="0" Pic500x500Size="0" Pic500x500Width="0" PicHeight="165" PicWidth="300" ProductPicture_ID="4304920000" Size="28581" ThumbPic="https://inishop.com/img/feature_logo_thumbs/995-4048.png" ThumbSize="0" Type="FeatureLogo" UpdatedDate="" langid="1"/>
   <ProductPicture LowPic="" LowPicHeight="0" LowPicWidth="0" LowSize="0" No="999" Original="" OriginalSize="0" Pic="https://inishop.com/img/feature_logo/1242-3899.png" Pic500x500="" Pic500x500Height="0" Pic500x500Size="0" Pic500x500Width="0" PicHeight="0" PicWidth="0" ProductPicture_ID="4307268537" Size="0" ThumbPic="https://inishop.com/img/feature_logo_thumbs/1242-3899.png" ThumbSize="0" Type="FeatureLogo" UpdatedDate="" langid="1"/>
  </ProductGallery>
  <ProductMultimediaObject>
   <MultimediaObject ContentType="application/pdf" Date="2025-08-11 20:41:13" Description="EU Energy Label" KeepAsURL="0" MultimediaObject_ID="67286243" Type="EU Energy Label" UUID="A9ED6C2A-E3A8-4C98-BD44-939FEB3D4C67" langid="0" Height="0" PreviewHeight="0" PreviewSize="0" PreviewUrl="" PreviewWidth="0" Size="487456" URL="https://inishop.com/objects/mmo_132608399_1754937670_8506_1995589.pdf" Width="0" LabelType="rescaled" EprelLink="https://eprel.ec.europa.eu/qr/2259715" ConvertedURL="https://inishop.com/objects/132608399_67286243.jpeg" ConvertedSize="215180" ConvertedContentType="image/jpeg" EprelId="2259715"/>
   <MultimediaObject ContentType="application/pdf" Date="2025-08-11 20:41:10" Description="EU Product Fiche" KeepAsURL="0" MultimediaObject_ID="67286244" Type="EU Product Fiche" UUID="D70ADD21-D818-42FE-9E14-E410BEE83B3B" langid="1" Height="0" PreviewHeight="0" PreviewSize="0" PreviewUrl="" PreviewWidth="0" Size="87571" URL="https://inishop.com/objects/mmo_132608399_1754937670_8844_1995589.pdf" Width="0"/>
  </ProductMultimediaObject>
  <ProductRelated/>
  <SummaryDescription>
   <ShortSummaryDescription langid="1">OnePlus 13, 17.3 cm (6.82&quot;), 16 GB, 512 GB, 50 MP, Android 15, Black</ShortSummaryDescription>
   <LongSummaryDescription langid="1">OnePlus 13. Display diagonal: 17.3 cm (6.82&quot;), Display resolution: 3168 x 1440 pixels. Processor family: Qualcomm Snapdragon, Processor model: 8 Elite. RAM capacity: 16 GB, RAM type: LPDDR5X, Internal storage capacity: 512 GB. Rear camera resolution (numeric): 50 MP, Rear camera type: Triple camera. SIM card capability: Dual SIM. Operating system installed: Android 15. Battery capacity: 6000 mAh. Product colour: Black. Weight: 213 g</LongSummaryDescription>
  </SummaryDescription>
  <Supplier ID="11630" Name="OnePlus"/>
  <CatalogObjectCloud/>
  <BrandOrganizations>
   <BrandOwner>
    <Organization ID="945ef6dd-5d93-4f8e-a1ec-c44461b8f127" Name="OnePlus Technology Co., Ltd." CountryCode="CN" State="" City="Shenzhen" Street="Tai Ran Road" HouseNumber="No.8" ZIP="518040">
     <URLs>
      <URL>https://www.oneplus.com/de/impressum</URL>
     </URLs>
     <Emails/>
    </Organization>
   </BrandOwner>
   <Licensees/>
   <Representatives/>
  </BrandOrganizations>
 </Product>
</ICECAT-interface>
