<?xml version="1.0" encoding="UTF-8"?>
<!DOCTYPE ICECAT-interface SYSTEM "https://data.icecat.biz/dtd/ICECAT-interface_response.dtd">
<!--source: Icecat.biz 2025-->
<!--Language ID: 1-->
<!--Version: v2-->
<ICECAT-interface xmlns:xsi="http://www.w3.org/2001/XMLSchema-instance" xsi:noNamespaceSchemaLocation="https://data.icecat.biz/xsd/ICECAT-interface_response.xsd">
 <Product Code="1" HighPic="https://inishop.com/img/gallery/7f8ed1c1ed32565e97c26366d1e9e29b9e8622f9.jpg" HighPicHeight="924" HighPicSize="266164" HighPicWidth="470" ID="134703577" LowPic="https://inishop.com/img/gallery_lows/869c7a2b6b046bfdc718f82360df87670a8be5a9.jpg" LowPicHeight="200" LowPicSize="22408" LowPicWidth="102" Name="Deslox" IntName="Deslox" LocalName="" Pic500x500="https://inishop.com/img/gallery_mediums/a7c631e098abca1819a66f9a34fa4889e260f2c9.jpg" Pic500x500Height="500" Pic500x500Size="97550" Pic500x500Width="254" Prod_id="DESLOX5MG" Quality="ICECAT" ReleaseDate="" ThumbPic="https://inishop.com/img/gallery_thumbs/ad5ff9cd9a3aac9f331ba78bb69177d9e900ffe1.jpg" ThumbPicSize="5386" Title="Verman Deslox Tablet" GeneratedIntTitle="Verman Deslox" GeneratedLocalTitle="Verman Deslox Tablet" BrandLocalTitle="">
  <CategoryFeatureGroup ID="67146" No="0">
   <FeatureGroup ID="0">
    <Name ID="5073" langid="1" Value="Technical details"/>
   </FeatureGroup>
  </CategoryFeatureGroup>
  <CategoryFeatureGroup ID="17658" No="0">
   <FeatureGroup ID="14">
    <Name ID="5023" langid="1" Value="Weight &amp; dimensions"/>
   </FeatureGroup>
  </CategoryFeatureGroup>
  <CategoryFeatureGroup ID="18207" No="0">
   <FeatureGroup ID="67">
    <Name ID="27423" langid="1" Value="Packaging data"/>
   </FeatureGroup>
  </CategoryFeatureGroup>
  <CategoryFeatureGroup ID="42073" No="0">
   <FeatureGroup ID="76">
    <Name ID="28540" langid="1" Value="Certificates"/>
   </FeatureGroup>
  </CategoryFeatureGroup>
  <CategoryFeatureGroup ID="18206" No="0">
   <FeatureGroup ID="116">
    <Name ID="78852" langid="1" Value="Packaging content"/>
   </FeatureGroup>
  </CategoryFeatureGroup>
  <CategoryFeatureGroup ID="54117" No="0">
   <FeatureGroup ID="143">
    <Name ID="618812" langid="1" Value="Battery"/>
   </FeatureGroup>
  </CategoryFeatureGroup>
  <CategoryFeatureGroup ID="17656" No="5">
   <FeatureGroup ID="185">
    <Name ID="1219853" langid="1" Value="Features"/>
   </FeatureGroup>
  </CategoryFeatureGroup>
  <CategoryFeatureGroup ID="36314" No="0">
   <FeatureGroup ID="198">
    <Name ID="1788927" langid="1" Value="Logistics data"/>
   </FeatureGroup>
  </CategoryFeatureGroup>
  <CategoryFeatureGroup ID="60620" No="0">
   <FeatureGroup ID="232">
    <Name ID="3464238" langid="1" Value="Supplier features"/>
   </FeatureGroup>
  </CategoryFeatureGroup>
  <Category ID="4879">
   <Name ID="3731315" langid="1" Value="Antiallergic Drugs"/>
  </Category>
  <EANCode/>
  <ReleaseDate/>
  <EndOfLifeDate/>
  <ReasonsToBuy/>
  <BulletPoints/>
  <GeneratedBulletPoints/>
  <ProductBundled/>
  <ProductDescription ID="104044179" LongDesc="Tame your wild side! Effective, tireless help against allergy symptoms. Active substance: desloratadine." ManualPDFSize="0" ManualPDFURL="" MiddleDesc="" PDFSize="0" PDFURL="" ShortDesc="Deslox, 30 tabl., 5mg" URL="https://verman.fi/en/products/" WarrantyInfo="" langid="1"/>
  <ProductFeature Localized="0" ID="835230091" Local_ID="0" Value="Tablet (substance)" CategoryFeature_ID="162301" CategoryFeatureGroup_ID="17656" No="10100100" Optional="0" Presentation_Value="Tablet" Translated="1" Mandatory="1" Searchable="1">
   <LocalValue Value="Tablet">
    <Measure ID="29">
     <Signs/>
    </Measure>
   </LocalValue>
   <Feature ID="25712">
    <Measure ID="29" Sign="">
     <Signs/>
    </Measure>
    <Name ID="2169362" langid="1" Value="Dosage form"/>
   </Feature>
  </ProductFeature>
  <ProductFeature Localized="0" ID="835230122" Local_ID="0" Value="Adults &amp; Children" CategoryFeature_ID="162302" CategoryFeatureGroup_ID="17656" No="100095" Optional="0" Presentation_Value="Adults &amp; Children" Translated="1" Mandatory="0" Searchable="0">
   <LocalValue Value="Adults &amp; Children">
    <Measure ID="29">
     <Signs/>
    </Measure>
   </LocalValue>
   <Feature ID="9202">
    <Measure ID="29" Sign="">
     <Signs/>
    </Measure>
    <Name ID="765619" langid="1" Value="Suitable for"/>
   </Feature>
  </ProductFeature>
  <ProductFeature Localized="0" ID="835230113" Local_ID="0" Value="12" CategoryFeature_ID="162303" CategoryFeatureGroup_ID="17656" No="100090" Optional="0" Presentation_Value="12 yr(s)" Translated="0" Mandatory="0" Searchable="0">
   <LocalValue Value="12">
    <Measure ID="439">
     <Signs>
      <Sign ID="39428" langid="1"><![CDATA[yr(s)]]></Sign>
     </Signs>
    </Measure>
   </LocalValue>
   <Feature ID="7769">
    <Measure ID="439" Sign="">
     <Signs>
      <Sign ID="39428" langid="1"><![CDATA[yr(s)]]></Sign>
     </Signs>
    </Measure>
    <Name ID="600351" langid="1" Value="Minimum age"/>
   </Feature>
  </ProductFeature>
  <ProductFeature Localized="0" ID="835230151" Local_ID="0" Value="1" CategoryFeature_ID="167649" CategoryFeatureGroup_ID="17656" No="100048" Optional="0" Presentation_Value="1" Translated="0" Mandatory="0" Searchable="0">
   <LocalValue Value="1">
    <Measure ID="29">
     <Signs/>
    </Measure>
   </LocalValue>
   <Feature ID="25206">
    <Measure ID="29" Sign="">
     <Signs/>
    </Measure>
    <Name ID="2133023" langid="1" Value="Number of tablets per serving"/>
   </Feature>
  </ProductFeature>
  <ProductFeature Localized="0" ID="835230367" Local_ID="0" Value="30" CategoryFeature_ID="280319" CategoryFeatureGroup_ID="17656" No="100000" Optional="0" Presentation_Value="30 pc(s)" Translated="0" Mandatory="0" Searchable="0">
   <LocalValue Value="30">
    <Measure ID="144">
     <Signs>
      <Sign ID="125" langid="1"><![CDATA[pc(s)]]></Sign>
     </Signs>
    </Measure>
   </LocalValue>
   <Feature ID="20228">
    <Measure ID="144" Sign="">
     <Signs>
      <Sign ID="125" langid="1"><![CDATA[pc(s)]]></Sign>
     </Signs>
    </Measure>
    <Name ID="1498423" langid="1" Value="Quantity per pack"/>
   </Feature>
  </ProductFeature>
  <ProductFeature Localized="0" ID="835230346" Local_ID="0" Value="Desloratadin" CategoryFeature_ID="162318" CategoryFeatureGroup_ID="17656" No="99999" Optional="0" Presentation_Value="Desloratadin" Translated="0" Mandatory="0" Searchable="0">
   <LocalValue Value="Desloratadin">
    <Measure ID="29">
     <Signs/>
    </Measure>
   </LocalValue>
   <Feature ID="16908">
    <Measure ID="29" Sign="">
     <Signs/>
    </Measure>
    <Name ID="1216897" langid="1" Value="Ingredients"/>
   </Feature>
  </ProductFeature>
  <ProductFeature Localized="0" ID="835230368" Local_ID="0" Value="1" CategoryFeature_ID="162311" CategoryFeatureGroup_ID="18206" No="100003" Optional="0" Presentation_Value="1" Translated="0" Mandatory="0" Searchable="0">
   <LocalValue Value="1">
    <Measure ID="29">
     <Signs/>
    </Measure>
   </LocalValue>
   <Feature ID="1675">
    <Measure ID="29" Sign="">
     <Signs/>
    </Measure>
    <Name ID="5223" langid="1" Value="Quantity"/>
   </Feature>
  </ProductFeature>
  <ProductGallery>
   <ProductPicture IsMain="Y" LowPic="https://inishop.com/img/gallery_lows/869c7a2b6b046bfdc718f82360df87670a8be5a9.jpg" LowPicHeight="200" LowPicWidth="102" LowSize="22408" No="1" Original="https://inishop.com/img/gallery_raw/f076abc3f84fade2ba9894698edc4ffd769c6f55.png" OriginalSize="413986" Pic="https://inishop.com/img/gallery/7f8ed1c1ed32565e97c26366d1e9e29b9e8622f9.jpg" Pic500x500="https://inishop.com/img/gallery_mediums/a7c631e098abca1819a66f9a34fa4889e260f2c9.jpg" Pic500x500Height="500" Pic500x500Size="97550" Pic500x500Width="254" PicHeight="924" PicWidth="470" ProductPicture_ID="117094929" Size="266164" ThumbPic="https://inishop.com/img/gallery_thumbs/ad5ff9cd9a3aac9f331ba78bb69177d9e900ffe1.jpg" ThumbSize="5386" Type="ProductImage" UpdatedDate="2025-09-09 10:03:21"/>
  </ProductGallery>
  <ProductMultimediaObject/>
  <ProductRelated/>
  <SummaryDescription>
   <ShortSummaryDescription langid="1">Verman Deslox, Tablet</ShortSummaryDescription>
   <LongSummaryDescription langid="1">Verman Deslox. Dosage form: Tablet, Suitable for: Adults &amp; Children, Minimum age: 12 yr(s)</LongSummaryDescription>
  </SummaryDescription>
  <Supplier ID="43648" Name="Verman"/>
  <CatalogObjectCloud/>
  <BrandOrganizations/>
 </Product>
</ICECAT-interface>
