<?xml version="1.0" encoding="UTF-8"?>
<!DOCTYPE ICECAT-interface SYSTEM "https://data.icecat.biz/dtd/ICECAT-interface_response.dtd">
<!--source: Icecat.biz 2025-->
<!--Language ID: 1-->
<!--Version: v2-->
<ICECAT-interface xmlns:xsi="http://www.w3.org/2001/XMLSchema-instance" xsi:noNamespaceSchemaLocation="https://data.icecat.biz/xsd/ICECAT-interface_response.xsd">
 <Product Code="1" HighPic="https://images.icecat.biz/img/gallery/ae22baf4aa3646f49568864c0d865ca3.jpg" HighPicHeight="5000" HighPicSize="3534879" HighPicWidth="2920" ID="128680105" LowPic="https://images.icecat.biz/img/gallery_lows/ae22baf4aa3646f49568864c0d865ca3.jpg" LowPicHeight="200" LowPicSize="14484" LowPicWidth="117" Name="PO7-655" IntName="PO7-655" LocalName="" Pic500x500="https://images.icecat.biz/img/gallery_mediums/ae22baf4aa3646f49568864c0d865ca3.jpg" Pic500x500Height="500" Pic500x500Size="65026" Pic500x500Width="292" Prod_id="DG.E3ZEQ.00G" Quality="ICECAT" ReleaseDate="" ThumbPic="https://images.icecat.biz/img/gallery_thumbs/ae22baf4aa3646f49568864c0d865ca3.jpg" ThumbPicSize="3514" Title="Acer Predator Orion 7000 PO7-655 Intel® Core™ i9 i9-14900KF 64 GB DDR5-SDRAM 2 TB SSD NVIDIA GeForce RTX 4090 Windows 11 Home Desktop PC Black" GeneratedIntTitle="Acer Predator Orion 7000 PO7-655" GeneratedLocalTitle="Acer Predator Orion 7000 PO7-655 Intel® Core™ i9 i9-14900KF 64 GB DDR5-SDRAM 2 TB SSD NVIDIA GeForce RTX 4090 Windows 11 Home Desktop PC Black" BrandLocalTitle="">
  <CategoryFeatureGroup ID="10935" No="-15">
   <FeatureGroup ID="0">
    <Name ID="5073" langid="1" Value="Technical details"/>
   </FeatureGroup>
  </CategoryFeatureGroup>
  <CategoryFeatureGroup ID="2" No="100">
   <FeatureGroup ID="1">
    <Name ID="1222500" langid="1" Value="Processor"/>
   </FeatureGroup>
  </CategoryFeatureGroup>
  <CategoryFeatureGroup ID="3" No="95">
   <FeatureGroup ID="3">
    <Name ID="4863" langid="1" Value="Memory"/>
   </FeatureGroup>
  </CategoryFeatureGroup>
  <CategoryFeatureGroup ID="5" No="80">
   <FeatureGroup ID="4">
    <Name ID="4865" langid="1" Value="Optical drive"/>
   </FeatureGroup>
  </CategoryFeatureGroup>
  <CategoryFeatureGroup ID="82594" No="0">
   <FeatureGroup ID="5">
    <Name ID="4867" langid="1" Value="Display"/>
   </FeatureGroup>
  </CategoryFeatureGroup>
  <CategoryFeatureGroup ID="821" No="70">
   <FeatureGroup ID="12">
    <Name ID="4995" langid="1" Value="Ports &amp; interfaces"/>
   </FeatureGroup>
  </CategoryFeatureGroup>
  <CategoryFeatureGroup ID="1309" No="10">
   <FeatureGroup ID="14">
    <Name ID="5023" langid="1" Value="Weight &amp; dimensions"/>
   </FeatureGroup>
  </CategoryFeatureGroup>
  <CategoryFeatureGroup ID="1306" No="30">
   <FeatureGroup ID="27">
    <Name ID="5049" langid="1" Value="Power"/>
   </FeatureGroup>
  </CategoryFeatureGroup>
  <CategoryFeatureGroup ID="1307" No="25">
   <FeatureGroup ID="28">
    <Name ID="5067" langid="1" Value="Operational conditions"/>
   </FeatureGroup>
  </CategoryFeatureGroup>
  <CategoryFeatureGroup ID="2066" No="75">
   <FeatureGroup ID="35">
    <Name ID="5167" langid="1" Value="Network"/>
   </FeatureGroup>
  </CategoryFeatureGroup>
  <CategoryFeatureGroup ID="4138" No="90">
   <FeatureGroup ID="47">
    <Name ID="8858" langid="1" Value="Storage"/>
   </FeatureGroup>
  </CategoryFeatureGroup>
  <CategoryFeatureGroup ID="23793" No="5">
   <FeatureGroup ID="67">
    <Name ID="27423" langid="1" Value="Packaging data"/>
   </FeatureGroup>
  </CategoryFeatureGroup>
  <CategoryFeatureGroup ID="2693" No="20">
   <FeatureGroup ID="76">
    <Name ID="28540" langid="1" Value="Certificates"/>
   </FeatureGroup>
  </CategoryFeatureGroup>
  <CategoryFeatureGroup ID="3402" No="56">
   <FeatureGroup ID="90">
    <Name ID="30562" langid="1" Value="Software"/>
   </FeatureGroup>
  </CategoryFeatureGroup>
  <CategoryFeatureGroup ID="17454" No="15">
   <FeatureGroup ID="96">
    <Name ID="31318" langid="1" Value="Ergonomics"/>
   </FeatureGroup>
  </CategoryFeatureGroup>
  <CategoryFeatureGroup ID="9610" No="3">
   <FeatureGroup ID="116">
    <Name ID="78852" langid="1" Value="Packaging content"/>
   </FeatureGroup>
  </CategoryFeatureGroup>
  <CategoryFeatureGroup ID="4190" No="65">
   <FeatureGroup ID="124">
    <Name ID="154614" langid="1" Value="Expansion slots"/>
   </FeatureGroup>
  </CategoryFeatureGroup>
  <CategoryFeatureGroup ID="53417" No="0">
   <FeatureGroup ID="143">
    <Name ID="618812" langid="1" Value="Battery"/>
   </FeatureGroup>
  </CategoryFeatureGroup>
  <CategoryFeatureGroup ID="26494" No="53">
   <FeatureGroup ID="144">
    <Name ID="619994" langid="1" Value="Brand-specific features"/>
   </FeatureGroup>
  </CategoryFeatureGroup>
  <CategoryFeatureGroup ID="6656" No="-1000">
   <FeatureGroup ID="146">
    <Name ID="624346" langid="1" Value="Other features"/>
   </FeatureGroup>
  </CategoryFeatureGroup>
  <CategoryFeatureGroup ID="10928" No="60">
   <FeatureGroup ID="148">
    <Name ID="630457" langid="1" Value="Design"/>
   </FeatureGroup>
  </CategoryFeatureGroup>
  <CategoryFeatureGroup ID="8603" No="85">
   <FeatureGroup ID="163">
    <Name ID="764413" langid="1" Value="Graphics"/>
   </FeatureGroup>
  </CategoryFeatureGroup>
  <CategoryFeatureGroup ID="10386" No="55">
   <FeatureGroup ID="183">
    <Name ID="1210971" langid="1" Value="Processor special features"/>
   </FeatureGroup>
  </CategoryFeatureGroup>
  <CategoryFeatureGroup ID="10929" No="58">
   <FeatureGroup ID="184">
    <Name ID="1218765" langid="1" Value="Performance"/>
   </FeatureGroup>
  </CategoryFeatureGroup>
  <CategoryFeatureGroup ID="20048" No="-3">
   <FeatureGroup ID="185">
    <Name ID="1219853" langid="1" Value="Features"/>
   </FeatureGroup>
  </CategoryFeatureGroup>
  <CategoryFeatureGroup ID="26924" No="0">
   <FeatureGroup ID="198">
    <Name ID="1788927" langid="1" Value="Logistics data"/>
   </FeatureGroup>
  </CategoryFeatureGroup>
  <CategoryFeatureGroup ID="32703" No="0">
   <FeatureGroup ID="232">
    <Name ID="3464238" langid="1" Value="Supplier features"/>
   </FeatureGroup>
  </CategoryFeatureGroup>
  <CategoryFeatureGroup ID="26891" No="14">
   <FeatureGroup ID="241">
    <Name ID="3659372" langid="1" Value="Additional design features"/>
   </FeatureGroup>
  </CategoryFeatureGroup>
  <CategoryFeatureGroup ID="26892" No="13">
   <FeatureGroup ID="242">
    <Name ID="3660182" langid="1" Value="Tests &amp; awards"/>
   </FeatureGroup>
  </CategoryFeatureGroup>
  <CategoryFeatureGroup ID="27529" No="4">
   <FeatureGroup ID="247">
    <Name ID="4089916" langid="1" Value="Recycling data"/>
   </FeatureGroup>
  </CategoryFeatureGroup>
  <CategoryFeatureGroup ID="72247" No="19">
   <FeatureGroup ID="279">
    <Name ID="7392238" langid="1" Value="Sustainability"/>
   </FeatureGroup>
  </CategoryFeatureGroup>
  <CategoryFeatureGroup ID="77983" No="0">
   <FeatureGroup ID="305">
    <Name ID="8837290" langid="1" Value="Carbon footprint"/>
   </FeatureGroup>
  </CategoryFeatureGroup>
  <CategoryFeatureGroup ID="78320" No="98">
   <FeatureGroup ID="306">
    <Name ID="9064014" langid="1" Value="Neural processor unit (NPU)"/>
   </FeatureGroup>
  </CategoryFeatureGroup>
  <Category ID="153">
   <Name ID="3727420" langid="1" Value="PCs/Workstations"/>
   <VirtualCategories>
    <VirtualCategory ID="195" UNCATID="43171895">
     <Name ID="1131406" langid="1" Value="PCs"/>
    </VirtualCategory>
   </VirtualCategories>
  </Category>
  <EANCode EAN="4711474078469" Format="GTIN-13" IsApproved="1"/>
  <FeatureLogo ID="538" Feature_ID="44870" Value="Intel Core i9-14xxx" LogoPic="https://images.icecat.biz/img/feature_logo/538-3447.png" Width="300" Height="300" Size="0">
   <Descriptions>
    <Description ID="2991" langid="1">Intel® Core™ i9 Processors - Work, play, and create as quickly and seamlessly as your heart desires.&lt;br&gt;&lt;br&gt;- Faster performance empowering people to focus, create, and connect like never before&lt;br&gt;- Raising the bar on connectivity&lt;br&gt;- Video editing just under a minute</Description>
   </Descriptions>
   <FeatureLogoFeatures>
    <FeatureLogoFeature ID="44870">
     <FeatureLogoValues>
      <FeatureLogoValue ID="6382">Intel Core i9-14xxx</FeatureLogoValue>
     </FeatureLogoValues>
    </FeatureLogoFeature>
   </FeatureLogoFeatures>
  </FeatureLogo>
  <ReleaseDate/>
  <EndOfLifeDate/>
  <ReasonsToBuy/>
  <BulletPoints>
   <BulletPoint Value="Windows 11 Home 64-bit" langid="1" No="1"/>
   <BulletPoint Value="Intel Core i9-14900KF (36MB Cache)" langid="1" No="2"/>
   <BulletPoint Value="NVIDIA GeForce RTX 4090 (24GB GDDR6X)" langid="1" No="3"/>
   <BulletPoint Value="64GB DDR5-SDRAM &amp; 2000GB SSD" langid="1" No="4"/>
  </BulletPoints>
  <GeneratedBulletPoints>
   <GeneratedBulletPoint Value="Gaming PC Black 1200 W" langid="1" No="1"/>
   <GeneratedBulletPoint Value="Intel® Core™ i9 i9-14900KF Processor cores: 24" langid="1" No="2"/>
   <GeneratedBulletPoint Value="64 GB DDR5-SDRAM" langid="1" No="3"/>
   <GeneratedBulletPoint Value="2 TB SSD" langid="1" No="4"/>
   <GeneratedBulletPoint Value="NVIDIA GeForce RTX 4090 24 GB" langid="1" No="5"/>
   <GeneratedBulletPoint Value="Ethernet LAN 10,100,1000,2500 Mbit/s" langid="1" No="6"/>
   <GeneratedBulletPoint Value="Windows 11 Home 64-bit" langid="1" No="7"/>
  </GeneratedBulletPoints>
  <ProductBundled/>
  <ProductDescription ID="98462704" LongDesc="Show off that new powerful gaming PC with DLSS 3 and illuminate your room in the multi-hued ambience of ARGB as fiery FrostBlade™ fans hum in an endless high-speed harmony – giving constant cool to the Herculean hardware hidden away within.&lt;br&gt;&lt;br&gt;&lt;b&gt;CLAIM YOUR CROWN&lt;/b&gt;&lt;br&gt;Treat yourself to a new gaming PC and the supreme, task-mastering performance of the Orion 7000. The next-gen future-proofed desktop comes complete with Intel’s latest 13th Generation processors with their new performance hybrid architecture alongside GeForce RTX™ 4090 graphics.&lt;br&gt;&lt;br&gt;&lt;b&gt;NVIDIA® GEFORCE RTX™ 40 SERIES&lt;/b&gt;&lt;br&gt;NVIDIA® GeForce RTX™ 40 Series GPUs are beyond fast for gamers and creators. They're powered by the ultra-efficient NVIDIA Ada Lovelace architecture which delivers a quantum leap in both performance and AI-powered graphics. Experience lifelike virtual worlds with ray tracing and ultra-high FPS gaming with the lowest latency. Discover revolutionary new ways to create and unprecedented workflow acceleration&lt;br&gt;&lt;br&gt;&lt;b&gt;LOAD FASTER, PLAY SOONER&lt;/b&gt;&lt;br&gt;With M.2 PCIe 4.0 SSDs and SATA3 HDD – you can quickly swap between and load apps with ease. And, with Gen5 on the horizon, having an upgradeable gaming PC means you can immediately swap out and upgrade when the time comes.&lt;br&gt;&lt;br&gt;&lt;b&gt;STAY FROSTY&lt;/b&gt;&lt;br&gt;Keep frames high and temps low with the new ARGB-infused Predator FrostBlade™ 2.0 fans. Each of the fans includes eight ARGB LEDS and utilize a static pressure design to optimize airflow while reducing vibration and noise via sealed rifle bearings and a new arc-shaped design along the ends of the fins.&lt;br&gt;&lt;br&gt;&lt;b&gt;LIQUID-COOLED ILLUMINATION&lt;/b&gt;&lt;br&gt;Peer within the shadowy confines to catch a glimpse of our latest AIO CPU liquid cooler in action. Built from industry-leading components, no details were left out in pushing extremes to keep temps and noise levels low. The pump also features 12 addressable RGB LEDs and can support up to two 120mm fans on the radiator.&lt;br&gt;&lt;br&gt;&lt;b&gt;BE TRANSPARENT&lt;/b&gt;&lt;br&gt;Wreathed in darkened glass, plastic, metal, and mesh – Orion’s obsidian-hued, spartan-inspired chassis blazes forth in brilliant ARGB radiance for all to see. Getting access and upgrading down the road is also made easier with the DIY, tool-less design while the EMI-Compliant side panel keeps internals protected from outside interference.&lt;br&gt;&lt;br&gt;&lt;b&gt;LIGHT IT UP&lt;/b&gt;&lt;br&gt;Personalize the machine to your style with ARGB LEDs in all the right places with up to 16.7M colors at your avail. Make use of Pulsar Lighting via PredatorSense™ to customize to your heart’s content. Go with something simple or more complex and watch them spin up in a vivid spectrum of rainbow lighting.&lt;br&gt;&lt;br&gt;&lt;b&gt;JUST PLUG IN&lt;/b&gt;&lt;br&gt;Whether it’s on the desk or on the floor – sometimes you just and don’t feel like reaching behind the PC? Just give the USB ports (3x Type-A &amp; 1xType-C) and ever-so convenient audio jacks a go.&lt;br&gt;&lt;br&gt;&lt;b&gt;DTS:X® ULTRA&lt;/b&gt;&lt;br&gt;Turn any pair of headphones or speakers into a high-end 360° surround sound system – enabling you to experience your favorite movies, music and games with real-world spatial sound.&lt;br&gt;&lt;br&gt;&lt;b&gt;CUSTOM TUNING&lt;/b&gt;&lt;br&gt;Shape the audio to your personal tastes and track opponents as though you’re standing there next to them.&lt;br&gt;&lt;br&gt;&lt;b&gt;MAXIMIZATION&lt;/b&gt;&lt;br&gt;With signal protection and multi-band compression, sounds you hear come through exactly as they should in all the varied highs and lows.&lt;br&gt;&lt;br&gt;&lt;b&gt;ENHANCEMENT&lt;/b&gt;&lt;br&gt;This creates a wide expansive sound stage centered on the listener with improved harmonics for both mono and stereo.&lt;br&gt;&lt;br&gt;&lt;b&gt;LESS LATENCY, MORE VICTORY&lt;/b&gt;&lt;br&gt;With the Intel® Killer E3100G 2.5G Ethernet Controller, Intel® Wi-Fi 6E AX211 (Gig+)1, and Control Center 2.0, you have all the tools you need to clear out the online competition. You deserve the low latency and reliable connection that only Killer networks can provide.&lt;br&gt;&lt;br&gt;&lt;b&gt;PRIORITIZATION ENGINE&lt;/b&gt;&lt;br&gt;Detects thousands of games, applications, and websites and uses the Lag and Latency Reduction™ Technology to prioritize the most important packets for a fast, smooth online experience.&lt;br&gt;&lt;br&gt;&lt;b&gt;6GHZ Wi-Fi 6E1&lt;/b&gt;&lt;br&gt;The new expanded version of WiFi 6 is fully compatible with all your existing WiFi devices and utilizes the low traffic 6GHz frequency band – so older devices won’t impact your 6E performance at all2.&lt;br&gt;&lt;br&gt;&lt;b&gt;GAMEFAST TECHNOLOGY&lt;/b&gt;&lt;br&gt;Automatically pauses processes that are not needed when gaming to so the PC can devote more of its resources towards delivering a faster and more responsive gaming experience.&lt;br&gt;&lt;br&gt;" ManualPDFSize="0" ManualPDFURL="" MiddleDesc="" PDFSize="0" PDFURL="" ShortDesc="Intel Core i9-14900KF (36MB Cache), 64GB DDR5-SDRAM, 2000GB SSD, NVIDIA GeForce RTX 4090 (24GB GDDR6X), LAN, Windows 11 Home 64-bit" URL="https://www.acer.com/au-en/predator/desktops-and-all-in-ones/predator-orion/orion-7000" WarrantyInfo="" langid="1"/>
  <ProductFamily ID="62974" LowPic="" ThumbPic="">
   <Name ID="704097" langid="1" Value="Predator"/>
   <Series ID="7451">
    <Name ID="8027966" langid="1" Value="Orion 7000"/>
   </Series>
  </ProductFamily>
  <ProductFeature Localized="0" ID="739972734" Local_ID="0" Value="Intel Core i9" CategoryFeature_ID="11561" CategoryFeatureGroup_ID="2" No="10105300" Optional="0" Presentation_Value="Intel® Core™ i9" Translated="1" Mandatory="1" Searchable="1">
   <LocalValue Value="Intel® Core™ i9">
    <Measure ID="29">
     <Signs/>
    </Measure>
   </LocalValue>
   <Feature ID="2196">
    <Measure ID="29" Sign="">
     <Signs/>
    </Measure>
    <Name ID="11271" langid="1" Value="Processor family"/>
   </Feature>
  </ProductFeature>
  <ProductFeature Localized="0" ID="739972733" Local_ID="0" Value="Intel" CategoryFeature_ID="3032" CategoryFeatureGroup_ID="2" No="10200801" Optional="0" Presentation_Value="Intel" Translated="0" Mandatory="1" Searchable="0">
   <LocalValue Value="Intel">
    <Measure ID="29">
     <Signs/>
    </Measure>
   </LocalValue>
   <Feature ID="1013">
    <Measure ID="29" Sign="">
     <Signs/>
    </Measure>
    <Name ID="3567" langid="1" Value="Processor manufacturer"/>
   </Feature>
  </ProductFeature>
  <ProductFeature Localized="0" ID="739972736" Local_ID="0" Value="i9-14900KF" CategoryFeature_ID="62" CategoryFeatureGroup_ID="2" No="105200" Optional="0" Presentation_Value="i9-14900KF" Translated="0" Mandatory="1" Searchable="0">
   <LocalValue Value="i9-14900KF">
    <Measure ID="29">
     <Signs/>
    </Measure>
   </LocalValue>
   <Feature ID="47">
    <Measure ID="29" Sign="">
     <Signs/>
    </Measure>
    <Name ID="1431" langid="1" Value="Processor model"/>
   </Feature>
  </ProductFeature>
  <ProductFeature Localized="0" ID="739972735" Local_ID="0" Value="Intel Core i9-14xxx" CategoryFeature_ID="893380" CategoryFeatureGroup_ID="2" No="105300" Optional="0" Presentation_Value="Intel® Core™ i9 (14th gen)" Translated="1" Mandatory="0" Searchable="0">
   <LocalValue Value="Intel® Core™ i9 (14th gen)">
    <Measure ID="29">
     <Signs/>
    </Measure>
   </LocalValue>
   <Feature ID="44870">
    <Measure ID="29" Sign="">
     <Signs/>
    </Measure>
    <Name ID="8039388" langid="1" Value="Processor generation"/>
   </Feature>
  </ProductFeature>
  <ProductFeature Localized="0" ID="739972737" Local_ID="0" Value="24" CategoryFeature_ID="36486" CategoryFeatureGroup_ID="2" No="100220" Optional="0" Presentation_Value="24" Translated="0" Mandatory="0" Searchable="0">
   <LocalValue Value="24">
    <Measure ID="29">
     <Signs/>
    </Measure>
   </LocalValue>
   <Feature ID="6089">
    <Measure ID="29" Sign="">
     <Signs/>
    </Measure>
    <Name ID="138113" langid="1" Value="Processor cores"/>
   </Feature>
  </ProductFeature>
  <ProductFeature Localized="0" ID="739972740" Local_ID="0" Value="32" CategoryFeature_ID="52263" CategoryFeatureGroup_ID="2" No="100215" Optional="0" Presentation_Value="32" Translated="0" Mandatory="0" Searchable="0">
   <LocalValue Value="32">
    <Measure ID="29">
     <Signs/>
    </Measure>
   </LocalValue>
   <Feature ID="7337">
    <Measure ID="29" Sign="">
     <Signs/>
    </Measure>
    <Name ID="451013" langid="1" Value="Processor threads"/>
   </Feature>
  </ProductFeature>
  <ProductFeature Localized="0" ID="739972741" Local_ID="0" Value="6" CategoryFeature_ID="52264" CategoryFeatureGroup_ID="2" No="100210" Optional="0" Presentation_Value="6 GHz" Translated="0" Mandatory="0" Searchable="0">
   <LocalValue Value="6">
    <Measure ID="37">
     <Signs>
      <Sign ID="21" langid="1"><![CDATA[GHz]]></Sign>
     </Signs>
    </Measure>
   </LocalValue>
   <Feature ID="7978">
    <Measure ID="37" Sign="">
     <Signs>
      <Sign ID="21" langid="1"><![CDATA[GHz]]></Sign>
     </Signs>
    </Measure>
    <Name ID="617138" langid="1" Value="Processor boost frequency"/>
   </Feature>
  </ProductFeature>
  <ProductFeature Localized="0" ID="739972738" Local_ID="0" Value="8" CategoryFeature_ID="895771" CategoryFeatureGroup_ID="2" No="100200" Optional="0" Presentation_Value="8" Translated="0" Mandatory="0" Searchable="0">
   <LocalValue Value="8">
    <Measure ID="29">
     <Signs/>
    </Measure>
   </LocalValue>
   <Feature ID="44522">
    <Measure ID="29" Sign="">
     <Signs/>
    </Measure>
    <Name ID="7995929" langid="1" Value="Performance cores"/>
   </Feature>
  </ProductFeature>
  <ProductFeature Localized="0" ID="739972739" Local_ID="0" Value="16" CategoryFeature_ID="895770" CategoryFeatureGroup_ID="2" No="100195" Optional="0" Presentation_Value="16" Translated="0" Mandatory="0" Searchable="0">
   <LocalValue Value="16">
    <Measure ID="29">
     <Signs/>
    </Measure>
   </LocalValue>
   <Feature ID="44521">
    <Measure ID="29" Sign="">
     <Signs/>
    </Measure>
    <Name ID="7995855" langid="1" Value="Efficient cores"/>
   </Feature>
  </ProductFeature>
  <ProductFeature Localized="0" ID="739972747" Local_ID="0" Value="5.6" CategoryFeature_ID="932901" CategoryFeatureGroup_ID="2" No="100185" Optional="0" Presentation_Value="5.6 GHz" Translated="0" Mandatory="0" Searchable="0">
   <LocalValue Value="5.6">
    <Measure ID="37">
     <Signs>
      <Sign ID="21" langid="1"><![CDATA[GHz]]></Sign>
     </Signs>
    </Measure>
   </LocalValue>
   <Feature ID="46564">
    <Measure ID="37" Sign="">
     <Signs>
      <Sign ID="21" langid="1"><![CDATA[GHz]]></Sign>
     </Signs>
    </Measure>
    <Name ID="8651388" langid="1" Value="Performance-core Max Turbo Frequency"/>
   </Feature>
  </ProductFeature>
  <ProductFeature Localized="0" ID="739972748" Local_ID="0" Value="4.4" CategoryFeature_ID="932897" CategoryFeatureGroup_ID="2" No="100180" Optional="0" Presentation_Value="4.4 GHz" Translated="0" Mandatory="0" Searchable="0">
   <LocalValue Value="4.4">
    <Measure ID="37">
     <Signs>
      <Sign ID="21" langid="1"><![CDATA[GHz]]></Sign>
     </Signs>
    </Measure>
   </LocalValue>
   <Feature ID="46563">
    <Measure ID="37" Sign="">
     <Signs>
      <Sign ID="21" langid="1"><![CDATA[GHz]]></Sign>
     </Signs>
    </Measure>
    <Name ID="8651311" langid="1" Value="Efficient-core Max Turbo Frequency"/>
   </Feature>
  </ProductFeature>
  <ProductFeature Localized="0" ID="739972749" Local_ID="0" Value="3.2" CategoryFeature_ID="895767" CategoryFeatureGroup_ID="2" No="100170" Optional="0" Presentation_Value="3.2 GHz" Translated="0" Mandatory="0" Searchable="0">
   <LocalValue Value="3.2">
    <Measure ID="37">
     <Signs>
      <Sign ID="21" langid="1"><![CDATA[GHz]]></Sign>
     </Signs>
    </Measure>
   </LocalValue>
   <Feature ID="44531">
    <Measure ID="37" Sign="">
     <Signs>
      <Sign ID="21" langid="1"><![CDATA[GHz]]></Sign>
     </Signs>
    </Measure>
    <Name ID="8001300" langid="1" Value="Performance-core base frequency"/>
   </Feature>
  </ProductFeature>
  <ProductFeature Localized="0" ID="739972750" Local_ID="0" Value="2.4" CategoryFeature_ID="895769" CategoryFeatureGroup_ID="2" No="100165" Optional="0" Presentation_Value="2.4 GHz" Translated="0" Mandatory="0" Searchable="0">
   <LocalValue Value="2.4">
    <Measure ID="37">
     <Signs>
      <Sign ID="21" langid="1"><![CDATA[GHz]]></Sign>
     </Signs>
    </Measure>
   </LocalValue>
   <Feature ID="44529">
    <Measure ID="37" Sign="">
     <Signs>
      <Sign ID="21" langid="1"><![CDATA[GHz]]></Sign>
     </Signs>
    </Measure>
    <Name ID="8001152" langid="1" Value="Efficient-core base frequency"/>
   </Feature>
  </ProductFeature>
  <ProductFeature Localized="0" ID="739972743" Local_ID="0" Value="36" CategoryFeature_ID="101563" CategoryFeatureGroup_ID="2" No="100060" Optional="0" Presentation_Value="36 MB" Translated="0" Mandatory="0" Searchable="0">
   <LocalValue Value="36">
    <Measure ID="19">
     <Signs>
      <Sign ID="15506" langid="1"><![CDATA[MB]]></Sign>
     </Signs>
    </Measure>
   </LocalValue>
   <Feature ID="10041">
    <Measure ID="19" Sign="">
     <Signs>
      <Sign ID="15506" langid="1"><![CDATA[MB]]></Sign>
     </Signs>
    </Measure>
    <Name ID="852539" langid="1" Value="Processor cache"/>
   </Feature>
  </ProductFeature>
  <ProductFeature Localized="0" ID="739972744" Local_ID="0" Value="Smart Cache" CategoryFeature_ID="135208" CategoryFeatureGroup_ID="2" No="100059" Optional="0" Presentation_Value="Smart Cache" Translated="1" Mandatory="0" Searchable="0">
   <LocalValue Value="Smart Cache">
    <Measure ID="29">
     <Signs/>
    </Measure>
   </LocalValue>
   <Feature ID="21716">
    <Measure ID="29" Sign="">
     <Signs/>
    </Measure>
    <Name ID="1732769" langid="1" Value="Processor cache type"/>
   </Feature>
  </ProductFeature>
  <ProductFeature Localized="0" ID="739972331" Local_ID="0" Value="1" CategoryFeature_ID="2216" CategoryFeatureGroup_ID="2" No="100030" Optional="0" Presentation_Value="1" Translated="0" Mandatory="0" Searchable="0">
   <LocalValue Value="1">
    <Measure ID="29">
     <Signs/>
    </Measure>
   </LocalValue>
   <Feature ID="596">
    <Measure ID="29" Sign="">
     <Signs/>
    </Measure>
    <Name ID="2723" langid="1" Value="Number of processors installed"/>
   </Feature>
  </ProductFeature>
  <ProductFeature Localized="0" ID="739972745" Local_ID="0" Value="125" CategoryFeature_ID="903074" CategoryFeatureGroup_ID="2" No="100000" Optional="0" Presentation_Value="125 W" Translated="0" Mandatory="0" Searchable="0">
   <LocalValue Value="125">
    <Measure ID="44">
     <Signs>
      <Sign ID="28" langid="1"><![CDATA[W]]></Sign>
     </Signs>
    </Measure>
   </LocalValue>
   <Feature ID="44525">
    <Measure ID="44" Sign="">
     <Signs>
      <Sign ID="28" langid="1"><![CDATA[W]]></Sign>
     </Signs>
    </Measure>
    <Name ID="8000856" langid="1" Value="Processor base power"/>
   </Feature>
  </ProductFeature>
  <ProductFeature Localized="0" ID="739972746" Local_ID="0" Value="253" CategoryFeature_ID="903075" CategoryFeatureGroup_ID="2" No="100000" Optional="0" Presentation_Value="253 W" Translated="0" Mandatory="0" Searchable="0">
   <LocalValue Value="253">
    <Measure ID="44">
     <Signs>
      <Sign ID="28" langid="1"><![CDATA[W]]></Sign>
     </Signs>
    </Measure>
   </LocalValue>
   <Feature ID="44528">
    <Measure ID="44" Sign="">
     <Signs>
      <Sign ID="28" langid="1"><![CDATA[W]]></Sign>
     </Signs>
    </Measure>
    <Name ID="8001078" langid="1" Value="Maximum turbo power"/>
   </Feature>
  </ProductFeature>
  <ProductFeature Localized="0" ID="739972783" Local_ID="0" Value="64" CategoryFeature_ID="73752" CategoryFeatureGroup_ID="3" No="10105100" Optional="0" Presentation_Value="64 GB" Translated="0" Mandatory="1" Searchable="1">
   <LocalValue Value="64">
    <Measure ID="20">
     <Signs>
      <Sign ID="7" langid="1"><![CDATA[GB]]></Sign>
     </Signs>
    </Measure>
   </LocalValue>
   <Feature ID="11381">
    <Measure ID="20" Sign="">
     <Signs>
      <Sign ID="7" langid="1"><![CDATA[GB]]></Sign>
     </Signs>
    </Measure>
    <Name ID="1036616" langid="1" Value="Internal memory"/>
   </Feature>
  </ProductFeature>
  <ProductFeature Localized="0" ID="739972333" Local_ID="0" Value="64" CategoryFeature_ID="12118" CategoryFeatureGroup_ID="3" No="105099" Optional="0" Presentation_Value="64 GB" Translated="0" Mandatory="1" Searchable="0">
   <LocalValue Value="64">
    <Measure ID="20">
     <Signs>
      <Sign ID="7" langid="1"><![CDATA[GB]]></Sign>
     </Signs>
    </Measure>
   </LocalValue>
   <Feature ID="1452">
    <Measure ID="20" Sign="">
     <Signs>
      <Sign ID="7" langid="1"><![CDATA[GB]]></Sign>
     </Signs>
    </Measure>
    <Name ID="4561" langid="1" Value="Maximum internal memory"/>
   </Feature>
  </ProductFeature>
  <ProductFeature Localized="0" ID="739972332" Local_ID="0" Value="DDR5-SDRAM" CategoryFeature_ID="1226" CategoryFeatureGroup_ID="3" No="105098" Optional="0" Presentation_Value="DDR5-SDRAM" Translated="0" Mandatory="0" Searchable="0">
   <LocalValue Value="DDR5-SDRAM">
    <Measure ID="29">
     <Signs/>
    </Measure>
   </LocalValue>
   <Feature ID="427">
    <Measure ID="29" Sign="">
     <Signs/>
    </Measure>
    <Name ID="2221" langid="1" Value="Internal memory type"/>
   </Feature>
  </ProductFeature>
  <ProductFeature Localized="0" ID="739972769" Local_ID="0" Value="2000" CategoryFeature_ID="33231" CategoryFeatureGroup_ID="4138" No="10105000" Optional="0" Presentation_Value="2 TB" Translated="0" Mandatory="1" Searchable="1">
   <LocalValue Value="2">
    <Measure ID="159">
     <Signs>
      <Sign ID="2983" langid="1"><![CDATA[TB]]></Sign>
     </Signs>
    </Measure>
   </LocalValue>
   <Feature ID="3318">
    <Measure ID="20" Sign="">
     <Signs>
      <Sign ID="7" langid="1"><![CDATA[GB]]></Sign>
     </Signs>
    </Measure>
    <Name ID="31696" langid="1" Value="Total storage capacity"/>
   </Feature>
  </ProductFeature>
  <ProductFeature Localized="0" ID="739972354" Local_ID="0" Value="N" CategoryFeature_ID="2968" CategoryFeatureGroup_ID="4138" No="10100500" Optional="0" Presentation_Value="No" Translated="1" Mandatory="1" Searchable="1">
   <LocalValue Value="No">
    <Measure ID="29">
     <Signs/>
    </Measure>
   </LocalValue>
   <Feature ID="1120">
    <Measure ID="29" Sign="">
     <Signs/>
    </Measure>
    <Name ID="3781" langid="1" Value="Optical drive type"/>
   </Feature>
  </ProductFeature>
  <ProductFeature Localized="0" ID="739972771" Local_ID="0" Value="SSD" CategoryFeature_ID="96404" CategoryFeatureGroup_ID="4138" No="104000" Optional="0" Presentation_Value="SSD" Translated="1" Mandatory="1" Searchable="0">
   <LocalValue Value="SSD">
    <Measure ID="29">
     <Signs/>
    </Measure>
   </LocalValue>
   <Feature ID="11441">
    <Measure ID="29" Sign="">
     <Signs/>
    </Measure>
    <Name ID="1046575" langid="1" Value="Storage media"/>
   </Feature>
  </ProductFeature>
  <ProductFeature Localized="0" ID="739972773" Local_ID="0" Value="2000" CategoryFeature_ID="295712" CategoryFeatureGroup_ID="4138" No="100032" Optional="0" Presentation_Value="2 TB" Translated="0" Mandatory="0" Searchable="0">
   <LocalValue Value="2">
    <Measure ID="159">
     <Signs>
      <Sign ID="2983" langid="1"><![CDATA[TB]]></Sign>
     </Signs>
    </Measure>
   </LocalValue>
   <Feature ID="37918">
    <Measure ID="20" Sign="">
     <Signs>
      <Sign ID="7" langid="1"><![CDATA[GB]]></Sign>
     </Signs>
    </Measure>
    <Name ID="5144070" langid="1" Value="Total SSDs capacity"/>
   </Feature>
  </ProductFeature>
  <ProductFeature Localized="0" ID="739972774" Local_ID="0" Value="1" CategoryFeature_ID="45817" CategoryFeatureGroup_ID="4138" No="100030" Optional="0" Presentation_Value="1" Translated="0" Mandatory="0" Searchable="0">
   <LocalValue Value="1">
    <Measure ID="29">
     <Signs/>
    </Measure>
   </LocalValue>
   <Feature ID="7682">
    <Measure ID="29" Sign="">
     <Signs/>
    </Measure>
    <Name ID="594888" langid="1" Value="Number of SSDs installed"/>
   </Feature>
  </ProductFeature>
  <ProductFeature Localized="0" ID="739972789" Local_ID="0" Value="2000" CategoryFeature_ID="45777" CategoryFeatureGroup_ID="4138" No="100029" Optional="0" Presentation_Value="2 TB" Translated="0" Mandatory="0" Searchable="0">
   <LocalValue Value="2">
    <Measure ID="159">
     <Signs>
      <Sign ID="2983" langid="1"><![CDATA[TB]]></Sign>
     </Signs>
    </Measure>
   </LocalValue>
   <Feature ID="5586">
    <Measure ID="20" Sign="">
     <Signs>
      <Sign ID="7" langid="1"><![CDATA[GB]]></Sign>
     </Signs>
    </Measure>
    <Name ID="92192" langid="1" Value="SSD capacity"/>
   </Feature>
  </ProductFeature>
  <ProductFeature Localized="0" ID="739972793" Local_ID="0" Value="PCI Express 4.0" CategoryFeature_ID="45778" CategoryFeatureGroup_ID="4138" No="100028" Optional="0" Presentation_Value="PCI Express 4.0" Translated="0" Mandatory="0" Searchable="0">
   <LocalValue Value="PCI Express 4.0">
    <Measure ID="29">
     <Signs/>
    </Measure>
   </LocalValue>
   <Feature ID="5584">
    <Measure ID="29" Sign="">
     <Signs/>
    </Measure>
    <Name ID="92174" langid="1" Value="SSD interface"/>
   </Feature>
  </ProductFeature>
  <ProductFeature Localized="0" ID="739972754" Local_ID="0" Value="Y" CategoryFeature_ID="192532" CategoryFeatureGroup_ID="8603" No="10104810" Optional="0" Presentation_Value="Yes" Translated="1" Mandatory="1" Searchable="1">
   <LocalValue Value="Yes">
    <Measure ID="26">
     <Signs/>
    </Measure>
   </LocalValue>
   <Feature ID="27905">
    <Measure ID="26" Sign="">
     <Signs/>
    </Measure>
    <Name ID="2473691" langid="1" Value="Discrete graphics card"/>
   </Feature>
  </ProductFeature>
  <ProductFeature Localized="0" ID="739972752" Local_ID="0" Value="N" CategoryFeature_ID="74328" CategoryFeatureGroup_ID="8603" No="10104470" Optional="0" Presentation_Value="No" Translated="1" Mandatory="1" Searchable="1">
   <LocalValue Value="No">
    <Measure ID="26">
     <Signs/>
    </Measure>
   </LocalValue>
   <Feature ID="9997">
    <Measure ID="26" Sign="">
     <Signs/>
    </Measure>
    <Name ID="850071" langid="1" Value="On-board graphics card"/>
   </Feature>
  </ProductFeature>
  <ProductFeature Localized="0" ID="739972755" Local_ID="0" Value="NVIDIA GeForce RTX 4090" CategoryFeature_ID="53946" CategoryFeatureGroup_ID="8603" No="103900" Optional="0" Presentation_Value="NVIDIA GeForce RTX 4090" Translated="0" Mandatory="1" Searchable="0">
   <LocalValue Value="NVIDIA GeForce RTX 4090">
    <Measure ID="29">
     <Signs/>
    </Measure>
   </LocalValue>
   <Feature ID="9018">
    <Measure ID="29" Sign="">
     <Signs/>
    </Measure>
    <Name ID="757434" langid="1" Value="Discrete graphics card model"/>
   </Feature>
  </ProductFeature>
  <ProductFeature Localized="0" ID="739972751" Local_ID="0" Value="Not available" CategoryFeature_ID="53944" CategoryFeatureGroup_ID="8603" No="100446" Optional="0" Presentation_Value="Not available" Translated="1" Mandatory="1" Searchable="0">
   <LocalValue Value="Not available">
    <Measure ID="29">
     <Signs/>
    </Measure>
   </LocalValue>
   <Feature ID="9016">
    <Measure ID="29" Sign="">
     <Signs/>
    </Measure>
    <Name ID="757352" langid="1" Value="On-board graphics card model"/>
   </Feature>
  </ProductFeature>
  <ProductFeature Localized="0" ID="739972756" Local_ID="0" Value="24" CategoryFeature_ID="131976" CategoryFeatureGroup_ID="8603" No="100479" Optional="0" Presentation_Value="24 GB" Translated="0" Mandatory="0" Searchable="0">
   <LocalValue Value="24">
    <Measure ID="20">
     <Signs>
      <Sign ID="7" langid="1"><![CDATA[GB]]></Sign>
     </Signs>
    </Measure>
   </LocalValue>
   <Feature ID="18403">
    <Measure ID="20" Sign="">
     <Signs>
      <Sign ID="7" langid="1"><![CDATA[GB]]></Sign>
     </Signs>
    </Measure>
    <Name ID="1397361" langid="1" Value="Discrete graphics card memory"/>
   </Feature>
  </ProductFeature>
  <ProductFeature Localized="0" ID="739972757" Local_ID="0" Value="GDDR6X" CategoryFeature_ID="53950" CategoryFeatureGroup_ID="8603" No="100478" Optional="0" Presentation_Value="GDDR6X" Translated="0" Mandatory="0" Searchable="0">
   <LocalValue Value="GDDR6X">
    <Measure ID="29">
     <Signs/>
    </Measure>
   </LocalValue>
   <Feature ID="9020">
    <Measure ID="29" Sign="">
     <Signs/>
    </Measure>
    <Name ID="757516" langid="1" Value="Discrete graphics memory type"/>
   </Feature>
  </ProductFeature>
  <ProductFeature Localized="0" ID="739972758" Local_ID="0" Value="1" CategoryFeature_ID="117967" CategoryFeatureGroup_ID="8603" No="99850" Optional="0" Presentation_Value="1" Translated="0" Mandatory="0" Searchable="0">
   <LocalValue Value="1">
    <Measure ID="29">
     <Signs/>
    </Measure>
   </LocalValue>
   <Feature ID="20247">
    <Measure ID="29" Sign="">
     <Signs/>
    </Measure>
    <Name ID="1504574" langid="1" Value="Graphics card HDMI ports quantity"/>
   </Feature>
  </ProductFeature>
  <ProductFeature Localized="0" ID="739972760" Local_ID="0" Value="3" CategoryFeature_ID="117968" CategoryFeatureGroup_ID="8603" No="99850" Optional="0" Presentation_Value="3" Translated="0" Mandatory="0" Searchable="0">
   <LocalValue Value="3">
    <Measure ID="29">
     <Signs/>
    </Measure>
   </LocalValue>
   <Feature ID="20246">
    <Measure ID="29" Sign="">
     <Signs/>
    </Measure>
    <Name ID="1504524" langid="1" Value="Graphics card DisplayPorts quantity"/>
   </Feature>
  </ProductFeature>
  <ProductFeature Localized="0" ID="739972352" Local_ID="0" Value="Y" CategoryFeature_ID="36488" CategoryFeatureGroup_ID="2066" No="100100" Optional="0" Presentation_Value="Yes" Translated="1" Mandatory="1" Searchable="0">
   <LocalValue Value="Yes">
    <Measure ID="26">
     <Signs/>
    </Measure>
   </LocalValue>
   <Feature ID="1347">
    <Measure ID="26" Sign="">
     <Signs/>
    </Measure>
    <Name ID="4235" langid="1" Value="Ethernet LAN"/>
   </Feature>
  </ProductFeature>
  <ProductFeature Localized="0" ID="739972809" Local_ID="0" Value="N" CategoryFeature_ID="36487" CategoryFeatureGroup_ID="2066" No="100081" Optional="0" Presentation_Value="No" Translated="1" Mandatory="1" Searchable="0">
   <LocalValue Value="No">
    <Measure ID="26">
     <Signs/>
    </Measure>
   </LocalValue>
   <Feature ID="3239">
    <Measure ID="26" Sign="">
     <Signs/>
    </Measure>
    <Name ID="30766" langid="1" Value="Wi-Fi"/>
   </Feature>
  </ProductFeature>
  <ProductFeature Localized="0" ID="739972351" Local_ID="0" Value="10,100,1000,2500" CategoryFeature_ID="31181" CategoryFeatureGroup_ID="2066" No="100099" Optional="0" Presentation_Value="10,100,1000,2500 Mbit/s" Translated="0" Mandatory="0" Searchable="0">
   <LocalValue Value="10,100,1000,2500">
    <Measure ID="23">
     <Signs>
      <Sign ID="4" langid="1"><![CDATA[Mbit/s]]></Sign>
     </Signs>
    </Measure>
   </LocalValue>
   <Feature ID="3768">
    <Measure ID="23" Sign="">
     <Signs>
      <Sign ID="4" langid="1"><![CDATA[Mbit/s]]></Sign>
     </Signs>
    </Measure>
    <Name ID="42597" langid="1" Value="Ethernet LAN data rates"/>
   </Feature>
  </ProductFeature>
  <ProductFeature Localized="0" ID="739972334" Local_ID="0" Value="0" CategoryFeature_ID="14583" CategoryFeatureGroup_ID="821" No="100600" Optional="0" Presentation_Value="0" Translated="0" Mandatory="1" Searchable="0">
   <LocalValue Value="0">
    <Measure ID="29">
     <Signs/>
    </Measure>
   </LocalValue>
   <Feature ID="2308">
    <Measure ID="29" Sign="">
     <Signs/>
    </Measure>
    <Name ID="11964" langid="1" Value="USB 2.0 ports quantity"/>
   </Feature>
  </ProductFeature>
  <ProductFeature Localized="0" ID="739972340" Local_ID="0" Value="3" CategoryFeature_ID="138381" CategoryFeatureGroup_ID="821" No="100499" Optional="0" Presentation_Value="3" Translated="0" Mandatory="1" Searchable="0">
   <LocalValue Value="3">
    <Measure ID="29">
     <Signs/>
    </Measure>
   </LocalValue>
   <Feature ID="22701">
    <Measure ID="29" Sign="">
     <Signs/>
    </Measure>
    <Name ID="1791608" langid="1" Value="USB 3.2 Gen 1 (3.1 Gen 1) Type-A ports quantity"/>
   </Feature>
  </ProductFeature>
  <ProductFeature Localized="0" ID="739972341" Local_ID="0" Value="1" CategoryFeature_ID="138382" CategoryFeatureGroup_ID="821" No="100498" Optional="0" Presentation_Value="1" Translated="0" Mandatory="1" Searchable="0">
   <LocalValue Value="1">
    <Measure ID="29">
     <Signs/>
    </Measure>
   </LocalValue>
   <Feature ID="22702">
    <Measure ID="29" Sign="">
     <Signs/>
    </Measure>
    <Name ID="1791658" langid="1" Value="USB 3.2 Gen 1 (3.1 Gen 1) Type-C ports quantity"/>
   </Feature>
  </ProductFeature>
  <ProductFeature Localized="0" ID="739972342" Local_ID="0" Value="3" CategoryFeature_ID="138384" CategoryFeatureGroup_ID="821" No="100497" Optional="0" Presentation_Value="3" Translated="0" Mandatory="1" Searchable="0">
   <LocalValue Value="3">
    <Measure ID="29">
     <Signs/>
    </Measure>
   </LocalValue>
   <Feature ID="22703">
    <Measure ID="29" Sign="">
     <Signs/>
    </Measure>
    <Name ID="1791708" langid="1" Value="USB 3.2 Gen 2 (3.1 Gen 2) Type-A ports quantity"/>
   </Feature>
  </ProductFeature>
  <ProductFeature Localized="0" ID="739972343" Local_ID="0" Value="2" CategoryFeature_ID="138388" CategoryFeatureGroup_ID="821" No="100496" Optional="0" Presentation_Value="2" Translated="0" Mandatory="1" Searchable="0">
   <LocalValue Value="2">
    <Measure ID="29">
     <Signs/>
    </Measure>
   </LocalValue>
   <Feature ID="22704">
    <Measure ID="29" Sign="">
     <Signs/>
    </Measure>
    <Name ID="1791758" langid="1" Value="USB 3.2 Gen 2 (3.1 Gen 2) Type-C ports quantity"/>
   </Feature>
  </ProductFeature>
  <ProductFeature Localized="0" ID="739972345" Local_ID="0" Value="0" CategoryFeature_ID="138393" CategoryFeatureGroup_ID="821" No="100488" Optional="0" Presentation_Value="0" Translated="0" Mandatory="1" Searchable="0">
   <LocalValue Value="0">
    <Measure ID="29">
     <Signs/>
    </Measure>
   </LocalValue>
   <Feature ID="22730">
    <Measure ID="29" Sign="">
     <Signs/>
    </Measure>
    <Name ID="1794103" langid="1" Value="Thunderbolt 3 ports quantity"/>
   </Feature>
  </ProductFeature>
  <ProductFeature Localized="0" ID="739972346" Local_ID="0" Value="1" CategoryFeature_ID="308887" CategoryFeatureGroup_ID="821" No="100495" Optional="0" Presentation_Value="1" Translated="0" Mandatory="0" Searchable="0">
   <LocalValue Value="1">
    <Measure ID="29">
     <Signs/>
    </Measure>
   </LocalValue>
   <Feature ID="38601">
    <Measure ID="29" Sign="">
     <Signs/>
    </Measure>
    <Name ID="5375663" langid="1" Value="USB 3.2 Gen 2x2 Type-C ports quantity"/>
   </Feature>
  </ProductFeature>
  <ProductFeature Localized="0" ID="739972336" Local_ID="0" Value="1" CategoryFeature_ID="14590" CategoryFeatureGroup_ID="821" No="100340" Optional="0" Presentation_Value="1" Translated="0" Mandatory="0" Searchable="0">
   <LocalValue Value="1">
    <Measure ID="29">
     <Signs/>
    </Measure>
   </LocalValue>
   <Feature ID="2312">
    <Measure ID="29" Sign="">
     <Signs/>
    </Measure>
    <Name ID="11976" langid="1" Value="Ethernet LAN (RJ-45) ports"/>
   </Feature>
  </ProductFeature>
  <ProductFeature Localized="0" ID="739972335" Local_ID="0" Value="Y" CategoryFeature_ID="14589" CategoryFeatureGroup_ID="821" No="100097" Optional="0" Presentation_Value="Yes" Translated="1" Mandatory="0" Searchable="0">
   <LocalValue Value="Yes">
    <Measure ID="26">
     <Signs/>
    </Measure>
   </LocalValue>
   <Feature ID="1345">
    <Measure ID="26" Sign="">
     <Signs/>
    </Measure>
    <Name ID="4231" langid="1" Value="Line-out"/>
   </Feature>
  </ProductFeature>
  <ProductFeature Localized="0" ID="739972337" Local_ID="0" Value="Y" CategoryFeature_ID="14592" CategoryFeatureGroup_ID="821" No="100097" Optional="0" Presentation_Value="Yes" Translated="1" Mandatory="0" Searchable="0">
   <LocalValue Value="Yes">
    <Measure ID="26">
     <Signs/>
    </Measure>
   </LocalValue>
   <Feature ID="1344">
    <Measure ID="26" Sign="">
     <Signs/>
    </Measure>
    <Name ID="4229" langid="1" Value="Line-in"/>
   </Feature>
  </ProductFeature>
  <ProductFeature Localized="0" ID="739972339" Local_ID="0" Value="Y" CategoryFeature_ID="113477" CategoryFeatureGroup_ID="821" No="100096" Optional="0" Presentation_Value="Yes" Translated="1" Mandatory="0" Searchable="0">
   <LocalValue Value="Yes">
    <Measure ID="26">
     <Signs/>
    </Measure>
   </LocalValue>
   <Feature ID="9858">
    <Measure ID="26" Sign="">
     <Signs/>
    </Measure>
    <Name ID="824643" langid="1" Value="Combo headphone/mic port"/>
   </Feature>
  </ProductFeature>
  <ProductFeature Localized="0" ID="739972356" Local_ID="0" Value="1" CategoryFeature_ID="31429" CategoryFeatureGroup_ID="4190" No="100100" Optional="0" Presentation_Value="1" Translated="0" Mandatory="0" Searchable="0">
   <LocalValue Value="1">
    <Measure ID="29">
     <Signs/>
    </Measure>
   </LocalValue>
   <Feature ID="6259">
    <Measure ID="29" Sign="">
     <Signs/>
    </Measure>
    <Name ID="154551" langid="1" Value="PCI Express x1 slots"/>
   </Feature>
  </ProductFeature>
  <ProductFeature Localized="0" ID="739972357" Local_ID="0" Value="2" CategoryFeature_ID="31430" CategoryFeatureGroup_ID="4190" No="100070" Optional="0" Presentation_Value="2" Translated="0" Mandatory="0" Searchable="0">
   <LocalValue Value="2">
    <Measure ID="29">
     <Signs/>
    </Measure>
   </LocalValue>
   <Feature ID="6256">
    <Measure ID="29" Sign="">
     <Signs/>
    </Measure>
    <Name ID="154488" langid="1" Value="PCI Express x16 slots"/>
   </Feature>
  </ProductFeature>
  <ProductFeature Localized="0" ID="739972358" Local_ID="0" Value="Desktop" CategoryFeature_ID="2195" CategoryFeatureGroup_ID="10928" No="100600" Optional="0" Presentation_Value="Desktop" Translated="1" Mandatory="1" Searchable="0">
   <LocalValue Value="Desktop">
    <Measure ID="29">
     <Signs/>
    </Measure>
   </LocalValue>
   <Feature ID="734">
    <Measure ID="29" Sign="">
     <Signs/>
    </Measure>
    <Name ID="2999" langid="1" Value="Chassis type"/>
   </Feature>
  </ProductFeature>
  <ProductFeature Localized="0" ID="739972359" Local_ID="0" Value="Black" CategoryFeature_ID="28831" CategoryFeatureGroup_ID="10928" No="100001" Optional="0" Presentation_Value="Black" Translated="1" Mandatory="1" Searchable="0">
   <LocalValue Value="Black">
    <Measure ID="29">
     <Signs/>
    </Measure>
   </LocalValue>
   <Feature ID="1766">
    <Measure ID="29" Sign="">
     <Signs/>
    </Measure>
    <Name ID="5487" langid="1" Value="Product colour"/>
   </Feature>
  </ProductFeature>
  <ProductFeature Localized="0" ID="739972360" Local_ID="0" Value="Vertical" CategoryFeature_ID="63696" CategoryFeatureGroup_ID="10928" No="100390" Optional="0" Presentation_Value="Vertical" Translated="1" Mandatory="0" Searchable="0">
   <LocalValue Value="Vertical">
    <Measure ID="29">
     <Signs/>
    </Measure>
   </LocalValue>
   <Feature ID="3416">
    <Measure ID="29" Sign="">
     <Signs/>
    </Measure>
    <Name ID="32818" langid="1" Value="Placement supported"/>
   </Feature>
  </ProductFeature>
  <ProductFeature Localized="0" ID="739972361" Local_ID="0" Value="Y" CategoryFeature_ID="243529" CategoryFeatureGroup_ID="10928" No="100000" Optional="0" Presentation_Value="Yes" Translated="1" Mandatory="0" Searchable="0">
   <LocalValue Value="Yes">
    <Measure ID="26">
     <Signs/>
    </Measure>
   </LocalValue>
   <Feature ID="2570">
    <Measure ID="26" Sign="">
     <Signs/>
    </Measure>
    <Name ID="13167" langid="1" Value="Viewing window"/>
   </Feature>
  </ProductFeature>
  <ProductFeature Localized="0" ID="739972364" Local_ID="0" Value="PC" CategoryFeature_ID="86787" CategoryFeatureGroup_ID="10929" No="10100004" Optional="0" Presentation_Value="PC" Translated="1" Mandatory="1" Searchable="1">
   <LocalValue Value="PC">
    <Measure ID="29">
     <Signs/>
    </Measure>
   </LocalValue>
   <Feature ID="14052">
    <Measure ID="29" Sign="">
     <Signs/>
    </Measure>
    <Name ID="1127664" langid="1" Value="Product type"/>
   </Feature>
  </ProductFeature>
  <ProductFeature Localized="0" ID="739972362" Local_ID="0" Value="Gaming" CategoryFeature_ID="164640" CategoryFeatureGroup_ID="10929" No="100330" Optional="0" Presentation_Value="Gaming" Translated="1" Mandatory="0" Searchable="0">
   <LocalValue Value="Gaming">
    <Measure ID="29">
     <Signs/>
    </Measure>
   </LocalValue>
   <Feature ID="9021">
    <Measure ID="29" Sign="">
     <Signs/>
    </Measure>
    <Name ID="757557" langid="1" Value="Market positioning"/>
   </Feature>
  </ProductFeature>
  <ProductFeature Localized="0" ID="739972765" Local_ID="0" Value="Windows 11 Home" CategoryFeature_ID="20011" CategoryFeatureGroup_ID="3402" No="10100601" Optional="0" Presentation_Value="Windows 11 Home" Translated="0" Mandatory="1" Searchable="1">
   <LocalValue Value="Windows 11 Home">
    <Measure ID="29">
     <Signs/>
    </Measure>
   </LocalValue>
   <Feature ID="3233">
    <Measure ID="29" Sign="">
     <Signs/>
    </Measure>
    <Name ID="30700" langid="1" Value="Operating system installed"/>
   </Feature>
  </ProductFeature>
  <ProductFeature Localized="0" ID="739972766" Local_ID="0" Value="64-bit" CategoryFeature_ID="45086" CategoryFeatureGroup_ID="3402" No="106000" Optional="0" Presentation_Value="64-bit" Translated="1" Mandatory="0" Searchable="0">
   <LocalValue Value="64-bit">
    <Measure ID="29">
     <Signs/>
    </Measure>
   </LocalValue>
   <Feature ID="7563">
    <Measure ID="29" Sign="">
     <Signs/>
    </Measure>
    <Name ID="581101" langid="1" Value="Operating system architecture"/>
   </Feature>
  </ProductFeature>
  <ProductFeature Localized="0" ID="739972797" Local_ID="0" Value="1200" CategoryFeature_ID="3028" CategoryFeatureGroup_ID="1306" No="110000" Optional="0" Presentation_Value="1200 W" Translated="0" Mandatory="1" Searchable="0">
   <LocalValue Value="1200">
    <Measure ID="44">
     <Signs>
      <Sign ID="28" langid="1"><![CDATA[W]]></Sign>
     </Signs>
    </Measure>
   </LocalValue>
   <Feature ID="1242">
    <Measure ID="44" Sign="">
     <Signs>
      <Sign ID="28" langid="1"><![CDATA[W]]></Sign>
     </Signs>
    </Measure>
    <Name ID="4025" langid="1" Value="Power supply"/>
   </Feature>
  </ProductFeature>
  <ProductFeature Localized="0" ID="739972349" Local_ID="0" Value="219" CategoryFeature_ID="6228" CategoryFeatureGroup_ID="1309" No="100055" Optional="0" Presentation_Value="219 mm" Translated="0" Mandatory="1" Searchable="0">
   <LocalValue Value="219">
    <Measure ID="24">
     <Signs>
      <Sign ID="3" langid="1"><![CDATA[mm]]></Sign>
     </Signs>
    </Measure>
   </LocalValue>
   <Feature ID="1649">
    <Measure ID="24" Sign="">
     <Signs>
      <Sign ID="3" langid="1"><![CDATA[mm]]></Sign>
     </Signs>
    </Measure>
    <Name ID="5143" langid="1" Value="Width"/>
   </Feature>
  </ProductFeature>
  <ProductFeature Localized="0" ID="739972347" Local_ID="0" Value="504.8" CategoryFeature_ID="6225" CategoryFeatureGroup_ID="1309" No="100054" Optional="0" Presentation_Value="504.8 mm" Translated="0" Mandatory="1" Searchable="0">
   <LocalValue Value="504.8">
    <Measure ID="24">
     <Signs>
      <Sign ID="3" langid="1"><![CDATA[mm]]></Sign>
     </Signs>
    </Measure>
   </LocalValue>
   <Feature ID="1650">
    <Measure ID="24" Sign="">
     <Signs>
      <Sign ID="3" langid="1"><![CDATA[mm]]></Sign>
     </Signs>
    </Measure>
    <Name ID="5145" langid="1" Value="Depth"/>
   </Feature>
  </ProductFeature>
  <ProductFeature Localized="0" ID="739972348" Local_ID="0" Value="485" CategoryFeature_ID="6226" CategoryFeatureGroup_ID="1309" No="100053" Optional="0" Presentation_Value="485 mm" Translated="0" Mandatory="1" Searchable="0">
   <LocalValue Value="485">
    <Measure ID="24">
     <Signs>
      <Sign ID="3" langid="1"><![CDATA[mm]]></Sign>
     </Signs>
    </Measure>
   </LocalValue>
   <Feature ID="1464">
    <Measure ID="24" Sign="">
     <Signs>
      <Sign ID="3" langid="1"><![CDATA[mm]]></Sign>
     </Signs>
    </Measure>
    <Name ID="4625" langid="1" Value="Height"/>
   </Feature>
  </ProductFeature>
  <ProductFeature Localized="0" ID="739972355" Local_ID="0" Value="N" CategoryFeature_ID="11391" CategoryFeatureGroup_ID="82594" No="10100500" Optional="0" Presentation_Value="No" Translated="1" Mandatory="1" Searchable="1">
   <LocalValue Value="No">
    <Measure ID="26">
     <Signs/>
    </Measure>
   </LocalValue>
   <Feature ID="2177">
    <Measure ID="26" Sign="">
     <Signs/>
    </Measure>
    <Name ID="11115" langid="1" Value="Display included"/>
   </Feature>
  </ProductFeature>
  <ProductGallery>
   <ProductPicture IsMain="Y" LowPic="https://images.icecat.biz/img/gallery_lows/ae22baf4aa3646f49568864c0d865ca3.jpg" LowPicHeight="200" LowPicWidth="117" LowSize="14484" No="1" Original="https://images.icecat.biz/img/gallery_raw/ae22baf4aa3646f49568864c0d865ca3.png" OriginalSize="8670539" Pic="https://images.icecat.biz/img/gallery/ae22baf4aa3646f49568864c0d865ca3.jpg" Pic500x500="https://images.icecat.biz/img/gallery_mediums/ae22baf4aa3646f49568864c0d865ca3.jpg" Pic500x500Height="500" Pic500x500Size="65026" Pic500x500Width="292" PicHeight="5000" PicWidth="2920" ProductPicture_ID="101219893" Size="3534879" ThumbPic="https://images.icecat.biz/img/gallery_thumbs/ae22baf4aa3646f49568864c0d865ca3.jpg" ThumbSize="3514" Type="ProductImage" UpdatedDate="2025-02-13 11:45:01"/>
   <ProductPicture LowPic="https://images.icecat.biz/img/gallery_lows/72593fce3ba45f8737fb2b193aced900.jpg" LowPicHeight="200" LowPicWidth="174" LowSize="25691" No="2" Original="https://images.icecat.biz/img/gallery_raw/72593fce3ba45f8737fb2b193aced900.png" OriginalSize="14760158" Pic="https://images.icecat.biz/img/gallery/72593fce3ba45f8737fb2b193aced900.jpg" Pic500x500="https://images.icecat.biz/img/gallery_mediums/72593fce3ba45f8737fb2b193aced900.jpg" Pic500x500Height="500" Pic500x500Size="120488" Pic500x500Width="435" PicHeight="5000" PicWidth="4345" ProductPicture_ID="101219895" Size="6940765" ThumbPic="https://images.icecat.biz/img/gallery_thumbs/72593fce3ba45f8737fb2b193aced900.jpg" ThumbSize="5723" Type="ProductImage" UpdatedDate="2025-02-13 11:45:02"/>
   <ProductPicture LowPic="https://images.icecat.biz/img/gallery_lows/a3aeb5d04332a98eca1a7074e96bfc46.jpg" LowPicHeight="200" LowPicWidth="159" LowSize="18682" No="3" Original="https://images.icecat.biz/img/gallery_raw/a3aeb5d04332a98eca1a7074e96bfc46.png" OriginalSize="15057383" Pic="https://images.icecat.biz/img/gallery/a3aeb5d04332a98eca1a7074e96bfc46.jpg" Pic500x500="https://images.icecat.biz/img/gallery_mediums/a3aeb5d04332a98eca1a7074e96bfc46.jpg" Pic500x500Height="500" Pic500x500Size="93530" Pic500x500Width="397" PicHeight="5000" PicWidth="3967" ProductPicture_ID="101219897" Size="6985463" ThumbPic="https://images.icecat.biz/img/gallery_thumbs/a3aeb5d04332a98eca1a7074e96bfc46.jpg" ThumbSize="4197" Type="ProductImage" UpdatedDate="2025-02-13 11:45:03"/>
   <ProductPicture LowPic="https://images.icecat.biz/img/gallery_lows/41a043a42e1f3ef5100aab6215868ad3.jpg" LowPicHeight="180" LowPicWidth="200" LowSize="29207" No="4" Original="https://images.icecat.biz/img/gallery_raw/41a043a42e1f3ef5100aab6215868ad3.png" OriginalSize="17253308" Pic="https://images.icecat.biz/img/gallery/41a043a42e1f3ef5100aab6215868ad3.jpg" Pic500x500="https://images.icecat.biz/img/gallery_mediums/41a043a42e1f3ef5100aab6215868ad3.jpg" Pic500x500Height="451" Pic500x500Size="139018" Pic500x500Width="500" PicHeight="4512" PicWidth="5000" ProductPicture_ID="101219899" Size="7896827" ThumbPic="https://images.icecat.biz/img/gallery_thumbs/41a043a42e1f3ef5100aab6215868ad3.jpg" ThumbSize="5943" Type="ProductImage" UpdatedDate="2025-02-13 11:45:04"/>
   <ProductPicture LowPic="https://images.icecat.biz/img/gallery_lows/9da5c8ebd70d76f8af3839a16007333c.jpg" LowPicHeight="200" LowPicWidth="107" LowSize="14461" No="5" Original="https://images.icecat.biz/img/gallery_raw/9da5c8ebd70d76f8af3839a16007333c.png" OriginalSize="9503590" Pic="https://images.icecat.biz/img/gallery/9da5c8ebd70d76f8af3839a16007333c.jpg" Pic500x500="https://images.icecat.biz/img/gallery_mediums/9da5c8ebd70d76f8af3839a16007333c.jpg" Pic500x500Height="500" Pic500x500Size="66821" Pic500x500Width="268" PicHeight="5000" PicWidth="2683" ProductPicture_ID="101219906" Size="4234664" ThumbPic="https://images.icecat.biz/img/gallery_thumbs/9da5c8ebd70d76f8af3839a16007333c.jpg" ThumbSize="3568" Type="ProductImage" UpdatedDate="2025-02-13 11:45:05"/>
   <ProductPicture LowPic="https://images.icecat.biz/img/gallery_lows/38bbb9ab6255d862caac9fb459859013.jpg" LowPicHeight="200" LowPicWidth="111" LowSize="15846" No="6" Original="https://images.icecat.biz/img/gallery_raw/38bbb9ab6255d862caac9fb459859013.png" OriginalSize="15108248" Pic="https://images.icecat.biz/img/gallery/38bbb9ab6255d862caac9fb459859013.jpg" Pic500x500="https://images.icecat.biz/img/gallery_mediums/38bbb9ab6255d862caac9fb459859013.jpg" Pic500x500Height="500" Pic500x500Size="92055" Pic500x500Width="278" PicHeight="5000" PicWidth="2779" ProductPicture_ID="101219907" Size="7565464" ThumbPic="https://images.icecat.biz/img/gallery_thumbs/38bbb9ab6255d862caac9fb459859013.jpg" ThumbSize="3673" Type="ProductImage" UpdatedDate="2025-02-13 11:45:06"/>
   <ProductPicture LowPic="https://images.icecat.biz/img/gallery_lows/4bacdaa35405bc5204d24ef81a2bf1da.jpg" LowPicHeight="196" LowPicWidth="200" LowSize="33580" No="7" Original="https://images.icecat.biz/img/gallery_raw/4bacdaa35405bc5204d24ef81a2bf1da.png" OriginalSize="21281543" Pic="https://images.icecat.biz/img/gallery/4bacdaa35405bc5204d24ef81a2bf1da.jpg" Pic500x500="https://images.icecat.biz/img/gallery_mediums/4bacdaa35405bc5204d24ef81a2bf1da.jpg" Pic500x500Height="489" Pic500x500Size="160210" Pic500x500Width="500" PicHeight="4891" PicWidth="5000" ProductPicture_ID="101219908" Size="9542196" ThumbPic="https://images.icecat.biz/img/gallery_thumbs/4bacdaa35405bc5204d24ef81a2bf1da.jpg" ThumbSize="6572" Type="ProductImage" UpdatedDate="2025-02-13 11:45:06"/>
   <ProductPicture LowPic="https://images.icecat.biz/img/gallery_lows/cf4b3d6a543d9660cd04969466010ddb5e484d0d.jpg" LowPicHeight="150" LowPicWidth="200" LowSize="44432" No="8" Original="https://images.icecat.biz/img/gallery_raw/ec690145e923b8cec5c50913324b769655c01b9b.png" OriginalSize="18950305" Pic="https://images.icecat.biz/img/gallery/acf360246091dac9904317cc10a9c8f9e608aea0.jpg" Pic500x500="https://images.icecat.biz/img/gallery_mediums/13be45bc2b506add3f10a771479a64425fd201af.jpg" Pic500x500Height="376" Pic500x500Size="201422" Pic500x500Width="500" PicHeight="3757" PicWidth="5000" ProductPicture_ID="101219909" Size="9498014" ThumbPic="https://images.icecat.biz/img/gallery_thumbs/1261948833a4fa5e02d1df7b4ba4894ed4e38679.jpg" ThumbSize="9467" Type="ProductImage" UpdatedDate="2025-02-13 11:45:08"/>
   <ProductPicture LowPic="" LowPicHeight="0" LowPicWidth="0" LowSize="0" No="999" Original="" OriginalSize="0" Pic="https://images.icecat.biz/img/feature_logo/538-3447.png" Pic500x500="" Pic500x500Height="0" Pic500x500Size="0" Pic500x500Width="0" PicHeight="300" PicWidth="300" ProductPicture_ID="4348812165" Size="26475" ThumbPic="https://images.icecat.biz/img/feature_logo_thumbs/538-3447.png" ThumbSize="0" Type="FeatureLogo" UpdatedDate="" langid="1"/>
  </ProductGallery>
  <ProductMultimediaObject>
   <MultimediaObject ContentType="application/pdf" Date="2025-09-09 10:26:26" Description="Generated PDF" KeepAsURL="0" MultimediaObject_ID="0" Type="leaflet" UUID="00000000-0000-0000-0000-000000000000" langid="1" Height="0" PreviewHeight="0" PreviewSize="0" PreviewUrl="" PreviewWidth="0" Size="0" URL="https://icecat.biz/rest/product-pdf?productId=128680105&amp;lang=en&amp;AccessKey=tVGKVN0NApZGwF9sSWaWthghoRjlYo5f" Width="0"/>
  </ProductMultimediaObject>
  <ProductRelated ID="0" Category_ID="788" Preferred="0">
   <Product ID="93009748" Prod_id="SV.WCMA0.A02" ThumbPic="" Name="SV.WCMA0.A02">
    <Supplier ID="7" Name="Acer"/>
   </Product>
   <ProductRelatedLocales>
    <ProductRelatedLocale ID="0" langid="0" Preferred="0" StartDate="" EndDate=""/>
   </ProductRelatedLocales>
  </ProductRelated>
  <ProductRelated ID="0" Category_ID="788" Preferred="0">
   <Product ID="93009602" Prod_id="SV.WCMA0.A03" ThumbPic="" Name="SV.WCMA0.A03">
    <Supplier ID="7" Name="Acer"/>
   </Product>
   <ProductRelatedLocales>
    <ProductRelatedLocale ID="0" langid="0" Preferred="0" StartDate="" EndDate=""/>
   </ProductRelatedLocales>
  </ProductRelated>
  <ProductRelated ID="0" Category_ID="788" Preferred="0">
   <Product ID="93009385" Prod_id="SV.WCMA0.A00" ThumbPic="" Name="SV.WCMA0.A00">
    <Supplier ID="7" Name="Acer"/>
   </Product>
   <ProductRelatedLocales>
    <ProductRelatedLocale ID="0" langid="0" Preferred="0" StartDate="" EndDate=""/>
   </ProductRelatedLocales>
  </ProductRelated>
  <ProductRelated ID="0" Category_ID="788" Preferred="0">
   <Product ID="93009370" Prod_id="SV.WCMA0.A06" ThumbPic="" Name="SV.WCMA0.A06">
    <Supplier ID="7" Name="Acer"/>
   </Product>
   <ProductRelatedLocales>
    <ProductRelatedLocale ID="0" langid="0" Preferred="0" StartDate="" EndDate=""/>
   </ProductRelatedLocales>
  </ProductRelated>
  <SummaryDescription>
   <ShortSummaryDescription langid="1">Acer Predator Orion 7000 PO7-655, Intel® Core™ i9, i9-14900KF, 64 GB, 2 TB, Windows 11 Home, 64-bit</ShortSummaryDescription>
   <LongSummaryDescription langid="1">Acer Predator Orion 7000 PO7-655. Processor family: Intel® Core™ i9, Processor model: i9-14900KF. Internal memory: 64 GB, Internal memory type: DDR5-SDRAM. Total storage capacity: 2 TB, Storage media: SSD. Discrete graphics card model: NVIDIA GeForce RTX 4090. Operating system installed: Windows 11 Home, Operating system architecture: 64-bit. Power supply: 1200 W. Chassis type: Desktop. Product type: PC. Product colour: Black</LongSummaryDescription>
  </SummaryDescription>
  <Supplier ID="7" Name="Acer"/>
  <CatalogObjectCloud/>
  <BrandOrganizations>
   <BrandOwner>
    <Organization ID="ac483a42-a6d6-4a45-aee8-1728d20e42f9" Name="Acer Inc." CountryCode="TW" State="" City="New Taipei City" Street="Xin Tai 5th Road, Xizhi" HouseNumber="No. 88, Sec. 1" ZIP="221">
     <URLs>
      <URL>https://www.acer.com/corporate/en/investor-relations/contacts</URL>
     </URLs>
     <Emails/>
    </Organization>
   </BrandOwner>
   <Licensees/>
   <Representatives>
    <Representative ID="172489241077481627">
     <Organization ID="bbab3e42-fcb8-4ba7-9a78-d52623dbbb14" Name="Acer Computer B.V." CountryCode="NL" State="" City="Hertogenbosch" Street="Europalaan" HouseNumber="89" ZIP="5232 BC">
      <URLs>
       <URL>https://www.acer.com/nl-nl/about/contacts</URL>
      </URLs>
      <Emails/>
     </Organization>
    </Representative>
    <Representative ID="172489241077481628">
     <Organization ID="82527e9a-8151-440d-9cc0-984893ffeb1b" Name="Acer Computer GmbH" CountryCode="DE" State="" City="Ahrensburg" Street="Kornkamp" HouseNumber="4" ZIP="22926">
      <URLs>
       <URL>https://www.acer.com/de-de/about/contacts</URL>
      </URLs>
      <Emails/>
     </Organization>
    </Representative>
    <Representative ID="172489241077481629">
     <Organization ID="bde1351c-5e8b-4c85-89db-2e634b7d6ec9" Name="Acer Denmark A/S" CountryCode="DK" State="" City="Hellerup" Street="Strandvejen" HouseNumber="70" ZIP="2900">
      <URLs>
       <URL>https://www.acer.com/dk-da/about/contacts</URL>
      </URLs>
      <Emails/>
     </Organization>
    </Representative>
   </Representatives>
  </BrandOrganizations>
 </Product>
</ICECAT-interface>
