<?xml version="1.0" encoding="UTF-8"?>
<!DOCTYPE ICECAT-interface SYSTEM "https://data.icecat.biz/dtd/ICECAT-interface_response.dtd">
<!--source: Icecat.biz 2025-->
<!--Language ID: 1-->
<!--Version: v2-->
<ICECAT-interface xmlns:xsi="http://www.w3.org/2001/XMLSchema-instance" xsi:noNamespaceSchemaLocation="https://data.icecat.biz/xsd/ICECAT-interface_response.xsd">
 <Product Code="1" HighPic="https://images.icecat.biz/img/gallery/95370179_6229144531.jpg" HighPicHeight="1615" HighPicSize="963126" HighPicWidth="996" ID="128674306" LowPic="https://images.icecat.biz/img/gallery_lows/95370179_6229144531.jpg" LowPicHeight="200" LowPicSize="12597" LowPicWidth="123" Name="N50-640" IntName="N50-640" LocalName="" Pic500x500="https://images.icecat.biz/img/gallery_mediums/95370179_6229144531.jpg" Pic500x500Height="500" Pic500x500Size="70240" Pic500x500Width="308" Prod_id="DG.E2VEQ.00X" Quality="ICECAT" ReleaseDate="" ThumbPic="https://images.icecat.biz/img/gallery_thumbs/95370179_6229144531.jpg" ThumbPicSize="2813" Title="Acer NITRO 50 N50-640 Intel® Core™ i5 i5-12400F 8 GB DDR4-SDRAM 512 GB SSD NVIDIA® GeForce® GTX 1650 Windows 11 Home Desktop PC Black" GeneratedIntTitle="Acer NITRO 50 N50-640" GeneratedLocalTitle="Acer NITRO 50 N50-640 Intel® Core™ i5 i5-12400F 8 GB DDR4-SDRAM 512 GB SSD NVIDIA® GeForce® GTX 1650 Windows 11 Home Desktop PC Black" BrandLocalTitle="">
  <CategoryFeatureGroup ID="10935" No="-15">
   <FeatureGroup ID="0">
    <Name ID="5073" langid="1" Value="Technical details"/>
   </FeatureGroup>
  </CategoryFeatureGroup>
  <CategoryFeatureGroup ID="2" No="100">
   <FeatureGroup ID="1">
    <Name ID="1222500" langid="1" Value="Processor"/>
   </FeatureGroup>
  </CategoryFeatureGroup>
  <CategoryFeatureGroup ID="3" No="95">
   <FeatureGroup ID="3">
    <Name ID="4863" langid="1" Value="Memory"/>
   </FeatureGroup>
  </CategoryFeatureGroup>
  <CategoryFeatureGroup ID="5" No="80">
   <FeatureGroup ID="4">
    <Name ID="4865" langid="1" Value="Optical drive"/>
   </FeatureGroup>
  </CategoryFeatureGroup>
  <CategoryFeatureGroup ID="82594" No="0">
   <FeatureGroup ID="5">
    <Name ID="4867" langid="1" Value="Display"/>
   </FeatureGroup>
  </CategoryFeatureGroup>
  <CategoryFeatureGroup ID="821" No="70">
   <FeatureGroup ID="12">
    <Name ID="4995" langid="1" Value="Ports &amp; interfaces"/>
   </FeatureGroup>
  </CategoryFeatureGroup>
  <CategoryFeatureGroup ID="1309" No="10">
   <FeatureGroup ID="14">
    <Name ID="5023" langid="1" Value="Weight &amp; dimensions"/>
   </FeatureGroup>
  </CategoryFeatureGroup>
  <CategoryFeatureGroup ID="1306" No="30">
   <FeatureGroup ID="27">
    <Name ID="5049" langid="1" Value="Power"/>
   </FeatureGroup>
  </CategoryFeatureGroup>
  <CategoryFeatureGroup ID="1307" No="25">
   <FeatureGroup ID="28">
    <Name ID="5067" langid="1" Value="Operational conditions"/>
   </FeatureGroup>
  </CategoryFeatureGroup>
  <CategoryFeatureGroup ID="2066" No="75">
   <FeatureGroup ID="35">
    <Name ID="5167" langid="1" Value="Network"/>
   </FeatureGroup>
  </CategoryFeatureGroup>
  <CategoryFeatureGroup ID="4138" No="90">
   <FeatureGroup ID="47">
    <Name ID="8858" langid="1" Value="Storage"/>
   </FeatureGroup>
  </CategoryFeatureGroup>
  <CategoryFeatureGroup ID="23793" No="5">
   <FeatureGroup ID="67">
    <Name ID="27423" langid="1" Value="Packaging data"/>
   </FeatureGroup>
  </CategoryFeatureGroup>
  <CategoryFeatureGroup ID="2693" No="20">
   <FeatureGroup ID="76">
    <Name ID="28540" langid="1" Value="Certificates"/>
   </FeatureGroup>
  </CategoryFeatureGroup>
  <CategoryFeatureGroup ID="3402" No="56">
   <FeatureGroup ID="90">
    <Name ID="30562" langid="1" Value="Software"/>
   </FeatureGroup>
  </CategoryFeatureGroup>
  <CategoryFeatureGroup ID="17454" No="15">
   <FeatureGroup ID="96">
    <Name ID="31318" langid="1" Value="Ergonomics"/>
   </FeatureGroup>
  </CategoryFeatureGroup>
  <CategoryFeatureGroup ID="9610" No="3">
   <FeatureGroup ID="116">
    <Name ID="78852" langid="1" Value="Packaging content"/>
   </FeatureGroup>
  </CategoryFeatureGroup>
  <CategoryFeatureGroup ID="4190" No="65">
   <FeatureGroup ID="124">
    <Name ID="154614" langid="1" Value="Expansion slots"/>
   </FeatureGroup>
  </CategoryFeatureGroup>
  <CategoryFeatureGroup ID="53417" No="0">
   <FeatureGroup ID="143">
    <Name ID="618812" langid="1" Value="Battery"/>
   </FeatureGroup>
  </CategoryFeatureGroup>
  <CategoryFeatureGroup ID="26494" No="53">
   <FeatureGroup ID="144">
    <Name ID="619994" langid="1" Value="Brand-specific features"/>
   </FeatureGroup>
  </CategoryFeatureGroup>
  <CategoryFeatureGroup ID="6656" No="-1000">
   <FeatureGroup ID="146">
    <Name ID="624346" langid="1" Value="Other features"/>
   </FeatureGroup>
  </CategoryFeatureGroup>
  <CategoryFeatureGroup ID="10928" No="60">
   <FeatureGroup ID="148">
    <Name ID="630457" langid="1" Value="Design"/>
   </FeatureGroup>
  </CategoryFeatureGroup>
  <CategoryFeatureGroup ID="8603" No="85">
   <FeatureGroup ID="163">
    <Name ID="764413" langid="1" Value="Graphics"/>
   </FeatureGroup>
  </CategoryFeatureGroup>
  <CategoryFeatureGroup ID="10386" No="55">
   <FeatureGroup ID="183">
    <Name ID="1210971" langid="1" Value="Processor special features"/>
   </FeatureGroup>
  </CategoryFeatureGroup>
  <CategoryFeatureGroup ID="10929" No="58">
   <FeatureGroup ID="184">
    <Name ID="1218765" langid="1" Value="Performance"/>
   </FeatureGroup>
  </CategoryFeatureGroup>
  <CategoryFeatureGroup ID="20048" No="-3">
   <FeatureGroup ID="185">
    <Name ID="1219853" langid="1" Value="Features"/>
   </FeatureGroup>
  </CategoryFeatureGroup>
  <CategoryFeatureGroup ID="26924" No="0">
   <FeatureGroup ID="198">
    <Name ID="1788927" langid="1" Value="Logistics data"/>
   </FeatureGroup>
  </CategoryFeatureGroup>
  <CategoryFeatureGroup ID="32703" No="0">
   <FeatureGroup ID="232">
    <Name ID="3464238" langid="1" Value="Supplier features"/>
   </FeatureGroup>
  </CategoryFeatureGroup>
  <CategoryFeatureGroup ID="26891" No="14">
   <FeatureGroup ID="241">
    <Name ID="3659372" langid="1" Value="Additional design features"/>
   </FeatureGroup>
  </CategoryFeatureGroup>
  <CategoryFeatureGroup ID="26892" No="13">
   <FeatureGroup ID="242">
    <Name ID="3660182" langid="1" Value="Tests &amp; awards"/>
   </FeatureGroup>
  </CategoryFeatureGroup>
  <CategoryFeatureGroup ID="27529" No="4">
   <FeatureGroup ID="247">
    <Name ID="4089916" langid="1" Value="Recycling data"/>
   </FeatureGroup>
  </CategoryFeatureGroup>
  <CategoryFeatureGroup ID="72247" No="19">
   <FeatureGroup ID="279">
    <Name ID="7392238" langid="1" Value="Sustainability"/>
   </FeatureGroup>
  </CategoryFeatureGroup>
  <CategoryFeatureGroup ID="77983" No="0">
   <FeatureGroup ID="305">
    <Name ID="8837290" langid="1" Value="Carbon footprint"/>
   </FeatureGroup>
  </CategoryFeatureGroup>
  <CategoryFeatureGroup ID="78320" No="98">
   <FeatureGroup ID="306">
    <Name ID="9064014" langid="1" Value="Neural processor unit (NPU)"/>
   </FeatureGroup>
  </CategoryFeatureGroup>
  <Category ID="153">
   <Name ID="3727420" langid="1" Value="PCs/Workstations"/>
   <VirtualCategories>
    <VirtualCategory ID="195" UNCATID="43171895">
     <Name ID="1131406" langid="1" Value="PCs"/>
    </VirtualCategory>
   </VirtualCategories>
  </Category>
  <EANCode EAN="4711121092718" Format="GTIN-13" IsApproved="1"/>
  <FeatureLogo ID="1075" Feature_ID="44870" Value="Intel Core i5-12xxx" LogoPic="https://images.icecat.biz/img/feature_logo/1075-1199.png" Width="300" Height="300" Size="0">
   <Descriptions>
    <Description ID="4993" langid="1">12th Gen Intel® Core™ Processors. Delivering Superior Performance Where You Need It Most.&lt;br&gt;&lt;br&gt;Take the next evolutionary leap with the performance hybrid architecture of 12th Generation Intel® Core™ processors. Get the performance you need, where you need it—whether you’re a gamer, creator, streamer, or everyday user. Whatever you’re into, do more of it, whenever you want.</Description>
   </Descriptions>
   <FeatureLogoFeatures>
    <FeatureLogoFeature ID="44870">
     <FeatureLogoValues>
      <FeatureLogoValue ID="4544">Intel Core i5-12xxx</FeatureLogoValue>
     </FeatureLogoValues>
    </FeatureLogoFeature>
   </FeatureLogoFeatures>
  </FeatureLogo>
  <ReleaseDate/>
  <EndOfLifeDate/>
  <ReasonsToBuy/>
  <BulletPoints>
   <BulletPoint Value="Windows 11 Home 64-bit" langid="1" No="1"/>
   <BulletPoint Value="Intel Core i5-12400F (18MB Cache)" langid="1" No="2"/>
   <BulletPoint Value="NVIDIA GeForce GTX 1650 (4GB GDDR5)" langid="1" No="3"/>
   <BulletPoint Value="8GB DDR4-SDRAM &amp; 512GB SSD" langid="1" No="4"/>
  </BulletPoints>
  <GeneratedBulletPoints>
   <GeneratedBulletPoint Value="Gaming PC Black" langid="1" No="1"/>
   <GeneratedBulletPoint Value="Intel® Core™ i5 i5-12400F Processor cores: 6" langid="1" No="2"/>
   <GeneratedBulletPoint Value="8 GB DDR4-SDRAM" langid="1" No="3"/>
   <GeneratedBulletPoint Value="512 GB SSD" langid="1" No="4"/>
   <GeneratedBulletPoint Value="NVIDIA® GeForce® GTX 1650 4 GB" langid="1" No="5"/>
   <GeneratedBulletPoint Value="Ethernet LAN Wi-Fi 6 (802.11ax) Bluetooth" langid="1" No="6"/>
   <GeneratedBulletPoint Value="Windows 11 Home 64-bit" langid="1" No="7"/>
  </GeneratedBulletPoints>
  <ProductBundled/>
  <ProductDescription ID="98462252" LongDesc="Ignite your gaming passion with the Acer Nitro 50 gaming desktop. Powered by the latest Intel® Core™ 14th gen processors, NVIDIA® GeForce RTX™ 40 Series graphics, it's tailored for unmatched performance.&lt;br&gt;&lt;br&gt;&lt;b&gt;Game without Compromise&lt;/b&gt;&lt;br&gt;Be everything you want to be, ingame, and out with optimized performance and new features. Play harder and work smarter with Intel® Core ™ processors. And, with the addition of high-speed DDR5 RAM – any tasks you encounter are dealt with almost immediately.&lt;br&gt;&lt;br&gt;&lt;b&gt;Beyond Fast&lt;/b&gt;&lt;br&gt;NVIDIA® GeForce RTX™ 40 Series GPUs are beyond fast for gamers and creators. Experience lifelike virtual worlds, ultra-high FPS gaming, revolutionary new ways to create, and unprecedented workflow acceleration.&lt;br&gt;&lt;br&gt;&lt;b&gt;Speed Unleashed&lt;/b&gt;&lt;br&gt;Delve into lightning-fast load times with up to 1TB1 M.2 PCIe Gen4 SSD. Thanks to PCIe® 4.0 NVMe™ technology, you're all set for blazing performance, complemented by two additional bays for 3.5-inch HDD drives. Your games and software, will load quicker than ever.&lt;br&gt;&lt;br&gt;&lt;b&gt;Wireless Charging Perfection&lt;/b&gt;&lt;br&gt;Elevate your setup with the Nitro 50's integrated 10W wireless charging pad2. Positioned atop the desktop, it's convenience refined, ensuring your devices stay charged and ready for action.&lt;br&gt;&lt;br&gt;&lt;b&gt;Sleek &amp; Bold Aesthetics&lt;/b&gt;&lt;br&gt;Dive into 2023 with the Nitro 50's striking design, showcasing vibrant red LEDs, aerodynamic contours, and cooling air-venting bezels. Its meticulously designed 18-liter chassis makes a statement, whether it's gracing your desk or settled on the floor.&lt;br&gt;&lt;br&gt;&lt;b&gt;Take Control with NitroSense&lt;/b&gt;&lt;br&gt;Configure your gaming scenarios, keep a close watch on your system's performance, or unleash your fans for peak frame rates. With the NitroSense utility app, every aspect of your PC is at your fingertips.&lt;br&gt;&lt;br&gt;" ManualPDFSize="0" ManualPDFURL="" MiddleDesc="" PDFSize="0" PDFURL="" ShortDesc="Intel Core i5-12400F (18MB Cache), 8GB DDR4-SDRAM, 512GB SSD, NVIDIA GeForce GTX 1650 (4GB GDDR5), LAN, WLAN, Bluetooth, Windows 11 Home 64-bit" URL="https://www.acer.com/us-en/desktops-and-all-in-ones/nitro-desktops/nitro-50" WarrantyInfo="" langid="1"/>
  <ProductFamily ID="68959" LowPic="" ThumbPic="">
   <Name ID="4326291" langid="1" Value="NITRO"/>
   <Series ID="6375">
    <Name ID="4326292" langid="1" Value="50"/>
   </Series>
  </ProductFamily>
  <ProductFeature Localized="0" ID="739960169" Local_ID="0" Value="Intel Core i5" CategoryFeature_ID="11561" CategoryFeatureGroup_ID="2" No="10105300" Optional="0" Presentation_Value="Intel® Core™ i5" Translated="1" Mandatory="1" Searchable="1">
   <LocalValue Value="Intel® Core™ i5">
    <Measure ID="29">
     <Signs/>
    </Measure>
   </LocalValue>
   <Feature ID="2196">
    <Measure ID="29" Sign="">
     <Signs/>
    </Measure>
    <Name ID="11271" langid="1" Value="Processor family"/>
   </Feature>
  </ProductFeature>
  <ProductFeature Localized="0" ID="739960168" Local_ID="0" Value="Intel" CategoryFeature_ID="3032" CategoryFeatureGroup_ID="2" No="10200801" Optional="0" Presentation_Value="Intel" Translated="0" Mandatory="1" Searchable="0">
   <LocalValue Value="Intel">
    <Measure ID="29">
     <Signs/>
    </Measure>
   </LocalValue>
   <Feature ID="1013">
    <Measure ID="29" Sign="">
     <Signs/>
    </Measure>
    <Name ID="3567" langid="1" Value="Processor manufacturer"/>
   </Feature>
  </ProductFeature>
  <ProductFeature Localized="0" ID="739960171" Local_ID="0" Value="i5-12400F" CategoryFeature_ID="62" CategoryFeatureGroup_ID="2" No="105200" Optional="0" Presentation_Value="i5-12400F" Translated="0" Mandatory="1" Searchable="0">
   <LocalValue Value="i5-12400F">
    <Measure ID="29">
     <Signs/>
    </Measure>
   </LocalValue>
   <Feature ID="47">
    <Measure ID="29" Sign="">
     <Signs/>
    </Measure>
    <Name ID="1431" langid="1" Value="Processor model"/>
   </Feature>
  </ProductFeature>
  <ProductFeature Localized="0" ID="739960170" Local_ID="0" Value="Intel Core i5-12xxx" CategoryFeature_ID="893380" CategoryFeatureGroup_ID="2" No="105300" Optional="0" Presentation_Value="12th gen Intel® Core™ i5" Translated="1" Mandatory="0" Searchable="0">
   <LocalValue Value="12th gen Intel® Core™ i5">
    <Measure ID="29">
     <Signs/>
    </Measure>
   </LocalValue>
   <Feature ID="44870">
    <Measure ID="29" Sign="">
     <Signs/>
    </Measure>
    <Name ID="8039388" langid="1" Value="Processor generation"/>
   </Feature>
  </ProductFeature>
  <ProductFeature Localized="0" ID="739960172" Local_ID="0" Value="6" CategoryFeature_ID="36486" CategoryFeatureGroup_ID="2" No="100220" Optional="0" Presentation_Value="6" Translated="0" Mandatory="0" Searchable="0">
   <LocalValue Value="6">
    <Measure ID="29">
     <Signs/>
    </Measure>
   </LocalValue>
   <Feature ID="6089">
    <Measure ID="29" Sign="">
     <Signs/>
    </Measure>
    <Name ID="138113" langid="1" Value="Processor cores"/>
   </Feature>
  </ProductFeature>
  <ProductFeature Localized="0" ID="739960175" Local_ID="0" Value="12" CategoryFeature_ID="52263" CategoryFeatureGroup_ID="2" No="100215" Optional="0" Presentation_Value="12" Translated="0" Mandatory="0" Searchable="0">
   <LocalValue Value="12">
    <Measure ID="29">
     <Signs/>
    </Measure>
   </LocalValue>
   <Feature ID="7337">
    <Measure ID="29" Sign="">
     <Signs/>
    </Measure>
    <Name ID="451013" langid="1" Value="Processor threads"/>
   </Feature>
  </ProductFeature>
  <ProductFeature Localized="0" ID="739960176" Local_ID="0" Value="4.4" CategoryFeature_ID="52264" CategoryFeatureGroup_ID="2" No="100210" Optional="0" Presentation_Value="4.4 GHz" Translated="0" Mandatory="0" Searchable="0">
   <LocalValue Value="4.4">
    <Measure ID="37">
     <Signs>
      <Sign ID="21" langid="1"><![CDATA[GHz]]></Sign>
     </Signs>
    </Measure>
   </LocalValue>
   <Feature ID="7978">
    <Measure ID="37" Sign="">
     <Signs>
      <Sign ID="21" langid="1"><![CDATA[GHz]]></Sign>
     </Signs>
    </Measure>
    <Name ID="617138" langid="1" Value="Processor boost frequency"/>
   </Feature>
  </ProductFeature>
  <ProductFeature Localized="0" ID="739960173" Local_ID="0" Value="6" CategoryFeature_ID="895771" CategoryFeatureGroup_ID="2" No="100200" Optional="0" Presentation_Value="6" Translated="0" Mandatory="0" Searchable="0">
   <LocalValue Value="6">
    <Measure ID="29">
     <Signs/>
    </Measure>
   </LocalValue>
   <Feature ID="44522">
    <Measure ID="29" Sign="">
     <Signs/>
    </Measure>
    <Name ID="7995929" langid="1" Value="Performance cores"/>
   </Feature>
  </ProductFeature>
  <ProductFeature Localized="0" ID="739960174" Local_ID="0" Value="0" CategoryFeature_ID="895770" CategoryFeatureGroup_ID="2" No="100195" Optional="0" Presentation_Value="0" Translated="0" Mandatory="0" Searchable="0">
   <LocalValue Value="0">
    <Measure ID="29">
     <Signs/>
    </Measure>
   </LocalValue>
   <Feature ID="44521">
    <Measure ID="29" Sign="">
     <Signs/>
    </Measure>
    <Name ID="7995855" langid="1" Value="Efficient cores"/>
   </Feature>
  </ProductFeature>
  <ProductFeature Localized="0" ID="739960182" Local_ID="0" Value="4.4" CategoryFeature_ID="932901" CategoryFeatureGroup_ID="2" No="100185" Optional="0" Presentation_Value="4.4 GHz" Translated="0" Mandatory="0" Searchable="0">
   <LocalValue Value="4.4">
    <Measure ID="37">
     <Signs>
      <Sign ID="21" langid="1"><![CDATA[GHz]]></Sign>
     </Signs>
    </Measure>
   </LocalValue>
   <Feature ID="46564">
    <Measure ID="37" Sign="">
     <Signs>
      <Sign ID="21" langid="1"><![CDATA[GHz]]></Sign>
     </Signs>
    </Measure>
    <Name ID="8651388" langid="1" Value="Performance-core Max Turbo Frequency"/>
   </Feature>
  </ProductFeature>
  <ProductFeature Localized="0" ID="739960183" Local_ID="0" Value="2.5" CategoryFeature_ID="895767" CategoryFeatureGroup_ID="2" No="100170" Optional="0" Presentation_Value="2.5 GHz" Translated="0" Mandatory="0" Searchable="0">
   <LocalValue Value="2.5">
    <Measure ID="37">
     <Signs>
      <Sign ID="21" langid="1"><![CDATA[GHz]]></Sign>
     </Signs>
    </Measure>
   </LocalValue>
   <Feature ID="44531">
    <Measure ID="37" Sign="">
     <Signs>
      <Sign ID="21" langid="1"><![CDATA[GHz]]></Sign>
     </Signs>
    </Measure>
    <Name ID="8001300" langid="1" Value="Performance-core base frequency"/>
   </Feature>
  </ProductFeature>
  <ProductFeature Localized="0" ID="739960178" Local_ID="0" Value="18" CategoryFeature_ID="101563" CategoryFeatureGroup_ID="2" No="100060" Optional="0" Presentation_Value="18 MB" Translated="0" Mandatory="0" Searchable="0">
   <LocalValue Value="18">
    <Measure ID="19">
     <Signs>
      <Sign ID="15506" langid="1"><![CDATA[MB]]></Sign>
     </Signs>
    </Measure>
   </LocalValue>
   <Feature ID="10041">
    <Measure ID="19" Sign="">
     <Signs>
      <Sign ID="15506" langid="1"><![CDATA[MB]]></Sign>
     </Signs>
    </Measure>
    <Name ID="852539" langid="1" Value="Processor cache"/>
   </Feature>
  </ProductFeature>
  <ProductFeature Localized="0" ID="739960179" Local_ID="0" Value="Smart Cache" CategoryFeature_ID="135208" CategoryFeatureGroup_ID="2" No="100059" Optional="0" Presentation_Value="Smart Cache" Translated="1" Mandatory="0" Searchable="0">
   <LocalValue Value="Smart Cache">
    <Measure ID="29">
     <Signs/>
    </Measure>
   </LocalValue>
   <Feature ID="21716">
    <Measure ID="29" Sign="">
     <Signs/>
    </Measure>
    <Name ID="1732769" langid="1" Value="Processor cache type"/>
   </Feature>
  </ProductFeature>
  <ProductFeature Localized="0" ID="739960071" Local_ID="0" Value="1" CategoryFeature_ID="2216" CategoryFeatureGroup_ID="2" No="100030" Optional="0" Presentation_Value="1" Translated="0" Mandatory="0" Searchable="0">
   <LocalValue Value="1">
    <Measure ID="29">
     <Signs/>
    </Measure>
   </LocalValue>
   <Feature ID="596">
    <Measure ID="29" Sign="">
     <Signs/>
    </Measure>
    <Name ID="2723" langid="1" Value="Number of processors installed"/>
   </Feature>
  </ProductFeature>
  <ProductFeature Localized="0" ID="739960180" Local_ID="0" Value="65" CategoryFeature_ID="903074" CategoryFeatureGroup_ID="2" No="100000" Optional="0" Presentation_Value="65 W" Translated="0" Mandatory="0" Searchable="0">
   <LocalValue Value="65">
    <Measure ID="44">
     <Signs>
      <Sign ID="28" langid="1"><![CDATA[W]]></Sign>
     </Signs>
    </Measure>
   </LocalValue>
   <Feature ID="44525">
    <Measure ID="44" Sign="">
     <Signs>
      <Sign ID="28" langid="1"><![CDATA[W]]></Sign>
     </Signs>
    </Measure>
    <Name ID="8000856" langid="1" Value="Processor base power"/>
   </Feature>
  </ProductFeature>
  <ProductFeature Localized="0" ID="739960181" Local_ID="0" Value="117" CategoryFeature_ID="903075" CategoryFeatureGroup_ID="2" No="100000" Optional="0" Presentation_Value="117 W" Translated="0" Mandatory="0" Searchable="0">
   <LocalValue Value="117">
    <Measure ID="44">
     <Signs>
      <Sign ID="28" langid="1"><![CDATA[W]]></Sign>
     </Signs>
    </Measure>
   </LocalValue>
   <Feature ID="44528">
    <Measure ID="44" Sign="">
     <Signs>
      <Sign ID="28" langid="1"><![CDATA[W]]></Sign>
     </Signs>
    </Measure>
    <Name ID="8001078" langid="1" Value="Maximum turbo power"/>
   </Feature>
  </ProductFeature>
  <ProductFeature Localized="0" ID="739960199" Local_ID="0" Value="8" CategoryFeature_ID="73752" CategoryFeatureGroup_ID="3" No="10105100" Optional="0" Presentation_Value="8 GB" Translated="0" Mandatory="1" Searchable="1">
   <LocalValue Value="8">
    <Measure ID="20">
     <Signs>
      <Sign ID="7" langid="1"><![CDATA[GB]]></Sign>
     </Signs>
    </Measure>
   </LocalValue>
   <Feature ID="11381">
    <Measure ID="20" Sign="">
     <Signs>
      <Sign ID="7" langid="1"><![CDATA[GB]]></Sign>
     </Signs>
    </Measure>
    <Name ID="1036616" langid="1" Value="Internal memory"/>
   </Feature>
  </ProductFeature>
  <ProductFeature Localized="0" ID="739960073" Local_ID="0" Value="32" CategoryFeature_ID="12118" CategoryFeatureGroup_ID="3" No="105099" Optional="0" Presentation_Value="32 GB" Translated="0" Mandatory="1" Searchable="0">
   <LocalValue Value="32">
    <Measure ID="20">
     <Signs>
      <Sign ID="7" langid="1"><![CDATA[GB]]></Sign>
     </Signs>
    </Measure>
   </LocalValue>
   <Feature ID="1452">
    <Measure ID="20" Sign="">
     <Signs>
      <Sign ID="7" langid="1"><![CDATA[GB]]></Sign>
     </Signs>
    </Measure>
    <Name ID="4561" langid="1" Value="Maximum internal memory"/>
   </Feature>
  </ProductFeature>
  <ProductFeature Localized="0" ID="739960072" Local_ID="0" Value="DDR4-SDRAM" CategoryFeature_ID="1226" CategoryFeatureGroup_ID="3" No="105098" Optional="0" Presentation_Value="DDR4-SDRAM" Translated="0" Mandatory="0" Searchable="0">
   <LocalValue Value="DDR4-SDRAM">
    <Measure ID="29">
     <Signs/>
    </Measure>
   </LocalValue>
   <Feature ID="427">
    <Measure ID="29" Sign="">
     <Signs/>
    </Measure>
    <Name ID="2221" langid="1" Value="Internal memory type"/>
   </Feature>
  </ProductFeature>
  <ProductFeature Localized="0" ID="739960204" Local_ID="0" Value="512" CategoryFeature_ID="33231" CategoryFeatureGroup_ID="4138" No="10105000" Optional="0" Presentation_Value="512 GB" Translated="0" Mandatory="1" Searchable="1">
   <LocalValue Value="512">
    <Measure ID="20">
     <Signs>
      <Sign ID="7" langid="1"><![CDATA[GB]]></Sign>
     </Signs>
    </Measure>
   </LocalValue>
   <Feature ID="3318">
    <Measure ID="20" Sign="">
     <Signs>
      <Sign ID="7" langid="1"><![CDATA[GB]]></Sign>
     </Signs>
    </Measure>
    <Name ID="31696" langid="1" Value="Total storage capacity"/>
   </Feature>
  </ProductFeature>
  <ProductFeature Localized="0" ID="739960203" Local_ID="0" Value="N" CategoryFeature_ID="2968" CategoryFeatureGroup_ID="4138" No="10100500" Optional="0" Presentation_Value="No" Translated="1" Mandatory="1" Searchable="1">
   <LocalValue Value="No">
    <Measure ID="29">
     <Signs/>
    </Measure>
   </LocalValue>
   <Feature ID="1120">
    <Measure ID="29" Sign="">
     <Signs/>
    </Measure>
    <Name ID="3781" langid="1" Value="Optical drive type"/>
   </Feature>
  </ProductFeature>
  <ProductFeature Localized="0" ID="739960205" Local_ID="0" Value="SSD" CategoryFeature_ID="96404" CategoryFeatureGroup_ID="4138" No="104000" Optional="0" Presentation_Value="SSD" Translated="1" Mandatory="1" Searchable="0">
   <LocalValue Value="SSD">
    <Measure ID="29">
     <Signs/>
    </Measure>
   </LocalValue>
   <Feature ID="11441">
    <Measure ID="29" Sign="">
     <Signs/>
    </Measure>
    <Name ID="1046575" langid="1" Value="Storage media"/>
   </Feature>
  </ProductFeature>
  <ProductFeature Localized="0" ID="739960206" Local_ID="0" Value="512" CategoryFeature_ID="295712" CategoryFeatureGroup_ID="4138" No="100032" Optional="0" Presentation_Value="512 GB" Translated="0" Mandatory="0" Searchable="0">
   <LocalValue Value="512">
    <Measure ID="20">
     <Signs>
      <Sign ID="7" langid="1"><![CDATA[GB]]></Sign>
     </Signs>
    </Measure>
   </LocalValue>
   <Feature ID="37918">
    <Measure ID="20" Sign="">
     <Signs>
      <Sign ID="7" langid="1"><![CDATA[GB]]></Sign>
     </Signs>
    </Measure>
    <Name ID="5144070" langid="1" Value="Total SSDs capacity"/>
   </Feature>
  </ProductFeature>
  <ProductFeature Localized="0" ID="739960207" Local_ID="0" Value="1" CategoryFeature_ID="45817" CategoryFeatureGroup_ID="4138" No="100030" Optional="0" Presentation_Value="1" Translated="0" Mandatory="0" Searchable="0">
   <LocalValue Value="1">
    <Measure ID="29">
     <Signs/>
    </Measure>
   </LocalValue>
   <Feature ID="7682">
    <Measure ID="29" Sign="">
     <Signs/>
    </Measure>
    <Name ID="594888" langid="1" Value="Number of SSDs installed"/>
   </Feature>
  </ProductFeature>
  <ProductFeature Localized="0" ID="739960208" Local_ID="0" Value="512" CategoryFeature_ID="45777" CategoryFeatureGroup_ID="4138" No="100029" Optional="0" Presentation_Value="512 GB" Translated="0" Mandatory="0" Searchable="0">
   <LocalValue Value="512">
    <Measure ID="20">
     <Signs>
      <Sign ID="7" langid="1"><![CDATA[GB]]></Sign>
     </Signs>
    </Measure>
   </LocalValue>
   <Feature ID="5586">
    <Measure ID="20" Sign="">
     <Signs>
      <Sign ID="7" langid="1"><![CDATA[GB]]></Sign>
     </Signs>
    </Measure>
    <Name ID="92192" langid="1" Value="SSD capacity"/>
   </Feature>
  </ProductFeature>
  <ProductFeature Localized="0" ID="739960194" Local_ID="0" Value="Y" CategoryFeature_ID="192532" CategoryFeatureGroup_ID="8603" No="10104810" Optional="0" Presentation_Value="Yes" Translated="1" Mandatory="1" Searchable="1">
   <LocalValue Value="Yes">
    <Measure ID="26">
     <Signs/>
    </Measure>
   </LocalValue>
   <Feature ID="27905">
    <Measure ID="26" Sign="">
     <Signs/>
    </Measure>
    <Name ID="2473691" langid="1" Value="Discrete graphics card"/>
   </Feature>
  </ProductFeature>
  <ProductFeature Localized="0" ID="739960185" Local_ID="0" Value="N" CategoryFeature_ID="74328" CategoryFeatureGroup_ID="8603" No="10104470" Optional="0" Presentation_Value="No" Translated="1" Mandatory="1" Searchable="1">
   <LocalValue Value="No">
    <Measure ID="26">
     <Signs/>
    </Measure>
   </LocalValue>
   <Feature ID="9997">
    <Measure ID="26" Sign="">
     <Signs/>
    </Measure>
    <Name ID="850071" langid="1" Value="On-board graphics card"/>
   </Feature>
  </ProductFeature>
  <ProductFeature Localized="0" ID="739960195" Local_ID="0" Value="NVIDIA GeForce GTX 1650" CategoryFeature_ID="53946" CategoryFeatureGroup_ID="8603" No="103900" Optional="0" Presentation_Value="NVIDIA® GeForce® GTX 1650" Translated="1" Mandatory="1" Searchable="0">
   <LocalValue Value="NVIDIA® GeForce® GTX 1650">
    <Measure ID="29">
     <Signs/>
    </Measure>
   </LocalValue>
   <Feature ID="9018">
    <Measure ID="29" Sign="">
     <Signs/>
    </Measure>
    <Name ID="757434" langid="1" Value="Discrete graphics card model"/>
   </Feature>
  </ProductFeature>
  <ProductFeature Localized="0" ID="739960184" Local_ID="0" Value="Not available" CategoryFeature_ID="53944" CategoryFeatureGroup_ID="8603" No="100446" Optional="0" Presentation_Value="Not available" Translated="1" Mandatory="1" Searchable="0">
   <LocalValue Value="Not available">
    <Measure ID="29">
     <Signs/>
    </Measure>
   </LocalValue>
   <Feature ID="9016">
    <Measure ID="29" Sign="">
     <Signs/>
    </Measure>
    <Name ID="757352" langid="1" Value="On-board graphics card model"/>
   </Feature>
  </ProductFeature>
  <ProductFeature Localized="0" ID="739960197" Local_ID="0" Value="4" CategoryFeature_ID="131976" CategoryFeatureGroup_ID="8603" No="100479" Optional="0" Presentation_Value="4 GB" Translated="0" Mandatory="0" Searchable="0">
   <LocalValue Value="4">
    <Measure ID="20">
     <Signs>
      <Sign ID="7" langid="1"><![CDATA[GB]]></Sign>
     </Signs>
    </Measure>
   </LocalValue>
   <Feature ID="18403">
    <Measure ID="20" Sign="">
     <Signs>
      <Sign ID="7" langid="1"><![CDATA[GB]]></Sign>
     </Signs>
    </Measure>
    <Name ID="1397361" langid="1" Value="Discrete graphics card memory"/>
   </Feature>
  </ProductFeature>
  <ProductFeature Localized="0" ID="739960196" Local_ID="0" Value="GDDR5" CategoryFeature_ID="53950" CategoryFeatureGroup_ID="8603" No="100478" Optional="0" Presentation_Value="GDDR5" Translated="0" Mandatory="0" Searchable="0">
   <LocalValue Value="GDDR5">
    <Measure ID="29">
     <Signs/>
    </Measure>
   </LocalValue>
   <Feature ID="9020">
    <Measure ID="29" Sign="">
     <Signs/>
    </Measure>
    <Name ID="757516" langid="1" Value="Discrete graphics memory type"/>
   </Feature>
  </ProductFeature>
  <ProductFeature Localized="0" ID="739960074" Local_ID="0" Value="Y" CategoryFeature_ID="36488" CategoryFeatureGroup_ID="2066" No="100100" Optional="0" Presentation_Value="Yes" Translated="1" Mandatory="1" Searchable="0">
   <LocalValue Value="Yes">
    <Measure ID="26">
     <Signs/>
    </Measure>
   </LocalValue>
   <Feature ID="1347">
    <Measure ID="26" Sign="">
     <Signs/>
    </Measure>
    <Name ID="4235" langid="1" Value="Ethernet LAN"/>
   </Feature>
  </ProductFeature>
  <ProductFeature Localized="0" ID="739960215" Local_ID="0" Value="Y" CategoryFeature_ID="36487" CategoryFeatureGroup_ID="2066" No="100081" Optional="0" Presentation_Value="Yes" Translated="1" Mandatory="1" Searchable="0">
   <LocalValue Value="Yes">
    <Measure ID="26">
     <Signs/>
    </Measure>
   </LocalValue>
   <Feature ID="3239">
    <Measure ID="26" Sign="">
     <Signs/>
    </Measure>
    <Name ID="30766" langid="1" Value="Wi-Fi"/>
   </Feature>
  </ProductFeature>
  <ProductFeature Localized="0" ID="739960217" Local_ID="0" Value="Wi-Fi 6 (802.11ax)" CategoryFeature_ID="269712" CategoryFeatureGroup_ID="2066" No="100080" Optional="0" Presentation_Value="Wi-Fi 6 (802.11ax)" Translated="0" Mandatory="0" Searchable="0">
   <LocalValue Value="Wi-Fi 6 (802.11ax)">
    <Measure ID="29">
     <Signs/>
    </Measure>
   </LocalValue>
   <Feature ID="24993">
    <Measure ID="29" Sign="">
     <Signs/>
    </Measure>
    <Name ID="2105805" langid="1" Value="Top Wi-Fi standard"/>
   </Feature>
  </ProductFeature>
  <ProductFeature Localized="0" ID="739960219" Local_ID="0" Value="Wi-Fi 6 (802.11ax)" CategoryFeature_ID="44220" CategoryFeatureGroup_ID="2066" No="100079" Optional="0" Presentation_Value="Wi-Fi 6 (802.11ax)" Translated="0" Mandatory="0" Searchable="0">
   <LocalValue Value="Wi-Fi 6 (802.11ax)">
    <Measure ID="29">
     <Signs/>
    </Measure>
   </LocalValue>
   <Feature ID="432">
    <Measure ID="29" Sign="">
     <Signs/>
    </Measure>
    <Name ID="2231" langid="1" Value="Wi-Fi standards"/>
   </Feature>
  </ProductFeature>
  <ProductFeature Localized="0" ID="739960221" Local_ID="0" Value="2x2" CategoryFeature_ID="269713" CategoryFeatureGroup_ID="2066" No="100077" Optional="0" Presentation_Value="2x2" Translated="0" Mandatory="0" Searchable="0">
   <LocalValue Value="2x2">
    <Measure ID="29">
     <Signs/>
    </Measure>
   </LocalValue>
   <Feature ID="1494">
    <Measure ID="29" Sign="">
     <Signs/>
    </Measure>
    <Name ID="4685" langid="1" Value="Antenna type"/>
   </Feature>
  </ProductFeature>
  <ProductFeature Localized="0" ID="739960220" Local_ID="0" Value="Y" CategoryFeature_ID="33715" CategoryFeatureGroup_ID="2066" No="100050" Optional="0" Presentation_Value="Yes" Translated="1" Mandatory="0" Searchable="0">
   <LocalValue Value="Yes">
    <Measure ID="26">
     <Signs/>
    </Measure>
   </LocalValue>
   <Feature ID="2183">
    <Measure ID="26" Sign="">
     <Signs/>
    </Measure>
    <Name ID="11148" langid="1" Value="Bluetooth"/>
   </Feature>
  </ProductFeature>
  <ProductFeature Localized="0" ID="739960076" Local_ID="0" Value="4" CategoryFeature_ID="14583" CategoryFeatureGroup_ID="821" No="100600" Optional="0" Presentation_Value="4" Translated="0" Mandatory="1" Searchable="0">
   <LocalValue Value="4">
    <Measure ID="29">
     <Signs/>
    </Measure>
   </LocalValue>
   <Feature ID="2308">
    <Measure ID="29" Sign="">
     <Signs/>
    </Measure>
    <Name ID="11964" langid="1" Value="USB 2.0 ports quantity"/>
   </Feature>
  </ProductFeature>
  <ProductFeature Localized="0" ID="739960077" Local_ID="0" Value="2" CategoryFeature_ID="138381" CategoryFeatureGroup_ID="821" No="100499" Optional="0" Presentation_Value="2" Translated="0" Mandatory="1" Searchable="0">
   <LocalValue Value="2">
    <Measure ID="29">
     <Signs/>
    </Measure>
   </LocalValue>
   <Feature ID="22701">
    <Measure ID="29" Sign="">
     <Signs/>
    </Measure>
    <Name ID="1791608" langid="1" Value="USB 3.2 Gen 1 (3.1 Gen 1) Type-A ports quantity"/>
   </Feature>
  </ProductFeature>
  <ProductFeature Localized="0" ID="739960080" Local_ID="0" Value="0" CategoryFeature_ID="138382" CategoryFeatureGroup_ID="821" No="100498" Optional="0" Presentation_Value="0" Translated="0" Mandatory="1" Searchable="0">
   <LocalValue Value="0">
    <Measure ID="29">
     <Signs/>
    </Measure>
   </LocalValue>
   <Feature ID="22702">
    <Measure ID="29" Sign="">
     <Signs/>
    </Measure>
    <Name ID="1791658" langid="1" Value="USB 3.2 Gen 1 (3.1 Gen 1) Type-C ports quantity"/>
   </Feature>
  </ProductFeature>
  <ProductFeature Localized="0" ID="739960078" Local_ID="0" Value="1" CategoryFeature_ID="138384" CategoryFeatureGroup_ID="821" No="100497" Optional="0" Presentation_Value="1" Translated="0" Mandatory="1" Searchable="0">
   <LocalValue Value="1">
    <Measure ID="29">
     <Signs/>
    </Measure>
   </LocalValue>
   <Feature ID="22703">
    <Measure ID="29" Sign="">
     <Signs/>
    </Measure>
    <Name ID="1791708" langid="1" Value="USB 3.2 Gen 2 (3.1 Gen 2) Type-A ports quantity"/>
   </Feature>
  </ProductFeature>
  <ProductFeature Localized="0" ID="739960081" Local_ID="0" Value="0" CategoryFeature_ID="138388" CategoryFeatureGroup_ID="821" No="100496" Optional="0" Presentation_Value="0" Translated="0" Mandatory="1" Searchable="0">
   <LocalValue Value="0">
    <Measure ID="29">
     <Signs/>
    </Measure>
   </LocalValue>
   <Feature ID="22704">
    <Measure ID="29" Sign="">
     <Signs/>
    </Measure>
    <Name ID="1791758" langid="1" Value="USB 3.2 Gen 2 (3.1 Gen 2) Type-C ports quantity"/>
   </Feature>
  </ProductFeature>
  <ProductFeature Localized="0" ID="739960082" Local_ID="0" Value="0" CategoryFeature_ID="138393" CategoryFeatureGroup_ID="821" No="100488" Optional="0" Presentation_Value="0" Translated="0" Mandatory="1" Searchable="0">
   <LocalValue Value="0">
    <Measure ID="29">
     <Signs/>
    </Measure>
   </LocalValue>
   <Feature ID="22730">
    <Measure ID="29" Sign="">
     <Signs/>
    </Measure>
    <Name ID="1794103" langid="1" Value="Thunderbolt 3 ports quantity"/>
   </Feature>
  </ProductFeature>
  <ProductFeature Localized="0" ID="739960079" Local_ID="0" Value="1" CategoryFeature_ID="308887" CategoryFeatureGroup_ID="821" No="100495" Optional="0" Presentation_Value="1" Translated="0" Mandatory="0" Searchable="0">
   <LocalValue Value="1">
    <Measure ID="29">
     <Signs/>
    </Measure>
   </LocalValue>
   <Feature ID="38601">
    <Measure ID="29" Sign="">
     <Signs/>
    </Measure>
    <Name ID="5375663" langid="1" Value="USB 3.2 Gen 2x2 Type-C ports quantity"/>
   </Feature>
  </ProductFeature>
  <ProductFeature Localized="0" ID="739960085" Local_ID="0" Value="1" CategoryFeature_ID="14590" CategoryFeatureGroup_ID="821" No="100340" Optional="0" Presentation_Value="1" Translated="0" Mandatory="0" Searchable="0">
   <LocalValue Value="1">
    <Measure ID="29">
     <Signs/>
    </Measure>
   </LocalValue>
   <Feature ID="2312">
    <Measure ID="29" Sign="">
     <Signs/>
    </Measure>
    <Name ID="11976" langid="1" Value="Ethernet LAN (RJ-45) ports"/>
   </Feature>
  </ProductFeature>
  <ProductFeature Localized="0" ID="739960084" Local_ID="0" Value="Y" CategoryFeature_ID="14588" CategoryFeatureGroup_ID="821" No="100100" Optional="0" Presentation_Value="Yes" Translated="1" Mandatory="0" Searchable="0">
   <LocalValue Value="Yes">
    <Measure ID="26">
     <Signs/>
    </Measure>
   </LocalValue>
   <Feature ID="2314">
    <Measure ID="26" Sign="">
     <Signs/>
    </Measure>
    <Name ID="11982" langid="1" Value="Microphone in"/>
   </Feature>
  </ProductFeature>
  <ProductFeature Localized="0" ID="739960086" Local_ID="0" Value="1" CategoryFeature_ID="15773" CategoryFeatureGroup_ID="821" No="100099" Optional="0" Presentation_Value="1" Translated="0" Mandatory="0" Searchable="0">
   <LocalValue Value="1">
    <Measure ID="29">
     <Signs/>
    </Measure>
   </LocalValue>
   <Feature ID="2313">
    <Measure ID="29" Sign="">
     <Signs/>
    </Measure>
    <Name ID="11979" langid="1" Value="Headphone outputs"/>
   </Feature>
  </ProductFeature>
  <ProductFeature Localized="0" ID="739960087" Local_ID="0" Value="Y" CategoryFeature_ID="14589" CategoryFeatureGroup_ID="821" No="100097" Optional="0" Presentation_Value="Yes" Translated="1" Mandatory="0" Searchable="0">
   <LocalValue Value="Yes">
    <Measure ID="26">
     <Signs/>
    </Measure>
   </LocalValue>
   <Feature ID="1345">
    <Measure ID="26" Sign="">
     <Signs/>
    </Measure>
    <Name ID="4231" langid="1" Value="Line-out"/>
   </Feature>
  </ProductFeature>
  <ProductFeature Localized="0" ID="739960088" Local_ID="0" Value="Y" CategoryFeature_ID="14592" CategoryFeatureGroup_ID="821" No="100097" Optional="0" Presentation_Value="Yes" Translated="1" Mandatory="0" Searchable="0">
   <LocalValue Value="Yes">
    <Measure ID="26">
     <Signs/>
    </Measure>
   </LocalValue>
   <Feature ID="1344">
    <Measure ID="26" Sign="">
     <Signs/>
    </Measure>
    <Name ID="4229" langid="1" Value="Line-in"/>
   </Feature>
  </ProductFeature>
  <ProductFeature Localized="0" ID="739960089" Local_ID="0" Value="1" CategoryFeature_ID="31429" CategoryFeatureGroup_ID="4190" No="100100" Optional="0" Presentation_Value="1" Translated="0" Mandatory="0" Searchable="0">
   <LocalValue Value="1">
    <Measure ID="29">
     <Signs/>
    </Measure>
   </LocalValue>
   <Feature ID="6259">
    <Measure ID="29" Sign="">
     <Signs/>
    </Measure>
    <Name ID="154551" langid="1" Value="PCI Express x1 slots"/>
   </Feature>
  </ProductFeature>
  <ProductFeature Localized="0" ID="739960090" Local_ID="0" Value="1" CategoryFeature_ID="31430" CategoryFeatureGroup_ID="4190" No="100070" Optional="0" Presentation_Value="1" Translated="0" Mandatory="0" Searchable="0">
   <LocalValue Value="1">
    <Measure ID="29">
     <Signs/>
    </Measure>
   </LocalValue>
   <Feature ID="6256">
    <Measure ID="29" Sign="">
     <Signs/>
    </Measure>
    <Name ID="154488" langid="1" Value="PCI Express x16 slots"/>
   </Feature>
  </ProductFeature>
  <ProductFeature Localized="0" ID="739960091" Local_ID="0" Value="Desktop" CategoryFeature_ID="2195" CategoryFeatureGroup_ID="10928" No="100600" Optional="0" Presentation_Value="Desktop" Translated="1" Mandatory="1" Searchable="0">
   <LocalValue Value="Desktop">
    <Measure ID="29">
     <Signs/>
    </Measure>
   </LocalValue>
   <Feature ID="734">
    <Measure ID="29" Sign="">
     <Signs/>
    </Measure>
    <Name ID="2999" langid="1" Value="Chassis type"/>
   </Feature>
  </ProductFeature>
  <ProductFeature Localized="0" ID="739960093" Local_ID="0" Value="Black" CategoryFeature_ID="28831" CategoryFeatureGroup_ID="10928" No="100001" Optional="0" Presentation_Value="Black" Translated="1" Mandatory="1" Searchable="0">
   <LocalValue Value="Black">
    <Measure ID="29">
     <Signs/>
    </Measure>
   </LocalValue>
   <Feature ID="1766">
    <Measure ID="29" Sign="">
     <Signs/>
    </Measure>
    <Name ID="5487" langid="1" Value="Product colour"/>
   </Feature>
  </ProductFeature>
  <ProductFeature Localized="0" ID="739960092" Local_ID="0" Value="Vertical" CategoryFeature_ID="63696" CategoryFeatureGroup_ID="10928" No="100390" Optional="0" Presentation_Value="Vertical" Translated="1" Mandatory="0" Searchable="0">
   <LocalValue Value="Vertical">
    <Measure ID="29">
     <Signs/>
    </Measure>
   </LocalValue>
   <Feature ID="3416">
    <Measure ID="29" Sign="">
     <Signs/>
    </Measure>
    <Name ID="32818" langid="1" Value="Placement supported"/>
   </Feature>
  </ProductFeature>
  <ProductFeature Localized="0" ID="739960094" Local_ID="0" Value="PC" CategoryFeature_ID="86787" CategoryFeatureGroup_ID="10929" No="10100004" Optional="0" Presentation_Value="PC" Translated="1" Mandatory="1" Searchable="1">
   <LocalValue Value="PC">
    <Measure ID="29">
     <Signs/>
    </Measure>
   </LocalValue>
   <Feature ID="14052">
    <Measure ID="29" Sign="">
     <Signs/>
    </Measure>
    <Name ID="1127664" langid="1" Value="Product type"/>
   </Feature>
  </ProductFeature>
  <ProductFeature Localized="0" ID="739960095" Local_ID="0" Value="Gaming" CategoryFeature_ID="164640" CategoryFeatureGroup_ID="10929" No="100330" Optional="0" Presentation_Value="Gaming" Translated="1" Mandatory="0" Searchable="0">
   <LocalValue Value="Gaming">
    <Measure ID="29">
     <Signs/>
    </Measure>
   </LocalValue>
   <Feature ID="9021">
    <Measure ID="29" Sign="">
     <Signs/>
    </Measure>
    <Name ID="757557" langid="1" Value="Market positioning"/>
   </Feature>
  </ProductFeature>
  <ProductFeature Localized="0" ID="739960096" Local_ID="0" Value="DTS:X Ultra" CategoryFeature_ID="1211" CategoryFeatureGroup_ID="10929" No="100200" Optional="0" Presentation_Value="DTS:X Ultra" Translated="0" Mandatory="0" Searchable="0">
   <LocalValue Value="DTS:X Ultra">
    <Measure ID="29">
     <Signs/>
    </Measure>
   </LocalValue>
   <Feature ID="442">
    <Measure ID="29" Sign="">
     <Signs/>
    </Measure>
    <Name ID="2251" langid="1" Value="Audio system"/>
   </Feature>
  </ProductFeature>
  <ProductFeature Localized="0" ID="739960200" Local_ID="0" Value="Windows 11 Home" CategoryFeature_ID="20011" CategoryFeatureGroup_ID="3402" No="10100601" Optional="0" Presentation_Value="Windows 11 Home" Translated="0" Mandatory="1" Searchable="1">
   <LocalValue Value="Windows 11 Home">
    <Measure ID="29">
     <Signs/>
    </Measure>
   </LocalValue>
   <Feature ID="3233">
    <Measure ID="29" Sign="">
     <Signs/>
    </Measure>
    <Name ID="30700" langid="1" Value="Operating system installed"/>
   </Feature>
  </ProductFeature>
  <ProductFeature Localized="0" ID="739960201" Local_ID="0" Value="64-bit" CategoryFeature_ID="45086" CategoryFeatureGroup_ID="3402" No="106000" Optional="0" Presentation_Value="64-bit" Translated="1" Mandatory="0" Searchable="0">
   <LocalValue Value="64-bit">
    <Measure ID="29">
     <Signs/>
    </Measure>
   </LocalValue>
   <Feature ID="7563">
    <Measure ID="29" Sign="">
     <Signs/>
    </Measure>
    <Name ID="581101" langid="1" Value="Operating system architecture"/>
   </Feature>
  </ProductFeature>
  <ProductFeature Localized="0" ID="739960098" Local_ID="0" Value="163" CategoryFeature_ID="6228" CategoryFeatureGroup_ID="1309" No="100055" Optional="0" Presentation_Value="163 mm" Translated="0" Mandatory="1" Searchable="0">
   <LocalValue Value="163">
    <Measure ID="24">
     <Signs>
      <Sign ID="3" langid="1"><![CDATA[mm]]></Sign>
     </Signs>
    </Measure>
   </LocalValue>
   <Feature ID="1649">
    <Measure ID="24" Sign="">
     <Signs>
      <Sign ID="3" langid="1"><![CDATA[mm]]></Sign>
     </Signs>
    </Measure>
    <Name ID="5143" langid="1" Value="Width"/>
   </Feature>
  </ProductFeature>
  <ProductFeature Localized="0" ID="739960099" Local_ID="0" Value="350" CategoryFeature_ID="6225" CategoryFeatureGroup_ID="1309" No="100054" Optional="0" Presentation_Value="350 mm" Translated="0" Mandatory="1" Searchable="0">
   <LocalValue Value="350">
    <Measure ID="24">
     <Signs>
      <Sign ID="3" langid="1"><![CDATA[mm]]></Sign>
     </Signs>
    </Measure>
   </LocalValue>
   <Feature ID="1650">
    <Measure ID="24" Sign="">
     <Signs>
      <Sign ID="3" langid="1"><![CDATA[mm]]></Sign>
     </Signs>
    </Measure>
    <Name ID="5145" langid="1" Value="Depth"/>
   </Feature>
  </ProductFeature>
  <ProductFeature Localized="0" ID="739960097" Local_ID="0" Value="340" CategoryFeature_ID="6226" CategoryFeatureGroup_ID="1309" No="100053" Optional="0" Presentation_Value="340 mm" Translated="0" Mandatory="1" Searchable="0">
   <LocalValue Value="340">
    <Measure ID="24">
     <Signs>
      <Sign ID="3" langid="1"><![CDATA[mm]]></Sign>
     </Signs>
    </Measure>
   </LocalValue>
   <Feature ID="1464">
    <Measure ID="24" Sign="">
     <Signs>
      <Sign ID="3" langid="1"><![CDATA[mm]]></Sign>
     </Signs>
    </Measure>
    <Name ID="4625" langid="1" Value="Height"/>
   </Feature>
  </ProductFeature>
  <ProductFeature Localized="0" ID="739960101" Local_ID="0" Value="N" CategoryFeature_ID="11391" CategoryFeatureGroup_ID="82594" No="10100500" Optional="0" Presentation_Value="No" Translated="1" Mandatory="1" Searchable="1">
   <LocalValue Value="No">
    <Measure ID="26">
     <Signs/>
    </Measure>
   </LocalValue>
   <Feature ID="2177">
    <Measure ID="26" Sign="">
     <Signs/>
    </Measure>
    <Name ID="11115" langid="1" Value="Display included"/>
   </Feature>
  </ProductFeature>
  <ProductGallery>
   <ProductPicture IsMain="Y" LowPic="https://images.icecat.biz/img/gallery_lows/95370179_6229144531.jpg" LowPicHeight="200" LowPicWidth="123" LowSize="12597" No="1" Original="https://images.icecat.biz/img/gallery_raw/95370179_6229144531.jpeg" OriginalSize="961776" Pic="https://images.icecat.biz/img/gallery/95370179_6229144531.jpg" Pic500x500="https://images.icecat.biz/img/gallery_mediums/95370179_6229144531.jpg" Pic500x500Height="500" Pic500x500Size="70240" Pic500x500Width="308" PicHeight="1615" PicWidth="996" ProductPicture_ID="101218492" Size="963126" ThumbPic="https://images.icecat.biz/img/gallery_thumbs/95370179_6229144531.jpg" ThumbSize="2813" Type="ProductImage" UpdatedDate="2025-02-13 09:22:41"/>
   <ProductPicture LowPic="https://images.icecat.biz/img/gallery_lows/95370179_1336011183.jpg" LowPicHeight="200" LowPicWidth="141" LowSize="14884" No="2" Original="https://images.icecat.biz/img/gallery_raw/95370179_1336011183.jpeg" OriginalSize="1172042" Pic="https://images.icecat.biz/img/gallery/95370179_1336011183.jpg" Pic500x500="https://images.icecat.biz/img/gallery_mediums/95370179_1336011183.jpg" Pic500x500Height="500" Pic500x500Size="83781" Pic500x500Width="352" PicHeight="1704" PicWidth="1198" ProductPicture_ID="101218493" Size="1177740" ThumbPic="https://images.icecat.biz/img/gallery_thumbs/95370179_1336011183.jpg" ThumbSize="3362" Type="ProductImage" UpdatedDate="2025-02-13 09:22:41"/>
   <ProductPicture LowPic="https://images.icecat.biz/img/gallery_lows/95370114_6844267966.jpg" LowPicHeight="200" LowPicWidth="141" LowSize="13857" No="3" Original="https://images.icecat.biz/img/gallery_raw/95370114_6844267966.jpeg" OriginalSize="1213216" Pic="https://images.icecat.biz/img/gallery/95370114_6844267966.jpg" Pic500x500="https://images.icecat.biz/img/gallery_mediums/95370114_6844267966.jpg" Pic500x500Height="500" Pic500x500Size="79827" Pic500x500Width="352" PicHeight="1724" PicWidth="1215" ProductPicture_ID="101218494" Size="1220869" ThumbPic="https://images.icecat.biz/img/gallery_thumbs/95370114_6844267966.jpg" ThumbSize="3241" Type="ProductImage" UpdatedDate="2025-02-13 09:22:43"/>
   <ProductPicture LowPic="https://images.icecat.biz/img/gallery_lows/95370179_6695851764.jpg" LowPicHeight="200" LowPicWidth="117" LowSize="10406" No="4" Original="https://images.icecat.biz/img/gallery_raw/95370179_6695851764.jpeg" OriginalSize="768322" Pic="https://images.icecat.biz/img/gallery/95370179_6695851764.jpg" Pic500x500="https://images.icecat.biz/img/gallery_mediums/95370179_6695851764.jpg" Pic500x500Height="500" Pic500x500Size="51108" Pic500x500Width="291" PicHeight="1729" PicWidth="1008" ProductPicture_ID="101218495" Size="773133" ThumbPic="https://images.icecat.biz/img/gallery_thumbs/95370179_6695851764.jpg" ThumbSize="2926" Type="ProductImage" UpdatedDate="2025-02-13 09:22:44"/>
   <ProductPicture LowPic="https://images.icecat.biz/img/gallery_lows/95370129_0185355471.jpg" LowPicHeight="200" LowPicWidth="138" LowSize="11409" No="5" Original="https://images.icecat.biz/img/gallery_raw/95370129_0185355471.jpeg" OriginalSize="919971" Pic="https://images.icecat.biz/img/gallery/95370129_0185355471.jpg" Pic500x500="https://images.icecat.biz/img/gallery_mediums/95370129_0185355471.jpg" Pic500x500Height="500" Pic500x500Size="55529" Pic500x500Width="345" PicHeight="1862" PicWidth="1286" ProductPicture_ID="101218496" Size="919899" ThumbPic="https://images.icecat.biz/img/gallery_thumbs/95370129_0185355471.jpg" ThumbSize="3029" Type="ProductImage" UpdatedDate="2025-02-13 09:22:44"/>
   <ProductPicture LowPic="https://images.icecat.biz/img/gallery_lows/95370179_1789334565.jpg" LowPicHeight="200" LowPicWidth="176" LowSize="21210" No="6" Original="https://images.icecat.biz/img/gallery_raw/95370179_1789334565.jpeg" OriginalSize="1892328" Pic="https://images.icecat.biz/img/gallery/95370179_1789334565.jpg" Pic500x500="https://images.icecat.biz/img/gallery_mediums/95370179_1789334565.jpg" Pic500x500Height="500" Pic500x500Size="132697" Pic500x500Width="440" PicHeight="1739" PicWidth="1530" ProductPicture_ID="101218497" Size="1896840" ThumbPic="https://images.icecat.biz/img/gallery_thumbs/95370179_1789334565.jpg" ThumbSize="4520" Type="ProductImage" UpdatedDate="2025-02-13 09:22:46"/>
   <ProductPicture LowPic="https://images.icecat.biz/img/gallery_lows/95370179_6410751885.jpg" LowPicHeight="200" LowPicWidth="176" LowSize="30852" No="7" Original="https://images.icecat.biz/img/gallery_raw/95370179_6410751885.jpeg" OriginalSize="1606277" Pic="https://images.icecat.biz/img/gallery/95370179_6410751885.jpg" Pic500x500="https://images.icecat.biz/img/gallery_mediums/95370179_6410751885.jpg" Pic500x500Height="500" Pic500x500Size="151284" Pic500x500Width="440" PicHeight="1739" PicWidth="1530" ProductPicture_ID="101218498" Size="1612968" ThumbPic="https://images.icecat.biz/img/gallery_thumbs/95370179_6410751885.jpg" ThumbSize="6347" Type="ProductImage" UpdatedDate="2025-02-13 09:22:46"/>
   <ProductPicture LowPic="https://images.icecat.biz/img/gallery_lows/95370179_5739010257.jpg" LowPicHeight="178" LowPicWidth="200" LowSize="38277" No="8" Original="https://images.icecat.biz/img/gallery_raw/95370179_5739010257.jpeg" OriginalSize="2593270" Pic="https://images.icecat.biz/img/gallery/95370179_5739010257.jpg" Pic500x500="https://images.icecat.biz/img/gallery_mediums/95370179_5739010257.jpg" Pic500x500Height="446" Pic500x500Size="198594" Pic500x500Width="500" PicHeight="1764" PicWidth="1978" ProductPicture_ID="101218499" Size="2601289" ThumbPic="https://images.icecat.biz/img/gallery_thumbs/95370179_5739010257.jpg" ThumbSize="7010" Type="ProductImage" UpdatedDate="2025-02-13 09:22:46"/>
   <ProductPicture LowPic="https://images.icecat.biz/img/gallery_lows/95370179_4773741771.jpg" LowPicHeight="200" LowPicWidth="124" LowSize="22724" No="9" Original="https://images.icecat.biz/img/gallery_raw/95370179_4773741771.jpeg" OriginalSize="1690791" Pic="https://images.icecat.biz/img/gallery/95370179_4773741771.jpg" Pic500x500="https://images.icecat.biz/img/gallery_mediums/95370179_4773741771.jpg" Pic500x500Height="500" Pic500x500Size="131308" Pic500x500Width="311" PicHeight="1776" PicWidth="1103" ProductPicture_ID="101218500" Size="1693777" ThumbPic="https://images.icecat.biz/img/gallery_thumbs/95370179_4773741771.jpg" ThumbSize="4518" Type="ProductImage" UpdatedDate="2025-02-13 09:22:47"/>
   <ProductPicture LowPic="" LowPicHeight="0" LowPicWidth="0" LowSize="0" No="999" Original="" OriginalSize="0" Pic="https://images.icecat.biz/img/feature_logo/1075-1199.png" Pic500x500="" Pic500x500Height="0" Pic500x500Size="0" Pic500x500Width="0" PicHeight="300" PicWidth="300" ProductPicture_ID="4402512165" Size="26731" ThumbPic="https://images.icecat.biz/img/feature_logo_thumbs/1075-1199.png" ThumbSize="0" Type="FeatureLogo" UpdatedDate="" langid="1"/>
  </ProductGallery>
  <ProductMultimediaObject>
   <MultimediaObject ContentType="application/pdf" Date="2025-02-13 09:23:33" Description="Generated PDF" KeepAsURL="0" MultimediaObject_ID="0" Type="leaflet" UUID="00000000-0000-0000-0000-000000000000" langid="1" Height="0" PreviewHeight="0" PreviewSize="0" PreviewUrl="" PreviewWidth="0" Size="0" URL="https://icecat.biz/rest/product-pdf?productId=128674306&amp;lang=en&amp;AccessKey=tVGKVN0NApZGwF9sSWaWthghoRjlYo5f" Width="0"/>
  </ProductMultimediaObject>
  <ProductRelated ID="0" Category_ID="788" Preferred="0">
   <Product ID="31011008" Prod_id="SV.WDGAP.A02" ThumbPic="" Name="SV.WDGAP.A02">
    <Supplier ID="7" Name="Acer"/>
   </Product>
   <ProductRelatedLocales>
    <ProductRelatedLocale ID="0" langid="0" Preferred="0" StartDate="" EndDate=""/>
   </ProductRelatedLocales>
  </ProductRelated>
  <ProductRelated ID="0" Category_ID="788" Preferred="0">
   <Product ID="31011007" Prod_id="SV.WDGAP.A01" ThumbPic="" Name="SV.WDGAP.A01">
    <Supplier ID="7" Name="Acer"/>
   </Product>
   <ProductRelatedLocales>
    <ProductRelatedLocale ID="0" langid="0" Preferred="0" StartDate="" EndDate=""/>
   </ProductRelatedLocales>
  </ProductRelated>
  <SummaryDescription>
   <ShortSummaryDescription langid="1">Acer NITRO 50 N50-640, Intel® Core™ i5, i5-12400F, 8 GB, 512 GB, Windows 11 Home, 64-bit</ShortSummaryDescription>
   <LongSummaryDescription langid="1">Acer NITRO 50 N50-640. Processor family: Intel® Core™ i5, Processor model: i5-12400F. Internal memory: 8 GB, Internal memory type: DDR4-SDRAM. Total storage capacity: 512 GB, Storage media: SSD. Discrete graphics card model: NVIDIA® GeForce® GTX 1650. Wi-Fi. Operating system installed: Windows 11 Home, Operating system architecture: 64-bit. Chassis type: Desktop. Product type: PC. Product colour: Black</LongSummaryDescription>
  </SummaryDescription>
  <Supplier ID="7" Name="Acer"/>
  <CatalogObjectCloud/>
  <BrandOrganizations>
   <BrandOwner>
    <Organization ID="ac483a42-a6d6-4a45-aee8-1728d20e42f9" Name="Acer Inc." CountryCode="TW" State="" City="New Taipei City" Street="Xin Tai 5th Road, Xizhi" HouseNumber="No. 88, Sec. 1" ZIP="221">
     <URLs>
      <URL>https://www.acer.com/corporate/en/investor-relations/contacts</URL>
     </URLs>
     <Emails/>
    </Organization>
   </BrandOwner>
   <Licensees/>
   <Representatives>
    <Representative ID="172489241077481627">
     <Organization ID="bbab3e42-fcb8-4ba7-9a78-d52623dbbb14" Name="Acer Computer B.V." CountryCode="NL" State="" City="Hertogenbosch" Street="Europalaan" HouseNumber="89" ZIP="5232 BC">
      <URLs>
       <URL>https://www.acer.com/nl-nl/about/contacts</URL>
      </URLs>
      <Emails/>
     </Organization>
    </Representative>
    <Representative ID="172489241077481628">
     <Organization ID="82527e9a-8151-440d-9cc0-984893ffeb1b" Name="Acer Computer GmbH" CountryCode="DE" State="" City="Ahrensburg" Street="Kornkamp" HouseNumber="4" ZIP="22926">
      <URLs>
       <URL>https://www.acer.com/de-de/about/contacts</URL>
      </URLs>
      <Emails/>
     </Organization>
    </Representative>
    <Representative ID="172489241077481629">
     <Organization ID="bde1351c-5e8b-4c85-89db-2e634b7d6ec9" Name="Acer Denmark A/S" CountryCode="DK" State="" City="Hellerup" Street="Strandvejen" HouseNumber="70" ZIP="2900">
      <URLs>
       <URL>https://www.acer.com/dk-da/about/contacts</URL>
      </URLs>
      <Emails/>
     </Organization>
    </Representative>
   </Representatives>
  </BrandOrganizations>
 </Product>
</ICECAT-interface>
