<?xml version="1.0" encoding="UTF-8"?>
<!DOCTYPE ICECAT-interface SYSTEM "https://data.icecat.biz/dtd/ICECAT-interface_response.dtd">
<!--source: Icecat.biz 2025-->
<!--Language ID: 1-->
<!--Version: v2-->
<ICECAT-interface xmlns:xsi="http://www.w3.org/2001/XMLSchema-instance" xsi:noNamespaceSchemaLocation="https://data.icecat.biz/xsd/ICECAT-interface_response.xsd">
 <Product Code="1" HighPic="https://inishop.com/img/gallery/756c1a1e2c4613fc220e392c603764bde5d6b359.jpg" HighPicHeight="897" HighPicSize="253850" HighPicWidth="716" ID="120223868" LowPic="https://inishop.com/img/gallery_lows/0477e4deb76b4f48a3df9aed938e12f9470cf60a.jpg" LowPicHeight="200" LowPicSize="13958" LowPicWidth="160" Name="Hyper Pro" IntName="Pro" LocalName="Hyper Pro" Pic500x500="https://inishop.com/img/gallery_mediums/82905bd793ba284bb5c44d251c441624c13911d8.jpg" Pic500x500Height="500" Pic500x500Size="76059" Pic500x500Width="399" Prod_id="ED492" Quality="ICECAT" ReleaseDate="" ThumbPic="https://inishop.com/img/gallery_thumbs/42dd8ad4b005076127c49ed29097541968f2edbc.jpg" ThumbPicSize="3513" Title="glo Hyper Pro" GeneratedIntTitle="glo Hyper Pro electronic cigarette" GeneratedLocalTitle="glo Hyper Pro electronic cigarette Blue" BrandLocalTitle="glo Hyper Pro">
  <CategoryFeatureGroup ID="8911" No="10">
   <FeatureGroup ID="0">
    <Name ID="5073" langid="1" Value="Technical details"/>
   </FeatureGroup>
  </CategoryFeatureGroup>
  <CategoryFeatureGroup ID="8914" No="4">
   <FeatureGroup ID="14">
    <Name ID="5023" langid="1" Value="Weight &amp; dimensions"/>
   </FeatureGroup>
  </CategoryFeatureGroup>
  <CategoryFeatureGroup ID="78604" No="5">
   <FeatureGroup ID="27">
    <Name ID="5049" langid="1" Value="Power"/>
   </FeatureGroup>
  </CategoryFeatureGroup>
  <CategoryFeatureGroup ID="79131" No="3">
   <FeatureGroup ID="67">
    <Name ID="27423" langid="1" Value="Packaging data"/>
   </FeatureGroup>
  </CategoryFeatureGroup>
  <CategoryFeatureGroup ID="43185" No="0">
   <FeatureGroup ID="76">
    <Name ID="28540" langid="1" Value="Certificates"/>
   </FeatureGroup>
  </CategoryFeatureGroup>
  <CategoryFeatureGroup ID="8913" No="2">
   <FeatureGroup ID="116">
    <Name ID="78852" langid="1" Value="Packaging content"/>
   </FeatureGroup>
  </CategoryFeatureGroup>
  <CategoryFeatureGroup ID="8912" No="6">
   <FeatureGroup ID="143">
    <Name ID="618812" langid="1" Value="Battery"/>
   </FeatureGroup>
  </CategoryFeatureGroup>
  <CategoryFeatureGroup ID="8909" No="11">
   <FeatureGroup ID="148">
    <Name ID="630457" langid="1" Value="Design"/>
   </FeatureGroup>
  </CategoryFeatureGroup>
  <CategoryFeatureGroup ID="70844" No="12">
   <FeatureGroup ID="185">
    <Name ID="1219853" langid="1" Value="Features"/>
   </FeatureGroup>
  </CategoryFeatureGroup>
  <CategoryFeatureGroup ID="37235" No="0">
   <FeatureGroup ID="198">
    <Name ID="1788927" langid="1" Value="Logistics data"/>
   </FeatureGroup>
  </CategoryFeatureGroup>
  <CategoryFeatureGroup ID="61707" No="0">
   <FeatureGroup ID="232">
    <Name ID="3464238" langid="1" Value="Supplier features"/>
   </FeatureGroup>
  </CategoryFeatureGroup>
  <CategoryFeatureGroup ID="79130" No="1">
   <FeatureGroup ID="279">
    <Name ID="7392238" langid="1" Value="Sustainability"/>
   </FeatureGroup>
  </CategoryFeatureGroup>
  <Category ID="2401">
   <Name ID="3728969" langid="1" Value="Electronic Cigarettes"/>
  </Category>
  <EANCode EAN="8027463012182" Format="GTIN-13" IsApproved="1"/>
  <ReleaseDate/>
  <EndOfLifeDate/>
  <ReasonsToBuy/>
  <BulletPoints/>
  <GeneratedBulletPoints/>
  <ProductBundled/>
  <ProductDescription ID="94845509" LongDesc="glo™ Hyper Pro is the most advanced device in a modern design with many additional functions that will ensure even greater satisfaction from the first puff.&lt;br&gt;&lt;br&gt;HeatBoost™ Technology will give you a superior taste satisfaction thanks to a higher heating temperature and a more intense Boost mode.&lt;br&gt;&lt;br&gt;The unique EasyView™ screen - intuitive and innovative - shows everything you need to know about the device status, including: Standard- or Boost mode, time to start the session, session length or battery charge.&lt;br&gt;&lt;br&gt;Thanks to the TasteSelect™ Dial, selecting the heating mode Standard- or Boost is even easier.&lt;br&gt;&lt;br&gt;Using glo™ has never been so intuitive - glo™ Hyper Pro provides better control and an improved user experience." ManualPDFSize="0" ManualPDFURL="" MiddleDesc="" PDFSize="0" PDFURL="" ShortDesc="Hyper Pro, 92 g, Blue " URL="https://www.discoverglo.com/ch/en/glotm-hyper-pro-lapis-blue" WarrantyInfo="" langid="1"/>
  <ProductFamily ID="74130" LowPic="" ThumbPic="">
   <Name ID="8285473" langid="1" Value="Hyper"/>
  </ProductFamily>
  <ProductFeature Localized="0" ID="633271348" Local_ID="0" Value="300" CategoryFeature_ID="950841" CategoryFeatureGroup_ID="70844" No="100060" Optional="0" Presentation_Value="300 °C" Translated="0" Mandatory="0" Searchable="0">
   <LocalValue Value="300">
    <Measure ID="65">
     <Signs>
      <Sign ID="48" langid="1"><![CDATA[°C]]></Sign>
     </Signs>
    </Measure>
   </LocalValue>
   <Feature ID="42027">
    <Measure ID="65" Sign="">
     <Signs>
      <Sign ID="48" langid="1"><![CDATA[°C]]></Sign>
     </Signs>
    </Measure>
    <Name ID="6630171" langid="1" Value="Heating temperature (max)"/>
   </Feature>
  </ProductFeature>
  <ProductFeature Localized="0" ID="633271350" Local_ID="0" Value="20" CategoryFeature_ID="950842" CategoryFeatureGroup_ID="70844" No="100058" Optional="0" Presentation_Value="20 s" Translated="0" Mandatory="0" Searchable="0">
   <LocalValue Value="20">
    <Measure ID="60">
     <Signs>
      <Sign ID="43" langid="1"><![CDATA[s]]></Sign>
     </Signs>
    </Measure>
   </LocalValue>
   <Feature ID="47836">
    <Measure ID="60" Sign="">
     <Signs>
      <Sign ID="43" langid="1"><![CDATA[s]]></Sign>
     </Signs>
    </Measure>
    <Name ID="9101609" langid="1" Value="Rump-up time (boost mode)"/>
   </Feature>
  </ProductFeature>
  <ProductFeature Localized="0" ID="632971175" Local_ID="0" Value="Blue" CategoryFeature_ID="68804" CategoryFeatureGroup_ID="8909" No="100090" Optional="0" Presentation_Value="Blue" Translated="1" Mandatory="0" Searchable="0">
   <LocalValue Value="Blue">
    <Measure ID="29">
     <Signs/>
    </Measure>
   </LocalValue>
   <Feature ID="1766">
    <Measure ID="29" Sign="">
     <Signs/>
    </Measure>
    <Name ID="5487" langid="1" Value="Product colour"/>
   </Feature>
  </ProductFeature>
  <ProductFeature Localized="0" ID="632971179" Local_ID="0" Value="Y" CategoryFeature_ID="249546" CategoryFeatureGroup_ID="8909" No="100080" Optional="0" Presentation_Value="Yes" Translated="1" Mandatory="0" Searchable="0">
   <LocalValue Value="Yes">
    <Measure ID="26">
     <Signs/>
    </Measure>
   </LocalValue>
   <Feature ID="8782">
    <Measure ID="26" Sign="">
     <Signs/>
    </Measure>
    <Name ID="738325" langid="1" Value="Built-in display"/>
   </Feature>
  </ProductFeature>
  <ProductFeature Localized="0" ID="632971181" Local_ID="0" Value="LED" CategoryFeature_ID="249547" CategoryFeatureGroup_ID="8909" No="100078" Optional="0" Presentation_Value="LED" Translated="1" Mandatory="0" Searchable="0">
   <LocalValue Value="LED">
    <Measure ID="29">
     <Signs/>
    </Measure>
   </LocalValue>
   <Feature ID="9104">
    <Measure ID="29" Sign="">
     <Signs/>
    </Measure>
    <Name ID="761213" langid="1" Value="Display type"/>
   </Feature>
  </ProductFeature>
  <ProductFeature Localized="0" ID="632971176" Local_ID="0" Value="Buttons" CategoryFeature_ID="249568" CategoryFeatureGroup_ID="8909" No="100040" Optional="0" Presentation_Value="Buttons" Translated="1" Mandatory="0" Searchable="0">
   <LocalValue Value="Buttons">
    <Measure ID="29">
     <Signs/>
    </Measure>
   </LocalValue>
   <Feature ID="2651">
    <Measure ID="29" Sign="">
     <Signs/>
    </Measure>
    <Name ID="13446" langid="1" Value="Control type"/>
   </Feature>
  </ProductFeature>
  <ProductFeature Localized="0" ID="632971184" Local_ID="0" Value="Y" CategoryFeature_ID="249553" CategoryFeatureGroup_ID="8909" No="100000" Optional="0" Presentation_Value="Yes" Translated="1" Mandatory="0" Searchable="0">
   <LocalValue Value="Yes">
    <Measure ID="26">
     <Signs/>
    </Measure>
   </LocalValue>
   <Feature ID="23798">
    <Measure ID="26" Sign="">
     <Signs/>
    </Measure>
    <Name ID="1953766" langid="1" Value="USB port"/>
   </Feature>
  </ProductFeature>
  <ProductFeature Localized="0" ID="633271199" Local_ID="0" Value="Y" CategoryFeature_ID="950840" CategoryFeatureGroup_ID="8909" No="100000" Optional="0" Presentation_Value="Yes" Translated="1" Mandatory="0" Searchable="0">
   <LocalValue Value="Yes">
    <Measure ID="26">
     <Signs/>
    </Measure>
   </LocalValue>
   <Feature ID="10888">
    <Measure ID="26" Sign="">
     <Signs/>
    </Measure>
    <Name ID="955562" langid="1" Value="Boost function"/>
   </Feature>
  </ProductFeature>
  <ProductFeature Localized="0" ID="632971183" Local_ID="0" Value="Y" CategoryFeature_ID="249552" CategoryFeatureGroup_ID="8912" No="100045" Optional="0" Presentation_Value="Yes" Translated="1" Mandatory="0" Searchable="0">
   <LocalValue Value="Yes">
    <Measure ID="26">
     <Signs/>
    </Measure>
   </LocalValue>
   <Feature ID="11194">
    <Measure ID="26" Sign="">
     <Signs/>
    </Measure>
    <Name ID="982701" langid="1" Value="USB charging"/>
   </Feature>
  </ProductFeature>
  <ProductFeature Localized="0" ID="632971178" Local_ID="0" Value="Y" CategoryFeature_ID="641061" CategoryFeatureGroup_ID="8912" No="100000" Optional="1" Presentation_Value="Yes" Translated="1" Mandatory="0" Searchable="0">
   <LocalValue Value="Yes">
    <Measure ID="26">
     <Signs/>
    </Measure>
   </LocalValue>
   <Feature ID="5204">
    <Measure ID="26" Sign="">
     <Signs/>
    </Measure>
    <Name ID="71602" langid="1" Value="Rechargeable battery"/>
   </Feature>
  </ProductFeature>
  <ProductFeature Localized="0" ID="633271388" Local_ID="0" Value="1.5" CategoryFeature_ID="950844" CategoryFeatureGroup_ID="78604" No="100000" Optional="0" Presentation_Value="1.5 h" Translated="0" Mandatory="0" Searchable="0">
   <LocalValue Value="1.5">
    <Measure ID="46">
     <Signs>
      <Sign ID="30" langid="1"><![CDATA[h]]></Sign>
     </Signs>
    </Measure>
   </LocalValue>
   <Feature ID="4087">
    <Measure ID="46" Sign="">
     <Signs>
      <Sign ID="30" langid="1"><![CDATA[h]]></Sign>
     </Signs>
    </Measure>
    <Name ID="58838" langid="1" Value="Charging time"/>
   </Feature>
  </ProductFeature>
  <ProductFeature Localized="0" ID="632971173" Local_ID="0" Value="36.5" CategoryFeature_ID="68823" CategoryFeatureGroup_ID="8914" No="100040" Optional="0" Presentation_Value="36.5 mm" Translated="0" Mandatory="0" Searchable="0">
   <LocalValue Value="36.5">
    <Measure ID="24">
     <Signs>
      <Sign ID="3" langid="1"><![CDATA[mm]]></Sign>
     </Signs>
    </Measure>
   </LocalValue>
   <Feature ID="1649">
    <Measure ID="24" Sign="">
     <Signs>
      <Sign ID="3" langid="1"><![CDATA[mm]]></Sign>
     </Signs>
    </Measure>
    <Name ID="5143" langid="1" Value="Width"/>
   </Feature>
  </ProductFeature>
  <ProductFeature Localized="0" ID="632971174" Local_ID="0" Value="21" CategoryFeature_ID="68824" CategoryFeatureGroup_ID="8914" No="100030" Optional="0" Presentation_Value="21 mm" Translated="0" Mandatory="0" Searchable="0">
   <LocalValue Value="21">
    <Measure ID="24">
     <Signs>
      <Sign ID="3" langid="1"><![CDATA[mm]]></Sign>
     </Signs>
    </Measure>
   </LocalValue>
   <Feature ID="1650">
    <Measure ID="24" Sign="">
     <Signs>
      <Sign ID="3" langid="1"><![CDATA[mm]]></Sign>
     </Signs>
    </Measure>
    <Name ID="5145" langid="1" Value="Depth"/>
   </Feature>
  </ProductFeature>
  <ProductFeature Localized="0" ID="632971172" Local_ID="0" Value="96.4" CategoryFeature_ID="68825" CategoryFeatureGroup_ID="8914" No="100020" Optional="0" Presentation_Value="96.4 mm" Translated="0" Mandatory="0" Searchable="0">
   <LocalValue Value="96.4">
    <Measure ID="24">
     <Signs>
      <Sign ID="3" langid="1"><![CDATA[mm]]></Sign>
     </Signs>
    </Measure>
   </LocalValue>
   <Feature ID="1464">
    <Measure ID="24" Sign="">
     <Signs>
      <Sign ID="3" langid="1"><![CDATA[mm]]></Sign>
     </Signs>
    </Measure>
    <Name ID="4625" langid="1" Value="Height"/>
   </Feature>
  </ProductFeature>
  <ProductFeature Localized="0" ID="632971171" Local_ID="0" Value="92" CategoryFeature_ID="68826" CategoryFeatureGroup_ID="8914" No="100010" Optional="0" Presentation_Value="92 g" Translated="0" Mandatory="0" Searchable="0">
   <LocalValue Value="92">
    <Measure ID="38">
     <Signs>
      <Sign ID="22" langid="1"><![CDATA[g]]></Sign>
     </Signs>
    </Measure>
   </LocalValue>
   <Feature ID="94">
    <Measure ID="38" Sign="">
     <Signs>
      <Sign ID="22" langid="1"><![CDATA[g]]></Sign>
     </Signs>
    </Measure>
    <Name ID="1525" langid="1" Value="Weight"/>
   </Feature>
  </ProductFeature>
  <ProductFeature Localized="0" ID="632971182" Local_ID="0" Value="Y" CategoryFeature_ID="68816" CategoryFeatureGroup_ID="8913" No="100050" Optional="0" Presentation_Value="Yes" Translated="1" Mandatory="0" Searchable="0">
   <LocalValue Value="Yes">
    <Measure ID="26">
     <Signs/>
    </Measure>
   </LocalValue>
   <Feature ID="10871">
    <Measure ID="26" Sign="">
     <Signs/>
    </Measure>
    <Name ID="954526" langid="1" Value="USB charger included"/>
   </Feature>
  </ProductFeature>
  <ProductFeature Localized="0" ID="632971177" Local_ID="0" Value="Y" CategoryFeature_ID="68848" CategoryFeatureGroup_ID="8913" No="100000" Optional="0" Presentation_Value="Yes" Translated="1" Mandatory="0" Searchable="0">
   <LocalValue Value="Yes">
    <Measure ID="26">
     <Signs/>
    </Measure>
   </LocalValue>
   <Feature ID="3965">
    <Measure ID="26" Sign="">
     <Signs/>
    </Measure>
    <Name ID="56040" langid="1" Value="Manual"/>
   </Feature>
  </ProductFeature>
  <ProductFeature Localized="0" ID="633271402" Local_ID="0" Value="Y" CategoryFeature_ID="950845" CategoryFeatureGroup_ID="8913" No="100000" Optional="0" Presentation_Value="Yes" Translated="1" Mandatory="0" Searchable="0">
   <LocalValue Value="Yes">
    <Measure ID="26">
     <Signs/>
    </Measure>
   </LocalValue>
   <Feature ID="3920">
    <Measure ID="26" Sign="">
     <Signs/>
    </Measure>
    <Name ID="55938" langid="1" Value="Cleaning brush"/>
   </Feature>
  </ProductFeature>
  <ProductGallery>
   <ProductPicture IsMain="Y" LowPic="https://inishop.com/img/gallery_lows/0477e4deb76b4f48a3df9aed938e12f9470cf60a.jpg" LowPicHeight="200" LowPicWidth="160" LowSize="13958" No="1" Original="https://inishop.com/img/gallery_raw/73ee081e73ee9d05c8542837149fab8291f3e106.png" OriginalSize="416261" Pic="https://inishop.com/img/gallery/756c1a1e2c4613fc220e392c603764bde5d6b359.jpg" Pic500x500="https://inishop.com/img/gallery_mediums/82905bd793ba284bb5c44d251c441624c13911d8.jpg" Pic500x500Height="500" Pic500x500Size="76059" Pic500x500Width="399" PicHeight="897" PicWidth="716" ProductPicture_ID="89335782" Size="253850" ThumbPic="https://inishop.com/img/gallery_thumbs/42dd8ad4b005076127c49ed29097541968f2edbc.jpg" ThumbSize="3513" Type="ProductImage" UpdatedDate="2024-04-04 16:35:48"/>
   <ProductPicture LowPic="https://inishop.com/img/gallery_lows/7e9af11453882c4697540a493a86b975c6296c6a.jpg" LowPicHeight="200" LowPicWidth="158" LowSize="13920" No="2" Original="https://inishop.com/img/gallery_raw/4689e52b3be50980165dba36086945b4796d3b7f.png" OriginalSize="469478" Pic="https://inishop.com/img/gallery/a0f6c15a3797b407bd22dfa8eef9dc7005b63fad.jpg" Pic500x500="https://inishop.com/img/gallery_mediums/35174ab7c3a42887a096bf4ddfd58467630889db.jpg" Pic500x500Height="500" Pic500x500Size="79269" Pic500x500Width="396" PicHeight="900" PicWidth="713" ProductPicture_ID="89335783" Size="272121" ThumbPic="https://inishop.com/img/gallery_thumbs/7ecd97ad0bd950e256bc1721c8ecbbbf54aac360.jpg" ThumbSize="3361" Type="ProductImage" UpdatedDate="2024-04-04 16:35:48"/>
   <ProductPicture LowPic="https://inishop.com/img/gallery_lows/250d707610ab3f35949945e64c5d3740b77ff59f.jpg" LowPicHeight="200" LowPicWidth="159" LowSize="13081" No="3" Original="https://inishop.com/img/gallery_raw/34015bb019da112762d77e26bcff96fbfd1738d2.png" OriginalSize="414249" Pic="https://inishop.com/img/gallery/524d842b108e482c62f90eb582cd89ed59578579.jpg" Pic500x500="https://inishop.com/img/gallery_mediums/ee8b4f6d2e669abc2f56041cd908743fd3887a42.jpg" Pic500x500Height="500" Pic500x500Size="71758" Pic500x500Width="398" PicHeight="896" PicWidth="714" ProductPicture_ID="89335784" Size="240971" ThumbPic="https://inishop.com/img/gallery_thumbs/37056e0ff94f91aac8bce9a46f848f39e4f9d11a.jpg" ThumbSize="3249" Type="ProductImage" UpdatedDate="2024-04-04 16:35:49"/>
   <ProductPicture LowPic="https://inishop.com/img/gallery_lows/41952dfa33f4c2fbcb4f3ee4bf0b36423fba246e.jpg" LowPicHeight="200" LowPicWidth="200" LowSize="28454" No="4" Original="https://inishop.com/img/gallery_raw/dfec68853883ba0e110d38db7a1c2504d430f514.png" OriginalSize="383063" Pic="https://inishop.com/img/gallery/e272547fa74d2b37911e7e99da588f27e55c102c.jpg" Pic500x500="https://inishop.com/img/gallery_mediums/a68294ed85d6637bbdda238458cbccb6b4c56ff6.jpg" Pic500x500Height="500" Pic500x500Size="112211" Pic500x500Width="500" PicHeight="700" PicWidth="700" ProductPicture_ID="89335785" Size="178723" ThumbPic="https://inishop.com/img/gallery_thumbs/13c1457a55785360b906caef7e721cea706dd5e3.jpg" ThumbSize="6745" Type="ProductImage" UpdatedDate="2024-04-04 16:36:11"/>
   <ProductPicture LowPic="https://inishop.com/img/gallery_lows/ae1efac023cb30412980ac34ff6bbee460a02e58.jpg" LowPicHeight="200" LowPicWidth="200" LowSize="28191" No="5" Original="https://inishop.com/img/gallery_raw/003939e434d3de291f7305dffb33f942b47e7d16.png" OriginalSize="394997" Pic="https://inishop.com/img/gallery/c8aa4ab1cf36008763e119a68f94eb468eff9ca5.jpg" Pic500x500="https://inishop.com/img/gallery_mediums/6b4e9d46ec19fc9d231f3a49b81a02812ff33cfa.jpg" Pic500x500Height="500" Pic500x500Size="120135" Pic500x500Width="500" PicHeight="700" PicWidth="700" ProductPicture_ID="89335786" Size="202409" ThumbPic="https://inishop.com/img/gallery_thumbs/2e66dd8fb01f5b4a5aa2708309cdc5d60179ff5b.jpg" ThumbSize="6565" Type="ProductImage" UpdatedDate="2024-04-04 16:36:11"/>
  </ProductGallery>
  <ProductMultimediaObject>
   <MultimediaObject ContentType="application/pdf" Date="2024-04-04 16:44:29" Description="manual pdf" KeepAsURL="0" MultimediaObject_ID="45346167" Type="manual pdf" UUID="C116E436-AD9A-4700-95B5-0D2A09B9774B" langid="0" Height="0" PreviewHeight="0" PreviewSize="0" PreviewUrl="" PreviewWidth="0" Size="2920852" URL="https://inishop.com/objects/mmo_120223868_1712241869_8825_22513.pdf" Width="0"/>
  </ProductMultimediaObject>
  <ProductRelated/>
  <SummaryDescription>
   <ShortSummaryDescription langid="1">glo Hyper Pro, 300 °C, 20 s, Blue, LED, Buttons, 1.5 h</ShortSummaryDescription>
   <LongSummaryDescription langid="1">glo Hyper Pro. Heating temperature (max): 300 °C, Rump-up time (boost mode): 20 s. Product colour: Blue, Display type: LED, Control type: Buttons. Charging time: 1.5 h. Width: 36.5 mm, Depth: 21 mm, Height: 96.4 mm</LongSummaryDescription>
  </SummaryDescription>
  <Supplier ID="37049" Name="glo"/>
  <CatalogObjectCloud/>
  <BrandOrganizations/>
 </Product>
</ICECAT-interface>
