<?xml version="1.0" encoding="UTF-8"?>
<!DOCTYPE ICECAT-interface SYSTEM "https://data.icecat.biz/dtd/ICECAT-interface_response.dtd">
<!--source: Icecat.biz 2025-->
<!--Language ID: 1-->
<!--Version: v2-->
<ICECAT-interface xmlns:xsi="http://www.w3.org/2001/XMLSchema-instance" xsi:noNamespaceSchemaLocation="https://data.icecat.biz/xsd/ICECAT-interface_response.xsd">
 <Product Code="1" HighPic="https://inishop.com/img/gallery/51040c508020b3df6c45326d81a670f58075e566.jpg" HighPicHeight="281" HighPicSize="9407" HighPicWidth="200" ID="134703553" LowPic="https://inishop.com/img/gallery_lows/7ea0f94f286cdee74ff7c81b27b886e282884b29.jpg" LowPicHeight="200" LowPicSize="6026" LowPicWidth="142" Name="Ego Nano" IntName="Ego Nano" LocalName="" Pic500x500="" Pic500x500Height="0" Pic500x500Size="0" Pic500x500Width="0" Prod_id="EGO_NANO_KIT" Quality="ICECAT" ReleaseDate="" ThumbPic="https://inishop.com/img/gallery_thumbs/627657923806637822edbba60ba7cb66fe1f0d86.jpg" ThumbPicSize="1745" Title="Joyetech Ego Nano electronic cigarette 800 mAh Blue, Pink" GeneratedIntTitle="Joyetech Ego Nano electronic cigarette" GeneratedLocalTitle="Joyetech Ego Nano electronic cigarette 800 mAh Blue, Pink" BrandLocalTitle="">
  <CategoryFeatureGroup ID="8911" No="10">
   <FeatureGroup ID="0">
    <Name ID="5073" langid="1" Value="Technical details"/>
   </FeatureGroup>
  </CategoryFeatureGroup>
  <CategoryFeatureGroup ID="8914" No="4">
   <FeatureGroup ID="14">
    <Name ID="5023" langid="1" Value="Weight &amp; dimensions"/>
   </FeatureGroup>
  </CategoryFeatureGroup>
  <CategoryFeatureGroup ID="78604" No="5">
   <FeatureGroup ID="27">
    <Name ID="5049" langid="1" Value="Power"/>
   </FeatureGroup>
  </CategoryFeatureGroup>
  <CategoryFeatureGroup ID="79131" No="3">
   <FeatureGroup ID="67">
    <Name ID="27423" langid="1" Value="Packaging data"/>
   </FeatureGroup>
  </CategoryFeatureGroup>
  <CategoryFeatureGroup ID="43185" No="0">
   <FeatureGroup ID="76">
    <Name ID="28540" langid="1" Value="Certificates"/>
   </FeatureGroup>
  </CategoryFeatureGroup>
  <CategoryFeatureGroup ID="8913" No="2">
   <FeatureGroup ID="116">
    <Name ID="78852" langid="1" Value="Packaging content"/>
   </FeatureGroup>
  </CategoryFeatureGroup>
  <CategoryFeatureGroup ID="8912" No="6">
   <FeatureGroup ID="143">
    <Name ID="618812" langid="1" Value="Battery"/>
   </FeatureGroup>
  </CategoryFeatureGroup>
  <CategoryFeatureGroup ID="8909" No="11">
   <FeatureGroup ID="148">
    <Name ID="630457" langid="1" Value="Design"/>
   </FeatureGroup>
  </CategoryFeatureGroup>
  <CategoryFeatureGroup ID="70844" No="12">
   <FeatureGroup ID="185">
    <Name ID="1219853" langid="1" Value="Features"/>
   </FeatureGroup>
  </CategoryFeatureGroup>
  <CategoryFeatureGroup ID="37235" No="0">
   <FeatureGroup ID="198">
    <Name ID="1788927" langid="1" Value="Logistics data"/>
   </FeatureGroup>
  </CategoryFeatureGroup>
  <CategoryFeatureGroup ID="61707" No="0">
   <FeatureGroup ID="232">
    <Name ID="3464238" langid="1" Value="Supplier features"/>
   </FeatureGroup>
  </CategoryFeatureGroup>
  <CategoryFeatureGroup ID="79130" No="1">
   <FeatureGroup ID="279">
    <Name ID="7392238" langid="1" Value="Sustainability"/>
   </FeatureGroup>
  </CategoryFeatureGroup>
  <Category ID="2401">
   <Name ID="3728969" langid="1" Value="Electronic Cigarettes"/>
  </Category>
  <EANCode/>
  <ReleaseDate/>
  <EndOfLifeDate/>
  <ReasonsToBuy/>
  <BulletPoints/>
  <GeneratedBulletPoints/>
  <ProductBundled/>
  <ProductDescription ID="104044105" LongDesc="eGo Nano features a sleek cylindrical body with a soft-touch rubberized finish. Its minimalist design is enhanced by vibrant colors for a fresh, modern look. Enjoy the convenience of top-fill refilling without removing the pod. Powered by an 800mAh battery, it's built for reliable all-day use.&lt;br&gt;&lt;br&gt;&lt;b&gt;Bold Colors with a Soft Touch&lt;/b&gt;&lt;br&gt;Designed to stand out, the eGo Nano features a vibrant color palette and a smooth rubberized finish for a comfortable, non-slip grip.&lt;br&gt;&lt;br&gt;&lt;b&gt;No Buttons, Just Vape&lt;/b&gt;&lt;br&gt;The eGo Nano is designed for simplicity — just inhale to activate and enjoy your vape.&lt;br&gt;&lt;br&gt;&lt;b&gt;Top-Fill Convenience&lt;/b&gt;&lt;br&gt;Refill easily from the top—no need to remove the pod.&lt;br&gt;Just open the silicone plug and fill. It's that simple.&lt;br&gt;&lt;br&gt;&lt;b&gt;Multiple Pod Options&lt;/b&gt;&lt;br&gt;Works seamlessly with eRoll Nano pods, giving you more choices to suit your taste.&lt;br&gt;&lt;br&gt;*The eGo Nano Pods are also compatible with the eRoll Nano device.&lt;br&gt;&lt;br&gt;&lt;b&gt;Power That Lasts&lt;/b&gt;&lt;br&gt;Equipped with an 800mAh battery and USB-C charging for reliable, fast power.&lt;br&gt;&lt;br&gt;&lt;b&gt;3-Level Battery Indicator&lt;/b&gt;&lt;br&gt;The small, hole-shaped LED indicator is discreet yet practical,&lt;br&gt;providing clear feedback without being obtrusive." ManualPDFSize="0" ManualPDFURL="" MiddleDesc="" PDFSize="0" PDFURL="" ShortDesc="1500 mAh, 2 mlб 17.5 x 113.4mm" URL="https://www.joyetech.com/product/ego-nano/" WarrantyInfo="" langid="1"/>
  <ProductFeature Localized="0" ID="835225737" Local_ID="0" Value="Blue,Pink" CategoryFeature_ID="68804" CategoryFeatureGroup_ID="8909" No="100090" Optional="0" Presentation_Value="Blue, Pink" Translated="1" Mandatory="0" Searchable="0">
   <LocalValue Value="Blue, Pink">
    <Measure ID="29">
     <Signs/>
    </Measure>
   </LocalValue>
   <Feature ID="1766">
    <Measure ID="29" Sign="">
     <Signs/>
    </Measure>
    <Name ID="5487" langid="1" Value="Product colour"/>
   </Feature>
  </ProductFeature>
  <ProductFeature Localized="0" ID="836140283" Local_ID="0" Value="Battery level" CategoryFeature_ID="293940" CategoryFeatureGroup_ID="8909" No="100010" Optional="0" Presentation_Value="Battery level" Translated="1" Mandatory="0" Searchable="0">
   <LocalValue Value="Battery level">
    <Measure ID="29">
     <Signs/>
    </Measure>
   </LocalValue>
   <Feature ID="1501">
    <Measure ID="29" Sign="">
     <Signs/>
    </Measure>
    <Name ID="4699" langid="1" Value="LED indicators"/>
   </Feature>
  </ProductFeature>
  <ProductFeature Localized="0" ID="836140284" Local_ID="0" Value="Y" CategoryFeature_ID="249553" CategoryFeatureGroup_ID="8909" No="100000" Optional="0" Presentation_Value="Yes" Translated="1" Mandatory="0" Searchable="0">
   <LocalValue Value="Yes">
    <Measure ID="26">
     <Signs/>
    </Measure>
   </LocalValue>
   <Feature ID="23798">
    <Measure ID="26" Sign="">
     <Signs/>
    </Measure>
    <Name ID="1953766" langid="1" Value="USB port"/>
   </Feature>
  </ProductFeature>
  <ProductFeature Localized="0" ID="835225733" Local_ID="0" Value="800" CategoryFeature_ID="68815" CategoryFeatureGroup_ID="8912" No="100100" Optional="0" Presentation_Value="800 mAh" Translated="0" Mandatory="0" Searchable="0">
   <LocalValue Value="800">
    <Measure ID="51">
     <Signs>
      <Sign ID="35" langid="1"><![CDATA[mAh]]></Sign>
     </Signs>
    </Measure>
   </LocalValue>
   <Feature ID="909">
    <Measure ID="51" Sign="">
     <Signs>
      <Sign ID="35" langid="1"><![CDATA[mAh]]></Sign>
     </Signs>
    </Measure>
    <Name ID="3359" langid="1" Value="Battery capacity"/>
   </Feature>
  </ProductFeature>
  <ProductFeature Localized="0" ID="836140287" Local_ID="0" Value="Y" CategoryFeature_ID="249552" CategoryFeatureGroup_ID="8912" No="100045" Optional="0" Presentation_Value="Yes" Translated="1" Mandatory="0" Searchable="0">
   <LocalValue Value="Yes">
    <Measure ID="26">
     <Signs/>
    </Measure>
   </LocalValue>
   <Feature ID="11194">
    <Measure ID="26" Sign="">
     <Signs/>
    </Measure>
    <Name ID="982701" langid="1" Value="USB charging"/>
   </Feature>
  </ProductFeature>
  <ProductFeature Localized="0" ID="835225983" Local_ID="0" Value="15" CategoryFeature_ID="249555" CategoryFeatureGroup_ID="8912" No="100040" Optional="0" Presentation_Value="15 W" Translated="0" Mandatory="0" Searchable="0">
   <LocalValue Value="15">
    <Measure ID="44">
     <Signs>
      <Sign ID="28" langid="1"><![CDATA[W]]></Sign>
     </Signs>
    </Measure>
   </LocalValue>
   <Feature ID="5932">
    <Measure ID="44" Sign="">
     <Signs>
      <Sign ID="28" langid="1"><![CDATA[W]]></Sign>
     </Signs>
    </Measure>
    <Name ID="131593" langid="1" Value="Output power"/>
   </Feature>
  </ProductFeature>
  <ProductFeature Localized="0" ID="835225735" Local_ID="0" Value="17.5" CategoryFeature_ID="68823" CategoryFeatureGroup_ID="8914" No="100040" Optional="0" Presentation_Value="17.5 mm" Translated="0" Mandatory="0" Searchable="0">
   <LocalValue Value="17.5">
    <Measure ID="24">
     <Signs>
      <Sign ID="3" langid="1"><![CDATA[mm]]></Sign>
     </Signs>
    </Measure>
   </LocalValue>
   <Feature ID="1649">
    <Measure ID="24" Sign="">
     <Signs>
      <Sign ID="3" langid="1"><![CDATA[mm]]></Sign>
     </Signs>
    </Measure>
    <Name ID="5143" langid="1" Value="Width"/>
   </Feature>
  </ProductFeature>
  <ProductFeature Localized="0" ID="835225736" Local_ID="0" Value="17.5" CategoryFeature_ID="68824" CategoryFeatureGroup_ID="8914" No="100030" Optional="0" Presentation_Value="17.5 mm" Translated="0" Mandatory="0" Searchable="0">
   <LocalValue Value="17.5">
    <Measure ID="24">
     <Signs>
      <Sign ID="3" langid="1"><![CDATA[mm]]></Sign>
     </Signs>
    </Measure>
   </LocalValue>
   <Feature ID="1650">
    <Measure ID="24" Sign="">
     <Signs>
      <Sign ID="3" langid="1"><![CDATA[mm]]></Sign>
     </Signs>
    </Measure>
    <Name ID="5145" langid="1" Value="Depth"/>
   </Feature>
  </ProductFeature>
  <ProductFeature Localized="0" ID="835225734" Local_ID="0" Value="134" CategoryFeature_ID="68825" CategoryFeatureGroup_ID="8914" No="100020" Optional="0" Presentation_Value="134 mm" Translated="0" Mandatory="0" Searchable="0">
   <LocalValue Value="134">
    <Measure ID="24">
     <Signs>
      <Sign ID="3" langid="1"><![CDATA[mm]]></Sign>
     </Signs>
    </Measure>
   </LocalValue>
   <Feature ID="1464">
    <Measure ID="24" Sign="">
     <Signs>
      <Sign ID="3" langid="1"><![CDATA[mm]]></Sign>
     </Signs>
    </Measure>
    <Name ID="4625" langid="1" Value="Height"/>
   </Feature>
  </ProductFeature>
  <ProductFeature Localized="0" ID="835225738" Local_ID="0" Value="Y" CategoryFeature_ID="68848" CategoryFeatureGroup_ID="8913" No="100000" Optional="0" Presentation_Value="Yes" Translated="1" Mandatory="0" Searchable="0">
   <LocalValue Value="Yes">
    <Measure ID="26">
     <Signs/>
    </Measure>
   </LocalValue>
   <Feature ID="3965">
    <Measure ID="26" Sign="">
     <Signs/>
    </Measure>
    <Name ID="56040" langid="1" Value="Manual"/>
   </Feature>
  </ProductFeature>
  <ProductGallery>
   <ProductPicture IsMain="Y" LowPic="https://inishop.com/img/gallery_lows/7ea0f94f286cdee74ff7c81b27b886e282884b29.jpg" LowPicHeight="200" LowPicWidth="142" LowSize="6026" No="1" Original="https://inishop.com/img/gallery_raw/44c17684cd9e4e3d41dbabaaa076efd552214c02.png" OriginalSize="12563" Pic="https://inishop.com/img/gallery/51040c508020b3df6c45326d81a670f58075e566.jpg" Pic500x500="" Pic500x500Height="0" Pic500x500Size="0" Pic500x500Width="0" PicHeight="281" PicWidth="200" ProductPicture_ID="117094629" Size="9407" ThumbPic="https://inishop.com/img/gallery_thumbs/627657923806637822edbba60ba7cb66fe1f0d86.jpg" ThumbSize="1745" Type="ProductImage" UpdatedDate="2025-09-09 09:25:41"/>
   <ProductPicture LowPic="https://inishop.com/img/gallery_lows/a3df62cdb660b2bbc290050c10507aff0474815f.jpg" LowPicHeight="200" LowPicWidth="197" LowSize="20999" No="2" Original="https://inishop.com/img/gallery_raw/c23463b975d558b14932659241e03e8ce94be983.jpeg" OriginalSize="29705" Pic="https://inishop.com/img/gallery/e1532df823270ac4051ab80d782a270970adaebc.jpg" Pic500x500="https://inishop.com/img/gallery_mediums/81c64db67f9d23f55177753da349751481dc7a1d.jpg" Pic500x500Height="500" Pic500x500Size="87969" Pic500x500Width="492" PicHeight="645" PicWidth="635" ProductPicture_ID="117094628" Size="135329" ThumbPic="https://inishop.com/img/gallery_thumbs/f04d3dd4fd909bc758cd2ee70f596029a53ca246.jpg" ThumbSize="5016" Type="ProductImage" UpdatedDate="2025-09-09 09:25:50"/>
  </ProductGallery>
  <ProductMultimediaObject/>
  <ProductRelated/>
  <SummaryDescription>
   <ShortSummaryDescription langid="1">Joyetech Ego Nano, Blue, Pink, Battery level, 800 mAh, 15 W, 17.5 mm, 17.5 mm</ShortSummaryDescription>
   <LongSummaryDescription langid="1">Joyetech Ego Nano. Product colour: Blue, Pink, LED indicators: Battery level. Battery capacity: 800 mAh, Output power: 15 W. Width: 17.5 mm, Depth: 17.5 mm, Height: 134 mm</LongSummaryDescription>
  </SummaryDescription>
  <Supplier ID="18196" Name="Joyetech"/>
  <CatalogObjectCloud/>
  <BrandOrganizations/>
 </Product>
</ICECAT-interface>
