<?xml version="1.0" encoding="UTF-8"?>
<!DOCTYPE ICECAT-interface SYSTEM "https://data.icecat.biz/dtd/ICECAT-interface_response.dtd">
<!--source: Icecat.biz 2025-->
<!--Language ID: 1-->
<!--Version: v2-->
<ICECAT-interface xmlns:xsi="http://www.w3.org/2001/XMLSchema-instance" xsi:noNamespaceSchemaLocation="https://data.icecat.biz/xsd/ICECAT-interface_response.xsd">
 <Product Code="1" HighPic="https://inishop.com/img/gallery/36359145_9874571324.jpg" HighPicHeight="782" HighPicSize="28643" HighPicWidth="232" ID="36359145" LowPic="https://inishop.com/img/gallery_lows/36359145_9874571324.jpg" LowPicHeight="200" LowPicSize="3622" LowPicWidth="59" Name="eGo AIO D16" IntName="eGo AIO D16" LocalName="" Pic500x500="https://inishop.com/img/gallery_mediums/36359145_9874571324.jpg" Pic500x500Height="500" Pic500x500Size="15348" Pic500x500Width="148" Prod_id="EGO_AIO_D16_BK" Quality="ICECAT" ReleaseDate="" ThumbPic="https://inishop.com/img/gallery_thumbs/36359145_9874571324.jpg" ThumbPicSize="775" Title="Joyetech eGo AIO D16 electronic cigarette 1500 mAh Black" GeneratedIntTitle="Joyetech eGo AIO D16 electronic cigarette" GeneratedLocalTitle="Joyetech eGo AIO D16 electronic cigarette 1500 mAh Black" BrandLocalTitle="">
  <CategoryFeatureGroup ID="8911" No="10">
   <FeatureGroup ID="0">
    <Name ID="5073" langid="1" Value="Technical details"/>
   </FeatureGroup>
  </CategoryFeatureGroup>
  <CategoryFeatureGroup ID="8914" No="4">
   <FeatureGroup ID="14">
    <Name ID="5023" langid="1" Value="Weight &amp; dimensions"/>
   </FeatureGroup>
  </CategoryFeatureGroup>
  <CategoryFeatureGroup ID="78604" No="5">
   <FeatureGroup ID="27">
    <Name ID="5049" langid="1" Value="Power"/>
   </FeatureGroup>
  </CategoryFeatureGroup>
  <CategoryFeatureGroup ID="79131" No="3">
   <FeatureGroup ID="67">
    <Name ID="27423" langid="1" Value="Packaging data"/>
   </FeatureGroup>
  </CategoryFeatureGroup>
  <CategoryFeatureGroup ID="43185" No="0">
   <FeatureGroup ID="76">
    <Name ID="28540" langid="1" Value="Certificates"/>
   </FeatureGroup>
  </CategoryFeatureGroup>
  <CategoryFeatureGroup ID="8913" No="2">
   <FeatureGroup ID="116">
    <Name ID="78852" langid="1" Value="Packaging content"/>
   </FeatureGroup>
  </CategoryFeatureGroup>
  <CategoryFeatureGroup ID="8912" No="6">
   <FeatureGroup ID="143">
    <Name ID="618812" langid="1" Value="Battery"/>
   </FeatureGroup>
  </CategoryFeatureGroup>
  <CategoryFeatureGroup ID="8909" No="11">
   <FeatureGroup ID="148">
    <Name ID="630457" langid="1" Value="Design"/>
   </FeatureGroup>
  </CategoryFeatureGroup>
  <CategoryFeatureGroup ID="70844" No="12">
   <FeatureGroup ID="185">
    <Name ID="1219853" langid="1" Value="Features"/>
   </FeatureGroup>
  </CategoryFeatureGroup>
  <CategoryFeatureGroup ID="37235" No="0">
   <FeatureGroup ID="198">
    <Name ID="1788927" langid="1" Value="Logistics data"/>
   </FeatureGroup>
  </CategoryFeatureGroup>
  <CategoryFeatureGroup ID="61707" No="0">
   <FeatureGroup ID="232">
    <Name ID="3464238" langid="1" Value="Supplier features"/>
   </FeatureGroup>
  </CategoryFeatureGroup>
  <CategoryFeatureGroup ID="79130" No="1">
   <FeatureGroup ID="279">
    <Name ID="7392238" langid="1" Value="Sustainability"/>
   </FeatureGroup>
  </CategoryFeatureGroup>
  <Category ID="2401">
   <Name ID="3728969" langid="1" Value="Electronic Cigarettes"/>
  </Category>
  <EANCode/>
  <ReleaseDate/>
  <EndOfLifeDate/>
  <ReasonsToBuy/>
  <BulletPoints/>
  <GeneratedBulletPoints/>
  <ProductBundled/>
  <ProductDescription ID="55250585" LongDesc="eGo AIO D16, being all-in-one style, attaches the best anti-leaking structure with 2ml e-juice capacity. Made of environmental plastic, its mouthpiece is of an unique spiral design. It has newly added childproof lock keeping children from the device. It is simple and convenient in using, but fashionable in looking of several mixed colors. Its simplicity and efficiency make the device quite popular and unique. &lt;br&gt;&lt;br&gt;&lt;b&gt;All-In-ONE Style&lt;/b&gt;&lt;br&gt;&lt;br&gt; eGo AIO D16 applies all-in-one style with atomizer inserted inside, which is quite convenient to use.&lt;br&gt;Though petite but it is powerful enough to produce large vapor.&lt;br&gt;&lt;br&gt;&lt;br&gt;&lt;b&gt;Childproof Lock to ensure security&lt;/b&gt; &lt;br&gt;&lt;br&gt;the atomizer cap is equipped with child lock so that one should press the cap to screw or unscrew the atomizer cap. &lt;br&gt;&lt;br&gt;&lt;b&gt;Spiral Structure Mouthpiece&lt;/b&gt; &lt;br&gt;&lt;br&gt;The inserted spiral structure mouthpiece is more beneficial for mouth inhale and is more secure. &lt;br&gt;&lt;br&gt;&lt;b&gt;Choose Your Color &lt;/b&gt;&lt;br&gt;&lt;br&gt;In power-off condition, long press the fire button to turn off the indicate light or shift&lt;br&gt;among the color of red, yellow, green, blue, indigo, white or purple. &lt;br&gt;&lt;br&gt;&lt;b&gt;Adjustment of Air Inflow&lt;/b&gt;&lt;br&gt;&lt;br&gt;Rotating the ring on the atomizer cap clockwise or counterclockwise to adjust the air inflow. &lt;br&gt;&lt;br&gt;&lt;b&gt;E-juice filling&lt;/b&gt;&lt;br&gt;&lt;br&gt;Press the cap to unscrew the atomizer cap, then inject the liquid directly into the cambered slot. &lt;br&gt;&lt;br&gt;&lt;b&gt;Charging&lt;/b&gt;&lt;br&gt;&lt;br&gt;Simply charge eGo AIO D16 by connecting it with a computer or a wall adapter via USB cable.&lt;br&gt;When it's fully charged, the button light will go out." ManualPDFSize="0" ManualPDFURL="" MiddleDesc="" PDFSize="0" PDFURL="" ShortDesc="16.5 x 158 mm, 1500 mAh, 2 ml, Black" URL="https://www.joyetech.com/product/ego-aio-d16/" WarrantyInfo="" langid="1"/>
  <ProductFeature Localized="0" ID="241072019" Local_ID="0" Value="Black" CategoryFeature_ID="68804" CategoryFeatureGroup_ID="8909" No="100090" Optional="0" Presentation_Value="Black" Translated="1" Mandatory="0" Searchable="0">
   <LocalValue Value="Black">
    <Measure ID="29">
     <Signs/>
    </Measure>
   </LocalValue>
   <Feature ID="1766">
    <Measure ID="29" Sign="">
     <Signs/>
    </Measure>
    <Name ID="5487" langid="1" Value="Product colour"/>
   </Feature>
  </ProductFeature>
  <ProductFeature Localized="0" ID="835750621" Local_ID="0" Value="Buttons" CategoryFeature_ID="249568" CategoryFeatureGroup_ID="8909" No="100040" Optional="0" Presentation_Value="Buttons" Translated="1" Mandatory="0" Searchable="0">
   <LocalValue Value="Buttons">
    <Measure ID="29">
     <Signs/>
    </Measure>
   </LocalValue>
   <Feature ID="2651">
    <Measure ID="29" Sign="">
     <Signs/>
    </Measure>
    <Name ID="13446" langid="1" Value="Control type"/>
   </Feature>
  </ProductFeature>
  <ProductFeature Localized="0" ID="835750622" Local_ID="0" Value="Y" CategoryFeature_ID="249553" CategoryFeatureGroup_ID="8909" No="100000" Optional="0" Presentation_Value="Yes" Translated="1" Mandatory="0" Searchable="0">
   <LocalValue Value="Yes">
    <Measure ID="26">
     <Signs/>
    </Measure>
   </LocalValue>
   <Feature ID="23798">
    <Measure ID="26" Sign="">
     <Signs/>
    </Measure>
    <Name ID="1953766" langid="1" Value="USB port"/>
   </Feature>
  </ProductFeature>
  <ProductFeature Localized="0" ID="241072015" Local_ID="0" Value="1500" CategoryFeature_ID="68815" CategoryFeatureGroup_ID="8912" No="100100" Optional="0" Presentation_Value="1500 mAh" Translated="0" Mandatory="0" Searchable="0">
   <LocalValue Value="1500">
    <Measure ID="51">
     <Signs>
      <Sign ID="35" langid="1"><![CDATA[mAh]]></Sign>
     </Signs>
    </Measure>
   </LocalValue>
   <Feature ID="909">
    <Measure ID="51" Sign="">
     <Signs>
      <Sign ID="35" langid="1"><![CDATA[mAh]]></Sign>
     </Signs>
    </Measure>
    <Name ID="3359" langid="1" Value="Battery capacity"/>
   </Feature>
  </ProductFeature>
  <ProductFeature Localized="0" ID="835750283" Local_ID="0" Value="Y" CategoryFeature_ID="249552" CategoryFeatureGroup_ID="8912" No="100045" Optional="0" Presentation_Value="Yes" Translated="1" Mandatory="0" Searchable="0">
   <LocalValue Value="Yes">
    <Measure ID="26">
     <Signs/>
    </Measure>
   </LocalValue>
   <Feature ID="11194">
    <Measure ID="26" Sign="">
     <Signs/>
    </Measure>
    <Name ID="982701" langid="1" Value="USB charging"/>
   </Feature>
  </ProductFeature>
  <ProductFeature Localized="0" ID="241071972" Local_ID="0" Value="16.5" CategoryFeature_ID="68823" CategoryFeatureGroup_ID="8914" No="100040" Optional="0" Presentation_Value="16.5 mm" Translated="0" Mandatory="0" Searchable="0">
   <LocalValue Value="16.5">
    <Measure ID="24">
     <Signs>
      <Sign ID="3" langid="1"><![CDATA[mm]]></Sign>
     </Signs>
    </Measure>
   </LocalValue>
   <Feature ID="1649">
    <Measure ID="24" Sign="">
     <Signs>
      <Sign ID="3" langid="1"><![CDATA[mm]]></Sign>
     </Signs>
    </Measure>
    <Name ID="5143" langid="1" Value="Width"/>
   </Feature>
  </ProductFeature>
  <ProductFeature Localized="0" ID="241071977" Local_ID="0" Value="16.5" CategoryFeature_ID="68824" CategoryFeatureGroup_ID="8914" No="100030" Optional="0" Presentation_Value="16.5 mm" Translated="0" Mandatory="0" Searchable="0">
   <LocalValue Value="16.5">
    <Measure ID="24">
     <Signs>
      <Sign ID="3" langid="1"><![CDATA[mm]]></Sign>
     </Signs>
    </Measure>
   </LocalValue>
   <Feature ID="1650">
    <Measure ID="24" Sign="">
     <Signs>
      <Sign ID="3" langid="1"><![CDATA[mm]]></Sign>
     </Signs>
    </Measure>
    <Name ID="5145" langid="1" Value="Depth"/>
   </Feature>
  </ProductFeature>
  <ProductFeature Localized="0" ID="241071992" Local_ID="0" Value="158" CategoryFeature_ID="68825" CategoryFeatureGroup_ID="8914" No="100020" Optional="0" Presentation_Value="158 mm" Translated="0" Mandatory="0" Searchable="0">
   <LocalValue Value="158">
    <Measure ID="24">
     <Signs>
      <Sign ID="3" langid="1"><![CDATA[mm]]></Sign>
     </Signs>
    </Measure>
   </LocalValue>
   <Feature ID="1464">
    <Measure ID="24" Sign="">
     <Signs>
      <Sign ID="3" langid="1"><![CDATA[mm]]></Sign>
     </Signs>
    </Measure>
    <Name ID="4625" langid="1" Value="Height"/>
   </Feature>
  </ProductFeature>
  <ProductFeature Localized="0" ID="835750262" Local_ID="0" Value="Y" CategoryFeature_ID="68816" CategoryFeatureGroup_ID="8913" No="100050" Optional="0" Presentation_Value="Yes" Translated="1" Mandatory="0" Searchable="0">
   <LocalValue Value="Yes">
    <Measure ID="26">
     <Signs/>
    </Measure>
   </LocalValue>
   <Feature ID="10871">
    <Measure ID="26" Sign="">
     <Signs/>
    </Measure>
    <Name ID="954526" langid="1" Value="USB charger included"/>
   </Feature>
  </ProductFeature>
  <ProductFeature Localized="0" ID="241072004" Local_ID="0" Value="Y" CategoryFeature_ID="68848" CategoryFeatureGroup_ID="8913" No="100000" Optional="0" Presentation_Value="Yes" Translated="1" Mandatory="0" Searchable="0">
   <LocalValue Value="Yes">
    <Measure ID="26">
     <Signs/>
    </Measure>
   </LocalValue>
   <Feature ID="3965">
    <Measure ID="26" Sign="">
     <Signs/>
    </Measure>
    <Name ID="56040" langid="1" Value="Manual"/>
   </Feature>
  </ProductFeature>
  <ProductGallery>
   <ProductPicture IsMain="Y" LowPic="https://inishop.com/img/gallery_lows/36359145_9874571324.jpg" LowPicHeight="200" LowPicWidth="59" LowSize="3622" No="1" Original="https://inishop.com/img/gallery_raw/36359145_9874571324.png" OriginalSize="55889" Pic="https://inishop.com/img/gallery/36359145_9874571324.jpg" Pic500x500="https://inishop.com/img/gallery_mediums/36359145_9874571324.jpg" Pic500x500Height="500" Pic500x500Size="15348" Pic500x500Width="148" PicHeight="782" PicWidth="232" ProductPicture_ID="20727385" Size="28643" ThumbPic="https://inishop.com/img/gallery_thumbs/36359145_9874571324.jpg" ThumbSize="775" Type="ProductImage" UpdatedDate="2017-03-20 10:48:16"/>
  </ProductGallery>
  <ProductMultimediaObject>
   <MultimediaObject ContentType="text/html" Date="2025-09-09 12:15:32" Description="ProductStory2.0" KeepAsURL="0" MultimediaObject_ID="69144833" Type="ProductStory2.0" UUID="B77BB40E-900F-4B35-AA6E-3EE4A57C7D33" langid="1" Height="0" PreviewHeight="0" PreviewSize="0" PreviewUrl="" PreviewWidth="0" Size="10145" URL="https://inishop.com/objects/mmo_36359145_1757412932_3309_1695604.txt" Width="0"/>
   <MultimediaObject ContentType="application/zip" Date="2025-09-09 12:15:40" Description="ProductStory" KeepAsURL="0" MultimediaObject_ID="69144832" Type="ProductStory" UUID="BBBB7A38-B60D-49F2-826E-394B25443FF8" langid="1" Height="0" PreviewHeight="0" PreviewSize="0" PreviewUrl="" PreviewWidth="0" Size="2791" URL="https://inishop.com/objects/mmo_36359145_1757412936_6051_1951578.zip" Width="0"/>
  </ProductMultimediaObject>
  <ProductRelated/>
  <SummaryDescription>
   <ShortSummaryDescription langid="1">Joyetech eGo AIO D16, Black, Buttons, 1500 mAh, 16.5 mm, 16.5 mm, 158 mm</ShortSummaryDescription>
   <LongSummaryDescription langid="1">Joyetech eGo AIO D16. Product colour: Black, Control type: Buttons. Battery capacity: 1500 mAh. Width: 16.5 mm, Depth: 16.5 mm, Height: 158 mm</LongSummaryDescription>
  </SummaryDescription>
  <Supplier ID="18196" Name="Joyetech"/>
  <CatalogObjectCloud/>
  <BrandOrganizations/>
 </Product>
</ICECAT-interface>
