<?xml version="1.0" encoding="UTF-8"?>
<!DOCTYPE ICECAT-interface SYSTEM "https://data.icecat.biz/dtd/ICECAT-interface_response.dtd">
<!--source: Icecat.biz 2025-->
<!--Language ID: 1-->
<!--Version: v2-->
<ICECAT-interface xmlns:xsi="http://www.w3.org/2001/XMLSchema-instance" xsi:noNamespaceSchemaLocation="https://data.icecat.biz/xsd/ICECAT-interface_response.xsd">
 <Product Code="1" HighPic="https://inishop.com/img/gallery/c54724a5836befc2708d1ab26bf821318c9a906f.jpg" HighPicHeight="751" HighPicSize="325894" HighPicWidth="1040" ID="132052489" LowPic="https://inishop.com/img/gallery_lows/5c8ca49f3ff5de0a779f6fe3e28808cde3d1065c.jpg" LowPicHeight="144" LowPicSize="24220" LowPicWidth="200" Name="Surface Pro 12" IntName="Surface Pro 12" LocalName="" Pic500x500="https://inishop.com/img/gallery_mediums/622103e81ea9d21ba66033eef9ac4560d2d5325a.jpg" Pic500x500Height="361" Pic500x500Size="106253" Pic500x500Width="500" Prod_id="EP2-27187" Quality="ICECAT" ReleaseDate="" ThumbPic="https://inishop.com/img/gallery_thumbs/8bafc8c47b36bff56da6e77efbf265554ad87253.jpg" ThumbPicSize="5952" Title="Microsoft Surface Pro 12 Qualcomm Snapdragon 256 GB 30.5 cm (12&quot;) 16 GB Wi-Fi 7 (802.11be) Windows 11 Pro Platinum" GeneratedIntTitle="Microsoft Surface Pro 12" GeneratedLocalTitle="Microsoft Surface Pro 12 Qualcomm Snapdragon 256 GB 30.5 cm (12&quot;) 16 GB Wi-Fi 7 (802.11be) Windows 11 Pro Platinum" BrandLocalTitle="">
  <CategoryFeatureGroup ID="11001" No="-100">
   <FeatureGroup ID="0">
    <Name ID="5073" langid="1" Value="Technical details"/>
   </FeatureGroup>
  </CategoryFeatureGroup>
  <CategoryFeatureGroup ID="830" No="100">
   <FeatureGroup ID="1">
    <Name ID="1222500" langid="1" Value="Processor"/>
   </FeatureGroup>
  </CategoryFeatureGroup>
  <CategoryFeatureGroup ID="832" No="96">
   <FeatureGroup ID="3">
    <Name ID="4863" langid="1" Value="Memory"/>
   </FeatureGroup>
  </CategoryFeatureGroup>
  <CategoryFeatureGroup ID="833" No="110">
   <FeatureGroup ID="5">
    <Name ID="4867" langid="1" Value="Display"/>
   </FeatureGroup>
  </CategoryFeatureGroup>
  <CategoryFeatureGroup ID="846" No="82">
   <FeatureGroup ID="9">
    <Name ID="4977" langid="1" Value="Audio"/>
   </FeatureGroup>
  </CategoryFeatureGroup>
  <CategoryFeatureGroup ID="847" No="72">
   <FeatureGroup ID="12">
    <Name ID="4995" langid="1" Value="Ports &amp; interfaces"/>
   </FeatureGroup>
  </CategoryFeatureGroup>
  <CategoryFeatureGroup ID="848" No="5">
   <FeatureGroup ID="14">
    <Name ID="5023" langid="1" Value="Weight &amp; dimensions"/>
   </FeatureGroup>
  </CategoryFeatureGroup>
  <CategoryFeatureGroup ID="11980" No="0">
   <FeatureGroup ID="16">
    <Name ID="5027" langid="1" Value="Print quality"/>
   </FeatureGroup>
  </CategoryFeatureGroup>
  <CategoryFeatureGroup ID="27900" No="10">
   <FeatureGroup ID="19">
    <Name ID="5033" langid="1" Value="Media formats"/>
   </FeatureGroup>
  </CategoryFeatureGroup>
  <CategoryFeatureGroup ID="15471" No="0">
   <FeatureGroup ID="20">
    <Name ID="5035" langid="1" Value="Print technology"/>
   </FeatureGroup>
  </CategoryFeatureGroup>
  <CategoryFeatureGroup ID="849" No="13">
   <FeatureGroup ID="27">
    <Name ID="5049" langid="1" Value="Power"/>
   </FeatureGroup>
  </CategoryFeatureGroup>
  <CategoryFeatureGroup ID="850" No="-10">
   <FeatureGroup ID="28">
    <Name ID="5067" langid="1" Value="Operational conditions"/>
   </FeatureGroup>
  </CategoryFeatureGroup>
  <CategoryFeatureGroup ID="82701" No="12">
   <FeatureGroup ID="32">
    <Name ID="5133" langid="1" Value="Endurance"/>
   </FeatureGroup>
  </CategoryFeatureGroup>
  <CategoryFeatureGroup ID="2678" No="74">
   <FeatureGroup ID="35">
    <Name ID="5167" langid="1" Value="Network"/>
   </FeatureGroup>
  </CategoryFeatureGroup>
  <CategoryFeatureGroup ID="8332" No="52">
   <FeatureGroup ID="42">
    <Name ID="5595" langid="1" Value="Phone features"/>
   </FeatureGroup>
  </CategoryFeatureGroup>
  <CategoryFeatureGroup ID="4142" No="92">
   <FeatureGroup ID="47">
    <Name ID="8858" langid="1" Value="Storage"/>
   </FeatureGroup>
  </CategoryFeatureGroup>
  <CategoryFeatureGroup ID="7716" No="50">
   <FeatureGroup ID="50">
    <Name ID="11136" langid="1" Value="Messaging"/>
   </FeatureGroup>
  </CategoryFeatureGroup>
  <CategoryFeatureGroup ID="29709" No="29">
   <FeatureGroup ID="75">
    <Name ID="27867" langid="1" Value="Security"/>
   </FeatureGroup>
  </CategoryFeatureGroup>
  <CategoryFeatureGroup ID="41361" No="0">
   <FeatureGroup ID="76">
    <Name ID="28540" langid="1" Value="Certificates"/>
   </FeatureGroup>
  </CategoryFeatureGroup>
  <CategoryFeatureGroup ID="12019" No="25">
   <FeatureGroup ID="90">
    <Name ID="30562" langid="1" Value="Software"/>
   </FeatureGroup>
  </CategoryFeatureGroup>
  <CategoryFeatureGroup ID="4346" No="80">
   <FeatureGroup ID="95">
    <Name ID="31282" langid="1" Value="Camera"/>
   </FeatureGroup>
  </CategoryFeatureGroup>
  <CategoryFeatureGroup ID="6516" No="3">
   <FeatureGroup ID="116">
    <Name ID="78852" langid="1" Value="Packaging content"/>
   </FeatureGroup>
  </CategoryFeatureGroup>
  <CategoryFeatureGroup ID="28386" No="27">
   <FeatureGroup ID="122">
    <Name ID="92777" langid="1" Value="Pen"/>
   </FeatureGroup>
  </CategoryFeatureGroup>
  <CategoryFeatureGroup ID="7821" No="14">
   <FeatureGroup ID="143">
    <Name ID="618812" langid="1" Value="Battery"/>
   </FeatureGroup>
  </CategoryFeatureGroup>
  <CategoryFeatureGroup ID="26934" No="0">
   <FeatureGroup ID="144">
    <Name ID="619994" langid="1" Value="Brand-specific features"/>
   </FeatureGroup>
  </CategoryFeatureGroup>
  <CategoryFeatureGroup ID="7816" No="-100">
   <FeatureGroup ID="146">
    <Name ID="624346" langid="1" Value="Other features"/>
   </FeatureGroup>
  </CategoryFeatureGroup>
  <CategoryFeatureGroup ID="10998" No="40">
   <FeatureGroup ID="148">
    <Name ID="630457" langid="1" Value="Design"/>
   </FeatureGroup>
  </CategoryFeatureGroup>
  <CategoryFeatureGroup ID="8329" No="86">
   <FeatureGroup ID="163">
    <Name ID="764413" langid="1" Value="Graphics"/>
   </FeatureGroup>
  </CategoryFeatureGroup>
  <CategoryFeatureGroup ID="10387" No="20">
   <FeatureGroup ID="183">
    <Name ID="1210971" langid="1" Value="Processor special features"/>
   </FeatureGroup>
  </CategoryFeatureGroup>
  <CategoryFeatureGroup ID="11000" No="30">
   <FeatureGroup ID="184">
    <Name ID="1218765" langid="1" Value="Performance"/>
   </FeatureGroup>
  </CategoryFeatureGroup>
  <CategoryFeatureGroup ID="20051" No="-5">
   <FeatureGroup ID="185">
    <Name ID="1219853" langid="1" Value="Features"/>
   </FeatureGroup>
  </CategoryFeatureGroup>
  <CategoryFeatureGroup ID="26328" No="-50">
   <FeatureGroup ID="198">
    <Name ID="1788927" langid="1" Value="Logistics data"/>
   </FeatureGroup>
  </CategoryFeatureGroup>
  <CategoryFeatureGroup ID="78415" No="0">
   <FeatureGroup ID="224">
    <Name ID="2786802" langid="1" Value="Safety warning"/>
   </FeatureGroup>
  </CategoryFeatureGroup>
  <CategoryFeatureGroup ID="32214" No="0">
   <FeatureGroup ID="232">
    <Name ID="3464238" langid="1" Value="Supplier features"/>
   </FeatureGroup>
  </CategoryFeatureGroup>
  <CategoryFeatureGroup ID="72248" No="11">
   <FeatureGroup ID="279">
    <Name ID="7392238" langid="1" Value="Sustainability"/>
   </FeatureGroup>
  </CategoryFeatureGroup>
  <CategoryFeatureGroup ID="77981" No="0">
   <FeatureGroup ID="305">
    <Name ID="8837290" langid="1" Value="Carbon footprint"/>
   </FeatureGroup>
  </CategoryFeatureGroup>
  <CategoryFeatureGroup ID="78570" No="98">
   <FeatureGroup ID="306">
    <Name ID="9064014" langid="1" Value="Neural processor unit (NPU)"/>
   </FeatureGroup>
  </CategoryFeatureGroup>
  <Category ID="897">
   <Name ID="3727677" langid="1" Value="Tablets"/>
  </Category>
  <EANCode EAN="0196388499472" Format="GTIN-13" IsApproved="1"/>
  <EANCode EAN="196388499472" Format="GTIN-12" IsApproved="1"/>
  <EANCode EAN="5054444719511" Format="GTIN-13" IsApproved="0"/>
  <FeatureLogo ID="4" Feature_ID="42513" Value="ENERGY STAR" LogoPic="https://inishop.com/img/feature_logo/4-8210.png" Width="195" Height="200" Size="0">
   <Descriptions>
    <Description ID="3" langid="1">ENERGY STAR® is the government-backed symbol for energy efficiency, providing simple, credible, and unbiased information that consumers and businesses rely on to make well-informed decisions. ENERGY STAR is the simple choice for energy efficiency, making it easy for consumers and businesses to purchase products that save them money and protect the environment.</Description>
   </Descriptions>
   <FeatureLogoFeatures>
    <FeatureLogoFeature ID="42513">
     <FeatureLogoValues>
      <FeatureLogoValue ID="2389">ENERGY STAR</FeatureLogoValue>
     </FeatureLogoValues>
    </FeatureLogoFeature>
   </FeatureLogoFeatures>
  </FeatureLogo>
  <FeatureLogo ID="369" Feature_ID="42513" Value="EPEAT Gold" LogoPic="https://inishop.com/img/feature_logo/369-8176.png" Width="300" Height="174" Size="0">
   <Descriptions>
    <Description ID="1913" langid="1">The Electronic Product Environmental Assessment Tool (EPEAT) is a global ecolabel for the IT sector. The EPEAT program provides independent verification of manufacturers’ claims and the EPEAT online Registry lists sustainable products from a broader range of manufacturers than any comparable ecolabel. National governments, including the United States, and thousands of private and public institutional purchasers around the world use EPEAT as part of their sustainable procurement decisions. EPEAT helps purchasers, manufacturers, resellers, and others buy and sell environmentally preferable electronic products. EPEAT-registered products must meet environmental performance criteria that address: materials selection, supply chain greenhouse gas emissions reduction, design for circularity and product longevity, energy conservation, end-of-life management and corporate performance. Bronze-rated products meet all of the required criteria in their category. Silver-rated products meet all of the required criteria and at least 50% of the optional criteria, while Gold-rated products meet all of the required criteria and at least 75% of the optional criteria.</Description>
   </Descriptions>
   <FeatureLogoFeatures>
    <FeatureLogoFeature ID="42513">
     <FeatureLogoValues>
      <FeatureLogoValue ID="2430">EPEAT Gold</FeatureLogoValue>
     </FeatureLogoValues>
    </FeatureLogoFeature>
   </FeatureLogoFeatures>
  </FeatureLogo>
  <FeatureLogo ID="1241" Feature_ID="1230" Value="y" LogoPic="https://inishop.com/img/feature_logo/1241-3059.png" Width="0" Height="0" Size="0">
   <Descriptions>
    <Description ID="5807" langid="1">DIRECTIVE (EU) 2022/2380 OF THE EUROPEAN PARLIAMENT AND OF THE COUNCIL of 23 November 2022 (Part III)</Description>
   </Descriptions>
   <FeatureLogoFeatures>
    <FeatureLogoFeature ID="1230">
     <FeatureLogoValues>
      <FeatureLogoValue ID="5863">y</FeatureLogoValue>
     </FeatureLogoValues>
    </FeatureLogoFeature>
   </FeatureLogoFeatures>
  </FeatureLogo>
  <ReleaseDate/>
  <EndOfLifeDate/>
  <ReasonsToBuy/>
  <BulletPoints/>
  <GeneratedBulletPoints>
   <GeneratedBulletPoint Value="Slate Tablet PC Platinum" langid="1" No="1"/>
   <GeneratedBulletPoint Value="30.5 cm (12&quot;) 2196 x 1464 pixels LCD" langid="1" No="2"/>
   <GeneratedBulletPoint Value="Qualcomm Snapdragon X1P-42-100 3.2 GHz" langid="1" No="3"/>
   <GeneratedBulletPoint Value="256 GB UFS" langid="1" No="4"/>
   <GeneratedBulletPoint Value="Single camera 10 MP Front camera" langid="1" No="5"/>
   <GeneratedBulletPoint Value="Wi-Fi 7 (802.11be) Bluetooth 5.4 Near Field Communication (NFC)" langid="1" No="6"/>
   <GeneratedBulletPoint Value="Lithium-Ion (Li-Ion) 38.8 Wh" langid="1" No="7"/>
   <GeneratedBulletPoint Value="Windows 11 Pro 64-bit" langid="1" No="8"/>
  </GeneratedBulletPoints>
  <ProductBundled/>
  <ProductDescription ID="100393493" LongDesc="&lt;b&gt;Surface Pro for Business&lt;/b&gt;&lt;br&gt;Unlock AI productivity with this versatile and portable 12-inch device, powered by the fast and efficient Snapdragon® X Plus processor and secured with chip-to-cloud protection.&lt;br&gt;&lt;br&gt;&lt;b&gt;Versatility and performance&lt;/b&gt;&lt;br&gt;Designed by Microsoft and powered with the Snapdragon® X Plus processor, Surface Pro adapts easily to any environment and workflow, empowering teams to work their way, anywhere.&lt;br&gt;&lt;br&gt;&lt;b&gt;Flexible and lightweight&lt;/b&gt;&lt;br&gt;Designed for tablet and laptop use, Surface Pro features a versatile kickstand and thin-bezel display that makes it easy to hold and use in any position.&lt;br&gt;&lt;br&gt;&lt;b&gt;Balanced performance&lt;/b&gt;&lt;br&gt;Delivers up to 16 hours of battery life and performance with the Snapdragon® X Plus processor. Built with Windows 11 Pro.&lt;br&gt;&lt;br&gt;&lt;b&gt;Boost productivity with AI experiences&lt;/b&gt;&lt;br&gt;Work faster and smarter with Microsoft Copilot and Microsoft 365 plus an NPU that powers AI experiences.&lt;br&gt;&lt;br&gt;&lt;b&gt;Security by Microsoft&lt;/b&gt;&lt;br&gt;This secured-core PC delivers uncompromising Microsoft chip-to-cloud security for ultimate control and peace of mind.&lt;br&gt;&lt;br&gt;&lt;b&gt;The most versatile PC&lt;/b&gt;&lt;br&gt;From the boardroom to the frontline, this versatile Windows 11 PC adapts and moves with your teams through the day, flexing to meet their changing needs.&lt;br&gt;&lt;br&gt;&lt;b&gt;Portable&lt;/b&gt;&lt;br&gt;A thin, light and durable 2-in-1 device with a 165-degree fluid kickstand and stunning 12-inch anti-reflective display.&lt;br&gt;&lt;br&gt;&lt;b&gt;Easy to use&lt;/b&gt;&lt;br&gt;Enable teams to seamlessly interact with Surface via touch, voice, pen or keyboard, adapting to their preferred work style.&lt;br&gt;&lt;br&gt;&lt;b&gt;Customisable&lt;/b&gt;&lt;br&gt;Designed for Surface accessories help tailor devices to any environment with cases, stands and more.&lt;br&gt;&lt;br&gt;&lt;b&gt;Power and performance&lt;/b&gt;&lt;br&gt;Perfect balance of performance, battery life and portability. Built with Windows 11 and powered by the Snapdragon® X Plus processor, to get work done anywhere.&lt;br&gt;&lt;br&gt;&lt;b&gt;AI-powered collaboration&lt;/b&gt;&lt;br&gt;Elevate online communications with a Surface Studio Camera paired with Windows Studio Effects.&lt;br&gt;&lt;br&gt;&lt;b&gt;Get more done, all day&lt;/b&gt;&lt;br&gt;Get up to 16 hours of battery life and the power to support up to two 4K monitors with the Snapdragon® X Plus processor.&lt;br&gt;&lt;br&gt;&lt;b&gt;Unlock AI experiences on Surface&lt;/b&gt;&lt;br&gt;Enable your teams to redefine how they stay productive and creative with a powerful NPU that drives AI experiences.&lt;br&gt;&lt;br&gt;&lt;b&gt;A perfect fit for modern business&lt;/b&gt;&lt;br&gt;In the office or on the road, Surface Pro with AI-powered features unlocks more experiences to deliver greater productivity and creativity.&lt;br&gt;&lt;br&gt;&lt;b&gt;Make anywhere your office&lt;/b&gt;&lt;br&gt;Work where you need to with Surface Pro’s sleek design, all-day battery life and ability to run AI experiences offline.&lt;br&gt;&lt;br&gt;&lt;b&gt;Build your small business&lt;/b&gt;&lt;br&gt;Reduce costs and boost ROI with a device that replaces both tablets and laptops, all with industry-leading security.&lt;br&gt;&lt;br&gt;&lt;b&gt;Empower your front line&lt;/b&gt;&lt;br&gt;Empower your frontline workforce to connect to the data, insights and people they need with the ultra-portable Surface Pro." ManualPDFSize="0" ManualPDFURL="" MiddleDesc="" PDFSize="6238925" PDFURL="https://inishop.com/objects/mmo_132052489_1748518313_9407_1022584.pdf" ShortDesc="Snapdragon® X Plus (8 Core), 16GB LPDDR5x-SDRAM, 256GB UFS, 30.5 cm (12&quot;) 2196 x 1464 LCD, Adreno Adreno GPU, WLAN, Bluetooth, 10MP, Windows 11 Pro 64-bit" URL="https://www.microsoft.com/en-gb/surface/business/surface-pro-12-inch-snapdragon" WarrantyInfo="" langid="1"/>
  <ProductFamily ID="65796" LowPic="" ThumbPic="">
   <Name ID="1496393" langid="1" Value="Surface"/>
   <Series ID="3717">
    <Name ID="1496398" langid="1" Value="Pro"/>
   </Series>
  </ProductFamily>
  <ProductFeature Localized="0" ID="785541730" Local_ID="0" Value="12" CategoryFeature_ID="11611" CategoryFeatureGroup_ID="833" No="10100099" Optional="0" Presentation_Value="30.5 cm (12&quot;)" Translated="0" Mandatory="1" Searchable="1">
   <LocalValue Value="30.5">
    <Measure ID="34">
     <Signs>
      <Sign ID="18" langid="1"><![CDATA[cm]]></Sign>
     </Signs>
    </Measure>
   </LocalValue>
   <Feature ID="944">
    <Measure ID="16" Sign="">
     <Signs>
      <Sign ID="11" langid="1"><![CDATA["]]></Sign>
     </Signs>
    </Measure>
    <Name ID="3429" langid="1" Value="Display diagonal"/>
   </Feature>
  </ProductFeature>
  <ProductFeature Localized="0" ID="785541731" Local_ID="0" Value="LCD" CategoryFeature_ID="710616" CategoryFeatureGroup_ID="833" No="10100036" Optional="0" Presentation_Value="LCD" Translated="1" Mandatory="1" Searchable="1">
   <LocalValue Value="LCD">
    <Measure ID="29">
     <Signs/>
    </Measure>
   </LocalValue>
   <Feature ID="15285">
    <Measure ID="29" Sign="">
     <Signs/>
    </Measure>
    <Name ID="1161461" langid="1" Value="Panel type"/>
   </Feature>
  </ProductFeature>
  <ProductFeature Localized="0" ID="785541723" Local_ID="0" Value="2196 x 1464" CategoryFeature_ID="30350" CategoryFeatureGroup_ID="833" No="100038" Optional="0" Presentation_Value="2196 x 1464 pixels" Translated="0" Mandatory="1" Searchable="0">
   <LocalValue Value="2196 x 1464">
    <Measure ID="39">
     <Signs>
      <Sign ID="23" langid="1"><![CDATA[pixels]]></Sign>
     </Signs>
    </Measure>
   </LocalValue>
   <Feature ID="1585">
    <Measure ID="39" Sign="">
     <Signs>
      <Sign ID="23" langid="1"><![CDATA[pixels]]></Sign>
     </Signs>
    </Measure>
    <Name ID="4927" langid="1" Value="Display resolution"/>
   </Feature>
  </ProductFeature>
  <ProductFeature Localized="0" ID="785541729" Local_ID="0" Value="90" CategoryFeature_ID="974995" CategoryFeatureGroup_ID="833" No="100037" Optional="0" Presentation_Value="90 Hz" Translated="0" Mandatory="0" Searchable="0">
   <LocalValue Value="90">
    <Measure ID="36">
     <Signs>
      <Sign ID="20" langid="1"><![CDATA[Hz]]></Sign>
     </Signs>
    </Measure>
   </LocalValue>
   <Feature ID="7450">
    <Measure ID="36" Sign="">
     <Signs>
      <Sign ID="20" langid="1"><![CDATA[Hz]]></Sign>
     </Signs>
    </Measure>
    <Name ID="559818" langid="1" Value="Maximum refresh rate"/>
   </Feature>
  </ProductFeature>
  <ProductFeature Localized="0" ID="785541724" Local_ID="0" Value="Y" CategoryFeature_ID="45723" CategoryFeatureGroup_ID="833" No="100036" Optional="0" Presentation_Value="Yes" Translated="1" Mandatory="0" Searchable="0">
   <LocalValue Value="Yes">
    <Measure ID="26">
     <Signs/>
    </Measure>
   </LocalValue>
   <Feature ID="6784">
    <Measure ID="26" Sign="">
     <Signs/>
    </Measure>
    <Name ID="294044" langid="1" Value="LED backlight"/>
   </Feature>
  </ProductFeature>
  <ProductFeature Localized="0" ID="785541728" Local_ID="0" Value="PixelSense" CategoryFeature_ID="939510" CategoryFeatureGroup_ID="833" No="100036" Optional="0" Presentation_Value="PixelSense" Translated="0" Mandatory="0" Searchable="0">
   <LocalValue Value="PixelSense">
    <Measure ID="29">
     <Signs/>
    </Measure>
   </LocalValue>
   <Feature ID="46952">
    <Measure ID="29" Sign="">
     <Signs/>
    </Measure>
    <Name ID="8745343" langid="1" Value="Display technology marketing name"/>
   </Feature>
  </ProductFeature>
  <ProductFeature Localized="0" ID="785541725" Local_ID="0" Value="400" CategoryFeature_ID="45724" CategoryFeatureGroup_ID="833" No="100035" Optional="0" Presentation_Value="400 cd/m²" Translated="0" Mandatory="0" Searchable="0">
   <LocalValue Value="400">
    <Measure ID="43">
     <Signs>
      <Sign ID="27" langid="1"><![CDATA[cd/m²]]></Sign>
     </Signs>
    </Measure>
   </LocalValue>
   <Feature ID="1389">
    <Measure ID="43" Sign="">
     <Signs>
      <Sign ID="27" langid="1"><![CDATA[cd/m²]]></Sign>
     </Signs>
    </Measure>
    <Name ID="4319" langid="1" Value="Display brightness"/>
   </Feature>
  </ProductFeature>
  <ProductFeature Localized="0" ID="785541726" Local_ID="0" Value="220" CategoryFeature_ID="103273" CategoryFeatureGroup_ID="833" No="100000" Optional="0" Presentation_Value="220 ppi" Translated="0" Mandatory="0" Searchable="0">
   <LocalValue Value="220">
    <Measure ID="243">
     <Signs>
      <Sign ID="14247" langid="1"><![CDATA[ppi]]></Sign>
     </Signs>
    </Measure>
   </LocalValue>
   <Feature ID="13246">
    <Measure ID="243" Sign="">
     <Signs>
      <Sign ID="14247" langid="1"><![CDATA[ppi]]></Sign>
     </Signs>
    </Measure>
    <Name ID="1097254" langid="1" Value="Pixel density"/>
   </Feature>
  </ProductFeature>
  <ProductFeature Localized="0" ID="785541727" Local_ID="0" Value="3:2" CategoryFeature_ID="684422" CategoryFeatureGroup_ID="833" No="99999" Optional="0" Presentation_Value="3:2" Translated="0" Mandatory="0" Searchable="0">
   <LocalValue Value="3:2">
    <Measure ID="29">
     <Signs/>
    </Measure>
   </LocalValue>
   <Feature ID="11417">
    <Measure ID="29" Sign="">
     <Signs/>
    </Measure>
    <Name ID="1045266" langid="1" Value="Native aspect ratio"/>
   </Feature>
  </ProductFeature>
  <ProductFeature Localized="0" ID="785541721" Local_ID="0" Value="Qualcomm" CategoryFeature_ID="102551" CategoryFeatureGroup_ID="830" No="1101050" Optional="0" Presentation_Value="Qualcomm" Translated="1" Mandatory="1" Searchable="0">
   <LocalValue Value="Qualcomm">
    <Measure ID="29">
     <Signs/>
    </Measure>
   </LocalValue>
   <Feature ID="1013">
    <Measure ID="29" Sign="">
     <Signs/>
    </Measure>
    <Name ID="3567" langid="1" Value="Processor manufacturer"/>
   </Feature>
  </ProductFeature>
  <ProductFeature Localized="0" ID="785541715" Local_ID="0" Value="Qualcomm Snapdragon" CategoryFeature_ID="11580" CategoryFeatureGroup_ID="830" No="100900" Optional="0" Presentation_Value="Qualcomm Snapdragon" Translated="0" Mandatory="1" Searchable="0">
   <LocalValue Value="Qualcomm Snapdragon">
    <Measure ID="29">
     <Signs/>
    </Measure>
   </LocalValue>
   <Feature ID="2196">
    <Measure ID="29" Sign="">
     <Signs/>
    </Measure>
    <Name ID="11271" langid="1" Value="Processor family"/>
   </Feature>
  </ProductFeature>
  <ProductFeature Localized="0" ID="785541714" Local_ID="0" Value="X1P-42-100" CategoryFeature_ID="6931" CategoryFeatureGroup_ID="830" No="100800" Optional="0" Presentation_Value="X1P-42-100" Translated="0" Mandatory="1" Searchable="0">
   <LocalValue Value="X1P-42-100">
    <Measure ID="29">
     <Signs/>
    </Measure>
   </LocalValue>
   <Feature ID="47">
    <Measure ID="29" Sign="">
     <Signs/>
    </Measure>
    <Name ID="1431" langid="1" Value="Processor model"/>
   </Feature>
  </ProductFeature>
  <ProductFeature Localized="0" ID="785541718" Local_ID="0" Value="3.2" CategoryFeature_ID="73721" CategoryFeatureGroup_ID="830" No="100285" Optional="0" Presentation_Value="3.2 GHz" Translated="0" Mandatory="1" Searchable="0">
   <LocalValue Value="3.2">
    <Measure ID="37">
     <Signs>
      <Sign ID="21" langid="1"><![CDATA[GHz]]></Sign>
     </Signs>
    </Measure>
   </LocalValue>
   <Feature ID="11379">
    <Measure ID="37" Sign="">
     <Signs>
      <Sign ID="21" langid="1"><![CDATA[GHz]]></Sign>
     </Signs>
    </Measure>
    <Name ID="1036524" langid="1" Value="Processor frequency"/>
   </Feature>
  </ProductFeature>
  <ProductFeature Localized="0" ID="785541720" Local_ID="0" Value="Snapdragon X Plus" CategoryFeature_ID="893910" CategoryFeatureGroup_ID="830" No="100850" Optional="0" Presentation_Value="Snapdragon X Plus" Translated="0" Mandatory="0" Searchable="0">
   <LocalValue Value="Snapdragon X Plus">
    <Measure ID="29">
     <Signs/>
    </Measure>
   </LocalValue>
   <Feature ID="44870">
    <Measure ID="29" Sign="">
     <Signs/>
    </Measure>
    <Name ID="8039388" langid="1" Value="Processor generation"/>
   </Feature>
  </ProductFeature>
  <ProductFeature Localized="0" ID="785541716" Local_ID="0" Value="8" CategoryFeature_ID="57773" CategoryFeatureGroup_ID="830" No="100300" Optional="0" Presentation_Value="8" Translated="0" Mandatory="0" Searchable="0">
   <LocalValue Value="8">
    <Measure ID="29">
     <Signs/>
    </Measure>
   </LocalValue>
   <Feature ID="6089">
    <Measure ID="29" Sign="">
     <Signs/>
    </Measure>
    <Name ID="138113" langid="1" Value="Processor cores"/>
   </Feature>
  </ProductFeature>
  <ProductFeature Localized="0" ID="785541719" Local_ID="0" Value="3.4" CategoryFeature_ID="91856" CategoryFeatureGroup_ID="830" No="100290" Optional="0" Presentation_Value="3.4 GHz" Translated="0" Mandatory="0" Searchable="0">
   <LocalValue Value="3.4">
    <Measure ID="37">
     <Signs>
      <Sign ID="21" langid="1"><![CDATA[GHz]]></Sign>
     </Signs>
    </Measure>
   </LocalValue>
   <Feature ID="7978">
    <Measure ID="37" Sign="">
     <Signs>
      <Sign ID="21" langid="1"><![CDATA[GHz]]></Sign>
     </Signs>
    </Measure>
    <Name ID="617138" langid="1" Value="Processor boost frequency"/>
   </Feature>
  </ProductFeature>
  <ProductFeature Localized="0" ID="785541717" Local_ID="0" Value="30" CategoryFeature_ID="63465" CategoryFeatureGroup_ID="830" No="100098" Optional="0" Presentation_Value="30 MB" Translated="0" Mandatory="0" Searchable="0">
   <LocalValue Value="30">
    <Measure ID="19">
     <Signs>
      <Sign ID="15506" langid="1"><![CDATA[MB]]></Sign>
     </Signs>
    </Measure>
   </LocalValue>
   <Feature ID="10041">
    <Measure ID="19" Sign="">
     <Signs>
      <Sign ID="15506" langid="1"><![CDATA[MB]]></Sign>
     </Signs>
    </Measure>
    <Name ID="852539" langid="1" Value="Processor cache"/>
   </Feature>
  </ProductFeature>
  <ProductFeature Localized="0" ID="785541789" Local_ID="0" Value="Qualcomm Hexagon" CategoryFeature_ID="950621" CategoryFeatureGroup_ID="78570" No="100030" Optional="0" Presentation_Value="Qualcomm Hexagon" Translated="0" Mandatory="0" Searchable="0">
   <LocalValue Value="Qualcomm Hexagon">
    <Measure ID="29">
     <Signs/>
    </Measure>
   </LocalValue>
   <Feature ID="47567">
    <Measure ID="29" Sign="">
     <Signs/>
    </Measure>
    <Name ID="9063902" langid="1" Value="Neural processor unit (NPU)"/>
   </Feature>
  </ProductFeature>
  <ProductFeature Localized="0" ID="785541790" Local_ID="0" Value="45" CategoryFeature_ID="950628" CategoryFeatureGroup_ID="78570" No="100016" Optional="0" Presentation_Value="45 TOPs" Translated="0" Mandatory="0" Searchable="0">
   <LocalValue Value="45">
    <Measure ID="496">
     <Signs>
      <Sign ID="58091" langid="1"><![CDATA[TOPs]]></Sign>
     </Signs>
    </Measure>
   </LocalValue>
   <Feature ID="47565">
    <Measure ID="496" Sign="">
     <Signs>
      <Sign ID="58091" langid="1"><![CDATA[TOPs]]></Sign>
     </Signs>
    </Measure>
    <Name ID="9063744" langid="1" Value="NPU performance up to"/>
   </Feature>
  </ProductFeature>
  <ProductFeature Localized="0" ID="785544394" Local_ID="0" Value="16" CategoryFeature_ID="73764" CategoryFeatureGroup_ID="832" No="10100090" Optional="0" Presentation_Value="16 GB" Translated="0" Mandatory="1" Searchable="1">
   <LocalValue Value="16">
    <Measure ID="20">
     <Signs>
      <Sign ID="7" langid="1"><![CDATA[GB]]></Sign>
     </Signs>
    </Measure>
   </LocalValue>
   <Feature ID="11381">
    <Measure ID="20" Sign="">
     <Signs>
      <Sign ID="7" langid="1"><![CDATA[GB]]></Sign>
     </Signs>
    </Measure>
    <Name ID="1036616" langid="1" Value="Internal memory"/>
   </Feature>
  </ProductFeature>
  <ProductFeature Localized="0" ID="785541722" Local_ID="0" Value="LPDDR5x-SDRAM" CategoryFeature_ID="34327" CategoryFeatureGroup_ID="832" No="100038" Optional="0" Presentation_Value="LPDDR5x-SDRAM" Translated="0" Mandatory="0" Searchable="0">
   <LocalValue Value="LPDDR5x-SDRAM">
    <Measure ID="29">
     <Signs/>
    </Measure>
   </LocalValue>
   <Feature ID="427">
    <Measure ID="29" Sign="">
     <Signs/>
    </Measure>
    <Name ID="2221" langid="1" Value="Internal memory type"/>
   </Feature>
  </ProductFeature>
  <ProductFeature Localized="0" ID="785544393" Local_ID="0" Value="16" CategoryFeature_ID="16590" CategoryFeatureGroup_ID="832" No="100020" Optional="0" Presentation_Value="16 GB" Translated="0" Mandatory="0" Searchable="0">
   <LocalValue Value="16">
    <Measure ID="20">
     <Signs>
      <Sign ID="7" langid="1"><![CDATA[GB]]></Sign>
     </Signs>
    </Measure>
   </LocalValue>
   <Feature ID="1452">
    <Measure ID="20" Sign="">
     <Signs>
      <Sign ID="7" langid="1"><![CDATA[GB]]></Sign>
     </Signs>
    </Measure>
    <Name ID="4561" langid="1" Value="Maximum internal memory"/>
   </Feature>
  </ProductFeature>
  <ProductFeature Localized="0" ID="785544401" Local_ID="0" Value="256" CategoryFeature_ID="71618" CategoryFeatureGroup_ID="4142" No="10100402" Optional="0" Presentation_Value="256 GB" Translated="0" Mandatory="1" Searchable="1">
   <LocalValue Value="256">
    <Measure ID="20">
     <Signs>
      <Sign ID="7" langid="1"><![CDATA[GB]]></Sign>
     </Signs>
    </Measure>
   </LocalValue>
   <Feature ID="8730">
    <Measure ID="20" Sign="">
     <Signs>
      <Sign ID="7" langid="1"><![CDATA[GB]]></Sign>
     </Signs>
    </Measure>
    <Name ID="734192" langid="1" Value="Internal storage capacity"/>
   </Feature>
  </ProductFeature>
  <ProductFeature Localized="0" ID="785541755" Local_ID="0" Value="N" CategoryFeature_ID="21005" CategoryFeatureGroup_ID="4142" No="10100020" Optional="0" Presentation_Value="No" Translated="1" Mandatory="1" Searchable="1">
   <LocalValue Value="No">
    <Measure ID="26">
     <Signs/>
    </Measure>
   </LocalValue>
   <Feature ID="3374">
    <Measure ID="26" Sign="">
     <Signs/>
    </Measure>
    <Name ID="32254" langid="1" Value="Card reader integrated"/>
   </Feature>
  </ProductFeature>
  <ProductFeature Localized="0" ID="785541754" Local_ID="0" Value="UFS" CategoryFeature_ID="105669" CategoryFeatureGroup_ID="4142" No="100005" Optional="0" Presentation_Value="UFS" Translated="0" Mandatory="1" Searchable="0">
   <LocalValue Value="UFS">
    <Measure ID="29">
     <Signs/>
    </Measure>
   </LocalValue>
   <Feature ID="11441">
    <Measure ID="29" Sign="">
     <Signs/>
    </Measure>
    <Name ID="1046575" langid="1" Value="Storage media"/>
   </Feature>
  </ProductFeature>
  <ProductFeature Localized="0" ID="785541781" Local_ID="0" Value="Adreno" CategoryFeature_ID="46082" CategoryFeatureGroup_ID="8329" No="100040" Optional="0" Presentation_Value="Adreno" Translated="0" Mandatory="0" Searchable="0">
   <LocalValue Value="Adreno">
    <Measure ID="29">
     <Signs/>
    </Measure>
   </LocalValue>
   <Feature ID="7490">
    <Measure ID="29" Sign="">
     <Signs/>
    </Measure>
    <Name ID="565525" langid="1" Value="Graphics card family"/>
   </Feature>
  </ProductFeature>
  <ProductFeature Localized="0" ID="785541779" Local_ID="0" Value="Adreno GPU" CategoryFeature_ID="16583" CategoryFeatureGroup_ID="8329" No="100018" Optional="0" Presentation_Value="Adreno GPU" Translated="0" Mandatory="0" Searchable="0">
   <LocalValue Value="Adreno GPU">
    <Measure ID="29">
     <Signs/>
    </Measure>
   </LocalValue>
   <Feature ID="614">
    <Measure ID="29" Sign="">
     <Signs/>
    </Measure>
    <Name ID="2759" langid="1" Value="Graphics card"/>
   </Feature>
  </ProductFeature>
  <ProductFeature Localized="0" ID="785541733" Local_ID="0" Value="2" CategoryFeature_ID="20063" CategoryFeatureGroup_ID="846" No="100019" Optional="0" Presentation_Value="2" Translated="0" Mandatory="0" Searchable="0">
   <LocalValue Value="2">
    <Measure ID="29">
     <Signs/>
    </Measure>
   </LocalValue>
   <Feature ID="1851">
    <Measure ID="29" Sign="">
     <Signs/>
    </Measure>
    <Name ID="5703" langid="1" Value="Number of built-in speakers"/>
   </Feature>
  </ProductFeature>
  <ProductFeature Localized="0" ID="785541735" Local_ID="0" Value="2" CategoryFeature_ID="317067" CategoryFeatureGroup_ID="846" No="100018" Optional="0" Presentation_Value="2" Translated="0" Mandatory="0" Searchable="0">
   <LocalValue Value="2">
    <Measure ID="29">
     <Signs/>
    </Measure>
   </LocalValue>
   <Feature ID="7252">
    <Measure ID="29" Sign="">
     <Signs/>
    </Measure>
    <Name ID="352345" langid="1" Value="Number of microphones"/>
   </Feature>
  </ProductFeature>
  <ProductFeature Localized="0" ID="785541732" Local_ID="0" Value="Dolby Atmos" CategoryFeature_ID="7128" CategoryFeatureGroup_ID="846" No="100000" Optional="0" Presentation_Value="Dolby Atmos" Translated="0" Mandatory="0" Searchable="0">
   <LocalValue Value="Dolby Atmos">
    <Measure ID="29">
     <Signs/>
    </Measure>
   </LocalValue>
   <Feature ID="442">
    <Measure ID="29" Sign="">
     <Signs/>
    </Measure>
    <Name ID="2251" langid="1" Value="Audio system"/>
   </Feature>
  </ProductFeature>
  <ProductFeature Localized="0" ID="785541734" Local_ID="0" Value="2" CategoryFeature_ID="58801" CategoryFeatureGroup_ID="846" No="100000" Optional="0" Presentation_Value="2 W" Translated="0" Mandatory="0" Searchable="0">
   <LocalValue Value="2">
    <Measure ID="44">
     <Signs>
      <Sign ID="28" langid="1"><![CDATA[W]]></Sign>
     </Signs>
    </Measure>
   </LocalValue>
   <Feature ID="1660">
    <Measure ID="44" Sign="">
     <Signs>
      <Sign ID="28" langid="1"><![CDATA[W]]></Sign>
     </Signs>
    </Measure>
    <Name ID="5185" langid="1" Value="Speaker power"/>
   </Feature>
  </ProductFeature>
  <ProductFeature Localized="0" ID="785541766" Local_ID="0" Value="Single camera" CategoryFeature_ID="331455" CategoryFeatureGroup_ID="4346" No="10100100" Optional="0" Presentation_Value="Single camera" Translated="1" Mandatory="1" Searchable="1">
   <LocalValue Value="Single camera">
    <Measure ID="29">
     <Signs/>
    </Measure>
   </LocalValue>
   <Feature ID="27587">
    <Measure ID="29" Sign="">
     <Signs/>
    </Measure>
    <Name ID="2433206" langid="1" Value="Rear camera type"/>
   </Feature>
  </ProductFeature>
  <ProductFeature Localized="0" ID="785541761" Local_ID="0" Value="10" CategoryFeature_ID="80813" CategoryFeatureGroup_ID="4346" No="100090" Optional="0" Presentation_Value="10 MP" Translated="0" Mandatory="1" Searchable="0">
   <LocalValue Value="10">
    <Measure ID="165">
     <Signs>
      <Sign ID="3126" langid="1"><![CDATA[MP]]></Sign>
     </Signs>
    </Measure>
   </LocalValue>
   <Feature ID="12435">
    <Measure ID="165" Sign="">
     <Signs>
      <Sign ID="3126" langid="1"><![CDATA[MP]]></Sign>
     </Signs>
    </Measure>
    <Name ID="1089247" langid="1" Value="Rear camera resolution (numeric)"/>
   </Feature>
  </ProductFeature>
  <ProductFeature Localized="0" ID="785541762" Local_ID="0" Value="Y" CategoryFeature_ID="80815" CategoryFeatureGroup_ID="4346" No="100022" Optional="0" Presentation_Value="Yes" Translated="1" Mandatory="1" Searchable="0">
   <LocalValue Value="Yes">
    <Measure ID="26">
     <Signs/>
    </Measure>
   </LocalValue>
   <Feature ID="12436">
    <Measure ID="26" Sign="">
     <Signs/>
    </Measure>
    <Name ID="1089291" langid="1" Value="Front camera"/>
   </Feature>
  </ProductFeature>
  <ProductFeature Localized="0" ID="785541759" Local_ID="0" Value="Y" CategoryFeature_ID="50079" CategoryFeatureGroup_ID="4346" No="100033" Optional="0" Presentation_Value="Yes" Translated="1" Mandatory="0" Searchable="0">
   <LocalValue Value="Yes">
    <Measure ID="26">
     <Signs/>
    </Measure>
   </LocalValue>
   <Feature ID="1614">
    <Measure ID="26" Sign="">
     <Signs/>
    </Measure>
    <Name ID="5009" langid="1" Value="Auto focus"/>
   </Feature>
  </ProductFeature>
  <ProductFeature Localized="0" ID="785541764" Local_ID="0" Value="N" CategoryFeature_ID="594525" CategoryFeatureGroup_ID="4346" No="100032" Optional="0" Presentation_Value="No" Translated="1" Mandatory="0" Searchable="0">
   <LocalValue Value="No">
    <Measure ID="26">
     <Signs/>
    </Measure>
   </LocalValue>
   <Feature ID="36602">
    <Measure ID="26" Sign="">
     <Signs/>
    </Measure>
    <Name ID="4349138" langid="1" Value="Rear camera flash"/>
   </Feature>
  </ProductFeature>
  <ProductFeature Localized="0" ID="785541760" Local_ID="0" Value="30" CategoryFeature_ID="63466" CategoryFeatureGroup_ID="4346" No="100028" Optional="0" Presentation_Value="30 fps" Translated="0" Mandatory="0" Searchable="0">
   <LocalValue Value="30">
    <Measure ID="85">
     <Signs>
      <Sign ID="67" langid="1"><![CDATA[fps]]></Sign>
     </Signs>
    </Measure>
   </LocalValue>
   <Feature ID="2791">
    <Measure ID="85" Sign="">
     <Signs>
      <Sign ID="67" langid="1"><![CDATA[fps]]></Sign>
     </Signs>
    </Measure>
    <Name ID="26523" langid="1" Value="Video capturing speed"/>
   </Feature>
  </ProductFeature>
  <ProductFeature Localized="0" ID="785541765" Local_ID="0" Value="N" CategoryFeature_ID="594526" CategoryFeatureGroup_ID="4346" No="100018" Optional="0" Presentation_Value="No" Translated="1" Mandatory="0" Searchable="0">
   <LocalValue Value="No">
    <Measure ID="26">
     <Signs/>
    </Measure>
   </LocalValue>
   <Feature ID="36601">
    <Measure ID="26" Sign="">
     <Signs/>
    </Measure>
    <Name ID="4349084" langid="1" Value="Front camera flash"/>
   </Feature>
  </ProductFeature>
  <ProductFeature Localized="0" ID="785541763" Local_ID="0" Value="Y" CategoryFeature_ID="249867" CategoryFeatureGroup_ID="4346" No="100010" Optional="0" Presentation_Value="Yes" Translated="1" Mandatory="0" Searchable="0">
   <LocalValue Value="Yes">
    <Measure ID="26">
     <Signs/>
    </Measure>
   </LocalValue>
   <Feature ID="35978">
    <Measure ID="26" Sign="">
     <Signs/>
    </Measure>
    <Name ID="4062866" langid="1" Value="Windows Hello"/>
   </Feature>
  </ProductFeature>
  <ProductFeature Localized="0" ID="785541753" Local_ID="0" Value="N" CategoryFeature_ID="328664" CategoryFeatureGroup_ID="2678" No="10100410" Optional="0" Presentation_Value="No" Translated="1" Mandatory="1" Searchable="1">
   <LocalValue Value="No">
    <Measure ID="26">
     <Signs/>
    </Measure>
   </LocalValue>
   <Feature ID="24557">
    <Measure ID="26" Sign="">
     <Signs/>
    </Measure>
    <Name ID="2025856" langid="1" Value="Mobile network connection"/>
   </Feature>
  </ProductFeature>
  <ProductFeature Localized="0" ID="785541751" Local_ID="0" Value="Wi-Fi 7 (802.11be)" CategoryFeature_ID="169236" CategoryFeatureGroup_ID="2678" No="100085" Optional="0" Presentation_Value="Wi-Fi 7 (802.11be)" Translated="0" Mandatory="1" Searchable="0">
   <LocalValue Value="Wi-Fi 7 (802.11be)">
    <Measure ID="29">
     <Signs/>
    </Measure>
   </LocalValue>
   <Feature ID="24993">
    <Measure ID="29" Sign="">
     <Signs/>
    </Measure>
    <Name ID="2105805" langid="1" Value="Top Wi-Fi standard"/>
   </Feature>
  </ProductFeature>
  <ProductFeature Localized="0" ID="785541748" Local_ID="0" Value="Y" CategoryFeature_ID="21000" CategoryFeatureGroup_ID="2678" No="100300" Optional="0" Presentation_Value="Yes" Translated="1" Mandatory="0" Searchable="0">
   <LocalValue Value="Yes">
    <Measure ID="26">
     <Signs/>
    </Measure>
   </LocalValue>
   <Feature ID="2183">
    <Measure ID="26" Sign="">
     <Signs/>
    </Measure>
    <Name ID="11148" langid="1" Value="Bluetooth"/>
   </Feature>
  </ProductFeature>
  <ProductFeature Localized="0" ID="785541749" Local_ID="0" Value="5.4" CategoryFeature_ID="21001" CategoryFeatureGroup_ID="2678" No="100299" Optional="0" Presentation_Value="5.4" Translated="0" Mandatory="0" Searchable="0">
   <LocalValue Value="5.4">
    <Measure ID="29">
     <Signs/>
    </Measure>
   </LocalValue>
   <Feature ID="1208">
    <Measure ID="29" Sign="">
     <Signs/>
    </Measure>
    <Name ID="3957" langid="1" Value="Bluetooth version"/>
   </Feature>
  </ProductFeature>
  <ProductFeature Localized="0" ID="785541752" Local_ID="0" Value="Y" CategoryFeature_ID="332058" CategoryFeatureGroup_ID="2678" No="100299" Optional="0" Presentation_Value="Yes" Translated="1" Mandatory="0" Searchable="0">
   <LocalValue Value="Yes">
    <Measure ID="26">
     <Signs/>
    </Measure>
   </LocalValue>
   <Feature ID="40984">
    <Measure ID="26" Sign="">
     <Signs/>
    </Measure>
    <Name ID="6298256" langid="1" Value="Bluetooth Low Energy (BLE)"/>
   </Feature>
  </ProductFeature>
  <ProductFeature Localized="0" ID="785541750" Local_ID="0" Value="Y" CategoryFeature_ID="86021" CategoryFeatureGroup_ID="2678" No="100000" Optional="0" Presentation_Value="Yes" Translated="1" Mandatory="0" Searchable="0">
   <LocalValue Value="Yes">
    <Measure ID="26">
     <Signs/>
    </Measure>
   </LocalValue>
   <Feature ID="10157">
    <Measure ID="26" Sign="">
     <Signs/>
    </Measure>
    <Name ID="878154" langid="1" Value="Near Field Communication (NFC)"/>
   </Feature>
  </ProductFeature>
  <ProductFeature Localized="0" ID="785541737" Local_ID="0" Value="2" CategoryFeature_ID="248286" CategoryFeatureGroup_ID="847" No="100077" Optional="0" Presentation_Value="2" Translated="0" Mandatory="0" Searchable="0">
   <LocalValue Value="2">
    <Measure ID="29">
     <Signs/>
    </Measure>
   </LocalValue>
   <Feature ID="22704">
    <Measure ID="29" Sign="">
     <Signs/>
    </Measure>
    <Name ID="1791758" langid="1" Value="USB 3.2 Gen 2 (3.1 Gen 2) Type-C ports quantity"/>
   </Feature>
  </ProductFeature>
  <ProductFeature Localized="0" ID="785541738" Local_ID="0" Value="Y" CategoryFeature_ID="710618" CategoryFeatureGroup_ID="847" No="100073" Optional="0" Presentation_Value="Yes" Translated="1" Mandatory="0" Searchable="0">
   <LocalValue Value="Yes">
    <Measure ID="26">
     <Signs/>
    </Measure>
   </LocalValue>
   <Feature ID="13551">
    <Measure ID="26" Sign="">
     <Signs/>
    </Measure>
    <Name ID="1101063" langid="1" Value="Thunderbolt technology"/>
   </Feature>
  </ProductFeature>
  <ProductFeature Localized="0" ID="785541743" Local_ID="0" Value="Y" CategoryFeature_ID="710619" CategoryFeatureGroup_ID="847" No="100065" Optional="0" Presentation_Value="Yes" Translated="1" Mandatory="0" Searchable="0">
   <LocalValue Value="Yes">
    <Measure ID="26">
     <Signs/>
    </Measure>
   </LocalValue>
   <Feature ID="31406">
    <Measure ID="26" Sign="">
     <Signs/>
    </Measure>
    <Name ID="3149430" langid="1" Value="USB Type-C DisplayPort Alternate Mode"/>
   </Feature>
  </ProductFeature>
  <ProductFeature Localized="0" ID="785541736" Local_ID="0" Value="Microsoft Surface Connector" CategoryFeature_ID="96784" CategoryFeatureGroup_ID="847" No="99999" Optional="0" Presentation_Value="Microsoft Surface Connector" Translated="1" Mandatory="0" Searchable="0">
   <LocalValue Value="Microsoft Surface Connector">
    <Measure ID="29">
     <Signs/>
    </Measure>
   </LocalValue>
   <Feature ID="14838">
    <Measure ID="29" Sign="">
     <Signs/>
    </Measure>
    <Name ID="1154279" langid="1" Value="Docking connector type"/>
   </Feature>
  </ProductFeature>
  <ProductFeature Localized="0" ID="785541778" Local_ID="0" Value="Slate" CategoryFeature_ID="7141" CategoryFeatureGroup_ID="10998" No="10100100" Optional="0" Presentation_Value="Slate" Translated="1" Mandatory="1" Searchable="1">
   <LocalValue Value="Slate">
    <Measure ID="29">
     <Signs/>
    </Measure>
   </LocalValue>
   <Feature ID="771">
    <Measure ID="29" Sign="">
     <Signs/>
    </Measure>
    <Name ID="3073" langid="1" Value="Form factor"/>
   </Feature>
  </ProductFeature>
  <ProductFeature Localized="0" ID="785544399" Local_ID="0" Value="Platinum" CategoryFeature_ID="35294" CategoryFeatureGroup_ID="10998" No="10100001" Optional="0" Presentation_Value="Platinum" Translated="1" Mandatory="1" Searchable="1">
   <LocalValue Value="Platinum">
    <Measure ID="29">
     <Signs/>
    </Measure>
   </LocalValue>
   <Feature ID="1766">
    <Measure ID="29" Sign="">
     <Signs/>
    </Measure>
    <Name ID="5487" langid="1" Value="Product colour"/>
   </Feature>
  </ProductFeature>
  <ProductFeature Localized="0" ID="785541774" Local_ID="0" Value="Tablet PC" CategoryFeature_ID="95720" CategoryFeatureGroup_ID="10998" No="100500" Optional="0" Presentation_Value="Tablet PC" Translated="1" Mandatory="1" Searchable="0">
   <LocalValue Value="Tablet PC">
    <Measure ID="29">
     <Signs/>
    </Measure>
   </LocalValue>
   <Feature ID="2328">
    <Measure ID="29" Sign="">
     <Signs/>
    </Measure>
    <Name ID="12024" langid="1" Value="Device type"/>
   </Feature>
  </ProductFeature>
  <ProductFeature Localized="0" ID="785544400" Local_ID="0" Value="Platinum" CategoryFeature_ID="270481" CategoryFeatureGroup_ID="10998" No="100600" Optional="0" Presentation_Value="Platinum" Translated="0" Mandatory="0" Searchable="0">
   <LocalValue Value="Platinum">
    <Measure ID="29">
     <Signs/>
    </Measure>
   </LocalValue>
   <Feature ID="17956">
    <Measure ID="29" Sign="">
     <Signs/>
    </Measure>
    <Name ID="1296400" langid="1" Value="Colour name"/>
   </Feature>
  </ProductFeature>
  <ProductFeature Localized="0" ID="785541775" Local_ID="0" Value="Aluminium" CategoryFeature_ID="327763" CategoryFeatureGroup_ID="10998" No="100300" Optional="0" Presentation_Value="Aluminium" Translated="1" Mandatory="0" Searchable="0">
   <LocalValue Value="Aluminium">
    <Measure ID="29">
     <Signs/>
    </Measure>
   </LocalValue>
   <Feature ID="5214">
    <Measure ID="29" Sign="">
     <Signs/>
    </Measure>
    <Name ID="71767" langid="1" Value="Housing material"/>
   </Feature>
  </ProductFeature>
  <ProductFeature Localized="0" ID="785541787" Local_ID="0" Value="N" CategoryFeature_ID="166075" CategoryFeatureGroup_ID="11000" No="10100000" Optional="0" Presentation_Value="No" Translated="1" Mandatory="1" Searchable="1">
   <LocalValue Value="No">
    <Measure ID="26">
     <Signs/>
    </Measure>
   </LocalValue>
   <Feature ID="26425">
    <Measure ID="26" Sign="">
     <Signs/>
    </Measure>
    <Name ID="2268247" langid="1" Value="Position location"/>
   </Feature>
  </ProductFeature>
  <ProductFeature Localized="0" ID="785541780" Local_ID="0" Value="N" CategoryFeature_ID="54330" CategoryFeatureGroup_ID="11000" No="100110" Optional="0" Presentation_Value="No" Translated="1" Mandatory="1" Searchable="0">
   <LocalValue Value="No">
    <Measure ID="26">
     <Signs/>
    </Measure>
   </LocalValue>
   <Feature ID="6623">
    <Measure ID="26" Sign="">
     <Signs/>
    </Measure>
    <Name ID="241402" langid="1" Value="Assisted GPS (A-GPS)"/>
   </Feature>
  </ProductFeature>
  <ProductFeature Localized="0" ID="785541783" Local_ID="0" Value="Y" CategoryFeature_ID="57378" CategoryFeatureGroup_ID="11000" No="100020" Optional="0" Presentation_Value="Yes" Translated="1" Mandatory="0" Searchable="0">
   <LocalValue Value="Yes">
    <Measure ID="26">
     <Signs/>
    </Measure>
   </LocalValue>
   <Feature ID="9731">
    <Measure ID="26" Sign="">
     <Signs/>
    </Measure>
    <Name ID="811310" langid="1" Value="Accelerometer"/>
   </Feature>
  </ProductFeature>
  <ProductFeature Localized="0" ID="785541782" Local_ID="0" Value="Y" CategoryFeature_ID="56973" CategoryFeatureGroup_ID="11000" No="100018" Optional="0" Presentation_Value="Yes" Translated="1" Mandatory="0" Searchable="0">
   <LocalValue Value="Yes">
    <Measure ID="26">
     <Signs/>
    </Measure>
   </LocalValue>
   <Feature ID="8720">
    <Measure ID="26" Sign="">
     <Signs/>
    </Measure>
    <Name ID="733782" langid="1" Value="Ambient light sensor"/>
   </Feature>
  </ProductFeature>
  <ProductFeature Localized="0" ID="785541784" Local_ID="0" Value="Y" CategoryFeature_ID="57379" CategoryFeatureGroup_ID="11000" No="100016" Optional="0" Presentation_Value="Yes" Translated="1" Mandatory="0" Searchable="0">
   <LocalValue Value="Yes">
    <Measure ID="26">
     <Signs/>
    </Measure>
   </LocalValue>
   <Feature ID="9732">
    <Measure ID="26" Sign="">
     <Signs/>
    </Measure>
    <Name ID="811351" langid="1" Value="Gyroscope"/>
   </Feature>
  </ProductFeature>
  <ProductFeature Localized="0" ID="785541786" Local_ID="0" Value="Y" CategoryFeature_ID="131223" CategoryFeatureGroup_ID="11000" No="100001" Optional="0" Presentation_Value="Yes" Translated="1" Mandatory="0" Searchable="0">
   <LocalValue Value="Yes">
    <Measure ID="26">
     <Signs/>
    </Measure>
   </LocalValue>
   <Feature ID="13247">
    <Measure ID="26" Sign="">
     <Signs/>
    </Measure>
    <Name ID="1097342" langid="1" Value="Magnetometer"/>
   </Feature>
  </ProductFeature>
  <ProductFeature Localized="0" ID="785541758" Local_ID="0" Value="Windows" CategoryFeature_ID="164597" CategoryFeatureGroup_ID="12019" No="10100101" Optional="0" Presentation_Value="Windows" Translated="0" Mandatory="1" Searchable="1">
   <LocalValue Value="Windows">
    <Measure ID="29">
     <Signs/>
    </Measure>
   </LocalValue>
   <Feature ID="75">
    <Measure ID="29" Sign="">
     <Signs/>
    </Measure>
    <Name ID="1487" langid="1" Value="Platform"/>
   </Feature>
  </ProductFeature>
  <ProductFeature Localized="0" ID="785544402" Local_ID="0" Value="Windows 11 Pro" CategoryFeature_ID="20706" CategoryFeatureGroup_ID="12019" No="10100084" Optional="0" Presentation_Value="Windows 11 Pro" Translated="0" Mandatory="1" Searchable="1">
   <LocalValue Value="Windows 11 Pro">
    <Measure ID="29">
     <Signs/>
    </Measure>
   </LocalValue>
   <Feature ID="3233">
    <Measure ID="29" Sign="">
     <Signs/>
    </Measure>
    <Name ID="30700" langid="1" Value="Operating system installed"/>
   </Feature>
  </ProductFeature>
  <ProductFeature Localized="0" ID="785541757" Local_ID="0" Value="64-bit" CategoryFeature_ID="45087" CategoryFeatureGroup_ID="12019" No="100099" Optional="0" Presentation_Value="64-bit" Translated="1" Mandatory="0" Searchable="0">
   <LocalValue Value="64-bit">
    <Measure ID="29">
     <Signs/>
    </Measure>
   </LocalValue>
   <Feature ID="7563">
    <Measure ID="29" Sign="">
     <Signs/>
    </Measure>
    <Name ID="581101" langid="1" Value="Operating system architecture"/>
   </Feature>
  </ProductFeature>
  <ProductFeature Localized="0" ID="785544404" Local_ID="0" Value="Microsoft 365 Apps" CategoryFeature_ID="16574" CategoryFeatureGroup_ID="12019" No="100000" Optional="0" Presentation_Value="Microsoft 365 Apps" Translated="0" Mandatory="0" Searchable="0">
   <LocalValue Value="Microsoft 365 Apps">
    <Measure ID="29">
     <Signs/>
    </Measure>
   </LocalValue>
   <Feature ID="251">
    <Measure ID="29" Sign="">
     <Signs/>
    </Measure>
    <Name ID="1869" langid="1" Value="Bundled software"/>
   </Feature>
  </ProductFeature>
  <ProductFeature Localized="0" ID="785544405" Local_ID="0" Value="Microsoft 365 30-day trial" CategoryFeature_ID="31226" CategoryFeatureGroup_ID="12019" No="100000" Optional="0" Presentation_Value="Microsoft 365 30-day trial" Translated="0" Mandatory="0" Searchable="0">
   <LocalValue Value="Microsoft 365 30-day trial">
    <Measure ID="29">
     <Signs/>
    </Measure>
   </LocalValue>
   <Feature ID="5800">
    <Measure ID="29" Sign="">
     <Signs/>
    </Measure>
    <Name ID="130483" langid="1" Value="Trial software"/>
   </Feature>
  </ProductFeature>
  <ProductFeature Localized="0" ID="785544403" Local_ID="0" Value="ARA,DUT,FRE,ENG,NOR,POL,SWE,POR,ENG-US,DAN,ESP,ITA,DEU,FIN" CategoryFeature_ID="255243" CategoryFeatureGroup_ID="12019" No="100000" Optional="0" Presentation_Value="Arabic, Dutch, French, English, Norwegian, Polish, Swedish, Portuguese, US English, Danish, Spanish, Italian, German, Finnish" Translated="1" Mandatory="0" Searchable="0">
   <LocalValue Value="Arabic, Dutch, French, English, Norwegian, Polish, Swedish, Portuguese, US English, Danish, Spanish, Italian, German, Finnish">
    <Measure ID="29">
     <Signs/>
    </Measure>
   </LocalValue>
   <Feature ID="16537">
    <Measure ID="29" Sign="">
     <Signs/>
    </Measure>
    <Name ID="1210697" langid="1" Value="Operating system language"/>
   </Feature>
  </ProductFeature>
  <ProductFeature Localized="0" ID="785541768" Local_ID="0" Value="Lithium-Ion (Li-Ion)" CategoryFeature_ID="7140" CategoryFeatureGroup_ID="7821" No="100050" Optional="0" Presentation_Value="Lithium-Ion (Li-Ion)" Translated="1" Mandatory="1" Searchable="0">
   <LocalValue Value="Lithium-Ion (Li-Ion)">
    <Measure ID="29">
     <Signs/>
    </Measure>
   </LocalValue>
   <Feature ID="434">
    <Measure ID="29" Sign="">
     <Signs/>
    </Measure>
    <Name ID="2235" langid="1" Value="Battery technology"/>
   </Feature>
  </ProductFeature>
  <ProductFeature Localized="0" ID="785541773" Local_ID="0" Value="Y" CategoryFeature_ID="904572" CategoryFeatureGroup_ID="7821" No="100055" Optional="0" Presentation_Value="Yes" Translated="1" Mandatory="0" Searchable="0">
   <LocalValue Value="Yes">
    <Measure ID="26">
     <Signs/>
    </Measure>
   </LocalValue>
   <Feature ID="24055">
    <Measure ID="26" Sign="">
     <Signs/>
    </Measure>
    <Name ID="1986223" langid="1" Value="Battery included"/>
   </Feature>
  </ProductFeature>
  <ProductFeature Localized="0" ID="785541772" Local_ID="0" Value="38.8" CategoryFeature_ID="54337" CategoryFeatureGroup_ID="7821" No="100047" Optional="0" Presentation_Value="38.8 Wh" Translated="0" Mandatory="0" Searchable="0">
   <LocalValue Value="38.8">
    <Measure ID="211">
     <Signs>
      <Sign ID="10077" langid="1"><![CDATA[Wh]]></Sign>
     </Signs>
    </Measure>
   </LocalValue>
   <Feature ID="8519">
    <Measure ID="211" Sign="">
     <Signs>
      <Sign ID="10077" langid="1"><![CDATA[Wh]]></Sign>
     </Signs>
    </Measure>
    <Name ID="715649" langid="1" Value="Battery capacity"/>
   </Feature>
  </ProductFeature>
  <ProductFeature Localized="0" ID="785541769" Local_ID="0" Value="2" CategoryFeature_ID="20064" CategoryFeatureGroup_ID="7821" No="100045" Optional="0" Presentation_Value="2" Translated="0" Mandatory="0" Searchable="0">
   <LocalValue Value="2">
    <Measure ID="29">
     <Signs/>
    </Measure>
   </LocalValue>
   <Feature ID="1226">
    <Measure ID="29" Sign="">
     <Signs/>
    </Measure>
    <Name ID="3993" langid="1" Value="Number of battery cells"/>
   </Feature>
  </ProductFeature>
  <ProductFeature Localized="0" ID="785541771" Local_ID="0" Value="16" CategoryFeature_ID="44885" CategoryFeatureGroup_ID="7821" No="100032" Optional="0" Presentation_Value="16 h" Translated="0" Mandatory="0" Searchable="0">
   <LocalValue Value="16">
    <Measure ID="46">
     <Signs>
      <Sign ID="30" langid="1"><![CDATA[h]]></Sign>
     </Signs>
    </Measure>
   </LocalValue>
   <Feature ID="2173">
    <Measure ID="46" Sign="">
     <Signs>
      <Sign ID="30" langid="1"><![CDATA[h]]></Sign>
     </Signs>
    </Measure>
    <Name ID="10047" langid="1" Value="Continuous video playback time"/>
   </Feature>
  </ProductFeature>
  <ProductFeature Localized="0" ID="785541776" Local_ID="0" Value="12" CategoryFeature_ID="101390" CategoryFeatureGroup_ID="7821" No="100030" Optional="0" Presentation_Value="12 h" Translated="0" Mandatory="0" Searchable="0">
   <LocalValue Value="12">
    <Measure ID="46">
     <Signs>
      <Sign ID="30" langid="1"><![CDATA[h]]></Sign>
     </Signs>
    </Measure>
   </LocalValue>
   <Feature ID="15264">
    <Measure ID="46" Sign="">
     <Signs>
      <Sign ID="30" langid="1"><![CDATA[h]]></Sign>
     </Signs>
    </Measure>
    <Name ID="1159244" langid="1" Value="Browsing time (Wi-Fi)"/>
   </Feature>
  </ProductFeature>
  <ProductFeature Localized="0" ID="785541745" Local_ID="0" Value="Y" CategoryFeature_ID="974881" CategoryFeatureGroup_ID="849" No="100000" Optional="0" Presentation_Value="Yes" Translated="1" Mandatory="1" Searchable="0">
   <LocalValue Value="Yes">
    <Measure ID="26">
     <Signs/>
    </Measure>
   </LocalValue>
   <Feature ID="48505">
    <Measure ID="26" Sign="">
     <Signs/>
    </Measure>
    <Name ID="9200571" langid="1" Value="USB Type-C charging port"/>
   </Feature>
  </ProductFeature>
  <ProductFeature Localized="0" ID="785541788" Local_ID="0" Value="ENERGY STAR,EPEAT Gold" CategoryFeature_ID="609612" CategoryFeatureGroup_ID="72248" No="100000" Optional="0" Presentation_Value="ENERGY STAR, EPEAT Gold" Translated="1" Mandatory="0" Searchable="0">
   <LocalValue Value="ENERGY STAR, EPEAT Gold">
    <Measure ID="29">
     <Signs/>
    </Measure>
   </LocalValue>
   <Feature ID="42513">
    <Measure ID="29" Sign="">
     <Signs/>
    </Measure>
    <Name ID="6876123" langid="1" Value="Sustainability certificates"/>
   </Feature>
  </ProductFeature>
  <ProductFeature Localized="0" ID="785541740" Local_ID="0" Value="274.4" CategoryFeature_ID="21002" CategoryFeatureGroup_ID="848" No="100010" Optional="0" Presentation_Value="274.4 mm" Translated="0" Mandatory="0" Searchable="0">
   <LocalValue Value="274.4">
    <Measure ID="24">
     <Signs>
      <Sign ID="3" langid="1"><![CDATA[mm]]></Sign>
     </Signs>
    </Measure>
   </LocalValue>
   <Feature ID="1649">
    <Measure ID="24" Sign="">
     <Signs>
      <Sign ID="3" langid="1"><![CDATA[mm]]></Sign>
     </Signs>
    </Measure>
    <Name ID="5143" langid="1" Value="Width"/>
   </Feature>
  </ProductFeature>
  <ProductFeature Localized="0" ID="785541742" Local_ID="0" Value="189.8" CategoryFeature_ID="21003" CategoryFeatureGroup_ID="848" No="100009" Optional="0" Presentation_Value="189.8 mm" Translated="0" Mandatory="0" Searchable="0">
   <LocalValue Value="189.8">
    <Measure ID="24">
     <Signs>
      <Sign ID="3" langid="1"><![CDATA[mm]]></Sign>
     </Signs>
    </Measure>
   </LocalValue>
   <Feature ID="1650">
    <Measure ID="24" Sign="">
     <Signs>
      <Sign ID="3" langid="1"><![CDATA[mm]]></Sign>
     </Signs>
    </Measure>
    <Name ID="5145" langid="1" Value="Depth"/>
   </Feature>
  </ProductFeature>
  <ProductFeature Localized="0" ID="785541741" Local_ID="0" Value="7.8" CategoryFeature_ID="21004" CategoryFeatureGroup_ID="848" No="100007" Optional="0" Presentation_Value="7.8 mm" Translated="0" Mandatory="0" Searchable="0">
   <LocalValue Value="7.8">
    <Measure ID="24">
     <Signs>
      <Sign ID="3" langid="1"><![CDATA[mm]]></Sign>
     </Signs>
    </Measure>
   </LocalValue>
   <Feature ID="1464">
    <Measure ID="24" Sign="">
     <Signs>
      <Sign ID="3" langid="1"><![CDATA[mm]]></Sign>
     </Signs>
    </Measure>
    <Name ID="4625" langid="1" Value="Height"/>
   </Feature>
  </ProductFeature>
  <ProductFeature Localized="0" ID="785541739" Local_ID="0" Value="685" CategoryFeature_ID="12812" CategoryFeatureGroup_ID="848" No="100004" Optional="0" Presentation_Value="685 g" Translated="0" Mandatory="0" Searchable="0">
   <LocalValue Value="685">
    <Measure ID="38">
     <Signs>
      <Sign ID="22" langid="1"><![CDATA[g]]></Sign>
     </Signs>
    </Measure>
   </LocalValue>
   <Feature ID="94">
    <Measure ID="38" Sign="">
     <Signs>
      <Sign ID="22" langid="1"><![CDATA[g]]></Sign>
     </Signs>
    </Measure>
    <Name ID="1525" langid="1" Value="Weight"/>
   </Feature>
  </ProductFeature>
  <ProductFeature Localized="0" ID="785544398" Local_ID="0" Value="235" CategoryFeature_ID="62306" CategoryFeatureGroup_ID="848" No="99989" Optional="0" Presentation_Value="235 mm" Translated="0" Mandatory="0" Searchable="0">
   <LocalValue Value="235">
    <Measure ID="24">
     <Signs>
      <Sign ID="3" langid="1"><![CDATA[mm]]></Sign>
     </Signs>
    </Measure>
   </LocalValue>
   <Feature ID="3808">
    <Measure ID="24" Sign="">
     <Signs>
      <Sign ID="3" langid="1"><![CDATA[mm]]></Sign>
     </Signs>
    </Measure>
    <Name ID="44095" langid="1" Value="Package width"/>
   </Feature>
  </ProductFeature>
  <ProductFeature Localized="0" ID="785544397" Local_ID="0" Value="68" CategoryFeature_ID="62301" CategoryFeatureGroup_ID="848" No="99988" Optional="0" Presentation_Value="68 mm" Translated="0" Mandatory="0" Searchable="0">
   <LocalValue Value="68">
    <Measure ID="24">
     <Signs>
      <Sign ID="3" langid="1"><![CDATA[mm]]></Sign>
     </Signs>
    </Measure>
   </LocalValue>
   <Feature ID="3806">
    <Measure ID="24" Sign="">
     <Signs>
      <Sign ID="3" langid="1"><![CDATA[mm]]></Sign>
     </Signs>
    </Measure>
    <Name ID="44061" langid="1" Value="Package depth"/>
   </Feature>
  </ProductFeature>
  <ProductFeature Localized="0" ID="785544396" Local_ID="0" Value="338" CategoryFeature_ID="62302" CategoryFeatureGroup_ID="848" No="99987" Optional="0" Presentation_Value="338 mm" Translated="0" Mandatory="0" Searchable="0">
   <LocalValue Value="338">
    <Measure ID="24">
     <Signs>
      <Sign ID="3" langid="1"><![CDATA[mm]]></Sign>
     </Signs>
    </Measure>
   </LocalValue>
   <Feature ID="3807">
    <Measure ID="24" Sign="">
     <Signs>
      <Sign ID="3" langid="1"><![CDATA[mm]]></Sign>
     </Signs>
    </Measure>
    <Name ID="44078" langid="1" Value="Package height"/>
   </Feature>
  </ProductFeature>
  <ProductFeature Localized="0" ID="785544395" Local_ID="0" Value="1386" CategoryFeature_ID="35307" CategoryFeatureGroup_ID="848" No="99985" Optional="0" Presentation_Value="1.39 kg" Translated="0" Mandatory="0" Searchable="0">
   <LocalValue Value="1.39">
    <Measure ID="17">
     <Signs>
      <Sign ID="15505" langid="1"><![CDATA[kg]]></Sign>
     </Signs>
    </Measure>
   </LocalValue>
   <Feature ID="762">
    <Measure ID="38" Sign="">
     <Signs>
      <Sign ID="22" langid="1"><![CDATA[g]]></Sign>
     </Signs>
    </Measure>
    <Name ID="3055" langid="1" Value="Package weight"/>
   </Feature>
  </ProductFeature>
  <ProductFeature Localized="0" ID="785544406" Local_ID="0" Value="Y" CategoryFeature_ID="57785" CategoryFeatureGroup_ID="6516" No="100010" Optional="0" Presentation_Value="Yes" Translated="1" Mandatory="1" Searchable="0">
   <LocalValue Value="Yes">
    <Measure ID="26">
     <Signs/>
    </Measure>
   </LocalValue>
   <Feature ID="1230">
    <Measure ID="26" Sign="">
     <Signs/>
    </Measure>
    <Name ID="4001" langid="1" Value="AC adapter included"/>
   </Feature>
  </ProductFeature>
  <ProductFeature Localized="0" ID="785541767" Local_ID="0" Value="USB Type-C" CategoryFeature_ID="49669" CategoryFeatureGroup_ID="6516" No="100000" Optional="0" Presentation_Value="USB Type-C" Translated="1" Mandatory="0" Searchable="0">
   <LocalValue Value="USB Type-C">
    <Measure ID="29">
     <Signs/>
    </Measure>
   </LocalValue>
   <Feature ID="1830">
    <Measure ID="29" Sign="">
     <Signs/>
    </Measure>
    <Name ID="5653" langid="1" Value="Cables included"/>
   </Feature>
  </ProductFeature>
  <ProductFeature Localized="0" ID="785541756" Local_ID="0" Value="UN3481" CategoryFeature_ID="514073" CategoryFeatureGroup_ID="41361" No="100000" Optional="0" Presentation_Value="UN3481" Translated="0" Mandatory="0" Searchable="0">
   <LocalValue Value="UN3481">
    <Measure ID="29">
     <Signs/>
    </Measure>
   </LocalValue>
   <Feature ID="41529">
    <Measure ID="29" Sign="">
     <Signs/>
    </Measure>
    <Name ID="6352976" langid="1" Value="UN number"/>
   </Feature>
  </ProductFeature>
  <ProductGallery>
   <ProductPicture IsMain="Y" LowPic="https://inishop.com/img/gallery_lows/5c8ca49f3ff5de0a779f6fe3e28808cde3d1065c.jpg" LowPicHeight="144" LowPicWidth="200" LowSize="24220" No="1" Original="https://inishop.com/img/gallery_raw/f37ac99fba0764c6a45df04125ba9bb97a9dca36.png" OriginalSize="489139" Pic="https://inishop.com/img/gallery/c54724a5836befc2708d1ab26bf821318c9a906f.jpg" Pic500x500="https://inishop.com/img/gallery_mediums/622103e81ea9d21ba66033eef9ac4560d2d5325a.jpg" Pic500x500Height="361" Pic500x500Size="106253" Pic500x500Width="500" PicHeight="751" PicWidth="1040" ProductPicture_ID="106674719" Size="325894" ThumbPic="https://inishop.com/img/gallery_thumbs/8bafc8c47b36bff56da6e77efbf265554ad87253.jpg" ThumbSize="5952" Type="ProductImage" UpdatedDate="2025-05-29 12:54:39"/>
   <ProductPicture LowPic="https://inishop.com/img/gallery_lows/38b72df58fd9b10e1dd408d385e3a1077b6c7604.jpg" LowPicHeight="156" LowPicWidth="200" LowSize="25303" No="2" Original="https://inishop.com/img/gallery_raw/ce1a09ec1b45f53e987a0ae5917fd656940c1473.jpeg" OriginalSize="83424" Pic="https://inishop.com/img/gallery/fc4e96c0cf2211c0cb3bf4f7291762a668f11b91.jpg" Pic500x500="https://inishop.com/img/gallery_mediums/25ba02ae09efef4ceae7191c2b90ab83aa8068d1.jpg" Pic500x500Height="390" Pic500x500Size="102897" Pic500x500Width="500" PicHeight="742" PicWidth="951" ProductPicture_ID="106674721" Size="231291" ThumbPic="https://inishop.com/img/gallery_thumbs/b278beafc601aaab48e73aedbb79833b443783ed.jpg" ThumbSize="6162" Type="ProductImage" UpdatedDate="2025-05-29 12:54:40"/>
   <ProductPicture LowPic="https://inishop.com/img/gallery_lows/4472509b80ba4447d7e017d9b915c2d73554b6dd.jpg" LowPicHeight="144" LowPicWidth="200" LowSize="7444" No="3" Original="https://inishop.com/img/gallery_raw/b53bcb7652f6e44733592d1f1fa3b8213b353c8f.jpeg" OriginalSize="48751" Pic="https://inishop.com/img/gallery/9a44de876226a12aae53774b067c9892ab6d68b9.jpg" Pic500x500="https://inishop.com/img/gallery_mediums/3ad3a179d0a961096d1bf6b98c095ecbd2397d9e.jpg" Pic500x500Height="360" Pic500x500Size="48129" Pic500x500Width="500" PicHeight="751" PicWidth="1044" ProductPicture_ID="106674724" Size="184011" ThumbPic="https://inishop.com/img/gallery_thumbs/2e6b0de488be3db8b1fe6665f15532c1b6114b16.jpg" ThumbSize="1825" Type="ProductImage" UpdatedDate="2025-05-29 12:54:42"/>
   <ProductPicture LowPic="https://inishop.com/img/gallery_lows/056a2977fccd50ff6151a93c5b8d17ed2d58fec1.jpg" LowPicHeight="200" LowPicWidth="123" LowSize="4715" No="4" Original="https://inishop.com/img/gallery_raw/edb78ae538d6ce818ea1c7eac1a6908b6809aa8e.jpeg" OriginalSize="24006" Pic="https://inishop.com/img/gallery/f2faa8777ed4f072f2cb7dd54b8722b75ce4c223.jpg" Pic500x500="https://inishop.com/img/gallery_mediums/79ff5745ea8c75d667ac0616a2e1b65dd2f47128.jpg" Pic500x500Height="500" Pic500x500Size="18841" Pic500x500Width="308" PicHeight="726" PicWidth="447" ProductPicture_ID="106674726" Size="32077" ThumbPic="https://inishop.com/img/gallery_thumbs/d03e570e399fe80c3bef7b8d5f7efa430f9c2baa.jpg" ThumbSize="1499" Type="ProductImage" UpdatedDate="2025-05-29 12:54:42"/>
   <ProductPicture LowPic="" LowPicHeight="0" LowPicWidth="0" LowSize="0" No="999" Original="" OriginalSize="0" Pic="https://inishop.com/img/feature_logo/4-8210.png" Pic500x500="" Pic500x500Height="0" Pic500x500Size="0" Pic500x500Width="0" PicHeight="200" PicWidth="195" ProductPicture_ID="4295409808" Size="35338" ThumbPic="https://inishop.com/img/feature_logo_thumbs/4-8210.png" ThumbSize="0" Type="FeatureLogo" UpdatedDate="" langid="1"/>
   <ProductPicture LowPic="" LowPicHeight="0" LowPicWidth="0" LowSize="0" No="999" Original="" OriginalSize="0" Pic="https://inishop.com/img/feature_logo/369-8176.png" Pic500x500="" Pic500x500Height="0" Pic500x500Size="0" Pic500x500Width="0" PicHeight="174" PicWidth="300" ProductPicture_ID="4331909808" Size="112596" ThumbPic="https://inishop.com/img/feature_logo_thumbs/369-8176.png" ThumbSize="0" Type="FeatureLogo" UpdatedDate="" langid="1"/>
   <ProductPicture LowPic="" LowPicHeight="0" LowPicWidth="0" LowSize="0" No="999" Original="" OriginalSize="0" Pic="https://inishop.com/img/feature_logo/1241-3059.png" Pic500x500="" Pic500x500Height="0" Pic500x500Size="0" Pic500x500Width="0" PicHeight="0" PicWidth="0" ProductPicture_ID="4307268536" Size="0" ThumbPic="https://inishop.com/img/feature_logo_thumbs/1241-3059.png" ThumbSize="0" Type="FeatureLogo" UpdatedDate="" langid="1"/>
  </ProductGallery>
  <ProductMultimediaObject>
   <MultimediaObject ContentType="text/html" Date="2025-05-29 12:56:50" Description="Meet the new Surface Copilot+ PCs" KeepAsURL="1" MultimediaObject_ID="64699073" Type="video/mp4" UUID="4699F753-350E-4BD9-8F37-20A442499560" langid="1" OriginalMD5="5b15c6c9c8f0a24af9e3d4b35520b1e5" ThumbUrl="https://img.youtube.com/vi/_0u0fQuzikA/default.jpg" Height="0" PreviewHeight="0" PreviewSize="0" PreviewUrl="https://img.youtube.com/vi/_0u0fQuzikA/hqdefault.jpg" PreviewWidth="0" Size="920816" URL="https://www.youtube.com/watch?v=_0u0fQuzikA" Width="0"/>
   <MultimediaObject ContentType="application/pdf" Date="2025-05-29 13:31:53" Description="leaflet" KeepAsURL="0" MultimediaObject_ID="64703547" Type="leaflet" UUID="B7E9C05E-6C3B-4751-A298-CA6318E354C9" langid="1" Height="0" PreviewHeight="0" PreviewSize="0" PreviewUrl="" PreviewWidth="0" Size="6238925" URL="https://inishop.com/objects/mmo_132052489_1748518313_9407_1022584.pdf" Width="0"/>
  </ProductMultimediaObject>
  <ProductRelated ID="0" Category_ID="1637" Preferred="0">
   <Product ID="94781546" Prod_id="MLWK3ZM/A" ThumbPic="" Name="AirPods">
    <Supplier ID="9" Name="Apple"/>
   </Product>
   <ProductRelatedLocales>
    <ProductRelatedLocale ID="0" langid="0" Preferred="0" StartDate="" EndDate=""/>
   </ProductRelatedLocales>
  </ProductRelated>
  <ProductRelated ID="0" Category_ID="1637" Preferred="0">
   <Product ID="62202327" Prod_id="MUFQ2ZM/A" ThumbPic="" Name="urBeats3">
    <Supplier ID="9" Name="Apple"/>
   </Product>
   <ProductRelatedLocales>
    <ProductRelatedLocale ID="0" langid="0" Preferred="0" StartDate="" EndDate=""/>
   </ProductRelatedLocales>
  </ProductRelated>
  <ProductRelated ID="0" Category_ID="1637" Preferred="0">
   <Product ID="33259200" Prod_id="MMTN2ZM/A" ThumbPic="" Name="EarPods with Lightning Connector">
    <Supplier ID="9" Name="Apple"/>
   </Product>
   <ProductRelatedLocales>
    <ProductRelatedLocale ID="0" langid="0" Preferred="0" StartDate="" EndDate=""/>
   </ProductRelatedLocales>
  </ProductRelated>
  <SummaryDescription>
   <ShortSummaryDescription langid="1">Microsoft Surface Pro 12, 30.5 cm (12&quot;), 2196 x 1464 pixels, 256 GB, 16 GB, Windows 11 Pro, Platinum</ShortSummaryDescription>
   <LongSummaryDescription langid="1">Microsoft Surface Pro 12. Display diagonal: 30.5 cm (12&quot;), Display resolution: 2196 x 1464 pixels. Internal storage capacity: 256 GB. Processor frequency: 3.2 GHz, Processor family: Qualcomm Snapdragon, Processor model: X1P-42-100. Internal memory: 16 GB. Rear camera resolution (numeric): 10 MP, Rear camera type: Single camera, Front camera. Top Wi-Fi standard: Wi-Fi 7 (802.11be). Weight: 685 g. Operating system installed: Windows 11 Pro. Product colour: Platinum</LongSummaryDescription>
  </SummaryDescription>
  <Supplier ID="100" Name="Microsoft"/>
  <CatalogObjectCloud/>
  <BrandOrganizations>
   <Licensees/>
   <Representatives>
    <Representative ID="172489241077481873">
     <Organization ID="6f1a28d3-30da-4f6d-b7be-3956086e24a1" Name="Microsoft" CountryCode="DK" State="" City="Hovedstaden" Street="Kanalvej" HouseNumber="7" ZIP="2800">
      <URLs>
       <URL>https://news.microsoft.com/da-dk/developmentcopenhagen/</URL>
      </URLs>
      <Emails/>
     </Organization>
    </Representative>
    <Representative ID="172489241077481874">
     <Organization ID="6c680be6-9830-4cc3-80fb-e0ed614d2a9e" Name="Microsoft" CountryCode="NL" State="" City="Schiphol" Street="Evert van de Beekstraat" HouseNumber="354" ZIP="1118 CZ">
      <URLs>
       <URL>https://www.microsoft.com/nl-nl/overnederland/contact</URL>
      </URLs>
      <Emails/>
     </Organization>
    </Representative>
    <Representative ID="172489241077481875">
     <Organization ID="14a904be-ae15-45fa-9476-ed8b72872234" Name="Microsoft Deutschland GmbH" CountryCode="DE" State="" City="München" Street="Walter-Gropius-Straße" HouseNumber="5" ZIP="80807">
      <URLs>
       <URL>https://news.microsoft.com/de-de/standorte-directions/</URL>
      </URLs>
      <Emails/>
     </Organization>
    </Representative>
   </Representatives>
  </BrandOrganizations>
 </Product>
</ICECAT-interface>
