<?xml version="1.0" encoding="UTF-8"?>
<!DOCTYPE ICECAT-interface SYSTEM "https://data.icecat.biz/dtd/ICECAT-interface_response.dtd">
<!--source: Icecat.biz 2025-->
<!--Language ID: 1-->
<!--Version: v2-->
<ICECAT-interface xmlns:xsi="http://www.w3.org/2001/XMLSchema-instance" xsi:noNamespaceSchemaLocation="https://data.icecat.biz/xsd/ICECAT-interface_response.xsd">
 <Product Code="1" HighPic="https://inishop.com/img/gallery/7637d2e8abca657097b11e1b98e2ca7ebff51db3.jpg" HighPicHeight="800" HighPicSize="88607" HighPicWidth="949" ID="79828141" LowPic="https://inishop.com/img/gallery_lows/2e73cb2dda9899918f35a2d32f0c04b629193017.jpg" LowPicHeight="169" LowPicSize="11691" LowPicWidth="200" Name="GJ1CL" IntName="GJ1CL" LocalName="" Pic500x500="https://inishop.com/img/gallery_mediums/2b943ed438efbf5279aee0dd9e8137fb210dba2f.jpg" Pic500x500Height="421" Pic500x500Size="50428" Pic500x500Width="500" Prod_id="GJ1CL" Quality="ICECAT" ReleaseDate="" ThumbPic="https://inishop.com/img/gallery_thumbs/048fe9708b2a80cbfa8e7291377736ff134b856a.jpg" ThumbPicSize="3233" Title="Glovii GJ1CL sweatshirt/hoodie" GeneratedIntTitle="Glovii GJ1CL sweatshirt/hoodie" GeneratedLocalTitle="Glovii GJ1CL sweatshirt/hoodie" BrandLocalTitle="">
  <CategoryFeatureGroup ID="30962" No="0">
   <FeatureGroup ID="0">
    <Name ID="5073" langid="1" Value="Technical details"/>
   </FeatureGroup>
  </CategoryFeatureGroup>
  <CategoryFeatureGroup ID="19261" No="-1">
   <FeatureGroup ID="14">
    <Name ID="5023" langid="1" Value="Weight &amp; dimensions"/>
   </FeatureGroup>
  </CategoryFeatureGroup>
  <CategoryFeatureGroup ID="42764" No="0">
   <FeatureGroup ID="76">
    <Name ID="28540" langid="1" Value="Certificates"/>
   </FeatureGroup>
  </CategoryFeatureGroup>
  <CategoryFeatureGroup ID="49871" No="0">
   <FeatureGroup ID="116">
    <Name ID="78852" langid="1" Value="Packaging content"/>
   </FeatureGroup>
  </CategoryFeatureGroup>
  <CategoryFeatureGroup ID="29899" No="4">
   <FeatureGroup ID="119">
    <Name ID="80218" langid="1" Value="Material"/>
   </FeatureGroup>
  </CategoryFeatureGroup>
  <CategoryFeatureGroup ID="54782" No="0">
   <FeatureGroup ID="143">
    <Name ID="618812" langid="1" Value="Battery"/>
   </FeatureGroup>
  </CategoryFeatureGroup>
  <CategoryFeatureGroup ID="78583" No="0">
   <FeatureGroup ID="146">
    <Name ID="624346" langid="1" Value="Other features"/>
   </FeatureGroup>
  </CategoryFeatureGroup>
  <CategoryFeatureGroup ID="19260" No="5">
   <FeatureGroup ID="185">
    <Name ID="1219853" langid="1" Value="Features"/>
   </FeatureGroup>
  </CategoryFeatureGroup>
  <CategoryFeatureGroup ID="30536" No="-5">
   <FeatureGroup ID="198">
    <Name ID="1788927" langid="1" Value="Logistics data"/>
   </FeatureGroup>
  </CategoryFeatureGroup>
  <CategoryFeatureGroup ID="61286" No="0">
   <FeatureGroup ID="232">
    <Name ID="3464238" langid="1" Value="Supplier features"/>
   </FeatureGroup>
  </CategoryFeatureGroup>
  <CategoryFeatureGroup ID="78582" No="0">
   <FeatureGroup ID="270">
    <Name ID="5186810" langid="1" Value="Care information"/>
   </FeatureGroup>
  </CategoryFeatureGroup>
  <CategoryFeatureGroup ID="78584" No="0">
   <FeatureGroup ID="279">
    <Name ID="7392238" langid="1" Value="Sustainability"/>
   </FeatureGroup>
  </CategoryFeatureGroup>
  <CategoryFeatureGroup ID="78585" No="0">
   <FeatureGroup ID="305">
    <Name ID="8837290" langid="1" Value="Carbon footprint"/>
   </FeatureGroup>
  </CategoryFeatureGroup>
  <Category ID="5303">
   <Name ID="3731726" langid="1" Value="Sweatshirts &amp; Hoodies"/>
  </Category>
  <EANCode EAN="5908246725976" Format="GTIN-13" IsApproved="1"/>
  <ReleaseDate/>
  <EndOfLifeDate/>
  <ReasonsToBuy/>
  <BulletPoints>
   <BulletPoint Value="battery: 2600mAh (19,24Wh); Li-Ion" langid="1" No="1"/>
   <BulletPoint Value="built-in energy gauge" langid="1" No="2"/>
   <BulletPoint Value="heating element: 9.9W - carbon fiber" langid="1" No="3"/>
   <BulletPoint Value="the heating element is located on the abdomen, in the area of the loins and on the shoulders" langid="1" No="4"/>
   <BulletPoint Value="The thermoactive fabric allows for quick moisture absorption and has biostatic properties, thanks to which it supports the operation of the heating system" langid="1" No="5"/>
  </BulletPoints>
  <GeneratedBulletPoints/>
  <ProductBundled/>
  <ProductDescription ID="73147494" LongDesc="Glovii heated clothing is a unique solution allowing you to maintain thermal comfort even on the coldest days of the year.&lt;br&gt;&lt;br&gt;Glovii products stand out, thanks to the use of heated carbon fibers, which have a positive effect on blood circulation by emitting infrared waves.&lt;br&gt;&lt;br&gt;Glovii clothing was designed with sportspeople in mind, especially those practicing winter sports.&lt;br&gt;&lt;br&gt;It’s also a perfect solution for bikers, construction workers, hunters, photographers and elderly persons.&lt;br&gt;The most important features:&lt;br&gt;The heating element is constructed from carbon fibres offering extraordinary reliability and durability as well as medical properties, thanks to infrared waves&lt;br&gt;A safe and efficient Li-Ion battery provides a long time of operation of the heating system&lt;br&gt;A pocket for storing the battery offers you comfort of use every day&lt;br&gt;The heating element is located on the abdomen, in the area of the loins and on the shoulders, providing even heat distribution&lt;br&gt;The thermoactive fabric allows for quick moisture absorption and has biostatic properties, thanks to which it supports the operation of the heating system" ManualPDFSize="0" ManualPDFURL="" MiddleDesc="" PDFSize="0" PDFURL="" ShortDesc="HEATED SWEATSHIRT, GJ1CL" URL="https://glovii.com/en/heated-clothing/377-315-gj1c-5908246725952.html" WarrantyInfo="Gwarancja producenta" langid="1"/>
  <ProductFeature Localized="0" ID="835321547" Local_ID="0" Value="Adult" CategoryFeature_ID="262948" CategoryFeatureGroup_ID="19260" No="10101700" Optional="0" Presentation_Value="Adult" Translated="1" Mandatory="1" Searchable="1">
   <LocalValue Value="Adult">
    <Measure ID="29">
     <Signs/>
    </Measure>
   </LocalValue>
   <Feature ID="36987">
    <Measure ID="29" Sign="">
     <Signs/>
    </Measure>
    <Name ID="4433301" langid="1" Value="Consumer life stage"/>
   </Feature>
  </ProductFeature>
  <ProductFeature Localized="0" ID="835321544" Local_ID="0" Value="Unisex" CategoryFeature_ID="262927" CategoryFeatureGroup_ID="19260" No="10101699" Optional="0" Presentation_Value="Unisex" Translated="1" Mandatory="1" Searchable="1">
   <LocalValue Value="Unisex">
    <Measure ID="29">
     <Signs/>
    </Measure>
   </LocalValue>
   <Feature ID="3230">
    <Measure ID="29" Sign="">
     <Signs/>
    </Measure>
    <Name ID="30670" langid="1" Value="Gender"/>
   </Feature>
  </ProductFeature>
  <ProductFeature Localized="0" ID="835321546" Local_ID="0" Value="Green" CategoryFeature_ID="290357" CategoryFeatureGroup_ID="19260" No="10100900" Optional="0" Presentation_Value="Green" Translated="1" Mandatory="1" Searchable="1">
   <LocalValue Value="Green">
    <Measure ID="29">
     <Signs/>
    </Measure>
   </LocalValue>
   <Feature ID="37466">
    <Measure ID="29" Sign="">
     <Signs/>
    </Measure>
    <Name ID="5072249" langid="1" Value="Product main colour"/>
   </Feature>
  </ProductFeature>
  <ProductFeature Localized="0" ID="835321554" Local_ID="0" Value="Crew neck" CategoryFeature_ID="270947" CategoryFeatureGroup_ID="19260" No="100865" Optional="0" Presentation_Value="Crew neck" Translated="1" Mandatory="1" Searchable="0">
   <LocalValue Value="Crew neck">
    <Measure ID="29">
     <Signs/>
    </Measure>
   </LocalValue>
   <Feature ID="36517">
    <Measure ID="29" Sign="">
     <Signs/>
    </Measure>
    <Name ID="4324902" langid="1" Value="Collar/Neckline type"/>
   </Feature>
  </ProductFeature>
  <ProductFeature Localized="0" ID="835321555" Local_ID="0" Value="Long sleeve" CategoryFeature_ID="175890" CategoryFeatureGroup_ID="19260" No="100863" Optional="0" Presentation_Value="Long sleeve" Translated="1" Mandatory="1" Searchable="0">
   <LocalValue Value="Long sleeve">
    <Measure ID="29">
     <Signs/>
    </Measure>
   </LocalValue>
   <Feature ID="27300">
    <Measure ID="29" Sign="">
     <Signs/>
    </Measure>
    <Name ID="2384915" langid="1" Value="Sleeve length type"/>
   </Feature>
  </ProductFeature>
  <ProductFeature Localized="0" ID="835321553" Local_ID="0" Value="Monochromatic" CategoryFeature_ID="175897" CategoryFeatureGroup_ID="19260" No="10200895" Optional="0" Presentation_Value="Monochromatic" Translated="1" Mandatory="0" Searchable="0">
   <LocalValue Value="Monochromatic">
    <Measure ID="29">
     <Signs/>
    </Measure>
   </LocalValue>
   <Feature ID="21118">
    <Measure ID="29" Sign="">
     <Signs/>
    </Measure>
    <Name ID="1680066" langid="1" Value="Coloration"/>
   </Feature>
  </ProductFeature>
  <ProductFeature Localized="0" ID="835321562" Local_ID="0" Value="L" CategoryFeature_ID="947955" CategoryFeatureGroup_ID="19260" No="100920" Optional="0" Presentation_Value="L" Translated="0" Mandatory="0" Searchable="0">
   <LocalValue Value="L">
    <Measure ID="29">
     <Signs/>
    </Measure>
   </LocalValue>
   <Feature ID="47512">
    <Measure ID="29" Sign="">
     <Signs/>
    </Measure>
    <Name ID="8850450" langid="1" Value="Size (S/M/L)"/>
   </Feature>
  </ProductFeature>
  <ProductFeature Localized="0" ID="835321550" Local_ID="0" Value="Autumn/Winter" CategoryFeature_ID="262929" CategoryFeatureGroup_ID="19260" No="100885" Optional="0" Presentation_Value="Autumn/Winter" Translated="1" Mandatory="0" Searchable="0">
   <LocalValue Value="Autumn/Winter">
    <Measure ID="29">
     <Signs/>
    </Measure>
   </LocalValue>
   <Feature ID="17371">
    <Measure ID="29" Sign="">
     <Signs/>
    </Measure>
    <Name ID="1238764" langid="1" Value="Season"/>
   </Feature>
  </ProductFeature>
  <ProductFeature Localized="0" ID="835321557" Local_ID="0" Value="Outdoor" CategoryFeature_ID="269434" CategoryFeatureGroup_ID="19260" No="100880" Optional="0" Presentation_Value="Outdoor" Translated="1" Mandatory="0" Searchable="0">
   <LocalValue Value="Outdoor">
    <Measure ID="29">
     <Signs/>
    </Measure>
   </LocalValue>
   <Feature ID="29202">
    <Measure ID="29" Sign="">
     <Signs/>
    </Measure>
    <Name ID="2649586" langid="1" Value="Occasion"/>
   </Feature>
  </ProductFeature>
  <ProductFeature Localized="0" ID="835321558" Local_ID="0" Value="Y" CategoryFeature_ID="192121" CategoryFeatureGroup_ID="19260" No="100192" Optional="0" Presentation_Value="Yes" Translated="1" Mandatory="0" Searchable="0">
   <LocalValue Value="Yes">
    <Measure ID="26">
     <Signs/>
    </Measure>
   </LocalValue>
   <Feature ID="23710">
    <Measure ID="26" Sign="">
     <Signs/>
    </Measure>
    <Name ID="1901798" langid="1" Value="Temperature control"/>
   </Feature>
  </ProductFeature>
  <ProductFeature Localized="0" ID="835321559" Local_ID="0" Value="No closure" CategoryFeature_ID="175901" CategoryFeatureGroup_ID="19260" No="100033" Optional="0" Presentation_Value="No closure" Translated="1" Mandatory="0" Searchable="0">
   <LocalValue Value="No closure">
    <Measure ID="29">
     <Signs/>
    </Measure>
   </LocalValue>
   <Feature ID="11051">
    <Measure ID="29" Sign="">
     <Signs/>
    </Measure>
    <Name ID="965791" langid="1" Value="Closure type"/>
   </Feature>
  </ProductFeature>
  <ProductFeature Localized="0" ID="835321551" Local_ID="0" Value="N" CategoryFeature_ID="271419" CategoryFeatureGroup_ID="19260" No="100025" Optional="0" Presentation_Value="No" Translated="1" Mandatory="0" Searchable="0">
   <LocalValue Value="No">
    <Measure ID="26">
     <Signs/>
    </Measure>
   </LocalValue>
   <Feature ID="7509">
    <Measure ID="26" Sign="">
     <Signs/>
    </Measure>
    <Name ID="566221" langid="1" Value="Waterproof"/>
   </Feature>
  </ProductFeature>
  <ProductFeature Localized="0" ID="835321549" Local_ID="0" Value="Y" CategoryFeature_ID="192116" CategoryFeatureGroup_ID="19260" No="100017" Optional="0" Presentation_Value="Yes" Translated="1" Mandatory="0" Searchable="0">
   <LocalValue Value="Yes">
    <Measure ID="26">
     <Signs/>
    </Measure>
   </LocalValue>
   <Feature ID="21062">
    <Measure ID="26" Sign="">
     <Signs/>
    </Measure>
    <Name ID="1670466" langid="1" Value="Breathable"/>
   </Feature>
  </ProductFeature>
  <ProductFeature Localized="0" ID="835321545" Local_ID="0" Value="Elastane,Polyester" CategoryFeature_ID="262926" CategoryFeatureGroup_ID="29899" No="10100850" Optional="0" Presentation_Value="Elastane, Polyester" Translated="1" Mandatory="1" Searchable="1">
   <LocalValue Value="Elastane, Polyester">
    <Measure ID="29">
     <Signs/>
    </Measure>
   </LocalValue>
   <Feature ID="898">
    <Measure ID="29" Sign="">
     <Signs/>
    </Measure>
    <Name ID="3337" langid="1" Value="Material"/>
   </Feature>
  </ProductFeature>
  <ProductFeature Localized="0" ID="835321548" Local_ID="0" Value="polieter 94%,  elastan  6%" CategoryFeature_ID="291208" CategoryFeatureGroup_ID="29899" No="100846" Optional="0" Presentation_Value="polieter 94%,  elastan  6%" Translated="0" Mandatory="0" Searchable="0">
   <LocalValue Value="polieter 94%,  elastan  6%">
    <Measure ID="29">
     <Signs/>
    </Measure>
   </LocalValue>
   <Feature ID="37462">
    <Measure ID="29" Sign="">
     <Signs/>
    </Measure>
    <Name ID="5071744" langid="1" Value="Material description (name, %)"/>
   </Feature>
  </ProductFeature>
  <ProductFeature Localized="0" ID="835321560" Local_ID="0" Value="Y" CategoryFeature_ID="269436" CategoryFeatureGroup_ID="29899" No="100835" Optional="0" Presentation_Value="Yes" Translated="1" Mandatory="0" Searchable="0">
   <LocalValue Value="Yes">
    <Measure ID="26">
     <Signs/>
    </Measure>
   </LocalValue>
   <Feature ID="21182">
    <Measure ID="26" Sign="">
     <Signs/>
    </Measure>
    <Name ID="1683725" langid="1" Value="Wicking material"/>
   </Feature>
  </ProductFeature>
  <ProductFeature Localized="0" ID="835321556" Local_ID="0" Value="670" CategoryFeature_ID="271018" CategoryFeatureGroup_ID="19261" No="100004" Optional="0" Presentation_Value="67 cm" Translated="0" Mandatory="0" Searchable="0">
   <LocalValue Value="67">
    <Measure ID="34">
     <Signs>
      <Sign ID="18" langid="1"><![CDATA[cm]]></Sign>
     </Signs>
    </Measure>
   </LocalValue>
   <Feature ID="11377">
    <Measure ID="24" Sign="">
     <Signs>
      <Sign ID="3" langid="1"><![CDATA[mm]]></Sign>
     </Signs>
    </Measure>
    <Name ID="1036409" langid="1" Value="Sleeve length"/>
   </Feature>
  </ProductFeature>
  <ProductFeature Localized="0" ID="835321552" Local_ID="0" Value="490" CategoryFeature_ID="270964" CategoryFeatureGroup_ID="19261" No="99996" Optional="0" Presentation_Value="490 g" Translated="0" Mandatory="0" Searchable="0">
   <LocalValue Value="490">
    <Measure ID="38">
     <Signs>
      <Sign ID="22" langid="1"><![CDATA[g]]></Sign>
     </Signs>
    </Measure>
   </LocalValue>
   <Feature ID="762">
    <Measure ID="38" Sign="">
     <Signs>
      <Sign ID="22" langid="1"><![CDATA[g]]></Sign>
     </Signs>
    </Measure>
    <Name ID="3055" langid="1" Value="Package weight"/>
   </Feature>
  </ProductFeature>
  <ProductFeature Localized="0" ID="835321561" Local_ID="0" Value="1" CategoryFeature_ID="270984" CategoryFeatureGroup_ID="19261" No="99001" Optional="0" Presentation_Value="1 pc(s)" Translated="0" Mandatory="0" Searchable="0">
   <LocalValue Value="1">
    <Measure ID="144">
     <Signs>
      <Sign ID="125" langid="1"><![CDATA[pc(s)]]></Sign>
     </Signs>
    </Measure>
   </LocalValue>
   <Feature ID="20228">
    <Measure ID="144" Sign="">
     <Signs>
      <Sign ID="125" langid="1"><![CDATA[pc(s)]]></Sign>
     </Signs>
    </Measure>
    <Name ID="1498423" langid="1" Value="Quantity per pack"/>
   </Feature>
  </ProductFeature>
  <ProductGallery>
   <ProductPicture IsMain="Y" LowPic="https://inishop.com/img/gallery_lows/2e73cb2dda9899918f35a2d32f0c04b629193017.jpg" LowPicHeight="169" LowPicWidth="200" LowSize="11691" No="1" Original="https://inishop.com/img/gallery_raw/5a8919b858db7fbbdd627e4ee0a2459cdb97ff99.jpeg" OriginalSize="48562" Pic="https://inishop.com/img/gallery/7637d2e8abca657097b11e1b98e2ca7ebff51db3.jpg" Pic500x500="https://inishop.com/img/gallery_mediums/2b943ed438efbf5279aee0dd9e8137fb210dba2f.jpg" Pic500x500Height="421" Pic500x500Size="50428" Pic500x500Width="500" PicHeight="800" PicWidth="949" ProductPicture_ID="117083603" Size="88607" ThumbPic="https://inishop.com/img/gallery_thumbs/048fe9708b2a80cbfa8e7291377736ff134b856a.jpg" ThumbSize="3233" Type="ProductImage" UpdatedDate="2025-09-08 16:29:57"/>
   <ProductPicture LowPic="https://inishop.com/img/gallery_lows/adf2f956b2e4272e6bf65a232994638025cc6229.jpg" LowPicHeight="169" LowPicWidth="200" LowSize="14547" No="2" Original="https://inishop.com/img/gallery_raw/6f9324e7b43c0880e5513476e1552a652763d2fe.jpeg" OriginalSize="64129" Pic="https://inishop.com/img/gallery/ab7a566c72c6b3d835fc8ce1c10849dac438ff37.jpg" Pic500x500="https://inishop.com/img/gallery_mediums/e817e614230a6f463a9b6f420ef86ae83c229862.jpg" Pic500x500Height="421" Pic500x500Size="64257" Pic500x500Width="500" PicHeight="800" PicWidth="949" ProductPicture_ID="117083604" Size="111740" ThumbPic="https://inishop.com/img/gallery_thumbs/2f8e7c2c55ba10ae00eb50c2e59d0e5812ddc641.jpg" ThumbSize="3630" Type="ProductImage" UpdatedDate="2025-09-08 16:29:58"/>
   <ProductPicture LowPic="https://inishop.com/img/gallery_lows/79824542_9120597969.jpg" LowPicHeight="200" LowPicWidth="200" LowSize="20845" No="3" Original="https://inishop.com/img/gallery_raw/79824542_9120597969.jpeg" OriginalSize="56912" Pic="https://inishop.com/img/gallery/79824542_9120597969.jpg" Pic500x500="https://inishop.com/img/gallery_mediums/79824542_9120597969.jpg" Pic500x500Height="500" Pic500x500Size="88502" Pic500x500Width="500" PicHeight="594" PicWidth="594" ProductPicture_ID="44065484" Size="94105" ThumbPic="https://inishop.com/img/gallery_thumbs/79824542_9120597969.jpg" ThumbSize="4707" Type="ProductImage" UpdatedDate="2025-09-08 16:29:58"/>
   <ProductPicture LowPic="https://inishop.com/img/gallery_lows/79824542_1991203861.jpg" LowPicHeight="200" LowPicWidth="200" LowSize="29284" No="4" Original="https://inishop.com/img/gallery_raw/79824542_1991203861.jpeg" OriginalSize="93875" Pic="https://inishop.com/img/gallery/79824542_1991203861.jpg" Pic500x500="https://inishop.com/img/gallery_mediums/79824542_1991203861.jpg" Pic500x500Height="500" Pic500x500Size="141057" Pic500x500Width="500" PicHeight="594" PicWidth="594" ProductPicture_ID="44065520" Size="157992" ThumbPic="https://inishop.com/img/gallery_thumbs/79824542_1991203861.jpg" ThumbSize="6467" Type="ProductImage" UpdatedDate="2025-09-08 16:29:58"/>
   <ProductPicture LowPic="https://inishop.com/img/gallery_lows/79824542_4309767233.jpg" LowPicHeight="200" LowPicWidth="200" LowSize="18824" No="5" Original="https://inishop.com/img/gallery_raw/79824542_4309767233.jpeg" OriginalSize="54726" Pic="https://inishop.com/img/gallery/79824542_4309767233.jpg" Pic500x500="https://inishop.com/img/gallery_mediums/79824542_4309767233.jpg" Pic500x500Height="500" Pic500x500Size="87110" Pic500x500Width="500" PicHeight="594" PicWidth="594" ProductPicture_ID="44065541" Size="93150" ThumbPic="https://inishop.com/img/gallery_thumbs/79824542_4309767233.jpg" ThumbSize="4251" Type="ProductImage" UpdatedDate="2025-09-08 16:29:58"/>
   <ProductPicture LowPic="https://inishop.com/img/gallery_lows/79824542_0343588158.jpg" LowPicHeight="200" LowPicWidth="200" LowSize="18929" No="6" Original="https://inishop.com/img/gallery_raw/79824542_0343588158.jpeg" OriginalSize="52611" Pic="https://inishop.com/img/gallery/79824542_0343588158.jpg" Pic500x500="https://inishop.com/img/gallery_mediums/79824542_0343588158.jpg" Pic500x500Height="500" Pic500x500Size="81796" Pic500x500Width="500" PicHeight="594" PicWidth="594" ProductPicture_ID="44065588" Size="88606" ThumbPic="https://inishop.com/img/gallery_thumbs/79824542_0343588158.jpg" ThumbSize="4277" Type="ProductImage" UpdatedDate="2025-09-08 16:29:58"/>
   <ProductPicture LowPic="https://inishop.com/img/gallery_lows/79824542_7169236782.jpg" LowPicHeight="200" LowPicWidth="200" LowSize="29629" No="7" Original="https://inishop.com/img/gallery_raw/79824542_7169236782.jpeg" OriginalSize="73265" Pic="https://inishop.com/img/gallery/79824542_7169236782.jpg" Pic500x500="https://inishop.com/img/gallery_mediums/79824542_7169236782.jpg" Pic500x500Height="500" Pic500x500Size="125899" Pic500x500Width="500" PicHeight="594" PicWidth="594" ProductPicture_ID="44065605" Size="138766" ThumbPic="https://inishop.com/img/gallery_thumbs/79824542_7169236782.jpg" ThumbSize="6356" Type="ProductImage" UpdatedDate="2025-09-08 16:29:58"/>
  </ProductGallery>
  <ProductMultimediaObject/>
  <ProductRelated/>
  <SummaryDescription>
   <ShortSummaryDescription langid="1">Glovii GJ1CL, Adult, Unisex, Green, Crew neck, Long sleeve, Monochromatic</ShortSummaryDescription>
   <LongSummaryDescription langid="1">Glovii GJ1CL. Consumer life stage: Adult, Gender: Unisex, Product main colour: Green. Material: Elastane, Polyester, Material description (name, %): polieter 94%, elastan 6%. Sleeve length: 67 cm, Package weight: 490 g, Quantity per pack: 1 pc(s)</LongSummaryDescription>
  </SummaryDescription>
  <Supplier ID="15806" Name="Glovii"/>
  <CatalogObjectCloud/>
  <BrandOrganizations/>
 </Product>
</ICECAT-interface>
