<?xml version="1.0" encoding="UTF-8"?>
<!DOCTYPE ICECAT-interface SYSTEM "https://data.icecat.biz/dtd/ICECAT-interface_response.dtd">
<!--source: Icecat.biz 2025-->
<!--Language ID: 1-->
<!--Version: v2-->
<ICECAT-interface xmlns:xsi="http://www.w3.org/2001/XMLSchema-instance" xsi:noNamespaceSchemaLocation="https://data.icecat.biz/xsd/ICECAT-interface_response.xsd">
 <Product Code="1" HighPic="https://inishop.com/img/gallery/44695926193faf198b974cf26ae98277fa9eb462.jpg" HighPicHeight="1000" HighPicSize="602740" HighPicWidth="1000" ID="134699161" LowPic="https://inishop.com/img/gallery_lows/b7d97f663a34c1e0e7ff4ce7a8f73457fc0dcf47.jpg" LowPicHeight="200" LowPicSize="44806" LowPicWidth="200" Name="Cheerful Mixed Gerbera Flowers in Glass Vase" IntName="INT-12760" LocalName="Cheerful Mixed Gerbera Flowers in Glass Vase" Pic500x500="https://inishop.com/img/gallery_mediums/fbc90d2b27de2314018122da2bafca5638de262a.jpg" Pic500x500Height="500" Pic500x500Size="199389" Pic500x500Width="500" Prod_id="INT-12760" Quality="ICECAT" ReleaseDate="" ThumbPic="https://inishop.com/img/gallery_thumbs/6738f12a87347fb148395e7faa3f8c220e01e75a.jpg" ThumbPicSize="9613" Title="Kukkia Finland Cheerful Mixed Gerbera Flowers in Glass Vase" GeneratedIntTitle="Kukkia Finland INT-12760 fresh cut mixed bouquet/flower" GeneratedLocalTitle="Kukkia Finland INT-12760 fresh cut mixed bouquet/flower Birthday" BrandLocalTitle="Kukkia Finland Cheerful Mixed Gerbera Flowers in Glass Vase">
  <CategoryFeatureGroup ID="67105" No="0">
   <FeatureGroup ID="0">
    <Name ID="5073" langid="1" Value="Technical details"/>
   </FeatureGroup>
  </CategoryFeatureGroup>
  <CategoryFeatureGroup ID="47651" No="0">
   <FeatureGroup ID="14">
    <Name ID="5023" langid="1" Value="Weight &amp; dimensions"/>
   </FeatureGroup>
  </CategoryFeatureGroup>
  <CategoryFeatureGroup ID="43811" No="0">
   <FeatureGroup ID="76">
    <Name ID="28540" langid="1" Value="Certificates"/>
   </FeatureGroup>
  </CategoryFeatureGroup>
  <CategoryFeatureGroup ID="50570" No="0">
   <FeatureGroup ID="116">
    <Name ID="78852" langid="1" Value="Packaging content"/>
   </FeatureGroup>
  </CategoryFeatureGroup>
  <CategoryFeatureGroup ID="55797" No="0">
   <FeatureGroup ID="143">
    <Name ID="618812" langid="1" Value="Battery"/>
   </FeatureGroup>
  </CategoryFeatureGroup>
  <CategoryFeatureGroup ID="24776" No="50">
   <FeatureGroup ID="185">
    <Name ID="1219853" langid="1" Value="Features"/>
   </FeatureGroup>
  </CategoryFeatureGroup>
  <CategoryFeatureGroup ID="37775" No="0">
   <FeatureGroup ID="198">
    <Name ID="1788927" langid="1" Value="Logistics data"/>
   </FeatureGroup>
  </CategoryFeatureGroup>
  <CategoryFeatureGroup ID="62322" No="0">
   <FeatureGroup ID="232">
    <Name ID="3464238" langid="1" Value="Supplier features"/>
   </FeatureGroup>
  </CategoryFeatureGroup>
  <Category ID="4796">
   <Name ID="3731236" langid="1" Value="Fresh Cut Mixed Bouquets &amp; Flowers"/>
  </Category>
  <EANCode/>
  <ReleaseDate/>
  <EndOfLifeDate/>
  <ReasonsToBuy/>
  <BulletPoints>
   <BulletPoint Value="Vibrant Colorful Gerberas in Vase arrangement for home or gift" langid="1" No="1"/>
   <BulletPoint Value="Bright, cheerful blooms hand-selected for freshness and vivid color" langid="1" No="2"/>
   <BulletPoint Value="Each flower symbolizes joy, happiness, and positivity" langid="1" No="3"/>
   <BulletPoint Value="Beautifully arranged in a stylish glass vase" langid="1" No="4"/>
   <BulletPoint Value="Ideal for birthdays, celebrations, or just because" langid="1" No="5"/>
   <BulletPoint Value="Perfect for brightening living rooms, offices, or hospital visits" langid="1" No="6"/>
   <BulletPoint Value="A thoughtful and fresh flower gift for any occasion" langid="1" No="7"/>
   <BulletPoint Value="Brings a touch of nature indoors with long-lasting charm" langid="1" No="8"/>
  </BulletPoints>
  <GeneratedBulletPoints/>
  <ProductBundled/>
  <ProductDescription ID="104037907" LongDesc="Our White Roses &amp; Baby's Breath Bouquet showcases the timeless beauty of pure white roses, gently accented with delicate baby's breath. This elegant arrangement exudes grace and simplicity, making it a perfect choice for weddings, anniversaries, or just to bring a touch of serenity and sophistication to any setting. A classic expression of purity, ideal for any heartfelt occasion." ManualPDFSize="0" ManualPDFURL="" MiddleDesc="" PDFSize="0" PDFURL="" ShortDesc="White Roses &amp; Baby Breath Bouquet" URL="https://www.flowers4finland.com/fresh-cut-white-roses-bouquet-flower-delivery.html" WarrantyInfo="" langid="1"/>
  <ProductFeature Localized="0" ID="835130490" Local_ID="0" Value="Fresh cut mixed bouquet" CategoryFeature_ID="935697" CategoryFeatureGroup_ID="24776" No="10100500" Optional="0" Presentation_Value="Fresh cut mixed bouquet" Translated="0" Mandatory="1" Searchable="1">
   <LocalValue Value="Fresh cut mixed bouquet">
    <Measure ID="29">
     <Signs/>
    </Measure>
   </LocalValue>
   <Feature ID="14052">
    <Measure ID="29" Sign="">
     <Signs/>
    </Measure>
    <Name ID="1127664" langid="1" Value="Product type"/>
   </Feature>
  </ProductFeature>
  <ProductFeature Localized="0" ID="835130488" Local_ID="0" Value="Red,Yellow" CategoryFeature_ID="945016" CategoryFeatureGroup_ID="24776" No="100300" Optional="0" Presentation_Value="Red, Yellow" Translated="1" Mandatory="0" Searchable="0">
   <LocalValue Value="Red, Yellow">
    <Measure ID="29">
     <Signs/>
    </Measure>
   </LocalValue>
   <Feature ID="1766">
    <Measure ID="29" Sign="">
     <Signs/>
    </Measure>
    <Name ID="5487" langid="1" Value="Product colour"/>
   </Feature>
  </ProductFeature>
  <ProductFeature Localized="0" ID="835130587" Local_ID="0" Value="Birthday" CategoryFeature_ID="221114" CategoryFeatureGroup_ID="24776" No="100250" Optional="0" Presentation_Value="Birthday" Translated="1" Mandatory="0" Searchable="0">
   <LocalValue Value="Birthday">
    <Measure ID="29">
     <Signs/>
    </Measure>
   </LocalValue>
   <Feature ID="29202">
    <Measure ID="29" Sign="">
     <Signs/>
    </Measure>
    <Name ID="2649586" langid="1" Value="Occasion"/>
   </Feature>
  </ProductFeature>
  <ProductFeature Localized="0" ID="835130489" Local_ID="0" Value="Finland" CategoryFeature_ID="375769" CategoryFeatureGroup_ID="37775" No="100000" Optional="0" Presentation_Value="Finland" Translated="1" Mandatory="0" Searchable="0">
   <LocalValue Value="Finland">
    <Measure ID="29">
     <Signs/>
    </Measure>
   </LocalValue>
   <Feature ID="3294">
    <Measure ID="29" Sign="">
     <Signs/>
    </Measure>
    <Name ID="31174" langid="1" Value="Country of origin"/>
   </Feature>
  </ProductFeature>
  <ProductGallery>
   <ProductPicture IsMain="Y" LowPic="https://inishop.com/img/gallery_lows/b7d97f663a34c1e0e7ff4ce7a8f73457fc0dcf47.jpg" LowPicHeight="200" LowPicWidth="200" LowSize="44806" No="1" Original="https://inishop.com/img/gallery_raw/56f0ad4402332803f6a6cf508334983fcf625f6f.webp" OriginalSize="96712" Pic="https://inishop.com/img/gallery/44695926193faf198b974cf26ae98277fa9eb462.jpg" Pic500x500="https://inishop.com/img/gallery_mediums/fbc90d2b27de2314018122da2bafca5638de262a.jpg" Pic500x500Height="500" Pic500x500Size="199389" Pic500x500Width="500" PicHeight="1000" PicWidth="1000" ProductPicture_ID="117084195" Size="602740" ThumbPic="https://inishop.com/img/gallery_thumbs/6738f12a87347fb148395e7faa3f8c220e01e75a.jpg" ThumbSize="9613" Type="ProductImage" UpdatedDate="2025-09-08 17:28:59"/>
   <ProductPicture LowPic="https://inishop.com/img/gallery_lows/df2c147bb8f7f3ff0b13bc4bfca720de1df3d9af.jpg" LowPicHeight="200" LowPicWidth="200" LowSize="46902" No="2" Original="https://inishop.com/img/gallery_raw/84dd679767b4406a42124b32ebacd8e160f619f2.webp" OriginalSize="115792" Pic="https://inishop.com/img/gallery/373f2f0fe43f521286417097b06b9b16d28da2b6.jpg" Pic500x500="https://inishop.com/img/gallery_mediums/04cfc4699185e8cd16d283e30587a0cced9868ac.jpg" Pic500x500Height="500" Pic500x500Size="210175" Pic500x500Width="500" PicHeight="1000" PicWidth="1000" ProductPicture_ID="117084196" Size="668013" ThumbPic="https://inishop.com/img/gallery_thumbs/f6693aba3b0d624f1af5c07156144f9e22abd3aa.jpg" ThumbSize="10074" Type="ProductImage" UpdatedDate="2025-09-08 17:29:01"/>
   <ProductPicture LowPic="https://inishop.com/img/gallery_lows/f2a52032e61d3323c75dc2ddc08c9d4d44e61d0f.jpg" LowPicHeight="200" LowPicWidth="200" LowSize="52983" No="3" Original="https://inishop.com/img/gallery_raw/bc036e36bc4f8bcf84387d0a3d2a37b496b12105.webp" OriginalSize="127726" Pic="https://inishop.com/img/gallery/064f5d14e66393e8fa6a5c56fda3410e6329ec31.jpg" Pic500x500="https://inishop.com/img/gallery_mediums/ca3f2d1a666875d7c204b6b5b3951504f9f5866c.jpg" Pic500x500Height="500" Pic500x500Size="241047" Pic500x500Width="500" PicHeight="1000" PicWidth="1000" ProductPicture_ID="117084197" Size="748871" ThumbPic="https://inishop.com/img/gallery_thumbs/64c0f33838ddb7c1076b1cd912a3eb602f7880e4.jpg" ThumbSize="10980" Type="ProductImage" UpdatedDate="2025-09-08 17:29:02"/>
   <ProductPicture LowPic="https://inishop.com/img/gallery_lows/8ed8053d5fc5aef86df021a698a3353bc293c256.jpg" LowPicHeight="200" LowPicWidth="200" LowSize="39530" No="4" Original="https://inishop.com/img/gallery_raw/57b1e69e932d3331649fbfb45937eae6edd246d5.webp" OriginalSize="86566" Pic="https://inishop.com/img/gallery/0a2bd626744569af150d1bdf7c177d451e61c4c4.jpg" Pic500x500="https://inishop.com/img/gallery_mediums/6f3af8536562c1feb5b1c97af8fcab89414c4ee2.jpg" Pic500x500Height="500" Pic500x500Size="176562" Pic500x500Width="500" PicHeight="1000" PicWidth="1000" ProductPicture_ID="117084198" Size="565190" ThumbPic="https://inishop.com/img/gallery_thumbs/9f8ed0b221014a0eee2f9e3e014562e734f871af.jpg" ThumbSize="8468" Type="ProductImage" UpdatedDate="2025-09-08 17:29:03"/>
  </ProductGallery>
  <ProductMultimediaObject/>
  <ProductRelated/>
  <SummaryDescription>
   <ShortSummaryDescription langid="1">Kukkia Finland Cheerful Mixed Gerbera Flowers in Glass Vase, Fresh cut mixed bouquet, Red, Yellow, Birthday, Finland</ShortSummaryDescription>
   <LongSummaryDescription langid="1">Kukkia Finland Cheerful Mixed Gerbera Flowers in Glass Vase. Product type: Fresh cut mixed bouquet, Product colour: Red, Yellow, Occasion: Birthday. Country of origin: Finland</LongSummaryDescription>
  </SummaryDescription>
  <Supplier ID="43644" Name="Kukkia Finland"/>
  <CatalogObjectCloud/>
  <BrandOrganizations/>
 </Product>
</ICECAT-interface>
