<?xml version="1.0" encoding="UTF-8"?>
<!DOCTYPE ICECAT-interface SYSTEM "https://data.icecat.biz/dtd/ICECAT-interface_response.dtd">
<!--source: Icecat.biz 2025-->
<!--Language ID: 1-->
<!--Version: v2-->
<ICECAT-interface xmlns:xsi="http://www.w3.org/2001/XMLSchema-instance" xsi:noNamespaceSchemaLocation="https://data.icecat.biz/xsd/ICECAT-interface_response.xsd">
 <Product Code="1" HighPic="https://inishop.com/img/gallery/0a059450d1a66af0058b483f0148aa843eab08cf.jpg" HighPicHeight="1000" HighPicSize="140939" HighPicWidth="1000" ID="134703611" LowPic="https://inishop.com/img/gallery_lows/c3b19c48860a8105168988f4b3924ba5bc7a1d87.jpg" LowPicHeight="200" LowPicSize="14641" LowPicWidth="200" Name="Katapekt oral solution" IntName="Katapekt" LocalName="Katapekt oral solution" Pic500x500="https://inishop.com/img/gallery_mediums/bacce7244115304d57c4cc3c413ba2bebb5011cf.jpg" Pic500x500Height="500" Pic500x500Size="62881" Pic500x500Width="500" Prod_id="KATAPEKT" Quality="ICECAT" ReleaseDate="" ThumbPic="https://inishop.com/img/gallery_thumbs/f5b16eb399ed21cd90e314a77a93fa2a0f06c4aa.jpg" ThumbPicSize="3598" Title="Vitabalans Katapekt oral solution" GeneratedIntTitle="Vitabalans Katapekt cough medicine" GeneratedLocalTitle="Vitabalans Katapekt cough medicine 150 ml Internal use Adults &amp; Children Syrup" BrandLocalTitle="Vitabalans Katapekt oral solution">
  <CategoryFeatureGroup ID="67238" No="0">
   <FeatureGroup ID="0">
    <Name ID="5073" langid="1" Value="Technical details"/>
   </FeatureGroup>
  </CategoryFeatureGroup>
  <CategoryFeatureGroup ID="18226" No="1">
   <FeatureGroup ID="67">
    <Name ID="27423" langid="1" Value="Packaging data"/>
   </FeatureGroup>
  </CategoryFeatureGroup>
  <CategoryFeatureGroup ID="42075" No="0">
   <FeatureGroup ID="76">
    <Name ID="28540" langid="1" Value="Certificates"/>
   </FeatureGroup>
  </CategoryFeatureGroup>
  <CategoryFeatureGroup ID="18225" No="-1">
   <FeatureGroup ID="116">
    <Name ID="78852" langid="1" Value="Packaging content"/>
   </FeatureGroup>
  </CategoryFeatureGroup>
  <CategoryFeatureGroup ID="54119" No="0">
   <FeatureGroup ID="143">
    <Name ID="618812" langid="1" Value="Battery"/>
   </FeatureGroup>
  </CategoryFeatureGroup>
  <CategoryFeatureGroup ID="18224" No="5">
   <FeatureGroup ID="185">
    <Name ID="1219853" langid="1" Value="Features"/>
   </FeatureGroup>
  </CategoryFeatureGroup>
  <CategoryFeatureGroup ID="36316" No="0">
   <FeatureGroup ID="198">
    <Name ID="1788927" langid="1" Value="Logistics data"/>
   </FeatureGroup>
  </CategoryFeatureGroup>
  <CategoryFeatureGroup ID="18227" No="3">
   <FeatureGroup ID="200">
    <Name ID="2069494" langid="1" Value="Nutrition facts"/>
   </FeatureGroup>
  </CategoryFeatureGroup>
  <CategoryFeatureGroup ID="60622" No="0">
   <FeatureGroup ID="232">
    <Name ID="3464238" langid="1" Value="Supplier features"/>
   </FeatureGroup>
  </CategoryFeatureGroup>
  <Category ID="5044">
   <Name ID="3731476" langid="1" Value="Cough Medicines"/>
  </Category>
  <EANCode/>
  <ReleaseDate/>
  <EndOfLifeDate/>
  <ReasonsToBuy/>
  <BulletPoints/>
  <GeneratedBulletPoints/>
  <ProductBundled/>
  <ProductDescription ID="104044274" LongDesc="&lt;b&gt;Active substances&lt;/b&gt;&lt;br&gt;codeine phosphate hemihydrate, guaifenesin, ammonium chloride and thyme extract&lt;br&gt;&lt;br&gt;For symptoms of cough for adults and adolescents aged 12 years and over. Katapekt relieves coughing and loosens mucus secretions from the respiratory tract. Not for children aged under 12 years. If you are not sure that you can take the product ask your pharmacist for advice, especially if you are pregnant or breast feeding or use other medicines." ManualPDFSize="0" ManualPDFURL="" MiddleDesc="" PDFSize="0" PDFURL="" ShortDesc="Katapekt oral solution 150 ml" URL="https://vitabalans.fi/en/product/katapekt-oral-solution/" WarrantyInfo="" langid="1"/>
  <ProductFeature Localized="0" ID="835242426" Local_ID="0" Value="Internal use" CategoryFeature_ID="167782" CategoryFeatureGroup_ID="18224" No="10100100" Optional="0" Presentation_Value="Internal use" Translated="1" Mandatory="1" Searchable="1">
   <LocalValue Value="Internal use">
    <Measure ID="29">
     <Signs/>
    </Measure>
   </LocalValue>
   <Feature ID="2987">
    <Measure ID="29" Sign="">
     <Signs/>
    </Measure>
    <Name ID="28522" langid="1" Value="Proper use"/>
   </Feature>
  </ProductFeature>
  <ProductFeature Localized="0" ID="835242432" Local_ID="0" Value="Adults &amp; Children" CategoryFeature_ID="167784" CategoryFeatureGroup_ID="18224" No="10100095" Optional="0" Presentation_Value="Adults &amp; Children" Translated="1" Mandatory="1" Searchable="1">
   <LocalValue Value="Adults &amp; Children">
    <Measure ID="29">
     <Signs/>
    </Measure>
   </LocalValue>
   <Feature ID="21228">
    <Measure ID="29" Sign="">
     <Signs/>
    </Measure>
    <Name ID="1689333" langid="1" Value="Target audience"/>
   </Feature>
  </ProductFeature>
  <ProductFeature Localized="0" ID="835242433" Local_ID="0" Value="Syrup" CategoryFeature_ID="167783" CategoryFeatureGroup_ID="18224" No="10100090" Optional="0" Presentation_Value="Syrup" Translated="1" Mandatory="1" Searchable="1">
   <LocalValue Value="Syrup">
    <Measure ID="29">
     <Signs/>
    </Measure>
   </LocalValue>
   <Feature ID="25712">
    <Measure ID="29" Sign="">
     <Signs/>
    </Measure>
    <Name ID="2169362" langid="1" Value="Dosage form"/>
   </Feature>
  </ProductFeature>
  <ProductFeature Localized="0" ID="835242428" Local_ID="0" Value="150" CategoryFeature_ID="167793" CategoryFeatureGroup_ID="18224" No="100250" Optional="0" Presentation_Value="150 ml" Translated="0" Mandatory="0" Searchable="0">
   <LocalValue Value="150">
    <Measure ID="142">
     <Signs>
      <Sign ID="123" langid="1"><![CDATA[ml]]></Sign>
     </Signs>
    </Measure>
   </LocalValue>
   <Feature ID="5207">
    <Measure ID="142" Sign="">
     <Signs>
      <Sign ID="123" langid="1"><![CDATA[ml]]></Sign>
     </Signs>
    </Measure>
    <Name ID="71645" langid="1" Value="Volume"/>
   </Feature>
  </ProductFeature>
  <ProductFeature Localized="0" ID="835242429" Local_ID="0" Value="12" CategoryFeature_ID="167786" CategoryFeatureGroup_ID="18224" No="100090" Optional="0" Presentation_Value="12 yr(s)" Translated="0" Mandatory="0" Searchable="0">
   <LocalValue Value="12">
    <Measure ID="439">
     <Signs>
      <Sign ID="39428" langid="1"><![CDATA[yr(s)]]></Sign>
     </Signs>
    </Measure>
   </LocalValue>
   <Feature ID="7769">
    <Measure ID="439" Sign="">
     <Signs>
      <Sign ID="39428" langid="1"><![CDATA[yr(s)]]></Sign>
     </Signs>
    </Measure>
    <Name ID="600351" langid="1" Value="Minimum age"/>
   </Feature>
  </ProductFeature>
  <ProductFeature Localized="0" ID="835242430" Local_ID="0" Value="Bottle" CategoryFeature_ID="167792" CategoryFeatureGroup_ID="18224" No="100080" Optional="0" Presentation_Value="Bottle" Translated="1" Mandatory="0" Searchable="0">
   <LocalValue Value="Bottle">
    <Measure ID="29">
     <Signs/>
    </Measure>
   </LocalValue>
   <Feature ID="17965">
    <Measure ID="29" Sign="">
     <Signs/>
    </Measure>
    <Name ID="1313226" langid="1" Value="Dispenser type"/>
   </Feature>
  </ProductFeature>
  <ProductFeature Localized="1" ID="0" Local_ID="554061139" Value="" CategoryFeature_ID="167788" CategoryFeatureGroup_ID="18224" No="99995" Optional="0" Presentation_Value="codeine phosphate hemihydrate, guaifenesin, ammonium chloride and thyme extract" Translated="1" Mandatory="0" Searchable="0">
   <LocalValue Value="codeine phosphate hemihydrate, guaifenesin, ammonium chloride and thyme extract">
    <Measure ID="29">
     <Signs/>
    </Measure>
   </LocalValue>
   <Feature ID="16908">
    <Measure ID="29" Sign="">
     <Signs/>
    </Measure>
    <Name ID="1216897" langid="1" Value="Ingredients"/>
   </Feature>
  </ProductFeature>
  <ProductFeature Localized="0" ID="835242427" Local_ID="0" Value="Finland" CategoryFeature_ID="374737" CategoryFeatureGroup_ID="36316" No="100000" Optional="0" Presentation_Value="Finland" Translated="1" Mandatory="0" Searchable="0">
   <LocalValue Value="Finland">
    <Measure ID="29">
     <Signs/>
    </Measure>
   </LocalValue>
   <Feature ID="3294">
    <Measure ID="29" Sign="">
     <Signs/>
    </Measure>
    <Name ID="31174" langid="1" Value="Country of origin"/>
   </Feature>
  </ProductFeature>
  <ProductGallery>
   <ProductPicture IsMain="Y" LowPic="https://inishop.com/img/gallery_lows/c3b19c48860a8105168988f4b3924ba5bc7a1d87.jpg" LowPicHeight="200" LowPicWidth="200" LowSize="14641" No="1" Original="https://inishop.com/img/gallery_raw/44a0a38c2888e42822c84b2fa9e9d6ee610717e5.jpeg" OriginalSize="49097" Pic="https://inishop.com/img/gallery/0a059450d1a66af0058b483f0148aa843eab08cf.jpg" Pic500x500="https://inishop.com/img/gallery_mediums/bacce7244115304d57c4cc3c413ba2bebb5011cf.jpg" Pic500x500Height="500" Pic500x500Size="62881" Pic500x500Width="500" PicHeight="1000" PicWidth="1000" ProductPicture_ID="117095384" Size="140939" ThumbPic="https://inishop.com/img/gallery_thumbs/f5b16eb399ed21cd90e314a77a93fa2a0f06c4aa.jpg" ThumbSize="3598" Type="ProductImage" UpdatedDate="2025-09-09 10:43:45"/>
  </ProductGallery>
  <ProductMultimediaObject/>
  <ProductRelated/>
  <SummaryDescription>
   <ShortSummaryDescription langid="1">Vitabalans Katapekt oral solution, Internal use, Adults &amp; Children, Syrup, 150 ml, 12 yr(s), Bottle</ShortSummaryDescription>
   <LongSummaryDescription langid="1">Vitabalans Katapekt oral solution. Proper use: Internal use, Target audience: Adults &amp; Children, Dosage form: Syrup. Country of origin: Finland</LongSummaryDescription>
  </SummaryDescription>
  <Supplier ID="38086" Name="Vitabalans"/>
  <CatalogObjectCloud/>
  <BrandOrganizations/>
 </Product>
</ICECAT-interface>
