<?xml version="1.0" encoding="UTF-8"?>
<!DOCTYPE ICECAT-interface SYSTEM "https://data.icecat.biz/dtd/ICECAT-interface_response.dtd">
<!--source: Icecat.biz 2025-->
<!--Language ID: 1-->
<!--Version: v2-->
<ICECAT-interface xmlns:xsi="http://www.w3.org/2001/XMLSchema-instance" xsi:noNamespaceSchemaLocation="https://data.icecat.biz/xsd/ICECAT-interface_response.xsd">
 <Product Code="1" HighPic="https://inishop.com/img/gallery/304d21a2e02b31353c4315c4a16bcff3111d04ab.jpg" HighPicHeight="300" HighPicSize="27500" HighPicWidth="200" ID="134703584" LowPic="https://inishop.com/img/gallery_lows/c2c5c3ec1c0c3bd3faab3d02b90463cb6c829e3e.jpg" LowPicHeight="200" LowPicSize="14247" LowPicWidth="133" Name="Kestox" IntName="Kestox" LocalName="" Pic500x500="" Pic500x500Height="0" Pic500x500Size="0" Pic500x500Width="0" Prod_id="KESTOX10MG30" Quality="ICECAT" ReleaseDate="" ThumbPic="https://inishop.com/img/gallery_thumbs/8bcca602123181d241eb865bbb23f24d0f74fd09.jpg" ThumbPicSize="3736" Title="Verman Kestox Tablet" GeneratedIntTitle="Verman Kestox" GeneratedLocalTitle="Verman Kestox Tablet" BrandLocalTitle="">
  <CategoryFeatureGroup ID="67146" No="0">
   <FeatureGroup ID="0">
    <Name ID="5073" langid="1" Value="Technical details"/>
   </FeatureGroup>
  </CategoryFeatureGroup>
  <CategoryFeatureGroup ID="17658" No="0">
   <FeatureGroup ID="14">
    <Name ID="5023" langid="1" Value="Weight &amp; dimensions"/>
   </FeatureGroup>
  </CategoryFeatureGroup>
  <CategoryFeatureGroup ID="18207" No="0">
   <FeatureGroup ID="67">
    <Name ID="27423" langid="1" Value="Packaging data"/>
   </FeatureGroup>
  </CategoryFeatureGroup>
  <CategoryFeatureGroup ID="42073" No="0">
   <FeatureGroup ID="76">
    <Name ID="28540" langid="1" Value="Certificates"/>
   </FeatureGroup>
  </CategoryFeatureGroup>
  <CategoryFeatureGroup ID="18206" No="0">
   <FeatureGroup ID="116">
    <Name ID="78852" langid="1" Value="Packaging content"/>
   </FeatureGroup>
  </CategoryFeatureGroup>
  <CategoryFeatureGroup ID="54117" No="0">
   <FeatureGroup ID="143">
    <Name ID="618812" langid="1" Value="Battery"/>
   </FeatureGroup>
  </CategoryFeatureGroup>
  <CategoryFeatureGroup ID="17656" No="5">
   <FeatureGroup ID="185">
    <Name ID="1219853" langid="1" Value="Features"/>
   </FeatureGroup>
  </CategoryFeatureGroup>
  <CategoryFeatureGroup ID="36314" No="0">
   <FeatureGroup ID="198">
    <Name ID="1788927" langid="1" Value="Logistics data"/>
   </FeatureGroup>
  </CategoryFeatureGroup>
  <CategoryFeatureGroup ID="60620" No="0">
   <FeatureGroup ID="232">
    <Name ID="3464238" langid="1" Value="Supplier features"/>
   </FeatureGroup>
  </CategoryFeatureGroup>
  <Category ID="4879">
   <Name ID="3731315" langid="1" Value="Antiallergic Drugs"/>
  </Category>
  <EANCode/>
  <ReleaseDate/>
  <EndOfLifeDate/>
  <ReasonsToBuy/>
  <BulletPoints/>
  <GeneratedBulletPoints/>
  <ProductBundled/>
  <ProductDescription ID="104044196" LongDesc="A long-acting allergy medicine. The 20 mg dose also offers relief from severe allergic symptoms. Active substance: ebastine." ManualPDFSize="0" ManualPDFURL="" MiddleDesc="" PDFSize="0" PDFURL="" ShortDesc="Kestox allergy medicine" URL="https://verman.fi/en/products/" WarrantyInfo="" langid="1"/>
  <ProductFeature Localized="0" ID="835230947" Local_ID="0" Value="Tablet (substance)" CategoryFeature_ID="162301" CategoryFeatureGroup_ID="17656" No="10100100" Optional="0" Presentation_Value="Tablet" Translated="1" Mandatory="1" Searchable="1">
   <LocalValue Value="Tablet">
    <Measure ID="29">
     <Signs/>
    </Measure>
   </LocalValue>
   <Feature ID="25712">
    <Measure ID="29" Sign="">
     <Signs/>
    </Measure>
    <Name ID="2169362" langid="1" Value="Dosage form"/>
   </Feature>
  </ProductFeature>
  <ProductFeature Localized="0" ID="835231298" Local_ID="0" Value="Adults &amp; Children" CategoryFeature_ID="162302" CategoryFeatureGroup_ID="17656" No="100095" Optional="0" Presentation_Value="Adults &amp; Children" Translated="1" Mandatory="0" Searchable="0">
   <LocalValue Value="Adults &amp; Children">
    <Measure ID="29">
     <Signs/>
    </Measure>
   </LocalValue>
   <Feature ID="9202">
    <Measure ID="29" Sign="">
     <Signs/>
    </Measure>
    <Name ID="765619" langid="1" Value="Suitable for"/>
   </Feature>
  </ProductFeature>
  <ProductFeature Localized="0" ID="835231299" Local_ID="0" Value="12" CategoryFeature_ID="162303" CategoryFeatureGroup_ID="17656" No="100090" Optional="0" Presentation_Value="12 yr(s)" Translated="0" Mandatory="0" Searchable="0">
   <LocalValue Value="12">
    <Measure ID="439">
     <Signs>
      <Sign ID="39428" langid="1"><![CDATA[yr(s)]]></Sign>
     </Signs>
    </Measure>
   </LocalValue>
   <Feature ID="7769">
    <Measure ID="439" Sign="">
     <Signs>
      <Sign ID="39428" langid="1"><![CDATA[yr(s)]]></Sign>
     </Signs>
    </Measure>
    <Name ID="600351" langid="1" Value="Minimum age"/>
   </Feature>
  </ProductFeature>
  <ProductFeature Localized="0" ID="835231398" Local_ID="0" Value="30" CategoryFeature_ID="167648" CategoryFeatureGroup_ID="17656" No="100050" Optional="0" Presentation_Value="30" Translated="0" Mandatory="0" Searchable="0">
   <LocalValue Value="30">
    <Measure ID="29">
     <Signs/>
    </Measure>
   </LocalValue>
   <Feature ID="21173">
    <Measure ID="29" Sign="">
     <Signs/>
    </Measure>
    <Name ID="1683251" langid="1" Value="Number of servings per pack"/>
   </Feature>
  </ProductFeature>
  <ProductFeature Localized="0" ID="835231302" Local_ID="0" Value="1" CategoryFeature_ID="167649" CategoryFeatureGroup_ID="17656" No="100048" Optional="0" Presentation_Value="1" Translated="0" Mandatory="0" Searchable="0">
   <LocalValue Value="1">
    <Measure ID="29">
     <Signs/>
    </Measure>
   </LocalValue>
   <Feature ID="25206">
    <Measure ID="29" Sign="">
     <Signs/>
    </Measure>
    <Name ID="2133023" langid="1" Value="Number of tablets per serving"/>
   </Feature>
  </ProductFeature>
  <ProductFeature Localized="0" ID="835231303" Local_ID="0" Value="30" CategoryFeature_ID="280319" CategoryFeatureGroup_ID="17656" No="100000" Optional="0" Presentation_Value="30 pc(s)" Translated="0" Mandatory="0" Searchable="0">
   <LocalValue Value="30">
    <Measure ID="144">
     <Signs>
      <Sign ID="125" langid="1"><![CDATA[pc(s)]]></Sign>
     </Signs>
    </Measure>
   </LocalValue>
   <Feature ID="20228">
    <Measure ID="144" Sign="">
     <Signs>
      <Sign ID="125" langid="1"><![CDATA[pc(s)]]></Sign>
     </Signs>
    </Measure>
    <Name ID="1498423" langid="1" Value="Quantity per pack"/>
   </Feature>
  </ProductFeature>
  <ProductFeature Localized="0" ID="835230925" Local_ID="0" Value="Ebastine" CategoryFeature_ID="162318" CategoryFeatureGroup_ID="17656" No="99999" Optional="0" Presentation_Value="Ebastine" Translated="0" Mandatory="0" Searchable="0">
   <LocalValue Value="Ebastine">
    <Measure ID="29">
     <Signs/>
    </Measure>
   </LocalValue>
   <Feature ID="16908">
    <Measure ID="29" Sign="">
     <Signs/>
    </Measure>
    <Name ID="1216897" langid="1" Value="Ingredients"/>
   </Feature>
  </ProductFeature>
  <ProductFeature Localized="0" ID="835231304" Local_ID="0" Value="1" CategoryFeature_ID="162311" CategoryFeatureGroup_ID="18206" No="100003" Optional="0" Presentation_Value="1" Translated="0" Mandatory="0" Searchable="0">
   <LocalValue Value="1">
    <Measure ID="29">
     <Signs/>
    </Measure>
   </LocalValue>
   <Feature ID="1675">
    <Measure ID="29" Sign="">
     <Signs/>
    </Measure>
    <Name ID="5223" langid="1" Value="Quantity"/>
   </Feature>
  </ProductFeature>
  <ProductGallery>
   <ProductPicture IsMain="Y" LowPic="https://inishop.com/img/gallery_lows/c2c5c3ec1c0c3bd3faab3d02b90463cb6c829e3e.jpg" LowPicHeight="200" LowPicWidth="133" LowSize="14247" No="1" Original="https://inishop.com/img/gallery_raw/737edc8a295b29134894818edc62fc30f92f2c97.png" OriginalSize="51292" Pic="https://inishop.com/img/gallery/304d21a2e02b31353c4315c4a16bcff3111d04ab.jpg" Pic500x500="" Pic500x500Height="0" Pic500x500Size="0" Pic500x500Width="0" PicHeight="300" PicWidth="200" ProductPicture_ID="117095043" Size="27500" ThumbPic="https://inishop.com/img/gallery_thumbs/8bcca602123181d241eb865bbb23f24d0f74fd09.jpg" ThumbSize="3736" Type="ProductImage" UpdatedDate="2025-09-09 10:14:21"/>
  </ProductGallery>
  <ProductMultimediaObject/>
  <ProductRelated/>
  <SummaryDescription>
   <ShortSummaryDescription langid="1">Verman Kestox, Tablet</ShortSummaryDescription>
   <LongSummaryDescription langid="1">Verman Kestox. Dosage form: Tablet, Suitable for: Adults &amp; Children, Minimum age: 12 yr(s)</LongSummaryDescription>
  </SummaryDescription>
  <Supplier ID="43648" Name="Verman"/>
  <CatalogObjectCloud/>
  <BrandOrganizations/>
 </Product>
</ICECAT-interface>
