<?xml version="1.0" encoding="UTF-8"?>
<!DOCTYPE ICECAT-interface SYSTEM "https://data.icecat.biz/dtd/ICECAT-interface_response.dtd">
<!--source: Icecat.biz 2025-->
<!--Language ID: 1-->
<!--Version: v2-->
<ICECAT-interface xmlns:xsi="http://www.w3.org/2001/XMLSchema-instance" xsi:noNamespaceSchemaLocation="https://data.icecat.biz/xsd/ICECAT-interface_response.xsd">
 <Product Code="1" HighPic="https://inishop.com/img/gallery/359d1ea6dc0f7b6fadc29a3b9ac4fb7d52887495.jpg" HighPicHeight="767" HighPicSize="553312" HighPicWidth="1505" ID="134703656" LowPic="https://inishop.com/img/gallery_lows/b955b7c90d5cda3d8e8ec051a7381630d854e731.jpg" LowPicHeight="102" LowPicSize="13989" LowPicWidth="200" Name="FuelCell Propel v4" IntName="FuelCell Propel v4" LocalName="" Pic500x500="https://inishop.com/img/gallery_mediums/157da5ac134ee3deb5a002b9ac6827305fcfff48.jpg" Pic500x500Height="255" Pic500x500Size="68654" Pic500x500Width="500" Prod_id="MFCPRCC4 42" Quality="ICECAT" ReleaseDate="" ThumbPic="https://inishop.com/img/gallery_thumbs/e8e66cf88467b591c29eb2633e84ff4fc828406c.jpg" ThumbPicSize="3420" Title="New Balance FuelCell Propel v4 athletic shoes Male Graphite, Grey" GeneratedIntTitle="New Balance FuelCell Propel v4 athletic shoes" GeneratedLocalTitle="New Balance FuelCell Propel v4 athletic shoes Male Graphite, Grey" BrandLocalTitle="">
  <CategoryFeatureGroup ID="66314" No="-2">
   <FeatureGroup ID="0">
    <Name ID="5073" langid="1" Value="Technical details"/>
   </FeatureGroup>
  </CategoryFeatureGroup>
  <CategoryFeatureGroup ID="17169" No="10">
   <FeatureGroup ID="14">
    <Name ID="5023" langid="1" Value="Weight &amp; dimensions"/>
   </FeatureGroup>
  </CategoryFeatureGroup>
  <CategoryFeatureGroup ID="78452" No="8">
   <FeatureGroup ID="67">
    <Name ID="27423" langid="1" Value="Packaging data"/>
   </FeatureGroup>
  </CategoryFeatureGroup>
  <CategoryFeatureGroup ID="42793" No="0">
   <FeatureGroup ID="76">
    <Name ID="28540" langid="1" Value="Certificates"/>
   </FeatureGroup>
  </CategoryFeatureGroup>
  <CategoryFeatureGroup ID="49895" No="0">
   <FeatureGroup ID="116">
    <Name ID="78852" langid="1" Value="Packaging content"/>
   </FeatureGroup>
  </CategoryFeatureGroup>
  <CategoryFeatureGroup ID="34344" No="40">
   <FeatureGroup ID="119">
    <Name ID="80218" langid="1" Value="Material"/>
   </FeatureGroup>
  </CategoryFeatureGroup>
  <CategoryFeatureGroup ID="54810" No="0">
   <FeatureGroup ID="143">
    <Name ID="618812" langid="1" Value="Battery"/>
   </FeatureGroup>
  </CategoryFeatureGroup>
  <CategoryFeatureGroup ID="34343" No="-5">
   <FeatureGroup ID="146">
    <Name ID="624346" langid="1" Value="Other features"/>
   </FeatureGroup>
  </CategoryFeatureGroup>
  <CategoryFeatureGroup ID="17164" No="50">
   <FeatureGroup ID="185">
    <Name ID="1219853" langid="1" Value="Features"/>
   </FeatureGroup>
  </CategoryFeatureGroup>
  <CategoryFeatureGroup ID="36865" No="-10">
   <FeatureGroup ID="198">
    <Name ID="1788927" langid="1" Value="Logistics data"/>
   </FeatureGroup>
  </CategoryFeatureGroup>
  <CategoryFeatureGroup ID="61315" No="0">
   <FeatureGroup ID="232">
    <Name ID="3464238" langid="1" Value="Supplier features"/>
   </FeatureGroup>
  </CategoryFeatureGroup>
  <CategoryFeatureGroup ID="78451" No="30">
   <FeatureGroup ID="270">
    <Name ID="5186810" langid="1" Value="Care information"/>
   </FeatureGroup>
  </CategoryFeatureGroup>
  <CategoryFeatureGroup ID="78453" No="1">
   <FeatureGroup ID="279">
    <Name ID="7392238" langid="1" Value="Sustainability"/>
   </FeatureGroup>
  </CategoryFeatureGroup>
  <Category ID="3554">
   <Name ID="3730067" langid="1" Value="Athletic Shoes"/>
  </Category>
  <EANCode/>
  <ReleaseDate/>
  <EndOfLifeDate/>
  <ReasonsToBuy/>
  <BulletPoints>
   <BulletPoint Value="FuelCell foam delivers a propulsive feel to help drive you forward" langid="1" No="1"/>
   <BulletPoint Value="TPU plate for superior propulsion" langid="1" No="2"/>
  </BulletPoints>
  <GeneratedBulletPoints/>
  <ProductBundled/>
  <ProductDescription ID="104044412" LongDesc="New and experienced runners alike will appreciate the underfoot ride and innovative technology packed into the New Balance FuelCell Propel v4. Featuring a thick FuelCell midsole combined with a TPU plate, this running shoe is designed to maximize comfort and traction to help keep you moving at top speeds.&lt;br&gt;&lt;br&gt;" ManualPDFSize="0" ManualPDFURL="" MiddleDesc="" PDFSize="0" PDFURL="" ShortDesc="FuelCell Propel v4 Shoes, 42" URL="https://ee.newbalance.eu/en/pd/fuelcell-propel-v4/MFCPRV4-44993-EMEA-MFCPRCC4.html" WarrantyInfo="" langid="1"/>
  <ProductFeature Localized="0" ID="835246372" Local_ID="0" Value="Running" CategoryFeature_ID="333583" CategoryFeatureGroup_ID="17164" No="10100350" Optional="0" Presentation_Value="Running" Translated="1" Mandatory="1" Searchable="1">
   <LocalValue Value="Running">
    <Measure ID="29">
     <Signs/>
    </Measure>
   </LocalValue>
   <Feature ID="41029">
    <Measure ID="29" Sign="">
     <Signs/>
    </Measure>
    <Name ID="6302886" langid="1" Value="Activity"/>
   </Feature>
  </ProductFeature>
  <ProductFeature Localized="0" ID="835246368" Local_ID="0" Value="Male" CategoryFeature_ID="158233" CategoryFeatureGroup_ID="17164" No="10100300" Optional="0" Presentation_Value="Male" Translated="1" Mandatory="1" Searchable="1">
   <LocalValue Value="Male">
    <Measure ID="29">
     <Signs/>
    </Measure>
   </LocalValue>
   <Feature ID="3230">
    <Measure ID="29" Sign="">
     <Signs/>
    </Measure>
    <Name ID="30670" langid="1" Value="Gender"/>
   </Feature>
  </ProductFeature>
  <ProductFeature Localized="0" ID="835246371" Local_ID="0" Value="Adult" CategoryFeature_ID="333580" CategoryFeatureGroup_ID="17164" No="10100295" Optional="0" Presentation_Value="Adult" Translated="1" Mandatory="1" Searchable="1">
   <LocalValue Value="Adult">
    <Measure ID="29">
     <Signs/>
    </Measure>
   </LocalValue>
   <Feature ID="36987">
    <Measure ID="29" Sign="">
     <Signs/>
    </Measure>
    <Name ID="4433301" langid="1" Value="Consumer life stage"/>
   </Feature>
  </ProductFeature>
  <ProductFeature Localized="0" ID="835246847" Local_ID="0" Value="Graphite,Grey" CategoryFeature_ID="333581" CategoryFeatureGroup_ID="17164" No="10100144" Optional="0" Presentation_Value="Graphite, Grey" Translated="1" Mandatory="1" Searchable="1">
   <LocalValue Value="Graphite, Grey">
    <Measure ID="29">
     <Signs/>
    </Measure>
   </LocalValue>
   <Feature ID="37466">
    <Measure ID="29" Sign="">
     <Signs/>
    </Measure>
    <Name ID="5072249" langid="1" Value="Product main colour"/>
   </Feature>
  </ProductFeature>
  <ProductFeature Localized="0" ID="835247547" Local_ID="0" Value="Image" CategoryFeature_ID="158216" CategoryFeatureGroup_ID="17164" No="100148" Optional="0" Presentation_Value="Image" Translated="1" Mandatory="0" Searchable="0">
   <LocalValue Value="Image">
    <Measure ID="29">
     <Signs/>
    </Measure>
   </LocalValue>
   <Feature ID="21118">
    <Measure ID="29" Sign="">
     <Signs/>
    </Measure>
    <Name ID="1680066" langid="1" Value="Coloration"/>
   </Feature>
  </ProductFeature>
  <ProductFeature Localized="0" ID="835246369" Local_ID="0" Value="42" CategoryFeature_ID="949645" CategoryFeatureGroup_ID="17164" No="100144" Optional="0" Presentation_Value="42" Translated="0" Mandatory="0" Searchable="0">
   <LocalValue Value="42">
    <Measure ID="29">
     <Signs/>
    </Measure>
   </LocalValue>
   <Feature ID="47506">
    <Measure ID="29" Sign="">
     <Signs/>
    </Measure>
    <Name ID="8849986" langid="1" Value="Size (EU)"/>
   </Feature>
  </ProductFeature>
  <ProductFeature Localized="0" ID="835247195" Local_ID="0" Value="Lace-up closure" CategoryFeature_ID="333640" CategoryFeatureGroup_ID="17164" No="100115" Optional="0" Presentation_Value="Lace-up closure" Translated="1" Mandatory="0" Searchable="0">
   <LocalValue Value="Lace-up closure">
    <Measure ID="29">
     <Signs/>
    </Measure>
   </LocalValue>
   <Feature ID="41034">
    <Measure ID="29" Sign="">
     <Signs/>
    </Measure>
    <Name ID="6303212" langid="1" Value="Footwear closure type"/>
   </Feature>
  </ProductFeature>
  <ProductFeature Localized="0" ID="835246867" Local_ID="0" Value="6" CategoryFeature_ID="333621" CategoryFeatureGroup_ID="17164" No="100111" Optional="0" Presentation_Value="6 mm" Translated="0" Mandatory="0" Searchable="0">
   <LocalValue Value="6">
    <Measure ID="24">
     <Signs>
      <Sign ID="3" langid="1"><![CDATA[mm]]></Sign>
     </Signs>
    </Measure>
   </LocalValue>
   <Feature ID="41060">
    <Measure ID="24" Sign="">
     <Signs>
      <Sign ID="3" langid="1"><![CDATA[mm]]></Sign>
     </Signs>
    </Measure>
    <Name ID="6305053" langid="1" Value="Heel drop"/>
   </Feature>
  </ProductFeature>
  <ProductFeature Localized="0" ID="835246858" Local_ID="0" Value="Y" CategoryFeature_ID="333626" CategoryFeatureGroup_ID="17164" No="100097" Optional="0" Presentation_Value="Yes" Translated="1" Mandatory="0" Searchable="0">
   <LocalValue Value="Yes">
    <Measure ID="26">
     <Signs/>
    </Measure>
   </LocalValue>
   <Feature ID="41065">
    <Measure ID="26" Sign="">
     <Signs/>
    </Measure>
    <Name ID="6306463" langid="1" Value="Cushioned insole"/>
   </Feature>
  </ProductFeature>
  <ProductFeature Localized="0" ID="835247036" Local_ID="0" Value="Mesh,Synthetic" CategoryFeature_ID="196763" CategoryFeatureGroup_ID="34344" No="100200" Optional="0" Presentation_Value="Mesh, Synthetic" Translated="1" Mandatory="1" Searchable="0">
   <LocalValue Value="Mesh, Synthetic">
    <Measure ID="29">
     <Signs/>
    </Measure>
   </LocalValue>
   <Feature ID="29975">
    <Measure ID="29" Sign="">
     <Signs/>
    </Measure>
    <Name ID="2796257" langid="1" Value="Upper material"/>
   </Feature>
  </ProductFeature>
  <ProductFeature Localized="0" ID="835247373" Local_ID="0" Value="Thermoplastic polyurethane (TPU)" CategoryFeature_ID="158219" CategoryFeatureGroup_ID="34344" No="100230" Optional="0" Presentation_Value="Thermoplastic polyurethane (TPU)" Translated="1" Mandatory="0" Searchable="0">
   <LocalValue Value="Thermoplastic polyurethane (TPU)">
    <Measure ID="29">
     <Signs/>
    </Measure>
   </LocalValue>
   <Feature ID="25410">
    <Measure ID="29" Sign="">
     <Signs/>
    </Measure>
    <Name ID="2146870" langid="1" Value="Midsole material"/>
   </Feature>
  </ProductFeature>
  <ProductFeature Localized="0" ID="835246862" Local_ID="0" Value="302.6" CategoryFeature_ID="158237" CategoryFeatureGroup_ID="17169" No="100005" Optional="0" Presentation_Value="302.6 g" Translated="0" Mandatory="0" Searchable="0">
   <LocalValue Value="302.6">
    <Measure ID="38">
     <Signs>
      <Sign ID="22" langid="1"><![CDATA[g]]></Sign>
     </Signs>
    </Measure>
   </LocalValue>
   <Feature ID="94">
    <Measure ID="38" Sign="">
     <Signs>
      <Sign ID="22" langid="1"><![CDATA[g]]></Sign>
     </Signs>
    </Measure>
    <Name ID="1525" langid="1" Value="Weight"/>
   </Feature>
  </ProductFeature>
  <ProductGallery>
   <ProductPicture IsMain="Y" LowPic="https://inishop.com/img/gallery_lows/b955b7c90d5cda3d8e8ec051a7381630d854e731.jpg" LowPicHeight="102" LowPicWidth="200" LowSize="13989" No="1" Original="https://inishop.com/img/gallery_raw/ea3c32602c8687a75c5d8c215dd56e79a3470126.webp" OriginalSize="168246" Pic="https://inishop.com/img/gallery/359d1ea6dc0f7b6fadc29a3b9ac4fb7d52887495.jpg" Pic500x500="https://inishop.com/img/gallery_mediums/157da5ac134ee3deb5a002b9ac6827305fcfff48.jpg" Pic500x500Height="255" Pic500x500Size="68654" Pic500x500Width="500" PicHeight="767" PicWidth="1505" ProductPicture_ID="117095952" Size="553312" ThumbPic="https://inishop.com/img/gallery_thumbs/e8e66cf88467b591c29eb2633e84ff4fc828406c.jpg" ThumbSize="3420" Type="ProductImage" UpdatedDate="2025-09-09 11:41:51"/>
   <ProductPicture LowPic="https://inishop.com/img/gallery_lows/ac3947a8059914696a01365ce9283df0fda44f74.jpg" LowPicHeight="118" LowPicWidth="200" LowSize="16613" No="2" Original="https://inishop.com/img/gallery_raw/85db4553a621540fec1af3f518623d725faeedab.webp" OriginalSize="164682" Pic="https://inishop.com/img/gallery/ef5467dbfe61066c6fac3b75af9f1e01a5e4badb.jpg" Pic500x500="https://inishop.com/img/gallery_mediums/4e50e90f0932abf17ce1dbc85a84c07d8912faf5.jpg" Pic500x500Height="294" Pic500x500Size="84832" Pic500x500Width="500" PicHeight="763" PicWidth="1298" ProductPicture_ID="117095954" Size="501569" ThumbPic="https://inishop.com/img/gallery_thumbs/cd3b3ad0f663df11d18fe93e95eb03e0ff0b0a54.jpg" ThumbSize="3792" Type="Other" UpdatedDate="2025-09-09 11:41:55"/>
   <ProductPicture LowPic="https://inishop.com/img/gallery_lows/5a4fa7906c8dbc60bbcc56edd23ecd1ea7a87adf.jpg" LowPicHeight="100" LowPicWidth="200" LowSize="12096" No="3" Original="https://inishop.com/img/gallery_raw/03f9b6cc5c227180287f57b80859c639d6bdd980.webp" OriginalSize="173320" Pic="https://inishop.com/img/gallery/bfcb69e7b49e8a80933ffa2c679d55b66d683e5f.jpg" Pic500x500="https://inishop.com/img/gallery_mediums/c7575cda15b80a3e4db450a12e76a4f3496ad7da.jpg" Pic500x500Height="250" Pic500x500Size="61849" Pic500x500Width="500" PicHeight="769" PicWidth="1537" ProductPicture_ID="117095956" Size="553325" ThumbPic="https://inishop.com/img/gallery_thumbs/06ab6c44fc7413d1e12c18e0ba7ab4b552a5aba3.jpg" ThumbSize="2925" Type="Other" UpdatedDate="2025-09-09 11:42:00"/>
   <ProductPicture LowPic="https://inishop.com/img/gallery_lows/f944780c51c2acc764b71b87f608ee216f83091b.jpg" LowPicHeight="200" LowPicWidth="82" LowSize="14288" No="4" Original="https://inishop.com/img/gallery_raw/1a1a5b129fffdd8f277974c7106439123bf7c6ce.jpeg" OriginalSize="257945" Pic="https://inishop.com/img/gallery/7b4904c2865af2dc979469230557faad28a6fb19.jpg" Pic500x500="https://inishop.com/img/gallery_mediums/4dc6c287ef4c47257b9295350c974c3df80e8341.jpg" Pic500x500Height="500" Pic500x500Size="78470" Pic500x500Width="204" PicHeight="1522" PicWidth="621" ProductPicture_ID="117095957" Size="668440" ThumbPic="https://inishop.com/img/gallery_thumbs/c08b003440e2f91976c630b8822dc0f5050da8a8.jpg" ThumbSize="3111" Type="Other" UpdatedDate="2025-09-09 11:42:05"/>
   <ProductPicture LowPic="https://inishop.com/img/gallery_lows/b1225520bbb9fabfaa2eb007ab9af1ceefd583a5.jpg" LowPicHeight="90" LowPicWidth="200" LowSize="13128" No="5" Original="https://inishop.com/img/gallery_raw/0cc63f4673eec7d3177b88575e9edb23a3bb8520.webp" OriginalSize="88380" Pic="https://inishop.com/img/gallery/e77d2c2157c0234e11b456116cefcb2d1c85e13b.jpg" Pic500x500="https://inishop.com/img/gallery_mediums/866cb6d48c57ec406ca95b49895472e992cee504.jpg" Pic500x500Height="225" Pic500x500Size="61741" Pic500x500Width="500" PicHeight="677" PicWidth="1507" ProductPicture_ID="117095958" Size="431264" ThumbPic="https://inishop.com/img/gallery_thumbs/1d47efddb97fa4ed9c093d607292dd73d7c464a0.jpg" ThumbSize="3406" Type="Other" UpdatedDate="2025-09-09 11:42:09"/>
  </ProductGallery>
  <ProductMultimediaObject>
   <MultimediaObject ContentType="application/zip" Date="2025-09-09 15:31:45" Description="ProductStory" KeepAsURL="0" MultimediaObject_ID="69146809" Type="ProductStory" UUID="7E4FCEB8-7A23-4211-96FC-3DE88EBF1CBD" langid="1" Height="0" PreviewHeight="0" PreviewSize="0" PreviewUrl="" PreviewWidth="0" Size="1668" URL="https://inishop.com/objects/mmo_134703656_1757424705_5435_1549942.zip" Width="0"/>
   <MultimediaObject ContentType="text/html" Date="2025-09-09 15:31:40" Description="ProductStory2.0" KeepAsURL="0" MultimediaObject_ID="69146810" Type="ProductStory2.0" UUID="18C8D7AA-49F5-45AF-92A8-4B8F8A79E22A" langid="1" Height="0" PreviewHeight="0" PreviewSize="0" PreviewUrl="" PreviewWidth="0" Size="5335" URL="https://inishop.com/objects/mmo_134703656_1757424700_9531_2394459.txt" Width="0"/>
  </ProductMultimediaObject>
  <ProductRelated/>
  <SummaryDescription>
   <ShortSummaryDescription langid="1">New Balance FuelCell Propel v4, Running, Male, Adult, Graphite, Grey, Image, Lace-up closure</ShortSummaryDescription>
   <LongSummaryDescription langid="1">New Balance FuelCell Propel v4. Activity: Running, Gender: Male, Consumer life stage: Adult. Upper material: Mesh, Synthetic, Midsole material: Thermoplastic polyurethane (TPU). Weight: 302.6 g</LongSummaryDescription>
  </SummaryDescription>
  <Supplier ID="5844" Name="New Balance"/>
  <CatalogObjectCloud/>
  <BrandOrganizations>
   <Licensees/>
   <Representatives>
    <Representative ID="172489241077481896">
     <Organization ID="bb2ee555-c3c8-4ef7-b6c5-c46ccbf19443" Name="New Balance Europe B.V." CountryCode="NL" State="" City="Amsterdam" Street="Pilotenstraat" HouseNumber="41" ZIP="1059 CH">
      <URLs>
       <URL>https://www.newbalance.de/de/privacy-policy.html</URL>
      </URLs>
      <Emails/>
     </Organization>
    </Representative>
   </Representatives>
  </BrandOrganizations>
 </Product>
</ICECAT-interface>
