<?xml version="1.0" encoding="UTF-8"?>
<!DOCTYPE ICECAT-interface SYSTEM "https://data.icecat.biz/dtd/ICECAT-interface_response.dtd">
<!--source: Icecat.biz 2025-->
<!--Language ID: 1-->
<!--Version: v2-->
<ICECAT-interface xmlns:xsi="http://www.w3.org/2001/XMLSchema-instance" xsi:noNamespaceSchemaLocation="https://data.icecat.biz/xsd/ICECAT-interface_response.xsd">
 <Product Code="1" HighPic="https://inishop.com/img/gallery/cac6c58e446bb45ee78b5a622f60db96c9428d8b.jpg" HighPicHeight="2846" HighPicSize="895274" HighPicWidth="3041" ID="122445696" LowPic="https://inishop.com/img/gallery_lows/1a965333a832f3a7a0dd211fc5986b4e2e81771d.jpg" LowPicHeight="187" LowPicSize="11740" LowPicWidth="200" Name="AirPods 4" IntName="AirPods 4" LocalName="AirPods 4" Pic500x500="https://inishop.com/img/gallery_mediums/65a947873a37f8cbdf3ab43c651acc057c904358.jpg" Pic500x500Height="468" Pic500x500Size="46542" Pic500x500Width="500" Prod_id="MXP63DN/A" Quality="ICECAT" ReleaseDate="" ThumbPic="https://inishop.com/img/gallery_thumbs/6d1d6b82e127aff3891a308be779dcb272715ba0.jpg" ThumbPicSize="3434" Title="Apple AirPods (4th generation) AirPods 4" GeneratedIntTitle="Apple AirPods (4th generation) AirPods 4" GeneratedLocalTitle="Apple AirPods (4th generation) AirPods 4" BrandLocalTitle="">
  <CategoryFeatureGroup ID="10775" No="0">
   <FeatureGroup ID="0">
    <Name ID="5073" langid="1" Value="Technical details"/>
   </FeatureGroup>
  </CategoryFeatureGroup>
  <CategoryFeatureGroup ID="5114" No="16">
   <FeatureGroup ID="8">
    <Name ID="4885" langid="1" Value="System requirements"/>
   </FeatureGroup>
  </CategoryFeatureGroup>
  <CategoryFeatureGroup ID="6264" No="40">
   <FeatureGroup ID="12">
    <Name ID="4995" langid="1" Value="Ports &amp; interfaces"/>
   </FeatureGroup>
  </CategoryFeatureGroup>
  <CategoryFeatureGroup ID="5112" No="8">
   <FeatureGroup ID="14">
    <Name ID="5023" langid="1" Value="Weight &amp; dimensions"/>
   </FeatureGroup>
  </CategoryFeatureGroup>
  <CategoryFeatureGroup ID="12862" No="0">
   <FeatureGroup ID="27">
    <Name ID="5049" langid="1" Value="Power"/>
   </FeatureGroup>
  </CategoryFeatureGroup>
  <CategoryFeatureGroup ID="33260" No="11">
   <FeatureGroup ID="28">
    <Name ID="5067" langid="1" Value="Operational conditions"/>
   </FeatureGroup>
  </CategoryFeatureGroup>
  <CategoryFeatureGroup ID="5225" No="7">
   <FeatureGroup ID="67">
    <Name ID="27423" langid="1" Value="Packaging data"/>
   </FeatureGroup>
  </CategoryFeatureGroup>
  <CategoryFeatureGroup ID="5110" No="28">
   <FeatureGroup ID="70">
    <Name ID="27519" langid="1" Value="Microphone"/>
   </FeatureGroup>
  </CategoryFeatureGroup>
  <CategoryFeatureGroup ID="5109" No="30">
   <FeatureGroup ID="71">
    <Name ID="27525" langid="1" Value="Headphones"/>
   </FeatureGroup>
  </CategoryFeatureGroup>
  <CategoryFeatureGroup ID="40024" No="0">
   <FeatureGroup ID="76">
    <Name ID="28540" langid="1" Value="Certificates"/>
   </FeatureGroup>
  </CategoryFeatureGroup>
  <CategoryFeatureGroup ID="26483" No="20">
   <FeatureGroup ID="79">
    <Name ID="28858" langid="1" Value="Indication"/>
   </FeatureGroup>
  </CategoryFeatureGroup>
  <CategoryFeatureGroup ID="33261" No="-1">
   <FeatureGroup ID="115">
    <Name ID="78827" langid="1" Value="Outer carton"/>
   </FeatureGroup>
  </CategoryFeatureGroup>
  <CategoryFeatureGroup ID="12861" No="6">
   <FeatureGroup ID="116">
    <Name ID="78852" langid="1" Value="Packaging content"/>
   </FeatureGroup>
  </CategoryFeatureGroup>
  <CategoryFeatureGroup ID="13255" No="15">
   <FeatureGroup ID="117">
    <Name ID="78869" langid="1" Value="Subwoofer"/>
   </FeatureGroup>
  </CategoryFeatureGroup>
  <CategoryFeatureGroup ID="25463" No="14">
   <FeatureGroup ID="134">
    <Name ID="350867" langid="1" Value="Amplifier"/>
   </FeatureGroup>
  </CategoryFeatureGroup>
  <CategoryFeatureGroup ID="6263" No="24">
   <FeatureGroup ID="143">
    <Name ID="618812" langid="1" Value="Battery"/>
   </FeatureGroup>
  </CategoryFeatureGroup>
  <CategoryFeatureGroup ID="78145" No="0">
   <FeatureGroup ID="144">
    <Name ID="619994" langid="1" Value="Brand-specific features"/>
   </FeatureGroup>
  </CategoryFeatureGroup>
  <CategoryFeatureGroup ID="6259" No="-100">
   <FeatureGroup ID="146">
    <Name ID="624346" langid="1" Value="Other features"/>
   </FeatureGroup>
  </CategoryFeatureGroup>
  <CategoryFeatureGroup ID="10773" No="50">
   <FeatureGroup ID="148">
    <Name ID="630457" langid="1" Value="Design"/>
   </FeatureGroup>
  </CategoryFeatureGroup>
  <CategoryFeatureGroup ID="10774" No="60">
   <FeatureGroup ID="184">
    <Name ID="1218765" langid="1" Value="Performance"/>
   </FeatureGroup>
  </CategoryFeatureGroup>
  <CategoryFeatureGroup ID="12863" No="0">
   <FeatureGroup ID="185">
    <Name ID="1219853" langid="1" Value="Features"/>
   </FeatureGroup>
  </CategoryFeatureGroup>
  <CategoryFeatureGroup ID="17998" No="3">
   <FeatureGroup ID="198">
    <Name ID="1788927" langid="1" Value="Logistics data"/>
   </FeatureGroup>
  </CategoryFeatureGroup>
  <CategoryFeatureGroup ID="33259" No="0">
   <FeatureGroup ID="232">
    <Name ID="3464238" langid="1" Value="Supplier features"/>
   </FeatureGroup>
  </CategoryFeatureGroup>
  <CategoryFeatureGroup ID="26484" No="12">
   <FeatureGroup ID="237">
    <Name ID="3528484" langid="1" Value="Music player"/>
   </FeatureGroup>
  </CategoryFeatureGroup>
  <CategoryFeatureGroup ID="27971" No="27">
   <FeatureGroup ID="255">
    <Name ID="4252500" langid="1" Value="Base station"/>
   </FeatureGroup>
  </CategoryFeatureGroup>
  <CategoryFeatureGroup ID="27976" No="26">
   <FeatureGroup ID="256">
    <Name ID="4255461" langid="1" Value="Control unit"/>
   </FeatureGroup>
  </CategoryFeatureGroup>
  <CategoryFeatureGroup ID="72109" No="10">
   <FeatureGroup ID="279">
    <Name ID="7392238" langid="1" Value="Sustainability"/>
   </FeatureGroup>
  </CategoryFeatureGroup>
  <Category ID="1637">
   <Name ID="3728246" langid="1" Value="Headphones &amp; Headsets"/>
  </Category>
  <EANCode EAN="0195949688485" Format="GTIN-13" IsApproved="1"/>
  <EANCode EAN="195949688485" Format="GTIN-12" IsApproved="1"/>
  <EANCode EAN="5715063682838" Format="GTIN-13" IsApproved="0"/>
  <FeatureLogo ID="1242" Feature_ID="1230" Value="N" LogoPic="https://inishop.com/img/feature_logo/1242-3899.png" Width="0" Height="0" Size="0">
   <Descriptions>
    <Description ID="5808" langid="1">DIRECTIVE (EU) 2022/2380 OF THE EUROPEAN PARLIAMENT AND OF THE COUNCIL of 23 November 2022 (Part III)</Description>
   </Descriptions>
   <FeatureLogoFeatures>
    <FeatureLogoFeature ID="1230">
     <FeatureLogoValues>
      <FeatureLogoValue ID="5865">N</FeatureLogoValue>
     </FeatureLogoValues>
    </FeatureLogoFeature>
   </FeatureLogoFeatures>
  </FeatureLogo>
  <ReleaseDate/>
  <EndOfLifeDate/>
  <ReasonsToBuy>
   <ReasonToBuy ID="80921962" Value="The powerful H2 chip comes to AirPods 4, making audio and calls sound better than ever. With a range of intelligent features, AirPods 4 adapt to virtually any listening environment — even when you want complete silence." HighPic="https://inishop.com/img/bullets/122445696-66e837a17862e346660108.jpg" HighPicSize="0" No="1" Title="A roaring leap in capabilities." langid="1" origin="RTB" IsRich="0"/>
   <ReasonToBuy ID="80921963" Value="Using advanced computational audio, Voice Isolation minimizes background noise while clarifying the sound of your voice. So you’ll be easier to understand when you’re speaking in loud or windy conditions." HighPic="https://inishop.com/img/bullets/122445696-66e837a178ba0278917719.jpg" HighPicSize="0" No="2" Title="Superclear call quality." langid="1" origin="RTB" IsRich="0"/>
   <ReasonToBuy ID="80921964" Value="The entirely new acoustic architecture uses an Apple-designed low-distortion driver powered by a custom high dynamic range amplifier. Put simply, you hear music in exceptional detail, with deeper bass and crystal-clear highs." HighPic="https://inishop.com/img/bullets/122445696-66e837a179030240762783.jpg" HighPicSize="0" No="3" Title="Enjoy every note, beat, and vibe." langid="1" origin="RTB" IsRich="0"/>
   <ReasonToBuy ID="80921965" Value="Adaptive EQ automatically tunes music to your ears. Inward-facing microphones detect what you’re hearing, then adjust low and midrange frequencies to deliver rich detail in every song." HighPic="https://inishop.com/img/bullets/122445696-66e837a179472567301377.jpg" HighPicSize="0" No="4" Title="Calibrates music to your ears." langid="1" origin="RTB" IsRich="0"/>
  </ReasonsToBuy>
  <BulletPoints/>
  <GeneratedBulletPoints>
   <GeneratedBulletPoint Value="White Calls/Music/Sport/Everyday In-ear Headset" langid="1" No="1"/>
   <GeneratedBulletPoint Value="Wireless Bluetooth 5.3" langid="1" No="2"/>
   <GeneratedBulletPoint Value="Intraaural Earbuds" langid="1" No="3"/>
   <GeneratedBulletPoint Value="Microphone type: Built-in" langid="1" No="4"/>
   <GeneratedBulletPoint Value="Built-in battery" langid="1" No="5"/>
  </GeneratedBulletPoints>
  <ProductBundled/>
  <ProductDescription ID="96756300" LongDesc="&lt;b&gt;Iconic.&lt;br&gt;Now supersonic.&lt;/b&gt;&lt;br&gt;&lt;br&gt;&lt;b&gt;A completely transformed audio experience.&lt;/b&gt;&lt;br&gt;&lt;br&gt;&lt;b&gt;Immersive, theater-like sound.&lt;/b&gt;&lt;br&gt;Personalized Spatial Audio with dynamic head tracking places sound all around you, creating a three-dimensional listening experience for music, TV shows, movies, games, and more." ManualPDFSize="0" ManualPDFURL="" MiddleDesc="" PDFSize="0" PDFURL="" ShortDesc="Apple Siri, Bluetooth 5.3, H2, IP54, USB-C" URL="https://www.apple.com/airpods-4/" WarrantyInfo="" langid="1"/>
  <ProductFamily ID="76951" LowPic="" ThumbPic="">
   <Name ID="9169922" langid="1" Value="AirPods (4th generation)"/>
  </ProductFamily>
  <ProductFeature Localized="0" ID="683627950" Local_ID="0" Value="Headset" CategoryFeature_ID="320952" CategoryFeatureGroup_ID="10774" No="10100300" Optional="0" Presentation_Value="Headset" Translated="1" Mandatory="1" Searchable="1">
   <LocalValue Value="Headset">
    <Measure ID="29">
     <Signs/>
    </Measure>
   </LocalValue>
   <Feature ID="14052">
    <Measure ID="29" Sign="">
     <Signs/>
    </Measure>
    <Name ID="1127664" langid="1" Value="Product type"/>
   </Feature>
  </ProductFeature>
  <ProductFeature Localized="0" ID="683627940" Local_ID="0" Value="In-ear" CategoryFeature_ID="48583" CategoryFeatureGroup_ID="10774" No="10100294" Optional="0" Presentation_Value="In-ear" Translated="1" Mandatory="1" Searchable="1">
   <LocalValue Value="In-ear">
    <Measure ID="29">
     <Signs/>
    </Measure>
   </LocalValue>
   <Feature ID="8136">
    <Measure ID="29" Sign="">
     <Signs/>
    </Measure>
    <Name ID="628259" langid="1" Value="Wearing style"/>
   </Feature>
  </ProductFeature>
  <ProductFeature Localized="0" ID="683627942" Local_ID="0" Value="Calls/Music/Sport/Everyday" CategoryFeature_ID="320937" CategoryFeatureGroup_ID="10774" No="10100291" Optional="0" Presentation_Value="Calls/Music/Sport/Everyday" Translated="1" Mandatory="1" Searchable="1">
   <LocalValue Value="Calls/Music/Sport/Everyday">
    <Measure ID="29">
     <Signs/>
    </Measure>
   </LocalValue>
   <Feature ID="8480">
    <Measure ID="29" Sign="">
     <Signs/>
    </Measure>
    <Name ID="710488" langid="1" Value="Recommended usage"/>
   </Feature>
  </ProductFeature>
  <ProductFeature Localized="0" ID="683627924" Local_ID="0" Value="White" CategoryFeature_ID="41175" CategoryFeatureGroup_ID="10774" No="100280" Optional="0" Presentation_Value="White" Translated="1" Mandatory="1" Searchable="0">
   <LocalValue Value="White">
    <Measure ID="29">
     <Signs/>
    </Measure>
   </LocalValue>
   <Feature ID="1766">
    <Measure ID="29" Sign="">
     <Signs/>
    </Measure>
    <Name ID="5487" langid="1" Value="Product colour"/>
   </Feature>
  </ProductFeature>
  <ProductFeature Localized="0" ID="683627939" Local_ID="0" Value="Binaural" CategoryFeature_ID="48578" CategoryFeatureGroup_ID="10774" No="100288" Optional="0" Presentation_Value="Binaural" Translated="1" Mandatory="0" Searchable="0">
   <LocalValue Value="Binaural">
    <Measure ID="29">
     <Signs/>
    </Measure>
   </LocalValue>
   <Feature ID="8135">
    <Measure ID="29" Sign="">
     <Signs/>
    </Measure>
    <Name ID="628176" langid="1" Value="Headset type"/>
   </Feature>
  </ProductFeature>
  <ProductFeature Localized="0" ID="683627931" Local_ID="0" Value="Touch" CategoryFeature_ID="43294" CategoryFeatureGroup_ID="10774" No="100276" Optional="0" Presentation_Value="Touch" Translated="1" Mandatory="0" Searchable="0">
   <LocalValue Value="Touch">
    <Measure ID="29">
     <Signs/>
    </Measure>
   </LocalValue>
   <Feature ID="2587">
    <Measure ID="29" Sign="">
     <Signs/>
    </Measure>
    <Name ID="13221" langid="1" Value="Volume control"/>
   </Feature>
  </ProductFeature>
  <ProductFeature Localized="0" ID="683627932" Local_ID="0" Value="Touch" CategoryFeature_ID="255483" CategoryFeatureGroup_ID="10774" No="100274" Optional="0" Presentation_Value="Touch" Translated="1" Mandatory="0" Searchable="0">
   <LocalValue Value="Touch">
    <Measure ID="29">
     <Signs/>
    </Measure>
   </LocalValue>
   <Feature ID="2651">
    <Measure ID="29" Sign="">
     <Signs/>
    </Measure>
    <Name ID="13446" langid="1" Value="Control type"/>
   </Feature>
  </ProductFeature>
  <ProductFeature Localized="0" ID="683627938" Local_ID="0" Value="Dust resistant,Sweat resistant,Water resistant" CategoryFeature_ID="238777" CategoryFeatureGroup_ID="10774" No="100258" Optional="0" Presentation_Value="Dust resistant, Sweat resistant, Water resistant" Translated="1" Mandatory="0" Searchable="0">
   <LocalValue Value="Dust resistant, Sweat resistant, Water resistant">
    <Measure ID="29">
     <Signs/>
    </Measure>
   </LocalValue>
   <Feature ID="8072">
    <Measure ID="29" Sign="">
     <Signs/>
    </Measure>
    <Name ID="622852" langid="1" Value="Protection features"/>
   </Feature>
  </ProductFeature>
  <ProductFeature Localized="0" ID="683627937" Local_ID="0" Value="IP54" CategoryFeature_ID="320978" CategoryFeatureGroup_ID="10774" No="100252" Optional="0" Presentation_Value="IP54" Translated="0" Mandatory="0" Searchable="0">
   <LocalValue Value="IP54">
    <Measure ID="29">
     <Signs/>
    </Measure>
   </LocalValue>
   <Feature ID="7900">
    <Measure ID="29" Sign="">
     <Signs/>
    </Measure>
    <Name ID="610776" langid="1" Value="International Protection (IP) code"/>
   </Feature>
  </ProductFeature>
  <ProductFeature Localized="0" ID="683627965" Local_ID="0" Value="Y" CategoryFeature_ID="926490" CategoryFeatureGroup_ID="10774" No="100098" Optional="0" Presentation_Value="Yes" Translated="1" Mandatory="0" Searchable="0">
   <LocalValue Value="Yes">
    <Measure ID="26">
     <Signs/>
    </Measure>
   </LocalValue>
   <Feature ID="41678">
    <Measure ID="26" Sign="">
     <Signs/>
    </Measure>
    <Name ID="6544585" langid="1" Value="BeamForming"/>
   </Feature>
  </ProductFeature>
  <ProductFeature Localized="0" ID="683627945" Local_ID="0" Value="Y" CategoryFeature_ID="321177" CategoryFeatureGroup_ID="10774" No="100020" Optional="0" Presentation_Value="Yes" Translated="1" Mandatory="0" Searchable="0">
   <LocalValue Value="Yes">
    <Measure ID="26">
     <Signs/>
    </Measure>
   </LocalValue>
   <Feature ID="9731">
    <Measure ID="26" Sign="">
     <Signs/>
    </Measure>
    <Name ID="811310" langid="1" Value="Accelerometer"/>
   </Feature>
  </ProductFeature>
  <ProductFeature Localized="0" ID="683627967" Local_ID="0" Value="Y" CategoryFeature_ID="685305" CategoryFeatureGroup_ID="10774" No="100016" Optional="0" Presentation_Value="Yes" Translated="1" Mandatory="0" Searchable="0">
   <LocalValue Value="Yes">
    <Measure ID="26">
     <Signs/>
    </Measure>
   </LocalValue>
   <Feature ID="42775">
    <Measure ID="26" Sign="">
     <Signs/>
    </Measure>
    <Name ID="7120337" langid="1" Value="Optical sensor"/>
   </Feature>
  </ProductFeature>
  <ProductFeature Localized="0" ID="683627946" Local_ID="0" Value="Y" CategoryFeature_ID="803900" CategoryFeatureGroup_ID="10774" No="100015" Optional="0" Presentation_Value="Yes" Translated="1" Mandatory="0" Searchable="0">
   <LocalValue Value="Yes">
    <Measure ID="26">
     <Signs/>
    </Measure>
   </LocalValue>
   <Feature ID="9831">
    <Measure ID="26" Sign="">
     <Signs/>
    </Measure>
    <Name ID="821943" langid="1" Value="Motion sensor"/>
   </Feature>
  </ProductFeature>
  <ProductFeature Localized="0" ID="683627953" Local_ID="0" Value="Apple H2" CategoryFeature_ID="321208" CategoryFeatureGroup_ID="10774" No="100005" Optional="0" Presentation_Value="Apple H2" Translated="0" Mandatory="0" Searchable="0">
   <LocalValue Value="Apple H2">
    <Measure ID="29">
     <Signs/>
    </Measure>
   </LocalValue>
   <Feature ID="25338">
    <Measure ID="29" Sign="">
     <Signs/>
    </Measure>
    <Name ID="2141576" langid="1" Value="Audio chip"/>
   </Feature>
  </ProductFeature>
  <ProductFeature Localized="0" ID="683627972" Local_ID="0" Value="Y" CategoryFeature_ID="940592" CategoryFeatureGroup_ID="10774" No="100005" Optional="0" Presentation_Value="Yes" Translated="1" Mandatory="0" Searchable="0">
   <LocalValue Value="Yes">
    <Measure ID="26">
     <Signs/>
    </Measure>
   </LocalValue>
   <Feature ID="47120">
    <Measure ID="26" Sign="">
     <Signs/>
    </Measure>
    <Name ID="8768313" langid="1" Value="Personalized Spatial Audio"/>
   </Feature>
  </ProductFeature>
  <ProductFeature Localized="0" ID="683627973" Local_ID="0" Value="Y" CategoryFeature_ID="967688" CategoryFeatureGroup_ID="10774" No="100005" Optional="0" Presentation_Value="Yes" Translated="1" Mandatory="0" Searchable="0">
   <LocalValue Value="Yes">
    <Measure ID="26">
     <Signs/>
    </Measure>
   </LocalValue>
   <Feature ID="48325">
    <Measure ID="26" Sign="">
     <Signs/>
    </Measure>
    <Name ID="9171414" langid="1" Value="Adaptive EQ"/>
   </Feature>
  </ProductFeature>
  <ProductFeature Localized="0" ID="683627964" Local_ID="0" Value="Y" CategoryFeature_ID="708870" CategoryFeatureGroup_ID="10774" No="99974" Optional="0" Presentation_Value="Yes" Translated="1" Mandatory="0" Searchable="0">
   <LocalValue Value="Yes">
    <Measure ID="26">
     <Signs/>
    </Measure>
   </LocalValue>
   <Feature ID="41622">
    <Measure ID="26" Sign="">
     <Signs/>
    </Measure>
    <Name ID="6423833" langid="1" Value="Works with Apple Siri"/>
   </Feature>
  </ProductFeature>
  <ProductFeature Localized="0" ID="683627922" Local_ID="0" Value="Wireless" CategoryFeature_ID="155712" CategoryFeatureGroup_ID="6264" No="10100298" Optional="0" Presentation_Value="Wireless" Translated="1" Mandatory="1" Searchable="1">
   <LocalValue Value="Wireless">
    <Measure ID="29">
     <Signs/>
    </Measure>
   </LocalValue>
   <Feature ID="1655">
    <Measure ID="29" Sign="">
     <Signs/>
    </Measure>
    <Name ID="5169" langid="1" Value="Connectivity technology"/>
   </Feature>
  </ProductFeature>
  <ProductFeature Localized="0" ID="683627927" Local_ID="0" Value="Y" CategoryFeature_ID="199418" CategoryFeatureGroup_ID="6264" No="100286" Optional="0" Presentation_Value="Yes" Translated="1" Mandatory="0" Searchable="0">
   <LocalValue Value="Yes">
    <Measure ID="26">
     <Signs/>
    </Measure>
   </LocalValue>
   <Feature ID="2183">
    <Measure ID="26" Sign="">
     <Signs/>
    </Measure>
    <Name ID="11148" langid="1" Value="Bluetooth"/>
   </Feature>
  </ProductFeature>
  <ProductFeature Localized="0" ID="683627917" Local_ID="0" Value="5.3" CategoryFeature_ID="43224" CategoryFeatureGroup_ID="6264" No="100285" Optional="0" Presentation_Value="5.3" Translated="0" Mandatory="0" Searchable="0">
   <LocalValue Value="5.3">
    <Measure ID="29">
     <Signs/>
    </Measure>
   </LocalValue>
   <Feature ID="1208">
    <Measure ID="29" Sign="">
     <Signs/>
    </Measure>
    <Name ID="3957" langid="1" Value="Bluetooth version"/>
   </Feature>
  </ProductFeature>
  <ProductFeature Localized="0" ID="683627929" Local_ID="0" Value="Intraaural" CategoryFeature_ID="42691" CategoryFeatureGroup_ID="5109" No="100050" Optional="0" Presentation_Value="Intraaural" Translated="1" Mandatory="1" Searchable="0">
   <LocalValue Value="Intraaural">
    <Measure ID="29">
     <Signs/>
    </Measure>
   </LocalValue>
   <Feature ID="2527">
    <Measure ID="29" Sign="">
     <Signs/>
    </Measure>
    <Name ID="12930" langid="1" Value="Ear coupling"/>
   </Feature>
  </ProductFeature>
  <ProductFeature Localized="0" ID="683627944" Local_ID="0" Value="Earbuds" CategoryFeature_ID="320959" CategoryFeatureGroup_ID="5109" No="100050" Optional="0" Presentation_Value="Earbuds" Translated="1" Mandatory="0" Searchable="0">
   <LocalValue Value="Earbuds">
    <Measure ID="29">
     <Signs/>
    </Measure>
   </LocalValue>
   <Feature ID="9714">
    <Measure ID="29" Sign="">
     <Signs/>
    </Measure>
    <Name ID="810278" langid="1" Value="Intraaural headphones type"/>
   </Feature>
  </ProductFeature>
  <ProductFeature Localized="0" ID="683627952" Local_ID="0" Value="Built-in microphone" CategoryFeature_ID="320987" CategoryFeatureGroup_ID="5110" No="10100297" Optional="0" Presentation_Value="Built-in" Translated="1" Mandatory="1" Searchable="1">
   <LocalValue Value="Built-in">
    <Measure ID="29">
     <Signs/>
    </Measure>
   </LocalValue>
   <Feature ID="15803">
    <Measure ID="29" Sign="">
     <Signs/>
    </Measure>
    <Name ID="1181148" langid="1" Value="Microphone type"/>
   </Feature>
  </ProductFeature>
  <ProductFeature Localized="0" ID="683627943" Local_ID="0" Value="Y" CategoryFeature_ID="321195" CategoryFeatureGroup_ID="6263" No="100500" Optional="0" Presentation_Value="Yes" Translated="1" Mandatory="0" Searchable="0">
   <LocalValue Value="Yes">
    <Measure ID="26">
     <Signs/>
    </Measure>
   </LocalValue>
   <Feature ID="9067">
    <Measure ID="26" Sign="">
     <Signs/>
    </Measure>
    <Name ID="759540" langid="1" Value="Battery operated"/>
   </Feature>
  </ProductFeature>
  <ProductFeature Localized="0" ID="683627916" Local_ID="0" Value="Built-in battery" CategoryFeature_ID="320974" CategoryFeatureGroup_ID="6263" No="100490" Optional="0" Presentation_Value="Built-in battery" Translated="1" Mandatory="0" Searchable="0">
   <LocalValue Value="Built-in battery">
    <Measure ID="29">
     <Signs/>
    </Measure>
   </LocalValue>
   <Feature ID="908">
    <Measure ID="29" Sign="">
     <Signs/>
    </Measure>
    <Name ID="3357" langid="1" Value="Battery type"/>
   </Feature>
  </ProductFeature>
  <ProductFeature Localized="0" ID="683627926" Local_ID="0" Value="5" CategoryFeature_ID="43233" CategoryFeatureGroup_ID="6263" No="100013" Optional="0" Presentation_Value="5 h" Translated="0" Mandatory="0" Searchable="0">
   <LocalValue Value="5">
    <Measure ID="46">
     <Signs>
      <Sign ID="30" langid="1"><![CDATA[h]]></Sign>
     </Signs>
    </Measure>
   </LocalValue>
   <Feature ID="2169">
    <Measure ID="46" Sign="">
     <Signs>
      <Sign ID="30" langid="1"><![CDATA[h]]></Sign>
     </Signs>
    </Measure>
    <Name ID="9936" langid="1" Value="Continuous audio playback time"/>
   </Feature>
  </ProductFeature>
  <ProductFeature Localized="0" ID="683627960" Local_ID="0" Value="30" CategoryFeature_ID="321205" CategoryFeatureGroup_ID="6263" No="100012" Optional="0" Presentation_Value="30 h" Translated="0" Mandatory="0" Searchable="0">
   <LocalValue Value="30">
    <Measure ID="46">
     <Signs>
      <Sign ID="30" langid="1"><![CDATA[h]]></Sign>
     </Signs>
    </Measure>
   </LocalValue>
   <Feature ID="39891">
    <Measure ID="46" Sign="">
     <Signs>
      <Sign ID="30" langid="1"><![CDATA[h]]></Sign>
     </Signs>
    </Measure>
    <Name ID="5692234" langid="1" Value="Continuous audio playback time (with charging case)"/>
   </Feature>
  </ProductFeature>
  <ProductFeature Localized="0" ID="683627961" Local_ID="0" Value="20" CategoryFeature_ID="321206" CategoryFeatureGroup_ID="6263" No="100012" Optional="0" Presentation_Value="20 h" Translated="0" Mandatory="0" Searchable="0">
   <LocalValue Value="20">
    <Measure ID="46">
     <Signs>
      <Sign ID="30" langid="1"><![CDATA[h]]></Sign>
     </Signs>
    </Measure>
   </LocalValue>
   <Feature ID="39892">
    <Measure ID="46" Sign="">
     <Signs>
      <Sign ID="30" langid="1"><![CDATA[h]]></Sign>
     </Signs>
    </Measure>
    <Name ID="5692293" langid="1" Value="Talk time (with charging case)"/>
   </Feature>
  </ProductFeature>
  <ProductFeature Localized="0" ID="683627925" Local_ID="0" Value="4.5" CategoryFeature_ID="43287" CategoryFeatureGroup_ID="6263" No="100001" Optional="0" Presentation_Value="4.5 h" Translated="0" Mandatory="0" Searchable="0">
   <LocalValue Value="4.5">
    <Measure ID="46">
     <Signs>
      <Sign ID="30" langid="1"><![CDATA[h]]></Sign>
     </Signs>
    </Measure>
   </LocalValue>
   <Feature ID="2100">
    <Measure ID="46" Sign="">
     <Signs>
      <Sign ID="30" langid="1"><![CDATA[h]]></Sign>
     </Signs>
    </Measure>
    <Name ID="9299" langid="1" Value="Talk time"/>
   </Feature>
  </ProductFeature>
  <ProductFeature Localized="0" ID="683627935" Local_ID="0" Value="Y" CategoryFeature_ID="319733" CategoryFeatureGroup_ID="6263" No="100000" Optional="0" Presentation_Value="Yes" Translated="1" Mandatory="0" Searchable="0">
   <LocalValue Value="Yes">
    <Measure ID="26">
     <Signs/>
    </Measure>
   </LocalValue>
   <Feature ID="4981">
    <Measure ID="26" Sign="">
     <Signs/>
    </Measure>
    <Name ID="61653" langid="1" Value="Fast charging"/>
   </Feature>
  </ProductFeature>
  <ProductFeature Localized="0" ID="683627930" Local_ID="0" Value="5" CategoryFeature_ID="319735" CategoryFeatureGroup_ID="6263" No="100000" Optional="0" Presentation_Value="5 min" Translated="0" Mandatory="0" Searchable="0">
   <LocalValue Value="5">
    <Measure ID="66">
     <Signs>
      <Sign ID="49" langid="1"><![CDATA[min]]></Sign>
     </Signs>
    </Measure>
   </LocalValue>
   <Feature ID="2553">
    <Measure ID="66" Sign="">
     <Signs>
      <Sign ID="49" langid="1"><![CDATA[min]]></Sign>
     </Signs>
    </Measure>
    <Name ID="13053" langid="1" Value="Fast charging time"/>
   </Feature>
  </ProductFeature>
  <ProductFeature Localized="0" ID="683627949" Local_ID="0" Value="N" CategoryFeature_ID="320391" CategoryFeatureGroup_ID="6263" No="99976" Optional="0" Presentation_Value="No" Translated="1" Mandatory="0" Searchable="0">
   <LocalValue Value="No">
    <Measure ID="26">
     <Signs/>
    </Measure>
   </LocalValue>
   <Feature ID="12148">
    <Measure ID="26" Sign="">
     <Signs/>
    </Measure>
    <Name ID="1087259" langid="1" Value="Wireless charging"/>
   </Feature>
  </ProductFeature>
  <ProductFeature Localized="0" ID="683627966" Local_ID="0" Value="BFR,Mercury (element),PVC" CategoryFeature_ID="623846" CategoryFeatureGroup_ID="72109" No="99999" Optional="0" Presentation_Value="BFR, Mercury, PVC" Translated="1" Mandatory="0" Searchable="0">
   <LocalValue Value="BFR, Mercury, PVC">
    <Measure ID="29">
     <Signs/>
    </Measure>
   </LocalValue>
   <Feature ID="42516">
    <Measure ID="29" Sign="">
     <Signs/>
    </Measure>
    <Name ID="6876321" langid="1" Value="Doesn't contain"/>
   </Feature>
  </ProductFeature>
  <ProductFeature Localized="0" ID="683627920" Local_ID="0" Value="18.3" CategoryFeature_ID="43302" CategoryFeatureGroup_ID="5112" No="100050" Optional="0" Presentation_Value="18.3 mm" Translated="0" Mandatory="0" Searchable="0">
   <LocalValue Value="18.3">
    <Measure ID="24">
     <Signs>
      <Sign ID="3" langid="1"><![CDATA[mm]]></Sign>
     </Signs>
    </Measure>
   </LocalValue>
   <Feature ID="1649">
    <Measure ID="24" Sign="">
     <Signs>
      <Sign ID="3" langid="1"><![CDATA[mm]]></Sign>
     </Signs>
    </Measure>
    <Name ID="5143" langid="1" Value="Width"/>
   </Feature>
  </ProductFeature>
  <ProductFeature Localized="0" ID="683627921" Local_ID="0" Value="18.1" CategoryFeature_ID="43235" CategoryFeatureGroup_ID="5112" No="100049" Optional="0" Presentation_Value="18.1 mm" Translated="0" Mandatory="0" Searchable="0">
   <LocalValue Value="18.1">
    <Measure ID="24">
     <Signs>
      <Sign ID="3" langid="1"><![CDATA[mm]]></Sign>
     </Signs>
    </Measure>
   </LocalValue>
   <Feature ID="1650">
    <Measure ID="24" Sign="">
     <Signs>
      <Sign ID="3" langid="1"><![CDATA[mm]]></Sign>
     </Signs>
    </Measure>
    <Name ID="5145" langid="1" Value="Depth"/>
   </Feature>
  </ProductFeature>
  <ProductFeature Localized="0" ID="683627918" Local_ID="0" Value="30.2" CategoryFeature_ID="43257" CategoryFeatureGroup_ID="5112" No="100048" Optional="0" Presentation_Value="30.2 mm" Translated="0" Mandatory="0" Searchable="0">
   <LocalValue Value="30.2">
    <Measure ID="24">
     <Signs>
      <Sign ID="3" langid="1"><![CDATA[mm]]></Sign>
     </Signs>
    </Measure>
   </LocalValue>
   <Feature ID="1464">
    <Measure ID="24" Sign="">
     <Signs>
      <Sign ID="3" langid="1"><![CDATA[mm]]></Sign>
     </Signs>
    </Measure>
    <Name ID="4625" langid="1" Value="Height"/>
   </Feature>
  </ProductFeature>
  <ProductFeature Localized="0" ID="683627956" Local_ID="0" Value="4.3" CategoryFeature_ID="321171" CategoryFeatureGroup_ID="5112" No="100016" Optional="0" Presentation_Value="4.3 g" Translated="0" Mandatory="0" Searchable="0">
   <LocalValue Value="4.3">
    <Measure ID="38">
     <Signs>
      <Sign ID="22" langid="1"><![CDATA[g]]></Sign>
     </Signs>
    </Measure>
   </LocalValue>
   <Feature ID="34155">
    <Measure ID="38" Sign="">
     <Signs>
      <Sign ID="22" langid="1"><![CDATA[g]]></Sign>
     </Signs>
    </Measure>
    <Name ID="3501935" langid="1" Value="Left earpiece weight"/>
   </Feature>
  </ProductFeature>
  <ProductFeature Localized="0" ID="683627957" Local_ID="0" Value="4.3" CategoryFeature_ID="321172" CategoryFeatureGroup_ID="5112" No="100015" Optional="0" Presentation_Value="4.3 g" Translated="0" Mandatory="0" Searchable="0">
   <LocalValue Value="4.3">
    <Measure ID="38">
     <Signs>
      <Sign ID="22" langid="1"><![CDATA[g]]></Sign>
     </Signs>
    </Measure>
   </LocalValue>
   <Feature ID="34156">
    <Measure ID="38" Sign="">
     <Signs>
      <Sign ID="22" langid="1"><![CDATA[g]]></Sign>
     </Signs>
    </Measure>
    <Name ID="3501989" langid="1" Value="Right earpiece weight"/>
   </Feature>
  </ProductFeature>
  <ProductFeature Localized="0" ID="683627958" Local_ID="0" Value="50.1 x 21.2 x 46.2" CategoryFeature_ID="321173" CategoryFeatureGroup_ID="5112" No="100014" Optional="0" Presentation_Value="50.1 x 21.2 x 46.2 mm" Translated="0" Mandatory="0" Searchable="0">
   <LocalValue Value="50.1 x 21.2 x 46.2">
    <Measure ID="24">
     <Signs>
      <Sign ID="3" langid="1"><![CDATA[mm]]></Sign>
     </Signs>
    </Measure>
   </LocalValue>
   <Feature ID="34159">
    <Measure ID="24" Sign="">
     <Signs>
      <Sign ID="3" langid="1"><![CDATA[mm]]></Sign>
     </Signs>
    </Measure>
    <Name ID="3502151" langid="1" Value="Charging case dimensions (W x D x H)"/>
   </Feature>
  </ProductFeature>
  <ProductFeature Localized="0" ID="683627948" Local_ID="0" Value="32.3" CategoryFeature_ID="321174" CategoryFeatureGroup_ID="5112" No="100013" Optional="0" Presentation_Value="32.3 g" Translated="0" Mandatory="0" Searchable="0">
   <LocalValue Value="32.3">
    <Measure ID="38">
     <Signs>
      <Sign ID="22" langid="1"><![CDATA[g]]></Sign>
     </Signs>
    </Measure>
   </LocalValue>
   <Feature ID="11835">
    <Measure ID="38" Sign="">
     <Signs>
      <Sign ID="22" langid="1"><![CDATA[g]]></Sign>
     </Signs>
    </Measure>
    <Name ID="1080394" langid="1" Value="Charging case weight"/>
   </Feature>
  </ProductFeature>
  <ProductFeature Localized="0" ID="835227893" Local_ID="0" Value="N" CategoryFeature_ID="255783" CategoryFeatureGroup_ID="12861" No="100015" Optional="0" Presentation_Value="No" Translated="1" Mandatory="1" Searchable="0">
   <LocalValue Value="No">
    <Measure ID="26">
     <Signs/>
    </Measure>
   </LocalValue>
   <Feature ID="1230">
    <Measure ID="26" Sign="">
     <Signs/>
    </Measure>
    <Name ID="4001" langid="1" Value="AC adapter included"/>
   </Feature>
  </ProductFeature>
  <ProductFeature Localized="0" ID="683627959" Local_ID="0" Value="Y" CategoryFeature_ID="321104" CategoryFeatureGroup_ID="12861" No="100281" Optional="0" Presentation_Value="Yes" Translated="1" Mandatory="0" Searchable="0">
   <LocalValue Value="Yes">
    <Measure ID="26">
     <Signs/>
    </Measure>
   </LocalValue>
   <Feature ID="34161">
    <Measure ID="26" Sign="">
     <Signs/>
    </Measure>
    <Name ID="3502259" langid="1" Value="Charging case"/>
   </Feature>
  </ProductFeature>
  <ProductFeature Localized="0" ID="683627962" Local_ID="0" Value="Wired" CategoryFeature_ID="321207" CategoryFeatureGroup_ID="12861" No="100281" Optional="0" Presentation_Value="Wired" Translated="1" Mandatory="0" Searchable="0">
   <LocalValue Value="Wired">
    <Measure ID="29">
     <Signs/>
    </Measure>
   </LocalValue>
   <Feature ID="39893">
    <Measure ID="29" Sign="">
     <Signs/>
    </Measure>
    <Name ID="5692352" langid="1" Value="Charging case type"/>
   </Feature>
  </ProductFeature>
  <ProductFeature Localized="0" ID="683627963" Local_ID="0" Value="USB Type-C" CategoryFeature_ID="321209" CategoryFeatureGroup_ID="12861" No="100281" Optional="0" Presentation_Value="USB Type-C" Translated="1" Mandatory="0" Searchable="0">
   <LocalValue Value="USB Type-C">
    <Measure ID="29">
     <Signs/>
    </Measure>
   </LocalValue>
   <Feature ID="39894">
    <Measure ID="29" Sign="">
     <Signs/>
    </Measure>
    <Name ID="5692411" langid="1" Value="Charging case connector type"/>
   </Feature>
  </ProductFeature>
  <ProductFeature Localized="0" ID="683627934" Local_ID="0" Value="Y" CategoryFeature_ID="48597" CategoryFeatureGroup_ID="12861" No="100012" Optional="0" Presentation_Value="Yes" Translated="1" Mandatory="0" Searchable="0">
   <LocalValue Value="Yes">
    <Measure ID="26">
     <Signs/>
    </Measure>
   </LocalValue>
   <Feature ID="3981">
    <Measure ID="26" Sign="">
     <Signs/>
    </Measure>
    <Name ID="56096" langid="1" Value="Quick start guide"/>
   </Feature>
  </ProductFeature>
  <ProductFeature Localized="0" ID="683627923" Local_ID="0" Value="1" CategoryFeature_ID="82142" CategoryFeatureGroup_ID="12861" No="99995" Optional="0" Presentation_Value="1" Translated="0" Mandatory="0" Searchable="0">
   <LocalValue Value="1">
    <Measure ID="29">
     <Signs/>
    </Measure>
   </LocalValue>
   <Feature ID="1675">
    <Measure ID="29" Sign="">
     <Signs/>
    </Measure>
    <Name ID="5223" langid="1" Value="Quantity"/>
   </Feature>
  </ProductFeature>
  <ProductFeature Localized="0" ID="835250742" Local_ID="0" Value="Y" CategoryFeature_ID="974955" CategoryFeatureGroup_ID="12862" No="100000" Optional="0" Presentation_Value="Yes" Translated="1" Mandatory="1" Searchable="0">
   <LocalValue Value="Yes">
    <Measure ID="26">
     <Signs/>
    </Measure>
   </LocalValue>
   <Feature ID="48505">
    <Measure ID="26" Sign="">
     <Signs/>
    </Measure>
    <Name ID="9200571" langid="1" Value="USB Type-C charging port"/>
   </Feature>
  </ProductFeature>
  <ProductGallery>
   <ProductPicture IsMain="Y" LowPic="https://inishop.com/img/gallery_lows/1a965333a832f3a7a0dd211fc5986b4e2e81771d.jpg" LowPicHeight="187" LowPicWidth="200" LowSize="11740" No="1" Original="https://inishop.com/img/gallery_raw/52d521554653e15c71d73887d4d6d15af5c910dc.jpeg" OriginalSize="255653" Pic="https://inishop.com/img/gallery/cac6c58e446bb45ee78b5a622f60db96c9428d8b.jpg" Pic500x500="https://inishop.com/img/gallery_mediums/65a947873a37f8cbdf3ab43c651acc057c904358.jpg" Pic500x500Height="468" Pic500x500Size="46542" Pic500x500Width="500" PicHeight="2846" PicWidth="3041" ProductPicture_ID="95490860" Size="895274" ThumbPic="https://inishop.com/img/gallery_thumbs/6d1d6b82e127aff3891a308be779dcb272715ba0.jpg" ThumbSize="3434" Type="ProductImage" UpdatedDate="2025-04-25 10:31:57"/>
   <ProductPicture LowPic="https://inishop.com/img/gallery_lows/a920598e2d8e6153a7b534db8ff5732ce8ca7424.jpg" LowPicHeight="200" LowPicWidth="193" LowSize="11589" No="2" Original="https://inishop.com/img/gallery_raw/fda35e091abb40d0ec4dce2dca0acc1e72b46e65.jpeg" OriginalSize="188001" Pic="https://inishop.com/img/gallery/1b58e3a5084ff4d68f1d73f7868b091f3114cdde.jpg" Pic500x500="https://inishop.com/img/gallery_mediums/8fc0e018b90ac9a3e8c92096124f520f091535a8.jpg" Pic500x500Height="500" Pic500x500Size="43870" Pic500x500Width="483" PicHeight="2778" PicWidth="2681" ProductPicture_ID="95490861" Size="655807" ThumbPic="https://inishop.com/img/gallery_thumbs/7ab1be091845d4367b64d7fc082e2b33f9237457.jpg" ThumbSize="3214" Type="ProductImage" UpdatedDate="2025-04-25 10:32:03"/>
   <ProductPicture LowPic="" LowPicHeight="0" LowPicWidth="0" LowSize="0" No="999" Original="" OriginalSize="0" Pic="https://inishop.com/img/feature_logo/1242-3899.png" Pic500x500="" Pic500x500Height="0" Pic500x500Size="0" Pic500x500Width="0" PicHeight="0" PicWidth="0" ProductPicture_ID="4307268537" Size="0" ThumbPic="https://inishop.com/img/feature_logo_thumbs/1242-3899.png" ThumbSize="0" Type="FeatureLogo" UpdatedDate="" langid="1"/>
  </ProductGallery>
  <ProductMultimediaObject/>
  <ProductRelated/>
  <SummaryDescription>
   <ShortSummaryDescription langid="1">Apple AirPods (4th generation) AirPods 4, Wireless, Calls/Music/Sport/Everyday, Headset, White</ShortSummaryDescription>
   <LongSummaryDescription langid="1">Apple AirPods (4th generation) AirPods 4. Product type: Headset. Connectivity technology: Wireless, Bluetooth. Recommended usage: Calls/Music/Sport/Everyday, Product colour: White</LongSummaryDescription>
  </SummaryDescription>
  <Supplier ID="9" Name="Apple"/>
  <CatalogObjectCloud/>
  <BrandOrganizations/>
 </Product>
</ICECAT-interface>
