<?xml version="1.0" encoding="UTF-8"?>
<!DOCTYPE ICECAT-interface SYSTEM "https://data.icecat.biz/dtd/ICECAT-interface_response.dtd">
<!--source: Icecat.biz 2025-->
<!--Language ID: 1-->
<!--Version: v2-->
<ICECAT-interface xmlns:xsi="http://www.w3.org/2001/XMLSchema-instance" xsi:noNamespaceSchemaLocation="https://data.icecat.biz/xsd/ICECAT-interface_response.xsd">
 <Product Code="1" HighPic="https://inishop.com/img/gallery/97428647_4190390384.jpg" HighPicHeight="4000" HighPicSize="1905287" HighPicWidth="4000" ID="129129764" LowPic="https://inishop.com/img/gallery_lows/97428647_4190390384.jpg" LowPicHeight="200" LowPicSize="26982" LowPicWidth="200" Name="Studio Display" IntName="Studio Display" LocalName="" Pic500x500="https://inishop.com/img/gallery_mediums/97428647_4190390384.jpg" Pic500x500Height="500" Pic500x500Size="90402" Pic500x500Width="500" Prod_id="MYJF3KS/A" Quality="ICECAT" ReleaseDate="" ThumbPic="https://inishop.com/img/gallery_thumbs/97428647_4190390384.jpg" ThumbPicSize="6857" Title="Apple Studio Display computer monitor 68.6 cm (27&quot;) 5120 x 2880 pixels 5K Ultra HD Silver" GeneratedIntTitle="Apple Studio Display computer monitor" GeneratedLocalTitle="Apple Studio Display computer monitor 68.6 cm (27&quot;) 5120 x 2880 pixels 5K Ultra HD Silver" BrandLocalTitle="">
  <CategoryFeatureGroup ID="32003" No="-10">
   <FeatureGroup ID="0">
    <Name ID="5073" langid="1" Value="Technical details"/>
   </FeatureGroup>
  </CategoryFeatureGroup>
  <CategoryFeatureGroup ID="100" No="50">
   <FeatureGroup ID="5">
    <Name ID="4867" langid="1" Value="Display"/>
   </FeatureGroup>
  </CategoryFeatureGroup>
  <CategoryFeatureGroup ID="1742" No="30">
   <FeatureGroup ID="12">
    <Name ID="4995" langid="1" Value="Ports &amp; interfaces"/>
   </FeatureGroup>
  </CategoryFeatureGroup>
  <CategoryFeatureGroup ID="98" No="21">
   <FeatureGroup ID="14">
    <Name ID="5023" langid="1" Value="Weight &amp; dimensions"/>
   </FeatureGroup>
  </CategoryFeatureGroup>
  <CategoryFeatureGroup ID="99" No="24">
   <FeatureGroup ID="27">
    <Name ID="5049" langid="1" Value="Power"/>
   </FeatureGroup>
  </CategoryFeatureGroup>
  <CategoryFeatureGroup ID="1205" No="23">
   <FeatureGroup ID="28">
    <Name ID="5067" langid="1" Value="Operational conditions"/>
   </FeatureGroup>
  </CategoryFeatureGroup>
  <CategoryFeatureGroup ID="65611" No="26">
   <FeatureGroup ID="35">
    <Name ID="5167" langid="1" Value="Network"/>
   </FeatureGroup>
  </CategoryFeatureGroup>
  <CategoryFeatureGroup ID="23760" No="20">
   <FeatureGroup ID="67">
    <Name ID="27423" langid="1" Value="Packaging data"/>
   </FeatureGroup>
  </CategoryFeatureGroup>
  <CategoryFeatureGroup ID="41676" No="-2">
   <FeatureGroup ID="76">
    <Name ID="28540" langid="1" Value="Certificates"/>
   </FeatureGroup>
  </CategoryFeatureGroup>
  <CategoryFeatureGroup ID="3070" No="25">
   <FeatureGroup ID="96">
    <Name ID="31318" langid="1" Value="Ergonomics"/>
   </FeatureGroup>
  </CategoryFeatureGroup>
  <CategoryFeatureGroup ID="3289" No="-6">
   <FeatureGroup ID="100">
    <Name ID="33550" langid="1" Value="Thin Client"/>
   </FeatureGroup>
  </CategoryFeatureGroup>
  <CategoryFeatureGroup ID="49260" No="19">
   <FeatureGroup ID="116">
    <Name ID="78852" langid="1" Value="Packaging content"/>
   </FeatureGroup>
  </CategoryFeatureGroup>
  <CategoryFeatureGroup ID="53731" No="-7">
   <FeatureGroup ID="143">
    <Name ID="618812" langid="1" Value="Battery"/>
   </FeatureGroup>
  </CategoryFeatureGroup>
  <CategoryFeatureGroup ID="26493" No="-5">
   <FeatureGroup ID="144">
    <Name ID="619994" langid="1" Value="Brand-specific features"/>
   </FeatureGroup>
  </CategoryFeatureGroup>
  <CategoryFeatureGroup ID="8454" No="-2">
   <FeatureGroup ID="146">
    <Name ID="624346" langid="1" Value="Other features"/>
   </FeatureGroup>
  </CategoryFeatureGroup>
  <CategoryFeatureGroup ID="10677" No="35">
   <FeatureGroup ID="148">
    <Name ID="630457" langid="1" Value="Design"/>
   </FeatureGroup>
  </CategoryFeatureGroup>
  <CategoryFeatureGroup ID="10681" No="45">
   <FeatureGroup ID="184">
    <Name ID="1218765" langid="1" Value="Performance"/>
   </FeatureGroup>
  </CategoryFeatureGroup>
  <CategoryFeatureGroup ID="33683" No="-1">
   <FeatureGroup ID="185">
    <Name ID="1219853" langid="1" Value="Features"/>
   </FeatureGroup>
  </CategoryFeatureGroup>
  <CategoryFeatureGroup ID="10887" No="40">
   <FeatureGroup ID="186">
    <Name ID="1222838" langid="1" Value="Multimedia"/>
   </FeatureGroup>
  </CategoryFeatureGroup>
  <CategoryFeatureGroup ID="27535" No="-40">
   <FeatureGroup ID="198">
    <Name ID="1788927" langid="1" Value="Logistics data"/>
   </FeatureGroup>
  </CategoryFeatureGroup>
  <CategoryFeatureGroup ID="60227" No="-4">
   <FeatureGroup ID="232">
    <Name ID="3464238" langid="1" Value="Supplier features"/>
   </FeatureGroup>
  </CategoryFeatureGroup>
  <CategoryFeatureGroup ID="27531" No="-3">
   <FeatureGroup ID="247">
    <Name ID="4089916" langid="1" Value="Recycling data"/>
   </FeatureGroup>
  </CategoryFeatureGroup>
  <CategoryFeatureGroup ID="72250" No="5">
   <FeatureGroup ID="279">
    <Name ID="7392238" langid="1" Value="Sustainability"/>
   </FeatureGroup>
  </CategoryFeatureGroup>
  <CategoryFeatureGroup ID="77987" No="4">
   <FeatureGroup ID="305">
    <Name ID="8837290" langid="1" Value="Carbon footprint"/>
   </FeatureGroup>
  </CategoryFeatureGroup>
  <Category ID="222">
   <Name ID="3727458" langid="1" Value="Computer Monitors"/>
  </Category>
  <EANCode EAN="0195949764363" Format="GTIN-13" IsApproved="1"/>
  <EANCode EAN="195949764363" Format="GTIN-12" IsApproved="1"/>
  <FeatureLogo ID="4" Feature_ID="42513" Value="ENERGY STAR" LogoPic="https://inishop.com/img/feature_logo/4-8210.png" Width="195" Height="200" Size="0">
   <Descriptions>
    <Description ID="3" langid="1">ENERGY STAR® is the government-backed symbol for energy efficiency, providing simple, credible, and unbiased information that consumers and businesses rely on to make well-informed decisions. ENERGY STAR is the simple choice for energy efficiency, making it easy for consumers and businesses to purchase products that save them money and protect the environment.</Description>
   </Descriptions>
   <FeatureLogoFeatures>
    <FeatureLogoFeature ID="42513">
     <FeatureLogoValues>
      <FeatureLogoValue ID="2389">ENERGY STAR</FeatureLogoValue>
     </FeatureLogoValues>
    </FeatureLogoFeature>
   </FeatureLogoFeatures>
  </FeatureLogo>
  <FeatureLogo ID="979" Feature_ID="42856" Value="E" LogoPic="https://inishop.com/img/feature_logo/979-9412.png" Width="300" Height="165" Size="0">
   <Descriptions>
    <Description ID="3716" langid="1">E means that the product is rated in its category in terms of energy efficiency. The Energy Labeling system is based on EU Regulation 2017/1369/EU.</Description>
   </Descriptions>
   <FeatureLogoFeatures>
    <FeatureLogoFeature ID="42856">
     <FeatureLogoValues>
      <FeatureLogoValue ID="3202">E</FeatureLogoValue>
     </FeatureLogoValues>
    </FeatureLogoFeature>
   </FeatureLogoFeatures>
  </FeatureLogo>
  <ReleaseDate/>
  <EndOfLifeDate/>
  <ReasonsToBuy>
   <ReasonToBuy ID="83598928" Value="Easy on the eyes. For a more natural viewing experience, Studio Display uses an ambient light sensor to automatically adjust the color temperature of your display to your environment." HighPic="https://inishop.com/img/bullets/129129764-67c98d76ec783420012437.jpg" HighPicSize="0" No="1" Title="True Tone" langid="1" origin="RTB" IsRich="0"/>
   <ReasonToBuy ID="83598929" Value="Minimal glare for maximum focus. Studio Display comes standard with an industry‑leading anti‑reflective coating designed to reduce glare for better comfort and readability. So every word and pixel comes through vividly, with extremely low reflectivity." HighPic="https://inishop.com/img/bullets/129129764-67c98d76ecd1b241859487.jpg" HighPicSize="0" No="2" Title="Anti‑reflective coating" langid="1" origin="RTB" IsRich="0"/>
   <ReasonToBuy ID="83598930" Value="Even less glare, anywhere. Studio Display is also available with an innovative nano‑texture option, which is ideal for spaces with bright light sources, like a lot of sunlight. It scatters light to further minimize glare — for outstanding image quality even in challenging lighting conditions." HighPic="https://inishop.com/img/bullets/129129764-67c98d76ed12c045294898.jpg" HighPicSize="0" No="3" Title="Nano-texture glass" langid="1" origin="RTB" IsRich="0"/>
   <ReasonToBuy ID="83598931" Value="12MP Ultra Wide camera with Center Stage. Studio Display includes a highly advanced camera with a 12MP sensor and a 122‑degree field of view. And thanks to Apple silicon, it features Center Stage, which comes to Mac for the first time. Center Stage keeps you centered in the frame as you move around, making video calls more engaging. When others join or leave the call, the view expands or zooms in. It also works beautifully with your go‑to video conferencing apps." HighPic="https://inishop.com/img/bullets/129129764-67c98d76ed3dc724257512.jpg" HighPicSize="0" No="4" Title="Sensational camera and audio. Now we’re talking." langid="1" origin="RTB" IsRich="0"/>
   <ReasonToBuy ID="83598932" Value="The A13 Bionic chip enables innovative Studio Display features like Center Stage, Spatial Audio, and “Hey Siri.”" HighPic="https://inishop.com/img/bullets/129129764-67c9671a4d122270218012.jpg" HighPicSize="0" No="5" Title="Powered by Apple silicon." langid="1" origin="RTB" IsRich="0"/>
   <ReasonToBuy ID="83598933" Value="The studio-quality three-mic array helps you come through loud and clear on video calls and voice recordings. And with directional beamforming, everyone hears you — not what’s going on around you." HighPic="https://inishop.com/img/bullets/129129764-67c98d76eda2f411603615.jpg" HighPicSize="0" No="6" Title="So they hear you. And only you." langid="1" origin="RTB" IsRich="0"/>
   <ReasonToBuy ID="83598934" Value="Four force-cancelling woofers produce bold, articulate bass and minimize distortion. And two high-performance tweeters deliver accurate mids and crisp highs. Altogether, this is the highest‑fidelity speaker system ever created for Mac." HighPic="https://inishop.com/img/bullets/129129764-67c98d76edd5f389193857.jpg" HighPicSize="0" No="7" Title="Six speakers. Cinematic sound." langid="1" origin="RTB" IsRich="0"/>
   <ReasonToBuy ID="83598935" Value="Spatial Audio immerses you in sound. It’s like having your own personal movie theater or concert hall. When you’re playing music or video with Dolby Atmos, the A13 Bionic chip works with all six speakers to create a sophisticated, cinematic soundstage." HighPic="https://inishop.com/img/bullets/129129764-67c98d76ee1cf674446017.jpg" HighPicSize="0" No="8" Title="Hear. There. And everywhere." langid="1" origin="RTB" IsRich="0"/>
   <ReasonToBuy ID="83598936" Value="Three USB-C ports let you connect, power, and charge devices — from networking and external drives to your keyboard, mouse, or iPhone. The Thunderbolt port connects Studio Display to your Mac with a single cable. That same port can charge compatible Mac notebooks — and even fast‑charge a 14‑inch MacBook Pro." HighPic="https://inishop.com/img/bullets/129129764-67c98d76ee59a224476856.jpg" HighPicSize="0" No="9" Title="Take charge of your studio." langid="1" origin="RTB" IsRich="0"/>
   <ReasonToBuy ID="83598937" Value="Pairs with your Mac.&lt;br&gt;Studio Display is the ultimate partner for the stunningly compact and astonishingly powerful Mac Studio. And it pairs perfectly with Mac notebooks and desktops — from MacBook Pro and MacBook Air to Mac Pro and Mac mini." HighPic="https://inishop.com/img/bullets/129129764-67c98d76ee8ca607415158.jpg" HighPicSize="0" No="10" Title="Mac Studio and Studio Display. Dream team." langid="1" origin="RTB" IsRich="0"/>
   <ReasonToBuy ID="83598938" Value="Studio Display comes with a choice of two stands or a mount adapter, so you can find the right angle for your needs.&lt;br&gt;&lt;br&gt;Tilt-adjustable stand.&lt;br&gt;The built‑in stand provides 30 degrees of smooth, effortless tilt.&lt;br&gt;&lt;br&gt;Tilt‑ and height‑adjustable stand option.&lt;br&gt;A counterbalancing arm allows for 30 degrees of tilt as well as 105 mm of height adjustment — and makes the display feel weightless as you adjust it.&lt;br&gt;&lt;br&gt;VESA mount adapter option.&lt;br&gt;For custom setups, the VESA mount adapter supports landscape and portrait orientation. And it’s compatible with any 100 by 100 mm VESA wall mount, desk mount, stand, or articulating arm." HighPic="https://inishop.com/img/bullets/129129764-67c98d76eebe2319585251.jpg" HighPicSize="0" No="11" Title="Stands. And delivers." langid="1" origin="RTB" IsRich="0"/>
   <ReasonToBuy ID="83598939" Value="Magic accessories are wireless, rechargeable, precise, comfortable — and now come in a silver-and-black option to complement the design of Studio Display and complete your studio setup." HighPic="https://inishop.com/img/bullets/129129764-67c98d76ef143590516469.jpg" HighPicSize="0" No="12" Title="Work your magic." langid="1" origin="RTB" IsRich="0"/>
   <ReasonToBuy ID="83598940" Value="Our hardware and software are designed together. That integration is what enables amazing features like Center Stage, Spatial Audio, and “Hey Siri.” For pro workflows, macOS supports reference modes and fine-tune calibration so you can match industry standards — whether it’s HD and SD video or broader uses such as photography, web development, design, and print." HighPic="https://inishop.com/img/bullets/129129764-67c98d76ef3c4112668970.jpg" HighPicSize="0" No="13" Title="Made for macOS." langid="1" origin="RTB" IsRich="0"/>
   <ReasonToBuy ID="83598941" Value="Open this page using Safari on your iPhone or iPad." HighPic="https://inishop.com/img/bullets/129129764-67c98d76ef85d652255757.jpg" HighPicSize="0" No="14" Title="Use AR to see Studio Display in your workspace." langid="1" origin="RTB" IsRich="0"/>
   <ReasonToBuy ID="83598942" Value="Studio Display was engineered to minimize its environmental impact, from how it’s designed and built to how it’s packaged — and even how it’s used. It uses 100 percent recycled rare earth elements in all magnets. The stand is made with 100 percent recycled aluminum. And all virgin wood fiber in its packaging comes from responsibly managed forests. Studio Display is also ENERGY STAR® certified* and free of numerous harmful substances." HighPic="https://inishop.com/img/bullets/129129764-67c98d76efe42785058208.jpg" HighPicSize="0" No="15" Title="Designed with the planet in mind." langid="1" origin="RTB" IsRich="0"/>
  </ReasonsToBuy>
  <BulletPoints>
   <BulletPoint Value="27-inch 5K Retina display" langid="1" No="1"/>
   <BulletPoint Value="12MP Ultra Wide camera with Center Stage" langid="1" No="2"/>
   <BulletPoint Value="Three mics and six speakers with Spatial Audio" langid="1" No="3"/>
   <BulletPoint Value="14.7 million pixels" langid="1" No="4"/>
   <BulletPoint Value="600 nits of brightness" langid="1" No="5"/>
   <BulletPoint Value="1 billion colors" langid="1" No="6"/>
   <BulletPoint Value="P3 wide color" langid="1" No="7"/>
  </BulletPoints>
  <GeneratedBulletPoints>
   <GeneratedBulletPoint Value="68.6 cm (27&quot;)" langid="1" No="1"/>
   <GeneratedBulletPoint Value="5K Ultra HD 5120 x 2880 pixels 16:9" langid="1" No="2"/>
   <GeneratedBulletPoint Value="60 Hz 600 cd/m²" langid="1" No="3"/>
   <GeneratedBulletPoint Value="E 21 kWh" langid="1" No="4"/>
  </GeneratedBulletPoints>
  <ProductBundled/>
  <ProductDescription ID="98971633" LongDesc="&lt;b&gt;See what you can do.&lt;/b&gt;&lt;br&gt;A big, beautiful window into new worlds, Studio Display draws you in from the moment you turn it on. It has a slim, all-screen design. And it’s packed with a phenomenal set of features so everything you do springs to life with gorgeous color and spectacular detail." ManualPDFSize="0" ManualPDFURL="" MiddleDesc="" PDFSize="0" PDFURL="" ShortDesc="27&quot;, 5120 x 2880, 5K Retina display, 600 nits, 12MP Ultra Wide, 1x Thunderbolt 3, 3x USB-C, Standard Glass, Tilt/Height Adjustable Stand" URL="https://www.apple.com/studio-display/" WarrantyInfo="" langid="1"/>
  <ProductFeature Localized="0" ID="750954398" Local_ID="0" Value="27" CategoryFeature_ID="11608" CategoryFeatureGroup_ID="100" No="10101000" Optional="0" Presentation_Value="68.6 cm (27&quot;)" Translated="0" Mandatory="1" Searchable="1">
   <LocalValue Value="68.6">
    <Measure ID="34">
     <Signs>
      <Sign ID="18" langid="1"><![CDATA[cm]]></Sign>
     </Signs>
    </Measure>
   </LocalValue>
   <Feature ID="944">
    <Measure ID="16" Sign="">
     <Signs>
      <Sign ID="11" langid="1"><![CDATA["]]></Sign>
     </Signs>
    </Measure>
    <Name ID="3429" langid="1" Value="Display diagonal"/>
   </Feature>
  </ProductFeature>
  <ProductFeature Localized="0" ID="750954402" Local_ID="0" Value="5120 x 2880" CategoryFeature_ID="9316" CategoryFeatureGroup_ID="100" No="10100990" Optional="0" Presentation_Value="5120 x 2880 pixels" Translated="0" Mandatory="1" Searchable="1">
   <LocalValue Value="5120 x 2880">
    <Measure ID="39">
     <Signs>
      <Sign ID="23" langid="1"><![CDATA[pixels]]></Sign>
     </Signs>
    </Measure>
   </LocalValue>
   <Feature ID="1585">
    <Measure ID="39" Sign="">
     <Signs>
      <Sign ID="23" langid="1"><![CDATA[pixels]]></Sign>
     </Signs>
    </Measure>
    <Name ID="4927" langid="1" Value="Display resolution"/>
   </Feature>
  </ProductFeature>
  <ProductFeature Localized="0" ID="750954424" Local_ID="0" Value="16:9" CategoryFeature_ID="155124" CategoryFeatureGroup_ID="100" No="10100970" Optional="0" Presentation_Value="16:9" Translated="0" Mandatory="1" Searchable="1">
   <LocalValue Value="16:9">
    <Measure ID="29">
     <Signs/>
    </Measure>
   </LocalValue>
   <Feature ID="11417">
    <Measure ID="29" Sign="">
     <Signs/>
    </Measure>
    <Name ID="1045266" langid="1" Value="Native aspect ratio"/>
   </Feature>
  </ProductFeature>
  <ProductFeature Localized="0" ID="750954414" Local_ID="0" Value="N" CategoryFeature_ID="243713" CategoryFeatureGroup_ID="100" No="10100930" Optional="0" Presentation_Value="No" Translated="1" Mandatory="1" Searchable="1">
   <LocalValue Value="No">
    <Measure ID="26">
     <Signs/>
    </Measure>
   </LocalValue>
   <Feature ID="4963">
    <Measure ID="26" Sign="">
     <Signs/>
    </Measure>
    <Name ID="61603" langid="1" Value="Touchscreen"/>
   </Feature>
  </ProductFeature>
  <ProductFeature Localized="0" ID="750954425" Local_ID="0" Value="5K Ultra HD" CategoryFeature_ID="74099" CategoryFeatureGroup_ID="100" No="100980" Optional="0" Presentation_Value="5K Ultra HD" Translated="1" Mandatory="1" Searchable="0">
   <LocalValue Value="5K Ultra HD">
    <Measure ID="29">
     <Signs/>
    </Measure>
   </LocalValue>
   <Feature ID="11424">
    <Measure ID="29" Sign="">
     <Signs/>
    </Measure>
    <Name ID="1045472" langid="1" Value="HD type"/>
   </Feature>
  </ProductFeature>
  <ProductFeature Localized="0" ID="750954429" Local_ID="0" Value="Flat screen" CategoryFeature_ID="133269" CategoryFeatureGroup_ID="100" No="100840" Optional="0" Presentation_Value="Flat" Translated="1" Mandatory="1" Searchable="0">
   <LocalValue Value="Flat">
    <Measure ID="29">
     <Signs/>
    </Measure>
   </LocalValue>
   <Feature ID="17554">
    <Measure ID="29" Sign="">
     <Signs/>
    </Measure>
    <Name ID="1247341" langid="1" Value="Screen shape"/>
   </Feature>
  </ProductFeature>
  <ProductFeature Localized="0" ID="750954416" Local_ID="0" Value="60" CategoryFeature_ID="183826" CategoryFeatureGroup_ID="100" No="100760" Optional="0" Presentation_Value="60 Hz" Translated="0" Mandatory="1" Searchable="0">
   <LocalValue Value="60">
    <Measure ID="36">
     <Signs>
      <Sign ID="20" langid="1"><![CDATA[Hz]]></Sign>
     </Signs>
    </Measure>
   </LocalValue>
   <Feature ID="7450">
    <Measure ID="36" Sign="">
     <Signs>
      <Sign ID="20" langid="1"><![CDATA[Hz]]></Sign>
     </Signs>
    </Measure>
    <Name ID="559818" langid="1" Value="Maximum refresh rate"/>
   </Feature>
  </ProductFeature>
  <ProductFeature Localized="0" ID="750954435" Local_ID="0" Value="1 billion colours" CategoryFeature_ID="154116" CategoryFeatureGroup_ID="100" No="100730" Optional="0" Presentation_Value="1 billion colours" Translated="1" Mandatory="1" Searchable="0">
   <LocalValue Value="1 billion colours">
    <Measure ID="29">
     <Signs/>
    </Measure>
   </LocalValue>
   <Feature ID="24847">
    <Measure ID="29" Sign="">
     <Signs/>
    </Measure>
    <Name ID="2065760" langid="1" Value="Display number of colours"/>
   </Feature>
  </ProductFeature>
  <ProductFeature Localized="0" ID="750954437" Local_ID="0" Value="600" CategoryFeature_ID="255214" CategoryFeatureGroup_ID="100" No="100880" Optional="0" Presentation_Value="600 cd/m²" Translated="0" Mandatory="0" Searchable="0">
   <LocalValue Value="600">
    <Measure ID="43">
     <Signs>
      <Sign ID="27" langid="1"><![CDATA[cd/m²]]></Sign>
     </Signs>
    </Measure>
   </LocalValue>
   <Feature ID="36441">
    <Measure ID="43" Sign="">
     <Signs>
      <Sign ID="27" langid="1"><![CDATA[cd/m²]]></Sign>
     </Signs>
    </Measure>
    <Name ID="4223041" langid="1" Value="Display brightness (typical)"/>
   </Feature>
  </ProductFeature>
  <ProductFeature Localized="0" ID="750954411" Local_ID="0" Value="68.3" CategoryFeature_ID="683430" CategoryFeatureGroup_ID="100" No="100600" Optional="0" Presentation_Value="68.3 cm" Translated="0" Mandatory="0" Searchable="0">
   <LocalValue Value="68.3">
    <Measure ID="34">
     <Signs>
      <Sign ID="18" langid="1"><![CDATA[cm]]></Sign>
     </Signs>
    </Measure>
   </LocalValue>
   <Feature ID="4174">
    <Measure ID="34" Sign="">
     <Signs>
      <Sign ID="18" langid="1"><![CDATA[cm]]></Sign>
     </Signs>
    </Measure>
    <Name ID="59092" langid="1" Value="Display diagonal (metric)"/>
   </Feature>
  </ProductFeature>
  <ProductFeature Localized="0" ID="750954431" Local_ID="0" Value="N" CategoryFeature_ID="123176" CategoryFeatureGroup_ID="10681" No="10101000" Optional="0" Presentation_Value="No" Translated="1" Mandatory="1" Searchable="1">
   <LocalValue Value="No">
    <Measure ID="26">
     <Signs/>
    </Measure>
   </LocalValue>
   <Feature ID="20783">
    <Measure ID="26" Sign="">
     <Signs/>
    </Measure>
    <Name ID="1639663" langid="1" Value="NVIDIA G-SYNC"/>
   </Feature>
  </ProductFeature>
  <ProductFeature Localized="0" ID="750954436" Local_ID="0" Value="N" CategoryFeature_ID="193707" CategoryFeatureGroup_ID="10681" No="10100980" Optional="0" Presentation_Value="No" Translated="1" Mandatory="1" Searchable="1">
   <LocalValue Value="No">
    <Measure ID="26">
     <Signs/>
    </Measure>
   </LocalValue>
   <Feature ID="29607">
    <Measure ID="26" Sign="">
     <Signs/>
    </Measure>
    <Name ID="2766663" langid="1" Value="AMD FreeSync"/>
   </Feature>
  </ProductFeature>
  <ProductFeature Localized="0" ID="750954408" Local_ID="0" Value="Y" CategoryFeature_ID="31341" CategoryFeatureGroup_ID="10887" No="10100700" Optional="0" Presentation_Value="Yes" Translated="1" Mandatory="1" Searchable="1">
   <LocalValue Value="Yes">
    <Measure ID="26">
     <Signs/>
    </Measure>
   </LocalValue>
   <Feature ID="2433">
    <Measure ID="26" Sign="">
     <Signs/>
    </Measure>
    <Name ID="12525" langid="1" Value="Built-in speaker(s)"/>
   </Feature>
  </ProductFeature>
  <ProductFeature Localized="0" ID="750954417" Local_ID="0" Value="Y" CategoryFeature_ID="67278" CategoryFeatureGroup_ID="10887" No="10100590" Optional="0" Presentation_Value="Yes" Translated="1" Mandatory="1" Searchable="1">
   <LocalValue Value="Yes">
    <Measure ID="26">
     <Signs/>
    </Measure>
   </LocalValue>
   <Feature ID="8074">
    <Measure ID="26" Sign="">
     <Signs/>
    </Measure>
    <Name ID="623118" langid="1" Value="Built-in camera"/>
   </Feature>
  </ProductFeature>
  <ProductFeature Localized="0" ID="750954422" Local_ID="0" Value="6" CategoryFeature_ID="207681" CategoryFeatureGroup_ID="10887" No="10100680" Optional="0" Presentation_Value="6" Translated="0" Mandatory="0" Searchable="0">
   <LocalValue Value="6">
    <Measure ID="29">
     <Signs/>
    </Measure>
   </LocalValue>
   <Feature ID="10183">
    <Measure ID="29" Sign="">
     <Signs/>
    </Measure>
    <Name ID="879403" langid="1" Value="Number of speakers"/>
   </Feature>
  </ProductFeature>
  <ProductFeature Localized="0" ID="750954393" Local_ID="0" Value="12" CategoryFeature_ID="31470" CategoryFeatureGroup_ID="10887" No="100660" Optional="0" Presentation_Value="12 MP" Translated="0" Mandatory="0" Searchable="0">
   <LocalValue Value="12">
    <Measure ID="165">
     <Signs>
      <Sign ID="3126" langid="1"><![CDATA[MP]]></Sign>
     </Signs>
    </Measure>
   </LocalValue>
   <Feature ID="63">
    <Measure ID="165" Sign="">
     <Signs>
      <Sign ID="3126" langid="1"><![CDATA[MP]]></Sign>
     </Signs>
    </Measure>
    <Name ID="1222461" langid="1" Value="Megapixel (approx.)"/>
   </Feature>
  </ProductFeature>
  <ProductFeature Localized="0" ID="750954399" Local_ID="0" Value="Y" CategoryFeature_ID="36489" CategoryFeatureGroup_ID="10887" No="100650" Optional="0" Presentation_Value="Yes" Translated="1" Mandatory="0" Searchable="0">
   <LocalValue Value="Yes">
    <Measure ID="26">
     <Signs/>
    </Measure>
   </LocalValue>
   <Feature ID="1025">
    <Measure ID="26" Sign="">
     <Signs/>
    </Measure>
    <Name ID="3591" langid="1" Value="Built-in microphone"/>
   </Feature>
  </ProductFeature>
  <ProductFeature Localized="0" ID="750954420" Local_ID="0" Value="Graphics design" CategoryFeature_ID="245761" CategoryFeatureGroup_ID="10677" No="10100800" Optional="0" Presentation_Value="Graphics design" Translated="1" Mandatory="1" Searchable="1">
   <LocalValue Value="Graphics design">
    <Measure ID="29">
     <Signs/>
    </Measure>
   </LocalValue>
   <Feature ID="9021">
    <Measure ID="29" Sign="">
     <Signs/>
    </Measure>
    <Name ID="757557" langid="1" Value="Market positioning"/>
   </Feature>
  </ProductFeature>
  <ProductFeature Localized="0" ID="750954403" Local_ID="0" Value="Silver" CategoryFeature_ID="11218" CategoryFeatureGroup_ID="10677" No="10100790" Optional="0" Presentation_Value="Silver" Translated="1" Mandatory="1" Searchable="1">
   <LocalValue Value="Silver">
    <Measure ID="29">
     <Signs/>
    </Measure>
   </LocalValue>
   <Feature ID="1766">
    <Measure ID="29" Sign="">
     <Signs/>
    </Measure>
    <Name ID="5487" langid="1" Value="Product colour"/>
   </Feature>
  </ProductFeature>
  <ProductFeature Localized="0" ID="750954432" Local_ID="0" Value="Y" CategoryFeature_ID="139339" CategoryFeatureGroup_ID="1742" No="10100900" Optional="0" Presentation_Value="Yes" Translated="1" Mandatory="1" Searchable="1">
   <LocalValue Value="Yes">
    <Measure ID="26">
     <Signs/>
    </Measure>
   </LocalValue>
   <Feature ID="22838">
    <Measure ID="26" Sign="">
     <Signs/>
    </Measure>
    <Name ID="1804947" langid="1" Value="Built-in USB hub"/>
   </Feature>
  </ProductFeature>
  <ProductFeature Localized="0" ID="750954415" Local_ID="0" Value="N" CategoryFeature_ID="37850" CategoryFeatureGroup_ID="1742" No="100740" Optional="0" Presentation_Value="No" Translated="1" Mandatory="1" Searchable="0">
   <LocalValue Value="No">
    <Measure ID="26">
     <Signs/>
    </Measure>
   </LocalValue>
   <Feature ID="5620">
    <Measure ID="26" Sign="">
     <Signs/>
    </Measure>
    <Name ID="100861" langid="1" Value="HDMI"/>
   </Feature>
  </ProductFeature>
  <ProductFeature Localized="0" ID="750954426" Local_ID="0" Value="N" CategoryFeature_ID="96400" CategoryFeatureGroup_ID="1742" No="100610" Optional="0" Presentation_Value="No" Translated="1" Mandatory="1" Searchable="0">
   <LocalValue Value="No">
    <Measure ID="26">
     <Signs/>
    </Measure>
   </LocalValue>
   <Feature ID="12195">
    <Measure ID="26" Sign="">
     <Signs/>
    </Measure>
    <Name ID="1087479" langid="1" Value="Headphone out"/>
   </Feature>
  </ProductFeature>
  <ProductFeature Localized="0" ID="750954433" Local_ID="0" Value="USB Type-C" CategoryFeature_ID="139342" CategoryFeatureGroup_ID="1742" No="100880" Optional="0" Presentation_Value="USB Type-C" Translated="1" Mandatory="0" Searchable="0">
   <LocalValue Value="USB Type-C">
    <Measure ID="29">
     <Signs/>
    </Measure>
   </LocalValue>
   <Feature ID="22840">
    <Measure ID="29" Sign="">
     <Signs/>
    </Measure>
    <Name ID="1805047" langid="1" Value="USB upstream port type"/>
   </Feature>
  </ProductFeature>
  <ProductFeature Localized="0" ID="750954440" Local_ID="0" Value="1" CategoryFeature_ID="682735" CategoryFeatureGroup_ID="1742" No="100850" Optional="0" Presentation_Value="1" Translated="0" Mandatory="0" Searchable="0">
   <LocalValue Value="1">
    <Measure ID="29">
     <Signs/>
    </Measure>
   </LocalValue>
   <Feature ID="42594">
    <Measure ID="29" Sign="">
     <Signs/>
    </Measure>
    <Name ID="6893949" langid="1" Value="Number of USB Type-C upstream ports quantity"/>
   </Feature>
  </ProductFeature>
  <ProductFeature Localized="0" ID="750954434" Local_ID="0" Value="3" CategoryFeature_ID="139349" CategoryFeatureGroup_ID="1742" No="100830" Optional="0" Presentation_Value="3" Translated="0" Mandatory="0" Searchable="0">
   <LocalValue Value="3">
    <Measure ID="29">
     <Signs/>
    </Measure>
   </LocalValue>
   <Feature ID="22843">
    <Measure ID="29" Sign="">
     <Signs/>
    </Measure>
    <Name ID="1805197" langid="1" Value="USB Type-C downstream ports quantity"/>
   </Feature>
  </ProductFeature>
  <ProductFeature Localized="0" ID="750954405" Local_ID="0" Value="Y" CategoryFeature_ID="68504" CategoryFeatureGroup_ID="3070" No="100340" Optional="0" Presentation_Value="Yes" Translated="1" Mandatory="1" Searchable="0">
   <LocalValue Value="Yes">
    <Measure ID="26">
     <Signs/>
    </Measure>
   </LocalValue>
   <Feature ID="1954">
    <Measure ID="26" Sign="">
     <Signs/>
    </Measure>
    <Name ID="6065" langid="1" Value="Height adjustment"/>
   </Feature>
  </ProductFeature>
  <ProductFeature Localized="0" ID="750982204" Local_ID="0" Value="105" CategoryFeature_ID="1083333" CategoryFeatureGroup_ID="3070" No="100330" Optional="0" Presentation_Value="10.5 cm" Translated="0" Mandatory="0" Searchable="0">
   <LocalValue Value="10.5">
    <Measure ID="34">
     <Signs>
      <Sign ID="18" langid="1"><![CDATA[cm]]></Sign>
     </Signs>
    </Measure>
   </LocalValue>
   <Feature ID="25138">
    <Measure ID="24" Sign="">
     <Signs>
      <Sign ID="3" langid="1"><![CDATA[mm]]></Sign>
     </Signs>
    </Measure>
    <Name ID="2127802" langid="1" Value="Adjustable height (max)"/>
   </Feature>
  </ProductFeature>
  <ProductFeature Localized="0" ID="750954418" Local_ID="0" Value="Y" CategoryFeature_ID="930782" CategoryFeatureGroup_ID="3070" No="100271" Optional="0" Presentation_Value="Yes" Translated="1" Mandatory="0" Searchable="0">
   <LocalValue Value="Yes">
    <Measure ID="26">
     <Signs/>
    </Measure>
   </LocalValue>
   <Feature ID="8302">
    <Measure ID="26" Sign="">
     <Signs/>
    </Measure>
    <Name ID="637449" langid="1" Value="Tilt adjustment"/>
   </Feature>
  </ProductFeature>
  <ProductFeature Localized="0" ID="750954407" Local_ID="0" Value="-5 - 25" CategoryFeature_ID="18150" CategoryFeatureGroup_ID="3070" No="100270" Optional="0" Presentation_Value="-5 - 25°" Translated="0" Mandatory="0" Searchable="0">
   <LocalValue Value="-5 - 25">
    <Measure ID="32">
     <Signs>
      <Sign ID="16" langid="1"><![CDATA[°]]></Sign>
     </Signs>
    </Measure>
   </LocalValue>
   <Feature ID="2077">
    <Measure ID="32" Sign="">
     <Signs>
      <Sign ID="16" langid="1"><![CDATA[°]]></Sign>
     </Signs>
    </Measure>
    <Name ID="9227" langid="1" Value="Tilt angle range"/>
   </Feature>
  </ProductFeature>
  <ProductFeature Localized="0" ID="750954441" Local_ID="0" Value="E" CategoryFeature_ID="708167" CategoryFeatureGroup_ID="99" No="100300" Optional="0" Presentation_Value="E" Translated="1" Mandatory="1" Searchable="0">
   <LocalValue Value="E">
    <Measure ID="29">
     <Signs/>
    </Measure>
   </LocalValue>
   <Feature ID="42856">
    <Measure ID="29" Sign="">
     <Signs/>
    </Measure>
    <Name ID="7158665" langid="1" Value="Energy efficiency class (SDR)"/>
   </Feature>
  </ProductFeature>
  <ProductFeature Localized="0" ID="750954443" Local_ID="0" Value="21" CategoryFeature_ID="708169" CategoryFeatureGroup_ID="99" No="100280" Optional="0" Presentation_Value="21 kWh" Translated="0" Mandatory="1" Searchable="0">
   <LocalValue Value="21">
    <Measure ID="103">
     <Signs>
      <Sign ID="85" langid="1"><![CDATA[kWh]]></Sign>
     </Signs>
    </Measure>
   </LocalValue>
   <Feature ID="42858">
    <Measure ID="103" Sign="">
     <Signs>
      <Sign ID="85" langid="1"><![CDATA[kWh]]></Sign>
     </Signs>
    </Measure>
    <Name ID="7158803" langid="1" Value="Energy consumption (SDR) per 1000 hours"/>
   </Feature>
  </ProductFeature>
  <ProductFeature Localized="0" ID="750954406" Local_ID="0" Value="0.5" CategoryFeature_ID="9930" CategoryFeatureGroup_ID="99" No="100250" Optional="0" Presentation_Value="0.5 W" Translated="0" Mandatory="1" Searchable="0">
   <LocalValue Value="0.5">
    <Measure ID="44">
     <Signs>
      <Sign ID="28" langid="1"><![CDATA[W]]></Sign>
     </Signs>
    </Measure>
   </LocalValue>
   <Feature ID="2036">
    <Measure ID="44" Sign="">
     <Signs>
      <Sign ID="28" langid="1"><![CDATA[W]]></Sign>
     </Signs>
    </Measure>
    <Name ID="9104" langid="1" Value="Power consumption (standby)"/>
   </Feature>
  </ProductFeature>
  <ProductFeature Localized="0" ID="750954419" Local_ID="0" Value="100 - 240" CategoryFeature_ID="122959" CategoryFeatureGroup_ID="99" No="100200" Optional="0" Presentation_Value="100 - 240 V" Translated="0" Mandatory="0" Searchable="0">
   <LocalValue Value="100 - 240">
    <Measure ID="42">
     <Signs>
      <Sign ID="26" langid="1"><![CDATA[V]]></Sign>
     </Signs>
    </Measure>
   </LocalValue>
   <Feature ID="8491">
    <Measure ID="42" Sign="">
     <Signs>
      <Sign ID="26" langid="1"><![CDATA[V]]></Sign>
     </Signs>
    </Measure>
    <Name ID="711418" langid="1" Value="AC input voltage"/>
   </Feature>
  </ProductFeature>
  <ProductFeature Localized="0" ID="750954438" Local_ID="0" Value="A to G" CategoryFeature_ID="313577" CategoryFeatureGroup_ID="99" No="100150" Optional="0" Presentation_Value="A to G" Translated="1" Mandatory="0" Searchable="0">
   <LocalValue Value="A to G">
    <Measure ID="29">
     <Signs/>
    </Measure>
   </LocalValue>
   <Feature ID="39201">
    <Measure ID="29" Sign="">
     <Signs/>
    </Measure>
    <Name ID="5585488" langid="1" Value="Energy efficiency scale"/>
   </Feature>
  </ProductFeature>
  <ProductFeature Localized="0" ID="750954445" Local_ID="0" Value="1053323" CategoryFeature_ID="950411" CategoryFeatureGroup_ID="99" No="100149" Optional="0" Presentation_Value="1053323" Translated="0" Mandatory="0" Searchable="0">
   <LocalValue Value="1053323">
    <Measure ID="29">
     <Signs/>
    </Measure>
   </LocalValue>
   <Feature ID="47801">
    <Measure ID="29" Sign="">
     <Signs/>
    </Measure>
    <Name ID="9095693" langid="1" Value="European Product Registry for Energy Labelling (EPREL) code"/>
   </Feature>
  </ProductFeature>
  <ProductFeature Localized="0" ID="750954400" Local_ID="0" Value="10 - 35" CategoryFeature_ID="5557" CategoryFeatureGroup_ID="1205" No="100200" Optional="0" Presentation_Value="10 - 35 °C" Translated="0" Mandatory="0" Searchable="0">
   <LocalValue Value="10 - 35">
    <Measure ID="65">
     <Signs>
      <Sign ID="48" langid="1"><![CDATA[°C]]></Sign>
     </Signs>
    </Measure>
   </LocalValue>
   <Feature ID="1112">
    <Measure ID="65" Sign="">
     <Signs>
      <Sign ID="48" langid="1"><![CDATA[°C]]></Sign>
     </Signs>
    </Measure>
    <Name ID="3765" langid="1" Value="Operating temperature (T-T)"/>
   </Feature>
  </ProductFeature>
  <ProductFeature Localized="0" ID="750954396" Local_ID="0" Value="5 - 90" CategoryFeature_ID="4997" CategoryFeatureGroup_ID="1205" No="100180" Optional="0" Presentation_Value="5 - 90%" Translated="0" Mandatory="0" Searchable="0">
   <LocalValue Value="5 - 90">
    <Measure ID="64">
     <Signs>
      <Sign ID="47" langid="1"><![CDATA[%]]></Sign>
     </Signs>
    </Measure>
   </LocalValue>
   <Feature ID="703">
    <Measure ID="64" Sign="">
     <Signs>
      <Sign ID="47" langid="1"><![CDATA[%]]></Sign>
     </Signs>
    </Measure>
    <Name ID="2937" langid="1" Value="Operating relative humidity (H-H)"/>
   </Feature>
  </ProductFeature>
  <ProductFeature Localized="0" ID="750954395" Local_ID="0" Value="0 - 5000" CategoryFeature_ID="17175" CategoryFeatureGroup_ID="1205" No="100160" Optional="0" Presentation_Value="0 - 5000 m" Translated="0" Mandatory="0" Searchable="0">
   <LocalValue Value="0 - 5000">
    <Measure ID="54">
     <Signs>
      <Sign ID="37" langid="1"><![CDATA[m]]></Sign>
     </Signs>
    </Measure>
   </LocalValue>
   <Feature ID="667">
    <Measure ID="54" Sign="">
     <Signs>
      <Sign ID="37" langid="1"><![CDATA[m]]></Sign>
     </Signs>
    </Measure>
    <Name ID="2865" langid="1" Value="Operating altitude"/>
   </Feature>
  </ProductFeature>
  <ProductFeature Localized="0" ID="750954410" Local_ID="0" Value="623" CategoryFeature_ID="22203" CategoryFeatureGroup_ID="98" No="100400" Optional="0" Presentation_Value="623 mm" Translated="0" Mandatory="0" Searchable="0">
   <LocalValue Value="623">
    <Measure ID="24">
     <Signs>
      <Sign ID="3" langid="1"><![CDATA[mm]]></Sign>
     </Signs>
    </Measure>
   </LocalValue>
   <Feature ID="4156">
    <Measure ID="24" Sign="">
     <Signs>
      <Sign ID="3" langid="1"><![CDATA[mm]]></Sign>
     </Signs>
    </Measure>
    <Name ID="58907" langid="1" Value="Width (with stand)"/>
   </Feature>
  </ProductFeature>
  <ProductFeature Localized="0" ID="750954413" Local_ID="0" Value="207" CategoryFeature_ID="22162" CategoryFeatureGroup_ID="98" No="100390" Optional="0" Presentation_Value="207 mm" Translated="0" Mandatory="0" Searchable="0">
   <LocalValue Value="207">
    <Measure ID="24">
     <Signs>
      <Sign ID="3" langid="1"><![CDATA[mm]]></Sign>
     </Signs>
    </Measure>
   </LocalValue>
   <Feature ID="4179">
    <Measure ID="24" Sign="">
     <Signs>
      <Sign ID="3" langid="1"><![CDATA[mm]]></Sign>
     </Signs>
    </Measure>
    <Name ID="59098" langid="1" Value="Depth (with stand)"/>
   </Feature>
  </ProductFeature>
  <ProductFeature Localized="0" ID="750954412" Local_ID="0" Value="583" CategoryFeature_ID="22171" CategoryFeatureGroup_ID="98" No="100380" Optional="0" Presentation_Value="583 mm" Translated="0" Mandatory="0" Searchable="0">
   <LocalValue Value="583">
    <Measure ID="24">
     <Signs>
      <Sign ID="3" langid="1"><![CDATA[mm]]></Sign>
     </Signs>
    </Measure>
   </LocalValue>
   <Feature ID="4178">
    <Measure ID="24" Sign="">
     <Signs>
      <Sign ID="3" langid="1"><![CDATA[mm]]></Sign>
     </Signs>
    </Measure>
    <Name ID="59097" langid="1" Value="Height (with stand)"/>
   </Feature>
  </ProductFeature>
  <ProductFeature Localized="0" ID="750954430" Local_ID="0" Value="7700" CategoryFeature_ID="112042" CategoryFeatureGroup_ID="98" No="100370" Optional="0" Presentation_Value="7.7 kg" Translated="0" Mandatory="0" Searchable="0">
   <LocalValue Value="7.7">
    <Measure ID="17">
     <Signs>
      <Sign ID="15505" langid="1"><![CDATA[kg]]></Sign>
     </Signs>
    </Measure>
   </LocalValue>
   <Feature ID="19017">
    <Measure ID="38" Sign="">
     <Signs>
      <Sign ID="22" langid="1"><![CDATA[g]]></Sign>
     </Signs>
    </Measure>
    <Name ID="1427070" langid="1" Value="Weight (with stand)"/>
   </Feature>
  </ProductFeature>
  <ProductFeature Localized="0" ID="750954423" Local_ID="0" Value="Y" CategoryFeature_ID="123142" CategoryFeatureGroup_ID="49260" No="100500" Optional="0" Presentation_Value="Yes" Translated="1" Mandatory="0" Searchable="0">
   <LocalValue Value="Yes">
    <Measure ID="26">
     <Signs/>
    </Measure>
   </LocalValue>
   <Feature ID="10505">
    <Measure ID="26" Sign="">
     <Signs/>
    </Measure>
    <Name ID="908683" langid="1" Value="Stand included"/>
   </Feature>
  </ProductFeature>
  <ProductFeature Localized="0" ID="750954404" Local_ID="0" Value="Thunderbolt" CategoryFeature_ID="16133" CategoryFeatureGroup_ID="49260" No="100490" Optional="0" Presentation_Value="Thunderbolt" Translated="0" Mandatory="0" Searchable="0">
   <LocalValue Value="Thunderbolt">
    <Measure ID="29">
     <Signs/>
    </Measure>
   </LocalValue>
   <Feature ID="1830">
    <Measure ID="29" Sign="">
     <Signs/>
    </Measure>
    <Name ID="5653" langid="1" Value="Cables included"/>
   </Feature>
  </ProductFeature>
  <ProductFeature Localized="0" ID="750954439" Local_ID="0" Value="ENERGY STAR" CategoryFeature_ID="603799" CategoryFeatureGroup_ID="72250" No="100040" Optional="0" Presentation_Value="ENERGY STAR" Translated="1" Mandatory="0" Searchable="0">
   <LocalValue Value="ENERGY STAR">
    <Measure ID="29">
     <Signs/>
    </Measure>
   </LocalValue>
   <Feature ID="42513">
    <Measure ID="29" Sign="">
     <Signs/>
    </Measure>
    <Name ID="6876123" langid="1" Value="Sustainability certificates"/>
   </Feature>
  </ProductFeature>
  <ProductFeature Localized="0" ID="750954409" Local_ID="0" Value="macOS Monterey 12.3 or later&#10;iPadOS 15.4 or later" CategoryFeature_ID="114072" CategoryFeatureGroup_ID="8454" No="100620" Optional="1" Presentation_Value="macOS Monterey 12.3 or later&#10;iPadOS 15.4 or later" Translated="0" Mandatory="0" Searchable="0">
   <LocalValue Value="macOS Monterey 12.3 or later&#10;iPadOS 15.4 or later">
    <Measure ID="29">
     <Signs/>
    </Measure>
   </LocalValue>
   <Feature ID="2507">
    <Measure ID="29" Sign="">
     <Signs/>
    </Measure>
    <Name ID="12828" langid="1" Value="Compatible operating systems"/>
   </Feature>
  </ProductFeature>
  <ProductFeature Localized="0" ID="750954397" Local_ID="0" Value="Mac Studio (2022), 16-inch MacBook Pro (2019 or later), 14-inch MacBook Pro (2021), 13-inch MacBook Pro (2016 or later), 15-inch MacBook Pro (2016 or later), MacBook Air (2018 or later), Mac mini (2018 or later), Mac Pro (2019 or later), 24-inch iMac (2021), 27-inch iMac (2017 or later), 21.5-inch iMac (2017 or later), iMac Pro (2017), iPad Pro 12.9-inch (3rd generation or later), iPad Pro 11-inch, iPad Air (5th generation)" CategoryFeature_ID="20313" CategoryFeatureGroup_ID="8454" No="100610" Optional="1" Presentation_Value="Mac Studio (2022), 16-inch MacBook Pro (2019 or later), 14-inch MacBook Pro (2021), 13-inch MacBook Pro (2016 or later), 15-inch MacBook Pro (2016 or later), MacBook Air (2018 or later), Mac mini (2018 or later), Mac Pro (2019 or later), 24-inch iMac (2021), 27-inch iMac (2017 or later), 21.5-inch iMac (2017 or later), iMac Pro (2017), iPad Pro 12.9-inch (3rd generation or later), iPad Pro 11-inch, iPad Air (5th generation)" Translated="0" Mandatory="0" Searchable="0">
   <LocalValue Value="Mac Studio (2022), 16-inch MacBook Pro (2019 or later), 14-inch MacBook Pro (2021), 13-inch MacBook Pro (2016 or later), 15-inch MacBook Pro (2016 or later), MacBook Air (2018 or later), Mac mini (2018 or later), Mac Pro (2019 or later), 24-inch iMac (2021), 27-inch iMac (2017 or later), 21.5-inch iMac (2017 or later), iMac Pro (2017), iPad Pro 12.9-inch (3rd generation or later), iPad Pro 11-inch, iPad Air (5th generation)">
    <Measure ID="29">
     <Signs/>
    </Measure>
   </LocalValue>
   <Feature ID="890">
    <Measure ID="29" Sign="">
     <Signs/>
    </Measure>
    <Name ID="3321" langid="1" Value="Compatibility"/>
   </Feature>
  </ProductFeature>
  <ProductGallery>
   <ProductPicture IsMain="Y" LowPic="https://inishop.com/img/gallery_lows/97428647_4190390384.jpg" LowPicHeight="200" LowPicWidth="200" LowSize="26982" No="1" Original="https://inishop.com/img/gallery_raw/97428647_4190390384.jpeg" OriginalSize="1467284" Pic="https://inishop.com/img/gallery/97428647_4190390384.jpg" Pic500x500="https://inishop.com/img/gallery_mediums/97428647_4190390384.jpg" Pic500x500Height="500" Pic500x500Size="90402" Pic500x500Width="500" PicHeight="4000" PicWidth="4000" ProductPicture_ID="102762198" Size="1905287" ThumbPic="https://inishop.com/img/gallery_thumbs/97428647_4190390384.jpg" ThumbSize="6857" Type="ProductImage" UpdatedDate="2025-03-06 13:35:13"/>
   <ProductPicture LowPic="https://inishop.com/img/gallery_lows/5792341eda8b3159fb608fd1c88c159383fe0f93.jpg" LowPicHeight="173" LowPicWidth="200" LowSize="7687" No="8" Original="https://inishop.com/img/gallery_raw/2f411f6eae282579b36fc8fd0c072f357ea76cc1.jpeg" OriginalSize="32501" Pic="https://inishop.com/img/gallery/78c7c6e64c235327123e22ca8408ecfb27212598.jpg" Pic500x500="https://inishop.com/img/gallery_mediums/e409945bb21f9b1d067de09a40bfb5974155f750.jpg" Pic500x500Height="432" Pic500x500Size="31634" Pic500x500Width="500" PicHeight="653" PicWidth="756" ProductPicture_ID="104864590" Size="47143" ThumbPic="https://inishop.com/img/gallery_thumbs/d0fbb6393fae23f7e14a5d82a34d783af2667d4e.jpg" ThumbSize="2365" Type="ProductImage" UpdatedDate="2025-04-24 12:44:32"/>
   <ProductPicture LowPic="https://inishop.com/img/gallery_lows/8f1bea0808bd5337e1f9bcf365313d6ed0c3961c.jpg" LowPicHeight="200" LowPicWidth="93" LowSize="3709" No="9" Original="https://inishop.com/img/gallery_raw/3beba949ef08fe62b78613e19fe0a0ba1756e4f2.jpeg" OriginalSize="11283" Pic="https://inishop.com/img/gallery/f1cb17ba061a59543caa102da2dc65ea530cbc81.jpg" Pic500x500="https://inishop.com/img/gallery_mediums/f79fff55e1949c80fc50d10f9ff1a7bfc9a9800a.jpg" Pic500x500Height="500" Pic500x500Size="12483" Pic500x500Width="233" PicHeight="597" PicWidth="278" ProductPicture_ID="104864595" Size="13224" ThumbPic="https://inishop.com/img/gallery_thumbs/96bd0bc7ba06ab22df2f7da3b09ac6c1d4590779.jpg" ThumbSize="1392" Type="ProductImage" UpdatedDate="2025-04-24 12:44:32"/>
   <ProductPicture LowPic="https://inishop.com/img/gallery_lows/bfa165716804a7eb3d59c4686168f4ca1f6f9ff2.jpg" LowPicHeight="200" LowPicWidth="77" LowSize="3160" No="10" Original="https://inishop.com/img/gallery_raw/80ce4b6148641d13021751e835383f20c9ea7ed0.jpeg" OriginalSize="11924" Pic="https://inishop.com/img/gallery/00c12991f851d30096f98ea7b114f5f308c4ce28.jpg" Pic500x500="https://inishop.com/img/gallery_mediums/60c49438f43da684682e5b75da8e01944da00a99.jpg" Pic500x500Height="500" Pic500x500Size="10767" Pic500x500Width="194" PicHeight="702" PicWidth="272" ProductPicture_ID="104864596" Size="14305" ThumbPic="https://inishop.com/img/gallery_thumbs/2b84992ba3b2eaeffee48c71f53a039b6755d638.jpg" ThumbSize="1143" Type="ProductImage" UpdatedDate="2025-04-24 12:44:32"/>
   <ProductPicture LowPic="https://inishop.com/img/gallery_lows/97428646_0747817999.jpg" LowPicHeight="200" LowPicWidth="200" LowSize="45748" No="11" Original="https://inishop.com/img/gallery_raw/97428646_0747817999.jpeg" OriginalSize="6490168" Pic="https://inishop.com/img/gallery/97428646_0747817999.jpg" Pic500x500="https://inishop.com/img/gallery_mediums/97428646_0747817999.jpg" Pic500x500Height="500" Pic500x500Size="255167" Pic500x500Width="500" PicHeight="4000" PicWidth="4000" ProductPicture_ID="102762201" Size="7224885" ThumbPic="https://inishop.com/img/gallery_thumbs/97428646_0747817999.jpg" ThumbSize="8861" Type="ProductImage" UpdatedDate="2025-04-24 12:44:52"/>
   <ProductPicture LowPic="" LowPicHeight="0" LowPicWidth="0" LowSize="0" No="999" Original="" OriginalSize="0" Pic="https://inishop.com/img/feature_logo/4-8210.png" Pic500x500="" Pic500x500Height="0" Pic500x500Size="0" Pic500x500Width="0" PicHeight="200" PicWidth="195" ProductPicture_ID="4295409808" Size="35338" ThumbPic="https://inishop.com/img/feature_logo_thumbs/4-8210.png" ThumbSize="0" Type="FeatureLogo" UpdatedDate="" langid="1"/>
   <ProductPicture LowPic="" LowPicHeight="0" LowPicWidth="0" LowSize="0" No="999" Original="" OriginalSize="0" Pic="https://inishop.com/img/feature_logo/979-9412.png" Pic500x500="" Pic500x500Height="0" Pic500x500Size="0" Pic500x500Width="0" PicHeight="165" PicWidth="300" ProductPicture_ID="4392910151" Size="25218" ThumbPic="https://inishop.com/img/feature_logo_thumbs/979-9412.png" ThumbSize="0" Type="FeatureLogo" UpdatedDate="" langid="1"/>
  </ProductGallery>
  <ProductMultimediaObject>
   <MultimediaObject ContentType="application/pdf" Date="2025-03-06 12:56:49" Description="EU Energy Label" KeepAsURL="0" MultimediaObject_ID="63193240" Type="EU Energy Label" UUID="F6B005CC-F463-4840-A28E-61972052DC4E" langid="0" Height="0" PreviewHeight="0" PreviewSize="0" PreviewUrl="" PreviewWidth="0" Size="113381" URL="https://inishop.com/objects/mmo_129129764_1741262198_3555_1342103.pdf" Width="0" LabelType="rescaled" EprelLink="https://eprel.ec.europa.eu/qr/1053323" ConvertedURL="https://inishop.com/objects/129129764_63193240.jpeg" ConvertedSize="464168" ConvertedContentType="image/jpeg" EprelId="1053323"/>
   <MultimediaObject ContentType="application/pdf" Date="2025-03-06 12:56:38" Description="EU Product Fiche" KeepAsURL="0" MultimediaObject_ID="63194016" Type="EU Product Fiche" UUID="966AF33F-6C25-43C9-AA0F-8A2929904211" langid="1" Height="0" PreviewHeight="0" PreviewSize="0" PreviewUrl="" PreviewWidth="0" Size="57681" URL="https://inishop.com/objects/mmo_129129764_1741262198_4052_1342103.pdf" Width="0"/>
  </ProductMultimediaObject>
  <ProductRelated ID="322234368" Category_ID="788" Preferred="0">
   <Product ID="100727753" Prod_id="BPDT6022/A" ThumbPic="" Name="Business Plus - Service Plan for Apple Desktop or Display - 60 months">
    <Supplier ID="37476" Name="mcare"/>
   </Product>
   <ProductRelatedLocales>
    <ProductRelatedLocale ID="0" langid="0" Preferred="0" StartDate="" EndDate=""/>
   </ProductRelatedLocales>
  </ProductRelated>
  <ProductRelated ID="322234367" Category_ID="788" Preferred="0">
   <Product ID="100727752" Prod_id="BPDT4822/A" ThumbPic="" Name="Business Plus - Service Plan for Apple Desktop or Display - 48 months">
    <Supplier ID="37476" Name="mcare"/>
   </Product>
   <ProductRelatedLocales>
    <ProductRelatedLocale ID="0" langid="0" Preferred="0" StartDate="" EndDate=""/>
   </ProductRelatedLocales>
  </ProductRelated>
  <ProductRelated ID="322234366" Category_ID="788" Preferred="0">
   <Product ID="100727751" Prod_id="BPDT3622/A" ThumbPic="" Name="Business Plus - Service Plan for Apple Desktop or Display - 36 months">
    <Supplier ID="37476" Name="mcare"/>
   </Product>
   <ProductRelatedLocales>
    <ProductRelatedLocale ID="0" langid="0" Preferred="0" StartDate="" EndDate=""/>
   </ProductRelatedLocales>
  </ProductRelated>
  <ProductRelated ID="322234365" Category_ID="788" Preferred="0">
   <Product ID="100727750" Prod_id="BPDT2422/A" ThumbPic="" Name="Business Plus - Service Plan for Apple Desktop or Display - 24 months">
    <Supplier ID="37476" Name="mcare"/>
   </Product>
   <ProductRelatedLocales>
    <ProductRelatedLocale ID="0" langid="0" Preferred="0" StartDate="" EndDate=""/>
   </ProductRelatedLocales>
  </ProductRelated>
  <ProductRelated ID="322234364" Category_ID="788" Preferred="0">
   <Product ID="100727742" Prod_id="BDT6022/A" ThumbPic="" Name="Business - Service Plan for Apple Desktop or Display - 60 months">
    <Supplier ID="37476" Name="mcare"/>
   </Product>
   <ProductRelatedLocales>
    <ProductRelatedLocale ID="0" langid="0" Preferred="0" StartDate="" EndDate=""/>
   </ProductRelatedLocales>
  </ProductRelated>
  <ProductRelated ID="322234363" Category_ID="788" Preferred="0">
   <Product ID="100727741" Prod_id="BDT4822/A" ThumbPic="" Name="Business - Service Plan for Apple Desktop or Display - 48 months">
    <Supplier ID="37476" Name="mcare"/>
   </Product>
   <ProductRelatedLocales>
    <ProductRelatedLocale ID="0" langid="0" Preferred="0" StartDate="" EndDate=""/>
   </ProductRelatedLocales>
  </ProductRelated>
  <ProductRelated ID="322234362" Category_ID="788" Preferred="0">
   <Product ID="100727740" Prod_id="BDT3622/A" ThumbPic="" Name="Business - Service Plan for Apple Desktop or Display - 36 months">
    <Supplier ID="37476" Name="mcare"/>
   </Product>
   <ProductRelatedLocales>
    <ProductRelatedLocale ID="0" langid="0" Preferred="0" StartDate="" EndDate=""/>
   </ProductRelatedLocales>
  </ProductRelated>
  <ProductRelated ID="322234361" Category_ID="788" Preferred="0">
   <Product ID="100727739" Prod_id="BDT2422/A" ThumbPic="" Name="Business - Service Plan for Apple Desktop or Display - 24 months">
    <Supplier ID="37476" Name="mcare"/>
   </Product>
   <ProductRelatedLocales>
    <ProductRelatedLocale ID="0" langid="0" Preferred="0" StartDate="" EndDate=""/>
   </ProductRelatedLocales>
  </ProductRelated>
  <SummaryDescription>
   <ShortSummaryDescription langid="1">Apple Studio Display, 68.6 cm (27&quot;), 5120 x 2880 pixels, 5K Ultra HD, Silver</ShortSummaryDescription>
   <LongSummaryDescription langid="1">Apple Studio Display. Display diagonal: 68.6 cm (27&quot;), Display resolution: 5120 x 2880 pixels, HD type: 5K Ultra HD, Native aspect ratio: 16:9. Built-in speaker(s). Built-in USB hub. Height adjustment. Product colour: Silver</LongSummaryDescription>
  </SummaryDescription>
  <Supplier ID="9" Name="Apple"/>
  <CatalogObjectCloud/>
  <BrandOrganizations/>
 </Product>
</ICECAT-interface>
