<?xml version="1.0" encoding="UTF-8"?>
<!DOCTYPE ICECAT-interface SYSTEM "https://data.icecat.biz/dtd/ICECAT-interface_response.dtd">
<!--source: Icecat.biz 2025-->
<!--Language ID: 1-->
<!--Version: v2-->
<ICECAT-interface xmlns:xsi="http://www.w3.org/2001/XMLSchema-instance" xsi:noNamespaceSchemaLocation="https://data.icecat.biz/xsd/ICECAT-interface_response.xsd">
 <Product Code="1" HighPic="https://inishop.com/img/gallery/a2717a43029755e379dd9617f0c851c9fcf7956c.jpg" HighPicHeight="300" HighPicSize="45088" HighPicWidth="213" ID="134703585" LowPic="https://inishop.com/img/gallery_lows/2740dc4fe84b4be5a57442d802b270e4a5fbca55.jpg" LowPicHeight="200" LowPicSize="23103" LowPicWidth="142" Name="Nenoxin" IntName="Nenoxin" LocalName="" Pic500x500="" Pic500x500Height="0" Pic500x500Size="0" Pic500x500Width="0" Prod_id="NENOXIN" Quality="ICECAT" ReleaseDate="" ThumbPic="https://inishop.com/img/gallery_thumbs/bc9607589851b4c9283a69e257dc06aceefc03cb.jpg" ThumbPicSize="4812" Title="Verman Nenoxin Nasal spray" GeneratedIntTitle="Verman Nenoxin" GeneratedLocalTitle="Verman Nenoxin Nasal spray" BrandLocalTitle="">
  <CategoryFeatureGroup ID="67146" No="0">
   <FeatureGroup ID="0">
    <Name ID="5073" langid="1" Value="Technical details"/>
   </FeatureGroup>
  </CategoryFeatureGroup>
  <CategoryFeatureGroup ID="17658" No="0">
   <FeatureGroup ID="14">
    <Name ID="5023" langid="1" Value="Weight &amp; dimensions"/>
   </FeatureGroup>
  </CategoryFeatureGroup>
  <CategoryFeatureGroup ID="18207" No="0">
   <FeatureGroup ID="67">
    <Name ID="27423" langid="1" Value="Packaging data"/>
   </FeatureGroup>
  </CategoryFeatureGroup>
  <CategoryFeatureGroup ID="42073" No="0">
   <FeatureGroup ID="76">
    <Name ID="28540" langid="1" Value="Certificates"/>
   </FeatureGroup>
  </CategoryFeatureGroup>
  <CategoryFeatureGroup ID="18206" No="0">
   <FeatureGroup ID="116">
    <Name ID="78852" langid="1" Value="Packaging content"/>
   </FeatureGroup>
  </CategoryFeatureGroup>
  <CategoryFeatureGroup ID="54117" No="0">
   <FeatureGroup ID="143">
    <Name ID="618812" langid="1" Value="Battery"/>
   </FeatureGroup>
  </CategoryFeatureGroup>
  <CategoryFeatureGroup ID="17656" No="5">
   <FeatureGroup ID="185">
    <Name ID="1219853" langid="1" Value="Features"/>
   </FeatureGroup>
  </CategoryFeatureGroup>
  <CategoryFeatureGroup ID="36314" No="0">
   <FeatureGroup ID="198">
    <Name ID="1788927" langid="1" Value="Logistics data"/>
   </FeatureGroup>
  </CategoryFeatureGroup>
  <CategoryFeatureGroup ID="60620" No="0">
   <FeatureGroup ID="232">
    <Name ID="3464238" langid="1" Value="Supplier features"/>
   </FeatureGroup>
  </CategoryFeatureGroup>
  <Category ID="4879">
   <Name ID="3731315" langid="1" Value="Antiallergic Drugs"/>
  </Category>
  <EANCode/>
  <ReleaseDate/>
  <EndOfLifeDate/>
  <ReasonsToBuy/>
  <BulletPoints/>
  <GeneratedBulletPoints/>
  <ProductBundled/>
  <ProductDescription ID="104044187" LongDesc="Nenoxin is a nasal spray for treating the symptoms of allergic rhinitis. Active substance: mometasone. Medicine." ManualPDFSize="0" ManualPDFURL="" MiddleDesc="" PDFSize="0" PDFURL="" ShortDesc="Nenoxin antihistamine nasal spray" URL="https://verman.fi/en/products/" WarrantyInfo="" langid="1"/>
  <ProductFeature Localized="0" ID="835230508" Local_ID="0" Value="Nasal spray" CategoryFeature_ID="162301" CategoryFeatureGroup_ID="17656" No="10100100" Optional="0" Presentation_Value="Nasal spray" Translated="1" Mandatory="1" Searchable="1">
   <LocalValue Value="Nasal spray">
    <Measure ID="29">
     <Signs/>
    </Measure>
   </LocalValue>
   <Feature ID="25712">
    <Measure ID="29" Sign="">
     <Signs/>
    </Measure>
    <Name ID="2169362" langid="1" Value="Dosage form"/>
   </Feature>
  </ProductFeature>
  <ProductFeature Localized="0" ID="835230590" Local_ID="0" Value="Adults" CategoryFeature_ID="162302" CategoryFeatureGroup_ID="17656" No="100095" Optional="0" Presentation_Value="Adults" Translated="1" Mandatory="0" Searchable="0">
   <LocalValue Value="Adults">
    <Measure ID="29">
     <Signs/>
    </Measure>
   </LocalValue>
   <Feature ID="9202">
    <Measure ID="29" Sign="">
     <Signs/>
    </Measure>
    <Name ID="765619" langid="1" Value="Suitable for"/>
   </Feature>
  </ProductFeature>
  <ProductFeature Localized="0" ID="835230591" Local_ID="0" Value="18" CategoryFeature_ID="162303" CategoryFeatureGroup_ID="17656" No="100090" Optional="0" Presentation_Value="18 yr(s)" Translated="0" Mandatory="0" Searchable="0">
   <LocalValue Value="18">
    <Measure ID="439">
     <Signs>
      <Sign ID="39428" langid="1"><![CDATA[yr(s)]]></Sign>
     </Signs>
    </Measure>
   </LocalValue>
   <Feature ID="7769">
    <Measure ID="439" Sign="">
     <Signs>
      <Sign ID="39428" langid="1"><![CDATA[yr(s)]]></Sign>
     </Signs>
    </Measure>
    <Name ID="600351" langid="1" Value="Minimum age"/>
   </Feature>
  </ProductFeature>
  <ProductFeature Localized="0" ID="835230586" Local_ID="0" Value="140" CategoryFeature_ID="167648" CategoryFeatureGroup_ID="17656" No="100050" Optional="0" Presentation_Value="140" Translated="0" Mandatory="0" Searchable="0">
   <LocalValue Value="140">
    <Measure ID="29">
     <Signs/>
    </Measure>
   </LocalValue>
   <Feature ID="21173">
    <Measure ID="29" Sign="">
     <Signs/>
    </Measure>
    <Name ID="1683251" langid="1" Value="Number of servings per pack"/>
   </Feature>
  </ProductFeature>
  <ProductFeature Localized="0" ID="835230539" Local_ID="0" Value="1" CategoryFeature_ID="280319" CategoryFeatureGroup_ID="17656" No="100000" Optional="0" Presentation_Value="1 pc(s)" Translated="0" Mandatory="0" Searchable="0">
   <LocalValue Value="1">
    <Measure ID="144">
     <Signs>
      <Sign ID="125" langid="1"><![CDATA[pc(s)]]></Sign>
     </Signs>
    </Measure>
   </LocalValue>
   <Feature ID="20228">
    <Measure ID="144" Sign="">
     <Signs>
      <Sign ID="125" langid="1"><![CDATA[pc(s)]]></Sign>
     </Signs>
    </Measure>
    <Name ID="1498423" langid="1" Value="Quantity per pack"/>
   </Feature>
  </ProductFeature>
  <ProductFeature Localized="0" ID="835230536" Local_ID="0" Value="Mometasone" CategoryFeature_ID="162318" CategoryFeatureGroup_ID="17656" No="99999" Optional="0" Presentation_Value="Mometasone" Translated="0" Mandatory="0" Searchable="0">
   <LocalValue Value="Mometasone">
    <Measure ID="29">
     <Signs/>
    </Measure>
   </LocalValue>
   <Feature ID="16908">
    <Measure ID="29" Sign="">
     <Signs/>
    </Measure>
    <Name ID="1216897" langid="1" Value="Ingredients"/>
   </Feature>
  </ProductFeature>
  <ProductGallery>
   <ProductPicture IsMain="Y" LowPic="https://inishop.com/img/gallery_lows/2740dc4fe84b4be5a57442d802b270e4a5fbca55.jpg" LowPicHeight="200" LowPicWidth="142" LowSize="23103" No="1" Original="https://inishop.com/img/gallery_raw/98c73ffec8c1e11e79486e0ccc18e7315e40eb7c.png" OriginalSize="53015" Pic="https://inishop.com/img/gallery/a2717a43029755e379dd9617f0c851c9fcf7956c.jpg" Pic500x500="" Pic500x500Height="0" Pic500x500Size="0" Pic500x500Width="0" PicHeight="300" PicWidth="213" ProductPicture_ID="117095023" Size="45088" ThumbPic="https://inishop.com/img/gallery_thumbs/bc9607589851b4c9283a69e257dc06aceefc03cb.jpg" ThumbSize="4812" Type="ProductImage" UpdatedDate="2025-09-09 10:10:46"/>
  </ProductGallery>
  <ProductMultimediaObject/>
  <ProductRelated/>
  <SummaryDescription>
   <ShortSummaryDescription langid="1">Verman Nenoxin, Nasal spray</ShortSummaryDescription>
   <LongSummaryDescription langid="1">Verman Nenoxin. Dosage form: Nasal spray, Suitable for: Adults, Minimum age: 18 yr(s)</LongSummaryDescription>
  </SummaryDescription>
  <Supplier ID="43648" Name="Verman"/>
  <CatalogObjectCloud/>
  <BrandOrganizations/>
 </Product>
</ICECAT-interface>
