<?xml version="1.0" encoding="UTF-8"?>
<!DOCTYPE ICECAT-interface SYSTEM "https://data.icecat.biz/dtd/ICECAT-interface_response.dtd">
<!--source: Icecat.biz 2025-->
<!--Language ID: 1-->
<!--Version: v2-->
<ICECAT-interface xmlns:xsi="http://www.w3.org/2001/XMLSchema-instance" xsi:noNamespaceSchemaLocation="https://data.icecat.biz/xsd/ICECAT-interface_response.xsd">
 <Product Code="1" HighPic="https://inishop.com/img/gallery/70765784c6cf8e6e7ee05f319fc6ec14f6f4f231.jpg" HighPicHeight="290" HighPicSize="67624" HighPicWidth="249" ID="134703594" LowPic="https://inishop.com/img/gallery_lows/6df4d6897ec394ce78d69a2a8f6f0a59efcb74e3.jpg" LowPicHeight="200" LowPicSize="35118" LowPicWidth="172" Name="Ocutifex" IntName="Ocutifex" LocalName="" Pic500x500="" Pic500x500Height="0" Pic500x500Size="0" Pic500x500Width="0" Prod_id="OCUTIFEX" Quality="ICECAT" ReleaseDate="" ThumbPic="https://inishop.com/img/gallery_thumbs/99f8ac7f073c4e29b4ef38d99f3473e3e09a7c46.jpg" ThumbPicSize="7030" Title="Verman Ocutifex Eye drops" GeneratedIntTitle="Verman Ocutifex" GeneratedLocalTitle="Verman Ocutifex Eye drops" BrandLocalTitle="">
  <CategoryFeatureGroup ID="67146" No="0">
   <FeatureGroup ID="0">
    <Name ID="5073" langid="1" Value="Technical details"/>
   </FeatureGroup>
  </CategoryFeatureGroup>
  <CategoryFeatureGroup ID="17658" No="0">
   <FeatureGroup ID="14">
    <Name ID="5023" langid="1" Value="Weight &amp; dimensions"/>
   </FeatureGroup>
  </CategoryFeatureGroup>
  <CategoryFeatureGroup ID="18207" No="0">
   <FeatureGroup ID="67">
    <Name ID="27423" langid="1" Value="Packaging data"/>
   </FeatureGroup>
  </CategoryFeatureGroup>
  <CategoryFeatureGroup ID="42073" No="0">
   <FeatureGroup ID="76">
    <Name ID="28540" langid="1" Value="Certificates"/>
   </FeatureGroup>
  </CategoryFeatureGroup>
  <CategoryFeatureGroup ID="18206" No="0">
   <FeatureGroup ID="116">
    <Name ID="78852" langid="1" Value="Packaging content"/>
   </FeatureGroup>
  </CategoryFeatureGroup>
  <CategoryFeatureGroup ID="54117" No="0">
   <FeatureGroup ID="143">
    <Name ID="618812" langid="1" Value="Battery"/>
   </FeatureGroup>
  </CategoryFeatureGroup>
  <CategoryFeatureGroup ID="17656" No="5">
   <FeatureGroup ID="185">
    <Name ID="1219853" langid="1" Value="Features"/>
   </FeatureGroup>
  </CategoryFeatureGroup>
  <CategoryFeatureGroup ID="36314" No="0">
   <FeatureGroup ID="198">
    <Name ID="1788927" langid="1" Value="Logistics data"/>
   </FeatureGroup>
  </CategoryFeatureGroup>
  <CategoryFeatureGroup ID="60620" No="0">
   <FeatureGroup ID="232">
    <Name ID="3464238" langid="1" Value="Supplier features"/>
   </FeatureGroup>
  </CategoryFeatureGroup>
  <Category ID="4879">
   <Name ID="3731315" langid="1" Value="Antiallergic Drugs"/>
  </Category>
  <EANCode/>
  <ReleaseDate/>
  <EndOfLifeDate/>
  <ReasonsToBuy/>
  <BulletPoints/>
  <GeneratedBulletPoints/>
  <ProductBundled/>
  <ProductDescription ID="104044266" LongDesc="Fast-acting, long-lasting relief for symptoms of allergies in the eyes. Active substance: ketotifen. Medicine." ManualPDFSize="0" ManualPDFURL="" MiddleDesc="" PDFSize="0" PDFURL="" ShortDesc="Ocutifex, 0.25mg/ml, 20x 0.4ml" URL="https://verman.fi/en/products/" WarrantyInfo="" langid="1"/>
  <ProductFeature Localized="0" ID="835231630" Local_ID="0" Value="Eye drops" CategoryFeature_ID="162301" CategoryFeatureGroup_ID="17656" No="10100100" Optional="0" Presentation_Value="Eye drops" Translated="1" Mandatory="1" Searchable="1">
   <LocalValue Value="Eye drops">
    <Measure ID="29">
     <Signs/>
    </Measure>
   </LocalValue>
   <Feature ID="25712">
    <Measure ID="29" Sign="">
     <Signs/>
    </Measure>
    <Name ID="2169362" langid="1" Value="Dosage form"/>
   </Feature>
  </ProductFeature>
  <ProductFeature Localized="0" ID="835242382" Local_ID="0" Value="Adults &amp; Children" CategoryFeature_ID="162302" CategoryFeatureGroup_ID="17656" No="100095" Optional="0" Presentation_Value="Adults &amp; Children" Translated="1" Mandatory="0" Searchable="0">
   <LocalValue Value="Adults &amp; Children">
    <Measure ID="29">
     <Signs/>
    </Measure>
   </LocalValue>
   <Feature ID="9202">
    <Measure ID="29" Sign="">
     <Signs/>
    </Measure>
    <Name ID="765619" langid="1" Value="Suitable for"/>
   </Feature>
  </ProductFeature>
  <ProductFeature Localized="0" ID="835242381" Local_ID="0" Value="3" CategoryFeature_ID="162303" CategoryFeatureGroup_ID="17656" No="100090" Optional="0" Presentation_Value="3 yr(s)" Translated="0" Mandatory="0" Searchable="0">
   <LocalValue Value="3">
    <Measure ID="439">
     <Signs>
      <Sign ID="39428" langid="1"><![CDATA[yr(s)]]></Sign>
     </Signs>
    </Measure>
   </LocalValue>
   <Feature ID="7769">
    <Measure ID="439" Sign="">
     <Signs>
      <Sign ID="39428" langid="1"><![CDATA[yr(s)]]></Sign>
     </Signs>
    </Measure>
    <Name ID="600351" langid="1" Value="Minimum age"/>
   </Feature>
  </ProductFeature>
  <ProductFeature Localized="0" ID="835242349" Local_ID="0" Value="12" CategoryFeature_ID="162305" CategoryFeatureGroup_ID="17656" No="100080" Optional="0" Presentation_Value="12 h" Translated="0" Mandatory="0" Searchable="0">
   <LocalValue Value="12">
    <Measure ID="46">
     <Signs>
      <Sign ID="30" langid="1"><![CDATA[h]]></Sign>
     </Signs>
    </Measure>
   </LocalValue>
   <Feature ID="19115">
    <Measure ID="46" Sign="">
     <Signs>
      <Sign ID="30" langid="1"><![CDATA[h]]></Sign>
     </Signs>
    </Measure>
    <Name ID="1430503" langid="1" Value="Effect duration"/>
   </Feature>
  </ProductFeature>
  <ProductFeature Localized="0" ID="835242378" Local_ID="0" Value="20" CategoryFeature_ID="280319" CategoryFeatureGroup_ID="17656" No="100000" Optional="0" Presentation_Value="20 pc(s)" Translated="0" Mandatory="0" Searchable="0">
   <LocalValue Value="20">
    <Measure ID="144">
     <Signs>
      <Sign ID="125" langid="1"><![CDATA[pc(s)]]></Sign>
     </Signs>
    </Measure>
   </LocalValue>
   <Feature ID="20228">
    <Measure ID="144" Sign="">
     <Signs>
      <Sign ID="125" langid="1"><![CDATA[pc(s)]]></Sign>
     </Signs>
    </Measure>
    <Name ID="1498423" langid="1" Value="Quantity per pack"/>
   </Feature>
  </ProductFeature>
  <ProductFeature Localized="0" ID="835242363" Local_ID="0" Value="Ketotifen" CategoryFeature_ID="162318" CategoryFeatureGroup_ID="17656" No="99999" Optional="0" Presentation_Value="Ketotifen" Translated="0" Mandatory="0" Searchable="0">
   <LocalValue Value="Ketotifen">
    <Measure ID="29">
     <Signs/>
    </Measure>
   </LocalValue>
   <Feature ID="16908">
    <Measure ID="29" Sign="">
     <Signs/>
    </Measure>
    <Name ID="1216897" langid="1" Value="Ingredients"/>
   </Feature>
  </ProductFeature>
  <ProductFeature Localized="0" ID="835242379" Local_ID="0" Value="1" CategoryFeature_ID="162311" CategoryFeatureGroup_ID="18206" No="100003" Optional="0" Presentation_Value="1" Translated="0" Mandatory="0" Searchable="0">
   <LocalValue Value="1">
    <Measure ID="29">
     <Signs/>
    </Measure>
   </LocalValue>
   <Feature ID="1675">
    <Measure ID="29" Sign="">
     <Signs/>
    </Measure>
    <Name ID="5223" langid="1" Value="Quantity"/>
   </Feature>
  </ProductFeature>
  <ProductGallery>
   <ProductPicture IsMain="Y" LowPic="https://inishop.com/img/gallery_lows/6df4d6897ec394ce78d69a2a8f6f0a59efcb74e3.jpg" LowPicHeight="200" LowPicWidth="172" LowSize="35118" No="1" Original="https://inishop.com/img/gallery_raw/76288a80a12d141a4dc6f1b35bb5e35715bc6a3d.png" OriginalSize="25057" Pic="https://inishop.com/img/gallery/70765784c6cf8e6e7ee05f319fc6ec14f6f4f231.jpg" Pic500x500="" Pic500x500Height="0" Pic500x500Size="0" Pic500x500Width="0" PicHeight="290" PicWidth="249" ProductPicture_ID="117095115" Size="67624" ThumbPic="https://inishop.com/img/gallery_thumbs/99f8ac7f073c4e29b4ef38d99f3473e3e09a7c46.jpg" ThumbSize="7030" Type="ProductImage" UpdatedDate="2025-09-09 10:21:08"/>
  </ProductGallery>
  <ProductMultimediaObject/>
  <ProductRelated/>
  <SummaryDescription>
   <ShortSummaryDescription langid="1">Verman Ocutifex, Eye drops</ShortSummaryDescription>
   <LongSummaryDescription langid="1">Verman Ocutifex. Dosage form: Eye drops, Suitable for: Adults &amp; Children, Minimum age: 3 yr(s)</LongSummaryDescription>
  </SummaryDescription>
  <Supplier ID="43648" Name="Verman"/>
  <CatalogObjectCloud/>
  <BrandOrganizations/>
 </Product>
</ICECAT-interface>
