<?xml version="1.0" encoding="UTF-8"?>
<!DOCTYPE ICECAT-interface SYSTEM "https://data.icecat.biz/dtd/ICECAT-interface_response.dtd">
<!--source: Icecat.biz 2025-->
<!--Language ID: 1-->
<!--Version: v2-->
<ICECAT-interface xmlns:xsi="http://www.w3.org/2001/XMLSchema-instance" xsi:noNamespaceSchemaLocation="https://data.icecat.biz/xsd/ICECAT-interface_response.xsd">
 <Product Code="1" HighPic="https://images.icecat.biz/img/gallery/69909929_8165504003.jpg" HighPicHeight="2400" HighPicSize="202255" HighPicWidth="959" ID="69909929" LowPic="https://images.icecat.biz/img/gallery_lows/69909929_8165504003.jpg" LowPicHeight="200" LowPicSize="6650" LowPicWidth="79" Name="Earbud headphones with mic SHE2305WT/00" IntName="SHE2305WT/00" LocalName="Earbud headphones with mic SHE2305WT/00" Pic500x500="https://images.icecat.biz/img/gallery_mediums/69909929_8165504003.jpg" Pic500x500Height="500" Pic500x500Size="26470" Pic500x500Width="199" Prod_id="SHE2305WT/00" Quality="ICECAT" ReleaseDate="2019-01-14" ThumbPic="https://images.icecat.biz/img/gallery_thumbs/69909929_8165504003.jpg" ThumbPicSize="1693" Title="Philips 2000 series Earbud headphones with mic SHE2305WT/00" GeneratedIntTitle="Philips 2000 series SHE2305WT/00 headphones/headset" GeneratedLocalTitle="Philips 2000 series SHE2305WT/00 headphones/headset Wired In-ear Calls/Music White" BrandLocalTitle="Philips 2000 series Earbud headphones with mic SHE2305WT/00">
  <CategoryFeatureGroup ID="10775" No="0">
   <FeatureGroup ID="0">
    <Name ID="5073" langid="1" Value="Technical details"/>
   </FeatureGroup>
  </CategoryFeatureGroup>
  <CategoryFeatureGroup ID="5114" No="16">
   <FeatureGroup ID="8">
    <Name ID="4885" langid="1" Value="System requirements"/>
   </FeatureGroup>
  </CategoryFeatureGroup>
  <CategoryFeatureGroup ID="6264" No="40">
   <FeatureGroup ID="12">
    <Name ID="4995" langid="1" Value="Ports &amp; interfaces"/>
   </FeatureGroup>
  </CategoryFeatureGroup>
  <CategoryFeatureGroup ID="5112" No="8">
   <FeatureGroup ID="14">
    <Name ID="5023" langid="1" Value="Weight &amp; dimensions"/>
   </FeatureGroup>
  </CategoryFeatureGroup>
  <CategoryFeatureGroup ID="12862" No="0">
   <FeatureGroup ID="27">
    <Name ID="5049" langid="1" Value="Power"/>
   </FeatureGroup>
  </CategoryFeatureGroup>
  <CategoryFeatureGroup ID="33260" No="11">
   <FeatureGroup ID="28">
    <Name ID="5067" langid="1" Value="Operational conditions"/>
   </FeatureGroup>
  </CategoryFeatureGroup>
  <CategoryFeatureGroup ID="5225" No="7">
   <FeatureGroup ID="67">
    <Name ID="27423" langid="1" Value="Packaging data"/>
   </FeatureGroup>
  </CategoryFeatureGroup>
  <CategoryFeatureGroup ID="5110" No="28">
   <FeatureGroup ID="70">
    <Name ID="27519" langid="1" Value="Microphone"/>
   </FeatureGroup>
  </CategoryFeatureGroup>
  <CategoryFeatureGroup ID="5109" No="30">
   <FeatureGroup ID="71">
    <Name ID="27525" langid="1" Value="Headphones"/>
   </FeatureGroup>
  </CategoryFeatureGroup>
  <CategoryFeatureGroup ID="40024" No="0">
   <FeatureGroup ID="76">
    <Name ID="28540" langid="1" Value="Certificates"/>
   </FeatureGroup>
  </CategoryFeatureGroup>
  <CategoryFeatureGroup ID="26483" No="20">
   <FeatureGroup ID="79">
    <Name ID="28858" langid="1" Value="Indication"/>
   </FeatureGroup>
  </CategoryFeatureGroup>
  <CategoryFeatureGroup ID="33261" No="-1">
   <FeatureGroup ID="115">
    <Name ID="78827" langid="1" Value="Outer carton"/>
   </FeatureGroup>
  </CategoryFeatureGroup>
  <CategoryFeatureGroup ID="12861" No="6">
   <FeatureGroup ID="116">
    <Name ID="78852" langid="1" Value="Packaging content"/>
   </FeatureGroup>
  </CategoryFeatureGroup>
  <CategoryFeatureGroup ID="13255" No="15">
   <FeatureGroup ID="117">
    <Name ID="78869" langid="1" Value="Subwoofer"/>
   </FeatureGroup>
  </CategoryFeatureGroup>
  <CategoryFeatureGroup ID="25463" No="14">
   <FeatureGroup ID="134">
    <Name ID="350867" langid="1" Value="Amplifier"/>
   </FeatureGroup>
  </CategoryFeatureGroup>
  <CategoryFeatureGroup ID="6263" No="24">
   <FeatureGroup ID="143">
    <Name ID="618812" langid="1" Value="Battery"/>
   </FeatureGroup>
  </CategoryFeatureGroup>
  <CategoryFeatureGroup ID="78145" No="0">
   <FeatureGroup ID="144">
    <Name ID="619994" langid="1" Value="Brand-specific features"/>
   </FeatureGroup>
  </CategoryFeatureGroup>
  <CategoryFeatureGroup ID="6259" No="-100">
   <FeatureGroup ID="146">
    <Name ID="624346" langid="1" Value="Other features"/>
   </FeatureGroup>
  </CategoryFeatureGroup>
  <CategoryFeatureGroup ID="10773" No="50">
   <FeatureGroup ID="148">
    <Name ID="630457" langid="1" Value="Design"/>
   </FeatureGroup>
  </CategoryFeatureGroup>
  <CategoryFeatureGroup ID="10774" No="60">
   <FeatureGroup ID="184">
    <Name ID="1218765" langid="1" Value="Performance"/>
   </FeatureGroup>
  </CategoryFeatureGroup>
  <CategoryFeatureGroup ID="12863" No="0">
   <FeatureGroup ID="185">
    <Name ID="1219853" langid="1" Value="Features"/>
   </FeatureGroup>
  </CategoryFeatureGroup>
  <CategoryFeatureGroup ID="17998" No="3">
   <FeatureGroup ID="198">
    <Name ID="1788927" langid="1" Value="Logistics data"/>
   </FeatureGroup>
  </CategoryFeatureGroup>
  <CategoryFeatureGroup ID="33259" No="0">
   <FeatureGroup ID="232">
    <Name ID="3464238" langid="1" Value="Supplier features"/>
   </FeatureGroup>
  </CategoryFeatureGroup>
  <CategoryFeatureGroup ID="26484" No="12">
   <FeatureGroup ID="237">
    <Name ID="3528484" langid="1" Value="Music player"/>
   </FeatureGroup>
  </CategoryFeatureGroup>
  <CategoryFeatureGroup ID="27971" No="27">
   <FeatureGroup ID="255">
    <Name ID="4252500" langid="1" Value="Base station"/>
   </FeatureGroup>
  </CategoryFeatureGroup>
  <CategoryFeatureGroup ID="27976" No="26">
   <FeatureGroup ID="256">
    <Name ID="4255461" langid="1" Value="Control unit"/>
   </FeatureGroup>
  </CategoryFeatureGroup>
  <CategoryFeatureGroup ID="72109" No="10">
   <FeatureGroup ID="279">
    <Name ID="7392238" langid="1" Value="Sustainability"/>
   </FeatureGroup>
  </CategoryFeatureGroup>
  <Category ID="1637">
   <Name ID="3728246" langid="1" Value="Headphones &amp; Headsets"/>
  </Category>
  <EANCode EAN="6951613992098" Format="GTIN-13" IsApproved="1"/>
  <FeatureLogo ID="1242" Feature_ID="1230" Value="N" LogoPic="https://images.icecat.biz/img/feature_logo/1242-3899.png" Width="0" Height="0" Size="0">
   <Descriptions>
    <Description ID="5808" langid="1">DIRECTIVE (EU) 2022/2380 OF THE EUROPEAN PARLIAMENT AND OF THE COUNCIL of 23 November 2022 (Part III)</Description>
   </Descriptions>
   <FeatureLogoFeatures>
    <FeatureLogoFeature ID="1230">
     <FeatureLogoValues>
      <FeatureLogoValue ID="5865">N</FeatureLogoValue>
     </FeatureLogoValues>
    </FeatureLogoFeature>
   </FeatureLogoFeatures>
  </FeatureLogo>
  <ReleaseDate>
   <Date Value="2019-01-14" langid="0"/>
  </ReleaseDate>
  <EndOfLifeDate/>
  <ReasonsToBuy>
   <ReasonToBuy ID="36266519" Value="Neodymium is the best material for producing a strong magnetic field for greater sensitivity in a voice coil, better bass response and a pure balanced sound quality." HighPic="" HighPicSize="0" No="100" Title="Neodymium speaker drivers" langid="1" origin="RTB" IsRich="1"/>
   <ReasonToBuy ID="36266525" Value="Openings in the ear shells and the fabric covering maximise airflow to provide natural sound transparency and optimise the acoustic performance." HighPic="" HighPicSize="0" No="101" Title="For a spacious sound experience" langid="1" origin="RTB" IsRich="1"/>
   <ReasonToBuy ID="36266536" Value="In-line mic and pick up button for easy conversation" HighPic="" HighPicSize="0" No="102" Title="In-line mic and pick up button" langid="1" origin="RTB" IsRich="1"/>
   <ReasonToBuy ID="36266540" Value="The design is based on ear geometry for comfortable wear and a snug fit for everyone." HighPic="" HighPicSize="0" No="103" Title="Designed for comfort" langid="1" origin="RTB" IsRich="1"/>
   <ReasonToBuy ID="36266545" Value="High-powered enlarged 12.2 mm neodymium drivers for exceptional sound performance" HighPic="" HighPicSize="0" No="104" Title="12.2 mm neodymium drivers" langid="1" origin="RTB" IsRich="1"/>
  </ReasonsToBuy>
  <BulletPoints>
   <BulletPoint Value="12.2-mm (0.5&quot;) drivers/open earbud" langid="1" No="1"/>
   <BulletPoint Value="integrated mic" langid="1" No="2"/>
   <BulletPoint Value="White" langid="1" No="3"/>
   <BulletPoint Value="Ultra comfy" langid="1" No="4"/>
  </BulletPoints>
  <GeneratedBulletPoints>
   <GeneratedBulletPoint Value="White Calls/Music In-ear Headset" langid="1" No="1"/>
   <GeneratedBulletPoint Value="Wired 3.5 mm connector" langid="1" No="2"/>
   <GeneratedBulletPoint Value="Intraaural" langid="1" No="3"/>
   <GeneratedBulletPoint Value="Microphone type: In-line" langid="1" No="4"/>
  </GeneratedBulletPoints>
  <ProductBundled/>
  <ProductDescription ID="67383153" LongDesc="With Philips Upbeat headphones, show your colours and match your style! The earbuds are designed to fit ear geometry for superb comfort. A modern earphone design with translucent housing for dual-layer effect. A choice of 4 vibrant colours." ManualPDFSize="0" ManualPDFURL="" MiddleDesc="" PDFSize="228414" PDFURL="https://objects.icecat.biz/objects/mmo_69909929_1554222946_7245_30082.pdf" ShortDesc="12.2mm drivers, open earbud integrated mic, White, Ultra comfy" URL="http://www.philips.co.uk/c-p/SHE2305WT_00/2000-series-earbud-headphones-with-mic" WarrantyInfo="" langid="1"/>
  <ProductFamily ID="64652" LowPic="" ThumbPic="">
   <Name ID="1310651" langid="1" Value="2000 series"/>
  </ProductFamily>
  <ProductFeature Localized="0" ID="339535488" Local_ID="0" Value="Headset" CategoryFeature_ID="320952" CategoryFeatureGroup_ID="10774" No="10100300" Optional="0" Presentation_Value="Headset" Translated="1" Mandatory="1" Searchable="1">
   <LocalValue Value="Headset">
    <Measure ID="29">
     <Signs/>
    </Measure>
   </LocalValue>
   <Feature ID="14052">
    <Measure ID="29" Sign="">
     <Signs/>
    </Measure>
    <Name ID="1127664" langid="1" Value="Product type"/>
   </Feature>
  </ProductFeature>
  <ProductFeature Localized="0" ID="339696237" Local_ID="0" Value="In-ear" CategoryFeature_ID="48583" CategoryFeatureGroup_ID="10774" No="10100294" Optional="0" Presentation_Value="In-ear" Translated="1" Mandatory="1" Searchable="1">
   <LocalValue Value="In-ear">
    <Measure ID="29">
     <Signs/>
    </Measure>
   </LocalValue>
   <Feature ID="8136">
    <Measure ID="29" Sign="">
     <Signs/>
    </Measure>
    <Name ID="628259" langid="1" Value="Wearing style"/>
   </Feature>
  </ProductFeature>
  <ProductFeature Localized="0" ID="365927706" Local_ID="0" Value="Calls/Music" CategoryFeature_ID="320937" CategoryFeatureGroup_ID="10774" No="10100291" Optional="0" Presentation_Value="Calls/Music" Translated="1" Mandatory="1" Searchable="1">
   <LocalValue Value="Calls/Music">
    <Measure ID="29">
     <Signs/>
    </Measure>
   </LocalValue>
   <Feature ID="8480">
    <Measure ID="29" Sign="">
     <Signs/>
    </Measure>
    <Name ID="710488" langid="1" Value="Recommended usage"/>
   </Feature>
  </ProductFeature>
  <ProductFeature Localized="0" ID="339617372" Local_ID="0" Value="White" CategoryFeature_ID="41175" CategoryFeatureGroup_ID="10774" No="100280" Optional="0" Presentation_Value="White" Translated="1" Mandatory="1" Searchable="0">
   <LocalValue Value="White">
    <Measure ID="29">
     <Signs/>
    </Measure>
   </LocalValue>
   <Feature ID="1766">
    <Measure ID="29" Sign="">
     <Signs/>
    </Measure>
    <Name ID="5487" langid="1" Value="Product colour"/>
   </Feature>
  </ProductFeature>
  <ProductFeature Localized="0" ID="339663266" Local_ID="0" Value="Binaural" CategoryFeature_ID="48578" CategoryFeatureGroup_ID="10774" No="100288" Optional="0" Presentation_Value="Binaural" Translated="1" Mandatory="0" Searchable="0">
   <LocalValue Value="Binaural">
    <Measure ID="29">
     <Signs/>
    </Measure>
   </LocalValue>
   <Feature ID="8135">
    <Measure ID="29" Sign="">
     <Signs/>
    </Measure>
    <Name ID="628176" langid="1" Value="Headset type"/>
   </Feature>
  </ProductFeature>
  <ProductFeature Localized="0" ID="339340969" Local_ID="0" Value="1.2" CategoryFeature_ID="42582" CategoryFeatureGroup_ID="10774" No="100270" Optional="0" Presentation_Value="1.2 m" Translated="0" Mandatory="0" Searchable="0">
   <LocalValue Value="1.2">
    <Measure ID="54">
     <Signs>
      <Sign ID="37" langid="1"><![CDATA[m]]></Sign>
     </Signs>
    </Measure>
   </LocalValue>
   <Feature ID="1266">
    <Measure ID="54" Sign="">
     <Signs>
      <Sign ID="37" langid="1"><![CDATA[m]]></Sign>
     </Signs>
    </Measure>
    <Name ID="4073" langid="1" Value="Cable length"/>
   </Feature>
  </ProductFeature>
  <ProductFeature Localized="0" ID="339585332" Local_ID="0" Value="Wired" CategoryFeature_ID="155712" CategoryFeatureGroup_ID="6264" No="10100298" Optional="0" Presentation_Value="Wired" Translated="1" Mandatory="1" Searchable="1">
   <LocalValue Value="Wired">
    <Measure ID="29">
     <Signs/>
    </Measure>
   </LocalValue>
   <Feature ID="1655">
    <Measure ID="29" Sign="">
     <Signs/>
    </Measure>
    <Name ID="5169" langid="1" Value="Connectivity technology"/>
   </Feature>
  </ProductFeature>
  <ProductFeature Localized="0" ID="339724194" Local_ID="0" Value="Y" CategoryFeature_ID="199409" CategoryFeatureGroup_ID="6264" No="100290" Optional="0" Presentation_Value="Yes" Translated="1" Mandatory="0" Searchable="0">
   <LocalValue Value="Yes">
    <Measure ID="26">
     <Signs/>
    </Measure>
   </LocalValue>
   <Feature ID="14760">
    <Measure ID="26" Sign="">
     <Signs/>
    </Measure>
    <Name ID="1151532" langid="1" Value="3.5 mm connector"/>
   </Feature>
  </ProductFeature>
  <ProductFeature Localized="0" ID="339734246" Local_ID="0" Value="N" CategoryFeature_ID="199416" CategoryFeatureGroup_ID="6264" No="100288" Optional="0" Presentation_Value="No" Translated="1" Mandatory="0" Searchable="0">
   <LocalValue Value="No">
    <Measure ID="26">
     <Signs/>
    </Measure>
   </LocalValue>
   <Feature ID="10496">
    <Measure ID="26" Sign="">
     <Signs/>
    </Measure>
    <Name ID="908239" langid="1" Value="USB connectivity"/>
   </Feature>
  </ProductFeature>
  <ProductFeature Localized="0" ID="339633579" Local_ID="0" Value="N" CategoryFeature_ID="199418" CategoryFeatureGroup_ID="6264" No="100286" Optional="0" Presentation_Value="No" Translated="1" Mandatory="0" Searchable="0">
   <LocalValue Value="No">
    <Measure ID="26">
     <Signs/>
    </Measure>
   </LocalValue>
   <Feature ID="2183">
    <Measure ID="26" Sign="">
     <Signs/>
    </Measure>
    <Name ID="11148" langid="1" Value="Bluetooth"/>
   </Feature>
  </ProductFeature>
  <ProductFeature Localized="0" ID="339709660" Local_ID="0" Value="Intraaural" CategoryFeature_ID="42691" CategoryFeatureGroup_ID="5109" No="100050" Optional="0" Presentation_Value="Intraaural" Translated="1" Mandatory="1" Searchable="0">
   <LocalValue Value="Intraaural">
    <Measure ID="29">
     <Signs/>
    </Measure>
   </LocalValue>
   <Feature ID="2527">
    <Measure ID="29" Sign="">
     <Signs/>
    </Measure>
    <Name ID="12930" langid="1" Value="Ear coupling"/>
   </Feature>
  </ProductFeature>
  <ProductFeature Localized="0" ID="835247543" Local_ID="0" Value="Neodymium" CategoryFeature_ID="41174" CategoryFeatureGroup_ID="5109" No="100034" Optional="0" Presentation_Value="Neodymium" Translated="1" Mandatory="0" Searchable="0">
   <LocalValue Value="Neodymium">
    <Measure ID="29">
     <Signs/>
    </Measure>
   </LocalValue>
   <Feature ID="2380">
    <Measure ID="29" Sign="">
     <Signs/>
    </Measure>
    <Name ID="12237" langid="1" Value="Magnet type"/>
   </Feature>
  </ProductFeature>
  <ProductFeature Localized="0" ID="339325055" Local_ID="0" Value="12.2" CategoryFeature_ID="41164" CategoryFeatureGroup_ID="5109" No="100030" Optional="0" Presentation_Value="1.22 cm" Translated="0" Mandatory="0" Searchable="0">
   <LocalValue Value="1.22">
    <Measure ID="34">
     <Signs>
      <Sign ID="18" langid="1"><![CDATA[cm]]></Sign>
     </Signs>
    </Measure>
   </LocalValue>
   <Feature ID="2379">
    <Measure ID="24" Sign="">
     <Signs>
      <Sign ID="3" langid="1"><![CDATA[mm]]></Sign>
     </Signs>
    </Measure>
    <Name ID="12234" langid="1" Value="Driver unit"/>
   </Feature>
  </ProductFeature>
  <ProductFeature Localized="0" ID="365927707" Local_ID="0" Value="In-line microphone" CategoryFeature_ID="320987" CategoryFeatureGroup_ID="5110" No="10100297" Optional="0" Presentation_Value="In-line" Translated="1" Mandatory="1" Searchable="1">
   <LocalValue Value="In-line">
    <Measure ID="29">
     <Signs/>
    </Measure>
   </LocalValue>
   <Feature ID="15803">
    <Measure ID="29" Sign="">
     <Signs/>
    </Measure>
    <Name ID="1181148" langid="1" Value="Microphone type"/>
   </Feature>
  </ProductFeature>
  <ProductFeature Localized="0" ID="339715801" Local_ID="0" Value="N" CategoryFeature_ID="927757" CategoryFeatureGroup_ID="5110" No="100000" Optional="0" Presentation_Value="No" Translated="1" Mandatory="0" Searchable="0">
   <LocalValue Value="No">
    <Measure ID="26">
     <Signs/>
    </Measure>
   </LocalValue>
   <Feature ID="46049">
    <Measure ID="26" Sign="">
     <Signs/>
    </Measure>
    <Name ID="8463440" langid="1" Value="Microphone noise-canceling"/>
   </Feature>
  </ProductFeature>
  <ProductFeature Localized="0" ID="339380939" Local_ID="0" Value="52" CategoryFeature_ID="43281" CategoryFeatureGroup_ID="5225" No="99989" Optional="0" Presentation_Value="52 mm" Translated="0" Mandatory="0" Searchable="0">
   <LocalValue Value="52">
    <Measure ID="24">
     <Signs>
      <Sign ID="3" langid="1"><![CDATA[mm]]></Sign>
     </Signs>
    </Measure>
   </LocalValue>
   <Feature ID="3808">
    <Measure ID="24" Sign="">
     <Signs>
      <Sign ID="3" langid="1"><![CDATA[mm]]></Sign>
     </Signs>
    </Measure>
    <Name ID="44095" langid="1" Value="Package width"/>
   </Feature>
  </ProductFeature>
  <ProductFeature Localized="0" ID="339410762" Local_ID="0" Value="28" CategoryFeature_ID="43275" CategoryFeatureGroup_ID="5225" No="99988" Optional="0" Presentation_Value="28 mm" Translated="0" Mandatory="0" Searchable="0">
   <LocalValue Value="28">
    <Measure ID="24">
     <Signs>
      <Sign ID="3" langid="1"><![CDATA[mm]]></Sign>
     </Signs>
    </Measure>
   </LocalValue>
   <Feature ID="3806">
    <Measure ID="24" Sign="">
     <Signs>
      <Sign ID="3" langid="1"><![CDATA[mm]]></Sign>
     </Signs>
    </Measure>
    <Name ID="44061" langid="1" Value="Package depth"/>
   </Feature>
  </ProductFeature>
  <ProductFeature Localized="0" ID="339378591" Local_ID="0" Value="172" CategoryFeature_ID="43276" CategoryFeatureGroup_ID="5225" No="99987" Optional="0" Presentation_Value="172 mm" Translated="0" Mandatory="0" Searchable="0">
   <LocalValue Value="172">
    <Measure ID="24">
     <Signs>
      <Sign ID="3" langid="1"><![CDATA[mm]]></Sign>
     </Signs>
    </Measure>
   </LocalValue>
   <Feature ID="3807">
    <Measure ID="24" Sign="">
     <Signs>
      <Sign ID="3" langid="1"><![CDATA[mm]]></Sign>
     </Signs>
    </Measure>
    <Name ID="44078" langid="1" Value="Package height"/>
   </Feature>
  </ProductFeature>
  <ProductFeature Localized="0" ID="339350231" Local_ID="0" Value="35" CategoryFeature_ID="42696" CategoryFeatureGroup_ID="5225" No="99980" Optional="0" Presentation_Value="35 g" Translated="0" Mandatory="0" Searchable="0">
   <LocalValue Value="35">
    <Measure ID="38">
     <Signs>
      <Sign ID="22" langid="1"><![CDATA[g]]></Sign>
     </Signs>
    </Measure>
   </LocalValue>
   <Feature ID="762">
    <Measure ID="38" Sign="">
     <Signs>
      <Sign ID="22" langid="1"><![CDATA[g]]></Sign>
     </Signs>
    </Measure>
    <Name ID="3055" langid="1" Value="Package weight"/>
   </Feature>
  </ProductFeature>
  <ProductFeature Localized="0" ID="339430571" Local_ID="0" Value="Blister" CategoryFeature_ID="43280" CategoryFeatureGroup_ID="5225" No="99950" Optional="0" Presentation_Value="Blister" Translated="1" Mandatory="0" Searchable="0">
   <LocalValue Value="Blister">
    <Measure ID="29">
     <Signs/>
    </Measure>
   </LocalValue>
   <Feature ID="4463">
    <Measure ID="29" Sign="">
     <Signs/>
    </Measure>
    <Name ID="60405" langid="1" Value="Package type"/>
   </Feature>
  </ProductFeature>
  <ProductFeature Localized="0" ID="835246849" Local_ID="0" Value="N" CategoryFeature_ID="255783" CategoryFeatureGroup_ID="12861" No="100015" Optional="0" Presentation_Value="No" Translated="1" Mandatory="1" Searchable="0">
   <LocalValue Value="No">
    <Measure ID="26">
     <Signs/>
    </Measure>
   </LocalValue>
   <Feature ID="1230">
    <Measure ID="26" Sign="">
     <Signs/>
    </Measure>
    <Name ID="4001" langid="1" Value="AC adapter included"/>
   </Feature>
  </ProductFeature>
  <ProductFeature Localized="0" ID="339482278" Local_ID="0" Value="1" CategoryFeature_ID="82142" CategoryFeatureGroup_ID="12861" No="99995" Optional="0" Presentation_Value="1" Translated="0" Mandatory="0" Searchable="0">
   <LocalValue Value="1">
    <Measure ID="29">
     <Signs/>
    </Measure>
   </LocalValue>
   <Feature ID="1675">
    <Measure ID="29" Sign="">
     <Signs/>
    </Measure>
    <Name ID="5223" langid="1" Value="Quantity"/>
   </Feature>
  </ProductFeature>
  <ProductFeature Localized="0" ID="339533077" Local_ID="0" Value="1298" CategoryFeature_ID="165881" CategoryFeatureGroup_ID="17998" No="99947" Optional="0" Presentation_Value="1.3 kg" Translated="0" Mandatory="0" Searchable="0">
   <LocalValue Value="1.3">
    <Measure ID="17">
     <Signs>
      <Sign ID="15505" langid="1"><![CDATA[kg]]></Sign>
     </Signs>
    </Measure>
   </LocalValue>
   <Feature ID="19016">
    <Measure ID="38" Sign="">
     <Signs>
      <Sign ID="22" langid="1"><![CDATA[g]]></Sign>
     </Signs>
    </Measure>
    <Name ID="1427069" langid="1" Value="Master (outer) case gross weight"/>
   </Feature>
  </ProductFeature>
  <ProductFeature Localized="0" ID="339533278" Local_ID="0" Value="312" CategoryFeature_ID="165883" CategoryFeatureGroup_ID="17998" No="99947" Optional="1" Presentation_Value="312 g" Translated="0" Mandatory="0" Searchable="0">
   <LocalValue Value="312">
    <Measure ID="38">
     <Signs>
      <Sign ID="22" langid="1"><![CDATA[g]]></Sign>
     </Signs>
    </Measure>
   </LocalValue>
   <Feature ID="23091">
    <Measure ID="38" Sign="">
     <Signs>
      <Sign ID="22" langid="1"><![CDATA[g]]></Sign>
     </Signs>
    </Measure>
    <Name ID="1819009" langid="1" Value="Master (outer) case net weight"/>
   </Feature>
  </ProductFeature>
  <ProductFeature Localized="0" ID="339533316" Local_ID="0" Value="131" CategoryFeature_ID="216660" CategoryFeatureGroup_ID="17998" No="99937" Optional="0" Presentation_Value="131 g" Translated="0" Mandatory="0" Searchable="0">
   <LocalValue Value="131">
    <Measure ID="38">
     <Signs>
      <Sign ID="22" langid="1"><![CDATA[g]]></Sign>
     </Signs>
    </Measure>
   </LocalValue>
   <Feature ID="22663">
    <Measure ID="38" Sign="">
     <Signs>
      <Sign ID="22" langid="1"><![CDATA[g]]></Sign>
     </Signs>
    </Measure>
    <Name ID="1789592" langid="1" Value="Shipping (inner) case gross weight"/>
   </Feature>
  </ProductFeature>
  <ProductFeature Localized="0" ID="339533215" Local_ID="0" Value="986" CategoryFeature_ID="307301" CategoryFeatureGroup_ID="10775" No="100000" Optional="1" Presentation_Value="986 g" Translated="0" Mandatory="0" Searchable="0">
   <LocalValue Value="986">
    <Measure ID="38">
     <Signs>
      <Sign ID="22" langid="1"><![CDATA[g]]></Sign>
     </Signs>
    </Measure>
   </LocalValue>
   <Feature ID="28519">
    <Measure ID="38" Sign="">
     <Signs>
      <Sign ID="22" langid="1"><![CDATA[g]]></Sign>
     </Signs>
    </Measure>
    <Name ID="2559319" langid="1" Value="Master (outer) case tare weight"/>
   </Feature>
  </ProductFeature>
  <ProductFeature Localized="0" ID="339533347" Local_ID="0" Value="39" CategoryFeature_ID="307623" CategoryFeatureGroup_ID="10775" No="100000" Optional="1" Presentation_Value="39 g" Translated="0" Mandatory="0" Searchable="0">
   <LocalValue Value="39">
    <Measure ID="38">
     <Signs>
      <Sign ID="22" langid="1"><![CDATA[g]]></Sign>
     </Signs>
    </Measure>
   </LocalValue>
   <Feature ID="24438">
    <Measure ID="38" Sign="">
     <Signs>
      <Sign ID="22" langid="1"><![CDATA[g]]></Sign>
     </Signs>
    </Measure>
    <Name ID="2019624" langid="1" Value="Shipping (inner) case net weight"/>
   </Feature>
  </ProductFeature>
  <ProductFeature Localized="0" ID="339533378" Local_ID="0" Value="92" CategoryFeature_ID="307735" CategoryFeatureGroup_ID="10775" No="100000" Optional="1" Presentation_Value="92 g" Translated="0" Mandatory="0" Searchable="0">
   <LocalValue Value="92">
    <Measure ID="38">
     <Signs>
      <Sign ID="22" langid="1"><![CDATA[g]]></Sign>
     </Signs>
    </Measure>
   </LocalValue>
   <Feature ID="31480">
    <Measure ID="38" Sign="">
     <Signs>
      <Sign ID="22" langid="1"><![CDATA[g]]></Sign>
     </Signs>
    </Measure>
    <Name ID="3157211" langid="1" Value="Shipping (inner) case tare weight"/>
   </Feature>
  </ProductFeature>
  <ProductFeature Localized="0" ID="835246837" Local_ID="0" Value="N" CategoryFeature_ID="974955" CategoryFeatureGroup_ID="12862" No="100000" Optional="0" Presentation_Value="No" Translated="1" Mandatory="1" Searchable="0">
   <LocalValue Value="No">
    <Measure ID="26">
     <Signs/>
    </Measure>
   </LocalValue>
   <Feature ID="48505">
    <Measure ID="26" Sign="">
     <Signs/>
    </Measure>
    <Name ID="9200571" langid="1" Value="USB Type-C charging port"/>
   </Feature>
  </ProductFeature>
  <ProductFeature Localized="0" ID="835246839" Local_ID="0" Value="N" CategoryFeature_ID="974956" CategoryFeatureGroup_ID="12862" No="100000" Optional="0" Presentation_Value="No" Translated="1" Mandatory="0" Searchable="0">
   <LocalValue Value="No">
    <Measure ID="26">
     <Signs/>
    </Measure>
   </LocalValue>
   <Feature ID="34351">
    <Measure ID="26" Sign="">
     <Signs/>
    </Measure>
    <Name ID="3528368" langid="1" Value="USB Power Delivery (USB PD)"/>
   </Feature>
  </ProductFeature>
  <ProductFeature Localized="0" ID="339729478" Local_ID="0" Value="N" CategoryFeature_ID="199411" CategoryFeatureGroup_ID="6259" No="100199" Optional="1" Presentation_Value="No" Translated="1" Mandatory="0" Searchable="0">
   <LocalValue Value="No">
    <Measure ID="26">
     <Signs/>
    </Measure>
   </LocalValue>
   <Feature ID="30204">
    <Measure ID="26" Sign="">
     <Signs/>
    </Measure>
    <Name ID="2848343" langid="1" Value="2.5 mm connector"/>
   </Feature>
  </ProductFeature>
  <ProductFeature Localized="0" ID="339348636" Local_ID="0" Value="5.2 x 2.8 x 17.2" CategoryFeature_ID="42491" CategoryFeatureGroup_ID="6259" No="100010" Optional="1" Presentation_Value="5.2 x 2.8 x 17.2 mm" Translated="0" Mandatory="0" Searchable="0">
   <LocalValue Value="5.2 x 2.8 x 17.2">
    <Measure ID="24">
     <Signs>
      <Sign ID="3" langid="1"><![CDATA[mm]]></Sign>
     </Signs>
    </Measure>
   </LocalValue>
   <Feature ID="582">
    <Measure ID="24" Sign="">
     <Signs>
      <Sign ID="3" langid="1"><![CDATA[mm]]></Sign>
     </Signs>
    </Measure>
    <Name ID="2695" langid="1" Value="Package dimensions (WxDxH)"/>
   </Feature>
  </ProductFeature>
  <ProductFeature Localized="0" ID="339503865" Local_ID="0" Value="22" CategoryFeature_ID="190671" CategoryFeatureGroup_ID="6259" No="100000" Optional="1" Presentation_Value="22 g" Translated="0" Mandatory="0" Searchable="0">
   <LocalValue Value="22">
    <Measure ID="38">
     <Signs>
      <Sign ID="22" langid="1"><![CDATA[g]]></Sign>
     </Signs>
    </Measure>
   </LocalValue>
   <Feature ID="28520">
    <Measure ID="38" Sign="">
     <Signs>
      <Sign ID="22" langid="1"><![CDATA[g]]></Sign>
     </Signs>
    </Measure>
    <Name ID="2559370" langid="1" Value="Package tare weight"/>
   </Feature>
  </ProductFeature>
  <ProductFeature Localized="0" ID="339497992" Local_ID="0" Value="13" CategoryFeature_ID="112393" CategoryFeatureGroup_ID="10775" No="0" Optional="1" Presentation_Value="13 g" Translated="0" Mandatory="0" Searchable="0">
   <LocalValue Value="13">
    <Measure ID="38">
     <Signs>
      <Sign ID="22" langid="1"><![CDATA[g]]></Sign>
     </Signs>
    </Measure>
   </LocalValue>
   <Feature ID="18985">
    <Measure ID="38" Sign="">
     <Signs>
      <Sign ID="22" langid="1"><![CDATA[g]]></Sign>
     </Signs>
    </Measure>
    <Name ID="1426480" langid="1" Value="Package net weight"/>
   </Feature>
  </ProductFeature>
  <ProductFeature Localized="0" ID="339393244" Local_ID="0" Value="6" CategoryFeature_ID="43251" CategoryFeatureGroup_ID="6259" No="0" Optional="1" Presentation_Value="6 cm" Translated="0" Mandatory="0" Searchable="0">
   <LocalValue Value="6">
    <Measure ID="34">
     <Signs>
      <Sign ID="18" langid="1"><![CDATA[cm]]></Sign>
     </Signs>
    </Measure>
   </LocalValue>
   <Feature ID="4775">
    <Measure ID="34" Sign="">
     <Signs>
      <Sign ID="18" langid="1"><![CDATA[cm]]></Sign>
     </Signs>
    </Measure>
    <Name ID="61141" langid="1" Value="Height (cm) inner carton"/>
   </Feature>
  </ProductFeature>
  <ProductFeature Localized="0" ID="339393469" Local_ID="0" Value="16.3" CategoryFeature_ID="43252" CategoryFeatureGroup_ID="6259" No="0" Optional="1" Presentation_Value="16.3 cm" Translated="0" Mandatory="0" Searchable="0">
   <LocalValue Value="16.3">
    <Measure ID="34">
     <Signs>
      <Sign ID="18" langid="1"><![CDATA[cm]]></Sign>
     </Signs>
    </Measure>
   </LocalValue>
   <Feature ID="4904">
    <Measure ID="34" Sign="">
     <Signs>
      <Sign ID="18" langid="1"><![CDATA[cm]]></Sign>
     </Signs>
    </Measure>
    <Name ID="61480" langid="1" Value="Height (cm) outer carton"/>
   </Feature>
  </ProductFeature>
  <ProductFeature Localized="0" ID="339393562" Local_ID="0" Value="17.9" CategoryFeature_ID="43260" CategoryFeatureGroup_ID="6259" No="0" Optional="1" Presentation_Value="17.9 cm" Translated="0" Mandatory="0" Searchable="0">
   <LocalValue Value="17.9">
    <Measure ID="34">
     <Signs>
      <Sign ID="18" langid="1"><![CDATA[cm]]></Sign>
     </Signs>
    </Measure>
   </LocalValue>
   <Feature ID="4777">
    <Measure ID="34" Sign="">
     <Signs>
      <Sign ID="18" langid="1"><![CDATA[cm]]></Sign>
     </Signs>
    </Measure>
    <Name ID="61143" langid="1" Value="Length (cm) inner carton"/>
   </Feature>
  </ProductFeature>
  <ProductFeature Localized="0" ID="339393852" Local_ID="0" Value="34.5" CategoryFeature_ID="43261" CategoryFeatureGroup_ID="6259" No="0" Optional="1" Presentation_Value="34.5 cm" Translated="0" Mandatory="0" Searchable="0">
   <LocalValue Value="34.5">
    <Measure ID="34">
     <Signs>
      <Sign ID="18" langid="1"><![CDATA[cm]]></Sign>
     </Signs>
    </Measure>
   </LocalValue>
   <Feature ID="4906">
    <Measure ID="34" Sign="">
     <Signs>
      <Sign ID="18" langid="1"><![CDATA[cm]]></Sign>
     </Signs>
    </Measure>
    <Name ID="61482" langid="1" Value="Length (cm) outer carton"/>
   </Feature>
  </ProductFeature>
  <ProductFeature Localized="0" ID="339383319" Local_ID="0" Value="3" CategoryFeature_ID="43282" CategoryFeatureGroup_ID="6259" No="0" Optional="1" Presentation_Value="3 pc(s)" Translated="0" Mandatory="0" Searchable="0">
   <LocalValue Value="3">
    <Measure ID="144">
     <Signs>
      <Sign ID="125" langid="1"><![CDATA[pc(s)]]></Sign>
     </Signs>
    </Measure>
   </LocalValue>
   <Feature ID="4780">
    <Measure ID="144" Sign="">
     <Signs>
      <Sign ID="125" langid="1"><![CDATA[pc(s)]]></Sign>
     </Signs>
    </Measure>
    <Name ID="61146" langid="1" Value="Quantity inner carton"/>
   </Feature>
  </ProductFeature>
  <ProductFeature Localized="0" ID="339383552" Local_ID="0" Value="24" CategoryFeature_ID="43283" CategoryFeatureGroup_ID="6259" No="0" Optional="1" Presentation_Value="24 pc(s)" Translated="0" Mandatory="0" Searchable="0">
   <LocalValue Value="24">
    <Measure ID="144">
     <Signs>
      <Sign ID="125" langid="1"><![CDATA[pc(s)]]></Sign>
     </Signs>
    </Measure>
   </LocalValue>
   <Feature ID="4909">
    <Measure ID="144" Sign="">
     <Signs>
      <Sign ID="125" langid="1"><![CDATA[pc(s)]]></Sign>
     </Signs>
    </Measure>
    <Name ID="61485" langid="1" Value="Quantity outer carton"/>
   </Feature>
  </ProductFeature>
  <ProductFeature Localized="0" ID="339394009" Local_ID="0" Value="8" CategoryFeature_ID="43296" CategoryFeatureGroup_ID="6259" No="0" Optional="1" Presentation_Value="8 cm" Translated="0" Mandatory="0" Searchable="0">
   <LocalValue Value="8">
    <Measure ID="34">
     <Signs>
      <Sign ID="18" langid="1"><![CDATA[cm]]></Sign>
     </Signs>
    </Measure>
   </LocalValue>
   <Feature ID="4782">
    <Measure ID="34" Sign="">
     <Signs>
      <Sign ID="18" langid="1"><![CDATA[cm]]></Sign>
     </Signs>
    </Measure>
    <Name ID="61148" langid="1" Value="Width (cm) inner carton"/>
   </Feature>
  </ProductFeature>
  <ProductFeature Localized="0" ID="339394126" Local_ID="0" Value="19.7" CategoryFeature_ID="43297" CategoryFeatureGroup_ID="6259" No="0" Optional="1" Presentation_Value="19.7 cm" Translated="0" Mandatory="0" Searchable="0">
   <LocalValue Value="19.7">
    <Measure ID="34">
     <Signs>
      <Sign ID="18" langid="1"><![CDATA[cm]]></Sign>
     </Signs>
    </Measure>
   </LocalValue>
   <Feature ID="4911">
    <Measure ID="34" Sign="">
     <Signs>
      <Sign ID="18" langid="1"><![CDATA[cm]]></Sign>
     </Signs>
    </Measure>
    <Name ID="61487" langid="1" Value="Width (cm) outer carton"/>
   </Feature>
  </ProductFeature>
  <ProductFeature Localized="0" ID="339434970" Local_ID="0" Value="Hanging" CategoryFeature_ID="61091" CategoryFeatureGroup_ID="6259" No="0" Optional="1" Presentation_Value="Hanging" Translated="0" Mandatory="0" Searchable="0">
   <LocalValue Value="Hanging">
    <Measure ID="29">
     <Signs/>
    </Measure>
   </LocalValue>
   <Feature ID="5709">
    <Measure ID="29" Sign="">
     <Signs/>
    </Measure>
    <Name ID="118415" langid="1" Value="Type of shelf-placement"/>
   </Feature>
  </ProductFeature>
  <ProductFeature Localized="0" ID="339476747" Local_ID="0" Value="8 x 17.9 x 6" CategoryFeature_ID="78866" CategoryFeatureGroup_ID="6259" No="0" Optional="1" Presentation_Value="8 x 17.9 x 6 mm" Translated="0" Mandatory="0" Searchable="0">
   <LocalValue Value="8 x 17.9 x 6">
    <Measure ID="24">
     <Signs>
      <Sign ID="3" langid="1"><![CDATA[mm]]></Sign>
     </Signs>
    </Measure>
   </LocalValue>
   <Feature ID="4451">
    <Measure ID="24" Sign="">
     <Signs>
      <Sign ID="3" langid="1"><![CDATA[mm]]></Sign>
     </Signs>
    </Measure>
    <Name ID="60393" langid="1" Value="Inner carton dimensions (W x D x H)"/>
   </Feature>
  </ProductFeature>
  <ProductFeature Localized="0" ID="339480927" Local_ID="0" Value="19.7 x 34.5 x 16.3" CategoryFeature_ID="78868" CategoryFeatureGroup_ID="6259" No="0" Optional="1" Presentation_Value="19.7 x 34.5 x 16.3 mm" Translated="0" Mandatory="0" Searchable="0">
   <LocalValue Value="19.7 x 34.5 x 16.3">
    <Measure ID="24">
     <Signs>
      <Sign ID="3" langid="1"><![CDATA[mm]]></Sign>
     </Signs>
    </Measure>
   </LocalValue>
   <Feature ID="11614">
    <Measure ID="24" Sign="">
     <Signs>
      <Sign ID="3" langid="1"><![CDATA[mm]]></Sign>
     </Signs>
    </Measure>
    <Name ID="1068997" langid="1" Value="Outer carton dimensions (W x D x H)"/>
   </Feature>
  </ProductFeature>
  <ProductGallery>
   <ProductPicture IsMain="Y" LowPic="https://images.icecat.biz/img/gallery_lows/69909929_8165504003.jpg" LowPicHeight="200" LowPicWidth="79" LowSize="6650" No="1" Original="https://images.icecat.biz/img/gallery_raw/69909929_8165504003.jpeg" OriginalSize="99404" Pic="https://images.icecat.biz/img/gallery/69909929_8165504003.jpg" Pic500x500="https://images.icecat.biz/img/gallery_mediums/69909929_8165504003.jpg" Pic500x500Height="500" Pic500x500Size="26470" Pic500x500Width="199" PicHeight="2400" PicWidth="959" ProductPicture_ID="31064015" Size="202255" ThumbPic="https://images.icecat.biz/img/gallery_thumbs/69909929_8165504003.jpg" ThumbSize="1693" Type="ProductImage" UpdatedDate="2019-03-28 03:03:12"/>
   <ProductPicture LowPic="" LowPicHeight="0" LowPicWidth="0" LowSize="0" No="999" Original="" OriginalSize="0" Pic="https://images.icecat.biz/img/feature_logo/1242-3899.png" Pic500x500="" Pic500x500Height="0" Pic500x500Size="0" Pic500x500Width="0" PicHeight="0" PicWidth="0" ProductPicture_ID="4307268537" Size="0" ThumbPic="https://images.icecat.biz/img/feature_logo_thumbs/1242-3899.png" ThumbSize="0" Type="FeatureLogo" UpdatedDate="" langid="1"/>
  </ProductGallery>
  <ProductMultimediaObject>
   <MultimediaObject ContentType="application/pdf" Date="2019-04-02 18:35:46" Description="leaflet" KeepAsURL="0" MultimediaObject_ID="15149140" Type="leaflet" UUID="9152803B-C360-401A-BB14-016023A5DF1A" langid="1" Height="0" PreviewHeight="0" PreviewSize="0" PreviewUrl="" PreviewWidth="0" Size="228414" URL="https://objects.icecat.biz/objects/mmo_69909929_1554222946_7245_30082.pdf" Width="0"/>
   <MultimediaObject ContentType="application/pdf" Date="2022-07-11 13:55:56" Description="Retail Trade Leaflet" KeepAsURL="0" MultimediaObject_ID="15149146" Type="other digital assets" UUID="3F191334-7A46-4EB2-99DE-049FF06366DA" langid="1" Height="0" PreviewHeight="0" PreviewSize="0" PreviewUrl="" PreviewWidth="0" Size="79941" URL="https://objects.icecat.biz/objects/mmo_69909929_1554222947_2719_30082.pdf" Width="0"/>
  </ProductMultimediaObject>
  <ProductRelated/>
  <SummaryDescription>
   <ShortSummaryDescription langid="1">Philips 2000 series Earbud headphones with mic SHE2305WT/00, Wired, Calls/Music, Headset, White</ShortSummaryDescription>
   <LongSummaryDescription langid="1">Philips 2000 series Earbud headphones with mic SHE2305WT/00. Product type: Headset. Connectivity technology: Wired. Recommended usage: Calls/Music, Cable length: 1.2 m, Product colour: White</LongSummaryDescription>
  </SummaryDescription>
  <Supplier ID="25" Name="Philips"/>
  <CatalogObjectCloud>
   <ProductPage QRCodeURL="https://qr.icecat.biz/coc/eb7da11e-fd24-4aee-a548-7904e8401dcf" URL="https://coc.icecat.biz/eb7da11e-fd24-4aee-a548-7904e8401dcf"/>
  </CatalogObjectCloud>
  <BrandOrganizations>
   <BrandOwner>
    <Organization ID="746b5ec8-895f-4b31-9389-f174724db4d2" Name="Koninklijke Philips N.V." CountryCode="NL" State="" City="Amsterdam" Street="Amstelplein" HouseNumber="2" ZIP="1096 BC">
     <URLs>
      <URL>https://www.philips-foundation.com/a-w/about-us.html</URL>
     </URLs>
     <Emails/>
    </Organization>
   </BrandOwner>
   <Licensees/>
   <Representatives>
    <Representative ID="172489241077481921">
     <Organization ID="227a9352-bd77-47a3-afa5-1d5e9a0ce924" Name="Philips Danmark A/S" CountryCode="DK" State="" City="Copenhagen" Street="Frederikskaj" HouseNumber="6" ZIP="1780">
      <URLs>
       <URL>https://www.philips.dk/a-w/betingelser</URL>
      </URLs>
      <Emails/>
     </Organization>
    </Representative>
    <Representative ID="172489241077481922">
     <Organization ID="9c8decf5-b002-48de-af6f-bf27bf23bacd" Name="Philips GmbH Market DACH" CountryCode="DE" State="" City="Hamburg" Street="Röntgenstr." HouseNumber="22" ZIP="22335">
      <URLs>
       <URL>https://www.philips.de/a-w/site-owner</URL>
      </URLs>
      <Emails/>
     </Organization>
    </Representative>
    <Representative ID="172489241077481923">
     <Organization ID="8bc82dd9-407d-4a8c-8ade-3bb06e3dbfc6" Name="Philips Nederland B.V." CountryCode="NL" State="" City="Eindhoven" Street="Kantoor Boschdijk" HouseNumber="525" ZIP="5621 JG">
      <URLs>
       <URL>https://www.philips.nl/a-w/gebruiksvoorwaarden</URL>
      </URLs>
      <Emails/>
     </Organization>
    </Representative>
   </Representatives>
  </BrandOrganizations>
 </Product>
</ICECAT-interface>
