<?xml version="1.0" encoding="UTF-8"?>
<!DOCTYPE ICECAT-interface SYSTEM "https://data.icecat.biz/dtd/ICECAT-interface_response.dtd">
<!--source: Icecat.biz 2025-->
<!--Language ID: 1-->
<!--Version: v2-->
<ICECAT-interface xmlns:xsi="http://www.w3.org/2001/XMLSchema-instance" xsi:noNamespaceSchemaLocation="https://data.icecat.biz/xsd/ICECAT-interface_response.xsd">
 <Product Code="1" HighPic="https://inishop.com/img/gallery/92973083_8783897098.jpg" HighPicHeight="550" HighPicSize="93614" HighPicWidth="550" ID="92973083" LowPic="https://inishop.com/img/gallery_lows/92973083_8783897098.jpg" LowPicHeight="200" LowPicSize="23624" LowPicWidth="200" Name="9 Baro" IntName="9 Baro" LocalName="" Pic500x500="https://inishop.com/img/gallery_mediums/92973083_8783897098.jpg" Pic500x500Height="500" Pic500x500Size="104666" Pic500x500Width="500" Prod_id="SS050438000" Quality="ICECAT" ReleaseDate="" ThumbPic="https://inishop.com/img/gallery_thumbs/92973083_8783897098.jpg" ThumbPicSize="5271" Title="Suunto 9 Baro 3.4 cm (1.34&quot;) Dot-matrix Digital 320 x 300 pixels Touchscreen Black GPS (satellite)" GeneratedIntTitle="Suunto 9 Baro" GeneratedLocalTitle="Suunto 9 Baro 3.4 cm (1.34&quot;) Dot-matrix Digital 320 x 300 pixels Touchscreen Black GPS (satellite)" BrandLocalTitle="">
  <CategoryFeatureGroup ID="34607" No="0">
   <FeatureGroup ID="0">
    <Name ID="5073" langid="1" Value="Technical details"/>
   </FeatureGroup>
  </CategoryFeatureGroup>
  <CategoryFeatureGroup ID="73962" No="20">
   <FeatureGroup ID="3">
    <Name ID="4863" langid="1" Value="Memory"/>
   </FeatureGroup>
  </CategoryFeatureGroup>
  <CategoryFeatureGroup ID="34566" No="25">
   <FeatureGroup ID="5">
    <Name ID="4867" langid="1" Value="Display"/>
   </FeatureGroup>
  </CategoryFeatureGroup>
  <CategoryFeatureGroup ID="9989" No="5">
   <FeatureGroup ID="12">
    <Name ID="4995" langid="1" Value="Ports &amp; interfaces"/>
   </FeatureGroup>
  </CategoryFeatureGroup>
  <CategoryFeatureGroup ID="9976" No="-3">
   <FeatureGroup ID="14">
    <Name ID="5023" langid="1" Value="Weight &amp; dimensions"/>
   </FeatureGroup>
  </CategoryFeatureGroup>
  <CategoryFeatureGroup ID="9984" No="4">
   <FeatureGroup ID="27">
    <Name ID="5049" langid="1" Value="Power"/>
   </FeatureGroup>
  </CategoryFeatureGroup>
  <CategoryFeatureGroup ID="14029" No="2">
   <FeatureGroup ID="28">
    <Name ID="5067" langid="1" Value="Operational conditions"/>
   </FeatureGroup>
  </CategoryFeatureGroup>
  <CategoryFeatureGroup ID="10361" No="10">
   <FeatureGroup ID="35">
    <Name ID="5167" langid="1" Value="Network"/>
   </FeatureGroup>
  </CategoryFeatureGroup>
  <CategoryFeatureGroup ID="9985" No="-4">
   <FeatureGroup ID="67">
    <Name ID="27423" langid="1" Value="Packaging data"/>
   </FeatureGroup>
  </CategoryFeatureGroup>
  <CategoryFeatureGroup ID="41600" No="0">
   <FeatureGroup ID="76">
    <Name ID="28540" langid="1" Value="Certificates"/>
   </FeatureGroup>
  </CategoryFeatureGroup>
  <CategoryFeatureGroup ID="73961" No="0">
   <FeatureGroup ID="90">
    <Name ID="30562" langid="1" Value="Software"/>
   </FeatureGroup>
  </CategoryFeatureGroup>
  <CategoryFeatureGroup ID="15273" No="-5">
   <FeatureGroup ID="116">
    <Name ID="78852" langid="1" Value="Packaging content"/>
   </FeatureGroup>
  </CategoryFeatureGroup>
  <CategoryFeatureGroup ID="53656" No="0">
   <FeatureGroup ID="143">
    <Name ID="618812" langid="1" Value="Battery"/>
   </FeatureGroup>
  </CategoryFeatureGroup>
  <CategoryFeatureGroup ID="34569" No="0">
   <FeatureGroup ID="146">
    <Name ID="624346" langid="1" Value="Other features"/>
   </FeatureGroup>
  </CategoryFeatureGroup>
  <CategoryFeatureGroup ID="16293" No="20">
   <FeatureGroup ID="148">
    <Name ID="630457" langid="1" Value="Design"/>
   </FeatureGroup>
  </CategoryFeatureGroup>
  <CategoryFeatureGroup ID="34567" No="20">
   <FeatureGroup ID="184">
    <Name ID="1218765" langid="1" Value="Performance"/>
   </FeatureGroup>
  </CategoryFeatureGroup>
  <CategoryFeatureGroup ID="26690" No="12">
   <FeatureGroup ID="185">
    <Name ID="1219853" langid="1" Value="Features"/>
   </FeatureGroup>
  </CategoryFeatureGroup>
  <CategoryFeatureGroup ID="28241" No="-10">
   <FeatureGroup ID="198">
    <Name ID="1788927" langid="1" Value="Logistics data"/>
   </FeatureGroup>
  </CategoryFeatureGroup>
  <CategoryFeatureGroup ID="78873" No="0">
   <FeatureGroup ID="230">
    <Name ID="3400961" langid="1" Value="Headset"/>
   </FeatureGroup>
  </CategoryFeatureGroup>
  <CategoryFeatureGroup ID="30767" No="0">
   <FeatureGroup ID="232">
    <Name ID="3464238" langid="1" Value="Supplier features"/>
   </FeatureGroup>
  </CategoryFeatureGroup>
  <CategoryFeatureGroup ID="75914" No="-8">
   <FeatureGroup ID="279">
    <Name ID="7392238" langid="1" Value="Sustainability"/>
   </FeatureGroup>
  </CategoryFeatureGroup>
  <Category ID="2647">
   <Name ID="3729203" langid="1" Value="Smartwatches &amp; Sport Watches"/>
  </Category>
  <EANCode EAN="6417084504623" Format="GTIN-13" IsApproved="1"/>
  <ReleaseDate/>
  <EndOfLifeDate/>
  <ReasonsToBuy/>
  <BulletPoints/>
  <GeneratedBulletPoints>
   <GeneratedBulletPoint Value="Sport watch Digital Touchscreen 3.4 cm (1.34&quot;) Dot-matrix" langid="1" No="1"/>
   <GeneratedBulletPoint Value="320 x 300 pixels" langid="1" No="2"/>
   <GeneratedBulletPoint Value="Water resistant Waterproof up to: 100 m" langid="1" No="3"/>
   <GeneratedBulletPoint Value="Heart rate monitor" langid="1" No="4"/>
   <GeneratedBulletPoint Value="GPS (satellite) GLONASS" langid="1" No="5"/>
   <GeneratedBulletPoint Value="Bluetooth" langid="1" No="6"/>
   <GeneratedBulletPoint Value="Built-in battery Lithium-Ion (Li-Ion)" langid="1" No="7"/>
  </GeneratedBulletPoints>
  <ProductBundled/>
  <ProductDescription ID="81960047" LongDesc="&lt;b&gt;Be an ambassador for adventure&lt;/b&gt;&lt;br&gt;&lt;br&gt;Suunto 9 Ambassador Edition features a distinctively branded textile strap previously only worn by our athlete ambassadors. With its specially engraved bezel, this is an unmissable way to upgrade to the award-winning Suunto 9 Baro Titanium.&lt;br&gt;&lt;br&gt;Suunto 9 is a multisport GPS watch designed for athletes who demand the best from their sports watch. Intelligent battery life management system with smart reminders ensures your watch will last just as long as you need it to. The robust Suunto 9 is made for long, arduous training and racing and extreme adventures.&lt;br&gt;&lt;br&gt;&lt;b&gt;NEVER WORRY ABOUT RUNNING OUT OF BATTERY&lt;/b&gt;&lt;br&gt;&lt;br&gt;Four predefined battery modes – Performance, Endurance, Ultra and Tour – deliver from 25 hours to up to 170 hours* of recording time with GPS tracking on. When you start a recording, you’ll get an estimate of how much battery you have left with the current mode. If it’s not enough, switch to another mode at any time.&lt;br&gt;&lt;br&gt;Suunto 9 uses smart reminders based on your activity history, to help ensure you are fully charged for your next outing. If the watch notices you are running low on battery during an exercise, it will automatically suggest changing to a different battery mode.&lt;br&gt;&lt;br&gt;&lt;b&gt;TESTED TOUGH&lt;/b&gt;&lt;br&gt;&lt;br&gt;Suunto 9 Baro is designed and built to meet the needs of the most demanding athletes and adventurers. Like all Suunto watches, it has been thoroughly tested by Suunto’s internal testing team and athletes all over the world, with thousands of hours of real use in the toughest conditions. Suunto 9 Baro has also been tested against US military standard 810H and passed several tough tests including extreme temperatures, shock and drop, sand and dust, humidity, and freezing rain – so you can rely on it to confidently see you through any adventure!&lt;br&gt;&lt;br&gt;&lt;b&gt;SUUNTO FUSEDTRACK™ FOR MORE ACCURATE TRACK AND DISTANCE&lt;/b&gt;&lt;br&gt;&lt;br&gt;On long ultra runs, battery life is often the limiting factor for recording distance and track accurately, as GPS is a heavy drain on the battery. Suunto’s unique FusedTrack™ algorithm combines GPS and motion sensor data to improve track and distance accuracy. This allows you to extend battery life by lowering GPS power without significantly compromising accuracy. &lt;br&gt;&lt;br&gt;&lt;b&gt;SHARE YOUR PASSION WITH SUUNTO APP&lt;/b&gt;&lt;br&gt;&lt;br&gt;Pair Suunto 9 with the Suunto app to track all your adventures, as well as follow your long term trends, including daily activity and sleep. Easily share your greatest achievements and connect with others in the app community.&lt;br&gt;&lt;br&gt;The smart mobile connection keeps you on top of your daily business with incoming call alerts, messages and notifications to your watch. Suunto app is available in the App Store and Google Play.&lt;br&gt;&lt;br&gt;&lt;b&gt;GET THE BENEFITS FROM SUUNTO PARTNER NETWORK&lt;/b&gt;&lt;br&gt;&lt;br&gt;Connect your Suunto watch with your favorite tools to analyse your training, find new routes, get coaching or create 3D videos of your adventures – and share to your favourite community. &lt;br&gt;&lt;br&gt;Suunto watch also comes with Value Pack; benefits and treats worth over 500€/£/$ offered to you by our partners aiming to elevate your training and outdoor experience and help with reaching your goals.&lt;br&gt;&lt;br&gt;&lt;b&gt;Designed for all the things that can not be measured&lt;/b&gt;&lt;br&gt;&lt;br&gt;Suunto 9 Peak and Suunto 9 Baro - Suunto's flagship range with features for the most demanding outdoor sports and adventures. Tough and durable GPS sports watches with ultimate battery life and barometer. Made in Finland.&lt;br&gt;&lt;br&gt;&lt;b&gt;What’s the difference?&lt;/b&gt;&lt;br&gt;&lt;br&gt;Suunto 9 Peak is the thinnest, smallest and toughest watch that Suunto has ever made. Additionally, Suunto 9 Peak has convenient automatic backlight, over the air update and blood oxygen for altitude acclimation. Suunto 9 Baro is the robust, full-sized version of our flagship." ManualPDFSize="0" ManualPDFURL="" MiddleDesc="" PDFSize="0" PDFURL="" ShortDesc="320 x 300 LED, GPS, max. 100 m, Bluetooth, 51.5 x 51.5 x 17 mm, 76 g, Titanium Ambassador Edition" URL="https://www.suunto.com/en-gb/Products/sports-watches/suunto-9-baro/suunto-9-baro-titanium-ambassador-edition/" WarrantyInfo="" langid="1"/>
  <ProductFeature Localized="0" ID="451134056" Local_ID="0" Value="Digital" CategoryFeature_ID="85325" CategoryFeatureGroup_ID="34566" No="10100140" Optional="0" Presentation_Value="Digital" Translated="1" Mandatory="1" Searchable="1">
   <LocalValue Value="Digital">
    <Measure ID="29">
     <Signs/>
    </Measure>
   </LocalValue>
   <Feature ID="9104">
    <Measure ID="29" Sign="">
     <Signs/>
    </Measure>
    <Name ID="761213" langid="1" Value="Display type"/>
   </Feature>
  </ProductFeature>
  <ProductFeature Localized="0" ID="451128186" Local_ID="0" Value="320 x 300" CategoryFeature_ID="85332" CategoryFeatureGroup_ID="34566" No="10100130" Optional="0" Presentation_Value="320 x 300 pixels" Translated="0" Mandatory="1" Searchable="1">
   <LocalValue Value="320 x 300">
    <Measure ID="39">
     <Signs>
      <Sign ID="23" langid="1"><![CDATA[pixels]]></Sign>
     </Signs>
    </Measure>
   </LocalValue>
   <Feature ID="1585">
    <Measure ID="39" Sign="">
     <Signs>
      <Sign ID="23" langid="1"><![CDATA[pixels]]></Sign>
     </Signs>
    </Measure>
    <Name ID="4927" langid="1" Value="Display resolution"/>
   </Feature>
  </ProductFeature>
  <ProductFeature Localized="0" ID="451138354" Local_ID="0" Value="Y" CategoryFeature_ID="85331" CategoryFeatureGroup_ID="34566" No="10100129" Optional="0" Presentation_Value="Yes" Translated="1" Mandatory="1" Searchable="1">
   <LocalValue Value="Yes">
    <Measure ID="26">
     <Signs/>
    </Measure>
   </LocalValue>
   <Feature ID="4963">
    <Measure ID="26" Sign="">
     <Signs/>
    </Measure>
    <Name ID="61603" langid="1" Value="Touchscreen"/>
   </Feature>
  </ProductFeature>
  <ProductFeature Localized="0" ID="835231204" Local_ID="0" Value="1.34" CategoryFeature_ID="85330" CategoryFeatureGroup_ID="34566" No="100150" Optional="0" Presentation_Value="3.4 cm (1.34&quot;)" Translated="0" Mandatory="1" Searchable="0">
   <LocalValue Value="3.4">
    <Measure ID="34">
     <Signs>
      <Sign ID="18" langid="1"><![CDATA[cm]]></Sign>
     </Signs>
    </Measure>
   </LocalValue>
   <Feature ID="944">
    <Measure ID="16" Sign="">
     <Signs>
      <Sign ID="11" langid="1"><![CDATA["]]></Sign>
     </Signs>
    </Measure>
    <Name ID="3429" langid="1" Value="Display diagonal"/>
   </Feature>
  </ProductFeature>
  <ProductFeature Localized="0" ID="494460843" Local_ID="0" Value="Dot-matrix" CategoryFeature_ID="99533" CategoryFeatureGroup_ID="34566" No="100150" Optional="0" Presentation_Value="Dot-matrix" Translated="1" Mandatory="1" Searchable="0">
   <LocalValue Value="Dot-matrix">
    <Measure ID="29">
     <Signs/>
    </Measure>
   </LocalValue>
   <Feature ID="9713">
    <Measure ID="29" Sign="">
     <Signs/>
    </Measure>
    <Name ID="804833" langid="1" Value="Display technology"/>
   </Feature>
  </ProductFeature>
  <ProductFeature Localized="0" ID="451102975" Local_ID="0" Value="Y" CategoryFeature_ID="586188" CategoryFeatureGroup_ID="34566" No="100145" Optional="0" Presentation_Value="Yes" Translated="1" Mandatory="0" Searchable="0">
   <LocalValue Value="Yes">
    <Measure ID="26">
     <Signs/>
    </Measure>
   </LocalValue>
   <Feature ID="20168">
    <Measure ID="26" Sign="">
     <Signs/>
    </Measure>
    <Name ID="1497951" langid="1" Value="Colour display"/>
   </Feature>
  </ProductFeature>
  <ProductFeature Localized="0" ID="451096877" Local_ID="0" Value="Y" CategoryFeature_ID="891281" CategoryFeatureGroup_ID="34566" No="100000" Optional="0" Presentation_Value="Yes" Translated="1" Mandatory="0" Searchable="0">
   <LocalValue Value="Yes">
    <Measure ID="26">
     <Signs/>
    </Measure>
   </LocalValue>
   <Feature ID="3709">
    <Measure ID="26" Sign="">
     <Signs/>
    </Measure>
    <Name ID="41357" langid="1" Value="Backlight"/>
   </Feature>
  </ProductFeature>
  <ProductFeature Localized="0" ID="451124657" Local_ID="0" Value="Sport watch" CategoryFeature_ID="891356" CategoryFeatureGroup_ID="16293" No="10100150" Optional="0" Presentation_Value="Sport watch" Translated="1" Mandatory="1" Searchable="1">
   <LocalValue Value="Sport watch">
    <Measure ID="29">
     <Signs/>
    </Measure>
   </LocalValue>
   <Feature ID="9021">
    <Measure ID="29" Sign="">
     <Signs/>
    </Measure>
    <Name ID="757557" langid="1" Value="Market positioning"/>
   </Feature>
  </ProductFeature>
  <ProductFeature Localized="0" ID="835231405" Local_ID="0" Value="Black" CategoryFeature_ID="595045" CategoryFeatureGroup_ID="16293" No="10100090" Optional="0" Presentation_Value="Black" Translated="1" Mandatory="1" Searchable="1">
   <LocalValue Value="Black">
    <Measure ID="29">
     <Signs/>
    </Measure>
   </LocalValue>
   <Feature ID="42417">
    <Measure ID="29" Sign="">
     <Signs/>
    </Measure>
    <Name ID="6854358" langid="1" Value="Watch case colour"/>
   </Feature>
  </ProductFeature>
  <ProductFeature Localized="0" ID="451122054" Local_ID="0" Value="Polyamide,Glass fibre" CategoryFeature_ID="595044" CategoryFeatureGroup_ID="16293" No="10100089" Optional="0" Presentation_Value="Polyamide, Glass fibre" Translated="1" Mandatory="1" Searchable="1">
   <LocalValue Value="Polyamide, Glass fibre">
    <Measure ID="29">
     <Signs/>
    </Measure>
   </LocalValue>
   <Feature ID="42418">
    <Measure ID="29" Sign="">
     <Signs/>
    </Measure>
    <Name ID="6854424" langid="1" Value="Watch case material"/>
   </Feature>
  </ProductFeature>
  <ProductFeature Localized="0" ID="451120322" Local_ID="0" Value="Black" CategoryFeature_ID="85301" CategoryFeatureGroup_ID="16293" No="10100080" Optional="0" Presentation_Value="Black" Translated="1" Mandatory="1" Searchable="1">
   <LocalValue Value="Black">
    <Measure ID="29">
     <Signs/>
    </Measure>
   </LocalValue>
   <Feature ID="11025">
    <Measure ID="29" Sign="">
     <Signs/>
    </Measure>
    <Name ID="964589" langid="1" Value="Band colour"/>
   </Feature>
  </ProductFeature>
  <ProductFeature Localized="0" ID="451085865" Local_ID="0" Value="Textile" CategoryFeature_ID="94551" CategoryFeatureGroup_ID="16293" No="100160" Optional="0" Presentation_Value="Textile" Translated="1" Mandatory="1" Searchable="0">
   <LocalValue Value="Textile">
    <Measure ID="29">
     <Signs/>
    </Measure>
   </LocalValue>
   <Feature ID="7605">
    <Measure ID="29" Sign="">
     <Signs/>
    </Measure>
    <Name ID="590260" langid="1" Value="Band material"/>
   </Feature>
  </ProductFeature>
  <ProductFeature Localized="0" ID="451120809" Local_ID="0" Value="Round" CategoryFeature_ID="85327" CategoryFeatureGroup_ID="16293" No="100155" Optional="0" Presentation_Value="Round" Translated="1" Mandatory="1" Searchable="0">
   <LocalValue Value="Round">
    <Measure ID="29">
     <Signs/>
    </Measure>
   </LocalValue>
   <Feature ID="9397">
    <Measure ID="29" Sign="">
     <Signs/>
    </Measure>
    <Name ID="776358" langid="1" Value="Shape"/>
   </Feature>
  </ProductFeature>
  <ProductFeature Localized="0" ID="451113156" Local_ID="0" Value="Sapphire" CategoryFeature_ID="891278" CategoryFeatureGroup_ID="16293" No="100159" Optional="0" Presentation_Value="Sapphire" Translated="1" Mandatory="0" Searchable="0">
   <LocalValue Value="Sapphire">
    <Measure ID="29">
     <Signs/>
    </Measure>
   </LocalValue>
   <Feature ID="17801">
    <Measure ID="29" Sign="">
     <Signs/>
    </Measure>
    <Name ID="1268872" langid="1" Value="Lens material"/>
   </Feature>
  </ProductFeature>
  <ProductFeature Localized="0" ID="451088830" Local_ID="0" Value="Water resistant" CategoryFeature_ID="94550" CategoryFeatureGroup_ID="16293" No="100000" Optional="0" Presentation_Value="Water resistant" Translated="1" Mandatory="0" Searchable="0">
   <LocalValue Value="Water resistant">
    <Measure ID="29">
     <Signs/>
    </Measure>
   </LocalValue>
   <Feature ID="8072">
    <Measure ID="29" Sign="">
     <Signs/>
    </Measure>
    <Name ID="622852" langid="1" Value="Protection features"/>
   </Feature>
  </ProductFeature>
  <ProductFeature Localized="0" ID="451126710" Local_ID="0" Value="Titanium" CategoryFeature_ID="98760" CategoryFeatureGroup_ID="16293" No="100000" Optional="1" Presentation_Value="Titanium" Translated="1" Mandatory="0" Searchable="0">
   <LocalValue Value="Titanium">
    <Measure ID="29">
     <Signs/>
    </Measure>
   </LocalValue>
   <Feature ID="1766">
    <Measure ID="29" Sign="">
     <Signs/>
    </Measure>
    <Name ID="5487" langid="1" Value="Product colour"/>
   </Feature>
  </ProductFeature>
  <ProductFeature Localized="0" ID="451078434" Local_ID="0" Value="100" CategoryFeature_ID="101561" CategoryFeatureGroup_ID="16293" No="99993" Optional="0" Presentation_Value="100 m" Translated="0" Mandatory="0" Searchable="0">
   <LocalValue Value="100">
    <Measure ID="54">
     <Signs>
      <Sign ID="37" langid="1"><![CDATA[m]]></Sign>
     </Signs>
    </Measure>
   </LocalValue>
   <Feature ID="5197">
    <Measure ID="54" Sign="">
     <Signs>
      <Sign ID="37" langid="1"><![CDATA[m]]></Sign>
     </Signs>
    </Measure>
    <Name ID="71413" langid="1" Value="Waterproof up to"/>
   </Feature>
  </ProductFeature>
  <ProductFeature Localized="0" ID="835231574" Local_ID="0" Value="N" CategoryFeature_ID="95509" CategoryFeatureGroup_ID="34567" No="10100030" Optional="0" Presentation_Value="No" Translated="1" Mandatory="1" Searchable="1">
   <LocalValue Value="No">
    <Measure ID="26">
     <Signs/>
    </Measure>
   </LocalValue>
   <Feature ID="8074">
    <Measure ID="26" Sign="">
     <Signs/>
    </Measure>
    <Name ID="623118" langid="1" Value="Built-in camera"/>
   </Feature>
  </ProductFeature>
  <ProductFeature Localized="0" ID="451099964" Local_ID="0" Value="DAN,DEU,DUT,ENG,ESP,FIN,FRE,ITA,JPN,KOR,NOR,POL,POR,RUS,TUR" CategoryFeature_ID="85313" CategoryFeatureGroup_ID="34567" No="100000" Optional="0" Presentation_Value="Danish, German, Dutch, English, Spanish, Finnish, French, Italian, Japanese, Korean, Norwegian, Polish, Portuguese, Russian, Turkish" Translated="1" Mandatory="0" Searchable="0">
   <LocalValue Value="Danish, German, Dutch, English, Spanish, Finnish, French, Italian, Japanese, Korean, Norwegian, Polish, Portuguese, Russian, Turkish">
    <Measure ID="29">
     <Signs/>
    </Measure>
   </LocalValue>
   <Feature ID="3113">
    <Measure ID="29" Sign="">
     <Signs/>
    </Measure>
    <Name ID="29644" langid="1" Value="Languages support"/>
   </Feature>
  </ProductFeature>
  <ProductFeature Localized="0" ID="451130449" Local_ID="0" Value="Y" CategoryFeature_ID="122840" CategoryFeatureGroup_ID="26690" No="101000" Optional="0" Presentation_Value="Yes" Translated="1" Mandatory="1" Searchable="0">
   <LocalValue Value="Yes">
    <Measure ID="26">
     <Signs/>
    </Measure>
   </LocalValue>
   <Feature ID="6702">
    <Measure ID="26" Sign="">
     <Signs/>
    </Measure>
    <Name ID="249129" langid="1" Value="Heart rate monitor"/>
   </Feature>
  </ProductFeature>
  <ProductFeature Localized="0" ID="451115011" Local_ID="0" Value="Y" CategoryFeature_ID="292364" CategoryFeatureGroup_ID="26690" No="100800" Optional="0" Presentation_Value="Yes" Translated="1" Mandatory="0" Searchable="0">
   <LocalValue Value="Yes">
    <Measure ID="26">
     <Signs/>
    </Measure>
   </LocalValue>
   <Feature ID="26788">
    <Measure ID="26" Sign="">
     <Signs/>
    </Measure>
    <Name ID="2299862" langid="1" Value="Calories burned"/>
   </Feature>
  </ProductFeature>
  <ProductFeature Localized="0" ID="451110819" Local_ID="0" Value="Y" CategoryFeature_ID="234753" CategoryFeatureGroup_ID="26690" No="100580" Optional="0" Presentation_Value="Yes" Translated="1" Mandatory="0" Searchable="0">
   <LocalValue Value="Yes">
    <Measure ID="26">
     <Signs/>
    </Measure>
   </LocalValue>
   <Feature ID="25442">
    <Measure ID="26" Sign="">
     <Signs/>
    </Measure>
    <Name ID="2149922" langid="1" Value="Multisport mode"/>
   </Feature>
  </ProductFeature>
  <ProductFeature Localized="0" ID="451117682" Local_ID="0" Value="Y" CategoryFeature_ID="234762" CategoryFeatureGroup_ID="26690" No="100570" Optional="0" Presentation_Value="Yes" Translated="1" Mandatory="0" Searchable="0">
   <LocalValue Value="Yes">
    <Measure ID="26">
     <Signs/>
    </Measure>
   </LocalValue>
   <Feature ID="26791">
    <Measure ID="26" Sign="">
     <Signs/>
    </Measure>
    <Name ID="2300015" langid="1" Value="Quality of sleep"/>
   </Feature>
  </ProductFeature>
  <ProductFeature Localized="0" ID="451080541" Local_ID="0" Value="Y" CategoryFeature_ID="186987" CategoryFeatureGroup_ID="26690" No="100000" Optional="1" Presentation_Value="Yes" Translated="1" Mandatory="0" Searchable="0">
   <LocalValue Value="Yes">
    <Measure ID="26">
     <Signs/>
    </Measure>
   </LocalValue>
   <Feature ID="3541">
    <Measure ID="26" Sign="">
     <Signs/>
    </Measure>
    <Name ID="33988" langid="1" Value="Vibrating alert"/>
   </Feature>
  </ProductFeature>
  <ProductFeature Localized="0" ID="451122983" Local_ID="0" Value="Y" CategoryFeature_ID="295523" CategoryFeatureGroup_ID="26690" No="100000" Optional="0" Presentation_Value="Yes" Translated="1" Mandatory="0" Searchable="0">
   <LocalValue Value="Yes">
    <Measure ID="26">
     <Signs/>
    </Measure>
   </LocalValue>
   <Feature ID="28631">
    <Measure ID="26" Sign="">
     <Signs/>
    </Measure>
    <Name ID="2572040" langid="1" Value="Timer"/>
   </Feature>
  </ProductFeature>
  <ProductFeature Localized="0" ID="451090119" Local_ID="0" Value="Y" CategoryFeature_ID="317542" CategoryFeatureGroup_ID="26690" No="100000" Optional="0" Presentation_Value="Yes" Translated="1" Mandatory="0" Searchable="0">
   <LocalValue Value="Yes">
    <Measure ID="26">
     <Signs/>
    </Measure>
   </LocalValue>
   <Feature ID="1733">
    <Measure ID="26" Sign="">
     <Signs/>
    </Measure>
    <Name ID="5409" langid="1" Value="Electronic compass"/>
   </Feature>
  </ProductFeature>
  <ProductFeature Localized="0" ID="451081917" Local_ID="0" Value="Y" CategoryFeature_ID="891287" CategoryFeatureGroup_ID="26690" No="100000" Optional="0" Presentation_Value="Yes" Translated="1" Mandatory="0" Searchable="0">
   <LocalValue Value="Yes">
    <Measure ID="26">
     <Signs/>
    </Measure>
   </LocalValue>
   <Feature ID="1734">
    <Measure ID="26" Sign="">
     <Signs/>
    </Measure>
    <Name ID="5411" langid="1" Value="Barometric altimeter"/>
   </Feature>
  </ProductFeature>
  <ProductFeature Localized="0" ID="451135603" Local_ID="0" Value="Y" CategoryFeature_ID="891288" CategoryFeatureGroup_ID="26690" No="100000" Optional="0" Presentation_Value="Yes" Translated="1" Mandatory="0" Searchable="0">
   <LocalValue Value="Yes">
    <Measure ID="26">
     <Signs/>
    </Measure>
   </LocalValue>
   <Feature ID="2888">
    <Measure ID="26" Sign="">
     <Signs/>
    </Measure>
    <Name ID="27351" langid="1" Value="Built-in distance meter"/>
   </Feature>
  </ProductFeature>
  <ProductFeature Localized="0" ID="451096190" Local_ID="0" Value="Y" CategoryFeature_ID="891289" CategoryFeatureGroup_ID="26690" No="100000" Optional="0" Presentation_Value="Yes" Translated="1" Mandatory="0" Searchable="0">
   <LocalValue Value="Yes">
    <Measure ID="26">
     <Signs/>
    </Measure>
   </LocalValue>
   <Feature ID="3539">
    <Measure ID="26" Sign="">
     <Signs/>
    </Measure>
    <Name ID="33976" langid="1" Value="Alarm clock"/>
   </Feature>
  </ProductFeature>
  <ProductFeature Localized="0" ID="451079159" Local_ID="0" Value="Y" CategoryFeature_ID="891290" CategoryFeatureGroup_ID="26690" No="100000" Optional="0" Presentation_Value="Yes" Translated="1" Mandatory="0" Searchable="0">
   <LocalValue Value="Yes">
    <Measure ID="26">
     <Signs/>
    </Measure>
   </LocalValue>
   <Feature ID="3540">
    <Measure ID="26" Sign="">
     <Signs/>
    </Measure>
    <Name ID="33982" langid="1" Value="Calendar"/>
   </Feature>
  </ProductFeature>
  <ProductFeature Localized="0" ID="451085041" Local_ID="0" Value="Y" CategoryFeature_ID="891291" CategoryFeatureGroup_ID="26690" No="100000" Optional="0" Presentation_Value="Yes" Translated="1" Mandatory="0" Searchable="0">
   <LocalValue Value="Yes">
    <Measure ID="26">
     <Signs/>
    </Measure>
   </LocalValue>
   <Feature ID="3855">
    <Measure ID="26" Sign="">
     <Signs/>
    </Measure>
    <Name ID="45390" langid="1" Value="Stopwatch"/>
   </Feature>
  </ProductFeature>
  <ProductFeature Localized="0" ID="451081386" Local_ID="0" Value="Y" CategoryFeature_ID="891293" CategoryFeatureGroup_ID="26690" No="100000" Optional="0" Presentation_Value="Yes" Translated="1" Mandatory="0" Searchable="0">
   <LocalValue Value="Yes">
    <Measure ID="26">
     <Signs/>
    </Measure>
   </LocalValue>
   <Feature ID="7129">
    <Measure ID="26" Sign="">
     <Signs/>
    </Measure>
    <Name ID="346447" langid="1" Value="Interval training"/>
   </Feature>
  </ProductFeature>
  <ProductFeature Localized="0" ID="451132226" Local_ID="0" Value="Y" CategoryFeature_ID="891294" CategoryFeatureGroup_ID="26690" No="100000" Optional="0" Presentation_Value="Yes" Translated="1" Mandatory="0" Searchable="0">
   <LocalValue Value="Yes">
    <Measure ID="26">
     <Signs/>
    </Measure>
   </LocalValue>
   <Feature ID="7130">
    <Measure ID="26" Sign="">
     <Signs/>
    </Measure>
    <Name ID="346479" langid="1" Value="Heart rate-based calorie computation"/>
   </Feature>
  </ProductFeature>
  <ProductFeature Localized="0" ID="451082490" Local_ID="0" Value="Y" CategoryFeature_ID="891296" CategoryFeatureGroup_ID="26690" No="100000" Optional="0" Presentation_Value="Yes" Translated="1" Mandatory="0" Searchable="0">
   <LocalValue Value="Yes">
    <Measure ID="26">
     <Signs/>
    </Measure>
   </LocalValue>
   <Feature ID="7132">
    <Measure ID="26" Sign="">
     <Signs/>
    </Measure>
    <Name ID="346543" langid="1" Value="Foot pod"/>
   </Feature>
  </ProductFeature>
  <ProductFeature Localized="0" ID="451097167" Local_ID="0" Value="Y" CategoryFeature_ID="891305" CategoryFeatureGroup_ID="26690" No="100000" Optional="0" Presentation_Value="Yes" Translated="1" Mandatory="0" Searchable="0">
   <LocalValue Value="Yes">
    <Measure ID="26">
     <Signs/>
    </Measure>
   </LocalValue>
   <Feature ID="10381">
    <Measure ID="26" Sign="">
     <Signs/>
    </Measure>
    <Name ID="902112" langid="1" Value="Weather forecast"/>
   </Feature>
  </ProductFeature>
  <ProductFeature Localized="0" ID="451136992" Local_ID="0" Value="Bluetooth" CategoryFeature_ID="891311" CategoryFeatureGroup_ID="26690" No="100000" Optional="0" Presentation_Value="Bluetooth" Translated="1" Mandatory="0" Searchable="0">
   <LocalValue Value="Bluetooth">
    <Measure ID="29">
     <Signs/>
    </Measure>
   </LocalValue>
   <Feature ID="16147">
    <Measure ID="29" Sign="">
     <Signs/>
    </Measure>
    <Name ID="1199913" langid="1" Value="Heart rate data transfer"/>
   </Feature>
  </ProductFeature>
  <ProductFeature Localized="0" ID="451101937" Local_ID="0" Value="Y" CategoryFeature_ID="891319" CategoryFeatureGroup_ID="26690" No="100000" Optional="0" Presentation_Value="Yes" Translated="1" Mandatory="0" Searchable="0">
   <LocalValue Value="Yes">
    <Measure ID="26">
     <Signs/>
    </Measure>
   </LocalValue>
   <Feature ID="16158">
    <Measure ID="26" Sign="">
     <Signs/>
    </Measure>
    <Name ID="1200364" langid="1" Value="Recovery time suggestion"/>
   </Feature>
  </ProductFeature>
  <ProductFeature Localized="0" ID="451141639" Local_ID="0" Value="Cycling,Running,Swimming" CategoryFeature_ID="891321" CategoryFeatureGroup_ID="26690" No="100000" Optional="0" Presentation_Value="Cycling, Running, Swimming" Translated="1" Mandatory="0" Searchable="0">
   <LocalValue Value="Cycling, Running, Swimming">
    <Measure ID="29">
     <Signs/>
    </Measure>
   </LocalValue>
   <Feature ID="17052">
    <Measure ID="29" Sign="">
     <Signs/>
    </Measure>
    <Name ID="1226050" langid="1" Value="Recommended activity"/>
   </Feature>
  </ProductFeature>
  <ProductFeature Localized="0" ID="451143179" Local_ID="0" Value="Y" CategoryFeature_ID="891322" CategoryFeatureGroup_ID="26690" No="100000" Optional="0" Presentation_Value="Yes" Translated="1" Mandatory="0" Searchable="0">
   <LocalValue Value="Yes">
    <Measure ID="26">
     <Signs/>
    </Measure>
   </LocalValue>
   <Feature ID="17538">
    <Measure ID="26" Sign="">
     <Signs/>
    </Measure>
    <Name ID="1246583" langid="1" Value="Activity monitoring"/>
   </Feature>
  </ProductFeature>
  <ProductFeature Localized="0" ID="451090849" Local_ID="0" Value="Y" CategoryFeature_ID="133472" CategoryFeatureGroup_ID="26690" No="99999" Optional="0" Presentation_Value="Yes" Translated="1" Mandatory="0" Searchable="0">
   <LocalValue Value="Yes">
    <Measure ID="26">
     <Signs/>
    </Measure>
   </LocalValue>
   <Feature ID="7609">
    <Measure ID="26" Sign="">
     <Signs/>
    </Measure>
    <Name ID="590467" langid="1" Value="Barometer"/>
   </Feature>
  </ProductFeature>
  <ProductFeature Localized="0" ID="451091180" Local_ID="0" Value="Y" CategoryFeature_ID="186993" CategoryFeatureGroup_ID="26690" No="99997" Optional="0" Presentation_Value="Yes" Translated="1" Mandatory="0" Searchable="0">
   <LocalValue Value="Yes">
    <Measure ID="29">
     <Signs/>
    </Measure>
   </LocalValue>
   <Feature ID="7608">
    <Measure ID="29" Sign="">
     <Signs/>
    </Measure>
    <Name ID="590427" langid="1" Value="Altimeter"/>
   </Feature>
  </ProductFeature>
  <ProductFeature Localized="0" ID="451121319" Local_ID="0" Value="Finland" CategoryFeature_ID="297285" CategoryFeatureGroup_ID="26690" No="99990" Optional="0" Presentation_Value="Finland" Translated="1" Mandatory="0" Searchable="0">
   <LocalValue Value="Finland">
    <Measure ID="29">
     <Signs/>
    </Measure>
   </LocalValue>
   <Feature ID="3294">
    <Measure ID="29" Sign="">
     <Signs/>
    </Measure>
    <Name ID="31174" langid="1" Value="Country of origin"/>
   </Feature>
  </ProductFeature>
  <ProductFeature Localized="0" ID="451133319" Local_ID="0" Value="Y" CategoryFeature_ID="94693" CategoryFeatureGroup_ID="10361" No="99870" Optional="0" Presentation_Value="Yes" Translated="1" Mandatory="0" Searchable="0">
   <LocalValue Value="Yes">
    <Measure ID="26">
     <Signs/>
    </Measure>
   </LocalValue>
   <Feature ID="3329">
    <Measure ID="26" Sign="">
     <Signs/>
    </Measure>
    <Name ID="31840" langid="1" Value="GPS (satellite)"/>
   </Feature>
  </ProductFeature>
  <ProductFeature Localized="0" ID="451103969" Local_ID="0" Value="Y" CategoryFeature_ID="217813" CategoryFeatureGroup_ID="10361" No="99865" Optional="0" Presentation_Value="Yes" Translated="1" Mandatory="0" Searchable="0">
   <LocalValue Value="Yes">
    <Measure ID="26">
     <Signs/>
    </Measure>
   </LocalValue>
   <Feature ID="15618">
    <Measure ID="26" Sign="">
     <Signs/>
    </Measure>
    <Name ID="1177617" langid="1" Value="GLONASS"/>
   </Feature>
  </ProductFeature>
  <ProductFeature Localized="0" ID="835239094" Local_ID="0" Value="N" CategoryFeature_ID="94698" CategoryFeatureGroup_ID="9989" No="10100050" Optional="0" Presentation_Value="No" Translated="1" Mandatory="1" Searchable="1">
   <LocalValue Value="No">
    <Measure ID="26">
     <Signs/>
    </Measure>
   </LocalValue>
   <Feature ID="3239">
    <Measure ID="26" Sign="">
     <Signs/>
    </Measure>
    <Name ID="30766" langid="1" Value="Wi-Fi"/>
   </Feature>
  </ProductFeature>
  <ProductFeature Localized="0" ID="835239102" Local_ID="0" Value="N" CategoryFeature_ID="95622" CategoryFeatureGroup_ID="9989" No="100100" Optional="0" Presentation_Value="No" Translated="1" Mandatory="1" Searchable="0">
   <LocalValue Value="No">
    <Measure ID="26">
     <Signs/>
    </Measure>
   </LocalValue>
   <Feature ID="10157">
    <Measure ID="26" Sign="">
     <Signs/>
    </Measure>
    <Name ID="878154" langid="1" Value="Near Field Communication (NFC)"/>
   </Feature>
  </ProductFeature>
  <ProductFeature Localized="0" ID="451139742" Local_ID="0" Value="Y" CategoryFeature_ID="94696" CategoryFeatureGroup_ID="9989" No="10100045" Optional="0" Presentation_Value="Yes" Translated="1" Mandatory="0" Searchable="0">
   <LocalValue Value="Yes">
    <Measure ID="26">
     <Signs/>
    </Measure>
   </LocalValue>
   <Feature ID="2183">
    <Measure ID="26" Sign="">
     <Signs/>
    </Measure>
    <Name ID="11148" langid="1" Value="Bluetooth"/>
   </Feature>
  </ProductFeature>
  <ProductFeature Localized="0" ID="451129247" Local_ID="0" Value="Built-in battery" CategoryFeature_ID="319967" CategoryFeatureGroup_ID="9984" No="100105" Optional="0" Presentation_Value="Built-in battery" Translated="1" Mandatory="1" Searchable="0">
   <LocalValue Value="Built-in battery">
    <Measure ID="29">
     <Signs/>
    </Measure>
   </LocalValue>
   <Feature ID="908">
    <Measure ID="29" Sign="">
     <Signs/>
    </Measure>
    <Name ID="3357" langid="1" Value="Battery type"/>
   </Feature>
  </ProductFeature>
  <ProductFeature Localized="0" ID="451092993" Local_ID="0" Value="Lithium-Ion (Li-Ion)" CategoryFeature_ID="85333" CategoryFeatureGroup_ID="9984" No="100100" Optional="0" Presentation_Value="Lithium-Ion (Li-Ion)" Translated="1" Mandatory="1" Searchable="0">
   <LocalValue Value="Lithium-Ion (Li-Ion)">
    <Measure ID="29">
     <Signs/>
    </Measure>
   </LocalValue>
   <Feature ID="434">
    <Measure ID="29" Sign="">
     <Signs/>
    </Measure>
    <Name ID="2235" langid="1" Value="Battery technology"/>
   </Feature>
  </ProductFeature>
  <ProductFeature Localized="0" ID="451113738" Local_ID="0" Value="14" CategoryFeature_ID="891369" CategoryFeatureGroup_ID="9984" No="100070" Optional="0" Presentation_Value="14 day(s)" Translated="0" Mandatory="0" Searchable="0">
   <LocalValue Value="14">
    <Measure ID="49">
     <Signs>
      <Sign ID="33" langid="1"><![CDATA[day(s)]]></Sign>
     </Signs>
    </Measure>
   </LocalValue>
   <Feature ID="17544">
    <Measure ID="49" Sign="">
     <Signs>
      <Sign ID="33" langid="1"><![CDATA[day(s)]]></Sign>
     </Signs>
    </Measure>
    <Name ID="1246861" langid="1" Value="Battery life"/>
   </Feature>
  </ProductFeature>
  <ProductFeature Localized="0" ID="451107944" Local_ID="0" Value="170" CategoryFeature_ID="271061" CategoryFeatureGroup_ID="9984" No="100069" Optional="0" Presentation_Value="170 h" Translated="0" Mandatory="0" Searchable="0">
   <LocalValue Value="170">
    <Measure ID="46">
     <Signs>
      <Sign ID="30" langid="1"><![CDATA[h]]></Sign>
     </Signs>
    </Measure>
   </LocalValue>
   <Feature ID="25430">
    <Measure ID="46" Sign="">
     <Signs>
      <Sign ID="30" langid="1"><![CDATA[h]]></Sign>
     </Signs>
    </Measure>
    <Name ID="2149043" langid="1" Value="Battery life (GPS mode)"/>
   </Feature>
  </ProductFeature>
  <ProductFeature Localized="0" ID="451093835" Local_ID="0" Value="Y" CategoryFeature_ID="234766" CategoryFeatureGroup_ID="9984" No="100000" Optional="1" Presentation_Value="Yes" Translated="1" Mandatory="0" Searchable="0">
   <LocalValue Value="Yes">
    <Measure ID="26">
     <Signs/>
    </Measure>
   </LocalValue>
   <Feature ID="5204">
    <Measure ID="26" Sign="">
     <Signs/>
    </Measure>
    <Name ID="71602" langid="1" Value="Rechargeable battery"/>
   </Feature>
  </ProductFeature>
  <ProductFeature Localized="0" ID="451098589" Local_ID="0" Value="-20 - 55" CategoryFeature_ID="129940" CategoryFeatureGroup_ID="14029" No="100020" Optional="0" Presentation_Value="-20 - 55 °C" Translated="0" Mandatory="0" Searchable="0">
   <LocalValue Value="-20 - 55">
    <Measure ID="65">
     <Signs>
      <Sign ID="48" langid="1"><![CDATA[°C]]></Sign>
     </Signs>
    </Measure>
   </LocalValue>
   <Feature ID="1112">
    <Measure ID="65" Sign="">
     <Signs>
      <Sign ID="48" langid="1"><![CDATA[°C]]></Sign>
     </Signs>
    </Measure>
    <Name ID="3765" langid="1" Value="Operating temperature (T-T)"/>
   </Feature>
  </ProductFeature>
  <ProductFeature Localized="0" ID="451099313" Local_ID="0" Value="-30 - 55" CategoryFeature_ID="129941" CategoryFeatureGroup_ID="14029" No="100018" Optional="0" Presentation_Value="-30 - 55 °C" Translated="0" Mandatory="0" Searchable="0">
   <LocalValue Value="-30 - 55">
    <Measure ID="65">
     <Signs>
      <Sign ID="48" langid="1"><![CDATA[°C]]></Sign>
     </Signs>
    </Measure>
   </LocalValue>
   <Feature ID="757">
    <Measure ID="65" Sign="">
     <Signs>
      <Sign ID="48" langid="1"><![CDATA[°C]]></Sign>
     </Signs>
    </Measure>
    <Name ID="3045" langid="1" Value="Storage temperature (T-T)"/>
   </Feature>
  </ProductFeature>
  <ProductFeature Localized="0" ID="451097595" Local_ID="0" Value="1" CategoryFeature_ID="891266" CategoryFeatureGroup_ID="34569" No="100000" Optional="1" Presentation_Value="1" Translated="0" Mandatory="0" Searchable="0">
   <LocalValue Value="1">
    <Measure ID="29">
     <Signs/>
    </Measure>
   </LocalValue>
   <Feature ID="1211">
    <Measure ID="29" Sign="">
     <Signs/>
    </Measure>
    <Name ID="3963" langid="1" Value="Number of batteries supported"/>
   </Feature>
  </ProductFeature>
  <ProductFeature Localized="0" ID="451111681" Local_ID="0" Value="LED" CategoryFeature_ID="891282" CategoryFeatureGroup_ID="34569" No="100000" Optional="1" Presentation_Value="LED" Translated="1" Mandatory="0" Searchable="0">
   <LocalValue Value="LED">
    <Measure ID="29">
     <Signs/>
    </Measure>
   </LocalValue>
   <Feature ID="7369">
    <Measure ID="29" Sign="">
     <Signs/>
    </Measure>
    <Name ID="513879" langid="1" Value="Backlight type"/>
   </Feature>
  </ProductFeature>
  <ProductFeature Localized="0" ID="451091843" Local_ID="0" Value="Y" CategoryFeature_ID="652855" CategoryFeatureGroup_ID="53656" No="100000" Optional="1" Presentation_Value="Yes" Translated="1" Mandatory="0" Searchable="0">
   <LocalValue Value="Yes">
    <Measure ID="26">
     <Signs/>
    </Measure>
   </LocalValue>
   <Feature ID="5496">
    <Measure ID="26" Sign="">
     <Signs/>
    </Measure>
    <Name ID="78671" langid="1" Value="Battery level indicator"/>
   </Feature>
  </ProductFeature>
  <ProductFeature Localized="0" ID="451102601" Local_ID="0" Value="TrainingPeaks,Endomondo,Strava" CategoryFeature_ID="891265" CategoryFeatureGroup_ID="73961" No="100006" Optional="0" Presentation_Value="TrainingPeaks, Endomondo, Strava" Translated="1" Mandatory="0" Searchable="0">
   <LocalValue Value="TrainingPeaks, Endomondo, Strava">
    <Measure ID="29">
     <Signs/>
    </Measure>
   </LocalValue>
   <Feature ID="20541">
    <Measure ID="29" Sign="">
     <Signs/>
    </Measure>
    <Name ID="1611971" langid="1" Value="Sports activity apps"/>
   </Feature>
  </ProductFeature>
  <ProductFeature Localized="0" ID="451104732" Local_ID="0" Value="51.5" CategoryFeature_ID="85294" CategoryFeatureGroup_ID="9976" No="100100" Optional="0" Presentation_Value="51.5 mm" Translated="0" Mandatory="0" Searchable="0">
   <LocalValue Value="51.5">
    <Measure ID="24">
     <Signs>
      <Sign ID="3" langid="1"><![CDATA[mm]]></Sign>
     </Signs>
    </Measure>
   </LocalValue>
   <Feature ID="1649">
    <Measure ID="24" Sign="">
     <Signs>
      <Sign ID="3" langid="1"><![CDATA[mm]]></Sign>
     </Signs>
    </Measure>
    <Name ID="5143" langid="1" Value="Width"/>
   </Feature>
  </ProductFeature>
  <ProductFeature Localized="0" ID="451105728" Local_ID="0" Value="51.5" CategoryFeature_ID="85299" CategoryFeatureGroup_ID="9976" No="100099" Optional="0" Presentation_Value="51.5 mm" Translated="0" Mandatory="0" Searchable="0">
   <LocalValue Value="51.5">
    <Measure ID="24">
     <Signs>
      <Sign ID="3" langid="1"><![CDATA[mm]]></Sign>
     </Signs>
    </Measure>
   </LocalValue>
   <Feature ID="1650">
    <Measure ID="24" Sign="">
     <Signs>
      <Sign ID="3" langid="1"><![CDATA[mm]]></Sign>
     </Signs>
    </Measure>
    <Name ID="5145" langid="1" Value="Depth"/>
   </Feature>
  </ProductFeature>
  <ProductFeature Localized="0" ID="451117864" Local_ID="0" Value="17" CategoryFeature_ID="85296" CategoryFeatureGroup_ID="9976" No="100095" Optional="0" Presentation_Value="1.7 cm" Translated="0" Mandatory="0" Searchable="0">
   <LocalValue Value="1.7">
    <Measure ID="34">
     <Signs>
      <Sign ID="18" langid="1"><![CDATA[cm]]></Sign>
     </Signs>
    </Measure>
   </LocalValue>
   <Feature ID="2757">
    <Measure ID="24" Sign="">
     <Signs>
      <Sign ID="3" langid="1"><![CDATA[mm]]></Sign>
     </Signs>
    </Measure>
    <Name ID="13956" langid="1" Value="Thickness"/>
   </Feature>
  </ProductFeature>
  <ProductFeature Localized="0" ID="451076842" Local_ID="0" Value="76" CategoryFeature_ID="85297" CategoryFeatureGroup_ID="9976" No="100094" Optional="0" Presentation_Value="76 g" Translated="0" Mandatory="0" Searchable="0">
   <LocalValue Value="76">
    <Measure ID="38">
     <Signs>
      <Sign ID="22" langid="1"><![CDATA[g]]></Sign>
     </Signs>
    </Measure>
   </LocalValue>
   <Feature ID="94">
    <Measure ID="38" Sign="">
     <Signs>
      <Sign ID="22" langid="1"><![CDATA[g]]></Sign>
     </Signs>
    </Measure>
    <Name ID="1525" langid="1" Value="Weight"/>
   </Feature>
  </ProductFeature>
  <ProductFeature Localized="0" ID="451111966" Local_ID="0" Value="USB" CategoryFeature_ID="85346" CategoryFeatureGroup_ID="15273" No="100000" Optional="0" Presentation_Value="USB" Translated="0" Mandatory="0" Searchable="0">
   <LocalValue Value="USB">
    <Measure ID="29">
     <Signs/>
    </Measure>
   </LocalValue>
   <Feature ID="1830">
    <Measure ID="29" Sign="">
     <Signs/>
    </Measure>
    <Name ID="5653" langid="1" Value="Cables included"/>
   </Feature>
  </ProductFeature>
  <ProductFeature Localized="0" ID="451112435" Local_ID="0" Value="Y" CategoryFeature_ID="140697" CategoryFeatureGroup_ID="15273" No="100000" Optional="0" Presentation_Value="Yes" Translated="1" Mandatory="0" Searchable="0">
   <LocalValue Value="Yes">
    <Measure ID="26">
     <Signs/>
    </Measure>
   </LocalValue>
   <Feature ID="3965">
    <Measure ID="26" Sign="">
     <Signs/>
    </Measure>
    <Name ID="56040" langid="1" Value="Manual"/>
   </Feature>
  </ProductFeature>
  <ProductFeature Localized="0" ID="451114076" Local_ID="0" Value="Y" CategoryFeature_ID="191372" CategoryFeatureGroup_ID="15273" No="100000" Optional="0" Presentation_Value="Yes" Translated="1" Mandatory="0" Searchable="0">
   <LocalValue Value="Yes">
    <Measure ID="26">
     <Signs/>
    </Measure>
   </LocalValue>
   <Feature ID="23815">
    <Measure ID="26" Sign="">
     <Signs/>
    </Measure>
    <Name ID="1962035" langid="1" Value="Charger"/>
   </Feature>
  </ProductFeature>
  <ProductFeature Localized="0" ID="451121104" Local_ID="0" Value="1" CategoryFeature_ID="659072" CategoryFeatureGroup_ID="28241" No="100000" Optional="1" Presentation_Value="1 pc(s)" Translated="0" Mandatory="0" Searchable="0">
   <LocalValue Value="1">
    <Measure ID="144">
     <Signs>
      <Sign ID="125" langid="1"><![CDATA[pc(s)]]></Sign>
     </Signs>
    </Measure>
   </LocalValue>
   <Feature ID="20228">
    <Measure ID="144" Sign="">
     <Signs>
      <Sign ID="125" langid="1"><![CDATA[pc(s)]]></Sign>
     </Signs>
    </Measure>
    <Name ID="1498423" langid="1" Value="Quantity per pack"/>
   </Feature>
  </ProductFeature>
  <ProductGallery>
   <ProductPicture IsMain="Y" LowPic="https://inishop.com/img/gallery_lows/92973083_8783897098.jpg" LowPicHeight="200" LowPicWidth="200" LowSize="23624" No="1" Original="https://inishop.com/img/gallery_raw/92973083_8783897098.jpeg" OriginalSize="53212" Pic="https://inishop.com/img/gallery/92973083_8783897098.jpg" Pic500x500="https://inishop.com/img/gallery_mediums/92973083_8783897098.jpg" Pic500x500Height="500" Pic500x500Size="104666" Pic500x500Width="500" PicHeight="550" PicWidth="550" ProductPicture_ID="54799649" Size="93614" Source="https://www.suunto.com/globalassets/productimages/suunto-9/baro-titanium-ambassador-limited-edition/front/suunto-9-baro-ambassador-edition-front-01.png?height=550&amp;format=jpg&amp;bgcolor=f6f6f6" ThumbPic="https://inishop.com/img/gallery_thumbs/92973083_8783897098.jpg" ThumbSize="5271" Type="ProductImage" UpdatedDate="2021-07-26 13:28:11"/>
   <ProductPicture LowPic="https://inishop.com/img/gallery_lows/92973083_1910982194.jpg" LowPicHeight="200" LowPicWidth="200" LowSize="25920" No="2" Original="https://inishop.com/img/gallery_raw/92973083_1910982194.jpeg" OriginalSize="59956" Pic="https://inishop.com/img/gallery/92973083_1910982194.jpg" Pic500x500="https://inishop.com/img/gallery_mediums/92973083_1910982194.jpg" Pic500x500Height="500" Pic500x500Size="117110" Pic500x500Width="500" PicHeight="550" PicWidth="550" ProductPicture_ID="54799650" Size="102475" Source="https://www.suunto.com/globalassets/productimages/suunto-9/baro-titanium-ambassador-limited-edition/front/suunto-9-baro-ambassador-edition-perspective-01.png?height=550&amp;format=jpg&amp;bgcolor=f6f6f6" ThumbPic="https://inishop.com/img/gallery_thumbs/92973083_1910982194.jpg" ThumbSize="5727" Type="ProductImage" UpdatedDate="2021-07-26 13:28:12"/>
   <ProductPicture LowPic="https://inishop.com/img/gallery_lows/92973083_8507541359.jpg" LowPicHeight="200" LowPicWidth="200" LowSize="20174" No="3" Original="https://inishop.com/img/gallery_raw/92973083_8507541359.jpeg" OriginalSize="43837" Pic="https://inishop.com/img/gallery/92973083_8507541359.jpg" Pic500x500="https://inishop.com/img/gallery_mediums/92973083_8507541359.jpg" Pic500x500Height="500" Pic500x500Size="86053" Pic500x500Width="500" PicHeight="550" PicWidth="550" ProductPicture_ID="54799651" Size="81830" Source="https://www.suunto.com/globalassets/productimages/suunto-9/mobile-app/suunto-app-sharing-800x800px-02.png?height=550&amp;format=jpg&amp;bgcolor=f6f6f6" ThumbPic="https://inishop.com/img/gallery_thumbs/92973083_8507541359.jpg" ThumbSize="4961" Type="ProductImage" UpdatedDate="2021-07-26 13:28:13"/>
   <ProductPicture LowPic="https://inishop.com/img/gallery_lows/92973083_8343356776.jpg" LowPicHeight="200" LowPicWidth="200" LowSize="7963" No="4" Original="https://inishop.com/img/gallery_raw/92973083_8343356776.jpeg" OriginalSize="22895" Pic="https://inishop.com/img/gallery/92973083_8343356776.jpg" Pic500x500="https://inishop.com/img/gallery_mediums/92973083_8343356776.jpg" Pic500x500Height="500" Pic500x500Size="36153" Pic500x500Width="500" PicHeight="550" PicWidth="550" ProductPicture_ID="54799653" Size="33541" Source="https://www.suunto.com/globalassets/productimages/suunto-9/baro-titanium-ambassador-limited-edition/front/suunto-9-baro-ambassador-edition-front-with-strap-01.png?height=550&amp;format=jpg&amp;bgcolor=f6f6f6" ThumbPic="https://inishop.com/img/gallery_thumbs/92973083_8343356776.jpg" ThumbSize="2208" Type="ProductImage" UpdatedDate="2021-07-26 13:28:13"/>
   <ProductPicture LowPic="https://inishop.com/img/gallery_lows/92973083_1540619452.jpg" LowPicHeight="200" LowPicWidth="200" LowSize="12007" No="5" Original="https://inishop.com/img/gallery_raw/92973083_1540619452.jpeg" OriginalSize="32614" Pic="https://inishop.com/img/gallery/92973083_1540619452.jpg" Pic500x500="https://inishop.com/img/gallery_mediums/92973083_1540619452.jpg" Pic500x500Height="500" Pic500x500Size="54685" Pic500x500Width="500" PicHeight="550" PicWidth="550" ProductPicture_ID="54799654" Size="42951" Source="https://www.suunto.com/globalassets/productimages/suunto-24mm-explore-2-silicone-strap/ss050158000-suunto-24mm-explore-2-silicone-strap-black-black-size-m-01.png?height=550&amp;format=jpg&amp;bgcolor=f6f6f6" ThumbPic="https://inishop.com/img/gallery_thumbs/92973083_1540619452.jpg" ThumbSize="2662" Type="ProductImage" UpdatedDate="2021-07-26 13:28:14"/>
   <ProductPicture LowPic="https://inishop.com/img/gallery_lows/92973083_5733420950.jpg" LowPicHeight="200" LowPicWidth="200" LowSize="53014" No="6" Original="https://inishop.com/img/gallery_raw/92973083_5733420950.jpeg" OriginalSize="108406" Pic="https://inishop.com/img/gallery/92973083_5733420950.jpg" Pic500x500="https://inishop.com/img/gallery_mediums/92973083_5733420950.jpg" Pic500x500Height="500" Pic500x500Size="256399" Pic500x500Width="500" PicHeight="550" PicWidth="550" ProductPicture_ID="54799655" Size="228870" Source="https://www.suunto.com/globalassets/productimages/suunto-9/baro-titanium-ambassador-limited-edition/on-wrist/suunto-9-baro-ambassador-edition-01.jpg?height=550&amp;format=jpg&amp;bgcolor=f6f6f6" ThumbPic="https://inishop.com/img/gallery_thumbs/92973083_5733420950.jpg" ThumbSize="10100" Type="ProductImage" UpdatedDate="2021-07-26 13:28:15"/>
   <ProductPicture LowPic="https://inishop.com/img/gallery_lows/92973083_5946132312.jpg" LowPicHeight="200" LowPicWidth="200" LowSize="32448" No="7" Original="https://inishop.com/img/gallery_raw/92973083_5946132312.jpeg" OriginalSize="47248" Pic="https://inishop.com/img/gallery/92973083_5946132312.jpg" Pic500x500="https://inishop.com/img/gallery_mediums/92973083_5946132312.jpg" Pic500x500Height="500" Pic500x500Size="140605" Pic500x500Width="500" PicHeight="550" PicWidth="550" ProductPicture_ID="54799656" Size="112127" Source="https://www.suunto.com/globalassets/productimages/suunto-9/baro-titanium-ambassador-limited-edition/on-wrist/suunto-9-baro-ambassador-edition-07.jpg?height=550&amp;format=jpg&amp;bgcolor=f6f6f6" ThumbPic="https://inishop.com/img/gallery_thumbs/92973083_5946132312.jpg" ThumbSize="7908" Type="ProductImage" UpdatedDate="2021-07-26 13:28:15"/>
   <ProductPicture LowPic="https://inishop.com/img/gallery_lows/92973083_4889990905.jpg" LowPicHeight="200" LowPicWidth="200" LowSize="47487" No="8" Original="https://inishop.com/img/gallery_raw/92973083_4889990905.jpeg" OriginalSize="71173" Pic="https://inishop.com/img/gallery/92973083_4889990905.jpg" Pic500x500="https://inishop.com/img/gallery_mediums/92973083_4889990905.jpg" Pic500x500Height="500" Pic500x500Size="197884" Pic500x500Width="500" PicHeight="550" PicWidth="550" ProductPicture_ID="54799658" Size="174061" Source="https://www.suunto.com/globalassets/productimages/suunto-9/baro-titanium-ambassador-limited-edition/on-wrist/suunto-9-baro-ambassador-edition-05.jpg?height=550&amp;format=jpg&amp;bgcolor=f6f6f6" ThumbPic="https://inishop.com/img/gallery_thumbs/92973083_4889990905.jpg" ThumbSize="10482" Type="ProductImage" UpdatedDate="2021-07-26 13:28:16"/>
   <ProductPicture LowPic="https://inishop.com/img/gallery_lows/92973083_8684303451.jpg" LowPicHeight="200" LowPicWidth="200" LowSize="36205" No="9" Original="https://inishop.com/img/gallery_raw/92973083_8684303451.jpeg" OriginalSize="59690" Pic="https://inishop.com/img/gallery/92973083_8684303451.jpg" Pic500x500="https://inishop.com/img/gallery_mediums/92973083_8684303451.jpg" Pic500x500Height="500" Pic500x500Size="168311" Pic500x500Width="500" PicHeight="550" PicWidth="550" ProductPicture_ID="54799659" Size="135992" Source="https://www.suunto.com/globalassets/productimages/suunto-9/baro-titanium-ambassador-limited-edition/on-wrist/suunto-9-baro-ambassador-edition-03.jpg?height=550&amp;format=jpg&amp;bgcolor=f6f6f6" ThumbPic="https://inishop.com/img/gallery_thumbs/92973083_8684303451.jpg" ThumbSize="8083" Type="ProductImage" UpdatedDate="2021-07-26 13:28:17"/>
  </ProductGallery>
  <ProductMultimediaObject>
   <MultimediaObject ContentType="text/html" Date="2022-08-06 00:38:10" Description="How to clean your Suunto watch with silicone strap" KeepAsURL="1" MultimediaObject_ID="19650796" Type="video/mp4" UUID="0D0BB73E-14E9-45CB-9B10-84F4A48339ED" langid="1" OriginalMD5="fac09b1c9f38bb958ee7d1b52a0cbe92" ThumbUrl="https://img.youtube.com/vi/0tKSk2JZ_hI/default.jpg" Height="0" PreviewHeight="0" PreviewSize="0" PreviewUrl="https://img.youtube.com/vi/0tKSk2JZ_hI/hqdefault.jpg" PreviewWidth="0" Size="51745" URL="https://www.youtube.com/embed/0tKSk2JZ_hI" Width="0"/>
   <MultimediaObject ContentType="text/html" Date="2022-08-06 00:38:10" Description="SuuntoPlus - How to get started" KeepAsURL="1" MultimediaObject_ID="19650798" Type="video/mp4" UUID="B478522B-158C-4411-97EE-FC62CCB85202" langid="1" OriginalMD5="cf75b327ced58036564cd44643199b2a" ThumbUrl="https://img.youtube.com/vi/AaVjynwNu1E/default.jpg" Height="0" PreviewHeight="0" PreviewSize="0" PreviewUrl="https://img.youtube.com/vi/AaVjynwNu1E/hqdefault.jpg" PreviewWidth="0" Size="53092" URL="https://www.youtube.com/embed/AaVjynwNu1E" Width="0"/>
   <MultimediaObject ContentType="text/html" Date="2022-08-06 00:38:10" Description="Suunto app - Training load metrics" KeepAsURL="1" MultimediaObject_ID="19650799" Type="video/mp4" UUID="BDEC3712-28E1-4F6F-BBC1-5F7CE095ABD5" langid="1" OriginalMD5="42eea9b4270b434e5a5555babe6081a9" ThumbUrl="https://img.youtube.com/vi/aGu7pbxofjU/default.jpg" Height="0" PreviewHeight="0" PreviewSize="0" PreviewUrl="https://img.youtube.com/vi/aGu7pbxofjU/hqdefault.jpg" PreviewWidth="0" Size="52003" URL="https://www.youtube.com/embed/aGu7pbxofjU" Width="0"/>
   <MultimediaObject ContentType="text/html" Date="2022-08-06 00:38:10" Description="Suunto app - How to pair your watch with Suunto app for Android" KeepAsURL="1" MultimediaObject_ID="19650800" Type="video/mp4" UUID="2237387F-E2EC-45C7-A19B-5C8B7691BA8F" langid="1" OriginalMD5="5a6baab0d3aec20a1390c7a47517848f" ThumbUrl="https://img.youtube.com/vi/ckkVDdretAo/default.jpg" Height="0" PreviewHeight="0" PreviewSize="0" PreviewUrl="https://img.youtube.com/vi/ckkVDdretAo/hqdefault.jpg" PreviewWidth="0" Size="51955" URL="https://www.youtube.com/embed/ckkVDdretAo" Width="0"/>
   <MultimediaObject ContentType="text/html" Date="2022-08-06 00:38:10" Description="How to update the software of your Suunto device" KeepAsURL="1" MultimediaObject_ID="19650802" Type="video/mp4" UUID="EBB1A388-1D91-4384-BB0D-1F08C94E2363" langid="1" OriginalMD5="49fd7c59267aaf5f54cf5d8b542b3cd6" ThumbUrl="https://img.youtube.com/vi/cW2kUwRsuOA/default.jpg" Height="0" PreviewHeight="0" PreviewSize="0" PreviewUrl="https://img.youtube.com/vi/cW2kUwRsuOA/hqdefault.jpg" PreviewWidth="0" Size="51969" URL="https://www.youtube.com/embed/cW2kUwRsuOA" Width="0"/>
   <MultimediaObject ContentType="text/html" Date="2022-08-06 00:38:10" Description="Digital Services - How to get started: Spartan/Suunto 9" KeepAsURL="1" MultimediaObject_ID="19650803" Type="video/mp4" UUID="8F1C3B8C-6A61-43B7-8E68-ED0D55D543F9" langid="1" OriginalMD5="d9101332e482f862c19e50e26fd9ab4c" ThumbUrl="https://img.youtube.com/vi/D9dhwbPV_Xk/default.jpg" Height="0" PreviewHeight="0" PreviewSize="0" PreviewUrl="https://img.youtube.com/vi/D9dhwbPV_Xk/hqdefault.jpg" PreviewWidth="0" Size="51813" URL="https://www.youtube.com/embed/D9dhwbPV_Xk" Width="0"/>
   <MultimediaObject ContentType="text/html" Date="2022-08-06 00:38:10" Description="Suunto 9 and Suunto Spartan - How to train with power zones" KeepAsURL="1" MultimediaObject_ID="19650804" Type="video/mp4" UUID="AF253AE9-7D03-4E06-A9A8-742E21045CE5" langid="1" OriginalMD5="b83630a9a1a7e814bcea3f3c794ab426" ThumbUrl="https://img.youtube.com/vi/KpjE53Zh1z8/default.jpg" Height="0" PreviewHeight="0" PreviewSize="0" PreviewUrl="https://img.youtube.com/vi/KpjE53Zh1z8/hqdefault.jpg" PreviewWidth="0" Size="51982" URL="https://www.youtube.com/embed/KpjE53Zh1z8" Width="0"/>
   <MultimediaObject ContentType="text/html" Date="2022-08-06 00:38:11" Description="Suunto 9 and Suunto Spartan - How to set pace and power zones" KeepAsURL="1" MultimediaObject_ID="19650805" Type="video/mp4" UUID="A0C09CA4-4148-429A-AC40-CDF1091C4754" langid="1" OriginalMD5="409ccaecdf78927e06d965160ebc955f" ThumbUrl="https://img.youtube.com/vi/L3he8kevFzc/default.jpg" Height="0" PreviewHeight="0" PreviewSize="0" PreviewUrl="https://img.youtube.com/vi/L3he8kevFzc/hqdefault.jpg" PreviewWidth="0" Size="51645" URL="https://www.youtube.com/embed/L3he8kevFzc" Width="0"/>
   <MultimediaObject ContentType="text/html" Date="2022-08-06 00:38:11" Description="Suunto 9 - How to optimize battery duration" KeepAsURL="1" MultimediaObject_ID="19650806" Type="video/mp4" UUID="72FA4121-1756-403D-B1EE-5AD4ED84CBD9" langid="1" OriginalMD5="9817b5543eb0fb2ae006de7c666b787e" ThumbUrl="https://img.youtube.com/vi/Lur_3TIdTW4/default.jpg" Height="0" PreviewHeight="0" PreviewSize="0" PreviewUrl="https://img.youtube.com/vi/Lur_3TIdTW4/hqdefault.jpg" PreviewWidth="0" Size="52081" URL="https://www.youtube.com/embed/Lur_3TIdTW4" Width="0"/>
   <MultimediaObject ContentType="text/html" Date="2022-08-06 00:38:11" Description="Suunto Partners - Getting started with Komoot" KeepAsURL="1" MultimediaObject_ID="19650809" Type="video/mp4" UUID="22596FBF-36CB-4F12-8C5B-A33EB74BF05B" langid="1" OriginalMD5="4471b6b65513df6b04cf65bbc9f2d9be" ThumbUrl="https://img.youtube.com/vi/WjdjhGZr7mw/default.jpg" Height="0" PreviewHeight="0" PreviewSize="0" PreviewUrl="https://img.youtube.com/vi/WjdjhGZr7mw/hqdefault.jpg" PreviewWidth="0" Size="51925" URL="https://www.youtube.com/embed/WjdjhGZr7mw" Width="0"/>
   <MultimediaObject ContentType="text/html" Date="2022-08-06 00:38:11" Description="Suunto app - Navigation features and maps" KeepAsURL="1" MultimediaObject_ID="19650811" Type="video/mp4" UUID="5AEE1F9F-75DF-4C57-A471-E1807B20D624" langid="1" OriginalMD5="656af110ed4f740d83b15130fdde4dda" ThumbUrl="https://img.youtube.com/vi/X-uomemzDAU/default.jpg" Height="0" PreviewHeight="0" PreviewSize="0" PreviewUrl="https://img.youtube.com/vi/X-uomemzDAU/hqdefault.jpg" PreviewWidth="0" Size="51818" URL="https://www.youtube.com/embed/X-uomemzDAU" Width="0"/>
   <MultimediaObject ContentType="text/html" Date="2022-08-06 00:38:11" Description="Suunto 9 and Suunto Spartan - How to train with pace zones" KeepAsURL="1" MultimediaObject_ID="19650815" Type="video/mp4" UUID="F9C50A59-296E-47AA-AA4C-35133BA4EC3A" langid="1" OriginalMD5="191ee6f4456050c7e9bf953fe59e7ca2" ThumbUrl="https://img.youtube.com/vi/XQNDQofLgrg/default.jpg" Height="0" PreviewHeight="0" PreviewSize="0" PreviewUrl="https://img.youtube.com/vi/XQNDQofLgrg/hqdefault.jpg" PreviewWidth="0" Size="52155" URL="https://www.youtube.com/embed/XQNDQofLgrg" Width="0"/>
   <MultimediaObject ContentType="text/html" Date="2022-08-06 00:38:11" Description="Suunto app - How to pair your watch with Suunto app for iOS" KeepAsURL="1" MultimediaObject_ID="19650819" Type="video/mp4" UUID="902BDD08-8224-4439-AB1A-6142F60DDC91" langid="1" OriginalMD5="3666364c9b301c7936e1e113f7c43d19" ThumbUrl="https://img.youtube.com/vi/yWVyDzTgCAA/default.jpg" Height="0" PreviewHeight="0" PreviewSize="0" PreviewUrl="https://img.youtube.com/vi/yWVyDzTgCAA/hqdefault.jpg" PreviewWidth="0" Size="51936" URL="https://www.youtube.com/embed/yWVyDzTgCAA" Width="0"/>
  </ProductMultimediaObject>
  <ProductRelated/>
  <SummaryDescription>
   <ShortSummaryDescription langid="1">Suunto 9 Baro, 3.4 cm (1.34&quot;), Dot-matrix, Touchscreen, GPS (satellite), 76 g</ShortSummaryDescription>
   <LongSummaryDescription langid="1">Suunto 9 Baro. Display diagonal: 3.4 cm (1.34&quot;), Display technology: Dot-matrix, Display resolution: 320 x 300 pixels, Touchscreen. GPS (satellite). Weight: 76 g. Waterproof up to: 100 m, Band material: Textile, Band colour: Black</LongSummaryDescription>
  </SummaryDescription>
  <Supplier ID="6027" Name="Suunto"/>
  <CatalogObjectCloud/>
  <BrandOrganizations>
   <BrandOwner>
    <Organization ID="b7fbd136-0a30-4a2a-9ee1-7c4d52a1bad5" Name="Suunto" CountryCode="FI" State="" City="Vantaa" Street="Tammiston kauppatie" HouseNumber="7 A" ZIP="FI-01510">
     <URLs>
      <URL>https://www.suunto.com/About-Suunto/Company-info/</URL>
     </URLs>
     <Emails/>
    </Organization>
   </BrandOwner>
   <Licensees/>
   <Representatives/>
  </BrandOrganizations>
 </Product>
</ICECAT-interface>
