<?xml version="1.0" encoding="UTF-8"?>
<!DOCTYPE ICECAT-interface SYSTEM "https://data.icecat.biz/dtd/ICECAT-interface_response.dtd">
<!--source: Icecat.biz 2025-->
<!--Language ID: 1-->
<!--Version: v2-->
<ICECAT-interface xmlns:xsi="http://www.w3.org/2001/XMLSchema-instance" xsi:noNamespaceSchemaLocation="https://data.icecat.biz/xsd/ICECAT-interface_response.xsd">
 <Product Code="1" HighPic="https://images.icecat.biz/img/gallery/6a765a53c8119f88d365420dd6da4e5622a1bef4.jpg" HighPicHeight="837" HighPicSize="110662" HighPicWidth="1200" ID="103215348" LowPic="https://images.icecat.biz/img/gallery_lows/2293db8f03e43be342373d12d22bec7aeabdb496.jpg" LowPicHeight="140" LowPicSize="8492" LowPicWidth="200" Name="TAG5106BK/00" IntName="TAG5106BK/00" LocalName="" Pic500x500="https://images.icecat.biz/img/gallery_mediums/4573c26582b6a4efe816c4e7c048ddffdeaaf361.jpg" Pic500x500Height="349" Pic500x500Size="32192" Pic500x500Width="500" Prod_id="TAG5106BK/00" Quality="ICECAT" ReleaseDate="" ThumbPic="https://images.icecat.biz/img/gallery_thumbs/a6acc84b8aabb499b8aa974836f63cacb95a7b98.jpg" ThumbPicSize="2264" Title="Philips 5000 series TAG5106BK/00 headphones/headset Wired &amp; Wireless Head-band Gaming Bluetooth Black" GeneratedIntTitle="Philips 5000 series TAG5106BK/00 headphones/headset" GeneratedLocalTitle="Philips 5000 series TAG5106BK/00 headphones/headset Wired &amp; Wireless Head-band Gaming Bluetooth Black" BrandLocalTitle="">
  <CategoryFeatureGroup ID="10775" No="0">
   <FeatureGroup ID="0">
    <Name ID="5073" langid="1" Value="Technical details"/>
   </FeatureGroup>
  </CategoryFeatureGroup>
  <CategoryFeatureGroup ID="5114" No="16">
   <FeatureGroup ID="8">
    <Name ID="4885" langid="1" Value="System requirements"/>
   </FeatureGroup>
  </CategoryFeatureGroup>
  <CategoryFeatureGroup ID="6264" No="40">
   <FeatureGroup ID="12">
    <Name ID="4995" langid="1" Value="Ports &amp; interfaces"/>
   </FeatureGroup>
  </CategoryFeatureGroup>
  <CategoryFeatureGroup ID="5112" No="8">
   <FeatureGroup ID="14">
    <Name ID="5023" langid="1" Value="Weight &amp; dimensions"/>
   </FeatureGroup>
  </CategoryFeatureGroup>
  <CategoryFeatureGroup ID="12862" No="0">
   <FeatureGroup ID="27">
    <Name ID="5049" langid="1" Value="Power"/>
   </FeatureGroup>
  </CategoryFeatureGroup>
  <CategoryFeatureGroup ID="33260" No="11">
   <FeatureGroup ID="28">
    <Name ID="5067" langid="1" Value="Operational conditions"/>
   </FeatureGroup>
  </CategoryFeatureGroup>
  <CategoryFeatureGroup ID="5225" No="7">
   <FeatureGroup ID="67">
    <Name ID="27423" langid="1" Value="Packaging data"/>
   </FeatureGroup>
  </CategoryFeatureGroup>
  <CategoryFeatureGroup ID="5110" No="28">
   <FeatureGroup ID="70">
    <Name ID="27519" langid="1" Value="Microphone"/>
   </FeatureGroup>
  </CategoryFeatureGroup>
  <CategoryFeatureGroup ID="5109" No="30">
   <FeatureGroup ID="71">
    <Name ID="27525" langid="1" Value="Headphones"/>
   </FeatureGroup>
  </CategoryFeatureGroup>
  <CategoryFeatureGroup ID="40024" No="0">
   <FeatureGroup ID="76">
    <Name ID="28540" langid="1" Value="Certificates"/>
   </FeatureGroup>
  </CategoryFeatureGroup>
  <CategoryFeatureGroup ID="26483" No="20">
   <FeatureGroup ID="79">
    <Name ID="28858" langid="1" Value="Indication"/>
   </FeatureGroup>
  </CategoryFeatureGroup>
  <CategoryFeatureGroup ID="33261" No="-1">
   <FeatureGroup ID="115">
    <Name ID="78827" langid="1" Value="Outer carton"/>
   </FeatureGroup>
  </CategoryFeatureGroup>
  <CategoryFeatureGroup ID="12861" No="6">
   <FeatureGroup ID="116">
    <Name ID="78852" langid="1" Value="Packaging content"/>
   </FeatureGroup>
  </CategoryFeatureGroup>
  <CategoryFeatureGroup ID="13255" No="15">
   <FeatureGroup ID="117">
    <Name ID="78869" langid="1" Value="Subwoofer"/>
   </FeatureGroup>
  </CategoryFeatureGroup>
  <CategoryFeatureGroup ID="25463" No="14">
   <FeatureGroup ID="134">
    <Name ID="350867" langid="1" Value="Amplifier"/>
   </FeatureGroup>
  </CategoryFeatureGroup>
  <CategoryFeatureGroup ID="6263" No="24">
   <FeatureGroup ID="143">
    <Name ID="618812" langid="1" Value="Battery"/>
   </FeatureGroup>
  </CategoryFeatureGroup>
  <CategoryFeatureGroup ID="78145" No="0">
   <FeatureGroup ID="144">
    <Name ID="619994" langid="1" Value="Brand-specific features"/>
   </FeatureGroup>
  </CategoryFeatureGroup>
  <CategoryFeatureGroup ID="6259" No="-100">
   <FeatureGroup ID="146">
    <Name ID="624346" langid="1" Value="Other features"/>
   </FeatureGroup>
  </CategoryFeatureGroup>
  <CategoryFeatureGroup ID="10773" No="50">
   <FeatureGroup ID="148">
    <Name ID="630457" langid="1" Value="Design"/>
   </FeatureGroup>
  </CategoryFeatureGroup>
  <CategoryFeatureGroup ID="10774" No="60">
   <FeatureGroup ID="184">
    <Name ID="1218765" langid="1" Value="Performance"/>
   </FeatureGroup>
  </CategoryFeatureGroup>
  <CategoryFeatureGroup ID="12863" No="0">
   <FeatureGroup ID="185">
    <Name ID="1219853" langid="1" Value="Features"/>
   </FeatureGroup>
  </CategoryFeatureGroup>
  <CategoryFeatureGroup ID="17998" No="3">
   <FeatureGroup ID="198">
    <Name ID="1788927" langid="1" Value="Logistics data"/>
   </FeatureGroup>
  </CategoryFeatureGroup>
  <CategoryFeatureGroup ID="33259" No="0">
   <FeatureGroup ID="232">
    <Name ID="3464238" langid="1" Value="Supplier features"/>
   </FeatureGroup>
  </CategoryFeatureGroup>
  <CategoryFeatureGroup ID="26484" No="12">
   <FeatureGroup ID="237">
    <Name ID="3528484" langid="1" Value="Music player"/>
   </FeatureGroup>
  </CategoryFeatureGroup>
  <CategoryFeatureGroup ID="27971" No="27">
   <FeatureGroup ID="255">
    <Name ID="4252500" langid="1" Value="Base station"/>
   </FeatureGroup>
  </CategoryFeatureGroup>
  <CategoryFeatureGroup ID="27976" No="26">
   <FeatureGroup ID="256">
    <Name ID="4255461" langid="1" Value="Control unit"/>
   </FeatureGroup>
  </CategoryFeatureGroup>
  <CategoryFeatureGroup ID="72109" No="10">
   <FeatureGroup ID="279">
    <Name ID="7392238" langid="1" Value="Sustainability"/>
   </FeatureGroup>
  </CategoryFeatureGroup>
  <Category ID="1637">
   <Name ID="3728246" langid="1" Value="Headphones &amp; Headsets"/>
  </Category>
  <EANCode EAN="4895229127005" Format="GTIN-13" IsApproved="1"/>
  <ReleaseDate/>
  <EndOfLifeDate/>
  <ReasonsToBuy>
   <ReasonToBuy ID="74886065" Value="Philips Precision Centre (P-Centre) software provides the audio diver and lets you customise your device. Please download it from &quot;Software &amp; drivers&quot; by clicking the link &quot;Get support for this product&quot;" HighPic="https://images.icecat.biz/img/bullets/103215348-652bc469900f2794364324.jpg" HighPicSize="0" No="33" Title="Philips Precision Centre (P-Centre) software" langid="1" origin="RTB" IsRich="0"/>
   <ReasonToBuy ID="74886137" Value="Professional-grade 2.4 G wireless technology delivers dependable, lossless audio with ultra-low latency for gaming" HighPic="https://images.icecat.biz/img/bullets/103215348-652bc4747d805362136187.jpg" HighPicSize="0" No="34" Title="2.4 G wireless delivers dependable, lossless gaming audio" langid="1" origin="RTB" IsRich="0"/>
   <ReasonToBuy ID="74886090" Value="DTS Headphone: X 2.0 technology features 7.1 surround sound, the optimal spatial imaging for complete 360 degree immersion could help you survive and thrive in games." HighPic="https://images.icecat.biz/img/bullets/103215348-652bc46e420aa046692145.jpg" HighPicSize="0" No="35" Title="DTS Headphone: X 2.0 technology features 7.1 surround sound" langid="1" origin="RTB" IsRich="0"/>
   <ReasonToBuy ID="74886074" Value="50 mm neodymium magnets drivers, with closed-back design, tuned by professional acoustic engineers, delivers a wide frequency range and rich accurate sound for gaming" HighPic="https://images.icecat.biz/img/bullets/103215348-652bc46b6bf12227011512.jpg" HighPicSize="0" No="36" Title="50 mm drivers, closed-back, tuned for gaming" langid="1" origin="RTB" IsRich="0"/>
   <ReasonToBuy ID="74886178" Value="Fascinating LED lighting creates more cooling atmosphere in your gaming world by providing RED, GREEN and BLUE colours, and Heartbeat LED lighting" HighPic="https://images.icecat.biz/img/bullets/103215348-652bc4795683d483683890.jpg" HighPicSize="0" No="37" Title="Fascinating LED lighting creates more fun for gaming" langid="1" origin="RTB" IsRich="0"/>
   <ReasonToBuy ID="74886104" Value="2.4 G and Bluetooth 5.2 dual wireless system, together with a 3.5 mm wired connection, ensure multi-platform compatibility with PC, Mac, Xbox, PlayStation, Nintendo Switch and mobile devices" HighPic="https://images.icecat.biz/img/bullets/103215348-652bc47038582116424042.jpg" HighPicSize="0" No="38" Title="2.4 G + BT5.2 + 3.5 mm ensure multi-platform compatibility" langid="1" origin="RTB" IsRich="0"/>
   <ReasonToBuy ID="74886122" Value="Bluetooth 5.2 can help you connect your gaming headset with many gaming devices integrated with Bluetooth technology, and you can answer calls or listen to music by streaming" HighPic="https://images.icecat.biz/img/bullets/103215348-652bc4720298a963686743.jpg" HighPicSize="0" No="39" Title="Bluetooth 5.2 can connect many devices with Bluetooth" langid="1" origin="RTB" IsRich="0"/>
   <ReasonToBuy ID="74886160" Value="Ultra-long battery life(more than 45 hours with LED lighting off) gives you continuous gaming sessions without any disruption" HighPic="https://images.icecat.biz/img/bullets/103215348-652bc476c8dd1591922846.jpg" HighPicSize="0" No="40" Title="Ultra-long battery life (more than 45 hours with LED off)" langid="1" origin="RTB" IsRich="0"/>
  </ReasonsToBuy>
  <BulletPoints/>
  <GeneratedBulletPoints>
   <GeneratedBulletPoint Value="Black Gaming Head-band Headset" langid="1" No="1"/>
   <GeneratedBulletPoint Value="Wired &amp; Wireless 3.5 mm connector USB connectivity Bluetooth 5.2" langid="1" No="2"/>
   <GeneratedBulletPoint Value="Circumaural 20 - 20000 Hz 32 Ω 101 dB" langid="1" No="3"/>
   <GeneratedBulletPoint Value="Microphone type: Boom" langid="1" No="4"/>
  </GeneratedBulletPoints>
  <ProductBundled/>
  <ProductDescription ID="88808021" LongDesc="Stylish design, 50 mm precise drivers and DTS surround sound, advanced 2.4 G and Bluetooth 5.2 dual wireless connection, and detachable unidirectional microphone provide great comfort and immersion during gameplay" ManualPDFSize="6779407" ManualPDFURL="https://objects.icecat.biz/objects/mmo_103215348_1684063515_4086_2156480.pdf" MiddleDesc="" PDFSize="0" PDFURL="" ShortDesc="5000 Series TAG5106BK Gaming Headset" URL="https://mmdmonitors.com/" WarrantyInfo="" langid="1"/>
  <ProductFamily ID="64666" LowPic="" ThumbPic="">
   <Name ID="1310665" langid="1" Value="5000 series"/>
  </ProductFamily>
  <ProductFeature Localized="0" ID="508035550" Local_ID="0" Value="Headset" CategoryFeature_ID="320952" CategoryFeatureGroup_ID="10774" No="10100300" Optional="0" Presentation_Value="Headset" Translated="1" Mandatory="1" Searchable="1">
   <LocalValue Value="Headset">
    <Measure ID="29">
     <Signs/>
    </Measure>
   </LocalValue>
   <Feature ID="14052">
    <Measure ID="29" Sign="">
     <Signs/>
    </Measure>
    <Name ID="1127664" langid="1" Value="Product type"/>
   </Feature>
  </ProductFeature>
  <ProductFeature Localized="0" ID="508035551" Local_ID="0" Value="Head-band" CategoryFeature_ID="48583" CategoryFeatureGroup_ID="10774" No="10100294" Optional="0" Presentation_Value="Head-band" Translated="1" Mandatory="1" Searchable="1">
   <LocalValue Value="Head-band">
    <Measure ID="29">
     <Signs/>
    </Measure>
   </LocalValue>
   <Feature ID="8136">
    <Measure ID="29" Sign="">
     <Signs/>
    </Measure>
    <Name ID="628259" langid="1" Value="Wearing style"/>
   </Feature>
  </ProductFeature>
  <ProductFeature Localized="0" ID="508035552" Local_ID="0" Value="Gaming" CategoryFeature_ID="320937" CategoryFeatureGroup_ID="10774" No="10100291" Optional="0" Presentation_Value="Gaming" Translated="1" Mandatory="1" Searchable="1">
   <LocalValue Value="Gaming">
    <Measure ID="29">
     <Signs/>
    </Measure>
   </LocalValue>
   <Feature ID="8480">
    <Measure ID="29" Sign="">
     <Signs/>
    </Measure>
    <Name ID="710488" langid="1" Value="Recommended usage"/>
   </Feature>
  </ProductFeature>
  <ProductFeature Localized="0" ID="508035543" Local_ID="0" Value="Black" CategoryFeature_ID="41175" CategoryFeatureGroup_ID="10774" No="100280" Optional="0" Presentation_Value="Black" Translated="1" Mandatory="1" Searchable="0">
   <LocalValue Value="Black">
    <Measure ID="29">
     <Signs/>
    </Measure>
   </LocalValue>
   <Feature ID="1766">
    <Measure ID="29" Sign="">
     <Signs/>
    </Measure>
    <Name ID="5487" langid="1" Value="Product colour"/>
   </Feature>
  </ProductFeature>
  <ProductFeature Localized="0" ID="508035554" Local_ID="0" Value="Binaural" CategoryFeature_ID="48578" CategoryFeatureGroup_ID="10774" No="100288" Optional="0" Presentation_Value="Binaural" Translated="1" Mandatory="0" Searchable="0">
   <LocalValue Value="Binaural">
    <Measure ID="29">
     <Signs/>
    </Measure>
   </LocalValue>
   <Feature ID="8135">
    <Measure ID="29" Sign="">
     <Signs/>
    </Measure>
    <Name ID="628176" langid="1" Value="Headset type"/>
   </Feature>
  </ProductFeature>
  <ProductFeature Localized="0" ID="508035609" Local_ID="0" Value="1.5" CategoryFeature_ID="42582" CategoryFeatureGroup_ID="10774" No="100270" Optional="0" Presentation_Value="1.5 m" Translated="0" Mandatory="0" Searchable="0">
   <LocalValue Value="1.5">
    <Measure ID="54">
     <Signs>
      <Sign ID="37" langid="1"><![CDATA[m]]></Sign>
     </Signs>
    </Measure>
   </LocalValue>
   <Feature ID="1266">
    <Measure ID="54" Sign="">
     <Signs>
      <Sign ID="37" langid="1"><![CDATA[m]]></Sign>
     </Signs>
    </Measure>
    <Name ID="4073" langid="1" Value="Cable length"/>
   </Feature>
  </ProductFeature>
  <ProductFeature Localized="0" ID="508035626" Local_ID="0" Value="Black" CategoryFeature_ID="238759" CategoryFeatureGroup_ID="10774" No="100269" Optional="0" Presentation_Value="Black" Translated="1" Mandatory="0" Searchable="0">
   <LocalValue Value="Black">
    <Measure ID="29">
     <Signs/>
    </Measure>
   </LocalValue>
   <Feature ID="1272">
    <Measure ID="29" Sign="">
     <Signs/>
    </Measure>
    <Name ID="4085" langid="1" Value="Cable colour"/>
   </Feature>
  </ProductFeature>
  <ProductFeature Localized="0" ID="508035625" Local_ID="0" Value="Y" CategoryFeature_ID="320965" CategoryFeatureGroup_ID="10774" No="100264" Optional="0" Presentation_Value="Yes" Translated="1" Mandatory="0" Searchable="0">
   <LocalValue Value="Yes">
    <Measure ID="26">
     <Signs/>
    </Measure>
   </LocalValue>
   <Feature ID="4142">
    <Measure ID="26" Sign="">
     <Signs/>
    </Measure>
    <Name ID="58893" langid="1" Value="Detachable cable"/>
   </Feature>
  </ProductFeature>
  <ProductFeature Localized="0" ID="508035654" Local_ID="0" Value="Y" CategoryFeature_ID="75365" CategoryFeatureGroup_ID="10774" No="100240" Optional="0" Presentation_Value="Yes" Translated="1" Mandatory="0" Searchable="0">
   <LocalValue Value="Yes">
    <Measure ID="26">
     <Signs/>
    </Measure>
   </LocalValue>
   <Feature ID="3709">
    <Measure ID="26" Sign="">
     <Signs/>
    </Measure>
    <Name ID="41357" langid="1" Value="Backlight"/>
   </Feature>
  </ProductFeature>
  <ProductFeature Localized="0" ID="508035729" Local_ID="0" Value="Red/Green/Blue" CategoryFeature_ID="75363" CategoryFeatureGroup_ID="10774" No="100238" Optional="0" Presentation_Value="Red/Green/Blue" Translated="1" Mandatory="0" Searchable="0">
   <LocalValue Value="Red/Green/Blue">
    <Measure ID="29">
     <Signs/>
    </Measure>
   </LocalValue>
   <Feature ID="2961">
    <Measure ID="29" Sign="">
     <Signs/>
    </Measure>
    <Name ID="28167" langid="1" Value="Backlight colour"/>
   </Feature>
  </ProductFeature>
  <ProductFeature Localized="0" ID="508035830" Local_ID="0" Value="Y" CategoryFeature_ID="807729" CategoryFeatureGroup_ID="10774" No="100000" Optional="0" Presentation_Value="Yes" Translated="1" Mandatory="0" Searchable="0">
   <LocalValue Value="Yes">
    <Measure ID="26">
     <Signs/>
    </Measure>
   </LocalValue>
   <Feature ID="28818">
    <Measure ID="26" Sign="">
     <Signs/>
    </Measure>
    <Name ID="2588188" langid="1" Value="Adjustable headband"/>
   </Feature>
  </ProductFeature>
  <ProductFeature Localized="0" ID="508035843" Local_ID="0" Value="Wired &amp; Wireless" CategoryFeature_ID="155712" CategoryFeatureGroup_ID="6264" No="10100298" Optional="0" Presentation_Value="Wired &amp; Wireless" Translated="1" Mandatory="1" Searchable="1">
   <LocalValue Value="Wired &amp; Wireless">
    <Measure ID="29">
     <Signs/>
    </Measure>
   </LocalValue>
   <Feature ID="1655">
    <Measure ID="29" Sign="">
     <Signs/>
    </Measure>
    <Name ID="5169" langid="1" Value="Connectivity technology"/>
   </Feature>
  </ProductFeature>
  <ProductFeature Localized="0" ID="508035848" Local_ID="0" Value="Y" CategoryFeature_ID="199409" CategoryFeatureGroup_ID="6264" No="100290" Optional="0" Presentation_Value="Yes" Translated="1" Mandatory="0" Searchable="0">
   <LocalValue Value="Yes">
    <Measure ID="26">
     <Signs/>
    </Measure>
   </LocalValue>
   <Feature ID="14760">
    <Measure ID="26" Sign="">
     <Signs/>
    </Measure>
    <Name ID="1151532" langid="1" Value="3.5 mm connector"/>
   </Feature>
  </ProductFeature>
  <ProductFeature Localized="0" ID="508035852" Local_ID="0" Value="Y" CategoryFeature_ID="199416" CategoryFeatureGroup_ID="6264" No="100288" Optional="0" Presentation_Value="Yes" Translated="1" Mandatory="0" Searchable="0">
   <LocalValue Value="Yes">
    <Measure ID="26">
     <Signs/>
    </Measure>
   </LocalValue>
   <Feature ID="10496">
    <Measure ID="26" Sign="">
     <Signs/>
    </Measure>
    <Name ID="908239" langid="1" Value="USB connectivity"/>
   </Feature>
  </ProductFeature>
  <ProductFeature Localized="0" ID="508035865" Local_ID="0" Value="Y" CategoryFeature_ID="199418" CategoryFeatureGroup_ID="6264" No="100286" Optional="0" Presentation_Value="Yes" Translated="1" Mandatory="0" Searchable="0">
   <LocalValue Value="Yes">
    <Measure ID="26">
     <Signs/>
    </Measure>
   </LocalValue>
   <Feature ID="2183">
    <Measure ID="26" Sign="">
     <Signs/>
    </Measure>
    <Name ID="11148" langid="1" Value="Bluetooth"/>
   </Feature>
  </ProductFeature>
  <ProductFeature Localized="0" ID="508035882" Local_ID="0" Value="5.2" CategoryFeature_ID="43224" CategoryFeatureGroup_ID="6264" No="100285" Optional="0" Presentation_Value="5.2" Translated="0" Mandatory="0" Searchable="0">
   <LocalValue Value="5.2">
    <Measure ID="29">
     <Signs/>
    </Measure>
   </LocalValue>
   <Feature ID="1208">
    <Measure ID="29" Sign="">
     <Signs/>
    </Measure>
    <Name ID="3957" langid="1" Value="Bluetooth version"/>
   </Feature>
  </ProductFeature>
  <ProductFeature Localized="0" ID="508035890" Local_ID="0" Value="2.4" CategoryFeature_ID="41176" CategoryFeatureGroup_ID="6264" No="100008" Optional="0" Presentation_Value="2.4 GHz" Translated="0" Mandatory="0" Searchable="0">
   <LocalValue Value="2.4">
    <Measure ID="37">
     <Signs>
      <Sign ID="21" langid="1"><![CDATA[GHz]]></Sign>
     </Signs>
    </Measure>
   </LocalValue>
   <Feature ID="1769">
    <Measure ID="37" Sign="">
     <Signs>
      <Sign ID="21" langid="1"><![CDATA[GHz]]></Sign>
     </Signs>
    </Measure>
    <Name ID="5509" langid="1" Value="Frequency band"/>
   </Feature>
  </ProductFeature>
  <ProductFeature Localized="0" ID="508035904" Local_ID="0" Value="20 - 20000" CategoryFeature_ID="801347" CategoryFeatureGroup_ID="6264" No="100008" Optional="0" Presentation_Value="20 - 20000 Hz" Translated="0" Mandatory="0" Searchable="0">
   <LocalValue Value="20 - 20000">
    <Measure ID="36">
     <Signs>
      <Sign ID="20" langid="1"><![CDATA[Hz]]></Sign>
     </Signs>
    </Measure>
   </LocalValue>
   <Feature ID="44083">
    <Measure ID="36" Sign="">
     <Signs>
      <Sign ID="20" langid="1"><![CDATA[Hz]]></Sign>
     </Signs>
    </Measure>
    <Name ID="7943739" langid="1" Value="Frequency response (music mode)"/>
   </Feature>
  </ProductFeature>
  <ProductFeature Localized="0" ID="508035945" Local_ID="0" Value="Circumaural" CategoryFeature_ID="42691" CategoryFeatureGroup_ID="5109" No="100050" Optional="0" Presentation_Value="Circumaural" Translated="1" Mandatory="1" Searchable="0">
   <LocalValue Value="Circumaural">
    <Measure ID="29">
     <Signs/>
    </Measure>
   </LocalValue>
   <Feature ID="2527">
    <Measure ID="29" Sign="">
     <Signs/>
    </Measure>
    <Name ID="12930" langid="1" Value="Ear coupling"/>
   </Feature>
  </ProductFeature>
  <ProductFeature Localized="0" ID="508035937" Local_ID="0" Value="20" CategoryFeature_ID="117604" CategoryFeatureGroup_ID="5109" No="100400" Optional="0" Presentation_Value="20 mW" Translated="0" Mandatory="0" Searchable="0">
   <LocalValue Value="20">
    <Measure ID="135">
     <Signs>
      <Sign ID="116" langid="1"><![CDATA[mW]]></Sign>
     </Signs>
    </Measure>
   </LocalValue>
   <Feature ID="9716">
    <Measure ID="135" Sign="">
     <Signs>
      <Sign ID="116" langid="1"><![CDATA[mW]]></Sign>
     </Signs>
    </Measure>
    <Name ID="810360" langid="1" Value="Maximum input power"/>
   </Feature>
  </ProductFeature>
  <ProductFeature Localized="0" ID="508035955" Local_ID="0" Value="Closed" CategoryFeature_ID="43220" CategoryFeatureGroup_ID="5109" No="100048" Optional="0" Presentation_Value="Closed" Translated="1" Mandatory="0" Searchable="0">
   <LocalValue Value="Closed">
    <Measure ID="29">
     <Signs/>
    </Measure>
   </LocalValue>
   <Feature ID="5118">
    <Measure ID="29" Sign="">
     <Signs/>
    </Measure>
    <Name ID="71251" langid="1" Value="Acoustic system"/>
   </Feature>
  </ProductFeature>
  <ProductFeature Localized="0" ID="508035956" Local_ID="0" Value="20 - 20000" CategoryFeature_ID="41166" CategoryFeatureGroup_ID="5109" No="100047" Optional="0" Presentation_Value="20 - 20000 Hz" Translated="0" Mandatory="0" Searchable="0">
   <LocalValue Value="20 - 20000">
    <Measure ID="36">
     <Signs>
      <Sign ID="20" langid="1"><![CDATA[Hz]]></Sign>
     </Signs>
    </Measure>
   </LocalValue>
   <Feature ID="1887">
    <Measure ID="36" Sign="">
     <Signs>
      <Sign ID="20" langid="1"><![CDATA[Hz]]></Sign>
     </Signs>
    </Measure>
    <Name ID="5847" langid="1" Value="Headphone frequency"/>
   </Feature>
  </ProductFeature>
  <ProductFeature Localized="0" ID="508035957" Local_ID="0" Value="32" CategoryFeature_ID="41163" CategoryFeatureGroup_ID="5109" No="100043" Optional="0" Presentation_Value="32 Ω" Translated="0" Mandatory="0" Searchable="0">
   <LocalValue Value="32">
    <Measure ID="87">
     <Signs>
      <Sign ID="69" langid="1"><![CDATA[Ω]]></Sign>
     </Signs>
    </Measure>
   </LocalValue>
   <Feature ID="1889">
    <Measure ID="87" Sign="">
     <Signs>
      <Sign ID="69" langid="1"><![CDATA[Ω]]></Sign>
     </Signs>
    </Measure>
    <Name ID="5851" langid="1" Value="Impedance"/>
   </Feature>
  </ProductFeature>
  <ProductFeature Localized="0" ID="508035974" Local_ID="0" Value="101" CategoryFeature_ID="41165" CategoryFeatureGroup_ID="5109" No="100040" Optional="0" Presentation_Value="101 dB" Translated="0" Mandatory="0" Searchable="0">
   <LocalValue Value="101">
    <Measure ID="76">
     <Signs>
      <Sign ID="59" langid="1"><![CDATA[dB]]></Sign>
     </Signs>
    </Measure>
   </LocalValue>
   <Feature ID="1888">
    <Measure ID="76" Sign="">
     <Signs>
      <Sign ID="59" langid="1"><![CDATA[dB]]></Sign>
     </Signs>
    </Measure>
    <Name ID="5849" langid="1" Value="Headphone sensitivity"/>
   </Feature>
  </ProductFeature>
  <ProductFeature Localized="0" ID="508035978" Local_ID="0" Value="Neodymium" CategoryFeature_ID="41174" CategoryFeatureGroup_ID="5109" No="100034" Optional="0" Presentation_Value="Neodymium" Translated="1" Mandatory="0" Searchable="0">
   <LocalValue Value="Neodymium">
    <Measure ID="29">
     <Signs/>
    </Measure>
   </LocalValue>
   <Feature ID="2380">
    <Measure ID="29" Sign="">
     <Signs/>
    </Measure>
    <Name ID="12237" langid="1" Value="Magnet type"/>
   </Feature>
  </ProductFeature>
  <ProductFeature Localized="0" ID="508035979" Local_ID="0" Value="50" CategoryFeature_ID="41164" CategoryFeatureGroup_ID="5109" No="100030" Optional="0" Presentation_Value="5 cm" Translated="0" Mandatory="0" Searchable="0">
   <LocalValue Value="5">
    <Measure ID="34">
     <Signs>
      <Sign ID="18" langid="1"><![CDATA[cm]]></Sign>
     </Signs>
    </Measure>
   </LocalValue>
   <Feature ID="2379">
    <Measure ID="24" Sign="">
     <Signs>
      <Sign ID="3" langid="1"><![CDATA[mm]]></Sign>
     </Signs>
    </Measure>
    <Name ID="12234" langid="1" Value="Driver unit"/>
   </Feature>
  </ProductFeature>
  <ProductFeature Localized="0" ID="508035980" Local_ID="0" Value="Dynamic" CategoryFeature_ID="80528" CategoryFeatureGroup_ID="5109" No="100030" Optional="0" Presentation_Value="Dynamic" Translated="1" Mandatory="0" Searchable="0">
   <LocalValue Value="Dynamic">
    <Measure ID="29">
     <Signs/>
    </Measure>
   </LocalValue>
   <Feature ID="8157">
    <Measure ID="29" Sign="">
     <Signs/>
    </Measure>
    <Name ID="629243" langid="1" Value="Driver type"/>
   </Feature>
  </ProductFeature>
  <ProductFeature Localized="0" ID="508036138" Local_ID="0" Value="Boom microphone" CategoryFeature_ID="320987" CategoryFeatureGroup_ID="5110" No="10100297" Optional="0" Presentation_Value="Boom" Translated="1" Mandatory="1" Searchable="1">
   <LocalValue Value="Boom">
    <Measure ID="29">
     <Signs/>
    </Measure>
   </LocalValue>
   <Feature ID="15803">
    <Measure ID="29" Sign="">
     <Signs/>
    </Measure>
    <Name ID="1181148" langid="1" Value="Microphone type"/>
   </Feature>
  </ProductFeature>
  <ProductFeature Localized="0" ID="508036156" Local_ID="0" Value="Unidirectional microphone" CategoryFeature_ID="109186" CategoryFeatureGroup_ID="5110" No="100000" Optional="0" Presentation_Value="Unidirectional" Translated="1" Mandatory="0" Searchable="0">
   <LocalValue Value="Unidirectional">
    <Measure ID="29">
     <Signs/>
    </Measure>
   </LocalValue>
   <Feature ID="2458">
    <Measure ID="29" Sign="">
     <Signs/>
    </Measure>
    <Name ID="12603" langid="1" Value="Microphone direction type"/>
   </Feature>
  </ProductFeature>
  <ProductFeature Localized="0" ID="508036154" Local_ID="0" Value="Y" CategoryFeature_ID="175486" CategoryFeatureGroup_ID="5110" No="100000" Optional="0" Presentation_Value="Yes" Translated="1" Mandatory="0" Searchable="0">
   <LocalValue Value="Yes">
    <Measure ID="26">
     <Signs/>
    </Measure>
   </LocalValue>
   <Feature ID="27576">
    <Measure ID="26" Sign="">
     <Signs/>
    </Measure>
    <Name ID="2429521" langid="1" Value="Detachable microphone"/>
   </Feature>
  </ProductFeature>
  <ProductFeature Localized="0" ID="508036157" Local_ID="0" Value="1" CategoryFeature_ID="321124" CategoryFeatureGroup_ID="5110" No="100000" Optional="0" Presentation_Value="1" Translated="0" Mandatory="0" Searchable="0">
   <LocalValue Value="1">
    <Measure ID="29">
     <Signs/>
    </Measure>
   </LocalValue>
   <Feature ID="7252">
    <Measure ID="29" Sign="">
     <Signs/>
    </Measure>
    <Name ID="352345" langid="1" Value="Number of microphones"/>
   </Feature>
  </ProductFeature>
  <ProductFeature Localized="0" ID="508036182" Local_ID="0" Value="45" CategoryFeature_ID="43233" CategoryFeatureGroup_ID="6263" No="100013" Optional="0" Presentation_Value="45 h" Translated="0" Mandatory="0" Searchable="0">
   <LocalValue Value="45">
    <Measure ID="46">
     <Signs>
      <Sign ID="30" langid="1"><![CDATA[h]]></Sign>
     </Signs>
    </Measure>
   </LocalValue>
   <Feature ID="2169">
    <Measure ID="46" Sign="">
     <Signs>
      <Sign ID="30" langid="1"><![CDATA[h]]></Sign>
     </Signs>
    </Measure>
    <Name ID="9936" langid="1" Value="Continuous audio playback time"/>
   </Feature>
  </ProductFeature>
  <ProductFeature Localized="0" ID="508036283" Local_ID="0" Value="190" CategoryFeature_ID="43302" CategoryFeatureGroup_ID="5112" No="100050" Optional="0" Presentation_Value="190 mm" Translated="0" Mandatory="0" Searchable="0">
   <LocalValue Value="190">
    <Measure ID="24">
     <Signs>
      <Sign ID="3" langid="1"><![CDATA[mm]]></Sign>
     </Signs>
    </Measure>
   </LocalValue>
   <Feature ID="1649">
    <Measure ID="24" Sign="">
     <Signs>
      <Sign ID="3" langid="1"><![CDATA[mm]]></Sign>
     </Signs>
    </Measure>
    <Name ID="5143" langid="1" Value="Width"/>
   </Feature>
  </ProductFeature>
  <ProductFeature Localized="0" ID="508036284" Local_ID="0" Value="82" CategoryFeature_ID="43235" CategoryFeatureGroup_ID="5112" No="100049" Optional="0" Presentation_Value="82 mm" Translated="0" Mandatory="0" Searchable="0">
   <LocalValue Value="82">
    <Measure ID="24">
     <Signs>
      <Sign ID="3" langid="1"><![CDATA[mm]]></Sign>
     </Signs>
    </Measure>
   </LocalValue>
   <Feature ID="1650">
    <Measure ID="24" Sign="">
     <Signs>
      <Sign ID="3" langid="1"><![CDATA[mm]]></Sign>
     </Signs>
    </Measure>
    <Name ID="5145" langid="1" Value="Depth"/>
   </Feature>
  </ProductFeature>
  <ProductFeature Localized="0" ID="508036285" Local_ID="0" Value="222" CategoryFeature_ID="43257" CategoryFeatureGroup_ID="5112" No="100048" Optional="0" Presentation_Value="222 mm" Translated="0" Mandatory="0" Searchable="0">
   <LocalValue Value="222">
    <Measure ID="24">
     <Signs>
      <Sign ID="3" langid="1"><![CDATA[mm]]></Sign>
     </Signs>
    </Measure>
   </LocalValue>
   <Feature ID="1464">
    <Measure ID="24" Sign="">
     <Signs>
      <Sign ID="3" langid="1"><![CDATA[mm]]></Sign>
     </Signs>
    </Measure>
    <Name ID="4625" langid="1" Value="Height"/>
   </Feature>
  </ProductFeature>
  <ProductFeature Localized="0" ID="835246424" Local_ID="0" Value="375" CategoryFeature_ID="41172" CategoryFeatureGroup_ID="5112" No="100047" Optional="0" Presentation_Value="375 g" Translated="0" Mandatory="0" Searchable="0">
   <LocalValue Value="375">
    <Measure ID="38">
     <Signs>
      <Sign ID="22" langid="1"><![CDATA[g]]></Sign>
     </Signs>
    </Measure>
   </LocalValue>
   <Feature ID="94">
    <Measure ID="38" Sign="">
     <Signs>
      <Sign ID="22" langid="1"><![CDATA[g]]></Sign>
     </Signs>
    </Measure>
    <Name ID="1525" langid="1" Value="Weight"/>
   </Feature>
  </ProductFeature>
  <ProductFeature Localized="0" ID="508035549" Local_ID="0" Value="225" CategoryFeature_ID="43281" CategoryFeatureGroup_ID="5225" No="99989" Optional="0" Presentation_Value="225 mm" Translated="0" Mandatory="0" Searchable="0">
   <LocalValue Value="225">
    <Measure ID="24">
     <Signs>
      <Sign ID="3" langid="1"><![CDATA[mm]]></Sign>
     </Signs>
    </Measure>
   </LocalValue>
   <Feature ID="3808">
    <Measure ID="24" Sign="">
     <Signs>
      <Sign ID="3" langid="1"><![CDATA[mm]]></Sign>
     </Signs>
    </Measure>
    <Name ID="44095" langid="1" Value="Package width"/>
   </Feature>
  </ProductFeature>
  <ProductFeature Localized="0" ID="508035545" Local_ID="0" Value="108" CategoryFeature_ID="43275" CategoryFeatureGroup_ID="5225" No="99988" Optional="0" Presentation_Value="108 mm" Translated="0" Mandatory="0" Searchable="0">
   <LocalValue Value="108">
    <Measure ID="24">
     <Signs>
      <Sign ID="3" langid="1"><![CDATA[mm]]></Sign>
     </Signs>
    </Measure>
   </LocalValue>
   <Feature ID="3806">
    <Measure ID="24" Sign="">
     <Signs>
      <Sign ID="3" langid="1"><![CDATA[mm]]></Sign>
     </Signs>
    </Measure>
    <Name ID="44061" langid="1" Value="Package depth"/>
   </Feature>
  </ProductFeature>
  <ProductFeature Localized="0" ID="508035544" Local_ID="0" Value="245" CategoryFeature_ID="43276" CategoryFeatureGroup_ID="5225" No="99987" Optional="0" Presentation_Value="245 mm" Translated="0" Mandatory="0" Searchable="0">
   <LocalValue Value="245">
    <Measure ID="24">
     <Signs>
      <Sign ID="3" langid="1"><![CDATA[mm]]></Sign>
     </Signs>
    </Measure>
   </LocalValue>
   <Feature ID="3807">
    <Measure ID="24" Sign="">
     <Signs>
      <Sign ID="3" langid="1"><![CDATA[mm]]></Sign>
     </Signs>
    </Measure>
    <Name ID="44078" langid="1" Value="Package height"/>
   </Feature>
  </ProductFeature>
  <ProductFeature Localized="0" ID="508035548" Local_ID="0" Value="Box" CategoryFeature_ID="43280" CategoryFeatureGroup_ID="5225" No="99950" Optional="0" Presentation_Value="Box" Translated="1" Mandatory="0" Searchable="0">
   <LocalValue Value="Box">
    <Measure ID="29">
     <Signs/>
    </Measure>
   </LocalValue>
   <Feature ID="4463">
    <Measure ID="29" Sign="">
     <Signs/>
    </Measure>
    <Name ID="60405" langid="1" Value="Package type"/>
   </Feature>
  </ProductFeature>
  <ProductFeature Localized="0" ID="835246473" Local_ID="0" Value="Y" CategoryFeature_ID="48597" CategoryFeatureGroup_ID="12861" No="100012" Optional="0" Presentation_Value="Yes" Translated="1" Mandatory="0" Searchable="0">
   <LocalValue Value="Yes">
    <Measure ID="26">
     <Signs/>
    </Measure>
   </LocalValue>
   <Feature ID="3981">
    <Measure ID="26" Sign="">
     <Signs/>
    </Measure>
    <Name ID="56096" langid="1" Value="Quick start guide"/>
   </Feature>
  </ProductFeature>
  <ProductFeature Localized="0" ID="835246497" Local_ID="0" Value="Y" CategoryFeature_ID="109184" CategoryFeatureGroup_ID="12861" No="100010" Optional="0" Presentation_Value="Yes" Translated="1" Mandatory="0" Searchable="0">
   <LocalValue Value="Yes">
    <Measure ID="26">
     <Signs/>
    </Measure>
   </LocalValue>
   <Feature ID="8418">
    <Measure ID="26" Sign="">
     <Signs/>
    </Measure>
    <Name ID="702781" langid="1" Value="Receiver included"/>
   </Feature>
  </ProductFeature>
  <ProductFeature Localized="0" ID="835246636" Local_ID="0" Value="USB Type-A" CategoryFeature_ID="109185" CategoryFeatureGroup_ID="12861" No="100010" Optional="0" Presentation_Value="USB Type-A" Translated="1" Mandatory="0" Searchable="0">
   <LocalValue Value="USB Type-A">
    <Measure ID="29">
     <Signs/>
    </Measure>
   </LocalValue>
   <Feature ID="8416">
    <Measure ID="29" Sign="">
     <Signs/>
    </Measure>
    <Name ID="702699" langid="1" Value="Wireless receiver interface"/>
   </Feature>
  </ProductFeature>
  <ProductFeature Localized="0" ID="508036303" Local_ID="0" Value="Audio (3.5mm),USB" CategoryFeature_ID="48600" CategoryFeatureGroup_ID="12861" No="100000" Optional="0" Presentation_Value="Audio (3.5mm), USB" Translated="1" Mandatory="0" Searchable="0">
   <LocalValue Value="Audio (3.5mm), USB">
    <Measure ID="29">
     <Signs/>
    </Measure>
   </LocalValue>
   <Feature ID="1830">
    <Measure ID="29" Sign="">
     <Signs/>
    </Measure>
    <Name ID="5653" langid="1" Value="Cables included"/>
   </Feature>
  </ProductFeature>
  <ProductFeature Localized="0" ID="835245718" Local_ID="0" Value="1" CategoryFeature_ID="82142" CategoryFeatureGroup_ID="12861" No="99995" Optional="0" Presentation_Value="1" Translated="0" Mandatory="0" Searchable="0">
   <LocalValue Value="1">
    <Measure ID="29">
     <Signs/>
    </Measure>
   </LocalValue>
   <Feature ID="1675">
    <Measure ID="29" Sign="">
     <Signs/>
    </Measure>
    <Name ID="5223" langid="1" Value="Quantity"/>
   </Feature>
  </ProductFeature>
  <ProductFeature Localized="0" ID="508035547" Local_ID="0" Value="1" CategoryFeature_ID="657971" CategoryFeatureGroup_ID="17998" No="100000" Optional="1" Presentation_Value="1 pc(s)" Translated="0" Mandatory="0" Searchable="0">
   <LocalValue Value="1">
    <Measure ID="144">
     <Signs>
      <Sign ID="125" langid="1"><![CDATA[pc(s)]]></Sign>
     </Signs>
    </Measure>
   </LocalValue>
   <Feature ID="20228">
    <Measure ID="144" Sign="">
     <Signs>
      <Sign ID="125" langid="1"><![CDATA[pc(s)]]></Sign>
     </Signs>
    </Measure>
    <Name ID="1498423" langid="1" Value="Quantity per pack"/>
   </Feature>
  </ProductFeature>
  <ProductFeature Localized="0" ID="508035541" Local_ID="0" Value="3" CategoryFeature_ID="165884" CategoryFeatureGroup_ID="17998" No="99945" Optional="0" Presentation_Value="3 pc(s)" Translated="0" Mandatory="0" Searchable="0">
   <LocalValue Value="3">
    <Measure ID="144">
     <Signs>
      <Sign ID="125" langid="1"><![CDATA[pc(s)]]></Sign>
     </Signs>
    </Measure>
   </LocalValue>
   <Feature ID="22659">
    <Measure ID="144" Sign="">
     <Signs>
      <Sign ID="125" langid="1"><![CDATA[pc(s)]]></Sign>
     </Signs>
    </Measure>
    <Name ID="1789390" langid="1" Value="Products per master (outer) case"/>
   </Feature>
  </ProductFeature>
  <ProductFeature Localized="0" ID="508035542" Local_ID="0" Value="14895229127002" CategoryFeature_ID="165885" CategoryFeatureGroup_ID="17998" No="99944" Optional="1" Presentation_Value="14895229127002" Translated="0" Mandatory="0" Searchable="0">
   <LocalValue Value="14895229127002">
    <Measure ID="29">
     <Signs/>
    </Measure>
   </LocalValue>
   <Feature ID="23056">
    <Measure ID="29" Sign="">
     <Signs/>
    </Measure>
    <Name ID="1816939" langid="1" Value="Master (outer) case GTIN (EAN/UPC)"/>
   </Feature>
  </ProductFeature>
  <ProductFeature Localized="0" ID="508035540" Local_ID="0" Value="1" CategoryFeature_ID="194718" CategoryFeatureGroup_ID="17998" No="99933" Optional="0" Presentation_Value="1 pc(s)" Translated="0" Mandatory="0" Searchable="0">
   <LocalValue Value="1">
    <Measure ID="144">
     <Signs>
      <Sign ID="125" langid="1"><![CDATA[pc(s)]]></Sign>
     </Signs>
    </Measure>
   </LocalValue>
   <Feature ID="22664">
    <Measure ID="144" Sign="">
     <Signs>
      <Sign ID="125" langid="1"><![CDATA[pc(s)]]></Sign>
     </Signs>
    </Measure>
    <Name ID="1789642" langid="1" Value="Products per shipping (inner) case"/>
   </Feature>
  </ProductFeature>
  <ProductFeature Localized="0" ID="508056700" Local_ID="0" Value="24895229127009" CategoryFeature_ID="216662" CategoryFeatureGroup_ID="17998" No="99932" Optional="1" Presentation_Value="24895229127009" Translated="0" Mandatory="0" Searchable="0">
   <LocalValue Value="24895229127009">
    <Measure ID="29">
     <Signs/>
    </Measure>
   </LocalValue>
   <Feature ID="23048">
    <Measure ID="29" Sign="">
     <Signs/>
    </Measure>
    <Name ID="1816488" langid="1" Value="Shipping (inner) case GTIN (EAN/UPC)"/>
   </Feature>
  </ProductFeature>
  <ProductFeature Localized="0" ID="508035546" Local_ID="0" Value="4895229127005" CategoryFeature_ID="43240" CategoryFeatureGroup_ID="6259" No="100000" Optional="1" Presentation_Value="4895229127005" Translated="0" Mandatory="0" Searchable="0">
   <LocalValue Value="4895229127005">
    <Measure ID="29">
     <Signs/>
    </Measure>
   </LocalValue>
   <Feature ID="4936">
    <Measure ID="29" Sign="">
     <Signs/>
    </Measure>
    <Name ID="61542" langid="1" Value="EAN/UPC/GTIN (packaging)"/>
   </Feature>
  </ProductFeature>
  <ProductGallery>
   <ProductPicture IsMain="Y" LowPic="https://images.icecat.biz/img/gallery_lows/2293db8f03e43be342373d12d22bec7aeabdb496.jpg" LowPicHeight="140" LowPicWidth="200" LowSize="8492" No="1" Original="https://images.icecat.biz/img/gallery_raw/041554d8d2c803a06b14e35329ef78f567b6c113.webp" OriginalSize="17670" Pic="https://images.icecat.biz/img/gallery/6a765a53c8119f88d365420dd6da4e5622a1bef4.jpg" Pic500x500="https://images.icecat.biz/img/gallery_mediums/4573c26582b6a4efe816c4e7c048ddffdeaaf361.jpg" Pic500x500Height="349" Pic500x500Size="32192" Pic500x500Width="500" PicHeight="837" PicWidth="1200" ProductPicture_ID="108034668" Size="110662" ThumbPic="https://images.icecat.biz/img/gallery_thumbs/a6acc84b8aabb499b8aa974836f63cacb95a7b98.jpg" ThumbSize="2264" Type="ProductImage" UpdatedDate="2025-06-15 08:24:04"/>
   <ProductPicture LowPic="https://images.icecat.biz/img/gallery_lows/c119f9dad317b78c4fea1aaa5c025d9f60781780.jpg" LowPicHeight="141" LowPicWidth="200" LowSize="10601" No="3" Original="https://images.icecat.biz/img/gallery_raw/5451a34866935ef3b67e1dc8fed3c93ac760bca8.webp" OriginalSize="19924" Pic="https://images.icecat.biz/img/gallery/dc4ec5f1ea3b1f2ebe1abc898e5239056008fdc8.jpg" Pic500x500="https://images.icecat.biz/img/gallery_mediums/1635afd725f11d41aeaae26b0baf3d214c0f66ea.jpg" Pic500x500Height="352" Pic500x500Size="41032" Pic500x500Width="500" PicHeight="845" PicWidth="1200" ProductPicture_ID="108034669" Size="145156" ThumbPic="https://images.icecat.biz/img/gallery_thumbs/75e615b233d3d9c4543c818ec97935aab8fd7e56.jpg" ThumbSize="2865" Type="ProductImage" UpdatedDate="2025-06-15 08:24:04"/>
   <ProductPicture LowPic="https://images.icecat.biz/img/gallery_lows/cf83248c183fdf45798512241a6641f93c4e3ad0.jpg" LowPicHeight="141" LowPicWidth="200" LowSize="5427" No="4" Original="https://images.icecat.biz/img/gallery_raw/567f65bb30bc188f9d16f89a44d5e1c3cde2bacb.webp" OriginalSize="10564" Pic="https://images.icecat.biz/img/gallery/f7755bd610fff9b39020e7b7b0eb1f0b50ff30ad.jpg" Pic500x500="https://images.icecat.biz/img/gallery_mediums/eadf2ad54329808eb13aa03c70f61dd0b08697e4.jpg" Pic500x500Height="352" Pic500x500Size="18661" Pic500x500Width="500" PicHeight="845" PicWidth="1200" ProductPicture_ID="108034670" Size="64517" ThumbPic="https://images.icecat.biz/img/gallery_thumbs/9e9ccf1b6928b3889e6f2adad62370e5026e09c1.jpg" ThumbSize="1862" Type="ProductImage" UpdatedDate="2025-06-15 08:24:04"/>
   <ProductPicture LowPic="https://images.icecat.biz/img/gallery_lows/be223f6fb78621aca9ff9fb38e3a89c7d6b5a61a.jpg" LowPicHeight="200" LowPicWidth="133" LowSize="2588" No="5" Original="https://images.icecat.biz/img/gallery_raw/b1a67e69b537e7b4ace985c28fd33ad7c1dac238.webp" OriginalSize="21620" Pic="https://images.icecat.biz/img/gallery/7b90c5ade8d89051b0a9ab1642213d1878470123.jpg" Pic500x500="https://images.icecat.biz/img/gallery_mediums/94c21c32f0da86a5e053a96ae5cd1a0bb0ac9f91.jpg" Pic500x500Height="500" Pic500x500Size="9076" Pic500x500Width="333" PicHeight="1802" PicWidth="1200" ProductPicture_ID="108034671" Size="74873" ThumbPic="https://images.icecat.biz/img/gallery_thumbs/54c2af1c6d51ac665038128defa47a19ec6da35c.jpg" ThumbSize="1025" Type="ProductImage" UpdatedDate="2025-06-15 08:24:04"/>
   <ProductPicture LowPic="https://images.icecat.biz/img/gallery_lows/a71858030934ad2ceaa9eb84875506ecc58d2e4b.jpg" LowPicHeight="200" LowPicWidth="196" LowSize="39201" No="6" Original="https://images.icecat.biz/img/gallery_raw/e4c89e6a5565b30fa8859e635e93f5464aa5a943.webp" OriginalSize="48032" Pic="https://images.icecat.biz/img/gallery/1fe60be0b50ca9570dc19e5bbfc3b5ddd1eef94c.jpg" Pic500x500="https://images.icecat.biz/img/gallery_mediums/8f9da30de7516004ea8884d6d8a5b7decc798cb6.jpg" Pic500x500Height="500" Pic500x500Size="157052" Pic500x500Width="490" PicHeight="1225" PicWidth="1200" ProductPicture_ID="108034672" Size="559219" ThumbPic="https://images.icecat.biz/img/gallery_thumbs/70f7894762120eb814cfd4106a5ad477173df691.jpg" ThumbSize="9272" Type="ProductImage" UpdatedDate="2025-06-15 08:24:04"/>
   <ProductPicture LowPic="https://images.icecat.biz/img/gallery_lows/fa2f111961ae4a0a403f30332cb0af1bb16cae79.jpg" LowPicHeight="141" LowPicWidth="200" LowSize="7597" No="7" Original="https://images.icecat.biz/img/gallery_raw/ff043513f4022d5044d76a8c21753bbd0e39df01.webp" OriginalSize="12804" Pic="https://images.icecat.biz/img/gallery/a74dfd7d2e636e9f048d7bf5c7c0a9bf970fac97.jpg" Pic500x500="https://images.icecat.biz/img/gallery_mediums/7edbd58f24b5c38353d93fc6a004bedf932ba782.jpg" Pic500x500Height="353" Pic500x500Size="29798" Pic500x500Width="500" PicHeight="846" PicWidth="1200" ProductPicture_ID="108034673" Size="107032" ThumbPic="https://images.icecat.biz/img/gallery_thumbs/656b99b6fed97927fe9d7b6548a7e07ec976001c.jpg" ThumbSize="2036" Type="ProductImage" UpdatedDate="2025-06-15 08:24:04"/>
   <ProductPicture LowPic="https://images.icecat.biz/img/gallery_lows/b9f86b25c373ae6ae666f95c879a027e15a22c8a.jpg" LowPicHeight="134" LowPicWidth="200" LowSize="27150" No="8" Original="https://images.icecat.biz/img/gallery_raw/dc49a2518f1f1d1c69a58c8bc6833ed517132ee4.webp" OriginalSize="34984" Pic="https://images.icecat.biz/img/gallery/f58f23a6267de8f61557aae64923321451daa46f.jpg" Pic500x500="https://images.icecat.biz/img/gallery_mediums/d9b119d3fba9a0e27b401717d5353af5b373b4df.jpg" Pic500x500Height="334" Pic500x500Size="110344" Pic500x500Width="500" PicHeight="801" PicWidth="1200" ProductPicture_ID="108034674" Size="396930" ThumbPic="https://images.icecat.biz/img/gallery_thumbs/914b07617b62dca119ce755e965d85724c64bc5a.jpg" ThumbSize="6662" Type="ProductImage" UpdatedDate="2025-06-15 08:24:04"/>
  </ProductGallery>
  <ProductMultimediaObject>
   <MultimediaObject ContentType="application/pdf" Date="2023-07-30 14:07:19" Description="manual pdf" KeepAsURL="0" MultimediaObject_ID="24796284" Type="manual pdf" UUID="96A6ACA7-26FC-460E-940F-9A6C61F0B3F1" langid="1" Height="0" PreviewHeight="0" PreviewSize="0" PreviewUrl="" PreviewWidth="0" Size="6779407" URL="https://objects.icecat.biz/objects/mmo_103215348_1684063515_4086_2156480.pdf" Width="0"/>
   <MultimediaObject ContentType="text/html" Date="2025-09-09 13:44:31" Description="ProductStory2.0" KeepAsURL="0" MultimediaObject_ID="69146022" Type="ProductStory2.0" UUID="6654FE26-0A4F-434D-AC82-ABA63F7F064A" langid="1" Height="0" PreviewHeight="0" PreviewSize="0" PreviewUrl="" PreviewWidth="0" Size="9982" URL="https://objects.icecat.biz/objects/mmo_103215348_1757418271_5005_176243.txt" Width="0"/>
   <MultimediaObject ContentType="application/zip" Date="2025-09-09 13:44:35" Description="ProductStory" KeepAsURL="0" MultimediaObject_ID="69146021" Type="ProductStory" UUID="C606C224-F0C3-41F4-9471-65024FBF62C8" langid="1" Height="0" PreviewHeight="0" PreviewSize="0" PreviewUrl="" PreviewWidth="0" Size="2747" URL="https://objects.icecat.biz/objects/mmo_103215348_1757418275_0952_282142.zip" Width="0"/>
   <MultimediaObject ContentType="application/pdf" Date="2024-03-22 12:22:48" Description="Generated PDF" KeepAsURL="0" MultimediaObject_ID="0" Type="leaflet" UUID="00000000-0000-0000-0000-000000000000" langid="1" Height="0" PreviewHeight="0" PreviewSize="0" PreviewUrl="" PreviewWidth="0" Size="0" URL="https://icecat.biz/rest/product-pdf?productId=103215348&amp;lang=en" Width="0"/>
  </ProductMultimediaObject>
  <ProductRelated/>
  <SummaryDescription>
   <ShortSummaryDescription langid="1">Philips 5000 series TAG5106BK/00, Wired &amp; Wireless, Gaming, 20 - 20000 Hz, 375 g, Headset, Black</ShortSummaryDescription>
   <LongSummaryDescription langid="1">Philips 5000 series TAG5106BK/00. Product type: Headset. Connectivity technology: Wired &amp; Wireless, Bluetooth. Recommended usage: Gaming. Headphone frequency: 20 - 20000 Hz. Cable length: 1.5 m. Weight: 375 g. Product colour: Black</LongSummaryDescription>
  </SummaryDescription>
  <Supplier ID="25" Name="Philips"/>
  <CatalogObjectCloud>
   <ProductPage QRCodeURL="https://qr.icecat.biz/coc/5eaeb794-84ea-489c-917a-86c9f9bed6bc" URL="https://coc.icecat.biz/5eaeb794-84ea-489c-917a-86c9f9bed6bc"/>
  </CatalogObjectCloud>
  <BrandOrganizations>
   <BrandOwner>
    <Organization ID="746b5ec8-895f-4b31-9389-f174724db4d2" Name="Koninklijke Philips N.V." CountryCode="NL" State="" City="Amsterdam" Street="Amstelplein" HouseNumber="2" ZIP="1096 BC">
     <URLs>
      <URL>https://www.philips-foundation.com/a-w/about-us.html</URL>
     </URLs>
     <Emails/>
    </Organization>
   </BrandOwner>
   <Licensees/>
   <Representatives>
    <Representative ID="172489241077481921">
     <Organization ID="227a9352-bd77-47a3-afa5-1d5e9a0ce924" Name="Philips Danmark A/S" CountryCode="DK" State="" City="Copenhagen" Street="Frederikskaj" HouseNumber="6" ZIP="1780">
      <URLs>
       <URL>https://www.philips.dk/a-w/betingelser</URL>
      </URLs>
      <Emails/>
     </Organization>
    </Representative>
    <Representative ID="172489241077481922">
     <Organization ID="9c8decf5-b002-48de-af6f-bf27bf23bacd" Name="Philips GmbH Market DACH" CountryCode="DE" State="" City="Hamburg" Street="Röntgenstr." HouseNumber="22" ZIP="22335">
      <URLs>
       <URL>https://www.philips.de/a-w/site-owner</URL>
      </URLs>
      <Emails/>
     </Organization>
    </Representative>
    <Representative ID="172489241077481923">
     <Organization ID="8bc82dd9-407d-4a8c-8ade-3bb06e3dbfc6" Name="Philips Nederland B.V." CountryCode="NL" State="" City="Eindhoven" Street="Kantoor Boschdijk" HouseNumber="525" ZIP="5621 JG">
      <URLs>
       <URL>https://www.philips.nl/a-w/gebruiksvoorwaarden</URL>
      </URLs>
      <Emails/>
     </Organization>
    </Representative>
   </Representatives>
  </BrandOrganizations>
 </Product>
</ICECAT-interface>
