<?xml version="1.0" encoding="UTF-8"?>
<!DOCTYPE ICECAT-interface SYSTEM "https://data.icecat.biz/dtd/ICECAT-interface_response.dtd">
<!--source: Icecat.biz 2025-->
<!--Language ID: 1-->
<!--Version: v2-->
<ICECAT-interface xmlns:xsi="http://www.w3.org/2001/XMLSchema-instance" xsi:noNamespaceSchemaLocation="https://data.icecat.biz/xsd/ICECAT-interface_response.xsd">
 <Product Code="1" HighPic="https://inishop.com/img/gallery/b2df98570c2d7bf515aac6f84ac19addcb7b6cc4.jpg" HighPicHeight="700" HighPicSize="187593" HighPicWidth="534" ID="134704420" LowPic="https://inishop.com/img/gallery_lows/7aa43a875db754a435bd090932ba7a7b39e843d9.jpg" LowPicHeight="200" LowPicSize="27088" LowPicWidth="153" Name="Pro" IntName="Pro" LocalName="" Pic500x500="https://inishop.com/img/gallery_mediums/3a2a456b55700ca9fe4b86b3647eda0f1b54d153.jpg" Pic500x500Height="500" Pic500x500Size="111952" Pic500x500Width="381" Prod_id="VUSE PRO DEVICE KIT GOLD" Quality="ICECAT" ReleaseDate="" ThumbPic="https://inishop.com/img/gallery_thumbs/ccc25671e3b2b83fcdf7df69d7464124f8f192a2.jpg" ThumbPicSize="6749" Title="Vuse Pro electronic cigarette Gold" GeneratedIntTitle="Vuse Pro electronic cigarette" GeneratedLocalTitle="Vuse Pro electronic cigarette Gold" BrandLocalTitle="">
  <CategoryFeatureGroup ID="8911" No="10">
   <FeatureGroup ID="0">
    <Name ID="5073" langid="1" Value="Technical details"/>
   </FeatureGroup>
  </CategoryFeatureGroup>
  <CategoryFeatureGroup ID="8914" No="4">
   <FeatureGroup ID="14">
    <Name ID="5023" langid="1" Value="Weight &amp; dimensions"/>
   </FeatureGroup>
  </CategoryFeatureGroup>
  <CategoryFeatureGroup ID="78604" No="5">
   <FeatureGroup ID="27">
    <Name ID="5049" langid="1" Value="Power"/>
   </FeatureGroup>
  </CategoryFeatureGroup>
  <CategoryFeatureGroup ID="79131" No="3">
   <FeatureGroup ID="67">
    <Name ID="27423" langid="1" Value="Packaging data"/>
   </FeatureGroup>
  </CategoryFeatureGroup>
  <CategoryFeatureGroup ID="43185" No="0">
   <FeatureGroup ID="76">
    <Name ID="28540" langid="1" Value="Certificates"/>
   </FeatureGroup>
  </CategoryFeatureGroup>
  <CategoryFeatureGroup ID="8913" No="2">
   <FeatureGroup ID="116">
    <Name ID="78852" langid="1" Value="Packaging content"/>
   </FeatureGroup>
  </CategoryFeatureGroup>
  <CategoryFeatureGroup ID="8912" No="6">
   <FeatureGroup ID="143">
    <Name ID="618812" langid="1" Value="Battery"/>
   </FeatureGroup>
  </CategoryFeatureGroup>
  <CategoryFeatureGroup ID="8909" No="11">
   <FeatureGroup ID="148">
    <Name ID="630457" langid="1" Value="Design"/>
   </FeatureGroup>
  </CategoryFeatureGroup>
  <CategoryFeatureGroup ID="70844" No="12">
   <FeatureGroup ID="185">
    <Name ID="1219853" langid="1" Value="Features"/>
   </FeatureGroup>
  </CategoryFeatureGroup>
  <CategoryFeatureGroup ID="37235" No="0">
   <FeatureGroup ID="198">
    <Name ID="1788927" langid="1" Value="Logistics data"/>
   </FeatureGroup>
  </CategoryFeatureGroup>
  <CategoryFeatureGroup ID="61707" No="0">
   <FeatureGroup ID="232">
    <Name ID="3464238" langid="1" Value="Supplier features"/>
   </FeatureGroup>
  </CategoryFeatureGroup>
  <CategoryFeatureGroup ID="79130" No="1">
   <FeatureGroup ID="279">
    <Name ID="7392238" langid="1" Value="Sustainability"/>
   </FeatureGroup>
  </CategoryFeatureGroup>
  <Category ID="2401">
   <Name ID="3728969" langid="1" Value="Electronic Cigarettes"/>
  </Category>
  <EANCode/>
  <ReleaseDate/>
  <EndOfLifeDate/>
  <ReasonsToBuy/>
  <BulletPoints>
   <BulletPoint Value="New design upgrade. Available in Black, Gold &amp; Rose Gold" langid="1" No="1"/>
   <BulletPoint Value="Fast Charge. 35 mins to 80% battery, Vape while you charge" langid="1" No="2"/>
   <BulletPoint Value="Enhanced water resistence. Vuse Pro is a splash proof device" langid="1" No="3"/>
   <BulletPoint Value="Compatibility with ePod. The Vuse Pro device can be used with our ePod 2 pod cartridges" langid="1" No="4"/>
   <BulletPoint Value="Better battery indication. Stay in the know on the devices battery life with the LED light indications" langid="1" No="5"/>
  </BulletPoints>
  <GeneratedBulletPoints/>
  <ProductBundled/>
  <ProductDescription ID="104046800" LongDesc="Vuse Pro is our next generation ePod device - compatible with all your favourite ePod pods.&lt;br&gt;&lt;br&gt;Vuse Pro has a slim design, it effortlessly slips into your pocket or bag, perfect for those on-the-go moments. Enjoy fast charging technology and the ability to vape while the device charges. A splash-proof construction provides added protection against accidental spills or water exposure. The Vuse Pro delivers consistent vaping enjoyment with every puff thanks to its optimised heating technology.&lt;br&gt;&lt;br&gt;&lt;b&gt;FULLY COMPATIBLE WITH ePOD PODS&lt;/b&gt;&lt;br&gt;You can use Vuse ePod pods in our new Vuse Pro devices" ManualPDFSize="0" ManualPDFURL="" MiddleDesc="" PDFSize="0" PDFURL="" ShortDesc="Pro Device Kit, Gold" URL="https://www.vuse.com/gb/en/rechargeable-vapes/vuse-pro-device-kit" WarrantyInfo="" langid="1"/>
  <ProductFeature Localized="0" ID="835284987" Local_ID="0" Value="Gold" CategoryFeature_ID="68804" CategoryFeatureGroup_ID="8909" No="100090" Optional="0" Presentation_Value="Gold" Translated="1" Mandatory="0" Searchable="0">
   <LocalValue Value="Gold">
    <Measure ID="29">
     <Signs/>
    </Measure>
   </LocalValue>
   <Feature ID="1766">
    <Measure ID="29" Sign="">
     <Signs/>
    </Measure>
    <Name ID="5487" langid="1" Value="Product colour"/>
   </Feature>
  </ProductFeature>
  <ProductFeature Localized="0" ID="835284990" Local_ID="0" Value="N" CategoryFeature_ID="249546" CategoryFeatureGroup_ID="8909" No="100080" Optional="0" Presentation_Value="No" Translated="1" Mandatory="0" Searchable="0">
   <LocalValue Value="No">
    <Measure ID="26">
     <Signs/>
    </Measure>
   </LocalValue>
   <Feature ID="8782">
    <Measure ID="26" Sign="">
     <Signs/>
    </Measure>
    <Name ID="738325" langid="1" Value="Built-in display"/>
   </Feature>
  </ProductFeature>
  <ProductFeature Localized="0" ID="835284986" Local_ID="0" Value="Y" CategoryFeature_ID="293940" CategoryFeatureGroup_ID="8909" No="100010" Optional="0" Presentation_Value="Yes" Translated="1" Mandatory="0" Searchable="0">
   <LocalValue Value="Yes">
    <Measure ID="29">
     <Signs/>
    </Measure>
   </LocalValue>
   <Feature ID="1501">
    <Measure ID="29" Sign="">
     <Signs/>
    </Measure>
    <Name ID="4699" langid="1" Value="LED indicators"/>
   </Feature>
  </ProductFeature>
  <ProductFeature Localized="0" ID="835284995" Local_ID="0" Value="Y" CategoryFeature_ID="249553" CategoryFeatureGroup_ID="8909" No="100000" Optional="0" Presentation_Value="Yes" Translated="1" Mandatory="0" Searchable="0">
   <LocalValue Value="Yes">
    <Measure ID="26">
     <Signs/>
    </Measure>
   </LocalValue>
   <Feature ID="23798">
    <Measure ID="26" Sign="">
     <Signs/>
    </Measure>
    <Name ID="1953766" langid="1" Value="USB port"/>
   </Feature>
  </ProductFeature>
  <ProductFeature Localized="0" ID="835285100" Local_ID="0" Value="CE,UKCA" CategoryFeature_ID="955113" CategoryFeatureGroup_ID="8911" No="100000" Optional="0" Presentation_Value="CE, UKCA" Translated="1" Mandatory="0" Searchable="0">
   <LocalValue Value="CE, UKCA">
    <Measure ID="29">
     <Signs/>
    </Measure>
   </LocalValue>
   <Feature ID="48024">
    <Measure ID="29" Sign="">
     <Signs/>
    </Measure>
    <Name ID="9134228" langid="1" Value="Compliance certificates"/>
   </Feature>
  </ProductFeature>
  <ProductFeature Localized="0" ID="835284994" Local_ID="0" Value="Y" CategoryFeature_ID="249552" CategoryFeatureGroup_ID="8912" No="100045" Optional="0" Presentation_Value="Yes" Translated="1" Mandatory="0" Searchable="0">
   <LocalValue Value="Yes">
    <Measure ID="26">
     <Signs/>
    </Measure>
   </LocalValue>
   <Feature ID="11194">
    <Measure ID="26" Sign="">
     <Signs/>
    </Measure>
    <Name ID="982701" langid="1" Value="USB charging"/>
   </Feature>
  </ProductFeature>
  <ProductFeature Localized="0" ID="835284991" Local_ID="0" Value="Y" CategoryFeature_ID="68816" CategoryFeatureGroup_ID="8913" No="100050" Optional="0" Presentation_Value="Yes" Translated="1" Mandatory="0" Searchable="0">
   <LocalValue Value="Yes">
    <Measure ID="26">
     <Signs/>
    </Measure>
   </LocalValue>
   <Feature ID="10871">
    <Measure ID="26" Sign="">
     <Signs/>
    </Measure>
    <Name ID="954526" langid="1" Value="USB charger included"/>
   </Feature>
  </ProductFeature>
  <ProductFeature Localized="0" ID="835284988" Local_ID="0" Value="Y" CategoryFeature_ID="68848" CategoryFeatureGroup_ID="8913" No="100000" Optional="0" Presentation_Value="Yes" Translated="1" Mandatory="0" Searchable="0">
   <LocalValue Value="Yes">
    <Measure ID="26">
     <Signs/>
    </Measure>
   </LocalValue>
   <Feature ID="3965">
    <Measure ID="26" Sign="">
     <Signs/>
    </Measure>
    <Name ID="56040" langid="1" Value="Manual"/>
   </Feature>
  </ProductFeature>
  <ProductGallery>
   <ProductPicture IsMain="Y" LowPic="https://inishop.com/img/gallery_lows/7aa43a875db754a435bd090932ba7a7b39e843d9.jpg" LowPicHeight="200" LowPicWidth="153" LowSize="27088" No="1" Original="https://inishop.com/img/gallery_raw/95513b7036d8448cc19e648587e8bea8e4314ab0.png" OriginalSize="343072" Pic="https://inishop.com/img/gallery/b2df98570c2d7bf515aac6f84ac19addcb7b6cc4.jpg" Pic500x500="https://inishop.com/img/gallery_mediums/3a2a456b55700ca9fe4b86b3647eda0f1b54d153.jpg" Pic500x500Height="500" Pic500x500Size="111952" Pic500x500Width="381" PicHeight="700" PicWidth="534" ProductPicture_ID="117112869" Size="187593" ThumbPic="https://inishop.com/img/gallery_thumbs/ccc25671e3b2b83fcdf7df69d7464124f8f192a2.jpg" ThumbSize="6749" Type="ProductImage" UpdatedDate="2025-09-09 14:14:48"/>
   <ProductPicture LowPic="https://inishop.com/img/gallery_lows/549b135bfaf895f01b4a4ea5cc0060c8b81783b8.jpg" LowPicHeight="200" LowPicWidth="50" LowSize="7084" No="2" Original="https://inishop.com/img/gallery_raw/3ae468f6fbd954d143e3b3c2d524461055b01891.png" OriginalSize="155902" Pic="https://inishop.com/img/gallery/3c9dd15afb2f80b6c8b81e01297ad38496fd94fc.jpg" Pic500x500="https://inishop.com/img/gallery_mediums/4d55117abeb87cebe68be56892bd591071aba17a.jpg" Pic500x500Height="500" Pic500x500Size="28664" Pic500x500Width="125" PicHeight="804" PicWidth="201" ProductPicture_ID="117112871" Size="64232" ThumbPic="https://inishop.com/img/gallery_thumbs/674f9b52575ed07e1070d47f85ac1283c5e1a95c.jpg" ThumbSize="2325" Type="ProductImage" UpdatedDate="2025-09-09 14:15:09"/>
   <ProductPicture LowPic="https://inishop.com/img/gallery_lows/1c2c8c99b67ee426bb123235908c5f51da7ca646.jpg" LowPicHeight="200" LowPicWidth="104" LowSize="18559" No="3" Original="https://inishop.com/img/gallery_raw/369dee4afe2ab9a07419755b61dbae5e15b121fa.jpeg" OriginalSize="41862" Pic="https://inishop.com/img/gallery/38028d79188127c857f8d421f74e148f5222c805.jpg" Pic500x500="https://inishop.com/img/gallery_mediums/5d2e1efe8ddf5e059b3524d351bd0c4d643fb7d0.jpg" Pic500x500Height="500" Pic500x500Size="74474" Pic500x500Width="259" PicHeight="794" PicWidth="411" ProductPicture_ID="117112872" Size="157315" ThumbPic="https://inishop.com/img/gallery_thumbs/9074fc7f633a5a5c3819e38c2320ab4af8036627.jpg" ThumbSize="4780" Type="ProductPackagingImage" UpdatedDate="2025-09-09 14:15:29"/>
   <ProductPicture LowPic="https://inishop.com/img/gallery_lows/6da4b72add0ad6759b9662b53ae2ebddc8a3b13a.jpg" LowPicHeight="200" LowPicWidth="103" LowSize="13013" No="4" Original="https://inishop.com/img/gallery_raw/b0f5e99d0c56bf23ce45d84859597c7301bfb347.jpeg" OriginalSize="57849" Pic="https://inishop.com/img/gallery/68dcc0527697bd27419b0e802fe1e0006bab1319.jpg" Pic500x500="https://inishop.com/img/gallery_mediums/fc36d45a6a43035ad217e22ff089622973108859.jpg" Pic500x500Height="500" Pic500x500Size="62056" Pic500x500Width="258" PicHeight="795" PicWidth="411" ProductPicture_ID="117112873" Size="143580" ThumbPic="https://inishop.com/img/gallery_thumbs/fd913f2cf8e83d1fe8f2d762c154d9dd00216570.jpg" ThumbSize="3047" Type="ProductPackagingImage" UpdatedDate="2025-09-09 14:15:32"/>
  </ProductGallery>
  <ProductMultimediaObject/>
  <ProductRelated/>
  <SummaryDescription>
   <ShortSummaryDescription langid="1">Vuse Pro, Gold</ShortSummaryDescription>
   <LongSummaryDescription langid="1">Vuse Pro. Product colour: Gold</LongSummaryDescription>
  </SummaryDescription>
  <Supplier ID="43652" Name="Vuse"/>
  <CatalogObjectCloud/>
  <BrandOrganizations/>
 </Product>
</ICECAT-interface>
