<?xml version="1.0" encoding="UTF-8"?>
<!DOCTYPE ICECAT-interface SYSTEM "https://data.icecat.biz/dtd/ICECAT-interface_response.dtd">
<!--source: Icecat.biz 2025-->
<!--Language ID: 1-->
<!--Version: v2-->
<ICECAT-interface xmlns:xsi="http://www.w3.org/2001/XMLSchema-instance" xsi:noNamespaceSchemaLocation="https://data.icecat.biz/xsd/ICECAT-interface_response.xsd">
 <Product Code="1" HighPic="https://inishop.com/img/gallery/6abbb09c9cdfbed576fed193141a970825c8e7d4.jpg" HighPicHeight="800" HighPicSize="252259" HighPicWidth="800" ID="99728234" LowPic="https://inishop.com/img/gallery_lows/845679e7a9199e26b3f2b4dc7196baa4cfa2bebc.jpg" LowPicHeight="200" LowPicSize="27354" LowPicWidth="200" Name="Honey &amp; Blackcurrant Lozenges" IntName="MGO 400+ Honey &amp; Blackcurrant" LocalName="Honey &amp; Blackcurrant Lozenges" Pic500x500="https://inishop.com/img/gallery_mediums/83a62d71d564c4b88de42d549f593e59c86ea651.jpg" Pic500x500Height="500" Pic500x500Size="121551" Pic500x500Width="500" Prod_id="WH95" Quality="ICECAT" ReleaseDate="" ThumbPic="https://inishop.com/img/gallery_thumbs/cc6530824f3d499393bbc0ee6ac6209409773e1b.jpg" ThumbPicSize="5325" Title="Manuka Health Honey &amp; Blackcurrant Lozenges" GeneratedIntTitle="Manuka Health MGO 400+ Honey &amp; Blackcurrant cough medicine" GeneratedLocalTitle="Manuka Health MGO 400+ Honey &amp; Blackcurrant cough medicine 100 g Internal use Adults" BrandLocalTitle="Manuka Health Honey &amp; Blackcurrant Lozenges">
  <CategoryFeatureGroup ID="67238" No="0">
   <FeatureGroup ID="0">
    <Name ID="5073" langid="1" Value="Technical details"/>
   </FeatureGroup>
  </CategoryFeatureGroup>
  <CategoryFeatureGroup ID="18226" No="1">
   <FeatureGroup ID="67">
    <Name ID="27423" langid="1" Value="Packaging data"/>
   </FeatureGroup>
  </CategoryFeatureGroup>
  <CategoryFeatureGroup ID="42075" No="0">
   <FeatureGroup ID="76">
    <Name ID="28540" langid="1" Value="Certificates"/>
   </FeatureGroup>
  </CategoryFeatureGroup>
  <CategoryFeatureGroup ID="18225" No="-1">
   <FeatureGroup ID="116">
    <Name ID="78852" langid="1" Value="Packaging content"/>
   </FeatureGroup>
  </CategoryFeatureGroup>
  <CategoryFeatureGroup ID="54119" No="0">
   <FeatureGroup ID="143">
    <Name ID="618812" langid="1" Value="Battery"/>
   </FeatureGroup>
  </CategoryFeatureGroup>
  <CategoryFeatureGroup ID="18224" No="5">
   <FeatureGroup ID="185">
    <Name ID="1219853" langid="1" Value="Features"/>
   </FeatureGroup>
  </CategoryFeatureGroup>
  <CategoryFeatureGroup ID="36316" No="0">
   <FeatureGroup ID="198">
    <Name ID="1788927" langid="1" Value="Logistics data"/>
   </FeatureGroup>
  </CategoryFeatureGroup>
  <CategoryFeatureGroup ID="18227" No="3">
   <FeatureGroup ID="200">
    <Name ID="2069494" langid="1" Value="Nutrition facts"/>
   </FeatureGroup>
  </CategoryFeatureGroup>
  <CategoryFeatureGroup ID="60622" No="0">
   <FeatureGroup ID="232">
    <Name ID="3464238" langid="1" Value="Supplier features"/>
   </FeatureGroup>
  </CategoryFeatureGroup>
  <Category ID="5044">
   <Name ID="3731476" langid="1" Value="Cough Medicines"/>
  </Category>
  <EANCode/>
  <ReleaseDate/>
  <EndOfLifeDate/>
  <ReasonsToBuy/>
  <BulletPoints>
   <BulletPoint Value="100% Natural Ingredients" langid="1" No="1"/>
   <BulletPoint Value="No Artificial Flavours or Colours" langid="1" No="2"/>
   <BulletPoint Value="Suitable for Vegetarians" langid="1" No="3"/>
  </BulletPoints>
  <GeneratedBulletPoints/>
  <ProductBundled/>
  <ProductDescription ID="90479123" LongDesc="The high quality and soothing Mānuka Honey Lozenges in Blackcurrant flavor from Manuka Health with valuable MGO 400+ Mānuka Honey with an MGO content of at least 400mg methylglyoxal per kg of honey from the nature of New Zealand and vitamin C.&lt;br&gt; &lt;br&gt;Benefit from the high and natural quality of our Mānuka Honey Lozenges. A delicious treat with currant flavor to strengthen your well-being even in the cold season.&lt;br&gt; &lt;br&gt;Mānuka Honey Lozenges Blackcurrant are free of artificial flavors and suitable for vegetarians.&lt;br&gt; &lt;br&gt;A delicious berry and honey sweet treat.&lt;br&gt; &lt;br&gt;Our MGO 400+ Mānuka Honey Lozenges, can be purchased directly in our online store.&lt;br&gt;" ManualPDFSize="0" ManualPDFURL="" MiddleDesc="" PDFSize="0" PDFURL="" ShortDesc="MGO 400+ Honey &amp; Blackcurrant Lozenges 100 g" URL="https://manukahealth.shop/en/products/mgo-400-manuka-hustenbonbons-schwarze-johannisbeere?srsltid=AfmBOop7TCYUnmfm7o1EIJnwXRPESRcNWyoDou18WC0WSzgbdejZEOEl" WarrantyInfo="" langid="1"/>
  <ProductFeature Localized="0" ID="538178878" Local_ID="0" Value="Internal use" CategoryFeature_ID="167782" CategoryFeatureGroup_ID="18224" No="10100100" Optional="0" Presentation_Value="Internal use" Translated="1" Mandatory="1" Searchable="1">
   <LocalValue Value="Internal use">
    <Measure ID="29">
     <Signs/>
    </Measure>
   </LocalValue>
   <Feature ID="2987">
    <Measure ID="29" Sign="">
     <Signs/>
    </Measure>
    <Name ID="28522" langid="1" Value="Proper use"/>
   </Feature>
  </ProductFeature>
  <ProductFeature Localized="0" ID="538178879" Local_ID="0" Value="Adults" CategoryFeature_ID="167784" CategoryFeatureGroup_ID="18224" No="10100095" Optional="0" Presentation_Value="Adults" Translated="1" Mandatory="1" Searchable="1">
   <LocalValue Value="Adults">
    <Measure ID="29">
     <Signs/>
    </Measure>
   </LocalValue>
   <Feature ID="21228">
    <Measure ID="29" Sign="">
     <Signs/>
    </Measure>
    <Name ID="1689333" langid="1" Value="Target audience"/>
   </Feature>
  </ProductFeature>
  <ProductFeature Localized="0" ID="538178880" Local_ID="0" Value="Lozenges" CategoryFeature_ID="167783" CategoryFeatureGroup_ID="18224" No="10100090" Optional="0" Presentation_Value="Lozenges" Translated="1" Mandatory="1" Searchable="1">
   <LocalValue Value="Lozenges">
    <Measure ID="29">
     <Signs/>
    </Measure>
   </LocalValue>
   <Feature ID="25712">
    <Measure ID="29" Sign="">
     <Signs/>
    </Measure>
    <Name ID="2169362" langid="1" Value="Dosage form"/>
   </Feature>
  </ProductFeature>
  <ProductFeature Localized="0" ID="538178881" Local_ID="0" Value="100" CategoryFeature_ID="167794" CategoryFeatureGroup_ID="18224" No="100250" Optional="0" Presentation_Value="100 g" Translated="0" Mandatory="0" Searchable="0">
   <LocalValue Value="100">
    <Measure ID="38">
     <Signs>
      <Sign ID="22" langid="1"><![CDATA[g]]></Sign>
     </Signs>
    </Measure>
   </LocalValue>
   <Feature ID="5255">
    <Measure ID="38" Sign="">
     <Signs>
      <Sign ID="22" langid="1"><![CDATA[g]]></Sign>
     </Signs>
    </Measure>
    <Name ID="72073" langid="1" Value="Capacity"/>
   </Feature>
  </ProductFeature>
  <ProductFeature Localized="0" ID="835851688" Local_ID="0" Value="6" CategoryFeature_ID="167786" CategoryFeatureGroup_ID="18224" No="100090" Optional="0" Presentation_Value="6 yr(s)" Translated="0" Mandatory="0" Searchable="0">
   <LocalValue Value="6">
    <Measure ID="439">
     <Signs>
      <Sign ID="39428" langid="1"><![CDATA[yr(s)]]></Sign>
     </Signs>
    </Measure>
   </LocalValue>
   <Feature ID="7769">
    <Measure ID="439" Sign="">
     <Signs>
      <Sign ID="39428" langid="1"><![CDATA[yr(s)]]></Sign>
     </Signs>
    </Measure>
    <Name ID="600351" langid="1" Value="Minimum age"/>
   </Feature>
  </ProductFeature>
  <ProductFeature Localized="0" ID="538178882" Local_ID="0" Value="Blackcurrant,Honey" CategoryFeature_ID="167796" CategoryFeatureGroup_ID="18224" No="100086" Optional="0" Presentation_Value="Blackcurrant, Honey" Translated="1" Mandatory="0" Searchable="0">
   <LocalValue Value="Blackcurrant, Honey">
    <Measure ID="29">
     <Signs/>
    </Measure>
   </LocalValue>
   <Feature ID="18005">
    <Measure ID="29" Sign="">
     <Signs/>
    </Measure>
    <Name ID="1353304" langid="1" Value="Constitutive ingredients"/>
   </Feature>
  </ProductFeature>
  <ProductFeature Localized="0" ID="538178883" Local_ID="0" Value="Vitamin C" CategoryFeature_ID="167820" CategoryFeatureGroup_ID="18224" No="100086" Optional="0" Presentation_Value="Vitamin C" Translated="1" Mandatory="0" Searchable="0">
   <LocalValue Value="Vitamin C">
    <Measure ID="29">
     <Signs/>
    </Measure>
   </LocalValue>
   <Feature ID="26607">
    <Measure ID="29" Sign="">
     <Signs/>
    </Measure>
    <Name ID="2282139" langid="1" Value="Includes vitamins"/>
   </Feature>
  </ProductFeature>
  <ProductFeature Localized="0" ID="538178884" Local_ID="0" Value="Throat soothing" CategoryFeature_ID="309382" CategoryFeatureGroup_ID="18224" No="100085" Optional="0" Presentation_Value="Throat soothing" Translated="1" Mandatory="0" Searchable="0">
   <LocalValue Value="Throat soothing">
    <Measure ID="29">
     <Signs/>
    </Measure>
   </LocalValue>
   <Feature ID="32454">
    <Measure ID="29" Sign="">
     <Signs/>
    </Measure>
    <Name ID="3330153" langid="1" Value="Health effects"/>
   </Feature>
  </ProductFeature>
  <ProductFeature Localized="0" ID="538178886" Local_ID="0" Value="Cane Sugar, Glucose, Manuka Honey (8%, 343mg), Water, Blackcurrant (Natural Flavour), Citric Acid, Black Carrot (Natural Colour), Vitamin C." CategoryFeature_ID="167788" CategoryFeatureGroup_ID="18224" No="99995" Optional="0" Presentation_Value="Cane Sugar, Glucose, Manuka Honey (8%, 343mg), Water, Blackcurrant (Natural Flavour), Citric Acid, Black Carrot (Natural Colour), Vitamin C." Translated="0" Mandatory="0" Searchable="0">
   <LocalValue Value="Cane Sugar, Glucose, Manuka Honey (8%, 343mg), Water, Blackcurrant (Natural Flavour), Citric Acid, Black Carrot (Natural Colour), Vitamin C.">
    <Measure ID="29">
     <Signs/>
    </Measure>
   </LocalValue>
   <Feature ID="16908">
    <Measure ID="29" Sign="">
     <Signs/>
    </Measure>
    <Name ID="1216897" langid="1" Value="Ingredients"/>
   </Feature>
  </ProductFeature>
  <ProductFeature Localized="0" ID="538178885" Local_ID="0" Value="Box" CategoryFeature_ID="167802" CategoryFeatureGroup_ID="18226" No="99985" Optional="0" Presentation_Value="Box" Translated="1" Mandatory="0" Searchable="0">
   <LocalValue Value="Box">
    <Measure ID="29">
     <Signs/>
    </Measure>
   </LocalValue>
   <Feature ID="4463">
    <Measure ID="29" Sign="">
     <Signs/>
    </Measure>
    <Name ID="60405" langid="1" Value="Package type"/>
   </Feature>
  </ProductFeature>
  <ProductGallery>
   <ProductPicture IsMain="Y" LowPic="https://inishop.com/img/gallery_lows/845679e7a9199e26b3f2b4dc7196baa4cfa2bebc.jpg" LowPicHeight="200" LowPicWidth="200" LowSize="27354" No="2" Original="https://inishop.com/img/gallery_raw/08eee6e542edf51a15894c3c446ddf1652966cf9.png" OriginalSize="294739" Pic="https://inishop.com/img/gallery/6abbb09c9cdfbed576fed193141a970825c8e7d4.jpg" Pic500x500="https://inishop.com/img/gallery_mediums/83a62d71d564c4b88de42d549f593e59c86ea651.jpg" Pic500x500Height="500" Pic500x500Size="121551" Pic500x500Width="500" PicHeight="800" PicWidth="800" ProductPicture_ID="117095950" Size="252259" ThumbPic="https://inishop.com/img/gallery_thumbs/cc6530824f3d499393bbc0ee6ac6209409773e1b.jpg" ThumbSize="5325" Type="ProductImage" UpdatedDate="2025-09-09 11:41:28"/>
   <ProductPicture LowPic="https://inishop.com/img/gallery_lows/4fab3d2a69b74eb15a81fbd396cba0cbcc5c49a7.jpg" LowPicHeight="200" LowPicWidth="200" LowSize="18174" No="3" Original="https://inishop.com/img/gallery_raw/b48d288aabfde98d4238a7fed39806c3d8c3806a.png" OriginalSize="104534" Pic="https://inishop.com/img/gallery/ce0a3bd73f5cef7a2254d917bd33f8737225343f.jpg" Pic500x500="https://inishop.com/img/gallery_mediums/71a31a104ede9f174a7e3ce0f4c1a7fcab201d83.jpg" Pic500x500Height="500" Pic500x500Size="87226" Pic500x500Width="500" PicHeight="1200" PicWidth="1200" ProductPicture_ID="117095949" Size="400720" ThumbPic="https://inishop.com/img/gallery_thumbs/e7f7b743273ec57601e23b2321b55e62bff88302.jpg" ThumbSize="3694" Type="ProductImage" UpdatedDate="2025-09-09 11:41:28"/>
   <ProductPicture LowPic="https://inishop.com/img/gallery_lows/148f004897a07955eb32846623499d0f97feb732.jpg" LowPicHeight="200" LowPicWidth="200" LowSize="13683" No="4" Original="https://inishop.com/img/gallery_raw/d66a83f614ed478eb1b11df1d09b83e90c1250f0.png" OriginalSize="122341" Pic="https://inishop.com/img/gallery/5cce5399ceee372e1231e747a7c4ef93176e5aa7.jpg" Pic500x500="https://inishop.com/img/gallery_mediums/845c0422872268b027ba9a9646add4d0d8381ff3.jpg" Pic500x500Height="500" Pic500x500Size="70358" Pic500x500Width="500" PicHeight="1200" PicWidth="1200" ProductPicture_ID="117095953" Size="307439" ThumbPic="https://inishop.com/img/gallery_thumbs/f155e71cf2001059eb82589a5bbc27ff52737855.jpg" ThumbSize="2925" Type="ProductImage" UpdatedDate="2025-09-09 11:41:35"/>
   <ProductPicture LowPic="https://inishop.com/img/gallery_lows/b724d06aea2c770559139becb75d19111ca021af.jpg" LowPicHeight="200" LowPicWidth="200" LowSize="10815" No="5" Original="https://inishop.com/img/gallery_raw/00120f95ce53003ebf4efdc11f1052821eb35c17.png" OriginalSize="68551" Pic="https://inishop.com/img/gallery/7a664db471babc5f1c781f7bfb0724062ddd9ff6.jpg" Pic500x500="https://inishop.com/img/gallery_mediums/c9ca5a34f602464eefaeea9eb4f7dc3f230bfc9d.jpg" Pic500x500Height="500" Pic500x500Size="51666" Pic500x500Width="500" PicHeight="1200" PicWidth="1200" ProductPicture_ID="117095955" Size="245990" ThumbPic="https://inishop.com/img/gallery_thumbs/5ed4150c3bd49530d14593d7ac9d67a277aacd0a.jpg" ThumbSize="2731" Type="ProductImage" UpdatedDate="2025-09-09 11:41:46"/>
  </ProductGallery>
  <ProductMultimediaObject/>
  <ProductRelated/>
  <SummaryDescription>
   <ShortSummaryDescription langid="1">Manuka Health Honey &amp; Blackcurrant Lozenges, Internal use, Adults, Lozenges, 100 g, 6 yr(s), Blackcurrant, Honey</ShortSummaryDescription>
   <LongSummaryDescription langid="1">Manuka Health Honey &amp; Blackcurrant Lozenges. Proper use: Internal use, Target audience: Adults, Dosage form: Lozenges. Package type: Box</LongSummaryDescription>
  </SummaryDescription>
  <Supplier ID="15279" Name="Manuka Health"/>
  <CatalogObjectCloud/>
  <BrandOrganizations/>
 </Product>
</ICECAT-interface>
