<?xml version="1.0" encoding="UTF-8"?>
<!DOCTYPE ICECAT-interface SYSTEM "https://data.icecat.biz/dtd/ICECAT-interface_response.dtd">
<!--source: Icecat.biz 2025-->
<!--Language ID: 1-->
<!--Version: v2-->
<ICECAT-interface xmlns:xsi="http://www.w3.org/2001/XMLSchema-instance" xsi:noNamespaceSchemaLocation="https://data.icecat.biz/xsd/ICECAT-interface_response.xsd">
 <Product Code="1" HighPic="https://inishop.com/img/gallery/894f14e70f42c0e926a35dfddd105f4be1cc1fc0.jpg" HighPicHeight="809" HighPicSize="397739" HighPicWidth="1518" ID="134703679" LowPic="https://inishop.com/img/gallery_lows/27aa43ff6a3e5fb894e87c34fc53a31ecb6222b2.jpg" LowPicHeight="107" LowPicSize="11748" LowPicWidth="200" Name="Fresh Foam X More v6" IntName="Fresh Foam X More v6" LocalName="" Pic500x500="https://inishop.com/img/gallery_mediums/aa60ebef76a74d699c61835b8bba4c9a823cf503.jpg" Pic500x500Height="266" Pic500x500Size="53851" Pic500x500Width="500" Prod_id="WMORGR6 35" Quality="ICECAT" ReleaseDate="" ThumbPic="https://inishop.com/img/gallery_thumbs/4086f0c5d8991d97c700727952d48ac990e39c2e.jpg" ThumbPicSize="3067" Title="New Balance Fresh Foam X More v6 athletic shoes Female Black, Grey, White" GeneratedIntTitle="New Balance Fresh Foam X More v6 athletic shoes" GeneratedLocalTitle="New Balance Fresh Foam X More v6 athletic shoes Female Black, Grey, White" BrandLocalTitle="">
  <CategoryFeatureGroup ID="66314" No="-2">
   <FeatureGroup ID="0">
    <Name ID="5073" langid="1" Value="Technical details"/>
   </FeatureGroup>
  </CategoryFeatureGroup>
  <CategoryFeatureGroup ID="17169" No="10">
   <FeatureGroup ID="14">
    <Name ID="5023" langid="1" Value="Weight &amp; dimensions"/>
   </FeatureGroup>
  </CategoryFeatureGroup>
  <CategoryFeatureGroup ID="78452" No="8">
   <FeatureGroup ID="67">
    <Name ID="27423" langid="1" Value="Packaging data"/>
   </FeatureGroup>
  </CategoryFeatureGroup>
  <CategoryFeatureGroup ID="42793" No="0">
   <FeatureGroup ID="76">
    <Name ID="28540" langid="1" Value="Certificates"/>
   </FeatureGroup>
  </CategoryFeatureGroup>
  <CategoryFeatureGroup ID="49895" No="0">
   <FeatureGroup ID="116">
    <Name ID="78852" langid="1" Value="Packaging content"/>
   </FeatureGroup>
  </CategoryFeatureGroup>
  <CategoryFeatureGroup ID="34344" No="40">
   <FeatureGroup ID="119">
    <Name ID="80218" langid="1" Value="Material"/>
   </FeatureGroup>
  </CategoryFeatureGroup>
  <CategoryFeatureGroup ID="54810" No="0">
   <FeatureGroup ID="143">
    <Name ID="618812" langid="1" Value="Battery"/>
   </FeatureGroup>
  </CategoryFeatureGroup>
  <CategoryFeatureGroup ID="34343" No="-5">
   <FeatureGroup ID="146">
    <Name ID="624346" langid="1" Value="Other features"/>
   </FeatureGroup>
  </CategoryFeatureGroup>
  <CategoryFeatureGroup ID="17164" No="50">
   <FeatureGroup ID="185">
    <Name ID="1219853" langid="1" Value="Features"/>
   </FeatureGroup>
  </CategoryFeatureGroup>
  <CategoryFeatureGroup ID="36865" No="-10">
   <FeatureGroup ID="198">
    <Name ID="1788927" langid="1" Value="Logistics data"/>
   </FeatureGroup>
  </CategoryFeatureGroup>
  <CategoryFeatureGroup ID="61315" No="0">
   <FeatureGroup ID="232">
    <Name ID="3464238" langid="1" Value="Supplier features"/>
   </FeatureGroup>
  </CategoryFeatureGroup>
  <CategoryFeatureGroup ID="78451" No="30">
   <FeatureGroup ID="270">
    <Name ID="5186810" langid="1" Value="Care information"/>
   </FeatureGroup>
  </CategoryFeatureGroup>
  <CategoryFeatureGroup ID="78453" No="1">
   <FeatureGroup ID="279">
    <Name ID="7392238" langid="1" Value="Sustainability"/>
   </FeatureGroup>
  </CategoryFeatureGroup>
  <Category ID="3554">
   <Name ID="3730067" langid="1" Value="Athletic Shoes"/>
  </Category>
  <EANCode/>
  <ReleaseDate/>
  <EndOfLifeDate/>
  <ReasonsToBuy/>
  <BulletPoints>
   <BulletPoint Value="Fresh Foam X midsole delivers our most cushioned Fresh Foam experience for incredible comfort" langid="1" No="1"/>
   <BulletPoint Value="Reflective details" langid="1" No="2"/>
   <BulletPoint Value="4 mm drop; due to variances created during the development and manufacturing processes, all references to 4 mm drop are approximate" langid="1" No="3"/>
   <BulletPoint Value="Lace closure" langid="1" No="4"/>
   <BulletPoint Value="Gusseted tongue for a comfortable lockdown fit" langid="1" No="5"/>
  </BulletPoints>
  <GeneratedBulletPoints/>
  <ProductBundled/>
  <ProductDescription ID="104044478" LongDesc="Smooth, breathable and cushioned, this running shoe delivers all-day comfort and style.&lt;br&gt;&lt;br&gt;" ManualPDFSize="0" ManualPDFURL="" MiddleDesc="" PDFSize="0" PDFURL="" ShortDesc="Fresh Foam X More v6 Shoes, 35" URL="https://ee.newbalance.eu/en/pd/fresh-foam-x-more-v6/WMORV6-50400.html?sm=Top+Results&amp;pdq=WMORGR6" WarrantyInfo="" langid="1"/>
  <ProductFeature Localized="0" ID="835249596" Local_ID="0" Value="Running" CategoryFeature_ID="333583" CategoryFeatureGroup_ID="17164" No="10100350" Optional="0" Presentation_Value="Running" Translated="1" Mandatory="1" Searchable="1">
   <LocalValue Value="Running">
    <Measure ID="29">
     <Signs/>
    </Measure>
   </LocalValue>
   <Feature ID="41029">
    <Measure ID="29" Sign="">
     <Signs/>
    </Measure>
    <Name ID="6302886" langid="1" Value="Activity"/>
   </Feature>
  </ProductFeature>
  <ProductFeature Localized="0" ID="835249553" Local_ID="0" Value="Female" CategoryFeature_ID="158233" CategoryFeatureGroup_ID="17164" No="10100300" Optional="0" Presentation_Value="Female" Translated="1" Mandatory="1" Searchable="1">
   <LocalValue Value="Female">
    <Measure ID="29">
     <Signs/>
    </Measure>
   </LocalValue>
   <Feature ID="3230">
    <Measure ID="29" Sign="">
     <Signs/>
    </Measure>
    <Name ID="30670" langid="1" Value="Gender"/>
   </Feature>
  </ProductFeature>
  <ProductFeature Localized="0" ID="835249595" Local_ID="0" Value="Adult" CategoryFeature_ID="333580" CategoryFeatureGroup_ID="17164" No="10100295" Optional="0" Presentation_Value="Adult" Translated="1" Mandatory="1" Searchable="1">
   <LocalValue Value="Adult">
    <Measure ID="29">
     <Signs/>
    </Measure>
   </LocalValue>
   <Feature ID="36987">
    <Measure ID="29" Sign="">
     <Signs/>
    </Measure>
    <Name ID="4433301" langid="1" Value="Consumer life stage"/>
   </Feature>
  </ProductFeature>
  <ProductFeature Localized="0" ID="835249594" Local_ID="0" Value="Black,Grey,White" CategoryFeature_ID="333581" CategoryFeatureGroup_ID="17164" No="10100144" Optional="0" Presentation_Value="Black, Grey, White" Translated="1" Mandatory="1" Searchable="1">
   <LocalValue Value="Black, Grey, White">
    <Measure ID="29">
     <Signs/>
    </Measure>
   </LocalValue>
   <Feature ID="37466">
    <Measure ID="29" Sign="">
     <Signs/>
    </Measure>
    <Name ID="5072249" langid="1" Value="Product main colour"/>
   </Feature>
  </ProductFeature>
  <ProductFeature Localized="0" ID="835250041" Local_ID="0" Value="Image" CategoryFeature_ID="158216" CategoryFeatureGroup_ID="17164" No="100148" Optional="0" Presentation_Value="Image" Translated="1" Mandatory="0" Searchable="0">
   <LocalValue Value="Image">
    <Measure ID="29">
     <Signs/>
    </Measure>
   </LocalValue>
   <Feature ID="21118">
    <Measure ID="29" Sign="">
     <Signs/>
    </Measure>
    <Name ID="1680066" langid="1" Value="Coloration"/>
   </Feature>
  </ProductFeature>
  <ProductFeature Localized="0" ID="835249990" Local_ID="0" Value="3" CategoryFeature_ID="949644" CategoryFeatureGroup_ID="17164" No="100145" Optional="0" Presentation_Value="3" Translated="0" Mandatory="0" Searchable="0">
   <LocalValue Value="3">
    <Measure ID="29">
     <Signs/>
    </Measure>
   </LocalValue>
   <Feature ID="29293">
    <Measure ID="29" Sign="">
     <Signs/>
    </Measure>
    <Name ID="2660077" langid="1" Value="Size (UK)"/>
   </Feature>
  </ProductFeature>
  <ProductFeature Localized="0" ID="835249587" Local_ID="0" Value="35" CategoryFeature_ID="949645" CategoryFeatureGroup_ID="17164" No="100144" Optional="0" Presentation_Value="35" Translated="0" Mandatory="0" Searchable="0">
   <LocalValue Value="35">
    <Measure ID="29">
     <Signs/>
    </Measure>
   </LocalValue>
   <Feature ID="47506">
    <Measure ID="29" Sign="">
     <Signs/>
    </Measure>
    <Name ID="8849986" langid="1" Value="Size (EU)"/>
   </Feature>
  </ProductFeature>
  <ProductFeature Localized="0" ID="835249987" Local_ID="0" Value="5" CategoryFeature_ID="949647" CategoryFeatureGroup_ID="17164" No="100142" Optional="0" Presentation_Value="5" Translated="0" Mandatory="0" Searchable="0">
   <LocalValue Value="5">
    <Measure ID="29">
     <Signs/>
    </Measure>
   </LocalValue>
   <Feature ID="47767">
    <Measure ID="29" Sign="">
     <Signs/>
    </Measure>
    <Name ID="9085953" langid="1" Value="Women's size (US)"/>
   </Feature>
  </ProductFeature>
  <ProductFeature Localized="0" ID="835249995" Local_ID="0" Value="22" CategoryFeature_ID="949648" CategoryFeatureGroup_ID="17164" No="100141" Optional="0" Presentation_Value="22 cm" Translated="0" Mandatory="0" Searchable="0">
   <LocalValue Value="22">
    <Measure ID="34">
     <Signs>
      <Sign ID="18" langid="1"><![CDATA[cm]]></Sign>
     </Signs>
    </Measure>
   </LocalValue>
   <Feature ID="47528">
    <Measure ID="34" Sign="">
     <Signs>
      <Sign ID="18" langid="1"><![CDATA[cm]]></Sign>
     </Signs>
    </Measure>
    <Name ID="8854761" langid="1" Value="Size (length)"/>
   </Feature>
  </ProductFeature>
  <ProductFeature Localized="0" ID="835250228" Local_ID="0" Value="Lace-up closure" CategoryFeature_ID="333640" CategoryFeatureGroup_ID="17164" No="100115" Optional="0" Presentation_Value="Lace-up closure" Translated="1" Mandatory="0" Searchable="0">
   <LocalValue Value="Lace-up closure">
    <Measure ID="29">
     <Signs/>
    </Measure>
   </LocalValue>
   <Feature ID="41034">
    <Measure ID="29" Sign="">
     <Signs/>
    </Measure>
    <Name ID="6303212" langid="1" Value="Footwear closure type"/>
   </Feature>
  </ProductFeature>
  <ProductFeature Localized="0" ID="835250038" Local_ID="0" Value="4" CategoryFeature_ID="333621" CategoryFeatureGroup_ID="17164" No="100111" Optional="0" Presentation_Value="4 mm" Translated="0" Mandatory="0" Searchable="0">
   <LocalValue Value="4">
    <Measure ID="24">
     <Signs>
      <Sign ID="3" langid="1"><![CDATA[mm]]></Sign>
     </Signs>
    </Measure>
   </LocalValue>
   <Feature ID="41060">
    <Measure ID="24" Sign="">
     <Signs>
      <Sign ID="3" langid="1"><![CDATA[mm]]></Sign>
     </Signs>
    </Measure>
    <Name ID="6305053" langid="1" Value="Heel drop"/>
   </Feature>
  </ProductFeature>
  <ProductFeature Localized="0" ID="835250032" Local_ID="0" Value="Y" CategoryFeature_ID="333626" CategoryFeatureGroup_ID="17164" No="100097" Optional="0" Presentation_Value="Yes" Translated="1" Mandatory="0" Searchable="0">
   <LocalValue Value="Yes">
    <Measure ID="26">
     <Signs/>
    </Measure>
   </LocalValue>
   <Feature ID="41065">
    <Measure ID="26" Sign="">
     <Signs/>
    </Measure>
    <Name ID="6306463" langid="1" Value="Cushioned insole"/>
   </Feature>
  </ProductFeature>
  <ProductFeature Localized="0" ID="835250078" Local_ID="0" Value="Y" CategoryFeature_ID="158222" CategoryFeatureGroup_ID="17164" No="100030" Optional="0" Presentation_Value="Yes" Translated="1" Mandatory="0" Searchable="0">
   <LocalValue Value="Yes">
    <Measure ID="26">
     <Signs/>
    </Measure>
   </LocalValue>
   <Feature ID="23227">
    <Measure ID="26" Sign="">
     <Signs/>
    </Measure>
    <Name ID="1827613" langid="1" Value="Reflective elements"/>
   </Feature>
  </ProductFeature>
  <ProductFeature Localized="0" ID="835250048" Local_ID="0" Value="Y" CategoryFeature_ID="158340" CategoryFeatureGroup_ID="17164" No="100015" Optional="0" Presentation_Value="Yes" Translated="1" Mandatory="0" Searchable="0">
   <LocalValue Value="Yes">
    <Measure ID="26">
     <Signs/>
    </Measure>
   </LocalValue>
   <Feature ID="21062">
    <Measure ID="26" Sign="">
     <Signs/>
    </Measure>
    <Name ID="1670466" langid="1" Value="Breathable"/>
   </Feature>
  </ProductFeature>
  <ProductFeature Localized="0" ID="835250076" Local_ID="0" Value="Synthetic" CategoryFeature_ID="196763" CategoryFeatureGroup_ID="34344" No="100200" Optional="0" Presentation_Value="Synthetic" Translated="1" Mandatory="1" Searchable="0">
   <LocalValue Value="Synthetic">
    <Measure ID="29">
     <Signs/>
    </Measure>
   </LocalValue>
   <Feature ID="29975">
    <Measure ID="29" Sign="">
     <Signs/>
    </Measure>
    <Name ID="2796257" langid="1" Value="Upper material"/>
   </Feature>
  </ProductFeature>
  <ProductFeature Localized="0" ID="835250088" Local_ID="0" Value="Foam" CategoryFeature_ID="158219" CategoryFeatureGroup_ID="34344" No="100230" Optional="0" Presentation_Value="Foam" Translated="1" Mandatory="0" Searchable="0">
   <LocalValue Value="Foam">
    <Measure ID="29">
     <Signs/>
    </Measure>
   </LocalValue>
   <Feature ID="25410">
    <Measure ID="29" Sign="">
     <Signs/>
    </Measure>
    <Name ID="2146870" langid="1" Value="Midsole material"/>
   </Feature>
  </ProductFeature>
  <ProductFeature Localized="0" ID="835250036" Local_ID="0" Value="241" CategoryFeature_ID="158237" CategoryFeatureGroup_ID="17169" No="100005" Optional="0" Presentation_Value="241 g" Translated="0" Mandatory="0" Searchable="0">
   <LocalValue Value="241">
    <Measure ID="38">
     <Signs>
      <Sign ID="22" langid="1"><![CDATA[g]]></Sign>
     </Signs>
    </Measure>
   </LocalValue>
   <Feature ID="94">
    <Measure ID="38" Sign="">
     <Signs>
      <Sign ID="22" langid="1"><![CDATA[g]]></Sign>
     </Signs>
    </Measure>
    <Name ID="1525" langid="1" Value="Weight"/>
   </Feature>
  </ProductFeature>
  <ProductGallery>
   <ProductPicture IsMain="Y" LowPic="https://inishop.com/img/gallery_lows/27aa43ff6a3e5fb894e87c34fc53a31ecb6222b2.jpg" LowPicHeight="107" LowPicWidth="200" LowSize="11748" No="1" Original="https://inishop.com/img/gallery_raw/112d5d1e3e3b856018ed78efae5f0fe54f3d9e98.webp" OriginalSize="91956" Pic="https://inishop.com/img/gallery/894f14e70f42c0e926a35dfddd105f4be1cc1fc0.jpg" Pic500x500="https://inishop.com/img/gallery_mediums/aa60ebef76a74d699c61835b8bba4c9a823cf503.jpg" Pic500x500Height="266" Pic500x500Size="53851" Pic500x500Width="500" PicHeight="809" PicWidth="1518" ProductPicture_ID="117096341" Size="397739" ThumbPic="https://inishop.com/img/gallery_thumbs/4086f0c5d8991d97c700727952d48ac990e39c2e.jpg" ThumbSize="3067" Type="ProductImage" UpdatedDate="2025-09-09 12:03:48"/>
   <ProductPicture LowPic="https://inishop.com/img/gallery_lows/a2857338e043e16ec7fba611ea7c8a1d397f9634.jpg" LowPicHeight="101" LowPicWidth="200" LowSize="12377" No="2" Original="https://inishop.com/img/gallery_raw/823cb3bafa397c9afc05b1a1869394d5672d317a.webp" OriginalSize="133280" Pic="https://inishop.com/img/gallery/5896fb94fada79f2b0120739bd19d9cdaffd008a.jpg" Pic500x500="https://inishop.com/img/gallery_mediums/c48b0fedd223f81424878888a39ce7162dd28818.jpg" Pic500x500Height="253" Pic500x500Size="60565" Pic500x500Width="500" PicHeight="769" PicWidth="1522" ProductPicture_ID="117096344" Size="465360" ThumbPic="https://inishop.com/img/gallery_thumbs/a61ed517e4ec0bafe3a25d36d6462b71dbce3a43.jpg" ThumbSize="3138" Type="Other" UpdatedDate="2025-09-09 12:03:52"/>
   <ProductPicture LowPic="https://inishop.com/img/gallery_lows/1b8eeebe6a0b904d3be082d77f848228a3141d31.jpg" LowPicHeight="106" LowPicWidth="200" LowSize="11594" No="3" Original="https://inishop.com/img/gallery_raw/835288a07ba56a21c18202871534b9899a209b84.webp" OriginalSize="96432" Pic="https://inishop.com/img/gallery/65525696fc580d4968e13b5fcaba22314bbe5b30.jpg" Pic500x500="https://inishop.com/img/gallery_mediums/58a931fe87b21d2d3bd07ac078269c6b417e9ed6.jpg" Pic500x500Height="265" Pic500x500Size="53664" Pic500x500Width="500" PicHeight="806" PicWidth="1523" ProductPicture_ID="117096346" Size="385748" ThumbPic="https://inishop.com/img/gallery_thumbs/7c75b36ed5e0097509bc1acc654a0cc44ab1128f.jpg" ThumbSize="3050" Type="Other" UpdatedDate="2025-09-09 12:03:56"/>
   <ProductPicture LowPic="https://inishop.com/img/gallery_lows/aee1975dd0d7d179b5351b35bdea2cbee8f2e081.jpg" LowPicHeight="200" LowPicWidth="167" LowSize="22494" No="4" Original="https://inishop.com/img/gallery_raw/cba7f3736a887630e9005ed8274fe88bdc97294d.webp" OriginalSize="229002" Pic="https://inishop.com/img/gallery/683caefcd6b2ff0b8f65fb48898c3d1a84c3cda6.jpg" Pic500x500="https://inishop.com/img/gallery_mediums/70673ba9877c11acdca00d0e223f77c85cad1d3f.jpg" Pic500x500Height="500" Pic500x500Size="116406" Pic500x500Width="418" PicHeight="1519" PicWidth="1270" ProductPicture_ID="117096348" Size="950764" ThumbPic="https://inishop.com/img/gallery_thumbs/a23444b5bc6244e12331ea9bce15f605b29573a0.jpg" ThumbSize="4859" Type="Other" UpdatedDate="2025-09-09 12:04:01"/>
   <ProductPicture LowPic="https://inishop.com/img/gallery_lows/061a412911a08d1cf8e015b23757741556f0fc3d.jpg" LowPicHeight="125" LowPicWidth="200" LowSize="13940" No="5" Original="https://inishop.com/img/gallery_raw/be2d4c1bd366a2a0db5ba19721e597796e66fdec.webp" OriginalSize="71734" Pic="https://inishop.com/img/gallery/8acae81d3dbed1cd62919159bc1e236383c54db8.jpg" Pic500x500="https://inishop.com/img/gallery_mediums/b0b5c76fa50e111c766f2289dfbad489b185094c.jpg" Pic500x500Height="313" Pic500x500Size="65052" Pic500x500Width="500" PicHeight="793" PicWidth="1265" ProductPicture_ID="117096350" Size="312578" ThumbPic="https://inishop.com/img/gallery_thumbs/0b16e1335555512288de33718f284ebe2058aa9b.jpg" ThumbSize="3686" Type="Other" UpdatedDate="2025-09-09 12:04:05"/>
   <ProductPicture LowPic="https://inishop.com/img/gallery_lows/301643916cc98471a8fe8f2551c163213455d9e6.jpg" LowPicHeight="98" LowPicWidth="200" LowSize="12500" No="6" Original="https://inishop.com/img/gallery_raw/cb751338c9952252f2897dc3c9f54417598cc618.webp" OriginalSize="107696" Pic="https://inishop.com/img/gallery/8d61a602c48a41e518383753882444934384e298.jpg" Pic500x500="https://inishop.com/img/gallery_mediums/0bdc7465e368529c19f5e365901b50f1d90ca081.jpg" Pic500x500Height="246" Pic500x500Size="56745" Pic500x500Width="500" PicHeight="749" PicWidth="1521" ProductPicture_ID="117096352" Size="404019" ThumbPic="https://inishop.com/img/gallery_thumbs/34c02e109625a9ba2aa7ffbf9af2e088ecde780b.jpg" ThumbSize="3050" Type="Other" UpdatedDate="2025-09-09 12:04:09"/>
  </ProductGallery>
  <ProductMultimediaObject/>
  <ProductRelated/>
  <SummaryDescription>
   <ShortSummaryDescription langid="1">New Balance Fresh Foam X More v6, Running, Female, Adult, Black, Grey, White, Image, 22 cm</ShortSummaryDescription>
   <LongSummaryDescription langid="1">New Balance Fresh Foam X More v6. Activity: Running, Gender: Female, Consumer life stage: Adult. Upper material: Synthetic, Midsole material: Foam. Weight: 241 g</LongSummaryDescription>
  </SummaryDescription>
  <Supplier ID="5844" Name="New Balance"/>
  <CatalogObjectCloud/>
  <BrandOrganizations>
   <Licensees/>
   <Representatives>
    <Representative ID="172489241077481896">
     <Organization ID="bb2ee555-c3c8-4ef7-b6c5-c46ccbf19443" Name="New Balance Europe B.V." CountryCode="NL" State="" City="Amsterdam" Street="Pilotenstraat" HouseNumber="41" ZIP="1059 CH">
      <URLs>
       <URL>https://www.newbalance.de/de/privacy-policy.html</URL>
      </URLs>
      <Emails/>
     </Organization>
    </Representative>
   </Representatives>
  </BrandOrganizations>
 </Product>
</ICECAT-interface>
