<?xml version="1.0" encoding="UTF-8"?>
<!DOCTYPE ICECAT-interface SYSTEM "https://data.icecat.biz/dtd/ICECAT-interface_response.dtd">
<!--source: Icecat.biz 2025-->
<!--Language ID: 1-->
<!--Version: v2-->
<ICECAT-interface xmlns:xsi="http://www.w3.org/2001/XMLSchema-instance" xsi:noNamespaceSchemaLocation="https://data.icecat.biz/xsd/ICECAT-interface_response.xsd">
 <Product Code="1" HighPic="https://images.icecat.biz/img/gallery/f19f4c0a477c53d765f75db425de490b25921810.jpg" HighPicHeight="1252" HighPicSize="881140" HighPicWidth="1834" ID="122970626" LowPic="https://images.icecat.biz/img/gallery_lows/c86f28a3adf61ff07aa81129f72e0a23651edef6.jpg" LowPicHeight="137" LowPicSize="17572" LowPicWidth="200" Name="Idea Tab Pro" IntName="Idea Tab Pro" LocalName="" Pic500x500="https://images.icecat.biz/img/gallery_mediums/8917908b24ed1350d3cbcb73319e38b33c741ebf.jpg" Pic500x500Height="341" Pic500x500Size="73724" Pic500x500Width="500" Prod_id="ZAE40006SE" Quality="ICECAT" ReleaseDate="" ThumbPic="https://images.icecat.biz/img/gallery_thumbs/67adb7241315e5090fc90e165adf2f9097ab37da.jpg" ThumbPicSize="4989" Title="Lenovo Idea Tab Pro Mediatek 128 GB 32.3 cm (12.7&quot;) 8 GB Wi-Fi 6E (802.11ax) Android 14 Grey" GeneratedIntTitle="Lenovo Idea Tab Pro" GeneratedLocalTitle="Lenovo Idea Tab Pro Mediatek 128 GB 32.3 cm (12.7&quot;) 8 GB Wi-Fi 6E (802.11ax) Android 14 Grey" BrandLocalTitle="">
  <CategoryFeatureGroup ID="11001" No="-100">
   <FeatureGroup ID="0">
    <Name ID="5073" langid="1" Value="Technical details"/>
   </FeatureGroup>
  </CategoryFeatureGroup>
  <CategoryFeatureGroup ID="830" No="100">
   <FeatureGroup ID="1">
    <Name ID="1222500" langid="1" Value="Processor"/>
   </FeatureGroup>
  </CategoryFeatureGroup>
  <CategoryFeatureGroup ID="832" No="96">
   <FeatureGroup ID="3">
    <Name ID="4863" langid="1" Value="Memory"/>
   </FeatureGroup>
  </CategoryFeatureGroup>
  <CategoryFeatureGroup ID="833" No="110">
   <FeatureGroup ID="5">
    <Name ID="4867" langid="1" Value="Display"/>
   </FeatureGroup>
  </CategoryFeatureGroup>
  <CategoryFeatureGroup ID="846" No="82">
   <FeatureGroup ID="9">
    <Name ID="4977" langid="1" Value="Audio"/>
   </FeatureGroup>
  </CategoryFeatureGroup>
  <CategoryFeatureGroup ID="847" No="72">
   <FeatureGroup ID="12">
    <Name ID="4995" langid="1" Value="Ports &amp; interfaces"/>
   </FeatureGroup>
  </CategoryFeatureGroup>
  <CategoryFeatureGroup ID="848" No="5">
   <FeatureGroup ID="14">
    <Name ID="5023" langid="1" Value="Weight &amp; dimensions"/>
   </FeatureGroup>
  </CategoryFeatureGroup>
  <CategoryFeatureGroup ID="11980" No="0">
   <FeatureGroup ID="16">
    <Name ID="5027" langid="1" Value="Print quality"/>
   </FeatureGroup>
  </CategoryFeatureGroup>
  <CategoryFeatureGroup ID="27900" No="10">
   <FeatureGroup ID="19">
    <Name ID="5033" langid="1" Value="Media formats"/>
   </FeatureGroup>
  </CategoryFeatureGroup>
  <CategoryFeatureGroup ID="15471" No="0">
   <FeatureGroup ID="20">
    <Name ID="5035" langid="1" Value="Print technology"/>
   </FeatureGroup>
  </CategoryFeatureGroup>
  <CategoryFeatureGroup ID="849" No="13">
   <FeatureGroup ID="27">
    <Name ID="5049" langid="1" Value="Power"/>
   </FeatureGroup>
  </CategoryFeatureGroup>
  <CategoryFeatureGroup ID="850" No="-10">
   <FeatureGroup ID="28">
    <Name ID="5067" langid="1" Value="Operational conditions"/>
   </FeatureGroup>
  </CategoryFeatureGroup>
  <CategoryFeatureGroup ID="82701" No="12">
   <FeatureGroup ID="32">
    <Name ID="5133" langid="1" Value="Endurance"/>
   </FeatureGroup>
  </CategoryFeatureGroup>
  <CategoryFeatureGroup ID="2678" No="74">
   <FeatureGroup ID="35">
    <Name ID="5167" langid="1" Value="Network"/>
   </FeatureGroup>
  </CategoryFeatureGroup>
  <CategoryFeatureGroup ID="8332" No="52">
   <FeatureGroup ID="42">
    <Name ID="5595" langid="1" Value="Phone features"/>
   </FeatureGroup>
  </CategoryFeatureGroup>
  <CategoryFeatureGroup ID="4142" No="92">
   <FeatureGroup ID="47">
    <Name ID="8858" langid="1" Value="Storage"/>
   </FeatureGroup>
  </CategoryFeatureGroup>
  <CategoryFeatureGroup ID="7716" No="50">
   <FeatureGroup ID="50">
    <Name ID="11136" langid="1" Value="Messaging"/>
   </FeatureGroup>
  </CategoryFeatureGroup>
  <CategoryFeatureGroup ID="29709" No="29">
   <FeatureGroup ID="75">
    <Name ID="27867" langid="1" Value="Security"/>
   </FeatureGroup>
  </CategoryFeatureGroup>
  <CategoryFeatureGroup ID="41361" No="0">
   <FeatureGroup ID="76">
    <Name ID="28540" langid="1" Value="Certificates"/>
   </FeatureGroup>
  </CategoryFeatureGroup>
  <CategoryFeatureGroup ID="12019" No="25">
   <FeatureGroup ID="90">
    <Name ID="30562" langid="1" Value="Software"/>
   </FeatureGroup>
  </CategoryFeatureGroup>
  <CategoryFeatureGroup ID="4346" No="80">
   <FeatureGroup ID="95">
    <Name ID="31282" langid="1" Value="Camera"/>
   </FeatureGroup>
  </CategoryFeatureGroup>
  <CategoryFeatureGroup ID="6516" No="3">
   <FeatureGroup ID="116">
    <Name ID="78852" langid="1" Value="Packaging content"/>
   </FeatureGroup>
  </CategoryFeatureGroup>
  <CategoryFeatureGroup ID="28386" No="27">
   <FeatureGroup ID="122">
    <Name ID="92777" langid="1" Value="Pen"/>
   </FeatureGroup>
  </CategoryFeatureGroup>
  <CategoryFeatureGroup ID="7821" No="14">
   <FeatureGroup ID="143">
    <Name ID="618812" langid="1" Value="Battery"/>
   </FeatureGroup>
  </CategoryFeatureGroup>
  <CategoryFeatureGroup ID="26934" No="0">
   <FeatureGroup ID="144">
    <Name ID="619994" langid="1" Value="Brand-specific features"/>
   </FeatureGroup>
  </CategoryFeatureGroup>
  <CategoryFeatureGroup ID="7816" No="-100">
   <FeatureGroup ID="146">
    <Name ID="624346" langid="1" Value="Other features"/>
   </FeatureGroup>
  </CategoryFeatureGroup>
  <CategoryFeatureGroup ID="10998" No="40">
   <FeatureGroup ID="148">
    <Name ID="630457" langid="1" Value="Design"/>
   </FeatureGroup>
  </CategoryFeatureGroup>
  <CategoryFeatureGroup ID="8329" No="86">
   <FeatureGroup ID="163">
    <Name ID="764413" langid="1" Value="Graphics"/>
   </FeatureGroup>
  </CategoryFeatureGroup>
  <CategoryFeatureGroup ID="10387" No="20">
   <FeatureGroup ID="183">
    <Name ID="1210971" langid="1" Value="Processor special features"/>
   </FeatureGroup>
  </CategoryFeatureGroup>
  <CategoryFeatureGroup ID="11000" No="30">
   <FeatureGroup ID="184">
    <Name ID="1218765" langid="1" Value="Performance"/>
   </FeatureGroup>
  </CategoryFeatureGroup>
  <CategoryFeatureGroup ID="20051" No="-5">
   <FeatureGroup ID="185">
    <Name ID="1219853" langid="1" Value="Features"/>
   </FeatureGroup>
  </CategoryFeatureGroup>
  <CategoryFeatureGroup ID="26328" No="-50">
   <FeatureGroup ID="198">
    <Name ID="1788927" langid="1" Value="Logistics data"/>
   </FeatureGroup>
  </CategoryFeatureGroup>
  <CategoryFeatureGroup ID="78415" No="0">
   <FeatureGroup ID="224">
    <Name ID="2786802" langid="1" Value="Safety warning"/>
   </FeatureGroup>
  </CategoryFeatureGroup>
  <CategoryFeatureGroup ID="32214" No="0">
   <FeatureGroup ID="232">
    <Name ID="3464238" langid="1" Value="Supplier features"/>
   </FeatureGroup>
  </CategoryFeatureGroup>
  <CategoryFeatureGroup ID="72248" No="11">
   <FeatureGroup ID="279">
    <Name ID="7392238" langid="1" Value="Sustainability"/>
   </FeatureGroup>
  </CategoryFeatureGroup>
  <CategoryFeatureGroup ID="77981" No="0">
   <FeatureGroup ID="305">
    <Name ID="8837290" langid="1" Value="Carbon footprint"/>
   </FeatureGroup>
  </CategoryFeatureGroup>
  <CategoryFeatureGroup ID="78570" No="98">
   <FeatureGroup ID="306">
    <Name ID="9064014" langid="1" Value="Neural processor unit (NPU)"/>
   </FeatureGroup>
  </CategoryFeatureGroup>
  <Category ID="897">
   <Name ID="3727677" langid="1" Value="Tablets"/>
  </Category>
  <EANCode EAN="0198153749065" Format="GTIN-13" IsApproved="1"/>
  <EANCode EAN="198153749065" Format="GTIN-12" IsApproved="1"/>
  <FeatureLogo ID="989" Feature_ID="2705" Value="F" LogoPic="https://images.icecat.biz/img/feature_logo/989-1485.png" Width="300" Height="165" Size="0">
   <Descriptions>
    <Description ID="3733" langid="1">F means that the product is rated in its category in terms of energy efficiency. The Energy Labeling system is based on EU Regulation 2017/1369/EU.</Description>
   </Descriptions>
   <FeatureLogoFeatures>
    <FeatureLogoFeature ID="2705">
     <FeatureLogoValues>
      <FeatureLogoValue ID="3219">F</FeatureLogoValue>
     </FeatureLogoValues>
    </FeatureLogoFeature>
   </FeatureLogoFeatures>
  </FeatureLogo>
  <FeatureLogo ID="1242" Feature_ID="1230" Value="N" LogoPic="https://images.icecat.biz/img/feature_logo/1242-3899.png" Width="0" Height="0" Size="0">
   <Descriptions>
    <Description ID="5808" langid="1">DIRECTIVE (EU) 2022/2380 OF THE EUROPEAN PARLIAMENT AND OF THE COUNCIL of 23 November 2022 (Part III)</Description>
   </Descriptions>
   <FeatureLogoFeatures>
    <FeatureLogoFeature ID="1230">
     <FeatureLogoValues>
      <FeatureLogoValue ID="5865">N</FeatureLogoValue>
     </FeatureLogoValues>
    </FeatureLogoFeature>
   </FeatureLogoFeatures>
  </FeatureLogo>
  <ReleaseDate/>
  <EndOfLifeDate/>
  <ReasonsToBuy/>
  <BulletPoints>
   <BulletPoint Value="Vast cinematic experience: 12.7'' 3K tablet, 4 Dolby Atmos®-tuned JBL speakers" langid="1" No="1"/>
   <BulletPoint Value="Next-gen performance: MediaTek Dimensity 8300 with 60% more power" langid="1" No="2"/>
   <BulletPoint Value="Google Gemini, Circle to Search with Google" langid="1" No="3"/>
  </BulletPoints>
  <GeneratedBulletPoints>
   <GeneratedBulletPoint Value="Slate Mobile tablet Grey" langid="1" No="1"/>
   <GeneratedBulletPoint Value="32.3 cm (12.7&quot;) 2944 x 1840 pixels LTPS" langid="1" No="2"/>
   <GeneratedBulletPoint Value="Mediatek Dimensity 8300" langid="1" No="3"/>
   <GeneratedBulletPoint Value="128 GB UFS Card reader integrated" langid="1" No="4"/>
   <GeneratedBulletPoint Value="Single camera 13 MP Front camera 8 MP" langid="1" No="5"/>
   <GeneratedBulletPoint Value="Wi-Fi 6E (802.11ax) Bluetooth 5.3" langid="1" No="6"/>
   <GeneratedBulletPoint Value="Lithium-Ion (Li-Ion) 10200 mAh" langid="1" No="7"/>
   <GeneratedBulletPoint Value="Android 14" langid="1" No="8"/>
  </GeneratedBulletPoints>
  <ProductBundled/>
  <ProductDescription ID="104043605" LongDesc="&lt;b&gt;Elevate Your Studies With Next-Gen Solutions&lt;/b&gt;&lt;br&gt;Enhance your academic journey with the Lenovo Idea Tab Pro, powered by the MediaTek Dimensity  processor and the AI capabilities of Google Gemini. Enjoy studies and recreation on a stunning 12.7″ 3K display, while quad JBL speakers deliver immersive sound. With all-day battery life and  quick charging, stay connected from class to downtime.&lt;br&gt;&lt;br&gt;&lt;b&gt;Study Smarter&lt;/b&gt;&lt;br&gt;Forget the grind. With intuitive tools that help you stay organized and focused, getting your work done feels much smoother. Easily switch tasks, find what you need, and keep everything in one place, so you’re always in control. It’s all about making life easier; stay on top of things without feeling overwhelmed and still have time for yourself.&lt;br&gt;&lt;br&gt;&lt;b&gt;Play Harder&lt;/b&gt;&lt;br&gt;From all-night gaming to endless streaming, this tablet has your back. TurboSystem keeps things running super-smooth, with no lag and no drama. The display is fire, the sound pulls you in, and the battery lasts all day, so you can stay in the zone without stressing about charging. Pure entertainment, with no breaks needed." ManualPDFSize="0" ManualPDFURL="" MiddleDesc="" PDFSize="3079620" PDFURL="https://objects.icecat.biz/objects/mmo_122970626_1748866984_8263_1634380.pdf" ShortDesc="MediaTek Dimensity 8300 (8C, 1x A715 @3.35 GHz + 3x A715@3.2 GHz + 4x A510@2.2 GHz), 8GB LPDDR5x, 128GB UFS 3.1, 12.7&quot; 3K (2944x1840) LTPS 400nits Glossy 144Hz Touch, ARM G615 MC5, Wi-Fi 6E 802.11ax 2x2 + BT5.3, Front 8.0MP / Rear 13.0MP with Flashlight, Android 14 or Later" URL="https://www.lenovo.com/gb/en/p/tablets/idea-tab-series/lenovo-idea-tab-pro/len103l0026" WarrantyInfo="" langid="1"/>
  <ProductFamily ID="63779" LowPic="" ThumbPic="">
   <Name ID="973613" langid="1" Value="Idea Tab"/>
  </ProductFamily>
  <ProductFeature Localized="0" ID="773034577" Local_ID="0" Value="12.7" CategoryFeature_ID="11611" CategoryFeatureGroup_ID="833" No="10100099" Optional="0" Presentation_Value="32.3 cm (12.7&quot;)" Translated="0" Mandatory="1" Searchable="1">
   <LocalValue Value="32.3">
    <Measure ID="34">
     <Signs>
      <Sign ID="18" langid="1"><![CDATA[cm]]></Sign>
     </Signs>
    </Measure>
   </LocalValue>
   <Feature ID="944">
    <Measure ID="16" Sign="">
     <Signs>
      <Sign ID="11" langid="1"><![CDATA["]]></Sign>
     </Signs>
    </Measure>
    <Name ID="3429" langid="1" Value="Display diagonal"/>
   </Feature>
  </ProductFeature>
  <ProductFeature Localized="0" ID="773034569" Local_ID="0" Value="LTPS" CategoryFeature_ID="710616" CategoryFeatureGroup_ID="833" No="10100036" Optional="0" Presentation_Value="LTPS" Translated="0" Mandatory="1" Searchable="1">
   <LocalValue Value="LTPS">
    <Measure ID="29">
     <Signs/>
    </Measure>
   </LocalValue>
   <Feature ID="15285">
    <Measure ID="29" Sign="">
     <Signs/>
    </Measure>
    <Name ID="1161461" langid="1" Value="Panel type"/>
   </Feature>
  </ProductFeature>
  <ProductFeature Localized="0" ID="773034590" Local_ID="0" Value="2944 x 1840" CategoryFeature_ID="30350" CategoryFeatureGroup_ID="833" No="100038" Optional="0" Presentation_Value="2944 x 1840 pixels" Translated="0" Mandatory="1" Searchable="0">
   <LocalValue Value="2944 x 1840">
    <Measure ID="39">
     <Signs>
      <Sign ID="23" langid="1"><![CDATA[pixels]]></Sign>
     </Signs>
    </Measure>
   </LocalValue>
   <Feature ID="1585">
    <Measure ID="39" Sign="">
     <Signs>
      <Sign ID="23" langid="1"><![CDATA[pixels]]></Sign>
     </Signs>
    </Measure>
    <Name ID="4927" langid="1" Value="Display resolution"/>
   </Feature>
  </ProductFeature>
  <ProductFeature Localized="0" ID="773034586" Local_ID="0" Value="144" CategoryFeature_ID="974995" CategoryFeatureGroup_ID="833" No="100037" Optional="0" Presentation_Value="144 Hz" Translated="0" Mandatory="0" Searchable="0">
   <LocalValue Value="144">
    <Measure ID="36">
     <Signs>
      <Sign ID="20" langid="1"><![CDATA[Hz]]></Sign>
     </Signs>
    </Measure>
   </LocalValue>
   <Feature ID="7450">
    <Measure ID="36" Sign="">
     <Signs>
      <Sign ID="20" langid="1"><![CDATA[Hz]]></Sign>
     </Signs>
    </Measure>
    <Name ID="559818" langid="1" Value="Maximum refresh rate"/>
   </Feature>
  </ProductFeature>
  <ProductFeature Localized="0" ID="773034568" Local_ID="0" Value="Y" CategoryFeature_ID="45723" CategoryFeatureGroup_ID="833" No="100036" Optional="0" Presentation_Value="Yes" Translated="1" Mandatory="0" Searchable="0">
   <LocalValue Value="Yes">
    <Measure ID="26">
     <Signs/>
    </Measure>
   </LocalValue>
   <Feature ID="6784">
    <Measure ID="26" Sign="">
     <Signs/>
    </Measure>
    <Name ID="294044" langid="1" Value="LED backlight"/>
   </Feature>
  </ProductFeature>
  <ProductFeature Localized="0" ID="773034563" Local_ID="0" Value="400" CategoryFeature_ID="45724" CategoryFeatureGroup_ID="833" No="100035" Optional="0" Presentation_Value="400 cd/m²" Translated="0" Mandatory="0" Searchable="0">
   <LocalValue Value="400">
    <Measure ID="43">
     <Signs>
      <Sign ID="27" langid="1"><![CDATA[cd/m²]]></Sign>
     </Signs>
    </Measure>
   </LocalValue>
   <Feature ID="1389">
    <Measure ID="43" Sign="">
     <Signs>
      <Sign ID="27" langid="1"><![CDATA[cd/m²]]></Sign>
     </Signs>
    </Measure>
    <Name ID="4319" langid="1" Value="Display brightness"/>
   </Feature>
  </ProductFeature>
  <ProductFeature Localized="0" ID="773034573" Local_ID="0" Value="3K" CategoryFeature_ID="294856" CategoryFeatureGroup_ID="833" No="100000" Optional="0" Presentation_Value="3K" Translated="0" Mandatory="0" Searchable="0">
   <LocalValue Value="3K">
    <Measure ID="29">
     <Signs/>
    </Measure>
   </LocalValue>
   <Feature ID="11424">
    <Measure ID="29" Sign="">
     <Signs/>
    </Measure>
    <Name ID="1045472" langid="1" Value="HD type"/>
   </Feature>
  </ProductFeature>
  <ProductFeature Localized="0" ID="773034576" Local_ID="0" Value="16:10" CategoryFeature_ID="684422" CategoryFeatureGroup_ID="833" No="99999" Optional="0" Presentation_Value="16:10" Translated="0" Mandatory="0" Searchable="0">
   <LocalValue Value="16:10">
    <Measure ID="29">
     <Signs/>
    </Measure>
   </LocalValue>
   <Feature ID="11417">
    <Measure ID="29" Sign="">
     <Signs/>
    </Measure>
    <Name ID="1045266" langid="1" Value="Native aspect ratio"/>
   </Feature>
  </ProductFeature>
  <ProductFeature Localized="0" ID="773034567" Local_ID="0" Value="MediaTek" CategoryFeature_ID="102551" CategoryFeatureGroup_ID="830" No="1101050" Optional="0" Presentation_Value="MediaTek" Translated="0" Mandatory="1" Searchable="0">
   <LocalValue Value="MediaTek">
    <Measure ID="29">
     <Signs/>
    </Measure>
   </LocalValue>
   <Feature ID="1013">
    <Measure ID="29" Sign="">
     <Signs/>
    </Measure>
    <Name ID="3567" langid="1" Value="Processor manufacturer"/>
   </Feature>
  </ProductFeature>
  <ProductFeature Localized="0" ID="773034562" Local_ID="0" Value="Mediatek" CategoryFeature_ID="11580" CategoryFeatureGroup_ID="830" No="100900" Optional="0" Presentation_Value="Mediatek" Translated="0" Mandatory="1" Searchable="0">
   <LocalValue Value="Mediatek">
    <Measure ID="29">
     <Signs/>
    </Measure>
   </LocalValue>
   <Feature ID="2196">
    <Measure ID="29" Sign="">
     <Signs/>
    </Measure>
    <Name ID="11271" langid="1" Value="Processor family"/>
   </Feature>
  </ProductFeature>
  <ProductFeature Localized="0" ID="773034591" Local_ID="0" Value="Dimensity 8300" CategoryFeature_ID="6931" CategoryFeatureGroup_ID="830" No="100800" Optional="0" Presentation_Value="Dimensity 8300" Translated="0" Mandatory="1" Searchable="0">
   <LocalValue Value="Dimensity 8300">
    <Measure ID="29">
     <Signs/>
    </Measure>
   </LocalValue>
   <Feature ID="47">
    <Measure ID="29" Sign="">
     <Signs/>
    </Measure>
    <Name ID="1431" langid="1" Value="Processor model"/>
   </Feature>
  </ProductFeature>
  <ProductFeature Localized="0" ID="773034579" Local_ID="0" Value="8" CategoryFeature_ID="57773" CategoryFeatureGroup_ID="830" No="100300" Optional="0" Presentation_Value="8" Translated="0" Mandatory="0" Searchable="0">
   <LocalValue Value="8">
    <Measure ID="29">
     <Signs/>
    </Measure>
   </LocalValue>
   <Feature ID="6089">
    <Measure ID="29" Sign="">
     <Signs/>
    </Measure>
    <Name ID="138113" langid="1" Value="Processor cores"/>
   </Feature>
  </ProductFeature>
  <ProductFeature Localized="0" ID="773034580" Local_ID="0" Value="8" CategoryFeature_ID="73764" CategoryFeatureGroup_ID="832" No="10100090" Optional="0" Presentation_Value="8 GB" Translated="0" Mandatory="1" Searchable="1">
   <LocalValue Value="8">
    <Measure ID="20">
     <Signs>
      <Sign ID="7" langid="1"><![CDATA[GB]]></Sign>
     </Signs>
    </Measure>
   </LocalValue>
   <Feature ID="11381">
    <Measure ID="20" Sign="">
     <Signs>
      <Sign ID="7" langid="1"><![CDATA[GB]]></Sign>
     </Signs>
    </Measure>
    <Name ID="1036616" langid="1" Value="Internal memory"/>
   </Feature>
  </ProductFeature>
  <ProductFeature Localized="0" ID="773034578" Local_ID="0" Value="LPDDR5x-SDRAM" CategoryFeature_ID="34327" CategoryFeatureGroup_ID="832" No="100038" Optional="0" Presentation_Value="LPDDR5x-SDRAM" Translated="0" Mandatory="0" Searchable="0">
   <LocalValue Value="LPDDR5x-SDRAM">
    <Measure ID="29">
     <Signs/>
    </Measure>
   </LocalValue>
   <Feature ID="427">
    <Measure ID="29" Sign="">
     <Signs/>
    </Measure>
    <Name ID="2221" langid="1" Value="Internal memory type"/>
   </Feature>
  </ProductFeature>
  <ProductFeature Localized="0" ID="773034581" Local_ID="0" Value="128" CategoryFeature_ID="71618" CategoryFeatureGroup_ID="4142" No="10100402" Optional="0" Presentation_Value="128 GB" Translated="0" Mandatory="1" Searchable="1">
   <LocalValue Value="128">
    <Measure ID="20">
     <Signs>
      <Sign ID="7" langid="1"><![CDATA[GB]]></Sign>
     </Signs>
    </Measure>
   </LocalValue>
   <Feature ID="8730">
    <Measure ID="20" Sign="">
     <Signs>
      <Sign ID="7" langid="1"><![CDATA[GB]]></Sign>
     </Signs>
    </Measure>
    <Name ID="734192" langid="1" Value="Internal storage capacity"/>
   </Feature>
  </ProductFeature>
  <ProductFeature Localized="0" ID="773034603" Local_ID="0" Value="Y" CategoryFeature_ID="21005" CategoryFeatureGroup_ID="4142" No="10100020" Optional="0" Presentation_Value="Yes" Translated="1" Mandatory="1" Searchable="1">
   <LocalValue Value="Yes">
    <Measure ID="26">
     <Signs/>
    </Measure>
   </LocalValue>
   <Feature ID="3374">
    <Measure ID="26" Sign="">
     <Signs/>
    </Measure>
    <Name ID="32254" langid="1" Value="Card reader integrated"/>
   </Feature>
  </ProductFeature>
  <ProductFeature Localized="0" ID="773034589" Local_ID="0" Value="UFS" CategoryFeature_ID="105669" CategoryFeatureGroup_ID="4142" No="100005" Optional="0" Presentation_Value="UFS" Translated="0" Mandatory="1" Searchable="0">
   <LocalValue Value="UFS">
    <Measure ID="29">
     <Signs/>
    </Measure>
   </LocalValue>
   <Feature ID="11441">
    <Measure ID="29" Sign="">
     <Signs/>
    </Measure>
    <Name ID="1046575" langid="1" Value="Storage media"/>
   </Feature>
  </ProductFeature>
  <ProductFeature Localized="0" ID="773034606" Local_ID="0" Value="MicroSD (TransFlash)" CategoryFeature_ID="21006" CategoryFeatureGroup_ID="4142" No="100018" Optional="0" Presentation_Value="MicroSD (TransFlash)" Translated="1" Mandatory="0" Searchable="0">
   <LocalValue Value="MicroSD (TransFlash)">
    <Measure ID="29">
     <Signs/>
    </Measure>
   </LocalValue>
   <Feature ID="730">
    <Measure ID="29" Sign="">
     <Signs/>
    </Measure>
    <Name ID="2991" langid="1" Value="Compatible memory cards"/>
   </Feature>
  </ProductFeature>
  <ProductFeature Localized="0" ID="773379093" Local_ID="0" Value="ARM" CategoryFeature_ID="46082" CategoryFeatureGroup_ID="8329" No="100040" Optional="0" Presentation_Value="ARM" Translated="1" Mandatory="0" Searchable="0">
   <LocalValue Value="ARM">
    <Measure ID="29">
     <Signs/>
    </Measure>
   </LocalValue>
   <Feature ID="7490">
    <Measure ID="29" Sign="">
     <Signs/>
    </Measure>
    <Name ID="565525" langid="1" Value="Graphics card family"/>
   </Feature>
  </ProductFeature>
  <ProductFeature Localized="0" ID="773379074" Local_ID="0" Value="Mali-G615 MC5" CategoryFeature_ID="16583" CategoryFeatureGroup_ID="8329" No="100018" Optional="0" Presentation_Value="Mali-G615 MC5" Translated="0" Mandatory="0" Searchable="0">
   <LocalValue Value="Mali-G615 MC5">
    <Measure ID="29">
     <Signs/>
    </Measure>
   </LocalValue>
   <Feature ID="614">
    <Measure ID="29" Sign="">
     <Signs/>
    </Measure>
    <Name ID="2759" langid="1" Value="Graphics card"/>
   </Feature>
  </ProductFeature>
  <ProductFeature Localized="0" ID="773034574" Local_ID="0" Value="4" CategoryFeature_ID="20063" CategoryFeatureGroup_ID="846" No="100019" Optional="0" Presentation_Value="4" Translated="0" Mandatory="0" Searchable="0">
   <LocalValue Value="4">
    <Measure ID="29">
     <Signs/>
    </Measure>
   </LocalValue>
   <Feature ID="1851">
    <Measure ID="29" Sign="">
     <Signs/>
    </Measure>
    <Name ID="5703" langid="1" Value="Number of built-in speakers"/>
   </Feature>
  </ProductFeature>
  <ProductFeature Localized="0" ID="773034600" Local_ID="0" Value="Single camera" CategoryFeature_ID="331455" CategoryFeatureGroup_ID="4346" No="10100100" Optional="0" Presentation_Value="Single camera" Translated="1" Mandatory="1" Searchable="1">
   <LocalValue Value="Single camera">
    <Measure ID="29">
     <Signs/>
    </Measure>
   </LocalValue>
   <Feature ID="27587">
    <Measure ID="29" Sign="">
     <Signs/>
    </Measure>
    <Name ID="2433206" langid="1" Value="Rear camera type"/>
   </Feature>
  </ProductFeature>
  <ProductFeature Localized="0" ID="773034601" Local_ID="0" Value="13" CategoryFeature_ID="80813" CategoryFeatureGroup_ID="4346" No="100090" Optional="0" Presentation_Value="13 MP" Translated="0" Mandatory="1" Searchable="0">
   <LocalValue Value="13">
    <Measure ID="165">
     <Signs>
      <Sign ID="3126" langid="1"><![CDATA[MP]]></Sign>
     </Signs>
    </Measure>
   </LocalValue>
   <Feature ID="12435">
    <Measure ID="165" Sign="">
     <Signs>
      <Sign ID="3126" langid="1"><![CDATA[MP]]></Sign>
     </Signs>
    </Measure>
    <Name ID="1089247" langid="1" Value="Rear camera resolution (numeric)"/>
   </Feature>
  </ProductFeature>
  <ProductFeature Localized="0" ID="773034566" Local_ID="0" Value="Y" CategoryFeature_ID="80815" CategoryFeatureGroup_ID="4346" No="100022" Optional="0" Presentation_Value="Yes" Translated="1" Mandatory="1" Searchable="0">
   <LocalValue Value="Yes">
    <Measure ID="26">
     <Signs/>
    </Measure>
   </LocalValue>
   <Feature ID="12436">
    <Measure ID="26" Sign="">
     <Signs/>
    </Measure>
    <Name ID="1089291" langid="1" Value="Front camera"/>
   </Feature>
  </ProductFeature>
  <ProductFeature Localized="0" ID="773034585" Local_ID="0" Value="8" CategoryFeature_ID="80816" CategoryFeatureGroup_ID="4346" No="100021" Optional="0" Presentation_Value="8 MP" Translated="0" Mandatory="0" Searchable="0">
   <LocalValue Value="8">
    <Measure ID="165">
     <Signs>
      <Sign ID="3126" langid="1"><![CDATA[MP]]></Sign>
     </Signs>
    </Measure>
   </LocalValue>
   <Feature ID="12437">
    <Measure ID="165" Sign="">
     <Signs>
      <Sign ID="3126" langid="1"><![CDATA[MP]]></Sign>
     </Signs>
    </Measure>
    <Name ID="1089335" langid="1" Value="Front camera resolution (numeric)"/>
   </Feature>
  </ProductFeature>
  <ProductFeature Localized="0" ID="773034571" Local_ID="0" Value="N" CategoryFeature_ID="328664" CategoryFeatureGroup_ID="2678" No="10100410" Optional="0" Presentation_Value="No" Translated="1" Mandatory="1" Searchable="1">
   <LocalValue Value="No">
    <Measure ID="26">
     <Signs/>
    </Measure>
   </LocalValue>
   <Feature ID="24557">
    <Measure ID="26" Sign="">
     <Signs/>
    </Measure>
    <Name ID="2025856" langid="1" Value="Mobile network connection"/>
   </Feature>
  </ProductFeature>
  <ProductFeature Localized="0" ID="773034565" Local_ID="0" Value="Wi-Fi 6E (802.11ax)" CategoryFeature_ID="169236" CategoryFeatureGroup_ID="2678" No="100085" Optional="0" Presentation_Value="Wi-Fi 6E (802.11ax)" Translated="0" Mandatory="1" Searchable="0">
   <LocalValue Value="Wi-Fi 6E (802.11ax)">
    <Measure ID="29">
     <Signs/>
    </Measure>
   </LocalValue>
   <Feature ID="24993">
    <Measure ID="29" Sign="">
     <Signs/>
    </Measure>
    <Name ID="2105805" langid="1" Value="Top Wi-Fi standard"/>
   </Feature>
  </ProductFeature>
  <ProductFeature Localized="0" ID="826124184" Local_ID="0" Value="Not supported" CategoryFeature_ID="328665" CategoryFeatureGroup_ID="2678" No="10100405" Optional="0" Presentation_Value="Not supported" Translated="1" Mandatory="0" Searchable="0">
   <LocalValue Value="Not supported">
    <Measure ID="29">
     <Signs/>
    </Measure>
   </LocalValue>
   <Feature ID="40629">
    <Measure ID="29" Sign="">
     <Signs/>
    </Measure>
    <Name ID="5941610" langid="1" Value="Mobile network generation"/>
   </Feature>
  </ProductFeature>
  <ProductFeature Localized="0" ID="773034587" Local_ID="0" Value="Y" CategoryFeature_ID="21000" CategoryFeatureGroup_ID="2678" No="100300" Optional="0" Presentation_Value="Yes" Translated="1" Mandatory="0" Searchable="0">
   <LocalValue Value="Yes">
    <Measure ID="26">
     <Signs/>
    </Measure>
   </LocalValue>
   <Feature ID="2183">
    <Measure ID="26" Sign="">
     <Signs/>
    </Measure>
    <Name ID="11148" langid="1" Value="Bluetooth"/>
   </Feature>
  </ProductFeature>
  <ProductFeature Localized="0" ID="773034575" Local_ID="0" Value="5.3" CategoryFeature_ID="21001" CategoryFeatureGroup_ID="2678" No="100299" Optional="0" Presentation_Value="5.3" Translated="0" Mandatory="0" Searchable="0">
   <LocalValue Value="5.3">
    <Measure ID="29">
     <Signs/>
    </Measure>
   </LocalValue>
   <Feature ID="1208">
    <Measure ID="29" Sign="">
     <Signs/>
    </Measure>
    <Name ID="3957" langid="1" Value="Bluetooth version"/>
   </Feature>
  </ProductFeature>
  <ProductFeature Localized="0" ID="773034588" Local_ID="0" Value="Wi-Fi 6E (802.11ax)" CategoryFeature_ID="50074" CategoryFeatureGroup_ID="2678" No="100049" Optional="0" Presentation_Value="Wi-Fi 6E (802.11ax)" Translated="0" Mandatory="0" Searchable="0">
   <LocalValue Value="Wi-Fi 6E (802.11ax)">
    <Measure ID="29">
     <Signs/>
    </Measure>
   </LocalValue>
   <Feature ID="432">
    <Measure ID="29" Sign="">
     <Signs/>
    </Measure>
    <Name ID="2231" langid="1" Value="Wi-Fi standards"/>
   </Feature>
  </ProductFeature>
  <ProductFeature Localized="0" ID="773034592" Local_ID="0" Value="Not installed" CategoryFeature_ID="89646" CategoryFeatureGroup_ID="2678" No="100000" Optional="0" Presentation_Value="Not installed" Translated="1" Mandatory="0" Searchable="0">
   <LocalValue Value="Not installed">
    <Measure ID="29">
     <Signs/>
    </Measure>
   </LocalValue>
   <Feature ID="7481">
    <Measure ID="29" Sign="">
     <Signs/>
    </Measure>
    <Name ID="565184" langid="1" Value="WWAN"/>
   </Feature>
  </ProductFeature>
  <ProductFeature Localized="0" ID="773034584" Local_ID="0" Value="1" CategoryFeature_ID="161325" CategoryFeatureGroup_ID="847" No="100077" Optional="0" Presentation_Value="1" Translated="0" Mandatory="0" Searchable="0">
   <LocalValue Value="1">
    <Measure ID="29">
     <Signs/>
    </Measure>
   </LocalValue>
   <Feature ID="22702">
    <Measure ID="29" Sign="">
     <Signs/>
    </Measure>
    <Name ID="1791658" langid="1" Value="USB 3.2 Gen 1 (3.1 Gen 1) Type-C ports quantity"/>
   </Feature>
  </ProductFeature>
  <ProductFeature Localized="0" ID="773379081" Local_ID="0" Value="Slate" CategoryFeature_ID="7141" CategoryFeatureGroup_ID="10998" No="10100100" Optional="0" Presentation_Value="Slate" Translated="1" Mandatory="1" Searchable="1">
   <LocalValue Value="Slate">
    <Measure ID="29">
     <Signs/>
    </Measure>
   </LocalValue>
   <Feature ID="771">
    <Measure ID="29" Sign="">
     <Signs/>
    </Measure>
    <Name ID="3073" langid="1" Value="Form factor"/>
   </Feature>
  </ProductFeature>
  <ProductFeature Localized="0" ID="773034619" Local_ID="0" Value="Grey" CategoryFeature_ID="35294" CategoryFeatureGroup_ID="10998" No="10100001" Optional="0" Presentation_Value="Grey" Translated="1" Mandatory="1" Searchable="1">
   <LocalValue Value="Grey">
    <Measure ID="29">
     <Signs/>
    </Measure>
   </LocalValue>
   <Feature ID="1766">
    <Measure ID="29" Sign="">
     <Signs/>
    </Measure>
    <Name ID="5487" langid="1" Value="Product colour"/>
   </Feature>
  </ProductFeature>
  <ProductFeature Localized="0" ID="773034610" Local_ID="0" Value="Mobile tablet" CategoryFeature_ID="95720" CategoryFeatureGroup_ID="10998" No="100500" Optional="0" Presentation_Value="Mobile tablet" Translated="1" Mandatory="1" Searchable="0">
   <LocalValue Value="Mobile tablet">
    <Measure ID="29">
     <Signs/>
    </Measure>
   </LocalValue>
   <Feature ID="2328">
    <Measure ID="29" Sign="">
     <Signs/>
    </Measure>
    <Name ID="12024" langid="1" Value="Device type"/>
   </Feature>
  </ProductFeature>
  <ProductFeature Localized="0" ID="773034618" Local_ID="0" Value="Luna Grey" CategoryFeature_ID="270481" CategoryFeatureGroup_ID="10998" No="100600" Optional="0" Presentation_Value="Luna Grey" Translated="0" Mandatory="0" Searchable="0">
   <LocalValue Value="Luna Grey">
    <Measure ID="29">
     <Signs/>
    </Measure>
   </LocalValue>
   <Feature ID="17956">
    <Measure ID="29" Sign="">
     <Signs/>
    </Measure>
    <Name ID="1296400" langid="1" Value="Colour name"/>
   </Feature>
  </ProductFeature>
  <ProductFeature Localized="0" ID="773034614" Local_ID="0" Value="Y" CategoryFeature_ID="166075" CategoryFeatureGroup_ID="11000" No="10100000" Optional="0" Presentation_Value="Yes" Translated="1" Mandatory="1" Searchable="1">
   <LocalValue Value="Yes">
    <Measure ID="26">
     <Signs/>
    </Measure>
   </LocalValue>
   <Feature ID="26425">
    <Measure ID="26" Sign="">
     <Signs/>
    </Measure>
    <Name ID="2268247" langid="1" Value="Position location"/>
   </Feature>
  </ProductFeature>
  <ProductFeature Localized="0" ID="773379090" Local_ID="0" Value="N" CategoryFeature_ID="54330" CategoryFeatureGroup_ID="11000" No="100110" Optional="0" Presentation_Value="No" Translated="1" Mandatory="1" Searchable="0">
   <LocalValue Value="No">
    <Measure ID="26">
     <Signs/>
    </Measure>
   </LocalValue>
   <Feature ID="6623">
    <Measure ID="26" Sign="">
     <Signs/>
    </Measure>
    <Name ID="241402" langid="1" Value="Assisted GPS (A-GPS)"/>
   </Feature>
  </ProductFeature>
  <ProductFeature Localized="0" ID="773034622" Local_ID="0" Value="Y" CategoryFeature_ID="91857" CategoryFeatureGroup_ID="11000" No="100110" Optional="0" Presentation_Value="Yes" Translated="1" Mandatory="0" Searchable="0">
   <LocalValue Value="Yes">
    <Measure ID="26">
     <Signs/>
    </Measure>
   </LocalValue>
   <Feature ID="15618">
    <Measure ID="26" Sign="">
     <Signs/>
    </Measure>
    <Name ID="1177617" langid="1" Value="GLONASS"/>
   </Feature>
  </ProductFeature>
  <ProductFeature Localized="0" ID="773034616" Local_ID="0" Value="Y" CategoryFeature_ID="31225" CategoryFeatureGroup_ID="11000" No="100109" Optional="0" Presentation_Value="Yes" Translated="1" Mandatory="0" Searchable="0">
   <LocalValue Value="Yes">
    <Measure ID="26">
     <Signs/>
    </Measure>
   </LocalValue>
   <Feature ID="3329">
    <Measure ID="26" Sign="">
     <Signs/>
    </Measure>
    <Name ID="31840" langid="1" Value="GPS (satellite)"/>
   </Feature>
  </ProductFeature>
  <ProductFeature Localized="0" ID="773034617" Local_ID="0" Value="Y" CategoryFeature_ID="333637" CategoryFeatureGroup_ID="11000" No="100109" Optional="0" Presentation_Value="Yes" Translated="1" Mandatory="0" Searchable="0">
   <LocalValue Value="Yes">
    <Measure ID="26">
     <Signs/>
    </Measure>
   </LocalValue>
   <Feature ID="33685">
    <Measure ID="26" Sign="">
     <Signs/>
    </Measure>
    <Name ID="3435258" langid="1" Value="Galileo"/>
   </Feature>
  </ProductFeature>
  <ProductFeature Localized="0" ID="773034621" Local_ID="0" Value="Y" CategoryFeature_ID="57378" CategoryFeatureGroup_ID="11000" No="100020" Optional="0" Presentation_Value="Yes" Translated="1" Mandatory="0" Searchable="0">
   <LocalValue Value="Yes">
    <Measure ID="26">
     <Signs/>
    </Measure>
   </LocalValue>
   <Feature ID="9731">
    <Measure ID="26" Sign="">
     <Signs/>
    </Measure>
    <Name ID="811310" langid="1" Value="Accelerometer"/>
   </Feature>
  </ProductFeature>
  <ProductFeature Localized="0" ID="773034613" Local_ID="0" Value="Y" CategoryFeature_ID="57379" CategoryFeatureGroup_ID="11000" No="100016" Optional="0" Presentation_Value="Yes" Translated="1" Mandatory="0" Searchable="0">
   <LocalValue Value="Yes">
    <Measure ID="26">
     <Signs/>
    </Measure>
   </LocalValue>
   <Feature ID="9732">
    <Measure ID="26" Sign="">
     <Signs/>
    </Measure>
    <Name ID="811351" langid="1" Value="Gyroscope"/>
   </Feature>
  </ProductFeature>
  <ProductFeature Localized="0" ID="773034615" Local_ID="0" Value="Y" CategoryFeature_ID="903469" CategoryFeatureGroup_ID="11000" No="100008" Optional="0" Presentation_Value="Yes" Translated="1" Mandatory="0" Searchable="0">
   <LocalValue Value="Yes">
    <Measure ID="26">
     <Signs/>
    </Measure>
   </LocalValue>
   <Feature ID="38333">
    <Measure ID="26" Sign="">
     <Signs/>
    </Measure>
    <Name ID="5267222" langid="1" Value="Hall sensor"/>
   </Feature>
  </ProductFeature>
  <ProductFeature Localized="0" ID="773034611" Local_ID="0" Value="Y" CategoryFeature_ID="31233" CategoryFeatureGroup_ID="29709" No="100070" Optional="0" Presentation_Value="Yes" Translated="1" Mandatory="0" Searchable="0">
   <LocalValue Value="Yes">
    <Measure ID="26">
     <Signs/>
    </Measure>
   </LocalValue>
   <Feature ID="3577">
    <Measure ID="26" Sign="">
     <Signs/>
    </Measure>
    <Name ID="39580" langid="1" Value="Fingerprint reader"/>
   </Feature>
  </ProductFeature>
  <ProductFeature Localized="0" ID="773034604" Local_ID="0" Value="Android" CategoryFeature_ID="164597" CategoryFeatureGroup_ID="12019" No="10100101" Optional="0" Presentation_Value="Android" Translated="1" Mandatory="1" Searchable="1">
   <LocalValue Value="Android">
    <Measure ID="29">
     <Signs/>
    </Measure>
   </LocalValue>
   <Feature ID="75">
    <Measure ID="29" Sign="">
     <Signs/>
    </Measure>
    <Name ID="1487" langid="1" Value="Platform"/>
   </Feature>
  </ProductFeature>
  <ProductFeature Localized="0" ID="773034602" Local_ID="0" Value="Android 14" CategoryFeature_ID="20706" CategoryFeatureGroup_ID="12019" No="10100084" Optional="0" Presentation_Value="Android 14" Translated="0" Mandatory="1" Searchable="1">
   <LocalValue Value="Android 14">
    <Measure ID="29">
     <Signs/>
    </Measure>
   </LocalValue>
   <Feature ID="3233">
    <Measure ID="29" Sign="">
     <Signs/>
    </Measure>
    <Name ID="30700" langid="1" Value="Operating system installed"/>
   </Feature>
  </ProductFeature>
  <ProductFeature Localized="0" ID="773379071" Local_ID="0" Value="Lithium-Ion (Li-Ion)" CategoryFeature_ID="7140" CategoryFeatureGroup_ID="7821" No="100050" Optional="0" Presentation_Value="Lithium-Ion (Li-Ion)" Translated="1" Mandatory="1" Searchable="0">
   <LocalValue Value="Lithium-Ion (Li-Ion)">
    <Measure ID="29">
     <Signs/>
    </Measure>
   </LocalValue>
   <Feature ID="434">
    <Measure ID="29" Sign="">
     <Signs/>
    </Measure>
    <Name ID="2235" langid="1" Value="Battery technology"/>
   </Feature>
  </ProductFeature>
  <ProductFeature Localized="0" ID="773034599" Local_ID="0" Value="10200" CategoryFeature_ID="34247" CategoryFeatureGroup_ID="7821" No="100048" Optional="0" Presentation_Value="10200 mAh" Translated="0" Mandatory="1" Searchable="0">
   <LocalValue Value="10200">
    <Measure ID="51">
     <Signs>
      <Sign ID="35" langid="1"><![CDATA[mAh]]></Sign>
     </Signs>
    </Measure>
   </LocalValue>
   <Feature ID="909">
    <Measure ID="51" Sign="">
     <Signs>
      <Sign ID="35" langid="1"><![CDATA[mAh]]></Sign>
     </Signs>
    </Measure>
    <Name ID="3359" langid="1" Value="Battery capacity"/>
   </Feature>
  </ProductFeature>
  <ProductFeature Localized="0" ID="773034598" Local_ID="0" Value="Y" CategoryFeature_ID="904572" CategoryFeatureGroup_ID="7821" No="100055" Optional="0" Presentation_Value="Yes" Translated="1" Mandatory="0" Searchable="0">
   <LocalValue Value="Yes">
    <Measure ID="26">
     <Signs/>
    </Measure>
   </LocalValue>
   <Feature ID="24055">
    <Measure ID="26" Sign="">
     <Signs/>
    </Measure>
    <Name ID="1986223" langid="1" Value="Battery included"/>
   </Feature>
  </ProductFeature>
  <ProductFeature Localized="0" ID="773034583" Local_ID="0" Value="Y" CategoryFeature_ID="974881" CategoryFeatureGroup_ID="849" No="100000" Optional="0" Presentation_Value="Yes" Translated="1" Mandatory="1" Searchable="0">
   <LocalValue Value="Yes">
    <Measure ID="26">
     <Signs/>
    </Measure>
   </LocalValue>
   <Feature ID="48505">
    <Measure ID="26" Sign="">
     <Signs/>
    </Measure>
    <Name ID="9200571" langid="1" Value="USB Type-C charging port"/>
   </Feature>
  </ProductFeature>
  <ProductFeature Localized="0" ID="773379083" Local_ID="0" Value="100 - 240" CategoryFeature_ID="31232" CategoryFeatureGroup_ID="849" No="100045" Optional="0" Presentation_Value="100 - 240 V" Translated="0" Mandatory="0" Searchable="0">
   <LocalValue Value="100 - 240">
    <Measure ID="42">
     <Signs>
      <Sign ID="26" langid="1"><![CDATA[V]]></Sign>
     </Signs>
    </Measure>
   </LocalValue>
   <Feature ID="902">
    <Measure ID="42" Sign="">
     <Signs>
      <Sign ID="26" langid="1"><![CDATA[V]]></Sign>
     </Signs>
    </Measure>
    <Name ID="3345" langid="1" Value="AC adapter input voltage"/>
   </Feature>
  </ProductFeature>
  <ProductFeature Localized="0" ID="773379086" Local_ID="0" Value="50 - 60" CategoryFeature_ID="31231" CategoryFeatureGroup_ID="849" No="100040" Optional="0" Presentation_Value="50 - 60 Hz" Translated="0" Mandatory="0" Searchable="0">
   <LocalValue Value="50 - 60">
    <Measure ID="36">
     <Signs>
      <Sign ID="20" langid="1"><![CDATA[Hz]]></Sign>
     </Signs>
    </Measure>
   </LocalValue>
   <Feature ID="903">
    <Measure ID="36" Sign="">
     <Signs>
      <Sign ID="20" langid="1"><![CDATA[Hz]]></Sign>
     </Signs>
    </Measure>
    <Name ID="3347" langid="1" Value="AC adapter frequency"/>
   </Feature>
  </ProductFeature>
  <ProductFeature Localized="0" ID="801480155" Local_ID="0" Value="F" CategoryFeature_ID="1088508" CategoryFeatureGroup_ID="82701" No="100050" Optional="0" Presentation_Value="F" Translated="0" Mandatory="1" Searchable="0">
   <LocalValue Value="F">
    <Measure ID="29">
     <Signs/>
    </Measure>
   </LocalValue>
   <Feature ID="2705">
    <Measure ID="29" Sign="">
     <Signs/>
    </Measure>
    <Name ID="13683" langid="1" Value="Energy efficiency class"/>
   </Feature>
  </ProductFeature>
  <ProductFeature Localized="0" ID="801480173" Local_ID="0" Value="6763" CategoryFeature_ID="1088510" CategoryFeatureGroup_ID="82701" No="100046" Optional="0" Presentation_Value="6763 min" Translated="0" Mandatory="1" Searchable="0">
   <LocalValue Value="6763">
    <Measure ID="66">
     <Signs>
      <Sign ID="49" langid="1"><![CDATA[min]]></Sign>
     </Signs>
    </Measure>
   </LocalValue>
   <Feature ID="49427">
    <Measure ID="66" Sign="">
     <Signs>
      <Sign ID="49" langid="1"><![CDATA[min]]></Sign>
     </Signs>
    </Measure>
    <Name ID="9437517" langid="1" Value="Battery endurance per cycle"/>
   </Feature>
  </ProductFeature>
  <ProductFeature Localized="0" ID="801480184" Local_ID="0" Value="1000" CategoryFeature_ID="1088511" CategoryFeatureGroup_ID="82701" No="100044" Optional="0" Presentation_Value="1000" Translated="0" Mandatory="1" Searchable="0">
   <LocalValue Value="1000">
    <Measure ID="29">
     <Signs/>
    </Measure>
   </LocalValue>
   <Feature ID="49429">
    <Measure ID="29" Sign="">
     <Signs/>
    </Measure>
    <Name ID="9437677" langid="1" Value="Battery endurance in cycles"/>
   </Feature>
  </ProductFeature>
  <ProductFeature Localized="0" ID="801480176" Local_ID="0" Value="E" CategoryFeature_ID="1088512" CategoryFeatureGroup_ID="82701" No="100042" Optional="0" Presentation_Value="E" Translated="1" Mandatory="1" Searchable="0">
   <LocalValue Value="E">
    <Measure ID="29">
     <Signs/>
    </Measure>
   </LocalValue>
   <Feature ID="49428">
    <Measure ID="29" Sign="">
     <Signs/>
    </Measure>
    <Name ID="9437597" langid="1" Value="Repeated free fall reliability class"/>
   </Feature>
  </ProductFeature>
  <ProductFeature Localized="0" ID="801480186" Local_ID="0" Value="A" CategoryFeature_ID="1088513" CategoryFeatureGroup_ID="82701" No="100040" Optional="0" Presentation_Value="A" Translated="1" Mandatory="1" Searchable="0">
   <LocalValue Value="A">
    <Measure ID="29">
     <Signs/>
    </Measure>
   </LocalValue>
   <Feature ID="49430">
    <Measure ID="29" Sign="">
     <Signs/>
    </Measure>
    <Name ID="9437757" langid="1" Value="Repairability class"/>
   </Feature>
  </ProductFeature>
  <ProductFeature Localized="0" ID="801480161" Local_ID="0" Value="IP52" CategoryFeature_ID="122419" CategoryFeatureGroup_ID="82701" No="100038" Optional="0" Presentation_Value="IP52" Translated="0" Mandatory="1" Searchable="0">
   <LocalValue Value="IP52">
    <Measure ID="29">
     <Signs/>
    </Measure>
   </LocalValue>
   <Feature ID="7900">
    <Measure ID="29" Sign="">
     <Signs/>
    </Measure>
    <Name ID="610776" langid="1" Value="International Protection (IP) code"/>
   </Feature>
  </ProductFeature>
  <ProductFeature Localized="0" ID="801480167" Local_ID="0" Value="A to G" CategoryFeature_ID="1088509" CategoryFeatureGroup_ID="82701" No="100048" Optional="0" Presentation_Value="A to G" Translated="1" Mandatory="0" Searchable="0">
   <LocalValue Value="A to G">
    <Measure ID="29">
     <Signs/>
    </Measure>
   </LocalValue>
   <Feature ID="39201">
    <Measure ID="29" Sign="">
     <Signs/>
    </Measure>
    <Name ID="5585488" langid="1" Value="Energy efficiency scale"/>
   </Feature>
  </ProductFeature>
  <ProductFeature Localized="0" ID="773034612" Local_ID="0" Value="291.8" CategoryFeature_ID="21002" CategoryFeatureGroup_ID="848" No="100010" Optional="0" Presentation_Value="291.8 mm" Translated="0" Mandatory="0" Searchable="0">
   <LocalValue Value="291.8">
    <Measure ID="24">
     <Signs>
      <Sign ID="3" langid="1"><![CDATA[mm]]></Sign>
     </Signs>
    </Measure>
   </LocalValue>
   <Feature ID="1649">
    <Measure ID="24" Sign="">
     <Signs>
      <Sign ID="3" langid="1"><![CDATA[mm]]></Sign>
     </Signs>
    </Measure>
    <Name ID="5143" langid="1" Value="Width"/>
   </Feature>
  </ProductFeature>
  <ProductFeature Localized="0" ID="773034605" Local_ID="0" Value="189.1" CategoryFeature_ID="21003" CategoryFeatureGroup_ID="848" No="100009" Optional="0" Presentation_Value="189.1 mm" Translated="0" Mandatory="0" Searchable="0">
   <LocalValue Value="189.1">
    <Measure ID="24">
     <Signs>
      <Sign ID="3" langid="1"><![CDATA[mm]]></Sign>
     </Signs>
    </Measure>
   </LocalValue>
   <Feature ID="1650">
    <Measure ID="24" Sign="">
     <Signs>
      <Sign ID="3" langid="1"><![CDATA[mm]]></Sign>
     </Signs>
    </Measure>
    <Name ID="5145" langid="1" Value="Depth"/>
   </Feature>
  </ProductFeature>
  <ProductFeature Localized="0" ID="773034609" Local_ID="0" Value="6.9" CategoryFeature_ID="21004" CategoryFeatureGroup_ID="848" No="100007" Optional="0" Presentation_Value="6.9 mm" Translated="0" Mandatory="0" Searchable="0">
   <LocalValue Value="6.9">
    <Measure ID="24">
     <Signs>
      <Sign ID="3" langid="1"><![CDATA[mm]]></Sign>
     </Signs>
    </Measure>
   </LocalValue>
   <Feature ID="1464">
    <Measure ID="24" Sign="">
     <Signs>
      <Sign ID="3" langid="1"><![CDATA[mm]]></Sign>
     </Signs>
    </Measure>
    <Name ID="4625" langid="1" Value="Height"/>
   </Feature>
  </ProductFeature>
  <ProductFeature Localized="0" ID="773034607" Local_ID="0" Value="620" CategoryFeature_ID="12812" CategoryFeatureGroup_ID="848" No="100004" Optional="0" Presentation_Value="620 g" Translated="0" Mandatory="0" Searchable="0">
   <LocalValue Value="620">
    <Measure ID="38">
     <Signs>
      <Sign ID="22" langid="1"><![CDATA[g]]></Sign>
     </Signs>
    </Measure>
   </LocalValue>
   <Feature ID="94">
    <Measure ID="38" Sign="">
     <Signs>
      <Sign ID="22" langid="1"><![CDATA[g]]></Sign>
     </Signs>
    </Measure>
    <Name ID="1525" langid="1" Value="Weight"/>
   </Feature>
  </ProductFeature>
  <ProductFeature Localized="0" ID="773034608" Local_ID="0" Value="N" CategoryFeature_ID="57785" CategoryFeatureGroup_ID="6516" No="100010" Optional="0" Presentation_Value="No" Translated="1" Mandatory="1" Searchable="0">
   <LocalValue Value="No">
    <Measure ID="26">
     <Signs/>
    </Measure>
   </LocalValue>
   <Feature ID="1230">
    <Measure ID="26" Sign="">
     <Signs/>
    </Measure>
    <Name ID="4001" langid="1" Value="AC adapter included"/>
   </Feature>
  </ProductFeature>
  <ProductFeature Localized="0" ID="773034620" Local_ID="0" Value="ENERGY STAR,RoHS" CategoryFeature_ID="34269" CategoryFeatureGroup_ID="41361" No="99900" Optional="0" Presentation_Value="ENERGY STAR,RoHS" Translated="0" Mandatory="0" Searchable="0">
   <LocalValue Value="ENERGY STAR,RoHS">
    <Measure ID="29">
     <Signs/>
    </Measure>
   </LocalValue>
   <Feature ID="249">
    <Measure ID="29" Sign="">
     <Signs/>
    </Measure>
    <Name ID="1865" langid="1" Value="Certification"/>
   </Feature>
  </ProductFeature>
  <ProductFeature Localized="0" ID="773379088" Local_ID="0" Value="0 - 40" CategoryFeature_ID="7146" CategoryFeatureGroup_ID="850" No="100050" Optional="0" Presentation_Value="0 - 40 °C" Translated="0" Mandatory="0" Searchable="0">
   <LocalValue Value="0 - 40">
    <Measure ID="65">
     <Signs>
      <Sign ID="48" langid="1"><![CDATA[°C]]></Sign>
     </Signs>
    </Measure>
   </LocalValue>
   <Feature ID="1112">
    <Measure ID="65" Sign="">
     <Signs>
      <Sign ID="48" langid="1"><![CDATA[°C]]></Sign>
     </Signs>
    </Measure>
    <Name ID="3765" langid="1" Value="Operating temperature (T-T)"/>
   </Feature>
  </ProductFeature>
  <ProductFeature Localized="0" ID="773379077" Local_ID="0" Value="0 - 95" CategoryFeature_ID="7145" CategoryFeatureGroup_ID="850" No="100043" Optional="0" Presentation_Value="0 - 95%" Translated="0" Mandatory="0" Searchable="0">
   <LocalValue Value="0 - 95">
    <Measure ID="64">
     <Signs>
      <Sign ID="47" langid="1"><![CDATA[%]]></Sign>
     </Signs>
    </Measure>
   </LocalValue>
   <Feature ID="703">
    <Measure ID="64" Sign="">
     <Signs>
      <Sign ID="47" langid="1"><![CDATA[%]]></Sign>
     </Signs>
    </Measure>
    <Name ID="2937" langid="1" Value="Operating relative humidity (H-H)"/>
   </Feature>
  </ProductFeature>
  <ProductGallery>
   <ProductPicture IsMain="Y" LowPic="https://images.icecat.biz/img/gallery_lows/c86f28a3adf61ff07aa81129f72e0a23651edef6.jpg" LowPicHeight="137" LowPicWidth="200" LowSize="17572" No="1" Original="https://images.icecat.biz/img/gallery_raw/45a45062aacc1afa10700a14faa90bec3bfbd50e.png" OriginalSize="1725349" Pic="https://images.icecat.biz/img/gallery/f19f4c0a477c53d765f75db425de490b25921810.jpg" Pic500x500="https://images.icecat.biz/img/gallery_mediums/8917908b24ed1350d3cbcb73319e38b33c741ebf.jpg" Pic500x500Height="341" Pic500x500Size="73724" Pic500x500Width="500" PicHeight="1252" PicWidth="1834" ProductPicture_ID="117023238" Size="881140" ThumbPic="https://images.icecat.biz/img/gallery_thumbs/67adb7241315e5090fc90e165adf2f9097ab37da.jpg" ThumbSize="4989" Type="ProductImage" UpdatedDate="2025-09-06 07:14:50"/>
   <ProductPicture LowPic="https://images.icecat.biz/img/gallery_lows/fa71340df0fc76c39fbb0b53f8069afa780f700f.jpg" LowPicHeight="137" LowPicWidth="200" LowSize="8708" No="2" Original="https://images.icecat.biz/img/gallery_raw/8be014208f8d9807f12153f6a34947af88f11845.png" OriginalSize="2539564" Pic="https://images.icecat.biz/img/gallery/e72289d002c852da44a409fc0584270f7be57679.jpg" Pic500x500="https://images.icecat.biz/img/gallery_mediums/b96b9649dbcf6040debb7af04541de3782df1832.jpg" Pic500x500Height="342" Pic500x500Size="62052" Pic500x500Width="500" PicHeight="1254" PicWidth="1835" ProductPicture_ID="117023239" Size="1104456" ThumbPic="https://images.icecat.biz/img/gallery_thumbs/a24a74652b0cedbcd3524e6fb4a598b117eb3bf6.jpg" ThumbSize="2224" Type="ProductImage" UpdatedDate="2025-09-06 07:14:50"/>
   <ProductPicture LowPic="https://images.icecat.biz/img/gallery_lows/030b69d4a03cfea4305ff144ff9925a6ebf8c851.jpg" LowPicHeight="22" LowPicWidth="200" LowSize="1540" No="3" Original="https://images.icecat.biz/img/gallery_raw/d47164ae84fd499b2d7fce2d01a557fe7ff3a52f.png" OriginalSize="112621" Pic="https://images.icecat.biz/img/gallery/9adbc8a8ad63f4801cc54747c25abaf45ae74410.jpg" Pic500x500="https://images.icecat.biz/img/gallery_mediums/e7b2b76b845c897dead51be4fea3873957a20b82.jpg" Pic500x500Height="55" Pic500x500Size="4869" Pic500x500Width="500" PicHeight="200" PicWidth="1814" ProductPicture_ID="117023240" Size="53364" ThumbPic="https://images.icecat.biz/img/gallery_thumbs/f9d8a2743b658f5902797738d2e0ec650690c7f1.jpg" ThumbSize="741" Type="ProductImage" UpdatedDate="2025-09-06 07:14:51"/>
   <ProductPicture LowPic="https://images.icecat.biz/img/gallery_lows/f0ff184be2ba163bf4fe7b1fdd4cb4c4854b51bd.jpg" LowPicHeight="24" LowPicWidth="200" LowSize="1245" No="4" Original="https://images.icecat.biz/img/gallery_raw/23152a58e3c2d74796a945196deb5e1636d66bcb.png" OriginalSize="111529" Pic="https://images.icecat.biz/img/gallery/41c234cfc1b01c0ecfd7a69a50ce0687c04e91dd.jpg" Pic500x500="https://images.icecat.biz/img/gallery_mediums/96afdae166971f7bd9b4f7cb754da1103e65e6ee.jpg" Pic500x500Height="59" Pic500x500Size="5110" Pic500x500Width="500" PicHeight="217" PicWidth="1835" ProductPicture_ID="117023241" Size="54356" ThumbPic="https://images.icecat.biz/img/gallery_thumbs/4ba92776a92cfa76a18b7519f084eb708f1f1c30.jpg" ThumbSize="812" Type="ProductImage" UpdatedDate="2025-09-06 07:14:51"/>
   <ProductPicture LowPic="https://images.icecat.biz/img/gallery_lows/dcc21893e270d46cb4c7a2cfdcfbcdcff24440dd.jpg" LowPicHeight="200" LowPicWidth="27" LowSize="2028" No="5" Original="https://images.icecat.biz/img/gallery_raw/bde79a50b3a2213e7376eda1b0e75ad92dfb5693.png" OriginalSize="211563" Pic="https://images.icecat.biz/img/gallery/5ddca1e58973ef2593dd4ce3496d1f5de204f717.jpg" Pic500x500="https://images.icecat.biz/img/gallery_mediums/dfcc3793eb430ef0ac385e267996e0c2c6f81f95.jpg" Pic500x500Height="500" Pic500x500Size="7509" Pic500x500Width="67" PicHeight="1818" PicWidth="242" ProductPicture_ID="117023242" Size="71289" ThumbPic="https://images.icecat.biz/img/gallery_thumbs/efd886c8909eb621073b4b77a6d5673d82e8f9dc.jpg" ThumbSize="870" Type="ProductImage" UpdatedDate="2025-09-06 07:14:51"/>
   <ProductPicture LowPic="https://images.icecat.biz/img/gallery_lows/d438aee18f5bd443fa0f64b079dd7a65c8fdb766.jpg" LowPicHeight="200" LowPicWidth="27" LowSize="2076" No="6" Original="https://images.icecat.biz/img/gallery_raw/434afc7ca9a508084b9d8b1d24e3817dfbe8dac4.png" OriginalSize="201262" Pic="https://images.icecat.biz/img/gallery/022d01a202a3b8d37a84c7a408c9500f305fa91a.jpg" Pic500x500="https://images.icecat.biz/img/gallery_mediums/29cc52c6b75eb2c018fc15a8023859d088419abb.jpg" Pic500x500Height="500" Pic500x500Size="6348" Pic500x500Width="67" PicHeight="1819" PicWidth="242" ProductPicture_ID="117023243" Size="67263" ThumbPic="https://images.icecat.biz/img/gallery_thumbs/e4e3a8f2171f9132624225a2e347524ef718ddd6.jpg" ThumbSize="867" Type="ProductImage" UpdatedDate="2025-09-06 07:14:51"/>
   <ProductPicture LowPic="https://images.icecat.biz/img/gallery_lows/284a2dccf0d9128b4fd11932ff163734744be9b1.jpg" LowPicHeight="131" LowPicWidth="200" LowSize="17761" No="7" Original="https://images.icecat.biz/img/gallery_raw/2c5f38ea06656be9a67c7b2e604bffd1b628aa33.png" OriginalSize="1803753" Pic="https://images.icecat.biz/img/gallery/56b85cbfffae046c5c98d64103779e285b77aad2.jpg" Pic500x500="https://images.icecat.biz/img/gallery_mediums/2aa577137dd52262ae94929f23739a9cfe3e717d.jpg" Pic500x500Height="328" Pic500x500Size="72260" Pic500x500Width="500" PicHeight="1189" PicWidth="1814" ProductPicture_ID="117023244" Size="823626" ThumbPic="https://images.icecat.biz/img/gallery_thumbs/7ca5af030507e503ba0cce6bc0a5e2703c271d73.jpg" ThumbSize="4622" Type="ProductImage" UpdatedDate="2025-09-06 07:14:52"/>
   <ProductPicture LowPic="https://images.icecat.biz/img/gallery_lows/bbea520c4912da4e28accdeb8c9058c9b8cf7805.jpg" LowPicHeight="133" LowPicWidth="200" LowSize="17950" No="8" Original="https://images.icecat.biz/img/gallery_raw/83240ddcb457bf0a73ff2b876bccf66adbd1d770.png" OriginalSize="1758254" Pic="https://images.icecat.biz/img/gallery/77703db15bc1e862ef3a415fa4a438b820fbe943.jpg" Pic500x500="https://images.icecat.biz/img/gallery_mediums/96eb706ccec76b1fd77d6d592fee781ed5789529.jpg" Pic500x500Height="333" Pic500x500Size="72164" Pic500x500Width="500" PicHeight="1182" PicWidth="1775" ProductPicture_ID="117023245" Size="782162" ThumbPic="https://images.icecat.biz/img/gallery_thumbs/f5c3f5b1dcca390d87405daa7858243679891c42.jpg" ThumbSize="4751" Type="ProductImage" UpdatedDate="2025-09-06 07:14:52"/>
   <ProductPicture LowPic="https://images.icecat.biz/img/gallery_lows/62ed1511f707467974e3d114b4995c4253cf02f8.jpg" LowPicHeight="131" LowPicWidth="200" LowSize="17914" No="9" Original="https://images.icecat.biz/img/gallery_raw/b4949218140d55d5392a66df96f1a8bc9ca9bb95.png" OriginalSize="1763768" Pic="https://images.icecat.biz/img/gallery/c03451f22c87b91e319afb8bf4b9d9b8d0aa273b.jpg" Pic500x500="https://images.icecat.biz/img/gallery_mediums/c19e57d2e5c0bfe513e2b4dc8414e03c651c2a97.jpg" Pic500x500Height="328" Pic500x500Size="72659" Pic500x500Width="500" PicHeight="1189" PicWidth="1814" ProductPicture_ID="117023246" Size="808226" ThumbPic="https://images.icecat.biz/img/gallery_thumbs/2d9b457f14d6a1ecdc42e1717efe5c29f9f6c25e.jpg" ThumbSize="4644" Type="ProductImage" UpdatedDate="2025-09-06 07:14:52"/>
   <ProductPicture LowPic="https://images.icecat.biz/img/gallery_lows/b3cf0ec89192a11ee4ff9585564fc8de28a0821a.jpg" LowPicHeight="133" LowPicWidth="200" LowSize="18200" No="10" Original="https://images.icecat.biz/img/gallery_raw/6a5e350f649bdf469b08debd2faa9b82c951af99.png" OriginalSize="1716788" Pic="https://images.icecat.biz/img/gallery/c7c6ed590b21114f8988dd751f39c385fcb913fd.jpg" Pic500x500="https://images.icecat.biz/img/gallery_mediums/c7dd83789eff983dabab2f5990d6092d72a9ce5e.jpg" Pic500x500Height="333" Pic500x500Size="73040" Pic500x500Width="500" PicHeight="1182" PicWidth="1775" ProductPicture_ID="117023247" Size="769571" ThumbPic="https://images.icecat.biz/img/gallery_thumbs/f15fff7a30ba85a6391810c8587dddec909c2777.jpg" ThumbSize="4759" Type="ProductImage" UpdatedDate="2025-09-06 07:14:53"/>
   <ProductPicture LowPic="https://images.icecat.biz/img/gallery_lows/7e61e9cd3ec64c6d6ba164e31186380b163d49ec.jpg" LowPicHeight="146" LowPicWidth="200" LowSize="35473" No="11" Original="https://images.icecat.biz/img/gallery_raw/98f7993a1a7ae9ea529495f28e4b7b771c643e3d.png" OriginalSize="3364216" Pic="https://images.icecat.biz/img/gallery/979d97ce2ae3fe8170b90a0ea862e3fcaa478069.jpg" Pic500x500="https://images.icecat.biz/img/gallery_mediums/bfb051e83d99460c20f503de4f0b5fd035e82c3e.jpg" Pic500x500Height="364" Pic500x500Size="172839" Pic500x500Width="500" PicHeight="1207" PicWidth="1659" ProductPicture_ID="117023248" Size="1472739" ThumbPic="https://images.icecat.biz/img/gallery_thumbs/b166865ebbf39c304480fd38775c83e0b2ddc23d.jpg" ThumbSize="7452" Type="ProductImage" UpdatedDate="2025-09-06 07:14:53"/>
   <ProductPicture LowPic="https://images.icecat.biz/img/gallery_lows/909179db5109185391b6169854264a3e3188f0f5.jpg" LowPicHeight="150" LowPicWidth="200" LowSize="27352" No="12" Original="https://images.icecat.biz/img/gallery_raw/a03ea89eced567e731a1e395da0d5f51b52bfd9e.png" OriginalSize="2608246" Pic="https://images.icecat.biz/img/gallery/e83c73f94f3e0925aad5fc45a16cc7a2d4045f6c.jpg" Pic500x500="https://images.icecat.biz/img/gallery_mediums/e8ef8b81b914c2e068bec3389928700b393f1013.jpg" Pic500x500Height="375" Pic500x500Size="126895" Pic500x500Width="500" PicHeight="1500" PicWidth="2000" ProductPicture_ID="117023249" Size="1273381" ThumbPic="https://images.icecat.biz/img/gallery_thumbs/0c0d0dfabac0dc896db1b6c2983a5d2af879f173.jpg" ThumbSize="5653" Type="ProductImage" UpdatedDate="2025-09-06 07:14:56"/>
   <ProductPicture LowPic="https://images.icecat.biz/img/gallery_lows/440a3bfeaab7fa54223a1b68ead79a9dae9cecd7.jpg" LowPicHeight="150" LowPicWidth="200" LowSize="21438" No="13" Original="https://images.icecat.biz/img/gallery_raw/1609ae8deefd93c6dcb9e6a2ae6f85d79339a6d0.png" OriginalSize="2566719" Pic="https://images.icecat.biz/img/gallery/090d26f735fcbd5c7656be93e9433d6d20f2f3a6.jpg" Pic500x500="https://images.icecat.biz/img/gallery_mediums/77a5dabd9873692feefdce988dca53021be9cbea.jpg" Pic500x500Height="375" Pic500x500Size="90988" Pic500x500Width="500" PicHeight="1500" PicWidth="2000" ProductPicture_ID="117023250" Size="1009648" ThumbPic="https://images.icecat.biz/img/gallery_thumbs/3249f11c92c9e5ba9c6414d31f5b05dfdf428b60.jpg" ThumbSize="5096" Type="ProductImage" UpdatedDate="2025-09-06 07:14:58"/>
   <ProductPicture LowPic="https://images.icecat.biz/img/gallery_lows/b2cc0c2b7c868dba57b38cbdf45a69615d6f3038.jpg" LowPicHeight="150" LowPicWidth="200" LowSize="27036" No="14" Original="https://images.icecat.biz/img/gallery_raw/c9ee5865516161dbc45db377f49ae2e7a116a0fb.png" OriginalSize="2513206" Pic="https://images.icecat.biz/img/gallery/c5104efd1cea32fb2e246058db7c196f009f8bfd.jpg" Pic500x500="https://images.icecat.biz/img/gallery_mediums/3f5a827d2a9bdc27aadd3d689f9650c492509f89.jpg" Pic500x500Height="375" Pic500x500Size="115085" Pic500x500Width="500" PicHeight="1500" PicWidth="2000" ProductPicture_ID="117023251" Size="1060652" ThumbPic="https://images.icecat.biz/img/gallery_thumbs/9a9e2414d32efbc5b138b30456df597569aea2d9.jpg" ThumbSize="6054" Type="ProductImage" UpdatedDate="2025-09-06 07:14:58"/>
   <ProductPicture LowPic="https://images.icecat.biz/img/gallery_lows/a0cc33ffeb1597c9a2592ab710873b6ab9d0cad9.jpg" LowPicHeight="150" LowPicWidth="200" LowSize="28362" No="15" Original="https://images.icecat.biz/img/gallery_raw/00263e25d6b7c5e319aa32da1a6012a23e785491.png" OriginalSize="3687490" Pic="https://images.icecat.biz/img/gallery/b67b70dcf11d4116be7a38f8aee6e660eb5a3c4c.jpg" Pic500x500="https://images.icecat.biz/img/gallery_mediums/142b7ec7764dc8d8fa93e9aef0002ff3e9a9479e.jpg" Pic500x500Height="375" Pic500x500Size="112872" Pic500x500Width="500" PicHeight="1500" PicWidth="2000" ProductPicture_ID="117023252" Size="989457" ThumbPic="https://images.icecat.biz/img/gallery_thumbs/b3538db35157f14a0542f5ff8948c86b22078fc7.jpg" ThumbSize="6313" Type="ProductImage" UpdatedDate="2025-09-06 07:14:59"/>
   <ProductPicture LowPic="https://images.icecat.biz/img/gallery_lows/ffb6630b38d62f776e49a4e665c6ec6552c595a6.jpg" LowPicHeight="150" LowPicWidth="200" LowSize="23945" No="16" Original="https://images.icecat.biz/img/gallery_raw/d5a07c32eb0cf6a7afabb23ff0e111345867efef.png" OriginalSize="2677719" Pic="https://images.icecat.biz/img/gallery/8e208172b01ea5b93c8baba6f043877f0e4ed88f.jpg" Pic500x500="https://images.icecat.biz/img/gallery_mediums/8ce2ae5ef6ac3a1f3d9c76e50072853719755438.jpg" Pic500x500Height="375" Pic500x500Size="109811" Pic500x500Width="500" PicHeight="1500" PicWidth="2000" ProductPicture_ID="117023253" Size="1208611" ThumbPic="https://images.icecat.biz/img/gallery_thumbs/8bd8379a93ab43729638a5c3059692df421c4199.jpg" ThumbSize="5350" Type="ProductImage" UpdatedDate="2025-09-06 07:14:59"/>
   <ProductPicture LowPic="https://images.icecat.biz/img/gallery_lows/a31a4f76e189dfcbf8d846f4f071d446b4b3c6f4.jpg" LowPicHeight="150" LowPicWidth="200" LowSize="25841" No="17" Original="https://images.icecat.biz/img/gallery_raw/c3110ccdfe40848527661f0b1793aa47c0638f06.png" OriginalSize="2882679" Pic="https://images.icecat.biz/img/gallery/e27c2c6836b659d3bc65238dcf6f332065edf7a7.jpg" Pic500x500="https://images.icecat.biz/img/gallery_mediums/c109b1155b9a6bab5ef5fb3819ac919de15477b1.jpg" Pic500x500Height="375" Pic500x500Size="123431" Pic500x500Width="500" PicHeight="1500" PicWidth="2000" ProductPicture_ID="117023254" Size="1428104" ThumbPic="https://images.icecat.biz/img/gallery_thumbs/89967926e030a2cdf3e6a40de34c844c9ab11f4b.jpg" ThumbSize="5404" Type="ProductImage" UpdatedDate="2025-09-06 07:15:01"/>
   <ProductPicture LowPic="https://images.icecat.biz/img/gallery_lows/f402a1b93123317df13595b1f9675c0d60304869.jpg" LowPicHeight="150" LowPicWidth="200" LowSize="21592" No="18" Original="https://images.icecat.biz/img/gallery_raw/3e5b96a30f91331cfc1b6854bf98df295dee9007.png" OriginalSize="2059594" Pic="https://images.icecat.biz/img/gallery/e77f97adb8fed992fa8a0c80b6436cc69a328795.jpg" Pic500x500="https://images.icecat.biz/img/gallery_mediums/fe6952f468fa30e9c3729dde388d9c6dc1b0421d.jpg" Pic500x500Height="375" Pic500x500Size="96529" Pic500x500Width="500" PicHeight="1500" PicWidth="2000" ProductPicture_ID="117023260" Size="1110396" ThumbPic="https://images.icecat.biz/img/gallery_thumbs/df3a8c896e3f3e2cb88cefb7484ea01b35de825c.jpg" ThumbSize="5007" Type="ProductImage" UpdatedDate="2025-09-06 07:15:02"/>
   <ProductPicture LowPic="https://images.icecat.biz/img/gallery_lows/ee58235ba376e8631414c41970aa0048c750f7fe.jpg" LowPicHeight="150" LowPicWidth="200" LowSize="17610" No="19" Original="https://images.icecat.biz/img/gallery_raw/5868b46b4da3ea0f545acb85c8616280a3ae8fd3.png" OriginalSize="2302531" Pic="https://images.icecat.biz/img/gallery/64cb9c2dc9dd104e51764c43310a730183c43395.jpg" Pic500x500="https://images.icecat.biz/img/gallery_mediums/890a771440bbc2719fe16f8108db0c441316827b.jpg" Pic500x500Height="375" Pic500x500Size="79526" Pic500x500Width="500" PicHeight="1500" PicWidth="2000" ProductPicture_ID="117023262" Size="914034" ThumbPic="https://images.icecat.biz/img/gallery_thumbs/38eca898461e1d1bccaec3fae056f59a7624dbaa.jpg" ThumbSize="3775" Type="ProductImage" UpdatedDate="2025-09-06 07:15:02"/>
   <ProductPicture LowPic="https://images.icecat.biz/img/gallery_lows/804536bb582c521a0c6c60f35f44fa57208f3ed6.jpg" LowPicHeight="150" LowPicWidth="200" LowSize="25060" No="20" Original="https://images.icecat.biz/img/gallery_raw/e2bb14fd739ced9930b5349e99591d1aedbc6da5.png" OriginalSize="2240847" Pic="https://images.icecat.biz/img/gallery/579fec7fc25d784aef7aa633c7b9213f43bc66b4.jpg" Pic500x500="https://images.icecat.biz/img/gallery_mediums/2ef78b6d0fbe11691e4b960b0e453f1ae9c62517.jpg" Pic500x500Height="375" Pic500x500Size="115562" Pic500x500Width="500" PicHeight="1500" PicWidth="2000" ProductPicture_ID="117023263" Size="1215894" ThumbPic="https://images.icecat.biz/img/gallery_thumbs/ed049a84fdc1ca2d07c6e7d128fe69f1e91a2650.jpg" ThumbSize="5401" Type="ProductImage" UpdatedDate="2025-09-06 07:15:02"/>
   <ProductPicture LowPic="https://images.icecat.biz/img/gallery_lows/54ed2d546f4e7ca2894879cfa9e4517e3193b8f5.jpg" LowPicHeight="150" LowPicWidth="200" LowSize="33515" No="21" Original="https://images.icecat.biz/img/gallery_raw/9f8deb30f0ebf1a5810815625d9301e235c901b6.png" OriginalSize="4072216" Pic="https://images.icecat.biz/img/gallery/c62e7beb188269110ce9829daa892d270593ca01.jpg" Pic500x500="https://images.icecat.biz/img/gallery_mediums/918db40f99ad2f0d9b005f03ffcf2d38d2158ab3.jpg" Pic500x500Height="375" Pic500x500Size="166926" Pic500x500Width="500" PicHeight="1500" PicWidth="2000" ProductPicture_ID="117023270" Size="1709327" ThumbPic="https://images.icecat.biz/img/gallery_thumbs/e57e89a1cced3e2b3863f7edcefd87443fbfcbf9.jpg" ThumbSize="6757" Type="ProductImage" UpdatedDate="2025-09-06 07:15:02"/>
   <ProductPicture LowPic="https://images.icecat.biz/img/gallery_lows/804de06691c1fdf536ed677d5f8a0491b3a4ee1e.jpg" LowPicHeight="150" LowPicWidth="200" LowSize="15912" No="22" Original="https://images.icecat.biz/img/gallery_raw/0e9b71735af1594662032df049c324cfa8730c5b.png" OriginalSize="2256595" Pic="https://images.icecat.biz/img/gallery/093662b910454c8b1f85537d571e09a5b6ea7976.jpg" Pic500x500="https://images.icecat.biz/img/gallery_mediums/c331186822429f7d44e2cffa729342ced030a6b4.jpg" Pic500x500Height="375" Pic500x500Size="84522" Pic500x500Width="500" PicHeight="1500" PicWidth="2000" ProductPicture_ID="117023277" Size="1196391" ThumbPic="https://images.icecat.biz/img/gallery_thumbs/c89ca16922fb323821468925c27bdc82b7705919.jpg" ThumbSize="3384" Type="ProductImage" UpdatedDate="2025-09-06 07:15:03"/>
   <ProductPicture LowPic="" LowPicHeight="0" LowPicWidth="0" LowSize="0" No="999" Original="" OriginalSize="0" Pic="https://images.icecat.biz/img/feature_logo/989-1485.png" Pic500x500="" Pic500x500Height="0" Pic500x500Size="0" Pic500x500Width="0" PicHeight="165" PicWidth="300" ProductPicture_ID="4304860000" Size="24346" ThumbPic="https://images.icecat.biz/img/feature_logo_thumbs/989-1485.png" ThumbSize="0" Type="FeatureLogo" UpdatedDate="" langid="1"/>
   <ProductPicture LowPic="" LowPicHeight="0" LowPicWidth="0" LowSize="0" No="999" Original="" OriginalSize="0" Pic="https://images.icecat.biz/img/feature_logo/1242-3899.png" Pic500x500="" Pic500x500Height="0" Pic500x500Size="0" Pic500x500Width="0" PicHeight="0" PicWidth="0" ProductPicture_ID="4307268537" Size="0" ThumbPic="https://images.icecat.biz/img/feature_logo_thumbs/1242-3899.png" ThumbSize="0" Type="FeatureLogo" UpdatedDate="" langid="1"/>
  </ProductGallery>
  <ProductMultimediaObject>
   <MultimediaObject ContentType="application/pdf" Date="2025-06-27 21:15:34" Description="EU Energy Label" KeepAsURL="0" MultimediaObject_ID="65382901" Type="EU Energy Label" UUID="58B0A421-B6FF-4B7C-B5E4-ACC7E1FA7725" langid="0" Height="0" PreviewHeight="0" PreviewSize="0" PreviewUrl="" PreviewWidth="0" Size="67865" URL="https://objects.icecat.biz/objects/mmo_122970626_1751051700_5676_967810.pdf" Width="0" LabelType="rescaled" EprelLink="https://eprel.ec.europa.eu/qr/2283933" ConvertedURL="https://objects.icecat.biz/objects/122970626_65382901.jpeg" ConvertedSize="240048" ConvertedContentType="image/jpeg" EprelId="2283933"/>
   <MultimediaObject ContentType="application/pdf" Date="2025-05-04 16:06:36" Description="leaflet" KeepAsURL="0" MultimediaObject_ID="64419578" Type="leaflet" UUID="70C743B1-0892-4A65-A9B8-6BF8AADC302D" langid="1" Height="0" PreviewHeight="0" PreviewSize="0" PreviewUrl="" PreviewWidth="0" Size="269292" URL="https://objects.icecat.biz/objects/mmo_122970626_1746367596_7204_1793359.pdf" Width="0"/>
   <MultimediaObject ContentType="application/pdf" Date="2025-06-02 14:23:04" Description="leaflet" KeepAsURL="0" MultimediaObject_ID="64750017" Type="leaflet" UUID="0735547F-1AED-47A1-A229-A784534F219C" langid="1" Height="0" PreviewHeight="0" PreviewSize="0" PreviewUrl="" PreviewWidth="0" Size="3079620" URL="https://objects.icecat.biz/objects/mmo_122970626_1748866984_8263_1634380.pdf" Width="0"/>
   <MultimediaObject ContentType="application/pdf" Date="2025-05-05 15:03:33" Description="Safety Information" KeepAsURL="0" MultimediaObject_ID="64425966" Type="other digital assets" UUID="D196CB2C-6B1F-4293-99C7-8A369C7EC5B5" langid="1" Height="0" PreviewHeight="0" PreviewSize="0" PreviewUrl="" PreviewWidth="0" Size="954005" URL="https://objects.icecat.biz/objects/mmo_122970626_1746450213_1444_838781.pdf" Width="0"/>
   <MultimediaObject ContentType="application/pdf" Date="2025-05-05 15:03:33" Description="User Guide" KeepAsURL="0" MultimediaObject_ID="64425967" Type="other digital assets" UUID="8642BD77-1E50-40EF-9F45-749CD327393B" langid="1" Height="0" PreviewHeight="0" PreviewSize="0" PreviewUrl="" PreviewWidth="0" Size="954955" URL="https://objects.icecat.biz/objects/mmo_122970626_1746450213_1864_798297.pdf" Width="0"/>
   <MultimediaObject ContentType="application/pdf" Date="2025-05-05 20:22:32" Description="Carbon Footprint" KeepAsURL="0" MultimediaObject_ID="64426508" Type="other digital assets" UUID="0C553678-509E-447C-8FB7-F9B47F65CE83" langid="1" Height="0" PreviewHeight="0" PreviewSize="0" PreviewUrl="" PreviewWidth="0" Size="379025" URL="https://objects.icecat.biz/objects/mmo_122970626_1746469352_2828_1800415.pdf" Width="0"/>
   <MultimediaObject ContentType="application/pdf" Date="2025-05-05 22:40:43" Description="EU Declaration of Conformity" KeepAsURL="0" MultimediaObject_ID="64428777" Type="other digital assets" UUID="F2F60EDF-E339-4275-AD11-FDD173CDB4F2" langid="1" Height="0" PreviewHeight="0" PreviewSize="0" PreviewUrl="" PreviewWidth="0" Size="330797" URL="https://objects.icecat.biz/objects/mmo_122970626_1746477643_9576_1753244.pdf" Width="0"/>
   <MultimediaObject ContentType="application/pdf" Date="2025-08-15 10:04:24" Description="EU Declaration of Conformity" KeepAsURL="0" MultimediaObject_ID="68309425" Type="other digital assets" UUID="A5326D92-80C0-4675-ACB6-77E4F8D1ECDB" langid="1" Height="0" PreviewHeight="0" PreviewSize="0" PreviewUrl="" PreviewWidth="0" Size="261837" URL="https://objects.icecat.biz/objects/mmo_122970626_1755245063_9993_2981539.pdf" Width="0"/>
  </ProductMultimediaObject>
  <ProductRelated ID="326436636" Category_ID="788" Preferred="0">
   <Product ID="120552540" Prod_id="5WS8C04325" ThumbPic="" Name="3Y Premium Care with Courier/Carry-in upgrade from 2Y Courier/Carry-in (Android Tablets)">
    <Supplier ID="728" Name="Lenovo"/>
   </Product>
   <ProductRelatedLocales>
    <ProductRelatedLocale ID="0" langid="0" Preferred="0" StartDate="" EndDate=""/>
   </ProductRelatedLocales>
  </ProductRelated>
  <ProductRelated ID="326436634" Category_ID="788" Preferred="0">
   <Product ID="120552539" Prod_id="5WS8C04324" ThumbPic="" Name="2Y Premium Care with Courier/Carry-in upgrade from 2Y Courier/Carry-in (Android Tablets)">
    <Supplier ID="728" Name="Lenovo"/>
   </Product>
   <ProductRelatedLocales>
    <ProductRelatedLocale ID="0" langid="0" Preferred="0" StartDate="" EndDate=""/>
   </ProductRelatedLocales>
  </ProductRelated>
  <ProductRelated ID="326436641" Category_ID="194" Preferred="0">
   <Product ID="120221580" Prod_id="ZG38C05805" ThumbPic="" Name="ZG38C05805">
    <Supplier ID="728" Name="Lenovo"/>
   </Product>
   <ProductRelatedLocales>
    <ProductRelatedLocale ID="0" langid="0" Preferred="0" StartDate="" EndDate=""/>
   </ProductRelatedLocales>
  </ProductRelated>
  <ProductRelated ID="326436638" Category_ID="788" Preferred="0">
   <Product ID="114992908" Prod_id="5WS8C04319" ThumbPic="" Name="5WS8C04319">
    <Supplier ID="728" Name="Lenovo"/>
   </Product>
   <ProductRelatedLocales>
    <ProductRelatedLocale ID="0" langid="0" Preferred="0" StartDate="" EndDate=""/>
   </ProductRelatedLocales>
  </ProductRelated>
  <ProductRelated ID="326436640" Category_ID="203" Preferred="0">
   <Product ID="113493799" Prod_id="ZG38C05190" ThumbPic="" Name="Tab Pen Plus">
    <Supplier ID="728" Name="Lenovo"/>
   </Product>
   <ProductRelatedLocales>
    <ProductRelatedLocale ID="0" langid="0" Preferred="0" StartDate="" EndDate=""/>
   </ProductRelatedLocales>
  </ProductRelated>
  <SummaryDescription>
   <ShortSummaryDescription langid="1">Lenovo Idea Tab Pro, 32.3 cm (12.7&quot;), 2944 x 1840 pixels, 128 GB, 8 GB, Android 14, Grey</ShortSummaryDescription>
   <LongSummaryDescription langid="1">Lenovo Idea Tab Pro. Display diagonal: 32.3 cm (12.7&quot;), Display resolution: 2944 x 1840 pixels. Internal storage capacity: 128 GB. Processor family: Mediatek, Processor model: Dimensity 8300. Internal memory: 8 GB. Rear camera resolution (numeric): 13 MP, Rear camera type: Single camera, Front camera resolution (numeric): 8 MP, Front camera. Top Wi-Fi standard: Wi-Fi 6E (802.11ax). Card reader integrated. Weight: 620 g. Operating system installed: Android 14. Product colour: Grey</LongSummaryDescription>
  </SummaryDescription>
  <Supplier ID="728" Name="Lenovo"/>
  <CatalogObjectCloud>
   <ProductPage QRCodeURL="https://qr.icecat.biz/coc/a599ca5d-a00d-4216-b35c-de2e31460c97" URL="https://coc.icecat.biz/a599ca5d-a00d-4216-b35c-de2e31460c97"/>
  </CatalogObjectCloud>
  <BrandOrganizations>
   <BrandOwner>
    <Organization ID="823f4d3b-6229-4a22-8288-4bfb363947df" Name="Lenovo Group Limited" CountryCode="CN" State="" City="Beijing" Street="Courtyard Xibeiwang East Road" HouseNumber="Building 2, No.10" ZIP="100094">
     <URLs>
      <URL>https://www.lenovo.com/us/en/about/locations</URL>
     </URLs>
     <Emails/>
    </Organization>
   </BrandOwner>
   <Licensees/>
   <Representatives>
    <Representative ID="172489241077481536">
     <Organization ID="8bf3ebb7-0237-4590-95b1-9c553ea4fffc" Name="Lenovo EMEA" CountryCode="IT" State="" City="Milano" Street="Via Moretto da Brescia" HouseNumber="22" ZIP="20133">
      <URLs>
       <URL>https://lenovo.com</URL>
      </URLs>
      <Emails/>
     </Organization>
    </Representative>
    <Representative ID="172489241077481563">
     <Organization ID="a1024f70-6b8d-4b62-91cc-18ae73ef1a92" Name="Lenovo Deutschland GmbH" CountryCode="DE" State="" City="Stuttgart" Street="Meitnerstr" HouseNumber="9" ZIP="70563">
      <URLs>
       <URL>https://www.lenovo.com/de/de/legal/impressum/</URL>
      </URLs>
      <Emails>
       <Email>Fragen_DE@lenovo.com</Email>
      </Emails>
     </Organization>
    </Representative>
    <Representative ID="172489241077481564">
     <Organization ID="69eca196-9bfe-45a5-a413-1ba5c0bde8cc" Name="Lenovo International Coöperatief U.A." CountryCode="NL" State="" City="Amsterdam" Street="De entree 250" HouseNumber="Unit A" ZIP="1101 EE">
      <URLs>
       <URL>https://www.lenovo.com/fr/fr/legal/mentions-legales</URL>
      </URLs>
      <Emails/>
     </Organization>
    </Representative>
    <Representative ID="172489241077481565">
     <Organization ID="238ff2c0-826b-45e5-baf2-0cb62c66b075" Name="Lenovo France SAS" CountryCode="FR" State="" City="Rueil-Malmaison" Street="Rue des Deux Gares" HouseNumber="20" ZIP="92500">
      <URLs>
       <URL>https://www.lenovo.com/fr/fr/legal/mentions-legales</URL>
      </URLs>
      <Emails/>
     </Organization>
    </Representative>
    <Representative ID="172489241077481566">
     <Organization ID="56a23e0e-3401-4dc0-acf8-f46c13a33e08" Name="Lenovo Spain S.L" CountryCode="ES" State="" City="Madrid" Street="Calle Puerto de Somport" HouseNumber="9" ZIP="28050">
      <URLs>
       <URL>https://www.lenovo.com</URL>
      </URLs>
      <Emails/>
     </Organization>
    </Representative>
    <Representative ID="172489241077481567">
     <Organization ID="b8a0faf6-cb12-407e-a593-7ded250629ba" Name="Lenovo Denmark ApS" CountryCode="DK" State="" City="Søborg" Street="Vandtårnsvej" HouseNumber="83A" ZIP="2860">
      <URLs>
       <URL>https://www.lenovo.com/dk/da/terms-and-conditions</URL>
      </URLs>
      <Emails/>
     </Organization>
    </Representative>
    <Representative ID="172489241077483063">
     <Organization ID="63dbc2d0-f93b-4c95-b7c1-0325fe2ee9d1" Name="Lenovo International Coöperatief U.A." CountryCode="NL" State="" City="Amsterdam" Street="De entree" HouseNumber="250" ZIP="1101 EE">
      <URLs>
       <URL>https://www.lenovo.com/fr/fr/legal/mentions-legales/</URL>
      </URLs>
      <Emails/>
     </Organization>
    </Representative>
   </Representatives>
  </BrandOrganizations>
 </Product>
</ICECAT-interface>
