<?xml version="1.0" encoding="UTF-8"?>
<!DOCTYPE ICECAT-interface SYSTEM "https://data.icecat.biz/dtd/ICECAT-interface_response.dtd">
<!--source: Icecat.biz 2025-->
<!--Language ID: 1-->
<!--Version: v2-->
<ICECAT-interface xmlns:xsi="http://www.w3.org/2001/XMLSchema-instance" xsi:noNamespaceSchemaLocation="https://data.icecat.biz/xsd/ICECAT-interface_response.xsd">
 <Product Code="1" HighPic="https://images.icecat.biz/img/gallery/e6fd3029c2a6e99d101d9b28fa6e71ac98a58738.jpg" HighPicHeight="2000" HighPicSize="858539" HighPicWidth="2000" ID="131134993" LowPic="https://images.icecat.biz/img/gallery_lows/2184fa44742cdc32bcaf28b885c8b3277389015f.jpg" LowPicHeight="200" LowPicSize="14742" LowPicWidth="200" Name="Legion Tab (8.8&quot;, 3)" IntName="Legion Tab (8.8&quot;, 3)" LocalName="" Pic500x500="https://images.icecat.biz/img/gallery_mediums/2abab4be6e15726635368298a510b11d619a57a6.jpg" Pic500x500Height="500" Pic500x500Size="73607" Pic500x500Width="500" Prod_id="ZAEF0012SE" Quality="ICECAT" ReleaseDate="" ThumbPic="https://images.icecat.biz/img/gallery_thumbs/c10919867d40144ef4d70528ed02d71062b094d8.jpg" ThumbPicSize="3742" Title="Lenovo Legion Tab (8.8&quot;, 3) Qualcomm Snapdragon 256 GB 22.4 cm (8.8&quot;) 12 GB Wi-Fi 7 (802.11be) Android 14 Black" GeneratedIntTitle="Lenovo Legion Tab (8.8&quot;, 3)" GeneratedLocalTitle="Lenovo Legion Tab (8.8&quot;, 3) Qualcomm Snapdragon 256 GB 22.4 cm (8.8&quot;) 12 GB Wi-Fi 7 (802.11be) Android 14 Black" BrandLocalTitle="">
  <CategoryFeatureGroup ID="11001" No="-100">
   <FeatureGroup ID="0">
    <Name ID="5073" langid="1" Value="Technical details"/>
   </FeatureGroup>
  </CategoryFeatureGroup>
  <CategoryFeatureGroup ID="830" No="100">
   <FeatureGroup ID="1">
    <Name ID="1222500" langid="1" Value="Processor"/>
   </FeatureGroup>
  </CategoryFeatureGroup>
  <CategoryFeatureGroup ID="832" No="96">
   <FeatureGroup ID="3">
    <Name ID="4863" langid="1" Value="Memory"/>
   </FeatureGroup>
  </CategoryFeatureGroup>
  <CategoryFeatureGroup ID="833" No="110">
   <FeatureGroup ID="5">
    <Name ID="4867" langid="1" Value="Display"/>
   </FeatureGroup>
  </CategoryFeatureGroup>
  <CategoryFeatureGroup ID="846" No="82">
   <FeatureGroup ID="9">
    <Name ID="4977" langid="1" Value="Audio"/>
   </FeatureGroup>
  </CategoryFeatureGroup>
  <CategoryFeatureGroup ID="847" No="72">
   <FeatureGroup ID="12">
    <Name ID="4995" langid="1" Value="Ports &amp; interfaces"/>
   </FeatureGroup>
  </CategoryFeatureGroup>
  <CategoryFeatureGroup ID="848" No="5">
   <FeatureGroup ID="14">
    <Name ID="5023" langid="1" Value="Weight &amp; dimensions"/>
   </FeatureGroup>
  </CategoryFeatureGroup>
  <CategoryFeatureGroup ID="11980" No="0">
   <FeatureGroup ID="16">
    <Name ID="5027" langid="1" Value="Print quality"/>
   </FeatureGroup>
  </CategoryFeatureGroup>
  <CategoryFeatureGroup ID="27900" No="10">
   <FeatureGroup ID="19">
    <Name ID="5033" langid="1" Value="Media formats"/>
   </FeatureGroup>
  </CategoryFeatureGroup>
  <CategoryFeatureGroup ID="15471" No="0">
   <FeatureGroup ID="20">
    <Name ID="5035" langid="1" Value="Print technology"/>
   </FeatureGroup>
  </CategoryFeatureGroup>
  <CategoryFeatureGroup ID="849" No="13">
   <FeatureGroup ID="27">
    <Name ID="5049" langid="1" Value="Power"/>
   </FeatureGroup>
  </CategoryFeatureGroup>
  <CategoryFeatureGroup ID="850" No="-10">
   <FeatureGroup ID="28">
    <Name ID="5067" langid="1" Value="Operational conditions"/>
   </FeatureGroup>
  </CategoryFeatureGroup>
  <CategoryFeatureGroup ID="82701" No="12">
   <FeatureGroup ID="32">
    <Name ID="5133" langid="1" Value="Endurance"/>
   </FeatureGroup>
  </CategoryFeatureGroup>
  <CategoryFeatureGroup ID="2678" No="74">
   <FeatureGroup ID="35">
    <Name ID="5167" langid="1" Value="Network"/>
   </FeatureGroup>
  </CategoryFeatureGroup>
  <CategoryFeatureGroup ID="8332" No="52">
   <FeatureGroup ID="42">
    <Name ID="5595" langid="1" Value="Phone features"/>
   </FeatureGroup>
  </CategoryFeatureGroup>
  <CategoryFeatureGroup ID="4142" No="92">
   <FeatureGroup ID="47">
    <Name ID="8858" langid="1" Value="Storage"/>
   </FeatureGroup>
  </CategoryFeatureGroup>
  <CategoryFeatureGroup ID="7716" No="50">
   <FeatureGroup ID="50">
    <Name ID="11136" langid="1" Value="Messaging"/>
   </FeatureGroup>
  </CategoryFeatureGroup>
  <CategoryFeatureGroup ID="29709" No="29">
   <FeatureGroup ID="75">
    <Name ID="27867" langid="1" Value="Security"/>
   </FeatureGroup>
  </CategoryFeatureGroup>
  <CategoryFeatureGroup ID="41361" No="0">
   <FeatureGroup ID="76">
    <Name ID="28540" langid="1" Value="Certificates"/>
   </FeatureGroup>
  </CategoryFeatureGroup>
  <CategoryFeatureGroup ID="12019" No="25">
   <FeatureGroup ID="90">
    <Name ID="30562" langid="1" Value="Software"/>
   </FeatureGroup>
  </CategoryFeatureGroup>
  <CategoryFeatureGroup ID="4346" No="80">
   <FeatureGroup ID="95">
    <Name ID="31282" langid="1" Value="Camera"/>
   </FeatureGroup>
  </CategoryFeatureGroup>
  <CategoryFeatureGroup ID="6516" No="3">
   <FeatureGroup ID="116">
    <Name ID="78852" langid="1" Value="Packaging content"/>
   </FeatureGroup>
  </CategoryFeatureGroup>
  <CategoryFeatureGroup ID="28386" No="27">
   <FeatureGroup ID="122">
    <Name ID="92777" langid="1" Value="Pen"/>
   </FeatureGroup>
  </CategoryFeatureGroup>
  <CategoryFeatureGroup ID="7821" No="14">
   <FeatureGroup ID="143">
    <Name ID="618812" langid="1" Value="Battery"/>
   </FeatureGroup>
  </CategoryFeatureGroup>
  <CategoryFeatureGroup ID="26934" No="0">
   <FeatureGroup ID="144">
    <Name ID="619994" langid="1" Value="Brand-specific features"/>
   </FeatureGroup>
  </CategoryFeatureGroup>
  <CategoryFeatureGroup ID="7816" No="-100">
   <FeatureGroup ID="146">
    <Name ID="624346" langid="1" Value="Other features"/>
   </FeatureGroup>
  </CategoryFeatureGroup>
  <CategoryFeatureGroup ID="10998" No="40">
   <FeatureGroup ID="148">
    <Name ID="630457" langid="1" Value="Design"/>
   </FeatureGroup>
  </CategoryFeatureGroup>
  <CategoryFeatureGroup ID="8329" No="86">
   <FeatureGroup ID="163">
    <Name ID="764413" langid="1" Value="Graphics"/>
   </FeatureGroup>
  </CategoryFeatureGroup>
  <CategoryFeatureGroup ID="10387" No="20">
   <FeatureGroup ID="183">
    <Name ID="1210971" langid="1" Value="Processor special features"/>
   </FeatureGroup>
  </CategoryFeatureGroup>
  <CategoryFeatureGroup ID="11000" No="30">
   <FeatureGroup ID="184">
    <Name ID="1218765" langid="1" Value="Performance"/>
   </FeatureGroup>
  </CategoryFeatureGroup>
  <CategoryFeatureGroup ID="20051" No="-5">
   <FeatureGroup ID="185">
    <Name ID="1219853" langid="1" Value="Features"/>
   </FeatureGroup>
  </CategoryFeatureGroup>
  <CategoryFeatureGroup ID="26328" No="-50">
   <FeatureGroup ID="198">
    <Name ID="1788927" langid="1" Value="Logistics data"/>
   </FeatureGroup>
  </CategoryFeatureGroup>
  <CategoryFeatureGroup ID="78415" No="0">
   <FeatureGroup ID="224">
    <Name ID="2786802" langid="1" Value="Safety warning"/>
   </FeatureGroup>
  </CategoryFeatureGroup>
  <CategoryFeatureGroup ID="32214" No="0">
   <FeatureGroup ID="232">
    <Name ID="3464238" langid="1" Value="Supplier features"/>
   </FeatureGroup>
  </CategoryFeatureGroup>
  <CategoryFeatureGroup ID="72248" No="11">
   <FeatureGroup ID="279">
    <Name ID="7392238" langid="1" Value="Sustainability"/>
   </FeatureGroup>
  </CategoryFeatureGroup>
  <CategoryFeatureGroup ID="77981" No="0">
   <FeatureGroup ID="305">
    <Name ID="8837290" langid="1" Value="Carbon footprint"/>
   </FeatureGroup>
  </CategoryFeatureGroup>
  <CategoryFeatureGroup ID="78570" No="98">
   <FeatureGroup ID="306">
    <Name ID="9064014" langid="1" Value="Neural processor unit (NPU)"/>
   </FeatureGroup>
  </CategoryFeatureGroup>
  <Category ID="897">
   <Name ID="3727677" langid="1" Value="Tablets"/>
  </Category>
  <EANCode EAN="0198154681326" Format="GTIN-13" IsApproved="1"/>
  <EANCode EAN="198154681326" Format="GTIN-12" IsApproved="1"/>
  <FeatureLogo ID="993" Feature_ID="2705" Value="D" LogoPic="https://images.icecat.biz/img/feature_logo/993-1511.png" Width="300" Height="165" Size="0">
   <Descriptions>
    <Description ID="3738" langid="1">D means that the product is rated in its category in terms of energy efficiency. The Energy Labeling system is based on EU Regulation 2017/1369/EU.</Description>
   </Descriptions>
   <FeatureLogoFeatures>
    <FeatureLogoFeature ID="2705">
     <FeatureLogoValues>
      <FeatureLogoValue ID="3223">D</FeatureLogoValue>
     </FeatureLogoValues>
    </FeatureLogoFeature>
   </FeatureLogoFeatures>
  </FeatureLogo>
  <FeatureLogo ID="1242" Feature_ID="1230" Value="N" LogoPic="https://images.icecat.biz/img/feature_logo/1242-3899.png" Width="0" Height="0" Size="0">
   <Descriptions>
    <Description ID="5808" langid="1">DIRECTIVE (EU) 2022/2380 OF THE EUROPEAN PARLIAMENT AND OF THE COUNCIL of 23 November 2022 (Part III)</Description>
   </Descriptions>
   <FeatureLogoFeatures>
    <FeatureLogoFeature ID="1230">
     <FeatureLogoValues>
      <FeatureLogoValue ID="5865">N</FeatureLogoValue>
     </FeatureLogoValues>
    </FeatureLogoFeature>
   </FeatureLogoFeatures>
  </FeatureLogo>
  <ReleaseDate/>
  <EndOfLifeDate/>
  <ReasonsToBuy/>
  <BulletPoints>
   <BulletPoint Value="Leveled- up gaming with an 8.8″ PureSight display &amp; 165Hz refresh rate" langid="1" No="1"/>
   <BulletPoint Value="Unleash power &amp; performance with Snapdragon® 8 Gen 3 &amp; Legion ColdFront cooling" langid="1" No="2"/>
   <BulletPoint Value="Enhance gameplay with stereo sound, haptic feedback, &amp; Legion Space software" langid="1" No="3"/>
  </BulletPoints>
  <GeneratedBulletPoints>
   <GeneratedBulletPoint Value="Slate Mobile tablet Black" langid="1" No="1"/>
   <GeneratedBulletPoint Value="22.4 cm (8.8&quot;) 2560 x 1600 pixels LTPS" langid="1" No="2"/>
   <GeneratedBulletPoint Value="Qualcomm Snapdragon 8 Gen 3" langid="1" No="3"/>
   <GeneratedBulletPoint Value="256 GB UFS" langid="1" No="4"/>
   <GeneratedBulletPoint Value="Dual camera 13 MP 2 MP Front camera 8 MP" langid="1" No="5"/>
   <GeneratedBulletPoint Value="Wi-Fi 7 (802.11be) Bluetooth 5.4" langid="1" No="6"/>
   <GeneratedBulletPoint Value="Lithium-Ion (Li-Ion) 6550 mAh" langid="1" No="7"/>
   <GeneratedBulletPoint Value="Android 14" langid="1" No="8"/>
  </GeneratedBulletPoints>
  <ProductBundled/>
  <ProductDescription ID="104043600" LongDesc="&lt;b&gt;Console-Defying Gaming&lt;/b&gt;&lt;br&gt;Experience relentless gaming on the Snapdragon® 8 Gen 3, featuring Elite Gaming tech with Ray Tracing, for stunning realism. Enjoy ultra-smooth 165 FPS and lag-free graphics, making your tablet a powerhouse gaming machine in your pocket.&lt;br&gt;&lt;br&gt;&lt;b&gt;Entertainment Unbound&lt;/b&gt;&lt;br&gt;The Lenovo Legion Tab Gen 3 runs on Android™ 14 with support for three OS upgrades over its lifetime, and with Google Play, so games get more fun instead of outdated. When you can play the world, anywhere in the world, all from one place, unlimited fun is just a tap away. &lt;br&gt;&lt;br&gt;&lt;b&gt;Ice-Cold Power At Your Fingertips&lt;/b&gt;&lt;br&gt;Experience thermal mastery with the Legion Tab’s advanced cooling system. A 14% larger ColdFront Vapor Chamber gen-to-gen and a 3D heat dissipation structure keep heat away from your grip, ensuring balanced temperatures for comfortable, long-term play. Game longer, stay cooler, and maintain top -tier performance in every session." ManualPDFSize="0" ManualPDFURL="" MiddleDesc="" PDFSize="249231" PDFURL="https://objects.icecat.biz/objects/mmo_131134993_1746367730_8873_1691402.pdf" ShortDesc="Qualcomm Snapdragon 8 Gen 3 Mobile Platform (8C, 1x Cortex-X4 + 5x Cortex-A720 + 2x Cortex-A520), 12GB LPDDR5x, 256GB UFS 4.0, 8.8&quot; 2.5K (2560x1600) LTPS 500nits (typical) / 900nits (under HBM mode) glossy 98% DCI-P3 165Hz Touch, Qualcomm Adreno GPU, Wi-Fi 7 802.11be 2x2 + BT5.4, Front 8.0MP / Rear 13.0MP + 2.0MP, with Flashlight, Android 14 or Later" URL="https://www.lenovo.com/gb/en/p/tablets/legion-tab-series/lenovo-legion-tab-gen-3/len103g0002" WarrantyInfo="" langid="1"/>
  <ProductFeature Localized="0" ID="773034936" Local_ID="0" Value="8.8" CategoryFeature_ID="11611" CategoryFeatureGroup_ID="833" No="10100099" Optional="0" Presentation_Value="22.4 cm (8.8&quot;)" Translated="0" Mandatory="1" Searchable="1">
   <LocalValue Value="22.4">
    <Measure ID="34">
     <Signs>
      <Sign ID="18" langid="1"><![CDATA[cm]]></Sign>
     </Signs>
    </Measure>
   </LocalValue>
   <Feature ID="944">
    <Measure ID="16" Sign="">
     <Signs>
      <Sign ID="11" langid="1"><![CDATA["]]></Sign>
     </Signs>
    </Measure>
    <Name ID="3429" langid="1" Value="Display diagonal"/>
   </Feature>
  </ProductFeature>
  <ProductFeature Localized="0" ID="773034934" Local_ID="0" Value="LTPS" CategoryFeature_ID="710616" CategoryFeatureGroup_ID="833" No="10100036" Optional="0" Presentation_Value="LTPS" Translated="0" Mandatory="1" Searchable="1">
   <LocalValue Value="LTPS">
    <Measure ID="29">
     <Signs/>
    </Measure>
   </LocalValue>
   <Feature ID="15285">
    <Measure ID="29" Sign="">
     <Signs/>
    </Measure>
    <Name ID="1161461" langid="1" Value="Panel type"/>
   </Feature>
  </ProductFeature>
  <ProductFeature Localized="0" ID="773034939" Local_ID="0" Value="2560 x 1600" CategoryFeature_ID="30350" CategoryFeatureGroup_ID="833" No="100038" Optional="0" Presentation_Value="2560 x 1600 pixels" Translated="0" Mandatory="1" Searchable="0">
   <LocalValue Value="2560 x 1600">
    <Measure ID="39">
     <Signs>
      <Sign ID="23" langid="1"><![CDATA[pixels]]></Sign>
     </Signs>
    </Measure>
   </LocalValue>
   <Feature ID="1585">
    <Measure ID="39" Sign="">
     <Signs>
      <Sign ID="23" langid="1"><![CDATA[pixels]]></Sign>
     </Signs>
    </Measure>
    <Name ID="4927" langid="1" Value="Display resolution"/>
   </Feature>
  </ProductFeature>
  <ProductFeature Localized="0" ID="773034951" Local_ID="0" Value="165" CategoryFeature_ID="974995" CategoryFeatureGroup_ID="833" No="100037" Optional="0" Presentation_Value="165 Hz" Translated="0" Mandatory="0" Searchable="0">
   <LocalValue Value="165">
    <Measure ID="36">
     <Signs>
      <Sign ID="20" langid="1"><![CDATA[Hz]]></Sign>
     </Signs>
    </Measure>
   </LocalValue>
   <Feature ID="7450">
    <Measure ID="36" Sign="">
     <Signs>
      <Sign ID="20" langid="1"><![CDATA[Hz]]></Sign>
     </Signs>
    </Measure>
    <Name ID="559818" langid="1" Value="Maximum refresh rate"/>
   </Feature>
  </ProductFeature>
  <ProductFeature Localized="0" ID="773034952" Local_ID="0" Value="Y" CategoryFeature_ID="45723" CategoryFeatureGroup_ID="833" No="100036" Optional="0" Presentation_Value="Yes" Translated="1" Mandatory="0" Searchable="0">
   <LocalValue Value="Yes">
    <Measure ID="26">
     <Signs/>
    </Measure>
   </LocalValue>
   <Feature ID="6784">
    <Measure ID="26" Sign="">
     <Signs/>
    </Measure>
    <Name ID="294044" langid="1" Value="LED backlight"/>
   </Feature>
  </ProductFeature>
  <ProductFeature Localized="0" ID="773034958" Local_ID="0" Value="500" CategoryFeature_ID="45724" CategoryFeatureGroup_ID="833" No="100035" Optional="0" Presentation_Value="500 cd/m²" Translated="0" Mandatory="0" Searchable="0">
   <LocalValue Value="500">
    <Measure ID="43">
     <Signs>
      <Sign ID="27" langid="1"><![CDATA[cd/m²]]></Sign>
     </Signs>
    </Measure>
   </LocalValue>
   <Feature ID="1389">
    <Measure ID="43" Sign="">
     <Signs>
      <Sign ID="27" langid="1"><![CDATA[cd/m²]]></Sign>
     </Signs>
    </Measure>
    <Name ID="4319" langid="1" Value="Display brightness"/>
   </Feature>
  </ProductFeature>
  <ProductFeature Localized="0" ID="773034935" Local_ID="0" Value="2.5K" CategoryFeature_ID="294856" CategoryFeatureGroup_ID="833" No="100000" Optional="0" Presentation_Value="2.5K" Translated="0" Mandatory="0" Searchable="0">
   <LocalValue Value="2.5K">
    <Measure ID="29">
     <Signs/>
    </Measure>
   </LocalValue>
   <Feature ID="11424">
    <Measure ID="29" Sign="">
     <Signs/>
    </Measure>
    <Name ID="1045472" langid="1" Value="HD type"/>
   </Feature>
  </ProductFeature>
  <ProductFeature Localized="0" ID="773034957" Local_ID="0" Value="16:9" CategoryFeature_ID="684422" CategoryFeatureGroup_ID="833" No="99999" Optional="0" Presentation_Value="16:9" Translated="0" Mandatory="0" Searchable="0">
   <LocalValue Value="16:9">
    <Measure ID="29">
     <Signs/>
    </Measure>
   </LocalValue>
   <Feature ID="11417">
    <Measure ID="29" Sign="">
     <Signs/>
    </Measure>
    <Name ID="1045266" langid="1" Value="Native aspect ratio"/>
   </Feature>
  </ProductFeature>
  <ProductFeature Localized="0" ID="773034950" Local_ID="0" Value="Qualcomm" CategoryFeature_ID="102551" CategoryFeatureGroup_ID="830" No="1101050" Optional="0" Presentation_Value="Qualcomm" Translated="1" Mandatory="1" Searchable="0">
   <LocalValue Value="Qualcomm">
    <Measure ID="29">
     <Signs/>
    </Measure>
   </LocalValue>
   <Feature ID="1013">
    <Measure ID="29" Sign="">
     <Signs/>
    </Measure>
    <Name ID="3567" langid="1" Value="Processor manufacturer"/>
   </Feature>
  </ProductFeature>
  <ProductFeature Localized="0" ID="773034932" Local_ID="0" Value="Qualcomm Snapdragon" CategoryFeature_ID="11580" CategoryFeatureGroup_ID="830" No="100900" Optional="0" Presentation_Value="Qualcomm Snapdragon" Translated="0" Mandatory="1" Searchable="0">
   <LocalValue Value="Qualcomm Snapdragon">
    <Measure ID="29">
     <Signs/>
    </Measure>
   </LocalValue>
   <Feature ID="2196">
    <Measure ID="29" Sign="">
     <Signs/>
    </Measure>
    <Name ID="11271" langid="1" Value="Processor family"/>
   </Feature>
  </ProductFeature>
  <ProductFeature Localized="0" ID="773034938" Local_ID="0" Value="8 Gen 3" CategoryFeature_ID="6931" CategoryFeatureGroup_ID="830" No="100800" Optional="0" Presentation_Value="8 Gen 3" Translated="0" Mandatory="1" Searchable="0">
   <LocalValue Value="8 Gen 3">
    <Measure ID="29">
     <Signs/>
    </Measure>
   </LocalValue>
   <Feature ID="47">
    <Measure ID="29" Sign="">
     <Signs/>
    </Measure>
    <Name ID="1431" langid="1" Value="Processor model"/>
   </Feature>
  </ProductFeature>
  <ProductFeature Localized="0" ID="773034931" Local_ID="0" Value="8" CategoryFeature_ID="57773" CategoryFeatureGroup_ID="830" No="100300" Optional="0" Presentation_Value="8" Translated="0" Mandatory="0" Searchable="0">
   <LocalValue Value="8">
    <Measure ID="29">
     <Signs/>
    </Measure>
   </LocalValue>
   <Feature ID="6089">
    <Measure ID="29" Sign="">
     <Signs/>
    </Measure>
    <Name ID="138113" langid="1" Value="Processor cores"/>
   </Feature>
  </ProductFeature>
  <ProductFeature Localized="0" ID="773379152" Local_ID="0" Value="3.3" CategoryFeature_ID="91856" CategoryFeatureGroup_ID="830" No="100290" Optional="0" Presentation_Value="3.3 GHz" Translated="0" Mandatory="0" Searchable="0">
   <LocalValue Value="3.3">
    <Measure ID="37">
     <Signs>
      <Sign ID="21" langid="1"><![CDATA[GHz]]></Sign>
     </Signs>
    </Measure>
   </LocalValue>
   <Feature ID="7978">
    <Measure ID="37" Sign="">
     <Signs>
      <Sign ID="21" langid="1"><![CDATA[GHz]]></Sign>
     </Signs>
    </Measure>
    <Name ID="617138" langid="1" Value="Processor boost frequency"/>
   </Feature>
  </ProductFeature>
  <ProductFeature Localized="0" ID="773379157" Local_ID="0" Value="Qualcomm Hexagon" CategoryFeature_ID="950621" CategoryFeatureGroup_ID="78570" No="100030" Optional="0" Presentation_Value="Qualcomm Hexagon" Translated="0" Mandatory="0" Searchable="0">
   <LocalValue Value="Qualcomm Hexagon">
    <Measure ID="29">
     <Signs/>
    </Measure>
   </LocalValue>
   <Feature ID="47567">
    <Measure ID="29" Sign="">
     <Signs/>
    </Measure>
    <Name ID="9063902" langid="1" Value="Neural processor unit (NPU)"/>
   </Feature>
  </ProductFeature>
  <ProductFeature Localized="0" ID="773379156" Local_ID="0" Value="20" CategoryFeature_ID="950628" CategoryFeatureGroup_ID="78570" No="100016" Optional="0" Presentation_Value="20 TOPs" Translated="0" Mandatory="0" Searchable="0">
   <LocalValue Value="20">
    <Measure ID="496">
     <Signs>
      <Sign ID="58091" langid="1"><![CDATA[TOPs]]></Sign>
     </Signs>
    </Measure>
   </LocalValue>
   <Feature ID="47565">
    <Measure ID="496" Sign="">
     <Signs>
      <Sign ID="58091" langid="1"><![CDATA[TOPs]]></Sign>
     </Signs>
    </Measure>
    <Name ID="9063744" langid="1" Value="NPU performance up to"/>
   </Feature>
  </ProductFeature>
  <ProductFeature Localized="0" ID="773034949" Local_ID="0" Value="12" CategoryFeature_ID="73764" CategoryFeatureGroup_ID="832" No="10100090" Optional="0" Presentation_Value="12 GB" Translated="0" Mandatory="1" Searchable="1">
   <LocalValue Value="12">
    <Measure ID="20">
     <Signs>
      <Sign ID="7" langid="1"><![CDATA[GB]]></Sign>
     </Signs>
    </Measure>
   </LocalValue>
   <Feature ID="11381">
    <Measure ID="20" Sign="">
     <Signs>
      <Sign ID="7" langid="1"><![CDATA[GB]]></Sign>
     </Signs>
    </Measure>
    <Name ID="1036616" langid="1" Value="Internal memory"/>
   </Feature>
  </ProductFeature>
  <ProductFeature Localized="0" ID="773034940" Local_ID="0" Value="LPDDR5x-SDRAM" CategoryFeature_ID="34327" CategoryFeatureGroup_ID="832" No="100038" Optional="0" Presentation_Value="LPDDR5x-SDRAM" Translated="0" Mandatory="0" Searchable="0">
   <LocalValue Value="LPDDR5x-SDRAM">
    <Measure ID="29">
     <Signs/>
    </Measure>
   </LocalValue>
   <Feature ID="427">
    <Measure ID="29" Sign="">
     <Signs/>
    </Measure>
    <Name ID="2221" langid="1" Value="Internal memory type"/>
   </Feature>
  </ProductFeature>
  <ProductFeature Localized="0" ID="773034933" Local_ID="0" Value="256" CategoryFeature_ID="71618" CategoryFeatureGroup_ID="4142" No="10100402" Optional="0" Presentation_Value="256 GB" Translated="0" Mandatory="1" Searchable="1">
   <LocalValue Value="256">
    <Measure ID="20">
     <Signs>
      <Sign ID="7" langid="1"><![CDATA[GB]]></Sign>
     </Signs>
    </Measure>
   </LocalValue>
   <Feature ID="8730">
    <Measure ID="20" Sign="">
     <Signs>
      <Sign ID="7" langid="1"><![CDATA[GB]]></Sign>
     </Signs>
    </Measure>
    <Name ID="734192" langid="1" Value="Internal storage capacity"/>
   </Feature>
  </ProductFeature>
  <ProductFeature Localized="0" ID="773034981" Local_ID="0" Value="N" CategoryFeature_ID="21005" CategoryFeatureGroup_ID="4142" No="10100020" Optional="0" Presentation_Value="No" Translated="1" Mandatory="1" Searchable="1">
   <LocalValue Value="No">
    <Measure ID="26">
     <Signs/>
    </Measure>
   </LocalValue>
   <Feature ID="3374">
    <Measure ID="26" Sign="">
     <Signs/>
    </Measure>
    <Name ID="32254" langid="1" Value="Card reader integrated"/>
   </Feature>
  </ProductFeature>
  <ProductFeature Localized="0" ID="773034937" Local_ID="0" Value="UFS" CategoryFeature_ID="105669" CategoryFeatureGroup_ID="4142" No="100005" Optional="0" Presentation_Value="UFS" Translated="0" Mandatory="1" Searchable="0">
   <LocalValue Value="UFS">
    <Measure ID="29">
     <Signs/>
    </Measure>
   </LocalValue>
   <Feature ID="11441">
    <Measure ID="29" Sign="">
     <Signs/>
    </Measure>
    <Name ID="1046575" langid="1" Value="Storage media"/>
   </Feature>
  </ProductFeature>
  <ProductFeature Localized="0" ID="773379148" Local_ID="0" Value="Adreno" CategoryFeature_ID="46082" CategoryFeatureGroup_ID="8329" No="100040" Optional="0" Presentation_Value="Adreno" Translated="0" Mandatory="0" Searchable="0">
   <LocalValue Value="Adreno">
    <Measure ID="29">
     <Signs/>
    </Measure>
   </LocalValue>
   <Feature ID="7490">
    <Measure ID="29" Sign="">
     <Signs/>
    </Measure>
    <Name ID="565525" langid="1" Value="Graphics card family"/>
   </Feature>
  </ProductFeature>
  <ProductFeature Localized="0" ID="773379107" Local_ID="0" Value="Adreno GPU" CategoryFeature_ID="16583" CategoryFeatureGroup_ID="8329" No="100018" Optional="0" Presentation_Value="Adreno GPU" Translated="0" Mandatory="0" Searchable="0">
   <LocalValue Value="Adreno GPU">
    <Measure ID="29">
     <Signs/>
    </Measure>
   </LocalValue>
   <Feature ID="614">
    <Measure ID="29" Sign="">
     <Signs/>
    </Measure>
    <Name ID="2759" langid="1" Value="Graphics card"/>
   </Feature>
  </ProductFeature>
  <ProductFeature Localized="0" ID="773034943" Local_ID="0" Value="2" CategoryFeature_ID="20063" CategoryFeatureGroup_ID="846" No="100019" Optional="0" Presentation_Value="2" Translated="0" Mandatory="0" Searchable="0">
   <LocalValue Value="2">
    <Measure ID="29">
     <Signs/>
    </Measure>
   </LocalValue>
   <Feature ID="1851">
    <Measure ID="29" Sign="">
     <Signs/>
    </Measure>
    <Name ID="5703" langid="1" Value="Number of built-in speakers"/>
   </Feature>
  </ProductFeature>
  <ProductFeature Localized="0" ID="773034977" Local_ID="0" Value="Dual camera" CategoryFeature_ID="331455" CategoryFeatureGroup_ID="4346" No="10100100" Optional="0" Presentation_Value="Dual camera" Translated="1" Mandatory="1" Searchable="1">
   <LocalValue Value="Dual camera">
    <Measure ID="29">
     <Signs/>
    </Measure>
   </LocalValue>
   <Feature ID="27587">
    <Measure ID="29" Sign="">
     <Signs/>
    </Measure>
    <Name ID="2433206" langid="1" Value="Rear camera type"/>
   </Feature>
  </ProductFeature>
  <ProductFeature Localized="0" ID="773034974" Local_ID="0" Value="13" CategoryFeature_ID="80813" CategoryFeatureGroup_ID="4346" No="100090" Optional="0" Presentation_Value="13 MP" Translated="0" Mandatory="1" Searchable="0">
   <LocalValue Value="13">
    <Measure ID="165">
     <Signs>
      <Sign ID="3126" langid="1"><![CDATA[MP]]></Sign>
     </Signs>
    </Measure>
   </LocalValue>
   <Feature ID="12435">
    <Measure ID="165" Sign="">
     <Signs>
      <Sign ID="3126" langid="1"><![CDATA[MP]]></Sign>
     </Signs>
    </Measure>
    <Name ID="1089247" langid="1" Value="Rear camera resolution (numeric)"/>
   </Feature>
  </ProductFeature>
  <ProductFeature Localized="0" ID="773034955" Local_ID="0" Value="Y" CategoryFeature_ID="80815" CategoryFeatureGroup_ID="4346" No="100022" Optional="0" Presentation_Value="Yes" Translated="1" Mandatory="1" Searchable="0">
   <LocalValue Value="Yes">
    <Measure ID="26">
     <Signs/>
    </Measure>
   </LocalValue>
   <Feature ID="12436">
    <Measure ID="26" Sign="">
     <Signs/>
    </Measure>
    <Name ID="1089291" langid="1" Value="Front camera"/>
   </Feature>
  </ProductFeature>
  <ProductFeature Localized="0" ID="773034967" Local_ID="0" Value="2" CategoryFeature_ID="331423" CategoryFeatureGroup_ID="4346" No="100085" Optional="0" Presentation_Value="2 MP" Translated="0" Mandatory="0" Searchable="0">
   <LocalValue Value="2">
    <Measure ID="165">
     <Signs>
      <Sign ID="3126" langid="1"><![CDATA[MP]]></Sign>
     </Signs>
    </Measure>
   </LocalValue>
   <Feature ID="27588">
    <Measure ID="165" Sign="">
     <Signs>
      <Sign ID="3126" langid="1"><![CDATA[MP]]></Sign>
     </Signs>
    </Measure>
    <Name ID="2433257" langid="1" Value="Second rear camera resolution (numeric)"/>
   </Feature>
  </ProductFeature>
  <ProductFeature Localized="0" ID="773034961" Local_ID="0" Value="8" CategoryFeature_ID="80816" CategoryFeatureGroup_ID="4346" No="100021" Optional="0" Presentation_Value="8 MP" Translated="0" Mandatory="0" Searchable="0">
   <LocalValue Value="8">
    <Measure ID="165">
     <Signs>
      <Sign ID="3126" langid="1"><![CDATA[MP]]></Sign>
     </Signs>
    </Measure>
   </LocalValue>
   <Feature ID="12437">
    <Measure ID="165" Sign="">
     <Signs>
      <Sign ID="3126" langid="1"><![CDATA[MP]]></Sign>
     </Signs>
    </Measure>
    <Name ID="1089335" langid="1" Value="Front camera resolution (numeric)"/>
   </Feature>
  </ProductFeature>
  <ProductFeature Localized="0" ID="773034946" Local_ID="0" Value="N" CategoryFeature_ID="328664" CategoryFeatureGroup_ID="2678" No="10100410" Optional="0" Presentation_Value="No" Translated="1" Mandatory="1" Searchable="1">
   <LocalValue Value="No">
    <Measure ID="26">
     <Signs/>
    </Measure>
   </LocalValue>
   <Feature ID="24557">
    <Measure ID="26" Sign="">
     <Signs/>
    </Measure>
    <Name ID="2025856" langid="1" Value="Mobile network connection"/>
   </Feature>
  </ProductFeature>
  <ProductFeature Localized="0" ID="773034956" Local_ID="0" Value="Wi-Fi 7 (802.11be)" CategoryFeature_ID="169236" CategoryFeatureGroup_ID="2678" No="100085" Optional="0" Presentation_Value="Wi-Fi 7 (802.11be)" Translated="0" Mandatory="1" Searchable="0">
   <LocalValue Value="Wi-Fi 7 (802.11be)">
    <Measure ID="29">
     <Signs/>
    </Measure>
   </LocalValue>
   <Feature ID="24993">
    <Measure ID="29" Sign="">
     <Signs/>
    </Measure>
    <Name ID="2105805" langid="1" Value="Top Wi-Fi standard"/>
   </Feature>
  </ProductFeature>
  <ProductFeature Localized="0" ID="826125210" Local_ID="0" Value="Not supported" CategoryFeature_ID="328665" CategoryFeatureGroup_ID="2678" No="10100405" Optional="0" Presentation_Value="Not supported" Translated="1" Mandatory="0" Searchable="0">
   <LocalValue Value="Not supported">
    <Measure ID="29">
     <Signs/>
    </Measure>
   </LocalValue>
   <Feature ID="40629">
    <Measure ID="29" Sign="">
     <Signs/>
    </Measure>
    <Name ID="5941610" langid="1" Value="Mobile network generation"/>
   </Feature>
  </ProductFeature>
  <ProductFeature Localized="0" ID="773034942" Local_ID="0" Value="Y" CategoryFeature_ID="21000" CategoryFeatureGroup_ID="2678" No="100300" Optional="0" Presentation_Value="Yes" Translated="1" Mandatory="0" Searchable="0">
   <LocalValue Value="Yes">
    <Measure ID="26">
     <Signs/>
    </Measure>
   </LocalValue>
   <Feature ID="2183">
    <Measure ID="26" Sign="">
     <Signs/>
    </Measure>
    <Name ID="11148" langid="1" Value="Bluetooth"/>
   </Feature>
  </ProductFeature>
  <ProductFeature Localized="0" ID="773034953" Local_ID="0" Value="5.4" CategoryFeature_ID="21001" CategoryFeatureGroup_ID="2678" No="100299" Optional="0" Presentation_Value="5.4" Translated="0" Mandatory="0" Searchable="0">
   <LocalValue Value="5.4">
    <Measure ID="29">
     <Signs/>
    </Measure>
   </LocalValue>
   <Feature ID="1208">
    <Measure ID="29" Sign="">
     <Signs/>
    </Measure>
    <Name ID="3957" langid="1" Value="Bluetooth version"/>
   </Feature>
  </ProductFeature>
  <ProductFeature Localized="0" ID="773034945" Local_ID="0" Value="Wi-Fi 7 (802.11be)" CategoryFeature_ID="50074" CategoryFeatureGroup_ID="2678" No="100049" Optional="0" Presentation_Value="Wi-Fi 7 (802.11be)" Translated="0" Mandatory="0" Searchable="0">
   <LocalValue Value="Wi-Fi 7 (802.11be)">
    <Measure ID="29">
     <Signs/>
    </Measure>
   </LocalValue>
   <Feature ID="432">
    <Measure ID="29" Sign="">
     <Signs/>
    </Measure>
    <Name ID="2231" langid="1" Value="Wi-Fi standards"/>
   </Feature>
  </ProductFeature>
  <ProductFeature Localized="0" ID="773034960" Local_ID="0" Value="Not installed" CategoryFeature_ID="89646" CategoryFeatureGroup_ID="2678" No="100000" Optional="0" Presentation_Value="Not installed" Translated="1" Mandatory="0" Searchable="0">
   <LocalValue Value="Not installed">
    <Measure ID="29">
     <Signs/>
    </Measure>
   </LocalValue>
   <Feature ID="7481">
    <Measure ID="29" Sign="">
     <Signs/>
    </Measure>
    <Name ID="565184" langid="1" Value="WWAN"/>
   </Feature>
  </ProductFeature>
  <ProductFeature Localized="0" ID="773034959" Local_ID="0" Value="1" CategoryFeature_ID="258698" CategoryFeatureGroup_ID="847" No="100080" Optional="0" Presentation_Value="1" Translated="0" Mandatory="0" Searchable="0">
   <LocalValue Value="1">
    <Measure ID="29">
     <Signs/>
    </Measure>
   </LocalValue>
   <Feature ID="36228">
    <Measure ID="29" Sign="">
     <Signs/>
    </Measure>
    <Name ID="4104098" langid="1" Value="USB 2.0 Type-C ports quantity"/>
   </Feature>
  </ProductFeature>
  <ProductFeature Localized="0" ID="773034948" Local_ID="0" Value="1" CategoryFeature_ID="248286" CategoryFeatureGroup_ID="847" No="100077" Optional="0" Presentation_Value="1" Translated="0" Mandatory="0" Searchable="0">
   <LocalValue Value="1">
    <Measure ID="29">
     <Signs/>
    </Measure>
   </LocalValue>
   <Feature ID="22704">
    <Measure ID="29" Sign="">
     <Signs/>
    </Measure>
    <Name ID="1791758" langid="1" Value="USB 3.2 Gen 2 (3.1 Gen 2) Type-C ports quantity"/>
   </Feature>
  </ProductFeature>
  <ProductFeature Localized="0" ID="773379123" Local_ID="0" Value="Slate" CategoryFeature_ID="7141" CategoryFeatureGroup_ID="10998" No="10100100" Optional="0" Presentation_Value="Slate" Translated="1" Mandatory="1" Searchable="1">
   <LocalValue Value="Slate">
    <Measure ID="29">
     <Signs/>
    </Measure>
   </LocalValue>
   <Feature ID="771">
    <Measure ID="29" Sign="">
     <Signs/>
    </Measure>
    <Name ID="3073" langid="1" Value="Form factor"/>
   </Feature>
  </ProductFeature>
  <ProductFeature Localized="0" ID="773034985" Local_ID="0" Value="Black" CategoryFeature_ID="35294" CategoryFeatureGroup_ID="10998" No="10100001" Optional="0" Presentation_Value="Black" Translated="1" Mandatory="1" Searchable="1">
   <LocalValue Value="Black">
    <Measure ID="29">
     <Signs/>
    </Measure>
   </LocalValue>
   <Feature ID="1766">
    <Measure ID="29" Sign="">
     <Signs/>
    </Measure>
    <Name ID="5487" langid="1" Value="Product colour"/>
   </Feature>
  </ProductFeature>
  <ProductFeature Localized="0" ID="773034976" Local_ID="0" Value="Mobile tablet" CategoryFeature_ID="95720" CategoryFeatureGroup_ID="10998" No="100500" Optional="0" Presentation_Value="Mobile tablet" Translated="1" Mandatory="1" Searchable="0">
   <LocalValue Value="Mobile tablet">
    <Measure ID="29">
     <Signs/>
    </Measure>
   </LocalValue>
   <Feature ID="2328">
    <Measure ID="29" Sign="">
     <Signs/>
    </Measure>
    <Name ID="12024" langid="1" Value="Device type"/>
   </Feature>
  </ProductFeature>
  <ProductFeature Localized="0" ID="773034978" Local_ID="0" Value="Eclipse Black" CategoryFeature_ID="270481" CategoryFeatureGroup_ID="10998" No="100600" Optional="0" Presentation_Value="Eclipse Black" Translated="0" Mandatory="0" Searchable="0">
   <LocalValue Value="Eclipse Black">
    <Measure ID="29">
     <Signs/>
    </Measure>
   </LocalValue>
   <Feature ID="17956">
    <Measure ID="29" Sign="">
     <Signs/>
    </Measure>
    <Name ID="1296400" langid="1" Value="Colour name"/>
   </Feature>
  </ProductFeature>
  <ProductFeature Localized="0" ID="773034969" Local_ID="0" Value="N" CategoryFeature_ID="166075" CategoryFeatureGroup_ID="11000" No="10100000" Optional="0" Presentation_Value="No" Translated="1" Mandatory="1" Searchable="1">
   <LocalValue Value="No">
    <Measure ID="26">
     <Signs/>
    </Measure>
   </LocalValue>
   <Feature ID="26425">
    <Measure ID="26" Sign="">
     <Signs/>
    </Measure>
    <Name ID="2268247" langid="1" Value="Position location"/>
   </Feature>
  </ProductFeature>
  <ProductFeature Localized="0" ID="773034970" Local_ID="0" Value="N" CategoryFeature_ID="54330" CategoryFeatureGroup_ID="11000" No="100110" Optional="0" Presentation_Value="No" Translated="1" Mandatory="1" Searchable="0">
   <LocalValue Value="No">
    <Measure ID="26">
     <Signs/>
    </Measure>
   </LocalValue>
   <Feature ID="6623">
    <Measure ID="26" Sign="">
     <Signs/>
    </Measure>
    <Name ID="241402" langid="1" Value="Assisted GPS (A-GPS)"/>
   </Feature>
  </ProductFeature>
  <ProductFeature Localized="0" ID="773034965" Local_ID="0" Value="Y" CategoryFeature_ID="57378" CategoryFeatureGroup_ID="11000" No="100020" Optional="0" Presentation_Value="Yes" Translated="1" Mandatory="0" Searchable="0">
   <LocalValue Value="Yes">
    <Measure ID="26">
     <Signs/>
    </Measure>
   </LocalValue>
   <Feature ID="9731">
    <Measure ID="26" Sign="">
     <Signs/>
    </Measure>
    <Name ID="811310" langid="1" Value="Accelerometer"/>
   </Feature>
  </ProductFeature>
  <ProductFeature Localized="0" ID="773034982" Local_ID="0" Value="Y" CategoryFeature_ID="56973" CategoryFeatureGroup_ID="11000" No="100018" Optional="0" Presentation_Value="Yes" Translated="1" Mandatory="0" Searchable="0">
   <LocalValue Value="Yes">
    <Measure ID="26">
     <Signs/>
    </Measure>
   </LocalValue>
   <Feature ID="8720">
    <Measure ID="26" Sign="">
     <Signs/>
    </Measure>
    <Name ID="733782" langid="1" Value="Ambient light sensor"/>
   </Feature>
  </ProductFeature>
  <ProductFeature Localized="0" ID="773034962" Local_ID="0" Value="Y" CategoryFeature_ID="57379" CategoryFeatureGroup_ID="11000" No="100016" Optional="0" Presentation_Value="Yes" Translated="1" Mandatory="0" Searchable="0">
   <LocalValue Value="Yes">
    <Measure ID="26">
     <Signs/>
    </Measure>
   </LocalValue>
   <Feature ID="9732">
    <Measure ID="26" Sign="">
     <Signs/>
    </Measure>
    <Name ID="811351" langid="1" Value="Gyroscope"/>
   </Feature>
  </ProductFeature>
  <ProductFeature Localized="0" ID="773034975" Local_ID="0" Value="Y" CategoryFeature_ID="57790" CategoryFeatureGroup_ID="11000" No="100009" Optional="0" Presentation_Value="Yes" Translated="1" Mandatory="0" Searchable="0">
   <LocalValue Value="Yes">
    <Measure ID="26">
     <Signs/>
    </Measure>
   </LocalValue>
   <Feature ID="8698">
    <Measure ID="26" Sign="">
     <Signs/>
    </Measure>
    <Name ID="730603" langid="1" Value="Proximity sensor"/>
   </Feature>
  </ProductFeature>
  <ProductFeature Localized="0" ID="773034968" Local_ID="0" Value="Y" CategoryFeature_ID="903469" CategoryFeatureGroup_ID="11000" No="100008" Optional="0" Presentation_Value="Yes" Translated="1" Mandatory="0" Searchable="0">
   <LocalValue Value="Yes">
    <Measure ID="26">
     <Signs/>
    </Measure>
   </LocalValue>
   <Feature ID="38333">
    <Measure ID="26" Sign="">
     <Signs/>
    </Measure>
    <Name ID="5267222" langid="1" Value="Hall sensor"/>
   </Feature>
  </ProductFeature>
  <ProductFeature Localized="0" ID="773034973" Local_ID="0" Value="Android" CategoryFeature_ID="164597" CategoryFeatureGroup_ID="12019" No="10100101" Optional="0" Presentation_Value="Android" Translated="1" Mandatory="1" Searchable="1">
   <LocalValue Value="Android">
    <Measure ID="29">
     <Signs/>
    </Measure>
   </LocalValue>
   <Feature ID="75">
    <Measure ID="29" Sign="">
     <Signs/>
    </Measure>
    <Name ID="1487" langid="1" Value="Platform"/>
   </Feature>
  </ProductFeature>
  <ProductFeature Localized="0" ID="773034983" Local_ID="0" Value="Android 14" CategoryFeature_ID="20706" CategoryFeatureGroup_ID="12019" No="10100084" Optional="0" Presentation_Value="Android 14" Translated="0" Mandatory="1" Searchable="1">
   <LocalValue Value="Android 14">
    <Measure ID="29">
     <Signs/>
    </Measure>
   </LocalValue>
   <Feature ID="3233">
    <Measure ID="29" Sign="">
     <Signs/>
    </Measure>
    <Name ID="30700" langid="1" Value="Operating system installed"/>
   </Feature>
  </ProductFeature>
  <ProductFeature Localized="0" ID="773379102" Local_ID="0" Value="Lithium-Ion (Li-Ion)" CategoryFeature_ID="7140" CategoryFeatureGroup_ID="7821" No="100050" Optional="0" Presentation_Value="Lithium-Ion (Li-Ion)" Translated="1" Mandatory="1" Searchable="0">
   <LocalValue Value="Lithium-Ion (Li-Ion)">
    <Measure ID="29">
     <Signs/>
    </Measure>
   </LocalValue>
   <Feature ID="434">
    <Measure ID="29" Sign="">
     <Signs/>
    </Measure>
    <Name ID="2235" langid="1" Value="Battery technology"/>
   </Feature>
  </ProductFeature>
  <ProductFeature Localized="0" ID="773034980" Local_ID="0" Value="6550" CategoryFeature_ID="34247" CategoryFeatureGroup_ID="7821" No="100048" Optional="0" Presentation_Value="6550 mAh" Translated="0" Mandatory="1" Searchable="0">
   <LocalValue Value="6550">
    <Measure ID="51">
     <Signs>
      <Sign ID="35" langid="1"><![CDATA[mAh]]></Sign>
     </Signs>
    </Measure>
   </LocalValue>
   <Feature ID="909">
    <Measure ID="51" Sign="">
     <Signs>
      <Sign ID="35" langid="1"><![CDATA[mAh]]></Sign>
     </Signs>
    </Measure>
    <Name ID="3359" langid="1" Value="Battery capacity"/>
   </Feature>
  </ProductFeature>
  <ProductFeature Localized="0" ID="773034964" Local_ID="0" Value="Y" CategoryFeature_ID="904572" CategoryFeatureGroup_ID="7821" No="100055" Optional="0" Presentation_Value="Yes" Translated="1" Mandatory="0" Searchable="0">
   <LocalValue Value="Yes">
    <Measure ID="26">
     <Signs/>
    </Measure>
   </LocalValue>
   <Feature ID="24055">
    <Measure ID="26" Sign="">
     <Signs/>
    </Measure>
    <Name ID="1986223" langid="1" Value="Battery included"/>
   </Feature>
  </ProductFeature>
  <ProductFeature Localized="0" ID="773034944" Local_ID="0" Value="Y" CategoryFeature_ID="974881" CategoryFeatureGroup_ID="849" No="100000" Optional="0" Presentation_Value="Yes" Translated="1" Mandatory="1" Searchable="0">
   <LocalValue Value="Yes">
    <Measure ID="26">
     <Signs/>
    </Measure>
   </LocalValue>
   <Feature ID="48505">
    <Measure ID="26" Sign="">
     <Signs/>
    </Measure>
    <Name ID="9200571" langid="1" Value="USB Type-C charging port"/>
   </Feature>
  </ProductFeature>
  <ProductFeature Localized="0" ID="773379130" Local_ID="0" Value="100 - 240" CategoryFeature_ID="31232" CategoryFeatureGroup_ID="849" No="100045" Optional="0" Presentation_Value="100 - 240 V" Translated="0" Mandatory="0" Searchable="0">
   <LocalValue Value="100 - 240">
    <Measure ID="42">
     <Signs>
      <Sign ID="26" langid="1"><![CDATA[V]]></Sign>
     </Signs>
    </Measure>
   </LocalValue>
   <Feature ID="902">
    <Measure ID="42" Sign="">
     <Signs>
      <Sign ID="26" langid="1"><![CDATA[V]]></Sign>
     </Signs>
    </Measure>
    <Name ID="3345" langid="1" Value="AC adapter input voltage"/>
   </Feature>
  </ProductFeature>
  <ProductFeature Localized="0" ID="773379135" Local_ID="0" Value="50 - 60" CategoryFeature_ID="31231" CategoryFeatureGroup_ID="849" No="100040" Optional="0" Presentation_Value="50 - 60 Hz" Translated="0" Mandatory="0" Searchable="0">
   <LocalValue Value="50 - 60">
    <Measure ID="36">
     <Signs>
      <Sign ID="20" langid="1"><![CDATA[Hz]]></Sign>
     </Signs>
    </Measure>
   </LocalValue>
   <Feature ID="903">
    <Measure ID="36" Sign="">
     <Signs>
      <Sign ID="20" langid="1"><![CDATA[Hz]]></Sign>
     </Signs>
    </Measure>
    <Name ID="3347" langid="1" Value="AC adapter frequency"/>
   </Feature>
  </ProductFeature>
  <ProductFeature Localized="0" ID="835262506" Local_ID="0" Value="D" CategoryFeature_ID="1088508" CategoryFeatureGroup_ID="82701" No="100050" Optional="0" Presentation_Value="D" Translated="1" Mandatory="1" Searchable="0">
   <LocalValue Value="D">
    <Measure ID="29">
     <Signs/>
    </Measure>
   </LocalValue>
   <Feature ID="2705">
    <Measure ID="29" Sign="">
     <Signs/>
    </Measure>
    <Name ID="13683" langid="1" Value="Energy efficiency class"/>
   </Feature>
  </ProductFeature>
  <ProductFeature Localized="0" ID="835262796" Local_ID="0" Value="6232" CategoryFeature_ID="1088510" CategoryFeatureGroup_ID="82701" No="100046" Optional="0" Presentation_Value="6232 min" Translated="0" Mandatory="1" Searchable="0">
   <LocalValue Value="6232">
    <Measure ID="66">
     <Signs>
      <Sign ID="49" langid="1"><![CDATA[min]]></Sign>
     </Signs>
    </Measure>
   </LocalValue>
   <Feature ID="49427">
    <Measure ID="66" Sign="">
     <Signs>
      <Sign ID="49" langid="1"><![CDATA[min]]></Sign>
     </Signs>
    </Measure>
    <Name ID="9437517" langid="1" Value="Battery endurance per cycle"/>
   </Feature>
  </ProductFeature>
  <ProductFeature Localized="0" ID="835262694" Local_ID="0" Value="1000" CategoryFeature_ID="1088511" CategoryFeatureGroup_ID="82701" No="100044" Optional="0" Presentation_Value="1000" Translated="0" Mandatory="1" Searchable="0">
   <LocalValue Value="1000">
    <Measure ID="29">
     <Signs/>
    </Measure>
   </LocalValue>
   <Feature ID="49429">
    <Measure ID="29" Sign="">
     <Signs/>
    </Measure>
    <Name ID="9437677" langid="1" Value="Battery endurance in cycles"/>
   </Feature>
  </ProductFeature>
  <ProductFeature Localized="0" ID="835262913" Local_ID="0" Value="E" CategoryFeature_ID="1088512" CategoryFeatureGroup_ID="82701" No="100042" Optional="0" Presentation_Value="E" Translated="1" Mandatory="1" Searchable="0">
   <LocalValue Value="E">
    <Measure ID="29">
     <Signs/>
    </Measure>
   </LocalValue>
   <Feature ID="49428">
    <Measure ID="29" Sign="">
     <Signs/>
    </Measure>
    <Name ID="9437597" langid="1" Value="Repeated free fall reliability class"/>
   </Feature>
  </ProductFeature>
  <ProductFeature Localized="0" ID="835262914" Local_ID="0" Value="B" CategoryFeature_ID="1088513" CategoryFeatureGroup_ID="82701" No="100040" Optional="0" Presentation_Value="B" Translated="1" Mandatory="1" Searchable="0">
   <LocalValue Value="B">
    <Measure ID="29">
     <Signs/>
    </Measure>
   </LocalValue>
   <Feature ID="49430">
    <Measure ID="29" Sign="">
     <Signs/>
    </Measure>
    <Name ID="9437757" langid="1" Value="Repairability class"/>
   </Feature>
  </ProductFeature>
  <ProductFeature Localized="0" ID="835262905" Local_ID="0" Value="IP52" CategoryFeature_ID="122419" CategoryFeatureGroup_ID="82701" No="100038" Optional="0" Presentation_Value="IP52" Translated="0" Mandatory="1" Searchable="0">
   <LocalValue Value="IP52">
    <Measure ID="29">
     <Signs/>
    </Measure>
   </LocalValue>
   <Feature ID="7900">
    <Measure ID="29" Sign="">
     <Signs/>
    </Measure>
    <Name ID="610776" langid="1" Value="International Protection (IP) code"/>
   </Feature>
  </ProductFeature>
  <ProductFeature Localized="0" ID="835262510" Local_ID="0" Value="A to G" CategoryFeature_ID="1088509" CategoryFeatureGroup_ID="82701" No="100048" Optional="0" Presentation_Value="A to G" Translated="1" Mandatory="0" Searchable="0">
   <LocalValue Value="A to G">
    <Measure ID="29">
     <Signs/>
    </Measure>
   </LocalValue>
   <Feature ID="39201">
    <Measure ID="29" Sign="">
     <Signs/>
    </Measure>
    <Name ID="5585488" langid="1" Value="Energy efficiency scale"/>
   </Feature>
  </ProductFeature>
  <ProductFeature Localized="0" ID="773034986" Local_ID="0" Value="208.54" CategoryFeature_ID="21002" CategoryFeatureGroup_ID="848" No="100010" Optional="0" Presentation_Value="208.5 mm" Translated="0" Mandatory="0" Searchable="0">
   <LocalValue Value="208.5">
    <Measure ID="24">
     <Signs>
      <Sign ID="3" langid="1"><![CDATA[mm]]></Sign>
     </Signs>
    </Measure>
   </LocalValue>
   <Feature ID="1649">
    <Measure ID="24" Sign="">
     <Signs>
      <Sign ID="3" langid="1"><![CDATA[mm]]></Sign>
     </Signs>
    </Measure>
    <Name ID="5143" langid="1" Value="Width"/>
   </Feature>
  </ProductFeature>
  <ProductFeature Localized="0" ID="773034972" Local_ID="0" Value="129.46" CategoryFeature_ID="21003" CategoryFeatureGroup_ID="848" No="100009" Optional="0" Presentation_Value="129.5 mm" Translated="0" Mandatory="0" Searchable="0">
   <LocalValue Value="129.5">
    <Measure ID="24">
     <Signs>
      <Sign ID="3" langid="1"><![CDATA[mm]]></Sign>
     </Signs>
    </Measure>
   </LocalValue>
   <Feature ID="1650">
    <Measure ID="24" Sign="">
     <Signs>
      <Sign ID="3" langid="1"><![CDATA[mm]]></Sign>
     </Signs>
    </Measure>
    <Name ID="5145" langid="1" Value="Depth"/>
   </Feature>
  </ProductFeature>
  <ProductFeature Localized="0" ID="773034979" Local_ID="0" Value="7.79" CategoryFeature_ID="21004" CategoryFeatureGroup_ID="848" No="100007" Optional="0" Presentation_Value="7.79 mm" Translated="0" Mandatory="0" Searchable="0">
   <LocalValue Value="7.79">
    <Measure ID="24">
     <Signs>
      <Sign ID="3" langid="1"><![CDATA[mm]]></Sign>
     </Signs>
    </Measure>
   </LocalValue>
   <Feature ID="1464">
    <Measure ID="24" Sign="">
     <Signs>
      <Sign ID="3" langid="1"><![CDATA[mm]]></Sign>
     </Signs>
    </Measure>
    <Name ID="4625" langid="1" Value="Height"/>
   </Feature>
  </ProductFeature>
  <ProductFeature Localized="0" ID="773034966" Local_ID="0" Value="350" CategoryFeature_ID="12812" CategoryFeatureGroup_ID="848" No="100004" Optional="0" Presentation_Value="350 g" Translated="0" Mandatory="0" Searchable="0">
   <LocalValue Value="350">
    <Measure ID="38">
     <Signs>
      <Sign ID="22" langid="1"><![CDATA[g]]></Sign>
     </Signs>
    </Measure>
   </LocalValue>
   <Feature ID="94">
    <Measure ID="38" Sign="">
     <Signs>
      <Sign ID="22" langid="1"><![CDATA[g]]></Sign>
     </Signs>
    </Measure>
    <Name ID="1525" langid="1" Value="Weight"/>
   </Feature>
  </ProductFeature>
  <ProductFeature Localized="0" ID="773034963" Local_ID="0" Value="N" CategoryFeature_ID="57785" CategoryFeatureGroup_ID="6516" No="100010" Optional="0" Presentation_Value="No" Translated="1" Mandatory="1" Searchable="0">
   <LocalValue Value="No">
    <Measure ID="26">
     <Signs/>
    </Measure>
   </LocalValue>
   <Feature ID="1230">
    <Measure ID="26" Sign="">
     <Signs/>
    </Measure>
    <Name ID="4001" langid="1" Value="AC adapter included"/>
   </Feature>
  </ProductFeature>
  <ProductFeature Localized="0" ID="773034984" Local_ID="0" Value="ENERGY STAR,RoHS" CategoryFeature_ID="34269" CategoryFeatureGroup_ID="41361" No="99900" Optional="0" Presentation_Value="ENERGY STAR,RoHS" Translated="0" Mandatory="0" Searchable="0">
   <LocalValue Value="ENERGY STAR,RoHS">
    <Measure ID="29">
     <Signs/>
    </Measure>
   </LocalValue>
   <Feature ID="249">
    <Measure ID="29" Sign="">
     <Signs/>
    </Measure>
    <Name ID="1865" langid="1" Value="Certification"/>
   </Feature>
  </ProductFeature>
  <ProductFeature Localized="0" ID="773379141" Local_ID="0" Value="0 - 40" CategoryFeature_ID="7146" CategoryFeatureGroup_ID="850" No="100050" Optional="0" Presentation_Value="0 - 40 °C" Translated="0" Mandatory="0" Searchable="0">
   <LocalValue Value="0 - 40">
    <Measure ID="65">
     <Signs>
      <Sign ID="48" langid="1"><![CDATA[°C]]></Sign>
     </Signs>
    </Measure>
   </LocalValue>
   <Feature ID="1112">
    <Measure ID="65" Sign="">
     <Signs>
      <Sign ID="48" langid="1"><![CDATA[°C]]></Sign>
     </Signs>
    </Measure>
    <Name ID="3765" langid="1" Value="Operating temperature (T-T)"/>
   </Feature>
  </ProductFeature>
  <ProductFeature Localized="0" ID="773379114" Local_ID="0" Value="0 - 95" CategoryFeature_ID="7145" CategoryFeatureGroup_ID="850" No="100043" Optional="0" Presentation_Value="0 - 95%" Translated="0" Mandatory="0" Searchable="0">
   <LocalValue Value="0 - 95">
    <Measure ID="64">
     <Signs>
      <Sign ID="47" langid="1"><![CDATA[%]]></Sign>
     </Signs>
    </Measure>
   </LocalValue>
   <Feature ID="703">
    <Measure ID="64" Sign="">
     <Signs>
      <Sign ID="47" langid="1"><![CDATA[%]]></Sign>
     </Signs>
    </Measure>
    <Name ID="2937" langid="1" Value="Operating relative humidity (H-H)"/>
   </Feature>
  </ProductFeature>
  <ProductGallery>
   <ProductPicture IsMain="Y" LowPic="https://images.icecat.biz/img/gallery_lows/2184fa44742cdc32bcaf28b885c8b3277389015f.jpg" LowPicHeight="200" LowPicWidth="200" LowSize="14742" No="1" Original="https://images.icecat.biz/img/gallery_raw/a3e37dcf4b1029aa6cea8064f0e16d2aff8b9553.png" OriginalSize="1858164" Pic="https://images.icecat.biz/img/gallery/e6fd3029c2a6e99d101d9b28fa6e71ac98a58738.jpg" Pic500x500="https://images.icecat.biz/img/gallery_mediums/2abab4be6e15726635368298a510b11d619a57a6.jpg" Pic500x500Height="500" Pic500x500Size="73607" Pic500x500Width="500" PicHeight="2000" PicWidth="2000" ProductPicture_ID="113579330" Size="858539" ThumbPic="https://images.icecat.biz/img/gallery_thumbs/c10919867d40144ef4d70528ed02d71062b094d8.jpg" ThumbSize="3742" Type="ProductImage" UpdatedDate="2025-08-12 18:59:36"/>
   <ProductPicture LowPic="https://images.icecat.biz/img/gallery_lows/6cc04fc1c10f0428fa673bd315507f3269b209de.jpg" LowPicHeight="200" LowPicWidth="200" LowSize="12900" No="2" Original="https://images.icecat.biz/img/gallery_raw/ef9443f6ef636e2b881528d41cb30278ec9be793.png" OriginalSize="1637428" Pic="https://images.icecat.biz/img/gallery/1ae27fb66fbe356f462dec08b1a677430013096b.jpg" Pic500x500="https://images.icecat.biz/img/gallery_mediums/4413c418a6f05d9ae5436005be5552e145bb3b64.jpg" Pic500x500Height="500" Pic500x500Size="60598" Pic500x500Width="500" PicHeight="2000" PicWidth="2000" ProductPicture_ID="113579335" Size="757613" ThumbPic="https://images.icecat.biz/img/gallery_thumbs/6e02b7e8276e235a38517c6b34313c5ac2c30b21.jpg" ThumbSize="3304" Type="ProductImage" UpdatedDate="2025-08-12 18:59:36"/>
   <ProductPicture LowPic="https://images.icecat.biz/img/gallery_lows/cf28092bbec000f7e548660c3255c63ba5bcd4ed.jpg" LowPicHeight="200" LowPicWidth="200" LowSize="13173" No="3" Original="https://images.icecat.biz/img/gallery_raw/651cab60dd269fafaaf8a63e4a3dca93af9e9da5.png" OriginalSize="1775297" Pic="https://images.icecat.biz/img/gallery/b307af8512cc9a78468831201049f4f677aa2807.jpg" Pic500x500="https://images.icecat.biz/img/gallery_mediums/1914a79d973e48412fe4fff117c7214bd0ac64cf.jpg" Pic500x500Height="500" Pic500x500Size="63031" Pic500x500Width="500" PicHeight="2000" PicWidth="2000" ProductPicture_ID="113579340" Size="789463" ThumbPic="https://images.icecat.biz/img/gallery_thumbs/2e9a24293eb720a232e9ab33ad73a83ba842b5b1.jpg" ThumbSize="3315" Type="ProductImage" UpdatedDate="2025-08-12 18:59:36"/>
   <ProductPicture LowPic="https://images.icecat.biz/img/gallery_lows/ff27c7fcc8b3148dfd1df2548af28630de7ef02d.jpg" LowPicHeight="200" LowPicWidth="200" LowSize="18726" No="4" Original="https://images.icecat.biz/img/gallery_raw/34017018cbb5aef94b658c045104334986df36a7.png" OriginalSize="2249670" Pic="https://images.icecat.biz/img/gallery/b4315b30b23f8cee1da6be0161c1c4c8e01e501e.jpg" Pic500x500="https://images.icecat.biz/img/gallery_mediums/619b48f7e0031e669d56c82a70888dc630558248.jpg" Pic500x500Height="500" Pic500x500Size="90272" Pic500x500Width="500" PicHeight="2000" PicWidth="2000" ProductPicture_ID="113579347" Size="1045989" ThumbPic="https://images.icecat.biz/img/gallery_thumbs/274f4938eb7cdb1b5237a8041bb263ef2cfe5ca0.jpg" ThumbSize="4372" Type="ProductImage" UpdatedDate="2025-08-12 18:59:36"/>
   <ProductPicture LowPic="https://images.icecat.biz/img/gallery_lows/7464f13ac0e6598087a58bfb81c9987135279b6a.jpg" LowPicHeight="200" LowPicWidth="200" LowSize="6958" No="5" Original="https://images.icecat.biz/img/gallery_raw/05bf4ee30e2cfca973177f3445e63b9808ef1814.png" OriginalSize="660124" Pic="https://images.icecat.biz/img/gallery/8a784dcc2819fb986b0c77d7aa8a540dbcdd29ef.jpg" Pic500x500="https://images.icecat.biz/img/gallery_mediums/63d24a49470bb1adc46f6e4340784283db51c235.jpg" Pic500x500Height="500" Pic500x500Size="30970" Pic500x500Width="500" PicHeight="2000" PicWidth="2000" ProductPicture_ID="113579353" Size="385693" ThumbPic="https://images.icecat.biz/img/gallery_thumbs/7e39527c4ef0cf017ec87295d0e771ff5ed82860.jpg" ThumbSize="2077" Type="ProductImage" UpdatedDate="2025-08-12 18:59:37"/>
   <ProductPicture LowPic="https://images.icecat.biz/img/gallery_lows/85e6f0b923f5ff005af89f66962466b8ca0220c4.jpg" LowPicHeight="200" LowPicWidth="200" LowSize="2587" No="6" Original="https://images.icecat.biz/img/gallery_raw/e835bc46c4e7c4ecc449ca191dfec8fb1dc7eb9f.png" OriginalSize="270558" Pic="https://images.icecat.biz/img/gallery/4d89ee202d21418c1d3fceb7d2b2ae1d80ef8dde.jpg" Pic500x500="https://images.icecat.biz/img/gallery_mediums/c6d03f34aed9e6c0f1f0ff465903b9b9b75cfd78.jpg" Pic500x500Height="500" Pic500x500Size="10923" Pic500x500Width="500" PicHeight="2000" PicWidth="2000" ProductPicture_ID="113579358" Size="162006" ThumbPic="https://images.icecat.biz/img/gallery_thumbs/9a7f17200eb37e00febab14284dc468f7afb35b9.jpg" ThumbSize="888" Type="ProductImage" UpdatedDate="2025-08-12 18:59:44"/>
   <ProductPicture LowPic="https://images.icecat.biz/img/gallery_lows/392e23a88499e6f21e0a7f059358bf38161a0259.jpg" LowPicHeight="200" LowPicWidth="200" LowSize="2717" No="7" Original="https://images.icecat.biz/img/gallery_raw/e5d61b0af85ca4b792b0d00a72a9ff6ecacf2630.png" OriginalSize="265897" Pic="https://images.icecat.biz/img/gallery/3b37796092f5059ee70823b1e66980f7ac60c97a.jpg" Pic500x500="https://images.icecat.biz/img/gallery_mediums/d196e25e959fd10753ea2722e87c314cff79a40d.jpg" Pic500x500Height="500" Pic500x500Size="10947" Pic500x500Width="500" PicHeight="2000" PicWidth="2000" ProductPicture_ID="113579363" Size="162852" ThumbPic="https://images.icecat.biz/img/gallery_thumbs/d1d231e6791a0731d1c56dc2763e62b20788af79.jpg" ThumbSize="912" Type="ProductImage" UpdatedDate="2025-08-12 18:59:44"/>
   <ProductPicture LowPic="https://images.icecat.biz/img/gallery_lows/2ab03a2f3baf61155297aa2b11807a41f049d193.jpg" LowPicHeight="200" LowPicWidth="200" LowSize="1937" No="8" Original="https://images.icecat.biz/img/gallery_raw/f303841bd13d45fc06237eac4b6c1f6834fee956.png" OriginalSize="229911" Pic="https://images.icecat.biz/img/gallery/12a59fdf48e86a56c8369fc1e5813a792d0a64f7.jpg" Pic500x500="https://images.icecat.biz/img/gallery_mediums/09f4a7aab4d7c3eddb6d8f5d154b47c39375257f.jpg" Pic500x500Height="500" Pic500x500Size="8724" Pic500x500Width="500" PicHeight="2000" PicWidth="2000" ProductPicture_ID="113579366" Size="120662" ThumbPic="https://images.icecat.biz/img/gallery_thumbs/fd623e508f997de4601c35543cce38a1b7510eaa.jpg" ThumbSize="840" Type="ProductImage" UpdatedDate="2025-08-12 18:59:44"/>
   <ProductPicture LowPic="https://images.icecat.biz/img/gallery_lows/44987b68a2a80909d1b029e0f06ae894ff177dd9.jpg" LowPicHeight="200" LowPicWidth="200" LowSize="1940" No="9" Original="https://images.icecat.biz/img/gallery_raw/c21ff41e2f4832a932426879f9c0d1dea5c7464d.png" OriginalSize="228112" Pic="https://images.icecat.biz/img/gallery/7055ce80aa39fc876ae3e0efc4a8823acdd49727.jpg" Pic500x500="https://images.icecat.biz/img/gallery_mediums/56c876ff57eeef11386e2d9941c084f6bf376e78.jpg" Pic500x500Height="500" Pic500x500Size="8357" Pic500x500Width="500" PicHeight="2000" PicWidth="2000" ProductPicture_ID="113579370" Size="120088" ThumbPic="https://images.icecat.biz/img/gallery_thumbs/70b837ed8feb2f40c20f517cc41753dd70a91565.jpg" ThumbSize="785" Type="ProductImage" UpdatedDate="2025-08-12 18:59:44"/>
   <ProductPicture LowPic="https://images.icecat.biz/img/gallery_lows/bd8033f7782565a7637d447c5e6a40c3e6ca9ed5.jpg" LowPicHeight="200" LowPicWidth="200" LowSize="7672" No="10" Original="https://images.icecat.biz/img/gallery_raw/594323509c964215edbd329a065ebdd09336ccb8.png" OriginalSize="1614184" Pic="https://images.icecat.biz/img/gallery/093fc92ede7448c71d77d0058d040a17fd7609f6.jpg" Pic500x500="https://images.icecat.biz/img/gallery_mediums/b2b45176a3ffccdfc78a161bad74df0d878a2d49.jpg" Pic500x500Height="500" Pic500x500Size="40592" Pic500x500Width="500" PicHeight="2000" PicWidth="2000" ProductPicture_ID="113579374" Size="781866" ThumbPic="https://images.icecat.biz/img/gallery_thumbs/9e4fcb185aea43ac9128f570eb04215241c177f7.jpg" ThumbSize="2030" Type="ProductImage" UpdatedDate="2025-08-12 18:59:46"/>
   <ProductPicture LowPic="https://images.icecat.biz/img/gallery_lows/0f74ca501969680a2acdf9d69ee6efcc5a5ea95f.jpg" LowPicHeight="200" LowPicWidth="200" LowSize="7318" No="11" Original="https://images.icecat.biz/img/gallery_raw/49a6959900f7e5e1741c815a6afa7b5a9ecbf06e.png" OriginalSize="1668052" Pic="https://images.icecat.biz/img/gallery/d308610369d9d8e889d24703533ad906f6b32bc1.jpg" Pic500x500="https://images.icecat.biz/img/gallery_mediums/de1a4148d37cc30852fc468522335fcc6748d9d3.jpg" Pic500x500Height="500" Pic500x500Size="39589" Pic500x500Width="500" PicHeight="2000" PicWidth="2000" ProductPicture_ID="113579375" Size="788080" ThumbPic="https://images.icecat.biz/img/gallery_thumbs/360fa1fc6b397e5d79f61d05304b31a0685c6e7e.jpg" ThumbSize="1883" Type="ProductImage" UpdatedDate="2025-08-12 18:59:46"/>
   <ProductPicture LowPic="https://images.icecat.biz/img/gallery_lows/bc38bc4f3c4f53ff588fc6ebf773ced017d74a71.jpg" LowPicHeight="200" LowPicWidth="200" LowSize="7879" No="12" Original="https://images.icecat.biz/img/gallery_raw/b027b915dd134a8dbc89ef2d9d393fb9f0939df0.png" OriginalSize="1818804" Pic="https://images.icecat.biz/img/gallery/a042f4238dc654ae14640d50c9974c07169cc59f.jpg" Pic500x500="https://images.icecat.biz/img/gallery_mediums/ddf5b588e2c924fff2d0dad70b4705394265fe4d.jpg" Pic500x500Height="500" Pic500x500Size="43548" Pic500x500Width="500" PicHeight="2000" PicWidth="2000" ProductPicture_ID="113579376" Size="902213" ThumbPic="https://images.icecat.biz/img/gallery_thumbs/ca2e9ac0ee367ed41ea51732fa6aa9c9414a79d1.jpg" ThumbSize="2131" Type="ProductImage" UpdatedDate="2025-08-12 18:59:46"/>
   <ProductPicture LowPic="https://images.icecat.biz/img/gallery_lows/33f03d75b83a0d9c57116590f0b5b36aa3015fd0.jpg" LowPicHeight="200" LowPicWidth="200" LowSize="9954" No="13" Original="https://images.icecat.biz/img/gallery_raw/198f46b13b2080835c912c3a9f6e25f6fd9a007f.png" OriginalSize="2378648" Pic="https://images.icecat.biz/img/gallery/aa0affaffcf55172bacf0a1e60e2989351b6df87.jpg" Pic500x500="https://images.icecat.biz/img/gallery_mediums/11d4294b6a05647140a59e0cb360012131071583.jpg" Pic500x500Height="500" Pic500x500Size="56887" Pic500x500Width="500" PicHeight="2000" PicWidth="2000" ProductPicture_ID="113579380" Size="1142464" ThumbPic="https://images.icecat.biz/img/gallery_thumbs/8a47ad3ac2f394440f917692092f95e9aeb31e55.jpg" ThumbSize="2417" Type="ProductImage" UpdatedDate="2025-08-12 18:59:47"/>
   <ProductPicture LowPic="https://images.icecat.biz/img/gallery_lows/f3daa948d8074c530cffc090f9fbb3ac3c94639e.jpg" LowPicHeight="113" LowPicWidth="200" LowSize="25873" No="14" Original="https://images.icecat.biz/img/gallery_raw/0be7bb58ddc9f1f9d1045fcad2a9a9ea8e2684f9.png" OriginalSize="2103294" Pic="https://images.icecat.biz/img/gallery/cfa75f3a6b54da3f63b2ab5f8e12071f6b514443.jpg" Pic500x500="https://images.icecat.biz/img/gallery_mediums/7b5fb806b5e7d813ca9709e763cd212be6dd7552.jpg" Pic500x500Height="281" Pic500x500Size="124336" Pic500x500Width="500" PicHeight="1125" PicWidth="2000" ProductPicture_ID="113579384" Size="1269767" ThumbPic="https://images.icecat.biz/img/gallery_thumbs/11a97dd6cd2b99e5de861061061ac06181ab88b1.jpg" ThumbSize="5344" Type="ProductImage" UpdatedDate="2025-08-12 18:59:58"/>
   <ProductPicture LowPic="https://images.icecat.biz/img/gallery_lows/726c47aac610696d0f743e3920ad1cd8428b59d3.jpg" LowPicHeight="113" LowPicWidth="200" LowSize="25913" No="15" Original="https://images.icecat.biz/img/gallery_raw/9f376e6f8386bd1ecceb212b210df1171115d675.png" OriginalSize="2149985" Pic="https://images.icecat.biz/img/gallery/9f7a25561a36b0fbf6742ea640a4106e78d8763c.jpg" Pic500x500="https://images.icecat.biz/img/gallery_mediums/b6c441306a0624ac33fea58880c3560248023aee.jpg" Pic500x500Height="281" Pic500x500Size="118126" Pic500x500Width="500" PicHeight="1125" PicWidth="2000" ProductPicture_ID="113579388" Size="1084547" ThumbPic="https://images.icecat.biz/img/gallery_thumbs/257f0161037a46b817a77b97ec8fa20d65104bc6.jpg" ThumbSize="5876" Type="ProductImage" UpdatedDate="2025-08-12 18:59:58"/>
   <ProductPicture LowPic="https://images.icecat.biz/img/gallery_lows/6c4ee0d7db8a8c901c503a56afd95d97570c2b3e.jpg" LowPicHeight="113" LowPicWidth="200" LowSize="28862" No="16" Original="https://images.icecat.biz/img/gallery_raw/fc073909df9dc81f1a7c9f08ce4b0f92719b7faa.png" OriginalSize="2979989" Pic="https://images.icecat.biz/img/gallery/d8a5948710c36f8eb6038098b754e0fad045ad6d.jpg" Pic500x500="https://images.icecat.biz/img/gallery_mediums/bea7329c2bd94f59fbc6fe491d85bf8b663a4695.jpg" Pic500x500Height="281" Pic500x500Size="142103" Pic500x500Width="500" PicHeight="1125" PicWidth="2000" ProductPicture_ID="113579393" Size="1615650" ThumbPic="https://images.icecat.biz/img/gallery_thumbs/cc3a1dffa9dbbec69d6507fecea92dda53ae2c32.jpg" ThumbSize="5956" Type="ProductImage" UpdatedDate="2025-08-12 18:59:58"/>
   <ProductPicture LowPic="https://images.icecat.biz/img/gallery_lows/8145c190373e905b6788917697257fcbe2aefc9a.jpg" LowPicHeight="113" LowPicWidth="200" LowSize="25846" No="17" Original="https://images.icecat.biz/img/gallery_raw/3d1d2896926bdd47e2fe7b929b1c0f6668fc9786.png" OriginalSize="2473032" Pic="https://images.icecat.biz/img/gallery/ba400fac427f503549862bffcbeedd205d13c357.jpg" Pic500x500="https://images.icecat.biz/img/gallery_mediums/46810f467a8079183550230d74c3d6e5ccd9f7dc.jpg" Pic500x500Height="281" Pic500x500Size="124899" Pic500x500Width="500" PicHeight="1125" PicWidth="2000" ProductPicture_ID="113579397" Size="1229387" ThumbPic="https://images.icecat.biz/img/gallery_thumbs/242a00ce594749e94cced16277e01d83f2609cc2.jpg" ThumbSize="5349" Type="ProductImage" UpdatedDate="2025-08-12 18:59:58"/>
   <ProductPicture LowPic="https://images.icecat.biz/img/gallery_lows/0ab70203ff7b003d094460ac324156a6354d41ee.jpg" LowPicHeight="113" LowPicWidth="200" LowSize="21408" No="18" Original="https://images.icecat.biz/img/gallery_raw/c53c348dd3141d13fd367227f3ddaac99707258c.png" OriginalSize="1744847" Pic="https://images.icecat.biz/img/gallery/99871a31680a8862ecae6cdcd622f7282d84a434.jpg" Pic500x500="https://images.icecat.biz/img/gallery_mediums/7637b4c36d80dfb86e1f1936f5a262f15f35c8f4.jpg" Pic500x500Height="281" Pic500x500Size="98760" Pic500x500Width="500" PicHeight="1125" PicWidth="2000" ProductPicture_ID="113579402" Size="928049" ThumbPic="https://images.icecat.biz/img/gallery_thumbs/ff1ea21b3ff0e8a5a95cb72ea4c961e122d44d93.jpg" ThumbSize="4751" Type="ProductImage" UpdatedDate="2025-08-12 19:00:08"/>
   <ProductPicture LowPic="https://images.icecat.biz/img/gallery_lows/088b2d0b0333508aebdb7db4f19dabc6af41829e.jpg" LowPicHeight="113" LowPicWidth="200" LowSize="21475" No="19" Original="https://images.icecat.biz/img/gallery_raw/83ffd869bc2976d1905d44eea00818d597b5518d.png" OriginalSize="2440327" Pic="https://images.icecat.biz/img/gallery/bd8acc149e5a46ca175abdf1a15ce33bd1a5dcea.jpg" Pic500x500="https://images.icecat.biz/img/gallery_mediums/418c47ea883df931fc5473f08712a52f9ef4cc1d.jpg" Pic500x500Height="281" Pic500x500Size="108522" Pic500x500Width="500" PicHeight="1125" PicWidth="2000" ProductPicture_ID="113579413" Size="1237330" ThumbPic="https://images.icecat.biz/img/gallery_thumbs/daad6ea71fe27120cb0964bfc1afdc13fefe57d2.jpg" ThumbSize="4665" Type="ProductImage" UpdatedDate="2025-08-12 19:00:09"/>
   <ProductPicture LowPic="https://images.icecat.biz/img/gallery_lows/8aba14e71cf888f70c627689fdfdf9dc98eacbb9.jpg" LowPicHeight="113" LowPicWidth="200" LowSize="11105" No="20" Original="https://images.icecat.biz/img/gallery_raw/81414a506b93ed397026044da1e87d0b3da3e812.png" OriginalSize="1039759" Pic="https://images.icecat.biz/img/gallery/5c29c9868ddd14f24b671d5f1e61191301c25347.jpg" Pic500x500="https://images.icecat.biz/img/gallery_mediums/ad67326cebeec279892bcd61869187c7918bf9a6.jpg" Pic500x500Height="281" Pic500x500Size="52037" Pic500x500Width="500" PicHeight="1125" PicWidth="2000" ProductPicture_ID="113579416" Size="611954" ThumbPic="https://images.icecat.biz/img/gallery_thumbs/a53d3f440719d89fadc67c98ad86f11c1fb175fb.jpg" ThumbSize="2770" Type="ProductImage" UpdatedDate="2025-08-12 19:00:09"/>
   <ProductPicture LowPic="https://images.icecat.biz/img/gallery_lows/0de383c7c129febfb6422d7eb6fed63f787e14c0.jpg" LowPicHeight="113" LowPicWidth="200" LowSize="16026" No="21" Original="https://images.icecat.biz/img/gallery_raw/3a84118910ede2e2908bbbe69561208d148f2883.png" OriginalSize="1652755" Pic="https://images.icecat.biz/img/gallery/6c61650e4a4ee19a5e53c6c94aead7a2883192fb.jpg" Pic500x500="https://images.icecat.biz/img/gallery_mediums/fc5a68eb4ea7805429e9a54fc5205ae27d576738.jpg" Pic500x500Height="281" Pic500x500Size="67861" Pic500x500Width="500" PicHeight="1125" PicWidth="2000" ProductPicture_ID="113579420" Size="875834" ThumbPic="https://images.icecat.biz/img/gallery_thumbs/af2c167f7c294ae29e574a430482f7677d914afb.jpg" ThumbSize="3829" Type="ProductImage" UpdatedDate="2025-08-12 19:00:10"/>
   <ProductPicture LowPic="https://images.icecat.biz/img/gallery_lows/3eb317bdc51e83986be489038bd8003765b13f7c.jpg" LowPicHeight="113" LowPicWidth="200" LowSize="22186" No="22" Original="https://images.icecat.biz/img/gallery_raw/b7698fd9a57a97131adee0e3c8b012cf17b58542.png" OriginalSize="2596933" Pic="https://images.icecat.biz/img/gallery/7786e5df547ddc915cc6d4744776d9d9b75a6aeb.jpg" Pic500x500="https://images.icecat.biz/img/gallery_mediums/5ba020d675d18f1e25e25fffdae574c6e59e0961.jpg" Pic500x500Height="281" Pic500x500Size="110469" Pic500x500Width="500" PicHeight="1125" PicWidth="2000" ProductPicture_ID="113579422" Size="1510274" ThumbPic="https://images.icecat.biz/img/gallery_thumbs/cf41f61b8b7b843e60d40f65049e278aa8c8e93f.jpg" ThumbSize="4783" Type="ProductImage" UpdatedDate="2025-08-12 19:00:10"/>
   <ProductPicture LowPic="https://images.icecat.biz/img/gallery_lows/c34749f5643085e1591255b00331666ff3c19d47.jpg" LowPicHeight="113" LowPicWidth="200" LowSize="20330" No="23" Original="https://images.icecat.biz/img/gallery_raw/9a89c9934af367771041214907e07f5e353b9281.png" OriginalSize="1951440" Pic="https://images.icecat.biz/img/gallery/de0c984e679a2b3858818a05aca64dc59a71af06.jpg" Pic500x500="https://images.icecat.biz/img/gallery_mediums/2d6b8af90d14452d6218c373243f165fe4847d44.jpg" Pic500x500Height="281" Pic500x500Size="89913" Pic500x500Width="500" PicHeight="1125" PicWidth="2000" ProductPicture_ID="113579441" Size="955914" ThumbPic="https://images.icecat.biz/img/gallery_thumbs/89e983ea02465d13ddd18d41d374c375a8fb1289.jpg" ThumbSize="4492" Type="ProductImage" UpdatedDate="2025-08-12 19:00:52"/>
   <ProductPicture LowPic="" LowPicHeight="0" LowPicWidth="0" LowSize="0" No="999" Original="" OriginalSize="0" Pic="https://images.icecat.biz/img/feature_logo/993-1511.png" Pic500x500="" Pic500x500Height="0" Pic500x500Size="0" Pic500x500Width="0" PicHeight="165" PicWidth="300" ProductPicture_ID="4304900000" Size="27287" ThumbPic="https://images.icecat.biz/img/feature_logo_thumbs/993-1511.png" ThumbSize="0" Type="FeatureLogo" UpdatedDate="" langid="1"/>
   <ProductPicture LowPic="" LowPicHeight="0" LowPicWidth="0" LowSize="0" No="999" Original="" OriginalSize="0" Pic="https://images.icecat.biz/img/feature_logo/1242-3899.png" Pic500x500="" Pic500x500Height="0" Pic500x500Size="0" Pic500x500Width="0" PicHeight="0" PicWidth="0" ProductPicture_ID="4307268537" Size="0" ThumbPic="https://images.icecat.biz/img/feature_logo_thumbs/1242-3899.png" ThumbSize="0" Type="FeatureLogo" UpdatedDate="" langid="1"/>
  </ProductGallery>
  <ProductMultimediaObject>
   <MultimediaObject ContentType="video/mp4" Date="2025-05-04 16:10:01" Description="360" KeepAsURL="0" MultimediaObject_ID="64419588" Type="video/mp4" UUID="3529924E-C6A9-4228-A4E0-B34804D47AA2" langid="0" OriginalMD5="29c453b8ea065967171ca547770493f3" ThumbUrl="https://objects.icecat.biz/objects/thumb/131134993_64419588_thumb.png" Height="0" PreviewHeight="0" PreviewSize="0" PreviewUrl="https://objects.icecat.biz/objects/preview/131134993_64419588_preview.png" PreviewWidth="0" Size="11502300" URL="https://objects.icecat.biz/objects/131134993_64419588.mp4" Width="0"/>
   <MultimediaObject ContentType="application/pdf" Date="2025-05-04 16:08:50" Description="leaflet" KeepAsURL="0" MultimediaObject_ID="64419587" Type="leaflet" UUID="2BFC7C0A-036F-4291-BC85-E79E32F037AC" langid="1" Height="0" PreviewHeight="0" PreviewSize="0" PreviewUrl="" PreviewWidth="0" Size="249231" URL="https://objects.icecat.biz/objects/mmo_131134993_1746367730_8873_1691402.pdf" Width="0"/>
   <MultimediaObject ContentType="application/pdf" Date="2025-05-05 15:03:42" Description="User Guide" KeepAsURL="0" MultimediaObject_ID="64425982" Type="other digital assets" UUID="05557D25-52ED-48AD-927D-5347A60921BD" langid="1" Height="0" PreviewHeight="0" PreviewSize="0" PreviewUrl="" PreviewWidth="0" Size="1843418" URL="https://objects.icecat.biz/objects/mmo_131134993_1746450222_0066_376821.pdf" Width="0"/>
   <MultimediaObject ContentType="application/pdf" Date="2025-05-05 20:22:34" Description="Carbon Footprint" KeepAsURL="0" MultimediaObject_ID="64426533" Type="other digital assets" UUID="541D220A-4BA2-4771-93CC-938C4F99CC38" langid="1" Height="0" PreviewHeight="0" PreviewSize="0" PreviewUrl="" PreviewWidth="0" Size="322549" URL="https://objects.icecat.biz/objects/mmo_131134993_1746469354_7834_2037644.pdf" Width="0"/>
   <MultimediaObject ContentType="application/pdf" Date="2025-05-05 22:40:45" Description="EU Declaration of Conformity" KeepAsURL="0" MultimediaObject_ID="64428784" Type="other digital assets" UUID="FB991987-4A5A-4104-91AE-39E1D922253C" langid="1" Height="0" PreviewHeight="0" PreviewSize="0" PreviewUrl="" PreviewWidth="0" Size="320386" URL="https://objects.icecat.biz/objects/mmo_131134993_1746477645_1567_1527573.pdf" Width="0"/>
  </ProductMultimediaObject>
  <ProductRelated ID="379352439" Category_ID="8921" Preferred="0">
   <Product ID="124508754" Prod_id="ZG38C06514" ThumbPic="" Name="ZG38C06514">
    <Supplier ID="728" Name="Lenovo"/>
   </Product>
   <ProductRelatedLocales>
    <ProductRelatedLocale ID="0" langid="0" Preferred="0" StartDate="" EndDate=""/>
   </ProductRelatedLocales>
  </ProductRelated>
  <ProductRelated ID="379352438" Category_ID="2774" Preferred="0">
   <Product ID="124508753" Prod_id="ZG38C06505" ThumbPic="" Name="ZG38C06505">
    <Supplier ID="728" Name="Lenovo"/>
   </Product>
   <ProductRelatedLocales>
    <ProductRelatedLocale ID="0" langid="0" Preferred="0" StartDate="" EndDate=""/>
   </ProductRelatedLocales>
  </ProductRelated>
  <ProductRelated ID="326436674" Category_ID="194" Preferred="0">
   <Product ID="120221580" Prod_id="ZG38C05805" ThumbPic="" Name="ZG38C05805">
    <Supplier ID="728" Name="Lenovo"/>
   </Product>
   <ProductRelatedLocales>
    <ProductRelatedLocale ID="0" langid="0" Preferred="0" StartDate="" EndDate=""/>
   </ProductRelatedLocales>
  </ProductRelated>
  <ProductRelated ID="326436672" Category_ID="788" Preferred="0">
   <Product ID="114547837" Prod_id="5WS8C04304" ThumbPic="" Name="5WS8C04304">
    <Supplier ID="728" Name="Lenovo"/>
   </Product>
   <ProductRelatedLocales>
    <ProductRelatedLocale ID="0" langid="0" Preferred="0" StartDate="" EndDate=""/>
   </ProductRelatedLocales>
  </ProductRelated>
  <ProductRelated ID="326436673" Category_ID="203" Preferred="0">
   <Product ID="113493799" Prod_id="ZG38C05190" ThumbPic="" Name="Tab Pen Plus">
    <Supplier ID="728" Name="Lenovo"/>
   </Product>
   <ProductRelatedLocales>
    <ProductRelatedLocale ID="0" langid="0" Preferred="0" StartDate="" EndDate=""/>
   </ProductRelatedLocales>
  </ProductRelated>
  <SummaryDescription>
   <ShortSummaryDescription langid="1">Lenovo Legion Tab (8.8&quot;, 3), 22.4 cm (8.8&quot;), 2560 x 1600 pixels, 256 GB, 12 GB, Android 14, Black</ShortSummaryDescription>
   <LongSummaryDescription langid="1">Lenovo Legion Tab (8.8&quot;, 3). Display diagonal: 22.4 cm (8.8&quot;), Display resolution: 2560 x 1600 pixels. Internal storage capacity: 256 GB. Processor family: Qualcomm Snapdragon, Processor model: 8 Gen 3. Internal memory: 12 GB. Rear camera resolution (numeric): 13 MP, Rear camera type: Dual camera, Front camera resolution (numeric): 8 MP, Front camera. Top Wi-Fi standard: Wi-Fi 7 (802.11be). Weight: 350 g. Operating system installed: Android 14. Product colour: Black</LongSummaryDescription>
  </SummaryDescription>
  <Supplier ID="728" Name="Lenovo"/>
  <CatalogObjectCloud>
   <ProductPage QRCodeURL="https://qr.icecat.biz/coc/f336e897-ba14-4c7b-b93f-ca26c19fb713" URL="https://coc.icecat.biz/f336e897-ba14-4c7b-b93f-ca26c19fb713"/>
  </CatalogObjectCloud>
  <BrandOrganizations>
   <BrandOwner>
    <Organization ID="823f4d3b-6229-4a22-8288-4bfb363947df" Name="Lenovo Group Limited" CountryCode="CN" State="" City="Beijing" Street="Courtyard Xibeiwang East Road" HouseNumber="Building 2, No.10" ZIP="100094">
     <URLs>
      <URL>https://www.lenovo.com/us/en/about/locations</URL>
     </URLs>
     <Emails/>
    </Organization>
   </BrandOwner>
   <Licensees/>
   <Representatives>
    <Representative ID="172489241077481536">
     <Organization ID="8bf3ebb7-0237-4590-95b1-9c553ea4fffc" Name="Lenovo EMEA" CountryCode="IT" State="" City="Milano" Street="Via Moretto da Brescia" HouseNumber="22" ZIP="20133">
      <URLs>
       <URL>https://lenovo.com</URL>
      </URLs>
      <Emails/>
     </Organization>
    </Representative>
    <Representative ID="172489241077481563">
     <Organization ID="a1024f70-6b8d-4b62-91cc-18ae73ef1a92" Name="Lenovo Deutschland GmbH" CountryCode="DE" State="" City="Stuttgart" Street="Meitnerstr" HouseNumber="9" ZIP="70563">
      <URLs>
       <URL>https://www.lenovo.com/de/de/legal/impressum/</URL>
      </URLs>
      <Emails>
       <Email>Fragen_DE@lenovo.com</Email>
      </Emails>
     </Organization>
    </Representative>
    <Representative ID="172489241077481564">
     <Organization ID="69eca196-9bfe-45a5-a413-1ba5c0bde8cc" Name="Lenovo International Coöperatief U.A." CountryCode="NL" State="" City="Amsterdam" Street="De entree 250" HouseNumber="Unit A" ZIP="1101 EE">
      <URLs>
       <URL>https://www.lenovo.com/fr/fr/legal/mentions-legales</URL>
      </URLs>
      <Emails/>
     </Organization>
    </Representative>
    <Representative ID="172489241077481565">
     <Organization ID="238ff2c0-826b-45e5-baf2-0cb62c66b075" Name="Lenovo France SAS" CountryCode="FR" State="" City="Rueil-Malmaison" Street="Rue des Deux Gares" HouseNumber="20" ZIP="92500">
      <URLs>
       <URL>https://www.lenovo.com/fr/fr/legal/mentions-legales</URL>
      </URLs>
      <Emails/>
     </Organization>
    </Representative>
    <Representative ID="172489241077481566">
     <Organization ID="56a23e0e-3401-4dc0-acf8-f46c13a33e08" Name="Lenovo Spain S.L" CountryCode="ES" State="" City="Madrid" Street="Calle Puerto de Somport" HouseNumber="9" ZIP="28050">
      <URLs>
       <URL>https://www.lenovo.com</URL>
      </URLs>
      <Emails/>
     </Organization>
    </Representative>
    <Representative ID="172489241077481567">
     <Organization ID="b8a0faf6-cb12-407e-a593-7ded250629ba" Name="Lenovo Denmark ApS" CountryCode="DK" State="" City="Søborg" Street="Vandtårnsvej" HouseNumber="83A" ZIP="2860">
      <URLs>
       <URL>https://www.lenovo.com/dk/da/terms-and-conditions</URL>
      </URLs>
      <Emails/>
     </Organization>
    </Representative>
    <Representative ID="172489241077483063">
     <Organization ID="63dbc2d0-f93b-4c95-b7c1-0325fe2ee9d1" Name="Lenovo International Coöperatief U.A." CountryCode="NL" State="" City="Amsterdam" Street="De entree" HouseNumber="250" ZIP="1101 EE">
      <URLs>
       <URL>https://www.lenovo.com/fr/fr/legal/mentions-legales/</URL>
      </URLs>
      <Emails/>
     </Organization>
    </Representative>
   </Representatives>
  </BrandOrganizations>
 </Product>
</ICECAT-interface>
