{"msg":"OK","data":{"GeneralInfo":{"IcecatId":101675427,"ReleaseDate":"","EndOfLifeDate":"","Title":"Garmin Forerunner 255S 2,79 cm (1.1\") MIP 41 mm Digitaalinen 218 x 218 pikseliä Vaaleanpunainen GPS (satelliitti)","TitleInfo":{"GeneratedIntTitle":"Garmin Forerunner 255S","GeneratedLocalTitle":{"Value":"Garmin Forerunner 255S 2,79 cm (1.1\") MIP 41 mm Digitaalinen 218 x 218 pikseliä Vaaleanpunainen GPS (satelliitti)","Language":"FI"},"BrandLocalTitle":{"Value":"","Language":"FI"}},"Brand":"Garmin","BrandID":"202","BrandLogo":"https://inishop.com/img/brand/thumb/202_f82bf3293e3a46c2bfe80322da4aa316.jpg","BrandInfo":{"BrandName":"Garmin","BrandLocalName":"","BrandLogo":"https://inishop.com/img/brand/thumb/202_f82bf3293e3a46c2bfe80322da4aa316.jpg"},"ProductName":"Forerunner 255S","ProductNameInfo":{"ProductIntName":"Forerunner 255S","ProductLocalName":{"Value":"","Language":"FI"}},"BrandPartCode":"010-02641-13","GTIN":["0753759279905","753759279905"],"Category":{"CategoryID":"2647","Name":{"Value":"Äly- ja urheilukellot","Language":"FI"}},"ProductFamily":{"ProductFamilyID":"77066","Value":"Forerunner","Language":"EN"},"ProductSeries":{"SeriesID":"1"},"Description":{"ID":"89403753","LongDesc":"<b>JUOKSE TASOKKAAMMIN</b><br><br>Kehityt jatkuvasti. Siirry nyt seuraavaan vaiheeseen. Saat harjoittelu- ja palautumistiedot, joilla yllät parhaaseen aikaasi.<br><br>VALMIS PITKÄÄN JUOKSUUN Saat keskeytyksettömästi tietoja terveydentilastasi ja unestasi, kun akunkesto älykellotilassa on jopa 12 päivää ja GPS-tilassa jopa 26 tuntia.<br>(LÄHES) HÖYHENENKEVYT Virtaviivaisen muotoilun ja 39 gramman painon ansiosta saatat jopa unohtaa, että ranteessasi on Forerunner® 255S — myös nukkuessasi.<br>HIENKESTÄVÄT MATERIAALIT Kellossa on helppokäyttöiset painikkeet ja silikonihihna sekä kestävä Corning® Gorilla® Glass 3 -lasi, joten se on valmis kaikkeen toimintaan.<br><br>Kevyt ranteessa. Raskasta sarjaa ominaisuuksiltaan.<br>AAMURAPORTTI Saat heti aamulla yleiskatsauksen unestasi, palautumisestasi ja harjoittelunäkymistä, ja lisäksi tiedot sykevaihtelun tilasta ja säästä. Voit myös mukauttaa raportissa näkyviä tietoja.<br><br>SYKEVAIHTELUN TILA Saat paremman yleiskuvan terveydentilastasi, palautumisestasi ja harjoittelustasi sykevaihtelun perusteella nukkuessasi Firstbeat Analytics™ -tiimimme kehittämän tekniikan avulla.<br><br>SISÄISET URHEILUSOVELLUKSET Saat käyttöösi yli 30 sisäistä suoritusprofiilia esimerkiksi triathloniin ja avovesiuintiin uutena ominaisuutena Forerunner 255 -mallistossa. Kisoissa ja yhdistelmäharjoituksissa voit siirtyä seuraavaan suoritukseen yhdellä painikepainalluksella.<br><br>KISAWIDGET Valmistaudu tulevaan kisaan reittitietoihin, säähän ja suorituskykyyn perustuvien harjoitteluvinkkien, henkilökohtaisten päivittäisten harjoitusehdotusten ja loppuaikaennusteiden avulla.<br><br>PÄIVITTÄISET HARJOITUSEHDOTUKSET Garmin Connect™ -älypuhelinsovelluksen kalenterissa voit tarkastella koko viikon päivittäisiä harjoitusehdotuksia, jotka mukautuvat joka juoksukerran jälkeen suorituskykysi ja palautumisesi perusteella, sekä tulossa olevia kisoja.<br><br>GARMIN-VALMENTAJA Maksuttomat mukautuvat harjoitusohjelmat Harjoitusohjelmat sisältävät 5 000 ja 10 000 metrin sekä puolimaratonin ohjelmat, joiden sisältämä ammattivalmentajien opastus mukautuu tarpeisiisi ja tavoitteisiisi.<br><br>TRIATHLON- JA MONILAJIPROFIILIT Voit vaihtaa lajien välillä yhdellä painalluksella käyttämällä sisäänrakennettuja triathlon-, duathlon-, yhdistelmäharjoitus- ja uintijuoksuprofiileja. Voit myös luoda omia, mukautettuja monilajiprofiileja.<br><br>JUOKSUTEHO Kun käytössä on juoksun dynamiikka-anturia tai HRM-Pro™-mittari, kello mittaa jatkuvasti, miten paljon voimaa kohdistat tiehen, jotta voit hallita ponnisteluasi.<br><br>PALAUTUMISAIKA Tiedät, miten paljon palautumisaikaa tarvitset, ennen seuraavaa kovaa harjoitusta viimeisimmän harjoittelusi, kokonaisstressisi, unesi ja päivittäisen harjoitusten ulkopuolisen toimintasi perusteella.<br><br>PACEPRO™-TOIMINTO Tämä ominaisuus helpottaa kilpailupäivän strategian suunnittelua GPS-pohjaisella tietyn reitin tai matkan tahtiopastuksella. Voit siis mukauttaa ponnisteluasi tulevaa varten.<br><br>HARJOITTELUN TILA Käyttämällä uusia mittauksia, kuten sykevaihtelun tilaa, saat helposti käsityksen kokonaisponnistelustasi ja siitä, harjoitteletko tuottavasti, huipputasolla vai oletko rasittunut.<br><br>VÄLITÖN KUORMITUS Tarkastelemalla harjoitteluhistoriaasi ja vertaamalla viimeisimpien harjoitustesi tehoa optimaaliseen alueeseen voit parantaa kuntoasi.<br><br>HARJOITUSVAIKUTUS Näet, miten harjoituksesi vaikuttavat kestävyyteesi, nopeuteesi ja tehoosi, aerobisen ja anaerobisen harjoitusvaikutuspalautteen avulla. harjoitusvaikutus palautteesta.<br><br>SUORITUSTASO Voit analysoida juoksusi aikana ja tahtia sykettä, jotta saat reaaliaikaisen arvion nykyisestä suoritustasostasi.<br><br>JUOKSUN DYNAMIIKKA Kun käytössä on juoksun dynamiikka-anturia tai HRM-Pro-mittari, Forerunner 255S -kello mittaa keskeisiä juoksun metriikkatietoja, kuten askeltiheyttä, askeleen pituutta, maakosketuksen kestoa ja tasapainoa, ja vertaa niitä muihin Garmin Connect -sovelluksessa.<br><br>REITIT Voit luoda tai etsiä reittejä rajattomasti Garmin Connect -sovelluksessa. Voit suunnitella niitä myös muissa ympäristöissä (esimerkiksi Strava ja Komoot) ja synkronoida ne automaattisesti Forerunner-laitteeseen.<br><br>RATAJUOKSU Oletko valmis nopeusharjoitteluun? Syötä ratasi sisäänrakennettuun ratajuoksusuoritukseen, niin voit tallentaa tarkkoja kierrosaikoja ja nähdä juoksemasi matkat metreinä.<br><br>VISUAALINEN KILPAILUENNUSTE Juoksuhistoriaasi ja yleiskuntoosi perustuva ominaisuus arvioi tahtisi 5000 tai 10000 metrillä tai jopa maratonille. Lisäksi trenditiedot ilmaisevat harjoittelusi vaikutusta ajan myötä.<br><br>KUNTOPIIRI Lisää vaihtelua harjoitteluusi erityyppisillä harjoituksilla. Kelloon on ladattu valmiiksi maksuttomia HIIT-, voima-, kardio-, jooga- ja pilatesharjoituksia, joita voi ladata lisää Garmin Connect -sovelluksesta.<br><br>Runsaasti tietoja hyvinvoinnista.<br>RANNESYKEMITTARI Kello seuraa jatkuvasti sykettäsi2 uusimman sukupolven sykemittarilla ja hälyttää, jos sykkeesi pysyy liian nopeana tai hitaana levon aikana. Sen avulla voit lisäksi mitata, miten kovasti työskentelet suoritusten aikana – jopa uidessasi.<br><br>BODY BATTERY™ -ENERGIANSEURANTA Seuraa kehon energiatasoa, jotta tiedät parhaat ajat toimintaan ja lepoon2.<br><br>UNIPISTEET JA LAAJA UNEN SEURANTA Näet pisteet unesi laadusta ja tietoja siitä, miten voit parantaa tilannetta. Voit seurata jopa eri univaiheita sekä sykettä, stressiä, pulssioksimetrilukemaa3 ja hengitystä.<br><br>PULSSIOKSIMETRI Rannelaite pulssioksimetri3 tarkkailee veren happisaturaatiotasoa, mikä tukee edistynyttä unen tarkkailua ja sopeutumista korkeisiin paikkoihin.<br><br>KUUKAUTISTEN SEURANTA Seuraa kuukautiskiertoasi tai raskauttasi Garmin Connect -sovelluksella. Voit esimerkiksi kirjata oireita ja saada liikunta- ja ravitsemusvinkkejä. Naisen terveyden seurantasovelluksella voit jopa tarkastella ja kirjata tietoja suoraan kellossa.<br><br>TEHOMINUUTIT Tehominuuttitoiminto ilmaisee, mihin kellonaikoihin ja mistä suorituksista olet tehominuutteja kerännyt.<br><br>STRESSIN SEURANTA Selvitä, onko päiväsi rauhallinen, tasapainoinen vai stressaava stressaava. Rentoutumismuistutukset kehottavat tekemään lyhyen hengitysharjoituksen, kun kello havaitsee, että olet stressaantunut.<br><br>HEALTH SNAPSHOT™ -OMINAISUUS Kirjaamalla 2 minuutin istunnon voit tallentaa keskeisiä tilastotietoja, kuten sykkeen2, sykevaihtelun, pulssioksimetrilukeman3, hengityksen ja stressitason. Sen jälkeen voit luoda tilastoista raportin jaettavaksi yhteensopivan älypuhelimen Garmin Connect -sovelluksen kautta.<br><br>Pysy yhteydessä joka askeleella.<br>SATIQ™-TEKNIIKKA SatIQ-tekniikalla toimiva monikaista-GNSS takaa tarkimman paikannuksen kaikissa ympäristöissä ja optimoi laitteen akunkeston.<br><br>GARMIN PAY -LÄHIMAKSU Kassalla maksaminen on nopeaa, kun käytät Garmin Pay -lähimaksuratkaisua1 osallistuvien palveluntarjoajien kautta.<br><br>ÄLYKKÄÄT ILMOITUKSET Saat sähköpostit, tekstiviestit ja hälytykset suoraan kelloon, kun se on pariliitetty Apple®- tai Android™-älypuhelimella. Voit jopa vastata tekstiviesteihin, jos sinulla on Android-puhelin.<br><br>TURVALLISUUS- JA JÄLJITYSOMINAISUUDET Jos tunnet olosi turvattomaksi tai kellosi havaitsee tapahtuman, hätätilanne- ja tapahtumantunnistustoiminnot4 lähettävät sijaintisi hätäyhteyshenkilöillesi. Tapahtumantunnistus on oletusarvoisesti käytössä vain tietyissä suoritusprofiileissa.<br><br>LIVETRACK-OMINAISUUS LiveTrack-toiminnolla voit antaa kavereiden ja perheen seurata sijaintiasi reaaliaikaisesti4 ja jopa tarkastella koko suunnittelemaasi reittiä. Voit luottaa siihen, että läheisesi tietävät sijaintisi tarkasti.<br><br>GARMIN CONNECT -SOVELLUS Maksuttomassa sovelluksessamme, joka ei edellytä tilausta, voit esimerkiksi tarkastella terveys- ja kuntotietojasi, pitää yhteyttä ja kilpailla kaveriesi kanssa sekä rekisteröityä haasteisiin, joista voit ansaita ansiomerkkejä.<br><br>CONNECT IQ™ -KAUPPA Voit ladata mukautettuja kellotauluja, lisätä tietokenttiä ja hankkia sovelluksia ja widgetejä Connect IQ -kauppasovellus ladattuna yhteensopivaan älypuhelimeen.","LongProductName":"1.1\" 218 x 218 px, 4 GB, 41 x 41 x 12.4mm, 39 g","MiddleDesc":"","Disclaimer":"","ManualPDFURL":"","ManualPDFSize":"0","LeafletPDFURL":"","PDFSize":"0","URL":"https://www.garmin.com/fi-FI/p/780165/pn/010-02641-13","WarrantyInfo":"","Updated":"2022-12-09 22:02:44","Language":"FI"},"SummaryDescription":{"ShortSummaryDescription":"Garmin Forerunner 255S, 2,79 cm (1.1\"), MIP, 4 GB, GPS (satelliitti), 39 g","LongSummaryDescription":"Garmin Forerunner 255S. Näytön halkaisija: 2,79 cm (1.1\"), Näytön teknologia: MIP, Näytön erottelutarkkuus: 218 x 218 pikseliä. Flash-muisti: 4 GB. GPS (satelliitti). Paino: 39 g. Nauhan materiaali: Silikoni, Band-väri: Vaaleanpunainen"},"BulletPoints":{"BulletPointsId":"7234042","Language":"FI","Values":["Aamuraportti sisältää yleiskatsauksen unestasi, sykevaihtelusi tilasta ja päivittäisen harjoituksen","Voit keskittyä lataamisen sijasta harjoitteluun, kun akunkesto älykellotilassa on jopa 12 päivää ja GPS-tilassa jopa 26 tuntia","Kokeile rajojasi sisäisellä triathlon-ominaisuudella ja yli 30 suoritusprofiililla","Suunnittele strategiasi esimerkiksi päivittäisten harjoitusehdotusten ja reittitietojen avulla","Saat käyttöösi monipuolisia edistyneitä mittaustietoja ja harjoittelutyökaluja, joilla saavutat tavoitteesi","Voit maksaa kahvin lenkin jälkeen Garmin Pay™ -lähimaksulla"],"Updated":"2022-12-09 22:02:44"},"GeneratedBulletPoints":{"Language":"FI","Values":["Urheilukello Digitaalinen 2,79 cm (1.1\") MIP","218 x 218 pikseliä","Vedenkestävyys: 5 ATM","Sykemittari Kiihtyvyysmittari Gyroskooppi","GPS (satelliitti) GLONASS Galileo","Bluetooth","Sisäänrakennettu akku Litiumioni (Li-Ion) 288 h"]},"GTINs":[{"GTIN":"0753759279905","IsApproved":true},{"GTIN":"753759279905","IsApproved":true}]},"Image":{"HighPic":"https://inishop.com/img/gallery/101675427_2969496309.jpg","HighPicSize":"53354","HighPicHeight":"600","HighPicWidth":"600","LowPic":"https://inishop.com/img/gallery_lows/101675427_2969496309.jpg","LowPicSize":"22210","LowPicHeight":"200","LowPicWidth":"200","Pic500x500":"https://inishop.com/img/gallery_mediums/101675427_2969496309.jpg","Pic500x500Size":"86202","Pic500x500Height":"500","Pic500x500Width":"500","ThumbPic":"https://inishop.com/img/gallery_thumbs/101675427_2969496309.jpg","ThumbPicSize":"5353"},"Multimedia":[],"Gallery":[{"ID":"68814311","LowPic":"https://inishop.com/img/gallery_lows/101675427_2969496309.jpg","LowSize":"22210","LowHeight":"200","LowWidth":"200","ThumbPic":"https://inishop.com/img/gallery_thumbs/101675427_2969496309.jpg","ThumbPicSize":"5353","Pic":"https://inishop.com/img/gallery/101675427_2969496309.jpg","Size":"53354","PicHeight":"600","PicWidth":"600","Pic500x500":"https://inishop.com/img/gallery_mediums/101675427_2969496309.jpg","Pic500x500Size":"86202","Pic500x500Height":"500","Pic500x500Width":"500","No":"1","IsMain":"Y","Updated":"2022-11-13 10:38:34","IsPrivate":"0","Type":"ProductImage","Attributes":{"OriginalFileName":""}},{"ID":"68814313","LowPic":"https://inishop.com/img/gallery_lows/101675427_1511088555.jpg","LowSize":"18297","LowHeight":"200","LowWidth":"200","ThumbPic":"https://inishop.com/img/gallery_thumbs/101675427_1511088555.jpg","ThumbPicSize":"4658","Pic":"https://inishop.com/img/gallery/101675427_1511088555.jpg","Size":"44272","PicHeight":"600","PicWidth":"600","Pic500x500":"https://inishop.com/img/gallery_mediums/101675427_1511088555.jpg","Pic500x500Size":"69597","Pic500x500Height":"500","Pic500x500Width":"500","No":"2","IsMain":"N","Updated":"2022-11-13 10:38:35","IsPrivate":"0","Type":"ProductImage","Attributes":{"OriginalFileName":""}},{"ID":"68814316","LowPic":"https://inishop.com/img/gallery_lows/100437696_7750845438.jpg","LowSize":"19537","LowHeight":"200","LowWidth":"200","ThumbPic":"https://inishop.com/img/gallery_thumbs/100437696_7750845438.jpg","ThumbPicSize":"4982","Pic":"https://inishop.com/img/gallery/100437696_7750845438.jpg","Size":"47405","PicHeight":"600","PicWidth":"600","Pic500x500":"https://inishop.com/img/gallery_mediums/100437696_7750845438.jpg","Pic500x500Size":"75105","Pic500x500Height":"500","Pic500x500Width":"500","No":"3","IsMain":"N","Updated":"2024-03-12 11:37:37","IsPrivate":"0","Type":"ProductImage","Attributes":{"OriginalFileName":""}},{"ID":"68814318","LowPic":"https://inishop.com/img/gallery_lows/100437696_2862602790.jpg","LowSize":"17232","LowHeight":"200","LowWidth":"200","ThumbPic":"https://inishop.com/img/gallery_thumbs/100437696_2862602790.jpg","ThumbPicSize":"5002","Pic":"https://inishop.com/img/gallery/100437696_2862602790.jpg","Size":"43192","PicHeight":"600","PicWidth":"600","Pic500x500":"https://inishop.com/img/gallery_mediums/100437696_2862602790.jpg","Pic500x500Size":"64165","Pic500x500Height":"500","Pic500x500Width":"500","No":"4","IsMain":"N","Updated":"2024-03-12 11:37:37","IsPrivate":"0","Type":"ProductImage","Attributes":{"OriginalFileName":""}},{"ID":"68814323","LowPic":"https://inishop.com/img/gallery_lows/100437696_9019220282.jpg","LowSize":"17941","LowHeight":"200","LowWidth":"200","ThumbPic":"https://inishop.com/img/gallery_thumbs/100437696_9019220282.jpg","ThumbPicSize":"4564","Pic":"https://inishop.com/img/gallery/100437696_9019220282.jpg","Size":"43114","PicHeight":"600","PicWidth":"600","Pic500x500":"https://inishop.com/img/gallery_mediums/100437696_9019220282.jpg","Pic500x500Size":"67231","Pic500x500Height":"500","Pic500x500Width":"500","No":"5","IsMain":"N","Updated":"2024-03-12 11:37:37","IsPrivate":"0","Type":"ProductImage","Attributes":{"OriginalFileName":""}},{"ID":"68814324","LowPic":"https://inishop.com/img/gallery_lows/101675427_5650265188.jpg","LowSize":"16843","LowHeight":"200","LowWidth":"200","ThumbPic":"https://inishop.com/img/gallery_thumbs/101675427_5650265188.jpg","ThumbPicSize":"4573","Pic":"https://inishop.com/img/gallery/101675427_5650265188.jpg","Size":"51102","PicHeight":"600","PicWidth":"600","Pic500x500":"https://inishop.com/img/gallery_mediums/101675427_5650265188.jpg","Pic500x500Size":"63047","Pic500x500Height":"500","Pic500x500Width":"500","No":"6","IsMain":"N","Updated":"2022-11-13 10:38:40","IsPrivate":"0","Type":"ProductImage","Attributes":{"OriginalFileName":""}},{"ID":"68814326","LowPic":"https://inishop.com/img/gallery_lows/100437696_5713434430.jpg","LowSize":"17745","LowHeight":"200","LowWidth":"200","ThumbPic":"https://inishop.com/img/gallery_thumbs/100437696_5713434430.jpg","ThumbPicSize":"5113","Pic":"https://inishop.com/img/gallery/100437696_5713434430.jpg","Size":"44320","PicHeight":"600","PicWidth":"600","Pic500x500":"https://inishop.com/img/gallery_mediums/100437696_5713434430.jpg","Pic500x500Size":"66424","Pic500x500Height":"500","Pic500x500Width":"500","No":"7","IsMain":"N","Updated":"2024-03-12 11:37:37","IsPrivate":"0","Type":"ProductImage","Attributes":{"OriginalFileName":""}}],"FeaturesGroups":[{"ID":34566,"SortNo":"25","FeatureGroup":{"ID":"5","Name":{"Value":"Näyttö","Language":"FI"}},"Features":[{"Localized":0,"ID":511109852,"LocalID":0,"Type":"numerical","Value":"1.1","CategoryFeatureId":"85330","CategoryFeatureGroupID":"34566","SortNo":"150","PresentationValue":"2,79 cm (1.1\")","RawValue":"1.1","LocalValue":"2,79","Description":"Tämän tuotteen näytön koko, ilmaistuna diagonaalin tuumina.","Mandatory":"1","Searchable":"0","Optional":"0","Feature":{"ID":"944","Sign":"","Measure":{"ID":"16","Sign":"","Signs":{"ID":"3161","_":"\"","Language":"FI"}},"Name":{"Value":"Näytön halkaisija","Language":"FI"}}},{"Localized":0,"ID":511109853,"LocalID":0,"Type":"dropdown","Value":"MIP","CategoryFeatureId":"99533","CategoryFeatureGroupID":"34566","SortNo":"150","PresentationValue":"MIP","RawValue":"MIP","LocalValue":"MIP","Description":"The technology used in the display e.g. plasma","Mandatory":"1","Searchable":"0","Optional":"0","Feature":{"ID":"9713","Sign":"","Measure":{"ID":"29","Sign":"","Signs":{"ID":"","_":"","Language":"FI"}},"Name":{"Value":"Näytön teknologia","Language":"FI"}}},{"Localized":0,"ID":511109854,"LocalID":0,"Type":"y_n","Value":"Y","CategoryFeatureId":"586188","CategoryFeatureGroupID":"34566","SortNo":"145","PresentationValue":"Kyllä","RawValue":"Y","LocalValue":"Kyllä","Description":"","Mandatory":"0","Searchable":"0","Optional":"0","Feature":{"ID":"20168","Sign":"","Measure":{"ID":"26","Sign":"","Signs":{"ID":"","_":"","Language":"FI"}},"Name":{"Value":"Värinäyttö","Language":"FI"}}},{"Localized":0,"ID":511109849,"LocalID":0,"Type":"dropdown","Value":"Digital","CategoryFeatureId":"85325","CategoryFeatureGroupID":"34566","SortNo":"140","PresentationValue":"Digitaalinen","RawValue":"Digital","LocalValue":"Digitaalinen","Description":"Type of display (screen) e.g. LCD.","Mandatory":"1","Searchable":"1","Optional":"0","Feature":{"ID":"9104","Sign":"","Measure":{"ID":"29","Sign":"","Signs":{"ID":"","_":"","Language":"FI"}},"Name":{"Value":"Näytön tyyppi","Language":"FI"}}},{"Localized":0,"ID":511109850,"LocalID":0,"Type":"2d","Value":"218 x 218","CategoryFeatureId":"85332","CategoryFeatureGroupID":"34566","SortNo":"130","PresentationValue":"218 x 218 pikseliä","RawValue":"218 x 218","LocalValue":"218 x 218","Description":"Järjestelmän näytön resoluutio.","Mandatory":"1","Searchable":"1","Optional":"0","Feature":{"ID":"1585","Sign":"","Measure":{"ID":"39","Sign":"","Signs":{"ID":"13827","_":"pikseliä","Language":"FI"}},"Name":{"Value":"Näytön erottelutarkkuus","Language":"FI"}}},{"Localized":0,"ID":511111238,"LocalID":0,"Type":"numerical","Value":"27.5","CategoryFeatureId":"891364","CategoryFeatureGroupID":"34566","SortNo":"85","PresentationValue":"2,75 cm","RawValue":"27.5","LocalValue":"2,75","Description":"","Mandatory":"0","Searchable":"0","Optional":"0","Feature":{"ID":"10477","Sign":"","Measure":{"ID":"24","Sign":"","Signs":{"ID":"13815","_":"mm","Language":"FI"}},"Name":{"Value":"Näytön halkaisija","Language":"FI"}}},{"Localized":0,"ID":511109856,"LocalID":0,"Type":"dropdown","Value":"Corning Gorilla Glass 3","CategoryFeatureId":"94704","CategoryFeatureGroupID":"34566","SortNo":"50","PresentationValue":"Corning Gorilla Glass 3","RawValue":"Corning Gorilla Glass 3","LocalValue":"Corning Gorilla Glass 3","Description":"The material from which the front of a watch is made e.g. mineral","Mandatory":"0","Searchable":"0","Optional":"0","Feature":{"ID":"7610","Sign":"","Measure":{"ID":"29","Sign":"","Signs":{"ID":"","_":"","Language":"FI"}},"Name":{"Value":"Kellon lasin tyyppi","Language":"FI"}}}]},{"ID":16293,"SortNo":"20","FeatureGroup":{"ID":"148","Name":{"Value":"Suunnittelu","Language":"FI"}},"Features":[{"Localized":0,"ID":511109862,"LocalID":0,"Type":"multi_dropdown","Value":"Silicone","CategoryFeatureId":"94551","CategoryFeatureGroupID":"16293","SortNo":"160","PresentationValue":"Silikoni","RawValue":"Silicone","LocalValue":"Silikoni","Description":"The type of substance the wristband is made of.","Mandatory":"1","Searchable":"0","Optional":"0","Feature":{"ID":"7605","Sign":"","Measure":{"ID":"29","Sign":"","Signs":{"ID":"","_":"","Language":"FI"}},"Name":{"Value":"Nauhan materiaali","Language":"FI"}}},{"Localized":0,"ID":511109864,"LocalID":0,"Type":"dropdown","Value":"Glass","CategoryFeatureId":"891278","CategoryFeatureGroupID":"16293","SortNo":"159","PresentationValue":"Lasi","RawValue":"Glass","LocalValue":"Lasi","Description":"","Mandatory":"0","Searchable":"0","Optional":"0","Feature":{"ID":"17801","Sign":"","Measure":{"ID":"29","Sign":"","Signs":{"ID":"","_":"","Language":"FI"}},"Name":{"Value":"Objektiivin materiaali","Language":"FI"}}},{"Localized":0,"ID":511109865,"LocalID":0,"Type":"dropdown","Value":"Round","CategoryFeatureId":"85327","CategoryFeatureGroupID":"16293","SortNo":"155","PresentationValue":"Pyöreä","RawValue":"Round","LocalValue":"Pyöreä","Description":"The external form","Mandatory":"1","Searchable":"0","Optional":"0","Feature":{"ID":"9397","Sign":"","Measure":{"ID":"29","Sign":"","Signs":{"ID":"","_":"","Language":"FI"}},"Name":{"Value":"Muoto","Language":"FI"}}},{"Localized":0,"ID":644190813,"LocalID":0,"Type":"range","Value":"110 - 175","CategoryFeatureId":"153740","CategoryFeatureGroupID":"16293","SortNo":"155","PresentationValue":"110 - 175 mm","RawValue":"110 - 175","LocalValue":"110 - 175","Description":"","Mandatory":"0","Searchable":"0","Optional":"0","Feature":{"ID":"17541","Sign":"","Measure":{"ID":"24","Sign":"","Signs":{"ID":"13815","_":"mm","Language":"FI"}},"Name":{"Value":"Ranteen koko","Language":"FI"}}},{"Localized":0,"ID":511109857,"LocalID":0,"Type":"dropdown","Value":"Sport watch","CategoryFeatureId":"891356","CategoryFeatureGroupID":"16293","SortNo":"150","PresentationValue":"Urheilukello","RawValue":"Sport watch","LocalValue":"Urheilukello","Description":"Under which category can the device be positioned in the market, e.g. camera phone.","Mandatory":"1","Searchable":"1","Optional":"0","Feature":{"ID":"9021","Sign":"","Measure":{"ID":"29","Sign":"","Signs":{"ID":"","_":"","Language":"FI"}},"Name":{"Value":"Asema markkinoilla","Language":"FI"}}},{"Localized":0,"ID":511109858,"LocalID":0,"Type":"dropdown","Value":"41","CategoryFeatureId":"595046","CategoryFeatureGroupID":"16293","SortNo":"145","PresentationValue":"41 mm","RawValue":"41","LocalValue":"41","Description":"","Mandatory":"1","Searchable":"1","Optional":"0","Feature":{"ID":"42415","Sign":"","Measure":{"ID":"24","Sign":"","Signs":{"ID":"13815","_":"mm","Language":"FI"}},"Name":{"Value":"Kellon kuoren koko","Language":"FI"}}},{"Localized":0,"ID":511115128,"LocalID":0,"Type":"dropdown","Value":"Unisex","CategoryFeatureId":"300550","CategoryFeatureGroupID":"16293","SortNo":"144","PresentationValue":"Unisex","RawValue":"Unisex","LocalValue":"Unisex","Description":"For which gender the product is recommended.","Mandatory":"0","Searchable":"0","Optional":"0","Feature":{"ID":"20690","Sign":"","Measure":{"ID":"29","Sign":"","Signs":{"ID":"","_":"","Language":"FI"}},"Name":{"Value":"Ehdotettu sukupuoli","Language":"FI"}}},{"Localized":0,"ID":511109859,"LocalID":0,"Type":"multi_dropdown","Value":"Pink","CategoryFeatureId":"595045","CategoryFeatureGroupID":"16293","SortNo":"90","PresentationValue":"Vaaleanpunainen","RawValue":"Pink","LocalValue":"Vaaleanpunainen","Description":"","Mandatory":"1","Searchable":"1","Optional":"0","Feature":{"ID":"42417","Sign":"","Measure":{"ID":"29","Sign":"","Signs":{"ID":"","_":"","Language":"FI"}},"Name":{"Value":"Kellon kuoren väri","Language":"FI"}}},{"Localized":0,"ID":511109860,"LocalID":0,"Type":"dropdown","Value":"Fibre Reinforced Plastic (FRP)","CategoryFeatureId":"595044","CategoryFeatureGroupID":"16293","SortNo":"89","PresentationValue":"Fibre Reinforced Plastic (FRP)","RawValue":"Fibre Reinforced Plastic (FRP)","LocalValue":"Fibre Reinforced Plastic (FRP)","Description":"","Mandatory":"1","Searchable":"1","Optional":"0","Feature":{"ID":"42418","Sign":"","Measure":{"ID":"29","Sign":"","Signs":{"ID":"","_":"","Language":"FI"}},"Name":{"Value":"Kellon kuoren materiaali","Language":"FI"}}},{"Localized":0,"ID":511109861,"LocalID":0,"Type":"multi_dropdown","Value":"Pink","CategoryFeatureId":"85301","CategoryFeatureGroupID":"16293","SortNo":"80","PresentationValue":"Vaaleanpunainen","RawValue":"Pink","LocalValue":"Vaaleanpunainen","Description":"The colour of the band","Mandatory":"1","Searchable":"1","Optional":"0","Feature":{"ID":"11025","Sign":"","Measure":{"ID":"29","Sign":"","Signs":{"ID":"","_":"","Language":"FI"}},"Name":{"Value":"Band-väri","Language":"FI"}}},{"Localized":0,"ID":511109866,"LocalID":0,"Type":"text","Value":"Light Pink","CategoryFeatureId":"270495","CategoryFeatureGroupID":"16293","SortNo":"75","PresentationValue":"Light Pink","RawValue":"Light Pink","LocalValue":"Light Pink","Description":"","Mandatory":"0","Searchable":"0","Optional":"0","Feature":{"ID":"17956","Sign":"","Measure":{"ID":"29","Sign":"","Signs":{"ID":"","_":"","Language":"FI"}},"Name":{"Value":"Värin nimi","Language":"FI"}}},{"Localized":0,"ID":511109867,"LocalID":0,"Type":"y_n","Value":"Y","CategoryFeatureId":"891360","CategoryFeatureGroupID":"16293","SortNo":"36","PresentationValue":"Kyllä","RawValue":"Y","LocalValue":"Kyllä","Description":"The product is protected from water","Mandatory":"0","Searchable":"0","Optional":"1","Feature":{"ID":"7509","Sign":"","Measure":{"ID":"26","Sign":"","Signs":{"ID":"","_":"","Language":"FI"}},"Name":{"Value":"Vedenpitävä","Language":"FI"}}},{"Localized":0,"ID":511109869,"LocalID":0,"Type":"dropdown","Value":"5","CategoryFeatureId":"591391","CategoryFeatureGroupID":"16293","SortNo":"-7","PresentationValue":"5 ATM","RawValue":"5","LocalValue":"5","Description":"","Mandatory":"0","Searchable":"0","Optional":"0","Feature":{"ID":"18048","Sign":"","Measure":{"ID":"267","Sign":"","Signs":{"ID":"22488","_":"ATM","Language":"FI"}},"Name":{"Value":"Vedenkestävyys","Language":"FI"}}}]},{"ID":34567,"SortNo":"20","FeatureGroup":{"ID":"184","Name":{"Value":"Suorituskyky","Language":"FI"}},"Features":[{"Localized":0,"ID":511109876,"LocalID":0,"Type":"multi_dropdown","Value":"Android,iOS","CategoryFeatureId":"85310","CategoryFeatureGroupID":"34567","SortNo":"600","PresentationValue":"Android, iOS","RawValue":"Android,iOS","LocalValue":"Android, iOS","Description":"The operating systems e.g. Android","Mandatory":"0","Searchable":"0","Optional":"0","Feature":{"ID":"8956","Sign":"","Measure":{"ID":"29","Sign":"","Signs":{"ID":"","_":"","Language":"FI"}},"Name":{"Value":"Tuetut käyttöjärjestelmät","Language":"FI"}}},{"Localized":0,"ID":511109877,"LocalID":0,"Type":"numerical","Value":"4","CategoryFeatureId":"85308","CategoryFeatureGroupID":"34567","SortNo":"490","PresentationValue":"4 GB","RawValue":"4","LocalValue":"4","Description":"","Mandatory":"0","Searchable":"0","Optional":"0","Feature":{"ID":"6791","Sign":"","Measure":{"ID":"20","Sign":"","Signs":{"ID":"13811","_":"GB","Language":"FI"}},"Name":{"Value":"Flash-muisti","Language":"FI"}}},{"Localized":0,"ID":511109874,"LocalID":0,"Type":"y_n","Value":"N","CategoryFeatureId":"95509","CategoryFeatureGroupID":"34567","SortNo":"30","PresentationValue":"Ei","RawValue":"N","LocalValue":"Ei","Description":"Tuotessa on integroitu kamera.","Mandatory":"1","Searchable":"1","Optional":"0","Feature":{"ID":"8074","Sign":"","Measure":{"ID":"26","Sign":"","Signs":{"ID":"","_":"","Language":"FI"}},"Name":{"Value":"Sisäänrakennettu kamera","Language":"FI"}}}]},{"ID":26690,"SortNo":"12","FeatureGroup":{"ID":"185","Name":{"Value":"Ominaisuudet","Language":"FI"}},"Features":[{"Localized":0,"ID":511109878,"LocalID":0,"Type":"y_n","Value":"Y","CategoryFeatureId":"122840","CategoryFeatureGroupID":"26690","SortNo":"1000","PresentationValue":"Kyllä","RawValue":"Y","LocalValue":"Kyllä","Description":"","Mandatory":"1","Searchable":"0","Optional":"0","Feature":{"ID":"6702","Sign":"","Measure":{"ID":"26","Sign":"","Signs":{"ID":"","_":"","Language":"FI"}},"Name":{"Value":"Sykemittari","Language":"FI"}}},{"Localized":0,"ID":511109879,"LocalID":0,"Type":"y_n","Value":"Y","CategoryFeatureId":"257985","CategoryFeatureGroupID":"26690","SortNo":"998","PresentationValue":"Kyllä","RawValue":"Y","LocalValue":"Kyllä","Description":"","Mandatory":"0","Searchable":"0","Optional":"0","Feature":{"ID":"32071","Sign":"","Measure":{"ID":"26","Sign":"","Signs":{"ID":"","_":"","Language":"FI"}},"Name":{"Value":"Sykkeen kontaktisensorit","Language":"FI"}}},{"Localized":0,"ID":511109880,"LocalID":0,"Type":"y_n","Value":"Y","CategoryFeatureId":"595164","CategoryFeatureGroupID":"26690","SortNo":"979","PresentationValue":"Kyllä","RawValue":"Y","LocalValue":"Kyllä","Description":"","Mandatory":"0","Searchable":"0","Optional":"0","Feature":{"ID":"42444","Sign":"","Measure":{"ID":"26","Sign":"","Signs":{"ID":"","_":"","Language":"FI"}},"Name":{"Value":"Veren happianturi","Language":"FI"}}},{"Localized":0,"ID":511109881,"LocalID":0,"Type":"y_n","Value":"Y","CategoryFeatureId":"292361","CategoryFeatureGroupID":"26690","SortNo":"950","PresentationValue":"Kyllä","RawValue":"Y","LocalValue":"Kyllä","Description":"","Mandatory":"0","Searchable":"0","Optional":"0","Feature":{"ID":"26789","Sign":"","Measure":{"ID":"26","Sign":"","Signs":{"ID":"","_":"","Language":"FI"}},"Name":{"Value":"Kuljettu matka","Language":"FI"}}},{"Localized":0,"ID":511109882,"LocalID":0,"Type":"y_n","Value":"Y","CategoryFeatureId":"292364","CategoryFeatureGroupID":"26690","SortNo":"800","PresentationValue":"Kyllä","RawValue":"Y","LocalValue":"Kyllä","Description":"","Mandatory":"0","Searchable":"0","Optional":"0","Feature":{"ID":"26788","Sign":"","Measure":{"ID":"26","Sign":"","Signs":{"ID":"","_":"","Language":"FI"}},"Name":{"Value":"Poltetut kalorit","Language":"FI"}}},{"Localized":0,"ID":511109883,"LocalID":0,"Type":"y_n","Value":"Y","CategoryFeatureId":"85349","CategoryFeatureGroupID":"26690","SortNo":"750","PresentationValue":"Kyllä","RawValue":"Y","LocalValue":"Kyllä","Description":"","Mandatory":"0","Searchable":"0","Optional":"0","Feature":{"ID":"9731","Sign":"","Measure":{"ID":"26","Sign":"","Signs":{"ID":"","_":"","Language":"FI"}},"Name":{"Value":"Kiihtyvyysmittari","Language":"FI"}}},{"Localized":0,"ID":511109884,"LocalID":0,"Type":"y_n","Value":"Y","CategoryFeatureId":"122839","CategoryFeatureGroupID":"26690","SortNo":"730","PresentationValue":"Kyllä","RawValue":"Y","LocalValue":"Kyllä","Description":"","Mandatory":"0","Searchable":"0","Optional":"0","Feature":{"ID":"9732","Sign":"","Measure":{"ID":"26","Sign":"","Signs":{"ID":"","_":"","Language":"FI"}},"Name":{"Value":"Gyroskooppi","Language":"FI"}}},{"Localized":0,"ID":511109885,"LocalID":0,"Type":"y_n","Value":"Y","CategoryFeatureId":"234753","CategoryFeatureGroupID":"26690","SortNo":"580","PresentationValue":"Kyllä","RawValue":"Y","LocalValue":"Kyllä","Description":"","Mandatory":"0","Searchable":"0","Optional":"0","Feature":{"ID":"25442","Sign":"","Measure":{"ID":"26","Sign":"","Signs":{"ID":"","_":"","Language":"FI"}},"Name":{"Value":"Multisport-tila","Language":"FI"}}},{"Localized":0,"ID":511109887,"LocalID":0,"Type":"y_n","Value":"Y","CategoryFeatureId":"234754","CategoryFeatureGroupID":"26690","SortNo":"575","PresentationValue":"Kyllä","RawValue":"Y","LocalValue":"Kyllä","Description":"","Mandatory":"0","Searchable":"0","Optional":"0","Feature":{"ID":"26790","Sign":"","Measure":{"ID":"26","Sign":"","Signs":{"ID":"","_":"","Language":"FI"}},"Name":{"Value":"Omat tavoitteet","Language":"FI"}}},{"Localized":0,"ID":511109886,"LocalID":0,"Type":"y_n","Value":"Y","CategoryFeatureId":"234762","CategoryFeatureGroupID":"26690","SortNo":"570","PresentationValue":"Kyllä","RawValue":"Y","LocalValue":"Kyllä","Description":"","Mandatory":"0","Searchable":"0","Optional":"0","Feature":{"ID":"26791","Sign":"","Measure":{"ID":"26","Sign":"","Signs":{"ID":"","_":"","Language":"FI"}},"Name":{"Value":"Unenlaatu","Language":"FI"}}},{"Localized":0,"ID":511109888,"LocalID":0,"Type":"multi_dropdown","Value":"Alarm clock,Calendar","CategoryFeatureId":"85367","CategoryFeatureGroupID":"26690","SortNo":"2","PresentationValue":"Herätyskello, Kalenteri","RawValue":"Alarm clock,Calendar","LocalValue":"Herätyskello, Kalenteri","Description":"You can use your device to manage your information and your time.","Mandatory":"0","Searchable":"0","Optional":"0","Feature":{"ID":"4277","Sign":"","Measure":{"ID":"29","Sign":"","Signs":{"ID":"","_":"","Language":"FI"}},"Name":{"Value":"Henkilökohtaisten tietojen hallinta","Language":"FI"}}},{"Localized":0,"ID":511109889,"LocalID":0,"Type":"y_n","Value":"Y","CategoryFeatureId":"234763","CategoryFeatureGroupID":"26690","SortNo":"0","PresentationValue":"Kyllä","RawValue":"Y","LocalValue":"Kyllä","Description":"","Mandatory":"0","Searchable":"0","Optional":"0","Feature":{"ID":"29063","Sign":"","Measure":{"ID":"26","Sign":"","Signs":{"ID":"","_":"","Language":"FI"}},"Name":{"Value":"Äly-ilmoitukset","Language":"FI"}}},{"Localized":0,"ID":511109890,"LocalID":0,"Type":"y_n","Value":"Y","CategoryFeatureId":"292355","CategoryFeatureGroupID":"26690","SortNo":"0","PresentationValue":"Kyllä","RawValue":"Y","LocalValue":"Kyllä","Description":"","Mandatory":"0","Searchable":"0","Optional":"0","Feature":{"ID":"37600","Sign":"","Measure":{"ID":"26","Sign":"","Signs":{"ID":"","_":"","Language":"FI"}},"Name":{"Value":"Säänäyttö","Language":"FI"}}},{"Localized":0,"ID":511109891,"LocalID":0,"Type":"y_n","Value":"Y","CategoryFeatureId":"295523","CategoryFeatureGroupID":"26690","SortNo":"0","PresentationValue":"Kyllä","RawValue":"Y","LocalValue":"Kyllä","Description":"A feature that measures a time interval and signals its end.","Mandatory":"0","Searchable":"0","Optional":"0","Feature":{"ID":"28631","Sign":"","Measure":{"ID":"26","Sign":"","Signs":{"ID":"","_":"","Language":"FI"}},"Name":{"Value":"Ajastin","Language":"FI"}}},{"Localized":0,"ID":511109892,"LocalID":0,"Type":"y_n","Value":"N","CategoryFeatureId":"296783","CategoryFeatureGroupID":"26690","SortNo":"0","PresentationValue":"Ei","RawValue":"N","LocalValue":"Ei","Description":"","Mandatory":"0","Searchable":"0","Optional":"0","Feature":{"ID":"29170","Sign":"","Measure":{"ID":"26","Sign":"","Signs":{"ID":"","_":"","Language":"FI"}},"Name":{"Value":"Kunnostettu","Language":"FI"}}},{"Localized":0,"ID":511109893,"LocalID":0,"Type":"y_n","Value":"Y","CategoryFeatureId":"317542","CategoryFeatureGroupID":"26690","SortNo":"0","PresentationValue":"Kyllä","RawValue":"Y","LocalValue":"Kyllä","Description":"Sisäänrakennettu elektroninen kompassi","Mandatory":"0","Searchable":"0","Optional":"0","Feature":{"ID":"1733","Sign":"","Measure":{"ID":"26","Sign":"","Signs":{"ID":"","_":"","Language":"FI"}},"Name":{"Value":"Sähkökäyttöinen kompassi","Language":"FI"}}},{"Localized":0,"ID":511109894,"LocalID":0,"Type":"y_n","Value":"Y","CategoryFeatureId":"712541","CategoryFeatureGroupID":"26690","SortNo":"0","PresentationValue":"Kyllä","RawValue":"Y","LocalValue":"Kyllä","Description":"","Mandatory":"0","Searchable":"0","Optional":"0","Feature":{"ID":"43798","Sign":"","Measure":{"ID":"26","Sign":"","Signs":{"ID":"","_":"","Language":"FI"}},"Name":{"Value":"Stressinseurantatoiminto","Language":"FI"}}},{"Localized":0,"ID":511109895,"LocalID":0,"Type":"y_n","Value":"Y","CategoryFeatureId":"891287","CategoryFeatureGroupID":"26690","SortNo":"0","PresentationValue":"Kyllä","RawValue":"Y","LocalValue":"Kyllä","Description":"Sisäänrakennettu barometrinen korkeusmittari","Mandatory":"0","Searchable":"0","Optional":"0","Feature":{"ID":"1734","Sign":"","Measure":{"ID":"26","Sign":"","Signs":{"ID":"","_":"","Language":"FI"}},"Name":{"Value":"Barometrinen korkeusmittari","Language":"FI"}}},{"Localized":0,"ID":511109896,"LocalID":0,"Type":"y_n","Value":"Y","CategoryFeatureId":"891289","CategoryFeatureGroupID":"26690","SortNo":"0","PresentationValue":"Kyllä","RawValue":"Y","LocalValue":"Kyllä","Description":"","Mandatory":"0","Searchable":"0","Optional":"0","Feature":{"ID":"3539","Sign":"","Measure":{"ID":"26","Sign":"","Signs":{"ID":"","_":"","Language":"FI"}},"Name":{"Value":"Herätyskello","Language":"FI"}}},{"Localized":0,"ID":511109897,"LocalID":0,"Type":"y_n","Value":"Y","CategoryFeatureId":"891290","CategoryFeatureGroupID":"26690","SortNo":"0","PresentationValue":"Kyllä","RawValue":"Y","LocalValue":"Kyllä","Description":"","Mandatory":"0","Searchable":"0","Optional":"0","Feature":{"ID":"3540","Sign":"","Measure":{"ID":"26","Sign":"","Signs":{"ID":"","_":"","Language":"FI"}},"Name":{"Value":"Kalenteri","Language":"FI"}}},{"Localized":0,"ID":644190888,"LocalID":0,"Type":"y_n","Value":"Y","CategoryFeatureId":"891291","CategoryFeatureGroupID":"26690","SortNo":"0","PresentationValue":"Kyllä","RawValue":"Y","LocalValue":"Kyllä","Description":"The product has stopwatch function.","Mandatory":"0","Searchable":"0","Optional":"0","Feature":{"ID":"3855","Sign":"","Measure":{"ID":"26","Sign":"","Signs":{"ID":"","_":"","Language":"FI"}},"Name":{"Value":"Sekuntikello","Language":"FI"}}},{"Localized":0,"ID":511109898,"LocalID":0,"Type":"y_n","Value":"Y","CategoryFeatureId":"891292","CategoryFeatureGroupID":"26690","SortNo":"0","PresentationValue":"Kyllä","RawValue":"Y","LocalValue":"Kyllä","Description":"","Mandatory":"0","Searchable":"0","Optional":"0","Feature":{"ID":"7128","Sign":"","Measure":{"ID":"26","Sign":"","Signs":{"ID":"","_":"","Language":"FI"}},"Name":{"Value":"Ajan/etäisyyden hälytys","Language":"FI"}}},{"Localized":0,"ID":511109899,"LocalID":0,"Type":"y_n","Value":"Y","CategoryFeatureId":"891293","CategoryFeatureGroupID":"26690","SortNo":"0","PresentationValue":"Kyllä","RawValue":"Y","LocalValue":"Kyllä","Description":"","Mandatory":"0","Searchable":"0","Optional":"0","Feature":{"ID":"7129","Sign":"","Measure":{"ID":"26","Sign":"","Signs":{"ID":"","_":"","Language":"FI"}},"Name":{"Value":"Intervalliharjoittelu","Language":"FI"}}},{"Localized":0,"ID":511109900,"LocalID":0,"Type":"y_n","Value":"Y","CategoryFeatureId":"891294","CategoryFeatureGroupID":"26690","SortNo":"0","PresentationValue":"Kyllä","RawValue":"Y","LocalValue":"Kyllä","Description":"Calculation of the amount of calories burned during exercise by measuring heart rate.","Mandatory":"0","Searchable":"0","Optional":"0","Feature":{"ID":"7130","Sign":"","Measure":{"ID":"26","Sign":"","Signs":{"ID":"","_":"","Language":"FI"}},"Name":{"Value":"Sykeperusteinen kalorien laskenta","Language":"FI"}}},{"Localized":0,"ID":511109901,"LocalID":0,"Type":"y_n","Value":"Y","CategoryFeatureId":"891297","CategoryFeatureGroupID":"26690","SortNo":"0","PresentationValue":"Kyllä","RawValue":"Y","LocalValue":"Kyllä","Description":"Luo muokattuja, tavoitteellista harjoituksia.","Mandatory":"0","Searchable":"0","Optional":"0","Feature":{"ID":"7134","Sign":"","Measure":{"ID":"26","Sign":"","Signs":{"ID":"","_":"","Language":"FI"}},"Name":{"Value":"Edistyneet harjoitukset","Language":"FI"}}},{"Localized":0,"ID":511109902,"LocalID":0,"Type":"y_n","Value":"Y","CategoryFeatureId":"891319","CategoryFeatureGroupID":"26690","SortNo":"0","PresentationValue":"Kyllä","RawValue":"Y","LocalValue":"Kyllä","Description":"","Mandatory":"0","Searchable":"0","Optional":"0","Feature":{"ID":"16158","Sign":"","Measure":{"ID":"26","Sign":"","Signs":{"ID":"","_":"","Language":"FI"}},"Name":{"Value":"Palautumisaikaehdotus","Language":"FI"}}},{"Localized":0,"ID":511109903,"LocalID":0,"Type":"multi_dropdown","Value":"Cycling,Rowing,Running,Skiing,Surfing,Swimming","CategoryFeatureId":"891321","CategoryFeatureGroupID":"26690","SortNo":"0","PresentationValue":"Pyöräily, Soutu, Juoksu, Hiihto, Surffaus, Uinti","RawValue":"Cycling,Rowing,Running,Skiing,Surfing,Swimming","LocalValue":"Pyöräily, Soutu, Juoksu, Hiihto, Surffaus, Uinti","Description":"","Mandatory":"0","Searchable":"0","Optional":"0","Feature":{"ID":"17052","Sign":"","Measure":{"ID":"29","Sign":"","Signs":{"ID":"","_":"","Language":"FI"}},"Name":{"Value":"Suositeltu toiminto","Language":"FI"}}},{"Localized":0,"ID":511109904,"LocalID":0,"Type":"y_n","Value":"Y","CategoryFeatureId":"891325","CategoryFeatureGroupID":"26690","SortNo":"0","PresentationValue":"Kyllä","RawValue":"Y","LocalValue":"Kyllä","Description":"","Mandatory":"0","Searchable":"0","Optional":"0","Feature":{"ID":"25433","Sign":"","Measure":{"ID":"26","Sign":"","Signs":{"ID":"","_":"","Language":"FI"}},"Name":{"Value":"Musiikin hallinta","Language":"FI"}}},{"Localized":0,"ID":511109905,"LocalID":0,"Type":"y_n","Value":"Y","CategoryFeatureId":"891326","CategoryFeatureGroupID":"26690","SortNo":"0","PresentationValue":"Kyllä","RawValue":"Y","LocalValue":"Kyllä","Description":"","Mandatory":"0","Searchable":"0","Optional":"0","Feature":{"ID":"25434","Sign":"","Measure":{"ID":"26","Sign":"","Signs":{"ID":"","_":"","Language":"FI"}},"Name":{"Value":"Etsi puhelimeni -toiminto","Language":"FI"}}},{"Localized":0,"ID":511109906,"LocalID":0,"Type":"y_n","Value":"Y","CategoryFeatureId":"891328","CategoryFeatureGroupID":"26690","SortNo":"0","PresentationValue":"Kyllä","RawValue":"Y","LocalValue":"Kyllä","Description":"","Mandatory":"0","Searchable":"0","Optional":"0","Feature":{"ID":"25438","Sign":"","Measure":{"ID":"26","Sign":"","Signs":{"ID":"","_":"","Language":"FI"}},"Name":{"Value":"Automaattinen tauko","Language":"FI"}}},{"Localized":0,"ID":511109907,"LocalID":0,"Type":"y_n","Value":"Y","CategoryFeatureId":"891330","CategoryFeatureGroupID":"26690","SortNo":"0","PresentationValue":"Kyllä","RawValue":"Y","LocalValue":"Kyllä","Description":"","Mandatory":"0","Searchable":"0","Optional":"0","Feature":{"ID":"25440","Sign":"","Measure":{"ID":"26","Sign":"","Signs":{"ID":"","_":"","Language":"FI"}},"Name":{"Value":"Virtuaalinen kumppani -toiminto","Language":"FI"}}},{"Localized":0,"ID":511109908,"LocalID":0,"Type":"y_n","Value":"Y","CategoryFeatureId":"891331","CategoryFeatureGroupID":"26690","SortNo":"0","PresentationValue":"Kyllä","RawValue":"Y","LocalValue":"Kyllä","Description":"","Mandatory":"0","Searchable":"0","Optional":"0","Feature":{"ID":"25441","Sign":"","Measure":{"ID":"26","Sign":"","Signs":{"ID":"","_":"","Language":"FI"}},"Name":{"Value":"Virtuaalinen kilpailija -toiminto","Language":"FI"}}},{"Localized":0,"ID":511109909,"LocalID":0,"Type":"y_n","Value":"Y","CategoryFeatureId":"186989","CategoryFeatureGroupID":"26690","SortNo":"-2","PresentationValue":"Kyllä","RawValue":"Y","LocalValue":"Kyllä","Description":"","Mandatory":"0","Searchable":"0","Optional":"0","Feature":{"ID":"6216","Sign":"","Measure":{"ID":"26","Sign":"","Signs":{"ID":"","_":"","Language":"FI"}},"Name":{"Value":"Lämpömittari","Language":"FI"}}}]},{"ID":10361,"SortNo":"10","FeatureGroup":{"ID":"35","Name":{"Value":"Verkko","Language":"FI"}},"Features":[{"Localized":0,"ID":511109910,"LocalID":0,"Type":"y_n","Value":"N","CategoryFeatureId":"336994","CategoryFeatureGroupID":"10361","SortNo":"105","PresentationValue":"Ei","RawValue":"N","LocalValue":"Ei","Description":"","Mandatory":"1","Searchable":"0","Optional":"0","Feature":{"ID":"24557","Sign":"","Measure":{"ID":"26","Sign":"","Signs":{"ID":"","_":"","Language":"FI"}},"Name":{"Value":"Mobiiliverkkoyhteys","Language":"FI"}}},{"Localized":0,"ID":644190978,"LocalID":0,"Type":"y_n","Value":"Y","CategoryFeatureId":"94695","CategoryFeatureGroupID":"10361","SortNo":"1","PresentationValue":"Kyllä","RawValue":"Y","LocalValue":"Kyllä","Description":"","Mandatory":"0","Searchable":"0","Optional":"0","Feature":{"ID":"16404","Sign":"","Measure":{"ID":"26","Sign":"","Signs":{"ID":"","_":"","Language":"FI"}},"Name":{"Value":"ANT+ -käyttöönotto","Language":"FI"}}},{"Localized":0,"ID":511109912,"LocalID":0,"Type":"y_n","Value":"Y","CategoryFeatureId":"94693","CategoryFeatureGroupID":"10361","SortNo":"-130","PresentationValue":"Kyllä","RawValue":"Y","LocalValue":"Kyllä","Description":"Global Positioning System (GPS) is a space-based satellite navigation system that provides location and time information in all weather conditions","Mandatory":"0","Searchable":"0","Optional":"0","Feature":{"ID":"3329","Sign":"","Measure":{"ID":"26","Sign":"","Signs":{"ID":"","_":"","Language":"FI"}},"Name":{"Value":"GPS (satelliitti)","Language":"FI"}}},{"Localized":0,"ID":511109913,"LocalID":0,"Type":"y_n","Value":"Y","CategoryFeatureId":"217813","CategoryFeatureGroupID":"10361","SortNo":"-135","PresentationValue":"Kyllä","RawValue":"Y","LocalValue":"Kyllä","Description":"","Mandatory":"0","Searchable":"0","Optional":"0","Feature":{"ID":"15618","Sign":"","Measure":{"ID":"26","Sign":"","Signs":{"ID":"","_":"","Language":"FI"}},"Name":{"Value":"GLONASS","Language":"FI"}}},{"Localized":0,"ID":511109914,"LocalID":0,"Type":"y_n","Value":"Y","CategoryFeatureId":"270635","CategoryFeatureGroupID":"10361","SortNo":"-140","PresentationValue":"Kyllä","RawValue":"Y","LocalValue":"Kyllä","Description":"","Mandatory":"0","Searchable":"0","Optional":"0","Feature":{"ID":"33685","Sign":"","Measure":{"ID":"26","Sign":"","Signs":{"ID":"","_":"","Language":"FI"}},"Name":{"Value":"Galileo","Language":"FI"}}}]},{"ID":9989,"SortNo":"5","FeatureGroup":{"ID":"12","Name":{"Value":"Liitettävyys","Language":"FI"}},"Features":[{"Localized":0,"ID":511109948,"LocalID":0,"Type":"y_n","Value":"Y","CategoryFeatureId":"94696","CategoryFeatureGroupID":"9989","SortNo":"10000045","PresentationValue":"Kyllä","RawValue":"Y","LocalValue":"Kyllä","Description":"Bluetooth on pienitehoinen radiotekniikka, joka on kehitetty korvaamaan nykyisin käytetyt kaapelit ja johdotn linkittämään tai liittämään elektronisia laitteita, kuten tietokoneita, tulostimia, sekä erilaisia ​​kannettavia laitteita kuten matkapuhelimia. Koska se käyttää radio-aallon yhteyytä, Bluetooth-laiteella on jatkuva yhteysä käyttämäänsä selaimeen. Tämä säästää käyttäjän aikaa esimerkiksi turhilta kirjautumisilta sähköposteja tai uutisia lukiessaani.","Mandatory":"0","Searchable":"0","Optional":"0","Feature":{"ID":"2183","Sign":"","Measure":{"ID":"26","Sign":"","Signs":{"ID":"","_":"","Language":"FI"}},"Name":{"Value":"Bluetooth","Language":"FI"}}},{"Localized":0,"ID":511109933,"LocalID":0,"Type":"y_n","Value":"N","CategoryFeatureId":"94698","CategoryFeatureGroupID":"9989","SortNo":"50","PresentationValue":"Ei","RawValue":"N","LocalValue":"Ei","Description":"Popular technology that allows an electronic device to exchange data or connect to the internet wirelessly using radio waves.","Mandatory":"1","Searchable":"1","Optional":"0","Feature":{"ID":"3239","Sign":"","Measure":{"ID":"26","Sign":"","Signs":{"ID":"","_":"","Language":"FI"}},"Name":{"Value":"Wi-Fi","Language":"FI"}}}]},{"ID":9984,"SortNo":"4","FeatureGroup":{"ID":"27","Name":{"Value":"Virranhallinta","Language":"FI"}},"Features":[{"Localized":0,"ID":511109959,"LocalID":0,"Type":"dropdown","Value":"Built-in battery","CategoryFeatureId":"319967","CategoryFeatureGroupID":"9984","SortNo":"105","PresentationValue":"Sisäänrakennettu akku","RawValue":"Built-in battery","LocalValue":"Sisäänrakennettu akku","Description":"Kuvaus tuotteen mukana tulevasta akusta.","Mandatory":"1","Searchable":"0","Optional":"0","Feature":{"ID":"908","Sign":"","Measure":{"ID":"29","Sign":"","Signs":{"ID":"","_":"","Language":"FI"}},"Name":{"Value":"Akkutyyppi","Language":"FI"}}},{"Localized":0,"ID":511109956,"LocalID":0,"Type":"dropdown","Value":"Lithium-Ion (Li-Ion)","CategoryFeatureId":"85333","CategoryFeatureGroupID":"9984","SortNo":"100","PresentationValue":"Litiumioni (Li-Ion)","RawValue":"Lithium-Ion (Li-Ion)","LocalValue":"Litiumioni (Li-Ion)","Description":"The type of battery in the device","Mandatory":"1","Searchable":"0","Optional":"0","Feature":{"ID":"434","Sign":"","Measure":{"ID":"29","Sign":"","Signs":{"ID":"","_":"","Language":"FI"}},"Name":{"Value":"Akkuteknologia","Language":"FI"}}},{"Localized":0,"ID":511109958,"LocalID":0,"Type":"numerical","Value":"288","CategoryFeatureId":"271071","CategoryFeatureGroupID":"9984","SortNo":"75","PresentationValue":"288 h","RawValue":"288","LocalValue":"288","Description":"Akun käyttöikä tunteina. Mobile Mark ™ (2002) on standardi, jota käytetään usein vertailukohtana akun käyttöiässä. Joissakin tapauksissa akun käyttöikää voidaan pidentää lisäämällä ylimääräisiä akkuja.","Mandatory":"1","Searchable":"0","Optional":"0","Feature":{"ID":"1721","Sign":"","Measure":{"ID":"46","Sign":"","Signs":{"ID":"13834","_":"h","Language":"FI"}},"Name":{"Value":"Akun käyttöikä (maks.)","Language":"FI"}}},{"Localized":0,"ID":511109960,"LocalID":0,"Type":"numerical","Value":"12","CategoryFeatureId":"891369","CategoryFeatureGroupID":"9984","SortNo":"70","PresentationValue":"12 päivää","RawValue":"12","LocalValue":"12","Description":"The total length of time that the battery in the product will last.","Mandatory":"0","Searchable":"0","Optional":"0","Feature":{"ID":"17544","Sign":"","Measure":{"ID":"49","Sign":"","Signs":{"ID":"13837","_":"päivää","Language":"FI"}},"Name":{"Value":"Akun käyttöaika","Language":"FI"}}},{"Localized":0,"ID":511109962,"LocalID":0,"Type":"numerical","Value":"26","CategoryFeatureId":"271061","CategoryFeatureGroupID":"9984","SortNo":"69","PresentationValue":"26 h","RawValue":"26","LocalValue":"26","Description":"","Mandatory":"0","Searchable":"0","Optional":"0","Feature":{"ID":"25430","Sign":"","Measure":{"ID":"46","Sign":"","Signs":{"ID":"13834","_":"h","Language":"FI"}},"Name":{"Value":"Akun kesto (GPS-tila)","Language":"FI"}}},{"Localized":0,"ID":511109971,"LocalID":0,"Type":"numerical","Value":"1.7143","CategoryFeatureId":"891365","CategoryFeatureGroupID":"9984","SortNo":"0","PresentationValue":"1,7143 viikko(j)a","RawValue":"1.7143","LocalValue":"1,7143","Description":"","Mandatory":"0","Searchable":"0","Optional":"0","Feature":{"ID":"25432","Sign":"","Measure":{"ID":"259","Sign":"","Signs":{"ID":"22480","_":"viikko(j)a","Language":"FI"}},"Name":{"Value":"Akun kesto (maks.)","Language":"FI"}}}]},{"ID":9976,"SortNo":"-3","FeatureGroup":{"ID":"14","Name":{"Value":"Paino ja mitat","Language":"FI"}},"Features":[{"Localized":0,"ID":511109963,"LocalID":0,"Type":"numerical","Value":"41","CategoryFeatureId":"85294","CategoryFeatureGroupID":"9976","SortNo":"100","PresentationValue":"41 mm","RawValue":"41","LocalValue":"41","Description":"The measurement or extent of something from side to side.","Mandatory":"0","Searchable":"0","Optional":"0","Feature":{"ID":"1649","Sign":"","Measure":{"ID":"24","Sign":"","Signs":{"ID":"13815","_":"mm","Language":"FI"}},"Name":{"Value":"Tuotteen leveys","Language":"FI"}}},{"Localized":0,"ID":511109964,"LocalID":0,"Type":"numerical","Value":"41","CategoryFeatureId":"85299","CategoryFeatureGroupID":"9976","SortNo":"99","PresentationValue":"41 mm","RawValue":"41","LocalValue":"41","Description":"The distance from the front to the back of something.","Mandatory":"0","Searchable":"0","Optional":"0","Feature":{"ID":"1650","Sign":"","Measure":{"ID":"24","Sign":"","Signs":{"ID":"13815","_":"mm","Language":"FI"}},"Name":{"Value":"Tuotteen syvyys","Language":"FI"}}},{"Localized":0,"ID":685893090,"LocalID":0,"Type":"numerical","Value":"12.4","CategoryFeatureId":"85296","CategoryFeatureGroupID":"9976","SortNo":"95","PresentationValue":"1,24 cm","RawValue":"12.4","LocalValue":"1,24","Description":"The distance through an object","Mandatory":"0","Searchable":"0","Optional":"0","Feature":{"ID":"2757","Sign":"","Measure":{"ID":"24","Sign":"","Signs":{"ID":"13815","_":"mm","Language":"FI"}},"Name":{"Value":"Paksuus","Language":"FI"}}},{"Localized":0,"ID":511109965,"LocalID":0,"Type":"numerical","Value":"39","CategoryFeatureId":"85297","CategoryFeatureGroupID":"9976","SortNo":"94","PresentationValue":"39 g","RawValue":"39","LocalValue":"39","Description":"Tuotteen paino ilman pakkausta (Nettopaino). Jos mahdollista, nettopaino ilmaistaan vakiovarusteineet ja tarvikkeet mukaan laskettuna. Huomaa, että joskus valmistaja antaa kaupallisen tulkinnan tuotteen painosta, jättämällä pois  lisävarusteiden ja / tai tarvikkeiden painon.","Mandatory":"0","Searchable":"0","Optional":"0","Feature":{"ID":"94","Sign":"","Measure":{"ID":"38","Sign":"","Signs":{"ID":"13826","_":"g","Language":"FI"}},"Name":{"Value":"Paino","Language":"FI"}}},{"Localized":0,"ID":511109966,"LocalID":0,"Type":"numerical","Value":"18","CategoryFeatureId":"94546","CategoryFeatureGroupID":"9976","SortNo":"0","PresentationValue":"1,8 cm","RawValue":"18","LocalValue":"1,8","Description":"The total extend of the band, sideways from one edge to the other.","Mandatory":"0","Searchable":"0","Optional":"0","Feature":{"ID":"11026","Sign":"","Measure":{"ID":"24","Sign":"","Signs":{"ID":"13815","_":"mm","Language":"FI"}},"Name":{"Value":"Kaistanleveys","Language":"FI"}}},{"Localized":0,"ID":511109967,"LocalID":0,"Type":"3d","Value":"41 x 12.4 x 41","CategoryFeatureId":"891358","CategoryFeatureGroupID":"9976","SortNo":"0","PresentationValue":"41 x 12,4 x 41 mm","RawValue":"41 x 12.4 x 41","LocalValue":"41 x 12,4 x 41","Description":"Tuotteen mitat (leveys x syvyys x korkeus) millimetreinä.","Mandatory":"0","Searchable":"0","Optional":"0","Feature":{"ID":"49","Sign":"","Measure":{"ID":"24","Sign":"","Signs":{"ID":"13815","_":"mm","Language":"FI"}},"Name":{"Value":"Mitat (LxSxK)","Language":"FI"}}}]},{"ID":15273,"SortNo":"-5","FeatureGroup":{"ID":"116","Name":{"Value":"Pakkauksen sisältö","Language":"FI"}},"Features":[{"Localized":0,"ID":511109969,"LocalID":0,"Type":"y_n","Value":"Y","CategoryFeatureId":"140697","CategoryFeatureGroupID":"15273","SortNo":"0","PresentationValue":"Kyllä","RawValue":"Y","LocalValue":"Kyllä","Description":"","Mandatory":"0","Searchable":"0","Optional":"0","Feature":{"ID":"3965","Sign":"","Measure":{"ID":"26","Sign":"","Signs":{"ID":"","_":"","Language":"FI"}},"Name":{"Value":"Käyttöopas","Language":"FI"}}}]}],"FeatureLogos":[],"ReasonsToBuy":[],"Reviews":[],"ProductRelated":[],"CatalogObjectCloud":{},"Variants":[],"ProductStory":[],"Dictionary":{"model_name":"Tuotenimi","desc":"Kuvaus","ean_code":"EAN/UPC-koodi","flash360":"3D-esittely","demo_msg_part3":"Jos sinulla ei ole Icecat-k&auml;ytt&auml;j&auml;tili&auml;, ole hyv&auml; ja rekister&ouml;idy maksutta t&auml;&auml;lt&auml;.","repairability_index":"Repairability index","zoom_panel_init":"Alkuper&auml;inen koko","cat_name":"Ryhm&auml;","product_family":"Tuoteperhe","back_to_top":"Takaisin yl&ouml;s","zoom_panel_out":"Loitonna","specs":"Tekniset tiedot","eu_product_fiche":"EU-tuoteseloste","reviews_head_name":"Arvostelut","pdf_specs":"Tuote-esite","zoom_panel_in":"L&auml;henn&auml;","html_content":"","release_date":"Julkaisup&auml;iv&auml;","demo_msg_part1":"K&auml;yt&auml;t t&auml;ll&auml; hetkell&auml; demo-k&auml;ytt&auml;j&auml;tili&auml;. Ole hyv&auml; ja k&auml;yt&auml; omaa Icecat-k&auml;ytt&auml;j&auml;tili&auml;si.","demo_insert_desc":"This is a demo of a seamless insert of an Icecat LIVE product data-sheet in your website. Imagine that this responsive data-sheet is included in the product page of your webshop.","pdf_url":"K&auml;ytt&ouml;opas","prod_code":"Tuotekoodi","supplier_name":"Tuotemerkki","video":"Video","reasons_to_buy":"Syitä ostaa","marketing_text":"Kuvaus","options_head_name":"Vaihtoehdot","product_series":"Tuotesarja","demo_msg_part2":"Icecat k&auml;ytt&auml;j&auml;tunnuksesi","link_integrate_desk":"Kuinka integroida Icecat LIVE JavaScript.","zoom_panel_dragg":"Hiirell&auml; vet&auml;minen","eu_energy_label":"EU-energiamerkintä"},"DemoAccount":false}}