{"msg":"OK","data":{"GeneralInfo":{"IcecatId":134703582,"ReleaseDate":"","EndOfLifeDate":"","Title":"Allegra K Allergy 12 Hour Dissolve Tabs Tabletti","TitleInfo":{"GeneratedIntTitle":"Allegra K Allergy 12 Hour Dissolve Tabs","GeneratedLocalTitle":{"Value":"Allegra K Allergy 12 Hour Dissolve Tabs Tabletti","Language":"FI"},"BrandLocalTitle":{"Value":"","Language":"FI"}},"Brand":"Allegra K","BrandID":"26222","BrandLogo":"","BrandInfo":{"BrandName":"Allegra K","BrandLocalName":"","BrandLogo":""},"ProductName":"Allergy 12 Hour Dissolve Tabs","ProductNameInfo":{"ProductIntName":"Allergy 12 Hour Dissolve Tabs","ProductLocalName":{"Value":"","Language":"FI"}},"BrandPartCode":"1-00-41167-42326-4","GTIN":[],"Category":{"CategoryID":"4879","Name":{"Value":"Antiallergiset lääkkeet","Language":"FI"}},"ProductFamily":{},"ProductSeries":{"SeriesID":"1"},"Description":{},"SummaryDescription":{"ShortSummaryDescription":"Allegra K Allergy 12 Hour Dissolve Tabs, Tabletti, Kupla, Oranssi","LongSummaryDescription":"Allegra K Allergy 12 Hour Dissolve Tabs. Annostelutapa: Tabletti, Annostelijan tyyppi: Kupla, Soveltuvuus: Lapset"},"BulletPoints":{},"GeneratedBulletPoints":{},"GTINs":[]},"Image":{"HighPic":"https://inishop.com/img/gallery/4f1b19c38ba7e176ba975391b8ba894359917fe3.jpg","HighPicSize":"106246","HighPicHeight":"424","HighPicWidth":"246","LowPic":"https://inishop.com/img/gallery_lows/cd5942ca1c9b68a527f8e4502809d3e8e807cbf7.jpg","LowPicSize":"32062","LowPicHeight":"200","LowPicWidth":"116","Pic500x500":"","Pic500x500Size":"0","Pic500x500Height":"0","Pic500x500Width":"0","ThumbPic":"https://inishop.com/img/gallery_thumbs/6580b1897a4ae4004f5ddc5b16d22ca0fa2488a4.jpg","ThumbPicSize":"7183"},"Multimedia":[{"ID":"710A78B6-29DC-4F88-A2EE-78DE3CABAAD2","URL":"https://inishop.com/objects/134703582_69144502.mp4?access=BZLyM90LlqvbxAGzipa8lDP7Dntpm66YMFyevNY1fjc8UjwS3ygihC0r0RNkAK9a","Type":"video/mp4","ContentType":"video/mp4","KeepAsUrl":"0","Description":"Children's Allegra® Allergy 12 Hour Dissolve Tabs","Size":"1402789","IsPrivate":"0","Updated":"2025-09-10 13:19:19","Language":"","IsVideo":1,"ThumbUrl":"https://inishop.com/objects/thumb/134703582_69144502_thumb.png?access=BZLyM90LlqvbxAGzipa8lDP7Dntpm66YMFyevNY1fjc8UjwS3ygihC0r0RNkAK9a","PreviewUrl":"https://inishop.com/objects/preview/134703582_69144502_preview.png?access=BZLyM90LlqvbxAGzipa8lDP7Dntpm66YMFyevNY1fjc8UjwS3ygihC0r0RNkAK9a"},{"ID":"D8D97A49-4FCC-4BE3-B4F2-B75A52E10A09","URL":"https://inishop.com/objects/mmo_134703582_1757595007_6945_104.txt","Type":"ProductStory2.0","ContentType":"text/html","KeepAsUrl":"0","Description":"ProductStory2.0","Size":"4844","IsPrivate":"0","Updated":"2025-09-11 14:50:07","Language":"FI","IsVideo":0},{"ID":"532FAEA4-3E5C-4522-B2B9-93889F47172A","URL":"https://live-html.icecat.biz/ab70b0ac47fcf25338712218876b89dc/index.html","Type":"ProductStory","ContentType":"application/zip","KeepAsUrl":"0","Description":"ProductStory","Size":"1884","IsPrivate":"0","Updated":"2025-09-11 14:50:14","Language":"FI","IsVideo":0}],"Gallery":[{"ID":"117095016","LowPic":"https://inishop.com/img/gallery_lows/cd5942ca1c9b68a527f8e4502809d3e8e807cbf7.jpg","LowSize":"32062","LowHeight":"200","LowWidth":"116","ThumbPic":"https://inishop.com/img/gallery_thumbs/6580b1897a4ae4004f5ddc5b16d22ca0fa2488a4.jpg","ThumbPicSize":"7183","Pic":"https://inishop.com/img/gallery/4f1b19c38ba7e176ba975391b8ba894359917fe3.jpg","Size":"106246","PicHeight":"424","PicWidth":"246","Pic500x500":"","Pic500x500Size":"0","Pic500x500Height":"0","Pic500x500Width":"0","No":"1","IsMain":"Y","Updated":"2025-09-09 10:14:05","IsPrivate":"0","Type":"ProductImage","Attributes":{"OriginalFileName":""}},{"ID":"117095060","LowPic":"https://inishop.com/img/gallery_lows/f47e218e6978dc3703c08f707c0f388bb5d6bf77.jpg","LowSize":"36755","LowHeight":"139","LowWidth":"200","ThumbPic":"https://inishop.com/img/gallery_thumbs/4a8071c8a89568b212563019d1ef8eb080d58dc6.jpg","ThumbPicSize":"7867","Pic":"https://inishop.com/img/gallery/474f55b77a0e246e3d9c6a9905ad95eff86e1c4e.jpg","Size":"268859","PicHeight":"508","PicWidth":"729","Pic500x500":"https://inishop.com/img/gallery_mediums/34d23d1e7da5113702474734a54b2bf7d52af318.jpg","Pic500x500Size":"156734","Pic500x500Height":"348","Pic500x500Width":"500","No":"2","IsMain":"N","Updated":"2025-09-09 10:15:10","IsPrivate":"0","Type":"LifestyleImage","Attributes":{"OriginalFileName":""}},{"ID":"117095063","LowPic":"https://inishop.com/img/gallery_lows/784fc481706b3a0a46010d9ebe66fef69f67eec2.jpg","LowSize":"15346","LowHeight":"139","LowWidth":"200","ThumbPic":"https://inishop.com/img/gallery_thumbs/81ba53a304328c0d8833fc6f8d4caa344b2a70f5.jpg","ThumbPicSize":"4481","Pic":"https://inishop.com/img/gallery/1aeae5c8dd5eededa09286bc54fe3b993dc52bf4.jpg","Size":"102847","PicHeight":"508","PicWidth":"729","Pic500x500":"https://inishop.com/img/gallery_mediums/d1afe7b42e3787ad5faccc2e7f0ae9a8b08493b9.jpg","Pic500x500Size":"60076","Pic500x500Height":"348","Pic500x500Width":"500","No":"3","IsMain":"N","Updated":"2025-09-09 10:15:15","IsPrivate":"0","Type":"LifestyleImage","Attributes":{"OriginalFileName":""}}],"FeaturesGroups":[{"ID":17656,"SortNo":"5","FeatureGroup":{"ID":"185","Name":{"Value":"Ominaisuudet","Language":"FI"}},"Features":[{"Localized":0,"ID":835230484,"LocalID":0,"Type":"dropdown","Value":"Tablet (substance)","CategoryFeatureId":"162301","CategoryFeatureGroupID":"17656","SortNo":"100","PresentationValue":"Tabletti","RawValue":"Tablet (substance)","LocalValue":"Tabletti","Description":"","Mandatory":"1","Searchable":"1","Optional":"0","Feature":{"ID":"25712","Sign":"","Measure":{"ID":"29","Sign":"","Signs":{"ID":"","_":"","Language":"FI"}},"Name":{"Value":"Annostelutapa","Language":"FI"}}},{"Localized":0,"ID":835230487,"LocalID":0,"Type":"dropdown","Value":"Blister","CategoryFeatureId":"167653","CategoryFeatureGroupID":"17656","SortNo":"99","PresentationValue":"Kupla","RawValue":"Blister","LocalValue":"Kupla","Description":"The type of container from which the product can be dispensed, e.g. bag, tube etc.","Mandatory":"0","Searchable":"0","Optional":"0","Feature":{"ID":"17965","Sign":"","Measure":{"ID":"29","Sign":"","Signs":{"ID":"","_":"","Language":"FI"}},"Name":{"Value":"Annostelijan tyyppi","Language":"FI"}}},{"Localized":0,"ID":835230491,"LocalID":0,"Type":"dropdown","Value":"Children","CategoryFeatureId":"162302","CategoryFeatureGroupID":"17656","SortNo":"95","PresentationValue":"Lapset","RawValue":"Children","LocalValue":"Lapset","Description":"Who can use the product, or what the product can be used for.","Mandatory":"0","Searchable":"0","Optional":"0","Feature":{"ID":"9202","Sign":"","Measure":{"ID":"29","Sign":"","Signs":{"ID":"","_":"","Language":"FI"}},"Name":{"Value":"Soveltuvuus","Language":"FI"}}},{"Localized":0,"ID":835230795,"LocalID":0,"Type":"numerical","Value":"6","CategoryFeatureId":"162303","CategoryFeatureGroupID":"17656","SortNo":"90","PresentationValue":"6 vuosi/vuosia","RawValue":"6","LocalValue":"6","Description":"The minimum age suitable for using this product.","Mandatory":"0","Searchable":"0","Optional":"0","Feature":{"ID":"7769","Sign":"","Measure":{"ID":"439","Sign":"","Signs":{"ID":"39444","_":"vuosi/vuosia","Language":"FI"}},"Name":{"Value":"Alaikäraja","Language":"FI"}}},{"Localized":0,"ID":835230676,"LocalID":0,"Type":"dropdown","Value":"Orange","CategoryFeatureId":"162304","CategoryFeatureGroupID":"17656","SortNo":"85","PresentationValue":"Oranssi","RawValue":"Orange","LocalValue":"Oranssi","Description":"How something tastes.","Mandatory":"0","Searchable":"0","Optional":"0","Feature":{"ID":"12019","Sign":"","Measure":{"ID":"29","Sign":"","Signs":{"ID":"","_":"","Language":"FI"}},"Name":{"Value":"Maku","Language":"FI"}}},{"Localized":0,"ID":835230655,"LocalID":0,"Type":"numerical","Value":"12","CategoryFeatureId":"162305","CategoryFeatureGroupID":"17656","SortNo":"80","PresentationValue":"12 h","RawValue":"12","LocalValue":"12","Description":"","Mandatory":"0","Searchable":"0","Optional":"0","Feature":{"ID":"19115","Sign":"","Measure":{"ID":"46","Sign":"","Signs":{"ID":"13834","_":"h","Language":"FI"}},"Name":{"Value":"Vaikutuksen kesto","Language":"FI"}}},{"Localized":0,"ID":835230862,"LocalID":0,"Type":"y_n","Value":"Y","CategoryFeatureId":"162306","CategoryFeatureGroupID":"17656","SortNo":"30","PresentationValue":"Kyllä","RawValue":"Y","LocalValue":"Kyllä","Description":"","Mandatory":"0","Searchable":"0","Optional":"0","Feature":{"ID":"25715","Sign":"","Measure":{"ID":"26","Sign":"","Signs":{"ID":"","_":"","Language":"FI"}},"Name":{"Value":"Väsyttämätön","Language":"FI"}}},{"Localized":0,"ID":835230848,"LocalID":0,"Type":"y_n","Value":"Y","CategoryFeatureId":"162309","CategoryFeatureGroupID":"17656","SortNo":"27","PresentationValue":"Kyllä","RawValue":"Y","LocalValue":"Kyllä","Description":"","Mandatory":"0","Searchable":"0","Optional":"0","Feature":{"ID":"25716","Sign":"","Measure":{"ID":"26","Sign":"","Signs":{"ID":"","_":"","Language":"FI"}},"Name":{"Value":"Tehoaa nopeasti","Language":"FI"}}},{"Localized":0,"ID":835230647,"LocalID":0,"Type":"y_n","Value":"Y","CategoryFeatureId":"162310","CategoryFeatureGroupID":"17656","SortNo":"26","PresentationValue":"Kyllä","RawValue":"Y","LocalValue":"Kyllä","Description":"","Mandatory":"0","Searchable":"0","Optional":"0","Feature":{"ID":"18071","Sign":"","Measure":{"ID":"26","Sign":"","Signs":{"ID":"","_":"","Language":"FI"}},"Name":{"Value":"Pitkäkestoinen","Language":"FI"}}},{"Localized":0,"ID":835230852,"LocalID":0,"Type":"numerical","Value":"24","CategoryFeatureId":"280319","CategoryFeatureGroupID":"17656","SortNo":"0","PresentationValue":"24 kpl","RawValue":"24","LocalValue":"24","Description":"","Mandatory":"0","Searchable":"0","Optional":"0","Feature":{"ID":"20228","Sign":"","Measure":{"ID":"144","Sign":"","Signs":{"ID":"3770","_":"kpl","Language":"FI"}},"Name":{"Value":"Lukumäärä per pakkaus","Language":"FI"}}}]}],"FeatureLogos":[],"ReasonsToBuy":[],"Reviews":[],"ProductRelated":[],"CatalogObjectCloud":{},"Variants":[],"ProductStory":[{"ID":"532FAEA4-3E5C-4522-B2B9-93889F47172A","URL":"https://live-html.icecat.biz/ab70b0ac47fcf25338712218876b89dc/index.html","Type":"ProductStory","ContentType":"application/zip","KeepAsUrl":"0","Description":"ProductStory","Size":"1884","IsPrivate":"0","Updated":"2025-09-11 14:50:14","Language":"FI","IsVideo":0}],"Dictionary":{"model_name":"Tuotenimi","desc":"Kuvaus","ean_code":"EAN/UPC-koodi","flash360":"3D-esittely","demo_msg_part3":"Jos sinulla ei ole Icecat-k&auml;ytt&auml;j&auml;tili&auml;, ole hyv&auml; ja rekister&ouml;idy maksutta t&auml;&auml;lt&auml;.","repairability_index":"Repairability index","zoom_panel_init":"Alkuper&auml;inen koko","cat_name":"Ryhm&auml;","product_family":"Tuoteperhe","back_to_top":"Takaisin yl&ouml;s","zoom_panel_out":"Loitonna","specs":"Tekniset tiedot","eu_product_fiche":"EU-tuoteseloste","reviews_head_name":"Arvostelut","pdf_specs":"Tuote-esite","zoom_panel_in":"L&auml;henn&auml;","html_content":"","release_date":"Julkaisup&auml;iv&auml;","demo_msg_part1":"K&auml;yt&auml;t t&auml;ll&auml; hetkell&auml; demo-k&auml;ytt&auml;j&auml;tili&auml;. Ole hyv&auml; ja k&auml;yt&auml; omaa Icecat-k&auml;ytt&auml;j&auml;tili&auml;si.","demo_insert_desc":"This is a demo of a seamless insert of an Icecat LIVE product data-sheet in your website. Imagine that this responsive data-sheet is included in the product page of your webshop.","pdf_url":"K&auml;ytt&ouml;opas","prod_code":"Tuotekoodi","supplier_name":"Tuotemerkki","video":"Video","reasons_to_buy":"Syitä ostaa","marketing_text":"Kuvaus","options_head_name":"Vaihtoehdot","product_series":"Tuotesarja","demo_msg_part2":"Icecat k&auml;ytt&auml;j&auml;tunnuksesi","link_integrate_desk":"Kuinka integroida Icecat LIVE JavaScript.","zoom_panel_dragg":"Hiirell&auml; vet&auml;minen","eu_energy_label":"EU-energiamerkintä"},"DemoAccount":false}}