{"msg":"OK","data":{"GeneralInfo":{"IcecatId":134703646,"ReleaseDate":"","EndOfLifeDate":"","Title":"1-800-Flowers Magnificent Roses Just because","TitleInfo":{"GeneratedIntTitle":"1-800-Flowers Magnificent Roses","GeneratedLocalTitle":{"Value":"1-800-Flowers Magnificent Roses Just because","Language":"FI"},"BrandLocalTitle":{"Value":"","Language":"FI"}},"Brand":"1-800-Flowers","BrandID":"43650","BrandLogo":"","BrandInfo":{"BrandName":"1-800-Flowers","BrandLocalName":"","BrandLogo":""},"ProductName":"Magnificent Roses","ProductNameInfo":{"ProductIntName":"Magnificent Roses","ProductLocalName":{"Value":"","Language":"FI"}},"BrandPartCode":"1001-P-156598","GTIN":[],"Category":{"CategoryID":"4796","Name":{"Value":"Tuoreet sekakukkakimput","Language":"FI"}},"ProductFamily":{},"ProductSeries":{"SeriesID":"1"},"Description":{},"SummaryDescription":{"ShortSummaryDescription":"1-800-Flowers Magnificent Roses, Tuoreleikkokukka, Punainen, Just because, 300 mm, 400 mm","LongSummaryDescription":"1-800-Flowers Magnificent Roses. Tuotetyyppi: Tuoreleikkokukka, Tuotteen väri: Punainen, Tilaisuus: Just because. Pakkauksen leveys: 300 mm, Pakkauksen korkeus: 400 mm"},"BulletPoints":{},"GeneratedBulletPoints":{},"GTINs":[]},"Image":{"HighPic":"https://inishop.com/img/gallery/9c1acbc7adde51d3409ae3cb2c3d7f20d5efcfb1.jpg","HighPicSize":"178514","HighPicHeight":"597","HighPicWidth":"545","LowPic":"https://inishop.com/img/gallery_lows/238293874d41dbe2126eb573986772c425a23c2d.jpg","LowPicSize":"38167","LowPicHeight":"200","LowPicWidth":"183","Pic500x500":"https://inishop.com/img/gallery_mediums/358cd50425721bf2e9f611a0e8b2c2fe34912044.jpg","Pic500x500Size":"169692","Pic500x500Height":"500","Pic500x500Width":"456","ThumbPic":"https://inishop.com/img/gallery_thumbs/7dc5e3ba9afed12eece383bf284f2bbd0de0114b.jpg","ThumbPicSize":"8040"},"Multimedia":[],"Gallery":[{"ID":"117095806","LowPic":"https://inishop.com/img/gallery_lows/238293874d41dbe2126eb573986772c425a23c2d.jpg","LowSize":"38167","LowHeight":"200","LowWidth":"183","ThumbPic":"https://inishop.com/img/gallery_thumbs/7dc5e3ba9afed12eece383bf284f2bbd0de0114b.jpg","ThumbPicSize":"8040","Pic":"https://inishop.com/img/gallery/9c1acbc7adde51d3409ae3cb2c3d7f20d5efcfb1.jpg","Size":"178514","PicHeight":"597","PicWidth":"545","Pic500x500":"https://inishop.com/img/gallery_mediums/358cd50425721bf2e9f611a0e8b2c2fe34912044.jpg","Pic500x500Size":"169692","Pic500x500Height":"500","Pic500x500Width":"456","No":"1","IsMain":"Y","Updated":"2025-09-09 11:23:13","IsPrivate":"0","Type":"ProductImage","Attributes":{"OriginalFileName":""}}],"FeaturesGroups":[{"ID":24776,"SortNo":"50","FeatureGroup":{"ID":"185","Name":{"Value":"Ominaisuudet","Language":"FI"}},"Features":[{"Localized":0,"ID":835245142,"LocalID":0,"Type":"dropdown","Value":"Fresh cut flower","CategoryFeatureId":"935697","CategoryFeatureGroupID":"24776","SortNo":"500","PresentationValue":"Tuoreleikkokukka","RawValue":"Fresh cut flower","LocalValue":"Tuoreleikkokukka","Description":"The sub-category of the product.","Mandatory":"1","Searchable":"1","Optional":"0","Feature":{"ID":"14052","Sign":"","Measure":{"ID":"29","Sign":"","Signs":{"ID":"","_":"","Language":"FI"}},"Name":{"Value":"Tuotetyyppi","Language":"FI"}}},{"Localized":0,"ID":835245138,"LocalID":0,"Type":"multi_dropdown","Value":"Red","CategoryFeatureId":"945016","CategoryFeatureGroupID":"24776","SortNo":"300","PresentationValue":"Punainen","RawValue":"Red","LocalValue":"Punainen","Description":"The colour e.g. red","Mandatory":"0","Searchable":"0","Optional":"0","Feature":{"ID":"1766","Sign":"","Measure":{"ID":"29","Sign":"","Signs":{"ID":"","_":"","Language":"FI"}},"Name":{"Value":"Tuotteen väri","Language":"FI"}}},{"Localized":0,"ID":835245143,"LocalID":0,"Type":"dropdown","Value":"Just because","CategoryFeatureId":"221114","CategoryFeatureGroupID":"24776","SortNo":"250","PresentationValue":"Just because","RawValue":"Just because","LocalValue":"Just because","Description":"","Mandatory":"0","Searchable":"0","Optional":"0","Feature":{"ID":"29202","Sign":"","Measure":{"ID":"29","Sign":"","Signs":{"ID":"","_":"","Language":"FI"}},"Name":{"Value":"Tilaisuus","Language":"FI"}}}]},{"ID":47651,"SortNo":"0","FeatureGroup":{"ID":"14","Name":{"Value":"Paino ja mitat","Language":"FI"}},"Features":[{"Localized":0,"ID":835245141,"LocalID":0,"Type":"numerical","Value":"300","CategoryFeatureId":"411869","CategoryFeatureGroupID":"47651","SortNo":"0","PresentationValue":"300 mm","RawValue":"300","LocalValue":"300","Description":"The distance from one side of the packaging to the other.","Mandatory":"0","Searchable":"0","Optional":"0","Feature":{"ID":"3808","Sign":"","Measure":{"ID":"24","Sign":"","Signs":{"ID":"13815","_":"mm","Language":"FI"}},"Name":{"Value":"Pakkauksen leveys","Language":"FI"}}},{"Localized":0,"ID":835245139,"LocalID":0,"Type":"numerical","Value":"400","CategoryFeatureId":"414576","CategoryFeatureGroupID":"47651","SortNo":"0","PresentationValue":"400 mm","RawValue":"400","LocalValue":"400","Description":"The distance from the top to the bottom of the packaging.","Mandatory":"0","Searchable":"0","Optional":"0","Feature":{"ID":"3807","Sign":"","Measure":{"ID":"24","Sign":"","Signs":{"ID":"13815","_":"mm","Language":"FI"}},"Name":{"Value":"Pakkauksen korkeus","Language":"FI"}}}]}],"FeatureLogos":[],"ReasonsToBuy":[],"Reviews":[],"ProductRelated":[],"CatalogObjectCloud":{},"Variants":[],"ProductStory":[],"Dictionary":{"model_name":"Tuotenimi","desc":"Kuvaus","ean_code":"EAN/UPC-koodi","flash360":"3D-esittely","demo_msg_part3":"Jos sinulla ei ole Icecat-k&auml;ytt&auml;j&auml;tili&auml;, ole hyv&auml; ja rekister&ouml;idy maksutta t&auml;&auml;lt&auml;.","repairability_index":"Repairability index","zoom_panel_init":"Alkuper&auml;inen koko","cat_name":"Ryhm&auml;","product_family":"Tuoteperhe","back_to_top":"Takaisin yl&ouml;s","zoom_panel_out":"Loitonna","specs":"Tekniset tiedot","eu_product_fiche":"EU-tuoteseloste","reviews_head_name":"Arvostelut","pdf_specs":"Tuote-esite","zoom_panel_in":"L&auml;henn&auml;","html_content":"","release_date":"Julkaisup&auml;iv&auml;","demo_msg_part1":"K&auml;yt&auml;t t&auml;ll&auml; hetkell&auml; demo-k&auml;ytt&auml;j&auml;tili&auml;. Ole hyv&auml; ja k&auml;yt&auml; omaa Icecat-k&auml;ytt&auml;j&auml;tili&auml;si.","demo_insert_desc":"This is a demo of a seamless insert of an Icecat LIVE product data-sheet in your website. Imagine that this responsive data-sheet is included in the product page of your webshop.","pdf_url":"K&auml;ytt&ouml;opas","prod_code":"Tuotekoodi","supplier_name":"Tuotemerkki","video":"Video","reasons_to_buy":"Syitä ostaa","marketing_text":"Kuvaus","options_head_name":"Vaihtoehdot","product_series":"Tuotesarja","demo_msg_part2":"Icecat k&auml;ytt&auml;j&auml;tunnuksesi","link_integrate_desk":"Kuinka integroida Icecat LIVE JavaScript.","zoom_panel_dragg":"Hiirell&auml; vet&auml;minen","eu_energy_label":"EU-energiamerkintä"},"DemoAccount":false}}