{"msg":"OK","data":{"GeneralInfo":{"IcecatId":134703644,"ReleaseDate":"","EndOfLifeDate":"","Title":"1-800-Flowers Floral Embrace Just because","TitleInfo":{"GeneratedIntTitle":"1-800-Flowers Floral Embrace","GeneratedLocalTitle":{"Value":"1-800-Flowers Floral Embrace Just because","Language":"FI"},"BrandLocalTitle":{"Value":"","Language":"FI"}},"Brand":"1-800-Flowers","BrandID":"43650","BrandLogo":"","BrandInfo":{"BrandName":"1-800-Flowers","BrandLocalName":"","BrandLogo":""},"ProductName":"Floral Embrace","ProductNameInfo":{"ProductIntName":"Floral Embrace","ProductLocalName":{"Value":"","Language":"FI"}},"BrandPartCode":"1001-P-191167","GTIN":[],"Category":{"CategoryID":"4796","Name":{"Value":"Tuoreet sekakukkakimput","Language":"FI"}},"ProductFamily":{},"ProductSeries":{"SeriesID":"1"},"Description":{},"SummaryDescription":{"ShortSummaryDescription":"1-800-Flowers Floral Embrace, Sekalainen leikkokukkakimppu, Monivärinen, Just because, 300 mm, 400 mm","LongSummaryDescription":"1-800-Flowers Floral Embrace. Tuotetyyppi: Sekalainen leikkokukkakimppu, Tuotteen väri: Monivärinen, Tilaisuus: Just because. Pakkauksen leveys: 300 mm, Pakkauksen korkeus: 400 mm"},"BulletPoints":{},"GeneratedBulletPoints":{},"GTINs":[]},"Image":{"HighPic":"https://inishop.com/img/gallery/fafcf24b8019473923624237c520c1e636489c9c.jpg","HighPicSize":"418837","HighPicHeight":"788","HighPicWidth":"720","LowPic":"https://inishop.com/img/gallery_lows/bac85b87c54720485f37c8f5854a02b888becd76.jpg","LowPicSize":"48688","LowPicHeight":"200","LowPicWidth":"183","Pic500x500":"https://inishop.com/img/gallery_mediums/b4be52279c47cd38914fa6af106adf934fd0cf9f.jpg","Pic500x500Size":"250838","Pic500x500Height":"500","Pic500x500Width":"457","ThumbPic":"https://inishop.com/img/gallery_thumbs/3b6e7b7cad161186f62f889ae2f7785af8c5682c.jpg","ThumbPicSize":"9144"},"Multimedia":[],"Gallery":[{"ID":"117095783","LowPic":"https://inishop.com/img/gallery_lows/bac85b87c54720485f37c8f5854a02b888becd76.jpg","LowSize":"48688","LowHeight":"200","LowWidth":"183","ThumbPic":"https://inishop.com/img/gallery_thumbs/3b6e7b7cad161186f62f889ae2f7785af8c5682c.jpg","ThumbPicSize":"9144","Pic":"https://inishop.com/img/gallery/fafcf24b8019473923624237c520c1e636489c9c.jpg","Size":"418837","PicHeight":"788","PicWidth":"720","Pic500x500":"https://inishop.com/img/gallery_mediums/b4be52279c47cd38914fa6af106adf934fd0cf9f.jpg","Pic500x500Size":"250838","Pic500x500Height":"500","Pic500x500Width":"457","No":"1","IsMain":"Y","Updated":"2025-09-09 11:16:39","IsPrivate":"0","Type":"ProductImage","Attributes":{"OriginalFileName":""}},{"ID":"117095784","LowPic":"https://inishop.com/img/gallery_lows/e7e18c6b83ab8b67b3bc36a1ef76cc8c59d63d12.jpg","LowSize":"68676","LowHeight":"200","LowWidth":"183","ThumbPic":"https://inishop.com/img/gallery_thumbs/ae45b0355d792a9f51bc1a4ac87bf4cc67e254d9.jpg","ThumbPicSize":"12653","Pic":"https://inishop.com/img/gallery/5c2f49e29fa14c8fb2c071a6cdef5649ddf88173.jpg","Size":"580244","PicHeight":"788","PicWidth":"720","Pic500x500":"https://inishop.com/img/gallery_mediums/98c78b1974a02b2135ce9fbeffe29e6a89cdd5b8.jpg","Pic500x500Size":"326963","Pic500x500Height":"500","Pic500x500Width":"457","No":"2","IsMain":"N","Updated":"2025-09-09 11:16:39","IsPrivate":"0","Type":"ProductImage","Attributes":{"OriginalFileName":""}},{"ID":"117095785","LowPic":"https://inishop.com/img/gallery_lows/cc961239817b24e5819e9bb3bf39bd8a6b65d408.jpg","LowSize":"31755","LowHeight":"200","LowWidth":"183","ThumbPic":"https://inishop.com/img/gallery_thumbs/bdeeb510746c79f72a3131e21e4f423afe8becec.jpg","ThumbPicSize":"6647","Pic":"https://inishop.com/img/gallery/7a16d70faed0ee42779a14b5b954a338ae376870.jpg","Size":"202869","PicHeight":"788","PicWidth":"720","Pic500x500":"https://inishop.com/img/gallery_mediums/d4c10a837588f8cacd0ec789389a54ab0238f4e6.jpg","Pic500x500Size":"145293","Pic500x500Height":"500","Pic500x500Width":"457","No":"4","IsMain":"N","Updated":"2025-09-09 11:16:39","IsPrivate":"0","Type":"ProductImage","Attributes":{"OriginalFileName":""}},{"ID":"117095786","LowPic":"https://inishop.com/img/gallery_lows/1f70f15dca85d15c9186f5df44abbeb8ebb2eb04.jpg","LowSize":"52659","LowHeight":"200","LowWidth":"183","ThumbPic":"https://inishop.com/img/gallery_thumbs/cc4437bdcec8a4b20d6e05b31cfab6acc09d5ba1.jpg","ThumbPicSize":"10631","Pic":"https://inishop.com/img/gallery/4af9ed15789d246b44eb27c9b0dc0991296fc939.jpg","Size":"409984","PicHeight":"788","PicWidth":"720","Pic500x500":"https://inishop.com/img/gallery_mediums/3a70056c20985e6af440b1913ce592dfb6214d7e.jpg","Pic500x500Size":"244430","Pic500x500Height":"500","Pic500x500Width":"457","No":"5","IsMain":"N","Updated":"2025-09-09 11:16:39","IsPrivate":"0","Type":"ProductImage","Attributes":{"OriginalFileName":""}},{"ID":"117095787","LowPic":"https://inishop.com/img/gallery_lows/b0766e147514d65fcbe25d98b1e381b414ea7979.jpg","LowSize":"30263","LowHeight":"200","LowWidth":"183","ThumbPic":"https://inishop.com/img/gallery_thumbs/60f33618c9c6990d8b56356a7796efc3951995c5.jpg","ThumbPicSize":"6350","Pic":"https://inishop.com/img/gallery/611d8087003f0b8c641f17f3b101a6d03c34736a.jpg","Size":"221348","PicHeight":"788","PicWidth":"720","Pic500x500":"https://inishop.com/img/gallery_mediums/f72051f6ec2db93f47c6032e893ada44c34f3e31.jpg","Pic500x500Size":"138567","Pic500x500Height":"500","Pic500x500Width":"457","No":"6","IsMain":"N","Updated":"2025-09-09 11:16:39","IsPrivate":"0","Type":"ProductImage","Attributes":{"OriginalFileName":""}}],"FeaturesGroups":[{"ID":24776,"SortNo":"50","FeatureGroup":{"ID":"185","Name":{"Value":"Ominaisuudet","Language":"FI"}},"Features":[{"Localized":0,"ID":835245006,"LocalID":0,"Type":"dropdown","Value":"Fresh cut mixed bouquet","CategoryFeatureId":"935697","CategoryFeatureGroupID":"24776","SortNo":"500","PresentationValue":"Sekalainen leikkokukkakimppu","RawValue":"Fresh cut mixed bouquet","LocalValue":"Sekalainen leikkokukkakimppu","Description":"The sub-category of the product.","Mandatory":"1","Searchable":"1","Optional":"0","Feature":{"ID":"14052","Sign":"","Measure":{"ID":"29","Sign":"","Signs":{"ID":"","_":"","Language":"FI"}},"Name":{"Value":"Tuotetyyppi","Language":"FI"}}},{"Localized":0,"ID":835245005,"LocalID":0,"Type":"multi_dropdown","Value":"Multicolour","CategoryFeatureId":"945016","CategoryFeatureGroupID":"24776","SortNo":"300","PresentationValue":"Monivärinen","RawValue":"Multicolour","LocalValue":"Monivärinen","Description":"The colour e.g. red","Mandatory":"0","Searchable":"0","Optional":"0","Feature":{"ID":"1766","Sign":"","Measure":{"ID":"29","Sign":"","Signs":{"ID":"","_":"","Language":"FI"}},"Name":{"Value":"Tuotteen väri","Language":"FI"}}},{"Localized":0,"ID":835245007,"LocalID":0,"Type":"dropdown","Value":"Just because","CategoryFeatureId":"221114","CategoryFeatureGroupID":"24776","SortNo":"250","PresentationValue":"Just because","RawValue":"Just because","LocalValue":"Just because","Description":"","Mandatory":"0","Searchable":"0","Optional":"0","Feature":{"ID":"29202","Sign":"","Measure":{"ID":"29","Sign":"","Signs":{"ID":"","_":"","Language":"FI"}},"Name":{"Value":"Tilaisuus","Language":"FI"}}}]},{"ID":47651,"SortNo":"0","FeatureGroup":{"ID":"14","Name":{"Value":"Paino ja mitat","Language":"FI"}},"Features":[{"Localized":0,"ID":835245039,"LocalID":0,"Type":"numerical","Value":"300","CategoryFeatureId":"411869","CategoryFeatureGroupID":"47651","SortNo":"0","PresentationValue":"300 mm","RawValue":"300","LocalValue":"300","Description":"The distance from one side of the packaging to the other.","Mandatory":"0","Searchable":"0","Optional":"0","Feature":{"ID":"3808","Sign":"","Measure":{"ID":"24","Sign":"","Signs":{"ID":"13815","_":"mm","Language":"FI"}},"Name":{"Value":"Pakkauksen leveys","Language":"FI"}}},{"Localized":0,"ID":835245040,"LocalID":0,"Type":"numerical","Value":"400","CategoryFeatureId":"414576","CategoryFeatureGroupID":"47651","SortNo":"0","PresentationValue":"400 mm","RawValue":"400","LocalValue":"400","Description":"The distance from the top to the bottom of the packaging.","Mandatory":"0","Searchable":"0","Optional":"0","Feature":{"ID":"3807","Sign":"","Measure":{"ID":"24","Sign":"","Signs":{"ID":"13815","_":"mm","Language":"FI"}},"Name":{"Value":"Pakkauksen korkeus","Language":"FI"}}}]}],"FeatureLogos":[],"ReasonsToBuy":[],"Reviews":[],"ProductRelated":[],"CatalogObjectCloud":{},"Variants":[],"ProductStory":[],"Dictionary":{"model_name":"Tuotenimi","desc":"Kuvaus","ean_code":"EAN/UPC-koodi","flash360":"3D-esittely","demo_msg_part3":"Jos sinulla ei ole Icecat-k&auml;ytt&auml;j&auml;tili&auml;, ole hyv&auml; ja rekister&ouml;idy maksutta t&auml;&auml;lt&auml;.","repairability_index":"Repairability index","zoom_panel_init":"Alkuper&auml;inen koko","cat_name":"Ryhm&auml;","product_family":"Tuoteperhe","back_to_top":"Takaisin yl&ouml;s","zoom_panel_out":"Loitonna","specs":"Tekniset tiedot","eu_product_fiche":"EU-tuoteseloste","reviews_head_name":"Arvostelut","pdf_specs":"Tuote-esite","zoom_panel_in":"L&auml;henn&auml;","html_content":"","release_date":"Julkaisup&auml;iv&auml;","demo_msg_part1":"K&auml;yt&auml;t t&auml;ll&auml; hetkell&auml; demo-k&auml;ytt&auml;j&auml;tili&auml;. Ole hyv&auml; ja k&auml;yt&auml; omaa Icecat-k&auml;ytt&auml;j&auml;tili&auml;si.","demo_insert_desc":"This is a demo of a seamless insert of an Icecat LIVE product data-sheet in your website. Imagine that this responsive data-sheet is included in the product page of your webshop.","pdf_url":"K&auml;ytt&ouml;opas","prod_code":"Tuotekoodi","supplier_name":"Tuotemerkki","video":"Video","reasons_to_buy":"Syitä ostaa","marketing_text":"Kuvaus","options_head_name":"Vaihtoehdot","product_series":"Tuotesarja","demo_msg_part2":"Icecat k&auml;ytt&auml;j&auml;tunnuksesi","link_integrate_desk":"Kuinka integroida Icecat LIVE JavaScript.","zoom_panel_dragg":"Hiirell&auml; vet&auml;minen","eu_energy_label":"EU-energiamerkintä"},"DemoAccount":false}}