{"msg":"OK","data":{"GeneralInfo":{"IcecatId":134703516,"ReleaseDate":"","EndOfLifeDate":"","Title":"ASICS Fujitrail Logo Ss Top T-paita Pyöreä pääntie Lyhyt hiha Polyesteri","TitleInfo":{"GeneratedIntTitle":"ASICS Fujitrail Logo Ss Top","GeneratedLocalTitle":{"Value":"ASICS Fujitrail Logo Ss Top T-paita Pyöreä pääntie Lyhyt hiha Polyesteri","Language":"FI"},"BrandLocalTitle":{"Value":"","Language":"FI"}},"Brand":"ASICS","BrandID":"13651","BrandLogo":"","BrandInfo":{"BrandName":"ASICS","BrandLocalName":"","BrandLogo":""},"ProductName":"Fujitrail Logo Ss Top","ProductNameInfo":{"ProductIntName":"Fujitrail Logo Ss Top","ProductLocalName":{"Value":"","Language":"FI"}},"BrandPartCode":"2011D390.001 XL","GTIN":[],"Category":{"CategoryID":"3504","Name":{"Value":"Paidat & topit","Language":"FI"}},"ProductFamily":{},"ProductSeries":{"SeriesID":"1"},"Description":{"ID":"104043966","LongDesc":"Maastojuoksuseikkailuista innoituksensa saanut FUJITRAIL LOGO SHORT SLEEVE TOP -paita kuuluu polkujuoksijan arkielämän vakiovarustukseen.<br><br>Se kuivuu nopeasti, joten voit nauttia maastojuoksulenkeistä mukavin ja varmoin mielin.<br><br>Vähintään 50 % vaatteen päämateriaalista on kierrätettyä, mikä vähentää jätettä ja hiilidioksidipäästöjä.","LongProductName":"FUJITRAIL LOGO SS TOP, Performance Black, XL","MiddleDesc":"","Disclaimer":"","ManualPDFURL":"","ManualPDFSize":"0","LeafletPDFURL":"","PDFSize":"0","URL":"https://www.asics.com/fi/fi-fi/fujitrail-logo-ss-top/p/2011D390-001.html","WarrantyInfo":"","Updated":"2025-09-09 08:43:43","Language":"FI"},"SummaryDescription":{"ShortSummaryDescription":"ASICS Fujitrail Logo Ss Top, T-paita, Aikuinen, Mies, musta, Performance Black, Kuva","LongSummaryDescription":"ASICS Fujitrail Logo Ss Top. Paidan/topin tyyppi: T-paita, Asiakkaan ikäryhmä: Aikuinen, Sukupuoli: Mies. Materiaali: Polyesteri, Materiaalin kuvaus (nimi, % ): 100% Polyester"},"BulletPoints":{},"GeneratedBulletPoints":{"Language":"FI","Values":["T-paita Mies musta","Aikuinen","Polyesteri"]},"GTINs":[]},"Image":{"HighPic":"https://inishop.com/img/gallery/b5ff57a95cf9a9680380e0bd7b76ead0bef93f24.jpg","HighPicSize":"133174","HighPicHeight":"768","HighPicWidth":"1024","LowPic":"https://inishop.com/img/gallery_lows/7e5b9f51f7d70836acd0790428a87a2921e548f5.jpg","LowPicSize":"11656","LowPicHeight":"150","LowPicWidth":"200","Pic500x500":"https://inishop.com/img/gallery_mediums/0411f93095fc0750f4485cabc97d05dd0cbcd32c.jpg","Pic500x500Size":"45754","Pic500x500Height":"375","Pic500x500Width":"500","ThumbPic":"https://inishop.com/img/gallery_thumbs/63cd81410c3943001e3b4a847ba642a778200340.jpg","ThumbPicSize":"3275"},"Multimedia":[],"Gallery":[{"ID":"117094386","LowPic":"https://inishop.com/img/gallery_lows/7e5b9f51f7d70836acd0790428a87a2921e548f5.jpg","LowSize":"11656","LowHeight":"150","LowWidth":"200","ThumbPic":"https://inishop.com/img/gallery_thumbs/63cd81410c3943001e3b4a847ba642a778200340.jpg","ThumbPicSize":"3275","Pic":"https://inishop.com/img/gallery/b5ff57a95cf9a9680380e0bd7b76ead0bef93f24.jpg","Size":"133174","PicHeight":"768","PicWidth":"1024","Pic500x500":"https://inishop.com/img/gallery_mediums/0411f93095fc0750f4485cabc97d05dd0cbcd32c.jpg","Pic500x500Size":"45754","Pic500x500Height":"375","Pic500x500Width":"500","No":"1","IsMain":"Y","Updated":"2025-09-09 08:43:21","IsPrivate":"0","Type":"ProductImage","Attributes":{"OriginalFileName":""}},{"ID":"117094387","LowPic":"https://inishop.com/img/gallery_lows/2c72d39e425a2a50888bc5d64bd921c419b3a566.jpg","LowSize":"9689","LowHeight":"150","LowWidth":"200","ThumbPic":"https://inishop.com/img/gallery_thumbs/306a0cdd3f598522e9f13c3b16e57ab16a8701b4.jpg","ThumbPicSize":"3114","Pic":"https://inishop.com/img/gallery/61de921a81e1a017cda16f99f948086d6356ca0d.jpg","Size":"93802","PicHeight":"768","PicWidth":"1024","Pic500x500":"https://inishop.com/img/gallery_mediums/69816c511ce778459e5675f05ac8918977e15d07.jpg","Pic500x500Size":"36139","Pic500x500Height":"375","Pic500x500Width":"500","No":"2","IsMain":"N","Updated":"2025-09-09 08:43:22","IsPrivate":"0","Type":"ProductImage","Attributes":{"OriginalFileName":""}},{"ID":"117094388","LowPic":"https://inishop.com/img/gallery_lows/ea1425c6bf677f8154157e5154c8f5318a64e69e.jpg","LowSize":"11108","LowHeight":"150","LowWidth":"200","ThumbPic":"https://inishop.com/img/gallery_thumbs/a2aa903357f0bc91d032996a44a866066efd8091.jpg","ThumbPicSize":"3300","Pic":"https://inishop.com/img/gallery/5cc146bdb7927d62009903d5b10b7000ca34702c.jpg","Size":"129700","PicHeight":"768","PicWidth":"1024","Pic500x500":"https://inishop.com/img/gallery_mediums/66c5d3ad36a18e9267f6d5deda27022d9d3bed1b.jpg","Pic500x500Size":"43756","Pic500x500Height":"375","Pic500x500Width":"500","No":"3","IsMain":"N","Updated":"2025-09-09 08:43:23","IsPrivate":"0","Type":"ProductImage","Attributes":{"OriginalFileName":""}},{"ID":"117094389","LowPic":"https://inishop.com/img/gallery_lows/98c877cad081868ec420c90bd5e3148eb90438cc.jpg","LowSize":"14734","LowHeight":"150","LowWidth":"200","ThumbPic":"https://inishop.com/img/gallery_thumbs/45ab99e1a2f8cf423cc185fa0625199dff32f44f.jpg","ThumbPicSize":"4389","Pic":"https://inishop.com/img/gallery/dc2c176f5b5574a4e52eb051da2121a1bb5279d7.jpg","Size":"184491","PicHeight":"768","PicWidth":"1024","Pic500x500":"https://inishop.com/img/gallery_mediums/70a15ac2be19abe4350952831ebd73bbc9fe1a8c.jpg","Pic500x500Size":"61066","Pic500x500Height":"375","Pic500x500Width":"500","No":"4","IsMain":"N","Updated":"2025-09-09 08:43:24","IsPrivate":"0","Type":"ProductImage","Attributes":{"OriginalFileName":""}},{"ID":"117094390","LowPic":"https://inishop.com/img/gallery_lows/905438a3137ccf376fd43a090fe10ac1afa8d4f6.jpg","LowSize":"13385","LowHeight":"150","LowWidth":"200","ThumbPic":"https://inishop.com/img/gallery_thumbs/d7f429eb2fcb5ef1c7f944ea06c1c9f09adacb0e.jpg","ThumbPicSize":"4077","Pic":"https://inishop.com/img/gallery/c5be4ff111cc7abf0d5aec4d9856ab042615d10a.jpg","Size":"202423","PicHeight":"768","PicWidth":"1024","Pic500x500":"https://inishop.com/img/gallery_mediums/83a96dbf08507a7dc4d62c45ff3c3ba725b2a40a.jpg","Pic500x500Size":"60662","Pic500x500Height":"375","Pic500x500Width":"500","No":"5","IsMain":"N","Updated":"2025-09-09 08:43:25","IsPrivate":"0","Type":"ProductImage","Attributes":{"OriginalFileName":""}},{"ID":"117094391","LowPic":"https://inishop.com/img/gallery_lows/655ec64cdae56c2ac7e7af6775a505870d690410.jpg","LowSize":"9735","LowHeight":"150","LowWidth":"200","ThumbPic":"https://inishop.com/img/gallery_thumbs/07911c759570beaf2e6ed9f5d05c85c79288a7a2.jpg","ThumbPicSize":"2803","Pic":"https://inishop.com/img/gallery/d18bd25abfc42e96ed9915dea08b0e35c27e1673.jpg","Size":"98131","PicHeight":"768","PicWidth":"1024","Pic500x500":"https://inishop.com/img/gallery_mediums/1f449dbd4620a874ae4b56f1a50d76395a6e1195.jpg","Pic500x500Size":"35094","Pic500x500Height":"375","Pic500x500Width":"500","No":"6","IsMain":"N","Updated":"2025-09-09 08:43:26","IsPrivate":"0","Type":"ProductImage","Attributes":{"OriginalFileName":""}}],"FeaturesGroups":[{"ID":13510,"SortNo":"50","FeatureGroup":{"ID":"185","Name":{"Value":"Ominaisuudet","Language":"FI"}},"Features":[{"Localized":0,"ID":835223204,"LocalID":0,"Type":"text","Value":"Performance Black","CategoryFeatureId":"290539","CategoryFeatureGroupID":"13510","SortNo":"10000989","PresentationValue":"Performance Black","RawValue":"Performance Black","LocalValue":"Performance Black","Description":"","Mandatory":"0","Searchable":"0","Optional":"0","Feature":{"ID":"37467","Sign":"","Measure":{"ID":"29","Sign":"","Signs":{"ID":"","_":"","Language":"FI"}},"Name":{"Value":"Tuotteen toinen väri","Language":"FI"}}},{"Localized":0,"ID":835223206,"LocalID":0,"Type":"dropdown","Value":"Image","CategoryFeatureId":"189646","CategoryFeatureGroupID":"13510","SortNo":"10000986","PresentationValue":"Kuva","RawValue":"Image","LocalValue":"Kuva","Description":"","Mandatory":"0","Searchable":"0","Optional":"0","Feature":{"ID":"21118","Sign":"","Measure":{"ID":"29","Sign":"","Signs":{"ID":"","_":"","Language":"FI"}},"Name":{"Value":"Väritys","Language":"FI"}}},{"Localized":0,"ID":835223207,"LocalID":0,"Type":"alphanumeric","Value":"XL","CategoryFeatureId":"947049","CategoryFeatureGroupID":"13510","SortNo":"1500","PresentationValue":"XL","RawValue":"XL","LocalValue":"XL","Description":"","Mandatory":"0","Searchable":"0","Optional":"0","Feature":{"ID":"47512","Sign":"","Measure":{"ID":"29","Sign":"","Signs":{"ID":"","_":"","Language":"FI"}},"Name":{"Value":"Koko (S/M/L)","Language":"FI"}}},{"Localized":0,"ID":835223199,"LocalID":0,"Type":"dropdown","Value":"T-shirt","CategoryFeatureId":"284565","CategoryFeatureGroupID":"13510","SortNo":"1000","PresentationValue":"T-paita","RawValue":"T-shirt","LocalValue":"T-paita","Description":"","Mandatory":"1","Searchable":"1","Optional":"0","Feature":{"ID":"37361","Sign":"","Measure":{"ID":"29","Sign":"","Signs":{"ID":"","_":"","Language":"FI"}},"Name":{"Value":"Paidan/topin tyyppi","Language":"FI"}}},{"Localized":0,"ID":835223200,"LocalID":0,"Type":"dropdown","Value":"Adult","CategoryFeatureId":"261629","CategoryFeatureGroupID":"13510","SortNo":"999","PresentationValue":"Aikuinen","RawValue":"Adult","LocalValue":"Aikuinen","Description":"","Mandatory":"1","Searchable":"1","Optional":"0","Feature":{"ID":"36987","Sign":"","Measure":{"ID":"29","Sign":"","Signs":{"ID":"","_":"","Language":"FI"}},"Name":{"Value":"Asiakkaan ikäryhmä","Language":"FI"}}},{"Localized":0,"ID":835223201,"LocalID":0,"Type":"dropdown","Value":"Male","CategoryFeatureId":"261607","CategoryFeatureGroupID":"13510","SortNo":"998","PresentationValue":"Mies","RawValue":"Male","LocalValue":"Mies","Description":"Gender (type) of a product.","Mandatory":"1","Searchable":"1","Optional":"0","Feature":{"ID":"3230","Sign":"","Measure":{"ID":"29","Sign":"","Signs":{"ID":"","_":"","Language":"FI"}},"Name":{"Value":"Sukupuoli","Language":"FI"}}},{"Localized":0,"ID":835223202,"LocalID":0,"Type":"multi_dropdown","Value":"Black","CategoryFeatureId":"290356","CategoryFeatureGroupID":"13510","SortNo":"990","PresentationValue":"musta","RawValue":"Black","LocalValue":"musta","Description":"","Mandatory":"1","Searchable":"1","Optional":"0","Feature":{"ID":"37466","Sign":"","Measure":{"ID":"29","Sign":"","Signs":{"ID":"","_":"","Language":"FI"}},"Name":{"Value":"Tuotteen pääväri","Language":"FI"}}},{"Localized":0,"ID":835223224,"LocalID":0,"Type":"dropdown","Value":"Active / Workout","CategoryFeatureId":"189636","CategoryFeatureGroupID":"13510","SortNo":"980","PresentationValue":"Aktiivinen/Harjoitus","RawValue":"Active / Workout","LocalValue":"Aktiivinen/Harjoitus","Description":"","Mandatory":"0","Searchable":"0","Optional":"0","Feature":{"ID":"29202","Sign":"","Measure":{"ID":"29","Sign":"","Signs":{"ID":"","_":"","Language":"FI"}},"Name":{"Value":"Tilaisuus","Language":"FI"}}},{"Localized":0,"ID":835223219,"LocalID":0,"Type":"dropdown","Value":"Crew neck","CategoryFeatureId":"270657","CategoryFeatureGroupID":"13510","SortNo":"950","PresentationValue":"Pyöreä pääntie","RawValue":"Crew neck","LocalValue":"Pyöreä pääntie","Description":"","Mandatory":"0","Searchable":"0","Optional":"0","Feature":{"ID":"36517","Sign":"","Measure":{"ID":"29","Sign":"","Signs":{"ID":"","_":"","Language":"FI"}},"Name":{"Value":"Kauluksen/pääntien tyyppi","Language":"FI"}}},{"Localized":0,"ID":835223222,"LocalID":0,"Type":"dropdown","Value":"Short sleeve","CategoryFeatureId":"189637","CategoryFeatureGroupID":"13510","SortNo":"900","PresentationValue":"Lyhyt hiha","RawValue":"Short sleeve","LocalValue":"Lyhyt hiha","Description":"The length of the sleeve, e.g. short or long.","Mandatory":"0","Searchable":"0","Optional":"0","Feature":{"ID":"27300","Sign":"","Measure":{"ID":"29","Sign":"","Signs":{"ID":"","_":"","Language":"FI"}},"Name":{"Value":"Hihan pituus","Language":"FI"}}}]},{"ID":22992,"SortNo":"40","FeatureGroup":{"ID":"119","Name":{"Value":"Materiaali","Language":"FI"}},"Features":[{"Localized":0,"ID":835223211,"LocalID":0,"Type":"dropdown","Value":"Polyester","CategoryFeatureId":"214279","CategoryFeatureGroupID":"22992","SortNo":"555","PresentationValue":"Polyesteri","RawValue":"Polyester","LocalValue":"Polyesteri","Description":"The material from which a thing is or can be made e.g. wood, plastic.","Mandatory":"1","Searchable":"1","Optional":"0","Feature":{"ID":"898","Sign":"","Measure":{"ID":"29","Sign":"","Signs":{"ID":"","_":"","Language":"FI"}},"Name":{"Value":"Materiaali","Language":"FI"}}},{"Localized":0,"ID":835223210,"LocalID":0,"Type":"text","Value":"100% Polyester","CategoryFeatureId":"291207","CategoryFeatureGroupID":"22992","SortNo":"550","PresentationValue":"100% Polyester","RawValue":"100% Polyester","LocalValue":"100% Polyester","Description":"","Mandatory":"0","Searchable":"0","Optional":"0","Feature":{"ID":"37462","Sign":"","Measure":{"ID":"29","Sign":"","Signs":{"ID":"","_":"","Language":"FI"}},"Name":{"Value":"Materiaalin kuvaus (nimi, % )","Language":"FI"}}},{"Localized":0,"ID":835223214,"LocalID":0,"Type":"y_n","Value":"Y","CategoryFeatureId":"685852","CategoryFeatureGroupID":"22992","SortNo":"-10","PresentationValue":"Kyllä","RawValue":"Y","LocalValue":"Kyllä","Description":"","Mandatory":"0","Searchable":"0","Optional":"0","Feature":{"ID":"41070","Sign":"","Measure":{"ID":"26","Sign":"","Signs":{"ID":"","_":"","Language":"FI"}},"Name":{"Value":"Valmistettu kierrätetyistä materiaaleista","Language":"FI"}}}]}],"FeatureLogos":[],"ReasonsToBuy":[],"Reviews":[],"ProductRelated":[],"CatalogObjectCloud":{},"Variants":[],"ProductStory":[],"Dictionary":{"model_name":"Tuotenimi","desc":"Kuvaus","ean_code":"EAN/UPC-koodi","flash360":"3D-esittely","demo_msg_part3":"Jos sinulla ei ole Icecat-k&auml;ytt&auml;j&auml;tili&auml;, ole hyv&auml; ja rekister&ouml;idy maksutta t&auml;&auml;lt&auml;.","repairability_index":"Repairability index","zoom_panel_init":"Alkuper&auml;inen koko","cat_name":"Ryhm&auml;","product_family":"Tuoteperhe","back_to_top":"Takaisin yl&ouml;s","zoom_panel_out":"Loitonna","specs":"Tekniset tiedot","eu_product_fiche":"EU-tuoteseloste","reviews_head_name":"Arvostelut","pdf_specs":"Tuote-esite","zoom_panel_in":"L&auml;henn&auml;","html_content":"","release_date":"Julkaisup&auml;iv&auml;","demo_msg_part1":"K&auml;yt&auml;t t&auml;ll&auml; hetkell&auml; demo-k&auml;ytt&auml;j&auml;tili&auml;. Ole hyv&auml; ja k&auml;yt&auml; omaa Icecat-k&auml;ytt&auml;j&auml;tili&auml;si.","demo_insert_desc":"This is a demo of a seamless insert of an Icecat LIVE product data-sheet in your website. Imagine that this responsive data-sheet is included in the product page of your webshop.","pdf_url":"K&auml;ytt&ouml;opas","prod_code":"Tuotekoodi","supplier_name":"Tuotemerkki","video":"Video","reasons_to_buy":"Syitä ostaa","marketing_text":"Kuvaus","options_head_name":"Vaihtoehdot","product_series":"Tuotesarja","demo_msg_part2":"Icecat k&auml;ytt&auml;j&auml;tunnuksesi","link_integrate_desk":"Kuinka integroida Icecat LIVE JavaScript.","zoom_panel_dragg":"Hiirell&auml; vet&auml;minen","eu_energy_label":"EU-energiamerkintä"},"DemoAccount":false}}