{"msg":"OK","data":{"GeneralInfo":{"IcecatId":134703559,"ReleaseDate":"","EndOfLifeDate":"","Title":"Skechers Slip-ins: Max Run urheilukenkä Mies Punainen","TitleInfo":{"GeneratedIntTitle":"Skechers Slip-ins: Max Run athletic shoes","GeneratedLocalTitle":{"Value":"Skechers Slip-ins: Max Run urheilukenkä Mies Punainen","Language":"FI"},"BrandLocalTitle":{"Value":"","Language":"FI"}},"Brand":"Skechers","BrandID":"18535","BrandLogo":"","BrandInfo":{"BrandName":"Skechers","BrandLocalName":"","BrandLogo":""},"ProductName":"Slip-ins: Max Run","ProductNameInfo":{"ProductIntName":"Slip-ins: Max Run","ProductLocalName":{"Value":"","Language":"FI"}},"BrandPartCode":"221000RDMT 40","GTIN":[],"Category":{"CategoryID":"3554","Name":{"Value":"Urheilukengät","Language":"FI"}},"ProductFamily":{},"ProductSeries":{"SeriesID":"1"},"Description":{"ID":"104044140","LongDesc":"Juokse mukavasti ohi kilpailijoiden Skechers Hands Free Slip-ins®: Max Cushioning – Max Run -kengillä. Tässä slip-on-juoksukengässä on Heel Pillow® -kantatuki, suunniteltu verkkomainen päällinen säädettävillä nauhoilla, tukeva Skechers Max Cushioning®, erittäin suorituskykyinen Skechers Air-Cooled Goga Mat™ -sisäpohja, ULTRA LIGHT -välikerros M-Strike®-teknologialla sekä kestävä, liukumaton Goodyear®-kumipohja.<br>","LongProductName":"Slip-ins: Max Cushioning Max Run, Red, 40","MiddleDesc":"","Disclaimer":"","ManualPDFURL":"","ManualPDFSize":"0","LeafletPDFURL":"","PDFSize":"0","URL":"https://skechers.fi/products/slip-ins-max-cushioning-max-run-221000rdmt","WarrantyInfo":"","Updated":"2025-09-09 09:42:41","Language":"FI"},"SummaryDescription":{"ShortSummaryDescription":"Skechers Slip-ins: Max Run, Juoksu, Mies, Aikuinen, Punainen, 25.5 cm, Nauhoilla suljettava","LongSummaryDescription":"Skechers Slip-ins: Max Run. Toiminta: Juoksu, Sukupuoli: Mies, Asiakkaan ikäryhmä: Aikuinen. Ulkopohjan materiaali: Kumi, Päällismateriaali: Verkko. Pesuohjeet: Konepesu"},"BulletPoints":{"BulletPointsId":"13608747","Language":"FI","Values":["Suunniteltu verkkomainen päällinen säädettävillä nauhoilla","Valmistettu 100 % vegaanisista materiaaleista","Kevyt ja reagoiva ULTRA LIGHT -välipohja","Erittäin kevyt Skechers® Soft Stride™ -vaahto lisäämään mukavuutta","5 cm kantakorkeus","Konepestävä","Skechers Hands Free Slip-ins® – helppo pukea jalkaan","Heel Pillow® pitää jalan turvallisesti paikoillaan","Skechers Max Cushioning® -muotoilu tarjoaa erinomaisen mukavuuden ja tuen","Skechers Air-Cooled Goga Mat™ hengittävä sisäpohja, jossa on korkean palautumisen iskunvaimennus","Liukumaton Goodyear®-kumipohja – tehokas sekä märissä että kuivissa olosuhteissa","Skechers M-Strike® -teknologia edistää tehokasta askelrytmiä. Välikerros tukee sulavaa siirtymää kantaiskusta varvastyöntöön"],"Updated":"2025-09-09 09:42:41"},"GeneratedBulletPoints":{},"GTINs":[]},"Image":{"HighPic":"https://inishop.com/img/gallery/b248c992715ec15e670941f168341cabd8e43aa6.jpg","HighPicSize":"972322","HighPicHeight":"1001","HighPicWidth":"1896","LowPic":"https://inishop.com/img/gallery_lows/d2b0b815d4d54f6f8629056a5a03fcb7be562c15.jpg","LowPicSize":"17549","LowPicHeight":"106","LowPicWidth":"200","Pic500x500":"https://inishop.com/img/gallery_mediums/c8dc431380b52564b64895cd5f9323256c6faac7.jpg","Pic500x500Size":"79645","Pic500x500Height":"264","Pic500x500Width":"500","ThumbPic":"https://inishop.com/img/gallery_thumbs/ed7b44d2fc7f5b461b81f618a828cfb0e5642591.jpg","ThumbPicSize":"4217"},"Multimedia":[],"Gallery":[{"ID":"117094732","LowPic":"https://inishop.com/img/gallery_lows/d2b0b815d4d54f6f8629056a5a03fcb7be562c15.jpg","LowSize":"17549","LowHeight":"106","LowWidth":"200","ThumbPic":"https://inishop.com/img/gallery_thumbs/ed7b44d2fc7f5b461b81f618a828cfb0e5642591.jpg","ThumbPicSize":"4217","Pic":"https://inishop.com/img/gallery/b248c992715ec15e670941f168341cabd8e43aa6.jpg","Size":"972322","PicHeight":"1001","PicWidth":"1896","Pic500x500":"https://inishop.com/img/gallery_mediums/c8dc431380b52564b64895cd5f9323256c6faac7.jpg","Pic500x500Size":"79645","Pic500x500Height":"264","Pic500x500Width":"500","No":"1","IsMain":"Y","Updated":"2025-09-09 09:40:32","IsPrivate":"0","Type":"ProductImage","Attributes":{"OriginalFileName":""}},{"ID":"117094733","LowPic":"https://inishop.com/img/gallery_lows/30e606923a56dfd430179b6953d93fd895746b10.jpg","LowSize":"18010","LowHeight":"200","LowWidth":"85","ThumbPic":"https://inishop.com/img/gallery_thumbs/f85a6a9df044d4451a182bfd006f8f5f581b9dff.jpg","ThumbPicSize":"3935","Pic":"https://inishop.com/img/gallery/59c422b2e3c7944e996f6edfb2281935c8949ea0.jpg","Size":"878515","PicHeight":"1673","PicWidth":"713","Pic500x500":"https://inishop.com/img/gallery_mediums/5196541495f3bd3284e8f7e443843184fc965455.jpg","Pic500x500Size":"90853","Pic500x500Height":"500","Pic500x500Width":"213","No":"2","IsMain":"N","Updated":"2025-09-09 09:40:37","IsPrivate":"0","Type":"Other","Attributes":{"OriginalFileName":""}},{"ID":"117094734","LowPic":"https://inishop.com/img/gallery_lows/709360fde2884acae61d5816f58586fb9b7eb54e.jpg","LowSize":"14680","LowHeight":"91","LowWidth":"200","ThumbPic":"https://inishop.com/img/gallery_thumbs/ad7620cf20183131f7d2f2af8f86e6cec591c37c.jpg","ThumbPicSize":"3524","Pic":"https://inishop.com/img/gallery/b7ecefa470e2fafbb5eceebaccef09b58a90e8ab.jpg","Size":"729046","PicHeight":"857","PicWidth":"1889","Pic500x500":"https://inishop.com/img/gallery_mediums/31f76744ab943fd9439e94c97c1013723298f57a.jpg","Pic500x500Size":"64289","Pic500x500Height":"227","Pic500x500Width":"500","No":"3","IsMain":"N","Updated":"2025-09-09 09:40:42","IsPrivate":"0","Type":"Other","Attributes":{"OriginalFileName":""}},{"ID":"117094735","LowPic":"https://inishop.com/img/gallery_lows/c25d77f4c0796b1aa920418b4b96b3e13883c13e.jpg","LowSize":"26451","LowHeight":"151","LowWidth":"200","ThumbPic":"https://inishop.com/img/gallery_thumbs/2ce979f95b8074891b51a9a12fe72419a5cbe6ea.jpg","ThumbPicSize":"5828","Pic":"https://inishop.com/img/gallery/f74bab2ae19da33396c0fe2512821669d5e735f8.jpg","Size":"1577795","PicHeight":"1423","PicWidth":"1882","Pic500x500":"https://inishop.com/img/gallery_mediums/d00e74b19b15bbee2a196cf7b05a5de79fe0d283.jpg","Pic500x500Size":"133236","Pic500x500Height":"378","Pic500x500Width":"500","No":"4","IsMain":"N","Updated":"2025-09-09 09:40:49","IsPrivate":"0","Type":"Other","Attributes":{"OriginalFileName":""}},{"ID":"117094736","LowPic":"https://inishop.com/img/gallery_lows/6e171f463abfde430b3867faace29ec169142f32.jpg","LowSize":"15910","LowHeight":"107","LowWidth":"200","ThumbPic":"https://inishop.com/img/gallery_thumbs/a3bd556dd042a6b8d14a2a3da3158e40a5d29ec3.jpg","ThumbPicSize":"3860","Pic":"https://inishop.com/img/gallery/b3f18b6969adf73ee50a51d3799e295abf754019.jpg","Size":"1121643","PicHeight":"1014","PicWidth":"1897","Pic500x500":"https://inishop.com/img/gallery_mediums/75247f0d4a5d8d08bdd5f84e3af0e7a168fe814b.jpg","Pic500x500Size":"77901","Pic500x500Height":"267","Pic500x500Width":"500","No":"5","IsMain":"N","Updated":"2025-09-09 09:40:56","IsPrivate":"0","Type":"Other","Attributes":{"OriginalFileName":""}}],"FeaturesGroups":[{"ID":17164,"SortNo":"50","FeatureGroup":{"ID":"185","Name":{"Value":"Ominaisuudet","Language":"FI"}},"Features":[{"Localized":0,"ID":835245561,"LocalID":0,"Type":"dropdown","Value":"Running","CategoryFeatureId":"333583","CategoryFeatureGroupID":"17164","SortNo":"350","PresentationValue":"Juoksu","RawValue":"Running","LocalValue":"Juoksu","Description":"","Mandatory":"1","Searchable":"1","Optional":"0","Feature":{"ID":"41029","Sign":"","Measure":{"ID":"29","Sign":"","Signs":{"ID":"","_":"","Language":"FI"}},"Name":{"Value":"Toiminta","Language":"FI"}}},{"Localized":0,"ID":835226922,"LocalID":0,"Type":"dropdown","Value":"Male","CategoryFeatureId":"158233","CategoryFeatureGroupID":"17164","SortNo":"300","PresentationValue":"Mies","RawValue":"Male","LocalValue":"Mies","Description":"Gender (type) of a product.","Mandatory":"1","Searchable":"1","Optional":"0","Feature":{"ID":"3230","Sign":"","Measure":{"ID":"29","Sign":"","Signs":{"ID":"","_":"","Language":"FI"}},"Name":{"Value":"Sukupuoli","Language":"FI"}}},{"Localized":0,"ID":835245560,"LocalID":0,"Type":"dropdown","Value":"Adult","CategoryFeatureId":"333580","CategoryFeatureGroupID":"17164","SortNo":"295","PresentationValue":"Aikuinen","RawValue":"Adult","LocalValue":"Aikuinen","Description":"","Mandatory":"1","Searchable":"1","Optional":"0","Feature":{"ID":"36987","Sign":"","Measure":{"ID":"29","Sign":"","Signs":{"ID":"","_":"","Language":"FI"}},"Name":{"Value":"Asiakkaan ikäryhmä","Language":"FI"}}},{"Localized":0,"ID":835245444,"LocalID":0,"Type":"alphanumeric","Value":"6.5","CategoryFeatureId":"949644","CategoryFeatureGroupID":"17164","SortNo":"145","PresentationValue":"6.5","RawValue":"6.5","LocalValue":"6.5","Description":"","Mandatory":"0","Searchable":"0","Optional":"0","Feature":{"ID":"29293","Sign":"","Measure":{"ID":"29","Sign":"","Signs":{"ID":"","_":"","Language":"FI"}},"Name":{"Value":"Koko (UK)","Language":"FI"}}},{"Localized":0,"ID":835245559,"LocalID":0,"Type":"multi_dropdown","Value":"Red","CategoryFeatureId":"333581","CategoryFeatureGroupID":"17164","SortNo":"144","PresentationValue":"Punainen","RawValue":"Red","LocalValue":"Punainen","Description":"","Mandatory":"1","Searchable":"1","Optional":"0","Feature":{"ID":"37466","Sign":"","Measure":{"ID":"29","Sign":"","Signs":{"ID":"","_":"","Language":"FI"}},"Name":{"Value":"Tuotteen pääväri","Language":"FI"}}},{"Localized":0,"ID":835245439,"LocalID":0,"Type":"alphanumeric","Value":"40","CategoryFeatureId":"949645","CategoryFeatureGroupID":"17164","SortNo":"144","PresentationValue":"40","RawValue":"40","LocalValue":"40","Description":"","Mandatory":"0","Searchable":"0","Optional":"0","Feature":{"ID":"47506","Sign":"","Measure":{"ID":"29","Sign":"","Signs":{"ID":"","_":"","Language":"FI"}},"Name":{"Value":"Koko (EU)","Language":"FI"}}},{"Localized":0,"ID":835245445,"LocalID":0,"Type":"alphanumeric","Value":"7.5","CategoryFeatureId":"949646","CategoryFeatureGroupID":"17164","SortNo":"143","PresentationValue":"7.5","RawValue":"7.5","LocalValue":"7.5","Description":"","Mandatory":"0","Searchable":"0","Optional":"0","Feature":{"ID":"47766","Sign":"","Measure":{"ID":"29","Sign":"","Signs":{"ID":"","_":"","Language":"FI"}},"Name":{"Value":"Miesten koko (US)","Language":"FI"}}},{"Localized":0,"ID":835245446,"LocalID":0,"Type":"alphanumeric","Value":"25.5","CategoryFeatureId":"949648","CategoryFeatureGroupID":"17164","SortNo":"141","PresentationValue":"25.5 cm","RawValue":"25.5","LocalValue":"25.5","Description":"","Mandatory":"0","Searchable":"0","Optional":"0","Feature":{"ID":"47528","Sign":"","Measure":{"ID":"34","Sign":"","Signs":{"ID":"13822","_":"cm","Language":"FI"}},"Name":{"Value":"Koko (pituus)","Language":"FI"}}},{"Localized":0,"ID":835229292,"LocalID":0,"Type":"multi_dropdown","Value":"Lace-up closure","CategoryFeatureId":"333640","CategoryFeatureGroupID":"17164","SortNo":"115","PresentationValue":"Nauhoilla suljettava","RawValue":"Lace-up closure","LocalValue":"Nauhoilla suljettava","Description":"","Mandatory":"0","Searchable":"0","Optional":"0","Feature":{"ID":"41034","Sign":"","Measure":{"ID":"29","Sign":"","Signs":{"ID":"","_":"","Language":"FI"}},"Name":{"Value":"Jalkineiden kiinnitystapa","Language":"FI"}}},{"Localized":0,"ID":835245600,"LocalID":0,"Type":"numerical","Value":"50","CategoryFeatureId":"333641","CategoryFeatureGroupID":"17164","SortNo":"110","PresentationValue":"5 cm","RawValue":"50","LocalValue":"5","Description":"","Mandatory":"0","Searchable":"0","Optional":"0","Feature":{"ID":"41066","Sign":"","Measure":{"ID":"24","Sign":"","Signs":{"ID":"13815","_":"mm","Language":"FI"}},"Name":{"Value":"Pakan korkeus (kanta)","Language":"FI"}}},{"Localized":0,"ID":835245387,"LocalID":0,"Type":"y_n","Value":"Y","CategoryFeatureId":"333626","CategoryFeatureGroupID":"17164","SortNo":"97","PresentationValue":"Kyllä","RawValue":"Y","LocalValue":"Kyllä","Description":"","Mandatory":"0","Searchable":"0","Optional":"0","Feature":{"ID":"41065","Sign":"","Measure":{"ID":"26","Sign":"","Signs":{"ID":"","_":"","Language":"FI"}},"Name":{"Value":"Pehmeä pohjallinen","Language":"FI"}}},{"Localized":0,"ID":835245375,"LocalID":0,"Type":"y_n","Value":"Y","CategoryFeatureId":"333636","CategoryFeatureGroupID":"17164","SortNo":"24","PresentationValue":"Kyllä","RawValue":"Y","LocalValue":"Kyllä","Description":"","Mandatory":"0","Searchable":"0","Optional":"0","Feature":{"ID":"37428","Sign":"","Measure":{"ID":"26","Sign":"","Signs":{"ID":"","_":"","Language":"FI"}},"Name":{"Value":"Vegaaniystävällinen","Language":"FI"}}},{"Localized":0,"ID":835245589,"LocalID":0,"Type":"y_n","Value":"Y","CategoryFeatureId":"158340","CategoryFeatureGroupID":"17164","SortNo":"15","PresentationValue":"Kyllä","RawValue":"Y","LocalValue":"Kyllä","Description":"","Mandatory":"0","Searchable":"0","Optional":"0","Feature":{"ID":"21062","Sign":"","Measure":{"ID":"26","Sign":"","Signs":{"ID":"","_":"","Language":"FI"}},"Name":{"Value":"Hengittävä","Language":"FI"}}}]},{"ID":34344,"SortNo":"40","FeatureGroup":{"ID":"119","Name":{"Value":"Materiaali","Language":"FI"}},"Features":[{"Localized":0,"ID":835245586,"LocalID":0,"Type":"multi_dropdown","Value":"Rubber","CategoryFeatureId":"158220","CategoryFeatureGroupID":"34344","SortNo":"250","PresentationValue":"Kumi","RawValue":"Rubber","LocalValue":"Kumi","Description":"","Mandatory":"1","Searchable":"0","Optional":"0","Feature":{"ID":"25409","Sign":"","Measure":{"ID":"29","Sign":"","Signs":{"ID":"","_":"","Language":"FI"}},"Name":{"Value":"Ulkopohjan materiaali","Language":"FI"}}},{"Localized":0,"ID":835245571,"LocalID":0,"Type":"multi_dropdown","Value":"Mesh","CategoryFeatureId":"196763","CategoryFeatureGroupID":"34344","SortNo":"200","PresentationValue":"Verkko","RawValue":"Mesh","LocalValue":"Verkko","Description":"The material the upper part of the shoe is made of, e.g. leather, canvas or mesh.","Mandatory":"1","Searchable":"0","Optional":"0","Feature":{"ID":"29975","Sign":"","Measure":{"ID":"29","Sign":"","Signs":{"ID":"","_":"","Language":"FI"}},"Name":{"Value":"Päällismateriaali","Language":"FI"}}}]},{"ID":78451,"SortNo":"30","FeatureGroup":{"ID":"270","Name":{"Value":"Hoito-ohjeet","Language":"FI"}},"Features":[{"Localized":0,"ID":835245408,"LocalID":0,"Type":"y_n","Value":"Y","CategoryFeatureId":"158614","CategoryFeatureGroupID":"78451","SortNo":"7","PresentationValue":"Kyllä","RawValue":"Y","LocalValue":"Kyllä","Description":"The product can be washed in the washing machine without being damaged.","Mandatory":"0","Searchable":"0","Optional":"0","Feature":{"ID":"5516","Sign":"","Measure":{"ID":"26","Sign":"","Signs":{"ID":"","_":"","Language":"FI"}},"Name":{"Value":"Pestävä","Language":"FI"}}},{"Localized":0,"ID":835245409,"LocalID":0,"Type":"dropdown","Value":"Machine wash","CategoryFeatureId":"685105","CategoryFeatureGroupID":"78451","SortNo":"7","PresentationValue":"Konepesu","RawValue":"Machine wash","LocalValue":"Konepesu","Description":"","Mandatory":"0","Searchable":"0","Optional":"0","Feature":{"ID":"42578","Sign":"","Measure":{"ID":"29","Sign":"","Signs":{"ID":"","_":"","Language":"FI"}},"Name":{"Value":"Pesuohjeet","Language":"FI"}}}]}],"FeatureLogos":[],"ReasonsToBuy":[],"Reviews":[],"ProductRelated":[],"CatalogObjectCloud":{},"Variants":[],"ProductStory":[],"Dictionary":{"model_name":"Tuotenimi","desc":"Kuvaus","ean_code":"EAN/UPC-koodi","flash360":"3D-esittely","demo_msg_part3":"Jos sinulla ei ole Icecat-k&auml;ytt&auml;j&auml;tili&auml;, ole hyv&auml; ja rekister&ouml;idy maksutta t&auml;&auml;lt&auml;.","repairability_index":"Repairability index","zoom_panel_init":"Alkuper&auml;inen koko","cat_name":"Ryhm&auml;","product_family":"Tuoteperhe","back_to_top":"Takaisin yl&ouml;s","zoom_panel_out":"Loitonna","specs":"Tekniset tiedot","eu_product_fiche":"EU-tuoteseloste","reviews_head_name":"Arvostelut","pdf_specs":"Tuote-esite","zoom_panel_in":"L&auml;henn&auml;","html_content":"","release_date":"Julkaisup&auml;iv&auml;","demo_msg_part1":"K&auml;yt&auml;t t&auml;ll&auml; hetkell&auml; demo-k&auml;ytt&auml;j&auml;tili&auml;. Ole hyv&auml; ja k&auml;yt&auml; omaa Icecat-k&auml;ytt&auml;j&auml;tili&auml;si.","demo_insert_desc":"This is a demo of a seamless insert of an Icecat LIVE product data-sheet in your website. Imagine that this responsive data-sheet is included in the product page of your webshop.","pdf_url":"K&auml;ytt&ouml;opas","prod_code":"Tuotekoodi","supplier_name":"Tuotemerkki","video":"Video","reasons_to_buy":"Syitä ostaa","marketing_text":"Kuvaus","options_head_name":"Vaihtoehdot","product_series":"Tuotesarja","demo_msg_part2":"Icecat k&auml;ytt&auml;j&auml;tunnuksesi","link_integrate_desk":"Kuinka integroida Icecat LIVE JavaScript.","zoom_panel_dragg":"Hiirell&auml; vet&auml;minen","eu_energy_label":"EU-energiamerkintä"},"DemoAccount":false}}