{"msg":"OK","data":{"GeneralInfo":{"IcecatId":134704151,"ReleaseDate":"","EndOfLifeDate":"","Title":"Snickers Workwear T-paita","TitleInfo":{"GeneratedIntTitle":"Snickers Workwear 2502","GeneratedLocalTitle":{"Value":"Snickers Workwear 2502 Puuvilla, Viskoosi","Language":"FI"},"BrandLocalTitle":{"Value":"Snickers Workwear T-paita","Language":"FI"}},"Brand":"Snickers Workwear","BrandID":"23796","BrandLogo":"","BrandInfo":{"BrandName":"Snickers Workwear","BrandLocalName":"","BrandLogo":""},"ProductName":"T-paita","ProductNameInfo":{"ProductIntName":"2502","ProductLocalName":{"Value":"T-paita","Language":"FI"}},"BrandPartCode":"25023900006","GTIN":[],"Category":{"CategoryID":"3504","Name":{"Value":"Paidat & topit","Language":"FI"}},"ProductFamily":{},"ProductSeries":{"SeriesID":"1"},"Description":{"ID":"104046425","LongDesc":"Klassinen t-paita, jossa yhdistyy puuvillan miellyttävyys ja yritysprofiloinnin mahdollisuudet.","LongProductName":"T-paita, Forest Green, L","MiddleDesc":"","Disclaimer":"","ManualPDFURL":"","ManualPDFSize":"0","LeafletPDFURL":"","PDFSize":"0","URL":"https://www.snickersworkwear.fi/products/topwear/t-shirts/79494","WarrantyInfo":"","Updated":"2025-09-09 13:31:24","Language":"FI"},"SummaryDescription":{"ShortSummaryDescription":"Snickers Workwear T-paita, T-paita, Aikuinen, Mies, Vihreä, Yksivärinen, Ei kuviota","LongSummaryDescription":"Snickers Workwear T-paita. Paidan/topin tyyppi: T-paita, Asiakkaan ikäryhmä: Aikuinen, Sukupuoli: Mies. Materiaali: Puuvilla, Viskoosi, Materiaalin kuvaus (nimi, % ): 99% cotton, 1% viscose, Kankaan paino: 160 g/m². Lukumäärä per pakkaus: 1 kpl. Valkaisuohjeet: Ei saa valkaista, Kuivausohjeet: Ei saa rumpukuivata, Silitysohjeet: Silitys keskilämmöllä. Kestävän kehityksen sertifikaatit: STANDARD 100 by OEKO-TEX"},"BulletPoints":{"BulletPointsId":"13610340","Language":"FI","Values":["Vahvistetut saumat hartioissa ja niskassa pidentävät käyttöikää.","Elastaani kaula-aukon resorissa auttaa paitaa säilyttämään muotonsa – pesusta toiseen.","Painettu niskalappu ei hankaa."],"Updated":"2025-09-09 13:31:24"},"GeneratedBulletPoints":{"Language":"FI","Values":["T-paita Mies Vihreä","Aikuinen","Puuvilla, Viskoosi"]},"GTINs":[]},"Image":{"HighPic":"https://inishop.com/img/gallery/53bbc39f425ddffe91bec31d8f8b9a93d06fbbf7.jpg","HighPicSize":"112173","HighPicHeight":"675","HighPicWidth":"587","LowPic":"https://inishop.com/img/gallery_lows/f465fe7c8835e7266202a430ccba2092e538d4b0.jpg","LowPicSize":"15212","LowPicHeight":"200","LowPicWidth":"174","Pic500x500":"https://inishop.com/img/gallery_mediums/ff32dfa535a8085e11367b46be1e67851eca7cc4.jpg","Pic500x500Size":"67768","Pic500x500Height":"500","Pic500x500Width":"435","ThumbPic":"https://inishop.com/img/gallery_thumbs/fc200c59d8080ef73ff94d424bcbc836aa97f29f.jpg","ThumbPicSize":"3996"},"Multimedia":[],"Gallery":[{"ID":"117110115","LowPic":"https://inishop.com/img/gallery_lows/f465fe7c8835e7266202a430ccba2092e538d4b0.jpg","LowSize":"15212","LowHeight":"200","LowWidth":"174","ThumbPic":"https://inishop.com/img/gallery_thumbs/fc200c59d8080ef73ff94d424bcbc836aa97f29f.jpg","ThumbPicSize":"3996","Pic":"https://inishop.com/img/gallery/53bbc39f425ddffe91bec31d8f8b9a93d06fbbf7.jpg","Size":"112173","PicHeight":"675","PicWidth":"587","Pic500x500":"https://inishop.com/img/gallery_mediums/ff32dfa535a8085e11367b46be1e67851eca7cc4.jpg","Pic500x500Size":"67768","Pic500x500Height":"500","Pic500x500Width":"435","No":"1","IsMain":"Y","Updated":"2025-09-09 13:28:27","IsPrivate":"0","Type":"ProductImage","Attributes":{"OriginalFileName":""}},{"ID":"117110116","LowPic":"https://inishop.com/img/gallery_lows/0546227fa29a2f1017c59efe8f605b88c9827acd.jpg","LowSize":"14959","LowHeight":"200","LowWidth":"172","ThumbPic":"https://inishop.com/img/gallery_thumbs/7eb0fb5c7f2a6bbf661b73832b642e0558d0ecda.jpg","ThumbPicSize":"3877","Pic":"https://inishop.com/img/gallery/011876655b71422072e1c53a7a8006cace766148.jpg","Size":"111778","PicHeight":"676","PicWidth":"581","Pic500x500":"https://inishop.com/img/gallery_mediums/e8e6987a96f30c0c047371000cc0b3c665d7b2a6.jpg","Pic500x500Size":"66824","Pic500x500Height":"500","Pic500x500Width":"430","No":"2","IsMain":"N","Updated":"2025-09-09 13:28:31","IsPrivate":"0","Type":"ProductImage","Attributes":{"OriginalFileName":""}},{"ID":"117110118","LowPic":"https://inishop.com/img/gallery_lows/ca1a991b84f8513642c4ca6674869fa08d83ce71.jpg","LowSize":"10279","LowHeight":"200","LowWidth":"86","ThumbPic":"https://inishop.com/img/gallery_thumbs/081ae0332af109e76137038e22077af2c3299a20.jpg","ThumbPicSize":"2819","Pic":"https://inishop.com/img/gallery/b3f1725f9b45ab5fa9f7e62e617fe34cd460ac18.jpg","Size":"70929","PicHeight":"676","PicWidth":"291","Pic500x500":"https://inishop.com/img/gallery_mediums/d87e05db8776f8555bcd2b124afc9f41e1a29154.jpg","Pic500x500Size":"43078","Pic500x500Height":"500","Pic500x500Width":"215","No":"3","IsMain":"N","Updated":"2025-09-09 13:28:39","IsPrivate":"0","Type":"ProductImage","Attributes":{"OriginalFileName":""}},{"ID":"117110120","LowPic":"https://inishop.com/img/gallery_lows/dc8ea8e99ff6930365b157b7c1add64bde629358.jpg","LowSize":"9490","LowHeight":"200","LowWidth":"85","ThumbPic":"https://inishop.com/img/gallery_thumbs/db9fa7258533e05436669531f1b4c3792e35ad0f.jpg","ThumbPicSize":"2744","Pic":"https://inishop.com/img/gallery/d47c280ebdfddda4b4c9905ae21cd87078ff30af.jpg","Size":"66858","PicHeight":"677","PicWidth":"289","Pic500x500":"https://inishop.com/img/gallery_mediums/93f08923bd5c09e25038e8a512af67e7b3e3f1a0.jpg","Pic500x500Size":"40442","Pic500x500Height":"500","Pic500x500Width":"213","No":"4","IsMain":"N","Updated":"2025-09-09 13:28:42","IsPrivate":"0","Type":"ProductImage","Attributes":{"OriginalFileName":""}}],"FeaturesGroups":[{"ID":13510,"SortNo":"50","FeatureGroup":{"ID":"185","Name":{"Value":"Ominaisuudet","Language":"FI"}},"Features":[{"Localized":0,"ID":835270731,"LocalID":0,"Type":"dropdown","Value":"Monochromatic","CategoryFeatureId":"189646","CategoryFeatureGroupID":"13510","SortNo":"10000986","PresentationValue":"Yksivärinen","RawValue":"Monochromatic","LocalValue":"Yksivärinen","Description":"","Mandatory":"0","Searchable":"0","Optional":"0","Feature":{"ID":"21118","Sign":"","Measure":{"ID":"29","Sign":"","Signs":{"ID":"","_":"","Language":"FI"}},"Name":{"Value":"Väritys","Language":"FI"}}},{"Localized":0,"ID":835270846,"LocalID":0,"Type":"dropdown","Value":"No pattern","CategoryFeatureId":"261611","CategoryFeatureGroupID":"13510","SortNo":"10000985","PresentationValue":"Ei kuviota","RawValue":"No pattern","LocalValue":"Ei kuviota","Description":"","Mandatory":"0","Searchable":"0","Optional":"0","Feature":{"ID":"22615","Sign":"","Measure":{"ID":"29","Sign":"","Signs":{"ID":"","_":"","Language":"FI"}},"Name":{"Value":"Malli","Language":"FI"}}},{"Localized":0,"ID":835270847,"LocalID":0,"Type":"alphanumeric","Value":"L","CategoryFeatureId":"947049","CategoryFeatureGroupID":"13510","SortNo":"1500","PresentationValue":"L","RawValue":"L","LocalValue":"L","Description":"","Mandatory":"0","Searchable":"0","Optional":"0","Feature":{"ID":"47512","Sign":"","Measure":{"ID":"29","Sign":"","Signs":{"ID":"","_":"","Language":"FI"}},"Name":{"Value":"Koko (S/M/L)","Language":"FI"}}},{"Localized":0,"ID":835270672,"LocalID":0,"Type":"dropdown","Value":"T-shirt","CategoryFeatureId":"284565","CategoryFeatureGroupID":"13510","SortNo":"1000","PresentationValue":"T-paita","RawValue":"T-shirt","LocalValue":"T-paita","Description":"","Mandatory":"1","Searchable":"1","Optional":"0","Feature":{"ID":"37361","Sign":"","Measure":{"ID":"29","Sign":"","Signs":{"ID":"","_":"","Language":"FI"}},"Name":{"Value":"Paidan/topin tyyppi","Language":"FI"}}},{"Localized":0,"ID":835270726,"LocalID":0,"Type":"dropdown","Value":"Adult","CategoryFeatureId":"261629","CategoryFeatureGroupID":"13510","SortNo":"999","PresentationValue":"Aikuinen","RawValue":"Adult","LocalValue":"Aikuinen","Description":"","Mandatory":"1","Searchable":"1","Optional":"0","Feature":{"ID":"36987","Sign":"","Measure":{"ID":"29","Sign":"","Signs":{"ID":"","_":"","Language":"FI"}},"Name":{"Value":"Asiakkaan ikäryhmä","Language":"FI"}}},{"Localized":0,"ID":835270727,"LocalID":0,"Type":"dropdown","Value":"Male","CategoryFeatureId":"261607","CategoryFeatureGroupID":"13510","SortNo":"998","PresentationValue":"Mies","RawValue":"Male","LocalValue":"Mies","Description":"Gender (type) of a product.","Mandatory":"1","Searchable":"1","Optional":"0","Feature":{"ID":"3230","Sign":"","Measure":{"ID":"29","Sign":"","Signs":{"ID":"","_":"","Language":"FI"}},"Name":{"Value":"Sukupuoli","Language":"FI"}}},{"Localized":0,"ID":835270729,"LocalID":0,"Type":"multi_dropdown","Value":"Green","CategoryFeatureId":"290356","CategoryFeatureGroupID":"13510","SortNo":"990","PresentationValue":"Vihreä","RawValue":"Green","LocalValue":"Vihreä","Description":"","Mandatory":"1","Searchable":"1","Optional":"0","Feature":{"ID":"37466","Sign":"","Measure":{"ID":"29","Sign":"","Signs":{"ID":"","_":"","Language":"FI"}},"Name":{"Value":"Tuotteen pääväri","Language":"FI"}}},{"Localized":0,"ID":835270927,"LocalID":0,"Type":"y_n","Value":"N","CategoryFeatureId":"270616","CategoryFeatureGroupID":"13510","SortNo":"523","PresentationValue":"Ei","RawValue":"N","LocalValue":"Ei","Description":"","Mandatory":"0","Searchable":"0","Optional":"0","Feature":{"ID":"37145","Sign":"","Measure":{"ID":"26","Sign":"","Signs":{"ID":"","_":"","Language":"FI"}},"Name":{"Value":"Saumaton","Language":"FI"}}},{"Localized":0,"ID":835271709,"LocalID":0,"Type":"y_n","Value":"N","CategoryFeatureId":"189652","CategoryFeatureGroupID":"13510","SortNo":"500","PresentationValue":"Ei","RawValue":"N","LocalValue":"Ei","Description":"","Mandatory":"0","Searchable":"0","Optional":"0","Feature":{"ID":"18527","Sign":"","Measure":{"ID":"26","Sign":"","Signs":{"ID":"","_":"","Language":"FI"}},"Name":{"Value":"Tasku","Language":"FI"}}},{"Localized":0,"ID":835271036,"LocalID":0,"Type":"multi_dropdown","Value":"No closure","CategoryFeatureId":"270614","CategoryFeatureGroupID":"13510","SortNo":"300","PresentationValue":"Ei suljettu","RawValue":"No closure","LocalValue":"Ei suljettu","Description":"","Mandatory":"0","Searchable":"0","Optional":"0","Feature":{"ID":"11051","Sign":"","Measure":{"ID":"29","Sign":"","Signs":{"ID":"","_":"","Language":"FI"}},"Name":{"Value":"Closure tyyppi","Language":"FI"}}}]},{"ID":22992,"SortNo":"40","FeatureGroup":{"ID":"119","Name":{"Value":"Materiaali","Language":"FI"}},"Features":[{"Localized":0,"ID":835271244,"LocalID":0,"Type":"dropdown","Value":"Cotton,Viscose","CategoryFeatureId":"214279","CategoryFeatureGroupID":"22992","SortNo":"555","PresentationValue":"Puuvilla, Viskoosi","RawValue":"Cotton,Viscose","LocalValue":"Puuvilla, Viskoosi","Description":"The material from which a thing is or can be made e.g. wood, plastic.","Mandatory":"1","Searchable":"1","Optional":"0","Feature":{"ID":"898","Sign":"","Measure":{"ID":"29","Sign":"","Signs":{"ID":"","_":"","Language":"FI"}},"Name":{"Value":"Materiaali","Language":"FI"}}},{"Localized":0,"ID":835271247,"LocalID":0,"Type":"text","Value":"99% cotton, 1% viscose","CategoryFeatureId":"291207","CategoryFeatureGroupID":"22992","SortNo":"550","PresentationValue":"99% cotton, 1% viscose","RawValue":"99% cotton, 1% viscose","LocalValue":"99% cotton, 1% viscose","Description":"","Mandatory":"0","Searchable":"0","Optional":"0","Feature":{"ID":"37462","Sign":"","Measure":{"ID":"29","Sign":"","Signs":{"ID":"","_":"","Language":"FI"}},"Name":{"Value":"Materiaalin kuvaus (nimi, % )","Language":"FI"}}},{"Localized":0,"ID":835277174,"LocalID":0,"Type":"numerical","Value":"160","CategoryFeatureId":"192098","CategoryFeatureGroupID":"22992","SortNo":"520","PresentationValue":"160 g/m²","RawValue":"160","LocalValue":"160","Description":"","Mandatory":"0","Searchable":"0","Optional":"0","Feature":{"ID":"13243","Sign":"","Measure":{"ID":"156","Sign":"","Signs":{"ID":"13934","_":"g/m²","Language":"FI"}},"Name":{"Value":"Kankaan paino","Language":"FI"}}}]},{"ID":31108,"SortNo":"5","FeatureGroup":{"ID":"67","Name":{"Value":"Pakkaustiedot","Language":"FI"}},"Features":[{"Localized":0,"ID":835271241,"LocalID":0,"Type":"numerical","Value":"1","CategoryFeatureId":"270671","CategoryFeatureGroupID":"31108","SortNo":"15","PresentationValue":"1 kpl","RawValue":"1","LocalValue":"1","Description":"","Mandatory":"0","Searchable":"0","Optional":"0","Feature":{"ID":"20228","Sign":"","Measure":{"ID":"144","Sign":"","Signs":{"ID":"3770","_":"kpl","Language":"FI"}},"Name":{"Value":"Lukumäärä per pakkaus","Language":"FI"}}}]},{"ID":71632,"SortNo":"0","FeatureGroup":{"ID":"270","Name":{"Value":"Hoito-ohjeet","Language":"FI"}},"Features":[{"Localized":0,"ID":835271368,"LocalID":0,"Type":"y_n","Value":"Y","CategoryFeatureId":"289864","CategoryFeatureGroupID":"71632","SortNo":"16","PresentationValue":"Kyllä","RawValue":"Y","LocalValue":"Kyllä","Description":"The product can be washed in the washing machine without being damaged.","Mandatory":"0","Searchable":"0","Optional":"0","Feature":{"ID":"5516","Sign":"","Measure":{"ID":"26","Sign":"","Signs":{"ID":"","_":"","Language":"FI"}},"Name":{"Value":"Pestävä","Language":"FI"}}},{"Localized":0,"ID":835271649,"LocalID":0,"Type":"dropdown","Value":"Do not bleach","CategoryFeatureId":"685855","CategoryFeatureGroupID":"71632","SortNo":"-20","PresentationValue":"Ei saa valkaista","RawValue":"Do not bleach","LocalValue":"Ei saa valkaista","Description":"","Mandatory":"0","Searchable":"0","Optional":"0","Feature":{"ID":"42573","Sign":"","Measure":{"ID":"29","Sign":"","Signs":{"ID":"","_":"","Language":"FI"}},"Name":{"Value":"Valkaisuohjeet","Language":"FI"}}},{"Localized":0,"ID":835271592,"LocalID":0,"Type":"dropdown","Value":"Do not tumble dry","CategoryFeatureId":"685856","CategoryFeatureGroupID":"71632","SortNo":"-21","PresentationValue":"Ei saa rumpukuivata","RawValue":"Do not tumble dry","LocalValue":"Ei saa rumpukuivata","Description":"","Mandatory":"0","Searchable":"0","Optional":"0","Feature":{"ID":"42574","Sign":"","Measure":{"ID":"29","Sign":"","Signs":{"ID":"","_":"","Language":"FI"}},"Name":{"Value":"Kuivausohjeet","Language":"FI"}}},{"Localized":0,"ID":835271591,"LocalID":0,"Type":"dropdown","Value":"Iron at moderate temperature","CategoryFeatureId":"685857","CategoryFeatureGroupID":"71632","SortNo":"-22","PresentationValue":"Silitys keskilämmöllä","RawValue":"Iron at moderate temperature","LocalValue":"Silitys keskilämmöllä","Description":"","Mandatory":"0","Searchable":"0","Optional":"0","Feature":{"ID":"42575","Sign":"","Measure":{"ID":"29","Sign":"","Signs":{"ID":"","_":"","Language":"FI"}},"Name":{"Value":"Silitysohjeet","Language":"FI"}}},{"Localized":0,"ID":835271535,"LocalID":0,"Type":"dropdown","Value":"Dry-cleaning (any solvent)","CategoryFeatureId":"685858","CategoryFeatureGroupID":"71632","SortNo":"-23","PresentationValue":"Kuivapesu (mikä tahansa liuotin)","RawValue":"Dry-cleaning (any solvent)","LocalValue":"Kuivapesu (mikä tahansa liuotin)","Description":"","Mandatory":"0","Searchable":"0","Optional":"0","Feature":{"ID":"42577","Sign":"","Measure":{"ID":"29","Sign":"","Signs":{"ID":"","_":"","Language":"FI"}},"Name":{"Value":"Ammattilaisten hoito-ohjeet","Language":"FI"}}},{"Localized":0,"ID":835271533,"LocalID":0,"Type":"dropdown","Value":"Normal wash (60°C)","CategoryFeatureId":"685859","CategoryFeatureGroupID":"71632","SortNo":"-24","PresentationValue":"Normal wash (60°C)","RawValue":"Normal wash (60°C)","LocalValue":"Normal wash (60°C)","Description":"","Mandatory":"0","Searchable":"0","Optional":"0","Feature":{"ID":"42578","Sign":"","Measure":{"ID":"29","Sign":"","Signs":{"ID":"","_":"","Language":"FI"}},"Name":{"Value":"Pesuohjeet","Language":"FI"}}}]},{"ID":78550,"SortNo":"0","FeatureGroup":{"ID":"279","Name":{"Value":"Kestävyys","Language":"FI"}},"Features":[{"Localized":0,"ID":835271252,"LocalID":0,"Type":"multi_dropdown","Value":"STANDARD 100 by OEKO-TEX","CategoryFeatureId":"604986","CategoryFeatureGroupID":"78550","SortNo":"0","PresentationValue":"STANDARD 100 by OEKO-TEX","RawValue":"STANDARD 100 by OEKO-TEX","LocalValue":"STANDARD 100 by OEKO-TEX","Description":"","Mandatory":"0","Searchable":"0","Optional":"0","Feature":{"ID":"42513","Sign":"","Measure":{"ID":"29","Sign":"","Signs":{"ID":"","_":"","Language":"FI"}},"Name":{"Value":"Kestävän kehityksen sertifikaatit","Language":"FI"}}}]}],"FeatureLogos":[{"LogoPic":"https://inishop.com/img/feature_logo/564-1253.png","Width":"300","Height":"157","Size":"0","ThumbPic":"https://inishop.com/img/feature_logo_thumbs/564-1253.png","FeatureID":"42513","Value":"STANDARD 100 by OEKO-TEX","KeyLogo":0}],"ReasonsToBuy":[],"Reviews":[],"ProductRelated":[],"CatalogObjectCloud":{},"Variants":[],"ProductStory":[],"Dictionary":{"model_name":"Tuotenimi","desc":"Kuvaus","ean_code":"EAN/UPC-koodi","flash360":"3D-esittely","demo_msg_part3":"Jos sinulla ei ole Icecat-k&auml;ytt&auml;j&auml;tili&auml;, ole hyv&auml; ja rekister&ouml;idy maksutta t&auml;&auml;lt&auml;.","repairability_index":"Repairability index","zoom_panel_init":"Alkuper&auml;inen koko","cat_name":"Ryhm&auml;","product_family":"Tuoteperhe","back_to_top":"Takaisin yl&ouml;s","zoom_panel_out":"Loitonna","specs":"Tekniset tiedot","eu_product_fiche":"EU-tuoteseloste","reviews_head_name":"Arvostelut","pdf_specs":"Tuote-esite","zoom_panel_in":"L&auml;henn&auml;","html_content":"","release_date":"Julkaisup&auml;iv&auml;","demo_msg_part1":"K&auml;yt&auml;t t&auml;ll&auml; hetkell&auml; demo-k&auml;ytt&auml;j&auml;tili&auml;. Ole hyv&auml; ja k&auml;yt&auml; omaa Icecat-k&auml;ytt&auml;j&auml;tili&auml;si.","demo_insert_desc":"This is a demo of a seamless insert of an Icecat LIVE product data-sheet in your website. Imagine that this responsive data-sheet is included in the product page of your webshop.","pdf_url":"K&auml;ytt&ouml;opas","prod_code":"Tuotekoodi","supplier_name":"Tuotemerkki","video":"Video","reasons_to_buy":"Syitä ostaa","marketing_text":"Kuvaus","options_head_name":"Vaihtoehdot","product_series":"Tuotesarja","demo_msg_part2":"Icecat k&auml;ytt&auml;j&auml;tunnuksesi","link_integrate_desk":"Kuinka integroida Icecat LIVE JavaScript.","zoom_panel_dragg":"Hiirell&auml; vet&auml;minen","eu_energy_label":"EU-energiamerkintä"},"DemoAccount":false}}