{"msg":"OK","data":{"GeneralInfo":{"IcecatId":134704541,"ReleaseDate":"","EndOfLifeDate":"","Title":"Vicks NyQuil yskänlääke 354 ml Sisäinen käyttö Siirappi","TitleInfo":{"GeneratedIntTitle":"Vicks NyQuil cough medicine","GeneratedLocalTitle":{"Value":"Vicks NyQuil yskänlääke 354 ml Sisäinen käyttö Siirappi","Language":"FI"},"BrandLocalTitle":{"Value":"","Language":"FI"}},"Brand":"Vicks","BrandID":"1366","BrandLogo":"","BrandInfo":{"BrandName":"Vicks","BrandLocalName":"","BrandLogo":""},"ProductName":"NyQuil","ProductNameInfo":{"ProductIntName":"NyQuil","ProductLocalName":{"Value":"","Language":"FI"}},"BrandPartCode":"323900041219","GTIN":["0323900041219","323900041219"],"Category":{"CategoryID":"5044","Name":{"Value":"Yskänlääkkeet","Language":"FI"}},"ProductFamily":{},"ProductSeries":{"SeriesID":"1"},"Description":{},"SummaryDescription":{"ShortSummaryDescription":"Vicks NyQuil, Sisäinen käyttö, Siirappi, 354 ml, Pullo","LongSummaryDescription":"Vicks NyQuil. Oikeaoppinen käyttö: Sisäinen käyttö, Annostelutapa: Siirappi, Volyymi: 354 ml"},"BulletPoints":{},"GeneratedBulletPoints":{},"GTINs":[{"GTIN":"0323900041219","IsApproved":true},{"GTIN":"323900041219","IsApproved":true}]},"Image":{"HighPic":"https://inishop.com/img/gallery/76e91d184f99b54d3d522eba1d9896a48ed14f9a.jpg","HighPicSize":"161813","HighPicHeight":"840","HighPicWidth":"840","LowPic":"https://inishop.com/img/gallery_lows/c2b12fbd1a4d0811783697fa5a9b7a0f77bacbfc.jpg","LowPicSize":"19238","LowPicHeight":"200","LowPicWidth":"200","Pic500x500":"https://inishop.com/img/gallery_mediums/7ce64336e4800ef6b81dbb252f19ca1e68314860.jpg","Pic500x500Size":"76329","Pic500x500Height":"500","Pic500x500Width":"500","ThumbPic":"https://inishop.com/img/gallery_thumbs/a2f9d8ee938b938832f614e4adeb5bc32f50235f.jpg","ThumbPicSize":"4465"},"Multimedia":[],"Gallery":[{"ID":"117117138","LowPic":"https://inishop.com/img/gallery_lows/c2b12fbd1a4d0811783697fa5a9b7a0f77bacbfc.jpg","LowSize":"19238","LowHeight":"200","LowWidth":"200","ThumbPic":"https://inishop.com/img/gallery_thumbs/a2f9d8ee938b938832f614e4adeb5bc32f50235f.jpg","ThumbPicSize":"4465","Pic":"https://inishop.com/img/gallery/76e91d184f99b54d3d522eba1d9896a48ed14f9a.jpg","Size":"161813","PicHeight":"840","PicWidth":"840","Pic500x500":"https://inishop.com/img/gallery_mediums/7ce64336e4800ef6b81dbb252f19ca1e68314860.jpg","Pic500x500Size":"76329","Pic500x500Height":"500","Pic500x500Width":"500","No":"1","IsMain":"Y","Updated":"2025-09-09 16:23:11","IsPrivate":"0","Type":"ProductImage","Attributes":{"OriginalFileName":""}},{"ID":"117117139","LowPic":"https://inishop.com/img/gallery_lows/f125bf6d802ac85126734d1fb8d2a3da8bdcaf22.jpg","LowSize":"18154","LowHeight":"200","LowWidth":"200","ThumbPic":"https://inishop.com/img/gallery_thumbs/1f1789d3cc103fc5812eea1bc4786394de3632f0.jpg","ThumbPicSize":"4384","Pic":"https://inishop.com/img/gallery/2fa46e6b983c1cfcf122f1babb9d6112a7a31d8a.jpg","Size":"154977","PicHeight":"840","PicWidth":"840","Pic500x500":"https://inishop.com/img/gallery_mediums/6380ae4665b89badc3f9deb88b98c3b146ce6986.jpg","Pic500x500Size":"71325","Pic500x500Height":"500","Pic500x500Width":"500","No":"2","IsMain":"N","Updated":"2025-09-09 16:23:12","IsPrivate":"0","Type":"ProductImage","Attributes":{"OriginalFileName":""}},{"ID":"117117140","LowPic":"https://inishop.com/img/gallery_lows/17ea951f92bdf97dd87b1e6745e91496a9624325.jpg","LowSize":"18258","LowHeight":"200","LowWidth":"200","ThumbPic":"https://inishop.com/img/gallery_thumbs/28fabccf962e124384eaf91991aa405f0cecc6fa.jpg","ThumbPicSize":"4419","Pic":"https://inishop.com/img/gallery/37804b5c62d901566c7bb1925dfa893d389b2967.jpg","Size":"153761","PicHeight":"840","PicWidth":"840","Pic500x500":"https://inishop.com/img/gallery_mediums/536b2caaae08c5b7fb5c7eb857b08018986064e0.jpg","Pic500x500Size":"71507","Pic500x500Height":"500","Pic500x500Width":"500","No":"3","IsMain":"N","Updated":"2025-09-09 16:23:13","IsPrivate":"0","Type":"ProductImage","Attributes":{"OriginalFileName":""}},{"ID":"117117141","LowPic":"https://inishop.com/img/gallery_lows/79c5ed0223aae3df400d1c0c09141197aa7b99a8.jpg","LowSize":"20377","LowHeight":"200","LowWidth":"200","ThumbPic":"https://inishop.com/img/gallery_thumbs/26f02365e1829f1e679a263376fe791e0f76aa20.jpg","ThumbPicSize":"4744","Pic":"https://inishop.com/img/gallery/a3bfeb50a5350c50d9dac25c7a0b649c7f6549e8.jpg","Size":"1885317","PicHeight":"3000","PicWidth":"3000","Pic500x500":"https://inishop.com/img/gallery_mediums/ed0ddabdb650c51a75cb7ecd01fe0cb560cde917.jpg","Pic500x500Size":"88346","Pic500x500Height":"500","Pic500x500Width":"500","No":"4","IsMain":"N","Updated":"2025-09-09 16:23:15","IsPrivate":"0","Type":"ProductImage","Attributes":{"OriginalFileName":""}}],"FeaturesGroups":[{"ID":18224,"SortNo":"5","FeatureGroup":{"ID":"185","Name":{"Value":"Ominaisuudet","Language":"FI"}},"Features":[{"Localized":0,"ID":835294704,"LocalID":0,"Type":"numerical","Value":"354","CategoryFeatureId":"167793","CategoryFeatureGroupID":"18224","SortNo":"250","PresentationValue":"354 ml","RawValue":"354","LocalValue":"354","Description":"The amount of space that a substance or object occupies or may contain.","Mandatory":"0","Searchable":"0","Optional":"0","Feature":{"ID":"5207","Sign":"","Measure":{"ID":"142","Sign":"","Signs":{"ID":"13925","_":"ml","Language":"FI"}},"Name":{"Value":"Volyymi","Language":"FI"}}},{"Localized":0,"ID":835294700,"LocalID":0,"Type":"dropdown","Value":"Internal use","CategoryFeatureId":"167782","CategoryFeatureGroupID":"18224","SortNo":"100","PresentationValue":"Sisäinen käyttö","RawValue":"Internal use","LocalValue":"Sisäinen käyttö","Description":"Miten tuote on tarkoitettu käytettäväksi?","Mandatory":"1","Searchable":"1","Optional":"0","Feature":{"ID":"2987","Sign":"","Measure":{"ID":"29","Sign":"","Signs":{"ID":"","_":"","Language":"FI"}},"Name":{"Value":"Oikeaoppinen käyttö","Language":"FI"}}},{"Localized":0,"ID":835294703,"LocalID":0,"Type":"dropdown","Value":"Syrup","CategoryFeatureId":"167783","CategoryFeatureGroupID":"18224","SortNo":"90","PresentationValue":"Siirappi","RawValue":"Syrup","LocalValue":"Siirappi","Description":"","Mandatory":"1","Searchable":"1","Optional":"0","Feature":{"ID":"25712","Sign":"","Measure":{"ID":"29","Sign":"","Signs":{"ID":"","_":"","Language":"FI"}},"Name":{"Value":"Annostelutapa","Language":"FI"}}},{"Localized":0,"ID":835294721,"LocalID":0,"Type":"dropdown","Value":"Bottle","CategoryFeatureId":"167792","CategoryFeatureGroupID":"18224","SortNo":"80","PresentationValue":"Pullo","RawValue":"Bottle","LocalValue":"Pullo","Description":"The type of container from which the product can be dispensed, e.g. bag, tube etc.","Mandatory":"0","Searchable":"0","Optional":"0","Feature":{"ID":"17965","Sign":"","Measure":{"ID":"29","Sign":"","Signs":{"ID":"","_":"","Language":"FI"}},"Name":{"Value":"Annostelijan tyyppi","Language":"FI"}}}]},{"ID":18225,"SortNo":"-1","FeatureGroup":{"ID":"116","Name":{"Value":"Pakkauksen sisältö","Language":"FI"}},"Features":[{"Localized":0,"ID":835294715,"LocalID":0,"Type":"numerical","Value":"1","CategoryFeatureId":"167797","CategoryFeatureGroupID":"18225","SortNo":"-10","PresentationValue":"1","RawValue":"1","LocalValue":"1","Description":"The number of products there are.","Mandatory":"0","Searchable":"0","Optional":"0","Feature":{"ID":"1675","Sign":"","Measure":{"ID":"29","Sign":"","Signs":{"ID":"","_":"","Language":"FI"}},"Name":{"Value":"Määrä","Language":"FI"}}}]}],"FeatureLogos":[],"ReasonsToBuy":[],"Reviews":[],"ProductRelated":[],"CatalogObjectCloud":{},"Variants":[],"ProductStory":[],"Dictionary":{"model_name":"Tuotenimi","desc":"Kuvaus","ean_code":"EAN/UPC-koodi","flash360":"3D-esittely","demo_msg_part3":"Jos sinulla ei ole Icecat-k&auml;ytt&auml;j&auml;tili&auml;, ole hyv&auml; ja rekister&ouml;idy maksutta t&auml;&auml;lt&auml;.","repairability_index":"Repairability index","zoom_panel_init":"Alkuper&auml;inen koko","cat_name":"Ryhm&auml;","product_family":"Tuoteperhe","back_to_top":"Takaisin yl&ouml;s","zoom_panel_out":"Loitonna","specs":"Tekniset tiedot","eu_product_fiche":"EU-tuoteseloste","reviews_head_name":"Arvostelut","pdf_specs":"Tuote-esite","zoom_panel_in":"L&auml;henn&auml;","html_content":"","release_date":"Julkaisup&auml;iv&auml;","demo_msg_part1":"K&auml;yt&auml;t t&auml;ll&auml; hetkell&auml; demo-k&auml;ytt&auml;j&auml;tili&auml;. Ole hyv&auml; ja k&auml;yt&auml; omaa Icecat-k&auml;ytt&auml;j&auml;tili&auml;si.","demo_insert_desc":"This is a demo of a seamless insert of an Icecat LIVE product data-sheet in your website. Imagine that this responsive data-sheet is included in the product page of your webshop.","pdf_url":"K&auml;ytt&ouml;opas","prod_code":"Tuotekoodi","supplier_name":"Tuotemerkki","video":"Video","reasons_to_buy":"Syitä ostaa","marketing_text":"Kuvaus","options_head_name":"Vaihtoehdot","product_series":"Tuotesarja","demo_msg_part2":"Icecat k&auml;ytt&auml;j&auml;tunnuksesi","link_integrate_desk":"Kuinka integroida Icecat LIVE JavaScript.","zoom_panel_dragg":"Hiirell&auml; vet&auml;minen","eu_energy_label":"EU-energiamerkintä"},"DemoAccount":false}}