{"msg":"OK","data":{"GeneralInfo":{"IcecatId":134704543,"ReleaseDate":"","EndOfLifeDate":"","Title":"Vicks VapoRub yskänlääke 80 g Ulkoinen käyttö Aikuiset & Lapset Voide","TitleInfo":{"GeneratedIntTitle":"Vicks VapoRub cough medicine","GeneratedLocalTitle":{"Value":"Vicks VapoRub yskänlääke 80 g Ulkoinen käyttö Aikuiset & Lapset Voide","Language":"FI"},"BrandLocalTitle":{"Value":"","Language":"FI"}},"Brand":"Vicks","BrandID":"1366","BrandLogo":"","BrandInfo":{"BrandName":"Vicks","BrandLocalName":"","BrandLogo":""},"ProductName":"VapoRub","ProductNameInfo":{"ProductIntName":"VapoRub","ProductLocalName":{"Value":"","Language":"FI"}},"BrandPartCode":"323900030862","GTIN":["0323900030862","323900030862"],"Category":{"CategoryID":"5044","Name":{"Value":"Yskänlääkkeet","Language":"FI"}},"ProductFamily":{},"ProductSeries":{"SeriesID":"1"},"Description":{},"SummaryDescription":{"ShortSummaryDescription":"Vicks VapoRub, Ulkoinen käyttö, Aikuiset & Lapset, Voide, 80 g, 2 vuosi/vuosia, Kamferi, Eukalyptusöljy, Mentoli","LongSummaryDescription":"Vicks VapoRub. Oikeaoppinen käyttö: Ulkoinen käyttö, Kohdeyleisö: Aikuiset & Lapset, Annostelutapa: Voide"},"BulletPoints":{},"GeneratedBulletPoints":{},"GTINs":[{"GTIN":"0323900030862","IsApproved":true},{"GTIN":"323900030862","IsApproved":true}]},"Image":{"HighPic":"https://inishop.com/img/gallery/bc3eaa32db1109cb7564621d493ba720fcbb1023.jpg","HighPicSize":"1363337","HighPicHeight":"3000","HighPicWidth":"3000","LowPic":"https://inishop.com/img/gallery_lows/835302aa3a022100c20e1e2712a844c9e200f1b5.jpg","LowPicSize":"37107","LowPicHeight":"200","LowPicWidth":"200","Pic500x500":"https://inishop.com/img/gallery_mediums/20da77378ff88cc05234c9c528a7004b9e962969.jpg","Pic500x500Size":"151206","Pic500x500Height":"500","Pic500x500Width":"500","ThumbPic":"https://inishop.com/img/gallery_thumbs/43fae13c995fdc34c6660f29652aa8fe64b96172.jpg","ThumbPicSize":"7738"},"Multimedia":[],"Gallery":[{"ID":"117114841","LowPic":"https://inishop.com/img/gallery_lows/835302aa3a022100c20e1e2712a844c9e200f1b5.jpg","LowSize":"37107","LowHeight":"200","LowWidth":"200","ThumbPic":"https://inishop.com/img/gallery_thumbs/43fae13c995fdc34c6660f29652aa8fe64b96172.jpg","ThumbPicSize":"7738","Pic":"https://inishop.com/img/gallery/bc3eaa32db1109cb7564621d493ba720fcbb1023.jpg","Size":"1363337","PicHeight":"3000","PicWidth":"3000","Pic500x500":"https://inishop.com/img/gallery_mediums/20da77378ff88cc05234c9c528a7004b9e962969.jpg","Pic500x500Size":"151206","Pic500x500Height":"500","Pic500x500Width":"500","No":"1","IsMain":"Y","Updated":"2025-09-09 15:58:11","IsPrivate":"0","Type":"ProductImage","Attributes":{"OriginalFileName":""}}],"FeaturesGroups":[{"ID":18224,"SortNo":"5","FeatureGroup":{"ID":"185","Name":{"Value":"Ominaisuudet","Language":"FI"}},"Features":[{"Localized":0,"ID":835292084,"LocalID":0,"Type":"numerical","Value":"80","CategoryFeatureId":"167794","CategoryFeatureGroupID":"18224","SortNo":"250","PresentationValue":"80 g","RawValue":"80","LocalValue":"80","Description":"Maximum amount that something can contain.","Mandatory":"0","Searchable":"0","Optional":"0","Feature":{"ID":"5255","Sign":"","Measure":{"ID":"38","Sign":"","Signs":{"ID":"13826","_":"g","Language":"FI"}},"Name":{"Value":"Kapasiteetti","Language":"FI"}}},{"Localized":0,"ID":835291987,"LocalID":0,"Type":"dropdown","Value":"External use","CategoryFeatureId":"167782","CategoryFeatureGroupID":"18224","SortNo":"100","PresentationValue":"Ulkoinen käyttö","RawValue":"External use","LocalValue":"Ulkoinen käyttö","Description":"Miten tuote on tarkoitettu käytettäväksi?","Mandatory":"1","Searchable":"1","Optional":"0","Feature":{"ID":"2987","Sign":"","Measure":{"ID":"29","Sign":"","Signs":{"ID":"","_":"","Language":"FI"}},"Name":{"Value":"Oikeaoppinen käyttö","Language":"FI"}}},{"Localized":0,"ID":835291990,"LocalID":0,"Type":"dropdown","Value":"Adults & Children","CategoryFeatureId":"167784","CategoryFeatureGroupID":"18224","SortNo":"95","PresentationValue":"Aikuiset & Lapset","RawValue":"Adults & Children","LocalValue":"Aikuiset & Lapset","Description":"","Mandatory":"1","Searchable":"1","Optional":"0","Feature":{"ID":"21228","Sign":"","Measure":{"ID":"29","Sign":"","Signs":{"ID":"","_":"","Language":"FI"}},"Name":{"Value":"Kohdeyleisö","Language":"FI"}}},{"Localized":0,"ID":836205490,"LocalID":0,"Type":"dropdown","Value":"Ointment","CategoryFeatureId":"167783","CategoryFeatureGroupID":"18224","SortNo":"90","PresentationValue":"Voide","RawValue":"Ointment","LocalValue":"Voide","Description":"","Mandatory":"1","Searchable":"1","Optional":"0","Feature":{"ID":"25712","Sign":"","Measure":{"ID":"29","Sign":"","Signs":{"ID":"","_":"","Language":"FI"}},"Name":{"Value":"Annostelutapa","Language":"FI"}}},{"Localized":0,"ID":835291979,"LocalID":0,"Type":"numerical","Value":"2","CategoryFeatureId":"167786","CategoryFeatureGroupID":"18224","SortNo":"90","PresentationValue":"2 vuosi/vuosia","RawValue":"2","LocalValue":"2","Description":"The minimum age suitable for using this product.","Mandatory":"0","Searchable":"0","Optional":"0","Feature":{"ID":"7769","Sign":"","Measure":{"ID":"439","Sign":"","Signs":{"ID":"39444","_":"vuosi/vuosia","Language":"FI"}},"Name":{"Value":"Alaikäraja","Language":"FI"}}},{"Localized":0,"ID":835891015,"LocalID":0,"Type":"dropdown","Value":"Camphor,Eucalyptus oil,Menthol","CategoryFeatureId":"167796","CategoryFeatureGroupID":"18224","SortNo":"86","PresentationValue":"Kamferi, Eukalyptusöljy, Mentoli","RawValue":"Camphor,Eucalyptus oil,Menthol","LocalValue":"Kamferi, Eukalyptusöljy, Mentoli","Description":"","Mandatory":"0","Searchable":"0","Optional":"0","Feature":{"ID":"18005","Sign":"","Measure":{"ID":"29","Sign":"","Signs":{"ID":"","_":"","Language":"FI"}},"Name":{"Value":"konstitutiivinen ainesosa","Language":"FI"}}},{"Localized":0,"ID":835292091,"LocalID":0,"Type":"dropdown","Value":"Pot","CategoryFeatureId":"167792","CategoryFeatureGroupID":"18224","SortNo":"80","PresentationValue":"Purkki","RawValue":"Pot","LocalValue":"Purkki","Description":"The type of container from which the product can be dispensed, e.g. bag, tube etc.","Mandatory":"0","Searchable":"0","Optional":"0","Feature":{"ID":"17965","Sign":"","Measure":{"ID":"29","Sign":"","Signs":{"ID":"","_":"","Language":"FI"}},"Name":{"Value":"Annostelijan tyyppi","Language":"FI"}}}]}],"FeatureLogos":[],"ReasonsToBuy":[],"Reviews":[],"ProductRelated":[],"CatalogObjectCloud":{},"Variants":[],"ProductStory":[],"Dictionary":{"model_name":"Tuotenimi","desc":"Kuvaus","ean_code":"EAN/UPC-koodi","flash360":"3D-esittely","demo_msg_part3":"Jos sinulla ei ole Icecat-k&auml;ytt&auml;j&auml;tili&auml;, ole hyv&auml; ja rekister&ouml;idy maksutta t&auml;&auml;lt&auml;.","repairability_index":"Repairability index","zoom_panel_init":"Alkuper&auml;inen koko","cat_name":"Ryhm&auml;","product_family":"Tuoteperhe","back_to_top":"Takaisin yl&ouml;s","zoom_panel_out":"Loitonna","specs":"Tekniset tiedot","eu_product_fiche":"EU-tuoteseloste","reviews_head_name":"Arvostelut","pdf_specs":"Tuote-esite","zoom_panel_in":"L&auml;henn&auml;","html_content":"","release_date":"Julkaisup&auml;iv&auml;","demo_msg_part1":"K&auml;yt&auml;t t&auml;ll&auml; hetkell&auml; demo-k&auml;ytt&auml;j&auml;tili&auml;. Ole hyv&auml; ja k&auml;yt&auml; omaa Icecat-k&auml;ytt&auml;j&auml;tili&auml;si.","demo_insert_desc":"This is a demo of a seamless insert of an Icecat LIVE product data-sheet in your website. Imagine that this responsive data-sheet is included in the product page of your webshop.","pdf_url":"K&auml;ytt&ouml;opas","prod_code":"Tuotekoodi","supplier_name":"Tuotemerkki","video":"Video","reasons_to_buy":"Syitä ostaa","marketing_text":"Kuvaus","options_head_name":"Vaihtoehdot","product_series":"Tuotesarja","demo_msg_part2":"Icecat k&auml;ytt&auml;j&auml;tunnuksesi","link_integrate_desk":"Kuinka integroida Icecat LIVE JavaScript.","zoom_panel_dragg":"Hiirell&auml; vet&auml;minen","eu_energy_label":"EU-energiamerkintä"},"DemoAccount":false}}