{"msg":"OK","data":{"GeneralInfo":{"IcecatId":134704542,"ReleaseDate":"","EndOfLifeDate":"","Title":"Vicks DayQuil yskänlääke 354 ml Sisäinen käyttö Siirappi","TitleInfo":{"GeneratedIntTitle":"Vicks DayQuil cough medicine","GeneratedLocalTitle":{"Value":"Vicks DayQuil yskänlääke 354 ml Sisäinen käyttö Siirappi","Language":"FI"},"BrandLocalTitle":{"Value":"","Language":"FI"}},"Brand":"Vicks","BrandID":"1366","BrandLogo":"","BrandInfo":{"BrandName":"Vicks","BrandLocalName":"","BrandLogo":""},"ProductName":"DayQuil","ProductNameInfo":{"ProductIntName":"DayQuil","ProductLocalName":{"Value":"","Language":"FI"}},"BrandPartCode":"323900041226","GTIN":["0323900041226","323900041226"],"Category":{"CategoryID":"5044","Name":{"Value":"Yskänlääkkeet","Language":"FI"}},"ProductFamily":{},"ProductSeries":{"SeriesID":"1"},"Description":{},"SummaryDescription":{"ShortSummaryDescription":"Vicks DayQuil, Sisäinen käyttö, Siirappi, 354 ml, Pullo","LongSummaryDescription":"Vicks DayQuil. Oikeaoppinen käyttö: Sisäinen käyttö, Annostelutapa: Siirappi, Volyymi: 354 ml"},"BulletPoints":{},"GeneratedBulletPoints":{},"GTINs":[{"GTIN":"0323900041226","IsApproved":true},{"GTIN":"323900041226","IsApproved":true}]},"Image":{"HighPic":"https://inishop.com/img/gallery/66e9bce2099bb7e9733681ffcf84bb0a6b05d518.jpg","HighPicSize":"172665","HighPicHeight":"840","HighPicWidth":"840","LowPic":"https://inishop.com/img/gallery_lows/ab6c18dc84f693f0f7629fb671c0c85ffe138763.jpg","LowPicSize":"19485","LowPicHeight":"200","LowPicWidth":"200","Pic500x500":"https://inishop.com/img/gallery_mediums/49605eaefd523767df2ec2260f4917fd8df21a4d.jpg","Pic500x500Size":"80723","Pic500x500Height":"500","Pic500x500Width":"500","ThumbPic":"https://inishop.com/img/gallery_thumbs/c95d12f69c83b6169a45846327827099ac3bd60b.jpg","ThumbPicSize":"4440"},"Multimedia":[],"Gallery":[{"ID":"117114962","LowPic":"https://inishop.com/img/gallery_lows/ab6c18dc84f693f0f7629fb671c0c85ffe138763.jpg","LowSize":"19485","LowHeight":"200","LowWidth":"200","ThumbPic":"https://inishop.com/img/gallery_thumbs/c95d12f69c83b6169a45846327827099ac3bd60b.jpg","ThumbPicSize":"4440","Pic":"https://inishop.com/img/gallery/66e9bce2099bb7e9733681ffcf84bb0a6b05d518.jpg","Size":"172665","PicHeight":"840","PicWidth":"840","Pic500x500":"https://inishop.com/img/gallery_mediums/49605eaefd523767df2ec2260f4917fd8df21a4d.jpg","Pic500x500Size":"80723","Pic500x500Height":"500","Pic500x500Width":"500","No":"1","IsMain":"Y","Updated":"2025-09-09 16:02:45","IsPrivate":"0","Type":"ProductImage","Attributes":{"OriginalFileName":""}},{"ID":"117114963","LowPic":"https://inishop.com/img/gallery_lows/e78ddad6818891d925cbd68554b1f4369027da09.jpg","LowSize":"18427","LowHeight":"200","LowWidth":"200","ThumbPic":"https://inishop.com/img/gallery_thumbs/2d61d0a3779520c15e7159f2c919e0cfdc62690c.jpg","ThumbPicSize":"4353","Pic":"https://inishop.com/img/gallery/30b63398a4c4db959311de6d831738092c9e8771.jpg","Size":"160950","PicHeight":"840","PicWidth":"840","Pic500x500":"https://inishop.com/img/gallery_mediums/d9be3d600466a589b6ae8da9e4d16f7e62f2cd79.jpg","Pic500x500Size":"73407","Pic500x500Height":"500","Pic500x500Width":"500","No":"2","IsMain":"N","Updated":"2025-09-09 16:02:46","IsPrivate":"0","Type":"ProductImage","Attributes":{"OriginalFileName":""}},{"ID":"117114964","LowPic":"https://inishop.com/img/gallery_lows/3da41636f1053b26e9f35c20eb9c9882f287b1f6.jpg","LowSize":"18695","LowHeight":"200","LowWidth":"200","ThumbPic":"https://inishop.com/img/gallery_thumbs/e6efa7597bdb8c8d720a39fd339fb0b3f2e81f34.jpg","ThumbPicSize":"4337","Pic":"https://inishop.com/img/gallery/70d2e7310fbebb319c61efd086d9f16bdb31bef3.jpg","Size":"164863","PicHeight":"840","PicWidth":"840","Pic500x500":"https://inishop.com/img/gallery_mediums/74f7f2d456f915a9015602ced9e43e2429aba1f6.jpg","Pic500x500Size":"74980","Pic500x500Height":"500","Pic500x500Width":"500","No":"3","IsMain":"N","Updated":"2025-09-09 16:02:47","IsPrivate":"0","Type":"ProductImage","Attributes":{"OriginalFileName":""}},{"ID":"117114965","LowPic":"https://inishop.com/img/gallery_lows/508e96dd127cf671a28e89057dec8525fd7aeb8c.jpg","LowSize":"17648","LowHeight":"200","LowWidth":"200","ThumbPic":"https://inishop.com/img/gallery_thumbs/370fe9671c6586ed422ea2b777616620365d1999.jpg","ThumbPicSize":"4363","Pic":"https://inishop.com/img/gallery/db4a59d0e5632ee587c9f445d9ed8373280caf44.jpg","Size":"163498","PicHeight":"840","PicWidth":"840","Pic500x500":"https://inishop.com/img/gallery_mediums/cae2897b8f5d7b29ed55ff4fd5a9edebd749d825.jpg","Pic500x500Size":"72714","Pic500x500Height":"500","Pic500x500Width":"500","No":"4","IsMain":"N","Updated":"2025-09-09 16:02:48","IsPrivate":"0","Type":"ProductImage","Attributes":{"OriginalFileName":""}}],"FeaturesGroups":[{"ID":18224,"SortNo":"5","FeatureGroup":{"ID":"185","Name":{"Value":"Ominaisuudet","Language":"FI"}},"Features":[{"Localized":0,"ID":835292702,"LocalID":0,"Type":"numerical","Value":"354","CategoryFeatureId":"167793","CategoryFeatureGroupID":"18224","SortNo":"250","PresentationValue":"354 ml","RawValue":"354","LocalValue":"354","Description":"The amount of space that a substance or object occupies or may contain.","Mandatory":"0","Searchable":"0","Optional":"0","Feature":{"ID":"5207","Sign":"","Measure":{"ID":"142","Sign":"","Signs":{"ID":"13925","_":"ml","Language":"FI"}},"Name":{"Value":"Volyymi","Language":"FI"}}},{"Localized":0,"ID":835292770,"LocalID":0,"Type":"dropdown","Value":"Internal use","CategoryFeatureId":"167782","CategoryFeatureGroupID":"18224","SortNo":"100","PresentationValue":"Sisäinen käyttö","RawValue":"Internal use","LocalValue":"Sisäinen käyttö","Description":"Miten tuote on tarkoitettu käytettäväksi?","Mandatory":"1","Searchable":"1","Optional":"0","Feature":{"ID":"2987","Sign":"","Measure":{"ID":"29","Sign":"","Signs":{"ID":"","_":"","Language":"FI"}},"Name":{"Value":"Oikeaoppinen käyttö","Language":"FI"}}},{"Localized":0,"ID":835292764,"LocalID":0,"Type":"dropdown","Value":"Syrup","CategoryFeatureId":"167783","CategoryFeatureGroupID":"18224","SortNo":"90","PresentationValue":"Siirappi","RawValue":"Syrup","LocalValue":"Siirappi","Description":"","Mandatory":"1","Searchable":"1","Optional":"0","Feature":{"ID":"25712","Sign":"","Measure":{"ID":"29","Sign":"","Signs":{"ID":"","_":"","Language":"FI"}},"Name":{"Value":"Annostelutapa","Language":"FI"}}},{"Localized":0,"ID":835292796,"LocalID":0,"Type":"dropdown","Value":"Bottle","CategoryFeatureId":"167792","CategoryFeatureGroupID":"18224","SortNo":"80","PresentationValue":"Pullo","RawValue":"Bottle","LocalValue":"Pullo","Description":"The type of container from which the product can be dispensed, e.g. bag, tube etc.","Mandatory":"0","Searchable":"0","Optional":"0","Feature":{"ID":"17965","Sign":"","Measure":{"ID":"29","Sign":"","Signs":{"ID":"","_":"","Language":"FI"}},"Name":{"Value":"Annostelijan tyyppi","Language":"FI"}}}]}],"FeatureLogos":[],"ReasonsToBuy":[],"Reviews":[],"ProductRelated":[],"CatalogObjectCloud":{},"Variants":[],"ProductStory":[],"Dictionary":{"model_name":"Tuotenimi","desc":"Kuvaus","ean_code":"EAN/UPC-koodi","flash360":"3D-esittely","demo_msg_part3":"Jos sinulla ei ole Icecat-k&auml;ytt&auml;j&auml;tili&auml;, ole hyv&auml; ja rekister&ouml;idy maksutta t&auml;&auml;lt&auml;.","repairability_index":"Repairability index","zoom_panel_init":"Alkuper&auml;inen koko","cat_name":"Ryhm&auml;","product_family":"Tuoteperhe","back_to_top":"Takaisin yl&ouml;s","zoom_panel_out":"Loitonna","specs":"Tekniset tiedot","eu_product_fiche":"EU-tuoteseloste","reviews_head_name":"Arvostelut","pdf_specs":"Tuote-esite","zoom_panel_in":"L&auml;henn&auml;","html_content":"","release_date":"Julkaisup&auml;iv&auml;","demo_msg_part1":"K&auml;yt&auml;t t&auml;ll&auml; hetkell&auml; demo-k&auml;ytt&auml;j&auml;tili&auml;. Ole hyv&auml; ja k&auml;yt&auml; omaa Icecat-k&auml;ytt&auml;j&auml;tili&auml;si.","demo_insert_desc":"This is a demo of a seamless insert of an Icecat LIVE product data-sheet in your website. Imagine that this responsive data-sheet is included in the product page of your webshop.","pdf_url":"K&auml;ytt&ouml;opas","prod_code":"Tuotekoodi","supplier_name":"Tuotemerkki","video":"Video","reasons_to_buy":"Syitä ostaa","marketing_text":"Kuvaus","options_head_name":"Vaihtoehdot","product_series":"Tuotesarja","demo_msg_part2":"Icecat k&auml;ytt&auml;j&auml;tunnuksesi","link_integrate_desk":"Kuinka integroida Icecat LIVE JavaScript.","zoom_panel_dragg":"Hiirell&auml; vet&auml;minen","eu_energy_label":"EU-energiamerkintä"},"DemoAccount":false}}