{"msg":"OK","data":{"GeneralInfo":{"IcecatId":122180062,"ReleaseDate":"","EndOfLifeDate":"","Title":"Satisfyer Pro 2 Generation 2 Imuvibraattori Molempikätinen","TitleInfo":{"GeneratedIntTitle":"Satisfyer Pro 2 Generation 2","GeneratedLocalTitle":{"Value":"Satisfyer Pro 2 Generation 2 Imuvibraattori Molempikätinen","Language":"FI"},"BrandLocalTitle":{"Value":"","Language":"FI"}},"Brand":"Satisfyer","BrandID":"32091","BrandLogo":"","BrandInfo":{"BrandName":"Satisfyer","BrandLocalName":"","BrandLogo":""},"ProductName":"Pro 2 Generation 2","ProductNameInfo":{"ProductIntName":"Pro 2 Generation 2","ProductLocalName":{"Value":"","Language":"FI"}},"BrandPartCode":"4009889","GTIN":[],"Category":{"CategoryID":"7943","Name":{"Value":"Vibraattorit","Language":"FI"}},"ProductFamily":{},"ProductSeries":{"SeriesID":"1"},"Description":{"ID":"104037900","LongDesc":"Klassisessa ja tyylikkäässä Pro 2 Generation 2 -laitteessa käytetään ensimmäistä kertaa paineaaltoteknologiaamme, jonka tarkoituksena on kiihdyttää klitoriksesi puhtaaseen autuuteen. Pro 2 Generation 2 -laitteessa on erittäin hiljainen moottori ja pehmeä silikonipää, joten se luo tunnelman voidaksesi saavuttaa haluamasi huipun.<br><br><b>Satisfyer Pro 2 Generation 2: Paineaaltovibraattori orgasmitakuulla</b> <br>Satisfyer Pro 2 Generation 2 on varustettu innovatiivisella Satisfyer Airpulse -teknologiallamme, joka kiihottaa klitoristasi toiveesi mukaan hellävaraisilla tai voimakkailla paineaalloilla. Kiehtovien impulssiensa ansiosta sitä on ostettu jo miljoonia kappaleita. Tämän kätevän hittituotteen avulla saavutat räjähtäviä orgasmeja, etkä saa siitä tarpeeksesi. Seksuaalisen hyvinvoinnin tasapainon ylläpitäminen on helpompaa kuin koskaan.<br><br><b>Mitä muita etuja Satisfyer Pro 2 Generation 2 -mallilla on?</b><br>Selvien etujensa lisäksi Satisfyer Pro 2 Generation 2 -mallin uusin sukupolvi on varustettu optimoidulla painikkeella, jonka avulla voit valita 11 jännittävän paineaaltotason välillä. Laite on myös vedenpitävä, ja sitä voi käyttää hiirenhiljaisen moottorinsa ansiosta huomaamatta sekä kylpyammeessa että lakanoiden välissä. Satisfyer Pro 2 Generation 2 latautuu käytännöllisesti USB-laturilla, ja se on pian valmis käytettäväksi uudestaan. Entistä voimakkaamman tunteen saat, kun käytät vesipohjaista liukuvoidetta. Satisfyer-liukuvoide on valmistettu erityisesti tätä tuotetta varten, ja se lisää laitteen viihdearvoa huomattavasti.<br><br>Pehmeä, hygieeninen silikonipää on entistä suurempi ja leveämpi, joten se yltää paremmin klitoriksen ympärille ja tarjoaa ainutlaatuisen kokemuksen. Lisäksi se on helppo puhdistaa vedellä ja saippualla tai steriilillä Toy Cleaner -puhdistusaineella. Olemme niin varmoja tyydytysvälineemme laadusta, että tarjoamme sille 15 vuoden takuun. Enää ei ole mitään syytä olla kokeilematta tätä uskomattoman jännittävää laitetta.","LongProductName":"Pro 2 Generation 2, 165 x 46 x 65 mm, 174.7 g, Sininen","MiddleDesc":"","Disclaimer":"","ManualPDFURL":"","ManualPDFSize":"0","LeafletPDFURL":"","PDFSize":"0","URL":"https://www.satisfyer.com/fi/satisfyer-pro-2-generation-2?number=SW10001","WarrantyInfo":"","Updated":"2025-09-08 17:28:48","Language":"FI"},"SummaryDescription":{"ShortSummaryDescription":"Satisfyer Pro 2 Generation 2, Imuvibraattori, Klitorisstimulaatio, Sininen, Akryylinitriilibutadieenistyreeni (ABS), Silikoni, Suora, Molempikätinen","LongSummaryDescription":"Satisfyer Pro 2 Generation 2. Tuotetyyppi: Imuvibraattori, Stimulointityyppi: Klitorisstimulaatio, Tuotteen väri: Sininen. Akkutyyppi: Sisäänrakennettu akku, Akkuteknologia: Litiumioni (Li-Ion). Pituus: 165 mm, Tuotteen leveys: 46 mm, Paino: 174,7 g. Lukumäärä per pakkaus: 1 kpl"},"BulletPoints":{"BulletPointsId":"13607245","Language":"FI","Values":["Stimuloi klitorista voimakkaiden paineaaltojen avulla ilman suoraa kosketusta","Valmistettu erittäin pehmeästä, ihoystävällisestä, lääketieteellisen tason silikonista, joka on pehmeä koskettaa ja erittäin hygieeninen","Tätä lelua voidaan käyttää vedenpitävän (IPX7) viimeistelynsä ansiosta turvallisesti vedessä, ja lelu on helppo puhdistaa"],"Updated":"2025-09-08 17:27:16"},"GeneratedBulletPoints":{},"GTINs":[]},"Image":{"HighPic":"https://inishop.com/img/gallery/6218df1610e4a14e6c15fcc698548632ee644fd9.jpg","HighPicSize":"43073","HighPicHeight":"534","HighPicWidth":"400","LowPic":"https://inishop.com/img/gallery_lows/e70c16380971c644e14135b1928d33ec0015c893.jpg","LowPicSize":"10550","LowPicHeight":"200","LowPicWidth":"150","Pic500x500":"https://inishop.com/img/gallery_mediums/5a005fb8dfa1388b9251c1445f1988bc44f0210e.jpg","Pic500x500Size":"39103","Pic500x500Height":"500","Pic500x500Width":"375","ThumbPic":"https://inishop.com/img/gallery_thumbs/8f99ad19c8d4b14d76388af28264750c9c9a19fc.jpg","ThumbPicSize":"3241"},"Multimedia":[{"ID":"03F07E43-9BD2-407A-97C1-B1BCABC2D310","URL":"https://inishop.com/objects/mmo_122180062_1757410400_4082_3603357.txt","Type":"ProductStory2.0","ContentType":"text/html","KeepAsUrl":"0","Description":"ProductStory2.0","Size":"8213","IsPrivate":"0","Updated":"2025-09-09 11:33:20","Language":"FI","IsVideo":0},{"ID":"0FB54CE2-6704-43CF-B6AD-87530BA09702","URL":"https://live-html.icecat.biz/f39454f162478ab534587ab0271345af/index.html","Type":"ProductStory","ContentType":"application/zip","KeepAsUrl":"0","Description":"ProductStory","Size":"2881","IsPrivate":"0","Updated":"2025-09-09 11:33:25","Language":"FI","IsVideo":0}],"Gallery":[{"ID":"94359077","LowPic":"https://inishop.com/img/gallery_lows/e70c16380971c644e14135b1928d33ec0015c893.jpg","LowSize":"10550","LowHeight":"200","LowWidth":"150","ThumbPic":"https://inishop.com/img/gallery_thumbs/8f99ad19c8d4b14d76388af28264750c9c9a19fc.jpg","ThumbPicSize":"3241","Pic":"https://inishop.com/img/gallery/6218df1610e4a14e6c15fcc698548632ee644fd9.jpg","Size":"43073","PicHeight":"534","PicWidth":"400","Pic500x500":"https://inishop.com/img/gallery_mediums/5a005fb8dfa1388b9251c1445f1988bc44f0210e.jpg","Pic500x500Size":"39103","Pic500x500Height":"500","Pic500x500Width":"375","No":"2","IsMain":"Y","Updated":"2024-08-19 08:27:13","IsPrivate":"0","Type":"ProductImage","Attributes":{"OriginalFileName":""}},{"ID":"94359059","LowPic":"https://inishop.com/img/gallery_lows/a0ebd4a6b2ee1509b5e15b631a1fab134d858ff5.jpg","LowSize":"8680","LowHeight":"200","LowWidth":"96","ThumbPic":"https://inishop.com/img/gallery_thumbs/9cb2d94494ff8bddbc7c328985998dbfb3660627.jpg","ThumbPicSize":"2559","Pic":"https://inishop.com/img/gallery/3b54f2eed0b814dcf42aac0799b611fb1827e200.jpg","Size":"100430","PicHeight":"873","PicWidth":"417","Pic500x500":"https://inishop.com/img/gallery_mediums/e14cc07ad9dd29f7bc68a36ee638b65c602d444b.jpg","Pic500x500Size":"37066","Pic500x500Height":"500","Pic500x500Width":"239","No":"3","IsMain":"N","Updated":"2024-08-19 08:27:37","IsPrivate":"0","Type":"ProductImage","Attributes":{"OriginalFileName":""}},{"ID":"94359060","LowPic":"https://inishop.com/img/gallery_lows/dd733848782364592a4c3a63980ee4d36536ce8b.jpg","LowSize":"14806","LowHeight":"200","LowWidth":"200","ThumbPic":"https://inishop.com/img/gallery_thumbs/2c8f8d45bf62b8d2439c3d2afbaa3ff62a019b93.jpg","ThumbPicSize":"3825","Pic":"https://inishop.com/img/gallery/1ceb462d28045e27ca1ae7335594a0f69a035dfd.jpg","Size":"190082","PicHeight":"880","PicWidth":"880","Pic500x500":"https://inishop.com/img/gallery_mediums/fce672e8c9b22e71636d9261f8226f9cd9362f59.jpg","Pic500x500Size":"67183","Pic500x500Height":"500","Pic500x500Width":"500","No":"4","IsMain":"N","Updated":"2024-08-19 08:26:50","IsPrivate":"0","Type":"ProductImage","Attributes":{"OriginalFileName":""}},{"ID":"94359061","LowPic":"https://inishop.com/img/gallery_lows/785f697e8849c1a5f88c2c19ec52e987.jpg","LowSize":"22383","LowHeight":"200","LowWidth":"200","ThumbPic":"https://inishop.com/img/gallery_thumbs/785f697e8849c1a5f88c2c19ec52e987.jpg","ThumbPicSize":"4967","Pic":"https://inishop.com/img/gallery/785f697e8849c1a5f88c2c19ec52e987.jpg","Size":"345028","PicHeight":"880","PicWidth":"880","Pic500x500":"https://inishop.com/img/gallery_mediums/785f697e8849c1a5f88c2c19ec52e987.jpg","Pic500x500Size":"105977","Pic500x500Height":"500","Pic500x500Width":"500","No":"5","IsMain":"N","Updated":"2024-08-19 08:26:50","IsPrivate":"0","Type":"ProductPackagingImage","Attributes":{"OriginalFileName":""}}],"FeaturesGroups":[{"ID":28803,"SortNo":"30","FeatureGroup":{"ID":"185","Name":{"Value":"Ominaisuudet","Language":"FI"}},"Features":[{"Localized":0,"ID":672715673,"LocalID":0,"Type":"dropdown","Value":"Sucker vibrator","CategoryFeatureId":"808782","CategoryFeatureGroupID":"28803","SortNo":"150","PresentationValue":"Imuvibraattori","RawValue":"Sucker vibrator","LocalValue":"Imuvibraattori","Description":"The sub-category of the product.","Mandatory":"1","Searchable":"1","Optional":"0","Feature":{"ID":"14052","Sign":"","Measure":{"ID":"29","Sign":"","Signs":{"ID":"","_":"","Language":"FI"}},"Name":{"Value":"Tuotetyyppi","Language":"FI"}}},{"Localized":0,"ID":672715677,"LocalID":0,"Type":"dropdown","Value":"Straight","CategoryFeatureId":"270233","CategoryFeatureGroupID":"28803","SortNo":"100","PresentationValue":"Suora","RawValue":"Straight","LocalValue":"Suora","Description":"The external form","Mandatory":"0","Searchable":"0","Optional":"0","Feature":{"ID":"9397","Sign":"","Measure":{"ID":"29","Sign":"","Signs":{"ID":"","_":"","Language":"FI"}},"Name":{"Value":"Muoto","Language":"FI"}}},{"Localized":0,"ID":672715674,"LocalID":0,"Type":"dropdown","Value":"Clitoral stimulation","CategoryFeatureId":"808780","CategoryFeatureGroupID":"28803","SortNo":"100","PresentationValue":"Klitorisstimulaatio","RawValue":"Clitoral stimulation","LocalValue":"Klitorisstimulaatio","Description":"","Mandatory":"1","Searchable":"1","Optional":"0","Feature":{"ID":"44730","Sign":"","Measure":{"ID":"29","Sign":"","Signs":{"ID":"","_":"","Language":"FI"}},"Name":{"Value":"Stimulointityyppi","Language":"FI"}}},{"Localized":0,"ID":672715678,"LocalID":0,"Type":"dropdown","Value":"Acrylonitrile butadiene styrene (ABS),Silicone","CategoryFeatureId":"270245","CategoryFeatureGroupID":"28803","SortNo":"90","PresentationValue":"Akryylinitriilibutadieenistyreeni (ABS), Silikoni","RawValue":"Acrylonitrile butadiene styrene (ABS),Silicone","LocalValue":"Akryylinitriilibutadieenistyreeni (ABS), Silikoni","Description":"The material from which a thing is or can be made e.g. wood","Mandatory":"1","Searchable":"0","Optional":"0","Feature":{"ID":"898","Sign":"","Measure":{"ID":"29","Sign":"","Signs":{"ID":"","_":"","Language":"FI"}},"Name":{"Value":"Materiaali","Language":"FI"}}},{"Localized":0,"ID":672715684,"LocalID":0,"Type":"dropdown","Value":"Ambidextrous","CategoryFeatureId":"315245","CategoryFeatureGroupID":"28803","SortNo":"68","PresentationValue":"Molempikätinen","RawValue":"Ambidextrous","LocalValue":"Molempikätinen","Description":"The design allows to draw the gun with the right or left hand or both (ambidextrous).","Mandatory":"0","Searchable":"0","Optional":"0","Feature":{"ID":"21183","Sign":"","Measure":{"ID":"29","Sign":"","Signs":{"ID":"","_":"","Language":"FI"}},"Name":{"Value":"Kätisyys","Language":"FI"}}},{"Localized":0,"ID":672715685,"LocalID":0,"Type":"multi_dropdown","Value":"Buttons","CategoryFeatureId":"315247","CategoryFeatureGroupID":"28803","SortNo":"45","PresentationValue":"Painikkeet","RawValue":"Buttons","LocalValue":"Painikkeet","Description":"The way in which the device is controlled.","Mandatory":"0","Searchable":"0","Optional":"0","Feature":{"ID":"2651","Sign":"","Measure":{"ID":"29","Sign":"","Signs":{"ID":"","_":"","Language":"FI"}},"Name":{"Value":"Ohjaustyyppi","Language":"FI"}}},{"Localized":0,"ID":835294034,"LocalID":0,"Type":"numerical","Value":"11","CategoryFeatureId":"315240","CategoryFeatureGroupID":"28803","SortNo":"40","PresentationValue":"11","RawValue":"11","LocalValue":"11","Description":"","Mandatory":"0","Searchable":"0","Optional":"0","Feature":{"ID":"34368","Sign":"","Measure":{"ID":"29","Sign":"","Signs":{"ID":"","_":"","Language":"FI"}},"Name":{"Value":"Kuvioiden lukumäärä","Language":"FI"}}},{"Localized":0,"ID":672715686,"LocalID":0,"Type":"y_n","Value":"Y","CategoryFeatureId":"270246","CategoryFeatureGroupID":"28803","SortNo":"35","PresentationValue":"Kyllä","RawValue":"Y","LocalValue":"Kyllä","Description":"The product is protected from water","Mandatory":"0","Searchable":"0","Optional":"0","Feature":{"ID":"7509","Sign":"","Measure":{"ID":"26","Sign":"","Signs":{"ID":"","_":"","Language":"FI"}},"Name":{"Value":"Vedenpitävä","Language":"FI"}}},{"Localized":0,"ID":672715687,"LocalID":0,"Type":"dropdown","Value":"Matt","CategoryFeatureId":"315569","CategoryFeatureGroupID":"28803","SortNo":"30","PresentationValue":"Matta","RawValue":"Matt","LocalValue":"Matta","Description":"The way that a product is finished e.g. a matt or gloss finish.","Mandatory":"0","Searchable":"0","Optional":"0","Feature":{"ID":"2254","Sign":"","Measure":{"ID":"29","Sign":"","Signs":{"ID":"","_":"","Language":"FI"}},"Name":{"Value":"Materiaalin viimeistely","Language":"FI"}}},{"Localized":0,"ID":672715676,"LocalID":0,"Type":"multi_dropdown","Value":"Blue","CategoryFeatureId":"270236","CategoryFeatureGroupID":"28803","SortNo":"0","PresentationValue":"Sininen","RawValue":"Blue","LocalValue":"Sininen","Description":"The colour e.g. red","Mandatory":"1","Searchable":"1","Optional":"0","Feature":{"ID":"1766","Sign":"","Measure":{"ID":"29","Sign":"","Signs":{"ID":"","_":"","Language":"FI"}},"Name":{"Value":"Tuotteen väri","Language":"FI"}}}]},{"ID":28805,"SortNo":"25","FeatureGroup":{"ID":"143","Name":{"Value":"Akku","Language":"FI"}},"Features":[{"Localized":0,"ID":672715694,"LocalID":0,"Type":"dropdown","Value":"Built-in battery","CategoryFeatureId":"270240","CategoryFeatureGroupID":"28805","SortNo":"170","PresentationValue":"Sisäänrakennettu akku","RawValue":"Built-in battery","LocalValue":"Sisäänrakennettu akku","Description":"Kuvaus tuotteen mukana tulevasta akusta.","Mandatory":"1","Searchable":"0","Optional":"0","Feature":{"ID":"908","Sign":"","Measure":{"ID":"29","Sign":"","Signs":{"ID":"","_":"","Language":"FI"}},"Name":{"Value":"Akkutyyppi","Language":"FI"}}},{"Localized":0,"ID":672715695,"LocalID":0,"Type":"dropdown","Value":"Lithium-Ion (Li-Ion)","CategoryFeatureId":"270243","CategoryFeatureGroupID":"28805","SortNo":"17","PresentationValue":"Litiumioni (Li-Ion)","RawValue":"Lithium-Ion (Li-Ion)","LocalValue":"Litiumioni (Li-Ion)","Description":"The type of battery in the device","Mandatory":"0","Searchable":"0","Optional":"0","Feature":{"ID":"434","Sign":"","Measure":{"ID":"29","Sign":"","Signs":{"ID":"","_":"","Language":"FI"}},"Name":{"Value":"Akkuteknologia","Language":"FI"}}},{"Localized":0,"ID":672715696,"LocalID":0,"Type":"y_n","Value":"Y","CategoryFeatureId":"315558","CategoryFeatureGroupID":"28805","SortNo":"15","PresentationValue":"Kyllä","RawValue":"Y","LocalValue":"Kyllä","Description":"","Mandatory":"0","Searchable":"0","Optional":"0","Feature":{"ID":"11194","Sign":"","Measure":{"ID":"26","Sign":"","Signs":{"ID":"","_":"","Language":"FI"}},"Name":{"Value":"USB-lataus","Language":"FI"}}}]},{"ID":28807,"SortNo":"15","FeatureGroup":{"ID":"14","Name":{"Value":"Paino ja mitat","Language":"FI"}},"Features":[{"Localized":0,"ID":672715689,"LocalID":0,"Type":"numerical","Value":"165","CategoryFeatureId":"270247","CategoryFeatureGroupID":"28807","SortNo":"49","PresentationValue":"165 mm","RawValue":"165","LocalValue":"165","Description":"The measurement or extent of something from end to end.","Mandatory":"1","Searchable":"0","Optional":"0","Feature":{"ID":"2738","Sign":"","Measure":{"ID":"24","Sign":"","Signs":{"ID":"13815","_":"mm","Language":"FI"}},"Name":{"Value":"Pituus","Language":"FI"}}},{"Localized":0,"ID":672715690,"LocalID":0,"Type":"numerical","Value":"46","CategoryFeatureId":"315570","CategoryFeatureGroupID":"28807","SortNo":"14","PresentationValue":"46 mm","RawValue":"46","LocalValue":"46","Description":"The measurement or extent of something from side to side.","Mandatory":"0","Searchable":"0","Optional":"0","Feature":{"ID":"1649","Sign":"","Measure":{"ID":"24","Sign":"","Signs":{"ID":"13815","_":"mm","Language":"FI"}},"Name":{"Value":"Tuotteen leveys","Language":"FI"}}},{"Localized":0,"ID":672715691,"LocalID":0,"Type":"numerical","Value":"174.7","CategoryFeatureId":"315246","CategoryFeatureGroupID":"28807","SortNo":"11","PresentationValue":"174,7 g","RawValue":"174.7","LocalValue":"174,7","Description":"Tuotteen paino ilman pakkausta (Nettopaino). Jos mahdollista, nettopaino ilmaistaan vakiovarusteineet ja tarvikkeet mukaan laskettuna. Huomaa, että joskus valmistaja antaa kaupallisen tulkinnan tuotteen painosta, jättämällä pois  lisävarusteiden ja / tai tarvikkeiden painon.","Mandatory":"0","Searchable":"0","Optional":"0","Feature":{"ID":"94","Sign":"","Measure":{"ID":"38","Sign":"","Signs":{"ID":"13826","_":"g","Language":"FI"}},"Name":{"Value":"Paino","Language":"FI"}}}]},{"ID":28804,"SortNo":"10","FeatureGroup":{"ID":"116","Name":{"Value":"Pakkauksen sisältö","Language":"FI"}},"Features":[{"Localized":0,"ID":672715692,"LocalID":0,"Type":"numerical","Value":"1","CategoryFeatureId":"660396","CategoryFeatureGroupID":"28804","SortNo":"500","PresentationValue":"1 kpl","RawValue":"1","LocalValue":"1","Description":"","Mandatory":"0","Searchable":"0","Optional":"0","Feature":{"ID":"20228","Sign":"","Measure":{"ID":"144","Sign":"","Signs":{"ID":"3770","_":"kpl","Language":"FI"}},"Name":{"Value":"Lukumäärä per pakkaus","Language":"FI"}}},{"Localized":0,"ID":672715693,"LocalID":0,"Type":"y_n","Value":"Y","CategoryFeatureId":"315244","CategoryFeatureGroupID":"28804","SortNo":"100","PresentationValue":"Kyllä","RawValue":"Y","LocalValue":"Kyllä","Description":"","Mandatory":"0","Searchable":"0","Optional":"0","Feature":{"ID":"3965","Sign":"","Measure":{"ID":"26","Sign":"","Signs":{"ID":"","_":"","Language":"FI"}},"Name":{"Value":"Käyttöopas","Language":"FI"}}}]}],"FeatureLogos":[],"ReasonsToBuy":[],"Reviews":[],"ProductRelated":[],"CatalogObjectCloud":{},"Variants":[],"ProductStory":[{"ID":"0FB54CE2-6704-43CF-B6AD-87530BA09702","URL":"https://live-html.icecat.biz/f39454f162478ab534587ab0271345af/index.html","Type":"ProductStory","ContentType":"application/zip","KeepAsUrl":"0","Description":"ProductStory","Size":"2881","IsPrivate":"0","Updated":"2025-09-09 11:33:25","Language":"FI","IsVideo":0}],"Dictionary":{"model_name":"Tuotenimi","desc":"Kuvaus","ean_code":"EAN/UPC-koodi","flash360":"3D-esittely","demo_msg_part3":"Jos sinulla ei ole Icecat-k&auml;ytt&auml;j&auml;tili&auml;, ole hyv&auml; ja rekister&ouml;idy maksutta t&auml;&auml;lt&auml;.","repairability_index":"Repairability index","zoom_panel_init":"Alkuper&auml;inen koko","cat_name":"Ryhm&auml;","product_family":"Tuoteperhe","back_to_top":"Takaisin yl&ouml;s","zoom_panel_out":"Loitonna","specs":"Tekniset tiedot","eu_product_fiche":"EU-tuoteseloste","reviews_head_name":"Arvostelut","pdf_specs":"Tuote-esite","zoom_panel_in":"L&auml;henn&auml;","html_content":"","release_date":"Julkaisup&auml;iv&auml;","demo_msg_part1":"K&auml;yt&auml;t t&auml;ll&auml; hetkell&auml; demo-k&auml;ytt&auml;j&auml;tili&auml;. Ole hyv&auml; ja k&auml;yt&auml; omaa Icecat-k&auml;ytt&auml;j&auml;tili&auml;si.","demo_insert_desc":"This is a demo of a seamless insert of an Icecat LIVE product data-sheet in your website. Imagine that this responsive data-sheet is included in the product page of your webshop.","pdf_url":"K&auml;ytt&ouml;opas","prod_code":"Tuotekoodi","supplier_name":"Tuotemerkki","video":"Video","reasons_to_buy":"Syitä ostaa","marketing_text":"Kuvaus","options_head_name":"Vaihtoehdot","product_series":"Tuotesarja","demo_msg_part2":"Icecat k&auml;ytt&auml;j&auml;tunnuksesi","link_integrate_desk":"Kuinka integroida Icecat LIVE JavaScript.","zoom_panel_dragg":"Hiirell&auml; vet&auml;minen","eu_energy_label":"EU-energiamerkintä"},"DemoAccount":false}}