{"msg":"OK","data":{"GeneralInfo":{"IcecatId":91936878,"ReleaseDate":"","EndOfLifeDate":"","Title":"Philips P Line 439P1/00 LED display 108 cm (42.5\") 3840 x 2160 pikseliä 4K Ultra HD musta","TitleInfo":{"GeneratedIntTitle":"Philips P Line 439P1/00 LED display","GeneratedLocalTitle":{"Value":"Philips P Line 439P1/00 LED display 108 cm (42.5\") 3840 x 2160 pikseliä 4K Ultra HD musta","Language":"FI"},"BrandLocalTitle":{"Value":"","Language":"FI"}},"Brand":"Philips","BrandID":"25","BrandLogo":"https://images.icecat.biz/img/brand/thumb/25_c26c0239c23244eaaccd8bb3e8990a9e.jpg","BrandInfo":{"BrandName":"Philips","BrandLocalName":"","BrandLogo":"https://images.icecat.biz/img/brand/thumb/25_c26c0239c23244eaaccd8bb3e8990a9e.jpg"},"ProductName":"439P1/00","ProductNameInfo":{"ProductIntName":"439P1/00","ProductLocalName":{"Value":"","Language":"FI"}},"BrandPartCode":"439P1/00","GTIN":["8712581776947"],"Category":{"CategoryID":"222","Name":{"Value":"Litteät tietokonenäytöt","Language":"FI"}},"ProductFamily":{"ProductFamilyID":"70325","Value":"P Line","Language":"EN"},"ProductSeries":{"SeriesID":"1"},"Description":{"ID":"81369247","LongDesc":"Philipsin USB-C-telakka näytöille on kokonaisvaltainen ratkaisu. Voit katsella UltraClear 4K UHD -kuvaa ja ladata kannettavan samaan aikaan yhdellä USB-C-kaapelilla. Integroitu KVM-kytkin ja useat yhteydet parantavat suorituskykyä ja käytettävyyttä.","LongProductName":"Business Monitor 439P1 4K Ultra HD -LCD-näyttö ja MultiView","MiddleDesc":"","Disclaimer":"","ManualPDFURL":"https://objects.icecat.biz/objects/mmo_91936878_1655906214_1332_20783.pdf","ManualPDFSize":"4704949","LeafletPDFURL":"https://objects.icecat.biz/objects/mmo_91936878_1655906203_7866_3110.pdf","PDFSize":"1018417","URL":"https://mmdmonitors.com/","WarrantyInfo":"","Updated":"2024-05-02 08:35:41","Language":"FI"},"SummaryDescription":{"ShortSummaryDescription":"Philips P Line 439P1/00, 108 cm (42.5\"), 3840 x 2160 pikseliä, 4K Ultra HD, LED, 4 ms, musta","LongSummaryDescription":"Philips P Line 439P1/00. Näytön halkaisija: 108 cm (42.5\"), Näytön erottelutarkkuus: 3840 x 2160 pikseliä, HD-tyyppi: 4K Ultra HD, Näytön teknologia: LED, Näytön pinta: Matta, Vasteaika (tyypillinen): 4 ms, Vakiokuvasuhde: 16:9, Katselukulma, vaakasuora: 178°, Katselukulma, pystysuora: 178°. Sisäiset kaiuttimet. Sisäänrakennettu USB-keskus. VESA-kiinnitys, Korkeudensäätö. Tuotteen väri: musta"},"BulletPoints":{},"GeneratedBulletPoints":{"Language":"FI","Values":["108 cm (42.5\") LED VA","4K Ultra HD 3840 x 2160 pikseliä 16:9","60 Hz 4 ms 400 cd/m² 4000:1","Välkkymätön teknologia","G 55 kWh 46 W"]},"GTINs":[{"GTIN":"8712581776947","IsApproved":true}],"VirtualCategory":[{"VirtualCategoryID":"122","UNCATID":"","Value":"LED Displays","Language":"EN"}]},"Image":{"HighPic":"https://images.icecat.biz/img/gallery/1f580d66689d1e20062aed5aa9e9f937.jpg","HighPicSize":"1609983","HighPicHeight":"2000","HighPicWidth":"2000","LowPic":"https://images.icecat.biz/img/gallery_lows/1f580d66689d1e20062aed5aa9e9f937.jpg","LowPicSize":"37754","LowPicHeight":"200","LowPicWidth":"200","Pic500x500":"https://images.icecat.biz/img/gallery_mediums/1f580d66689d1e20062aed5aa9e9f937.jpg","Pic500x500Size":"189585","Pic500x500Height":"500","Pic500x500Width":"500","ThumbPic":"https://images.icecat.biz/img/gallery_thumbs/1f580d66689d1e20062aed5aa9e9f937.jpg","ThumbPicSize":"7364"},"Multimedia":[{"ID":"06F35704-E383-40F1-AADF-E3100178ED16","URL":"https://objects.icecat.biz/objects/mmo_91936878_1655906214_1332_20783.pdf","Type":"manual pdf","ContentType":"application/pdf","KeepAsUrl":"0","Description":"K&auml;ytt&ouml;opas","Size":"4704949","IsPrivate":"0","Updated":"2022-10-04 00:13:41","Language":"FI","IsVideo":0},{"ID":"A158D636-C3EB-478A-A20E-2AEF7BA29381","URL":"https://objects.icecat.biz/objects/mmo_91936878_1665305412_9298_3364779.pdf","Type":"other digital assets","ContentType":"application/pdf","KeepAsUrl":"0","Description":"439P1/00_QSG_fi_FI","Size":"12158840","IsPrivate":"0","Updated":"2024-06-03 16:14:46","Language":"FI","IsVideo":0},{"ID":"CCD928DF-FAAA-479D-A1FB-2DA042F50E12","URL":"https://objects.icecat.biz/objects/mmo_91936878_1752394285_3052_3850656.pdf","Type":"EU Energy Label","ContentType":"application/pdf","KeepAsUrl":"0","Description":"EU-energiamerkintä","Size":"339451","IsPrivate":"0","Updated":"2025-07-13 10:11:26","Language":"","IsVideo":0,"EprelLink":"https://eprel.ec.europa.eu/qr/587235","LabelType":"rescaled","ConvertedURL":"https://objects.icecat.biz/objects/91936878_29639500.jpeg","ConvertedContentType":"image/jpeg","ConvertedSize":152221,"EprelId":587235},{"ID":"00000000-0000-0000-0000-000000000000","URL":"https://icecat.biz/rest/product-pdf?productId=91936878&lang=fi","Type":"leaflet","ContentType":"application/pdf","KeepAsUrl":"0","Description":"Brochure Philips 439P1/00","Size":"0","IsPrivate":"0","Updated":"2025-09-09 13:49:39","Language":"FI","IsVideo":0}],"Gallery":[{"ID":"85274248","LowPic":"https://images.icecat.biz/img/gallery_lows/1f580d66689d1e20062aed5aa9e9f937.jpg","LowSize":"37754","LowHeight":"200","LowWidth":"200","ThumbPic":"https://images.icecat.biz/img/gallery_thumbs/1f580d66689d1e20062aed5aa9e9f937.jpg","ThumbPicSize":"7364","Pic":"https://images.icecat.biz/img/gallery/1f580d66689d1e20062aed5aa9e9f937.jpg","Size":"1609983","PicHeight":"2000","PicWidth":"2000","Pic500x500":"https://images.icecat.biz/img/gallery_mediums/1f580d66689d1e20062aed5aa9e9f937.jpg","Pic500x500Size":"189585","Pic500x500Height":"500","Pic500x500Width":"500","No":"1","IsMain":"Y","Updated":"2025-07-27 09:49:45","IsPrivate":"0","Type":"ProductImage","Attributes":{"OriginalFileName":""}},{"ID":"112442756","LowPic":"https://images.icecat.biz/img/gallery_lows/4e57bd2d98b6c4fb8367779c3ab5274d2b4f9fcd.jpg","LowSize":"37626","LowHeight":"197","LowWidth":"200","ThumbPic":"https://images.icecat.biz/img/gallery_thumbs/ca939960a09b3a8119b2f83c62ff045931dae43e.jpg","ThumbPicSize":"7355","Pic":"https://images.icecat.biz/img/gallery/33c49f288e8ebc21ae49276f2864463a2a0e54f9.jpg","Size":"744866","PicHeight":"1181","PicWidth":"1200","Pic500x500":"https://images.icecat.biz/img/gallery_mediums/daba98cf69e0361fc5487f76b15e50826d5e2c69.jpg","Pic500x500Size":"175928","Pic500x500Height":"492","Pic500x500Width":"500","No":"2","IsMain":"N","Updated":"2025-07-27 09:49:45","IsPrivate":"0","Type":"ProductImage","Attributes":{"OriginalFileName":""}},{"ID":"112442762","LowPic":"https://images.icecat.biz/img/gallery_lows/acd9c3f418b02c06d16bd5c8eb1ed60c99532ea8.jpg","LowSize":"39587","LowHeight":"197","LowWidth":"200","ThumbPic":"https://images.icecat.biz/img/gallery_thumbs/5053502ed35b855dfae9cfb10a624b989ec48406.jpg","ThumbPicSize":"8172","Pic":"https://images.icecat.biz/img/gallery/efdb834bb9c90dd3e8090b40811d031330565340.jpg","Size":"769329","PicHeight":"1181","PicWidth":"1200","Pic500x500":"https://images.icecat.biz/img/gallery_mediums/2557db4c07437263a8dcbbec22f6f6b7b2c13fc1.jpg","Pic500x500Size":"185064","Pic500x500Height":"492","Pic500x500Width":"500","No":"3","IsMain":"N","Updated":"2025-07-27 09:49:45","IsPrivate":"0","Type":"ProductImage","Attributes":{"OriginalFileName":""}},{"ID":"112442765","LowPic":"https://images.icecat.biz/img/gallery_lows/051652c7fec55613898954c7bd494e473ede6898.jpg","LowSize":"39885","LowHeight":"197","LowWidth":"200","ThumbPic":"https://images.icecat.biz/img/gallery_thumbs/73a3f2d16f0568c881a7c8cecb92ba45bc309cfe.jpg","ThumbPicSize":"8144","Pic":"https://images.icecat.biz/img/gallery/deeb3c63ee7b81a452dd448976a0f62a59d6614d.jpg","Size":"791098","PicHeight":"1181","PicWidth":"1200","Pic500x500":"https://images.icecat.biz/img/gallery_mediums/f5439cb6209906d5ea1bfddee91f3f08176e6786.jpg","Pic500x500Size":"187421","Pic500x500Height":"492","Pic500x500Width":"500","No":"4","IsMain":"N","Updated":"2025-07-27 09:49:45","IsPrivate":"0","Type":"ProductImage","Attributes":{"OriginalFileName":""}},{"ID":"112442771","LowPic":"https://images.icecat.biz/img/gallery_lows/eb13e7dd9a49da42fd80603aff4fa4296d54db72.jpg","LowSize":"4923","LowHeight":"197","LowWidth":"200","ThumbPic":"https://images.icecat.biz/img/gallery_thumbs/f0933977606426ea23dbf77586d3ee1a379405d7.jpg","ThumbPicSize":"1528","Pic":"https://images.icecat.biz/img/gallery/408a8e0d2d1f474254e362c4887791200392618a.jpg","Size":"79774","PicHeight":"1181","PicWidth":"1200","Pic500x500":"https://images.icecat.biz/img/gallery_mediums/781b81ccb132b85ea1fcec7b4cc01697d087919f.jpg","Pic500x500Size":"20438","Pic500x500Height":"492","Pic500x500Width":"500","No":"5","IsMain":"N","Updated":"2025-07-27 09:49:45","IsPrivate":"0","Type":"ProductImage","Attributes":{"OriginalFileName":""}},{"ID":"112442773","LowPic":"https://images.icecat.biz/img/gallery_lows/f2ce11a256122d9f15d596e222fcaed66837c3d2.jpg","LowSize":"5387","LowHeight":"197","LowWidth":"200","ThumbPic":"https://images.icecat.biz/img/gallery_thumbs/1d374bf66ca405be192e5bb65acadb7f6666e8a9.jpg","ThumbPicSize":"1831","Pic":"https://images.icecat.biz/img/gallery/34a85dc5f881351246183662688187bf17d68a65.jpg","Size":"81130","PicHeight":"1181","PicWidth":"1200","Pic500x500":"https://images.icecat.biz/img/gallery_mediums/9cd299dfc8ea872c659a7980f8b437cd6920bcf7.jpg","Pic500x500Size":"18762","Pic500x500Height":"492","Pic500x500Width":"500","No":"6","IsMain":"N","Updated":"2025-07-27 09:49:45","IsPrivate":"0","Type":"ProductImage","Attributes":{"OriginalFileName":""}},{"ID":"112442775","LowPic":"https://images.icecat.biz/img/gallery_lows/1161e0305f8d5a955e030d91d42bc4eccb56bf27.jpg","LowSize":"9166","LowHeight":"197","LowWidth":"200","ThumbPic":"https://images.icecat.biz/img/gallery_thumbs/2accfb93ead24472f8c96fc54172f6a38600eebe.jpg","ThumbPicSize":"2746","Pic":"https://images.icecat.biz/img/gallery/0252c30440827ed9bd54594565412e1f1d3a2078.jpg","Size":"114639","PicHeight":"1181","PicWidth":"1200","Pic500x500":"https://images.icecat.biz/img/gallery_mediums/a4e4d226476dcc5564816ad75043a7e2b9402ab1.jpg","Pic500x500Size":"35515","Pic500x500Height":"492","Pic500x500Width":"500","No":"7","IsMain":"N","Updated":"2025-07-27 09:49:45","IsPrivate":"0","Type":"ProductImage","Attributes":{"OriginalFileName":""}}],"FeaturesGroups":[{"ID":100,"SortNo":"50","FeatureGroup":{"ID":"5","Name":{"Value":"Näyttö","Language":"FI"}},"Features":[{"Localized":0,"ID":420157469,"LocalID":0,"Type":"numerical","Value":"42.51","CategoryFeatureId":"11608","CategoryFeatureGroupID":"100","SortNo":"1000","PresentationValue":"108 cm (42.5\")","RawValue":"42.51","LocalValue":"108","Description":"Tämän tuotteen näytön koko, ilmaistuna diagonaalin tuumina.","Mandatory":"1","Searchable":"1","Optional":"0","Feature":{"ID":"944","Sign":"","Measure":{"ID":"16","Sign":"","Signs":{"ID":"3161","_":"\"","Language":"FI"}},"Name":{"Value":"Näytön halkaisija","Language":"FI"}}},{"Localized":0,"ID":420157523,"LocalID":0,"Type":"2d","Value":"3840 x 2160","CategoryFeatureId":"9316","CategoryFeatureGroupID":"100","SortNo":"990","PresentationValue":"3840 x 2160 pikseliä","RawValue":"3840 x 2160","LocalValue":"3840 x 2160","Description":"Järjestelmän näytön resoluutio.","Mandatory":"1","Searchable":"1","Optional":"0","Feature":{"ID":"1585","Sign":"","Measure":{"ID":"39","Sign":"","Signs":{"ID":"13827","_":"pikseliä","Language":"FI"}},"Name":{"Value":"Näytön erottelutarkkuus","Language":"FI"}}},{"Localized":0,"ID":420157478,"LocalID":0,"Type":"dropdown","Value":"4K Ultra HD","CategoryFeatureId":"74099","CategoryFeatureGroupID":"100","SortNo":"980","PresentationValue":"4K Ultra HD","RawValue":"4K Ultra HD","LocalValue":"4K Ultra HD","Description":"Type of supported High Definition (e.g. Full HD, 4K Ultra HD).","Mandatory":"1","Searchable":"0","Optional":"0","Feature":{"ID":"11424","Sign":"","Measure":{"ID":"29","Sign":"","Signs":{"ID":"","_":"","Language":"FI"}},"Name":{"Value":"HD-tyyppi","Language":"FI"}}},{"Localized":0,"ID":420157525,"LocalID":0,"Type":"dropdown","Value":"16:9","CategoryFeatureId":"155124","CategoryFeatureGroupID":"100","SortNo":"970","PresentationValue":"16:9","RawValue":"16:9","LocalValue":"16:9","Description":"The aspect ratio is the ratio of the width of an image to its height. The native aspect ratio is the one which the projector/display is particularly designed for. Images shown in native aspect ratio will utilize the entire resolution of the display and achieve maximum brightness. Images shown in other than native aspect ratio will always have less resolution and less brightness than images shown in native aspect ratio.","Mandatory":"1","Searchable":"1","Optional":"0","Feature":{"ID":"11417","Sign":"","Measure":{"ID":"29","Sign":"","Signs":{"ID":"","_":"","Language":"FI"}},"Name":{"Value":"Vakiokuvasuhde","Language":"FI"}}},{"Localized":0,"ID":420157479,"LocalID":0,"Type":"dropdown","Value":"LED","CategoryFeatureId":"57158","CategoryFeatureGroupID":"100","SortNo":"960","PresentationValue":"LED","RawValue":"LED","LocalValue":"LED","Description":"The technology used in the display e.g. plasma","Mandatory":"1","Searchable":"1","Optional":"0","Feature":{"ID":"9713","Sign":"","Measure":{"ID":"29","Sign":"","Signs":{"ID":"","_":"","Language":"FI"}},"Name":{"Value":"Näytön teknologia","Language":"FI"}}},{"Localized":0,"ID":420157482,"LocalID":0,"Type":"dropdown","Value":"VA","CategoryFeatureId":"255240","CategoryFeatureGroupID":"100","SortNo":"950","PresentationValue":"VA","RawValue":"VA","LocalValue":"VA","Description":"","Mandatory":"1","Searchable":"0","Optional":"0","Feature":{"ID":"15285","Sign":"","Measure":{"ID":"29","Sign":"","Signs":{"ID":"","_":"","Language":"FI"}},"Name":{"Value":"Paneelin tyyppi","Language":"FI"}}},{"Localized":0,"ID":420157488,"LocalID":0,"Type":"dropdown","Value":"W-LED","CategoryFeatureId":"57198","CategoryFeatureGroupID":"100","SortNo":"940","PresentationValue":"W-LED","RawValue":"W-LED","LocalValue":"W-LED","Description":"","Mandatory":"0","Searchable":"0","Optional":"0","Feature":{"ID":"7369","Sign":"","Measure":{"ID":"29","Sign":"","Signs":{"ID":"","_":"","Language":"FI"}},"Name":{"Value":"Taustavalon tyyppi","Language":"FI"}}},{"Localized":0,"ID":498653408,"LocalID":0,"Type":"y_n","Value":"N","CategoryFeatureId":"243713","CategoryFeatureGroupID":"100","SortNo":"930","PresentationValue":"Ei","RawValue":"N","LocalValue":"Ei","Description":"A screen of a laptop","Mandatory":"1","Searchable":"1","Optional":"0","Feature":{"ID":"4963","Sign":"","Measure":{"ID":"26","Sign":"","Signs":{"ID":"","_":"","Language":"FI"}},"Name":{"Value":"Kosketusnäyttö","Language":"FI"}}},{"Localized":0,"ID":420157539,"LocalID":0,"Type":"numerical","Value":"400","CategoryFeatureId":"255214","CategoryFeatureGroupID":"100","SortNo":"880","PresentationValue":"400 cd/m²","RawValue":"400","LocalValue":"400","Description":"Display brightness, measured by its Luminance, presented as a figure in nits. Typical brightness ratings for monitors range from 250 to 350 nits with a target value of between 80 to 120 nits being suitable for most displays in a normal viewing environment.","Mandatory":"0","Searchable":"0","Optional":"0","Feature":{"ID":"36441","Sign":"","Measure":{"ID":"43","Sign":"","Signs":{"ID":"13831","_":"cd/m²","Language":"FI"}},"Name":{"Value":"Näytön kirkkaus (tavallinen)","Language":"FI"}}},{"Localized":0,"ID":420157536,"LocalID":0,"Type":"numerical","Value":"4","CategoryFeatureId":"5285","CategoryFeatureGroupID":"100","SortNo":"870","PresentationValue":"4 ms","RawValue":"4","LocalValue":"4","Description":"Vasteaika määritellään aikaerona kun lähde (esimerkiksi video-kortti) lähettää signaalin, ja että laite (esimerkiksi näyttö) vastaanottaa tai näyttää signaalin. (Käytetyt lyhenteet: R / F = Rise and Fall.)","Mandatory":"1","Searchable":"0","Optional":"0","Feature":{"ID":"1516","Sign":"","Measure":{"ID":"27","Sign":"","Signs":{"ID":"13816","_":"ms","Language":"FI"}},"Name":{"Value":"Vasteaika (tyypillinen)","Language":"FI"}}},{"Localized":0,"ID":420462734,"LocalID":0,"Type":"dropdown","Value":"Matt","CategoryFeatureId":"96492","CategoryFeatureGroupID":"100","SortNo":"860","PresentationValue":"Matta","RawValue":"Matt","LocalValue":"Matta","Description":"","Mandatory":"0","Searchable":"0","Optional":"0","Feature":{"ID":"17029","Sign":"","Measure":{"ID":"29","Sign":"","Signs":{"ID":"","_":"","Language":"FI"}},"Name":{"Value":"Näytön pinta","Language":"FI"}}},{"Localized":0,"ID":487781054,"LocalID":0,"Type":"y_n","Value":"Y","CategoryFeatureId":"594924","CategoryFeatureGroupID":"100","SortNo":"850","PresentationValue":"Kyllä","RawValue":"Y","LocalValue":"Kyllä","Description":"Antaa aina optimaalisen näkymän, jopa suorassa auringonvalossa.","Mandatory":"0","Searchable":"0","Optional":"0","Feature":{"ID":"10443","Sign":"","Measure":{"ID":"26","Sign":"","Signs":{"ID":"","_":"","Language":"FI"}},"Name":{"Value":"Häikäisemätön näyttö","Language":"FI"}}},{"Localized":0,"ID":420157528,"LocalID":0,"Type":"dropdown","Value":"Flat screen","CategoryFeatureId":"133269","CategoryFeatureGroupID":"100","SortNo":"840","PresentationValue":"Litteä","RawValue":"Flat screen","LocalValue":"Litteä","Description":"","Mandatory":"1","Searchable":"0","Optional":"0","Feature":{"ID":"17554","Sign":"","Measure":{"ID":"29","Sign":"","Signs":{"ID":"","_":"","Language":"FI"}},"Name":{"Value":"Näytön muoto","Language":"FI"}}},{"Localized":0,"ID":420157513,"LocalID":0,"Type":"multi_dropdown","Value":"16:9","CategoryFeatureId":"12695","CategoryFeatureGroupID":"100","SortNo":"800","PresentationValue":"16:9","RawValue":"16:9","LocalValue":"16:9","Description":"Kuvasuhde on muodon leveyden suhde sen korkeuteen. Esimerkiksi 4:3 on yleinen näyttöjen standardi ja 16:9 on  laajakuvatelevision kuvasuhde.","Mandatory":"0","Searchable":"0","Optional":"1","Feature":{"ID":"39","Sign":"","Measure":{"ID":"29","Sign":"","Signs":{"ID":"","_":"","Language":"FI"}},"Name":{"Value":"Kuvasuhde","Language":"FI"}}},{"Localized":0,"ID":420157549,"LocalID":0,"Type":"contrast ratio","Value":"4000:1","CategoryFeatureId":"4943","CategoryFeatureGroupID":"100","SortNo":"790","PresentationValue":"4000:1","RawValue":"4000:1","LocalValue":"4000:1","Description":"Valon intensiteetin ero kirkkaimman valkoisen ja tummimman mustan välillä.","Mandatory":"1","Searchable":"0","Optional":"0","Feature":{"ID":"34","Sign":"","Measure":{"ID":"29","Sign":"","Signs":{"ID":"","_":"","Language":"FI"}},"Name":{"Value":"Kontrastisuhde (tyypillinen)","Language":"FI"}}},{"Localized":0,"ID":420157552,"LocalID":0,"Type":"contrast ratio","Value":"50000000:1","CategoryFeatureId":"31337","CategoryFeatureGroupID":"100","SortNo":"780","PresentationValue":"50000000:1","RawValue":"50000000:1","LocalValue":"50000000:1","Description":"A property of a display system","Mandatory":"0","Searchable":"0","Optional":"0","Feature":{"ID":"6087","Sign":"","Measure":{"ID":"29","Sign":"","Signs":{"ID":"","_":"","Language":"FI"}},"Name":{"Value":"Kontrastisuhde (dynaaminen)","Language":"FI"}}},{"Localized":0,"ID":488486531,"LocalID":0,"Type":"dropdown","Value":"SmartContrast","CategoryFeatureId":"153742","CategoryFeatureGroupID":"100","SortNo":"770","PresentationValue":"SmartContrast","RawValue":"SmartContrast","LocalValue":"SmartContrast","Description":"","Mandatory":"0","Searchable":"0","Optional":"0","Feature":{"ID":"24871","Sign":"","Measure":{"ID":"29","Sign":"","Signs":{"ID":"","_":"","Language":"FI"}},"Name":{"Value":"Dynaamisen kontrastisuhteen markkinointinimi","Language":"FI"}}},{"Localized":0,"ID":420158850,"LocalID":0,"Type":"numerical","Value":"60","CategoryFeatureId":"183826","CategoryFeatureGroupID":"100","SortNo":"760","PresentationValue":"60 Hz","RawValue":"60","LocalValue":"60","Description":"","Mandatory":"1","Searchable":"0","Optional":"0","Feature":{"ID":"7450","Sign":"","Measure":{"ID":"36","Sign":"","Signs":{"ID":"13824","_":"Hz","Language":"FI"}},"Name":{"Value":"Suurin päivitystaajuus","Language":"FI"}}},{"Localized":0,"ID":420157562,"LocalID":0,"Type":"numerical","Value":"178","CategoryFeatureId":"4940","CategoryFeatureGroupID":"100","SortNo":"750","PresentationValue":"178°","RawValue":"178","LocalValue":"178","Description":"Maximum horizontal angle at which a display can be viewed with acceptable visual performance.","Mandatory":"0","Searchable":"0","Optional":"0","Feature":{"ID":"37","Sign":"","Measure":{"ID":"32","Sign":"","Signs":{"ID":"13820","_":"°","Language":"FI"}},"Name":{"Value":"Katselukulma, vaakasuora","Language":"FI"}}},{"Localized":0,"ID":420157567,"LocalID":0,"Type":"numerical","Value":"178","CategoryFeatureId":"4941","CategoryFeatureGroupID":"100","SortNo":"740","PresentationValue":"178°","RawValue":"178","LocalValue":"178","Description":"Maximum vertical angle at which a display can be viewed with acceptable visual performance.","Mandatory":"0","Searchable":"0","Optional":"0","Feature":{"ID":"38","Sign":"","Measure":{"ID":"32","Sign":"","Signs":{"ID":"13820","_":"°","Language":"FI"}},"Name":{"Value":"Katselukulma, pystysuora","Language":"FI"}}},{"Localized":0,"ID":420158845,"LocalID":0,"Type":"dropdown","Value":"1.07 billion colours","CategoryFeatureId":"154116","CategoryFeatureGroupID":"100","SortNo":"730","PresentationValue":"1,07 miljardia väriä","RawValue":"1.07 billion colours","LocalValue":"1,07 miljardia väriä","Description":"","Mandatory":"1","Searchable":"0","Optional":"0","Feature":{"ID":"24847","Sign":"","Measure":{"ID":"29","Sign":"","Signs":{"ID":"","_":"","Language":"FI"}},"Name":{"Value":"Näyttövärejä","Language":"FI"}}},{"Localized":0,"ID":420157558,"LocalID":0,"Type":"2d","Value":"0.2451 x 0.2451","CategoryFeatureId":"1992","CategoryFeatureGroupID":"100","SortNo":"700","PresentationValue":"0,2451 x 0,2451 mm","RawValue":"0.2451 x 0.2451","LocalValue":"0,245 x 0,245","Description":"Tämä on kuvaputken parametsi, joka määrittää  kahden samaa väriä olevan pisteen lyhyimmän etäisyyden toisistaan. Periaate on: mitä pienempi pisteväli, sitä parempi kuvan terävyys.","Mandatory":"0","Searchable":"0","Optional":"0","Feature":{"ID":"32","Sign":"","Measure":{"ID":"24","Sign":"","Signs":{"ID":"13815","_":"mm","Language":"FI"}},"Name":{"Value":"Kuvapikselitiheys","Language":"FI"}}},{"Localized":0,"ID":420157531,"LocalID":0,"Type":"numerical","Value":"103.64","CategoryFeatureId":"103245","CategoryFeatureGroupID":"100","SortNo":"690","PresentationValue":"103,64 ppi","RawValue":"103.64","LocalValue":"103,64","Description":"","Mandatory":"0","Searchable":"0","Optional":"0","Feature":{"ID":"13246","Sign":"","Measure":{"ID":"243","Sign":"","Signs":{"ID":"14522","_":"ppi","Language":"FI"}},"Name":{"Value":"Pikselitiheys","Language":"FI"}}},{"Localized":0,"ID":420157579,"LocalID":0,"Type":"range","Value":"30 - 140","CategoryFeatureId":"2548","CategoryFeatureGroupID":"100","SortNo":"680","PresentationValue":"30 - 140 kHz","RawValue":"30 - 140","LocalValue":"30 - 140","Description":"","Mandatory":"0","Searchable":"0","Optional":"0","Feature":{"ID":"35","Sign":"","Measure":{"ID":"31","Sign":"","Signs":{"ID":"13819","_":"kHz","Language":"FI"}},"Name":{"Value":"Skannausalue (vaaka)","Language":"FI"}}},{"Localized":0,"ID":420157584,"LocalID":0,"Type":"range","Value":"48 - 60","CategoryFeatureId":"4931","CategoryFeatureGroupID":"100","SortNo":"670","PresentationValue":"48 - 60 Hz","RawValue":"48 - 60","LocalValue":"48 - 60","Description":"","Mandatory":"0","Searchable":"0","Optional":"0","Feature":{"ID":"90","Sign":"","Measure":{"ID":"36","Sign":"","Signs":{"ID":"13824","_":"Hz","Language":"FI"}},"Name":{"Value":"Skannausalue (pysty)","Language":"FI"}}},{"Localized":0,"ID":420157503,"LocalID":0,"Type":"numerical","Value":"941.184","CategoryFeatureId":"4938","CategoryFeatureGroupID":"100","SortNo":"660","PresentationValue":"94,1 cm","RawValue":"941.184","LocalValue":"94,1","Description":"Katseltavissa oleva kuvakoko on usein jonkin verran pienempi kuin näytön todellinen koko, koska kuvan ympärillä on rajaus.","Mandatory":"0","Searchable":"0","Optional":"0","Feature":{"ID":"91","Sign":"","Measure":{"ID":"24","Sign":"","Signs":{"ID":"13815","_":"mm","Language":"FI"}},"Name":{"Value":"Kuvakoko, vaaka","Language":"FI"}}},{"Localized":0,"ID":420157506,"LocalID":0,"Type":"numerical","Value":"529.416","CategoryFeatureId":"4939","CategoryFeatureGroupID":"100","SortNo":"650","PresentationValue":"52,9 cm","RawValue":"529.416","LocalValue":"52,9","Description":"","Mandatory":"0","Searchable":"0","Optional":"0","Feature":{"ID":"92","Sign":"","Measure":{"ID":"24","Sign":"","Signs":{"ID":"13815","_":"mm","Language":"FI"}},"Name":{"Value":"Kuvakoko, pysty","Language":"FI"}}},{"Localized":0,"ID":420157492,"LocalID":0,"Type":"numerical","Value":"108","CategoryFeatureId":"683430","CategoryFeatureGroupID":"100","SortNo":"600","PresentationValue":"108 cm","RawValue":"108","LocalValue":"108","Description":"This is the size of the display screen","Mandatory":"0","Searchable":"0","Optional":"0","Feature":{"ID":"4174","Sign":"","Measure":{"ID":"34","Sign":"","Signs":{"ID":"13822","_":"cm","Language":"FI"}},"Name":{"Value":"Ruudun halkaisija (cm)","Language":"FI"}}},{"Localized":0,"ID":420157576,"LocalID":0,"Type":"y_n","Value":"Y","CategoryFeatureId":"253280","CategoryFeatureGroupID":"100","SortNo":"580","PresentationValue":"Kyllä","RawValue":"Y","LocalValue":"Kyllä","Description":"","Mandatory":"0","Searchable":"0","Optional":"0","Feature":{"ID":"36310","Sign":"","Measure":{"ID":"26","Sign":"","Signs":{"ID":"","_":"","Language":"FI"}},"Name":{"Value":"HDR-tuettu","Language":"FI"}}},{"Localized":0,"ID":420462771,"LocalID":0,"Type":"multi_dropdown","Value":"DisplayHDR 400","CategoryFeatureId":"594925","CategoryFeatureGroupID":"100","SortNo":"570","PresentationValue":"DisplayHDR 400","RawValue":"DisplayHDR 400","LocalValue":"DisplayHDR 400","Description":"","Mandatory":"0","Searchable":"0","Optional":"0","Feature":{"ID":"40712","Sign":"","Measure":{"ID":"29","Sign":"","Signs":{"ID":"","_":"","Language":"FI"}},"Name":{"Value":"Korkeadynaaminen teknologia-alue (HDR)","Language":"FI"}}},{"Localized":0,"ID":420157695,"LocalID":0,"Type":"y_n","Value":"Y","CategoryFeatureId":"103243","CategoryFeatureGroupID":"100","SortNo":"560","PresentationValue":"Kyllä","RawValue":"Y","LocalValue":"Kyllä","Description":"","Mandatory":"0","Searchable":"0","Optional":"0","Feature":{"ID":"17862","Sign":"","Measure":{"ID":"26","Sign":"","Signs":{"ID":"","_":"","Language":"FI"}},"Name":{"Value":"DDC/CI","Language":"FI"}}},{"Localized":0,"ID":487781146,"LocalID":0,"Type":"numerical","Value":"25","CategoryFeatureId":"904227","CategoryFeatureGroupID":"100","SortNo":"540","PresentationValue":"25%","RawValue":"25","LocalValue":"25","Description":"","Mandatory":"0","Searchable":"0","Optional":"0","Feature":{"ID":"28526","Sign":"","Measure":{"ID":"64","Sign":"","Signs":{"ID":"47","_":"%","Language":"EN"}},"Name":{"Value":"Haze rate","Language":"FI"}}},{"Localized":0,"ID":420462778,"LocalID":0,"Type":"dropdown","Value":"3H","CategoryFeatureId":"163809","CategoryFeatureGroupID":"100","SortNo":"530","PresentationValue":"3H","RawValue":"3H","LocalValue":"3H","Description":"","Mandatory":"0","Searchable":"0","Optional":"0","Feature":{"ID":"26001","Sign":"","Measure":{"ID":"29","Sign":"","Signs":{"ID":"","_":"","Language":"FI"}},"Name":{"Value":"Pinnan kovuus","Language":"FI"}}},{"Localized":0,"ID":420462779,"LocalID":0,"Type":"numerical","Value":"126","CategoryFeatureId":"185014","CategoryFeatureGroupID":"100","SortNo":"470","PresentationValue":"126%","RawValue":"126","LocalValue":"126","Description":"","Mandatory":"0","Searchable":"0","Optional":"0","Feature":{"ID":"28703","Sign":"","Measure":{"ID":"64","Sign":"","Signs":{"ID":"47","_":"%","Language":"EN"}},"Name":{"Value":"sRGB-kattavuus (tyypillinen)","Language":"FI"}}},{"Localized":0,"ID":420462741,"LocalID":0,"Type":"numerical","Value":"105","CategoryFeatureId":"228629","CategoryFeatureGroupID":"100","SortNo":"450","PresentationValue":"105%","RawValue":"105","LocalValue":"105","Description":"","Mandatory":"0","Searchable":"0","Optional":"0","Feature":{"ID":"33817","Sign":"","Measure":{"ID":"64","Sign":"","Signs":{"ID":"47","_":"%","Language":"EN"}},"Name":{"Value":"NTSC-kattavuus (tyypillinen)","Language":"FI"}}},{"Localized":0,"ID":420462780,"LocalID":0,"Type":"numerical","Value":"90","CategoryFeatureId":"185155","CategoryFeatureGroupID":"100","SortNo":"440","PresentationValue":"90%","RawValue":"90","LocalValue":"90","Description":"","Mandatory":"0","Searchable":"0","Optional":"0","Feature":{"ID":"28709","Sign":"","Measure":{"ID":"64","Sign":"","Signs":{"ID":"47","_":"%","Language":"EN"}},"Name":{"Value":"Adobe RGB -kattavuus","Language":"FI"}}},{"Localized":0,"ID":420462710,"LocalID":0,"Type":"y_n","Value":"Y","CategoryFeatureId":"684267","CategoryFeatureGroupID":"100","SortNo":"3","PresentationValue":"Kyllä","RawValue":"Y","LocalValue":"Kyllä","Description":"","Mandatory":"0","Searchable":"0","Optional":"1","Feature":{"ID":"4968","Sign":"","Measure":{"ID":"26","Sign":"","Signs":{"ID":"","_":"","Language":"FI"}},"Name":{"Value":"sRGB","Language":"FI"}}}]},{"ID":10681,"SortNo":"45","FeatureGroup":{"ID":"184","Name":{"Value":"Suorituskyky","Language":"FI"}},"Features":[{"Localized":0,"ID":420157592,"LocalID":0,"Type":"y_n","Value":"N","CategoryFeatureId":"123176","CategoryFeatureGroupID":"10681","SortNo":"1000","PresentationValue":"Ei","RawValue":"N","LocalValue":"Ei","Description":"","Mandatory":"1","Searchable":"1","Optional":"0","Feature":{"ID":"20783","Sign":"","Measure":{"ID":"26","Sign":"","Signs":{"ID":"","_":"","Language":"FI"}},"Name":{"Value":"NVIDIA G-SYNC","Language":"FI"}}},{"Localized":0,"ID":420157591,"LocalID":0,"Type":"y_n","Value":"N","CategoryFeatureId":"193707","CategoryFeatureGroupID":"10681","SortNo":"980","PresentationValue":"Ei","RawValue":"N","LocalValue":"Ei","Description":"The product includes AMD Freesync Technology for the dynamic synchronization of the graphic card and the monitor in order to avoid screen tearing.","Mandatory":"1","Searchable":"1","Optional":"0","Feature":{"ID":"29607","Sign":"","Measure":{"ID":"26","Sign":"","Signs":{"ID":"","_":"","Language":"FI"}},"Name":{"Value":"AMD FreeSync","Language":"FI"}}},{"Localized":0,"ID":487781088,"LocalID":0,"Type":"y_n","Value":"Y","CategoryFeatureId":"335537","CategoryFeatureGroupID":"10681","SortNo":"920","PresentationValue":"Kyllä","RawValue":"Y","LocalValue":"Kyllä","Description":"","Mandatory":"0","Searchable":"0","Optional":"0","Feature":{"ID":"41573","Sign":"","Measure":{"ID":"26","Sign":"","Signs":{"ID":"","_":"","Language":"FI"}},"Name":{"Value":"VESA Adaptive Sync -tuki","Language":"FI"}}},{"Localized":0,"ID":420462711,"LocalID":0,"Type":"multi_dropdown","Value":"Separate sync","CategoryFeatureId":"313015","CategoryFeatureGroupID":"10681","SortNo":"910","PresentationValue":"Separate sync","RawValue":"Separate sync","LocalValue":"Separate sync","Description":"","Mandatory":"0","Searchable":"0","Optional":"0","Feature":{"ID":"39128","Sign":"","Measure":{"ID":"29","Sign":"","Signs":{"ID":"","_":"","Language":"FI"}},"Name":{"Value":"Komponentin videosynkronointi","Language":"FI"}}},{"Localized":0,"ID":420157596,"LocalID":0,"Type":"y_n","Value":"Y","CategoryFeatureId":"258742","CategoryFeatureGroupID":"10681","SortNo":"900","PresentationValue":"Kyllä","RawValue":"Y","LocalValue":"Kyllä","Description":"","Mandatory":"0","Searchable":"0","Optional":"0","Feature":{"ID":"36840","Sign":"","Measure":{"ID":"26","Sign":"","Signs":{"ID":"","_":"","Language":"FI"}},"Name":{"Value":"Välkkymätön teknologia","Language":"FI"}}},{"Localized":0,"ID":420462740,"LocalID":0,"Type":"y_n","Value":"Y","CategoryFeatureId":"258745","CategoryFeatureGroupID":"10681","SortNo":"890","PresentationValue":"Kyllä","RawValue":"Y","LocalValue":"Kyllä","Description":"","Mandatory":"0","Searchable":"0","Optional":"0","Feature":{"ID":"36843","Sign":"","Measure":{"ID":"26","Sign":"","Signs":{"ID":"","_":"","Language":"FI"}},"Name":{"Value":"Matala sinivalo -teknologia","Language":"FI"}}}]},{"ID":10887,"SortNo":"40","FeatureGroup":{"ID":"186","Name":{"Value":"Multimedia","Language":"FI"}},"Features":[{"Localized":0,"ID":420157658,"LocalID":0,"Type":"numerical","Value":"2","CategoryFeatureId":"207681","CategoryFeatureGroupID":"10887","SortNo":"10000680","PresentationValue":"2","RawValue":"2","LocalValue":"2","Description":"The quantity of speakers included in/with the product.","Mandatory":"0","Searchable":"0","Optional":"0","Feature":{"ID":"10183","Sign":"","Measure":{"ID":"29","Sign":"","Signs":{"ID":"","_":"","Language":"FI"}},"Name":{"Value":"Kaiuttimien lukumäärä","Language":"FI"}}},{"Localized":0,"ID":420157659,"LocalID":0,"Type":"numerical","Value":"5","CategoryFeatureId":"17100","CategoryFeatureGroupID":"10887","SortNo":"10000670","PresentationValue":"5 W","RawValue":"5","LocalValue":"5","Description":"RMS (Root mean square) is a measure of the continuous power required by a device","Mandatory":"0","Searchable":"0","Optional":"0","Feature":{"ID":"1854","Sign":"","Measure":{"ID":"44","Sign":"","Signs":{"ID":"13832","_":"W","Language":"FI"}},"Name":{"Value":"Nimellisteho RMS","Language":"FI"}}},{"Localized":0,"ID":420157662,"LocalID":0,"Type":"y_n","Value":"Y","CategoryFeatureId":"31341","CategoryFeatureGroupID":"10887","SortNo":"700","PresentationValue":"Kyllä","RawValue":"Y","LocalValue":"Kyllä","Description":"The device contains speaker(s) to produce sound.","Mandatory":"1","Searchable":"1","Optional":"0","Feature":{"ID":"2433","Sign":"","Measure":{"ID":"26","Sign":"","Signs":{"ID":"","_":"","Language":"FI"}},"Name":{"Value":"Sisäiset kaiuttimet","Language":"FI"}}},{"Localized":0,"ID":420157660,"LocalID":0,"Type":"y_n","Value":"N","CategoryFeatureId":"67278","CategoryFeatureGroupID":"10887","SortNo":"590","PresentationValue":"Ei","RawValue":"N","LocalValue":"Ei","Description":"Tuotessa on integroitu kamera.","Mandatory":"1","Searchable":"1","Optional":"0","Feature":{"ID":"8074","Sign":"","Measure":{"ID":"26","Sign":"","Signs":{"ID":"","_":"","Language":"FI"}},"Name":{"Value":"Sisäänrakennettu kamera","Language":"FI"}}}]},{"ID":10677,"SortNo":"35","FeatureGroup":{"ID":"148","Name":{"Value":"Suunnittelu","Language":"FI"}},"Features":[{"Localized":0,"ID":420158820,"LocalID":0,"Type":"dropdown","Value":"Business","CategoryFeatureId":"245761","CategoryFeatureGroupID":"10677","SortNo":"800","PresentationValue":"Yritys","RawValue":"Business","LocalValue":"Yritys","Description":"Under which category can the device be positioned in the market, e.g. camera phone.","Mandatory":"1","Searchable":"1","Optional":"0","Feature":{"ID":"9021","Sign":"","Measure":{"ID":"29","Sign":"","Signs":{"ID":"","_":"","Language":"FI"}},"Name":{"Value":"Asema markkinoilla","Language":"FI"}}},{"Localized":0,"ID":420158819,"LocalID":0,"Type":"dropdown","Value":"Black","CategoryFeatureId":"11218","CategoryFeatureGroupID":"10677","SortNo":"790","PresentationValue":"musta","RawValue":"Black","LocalValue":"musta","Description":"The colour e.g. red","Mandatory":"1","Searchable":"1","Optional":"0","Feature":{"ID":"1766","Sign":"","Measure":{"ID":"29","Sign":"","Signs":{"ID":"","_":"","Language":"FI"}},"Name":{"Value":"Tuotteen väri","Language":"FI"}}},{"Localized":0,"ID":420462729,"LocalID":0,"Type":"dropdown","Value":"Black","CategoryFeatureId":"82000","CategoryFeatureGroupID":"10677","SortNo":"740","PresentationValue":"musta","RawValue":"Black","LocalValue":"musta","Description":"","Mandatory":"0","Searchable":"0","Optional":"0","Feature":{"ID":"12006","Sign":"","Measure":{"ID":"29","Sign":"","Signs":{"ID":"","_":"","Language":"FI"}},"Name":{"Value":"Etureuna","Language":"FI"}}},{"Localized":0,"ID":420462731,"LocalID":0,"Type":"multi_dropdown","Value":"Black","CategoryFeatureId":"84492","CategoryFeatureGroupID":"10677","SortNo":"700","PresentationValue":"musta","RawValue":"Black","LocalValue":"musta","Description":"The colour of the feet","Mandatory":"0","Searchable":"0","Optional":"0","Feature":{"ID":"10232","Sign":"","Measure":{"ID":"29","Sign":"","Signs":{"ID":"","_":"","Language":"FI"}},"Name":{"Value":"Jalkojen väri","Language":"FI"}}}]},{"ID":1742,"SortNo":"30","FeatureGroup":{"ID":"12","Name":{"Value":"Liitettävyys","Language":"FI"}},"Features":[{"Localized":0,"ID":420157630,"LocalID":0,"Type":"y_n","Value":"Y","CategoryFeatureId":"139339","CategoryFeatureGroupID":"1742","SortNo":"900","PresentationValue":"Kyllä","RawValue":"Y","LocalValue":"Kyllä","Description":"Whether or not the device features a USB hub to connect more than one other device via USB.","Mandatory":"1","Searchable":"1","Optional":"0","Feature":{"ID":"22838","Sign":"","Measure":{"ID":"26","Sign":"","Signs":{"ID":"","_":"","Language":"FI"}},"Name":{"Value":"Sisäänrakennettu USB-keskus","Language":"FI"}}},{"Localized":0,"ID":420157624,"LocalID":0,"Type":"multi_dropdown","Value":"USB Type-B,USB Type-C","CategoryFeatureId":"139342","CategoryFeatureGroupID":"1742","SortNo":"880","PresentationValue":"USB B-tyyppi, USB Type-C","RawValue":"USB Type-B,USB Type-C","LocalValue":"USB B-tyyppi, USB Type-C","Description":"","Mandatory":"0","Searchable":"0","Optional":"0","Feature":{"ID":"22840","Sign":"","Measure":{"ID":"29","Sign":"","Signs":{"ID":"","_":"","Language":"FI"}},"Name":{"Value":"USB upstream -porttityyppi","Language":"FI"}}},{"Localized":0,"ID":420157638,"LocalID":0,"Type":"numerical","Value":"2","CategoryFeatureId":"139344","CategoryFeatureGroupID":"1742","SortNo":"870","PresentationValue":"2","RawValue":"2","LocalValue":"2","Description":"","Mandatory":"0","Searchable":"0","Optional":"0","Feature":{"ID":"22841","Sign":"","Measure":{"ID":"29","Sign":"","Signs":{"ID":"","_":"","Language":"FI"}},"Name":{"Value":"Upstream -porttien määrä","Language":"FI"}}},{"Localized":0,"ID":420157639,"LocalID":0,"Type":"numerical","Value":"1","CategoryFeatureId":"682734","CategoryFeatureGroupID":"1742","SortNo":"860","PresentationValue":"1","RawValue":"1","LocalValue":"1","Description":"","Mandatory":"0","Searchable":"0","Optional":"0","Feature":{"ID":"42595","Sign":"","Measure":{"ID":"29","Sign":"","Signs":{"ID":"","_":"","Language":"FI"}},"Name":{"Value":"USB B-tyypin upstream-porttien lukumäärä","Language":"FI"}}},{"Localized":0,"ID":420157640,"LocalID":0,"Type":"numerical","Value":"1","CategoryFeatureId":"682735","CategoryFeatureGroupID":"1742","SortNo":"850","PresentationValue":"1","RawValue":"1","LocalValue":"1","Description":"","Mandatory":"0","Searchable":"0","Optional":"0","Feature":{"ID":"42594","Sign":"","Measure":{"ID":"29","Sign":"","Signs":{"ID":"","_":"","Language":"FI"}},"Name":{"Value":"USB C-tyypin upstream-porttien lukumäärä","Language":"FI"}}},{"Localized":0,"ID":420462773,"LocalID":0,"Type":"y_n","Value":"Y","CategoryFeatureId":"326833","CategoryFeatureGroupID":"1742","SortNo":"820","PresentationValue":"Kyllä","RawValue":"Y","LocalValue":"Kyllä","Description":"","Mandatory":"0","Searchable":"0","Optional":"0","Feature":{"ID":"31406","Sign":"","Measure":{"ID":"26","Sign":"","Signs":{"ID":"","_":"","Language":"FI"}},"Name":{"Value":"USB Type-C DisplayPort Alternate Mode","Language":"FI"}}},{"Localized":0,"ID":488486397,"LocalID":0,"Type":"y_n","Value":"Y","CategoryFeatureId":"308911","CategoryFeatureGroupID":"1742","SortNo":"810","PresentationValue":"Kyllä","RawValue":"Y","LocalValue":"Kyllä","Description":"","Mandatory":"0","Searchable":"0","Optional":"0","Feature":{"ID":"34351","Sign":"","Measure":{"ID":"26","Sign":"","Signs":{"ID":"","_":"","Language":"FI"}},"Name":{"Value":"USB Power Delivery","Language":"FI"}}},{"Localized":0,"ID":420462759,"LocalID":0,"Type":"numerical","Value":"90","CategoryFeatureId":"308914","CategoryFeatureGroupID":"1742","SortNo":"800","PresentationValue":"90 W","RawValue":"90","LocalValue":"90","Description":"","Mandatory":"0","Searchable":"0","Optional":"0","Feature":{"ID":"38616","Sign":"","Measure":{"ID":"44","Sign":"","Signs":{"ID":"13832","_":"W","Language":"FI"}},"Name":{"Value":"USB Power Delivery asti","Language":"FI"}}},{"Localized":0,"ID":420157516,"LocalID":0,"Type":"y_n","Value":"Y","CategoryFeatureId":"37850","CategoryFeatureGroupID":"1742","SortNo":"740","PresentationValue":"Kyllä","RawValue":"Y","LocalValue":"Kyllä","Description":"HDMI (High-Definition Multimedia Interface) is a compact audio/video interface for transferring uncompressed video data and compressed/uncompressed digital audio data from a HDMI-compliant device (\"the source device\") to a compatible computer monitor","Mandatory":"1","Searchable":"0","Optional":"0","Feature":{"ID":"5620","Sign":"","Measure":{"ID":"26","Sign":"","Signs":{"ID":"","_":"","Language":"FI"}},"Name":{"Value":"HDMI","Language":"FI"}}},{"Localized":0,"ID":420157610,"LocalID":0,"Type":"numerical","Value":"2","CategoryFeatureId":"20882","CategoryFeatureGroupID":"1742","SortNo":"730","PresentationValue":"2","RawValue":"2","LocalValue":"2","Description":"HDMI (High-Definition Multimedia Interface)-porttien määrä. HDMI on kompakti audio / video liitäntä, joka siirtää pakkaamatonta digitaalista audio / video tietoja HDMI-yhteensopivista laite (\"lähde\" ​​tai \"input\")  yhteensopiviin digitaalisiin äänilaitteisiin, tietokonenäyttöihin, videoprojektoreihin ja digitaalisiin televisioihin.","Mandatory":"0","Searchable":"0","Optional":"0","Feature":{"ID":"3566","Sign":"","Measure":{"ID":"29","Sign":"","Signs":{"ID":"","_":"","Language":"FI"}},"Name":{"Value":"HDMI-porttien lukumäärä","Language":"FI"}}},{"Localized":0,"ID":420157612,"LocalID":0,"Type":"dropdown","Value":"2.0","CategoryFeatureId":"270899","CategoryFeatureGroupID":"1742","SortNo":"720","PresentationValue":"2.0","RawValue":"2.0","LocalValue":"2.0","Description":"","Mandatory":"0","Searchable":"0","Optional":"0","Feature":{"ID":"5452","Sign":"","Measure":{"ID":"29","Sign":"","Signs":{"ID":"","_":"","Language":"FI"}},"Name":{"Value":"HDMI-versio","Language":"FI"}}},{"Localized":0,"ID":420157600,"LocalID":0,"Type":"numerical","Value":"1","CategoryFeatureId":"35722","CategoryFeatureGroupID":"1742","SortNo":"690","PresentationValue":"1","RawValue":"1","LocalValue":"1","Description":"Number of DisplayPorts. A DisplayPort is a digital display interface developed by the Video Electronics Standards Association (VESA). The interface is primarily used to connect a video source to a display device such as a computer monitor","Mandatory":"0","Searchable":"0","Optional":"0","Feature":{"ID":"6611","Sign":"","Measure":{"ID":"29","Sign":"","Signs":{"ID":"","_":"","Language":"FI"}},"Name":{"Value":"DisplayPort-portteja","Language":"FI"}}},{"Localized":0,"ID":420157602,"LocalID":0,"Type":"dropdown","Value":"1.4","CategoryFeatureId":"270900","CategoryFeatureGroupID":"1742","SortNo":"680","PresentationValue":"1.4","RawValue":"1.4","LocalValue":"1.4","Description":"","Mandatory":"0","Searchable":"0","Optional":"0","Feature":{"ID":"11111","Sign":"","Measure":{"ID":"29","Sign":"","Signs":{"ID":"","_":"","Language":"FI"}},"Name":{"Value":"DisplayPort versio","Language":"FI"}}},{"Localized":0,"ID":420157648,"LocalID":0,"Type":"y_n","Value":"Y","CategoryFeatureId":"96400","CategoryFeatureGroupID":"1742","SortNo":"610","PresentationValue":"Kyllä","RawValue":"Y","LocalValue":"Kyllä","Description":"The socket for connecting headphones to the device.","Mandatory":"1","Searchable":"0","Optional":"0","Feature":{"ID":"12195","Sign":"","Measure":{"ID":"26","Sign":"","Signs":{"ID":"","_":"","Language":"FI"}},"Name":{"Value":"Kuulokeliitäntä","Language":"FI"}}},{"Localized":0,"ID":426107439,"LocalID":0,"Type":"y_n","Value":"Y","CategoryFeatureId":"682732","CategoryFeatureGroupID":"1742","SortNo":"550","PresentationValue":"Kyllä","RawValue":"Y","LocalValue":"Kyllä","Description":"","Mandatory":"0","Searchable":"0","Optional":"0","Feature":{"ID":"9634","Sign":"","Measure":{"ID":"26","Sign":"","Signs":{"ID":"","_":"","Language":"FI"}},"Name":{"Value":"Sisäänrakennettu KVM-kytkin","Language":"FI"}}},{"Localized":0,"ID":420157617,"LocalID":0,"Type":"y_n","Value":"Y","CategoryFeatureId":"26708","CategoryFeatureGroupID":"1742","SortNo":"530","PresentationValue":"Kyllä","RawValue":"Y","LocalValue":"Kyllä","Description":"High-bandwidth Digital Content Protection (HDCP) on eräänlainen digitaalinen kopiosuojaus, joka estää kopioinnin kun digitaaliset audio-ja videosisällöt kulkevat yhteyksien poikki.","Mandatory":"0","Searchable":"0","Optional":"0","Feature":{"ID":"5636","Sign":"","Measure":{"ID":"26","Sign":"","Signs":{"ID":"","_":"","Language":"FI"}},"Name":{"Value":"HDCP","Language":"FI"}}},{"Localized":0,"ID":488486555,"LocalID":0,"Type":"dropdown","Value":"1.4/2.2","CategoryFeatureId":"903350","CategoryFeatureGroupID":"1742","SortNo":"520","PresentationValue":"1.4/2.2","RawValue":"1.4/2.2","LocalValue":"1.4/2.2","Description":"","Mandatory":"0","Searchable":"0","Optional":"0","Feature":{"ID":"9814","Sign":"","Measure":{"ID":"29","Sign":"","Signs":{"ID":"","_":"","Language":"FI"}},"Name":{"Value":"HDCP versio","Language":"FI"}}}]},{"ID":65611,"SortNo":"26","FeatureGroup":{"ID":"35","Name":{"Value":"Verkko","Language":"FI"}},"Features":[{"Localized":0,"ID":488486385,"LocalID":0,"Type":"y_n","Value":"Y","CategoryFeatureId":"37844","CategoryFeatureGroupID":"65611","SortNo":"250","PresentationValue":"Kyllä","RawValue":"Y","LocalValue":"Kyllä","Description":"An Ethernet LAN (Local Area Network) interface is present","Mandatory":"0","Searchable":"0","Optional":"0","Feature":{"ID":"1347","Sign":"","Measure":{"ID":"26","Sign":"","Signs":{"ID":"","_":"","Language":"FI"}},"Name":{"Value":"Ethernet LAN","Language":"FI"}}}]},{"ID":3070,"SortNo":"25","FeatureGroup":{"ID":"96","Name":{"Value":"Ergonomia","Language":"FI"}},"Features":[{"Localized":0,"ID":420157688,"LocalID":0,"Type":"y_n","Value":"Y","CategoryFeatureId":"109688","CategoryFeatureGroupID":"3070","SortNo":"400","PresentationValue":"Kyllä","RawValue":"Y","LocalValue":"Kyllä","Description":"","Mandatory":"1","Searchable":"1","Optional":"0","Feature":{"ID":"16767","Sign":"","Measure":{"ID":"26","Sign":"","Signs":{"ID":"","_":"","Language":"FI"}},"Name":{"Value":"VESA-kiinnitys","Language":"FI"}}},{"Localized":0,"ID":420157689,"LocalID":0,"Type":"multi_dropdown","Value":"200 x 200","CategoryFeatureId":"22159","CategoryFeatureGroupID":"3070","SortNo":"390","PresentationValue":"200 x 200 mm","RawValue":"200 x 200","LocalValue":"200 x 200","Description":"The product can be used wih VESA mounting interfaces.","Mandatory":"0","Searchable":"0","Optional":"0","Feature":{"ID":"4037","Sign":"","Measure":{"ID":"24","Sign":"","Signs":{"ID":"13815","_":"mm","Language":"FI"}},"Name":{"Value":"VESA-asennusliitännät","Language":"FI"}}},{"Localized":0,"ID":420157675,"LocalID":0,"Type":"y_n","Value":"Y","CategoryFeatureId":"14296","CategoryFeatureGroupID":"3070","SortNo":"360","PresentationValue":"Kyllä","RawValue":"Y","LocalValue":"Kyllä","Description":"Holes on the edge of devices through which a cable lock can be passed","Mandatory":"1","Searchable":"0","Optional":"0","Feature":{"ID":"1352","Sign":"","Measure":{"ID":"26","Sign":"","Signs":{"ID":"","_":"","Language":"FI"}},"Name":{"Value":"Kaapelilukkopaikka","Language":"FI"}}},{"Localized":0,"ID":420157685,"LocalID":0,"Type":"multi_dropdown","Value":"Kensington","CategoryFeatureId":"252503","CategoryFeatureGroupID":"3070","SortNo":"350","PresentationValue":"Kensington","RawValue":"Kensington","LocalValue":"Kensington","Description":"","Mandatory":"0","Searchable":"0","Optional":"0","Feature":{"ID":"14097","Sign":"","Measure":{"ID":"29","Sign":"","Signs":{"ID":"","_":"","Language":"FI"}},"Name":{"Value":"Kaapelilukon aukkotyyppi","Language":"FI"}}},{"Localized":0,"ID":420157698,"LocalID":0,"Type":"y_n","Value":"Y","CategoryFeatureId":"68504","CategoryFeatureGroupID":"3070","SortNo":"340","PresentationValue":"Kyllä","RawValue":"Y","LocalValue":"Kyllä","Description":"The part of the device that can be adjusted to change the height.","Mandatory":"1","Searchable":"0","Optional":"0","Feature":{"ID":"1954","Sign":"","Measure":{"ID":"26","Sign":"","Signs":{"ID":"","_":"","Language":"FI"}},"Name":{"Value":"Korkeudensäätö","Language":"FI"}}},{"Localized":0,"ID":420157700,"LocalID":0,"Type":"numerical","Value":"100","CategoryFeatureId":"1083333","CategoryFeatureGroupID":"3070","SortNo":"330","PresentationValue":"10 cm","RawValue":"100","LocalValue":"10","Description":"","Mandatory":"0","Searchable":"0","Optional":"0","Feature":{"ID":"25138","Sign":"","Measure":{"ID":"24","Sign":"","Signs":{"ID":"13815","_":"mm","Language":"FI"}},"Name":{"Value":"Säädettävä korkeus (max)","Language":"FI"}}},{"Localized":0,"ID":420157705,"LocalID":0,"Type":"y_n","Value":"Y","CategoryFeatureId":"71482","CategoryFeatureGroupID":"3070","SortNo":"300","PresentationValue":"Kyllä","RawValue":"Y","LocalValue":"Kyllä","Description":"","Mandatory":"0","Searchable":"0","Optional":"0","Feature":{"ID":"7263","Sign":"","Measure":{"ID":"26","Sign":"","Signs":{"ID":"","_":"","Language":"FI"}},"Name":{"Value":"Kääntyvyys","Language":"FI"}}},{"Localized":0,"ID":420157706,"LocalID":0,"Type":"range","Value":"-45 - 45","CategoryFeatureId":"9092","CategoryFeatureGroupID":"3070","SortNo":"290","PresentationValue":"-45 - 45°","RawValue":"-45 - 45","LocalValue":"-45 - 45","Description":"","Mandatory":"0","Searchable":"0","Optional":"0","Feature":{"ID":"1956","Sign":"","Measure":{"ID":"32","Sign":"","Signs":{"ID":"13820","_":"°","Language":"FI"}},"Name":{"Value":"Kääntyvä kulma alue","Language":"FI"}}},{"Localized":0,"ID":420157709,"LocalID":0,"Type":"y_n","Value":"Y","CategoryFeatureId":"930782","CategoryFeatureGroupID":"3070","SortNo":"271","PresentationValue":"Kyllä","RawValue":"Y","LocalValue":"Kyllä","Description":"The tilt","Mandatory":"0","Searchable":"0","Optional":"0","Feature":{"ID":"8302","Sign":"","Measure":{"ID":"26","Sign":"","Signs":{"ID":"","_":"","Language":"FI"}},"Name":{"Value":"Korkeussäätö","Language":"FI"}}},{"Localized":0,"ID":420157711,"LocalID":0,"Type":"range","Value":"-5 - 23","CategoryFeatureId":"18150","CategoryFeatureGroupID":"3070","SortNo":"270","PresentationValue":"-5 - 23°","RawValue":"-5 - 23","LocalValue":"-5 - 23","Description":"","Mandatory":"0","Searchable":"0","Optional":"0","Feature":{"ID":"2077","Sign":"","Measure":{"ID":"32","Sign":"","Signs":{"ID":"13820","_":"°","Language":"FI"}},"Name":{"Value":"Kallistuskulma","Language":"FI"}}},{"Localized":0,"ID":488486420,"LocalID":0,"Type":"y_n","Value":"Y","CategoryFeatureId":"37853","CategoryFeatureGroupID":"3070","SortNo":"260","PresentationValue":"Kyllä","RawValue":"Y","LocalValue":"Kyllä","Description":"Picture-in-picture (PiP) is a feature of some television receivers and similar devices. One program (channel) is displayed on the full TV screen at the same time as one or more other programs are displayed in inset windows. Sound is usually from the main program only.","Mandatory":"0","Searchable":"0","Optional":"0","Feature":{"ID":"3220","Sign":"","Measure":{"ID":"26","Sign":"","Signs":{"ID":"","_":"","Language":"FI"}},"Name":{"Value":"Kuva kuvassa","Language":"FI"}}},{"Localized":0,"ID":420157665,"LocalID":0,"Type":"y_n","Value":"Y","CategoryFeatureId":"47992","CategoryFeatureGroupID":"3070","SortNo":"250","PresentationValue":"Kyllä","RawValue":"Y","LocalValue":"Kyllä","Description":"","Mandatory":"0","Searchable":"0","Optional":"0","Feature":{"ID":"3064","Sign":"","Measure":{"ID":"26","Sign":"","Signs":{"ID":"","_":"","Language":"FI"}},"Name":{"Value":"On Screen Display (OSD)","Language":"FI"}}},{"Localized":0,"ID":420157671,"LocalID":0,"Type":"multi_dropdown","Value":"CHI (SIMPL),CHI (TR),CZE,DEU,DUT,ENG,ESP,FIN,FRE,GRE,HUN,ITA,JPN,KOR,POL,POR,RUS,SWE,TUR,UKR","CategoryFeatureId":"22175","CategoryFeatureGroupID":"3070","SortNo":"240","PresentationValue":"Yksinkertaistettu kiina, Perinteinen kiina, Tšekki, Saksa, Hollanti, Englanti, Espanja, Suomi, Ranska, Kreikka, Unkari, Italia, Japani, Korea, Puola, Portugali, Venäjä, Ruotsi, Turkki, Ukraina","RawValue":"CHI (SIMPL),CHI (TR),CZE,DEU,DUT,ENG,ESP,FIN,FRE,GRE,HUN,ITA,JPN,KOR,POL,POR,RUS,SWE,TUR,UKR","LocalValue":"Yksinkertaistettu kiina, Perinteinen kiina, Tšekki, Saksa, Hollanti, Englanti, Espanja, Suomi, Ranska, Kreikka, Unkari, Italia, Japani, Korea, Puola, Portugali, Venäjä, Ruotsi, Turkki, Ukraina","Description":"","Mandatory":"0","Searchable":"0","Optional":"0","Feature":{"ID":"4275","Sign":"","Measure":{"ID":"29","Sign":"","Signs":{"ID":"","_":"","Language":"FI"}},"Name":{"Value":"Näyttökielet","Language":"FI"}}},{"Localized":0,"ID":420462777,"LocalID":0,"Type":"numerical","Value":"21","CategoryFeatureId":"47993","CategoryFeatureGroupID":"3070","SortNo":"230","PresentationValue":"21","RawValue":"21","LocalValue":"21","Description":"","Mandatory":"0","Searchable":"0","Optional":"0","Feature":{"ID":"7598","Sign":"","Measure":{"ID":"29","Sign":"","Signs":{"ID":"","_":"","Language":"FI"}},"Name":{"Value":"OSD-kielten lukumäärä","Language":"FI"}}},{"Localized":0,"ID":420157692,"LocalID":0,"Type":"y_n","Value":"Y","CategoryFeatureId":"15669","CategoryFeatureGroupID":"3070","SortNo":"210","PresentationValue":"Kyllä","RawValue":"Y","LocalValue":"Kyllä","Description":"Ilmaisee tukeeko tämä tuote \"plug and play-ominaisuutta\". Plug and Play on laite tai ohjelmisto, joka  asennettuaan (\"plugges in\"), voidaan välittömästi ottaa käyttää (\"play\"), toisin kuin laitteisto tai ohjelmisto, joka vaatii asennuksen.","Mandatory":"0","Searchable":"0","Optional":"0","Feature":{"ID":"775","Sign":"","Measure":{"ID":"26","Sign":"","Signs":{"ID":"","_":"","Language":"FI"}},"Name":{"Value":"Plug & Play -yhteensopiva","Language":"FI"}}},{"Localized":0,"ID":420462715,"LocalID":0,"Type":"multi_dropdown","Value":"Operation,Stand-by","CategoryFeatureId":"47976","CategoryFeatureGroupID":"3070","SortNo":"200","PresentationValue":"Käyttö, Valmiustila","RawValue":"Operation,Stand-by","LocalValue":"Käyttö, Valmiustila","Description":"","Mandatory":"0","Searchable":"0","Optional":"0","Feature":{"ID":"1501","Sign":"","Measure":{"ID":"29","Sign":"","Signs":{"ID":"","_":"","Language":"FI"}},"Name":{"Value":"LED-merkkivalot","Language":"FI"}}}]},{"ID":99,"SortNo":"24","FeatureGroup":{"ID":"27","Name":{"Value":"Virranhallinta","Language":"FI"}},"Features":[{"Localized":0,"ID":420157734,"LocalID":0,"Type":"dropdown","Value":"G","CategoryFeatureId":"708167","CategoryFeatureGroupID":"99","SortNo":"300","PresentationValue":"G","RawValue":"G","LocalValue":"G","Description":"","Mandatory":"1","Searchable":"0","Optional":"0","Feature":{"ID":"42856","Sign":"","Measure":{"ID":"29","Sign":"","Signs":{"ID":"","_":"","Language":"FI"}},"Name":{"Value":"Energiatehokkuusluokka (SDR)","Language":"FI"}}},{"Localized":0,"ID":420157735,"LocalID":0,"Type":"dropdown","Value":"G","CategoryFeatureId":"708168","CategoryFeatureGroupID":"99","SortNo":"290","PresentationValue":"G","RawValue":"G","LocalValue":"G","Description":"","Mandatory":"1","Searchable":"0","Optional":"0","Feature":{"ID":"42857","Sign":"","Measure":{"ID":"29","Sign":"","Signs":{"ID":"","_":"","Language":"FI"}},"Name":{"Value":"Energiatehokkuusluokka (HDR)","Language":"FI"}}},{"Localized":0,"ID":420157736,"LocalID":0,"Type":"numerical","Value":"55","CategoryFeatureId":"708169","CategoryFeatureGroupID":"99","SortNo":"280","PresentationValue":"55 kWh","RawValue":"55","LocalValue":"55","Description":"","Mandatory":"1","Searchable":"0","Optional":"0","Feature":{"ID":"42858","Sign":"","Measure":{"ID":"103","Sign":"","Signs":{"ID":"13886","_":"kWh","Language":"FI"}},"Name":{"Value":"Energiankulutus (SDR) 1 000 tuntia kohti","Language":"FI"}}},{"Localized":0,"ID":420157738,"LocalID":0,"Type":"numerical","Value":"91","CategoryFeatureId":"708170","CategoryFeatureGroupID":"99","SortNo":"270","PresentationValue":"91 kWh","RawValue":"91","LocalValue":"91","Description":"","Mandatory":"1","Searchable":"0","Optional":"0","Feature":{"ID":"42859","Sign":"","Measure":{"ID":"103","Sign":"","Signs":{"ID":"13886","_":"kWh","Language":"FI"}},"Name":{"Value":"Energiankulutus (HDR) 1 000 tuntia kohti","Language":"FI"}}},{"Localized":0,"ID":420157720,"LocalID":0,"Type":"numerical","Value":"46","CategoryFeatureId":"9931","CategoryFeatureGroupID":"99","SortNo":"260","PresentationValue":"46 W","RawValue":"46","LocalValue":"46","Description":"Virrankulutuksen määrä tällä mallilla, joka ilmaistaan ​​watteina. Tyypilliset arvot jotka valmistajat antavat ovat virrankulutus laitteen ollessa suljettuna, valmiustilassa / keskeytystilassa, tyypillisessä käyttössä ja maksimi käyttössä.","Mandatory":"1","Searchable":"0","Optional":"0","Feature":{"ID":"445","Sign":"","Measure":{"ID":"44","Sign":"","Signs":{"ID":"13832","_":"W","Language":"FI"}},"Name":{"Value":"Virrankulutus","Language":"FI"}}},{"Localized":0,"ID":420157723,"LocalID":0,"Type":"numerical","Value":"0.3","CategoryFeatureId":"9930","CategoryFeatureGroupID":"99","SortNo":"250","PresentationValue":"0,3 W","RawValue":"0.3","LocalValue":"0,3","Description":"The amount of electricity that is consumed when the product is on standby.","Mandatory":"1","Searchable":"0","Optional":"0","Feature":{"ID":"2036","Sign":"","Measure":{"ID":"44","Sign":"","Signs":{"ID":"13832","_":"W","Language":"FI"}},"Name":{"Value":"Virrankulutus valmiustilassa","Language":"FI"}}},{"Localized":0,"ID":420462714,"LocalID":0,"Type":"numerical","Value":"0","CategoryFeatureId":"18691","CategoryFeatureGroupID":"99","SortNo":"220","PresentationValue":"0 W","RawValue":"0","LocalValue":"0","Description":"","Mandatory":"0","Searchable":"0","Optional":"0","Feature":{"ID":"2034","Sign":"","Measure":{"ID":"44","Sign":"","Signs":{"ID":"13832","_":"W","Language":"FI"}},"Name":{"Value":"Virrankulutus (pois päältä)","Language":"FI"}}},{"Localized":0,"ID":487781108,"LocalID":0,"Type":"numerical","Value":"43.9","CategoryFeatureId":"18403","CategoryFeatureGroupID":"99","SortNo":"210","PresentationValue":"43,9 W","RawValue":"43.9","LocalValue":"43,9","Description":"","Mandatory":"0","Searchable":"0","Optional":"0","Feature":{"ID":"2035","Sign":"","Measure":{"ID":"44","Sign":"","Signs":{"ID":"13832","_":"W","Language":"FI"}},"Name":{"Value":"Virrankulutus (PowerSave)","Language":"FI"}}},{"Localized":0,"ID":420157742,"LocalID":0,"Type":"dropdown","Value":"100 - 240","CategoryFeatureId":"122959","CategoryFeatureGroupID":"99","SortNo":"200","PresentationValue":"100 - 240 V","RawValue":"100 - 240","LocalValue":"100 - 240","Description":"The voltage of the AC electricity that is inputted into the product.","Mandatory":"0","Searchable":"0","Optional":"0","Feature":{"ID":"8491","Sign":"","Measure":{"ID":"42","Sign":"","Signs":{"ID":"13830","_":"V","Language":"FI"}},"Name":{"Value":"AC-syöttöjännite","Language":"FI"}}},{"Localized":0,"ID":420157744,"LocalID":0,"Type":"dropdown","Value":"50 - 60","CategoryFeatureId":"122960","CategoryFeatureGroupID":"99","SortNo":"190","PresentationValue":"50 - 60 Hz","RawValue":"50 - 60","LocalValue":"50 - 60","Description":"","Mandatory":"0","Searchable":"0","Optional":"0","Feature":{"ID":"8484","Sign":"","Measure":{"ID":"36","Sign":"","Signs":{"ID":"13824","_":"Hz","Language":"FI"}},"Name":{"Value":"AC-syöttötaajuus","Language":"FI"}}},{"Localized":0,"ID":488486445,"LocalID":0,"Type":"dropdown","Value":"Internal","CategoryFeatureId":"120833","CategoryFeatureGroupID":"99","SortNo":"160","PresentationValue":"Sisäinen","RawValue":"Internal","LocalValue":"Sisäinen","Description":"Virtalähde (sisäinen / ulkoinen) tyyppi, jolla tuote toimii. Power Factor Correcting. CE = CE brand-yhteensopivia. Annetaessa useita arvoja (W), se on usein matala linja vs. suuri linja olosuhteisiin tarkoitettu. Useita virtalähteitä käytetään redundanssina. Kun ylimääräinen virtalähde on valinnainen tämä ilmaistaan enimmäismääränä. Virtalähteet voi olla Hot Plug tai non- Hot Plug.","Mandatory":"0","Searchable":"0","Optional":"0","Feature":{"ID":"514","Sign":"","Measure":{"ID":"29","Sign":"","Signs":{"ID":"","_":"","Language":"FI"}},"Name":{"Value":"Virtalähteen tyyppi","Language":"FI"}}},{"Localized":0,"ID":590431754,"LocalID":0,"Type":"dropdown","Value":"A to G","CategoryFeatureId":"313577","CategoryFeatureGroupID":"99","SortNo":"150","PresentationValue":"A - G","RawValue":"A to G","LocalValue":"A - G","Description":"","Mandatory":"0","Searchable":"0","Optional":"0","Feature":{"ID":"39201","Sign":"","Measure":{"ID":"29","Sign":"","Signs":{"ID":"","_":"","Language":"FI"}},"Name":{"Value":"Energiatehokkuusasteikko","Language":"FI"}}},{"Localized":0,"ID":628585687,"LocalID":0,"Type":"numerical","Value":"587235","CategoryFeatureId":"950411","CategoryFeatureGroupID":"99","SortNo":"149","PresentationValue":"587235","RawValue":"587235","LocalValue":"587235","Description":"","Mandatory":"0","Searchable":"0","Optional":"0","Feature":{"ID":"47801","Sign":"","Measure":{"ID":"29","Sign":"","Signs":{"ID":"","_":"","Language":"FI"}},"Name":{"Value":"Euroopan tuoterekisterin energiamerkintäkoodi (EPREL)","Language":"FI"}}}]},{"ID":1205,"SortNo":"23","FeatureGroup":{"ID":"28","Name":{"Value":"Ympäristöolosuhteet","Language":"FI"}},"Features":[{"Localized":0,"ID":420158644,"LocalID":0,"Type":"range","Value":"0 - 40","CategoryFeatureId":"5557","CategoryFeatureGroupID":"1205","SortNo":"200","PresentationValue":"0 - 40 °C","RawValue":"0 - 40","LocalValue":"0 - 40","Description":"The minimum and maximum temperatures at which the product can be safely operated.","Mandatory":"0","Searchable":"0","Optional":"0","Feature":{"ID":"1112","Sign":"","Measure":{"ID":"65","Sign":"","Signs":{"ID":"13851","_":"°C","Language":"FI"}},"Name":{"Value":"Käyttölämpötila (T-T)","Language":"FI"}}},{"Localized":0,"ID":420158660,"LocalID":0,"Type":"range","Value":"-20 - 60","CategoryFeatureId":"5002","CategoryFeatureGroupID":"1205","SortNo":"190","PresentationValue":"-20 - 60 °C","RawValue":"-20 - 60","LocalValue":"-20 - 60","Description":"The minimum and maximum temperatures at which the product can be safely stored.","Mandatory":"0","Searchable":"0","Optional":"0","Feature":{"ID":"757","Sign":"","Measure":{"ID":"65","Sign":"","Signs":{"ID":"13851","_":"°C","Language":"FI"}},"Name":{"Value":"Varastointilämpötila","Language":"FI"}}},{"Localized":0,"ID":420158721,"LocalID":0,"Type":"range","Value":"20 - 80","CategoryFeatureId":"4997","CategoryFeatureGroupID":"1205","SortNo":"180","PresentationValue":"20 - 80%","RawValue":"20 - 80","LocalValue":"20 - 80","Description":"","Mandatory":"0","Searchable":"0","Optional":"0","Feature":{"ID":"703","Sign":"","Measure":{"ID":"64","Sign":"","Signs":{"ID":"47","_":"%","Language":"EN"}},"Name":{"Value":"Käytön suhteellinen kosteus (H-H)","Language":"FI"}}},{"Localized":0,"ID":420158778,"LocalID":0,"Type":"range","Value":"0 - 3658","CategoryFeatureId":"17175","CategoryFeatureGroupID":"1205","SortNo":"160","PresentationValue":"0 - 3658 m","RawValue":"0 - 3658","LocalValue":"0 - 3658","Description":"","Mandatory":"0","Searchable":"0","Optional":"0","Feature":{"ID":"667","Sign":"","Measure":{"ID":"54","Sign":"","Signs":{"ID":"13841","_":"m","Language":"FI"}},"Name":{"Value":"Käyttökorkeus","Language":"FI"}}},{"Localized":0,"ID":420158793,"LocalID":0,"Type":"range","Value":"0 - 12192","CategoryFeatureId":"72545","CategoryFeatureGroupID":"1205","SortNo":"150","PresentationValue":"0 - 12192 m","RawValue":"0 - 12192","LocalValue":"0 - 12192","Description":"","Mandatory":"0","Searchable":"0","Optional":"0","Feature":{"ID":"1449","Sign":"","Measure":{"ID":"54","Sign":"","Signs":{"ID":"13841","_":"m","Language":"FI"}},"Name":{"Value":"Käytön ulkopuolinen korkeus","Language":"FI"}}}]},{"ID":98,"SortNo":"21","FeatureGroup":{"ID":"14","Name":{"Value":"Paino ja mitat","Language":"FI"}},"Features":[{"Localized":0,"ID":420157756,"LocalID":0,"Type":"numerical","Value":"978","CategoryFeatureId":"22203","CategoryFeatureGroupID":"98","SortNo":"400","PresentationValue":"978 mm","RawValue":"978","LocalValue":"978","Description":"","Mandatory":"0","Searchable":"0","Optional":"0","Feature":{"ID":"4156","Sign":"","Measure":{"ID":"24","Sign":"","Signs":{"ID":"13815","_":"mm","Language":"FI"}},"Name":{"Value":"Laitteen leveys (jalustan kanssa)","Language":"FI"}}},{"Localized":0,"ID":420157761,"LocalID":0,"Type":"numerical","Value":"281","CategoryFeatureId":"22162","CategoryFeatureGroupID":"98","SortNo":"390","PresentationValue":"281 mm","RawValue":"281","LocalValue":"281","Description":"","Mandatory":"0","Searchable":"0","Optional":"0","Feature":{"ID":"4179","Sign":"","Measure":{"ID":"24","Sign":"","Signs":{"ID":"13815","_":"mm","Language":"FI"}},"Name":{"Value":"Laitteen syvyys (jalustan kanssa)","Language":"FI"}}},{"Localized":0,"ID":420157759,"LocalID":0,"Type":"numerical","Value":"713","CategoryFeatureId":"22171","CategoryFeatureGroupID":"98","SortNo":"380","PresentationValue":"713 mm","RawValue":"713","LocalValue":"713","Description":"","Mandatory":"0","Searchable":"0","Optional":"0","Feature":{"ID":"4178","Sign":"","Measure":{"ID":"24","Sign":"","Signs":{"ID":"13815","_":"mm","Language":"FI"}},"Name":{"Value":"Laitteen korkeus (jalustan kanssa)","Language":"FI"}}},{"Localized":0,"ID":420158556,"LocalID":0,"Type":"numerical","Value":"18000","CategoryFeatureId":"112042","CategoryFeatureGroupID":"98","SortNo":"370","PresentationValue":"18 kg","RawValue":"18000","LocalValue":"18","Description":"","Mandatory":"0","Searchable":"0","Optional":"0","Feature":{"ID":"19017","Sign":"","Measure":{"ID":"38","Sign":"","Signs":{"ID":"13826","_":"g","Language":"FI"}},"Name":{"Value":"Paino (jalustan kanssa)","Language":"FI"}}},{"Localized":0,"ID":420157758,"LocalID":0,"Type":"numerical","Value":"978","CategoryFeatureId":"91400","CategoryFeatureGroupID":"98","SortNo":"360","PresentationValue":"978 mm","RawValue":"978","LocalValue":"978","Description":"","Mandatory":"0","Searchable":"0","Optional":"0","Feature":{"ID":"12576","Sign":"","Measure":{"ID":"24","Sign":"","Signs":{"ID":"13815","_":"mm","Language":"FI"}},"Name":{"Value":"Leveys (ilman jalustaa)","Language":"FI"}}},{"Localized":0,"ID":420157815,"LocalID":0,"Type":"numerical","Value":"78","CategoryFeatureId":"91489","CategoryFeatureGroupID":"98","SortNo":"350","PresentationValue":"78 mm","RawValue":"78","LocalValue":"78","Description":"","Mandatory":"0","Searchable":"0","Optional":"0","Feature":{"ID":"12577","Sign":"","Measure":{"ID":"24","Sign":"","Signs":{"ID":"13815","_":"mm","Language":"FI"}},"Name":{"Value":"Syvyys (ilman jalustaa)","Language":"FI"}}},{"Localized":0,"ID":420157782,"LocalID":0,"Type":"numerical","Value":"573","CategoryFeatureId":"91538","CategoryFeatureGroupID":"98","SortNo":"340","PresentationValue":"573 mm","RawValue":"573","LocalValue":"573","Description":"","Mandatory":"0","Searchable":"0","Optional":"0","Feature":{"ID":"12574","Sign":"","Measure":{"ID":"24","Sign":"","Signs":{"ID":"13815","_":"mm","Language":"FI"}},"Name":{"Value":"Korkeus (ilman jalustaa)","Language":"FI"}}},{"Localized":0,"ID":420158536,"LocalID":0,"Type":"numerical","Value":"12400","CategoryFeatureId":"684552","CategoryFeatureGroupID":"98","SortNo":"330","PresentationValue":"12,4 kg","RawValue":"12400","LocalValue":"12,4","Description":"","Mandatory":"0","Searchable":"0","Optional":"0","Feature":{"ID":"12573","Sign":"","Measure":{"ID":"38","Sign":"","Signs":{"ID":"13826","_":"g","Language":"FI"}},"Name":{"Value":"Paino (ilman jalustaa)","Language":"FI"}}}]},{"ID":23760,"SortNo":"20","FeatureGroup":{"ID":"67","Name":{"Value":"Pakkaustiedot","Language":"FI"}},"Features":[{"Localized":0,"ID":420157898,"LocalID":0,"Type":"numerical","Value":"1150","CategoryFeatureId":"22179","CategoryFeatureGroupID":"23760","SortNo":"360","PresentationValue":"1150 mm","RawValue":"1150","LocalValue":"1150","Description":"The distance from one side of the packaging to the other.","Mandatory":"0","Searchable":"0","Optional":"0","Feature":{"ID":"3808","Sign":"","Measure":{"ID":"24","Sign":"","Signs":{"ID":"13815","_":"mm","Language":"FI"}},"Name":{"Value":"Pakkauksen leveys","Language":"FI"}}},{"Localized":0,"ID":420157961,"LocalID":0,"Type":"numerical","Value":"284","CategoryFeatureId":"22177","CategoryFeatureGroupID":"23760","SortNo":"350","PresentationValue":"284 mm","RawValue":"284","LocalValue":"284","Description":"The distance from the front to the back of the packaging.","Mandatory":"0","Searchable":"0","Optional":"0","Feature":{"ID":"3806","Sign":"","Measure":{"ID":"24","Sign":"","Signs":{"ID":"13815","_":"mm","Language":"FI"}},"Name":{"Value":"Pakkauksen syvyys","Language":"FI"}}},{"Localized":0,"ID":420157933,"LocalID":0,"Type":"numerical","Value":"704","CategoryFeatureId":"22178","CategoryFeatureGroupID":"23760","SortNo":"340","PresentationValue":"704 mm","RawValue":"704","LocalValue":"704","Description":"The distance from the top to the bottom of the packaging.","Mandatory":"0","Searchable":"0","Optional":"0","Feature":{"ID":"3807","Sign":"","Measure":{"ID":"24","Sign":"","Signs":{"ID":"13815","_":"mm","Language":"FI"}},"Name":{"Value":"Pakkauksen korkeus","Language":"FI"}}},{"Localized":0,"ID":420158161,"LocalID":0,"Type":"numerical","Value":"23300","CategoryFeatureId":"5000","CategoryFeatureGroupID":"23760","SortNo":"330","PresentationValue":"23,3 kg","RawValue":"23300","LocalValue":"23,3","Description":"Pakatun tuotteen paino grammoina.","Mandatory":"0","Searchable":"0","Optional":"0","Feature":{"ID":"762","Sign":"","Measure":{"ID":"38","Sign":"","Signs":{"ID":"13826","_":"g","Language":"FI"}},"Name":{"Value":"Pakkauksen paino","Language":"FI"}}},{"Localized":0,"ID":420158003,"LocalID":0,"Type":"dropdown","Value":"Box","CategoryFeatureId":"63814","CategoryFeatureGroupID":"23760","SortNo":"320","PresentationValue":"Laatikko","RawValue":"Box","LocalValue":"Laatikko","Description":"The type of product package e.g. box.","Mandatory":"0","Searchable":"0","Optional":"0","Feature":{"ID":"4463","Sign":"","Measure":{"ID":"29","Sign":"","Signs":{"ID":"","_":"","Language":"FI"}},"Name":{"Value":"Pakkaustyyppi","Language":"FI"}}}]},{"ID":49260,"SortNo":"19","FeatureGroup":{"ID":"116","Name":{"Value":"Pakkauksen sisältö","Language":"FI"}},"Features":[{"Localized":0,"ID":420157853,"LocalID":0,"Type":"y_n","Value":"Y","CategoryFeatureId":"123142","CategoryFeatureGroupID":"49260","SortNo":"500","PresentationValue":"Kyllä","RawValue":"Y","LocalValue":"Kyllä","Description":"","Mandatory":"0","Searchable":"0","Optional":"0","Feature":{"ID":"10505","Sign":"","Measure":{"ID":"26","Sign":"","Signs":{"ID":"","_":"","Language":"FI"}},"Name":{"Value":"Jalusta sisältyy","Language":"FI"}}},{"Localized":0,"ID":500355770,"LocalID":0,"Type":"multi_dropdown","Value":"HDMI,DisplayPort,USB Type-A to USB Type-B,USB Type-C,AC","CategoryFeatureId":"16133","CategoryFeatureGroupID":"49260","SortNo":"490","PresentationValue":"HDMI, DisplayPort, USB-tyyppi A - USB-tyyppi B, USB Type-C, AC","RawValue":"HDMI,DisplayPort,USB Type-A to USB Type-B,USB Type-C,AC","LocalValue":"HDMI, DisplayPort, USB-tyyppi A - USB-tyyppi B, USB Type-C, AC","Description":"","Mandatory":"0","Searchable":"0","Optional":"0","Feature":{"ID":"1830","Sign":"","Measure":{"ID":"29","Sign":"","Signs":{"ID":"","_":"","Language":"FI"}},"Name":{"Value":"Sisältää johdot","Language":"FI"}}},{"Localized":0,"ID":420462733,"LocalID":0,"Type":"y_n","Value":"Y","CategoryFeatureId":"22173","CategoryFeatureGroupID":"49260","SortNo":"410","PresentationValue":"Kyllä","RawValue":"Y","LocalValue":"Kyllä","Description":"","Mandatory":"0","Searchable":"0","Optional":"0","Feature":{"ID":"3965","Sign":"","Measure":{"ID":"26","Sign":"","Signs":{"ID":"","_":"","Language":"FI"}},"Name":{"Value":"Käyttöopas","Language":"FI"}}},{"Localized":0,"ID":420462712,"LocalID":0,"Type":"textarea","Value":"SmartControl","CategoryFeatureId":"4935","CategoryFeatureGroupID":"49260","SortNo":"310","PresentationValue":"SmartControl","RawValue":"SmartControl","LocalValue":"SmartControl","Description":"Software distributed with another product such as a piece of computer hardware or other electronic device","Mandatory":"0","Searchable":"0","Optional":"0","Feature":{"ID":"251","Sign":"","Measure":{"ID":"29","Sign":"","Signs":{"ID":"","_":"","Language":"FI"}},"Name":{"Value":"Niputettu ohjelmisto","Language":"FI"}}}]},{"ID":72250,"SortNo":"5","FeatureGroup":{"ID":"279","Name":{"Value":"Kestävyys","Language":"FI"}},"Features":[{"Localized":0,"ID":420462722,"LocalID":0,"Type":"multi_dropdown","Value":"ENERGY STAR","CategoryFeatureId":"603799","CategoryFeatureGroupID":"72250","SortNo":"40","PresentationValue":"ENERGY STAR","RawValue":"ENERGY STAR","LocalValue":"ENERGY STAR","Description":"","Mandatory":"0","Searchable":"0","Optional":"0","Feature":{"ID":"42513","Sign":"","Measure":{"ID":"29","Sign":"","Signs":{"ID":"","_":"","Language":"FI"}},"Name":{"Value":"Kestävän kehityksen sertifikaatit","Language":"FI"}}},{"Localized":0,"ID":488486491,"LocalID":0,"Type":"multi_dropdown","Value":"PVC/BFR,Mercury (element)","CategoryFeatureId":"624346","CategoryFeatureGroupID":"72250","SortNo":"5","PresentationValue":"PVC/BFR, Elohopea","RawValue":"PVC/BFR,Mercury (element)","LocalValue":"PVC/BFR, Elohopea","Description":"","Mandatory":"0","Searchable":"0","Optional":"0","Feature":{"ID":"42516","Sign":"","Measure":{"ID":"29","Sign":"","Signs":{"ID":"","_":"","Language":"FI"}},"Name":{"Value":"Ei sisällä","Language":"FI"}}}]},{"ID":8454,"SortNo":"-2","FeatureGroup":{"ID":"146","Name":{"Value":"Muut ominaisuudet","Language":"FI"}},"Features":[{"Localized":0,"ID":426107435,"LocalID":0,"Type":"y_n","Value":"Y","CategoryFeatureId":"799445","CategoryFeatureGroupID":"8454","SortNo":"800","PresentationValue":"Kyllä","RawValue":"Y","LocalValue":"Kyllä","Description":"","Mandatory":"0","Searchable":"0","Optional":"1","Feature":{"ID":"42069","Sign":"","Measure":{"ID":"26","Sign":"","Signs":{"ID":"","_":"","Language":"FI"}},"Name":{"Value":"HBR3-tuki","Language":"FI"}}},{"Localized":0,"ID":420462757,"LocalID":0,"Type":"dropdown","Value":"3.0","CategoryFeatureId":"308913","CategoryFeatureGroupID":"8454","SortNo":"68","PresentationValue":"3.0","RawValue":"3.0","LocalValue":"3.0","Description":"","Mandatory":"0","Searchable":"0","Optional":"1","Feature":{"ID":"38615","Sign":"","Measure":{"ID":"29","Sign":"","Signs":{"ID":"","_":"","Language":"FI"}},"Name":{"Value":"USB Power Delivery -versio","Language":"FI"}}},{"Localized":0,"ID":488486575,"LocalID":0,"Type":"y_n","Value":"Y","CategoryFeatureId":"270911","CategoryFeatureGroupID":"8454","SortNo":"10","PresentationValue":"Kyllä","RawValue":"Y","LocalValue":"Kyllä","Description":"","Mandatory":"0","Searchable":"0","Optional":"1","Feature":{"ID":"37182","Sign":"","Measure":{"ID":"26","Sign":"","Signs":{"ID":"","_":"","Language":"FI"}},"Name":{"Value":"Picture by picture -toiminto (PbP)","Language":"FI"}}},{"Localized":0,"ID":420462732,"LocalID":0,"Type":"dropdown","Value":"Textured","CategoryFeatureId":"253263","CategoryFeatureGroupID":"8454","SortNo":"4","PresentationValue":"Pintakäsitelty","RawValue":"Textured","LocalValue":"Pintakäsitelty","Description":"","Mandatory":"0","Searchable":"0","Optional":"1","Feature":{"ID":"34139","Sign":"","Measure":{"ID":"29","Sign":"","Signs":{"ID":"","_":"","Language":"FI"}},"Name":{"Value":"Ulkokuoren pintatyyppi","Language":"FI"}}},{"Localized":0,"ID":420462724,"LocalID":0,"Type":"numerical","Value":"100","CategoryFeatureId":"78826","CategoryFeatureGroupID":"8454","SortNo":"0","PresentationValue":"100%","RawValue":"100","LocalValue":"100","Description":"","Mandatory":"0","Searchable":"0","Optional":"1","Feature":{"ID":"11613","Sign":"","Measure":{"ID":"64","Sign":"","Signs":{"ID":"47","_":"%","Language":"EN"}},"Name":{"Value":"Kierrätettävä pakkausmateriaali","Language":"FI"}}},{"Localized":0,"ID":420158804,"LocalID":0,"Type":"multi_dropdown","Value":"Hg (mercury)","CategoryFeatureId":"105044","CategoryFeatureGroupID":"8454","SortNo":"0","PresentationValue":"Hg (elohopea)","RawValue":"Hg (mercury)","LocalValue":"Hg (elohopea)","Description":"","Mandatory":"0","Searchable":"0","Optional":"0","Feature":{"ID":"4752","Sign":"","Measure":{"ID":"29","Sign":"","Signs":{"ID":"","_":"","Language":"FI"}},"Name":{"Value":"Raskasmetallivapaa","Language":"FI"}}},{"Localized":0,"ID":426107438,"LocalID":0,"Type":"y_n","Value":"Y","CategoryFeatureId":"118851","CategoryFeatureGroupID":"8454","SortNo":"0","PresentationValue":"Kyllä","RawValue":"Y","LocalValue":"Kyllä","Description":"","Mandatory":"0","Searchable":"0","Optional":"1","Feature":{"ID":"4190","Sign":"","Measure":{"ID":"26","Sign":"","Signs":{"ID":"","_":"","Language":"FI"}},"Name":{"Value":"RS-232-liitin","Language":"FI"}}},{"Localized":0,"ID":420462744,"LocalID":0,"Type":"y_n","Value":"Y","CategoryFeatureId":"225547","CategoryFeatureGroupID":"8454","SortNo":"0","PresentationValue":"Kyllä","RawValue":"Y","LocalValue":"Kyllä","Description":"","Mandatory":"0","Searchable":"0","Optional":"1","Feature":{"ID":"32507","Sign":"","Measure":{"ID":"26","Sign":"","Signs":{"ID":"","_":"","Language":"FI"}},"Name":{"Value":"EasyRead-tila","Language":"FI"}}},{"Localized":0,"ID":488486360,"LocalID":0,"Type":"y_n","Value":"Y","CategoryFeatureId":"225551","CategoryFeatureGroupID":"8454","SortNo":"0","PresentationValue":"Kyllä","RawValue":"Y","LocalValue":"Kyllä","Description":"","Mandatory":"0","Searchable":"0","Optional":"1","Feature":{"ID":"32505","Sign":"","Measure":{"ID":"26","Sign":"","Signs":{"ID":"","_":"","Language":"FI"}},"Name":{"Value":"LowBlue-tila","Language":"FI"}}},{"Localized":0,"ID":420462761,"LocalID":0,"Type":"range","Value":"93 - 105","CategoryFeatureId":"252544","CategoryFeatureGroupID":"8454","SortNo":"0","PresentationValue":"93 - 105%","RawValue":"93 - 105","LocalValue":"93 - 105","Description":"","Mandatory":"0","Searchable":"0","Optional":"1","Feature":{"ID":"35792","Sign":"","Measure":{"ID":"64","Sign":"","Signs":{"ID":"47","_":"%","Language":"EN"}},"Name":{"Value":"Philips SmartUniformity","Language":"FI"}}},{"Localized":0,"ID":450616057,"LocalID":0,"Type":"numerical","Value":"12400","CategoryFeatureId":"855754","CategoryFeatureGroupID":"8454","SortNo":"0","PresentationValue":"12,4 kg","RawValue":"12400","LocalValue":"12,4","Description":"Tuotteen paino ilman pakkausta (Nettopaino). Jos mahdollista, nettopaino ilmaistaan vakiovarusteineet ja tarvikkeet mukaan laskettuna. Huomaa, että joskus valmistaja antaa kaupallisen tulkinnan tuotteen painosta, jättämällä pois  lisävarusteiden ja / tai tarvikkeiden painon.","Mandatory":"0","Searchable":"0","Optional":"1","Feature":{"ID":"94","Sign":"","Measure":{"ID":"38","Sign":"","Signs":{"ID":"13826","_":"g","Language":"FI"}},"Name":{"Value":"Paino","Language":"FI"}}},{"Localized":0,"ID":420462708,"LocalID":0,"Type":"text","Value":"SmartImage","CategoryFeatureId":"22180","CategoryFeatureGroupID":"8454","SortNo":"0","PresentationValue":"SmartImage","RawValue":"SmartImage","LocalValue":"SmartImage","Description":"","Mandatory":"0","Searchable":"0","Optional":"1","Feature":{"ID":"3816","Sign":"","Measure":{"ID":"29","Sign":"","Signs":{"ID":"","_":"","Language":"FI"}},"Name":{"Value":"Kuvanparannus","Language":"FI"}}},{"Localized":0,"ID":420462774,"LocalID":0,"Type":"text","Value":"PIP/PBP mode, 4 x devices","CategoryFeatureId":"82014","CategoryFeatureGroupID":"8454","SortNo":"0","PresentationValue":"PIP/PBP mode, 4 x devices","RawValue":"PIP/PBP mode, 4 x devices","LocalValue":"PIP/PBP mode, 4 x devices","Description":"","Mandatory":"0","Searchable":"0","Optional":"1","Feature":{"ID":"12040","Sign":"","Measure":{"ID":"29","Sign":"","Signs":{"ID":"","_":"","Language":"FI"}},"Name":{"Value":"MultiView","Language":"FI"}}},{"Localized":0,"ID":488486499,"LocalID":0,"Type":"text","Value":"CB; TUV/GS; TUV Ergo; CU-EAC; EAEU RoHS; CE Mark; FCC Class B; ICES-003","CategoryFeatureId":"82025","CategoryFeatureGroupID":"8454","SortNo":"0","PresentationValue":"CB; TUV/GS; TUV Ergo; CU-EAC; EAEU RoHS; CE Mark; FCC Class B; ICES-003","RawValue":"CB; TUV/GS; TUV Ergo; CU-EAC; EAEU RoHS; CE Mark; FCC Class B; ICES-003","LocalValue":"CB; TUV/GS; TUV Ergo; CU-EAC; EAEU RoHS; CE Mark; FCC Class B; ICES-003","Description":"","Mandatory":"0","Searchable":"0","Optional":"1","Feature":{"ID":"12017","Sign":"","Measure":{"ID":"29","Sign":"","Signs":{"ID":"","_":"","Language":"FI"}},"Name":{"Value":"Säännöstenmukaiset hyväksynnät","Language":"FI"}}},{"Localized":0,"ID":420462763,"LocalID":0,"Type":"numerical","Value":"2","CategoryFeatureId":"118848","CategoryFeatureGroupID":"8454","SortNo":"0","PresentationValue":"2","RawValue":"2","LocalValue":"2","Description":"","Mandatory":"0","Searchable":"0","Optional":"1","Feature":{"ID":"19258","Sign":"","Measure":{"ID":"29","Sign":"","Signs":{"ID":"","_":"","Language":"FI"}},"Name":{"Value":"Delta E","Language":"FI"}}},{"Localized":0,"ID":651732809,"LocalID":0,"Type":"multi_dropdown","Value":"RoHS","CategoryFeatureId":"953263","CategoryFeatureGroupID":"8454","SortNo":"0","PresentationValue":"RoHS","RawValue":"RoHS","LocalValue":"RoHS","Description":"","Mandatory":"0","Searchable":"0","Optional":"0","Feature":{"ID":"48024","Sign":"","Measure":{"ID":"29","Sign":"","Signs":{"ID":"","_":"","Language":"FI"}},"Name":{"Value":"Vaatimustenmukaisuustodistukset","Language":"FI"}}},{"Localized":0,"ID":420462721,"LocalID":0,"Type":"numerical","Value":"70000","CategoryFeatureId":"14295","CategoryFeatureGroupID":"8454","SortNo":"-11","PresentationValue":"70000 h","RawValue":"70000","LocalValue":"70000","Description":"Tilastollinen malli, jota käytetään ilmaisemaan tuotteen / järjestelmän luotettavuus, tunteina ja prosentteina käyttömäärästö. Tämä numero (tunteina) ei ilmoita keskimääräistä aikaa ennen  yhden yksikön / mekanismin vioittumista.","Mandatory":"0","Searchable":"0","Optional":"1","Feature":{"ID":"533","Sign":"","Measure":{"ID":"46","Sign":"","Signs":{"ID":"13834","_":"h","Language":"FI"}},"Name":{"Value":"Keskimääräinen vikaantumisaika","Language":"FI"}}},{"Localized":0,"ID":420462754,"LocalID":0,"Type":"multi_dropdown","Value":"10,100,1000","CategoryFeatureId":"48021","CategoryFeatureGroupID":"8454","SortNo":"-12","PresentationValue":"10,100,1000 Mbit/s","RawValue":"10,100,1000","LocalValue":"10,100,1000","Description":"Ethernet LAN-yhteyden eri nopeustasot ilmaistuna megabittiä sekunnissa.","Mandatory":"0","Searchable":"0","Optional":"1","Feature":{"ID":"3768","Sign":"","Measure":{"ID":"23","Sign":"","Signs":{"ID":"13814","_":"Mbit/s","Language":"FI"}},"Name":{"Value":"Ethernet LAN -datanopeudet","Language":"FI"}}},{"Localized":0,"ID":488486552,"LocalID":0,"Type":"y_n","Value":"Y","CategoryFeatureId":"904354","CategoryFeatureGroupID":"8454","SortNo":"-14","PresentationValue":"Kyllä","RawValue":"Y","LocalValue":"Kyllä","Description":"","Mandatory":"0","Searchable":"0","Optional":"1","Feature":{"ID":"18594","Sign":"","Measure":{"ID":"26","Sign":"","Signs":{"ID":"","_":"","Language":"FI"}},"Name":{"Value":"Wake-on-LAN","Language":"FI"}}},{"Localized":0,"ID":420158803,"LocalID":0,"Type":"textarea","Value":"CB, TUV/GS, TUV Ergo, SEMKO, CU-EAC, EAEU RoHS, CE Mark, FCC Class B, ICES-003","CategoryFeatureId":"4937","CategoryFeatureGroupID":"8454","SortNo":"-600","PresentationValue":"CB, TUV/GS, TUV Ergo, SEMKO, CU-EAC, EAEU RoHS, CE Mark, FCC Class B, ICES-003","RawValue":"CB, TUV/GS, TUV Ergo, SEMKO, CU-EAC, EAEU RoHS, CE Mark, FCC Class B, ICES-003","LocalValue":"CB, TUV/GS, TUV Ergo, SEMKO, CU-EAC, EAEU RoHS, CE Mark, FCC Class B, ICES-003","Description":"","Mandatory":"0","Searchable":"0","Optional":"0","Feature":{"ID":"249","Sign":"","Measure":{"ID":"29","Sign":"","Signs":{"ID":"","_":"","Language":"FI"}},"Name":{"Value":"Sertifiointi","Language":"FI"}}}]},{"ID":27531,"SortNo":"-3","FeatureGroup":{"ID":"247","Name":{"Value":"Kierrätystiedot","Language":"FI"}},"Features":[{"Localized":0,"ID":420462749,"LocalID":0,"Type":"numerical","Value":"85","CategoryFeatureId":"313014","CategoryFeatureGroupID":"27531","SortNo":"0","PresentationValue":"85%","RawValue":"85","LocalValue":"85","Description":"","Mandatory":"0","Searchable":"0","Optional":"1","Feature":{"ID":"39129","Sign":"","Measure":{"ID":"64","Sign":"","Signs":{"ID":"47","_":"%","Language":"EN"}},"Name":{"Value":"Kuluttajan käyttämät kierrätetyt muovit","Language":"FI"}}}]},{"ID":27535,"SortNo":"-40","FeatureGroup":{"ID":"198","Name":{"Value":"Logistiikkatiedot","Language":"FI"}},"Features":[{"Localized":0,"ID":494559253,"LocalID":0,"Type":"text","Value":"85285210","CategoryFeatureId":"711548","CategoryFeatureGroupID":"27535","SortNo":"-580","PresentationValue":"85285210","RawValue":"85285210","LocalValue":"85285210","Description":"","Mandatory":"0","Searchable":"0","Optional":"1","Feature":{"ID":"23731","Sign":"","Measure":{"ID":"29","Sign":"","Signs":{"ID":"","_":"","Language":"FI"}},"Name":{"Value":"Harmonoidun järjestelmän nimikkeistökoodi (HS)","Language":"FI"}}}]}],"FeatureLogos":[{"LogoPic":"https://images.icecat.biz/img/feature_logo/4-8210.png","Width":"195","Height":"200","Size":"0","ThumbPic":"https://images.icecat.biz/img/feature_logo_thumbs/4-8210.png","FeatureID":"42513","Value":"ENERGY STAR","KeyLogo":0},{"LogoPic":"https://images.icecat.biz/img/feature_logo/8-2276.png","Width":"200","Height":"200","Size":"0","ThumbPic":"https://images.icecat.biz/img/feature_logo_thumbs/8-2276.png","FeatureID":"48024","Value":"RoHS","KeyLogo":1},{"LogoPic":"https://images.icecat.biz/img/feature_logo/977-9367.png","Width":"300","Height":"165","Size":"0","ThumbPic":"https://images.icecat.biz/img/feature_logo_thumbs/977-9367.png","FeatureID":"42856","Value":"G","KeyLogo":2}],"ReasonsToBuy":[{"ReasonToBuyID":"69378483","Value":"Tässä Philips-näytössä on kiinteä USB Type-C -telakka, jota voidaan käyttää myös virransyöttöön. Älykkään ja joustavan virranhallinnan ansiosta yhteensopivan* kannettavan tietokoneen voi ladata suoraan. Ohuen käännettävän USB-C-liittimen avulla telakointi onnistuu helposti yhdellä kaapelilla. Voit liittää näytön telakkaan kaikki oheislaitteet, kuten näppäimistön ja hiiren sekä RJ-45 Ethernet -kaapelin. Voit katsoa HD-videokuvaa ja siirtää dataa todella nopeasti samalla, kun lataat kannettavaa tietokonettasi.","HighPic":"https://images.icecat.biz/img/bullets/91936878-64171abf14f68809868913.jpg","HighPicSize":"0","No":"11","Title":"USB-C mahdollistaa kannettavan tietokoneen lataamisen suoraan näytöstä","Language":"FI","Updated":"2024-11-04 05:20:59","Origin":"RTB","IsPrivate":"0"},{"ReasonToBuyID":"69378578","Value":"Ultra Wide-Color -tekniikka tuottaa laajemman värintoistoalueen ja tekee kuvasta vaikuttavamman. Ultra Wide-Color -tekniikan laajempi värialue tekee vihreän sävyistä luonnollisempia, punaisista eloisampia ja sinisistä syvempiä. Ultra Wide-Color -tekniikka herättää viihteen, valokuvien ja jopa työsi värit eloon.","HighPic":"https://images.icecat.biz/img/bullets/91936878-64171ac69441b576667412.jpg","HighPicSize":"0","No":"12","Title":"Ultra Wide-Color -tekniikka tuottaa laajemman värintoistoalueen ja tekee väritoistosta eloisan.","Language":"FI","Updated":"2024-11-04 05:20:59","Origin":"RTB","IsPrivate":"0"},{"ReasonToBuyID":"69378611","Value":"Tässä suuressa 4K UHD -näytössä on Philipsin MultiView-ominaisuus, jonka avulla voit seurata samalla näytöllä jopa neljää Full HD -laatuista järjestelmää. Picture-by-Picture (PbP) -toiminnolla voit seurata esimerkiksi neljää eri valvonta- tai turvallisuusjärjestelmää samalla näytöllä. Voit myös tehostaa yhteistyötä käyttämällä useampaa laitetta, esimerkiksi kahta kannettavaa tietokonetta rinnakkain samaan aikaan. Picture-in-Picture (PiP) -tilassa voit seurata vaikkapa jalkapalloa digisovittimesi välityksellä samalla kun työskentelet tietokoneellasi.","HighPic":"https://images.icecat.biz/img/bullets/91936878-64171ac9e3c34832541858.jpg","HighPicSize":"0","No":"13","Title":"MultiView 4K: 4 järjestelmää yhdellä näytöllä","Language":"FI","Updated":"2024-11-04 05:20:59","Origin":"RTB","IsPrivate":"0"},{"ReasonToBuyID":"69378628","Value":"MultiClient-integroidulla KVM-kytkimellä voi hallita kahta erillistä tietokonetta yhdellä näytön, näppäimistön ja hiiren kokonaisuudella. Lähteen vaihtaminen painikkeella on nopeaa. Sopii kokoonpanoihin, jotka edellyttävät kahta tietokonetta tai suuren näytön jakamista kahden tietokoneen kesken.","HighPic":"https://images.icecat.biz/img/bullets/91936878-64171acb6b4b8123810707.jpg","HighPicSize":"0","No":"14","Title":"Kiinteällä KVM-kytkimellä voi vaihtaa lähdettä helposti","Language":"FI","Updated":"2024-11-04 05:20:59","Origin":"RTB","IsPrivate":"0"},{"ReasonToBuyID":"69378708","Value":"Philips Compact Ergo -näyttöteline sopii kaikille, koska se kallistuu, kääntyy ja säätyy korkeudeltaan jokaiselle sopivaksi, joten näytön katseleminen on miellyttävää ja työskentely tehokasta.","HighPic":"https://images.icecat.biz/img/bullets/91936878-64171ad2855b9355863090.jpg","HighPicSize":"0","No":"15","Title":"Kallista, käännä ja säädä korkeutta parhaan katselukulman saamiseksi","Language":"FI","Updated":"2024-11-04 05:20:59","Origin":"RTB","IsPrivate":"0"},{"ReasonToBuyID":"79311218","Value":"Philips-näytöt näyttävät tehokkaiden näyttöpaneelien ja UltraClear 4K UHD -tekniikan ansiosta entistä terävämpiä 3840 x 2160 -kokoisia kuvia. Philips-näytöt saavat kuvat ja grafiikan heräämään eloon. Saat terävät kuvat käyttöösi vaativissakin ammattisovelluksissa, kuten CAD-ratkaisuissa, 3D-grafiikkaohjelmissa ja monimutkaisissa laskentataulukoissa.","HighPic":"https://images.icecat.biz/img/bullets/91936878-665e95ba63caa558158660.jpg","HighPicSize":"0","No":"16","Title":"Tarkka UltraClear 4K UHD (3840 x 2160) -resoluutio","Language":"FI","Updated":"2024-11-04 05:20:59","Origin":"RTB","IsPrivate":"0"},{"ReasonToBuyID":"79311219","Value":"Philips VA -LED-näyttö käyttää edistynyttä monialueista pystykohdistusta, joka takaa erinomaisen staattisen kontrastisuhteen ja erittäin eloisan ja kirkkaan kuvan. Näyttö suoriutuu tavallisista toimistosovelluksista erinomaisesti, ja se sopii ihanteellisesti valokuvien ja elokuvien katseluun, internetin käyttöön, pelaamiseen ja vaativiin graafisiin sovelluksiin. Optimoidun pikselinhallinnan ansiosta näytössä on erittäin laaja 178/178 asteen katselukulma ja terävä kuva.","HighPic":"https://images.icecat.biz/img/bullets/91936878-665e95be2f2cb654272250.jpg","HighPicSize":"0","No":"17","Title":"VA-näyttö antaa upeat kuvat ja laajat katselukulmat","Language":"FI","Updated":"2024-11-04 05:20:59","Origin":"RTB","IsPrivate":"0"},{"ReasonToBuyID":"81551472","Value":"VESA-sertifioitu DisplayHDR 400 on selvästi tavallisia SDR-näyttöjä parempi. Toisin kuin muut HDR-yhteensopivat näytöt, aito DisplayHDR 400 tuottaa upean kirkkauden, kontrastin ja värin. Näytössä on kokonaishimmennys, ja sen vähimmäiskirkkaus on 400 nitiä. Kuvissa korostuvat kirkkaat värit ja syvät, vivahteikkaat mustan sävyt. Siinä on entistä enemmän syviä uusia värejä, jotka saavat aikaan aistit vangitsevan kokemuksen.","HighPic":"https://images.icecat.biz/img/bullets/91936878-67284ba79d14f867137940.jpg","HighPicSize":"0","No":"18","Title":"DisplayHDR 400 tarjoaa eloisampaa ja upeampaa kuvanlaatua","Language":"FI","Updated":"2024-11-04 05:20:59","Origin":"RTB","IsPrivate":"0"},{"ReasonToBuyID":"79311221","Value":"Tutkimukset ovat osoittaneet, että LED-näyttöjen lyhyen aaltopituuden siniset valonsäteet voivat ultraviolettivalon tavoin aiheuttaa vauriota silmille ja vaikuttaa näköön pitkällä aikavälillä. Hyvinvointia edistämään kehitetty Philips LowBlue -tila vähentää haitallista lyhyen aaltopituuden sinistä valoa älykkään ohjelmistotekniikan avulla.","HighPic":"https://images.icecat.biz/img/bullets/91936878-665e95c7c98b9266836359.jpg","HighPicSize":"0","No":"19","Title":"LowBlue-tila lisää työn tehokkuutta vähentämällä silmien rasitusta","Language":"FI","Updated":"2024-11-04 05:20:59","Origin":"RTB","IsPrivate":"0"},{"ReasonToBuyID":"79311222","Value":"LED-taustavalolla varustetuissa näytöissä säädetään kirkkautta tavalla, joka joillekin käyttäjille näkyy näytön välkkymisenä. Tämä aiheuttaa silmien väsymistä. Philipsin Flicker-free-tekniikka käyttää uutta tapaa säätää kirkkautta ja vähentää siten välkkymistä, jolloin näytön katselu on miellyttävämpää.","HighPic":"https://images.icecat.biz/img/bullets/91936878-665e95cb468f2944359423.jpg","HighPicSize":"0","No":"20","Title":"Välkkymätön tekniikka vähentää silmien väsymistä","Language":"FI","Updated":"2024-11-04 05:20:59","Origin":"RTB","IsPrivate":"0"}],"Reviews":[],"ProductRelated":[{"ID":0,"CategoryID":942,"Preferred":0,"IcecatID":66052550,"ProductCode":"RGOVLZE4TWSI","ThumbPic":"","ProductName":"RGOVLZE4TWSI","Brand":"R-Go Tools","BrandID":14659,"ProductRelatedLocales":[{"ID":0,"Language":"FI","Preferred":0,"StartDate":"","EndDate":""}]},{"ID":0,"CategoryID":942,"Preferred":0,"IcecatID":66034473,"ProductCode":"RGOVLZE4SI","ThumbPic":"","ProductName":"RGOVLZE4SI","Brand":"R-Go Tools","BrandID":14659,"ProductRelatedLocales":[{"ID":0,"Language":"FI","Preferred":0,"StartDate":"","EndDate":""}]},{"ID":0,"CategoryID":942,"Preferred":0,"IcecatID":65524526,"ProductCode":"RGOVLCA4TWSI","ThumbPic":"","ProductName":"RGOVLCA4TWSI","Brand":"R-Go Tools","BrandID":14659,"ProductRelatedLocales":[{"ID":0,"Language":"FI","Preferred":0,"StartDate":"","EndDate":""}]},{"ID":0,"CategoryID":942,"Preferred":0,"IcecatID":65516961,"ProductCode":"RGOVLCA4SI","ThumbPic":"","ProductName":"RGOVLCA4SI","Brand":"R-Go Tools","BrandID":14659,"ProductRelatedLocales":[{"ID":0,"Language":"FI","Preferred":0,"StartDate":"","EndDate":""}]},{"ID":0,"CategoryID":2918,"Preferred":0,"IcecatID":43582484,"ProductCode":"77HDMI-030","ThumbPic":"","ProductName":"77HDMI-030","Brand":"Cables Direct","BrandID":3239,"ProductRelatedLocales":[{"ID":0,"Language":"FI","Preferred":0,"StartDate":"","EndDate":""}]},{"ID":0,"CategoryID":2918,"Preferred":0,"IcecatID":15522343,"ProductCode":"99HDHS-101H","ThumbPic":"","ProductName":"1.5m HDMI, M - M","Brand":"Cables Direct","BrandID":3239,"ProductRelatedLocales":[{"ID":0,"Language":"FI","Preferred":0,"StartDate":"","EndDate":""}]}],"CatalogObjectCloud":{"ProductPage":{"QRCodeURL":"https://qr.icecat.biz/coc/864d229e-cb8c-4c2b-ae92-5ebbe1e583bb","URL":"https://coc.icecat.biz/864d229e-cb8c-4c2b-ae92-5ebbe1e583bb"}},"Variants":[],"ProductStory":[],"Dictionary":{"model_name":"Tuotenimi","desc":"Kuvaus","ean_code":"EAN/UPC-koodi","flash360":"3D-esittely","demo_msg_part3":"Jos sinulla ei ole Icecat-k&auml;ytt&auml;j&auml;tili&auml;, ole hyv&auml; ja rekister&ouml;idy maksutta t&auml;&auml;lt&auml;.","repairability_index":"Repairability index","zoom_panel_init":"Alkuper&auml;inen koko","cat_name":"Ryhm&auml;","product_family":"Tuoteperhe","back_to_top":"Takaisin yl&ouml;s","zoom_panel_out":"Loitonna","specs":"Tekniset tiedot","eu_product_fiche":"EU-tuoteseloste","reviews_head_name":"Arvostelut","pdf_specs":"Tuote-esite","zoom_panel_in":"L&auml;henn&auml;","html_content":"","release_date":"Julkaisup&auml;iv&auml;","demo_msg_part1":"K&auml;yt&auml;t t&auml;ll&auml; hetkell&auml; demo-k&auml;ytt&auml;j&auml;tili&auml;. Ole hyv&auml; ja k&auml;yt&auml; omaa Icecat-k&auml;ytt&auml;j&auml;tili&auml;si.","demo_insert_desc":"This is a demo of a seamless insert of an Icecat LIVE product data-sheet in your website. Imagine that this responsive data-sheet is included in the product page of your webshop.","pdf_url":"K&auml;ytt&ouml;opas","prod_code":"Tuotekoodi","supplier_name":"Tuotemerkki","video":"Video","reasons_to_buy":"Syitä ostaa","marketing_text":"Kuvaus","options_head_name":"Vaihtoehdot","product_series":"Tuotesarja","demo_msg_part2":"Icecat k&auml;ytt&auml;j&auml;tunnuksesi","link_integrate_desk":"Kuinka integroida Icecat LIVE JavaScript.","zoom_panel_dragg":"Hiirell&auml; vet&auml;minen","eu_energy_label":"EU-energiamerkintä"},"DemoAccount":false}}