{"msg":"OK","data":{"GeneralInfo":{"IcecatId":120902488,"ReleaseDate":"","EndOfLifeDate":"","Title":"Philips 6000 series 49B2U6903CH/01 tietokoneen litteä näyttö 124,5 cm (49\") 5120 x 1440 pikseliä Dual QHD LCD Harmaa","TitleInfo":{"GeneratedIntTitle":"Philips 6000 series 49B2U6903CH/01 computer monitor","GeneratedLocalTitle":{"Value":"Philips 6000 series 49B2U6903CH/01 tietokoneen litteä näyttö 124,5 cm (49\") 5120 x 1440 pikseliä Dual QHD LCD Harmaa","Language":"FI"},"BrandLocalTitle":{"Value":"","Language":"FI"}},"Brand":"Philips","BrandID":"25","BrandLogo":"https://images.icecat.biz/img/brand/thumb/25_c26c0239c23244eaaccd8bb3e8990a9e.jpg","BrandInfo":{"BrandName":"Philips","BrandLocalName":"","BrandLogo":"https://images.icecat.biz/img/brand/thumb/25_c26c0239c23244eaaccd8bb3e8990a9e.jpg"},"ProductName":"49B2U6903CH/01","ProductNameInfo":{"ProductIntName":"49B2U6903CH/01","ProductLocalName":{"Value":"","Language":"FI"}},"BrandPartCode":"49B2U6903CH/01","GTIN":["8712581804770"],"Category":{"CategoryID":"222","Name":{"Value":"Litteät tietokonenäytöt","Language":"FI"}},"ProductFamily":{"ProductFamilyID":"64668","Value":"6000 series","Language":"EN"},"ProductSeries":{"SeriesID":"1"},"Description":{"ID":"95609685","LongDesc":"Tässä Philips Thunderbolt™ 4 -näytössä on kaikki, mitä etäyhteistyötilaan tarvitaan. Sen web-kameran uudet ominaisuudet, kuten automaattinen kehystäminen ja Varattu-valo vievät videoneuvottelut aivan uudelle tasolle.","LongProductName":"Curved Business monitor 49B2U6903CH 32:9 SuperWide Thunderbolt™ 4 -näyttö","MiddleDesc":"","Disclaimer":"","ManualPDFURL":"https://objects.icecat.biz/objects/mmo_120902488_1753343339_9697_2490715.pdf","ManualPDFSize":"12976438","LeafletPDFURL":"","PDFSize":"0","URL":"https://mmdmonitors.com/","WarrantyInfo":"","Updated":"2024-06-24 02:48:56","Language":"FI"},"SummaryDescription":{"ShortSummaryDescription":"Philips 6000 series 49B2U6903CH/01, 124,5 cm (49\"), 5120 x 1440 pikseliä, Dual QHD, LCD, 4 ms, Harmaa","LongSummaryDescription":"Philips 6000 series 49B2U6903CH/01. Näytön halkaisija: 124,5 cm (49\"), Näytön erottelutarkkuus: 5120 x 1440 pikseliä, HD-tyyppi: Dual QHD, Näytön teknologia: LCD, Vasteaika (tyypillinen): 4 ms, Vakiokuvasuhde: 32:9, Katselukulma, vaakasuora: 178°, Katselukulma, pystysuora: 178°. Sisäiset kaiuttimet. Sisäänrakennettu USB-keskus, USB-keskuksen versio: 3.2 Gen 2 (3.1 Gen 2). VESA-kiinnitys, Korkeudensäätö. Tuotteen väri: Harmaa"},"BulletPoints":{},"GeneratedBulletPoints":{"Language":"FI","Values":["124,5 cm (49\") LCD VA","Dual QHD 5120 x 1440 pikseliä 32:9","100 Hz 4 ms 450 cd/m² 3000:1","F 42 kWh 41,85 W"]},"GTINs":[{"GTIN":"8712581804770","IsApproved":true}]},"Image":{"HighPic":"https://images.icecat.biz/img/gallery/956cd25889afc564ff70796b886f567cdba68590.jpg","HighPicSize":"706531","HighPicHeight":"2000","HighPicWidth":"2000","LowPic":"https://images.icecat.biz/img/gallery_lows/0f340dec2332d13c743c9ac7c1c69f8134c65a44.jpg","LowPicSize":"17985","LowPicHeight":"200","LowPicWidth":"200","Pic500x500":"https://images.icecat.biz/img/gallery_mediums/3a6b1d77bb4c7f55071b8847c7e28cf5eec2c424.jpg","Pic500x500Size":"79724","Pic500x500Height":"500","Pic500x500Width":"500","ThumbPic":"https://images.icecat.biz/img/gallery_thumbs/4fcd81703fbc2beecc34d77b05b6c79f93ccd72d.jpg","ThumbPicSize":"4214"},"Multimedia":[{"ID":"B940B053-0D6E-4703-817D-E80CC8A5F102","URL":"https://objects.icecat.biz/objects/mmo_120902488_1738811237_6637_2713804.pdf","Type":"other digital assets","ContentType":"application/pdf","KeepAsUrl":"0","Description":"49B2U6903CH/01_QSG_fi_FI","Size":"3385476","IsPrivate":"0","Updated":"2025-02-06 04:07:17","Language":"FI","IsVideo":0},{"ID":"DE0CA381-65D9-48DC-9DEE-CDB67D21E2B3","URL":"https://objects.icecat.biz/objects/mmo_120902488_1753343339_9697_2490715.pdf","Type":"manual pdf","ContentType":"application/pdf","KeepAsUrl":"0","Description":"K&auml;ytt&ouml;opas","Size":"12976438","IsPrivate":"0","Updated":"2025-07-24 09:49:00","Language":"FI","IsVideo":0},{"ID":"15ADBCD1-2BAA-425A-A53C-F129DC52BDD9","URL":"https://objects.icecat.biz/objects/mmo_120902488_1752396188_1505_291160.pdf","Type":"EU Energy Label","ContentType":"application/pdf","KeepAsUrl":"0","Description":"EU-energiamerkintä","Size":"77125","IsPrivate":"0","Updated":"2025-08-10 23:35:12","Language":"","IsVideo":0,"EprelLink":"https://eprel.ec.europa.eu/qr/1969913","LabelType":"rescaled","ConvertedURL":"https://objects.icecat.biz/objects/120902488_65649152.jpeg","ConvertedContentType":"image/jpeg","ConvertedSize":227996,"EprelId":1969913},{"ID":"00000000-0000-0000-0000-000000000000","URL":"https://icecat.biz/rest/product-pdf?productId=120902488&lang=fi","Type":"leaflet","ContentType":"application/pdf","KeepAsUrl":"0","Description":"Brochure Philips 49B2U6903CH/01","Size":"0","IsPrivate":"0","Updated":"2025-09-10 13:45:35","Language":"FI","IsVideo":0}],"Gallery":[{"ID":"117307251","LowPic":"https://images.icecat.biz/img/gallery_lows/0f340dec2332d13c743c9ac7c1c69f8134c65a44.jpg","LowSize":"17985","LowHeight":"200","LowWidth":"200","ThumbPic":"https://images.icecat.biz/img/gallery_thumbs/4fcd81703fbc2beecc34d77b05b6c79f93ccd72d.jpg","ThumbPicSize":"4214","Pic":"https://images.icecat.biz/img/gallery/956cd25889afc564ff70796b886f567cdba68590.jpg","Size":"706531","PicHeight":"2000","PicWidth":"2000","Pic500x500":"https://images.icecat.biz/img/gallery_mediums/3a6b1d77bb4c7f55071b8847c7e28cf5eec2c424.jpg","Pic500x500Size":"79724","Pic500x500Height":"500","Pic500x500Width":"500","No":"1","IsMain":"Y","Updated":"2025-09-11 22:48:46","IsPrivate":"0","Type":"ProductImage","Attributes":{"OriginalFileName":""}},{"ID":"112443189","LowPic":"https://images.icecat.biz/img/gallery_lows/2e9796ebb96e7f6ae13709132190ad1a0753f8bf.jpg","LowSize":"19673","LowHeight":"200","LowWidth":"200","ThumbPic":"https://images.icecat.biz/img/gallery_thumbs/55edc8ce4e3750534fd41ef7f04b981336af7aed.jpg","ThumbPicSize":"4784","Pic":"https://images.icecat.biz/img/gallery/3c16f0dcb0f287df7fea1f3525f0e2af762909a2.jpg","Size":"719383","PicHeight":"2000","PicWidth":"2000","Pic500x500":"https://images.icecat.biz/img/gallery_mediums/2b83848953e6a696e941d20e9151f34368868552.jpg","Pic500x500Size":"89156","Pic500x500Height":"500","Pic500x500Width":"500","No":"2","IsMain":"N","Updated":"2025-09-11 22:48:46","IsPrivate":"0","Type":"ProductImage","Attributes":{"OriginalFileName":""}},{"ID":"113005645","LowPic":"https://images.icecat.biz/img/gallery_lows/4ad63a3c332a4a8739e84e0f0d42c17c79bb19db.jpg","LowSize":"21646","LowHeight":"200","LowWidth":"200","ThumbPic":"https://images.icecat.biz/img/gallery_thumbs/9ed05d7be033ba2cb3c838ff7ebf00e02de4c885.jpg","ThumbPicSize":"4818","Pic":"https://images.icecat.biz/img/gallery/4cc9311ccf7ff1afa2f32b31fd4e5c52b203f615.jpg","Size":"817135","PicHeight":"2000","PicWidth":"2000","Pic500x500":"https://images.icecat.biz/img/gallery_mediums/493750bbc4ca4ab022e723880a05a9f8e01eceaa.jpg","Pic500x500Size":"94214","Pic500x500Height":"500","Pic500x500Width":"500","No":"3","IsMain":"N","Updated":"2025-09-11 22:48:46","IsPrivate":"0","Type":"ProductImage","Attributes":{"OriginalFileName":""}},{"ID":"113005647","LowPic":"https://images.icecat.biz/img/gallery_lows/23b093a79d2c61460f73beef1d340ce5890bf234.jpg","LowSize":"23302","LowHeight":"200","LowWidth":"200","ThumbPic":"https://images.icecat.biz/img/gallery_thumbs/362288174d3ae89f03a23d205031d317e708563a.jpg","ThumbPicSize":"5933","Pic":"https://images.icecat.biz/img/gallery/0f1ade3848e036f34a1e8a0e3c7be27ce90491b4.jpg","Size":"887865","PicHeight":"2000","PicWidth":"2000","Pic500x500":"https://images.icecat.biz/img/gallery_mediums/2cafe332d3738afe8a7e3ddf77af366ecd410bb6.jpg","Pic500x500Size":"92499","Pic500x500Height":"500","Pic500x500Width":"500","No":"4","IsMain":"N","Updated":"2025-09-11 22:48:46","IsPrivate":"0","Type":"ProductImage","Attributes":{"OriginalFileName":""}},{"ID":"113005648","LowPic":"https://images.icecat.biz/img/gallery_lows/5d0411e6968c23363fff80779bda48974296d4a7.jpg","LowSize":"11361","LowHeight":"200","LowWidth":"200","ThumbPic":"https://images.icecat.biz/img/gallery_thumbs/501c83a61eed75ed2264064d7eba619e6838cd1f.jpg","ThumbPicSize":"3230","Pic":"https://images.icecat.biz/img/gallery/02f8aa828f8f89b942f1a95ab01cea41c287537f.jpg","Size":"498111","PicHeight":"2000","PicWidth":"2000","Pic500x500":"https://images.icecat.biz/img/gallery_mediums/85c3785e680207e1c5836fdcf3b606d7bf6e4be3.jpg","Pic500x500Size":"46454","Pic500x500Height":"500","Pic500x500Width":"500","No":"5","IsMain":"N","Updated":"2025-09-11 22:48:46","IsPrivate":"0","Type":"ProductImage","Attributes":{"OriginalFileName":""}},{"ID":"92704768","LowPic":"https://images.icecat.biz/img/gallery_lows/8f0fe239ac7c3090af172373930fc857db9c4789.jpg","LowSize":"8224","LowHeight":"123","LowWidth":"200","ThumbPic":"https://images.icecat.biz/img/gallery_thumbs/c7e0632fbebd4748b683e3b87f08cf8b7af42ac2.jpg","ThumbPicSize":"2492","Pic":"https://images.icecat.biz/img/gallery/6eb95a5ba6f6872d1b327c185b8179b0706818a6.jpg","Size":"347351","PicHeight":"1181","PicWidth":"1920","Pic500x500":"https://images.icecat.biz/img/gallery_mediums/25688244a2a5f810bf3d5789a8da9e70d37dce42.jpg","Pic500x500Size":"35363","Pic500x500Height":"308","Pic500x500Width":"500","No":"6","IsMain":"N","Updated":"2025-09-11 22:48:46","IsPrivate":"0","Type":"ProductImage","Attributes":{"OriginalFileName":""}},{"ID":"108034232","LowPic":"https://images.icecat.biz/img/gallery_lows/49d2e0c5a17cec6708957558cdc4036d1faf780e.jpg","LowSize":"15646","LowHeight":"197","LowWidth":"200","ThumbPic":"https://images.icecat.biz/img/gallery_thumbs/362a11f0d969ede8319668ff97349cb8d84503ca.jpg","ThumbPicSize":"3813","Pic":"https://images.icecat.biz/img/gallery/f21ed64b94ec68a47b236127f3b07cebddf1b3ad.jpg","Size":"258599","PicHeight":"1181","PicWidth":"1200","Pic500x500":"https://images.icecat.biz/img/gallery_mediums/f2b96f9f4ba8ae43f90c3563d0ade4c682e3ea8a.jpg","Pic500x500Size":"65709","Pic500x500Height":"492","Pic500x500Width":"500","No":"7","IsMain":"N","Updated":"2025-09-11 22:48:46","IsPrivate":"0","Type":"ProductImage","Attributes":{"OriginalFileName":""}},{"ID":"108034234","LowPic":"https://images.icecat.biz/img/gallery_lows/16873509ac2412824fdd204a5370f7bc6a2ca68f.jpg","LowSize":"8423","LowHeight":"197","LowWidth":"200","ThumbPic":"https://images.icecat.biz/img/gallery_thumbs/d27090f279fbc9a20cc074f1902b38fbfb5a2d9f.jpg","ThumbPicSize":"2410","Pic":"https://images.icecat.biz/img/gallery/53c85a36f5753e0fbe7845c7c77b5885ac52a91e.jpg","Size":"124224","PicHeight":"1181","PicWidth":"1200","Pic500x500":"https://images.icecat.biz/img/gallery_mediums/640493426f7186d9ef637f4cc675ea6f55bd9af3.jpg","Pic500x500Size":"32819","Pic500x500Height":"492","Pic500x500Width":"500","No":"8","IsMain":"N","Updated":"2025-09-11 22:48:46","IsPrivate":"0","Type":"ProductImage","Attributes":{"OriginalFileName":""}},{"ID":"108034235","LowPic":"https://images.icecat.biz/img/gallery_lows/05bfe26dc34d6dca45dc4f0db1d4e8770651c900.jpg","LowSize":"19163","LowHeight":"197","LowWidth":"200","ThumbPic":"https://images.icecat.biz/img/gallery_thumbs/e32612737d7e0248e29b4ca3100b1c5dbe9afeb9.jpg","ThumbPicSize":"4307","Pic":"https://images.icecat.biz/img/gallery/790c60fa2cedef678d42f634dcfce631df19daee.jpg","Size":"321834","PicHeight":"1181","PicWidth":"1200","Pic500x500":"https://images.icecat.biz/img/gallery_mediums/955b16cdfadcc5a80f7490b5f9b3938118414e87.jpg","Pic500x500Size":"81248","Pic500x500Height":"492","Pic500x500Width":"500","No":"9","IsMain":"N","Updated":"2025-09-11 22:48:46","IsPrivate":"0","Type":"ProductImage","Attributes":{"OriginalFileName":""}},{"ID":"92589376","LowPic":"https://images.icecat.biz/img/gallery_lows/813cc3aa87caca1c5aedf86cca20102c13f5efe8.jpg","LowSize":"35073","LowHeight":"133","LowWidth":"200","ThumbPic":"https://images.icecat.biz/img/gallery_thumbs/aa40e715715f7d09b75bcfeef826cf2b955a473f.jpg","ThumbPicSize":"7744","Pic":"https://images.icecat.biz/img/gallery/4946bf384753777f1dd8792fd491bd8cad018a01.jpg","Size":"11694619","PicHeight":"4856","PicWidth":"7299","Pic500x500":"https://images.icecat.biz/img/gallery_mediums/8d8b1aaa09c534dd22880b599cb055f6018d8856.jpg","Pic500x500Size":"145517","Pic500x500Height":"333","Pic500x500Width":"500","No":"10","IsMain":"N","Updated":"2025-09-11 22:48:46","IsPrivate":"0","Type":"ProductImage","Attributes":{"OriginalFileName":""}},{"ID":"108034233","LowPic":"https://images.icecat.biz/img/gallery_lows/2fcd820746582d6c942c816b639533ede272d498.jpg","LowSize":"11462","LowHeight":"197","LowWidth":"200","ThumbPic":"https://images.icecat.biz/img/gallery_thumbs/dd36e20e41a58323d2581a324b7dac9e4bd4b7f6.jpg","ThumbPicSize":"3068","Pic":"https://images.icecat.biz/img/gallery/21ede985018419b00e78119505fd90ef787dfb0b.jpg","Size":"194884","PicHeight":"1181","PicWidth":"1200","Pic500x500":"https://images.icecat.biz/img/gallery_mediums/736ac040cf78c2759cc5e61cca183a6644bde042.jpg","Pic500x500Size":"48373","Pic500x500Height":"492","Pic500x500Width":"500","No":"11","IsMain":"N","Updated":"2025-09-11 22:48:46","IsPrivate":"0","Type":"ProductImage","Attributes":{"OriginalFileName":""}},{"ID":"108034236","LowPic":"https://images.icecat.biz/img/gallery_lows/afed984da41694bf7b2ec7c9eebcd64752c14680.jpg","LowSize":"7227","LowHeight":"200","LowWidth":"200","ThumbPic":"https://images.icecat.biz/img/gallery_thumbs/23c5f4888cce0cce0946161bafdbdeb660b3592d.jpg","ThumbPicSize":"1949","Pic":"https://images.icecat.biz/img/gallery/f36cce61246a73a01517c6f2c6fc6f9cd01d9438.jpg","Size":"92673","PicHeight":"1200","PicWidth":"1200","Pic500x500":"https://images.icecat.biz/img/gallery_mediums/b103c4cb057bce2c02d972ff08dec260aea70224.jpg","Pic500x500Size":"26875","Pic500x500Height":"500","Pic500x500Width":"500","No":"12","IsMain":"N","Updated":"2025-09-11 22:48:46","IsPrivate":"0","Type":"ProductImage","Attributes":{"OriginalFileName":""}}],"FeaturesGroups":[{"ID":100,"SortNo":"50","FeatureGroup":{"ID":"5","Name":{"Value":"Näyttö","Language":"FI"}},"Features":[{"Localized":0,"ID":670927279,"LocalID":0,"Type":"numerical","Value":"49","CategoryFeatureId":"11608","CategoryFeatureGroupID":"100","SortNo":"1000","PresentationValue":"124,5 cm (49\")","RawValue":"49","LocalValue":"124,5","Description":"Tämän tuotteen näytön koko, ilmaistuna diagonaalin tuumina.","Mandatory":"1","Searchable":"1","Optional":"0","Feature":{"ID":"944","Sign":"","Measure":{"ID":"16","Sign":"","Signs":{"ID":"3161","_":"\"","Language":"FI"}},"Name":{"Value":"Näytön halkaisija","Language":"FI"}}},{"Localized":0,"ID":670914720,"LocalID":0,"Type":"2d","Value":"5120 x 1440","CategoryFeatureId":"9316","CategoryFeatureGroupID":"100","SortNo":"990","PresentationValue":"5120 x 1440 pikseliä","RawValue":"5120 x 1440","LocalValue":"5120 x 1440","Description":"Järjestelmän näytön resoluutio.","Mandatory":"1","Searchable":"1","Optional":"0","Feature":{"ID":"1585","Sign":"","Measure":{"ID":"39","Sign":"","Signs":{"ID":"13827","_":"pikseliä","Language":"FI"}},"Name":{"Value":"Näytön erottelutarkkuus","Language":"FI"}}},{"Localized":0,"ID":670927316,"LocalID":0,"Type":"dropdown","Value":"Dual QHD","CategoryFeatureId":"74099","CategoryFeatureGroupID":"100","SortNo":"980","PresentationValue":"Dual QHD","RawValue":"Dual QHD","LocalValue":"Dual QHD","Description":"Type of supported High Definition (e.g. Full HD, 4K Ultra HD).","Mandatory":"1","Searchable":"0","Optional":"0","Feature":{"ID":"11424","Sign":"","Measure":{"ID":"29","Sign":"","Signs":{"ID":"","_":"","Language":"FI"}},"Name":{"Value":"HD-tyyppi","Language":"FI"}}},{"Localized":0,"ID":670914718,"LocalID":0,"Type":"dropdown","Value":"32:9","CategoryFeatureId":"155124","CategoryFeatureGroupID":"100","SortNo":"970","PresentationValue":"32:9","RawValue":"32:9","LocalValue":"32:9","Description":"The aspect ratio is the ratio of the width of an image to its height. The native aspect ratio is the one which the projector/display is particularly designed for. Images shown in native aspect ratio will utilize the entire resolution of the display and achieve maximum brightness. Images shown in other than native aspect ratio will always have less resolution and less brightness than images shown in native aspect ratio.","Mandatory":"1","Searchable":"1","Optional":"0","Feature":{"ID":"11417","Sign":"","Measure":{"ID":"29","Sign":"","Signs":{"ID":"","_":"","Language":"FI"}},"Name":{"Value":"Vakiokuvasuhde","Language":"FI"}}},{"Localized":0,"ID":670927280,"LocalID":0,"Type":"dropdown","Value":"LCD","CategoryFeatureId":"57158","CategoryFeatureGroupID":"100","SortNo":"960","PresentationValue":"LCD","RawValue":"LCD","LocalValue":"LCD","Description":"The technology used in the display e.g. plasma","Mandatory":"1","Searchable":"1","Optional":"0","Feature":{"ID":"9713","Sign":"","Measure":{"ID":"29","Sign":"","Signs":{"ID":"","_":"","Language":"FI"}},"Name":{"Value":"Näytön teknologia","Language":"FI"}}},{"Localized":0,"ID":670927335,"LocalID":0,"Type":"dropdown","Value":"VA","CategoryFeatureId":"255240","CategoryFeatureGroupID":"100","SortNo":"950","PresentationValue":"VA","RawValue":"VA","LocalValue":"VA","Description":"","Mandatory":"1","Searchable":"0","Optional":"0","Feature":{"ID":"15285","Sign":"","Measure":{"ID":"29","Sign":"","Signs":{"ID":"","_":"","Language":"FI"}},"Name":{"Value":"Paneelin tyyppi","Language":"FI"}}},{"Localized":0,"ID":670927336,"LocalID":0,"Type":"y_n","Value":"Y","CategoryFeatureId":"920723","CategoryFeatureGroupID":"100","SortNo":"941","PresentationValue":"Kyllä","RawValue":"Y","LocalValue":"Kyllä","Description":"A backlight is a form of illumination used in liquid crystal displays (LCDs). One type of backlight is made by LEDs","Mandatory":"0","Searchable":"0","Optional":"0","Feature":{"ID":"6784","Sign":"","Measure":{"ID":"26","Sign":"","Signs":{"ID":"","_":"","Language":"FI"}},"Name":{"Value":"LED-taustavalo","Language":"FI"}}},{"Localized":0,"ID":670927337,"LocalID":0,"Type":"dropdown","Value":"W-LED","CategoryFeatureId":"57198","CategoryFeatureGroupID":"100","SortNo":"940","PresentationValue":"W-LED","RawValue":"W-LED","LocalValue":"W-LED","Description":"","Mandatory":"0","Searchable":"0","Optional":"0","Feature":{"ID":"7369","Sign":"","Measure":{"ID":"29","Sign":"","Signs":{"ID":"","_":"","Language":"FI"}},"Name":{"Value":"Taustavalon tyyppi","Language":"FI"}}},{"Localized":0,"ID":670927418,"LocalID":0,"Type":"numerical","Value":"500","CategoryFeatureId":"255213","CategoryFeatureGroupID":"100","SortNo":"890","PresentationValue":"500 cd/m²","RawValue":"500","LocalValue":"500","Description":"","Mandatory":"0","Searchable":"0","Optional":"0","Feature":{"ID":"36440","Sign":"","Measure":{"ID":"43","Sign":"","Signs":{"ID":"13831","_":"cd/m²","Language":"FI"}},"Name":{"Value":"Näytön kirkkaus (terävin)","Language":"FI"}}},{"Localized":0,"ID":670927419,"LocalID":0,"Type":"numerical","Value":"450","CategoryFeatureId":"255214","CategoryFeatureGroupID":"100","SortNo":"880","PresentationValue":"450 cd/m²","RawValue":"450","LocalValue":"450","Description":"Display brightness, measured by its Luminance, presented as a figure in nits. Typical brightness ratings for monitors range from 250 to 350 nits with a target value of between 80 to 120 nits being suitable for most displays in a normal viewing environment.","Mandatory":"0","Searchable":"0","Optional":"0","Feature":{"ID":"36441","Sign":"","Measure":{"ID":"43","Sign":"","Signs":{"ID":"13831","_":"cd/m²","Language":"FI"}},"Name":{"Value":"Näytön kirkkaus (tavallinen)","Language":"FI"}}},{"Localized":0,"ID":670927421,"LocalID":0,"Type":"numerical","Value":"4","CategoryFeatureId":"5285","CategoryFeatureGroupID":"100","SortNo":"870","PresentationValue":"4 ms","RawValue":"4","LocalValue":"4","Description":"Vasteaika määritellään aikaerona kun lähde (esimerkiksi video-kortti) lähettää signaalin, ja että laite (esimerkiksi näyttö) vastaanottaa tai näyttää signaalin. (Käytetyt lyhenteet: R / F = Rise and Fall.)","Mandatory":"1","Searchable":"0","Optional":"0","Feature":{"ID":"1516","Sign":"","Measure":{"ID":"27","Sign":"","Signs":{"ID":"13816","_":"ms","Language":"FI"}},"Name":{"Value":"Vasteaika (tyypillinen)","Language":"FI"}}},{"Localized":0,"ID":670927440,"LocalID":0,"Type":"y_n","Value":"Y","CategoryFeatureId":"594924","CategoryFeatureGroupID":"100","SortNo":"850","PresentationValue":"Kyllä","RawValue":"Y","LocalValue":"Kyllä","Description":"Antaa aina optimaalisen näkymän, jopa suorassa auringonvalossa.","Mandatory":"0","Searchable":"0","Optional":"0","Feature":{"ID":"10443","Sign":"","Measure":{"ID":"26","Sign":"","Signs":{"ID":"","_":"","Language":"FI"}},"Name":{"Value":"Häikäisemätön näyttö","Language":"FI"}}},{"Localized":0,"ID":670927441,"LocalID":0,"Type":"dropdown","Value":"Curved screen","CategoryFeatureId":"133269","CategoryFeatureGroupID":"100","SortNo":"840","PresentationValue":"Kaareva","RawValue":"Curved screen","LocalValue":"Kaareva","Description":"","Mandatory":"1","Searchable":"0","Optional":"0","Feature":{"ID":"17554","Sign":"","Measure":{"ID":"29","Sign":"","Signs":{"ID":"","_":"","Language":"FI"}},"Name":{"Value":"Näytön muoto","Language":"FI"}}},{"Localized":0,"ID":835275091,"LocalID":0,"Type":"dropdown","Value":"1800R","CategoryFeatureId":"595332","CategoryFeatureGroupID":"100","SortNo":"830","PresentationValue":"1800R","RawValue":"1800R","LocalValue":"1800R","Description":"","Mandatory":"0","Searchable":"0","Optional":"0","Feature":{"ID":"42456","Sign":"","Measure":{"ID":"29","Sign":"","Signs":{"ID":"","_":"","Language":"FI"}},"Name":{"Value":"Näytön kaarevuusarvo","Language":"FI"}}},{"Localized":0,"ID":670927486,"LocalID":0,"Type":"contrast ratio","Value":"3000:1","CategoryFeatureId":"4943","CategoryFeatureGroupID":"100","SortNo":"790","PresentationValue":"3000:1","RawValue":"3000:1","LocalValue":"3000:1","Description":"Valon intensiteetin ero kirkkaimman valkoisen ja tummimman mustan välillä.","Mandatory":"1","Searchable":"0","Optional":"0","Feature":{"ID":"34","Sign":"","Measure":{"ID":"29","Sign":"","Signs":{"ID":"","_":"","Language":"FI"}},"Name":{"Value":"Kontrastisuhde (tyypillinen)","Language":"FI"}}},{"Localized":0,"ID":670927487,"LocalID":0,"Type":"contrast ratio","Value":"80000000:1","CategoryFeatureId":"31337","CategoryFeatureGroupID":"100","SortNo":"780","PresentationValue":"80000000:1","RawValue":"80000000:1","LocalValue":"80000000:1","Description":"A property of a display system","Mandatory":"0","Searchable":"0","Optional":"0","Feature":{"ID":"6087","Sign":"","Measure":{"ID":"29","Sign":"","Signs":{"ID":"","_":"","Language":"FI"}},"Name":{"Value":"Kontrastisuhde (dynaaminen)","Language":"FI"}}},{"Localized":0,"ID":670927505,"LocalID":0,"Type":"numerical","Value":"100","CategoryFeatureId":"183826","CategoryFeatureGroupID":"100","SortNo":"760","PresentationValue":"100 Hz","RawValue":"100","LocalValue":"100","Description":"","Mandatory":"1","Searchable":"0","Optional":"0","Feature":{"ID":"7450","Sign":"","Measure":{"ID":"36","Sign":"","Signs":{"ID":"13824","_":"Hz","Language":"FI"}},"Name":{"Value":"Suurin päivitystaajuus","Language":"FI"}}},{"Localized":0,"ID":670927507,"LocalID":0,"Type":"numerical","Value":"178","CategoryFeatureId":"4940","CategoryFeatureGroupID":"100","SortNo":"750","PresentationValue":"178°","RawValue":"178","LocalValue":"178","Description":"Maximum horizontal angle at which a display can be viewed with acceptable visual performance.","Mandatory":"0","Searchable":"0","Optional":"0","Feature":{"ID":"37","Sign":"","Measure":{"ID":"32","Sign":"","Signs":{"ID":"13820","_":"°","Language":"FI"}},"Name":{"Value":"Katselukulma, vaakasuora","Language":"FI"}}},{"Localized":0,"ID":670927526,"LocalID":0,"Type":"numerical","Value":"178","CategoryFeatureId":"4941","CategoryFeatureGroupID":"100","SortNo":"740","PresentationValue":"178°","RawValue":"178","LocalValue":"178","Description":"Maximum vertical angle at which a display can be viewed with acceptable visual performance.","Mandatory":"0","Searchable":"0","Optional":"0","Feature":{"ID":"38","Sign":"","Measure":{"ID":"32","Sign":"","Signs":{"ID":"13820","_":"°","Language":"FI"}},"Name":{"Value":"Katselukulma, pystysuora","Language":"FI"}}},{"Localized":0,"ID":670927546,"LocalID":0,"Type":"dropdown","Value":"1.07 billion colours","CategoryFeatureId":"154116","CategoryFeatureGroupID":"100","SortNo":"730","PresentationValue":"1,07 miljardia väriä","RawValue":"1.07 billion colours","LocalValue":"1,07 miljardia väriä","Description":"","Mandatory":"1","Searchable":"0","Optional":"0","Feature":{"ID":"24847","Sign":"","Measure":{"ID":"29","Sign":"","Signs":{"ID":"","_":"","Language":"FI"}},"Name":{"Value":"Näyttövärejä","Language":"FI"}}},{"Localized":0,"ID":670927565,"LocalID":0,"Type":"2d","Value":"0.2328 x 0.2328","CategoryFeatureId":"1992","CategoryFeatureGroupID":"100","SortNo":"700","PresentationValue":"0,2328 x 0,2328 mm","RawValue":"0.2328 x 0.2328","LocalValue":"0,233 x 0,233","Description":"Tämä on kuvaputken parametsi, joka määrittää  kahden samaa väriä olevan pisteen lyhyimmän etäisyyden toisistaan. Periaate on: mitä pienempi pisteväli, sitä parempi kuvan terävyys.","Mandatory":"0","Searchable":"0","Optional":"0","Feature":{"ID":"32","Sign":"","Measure":{"ID":"24","Sign":"","Signs":{"ID":"13815","_":"mm","Language":"FI"}},"Name":{"Value":"Kuvapikselitiheys","Language":"FI"}}},{"Localized":0,"ID":670927566,"LocalID":0,"Type":"numerical","Value":"109","CategoryFeatureId":"103245","CategoryFeatureGroupID":"100","SortNo":"690","PresentationValue":"109 ppi","RawValue":"109","LocalValue":"109","Description":"","Mandatory":"0","Searchable":"0","Optional":"0","Feature":{"ID":"13246","Sign":"","Measure":{"ID":"243","Sign":"","Signs":{"ID":"14522","_":"ppi","Language":"FI"}},"Name":{"Value":"Pikselitiheys","Language":"FI"}}},{"Localized":0,"ID":670927605,"LocalID":0,"Type":"range","Value":"30 - 200","CategoryFeatureId":"2548","CategoryFeatureGroupID":"100","SortNo":"680","PresentationValue":"30 - 200 kHz","RawValue":"30 - 200","LocalValue":"30 - 200","Description":"","Mandatory":"0","Searchable":"0","Optional":"0","Feature":{"ID":"35","Sign":"","Measure":{"ID":"31","Sign":"","Signs":{"ID":"13819","_":"kHz","Language":"FI"}},"Name":{"Value":"Skannausalue (vaaka)","Language":"FI"}}},{"Localized":0,"ID":670927606,"LocalID":0,"Type":"range","Value":"48 - 120","CategoryFeatureId":"4931","CategoryFeatureGroupID":"100","SortNo":"670","PresentationValue":"48 - 120 Hz","RawValue":"48 - 120","LocalValue":"48 - 120","Description":"","Mandatory":"0","Searchable":"0","Optional":"0","Feature":{"ID":"90","Sign":"","Measure":{"ID":"36","Sign":"","Signs":{"ID":"13824","_":"Hz","Language":"FI"}},"Name":{"Value":"Skannausalue (pysty)","Language":"FI"}}},{"Localized":0,"ID":670927608,"LocalID":0,"Type":"numerical","Value":"1191.936","CategoryFeatureId":"4938","CategoryFeatureGroupID":"100","SortNo":"660","PresentationValue":"119,2 cm","RawValue":"1191.936","LocalValue":"119,2","Description":"Katseltavissa oleva kuvakoko on usein jonkin verran pienempi kuin näytön todellinen koko, koska kuvan ympärillä on rajaus.","Mandatory":"0","Searchable":"0","Optional":"0","Feature":{"ID":"91","Sign":"","Measure":{"ID":"24","Sign":"","Signs":{"ID":"13815","_":"mm","Language":"FI"}},"Name":{"Value":"Kuvakoko, vaaka","Language":"FI"}}},{"Localized":0,"ID":670927626,"LocalID":0,"Type":"numerical","Value":"335.232","CategoryFeatureId":"4939","CategoryFeatureGroupID":"100","SortNo":"650","PresentationValue":"33,5 cm","RawValue":"335.232","LocalValue":"33,5","Description":"","Mandatory":"0","Searchable":"0","Optional":"0","Feature":{"ID":"92","Sign":"","Measure":{"ID":"24","Sign":"","Signs":{"ID":"13815","_":"mm","Language":"FI"}},"Name":{"Value":"Kuvakoko, pysty","Language":"FI"}}},{"Localized":0,"ID":670927627,"LocalID":0,"Type":"y_n","Value":"Y","CategoryFeatureId":"253280","CategoryFeatureGroupID":"100","SortNo":"580","PresentationValue":"Kyllä","RawValue":"Y","LocalValue":"Kyllä","Description":"","Mandatory":"0","Searchable":"0","Optional":"0","Feature":{"ID":"36310","Sign":"","Measure":{"ID":"26","Sign":"","Signs":{"ID":"","_":"","Language":"FI"}},"Name":{"Value":"HDR-tuettu","Language":"FI"}}},{"Localized":0,"ID":670927646,"LocalID":0,"Type":"multi_dropdown","Value":"High Dynamic Range (HDR) 400","CategoryFeatureId":"594925","CategoryFeatureGroupID":"100","SortNo":"570","PresentationValue":"High Dynamic Range (HDR) 400","RawValue":"High Dynamic Range (HDR) 400","LocalValue":"High Dynamic Range (HDR) 400","Description":"","Mandatory":"0","Searchable":"0","Optional":"0","Feature":{"ID":"40712","Sign":"","Measure":{"ID":"29","Sign":"","Signs":{"ID":"","_":"","Language":"FI"}},"Name":{"Value":"Korkeadynaaminen teknologia-alue (HDR)","Language":"FI"}}},{"Localized":0,"ID":670927647,"LocalID":0,"Type":"y_n","Value":"Y","CategoryFeatureId":"103243","CategoryFeatureGroupID":"100","SortNo":"560","PresentationValue":"Kyllä","RawValue":"Y","LocalValue":"Kyllä","Description":"","Mandatory":"0","Searchable":"0","Optional":"0","Feature":{"ID":"17862","Sign":"","Measure":{"ID":"26","Sign":"","Signs":{"ID":"","_":"","Language":"FI"}},"Name":{"Value":"DDC/CI","Language":"FI"}}},{"Localized":0,"ID":670927668,"LocalID":0,"Type":"numerical","Value":"25","CategoryFeatureId":"904227","CategoryFeatureGroupID":"100","SortNo":"540","PresentationValue":"25%","RawValue":"25","LocalValue":"25","Description":"","Mandatory":"0","Searchable":"0","Optional":"0","Feature":{"ID":"28526","Sign":"","Measure":{"ID":"64","Sign":"","Signs":{"ID":"47","_":"%","Language":"EN"}},"Name":{"Value":"Haze rate","Language":"FI"}}},{"Localized":0,"ID":670927669,"LocalID":0,"Type":"dropdown","Value":"3H","CategoryFeatureId":"163809","CategoryFeatureGroupID":"100","SortNo":"530","PresentationValue":"3H","RawValue":"3H","LocalValue":"3H","Description":"","Mandatory":"0","Searchable":"0","Optional":"0","Feature":{"ID":"26001","Sign":"","Measure":{"ID":"29","Sign":"","Signs":{"ID":"","_":"","Language":"FI"}},"Name":{"Value":"Pinnan kovuus","Language":"FI"}}},{"Localized":0,"ID":670927686,"LocalID":0,"Type":"numerical","Value":"97","CategoryFeatureId":"228629","CategoryFeatureGroupID":"100","SortNo":"450","PresentationValue":"97%","RawValue":"97","LocalValue":"97","Description":"","Mandatory":"0","Searchable":"0","Optional":"0","Feature":{"ID":"33817","Sign":"","Measure":{"ID":"64","Sign":"","Signs":{"ID":"47","_":"%","Language":"EN"}},"Name":{"Value":"NTSC-kattavuus (tyypillinen)","Language":"FI"}}}]},{"ID":10681,"SortNo":"45","FeatureGroup":{"ID":"184","Name":{"Value":"Suorituskyky","Language":"FI"}},"Features":[{"Localized":0,"ID":670927859,"LocalID":0,"Type":"y_n","Value":"Y","CategoryFeatureId":"335537","CategoryFeatureGroupID":"10681","SortNo":"920","PresentationValue":"Kyllä","RawValue":"Y","LocalValue":"Kyllä","Description":"","Mandatory":"0","Searchable":"0","Optional":"0","Feature":{"ID":"41573","Sign":"","Measure":{"ID":"26","Sign":"","Signs":{"ID":"","_":"","Language":"FI"}},"Name":{"Value":"VESA Adaptive Sync -tuki","Language":"FI"}}}]},{"ID":10887,"SortNo":"40","FeatureGroup":{"ID":"186","Name":{"Value":"Multimedia","Language":"FI"}},"Features":[{"Localized":0,"ID":670927992,"LocalID":0,"Type":"numerical","Value":"2","CategoryFeatureId":"207681","CategoryFeatureGroupID":"10887","SortNo":"10000680","PresentationValue":"2","RawValue":"2","LocalValue":"2","Description":"The quantity of speakers included in/with the product.","Mandatory":"0","Searchable":"0","Optional":"0","Feature":{"ID":"10183","Sign":"","Measure":{"ID":"29","Sign":"","Signs":{"ID":"","_":"","Language":"FI"}},"Name":{"Value":"Kaiuttimien lukumäärä","Language":"FI"}}},{"Localized":0,"ID":670928008,"LocalID":0,"Type":"numerical","Value":"10","CategoryFeatureId":"17100","CategoryFeatureGroupID":"10887","SortNo":"10000670","PresentationValue":"10 W","RawValue":"10","LocalValue":"10","Description":"RMS (Root mean square) is a measure of the continuous power required by a device","Mandatory":"0","Searchable":"0","Optional":"0","Feature":{"ID":"1854","Sign":"","Measure":{"ID":"44","Sign":"","Signs":{"ID":"13832","_":"W","Language":"FI"}},"Name":{"Value":"Nimellisteho RMS","Language":"FI"}}},{"Localized":0,"ID":670927990,"LocalID":0,"Type":"y_n","Value":"Y","CategoryFeatureId":"31341","CategoryFeatureGroupID":"10887","SortNo":"700","PresentationValue":"Kyllä","RawValue":"Y","LocalValue":"Kyllä","Description":"The device contains speaker(s) to produce sound.","Mandatory":"1","Searchable":"1","Optional":"0","Feature":{"ID":"2433","Sign":"","Measure":{"ID":"26","Sign":"","Signs":{"ID":"","_":"","Language":"FI"}},"Name":{"Value":"Sisäiset kaiuttimet","Language":"FI"}}},{"Localized":0,"ID":670928009,"LocalID":0,"Type":"numerical","Value":"5","CategoryFeatureId":"31470","CategoryFeatureGroupID":"10887","SortNo":"660","PresentationValue":"5 MP","RawValue":"5","LocalValue":"5","Description":"Megapikselit:  valoherkkien kuvaelementtien määrä (miljoonia), tai pikseliä, joita kameran kuvakenno (CCD) käyttää valon tallentamiseen, ja jotka heijastuvat lopullisen määrän tallennettuja pikseleitä muistikortille.","Mandatory":"0","Searchable":"0","Optional":"0","Feature":{"ID":"63","Sign":"","Measure":{"ID":"165","Sign":"","Signs":{"ID":"13942","_":"MP","Language":"FI"}},"Name":{"Value":"Megapikselit","Language":"FI"}}},{"Localized":0,"ID":670928269,"LocalID":0,"Type":"y_n","Value":"Y","CategoryFeatureId":"36489","CategoryFeatureGroupID":"10887","SortNo":"650","PresentationValue":"Kyllä","RawValue":"Y","LocalValue":"Kyllä","Description":"Microphone that is found inside the product.","Mandatory":"0","Searchable":"0","Optional":"0","Feature":{"ID":"1025","Sign":"","Measure":{"ID":"26","Sign":"","Signs":{"ID":"","_":"","Language":"FI"}},"Name":{"Value":"Kiinteä mikrofoni","Language":"FI"}}},{"Localized":0,"ID":670927991,"LocalID":0,"Type":"y_n","Value":"Y","CategoryFeatureId":"67278","CategoryFeatureGroupID":"10887","SortNo":"590","PresentationValue":"Kyllä","RawValue":"Y","LocalValue":"Kyllä","Description":"Tuotessa on integroitu kamera.","Mandatory":"1","Searchable":"1","Optional":"0","Feature":{"ID":"8074","Sign":"","Measure":{"ID":"26","Sign":"","Signs":{"ID":"","_":"","Language":"FI"}},"Name":{"Value":"Sisäänrakennettu kamera","Language":"FI"}}}]},{"ID":10677,"SortNo":"35","FeatureGroup":{"ID":"148","Name":{"Value":"Suunnittelu","Language":"FI"}},"Features":[{"Localized":0,"ID":670928068,"LocalID":0,"Type":"dropdown","Value":"Business","CategoryFeatureId":"245761","CategoryFeatureGroupID":"10677","SortNo":"800","PresentationValue":"Yritys","RawValue":"Business","LocalValue":"Yritys","Description":"Under which category can the device be positioned in the market, e.g. camera phone.","Mandatory":"1","Searchable":"1","Optional":"0","Feature":{"ID":"9021","Sign":"","Measure":{"ID":"29","Sign":"","Signs":{"ID":"","_":"","Language":"FI"}},"Name":{"Value":"Asema markkinoilla","Language":"FI"}}},{"Localized":0,"ID":670928069,"LocalID":0,"Type":"dropdown","Value":"Grey","CategoryFeatureId":"11218","CategoryFeatureGroupID":"10677","SortNo":"790","PresentationValue":"Harmaa","RawValue":"Grey","LocalValue":"Harmaa","Description":"The colour e.g. red","Mandatory":"1","Searchable":"1","Optional":"0","Feature":{"ID":"1766","Sign":"","Measure":{"ID":"29","Sign":"","Signs":{"ID":"","_":"","Language":"FI"}},"Name":{"Value":"Tuotteen väri","Language":"FI"}}}]},{"ID":1742,"SortNo":"30","FeatureGroup":{"ID":"12","Name":{"Value":"Liitettävyys","Language":"FI"}},"Features":[{"Localized":0,"ID":670928124,"LocalID":0,"Type":"y_n","Value":"Y","CategoryFeatureId":"139339","CategoryFeatureGroupID":"1742","SortNo":"900","PresentationValue":"Kyllä","RawValue":"Y","LocalValue":"Kyllä","Description":"Whether or not the device features a USB hub to connect more than one other device via USB.","Mandatory":"1","Searchable":"1","Optional":"0","Feature":{"ID":"22838","Sign":"","Measure":{"ID":"26","Sign":"","Signs":{"ID":"","_":"","Language":"FI"}},"Name":{"Value":"Sisäänrakennettu USB-keskus","Language":"FI"}}},{"Localized":0,"ID":670928125,"LocalID":0,"Type":"dropdown","Value":"3.2 Gen 2 (3.1 Gen 2)","CategoryFeatureId":"139340","CategoryFeatureGroupID":"1742","SortNo":"890","PresentationValue":"3.2 Gen 2 (3.1 Gen 2)","RawValue":"3.2 Gen 2 (3.1 Gen 2)","LocalValue":"3.2 Gen 2 (3.1 Gen 2)","Description":"","Mandatory":"0","Searchable":"0","Optional":"0","Feature":{"ID":"22839","Sign":"","Measure":{"ID":"29","Sign":"","Signs":{"ID":"","_":"","Language":"FI"}},"Name":{"Value":"USB-keskuksen versio","Language":"FI"}}},{"Localized":0,"ID":670928139,"LocalID":0,"Type":"numerical","Value":"1","CategoryFeatureId":"682735","CategoryFeatureGroupID":"1742","SortNo":"850","PresentationValue":"1","RawValue":"1","LocalValue":"1","Description":"","Mandatory":"0","Searchable":"0","Optional":"0","Feature":{"ID":"42594","Sign":"","Measure":{"ID":"29","Sign":"","Signs":{"ID":"","_":"","Language":"FI"}},"Name":{"Value":"USB C-tyypin upstream-porttien lukumäärä","Language":"FI"}}},{"Localized":0,"ID":670928126,"LocalID":0,"Type":"numerical","Value":"4","CategoryFeatureId":"139347","CategoryFeatureGroupID":"1742","SortNo":"840","PresentationValue":"4","RawValue":"4","LocalValue":"4","Description":"","Mandatory":"0","Searchable":"0","Optional":"0","Feature":{"ID":"22842","Sign":"","Measure":{"ID":"29","Sign":"","Signs":{"ID":"","_":"","Language":"FI"}},"Name":{"Value":"USB A-tyypin downstream -porttien määrä","Language":"FI"}}},{"Localized":0,"ID":670928140,"LocalID":0,"Type":"numerical","Value":"1","CategoryFeatureId":"139349","CategoryFeatureGroupID":"1742","SortNo":"830","PresentationValue":"1","RawValue":"1","LocalValue":"1","Description":"","Mandatory":"0","Searchable":"0","Optional":"0","Feature":{"ID":"22843","Sign":"","Measure":{"ID":"29","Sign":"","Signs":{"ID":"","_":"","Language":"FI"}},"Name":{"Value":"USB C-tyypin downstream -porttien määrä","Language":"FI"}}},{"Localized":0,"ID":835276109,"LocalID":0,"Type":"y_n","Value":"Y","CategoryFeatureId":"326833","CategoryFeatureGroupID":"1742","SortNo":"820","PresentationValue":"Kyllä","RawValue":"Y","LocalValue":"Kyllä","Description":"","Mandatory":"0","Searchable":"0","Optional":"0","Feature":{"ID":"31406","Sign":"","Measure":{"ID":"26","Sign":"","Signs":{"ID":"","_":"","Language":"FI"}},"Name":{"Value":"USB Type-C DisplayPort Alternate Mode","Language":"FI"}}},{"Localized":0,"ID":670928141,"LocalID":0,"Type":"y_n","Value":"Y","CategoryFeatureId":"308911","CategoryFeatureGroupID":"1742","SortNo":"810","PresentationValue":"Kyllä","RawValue":"Y","LocalValue":"Kyllä","Description":"","Mandatory":"0","Searchable":"0","Optional":"0","Feature":{"ID":"34351","Sign":"","Measure":{"ID":"26","Sign":"","Signs":{"ID":"","_":"","Language":"FI"}},"Name":{"Value":"USB Power Delivery","Language":"FI"}}},{"Localized":0,"ID":670928154,"LocalID":0,"Type":"numerical","Value":"100","CategoryFeatureId":"308914","CategoryFeatureGroupID":"1742","SortNo":"800","PresentationValue":"100 W","RawValue":"100","LocalValue":"100","Description":"","Mandatory":"0","Searchable":"0","Optional":"0","Feature":{"ID":"38616","Sign":"","Measure":{"ID":"44","Sign":"","Signs":{"ID":"13832","_":"W","Language":"FI"}},"Name":{"Value":"USB Power Delivery asti","Language":"FI"}}},{"Localized":0,"ID":670927353,"LocalID":0,"Type":"y_n","Value":"Y","CategoryFeatureId":"37850","CategoryFeatureGroupID":"1742","SortNo":"740","PresentationValue":"Kyllä","RawValue":"Y","LocalValue":"Kyllä","Description":"HDMI (High-Definition Multimedia Interface) is a compact audio/video interface for transferring uncompressed video data and compressed/uncompressed digital audio data from a HDMI-compliant device (\"the source device\") to a compatible computer monitor","Mandatory":"1","Searchable":"0","Optional":"0","Feature":{"ID":"5620","Sign":"","Measure":{"ID":"26","Sign":"","Signs":{"ID":"","_":"","Language":"FI"}},"Name":{"Value":"HDMI","Language":"FI"}}},{"Localized":0,"ID":670927355,"LocalID":0,"Type":"numerical","Value":"2","CategoryFeatureId":"20882","CategoryFeatureGroupID":"1742","SortNo":"730","PresentationValue":"2","RawValue":"2","LocalValue":"2","Description":"HDMI (High-Definition Multimedia Interface)-porttien määrä. HDMI on kompakti audio / video liitäntä, joka siirtää pakkaamatonta digitaalista audio / video tietoja HDMI-yhteensopivista laite (\"lähde\" ​​tai \"input\")  yhteensopiviin digitaalisiin äänilaitteisiin, tietokonenäyttöihin, videoprojektoreihin ja digitaalisiin televisioihin.","Mandatory":"0","Searchable":"0","Optional":"0","Feature":{"ID":"3566","Sign":"","Measure":{"ID":"29","Sign":"","Signs":{"ID":"","_":"","Language":"FI"}},"Name":{"Value":"HDMI-porttien lukumäärä","Language":"FI"}}},{"Localized":0,"ID":670927373,"LocalID":0,"Type":"dropdown","Value":"2.0","CategoryFeatureId":"270899","CategoryFeatureGroupID":"1742","SortNo":"720","PresentationValue":"2.0","RawValue":"2.0","LocalValue":"2.0","Description":"","Mandatory":"0","Searchable":"0","Optional":"0","Feature":{"ID":"5452","Sign":"","Measure":{"ID":"29","Sign":"","Signs":{"ID":"","_":"","Language":"FI"}},"Name":{"Value":"HDMI-versio","Language":"FI"}}},{"Localized":0,"ID":670927443,"LocalID":0,"Type":"numerical","Value":"1","CategoryFeatureId":"35722","CategoryFeatureGroupID":"1742","SortNo":"690","PresentationValue":"1","RawValue":"1","LocalValue":"1","Description":"Number of DisplayPorts. A DisplayPort is a digital display interface developed by the Video Electronics Standards Association (VESA). The interface is primarily used to connect a video source to a display device such as a computer monitor","Mandatory":"0","Searchable":"0","Optional":"0","Feature":{"ID":"6611","Sign":"","Measure":{"ID":"29","Sign":"","Signs":{"ID":"","_":"","Language":"FI"}},"Name":{"Value":"DisplayPort-portteja","Language":"FI"}}},{"Localized":0,"ID":670927462,"LocalID":0,"Type":"dropdown","Value":"1.4","CategoryFeatureId":"270900","CategoryFeatureGroupID":"1742","SortNo":"680","PresentationValue":"1.4","RawValue":"1.4","LocalValue":"1.4","Description":"","Mandatory":"0","Searchable":"0","Optional":"0","Feature":{"ID":"11111","Sign":"","Measure":{"ID":"29","Sign":"","Signs":{"ID":"","_":"","Language":"FI"}},"Name":{"Value":"DisplayPort versio","Language":"FI"}}},{"Localized":0,"ID":670927464,"LocalID":0,"Type":"numerical","Value":"1","CategoryFeatureId":"901699","CategoryFeatureGroupID":"1742","SortNo":"650","PresentationValue":"1","RawValue":"1","LocalValue":"1","Description":"","Mandatory":"0","Searchable":"0","Optional":"0","Feature":{"ID":"42349","Sign":"","Measure":{"ID":"29","Sign":"","Signs":{"ID":"","_":"","Language":"FI"}},"Name":{"Value":"Thunderbolt 4 -porttien määrä","Language":"FI"}}},{"Localized":0,"ID":670927484,"LocalID":0,"Type":"dropdown","Value":"Y","CategoryFeatureId":"17099","CategoryFeatureGroupID":"1742","SortNo":"620","PresentationValue":"Kyllä","RawValue":"Y","LocalValue":"Kyllä","Description":"The type of audio output that the device produces","Mandatory":"0","Searchable":"0","Optional":"0","Feature":{"ID":"1786","Sign":"","Measure":{"ID":"29","Sign":"","Signs":{"ID":"","_":"","Language":"FI"}},"Name":{"Value":"Äänen ulostulo","Language":"FI"}}},{"Localized":0,"ID":670927567,"LocalID":0,"Type":"y_n","Value":"Y","CategoryFeatureId":"26708","CategoryFeatureGroupID":"1742","SortNo":"530","PresentationValue":"Kyllä","RawValue":"Y","LocalValue":"Kyllä","Description":"High-bandwidth Digital Content Protection (HDCP) on eräänlainen digitaalinen kopiosuojaus, joka estää kopioinnin kun digitaaliset audio-ja videosisällöt kulkevat yhteyksien poikki.","Mandatory":"0","Searchable":"0","Optional":"0","Feature":{"ID":"5636","Sign":"","Measure":{"ID":"26","Sign":"","Signs":{"ID":"","_":"","Language":"FI"}},"Name":{"Value":"HDCP","Language":"FI"}}},{"Localized":0,"ID":670927586,"LocalID":0,"Type":"dropdown","Value":"1.4/2.2","CategoryFeatureId":"903350","CategoryFeatureGroupID":"1742","SortNo":"520","PresentationValue":"1.4/2.2","RawValue":"1.4/2.2","LocalValue":"1.4/2.2","Description":"","Mandatory":"0","Searchable":"0","Optional":"0","Feature":{"ID":"9814","Sign":"","Measure":{"ID":"29","Sign":"","Signs":{"ID":"","_":"","Language":"FI"}},"Name":{"Value":"HDCP versio","Language":"FI"}}}]},{"ID":65611,"SortNo":"26","FeatureGroup":{"ID":"35","Name":{"Value":"Verkko","Language":"FI"}},"Features":[{"Localized":0,"ID":835276464,"LocalID":0,"Type":"y_n","Value":"Y","CategoryFeatureId":"37844","CategoryFeatureGroupID":"65611","SortNo":"250","PresentationValue":"Kyllä","RawValue":"Y","LocalValue":"Kyllä","Description":"An Ethernet LAN (Local Area Network) interface is present","Mandatory":"0","Searchable":"0","Optional":"0","Feature":{"ID":"1347","Sign":"","Measure":{"ID":"26","Sign":"","Signs":{"ID":"","_":"","Language":"FI"}},"Name":{"Value":"Ethernet LAN","Language":"FI"}}}]},{"ID":3070,"SortNo":"25","FeatureGroup":{"ID":"96","Name":{"Value":"Ergonomia","Language":"FI"}},"Features":[{"Localized":0,"ID":670927648,"LocalID":0,"Type":"y_n","Value":"Y","CategoryFeatureId":"109688","CategoryFeatureGroupID":"3070","SortNo":"400","PresentationValue":"Kyllä","RawValue":"Y","LocalValue":"Kyllä","Description":"","Mandatory":"1","Searchable":"1","Optional":"0","Feature":{"ID":"16767","Sign":"","Measure":{"ID":"26","Sign":"","Signs":{"ID":"","_":"","Language":"FI"}},"Name":{"Value":"VESA-kiinnitys","Language":"FI"}}},{"Localized":0,"ID":670927649,"LocalID":0,"Type":"multi_dropdown","Value":"100 x 100","CategoryFeatureId":"22159","CategoryFeatureGroupID":"3070","SortNo":"390","PresentationValue":"100 x 100 mm","RawValue":"100 x 100","LocalValue":"100 x 100","Description":"The product can be used wih VESA mounting interfaces.","Mandatory":"0","Searchable":"0","Optional":"0","Feature":{"ID":"4037","Sign":"","Measure":{"ID":"24","Sign":"","Signs":{"ID":"13815","_":"mm","Language":"FI"}},"Name":{"Value":"VESA-asennusliitännät","Language":"FI"}}},{"Localized":0,"ID":670927702,"LocalID":0,"Type":"y_n","Value":"Y","CategoryFeatureId":"14296","CategoryFeatureGroupID":"3070","SortNo":"360","PresentationValue":"Kyllä","RawValue":"Y","LocalValue":"Kyllä","Description":"Holes on the edge of devices through which a cable lock can be passed","Mandatory":"1","Searchable":"0","Optional":"0","Feature":{"ID":"1352","Sign":"","Measure":{"ID":"26","Sign":"","Signs":{"ID":"","_":"","Language":"FI"}},"Name":{"Value":"Kaapelilukkopaikka","Language":"FI"}}},{"Localized":0,"ID":670927703,"LocalID":0,"Type":"multi_dropdown","Value":"Kensington","CategoryFeatureId":"252503","CategoryFeatureGroupID":"3070","SortNo":"350","PresentationValue":"Kensington","RawValue":"Kensington","LocalValue":"Kensington","Description":"","Mandatory":"0","Searchable":"0","Optional":"0","Feature":{"ID":"14097","Sign":"","Measure":{"ID":"29","Sign":"","Signs":{"ID":"","_":"","Language":"FI"}},"Name":{"Value":"Kaapelilukon aukkotyyppi","Language":"FI"}}},{"Localized":0,"ID":670927704,"LocalID":0,"Type":"y_n","Value":"Y","CategoryFeatureId":"68504","CategoryFeatureGroupID":"3070","SortNo":"340","PresentationValue":"Kyllä","RawValue":"Y","LocalValue":"Kyllä","Description":"The part of the device that can be adjusted to change the height.","Mandatory":"1","Searchable":"0","Optional":"0","Feature":{"ID":"1954","Sign":"","Measure":{"ID":"26","Sign":"","Signs":{"ID":"","_":"","Language":"FI"}},"Name":{"Value":"Korkeudensäätö","Language":"FI"}}},{"Localized":0,"ID":670927705,"LocalID":0,"Type":"numerical","Value":"150","CategoryFeatureId":"1083333","CategoryFeatureGroupID":"3070","SortNo":"330","PresentationValue":"15 cm","RawValue":"150","LocalValue":"15","Description":"","Mandatory":"0","Searchable":"0","Optional":"0","Feature":{"ID":"25138","Sign":"","Measure":{"ID":"24","Sign":"","Signs":{"ID":"13815","_":"mm","Language":"FI"}},"Name":{"Value":"Säädettävä korkeus (max)","Language":"FI"}}},{"Localized":0,"ID":670927724,"LocalID":0,"Type":"y_n","Value":"Y","CategoryFeatureId":"71482","CategoryFeatureGroupID":"3070","SortNo":"300","PresentationValue":"Kyllä","RawValue":"Y","LocalValue":"Kyllä","Description":"","Mandatory":"0","Searchable":"0","Optional":"0","Feature":{"ID":"7263","Sign":"","Measure":{"ID":"26","Sign":"","Signs":{"ID":"","_":"","Language":"FI"}},"Name":{"Value":"Kääntyvyys","Language":"FI"}}},{"Localized":0,"ID":670927725,"LocalID":0,"Type":"range","Value":"-30 - 30","CategoryFeatureId":"9092","CategoryFeatureGroupID":"3070","SortNo":"290","PresentationValue":"-30 - 30°","RawValue":"-30 - 30","LocalValue":"-30 - 30","Description":"","Mandatory":"0","Searchable":"0","Optional":"0","Feature":{"ID":"1956","Sign":"","Measure":{"ID":"32","Sign":"","Signs":{"ID":"13820","_":"°","Language":"FI"}},"Name":{"Value":"Kääntyvä kulma alue","Language":"FI"}}},{"Localized":0,"ID":670927726,"LocalID":0,"Type":"y_n","Value":"Y","CategoryFeatureId":"930782","CategoryFeatureGroupID":"3070","SortNo":"271","PresentationValue":"Kyllä","RawValue":"Y","LocalValue":"Kyllä","Description":"The tilt","Mandatory":"0","Searchable":"0","Optional":"0","Feature":{"ID":"8302","Sign":"","Measure":{"ID":"26","Sign":"","Signs":{"ID":"","_":"","Language":"FI"}},"Name":{"Value":"Korkeussäätö","Language":"FI"}}},{"Localized":0,"ID":670927741,"LocalID":0,"Type":"range","Value":"-5 - 20","CategoryFeatureId":"18150","CategoryFeatureGroupID":"3070","SortNo":"270","PresentationValue":"-5 - 20°","RawValue":"-5 - 20","LocalValue":"-5 - 20","Description":"","Mandatory":"0","Searchable":"0","Optional":"0","Feature":{"ID":"2077","Sign":"","Measure":{"ID":"32","Sign":"","Signs":{"ID":"13820","_":"°","Language":"FI"}},"Name":{"Value":"Kallistuskulma","Language":"FI"}}},{"Localized":0,"ID":670927742,"LocalID":0,"Type":"y_n","Value":"Y","CategoryFeatureId":"47992","CategoryFeatureGroupID":"3070","SortNo":"250","PresentationValue":"Kyllä","RawValue":"Y","LocalValue":"Kyllä","Description":"","Mandatory":"0","Searchable":"0","Optional":"0","Feature":{"ID":"3064","Sign":"","Measure":{"ID":"26","Sign":"","Signs":{"ID":"","_":"","Language":"FI"}},"Name":{"Value":"On Screen Display (OSD)","Language":"FI"}}},{"Localized":0,"ID":670927820,"LocalID":0,"Type":"multi_dropdown","Value":"CHI (SIMPL),CHI (TR),CZE,DEU,DUT,ENG,ESP,FIN,FRE,GRE,HUN,ITA,JPN,KOR,POL,POR,RUS,TUR,UKR","CategoryFeatureId":"22175","CategoryFeatureGroupID":"3070","SortNo":"240","PresentationValue":"Yksinkertaistettu kiina, Perinteinen kiina, Tšekki, Saksa, Hollanti, Englanti, Espanja, Suomi, Ranska, Kreikka, Unkari, Italia, Japani, Korea, Puola, Portugali, Venäjä, Turkki, Ukraina","RawValue":"CHI (SIMPL),CHI (TR),CZE,DEU,DUT,ENG,ESP,FIN,FRE,GRE,HUN,ITA,JPN,KOR,POL,POR,RUS,TUR,UKR","LocalValue":"Yksinkertaistettu kiina, Perinteinen kiina, Tšekki, Saksa, Hollanti, Englanti, Espanja, Suomi, Ranska, Kreikka, Unkari, Italia, Japani, Korea, Puola, Portugali, Venäjä, Turkki, Ukraina","Description":"","Mandatory":"0","Searchable":"0","Optional":"0","Feature":{"ID":"4275","Sign":"","Measure":{"ID":"29","Sign":"","Signs":{"ID":"","_":"","Language":"FI"}},"Name":{"Value":"Näyttökielet","Language":"FI"}}}]},{"ID":99,"SortNo":"24","FeatureGroup":{"ID":"27","Name":{"Value":"Virranhallinta","Language":"FI"}},"Features":[{"Localized":0,"ID":670927858,"LocalID":0,"Type":"dropdown","Value":"F","CategoryFeatureId":"708167","CategoryFeatureGroupID":"99","SortNo":"300","PresentationValue":"F","RawValue":"F","LocalValue":"F","Description":"","Mandatory":"1","Searchable":"0","Optional":"0","Feature":{"ID":"42856","Sign":"","Measure":{"ID":"29","Sign":"","Signs":{"ID":"","_":"","Language":"FI"}},"Name":{"Value":"Energiatehokkuusluokka (SDR)","Language":"FI"}}},{"Localized":0,"ID":670927860,"LocalID":0,"Type":"dropdown","Value":"G","CategoryFeatureId":"708168","CategoryFeatureGroupID":"99","SortNo":"290","PresentationValue":"G","RawValue":"G","LocalValue":"G","Description":"","Mandatory":"1","Searchable":"0","Optional":"0","Feature":{"ID":"42857","Sign":"","Measure":{"ID":"29","Sign":"","Signs":{"ID":"","_":"","Language":"FI"}},"Name":{"Value":"Energiatehokkuusluokka (HDR)","Language":"FI"}}},{"Localized":0,"ID":670927861,"LocalID":0,"Type":"numerical","Value":"42","CategoryFeatureId":"708169","CategoryFeatureGroupID":"99","SortNo":"280","PresentationValue":"42 kWh","RawValue":"42","LocalValue":"42","Description":"","Mandatory":"1","Searchable":"0","Optional":"0","Feature":{"ID":"42858","Sign":"","Measure":{"ID":"103","Sign":"","Signs":{"ID":"13886","_":"kWh","Language":"FI"}},"Name":{"Value":"Energiankulutus (SDR) 1 000 tuntia kohti","Language":"FI"}}},{"Localized":0,"ID":670927878,"LocalID":0,"Type":"numerical","Value":"93","CategoryFeatureId":"708170","CategoryFeatureGroupID":"99","SortNo":"270","PresentationValue":"93 kWh","RawValue":"93","LocalValue":"93","Description":"","Mandatory":"1","Searchable":"0","Optional":"0","Feature":{"ID":"42859","Sign":"","Measure":{"ID":"103","Sign":"","Signs":{"ID":"13886","_":"kWh","Language":"FI"}},"Name":{"Value":"Energiankulutus (HDR) 1 000 tuntia kohti","Language":"FI"}}},{"Localized":0,"ID":670927879,"LocalID":0,"Type":"numerical","Value":"41.85","CategoryFeatureId":"9931","CategoryFeatureGroupID":"99","SortNo":"260","PresentationValue":"41,85 W","RawValue":"41.85","LocalValue":"41,85","Description":"Virrankulutuksen määrä tällä mallilla, joka ilmaistaan ​​watteina. Tyypilliset arvot jotka valmistajat antavat ovat virrankulutus laitteen ollessa suljettuna, valmiustilassa / keskeytystilassa, tyypillisessä käyttössä ja maksimi käyttössä.","Mandatory":"1","Searchable":"0","Optional":"0","Feature":{"ID":"445","Sign":"","Measure":{"ID":"44","Sign":"","Signs":{"ID":"13832","_":"W","Language":"FI"}},"Name":{"Value":"Virrankulutus","Language":"FI"}}},{"Localized":0,"ID":670927880,"LocalID":0,"Type":"numerical","Value":"0.5","CategoryFeatureId":"9930","CategoryFeatureGroupID":"99","SortNo":"250","PresentationValue":"0,5 W","RawValue":"0.5","LocalValue":"0,5","Description":"The amount of electricity that is consumed when the product is on standby.","Mandatory":"1","Searchable":"0","Optional":"0","Feature":{"ID":"2036","Sign":"","Measure":{"ID":"44","Sign":"","Signs":{"ID":"13832","_":"W","Language":"FI"}},"Name":{"Value":"Virrankulutus valmiustilassa","Language":"FI"}}},{"Localized":0,"ID":670928217,"LocalID":0,"Type":"numerical","Value":"37.5","CategoryFeatureId":"18403","CategoryFeatureGroupID":"99","SortNo":"210","PresentationValue":"37,5 W","RawValue":"37.5","LocalValue":"37,5","Description":"","Mandatory":"0","Searchable":"0","Optional":"0","Feature":{"ID":"2035","Sign":"","Measure":{"ID":"44","Sign":"","Signs":{"ID":"13832","_":"W","Language":"FI"}},"Name":{"Value":"Virrankulutus (PowerSave)","Language":"FI"}}},{"Localized":0,"ID":670927897,"LocalID":0,"Type":"dropdown","Value":"100 - 240","CategoryFeatureId":"122959","CategoryFeatureGroupID":"99","SortNo":"200","PresentationValue":"100 - 240 V","RawValue":"100 - 240","LocalValue":"100 - 240","Description":"The voltage of the AC electricity that is inputted into the product.","Mandatory":"0","Searchable":"0","Optional":"0","Feature":{"ID":"8491","Sign":"","Measure":{"ID":"42","Sign":"","Signs":{"ID":"13830","_":"V","Language":"FI"}},"Name":{"Value":"AC-syöttöjännite","Language":"FI"}}},{"Localized":0,"ID":670927898,"LocalID":0,"Type":"dropdown","Value":"50/60","CategoryFeatureId":"122960","CategoryFeatureGroupID":"99","SortNo":"190","PresentationValue":"50/60 Hz","RawValue":"50/60","LocalValue":"50/60","Description":"","Mandatory":"0","Searchable":"0","Optional":"0","Feature":{"ID":"8484","Sign":"","Measure":{"ID":"36","Sign":"","Signs":{"ID":"13824","_":"Hz","Language":"FI"}},"Name":{"Value":"AC-syöttötaajuus","Language":"FI"}}},{"Localized":0,"ID":670927899,"LocalID":0,"Type":"dropdown","Value":"Internal","CategoryFeatureId":"120833","CategoryFeatureGroupID":"99","SortNo":"160","PresentationValue":"Sisäinen","RawValue":"Internal","LocalValue":"Sisäinen","Description":"Virtalähde (sisäinen / ulkoinen) tyyppi, jolla tuote toimii. Power Factor Correcting. CE = CE brand-yhteensopivia. Annetaessa useita arvoja (W), se on usein matala linja vs. suuri linja olosuhteisiin tarkoitettu. Useita virtalähteitä käytetään redundanssina. Kun ylimääräinen virtalähde on valinnainen tämä ilmaistaan enimmäismääränä. Virtalähteet voi olla Hot Plug tai non- Hot Plug.","Mandatory":"0","Searchable":"0","Optional":"0","Feature":{"ID":"514","Sign":"","Measure":{"ID":"29","Sign":"","Signs":{"ID":"","_":"","Language":"FI"}},"Name":{"Value":"Virtalähteen tyyppi","Language":"FI"}}},{"Localized":0,"ID":835276854,"LocalID":0,"Type":"dropdown","Value":"A to G","CategoryFeatureId":"313577","CategoryFeatureGroupID":"99","SortNo":"150","PresentationValue":"A - G","RawValue":"A to G","LocalValue":"A - G","Description":"","Mandatory":"0","Searchable":"0","Optional":"0","Feature":{"ID":"39201","Sign":"","Measure":{"ID":"29","Sign":"","Signs":{"ID":"","_":"","Language":"FI"}},"Name":{"Value":"Energiatehokkuusasteikko","Language":"FI"}}}]},{"ID":1205,"SortNo":"23","FeatureGroup":{"ID":"28","Name":{"Value":"Ympäristöolosuhteet","Language":"FI"}},"Features":[{"Localized":0,"ID":670927919,"LocalID":0,"Type":"range","Value":"0 - 40","CategoryFeatureId":"5557","CategoryFeatureGroupID":"1205","SortNo":"200","PresentationValue":"0 - 40 °C","RawValue":"0 - 40","LocalValue":"0 - 40","Description":"The minimum and maximum temperatures at which the product can be safely operated.","Mandatory":"0","Searchable":"0","Optional":"0","Feature":{"ID":"1112","Sign":"","Measure":{"ID":"65","Sign":"","Signs":{"ID":"13851","_":"°C","Language":"FI"}},"Name":{"Value":"Käyttölämpötila (T-T)","Language":"FI"}}},{"Localized":0,"ID":670927920,"LocalID":0,"Type":"range","Value":"-20 - 60","CategoryFeatureId":"5002","CategoryFeatureGroupID":"1205","SortNo":"190","PresentationValue":"-20 - 60 °C","RawValue":"-20 - 60","LocalValue":"-20 - 60","Description":"The minimum and maximum temperatures at which the product can be safely stored.","Mandatory":"0","Searchable":"0","Optional":"0","Feature":{"ID":"757","Sign":"","Measure":{"ID":"65","Sign":"","Signs":{"ID":"13851","_":"°C","Language":"FI"}},"Name":{"Value":"Varastointilämpötila","Language":"FI"}}},{"Localized":0,"ID":670927921,"LocalID":0,"Type":"range","Value":"20 - 80","CategoryFeatureId":"4997","CategoryFeatureGroupID":"1205","SortNo":"180","PresentationValue":"20 - 80%","RawValue":"20 - 80","LocalValue":"20 - 80","Description":"","Mandatory":"0","Searchable":"0","Optional":"0","Feature":{"ID":"703","Sign":"","Measure":{"ID":"64","Sign":"","Signs":{"ID":"47","_":"%","Language":"EN"}},"Name":{"Value":"Käytön suhteellinen kosteus (H-H)","Language":"FI"}}},{"Localized":0,"ID":670927940,"LocalID":0,"Type":"range","Value":"0 - 3658","CategoryFeatureId":"17175","CategoryFeatureGroupID":"1205","SortNo":"160","PresentationValue":"0 - 3658 m","RawValue":"0 - 3658","LocalValue":"0 - 3658","Description":"","Mandatory":"0","Searchable":"0","Optional":"0","Feature":{"ID":"667","Sign":"","Measure":{"ID":"54","Sign":"","Signs":{"ID":"13841","_":"m","Language":"FI"}},"Name":{"Value":"Käyttökorkeus","Language":"FI"}}},{"Localized":0,"ID":670927941,"LocalID":0,"Type":"range","Value":"3658 - 12192","CategoryFeatureId":"72545","CategoryFeatureGroupID":"1205","SortNo":"150","PresentationValue":"3658 - 12192 m","RawValue":"3658 - 12192","LocalValue":"3658 - 12192","Description":"","Mandatory":"0","Searchable":"0","Optional":"0","Feature":{"ID":"1449","Sign":"","Measure":{"ID":"54","Sign":"","Signs":{"ID":"13841","_":"m","Language":"FI"}},"Name":{"Value":"Käytön ulkopuolinen korkeus","Language":"FI"}}}]},{"ID":98,"SortNo":"21","FeatureGroup":{"ID":"14","Name":{"Value":"Paino ja mitat","Language":"FI"}},"Features":[{"Localized":0,"ID":670928028,"LocalID":0,"Type":"numerical","Value":"1193","CategoryFeatureId":"22203","CategoryFeatureGroupID":"98","SortNo":"400","PresentationValue":"1193 mm","RawValue":"1193","LocalValue":"1193","Description":"","Mandatory":"0","Searchable":"0","Optional":"0","Feature":{"ID":"4156","Sign":"","Measure":{"ID":"24","Sign":"","Signs":{"ID":"13815","_":"mm","Language":"FI"}},"Name":{"Value":"Laitteen leveys (jalustan kanssa)","Language":"FI"}}},{"Localized":0,"ID":670928029,"LocalID":0,"Type":"numerical","Value":"268","CategoryFeatureId":"22162","CategoryFeatureGroupID":"98","SortNo":"390","PresentationValue":"268 mm","RawValue":"268","LocalValue":"268","Description":"","Mandatory":"0","Searchable":"0","Optional":"0","Feature":{"ID":"4179","Sign":"","Measure":{"ID":"24","Sign":"","Signs":{"ID":"13815","_":"mm","Language":"FI"}},"Name":{"Value":"Laitteen syvyys (jalustan kanssa)","Language":"FI"}}},{"Localized":0,"ID":670928030,"LocalID":0,"Type":"numerical","Value":"586","CategoryFeatureId":"22171","CategoryFeatureGroupID":"98","SortNo":"380","PresentationValue":"586 mm","RawValue":"586","LocalValue":"586","Description":"","Mandatory":"0","Searchable":"0","Optional":"0","Feature":{"ID":"4178","Sign":"","Measure":{"ID":"24","Sign":"","Signs":{"ID":"13815","_":"mm","Language":"FI"}},"Name":{"Value":"Laitteen korkeus (jalustan kanssa)","Language":"FI"}}},{"Localized":0,"ID":670928031,"LocalID":0,"Type":"numerical","Value":"15460","CategoryFeatureId":"112042","CategoryFeatureGroupID":"98","SortNo":"370","PresentationValue":"15,5 kg","RawValue":"15460","LocalValue":"15,5","Description":"","Mandatory":"0","Searchable":"0","Optional":"0","Feature":{"ID":"19017","Sign":"","Measure":{"ID":"38","Sign":"","Signs":{"ID":"13826","_":"g","Language":"FI"}},"Name":{"Value":"Paino (jalustan kanssa)","Language":"FI"}}},{"Localized":0,"ID":670928032,"LocalID":0,"Type":"numerical","Value":"1193","CategoryFeatureId":"91400","CategoryFeatureGroupID":"98","SortNo":"360","PresentationValue":"1193 mm","RawValue":"1193","LocalValue":"1193","Description":"","Mandatory":"0","Searchable":"0","Optional":"0","Feature":{"ID":"12576","Sign":"","Measure":{"ID":"24","Sign":"","Signs":{"ID":"13815","_":"mm","Language":"FI"}},"Name":{"Value":"Leveys (ilman jalustaa)","Language":"FI"}}},{"Localized":0,"ID":670928048,"LocalID":0,"Type":"numerical","Value":"164","CategoryFeatureId":"91489","CategoryFeatureGroupID":"98","SortNo":"350","PresentationValue":"164 mm","RawValue":"164","LocalValue":"164","Description":"","Mandatory":"0","Searchable":"0","Optional":"0","Feature":{"ID":"12577","Sign":"","Measure":{"ID":"24","Sign":"","Signs":{"ID":"13815","_":"mm","Language":"FI"}},"Name":{"Value":"Syvyys (ilman jalustaa)","Language":"FI"}}},{"Localized":0,"ID":670928049,"LocalID":0,"Type":"numerical","Value":"373","CategoryFeatureId":"91538","CategoryFeatureGroupID":"98","SortNo":"340","PresentationValue":"373 mm","RawValue":"373","LocalValue":"373","Description":"","Mandatory":"0","Searchable":"0","Optional":"0","Feature":{"ID":"12574","Sign":"","Measure":{"ID":"24","Sign":"","Signs":{"ID":"13815","_":"mm","Language":"FI"}},"Name":{"Value":"Korkeus (ilman jalustaa)","Language":"FI"}}},{"Localized":0,"ID":670928067,"LocalID":0,"Type":"numerical","Value":"11820","CategoryFeatureId":"684552","CategoryFeatureGroupID":"98","SortNo":"330","PresentationValue":"11,8 kg","RawValue":"11820","LocalValue":"11,8","Description":"","Mandatory":"0","Searchable":"0","Optional":"0","Feature":{"ID":"12573","Sign":"","Measure":{"ID":"38","Sign":"","Signs":{"ID":"13826","_":"g","Language":"FI"}},"Name":{"Value":"Paino (ilman jalustaa)","Language":"FI"}}}]},{"ID":23760,"SortNo":"20","FeatureGroup":{"ID":"67","Name":{"Value":"Pakkaustiedot","Language":"FI"}},"Features":[{"Localized":0,"ID":670928081,"LocalID":0,"Type":"numerical","Value":"1290","CategoryFeatureId":"22179","CategoryFeatureGroupID":"23760","SortNo":"360","PresentationValue":"1290 mm","RawValue":"1290","LocalValue":"1290","Description":"The distance from one side of the packaging to the other.","Mandatory":"0","Searchable":"0","Optional":"0","Feature":{"ID":"3808","Sign":"","Measure":{"ID":"24","Sign":"","Signs":{"ID":"13815","_":"mm","Language":"FI"}},"Name":{"Value":"Pakkauksen leveys","Language":"FI"}}},{"Localized":0,"ID":670928082,"LocalID":0,"Type":"numerical","Value":"300","CategoryFeatureId":"22177","CategoryFeatureGroupID":"23760","SortNo":"350","PresentationValue":"300 mm","RawValue":"300","LocalValue":"300","Description":"The distance from the front to the back of the packaging.","Mandatory":"0","Searchable":"0","Optional":"0","Feature":{"ID":"3806","Sign":"","Measure":{"ID":"24","Sign":"","Signs":{"ID":"13815","_":"mm","Language":"FI"}},"Name":{"Value":"Pakkauksen syvyys","Language":"FI"}}},{"Localized":0,"ID":670928083,"LocalID":0,"Type":"numerical","Value":"475","CategoryFeatureId":"22178","CategoryFeatureGroupID":"23760","SortNo":"340","PresentationValue":"475 mm","RawValue":"475","LocalValue":"475","Description":"The distance from the top to the bottom of the packaging.","Mandatory":"0","Searchable":"0","Optional":"0","Feature":{"ID":"3807","Sign":"","Measure":{"ID":"24","Sign":"","Signs":{"ID":"13815","_":"mm","Language":"FI"}},"Name":{"Value":"Pakkauksen korkeus","Language":"FI"}}},{"Localized":0,"ID":670928084,"LocalID":0,"Type":"numerical","Value":"19540","CategoryFeatureId":"5000","CategoryFeatureGroupID":"23760","SortNo":"330","PresentationValue":"19,5 kg","RawValue":"19540","LocalValue":"19,5","Description":"Pakatun tuotteen paino grammoina.","Mandatory":"0","Searchable":"0","Optional":"0","Feature":{"ID":"762","Sign":"","Measure":{"ID":"38","Sign":"","Signs":{"ID":"13826","_":"g","Language":"FI"}},"Name":{"Value":"Pakkauksen paino","Language":"FI"}}}]},{"ID":49260,"SortNo":"19","FeatureGroup":{"ID":"116","Name":{"Value":"Pakkauksen sisältö","Language":"FI"}},"Features":[{"Localized":0,"ID":670927942,"LocalID":0,"Type":"y_n","Value":"Y","CategoryFeatureId":"123142","CategoryFeatureGroupID":"49260","SortNo":"500","PresentationValue":"Kyllä","RawValue":"Y","LocalValue":"Kyllä","Description":"","Mandatory":"0","Searchable":"0","Optional":"0","Feature":{"ID":"10505","Sign":"","Measure":{"ID":"26","Sign":"","Signs":{"ID":"","_":"","Language":"FI"}},"Name":{"Value":"Jalusta sisältyy","Language":"FI"}}},{"Localized":0,"ID":670927974,"LocalID":0,"Type":"multi_dropdown","Value":"DisplayPort,HDMI,Power,Thunderbolt","CategoryFeatureId":"16133","CategoryFeatureGroupID":"49260","SortNo":"490","PresentationValue":"DisplayPort, HDMI, Teho, Thunderbolt","RawValue":"DisplayPort,HDMI,Power,Thunderbolt","LocalValue":"DisplayPort, HDMI, Teho, Thunderbolt","Description":"","Mandatory":"0","Searchable":"0","Optional":"0","Feature":{"ID":"1830","Sign":"","Measure":{"ID":"29","Sign":"","Signs":{"ID":"","_":"","Language":"FI"}},"Name":{"Value":"Sisältää johdot","Language":"FI"}}}]},{"ID":72250,"SortNo":"5","FeatureGroup":{"ID":"279","Name":{"Value":"Kestävyys","Language":"FI"}},"Features":[{"Localized":0,"ID":670928105,"LocalID":0,"Type":"multi_dropdown","Value":"PVC/BFR","CategoryFeatureId":"624346","CategoryFeatureGroupID":"72250","SortNo":"5","PresentationValue":"PVC/BFR","RawValue":"PVC/BFR","LocalValue":"PVC/BFR","Description":"","Mandatory":"0","Searchable":"0","Optional":"0","Feature":{"ID":"42516","Sign":"","Measure":{"ID":"29","Sign":"","Signs":{"ID":"","_":"","Language":"FI"}},"Name":{"Value":"Ei sisällä","Language":"FI"}}}]},{"ID":8454,"SortNo":"-2","FeatureGroup":{"ID":"146","Name":{"Value":"Muut ominaisuudet","Language":"FI"}},"Features":[{"Localized":0,"ID":670927918,"LocalID":0,"Type":"y_n","Value":"Y","CategoryFeatureId":"799445","CategoryFeatureGroupID":"8454","SortNo":"800","PresentationValue":"Kyllä","RawValue":"Y","LocalValue":"Kyllä","Description":"","Mandatory":"0","Searchable":"0","Optional":"1","Feature":{"ID":"42069","Sign":"","Measure":{"ID":"26","Sign":"","Signs":{"ID":"","_":"","Language":"FI"}},"Name":{"Value":"HBR3-tuki","Language":"FI"}}}]}],"FeatureLogos":[{"LogoPic":"https://images.icecat.biz/img/feature_logo/978-2656.png","Width":"300","Height":"165","Size":"0","ThumbPic":"https://images.icecat.biz/img/feature_logo_thumbs/978-2656.png","FeatureID":"42856","Value":"F","KeyLogo":0}],"ReasonsToBuy":[{"ReasonToBuyID":"79606904","Value":"Tässä Philipsin telakointinäytössä on Thunderbolt 4 -yhteys. Perinteisiin USB-C-näyttöihin verrattuna Thunderbolt 4 -tekniikka takaa salamannopean tiedonsiirtonopeuden, tarkan videokuvan, ketjutuksen MST (Multi Stream Transport) -tekniikalla ja jopa 100 watin virransyötön laitteille.","HighPic":"https://images.icecat.biz/img/bullets/120902488-6678da1bee71e778396842.jpg","HighPicSize":"0","No":"85","Title":"Thunderbolt™ 4 -liitäntä: salamannopeisiin liitäntöihin","Language":"FI","Updated":"2025-03-16 12:08:18","Origin":"RTB","IsPrivate":"0"},{"ReasonToBuyID":"79402319","Value":"Philips VA -LED-näyttö käyttää edistynyttä monialueista pystykohdistusta, joka takaa erinomaisen staattisen kontrastisuhteen ja erittäin eloisan ja kirkkaan kuvan. Näyttö suoriutuu tavallisista toimistosovelluksista erinomaisesti, ja se sopii ihanteellisesti valokuvien ja elokuvien katseluun, internetin käyttöön, pelaamiseen ja vaativiin graafisiin sovelluksiin. Optimoidun pikselinhallinnan ansiosta näytössä on erittäin laaja 178/178 asteen katselukulma ja terävä kuva.","HighPic":"https://images.icecat.biz/img/bullets/120902488-66669066cf0cc898084612.jpg","HighPicSize":"0","No":"86","Title":"VA-näyttö antaa upeat kuvat ja laajat katselukulmat","Language":"FI","Updated":"2025-03-16 12:08:18","Origin":"RTB","IsPrivate":"0"},{"ReasonToBuyID":"80454942","Value":"VESA-sertifioitu DisplayHDR 400 on selvästi tavallisia SDR-näyttöjä parempi. Toisin kuin muut HDR-yhteensopivat näytöt, aito DisplayHDR 400 tuottaa upean kirkkauden, kontrastin ja värin. Näytössä on kokonaishimmennys, ja sen vähimmäiskirkkaus on 400 nitiä. Kuvissa korostuvat kirkkaat värit ja syvät, vivahteikkaat mustan sävyt. Siinä on entistä enemmän syviä uusia värejä, jotka saavat aikaan aistit vangitsevan kokemuksen.","HighPic":"https://images.icecat.biz/img/bullets/120902488-66de8eb81a564220953607.jpg","HighPicSize":"0","No":"87","Title":"DisplayHDR 400 tarjoaa eloisampaa ja upeampaa kuvanlaatua","Language":"FI","Updated":"2025-03-16 12:08:18","Origin":"RTB","IsPrivate":"0"},{"ReasonToBuyID":"80454943","Value":"Tämä tekoälyllä paranneltu ominaisuus sopii erinomaisesti usean käyttäjän videoneuvotteluihin. Kun yksi tai useampi käyttäjä liittyy web-kameranäkymään, tekoälyllä paranneltu ominaisuus säätää ja zoomautuu automaattisesti niin, että kaikki ryhmän jäsenet mahtuvat kuvaan. Vastaavasti, kun osallistujat poistuvat web-kameranäkymästä, tekoälyllä paranneltu web-kamera säätää kehyksen sen mukaisesti, mikä tekee siitä ihanteellisen pitkiin kokouksiin ja ryhmäpuheluihin.","HighPic":"https://images.icecat.biz/img/bullets/120902488-66de8eb961f33933981646.jpg","HighPicSize":"0","No":"88","Title":"Tekoälyllä paranneltu web-kameran automaattinen kehystäminen: dynaamisiin videopuheluihin.","Language":"FI","Updated":"2025-03-16 12:08:18","Origin":"RTB","IsPrivate":"0"},{"ReasonToBuyID":"79402323","Value":"Toisin kuin perinteisten sisäisten KVM-näyttöpainikkeiden tapauksessa, älykkään KVM:n avulla voit vaihtaa lähteestä toiseen vaivattomasti näppäimen painalluksella. Kun kaikki laitteet on yhdistetty oikein, käyttäjät voivat vaihtaa helposti lähteestä toiseen painamalla Ctrl-näppäintä kolme kertaa.","HighPic":"https://images.icecat.biz/img/bullets/120902488-66669072aa2d6903728488.jpg","HighPicSize":"0","No":"89","Title":"SmartKVM: helpottaa vaihtamista lähteestä toiseen.","Language":"FI","Updated":"2025-03-16 12:08:18","Origin":"RTB","IsPrivate":"0"},{"ReasonToBuyID":"79402324","Value":"Tämä ominaisuus tekee kuulokkeiden säilyttämisestä helppoa. Vedä näytön sivussa olevaa koukkua varovasti alaspäin: näin pidät työpöytäsi siistinä ja johdot järjestyksessä työtilassasi.","HighPic":"https://images.icecat.biz/img/bullets/120902488-666690754ffca294399013.jpg","HighPicSize":"0","No":"90","Title":"Kuulokekoukku: mukautettavat säilytysmahdollisuudet","Language":"FI","Updated":"2025-03-16 12:08:18","Origin":"RTB","IsPrivate":"0"},{"ReasonToBuyID":"79402325","Value":"Tämä ominaisuus tekee videoneuvotteluista paljon miellyttävämpiä. Web-kameran asentoa voi säätää edestakaisin 30 astetta, minkä ansiosta puhelut ja kokoukset onnistuvat aina kullekin käyttäjälle parhaiten sopivalla tavalla.","HighPic":"https://images.icecat.biz/img/bullets/120902488-66669077d2352858972985.jpg","HighPicSize":"0","No":"91","Title":"Säädettävä web-kamera: miellyttäviä videoneuvotteluja varten.","Language":"FI","Updated":"2025-03-16 12:08:18","Origin":"RTB","IsPrivate":"0"},{"ReasonToBuyID":"79402326","Value":"Kaareva työpöytänäyttö tekee käyttökokemuksesta entistäkin henkilökohtaisemman, sillä se asettaa käyttäjän työpöydän keskipisteeseen. Voit uppoutua täysillä näytön tapahtumiin.","HighPic":"https://images.icecat.biz/img/bullets/120902488-6666907b290af969806026.jpg","HighPicSize":"0","No":"92","Title":"Kaarevalla näytöllä vaikuttavampi kokemus","Language":"FI","Updated":"2025-03-16 12:08:18","Origin":"RTB","IsPrivate":"0"},{"ReasonToBuyID":"79402328","Value":"49 tuuman SuperWide-näytön kuvasuhde on 32:9 ja resoluutio on 5120 x 1440. Sillä on tarkoitus korvata usean näytön kokonaisuus, ja se vastaa kahta rinnakkain olevaa 27 tuuman Quad HD -näyttöä, joiden kuvasuhde on 16:9. SuperWide-näyttö tarjoaa kaksoisnäyttöä vastaavan näyttöalan.","HighPic":"https://images.icecat.biz/img/bullets/120902488-666690801fa86390219860.jpg","HighPicSize":"0","No":"93","Title":"Kuvasuhteen 32:9 SuperWide-näytöllä on tarkoitus korvata usean näytön kokonaisuus","Language":"FI","Updated":"2025-03-16 12:08:18","Origin":"RTB","IsPrivate":"0"},{"ReasonToBuyID":"79402329","Value":"Tämä ominaisuus tehostaa niin yksityisyyttä kuin yhteistyömahdollisuuksiakin kiireisessä toimistossa. Käyttäjät voivat kertoa olevansa varattuja painamalla Busylight-painiketta, joka sijaitsee näytön vasemmassa alakulmassa. Web-kameran valo muuttuu tällöin punaiseksi. Busylight-ominaisuus voidaan lisäksi synkronoida käyttäjän Microsoft Teams -tilaan.","HighPic":"https://images.icecat.biz/img/bullets/120902488-66669082e1764812588830.jpg","HighPicSize":"0","No":"94","Title":"Busylight-valo: työtilan määrittämiseen","Language":"FI","Updated":"2025-03-16 12:08:18","Origin":"RTB","IsPrivate":"0"},{"ReasonToBuyID":"83135332","Value":"Tässä Philips-näytössä on kiinteä 5 megapikselin web-kamera, vastamelumikrofoni ja kaiuttimet, joten se sopii erinomaisesti etätyöskentelyyn ja etäyhteistyöhön. Edistyneiden Windows Hello -kasvojentunnistusanturien ansiosta voit kirjautua Windows-laitteisiin kätevästi alle 2 sekunnissa. Fyysinen kameran kytkin takaa tietoturvan, kun kameraa ei käytetä. Vastamelumikrofoni ja 5 watin integroidut kaiuttimet varmistavat selkeän viestinnän.","HighPic":"https://images.icecat.biz/img/bullets/120902488-67a42a219c308095096195.jpg","HighPicSize":"0","No":"95","Title":"Yhteistyöhön sopiva web-kamera ja vastamelumikrofoni.","Language":"FI","Updated":"2025-03-16 12:08:18","Origin":"RTB","IsPrivate":"0"},{"ReasonToBuyID":"81544508","Value":"Näytön PowerSensor 2 -toiminto vähentää energiankulutusta seuraamalla käyttäjän etäisyyttä näytöstä. Kun OSD-asetukseksi on valittu Käyttäjä, Windows 11 -käyttöjärjestelmän asetuksia on vielä säädettävä, jotta toiminto toimii odotetulla tavalla. Kun säädöt on tehty, näyttö ja yhdistetty tietokone tai kannettava tietokone heräävät lepotilasta käyttäjän lähestyessä ja siirtyvät lepotilaan käyttäjän poistuessa tietokoneen äärestä. Näin näytön käytössäoloaikaa voidaan vähentää merkittävästi. Tunnistusetäisyydeksi voi valita 50, 75 tai 120 cm käyttäjän tietokoneesta. Huomioi, että toiminto vaatii Windows 11 -käyttöjärjestelmän.","HighPic":"https://images.icecat.biz/img/bullets/120902488-6728317552b79175720133.jpg","HighPicSize":"0","No":"96","Title":"PowerSensor 2: optimoituun energiatehokkuuteen","Language":"FI","Updated":"2025-03-16 12:08:18","Origin":"RTB","IsPrivate":"0"}],"Reviews":[],"ProductRelated":[{"ID":0,"CategoryID":942,"Preferred":0,"IcecatID":66052550,"ProductCode":"RGOVLZE4TWSI","ThumbPic":"","ProductName":"RGOVLZE4TWSI","Brand":"R-Go Tools","BrandID":14659,"ProductRelatedLocales":[{"ID":0,"Language":"FI","Preferred":0,"StartDate":"","EndDate":""}]},{"ID":0,"CategoryID":942,"Preferred":0,"IcecatID":66034473,"ProductCode":"RGOVLZE4SI","ThumbPic":"","ProductName":"RGOVLZE4SI","Brand":"R-Go Tools","BrandID":14659,"ProductRelatedLocales":[{"ID":0,"Language":"FI","Preferred":0,"StartDate":"","EndDate":""}]},{"ID":0,"CategoryID":942,"Preferred":0,"IcecatID":65524526,"ProductCode":"RGOVLCA4TWSI","ThumbPic":"","ProductName":"RGOVLCA4TWSI","Brand":"R-Go Tools","BrandID":14659,"ProductRelatedLocales":[{"ID":0,"Language":"FI","Preferred":0,"StartDate":"","EndDate":""}]},{"ID":0,"CategoryID":942,"Preferred":0,"IcecatID":65516961,"ProductCode":"RGOVLCA4SI","ThumbPic":"","ProductName":"RGOVLCA4SI","Brand":"R-Go Tools","BrandID":14659,"ProductRelatedLocales":[{"ID":0,"Language":"FI","Preferred":0,"StartDate":"","EndDate":""}]},{"ID":0,"CategoryID":2918,"Preferred":0,"IcecatID":43582484,"ProductCode":"77HDMI-030","ThumbPic":"","ProductName":"77HDMI-030","Brand":"Cables Direct","BrandID":3239,"ProductRelatedLocales":[{"ID":0,"Language":"FI","Preferred":0,"StartDate":"","EndDate":""}]},{"ID":0,"CategoryID":2918,"Preferred":0,"IcecatID":15522343,"ProductCode":"99HDHS-101H","ThumbPic":"","ProductName":"1.5m HDMI, M - M","Brand":"Cables Direct","BrandID":3239,"ProductRelatedLocales":[{"ID":0,"Language":"FI","Preferred":0,"StartDate":"","EndDate":""}]}],"CatalogObjectCloud":{"ProductPage":{"QRCodeURL":"https://qr.icecat.biz/coc/f97f9f4a-593b-44b4-8b3d-636ec3207660","URL":"https://coc.icecat.biz/f97f9f4a-593b-44b4-8b3d-636ec3207660"}},"Variants":[],"ProductStory":[],"Dictionary":{"model_name":"Tuotenimi","desc":"Kuvaus","ean_code":"EAN/UPC-koodi","flash360":"3D-esittely","demo_msg_part3":"Jos sinulla ei ole Icecat-k&auml;ytt&auml;j&auml;tili&auml;, ole hyv&auml; ja rekister&ouml;idy maksutta t&auml;&auml;lt&auml;.","repairability_index":"Repairability index","zoom_panel_init":"Alkuper&auml;inen koko","cat_name":"Ryhm&auml;","product_family":"Tuoteperhe","back_to_top":"Takaisin yl&ouml;s","zoom_panel_out":"Loitonna","specs":"Tekniset tiedot","eu_product_fiche":"EU-tuoteseloste","reviews_head_name":"Arvostelut","pdf_specs":"Tuote-esite","zoom_panel_in":"L&auml;henn&auml;","html_content":"","release_date":"Julkaisup&auml;iv&auml;","demo_msg_part1":"K&auml;yt&auml;t t&auml;ll&auml; hetkell&auml; demo-k&auml;ytt&auml;j&auml;tili&auml;. Ole hyv&auml; ja k&auml;yt&auml; omaa Icecat-k&auml;ytt&auml;j&auml;tili&auml;si.","demo_insert_desc":"This is a demo of a seamless insert of an Icecat LIVE product data-sheet in your website. Imagine that this responsive data-sheet is included in the product page of your webshop.","pdf_url":"K&auml;ytt&ouml;opas","prod_code":"Tuotekoodi","supplier_name":"Tuotemerkki","video":"Video","reasons_to_buy":"Syitä ostaa","marketing_text":"Kuvaus","options_head_name":"Vaihtoehdot","product_series":"Tuotesarja","demo_msg_part2":"Icecat k&auml;ytt&auml;j&auml;tunnuksesi","link_integrate_desk":"Kuinka integroida Icecat LIVE JavaScript.","zoom_panel_dragg":"Hiirell&auml; vet&auml;minen","eu_energy_label":"EU-energiamerkintä"},"DemoAccount":false}}