{"msg":"OK","data":{"GeneralInfo":{"IcecatId":100731286,"ReleaseDate":"","EndOfLifeDate":"","Title":"Belcando Adult GF Beef 12,5 kg Aikuinen Naudanliha","TitleInfo":{"GeneratedIntTitle":"Belcando Adult GF Beef","GeneratedLocalTitle":{"Value":"Belcando Adult GF Beef 12,5 kg Aikuinen Naudanliha","Language":"FI"},"BrandLocalTitle":{"Value":"","Language":"FI"}},"Brand":"Belcando","BrandID":"32628","BrandLogo":"","BrandInfo":{"BrandName":"Belcando","BrandLocalName":"","BrandLogo":""},"ProductName":"Adult GF Beef","ProductNameInfo":{"ProductIntName":"Adult GF Beef","ProductLocalName":{"Value":"","Language":"FI"}},"BrandPartCode":"556625","GTIN":["4002633556622"],"Category":{"CategoryID":"3398","Name":{"Value":"Koiran kuivamuona","Language":"FI"}},"ProductFamily":{},"ProductSeries":{"SeriesID":"1"},"Description":{"ID":"104044730","LongDesc":"Ihanteellinen ravinto koiralle, jolla on gluteeni- tai vilja-allergia – hyvä vaihtoehto siipikarjalle. Reseptissä, joka kehitettiin kokonaisvaltaisen ruokavaliokonseptin mukaisesti, vilja on korvattu laadukkaalla amarantilla, jossa on huomattavasti enemmän tärkeitä ravintoaineita (proteiinia, välttämätöntä aminohappoa lysiiniä, tyydyttymättömiä rasvahappoja, mineraaleja ja hivenaineita). Tuoreen lihan suuri osuus tekee Adult GF Beef -ruoasta todellisen nautinnon jopa nirsojen koirien makuaistille. Proteiini- ja rasvapitoisuus on mukautettu kaiken rotuisten aikuisten, perusaktiivisten koirien tarpeisiin.<br><br>Eläinproteiinin osuus kokonaisproteiinista: 75 % (Nauta 60 %, kala 15 %)","LongProductName":"Adult GF Beef, 12.5kg","MiddleDesc":"","Disclaimer":"","ManualPDFURL":"","ManualPDFSize":"0","LeafletPDFURL":"","PDFSize":"0","URL":"https://fi.belcando.com/belcando-adult-gf-beef","WarrantyInfo":"","Updated":"2025-09-09 12:24:16","Language":"FI"},"SummaryDescription":{"ShortSummaryDescription":"Belcando Adult GF Beef, Aikuinen, Kaikille roduille, Naudanliha, 12,5 kg","LongSummaryDescription":"Belcando Adult GF Beef. Lemmikin elämänvaihe: Aikuinen, Koirarotu: Kaikille roduille, Lemmikinruoan maku: Naudanliha, Paino: 12,5 kg, Ei sisällä viljaa"},"BulletPoints":{"BulletPointsId":"13609000","Language":"FI","Values":["Aikuisille normaaliaktiivisille koirille","Ei siipikarjan lihaa","Naudanlihan kanssa"],"Updated":"2025-09-09 12:24:16"},"GeneratedBulletPoints":{},"GTINs":[{"GTIN":"4002633556622","IsApproved":true}]},"Image":{"HighPic":"https://inishop.com/img/gallery/100731286_0027930427.jpg","HighPicSize":"298690","HighPicHeight":"800","HighPicWidth":"361","LowPic":"https://inishop.com/img/gallery_lows/100731286_0027930427.jpg","LowPicSize":"24034","LowPicHeight":"200","LowPicWidth":"90","Pic500x500":"https://inishop.com/img/gallery_mediums/100731286_0027930427.jpg","Pic500x500Size":"123534","Pic500x500Height":"500","Pic500x500Width":"226","ThumbPic":"https://inishop.com/img/gallery_thumbs/100731286_0027930427.jpg","ThumbPicSize":"5171"},"Multimedia":[],"Gallery":[{"ID":"64847314","LowPic":"https://inishop.com/img/gallery_lows/100731286_0027930427.jpg","LowSize":"24034","LowHeight":"200","LowWidth":"90","ThumbPic":"https://inishop.com/img/gallery_thumbs/100731286_0027930427.jpg","ThumbPicSize":"5171","Pic":"https://inishop.com/img/gallery/100731286_0027930427.jpg","Size":"298690","PicHeight":"800","PicWidth":"361","Pic500x500":"https://inishop.com/img/gallery_mediums/100731286_0027930427.jpg","Pic500x500Size":"123534","Pic500x500Height":"500","Pic500x500Width":"226","No":"2","IsMain":"Y","Updated":"2022-07-24 12:34:47","IsPrivate":"0","Type":"ProductImage","Attributes":{"OriginalFileName":""}},{"ID":"64847315","LowPic":"https://inishop.com/img/gallery_lows/100731404_4854681583.jpg","LowSize":"48661","LowHeight":"200","LowWidth":"200","ThumbPic":"https://inishop.com/img/gallery_thumbs/100731404_4854681583.jpg","ThumbPicSize":"9046","Pic":"https://inishop.com/img/gallery/100731404_4854681583.jpg","Size":"541901","PicHeight":"800","PicWidth":"800","Pic500x500":"https://inishop.com/img/gallery_mediums/100731404_4854681583.jpg","Pic500x500Size":"256693","Pic500x500Height":"500","Pic500x500Width":"500","No":"3","IsMain":"N","Updated":"2024-03-11 09:14:46","IsPrivate":"0","Type":"ProductImage","Attributes":{"OriginalFileName":""}},{"ID":"117096944","LowPic":"https://inishop.com/img/gallery_lows/6f3c814fd073bf4ca44bd8053614f3368575b6b7.jpg","LowSize":"42734","LowHeight":"200","LowWidth":"200","ThumbPic":"https://inishop.com/img/gallery_thumbs/c4367ed3740338c3aa0f8cf7a2dc1049abb9fcdd.jpg","ThumbPicSize":"8812","Pic":"https://inishop.com/img/gallery/00369b36710d9cc582721b7be440ca5e6dda3894.jpg","Size":"339885","PicHeight":"800","PicWidth":"800","Pic500x500":"https://inishop.com/img/gallery_mediums/112aca073abe04cfe00bffef3e2a8b355f9044b6.jpg","Pic500x500Size":"203608","Pic500x500Height":"500","Pic500x500Width":"500","No":"4","IsMain":"N","Updated":"2025-09-09 12:23:47","IsPrivate":"0","Type":"ProductImage","Attributes":{"OriginalFileName":""}}],"FeaturesGroups":[{"ID":13305,"SortNo":"10","FeatureGroup":{"ID":"185","Name":{"Value":"Ominaisuudet","Language":"FI"}},"Features":[{"Localized":0,"ID":491199509,"LocalID":0,"Type":"numerical","Value":"12500","CategoryFeatureId":"189213","CategoryFeatureGroupID":"13305","SortNo":"200","PresentationValue":"12,5 kg","RawValue":"12500","LocalValue":"12,5","Description":"Tuotteen paino ilman pakkausta (Nettopaino). Jos mahdollista, nettopaino ilmaistaan vakiovarusteineet ja tarvikkeet mukaan laskettuna. Huomaa, että joskus valmistaja antaa kaupallisen tulkinnan tuotteen painosta, jättämällä pois  lisävarusteiden ja / tai tarvikkeiden painon.","Mandatory":"1","Searchable":"0","Optional":"0","Feature":{"ID":"94","Sign":"","Measure":{"ID":"38","Sign":"","Signs":{"ID":"13826","_":"g","Language":"FI"}},"Name":{"Value":"Paino","Language":"FI"}}},{"Localized":0,"ID":491199512,"LocalID":0,"Type":"multi_dropdown","Value":"Any breed","CategoryFeatureId":"122978","CategoryFeatureGroupID":"13305","SortNo":"190","PresentationValue":"Kaikille roduille","RawValue":"Any breed","LocalValue":"Kaikille roduille","Description":"","Mandatory":"1","Searchable":"0","Optional":"0","Feature":{"ID":"20710","Sign":"","Measure":{"ID":"29","Sign":"","Signs":{"ID":"","_":"","Language":"FI"}},"Name":{"Value":"Koirarotu","Language":"FI"}}},{"Localized":0,"ID":491199519,"LocalID":0,"Type":"multi_dropdown","Value":"Vitamin A,Vitamin D3,Vitamin E","CategoryFeatureId":"201495","CategoryFeatureGroupID":"13305","SortNo":"175","PresentationValue":"A-vitamiini, D3-vitamiini, E-vitamiini","RawValue":"Vitamin A,Vitamin D3,Vitamin E","LocalValue":"A-vitamiini, D3-vitamiini, E-vitamiini","Description":"","Mandatory":"0","Searchable":"0","Optional":"0","Feature":{"ID":"26607","Sign":"","Measure":{"ID":"29","Sign":"","Signs":{"ID":"","_":"","Language":"FI"}},"Name":{"Value":"Sisältää vitamiineja","Language":"FI"}}},{"Localized":0,"ID":491199515,"LocalID":0,"Type":"y_n","Value":"Y","CategoryFeatureId":"201482","CategoryFeatureGroupID":"13305","SortNo":"170","PresentationValue":"Kyllä","RawValue":"Y","LocalValue":"Kyllä","Description":"","Mandatory":"0","Searchable":"0","Optional":"0","Feature":{"ID":"30403","Sign":"","Measure":{"ID":"26","Sign":"","Signs":{"ID":"","_":"","Language":"FI"}},"Name":{"Value":"Ei sisällä viljaa","Language":"FI"}}},{"Localized":0,"ID":491199503,"LocalID":0,"Type":"dropdown","Value":"Adult (animal)","CategoryFeatureId":"122907","CategoryFeatureGroupID":"13305","SortNo":"20","PresentationValue":"Aikuinen","RawValue":"Adult (animal)","LocalValue":"Aikuinen","Description":"","Mandatory":"1","Searchable":"1","Optional":"0","Feature":{"ID":"20700","Sign":"","Measure":{"ID":"29","Sign":"","Signs":{"ID":"","_":"","Language":"FI"}},"Name":{"Value":"Lemmikin elämänvaihe","Language":"FI"}}},{"Localized":0,"ID":491199505,"LocalID":0,"Type":"multi_dropdown","Value":"Beef","CategoryFeatureId":"122918","CategoryFeatureGroupID":"13305","SortNo":"17","PresentationValue":"Naudanliha","RawValue":"Beef","LocalValue":"Naudanliha","Description":"","Mandatory":"1","Searchable":"1","Optional":"0","Feature":{"ID":"20702","Sign":"","Measure":{"ID":"29","Sign":"","Signs":{"ID":"","_":"","Language":"FI"}},"Name":{"Value":"Lemmikinruoan maku","Language":"FI"}}}]},{"ID":22475,"SortNo":"8","FeatureGroup":{"ID":"200","Name":{"Value":"Ravitsemustiedot","Language":"FI"}},"Features":[{"Localized":0,"ID":491199522,"LocalID":0,"Type":"numerical","Value":"23.5","CategoryFeatureId":"122923","CategoryFeatureGroupID":"22475","SortNo":"100","PresentationValue":"23,5%","RawValue":"23.5","LocalValue":"23,5","Description":"","Mandatory":"0","Searchable":"0","Optional":"0","Feature":{"ID":"20705","Sign":"","Measure":{"ID":"64","Sign":"","Signs":{"ID":"47","_":"%","Language":"EN"}},"Name":{"Value":"Proteiini","Language":"FI"}}},{"Localized":0,"ID":491199523,"LocalID":0,"Type":"numerical","Value":"13","CategoryFeatureId":"122924","CategoryFeatureGroupID":"22475","SortNo":"100","PresentationValue":"13%","RawValue":"13","LocalValue":"13","Description":"","Mandatory":"0","Searchable":"0","Optional":"0","Feature":{"ID":"20706","Sign":"","Measure":{"ID":"64","Sign":"","Signs":{"ID":"47","_":"%","Language":"EN"}},"Name":{"Value":"Rasvapitoisuus","Language":"FI"}}},{"Localized":0,"ID":491199525,"LocalID":0,"Type":"numerical","Value":"7","CategoryFeatureId":"122925","CategoryFeatureGroupID":"22475","SortNo":"100","PresentationValue":"7%","RawValue":"7","LocalValue":"7","Description":"","Mandatory":"0","Searchable":"0","Optional":"0","Feature":{"ID":"20707","Sign":"","Measure":{"ID":"64","Sign":"","Signs":{"ID":"47","_":"%","Language":"EN"}},"Name":{"Value":"Raakatuhka","Language":"FI"}}},{"Localized":0,"ID":491199526,"LocalID":0,"Type":"numerical","Value":"3.5","CategoryFeatureId":"122926","CategoryFeatureGroupID":"22475","SortNo":"100","PresentationValue":"3,5%","RawValue":"3.5","LocalValue":"3,5","Description":"","Mandatory":"0","Searchable":"0","Optional":"0","Feature":{"ID":"20708","Sign":"","Measure":{"ID":"64","Sign":"","Signs":{"ID":"47","_":"%","Language":"EN"}},"Name":{"Value":"Raakakuitu","Language":"FI"}}},{"Localized":0,"ID":491199527,"LocalID":0,"Type":"numerical","Value":"1","CategoryFeatureId":"201489","CategoryFeatureGroupID":"22475","SortNo":"100","PresentationValue":"1%","RawValue":"1","LocalValue":"1","Description":"","Mandatory":"0","Searchable":"0","Optional":"0","Feature":{"ID":"30405","Sign":"","Measure":{"ID":"64","Sign":"","Signs":{"ID":"47","_":"%","Language":"EN"}},"Name":{"Value":"Fosfori","Language":"FI"}}},{"Localized":0,"ID":491199529,"LocalID":0,"Type":"numerical","Value":"1.3","CategoryFeatureId":"201490","CategoryFeatureGroupID":"22475","SortNo":"100","PresentationValue":"1,3%","RawValue":"1.3","LocalValue":"1,3","Description":"","Mandatory":"0","Searchable":"0","Optional":"0","Feature":{"ID":"30404","Sign":"","Measure":{"ID":"64","Sign":"","Signs":{"ID":"47","_":"%","Language":"EN"}},"Name":{"Value":"Kalsium","Language":"FI"}}},{"Localized":0,"ID":491199530,"LocalID":0,"Type":"numerical","Value":"0.35","CategoryFeatureId":"201491","CategoryFeatureGroupID":"22475","SortNo":"100","PresentationValue":"0,35%","RawValue":"0.35","LocalValue":"0,35","Description":"","Mandatory":"0","Searchable":"0","Optional":"0","Feature":{"ID":"30406","Sign":"","Measure":{"ID":"64","Sign":"","Signs":{"ID":"47","_":"%","Language":"EN"}},"Name":{"Value":"Natriumpitoisuus","Language":"FI"}}},{"Localized":0,"ID":491199531,"LocalID":0,"Type":"numerical","Value":"10","CategoryFeatureId":"204245","CategoryFeatureGroupID":"22475","SortNo":"97","PresentationValue":"10%","RawValue":"10","LocalValue":"10","Description":"","Mandatory":"0","Searchable":"0","Optional":"0","Feature":{"ID":"30418","Sign":"","Measure":{"ID":"64","Sign":"","Signs":{"ID":"47","_":"%","Language":"EN"}},"Name":{"Value":"Magnesiumpitoisuus","Language":"FI"}}},{"Localized":0,"ID":491199616,"LocalID":0,"Type":"numerical","Value":"200","CategoryFeatureId":"205029","CategoryFeatureGroupID":"22475","SortNo":"73","PresentationValue":"200 mg/kg","RawValue":"200","LocalValue":"200","Description":"","Mandatory":"0","Searchable":"0","Optional":"0","Feature":{"ID":"30781","Sign":"","Measure":{"ID":"395","Sign":"","Signs":{"ID":"35494","_":"mg/kg","Language":"FI"}},"Name":{"Value":"Rautaa (per 100g)","Language":"FI"}}},{"Localized":0,"ID":491199617,"LocalID":0,"Type":"numerical","Value":"125","CategoryFeatureId":"205030","CategoryFeatureGroupID":"22475","SortNo":"70","PresentationValue":"125 mg/kg","RawValue":"125","LocalValue":"125","Description":"","Mandatory":"0","Searchable":"0","Optional":"0","Feature":{"ID":"30782","Sign":"","Measure":{"ID":"395","Sign":"","Signs":{"ID":"35494","_":"mg/kg","Language":"FI"}},"Name":{"Value":"Sinkkipitoisuus","Language":"FI"}}},{"Localized":0,"ID":491199627,"LocalID":0,"Type":"numerical","Value":"12.5","CategoryFeatureId":"205032","CategoryFeatureGroupID":"22475","SortNo":"64","PresentationValue":"12,5 mg/kg","RawValue":"12.5","LocalValue":"12,5","Description":"","Mandatory":"0","Searchable":"0","Optional":"0","Feature":{"ID":"30784","Sign":"","Measure":{"ID":"395","Sign":"","Signs":{"ID":"35494","_":"mg/kg","Language":"FI"}},"Name":{"Value":"Kuparin määrä","Language":"FI"}}},{"Localized":0,"ID":491199632,"LocalID":0,"Type":"numerical","Value":"2","CategoryFeatureId":"205033","CategoryFeatureGroupID":"22475","SortNo":"61","PresentationValue":"2 mg/kg","RawValue":"2","LocalValue":"2","Description":"","Mandatory":"0","Searchable":"0","Optional":"0","Feature":{"ID":"30785","Sign":"","Measure":{"ID":"395","Sign":"","Signs":{"ID":"35494","_":"mg/kg","Language":"FI"}},"Name":{"Value":"Jodipitoisuus","Language":"FI"}}},{"Localized":0,"ID":491199633,"LocalID":0,"Type":"numerical","Value":"0.05","CategoryFeatureId":"205034","CategoryFeatureGroupID":"22475","SortNo":"58","PresentationValue":"0,05 mg/kg","RawValue":"0.05","LocalValue":"0,05","Description":"","Mandatory":"0","Searchable":"0","Optional":"0","Feature":{"ID":"30786","Sign":"","Measure":{"ID":"395","Sign":"","Signs":{"ID":"35494","_":"mg/kg","Language":"FI"}},"Name":{"Value":"Seleenin määrä","Language":"FI"}}},{"Localized":0,"ID":491199635,"LocalID":0,"Type":"numerical","Value":"13000","CategoryFeatureId":"205036","CategoryFeatureGroupID":"22475","SortNo":"55","PresentationValue":"13000 IU/kg","RawValue":"13000","LocalValue":"13000","Description":"","Mandatory":"0","Searchable":"0","Optional":"0","Feature":{"ID":"30787","Sign":"","Measure":{"ID":"394","Sign":"","Signs":{"ID":"37516","_":"IU/kg","Language":"FI"}},"Name":{"Value":"A-vitamiinin määrä","Language":"FI"}}},{"Localized":0,"ID":491199636,"LocalID":0,"Type":"numerical","Value":"1300","CategoryFeatureId":"205037","CategoryFeatureGroupID":"22475","SortNo":"52","PresentationValue":"1300 IU/kg","RawValue":"1300","LocalValue":"1300","Description":"","Mandatory":"0","Searchable":"0","Optional":"0","Feature":{"ID":"30788","Sign":"","Measure":{"ID":"394","Sign":"","Signs":{"ID":"37516","_":"IU/kg","Language":"FI"}},"Name":{"Value":"D3-vitamiinin määrä","Language":"FI"}}},{"Localized":0,"ID":491199637,"LocalID":0,"Type":"numerical","Value":"130","CategoryFeatureId":"205038","CategoryFeatureGroupID":"22475","SortNo":"49","PresentationValue":"130 mg/kg","RawValue":"130","LocalValue":"130","Description":"","Mandatory":"0","Searchable":"0","Optional":"0","Feature":{"ID":"30789","Sign":"","Measure":{"ID":"395","Sign":"","Signs":{"ID":"35494","_":"mg/kg","Language":"FI"}},"Name":{"Value":"E-vitamiinin määrä","Language":"FI"}}}]},{"ID":39141,"SortNo":"-1","FeatureGroup":{"ID":"198","Name":{"Value":"Logistiikkatiedot","Language":"FI"}},"Features":[{"Localized":0,"ID":491199618,"LocalID":0,"Type":"multi_dropdown","Value":"Germany","CategoryFeatureId":"377144","CategoryFeatureGroupID":"39141","SortNo":"0","PresentationValue":"Saksa","RawValue":"Germany","LocalValue":"Saksa","Description":"Country where the device is made. Aka Country of manufacture (COM).","Mandatory":"0","Searchable":"0","Optional":"0","Feature":{"ID":"3294","Sign":"","Measure":{"ID":"29","Sign":"","Signs":{"ID":"","_":"","Language":"FI"}},"Name":{"Value":"Alkuperämaa","Language":"FI"}}}]}],"FeatureLogos":[],"ReasonsToBuy":[],"Reviews":[],"ProductRelated":[],"CatalogObjectCloud":{},"Variants":[],"ProductStory":[],"Dictionary":{"model_name":"Tuotenimi","desc":"Kuvaus","ean_code":"EAN/UPC-koodi","flash360":"3D-esittely","demo_msg_part3":"Jos sinulla ei ole Icecat-k&auml;ytt&auml;j&auml;tili&auml;, ole hyv&auml; ja rekister&ouml;idy maksutta t&auml;&auml;lt&auml;.","repairability_index":"Repairability index","zoom_panel_init":"Alkuper&auml;inen koko","cat_name":"Ryhm&auml;","product_family":"Tuoteperhe","back_to_top":"Takaisin yl&ouml;s","zoom_panel_out":"Loitonna","specs":"Tekniset tiedot","eu_product_fiche":"EU-tuoteseloste","reviews_head_name":"Arvostelut","pdf_specs":"Tuote-esite","zoom_panel_in":"L&auml;henn&auml;","html_content":"","release_date":"Julkaisup&auml;iv&auml;","demo_msg_part1":"K&auml;yt&auml;t t&auml;ll&auml; hetkell&auml; demo-k&auml;ytt&auml;j&auml;tili&auml;. Ole hyv&auml; ja k&auml;yt&auml; omaa Icecat-k&auml;ytt&auml;j&auml;tili&auml;si.","demo_insert_desc":"This is a demo of a seamless insert of an Icecat LIVE product data-sheet in your website. Imagine that this responsive data-sheet is included in the product page of your webshop.","pdf_url":"K&auml;ytt&ouml;opas","prod_code":"Tuotekoodi","supplier_name":"Tuotemerkki","video":"Video","reasons_to_buy":"Syitä ostaa","marketing_text":"Kuvaus","options_head_name":"Vaihtoehdot","product_series":"Tuotesarja","demo_msg_part2":"Icecat k&auml;ytt&auml;j&auml;tunnuksesi","link_integrate_desk":"Kuinka integroida Icecat LIVE JavaScript.","zoom_panel_dragg":"Hiirell&auml; vet&auml;minen","eu_energy_label":"EU-energiamerkintä"},"DemoAccount":false}}