{"msg":"OK","data":{"GeneralInfo":{"IcecatId":100731470,"ReleaseDate":"","EndOfLifeDate":"","Title":"Belcando Adult Active 12,5 kg Aikuinen","TitleInfo":{"GeneratedIntTitle":"Belcando Adult Active","GeneratedLocalTitle":{"Value":"Belcando Adult Active 12,5 kg Aikuinen","Language":"FI"},"BrandLocalTitle":{"Value":"","Language":"FI"}},"Brand":"Belcando","BrandID":"32628","BrandLogo":"","BrandInfo":{"BrandName":"Belcando","BrandLocalName":"","BrandLogo":""},"ProductName":"Adult Active","ProductNameInfo":{"ProductIntName":"Adult Active","ProductLocalName":{"Value":"","Language":"FI"}},"BrandPartCode":"557525","GTIN":["4002633557520"],"Category":{"CategoryID":"3398","Name":{"Value":"Koiran kuivamuona","Language":"FI"}},"ProductFamily":{},"ProductSeries":{"SeriesID":"1"},"Description":{"ID":"104044848","LongDesc":"Hyvin sulava kananliha, pellavansiemenestä saatavat omega-3 rasvahapot, johanneksenleipäpuun sisältämät terveelliset tanniinit ja muut elintärkeät ainesosat tekevät holistisesta BELCANDO Adult Active ruoasta oikean valinnan aktiivisille koirille. Proteiini- ja rasvasisältö on suunniteltu siten, että se tarjoaa aktiiviselle koiralle sen tarvitseman riittävän energiamäärän. BELCANDO ADULT ACTIVE on oikea valinta kun tarvitaan kestävyyttä ja kuntoa urheiluun sekä vapaa-aikaan.<br><br>Eläinproteiinin osuus kokonaisproteiinista: 75 % (Siipikarja 55 %, kala 15 %, gelatiini 5 %)","LongProductName":"Adult Active, 12.5kg","MiddleDesc":"","Disclaimer":"","ManualPDFURL":"","ManualPDFSize":"0","LeafletPDFURL":"","PDFSize":"0","URL":"https://fi.belcando.com/belcando-adult-active","WarrantyInfo":"","Updated":"2025-09-09 12:27:02","Language":"FI"},"SummaryDescription":{"ShortSummaryDescription":"Belcando Adult Active, Aikuinen, Kaikille roduille, 12,5 kg, Laktoositon","LongSummaryDescription":"Belcando Adult Active. Lemmikin elämänvaihe: Aikuinen, Koirarotu: Kaikille roduille, Paino: 12,5 kg, Laktoositon, Ei sisällä viljaa"},"BulletPoints":{"BulletPointsId":"13609006","Language":"FI","Values":["Aikuisille aktiivisille koirille","Parempaan kestävyyteen ja kuntoon","Pellavansiemenet - positiivinen vaikutus ihoon ja turkkiin"],"Updated":"2025-09-09 12:27:02"},"GeneratedBulletPoints":{},"GTINs":[{"GTIN":"4002633557520","IsApproved":true}]},"Image":{"HighPic":"https://inishop.com/img/gallery/100731470_1887248000.jpg","HighPicSize":"262313","HighPicHeight":"800","HighPicWidth":"361","LowPic":"https://inishop.com/img/gallery_lows/100731470_1887248000.jpg","LowPicSize":"22360","LowPicHeight":"200","LowPicWidth":"90","Pic500x500":"https://inishop.com/img/gallery_mediums/100731470_1887248000.jpg","Pic500x500Size":"110027","Pic500x500Height":"500","Pic500x500Width":"226","ThumbPic":"https://inishop.com/img/gallery_thumbs/100731470_1887248000.jpg","ThumbPicSize":"4882"},"Multimedia":[],"Gallery":[{"ID":"64847276","LowPic":"https://inishop.com/img/gallery_lows/100731470_1887248000.jpg","LowSize":"22360","LowHeight":"200","LowWidth":"90","ThumbPic":"https://inishop.com/img/gallery_thumbs/100731470_1887248000.jpg","ThumbPicSize":"4882","Pic":"https://inishop.com/img/gallery/100731470_1887248000.jpg","Size":"262313","PicHeight":"800","PicWidth":"361","Pic500x500":"https://inishop.com/img/gallery_mediums/100731470_1887248000.jpg","Pic500x500Size":"110027","Pic500x500Height":"500","Pic500x500Width":"226","No":"1","IsMain":"Y","Updated":"2022-07-24 12:17:30","IsPrivate":"0","Type":"ProductImage","Attributes":{"OriginalFileName":""}},{"ID":"117097058","LowPic":"https://inishop.com/img/gallery_lows/ed0a22cd8a7d5e2b7a2ac2f02392364bea8e5c67.jpg","LowSize":"43636","LowHeight":"200","LowWidth":"200","ThumbPic":"https://inishop.com/img/gallery_thumbs/2746aa7b2a923ab1ba1826043a027dccef5fb78a.jpg","ThumbPicSize":"9138","Pic":"https://inishop.com/img/gallery/1cb36ed0009633f82d001ae9e551f641515cb197.jpg","Size":"360755","PicHeight":"800","PicWidth":"800","Pic500x500":"https://inishop.com/img/gallery_mediums/2db4606b79b918219f730ef0e2b04b4e2c8561a5.jpg","Pic500x500Size":"211983","Pic500x500Height":"500","Pic500x500Width":"500","No":"2","IsMain":"N","Updated":"2025-09-09 12:25:00","IsPrivate":"0","Type":"ProductImage","Attributes":{"OriginalFileName":""}}],"FeaturesGroups":[{"ID":13305,"SortNo":"10","FeatureGroup":{"ID":"185","Name":{"Value":"Ominaisuudet","Language":"FI"}},"Features":[{"Localized":0,"ID":491199403,"LocalID":0,"Type":"numerical","Value":"12500","CategoryFeatureId":"189213","CategoryFeatureGroupID":"13305","SortNo":"200","PresentationValue":"12,5 kg","RawValue":"12500","LocalValue":"12,5","Description":"Tuotteen paino ilman pakkausta (Nettopaino). Jos mahdollista, nettopaino ilmaistaan vakiovarusteineet ja tarvikkeet mukaan laskettuna. Huomaa, että joskus valmistaja antaa kaupallisen tulkinnan tuotteen painosta, jättämällä pois  lisävarusteiden ja / tai tarvikkeiden painon.","Mandatory":"1","Searchable":"0","Optional":"0","Feature":{"ID":"94","Sign":"","Measure":{"ID":"38","Sign":"","Signs":{"ID":"13826","_":"g","Language":"FI"}},"Name":{"Value":"Paino","Language":"FI"}}},{"Localized":0,"ID":491199412,"LocalID":0,"Type":"multi_dropdown","Value":"Any breed","CategoryFeatureId":"122978","CategoryFeatureGroupID":"13305","SortNo":"190","PresentationValue":"Kaikille roduille","RawValue":"Any breed","LocalValue":"Kaikille roduille","Description":"","Mandatory":"1","Searchable":"0","Optional":"0","Feature":{"ID":"20710","Sign":"","Measure":{"ID":"29","Sign":"","Signs":{"ID":"","_":"","Language":"FI"}},"Name":{"Value":"Koirarotu","Language":"FI"}}},{"Localized":0,"ID":491199426,"LocalID":0,"Type":"multi_dropdown","Value":"Active","CategoryFeatureId":"122915","CategoryFeatureGroupID":"13305","SortNo":"185","PresentationValue":"Aktiivinen","RawValue":"Active","LocalValue":"Aktiivinen","Description":"","Mandatory":"0","Searchable":"0","Optional":"0","Feature":{"ID":"20701","Sign":"","Measure":{"ID":"29","Sign":"","Signs":{"ID":"","_":"","Language":"FI"}},"Name":{"Value":"Lemmikin erityistarpeet","Language":"FI"}}},{"Localized":0,"ID":491199520,"LocalID":0,"Type":"multi_dropdown","Value":"Vitamin A,Vitamin D3,Vitamin E","CategoryFeatureId":"201495","CategoryFeatureGroupID":"13305","SortNo":"175","PresentationValue":"A-vitamiini, D3-vitamiini, E-vitamiini","RawValue":"Vitamin A,Vitamin D3,Vitamin E","LocalValue":"A-vitamiini, D3-vitamiini, E-vitamiini","Description":"","Mandatory":"0","Searchable":"0","Optional":"0","Feature":{"ID":"26607","Sign":"","Measure":{"ID":"29","Sign":"","Signs":{"ID":"","_":"","Language":"FI"}},"Name":{"Value":"Sisältää vitamiineja","Language":"FI"}}},{"Localized":0,"ID":491199434,"LocalID":0,"Type":"y_n","Value":"Y","CategoryFeatureId":"201482","CategoryFeatureGroupID":"13305","SortNo":"170","PresentationValue":"Kyllä","RawValue":"Y","LocalValue":"Kyllä","Description":"","Mandatory":"0","Searchable":"0","Optional":"0","Feature":{"ID":"30403","Sign":"","Measure":{"ID":"26","Sign":"","Signs":{"ID":"","_":"","Language":"FI"}},"Name":{"Value":"Ei sisällä viljaa","Language":"FI"}}},{"Localized":0,"ID":491199435,"LocalID":0,"Type":"y_n","Value":"Y","CategoryFeatureId":"201481","CategoryFeatureGroupID":"13305","SortNo":"160","PresentationValue":"Kyllä","RawValue":"Y","LocalValue":"Kyllä","Description":"","Mandatory":"0","Searchable":"0","Optional":"0","Feature":{"ID":"21348","Sign":"","Measure":{"ID":"26","Sign":"","Signs":{"ID":"","_":"","Language":"FI"}},"Name":{"Value":"Laktoositon","Language":"FI"}}},{"Localized":0,"ID":491199331,"LocalID":0,"Type":"dropdown","Value":"Adult (animal)","CategoryFeatureId":"122907","CategoryFeatureGroupID":"13305","SortNo":"20","PresentationValue":"Aikuinen","RawValue":"Adult (animal)","LocalValue":"Aikuinen","Description":"","Mandatory":"1","Searchable":"1","Optional":"0","Feature":{"ID":"20700","Sign":"","Measure":{"ID":"29","Sign":"","Signs":{"ID":"","_":"","Language":"FI"}},"Name":{"Value":"Lemmikin elämänvaihe","Language":"FI"}}}]},{"ID":22475,"SortNo":"8","FeatureGroup":{"ID":"200","Name":{"Value":"Ravitsemustiedot","Language":"FI"}},"Features":[{"Localized":0,"ID":491199443,"LocalID":0,"Type":"numerical","Value":"25","CategoryFeatureId":"122923","CategoryFeatureGroupID":"22475","SortNo":"100","PresentationValue":"25%","RawValue":"25","LocalValue":"25","Description":"","Mandatory":"0","Searchable":"0","Optional":"0","Feature":{"ID":"20705","Sign":"","Measure":{"ID":"64","Sign":"","Signs":{"ID":"47","_":"%","Language":"EN"}},"Name":{"Value":"Proteiini","Language":"FI"}}},{"Localized":0,"ID":491199444,"LocalID":0,"Type":"numerical","Value":"14.5","CategoryFeatureId":"122924","CategoryFeatureGroupID":"22475","SortNo":"100","PresentationValue":"14,5%","RawValue":"14.5","LocalValue":"14,5","Description":"","Mandatory":"0","Searchable":"0","Optional":"0","Feature":{"ID":"20706","Sign":"","Measure":{"ID":"64","Sign":"","Signs":{"ID":"47","_":"%","Language":"EN"}},"Name":{"Value":"Rasvapitoisuus","Language":"FI"}}},{"Localized":0,"ID":491199447,"LocalID":0,"Type":"numerical","Value":"7","CategoryFeatureId":"122925","CategoryFeatureGroupID":"22475","SortNo":"100","PresentationValue":"7%","RawValue":"7","LocalValue":"7","Description":"","Mandatory":"0","Searchable":"0","Optional":"0","Feature":{"ID":"20707","Sign":"","Measure":{"ID":"64","Sign":"","Signs":{"ID":"47","_":"%","Language":"EN"}},"Name":{"Value":"Raakatuhka","Language":"FI"}}},{"Localized":0,"ID":491199449,"LocalID":0,"Type":"numerical","Value":"3.2","CategoryFeatureId":"122926","CategoryFeatureGroupID":"22475","SortNo":"100","PresentationValue":"3,2%","RawValue":"3.2","LocalValue":"3,2","Description":"","Mandatory":"0","Searchable":"0","Optional":"0","Feature":{"ID":"20708","Sign":"","Measure":{"ID":"64","Sign":"","Signs":{"ID":"47","_":"%","Language":"EN"}},"Name":{"Value":"Raakakuitu","Language":"FI"}}},{"Localized":0,"ID":491199451,"LocalID":0,"Type":"numerical","Value":"1.3","CategoryFeatureId":"201490","CategoryFeatureGroupID":"22475","SortNo":"100","PresentationValue":"1,3%","RawValue":"1.3","LocalValue":"1,3","Description":"","Mandatory":"0","Searchable":"0","Optional":"0","Feature":{"ID":"30404","Sign":"","Measure":{"ID":"64","Sign":"","Signs":{"ID":"47","_":"%","Language":"EN"}},"Name":{"Value":"Kalsium","Language":"FI"}}},{"Localized":0,"ID":491199461,"LocalID":0,"Type":"numerical","Value":"0.3","CategoryFeatureId":"201491","CategoryFeatureGroupID":"22475","SortNo":"100","PresentationValue":"0,3%","RawValue":"0.3","LocalValue":"0,3","Description":"","Mandatory":"0","Searchable":"0","Optional":"0","Feature":{"ID":"30406","Sign":"","Measure":{"ID":"64","Sign":"","Signs":{"ID":"47","_":"%","Language":"EN"}},"Name":{"Value":"Natriumpitoisuus","Language":"FI"}}},{"Localized":0,"ID":491199450,"LocalID":0,"Type":"numerical","Value":"10","CategoryFeatureId":"204245","CategoryFeatureGroupID":"22475","SortNo":"97","PresentationValue":"10%","RawValue":"10","LocalValue":"10","Description":"","Mandatory":"0","Searchable":"0","Optional":"0","Feature":{"ID":"30418","Sign":"","Measure":{"ID":"64","Sign":"","Signs":{"ID":"47","_":"%","Language":"EN"}},"Name":{"Value":"Magnesiumpitoisuus","Language":"FI"}}},{"Localized":0,"ID":491199456,"LocalID":0,"Type":"numerical","Value":"0.9","CategoryFeatureId":"205019","CategoryFeatureGroupID":"22475","SortNo":"94","PresentationValue":"0,9%","RawValue":"0.9","LocalValue":"0,9","Description":"","Mandatory":"0","Searchable":"0","Optional":"0","Feature":{"ID":"30417","Sign":"","Measure":{"ID":"64","Sign":"","Signs":{"ID":"47","_":"%","Language":"EN"}},"Name":{"Value":"Kaliumin määrä","Language":"FI"}}},{"Localized":0,"ID":491199477,"LocalID":0,"Type":"numerical","Value":"500","CategoryFeatureId":"205026","CategoryFeatureGroupID":"22475","SortNo":"82","PresentationValue":"500 mg/kg","RawValue":"500","LocalValue":"500","Description":"","Mandatory":"0","Searchable":"0","Optional":"0","Feature":{"ID":"30775","Sign":"","Measure":{"ID":"395","Sign":"","Signs":{"ID":"35494","_":"mg/kg","Language":"FI"}},"Name":{"Value":"Tauriinipitoisuus","Language":"FI"}}},{"Localized":0,"ID":491199482,"LocalID":0,"Type":"numerical","Value":"200","CategoryFeatureId":"205029","CategoryFeatureGroupID":"22475","SortNo":"73","PresentationValue":"200 mg/kg","RawValue":"200","LocalValue":"200","Description":"","Mandatory":"0","Searchable":"0","Optional":"0","Feature":{"ID":"30781","Sign":"","Measure":{"ID":"395","Sign":"","Signs":{"ID":"35494","_":"mg/kg","Language":"FI"}},"Name":{"Value":"Rautaa (per 100g)","Language":"FI"}}},{"Localized":0,"ID":491199484,"LocalID":0,"Type":"numerical","Value":"125","CategoryFeatureId":"205030","CategoryFeatureGroupID":"22475","SortNo":"70","PresentationValue":"125 mg/kg","RawValue":"125","LocalValue":"125","Description":"","Mandatory":"0","Searchable":"0","Optional":"0","Feature":{"ID":"30782","Sign":"","Measure":{"ID":"395","Sign":"","Signs":{"ID":"35494","_":"mg/kg","Language":"FI"}},"Name":{"Value":"Sinkkipitoisuus","Language":"FI"}}},{"Localized":0,"ID":491199488,"LocalID":0,"Type":"numerical","Value":"12.5","CategoryFeatureId":"205032","CategoryFeatureGroupID":"22475","SortNo":"64","PresentationValue":"12,5 mg/kg","RawValue":"12.5","LocalValue":"12,5","Description":"","Mandatory":"0","Searchable":"0","Optional":"0","Feature":{"ID":"30784","Sign":"","Measure":{"ID":"395","Sign":"","Signs":{"ID":"35494","_":"mg/kg","Language":"FI"}},"Name":{"Value":"Kuparin määrä","Language":"FI"}}},{"Localized":0,"ID":491199491,"LocalID":0,"Type":"numerical","Value":"2","CategoryFeatureId":"205033","CategoryFeatureGroupID":"22475","SortNo":"61","PresentationValue":"2 mg/kg","RawValue":"2","LocalValue":"2","Description":"","Mandatory":"0","Searchable":"0","Optional":"0","Feature":{"ID":"30785","Sign":"","Measure":{"ID":"395","Sign":"","Signs":{"ID":"35494","_":"mg/kg","Language":"FI"}},"Name":{"Value":"Jodipitoisuus","Language":"FI"}}},{"Localized":0,"ID":491199492,"LocalID":0,"Type":"numerical","Value":"0.05","CategoryFeatureId":"205034","CategoryFeatureGroupID":"22475","SortNo":"58","PresentationValue":"0,05 mg/kg","RawValue":"0.05","LocalValue":"0,05","Description":"","Mandatory":"0","Searchable":"0","Optional":"0","Feature":{"ID":"30786","Sign":"","Measure":{"ID":"395","Sign":"","Signs":{"ID":"35494","_":"mg/kg","Language":"FI"}},"Name":{"Value":"Seleenin määrä","Language":"FI"}}},{"Localized":0,"ID":491199468,"LocalID":0,"Type":"numerical","Value":"13000","CategoryFeatureId":"205036","CategoryFeatureGroupID":"22475","SortNo":"55","PresentationValue":"13000 IU/kg","RawValue":"13000","LocalValue":"13000","Description":"","Mandatory":"0","Searchable":"0","Optional":"0","Feature":{"ID":"30787","Sign":"","Measure":{"ID":"394","Sign":"","Signs":{"ID":"37516","_":"IU/kg","Language":"FI"}},"Name":{"Value":"A-vitamiinin määrä","Language":"FI"}}},{"Localized":0,"ID":491199469,"LocalID":0,"Type":"numerical","Value":"1300","CategoryFeatureId":"205037","CategoryFeatureGroupID":"22475","SortNo":"52","PresentationValue":"1300 IU/kg","RawValue":"1300","LocalValue":"1300","Description":"","Mandatory":"0","Searchable":"0","Optional":"0","Feature":{"ID":"30788","Sign":"","Measure":{"ID":"394","Sign":"","Signs":{"ID":"37516","_":"IU/kg","Language":"FI"}},"Name":{"Value":"D3-vitamiinin määrä","Language":"FI"}}},{"Localized":0,"ID":491199471,"LocalID":0,"Type":"numerical","Value":"130","CategoryFeatureId":"205038","CategoryFeatureGroupID":"22475","SortNo":"49","PresentationValue":"130 mg/kg","RawValue":"130","LocalValue":"130","Description":"","Mandatory":"0","Searchable":"0","Optional":"0","Feature":{"ID":"30789","Sign":"","Measure":{"ID":"395","Sign":"","Signs":{"ID":"35494","_":"mg/kg","Language":"FI"}},"Name":{"Value":"E-vitamiinin määrä","Language":"FI"}}}]},{"ID":39141,"SortNo":"-1","FeatureGroup":{"ID":"198","Name":{"Value":"Logistiikkatiedot","Language":"FI"}},"Features":[{"Localized":0,"ID":491199486,"LocalID":0,"Type":"multi_dropdown","Value":"Germany","CategoryFeatureId":"377144","CategoryFeatureGroupID":"39141","SortNo":"0","PresentationValue":"Saksa","RawValue":"Germany","LocalValue":"Saksa","Description":"Country where the device is made. Aka Country of manufacture (COM).","Mandatory":"0","Searchable":"0","Optional":"0","Feature":{"ID":"3294","Sign":"","Measure":{"ID":"29","Sign":"","Signs":{"ID":"","_":"","Language":"FI"}},"Name":{"Value":"Alkuperämaa","Language":"FI"}}}]}],"FeatureLogos":[],"ReasonsToBuy":[],"Reviews":[],"ProductRelated":[],"CatalogObjectCloud":{},"Variants":[],"ProductStory":[],"Dictionary":{"model_name":"Tuotenimi","desc":"Kuvaus","ean_code":"EAN/UPC-koodi","flash360":"3D-esittely","demo_msg_part3":"Jos sinulla ei ole Icecat-k&auml;ytt&auml;j&auml;tili&auml;, ole hyv&auml; ja rekister&ouml;idy maksutta t&auml;&auml;lt&auml;.","repairability_index":"Repairability index","zoom_panel_init":"Alkuper&auml;inen koko","cat_name":"Ryhm&auml;","product_family":"Tuoteperhe","back_to_top":"Takaisin yl&ouml;s","zoom_panel_out":"Loitonna","specs":"Tekniset tiedot","eu_product_fiche":"EU-tuoteseloste","reviews_head_name":"Arvostelut","pdf_specs":"Tuote-esite","zoom_panel_in":"L&auml;henn&auml;","html_content":"","release_date":"Julkaisup&auml;iv&auml;","demo_msg_part1":"K&auml;yt&auml;t t&auml;ll&auml; hetkell&auml; demo-k&auml;ytt&auml;j&auml;tili&auml;. Ole hyv&auml; ja k&auml;yt&auml; omaa Icecat-k&auml;ytt&auml;j&auml;tili&auml;si.","demo_insert_desc":"This is a demo of a seamless insert of an Icecat LIVE product data-sheet in your website. Imagine that this responsive data-sheet is included in the product page of your webshop.","pdf_url":"K&auml;ytt&ouml;opas","prod_code":"Tuotekoodi","supplier_name":"Tuotemerkki","video":"Video","reasons_to_buy":"Syitä ostaa","marketing_text":"Kuvaus","options_head_name":"Vaihtoehdot","product_series":"Tuotesarja","demo_msg_part2":"Icecat k&auml;ytt&auml;j&auml;tunnuksesi","link_integrate_desk":"Kuinka integroida Icecat LIVE JavaScript.","zoom_panel_dragg":"Hiirell&auml; vet&auml;minen","eu_energy_label":"EU-energiamerkintä"},"DemoAccount":false}}