{"msg":"OK","data":{"GeneralInfo":{"IcecatId":101927866,"ReleaseDate":"","EndOfLifeDate":"","Title":"Hills Perfect Weight Small & Mini Adult Dog Food 1,5 kg Aikuinen Kana","TitleInfo":{"GeneratedIntTitle":"Hills Perfect Weight Small & Mini Adult Dog Food","GeneratedLocalTitle":{"Value":"Hills Perfect Weight Small & Mini Adult Dog Food 1,5 kg Aikuinen Kana","Language":"FI"},"BrandLocalTitle":{"Value":"","Language":"FI"}},"Brand":"Hills","BrandID":"21320","BrandLogo":"","BrandInfo":{"BrandName":"Hills","BrandLocalName":"","BrandLogo":""},"ProductName":"Perfect Weight Small & Mini Adult Dog Food","ProductNameInfo":{"ProductIntName":"Perfect Weight Small & Mini Adult Dog Food","ProductLocalName":{"Value":"","Language":"FI"}},"BrandPartCode":"604255","GTIN":["0052742024783","052742024783"],"Category":{"CategoryID":"3398","Name":{"Value":"Koiran kuivamuona","Language":"FI"}},"ProductFamily":{},"ProductSeries":{"SeriesID":"1"},"Description":{"ID":"104037733","LongDesc":"HILL'S SCIENCE PLAN Perfect Weight Small & Mini Adult kananmakuinen koiranruoka on herkullista ja kliinisissä testeissä toimivaksi todettu ravinto terveellisen painon saavuttamiseen ja ylläpitämiseen. Proteiini- ja kuiturikas ruoka sisältää L-karnitiinia ja kookosöljyä lemmikkien aineenvaihdunnan tukemiseksi.> Tärkeimmät edut<br><br>- Mahdollistaa turvallisen ja tehokkaan painonpudotuksen selvin tuloksin.<br>- Ylläpitää ja tukee terveellistä painoa pitkäaikaisesti.<br>- Prebioottinen kuitu tukee ruoansulatuksen toimintaa.<br><br><b>Lisätietoa:</b><br>Hill's on tutkinut ravinnon vaikutuksia lemmikkien solutoimintaan jo yli vuosikymmenen ajan. Tutkimuksista on ilmennyt, että normaalipainoisten lemmikkien biologia poikkeaa ylipainoisten lemmikkien biologiasta. Proteiini- ja kuiturikas ruokamme sisältää L-karnitiinia ja kookosöljyä lemmikkien aineenvaihdunnan tukemiseksi ja normaalin painon ylläpitämiseksi.<br><br>SCIENCE PLAN -valikoimaan kuuluvat erilaiset kuivaruoat ja makupalat koirasi yksilöllisiin tarpeisiin, sekä purkkiruoat monilla herkullisilla makuvaihtoehdoilla koirasi makuun.<br><br><b>Suositellaan käytettäväksi:</b><br>Täysikasvuiset yli 1-vuotiaat koirat, jotka painavat korkeintaan 10 kg täysikasvuisina ja tarvitsevat vähemmän kaloreita (esim. vähemmän aktiiviset koirat, kastroidut tai muuten helposti lihovat koirat)<br><br><b>Ei suositella käytettäväksi:</b><br>Koiranpennut, tiineenä olevat ja imettävät koirat. Tiineenä oleville ja imettäville koirille suositellaan HILL'S SCIENCE PLAN Small & Mini Puppy -penturuokaa.","LongProductName":"SCIENCE PLAN Perfect Weight Small & Mini Adult Dog Food with Chicken","MiddleDesc":"","Disclaimer":"","ManualPDFURL":"","ManualPDFSize":"0","LeafletPDFURL":"","PDFSize":"0","URL":"https://www.hillspet.fi/dog-food/sp-canine-science-plan-adult-perfect-weight-mini-with-chicken-dry","WarrantyInfo":"","Updated":"2025-09-08 16:45:55","Language":"FI"},"SummaryDescription":{"ShortSummaryDescription":"Hills Perfect Weight Small & Mini Adult Dog Food, Aikuinen, Pieni (5 - 10 kg), X-Small (< 4 kg), Kana, 1,5 kg","LongSummaryDescription":"Hills Perfect Weight Small & Mini Adult Dog Food. Lemmikin elämänvaihe: Aikuinen, Rodun koko: Pieni (5 - 10 kg), X-Small (< 4 kg), Lemmikinruoan maku: Kana, Paino: 1,5 kg"},"BulletPoints":{},"GeneratedBulletPoints":{},"GTINs":[{"GTIN":"0052742024783","IsApproved":true},{"GTIN":"052742024783","IsApproved":true}]},"Image":{"HighPic":"https://inishop.com/img/gallery/fc808cbfc4ef5bd1d4a0d482b7608b8ebf0fe4bf.jpg","HighPicSize":"493837","HighPicHeight":"1325","HighPicWidth":"815","LowPic":"https://inishop.com/img/gallery_lows/7ba82bc7117194f99d1d90c5fb26f9e880d6f694.jpg","LowPicSize":"25398","LowPicHeight":"200","LowPicWidth":"123","Pic500x500":"https://inishop.com/img/gallery_mediums/8d4a8fa94e6b3f1d4eaad6e738d5e63445572ce7.jpg","Pic500x500Size":"106335","Pic500x500Height":"500","Pic500x500Width":"308","ThumbPic":"https://inishop.com/img/gallery_thumbs/242b69e1f3ad8e1cd1ba02125526952f8897beef.jpg","ThumbPicSize":"5497"},"Multimedia":[],"Gallery":[{"ID":"117083890","LowPic":"https://inishop.com/img/gallery_lows/7ba82bc7117194f99d1d90c5fb26f9e880d6f694.jpg","LowSize":"25398","LowHeight":"200","LowWidth":"123","ThumbPic":"https://inishop.com/img/gallery_thumbs/242b69e1f3ad8e1cd1ba02125526952f8897beef.jpg","ThumbPicSize":"5497","Pic":"https://inishop.com/img/gallery/fc808cbfc4ef5bd1d4a0d482b7608b8ebf0fe4bf.jpg","Size":"493837","PicHeight":"1325","PicWidth":"815","Pic500x500":"https://inishop.com/img/gallery_mediums/8d4a8fa94e6b3f1d4eaad6e738d5e63445572ce7.jpg","Pic500x500Size":"106335","Pic500x500Height":"500","Pic500x500Width":"308","No":"2","IsMain":"Y","Updated":"2025-09-08 16:49:49","IsPrivate":"0","Type":"ProductImage","Attributes":{"OriginalFileName":""}},{"ID":"117083891","LowPic":"https://inishop.com/img/gallery_lows/8b1db4dfbab7380db3f126929944e6602a6f4785.jpg","LowSize":"18989","LowHeight":"200","LowWidth":"123","ThumbPic":"https://inishop.com/img/gallery_thumbs/08bdcf15ff73242b93c32b89c46bb9e69e1f4604.jpg","ThumbPicSize":"4022","Pic":"https://inishop.com/img/gallery/b997f8257eec87a74e29dc40837e8ef6cd52718a.jpg","Size":"502827","PicHeight":"1325","PicWidth":"815","Pic500x500":"https://inishop.com/img/gallery_mediums/036a0f2d467bc10715d35927d015ff7b5538f6bb.jpg","Pic500x500Size":"91701","Pic500x500Height":"500","Pic500x500Width":"308","No":"3","IsMain":"N","Updated":"2025-09-08 16:49:56","IsPrivate":"0","Type":"ProductImage","Attributes":{"OriginalFileName":""}}],"FeaturesGroups":[{"ID":13305,"SortNo":"10","FeatureGroup":{"ID":"185","Name":{"Value":"Ominaisuudet","Language":"FI"}},"Features":[{"Localized":0,"ID":503327329,"LocalID":0,"Type":"numerical","Value":"1500","CategoryFeatureId":"189213","CategoryFeatureGroupID":"13305","SortNo":"200","PresentationValue":"1,5 kg","RawValue":"1500","LocalValue":"1,5","Description":"Tuotteen paino ilman pakkausta (Nettopaino). Jos mahdollista, nettopaino ilmaistaan vakiovarusteineet ja tarvikkeet mukaan laskettuna. Huomaa, että joskus valmistaja antaa kaupallisen tulkinnan tuotteen painosta, jättämällä pois  lisävarusteiden ja / tai tarvikkeiden painon.","Mandatory":"1","Searchable":"0","Optional":"0","Feature":{"ID":"94","Sign":"","Measure":{"ID":"38","Sign":"","Signs":{"ID":"13826","_":"g","Language":"FI"}},"Name":{"Value":"Paino","Language":"FI"}}},{"Localized":0,"ID":835128598,"LocalID":0,"Type":"multi_dropdown","Value":"Mini (5 - 10kg),X-Small (< 4kg)","CategoryFeatureId":"122920","CategoryFeatureGroupID":"13305","SortNo":"189","PresentationValue":"Pieni (5 - 10 kg), X-Small (< 4 kg)","RawValue":"Mini (5 - 10kg),X-Small (< 4kg)","LocalValue":"Pieni (5 - 10 kg), X-Small (< 4 kg)","Description":"","Mandatory":"0","Searchable":"0","Optional":"0","Feature":{"ID":"20703","Sign":"","Measure":{"ID":"29","Sign":"","Signs":{"ID":"","_":"","Language":"FI"}},"Name":{"Value":"Rodun koko","Language":"FI"}}},{"Localized":0,"ID":835128922,"LocalID":0,"Type":"multi_dropdown","Value":"Omega-3,Omega-6,Vitamin A,Vitamin C,Vitamin D,Vitamin E","CategoryFeatureId":"201495","CategoryFeatureGroupID":"13305","SortNo":"175","PresentationValue":"Omega-3, Omega 6, A-vitamiini, C-vitamiini, D-vitamiini, E-vitamiini","RawValue":"Omega-3,Omega-6,Vitamin A,Vitamin C,Vitamin D,Vitamin E","LocalValue":"Omega-3, Omega 6, A-vitamiini, C-vitamiini, D-vitamiini, E-vitamiini","Description":"","Mandatory":"0","Searchable":"0","Optional":"0","Feature":{"ID":"26607","Sign":"","Measure":{"ID":"29","Sign":"","Signs":{"ID":"","_":"","Language":"FI"}},"Name":{"Value":"Sisältää vitamiineja","Language":"FI"}}},{"Localized":0,"ID":835128592,"LocalID":0,"Type":"dropdown","Value":"Adult (animal)","CategoryFeatureId":"122907","CategoryFeatureGroupID":"13305","SortNo":"20","PresentationValue":"Aikuinen","RawValue":"Adult (animal)","LocalValue":"Aikuinen","Description":"","Mandatory":"1","Searchable":"1","Optional":"0","Feature":{"ID":"20700","Sign":"","Measure":{"ID":"29","Sign":"","Signs":{"ID":"","_":"","Language":"FI"}},"Name":{"Value":"Lemmikin elämänvaihe","Language":"FI"}}},{"Localized":0,"ID":503327333,"LocalID":0,"Type":"multi_dropdown","Value":"Chicken","CategoryFeatureId":"122918","CategoryFeatureGroupID":"13305","SortNo":"17","PresentationValue":"Kana","RawValue":"Chicken","LocalValue":"Kana","Description":"","Mandatory":"1","Searchable":"1","Optional":"0","Feature":{"ID":"20702","Sign":"","Measure":{"ID":"29","Sign":"","Signs":{"ID":"","_":"","Language":"FI"}},"Name":{"Value":"Lemmikinruoan maku","Language":"FI"}}},{"Localized":1,"ID":0,"LocalID":554059084,"Type":"textarea","Value":"","CategoryFeatureId":"694052","CategoryFeatureGroupID":"13305","SortNo":"17","PresentationValue":"Vehnä, maissigluteenijauho, maissi, kanan- ja kalkkunanlihajauho, hernelese, lihauute, selluloosa, kuivattu tomaatti-puristemassa, pellavansiemen, eläinrasva, kuivattu juurikasmassa, kookospähkinäöljy (2,2%), kivennäisaineet, kuivattua porkkanaa","RawValue":"","LocalValue":"Vehnä, maissigluteenijauho, maissi, kanan- ja kalkkunanlihajauho, hernelese, lihauute, selluloosa, kuivattu tomaatti-puristemassa, pellavansiemen, eläinrasva, kuivattu juurikasmassa, kookospähkinäöljy (2,2%), kivennäisaineet, kuivattua porkkanaa","Description":"","Mandatory":"0","Searchable":"0","Optional":"0","Feature":{"ID":"16908","Sign":"","Measure":{"ID":"29","Sign":"","Signs":{"ID":"","_":"","Language":"FI"}},"Name":{"Value":"Ainesosat","Language":"FI"}}},{"Localized":0,"ID":503327326,"LocalID":0,"Type":"numerical","Value":"6","CategoryFeatureId":"661803","CategoryFeatureGroupID":"13305","SortNo":"0","PresentationValue":"6 kpl","RawValue":"6","LocalValue":"6","Description":"","Mandatory":"0","Searchable":"0","Optional":"0","Feature":{"ID":"20228","Sign":"","Measure":{"ID":"144","Sign":"","Signs":{"ID":"3770","_":"kpl","Language":"FI"}},"Name":{"Value":"Lukumäärä per pakkaus","Language":"FI"}}}]},{"ID":22475,"SortNo":"8","FeatureGroup":{"ID":"200","Name":{"Value":"Ravitsemustiedot","Language":"FI"}},"Features":[{"Localized":0,"ID":835128841,"LocalID":0,"Type":"numerical","Value":"27.7","CategoryFeatureId":"122923","CategoryFeatureGroupID":"22475","SortNo":"100","PresentationValue":"27,7%","RawValue":"27.7","LocalValue":"27,7","Description":"","Mandatory":"0","Searchable":"0","Optional":"0","Feature":{"ID":"20705","Sign":"","Measure":{"ID":"64","Sign":"","Signs":{"ID":"47","_":"%","Language":"EN"}},"Name":{"Value":"Proteiini","Language":"FI"}}},{"Localized":0,"ID":835128842,"LocalID":0,"Type":"numerical","Value":"12.3","CategoryFeatureId":"122924","CategoryFeatureGroupID":"22475","SortNo":"100","PresentationValue":"12,3%","RawValue":"12.3","LocalValue":"12,3","Description":"","Mandatory":"0","Searchable":"0","Optional":"0","Feature":{"ID":"20706","Sign":"","Measure":{"ID":"64","Sign":"","Signs":{"ID":"47","_":"%","Language":"EN"}},"Name":{"Value":"Rasvapitoisuus","Language":"FI"}}},{"Localized":0,"ID":835128843,"LocalID":0,"Type":"numerical","Value":"13.2","CategoryFeatureId":"122926","CategoryFeatureGroupID":"22475","SortNo":"100","PresentationValue":"13,2%","RawValue":"13.2","LocalValue":"13,2","Description":"","Mandatory":"0","Searchable":"0","Optional":"0","Feature":{"ID":"20708","Sign":"","Measure":{"ID":"64","Sign":"","Signs":{"ID":"47","_":"%","Language":"EN"}},"Name":{"Value":"Raakakuitu","Language":"FI"}}},{"Localized":0,"ID":835128847,"LocalID":0,"Type":"numerical","Value":"0.66","CategoryFeatureId":"201489","CategoryFeatureGroupID":"22475","SortNo":"100","PresentationValue":"0,66%","RawValue":"0.66","LocalValue":"0,66","Description":"","Mandatory":"0","Searchable":"0","Optional":"0","Feature":{"ID":"30405","Sign":"","Measure":{"ID":"64","Sign":"","Signs":{"ID":"47","_":"%","Language":"EN"}},"Name":{"Value":"Fosfori","Language":"FI"}}},{"Localized":0,"ID":835128845,"LocalID":0,"Type":"numerical","Value":"0.82","CategoryFeatureId":"201490","CategoryFeatureGroupID":"22475","SortNo":"100","PresentationValue":"0,82%","RawValue":"0.82","LocalValue":"0,82","Description":"","Mandatory":"0","Searchable":"0","Optional":"0","Feature":{"ID":"30404","Sign":"","Measure":{"ID":"64","Sign":"","Signs":{"ID":"47","_":"%","Language":"EN"}},"Name":{"Value":"Kalsium","Language":"FI"}}},{"Localized":0,"ID":835128849,"LocalID":0,"Type":"numerical","Value":"0.3","CategoryFeatureId":"201491","CategoryFeatureGroupID":"22475","SortNo":"100","PresentationValue":"0,3%","RawValue":"0.3","LocalValue":"0,3","Description":"","Mandatory":"0","Searchable":"0","Optional":"0","Feature":{"ID":"30406","Sign":"","Measure":{"ID":"64","Sign":"","Signs":{"ID":"47","_":"%","Language":"EN"}},"Name":{"Value":"Natriumpitoisuus","Language":"FI"}}},{"Localized":0,"ID":835128853,"LocalID":0,"Type":"numerical","Value":"0.134","CategoryFeatureId":"204245","CategoryFeatureGroupID":"22475","SortNo":"97","PresentationValue":"0,134%","RawValue":"0.134","LocalValue":"0,134","Description":"","Mandatory":"0","Searchable":"0","Optional":"0","Feature":{"ID":"30418","Sign":"","Measure":{"ID":"64","Sign":"","Signs":{"ID":"47","_":"%","Language":"EN"}},"Name":{"Value":"Magnesiumpitoisuus","Language":"FI"}}},{"Localized":0,"ID":835128851,"LocalID":0,"Type":"numerical","Value":"0.85","CategoryFeatureId":"205019","CategoryFeatureGroupID":"22475","SortNo":"94","PresentationValue":"0,85%","RawValue":"0.85","LocalValue":"0,85","Description":"","Mandatory":"0","Searchable":"0","Optional":"0","Feature":{"ID":"30417","Sign":"","Measure":{"ID":"64","Sign":"","Signs":{"ID":"47","_":"%","Language":"EN"}},"Name":{"Value":"Kaliumin määrä","Language":"FI"}}},{"Localized":0,"ID":835128854,"LocalID":0,"Type":"numerical","Value":"410.7","CategoryFeatureId":"205025","CategoryFeatureGroupID":"22475","SortNo":"85","PresentationValue":"410,7 mg/kg","RawValue":"410.7","LocalValue":"410,7","Description":"","Mandatory":"0","Searchable":"0","Optional":"0","Feature":{"ID":"30774","Sign":"","Measure":{"ID":"395","Sign":"","Signs":{"ID":"35494","_":"mg/kg","Language":"FI"}},"Name":{"Value":"L-karnitiinipitoisuus","Language":"FI"}}},{"Localized":0,"ID":835128856,"LocalID":0,"Type":"numerical","Value":"119","CategoryFeatureId":"205028","CategoryFeatureGroupID":"22475","SortNo":"76","PresentationValue":"119 mg/kg","RawValue":"119","LocalValue":"119","Description":"","Mandatory":"0","Searchable":"0","Optional":"0","Feature":{"ID":"30777","Sign":"","Measure":{"ID":"395","Sign":"","Signs":{"ID":"35494","_":"mg/kg","Language":"FI"}},"Name":{"Value":"C-vitamiinin määrä","Language":"FI"}}},{"Localized":0,"ID":835128961,"LocalID":0,"Type":"numerical","Value":"12692","CategoryFeatureId":"205036","CategoryFeatureGroupID":"22475","SortNo":"55","PresentationValue":"12692 IU/kg","RawValue":"12692","LocalValue":"12692","Description":"","Mandatory":"0","Searchable":"0","Optional":"0","Feature":{"ID":"30787","Sign":"","Measure":{"ID":"394","Sign":"","Signs":{"ID":"37516","_":"IU/kg","Language":"FI"}},"Name":{"Value":"A-vitamiinin määrä","Language":"FI"}}},{"Localized":0,"ID":835128857,"LocalID":0,"Type":"numerical","Value":"447","CategoryFeatureId":"205038","CategoryFeatureGroupID":"22475","SortNo":"49","PresentationValue":"447 mg/kg","RawValue":"447","LocalValue":"447","Description":"","Mandatory":"0","Searchable":"0","Optional":"0","Feature":{"ID":"30789","Sign":"","Measure":{"ID":"395","Sign":"","Signs":{"ID":"35494","_":"mg/kg","Language":"FI"}},"Name":{"Value":"E-vitamiinin määrä","Language":"FI"}}},{"Localized":0,"ID":835128951,"LocalID":0,"Type":"numerical","Value":"0.73","CategoryFeatureId":"810603","CategoryFeatureGroupID":"22475","SortNo":"10","PresentationValue":"0,73%","RawValue":"0.73","LocalValue":"0,73","Description":"","Mandatory":"0","Searchable":"0","Optional":"0","Feature":{"ID":"31078","Sign":"","Measure":{"ID":"64","Sign":"","Signs":{"ID":"47","_":"%","Language":"EN"}},"Name":{"Value":"Omega-3-rasvahapon","Language":"FI"}}},{"Localized":0,"ID":835128955,"LocalID":0,"Type":"numerical","Value":"2.4","CategoryFeatureId":"810604","CategoryFeatureGroupID":"22475","SortNo":"9","PresentationValue":"2,4%","RawValue":"2.4","LocalValue":"2,4","Description":"","Mandatory":"0","Searchable":"0","Optional":"0","Feature":{"ID":"44751","Sign":"","Measure":{"ID":"64","Sign":"","Signs":{"ID":"47","_":"%","Language":"EN"}},"Name":{"Value":"Omega-6-rasvahapot","Language":"FI"}}}]}],"FeatureLogos":[],"ReasonsToBuy":[],"Reviews":[],"ProductRelated":[],"CatalogObjectCloud":{},"Variants":[],"ProductStory":[],"Dictionary":{"model_name":"Tuotenimi","desc":"Kuvaus","ean_code":"EAN/UPC-koodi","flash360":"3D-esittely","demo_msg_part3":"Jos sinulla ei ole Icecat-k&auml;ytt&auml;j&auml;tili&auml;, ole hyv&auml; ja rekister&ouml;idy maksutta t&auml;&auml;lt&auml;.","repairability_index":"Repairability index","zoom_panel_init":"Alkuper&auml;inen koko","cat_name":"Ryhm&auml;","product_family":"Tuoteperhe","back_to_top":"Takaisin yl&ouml;s","zoom_panel_out":"Loitonna","specs":"Tekniset tiedot","eu_product_fiche":"EU-tuoteseloste","reviews_head_name":"Arvostelut","pdf_specs":"Tuote-esite","zoom_panel_in":"L&auml;henn&auml;","html_content":"","release_date":"Julkaisup&auml;iv&auml;","demo_msg_part1":"K&auml;yt&auml;t t&auml;ll&auml; hetkell&auml; demo-k&auml;ytt&auml;j&auml;tili&auml;. Ole hyv&auml; ja k&auml;yt&auml; omaa Icecat-k&auml;ytt&auml;j&auml;tili&auml;si.","demo_insert_desc":"This is a demo of a seamless insert of an Icecat LIVE product data-sheet in your website. Imagine that this responsive data-sheet is included in the product page of your webshop.","pdf_url":"K&auml;ytt&ouml;opas","prod_code":"Tuotekoodi","supplier_name":"Tuotemerkki","video":"Video","reasons_to_buy":"Syitä ostaa","marketing_text":"Kuvaus","options_head_name":"Vaihtoehdot","product_series":"Tuotesarja","demo_msg_part2":"Icecat k&auml;ytt&auml;j&auml;tunnuksesi","link_integrate_desk":"Kuinka integroida Icecat LIVE JavaScript.","zoom_panel_dragg":"Hiirell&auml; vet&auml;minen","eu_energy_label":"EU-energiamerkintä"},"DemoAccount":false}}