{"msg":"OK","data":{"GeneralInfo":{"IcecatId":104931866,"ReleaseDate":"","EndOfLifeDate":"","Title":"Mystim Sassy Simon Jänisvibraattori Molempikätinen","TitleInfo":{"GeneratedIntTitle":"Mystim Sassy Simon","GeneratedLocalTitle":{"Value":"Mystim Sassy Simon Jänisvibraattori Molempikätinen","Language":"FI"},"BrandLocalTitle":{"Value":"","Language":"FI"}},"Brand":"Mystim","BrandID":"37946","BrandLogo":"","BrandInfo":{"BrandName":"Mystim","BrandLocalName":"","BrandLogo":""},"ProductName":"Sassy Simon","ProductNameInfo":{"ProductIntName":"Sassy Simon","ProductLocalName":{"Value":"","Language":"FI"}},"BrandPartCode":"6303003","GTIN":["4260152468301"],"Category":{"CategoryID":"7943","Name":{"Value":"Vibraattorit","Language":"FI"}},"ProductFamily":{},"ProductSeries":{"SeriesID":"1"},"Description":{},"SummaryDescription":{"ShortSummaryDescription":"Mystim Sassy Simon, Jänisvibraattori, Vaginan stimulointi, Vaaleanpunainen, Silikoni, Kaareva, Molempikätinen","LongSummaryDescription":"Mystim Sassy Simon. Tuotetyyppi: Jänisvibraattori, Stimulointityyppi: Vaginan stimulointi, Tuotteen väri: Vaaleanpunainen. Akkutyyppi: Sisäänrakennettu akku, Akkuteknologia: Litiumioni (Li-Ion). Pituus: 270 mm, Halkaisija: 4 cm. Pakkaustyyppi: Laatikko. Lukumäärä per pakkaus: 1 kpl"},"BulletPoints":{},"GeneratedBulletPoints":{},"GTINs":[{"GTIN":"4260152468301","IsApproved":true}]},"Image":{"HighPic":"https://inishop.com/img/gallery/104931866_9452621702.jpg","HighPicSize":"59394","HighPicHeight":"800","HighPicWidth":"800","LowPic":"https://inishop.com/img/gallery_lows/104931866_9452621702.jpg","LowPicSize":"6651","LowPicHeight":"200","LowPicWidth":"200","Pic500x500":"https://inishop.com/img/gallery_mediums/104931866_9452621702.jpg","Pic500x500Size":"27601","Pic500x500Height":"500","Pic500x500Width":"500","ThumbPic":"https://inishop.com/img/gallery_thumbs/104931866_9452621702.jpg","ThumbPicSize":"1982"},"Multimedia":[],"Gallery":[{"ID":"68593832","LowPic":"https://inishop.com/img/gallery_lows/104931866_9452621702.jpg","LowSize":"6651","LowHeight":"200","LowWidth":"200","ThumbPic":"https://inishop.com/img/gallery_thumbs/104931866_9452621702.jpg","ThumbPicSize":"1982","Pic":"https://inishop.com/img/gallery/104931866_9452621702.jpg","Size":"59394","PicHeight":"800","PicWidth":"800","Pic500x500":"https://inishop.com/img/gallery_mediums/104931866_9452621702.jpg","Pic500x500Size":"27601","Pic500x500Height":"500","Pic500x500Width":"500","No":"1","IsMain":"Y","Updated":"2022-11-05 13:12:25","IsPrivate":"0","Type":"ProductImage","Attributes":{"OriginalFileName":""}},{"ID":"68593834","LowPic":"https://inishop.com/img/gallery_lows/104931866_3440886589.jpg","LowSize":"6852","LowHeight":"200","LowWidth":"200","ThumbPic":"https://inishop.com/img/gallery_thumbs/104931866_3440886589.jpg","ThumbPicSize":"2093","Pic":"https://inishop.com/img/gallery/104931866_3440886589.jpg","Size":"51712","PicHeight":"800","PicWidth":"800","Pic500x500":"https://inishop.com/img/gallery_mediums/104931866_3440886589.jpg","Pic500x500Size":"25877","Pic500x500Height":"500","Pic500x500Width":"500","No":"2","IsMain":"N","Updated":"2022-11-05 13:12:27","IsPrivate":"0","Type":"ProductImage","Attributes":{"OriginalFileName":""}},{"ID":"68593837","LowPic":"https://inishop.com/img/gallery_lows/104931866_4061203336.jpg","LowSize":"9112","LowHeight":"200","LowWidth":"200","ThumbPic":"https://inishop.com/img/gallery_thumbs/104931866_4061203336.jpg","ThumbPicSize":"2559","Pic":"https://inishop.com/img/gallery/104931866_4061203336.jpg","Size":"70825","PicHeight":"800","PicWidth":"800","Pic500x500":"https://inishop.com/img/gallery_mediums/104931866_4061203336.jpg","Pic500x500Size":"36410","Pic500x500Height":"500","Pic500x500Width":"500","No":"3","IsMain":"N","Updated":"2022-11-05 13:12:29","IsPrivate":"0","Type":"ProductImage","Attributes":{"OriginalFileName":""}},{"ID":"68593841","LowPic":"https://inishop.com/img/gallery_lows/104931866_9176357739.jpg","LowSize":"7588","LowHeight":"200","LowWidth":"200","ThumbPic":"https://inishop.com/img/gallery_thumbs/104931866_9176357739.jpg","ThumbPicSize":"1844","Pic":"https://inishop.com/img/gallery/104931866_9176357739.jpg","Size":"63682","PicHeight":"800","PicWidth":"800","Pic500x500":"https://inishop.com/img/gallery_mediums/104931866_9176357739.jpg","Pic500x500Size":"31561","Pic500x500Height":"500","Pic500x500Width":"500","No":"4","IsMain":"N","Updated":"2022-11-05 13:12:30","IsPrivate":"0","Type":"ProductImage","Attributes":{"OriginalFileName":""}},{"ID":"68593845","LowPic":"https://inishop.com/img/gallery_lows/104931866_0244201299.jpg","LowSize":"14521","LowHeight":"200","LowWidth":"200","ThumbPic":"https://inishop.com/img/gallery_thumbs/104931866_0244201299.jpg","ThumbPicSize":"3862","Pic":"https://inishop.com/img/gallery/104931866_0244201299.jpg","Size":"116772","PicHeight":"800","PicWidth":"800","Pic500x500":"https://inishop.com/img/gallery_mediums/104931866_0244201299.jpg","Pic500x500Size":"59031","Pic500x500Height":"500","Pic500x500Width":"500","No":"5","IsMain":"N","Updated":"2022-11-05 13:12:32","IsPrivate":"0","Type":"ProductImage","Attributes":{"OriginalFileName":""}},{"ID":"68593850","LowPic":"https://inishop.com/img/gallery_lows/104931866_9759100233.jpg","LowSize":"7438","LowHeight":"200","LowWidth":"200","ThumbPic":"https://inishop.com/img/gallery_thumbs/104931866_9759100233.jpg","ThumbPicSize":"2097","Pic":"https://inishop.com/img/gallery/104931866_9759100233.jpg","Size":"65965","PicHeight":"800","PicWidth":"800","Pic500x500":"https://inishop.com/img/gallery_mediums/104931866_9759100233.jpg","Pic500x500Size":"31436","Pic500x500Height":"500","Pic500x500Width":"500","No":"6","IsMain":"N","Updated":"2022-11-05 13:12:34","IsPrivate":"0","Type":"ProductImage","Attributes":{"OriginalFileName":""}},{"ID":"68593853","LowPic":"https://inishop.com/img/gallery_lows/104931866_6055030670.jpg","LowSize":"15568","LowHeight":"200","LowWidth":"200","ThumbPic":"https://inishop.com/img/gallery_thumbs/104931866_6055030670.jpg","ThumbPicSize":"3323","Pic":"https://inishop.com/img/gallery/104931866_6055030670.jpg","Size":"182321","PicHeight":"800","PicWidth":"800","Pic500x500":"https://inishop.com/img/gallery_mediums/104931866_6055030670.jpg","Pic500x500Size":"81318","Pic500x500Height":"500","Pic500x500Width":"500","No":"7","IsMain":"N","Updated":"2022-11-05 13:12:35","IsPrivate":"0","Type":"ProductImage","Attributes":{"OriginalFileName":""}},{"ID":"68593856","LowPic":"https://inishop.com/img/gallery_lows/104931866_1812930647.jpg","LowSize":"11138","LowHeight":"200","LowWidth":"200","ThumbPic":"https://inishop.com/img/gallery_thumbs/104931866_1812930647.jpg","ThumbPicSize":"2495","Pic":"https://inishop.com/img/gallery/104931866_1812930647.jpg","Size":"109431","PicHeight":"800","PicWidth":"800","Pic500x500":"https://inishop.com/img/gallery_mediums/104931866_1812930647.jpg","Pic500x500Size":"51930","Pic500x500Height":"500","Pic500x500Width":"500","No":"8","IsMain":"N","Updated":"2022-11-05 13:12:37","IsPrivate":"0","Type":"ProductImage","Attributes":{"OriginalFileName":""}},{"ID":"68593859","LowPic":"https://inishop.com/img/gallery_lows/104931866_9075865261.jpg","LowSize":"12801","LowHeight":"200","LowWidth":"200","ThumbPic":"https://inishop.com/img/gallery_thumbs/104931866_9075865261.jpg","ThumbPicSize":"2940","Pic":"https://inishop.com/img/gallery/104931866_9075865261.jpg","Size":"149298","PicHeight":"800","PicWidth":"800","Pic500x500":"https://inishop.com/img/gallery_mediums/104931866_9075865261.jpg","Pic500x500Size":"65973","Pic500x500Height":"500","Pic500x500Width":"500","No":"9","IsMain":"N","Updated":"2022-11-05 13:12:38","IsPrivate":"0","Type":"ProductImage","Attributes":{"OriginalFileName":""}},{"ID":"68593863","LowPic":"https://inishop.com/img/gallery_lows/104931866_9299518090.jpg","LowSize":"18929","LowHeight":"200","LowWidth":"200","ThumbPic":"https://inishop.com/img/gallery_thumbs/104931866_9299518090.jpg","ThumbPicSize":"4687","Pic":"https://inishop.com/img/gallery/104931866_9299518090.jpg","Size":"204933","PicHeight":"800","PicWidth":"800","Pic500x500":"https://inishop.com/img/gallery_mediums/104931866_9299518090.jpg","Pic500x500Size":"93754","Pic500x500Height":"500","Pic500x500Width":"500","No":"10","IsMain":"N","Updated":"2025-09-09 09:15:53","IsPrivate":"0","Type":"ProductPackagingImage","Attributes":{"OriginalFileName":""}},{"ID":"68593867","LowPic":"https://inishop.com/img/gallery_lows/104931866_8238495536.jpg","LowSize":"17096","LowHeight":"200","LowWidth":"200","ThumbPic":"https://inishop.com/img/gallery_thumbs/104931866_8238495536.jpg","ThumbPicSize":"4304","Pic":"https://inishop.com/img/gallery/104931866_8238495536.jpg","Size":"196396","PicHeight":"800","PicWidth":"800","Pic500x500":"https://inishop.com/img/gallery_mediums/104931866_8238495536.jpg","Pic500x500Size":"88857","Pic500x500Height":"500","Pic500x500Width":"500","No":"11","IsMain":"N","Updated":"2025-09-09 09:15:54","IsPrivate":"0","Type":"ProductPackagingImage","Attributes":{"OriginalFileName":""}}],"FeaturesGroups":[{"ID":28803,"SortNo":"30","FeatureGroup":{"ID":"185","Name":{"Value":"Ominaisuudet","Language":"FI"}},"Features":[{"Localized":0,"ID":510073059,"LocalID":0,"Type":"dropdown","Value":"Rabbit vibrator","CategoryFeatureId":"808782","CategoryFeatureGroupID":"28803","SortNo":"150","PresentationValue":"Jänisvibraattori","RawValue":"Rabbit vibrator","LocalValue":"Jänisvibraattori","Description":"The sub-category of the product.","Mandatory":"1","Searchable":"1","Optional":"0","Feature":{"ID":"14052","Sign":"","Measure":{"ID":"29","Sign":"","Signs":{"ID":"","_":"","Language":"FI"}},"Name":{"Value":"Tuotetyyppi","Language":"FI"}}},{"Localized":0,"ID":510073201,"LocalID":0,"Type":"dropdown","Value":"Curved","CategoryFeatureId":"270233","CategoryFeatureGroupID":"28803","SortNo":"100","PresentationValue":"Kaareva","RawValue":"Curved","LocalValue":"Kaareva","Description":"The external form","Mandatory":"0","Searchable":"0","Optional":"0","Feature":{"ID":"9397","Sign":"","Measure":{"ID":"29","Sign":"","Signs":{"ID":"","_":"","Language":"FI"}},"Name":{"Value":"Muoto","Language":"FI"}}},{"Localized":0,"ID":510073250,"LocalID":0,"Type":"dropdown","Value":"Vaginal stimulation","CategoryFeatureId":"808780","CategoryFeatureGroupID":"28803","SortNo":"100","PresentationValue":"Vaginan stimulointi","RawValue":"Vaginal stimulation","LocalValue":"Vaginan stimulointi","Description":"","Mandatory":"1","Searchable":"1","Optional":"0","Feature":{"ID":"44730","Sign":"","Measure":{"ID":"29","Sign":"","Signs":{"ID":"","_":"","Language":"FI"}},"Name":{"Value":"Stimulointityyppi","Language":"FI"}}},{"Localized":0,"ID":510073172,"LocalID":0,"Type":"dropdown","Value":"Silicone","CategoryFeatureId":"270245","CategoryFeatureGroupID":"28803","SortNo":"90","PresentationValue":"Silikoni","RawValue":"Silicone","LocalValue":"Silikoni","Description":"The material from which a thing is or can be made e.g. wood","Mandatory":"1","Searchable":"0","Optional":"0","Feature":{"ID":"898","Sign":"","Measure":{"ID":"29","Sign":"","Signs":{"ID":"","_":"","Language":"FI"}},"Name":{"Value":"Materiaali","Language":"FI"}}},{"Localized":0,"ID":510073168,"LocalID":0,"Type":"dropdown","Value":"Ambidextrous","CategoryFeatureId":"315245","CategoryFeatureGroupID":"28803","SortNo":"68","PresentationValue":"Molempikätinen","RawValue":"Ambidextrous","LocalValue":"Molempikätinen","Description":"The design allows to draw the gun with the right or left hand or both (ambidextrous).","Mandatory":"0","Searchable":"0","Optional":"0","Feature":{"ID":"21183","Sign":"","Measure":{"ID":"29","Sign":"","Signs":{"ID":"","_":"","Language":"FI"}},"Name":{"Value":"Kätisyys","Language":"FI"}}},{"Localized":0,"ID":510073133,"LocalID":0,"Type":"multi_dropdown","Value":"Buttons","CategoryFeatureId":"315247","CategoryFeatureGroupID":"28803","SortNo":"45","PresentationValue":"Painikkeet","RawValue":"Buttons","LocalValue":"Painikkeet","Description":"The way in which the device is controlled.","Mandatory":"0","Searchable":"0","Optional":"0","Feature":{"ID":"2651","Sign":"","Measure":{"ID":"29","Sign":"","Signs":{"ID":"","_":"","Language":"FI"}},"Name":{"Value":"Ohjaustyyppi","Language":"FI"}}},{"Localized":0,"ID":510073100,"LocalID":0,"Type":"numerical","Value":"5","CategoryFeatureId":"315239","CategoryFeatureGroupID":"28803","SortNo":"40","PresentationValue":"5","RawValue":"5","LocalValue":"5","Description":"The different speeds that the device can operate at.","Mandatory":"0","Searchable":"0","Optional":"0","Feature":{"ID":"2594","Sign":"","Measure":{"ID":"29","Sign":"","Signs":{"ID":"","_":"","Language":"FI"}},"Name":{"Value":"Nopeuksien lukumäärä","Language":"FI"}}},{"Localized":0,"ID":510073130,"LocalID":0,"Type":"numerical","Value":"8","CategoryFeatureId":"315240","CategoryFeatureGroupID":"28803","SortNo":"40","PresentationValue":"8","RawValue":"8","LocalValue":"8","Description":"","Mandatory":"0","Searchable":"0","Optional":"0","Feature":{"ID":"34368","Sign":"","Measure":{"ID":"29","Sign":"","Signs":{"ID":"","_":"","Language":"FI"}},"Name":{"Value":"Kuvioiden lukumäärä","Language":"FI"}}},{"Localized":0,"ID":510073079,"LocalID":0,"Type":"y_n","Value":"Y","CategoryFeatureId":"270246","CategoryFeatureGroupID":"28803","SortNo":"35","PresentationValue":"Kyllä","RawValue":"Y","LocalValue":"Kyllä","Description":"The product is protected from water","Mandatory":"0","Searchable":"0","Optional":"0","Feature":{"ID":"7509","Sign":"","Measure":{"ID":"26","Sign":"","Signs":{"ID":"","_":"","Language":"FI"}},"Name":{"Value":"Vedenpitävä","Language":"FI"}}},{"Localized":0,"ID":835291593,"LocalID":0,"Type":"dropdown","Value":"Matt","CategoryFeatureId":"315569","CategoryFeatureGroupID":"28803","SortNo":"30","PresentationValue":"Matta","RawValue":"Matt","LocalValue":"Matta","Description":"The way that a product is finished e.g. a matt or gloss finish.","Mandatory":"0","Searchable":"0","Optional":"0","Feature":{"ID":"2254","Sign":"","Measure":{"ID":"29","Sign":"","Signs":{"ID":"","_":"","Language":"FI"}},"Name":{"Value":"Materiaalin viimeistely","Language":"FI"}}},{"Localized":0,"ID":510073204,"LocalID":0,"Type":"multi_dropdown","Value":"Pink","CategoryFeatureId":"270236","CategoryFeatureGroupID":"28803","SortNo":"0","PresentationValue":"Vaaleanpunainen","RawValue":"Pink","LocalValue":"Vaaleanpunainen","Description":"The colour e.g. red","Mandatory":"1","Searchable":"1","Optional":"0","Feature":{"ID":"1766","Sign":"","Measure":{"ID":"29","Sign":"","Signs":{"ID":"","_":"","Language":"FI"}},"Name":{"Value":"Tuotteen väri","Language":"FI"}}},{"Localized":0,"ID":835291924,"LocalID":0,"Type":"numerical","Value":"1","CategoryFeatureId":"925341","CategoryFeatureGroupID":"28803","SortNo":"0","PresentationValue":"1 vuosi/vuosia","RawValue":"1","LocalValue":"1","Description":"","Mandatory":"0","Searchable":"0","Optional":"0","Feature":{"ID":"45898","Sign":"","Measure":{"ID":"75","Sign":"","Signs":{"ID":"13861","_":"vuosi/vuosia","Language":"FI"}},"Name":{"Value":"Takuuaika","Language":"FI"}}}]},{"ID":28805,"SortNo":"25","FeatureGroup":{"ID":"143","Name":{"Value":"Akku","Language":"FI"}},"Features":[{"Localized":0,"ID":510073298,"LocalID":0,"Type":"dropdown","Value":"Built-in battery","CategoryFeatureId":"270240","CategoryFeatureGroupID":"28805","SortNo":"170","PresentationValue":"Sisäänrakennettu akku","RawValue":"Built-in battery","LocalValue":"Sisäänrakennettu akku","Description":"Kuvaus tuotteen mukana tulevasta akusta.","Mandatory":"1","Searchable":"0","Optional":"0","Feature":{"ID":"908","Sign":"","Measure":{"ID":"29","Sign":"","Signs":{"ID":"","_":"","Language":"FI"}},"Name":{"Value":"Akkutyyppi","Language":"FI"}}},{"Localized":0,"ID":510073343,"LocalID":0,"Type":"dropdown","Value":"Lithium-Ion (Li-Ion)","CategoryFeatureId":"270243","CategoryFeatureGroupID":"28805","SortNo":"17","PresentationValue":"Litiumioni (Li-Ion)","RawValue":"Lithium-Ion (Li-Ion)","LocalValue":"Litiumioni (Li-Ion)","Description":"The type of battery in the device","Mandatory":"0","Searchable":"0","Optional":"0","Feature":{"ID":"434","Sign":"","Measure":{"ID":"29","Sign":"","Signs":{"ID":"","_":"","Language":"FI"}},"Name":{"Value":"Akkuteknologia","Language":"FI"}}},{"Localized":0,"ID":510073314,"LocalID":0,"Type":"y_n","Value":"Y","CategoryFeatureId":"315558","CategoryFeatureGroupID":"28805","SortNo":"15","PresentationValue":"Kyllä","RawValue":"Y","LocalValue":"Kyllä","Description":"","Mandatory":"0","Searchable":"0","Optional":"0","Feature":{"ID":"11194","Sign":"","Measure":{"ID":"26","Sign":"","Signs":{"ID":"","_":"","Language":"FI"}},"Name":{"Value":"USB-lataus","Language":"FI"}}}]},{"ID":28807,"SortNo":"15","FeatureGroup":{"ID":"14","Name":{"Value":"Paino ja mitat","Language":"FI"}},"Features":[{"Localized":0,"ID":510073266,"LocalID":0,"Type":"numerical","Value":"270","CategoryFeatureId":"270247","CategoryFeatureGroupID":"28807","SortNo":"49","PresentationValue":"270 mm","RawValue":"270","LocalValue":"270","Description":"The measurement or extent of something from end to end.","Mandatory":"1","Searchable":"0","Optional":"0","Feature":{"ID":"2738","Sign":"","Measure":{"ID":"24","Sign":"","Signs":{"ID":"13815","_":"mm","Language":"FI"}},"Name":{"Value":"Pituus","Language":"FI"}}},{"Localized":0,"ID":510073295,"LocalID":0,"Type":"numerical","Value":"40","CategoryFeatureId":"270248","CategoryFeatureGroupID":"28807","SortNo":"47","PresentationValue":"4 cm","RawValue":"40","LocalValue":"4","Description":"Distance from one side of a body (circle or sphere) to the other side","Mandatory":"0","Searchable":"0","Optional":"0","Feature":{"ID":"2931","Sign":"","Measure":{"ID":"24","Sign":"","Signs":{"ID":"13815","_":"mm","Language":"FI"}},"Name":{"Value":"Halkaisija","Language":"FI"}}}]},{"ID":75451,"SortNo":"13","FeatureGroup":{"ID":"67","Name":{"Value":"Pakkaustiedot","Language":"FI"}},"Features":[{"Localized":0,"ID":510073394,"LocalID":0,"Type":"dropdown","Value":"Box","CategoryFeatureId":"593889","CategoryFeatureGroupID":"75451","SortNo":"-15","PresentationValue":"Laatikko","RawValue":"Box","LocalValue":"Laatikko","Description":"The type of product package e.g. box.","Mandatory":"0","Searchable":"0","Optional":"0","Feature":{"ID":"4463","Sign":"","Measure":{"ID":"29","Sign":"","Signs":{"ID":"","_":"","Language":"FI"}},"Name":{"Value":"Pakkaustyyppi","Language":"FI"}}}]},{"ID":28804,"SortNo":"10","FeatureGroup":{"ID":"116","Name":{"Value":"Pakkauksen sisältö","Language":"FI"}},"Features":[{"Localized":0,"ID":510073345,"LocalID":0,"Type":"numerical","Value":"1","CategoryFeatureId":"660396","CategoryFeatureGroupID":"28804","SortNo":"500","PresentationValue":"1 kpl","RawValue":"1","LocalValue":"1","Description":"","Mandatory":"0","Searchable":"0","Optional":"0","Feature":{"ID":"20228","Sign":"","Measure":{"ID":"144","Sign":"","Signs":{"ID":"3770","_":"kpl","Language":"FI"}},"Name":{"Value":"Lukumäärä per pakkaus","Language":"FI"}}},{"Localized":0,"ID":510073375,"LocalID":0,"Type":"y_n","Value":"Y","CategoryFeatureId":"315244","CategoryFeatureGroupID":"28804","SortNo":"100","PresentationValue":"Kyllä","RawValue":"Y","LocalValue":"Kyllä","Description":"","Mandatory":"0","Searchable":"0","Optional":"0","Feature":{"ID":"3965","Sign":"","Measure":{"ID":"26","Sign":"","Signs":{"ID":"","_":"","Language":"FI"}},"Name":{"Value":"Käyttöopas","Language":"FI"}}},{"Localized":0,"ID":510073378,"LocalID":0,"Type":"y_n","Value":"Y","CategoryFeatureId":"315566","CategoryFeatureGroupID":"28804","SortNo":"15","PresentationValue":"Kyllä","RawValue":"Y","LocalValue":"Kyllä","Description":"","Mandatory":"0","Searchable":"0","Optional":"0","Feature":{"ID":"4014","Sign":"","Measure":{"ID":"26","Sign":"","Signs":{"ID":"","_":"","Language":"FI"}},"Name":{"Value":"Säilytyspussi","Language":"FI"}}}]}],"FeatureLogos":[],"ReasonsToBuy":[],"Reviews":[],"ProductRelated":[],"CatalogObjectCloud":{},"Variants":[],"ProductStory":[],"Dictionary":{"model_name":"Tuotenimi","desc":"Kuvaus","ean_code":"EAN/UPC-koodi","flash360":"3D-esittely","demo_msg_part3":"Jos sinulla ei ole Icecat-k&auml;ytt&auml;j&auml;tili&auml;, ole hyv&auml; ja rekister&ouml;idy maksutta t&auml;&auml;lt&auml;.","repairability_index":"Repairability index","zoom_panel_init":"Alkuper&auml;inen koko","cat_name":"Ryhm&auml;","product_family":"Tuoteperhe","back_to_top":"Takaisin yl&ouml;s","zoom_panel_out":"Loitonna","specs":"Tekniset tiedot","eu_product_fiche":"EU-tuoteseloste","reviews_head_name":"Arvostelut","pdf_specs":"Tuote-esite","zoom_panel_in":"L&auml;henn&auml;","html_content":"","release_date":"Julkaisup&auml;iv&auml;","demo_msg_part1":"K&auml;yt&auml;t t&auml;ll&auml; hetkell&auml; demo-k&auml;ytt&auml;j&auml;tili&auml;. Ole hyv&auml; ja k&auml;yt&auml; omaa Icecat-k&auml;ytt&auml;j&auml;tili&auml;si.","demo_insert_desc":"This is a demo of a seamless insert of an Icecat LIVE product data-sheet in your website. Imagine that this responsive data-sheet is included in the product page of your webshop.","pdf_url":"K&auml;ytt&ouml;opas","prod_code":"Tuotekoodi","supplier_name":"Tuotemerkki","video":"Video","reasons_to_buy":"Syitä ostaa","marketing_text":"Kuvaus","options_head_name":"Vaihtoehdot","product_series":"Tuotesarja","demo_msg_part2":"Icecat k&auml;ytt&auml;j&auml;tunnuksesi","link_integrate_desk":"Kuinka integroida Icecat LIVE JavaScript.","zoom_panel_dragg":"Hiirell&auml; vet&auml;minen","eu_energy_label":"EU-energiamerkintä"},"DemoAccount":false}}