{"msg":"OK","data":{"GeneralInfo":{"IcecatId":134703638,"ReleaseDate":"","EndOfLifeDate":"","Title":"Bloom & Wild The Ramona Just because","TitleInfo":{"GeneratedIntTitle":"Bloom & Wild The Ramona","GeneratedLocalTitle":{"Value":"Bloom & Wild The Ramona Just because","Language":"FI"},"BrandLocalTitle":{"Value":"","Language":"FI"}},"Brand":"Bloom & Wild","BrandID":"43649","BrandLogo":"","BrandInfo":{"BrandName":"Bloom & Wild","BrandLocalName":"","BrandLogo":""},"ProductName":"The Ramona","ProductNameInfo":{"ProductIntName":"The Ramona","ProductLocalName":{"Value":"","Language":"FI"}},"BrandPartCode":"69192","GTIN":[],"Category":{"CategoryID":"4796","Name":{"Value":"Tuoreet sekakukkakimput","Language":"FI"}},"ProductFamily":{},"ProductSeries":{"SeriesID":"1"},"Description":{},"SummaryDescription":{"ShortSummaryDescription":"Bloom & Wild The Ramona, Sekalainen leikkokukkakimppu, Monivärinen, Just because, 48 päivää","LongSummaryDescription":"Bloom & Wild The Ramona. Tuotetyyppi: Sekalainen leikkokukkakimppu, Tuotteen väri: Monivärinen, Tilaisuus: Just because"},"BulletPoints":{},"GeneratedBulletPoints":{},"GTINs":[]},"Image":{"HighPic":"https://inishop.com/img/gallery/387df3db64c67acd15db10e295cdc349793fb7a8.jpg","HighPicSize":"700538","HighPicHeight":"1000","HighPicWidth":"1000","LowPic":"https://inishop.com/img/gallery_lows/18d9da341e8c4852a3bbdeb59701aad9fd209d50.jpg","LowPicSize":"44839","LowPicHeight":"200","LowPicWidth":"200","Pic500x500":"https://inishop.com/img/gallery_mediums/08026584378bdf2e2431e7263cc36797a28680c0.jpg","Pic500x500Size":"212771","Pic500x500Height":"500","Pic500x500Width":"500","ThumbPic":"https://inishop.com/img/gallery_thumbs/8f5944be2f06397b9e22019f96371ef61b50794f.jpg","ThumbPicSize":"8957"},"Multimedia":[],"Gallery":[{"ID":"117095677","LowPic":"https://inishop.com/img/gallery_lows/18d9da341e8c4852a3bbdeb59701aad9fd209d50.jpg","LowSize":"44839","LowHeight":"200","LowWidth":"200","ThumbPic":"https://inishop.com/img/gallery_thumbs/8f5944be2f06397b9e22019f96371ef61b50794f.jpg","ThumbPicSize":"8957","Pic":"https://inishop.com/img/gallery/387df3db64c67acd15db10e295cdc349793fb7a8.jpg","Size":"700538","PicHeight":"1000","PicWidth":"1000","Pic500x500":"https://inishop.com/img/gallery_mediums/08026584378bdf2e2431e7263cc36797a28680c0.jpg","Pic500x500Size":"212771","Pic500x500Height":"500","Pic500x500Width":"500","No":"1","IsMain":"Y","Updated":"2025-09-09 11:09:28","IsPrivate":"0","Type":"ProductImage","Attributes":{"OriginalFileName":""}},{"ID":"117095690","LowPic":"https://inishop.com/img/gallery_lows/af8afec6c19f5c6e8702a1c99cd375949acc082d.jpg","LowSize":"46026","LowHeight":"200","LowWidth":"200","ThumbPic":"https://inishop.com/img/gallery_thumbs/2b8909d3f65f0506688fa07f8260f5492a22b1a1.jpg","ThumbPicSize":"9147","Pic":"https://inishop.com/img/gallery/e02865e314076feb0400224455d5102195c5de31.jpg","Size":"729135","PicHeight":"1000","PicWidth":"1000","Pic500x500":"https://inishop.com/img/gallery_mediums/f5dce2c4fd0fef411d8354176ddb38cf82958c28.jpg","Pic500x500Size":"224714","Pic500x500Height":"500","Pic500x500Width":"500","No":"3","IsMain":"N","Updated":"2025-09-09 11:09:46","IsPrivate":"0","Type":"LifestyleImage","Attributes":{"OriginalFileName":""}},{"ID":"117095693","LowPic":"https://inishop.com/img/gallery_lows/7595ec16baa2ec02a2998dd79f4d35b4cf4b714b.jpg","LowSize":"69964","LowHeight":"200","LowWidth":"200","ThumbPic":"https://inishop.com/img/gallery_thumbs/875403a1cd735ecea3d9847ce8f8b24eb1c4eb61.jpg","ThumbPicSize":"13064","Pic":"https://inishop.com/img/gallery/d398ada8510872d754538572de4c805dffbc9d21.jpg","Size":"1217075","PicHeight":"1000","PicWidth":"1000","Pic500x500":"https://inishop.com/img/gallery_mediums/84ebc5407f8be5c77766d94cbbe8f25a96d49b95.jpg","Pic500x500Size":"357620","Pic500x500Height":"500","Pic500x500Width":"500","No":"4","IsMain":"N","Updated":"2025-09-09 11:09:50","IsPrivate":"0","Type":"ProductDetailImage","Attributes":{"OriginalFileName":""}},{"ID":"117095695","LowPic":"https://inishop.com/img/gallery_lows/8b896ccfc5ee2d3ea729952ca96f7ab46f182f72.jpg","LowSize":"48366","LowHeight":"200","LowWidth":"200","ThumbPic":"https://inishop.com/img/gallery_thumbs/d2487fdc92d6578ebfeafc5c23ae8581f85273fd.jpg","ThumbPicSize":"9922","Pic":"https://inishop.com/img/gallery/b7dd59a8f0f7355374e6fe39abed5fa51fddf827.jpg","Size":"630229","PicHeight":"1000","PicWidth":"1000","Pic500x500":"https://inishop.com/img/gallery_mediums/01cc5fe8023df1995e94a0d0617effe0a48afe09.jpg","Pic500x500Size":"213900","Pic500x500Height":"500","Pic500x500Width":"500","No":"5","IsMain":"N","Updated":"2025-09-09 11:09:56","IsPrivate":"0","Type":"ProductPackagingImage","Attributes":{"OriginalFileName":""}}],"FeaturesGroups":[{"ID":24776,"SortNo":"50","FeatureGroup":{"ID":"185","Name":{"Value":"Ominaisuudet","Language":"FI"}},"Features":[{"Localized":0,"ID":835244683,"LocalID":0,"Type":"dropdown","Value":"Fresh cut mixed bouquet","CategoryFeatureId":"935697","CategoryFeatureGroupID":"24776","SortNo":"500","PresentationValue":"Sekalainen leikkokukkakimppu","RawValue":"Fresh cut mixed bouquet","LocalValue":"Sekalainen leikkokukkakimppu","Description":"The sub-category of the product.","Mandatory":"1","Searchable":"1","Optional":"0","Feature":{"ID":"14052","Sign":"","Measure":{"ID":"29","Sign":"","Signs":{"ID":"","_":"","Language":"FI"}},"Name":{"Value":"Tuotetyyppi","Language":"FI"}}},{"Localized":0,"ID":835244682,"LocalID":0,"Type":"multi_dropdown","Value":"Multicolour","CategoryFeatureId":"945016","CategoryFeatureGroupID":"24776","SortNo":"300","PresentationValue":"Monivärinen","RawValue":"Multicolour","LocalValue":"Monivärinen","Description":"The colour e.g. red","Mandatory":"0","Searchable":"0","Optional":"0","Feature":{"ID":"1766","Sign":"","Measure":{"ID":"29","Sign":"","Signs":{"ID":"","_":"","Language":"FI"}},"Name":{"Value":"Tuotteen väri","Language":"FI"}}},{"Localized":0,"ID":835244684,"LocalID":0,"Type":"dropdown","Value":"Just because","CategoryFeatureId":"221114","CategoryFeatureGroupID":"24776","SortNo":"250","PresentationValue":"Just because","RawValue":"Just because","LocalValue":"Just because","Description":"","Mandatory":"0","Searchable":"0","Optional":"0","Feature":{"ID":"29202","Sign":"","Measure":{"ID":"29","Sign":"","Signs":{"ID":"","_":"","Language":"FI"}},"Name":{"Value":"Tilaisuus","Language":"FI"}}},{"Localized":0,"ID":835244681,"LocalID":0,"Type":"numerical","Value":"16","CategoryFeatureId":"935698","CategoryFeatureGroupID":"24776","SortNo":"10","PresentationValue":"16","RawValue":"16","LocalValue":"16","Description":"The number of products there are.","Mandatory":"0","Searchable":"0","Optional":"0","Feature":{"ID":"1675","Sign":"","Measure":{"ID":"29","Sign":"","Signs":{"ID":"","_":"","Language":"FI"}},"Name":{"Value":"Määrä","Language":"FI"}}},{"Localized":0,"ID":836029513,"LocalID":0,"Type":"numerical","Value":"48","CategoryFeatureId":"221116","CategoryFeatureGroupID":"24776","SortNo":"0","PresentationValue":"48 päivää","RawValue":"48","LocalValue":"48","Description":"","Mandatory":"0","Searchable":"0","Optional":"0","Feature":{"ID":"19213","Sign":"","Measure":{"ID":"49","Sign":"","Signs":{"ID":"13837","_":"päivää","Language":"FI"}},"Name":{"Value":"Elinaika","Language":"FI"}}}]}],"FeatureLogos":[],"ReasonsToBuy":[],"Reviews":[],"ProductRelated":[],"CatalogObjectCloud":{},"Variants":[],"ProductStory":[],"Dictionary":{"model_name":"Tuotenimi","desc":"Kuvaus","ean_code":"EAN/UPC-koodi","flash360":"3D-esittely","demo_msg_part3":"Jos sinulla ei ole Icecat-k&auml;ytt&auml;j&auml;tili&auml;, ole hyv&auml; ja rekister&ouml;idy maksutta t&auml;&auml;lt&auml;.","repairability_index":"Repairability index","zoom_panel_init":"Alkuper&auml;inen koko","cat_name":"Ryhm&auml;","product_family":"Tuoteperhe","back_to_top":"Takaisin yl&ouml;s","zoom_panel_out":"Loitonna","specs":"Tekniset tiedot","eu_product_fiche":"EU-tuoteseloste","reviews_head_name":"Arvostelut","pdf_specs":"Tuote-esite","zoom_panel_in":"L&auml;henn&auml;","html_content":"","release_date":"Julkaisup&auml;iv&auml;","demo_msg_part1":"K&auml;yt&auml;t t&auml;ll&auml; hetkell&auml; demo-k&auml;ytt&auml;j&auml;tili&auml;. Ole hyv&auml; ja k&auml;yt&auml; omaa Icecat-k&auml;ytt&auml;j&auml;tili&auml;si.","demo_insert_desc":"This is a demo of a seamless insert of an Icecat LIVE product data-sheet in your website. Imagine that this responsive data-sheet is included in the product page of your webshop.","pdf_url":"K&auml;ytt&ouml;opas","prod_code":"Tuotekoodi","supplier_name":"Tuotemerkki","video":"Video","reasons_to_buy":"Syitä ostaa","marketing_text":"Kuvaus","options_head_name":"Vaihtoehdot","product_series":"Tuotesarja","demo_msg_part2":"Icecat k&auml;ytt&auml;j&auml;tunnuksesi","link_integrate_desk":"Kuinka integroida Icecat LIVE JavaScript.","zoom_panel_dragg":"Hiirell&auml; vet&auml;minen","eu_energy_label":"EU-energiamerkintä"},"DemoAccount":false}}