{"msg":"OK","data":{"GeneralInfo":{"IcecatId":113393050,"ReleaseDate":"","EndOfLifeDate":"","Title":"Essence geelimäinen kynsiväri","TitleInfo":{"GeneratedIntTitle":"Essence Gel Nail nail polish","GeneratedLocalTitle":{"Value":"Essence Gel Nail kynsilakka 8 ml Vihreä Kiilto","Language":"FI"},"BrandLocalTitle":{"Value":"Essence geelimäinen kynsiväri","Language":"FI"}},"Brand":"Essence","BrandID":"29383","BrandLogo":"https://inishop.com/img/brand/thumb/29383_837cf392de374591bbd1c9cdef160cb6.jpg","BrandInfo":{"BrandName":"Essence","BrandLocalName":"","BrandLogo":"https://inishop.com/img/brand/thumb/29383_837cf392de374591bbd1c9cdef160cb6.jpg"},"ProductName":"geelimäinen kynsiväri","ProductNameInfo":{"ProductIntName":"Gel Nail","ProductLocalName":{"Value":"geelimäinen kynsiväri","Language":"FI"}},"BrandPartCode":"942239","GTIN":["4059729422392"],"Category":{"CategoryID":"2943","Name":{"Value":"Kynsilakat","Language":"FI"}},"ProductFamily":{},"ProductSeries":{"SeriesID":"0"},"Description":{"ID":"104037501","LongDesc":"Puhdasta kauneutta WOW-suorituskyvyllä! Ei kompromissejä geeliväri kynsilakoilla: ne on helppo levittää patentoidun, leveän kaksoiskosketusharjan ansiosta, ja ne kuivuvat erittäin nopeasti vain 40 sekunnissa. Pitkäkestoinen geelipinta ja laaja värivalikoima eivät jätä mitään toivomisen varaa. Ja kaikki tämä vegaanisessa, ”clean beauty” koostumuksessa, jossa on lyhyt lista ainesosia eikä mikromuovihiukkasia! Geelikynsilakat ovat myös ilmastoneutraaleja CO2-kompensaation ansiosta.<br>","LongProductName":"geelimäinen kynsiväri 60 - kale YEAH!, 8ml","MiddleDesc":"","Disclaimer":"","ManualPDFURL":"","ManualPDFSize":"0","LeafletPDFURL":"","PDFSize":"0","URL":"https://www.essence.eu/fi-fi/p/942239/gel-nail-colour","WarrantyInfo":"","Updated":"2025-09-08 16:06:31","Language":"FI"},"SummaryDescription":{"ShortSummaryDescription":"Essence geelimäinen kynsiväri, 8 ml, Vihreä, kale YEAH!, Väritys, Läpikuultamaton, Kiilto","LongSummaryDescription":"Essence geelimäinen kynsiväri. Volyymi: 8 ml, Väriryhmä: Vihreä, Värin nimi: kale YEAH!. Kestävän kehityksen sertifikaatit: Sopii vegaaneille. Sisältyvien tuotteiden lukumäärä: 1 kpl"},"BulletPoints":{"BulletPointsId":"13607121","Language":"FI","Values":["Pitkäkestoinen geelimäinen viimeistely ja äärimmäinen kiilto","Kuivuu vain 40 sekunnissa","Helppo levittää leveän siveltimen ansiosta"],"Updated":"2025-09-08 16:06:31"},"GeneratedBulletPoints":{"Language":"FI","Values":["Pullo 8 ml Väriryhmä: Vihreä","60 kale YEAH! Levittäjän tyyppi: Sivellin","Materiaalin viimeistely: Kiilto","Pitkäkestoinen Nopeasti kuivuva Helppo käyttää"]},"GTINs":[{"GTIN":"4059729422392","IsApproved":true}]},"Image":{"HighPic":"https://inishop.com/img/gallery/4b0db8e3f266cac9e6e14cca8f278a55.jpg","HighPicSize":"656810","HighPicHeight":"2000","HighPicWidth":"2000","LowPic":"https://inishop.com/img/gallery_lows/4b0db8e3f266cac9e6e14cca8f278a55.jpg","LowPicSize":"23980","LowPicHeight":"200","LowPicWidth":"200","Pic500x500":"https://inishop.com/img/gallery_mediums/4b0db8e3f266cac9e6e14cca8f278a55.jpg","Pic500x500Size":"93391","Pic500x500Height":"500","Pic500x500Width":"500","ThumbPic":"https://inishop.com/img/gallery_thumbs/4b0db8e3f266cac9e6e14cca8f278a55.jpg","ThumbPicSize":"6060"},"Multimedia":[{"ID":"FD190C7E-322D-4DFA-8A65-795531023E0F","URL":"https://www.youtube.com/embed/eFGhO-YU56o?access=BZLyM90LlqvbxAGzipa8lDP7Dntpm66YMFyevNY1fjc8UjwS3ygihC0r0RNkAK9a","Type":"video/mp4","ContentType":"text/html","KeepAsUrl":"1","Description":"essence Gel Nail Colour","Size":"76185","IsPrivate":"0","Updated":"2023-08-14 18:38:04","Language":"","IsVideo":1,"ThumbUrl":"https://img.youtube.com/vi/eFGhO-YU56o/default.jpg?access=BZLyM90LlqvbxAGzipa8lDP7Dntpm66YMFyevNY1fjc8UjwS3ygihC0r0RNkAK9a","PreviewUrl":"https://img.youtube.com/vi/eFGhO-YU56o/hqdefault.jpg?access=BZLyM90LlqvbxAGzipa8lDP7Dntpm66YMFyevNY1fjc8UjwS3ygihC0r0RNkAK9a"},{"ID":"C114496F-6C13-4CD4-96EA-809C94C5AF13","URL":"https://inishop.com/objects/mmo_113393050_1757405355_2049_256888.txt","Type":"ProductStory2.0","ContentType":"text/html","KeepAsUrl":"0","Description":"ProductStory2.0","Size":"5711","IsPrivate":"0","Updated":"2025-09-09 12:41:04","Language":"FI","IsVideo":0},{"ID":"976AA15D-7085-43C8-8CD3-66733192FFD6","URL":"https://live-html.icecat.biz/26799f77c8a637c0627af1d5457889d1/index.html","Type":"ProductStory","ContentType":"application/zip","KeepAsUrl":"0","Description":"ProductStory","Size":"2244","IsPrivate":"0","Updated":"2025-09-09 12:41:03","Language":"FI","IsVideo":0}],"Gallery":[{"ID":"79531972","LowPic":"https://inishop.com/img/gallery_lows/4b0db8e3f266cac9e6e14cca8f278a55.jpg","LowSize":"23980","LowHeight":"200","LowWidth":"200","ThumbPic":"https://inishop.com/img/gallery_thumbs/4b0db8e3f266cac9e6e14cca8f278a55.jpg","ThumbPicSize":"6060","Pic":"https://inishop.com/img/gallery/4b0db8e3f266cac9e6e14cca8f278a55.jpg","Size":"656810","PicHeight":"2000","PicWidth":"2000","Pic500x500":"https://inishop.com/img/gallery_mediums/4b0db8e3f266cac9e6e14cca8f278a55.jpg","Pic500x500Size":"93391","Pic500x500Height":"500","Pic500x500Width":"500","No":"1","IsMain":"Y","Updated":"2023-08-14 18:48:59","IsPrivate":"0","Type":"ProductImage","Attributes":{"OriginalFileName":""}},{"ID":"79531973","LowPic":"https://inishop.com/img/gallery_lows/672338b12916c2e54609c72eb365360b94c291e0.jpg","LowSize":"12429","LowHeight":"200","LowWidth":"78","ThumbPic":"https://inishop.com/img/gallery_thumbs/a8c590ef57dcf301e53211d81280db6d933d40c9.jpg","ThumbPicSize":"3139","Pic":"https://inishop.com/img/gallery/c28958ae52668da37d392f08d9dd3e0fece8d9d6.jpg","Size":"446651","PicHeight":"2197","PicWidth":"855","Pic500x500":"https://inishop.com/img/gallery_mediums/bb47cda78bba6b56459ae347dfbd5375ae0e51d5.jpg","Pic500x500Size":"49955","Pic500x500Height":"500","Pic500x500Width":"195","No":"2","IsMain":"N","Updated":"2025-09-08 16:04:32","IsPrivate":"0","Type":"ProductImage","Attributes":{"OriginalFileName":""}},{"ID":"79531978","LowPic":"https://inishop.com/img/gallery_lows/61e6ebd1523640057f09f76b137d79077dfc8cba.jpg","LowSize":"16110","LowHeight":"183","LowWidth":"200","ThumbPic":"https://inishop.com/img/gallery_thumbs/25cc84fcf5ac4832bec23d281d5174496fe7309b.jpg","ThumbPicSize":"3978","Pic":"https://inishop.com/img/gallery/517063c4de2c980f648405dd33467e80d4421479.jpg","Size":"335594","PicHeight":"1350","PicWidth":"1475","Pic500x500":"https://inishop.com/img/gallery_mediums/51c96441567c36fdfb216ac92964bebd44c51bf9.jpg","Pic500x500Size":"64683","Pic500x500Height":"458","Pic500x500Width":"500","No":"3","IsMain":"N","Updated":"2025-09-08 16:04:44","IsPrivate":"0","Type":"ProductImage","Attributes":{"OriginalFileName":""}},{"ID":"79531979","LowPic":"https://inishop.com/img/gallery_lows/b22c6a70dc60bf4b27d6851bf87af57d.jpg","LowSize":"26515","LowHeight":"200","LowWidth":"200","ThumbPic":"https://inishop.com/img/gallery_thumbs/b22c6a70dc60bf4b27d6851bf87af57d.jpg","ThumbPicSize":"6360","Pic":"https://inishop.com/img/gallery/b22c6a70dc60bf4b27d6851bf87af57d.jpg","Size":"983691","PicHeight":"2000","PicWidth":"2000","Pic500x500":"https://inishop.com/img/gallery_mediums/b22c6a70dc60bf4b27d6851bf87af57d.jpg","Pic500x500Size":"113043","Pic500x500Height":"500","Pic500x500Width":"500","No":"4","IsMain":"N","Updated":"2023-08-14 18:50:18","IsPrivate":"0","Type":"ProductImage","Attributes":{"OriginalFileName":""}},{"ID":"79531980","LowPic":"https://inishop.com/img/gallery_lows/c03b12eec64d147a8e232a7b26553ef5.jpg","LowSize":"26450","LowHeight":"200","LowWidth":"200","ThumbPic":"https://inishop.com/img/gallery_thumbs/c03b12eec64d147a8e232a7b26553ef5.jpg","ThumbPicSize":"6609","Pic":"https://inishop.com/img/gallery/c03b12eec64d147a8e232a7b26553ef5.jpg","Size":"883801","PicHeight":"2000","PicWidth":"2000","Pic500x500":"https://inishop.com/img/gallery_mediums/c03b12eec64d147a8e232a7b26553ef5.jpg","Pic500x500Size":"109009","Pic500x500Height":"500","Pic500x500Width":"500","No":"5","IsMain":"N","Updated":"2023-08-14 18:50:18","IsPrivate":"0","Type":"ProductImage","Attributes":{"OriginalFileName":""}},{"ID":"117083238","LowPic":"https://inishop.com/img/gallery_lows/dd65dc24e3ae7ab916f9c07b3b2136065d945f23.jpg","LowSize":"35505","LowHeight":"200","LowWidth":"200","ThumbPic":"https://inishop.com/img/gallery_thumbs/ea892aa4b2df3def61fa0722eb8ae858929395dd.jpg","ThumbPicSize":"7489","Pic":"https://inishop.com/img/gallery/c30b7c4764b4523648cb7846e82ae0661ce7ae5b.jpg","Size":"827935","PicHeight":"2000","PicWidth":"2000","Pic500x500":"https://inishop.com/img/gallery_mediums/71ff849a8fde9a70cbee20abe88171e57b8d73bb.jpg","Pic500x500Size":"156993","Pic500x500Height":"500","Pic500x500Width":"500","No":"6","IsMain":"N","Updated":"2025-09-08 16:10:46","IsPrivate":"0","Type":"Other","Attributes":{"OriginalFileName":""}},{"ID":"117083239","LowPic":"https://inishop.com/img/gallery_lows/d9a649508b2edf8d3dcf377df04c4f01a7f49b35.jpg","LowSize":"38318","LowHeight":"200","LowWidth":"200","ThumbPic":"https://inishop.com/img/gallery_thumbs/e429c6c6dc450fac12aac2365cd4f8d213743bf9.jpg","ThumbPicSize":"8466","Pic":"https://inishop.com/img/gallery/8068a5e2287b33dd7b05d32b6327c5d30cd4a116.jpg","Size":"866390","PicHeight":"2000","PicWidth":"2000","Pic500x500":"https://inishop.com/img/gallery_mediums/11df20c96a344ca3d657bba6146e05bcfe88db8d.jpg","Pic500x500Size":"162054","Pic500x500Height":"500","Pic500x500Width":"500","No":"7","IsMain":"N","Updated":"2025-09-08 16:10:48","IsPrivate":"0","Type":"Other","Attributes":{"OriginalFileName":""}}],"FeaturesGroups":[{"ID":11992,"SortNo":"10","FeatureGroup":{"ID":"185","Name":{"Value":"Ominaisuudet","Language":"FI"}},"Features":[{"Localized":0,"ID":576423984,"LocalID":0,"Type":"numerical","Value":"8","CategoryFeatureId":"103923","CategoryFeatureGroupID":"11992","SortNo":"400","PresentationValue":"8 ml","RawValue":"8","LocalValue":"8","Description":"The amount of space that a substance or object occupies or may contain.","Mandatory":"1","Searchable":"0","Optional":"0","Feature":{"ID":"5207","Sign":"","Measure":{"ID":"142","Sign":"","Signs":{"ID":"13925","_":"ml","Language":"FI"}},"Name":{"Value":"Volyymi","Language":"FI"}}},{"Localized":0,"ID":576424284,"LocalID":0,"Type":"dropdown","Value":"Green","CategoryFeatureId":"103998","CategoryFeatureGroupID":"11992","SortNo":"100","PresentationValue":"Vihreä","RawValue":"Green","LocalValue":"Vihreä","Description":"The broader definiton of the colour spectrum of the product, e.g. black or auburn.","Mandatory":"1","Searchable":"0","Optional":"0","Feature":{"ID":"17357","Sign":"","Measure":{"ID":"29","Sign":"","Signs":{"ID":"","_":"","Language":"FI"}},"Name":{"Value":"Väriryhmä","Language":"FI"}}},{"Localized":0,"ID":576424286,"LocalID":0,"Type":"text","Value":"kale YEAH!","CategoryFeatureId":"104004","CategoryFeatureGroupID":"11992","SortNo":"90","PresentationValue":"kale YEAH!","RawValue":"kale YEAH!","LocalValue":"kale YEAH!","Description":"","Mandatory":"1","Searchable":"0","Optional":"0","Feature":{"ID":"17956","Sign":"","Measure":{"ID":"29","Sign":"","Signs":{"ID":"","_":"","Language":"FI"}},"Name":{"Value":"Värin nimi","Language":"FI"}}},{"Localized":0,"ID":576424285,"LocalID":0,"Type":"alphanumeric","Value":"60","CategoryFeatureId":"104001","CategoryFeatureGroupID":"11992","SortNo":"80","PresentationValue":"60","RawValue":"60","LocalValue":"60","Description":"","Mandatory":"1","Searchable":"0","Optional":"0","Feature":{"ID":"17540","Sign":"","Measure":{"ID":"29","Sign":"","Signs":{"ID":"","_":"","Language":"FI"}},"Name":{"Value":"Värikoodi","Language":"FI"}}},{"Localized":0,"ID":576423987,"LocalID":0,"Type":"dropdown","Value":"Opaque","CategoryFeatureId":"338166","CategoryFeatureGroupID":"11992","SortNo":"71","PresentationValue":"Läpikuultamaton","RawValue":"Opaque","LocalValue":"Läpikuultamaton","Description":"","Mandatory":"0","Searchable":"0","Optional":"0","Feature":{"ID":"32237","Sign":"","Measure":{"ID":"29","Sign":"","Signs":{"ID":"","_":"","Language":"FI"}},"Name":{"Value":"Peittokyky","Language":"FI"}}},{"Localized":0,"ID":576423993,"LocalID":0,"Type":"dropdown","Value":"Gloss","CategoryFeatureId":"113015","CategoryFeatureGroupID":"11992","SortNo":"70","PresentationValue":"Kiilto","RawValue":"Gloss","LocalValue":"Kiilto","Description":"The way that a product is finished e.g. a matt or gloss finish.","Mandatory":"0","Searchable":"0","Optional":"0","Feature":{"ID":"2254","Sign":"","Measure":{"ID":"29","Sign":"","Signs":{"ID":"","_":"","Language":"FI"}},"Name":{"Value":"Materiaalin viimeistely","Language":"FI"}}},{"Localized":0,"ID":576423991,"LocalID":0,"Type":"multi_dropdown","Value":"Coloring","CategoryFeatureId":"148585","CategoryFeatureGroupID":"11992","SortNo":"69","PresentationValue":"Väritys","RawValue":"Coloring","LocalValue":"Väritys","Description":"","Mandatory":"1","Searchable":"0","Optional":"0","Feature":{"ID":"23999","Sign":"","Measure":{"ID":"29","Sign":"","Signs":{"ID":"","_":"","Language":"FI"}},"Name":{"Value":"Kynsilakan vaikutus","Language":"FI"}}},{"Localized":0,"ID":576423989,"LocalID":0,"Type":"dropdown","Value":"Bottle","CategoryFeatureId":"146495","CategoryFeatureGroupID":"11992","SortNo":"65","PresentationValue":"Pullo","RawValue":"Bottle","LocalValue":"Pullo","Description":"The type of container from which the product can be dispensed, e.g. bag, tube etc.","Mandatory":"0","Searchable":"0","Optional":"0","Feature":{"ID":"17965","Sign":"","Measure":{"ID":"29","Sign":"","Signs":{"ID":"","_":"","Language":"FI"}},"Name":{"Value":"Annostelijan tyyppi","Language":"FI"}}},{"Localized":0,"ID":576423992,"LocalID":0,"Type":"y_n","Value":"Y","CategoryFeatureId":"105739","CategoryFeatureGroupID":"11992","SortNo":"60","PresentationValue":"Kyllä","RawValue":"Y","LocalValue":"Kyllä","Description":"","Mandatory":"0","Searchable":"0","Optional":"0","Feature":{"ID":"18071","Sign":"","Measure":{"ID":"26","Sign":"","Signs":{"ID":"","_":"","Language":"FI"}},"Name":{"Value":"Pitkäkestoinen","Language":"FI"}}},{"Localized":0,"ID":576423983,"LocalID":0,"Type":"y_n","Value":"Y","CategoryFeatureId":"105740","CategoryFeatureGroupID":"11992","SortNo":"55","PresentationValue":"Kyllä","RawValue":"Y","LocalValue":"Kyllä","Description":"","Mandatory":"1","Searchable":"0","Optional":"0","Feature":{"ID":"18072","Sign":"","Measure":{"ID":"26","Sign":"","Signs":{"ID":"","_":"","Language":"FI"}},"Name":{"Value":"Nopeasti kuivuva","Language":"FI"}}},{"Localized":0,"ID":576423982,"LocalID":0,"Type":"y_n","Value":"Y","CategoryFeatureId":"150080","CategoryFeatureGroupID":"11992","SortNo":"50","PresentationValue":"Kyllä","RawValue":"Y","LocalValue":"Kyllä","Description":"","Mandatory":"0","Searchable":"0","Optional":"0","Feature":{"ID":"15767","Sign":"","Measure":{"ID":"26","Sign":"","Signs":{"ID":"","_":"","Language":"FI"}},"Name":{"Value":"Helppo käyttää","Language":"FI"}}},{"Localized":0,"ID":576423990,"LocalID":0,"Type":"dropdown","Value":"Brush","CategoryFeatureId":"338175","CategoryFeatureGroupID":"11992","SortNo":"0","PresentationValue":"Sivellin","RawValue":"Brush","LocalValue":"Sivellin","Description":"","Mandatory":"0","Searchable":"0","Optional":"0","Feature":{"ID":"38481","Sign":"","Measure":{"ID":"29","Sign":"","Signs":{"ID":"","_":"","Language":"FI"}},"Name":{"Value":"Levittäjän tyyppi","Language":"FI"}}},{"Localized":0,"ID":576423988,"LocalID":0,"Type":"textarea","Value":"ETHYL ACETATE, BUTYL ACETATE, NITROCELLULOSE, DIPROPYLENE GLYCOL DIBENZOATE, ISOPROPYL ALCOHOL, ADIPIC ACID/NEOPENTYL GLYCOL/TRIMELLITIC ANHYDRIDE COPOLYMER, ACRYLATES COPOLYMER, ADIPIC ACID/FUMARIC ACID/TRICYCLODECANE DIMETHANOL COPOLYMER, MICA, STEARALKONIUM BENTONITE, SILICA, DIACETONE ALCOHOL, SUCROSE ACETATE ISOBUTYRATE, MALTOL, PENTAERYTHRITYL TETRAISOSTEARATE, PHOSPHORIC ACID, TIN OXIDE, BARIUM SULFATE, CI 15850 (RED 6), CI 77499 (IRON OXIDES), CI 77510 (FERRIC AMMONIUM FERROCYANIDE), CI 77891 (TITANIUM DIOXIDE).","CategoryFeatureId":"103962","CategoryFeatureGroupID":"11992","SortNo":"-80","PresentationValue":"ETHYL ACETATE, BUTYL ACETATE, NITROCELLULOSE, DIPROPYLENE GLYCOL DIBENZOATE, ISOPROPYL ALCOHOL, ADIPIC ACID/NEOPENTYL GLYCOL/TRIMELLITIC ANHYDRIDE COPOLYMER, ACRYLATES COPOLYMER, ADIPIC ACID/FUMARIC ACID/TRICYCLODECANE DIMETHANOL COPOLYMER, MICA, STEARALKONIUM BENTONITE, SILICA, DIACETONE ALCOHOL, SUCROSE ACETATE ISOBUTYRATE, MALTOL, PENTAERYTHRITYL TETRAISOSTEARATE, PHOSPHORIC ACID, TIN OXIDE, BARIUM SULFATE, CI 15850 (RED 6), CI 77499 (IRON OXIDES), CI 77510 (FERRIC AMMONIUM FERROCYANIDE), CI 77891 (TITANIUM DIOXIDE).","RawValue":"ETHYL ACETATE, BUTYL ACETATE, NITROCELLULOSE, DIPROPYLENE GLYCOL DIBENZOATE, ISOPROPYL ALCOHOL, ADIPIC ACID/NEOPENTYL GLYCOL/TRIMELLITIC ANHYDRIDE COPOLYMER, ACRYLATES COPOLYMER, ADIPIC ACID/FUMARIC ACID/TRICYCLODECANE DIMETHANOL COPOLYMER, MICA, STEARALKONIUM BENTONITE, SILICA, DIACETONE ALCOHOL, SUCROSE ACETATE ISOBUTYRATE, MALTOL, PENTAERYTHRITYL TETRAISOSTEARATE, PHOSPHORIC ACID, TIN OXIDE, BARIUM SULFATE, CI 15850 (RED 6), CI 77499 (IRON OXIDES), CI 77510 (FERRIC AMMONIUM FERROCYANIDE), CI 77891 (TITANIUM DIOXIDE).","LocalValue":"ETHYL ACETATE, BUTYL ACETATE, NITROCELLULOSE, DIPROPYLENE GLYCOL DIBENZOATE, ISOPROPYL ALCOHOL, ADIPIC ACID/NEOPENTYL GLYCOL/TRIMELLITIC ANHYDRIDE COPOLYMER, ACRYLATES COPOLYMER, ADIPIC ACID/FUMARIC ACID/TRICYCLODECANE DIMETHANOL COPOLYMER, MICA, STEARALKONIUM BENTONITE, SILICA, DIACETONE ALCOHOL, SUCROSE ACETATE ISOBUTYRATE, MALTOL, PENTAERYTHRITYL TETRAISOSTEARATE, PHOSPHORIC ACID, TIN OXIDE, BARIUM SULFATE, CI 15850 (RED 6), CI 77499 (IRON OXIDES), CI 77510 (FERRIC AMMONIUM FERROCYANIDE), CI 77891 (TITANIUM DIOXIDE).","Description":"","Mandatory":"0","Searchable":"0","Optional":"0","Feature":{"ID":"16908","Sign":"","Measure":{"ID":"29","Sign":"","Signs":{"ID":"","_":"","Language":"FI"}},"Name":{"Value":"Ainesosat","Language":"FI"}}},{"Localized":1,"ID":0,"LocalID":554059065,"Type":"textarea","Value":"","CategoryFeatureId":"151182","CategoryFeatureGroupID":"11992","SortNo":"-110","PresentationValue":"Jotta kynsilakka kestäisi erityisen hyvin ja se levittyy tasaisesti, pohjusta kynnet ensin aluslakalla. Levitä lopuksi päällyslakka kuivuneen kynsilakan päälle, jotta se kestää pidempään.","RawValue":"","LocalValue":"Jotta kynsilakka kestäisi erityisen hyvin ja se levittyy tasaisesti, pohjusta kynnet ensin aluslakalla. Levitä lopuksi päällyslakka kuivuneen kynsilakan päälle, jotta se kestää pidempään.","Description":"","Mandatory":"0","Searchable":"0","Optional":"0","Feature":{"ID":"24555","Sign":"","Measure":{"ID":"29","Sign":"","Signs":{"ID":"","_":"","Language":"FI"}},"Name":{"Value":"Käyttö","Language":"FI"}}},{"Localized":0,"ID":835124895,"LocalID":0,"Type":"multi_dropdown","Value":"Fragrance,Oil,Paraben","CategoryFeatureId":"625012","CategoryFeatureGroupID":"11992","SortNo":"-150","PresentationValue":"Tuoksu, Öljy, Parabeeni","RawValue":"Fragrance,Oil,Paraben","LocalValue":"Tuoksu, Öljy, Parabeeni","Description":"","Mandatory":"0","Searchable":"0","Optional":"0","Feature":{"ID":"42516","Sign":"","Measure":{"ID":"29","Sign":"","Signs":{"ID":"","_":"","Language":"FI"}},"Name":{"Value":"Ei sisällä","Language":"FI"}}}]},{"ID":77253,"SortNo":"0","FeatureGroup":{"ID":"279","Name":{"Value":"Kestävyys","Language":"FI"}},"Features":[{"Localized":0,"ID":835124902,"LocalID":0,"Type":"multi_dropdown","Value":"Good for vegan","CategoryFeatureId":"604465","CategoryFeatureGroupID":"77253","SortNo":"0","PresentationValue":"Sopii vegaaneille","RawValue":"Good for vegan","LocalValue":"Sopii vegaaneille","Description":"","Mandatory":"0","Searchable":"0","Optional":"0","Feature":{"ID":"42513","Sign":"","Measure":{"ID":"29","Sign":"","Signs":{"ID":"","_":"","Language":"FI"}},"Name":{"Value":"Kestävän kehityksen sertifikaatit","Language":"FI"}}}]},{"ID":77254,"SortNo":"0","FeatureGroup":{"ID":"67","Name":{"Value":"Pakkaustiedot","Language":"FI"}},"Features":[{"Localized":0,"ID":576423985,"LocalID":0,"Type":"numerical","Value":"1","CategoryFeatureId":"104007","CategoryFeatureGroupID":"77254","SortNo":"150","PresentationValue":"1 kpl","RawValue":"1","LocalValue":"1","Description":"The number of products that are included in the package.","Mandatory":"1","Searchable":"0","Optional":"0","Feature":{"ID":"5456","Sign":"","Measure":{"ID":"144","Sign":"","Signs":{"ID":"3770","_":"kpl","Language":"FI"}},"Name":{"Value":"Sisältyvien tuotteiden lukumäärä","Language":"FI"}}}]}],"FeatureLogos":[{"LogoPic":"https://inishop.com/img/feature_logo/604-9536.png","Width":"300","Height":"300","Size":"0","ThumbPic":"https://inishop.com/img/feature_logo_thumbs/604-9536.png","FeatureID":"42513","Value":"Good for vegan","KeyLogo":0}],"ReasonsToBuy":[],"Reviews":[],"ProductRelated":[],"CatalogObjectCloud":{},"Variants":[],"ProductStory":[{"ID":"976AA15D-7085-43C8-8CD3-66733192FFD6","URL":"https://live-html.icecat.biz/26799f77c8a637c0627af1d5457889d1/index.html","Type":"ProductStory","ContentType":"application/zip","KeepAsUrl":"0","Description":"ProductStory","Size":"2244","IsPrivate":"0","Updated":"2025-09-09 12:41:03","Language":"FI","IsVideo":0}],"Dictionary":{"model_name":"Tuotenimi","desc":"Kuvaus","ean_code":"EAN/UPC-koodi","flash360":"3D-esittely","demo_msg_part3":"Jos sinulla ei ole Icecat-k&auml;ytt&auml;j&auml;tili&auml;, ole hyv&auml; ja rekister&ouml;idy maksutta t&auml;&auml;lt&auml;.","repairability_index":"Repairability index","zoom_panel_init":"Alkuper&auml;inen koko","cat_name":"Ryhm&auml;","product_family":"Tuoteperhe","back_to_top":"Takaisin yl&ouml;s","zoom_panel_out":"Loitonna","specs":"Tekniset tiedot","eu_product_fiche":"EU-tuoteseloste","reviews_head_name":"Arvostelut","pdf_specs":"Tuote-esite","zoom_panel_in":"L&auml;henn&auml;","html_content":"","release_date":"Julkaisup&auml;iv&auml;","demo_msg_part1":"K&auml;yt&auml;t t&auml;ll&auml; hetkell&auml; demo-k&auml;ytt&auml;j&auml;tili&auml;. Ole hyv&auml; ja k&auml;yt&auml; omaa Icecat-k&auml;ytt&auml;j&auml;tili&auml;si.","demo_insert_desc":"This is a demo of a seamless insert of an Icecat LIVE product data-sheet in your website. Imagine that this responsive data-sheet is included in the product page of your webshop.","pdf_url":"K&auml;ytt&ouml;opas","prod_code":"Tuotekoodi","supplier_name":"Tuotemerkki","video":"Video","reasons_to_buy":"Syitä ostaa","marketing_text":"Kuvaus","options_head_name":"Vaihtoehdot","product_series":"Tuotesarja","demo_msg_part2":"Icecat k&auml;ytt&auml;j&auml;tunnuksesi","link_integrate_desk":"Kuinka integroida Icecat LIVE JavaScript.","zoom_panel_dragg":"Hiirell&auml; vet&auml;minen","eu_energy_label":"EU-energiamerkintä"},"DemoAccount":false}}