{"msg":"OK","data":{"GeneralInfo":{"IcecatId":132487224,"ReleaseDate":"","EndOfLifeDate":"","Title":"CATRICE Rohkea magneettinen kynsilakka","TitleInfo":{"GeneratedIntTitle":"CATRICE Bold Magnetic nail polish","GeneratedLocalTitle":{"Value":"CATRICE Bold Magnetic kynsilakka Ruusu Kimmellys","Language":"FI"},"BrandLocalTitle":{"Value":"CATRICE Rohkea magneettinen kynsilakka","Language":"FI"}},"Brand":"CATRICE","BrandID":"32280","BrandLogo":"","BrandInfo":{"BrandName":"CATRICE","BrandLocalName":"","BrandLogo":""},"ProductName":"Rohkea magneettinen kynsilakka","ProductNameInfo":{"ProductIntName":"Bold Magnetic","ProductLocalName":{"Value":"Rohkea magneettinen kynsilakka","Language":"FI"}},"BrandPartCode":"954158","GTIN":["4059729541581"],"Category":{"CategoryID":"2943","Name":{"Value":"Kynsilakat","Language":"FI"}},"ProductFamily":{},"ProductSeries":{"SeriesID":"1"},"Description":{"ID":"104043948","LongDesc":"Magneettinen kynsitaide on uusin kynsitrendi, ja Catrice Bold Magnetic Nail Polish 020 Don’t Be So Clingy -kynsilakan avulla voit saavuttaa lumoavia 3D-efektejä vaivattomasti kotona! Tämä metallinhohtoinen vaaleanpunainen sävy kimaltelevilla magneettisilla pigmenteillä mahdollistaa katseen vangitsevien Cat Eye-, Velvet- tai Glass Nail -lookien luomisen – mielikuvituksellasi ei ole rajoja. Uusimpien trendien innoittaman kynsilakan avulla voit kokeilla ainutlaatuisia malleja ja luoda kynsisalonkilaatuisen manikyyrin. Käytä Catrice Bold Magnetic -kynsimagneettia parhaan tuloksen saamiseksi.<br>","LongProductName":"Bold Magnetic Nail Polish, 020 - Don't Be So Clingy","MiddleDesc":"","Disclaimer":"","ManualPDFURL":"","ManualPDFSize":"0","LeafletPDFURL":"","PDFSize":"0","URL":"https://www.catrice.eu/fi-fi/p/954158/bold-magnetic-nail-polish#overlay=details","WarrantyInfo":"","Updated":"2025-09-10 14:28:57","Language":"FI"},"SummaryDescription":{"ShortSummaryDescription":"CATRICE Rohkea magneettinen kynsilakka, Ruusu, Don't Be So Clingy, Väritys, Suojaus, Läpikuultamaton, Kimmellys, Pullo","LongSummaryDescription":"CATRICE Rohkea magneettinen kynsilakka. Väriryhmä: Ruusu, Värin nimi: Don't Be So Clingy, Kynsilakan vaikutus: Väritys, Suojaus. Kestävän kehityksen sertifikaatit: Sopii vegaaneille. Sisältyvien tuotteiden lukumäärä: 1 kpl"},"BulletPoints":{"BulletPointsId":"13608634","Language":"FI","Values":["Magneettinen kynsilakka, jolla saat upeita 3D-tehosteita","Sisältää hohtavia magneettisia pigmenttejä","Mahdollistaa trendikkään kissansilmä-, sametti- tai lasimaisen kynsiefektin luomisen kotona"],"Updated":"2025-09-09 08:36:48"},"GeneratedBulletPoints":{"Language":"FI","Values":["Pullo Väriryhmä: Ruusu","020 Don't Be So Clingy Levittäjän tyyppi: Sivellin","Materiaalin viimeistely: Kimmellys","Nopeasti kuivuva Helppo käyttää"]},"GTINs":[{"GTIN":"4059729541581","IsApproved":true}]},"Image":{"HighPic":"https://inishop.com/img/gallery/a93461b43d8d5b62b640a63dad7fb1b50f0f83f4.jpg","HighPicSize":"342425","HighPicHeight":"1171","HighPicWidth":"563","LowPic":"https://inishop.com/img/gallery_lows/dcc6db3cbf5c72a840423a755b52ae33c3abe6ef.jpg","LowPicSize":"11001","LowPicHeight":"200","LowPicWidth":"96","Pic500x500":"https://inishop.com/img/gallery_mediums/b2ca4aeda8c3aca3d44388059187eef53ffed9ca.jpg","Pic500x500Size":"61470","Pic500x500Height":"500","Pic500x500Width":"240","ThumbPic":"https://inishop.com/img/gallery_thumbs/e0cfb5b4c49560c5e07ac8dc3ef2e0a6314f8f0d.jpg","ThumbPicSize":"2581"},"Multimedia":[],"Gallery":[{"ID":"116040416","LowPic":"https://inishop.com/img/gallery_lows/dcc6db3cbf5c72a840423a755b52ae33c3abe6ef.jpg","LowSize":"11001","LowHeight":"200","LowWidth":"96","ThumbPic":"https://inishop.com/img/gallery_thumbs/e0cfb5b4c49560c5e07ac8dc3ef2e0a6314f8f0d.jpg","ThumbPicSize":"2581","Pic":"https://inishop.com/img/gallery/a93461b43d8d5b62b640a63dad7fb1b50f0f83f4.jpg","Size":"342425","PicHeight":"1171","PicWidth":"563","Pic500x500":"https://inishop.com/img/gallery_mediums/b2ca4aeda8c3aca3d44388059187eef53ffed9ca.jpg","Pic500x500Size":"61470","Pic500x500Height":"500","Pic500x500Width":"240","No":"1","IsMain":"Y","Updated":"2025-08-31 01:18:26","IsPrivate":"0","Type":"ProductImage","Attributes":{"OriginalFileName":""}},{"ID":"116040417","LowPic":"https://inishop.com/img/gallery_lows/ef289ed6a565c713897d09a8faedb94049de6b43.jpg","LowSize":"17270","LowHeight":"200","LowWidth":"200","ThumbPic":"https://inishop.com/img/gallery_thumbs/325f16326620f6e261492cc9d9b34ee5903b34a8.jpg","ThumbPicSize":"3809","Pic":"https://inishop.com/img/gallery/9ddce347037d0a692b55ab9aedb1558712b159d3.jpg","Size":"1431823","PicHeight":"2000","PicWidth":"2000","Pic500x500":"https://inishop.com/img/gallery_mediums/5f00a727b0d4e5d0076ed95bb5514b6f901723f5.jpg","Pic500x500Size":"90397","Pic500x500Height":"500","Pic500x500Width":"500","No":"2","IsMain":"N","Updated":"2025-08-31 01:18:20","IsPrivate":"0","Type":"ProductImage","Attributes":{"OriginalFileName":""}}],"FeaturesGroups":[{"ID":11992,"SortNo":"10","FeatureGroup":{"ID":"185","Name":{"Value":"Ominaisuudet","Language":"FI"}},"Features":[{"Localized":0,"ID":834443542,"LocalID":0,"Type":"dropdown","Value":"Rose","CategoryFeatureId":"103998","CategoryFeatureGroupID":"11992","SortNo":"100","PresentationValue":"Ruusu","RawValue":"Rose","LocalValue":"Ruusu","Description":"The broader definiton of the colour spectrum of the product, e.g. black or auburn.","Mandatory":"1","Searchable":"0","Optional":"0","Feature":{"ID":"17357","Sign":"","Measure":{"ID":"29","Sign":"","Signs":{"ID":"","_":"","Language":"FI"}},"Name":{"Value":"Väriryhmä","Language":"FI"}}},{"Localized":0,"ID":834443544,"LocalID":0,"Type":"text","Value":"Don't Be So Clingy","CategoryFeatureId":"104004","CategoryFeatureGroupID":"11992","SortNo":"90","PresentationValue":"Don't Be So Clingy","RawValue":"Don't Be So Clingy","LocalValue":"Don't Be So Clingy","Description":"","Mandatory":"1","Searchable":"0","Optional":"0","Feature":{"ID":"17956","Sign":"","Measure":{"ID":"29","Sign":"","Signs":{"ID":"","_":"","Language":"FI"}},"Name":{"Value":"Värin nimi","Language":"FI"}}},{"Localized":0,"ID":834443543,"LocalID":0,"Type":"alphanumeric","Value":"020","CategoryFeatureId":"104001","CategoryFeatureGroupID":"11992","SortNo":"80","PresentationValue":"020","RawValue":"020","LocalValue":"020","Description":"","Mandatory":"1","Searchable":"0","Optional":"0","Feature":{"ID":"17540","Sign":"","Measure":{"ID":"29","Sign":"","Signs":{"ID":"","_":"","Language":"FI"}},"Name":{"Value":"Värikoodi","Language":"FI"}}},{"Localized":0,"ID":835801805,"LocalID":0,"Type":"dropdown","Value":"Opaque","CategoryFeatureId":"338166","CategoryFeatureGroupID":"11992","SortNo":"71","PresentationValue":"Läpikuultamaton","RawValue":"Opaque","LocalValue":"Läpikuultamaton","Description":"","Mandatory":"0","Searchable":"0","Optional":"0","Feature":{"ID":"32237","Sign":"","Measure":{"ID":"29","Sign":"","Signs":{"ID":"","_":"","Language":"FI"}},"Name":{"Value":"Peittokyky","Language":"FI"}}},{"Localized":0,"ID":834443537,"LocalID":0,"Type":"dropdown","Value":"Shimmer","CategoryFeatureId":"113015","CategoryFeatureGroupID":"11992","SortNo":"70","PresentationValue":"Kimmellys","RawValue":"Shimmer","LocalValue":"Kimmellys","Description":"The way that a product is finished e.g. a matt or gloss finish.","Mandatory":"0","Searchable":"0","Optional":"0","Feature":{"ID":"2254","Sign":"","Measure":{"ID":"29","Sign":"","Signs":{"ID":"","_":"","Language":"FI"}},"Name":{"Value":"Materiaalin viimeistely","Language":"FI"}}},{"Localized":0,"ID":834443547,"LocalID":0,"Type":"multi_dropdown","Value":"Coloring,Protection","CategoryFeatureId":"148585","CategoryFeatureGroupID":"11992","SortNo":"69","PresentationValue":"Väritys, Suojaus","RawValue":"Coloring,Protection","LocalValue":"Väritys, Suojaus","Description":"","Mandatory":"1","Searchable":"0","Optional":"0","Feature":{"ID":"23999","Sign":"","Measure":{"ID":"29","Sign":"","Signs":{"ID":"","_":"","Language":"FI"}},"Name":{"Value":"Kynsilakan vaikutus","Language":"FI"}}},{"Localized":0,"ID":834443545,"LocalID":0,"Type":"dropdown","Value":"Bottle","CategoryFeatureId":"146495","CategoryFeatureGroupID":"11992","SortNo":"65","PresentationValue":"Pullo","RawValue":"Bottle","LocalValue":"Pullo","Description":"The type of container from which the product can be dispensed, e.g. bag, tube etc.","Mandatory":"0","Searchable":"0","Optional":"0","Feature":{"ID":"17965","Sign":"","Measure":{"ID":"29","Sign":"","Signs":{"ID":"","_":"","Language":"FI"}},"Name":{"Value":"Annostelijan tyyppi","Language":"FI"}}},{"Localized":0,"ID":834443546,"LocalID":0,"Type":"y_n","Value":"Y","CategoryFeatureId":"105740","CategoryFeatureGroupID":"11992","SortNo":"55","PresentationValue":"Kyllä","RawValue":"Y","LocalValue":"Kyllä","Description":"","Mandatory":"1","Searchable":"0","Optional":"0","Feature":{"ID":"18072","Sign":"","Measure":{"ID":"26","Sign":"","Signs":{"ID":"","_":"","Language":"FI"}},"Name":{"Value":"Nopeasti kuivuva","Language":"FI"}}},{"Localized":0,"ID":834443540,"LocalID":0,"Type":"y_n","Value":"Y","CategoryFeatureId":"150080","CategoryFeatureGroupID":"11992","SortNo":"50","PresentationValue":"Kyllä","RawValue":"Y","LocalValue":"Kyllä","Description":"","Mandatory":"0","Searchable":"0","Optional":"0","Feature":{"ID":"15767","Sign":"","Measure":{"ID":"26","Sign":"","Signs":{"ID":"","_":"","Language":"FI"}},"Name":{"Value":"Helppo käyttää","Language":"FI"}}},{"Localized":0,"ID":834443548,"LocalID":0,"Type":"dropdown","Value":"Brush","CategoryFeatureId":"338175","CategoryFeatureGroupID":"11992","SortNo":"0","PresentationValue":"Sivellin","RawValue":"Brush","LocalValue":"Sivellin","Description":"","Mandatory":"0","Searchable":"0","Optional":"0","Feature":{"ID":"38481","Sign":"","Measure":{"ID":"29","Sign":"","Signs":{"ID":"","_":"","Language":"FI"}},"Name":{"Value":"Levittäjän tyyppi","Language":"FI"}}},{"Localized":0,"ID":834443541,"LocalID":0,"Type":"textarea","Value":"ETHYL ACETATE, BUTYL ACETATE, NITROCELLULOSE, ADIPIC ACID/NEOPENTYL GLYCOL/TRIMELLITIC ANHYDRIDE COPOLYMER, ACETYL TRIBUTYL CITRATE, ISOPROPYL ALCOHOL, STEARALKONIUM BENTONITE, TOCOPHEROL, MICA, SILICA, DIACETONE ALCOHOL, N-BUTYL ALCOHOL, HEXANAL, PHOSPHORIC ACID, SORBIC ACID, CI 15850 (RED 6 LAKE), CI 15880 (RED 34 LAKE), CI 77000 (ALUMINUM POWDER), CI 77266 (BLACK 2) (NANO), CI 77491 (IRON OXIDES), CI 77492 (IRON OXIDES), CI 77499 (IRON OXIDES), CI 77510 (FERRIC FERROCYANIDE), CI 77891 (TITANIUM DIOXIDE).","CategoryFeatureId":"103962","CategoryFeatureGroupID":"11992","SortNo":"-80","PresentationValue":"ETHYL ACETATE, BUTYL ACETATE, NITROCELLULOSE, ADIPIC ACID/NEOPENTYL GLYCOL/TRIMELLITIC ANHYDRIDE COPOLYMER, ACETYL TRIBUTYL CITRATE, ISOPROPYL ALCOHOL, STEARALKONIUM BENTONITE, TOCOPHEROL, MICA, SILICA, DIACETONE ALCOHOL, N-BUTYL ALCOHOL, HEXANAL, PHOSPHORIC ACID, SORBIC ACID, CI 15850 (RED 6 LAKE), CI 15880 (RED 34 LAKE), CI 77000 (ALUMINUM POWDER), CI 77266 (BLACK 2) (NANO), CI 77491 (IRON OXIDES), CI 77492 (IRON OXIDES), CI 77499 (IRON OXIDES), CI 77510 (FERRIC FERROCYANIDE), CI 77891 (TITANIUM DIOXIDE).","RawValue":"ETHYL ACETATE, BUTYL ACETATE, NITROCELLULOSE, ADIPIC ACID/NEOPENTYL GLYCOL/TRIMELLITIC ANHYDRIDE COPOLYMER, ACETYL TRIBUTYL CITRATE, ISOPROPYL ALCOHOL, STEARALKONIUM BENTONITE, TOCOPHEROL, MICA, SILICA, DIACETONE ALCOHOL, N-BUTYL ALCOHOL, HEXANAL, PHOSPHORIC ACID, SORBIC ACID, CI 15850 (RED 6 LAKE), CI 15880 (RED 34 LAKE), CI 77000 (ALUMINUM POWDER), CI 77266 (BLACK 2) (NANO), CI 77491 (IRON OXIDES), CI 77492 (IRON OXIDES), CI 77499 (IRON OXIDES), CI 77510 (FERRIC FERROCYANIDE), CI 77891 (TITANIUM DIOXIDE).","LocalValue":"ETHYL ACETATE, BUTYL ACETATE, NITROCELLULOSE, ADIPIC ACID/NEOPENTYL GLYCOL/TRIMELLITIC ANHYDRIDE COPOLYMER, ACETYL TRIBUTYL CITRATE, ISOPROPYL ALCOHOL, STEARALKONIUM BENTONITE, TOCOPHEROL, MICA, SILICA, DIACETONE ALCOHOL, N-BUTYL ALCOHOL, HEXANAL, PHOSPHORIC ACID, SORBIC ACID, CI 15850 (RED 6 LAKE), CI 15880 (RED 34 LAKE), CI 77000 (ALUMINUM POWDER), CI 77266 (BLACK 2) (NANO), CI 77491 (IRON OXIDES), CI 77492 (IRON OXIDES), CI 77499 (IRON OXIDES), CI 77510 (FERRIC FERROCYANIDE), CI 77891 (TITANIUM DIOXIDE).","Description":"","Mandatory":"0","Searchable":"0","Optional":"0","Feature":{"ID":"16908","Sign":"","Measure":{"ID":"29","Sign":"","Signs":{"ID":"","_":"","Language":"FI"}},"Name":{"Value":"Ainesosat","Language":"FI"}}},{"Localized":0,"ID":835801031,"LocalID":0,"Type":"multi_dropdown","Value":"Microplastics,Oil","CategoryFeatureId":"625012","CategoryFeatureGroupID":"11992","SortNo":"-150","PresentationValue":"Mikromuovit, Öljy","RawValue":"Microplastics,Oil","LocalValue":"Mikromuovit, Öljy","Description":"","Mandatory":"0","Searchable":"0","Optional":"0","Feature":{"ID":"42516","Sign":"","Measure":{"ID":"29","Sign":"","Signs":{"ID":"","_":"","Language":"FI"}},"Name":{"Value":"Ei sisällä","Language":"FI"}}}]},{"ID":77253,"SortNo":"0","FeatureGroup":{"ID":"279","Name":{"Value":"Kestävyys","Language":"FI"}},"Features":[{"Localized":0,"ID":835800684,"LocalID":0,"Type":"multi_dropdown","Value":"Good for vegan","CategoryFeatureId":"604465","CategoryFeatureGroupID":"77253","SortNo":"0","PresentationValue":"Sopii vegaaneille","RawValue":"Good for vegan","LocalValue":"Sopii vegaaneille","Description":"","Mandatory":"0","Searchable":"0","Optional":"0","Feature":{"ID":"42513","Sign":"","Measure":{"ID":"29","Sign":"","Signs":{"ID":"","_":"","Language":"FI"}},"Name":{"Value":"Kestävän kehityksen sertifikaatit","Language":"FI"}}}]},{"ID":77254,"SortNo":"0","FeatureGroup":{"ID":"67","Name":{"Value":"Pakkaustiedot","Language":"FI"}},"Features":[{"Localized":0,"ID":834443539,"LocalID":0,"Type":"numerical","Value":"1","CategoryFeatureId":"104007","CategoryFeatureGroupID":"77254","SortNo":"150","PresentationValue":"1 kpl","RawValue":"1","LocalValue":"1","Description":"The number of products that are included in the package.","Mandatory":"1","Searchable":"0","Optional":"0","Feature":{"ID":"5456","Sign":"","Measure":{"ID":"144","Sign":"","Signs":{"ID":"3770","_":"kpl","Language":"FI"}},"Name":{"Value":"Sisältyvien tuotteiden lukumäärä","Language":"FI"}}}]}],"FeatureLogos":[{"LogoPic":"https://inishop.com/img/feature_logo/604-9536.png","Width":"300","Height":"300","Size":"0","ThumbPic":"https://inishop.com/img/feature_logo_thumbs/604-9536.png","FeatureID":"42513","Value":"Good for vegan","KeyLogo":0}],"ReasonsToBuy":[],"Reviews":[],"ProductRelated":[],"CatalogObjectCloud":{},"Variants":[],"ProductStory":[],"Dictionary":{"model_name":"Tuotenimi","desc":"Kuvaus","ean_code":"EAN/UPC-koodi","flash360":"3D-esittely","demo_msg_part3":"Jos sinulla ei ole Icecat-k&auml;ytt&auml;j&auml;tili&auml;, ole hyv&auml; ja rekister&ouml;idy maksutta t&auml;&auml;lt&auml;.","repairability_index":"Repairability index","zoom_panel_init":"Alkuper&auml;inen koko","cat_name":"Ryhm&auml;","product_family":"Tuoteperhe","back_to_top":"Takaisin yl&ouml;s","zoom_panel_out":"Loitonna","specs":"Tekniset tiedot","eu_product_fiche":"EU-tuoteseloste","reviews_head_name":"Arvostelut","pdf_specs":"Tuote-esite","zoom_panel_in":"L&auml;henn&auml;","html_content":"","release_date":"Julkaisup&auml;iv&auml;","demo_msg_part1":"K&auml;yt&auml;t t&auml;ll&auml; hetkell&auml; demo-k&auml;ytt&auml;j&auml;tili&auml;. Ole hyv&auml; ja k&auml;yt&auml; omaa Icecat-k&auml;ytt&auml;j&auml;tili&auml;si.","demo_insert_desc":"This is a demo of a seamless insert of an Icecat LIVE product data-sheet in your website. Imagine that this responsive data-sheet is included in the product page of your webshop.","pdf_url":"K&auml;ytt&ouml;opas","prod_code":"Tuotekoodi","supplier_name":"Tuotemerkki","video":"Video","reasons_to_buy":"Syitä ostaa","marketing_text":"Kuvaus","options_head_name":"Vaihtoehdot","product_series":"Tuotesarja","demo_msg_part2":"Icecat k&auml;ytt&auml;j&auml;tunnuksesi","link_integrate_desk":"Kuinka integroida Icecat LIVE JavaScript.","zoom_panel_dragg":"Hiirell&auml; vet&auml;minen","eu_energy_label":"EU-energiamerkintä"},"DemoAccount":false}}