{"msg":"OK","data":{"GeneralInfo":{"IcecatId":133031122,"ReleaseDate":"","EndOfLifeDate":"","Title":"Essence Glossy Glaze – Kiiltävä Huulipuna","TitleInfo":{"GeneratedIntTitle":"Essence GLOSSY GLAZE","GeneratedLocalTitle":{"Value":"Essence GLOSSY GLAZE 1,9 g 05 Maple Me Crazy Kiilto","Language":"FI"},"BrandLocalTitle":{"Value":"Essence Glossy Glaze – Kiiltävä Huulipuna","Language":"FI"}},"Brand":"Essence","BrandID":"29383","BrandLogo":"https://inishop.com/img/brand/thumb/29383_837cf392de374591bbd1c9cdef160cb6.jpg","BrandInfo":{"BrandName":"Essence","BrandLocalName":"","BrandLogo":"https://inishop.com/img/brand/thumb/29383_837cf392de374591bbd1c9cdef160cb6.jpg"},"ProductName":"Glossy Glaze – Kiiltävä Huulipuna","ProductNameInfo":{"ProductIntName":"GLOSSY GLAZE","ProductLocalName":{"Value":"Glossy Glaze – Kiiltävä Huulipuna","Language":"FI"}},"BrandPartCode":"954284","GTIN":["4059729542847"],"Category":{"CategoryID":"3005","Name":{"Value":"Huulipunat","Language":"FI"}},"ProductFamily":{},"ProductSeries":{"SeriesID":"1"},"Description":{"ID":"104036428","LongDesc":"Käännä päät essencen GLOSSY GLAZE high shine -huulipunan intensiivisellä sävyllä 05 Maple Me Crazy. Kiiltävä huulipuna on saatavana upeassa ruskeassa sävyssä, jolla on korkea värintoisto ja joka antaa huulillesi kiiltävän, kiiltoviimeistelyn, josta olet aina unelmoinut. Sen voimaisen pehmeä koostumus levittyy tasaisesti huulille. Kiiltävä huulipuna tarjoaa myös mukavan käyttötuntuman kuivattamatta huuliasi.<br><br><b>Käyttöohjeet:</b> Sulava huulipuna, jossa on kiiltävä pinta ja intensiivinen värintoisto.<br><b>Varoitukset:</b> Värjää ihon.","LongProductName":"GLOSSY GLAZE – kiiltävä huulipuna, 05  Maple Me Crazy, 1.9 g","MiddleDesc":"","Disclaimer":"","ManualPDFURL":"","ManualPDFSize":"0","LeafletPDFURL":"","PDFSize":"0","URL":"https://www.essence.eu/fi-fi/p/954284/glossy-glaze-high-shine-lipstick","WarrantyInfo":"","Updated":"2025-09-08 12:30:42","Language":"FI"},"SummaryDescription":{"ShortSummaryDescription":"Essence Glossy Glaze – Kiiltävä Huulipuna, Ruskea, Maple Me Crazy, 1 väriä, Väritys, Tasoittava, Pehmentävä, Naisten, Kiilto","LongSummaryDescription":"Essence Glossy Glaze – Kiiltävä Huulipuna. Väriryhmä: Ruskea, Värin nimi: Maple Me Crazy, Värien määrä: 1 väriä. Kestävän kehityksen sertifikaatit: Sopii vegaaneille. Kapasiteetti: 1,9 g. Sisältyvien tuotteiden lukumäärä: 1 kpl"},"BulletPoints":{"BulletPointsId":"13606655","Language":"FI","Values":["Erittäin kiiltävä viimeistely","Voimaisen pehmeä koostumus, jota on miellyttävä käyttää","Voimakas sävy"],"Updated":"2025-09-08 12:25:54"},"GeneratedBulletPoints":{"Language":"FI","Values":["Ruskea 05 1 väriä","Pinnoitus: Kiilto","Aine: Rasva (aine)","Huulipunan vaikutus: Väritys, Tasoittava, Pehmentävä","Dermatologisesti testattu"]},"GTINs":[{"GTIN":"4059729542847","IsApproved":true}]},"Image":{"HighPic":"https://inishop.com/img/gallery/c9c3cc00c6106ccffdbb464a577b4f2b393672d6.jpg","HighPicSize":"390667","HighPicHeight":"2195","HighPicWidth":"684","LowPic":"https://inishop.com/img/gallery_lows/158ffee2a0a50f2cc354aa0b20dfba058d56e286.jpg","LowPicSize":"8400","LowPicHeight":"200","LowPicWidth":"62","Pic500x500":"https://inishop.com/img/gallery_mediums/cfaf37effc94ed91089b2b7d2c38af8e97ca7575.jpg","Pic500x500Size":"36027","Pic500x500Height":"500","Pic500x500Width":"156","ThumbPic":"https://inishop.com/img/gallery_thumbs/b3f2aae31087d57fe1a547f003c8f459a0361d63.jpg","ThumbPicSize":"2126"},"Multimedia":[],"Gallery":[{"ID":"114755190","LowPic":"https://inishop.com/img/gallery_lows/158ffee2a0a50f2cc354aa0b20dfba058d56e286.jpg","LowSize":"8400","LowHeight":"200","LowWidth":"62","ThumbPic":"https://inishop.com/img/gallery_thumbs/b3f2aae31087d57fe1a547f003c8f459a0361d63.jpg","ThumbPicSize":"2126","Pic":"https://inishop.com/img/gallery/c9c3cc00c6106ccffdbb464a577b4f2b393672d6.jpg","Size":"390667","PicHeight":"2195","PicWidth":"684","Pic500x500":"https://inishop.com/img/gallery_mediums/cfaf37effc94ed91089b2b7d2c38af8e97ca7575.jpg","Pic500x500Size":"36027","Pic500x500Height":"500","Pic500x500Width":"156","No":"1","IsMain":"Y","Updated":"2025-09-08 12:24:51","IsPrivate":"0","Type":"ProductImage","Attributes":{"OriginalFileName":""}},{"ID":"114755192","LowPic":"https://inishop.com/img/gallery_lows/59eb0c8604f536bf46ae2d8aa455757bd8593bd3.jpg","LowSize":"8691","LowHeight":"200","LowWidth":"65","ThumbPic":"https://inishop.com/img/gallery_thumbs/b0a3b31d230d120e82a3e2423fc360dda414825f.jpg","ThumbPicSize":"2616","Pic":"https://inishop.com/img/gallery/3a6ff1b9449be2d7f600a4434ef78be2ae502da7.jpg","Size":"368420","PicHeight":"2197","PicWidth":"713","Pic500x500":"https://inishop.com/img/gallery_mediums/2a677652586bf49b68306bc9668f4824968a271d.jpg","Pic500x500Size":"35759","Pic500x500Height":"500","Pic500x500Width":"162","No":"2","IsMain":"N","Updated":"2025-09-08 12:24:57","IsPrivate":"0","Type":"ProductImage","Attributes":{"OriginalFileName":""}},{"ID":"114755234","LowPic":"https://inishop.com/img/gallery_lows/5533412a763666297314a79622e9d6299bf41615.jpg","LowSize":"24060","LowHeight":"187","LowWidth":"200","ThumbPic":"https://inishop.com/img/gallery_thumbs/c15b9ddc00f9a7874a882e71aeefff6a79541010.jpg","ThumbPicSize":"5898","Pic":"https://inishop.com/img/gallery/01cec41e407e6e269c9eb84f6fdac195d6e11d75.jpg","Size":"830118","PicHeight":"1579","PicWidth":"1685","Pic500x500":"https://inishop.com/img/gallery_mediums/74ca68d74b1fd57ca5243f70fbd18e37932fe4b8.jpg","Pic500x500Size":"104878","Pic500x500Height":"469","Pic500x500Width":"500","No":"3","IsMain":"N","Updated":"2025-09-08 12:25:02","IsPrivate":"0","Type":"ProductImage","Attributes":{"OriginalFileName":""}},{"ID":"114755307","LowPic":"https://inishop.com/img/gallery_lows/5620201e3e587143d7739e34d3efd465aad2a758.jpg","LowSize":"42343","LowHeight":"200","LowWidth":"200","ThumbPic":"https://inishop.com/img/gallery_thumbs/0f3dbe8b8f7a3c5c37b1f3802408e56847ff228d.jpg","ThumbPicSize":"8669","Pic":"https://inishop.com/img/gallery/73f0c461d367d2f69172a1d11c714f12aedcbd38.jpg","Size":"1702138","PicHeight":"2000","PicWidth":"2000","Pic500x500":"https://inishop.com/img/gallery_mediums/3fde097b413c19453ec909c376e775f9dd1f9516.jpg","Pic500x500Size":"220213","Pic500x500Height":"500","Pic500x500Width":"500","No":"4","IsMain":"N","Updated":"2025-08-21 15:30:14","IsPrivate":"0","Type":"LifestyleImage","Attributes":{"OriginalFileName":""}},{"ID":"114755308","LowPic":"https://inishop.com/img/gallery_lows/8f1042523787731b6626cb89dba6458bfc9adfc9.jpg","LowSize":"40556","LowHeight":"200","LowWidth":"200","ThumbPic":"https://inishop.com/img/gallery_thumbs/ebb335784b6b3fabc5edf2fbc7faac218870c6f8.jpg","ThumbPicSize":"7723","Pic":"https://inishop.com/img/gallery/4ba628b25344f9f77531cab312602898cf7d1c17.jpg","Size":"2077361","PicHeight":"2000","PicWidth":"2000","Pic500x500":"https://inishop.com/img/gallery_mediums/6c512e3ceee7acb46abf1d5e43263e2446b04243.jpg","Pic500x500Size":"224834","Pic500x500Height":"500","Pic500x500Width":"500","No":"5","IsMain":"N","Updated":"2025-08-21 15:30:15","IsPrivate":"0","Type":"LifestyleImage","Attributes":{"OriginalFileName":""}},{"ID":"114755309","LowPic":"https://inishop.com/img/gallery_lows/c24b0690827b58a98f7f909cd1a0d52109ffeed0.jpg","LowSize":"43303","LowHeight":"200","LowWidth":"200","ThumbPic":"https://inishop.com/img/gallery_thumbs/ed27ab5e4bbe9d3f60bb46c48635c660ce1f3dd0.jpg","ThumbPicSize":"6955","Pic":"https://inishop.com/img/gallery/a3f4483bc9fac0f111ca5f2b0c87e8f24a4a50ce.jpg","Size":"1582484","PicHeight":"2000","PicWidth":"2000","Pic500x500":"https://inishop.com/img/gallery_mediums/adee9de61aab4daa4a8454471d39bfe199b0dc97.jpg","Pic500x500Size":"239982","Pic500x500Height":"500","Pic500x500Width":"500","No":"6","IsMain":"N","Updated":"2025-08-21 15:30:17","IsPrivate":"0","Type":"LifestyleImage","Attributes":{"OriginalFileName":""}},{"ID":"114755316","LowPic":"https://inishop.com/img/gallery_lows/7495ec704d29e2da5136d73059d9529be4a9d519.jpg","LowSize":"35996","LowHeight":"200","LowWidth":"200","ThumbPic":"https://inishop.com/img/gallery_thumbs/f62bdec183e2844503ee5c27d034adbcd21780de.jpg","ThumbPicSize":"6137","Pic":"https://inishop.com/img/gallery/06872dd240c781da1bae868330c3189e2343a64d.jpg","Size":"1194218","PicHeight":"2000","PicWidth":"2000","Pic500x500":"https://inishop.com/img/gallery_mediums/0f9a9a3003c5da3393e14481a0f09686816242a0.jpg","Pic500x500Size":"195452","Pic500x500Height":"500","Pic500x500Width":"500","No":"7","IsMain":"N","Updated":"2025-08-21 15:30:18","IsPrivate":"0","Type":"LifestyleImage","Attributes":{"OriginalFileName":""}},{"ID":"114755317","LowPic":"https://inishop.com/img/gallery_lows/4abf56cc5fa31974a0e78fd5875b4134ee5353d5.jpg","LowSize":"45734","LowHeight":"200","LowWidth":"200","ThumbPic":"https://inishop.com/img/gallery_thumbs/b3532570281050d4bf17c5197809aebfcb241a62.jpg","ThumbPicSize":"9165","Pic":"https://inishop.com/img/gallery/7173b7767ed89a8655e89a240b62da2e5fb9bbce.jpg","Size":"1827362","PicHeight":"2000","PicWidth":"2000","Pic500x500":"https://inishop.com/img/gallery_mediums/0fc8b69f9059b8657259289b5a6a801fe147cd55.jpg","Pic500x500Size":"227690","Pic500x500Height":"500","Pic500x500Width":"500","No":"8","IsMain":"N","Updated":"2025-08-21 15:30:20","IsPrivate":"0","Type":"LifestyleImage","Attributes":{"OriginalFileName":""}},{"ID":"114755318","LowPic":"https://inishop.com/img/gallery_lows/930678940d002505d5971b4252ec7c0fa444197a.jpg","LowSize":"52726","LowHeight":"200","LowWidth":"200","ThumbPic":"https://inishop.com/img/gallery_thumbs/cdd0e9b582fa867ddedb89320d1ba8d7ff9d4012.jpg","ThumbPicSize":"10746","Pic":"https://inishop.com/img/gallery/bff60745569237353e03cccb59802a1dd3670b02.jpg","Size":"1721367","PicHeight":"2000","PicWidth":"2000","Pic500x500":"https://inishop.com/img/gallery_mediums/e35c15ecb368cfa62586267296994c94ad51e08a.jpg","Pic500x500Size":"239351","Pic500x500Height":"500","Pic500x500Width":"500","No":"9","IsMain":"N","Updated":"2025-08-21 15:30:21","IsPrivate":"0","Type":"LifestyleImage","Attributes":{"OriginalFileName":""}},{"ID":"114755319","LowPic":"https://inishop.com/img/gallery_lows/401e7433630f0b9d45be4f7f71f097179bf9112f.jpg","LowSize":"43269","LowHeight":"200","LowWidth":"200","ThumbPic":"https://inishop.com/img/gallery_thumbs/9e4cf4e10ad4d5b3b5ee8d907f690027c195fc99.jpg","ThumbPicSize":"9017","Pic":"https://inishop.com/img/gallery/723887ebc563b28c28305d63fc2ae83740ce535a.jpg","Size":"1523141","PicHeight":"2000","PicWidth":"2000","Pic500x500":"https://inishop.com/img/gallery_mediums/ce16554c49c3b0f9dd3184deb46f57cffe5c4fb7.jpg","Pic500x500Size":"203220","Pic500x500Height":"500","Pic500x500Width":"500","No":"10","IsMain":"N","Updated":"2025-08-21 15:30:24","IsPrivate":"0","Type":"LifestyleImage","Attributes":{"OriginalFileName":""}},{"ID":"114755320","LowPic":"https://inishop.com/img/gallery_lows/90d67fcc5292202cf67532445889da20a60cd694.jpg","LowSize":"23895","LowHeight":"200","LowWidth":"200","ThumbPic":"https://inishop.com/img/gallery_thumbs/47c8c1a1294deaf0f5e505439eb2d7df900f3df8.jpg","ThumbPicSize":"5702","Pic":"https://inishop.com/img/gallery/6a71792ce96c982991b4e118ddd8ef636aebe0bc.jpg","Size":"548879","PicHeight":"2000","PicWidth":"2000","Pic500x500":"https://inishop.com/img/gallery_mediums/57e3030e370e3311deb20fc7b6f2dccdb72e9749.jpg","Pic500x500Size":"106508","Pic500x500Height":"500","Pic500x500Width":"500","No":"11","IsMain":"N","Updated":"2025-08-21 15:30:25","IsPrivate":"0","Type":"LifestyleImage","Attributes":{"OriginalFileName":""}}],"FeaturesGroups":[{"ID":12078,"SortNo":"100","FeatureGroup":{"ID":"185","Name":{"Value":"Ominaisuudet","Language":"FI"}},"Features":[{"Localized":0,"ID":835100558,"LocalID":0,"Type":"dropdown","Value":"Women","CategoryFeatureId":"145869","CategoryFeatureGroupID":"12078","SortNo":"10000095","PresentationValue":"Naisten","RawValue":"Women","LocalValue":"Naisten","Description":"Who can use the product","Mandatory":"0","Searchable":"0","Optional":"0","Feature":{"ID":"9202","Sign":"","Measure":{"ID":"29","Sign":"","Signs":{"ID":"","_":"","Language":"FI"}},"Name":{"Value":"Soveltuvuus","Language":"FI"}}},{"Localized":0,"ID":829967639,"LocalID":0,"Type":"dropdown","Value":"Brown","CategoryFeatureId":"105224","CategoryFeatureGroupID":"12078","SortNo":"60","PresentationValue":"Ruskea","RawValue":"Brown","LocalValue":"Ruskea","Description":"The broader definiton of the colour spectrum of the product, e.g. black or auburn.","Mandatory":"1","Searchable":"1","Optional":"0","Feature":{"ID":"17357","Sign":"","Measure":{"ID":"29","Sign":"","Signs":{"ID":"","_":"","Language":"FI"}},"Name":{"Value":"Väriryhmä","Language":"FI"}}},{"Localized":0,"ID":829967722,"LocalID":0,"Type":"alphanumeric","Value":"05","CategoryFeatureId":"105225","CategoryFeatureGroupID":"12078","SortNo":"49","PresentationValue":"05","RawValue":"05","LocalValue":"05","Description":"","Mandatory":"1","Searchable":"0","Optional":"0","Feature":{"ID":"17540","Sign":"","Measure":{"ID":"29","Sign":"","Signs":{"ID":"","_":"","Language":"FI"}},"Name":{"Value":"Värikoodi","Language":"FI"}}},{"Localized":0,"ID":829967709,"LocalID":0,"Type":"text","Value":"Maple Me Crazy","CategoryFeatureId":"105226","CategoryFeatureGroupID":"12078","SortNo":"48","PresentationValue":"Maple Me Crazy","RawValue":"Maple Me Crazy","LocalValue":"Maple Me Crazy","Description":"","Mandatory":"1","Searchable":"0","Optional":"0","Feature":{"ID":"17956","Sign":"","Measure":{"ID":"29","Sign":"","Signs":{"ID":"","_":"","Language":"FI"}},"Name":{"Value":"Värin nimi","Language":"FI"}}},{"Localized":0,"ID":829967724,"LocalID":0,"Type":"numerical","Value":"1","CategoryFeatureId":"145622","CategoryFeatureGroupID":"12078","SortNo":"45","PresentationValue":"1 väriä","RawValue":"1","LocalValue":"1","Description":"","Mandatory":"1","Searchable":"0","Optional":"0","Feature":{"ID":"3530","Sign":"","Measure":{"ID":"375","Sign":"","Signs":{"ID":"33319","_":"väriä","Language":"FI"}},"Name":{"Value":"Värien määrä","Language":"FI"}}},{"Localized":0,"ID":829967755,"LocalID":0,"Type":"dropdown","Value":"Gloss","CategoryFeatureId":"145871","CategoryFeatureGroupID":"12078","SortNo":"44","PresentationValue":"Kiilto","RawValue":"Gloss","LocalValue":"Kiilto","Description":"","Mandatory":"0","Searchable":"0","Optional":"0","Feature":{"ID":"12230","Sign":"","Measure":{"ID":"29","Sign":"","Signs":{"ID":"","_":"","Language":"FI"}},"Name":{"Value":"Pinnoitus","Language":"FI"}}},{"Localized":0,"ID":835284973,"LocalID":0,"Type":"dropdown","Value":"Bottle","CategoryFeatureId":"326729","CategoryFeatureGroupID":"12078","SortNo":"44","PresentationValue":"Pullo","RawValue":"Bottle","LocalValue":"Pullo","Description":"The type of container from which the product can be dispensed, e.g. bag, tube etc.","Mandatory":"0","Searchable":"0","Optional":"0","Feature":{"ID":"17965","Sign":"","Measure":{"ID":"29","Sign":"","Signs":{"ID":"","_":"","Language":"FI"}},"Name":{"Value":"Annostelijan tyyppi","Language":"FI"}}},{"Localized":0,"ID":829967797,"LocalID":0,"Type":"dropdown","Value":"Cream (substance)","CategoryFeatureId":"161799","CategoryFeatureGroupID":"12078","SortNo":"40","PresentationValue":"Rasva (aine)","RawValue":"Cream (substance)","LocalValue":"Rasva (aine)","Description":"Type of substance","Mandatory":"0","Searchable":"0","Optional":"0","Feature":{"ID":"5658","Sign":"","Measure":{"ID":"29","Sign":"","Signs":{"ID":"","_":"","Language":"FI"}},"Name":{"Value":"Aine","Language":"FI"}}},{"Localized":0,"ID":829967870,"LocalID":0,"Type":"multi_dropdown","Value":"Coloring,Smoothing,Softening","CategoryFeatureId":"145874","CategoryFeatureGroupID":"12078","SortNo":"37","PresentationValue":"Väritys, Tasoittava, Pehmentävä","RawValue":"Coloring,Smoothing,Softening","LocalValue":"Väritys, Tasoittava, Pehmentävä","Description":"","Mandatory":"1","Searchable":"0","Optional":"0","Feature":{"ID":"23716","Sign":"","Measure":{"ID":"29","Sign":"","Signs":{"ID":"","_":"","Language":"FI"}},"Name":{"Value":"Huulipunan vaikutus","Language":"FI"}}},{"Localized":0,"ID":829967969,"LocalID":0,"Type":"y_n","Value":"N","CategoryFeatureId":"105228","CategoryFeatureGroupID":"12078","SortNo":"25","PresentationValue":"Ei","RawValue":"N","LocalValue":"Ei","Description":"","Mandatory":"1","Searchable":"0","Optional":"0","Feature":{"ID":"17996","Sign":"","Measure":{"ID":"26","Sign":"","Signs":{"ID":"","_":"","Language":"FI"}},"Name":{"Value":"suojakerroin","Language":"FI"}}},{"Localized":0,"ID":829968100,"LocalID":0,"Type":"y_n","Value":"Y","CategoryFeatureId":"105235","CategoryFeatureGroupID":"12078","SortNo":"14","PresentationValue":"Kyllä","RawValue":"Y","LocalValue":"Kyllä","Description":"The product has been tested on skin.","Mandatory":"0","Searchable":"0","Optional":"0","Feature":{"ID":"11436","Sign":"","Measure":{"ID":"26","Sign":"","Signs":{"ID":"","_":"","Language":"FI"}},"Name":{"Value":"Dermatologisesti testattu","Language":"FI"}}},{"Localized":0,"ID":829968329,"LocalID":0,"Type":"y_n","Value":"Y","CategoryFeatureId":"164978","CategoryFeatureGroupID":"12078","SortNo":"9","PresentationValue":"Kyllä","RawValue":"Y","LocalValue":"Kyllä","Description":"","Mandatory":"0","Searchable":"0","Optional":"0","Feature":{"ID":"22607","Sign":"","Measure":{"ID":"26","Sign":"","Signs":{"ID":"","_":"","Language":"FI"}},"Name":{"Value":"Ei eläinkokeita","Language":"FI"}}},{"Localized":0,"ID":829968328,"LocalID":0,"Type":"y_n","Value":"Y","CategoryFeatureId":"168223","CategoryFeatureGroupID":"12078","SortNo":"8","PresentationValue":"Kyllä","RawValue":"Y","LocalValue":"Kyllä","Description":"","Mandatory":"0","Searchable":"0","Optional":"0","Feature":{"ID":"26721","Sign":"","Measure":{"ID":"26","Sign":"","Signs":{"ID":"","_":"","Language":"FI"}},"Name":{"Value":"Ei eläinperäisiä ainesosia & sivutuotteita","Language":"FI"}}},{"Localized":0,"ID":829968319,"LocalID":0,"Type":"multi_dropdown","Value":"Gluten,Oil,Paraben","CategoryFeatureId":"625070","CategoryFeatureGroupID":"12078","SortNo":"0","PresentationValue":"Gluteeni, Öljy, Parabeeni","RawValue":"Gluten,Oil,Paraben","LocalValue":"Gluteeni, Öljy, Parabeeni","Description":"","Mandatory":"0","Searchable":"0","Optional":"0","Feature":{"ID":"42516","Sign":"","Measure":{"ID":"29","Sign":"","Signs":{"ID":"","_":"","Language":"FI"}},"Name":{"Value":"Ei sisällä","Language":"FI"}}},{"Localized":0,"ID":829968520,"LocalID":0,"Type":"textarea","Value":"OCTYLDODECANOL, POLYBUTENE, PHYTOSTERYL ISOSTEARATE, TRIDECYL TRIMELLITATE, BIS-DIGLYCERYL POLYACYLADIPATE-2, EUPHORBIA CERIFERA CERA (EUPHORBIA CERIFERA (CANDELILLA) WAX), HELIANTHUS ANNUUS (SUNFLOWER) SEED WAX, DIISOSTEARYL MALATE, TOCOPHERYL ACETATE, ETHYLHEXYLGLYCERIN, PHENOXYETHANOL, PARFUM (FRAGRANCE), CITRONELLOL, DIMETHYL PHENETHYL ACETATE, HEXYL CINNAMAL, LINALOOL, CI 15850 (RED 7 LAKE), CI 77491 (IRON OXIDES), CI 77492 (IRON OXIDES), CI 77499 (IRON OXIDES), CI 77891 (TITANIUM DIOXIDE).","CategoryFeatureId":"105238","CategoryFeatureGroupID":"12078","SortNo":"-80","PresentationValue":"OCTYLDODECANOL, POLYBUTENE, PHYTOSTERYL ISOSTEARATE, TRIDECYL TRIMELLITATE, BIS-DIGLYCERYL POLYACYLADIPATE-2, EUPHORBIA CERIFERA CERA (EUPHORBIA CERIFERA (CANDELILLA) WAX), HELIANTHUS ANNUUS (SUNFLOWER) SEED WAX, DIISOSTEARYL MALATE, TOCOPHERYL ACETATE, ETHYLHEXYLGLYCERIN, PHENOXYETHANOL, PARFUM (FRAGRANCE), CITRONELLOL, DIMETHYL PHENETHYL ACETATE, HEXYL CINNAMAL, LINALOOL, CI 15850 (RED 7 LAKE), CI 77491 (IRON OXIDES), CI 77492 (IRON OXIDES), CI 77499 (IRON OXIDES), CI 77891 (TITANIUM DIOXIDE).","RawValue":"OCTYLDODECANOL, POLYBUTENE, PHYTOSTERYL ISOSTEARATE, TRIDECYL TRIMELLITATE, BIS-DIGLYCERYL POLYACYLADIPATE-2, EUPHORBIA CERIFERA CERA (EUPHORBIA CERIFERA (CANDELILLA) WAX), HELIANTHUS ANNUUS (SUNFLOWER) SEED WAX, DIISOSTEARYL MALATE, TOCOPHERYL ACETATE, ETHYLHEXYLGLYCERIN, PHENOXYETHANOL, PARFUM (FRAGRANCE), CITRONELLOL, DIMETHYL PHENETHYL ACETATE, HEXYL CINNAMAL, LINALOOL, CI 15850 (RED 7 LAKE), CI 77491 (IRON OXIDES), CI 77492 (IRON OXIDES), CI 77499 (IRON OXIDES), CI 77891 (TITANIUM DIOXIDE).","LocalValue":"OCTYLDODECANOL, POLYBUTENE, PHYTOSTERYL ISOSTEARATE, TRIDECYL TRIMELLITATE, BIS-DIGLYCERYL POLYACYLADIPATE-2, EUPHORBIA CERIFERA CERA (EUPHORBIA CERIFERA (CANDELILLA) WAX), HELIANTHUS ANNUUS (SUNFLOWER) SEED WAX, DIISOSTEARYL MALATE, TOCOPHERYL ACETATE, ETHYLHEXYLGLYCERIN, PHENOXYETHANOL, PARFUM (FRAGRANCE), CITRONELLOL, DIMETHYL PHENETHYL ACETATE, HEXYL CINNAMAL, LINALOOL, CI 15850 (RED 7 LAKE), CI 77491 (IRON OXIDES), CI 77492 (IRON OXIDES), CI 77499 (IRON OXIDES), CI 77891 (TITANIUM DIOXIDE).","Description":"","Mandatory":"0","Searchable":"0","Optional":"0","Feature":{"ID":"16908","Sign":"","Measure":{"ID":"29","Sign":"","Signs":{"ID":"","_":"","Language":"FI"}},"Name":{"Value":"Ainesosat","Language":"FI"}}},{"Localized":1,"ID":0,"LocalID":554058991,"Type":"textarea","Value":"","CategoryFeatureId":"152452","CategoryFeatureGroupID":"12078","SortNo":"-150","PresentationValue":"Huulipunaa voidaan levittää suoraan tai – vielä tarkemmin – huulipunasiveltimellä, ja nestemäinen huulipuna toimii hyvin myös applikaattorin kanssa. Huulet kannattaa ensin rajata ja värjätä huultenrajauskynällä ja levittää sen jälkeen puna useassa ohuessa kerroksessa, painellen huulet paperiin aina kerrosten välillä. Lisäksi, huulikuorinta poistaa kuolleet ihosolut ennen huulimeikin levittämistä, jolloin huulista tulee sileämmät.","RawValue":"","LocalValue":"Huulipunaa voidaan levittää suoraan tai – vielä tarkemmin – huulipunasiveltimellä, ja nestemäinen huulipuna toimii hyvin myös applikaattorin kanssa. Huulet kannattaa ensin rajata ja värjätä huultenrajauskynällä ja levittää sen jälkeen puna useassa ohuessa kerroksessa, painellen huulet paperiin aina kerrosten välillä. Lisäksi, huulikuorinta poistaa kuolleet ihosolut ennen huulimeikin levittämistä, jolloin huulista tulee sileämmät.","Description":"","Mandatory":"0","Searchable":"0","Optional":"0","Feature":{"ID":"24555","Sign":"","Measure":{"ID":"29","Sign":"","Signs":{"ID":"","_":"","Language":"FI"}},"Name":{"Value":"Käyttö","Language":"FI"}}}]},{"ID":77427,"SortNo":"0","FeatureGroup":{"ID":"279","Name":{"Value":"Kestävyys","Language":"FI"}},"Features":[{"Localized":0,"ID":835100973,"LocalID":0,"Type":"multi_dropdown","Value":"Good for vegan","CategoryFeatureId":"604523","CategoryFeatureGroupID":"77427","SortNo":"0","PresentationValue":"Sopii vegaaneille","RawValue":"Good for vegan","LocalValue":"Sopii vegaaneille","Description":"","Mandatory":"0","Searchable":"0","Optional":"0","Feature":{"ID":"42513","Sign":"","Measure":{"ID":"29","Sign":"","Signs":{"ID":"","_":"","Language":"FI"}},"Name":{"Value":"Kestävän kehityksen sertifikaatit","Language":"FI"}}}]},{"ID":12077,"SortNo":"-10","FeatureGroup":{"ID":"14","Name":{"Value":"Paino ja mitat","Language":"FI"}},"Features":[{"Localized":0,"ID":829968045,"LocalID":0,"Type":"numerical","Value":"1.9","CategoryFeatureId":"109397","CategoryFeatureGroupID":"12077","SortNo":"100","PresentationValue":"1,9 g","RawValue":"1.9","LocalValue":"1,9","Description":"Maximum amount that something can contain.","Mandatory":"0","Searchable":"0","Optional":"0","Feature":{"ID":"5255","Sign":"","Measure":{"ID":"38","Sign":"","Signs":{"ID":"13826","_":"g","Language":"FI"}},"Name":{"Value":"Kapasiteetti","Language":"FI"}}}]},{"ID":15807,"SortNo":"-30","FeatureGroup":{"ID":"116","Name":{"Value":"Pakkauksen sisältö","Language":"FI"}},"Features":[{"Localized":0,"ID":829968330,"LocalID":0,"Type":"numerical","Value":"1","CategoryFeatureId":"105233","CategoryFeatureGroupID":"15807","SortNo":"-150","PresentationValue":"1 kpl","RawValue":"1","LocalValue":"1","Description":"The number of products that are included in the package.","Mandatory":"1","Searchable":"0","Optional":"0","Feature":{"ID":"5456","Sign":"","Measure":{"ID":"144","Sign":"","Signs":{"ID":"3770","_":"kpl","Language":"FI"}},"Name":{"Value":"Sisältyvien tuotteiden lukumäärä","Language":"FI"}}}]}],"FeatureLogos":[{"LogoPic":"https://inishop.com/img/feature_logo/604-9536.png","Width":"300","Height":"300","Size":"0","ThumbPic":"https://inishop.com/img/feature_logo_thumbs/604-9536.png","FeatureID":"42513","Value":"Good for vegan","KeyLogo":0}],"ReasonsToBuy":[],"Reviews":[],"ProductRelated":[],"CatalogObjectCloud":{},"Variants":[],"ProductStory":[],"Dictionary":{"model_name":"Tuotenimi","desc":"Kuvaus","ean_code":"EAN/UPC-koodi","flash360":"3D-esittely","demo_msg_part3":"Jos sinulla ei ole Icecat-k&auml;ytt&auml;j&auml;tili&auml;, ole hyv&auml; ja rekister&ouml;idy maksutta t&auml;&auml;lt&auml;.","repairability_index":"Repairability index","zoom_panel_init":"Alkuper&auml;inen koko","cat_name":"Ryhm&auml;","product_family":"Tuoteperhe","back_to_top":"Takaisin yl&ouml;s","zoom_panel_out":"Loitonna","specs":"Tekniset tiedot","eu_product_fiche":"EU-tuoteseloste","reviews_head_name":"Arvostelut","pdf_specs":"Tuote-esite","zoom_panel_in":"L&auml;henn&auml;","html_content":"","release_date":"Julkaisup&auml;iv&auml;","demo_msg_part1":"K&auml;yt&auml;t t&auml;ll&auml; hetkell&auml; demo-k&auml;ytt&auml;j&auml;tili&auml;. Ole hyv&auml; ja k&auml;yt&auml; omaa Icecat-k&auml;ytt&auml;j&auml;tili&auml;si.","demo_insert_desc":"This is a demo of a seamless insert of an Icecat LIVE product data-sheet in your website. Imagine that this responsive data-sheet is included in the product page of your webshop.","pdf_url":"K&auml;ytt&ouml;opas","prod_code":"Tuotekoodi","supplier_name":"Tuotemerkki","video":"Video","reasons_to_buy":"Syitä ostaa","marketing_text":"Kuvaus","options_head_name":"Vaihtoehdot","product_series":"Tuotesarja","demo_msg_part2":"Icecat k&auml;ytt&auml;j&auml;tunnuksesi","link_integrate_desk":"Kuinka integroida Icecat LIVE JavaScript.","zoom_panel_dragg":"Hiirell&auml; vet&auml;minen","eu_energy_label":"EU-energiamerkintä"},"DemoAccount":false}}