{"msg":"OK","data":{"GeneralInfo":{"IcecatId":133031163,"ReleaseDate":"","EndOfLifeDate":"","Title":"Essence fairy ROSE kynsilakka","TitleInfo":{"GeneratedIntTitle":"Essence ROSE nail polish","GeneratedLocalTitle":{"Value":"Essence ROSE kynsilakka 8 ml Ruusu Kiilto","Language":"FI"},"BrandLocalTitle":{"Value":"Essence fairy ROSE kynsilakka","Language":"FI"}},"Brand":"Essence","BrandID":"29383","BrandLogo":"https://inishop.com/img/brand/thumb/29383_837cf392de374591bbd1c9cdef160cb6.jpg","BrandInfo":{"BrandName":"Essence","BrandLocalName":"","BrandLogo":"https://inishop.com/img/brand/thumb/29383_837cf392de374591bbd1c9cdef160cb6.jpg"},"ProductName":"fairy ROSE kynsilakka","ProductNameInfo":{"ProductIntName":"ROSE","ProductLocalName":{"Value":"fairy ROSE kynsilakka","Language":"FI"}},"BrandPartCode":"954316","GTIN":["4059729543165"],"Category":{"CategoryID":"2943","Name":{"Value":"Kynsilakat","Language":"FI"}},"ProductFamily":{},"ProductSeries":{"SeriesID":"1"},"Description":{"ID":"104036391","LongDesc":"Lisää hienostunutta ilmettä sormenpäihisi essence fairy ROSE -kynsilakalla 03. Tämä pastellivaaleanpunaisen sävyinen kynsilakka on pääsylippusi trendikkään pehmeisiin ”soft glam” ja ”clean girl” -lookeihin. Tehokas koostumus tuottaa intensiivisen väriviimeistelyn, joka on sekä elegantti että vaivattoman raikas. Se on saanut innoituksensa kauniista väripaletista ja antaa kynsillesi säteilevän hehkun jokaiseen mielialaan ja hetkeen. Halusitpa sitten arjen viehätystä tai lumoavia yksityiskohtia, tämä kynsilakka tuo esiin sisäisen säihkeesi samalla, kun se kuivuu nopeasti ja pysyy kauniina päivien ajan.","LongProductName":"fairy ROSE kynsilakka, 03, 8 ml","MiddleDesc":"","Disclaimer":"","ManualPDFURL":"","ManualPDFSize":"0","LeafletPDFURL":"","PDFSize":"0","URL":"https://www.essence.eu/fi-fi/p/954316/fairy-rose-nail-polish","WarrantyInfo":"","Updated":"2025-09-08 12:12:02","Language":"FI"},"SummaryDescription":{"ShortSummaryDescription":"Essence fairy ROSE kynsilakka, 8 ml, Ruusu, Fairy Rose, Väritys, Läpikuultamaton, Kiilto","LongSummaryDescription":"Essence fairy ROSE kynsilakka. Volyymi: 8 ml, Väriryhmä: Ruusu, Värin nimi: Fairy Rose. Kestävän kehityksen sertifikaatit: Sopii vegaaneille. Sisältyvien tuotteiden lukumäärä: 1 kpl"},"BulletPoints":{"BulletPointsId":"13606633","Language":"FI","Values":["Kynsilakka hyvin huoliteltuun ulkonäköön","Pitkäkestoinen, intensiivinen ja nopeasti kuivuva koostumus","Tukee ”clean girl” -estetiikkaa ja ”soft glam” -trendejä"],"Updated":"2025-09-08 12:13:18"},"GeneratedBulletPoints":{"Language":"FI","Values":["Pullo 8 ml Väriryhmä: Ruusu","03 Fairy Rose Levittäjän tyyppi: Sivellin","Materiaalin viimeistely: Kiilto Soveltuvuus: Naisten","Pitkäkestoinen Nopeasti kuivuva"]},"GTINs":[{"GTIN":"4059729543165","IsApproved":true}]},"Image":{"HighPic":"https://inishop.com/img/gallery/b291eaa9feaf21ebe4eae69c037b62c0be305a5e.jpg","HighPicSize":"501722","HighPicHeight":"2263","HighPicWidth":"1175","LowPic":"https://inishop.com/img/gallery_lows/b2368ded287efc68b293ba6d5bfdbd189d26500a.jpg","LowPicSize":"9476","LowPicHeight":"200","LowPicWidth":"104","Pic500x500":"https://inishop.com/img/gallery_mediums/a7215dbd6280a579789b2d2ee2d19115854e389c.jpg","Pic500x500Size":"39006","Pic500x500Height":"500","Pic500x500Width":"260","ThumbPic":"https://inishop.com/img/gallery_thumbs/7eb641c53d8184c0b83c89deb8d77f1658a915ce.jpg","ThumbPicSize":"2404"},"Multimedia":[],"Gallery":[{"ID":"113234129","LowPic":"https://inishop.com/img/gallery_lows/b2368ded287efc68b293ba6d5bfdbd189d26500a.jpg","LowSize":"9476","LowHeight":"200","LowWidth":"104","ThumbPic":"https://inishop.com/img/gallery_thumbs/7eb641c53d8184c0b83c89deb8d77f1658a915ce.jpg","ThumbPicSize":"2404","Pic":"https://inishop.com/img/gallery/b291eaa9feaf21ebe4eae69c037b62c0be305a5e.jpg","Size":"501722","PicHeight":"2263","PicWidth":"1175","Pic500x500":"https://inishop.com/img/gallery_mediums/a7215dbd6280a579789b2d2ee2d19115854e389c.jpg","Pic500x500Size":"39006","Pic500x500Height":"500","Pic500x500Width":"260","No":"1","IsMain":"Y","Updated":"2025-09-08 12:14:48","IsPrivate":"0","Type":"ProductImage","Attributes":{"OriginalFileName":""}},{"ID":"113234130","LowPic":"https://inishop.com/img/gallery_lows/56c739f5def8d74956a6a5714c1d11c32817a478.jpg","LowSize":"13465","LowHeight":"200","LowWidth":"200","ThumbPic":"https://inishop.com/img/gallery_thumbs/3080435fc426ab705d2634bed3aac0f707d7b11d.jpg","ThumbPicSize":"3548","Pic":"https://inishop.com/img/gallery/c22eeb7cb01e820f4ce22064d3a6468832f9d226.jpg","Size":"592133","PicHeight":"2000","PicWidth":"2000","Pic500x500":"https://inishop.com/img/gallery_mediums/76bf1dd72ef17a6581e25369909f1b6ae81d7b21.jpg","Pic500x500Size":"57468","Pic500x500Height":"500","Pic500x500Width":"500","No":"2","IsMain":"N","Updated":"2025-09-08 12:14:58","IsPrivate":"0","Type":"Other","Attributes":{"OriginalFileName":""}},{"ID":"113234132","LowPic":"https://inishop.com/img/gallery_lows/8bfbfd63ca9a0eeafabd1eed18e9c8234e61b6ba.jpg","LowSize":"17533","LowHeight":"200","LowWidth":"200","ThumbPic":"https://inishop.com/img/gallery_thumbs/e6fb9ac2a237578030345ca355e251e20788b159.jpg","ThumbPicSize":"4516","Pic":"https://inishop.com/img/gallery/55ffc31c33ad96a49120f3a019146af09e3dc688.jpg","Size":"414920","PicHeight":"2000","PicWidth":"2000","Pic500x500":"https://inishop.com/img/gallery_mediums/b690a1d44a840e52cffb1d1b67e03b0ea295c93f.jpg","Pic500x500Size":"71829","Pic500x500Height":"500","Pic500x500Width":"500","No":"3","IsMain":"N","Updated":"2025-09-08 12:15:01","IsPrivate":"0","Type":"Other","Attributes":{"OriginalFileName":""}},{"ID":"113234133","LowPic":"https://inishop.com/img/gallery_lows/e4c472917d682299df13e631c0f270bf64c273b5.jpg","LowSize":"25148","LowHeight":"200","LowWidth":"200","ThumbPic":"https://inishop.com/img/gallery_thumbs/fbf2fde79ebbe59c338e8cae709bf8884f7a0efe.jpg","ThumbPicSize":"6326","Pic":"https://inishop.com/img/gallery/4be513f9797553ce5730fc6a6e4e6c4fb1b7520f.jpg","Size":"633542","PicHeight":"2000","PicWidth":"2000","Pic500x500":"https://inishop.com/img/gallery_mediums/b7c0657f7dfb8f8b01002221685ff6af977f6e9d.jpg","Pic500x500Size":"107151","Pic500x500Height":"500","Pic500x500Width":"500","No":"4","IsMain":"N","Updated":"2025-09-08 12:15:04","IsPrivate":"0","Type":"Other","Attributes":{"OriginalFileName":""}},{"ID":"113234139","LowPic":"https://inishop.com/img/gallery_lows/47e71408ce2174dd0b7e717ee62fd5fdcbc6ece6.jpg","LowSize":"27449","LowHeight":"200","LowWidth":"200","ThumbPic":"https://inishop.com/img/gallery_thumbs/37e43b29a668bf3ab6a2b258aa7c7a0e624dc348.jpg","ThumbPicSize":"6327","Pic":"https://inishop.com/img/gallery/f20fbc238487aff9511c2ef29ccf88f301e75717.jpg","Size":"826470","PicHeight":"2000","PicWidth":"2000","Pic500x500":"https://inishop.com/img/gallery_mediums/c09a87aaabadd8be0c9caf695b90f0221711ffd8.jpg","Pic500x500Size":"126227","Pic500x500Height":"500","Pic500x500Width":"500","No":"5","IsMain":"N","Updated":"2025-08-04 15:43:33","IsPrivate":"0","Type":"LifestyleImage","Attributes":{"OriginalFileName":""}},{"ID":"113234140","LowPic":"https://inishop.com/img/gallery_lows/ca296a9e180afa81e44e4e8cb251970a237bd65c.jpg","LowSize":"27441","LowHeight":"200","LowWidth":"200","ThumbPic":"https://inishop.com/img/gallery_thumbs/a2997ff0921af5240212cdcc88c06811b59a4019.jpg","ThumbPicSize":"5565","Pic":"https://inishop.com/img/gallery/80e07dcbed0e4cae56e114509c11692079b2d873.jpg","Size":"663311","PicHeight":"2000","PicWidth":"2000","Pic500x500":"https://inishop.com/img/gallery_mediums/a103355fc04c554e83acffe0c7845ab6f6b1c92b.jpg","Pic500x500Size":"126374","Pic500x500Height":"500","Pic500x500Width":"500","No":"6","IsMain":"N","Updated":"2025-09-08 12:15:12","IsPrivate":"0","Type":"Other","Attributes":{"OriginalFileName":""}},{"ID":"113234141","LowPic":"https://inishop.com/img/gallery_lows/3250e4acb5280cfeacc92382c030bcd663b4d4b8.jpg","LowSize":"35559","LowHeight":"200","LowWidth":"200","ThumbPic":"https://inishop.com/img/gallery_thumbs/1ddc7dfadeb0158b2556bca976771bf8cfccdfd5.jpg","ThumbPicSize":"7069","Pic":"https://inishop.com/img/gallery/d42ee93b0f663fe64c8cc13923bc198408993960.jpg","Size":"1141053","PicHeight":"2000","PicWidth":"2000","Pic500x500":"https://inishop.com/img/gallery_mediums/1879fec82f40d3b6991865c402645646c05fd11b.jpg","Pic500x500Size":"172963","Pic500x500Height":"500","Pic500x500Width":"500","No":"7","IsMain":"N","Updated":"2025-09-08 12:15:16","IsPrivate":"0","Type":"Other","Attributes":{"OriginalFileName":""}}],"FeaturesGroups":[{"ID":11992,"SortNo":"10","FeatureGroup":{"ID":"185","Name":{"Value":"Ominaisuudet","Language":"FI"}},"Features":[{"Localized":0,"ID":819577222,"LocalID":0,"Type":"numerical","Value":"8","CategoryFeatureId":"103923","CategoryFeatureGroupID":"11992","SortNo":"400","PresentationValue":"8 ml","RawValue":"8","LocalValue":"8","Description":"The amount of space that a substance or object occupies or may contain.","Mandatory":"1","Searchable":"0","Optional":"0","Feature":{"ID":"5207","Sign":"","Measure":{"ID":"142","Sign":"","Signs":{"ID":"13925","_":"ml","Language":"FI"}},"Name":{"Value":"Volyymi","Language":"FI"}}},{"Localized":0,"ID":819577282,"LocalID":0,"Type":"dropdown","Value":"Rose","CategoryFeatureId":"103998","CategoryFeatureGroupID":"11992","SortNo":"100","PresentationValue":"Ruusu","RawValue":"Rose","LocalValue":"Ruusu","Description":"The broader definiton of the colour spectrum of the product, e.g. black or auburn.","Mandatory":"1","Searchable":"0","Optional":"0","Feature":{"ID":"17357","Sign":"","Measure":{"ID":"29","Sign":"","Signs":{"ID":"","_":"","Language":"FI"}},"Name":{"Value":"Väriryhmä","Language":"FI"}}},{"Localized":0,"ID":819577317,"LocalID":0,"Type":"text","Value":"Fairy Rose","CategoryFeatureId":"104004","CategoryFeatureGroupID":"11992","SortNo":"90","PresentationValue":"Fairy Rose","RawValue":"Fairy Rose","LocalValue":"Fairy Rose","Description":"","Mandatory":"1","Searchable":"0","Optional":"0","Feature":{"ID":"17956","Sign":"","Measure":{"ID":"29","Sign":"","Signs":{"ID":"","_":"","Language":"FI"}},"Name":{"Value":"Värin nimi","Language":"FI"}}},{"Localized":0,"ID":819577353,"LocalID":0,"Type":"alphanumeric","Value":"03","CategoryFeatureId":"104001","CategoryFeatureGroupID":"11992","SortNo":"80","PresentationValue":"03","RawValue":"03","LocalValue":"03","Description":"","Mandatory":"1","Searchable":"0","Optional":"0","Feature":{"ID":"17540","Sign":"","Measure":{"ID":"29","Sign":"","Signs":{"ID":"","_":"","Language":"FI"}},"Name":{"Value":"Värikoodi","Language":"FI"}}},{"Localized":0,"ID":819577382,"LocalID":0,"Type":"dropdown","Value":"Opaque","CategoryFeatureId":"338166","CategoryFeatureGroupID":"11992","SortNo":"71","PresentationValue":"Läpikuultamaton","RawValue":"Opaque","LocalValue":"Läpikuultamaton","Description":"","Mandatory":"0","Searchable":"0","Optional":"0","Feature":{"ID":"32237","Sign":"","Measure":{"ID":"29","Sign":"","Signs":{"ID":"","_":"","Language":"FI"}},"Name":{"Value":"Peittokyky","Language":"FI"}}},{"Localized":0,"ID":836152254,"LocalID":0,"Type":"dropdown","Value":"Gloss","CategoryFeatureId":"113015","CategoryFeatureGroupID":"11992","SortNo":"70","PresentationValue":"Kiilto","RawValue":"Gloss","LocalValue":"Kiilto","Description":"The way that a product is finished e.g. a matt or gloss finish.","Mandatory":"0","Searchable":"0","Optional":"0","Feature":{"ID":"2254","Sign":"","Measure":{"ID":"29","Sign":"","Signs":{"ID":"","_":"","Language":"FI"}},"Name":{"Value":"Materiaalin viimeistely","Language":"FI"}}},{"Localized":0,"ID":819577600,"LocalID":0,"Type":"multi_dropdown","Value":"Coloring","CategoryFeatureId":"148585","CategoryFeatureGroupID":"11992","SortNo":"69","PresentationValue":"Väritys","RawValue":"Coloring","LocalValue":"Väritys","Description":"","Mandatory":"1","Searchable":"0","Optional":"0","Feature":{"ID":"23999","Sign":"","Measure":{"ID":"29","Sign":"","Signs":{"ID":"","_":"","Language":"FI"}},"Name":{"Value":"Kynsilakan vaikutus","Language":"FI"}}},{"Localized":0,"ID":819577603,"LocalID":0,"Type":"dropdown","Value":"Bottle","CategoryFeatureId":"146495","CategoryFeatureGroupID":"11992","SortNo":"65","PresentationValue":"Pullo","RawValue":"Bottle","LocalValue":"Pullo","Description":"The type of container from which the product can be dispensed, e.g. bag, tube etc.","Mandatory":"0","Searchable":"0","Optional":"0","Feature":{"ID":"17965","Sign":"","Measure":{"ID":"29","Sign":"","Signs":{"ID":"","_":"","Language":"FI"}},"Name":{"Value":"Annostelijan tyyppi","Language":"FI"}}},{"Localized":0,"ID":819577606,"LocalID":0,"Type":"y_n","Value":"Y","CategoryFeatureId":"105739","CategoryFeatureGroupID":"11992","SortNo":"60","PresentationValue":"Kyllä","RawValue":"Y","LocalValue":"Kyllä","Description":"","Mandatory":"0","Searchable":"0","Optional":"0","Feature":{"ID":"18071","Sign":"","Measure":{"ID":"26","Sign":"","Signs":{"ID":"","_":"","Language":"FI"}},"Name":{"Value":"Pitkäkestoinen","Language":"FI"}}},{"Localized":0,"ID":819577605,"LocalID":0,"Type":"y_n","Value":"Y","CategoryFeatureId":"105740","CategoryFeatureGroupID":"11992","SortNo":"55","PresentationValue":"Kyllä","RawValue":"Y","LocalValue":"Kyllä","Description":"","Mandatory":"1","Searchable":"0","Optional":"0","Feature":{"ID":"18072","Sign":"","Measure":{"ID":"26","Sign":"","Signs":{"ID":"","_":"","Language":"FI"}},"Name":{"Value":"Nopeasti kuivuva","Language":"FI"}}},{"Localized":0,"ID":819577607,"LocalID":0,"Type":"dropdown","Value":"Brush","CategoryFeatureId":"338175","CategoryFeatureGroupID":"11992","SortNo":"0","PresentationValue":"Sivellin","RawValue":"Brush","LocalValue":"Sivellin","Description":"","Mandatory":"0","Searchable":"0","Optional":"0","Feature":{"ID":"38481","Sign":"","Measure":{"ID":"29","Sign":"","Signs":{"ID":"","_":"","Language":"FI"}},"Name":{"Value":"Levittäjän tyyppi","Language":"FI"}}},{"Localized":0,"ID":819577613,"LocalID":0,"Type":"dropdown","Value":"Women","CategoryFeatureId":"693734","CategoryFeatureGroupID":"11992","SortNo":"0","PresentationValue":"Naisten","RawValue":"Women","LocalValue":"Naisten","Description":"Who can use the product, or what the product can be used for.","Mandatory":"0","Searchable":"0","Optional":"0","Feature":{"ID":"9202","Sign":"","Measure":{"ID":"29","Sign":"","Signs":{"ID":"","_":"","Language":"FI"}},"Name":{"Value":"Soveltuvuus","Language":"FI"}}},{"Localized":0,"ID":835101034,"LocalID":0,"Type":"textarea","Value":"ETHYL ACETATE, BUTYL ACETATE, NITROCELLULOSE, DIPROPYLENE GLYCOL DIBENZOATE, POLYESTER-23, ISOPROPYL ALCOHOL, TOSYLAMIDE/EPOXY RESIN, ACRYLATES COPOLYMER, STEARALKONIUM BENTONITE, ADIPIC ACID/NEOPENTYL GLYCOL/TRIMELLITIC ANHYDRIDE COPOLYMER, SUCROSE ACETATE ISOBUTYRATE, SILICA, MALTOL, ACETYL TRIBUTYL CITRATE, TRIETHOXYCAPRYLYLSILANE, DIMETHICONE, PHOSPHORIC ACID, ALUMINUM HYDROXIDE, BARIUM SULFATE, CI 15850 (RED 6), CI 19140 (YELLOW 5 LAKE), CI 77891 (TITANIUM DIOXIDE).","CategoryFeatureId":"103962","CategoryFeatureGroupID":"11992","SortNo":"-80","PresentationValue":"ETHYL ACETATE, BUTYL ACETATE, NITROCELLULOSE, DIPROPYLENE GLYCOL DIBENZOATE, POLYESTER-23, ISOPROPYL ALCOHOL, TOSYLAMIDE/EPOXY RESIN, ACRYLATES COPOLYMER, STEARALKONIUM BENTONITE, ADIPIC ACID/NEOPENTYL GLYCOL/TRIMELLITIC ANHYDRIDE COPOLYMER, SUCROSE ACETATE ISOBUTYRATE, SILICA, MALTOL, ACETYL TRIBUTYL CITRATE, TRIETHOXYCAPRYLYLSILANE, DIMETHICONE, PHOSPHORIC ACID, ALUMINUM HYDROXIDE, BARIUM SULFATE, CI 15850 (RED 6), CI 19140 (YELLOW 5 LAKE), CI 77891 (TITANIUM DIOXIDE).","RawValue":"ETHYL ACETATE, BUTYL ACETATE, NITROCELLULOSE, DIPROPYLENE GLYCOL DIBENZOATE, POLYESTER-23, ISOPROPYL ALCOHOL, TOSYLAMIDE/EPOXY RESIN, ACRYLATES COPOLYMER, STEARALKONIUM BENTONITE, ADIPIC ACID/NEOPENTYL GLYCOL/TRIMELLITIC ANHYDRIDE COPOLYMER, SUCROSE ACETATE ISOBUTYRATE, SILICA, MALTOL, ACETYL TRIBUTYL CITRATE, TRIETHOXYCAPRYLYLSILANE, DIMETHICONE, PHOSPHORIC ACID, ALUMINUM HYDROXIDE, BARIUM SULFATE, CI 15850 (RED 6), CI 19140 (YELLOW 5 LAKE), CI 77891 (TITANIUM DIOXIDE).","LocalValue":"ETHYL ACETATE, BUTYL ACETATE, NITROCELLULOSE, DIPROPYLENE GLYCOL DIBENZOATE, POLYESTER-23, ISOPROPYL ALCOHOL, TOSYLAMIDE/EPOXY RESIN, ACRYLATES COPOLYMER, STEARALKONIUM BENTONITE, ADIPIC ACID/NEOPENTYL GLYCOL/TRIMELLITIC ANHYDRIDE COPOLYMER, SUCROSE ACETATE ISOBUTYRATE, SILICA, MALTOL, ACETYL TRIBUTYL CITRATE, TRIETHOXYCAPRYLYLSILANE, DIMETHICONE, PHOSPHORIC ACID, ALUMINUM HYDROXIDE, BARIUM SULFATE, CI 15850 (RED 6), CI 19140 (YELLOW 5 LAKE), CI 77891 (TITANIUM DIOXIDE).","Description":"","Mandatory":"0","Searchable":"0","Optional":"0","Feature":{"ID":"16908","Sign":"","Measure":{"ID":"29","Sign":"","Signs":{"ID":"","_":"","Language":"FI"}},"Name":{"Value":"Ainesosat","Language":"FI"}}},{"Localized":1,"ID":0,"LocalID":554058938,"Type":"textarea","Value":"","CategoryFeatureId":"151182","CategoryFeatureGroupID":"11992","SortNo":"-110","PresentationValue":"Levitä 1–2 kerrosta essence ROSE -kynsilakkaa 03 pastellinvaaleanpunaisessa sävyssä haluamastasi peittävyydestä riippuen. Yksi kerros antaa jo täydellisen viimeistelyn ja peittävyyden, kun taas kaksi kerrosta luovat täydellisen lopputuloksen ja pitkäkestoisen kiillon.","RawValue":"","LocalValue":"Levitä 1–2 kerrosta essence ROSE -kynsilakkaa 03 pastellinvaaleanpunaisessa sävyssä haluamastasi peittävyydestä riippuen. Yksi kerros antaa jo täydellisen viimeistelyn ja peittävyyden, kun taas kaksi kerrosta luovat täydellisen lopputuloksen ja pitkäkestoisen kiillon.","Description":"","Mandatory":"0","Searchable":"0","Optional":"0","Feature":{"ID":"24555","Sign":"","Measure":{"ID":"29","Sign":"","Signs":{"ID":"","_":"","Language":"FI"}},"Name":{"Value":"Käyttö","Language":"FI"}}},{"Localized":0,"ID":835100057,"LocalID":0,"Type":"multi_dropdown","Value":"Fragrance,Oil,Paraben","CategoryFeatureId":"625012","CategoryFeatureGroupID":"11992","SortNo":"-150","PresentationValue":"Tuoksu, Öljy, Parabeeni","RawValue":"Fragrance,Oil,Paraben","LocalValue":"Tuoksu, Öljy, Parabeeni","Description":"","Mandatory":"0","Searchable":"0","Optional":"0","Feature":{"ID":"42516","Sign":"","Measure":{"ID":"29","Sign":"","Signs":{"ID":"","_":"","Language":"FI"}},"Name":{"Value":"Ei sisällä","Language":"FI"}}}]},{"ID":77253,"SortNo":"0","FeatureGroup":{"ID":"279","Name":{"Value":"Kestävyys","Language":"FI"}},"Features":[{"Localized":0,"ID":835100069,"LocalID":0,"Type":"multi_dropdown","Value":"Good for vegan","CategoryFeatureId":"604465","CategoryFeatureGroupID":"77253","SortNo":"0","PresentationValue":"Sopii vegaaneille","RawValue":"Good for vegan","LocalValue":"Sopii vegaaneille","Description":"","Mandatory":"0","Searchable":"0","Optional":"0","Feature":{"ID":"42513","Sign":"","Measure":{"ID":"29","Sign":"","Signs":{"ID":"","_":"","Language":"FI"}},"Name":{"Value":"Kestävän kehityksen sertifikaatit","Language":"FI"}}}]},{"ID":77254,"SortNo":"0","FeatureGroup":{"ID":"67","Name":{"Value":"Pakkaustiedot","Language":"FI"}},"Features":[{"Localized":0,"ID":819577650,"LocalID":0,"Type":"numerical","Value":"1","CategoryFeatureId":"104007","CategoryFeatureGroupID":"77254","SortNo":"150","PresentationValue":"1 kpl","RawValue":"1","LocalValue":"1","Description":"The number of products that are included in the package.","Mandatory":"1","Searchable":"0","Optional":"0","Feature":{"ID":"5456","Sign":"","Measure":{"ID":"144","Sign":"","Signs":{"ID":"3770","_":"kpl","Language":"FI"}},"Name":{"Value":"Sisältyvien tuotteiden lukumäärä","Language":"FI"}}}]}],"FeatureLogos":[{"LogoPic":"https://inishop.com/img/feature_logo/604-9536.png","Width":"300","Height":"300","Size":"0","ThumbPic":"https://inishop.com/img/feature_logo_thumbs/604-9536.png","FeatureID":"42513","Value":"Good for vegan","KeyLogo":0}],"ReasonsToBuy":[],"Reviews":[],"ProductRelated":[],"CatalogObjectCloud":{},"Variants":[],"ProductStory":[],"Dictionary":{"model_name":"Tuotenimi","desc":"Kuvaus","ean_code":"EAN/UPC-koodi","flash360":"3D-esittely","demo_msg_part3":"Jos sinulla ei ole Icecat-k&auml;ytt&auml;j&auml;tili&auml;, ole hyv&auml; ja rekister&ouml;idy maksutta t&auml;&auml;lt&auml;.","repairability_index":"Repairability index","zoom_panel_init":"Alkuper&auml;inen koko","cat_name":"Ryhm&auml;","product_family":"Tuoteperhe","back_to_top":"Takaisin yl&ouml;s","zoom_panel_out":"Loitonna","specs":"Tekniset tiedot","eu_product_fiche":"EU-tuoteseloste","reviews_head_name":"Arvostelut","pdf_specs":"Tuote-esite","zoom_panel_in":"L&auml;henn&auml;","html_content":"","release_date":"Julkaisup&auml;iv&auml;","demo_msg_part1":"K&auml;yt&auml;t t&auml;ll&auml; hetkell&auml; demo-k&auml;ytt&auml;j&auml;tili&auml;. Ole hyv&auml; ja k&auml;yt&auml; omaa Icecat-k&auml;ytt&auml;j&auml;tili&auml;si.","demo_insert_desc":"This is a demo of a seamless insert of an Icecat LIVE product data-sheet in your website. Imagine that this responsive data-sheet is included in the product page of your webshop.","pdf_url":"K&auml;ytt&ouml;opas","prod_code":"Tuotekoodi","supplier_name":"Tuotemerkki","video":"Video","reasons_to_buy":"Syitä ostaa","marketing_text":"Kuvaus","options_head_name":"Vaihtoehdot","product_series":"Tuotesarja","demo_msg_part2":"Icecat k&auml;ytt&auml;j&auml;tunnuksesi","link_integrate_desk":"Kuinka integroida Icecat LIVE JavaScript.","zoom_panel_dragg":"Hiirell&auml; vet&auml;minen","eu_energy_label":"EU-energiamerkintä"},"DemoAccount":false}}