{"msg":"OK","data":{"GeneralInfo":{"IcecatId":133031159,"ReleaseDate":"","EndOfLifeDate":"","Title":"Essence fairy CLOUD kynsilakka","TitleInfo":{"GeneratedIntTitle":"Essence CLOUD nail polish","GeneratedLocalTitle":{"Value":"Essence CLOUD kynsilakka 8 ml Beige Kiilto","Language":"FI"},"BrandLocalTitle":{"Value":"Essence fairy CLOUD kynsilakka","Language":"FI"}},"Brand":"Essence","BrandID":"29383","BrandLogo":"https://inishop.com/img/brand/thumb/29383_837cf392de374591bbd1c9cdef160cb6.jpg","BrandInfo":{"BrandName":"Essence","BrandLocalName":"","BrandLogo":"https://inishop.com/img/brand/thumb/29383_837cf392de374591bbd1c9cdef160cb6.jpg"},"ProductName":"fairy CLOUD kynsilakka","ProductNameInfo":{"ProductIntName":"CLOUD","ProductLocalName":{"Value":"fairy CLOUD kynsilakka","Language":"FI"}},"BrandPartCode":"954315","GTIN":["4059729543158"],"Category":{"CategoryID":"2943","Name":{"Value":"Kynsilakat","Language":"FI"}},"ProductFamily":{},"ProductSeries":{"SeriesID":"1"},"Description":{"ID":"104037480","LongDesc":"Lisää hienostunutta ilmettä sormenpäihisi essence fairy CLOUD -kynsilakalla 02. Tämä pehmeän kermaisen sävyinen kynsilakka on pääsylippusi trendikkään pehmeisiin ”soft glam” ja ”clean girl” -lookeihin. Tehokas koostumus tuottaa intensiivisen väriviimeistelyn, joka on sekä elegantti että vaivattoman raikas. Se on saanut innoituksensa kauniista väripaletista ja antaa kynsillesi säteilevän hehkun jokaiseen mielialaan ja hetkeen. Halusitpa sitten arjen viehätystä tai lumoavia yksityiskohtia, tämä kynsilakka tuo esiin sisäisen säihkeesi samalla, kun se kuivuu nopeasti ja pysyy kauniina päivien ajan.<br>","LongProductName":"fairy CLOUD kynsilakka 02, 8 ml","MiddleDesc":"","Disclaimer":"","ManualPDFURL":"","ManualPDFSize":"0","LeafletPDFURL":"","PDFSize":"0","URL":"https://www.essence.eu/fi-fi/p/954315/fairy-cloud-nail-polish","WarrantyInfo":"","Updated":"2025-09-08 16:00:07","Language":"FI"},"SummaryDescription":{"ShortSummaryDescription":"Essence fairy CLOUD kynsilakka, 8 ml, Beige, Fairy Cloud, Väritys, Läpikuultamaton, Kiilto","LongSummaryDescription":"Essence fairy CLOUD kynsilakka. Volyymi: 8 ml, Väriryhmä: Beige, Värin nimi: Fairy Cloud. Kestävän kehityksen sertifikaatit: Sopii vegaaneille. Sisältyvien tuotteiden lukumäärä: 1 kpl"},"BulletPoints":{"BulletPointsId":"13607111","Language":"FI","Values":["Kynsilakka hyvin huoliteltuun ulkonäköön","Pitkäkestoinen, intensiivinen ja nopeasti kuivuva koostumus","Tukee ”clean girl” -estetiikkaa ja ”soft glam” -trendejä"],"Updated":"2025-09-08 16:00:07"},"GeneratedBulletPoints":{"Language":"FI","Values":["Pullo 8 ml Väriryhmä: Beige","02 Fairy Cloud Levittäjän tyyppi: Sivellin","Materiaalin viimeistely: Kiilto Soveltuvuus: Naisten","Pitkäkestoinen Nopeasti kuivuva"]},"GTINs":[{"GTIN":"4059729543158","IsApproved":true}]},"Image":{"HighPic":"https://inishop.com/img/gallery/920fdc31058816c01e5726b9e5c046dc025acc3b.jpg","HighPicSize":"487897","HighPicHeight":"2265","HighPicWidth":"1115","LowPic":"https://inishop.com/img/gallery_lows/f6a902611805205a1a2146b946ea877725f07339.jpg","LowPicSize":"9163","LowPicHeight":"200","LowPicWidth":"98","Pic500x500":"https://inishop.com/img/gallery_mediums/af2d81f2f762d2d9c69c1e1dbf25a5e09e3d95a3.jpg","Pic500x500Size":"38172","Pic500x500Height":"500","Pic500x500Width":"246","ThumbPic":"https://inishop.com/img/gallery_thumbs/6cb7012fb619bf4ac5b5a360f553788714f37532.jpg","ThumbPicSize":"2306"},"Multimedia":[],"Gallery":[{"ID":"113338176","LowPic":"https://inishop.com/img/gallery_lows/f6a902611805205a1a2146b946ea877725f07339.jpg","LowSize":"9163","LowHeight":"200","LowWidth":"98","ThumbPic":"https://inishop.com/img/gallery_thumbs/6cb7012fb619bf4ac5b5a360f553788714f37532.jpg","ThumbPicSize":"2306","Pic":"https://inishop.com/img/gallery/920fdc31058816c01e5726b9e5c046dc025acc3b.jpg","Size":"487897","PicHeight":"2265","PicWidth":"1115","Pic500x500":"https://inishop.com/img/gallery_mediums/af2d81f2f762d2d9c69c1e1dbf25a5e09e3d95a3.jpg","Pic500x500Size":"38172","Pic500x500Height":"500","Pic500x500Width":"246","No":"1","IsMain":"Y","Updated":"2025-09-08 15:59:19","IsPrivate":"0","Type":"ProductImage","Attributes":{"OriginalFileName":""}},{"ID":"113338177","LowPic":"https://inishop.com/img/gallery_lows/cd0ab98b28afec98aa3916e5d67d79a8438a4821.jpg","LowSize":"13258","LowHeight":"200","LowWidth":"200","ThumbPic":"https://inishop.com/img/gallery_thumbs/8be58031750e2d69153b93bf278eae3819843c36.jpg","ThumbPicSize":"3450","Pic":"https://inishop.com/img/gallery/7e45d373c88d9e077fdc1e20ab8449f65d69ae56.jpg","Size":"586165","PicHeight":"2000","PicWidth":"2000","Pic500x500":"https://inishop.com/img/gallery_mediums/bda5251ce62c655e7397b3864969d4fa8c13137f.jpg","Pic500x500Size":"56802","Pic500x500Height":"500","Pic500x500Width":"500","No":"2","IsMain":"N","Updated":"2025-08-06 14:51:40","IsPrivate":"0","Type":"ProductImage","Attributes":{"OriginalFileName":""}},{"ID":"113338178","LowPic":"https://inishop.com/img/gallery_lows/34538f9c21f26ad34eb503d2e48a9d429131823a.jpg","LowSize":"17948","LowHeight":"200","LowWidth":"200","ThumbPic":"https://inishop.com/img/gallery_thumbs/968b05f3ed8479809d429cc178f3136e5e3b7223.jpg","ThumbPicSize":"4569","Pic":"https://inishop.com/img/gallery/02b22821edc78cdc2d116c48160619e2fe340dfd.jpg","Size":"398820","PicHeight":"2000","PicWidth":"2000","Pic500x500":"https://inishop.com/img/gallery_mediums/d59c58024a22690906fa90e38672832b6bdcbaed.jpg","Pic500x500Size":"73878","Pic500x500Height":"500","Pic500x500Width":"500","No":"3","IsMain":"N","Updated":"2025-08-06 14:51:45","IsPrivate":"0","Type":"ProductDetailImage","Attributes":{"OriginalFileName":""}},{"ID":"113338179","LowPic":"https://inishop.com/img/gallery_lows/42027921716dece5c0d52fe50624b402c56d0c1d.jpg","LowSize":"25851","LowHeight":"200","LowWidth":"200","ThumbPic":"https://inishop.com/img/gallery_thumbs/2ab9edf1d387173cd47af148ce6a0adcf24351b6.jpg","ThumbPicSize":"5773","Pic":"https://inishop.com/img/gallery/ad44449122d901dc631017c2bdd12ef6b621c217.jpg","Size":"728552","PicHeight":"2000","PicWidth":"2000","Pic500x500":"https://inishop.com/img/gallery_mediums/999d3803277c28e115f58feea53404e10708bc48.jpg","Pic500x500Size":"116943","Pic500x500Height":"500","Pic500x500Width":"500","No":"4","IsMain":"N","Updated":"2025-08-06 14:51:50","IsPrivate":"0","Type":"LifestyleImage","Attributes":{"OriginalFileName":""}},{"ID":"113338180","LowPic":"https://inishop.com/img/gallery_lows/e8a607c0cbe5d5829e9107ba9745e0c73a973d2c.jpg","LowSize":"18396","LowHeight":"200","LowWidth":"200","ThumbPic":"https://inishop.com/img/gallery_thumbs/7916c0e4068cb9eba5458c58c9e7fa92f088a5dd.jpg","ThumbPicSize":"4171","Pic":"https://inishop.com/img/gallery/83fc999454555411b2ee2dc0daeede07e3f1189b.jpg","Size":"452368","PicHeight":"2000","PicWidth":"2000","Pic500x500":"https://inishop.com/img/gallery_mediums/508f18136c443273e70055685b586c3084330bff.jpg","Pic500x500Size":"78532","Pic500x500Height":"500","Pic500x500Width":"500","No":"5","IsMain":"N","Updated":"2025-08-06 14:51:54","IsPrivate":"0","Type":"ProductImage","Attributes":{"OriginalFileName":""}},{"ID":"113338181","LowPic":"https://inishop.com/img/gallery_lows/24d79c1b52f359830563ffbd3834169cfae93213.jpg","LowSize":"28891","LowHeight":"200","LowWidth":"200","ThumbPic":"https://inishop.com/img/gallery_thumbs/724905edbbbd156efa8a05aca6f7af680afe7bc1.jpg","ThumbPicSize":"5813","Pic":"https://inishop.com/img/gallery/c3ada41773599a01e8c925e2ede005e7c33feb46.jpg","Size":"673155","PicHeight":"2000","PicWidth":"2000","Pic500x500":"https://inishop.com/img/gallery_mediums/ae8730039169f8c5698ef886dc96d77d6c88870f.jpg","Pic500x500Size":"130476","Pic500x500Height":"500","Pic500x500Width":"500","No":"6","IsMain":"N","Updated":"2025-08-06 14:51:58","IsPrivate":"0","Type":"ProductImage","Attributes":{"OriginalFileName":""}},{"ID":"113338182","LowPic":"https://inishop.com/img/gallery_lows/3250e4acb5280cfeacc92382c030bcd663b4d4b8.jpg","LowSize":"35559","LowHeight":"200","LowWidth":"200","ThumbPic":"https://inishop.com/img/gallery_thumbs/1ddc7dfadeb0158b2556bca976771bf8cfccdfd5.jpg","ThumbPicSize":"7069","Pic":"https://inishop.com/img/gallery/d42ee93b0f663fe64c8cc13923bc198408993960.jpg","Size":"1141053","PicHeight":"2000","PicWidth":"2000","Pic500x500":"https://inishop.com/img/gallery_mediums/1879fec82f40d3b6991865c402645646c05fd11b.jpg","Pic500x500Size":"172963","Pic500x500Height":"500","Pic500x500Width":"500","No":"7","IsMain":"N","Updated":"2025-08-06 14:52:01","IsPrivate":"0","Type":"ProductImage","Attributes":{"OriginalFileName":""}}],"FeaturesGroups":[{"ID":11992,"SortNo":"10","FeatureGroup":{"ID":"185","Name":{"Value":"Ominaisuudet","Language":"FI"}},"Features":[{"Localized":0,"ID":820135553,"LocalID":0,"Type":"numerical","Value":"8","CategoryFeatureId":"103923","CategoryFeatureGroupID":"11992","SortNo":"400","PresentationValue":"8 ml","RawValue":"8","LocalValue":"8","Description":"The amount of space that a substance or object occupies or may contain.","Mandatory":"1","Searchable":"0","Optional":"0","Feature":{"ID":"5207","Sign":"","Measure":{"ID":"142","Sign":"","Signs":{"ID":"13925","_":"ml","Language":"FI"}},"Name":{"Value":"Volyymi","Language":"FI"}}},{"Localized":0,"ID":820135555,"LocalID":0,"Type":"dropdown","Value":"Beige","CategoryFeatureId":"103998","CategoryFeatureGroupID":"11992","SortNo":"100","PresentationValue":"Beige","RawValue":"Beige","LocalValue":"Beige","Description":"The broader definiton of the colour spectrum of the product, e.g. black or auburn.","Mandatory":"1","Searchable":"0","Optional":"0","Feature":{"ID":"17357","Sign":"","Measure":{"ID":"29","Sign":"","Signs":{"ID":"","_":"","Language":"FI"}},"Name":{"Value":"Väriryhmä","Language":"FI"}}},{"Localized":0,"ID":820135558,"LocalID":0,"Type":"text","Value":"Fairy Cloud","CategoryFeatureId":"104004","CategoryFeatureGroupID":"11992","SortNo":"90","PresentationValue":"Fairy Cloud","RawValue":"Fairy Cloud","LocalValue":"Fairy Cloud","Description":"","Mandatory":"1","Searchable":"0","Optional":"0","Feature":{"ID":"17956","Sign":"","Measure":{"ID":"29","Sign":"","Signs":{"ID":"","_":"","Language":"FI"}},"Name":{"Value":"Värin nimi","Language":"FI"}}},{"Localized":0,"ID":820135560,"LocalID":0,"Type":"alphanumeric","Value":"02","CategoryFeatureId":"104001","CategoryFeatureGroupID":"11992","SortNo":"80","PresentationValue":"02","RawValue":"02","LocalValue":"02","Description":"","Mandatory":"1","Searchable":"0","Optional":"0","Feature":{"ID":"17540","Sign":"","Measure":{"ID":"29","Sign":"","Signs":{"ID":"","_":"","Language":"FI"}},"Name":{"Value":"Värikoodi","Language":"FI"}}},{"Localized":0,"ID":820135561,"LocalID":0,"Type":"dropdown","Value":"Opaque","CategoryFeatureId":"338166","CategoryFeatureGroupID":"11992","SortNo":"71","PresentationValue":"Läpikuultamaton","RawValue":"Opaque","LocalValue":"Läpikuultamaton","Description":"","Mandatory":"0","Searchable":"0","Optional":"0","Feature":{"ID":"32237","Sign":"","Measure":{"ID":"29","Sign":"","Signs":{"ID":"","_":"","Language":"FI"}},"Name":{"Value":"Peittokyky","Language":"FI"}}},{"Localized":0,"ID":820135605,"LocalID":0,"Type":"dropdown","Value":"Gloss","CategoryFeatureId":"113015","CategoryFeatureGroupID":"11992","SortNo":"70","PresentationValue":"Kiilto","RawValue":"Gloss","LocalValue":"Kiilto","Description":"The way that a product is finished e.g. a matt or gloss finish.","Mandatory":"0","Searchable":"0","Optional":"0","Feature":{"ID":"2254","Sign":"","Measure":{"ID":"29","Sign":"","Signs":{"ID":"","_":"","Language":"FI"}},"Name":{"Value":"Materiaalin viimeistely","Language":"FI"}}},{"Localized":0,"ID":820135609,"LocalID":0,"Type":"multi_dropdown","Value":"Coloring","CategoryFeatureId":"148585","CategoryFeatureGroupID":"11992","SortNo":"69","PresentationValue":"Väritys","RawValue":"Coloring","LocalValue":"Väritys","Description":"","Mandatory":"1","Searchable":"0","Optional":"0","Feature":{"ID":"23999","Sign":"","Measure":{"ID":"29","Sign":"","Signs":{"ID":"","_":"","Language":"FI"}},"Name":{"Value":"Kynsilakan vaikutus","Language":"FI"}}},{"Localized":0,"ID":820135614,"LocalID":0,"Type":"dropdown","Value":"Bottle","CategoryFeatureId":"146495","CategoryFeatureGroupID":"11992","SortNo":"65","PresentationValue":"Pullo","RawValue":"Bottle","LocalValue":"Pullo","Description":"The type of container from which the product can be dispensed, e.g. bag, tube etc.","Mandatory":"0","Searchable":"0","Optional":"0","Feature":{"ID":"17965","Sign":"","Measure":{"ID":"29","Sign":"","Signs":{"ID":"","_":"","Language":"FI"}},"Name":{"Value":"Annostelijan tyyppi","Language":"FI"}}},{"Localized":0,"ID":820135611,"LocalID":0,"Type":"y_n","Value":"Y","CategoryFeatureId":"105739","CategoryFeatureGroupID":"11992","SortNo":"60","PresentationValue":"Kyllä","RawValue":"Y","LocalValue":"Kyllä","Description":"","Mandatory":"0","Searchable":"0","Optional":"0","Feature":{"ID":"18071","Sign":"","Measure":{"ID":"26","Sign":"","Signs":{"ID":"","_":"","Language":"FI"}},"Name":{"Value":"Pitkäkestoinen","Language":"FI"}}},{"Localized":0,"ID":820135617,"LocalID":0,"Type":"y_n","Value":"Y","CategoryFeatureId":"105740","CategoryFeatureGroupID":"11992","SortNo":"55","PresentationValue":"Kyllä","RawValue":"Y","LocalValue":"Kyllä","Description":"","Mandatory":"1","Searchable":"0","Optional":"0","Feature":{"ID":"18072","Sign":"","Measure":{"ID":"26","Sign":"","Signs":{"ID":"","_":"","Language":"FI"}},"Name":{"Value":"Nopeasti kuivuva","Language":"FI"}}},{"Localized":0,"ID":820135619,"LocalID":0,"Type":"dropdown","Value":"Brush","CategoryFeatureId":"338175","CategoryFeatureGroupID":"11992","SortNo":"0","PresentationValue":"Sivellin","RawValue":"Brush","LocalValue":"Sivellin","Description":"","Mandatory":"0","Searchable":"0","Optional":"0","Feature":{"ID":"38481","Sign":"","Measure":{"ID":"29","Sign":"","Signs":{"ID":"","_":"","Language":"FI"}},"Name":{"Value":"Levittäjän tyyppi","Language":"FI"}}},{"Localized":0,"ID":820135621,"LocalID":0,"Type":"dropdown","Value":"Women","CategoryFeatureId":"693734","CategoryFeatureGroupID":"11992","SortNo":"0","PresentationValue":"Naisten","RawValue":"Women","LocalValue":"Naisten","Description":"Who can use the product, or what the product can be used for.","Mandatory":"0","Searchable":"0","Optional":"0","Feature":{"ID":"9202","Sign":"","Measure":{"ID":"29","Sign":"","Signs":{"ID":"","_":"","Language":"FI"}},"Name":{"Value":"Soveltuvuus","Language":"FI"}}},{"Localized":1,"ID":0,"LocalID":554059064,"Type":"textarea","Value":"","CategoryFeatureId":"151182","CategoryFeatureGroupID":"11992","SortNo":"-110","PresentationValue":"Levitä 1–2 kerrosta essence CLOUD -kynsilakkaa 02 pehmeässä ja kermaisessa sävyssä haluamastasi peittävyydestä riippuen. Yksi kerros antaa jo täydellisen viimeistelyn ja peittävyyden, kun taas kaksi kerrosta luovat täydellisen lopputuloksen ja pitkäkestoisen kiillon.","RawValue":"","LocalValue":"Levitä 1–2 kerrosta essence CLOUD -kynsilakkaa 02 pehmeässä ja kermaisessa sävyssä haluamastasi peittävyydestä riippuen. Yksi kerros antaa jo täydellisen viimeistelyn ja peittävyyden, kun taas kaksi kerrosta luovat täydellisen lopputuloksen ja pitkäkestoisen kiillon.","Description":"","Mandatory":"0","Searchable":"0","Optional":"0","Feature":{"ID":"24555","Sign":"","Measure":{"ID":"29","Sign":"","Signs":{"ID":"","_":"","Language":"FI"}},"Name":{"Value":"Käyttö","Language":"FI"}}},{"Localized":0,"ID":820135626,"LocalID":0,"Type":"multi_dropdown","Value":"Fragrance,Oil,Paraben","CategoryFeatureId":"625012","CategoryFeatureGroupID":"11992","SortNo":"-150","PresentationValue":"Tuoksu, Öljy, Parabeeni","RawValue":"Fragrance,Oil,Paraben","LocalValue":"Tuoksu, Öljy, Parabeeni","Description":"","Mandatory":"0","Searchable":"0","Optional":"0","Feature":{"ID":"42516","Sign":"","Measure":{"ID":"29","Sign":"","Signs":{"ID":"","_":"","Language":"FI"}},"Name":{"Value":"Ei sisällä","Language":"FI"}}}]},{"ID":77253,"SortNo":"0","FeatureGroup":{"ID":"279","Name":{"Value":"Kestävyys","Language":"FI"}},"Features":[{"Localized":0,"ID":835124912,"LocalID":0,"Type":"multi_dropdown","Value":"Good for vegan","CategoryFeatureId":"604465","CategoryFeatureGroupID":"77253","SortNo":"0","PresentationValue":"Sopii vegaaneille","RawValue":"Good for vegan","LocalValue":"Sopii vegaaneille","Description":"","Mandatory":"0","Searchable":"0","Optional":"0","Feature":{"ID":"42513","Sign":"","Measure":{"ID":"29","Sign":"","Signs":{"ID":"","_":"","Language":"FI"}},"Name":{"Value":"Kestävän kehityksen sertifikaatit","Language":"FI"}}}]},{"ID":77254,"SortNo":"0","FeatureGroup":{"ID":"67","Name":{"Value":"Pakkaustiedot","Language":"FI"}},"Features":[{"Localized":0,"ID":820135622,"LocalID":0,"Type":"numerical","Value":"1","CategoryFeatureId":"104007","CategoryFeatureGroupID":"77254","SortNo":"150","PresentationValue":"1 kpl","RawValue":"1","LocalValue":"1","Description":"The number of products that are included in the package.","Mandatory":"1","Searchable":"0","Optional":"0","Feature":{"ID":"5456","Sign":"","Measure":{"ID":"144","Sign":"","Signs":{"ID":"3770","_":"kpl","Language":"FI"}},"Name":{"Value":"Sisältyvien tuotteiden lukumäärä","Language":"FI"}}}]}],"FeatureLogos":[{"LogoPic":"https://inishop.com/img/feature_logo/604-9536.png","Width":"300","Height":"300","Size":"0","ThumbPic":"https://inishop.com/img/feature_logo_thumbs/604-9536.png","FeatureID":"42513","Value":"Good for vegan","KeyLogo":0}],"ReasonsToBuy":[],"Reviews":[],"ProductRelated":[],"CatalogObjectCloud":{},"Variants":[],"ProductStory":[],"Dictionary":{"model_name":"Tuotenimi","desc":"Kuvaus","ean_code":"EAN/UPC-koodi","flash360":"3D-esittely","demo_msg_part3":"Jos sinulla ei ole Icecat-k&auml;ytt&auml;j&auml;tili&auml;, ole hyv&auml; ja rekister&ouml;idy maksutta t&auml;&auml;lt&auml;.","repairability_index":"Repairability index","zoom_panel_init":"Alkuper&auml;inen koko","cat_name":"Ryhm&auml;","product_family":"Tuoteperhe","back_to_top":"Takaisin yl&ouml;s","zoom_panel_out":"Loitonna","specs":"Tekniset tiedot","eu_product_fiche":"EU-tuoteseloste","reviews_head_name":"Arvostelut","pdf_specs":"Tuote-esite","zoom_panel_in":"L&auml;henn&auml;","html_content":"","release_date":"Julkaisup&auml;iv&auml;","demo_msg_part1":"K&auml;yt&auml;t t&auml;ll&auml; hetkell&auml; demo-k&auml;ytt&auml;j&auml;tili&auml;. Ole hyv&auml; ja k&auml;yt&auml; omaa Icecat-k&auml;ytt&auml;j&auml;tili&auml;si.","demo_insert_desc":"This is a demo of a seamless insert of an Icecat LIVE product data-sheet in your website. Imagine that this responsive data-sheet is included in the product page of your webshop.","pdf_url":"K&auml;ytt&ouml;opas","prod_code":"Tuotekoodi","supplier_name":"Tuotemerkki","video":"Video","reasons_to_buy":"Syitä ostaa","marketing_text":"Kuvaus","options_head_name":"Vaihtoehdot","product_series":"Tuotesarja","demo_msg_part2":"Icecat k&auml;ytt&auml;j&auml;tunnuksesi","link_integrate_desk":"Kuinka integroida Icecat LIVE JavaScript.","zoom_panel_dragg":"Hiirell&auml; vet&auml;minen","eu_energy_label":"EU-energiamerkintä"},"DemoAccount":false}}