{"msg":"OK","data":{"GeneralInfo":{"IcecatId":124914271,"ReleaseDate":"22-12-2024","EndOfLifeDate":"30-04-2026","Title":"HP Z2 Tower G9 Intel® Core™ i9 i9-14900K 64 GB DDR5-SDRAM 1 TB SSD Windows 11 Pro Työasema AI Workstation musta","TitleInfo":{"GeneratedIntTitle":"HP Z2 Tower G9","GeneratedLocalTitle":{"Value":"HP Z2 Tower G9 Intel® Core™ i9 i9-14900K 64 GB DDR5-SDRAM 1 TB SSD Windows 11 Pro Työasema AI Workstation musta","Language":"FI"},"BrandLocalTitle":{"Value":"","Language":"FI"}},"Brand":"HP","BrandID":"1","BrandLogo":"https://images.icecat.biz/img/brand/thumb/1_d30fcedad0114a21995254ed83bd0a5e.jpg","BrandInfo":{"BrandName":"HP","BrandLocalName":"","BrandLogo":"https://images.icecat.biz/img/brand/thumb/1_d30fcedad0114a21995254ed83bd0a5e.jpg"},"ProductName":"Z2 Tower G9","ProductNameInfo":{"ProductIntName":"Z2 Tower G9","ProductLocalName":{"Value":"","Language":"FI"}},"BrandPartCode":"A40KVET","GTIN":["0198990365985","198990365985"],"Category":{"CategoryID":"153","Name":{"Value":"Tietokoneet/työasemat","Language":"FI"}},"ProductFamily":{"ProductFamilyID":"74147","Value":"Z2","Language":"EN"},"ProductSeries":{"SeriesID":"1"},"Description":{"ID":"97851812","LongDesc":"<b>Tehoa ammattikäyttöön. Tänään ja huomenna</b><br>Koe aivan uusi suorituskyvyn taso ammatillisissa työnkuluissasi. Z2-tornitehotyöasema suunniteltiin suorittamaan monisäikeisiä sovelluksia saumattomasti nopeaa renderöintiä, simulointia ja nyt myös reaaliaikaista säteenseurantaa varten. Ja kun tarpeet muuttuvat, laajennustilaa päivityksiä varten on vaikuttava määrä.","LongProductName":"Z2 G9 -tornitehotyöasema;, Windows 11 Pro, Intel Core™ i9, 64Gt RAM, 1Tt SSD-asema","MiddleDesc":"Z2-Tornitietokone on suunniteltu saumattomaan monisäikeisten sovellusten käyttöön, kuten nopeaan renderöintiin, simulaatioihin ja nyt myös reaaliaikaiseen säteenseurantaan. Kun tarpeet muuttuvat, järjestelmässä on tilaa päivityksille.","Disclaimer":"<sup>[3]</sup> Muun osapuolen ohjelmistot myydään erikseen.<br><sup>[4]</sup> Kaikki ominaisuudet eivät ole käytettävissä kaikissa Windows-julkaisuissa tai -versioissa. Järjestelmä saattaa edellyttää uusien tai entistä tehokkaampien laitteiden, ohjaimien, ohjelmien tai BIOS-päivityksen hankkimista, jotta kaikkia Windows-käyttöjärjestelmän toimintoja voitaisiin hyödyntää. Windows 11 päivitetään automaattisesti; toiminto on aina käytössä. Internet-palveluntarjoajan maksuja saatetaan soveltaa, ja uusia vaatimuksia saatetaan ottaa ajan myötä käyttöön päivityksiä varten. Lisätietoja: http://www.windows.com. Microsoft Copilot edellyttää Windows 11:tä. Jotkin ominaisuudet edellyttävät NPU-tekoälykiihdytintä. Ajoitus ja saatavuus riippuvat Microsoftista ja vaihtelevat markkina-alueen ja laitteen mukaan. Edellyttää Microsoft-tiliä kirjautumista varten. Jos Copilot ei ole käytettävissä, Copilot-näppäin johtaa Bing-hakukoneeseen. Lisätietoja: http://aka.ms/WindowsAIFeatures.<br><sup>[5]</sup> Moniydintekniikka parantaa tiettyjen ohjelmistotuotteiden suorituskykyä. Kaikki asiakkaat tai ohjelmistosovellukset eivät välttämättä hyödy tämän tekniikan käytöstä. Suorituskyky ja kellotaajuus vaihtelevat sovellusten työkuorman sekä laitteisto- ja ohjelmistomääritysten mukaan. Intelin numerointi, tuotemerkit ja/tai nimet eivät ilmaise suorituskykyä.<br><sup>[6]</sup> Hankittava erikseen tai lisälaitteena.<br><sup>[7]</sup> HP Elite -tietokoneet, tehotyöasemat ja HP ProBook 635 Aero -tietokoneet ja tietyt HP Prodesk -tietokoneet voi puhdistaa turvallisesti tietyillä kotitalouskäyttöön tarkoitetuilla puhdistusliinoilla jopa 1 000 kertaa: Lue puhdistusliinan valmistajan desinfiointiohjeet ja HP:n testaamat puhdistusliinaratkaisut teknisestä julkaisusta \"How to Sanitize Your HP Device\" (HP-laitteesi desinfioiminen). (https://h20195.www2.hp.com/v2/GetDocument.aspx?docname=4AA7-7610ENW) ei koske HP Elite c1030 Chromebook -tietokonetta.<br>Teknisten eritelmien vastuuvapauslausekkeet:<br>Kaikki ominaisuudet eivät ole käytettävissä kaikissa Windows-julkaisuissa tai -versioissa. Järjestelmät saattavat edellyttää laitteiston, ohjainten tai ohjelmiston päivitystä ja/tai hankintaa tai BIOS-päivitystä, jotta kaikkia Windowsin toimintoja voidaan hyödyntää. Windows päivitetään ja otetaan käyttöön automaattisesti Edellyttää nopeaa Internet-yhteyttä ja Microsoft-tiliä. Internet-palveluntarjoaja saattaa veloittaa maksun ja uusia vaatimuksia saattaa tulla ajan mittaan. Lisätietoja: http://www.windows.com.<br>Yksityiskohtaisia Linux-käyttöjärjestelmän ja -laitteiston tukitietoja saa osoitteesta http://www.hp.com/support/linux_hardware_matrix.<br>Moniydintekniikka parantaa tiettyjen ohjelmistotuotteiden suorituskykyä. Kaikki asiakkaat tai ohjelmistosovellukset eivät välttämättä hyödy tämän tekniikan käytöstä. Suorituskyky ja kellotaajuus vaihtelevat sovellusten työkuorman sekä laitteisto- ja ohjelmistomääritysten mukaan. Intelin numerointi, tuotemerkit ja/tai nimet eivät ilmaise suorituskykyä.<br>Täydet Intel vPro™ -toiminnot edellyttävät Windows 11 Pro (64-bittinen) -käyttöjärjestelmää, vProta tukevaa prosessoria, vProta käyttävää piirisarjaa, vProta käyttävää kiinteää lähiverkkoyhteyttä ja/tai WLAN-korttia sekä TPM 2.0 -ominaisuutta. Jotkin toiminnot edellyttävät erillisiä muiden toimittajien ohjelmia. Tietoja aiheesta: http://intel.com/vpro.<br>Moniydintekniikka parantaa tiettyjen ohjelmistotuotteiden suorituskykyä. Kaikki asiakkaat tai ohjelmistosovellukset eivät välttämättä hyödy tämän tekniikan käytöstä. Suorituskyky ja kellotaajuus vaihtelevat sovellusten työkuorman sekä laitteisto- ja ohjelmistomääritysten mukaan. Intelin numerointi, tuotemerkit ja/tai nimet eivät ilmaise suorituskykyä.<br>Intel Turbo Boost -tekniikan suorituskyky vaihtelee laitteiston, ohjelmiston ja järjestelmän yleisten määritysten mukaan. Lisätietoja on osoitteessa http://www.intel.com/technology/turboboost.<br>Flex IO -liitäntä ja yksi PCIe-korttipaikka ovat käytössä, kun Thunderbolt on asennettu. Tietoja Thunderboltin yhteensopivuudesta on Thunderbolt-yhteisön UKK-osiossa. https://www.thunderbolttechnology.net/tech/faq.<br>Näppäimistö ja hiiri ovat lisävarusteita tai lisäominaisuuksia.<br>Virtalähde (550 W, 92 prosentin hyötysuhde, laaja-alainen, aktiivinen tehokertoimen korjaus) edellyttää erikoiskoteloa.<br>Perustuu Yhdysvaltain EPEAT-rekisteröintiin IEEE 1680.1-2018 EPEAT -standardin mukaan. EPEAT-rekisteröinti vaihtelee maittain. Lisätietoja on osoitteessa www.epeat.net.<br>HP Performance Advisor -ohjelmisto – HP Performance Advisor on valmis auttamaan HP-tehotyöasemasi kaikkien ominaisuuksien käytössä joka päivä alusta lähtien. Lue lisää tai lataa osoitteesta https://www8.hp.com/us/en/workstations/performance-advisor.html<br>HP Support Assistant edellyttää Windows-käyttöjärjestelmää ja internet-yhteyttä.<br>HP Manageability Integration Kit on ladattavissa osoitteesta http://www8.hp.com/us/en/ads/clientmanagement/overview.html.<br>HP Client Security Manager (7. sukupolvi) edellyttää Windows-käyttöjärjestelmää. Sen saa tiettyihin HP-tietokoneisiin.<br>HP BIOSphere (6. sukupolvi) -ominaisuudet voivat vaihdella tietokoneen käyttöjärjestelmän ja kokoonpanon mukaan.<br>HP Sure Click edellyttää Windows 11 Pro- tai Enterprise-käyttöjärjestelmää. Täydelliset tiedot saa osoitteesta https://bit.ly/2PrLT6A_SureClick.<br>HP Sure Startin (7. sukupolvi) saa tiettyihin HP:n tietokoneisiin ja tehotyöasemiin. Tarkista saatavuus tuotteen teknisistä tiedoista.<br>HP Sure Run (5. sukupolvi) -ohjelmiston saa tiettyihin HP:n tietokoneisiin ja se edellyttää Windows 10 -käyttöjärjestelmää tai uudempaa.<br>HP Sure Recoverin (4. sukupolvi) saa tiettyihin HP:n tietokoneisiin, ja se edellyttää avointa verkkoyhteyttä. Varmista tietojen säilyminen varmuuskopioimalla tärkeät tiedostot, kuten tiedot, valokuvat ja videot, ennen HP Sure Recoverin käyttöä.<br>HP Secure Erase menetelmille, joiden pääpiirteet on ilmoitettu National Institute of Standards and Technology -instituutin erikoisjulkaisussa 800-88 \"Clear\". Intel Optane™ -laitteet eivät tue HP Secure Erase -toimintoa.<br>HP Sure Sense edellyttää Windows 11 Pro- tai Enterprise-käyttöjärjestelmää. Sen tukemat selaimet ovat Microsoft Internet Explorer, Google Chrome™ ja Chromium™. Tuettuja liitteitä ovat Microsoft Office- (Word, Excel ja PowerPoint) ja PDF-tiedostot vain luku -tilassa, kun Microsoft Office tai Adobe Acrobat on asennettu.<br>Sertifioidun, esiasennetun version Ubuntu 20.04 LTS -käyttöjärjestelmästä saa HP:ltä tätä alustaa varten.<br>Edellyttää langatonta tukiasemaa ja Internet-liittymää, jotka on hankittava erikseen. Julkisia langattomia tukiasemia on rajoitetusti saatavilla. Wi-Fi 6 (802.11ax) on taaksepäin yhteensopiva aiempien Wi-Fi 802.11 -tekniikoiden kanssa. Wi-Fi 7 ei ole käytettävissä 12. sukupolven Intel ADL -prosessoreilla; Wi-Fi 7 (802.11BE) -toiminto edellyttää Windows 11 24H2 -versiota, tiettyä Intel-prosessoria ja Wi-Fi 7 -reititintä, joka myydään erikseen. Wi-Fi 7 on taaksepäin yhteensopiva aiempien 802.11-tekniikoiden kanssa. Saatavilla maissa, joissa Wi-Fi 7 -tekniikkaa tuetaan.<br>Koska jotkin muiden valmistajien muistimoduulit eivät ole standardien mukaisia, suosittelemme HP-muistien käyttämistä yhteensopivuuden varmistamiseksi. Jos käytät yhdessä muisteja, joilla on eri nopeudet, järjestelmä toimii hitaimman muistin nopeudella.<br>Intel I350-T4 GbE NIC (4 liitäntää) on vain AMO-järjestelmiin.<br>TCO-sertifioituja kokoonpanoja saatavilla, kun valitaan ENERGY STAR -kokoonpano USB Type-C -liittimellä. ENERGY STAR saatavilla yhdessä tehokkaan prosessorin, tehokkaan näytönohjaimen ja tiettyjen muistikokoonpanojen kanssa.<br>NVIDIA T400 -näytönohjaimen (2 Gt GDDR6-näyttömuistia) käyttöiän loppu saattaa astua voimaan vuoden 2022 lopulla.<br>HP Sure Adminin edellytykset: Windows 10 tai uudempi, HP BIOS, HP Manageability Integration Kit osoitteesta http://www.hp.com/go/clientmanagement sekä HP Sure Admin Local Access Authenticator -älypuhelinsovellus Android- tai Apple-kaupasta.<br>Kierrätysmetallin osuus on ilmaistu prosenttiosuutena metallin kokonaispainosta ISO 14021 -määritysten mukaan yli 25 grammaa painavien metalliosien osalta.<br>Kierrätysmuovi on ilmaistu prosenttiosuutena muovin kokonaispainosta. Kierrätettyjen laitteiden jälkikäsittely perustuu EPEAT-standardin määritykseen tietokoneille (IEEE 1680.1-2018).<br>Paperipohjaiset pakkaukset on tehty kokonaan vastuullisista lähteistä hankituista, sertifioiduista ja kierrätetyistä kuiduista.<br>Ei sisällä ulkoisia virtalähteitä, WWAN-moduuleja, virtajohtoja, kaapeleita ja lisälaitteita. Tuotteen ostamisen jälkeen hankittavat varaosat eivät välttämättä ole vähähalogeenisia.<br>Lisätietoja tuotteen hiilijalanjäljestä on osoitteessa https://h20195.www2.hp.com/v2/library.aspx?doctype=95&footer=95&filter_doctype=no&showregionfacet=yes&filter_country=no&cc=us&lc=en&filter_oid=no&filter_prodtype=rw&prodtype=ij&showproductcompatibility=yes&showregion=yes&showreglangcol=yes&showdescription=yes%23doctype-95&sortorder-popular&teasers-off&isRetired-false& isRHParentNode-false&titleCheck-false#doctype-95&sortorder-popular&teasers-off&isRetired-false&isRHParentNode-false&titleCheck-false.<br>Tuotteen hiilijalanjälki määritellään tuotteen elinkaaren aikana suoraan ja välillisesti päästämien kasvihuonekaasujen kokonaismääränä. Kasvihuonekaasupäästöt ilmoitetaan ilmaston lämpenemispotentiaalina 100 vuoden aikajänteellä (GWP-100) CO2-ekvivalenttiyksikköinä. Laskelmat tehdään standardien ISO 14040 ja ISO 14044 mukaisesti. Yksittäiset arvot eivät välttämättä yhteenlaskettuna vastaa kokonaisarvoa pyöristyksen takia.","ManualPDFURL":"","ManualPDFSize":"0","LeafletPDFURL":"https://objects.icecat.biz/objects/mmo_124914271_1749439510_2333_3583449.pdf","PDFSize":"2031882","URL":"https://www8.hp.com","WarrantyInfo":"3 vuoden (3/3/3) rajoitettu takuu- ja huoltopalvelu sisältää 3 vuoden takuun osille, työlle ja korjauksille asiakkaan luona. Ehdot ja edellytykset vaihtelevat maittain. Tietyt rajoitukset ja poikkeukset ovat voimassa.","Updated":"2025-05-26 20:11:45","Language":"FI"},"SummaryDescription":{"ShortSummaryDescription":"HP Z2 Tower G9, Intel® Core™ i9, i9-14900K, 64 GB, DDR5-SDRAM, 1 TB, Windows 11 Pro","LongSummaryDescription":"HP Z2 Tower G9. Suoritinperhe: Intel® Core™ i9, Prosessorimalli: i9-14900K. Sisäinen muisti: 64 GB, Sisäisen muistin tyyppi: DDR5-SDRAM, Muistin kellotaajuus: 4800 MHz. Kokonaistallennuskapasiteetti: 1 TB, Tallennusmedia: SSD. Sisältyvän näytönohjaimen malli: Intel UHD Graphics 770. Käyttöjärjestelmä asennettu: Windows 11 Pro. Virtalähde: 700 W. Alustatyyppi: Tower. Tuotetyyppi: Työasema. Paino: 6,2 kg. Tuotteen väri: musta"},"BulletPoints":{"BulletPointsId":"10709379","Language":"FI","Values":["Intel Core™ i9-14900K -prosessori (jopa 6,0 GHz Intel Turbo Boost -tekniikalla, 36 Mt L3-välimuistia, 24 ydintä, 32 säiettä)","Windows 11 Pro","Intel UHD Graphics 770 -näytönohjain","64 Gt DDR5-4800 MT/s (2 x 32 Gt), 1 Tt:n HP Z Turbo Drive PCIe Gen4 TLC M.2 -SSD-asema"],"Updated":"2025-04-16 22:27:02"},"GeneratedBulletPoints":{"Language":"FI","Values":["Suorituskyky Työasema musta 700 W","Intel® Core™ i9 i9-14900K Prosessorin ytimet: 24","64 GB DDR5-SDRAM 4800 MHz 2 x 32 GB","1 TB SSD","Intel UHD Graphics 770","Ethernet LAN","Windows 11 Pro"]},"GTINs":[{"GTIN":"0198990365985","IsApproved":true},{"GTIN":"198990365985","IsApproved":true},{"GTIN":"5054444658667","IsApproved":false}],"VirtualCategory":[{"VirtualCategoryID":"194","UNCATID":"43171896","Value":"Workstations","Language":"EN"}]},"Image":{"HighPic":"https://images.icecat.biz/img/gallery/1e45a1ae273cb57bc84a685c7bc617a947d65071.jpg","HighPicSize":"1727365","HighPicHeight":"2805","HighPicWidth":"3300","LowPic":"https://images.icecat.biz/img/gallery_lows/4dfa2b12c8f3d4fbffb6968ab62f8c725ca0a8d9.jpg","LowPicSize":"6759","LowPicHeight":"170","LowPicWidth":"200","Pic500x500":"https://images.icecat.biz/img/gallery_mediums/353a136b70665bbd0c6be784253f886a7e3d1f09.jpg","Pic500x500Size":"37135","Pic500x500Height":"425","Pic500x500Width":"500","ThumbPic":"https://images.icecat.biz/img/gallery_thumbs/e513115b6d8faa57e30098c1ed2666166813a012.jpg","ThumbPicSize":"1522"},"Multimedia":[{"ID":"61E038A3-B130-4049-9143-16F7943B3904","URL":"https://objects.icecat.biz/objects/mmo_124914271_1749439510_2333_3583449.pdf","Type":"leaflet","ContentType":"application/pdf","KeepAsUrl":"0","Description":"Tuote-esite","Size":"2031882","IsPrivate":"0","Updated":"2025-06-09 05:25:10","Language":"FI","IsVideo":0}],"Gallery":[{"ID":"110483121","LowPic":"https://images.icecat.biz/img/gallery_lows/4dfa2b12c8f3d4fbffb6968ab62f8c725ca0a8d9.jpg","LowSize":"6759","LowHeight":"170","LowWidth":"200","ThumbPic":"https://images.icecat.biz/img/gallery_thumbs/e513115b6d8faa57e30098c1ed2666166813a012.jpg","ThumbPicSize":"1522","Pic":"https://images.icecat.biz/img/gallery/1e45a1ae273cb57bc84a685c7bc617a947d65071.jpg","Size":"1727365","PicHeight":"2805","PicWidth":"3300","Pic500x500":"https://images.icecat.biz/img/gallery_mediums/353a136b70665bbd0c6be784253f886a7e3d1f09.jpg","Pic500x500Size":"37135","Pic500x500Height":"425","Pic500x500Width":"500","No":"1","IsMain":"Y","Updated":"2025-07-13 04:11:27","IsPrivate":"0","Type":"ProductImageFront-Center","Attributes":{"OriginalFileName":"Center_facing"}},{"ID":"110483122","LowPic":"https://images.icecat.biz/img/gallery_lows/7b6dc91bd1b119c3bb866150e73f26bd085bd4b5.jpg","LowSize":"7710","LowHeight":"170","LowWidth":"200","ThumbPic":"https://images.icecat.biz/img/gallery_thumbs/be3eebd63f183e8265837085bf4277cbabc1c850.jpg","ThumbPicSize":"1805","Pic":"https://images.icecat.biz/img/gallery/34ba9d265e1c75d4dfe9ec75c427f1f45da13c7b.jpg","Size":"2075028","PicHeight":"2805","PicWidth":"3300","Pic500x500":"https://images.icecat.biz/img/gallery_mediums/16f020d653c24036fa5d351f5097cf7fa94a7aa6.jpg","Pic500x500Size":"41215","Pic500x500Height":"425","Pic500x500Width":"500","No":"2","IsMain":"N","Updated":"2025-07-13 04:11:27","IsPrivate":"0","Type":"ProductImageFront-Right","Attributes":{"OriginalFileName":"Right_facing"}},{"ID":"106079679","LowPic":"https://images.icecat.biz/img/gallery_lows/471f6f6759e702c9ec8db607c1d41868e1fa5924.jpg","LowSize":"36861","LowHeight":"133","LowWidth":"200","ThumbPic":"https://images.icecat.biz/img/gallery_thumbs/21fb8a92f2097101f3170ae35f5b621ded25f393.jpg","ThumbPicSize":"7761","Pic":"https://images.icecat.biz/img/gallery/f7715ea96f76aee9f6003ae6d279809dfe70e351.jpg","Size":"40591024","PicHeight":"5792","PicWidth":"8688","Pic500x500":"https://images.icecat.biz/img/gallery_mediums/31af6041f3a6d1249812f093a98818d832a8c369.jpg","Pic500x500Size":"174990","Pic500x500Height":"333","Pic500x500Width":"500","No":"3","IsMain":"N","Updated":"2025-08-09 23:03:25","IsPrivate":"0","Type":"LifestyleImage","Attributes":{"OriginalFileName":"Center_facing"}},{"ID":"106079681","LowPic":"https://images.icecat.biz/img/gallery_lows/5d538cd4c580b73233237084ea1ec9c64566cbfb.jpg","LowSize":"36531","LowHeight":"133","LowWidth":"200","ThumbPic":"https://images.icecat.biz/img/gallery_thumbs/050d948a193411a692166600a0c0a513e22b96f6.jpg","ThumbPicSize":"8095","Pic":"https://images.icecat.biz/img/gallery/b35b9580e5dae9d75ee9f74cd51a779a3c0f9833.jpg","Size":"29896160","PicHeight":"5792","PicWidth":"8688","Pic500x500":"https://images.icecat.biz/img/gallery_mediums/d2d331c57a18fb2e6b18cec06061a8fb8f2a5394.jpg","Pic500x500Size":"184066","Pic500x500Height":"333","Pic500x500Width":"500","No":"4","IsMain":"N","Updated":"2025-08-09 23:03:25","IsPrivate":"0","Type":"LifestyleImage","Attributes":{"OriginalFileName":"Center_facing"}},{"ID":"106079680","LowPic":"https://images.icecat.biz/img/gallery_lows/945ba84c9f0182053729323b709404eff0915991.jpg","LowSize":"33183","LowHeight":"133","LowWidth":"200","ThumbPic":"https://images.icecat.biz/img/gallery_thumbs/6560feb603e2c69cd555eecc948492c0265ff405.jpg","ThumbPicSize":"6904","Pic":"https://images.icecat.biz/img/gallery/eb49e8817853129b22ac7637f4a05529b227372d.jpg","Size":"37158089","PicHeight":"5792","PicWidth":"8688","Pic500x500":"https://images.icecat.biz/img/gallery_mediums/8857fc8b03ef55d0ffc8d12b6b2c618c69b3ca85.jpg","Pic500x500Size":"172251","Pic500x500Height":"333","Pic500x500Width":"500","No":"5","IsMain":"N","Updated":"2025-08-09 23:03:25","IsPrivate":"0","Type":"LifestyleImage","Attributes":{"OriginalFileName":"Center_facing"}},{"ID":"110529266","LowPic":"https://images.icecat.biz/img/gallery_lows/5c428de3d16e740bd830962a7ac8c229ed8cfcdb.jpg","LowSize":"7164","LowHeight":"170","LowWidth":"200","ThumbPic":"https://images.icecat.biz/img/gallery_thumbs/a017ac7c2d4f41728937170e2697784417bc2c32.jpg","ThumbPicSize":"1781","Pic":"https://images.icecat.biz/img/gallery/f891b6b856bbde66f7b79ffadcdac76aadb96c1c.jpg","Size":"1973940","PicHeight":"2805","PicWidth":"3300","Pic500x500":"https://images.icecat.biz/img/gallery_mediums/0a9579325c1c8da717a00fb8681c48ea09fd12fc.jpg","Pic500x500Size":"38748","Pic500x500Height":"425","Pic500x500Width":"500","No":"6","IsMain":"N","Updated":"2025-08-09 23:03:25","IsPrivate":"0","Type":"ProductImageFront-Left","Attributes":{"OriginalFileName":"Left_facing"}},{"ID":"106079683","LowPic":"https://images.icecat.biz/img/gallery_lows/4e2125baf541ba94697fbf58785995fed7e4c74a.jpg","LowSize":"11578","LowHeight":"170","LowWidth":"200","ThumbPic":"https://images.icecat.biz/img/gallery_thumbs/7f09dde2e098d8e7f89e76d0a7ad39e4d41f5938.jpg","ThumbPicSize":"2534","Pic":"https://images.icecat.biz/img/gallery/5181f8fe65453190d737c2816a787ceee1542034.jpg","Size":"1934935","PicHeight":"2805","PicWidth":"3300","Pic500x500":"https://images.icecat.biz/img/gallery_mediums/43675f8b2eef2f809fde0f499a13db2f76d581b5.jpg","Pic500x500Size":"58778","Pic500x500Height":"425","Pic500x500Width":"500","No":"7","IsMain":"N","Updated":"2025-07-29 06:39:53","IsPrivate":"0","Type":"ProductImageRear","Attributes":{"OriginalFileName":"Rear_facing"}}],"FeaturesGroups":[{"ID":2,"SortNo":"100","FeatureGroup":{"ID":"1","Name":{"Value":"Prosessori","Language":"FI"}},"Features":[{"Localized":0,"ID":718351878,"LocalID":0,"Type":"dropdown","Value":"Intel","CategoryFeatureId":"3032","CategoryFeatureGroupID":"2","SortNo":"10100801","PresentationValue":"Intel","RawValue":"Intel","LocalValue":"Intel","Description":"The manufacturer that produced the processor.","Mandatory":"1","Searchable":"0","Optional":"0","Feature":{"ID":"1013","Sign":"","Measure":{"ID":"29","Sign":"","Signs":{"ID":"","_":"","Language":"FI"}},"Name":{"Value":"Suoritinvalmistaja","Language":"FI"}}},{"Localized":0,"ID":718351880,"LocalID":0,"Type":"dropdown","Value":"Intel Core i9","CategoryFeatureId":"11561","CategoryFeatureGroupID":"2","SortNo":"5300","PresentationValue":"Intel® Core™ i9","RawValue":"Intel Core i9","LocalValue":"Intel® Core™ i9","Description":"Prosessorisarja johon prosessori kuuluu.","Mandatory":"1","Searchable":"1","Optional":"0","Feature":{"ID":"2196","Sign":"","Measure":{"ID":"29","Sign":"","Signs":{"ID":"","_":"","Language":"FI"}},"Name":{"Value":"Suoritinperhe","Language":"FI"}}},{"Localized":0,"ID":720937974,"LocalID":0,"Type":"dropdown","Value":"Intel Core i9-14xxx","CategoryFeatureId":"893380","CategoryFeatureGroupID":"2","SortNo":"5300","PresentationValue":"Intel Core i9-14xxx","RawValue":"Intel Core i9-14xxx","LocalValue":"Intel Core i9-14xxx","Description":"","Mandatory":"0","Searchable":"0","Optional":"0","Feature":{"ID":"44870","Sign":"","Measure":{"ID":"29","Sign":"","Signs":{"ID":"","_":"","Language":"FI"}},"Name":{"Value":"Prosessorisukupolvi","Language":"FI"}}},{"Localized":0,"ID":718351884,"LocalID":0,"Type":"dropdown","Value":"i9-14900K","CategoryFeatureId":"62","CategoryFeatureGroupID":"2","SortNo":"5200","PresentationValue":"i9-14900K","RawValue":"i9-14900K","LocalValue":"i9-14900K","Description":"The model number for the processor in a computer.","Mandatory":"1","Searchable":"0","Optional":"0","Feature":{"ID":"47","Sign":"","Measure":{"ID":"29","Sign":"","Signs":{"ID":"","_":"","Language":"FI"}},"Name":{"Value":"Prosessorimalli","Language":"FI"}}},{"Localized":0,"ID":718351882,"LocalID":0,"Type":"numerical","Value":"24","CategoryFeatureId":"36486","CategoryFeatureGroupID":"2","SortNo":"220","PresentationValue":"24","RawValue":"24","LocalValue":"24","Description":"The number of central processing units ('cores') in a processor. Some processors have 1 core","Mandatory":"0","Searchable":"0","Optional":"0","Feature":{"ID":"6089","Sign":"","Measure":{"ID":"29","Sign":"","Signs":{"ID":"","_":"","Language":"FI"}},"Name":{"Value":"Prosessorin ytimet","Language":"FI"}}},{"Localized":0,"ID":718351879,"LocalID":0,"Type":"dropdown","Value":"32","CategoryFeatureId":"52263","CategoryFeatureGroupID":"2","SortNo":"215","PresentationValue":"32","RawValue":"32","LocalValue":"32","Description":"","Mandatory":"0","Searchable":"0","Optional":"0","Feature":{"ID":"7337","Sign":"","Measure":{"ID":"29","Sign":"","Signs":{"ID":"","_":"","Language":"FI"}},"Name":{"Value":"Prosessorin säikeet","Language":"FI"}}},{"Localized":0,"ID":720937978,"LocalID":0,"Type":"numerical","Value":"6","CategoryFeatureId":"52264","CategoryFeatureGroupID":"2","SortNo":"210","PresentationValue":"6 GHz","RawValue":"6","LocalValue":"6","Description":"Turbo-toiminto on prosessorin automaattinen, hallittu kiihdytys kun yksi ytimistä on ylikuormitettu.","Mandatory":"0","Searchable":"0","Optional":"0","Feature":{"ID":"7978","Sign":"","Measure":{"ID":"37","Sign":"","Signs":{"ID":"13825","_":"GHz","Language":"FI"}},"Name":{"Value":"Suorittimen boost-taajuus","Language":"FI"}}},{"Localized":0,"ID":720937975,"LocalID":0,"Type":"numerical","Value":"8","CategoryFeatureId":"895771","CategoryFeatureGroupID":"2","SortNo":"200","PresentationValue":"8","RawValue":"8","LocalValue":"8","Description":"","Mandatory":"0","Searchable":"0","Optional":"0","Feature":{"ID":"44522","Sign":"","Measure":{"ID":"29","Sign":"","Signs":{"ID":"","_":"","Language":"FI"}},"Name":{"Value":"Suorituskyky-ytimet","Language":"FI"}}},{"Localized":0,"ID":720937976,"LocalID":0,"Type":"numerical","Value":"16","CategoryFeatureId":"895770","CategoryFeatureGroupID":"2","SortNo":"195","PresentationValue":"16","RawValue":"16","LocalValue":"16","Description":"","Mandatory":"0","Searchable":"0","Optional":"0","Feature":{"ID":"44521","Sign":"","Measure":{"ID":"29","Sign":"","Signs":{"ID":"","_":"","Language":"FI"}},"Name":{"Value":"Tehokkuusytimet","Language":"FI"}}},{"Localized":0,"ID":720937982,"LocalID":0,"Type":"numerical","Value":"5.6","CategoryFeatureId":"932901","CategoryFeatureGroupID":"2","SortNo":"185","PresentationValue":"5,6 GHz","RawValue":"5.6","LocalValue":"5,6","Description":"","Mandatory":"0","Searchable":"0","Optional":"0","Feature":{"ID":"46564","Sign":"","Measure":{"ID":"37","Sign":"","Signs":{"ID":"13825","_":"GHz","Language":"FI"}},"Name":{"Value":"Performance-core Max Turbo Frequency","Language":"FI"}}},{"Localized":0,"ID":720937983,"LocalID":0,"Type":"numerical","Value":"4.4","CategoryFeatureId":"932897","CategoryFeatureGroupID":"2","SortNo":"180","PresentationValue":"4,4 GHz","RawValue":"4.4","LocalValue":"4,4","Description":"","Mandatory":"0","Searchable":"0","Optional":"0","Feature":{"ID":"46563","Sign":"","Measure":{"ID":"37","Sign":"","Signs":{"ID":"13825","_":"GHz","Language":"FI"}},"Name":{"Value":"Efficient-core Max Turbo Frequency","Language":"FI"}}},{"Localized":0,"ID":720937985,"LocalID":0,"Type":"numerical","Value":"3.2","CategoryFeatureId":"895767","CategoryFeatureGroupID":"2","SortNo":"170","PresentationValue":"3,2 GHz","RawValue":"3.2","LocalValue":"3,2","Description":"","Mandatory":"0","Searchable":"0","Optional":"0","Feature":{"ID":"44531","Sign":"","Measure":{"ID":"37","Sign":"","Signs":{"ID":"13825","_":"GHz","Language":"FI"}},"Name":{"Value":"Suorituskyky-ytimen pohjataajuus","Language":"FI"}}},{"Localized":0,"ID":720937987,"LocalID":0,"Type":"numerical","Value":"2.4","CategoryFeatureId":"895769","CategoryFeatureGroupID":"2","SortNo":"165","PresentationValue":"2,4 GHz","RawValue":"2.4","LocalValue":"2,4","Description":"","Mandatory":"0","Searchable":"0","Optional":"0","Feature":{"ID":"44529","Sign":"","Measure":{"ID":"37","Sign":"","Signs":{"ID":"13825","_":"GHz","Language":"FI"}},"Name":{"Value":"Tehokkuusytimen pohjataajuus","Language":"FI"}}},{"Localized":0,"ID":718355672,"LocalID":0,"Type":"numerical","Value":"36","CategoryFeatureId":"101563","CategoryFeatureGroupID":"2","SortNo":"60","PresentationValue":"36 MB","RawValue":"36","LocalValue":"36","Description":"","Mandatory":"0","Searchable":"0","Optional":"0","Feature":{"ID":"10041","Sign":"","Measure":{"ID":"19","Sign":"","Signs":{"ID":"13810","_":"MB","Language":"FI"}},"Name":{"Value":"Prosessorin välimuisti","Language":"FI"}}},{"Localized":0,"ID":718351877,"LocalID":0,"Type":"dropdown","Value":"L3","CategoryFeatureId":"135208","CategoryFeatureGroupID":"2","SortNo":"59","PresentationValue":"L3","RawValue":"L3","LocalValue":"L3","Description":"","Mandatory":"0","Searchable":"0","Optional":"0","Feature":{"ID":"21716","Sign":"","Measure":{"ID":"29","Sign":"","Signs":{"ID":"","_":"","Language":"FI"}},"Name":{"Value":"Prosessorin välimuistityyppi","Language":"FI"}}},{"Localized":0,"ID":720937980,"LocalID":0,"Type":"numerical","Value":"125","CategoryFeatureId":"903074","CategoryFeatureGroupID":"2","SortNo":"0","PresentationValue":"125 W","RawValue":"125","LocalValue":"125","Description":"","Mandatory":"0","Searchable":"0","Optional":"0","Feature":{"ID":"44525","Sign":"","Measure":{"ID":"44","Sign":"","Signs":{"ID":"13832","_":"W","Language":"FI"}},"Name":{"Value":"Prosessorin pohjateho","Language":"FI"}}},{"Localized":0,"ID":720937981,"LocalID":0,"Type":"numerical","Value":"253","CategoryFeatureId":"903075","CategoryFeatureGroupID":"2","SortNo":"0","PresentationValue":"253 W","RawValue":"253","LocalValue":"253","Description":"","Mandatory":"0","Searchable":"0","Optional":"0","Feature":{"ID":"44528","Sign":"","Measure":{"ID":"44","Sign":"","Signs":{"ID":"13832","_":"W","Language":"FI"}},"Name":{"Value":"Enimmäisturboteho","Language":"FI"}}}]},{"ID":3,"SortNo":"95","FeatureGroup":{"ID":"3","Name":{"Value":"Muisti","Language":"FI"}},"Features":[{"Localized":0,"ID":718351886,"LocalID":0,"Type":"numerical","Value":"64","CategoryFeatureId":"73752","CategoryFeatureGroupID":"3","SortNo":"5100","PresentationValue":"64 GB","RawValue":"64","LocalValue":"64","Description":"A computer's memory which is directly accessible to the CPU.","Mandatory":"1","Searchable":"1","Optional":"0","Feature":{"ID":"11381","Sign":"","Measure":{"ID":"20","Sign":"","Signs":{"ID":"13811","_":"GB","Language":"FI"}},"Name":{"Value":"Sisäinen muisti","Language":"FI"}}},{"Localized":0,"ID":720943089,"LocalID":0,"Type":"numerical","Value":"128","CategoryFeatureId":"12118","CategoryFeatureGroupID":"3","SortNo":"5099","PresentationValue":"128 GB","RawValue":"128","LocalValue":"128","Description":"The maximum internal memory which is available in the product.","Mandatory":"1","Searchable":"0","Optional":"0","Feature":{"ID":"1452","Sign":"","Measure":{"ID":"20","Sign":"","Signs":{"ID":"13811","_":"GB","Language":"FI"}},"Name":{"Value":"Sisäinen enimmäismuisti","Language":"FI"}}},{"Localized":0,"ID":718351893,"LocalID":0,"Type":"dropdown","Value":"DDR5-SDRAM","CategoryFeatureId":"1226","CategoryFeatureGroupID":"3","SortNo":"5098","PresentationValue":"DDR5-SDRAM","RawValue":"DDR5-SDRAM","LocalValue":"DDR5-SDRAM","Description":"The type of internal memory such as RAM","Mandatory":"0","Searchable":"0","Optional":"0","Feature":{"ID":"427","Sign":"","Measure":{"ID":"29","Sign":"","Signs":{"ID":"","_":"","Language":"FI"}},"Name":{"Value":"Sisäisen muistin tyyppi","Language":"FI"}}},{"Localized":0,"ID":718351890,"LocalID":0,"Type":"dropdown","Value":"2 x 32","CategoryFeatureId":"73737","CategoryFeatureGroupID":"3","SortNo":"180","PresentationValue":"2 x 32 GB","RawValue":"2 x 32","LocalValue":"2 x 32","Description":"The slots and size of the memory for the CPU.","Mandatory":"0","Searchable":"0","Optional":"0","Feature":{"ID":"11380","Sign":"","Measure":{"ID":"20","Sign":"","Signs":{"ID":"13811","_":"GB","Language":"FI"}},"Name":{"Value":"Muistin sijoittelu (paikat x koko)","Language":"FI"}}},{"Localized":0,"ID":720945133,"LocalID":0,"Type":"dropdown","Value":"4x DIMM","CategoryFeatureId":"2193","CategoryFeatureGroupID":"3","SortNo":"170","PresentationValue":"4x DIMM","RawValue":"4x DIMM","LocalValue":"4x DIMM","Description":"Muistin laajennuspaikkojen lukumäärä ja tyyppi , mukaan lukien liitin ja muistimoduuli kuvaukset","Mandatory":"0","Searchable":"0","Optional":"0","Feature":{"ID":"672","Sign":"","Measure":{"ID":"29","Sign":"","Signs":{"ID":"","_":"","Language":"FI"}},"Name":{"Value":"Muistipaikat","Language":"FI"}}},{"Localized":0,"ID":718351895,"LocalID":0,"Type":"numerical","Value":"4800","CategoryFeatureId":"28836","CategoryFeatureGroupID":"3","SortNo":"160","PresentationValue":"4800 MHz","RawValue":"4800","LocalValue":"4800","Description":"The frequency at which the memory (e.g. RAM) runs.","Mandatory":"0","Searchable":"0","Optional":"0","Feature":{"ID":"2900","Sign":"","Measure":{"ID":"18","Sign":"","Signs":{"ID":"13809","_":"MHz","Language":"FI"}},"Name":{"Value":"Muistin kellotaajuus","Language":"FI"}}},{"Localized":0,"ID":718351888,"LocalID":0,"Type":"y_n","Value":"N","CategoryFeatureId":"86705","CategoryFeatureGroupID":"3","SortNo":"0","PresentationValue":"Ei","RawValue":"N","LocalValue":"Ei","Description":"ECC tarkoittaa Error Correction Code, ja se on muisti, joka pystyy havaitsemaan ja korjaamaan joitakin muistin virheitä ilman käyttäjän toimia.","Mandatory":"0","Searchable":"0","Optional":"0","Feature":{"ID":"1628","Sign":"","Measure":{"ID":"26","Sign":"","Signs":{"ID":"","_":"","Language":"FI"}},"Name":{"Value":"ECC","Language":"FI"}}},{"Localized":0,"ID":723255151,"LocalID":0,"Type":"y_n","Value":"Y","CategoryFeatureId":"86712","CategoryFeatureGroupID":"3","SortNo":"0","PresentationValue":"Kyllä","RawValue":"Y","LocalValue":"Kyllä","Description":"","Mandatory":"0","Searchable":"0","Optional":"0","Feature":{"ID":"3547","Sign":"","Measure":{"ID":"26","Sign":"","Signs":{"ID":"","_":"","Language":"FI"}},"Name":{"Value":"Non-ECC","Language":"FI"}}}]},{"ID":4138,"SortNo":"90","FeatureGroup":{"ID":"47","Name":{"Value":"Tallennusväline","Language":"FI"}},"Features":[{"Localized":0,"ID":720944843,"LocalID":0,"Type":"numerical","Value":"1000","CategoryFeatureId":"33231","CategoryFeatureGroupID":"4138","SortNo":"5000","PresentationValue":"1 TB","RawValue":"1000","LocalValue":"1","Description":"The total amount of data that can be stored on the device.","Mandatory":"1","Searchable":"1","Optional":"0","Feature":{"ID":"3318","Sign":"","Measure":{"ID":"20","Sign":"","Signs":{"ID":"13811","_":"GB","Language":"FI"}},"Name":{"Value":"Kokonaistallennuskapasiteetti","Language":"FI"}}},{"Localized":0,"ID":720943091,"LocalID":0,"Type":"dropdown","Value":"SSD","CategoryFeatureId":"96404","CategoryFeatureGroupID":"4138","SortNo":"4000","PresentationValue":"SSD","RawValue":"SSD","LocalValue":"SSD","Description":"Used for the storage of date e.g. HDD (hard disk drive)","Mandatory":"1","Searchable":"0","Optional":"0","Feature":{"ID":"11441","Sign":"","Measure":{"ID":"29","Sign":"","Signs":{"ID":"","_":"","Language":"FI"}},"Name":{"Value":"Tallennusmedia","Language":"FI"}}},{"Localized":0,"ID":720943086,"LocalID":0,"Type":"dropdown","Value":"N","CategoryFeatureId":"2968","CategoryFeatureGroupID":"4138","SortNo":"500","PresentationValue":"Ei","RawValue":"N","LocalValue":"Ei","Description":"Optisen aseman tyyppi.","Mandatory":"1","Searchable":"1","Optional":"0","Feature":{"ID":"1120","Sign":"","Measure":{"ID":"29","Sign":"","Signs":{"ID":"","_":"","Language":"FI"}},"Name":{"Value":"Optisen aseman tyyppi","Language":"FI"}}},{"Localized":0,"ID":723255154,"LocalID":0,"Type":"numerical","Value":"1","CategoryFeatureId":"96410","CategoryFeatureGroupID":"4138","SortNo":"70","PresentationValue":"1","RawValue":"1","LocalValue":"1","Description":"Amount of storage drives built into the device.","Mandatory":"0","Searchable":"0","Optional":"0","Feature":{"ID":"16115","Sign":"","Measure":{"ID":"29","Sign":"","Signs":{"ID":"","_":"","Language":"FI"}},"Name":{"Value":"Asennettujen tallennusasemien määrä","Language":"FI"}}},{"Localized":0,"ID":720944844,"LocalID":0,"Type":"numerical","Value":"1000","CategoryFeatureId":"295712","CategoryFeatureGroupID":"4138","SortNo":"32","PresentationValue":"1 TB","RawValue":"1000","LocalValue":"1","Description":"","Mandatory":"0","Searchable":"0","Optional":"0","Feature":{"ID":"37918","Sign":"","Measure":{"ID":"20","Sign":"","Signs":{"ID":"13811","_":"GB","Language":"FI"}},"Name":{"Value":"SSD:n kokonaiskapasiteetti","Language":"FI"}}},{"Localized":0,"ID":720944846,"LocalID":0,"Type":"numerical","Value":"1","CategoryFeatureId":"45817","CategoryFeatureGroupID":"4138","SortNo":"30","PresentationValue":"1","RawValue":"1","LocalValue":"1","Description":"","Mandatory":"0","Searchable":"0","Optional":"0","Feature":{"ID":"7682","Sign":"","Measure":{"ID":"29","Sign":"","Signs":{"ID":"","_":"","Language":"FI"}},"Name":{"Value":"Asennettujen SSD:iden lukumäärä","Language":"FI"}}},{"Localized":0,"ID":720944845,"LocalID":0,"Type":"numerical","Value":"1000","CategoryFeatureId":"45777","CategoryFeatureGroupID":"4138","SortNo":"29","PresentationValue":"1 TB","RawValue":"1000","LocalValue":"1","Description":"Solid State Drive:n tallennuskapasiteetti gigatavuina.","Mandatory":"0","Searchable":"0","Optional":"0","Feature":{"ID":"5586","Sign":"","Measure":{"ID":"20","Sign":"","Signs":{"ID":"13811","_":"GB","Language":"FI"}},"Name":{"Value":"SSD-kapasiteetti","Language":"FI"}}},{"Localized":0,"ID":720944848,"LocalID":0,"Type":"dropdown","Value":"TLC","CategoryFeatureId":"443720","CategoryFeatureGroupID":"4138","SortNo":"29","PresentationValue":"TLC","RawValue":"TLC","LocalValue":"TLC","Description":"","Mandatory":"0","Searchable":"0","Optional":"0","Feature":{"ID":"41823","Sign":"","Measure":{"ID":"29","Sign":"","Signs":{"ID":"","_":"","Language":"FI"}},"Name":{"Value":"SSD-muistin tyyppi","Language":"FI"}}},{"Localized":0,"ID":720944850,"LocalID":0,"Type":"dropdown","Value":"PCI Express 4.0","CategoryFeatureId":"45778","CategoryFeatureGroupID":"4138","SortNo":"28","PresentationValue":"PCI Express 4.0","RawValue":"PCI Express 4.0","LocalValue":"PCI Express 4.0","Description":"Rajapinnan/tojen tyypit, jolla Solid State Drive on kytketty muithin laittesiin.","Mandatory":"0","Searchable":"0","Optional":"0","Feature":{"ID":"5584","Sign":"","Measure":{"ID":"29","Sign":"","Signs":{"ID":"","_":"","Language":"FI"}},"Name":{"Value":"SSD-liittymä","Language":"FI"}}},{"Localized":0,"ID":723255150,"LocalID":0,"Type":"y_n","Value":"Y","CategoryFeatureId":"920733","CategoryFeatureGroupID":"4138","SortNo":"28","PresentationValue":"Kyllä","RawValue":"Y","LocalValue":"Kyllä","Description":"NVM Express (NVMe) or Non-Volatile Memory Host Controller Interface Specification (NVMHCIS) is an open logical device interface specification for accessing non-volatile storage media attached via a PCI Express (PCIe) bus. NVM Express, as a logical device interface, has been designed to capitalize on the low latency and internal parallelism of solid-state storage devices.","Mandatory":"0","Searchable":"0","Optional":"0","Feature":{"ID":"29388","Sign":"","Measure":{"ID":"26","Sign":"","Signs":{"ID":"","_":"","Language":"FI"}},"Name":{"Value":"NVMe","Language":"FI"}}},{"Localized":0,"ID":720944852,"LocalID":0,"Type":"dropdown","Value":"M.2","CategoryFeatureId":"294130","CategoryFeatureGroupID":"4138","SortNo":"27","PresentationValue":"M.2","RawValue":"M.2","LocalValue":"M.2","Description":"The size of the solid-state drive, given in inches","Mandatory":"0","Searchable":"0","Optional":"0","Feature":{"ID":"21731","Sign":"","Measure":{"ID":"29","Sign":"","Signs":{"ID":"","_":"","Language":"FI"}},"Name":{"Value":"SSD-malli","Language":"FI"}}}]},{"ID":8603,"SortNo":"85","FeatureGroup":{"ID":"163","Name":{"Value":"Grafiikka","Language":"FI"}},"Features":[{"Localized":0,"ID":720944865,"LocalID":0,"Type":"y_n","Value":"N","CategoryFeatureId":"192532","CategoryFeatureGroupID":"8603","SortNo":"4810","PresentationValue":"Ei","RawValue":"N","LocalValue":"Ei","Description":"","Mandatory":"1","Searchable":"1","Optional":"0","Feature":{"ID":"27905","Sign":"","Measure":{"ID":"26","Sign":"","Signs":{"ID":"","_":"","Language":"FI"}},"Name":{"Value":"Erillinen grafiikka-adapteri","Language":"FI"}}},{"Localized":0,"ID":720937989,"LocalID":0,"Type":"y_n","Value":"Y","CategoryFeatureId":"74328","CategoryFeatureGroupID":"8603","SortNo":"4470","PresentationValue":"Kyllä","RawValue":"Y","LocalValue":"Kyllä","Description":"Graphics hardware which is built into the motherboard or CPU","Mandatory":"1","Searchable":"1","Optional":"0","Feature":{"ID":"9997","Sign":"","Measure":{"ID":"26","Sign":"","Signs":{"ID":"","_":"","Language":"FI"}},"Name":{"Value":"Sisäinen näytönohjain","Language":"FI"}}},{"Localized":0,"ID":720944866,"LocalID":0,"Type":"dropdown","Value":"Not available","CategoryFeatureId":"53946","CategoryFeatureGroupID":"8603","SortNo":"3900","PresentationValue":"Ei saatavilla","RawValue":"Not available","LocalValue":"Ei saatavilla","Description":"A graphics adapter (often known as a video card) generates images for a display. A discrete graphics adapter plugs into the motherboard","Mandatory":"1","Searchable":"0","Optional":"0","Feature":{"ID":"9018","Sign":"","Measure":{"ID":"29","Sign":"","Signs":{"ID":"","_":"","Language":"FI"}},"Name":{"Value":"Erillisen näytönohjaimen malli","Language":"FI"}}},{"Localized":0,"ID":720937990,"LocalID":0,"Type":"dropdown","Value":"Intel","CategoryFeatureId":"894413","CategoryFeatureGroupID":"8603","SortNo":"448","PresentationValue":"Intel","RawValue":"Intel","LocalValue":"Intel","Description":"","Mandatory":"0","Searchable":"0","Optional":"0","Feature":{"ID":"44898","Sign":"","Measure":{"ID":"29","Sign":"","Signs":{"ID":"","_":"","Language":"FI"}},"Name":{"Value":"Kiinteän GPU:n valmistaja","Language":"FI"}}},{"Localized":0,"ID":720937991,"LocalID":0,"Type":"dropdown","Value":"Intel UHD Graphics","CategoryFeatureId":"192528","CategoryFeatureGroupID":"8603","SortNo":"447","PresentationValue":"Intel® UHD Graphics","RawValue":"Intel UHD Graphics","LocalValue":"Intel® UHD Graphics","Description":"","Mandatory":"0","Searchable":"0","Optional":"0","Feature":{"ID":"29455","Sign":"","Measure":{"ID":"29","Sign":"","Signs":{"ID":"","_":"","Language":"FI"}},"Name":{"Value":"Sisäänrakennettu grafiikka-adapteriperhe","Language":"FI"}}},{"Localized":0,"ID":720937988,"LocalID":0,"Type":"dropdown","Value":"Intel UHD Graphics 770","CategoryFeatureId":"53944","CategoryFeatureGroupID":"8603","SortNo":"446","PresentationValue":"Intel UHD Graphics 770","RawValue":"Intel UHD Graphics 770","LocalValue":"Intel UHD Graphics 770","Description":"\"Graphic adapter\" is the hardware that produces images on a display. \"On-board\" means that the graphics adapter is intergrated inside the motherboard.","Mandatory":"1","Searchable":"0","Optional":"0","Feature":{"ID":"9016","Sign":"","Measure":{"ID":"29","Sign":"","Signs":{"ID":"","_":"","Language":"FI"}},"Name":{"Value":"Sisältyvän näytönohjaimen malli","Language":"FI"}}}]},{"ID":2066,"SortNo":"75","FeatureGroup":{"ID":"35","Name":{"Value":"Verkko","Language":"FI"}},"Features":[{"Localized":0,"ID":720943098,"LocalID":0,"Type":"y_n","Value":"Y","CategoryFeatureId":"36488","CategoryFeatureGroupID":"2066","SortNo":"100","PresentationValue":"Kyllä","RawValue":"Y","LocalValue":"Kyllä","Description":"An Ethernet LAN (Local Area Network) interface is present","Mandatory":"1","Searchable":"0","Optional":"0","Feature":{"ID":"1347","Sign":"","Measure":{"ID":"26","Sign":"","Signs":{"ID":"","_":"","Language":"FI"}},"Name":{"Value":"Ethernet LAN","Language":"FI"}}},{"Localized":0,"ID":720944867,"LocalID":0,"Type":"y_n","Value":"N","CategoryFeatureId":"36487","CategoryFeatureGroupID":"2066","SortNo":"81","PresentationValue":"Ei","RawValue":"N","LocalValue":"Ei","Description":"Popular technology that allows an electronic device to exchange data or connect to the internet wirelessly using radio waves.","Mandatory":"1","Searchable":"0","Optional":"0","Feature":{"ID":"3239","Sign":"","Measure":{"ID":"26","Sign":"","Signs":{"ID":"","_":"","Language":"FI"}},"Name":{"Value":"Wi-Fi","Language":"FI"}}}]},{"ID":821,"SortNo":"70","FeatureGroup":{"ID":"12","Name":{"Value":"Liitettävyys","Language":"FI"}},"Features":[{"Localized":0,"ID":720943110,"LocalID":0,"Type":"numerical","Value":"3","CategoryFeatureId":"14583","CategoryFeatureGroupID":"821","SortNo":"600","PresentationValue":"3","RawValue":"3","LocalValue":"3","Description":"USB 2.0-porttien datan siirtonopeus on 480 Mbps, ja ovat myös yhteensopivia USB 1.1-porttien kanssa. Voit yhdistää kaikenlaisia ​​oheislaitteita niiden avulla.","Mandatory":"1","Searchable":"0","Optional":"0","Feature":{"ID":"2308","Sign":"","Measure":{"ID":"29","Sign":"","Signs":{"ID":"","_":"","Language":"FI"}},"Name":{"Value":"USB 2.0 -porttien määrä","Language":"FI"}}},{"Localized":0,"ID":720943111,"LocalID":0,"Type":"numerical","Value":"1","CategoryFeatureId":"138381","CategoryFeatureGroupID":"821","SortNo":"499","PresentationValue":"1","RawValue":"1","LocalValue":"1","Description":"","Mandatory":"1","Searchable":"0","Optional":"0","Feature":{"ID":"22701","Sign":"","Measure":{"ID":"29","Sign":"","Signs":{"ID":"","_":"","Language":"FI"}},"Name":{"Value":"USB 3.2 (3.1 sukupolvi 1) A-tyypin porttien määrä","Language":"FI"}}},{"Localized":0,"ID":720943109,"LocalID":0,"Type":"numerical","Value":"6","CategoryFeatureId":"138384","CategoryFeatureGroupID":"821","SortNo":"497","PresentationValue":"6","RawValue":"6","LocalValue":"6","Description":"","Mandatory":"1","Searchable":"0","Optional":"0","Feature":{"ID":"22703","Sign":"","Measure":{"ID":"29","Sign":"","Signs":{"ID":"","_":"","Language":"FI"}},"Name":{"Value":"USB 3.2 Gen 2 (3.1 Gen 2) A-tyypin porttien määrä","Language":"FI"}}},{"Localized":0,"ID":720943118,"LocalID":0,"Type":"numerical","Value":"1","CategoryFeatureId":"14590","CategoryFeatureGroupID":"821","SortNo":"340","PresentationValue":"1","RawValue":"1","LocalValue":"1","Description":"Number of Ethernet LAN (RJ-45) ports (connecting interfaces) in the device.  Ethernet LAN (RJ-45) ports allow a computer to connect to the ethernet.","Mandatory":"0","Searchable":"0","Optional":"0","Feature":{"ID":"2312","Sign":"","Measure":{"ID":"29","Sign":"","Signs":{"ID":"","_":"","Language":"FI"}},"Name":{"Value":"Ethernet LAN (RJ-45) -portit","Language":"FI"}}},{"Localized":0,"ID":720946409,"LocalID":0,"Type":"y_n","Value":"Y","CategoryFeatureId":"14589","CategoryFeatureGroupID":"821","SortNo":"97","PresentationValue":"Kyllä","RawValue":"Y","LocalValue":"Kyllä","Description":"","Mandatory":"0","Searchable":"0","Optional":"0","Feature":{"ID":"1345","Sign":"","Measure":{"ID":"26","Sign":"","Signs":{"ID":"","_":"","Language":"FI"}},"Name":{"Value":"Lähtö","Language":"FI"}}},{"Localized":0,"ID":720946410,"LocalID":0,"Type":"y_n","Value":"Y","CategoryFeatureId":"14592","CategoryFeatureGroupID":"821","SortNo":"97","PresentationValue":"Kyllä","RawValue":"Y","LocalValue":"Kyllä","Description":"","Mandatory":"0","Searchable":"0","Optional":"0","Feature":{"ID":"1344","Sign":"","Measure":{"ID":"26","Sign":"","Signs":{"ID":"","_":"","Language":"FI"}},"Name":{"Value":"Tulo","Language":"FI"}}},{"Localized":0,"ID":720943117,"LocalID":0,"Type":"y_n","Value":"Y","CategoryFeatureId":"113477","CategoryFeatureGroupID":"821","SortNo":"96","PresentationValue":"Kyllä","RawValue":"Y","LocalValue":"Kyllä","Description":"","Mandatory":"0","Searchable":"0","Optional":"0","Feature":{"ID":"9858","Sign":"","Measure":{"ID":"26","Sign":"","Signs":{"ID":"","_":"","Language":"FI"}},"Name":{"Value":"Kuuloke-/mikrofoniyhdistelmäportti","Language":"FI"}}}]},{"ID":4190,"SortNo":"65","FeatureGroup":{"ID":"124","Name":{"Value":"Laajennuspaikat","Language":"FI"}},"Features":[{"Localized":0,"ID":720943616,"LocalID":0,"Type":"numerical","Value":"2","CategoryFeatureId":"92193","CategoryFeatureGroupID":"4190","SortNo":"87","PresentationValue":"2","RawValue":"2","LocalValue":"2","Description":"","Mandatory":"0","Searchable":"0","Optional":"0","Feature":{"ID":"15783","Sign":"","Measure":{"ID":"29","Sign":"","Signs":{"ID":"","_":"","Language":"FI"}},"Name":{"Value":"PCI Express x4 (Gen 3.x)-paikat","Language":"FI"}}},{"Localized":0,"ID":720943617,"LocalID":0,"Type":"numerical","Value":"1","CategoryFeatureId":"931552","CategoryFeatureGroupID":"4190","SortNo":"65","PresentationValue":"1","RawValue":"1","LocalValue":"1","Description":"","Mandatory":"0","Searchable":"0","Optional":"0","Feature":{"ID":"44514","Sign":"","Measure":{"ID":"29","Sign":"","Signs":{"ID":"","_":"","Language":"FI"}},"Name":{"Value":"PCI Express x16 (Gen 5.x) -paikat","Language":"FI"}}}]},{"ID":10928,"SortNo":"60","FeatureGroup":{"ID":"148","Name":{"Value":"Suunnittelu","Language":"FI"}},"Features":[{"Localized":0,"ID":720944114,"LocalID":0,"Type":"dropdown","Value":"Tower","CategoryFeatureId":"2195","CategoryFeatureGroupID":"10928","SortNo":"600","PresentationValue":"Tower","RawValue":"Tower","LocalValue":"Tower","Description":"Luettelo saatavilla olevista eri alustoista ja niiden laajennettavuudesta jos saatavilla. 1 yksikkö (1U) on 1,75 tuumaa (4,45 cm).","Mandatory":"1","Searchable":"0","Optional":"0","Feature":{"ID":"734","Sign":"","Measure":{"ID":"29","Sign":"","Signs":{"ID":"","_":"","Language":"FI"}},"Name":{"Value":"Alustatyyppi","Language":"FI"}}},{"Localized":0,"ID":720943081,"LocalID":0,"Type":"numerical","Value":"2","CategoryFeatureId":"45249","CategoryFeatureGroupID":"10928","SortNo":"370","PresentationValue":"2","RawValue":"2","LocalValue":"2","Description":"A drive bay is a standard-area for adding hardware to a computer. Most drive bays are fixed to the inside of a case","Mandatory":"0","Searchable":"0","Optional":"0","Feature":{"ID":"7595","Sign":"","Measure":{"ID":"29","Sign":"","Signs":{"ID":"","_":"","Language":"FI"}},"Name":{"Value":"3,25\":n laitepaikkojen lukumäärä","Language":"FI"}}},{"Localized":0,"ID":720943082,"LocalID":0,"Type":"dropdown","Value":"1","CategoryFeatureId":"95730","CategoryFeatureGroupID":"10928","SortNo":"365","PresentationValue":"1","RawValue":"1","LocalValue":"1","Description":"","Mandatory":"0","Searchable":"0","Optional":"0","Feature":{"ID":"10206","Sign":"","Measure":{"ID":"29","Sign":"","Signs":{"ID":"","_":"","Language":"FI"}},"Name":{"Value":"2,5\":n laitepaikkoja","Language":"FI"}}},{"Localized":0,"ID":720943083,"LocalID":0,"Type":"dropdown","Value":"Black","CategoryFeatureId":"28831","CategoryFeatureGroupID":"10928","SortNo":"1","PresentationValue":"musta","RawValue":"Black","LocalValue":"musta","Description":"The colour e.g. red","Mandatory":"1","Searchable":"0","Optional":"0","Feature":{"ID":"1766","Sign":"","Measure":{"ID":"29","Sign":"","Signs":{"ID":"","_":"","Language":"FI"}},"Name":{"Value":"Tuotteen väri","Language":"FI"}}},{"Localized":0,"ID":720943087,"LocalID":0,"Type":"numerical","Value":"2024","CategoryFeatureId":"903794","CategoryFeatureGroupID":"10928","SortNo":"0","PresentationValue":"2024","RawValue":"2024","LocalValue":"2024","Description":"","Mandatory":"0","Searchable":"0","Optional":"0","Feature":{"ID":"45534","Sign":"","Measure":{"ID":"29","Sign":"","Signs":{"ID":"","_":"","Language":"FI"}},"Name":{"Value":"Käyttöönottovuosi","Language":"FI"}}},{"Localized":0,"ID":826339121,"LocalID":0,"Type":"multi_dropdown","Value":"Czech Republic","CategoryFeatureId":"293170","CategoryFeatureGroupID":"10928","SortNo":"-10","PresentationValue":"Tšekin tasavalta","RawValue":"Czech Republic","LocalValue":"Tšekin tasavalta","Description":"Country where the device is made. Aka Country of manufacture (COM).","Mandatory":"0","Searchable":"0","Optional":"0","Feature":{"ID":"3294","Sign":"","Measure":{"ID":"29","Sign":"","Signs":{"ID":"","_":"","Language":"FI"}},"Name":{"Value":"Alkuperämaa","Language":"FI"}}}]},{"ID":10929,"SortNo":"58","FeatureGroup":{"ID":"184","Name":{"Value":"Suorituskyky","Language":"FI"}},"Features":[{"Localized":0,"ID":720944963,"LocalID":0,"Type":"dropdown","Value":"Performance","CategoryFeatureId":"164640","CategoryFeatureGroupID":"10929","SortNo":"330","PresentationValue":"Suorituskyky","RawValue":"Performance","LocalValue":"Suorituskyky","Description":"Under which category can the device be positioned in the market, e.g. camera phone.","Mandatory":"0","Searchable":"0","Optional":"0","Feature":{"ID":"9021","Sign":"","Measure":{"ID":"29","Sign":"","Signs":{"ID":"","_":"","Language":"FI"}},"Name":{"Value":"Asema markkinoilla","Language":"FI"}}},{"Localized":0,"ID":720943088,"LocalID":0,"Type":"dropdown","Value":"Intel W680","CategoryFeatureId":"47146","CategoryFeatureGroupID":"10929","SortNo":"300","PresentationValue":"Intel W680","RawValue":"Intel W680","LocalValue":"Intel W680","Description":"The chipset connects the microprocessor to the rest of the motherboard.","Mandatory":"0","Searchable":"0","Optional":"0","Feature":{"ID":"436","Sign":"","Measure":{"ID":"29","Sign":"","Signs":{"ID":"","_":"","Language":"FI"}},"Name":{"Value":"Emolevyn piirisarja","Language":"FI"}}},{"Localized":0,"ID":720944965,"LocalID":0,"Type":"dropdown","Value":"Realtek ALC3205-VA2-CG","CategoryFeatureId":"157539","CategoryFeatureGroupID":"10929","SortNo":"201","PresentationValue":"Realtek ALC3205-VA2-CG","RawValue":"Realtek ALC3205-VA2-CG","LocalValue":"Realtek ALC3205-VA2-CG","Description":"","Mandatory":"0","Searchable":"0","Optional":"0","Feature":{"ID":"25338","Sign":"","Measure":{"ID":"29","Sign":"","Signs":{"ID":"","_":"","Language":"FI"}},"Name":{"Value":"Audiosiru","Language":"FI"}}},{"Localized":0,"ID":723255152,"LocalID":0,"Type":"y_n","Value":"Y","CategoryFeatureId":"57203","CategoryFeatureGroupID":"10929","SortNo":"198","PresentationValue":"Kyllä","RawValue":"Y","LocalValue":"Kyllä","Description":"The device contains speaker(s) to produce sound.","Mandatory":"0","Searchable":"0","Optional":"0","Feature":{"ID":"2433","Sign":"","Measure":{"ID":"26","Sign":"","Signs":{"ID":"","_":"","Language":"FI"}},"Name":{"Value":"Sisäiset kaiuttimet","Language":"FI"}}},{"Localized":0,"ID":720943085,"LocalID":0,"Type":"numerical","Value":"1","CategoryFeatureId":"207685","CategoryFeatureGroupID":"10929","SortNo":"197","PresentationValue":"1","RawValue":"1","LocalValue":"1","Description":"The quantity of speakers included in/with the product.","Mandatory":"0","Searchable":"0","Optional":"0","Feature":{"ID":"10183","Sign":"","Measure":{"ID":"29","Sign":"","Signs":{"ID":"","_":"","Language":"FI"}},"Name":{"Value":"Kaiuttimien lukumäärä","Language":"FI"}}},{"Localized":0,"ID":723255153,"LocalID":0,"Type":"y_n","Value":"Y","CategoryFeatureId":"96548","CategoryFeatureGroupID":"10929","SortNo":"97","PresentationValue":"Kyllä","RawValue":"Y","LocalValue":"Kyllä","Description":"The computer","Mandatory":"0","Searchable":"0","Optional":"0","Feature":{"ID":"16095","Sign":"","Measure":{"ID":"26","Sign":"","Signs":{"ID":"","_":"","Language":"FI"}},"Name":{"Value":"Salasanasuojaus","Language":"FI"}}},{"Localized":0,"ID":774327088,"LocalID":0,"Type":"multi_dropdown","Value":"BIOS,Power on,User","CategoryFeatureId":"96549","CategoryFeatureGroupID":"10929","SortNo":"96","PresentationValue":"BIOS, Virta päällä, Käyttäjä","RawValue":"BIOS,Power on,User","LocalValue":"BIOS, Virta päällä, Käyttäjä","Description":"","Mandatory":"0","Searchable":"0","Optional":"0","Feature":{"ID":"6224","Sign":"","Measure":{"ID":"29","Sign":"","Signs":{"ID":"","_":"","Language":"FI"}},"Name":{"Value":"Salasanasuojaus","Language":"FI"}}},{"Localized":0,"ID":720944962,"LocalID":0,"Type":"dropdown","Value":"Workstation","CategoryFeatureId":"86787","CategoryFeatureGroupID":"10929","SortNo":"4","PresentationValue":"Työasema","RawValue":"Workstation","LocalValue":"Työasema","Description":"The sub-category of the product.","Mandatory":"1","Searchable":"1","Optional":"0","Feature":{"ID":"14052","Sign":"","Measure":{"ID":"29","Sign":"","Signs":{"ID":"","_":"","Language":"FI"}},"Name":{"Value":"Tuotetyyppi","Language":"FI"}}}]},{"ID":3402,"SortNo":"56","FeatureGroup":{"ID":"90","Name":{"Value":"Ohjelmisto","Language":"FI"}},"Features":[{"Localized":0,"ID":720944648,"LocalID":0,"Type":"dropdown","Value":"Windows 11 Pro","CategoryFeatureId":"20011","CategoryFeatureGroupID":"3402","SortNo":"601","PresentationValue":"Windows 11 Pro","RawValue":"Windows 11 Pro","LocalValue":"Windows 11 Pro","Description":"Type of operating system on a device e.g. IOS on Apple devices","Mandatory":"1","Searchable":"1","Optional":"0","Feature":{"ID":"3233","Sign":"","Measure":{"ID":"29","Sign":"","Signs":{"ID":"","_":"","Language":"FI"}},"Name":{"Value":"Käyttöjärjestelmä asennettu","Language":"FI"}}},{"Localized":1,"ID":0,"LocalID":552366131,"Type":"text","Value":"","CategoryFeatureId":"42612","CategoryFeatureGroupID":"3402","SortNo":"-3","PresentationValue":"HP Support Assistant; HP:n PC-laitteistodiagnostiikka (Windows); HP Image Assistant; HP Manageability Integration Kit; Performance Advisor 3.0","RawValue":"","LocalValue":"HP Support Assistant; HP:n PC-laitteistodiagnostiikka (Windows); HP Image Assistant; HP Manageability Integration Kit; Performance Advisor 3.0","Description":"Luettelo tuotteen esiasennetuista ohjelmistoista, mukana valmistaja; valmistajan uudelleennimeämä nimi ja moduulit tarvittaessa tai yleinen kuvaus.","Mandatory":"0","Searchable":"0","Optional":"0","Feature":{"ID":"2253","Sign":"","Measure":{"ID":"29","Sign":"","Signs":{"ID":"","_":"","Language":"FI"}},"Name":{"Value":"Esiasennettu ohjelmisto","Language":"FI"}}}]},{"ID":26494,"SortNo":"53","FeatureGroup":{"ID":"144","Name":{"Value":"Erityisominaisuudet","Language":"FI"}},"Features":[{"Localized":0,"ID":720943092,"LocalID":0,"Type":"y_n","Value":"Y","CategoryFeatureId":"238919","CategoryFeatureGroupID":"26494","SortNo":"135","PresentationValue":"Kyllä","RawValue":"Y","LocalValue":"Kyllä","Description":"Get answers to everyday support questions about your HP PC and printers with this free self-help tool built into your computer. Optimized to provide an enhanced support experience, it’s automatically updated and ready to go the first time you boot up. And when you need hands-on help, you can use the tool to directly connect to HP Support.","Mandatory":"0","Searchable":"0","Optional":"0","Feature":{"ID":"34613","Sign":"","Measure":{"ID":"26","Sign":"","Signs":{"ID":"","_":"","Language":"FI"}},"Name":{"Value":"HP Support Assistant","Language":"FI"}}},{"Localized":1,"ID":0,"LocalID":552366128,"Type":"text","Value":"","CategoryFeatureId":"238921","CategoryFeatureGroupID":"26494","SortNo":"50","PresentationValue":"HP Secure Erase; HP Sure Click; HP BIOSphere (6. sukupolvi); HP Sure Admin; Kannen tunnistimen lisävarustesarja; HP Client Security Manager (6. sukupolvi); HP Sure Start (7. sukupolvi); HP Sure Recover (4. sukupolvi); HP Sure Sense (2. sukupolvi); HP Sure Run (5. sukupolvi)","RawValue":"","LocalValue":"HP Secure Erase; HP Sure Click; HP BIOSphere (6. sukupolvi); HP Sure Admin; Kannen tunnistimen lisävarustesarja; HP Client Security Manager (6. sukupolvi); HP Sure Start (7. sukupolvi); HP Sure Recover (4. sukupolvi); HP Sure Sense (2. sukupolvi); HP Sure Run (5. sukupolvi)","Description":"","Mandatory":"0","Searchable":"0","Optional":"0","Feature":{"ID":"34597","Sign":"","Measure":{"ID":"29","Sign":"","Signs":{"ID":"","_":"","Language":"FI"}},"Name":{"Value":"HP Security tools","Language":"FI"}}},{"Localized":1,"ID":0,"LocalID":552366129,"Type":"text","Value":"","CategoryFeatureId":"238922","CategoryFeatureGroupID":"26494","SortNo":"49","PresentationValue":"HP:n ohjainpaketit; HP Management Integration Kit Microsoft System Center Configuration Manager (4. sukupolvi) -ohjelmistoa varten HP System Software Manager (ladattava); HP BIOS Configuration Utility (ladattava);","RawValue":"","LocalValue":"HP:n ohjainpaketit; HP Management Integration Kit Microsoft System Center Configuration Manager (4. sukupolvi) -ohjelmistoa varten HP System Software Manager (ladattava); HP BIOS Configuration Utility (ladattava);","Description":"","Mandatory":"0","Searchable":"0","Optional":"0","Feature":{"ID":"34617","Sign":"","Measure":{"ID":"29","Sign":"","Signs":{"ID":"","_":"","Language":"FI"}},"Name":{"Value":"HP Management tools","Language":"FI"}}},{"Localized":0,"ID":720943093,"LocalID":0,"Type":"text","Value":"HP PC Hardware Diagnostics Windows; HP Image Assistant; HP Manageability Integration Kit; Performance Advisor 3.0","CategoryFeatureId":"238924","CategoryFeatureGroupID":"26494","SortNo":"47","PresentationValue":"HP PC Hardware Diagnostics Windows; HP Image Assistant; HP Manageability Integration Kit; Performance Advisor 3.0","RawValue":"HP PC Hardware Diagnostics Windows; HP Image Assistant; HP Manageability Integration Kit; Performance Advisor 3.0","LocalValue":"HP PC Hardware Diagnostics Windows; HP Image Assistant; HP Manageability Integration Kit; Performance Advisor 3.0","Description":"","Mandatory":"0","Searchable":"0","Optional":"0","Feature":{"ID":"34616","Sign":"","Measure":{"ID":"29","Sign":"","Signs":{"ID":"","_":"","Language":"FI"}},"Name":{"Value":"HP:n tarjoama ohjelmisto","Language":"FI"}}},{"Localized":0,"ID":780805849,"LocalID":0,"Type":"multi_dropdown","Value":"AI Workstation","CategoryFeatureId":"1086333","CategoryFeatureGroupID":"26494","SortNo":"3","PresentationValue":"AI Workstation","RawValue":"AI Workstation","LocalValue":"AI Workstation","Description":"","Mandatory":"0","Searchable":"0","Optional":"0","Feature":{"ID":"48855","Sign":"","Measure":{"ID":"29","Sign":"","Signs":{"ID":"","_":"","Language":"FI"}},"Name":{"Value":"HP-tekoäly","Language":"FI"}}},{"Localized":1,"ID":0,"LocalID":552366132,"Type":"text","Value":"","CategoryFeatureId":"942295","CategoryFeatureGroupID":"26494","SortNo":"0","PresentationValue":"198990365985","RawValue":"","LocalValue":"198990365985","Description":"","Mandatory":"0","Searchable":"0","Optional":"1","Feature":{"ID":"47264","Sign":"","Measure":{"ID":"29","Sign":"","Signs":{"ID":"","_":"","Language":"FI"}},"Name":{"Value":"HP GTIN (EAN/UPC)","Language":"EN"}}},{"Localized":0,"ID":720946593,"LocalID":0,"Type":"dropdown","Value":"Business","CategoryFeatureId":"292602","CategoryFeatureGroupID":"26494","SortNo":"-500","PresentationValue":"Yritys","RawValue":"Business","LocalValue":"Yritys","Description":"","Mandatory":"0","Searchable":"0","Optional":"0","Feature":{"ID":"35183","Sign":"","Measure":{"ID":"29","Sign":"","Signs":{"ID":"","_":"","Language":"FI"}},"Name":{"Value":"HP-segmentti","Language":"FI"}}}]},{"ID":1306,"SortNo":"30","FeatureGroup":{"ID":"27","Name":{"Value":"Virranhallinta","Language":"FI"}},"Features":[{"Localized":0,"ID":720943095,"LocalID":0,"Type":"numerical","Value":"700","CategoryFeatureId":"3028","CategoryFeatureGroupID":"1306","SortNo":"10000","PresentationValue":"700 W","RawValue":"700","LocalValue":"700","Description":"The way in which the product is powered e.g. rechargeable battery","Mandatory":"1","Searchable":"0","Optional":"0","Feature":{"ID":"1242","Sign":"","Measure":{"ID":"44","Sign":"","Signs":{"ID":"13832","_":"W","Language":"FI"}},"Name":{"Value":"Virtalähde","Language":"FI"}}},{"Localized":0,"ID":720943096,"LocalID":0,"Type":"alphanumeric","Value":"100 - 240","CategoryFeatureId":"3029","CategoryFeatureGroupID":"1306","SortNo":"414","PresentationValue":"100 - 240 V","RawValue":"100 - 240","LocalValue":"100 - 240","Description":"","Mandatory":"0","Searchable":"0","Optional":"0","Feature":{"ID":"1243","Sign":"","Measure":{"ID":"42","Sign":"","Signs":{"ID":"13830","_":"V","Language":"FI"}},"Name":{"Value":"Virtalähteen syöttöjännite","Language":"FI"}}},{"Localized":0,"ID":720943097,"LocalID":0,"Type":"alphanumeric","Value":"50/60","CategoryFeatureId":"3030","CategoryFeatureGroupID":"1306","SortNo":"413","PresentationValue":"50/60 Hz","RawValue":"50/60","LocalValue":"50/60","Description":"The frequency of the electricity","Mandatory":"0","Searchable":"0","Optional":"0","Feature":{"ID":"1244","Sign":"","Measure":{"ID":"36","Sign":"","Signs":{"ID":"13824","_":"Hz","Language":"FI"}},"Name":{"Value":"Virtalähteen syöttötaajuus","Language":"FI"}}},{"Localized":0,"ID":720943094,"LocalID":0,"Type":"dropdown","Value":"80 PLUS Gold","CategoryFeatureId":"206607","CategoryFeatureGroupID":"1306","SortNo":"-1","PresentationValue":"80 PLUS Gold","RawValue":"80 PLUS Gold","LocalValue":"80 PLUS Gold","Description":"","Mandatory":"0","Searchable":"0","Optional":"0","Feature":{"ID":"8110","Sign":"","Measure":{"ID":"29","Sign":"","Signs":{"ID":"","_":"","Language":"FI"}},"Name":{"Value":"80 PLUS certification","Language":"FI"}}}]},{"ID":2693,"SortNo":"20","FeatureGroup":{"ID":"76","Name":{"Value":"Sertifikaatit","Language":"FI"}},"Features":[{"Localized":0,"ID":781287851,"LocalID":0,"Type":"y_n","Value":"Y","CategoryFeatureId":"586317","CategoryFeatureGroupID":"2693","SortNo":"0","PresentationValue":"Kyllä","RawValue":"Y","LocalValue":"Kyllä","Description":"","Mandatory":"0","Searchable":"0","Optional":"0","Feature":{"ID":"41845","Sign":"","Measure":{"ID":"26","Sign":"","Signs":{"ID":"","_":"","Language":"FI"}},"Name":{"Value":"Vähän halogeenia","Language":"FI"}}}]},{"ID":72247,"SortNo":"19","FeatureGroup":{"ID":"279","Name":{"Value":"Kestävyys","Language":"FI"}},"Features":[{"Localized":0,"ID":781287853,"LocalID":0,"Type":"y_n","Value":"Y","CategoryFeatureId":"596366","CategoryFeatureGroupID":"72247","SortNo":"0","PresentationValue":"Kyllä","RawValue":"Y","LocalValue":"Kyllä","Description":"","Mandatory":"0","Searchable":"0","Optional":"1","Feature":{"ID":"42512","Sign":"","Measure":{"ID":"26","Sign":"","Signs":{"ID":"","_":"","Language":"FI"}},"Name":{"Value":"Kestävän kehityksen mukainen","Language":"FI"}}},{"Localized":0,"ID":781287852,"LocalID":0,"Type":"multi_dropdown","Value":"ENERGY STAR,TCO","CategoryFeatureId":"603214","CategoryFeatureGroupID":"72247","SortNo":"0","PresentationValue":"ENERGY STAR, TCO","RawValue":"ENERGY STAR,TCO","LocalValue":"ENERGY STAR, TCO","Description":"","Mandatory":"0","Searchable":"0","Optional":"0","Feature":{"ID":"42513","Sign":"","Measure":{"ID":"29","Sign":"","Signs":{"ID":"","_":"","Language":"FI"}},"Name":{"Value":"Kestävän kehityksen sertifikaatit","Language":"FI"}}},{"Localized":1,"ID":0,"LocalID":552366130,"Type":"text","Value":"","CategoryFeatureId":"616911","CategoryFeatureGroupID":"72247","SortNo":"0","PresentationValue":"80 Plus® Gold -virtalähteitä saatavana; Saatavana tukkupakkauksessa; Pakkauksen muotoon puristettu kuitupehmuste on kokonaan vastuullisesti tuotettua ja kierrätettävää; 45 % kierrätysmuovia; 10 % tietokonelaitt. kerättyä sulj. kierron muovia; Vähähalogeeniset PCA:t; Tuotteen hiilijalanjälki; Järjestelmätuulettimessa, prosessorituulettimessa ja kaiuttimessa käytetty muutoin mereen päätyvää muovia","RawValue":"","LocalValue":"80 Plus® Gold -virtalähteitä saatavana; Saatavana tukkupakkauksessa; Pakkauksen muotoon puristettu kuitupehmuste on kokonaan vastuullisesti tuotettua ja kierrätettävää; 45 % kierrätysmuovia; 10 % tietokonelaitt. kerättyä sulj. kierron muovia; Vähähalogeeniset PCA:t; Tuotteen hiilijalanjälki; Järjestelmätuulettimessa, prosessorituulettimessa ja kaiuttimessa käytetty muutoin mereen päätyvää muovia","Description":"","Mandatory":"0","Searchable":"0","Optional":"0","Feature":{"ID":"42515","Sign":"","Measure":{"ID":"29","Sign":"","Signs":{"ID":"","_":"","Language":"FI"}},"Name":{"Value":"Kestävän kehityksen tekniikat ja materiaalit","Language":"FI"}}}]},{"ID":1309,"SortNo":"10","FeatureGroup":{"ID":"14","Name":{"Value":"Paino ja mitat","Language":"FI"}},"Features":[{"Localized":0,"ID":720943099,"LocalID":0,"Type":"numerical","Value":"356","CategoryFeatureId":"6228","CategoryFeatureGroupID":"1309","SortNo":"55","PresentationValue":"356 mm","RawValue":"356","LocalValue":"356","Description":"The measurement or extent of something from side to side.","Mandatory":"1","Searchable":"0","Optional":"0","Feature":{"ID":"1649","Sign":"","Measure":{"ID":"24","Sign":"","Signs":{"ID":"13815","_":"mm","Language":"FI"}},"Name":{"Value":"Tuotteen leveys","Language":"FI"}}},{"Localized":0,"ID":720943102,"LocalID":0,"Type":"numerical","Value":"169","CategoryFeatureId":"6225","CategoryFeatureGroupID":"1309","SortNo":"54","PresentationValue":"169 mm","RawValue":"169","LocalValue":"169","Description":"The distance from the front to the back of something.","Mandatory":"1","Searchable":"0","Optional":"0","Feature":{"ID":"1650","Sign":"","Measure":{"ID":"24","Sign":"","Signs":{"ID":"13815","_":"mm","Language":"FI"}},"Name":{"Value":"Tuotteen syvyys","Language":"FI"}}},{"Localized":0,"ID":720943103,"LocalID":0,"Type":"numerical","Value":"385","CategoryFeatureId":"6226","CategoryFeatureGroupID":"1309","SortNo":"53","PresentationValue":"385 mm","RawValue":"385","LocalValue":"385","Description":"Tuotteen korkeus","Mandatory":"1","Searchable":"0","Optional":"0","Feature":{"ID":"1464","Sign":"","Measure":{"ID":"24","Sign":"","Signs":{"ID":"13815","_":"mm","Language":"FI"}},"Name":{"Value":"Tuotteen korkeus","Language":"FI"}}},{"Localized":0,"ID":720943104,"LocalID":0,"Type":"numerical","Value":"6200","CategoryFeatureId":"8718","CategoryFeatureGroupID":"1309","SortNo":"45","PresentationValue":"6,2 kg","RawValue":"6200","LocalValue":"6,2","Description":"Tuotteen paino ilman pakkausta (Nettopaino). Jos mahdollista, nettopaino ilmaistaan vakiovarusteineet ja tarvikkeet mukaan laskettuna. Huomaa, että joskus valmistaja antaa kaupallisen tulkinnan tuotteen painosta, jättämällä pois  lisävarusteiden ja / tai tarvikkeiden painon.","Mandatory":"1","Searchable":"0","Optional":"0","Feature":{"ID":"94","Sign":"","Measure":{"ID":"38","Sign":"","Signs":{"ID":"13826","_":"g","Language":"FI"}},"Name":{"Value":"Paino","Language":"FI"}}},{"Localized":0,"ID":720943105,"LocalID":0,"Type":"numerical","Value":"518","CategoryFeatureId":"74308","CategoryFeatureGroupID":"1309","SortNo":"-10","PresentationValue":"518 mm","RawValue":"518","LocalValue":"518","Description":"The distance from one side of the packaging to the other.","Mandatory":"0","Searchable":"0","Optional":"0","Feature":{"ID":"3808","Sign":"","Measure":{"ID":"24","Sign":"","Signs":{"ID":"13815","_":"mm","Language":"FI"}},"Name":{"Value":"Pakkauksen leveys","Language":"FI"}}},{"Localized":0,"ID":720943106,"LocalID":0,"Type":"numerical","Value":"295","CategoryFeatureId":"74309","CategoryFeatureGroupID":"1309","SortNo":"-11","PresentationValue":"295 mm","RawValue":"295","LocalValue":"295","Description":"The distance from the front to the back of the packaging.","Mandatory":"0","Searchable":"0","Optional":"0","Feature":{"ID":"3806","Sign":"","Measure":{"ID":"24","Sign":"","Signs":{"ID":"13815","_":"mm","Language":"FI"}},"Name":{"Value":"Pakkauksen syvyys","Language":"FI"}}},{"Localized":0,"ID":720943107,"LocalID":0,"Type":"numerical","Value":"490","CategoryFeatureId":"74310","CategoryFeatureGroupID":"1309","SortNo":"-12","PresentationValue":"490 mm","RawValue":"490","LocalValue":"490","Description":"The distance from the top to the bottom of the packaging.","Mandatory":"0","Searchable":"0","Optional":"0","Feature":{"ID":"3807","Sign":"","Measure":{"ID":"24","Sign":"","Signs":{"ID":"13815","_":"mm","Language":"FI"}},"Name":{"Value":"Pakkauksen korkeus","Language":"FI"}}}]},{"ID":9610,"SortNo":"3","FeatureGroup":{"ID":"116","Name":{"Value":"Pakkauksen sisältö","Language":"FI"}},"Features":[{"Localized":0,"ID":720943119,"LocalID":0,"Type":"y_n","Value":"Y","CategoryFeatureId":"20512","CategoryFeatureGroupID":"9610","SortNo":"475","PresentationValue":"Kyllä","RawValue":"Y","LocalValue":"Kyllä","Description":"A mouse is included with this product.","Mandatory":"0","Searchable":"0","Optional":"0","Feature":{"ID":"2944","Sign":"","Measure":{"ID":"26","Sign":"","Signs":{"ID":"","_":"","Language":"FI"}},"Name":{"Value":"Sisältää hiiren","Language":"FI"}}},{"Localized":0,"ID":720943121,"LocalID":0,"Type":"dropdown","Value":"Wired","CategoryFeatureId":"904270","CategoryFeatureGroupID":"9610","SortNo":"475","PresentationValue":"Langallinen","RawValue":"Wired","LocalValue":"Langallinen","Description":"","Mandatory":"0","Searchable":"0","Optional":"0","Feature":{"ID":"45581","Sign":"","Measure":{"ID":"29","Sign":"","Signs":{"ID":"","_":"","Language":"FI"}},"Name":{"Value":"Hiiren yhdistettävyys","Language":"FI"}}},{"Localized":0,"ID":723255149,"LocalID":0,"Type":"y_n","Value":"Y","CategoryFeatureId":"238768","CategoryFeatureGroupID":"9610","SortNo":"471","PresentationValue":"Kyllä","RawValue":"Y","LocalValue":"Kyllä","Description":"A keyboard is part of the bundle/set.","Mandatory":"0","Searchable":"0","Optional":"0","Feature":{"ID":"33532","Sign":"","Measure":{"ID":"26","Sign":"","Signs":{"ID":"","_":"","Language":"FI"}},"Name":{"Value":"Näppäimistö sisältyy","Language":"FI"}}},{"Localized":0,"ID":718355673,"LocalID":0,"Type":"dropdown","Value":"Wired","CategoryFeatureId":"904271","CategoryFeatureGroupID":"9610","SortNo":"471","PresentationValue":"Langallinen","RawValue":"Wired","LocalValue":"Langallinen","Description":"","Mandatory":"0","Searchable":"0","Optional":"0","Feature":{"ID":"45582","Sign":"","Measure":{"ID":"29","Sign":"","Signs":{"ID":"","_":"","Language":"FI"}},"Name":{"Value":"Näppäimistön yhdistettävyys","Language":"FI"}}}]},{"ID":77983,"SortNo":"0","FeatureGroup":{"ID":"305","Name":{"Value":"Hiilijalanjälki","Language":"FI"}},"Features":[{"Localized":1,"ID":0,"LocalID":554005957,"Type":"text","Value":"","CategoryFeatureId":"906242","CategoryFeatureGroupID":"77983","SortNo":"0","PresentationValue":"280","RawValue":"","LocalValue":"280","Description":"The total mean carbon footprint value generated across various lifecycle stages (manufacturing, transportation / logistics, use and end of life) per unit (for one single product) i.e., measured in kilograms CO2e.","Mandatory":"0","Searchable":"0","Optional":"1","Feature":{"ID":"45795","Sign":"","Measure":{"ID":"29","Sign":"","Signs":{"ID":"","_":"","Language":"FI"}},"Name":{"Value":"Hiilijalanjälki yhteensä (kg of CO2e)","Language":"FI"}}},{"Localized":1,"ID":0,"LocalID":554005955,"Type":"text","Value":"","CategoryFeatureId":"944118","CategoryFeatureGroupID":"77983","SortNo":"0","PresentationValue":"222","RawValue":"","LocalValue":"222","Description":"The mean carbon emissions during the Manufacturing stage (i.e., emissions during raw material extraction and manufacturing of components (e.g., drives, graphics cards, memory, CPU, mainboards, etc.) or assembling of the product.","Mandatory":"0","Searchable":"0","Optional":"1","Feature":{"ID":"47441","Sign":"","Measure":{"ID":"29","Sign":"","Signs":{"ID":"","_":"","Language":"FI"}},"Name":{"Value":"Hiilipäästöt, valmistus (kg CO2e)","Language":"FI"}}},{"Localized":1,"ID":0,"LocalID":554005958,"Type":"text","Value":"","CategoryFeatureId":"944119","CategoryFeatureGroupID":"77983","SortNo":"0","PresentationValue":"3","RawValue":"","LocalValue":"3","Description":"The mean carbon emissions during the transportation of the product.","Mandatory":"0","Searchable":"0","Optional":"1","Feature":{"ID":"47442","Sign":"","Measure":{"ID":"29","Sign":"","Signs":{"ID":"","_":"","Language":"FI"}},"Name":{"Value":"Hiilipäästöt, logistiikka (kg CO2e)","Language":"FI"}}},{"Localized":1,"ID":0,"LocalID":554005954,"Type":"text","Value":"","CategoryFeatureId":"944121","CategoryFeatureGroupID":"77983","SortNo":"0","PresentationValue":"2","RawValue":"","LocalValue":"2","Description":"The mean carbon emissions related to the End-of-Life processing of products.","Mandatory":"0","Searchable":"0","Optional":"1","Feature":{"ID":"47444","Sign":"","Measure":{"ID":"29","Sign":"","Signs":{"ID":"","_":"","Language":"FI"}},"Name":{"Value":"Hiilipäästöt, käyttöiän päättyminen (kg CO2e)","Language":"FI"}}},{"Localized":1,"ID":0,"LocalID":554005956,"Type":"text","Value":"","CategoryFeatureId":"944122","CategoryFeatureGroupID":"77983","SortNo":"0","PresentationValue":"48","RawValue":"","LocalValue":"48","Description":"This is the total Carbon emissions minus the Use of product related emissions i.e., emissions across Manufacturing, Transportation and EOL only.","Mandatory":"0","Searchable":"0","Optional":"1","Feature":{"ID":"47445","Sign":"","Measure":{"ID":"29","Sign":"","Signs":{"ID":"","_":"","Language":"FI"}},"Name":{"Value":"Hiilipäästöt yhteensä, ilman käyttövaihetta (kg CO2e)","Language":"FI"}}}]},{"ID":82594,"SortNo":"0","FeatureGroup":{"ID":"5","Name":{"Value":"Näyttö","Language":"FI"}},"Features":[{"Localized":0,"ID":720943108,"LocalID":0,"Type":"y_n","Value":"N","CategoryFeatureId":"11391","CategoryFeatureGroupID":"82594","SortNo":"500","PresentationValue":"Ei","RawValue":"N","LocalValue":"Ei","Description":"This product includes a display.","Mandatory":"1","Searchable":"1","Optional":"0","Feature":{"ID":"2177","Sign":"","Measure":{"ID":"26","Sign":"","Signs":{"ID":"","_":"","Language":"FI"}},"Name":{"Value":"Näyttö sisältyy","Language":"FI"}}}]},{"ID":10935,"SortNo":"-15","FeatureGroup":{"ID":"0","Name":{"Value":"Technical details","Language":"EN"}},"Features":[{"Localized":1,"ID":0,"LocalID":552366127,"Type":"text","Value":"","CategoryFeatureId":"974237","CategoryFeatureGroupID":"10935","SortNo":"0","PresentationValue":"https://support.hp.com/us-en/document/ish_6126692-6126777-16?openCLC=true","RawValue":"","LocalValue":"https://support.hp.com/us-en/document/ish_6126692-6126777-16?openCLC=true","Description":"","Mandatory":"0","Searchable":"0","Optional":"0","Feature":{"ID":"48462","Sign":"","Measure":{"ID":"29","Sign":"","Signs":{"ID":"","_":"","Language":"FI"}},"Name":{"Value":"Yleisen tuoteturvallisuusasetuksen (GPSR) URL-osoite","Language":"FI"}}}]},{"ID":6656,"SortNo":"-1000","FeatureGroup":{"ID":"146","Name":{"Value":"Muut ominaisuudet","Language":"FI"}},"Features":[{"Localized":1,"ID":0,"LocalID":552693463,"Type":"textarea","Value":"","CategoryFeatureId":"1085116","CategoryFeatureGroupID":"6656","SortNo":"0","PresentationValue":"3 vuoden (3/3/3) rajoitettu takuu- ja huoltopalvelu sisältää 3 vuoden takuun osille, työlle ja korjauksille asiakkaan luona. Ehdot ja edellytykset vaihtelevat maittain.","RawValue":"","LocalValue":"3 vuoden (3/3/3) rajoitettu takuu- ja huoltopalvelu sisältää 3 vuoden takuun osille, työlle ja korjauksille asiakkaan luona. Ehdot ja edellytykset vaihtelevat maittain.","Description":"","Mandatory":"0","Searchable":"0","Optional":"1","Feature":{"ID":"48728","Sign":"","Measure":{"ID":"29","Sign":"","Signs":{"ID":"","_":"","Language":"FI"}},"Name":{"Value":"Valmistajan takuu","Language":"FI"}}}]}],"FeatureLogos":[{"LogoPic":"https://images.icecat.biz/img/feature_logo/4-8210.png","Width":"195","Height":"200","Size":"0","ThumbPic":"https://images.icecat.biz/img/feature_logo_thumbs/4-8210.png","FeatureID":"42513","Value":"ENERGY STAR","KeyLogo":0},{"LogoPic":"https://images.icecat.biz/img/feature_logo/188-6515.png","Width":"300","Height":"186","Size":"0","ThumbPic":"https://images.icecat.biz/img/feature_logo_thumbs/188-6515.png","FeatureID":"42513","Value":"TCO","KeyLogo":1},{"LogoPic":"https://images.icecat.biz/img/feature_logo/538-3447.png","Width":"300","Height":"300","Size":"0","ThumbPic":"https://images.icecat.biz/img/feature_logo_thumbs/538-3447.png","FeatureID":"44870","Value":"Intel Core i9-11xxx","KeyLogo":2,"Description":{"Value":"Intel® Core™ i9 -suorittimet – Työskentele, pelaa ja luo nopeasti ja saumattomasti.<br><br>-Entistä nopeamman suorituskyvyn ansiosta ihmiset voivat keskittyä, luoda ja pitää yhteyttä entistä tehokkaammin<br>-Vaatimustason nostaminen yhteyksissä<br>-Videoeditointi alle minuutissa","Language":"FI"}},{"LogoPic":"https://images.icecat.biz/img/feature_logo/538-3447.png","Width":"300","Height":"300","Size":"0","ThumbPic":"https://images.icecat.biz/img/feature_logo_thumbs/538-3447.png","FeatureID":"44870","Value":"Intel Core i9-14xxx","KeyLogo":2,"Description":{"Value":"Intel® Core™ i9 -suorittimet – Työskentele, pelaa ja luo nopeasti ja saumattomasti.<br><br>-Entistä nopeamman suorituskyvyn ansiosta ihmiset voivat keskittyä, luoda ja pitää yhteyttä entistä tehokkaammin<br>-Vaatimustason nostaminen yhteyksissä<br>-Videoeditointi alle minuutissa","Language":"FI"}},{"LogoPic":"https://images.icecat.biz/img/feature_logo/1167-3328.png","Width":"300","Height":"300","Size":"0","ThumbPic":"https://images.icecat.biz/img/feature_logo_thumbs/1167-3328.png","FeatureID":"11441","Value":"hdd+ssd","KeyLogo":3},{"LogoPic":"https://images.icecat.biz/img/feature_logo/1167-3328.png","Width":"300","Height":"300","Size":"0","ThumbPic":"https://images.icecat.biz/img/feature_logo_thumbs/1167-3328.png","FeatureID":"11441","Value":"SSD","KeyLogo":3},{"LogoPic":"https://images.icecat.biz/img/feature_logo/1167-3328.png","Width":"300","Height":"300","Size":"0","ThumbPic":"https://images.icecat.biz/img/feature_logo_thumbs/1167-3328.png","FeatureID":"11441","Value":"ssd+emmc","KeyLogo":3}],"ReasonsToBuy":[{"ReasonToBuyID":"84656804","Value":"Työskentele missä tahansa suorituskyvystä tinkimättä Windows 11:n ja HP:n yhteistyö-, tietoturva- ja liitettävyystekniikan avulla. Tee yhteenveto ja kirjoita sisältö uudelleen, saa aiheeseen liittyviä sisältösuosituksia ja pysy organisoituna Microsoft Copilotin avulla.<sup>[4]</sup>","HighPic":"","HighPicSize":"0","No":"9","Title":"HP suosittelee yrityskäyttöön Windows 11 Pro -järjestelmää","Language":"FI","Updated":"2025-08-17 18:21:15","Origin":"RTB","IsPrivate":"0"},{"ReasonToBuyID":"92255977","Value":"Intel® Core™ i9 -prosessori tuo huippuluokan suorituskykyä intensiivisiin tehtäviin, kuten renderöintiin ja videoeditointiin.<sup>[5]</sup>","HighPic":"","HighPicSize":"0","No":"10","Title":"Intel® Core™ i9 -prosessori","Language":"FI","Updated":"2025-08-17 18:21:15","Origin":"RTB","IsPrivate":"0"},{"ReasonToBuyID":"82375252","Value":"Upean uuden muotoilun ominaisuuksiin kuuluvat etu- ja takareunukset, joiden avulla voit helposti siirtää järjestelmäsi paikasta toiseen.","HighPic":"","HighPicSize":"0","No":"11","Title":"Pienempi käytännöllinen malli","Language":"FI","Updated":"2025-08-17 18:21:15","Origin":"RTB","IsPrivate":"0"},{"ReasonToBuyID":"82375253","Value":"Kehitä työntekoasi. Kustomoi laitteitasi. Ilman työkaluja avautuvan paneelin avulla pääset helposti käsiksi laitteen sisälle ja voit mukauttaa Z-tehotyöasemasi tarpeidesi mukaiseksi.","HighPic":"","HighPicSize":"0","No":"12","Title":"Pääsy ilman työkaluja","Language":"FI","Updated":"2025-08-17 18:21:15","Origin":"RTB","IsPrivate":"0"},{"ReasonToBuyID":"82506171","Value":"Innovatiivisen rakenteen ansiosta komponentit pysyvät viilennettyinä ja hiljaisina kovassakin kuormituksessa. Voit käyttää järjestelmää varmuudella maksimikuormituksella.","HighPic":"","HighPicSize":"0","No":"13","Title":"Lämpötilanhallinta","Language":"FI","Updated":"2025-08-17 18:21:15","Origin":"RTB","IsPrivate":"0"},{"ReasonToBuyID":"82375255","Value":"Z:n alan johtava lämmönhallinta pitää prosessorisi ja näytönohjaimesi viileinä, jotta ne voivat tarjota parhaan suorituskykynsä pitkiä aikoja kerrallaan.","HighPic":"","HighPicSize":"0","No":"14","Title":"Hidastumaton suorituskyky","Language":"FI","Updated":"2025-08-17 18:21:15","Origin":"RTB","IsPrivate":"0"},{"ReasonToBuyID":"84656809","Value":"Pidä järjestelmä puhtaana edestä avattavalla pölysuodattimella, kun konetta käytetään tehtaan tuotantotiloissa tai työstökoneiden lähellä.<sup>[6]</sup>","HighPic":"","HighPicSize":"0","No":"15","Title":"Pölysuodatin","Language":"FI","Updated":"2025-08-17 18:21:15","Origin":"RTB","IsPrivate":"0"},{"ReasonToBuyID":"84656810","Value":"Suunniteltu pyyhittäväksi monilla yleisesti saatavilla olevilla kotitalouden desinfiointi- ja puhdistusliinoilla HP:n puhdistusohjeiden mukaisesti.<sup>[7]</sup>","HighPic":"","HighPicSize":"0","No":"16","Title":"Desinfioitavissa","Language":"FI","Updated":"2025-08-17 18:21:15","Origin":"RTB","IsPrivate":"0"},{"ReasonToBuyID":"82375248","Value":"Järjestelmä on suunniteltu käytettäväksi ilman rajoituksia, joten voit renderöidä, ajaa simulaatioita ja käyttää reaaliaikaista säteenseurantaa ilman ylikuumenemista tai viiveitä.","HighPic":"","HighPicSize":"0","No":"17","Title":"Uusi vertailukohtasi aloitustason tehotyöaseman teholle","Language":"FI","Updated":"2025-08-17 18:21:15","Origin":"RTB","IsPrivate":"0"},{"ReasonToBuyID":"82375249","Value":"Kotelossa on tilaa myös päivitysosille, ja sen saa auki ilman työkaluja. Voit siis päivittää tai lisätä komponentteja helposti tarpeiden kasvaessa.","HighPic":"","HighPicSize":"0","No":"18","Title":"Laajennettavaksi luotu. Tehoa kasvuun.","Language":"FI","Updated":"2025-08-17 18:21:15","Origin":"RTB","IsPrivate":"0"},{"ReasonToBuyID":"82375250","Value":"Sertifioidussa tietokoneessa on edistyneitä sovelluksia, jotka varmistavat huipputehot.<sup>[3]</sup>","HighPic":"","HighPicSize":"0","No":"19","Title":"ISV-hyväksytty","Language":"FI","Updated":"2025-08-17 18:21:15","Origin":"RTB","IsPrivate":"0"}],"Reviews":[],"ProductRelated":[{"ID":363021349,"CategoryID":222,"Preferred":0,"IcecatID":124696233,"ProductCode":"9D9S0E9","ThumbPic":"","ProductName":"Series 5 Pro QHD 27″ -näyttö – 527pq","Brand":"HP","BrandID":1,"ProductRelatedLocales":[{"ID":0,"Language":"FI","Preferred":0,"StartDate":"","EndDate":""}]},{"ID":346177783,"CategoryID":222,"Preferred":0,"IcecatID":123019740,"ProductCode":"AK2B3AA","ThumbPic":"","ProductName":"OMEN 27 tuuman 165 Hz:n QHD-pelinäyttö – OMEN 27qz","Brand":"HP","BrandID":1,"ProductRelatedLocales":[{"ID":0,"Language":"FI","Preferred":0,"StartDate":"","EndDate":""}]},{"ID":366248692,"CategoryID":222,"Preferred":0,"IcecatID":122443073,"ProductCode":"9D9L6A5","ThumbPic":"","ProductName":"Series 5 Pro Full HD 23,8″ -näyttö – 524pf","Brand":"HP","BrandID":1,"ProductRelatedLocales":[{"ID":0,"Language":"FI","Preferred":0,"StartDate":"","EndDate":""}]},{"ID":366249031,"CategoryID":222,"Preferred":0,"IcecatID":122443072,"ProductCode":"9D9A7A5","ThumbPic":"","ProductName":"Series 5 Pro WUXGA 24″ -näyttö – 524pn","Brand":"HP","BrandID":1,"ProductRelatedLocales":[{"ID":0,"Language":"FI","Preferred":0,"StartDate":"","EndDate":""}]},{"ID":366249003,"CategoryID":222,"Preferred":0,"IcecatID":122258335,"ProductCode":"9E0G5AA","ThumbPic":"","ProductName":"Series 5 Pro QHD USB-C 27″ -näyttö – 527pu","Brand":"HP","BrandID":1,"ProductRelatedLocales":[{"ID":0,"Language":"FI","Preferred":0,"StartDate":"","EndDate":""}]},{"ID":338471015,"CategoryID":170,"Preferred":0,"IcecatID":122257714,"ProductCode":"A4HP3AA","ThumbPic":"","ProductName":"NVIDIA T400E 4 GB 4mDP Graphics","Brand":"HP","BrandID":1,"ProductRelatedLocales":[{"ID":0,"Language":"FI","Preferred":0,"StartDate":"","EndDate":""}]},{"ID":363021162,"CategoryID":222,"Preferred":0,"IcecatID":122083026,"ProductCode":"9U5B0AF","ThumbPic":"","ProductName":"Series 3 Pro Full HD 21,5” -näyttö – 322pf","Brand":"HP","BrandID":1,"ProductRelatedLocales":[{"ID":0,"Language":"FI","Preferred":0,"StartDate":"","EndDate":""}]},{"ID":360665718,"CategoryID":222,"Preferred":0,"IcecatID":120315449,"ProductCode":"8K157UT","ThumbPic":"","ProductName":"Series 7 Pro WQHD 34” -kokousnäyttö – 734pm","Brand":"HP","BrandID":1,"ProductRelatedLocales":[{"ID":0,"Language":"FI","Preferred":0,"StartDate":"","EndDate":""}]},{"ID":340007192,"CategoryID":222,"Preferred":0,"IcecatID":120195587,"ProductCode":"8Y2F7E9","ThumbPic":"","ProductName":"Series 7 Pro WUXGA USB-C 24” -näyttö – 724pu","Brand":"HP","BrandID":1,"ProductRelatedLocales":[{"ID":0,"Language":"FI","Preferred":0,"StartDate":"","EndDate":""}]},{"ID":366248977,"CategoryID":170,"Preferred":0,"IcecatID":120046023,"ProductCode":"8D6B8AA","ThumbPic":"","ProductName":"NVIDIA RTX PH x2xxx 4mDP Graphics","Brand":"HP","BrandID":1,"ProductRelatedLocales":[{"ID":0,"Language":"FI","Preferred":0,"StartDate":"","EndDate":""}]},{"ID":366248998,"CategoryID":1637,"Preferred":0,"IcecatID":118674422,"ProductCode":"80S07A6","ThumbPic":"","ProductName":"Poly Blackwire C3220 -USB-C-kuulokemikrofoni + kuljetuskotelo (tukkupakkaus)","Brand":"Poly","BrandID":30478,"ProductRelatedLocales":[{"ID":0,"Language":"FI","Preferred":0,"StartDate":"","EndDate":""}]},{"ID":366248664,"CategoryID":1637,"Preferred":0,"IcecatID":118674274,"ProductCode":"8X230A6","ThumbPic":"","ProductName":"Poly Blackwire 5210 -USB-C-monokuulokemikrofoni + +3,5 mm:n liitin + USB-C-/A-sovitin (tukkupakkaus)","Brand":"Poly","BrandID":30478,"ProductRelatedLocales":[{"ID":0,"Language":"FI","Preferred":0,"StartDate":"","EndDate":""}]},{"ID":366249022,"CategoryID":1637,"Preferred":0,"IcecatID":118674269,"ProductCode":"8X227AA","ThumbPic":"","ProductName":"Poly Blackwire 3215 -USB-C-monokuulokemikrofoni + +3,5 mm:n liitin + USB-C-/A-sovitin","Brand":"Poly","BrandID":30478,"ProductRelatedLocales":[{"ID":0,"Language":"FI","Preferred":0,"StartDate":"","EndDate":""}]},{"ID":351073634,"CategoryID":222,"Preferred":0,"IcecatID":118627956,"ProductCode":"8Y2K9A5","ThumbPic":"","ProductName":"Series 7 Pro 31.5 inch 4K Thunderbolt 4 Monitor - 732pk PVC Free","Brand":"HP","BrandID":1,"ProductRelatedLocales":[{"ID":0,"Language":"FI","Preferred":0,"StartDate":"","EndDate":""}]},{"ID":351073693,"CategoryID":222,"Preferred":0,"IcecatID":118627955,"ProductCode":"8X530A5","ThumbPic":"","ProductName":"Series 7 Pro Full HD 23,8” -näyttö – 724pf Ei PVC:tä","Brand":"HP","BrandID":1,"ProductRelatedLocales":[{"ID":0,"Language":"FI","Preferred":0,"StartDate":"","EndDate":""}]},{"ID":366249038,"CategoryID":1637,"Preferred":0,"IcecatID":117350716,"ProductCode":"7W6B8AA","ThumbPic":"","ProductName":"Poly Voyager Legend -kuulokemikrofoni + integroitu latauskaapeli + nastasovitin","Brand":"Poly","BrandID":30478,"ProductRelatedLocales":[{"ID":0,"Language":"FI","Preferred":0,"StartDate":"","EndDate":""}]},{"ID":366248793,"CategoryID":1637,"Preferred":0,"IcecatID":117350686,"ProductCode":"8X229AA","ThumbPic":"","ProductName":"Poly Blackwire 3225 -USB-C-kuulokemikrofoni + 3,5 mm:n liitin + USB-C-/A-sovitin","Brand":"Poly","BrandID":30478,"ProductRelatedLocales":[{"ID":0,"Language":"FI","Preferred":0,"StartDate":"","EndDate":""}]},{"ID":366248768,"CategoryID":1637,"Preferred":0,"IcecatID":117350678,"ProductCode":"8X219AA","ThumbPic":"","ProductName":"Poly Blackwire 3320 -USB-C-stereokuulokemikrofoni + USB-C-/A-sovitin","Brand":"Poly","BrandID":30478,"ProductRelatedLocales":[{"ID":0,"Language":"FI","Preferred":0,"StartDate":"","EndDate":""}]},{"ID":351073640,"CategoryID":1637,"Preferred":0,"IcecatID":117350677,"ProductCode":"8X218AA","ThumbPic":"","ProductName":"Poly Blackwire 3315 -USB-C-monokuulokemikrofoni + 3,5 mm:n liitäntä + USB-C-/A-sovitin, Microsoft Teams -sertifioitu","Brand":"Poly","BrandID":30478,"ProductRelatedLocales":[{"ID":0,"Language":"FI","Preferred":0,"StartDate":"","EndDate":""}]},{"ID":366248905,"CategoryID":222,"Preferred":0,"IcecatID":117159355,"ProductCode":"8Y2K9AA","ThumbPic":"","ProductName":"Series 7 Pro 4K Thunderbolt 4 31,5\" -näyttö – 732pk","Brand":"HP","BrandID":1,"ProductRelatedLocales":[{"ID":0,"Language":"FI","Preferred":0,"StartDate":"","EndDate":""}]},{"ID":346177796,"CategoryID":222,"Preferred":0,"IcecatID":116693805,"ProductCode":"8X534AA","ThumbPic":"","ProductName":"Series 7 Pro WUXGA 24” -näyttö – 724pn","Brand":"HP","BrandID":1,"ProductRelatedLocales":[{"ID":0,"Language":"FI","Preferred":0,"StartDate":"","EndDate":""}]},{"ID":366249027,"CategoryID":1637,"Preferred":0,"IcecatID":116469111,"ProductCode":"80R97AA","ThumbPic":"","ProductName":"Poly Blackwire 5220 -USB-A-stereokuulokemikrofoni","Brand":"Poly","BrandID":30478,"ProductRelatedLocales":[{"ID":0,"Language":"FI","Preferred":0,"StartDate":"","EndDate":""}]},{"ID":366248965,"CategoryID":1637,"Preferred":0,"IcecatID":115462092,"ProductCode":"8G7T8AA","ThumbPic":"","ProductName":"Poly Voyager Surround 85 UC -USB-C-kuulokemikrofoni + USB-C-/A-sovitin + latausteline, Microsoft Teams -sertifioitu","Brand":"Poly","BrandID":30478,"ProductRelatedLocales":[{"ID":0,"Language":"FI","Preferred":0,"StartDate":"","EndDate":""}]},{"ID":366248937,"CategoryID":1637,"Preferred":0,"IcecatID":114027535,"ProductCode":"80S11A6","ThumbPic":"","ProductName":"Poly Blackwire 3225 -USB-A-stereokuulokemikrofoni (tukkupakkaus)","Brand":"Poly","BrandID":30478,"ProductRelatedLocales":[{"ID":0,"Language":"FI","Preferred":0,"StartDate":"","EndDate":""}]},{"ID":366248847,"CategoryID":1637,"Preferred":0,"IcecatID":114027520,"ProductCode":"80S02AA","ThumbPic":"","ProductName":"Poly Blackwire 3220 -USB-A-stereokuulokemikrofoni","Brand":"Poly","BrandID":30478,"ProductRelatedLocales":[{"ID":0,"Language":"FI","Preferred":0,"StartDate":"","EndDate":""}]},{"ID":366248982,"CategoryID":1637,"Preferred":0,"IcecatID":114027517,"ProductCode":"80S01AA","ThumbPic":"","ProductName":"Poly Blackwire 3210 -USB-A-monokuulokemikrofoni","Brand":"Poly","BrandID":30478,"ProductRelatedLocales":[{"ID":0,"Language":"FI","Preferred":0,"StartDate":"","EndDate":""}]},{"ID":363021224,"CategoryID":935,"Preferred":0,"IcecatID":113848291,"ProductCode":"85X02AA","ThumbPic":"","ProductName":"Poly Trio C60 -laajennusmikrofonit","Brand":"Poly","BrandID":30478,"ProductRelatedLocales":[{"ID":0,"Language":"FI","Preferred":0,"StartDate":"","EndDate":""}]},{"ID":366248960,"CategoryID":1637,"Preferred":0,"IcecatID":113848202,"ProductCode":"8G7U0AA","ThumbPic":"","ProductName":"Poly Voyager Surround 80 UC -USB-C-kuulokemikrofoni + USB-C-/A-sovitin, Microsoft Teams -sertifioitu","Brand":"Poly","BrandID":30478,"ProductRelatedLocales":[{"ID":0,"Language":"FI","Preferred":0,"StartDate":"","EndDate":""}]},{"ID":364725064,"CategoryID":1869,"Preferred":0,"IcecatID":112773845,"ProductCode":"860T9AA","ThumbPic":"","ProductName":"25GbE SFP28 LC Fiber Optic Transceiver","Brand":"HP","BrandID":1,"ProductRelatedLocales":[{"ID":0,"Language":"FI","Preferred":0,"StartDate":"","EndDate":""}]},{"ID":363021156,"CategoryID":222,"Preferred":0,"IcecatID":108676205,"ProductCode":"6N4D6A5","ThumbPic":"","ProductName":"E32k G5 4K USB-C -näyttö – ei PVC-muovia","Brand":"HP","BrandID":1,"ProductRelatedLocales":[{"ID":0,"Language":"FI","Preferred":0,"StartDate":"","EndDate":""}]},{"ID":364725051,"CategoryID":222,"Preferred":0,"IcecatID":108676121,"ProductCode":"6N4C1E9","ThumbPic":"","ProductName":"E45c G5 DQHD kaareva näyttö","Brand":"HP","BrandID":1,"ProductRelatedLocales":[{"ID":0,"Language":"FI","Preferred":0,"StartDate":"","EndDate":""}]},{"ID":366248678,"CategoryID":1637,"Preferred":0,"IcecatID":101995136,"ProductCode":"77Z31AA","ThumbPic":"","ProductName":"Poly Voyager 4320 -USB-C-kuulokemikrofoni + BT700-sovitin + latausteline","Brand":"Poly","BrandID":30478,"ProductRelatedLocales":[{"ID":0,"Language":"FI","Preferred":0,"StartDate":"","EndDate":""}]},{"ID":366248987,"CategoryID":1637,"Preferred":0,"IcecatID":101946435,"ProductCode":"77Y95AA","ThumbPic":"","ProductName":"Poly Voyager 4310 -USB-C-kuulokemikrofoni + BT700-sovitin, Microsoft Teams -sertifioitu","Brand":"Poly","BrandID":30478,"ProductRelatedLocales":[{"ID":0,"Language":"FI","Preferred":0,"StartDate":"","EndDate":""}]},{"ID":366249042,"CategoryID":1637,"Preferred":0,"IcecatID":101946433,"ProductCode":"77Y91AA","ThumbPic":"","ProductName":"Poly Voyager 4310 -USB-A-kuulokemikrofoni + BT700-sovitin, Microsoft Teams -sertifioitu","Brand":"Poly","BrandID":30478,"ProductRelatedLocales":[{"ID":0,"Language":"FI","Preferred":0,"StartDate":"","EndDate":""}]},{"ID":366248867,"CategoryID":1637,"Preferred":0,"IcecatID":101946344,"ProductCode":"76U49AA","ThumbPic":"","ProductName":"Poly Voyager 4320 -USB-A-kuulokemikrofoni + BT700-sovitin","Brand":"Poly","BrandID":30478,"ProductRelatedLocales":[{"ID":0,"Language":"FI","Preferred":0,"StartDate":"","EndDate":""}]},{"ID":366249011,"CategoryID":1637,"Preferred":0,"IcecatID":101946322,"ProductCode":"767F9AA","ThumbPic":"","ProductName":"Poly EncorePro 320 -USB-C-stereokuulokemikrofoni TAA","Brand":"Poly","BrandID":30478,"ProductRelatedLocales":[{"ID":0,"Language":"FI","Preferred":0,"StartDate":"","EndDate":""}]},{"ID":366248922,"CategoryID":222,"Preferred":0,"IcecatID":99954265,"ProductCode":"64W41AA","ThumbPic":"","ProductName":"P27h G5 Full HD -näyttö","Brand":"HP","BrandID":1,"ProductRelatedLocales":[{"ID":0,"Language":"FI","Preferred":0,"StartDate":"","EndDate":""}]},{"ID":366248879,"CategoryID":222,"Preferred":0,"IcecatID":99954206,"ProductCode":"64W34AA","ThumbPic":"","ProductName":"P24h G5 Full HD -näyttö","Brand":"HP","BrandID":1,"ProductRelatedLocales":[{"ID":0,"Language":"FI","Preferred":0,"StartDate":"","EndDate":""}]},{"ID":363021238,"CategoryID":911,"Preferred":0,"IcecatID":96870886,"ProductCode":"4M9Y0AA","ThumbPic":"","ProductName":"16 Gt DDR5 (1×16 Gt) 4800 UDIMM NECC -muistia","Brand":"HP","BrandID":1,"ProductRelatedLocales":[{"ID":0,"Language":"FI","Preferred":0,"StartDate":"","EndDate":""}]},{"ID":366248972,"CategoryID":911,"Preferred":0,"IcecatID":96870885,"ProductCode":"4M9Y1AA","ThumbPic":"","ProductName":"16 Gt DDR5 (1×16 Gt) 4800 UDIMM ECC -muistia","Brand":"HP","BrandID":1,"ProductRelatedLocales":[{"ID":0,"Language":"FI","Preferred":0,"StartDate":"","EndDate":""}]},{"ID":345440263,"CategoryID":222,"Preferred":0,"IcecatID":95839324,"ProductCode":"40Z29AS","ThumbPic":"","ProductName":"E27m G4","Brand":"HP","BrandID":1,"ProductRelatedLocales":[{"ID":0,"Language":"FI","Preferred":0,"StartDate":"","EndDate":""}]},{"ID":331803177,"CategoryID":175,"Preferred":0,"IcecatID":93461915,"ProductCode":"436M8AA","ThumbPic":"","ProductName":"NVIDIA Mellanox ConnectX-6 LX Dual Port 25GbE SFP28 NIC","Brand":"HP","BrandID":1,"ProductRelatedLocales":[{"ID":0,"Language":"FI","Preferred":0,"StartDate":"","EndDate":""}]},{"ID":366248855,"CategoryID":222,"Preferred":0,"IcecatID":79556762,"ProductCode":"9VJ40AA","ThumbPic":"","ProductName":"E24i G4 WUXGA -näyttö","Brand":"HP","BrandID":1,"ProductRelatedLocales":[{"ID":0,"Language":"FI","Preferred":0,"StartDate":"","EndDate":""}]},{"ID":366248760,"CategoryID":194,"Preferred":0,"IcecatID":79206275,"ProductCode":"9SR37AA","ThumbPic":"","ProductName":"Wired Desktop 320K -näppäimistö","Brand":"HP","BrandID":1,"ProductRelatedLocales":[{"ID":0,"Language":"FI","Preferred":0,"StartDate":"","EndDate":""}]},{"ID":366248993,"CategoryID":2939,"Preferred":0,"IcecatID":59976346,"ProductCode":"4SH06AA","ThumbPic":"","ProductName":"USB-C to VGA Adapter","Brand":"HP","BrandID":1,"ProductRelatedLocales":[{"ID":0,"Language":"FI","Preferred":0,"StartDate":"","EndDate":""}]},{"ID":366249016,"CategoryID":977,"Preferred":0,"IcecatID":57430581,"ProductCode":"3XJ17AA","ThumbPic":"","ProductName":"Business PC Security Lock v3 -lukkosarja","Brand":"HP","BrandID":1,"ProductRelatedLocales":[{"ID":0,"Language":"FI","Preferred":0,"StartDate":"","EndDate":""}]},{"ID":359579627,"CategoryID":175,"Preferred":0,"IcecatID":29242930,"ProductCode":"N1M40AA","ThumbPic":"","ProductName":"PCIe x1 Parallel Port Card","Brand":"HP","BrandID":1,"ProductRelatedLocales":[{"ID":0,"Language":"FI","Preferred":0,"StartDate":"","EndDate":""}]}],"CatalogObjectCloud":{},"Variants":[{"VariantID":"1468103","VariantIdentifiers":[{"Identifier Type":"GTIN13","Value":"0198990365985","IsApproved":true},{"Identifier Type":"GTIN13","Value":"198990365985","IsApproved":true},{"Identifier Type":"BrandProductCode","Value":"A40KVET#UUW"}],"VariantFeatures":[{"VariantFeature SpecID":"42499","Value":"Norwegian,Swedish,Finnish,Danish"}],"VariantImages":[],"VariantMultimedia":[],"VariantDescriptions":"HP Z2 G9 TWR i914900K 64GB/1TB PC"}],"ProductStory":[],"Dictionary":{"model_name":"Tuotenimi","desc":"Kuvaus","ean_code":"EAN/UPC-koodi","flash360":"3D-esittely","demo_msg_part3":"Jos sinulla ei ole Icecat-k&auml;ytt&auml;j&auml;tili&auml;, ole hyv&auml; ja rekister&ouml;idy maksutta t&auml;&auml;lt&auml;.","repairability_index":"Repairability index","zoom_panel_init":"Alkuper&auml;inen koko","cat_name":"Ryhm&auml;","product_family":"Tuoteperhe","back_to_top":"Takaisin yl&ouml;s","zoom_panel_out":"Loitonna","specs":"Tekniset tiedot","eu_product_fiche":"EU-tuoteseloste","reviews_head_name":"Arvostelut","pdf_specs":"Tuote-esite","zoom_panel_in":"L&auml;henn&auml;","html_content":"","release_date":"Julkaisup&auml;iv&auml;","demo_msg_part1":"K&auml;yt&auml;t t&auml;ll&auml; hetkell&auml; demo-k&auml;ytt&auml;j&auml;tili&auml;. Ole hyv&auml; ja k&auml;yt&auml; omaa Icecat-k&auml;ytt&auml;j&auml;tili&auml;si.","demo_insert_desc":"This is a demo of a seamless insert of an Icecat LIVE product data-sheet in your website. Imagine that this responsive data-sheet is included in the product page of your webshop.","pdf_url":"K&auml;ytt&ouml;opas","prod_code":"Tuotekoodi","supplier_name":"Tuotemerkki","video":"Video","reasons_to_buy":"Syitä ostaa","marketing_text":"Kuvaus","options_head_name":"Vaihtoehdot","product_series":"Tuotesarja","demo_msg_part2":"Icecat k&auml;ytt&auml;j&auml;tunnuksesi","link_integrate_desk":"Kuinka integroida Icecat LIVE JavaScript.","zoom_panel_dragg":"Hiirell&auml; vet&auml;minen","eu_energy_label":"EU-energiamerkintä"},"DemoAccount":false}}