{"msg":"OK","data":{"GeneralInfo":{"IcecatId":134703621,"ReleaseDate":"","EndOfLifeDate":"","Title":"Interflora Dahlia Mix Bouquet Syntymäpäivä","TitleInfo":{"GeneratedIntTitle":"Interflora Dahlia Mix Bouquet","GeneratedLocalTitle":{"Value":"Interflora Dahlia Mix Bouquet Syntymäpäivä","Language":"FI"},"BrandLocalTitle":{"Value":"","Language":"FI"}},"Brand":"Interflora","BrandID":"43646","BrandLogo":"","BrandInfo":{"BrandName":"Interflora","BrandLocalName":"","BrandLogo":""},"ProductName":"Dahlia Mix Bouquet","ProductNameInfo":{"ProductIntName":"Dahlia Mix Bouquet","ProductLocalName":{"Value":"","Language":"FI"}},"BrandPartCode":"ACDHT0100","GTIN":[],"Category":{"CategoryID":"4796","Name":{"Value":"Tuoreet sekakukkakimput","Language":"FI"}},"ProductFamily":{},"ProductSeries":{"SeriesID":"1"},"Description":{},"SummaryDescription":{"ShortSummaryDescription":"Interflora Dahlia Mix Bouquet, Sekalainen leikkokukkakimppu, Oranssi, Vaaleanpunainen, Punainen, Keltainen, Syntymäpäivä, 7 päivää","LongSummaryDescription":"Interflora Dahlia Mix Bouquet. Tuotetyyppi: Sekalainen leikkokukkakimppu, Tuotteen väri: Oranssi, Vaaleanpunainen, Punainen, Keltainen, Tilaisuus: Syntymäpäivä"},"BulletPoints":{},"GeneratedBulletPoints":{},"GTINs":[]},"Image":{"HighPic":"https://inishop.com/img/gallery/6b1bd40caf9fe7060f6fd99d052e8f269c3a048d.jpg","HighPicSize":"519650","HighPicHeight":"960","HighPicWidth":"960","LowPic":"https://inishop.com/img/gallery_lows/15588cd5c4341a256ddfff7ecfb60fff39f4c388.jpg","LowPicSize":"57950","LowPicHeight":"200","LowPicWidth":"200","Pic500x500":"https://inishop.com/img/gallery_mediums/f3e3564a1666be4b988f0751d7ea13a2cec8066e.jpg","Pic500x500Size":"255080","Pic500x500Height":"500","Pic500x500Width":"500","ThumbPic":"https://inishop.com/img/gallery_thumbs/648f736f579f3aeb0dc800c40ea01f22841da057.jpg","ThumbPicSize":"11462"},"Multimedia":[],"Gallery":[{"ID":"117095474","LowPic":"https://inishop.com/img/gallery_lows/15588cd5c4341a256ddfff7ecfb60fff39f4c388.jpg","LowSize":"57950","LowHeight":"200","LowWidth":"200","ThumbPic":"https://inishop.com/img/gallery_thumbs/648f736f579f3aeb0dc800c40ea01f22841da057.jpg","ThumbPicSize":"11462","Pic":"https://inishop.com/img/gallery/6b1bd40caf9fe7060f6fd99d052e8f269c3a048d.jpg","Size":"519650","PicHeight":"960","PicWidth":"960","Pic500x500":"https://inishop.com/img/gallery_mediums/f3e3564a1666be4b988f0751d7ea13a2cec8066e.jpg","Pic500x500Size":"255080","Pic500x500Height":"500","Pic500x500Width":"500","No":"1","IsMain":"Y","Updated":"2025-09-09 10:54:46","IsPrivate":"0","Type":"ProductImage","Attributes":{"OriginalFileName":""}},{"ID":"117095482","LowPic":"https://inishop.com/img/gallery_lows/60986b22e8205964f5b30cd2ee762adb94a9d2de.jpg","LowSize":"73611","LowHeight":"200","LowWidth":"200","ThumbPic":"https://inishop.com/img/gallery_thumbs/8d04d864fa2c59017b75a98347a1bb226c97bfee.jpg","ThumbPicSize":"13384","Pic":"https://inishop.com/img/gallery/9d06129831ad3454e3c692efc2439be8350f2479.jpg","Size":"638749","PicHeight":"960","PicWidth":"960","Pic500x500":"https://inishop.com/img/gallery_mediums/9ff70aad84f9e61ba9834b6ff495dc097f96a581.jpg","Pic500x500Size":"327062","Pic500x500Height":"500","Pic500x500Width":"500","No":"2","IsMain":"N","Updated":"2025-09-09 10:54:57","IsPrivate":"0","Type":"ProductDetailImage","Attributes":{"OriginalFileName":""}},{"ID":"117095483","LowPic":"https://inishop.com/img/gallery_lows/0a05c593b659ab5163ef9a50cfea7fc38fa2c4e7.jpg","LowSize":"50010","LowHeight":"200","LowWidth":"200","ThumbPic":"https://inishop.com/img/gallery_thumbs/3d9fc90853deeefbf4dbc9512966636061c89ecf.jpg","ThumbPicSize":"10240","Pic":"https://inishop.com/img/gallery/17018deac365e75749f3f79899531ccf8d4ee32e.jpg","Size":"388339","PicHeight":"960","PicWidth":"960","Pic500x500":"https://inishop.com/img/gallery_mediums/66605818730b652dfcaca5801cc97864a6677ac0.jpg","Pic500x500Size":"209903","Pic500x500Height":"500","Pic500x500Width":"500","No":"3","IsMain":"N","Updated":"2025-09-09 10:55:03","IsPrivate":"0","Type":"LifestyleImage","Attributes":{"OriginalFileName":""}},{"ID":"117095485","LowPic":"https://inishop.com/img/gallery_lows/e5d0e96841ce82262bce9849a906fee1f8cd6f69.jpg","LowSize":"59859","LowHeight":"200","LowWidth":"200","ThumbPic":"https://inishop.com/img/gallery_thumbs/513f97da2b04c1220066ed3777aac2018d5c911b.jpg","ThumbPicSize":"11576","Pic":"https://inishop.com/img/gallery/602a203fbb7e38e81141c89fe105362527b99222.jpg","Size":"588624","PicHeight":"960","PicWidth":"960","Pic500x500":"https://inishop.com/img/gallery_mediums/8cceb63ab19bccc6ac087a2ce61c7e014a95373a.jpg","Pic500x500Size":"277348","Pic500x500Height":"500","Pic500x500Width":"500","No":"4","IsMain":"N","Updated":"2025-09-09 10:55:11","IsPrivate":"0","Type":"LifestyleImage","Attributes":{"OriginalFileName":""}}],"FeaturesGroups":[{"ID":24776,"SortNo":"50","FeatureGroup":{"ID":"185","Name":{"Value":"Ominaisuudet","Language":"FI"}},"Features":[{"Localized":0,"ID":835243820,"LocalID":0,"Type":"dropdown","Value":"Fresh cut mixed bouquet","CategoryFeatureId":"935697","CategoryFeatureGroupID":"24776","SortNo":"500","PresentationValue":"Sekalainen leikkokukkakimppu","RawValue":"Fresh cut mixed bouquet","LocalValue":"Sekalainen leikkokukkakimppu","Description":"The sub-category of the product.","Mandatory":"1","Searchable":"1","Optional":"0","Feature":{"ID":"14052","Sign":"","Measure":{"ID":"29","Sign":"","Signs":{"ID":"","_":"","Language":"FI"}},"Name":{"Value":"Tuotetyyppi","Language":"FI"}}},{"Localized":0,"ID":835243819,"LocalID":0,"Type":"multi_dropdown","Value":"Orange,Pink,Red,Yellow","CategoryFeatureId":"945016","CategoryFeatureGroupID":"24776","SortNo":"300","PresentationValue":"Oranssi, Vaaleanpunainen, Punainen, Keltainen","RawValue":"Orange,Pink,Red,Yellow","LocalValue":"Oranssi, Vaaleanpunainen, Punainen, Keltainen","Description":"The colour e.g. red","Mandatory":"0","Searchable":"0","Optional":"0","Feature":{"ID":"1766","Sign":"","Measure":{"ID":"29","Sign":"","Signs":{"ID":"","_":"","Language":"FI"}},"Name":{"Value":"Tuotteen väri","Language":"FI"}}},{"Localized":0,"ID":835243822,"LocalID":0,"Type":"dropdown","Value":"Birthday","CategoryFeatureId":"221114","CategoryFeatureGroupID":"24776","SortNo":"250","PresentationValue":"Syntymäpäivä","RawValue":"Birthday","LocalValue":"Syntymäpäivä","Description":"","Mandatory":"0","Searchable":"0","Optional":"0","Feature":{"ID":"29202","Sign":"","Measure":{"ID":"29","Sign":"","Signs":{"ID":"","_":"","Language":"FI"}},"Name":{"Value":"Tilaisuus","Language":"FI"}}},{"Localized":0,"ID":835243821,"LocalID":0,"Type":"numerical","Value":"7","CategoryFeatureId":"221116","CategoryFeatureGroupID":"24776","SortNo":"0","PresentationValue":"7 päivää","RawValue":"7","LocalValue":"7","Description":"","Mandatory":"0","Searchable":"0","Optional":"0","Feature":{"ID":"19213","Sign":"","Measure":{"ID":"49","Sign":"","Signs":{"ID":"13837","_":"päivää","Language":"FI"}},"Name":{"Value":"Elinaika","Language":"FI"}}}]}],"FeatureLogos":[],"ReasonsToBuy":[],"Reviews":[],"ProductRelated":[],"CatalogObjectCloud":{},"Variants":[],"ProductStory":[],"Dictionary":{"model_name":"Tuotenimi","desc":"Kuvaus","ean_code":"EAN/UPC-koodi","flash360":"3D-esittely","demo_msg_part3":"Jos sinulla ei ole Icecat-k&auml;ytt&auml;j&auml;tili&auml;, ole hyv&auml; ja rekister&ouml;idy maksutta t&auml;&auml;lt&auml;.","repairability_index":"Repairability index","zoom_panel_init":"Alkuper&auml;inen koko","cat_name":"Ryhm&auml;","product_family":"Tuoteperhe","back_to_top":"Takaisin yl&ouml;s","zoom_panel_out":"Loitonna","specs":"Tekniset tiedot","eu_product_fiche":"EU-tuoteseloste","reviews_head_name":"Arvostelut","pdf_specs":"Tuote-esite","zoom_panel_in":"L&auml;henn&auml;","html_content":"","release_date":"Julkaisup&auml;iv&auml;","demo_msg_part1":"K&auml;yt&auml;t t&auml;ll&auml; hetkell&auml; demo-k&auml;ytt&auml;j&auml;tili&auml;. Ole hyv&auml; ja k&auml;yt&auml; omaa Icecat-k&auml;ytt&auml;j&auml;tili&auml;si.","demo_insert_desc":"This is a demo of a seamless insert of an Icecat LIVE product data-sheet in your website. Imagine that this responsive data-sheet is included in the product page of your webshop.","pdf_url":"K&auml;ytt&ouml;opas","prod_code":"Tuotekoodi","supplier_name":"Tuotemerkki","video":"Video","reasons_to_buy":"Syitä ostaa","marketing_text":"Kuvaus","options_head_name":"Vaihtoehdot","product_series":"Tuotesarja","demo_msg_part2":"Icecat k&auml;ytt&auml;j&auml;tunnuksesi","link_integrate_desk":"Kuinka integroida Icecat LIVE JavaScript.","zoom_panel_dragg":"Hiirell&auml; vet&auml;minen","eu_energy_label":"EU-energiamerkintä"},"DemoAccount":false}}