{"msg":"OK","data":{"GeneralInfo":{"IcecatId":99497899,"ReleaseDate":"","EndOfLifeDate":"","Title":"Maybelline Superstay Vinyl Ink Witty 4.2ml","TitleInfo":{"GeneratedIntTitle":"Maybelline Superstay Vinyl Ink","GeneratedLocalTitle":{"Value":"Maybelline Superstay Vinyl Ink 4,2 ml LG Shine","Language":"FI"},"BrandLocalTitle":{"Value":"Maybelline Superstay Vinyl Ink Witty 4.2ml","Language":"FI"}},"Brand":"Maybelline","BrandID":"11077","BrandLogo":"https://inishop.com/img/brand/thumb/11077_d9173cc6239c4af2844267b70bed3ac8.jpg","BrandInfo":{"BrandName":"Maybelline","BrandLocalName":"","BrandLogo":"https://inishop.com/img/brand/thumb/11077_d9173cc6239c4af2844267b70bed3ac8.jpg"},"ProductName":"Superstay Vinyl Ink Witty 4.2ml","ProductNameInfo":{"ProductIntName":"Superstay Vinyl Ink","ProductLocalName":{"Value":"Superstay Vinyl Ink Witty 4.2ml","Language":"FI"}},"BrandPartCode":"B34213","GTIN":["0000030145542","000030145542","30145542"],"Category":{"CategoryID":"3005","Name":{"Value":"Huulipunat","Language":"FI"}},"ProductFamily":{},"ProductSeries":{"SeriesID":"0"},"Description":{"ID":"97388003","LongDesc":"Tutustu Super Stay Vinyl Ink Longwear Liquid Lipcolor -huulipunaan, joka antaa tahraamattoman, erittäin kiiltävän värin, joka kestää jopa 16 tuntia*. *Itsearviointi, 109 henkilöä. Ravista hylsyä ennen puhtaille, kuiville huulille levittämistä.<br><br>Super Stay Vinyl Ink -huulipuna piristää meikkiäsi pitkäkestoisesti.","LongProductName":"Superstay Vinyl Ink Witty 4.2ml","MiddleDesc":"","Disclaimer":"","ManualPDFURL":"","ManualPDFSize":"0","LeafletPDFURL":"","PDFSize":"0","URL":"https://www.maybelline.fi/kaikki-tuotteet/huulimeikki/huulivarit/super-stay-vinyl-ink-nestemainen-huulipuna?variant=Witty","WarrantyInfo":"","Updated":"2024-11-12 12:57:02","Language":"FI"},"SummaryDescription":{"ShortSummaryDescription":"Maybelline Superstay Vinyl Ink Witty 4.2ml, Ruusupuu, Witty, 1 väriä, Väritys, Naisten, LG Shine","LongSummaryDescription":"Maybelline Superstay Vinyl Ink Witty 4.2ml. Väriryhmä: Ruusupuu, Värin nimi: Witty, Värien määrä: 1 väriä. Volyymi: 4,2 ml. Sisältyvien tuotteiden lukumäärä: 1 kpl"},"BulletPoints":{},"GeneratedBulletPoints":{"Language":"FI","Values":["Ruusupuu 1 väriä","Pinnoitus: LG Shine","Aine: Nestemäinen","Huulipunan vaikutus: Väritys"]},"GTINs":[{"GTIN":"0000030145542","IsApproved":true},{"GTIN":"000030145542","IsApproved":true},{"GTIN":"30145542","IsApproved":true}]},"Image":{"HighPic":"https://inishop.com/img/gallery/99497899_8151092974.jpg","HighPicSize":"53000","HighPicHeight":"569","HighPicWidth":"380","LowPic":"https://inishop.com/img/gallery_lows/99497899_8151092974.jpg","LowPicSize":"16989","LowPicHeight":"200","LowPicWidth":"134","Pic500x500":"https://inishop.com/img/gallery_mediums/99497899_8151092974.jpg","Pic500x500Size":"66851","Pic500x500Height":"500","Pic500x500Width":"334","ThumbPic":"https://inishop.com/img/gallery_thumbs/99497899_8151092974.jpg","ThumbPicSize":"4604"},"Multimedia":[],"Gallery":[{"ID":"62756689","LowPic":"https://inishop.com/img/gallery_lows/99497899_8151092974.jpg","LowSize":"16989","LowHeight":"200","LowWidth":"134","ThumbPic":"https://inishop.com/img/gallery_thumbs/99497899_8151092974.jpg","ThumbPicSize":"4604","Pic":"https://inishop.com/img/gallery/99497899_8151092974.jpg","Size":"53000","PicHeight":"569","PicWidth":"380","Pic500x500":"https://inishop.com/img/gallery_mediums/99497899_8151092974.jpg","Pic500x500Size":"66851","Pic500x500Height":"500","Pic500x500Width":"334","No":"1","IsMain":"Y","Updated":"2022-05-04 08:45:56","IsPrivate":"0","Type":"ProductImage","Attributes":{"OriginalFileName":""}},{"ID":"62809817","LowPic":"https://inishop.com/img/gallery_lows/99497899_3424168931.jpg","LowSize":"9179","LowHeight":"200","LowWidth":"134","ThumbPic":"https://inishop.com/img/gallery_thumbs/99497899_3424168931.jpg","ThumbPicSize":"2797","Pic":"https://inishop.com/img/gallery/99497899_3424168931.jpg","Size":"32628","PicHeight":"569","PicWidth":"380","Pic500x500":"https://inishop.com/img/gallery_mediums/99497899_3424168931.jpg","Pic500x500Size":"34010","Pic500x500Height":"500","Pic500x500Width":"334","No":"2","IsMain":"N","Updated":"2022-05-06 08:42:30","IsPrivate":"0","Type":"ProductImage","Attributes":{"OriginalFileName":""}},{"ID":"62809818","LowPic":"https://inishop.com/img/gallery_lows/99497899_8061321988.jpg","LowSize":"25415","LowHeight":"200","LowWidth":"133","ThumbPic":"https://inishop.com/img/gallery_thumbs/99497899_8061321988.jpg","ThumbPicSize":"6416","Pic":"https://inishop.com/img/gallery/99497899_8061321988.jpg","Size":"227045","PicHeight":"1124","PicWidth":"750","Pic500x500":"https://inishop.com/img/gallery_mediums/99497899_8061321988.jpg","Pic500x500Size":"106810","Pic500x500Height":"500","Pic500x500Width":"334","No":"3","IsMain":"N","Updated":"2022-05-06 08:42:33","IsPrivate":"0","Type":"ProductImage","Attributes":{"OriginalFileName":""}},{"ID":"62809819","LowPic":"https://inishop.com/img/gallery_lows/99497881_1721489352.jpg","LowSize":"20542","LowHeight":"200","LowWidth":"133","ThumbPic":"https://inishop.com/img/gallery_thumbs/99497881_1721489352.jpg","ThumbPicSize":"5134","Pic":"https://inishop.com/img/gallery/99497881_1721489352.jpg","Size":"66206","PicHeight":"562","PicWidth":"375","Pic500x500":"https://inishop.com/img/gallery_mediums/99497881_1721489352.jpg","Pic500x500Size":"80326","Pic500x500Height":"500","Pic500x500Width":"334","No":"4","IsMain":"N","Updated":"2024-03-11 09:14:46","IsPrivate":"0","Type":"ProductImage","Attributes":{"OriginalFileName":""}},{"ID":"117083699","LowPic":"https://inishop.com/img/gallery_lows/f84698c94e70dd6ec3c088bcf272631bec75293a.jpg","LowSize":"21382","LowHeight":"200","LowWidth":"133","ThumbPic":"https://inishop.com/img/gallery_thumbs/022e45ccb5528d5262420dd1862a1b8a0248bb71.jpg","ThumbPicSize":"5818","Pic":"https://inishop.com/img/gallery/c3cbd0d331f71a30b13cb085fa64f66169fe0a58.jpg","Size":"70630","PicHeight":"562","PicWidth":"375","Pic500x500":"https://inishop.com/img/gallery_mediums/6010cf708bf6c5b3a6763a5fb2c51e1363c5a083.jpg","Pic500x500Size":"82019","Pic500x500Height":"500","Pic500x500Width":"334","No":"5","IsMain":"N","Updated":"2025-09-08 16:37:41","IsPrivate":"0","Type":"ProductImage","Attributes":{"OriginalFileName":""}}],"FeaturesGroups":[{"ID":12078,"SortNo":"100","FeatureGroup":{"ID":"185","Name":{"Value":"Ominaisuudet","Language":"FI"}},"Features":[{"Localized":0,"ID":475432128,"LocalID":0,"Type":"dropdown","Value":"Women","CategoryFeatureId":"145869","CategoryFeatureGroupID":"12078","SortNo":"10000095","PresentationValue":"Naisten","RawValue":"Women","LocalValue":"Naisten","Description":"Who can use the product","Mandatory":"0","Searchable":"0","Optional":"0","Feature":{"ID":"9202","Sign":"","Measure":{"ID":"29","Sign":"","Signs":{"ID":"","_":"","Language":"FI"}},"Name":{"Value":"Soveltuvuus","Language":"FI"}}},{"Localized":0,"ID":475638920,"LocalID":0,"Type":"dropdown","Value":"Rosewood","CategoryFeatureId":"105224","CategoryFeatureGroupID":"12078","SortNo":"60","PresentationValue":"Ruusupuu","RawValue":"Rosewood","LocalValue":"Ruusupuu","Description":"The broader definiton of the colour spectrum of the product, e.g. black or auburn.","Mandatory":"1","Searchable":"1","Optional":"0","Feature":{"ID":"17357","Sign":"","Measure":{"ID":"29","Sign":"","Signs":{"ID":"","_":"","Language":"FI"}},"Name":{"Value":"Väriryhmä","Language":"FI"}}},{"Localized":0,"ID":475638923,"LocalID":0,"Type":"text","Value":"Witty","CategoryFeatureId":"105226","CategoryFeatureGroupID":"12078","SortNo":"48","PresentationValue":"Witty","RawValue":"Witty","LocalValue":"Witty","Description":"","Mandatory":"1","Searchable":"0","Optional":"0","Feature":{"ID":"17956","Sign":"","Measure":{"ID":"29","Sign":"","Signs":{"ID":"","_":"","Language":"FI"}},"Name":{"Value":"Värin nimi","Language":"FI"}}},{"Localized":0,"ID":475638924,"LocalID":0,"Type":"numerical","Value":"1","CategoryFeatureId":"145622","CategoryFeatureGroupID":"12078","SortNo":"45","PresentationValue":"1 väriä","RawValue":"1","LocalValue":"1","Description":"","Mandatory":"1","Searchable":"0","Optional":"0","Feature":{"ID":"3530","Sign":"","Measure":{"ID":"375","Sign":"","Signs":{"ID":"33319","_":"väriä","Language":"FI"}},"Name":{"Value":"Värien määrä","Language":"FI"}}},{"Localized":0,"ID":475640466,"LocalID":0,"Type":"dropdown","Value":"Shine","CategoryFeatureId":"145871","CategoryFeatureGroupID":"12078","SortNo":"44","PresentationValue":"LG Shine","RawValue":"Shine","LocalValue":"LG Shine","Description":"","Mandatory":"0","Searchable":"0","Optional":"0","Feature":{"ID":"12230","Sign":"","Measure":{"ID":"29","Sign":"","Signs":{"ID":"","_":"","Language":"FI"}},"Name":{"Value":"Pinnoitus","Language":"FI"}}},{"Localized":0,"ID":475640468,"LocalID":0,"Type":"dropdown","Value":"Bottle","CategoryFeatureId":"326729","CategoryFeatureGroupID":"12078","SortNo":"44","PresentationValue":"Pullo","RawValue":"Bottle","LocalValue":"Pullo","Description":"The type of container from which the product can be dispensed, e.g. bag, tube etc.","Mandatory":"0","Searchable":"0","Optional":"0","Feature":{"ID":"17965","Sign":"","Measure":{"ID":"29","Sign":"","Signs":{"ID":"","_":"","Language":"FI"}},"Name":{"Value":"Annostelijan tyyppi","Language":"FI"}}},{"Localized":0,"ID":475640484,"LocalID":0,"Type":"dropdown","Value":"High","CategoryFeatureId":"692788","CategoryFeatureGroupID":"12078","SortNo":"44","PresentationValue":"Korkea","RawValue":"High","LocalValue":"Korkea","Description":"","Mandatory":"0","Searchable":"0","Optional":"0","Feature":{"ID":"42861","Sign":"","Measure":{"ID":"29","Sign":"","Signs":{"ID":"","_":"","Language":"FI"}},"Name":{"Value":"Peittävyysaste","Language":"FI"}}},{"Localized":0,"ID":475640486,"LocalID":0,"Type":"dropdown","Value":"Liquid","CategoryFeatureId":"161799","CategoryFeatureGroupID":"12078","SortNo":"40","PresentationValue":"Nestemäinen","RawValue":"Liquid","LocalValue":"Nestemäinen","Description":"Type of substance","Mandatory":"0","Searchable":"0","Optional":"0","Feature":{"ID":"5658","Sign":"","Measure":{"ID":"29","Sign":"","Signs":{"ID":"","_":"","Language":"FI"}},"Name":{"Value":"Aine","Language":"FI"}}},{"Localized":0,"ID":475640488,"LocalID":0,"Type":"multi_dropdown","Value":"Coloring","CategoryFeatureId":"145874","CategoryFeatureGroupID":"12078","SortNo":"37","PresentationValue":"Väritys","RawValue":"Coloring","LocalValue":"Väritys","Description":"","Mandatory":"1","Searchable":"0","Optional":"0","Feature":{"ID":"23716","Sign":"","Measure":{"ID":"29","Sign":"","Signs":{"ID":"","_":"","Language":"FI"}},"Name":{"Value":"Huulipunan vaikutus","Language":"FI"}}},{"Localized":0,"ID":835291124,"LocalID":0,"Type":"numerical","Value":"16","CategoryFeatureId":"146386","CategoryFeatureGroupID":"12078","SortNo":"29","PresentationValue":"16 h","RawValue":"16","LocalValue":"16","Description":"","Mandatory":"0","Searchable":"0","Optional":"0","Feature":{"ID":"19115","Sign":"","Measure":{"ID":"46","Sign":"","Signs":{"ID":"13834","_":"h","Language":"FI"}},"Name":{"Value":"Vaikutuksen kesto","Language":"FI"}}},{"Localized":0,"ID":475640509,"LocalID":0,"Type":"y_n","Value":"N","CategoryFeatureId":"105228","CategoryFeatureGroupID":"12078","SortNo":"25","PresentationValue":"Ei","RawValue":"N","LocalValue":"Ei","Description":"","Mandatory":"1","Searchable":"0","Optional":"0","Feature":{"ID":"17996","Sign":"","Measure":{"ID":"26","Sign":"","Signs":{"ID":"","_":"","Language":"FI"}},"Name":{"Value":"suojakerroin","Language":"FI"}}},{"Localized":0,"ID":475640940,"LocalID":0,"Type":"y_n","Value":"Y","CategoryFeatureId":"148582","CategoryFeatureGroupID":"12078","SortNo":"10","PresentationValue":"Kyllä","RawValue":"Y","LocalValue":"Kyllä","Description":"","Mandatory":"0","Searchable":"0","Optional":"0","Feature":{"ID":"22301","Sign":"","Measure":{"ID":"26","Sign":"","Signs":{"ID":"","_":"","Language":"FI"}},"Name":{"Value":"Ei tahmaa","Language":"FI"}}},{"Localized":0,"ID":475640512,"LocalID":0,"Type":"y_n","Value":"Y","CategoryFeatureId":"150298","CategoryFeatureGroupID":"12078","SortNo":"10","PresentationValue":"Kyllä","RawValue":"Y","LocalValue":"Kyllä","Description":"","Mandatory":"0","Searchable":"0","Optional":"0","Feature":{"ID":"18071","Sign":"","Measure":{"ID":"26","Sign":"","Signs":{"ID":"","_":"","Language":"FI"}},"Name":{"Value":"Pitkäkestoinen","Language":"FI"}}},{"Localized":0,"ID":475640516,"LocalID":0,"Type":"y_n","Value":"Y","CategoryFeatureId":"801661","CategoryFeatureGroupID":"12078","SortNo":"7","PresentationValue":"Kyllä","RawValue":"Y","LocalValue":"Kyllä","Description":"","Mandatory":"0","Searchable":"0","Optional":"0","Feature":{"ID":"41954","Sign":"","Measure":{"ID":"26","Sign":"","Signs":{"ID":"","_":"","Language":"FI"}},"Name":{"Value":"Siirron kestävä","Language":"FI"}}},{"Localized":0,"ID":475640518,"LocalID":0,"Type":"numerical","Value":"16","CategoryFeatureId":"109037","CategoryFeatureGroupID":"12078","SortNo":"0","PresentationValue":"16 h","RawValue":"16","LocalValue":"16","Description":"","Mandatory":"0","Searchable":"0","Optional":"0","Feature":{"ID":"17369","Sign":"","Measure":{"ID":"46","Sign":"","Signs":{"ID":"13834","_":"h","Language":"FI"}},"Name":{"Value":"Kestoaika","Language":"FI"}}},{"Localized":0,"ID":475640535,"LocalID":0,"Type":"textarea","Value":"Isododecane, Dimethicone, Trimethylsiloxysilicate, Polymethylsilsesquioxane/Trimethylsiloxysilicate, Polypropylsilsesquioxane, C30-45 Alkyldimethylsilyl Polypropylsilsesquioxane, Trimethylsiloxyphenyl Dimethicone, Trimethyl Pentaphenyl Trisiloxane, Bis-Stearyl Dimethicone, Dimethiconol, Trihydroxystearin, Phenoxyethanol, Alumina, Ethylhexylglycerin, Tocopheryl Acetate, Triethoxycaprylylsilane, Limonene, Isopropyl Palmitate, Isopropyl Myristate, Silica, Benzyl Benzoate, Benzyl Alcohol, Citronellol, Linalool, Aloe Barbadensis Leaf Extract, Tocopherol, Parfum / Fragrance [+/- May Contain: Ci 77891 / Titanium Dioxide, Ci 15850 / Red 7, Ci 77491, Ci 77492, Ci 77499 / Iron Oxides, Ci 45410 / Red 28 Lake, Ci 45380 / Red 22 Lake, Ci 15985 / Yellow 6 Lake, Ci 19140 / Yellow 5 Lake, Ci 17200 / Red 33 Lake, Ci 15850 / Red 6, Ci 77742 / Manganese Violet, Ci 42090 / Blue 1 Lake]. Fil T286301/1","CategoryFeatureId":"105238","CategoryFeatureGroupID":"12078","SortNo":"-80","PresentationValue":"Isododecane, Dimethicone, Trimethylsiloxysilicate, Polymethylsilsesquioxane/Trimethylsiloxysilicate, Polypropylsilsesquioxane, C30-45 Alkyldimethylsilyl Polypropylsilsesquioxane, Trimethylsiloxyphenyl Dimethicone, Trimethyl Pentaphenyl Trisiloxane, Bis-Stearyl Dimethicone, Dimethiconol, Trihydroxystearin, Phenoxyethanol, Alumina, Ethylhexylglycerin, Tocopheryl Acetate, Triethoxycaprylylsilane, Limonene, Isopropyl Palmitate, Isopropyl Myristate, Silica, Benzyl Benzoate, Benzyl Alcohol, Citronellol, Linalool, Aloe Barbadensis Leaf Extract, Tocopherol, Parfum / Fragrance [+/- May Contain: Ci 77891 / Titanium Dioxide, Ci 15850 / Red 7, Ci 77491, Ci 77492, Ci 77499 / Iron Oxides, Ci 45410 / Red 28 Lake, Ci 45380 / Red 22 Lake, Ci 15985 / Yellow 6 Lake, Ci 19140 / Yellow 5 Lake, Ci 17200 / Red 33 Lake, Ci 15850 / Red 6, Ci 77742 / Manganese Violet, Ci 42090 / Blue 1 Lake]. Fil T286301/1","RawValue":"Isododecane, Dimethicone, Trimethylsiloxysilicate, Polymethylsilsesquioxane/Trimethylsiloxysilicate, Polypropylsilsesquioxane, C30-45 Alkyldimethylsilyl Polypropylsilsesquioxane, Trimethylsiloxyphenyl Dimethicone, Trimethyl Pentaphenyl Trisiloxane, Bis-Stearyl Dimethicone, Dimethiconol, Trihydroxystearin, Phenoxyethanol, Alumina, Ethylhexylglycerin, Tocopheryl Acetate, Triethoxycaprylylsilane, Limonene, Isopropyl Palmitate, Isopropyl Myristate, Silica, Benzyl Benzoate, Benzyl Alcohol, Citronellol, Linalool, Aloe Barbadensis Leaf Extract, Tocopherol, Parfum / Fragrance [+/- May Contain: Ci 77891 / Titanium Dioxide, Ci 15850 / Red 7, Ci 77491, Ci 77492, Ci 77499 / Iron Oxides, Ci 45410 / Red 28 Lake, Ci 45380 / Red 22 Lake, Ci 15985 / Yellow 6 Lake, Ci 19140 / Yellow 5 Lake, Ci 17200 / Red 33 Lake, Ci 15850 / Red 6, Ci 77742 / Manganese Violet, Ci 42090 / Blue 1 Lake]. Fil T286301/1","LocalValue":"Isododecane, Dimethicone, Trimethylsiloxysilicate, Polymethylsilsesquioxane/Trimethylsiloxysilicate, Polypropylsilsesquioxane, C30-45 Alkyldimethylsilyl Polypropylsilsesquioxane, Trimethylsiloxyphenyl Dimethicone, Trimethyl Pentaphenyl Trisiloxane, Bis-Stearyl Dimethicone, Dimethiconol, Trihydroxystearin, Phenoxyethanol, Alumina, Ethylhexylglycerin, Tocopheryl Acetate, Triethoxycaprylylsilane, Limonene, Isopropyl Palmitate, Isopropyl Myristate, Silica, Benzyl Benzoate, Benzyl Alcohol, Citronellol, Linalool, Aloe Barbadensis Leaf Extract, Tocopherol, Parfum / Fragrance [+/- May Contain: Ci 77891 / Titanium Dioxide, Ci 15850 / Red 7, Ci 77491, Ci 77492, Ci 77499 / Iron Oxides, Ci 45410 / Red 28 Lake, Ci 45380 / Red 22 Lake, Ci 15985 / Yellow 6 Lake, Ci 19140 / Yellow 5 Lake, Ci 17200 / Red 33 Lake, Ci 15850 / Red 6, Ci 77742 / Manganese Violet, Ci 42090 / Blue 1 Lake]. Fil T286301/1","Description":"","Mandatory":"0","Searchable":"0","Optional":"0","Feature":{"ID":"16908","Sign":"","Measure":{"ID":"29","Sign":"","Signs":{"ID":"","_":"","Language":"FI"}},"Name":{"Value":"Ainesosat","Language":"FI"}}},{"Localized":1,"ID":0,"LocalID":551983571,"Type":"textarea","Value":"","CategoryFeatureId":"152452","CategoryFeatureGroupID":"12078","SortNo":"-150","PresentationValue":"Ravista hylsyä vähintään 5 sekuntia ennen levittämistä.\n\nTämän tuotteen käyttöön ei tarvita erityisiä varotoimia normaaleissa tai kohtuudella ennakoitavissa olevissa käyttöolosuhteissa.","RawValue":"","LocalValue":"Ravista hylsyä vähintään 5 sekuntia ennen levittämistä.\n\nTämän tuotteen käyttöön ei tarvita erityisiä varotoimia normaaleissa tai kohtuudella ennakoitavissa olevissa käyttöolosuhteissa.","Description":"","Mandatory":"0","Searchable":"0","Optional":"0","Feature":{"ID":"24555","Sign":"","Measure":{"ID":"29","Sign":"","Signs":{"ID":"","_":"","Language":"FI"}},"Name":{"Value":"Käyttö","Language":"FI"}}}]},{"ID":12077,"SortNo":"-10","FeatureGroup":{"ID":"14","Name":{"Value":"Paino ja mitat","Language":"FI"}},"Features":[{"Localized":0,"ID":475640540,"LocalID":0,"Type":"numerical","Value":"4.2","CategoryFeatureId":"113128","CategoryFeatureGroupID":"12077","SortNo":"100","PresentationValue":"4,2 ml","RawValue":"4.2","LocalValue":"4,2","Description":"The amount of space that a substance or object occupies or may contain.","Mandatory":"0","Searchable":"0","Optional":"0","Feature":{"ID":"5207","Sign":"","Measure":{"ID":"142","Sign":"","Signs":{"ID":"13925","_":"ml","Language":"FI"}},"Name":{"Value":"Volyymi","Language":"FI"}}}]},{"ID":15807,"SortNo":"-30","FeatureGroup":{"ID":"116","Name":{"Value":"Pakkauksen sisältö","Language":"FI"}},"Features":[{"Localized":0,"ID":475640537,"LocalID":0,"Type":"numerical","Value":"1","CategoryFeatureId":"105233","CategoryFeatureGroupID":"15807","SortNo":"-150","PresentationValue":"1 kpl","RawValue":"1","LocalValue":"1","Description":"The number of products that are included in the package.","Mandatory":"1","Searchable":"0","Optional":"0","Feature":{"ID":"5456","Sign":"","Measure":{"ID":"144","Sign":"","Signs":{"ID":"3770","_":"kpl","Language":"FI"}},"Name":{"Value":"Sisältyvien tuotteiden lukumäärä","Language":"FI"}}}]}],"FeatureLogos":[],"ReasonsToBuy":[],"Reviews":[],"ProductRelated":[],"CatalogObjectCloud":{},"Variants":[],"ProductStory":[],"Dictionary":{"model_name":"Tuotenimi","desc":"Kuvaus","ean_code":"EAN/UPC-koodi","flash360":"3D-esittely","demo_msg_part3":"Jos sinulla ei ole Icecat-k&auml;ytt&auml;j&auml;tili&auml;, ole hyv&auml; ja rekister&ouml;idy maksutta t&auml;&auml;lt&auml;.","repairability_index":"Repairability index","zoom_panel_init":"Alkuper&auml;inen koko","cat_name":"Ryhm&auml;","product_family":"Tuoteperhe","back_to_top":"Takaisin yl&ouml;s","zoom_panel_out":"Loitonna","specs":"Tekniset tiedot","eu_product_fiche":"EU-tuoteseloste","reviews_head_name":"Arvostelut","pdf_specs":"Tuote-esite","zoom_panel_in":"L&auml;henn&auml;","html_content":"","release_date":"Julkaisup&auml;iv&auml;","demo_msg_part1":"K&auml;yt&auml;t t&auml;ll&auml; hetkell&auml; demo-k&auml;ytt&auml;j&auml;tili&auml;. Ole hyv&auml; ja k&auml;yt&auml; omaa Icecat-k&auml;ytt&auml;j&auml;tili&auml;si.","demo_insert_desc":"This is a demo of a seamless insert of an Icecat LIVE product data-sheet in your website. Imagine that this responsive data-sheet is included in the product page of your webshop.","pdf_url":"K&auml;ytt&ouml;opas","prod_code":"Tuotekoodi","supplier_name":"Tuotemerkki","video":"Video","reasons_to_buy":"Syitä ostaa","marketing_text":"Kuvaus","options_head_name":"Vaihtoehdot","product_series":"Tuotesarja","demo_msg_part2":"Icecat k&auml;ytt&auml;j&auml;tunnuksesi","link_integrate_desk":"Kuinka integroida Icecat LIVE JavaScript.","zoom_panel_dragg":"Hiirell&auml; vet&auml;minen","eu_energy_label":"EU-energiamerkintä"},"DemoAccount":false}}