{"msg":"OK","data":{"GeneralInfo":{"IcecatId":133028274,"ReleaseDate":"13-08-2025","EndOfLifeDate":"30-09-2026","Title":"HP OMEN 16L Gaming Desktop TG03-0820no Intel® Core™ i5 i5-14400F 16 GB DDR5-SDRAM 512 GB SSD NVIDIA GeForce RTX 5060 Windows 11 Home Tower PC musta","TitleInfo":{"GeneratedIntTitle":"HP OMEN 16L Gaming Desktop TG03-0820no","GeneratedLocalTitle":{"Value":"HP OMEN 16L Gaming Desktop TG03-0820no Intel® Core™ i5 i5-14400F 16 GB DDR5-SDRAM 512 GB SSD NVIDIA GeForce RTX 5060 Windows 11 Home Tower PC musta","Language":"FI"},"BrandLocalTitle":{"Value":"","Language":"FI"}},"Brand":"HP","BrandID":"1","BrandLogo":"https://images.icecat.biz/img/brand/thumb/1_d30fcedad0114a21995254ed83bd0a5e.jpg","BrandInfo":{"BrandName":"HP","BrandLocalName":"","BrandLogo":"https://images.icecat.biz/img/brand/thumb/1_d30fcedad0114a21995254ed83bd0a5e.jpg"},"ProductName":"OMEN 16L Gaming Desktop TG03-0820no","ProductNameInfo":{"ProductIntName":"OMEN 16L Gaming Desktop TG03-0820no","ProductLocalName":{"Value":"","Language":"FI"}},"BrandPartCode":"C59K5EA","GTIN":["0199485882192","199485882192"],"Category":{"CategoryID":"153","Name":{"Value":"Tietokoneet/työasemat","Language":"FI"}},"ProductFamily":{"ProductFamilyID":"67439","Value":"OMEN","Language":"EN"},"ProductSeries":{"SeriesID":"8708","Value":"16L","Language":"EN"},"Description":{"ID":"102527605","LongDesc":"<b>Pelaamisen uusi aikakausi</b><br>Astu pelaamisen maailmaan OMEN 16L -tietokoneella. Intel-prosessorilla<sup>[1]</sup> ja tehokkaalla näytönohjaimella varustettu laite tarjoaa erinomaisen suorituskyvyn kompaktissa muodossa. Sopii erinomaisesti rentoutumiseen kiireisen päivän jälkeen tai pelaamiseen vapaa-aikana.","LongProductName":"OMEN 16L Gaming Desktop TG03-0820no PC, Windows 11 Home, Intel Core™ i5, 16Gt RAM, 512Gt SSD-asema, NVIDIA GeForce RTX™ 5060, Musta","MiddleDesc":"Rentoudu ja astu PC-pelaamisen maailmaan sulavalinjaisella ja kompaktisti muotoillulla OMEN 16L -tietokoneella, joka tarjoaa entistä paremman suorituskyvyn.","Disclaimer":"<sup>[1]</sup> Moniydintekniikka parantaa tiettyjen ohjelmistotuotteiden suorituskykyä. Kaikki asiakkaat tai ohjelmistosovellukset eivät välttämättä hyödy tämän tekniikan käytöstä. Suorituskyky ja kellotaajuus vaihtelevat sovellusten työkuorman sekä laitteisto- ja ohjelmistomääritysten mukaan. Intelin numerointi, tuotemerkit ja/tai nimet eivät ilmaise suorituskykyä.<br><sup>[2]</sup> Pakkaus/aaltopahvipehmuste on tehty kokonaan kestävän kehityksen hyväksyntämerkityistä ja kierrätetyistä kuiduista. Kuitupehmusteet on tehty kokonaan kierrätetystä puukuidusta ja orgaanisesta materiaalista. Kaikki muovipehmusteet on tehty yli 90-prosenttisesti kierrätetystä muovista. Tämä ei sisällä muovipusseja ja muovivaahtolevyjä.<br><sup>[3]</sup> Kierrätyspisteitä ei ole saatavilla kaikissa paikoissa.<br><sup>[4]</sup> Kierrätysmuovi on ilmaistu prosenttiosuutena muovin kokonaispainosta. Kierrätettyjen laitteiden jälkikäsittely perustuu EPEAT-standardin määritykseen tietokoneille (IEEE 1680.1-2018).<br><sup>[5]</sup> Kierrätysmetallin osuus on ilmaistu prosenttiosuutena metallin kokonaispainosta ISO 14021 -määritysten mukaan yli 25 grammaa painavien metalliosien osalta.<br><sup>[6]</sup> Kaikki ominaisuudet eivät ole käytettävissä kaikissa Windows-julkaisuissa tai -versioissa. Järjestelmät saattavat edellyttää laitteiston, ohjainten tai ohjelmiston päivitystä ja/tai hankintaa tai BIOS-päivitystä, jotta kaikkia Windowsin toimintoja voidaan hyödyntää. Windows päivitetään ja otetaan käyttöön automaattisesti Edellyttää nopeaa Internet-yhteyttä ja Microsoft-tiliä. Internet-palveluntarjoaja saattaa veloittaa maksun ja uusia vaatimuksia saattaa tulla ajan mittaan. Lisätietoja: http://www.windows.com.<br><sup>[7]</sup> Intel ja Core ovat Intel Corporationin tavaramerkkejä Yhdysvalloissa ja muissa maissa.<br><sup>[8]</sup> ©2025 NVIDIA Corporation. NVIDIA, NVIDIA-logo, GeForce ja GeForce RTX ovat NVIDIA Corporationin rekisteröityjä tavaramerkkejä ja/tai tavaramerkkejä Yhdysvalloissa ja muissa maissa. Kaikki muut tavaramerkit ja tekijänoikeudet ovat omistajiensa omaisuutta.<br><sup>[9]</sup> Korvalappustereolaitteiden pitkäaikainen kuuntelu liian suurella äänenvoimakkuudella voi vahingoittaa käyttäjän kuuloa. Kuulovahinkojen riskiä voi vähentää laskemalla äänenvoimakkuutta ja vähentämällä täydellä voimakkuudella tapahtuvaa kuuntelua.<br><sup>[10]</sup> Todelliset nopeudet saattavat vaihdella. USB Type-C ja USB-C ovat USB Implementers Forumin tavaramerkkejä.<br><sup>[11]</sup> Edellyttää langatonta tukiasemaa ja Internet-liittymää, jotka on hankittava erikseen. Julkisia langattomia tukiasemia on rajoitetusti saatavilla. Edellyttää 80 MHz:n kanavia tukevaa langatonta reititintä (hankittava erikseen). Wi-Fi 6 (802.11ax) on taaksepäin yhteensopiva aiempien Wi-Fi 802.11 -tekniikoiden kanssa. Wi-Fi 6 -verkon määritykset ovat luonnosvaiheessa, eivät lopullisia. Lopulliset määritykset voivat poiketa luonnostiedoista, mikä voi vaikuttaa kannettavan tietokoneen kykyyn viestiä muiden Wi-Fi 6 -laitteiden kanssa. Saatavilla vain maissa, joissa 802.11ax-tekniikkaa tuetaan.<br><sup>[12]</sup> PC Game Pass: Tilaus jatkuu automaattisesti normaaliin kuukausihintaan, ellei tilausta peruuteta. Sovellettavat ehdot: xbox.com/subscriptionterms. Tilaukseen liittyy tiettyjä ehtoja ja poikkeuksia. Pelivalikoima vaihtelee ajankohdan, alueen ja laitteen mukaan. Kaikki oikeudet pidätetään. Xbox.com/pcgamepass, ea.com/ea-play/terms. Kolmen kuukauden kokeiluversio lokakuun 2024 jälkeen ostetuille laitteille. Edellyttää Microsoft-tiliä. Tarjoukset ovat voimassa vain tietyillä alueilla. Luottokortti vaaditaan. Kampanjajakson jälkeen tilaus jatkuu automaattisesti silloiseen normaalihintaan (joka voi muuttua), ellei tilausta peruuteta, ja lisäksi veloitetaan sovellettavat verot. Katso lisätiedot tilauksen peruuttamisesta kohdasta xbox.com/cancel. Katso tarkemmat tiedot käyttöehdoista https://www.xbox.com/en-US/xbox-game-pass?msockid=3f8c879b624a6bb10ac4924e63d86a01<br>Teknisten eritelmien vastuuvapauslausekkeet:<br>25 Gt ilmaista Dropbox-tallennustilaa 12 kuukaudeksi rekisteröintipäivästä alkaen. Täydelliset tiedot ja käyttöehdot, mukaan lukien tilauksen peruutuskäytännöt, voi lukea Dropbox-verkkosivuilta osoitteessa https://www.dropbox.com/help/space/hp-promotion. Edellyttää Internet-yhteyttä, joka on hankittava erikseen.<br>Edellyttää verkkoyhteyttä, joka ei sisälly toimitukseen. McAfee on esiasennettu tietokoneeseen. Sen aktivointiin tarvitaan tili. Kokeiluajan päätyttyä tilaus pitää uusia. VPN-toiminto ei ole saatavana Intiassa, Kiinassa, Syyriassa eikä Pohjois-Koreassa. McAfee ei ole yhteensopiva Windows 11:n kanssa S-tilassa. Käyttöjärjestelmä on poistettava pysyvästi S-tilasta. S-tilasta poistumisesta ei veloiteta, mutta käyttöjärjestelmää ei voi sen jälkeen palauttaa S-tilaan.<br>Moniydintekniikka parantaa tiettyjen ohjelmistotuotteiden suorituskykyä. Kaikki asiakkaat tai ohjelmistosovellukset eivät välttämättä hyödy tämän tekniikan käytöstä. Suorituskyky ja kellotaajuus vaihtelevat sovellusten työkuorman sekä laitteisto- ja ohjelmistomääritysten mukaan. Intelin numerointi, tuotemerkit ja/tai nimet eivät ilmaise suorituskykyä.<br>Intel Turbo Boost -tekniikan suorituskyky vaihtelee laitteiston, ohjelmiston ja järjestelmän yleisten määritysten mukaan. Lisätietoja on osoitteessa http://www.intel.com/technology/turboboost.<br>Wi-Fi 6 tukee gigabitin siirtonopeutta, kun tiedostoja siirretään samaan reitittimeen liitettyjen laitteiden välillä. Edellyttää erikseen myytävää langatonta reititintä, joka tukee 80 MHz:n ja korkeamman taajuuden kanavia.<br>Edellyttää langatonta tukiasemaa ja Internet-liittymää, jotka on hankittava erikseen. Julkisia langattomia tukiasemia on rajoitetusti saatavilla. Wi-Fi 6™ on taaksepäin yhteensopiva aiempien Wi-Fi 802.11 -määritysten kanssa.<br>Wi-Fi 6 (802.11ax) ei ole tuettu Valko-Venäjällä, ja näissä maissa Wi-Fi-asetukset optimoidaan paikallisten viranomaisvaatimusten mukaan (802.11ac).<br>On aktivoitava 180 päivän kuluessa Windowsin aktivoinnista.<br>Tarjous saatavilla maailmanlaajuisesti (ei Kiinassa ja kauppasaarrossa olevissa maissa tai muissa maissa, jotka ovat rajoitettuja soveltuvan lain tai määräyksen nojalla) uusille ja nykyisille tilaajille iältään vähintään 18 vuotta. Napsauttamalla aloitusvalikossa Adobe-kuvaketta voit lunastaa kuukauden mittaisen maksuttoman kokeilujäsenyyden tiettyyn Adobe-ohjelmistoon. Ohjelmisto on laitekohtainen eikä sitä voi siirtää. Jos haluat tehdä kestotilauksen, voit antaa maksutietosi rekisteröitymisen yhteydessä. Mikäli lisäät maksutavan, tilaustasi jatketaan automaattisesti kyseisellä hetkellä voimassa olevaan hintaan, kunnes lopetat tilauksen. Jos lopetat tilauksen ennen kuukauden maksuttoman kokeilujakson loppua, siitä ei veloiteta. Voit lopettaa tilauksesi koska tahansa Adobe-tilisivullasi tai ottamalla yhteyttä asiakastukeen. Katso tähän tarjoukseen kuuluvien Adobe-tuotteiden nykyiset hinnat. Tarjous ei ole voimassa oppilaitos-, OEM- eikä määrälisenssiasiakkaille. Mikäli saatavissa vastaanottajan asuinpaikassa. Tarjoukseen saattaa liittyä lisäehtoja ja -edellytyksiä. MITÄTÖN ALUEILLA, JOILLA LAKI KIELTÄÄ TARJOUKSEN TAI RAJOITTAA SITÄ.<br>Perustuu Yhdysvaltain EPEAT-rekisteröintiin IEEE 1680.1-2018 EPEAT -standardin mukaan. EPEAT-rekisteröinti vaihtelee maittain. Lisätietoja on osoitteessa www.epeat.net.<br>Kuluttajilta kerätyn kierrätetyn muovin osuus vaihtelee tuotekohtaisesti. Kierrätetyn muoviraaka-aineen osuus perustuu IEEE 1680.1-2018 -standardin määritelmään.<br>Kierrätysmetalli on ilmoitettu prosenttiosuutena metallin kokonaispainosta ISO 14021 -standardien määritelmien mukaisesti yli 25 gramman painoisten metalliosien osalta.<br>Bluetooth 5.4 -toiminnon käyttö vaatii toimiakseen Microsoft OS- / Chrome OS -tuen. Jos Microsoft OS- / Chrome OS -tukea ei ole saatavilla, Bluetooth 5.4 toimii Bluetooth 5.3- tai alempana versiona.<br>Paino ja järjestelmän mitat voivat vaihdella kokoonpanon ja valmistuksen vaihteluista johtuen.<br>Näytöt myydään erikseen. Lisätietoja saa osoitteesta www.hp.com/eur/home-monitors","ManualPDFURL":"","ManualPDFSize":"0","LeafletPDFURL":"","PDFSize":"0","URL":"https://www8.hp.com","WarrantyInfo":"1 vuoden (1/1/0) rajoitettu takuu sisältää 1 vuoden takuun osille ja työlle. Ei korjausta asiakkaan luona. Ehdot ja edellytykset vaihtelevat maittain. Tietyt rajoitukset ja poikkeukset ovat voimassa.","Updated":"2025-07-23 07:59:24","Language":"FI"},"SummaryDescription":{"ShortSummaryDescription":"HP OMEN 16L Gaming Desktop TG03-0820no, Intel® Core™ i5, i5-14400F, 16 GB, DDR5-SDRAM, 512 GB, Windows 11 Home","LongSummaryDescription":"HP OMEN 16L Gaming Desktop TG03-0820no. Suoritinperhe: Intel® Core™ i5, Prosessorimalli: i5-14400F. Sisäinen muisti: 16 GB, Sisäisen muistin tyyppi: DDR5-SDRAM. Kokonaistallennuskapasiteetti: 512 GB, Tallennusmedia: SSD. Erillisen näytönohjaimen malli: NVIDIA GeForce RTX 5060. Wi-Fi. Käyttöjärjestelmä asennettu: Windows 11 Home. Virtalähde: 400 W. Alustatyyppi: Tower. Tuotetyyppi: PC. Paino: 5,57 kg. Tuotteen väri: musta"},"BulletPoints":{"BulletPointsId":"12612458","Language":"FI","Values":["Intel Core™ i5-14400F -prosessori (jopa 4,7 GHz Intel Turbo Boost -tekniikalla, 20 Mt L3-välimuistia, 10 ydintä, 16 säiettä)","Windows 11 Home","NVIDIA GeForce RTX™ 5060 (8 Gt:n GDDR7-erillismuisti)","16 Gt DDR5-4800 Mt/s (2 × 8 Gt), 512 Gt:n PCIe Gen4 NVMe™ M.2 -SSD-asema"],"Updated":"2025-07-18 14:21:44"},"GeneratedBulletPoints":{"Language":"FI","Values":["Pelaaminen PC musta 400 W","Intel® Core™ i5 i5-14400F Prosessorin ytimet: 10","16 GB DDR5-SDRAM 2 x 8 GB","512 GB SSD","NVIDIA GeForce RTX 5060 8 GB","Ethernet LAN 10,100,1000 Mbit/s Wi-Fi 6E (802.11ax) Bluetooth 5.4","Windows 11 Home"]},"GTINs":[{"GTIN":"0199485882192","IsApproved":true},{"GTIN":"199485882192","IsApproved":true}],"VirtualCategory":[{"VirtualCategoryID":"195","UNCATID":"43171895","Value":"PCs","Language":"EN"}]},"Image":{"HighPic":"https://images.icecat.biz/img/gallery/e895db837ccc7d1ee11e54ffa8db4c51ade69b8e.jpg","HighPicSize":"1446060","HighPicHeight":"2805","HighPicWidth":"3300","LowPic":"https://images.icecat.biz/img/gallery_lows/c5a3ddca4eaa2dbe1917caddfa95c92cd076f792.jpg","LowPicSize":"5830","LowPicHeight":"170","LowPicWidth":"200","Pic500x500":"https://images.icecat.biz/img/gallery_mediums/014d54720c12c0891c9c4130560f01598d318a24.jpg","Pic500x500Size":"38815","Pic500x500Height":"425","Pic500x500Width":"500","ThumbPic":"https://images.icecat.biz/img/gallery_thumbs/dd2316629c2dac96bb8417e73216e73fc355b924.jpg","ThumbPicSize":"1569"},"Multimedia":[{"ID":"A4065652-37EB-4729-B3FD-0C4C6D7B4922","URL":"https://live-html.icecat.biz/004c50856a0c91bbf18c857fae946988/index.html","Type":"ProductStory","ContentType":"application/zip","KeepAsUrl":"0","Description":"ProductStory","Size":"4719","IsPrivate":"0","Updated":"2025-09-09 21:51:14","Language":"FI","IsVideo":0},{"ID":"5C83E7A7-570A-4E46-A28D-0901B61CEBC6","URL":"https://objects.icecat.biz/objects/mmo_133028274_1757447467_2223_1625433.txt","Type":"ProductStory2.0","ContentType":"text/html","KeepAsUrl":"0","Description":"ProductStory2.0","Size":"15072","IsPrivate":"0","Updated":"2025-09-09 21:51:07","Language":"FI","IsVideo":0},{"ID":"00000000-0000-0000-0000-000000000000","URL":"https://icecat.biz/rest/product-pdf?productId=133028274&lang=fi","Type":"leaflet","ContentType":"application/pdf","KeepAsUrl":"0","Description":"Brochure HP C59K5EA","Size":"0","IsPrivate":"0","Updated":"2025-09-10 09:35:51","Language":"FI","IsVideo":0}],"Gallery":[{"ID":"113808909","LowPic":"https://images.icecat.biz/img/gallery_lows/c5a3ddca4eaa2dbe1917caddfa95c92cd076f792.jpg","LowSize":"5830","LowHeight":"170","LowWidth":"200","ThumbPic":"https://images.icecat.biz/img/gallery_thumbs/dd2316629c2dac96bb8417e73216e73fc355b924.jpg","ThumbPicSize":"1569","Pic":"https://images.icecat.biz/img/gallery/e895db837ccc7d1ee11e54ffa8db4c51ade69b8e.jpg","Size":"1446060","PicHeight":"2805","PicWidth":"3300","Pic500x500":"https://images.icecat.biz/img/gallery_mediums/014d54720c12c0891c9c4130560f01598d318a24.jpg","Pic500x500Size":"38815","Pic500x500Height":"425","Pic500x500Width":"500","No":"2","IsMain":"Y","Updated":"2025-08-15 16:50:04","IsPrivate":"0","Type":"ProductImage","Attributes":{"OriginalFileName":""}},{"ID":"113808910","LowPic":"https://images.icecat.biz/img/gallery_lows/d39ed2970489757be051b2739c90081a24479935.jpg","LowSize":"7187","LowHeight":"170","LowWidth":"200","ThumbPic":"https://images.icecat.biz/img/gallery_thumbs/c026eca7bd418541ccf0344afa3e6c75dd9bd9af.jpg","ThumbPicSize":"1877","Pic":"https://images.icecat.biz/img/gallery/de74f00e30c57a1a12ca364e7e95f67fc19e5dd2.jpg","Size":"2000938","PicHeight":"2805","PicWidth":"3300","Pic500x500":"https://images.icecat.biz/img/gallery_mediums/b0af41752781cfa66df5c0d49d52304c8f986a04.jpg","Pic500x500Size":"45738","Pic500x500Height":"425","Pic500x500Width":"500","No":"3","IsMain":"N","Updated":"2025-08-15 16:50:00","IsPrivate":"0","Type":"ProductImage","Attributes":{"OriginalFileName":""}},{"ID":"113808914","LowPic":"https://images.icecat.biz/img/gallery_lows/7dc4231dc6039249012da39c99dce484c8f84d47.jpg","LowSize":"7074","LowHeight":"170","LowWidth":"200","ThumbPic":"https://images.icecat.biz/img/gallery_thumbs/5919ab40243fff00b6ffc019c63e6b63058e83d1.jpg","ThumbPicSize":"1814","Pic":"https://images.icecat.biz/img/gallery/f2adc6257ea36816ee92a916282a985f59fc2103.jpg","Size":"2057480","PicHeight":"2805","PicWidth":"3300","Pic500x500":"https://images.icecat.biz/img/gallery_mediums/7a253840fbd29a1e970cf4790e7b9f5adff98f35.jpg","Pic500x500Size":"46881","Pic500x500Height":"425","Pic500x500Width":"500","No":"4","IsMain":"N","Updated":"2025-08-15 16:50:01","IsPrivate":"0","Type":"ProductImage","Attributes":{"OriginalFileName":""}},{"ID":"113808921","LowPic":"https://images.icecat.biz/img/gallery_lows/daed38abae69e28f0cd331102e85bb95ffa035dc.jpg","LowSize":"6176","LowHeight":"170","LowWidth":"200","ThumbPic":"https://images.icecat.biz/img/gallery_thumbs/d832f45746ba691ee7f11b7309abf60cb2c79b37.jpg","ThumbPicSize":"1826","Pic":"https://images.icecat.biz/img/gallery/4d54b27ffb3efda239d542c430c4ff757381be9c.jpg","Size":"2364137","PicHeight":"2805","PicWidth":"3300","Pic500x500":"https://images.icecat.biz/img/gallery_mediums/b4d63e34c2cec5fdb8d2e1f490c067aeb0c3c868.jpg","Pic500x500Size":"40407","Pic500x500Height":"425","Pic500x500Width":"500","No":"5","IsMain":"N","Updated":"2025-08-15 16:50:02","IsPrivate":"0","Type":"ProductImage","Attributes":{"OriginalFileName":""}},{"ID":"111195263","LowPic":"https://images.icecat.biz/img/gallery_lows/12c7c5327689bc2d2d6055526b0ff9c73c915dcb.jpg","LowSize":"42423","LowHeight":"133","LowWidth":"200","ThumbPic":"https://images.icecat.biz/img/gallery_thumbs/9b1555d508749735f5d1785825c0efe2162b25f1.jpg","ThumbPicSize":"9043","Pic":"https://images.icecat.biz/img/gallery/b816f7176d14d959945c57464907a36bcd224354.jpg","Size":"29940416","PicHeight":"5464","PicWidth":"8192","Pic500x500":"https://images.icecat.biz/img/gallery_mediums/472be5fae36069c7ddfaff2e6197971e2b70fe71.jpg","Pic500x500Size":"206868","Pic500x500Height":"333","Pic500x500Width":"500","No":"6","IsMain":"N","Updated":"2025-08-15 16:50:04","IsPrivate":"0","Type":"LifestyleImage","Attributes":{"OriginalFileName":"Multiple_view"}}],"FeaturesGroups":[{"ID":2,"SortNo":"100","FeatureGroup":{"ID":"1","Name":{"Value":"Prosessori","Language":"FI"}},"Features":[{"Localized":0,"ID":818117256,"LocalID":0,"Type":"dropdown","Value":"Intel","CategoryFeatureId":"3032","CategoryFeatureGroupID":"2","SortNo":"10100801","PresentationValue":"Intel","RawValue":"Intel","LocalValue":"Intel","Description":"The manufacturer that produced the processor.","Mandatory":"1","Searchable":"0","Optional":"0","Feature":{"ID":"1013","Sign":"","Measure":{"ID":"29","Sign":"","Signs":{"ID":"","_":"","Language":"FI"}},"Name":{"Value":"Suoritinvalmistaja","Language":"FI"}}},{"Localized":0,"ID":818117296,"LocalID":0,"Type":"dropdown","Value":"Intel Core i5","CategoryFeatureId":"11561","CategoryFeatureGroupID":"2","SortNo":"5300","PresentationValue":"Intel® Core™ i5","RawValue":"Intel Core i5","LocalValue":"Intel® Core™ i5","Description":"Prosessorisarja johon prosessori kuuluu.","Mandatory":"1","Searchable":"1","Optional":"0","Feature":{"ID":"2196","Sign":"","Measure":{"ID":"29","Sign":"","Signs":{"ID":"","_":"","Language":"FI"}},"Name":{"Value":"Suoritinperhe","Language":"FI"}}},{"Localized":0,"ID":826223057,"LocalID":0,"Type":"dropdown","Value":"Intel Core i5-14xxx","CategoryFeatureId":"893380","CategoryFeatureGroupID":"2","SortNo":"5300","PresentationValue":"Intel Core i5-14xxx","RawValue":"Intel Core i5-14xxx","LocalValue":"Intel Core i5-14xxx","Description":"","Mandatory":"0","Searchable":"0","Optional":"0","Feature":{"ID":"44870","Sign":"","Measure":{"ID":"29","Sign":"","Signs":{"ID":"","_":"","Language":"FI"}},"Name":{"Value":"Prosessorisukupolvi","Language":"FI"}}},{"Localized":0,"ID":818117860,"LocalID":0,"Type":"dropdown","Value":"i5-14400F","CategoryFeatureId":"62","CategoryFeatureGroupID":"2","SortNo":"5200","PresentationValue":"i5-14400F","RawValue":"i5-14400F","LocalValue":"i5-14400F","Description":"The model number for the processor in a computer.","Mandatory":"1","Searchable":"0","Optional":"0","Feature":{"ID":"47","Sign":"","Measure":{"ID":"29","Sign":"","Signs":{"ID":"","_":"","Language":"FI"}},"Name":{"Value":"Prosessorimalli","Language":"FI"}}},{"Localized":0,"ID":818117524,"LocalID":0,"Type":"numerical","Value":"10","CategoryFeatureId":"36486","CategoryFeatureGroupID":"2","SortNo":"220","PresentationValue":"10","RawValue":"10","LocalValue":"10","Description":"The number of central processing units ('cores') in a processor. Some processors have 1 core","Mandatory":"0","Searchable":"0","Optional":"0","Feature":{"ID":"6089","Sign":"","Measure":{"ID":"29","Sign":"","Signs":{"ID":"","_":"","Language":"FI"}},"Name":{"Value":"Prosessorin ytimet","Language":"FI"}}},{"Localized":0,"ID":818117374,"LocalID":0,"Type":"dropdown","Value":"16","CategoryFeatureId":"52263","CategoryFeatureGroupID":"2","SortNo":"215","PresentationValue":"16","RawValue":"16","LocalValue":"16","Description":"","Mandatory":"0","Searchable":"0","Optional":"0","Feature":{"ID":"7337","Sign":"","Measure":{"ID":"29","Sign":"","Signs":{"ID":"","_":"","Language":"FI"}},"Name":{"Value":"Prosessorin säikeet","Language":"FI"}}},{"Localized":0,"ID":818117331,"LocalID":0,"Type":"numerical","Value":"4.7","CategoryFeatureId":"52264","CategoryFeatureGroupID":"2","SortNo":"210","PresentationValue":"4,7 GHz","RawValue":"4.7","LocalValue":"4,7","Description":"Turbo-toiminto on prosessorin automaattinen, hallittu kiihdytys kun yksi ytimistä on ylikuormitettu.","Mandatory":"0","Searchable":"0","Optional":"0","Feature":{"ID":"7978","Sign":"","Measure":{"ID":"37","Sign":"","Signs":{"ID":"13825","_":"GHz","Language":"FI"}},"Name":{"Value":"Suorittimen boost-taajuus","Language":"FI"}}},{"Localized":0,"ID":826223059,"LocalID":0,"Type":"numerical","Value":"6","CategoryFeatureId":"895771","CategoryFeatureGroupID":"2","SortNo":"200","PresentationValue":"6","RawValue":"6","LocalValue":"6","Description":"","Mandatory":"0","Searchable":"0","Optional":"0","Feature":{"ID":"44522","Sign":"","Measure":{"ID":"29","Sign":"","Signs":{"ID":"","_":"","Language":"FI"}},"Name":{"Value":"Suorituskyky-ytimet","Language":"FI"}}},{"Localized":0,"ID":826223062,"LocalID":0,"Type":"numerical","Value":"4","CategoryFeatureId":"895770","CategoryFeatureGroupID":"2","SortNo":"195","PresentationValue":"4","RawValue":"4","LocalValue":"4","Description":"","Mandatory":"0","Searchable":"0","Optional":"0","Feature":{"ID":"44521","Sign":"","Measure":{"ID":"29","Sign":"","Signs":{"ID":"","_":"","Language":"FI"}},"Name":{"Value":"Tehokkuusytimet","Language":"FI"}}},{"Localized":0,"ID":826223070,"LocalID":0,"Type":"numerical","Value":"4.7","CategoryFeatureId":"932901","CategoryFeatureGroupID":"2","SortNo":"185","PresentationValue":"4,7 GHz","RawValue":"4.7","LocalValue":"4,7","Description":"","Mandatory":"0","Searchable":"0","Optional":"0","Feature":{"ID":"46564","Sign":"","Measure":{"ID":"37","Sign":"","Signs":{"ID":"13825","_":"GHz","Language":"FI"}},"Name":{"Value":"Performance-core Max Turbo Frequency","Language":"FI"}}},{"Localized":0,"ID":826223071,"LocalID":0,"Type":"numerical","Value":"3.5","CategoryFeatureId":"932897","CategoryFeatureGroupID":"2","SortNo":"180","PresentationValue":"3,5 GHz","RawValue":"3.5","LocalValue":"3,5","Description":"","Mandatory":"0","Searchable":"0","Optional":"0","Feature":{"ID":"46563","Sign":"","Measure":{"ID":"37","Sign":"","Signs":{"ID":"13825","_":"GHz","Language":"FI"}},"Name":{"Value":"Efficient-core Max Turbo Frequency","Language":"FI"}}},{"Localized":0,"ID":826223073,"LocalID":0,"Type":"numerical","Value":"2.5","CategoryFeatureId":"895767","CategoryFeatureGroupID":"2","SortNo":"170","PresentationValue":"2,5 GHz","RawValue":"2.5","LocalValue":"2,5","Description":"","Mandatory":"0","Searchable":"0","Optional":"0","Feature":{"ID":"44531","Sign":"","Measure":{"ID":"37","Sign":"","Signs":{"ID":"13825","_":"GHz","Language":"FI"}},"Name":{"Value":"Suorituskyky-ytimen pohjataajuus","Language":"FI"}}},{"Localized":0,"ID":826223074,"LocalID":0,"Type":"numerical","Value":"1.8","CategoryFeatureId":"895769","CategoryFeatureGroupID":"2","SortNo":"165","PresentationValue":"1,8 GHz","RawValue":"1.8","LocalValue":"1,8","Description":"","Mandatory":"0","Searchable":"0","Optional":"0","Feature":{"ID":"44529","Sign":"","Measure":{"ID":"37","Sign":"","Signs":{"ID":"13825","_":"GHz","Language":"FI"}},"Name":{"Value":"Tehokkuusytimen pohjataajuus","Language":"FI"}}},{"Localized":0,"ID":818190216,"LocalID":0,"Type":"dropdown","Value":"LGA 1700","CategoryFeatureId":"31184","CategoryFeatureGroupID":"2","SortNo":"70","PresentationValue":"LGA 1700","RawValue":"LGA 1700","LocalValue":"LGA 1700","Description":"Mechanical component(s) that provides mechanical and electrical connections between a microprocessor and a printed circuit board (PCB). This allows the processor to be replaced without soldering.","Mandatory":"0","Searchable":"0","Optional":"1","Feature":{"ID":"2325","Sign":"","Measure":{"ID":"29","Sign":"","Signs":{"ID":"","_":"","Language":"FI"}},"Name":{"Value":"Prosessorin kanta","Language":"FI"}}},{"Localized":0,"ID":818117752,"LocalID":0,"Type":"numerical","Value":"20","CategoryFeatureId":"101563","CategoryFeatureGroupID":"2","SortNo":"60","PresentationValue":"20 MB","RawValue":"20","LocalValue":"20","Description":"","Mandatory":"0","Searchable":"0","Optional":"0","Feature":{"ID":"10041","Sign":"","Measure":{"ID":"19","Sign":"","Signs":{"ID":"13810","_":"MB","Language":"FI"}},"Name":{"Value":"Prosessorin välimuisti","Language":"FI"}}},{"Localized":0,"ID":818117795,"LocalID":0,"Type":"dropdown","Value":"L3","CategoryFeatureId":"135208","CategoryFeatureGroupID":"2","SortNo":"59","PresentationValue":"L3","RawValue":"L3","LocalValue":"L3","Description":"","Mandatory":"0","Searchable":"0","Optional":"0","Feature":{"ID":"21716","Sign":"","Measure":{"ID":"29","Sign":"","Signs":{"ID":"","_":"","Language":"FI"}},"Name":{"Value":"Prosessorin välimuistityyppi","Language":"FI"}}},{"Localized":0,"ID":826223068,"LocalID":0,"Type":"numerical","Value":"65","CategoryFeatureId":"903074","CategoryFeatureGroupID":"2","SortNo":"0","PresentationValue":"65 W","RawValue":"65","LocalValue":"65","Description":"","Mandatory":"0","Searchable":"0","Optional":"0","Feature":{"ID":"44525","Sign":"","Measure":{"ID":"44","Sign":"","Signs":{"ID":"13832","_":"W","Language":"FI"}},"Name":{"Value":"Prosessorin pohjateho","Language":"FI"}}},{"Localized":0,"ID":826223069,"LocalID":0,"Type":"numerical","Value":"148","CategoryFeatureId":"903075","CategoryFeatureGroupID":"2","SortNo":"0","PresentationValue":"148 W","RawValue":"148","LocalValue":"148","Description":"","Mandatory":"0","Searchable":"0","Optional":"0","Feature":{"ID":"44528","Sign":"","Measure":{"ID":"44","Sign":"","Signs":{"ID":"13832","_":"W","Language":"FI"}},"Name":{"Value":"Enimmäisturboteho","Language":"FI"}}}]},{"ID":3,"SortNo":"95","FeatureGroup":{"ID":"3","Name":{"Value":"Muisti","Language":"FI"}},"Features":[{"Localized":0,"ID":818117202,"LocalID":0,"Type":"numerical","Value":"16","CategoryFeatureId":"73752","CategoryFeatureGroupID":"3","SortNo":"5100","PresentationValue":"16 GB","RawValue":"16","LocalValue":"16","Description":"A computer's memory which is directly accessible to the CPU.","Mandatory":"1","Searchable":"1","Optional":"0","Feature":{"ID":"11381","Sign":"","Measure":{"ID":"20","Sign":"","Signs":{"ID":"13811","_":"GB","Language":"FI"}},"Name":{"Value":"Sisäinen muisti","Language":"FI"}}},{"Localized":0,"ID":818190203,"LocalID":0,"Type":"numerical","Value":"32","CategoryFeatureId":"12118","CategoryFeatureGroupID":"3","SortNo":"5099","PresentationValue":"32 GB","RawValue":"32","LocalValue":"32","Description":"The maximum internal memory which is available in the product.","Mandatory":"1","Searchable":"0","Optional":"0","Feature":{"ID":"1452","Sign":"","Measure":{"ID":"20","Sign":"","Signs":{"ID":"13811","_":"GB","Language":"FI"}},"Name":{"Value":"Sisäinen enimmäismuisti","Language":"FI"}}},{"Localized":0,"ID":818117135,"LocalID":0,"Type":"dropdown","Value":"DDR5-SDRAM","CategoryFeatureId":"1226","CategoryFeatureGroupID":"3","SortNo":"5098","PresentationValue":"DDR5-SDRAM","RawValue":"DDR5-SDRAM","LocalValue":"DDR5-SDRAM","Description":"The type of internal memory such as RAM","Mandatory":"0","Searchable":"0","Optional":"0","Feature":{"ID":"427","Sign":"","Measure":{"ID":"29","Sign":"","Signs":{"ID":"","_":"","Language":"FI"}},"Name":{"Value":"Sisäisen muistin tyyppi","Language":"FI"}}},{"Localized":0,"ID":818117651,"LocalID":0,"Type":"dropdown","Value":"2 x 8","CategoryFeatureId":"73737","CategoryFeatureGroupID":"3","SortNo":"180","PresentationValue":"2 x 8 GB","RawValue":"2 x 8","LocalValue":"2 x 8","Description":"The slots and size of the memory for the CPU.","Mandatory":"0","Searchable":"0","Optional":"0","Feature":{"ID":"11380","Sign":"","Measure":{"ID":"20","Sign":"","Signs":{"ID":"13811","_":"GB","Language":"FI"}},"Name":{"Value":"Muistin sijoittelu (paikat x koko)","Language":"FI"}}},{"Localized":0,"ID":818190198,"LocalID":0,"Type":"dropdown","Value":"2x DIMM","CategoryFeatureId":"2193","CategoryFeatureGroupID":"3","SortNo":"170","PresentationValue":"2x DIMM","RawValue":"2x DIMM","LocalValue":"2x DIMM","Description":"Muistin laajennuspaikkojen lukumäärä ja tyyppi , mukaan lukien liitin ja muistimoduuli kuvaukset","Mandatory":"0","Searchable":"0","Optional":"0","Feature":{"ID":"672","Sign":"","Measure":{"ID":"29","Sign":"","Signs":{"ID":"","_":"","Language":"FI"}},"Name":{"Value":"Muistipaikat","Language":"FI"}}},{"Localized":0,"ID":818117602,"LocalID":0,"Type":"y_n","Value":"Y","CategoryFeatureId":"86712","CategoryFeatureGroupID":"3","SortNo":"0","PresentationValue":"Kyllä","RawValue":"Y","LocalValue":"Kyllä","Description":"","Mandatory":"0","Searchable":"0","Optional":"0","Feature":{"ID":"3547","Sign":"","Measure":{"ID":"26","Sign":"","Signs":{"ID":"","_":"","Language":"FI"}},"Name":{"Value":"Non-ECC","Language":"FI"}}},{"Localized":0,"ID":826223939,"LocalID":0,"Type":"numerical","Value":"4800","CategoryFeatureId":"941673","CategoryFeatureGroupID":"3","SortNo":"0","PresentationValue":"4800 MT/s","RawValue":"4800","LocalValue":"4800","Description":"","Mandatory":"0","Searchable":"0","Optional":"0","Feature":{"ID":"37536","Sign":"","Measure":{"ID":"340","Sign":"","Signs":{"ID":"33681","_":"MT/s","Language":"FI"}},"Name":{"Value":"Muistidatan siirtonopeus","Language":"FI"}}}]},{"ID":4138,"SortNo":"90","FeatureGroup":{"ID":"47","Name":{"Value":"Tallennusväline","Language":"FI"}},"Features":[{"Localized":0,"ID":826224034,"LocalID":0,"Type":"numerical","Value":"512","CategoryFeatureId":"33231","CategoryFeatureGroupID":"4138","SortNo":"5000","PresentationValue":"512 GB","RawValue":"512","LocalValue":"512","Description":"The total amount of data that can be stored on the device.","Mandatory":"1","Searchable":"1","Optional":"0","Feature":{"ID":"3318","Sign":"","Measure":{"ID":"20","Sign":"","Signs":{"ID":"13811","_":"GB","Language":"FI"}},"Name":{"Value":"Kokonaistallennuskapasiteetti","Language":"FI"}}},{"Localized":0,"ID":826224037,"LocalID":0,"Type":"dropdown","Value":"SSD","CategoryFeatureId":"96404","CategoryFeatureGroupID":"4138","SortNo":"4000","PresentationValue":"SSD","RawValue":"SSD","LocalValue":"SSD","Description":"Used for the storage of date e.g. HDD (hard disk drive)","Mandatory":"1","Searchable":"0","Optional":"0","Feature":{"ID":"11441","Sign":"","Measure":{"ID":"29","Sign":"","Signs":{"ID":"","_":"","Language":"FI"}},"Name":{"Value":"Tallennusmedia","Language":"FI"}}},{"Localized":0,"ID":826175081,"LocalID":0,"Type":"dropdown","Value":"N","CategoryFeatureId":"2968","CategoryFeatureGroupID":"4138","SortNo":"500","PresentationValue":"Ei","RawValue":"N","LocalValue":"Ei","Description":"Optisen aseman tyyppi.","Mandatory":"1","Searchable":"1","Optional":"0","Feature":{"ID":"1120","Sign":"","Measure":{"ID":"29","Sign":"","Signs":{"ID":"","_":"","Language":"FI"}},"Name":{"Value":"Optisen aseman tyyppi","Language":"FI"}}},{"Localized":0,"ID":818190224,"LocalID":0,"Type":"numerical","Value":"1","CategoryFeatureId":"96410","CategoryFeatureGroupID":"4138","SortNo":"70","PresentationValue":"1","RawValue":"1","LocalValue":"1","Description":"Amount of storage drives built into the device.","Mandatory":"0","Searchable":"0","Optional":"0","Feature":{"ID":"16115","Sign":"","Measure":{"ID":"29","Sign":"","Signs":{"ID":"","_":"","Language":"FI"}},"Name":{"Value":"Asennettujen tallennusasemien määrä","Language":"FI"}}},{"Localized":0,"ID":826224036,"LocalID":0,"Type":"numerical","Value":"512","CategoryFeatureId":"295712","CategoryFeatureGroupID":"4138","SortNo":"32","PresentationValue":"512 GB","RawValue":"512","LocalValue":"512","Description":"","Mandatory":"0","Searchable":"0","Optional":"0","Feature":{"ID":"37918","Sign":"","Measure":{"ID":"20","Sign":"","Signs":{"ID":"13811","_":"GB","Language":"FI"}},"Name":{"Value":"SSD:n kokonaiskapasiteetti","Language":"FI"}}},{"Localized":0,"ID":826224033,"LocalID":0,"Type":"numerical","Value":"1","CategoryFeatureId":"45817","CategoryFeatureGroupID":"4138","SortNo":"30","PresentationValue":"1","RawValue":"1","LocalValue":"1","Description":"","Mandatory":"0","Searchable":"0","Optional":"0","Feature":{"ID":"7682","Sign":"","Measure":{"ID":"29","Sign":"","Signs":{"ID":"","_":"","Language":"FI"}},"Name":{"Value":"Asennettujen SSD:iden lukumäärä","Language":"FI"}}},{"Localized":0,"ID":826224035,"LocalID":0,"Type":"numerical","Value":"512","CategoryFeatureId":"45777","CategoryFeatureGroupID":"4138","SortNo":"29","PresentationValue":"512 GB","RawValue":"512","LocalValue":"512","Description":"Solid State Drive:n tallennuskapasiteetti gigatavuina.","Mandatory":"0","Searchable":"0","Optional":"0","Feature":{"ID":"5586","Sign":"","Measure":{"ID":"20","Sign":"","Signs":{"ID":"13811","_":"GB","Language":"FI"}},"Name":{"Value":"SSD-kapasiteetti","Language":"FI"}}},{"Localized":0,"ID":826224039,"LocalID":0,"Type":"dropdown","Value":"PCI Express 4.0","CategoryFeatureId":"45778","CategoryFeatureGroupID":"4138","SortNo":"28","PresentationValue":"PCI Express 4.0","RawValue":"PCI Express 4.0","LocalValue":"PCI Express 4.0","Description":"Rajapinnan/tojen tyypit, jolla Solid State Drive on kytketty muithin laittesiin.","Mandatory":"0","Searchable":"0","Optional":"0","Feature":{"ID":"5584","Sign":"","Measure":{"ID":"29","Sign":"","Signs":{"ID":"","_":"","Language":"FI"}},"Name":{"Value":"SSD-liittymä","Language":"FI"}}},{"Localized":0,"ID":826224038,"LocalID":0,"Type":"y_n","Value":"Y","CategoryFeatureId":"920733","CategoryFeatureGroupID":"4138","SortNo":"28","PresentationValue":"Kyllä","RawValue":"Y","LocalValue":"Kyllä","Description":"NVM Express (NVMe) or Non-Volatile Memory Host Controller Interface Specification (NVMHCIS) is an open logical device interface specification for accessing non-volatile storage media attached via a PCI Express (PCIe) bus. NVM Express, as a logical device interface, has been designed to capitalize on the low latency and internal parallelism of solid-state storage devices.","Mandatory":"0","Searchable":"0","Optional":"0","Feature":{"ID":"29388","Sign":"","Measure":{"ID":"26","Sign":"","Signs":{"ID":"","_":"","Language":"FI"}},"Name":{"Value":"NVMe","Language":"FI"}}},{"Localized":0,"ID":826224040,"LocalID":0,"Type":"dropdown","Value":"M.2","CategoryFeatureId":"294130","CategoryFeatureGroupID":"4138","SortNo":"27","PresentationValue":"M.2","RawValue":"M.2","LocalValue":"M.2","Description":"The size of the solid-state drive, given in inches","Mandatory":"0","Searchable":"0","Optional":"0","Feature":{"ID":"21731","Sign":"","Measure":{"ID":"29","Sign":"","Signs":{"ID":"","_":"","Language":"FI"}},"Name":{"Value":"SSD-malli","Language":"FI"}}}]},{"ID":8603,"SortNo":"85","FeatureGroup":{"ID":"163","Name":{"Value":"Grafiikka","Language":"FI"}},"Features":[{"Localized":0,"ID":818190220,"LocalID":0,"Type":"y_n","Value":"Y","CategoryFeatureId":"192532","CategoryFeatureGroupID":"8603","SortNo":"4810","PresentationValue":"Kyllä","RawValue":"Y","LocalValue":"Kyllä","Description":"","Mandatory":"1","Searchable":"1","Optional":"0","Feature":{"ID":"27905","Sign":"","Measure":{"ID":"26","Sign":"","Signs":{"ID":"","_":"","Language":"FI"}},"Name":{"Value":"Erillinen grafiikka-adapteri","Language":"FI"}}},{"Localized":0,"ID":818117937,"LocalID":0,"Type":"dropdown","Value":"NVIDIA","CategoryFeatureId":"337793","CategoryFeatureGroupID":"8603","SortNo":"4810","PresentationValue":"NVIDIA","RawValue":"NVIDIA","LocalValue":"NVIDIA","Description":"","Mandatory":"0","Searchable":"0","Optional":"0","Feature":{"ID":"41670","Sign":"","Measure":{"ID":"29","Sign":"","Signs":{"ID":"","_":"","Language":"FI"}},"Name":{"Value":"Erillinen grafiikkayksikön valmistaja","Language":"FI"}}},{"Localized":0,"ID":818190221,"LocalID":0,"Type":"y_n","Value":"N","CategoryFeatureId":"74328","CategoryFeatureGroupID":"8603","SortNo":"4470","PresentationValue":"Ei","RawValue":"N","LocalValue":"Ei","Description":"Graphics hardware which is built into the motherboard or CPU","Mandatory":"1","Searchable":"1","Optional":"0","Feature":{"ID":"9997","Sign":"","Measure":{"ID":"26","Sign":"","Signs":{"ID":"","_":"","Language":"FI"}},"Name":{"Value":"Sisäinen näytönohjain","Language":"FI"}}},{"Localized":0,"ID":818118075,"LocalID":0,"Type":"dropdown","Value":"NVIDIA GeForce RTX 5060","CategoryFeatureId":"53946","CategoryFeatureGroupID":"8603","SortNo":"3900","PresentationValue":"NVIDIA GeForce RTX 5060","RawValue":"NVIDIA GeForce RTX 5060","LocalValue":"NVIDIA GeForce RTX 5060","Description":"A graphics adapter (often known as a video card) generates images for a display. A discrete graphics adapter plugs into the motherboard","Mandatory":"1","Searchable":"0","Optional":"0","Feature":{"ID":"9018","Sign":"","Measure":{"ID":"29","Sign":"","Signs":{"ID":"","_":"","Language":"FI"}},"Name":{"Value":"Erillisen näytönohjaimen malli","Language":"FI"}}},{"Localized":0,"ID":818117985,"LocalID":0,"Type":"numerical","Value":"8","CategoryFeatureId":"131976","CategoryFeatureGroupID":"8603","SortNo":"479","PresentationValue":"8 GB","RawValue":"8","LocalValue":"8","Description":"","Mandatory":"0","Searchable":"0","Optional":"0","Feature":{"ID":"18403","Sign":"","Measure":{"ID":"20","Sign":"","Signs":{"ID":"13811","_":"GB","Language":"FI"}},"Name":{"Value":"Diskreetti näytönohjainmuisti","Language":"FI"}}},{"Localized":0,"ID":818118038,"LocalID":0,"Type":"dropdown","Value":"GDDR7","CategoryFeatureId":"53950","CategoryFeatureGroupID":"8603","SortNo":"478","PresentationValue":"GDDR7","RawValue":"GDDR7","LocalValue":"GDDR7","Description":"","Mandatory":"0","Searchable":"0","Optional":"0","Feature":{"ID":"9020","Sign":"","Measure":{"ID":"29","Sign":"","Signs":{"ID":"","_":"","Language":"FI"}},"Name":{"Value":"Erillisen näytönohjaimen muistin tyyppi","Language":"FI"}}},{"Localized":0,"ID":818190202,"LocalID":0,"Type":"numerical","Value":"1","CategoryFeatureId":"66268","CategoryFeatureGroupID":"8603","SortNo":"455","PresentationValue":"1","RawValue":"1","LocalValue":"1","Description":"","Mandatory":"0","Searchable":"0","Optional":"0","Feature":{"ID":"9584","Sign":"","Measure":{"ID":"29","Sign":"","Signs":{"ID":"","_":"","Language":"FI"}},"Name":{"Value":"Erillisten näytönohjainten lukumäärä","Language":"FI"}}},{"Localized":0,"ID":826223076,"LocalID":0,"Type":"dropdown","Value":"Not available","CategoryFeatureId":"53944","CategoryFeatureGroupID":"8603","SortNo":"446","PresentationValue":"Ei saatavilla","RawValue":"Not available","LocalValue":"Ei saatavilla","Description":"\"Graphic adapter\" is the hardware that produces images on a display. \"On-board\" means that the graphics adapter is intergrated inside the motherboard.","Mandatory":"1","Searchable":"0","Optional":"0","Feature":{"ID":"9016","Sign":"","Measure":{"ID":"29","Sign":"","Signs":{"ID":"","_":"","Language":"FI"}},"Name":{"Value":"Sisältyvän näytönohjaimen malli","Language":"FI"}}},{"Localized":0,"ID":826224332,"LocalID":0,"Type":"numerical","Value":"1","CategoryFeatureId":"117967","CategoryFeatureGroupID":"8603","SortNo":"-150","PresentationValue":"1","RawValue":"1","LocalValue":"1","Description":"","Mandatory":"0","Searchable":"0","Optional":"0","Feature":{"ID":"20247","Sign":"","Measure":{"ID":"29","Sign":"","Signs":{"ID":"","_":"","Language":"FI"}},"Name":{"Value":"Näytönohjaimen HDMI-porttien määrä","Language":"FI"}}},{"Localized":0,"ID":826224335,"LocalID":0,"Type":"numerical","Value":"3","CategoryFeatureId":"117968","CategoryFeatureGroupID":"8603","SortNo":"-150","PresentationValue":"3","RawValue":"3","LocalValue":"3","Description":"","Mandatory":"0","Searchable":"0","Optional":"0","Feature":{"ID":"20246","Sign":"","Measure":{"ID":"29","Sign":"","Signs":{"ID":"","_":"","Language":"FI"}},"Name":{"Value":"Näytönohjaimen DisplayPort-porttien määrä","Language":"FI"}}}]},{"ID":2066,"SortNo":"75","FeatureGroup":{"ID":"35","Name":{"Value":"Verkko","Language":"FI"}},"Features":[{"Localized":0,"ID":818190204,"LocalID":0,"Type":"y_n","Value":"Y","CategoryFeatureId":"36488","CategoryFeatureGroupID":"2066","SortNo":"100","PresentationValue":"Kyllä","RawValue":"Y","LocalValue":"Kyllä","Description":"An Ethernet LAN (Local Area Network) interface is present","Mandatory":"1","Searchable":"0","Optional":"0","Feature":{"ID":"1347","Sign":"","Measure":{"ID":"26","Sign":"","Signs":{"ID":"","_":"","Language":"FI"}},"Name":{"Value":"Ethernet LAN","Language":"FI"}}},{"Localized":0,"ID":826224020,"LocalID":0,"Type":"multi_dropdown","Value":"10,100,1000","CategoryFeatureId":"31181","CategoryFeatureGroupID":"2066","SortNo":"99","PresentationValue":"10,100,1000 Mbit/s","RawValue":"10,100,1000","LocalValue":"10,100,1000","Description":"Ethernet LAN-yhteyden eri nopeustasot ilmaistuna megabittiä sekunnissa.","Mandatory":"0","Searchable":"0","Optional":"0","Feature":{"ID":"3768","Sign":"","Measure":{"ID":"23","Sign":"","Signs":{"ID":"13814","_":"Mbit/s","Language":"FI"}},"Name":{"Value":"Ethernet LAN -datanopeudet","Language":"FI"}}},{"Localized":0,"ID":818190208,"LocalID":0,"Type":"y_n","Value":"Y","CategoryFeatureId":"36487","CategoryFeatureGroupID":"2066","SortNo":"81","PresentationValue":"Kyllä","RawValue":"Y","LocalValue":"Kyllä","Description":"Popular technology that allows an electronic device to exchange data or connect to the internet wirelessly using radio waves.","Mandatory":"1","Searchable":"0","Optional":"0","Feature":{"ID":"3239","Sign":"","Measure":{"ID":"26","Sign":"","Signs":{"ID":"","_":"","Language":"FI"}},"Name":{"Value":"Wi-Fi","Language":"FI"}}},{"Localized":0,"ID":818117488,"LocalID":0,"Type":"dropdown","Value":"Wi-Fi 6E (802.11ax)","CategoryFeatureId":"269712","CategoryFeatureGroupID":"2066","SortNo":"80","PresentationValue":"Wi-Fi 6E (802.11ax)","RawValue":"Wi-Fi 6E (802.11ax)","LocalValue":"Wi-Fi 6E (802.11ax)","Description":"Connection of this device is done via Wi-Fi in a high standard.","Mandatory":"0","Searchable":"0","Optional":"0","Feature":{"ID":"24993","Sign":"","Measure":{"ID":"29","Sign":"","Signs":{"ID":"","_":"","Language":"FI"}},"Name":{"Value":"Wi-Fi-standardi","Language":"FI"}}},{"Localized":0,"ID":820858526,"LocalID":0,"Type":"multi_dropdown","Value":"Wi-Fi 6E (802.11ax)","CategoryFeatureId":"44220","CategoryFeatureGroupID":"2066","SortNo":"79","PresentationValue":"Wi-Fi 6E (802.11ax)","RawValue":"Wi-Fi 6E (802.11ax)","LocalValue":"Wi-Fi 6E (802.11ax)","Description":"The type of wireless local area network (LAN). It can be ad-hoc","Mandatory":"0","Searchable":"0","Optional":"0","Feature":{"ID":"432","Sign":"","Measure":{"ID":"29","Sign":"","Signs":{"ID":"","_":"","Language":"FI"}},"Name":{"Value":"Wi-Fi-standardit","Language":"FI"}}},{"Localized":0,"ID":818117901,"LocalID":0,"Type":"dropdown","Value":"Intel","CategoryFeatureId":"593625","CategoryFeatureGroupID":"2066","SortNo":"79","PresentationValue":"Intel","RawValue":"Intel","LocalValue":"Intel","Description":"","Mandatory":"0","Searchable":"0","Optional":"0","Feature":{"ID":"42190","Sign":"","Measure":{"ID":"29","Sign":"","Signs":{"ID":"","_":"","Language":"FI"}},"Name":{"Value":"WLAN-ohjaimen valmistaja","Language":"FI"}}},{"Localized":0,"ID":818117408,"LocalID":0,"Type":"dropdown","Value":"Intel Wi-Fi 6E AX211","CategoryFeatureId":"244128","CategoryFeatureGroupID":"2066","SortNo":"78","PresentationValue":"Intel Wi-Fi 6E AX211","RawValue":"Intel Wi-Fi 6E AX211","LocalValue":"Intel Wi-Fi 6E AX211","Description":"","Mandatory":"0","Searchable":"0","Optional":"0","Feature":{"ID":"27443","Sign":"","Measure":{"ID":"29","Sign":"","Signs":{"ID":"","_":"","Language":"FI"}},"Name":{"Value":"WLAN-ohjaimen malli","Language":"FI"}}},{"Localized":0,"ID":818117446,"LocalID":0,"Type":"dropdown","Value":"2x2","CategoryFeatureId":"269713","CategoryFeatureGroupID":"2066","SortNo":"77","PresentationValue":"2x2","RawValue":"2x2","LocalValue":"2x2","Description":"Type of antenna","Mandatory":"0","Searchable":"0","Optional":"0","Feature":{"ID":"1494","Sign":"","Measure":{"ID":"29","Sign":"","Signs":{"ID":"","_":"","Language":"FI"}},"Name":{"Value":"Antennityyppi","Language":"FI"}}},{"Localized":0,"ID":818117557,"LocalID":0,"Type":"y_n","Value":"Y","CategoryFeatureId":"33715","CategoryFeatureGroupID":"2066","SortNo":"50","PresentationValue":"Kyllä","RawValue":"Y","LocalValue":"Kyllä","Description":"Bluetooth on pienitehoinen radiotekniikka, joka on kehitetty korvaamaan nykyisin käytetyt kaapelit ja johdotn linkittämään tai liittämään elektronisia laitteita, kuten tietokoneita, tulostimia, sekä erilaisia ​​kannettavia laitteita kuten matkapuhelimia. Koska se käyttää radio-aallon yhteyytä, Bluetooth-laiteella on jatkuva yhteysä käyttämäänsä selaimeen. Tämä säästää käyttäjän aikaa esimerkiksi turhilta kirjautumisilta sähköposteja tai uutisia lukiessaani.","Mandatory":"0","Searchable":"0","Optional":"0","Feature":{"ID":"2183","Sign":"","Measure":{"ID":"26","Sign":"","Signs":{"ID":"","_":"","Language":"FI"}},"Name":{"Value":"Bluetooth","Language":"FI"}}},{"Localized":0,"ID":818117168,"LocalID":0,"Type":"dropdown","Value":"5.4","CategoryFeatureId":"33716","CategoryFeatureGroupID":"2066","SortNo":"49","PresentationValue":"5.4","RawValue":"5.4","LocalValue":"5.4","Description":"The type of bluetooth technology in the product e.g. Bluetooth Smart (v4.0).","Mandatory":"0","Searchable":"0","Optional":"0","Feature":{"ID":"1208","Sign":"","Measure":{"ID":"29","Sign":"","Signs":{"ID":"","_":"","Language":"FI"}},"Name":{"Value":"Bluetooth-versio","Language":"FI"}}}]},{"ID":821,"SortNo":"70","FeatureGroup":{"ID":"12","Name":{"Value":"Liitettävyys","Language":"FI"}},"Features":[{"Localized":0,"ID":826175082,"LocalID":0,"Type":"numerical","Value":"4","CategoryFeatureId":"14583","CategoryFeatureGroupID":"821","SortNo":"600","PresentationValue":"4","RawValue":"4","LocalValue":"4","Description":"USB 2.0-porttien datan siirtonopeus on 480 Mbps, ja ovat myös yhteensopivia USB 1.1-porttien kanssa. Voit yhdistää kaikenlaisia ​​oheislaitteita niiden avulla.","Mandatory":"1","Searchable":"0","Optional":"0","Feature":{"ID":"2308","Sign":"","Measure":{"ID":"29","Sign":"","Signs":{"ID":"","_":"","Language":"FI"}},"Name":{"Value":"USB 2.0 -porttien määrä","Language":"FI"}}},{"Localized":0,"ID":826175096,"LocalID":0,"Type":"numerical","Value":"3","CategoryFeatureId":"138381","CategoryFeatureGroupID":"821","SortNo":"499","PresentationValue":"3","RawValue":"3","LocalValue":"3","Description":"","Mandatory":"1","Searchable":"0","Optional":"0","Feature":{"ID":"22701","Sign":"","Measure":{"ID":"29","Sign":"","Signs":{"ID":"","_":"","Language":"FI"}},"Name":{"Value":"USB 3.2 (3.1 sukupolvi 1) A-tyypin porttien määrä","Language":"FI"}}},{"Localized":0,"ID":826175098,"LocalID":0,"Type":"numerical","Value":"1","CategoryFeatureId":"138388","CategoryFeatureGroupID":"821","SortNo":"496","PresentationValue":"1","RawValue":"1","LocalValue":"1","Description":"Number of USB 3.1 (3.1 Gen 2) ports with Type-C connector. USB 3.1 (3.1 Gen 2) is USB interface version which supports transfer rate up to 10 Gbit/s (SuperSpeed+). USB Type-C connector has symmetrical design architecture and compatible with Thunderbolt 3 interface.","Mandatory":"1","Searchable":"0","Optional":"0","Feature":{"ID":"22704","Sign":"","Measure":{"ID":"29","Sign":"","Signs":{"ID":"","_":"","Language":"FI"}},"Name":{"Value":"USB 3.2 Gen 2 (3.1 Gen 2) C-tyypin porttien määrä","Language":"FI"}}},{"Localized":0,"ID":827465467,"LocalID":0,"Type":"numerical","Value":"3","CategoryFeatureId":"35742","CategoryFeatureGroupID":"821","SortNo":"390","PresentationValue":"3","RawValue":"3","LocalValue":"3","Description":"Number of DisplayPorts. A DisplayPort is a digital display interface developed by the Video Electronics Standards Association (VESA). The interface is primarily used to connect a video source to a display device such as a computer monitor","Mandatory":"0","Searchable":"0","Optional":"0","Feature":{"ID":"6611","Sign":"","Measure":{"ID":"29","Sign":"","Signs":{"ID":"","_":"","Language":"FI"}},"Name":{"Value":"DisplayPort-portteja","Language":"FI"}}},{"Localized":0,"ID":827465468,"LocalID":0,"Type":"dropdown","Value":"2.1b","CategoryFeatureId":"305692","CategoryFeatureGroupID":"821","SortNo":"389","PresentationValue":"2.1b","RawValue":"2.1b","LocalValue":"2.1b","Description":"","Mandatory":"0","Searchable":"0","Optional":"0","Feature":{"ID":"11111","Sign":"","Measure":{"ID":"29","Sign":"","Signs":{"ID":"","_":"","Language":"FI"}},"Name":{"Value":"DisplayPort versio","Language":"FI"}}},{"Localized":0,"ID":826259256,"LocalID":0,"Type":"numerical","Value":"1","CategoryFeatureId":"14590","CategoryFeatureGroupID":"821","SortNo":"340","PresentationValue":"1","RawValue":"1","LocalValue":"1","Description":"Number of Ethernet LAN (RJ-45) ports (connecting interfaces) in the device.  Ethernet LAN (RJ-45) ports allow a computer to connect to the ethernet.","Mandatory":"0","Searchable":"0","Optional":"0","Feature":{"ID":"2312","Sign":"","Measure":{"ID":"29","Sign":"","Signs":{"ID":"","_":"","Language":"FI"}},"Name":{"Value":"Ethernet LAN (RJ-45) -portit","Language":"FI"}}},{"Localized":0,"ID":826175077,"LocalID":0,"Type":"y_n","Value":"Y","CategoryFeatureId":"14589","CategoryFeatureGroupID":"821","SortNo":"97","PresentationValue":"Kyllä","RawValue":"Y","LocalValue":"Kyllä","Description":"","Mandatory":"0","Searchable":"0","Optional":"0","Feature":{"ID":"1345","Sign":"","Measure":{"ID":"26","Sign":"","Signs":{"ID":"","_":"","Language":"FI"}},"Name":{"Value":"Lähtö","Language":"FI"}}},{"Localized":0,"ID":818118145,"LocalID":0,"Type":"y_n","Value":"Y","CategoryFeatureId":"113477","CategoryFeatureGroupID":"821","SortNo":"96","PresentationValue":"Kyllä","RawValue":"Y","LocalValue":"Kyllä","Description":"","Mandatory":"0","Searchable":"0","Optional":"0","Feature":{"ID":"9858","Sign":"","Measure":{"ID":"26","Sign":"","Signs":{"ID":"","_":"","Language":"FI"}},"Name":{"Value":"Kuuloke-/mikrofoniyhdistelmäportti","Language":"FI"}}}]},{"ID":10928,"SortNo":"60","FeatureGroup":{"ID":"148","Name":{"Value":"Suunnittelu","Language":"FI"}},"Features":[{"Localized":0,"ID":818190199,"LocalID":0,"Type":"dropdown","Value":"Tower","CategoryFeatureId":"2195","CategoryFeatureGroupID":"10928","SortNo":"600","PresentationValue":"Tower","RawValue":"Tower","LocalValue":"Tower","Description":"Luettelo saatavilla olevista eri alustoista ja niiden laajennettavuudesta jos saatavilla. 1 yksikkö (1U) on 1,75 tuumaa (4,45 cm).","Mandatory":"1","Searchable":"0","Optional":"0","Feature":{"ID":"734","Sign":"","Measure":{"ID":"29","Sign":"","Signs":{"ID":"","_":"","Language":"FI"}},"Name":{"Value":"Alustatyyppi","Language":"FI"}}},{"Localized":0,"ID":818190214,"LocalID":554008179,"Type":"text","Value":"Black","CategoryFeatureId":"270479","CategoryFeatureGroupID":"10928","SortNo":"500","PresentationValue":"Musta","RawValue":"Black","LocalValue":"Musta","Description":"","Mandatory":"0","Searchable":"0","Optional":"0","Feature":{"ID":"17956","Sign":"","Measure":{"ID":"29","Sign":"","Signs":{"ID":"","_":"","Language":"FI"}},"Name":{"Value":"Värin nimi","Language":"FI"}}},{"Localized":0,"ID":826175074,"LocalID":0,"Type":"y_n","Value":"Y","CategoryFeatureId":"18563","CategoryFeatureGroupID":"10928","SortNo":"100","PresentationValue":"Kyllä","RawValue":"Y","LocalValue":"Kyllä","Description":"Holes on the edge of devices through which a cable lock can be passed","Mandatory":"0","Searchable":"0","Optional":"0","Feature":{"ID":"1352","Sign":"","Measure":{"ID":"26","Sign":"","Signs":{"ID":"","_":"","Language":"FI"}},"Name":{"Value":"Kaapelilukkopaikka","Language":"FI"}}},{"Localized":0,"ID":826175075,"LocalID":0,"Type":"multi_dropdown","Value":"Kensington","CategoryFeatureId":"86800","CategoryFeatureGroupID":"10928","SortNo":"99","PresentationValue":"Kensington","RawValue":"Kensington","LocalValue":"Kensington","Description":"","Mandatory":"0","Searchable":"0","Optional":"0","Feature":{"ID":"14097","Sign":"","Measure":{"ID":"29","Sign":"","Signs":{"ID":"","_":"","Language":"FI"}},"Name":{"Value":"Kaapelilukon aukkotyyppi","Language":"FI"}}},{"Localized":0,"ID":818190197,"LocalID":0,"Type":"dropdown","Value":"Black","CategoryFeatureId":"28831","CategoryFeatureGroupID":"10928","SortNo":"1","PresentationValue":"musta","RawValue":"Black","LocalValue":"musta","Description":"The colour e.g. red","Mandatory":"1","Searchable":"0","Optional":"0","Feature":{"ID":"1766","Sign":"","Measure":{"ID":"29","Sign":"","Signs":{"ID":"","_":"","Language":"FI"}},"Name":{"Value":"Tuotteen väri","Language":"FI"}}},{"Localized":0,"ID":826223934,"LocalID":0,"Type":"numerical","Value":"2025","CategoryFeatureId":"903794","CategoryFeatureGroupID":"10928","SortNo":"0","PresentationValue":"2025","RawValue":"2025","LocalValue":"2025","Description":"","Mandatory":"0","Searchable":"0","Optional":"0","Feature":{"ID":"45534","Sign":"","Measure":{"ID":"29","Sign":"","Signs":{"ID":"","_":"","Language":"FI"}},"Name":{"Value":"Käyttöönottovuosi","Language":"FI"}}}]},{"ID":10929,"SortNo":"58","FeatureGroup":{"ID":"184","Name":{"Value":"Suorituskyky","Language":"FI"}},"Features":[{"Localized":0,"ID":818190219,"LocalID":0,"Type":"dropdown","Value":"Gaming","CategoryFeatureId":"164640","CategoryFeatureGroupID":"10929","SortNo":"330","PresentationValue":"Pelaaminen","RawValue":"Gaming","LocalValue":"Pelaaminen","Description":"Under which category can the device be positioned in the market, e.g. camera phone.","Mandatory":"0","Searchable":"0","Optional":"0","Feature":{"ID":"9021","Sign":"","Measure":{"ID":"29","Sign":"","Signs":{"ID":"","_":"","Language":"FI"}},"Name":{"Value":"Asema markkinoilla","Language":"FI"}}},{"Localized":0,"ID":818190210,"LocalID":0,"Type":"dropdown","Value":"Intel H770","CategoryFeatureId":"47146","CategoryFeatureGroupID":"10929","SortNo":"300","PresentationValue":"Intel H770","RawValue":"Intel H770","LocalValue":"Intel H770","Description":"The chipset connects the microprocessor to the rest of the motherboard.","Mandatory":"0","Searchable":"0","Optional":"0","Feature":{"ID":"436","Sign":"","Measure":{"ID":"29","Sign":"","Signs":{"ID":"","_":"","Language":"FI"}},"Name":{"Value":"Emolevyn piirisarja","Language":"FI"}}},{"Localized":0,"ID":826175080,"LocalID":0,"Type":"dropdown","Value":"DTS:X Ultra","CategoryFeatureId":"1211","CategoryFeatureGroupID":"10929","SortNo":"200","PresentationValue":"DTS:X Ultra","RawValue":"DTS:X Ultra","LocalValue":"DTS:X Ultra","Description":"System used to play music or speech.","Mandatory":"0","Searchable":"0","Optional":"0","Feature":{"ID":"442","Sign":"","Measure":{"ID":"29","Sign":"","Signs":{"ID":"","_":"","Language":"FI"}},"Name":{"Value":"Audiojärjestelmä","Language":"FI"}}},{"Localized":0,"ID":818190200,"LocalID":0,"Type":"y_n","Value":"Y","CategoryFeatureId":"96548","CategoryFeatureGroupID":"10929","SortNo":"97","PresentationValue":"Kyllä","RawValue":"Y","LocalValue":"Kyllä","Description":"The computer","Mandatory":"0","Searchable":"0","Optional":"0","Feature":{"ID":"16095","Sign":"","Measure":{"ID":"26","Sign":"","Signs":{"ID":"","_":"","Language":"FI"}},"Name":{"Value":"Salasanasuojaus","Language":"FI"}}},{"Localized":0,"ID":818190222,"LocalID":0,"Type":"dropdown","Value":"PC","CategoryFeatureId":"86787","CategoryFeatureGroupID":"10929","SortNo":"4","PresentationValue":"PC","RawValue":"PC","LocalValue":"PC","Description":"The sub-category of the product.","Mandatory":"1","Searchable":"1","Optional":"0","Feature":{"ID":"14052","Sign":"","Measure":{"ID":"29","Sign":"","Signs":{"ID":"","_":"","Language":"FI"}},"Name":{"Value":"Tuotetyyppi","Language":"FI"}}}]},{"ID":3402,"SortNo":"56","FeatureGroup":{"ID":"90","Name":{"Value":"Ohjelmisto","Language":"FI"}},"Features":[{"Localized":0,"ID":818190209,"LocalID":0,"Type":"dropdown","Value":"Windows 11 Home","CategoryFeatureId":"20011","CategoryFeatureGroupID":"3402","SortNo":"601","PresentationValue":"Windows 11 Home","RawValue":"Windows 11 Home","LocalValue":"Windows 11 Home","Description":"Type of operating system on a device e.g. IOS on Apple devices","Mandatory":"1","Searchable":"1","Optional":"0","Feature":{"ID":"3233","Sign":"","Measure":{"ID":"29","Sign":"","Signs":{"ID":"","_":"","Language":"FI"}},"Name":{"Value":"Käyttöjärjestelmä asennettu","Language":"FI"}}},{"Localized":1,"ID":0,"LocalID":554008186,"Type":"text","Value":"","CategoryFeatureId":"42612","CategoryFeatureGroupID":"3402","SortNo":"-3","PresentationValue":"Kuukauden kokeiluversio uusille Microsoft 365 -asiakkaille, McAfee Online Protection – 1 vuoden tilaus, Adoben maksuton 1 kuukauden kokeilujakso; PC Game Pass 3 kuukauden kokeilujakso","RawValue":"","LocalValue":"Kuukauden kokeiluversio uusille Microsoft 365 -asiakkaille, McAfee Online Protection – 1 vuoden tilaus, Adoben maksuton 1 kuukauden kokeilujakso; PC Game Pass 3 kuukauden kokeilujakso","Description":"Luettelo tuotteen esiasennetuista ohjelmistoista, mukana valmistaja; valmistajan uudelleennimeämä nimi ja moduulit tarvittaessa tai yleinen kuvaus.","Mandatory":"0","Searchable":"0","Optional":"0","Feature":{"ID":"2253","Sign":"","Measure":{"ID":"29","Sign":"","Signs":{"ID":"","_":"","Language":"FI"}},"Name":{"Value":"Esiasennettu ohjelmisto","Language":"FI"}}},{"Localized":1,"ID":0,"LocalID":554008181,"Type":"text","Value":"","CategoryFeatureId":"31166","CategoryFeatureGroupID":"3402","SortNo":"-5","PresentationValue":"25 Gt Dropbox-tallennustilaa 12 kuukaudeksi","RawValue":"","LocalValue":"25 Gt Dropbox-tallennustilaa 12 kuukaudeksi","Description":"","Mandatory":"0","Searchable":"0","Optional":"0","Feature":{"ID":"5800","Sign":"","Measure":{"ID":"29","Sign":"","Signs":{"ID":"","_":"","Language":"FI"}},"Name":{"Value":"Kokeiluohjelmisto","Language":"FI"}}}]},{"ID":26494,"SortNo":"53","FeatureGroup":{"ID":"144","Name":{"Value":"Erityisominaisuudet","Language":"FI"}},"Features":[{"Localized":0,"ID":826223944,"LocalID":0,"Type":"y_n","Value":"Y","CategoryFeatureId":"238919","CategoryFeatureGroupID":"26494","SortNo":"135","PresentationValue":"Kyllä","RawValue":"Y","LocalValue":"Kyllä","Description":"Get answers to everyday support questions about your HP PC and printers with this free self-help tool built into your computer. Optimized to provide an enhanced support experience, it’s automatically updated and ready to go the first time you boot up. And when you need hands-on help, you can use the tool to directly connect to HP Support.","Mandatory":"0","Searchable":"0","Optional":"0","Feature":{"ID":"34613","Sign":"","Measure":{"ID":"26","Sign":"","Signs":{"ID":"","_":"","Language":"FI"}},"Name":{"Value":"HP Support Assistant","Language":"FI"}}},{"Localized":1,"ID":0,"LocalID":554008180,"Type":"text","Value":"","CategoryFeatureId":"238921","CategoryFeatureGroupID":"26494","SortNo":"50","PresentationValue":"Kensington-turvalukkopaikka; Riippulukko","RawValue":"","LocalValue":"Kensington-turvalukkopaikka; Riippulukko","Description":"","Mandatory":"0","Searchable":"0","Optional":"0","Feature":{"ID":"34597","Sign":"","Measure":{"ID":"29","Sign":"","Signs":{"ID":"","_":"","Language":"FI"}},"Name":{"Value":"HP Security tools","Language":"FI"}}},{"Localized":0,"ID":826224502,"LocalID":554008183,"Type":"text","Value":"HP Connection Optimizer; OMEN Gaming Hub; HP Enhanced Lighting","CategoryFeatureId":"238924","CategoryFeatureGroupID":"26494","SortNo":"47","PresentationValue":"HP Connection Optimizer; HP Support Assistant; OMEN Gaming Hub; HP Enhanced Lighting","RawValue":"HP Connection Optimizer; OMEN Gaming Hub; HP Enhanced Lighting","LocalValue":"HP Connection Optimizer; HP Support Assistant; OMEN Gaming Hub; HP Enhanced Lighting","Description":"","Mandatory":"0","Searchable":"0","Optional":"0","Feature":{"ID":"34616","Sign":"","Measure":{"ID":"29","Sign":"","Signs":{"ID":"","_":"","Language":"FI"}},"Name":{"Value":"HP:n tarjoama ohjelmisto","Language":"FI"}}},{"Localized":1,"ID":0,"LocalID":554008184,"Type":"text","Value":"","CategoryFeatureId":"942295","CategoryFeatureGroupID":"26494","SortNo":"0","PresentationValue":"199485882192","RawValue":"","LocalValue":"199485882192","Description":"","Mandatory":"0","Searchable":"0","Optional":"1","Feature":{"ID":"47264","Sign":"","Measure":{"ID":"29","Sign":"","Signs":{"ID":"","_":"","Language":"FI"}},"Name":{"Value":"HP GTIN (EAN/UPC)","Language":"EN"}}},{"Localized":0,"ID":818190201,"LocalID":0,"Type":"dropdown","Value":"Home","CategoryFeatureId":"292602","CategoryFeatureGroupID":"26494","SortNo":"-500","PresentationValue":"Koti","RawValue":"Home","LocalValue":"Koti","Description":"","Mandatory":"0","Searchable":"0","Optional":"0","Feature":{"ID":"35183","Sign":"","Measure":{"ID":"29","Sign":"","Signs":{"ID":"","_":"","Language":"FI"}},"Name":{"Value":"HP-segmentti","Language":"FI"}}}]},{"ID":1306,"SortNo":"30","FeatureGroup":{"ID":"27","Name":{"Value":"Virranhallinta","Language":"FI"}},"Features":[{"Localized":0,"ID":818190223,"LocalID":0,"Type":"numerical","Value":"400","CategoryFeatureId":"3028","CategoryFeatureGroupID":"1306","SortNo":"10000","PresentationValue":"400 W","RawValue":"400","LocalValue":"400","Description":"The way in which the product is powered e.g. rechargeable battery","Mandatory":"1","Searchable":"0","Optional":"0","Feature":{"ID":"1242","Sign":"","Measure":{"ID":"44","Sign":"","Signs":{"ID":"13832","_":"W","Language":"FI"}},"Name":{"Value":"Virtalähde","Language":"FI"}}}]},{"ID":72247,"SortNo":"19","FeatureGroup":{"ID":"279","Name":{"Value":"Kestävyys","Language":"FI"}},"Features":[{"Localized":1,"ID":0,"LocalID":554008185,"Type":"text","Value":"","CategoryFeatureId":"616911","CategoryFeatureGroupID":"72247","SortNo":"0","PresentationValue":"55 % kuluttajilta kerättyä kierrätysmuovia; 20 % kierrätysmetallia","RawValue":"","LocalValue":"55 % kuluttajilta kerättyä kierrätysmuovia; 20 % kierrätysmetallia","Description":"","Mandatory":"0","Searchable":"0","Optional":"0","Feature":{"ID":"42515","Sign":"","Measure":{"ID":"29","Sign":"","Signs":{"ID":"","_":"","Language":"FI"}},"Name":{"Value":"Kestävän kehityksen tekniikat ja materiaalit","Language":"FI"}}}]},{"ID":1309,"SortNo":"10","FeatureGroup":{"ID":"14","Name":{"Value":"Paino ja mitat","Language":"FI"}},"Features":[{"Localized":0,"ID":818190218,"LocalID":0,"Type":"numerical","Value":"155","CategoryFeatureId":"6228","CategoryFeatureGroupID":"1309","SortNo":"55","PresentationValue":"155 mm","RawValue":"155","LocalValue":"155","Description":"The measurement or extent of something from side to side.","Mandatory":"1","Searchable":"0","Optional":"0","Feature":{"ID":"1649","Sign":"","Measure":{"ID":"24","Sign":"","Signs":{"ID":"13815","_":"mm","Language":"FI"}},"Name":{"Value":"Tuotteen leveys","Language":"FI"}}},{"Localized":0,"ID":818190207,"LocalID":0,"Type":"numerical","Value":"337","CategoryFeatureId":"6225","CategoryFeatureGroupID":"1309","SortNo":"54","PresentationValue":"337 mm","RawValue":"337","LocalValue":"337","Description":"The distance from the front to the back of something.","Mandatory":"1","Searchable":"0","Optional":"0","Feature":{"ID":"1650","Sign":"","Measure":{"ID":"24","Sign":"","Signs":{"ID":"13815","_":"mm","Language":"FI"}},"Name":{"Value":"Tuotteen syvyys","Language":"FI"}}},{"Localized":0,"ID":818190205,"LocalID":0,"Type":"numerical","Value":"308","CategoryFeatureId":"6226","CategoryFeatureGroupID":"1309","SortNo":"53","PresentationValue":"308 mm","RawValue":"308","LocalValue":"308","Description":"Tuotteen korkeus","Mandatory":"1","Searchable":"0","Optional":"0","Feature":{"ID":"1464","Sign":"","Measure":{"ID":"24","Sign":"","Signs":{"ID":"13815","_":"mm","Language":"FI"}},"Name":{"Value":"Tuotteen korkeus","Language":"FI"}}},{"Localized":0,"ID":818190217,"LocalID":0,"Type":"numerical","Value":"5570","CategoryFeatureId":"8718","CategoryFeatureGroupID":"1309","SortNo":"45","PresentationValue":"5,57 kg","RawValue":"5570","LocalValue":"5,57","Description":"Tuotteen paino ilman pakkausta (Nettopaino). Jos mahdollista, nettopaino ilmaistaan vakiovarusteineet ja tarvikkeet mukaan laskettuna. Huomaa, että joskus valmistaja antaa kaupallisen tulkinnan tuotteen painosta, jättämällä pois  lisävarusteiden ja / tai tarvikkeiden painon.","Mandatory":"1","Searchable":"0","Optional":"0","Feature":{"ID":"94","Sign":"","Measure":{"ID":"38","Sign":"","Signs":{"ID":"13826","_":"g","Language":"FI"}},"Name":{"Value":"Paino","Language":"FI"}}},{"Localized":0,"ID":818190213,"LocalID":0,"Type":"numerical","Value":"400","CategoryFeatureId":"74308","CategoryFeatureGroupID":"1309","SortNo":"-10","PresentationValue":"400 mm","RawValue":"400","LocalValue":"400","Description":"The distance from one side of the packaging to the other.","Mandatory":"0","Searchable":"0","Optional":"0","Feature":{"ID":"3808","Sign":"","Measure":{"ID":"24","Sign":"","Signs":{"ID":"13815","_":"mm","Language":"FI"}},"Name":{"Value":"Pakkauksen leveys","Language":"FI"}}},{"Localized":0,"ID":818190211,"LocalID":0,"Type":"numerical","Value":"499","CategoryFeatureId":"74309","CategoryFeatureGroupID":"1309","SortNo":"-11","PresentationValue":"499 mm","RawValue":"499","LocalValue":"499","Description":"The distance from the front to the back of the packaging.","Mandatory":"0","Searchable":"0","Optional":"0","Feature":{"ID":"3806","Sign":"","Measure":{"ID":"24","Sign":"","Signs":{"ID":"13815","_":"mm","Language":"FI"}},"Name":{"Value":"Pakkauksen syvyys","Language":"FI"}}},{"Localized":0,"ID":818190215,"LocalID":0,"Type":"numerical","Value":"287","CategoryFeatureId":"74310","CategoryFeatureGroupID":"1309","SortNo":"-12","PresentationValue":"287 mm","RawValue":"287","LocalValue":"287","Description":"The distance from the top to the bottom of the packaging.","Mandatory":"0","Searchable":"0","Optional":"0","Feature":{"ID":"3807","Sign":"","Measure":{"ID":"24","Sign":"","Signs":{"ID":"13815","_":"mm","Language":"FI"}},"Name":{"Value":"Pakkauksen korkeus","Language":"FI"}}},{"Localized":0,"ID":818190212,"LocalID":0,"Type":"numerical","Value":"8720","CategoryFeatureId":"4976","CategoryFeatureGroupID":"1309","SortNo":"-13","PresentationValue":"8,72 kg","RawValue":"8720","LocalValue":"8,72","Description":"Pakatun tuotteen paino grammoina.","Mandatory":"0","Searchable":"0","Optional":"0","Feature":{"ID":"762","Sign":"","Measure":{"ID":"38","Sign":"","Signs":{"ID":"13826","_":"g","Language":"FI"}},"Name":{"Value":"Pakkauksen paino","Language":"FI"}}}]},{"ID":82594,"SortNo":"0","FeatureGroup":{"ID":"5","Name":{"Value":"Näyttö","Language":"FI"}},"Features":[{"Localized":0,"ID":826175079,"LocalID":0,"Type":"y_n","Value":"N","CategoryFeatureId":"11391","CategoryFeatureGroupID":"82594","SortNo":"500","PresentationValue":"Ei","RawValue":"N","LocalValue":"Ei","Description":"This product includes a display.","Mandatory":"1","Searchable":"1","Optional":"0","Feature":{"ID":"2177","Sign":"","Measure":{"ID":"26","Sign":"","Signs":{"ID":"","_":"","Language":"FI"}},"Name":{"Value":"Näyttö sisältyy","Language":"FI"}}}]},{"ID":10935,"SortNo":"-15","FeatureGroup":{"ID":"0","Name":{"Value":"Technical details","Language":"EN"}},"Features":[{"Localized":1,"ID":0,"LocalID":554008182,"Type":"text","Value":"","CategoryFeatureId":"974237","CategoryFeatureGroupID":"10935","SortNo":"0","PresentationValue":"https://support.hp.com/us-en/document/ish_6126692-6126777-16?openCLC=true ; HP REG 23010, 08028 Barcelona, Spain ; reg@hp.com","RawValue":"","LocalValue":"https://support.hp.com/us-en/document/ish_6126692-6126777-16?openCLC=true ; HP REG 23010, 08028 Barcelona, Spain ; reg@hp.com","Description":"","Mandatory":"0","Searchable":"0","Optional":"0","Feature":{"ID":"48462","Sign":"","Measure":{"ID":"29","Sign":"","Signs":{"ID":"","_":"","Language":"FI"}},"Name":{"Value":"Yleisen tuoteturvallisuusasetuksen (GPSR) URL-osoite","Language":"FI"}}}]},{"ID":6656,"SortNo":"-1000","FeatureGroup":{"ID":"146","Name":{"Value":"Muut ominaisuudet","Language":"FI"}},"Features":[{"Localized":1,"ID":0,"LocalID":554008178,"Type":"textarea","Value":"","CategoryFeatureId":"1085116","CategoryFeatureGroupID":"6656","SortNo":"0","PresentationValue":"1 vuoden (1/1/0) rajoitettu takuu sisältää 1 vuoden takuun osille ja työlle. Ei korjausta asiakkaan luona. Ehdot ja edellytykset vaihtelevat maittain. Tietyt rajoitukset ja poikkeukset ovat voimassa.","RawValue":"","LocalValue":"1 vuoden (1/1/0) rajoitettu takuu sisältää 1 vuoden takuun osille ja työlle. Ei korjausta asiakkaan luona. Ehdot ja edellytykset vaihtelevat maittain. Tietyt rajoitukset ja poikkeukset ovat voimassa.","Description":"","Mandatory":"0","Searchable":"0","Optional":"1","Feature":{"ID":"48728","Sign":"","Measure":{"ID":"29","Sign":"","Signs":{"ID":"","_":"","Language":"FI"}},"Name":{"Value":"Valmistajan takuu","Language":"FI"}}}]}],"FeatureLogos":[{"LogoPic":"https://images.icecat.biz/img/feature_logo/1-8100.png","Width":"300","Height":"300","Size":"0","ThumbPic":"https://images.icecat.biz/img/feature_logo_thumbs/1-8100.png","FeatureID":"2183","Value":"Y","KeyLogo":0},{"LogoPic":"https://images.icecat.biz/img/feature_logo/413-9054.png","Width":"300","Height":"300","Size":"0","ThumbPic":"https://images.icecat.biz/img/feature_logo_thumbs/413-9054.png","FeatureID":"44870","Value":"Intel Core i5-11xxx","KeyLogo":1,"Description":{"Value":"Intel® Core™ i5 -suorittimet – Työskentele, pelaa ja luo nopeasti ja saumattomasti.<br><br>-Entistä nopeamman suorituskyvyn ansiosta ihmiset voivat keskittyä, luoda ja pitää yhteyttä entistä tehokkaammin<br>-Vaatimustason nostaminen yhteyksissä<br>-Videoeditointi alle minuutissa","Language":"FI"}},{"LogoPic":"https://images.icecat.biz/img/feature_logo/413-9054.png","Width":"300","Height":"300","Size":"0","ThumbPic":"https://images.icecat.biz/img/feature_logo_thumbs/413-9054.png","FeatureID":"44870","Value":"Intel Core i5-14xxx","KeyLogo":1,"Description":{"Value":"Intel® Core™ i5 -suorittimet – Työskentele, pelaa ja luo nopeasti ja saumattomasti.<br><br>-Entistä nopeamman suorituskyvyn ansiosta ihmiset voivat keskittyä, luoda ja pitää yhteyttä entistä tehokkaammin<br>-Vaatimustason nostaminen yhteyksissä<br>-Videoeditointi alle minuutissa","Language":"FI"}},{"LogoPic":"https://images.icecat.biz/img/feature_logo/1167-3328.png","Width":"300","Height":"300","Size":"0","ThumbPic":"https://images.icecat.biz/img/feature_logo_thumbs/1167-3328.png","FeatureID":"11441","Value":"hdd+ssd","KeyLogo":2},{"LogoPic":"https://images.icecat.biz/img/feature_logo/1167-3328.png","Width":"300","Height":"300","Size":"0","ThumbPic":"https://images.icecat.biz/img/feature_logo_thumbs/1167-3328.png","FeatureID":"11441","Value":"SSD","KeyLogo":2},{"LogoPic":"https://images.icecat.biz/img/feature_logo/1167-3328.png","Width":"300","Height":"300","Size":"0","ThumbPic":"https://images.icecat.biz/img/feature_logo_thumbs/1167-3328.png","FeatureID":"11441","Value":"ssd+emmc","KeyLogo":2},{"LogoPic":"https://images.icecat.biz/img/feature_logo/1178-5315.png","Width":"300","Height":"300","Size":"0","ThumbPic":"https://images.icecat.biz/img/feature_logo_thumbs/1178-5315.png","FeatureID":"22704","Value":"1","KeyLogo":3},{"LogoPic":"https://images.icecat.biz/img/feature_logo/1178-5315.png","Width":"300","Height":"300","Size":"0","ThumbPic":"https://images.icecat.biz/img/feature_logo_thumbs/1178-5315.png","FeatureID":"22704","Value":"2","KeyLogo":3},{"LogoPic":"https://images.icecat.biz/img/feature_logo/1178-5315.png","Width":"300","Height":"300","Size":"0","ThumbPic":"https://images.icecat.biz/img/feature_logo_thumbs/1178-5315.png","FeatureID":"22704","Value":"3","KeyLogo":3}],"ReasonsToBuy":[{"ReasonToBuyID":"90819420","Value":"Uudistetusta Käynnistä-valikosta uusiin tapoihin yhdistää sinulle tärkeisiin ihmisiin, uutisiin, peleihin ja sisältöihin – Windows 11 on paikka, jossa voi ajatella, ilmaista ja luoda luonnollisella tavalla.<sup>[6]</sup>","HighPic":"https://images.icecat.biz/img/bullets/133028274-687e40edd56a4219050382.jpg","HighPicSize":"0","No":"16","Title":"Hanki tuore näkökulma","Language":"FI","Updated":"2025-08-31 06:41:01","Origin":"RTB","IsPrivate":"0"},{"ReasonToBuyID":"90819421","Value":"Ole kaikkea sitä, mitä haluat olla, pelissä ja muussa optimoidun suorituskyvyn ja uusien ominaisuuksien avulla. Pelaa kovempaa ja työskentele fiksummin Intel Core -prosessoreilla.<sup>[7]</sup>","HighPic":"https://images.icecat.biz/img/bullets/133028274-687e40ee5d825917219988.jpg","HighPicSize":"0","No":"17","Title":"Pelaa ilman kompromisseja. Ylitä suorituskyky Intel Core- ja Intel Core Ultra -prosessoreilla","Language":"FI","Updated":"2025-08-31 06:41:01","Origin":"RTB","IsPrivate":"0"},{"ReasonToBuyID":"90819422","Value":"NVIDIA Blackwell -arkkitehtuurin pohjalla toimivat GeForce RTX™ 50 -sarjan näytönohjaimet tuottavat mullistavia tekoälyominaisuuksia pelaajille ja sisällönluojille. Moninkertaista suorituskyky NVIDIA DLSS 4:llä, tuota kuvia ennennäkemättömällä nopeudella ja päästä luovuutesi valloilleen NVIDIA Studion avulla.<sup>[8]</sup>","HighPic":"https://images.icecat.biz/img/bullets/133028274-687e40eedc6d4154197330.jpg","HighPicSize":"0","No":"18","Title":"Pelisääntöjen mullistaja","Language":"FI","Updated":"2025-08-31 06:41:01","Origin":"RTB","IsPrivate":"0"},{"ReasonToBuyID":"90819423","Value":"Laite käynnistyy hetkessä jopa 512 Gt:n salamannopealla PCIe SSD -kovalevyllä.","HighPic":"https://images.icecat.biz/img/bullets/133028274-687e40ef62a12698789919.jpg","HighPicSize":"0","No":"19","Title":"PCIe SSD -tallennus","Language":"FI","Updated":"2025-08-31 06:41:01","Origin":"RTB","IsPrivate":"0"},{"ReasonToBuyID":"92197093","Value":"Tämä tekniikka tuottaa autenttista, tilavaikutelmaltaan täsmällistä 3D-ääntä missä tahansa kuulokkeissa. Siinä on erikoisviritettyjä äänitiloja eri pelityypeille, jotta immersion avulla voidaan tuottaa mahdollisimman hyvä viihdekokemus.<sup>[9]</sup>","HighPic":"https://images.icecat.biz/img/bullets/133028274-68a1c46d3c81e646350600.jpg","HighPicSize":"0","No":"20","Title":"DTS: X® Ultra -tekniikka","Language":"FI","Updated":"2025-08-31 06:41:01","Origin":"RTB","IsPrivate":"0"},{"ReasonToBuyID":"92197094","Value":"Liitä ulkoinen tallennuslaite USB Type-C® -liitäntään, jonka tiedonsiirtonopeus on 10 Gb/s. Liittimen voi kytkeä liitäntään kummin päin tahansa, joten liität sen aina oikein.<sup>[10]</sup>","HighPic":"https://images.icecat.biz/img/bullets/133028274-68a1c46dda4cd720132488.jpg","HighPicSize":"0","No":"21","Title":"USB Type-C® – tiedonsiirtonopeus 10 Gb/s","Language":"FI","Updated":"2025-08-31 06:41:01","Origin":"RTB","IsPrivate":"0"},{"ReasonToBuyID":"90819426","Value":"Kun langaton yhteys yskii, voit kytkeä nopeasti Ethernet-johdon, jotta internet-yhteys toimii sujuvasti ilman langattoman yhteyden ongelmia.","HighPic":"https://images.icecat.biz/img/bullets/133028274-687e40f613948524053505.jpg","HighPicSize":"0","No":"22","Title":"Ethernet-portti","Language":"FI","Updated":"2025-08-31 06:41:01","Origin":"RTB","IsPrivate":"0"},{"ReasonToBuyID":"90819427","Value":"Kaksoiskanavatekniikan ansiosta kaksi kanavaa toimii samanaikaisesti ja kaksinkertaistaa tiedonsiirtonopeuden muistiohjaimen ja RAM-muistin välillä. Tämä kasvattaa järjestelmän suorituskykyä.","HighPic":"https://images.icecat.biz/img/bullets/133028274-687e40f6b080a917887921.jpg","HighPicSize":"0","No":"23","Title":"Kaksikanavainen muisti","Language":"FI","Updated":"2025-08-31 06:41:01","Origin":"RTB","IsPrivate":"0"},{"ReasonToBuyID":"92197095","Value":"Nauti erittäin nopeasta gigabittiluokan tiedonsiirrosta Wi-Fi 6 (2x2) ja Bluetooth® 5.3 -yhdistelmällä<sup>[11]</sup>","HighPic":"https://images.icecat.biz/img/bullets/133028274-68a1c46f74aff453329502.jpg","HighPicSize":"0","No":"24","Title":"Helppo liitettävyys","Language":"FI","Updated":"2025-08-31 06:41:01","Origin":"RTB","IsPrivate":"0"},{"ReasonToBuyID":"92670307","Value":"OMEN Gaming Hubissa on kaikki tarvittava pelikokemuksen parantamiseen. OMEN Gaming Hub auttaa parantamaan pelaamisen laatua vaivattomasti ja mutkattomasti ohjelmistoparannuksista laitehallintaan, live-palveluja unohtamatta.","HighPic":"https://images.icecat.biz/img/bullets/133028274-68b3d24a29f98741593626.jpg","HighPicSize":"0","No":"25","Title":"OMEN Gaming Hub","Language":"FI","Updated":"2025-08-31 06:41:01","Origin":"RTB","IsPrivate":"0"},{"ReasonToBuyID":"90819430","Value":"Pelaa satoja korkealaatuisia PC-pelejä uudella HP-laitteellasi – saat PC Game Passin maksutta kolmeksi kuukaudeksi, mukaan lukien EA Play. Uusia pelejä lisätään jatkuvasti, joten löydät aina jotakin uutta pelattavaa.<sup>[12]</sup>","HighPic":"https://images.icecat.biz/img/bullets/133028274-687e40f84c360144606303.jpg","HighPicSize":"0","No":"26","Title":"Kokeile PC Game Passia ilmaiseksi uudella HP-laitteellasi","Language":"FI","Updated":"2025-08-31 06:41:01","Origin":"RTB","IsPrivate":"0"},{"ReasonToBuyID":"90643049","Value":"Nauti sulavasta pelaamisesta ja parannetusta jäähdytyksestä ilmavirtausta tehostavilla, mukautettavan valaistuksen tarjoavilla CPU-tuulettimilla.","HighPic":"https://images.icecat.biz/img/bullets/133028274-68750efe3e7f1573136919.jpg","HighPicSize":"0","No":"27","Title":"Valmistaudu mahtavaan pelaamiseen","Language":"FI","Updated":"2025-08-31 06:41:01","Origin":"RTB","IsPrivate":"0"},{"ReasonToBuyID":"90643050","Value":"Piristä tilaasi tyylikkäällä, kompaktilla muotoilulla, joka sopii täydellisesti rentoutumiseen ja pelaamiseen.","HighPic":"https://images.icecat.biz/img/bullets/133028274-68750efec0ff3790761945.jpg","HighPicSize":"0","No":"28","Title":"Kompakti koko, upeaa pelaamista","Language":"FI","Updated":"2025-08-31 06:41:01","Origin":"RTB","IsPrivate":"0"},{"ReasonToBuyID":"90643051","Value":"Personoi asennus mukautettavalla RGB-valaistuksella ja pelin räätälöidyillä asetussuosituksilla OGH:ssa.","HighPic":"https://images.icecat.biz/img/bullets/133028274-68750eff4c7de146756256.jpg","HighPicSize":"0","No":"29","Title":"Mukauta pelikokemustasi","Language":"FI","Updated":"2025-08-31 06:41:01","Origin":"RTB","IsPrivate":"0"},{"ReasonToBuyID":"90643052","Value":"Innovoimme määrätietoisesti<sup>[2,3]</sup> vaikuttaaksemme positiivisen ja kestävän muutoksen aikaansaamiseen<sup>[4,5]</sup>.","HighPic":"https://images.icecat.biz/img/bullets/133028274-68750effc3c72898025592.jpg","HighPicSize":"0","No":"30","Title":"Vastuullisuutta käytännössä","Language":"FI","Updated":"2025-08-31 06:41:01","Origin":"RTB","IsPrivate":"0"}],"Reviews":[],"ProductRelated":[{"ID":367313477,"CategoryID":222,"Preferred":0,"IcecatID":124640396,"ProductCode":"9R181E9","ThumbPic":"","ProductName":"OMEN Transcend 31.5 inch UHD 240Hz OLED Gaming Monitor - OMEN Transcend 32","Brand":"HP","BrandID":1,"ProductRelatedLocales":[{"ID":0,"Language":"FI","Preferred":0,"StartDate":"","EndDate":""}]},{"ID":367313488,"CategoryID":222,"Preferred":0,"IcecatID":124258566,"ProductCode":"9D9V7E9","ThumbPic":"","ProductName":"Series 5 Pro Full HD USB-C 23,8″ -näyttö – 524pu","Brand":"HP","BrandID":1,"ProductRelatedLocales":[{"ID":0,"Language":"FI","Preferred":0,"StartDate":"","EndDate":""}]},{"ID":370205005,"CategoryID":222,"Preferred":0,"IcecatID":122258336,"ProductCode":"9D9V7AA","ThumbPic":"","ProductName":"Series 5 Pro Full HD USB-C 23,8″ -näyttö – 524pu","Brand":"HP","BrandID":1,"ProductRelatedLocales":[{"ID":0,"Language":"FI","Preferred":0,"StartDate":"","EndDate":""}]},{"ID":368195724,"CategoryID":222,"Preferred":0,"IcecatID":122258335,"ProductCode":"9E0G5AA","ThumbPic":"","ProductName":"Series 5 Pro QHD USB-C 27″ -näyttö – 527pu","Brand":"HP","BrandID":1,"ProductRelatedLocales":[{"ID":0,"Language":"FI","Preferred":0,"StartDate":"","EndDate":""}]},{"ID":360512856,"CategoryID":222,"Preferred":0,"IcecatID":122083027,"ProductCode":"9U5J5AF","ThumbPic":"","ProductName":"Series 3 Pro Full HD 23,8” -näyttö – 324pf","Brand":"HP","BrandID":1,"ProductRelatedLocales":[{"ID":0,"Language":"FI","Preferred":0,"StartDate":"","EndDate":""}]},{"ID":370204954,"CategoryID":222,"Preferred":0,"IcecatID":122083026,"ProductCode":"9U5B0AF","ThumbPic":"","ProductName":"Series 3 Pro Full HD 21,5” -näyttö – 322pf","Brand":"HP","BrandID":1,"ProductRelatedLocales":[{"ID":0,"Language":"FI","Preferred":0,"StartDate":"","EndDate":""}]},{"ID":370204993,"CategoryID":222,"Preferred":0,"IcecatID":120982533,"ProductCode":"9D9S0UT","ThumbPic":"","ProductName":"Series 5 Pro QHD 27″ -näyttö – 527pq","Brand":"HP","BrandID":1,"ProductRelatedLocales":[{"ID":0,"Language":"FI","Preferred":0,"StartDate":"","EndDate":""}]},{"ID":358078199,"CategoryID":222,"Preferred":0,"IcecatID":120982530,"ProductCode":"9D9L6UT","ThumbPic":"","ProductName":"Series 5 Pro Full HD 23,8″ -näyttö – 524pf","Brand":"HP","BrandID":1,"ProductRelatedLocales":[{"ID":0,"Language":"FI","Preferred":0,"StartDate":"","EndDate":""}]},{"ID":364071515,"CategoryID":222,"Preferred":0,"IcecatID":120982529,"ProductCode":"9D9A7AA","ThumbPic":"","ProductName":"Series 5 Pro WUXGA 24″ -näyttö – 524pn","Brand":"HP","BrandID":1,"ProductRelatedLocales":[{"ID":0,"Language":"FI","Preferred":0,"StartDate":"","EndDate":""}]},{"ID":360512523,"CategoryID":222,"Preferred":0,"IcecatID":120649642,"ProductCode":"8X534A5","ThumbPic":"","ProductName":"Series 7 Pro WUXGA 24” -näyttö – 724pn Ei PVC:tä","Brand":"HP","BrandID":1,"ProductRelatedLocales":[{"ID":0,"Language":"FI","Preferred":0,"StartDate":"","EndDate":""}]},{"ID":367313473,"CategoryID":222,"Preferred":0,"IcecatID":120649638,"ProductCode":"8J4D8A5","ThumbPic":"","ProductName":"Series 7 Pro QHD 27” -näyttö – 727pq Ei PVC:tä","Brand":"HP","BrandID":1,"ProductRelatedLocales":[{"ID":0,"Language":"FI","Preferred":0,"StartDate":"","EndDate":""}]},{"ID":364071606,"CategoryID":222,"Preferred":0,"IcecatID":120566211,"ProductCode":"9U5J5UT","ThumbPic":"","ProductName":"Series 3 Pro Full HD 23,8” -näyttö – 324pf","Brand":"HP","BrandID":1,"ProductRelatedLocales":[{"ID":0,"Language":"FI","Preferred":0,"StartDate":"","EndDate":""}]},{"ID":358078204,"CategoryID":222,"Preferred":0,"IcecatID":120566210,"ProductCode":"9U5B0UT","ThumbPic":"","ProductName":"Series 3 Pro Full HD 21,5” -näyttö – 322pf","Brand":"HP","BrandID":1,"ProductRelatedLocales":[{"ID":0,"Language":"FI","Preferred":0,"StartDate":"","EndDate":""}]},{"ID":370204924,"CategoryID":222,"Preferred":0,"IcecatID":120315447,"ProductCode":"8J4D8UT","ThumbPic":"","ProductName":"Series 7 Pro QHD 27” -näyttö – 727pq","Brand":"HP","BrandID":1,"ProductRelatedLocales":[{"ID":0,"Language":"FI","Preferred":0,"StartDate":"","EndDate":""}]},{"ID":370204933,"CategoryID":222,"Preferred":0,"IcecatID":120311594,"ProductCode":"9U5C1AA","ThumbPic":"","ProductName":"Series 3 Pro Full HD 23,8” -näyttö – 324pv","Brand":"HP","BrandID":1,"ProductRelatedLocales":[{"ID":0,"Language":"FI","Preferred":0,"StartDate":"","EndDate":""}]},{"ID":370204946,"CategoryID":222,"Preferred":0,"IcecatID":120311593,"ProductCode":"9U5A2AA","ThumbPic":"","ProductName":"Series 3 Pro Full HD 21,45” -näyttö – 322pv","Brand":"HP","BrandID":1,"ProductRelatedLocales":[{"ID":0,"Language":"FI","Preferred":0,"StartDate":"","EndDate":""}]},{"ID":364071770,"CategoryID":222,"Preferred":0,"IcecatID":120243849,"ProductCode":"8X530E9","ThumbPic":"","ProductName":"Series 7 Pro 23,8\" -Full HD -näyttö – 724pf","Brand":"HP","BrandID":1,"ProductRelatedLocales":[{"ID":0,"Language":"FI","Preferred":0,"StartDate":"","EndDate":""}]},{"ID":364071534,"CategoryID":222,"Preferred":0,"IcecatID":120243843,"ProductCode":"8J4D8E9","ThumbPic":"","ProductName":"Series 7 Pro QHD 27” -näyttö – 727pq","Brand":"HP","BrandID":1,"ProductRelatedLocales":[{"ID":0,"Language":"FI","Preferred":0,"StartDate":"","EndDate":""}]},{"ID":370204961,"CategoryID":222,"Preferred":0,"IcecatID":120195588,"ProductCode":"8X534E9","ThumbPic":"","ProductName":"Series 7 Pro WUXGA 24” -näyttö – 724pn","Brand":"HP","BrandID":1,"ProductRelatedLocales":[{"ID":0,"Language":"FI","Preferred":0,"StartDate":"","EndDate":""}]},{"ID":367313485,"CategoryID":222,"Preferred":0,"IcecatID":118672772,"ProductCode":"9R181AA","ThumbPic":"","ProductName":"OMEN Transcend UHD 240 Hz OLED 31,5″ -pelinäyttö – OMEN transcend 32","Brand":"HP","BrandID":1,"ProductRelatedLocales":[{"ID":0,"Language":"FI","Preferred":0,"StartDate":"","EndDate":""}]},{"ID":367313482,"CategoryID":222,"Preferred":0,"IcecatID":118672771,"ProductCode":"99Z68AA","ThumbPic":"","ProductName":"OMEN by HP 144 Hz UHD 31,5\" -älynäyttö pelaamiseen – OMEN 32x","Brand":"HP","BrandID":1,"ProductRelatedLocales":[{"ID":0,"Language":"FI","Preferred":0,"StartDate":"","EndDate":""}]},{"ID":360512510,"CategoryID":222,"Preferred":0,"IcecatID":118627955,"ProductCode":"8X530A5","ThumbPic":"","ProductName":"Series 7 Pro Full HD 23,8” -näyttö – 724pf Ei PVC:tä","Brand":"HP","BrandID":1,"ProductRelatedLocales":[{"ID":0,"Language":"FI","Preferred":0,"StartDate":"","EndDate":""}]},{"ID":360512536,"CategoryID":222,"Preferred":0,"IcecatID":116693805,"ProductCode":"8X534AA","ThumbPic":"","ProductName":"Series 7 Pro WUXGA 24” -näyttö – 724pn","Brand":"HP","BrandID":1,"ProductRelatedLocales":[{"ID":0,"Language":"FI","Preferred":0,"StartDate":"","EndDate":""}]},{"ID":370204917,"CategoryID":222,"Preferred":0,"IcecatID":116693804,"ProductCode":"8X530AA","ThumbPic":"","ProductName":"Series 7 Pro 23,8\" -Full HD -näyttö – 724pf","Brand":"HP","BrandID":1,"ProductRelatedLocales":[{"ID":0,"Language":"FI","Preferred":0,"StartDate":"","EndDate":""}]},{"ID":359895510,"CategoryID":222,"Preferred":0,"IcecatID":113758338,"ProductCode":"780K6AS","ThumbPic":"","ProductName":"OMEN by HP 31.5 inch QHD 165Hz Curved Gaming Monitor - OMEN 32c","Brand":"HP","BrandID":1,"ProductRelatedLocales":[{"ID":0,"Language":"FI","Preferred":0,"StartDate":"","EndDate":""}]},{"ID":359895525,"CategoryID":222,"Preferred":0,"IcecatID":113758337,"ProductCode":"780J4AS","ThumbPic":"","ProductName":"OMEN by HP 27 inch QHD 240Hz Gaming Monitor - OMEN 27qs","Brand":"HP","BrandID":1,"ProductRelatedLocales":[{"ID":0,"Language":"FI","Preferred":0,"StartDate":"","EndDate":""}]},{"ID":367313478,"CategoryID":222,"Preferred":0,"IcecatID":113758336,"ProductCode":"780H4AS","ThumbPic":"","ProductName":"OMEN by HP 27 inch QHD 165Hz Gaming Monitor - OMEN 27q","Brand":"HP","BrandID":1,"ProductRelatedLocales":[{"ID":0,"Language":"FI","Preferred":0,"StartDate":"","EndDate":""}]},{"ID":367313494,"CategoryID":222,"Preferred":0,"IcecatID":110604308,"ProductCode":"780D9E9","ThumbPic":"","ProductName":"OMEN by HP 165 Hz Full HD 23,8\" -pelinäyttö – OMEN 24","Brand":"HP","BrandID":1,"ProductRelatedLocales":[{"ID":0,"Language":"FI","Preferred":0,"StartDate":"","EndDate":""}]},{"ID":370205011,"CategoryID":222,"Preferred":0,"IcecatID":108997871,"ProductCode":"780K0E9","ThumbPic":"","ProductName":"OMEN by HP 165 Hz QHD 31,5\" -pelinäyttö – OMEN 32q","Brand":"HP","BrandID":1,"ProductRelatedLocales":[{"ID":0,"Language":"FI","Preferred":0,"StartDate":"","EndDate":""}]},{"ID":367313469,"CategoryID":222,"Preferred":0,"IcecatID":108997869,"ProductCode":"780H4E9","ThumbPic":"","ProductName":"OMEN by HP 165 Hz QHD 27\" -pelinäyttö – OMEN 27q","Brand":"HP","BrandID":1,"ProductRelatedLocales":[{"ID":0,"Language":"FI","Preferred":0,"StartDate":"","EndDate":""}]},{"ID":367313484,"CategoryID":222,"Preferred":0,"IcecatID":108870835,"ProductCode":"780K8AA","ThumbPic":"","ProductName":"OMEN by HP 165 Hz WQHD 34\" -kaareva pelinäyttö – OMEN 34c","Brand":"HP","BrandID":1,"ProductRelatedLocales":[{"ID":0,"Language":"FI","Preferred":0,"StartDate":"","EndDate":""}]},{"ID":368195719,"CategoryID":222,"Preferred":0,"IcecatID":108870833,"ProductCode":"780K0AA","ThumbPic":"","ProductName":"OMEN by HP 165 Hz QHD 31,5\" -pelinäyttö – OMEN 32q","Brand":"HP","BrandID":1,"ProductRelatedLocales":[{"ID":0,"Language":"FI","Preferred":0,"StartDate":"","EndDate":""}]},{"ID":359895552,"CategoryID":222,"Preferred":0,"IcecatID":108754452,"ProductCode":"64W34AF","ThumbPic":"","ProductName":"P24h G5 Full HD -näyttö","Brand":"HP","BrandID":1,"ProductRelatedLocales":[{"ID":0,"Language":"FI","Preferred":0,"StartDate":"","EndDate":""}]},{"ID":364071612,"CategoryID":222,"Preferred":0,"IcecatID":101365136,"ProductCode":"4Q8N9AT","ThumbPic":"","ProductName":"Z24m G3 QHD -kokousnäyttö","Brand":"HP","BrandID":1,"ProductRelatedLocales":[{"ID":0,"Language":"FI","Preferred":0,"StartDate":"","EndDate":""}]},{"ID":370205007,"CategoryID":222,"Preferred":0,"IcecatID":93323783,"ProductCode":"169L0E9","ThumbPic":"","ProductName":"E24mv G4 Full HD Conferencing -näyttö","Brand":"HP","BrandID":1,"ProductRelatedLocales":[{"ID":0,"Language":"FI","Preferred":0,"StartDate":"","EndDate":""}]},{"ID":370204969,"CategoryID":222,"Preferred":0,"IcecatID":71433803,"ProductCode":"5RD66AA","ThumbPic":"","ProductName":"HvkjHP P204v -näyttö, 19,5 tuumaa","Brand":"HP","BrandID":1,"ProductRelatedLocales":[{"ID":0,"Language":"FI","Preferred":0,"StartDate":"","EndDate":""}]}],"CatalogObjectCloud":{},"Variants":[{"VariantID":"1586812","VariantIdentifiers":[{"Identifier Type":"GTIN13","Value":"0199485882192","IsApproved":true},{"Identifier Type":"GTIN13","Value":"199485882192","IsApproved":true},{"Identifier Type":"BrandProductCode","Value":"C59K5EA#UUW"}],"VariantFeatures":[],"VariantImages":[],"VariantMultimedia":[],"VariantDescriptions":"OMEN 16L Gaming Desktop TG03-0820no PC"}],"ProductStory":[{"ID":"A4065652-37EB-4729-B3FD-0C4C6D7B4922","URL":"https://live-html.icecat.biz/004c50856a0c91bbf18c857fae946988/index.html","Type":"ProductStory","ContentType":"application/zip","KeepAsUrl":"0","Description":"ProductStory","Size":"4719","IsPrivate":"0","Updated":"2025-09-09 21:51:14","Language":"FI","IsVideo":0}],"Dictionary":{"model_name":"Tuotenimi","desc":"Kuvaus","ean_code":"EAN/UPC-koodi","flash360":"3D-esittely","demo_msg_part3":"Jos sinulla ei ole Icecat-k&auml;ytt&auml;j&auml;tili&auml;, ole hyv&auml; ja rekister&ouml;idy maksutta t&auml;&auml;lt&auml;.","repairability_index":"Repairability index","zoom_panel_init":"Alkuper&auml;inen koko","cat_name":"Ryhm&auml;","product_family":"Tuoteperhe","back_to_top":"Takaisin yl&ouml;s","zoom_panel_out":"Loitonna","specs":"Tekniset tiedot","eu_product_fiche":"EU-tuoteseloste","reviews_head_name":"Arvostelut","pdf_specs":"Tuote-esite","zoom_panel_in":"L&auml;henn&auml;","html_content":"","release_date":"Julkaisup&auml;iv&auml;","demo_msg_part1":"K&auml;yt&auml;t t&auml;ll&auml; hetkell&auml; demo-k&auml;ytt&auml;j&auml;tili&auml;. Ole hyv&auml; ja k&auml;yt&auml; omaa Icecat-k&auml;ytt&auml;j&auml;tili&auml;si.","demo_insert_desc":"This is a demo of a seamless insert of an Icecat LIVE product data-sheet in your website. Imagine that this responsive data-sheet is included in the product page of your webshop.","pdf_url":"K&auml;ytt&ouml;opas","prod_code":"Tuotekoodi","supplier_name":"Tuotemerkki","video":"Video","reasons_to_buy":"Syitä ostaa","marketing_text":"Kuvaus","options_head_name":"Vaihtoehdot","product_series":"Tuotesarja","demo_msg_part2":"Icecat k&auml;ytt&auml;j&auml;tunnuksesi","link_integrate_desk":"Kuinka integroida Icecat LIVE JavaScript.","zoom_panel_dragg":"Hiirell&auml; vet&auml;minen","eu_energy_label":"EU-energiamerkintä"},"DemoAccount":false}}