{"msg":"OK","data":{"GeneralInfo":{"IcecatId":134704496,"ReleaseDate":"","EndOfLifeDate":"","Title":"Bayer Claritin Tabletti","TitleInfo":{"GeneratedIntTitle":"Bayer Claritin","GeneratedLocalTitle":{"Value":"Bayer Claritin Tabletti","Language":"FI"},"BrandLocalTitle":{"Value":"","Language":"FI"}},"Brand":"Bayer","BrandID":"1870","BrandLogo":"","BrandInfo":{"BrandName":"Bayer","BrandLocalName":"","BrandLogo":""},"ProductName":"Claritin","ProductNameInfo":{"ProductIntName":"Claritin","ProductLocalName":{"Value":"","Language":"FI"}},"BrandPartCode":"CLARITIN-D","GTIN":[],"Category":{"CategoryID":"4879","Name":{"Value":"Antiallergiset lääkkeet","Language":"FI"}},"ProductFamily":{},"ProductSeries":{"SeriesID":"1"},"Description":{},"SummaryDescription":{"ShortSummaryDescription":"Bayer Claritin, Tabletti","LongSummaryDescription":"Bayer Claritin. Annostelutapa: Tabletti, Soveltuvuus: Aikuiset & Lapset, Alaikäraja: 12 vuosi/vuosia"},"BulletPoints":{},"GeneratedBulletPoints":{},"GTINs":[]},"Image":{"HighPic":"https://inishop.com/img/gallery/b31a4eb9c91c920ca36a1af001fe397d632531ca.jpg","HighPicSize":"679109","HighPicHeight":"780","HighPicWidth":"1085","LowPic":"https://inishop.com/img/gallery_lows/5da1e86b8fce0d2224e12e6e01998794e1894295.jpg","LowPicSize":"38144","LowPicHeight":"144","LowPicWidth":"200","Pic500x500":"https://inishop.com/img/gallery_mediums/4f3f5b7ea28154f6b2b60bfef6d24073ce62f2cd.jpg","Pic500x500Size":"185588","Pic500x500Height":"359","Pic500x500Width":"500","ThumbPic":"https://inishop.com/img/gallery_thumbs/8ffd2d406f6e0c1414267441a22c9eea927bb984.jpg","ThumbPicSize":"7930"},"Multimedia":[],"Gallery":[{"ID":"117114007","LowPic":"https://inishop.com/img/gallery_lows/5da1e86b8fce0d2224e12e6e01998794e1894295.jpg","LowSize":"38144","LowHeight":"144","LowWidth":"200","ThumbPic":"https://inishop.com/img/gallery_thumbs/8ffd2d406f6e0c1414267441a22c9eea927bb984.jpg","ThumbPicSize":"7930","Pic":"https://inishop.com/img/gallery/b31a4eb9c91c920ca36a1af001fe397d632531ca.jpg","Size":"679109","PicHeight":"780","PicWidth":"1085","Pic500x500":"https://inishop.com/img/gallery_mediums/4f3f5b7ea28154f6b2b60bfef6d24073ce62f2cd.jpg","Pic500x500Size":"185588","Pic500x500Height":"359","Pic500x500Width":"500","No":"1","IsMain":"Y","Updated":"2025-09-09 15:19:49","IsPrivate":"0","Type":"ProductImage","Attributes":{"OriginalFileName":""}},{"ID":"117114008","LowPic":"https://inishop.com/img/gallery_lows/9d22fcc36b3d2d5702313c9443562fb4a5993b18.jpg","LowSize":"36976","LowHeight":"144","LowWidth":"200","ThumbPic":"https://inishop.com/img/gallery_thumbs/cd3fc164e63941fd3262eab4782b4e3c5818aecc.jpg","ThumbPicSize":"6774","Pic":"https://inishop.com/img/gallery/57f7886768e41cd0db837d0f9e1d7a3765db1aa5.jpg","Size":"836654","PicHeight":"782","PicWidth":"1085","Pic500x500":"https://inishop.com/img/gallery_mediums/19e449044865e600a7ad0e95502e15ba2c25faa6.jpg","Pic500x500Size":"206448","Pic500x500Height":"360","Pic500x500Width":"500","No":"2","IsMain":"N","Updated":"2025-09-09 15:19:55","IsPrivate":"0","Type":"ProductImage","Attributes":{"OriginalFileName":""}}],"FeaturesGroups":[{"ID":17656,"SortNo":"5","FeatureGroup":{"ID":"185","Name":{"Value":"Ominaisuudet","Language":"FI"}},"Features":[{"Localized":0,"ID":835288306,"LocalID":0,"Type":"dropdown","Value":"Tablet (substance)","CategoryFeatureId":"162301","CategoryFeatureGroupID":"17656","SortNo":"100","PresentationValue":"Tabletti","RawValue":"Tablet (substance)","LocalValue":"Tabletti","Description":"","Mandatory":"1","Searchable":"1","Optional":"0","Feature":{"ID":"25712","Sign":"","Measure":{"ID":"29","Sign":"","Signs":{"ID":"","_":"","Language":"FI"}},"Name":{"Value":"Annostelutapa","Language":"FI"}}},{"Localized":0,"ID":835288307,"LocalID":0,"Type":"dropdown","Value":"Adults & Children","CategoryFeatureId":"162302","CategoryFeatureGroupID":"17656","SortNo":"95","PresentationValue":"Aikuiset & Lapset","RawValue":"Adults & Children","LocalValue":"Aikuiset & Lapset","Description":"Who can use the product, or what the product can be used for.","Mandatory":"0","Searchable":"0","Optional":"0","Feature":{"ID":"9202","Sign":"","Measure":{"ID":"29","Sign":"","Signs":{"ID":"","_":"","Language":"FI"}},"Name":{"Value":"Soveltuvuus","Language":"FI"}}},{"Localized":0,"ID":835288344,"LocalID":0,"Type":"numerical","Value":"12","CategoryFeatureId":"162303","CategoryFeatureGroupID":"17656","SortNo":"90","PresentationValue":"12 vuosi/vuosia","RawValue":"12","LocalValue":"12","Description":"The minimum age suitable for using this product.","Mandatory":"0","Searchable":"0","Optional":"0","Feature":{"ID":"7769","Sign":"","Measure":{"ID":"439","Sign":"","Signs":{"ID":"39444","_":"vuosi/vuosia","Language":"FI"}},"Name":{"Value":"Alaikäraja","Language":"FI"}}},{"Localized":0,"ID":836150530,"LocalID":0,"Type":"numerical","Value":"12","CategoryFeatureId":"162305","CategoryFeatureGroupID":"17656","SortNo":"80","PresentationValue":"12 h","RawValue":"12","LocalValue":"12","Description":"","Mandatory":"0","Searchable":"0","Optional":"0","Feature":{"ID":"19115","Sign":"","Measure":{"ID":"46","Sign":"","Signs":{"ID":"13834","_":"h","Language":"FI"}},"Name":{"Value":"Vaikutuksen kesto","Language":"FI"}}},{"Localized":0,"ID":835288350,"LocalID":0,"Type":"numerical","Value":"10","CategoryFeatureId":"167648","CategoryFeatureGroupID":"17656","SortNo":"50","PresentationValue":"10","RawValue":"10","LocalValue":"10","Description":"","Mandatory":"0","Searchable":"0","Optional":"0","Feature":{"ID":"21173","Sign":"","Measure":{"ID":"29","Sign":"","Signs":{"ID":"","_":"","Language":"FI"}},"Name":{"Value":"Annosten määrä per pakkaus","Language":"FI"}}},{"Localized":0,"ID":835288347,"LocalID":0,"Type":"y_n","Value":"Y","CategoryFeatureId":"162306","CategoryFeatureGroupID":"17656","SortNo":"30","PresentationValue":"Kyllä","RawValue":"Y","LocalValue":"Kyllä","Description":"","Mandatory":"0","Searchable":"0","Optional":"0","Feature":{"ID":"25715","Sign":"","Measure":{"ID":"26","Sign":"","Signs":{"ID":"","_":"","Language":"FI"}},"Name":{"Value":"Väsyttämätön","Language":"FI"}}},{"Localized":0,"ID":836150531,"LocalID":0,"Type":"y_n","Value":"Y","CategoryFeatureId":"162310","CategoryFeatureGroupID":"17656","SortNo":"26","PresentationValue":"Kyllä","RawValue":"Y","LocalValue":"Kyllä","Description":"","Mandatory":"0","Searchable":"0","Optional":"0","Feature":{"ID":"18071","Sign":"","Measure":{"ID":"26","Sign":"","Signs":{"ID":"","_":"","Language":"FI"}},"Name":{"Value":"Pitkäkestoinen","Language":"FI"}}},{"Localized":0,"ID":835288348,"LocalID":0,"Type":"numerical","Value":"1","CategoryFeatureId":"280319","CategoryFeatureGroupID":"17656","SortNo":"0","PresentationValue":"1 kpl","RawValue":"1","LocalValue":"1","Description":"","Mandatory":"0","Searchable":"0","Optional":"0","Feature":{"ID":"20228","Sign":"","Measure":{"ID":"144","Sign":"","Signs":{"ID":"3770","_":"kpl","Language":"FI"}},"Name":{"Value":"Lukumäärä per pakkaus","Language":"FI"}}},{"Localized":0,"ID":835288354,"LocalID":0,"Type":"textarea","Value":"Loratadine 5 mg, Pseudoephedrine sulfate 120 mg","CategoryFeatureId":"162318","CategoryFeatureGroupID":"17656","SortNo":"-1","PresentationValue":"Loratadine 5 mg, Pseudoephedrine sulfate 120 mg","RawValue":"Loratadine 5 mg, Pseudoephedrine sulfate 120 mg","LocalValue":"Loratadine 5 mg, Pseudoephedrine sulfate 120 mg","Description":"","Mandatory":"0","Searchable":"0","Optional":"0","Feature":{"ID":"16908","Sign":"","Measure":{"ID":"29","Sign":"","Signs":{"ID":"","_":"","Language":"FI"}},"Name":{"Value":"Ainesosat","Language":"FI"}}}]}],"FeatureLogos":[],"ReasonsToBuy":[],"Reviews":[],"ProductRelated":[],"CatalogObjectCloud":{},"Variants":[],"ProductStory":[],"Dictionary":{"model_name":"Tuotenimi","desc":"Kuvaus","ean_code":"EAN/UPC-koodi","flash360":"3D-esittely","demo_msg_part3":"Jos sinulla ei ole Icecat-k&auml;ytt&auml;j&auml;tili&auml;, ole hyv&auml; ja rekister&ouml;idy maksutta t&auml;&auml;lt&auml;.","repairability_index":"Repairability index","zoom_panel_init":"Alkuper&auml;inen koko","cat_name":"Ryhm&auml;","product_family":"Tuoteperhe","back_to_top":"Takaisin yl&ouml;s","zoom_panel_out":"Loitonna","specs":"Tekniset tiedot","eu_product_fiche":"EU-tuoteseloste","reviews_head_name":"Arvostelut","pdf_specs":"Tuote-esite","zoom_panel_in":"L&auml;henn&auml;","html_content":"","release_date":"Julkaisup&auml;iv&auml;","demo_msg_part1":"K&auml;yt&auml;t t&auml;ll&auml; hetkell&auml; demo-k&auml;ytt&auml;j&auml;tili&auml;. Ole hyv&auml; ja k&auml;yt&auml; omaa Icecat-k&auml;ytt&auml;j&auml;tili&auml;si.","demo_insert_desc":"This is a demo of a seamless insert of an Icecat LIVE product data-sheet in your website. Imagine that this responsive data-sheet is included in the product page of your webshop.","pdf_url":"K&auml;ytt&ouml;opas","prod_code":"Tuotekoodi","supplier_name":"Tuotemerkki","video":"Video","reasons_to_buy":"Syitä ostaa","marketing_text":"Kuvaus","options_head_name":"Vaihtoehdot","product_series":"Tuotesarja","demo_msg_part2":"Icecat k&auml;ytt&auml;j&auml;tunnuksesi","link_integrate_desk":"Kuinka integroida Icecat LIVE JavaScript.","zoom_panel_dragg":"Hiirell&auml; vet&auml;minen","eu_energy_label":"EU-energiamerkintä"},"DemoAccount":false}}