{"msg":"OK","data":{"GeneralInfo":{"IcecatId":128674306,"ReleaseDate":"","EndOfLifeDate":"","Title":"Acer NITRO 50 N50-640 Intel® Core™ i5 i5-12400F 8 GB DDR4-SDRAM 512 GB SSD NVIDIA® GeForce® GTX 1650 Windows 11 Home Työpöytä PC musta","TitleInfo":{"GeneratedIntTitle":"Acer NITRO 50 N50-640","GeneratedLocalTitle":{"Value":"Acer NITRO 50 N50-640 Intel® Core™ i5 i5-12400F 8 GB DDR4-SDRAM 512 GB SSD NVIDIA® GeForce® GTX 1650 Windows 11 Home Työpöytä PC musta","Language":"FI"},"BrandLocalTitle":{"Value":"","Language":"FI"}},"Brand":"Acer","BrandID":"7","BrandLogo":"https://images.icecat.biz/img/brand/thumb/7_2e1091176d2d450eae2dce7506f1952f.jpg","BrandInfo":{"BrandName":"Acer","BrandLocalName":"","BrandLogo":"https://images.icecat.biz/img/brand/thumb/7_2e1091176d2d450eae2dce7506f1952f.jpg"},"ProductName":"N50-640","ProductNameInfo":{"ProductIntName":"N50-640","ProductLocalName":{"Value":"","Language":"FI"}},"BrandPartCode":"DG.E2VEQ.00X","GTIN":["4711121092718"],"Category":{"CategoryID":"153","Name":{"Value":"Tietokoneet/työasemat","Language":"FI"}},"ProductFamily":{"ProductFamilyID":"68959","Value":"NITRO","Language":"EN"},"ProductSeries":{"SeriesID":"6375","Value":"50","Language":"EN"},"Description":{"ID":"98462255","LongDesc":"Herätä peli-intosi Acer Nitro 50 -pelitietokoneella. Siinä on tehokkaat 14. sukupolven Intel® Core™ -prosessorit ja NVIDIA® GeForce RTX™ 40 -sarjan näytönohjain.<br><br><b>Tinkimätöntä peliä</b><br>Optimoidun suorituskyvyn ja uusien ominaisuuksien ansiosta saavutat kaiken haluamasi niin peleissä kuin niiden ulkopuolella. Pelaa kovemmin ja työskentele fiksummin Intel® Core ™ -prosessorien avulla. Lisäämällä nopean DDR5 RAM -muistin selviydyt kaikista tehtävistä huippunopeasti.<br><br><b>RTX ja tekoäly</b><br>Tutustu RTX-tekniikan ja tekoälyn hyötyihin. Windows-tietokoneiden parannetut luovat toiminnot, huikean tuottavuuden ja räjähtävän nopean pelaamisen mahdollistaa tekoäly, jonka perustana ovat NVIDIA RTX™ ja GeForce RTX™.<br><br><b>Tekoäly ja pelaaminen</b><br>Nosta pelikokemuksesi uudelle tasolle RTX- ja tekoälypohjaisen tekniikan avulla, joka parantaa kaikkea kuvataajuuksista tarkkuuteen.<br><br><b>Tekoäly ja luova työ</b><br>Saat sisällöntuotannon tehostamiseen yli 100 tekoälyä ja RTX-kiihdytystä hyödyntävää luovan työskentelyn sovellusta, kuten Adobe Creative Cloud -paketti, Blender, DaVinci Resolve, OBS Studio ja NVIDIA Studio -ohjelmiston ainutlaatuiset tekoälytyökalut.<br><br><b>Tuottavuutta ja viihdettä tekoälyllä</b><br>Suosikkisovelluksistasi suosikkiohjelmiisi, RTX-pohjainen tekoäly tekee arkipäiväisistä tehtävistäsi älykkäämpiä, nopeampia, terävämpiä ja nautinnollisempia. Voit unohtaa kaikki rajoitukset tekoälyn avulla.<br><br><b>NVIDIA® GEFORCE RTX™ 40 -SARJAN NÄYTÖNOHJAIMET</b><br>NVIDIA® GeForce RTX™ 40 -sarjan näytönohjaimet ovat nopeaakin nopeampia pelaajien ja luovaa työtä tekevien tarpeisiin. Niissä on erittäin tehokas NVIDIA Ada Lovelace -arkkitehtuuri, joka parantaa sekä suorituskykyä että tekoälyä hyödyntävää grafiikkaa. Koe aitoakin aidommat virtuaalimaailmat säteenseurannan ja ultranopean FPS-kuvanopeuden avulla, todella matalaa viivettä unohtamatta. Tutustu uusiin ja mullistaviin tapoihin luoda uutta ja kiihdyttää työnkulkuja.<br><br><b>Tekoälypohjainen suorituskyky ja aidot grafiikat</b><br>DLSS 3,5:ssä on uudet neljännen sukupolven Tensor-ytimet ja GeForce RTX 40 -sarjan näytönohjaimissa toimiva Optical Flow Accelerator -tekniikka, ja se luo tekoälyn avulla entistä laadukkaampaa pelikuvaa.<br><br><b>Realistinen valo säteenseurannalla</b><br>Ada-arkkitehtuuri päästää valloilleen säteenseurannan koko loiston, joka simuloi valon toimintaa tosielämässä. RTX 40 -sarjan tietokoneiden ja kolmannen sukupolven RT-ydinten tehon ansiosta voit kokea uskomattoman yksityiskohtaiset virtuaalimaailmat aivan uudella tavalla.<br><br><b>Optimoitu teho ja suorituskyky</b><br>Valikoima tekoälypohjaisia tekniikoita, jotka optimoivat tietokoneen kaikki osa-alueet – näytönohjaimen, prosessorin, muistin, jäähdytyksen, ohjelmistot ja näytön – jotta laitteet ovat tehokkaita, ohuita ja hiljaisia.<br><br><b>Nopeuden hurmaa</b><br>Nauti salamannopeista latauksista 1 Tt:n1 M.2 PCIe Gen4 -SSD-aseman ansiosta. PCIe® 4.0 NVMe™ -tekniikka takaa huikean suorituskyvyn, ja lisäksi käytössäsi on kaksi lisäpaikkaa 3,5-tuumaisille kiintolevyille. Pelit ja ohjelmistot latautuvat ennennäkemättömän nopeasti.<br><br><b>Täydellinen langaton lataus</b><br>Täydennä kokoonpanoa Nitro 50:n sisäisellä 10 W:n langattomalla latausalustalla2. Se on kätevästi tietokoneen päällä ja varmistaa, että laitteesi pysyvät ladattuina ja valmiina toimintaan.<br><br><b>Virtaviivainen ja näyttävä ulkoasu</b><br>Nitro 50:n vaikuttava muotoilu johtaa sinut tulevaisuuteen eloisan punaisilla valoillaan, aerodynaamisilla muodoillaan ja ilmaa kierrättävillä reunuksillaan. Sen taidokkaasti suunniteltu 18-litrainen kotelo huomataan niin työpöydällä kuin lattialla.<br><br><b>Ota ohjat NitroSensella</b><br>Määritä pelitilanteet, tarkkaile tiiviisti järjestelmän suorituskykyä tai varmista, että tuuletinten nopeus vastaa virkistystaajuutta. NitroSense-apuohjelmalla voit hallita tietokonetta kattavasti.<br><br><b>Acer Intelligence Space</b><br>Älykkäiden laiteominaisuuksien keskus Acer Intelligence Space tunnistaa laitteistosi ja suosittelee yhteensopivia tekoälysovelluksia, jotta voit optimoida suorituskyvyn, parantaa pelikokemuksia ja löytää uusia työkaluja helposti.<br><br><b>Acer Game Assistance</b><br>Nosta pelaamisen tehokkuus uudelle tasolle pelikohtauksiin sopeutuvan Game Scene adaptive Aim -järjestelmän avulla.<br><br><b>Tallenna pelien kohokohdat automaattisesti</b><br>Acer ProCam -kamera tunnistaa automaattisesti pelin kohokohdat ja tallentaa ne.<br><br><b>Löydä seuraava suosikkipelisi</b><br>Pelaa satoja korkealaatuisia pelejä uudella Acer Nitro -merkkisellä Windows 11 -tietokoneella. Saat kaupan päälle kolmen kuukauden PC Game Pass -jäsenyyden, johon sisältyy EA Play -palvelu. Uusia pelejä lisätään jatkuvasti, joten pelit eivät ikinä lopu kesken.<br>","LongProductName":"Intel Core i5-12400F (18MB Cache), 8GB DDR4-SDRAM, 512GB SSD, NVIDIA GeForce GTX 1650 (4GB GDDR5), LAN, WLAN, Bluetooth, Windows 11 Home 64-bit","MiddleDesc":"","Disclaimer":"","ManualPDFURL":"","ManualPDFSize":"0","LeafletPDFURL":"","PDFSize":"0","URL":"https://www.acer.com/fi-fi/desktops-and-all-in-ones/nitro-desktops/nitro-50","WarrantyInfo":"","Updated":"2025-02-13 09:30:03","Language":"FI"},"SummaryDescription":{"ShortSummaryDescription":"Acer NITRO 50 N50-640, Intel® Core™ i5, i5-12400F, 8 GB, 512 GB, Windows 11 Home, 64-bittinen","LongSummaryDescription":"Acer NITRO 50 N50-640. Suoritinperhe: Intel® Core™ i5, Prosessorimalli: i5-12400F. Sisäinen muisti: 8 GB, Sisäisen muistin tyyppi: DDR4-SDRAM. Kokonaistallennuskapasiteetti: 512 GB, Tallennusmedia: SSD. Erillisen näytönohjaimen malli: NVIDIA® GeForce® GTX 1650. Wi-Fi. Käyttöjärjestelmä asennettu: Windows 11 Home, Käyttöjärjestelmän arkkitehtuuri: 64-bittinen. Alustatyyppi: Työpöytä. Tuotetyyppi: PC. Tuotteen väri: musta"},"BulletPoints":{"BulletPointsId":"11009643","Language":"FI","Values":["Windows 11 Home 64-bit","Intel Core i5-12400F (18MB Cache)","NVIDIA GeForce GTX 1650 (4GB GDDR5)","8GB DDR4-SDRAM & 512GB SSD"],"Updated":"2025-02-13 09:30:03"},"GeneratedBulletPoints":{"Language":"FI","Values":["Pelaaminen PC musta","Intel® Core™ i5 i5-12400F Prosessorin ytimet: 6","8 GB DDR4-SDRAM","512 GB SSD","NVIDIA® GeForce® GTX 1650 4 GB","Ethernet LAN Wi-Fi 6 (802.11ax) Bluetooth","Windows 11 Home 64-bittinen"]},"GTINs":[{"GTIN":"4711121092718","IsApproved":true}],"VirtualCategory":[{"VirtualCategoryID":"195","UNCATID":"43171895","Value":"PCs","Language":"EN"}]},"Image":{"HighPic":"https://images.icecat.biz/img/gallery/95370179_6229144531.jpg","HighPicSize":"963126","HighPicHeight":"1615","HighPicWidth":"996","LowPic":"https://images.icecat.biz/img/gallery_lows/95370179_6229144531.jpg","LowPicSize":"12597","LowPicHeight":"200","LowPicWidth":"123","Pic500x500":"https://images.icecat.biz/img/gallery_mediums/95370179_6229144531.jpg","Pic500x500Size":"70240","Pic500x500Height":"500","Pic500x500Width":"308","ThumbPic":"https://images.icecat.biz/img/gallery_thumbs/95370179_6229144531.jpg","ThumbPicSize":"2813"},"Multimedia":[{"ID":"00000000-0000-0000-0000-000000000000","URL":"https://icecat.biz/rest/product-pdf?productId=128674306&lang=fi&AccessKey=tVGKVN0NApZGwF9sSWaWthghoRjlYo5f","Type":"leaflet","ContentType":"application/pdf","KeepAsUrl":"0","Description":"Brochure Acer DG.E2VEQ.00X","Size":"0","IsPrivate":"0","Updated":"2025-02-13 09:23:33","Language":"FI","IsVideo":0}],"Gallery":[{"ID":"101218492","LowPic":"https://images.icecat.biz/img/gallery_lows/95370179_6229144531.jpg","LowSize":"12597","LowHeight":"200","LowWidth":"123","ThumbPic":"https://images.icecat.biz/img/gallery_thumbs/95370179_6229144531.jpg","ThumbPicSize":"2813","Pic":"https://images.icecat.biz/img/gallery/95370179_6229144531.jpg","Size":"963126","PicHeight":"1615","PicWidth":"996","Pic500x500":"https://images.icecat.biz/img/gallery_mediums/95370179_6229144531.jpg","Pic500x500Size":"70240","Pic500x500Height":"500","Pic500x500Width":"308","No":"1","IsMain":"Y","Updated":"2025-02-13 09:22:41","IsPrivate":"0","Type":"ProductImage","Attributes":{"OriginalFileName":""}},{"ID":"101218493","LowPic":"https://images.icecat.biz/img/gallery_lows/95370179_1336011183.jpg","LowSize":"14884","LowHeight":"200","LowWidth":"141","ThumbPic":"https://images.icecat.biz/img/gallery_thumbs/95370179_1336011183.jpg","ThumbPicSize":"3362","Pic":"https://images.icecat.biz/img/gallery/95370179_1336011183.jpg","Size":"1177740","PicHeight":"1704","PicWidth":"1198","Pic500x500":"https://images.icecat.biz/img/gallery_mediums/95370179_1336011183.jpg","Pic500x500Size":"83781","Pic500x500Height":"500","Pic500x500Width":"352","No":"2","IsMain":"N","Updated":"2025-02-13 09:22:41","IsPrivate":"0","Type":"ProductImage","Attributes":{"OriginalFileName":""}},{"ID":"101218494","LowPic":"https://images.icecat.biz/img/gallery_lows/95370114_6844267966.jpg","LowSize":"13857","LowHeight":"200","LowWidth":"141","ThumbPic":"https://images.icecat.biz/img/gallery_thumbs/95370114_6844267966.jpg","ThumbPicSize":"3241","Pic":"https://images.icecat.biz/img/gallery/95370114_6844267966.jpg","Size":"1220869","PicHeight":"1724","PicWidth":"1215","Pic500x500":"https://images.icecat.biz/img/gallery_mediums/95370114_6844267966.jpg","Pic500x500Size":"79827","Pic500x500Height":"500","Pic500x500Width":"352","No":"3","IsMain":"N","Updated":"2025-02-13 09:22:43","IsPrivate":"0","Type":"ProductImage","Attributes":{"OriginalFileName":""}},{"ID":"101218495","LowPic":"https://images.icecat.biz/img/gallery_lows/95370179_6695851764.jpg","LowSize":"10406","LowHeight":"200","LowWidth":"117","ThumbPic":"https://images.icecat.biz/img/gallery_thumbs/95370179_6695851764.jpg","ThumbPicSize":"2926","Pic":"https://images.icecat.biz/img/gallery/95370179_6695851764.jpg","Size":"773133","PicHeight":"1729","PicWidth":"1008","Pic500x500":"https://images.icecat.biz/img/gallery_mediums/95370179_6695851764.jpg","Pic500x500Size":"51108","Pic500x500Height":"500","Pic500x500Width":"291","No":"4","IsMain":"N","Updated":"2025-02-13 09:22:44","IsPrivate":"0","Type":"ProductImage","Attributes":{"OriginalFileName":""}},{"ID":"101218496","LowPic":"https://images.icecat.biz/img/gallery_lows/95370129_0185355471.jpg","LowSize":"11409","LowHeight":"200","LowWidth":"138","ThumbPic":"https://images.icecat.biz/img/gallery_thumbs/95370129_0185355471.jpg","ThumbPicSize":"3029","Pic":"https://images.icecat.biz/img/gallery/95370129_0185355471.jpg","Size":"919899","PicHeight":"1862","PicWidth":"1286","Pic500x500":"https://images.icecat.biz/img/gallery_mediums/95370129_0185355471.jpg","Pic500x500Size":"55529","Pic500x500Height":"500","Pic500x500Width":"345","No":"5","IsMain":"N","Updated":"2025-02-13 09:22:44","IsPrivate":"0","Type":"ProductImage","Attributes":{"OriginalFileName":""}},{"ID":"101218497","LowPic":"https://images.icecat.biz/img/gallery_lows/95370179_1789334565.jpg","LowSize":"21210","LowHeight":"200","LowWidth":"176","ThumbPic":"https://images.icecat.biz/img/gallery_thumbs/95370179_1789334565.jpg","ThumbPicSize":"4520","Pic":"https://images.icecat.biz/img/gallery/95370179_1789334565.jpg","Size":"1896840","PicHeight":"1739","PicWidth":"1530","Pic500x500":"https://images.icecat.biz/img/gallery_mediums/95370179_1789334565.jpg","Pic500x500Size":"132697","Pic500x500Height":"500","Pic500x500Width":"440","No":"6","IsMain":"N","Updated":"2025-02-13 09:22:46","IsPrivate":"0","Type":"ProductImage","Attributes":{"OriginalFileName":""}},{"ID":"101218498","LowPic":"https://images.icecat.biz/img/gallery_lows/95370179_6410751885.jpg","LowSize":"30852","LowHeight":"200","LowWidth":"176","ThumbPic":"https://images.icecat.biz/img/gallery_thumbs/95370179_6410751885.jpg","ThumbPicSize":"6347","Pic":"https://images.icecat.biz/img/gallery/95370179_6410751885.jpg","Size":"1612968","PicHeight":"1739","PicWidth":"1530","Pic500x500":"https://images.icecat.biz/img/gallery_mediums/95370179_6410751885.jpg","Pic500x500Size":"151284","Pic500x500Height":"500","Pic500x500Width":"440","No":"7","IsMain":"N","Updated":"2025-02-13 09:22:46","IsPrivate":"0","Type":"ProductImage","Attributes":{"OriginalFileName":""}},{"ID":"101218499","LowPic":"https://images.icecat.biz/img/gallery_lows/95370179_5739010257.jpg","LowSize":"38277","LowHeight":"178","LowWidth":"200","ThumbPic":"https://images.icecat.biz/img/gallery_thumbs/95370179_5739010257.jpg","ThumbPicSize":"7010","Pic":"https://images.icecat.biz/img/gallery/95370179_5739010257.jpg","Size":"2601289","PicHeight":"1764","PicWidth":"1978","Pic500x500":"https://images.icecat.biz/img/gallery_mediums/95370179_5739010257.jpg","Pic500x500Size":"198594","Pic500x500Height":"446","Pic500x500Width":"500","No":"8","IsMain":"N","Updated":"2025-02-13 09:22:46","IsPrivate":"0","Type":"ProductImage","Attributes":{"OriginalFileName":""}},{"ID":"101218500","LowPic":"https://images.icecat.biz/img/gallery_lows/95370179_4773741771.jpg","LowSize":"22724","LowHeight":"200","LowWidth":"124","ThumbPic":"https://images.icecat.biz/img/gallery_thumbs/95370179_4773741771.jpg","ThumbPicSize":"4518","Pic":"https://images.icecat.biz/img/gallery/95370179_4773741771.jpg","Size":"1693777","PicHeight":"1776","PicWidth":"1103","Pic500x500":"https://images.icecat.biz/img/gallery_mediums/95370179_4773741771.jpg","Pic500x500Size":"131308","Pic500x500Height":"500","Pic500x500Width":"311","No":"9","IsMain":"N","Updated":"2025-02-13 09:22:47","IsPrivate":"0","Type":"ProductImage","Attributes":{"OriginalFileName":""}}],"FeaturesGroups":[{"ID":2,"SortNo":"100","FeatureGroup":{"ID":"1","Name":{"Value":"Prosessori","Language":"FI"}},"Features":[{"Localized":0,"ID":739960168,"LocalID":0,"Type":"dropdown","Value":"Intel","CategoryFeatureId":"3032","CategoryFeatureGroupID":"2","SortNo":"10100801","PresentationValue":"Intel","RawValue":"Intel","LocalValue":"Intel","Description":"The manufacturer that produced the processor.","Mandatory":"1","Searchable":"0","Optional":"0","Feature":{"ID":"1013","Sign":"","Measure":{"ID":"29","Sign":"","Signs":{"ID":"","_":"","Language":"FI"}},"Name":{"Value":"Suoritinvalmistaja","Language":"FI"}}},{"Localized":0,"ID":739960169,"LocalID":0,"Type":"dropdown","Value":"Intel Core i5","CategoryFeatureId":"11561","CategoryFeatureGroupID":"2","SortNo":"5300","PresentationValue":"Intel® Core™ i5","RawValue":"Intel Core i5","LocalValue":"Intel® Core™ i5","Description":"Prosessorisarja johon prosessori kuuluu.","Mandatory":"1","Searchable":"1","Optional":"0","Feature":{"ID":"2196","Sign":"","Measure":{"ID":"29","Sign":"","Signs":{"ID":"","_":"","Language":"FI"}},"Name":{"Value":"Suoritinperhe","Language":"FI"}}},{"Localized":0,"ID":739960170,"LocalID":0,"Type":"dropdown","Value":"Intel Core i5-12xxx","CategoryFeatureId":"893380","CategoryFeatureGroupID":"2","SortNo":"5300","PresentationValue":"12. sukupolven Intel® Core™ i5","RawValue":"Intel Core i5-12xxx","LocalValue":"12. sukupolven Intel® Core™ i5","Description":"","Mandatory":"0","Searchable":"0","Optional":"0","Feature":{"ID":"44870","Sign":"","Measure":{"ID":"29","Sign":"","Signs":{"ID":"","_":"","Language":"FI"}},"Name":{"Value":"Prosessorisukupolvi","Language":"FI"}}},{"Localized":0,"ID":739960171,"LocalID":0,"Type":"dropdown","Value":"i5-12400F","CategoryFeatureId":"62","CategoryFeatureGroupID":"2","SortNo":"5200","PresentationValue":"i5-12400F","RawValue":"i5-12400F","LocalValue":"i5-12400F","Description":"The model number for the processor in a computer.","Mandatory":"1","Searchable":"0","Optional":"0","Feature":{"ID":"47","Sign":"","Measure":{"ID":"29","Sign":"","Signs":{"ID":"","_":"","Language":"FI"}},"Name":{"Value":"Prosessorimalli","Language":"FI"}}},{"Localized":0,"ID":739960172,"LocalID":0,"Type":"numerical","Value":"6","CategoryFeatureId":"36486","CategoryFeatureGroupID":"2","SortNo":"220","PresentationValue":"6","RawValue":"6","LocalValue":"6","Description":"The number of central processing units ('cores') in a processor. Some processors have 1 core","Mandatory":"0","Searchable":"0","Optional":"0","Feature":{"ID":"6089","Sign":"","Measure":{"ID":"29","Sign":"","Signs":{"ID":"","_":"","Language":"FI"}},"Name":{"Value":"Prosessorin ytimet","Language":"FI"}}},{"Localized":0,"ID":739960175,"LocalID":0,"Type":"dropdown","Value":"12","CategoryFeatureId":"52263","CategoryFeatureGroupID":"2","SortNo":"215","PresentationValue":"12","RawValue":"12","LocalValue":"12","Description":"","Mandatory":"0","Searchable":"0","Optional":"0","Feature":{"ID":"7337","Sign":"","Measure":{"ID":"29","Sign":"","Signs":{"ID":"","_":"","Language":"FI"}},"Name":{"Value":"Prosessorin säikeet","Language":"FI"}}},{"Localized":0,"ID":739960176,"LocalID":0,"Type":"numerical","Value":"4.4","CategoryFeatureId":"52264","CategoryFeatureGroupID":"2","SortNo":"210","PresentationValue":"4,4 GHz","RawValue":"4.4","LocalValue":"4,4","Description":"Turbo-toiminto on prosessorin automaattinen, hallittu kiihdytys kun yksi ytimistä on ylikuormitettu.","Mandatory":"0","Searchable":"0","Optional":"0","Feature":{"ID":"7978","Sign":"","Measure":{"ID":"37","Sign":"","Signs":{"ID":"13825","_":"GHz","Language":"FI"}},"Name":{"Value":"Suorittimen boost-taajuus","Language":"FI"}}},{"Localized":0,"ID":739960173,"LocalID":0,"Type":"numerical","Value":"6","CategoryFeatureId":"895771","CategoryFeatureGroupID":"2","SortNo":"200","PresentationValue":"6","RawValue":"6","LocalValue":"6","Description":"","Mandatory":"0","Searchable":"0","Optional":"0","Feature":{"ID":"44522","Sign":"","Measure":{"ID":"29","Sign":"","Signs":{"ID":"","_":"","Language":"FI"}},"Name":{"Value":"Suorituskyky-ytimet","Language":"FI"}}},{"Localized":0,"ID":739960182,"LocalID":0,"Type":"numerical","Value":"4.4","CategoryFeatureId":"932901","CategoryFeatureGroupID":"2","SortNo":"185","PresentationValue":"4,4 GHz","RawValue":"4.4","LocalValue":"4,4","Description":"","Mandatory":"0","Searchable":"0","Optional":"0","Feature":{"ID":"46564","Sign":"","Measure":{"ID":"37","Sign":"","Signs":{"ID":"13825","_":"GHz","Language":"FI"}},"Name":{"Value":"Performance-core Max Turbo Frequency","Language":"FI"}}},{"Localized":0,"ID":739960183,"LocalID":0,"Type":"numerical","Value":"2.5","CategoryFeatureId":"895767","CategoryFeatureGroupID":"2","SortNo":"170","PresentationValue":"2,5 GHz","RawValue":"2.5","LocalValue":"2,5","Description":"","Mandatory":"0","Searchable":"0","Optional":"0","Feature":{"ID":"44531","Sign":"","Measure":{"ID":"37","Sign":"","Signs":{"ID":"13825","_":"GHz","Language":"FI"}},"Name":{"Value":"Suorituskyky-ytimen pohjataajuus","Language":"FI"}}},{"Localized":0,"ID":739960178,"LocalID":0,"Type":"numerical","Value":"18","CategoryFeatureId":"101563","CategoryFeatureGroupID":"2","SortNo":"60","PresentationValue":"18 MB","RawValue":"18","LocalValue":"18","Description":"","Mandatory":"0","Searchable":"0","Optional":"0","Feature":{"ID":"10041","Sign":"","Measure":{"ID":"19","Sign":"","Signs":{"ID":"13810","_":"MB","Language":"FI"}},"Name":{"Value":"Prosessorin välimuisti","Language":"FI"}}},{"Localized":0,"ID":739960179,"LocalID":0,"Type":"dropdown","Value":"Smart Cache","CategoryFeatureId":"135208","CategoryFeatureGroupID":"2","SortNo":"59","PresentationValue":"Smart Cache","RawValue":"Smart Cache","LocalValue":"Smart Cache","Description":"","Mandatory":"0","Searchable":"0","Optional":"0","Feature":{"ID":"21716","Sign":"","Measure":{"ID":"29","Sign":"","Signs":{"ID":"","_":"","Language":"FI"}},"Name":{"Value":"Prosessorin välimuistityyppi","Language":"FI"}}},{"Localized":0,"ID":739960071,"LocalID":0,"Type":"numerical","Value":"1","CategoryFeatureId":"2216","CategoryFeatureGroupID":"2","SortNo":"30","PresentationValue":"1","RawValue":"1","LocalValue":"1","Description":"Prosessorien lukumäärä sekä tuotteen tuki multi-prosessointia varten","Mandatory":"0","Searchable":"0","Optional":"0","Feature":{"ID":"596","Sign":"","Measure":{"ID":"29","Sign":"","Signs":{"ID":"","_":"","Language":"FI"}},"Name":{"Value":"Asennettujen prosessorien lukumäärä","Language":"FI"}}},{"Localized":0,"ID":739960180,"LocalID":0,"Type":"numerical","Value":"65","CategoryFeatureId":"903074","CategoryFeatureGroupID":"2","SortNo":"0","PresentationValue":"65 W","RawValue":"65","LocalValue":"65","Description":"","Mandatory":"0","Searchable":"0","Optional":"0","Feature":{"ID":"44525","Sign":"","Measure":{"ID":"44","Sign":"","Signs":{"ID":"13832","_":"W","Language":"FI"}},"Name":{"Value":"Prosessorin pohjateho","Language":"FI"}}},{"Localized":0,"ID":739960181,"LocalID":0,"Type":"numerical","Value":"117","CategoryFeatureId":"903075","CategoryFeatureGroupID":"2","SortNo":"0","PresentationValue":"117 W","RawValue":"117","LocalValue":"117","Description":"","Mandatory":"0","Searchable":"0","Optional":"0","Feature":{"ID":"44528","Sign":"","Measure":{"ID":"44","Sign":"","Signs":{"ID":"13832","_":"W","Language":"FI"}},"Name":{"Value":"Enimmäisturboteho","Language":"FI"}}}]},{"ID":3,"SortNo":"95","FeatureGroup":{"ID":"3","Name":{"Value":"Muisti","Language":"FI"}},"Features":[{"Localized":0,"ID":739960199,"LocalID":0,"Type":"numerical","Value":"8","CategoryFeatureId":"73752","CategoryFeatureGroupID":"3","SortNo":"5100","PresentationValue":"8 GB","RawValue":"8","LocalValue":"8","Description":"A computer's memory which is directly accessible to the CPU.","Mandatory":"1","Searchable":"1","Optional":"0","Feature":{"ID":"11381","Sign":"","Measure":{"ID":"20","Sign":"","Signs":{"ID":"13811","_":"GB","Language":"FI"}},"Name":{"Value":"Sisäinen muisti","Language":"FI"}}},{"Localized":0,"ID":739960073,"LocalID":0,"Type":"numerical","Value":"32","CategoryFeatureId":"12118","CategoryFeatureGroupID":"3","SortNo":"5099","PresentationValue":"32 GB","RawValue":"32","LocalValue":"32","Description":"The maximum internal memory which is available in the product.","Mandatory":"1","Searchable":"0","Optional":"0","Feature":{"ID":"1452","Sign":"","Measure":{"ID":"20","Sign":"","Signs":{"ID":"13811","_":"GB","Language":"FI"}},"Name":{"Value":"Sisäinen enimmäismuisti","Language":"FI"}}},{"Localized":0,"ID":739960072,"LocalID":0,"Type":"dropdown","Value":"DDR4-SDRAM","CategoryFeatureId":"1226","CategoryFeatureGroupID":"3","SortNo":"5098","PresentationValue":"DDR4-SDRAM","RawValue":"DDR4-SDRAM","LocalValue":"DDR4-SDRAM","Description":"The type of internal memory such as RAM","Mandatory":"0","Searchable":"0","Optional":"0","Feature":{"ID":"427","Sign":"","Measure":{"ID":"29","Sign":"","Signs":{"ID":"","_":"","Language":"FI"}},"Name":{"Value":"Sisäisen muistin tyyppi","Language":"FI"}}}]},{"ID":4138,"SortNo":"90","FeatureGroup":{"ID":"47","Name":{"Value":"Tallennusväline","Language":"FI"}},"Features":[{"Localized":0,"ID":739960204,"LocalID":0,"Type":"numerical","Value":"512","CategoryFeatureId":"33231","CategoryFeatureGroupID":"4138","SortNo":"5000","PresentationValue":"512 GB","RawValue":"512","LocalValue":"512","Description":"The total amount of data that can be stored on the device.","Mandatory":"1","Searchable":"1","Optional":"0","Feature":{"ID":"3318","Sign":"","Measure":{"ID":"20","Sign":"","Signs":{"ID":"13811","_":"GB","Language":"FI"}},"Name":{"Value":"Kokonaistallennuskapasiteetti","Language":"FI"}}},{"Localized":0,"ID":739960205,"LocalID":0,"Type":"dropdown","Value":"SSD","CategoryFeatureId":"96404","CategoryFeatureGroupID":"4138","SortNo":"4000","PresentationValue":"SSD","RawValue":"SSD","LocalValue":"SSD","Description":"Used for the storage of date e.g. HDD (hard disk drive)","Mandatory":"1","Searchable":"0","Optional":"0","Feature":{"ID":"11441","Sign":"","Measure":{"ID":"29","Sign":"","Signs":{"ID":"","_":"","Language":"FI"}},"Name":{"Value":"Tallennusmedia","Language":"FI"}}},{"Localized":0,"ID":739960203,"LocalID":0,"Type":"dropdown","Value":"N","CategoryFeatureId":"2968","CategoryFeatureGroupID":"4138","SortNo":"500","PresentationValue":"Ei","RawValue":"N","LocalValue":"Ei","Description":"Optisen aseman tyyppi.","Mandatory":"1","Searchable":"1","Optional":"0","Feature":{"ID":"1120","Sign":"","Measure":{"ID":"29","Sign":"","Signs":{"ID":"","_":"","Language":"FI"}},"Name":{"Value":"Optisen aseman tyyppi","Language":"FI"}}},{"Localized":0,"ID":739960206,"LocalID":0,"Type":"numerical","Value":"512","CategoryFeatureId":"295712","CategoryFeatureGroupID":"4138","SortNo":"32","PresentationValue":"512 GB","RawValue":"512","LocalValue":"512","Description":"","Mandatory":"0","Searchable":"0","Optional":"0","Feature":{"ID":"37918","Sign":"","Measure":{"ID":"20","Sign":"","Signs":{"ID":"13811","_":"GB","Language":"FI"}},"Name":{"Value":"SSD:n kokonaiskapasiteetti","Language":"FI"}}},{"Localized":0,"ID":739960207,"LocalID":0,"Type":"numerical","Value":"1","CategoryFeatureId":"45817","CategoryFeatureGroupID":"4138","SortNo":"30","PresentationValue":"1","RawValue":"1","LocalValue":"1","Description":"","Mandatory":"0","Searchable":"0","Optional":"0","Feature":{"ID":"7682","Sign":"","Measure":{"ID":"29","Sign":"","Signs":{"ID":"","_":"","Language":"FI"}},"Name":{"Value":"Asennettujen SSD:iden lukumäärä","Language":"FI"}}},{"Localized":0,"ID":739960208,"LocalID":0,"Type":"numerical","Value":"512","CategoryFeatureId":"45777","CategoryFeatureGroupID":"4138","SortNo":"29","PresentationValue":"512 GB","RawValue":"512","LocalValue":"512","Description":"Solid State Drive:n tallennuskapasiteetti gigatavuina.","Mandatory":"0","Searchable":"0","Optional":"0","Feature":{"ID":"5586","Sign":"","Measure":{"ID":"20","Sign":"","Signs":{"ID":"13811","_":"GB","Language":"FI"}},"Name":{"Value":"SSD-kapasiteetti","Language":"FI"}}}]},{"ID":8603,"SortNo":"85","FeatureGroup":{"ID":"163","Name":{"Value":"Grafiikka","Language":"FI"}},"Features":[{"Localized":0,"ID":739960194,"LocalID":0,"Type":"y_n","Value":"Y","CategoryFeatureId":"192532","CategoryFeatureGroupID":"8603","SortNo":"4810","PresentationValue":"Kyllä","RawValue":"Y","LocalValue":"Kyllä","Description":"","Mandatory":"1","Searchable":"1","Optional":"0","Feature":{"ID":"27905","Sign":"","Measure":{"ID":"26","Sign":"","Signs":{"ID":"","_":"","Language":"FI"}},"Name":{"Value":"Erillinen grafiikka-adapteri","Language":"FI"}}},{"Localized":0,"ID":739960185,"LocalID":0,"Type":"y_n","Value":"N","CategoryFeatureId":"74328","CategoryFeatureGroupID":"8603","SortNo":"4470","PresentationValue":"Ei","RawValue":"N","LocalValue":"Ei","Description":"Graphics hardware which is built into the motherboard or CPU","Mandatory":"1","Searchable":"1","Optional":"0","Feature":{"ID":"9997","Sign":"","Measure":{"ID":"26","Sign":"","Signs":{"ID":"","_":"","Language":"FI"}},"Name":{"Value":"Sisäinen näytönohjain","Language":"FI"}}},{"Localized":0,"ID":739960195,"LocalID":0,"Type":"dropdown","Value":"NVIDIA GeForce GTX 1650","CategoryFeatureId":"53946","CategoryFeatureGroupID":"8603","SortNo":"3900","PresentationValue":"NVIDIA® GeForce® GTX 1650","RawValue":"NVIDIA GeForce GTX 1650","LocalValue":"NVIDIA® GeForce® GTX 1650","Description":"A graphics adapter (often known as a video card) generates images for a display. A discrete graphics adapter plugs into the motherboard","Mandatory":"1","Searchable":"0","Optional":"0","Feature":{"ID":"9018","Sign":"","Measure":{"ID":"29","Sign":"","Signs":{"ID":"","_":"","Language":"FI"}},"Name":{"Value":"Erillisen näytönohjaimen malli","Language":"FI"}}},{"Localized":0,"ID":739960197,"LocalID":0,"Type":"numerical","Value":"4","CategoryFeatureId":"131976","CategoryFeatureGroupID":"8603","SortNo":"479","PresentationValue":"4 GB","RawValue":"4","LocalValue":"4","Description":"","Mandatory":"0","Searchable":"0","Optional":"0","Feature":{"ID":"18403","Sign":"","Measure":{"ID":"20","Sign":"","Signs":{"ID":"13811","_":"GB","Language":"FI"}},"Name":{"Value":"Diskreetti näytönohjainmuisti","Language":"FI"}}},{"Localized":0,"ID":739960196,"LocalID":0,"Type":"dropdown","Value":"GDDR5","CategoryFeatureId":"53950","CategoryFeatureGroupID":"8603","SortNo":"478","PresentationValue":"GDDR5","RawValue":"GDDR5","LocalValue":"GDDR5","Description":"","Mandatory":"0","Searchable":"0","Optional":"0","Feature":{"ID":"9020","Sign":"","Measure":{"ID":"29","Sign":"","Signs":{"ID":"","_":"","Language":"FI"}},"Name":{"Value":"Erillisen näytönohjaimen muistin tyyppi","Language":"FI"}}},{"Localized":0,"ID":739960184,"LocalID":0,"Type":"dropdown","Value":"Not available","CategoryFeatureId":"53944","CategoryFeatureGroupID":"8603","SortNo":"446","PresentationValue":"Ei saatavilla","RawValue":"Not available","LocalValue":"Ei saatavilla","Description":"\"Graphic adapter\" is the hardware that produces images on a display. \"On-board\" means that the graphics adapter is intergrated inside the motherboard.","Mandatory":"1","Searchable":"0","Optional":"0","Feature":{"ID":"9016","Sign":"","Measure":{"ID":"29","Sign":"","Signs":{"ID":"","_":"","Language":"FI"}},"Name":{"Value":"Sisältyvän näytönohjaimen malli","Language":"FI"}}}]},{"ID":2066,"SortNo":"75","FeatureGroup":{"ID":"35","Name":{"Value":"Verkko","Language":"FI"}},"Features":[{"Localized":0,"ID":739960074,"LocalID":0,"Type":"y_n","Value":"Y","CategoryFeatureId":"36488","CategoryFeatureGroupID":"2066","SortNo":"100","PresentationValue":"Kyllä","RawValue":"Y","LocalValue":"Kyllä","Description":"An Ethernet LAN (Local Area Network) interface is present","Mandatory":"1","Searchable":"0","Optional":"0","Feature":{"ID":"1347","Sign":"","Measure":{"ID":"26","Sign":"","Signs":{"ID":"","_":"","Language":"FI"}},"Name":{"Value":"Ethernet LAN","Language":"FI"}}},{"Localized":0,"ID":739960215,"LocalID":0,"Type":"y_n","Value":"Y","CategoryFeatureId":"36487","CategoryFeatureGroupID":"2066","SortNo":"81","PresentationValue":"Kyllä","RawValue":"Y","LocalValue":"Kyllä","Description":"Popular technology that allows an electronic device to exchange data or connect to the internet wirelessly using radio waves.","Mandatory":"1","Searchable":"0","Optional":"0","Feature":{"ID":"3239","Sign":"","Measure":{"ID":"26","Sign":"","Signs":{"ID":"","_":"","Language":"FI"}},"Name":{"Value":"Wi-Fi","Language":"FI"}}},{"Localized":0,"ID":739960217,"LocalID":0,"Type":"dropdown","Value":"Wi-Fi 6 (802.11ax)","CategoryFeatureId":"269712","CategoryFeatureGroupID":"2066","SortNo":"80","PresentationValue":"Wi-Fi 6 (802.11ax)","RawValue":"Wi-Fi 6 (802.11ax)","LocalValue":"Wi-Fi 6 (802.11ax)","Description":"Connection of this device is done via Wi-Fi in a high standard.","Mandatory":"0","Searchable":"0","Optional":"0","Feature":{"ID":"24993","Sign":"","Measure":{"ID":"29","Sign":"","Signs":{"ID":"","_":"","Language":"FI"}},"Name":{"Value":"Wi-Fi-standardi","Language":"FI"}}},{"Localized":0,"ID":739960219,"LocalID":0,"Type":"multi_dropdown","Value":"Wi-Fi 6 (802.11ax)","CategoryFeatureId":"44220","CategoryFeatureGroupID":"2066","SortNo":"79","PresentationValue":"Wi-Fi 6 (802.11ax)","RawValue":"Wi-Fi 6 (802.11ax)","LocalValue":"Wi-Fi 6 (802.11ax)","Description":"The type of wireless local area network (LAN). It can be ad-hoc","Mandatory":"0","Searchable":"0","Optional":"0","Feature":{"ID":"432","Sign":"","Measure":{"ID":"29","Sign":"","Signs":{"ID":"","_":"","Language":"FI"}},"Name":{"Value":"Wi-Fi-standardit","Language":"FI"}}},{"Localized":0,"ID":739960221,"LocalID":0,"Type":"dropdown","Value":"2x2","CategoryFeatureId":"269713","CategoryFeatureGroupID":"2066","SortNo":"77","PresentationValue":"2x2","RawValue":"2x2","LocalValue":"2x2","Description":"Type of antenna","Mandatory":"0","Searchable":"0","Optional":"0","Feature":{"ID":"1494","Sign":"","Measure":{"ID":"29","Sign":"","Signs":{"ID":"","_":"","Language":"FI"}},"Name":{"Value":"Antennityyppi","Language":"FI"}}},{"Localized":0,"ID":739960220,"LocalID":0,"Type":"y_n","Value":"Y","CategoryFeatureId":"33715","CategoryFeatureGroupID":"2066","SortNo":"50","PresentationValue":"Kyllä","RawValue":"Y","LocalValue":"Kyllä","Description":"Bluetooth on pienitehoinen radiotekniikka, joka on kehitetty korvaamaan nykyisin käytetyt kaapelit ja johdotn linkittämään tai liittämään elektronisia laitteita, kuten tietokoneita, tulostimia, sekä erilaisia ​​kannettavia laitteita kuten matkapuhelimia. Koska se käyttää radio-aallon yhteyytä, Bluetooth-laiteella on jatkuva yhteysä käyttämäänsä selaimeen. Tämä säästää käyttäjän aikaa esimerkiksi turhilta kirjautumisilta sähköposteja tai uutisia lukiessaani.","Mandatory":"0","Searchable":"0","Optional":"0","Feature":{"ID":"2183","Sign":"","Measure":{"ID":"26","Sign":"","Signs":{"ID":"","_":"","Language":"FI"}},"Name":{"Value":"Bluetooth","Language":"FI"}}}]},{"ID":821,"SortNo":"70","FeatureGroup":{"ID":"12","Name":{"Value":"Liitettävyys","Language":"FI"}},"Features":[{"Localized":0,"ID":739960076,"LocalID":0,"Type":"numerical","Value":"4","CategoryFeatureId":"14583","CategoryFeatureGroupID":"821","SortNo":"600","PresentationValue":"4","RawValue":"4","LocalValue":"4","Description":"USB 2.0-porttien datan siirtonopeus on 480 Mbps, ja ovat myös yhteensopivia USB 1.1-porttien kanssa. Voit yhdistää kaikenlaisia ​​oheislaitteita niiden avulla.","Mandatory":"1","Searchable":"0","Optional":"0","Feature":{"ID":"2308","Sign":"","Measure":{"ID":"29","Sign":"","Signs":{"ID":"","_":"","Language":"FI"}},"Name":{"Value":"USB 2.0 -porttien määrä","Language":"FI"}}},{"Localized":0,"ID":739960077,"LocalID":0,"Type":"numerical","Value":"2","CategoryFeatureId":"138381","CategoryFeatureGroupID":"821","SortNo":"499","PresentationValue":"2","RawValue":"2","LocalValue":"2","Description":"","Mandatory":"1","Searchable":"0","Optional":"0","Feature":{"ID":"22701","Sign":"","Measure":{"ID":"29","Sign":"","Signs":{"ID":"","_":"","Language":"FI"}},"Name":{"Value":"USB 3.2 (3.1 sukupolvi 1) A-tyypin porttien määrä","Language":"FI"}}},{"Localized":0,"ID":739960078,"LocalID":0,"Type":"numerical","Value":"1","CategoryFeatureId":"138384","CategoryFeatureGroupID":"821","SortNo":"497","PresentationValue":"1","RawValue":"1","LocalValue":"1","Description":"","Mandatory":"1","Searchable":"0","Optional":"0","Feature":{"ID":"22703","Sign":"","Measure":{"ID":"29","Sign":"","Signs":{"ID":"","_":"","Language":"FI"}},"Name":{"Value":"USB 3.2 Gen 2 (3.1 Gen 2) A-tyypin porttien määrä","Language":"FI"}}},{"Localized":0,"ID":739960079,"LocalID":0,"Type":"numerical","Value":"1","CategoryFeatureId":"308887","CategoryFeatureGroupID":"821","SortNo":"495","PresentationValue":"1","RawValue":"1","LocalValue":"1","Description":"","Mandatory":"0","Searchable":"0","Optional":"0","Feature":{"ID":"38601","Sign":"","Measure":{"ID":"29","Sign":"","Signs":{"ID":"","_":"","Language":"FI"}},"Name":{"Value":"USB 3.2 Gen 2x2 Type-C -porttien määrä","Language":"FI"}}},{"Localized":0,"ID":739960085,"LocalID":0,"Type":"numerical","Value":"1","CategoryFeatureId":"14590","CategoryFeatureGroupID":"821","SortNo":"340","PresentationValue":"1","RawValue":"1","LocalValue":"1","Description":"Number of Ethernet LAN (RJ-45) ports (connecting interfaces) in the device.  Ethernet LAN (RJ-45) ports allow a computer to connect to the ethernet.","Mandatory":"0","Searchable":"0","Optional":"0","Feature":{"ID":"2312","Sign":"","Measure":{"ID":"29","Sign":"","Signs":{"ID":"","_":"","Language":"FI"}},"Name":{"Value":"Ethernet LAN (RJ-45) -portit","Language":"FI"}}},{"Localized":0,"ID":739960084,"LocalID":0,"Type":"y_n","Value":"Y","CategoryFeatureId":"14588","CategoryFeatureGroupID":"821","SortNo":"100","PresentationValue":"Kyllä","RawValue":"Y","LocalValue":"Kyllä","Description":"The socket where a microphone is connected to the device.","Mandatory":"0","Searchable":"0","Optional":"0","Feature":{"ID":"2314","Sign":"","Measure":{"ID":"26","Sign":"","Signs":{"ID":"","_":"","Language":"FI"}},"Name":{"Value":"Mikrofonitulo","Language":"FI"}}},{"Localized":0,"ID":739960086,"LocalID":0,"Type":"numerical","Value":"1","CategoryFeatureId":"15773","CategoryFeatureGroupID":"821","SortNo":"99","PresentationValue":"1","RawValue":"1","LocalValue":"1","Description":"Number of sockets /ports where headphones are connected.","Mandatory":"0","Searchable":"0","Optional":"0","Feature":{"ID":"2313","Sign":"","Measure":{"ID":"29","Sign":"","Signs":{"ID":"","_":"","Language":"FI"}},"Name":{"Value":"Kuulokelähdöt","Language":"FI"}}},{"Localized":0,"ID":739960087,"LocalID":0,"Type":"y_n","Value":"Y","CategoryFeatureId":"14589","CategoryFeatureGroupID":"821","SortNo":"97","PresentationValue":"Kyllä","RawValue":"Y","LocalValue":"Kyllä","Description":"","Mandatory":"0","Searchable":"0","Optional":"0","Feature":{"ID":"1345","Sign":"","Measure":{"ID":"26","Sign":"","Signs":{"ID":"","_":"","Language":"FI"}},"Name":{"Value":"Lähtö","Language":"FI"}}},{"Localized":0,"ID":739960088,"LocalID":0,"Type":"y_n","Value":"Y","CategoryFeatureId":"14592","CategoryFeatureGroupID":"821","SortNo":"97","PresentationValue":"Kyllä","RawValue":"Y","LocalValue":"Kyllä","Description":"","Mandatory":"0","Searchable":"0","Optional":"0","Feature":{"ID":"1344","Sign":"","Measure":{"ID":"26","Sign":"","Signs":{"ID":"","_":"","Language":"FI"}},"Name":{"Value":"Tulo","Language":"FI"}}}]},{"ID":4190,"SortNo":"65","FeatureGroup":{"ID":"124","Name":{"Value":"Laajennuspaikat","Language":"FI"}},"Features":[{"Localized":0,"ID":739960089,"LocalID":0,"Type":"numerical","Value":"1","CategoryFeatureId":"31429","CategoryFeatureGroupID":"4190","SortNo":"100","PresentationValue":"1","RawValue":"1","LocalValue":"1","Description":"","Mandatory":"0","Searchable":"0","Optional":"0","Feature":{"ID":"6259","Sign":"","Measure":{"ID":"29","Sign":"","Signs":{"ID":"","_":"","Language":"FI"}},"Name":{"Value":"PCI Express x 1 korttipaikkoja","Language":"FI"}}},{"Localized":0,"ID":739960090,"LocalID":0,"Type":"numerical","Value":"1","CategoryFeatureId":"31430","CategoryFeatureGroupID":"4190","SortNo":"70","PresentationValue":"1","RawValue":"1","LocalValue":"1","Description":"","Mandatory":"0","Searchable":"0","Optional":"0","Feature":{"ID":"6256","Sign":"","Measure":{"ID":"29","Sign":"","Signs":{"ID":"","_":"","Language":"FI"}},"Name":{"Value":"PCI Express x16 korttipaikkoja","Language":"FI"}}}]},{"ID":10928,"SortNo":"60","FeatureGroup":{"ID":"148","Name":{"Value":"Suunnittelu","Language":"FI"}},"Features":[{"Localized":0,"ID":739960091,"LocalID":0,"Type":"dropdown","Value":"Desktop","CategoryFeatureId":"2195","CategoryFeatureGroupID":"10928","SortNo":"600","PresentationValue":"Työpöytä","RawValue":"Desktop","LocalValue":"Työpöytä","Description":"Luettelo saatavilla olevista eri alustoista ja niiden laajennettavuudesta jos saatavilla. 1 yksikkö (1U) on 1,75 tuumaa (4,45 cm).","Mandatory":"1","Searchable":"0","Optional":"0","Feature":{"ID":"734","Sign":"","Measure":{"ID":"29","Sign":"","Signs":{"ID":"","_":"","Language":"FI"}},"Name":{"Value":"Alustatyyppi","Language":"FI"}}},{"Localized":0,"ID":739960092,"LocalID":0,"Type":"dropdown","Value":"Vertical","CategoryFeatureId":"63696","CategoryFeatureGroupID":"10928","SortNo":"390","PresentationValue":"Pystysuora","RawValue":"Vertical","LocalValue":"Pystysuora","Description":"Where the product can be placed e.g. indoor/outdoor","Mandatory":"0","Searchable":"0","Optional":"0","Feature":{"ID":"3416","Sign":"","Measure":{"ID":"29","Sign":"","Signs":{"ID":"","_":"","Language":"FI"}},"Name":{"Value":"Tuettu sijoitus","Language":"FI"}}},{"Localized":0,"ID":739960093,"LocalID":0,"Type":"dropdown","Value":"Black","CategoryFeatureId":"28831","CategoryFeatureGroupID":"10928","SortNo":"1","PresentationValue":"musta","RawValue":"Black","LocalValue":"musta","Description":"The colour e.g. red","Mandatory":"1","Searchable":"0","Optional":"0","Feature":{"ID":"1766","Sign":"","Measure":{"ID":"29","Sign":"","Signs":{"ID":"","_":"","Language":"FI"}},"Name":{"Value":"Tuotteen väri","Language":"FI"}}}]},{"ID":10929,"SortNo":"58","FeatureGroup":{"ID":"184","Name":{"Value":"Suorituskyky","Language":"FI"}},"Features":[{"Localized":0,"ID":739960095,"LocalID":0,"Type":"dropdown","Value":"Gaming","CategoryFeatureId":"164640","CategoryFeatureGroupID":"10929","SortNo":"330","PresentationValue":"Pelaaminen","RawValue":"Gaming","LocalValue":"Pelaaminen","Description":"Under which category can the device be positioned in the market, e.g. camera phone.","Mandatory":"0","Searchable":"0","Optional":"0","Feature":{"ID":"9021","Sign":"","Measure":{"ID":"29","Sign":"","Signs":{"ID":"","_":"","Language":"FI"}},"Name":{"Value":"Asema markkinoilla","Language":"FI"}}},{"Localized":0,"ID":739960096,"LocalID":0,"Type":"dropdown","Value":"DTS:X Ultra","CategoryFeatureId":"1211","CategoryFeatureGroupID":"10929","SortNo":"200","PresentationValue":"DTS:X Ultra","RawValue":"DTS:X Ultra","LocalValue":"DTS:X Ultra","Description":"System used to play music or speech.","Mandatory":"0","Searchable":"0","Optional":"0","Feature":{"ID":"442","Sign":"","Measure":{"ID":"29","Sign":"","Signs":{"ID":"","_":"","Language":"FI"}},"Name":{"Value":"Audiojärjestelmä","Language":"FI"}}},{"Localized":0,"ID":739960094,"LocalID":0,"Type":"dropdown","Value":"PC","CategoryFeatureId":"86787","CategoryFeatureGroupID":"10929","SortNo":"4","PresentationValue":"PC","RawValue":"PC","LocalValue":"PC","Description":"The sub-category of the product.","Mandatory":"1","Searchable":"1","Optional":"0","Feature":{"ID":"14052","Sign":"","Measure":{"ID":"29","Sign":"","Signs":{"ID":"","_":"","Language":"FI"}},"Name":{"Value":"Tuotetyyppi","Language":"FI"}}}]},{"ID":3402,"SortNo":"56","FeatureGroup":{"ID":"90","Name":{"Value":"Ohjelmisto","Language":"FI"}},"Features":[{"Localized":0,"ID":739960201,"LocalID":0,"Type":"dropdown","Value":"64-bit","CategoryFeatureId":"45086","CategoryFeatureGroupID":"3402","SortNo":"6000","PresentationValue":"64-bittinen","RawValue":"64-bit","LocalValue":"64-bittinen","Description":"The way in which the operating system of a computer/smartphone (32-bit/64-bit) is set up.","Mandatory":"0","Searchable":"0","Optional":"0","Feature":{"ID":"7563","Sign":"","Measure":{"ID":"29","Sign":"","Signs":{"ID":"","_":"","Language":"FI"}},"Name":{"Value":"Käyttöjärjestelmän arkkitehtuuri","Language":"FI"}}},{"Localized":0,"ID":739960200,"LocalID":0,"Type":"dropdown","Value":"Windows 11 Home","CategoryFeatureId":"20011","CategoryFeatureGroupID":"3402","SortNo":"601","PresentationValue":"Windows 11 Home","RawValue":"Windows 11 Home","LocalValue":"Windows 11 Home","Description":"Type of operating system on a device e.g. IOS on Apple devices","Mandatory":"1","Searchable":"1","Optional":"0","Feature":{"ID":"3233","Sign":"","Measure":{"ID":"29","Sign":"","Signs":{"ID":"","_":"","Language":"FI"}},"Name":{"Value":"Käyttöjärjestelmä asennettu","Language":"FI"}}}]},{"ID":1309,"SortNo":"10","FeatureGroup":{"ID":"14","Name":{"Value":"Paino ja mitat","Language":"FI"}},"Features":[{"Localized":0,"ID":739960098,"LocalID":0,"Type":"numerical","Value":"163","CategoryFeatureId":"6228","CategoryFeatureGroupID":"1309","SortNo":"55","PresentationValue":"163 mm","RawValue":"163","LocalValue":"163","Description":"The measurement or extent of something from side to side.","Mandatory":"1","Searchable":"0","Optional":"0","Feature":{"ID":"1649","Sign":"","Measure":{"ID":"24","Sign":"","Signs":{"ID":"13815","_":"mm","Language":"FI"}},"Name":{"Value":"Tuotteen leveys","Language":"FI"}}},{"Localized":0,"ID":739960099,"LocalID":0,"Type":"numerical","Value":"350","CategoryFeatureId":"6225","CategoryFeatureGroupID":"1309","SortNo":"54","PresentationValue":"350 mm","RawValue":"350","LocalValue":"350","Description":"The distance from the front to the back of something.","Mandatory":"1","Searchable":"0","Optional":"0","Feature":{"ID":"1650","Sign":"","Measure":{"ID":"24","Sign":"","Signs":{"ID":"13815","_":"mm","Language":"FI"}},"Name":{"Value":"Tuotteen syvyys","Language":"FI"}}},{"Localized":0,"ID":739960097,"LocalID":0,"Type":"numerical","Value":"340","CategoryFeatureId":"6226","CategoryFeatureGroupID":"1309","SortNo":"53","PresentationValue":"340 mm","RawValue":"340","LocalValue":"340","Description":"Tuotteen korkeus","Mandatory":"1","Searchable":"0","Optional":"0","Feature":{"ID":"1464","Sign":"","Measure":{"ID":"24","Sign":"","Signs":{"ID":"13815","_":"mm","Language":"FI"}},"Name":{"Value":"Tuotteen korkeus","Language":"FI"}}}]},{"ID":82594,"SortNo":"0","FeatureGroup":{"ID":"5","Name":{"Value":"Näyttö","Language":"FI"}},"Features":[{"Localized":0,"ID":739960101,"LocalID":0,"Type":"y_n","Value":"N","CategoryFeatureId":"11391","CategoryFeatureGroupID":"82594","SortNo":"500","PresentationValue":"Ei","RawValue":"N","LocalValue":"Ei","Description":"This product includes a display.","Mandatory":"1","Searchable":"1","Optional":"0","Feature":{"ID":"2177","Sign":"","Measure":{"ID":"26","Sign":"","Signs":{"ID":"","_":"","Language":"FI"}},"Name":{"Value":"Näyttö sisältyy","Language":"FI"}}}]}],"FeatureLogos":[{"LogoPic":"https://images.icecat.biz/img/feature_logo/1075-1199.png","Width":"300","Height":"300","Size":"0","ThumbPic":"https://images.icecat.biz/img/feature_logo_thumbs/1075-1199.png","FeatureID":"44870","Value":"Intel Core i5-12xxx","KeyLogo":0}],"ReasonsToBuy":[],"Reviews":[],"ProductRelated":[{"ID":0,"CategoryID":788,"Preferred":0,"IcecatID":31011008,"ProductCode":"SV.WDGAP.A02","ThumbPic":"","ProductName":"SV.WDGAP.A02","Brand":"Acer","BrandID":7,"ProductRelatedLocales":[{"ID":0,"Language":"FI","Preferred":0,"StartDate":"","EndDate":""}]},{"ID":0,"CategoryID":788,"Preferred":0,"IcecatID":31011007,"ProductCode":"SV.WDGAP.A01","ThumbPic":"","ProductName":"SV.WDGAP.A01","Brand":"Acer","BrandID":7,"ProductRelatedLocales":[{"ID":0,"Language":"FI","Preferred":0,"StartDate":"","EndDate":""}]}],"CatalogObjectCloud":{},"Variants":[],"ProductStory":[],"Dictionary":{"model_name":"Tuotenimi","desc":"Kuvaus","ean_code":"EAN/UPC-koodi","flash360":"3D-esittely","demo_msg_part3":"Jos sinulla ei ole Icecat-k&auml;ytt&auml;j&auml;tili&auml;, ole hyv&auml; ja rekister&ouml;idy maksutta t&auml;&auml;lt&auml;.","repairability_index":"Repairability index","zoom_panel_init":"Alkuper&auml;inen koko","cat_name":"Ryhm&auml;","product_family":"Tuoteperhe","back_to_top":"Takaisin yl&ouml;s","zoom_panel_out":"Loitonna","specs":"Tekniset tiedot","eu_product_fiche":"EU-tuoteseloste","reviews_head_name":"Arvostelut","pdf_specs":"Tuote-esite","zoom_panel_in":"L&auml;henn&auml;","html_content":"","release_date":"Julkaisup&auml;iv&auml;","demo_msg_part1":"K&auml;yt&auml;t t&auml;ll&auml; hetkell&auml; demo-k&auml;ytt&auml;j&auml;tili&auml;. Ole hyv&auml; ja k&auml;yt&auml; omaa Icecat-k&auml;ytt&auml;j&auml;tili&auml;si.","demo_insert_desc":"This is a demo of a seamless insert of an Icecat LIVE product data-sheet in your website. Imagine that this responsive data-sheet is included in the product page of your webshop.","pdf_url":"K&auml;ytt&ouml;opas","prod_code":"Tuotekoodi","supplier_name":"Tuotemerkki","video":"Video","reasons_to_buy":"Syitä ostaa","marketing_text":"Kuvaus","options_head_name":"Vaihtoehdot","product_series":"Tuotesarja","demo_msg_part2":"Icecat k&auml;ytt&auml;j&auml;tunnuksesi","link_integrate_desk":"Kuinka integroida Icecat LIVE JavaScript.","zoom_panel_dragg":"Hiirell&auml; vet&auml;minen","eu_energy_label":"EU-energiamerkintä"},"DemoAccount":false}}