{"msg":"OK","data":{"GeneralInfo":{"IcecatId":128680105,"ReleaseDate":"","EndOfLifeDate":"","Title":"Acer Predator Orion 7000 PO7-655 Intel® Core™ i9 i9-14900KF 64 GB DDR5-SDRAM 2 TB SSD NVIDIA GeForce RTX 4090 Windows 11 Home Työpöytä PC musta","TitleInfo":{"GeneratedIntTitle":"Acer Predator Orion 7000 PO7-655","GeneratedLocalTitle":{"Value":"Acer Predator Orion 7000 PO7-655 Intel® Core™ i9 i9-14900KF 64 GB DDR5-SDRAM 2 TB SSD NVIDIA GeForce RTX 4090 Windows 11 Home Työpöytä PC musta","Language":"FI"},"BrandLocalTitle":{"Value":"","Language":"FI"}},"Brand":"Acer","BrandID":"7","BrandLogo":"https://images.icecat.biz/img/brand/thumb/7_2e1091176d2d450eae2dce7506f1952f.jpg","BrandInfo":{"BrandName":"Acer","BrandLocalName":"","BrandLogo":"https://images.icecat.biz/img/brand/thumb/7_2e1091176d2d450eae2dce7506f1952f.jpg"},"ProductName":"PO7-655","ProductNameInfo":{"ProductIntName":"PO7-655","ProductLocalName":{"Value":"","Language":"FI"}},"BrandPartCode":"DG.E3ZEQ.00G","GTIN":["4711474078469"],"Category":{"CategoryID":"153","Name":{"Value":"Tietokoneet/työasemat","Language":"FI"}},"ProductFamily":{"ProductFamilyID":"62974","Value":"Predator","Language":"EN"},"ProductSeries":{"SeriesID":"7451","Value":"Orion 7000","Language":"EN"},"Description":{"ID":"98462712","LongDesc":"Predator Orion 7000, jonka tehon takaavat seuraavan sukupolven Intel® Arrow Lake -prosessorit, johtaa tiesi rajattoman tehon maailmaan. Pelottomille suunnattu taisteluvalmis pöytätietokone murskaa kaikki haasteet. Sen huippulaadukas CycloneX 360 -jäähdytysjärjestelmä ja mukautettava ARGB-valaistus se todella huomataan. Nauti pelaamisen uudesta ylivoimaisesta aikakaudesta.<br><br><b>PELIÄ VARTEN. AINA VALMIINA.</b><br>Predator Orion 7000 hyödyntää Intelin seuraavan sukupolven Arrow Lake -prosessorien raakaa voimaa. Koe verraton suorituskyky, saumaton multitaskaus ja salamannopea reagoivuus. Voitat kaikki haasteet vaativimmistakin peleistä monimutkaisimpiinkin luoviin projekteihin.<br><br><b>TEKOÄLY VIE PIDEMMÄLLE, RTX NOPEUTTAA TOIMINTOJA</b><br>Tutustu RTX-tekniikan ja tekoälyn hyötyihin. Windows-tietokoneiden parannetut luovat toiminnot, huikean tuottavuuden ja räjähtävän nopean pelaamisen mahdollistaa tekoäly, jonka perustana ovat NVIDIA RTX™ ja GeForce RTX™.<br><br><b>TEKOÄLY JA PELAAMINEN</b><br>Nosta pelikokemuksesi uudelle tasolle RTX- ja tekoälypohjaisen tekniikan avulla, joka parantaa kaikkea kuvataajuuksista tarkkuuteen.<br><br><b>TEKOÄLY JA LUOVA TYÖ</b><br>Saat sisällöntuotannon tehostamiseen yli 100 tekoälyä ja RTX-kiihdytystä hyödyntävää luovan työskentelyn sovellusta, kuten Adobe Creative Cloud -paketti, Blender, DaVinci Resolve, OBS Studio ja NVIDIA Studio -ohjelmiston ainutlaatuiset tekoälytyökalut.<br><br><b>TUOTTAVUUTTA JA VIIHDETTÄ TEKOÄLYLLÄ</b><br>Suosikkisovelluksistasi suosikkiohjelmiisi, RTX-pohjainen tekoäly tekee arkipäiväisistä tehtävistäsi älykkäämpiä, nopeampia, terävämpiä ja nautinnollisempia. Voit unohtaa kaikki rajoitukset tekoälyn avulla.<br><br><b>NVIDIA® GEFORCE RTX™ 40 -SARJAN NÄYTÖNOHJAIMET</b><br>NVIDIA® GeForce RTX™ 40 -sarjan näytönohjaimet ovat nopeaakin nopeampia pelaajien ja luovaa työtä tekevien tarpeisiin. Niissä on erittäin tehokas NVIDIA Ada Lovelace -arkkitehtuuri, joka parantaa sekä suorituskykyä että tekoälyä hyödyntävää grafiikkaa. Koe aitoakin aidommat virtuaalimaailmat säteenseurannan ja ultranopean FPS-kuvanopeuden avulla, todella matalaa viivettä unohtamatta. Tutustu uusiin ja mullistaviin tapoihin luoda uutta ja kiihdyttää työnkulkuja.<br><br><b>TEKOÄLYPOHJAINEN SUORITUSKYKY JA AIDOT GRAFIIKAT</b><br>DLSS 3,5:ssä on uudet neljännen sukupolven Tensor-ytimet ja GeForce RTX 40 -sarjan näytönohjaimissa toimiva Optical Flow Accelerator -tekniikka, ja se luo tekoälyn avulla entistä laadukkaampaa pelikuvaa.<br><br><b>REALISTINEN VALO SÄTEENSEURANNALLA</b><br>Ada-arkkitehtuuri päästää valloilleen säteenseurannan koko loiston, joka simuloi valon toimintaa tosielämässä. RTX 40 -sarjan tietokoneiden ja kolmannen sukupolven RT-ydinten tehon ansiosta voit kokea uskomattoman yksityiskohtaiset virtuaalimaailmat aivan uudella tavalla.<br><br><b>OPTIMOITU TEHO JA SUORITUSKYKY</b><br>Valikoima tekoälypohjaisia tekniikoita, jotka optimoivat tietokoneen kaikki osa-alueet – näytönohjaimen, prosessorin, muistin, jäähdytyksen, ohjelmistot ja näytön – jotta laitteet ovat tehokkaita, ohuita ja hiljaisia.<br><br><b>INNOVATIIVINEN JÄÄHDYTYSTEKNIIKKA</b><br>Päihitä kuumuus Predator CycloneX 360:lla. Edistyksellinen jäähdytysjärjestelmä parantaa ilman virtausta ja hoitaa lämmönhallinnan dynaamisesti, jotta varusteesi pysyvät viileinä ja toimivat huipputasolla intensiivisimmissäkin pelisessioissa. Nauti vakaasta pelistä ilman kuumuudesta johtuvia pullonkauloja.<br><br><b>MAKSIMAALINEN ILMAVIRTA</b><br>CycloneX 360:n 3-in-1-tuuletinmuotoilu lisää ilman virtausta 15 prosentilla ja estää ylikuumenemisen pelin tuoksinassa ohjaamalla viileää ilmaa prosessoriin ja emolevyyn.<br><br><b>TEHOKAS LÄMMÖN HAIHDUTUS</b><br>360 mm:n jäähdytin ja CycloneX 360 haihduttavat lämpöä erinomaisesti, laskevat emolevyn virtaosien lämpötilaa jopa 9 asteen verran ja takaavat sujuvan, keskeytyksettömän toiminnan.<br><br><b>OPTIMOITU TEHO JA SUORITUSKYKY</b><br>Jäähdytyksen lisäksi CycloneX 360 täydentää pelivarusteitasi mukautettavilla ARGB-valoilla, joilla luot vaikuttavaa ilmettä tehokkaasti ja tyylikkäästi.<br><br><b>HUIPPULUOKAN NESTEJÄÄHDYTYS</b><br>Orion 7000:n 360 mm:n prosessorin nestejäähdytysjärjestelmä on suunniteltu ylläpitämään optimaalisia lämpötiloja. Yhdistämällä parannetun ilmavirtauksen, tehokkaan lämmön haihdutuksen ja erinomaisen lämmönhallinnan se takaa, että järjestelmä on aina parhaimmillaan myös intensiivisten pelien ja raskaiden työkuormien yhteydessä.<br><br><b>JÄÄHDYTIN JA VERKKO</b><br>360 mm:n jäähdytin, jossa on erityinen verkko, haihduttaa lämpöä tehokkaasti, maksimoi ilman virtauksen ja takaa yhtenäisen jäähdytyksen, jotta pelaaminen sujuu tehokkaasti.<br><br><b>JÄÄHDYTYSLEVY</b><br>Orion 7000:ssa on paksunnettu jäähdytyslevy, joka tehostaa lämmön keräämistä ja laajentaa jäähdyttimen jäähdytysaluetta erinomaisella lämmönhallinnalla.<br><br><b>PUMPPU</b><br>3 400 kierrosta minuutissa käyvä pumppu tehostaa jäähdytystä ja takaa vakaan, nopean suorituskyvyn intensiivisissä pelisessioissa.<br><br><b>ACER INTELLIGENCE SPACE</b><br>Älykkäiden laiteominaisuuksien keskus Acer Intelligence Space tunnistaa laitteistosi ja suosittelee yhteensopivia tekoälysovelluksia, jotta voit optimoida suorituskyvyn, parantaa pelikokemuksia ja löytää uusia työkaluja helposti.<br><br><b>ACER GAME ASSISTANCE</b><br>Nosta pelaamisen tehokkuus uudelle tasolle pelikohtauksiin sopeutuvan Game Scene adaptive Aim -järjestelmän avulla.<br><br><b>TALLENNA PELIEN KOHOKOHDAT AUTOMAATTISESTI</b><br>Acer ProCam -kamera tunnistaa automaattisesti pelin kohokohdat ja tallentaa ne.<br><br><b>HUIPPULUOKAN LIITETTÄVYYS</b><br>Yhdistäminen ja liittäminen sujuu saumattomasti uusimmilla verkkoratkaisuilla, joita ovat mm. Wi-Fi 7 ja Thunderbolt 4. Nauti viiveettömästä pelaamisesta ja nopeasta suoratoistosta, joiden ansiosta pysyt mukana toiminnassa ilman keskeytyksiä.<br><br><b>YMPÄRISTÖYSTÄVÄLLINEN RAKENNE</b><br>Pelaa vastuullisesti Predator Orion 7000:lla, joka sisältää PCR-muovimateriaaleja. Koe ympäristöystävällinen innovaatio tinkimättä haluamastasi tehosta.<br><br><b>HOT-SWAP. PELI JATKUU.</b><br>M.2 SSD -paikan ansiosta voit päivittää tai vaihtaa tallennustilan hetkessä. Ei käyttökatkoja eikä keskeytyksiä, vaan saumatonta, keskeytyksetöntä peliä.<br><br><b>VALAISE MAAILMASI</b><br>Räätälöi linnoitustasi 12:lla yleisellä valokuviolla ja tarkalla hallinnalla 5:llä erillisellä vyöhykkeellä (2 kotelossa, 3 sisällä).<br><br><b>LOPUTON KAIKU</b><br>Predator-logo sykkii äärettömyyspeilin syvyyksistä ja luo linnoitukseesi lumoavan hehkun.<br><br><b>LÖYDÄ SEURAAVA SUOSIKKIPELISI</b><br>Pelaa satoja laadukkaita pelejä uudella Predator-merkkisellä Windows 11 -tietokoneella. Saat kaupan päälle kolmen kuukauden PC Game Pass -jäsenyyden, johon sisältyy EA Play -palvelu. Uusia pelejä lisätään jatkuvasti, joten pelit eivät ikinä lopu kesken.","LongProductName":"Intel Core i9-14900KF (36MB Cache), 64GB DDR5-SDRAM, 2000GB SSD, NVIDIA GeForce RTX 4090 (24GB GDDR6X), LAN, Windows 11 Home 64-bit","MiddleDesc":"","Disclaimer":"","ManualPDFURL":"","ManualPDFSize":"0","LeafletPDFURL":"","PDFSize":"0","URL":"https://www.acer.com/fi-fi/predator/desktops-and-all-in-ones/predator-orion/orion-7000","WarrantyInfo":"","Updated":"2025-02-13 11:52:12","Language":"FI"},"SummaryDescription":{"ShortSummaryDescription":"Acer Predator Orion 7000 PO7-655, Intel® Core™ i9, i9-14900KF, 64 GB, 2 TB, Windows 11 Home, 64-bittinen","LongSummaryDescription":"Acer Predator Orion 7000 PO7-655. Suoritinperhe: Intel® Core™ i9, Prosessorimalli: i9-14900KF. Sisäinen muisti: 64 GB, Sisäisen muistin tyyppi: DDR5-SDRAM. Kokonaistallennuskapasiteetti: 2 TB, Tallennusmedia: SSD. Erillisen näytönohjaimen malli: NVIDIA GeForce RTX 4090. Käyttöjärjestelmä asennettu: Windows 11 Home, Käyttöjärjestelmän arkkitehtuuri: 64-bittinen. Virtalähde: 1200 W. Alustatyyppi: Työpöytä. Tuotetyyppi: PC. Tuotteen väri: musta"},"BulletPoints":{"BulletPointsId":"11009914","Language":"FI","Values":["Windows 11 Home 64-bit","Intel Core i9-14900KF (36MB Cache)","NVIDIA GeForce RTX 4090 (24GB GDDR6X)","64GB DDR5-SDRAM & 2000GB SSD"],"Updated":"2025-02-13 11:52:12"},"GeneratedBulletPoints":{"Language":"FI","Values":["Pelaaminen PC musta 1200 W","Intel® Core™ i9 i9-14900KF Prosessorin ytimet: 24","64 GB DDR5-SDRAM","2 TB SSD","NVIDIA GeForce RTX 4090 24 GB","Ethernet LAN 10,100,1000,2500 Mbit/s","Windows 11 Home 64-bittinen"]},"GTINs":[{"GTIN":"4711474078469","IsApproved":true}],"VirtualCategory":[{"VirtualCategoryID":"195","UNCATID":"43171895","Value":"PCs","Language":"EN"}]},"Image":{"HighPic":"https://images.icecat.biz/img/gallery/ae22baf4aa3646f49568864c0d865ca3.jpg","HighPicSize":"3534879","HighPicHeight":"5000","HighPicWidth":"2920","LowPic":"https://images.icecat.biz/img/gallery_lows/ae22baf4aa3646f49568864c0d865ca3.jpg","LowPicSize":"14484","LowPicHeight":"200","LowPicWidth":"117","Pic500x500":"https://images.icecat.biz/img/gallery_mediums/ae22baf4aa3646f49568864c0d865ca3.jpg","Pic500x500Size":"65026","Pic500x500Height":"500","Pic500x500Width":"292","ThumbPic":"https://images.icecat.biz/img/gallery_thumbs/ae22baf4aa3646f49568864c0d865ca3.jpg","ThumbPicSize":"3514"},"Multimedia":[{"ID":"00000000-0000-0000-0000-000000000000","URL":"https://icecat.biz/rest/product-pdf?productId=128680105&lang=fi&AccessKey=tVGKVN0NApZGwF9sSWaWthghoRjlYo5f","Type":"leaflet","ContentType":"application/pdf","KeepAsUrl":"0","Description":"Brochure Acer DG.E3ZEQ.00G","Size":"0","IsPrivate":"0","Updated":"2025-09-09 10:26:26","Language":"FI","IsVideo":0}],"Gallery":[{"ID":"101219893","LowPic":"https://images.icecat.biz/img/gallery_lows/ae22baf4aa3646f49568864c0d865ca3.jpg","LowSize":"14484","LowHeight":"200","LowWidth":"117","ThumbPic":"https://images.icecat.biz/img/gallery_thumbs/ae22baf4aa3646f49568864c0d865ca3.jpg","ThumbPicSize":"3514","Pic":"https://images.icecat.biz/img/gallery/ae22baf4aa3646f49568864c0d865ca3.jpg","Size":"3534879","PicHeight":"5000","PicWidth":"2920","Pic500x500":"https://images.icecat.biz/img/gallery_mediums/ae22baf4aa3646f49568864c0d865ca3.jpg","Pic500x500Size":"65026","Pic500x500Height":"500","Pic500x500Width":"292","No":"1","IsMain":"Y","Updated":"2025-02-13 11:45:01","IsPrivate":"0","Type":"ProductImage","Attributes":{"OriginalFileName":""}},{"ID":"101219895","LowPic":"https://images.icecat.biz/img/gallery_lows/72593fce3ba45f8737fb2b193aced900.jpg","LowSize":"25691","LowHeight":"200","LowWidth":"174","ThumbPic":"https://images.icecat.biz/img/gallery_thumbs/72593fce3ba45f8737fb2b193aced900.jpg","ThumbPicSize":"5723","Pic":"https://images.icecat.biz/img/gallery/72593fce3ba45f8737fb2b193aced900.jpg","Size":"6940765","PicHeight":"5000","PicWidth":"4345","Pic500x500":"https://images.icecat.biz/img/gallery_mediums/72593fce3ba45f8737fb2b193aced900.jpg","Pic500x500Size":"120488","Pic500x500Height":"500","Pic500x500Width":"435","No":"2","IsMain":"N","Updated":"2025-02-13 11:45:02","IsPrivate":"0","Type":"ProductImage","Attributes":{"OriginalFileName":""}},{"ID":"101219897","LowPic":"https://images.icecat.biz/img/gallery_lows/a3aeb5d04332a98eca1a7074e96bfc46.jpg","LowSize":"18682","LowHeight":"200","LowWidth":"159","ThumbPic":"https://images.icecat.biz/img/gallery_thumbs/a3aeb5d04332a98eca1a7074e96bfc46.jpg","ThumbPicSize":"4197","Pic":"https://images.icecat.biz/img/gallery/a3aeb5d04332a98eca1a7074e96bfc46.jpg","Size":"6985463","PicHeight":"5000","PicWidth":"3967","Pic500x500":"https://images.icecat.biz/img/gallery_mediums/a3aeb5d04332a98eca1a7074e96bfc46.jpg","Pic500x500Size":"93530","Pic500x500Height":"500","Pic500x500Width":"397","No":"3","IsMain":"N","Updated":"2025-02-13 11:45:03","IsPrivate":"0","Type":"ProductImage","Attributes":{"OriginalFileName":""}},{"ID":"101219899","LowPic":"https://images.icecat.biz/img/gallery_lows/41a043a42e1f3ef5100aab6215868ad3.jpg","LowSize":"29207","LowHeight":"180","LowWidth":"200","ThumbPic":"https://images.icecat.biz/img/gallery_thumbs/41a043a42e1f3ef5100aab6215868ad3.jpg","ThumbPicSize":"5943","Pic":"https://images.icecat.biz/img/gallery/41a043a42e1f3ef5100aab6215868ad3.jpg","Size":"7896827","PicHeight":"4512","PicWidth":"5000","Pic500x500":"https://images.icecat.biz/img/gallery_mediums/41a043a42e1f3ef5100aab6215868ad3.jpg","Pic500x500Size":"139018","Pic500x500Height":"451","Pic500x500Width":"500","No":"4","IsMain":"N","Updated":"2025-02-13 11:45:04","IsPrivate":"0","Type":"ProductImage","Attributes":{"OriginalFileName":""}},{"ID":"101219906","LowPic":"https://images.icecat.biz/img/gallery_lows/9da5c8ebd70d76f8af3839a16007333c.jpg","LowSize":"14461","LowHeight":"200","LowWidth":"107","ThumbPic":"https://images.icecat.biz/img/gallery_thumbs/9da5c8ebd70d76f8af3839a16007333c.jpg","ThumbPicSize":"3568","Pic":"https://images.icecat.biz/img/gallery/9da5c8ebd70d76f8af3839a16007333c.jpg","Size":"4234664","PicHeight":"5000","PicWidth":"2683","Pic500x500":"https://images.icecat.biz/img/gallery_mediums/9da5c8ebd70d76f8af3839a16007333c.jpg","Pic500x500Size":"66821","Pic500x500Height":"500","Pic500x500Width":"268","No":"5","IsMain":"N","Updated":"2025-02-13 11:45:05","IsPrivate":"0","Type":"ProductImage","Attributes":{"OriginalFileName":""}},{"ID":"101219907","LowPic":"https://images.icecat.biz/img/gallery_lows/38bbb9ab6255d862caac9fb459859013.jpg","LowSize":"15846","LowHeight":"200","LowWidth":"111","ThumbPic":"https://images.icecat.biz/img/gallery_thumbs/38bbb9ab6255d862caac9fb459859013.jpg","ThumbPicSize":"3673","Pic":"https://images.icecat.biz/img/gallery/38bbb9ab6255d862caac9fb459859013.jpg","Size":"7565464","PicHeight":"5000","PicWidth":"2779","Pic500x500":"https://images.icecat.biz/img/gallery_mediums/38bbb9ab6255d862caac9fb459859013.jpg","Pic500x500Size":"92055","Pic500x500Height":"500","Pic500x500Width":"278","No":"6","IsMain":"N","Updated":"2025-02-13 11:45:06","IsPrivate":"0","Type":"ProductImage","Attributes":{"OriginalFileName":""}},{"ID":"101219908","LowPic":"https://images.icecat.biz/img/gallery_lows/4bacdaa35405bc5204d24ef81a2bf1da.jpg","LowSize":"33580","LowHeight":"196","LowWidth":"200","ThumbPic":"https://images.icecat.biz/img/gallery_thumbs/4bacdaa35405bc5204d24ef81a2bf1da.jpg","ThumbPicSize":"6572","Pic":"https://images.icecat.biz/img/gallery/4bacdaa35405bc5204d24ef81a2bf1da.jpg","Size":"9542196","PicHeight":"4891","PicWidth":"5000","Pic500x500":"https://images.icecat.biz/img/gallery_mediums/4bacdaa35405bc5204d24ef81a2bf1da.jpg","Pic500x500Size":"160210","Pic500x500Height":"489","Pic500x500Width":"500","No":"7","IsMain":"N","Updated":"2025-02-13 11:45:06","IsPrivate":"0","Type":"ProductImage","Attributes":{"OriginalFileName":""}},{"ID":"101219909","LowPic":"https://images.icecat.biz/img/gallery_lows/cf4b3d6a543d9660cd04969466010ddb5e484d0d.jpg","LowSize":"44432","LowHeight":"150","LowWidth":"200","ThumbPic":"https://images.icecat.biz/img/gallery_thumbs/1261948833a4fa5e02d1df7b4ba4894ed4e38679.jpg","ThumbPicSize":"9467","Pic":"https://images.icecat.biz/img/gallery/acf360246091dac9904317cc10a9c8f9e608aea0.jpg","Size":"9498014","PicHeight":"3757","PicWidth":"5000","Pic500x500":"https://images.icecat.biz/img/gallery_mediums/13be45bc2b506add3f10a771479a64425fd201af.jpg","Pic500x500Size":"201422","Pic500x500Height":"376","Pic500x500Width":"500","No":"8","IsMain":"N","Updated":"2025-02-13 11:45:08","IsPrivate":"0","Type":"ProductImage","Attributes":{"OriginalFileName":""}}],"FeaturesGroups":[{"ID":2,"SortNo":"100","FeatureGroup":{"ID":"1","Name":{"Value":"Prosessori","Language":"FI"}},"Features":[{"Localized":0,"ID":739972733,"LocalID":0,"Type":"dropdown","Value":"Intel","CategoryFeatureId":"3032","CategoryFeatureGroupID":"2","SortNo":"10100801","PresentationValue":"Intel","RawValue":"Intel","LocalValue":"Intel","Description":"The manufacturer that produced the processor.","Mandatory":"1","Searchable":"0","Optional":"0","Feature":{"ID":"1013","Sign":"","Measure":{"ID":"29","Sign":"","Signs":{"ID":"","_":"","Language":"FI"}},"Name":{"Value":"Suoritinvalmistaja","Language":"FI"}}},{"Localized":0,"ID":739972734,"LocalID":0,"Type":"dropdown","Value":"Intel Core i9","CategoryFeatureId":"11561","CategoryFeatureGroupID":"2","SortNo":"5300","PresentationValue":"Intel® Core™ i9","RawValue":"Intel Core i9","LocalValue":"Intel® Core™ i9","Description":"Prosessorisarja johon prosessori kuuluu.","Mandatory":"1","Searchable":"1","Optional":"0","Feature":{"ID":"2196","Sign":"","Measure":{"ID":"29","Sign":"","Signs":{"ID":"","_":"","Language":"FI"}},"Name":{"Value":"Suoritinperhe","Language":"FI"}}},{"Localized":0,"ID":739972735,"LocalID":0,"Type":"dropdown","Value":"Intel Core i9-14xxx","CategoryFeatureId":"893380","CategoryFeatureGroupID":"2","SortNo":"5300","PresentationValue":"Intel Core i9-14xxx","RawValue":"Intel Core i9-14xxx","LocalValue":"Intel Core i9-14xxx","Description":"","Mandatory":"0","Searchable":"0","Optional":"0","Feature":{"ID":"44870","Sign":"","Measure":{"ID":"29","Sign":"","Signs":{"ID":"","_":"","Language":"FI"}},"Name":{"Value":"Prosessorisukupolvi","Language":"FI"}}},{"Localized":0,"ID":739972736,"LocalID":0,"Type":"dropdown","Value":"i9-14900KF","CategoryFeatureId":"62","CategoryFeatureGroupID":"2","SortNo":"5200","PresentationValue":"i9-14900KF","RawValue":"i9-14900KF","LocalValue":"i9-14900KF","Description":"The model number for the processor in a computer.","Mandatory":"1","Searchable":"0","Optional":"0","Feature":{"ID":"47","Sign":"","Measure":{"ID":"29","Sign":"","Signs":{"ID":"","_":"","Language":"FI"}},"Name":{"Value":"Prosessorimalli","Language":"FI"}}},{"Localized":0,"ID":739972737,"LocalID":0,"Type":"numerical","Value":"24","CategoryFeatureId":"36486","CategoryFeatureGroupID":"2","SortNo":"220","PresentationValue":"24","RawValue":"24","LocalValue":"24","Description":"The number of central processing units ('cores') in a processor. Some processors have 1 core","Mandatory":"0","Searchable":"0","Optional":"0","Feature":{"ID":"6089","Sign":"","Measure":{"ID":"29","Sign":"","Signs":{"ID":"","_":"","Language":"FI"}},"Name":{"Value":"Prosessorin ytimet","Language":"FI"}}},{"Localized":0,"ID":739972740,"LocalID":0,"Type":"dropdown","Value":"32","CategoryFeatureId":"52263","CategoryFeatureGroupID":"2","SortNo":"215","PresentationValue":"32","RawValue":"32","LocalValue":"32","Description":"","Mandatory":"0","Searchable":"0","Optional":"0","Feature":{"ID":"7337","Sign":"","Measure":{"ID":"29","Sign":"","Signs":{"ID":"","_":"","Language":"FI"}},"Name":{"Value":"Prosessorin säikeet","Language":"FI"}}},{"Localized":0,"ID":739972741,"LocalID":0,"Type":"numerical","Value":"6","CategoryFeatureId":"52264","CategoryFeatureGroupID":"2","SortNo":"210","PresentationValue":"6 GHz","RawValue":"6","LocalValue":"6","Description":"Turbo-toiminto on prosessorin automaattinen, hallittu kiihdytys kun yksi ytimistä on ylikuormitettu.","Mandatory":"0","Searchable":"0","Optional":"0","Feature":{"ID":"7978","Sign":"","Measure":{"ID":"37","Sign":"","Signs":{"ID":"13825","_":"GHz","Language":"FI"}},"Name":{"Value":"Suorittimen boost-taajuus","Language":"FI"}}},{"Localized":0,"ID":739972738,"LocalID":0,"Type":"numerical","Value":"8","CategoryFeatureId":"895771","CategoryFeatureGroupID":"2","SortNo":"200","PresentationValue":"8","RawValue":"8","LocalValue":"8","Description":"","Mandatory":"0","Searchable":"0","Optional":"0","Feature":{"ID":"44522","Sign":"","Measure":{"ID":"29","Sign":"","Signs":{"ID":"","_":"","Language":"FI"}},"Name":{"Value":"Suorituskyky-ytimet","Language":"FI"}}},{"Localized":0,"ID":739972739,"LocalID":0,"Type":"numerical","Value":"16","CategoryFeatureId":"895770","CategoryFeatureGroupID":"2","SortNo":"195","PresentationValue":"16","RawValue":"16","LocalValue":"16","Description":"","Mandatory":"0","Searchable":"0","Optional":"0","Feature":{"ID":"44521","Sign":"","Measure":{"ID":"29","Sign":"","Signs":{"ID":"","_":"","Language":"FI"}},"Name":{"Value":"Tehokkuusytimet","Language":"FI"}}},{"Localized":0,"ID":739972747,"LocalID":0,"Type":"numerical","Value":"5.6","CategoryFeatureId":"932901","CategoryFeatureGroupID":"2","SortNo":"185","PresentationValue":"5,6 GHz","RawValue":"5.6","LocalValue":"5,6","Description":"","Mandatory":"0","Searchable":"0","Optional":"0","Feature":{"ID":"46564","Sign":"","Measure":{"ID":"37","Sign":"","Signs":{"ID":"13825","_":"GHz","Language":"FI"}},"Name":{"Value":"Performance-core Max Turbo Frequency","Language":"FI"}}},{"Localized":0,"ID":739972748,"LocalID":0,"Type":"numerical","Value":"4.4","CategoryFeatureId":"932897","CategoryFeatureGroupID":"2","SortNo":"180","PresentationValue":"4,4 GHz","RawValue":"4.4","LocalValue":"4,4","Description":"","Mandatory":"0","Searchable":"0","Optional":"0","Feature":{"ID":"46563","Sign":"","Measure":{"ID":"37","Sign":"","Signs":{"ID":"13825","_":"GHz","Language":"FI"}},"Name":{"Value":"Efficient-core Max Turbo Frequency","Language":"FI"}}},{"Localized":0,"ID":739972749,"LocalID":0,"Type":"numerical","Value":"3.2","CategoryFeatureId":"895767","CategoryFeatureGroupID":"2","SortNo":"170","PresentationValue":"3,2 GHz","RawValue":"3.2","LocalValue":"3,2","Description":"","Mandatory":"0","Searchable":"0","Optional":"0","Feature":{"ID":"44531","Sign":"","Measure":{"ID":"37","Sign":"","Signs":{"ID":"13825","_":"GHz","Language":"FI"}},"Name":{"Value":"Suorituskyky-ytimen pohjataajuus","Language":"FI"}}},{"Localized":0,"ID":739972750,"LocalID":0,"Type":"numerical","Value":"2.4","CategoryFeatureId":"895769","CategoryFeatureGroupID":"2","SortNo":"165","PresentationValue":"2,4 GHz","RawValue":"2.4","LocalValue":"2,4","Description":"","Mandatory":"0","Searchable":"0","Optional":"0","Feature":{"ID":"44529","Sign":"","Measure":{"ID":"37","Sign":"","Signs":{"ID":"13825","_":"GHz","Language":"FI"}},"Name":{"Value":"Tehokkuusytimen pohjataajuus","Language":"FI"}}},{"Localized":0,"ID":739972743,"LocalID":0,"Type":"numerical","Value":"36","CategoryFeatureId":"101563","CategoryFeatureGroupID":"2","SortNo":"60","PresentationValue":"36 MB","RawValue":"36","LocalValue":"36","Description":"","Mandatory":"0","Searchable":"0","Optional":"0","Feature":{"ID":"10041","Sign":"","Measure":{"ID":"19","Sign":"","Signs":{"ID":"13810","_":"MB","Language":"FI"}},"Name":{"Value":"Prosessorin välimuisti","Language":"FI"}}},{"Localized":0,"ID":739972744,"LocalID":0,"Type":"dropdown","Value":"Smart Cache","CategoryFeatureId":"135208","CategoryFeatureGroupID":"2","SortNo":"59","PresentationValue":"Smart Cache","RawValue":"Smart Cache","LocalValue":"Smart Cache","Description":"","Mandatory":"0","Searchable":"0","Optional":"0","Feature":{"ID":"21716","Sign":"","Measure":{"ID":"29","Sign":"","Signs":{"ID":"","_":"","Language":"FI"}},"Name":{"Value":"Prosessorin välimuistityyppi","Language":"FI"}}},{"Localized":0,"ID":739972331,"LocalID":0,"Type":"numerical","Value":"1","CategoryFeatureId":"2216","CategoryFeatureGroupID":"2","SortNo":"30","PresentationValue":"1","RawValue":"1","LocalValue":"1","Description":"Prosessorien lukumäärä sekä tuotteen tuki multi-prosessointia varten","Mandatory":"0","Searchable":"0","Optional":"0","Feature":{"ID":"596","Sign":"","Measure":{"ID":"29","Sign":"","Signs":{"ID":"","_":"","Language":"FI"}},"Name":{"Value":"Asennettujen prosessorien lukumäärä","Language":"FI"}}},{"Localized":0,"ID":739972745,"LocalID":0,"Type":"numerical","Value":"125","CategoryFeatureId":"903074","CategoryFeatureGroupID":"2","SortNo":"0","PresentationValue":"125 W","RawValue":"125","LocalValue":"125","Description":"","Mandatory":"0","Searchable":"0","Optional":"0","Feature":{"ID":"44525","Sign":"","Measure":{"ID":"44","Sign":"","Signs":{"ID":"13832","_":"W","Language":"FI"}},"Name":{"Value":"Prosessorin pohjateho","Language":"FI"}}},{"Localized":0,"ID":739972746,"LocalID":0,"Type":"numerical","Value":"253","CategoryFeatureId":"903075","CategoryFeatureGroupID":"2","SortNo":"0","PresentationValue":"253 W","RawValue":"253","LocalValue":"253","Description":"","Mandatory":"0","Searchable":"0","Optional":"0","Feature":{"ID":"44528","Sign":"","Measure":{"ID":"44","Sign":"","Signs":{"ID":"13832","_":"W","Language":"FI"}},"Name":{"Value":"Enimmäisturboteho","Language":"FI"}}}]},{"ID":3,"SortNo":"95","FeatureGroup":{"ID":"3","Name":{"Value":"Muisti","Language":"FI"}},"Features":[{"Localized":0,"ID":739972783,"LocalID":0,"Type":"numerical","Value":"64","CategoryFeatureId":"73752","CategoryFeatureGroupID":"3","SortNo":"5100","PresentationValue":"64 GB","RawValue":"64","LocalValue":"64","Description":"A computer's memory which is directly accessible to the CPU.","Mandatory":"1","Searchable":"1","Optional":"0","Feature":{"ID":"11381","Sign":"","Measure":{"ID":"20","Sign":"","Signs":{"ID":"13811","_":"GB","Language":"FI"}},"Name":{"Value":"Sisäinen muisti","Language":"FI"}}},{"Localized":0,"ID":739972333,"LocalID":0,"Type":"numerical","Value":"64","CategoryFeatureId":"12118","CategoryFeatureGroupID":"3","SortNo":"5099","PresentationValue":"64 GB","RawValue":"64","LocalValue":"64","Description":"The maximum internal memory which is available in the product.","Mandatory":"1","Searchable":"0","Optional":"0","Feature":{"ID":"1452","Sign":"","Measure":{"ID":"20","Sign":"","Signs":{"ID":"13811","_":"GB","Language":"FI"}},"Name":{"Value":"Sisäinen enimmäismuisti","Language":"FI"}}},{"Localized":0,"ID":739972332,"LocalID":0,"Type":"dropdown","Value":"DDR5-SDRAM","CategoryFeatureId":"1226","CategoryFeatureGroupID":"3","SortNo":"5098","PresentationValue":"DDR5-SDRAM","RawValue":"DDR5-SDRAM","LocalValue":"DDR5-SDRAM","Description":"The type of internal memory such as RAM","Mandatory":"0","Searchable":"0","Optional":"0","Feature":{"ID":"427","Sign":"","Measure":{"ID":"29","Sign":"","Signs":{"ID":"","_":"","Language":"FI"}},"Name":{"Value":"Sisäisen muistin tyyppi","Language":"FI"}}}]},{"ID":4138,"SortNo":"90","FeatureGroup":{"ID":"47","Name":{"Value":"Tallennusväline","Language":"FI"}},"Features":[{"Localized":0,"ID":739972769,"LocalID":0,"Type":"numerical","Value":"2000","CategoryFeatureId":"33231","CategoryFeatureGroupID":"4138","SortNo":"5000","PresentationValue":"2 TB","RawValue":"2000","LocalValue":"2","Description":"The total amount of data that can be stored on the device.","Mandatory":"1","Searchable":"1","Optional":"0","Feature":{"ID":"3318","Sign":"","Measure":{"ID":"20","Sign":"","Signs":{"ID":"13811","_":"GB","Language":"FI"}},"Name":{"Value":"Kokonaistallennuskapasiteetti","Language":"FI"}}},{"Localized":0,"ID":739972771,"LocalID":0,"Type":"dropdown","Value":"SSD","CategoryFeatureId":"96404","CategoryFeatureGroupID":"4138","SortNo":"4000","PresentationValue":"SSD","RawValue":"SSD","LocalValue":"SSD","Description":"Used for the storage of date e.g. HDD (hard disk drive)","Mandatory":"1","Searchable":"0","Optional":"0","Feature":{"ID":"11441","Sign":"","Measure":{"ID":"29","Sign":"","Signs":{"ID":"","_":"","Language":"FI"}},"Name":{"Value":"Tallennusmedia","Language":"FI"}}},{"Localized":0,"ID":739972354,"LocalID":0,"Type":"dropdown","Value":"N","CategoryFeatureId":"2968","CategoryFeatureGroupID":"4138","SortNo":"500","PresentationValue":"Ei","RawValue":"N","LocalValue":"Ei","Description":"Optisen aseman tyyppi.","Mandatory":"1","Searchable":"1","Optional":"0","Feature":{"ID":"1120","Sign":"","Measure":{"ID":"29","Sign":"","Signs":{"ID":"","_":"","Language":"FI"}},"Name":{"Value":"Optisen aseman tyyppi","Language":"FI"}}},{"Localized":0,"ID":739972773,"LocalID":0,"Type":"numerical","Value":"2000","CategoryFeatureId":"295712","CategoryFeatureGroupID":"4138","SortNo":"32","PresentationValue":"2 TB","RawValue":"2000","LocalValue":"2","Description":"","Mandatory":"0","Searchable":"0","Optional":"0","Feature":{"ID":"37918","Sign":"","Measure":{"ID":"20","Sign":"","Signs":{"ID":"13811","_":"GB","Language":"FI"}},"Name":{"Value":"SSD:n kokonaiskapasiteetti","Language":"FI"}}},{"Localized":0,"ID":739972774,"LocalID":0,"Type":"numerical","Value":"1","CategoryFeatureId":"45817","CategoryFeatureGroupID":"4138","SortNo":"30","PresentationValue":"1","RawValue":"1","LocalValue":"1","Description":"","Mandatory":"0","Searchable":"0","Optional":"0","Feature":{"ID":"7682","Sign":"","Measure":{"ID":"29","Sign":"","Signs":{"ID":"","_":"","Language":"FI"}},"Name":{"Value":"Asennettujen SSD:iden lukumäärä","Language":"FI"}}},{"Localized":0,"ID":739972789,"LocalID":0,"Type":"numerical","Value":"2000","CategoryFeatureId":"45777","CategoryFeatureGroupID":"4138","SortNo":"29","PresentationValue":"2 TB","RawValue":"2000","LocalValue":"2","Description":"Solid State Drive:n tallennuskapasiteetti gigatavuina.","Mandatory":"0","Searchable":"0","Optional":"0","Feature":{"ID":"5586","Sign":"","Measure":{"ID":"20","Sign":"","Signs":{"ID":"13811","_":"GB","Language":"FI"}},"Name":{"Value":"SSD-kapasiteetti","Language":"FI"}}},{"Localized":0,"ID":739972793,"LocalID":0,"Type":"dropdown","Value":"PCI Express 4.0","CategoryFeatureId":"45778","CategoryFeatureGroupID":"4138","SortNo":"28","PresentationValue":"PCI Express 4.0","RawValue":"PCI Express 4.0","LocalValue":"PCI Express 4.0","Description":"Rajapinnan/tojen tyypit, jolla Solid State Drive on kytketty muithin laittesiin.","Mandatory":"0","Searchable":"0","Optional":"0","Feature":{"ID":"5584","Sign":"","Measure":{"ID":"29","Sign":"","Signs":{"ID":"","_":"","Language":"FI"}},"Name":{"Value":"SSD-liittymä","Language":"FI"}}}]},{"ID":8603,"SortNo":"85","FeatureGroup":{"ID":"163","Name":{"Value":"Grafiikka","Language":"FI"}},"Features":[{"Localized":0,"ID":739972754,"LocalID":0,"Type":"y_n","Value":"Y","CategoryFeatureId":"192532","CategoryFeatureGroupID":"8603","SortNo":"4810","PresentationValue":"Kyllä","RawValue":"Y","LocalValue":"Kyllä","Description":"","Mandatory":"1","Searchable":"1","Optional":"0","Feature":{"ID":"27905","Sign":"","Measure":{"ID":"26","Sign":"","Signs":{"ID":"","_":"","Language":"FI"}},"Name":{"Value":"Erillinen grafiikka-adapteri","Language":"FI"}}},{"Localized":0,"ID":739972752,"LocalID":0,"Type":"y_n","Value":"N","CategoryFeatureId":"74328","CategoryFeatureGroupID":"8603","SortNo":"4470","PresentationValue":"Ei","RawValue":"N","LocalValue":"Ei","Description":"Graphics hardware which is built into the motherboard or CPU","Mandatory":"1","Searchable":"1","Optional":"0","Feature":{"ID":"9997","Sign":"","Measure":{"ID":"26","Sign":"","Signs":{"ID":"","_":"","Language":"FI"}},"Name":{"Value":"Sisäinen näytönohjain","Language":"FI"}}},{"Localized":0,"ID":739972755,"LocalID":0,"Type":"dropdown","Value":"NVIDIA GeForce RTX 4090","CategoryFeatureId":"53946","CategoryFeatureGroupID":"8603","SortNo":"3900","PresentationValue":"NVIDIA GeForce RTX 4090","RawValue":"NVIDIA GeForce RTX 4090","LocalValue":"NVIDIA GeForce RTX 4090","Description":"A graphics adapter (often known as a video card) generates images for a display. A discrete graphics adapter plugs into the motherboard","Mandatory":"1","Searchable":"0","Optional":"0","Feature":{"ID":"9018","Sign":"","Measure":{"ID":"29","Sign":"","Signs":{"ID":"","_":"","Language":"FI"}},"Name":{"Value":"Erillisen näytönohjaimen malli","Language":"FI"}}},{"Localized":0,"ID":739972756,"LocalID":0,"Type":"numerical","Value":"24","CategoryFeatureId":"131976","CategoryFeatureGroupID":"8603","SortNo":"479","PresentationValue":"24 GB","RawValue":"24","LocalValue":"24","Description":"","Mandatory":"0","Searchable":"0","Optional":"0","Feature":{"ID":"18403","Sign":"","Measure":{"ID":"20","Sign":"","Signs":{"ID":"13811","_":"GB","Language":"FI"}},"Name":{"Value":"Diskreetti näytönohjainmuisti","Language":"FI"}}},{"Localized":0,"ID":739972757,"LocalID":0,"Type":"dropdown","Value":"GDDR6X","CategoryFeatureId":"53950","CategoryFeatureGroupID":"8603","SortNo":"478","PresentationValue":"GDDR6X","RawValue":"GDDR6X","LocalValue":"GDDR6X","Description":"","Mandatory":"0","Searchable":"0","Optional":"0","Feature":{"ID":"9020","Sign":"","Measure":{"ID":"29","Sign":"","Signs":{"ID":"","_":"","Language":"FI"}},"Name":{"Value":"Erillisen näytönohjaimen muistin tyyppi","Language":"FI"}}},{"Localized":0,"ID":739972751,"LocalID":0,"Type":"dropdown","Value":"Not available","CategoryFeatureId":"53944","CategoryFeatureGroupID":"8603","SortNo":"446","PresentationValue":"Ei saatavilla","RawValue":"Not available","LocalValue":"Ei saatavilla","Description":"\"Graphic adapter\" is the hardware that produces images on a display. \"On-board\" means that the graphics adapter is intergrated inside the motherboard.","Mandatory":"1","Searchable":"0","Optional":"0","Feature":{"ID":"9016","Sign":"","Measure":{"ID":"29","Sign":"","Signs":{"ID":"","_":"","Language":"FI"}},"Name":{"Value":"Sisältyvän näytönohjaimen malli","Language":"FI"}}},{"Localized":0,"ID":739972758,"LocalID":0,"Type":"numerical","Value":"1","CategoryFeatureId":"117967","CategoryFeatureGroupID":"8603","SortNo":"-150","PresentationValue":"1","RawValue":"1","LocalValue":"1","Description":"","Mandatory":"0","Searchable":"0","Optional":"0","Feature":{"ID":"20247","Sign":"","Measure":{"ID":"29","Sign":"","Signs":{"ID":"","_":"","Language":"FI"}},"Name":{"Value":"Näytönohjaimen HDMI-porttien määrä","Language":"FI"}}},{"Localized":0,"ID":739972760,"LocalID":0,"Type":"numerical","Value":"3","CategoryFeatureId":"117968","CategoryFeatureGroupID":"8603","SortNo":"-150","PresentationValue":"3","RawValue":"3","LocalValue":"3","Description":"","Mandatory":"0","Searchable":"0","Optional":"0","Feature":{"ID":"20246","Sign":"","Measure":{"ID":"29","Sign":"","Signs":{"ID":"","_":"","Language":"FI"}},"Name":{"Value":"Näytönohjaimen DisplayPort-porttien määrä","Language":"FI"}}}]},{"ID":2066,"SortNo":"75","FeatureGroup":{"ID":"35","Name":{"Value":"Verkko","Language":"FI"}},"Features":[{"Localized":0,"ID":739972352,"LocalID":0,"Type":"y_n","Value":"Y","CategoryFeatureId":"36488","CategoryFeatureGroupID":"2066","SortNo":"100","PresentationValue":"Kyllä","RawValue":"Y","LocalValue":"Kyllä","Description":"An Ethernet LAN (Local Area Network) interface is present","Mandatory":"1","Searchable":"0","Optional":"0","Feature":{"ID":"1347","Sign":"","Measure":{"ID":"26","Sign":"","Signs":{"ID":"","_":"","Language":"FI"}},"Name":{"Value":"Ethernet LAN","Language":"FI"}}},{"Localized":0,"ID":739972351,"LocalID":0,"Type":"multi_dropdown","Value":"10,100,1000,2500","CategoryFeatureId":"31181","CategoryFeatureGroupID":"2066","SortNo":"99","PresentationValue":"10,100,1000,2500 Mbit/s","RawValue":"10,100,1000,2500","LocalValue":"10,100,1000,2500","Description":"Ethernet LAN-yhteyden eri nopeustasot ilmaistuna megabittiä sekunnissa.","Mandatory":"0","Searchable":"0","Optional":"0","Feature":{"ID":"3768","Sign":"","Measure":{"ID":"23","Sign":"","Signs":{"ID":"13814","_":"Mbit/s","Language":"FI"}},"Name":{"Value":"Ethernet LAN -datanopeudet","Language":"FI"}}},{"Localized":0,"ID":739972809,"LocalID":0,"Type":"y_n","Value":"N","CategoryFeatureId":"36487","CategoryFeatureGroupID":"2066","SortNo":"81","PresentationValue":"Ei","RawValue":"N","LocalValue":"Ei","Description":"Popular technology that allows an electronic device to exchange data or connect to the internet wirelessly using radio waves.","Mandatory":"1","Searchable":"0","Optional":"0","Feature":{"ID":"3239","Sign":"","Measure":{"ID":"26","Sign":"","Signs":{"ID":"","_":"","Language":"FI"}},"Name":{"Value":"Wi-Fi","Language":"FI"}}}]},{"ID":821,"SortNo":"70","FeatureGroup":{"ID":"12","Name":{"Value":"Liitettävyys","Language":"FI"}},"Features":[{"Localized":0,"ID":739972340,"LocalID":0,"Type":"numerical","Value":"3","CategoryFeatureId":"138381","CategoryFeatureGroupID":"821","SortNo":"499","PresentationValue":"3","RawValue":"3","LocalValue":"3","Description":"","Mandatory":"1","Searchable":"0","Optional":"0","Feature":{"ID":"22701","Sign":"","Measure":{"ID":"29","Sign":"","Signs":{"ID":"","_":"","Language":"FI"}},"Name":{"Value":"USB 3.2 (3.1 sukupolvi 1) A-tyypin porttien määrä","Language":"FI"}}},{"Localized":0,"ID":739972341,"LocalID":0,"Type":"numerical","Value":"1","CategoryFeatureId":"138382","CategoryFeatureGroupID":"821","SortNo":"498","PresentationValue":"1","RawValue":"1","LocalValue":"1","Description":"Number of USB 3.0 (3.1 Gen 1) ports with Type-C connector. USB 3.0 (3.1 Gen 1) is USB interface version which supports transfer rate up to 5 Gbit/s (SuperSpeed). USB Type-C connector has symmetrical design architecture and compatible with Thunderbolt 3 interface.","Mandatory":"1","Searchable":"0","Optional":"0","Feature":{"ID":"22702","Sign":"","Measure":{"ID":"29","Sign":"","Signs":{"ID":"","_":"","Language":"FI"}},"Name":{"Value":"USB 3.2 Gen 1 (3.1 Gen 1) C-tyypin porttien määrä","Language":"FI"}}},{"Localized":0,"ID":739972342,"LocalID":0,"Type":"numerical","Value":"3","CategoryFeatureId":"138384","CategoryFeatureGroupID":"821","SortNo":"497","PresentationValue":"3","RawValue":"3","LocalValue":"3","Description":"","Mandatory":"1","Searchable":"0","Optional":"0","Feature":{"ID":"22703","Sign":"","Measure":{"ID":"29","Sign":"","Signs":{"ID":"","_":"","Language":"FI"}},"Name":{"Value":"USB 3.2 Gen 2 (3.1 Gen 2) A-tyypin porttien määrä","Language":"FI"}}},{"Localized":0,"ID":739972343,"LocalID":0,"Type":"numerical","Value":"2","CategoryFeatureId":"138388","CategoryFeatureGroupID":"821","SortNo":"496","PresentationValue":"2","RawValue":"2","LocalValue":"2","Description":"Number of USB 3.1 (3.1 Gen 2) ports with Type-C connector. USB 3.1 (3.1 Gen 2) is USB interface version which supports transfer rate up to 10 Gbit/s (SuperSpeed+). USB Type-C connector has symmetrical design architecture and compatible with Thunderbolt 3 interface.","Mandatory":"1","Searchable":"0","Optional":"0","Feature":{"ID":"22704","Sign":"","Measure":{"ID":"29","Sign":"","Signs":{"ID":"","_":"","Language":"FI"}},"Name":{"Value":"USB 3.2 Gen 2 (3.1 Gen 2) C-tyypin porttien määrä","Language":"FI"}}},{"Localized":0,"ID":739972346,"LocalID":0,"Type":"numerical","Value":"1","CategoryFeatureId":"308887","CategoryFeatureGroupID":"821","SortNo":"495","PresentationValue":"1","RawValue":"1","LocalValue":"1","Description":"","Mandatory":"0","Searchable":"0","Optional":"0","Feature":{"ID":"38601","Sign":"","Measure":{"ID":"29","Sign":"","Signs":{"ID":"","_":"","Language":"FI"}},"Name":{"Value":"USB 3.2 Gen 2x2 Type-C -porttien määrä","Language":"FI"}}},{"Localized":0,"ID":739972336,"LocalID":0,"Type":"numerical","Value":"1","CategoryFeatureId":"14590","CategoryFeatureGroupID":"821","SortNo":"340","PresentationValue":"1","RawValue":"1","LocalValue":"1","Description":"Number of Ethernet LAN (RJ-45) ports (connecting interfaces) in the device.  Ethernet LAN (RJ-45) ports allow a computer to connect to the ethernet.","Mandatory":"0","Searchable":"0","Optional":"0","Feature":{"ID":"2312","Sign":"","Measure":{"ID":"29","Sign":"","Signs":{"ID":"","_":"","Language":"FI"}},"Name":{"Value":"Ethernet LAN (RJ-45) -portit","Language":"FI"}}},{"Localized":0,"ID":739972335,"LocalID":0,"Type":"y_n","Value":"Y","CategoryFeatureId":"14589","CategoryFeatureGroupID":"821","SortNo":"97","PresentationValue":"Kyllä","RawValue":"Y","LocalValue":"Kyllä","Description":"","Mandatory":"0","Searchable":"0","Optional":"0","Feature":{"ID":"1345","Sign":"","Measure":{"ID":"26","Sign":"","Signs":{"ID":"","_":"","Language":"FI"}},"Name":{"Value":"Lähtö","Language":"FI"}}},{"Localized":0,"ID":739972337,"LocalID":0,"Type":"y_n","Value":"Y","CategoryFeatureId":"14592","CategoryFeatureGroupID":"821","SortNo":"97","PresentationValue":"Kyllä","RawValue":"Y","LocalValue":"Kyllä","Description":"","Mandatory":"0","Searchable":"0","Optional":"0","Feature":{"ID":"1344","Sign":"","Measure":{"ID":"26","Sign":"","Signs":{"ID":"","_":"","Language":"FI"}},"Name":{"Value":"Tulo","Language":"FI"}}},{"Localized":0,"ID":739972339,"LocalID":0,"Type":"y_n","Value":"Y","CategoryFeatureId":"113477","CategoryFeatureGroupID":"821","SortNo":"96","PresentationValue":"Kyllä","RawValue":"Y","LocalValue":"Kyllä","Description":"","Mandatory":"0","Searchable":"0","Optional":"0","Feature":{"ID":"9858","Sign":"","Measure":{"ID":"26","Sign":"","Signs":{"ID":"","_":"","Language":"FI"}},"Name":{"Value":"Kuuloke-/mikrofoniyhdistelmäportti","Language":"FI"}}}]},{"ID":4190,"SortNo":"65","FeatureGroup":{"ID":"124","Name":{"Value":"Laajennuspaikat","Language":"FI"}},"Features":[{"Localized":0,"ID":739972356,"LocalID":0,"Type":"numerical","Value":"1","CategoryFeatureId":"31429","CategoryFeatureGroupID":"4190","SortNo":"100","PresentationValue":"1","RawValue":"1","LocalValue":"1","Description":"","Mandatory":"0","Searchable":"0","Optional":"0","Feature":{"ID":"6259","Sign":"","Measure":{"ID":"29","Sign":"","Signs":{"ID":"","_":"","Language":"FI"}},"Name":{"Value":"PCI Express x 1 korttipaikkoja","Language":"FI"}}},{"Localized":0,"ID":739972357,"LocalID":0,"Type":"numerical","Value":"2","CategoryFeatureId":"31430","CategoryFeatureGroupID":"4190","SortNo":"70","PresentationValue":"2","RawValue":"2","LocalValue":"2","Description":"","Mandatory":"0","Searchable":"0","Optional":"0","Feature":{"ID":"6256","Sign":"","Measure":{"ID":"29","Sign":"","Signs":{"ID":"","_":"","Language":"FI"}},"Name":{"Value":"PCI Express x16 korttipaikkoja","Language":"FI"}}}]},{"ID":10928,"SortNo":"60","FeatureGroup":{"ID":"148","Name":{"Value":"Suunnittelu","Language":"FI"}},"Features":[{"Localized":0,"ID":739972358,"LocalID":0,"Type":"dropdown","Value":"Desktop","CategoryFeatureId":"2195","CategoryFeatureGroupID":"10928","SortNo":"600","PresentationValue":"Työpöytä","RawValue":"Desktop","LocalValue":"Työpöytä","Description":"Luettelo saatavilla olevista eri alustoista ja niiden laajennettavuudesta jos saatavilla. 1 yksikkö (1U) on 1,75 tuumaa (4,45 cm).","Mandatory":"1","Searchable":"0","Optional":"0","Feature":{"ID":"734","Sign":"","Measure":{"ID":"29","Sign":"","Signs":{"ID":"","_":"","Language":"FI"}},"Name":{"Value":"Alustatyyppi","Language":"FI"}}},{"Localized":0,"ID":739972360,"LocalID":0,"Type":"dropdown","Value":"Vertical","CategoryFeatureId":"63696","CategoryFeatureGroupID":"10928","SortNo":"390","PresentationValue":"Pystysuora","RawValue":"Vertical","LocalValue":"Pystysuora","Description":"Where the product can be placed e.g. indoor/outdoor","Mandatory":"0","Searchable":"0","Optional":"0","Feature":{"ID":"3416","Sign":"","Measure":{"ID":"29","Sign":"","Signs":{"ID":"","_":"","Language":"FI"}},"Name":{"Value":"Tuettu sijoitus","Language":"FI"}}},{"Localized":0,"ID":739972359,"LocalID":0,"Type":"dropdown","Value":"Black","CategoryFeatureId":"28831","CategoryFeatureGroupID":"10928","SortNo":"1","PresentationValue":"musta","RawValue":"Black","LocalValue":"musta","Description":"The colour e.g. red","Mandatory":"1","Searchable":"0","Optional":"0","Feature":{"ID":"1766","Sign":"","Measure":{"ID":"29","Sign":"","Signs":{"ID":"","_":"","Language":"FI"}},"Name":{"Value":"Tuotteen väri","Language":"FI"}}},{"Localized":0,"ID":739972361,"LocalID":0,"Type":"y_n","Value":"Y","CategoryFeatureId":"243529","CategoryFeatureGroupID":"10928","SortNo":"0","PresentationValue":"Kyllä","RawValue":"Y","LocalValue":"Kyllä","Description":"Transparent window in device","Mandatory":"0","Searchable":"0","Optional":"0","Feature":{"ID":"2570","Sign":"","Measure":{"ID":"26","Sign":"","Signs":{"ID":"","_":"","Language":"FI"}},"Name":{"Value":"Katseluikkuna","Language":"FI"}}}]},{"ID":10929,"SortNo":"58","FeatureGroup":{"ID":"184","Name":{"Value":"Suorituskyky","Language":"FI"}},"Features":[{"Localized":0,"ID":739972362,"LocalID":0,"Type":"dropdown","Value":"Gaming","CategoryFeatureId":"164640","CategoryFeatureGroupID":"10929","SortNo":"330","PresentationValue":"Pelaaminen","RawValue":"Gaming","LocalValue":"Pelaaminen","Description":"Under which category can the device be positioned in the market, e.g. camera phone.","Mandatory":"0","Searchable":"0","Optional":"0","Feature":{"ID":"9021","Sign":"","Measure":{"ID":"29","Sign":"","Signs":{"ID":"","_":"","Language":"FI"}},"Name":{"Value":"Asema markkinoilla","Language":"FI"}}},{"Localized":0,"ID":739972364,"LocalID":0,"Type":"dropdown","Value":"PC","CategoryFeatureId":"86787","CategoryFeatureGroupID":"10929","SortNo":"4","PresentationValue":"PC","RawValue":"PC","LocalValue":"PC","Description":"The sub-category of the product.","Mandatory":"1","Searchable":"1","Optional":"0","Feature":{"ID":"14052","Sign":"","Measure":{"ID":"29","Sign":"","Signs":{"ID":"","_":"","Language":"FI"}},"Name":{"Value":"Tuotetyyppi","Language":"FI"}}}]},{"ID":3402,"SortNo":"56","FeatureGroup":{"ID":"90","Name":{"Value":"Ohjelmisto","Language":"FI"}},"Features":[{"Localized":0,"ID":739972766,"LocalID":0,"Type":"dropdown","Value":"64-bit","CategoryFeatureId":"45086","CategoryFeatureGroupID":"3402","SortNo":"6000","PresentationValue":"64-bittinen","RawValue":"64-bit","LocalValue":"64-bittinen","Description":"The way in which the operating system of a computer/smartphone (32-bit/64-bit) is set up.","Mandatory":"0","Searchable":"0","Optional":"0","Feature":{"ID":"7563","Sign":"","Measure":{"ID":"29","Sign":"","Signs":{"ID":"","_":"","Language":"FI"}},"Name":{"Value":"Käyttöjärjestelmän arkkitehtuuri","Language":"FI"}}},{"Localized":0,"ID":739972765,"LocalID":0,"Type":"dropdown","Value":"Windows 11 Home","CategoryFeatureId":"20011","CategoryFeatureGroupID":"3402","SortNo":"601","PresentationValue":"Windows 11 Home","RawValue":"Windows 11 Home","LocalValue":"Windows 11 Home","Description":"Type of operating system on a device e.g. IOS on Apple devices","Mandatory":"1","Searchable":"1","Optional":"0","Feature":{"ID":"3233","Sign":"","Measure":{"ID":"29","Sign":"","Signs":{"ID":"","_":"","Language":"FI"}},"Name":{"Value":"Käyttöjärjestelmä asennettu","Language":"FI"}}}]},{"ID":1306,"SortNo":"30","FeatureGroup":{"ID":"27","Name":{"Value":"Virranhallinta","Language":"FI"}},"Features":[{"Localized":0,"ID":739972797,"LocalID":0,"Type":"numerical","Value":"1200","CategoryFeatureId":"3028","CategoryFeatureGroupID":"1306","SortNo":"10000","PresentationValue":"1200 W","RawValue":"1200","LocalValue":"1200","Description":"The way in which the product is powered e.g. rechargeable battery","Mandatory":"1","Searchable":"0","Optional":"0","Feature":{"ID":"1242","Sign":"","Measure":{"ID":"44","Sign":"","Signs":{"ID":"13832","_":"W","Language":"FI"}},"Name":{"Value":"Virtalähde","Language":"FI"}}}]},{"ID":1309,"SortNo":"10","FeatureGroup":{"ID":"14","Name":{"Value":"Paino ja mitat","Language":"FI"}},"Features":[{"Localized":0,"ID":739972349,"LocalID":0,"Type":"numerical","Value":"219","CategoryFeatureId":"6228","CategoryFeatureGroupID":"1309","SortNo":"55","PresentationValue":"219 mm","RawValue":"219","LocalValue":"219","Description":"The measurement or extent of something from side to side.","Mandatory":"1","Searchable":"0","Optional":"0","Feature":{"ID":"1649","Sign":"","Measure":{"ID":"24","Sign":"","Signs":{"ID":"13815","_":"mm","Language":"FI"}},"Name":{"Value":"Tuotteen leveys","Language":"FI"}}},{"Localized":0,"ID":739972347,"LocalID":0,"Type":"numerical","Value":"504.8","CategoryFeatureId":"6225","CategoryFeatureGroupID":"1309","SortNo":"54","PresentationValue":"504,8 mm","RawValue":"504.8","LocalValue":"504,8","Description":"The distance from the front to the back of something.","Mandatory":"1","Searchable":"0","Optional":"0","Feature":{"ID":"1650","Sign":"","Measure":{"ID":"24","Sign":"","Signs":{"ID":"13815","_":"mm","Language":"FI"}},"Name":{"Value":"Tuotteen syvyys","Language":"FI"}}},{"Localized":0,"ID":739972348,"LocalID":0,"Type":"numerical","Value":"485","CategoryFeatureId":"6226","CategoryFeatureGroupID":"1309","SortNo":"53","PresentationValue":"485 mm","RawValue":"485","LocalValue":"485","Description":"Tuotteen korkeus","Mandatory":"1","Searchable":"0","Optional":"0","Feature":{"ID":"1464","Sign":"","Measure":{"ID":"24","Sign":"","Signs":{"ID":"13815","_":"mm","Language":"FI"}},"Name":{"Value":"Tuotteen korkeus","Language":"FI"}}}]},{"ID":82594,"SortNo":"0","FeatureGroup":{"ID":"5","Name":{"Value":"Näyttö","Language":"FI"}},"Features":[{"Localized":0,"ID":739972355,"LocalID":0,"Type":"y_n","Value":"N","CategoryFeatureId":"11391","CategoryFeatureGroupID":"82594","SortNo":"500","PresentationValue":"Ei","RawValue":"N","LocalValue":"Ei","Description":"This product includes a display.","Mandatory":"1","Searchable":"1","Optional":"0","Feature":{"ID":"2177","Sign":"","Measure":{"ID":"26","Sign":"","Signs":{"ID":"","_":"","Language":"FI"}},"Name":{"Value":"Näyttö sisältyy","Language":"FI"}}}]}],"FeatureLogos":[{"LogoPic":"https://images.icecat.biz/img/feature_logo/538-3447.png","Width":"300","Height":"300","Size":"0","ThumbPic":"https://images.icecat.biz/img/feature_logo_thumbs/538-3447.png","FeatureID":"44870","Value":"Intel Core i9-11xxx","KeyLogo":0,"Description":{"Value":"Intel® Core™ i9 -suorittimet – Työskentele, pelaa ja luo nopeasti ja saumattomasti.<br><br>-Entistä nopeamman suorituskyvyn ansiosta ihmiset voivat keskittyä, luoda ja pitää yhteyttä entistä tehokkaammin<br>-Vaatimustason nostaminen yhteyksissä<br>-Videoeditointi alle minuutissa","Language":"FI"}},{"LogoPic":"https://images.icecat.biz/img/feature_logo/538-3447.png","Width":"300","Height":"300","Size":"0","ThumbPic":"https://images.icecat.biz/img/feature_logo_thumbs/538-3447.png","FeatureID":"44870","Value":"Intel Core i9-14xxx","KeyLogo":0,"Description":{"Value":"Intel® Core™ i9 -suorittimet – Työskentele, pelaa ja luo nopeasti ja saumattomasti.<br><br>-Entistä nopeamman suorituskyvyn ansiosta ihmiset voivat keskittyä, luoda ja pitää yhteyttä entistä tehokkaammin<br>-Vaatimustason nostaminen yhteyksissä<br>-Videoeditointi alle minuutissa","Language":"FI"}}],"ReasonsToBuy":[],"Reviews":[],"ProductRelated":[{"ID":0,"CategoryID":788,"Preferred":0,"IcecatID":93009748,"ProductCode":"SV.WCMA0.A02","ThumbPic":"","ProductName":"SV.WCMA0.A02","Brand":"Acer","BrandID":7,"ProductRelatedLocales":[{"ID":0,"Language":"FI","Preferred":0,"StartDate":"","EndDate":""}]},{"ID":0,"CategoryID":788,"Preferred":0,"IcecatID":93009602,"ProductCode":"SV.WCMA0.A03","ThumbPic":"","ProductName":"SV.WCMA0.A03","Brand":"Acer","BrandID":7,"ProductRelatedLocales":[{"ID":0,"Language":"FI","Preferred":0,"StartDate":"","EndDate":""}]},{"ID":0,"CategoryID":788,"Preferred":0,"IcecatID":93009385,"ProductCode":"SV.WCMA0.A00","ThumbPic":"","ProductName":"SV.WCMA0.A00","Brand":"Acer","BrandID":7,"ProductRelatedLocales":[{"ID":0,"Language":"FI","Preferred":0,"StartDate":"","EndDate":""}]},{"ID":0,"CategoryID":788,"Preferred":0,"IcecatID":93009370,"ProductCode":"SV.WCMA0.A06","ThumbPic":"","ProductName":"SV.WCMA0.A06","Brand":"Acer","BrandID":7,"ProductRelatedLocales":[{"ID":0,"Language":"FI","Preferred":0,"StartDate":"","EndDate":""}]}],"CatalogObjectCloud":{},"Variants":[],"ProductStory":[],"Dictionary":{"model_name":"Tuotenimi","desc":"Kuvaus","ean_code":"EAN/UPC-koodi","flash360":"3D-esittely","demo_msg_part3":"Jos sinulla ei ole Icecat-k&auml;ytt&auml;j&auml;tili&auml;, ole hyv&auml; ja rekister&ouml;idy maksutta t&auml;&auml;lt&auml;.","repairability_index":"Repairability index","zoom_panel_init":"Alkuper&auml;inen koko","cat_name":"Ryhm&auml;","product_family":"Tuoteperhe","back_to_top":"Takaisin yl&ouml;s","zoom_panel_out":"Loitonna","specs":"Tekniset tiedot","eu_product_fiche":"EU-tuoteseloste","reviews_head_name":"Arvostelut","pdf_specs":"Tuote-esite","zoom_panel_in":"L&auml;henn&auml;","html_content":"","release_date":"Julkaisup&auml;iv&auml;","demo_msg_part1":"K&auml;yt&auml;t t&auml;ll&auml; hetkell&auml; demo-k&auml;ytt&auml;j&auml;tili&auml;. Ole hyv&auml; ja k&auml;yt&auml; omaa Icecat-k&auml;ytt&auml;j&auml;tili&auml;si.","demo_insert_desc":"This is a demo of a seamless insert of an Icecat LIVE product data-sheet in your website. Imagine that this responsive data-sheet is included in the product page of your webshop.","pdf_url":"K&auml;ytt&ouml;opas","prod_code":"Tuotekoodi","supplier_name":"Tuotemerkki","video":"Video","reasons_to_buy":"Syitä ostaa","marketing_text":"Kuvaus","options_head_name":"Vaihtoehdot","product_series":"Tuotesarja","demo_msg_part2":"Icecat k&auml;ytt&auml;j&auml;tunnuksesi","link_integrate_desk":"Kuinka integroida Icecat LIVE JavaScript.","zoom_panel_dragg":"Hiirell&auml; vet&auml;minen","eu_energy_label":"EU-energiamerkintä"},"DemoAccount":false}}