{"msg":"OK","data":{"GeneralInfo":{"IcecatId":103425258,"ReleaseDate":"","EndOfLifeDate":"","Title":"glo Hyper X2 sähkötupakka Kulta, Valkoinen","TitleInfo":{"GeneratedIntTitle":"glo Hyper X2 electronic cigarette","GeneratedLocalTitle":{"Value":"glo Hyper X2 sähkötupakka Kulta, Valkoinen","Language":"FI"},"BrandLocalTitle":{"Value":"","Language":"FI"}},"Brand":"glo","BrandID":"37049","BrandLogo":"","BrandInfo":{"BrandName":"glo","BrandLocalName":"","BrandLogo":""},"ProductName":"X2","ProductNameInfo":{"ProductIntName":"X2","ProductLocalName":{"Value":"","Language":"FI"}},"BrandPartCode":"ED320","GTIN":["5208049006358"],"Category":{"CategoryID":"2401","Name":{"Value":"Sähkötupakat","Language":"FI"}},"ProductFamily":{"ProductFamilyID":"74130","Value":"Hyper","Language":"EN"},"ProductSeries":{"SeriesID":"1"},"Description":{},"SummaryDescription":{"ShortSummaryDescription":"glo Hyper X2, 265 °C, 15 s, 20 s, Kulta, Valkoinen, Painikkeet, 3,5 h","LongSummaryDescription":"glo Hyper X2. Lämmityslämpötila (maks.): 265 °C, Latautumisaika (tehotila): 15 s, Latautumisaika (vakiotila): 20 s. Tuotteen väri: Kulta, Valkoinen, Ohjaustyyppi: Painikkeet. Latausaika: 3,5 h. Tuotteen leveys: 43,3 mm, Tuotteen syvyys: 21,4 mm, Tuotteen korkeus: 77,5 mm. Pakkauksen leveys: 108,5 mm, Pakkauksen syvyys: 85,5 mm, Pakkauksen paino: 40,3 g"},"BulletPoints":{},"GeneratedBulletPoints":{},"GTINs":[{"GTIN":"5208049006358","IsApproved":true}]},"Image":{"HighPic":"https://inishop.com/img/gallery/b6185965a27ae05f8b299191bd49badfb67fecbd.jpg","HighPicSize":"92276","HighPicHeight":"641","HighPicWidth":"295","LowPic":"https://inishop.com/img/gallery_lows/82c9f619d1182cadee8b46171cb1fbfca26d595c.jpg","LowPicSize":"11612","LowPicHeight":"200","LowPicWidth":"92","Pic500x500":"https://inishop.com/img/gallery_mediums/baf0fcd70096db1df429618116c28b8ce29d5697.jpg","Pic500x500Size":"56570","Pic500x500Height":"500","Pic500x500Width":"230","ThumbPic":"https://inishop.com/img/gallery_thumbs/3194ae846b8d1cacd8bf9670a76c61ffafbefeda.jpg","ThumbPicSize":"3061"},"Multimedia":[],"Gallery":[{"ID":"117094719","LowPic":"https://inishop.com/img/gallery_lows/82c9f619d1182cadee8b46171cb1fbfca26d595c.jpg","LowSize":"11612","LowHeight":"200","LowWidth":"92","ThumbPic":"https://inishop.com/img/gallery_thumbs/3194ae846b8d1cacd8bf9670a76c61ffafbefeda.jpg","ThumbPicSize":"3061","Pic":"https://inishop.com/img/gallery/b6185965a27ae05f8b299191bd49badfb67fecbd.jpg","Size":"92276","PicHeight":"641","PicWidth":"295","Pic500x500":"https://inishop.com/img/gallery_mediums/baf0fcd70096db1df429618116c28b8ce29d5697.jpg","Pic500x500Size":"56570","Pic500x500Height":"500","Pic500x500Width":"230","No":"2","IsMain":"Y","Updated":"2025-09-09 09:38:27","IsPrivate":"0","Type":"ProductImage","Attributes":{"OriginalFileName":""}},{"ID":"117094720","LowPic":"https://inishop.com/img/gallery_lows/c39892240ed747395ca6936301033cce24d07469.jpg","LowSize":"9127","LowHeight":"200","LowWidth":"100","ThumbPic":"https://inishop.com/img/gallery_thumbs/9ca4435db9b7ab40c6b21c004c3168f66747c58c.jpg","ThumbPicSize":"2751","Pic":"https://inishop.com/img/gallery/27b156b4db311dcfd631c918dc04b054d735dcc0.jpg","Size":"102970","PicHeight":"757","PicWidth":"378","Pic500x500":"https://inishop.com/img/gallery_mediums/40e99f9ce56331ff830eccdac0a4ca50fc08528e.jpg","Pic500x500Size":"44633","Pic500x500Height":"500","Pic500x500Width":"250","No":"3","IsMain":"N","Updated":"2025-09-09 09:38:31","IsPrivate":"0","Type":"ProductImage","Attributes":{"OriginalFileName":""}},{"ID":"117094721","LowPic":"https://inishop.com/img/gallery_lows/61e2838e404ebbd744e12fe949f684277ef59163.jpg","LowSize":"11466","LowHeight":"200","LowWidth":"99","ThumbPic":"https://inishop.com/img/gallery_thumbs/131237b0ac9a66e318a3f0d492c99dfe12b2bd3d.jpg","ThumbPicSize":"3022","Pic":"https://inishop.com/img/gallery/e6291a440e335e2347b0241d5a1479ee0ce2905f.jpg","Size":"134216","PicHeight":"761","PicWidth":"375","Pic500x500":"https://inishop.com/img/gallery_mediums/76d3b31e274f488eb360b57a5ae6c001928043fd.jpg","Pic500x500Size":"57372","Pic500x500Height":"500","Pic500x500Width":"246","No":"4","IsMain":"N","Updated":"2025-09-09 09:38:36","IsPrivate":"0","Type":"ProductImage","Attributes":{"OriginalFileName":""}},{"ID":"117094722","LowPic":"https://inishop.com/img/gallery_lows/668a1ce848cf97a463b37b25c9ace76b6e5e3d6f.jpg","LowSize":"11576","LowHeight":"200","LowWidth":"121","ThumbPic":"https://inishop.com/img/gallery_thumbs/0df16e905978109e5e51daed8a7df90378bfd07e.jpg","ThumbPicSize":"3170","Pic":"https://inishop.com/img/gallery/57f6c2103756459e719b8e80d73f1a262c488a3e.jpg","Size":"125824","PicHeight":"704","PicWidth":"427","Pic500x500":"https://inishop.com/img/gallery_mediums/7eea6192f38d235f19a1b869757b2e2194ca04da.jpg","Pic500x500Size":"62332","Pic500x500Height":"500","Pic500x500Width":"303","No":"5","IsMain":"N","Updated":"2025-09-09 09:38:41","IsPrivate":"0","Type":"ProductImage","Attributes":{"OriginalFileName":""}},{"ID":"117094723","LowPic":"https://inishop.com/img/gallery_lows/ad3c611286c4a825439d8f4f475cc6d7480412c0.jpg","LowSize":"11520","LowHeight":"200","LowWidth":"122","ThumbPic":"https://inishop.com/img/gallery_thumbs/ab63347fb436b70c1c7d76096406fa6a840d578e.jpg","ThumbPicSize":"3209","Pic":"https://inishop.com/img/gallery/1d81818042a24879e36b57504525e153b987fe23.jpg","Size":"125077","PicHeight":"699","PicWidth":"427","Pic500x500":"https://inishop.com/img/gallery_mediums/19086e0c8f777973d3bda3b6818e5aad22963133.jpg","Pic500x500Size":"62635","Pic500x500Height":"500","Pic500x500Width":"305","No":"6","IsMain":"N","Updated":"2025-09-09 09:38:46","IsPrivate":"0","Type":"ProductImage","Attributes":{"OriginalFileName":""}}],"FeaturesGroups":[{"ID":70844,"SortNo":"12","FeatureGroup":{"ID":"185","Name":{"Value":"Ominaisuudet","Language":"FI"}},"Features":[{"Localized":0,"ID":836043531,"LocalID":0,"Type":"numerical","Value":"265","CategoryFeatureId":"950841","CategoryFeatureGroupID":"70844","SortNo":"60","PresentationValue":"265 °C","RawValue":"265","LocalValue":"265","Description":"","Mandatory":"0","Searchable":"0","Optional":"0","Feature":{"ID":"42027","Sign":"","Measure":{"ID":"65","Sign":"","Signs":{"ID":"13851","_":"°C","Language":"FI"}},"Name":{"Value":"Lämmityslämpötila (maks.)","Language":"FI"}}},{"Localized":0,"ID":836043566,"LocalID":0,"Type":"numerical","Value":"15","CategoryFeatureId":"950842","CategoryFeatureGroupID":"70844","SortNo":"58","PresentationValue":"15 s","RawValue":"15","LocalValue":"15","Description":"","Mandatory":"0","Searchable":"0","Optional":"0","Feature":{"ID":"47836","Sign":"","Measure":{"ID":"60","Sign":"","Signs":{"ID":"13847","_":"s","Language":"FI"}},"Name":{"Value":"Latautumisaika (tehotila)","Language":"FI"}}},{"Localized":0,"ID":836044277,"LocalID":0,"Type":"numerical","Value":"20","CategoryFeatureId":"950843","CategoryFeatureGroupID":"70844","SortNo":"56","PresentationValue":"20 s","RawValue":"20","LocalValue":"20","Description":"","Mandatory":"0","Searchable":"0","Optional":"0","Feature":{"ID":"47837","Sign":"","Measure":{"ID":"60","Sign":"","Signs":{"ID":"13847","_":"s","Language":"FI"}},"Name":{"Value":"Latautumisaika (vakiotila)","Language":"FI"}}}]},{"ID":8909,"SortNo":"11","FeatureGroup":{"ID":"148","Name":{"Value":"Suunnittelu","Language":"FI"}},"Features":[{"Localized":0,"ID":507411604,"LocalID":0,"Type":"multi_dropdown","Value":"Gold,White","CategoryFeatureId":"68804","CategoryFeatureGroupID":"8909","SortNo":"90","PresentationValue":"Kulta, Valkoinen","RawValue":"Gold,White","LocalValue":"Kulta, Valkoinen","Description":"The colour e.g. red, blue, green, black, white.","Mandatory":"0","Searchable":"0","Optional":"0","Feature":{"ID":"1766","Sign":"","Measure":{"ID":"29","Sign":"","Signs":{"ID":"","_":"","Language":"FI"}},"Name":{"Value":"Tuotteen väri","Language":"FI"}}},{"Localized":0,"ID":507412501,"LocalID":0,"Type":"dropdown","Value":"Buttons","CategoryFeatureId":"249568","CategoryFeatureGroupID":"8909","SortNo":"40","PresentationValue":"Painikkeet","RawValue":"Buttons","LocalValue":"Painikkeet","Description":"The way in which the device is controlled.","Mandatory":"0","Searchable":"0","Optional":"0","Feature":{"ID":"2651","Sign":"","Measure":{"ID":"29","Sign":"","Signs":{"ID":"","_":"","Language":"FI"}},"Name":{"Value":"Ohjaustyyppi","Language":"FI"}}},{"Localized":0,"ID":507412502,"LocalID":0,"Type":"multi_dropdown","Value":"Y","CategoryFeatureId":"293940","CategoryFeatureGroupID":"8909","SortNo":"10","PresentationValue":"Kyllä","RawValue":"Y","LocalValue":"Kyllä","Description":"","Mandatory":"0","Searchable":"0","Optional":"0","Feature":{"ID":"1501","Sign":"","Measure":{"ID":"29","Sign":"","Signs":{"ID":"","_":"","Language":"FI"}},"Name":{"Value":"LED-merkkivalot","Language":"FI"}}},{"Localized":0,"ID":507412503,"LocalID":0,"Type":"y_n","Value":"Y","CategoryFeatureId":"249553","CategoryFeatureGroupID":"8909","SortNo":"0","PresentationValue":"Kyllä","RawValue":"Y","LocalValue":"Kyllä","Description":"The device features a socket into which a USB cable can be plugged.","Mandatory":"0","Searchable":"0","Optional":"0","Feature":{"ID":"23798","Sign":"","Measure":{"ID":"26","Sign":"","Signs":{"ID":"","_":"","Language":"FI"}},"Name":{"Value":"USB-portti","Language":"FI"}}},{"Localized":0,"ID":836042972,"LocalID":0,"Type":"y_n","Value":"Y","CategoryFeatureId":"950840","CategoryFeatureGroupID":"8909","SortNo":"0","PresentationValue":"Kyllä","RawValue":"Y","LocalValue":"Kyllä","Description":"","Mandatory":"0","Searchable":"0","Optional":"0","Feature":{"ID":"10888","Sign":"","Measure":{"ID":"26","Sign":"","Signs":{"ID":"","_":"","Language":"FI"}},"Name":{"Value":"Boost-toiminto","Language":"FI"}}}]},{"ID":8912,"SortNo":"6","FeatureGroup":{"ID":"143","Name":{"Value":"Akku","Language":"FI"}},"Features":[{"Localized":0,"ID":507412565,"LocalID":0,"Type":"y_n","Value":"Y","CategoryFeatureId":"249552","CategoryFeatureGroupID":"8912","SortNo":"45","PresentationValue":"Kyllä","RawValue":"Y","LocalValue":"Kyllä","Description":"","Mandatory":"0","Searchable":"0","Optional":"0","Feature":{"ID":"11194","Sign":"","Measure":{"ID":"26","Sign":"","Signs":{"ID":"","_":"","Language":"FI"}},"Name":{"Value":"USB-lataus","Language":"FI"}}}]},{"ID":78604,"SortNo":"5","FeatureGroup":{"ID":"27","Name":{"Value":"Virranhallinta","Language":"FI"}},"Features":[{"Localized":0,"ID":836043871,"LocalID":0,"Type":"numerical","Value":"3.5","CategoryFeatureId":"950844","CategoryFeatureGroupID":"78604","SortNo":"0","PresentationValue":"3,5 h","RawValue":"3.5","LocalValue":"3,5","Description":"The amount of time needed to charge the product.","Mandatory":"0","Searchable":"0","Optional":"0","Feature":{"ID":"4087","Sign":"","Measure":{"ID":"46","Sign":"","Signs":{"ID":"13834","_":"h","Language":"FI"}},"Name":{"Value":"Latausaika","Language":"FI"}}}]},{"ID":8914,"SortNo":"4","FeatureGroup":{"ID":"14","Name":{"Value":"Paino ja mitat","Language":"FI"}},"Features":[{"Localized":0,"ID":507412508,"LocalID":0,"Type":"numerical","Value":"43.3","CategoryFeatureId":"68823","CategoryFeatureGroupID":"8914","SortNo":"40","PresentationValue":"43,3 mm","RawValue":"43.3","LocalValue":"43,3","Description":"The measurement or extent of something from side to side.","Mandatory":"0","Searchable":"0","Optional":"0","Feature":{"ID":"1649","Sign":"","Measure":{"ID":"24","Sign":"","Signs":{"ID":"13815","_":"mm","Language":"FI"}},"Name":{"Value":"Tuotteen leveys","Language":"FI"}}},{"Localized":0,"ID":507412509,"LocalID":0,"Type":"numerical","Value":"21.4","CategoryFeatureId":"68824","CategoryFeatureGroupID":"8914","SortNo":"30","PresentationValue":"21,4 mm","RawValue":"21.4","LocalValue":"21,4","Description":"The distance from the front to the back of something.","Mandatory":"0","Searchable":"0","Optional":"0","Feature":{"ID":"1650","Sign":"","Measure":{"ID":"24","Sign":"","Signs":{"ID":"13815","_":"mm","Language":"FI"}},"Name":{"Value":"Tuotteen syvyys","Language":"FI"}}},{"Localized":0,"ID":507412510,"LocalID":0,"Type":"numerical","Value":"77.5","CategoryFeatureId":"68825","CategoryFeatureGroupID":"8914","SortNo":"20","PresentationValue":"77,5 mm","RawValue":"77.5","LocalValue":"77,5","Description":"Tuotteen korkeus","Mandatory":"0","Searchable":"0","Optional":"0","Feature":{"ID":"1464","Sign":"","Measure":{"ID":"24","Sign":"","Signs":{"ID":"13815","_":"mm","Language":"FI"}},"Name":{"Value":"Tuotteen korkeus","Language":"FI"}}},{"Localized":0,"ID":507412511,"LocalID":0,"Type":"numerical","Value":"102","CategoryFeatureId":"68826","CategoryFeatureGroupID":"8914","SortNo":"10","PresentationValue":"102 g","RawValue":"102","LocalValue":"102","Description":"Tuotteen paino ilman pakkausta (Nettopaino). Jos mahdollista, nettopaino ilmaistaan vakiovarusteineet ja tarvikkeet mukaan laskettuna. Huomaa, että joskus valmistaja antaa kaupallisen tulkinnan tuotteen painosta, jättämällä pois  lisävarusteiden ja / tai tarvikkeiden painon.","Mandatory":"0","Searchable":"0","Optional":"0","Feature":{"ID":"94","Sign":"","Measure":{"ID":"38","Sign":"","Signs":{"ID":"13826","_":"g","Language":"FI"}},"Name":{"Value":"Paino","Language":"FI"}}}]},{"ID":79131,"SortNo":"3","FeatureGroup":{"ID":"67","Name":{"Value":"Pakkaustiedot","Language":"FI"}},"Features":[{"Localized":0,"ID":507412512,"LocalID":0,"Type":"numerical","Value":"108.5","CategoryFeatureId":"68818","CategoryFeatureGroupID":"79131","SortNo":"0","PresentationValue":"108,5 mm","RawValue":"108.5","LocalValue":"108,5","Description":"The distance from one side of the packaging to the other.","Mandatory":"0","Searchable":"0","Optional":"0","Feature":{"ID":"3808","Sign":"","Measure":{"ID":"24","Sign":"","Signs":{"ID":"13815","_":"mm","Language":"FI"}},"Name":{"Value":"Pakkauksen leveys","Language":"FI"}}},{"Localized":0,"ID":507412513,"LocalID":0,"Type":"numerical","Value":"85.5","CategoryFeatureId":"68819","CategoryFeatureGroupID":"79131","SortNo":"0","PresentationValue":"85,5 mm","RawValue":"85.5","LocalValue":"85,5","Description":"The distance from the front to the back of the packaging.","Mandatory":"0","Searchable":"0","Optional":"0","Feature":{"ID":"3806","Sign":"","Measure":{"ID":"24","Sign":"","Signs":{"ID":"13815","_":"mm","Language":"FI"}},"Name":{"Value":"Pakkauksen syvyys","Language":"FI"}}},{"Localized":0,"ID":507412514,"LocalID":0,"Type":"numerical","Value":"40.3","CategoryFeatureId":"68820","CategoryFeatureGroupID":"79131","SortNo":"-20","PresentationValue":"40,3 g","RawValue":"40.3","LocalValue":"40,3","Description":"Pakatun tuotteen paino grammoina.","Mandatory":"0","Searchable":"0","Optional":"0","Feature":{"ID":"762","Sign":"","Measure":{"ID":"38","Sign":"","Signs":{"ID":"13826","_":"g","Language":"FI"}},"Name":{"Value":"Pakkauksen paino","Language":"FI"}}}]},{"ID":8913,"SortNo":"2","FeatureGroup":{"ID":"116","Name":{"Value":"Pakkauksen sisältö","Language":"FI"}},"Features":[{"Localized":0,"ID":507412506,"LocalID":0,"Type":"y_n","Value":"Y","CategoryFeatureId":"68816","CategoryFeatureGroupID":"8913","SortNo":"50","PresentationValue":"Kyllä","RawValue":"Y","LocalValue":"Kyllä","Description":"","Mandatory":"0","Searchable":"0","Optional":"0","Feature":{"ID":"10871","Sign":"","Measure":{"ID":"26","Sign":"","Signs":{"ID":"","_":"","Language":"FI"}},"Name":{"Value":"USB-laturi mukana","Language":"FI"}}},{"Localized":0,"ID":507412505,"LocalID":0,"Type":"numerical","Value":"1","CategoryFeatureId":"293938","CategoryFeatureGroupID":"8913","SortNo":"15","PresentationValue":"1 kpl","RawValue":"1","LocalValue":"1","Description":"","Mandatory":"0","Searchable":"0","Optional":"0","Feature":{"ID":"37746","Sign":"","Measure":{"ID":"144","Sign":"","Signs":{"ID":"3770","_":"kpl","Language":"FI"}},"Name":{"Value":"Puhdistuspuikkojen lukumäärä","Language":"FI"}}},{"Localized":0,"ID":507412504,"LocalID":0,"Type":"y_n","Value":"Y","CategoryFeatureId":"68847","CategoryFeatureGroupID":"8913","SortNo":"0","PresentationValue":"Kyllä","RawValue":"Y","LocalValue":"Kyllä","Description":"","Mandatory":"0","Searchable":"0","Optional":"0","Feature":{"ID":"8132","Sign":"","Measure":{"ID":"26","Sign":"","Signs":{"ID":"","_":"","Language":"FI"}},"Name":{"Value":"Käyttöopas","Language":"FI"}}}]}],"FeatureLogos":[],"ReasonsToBuy":[],"Reviews":[],"ProductRelated":[],"CatalogObjectCloud":{},"Variants":[],"ProductStory":[],"Dictionary":{"model_name":"Tuotenimi","desc":"Kuvaus","ean_code":"EAN/UPC-koodi","flash360":"3D-esittely","demo_msg_part3":"Jos sinulla ei ole Icecat-k&auml;ytt&auml;j&auml;tili&auml;, ole hyv&auml; ja rekister&ouml;idy maksutta t&auml;&auml;lt&auml;.","repairability_index":"Repairability index","zoom_panel_init":"Alkuper&auml;inen koko","cat_name":"Ryhm&auml;","product_family":"Tuoteperhe","back_to_top":"Takaisin yl&ouml;s","zoom_panel_out":"Loitonna","specs":"Tekniset tiedot","eu_product_fiche":"EU-tuoteseloste","reviews_head_name":"Arvostelut","pdf_specs":"Tuote-esite","zoom_panel_in":"L&auml;henn&auml;","html_content":"","release_date":"Julkaisup&auml;iv&auml;","demo_msg_part1":"K&auml;yt&auml;t t&auml;ll&auml; hetkell&auml; demo-k&auml;ytt&auml;j&auml;tili&auml;. Ole hyv&auml; ja k&auml;yt&auml; omaa Icecat-k&auml;ytt&auml;j&auml;tili&auml;si.","demo_insert_desc":"This is a demo of a seamless insert of an Icecat LIVE product data-sheet in your website. Imagine that this responsive data-sheet is included in the product page of your webshop.","pdf_url":"K&auml;ytt&ouml;opas","prod_code":"Tuotekoodi","supplier_name":"Tuotemerkki","video":"Video","reasons_to_buy":"Syitä ostaa","marketing_text":"Kuvaus","options_head_name":"Vaihtoehdot","product_series":"Tuotesarja","demo_msg_part2":"Icecat k&auml;ytt&auml;j&auml;tunnuksesi","link_integrate_desk":"Kuinka integroida Icecat LIVE JavaScript.","zoom_panel_dragg":"Hiirell&auml; vet&auml;minen","eu_energy_label":"EU-energiamerkintä"},"DemoAccount":false}}