{"msg":"OK","data":{"GeneralInfo":{"IcecatId":134703553,"ReleaseDate":"","EndOfLifeDate":"","Title":"Joyetech Ego Nano sähkötupakka 800 mAh Sininen, Vaaleanpunainen","TitleInfo":{"GeneratedIntTitle":"Joyetech Ego Nano electronic cigarette","GeneratedLocalTitle":{"Value":"Joyetech Ego Nano sähkötupakka 800 mAh Sininen, Vaaleanpunainen","Language":"FI"},"BrandLocalTitle":{"Value":"","Language":"FI"}},"Brand":"Joyetech","BrandID":"18196","BrandLogo":"","BrandInfo":{"BrandName":"Joyetech","BrandLocalName":"","BrandLogo":""},"ProductName":"Ego Nano","ProductNameInfo":{"ProductIntName":"Ego Nano","ProductLocalName":{"Value":"","Language":"FI"}},"BrandPartCode":"EGO_NANO_KIT","GTIN":[],"Category":{"CategoryID":"2401","Name":{"Value":"Sähkötupakat","Language":"FI"}},"ProductFamily":{},"ProductSeries":{"SeriesID":"1"},"Description":{},"SummaryDescription":{"ShortSummaryDescription":"Joyetech Ego Nano, Sininen, Vaaleanpunainen, Akkutaso, 800 mAh, 15 W, 17,5 mm, 17,5 mm","LongSummaryDescription":"Joyetech Ego Nano. Tuotteen väri: Sininen, Vaaleanpunainen, LED-merkkivalot: Akkutaso. Akun kapasiteetti: 800 mAh, Lähtöteho: 15 W. Tuotteen leveys: 17,5 mm, Tuotteen syvyys: 17,5 mm, Tuotteen korkeus: 134 mm"},"BulletPoints":{},"GeneratedBulletPoints":{},"GTINs":[]},"Image":{"HighPic":"https://inishop.com/img/gallery/51040c508020b3df6c45326d81a670f58075e566.jpg","HighPicSize":"9407","HighPicHeight":"281","HighPicWidth":"200","LowPic":"https://inishop.com/img/gallery_lows/7ea0f94f286cdee74ff7c81b27b886e282884b29.jpg","LowPicSize":"6026","LowPicHeight":"200","LowPicWidth":"142","Pic500x500":"","Pic500x500Size":"0","Pic500x500Height":"0","Pic500x500Width":"0","ThumbPic":"https://inishop.com/img/gallery_thumbs/627657923806637822edbba60ba7cb66fe1f0d86.jpg","ThumbPicSize":"1745"},"Multimedia":[],"Gallery":[{"ID":"117094629","LowPic":"https://inishop.com/img/gallery_lows/7ea0f94f286cdee74ff7c81b27b886e282884b29.jpg","LowSize":"6026","LowHeight":"200","LowWidth":"142","ThumbPic":"https://inishop.com/img/gallery_thumbs/627657923806637822edbba60ba7cb66fe1f0d86.jpg","ThumbPicSize":"1745","Pic":"https://inishop.com/img/gallery/51040c508020b3df6c45326d81a670f58075e566.jpg","Size":"9407","PicHeight":"281","PicWidth":"200","Pic500x500":"","Pic500x500Size":"0","Pic500x500Height":"0","Pic500x500Width":"0","No":"1","IsMain":"Y","Updated":"2025-09-09 09:25:41","IsPrivate":"0","Type":"ProductImage","Attributes":{"OriginalFileName":""}},{"ID":"117094628","LowPic":"https://inishop.com/img/gallery_lows/a3df62cdb660b2bbc290050c10507aff0474815f.jpg","LowSize":"20999","LowHeight":"200","LowWidth":"197","ThumbPic":"https://inishop.com/img/gallery_thumbs/f04d3dd4fd909bc758cd2ee70f596029a53ca246.jpg","ThumbPicSize":"5016","Pic":"https://inishop.com/img/gallery/e1532df823270ac4051ab80d782a270970adaebc.jpg","Size":"135329","PicHeight":"645","PicWidth":"635","Pic500x500":"https://inishop.com/img/gallery_mediums/81c64db67f9d23f55177753da349751481dc7a1d.jpg","Pic500x500Size":"87969","Pic500x500Height":"500","Pic500x500Width":"492","No":"2","IsMain":"N","Updated":"2025-09-09 09:25:50","IsPrivate":"0","Type":"ProductImage","Attributes":{"OriginalFileName":""}}],"FeaturesGroups":[{"ID":8909,"SortNo":"11","FeatureGroup":{"ID":"148","Name":{"Value":"Suunnittelu","Language":"FI"}},"Features":[{"Localized":0,"ID":835225737,"LocalID":0,"Type":"multi_dropdown","Value":"Blue,Pink","CategoryFeatureId":"68804","CategoryFeatureGroupID":"8909","SortNo":"90","PresentationValue":"Sininen, Vaaleanpunainen","RawValue":"Blue,Pink","LocalValue":"Sininen, Vaaleanpunainen","Description":"The colour e.g. red, blue, green, black, white.","Mandatory":"0","Searchable":"0","Optional":"0","Feature":{"ID":"1766","Sign":"","Measure":{"ID":"29","Sign":"","Signs":{"ID":"","_":"","Language":"FI"}},"Name":{"Value":"Tuotteen väri","Language":"FI"}}},{"Localized":0,"ID":836140283,"LocalID":0,"Type":"multi_dropdown","Value":"Battery level","CategoryFeatureId":"293940","CategoryFeatureGroupID":"8909","SortNo":"10","PresentationValue":"Akkutaso","RawValue":"Battery level","LocalValue":"Akkutaso","Description":"","Mandatory":"0","Searchable":"0","Optional":"0","Feature":{"ID":"1501","Sign":"","Measure":{"ID":"29","Sign":"","Signs":{"ID":"","_":"","Language":"FI"}},"Name":{"Value":"LED-merkkivalot","Language":"FI"}}},{"Localized":0,"ID":836140284,"LocalID":0,"Type":"y_n","Value":"Y","CategoryFeatureId":"249553","CategoryFeatureGroupID":"8909","SortNo":"0","PresentationValue":"Kyllä","RawValue":"Y","LocalValue":"Kyllä","Description":"The device features a socket into which a USB cable can be plugged.","Mandatory":"0","Searchable":"0","Optional":"0","Feature":{"ID":"23798","Sign":"","Measure":{"ID":"26","Sign":"","Signs":{"ID":"","_":"","Language":"FI"}},"Name":{"Value":"USB-portti","Language":"FI"}}}]},{"ID":8912,"SortNo":"6","FeatureGroup":{"ID":"143","Name":{"Value":"Akku","Language":"FI"}},"Features":[{"Localized":0,"ID":835225733,"LocalID":0,"Type":"numerical","Value":"800","CategoryFeatureId":"68815","CategoryFeatureGroupID":"8912","SortNo":"100","PresentationValue":"800 mAh","RawValue":"800","LocalValue":"800","Description":"A measure of the charge stored by the battery. Determined by the mass of active material contained in the battery.","Mandatory":"0","Searchable":"0","Optional":"0","Feature":{"ID":"909","Sign":"","Measure":{"ID":"51","Sign":"","Signs":{"ID":"13839","_":"mAh","Language":"FI"}},"Name":{"Value":"Akun kapasiteetti","Language":"FI"}}},{"Localized":0,"ID":836140287,"LocalID":0,"Type":"y_n","Value":"Y","CategoryFeatureId":"249552","CategoryFeatureGroupID":"8912","SortNo":"45","PresentationValue":"Kyllä","RawValue":"Y","LocalValue":"Kyllä","Description":"","Mandatory":"0","Searchable":"0","Optional":"0","Feature":{"ID":"11194","Sign":"","Measure":{"ID":"26","Sign":"","Signs":{"ID":"","_":"","Language":"FI"}},"Name":{"Value":"USB-lataus","Language":"FI"}}},{"Localized":0,"ID":835225983,"LocalID":0,"Type":"numerical","Value":"15","CategoryFeatureId":"249555","CategoryFeatureGroupID":"8912","SortNo":"40","PresentationValue":"15 W","RawValue":"15","LocalValue":"15","Description":"The power that the device can produce.","Mandatory":"0","Searchable":"0","Optional":"0","Feature":{"ID":"5932","Sign":"","Measure":{"ID":"44","Sign":"","Signs":{"ID":"13832","_":"W","Language":"FI"}},"Name":{"Value":"Lähtöteho","Language":"FI"}}}]},{"ID":8914,"SortNo":"4","FeatureGroup":{"ID":"14","Name":{"Value":"Paino ja mitat","Language":"FI"}},"Features":[{"Localized":0,"ID":835225735,"LocalID":0,"Type":"numerical","Value":"17.5","CategoryFeatureId":"68823","CategoryFeatureGroupID":"8914","SortNo":"40","PresentationValue":"17,5 mm","RawValue":"17.5","LocalValue":"17,5","Description":"The measurement or extent of something from side to side.","Mandatory":"0","Searchable":"0","Optional":"0","Feature":{"ID":"1649","Sign":"","Measure":{"ID":"24","Sign":"","Signs":{"ID":"13815","_":"mm","Language":"FI"}},"Name":{"Value":"Tuotteen leveys","Language":"FI"}}},{"Localized":0,"ID":835225736,"LocalID":0,"Type":"numerical","Value":"17.5","CategoryFeatureId":"68824","CategoryFeatureGroupID":"8914","SortNo":"30","PresentationValue":"17,5 mm","RawValue":"17.5","LocalValue":"17,5","Description":"The distance from the front to the back of something.","Mandatory":"0","Searchable":"0","Optional":"0","Feature":{"ID":"1650","Sign":"","Measure":{"ID":"24","Sign":"","Signs":{"ID":"13815","_":"mm","Language":"FI"}},"Name":{"Value":"Tuotteen syvyys","Language":"FI"}}},{"Localized":0,"ID":835225734,"LocalID":0,"Type":"numerical","Value":"134","CategoryFeatureId":"68825","CategoryFeatureGroupID":"8914","SortNo":"20","PresentationValue":"134 mm","RawValue":"134","LocalValue":"134","Description":"Tuotteen korkeus","Mandatory":"0","Searchable":"0","Optional":"0","Feature":{"ID":"1464","Sign":"","Measure":{"ID":"24","Sign":"","Signs":{"ID":"13815","_":"mm","Language":"FI"}},"Name":{"Value":"Tuotteen korkeus","Language":"FI"}}}]},{"ID":8913,"SortNo":"2","FeatureGroup":{"ID":"116","Name":{"Value":"Pakkauksen sisältö","Language":"FI"}},"Features":[{"Localized":0,"ID":835225738,"LocalID":0,"Type":"y_n","Value":"Y","CategoryFeatureId":"68848","CategoryFeatureGroupID":"8913","SortNo":"0","PresentationValue":"Kyllä","RawValue":"Y","LocalValue":"Kyllä","Description":"","Mandatory":"0","Searchable":"0","Optional":"0","Feature":{"ID":"3965","Sign":"","Measure":{"ID":"26","Sign":"","Signs":{"ID":"","_":"","Language":"FI"}},"Name":{"Value":"Käyttöopas","Language":"FI"}}}]}],"FeatureLogos":[],"ReasonsToBuy":[],"Reviews":[],"ProductRelated":[],"CatalogObjectCloud":{},"Variants":[],"ProductStory":[],"Dictionary":{"model_name":"Tuotenimi","desc":"Kuvaus","ean_code":"EAN/UPC-koodi","flash360":"3D-esittely","demo_msg_part3":"Jos sinulla ei ole Icecat-k&auml;ytt&auml;j&auml;tili&auml;, ole hyv&auml; ja rekister&ouml;idy maksutta t&auml;&auml;lt&auml;.","repairability_index":"Repairability index","zoom_panel_init":"Alkuper&auml;inen koko","cat_name":"Ryhm&auml;","product_family":"Tuoteperhe","back_to_top":"Takaisin yl&ouml;s","zoom_panel_out":"Loitonna","specs":"Tekniset tiedot","eu_product_fiche":"EU-tuoteseloste","reviews_head_name":"Arvostelut","pdf_specs":"Tuote-esite","zoom_panel_in":"L&auml;henn&auml;","html_content":"","release_date":"Julkaisup&auml;iv&auml;","demo_msg_part1":"K&auml;yt&auml;t t&auml;ll&auml; hetkell&auml; demo-k&auml;ytt&auml;j&auml;tili&auml;. Ole hyv&auml; ja k&auml;yt&auml; omaa Icecat-k&auml;ytt&auml;j&auml;tili&auml;si.","demo_insert_desc":"This is a demo of a seamless insert of an Icecat LIVE product data-sheet in your website. Imagine that this responsive data-sheet is included in the product page of your webshop.","pdf_url":"K&auml;ytt&ouml;opas","prod_code":"Tuotekoodi","supplier_name":"Tuotemerkki","video":"Video","reasons_to_buy":"Syitä ostaa","marketing_text":"Kuvaus","options_head_name":"Vaihtoehdot","product_series":"Tuotesarja","demo_msg_part2":"Icecat k&auml;ytt&auml;j&auml;tunnuksesi","link_integrate_desk":"Kuinka integroida Icecat LIVE JavaScript.","zoom_panel_dragg":"Hiirell&auml; vet&auml;minen","eu_energy_label":"EU-energiamerkintä"},"DemoAccount":false}}