{"msg":"OK","data":{"GeneralInfo":{"IcecatId":132200648,"ReleaseDate":"","EndOfLifeDate":"","Title":"Deltaco Gaming WH85 kuulokemikrofoni, 57mm, alumiinirunko, LED, valk.","TitleInfo":{"GeneratedIntTitle":"Deltaco Gaming GAM-030-W headphones/headset","GeneratedLocalTitle":{"Value":"Deltaco Gaming GAM-030-W kuulokkeet ja kuulokemikrofoni Langallinen Pääpanta Pelaaminen USB A-tyyppi Valkoinen","Language":"FI"},"BrandLocalTitle":{"Value":"Deltaco Gaming WH85 kuulokemikrofoni, 57mm, alumiinirunko, LED, valk.","Language":"FI"}},"Brand":"Deltaco Gaming","BrandID":"41177","BrandLogo":"","BrandInfo":{"BrandName":"Deltaco Gaming","BrandLocalName":"","BrandLogo":""},"ProductName":"WH85 kuulokemikrofoni, 57mm, alumiinirunko, LED, valk.","ProductNameInfo":{"ProductIntName":"GAM-030-W","ProductLocalName":{"Value":"WH85 kuulokemikrofoni, 57mm, alumiinirunko, LED, valk.","Language":"FI"}},"BrandPartCode":"GAM-030-W","GTIN":["7333048047311"],"Category":{"CategoryID":"1637","Name":{"Value":"Kuulokkeet ja kuulokemikrofonit","Language":"FI"}},"ProductFamily":{},"ProductSeries":{"SeriesID":"1"},"Description":{"ID":"100472410","LongDesc":"Tyylikäs kuulokemikrofoni, jossa on valkoinen muotoilu. Tuotteessa on peräti 57 mm:n elementit, jotka mahdollistavat parhaan mahdollisen äänentoiston. Kuulokkeet sisältävät keinonahkaa, joka tuntuu miellyttävältä päässä myös pitkien pelisessioiden aikana. Kuulokkeet kytketään tietokoneeseen kahdella 3,5 mm liittimellä. Niissä on myös USB-A-liitäntä, joka tarjoaa virtaa kupujen ja mikrofonin taustavaloa varten. Vasemman kuulokkeen takaosassa on säädin, jolla voi muuttaa äänenvoimakkuutta.","LongProductName":"WH85 kuulokemikrofoni, 57mm, alumiinirunko, LED, valk.","MiddleDesc":"","Disclaimer":"","ManualPDFURL":"","ManualPDFSize":"0","LeafletPDFURL":"https://inishop.com/objects/mmo_132200648_1748950835_7667_1913897.pdf","PDFSize":"86288","URL":"https://www.aurdel.com/dk/en/GAM-030-W","WarrantyInfo":"5years","Updated":"2025-09-11 18:36:21","Language":"FI"},"SummaryDescription":{"ShortSummaryDescription":"Deltaco Gaming WH85 kuulokemikrofoni, 57mm, alumiinirunko, LED, valk., Langallinen, Pelaaminen, 20 - 20000 Hz, 840 g, Kuulokkeet, Valkoinen","LongSummaryDescription":"Deltaco Gaming WH85 kuulokemikrofoni, 57mm, alumiinirunko, LED, valk.. Tuotetyyppi: Kuulokkeet. Yhteysteknologia: Langallinen. Suositeltu käyttö: Pelaaminen. Kuulokkeiden taajuus: 20 - 20000 Hz. Johdon pituus: 2,1 m. Paino: 840 g. Tuotteen väri: Valkoinen"},"BulletPoints":{"BulletPointsId":"11904037","Language":"FI","Values":["Elementtien koko: 57 mm","Taajuusvaste: 20 Hz - 20 kHz","Alumiinirunko","Säädettävä sanka ja mikrofonipuomi","Kuulokkeiden herkkyys: 122 dB ±3 dB","Kuulokkeiden impedanssi: 32 Ω ±15 %","Mikrofonin herkkyys: -38 dB ±3 dB","2 x 3,5 mm","1 x USB-A LED-valaistusta varten","0"],"Updated":"2025-06-03 12:51:23"},"GeneratedBulletPoints":{"Language":"FI","Values":["Valkoinen Pelaaminen Pääpanta Kuulokkeet","Langallinen 3,5 mm liitin USB-liitettävyys","Kuppi 20 - 20000 Hz 32 Ω 122 dB","Mikrofonityyppi: Puomi -38 dB"]},"GTINs":[{"GTIN":"7333048047311","IsApproved":true}]},"Image":{"HighPic":"https://inishop.com/img/gallery/ea38da6d46ad48db580ccf2ff14355f45739d44b.jpg","HighPicSize":"1859698","HighPicHeight":"4458","HighPicWidth":"3120","LowPic":"https://inishop.com/img/gallery_lows/261a27766bc9bee98efad30a2d628ce4cb7d1606.jpg","LowPicSize":"9566","LowPicHeight":"200","LowPicWidth":"140","Pic500x500":"https://inishop.com/img/gallery_mediums/139447fd5374adba1fc9def6246f177be027d545.jpg","Pic500x500Size":"38500","Pic500x500Height":"500","Pic500x500Width":"350","ThumbPic":"https://inishop.com/img/gallery_thumbs/4e2415df22573970338c4333a4ebd3f61299ce1c.jpg","ThumbPicSize":"2510"},"Multimedia":[{"ID":"9D7F2D88-1640-40F5-992B-65C256DEFA2D","URL":"https://inishop.com/objects/mmo_132200648_1748950835_7667_1913897.pdf","Type":"leaflet","ContentType":"application/pdf","KeepAsUrl":"0","Description":"Tuote-esite","Size":"86288","IsPrivate":"0","Updated":"2025-06-03 13:40:35","Language":"FI","IsVideo":0}],"Gallery":[{"ID":"106966184","LowPic":"https://inishop.com/img/gallery_lows/261a27766bc9bee98efad30a2d628ce4cb7d1606.jpg","LowSize":"9566","LowHeight":"200","LowWidth":"140","ThumbPic":"https://inishop.com/img/gallery_thumbs/4e2415df22573970338c4333a4ebd3f61299ce1c.jpg","ThumbPicSize":"2510","Pic":"https://inishop.com/img/gallery/ea38da6d46ad48db580ccf2ff14355f45739d44b.jpg","Size":"1859698","PicHeight":"4458","PicWidth":"3120","Pic500x500":"https://inishop.com/img/gallery_mediums/139447fd5374adba1fc9def6246f177be027d545.jpg","Pic500x500Size":"38500","Pic500x500Height":"500","Pic500x500Width":"350","No":"1","IsMain":"Y","Updated":"2025-06-03 12:51:39","IsPrivate":"0","Type":"ProductImage","Attributes":{"OriginalFileName":""}},{"ID":"106966185","LowPic":"https://inishop.com/img/gallery_lows/24981630d3f6844dc25e4e0d2c1acdca37515114.jpg","LowSize":"21985","LowHeight":"200","LowWidth":"200","ThumbPic":"https://inishop.com/img/gallery_thumbs/18a29a334c652fc12b0e4adaf970afce6e4e2598.jpg","ThumbPicSize":"4982","Pic":"https://inishop.com/img/gallery/d4eafe851af46234edf261b5a72025f58b0f0bc3.jpg","Size":"1061501","PicHeight":"2000","PicWidth":"2000","Pic500x500":"https://inishop.com/img/gallery_mediums/647440bd0bed766dd3d330868fa98a69c3e31f36.jpg","Pic500x500Size":"95118","Pic500x500Height":"500","Pic500x500Width":"500","No":"2","IsMain":"N","Updated":"2025-06-03 12:51:39","IsPrivate":"0","Type":"LifestyleImage","Attributes":{"OriginalFileName":""}},{"ID":"108879790","LowPic":"https://inishop.com/img/gallery_lows/5a5e3e343810f8a1e713d9d2b4dd48865bbe9564.jpg","LowSize":"9307","LowHeight":"200","LowWidth":"146","ThumbPic":"https://inishop.com/img/gallery_thumbs/04719cef0d6877e28684615b4af3c195cdff93b6.jpg","ThumbPicSize":"2466","Pic":"https://inishop.com/img/gallery/2afe0c8dd3c6bbfa193b4914f3503fd09dc6ed5e.jpg","Size":"1217879","PicHeight":"4338","PicWidth":"3158","Pic500x500":"https://inishop.com/img/gallery_mediums/bec845e9b5938593291111342bbbe9bb53cf049c.jpg","Pic500x500Size":"37002","Pic500x500Height":"500","Pic500x500Width":"364","No":"3","IsMain":"N","Updated":"2025-06-23 12:27:48","IsPrivate":"0","Type":"ProductImage","Attributes":{"OriginalFileName":""}},{"ID":"108879791","LowPic":"https://inishop.com/img/gallery_lows/b65b5e05d939361a717b488764840ab66d781d88.jpg","LowSize":"7738","LowHeight":"173","LowWidth":"200","ThumbPic":"https://inishop.com/img/gallery_thumbs/049d9828a2eb79361bf6369990e9447317075c92.jpg","ThumbPicSize":"2289","Pic":"https://inishop.com/img/gallery/d3a58abd06b6c14e44f04efa906a24c45f08b66a.jpg","Size":"612460","PicHeight":"3262","PicWidth":"3766","Pic500x500":"https://inishop.com/img/gallery_mediums/f9355c9060f9da4390f15b06b4a8d9e615f44a4f.jpg","Pic500x500Size":"28122","Pic500x500Height":"433","Pic500x500Width":"500","No":"4","IsMain":"N","Updated":"2025-06-23 12:27:56","IsPrivate":"0","Type":"ProductDetailImage","Attributes":{"OriginalFileName":""}},{"ID":"108879792","LowPic":"https://inishop.com/img/gallery_lows/dd0fe4b10a56f5ffdc86f19a3b917b412253ac1f.jpg","LowSize":"4454","LowHeight":"200","LowWidth":"159","ThumbPic":"https://inishop.com/img/gallery_thumbs/975d7aa0ec9e782fcd329f3d62e6d738133e7ad8.jpg","ThumbPicSize":"1416","Pic":"https://inishop.com/img/gallery/dd1629e9e60da04cb544b4b4e05958a2bdd9517c.jpg","Size":"501143","PicHeight":"3571","PicWidth":"2831","Pic500x500":"https://inishop.com/img/gallery_mediums/fa31e4314e86885dcc5749c5e0e75300230f8f5a.jpg","Pic500x500Size":"17506","Pic500x500Height":"500","Pic500x500Width":"396","No":"5","IsMain":"N","Updated":"2025-06-23 12:28:05","IsPrivate":"0","Type":"Other","Attributes":{"OriginalFileName":""}},{"ID":"108879793","LowPic":"https://inishop.com/img/gallery_lows/3c07e7da3c6b8fb272a0a85e03d256751bda52a5.jpg","LowSize":"7374","LowHeight":"200","LowWidth":"131","ThumbPic":"https://inishop.com/img/gallery_thumbs/580aa4e27d8cf4554a9b834adfc4fbd863e8ec37.jpg","ThumbPicSize":"2096","Pic":"https://inishop.com/img/gallery/dd0841912d45fd9044831294a467e79a8087be0f.jpg","Size":"684926","PicHeight":"3692","PicWidth":"2411","Pic500x500":"https://inishop.com/img/gallery_mediums/abddf2846cc29938d4021249205975fd5630b634.jpg","Pic500x500Size":"28733","Pic500x500Height":"500","Pic500x500Width":"327","No":"6","IsMain":"N","Updated":"2025-06-23 12:28:11","IsPrivate":"0","Type":"ProductImage","Attributes":{"OriginalFileName":""}},{"ID":"108879794","LowPic":"https://inishop.com/img/gallery_lows/9a6e12b29a2c087b9c0e5bd012a42eecb096c26a.jpg","LowSize":"26900","LowHeight":"200","LowWidth":"162","ThumbPic":"https://inishop.com/img/gallery_thumbs/76930eea5de88d78bd66cf2c007c30a6021bb409.jpg","ThumbPicSize":"5372","Pic":"https://inishop.com/img/gallery/c37ca9d0cc660f1af8729365efdd9f71c4a3768e.jpg","Size":"2392402","PicHeight":"3585","PicWidth":"2906","Pic500x500":"https://inishop.com/img/gallery_mediums/490e229a5fc0afc329f865e414636f76260c2fdc.jpg","Pic500x500Size":"126931","Pic500x500Height":"500","Pic500x500Width":"405","No":"7","IsMain":"N","Updated":"2025-06-23 12:28:21","IsPrivate":"0","Type":"ProductPackagingImage","Attributes":{"OriginalFileName":""}}],"FeaturesGroups":[{"ID":10774,"SortNo":"60","FeatureGroup":{"ID":"184","Name":{"Value":"Suorituskyky","Language":"FI"}},"Features":[{"Localized":0,"ID":794021300,"LocalID":0,"Type":"dropdown","Value":"Headset","CategoryFeatureId":"320952","CategoryFeatureGroupID":"10774","SortNo":"300","PresentationValue":"Kuulokkeet","RawValue":"Headset","LocalValue":"Kuulokkeet","Description":"The sub-category of the product.","Mandatory":"1","Searchable":"1","Optional":"0","Feature":{"ID":"14052","Sign":"","Measure":{"ID":"29","Sign":"","Signs":{"ID":"","_":"","Language":"FI"}},"Name":{"Value":"Tuotetyyppi","Language":"FI"}}},{"Localized":0,"ID":794021302,"LocalID":0,"Type":"dropdown","Value":"Head-band","CategoryFeatureId":"48583","CategoryFeatureGroupID":"10774","SortNo":"294","PresentationValue":"Pääpanta","RawValue":"Head-band","LocalValue":"Pääpanta","Description":"The way in which the device is worn.","Mandatory":"1","Searchable":"1","Optional":"0","Feature":{"ID":"8136","Sign":"","Measure":{"ID":"29","Sign":"","Signs":{"ID":"","_":"","Language":"FI"}},"Name":{"Value":"Käyttötapa","Language":"FI"}}},{"Localized":0,"ID":794021303,"LocalID":0,"Type":"dropdown","Value":"Gaming","CategoryFeatureId":"320937","CategoryFeatureGroupID":"10774","SortNo":"291","PresentationValue":"Pelaaminen","RawValue":"Gaming","LocalValue":"Pelaaminen","Description":"What the product should be used for","Mandatory":"1","Searchable":"1","Optional":"0","Feature":{"ID":"8480","Sign":"","Measure":{"ID":"29","Sign":"","Signs":{"ID":"","_":"","Language":"FI"}},"Name":{"Value":"Suositeltu käyttö","Language":"FI"}}},{"Localized":0,"ID":794021304,"LocalID":0,"Type":"dropdown","Value":"Consumer","CategoryFeatureId":"1084325","CategoryFeatureGroupID":"10774","SortNo":"290","PresentationValue":"Kuluttaja","RawValue":"Consumer","LocalValue":"Kuluttaja","Description":"","Mandatory":"0","Searchable":"0","Optional":"0","Feature":{"ID":"21801","Sign":"","Measure":{"ID":"29","Sign":"","Signs":{"ID":"","_":"","Language":"FI"}},"Name":{"Value":"Markkinasegmentti","Language":"FI"}}},{"Localized":0,"ID":796090660,"LocalID":0,"Type":"dropdown","Value":"Binaural","CategoryFeatureId":"48578","CategoryFeatureGroupID":"10774","SortNo":"288","PresentationValue":"Kaksikanavainen","RawValue":"Binaural","LocalValue":"Kaksikanavainen","Description":"A headset is headphones combined with a microphone","Mandatory":"0","Searchable":"0","Optional":"0","Feature":{"ID":"8135","Sign":"","Measure":{"ID":"29","Sign":"","Signs":{"ID":"","_":"","Language":"FI"}},"Name":{"Value":"Kuulokkeiden tyyppi","Language":"FI"}}},{"Localized":0,"ID":794021306,"LocalID":0,"Type":"multi_dropdown","Value":"White","CategoryFeatureId":"41175","CategoryFeatureGroupID":"10774","SortNo":"280","PresentationValue":"Valkoinen","RawValue":"White","LocalValue":"Valkoinen","Description":"The colour e.g. red","Mandatory":"1","Searchable":"0","Optional":"0","Feature":{"ID":"1766","Sign":"","Measure":{"ID":"29","Sign":"","Signs":{"ID":"","_":"","Language":"FI"}},"Name":{"Value":"Tuotteen väri","Language":"FI"}}},{"Localized":0,"ID":794021314,"LocalID":0,"Type":"dropdown","Value":"Rotary","CategoryFeatureId":"43294","CategoryFeatureGroupID":"10774","SortNo":"276","PresentationValue":"Rotaatio","RawValue":"Rotary","LocalValue":"Rotaatio","Description":"","Mandatory":"0","Searchable":"0","Optional":"0","Feature":{"ID":"2587","Sign":"","Measure":{"ID":"29","Sign":"","Signs":{"ID":"","_":"","Language":"FI"}},"Name":{"Value":"Äänenvoimakkuuden säätö","Language":"FI"}}},{"Localized":0,"ID":794021315,"LocalID":0,"Type":"dropdown","Value":"On-ear control unit","CategoryFeatureId":"255468","CategoryFeatureGroupID":"10774","SortNo":"275","PresentationValue":"On-ear control unit","RawValue":"On-ear control unit","LocalValue":"On-ear control unit","Description":"","Mandatory":"0","Searchable":"0","Optional":"0","Feature":{"ID":"36477","Sign":"","Measure":{"ID":"29","Sign":"","Signs":{"ID":"","_":"","Language":"FI"}},"Name":{"Value":"Ohjausyksikön tyyppi","Language":"FI"}}},{"Localized":0,"ID":794021320,"LocalID":0,"Type":"numerical","Value":"2.1","CategoryFeatureId":"42582","CategoryFeatureGroupID":"10774","SortNo":"270","PresentationValue":"2,1 m","RawValue":"2.1","LocalValue":"2,1","Description":"How long the cable is.","Mandatory":"0","Searchable":"0","Optional":"0","Feature":{"ID":"1266","Sign":"","Measure":{"ID":"54","Sign":"","Signs":{"ID":"13841","_":"m","Language":"FI"}},"Name":{"Value":"Johdon pituus","Language":"FI"}}},{"Localized":0,"ID":794021322,"LocalID":0,"Type":"dropdown","Value":"White","CategoryFeatureId":"238759","CategoryFeatureGroupID":"10774","SortNo":"269","PresentationValue":"Valkoinen","RawValue":"White","LocalValue":"Valkoinen","Description":"Colour of the cable e.g. white","Mandatory":"0","Searchable":"0","Optional":"0","Feature":{"ID":"1272","Sign":"","Measure":{"ID":"29","Sign":"","Signs":{"ID":"","_":"","Language":"FI"}},"Name":{"Value":"Kaapelin väri","Language":"FI"}}},{"Localized":0,"ID":794021341,"LocalID":0,"Type":"y_n","Value":"Y","CategoryFeatureId":"75365","CategoryFeatureGroupID":"10774","SortNo":"240","PresentationValue":"Kyllä","RawValue":"Y","LocalValue":"Kyllä","Description":"Product has a built-in light source for its illuminating.","Mandatory":"0","Searchable":"0","Optional":"0","Feature":{"ID":"3709","Sign":"","Measure":{"ID":"26","Sign":"","Signs":{"ID":"","_":"","Language":"FI"}},"Name":{"Value":"Taustavalo","Language":"FI"}}},{"Localized":0,"ID":794021342,"LocalID":0,"Type":"dropdown","Value":"Multicolour","CategoryFeatureId":"75363","CategoryFeatureGroupID":"10774","SortNo":"238","PresentationValue":"Monivärinen","RawValue":"Multicolour","LocalValue":"Monivärinen","Description":"","Mandatory":"0","Searchable":"0","Optional":"0","Feature":{"ID":"2961","Sign":"","Measure":{"ID":"29","Sign":"","Signs":{"ID":"","_":"","Language":"FI"}},"Name":{"Value":"Taustavalon väri","Language":"FI"}}},{"Localized":0,"ID":794021323,"LocalID":0,"Type":"y_n","Value":"Y","CategoryFeatureId":"807729","CategoryFeatureGroupID":"10774","SortNo":"0","PresentationValue":"Kyllä","RawValue":"Y","LocalValue":"Kyllä","Description":"","Mandatory":"0","Searchable":"0","Optional":"0","Feature":{"ID":"28818","Sign":"","Measure":{"ID":"26","Sign":"","Signs":{"ID":"","_":"","Language":"FI"}},"Name":{"Value":"Säädettävä otsanauha","Language":"FI"}}},{"Localized":0,"ID":794021324,"LocalID":0,"Type":"multi_dropdown","Value":"China","CategoryFeatureId":"114127","CategoryFeatureGroupID":"10774","SortNo":"-51","PresentationValue":"Kiina","RawValue":"China","LocalValue":"Kiina","Description":"Country where the device is made. Aka Country of manufacture (COM).","Mandatory":"0","Searchable":"0","Optional":"0","Feature":{"ID":"3294","Sign":"","Measure":{"ID":"29","Sign":"","Signs":{"ID":"","_":"","Language":"FI"}},"Name":{"Value":"Alkuperämaa","Language":"FI"}}}]},{"ID":6264,"SortNo":"40","FeatureGroup":{"ID":"12","Name":{"Value":"Liitettävyys","Language":"FI"}},"Features":[{"Localized":0,"ID":794021326,"LocalID":0,"Type":"dropdown","Value":"Wired","CategoryFeatureId":"155712","CategoryFeatureGroupID":"6264","SortNo":"298","PresentationValue":"Langallinen","RawValue":"Wired","LocalValue":"Langallinen","Description":"The technology that enables connectivity of the device, e.g. wired or wireless.","Mandatory":"1","Searchable":"1","Optional":"0","Feature":{"ID":"1655","Sign":"","Measure":{"ID":"29","Sign":"","Signs":{"ID":"","_":"","Language":"FI"}},"Name":{"Value":"Yhteysteknologia","Language":"FI"}}},{"Localized":0,"ID":794021328,"LocalID":0,"Type":"y_n","Value":"Y","CategoryFeatureId":"199409","CategoryFeatureGroupID":"6264","SortNo":"290","PresentationValue":"Kyllä","RawValue":"Y","LocalValue":"Kyllä","Description":"","Mandatory":"0","Searchable":"0","Optional":"0","Feature":{"ID":"14760","Sign":"","Measure":{"ID":"26","Sign":"","Signs":{"ID":"","_":"","Language":"FI"}},"Name":{"Value":"3,5 mm liitin","Language":"FI"}}},{"Localized":0,"ID":794021329,"LocalID":0,"Type":"y_n","Value":"Y","CategoryFeatureId":"199410","CategoryFeatureGroupID":"6264","SortNo":"289","PresentationValue":"Kyllä","RawValue":"Y","LocalValue":"Kyllä","Description":"","Mandatory":"0","Searchable":"0","Optional":"0","Feature":{"ID":"30213","Sign":"","Measure":{"ID":"26","Sign":"","Signs":{"ID":"","_":"","Language":"FI"}},"Name":{"Value":"2 x 3,5 mm liittimet","Language":"FI"}}},{"Localized":0,"ID":794021331,"LocalID":0,"Type":"y_n","Value":"Y","CategoryFeatureId":"199416","CategoryFeatureGroupID":"6264","SortNo":"288","PresentationValue":"Kyllä","RawValue":"Y","LocalValue":"Kyllä","Description":"Nopean 2.0 USB -liitännän ansiosta laitteesi toistaa USB-muistitikulle tallennettuja MP3-tiedostoja.","Mandatory":"0","Searchable":"0","Optional":"0","Feature":{"ID":"10496","Sign":"","Measure":{"ID":"26","Sign":"","Signs":{"ID":"","_":"","Language":"FI"}},"Name":{"Value":"USB-liitettävyys","Language":"FI"}}},{"Localized":0,"ID":794021332,"LocalID":0,"Type":"dropdown","Value":"USB Type-A","CategoryFeatureId":"199417","CategoryFeatureGroupID":"6264","SortNo":"287","PresentationValue":"USB A-tyyppi","RawValue":"USB Type-A","LocalValue":"USB A-tyyppi","Description":"What type of USB connector is built into the device.","Mandatory":"0","Searchable":"0","Optional":"0","Feature":{"ID":"26352","Sign":"","Measure":{"ID":"29","Sign":"","Signs":{"ID":"","_":"","Language":"FI"}},"Name":{"Value":"USB-liitin","Language":"FI"}}}]},{"ID":5109,"SortNo":"30","FeatureGroup":{"ID":"71","Name":{"Value":"Kuulokkeet","Language":"FI"}},"Features":[{"Localized":0,"ID":794021346,"LocalID":0,"Type":"dropdown","Value":"Circumaural","CategoryFeatureId":"42691","CategoryFeatureGroupID":"5109","SortNo":"50","PresentationValue":"Kuppi","RawValue":"Circumaural","LocalValue":"Kuppi","Description":"Kuulokkeet erotellaan sen mukaan, pidetäänkö niitä ulkokorvan päällä (supra-aural)) vai korvan ympärillä (circumaural). Avoimissa kuulokkeissa on vaahtomuoviset korvatyynyt jotka lepäävät korvilla tai rengastyynyt, jotka ympäröivät korvat. Suljettu kuulokkeet taas ovat lähes poikkeuksetta lähes aina korvien ympärille tulevaa mallia.","Mandatory":"1","Searchable":"0","Optional":"0","Feature":{"ID":"2527","Sign":"","Measure":{"ID":"29","Sign":"","Signs":{"ID":"","_":"","Language":"FI"}},"Name":{"Value":"Korvakytkentä","Language":"FI"}}},{"Localized":0,"ID":794021347,"LocalID":0,"Type":"range","Value":"20 - 20000","CategoryFeatureId":"41166","CategoryFeatureGroupID":"5109","SortNo":"47","PresentationValue":"20 - 20000 Hz","RawValue":"20 - 20000","LocalValue":"20 - 20000","Description":"The range of frequencies (low to high sounds) that the headphones can produce.","Mandatory":"0","Searchable":"0","Optional":"0","Feature":{"ID":"1887","Sign":"","Measure":{"ID":"36","Sign":"","Signs":{"ID":"13824","_":"Hz","Language":"FI"}},"Name":{"Value":"Kuulokkeiden taajuus","Language":"FI"}}},{"Localized":0,"ID":794021348,"LocalID":0,"Type":"numerical","Value":"32","CategoryFeatureId":"41163","CategoryFeatureGroupID":"5109","SortNo":"43","PresentationValue":"32 Ω","RawValue":"32","LocalValue":"32","Description":"The effective resistance of an electric circuit or component to alternating current","Mandatory":"0","Searchable":"0","Optional":"0","Feature":{"ID":"1889","Sign":"","Measure":{"ID":"87","Sign":"","Signs":{"ID":"22464","_":"Ω","Language":"FI"}},"Name":{"Value":"Impedanssi","Language":"FI"}}},{"Localized":0,"ID":794021352,"LocalID":0,"Type":"numerical","Value":"122","CategoryFeatureId":"41165","CategoryFeatureGroupID":"5109","SortNo":"40","PresentationValue":"122 dB","RawValue":"122","LocalValue":"122","Description":"","Mandatory":"0","Searchable":"0","Optional":"0","Feature":{"ID":"1888","Sign":"","Measure":{"ID":"76","Sign":"","Signs":{"ID":"13862","_":"dB","Language":"FI"}},"Name":{"Value":"Kuulokkeiden herkkyys","Language":"FI"}}},{"Localized":0,"ID":794021356,"LocalID":0,"Type":"numerical","Value":"57","CategoryFeatureId":"41164","CategoryFeatureGroupID":"5109","SortNo":"30","PresentationValue":"5,7 cm","RawValue":"57","LocalValue":"5,7","Description":"","Mandatory":"0","Searchable":"0","Optional":"0","Feature":{"ID":"2379","Sign":"","Measure":{"ID":"24","Sign":"","Signs":{"ID":"13815","_":"mm","Language":"FI"}},"Name":{"Value":"Ajuriyksikkö","Language":"FI"}}}]},{"ID":5110,"SortNo":"28","FeatureGroup":{"ID":"70","Name":{"Value":"Mikrofoni","Language":"FI"}},"Features":[{"Localized":0,"ID":794021357,"LocalID":0,"Type":"dropdown","Value":"Boom microphone","CategoryFeatureId":"320987","CategoryFeatureGroupID":"5110","SortNo":"297","PresentationValue":"Puomi","RawValue":"Boom microphone","LocalValue":"Puomi","Description":"The characteristics of the microphone bulit into the device in terms of the reception of signals from all or just one direction, i.e. omnidirectional (better for concerts and the like vs unidirectional, more suitable for voice recording.","Mandatory":"1","Searchable":"1","Optional":"0","Feature":{"ID":"15803","Sign":"","Measure":{"ID":"29","Sign":"","Signs":{"ID":"","_":"","Language":"FI"}},"Name":{"Value":"Mikrofonityyppi","Language":"FI"}}},{"Localized":0,"ID":794021364,"LocalID":0,"Type":"numerical","Value":"-38","CategoryFeatureId":"41168","CategoryFeatureGroupID":"5110","SortNo":"15","PresentationValue":"-38 dB","RawValue":"-38","LocalValue":"-38","Description":"","Mandatory":"0","Searchable":"0","Optional":"0","Feature":{"ID":"1891","Sign":"","Measure":{"ID":"76","Sign":"","Signs":{"ID":"13862","_":"dB","Language":"FI"}},"Name":{"Value":"Mikrofonin herkkyys","Language":"FI"}}}]},{"ID":5112,"SortNo":"8","FeatureGroup":{"ID":"14","Name":{"Value":"Paino ja mitat","Language":"FI"}},"Features":[{"Localized":0,"ID":833380640,"LocalID":0,"Type":"numerical","Value":"840","CategoryFeatureId":"41172","CategoryFeatureGroupID":"5112","SortNo":"47","PresentationValue":"840 g","RawValue":"840","LocalValue":"840","Description":"Tuotteen paino ilman pakkausta (Nettopaino). Jos mahdollista, nettopaino ilmaistaan vakiovarusteineet ja tarvikkeet mukaan laskettuna. Huomaa, että joskus valmistaja antaa kaupallisen tulkinnan tuotteen painosta, jättämällä pois  lisävarusteiden ja / tai tarvikkeiden painon.","Mandatory":"0","Searchable":"0","Optional":"0","Feature":{"ID":"94","Sign":"","Measure":{"ID":"38","Sign":"","Signs":{"ID":"13826","_":"g","Language":"FI"}},"Name":{"Value":"Paino","Language":"FI"}}}]},{"ID":5225,"SortNo":"7","FeatureGroup":{"ID":"67","Name":{"Value":"Pakkaustiedot","Language":"FI"}},"Features":[{"Localized":0,"ID":833380619,"LocalID":0,"Type":"numerical","Value":"260","CategoryFeatureId":"43281","CategoryFeatureGroupID":"5225","SortNo":"-11","PresentationValue":"260 mm","RawValue":"260","LocalValue":"260","Description":"The distance from one side of the packaging to the other.","Mandatory":"0","Searchable":"0","Optional":"0","Feature":{"ID":"3808","Sign":"","Measure":{"ID":"24","Sign":"","Signs":{"ID":"13815","_":"mm","Language":"FI"}},"Name":{"Value":"Pakkauksen leveys","Language":"FI"}}},{"Localized":0,"ID":833380622,"LocalID":0,"Type":"numerical","Value":"100","CategoryFeatureId":"43275","CategoryFeatureGroupID":"5225","SortNo":"-12","PresentationValue":"100 mm","RawValue":"100","LocalValue":"100","Description":"The distance from the front to the back of the packaging.","Mandatory":"0","Searchable":"0","Optional":"0","Feature":{"ID":"3806","Sign":"","Measure":{"ID":"24","Sign":"","Signs":{"ID":"13815","_":"mm","Language":"FI"}},"Name":{"Value":"Pakkauksen syvyys","Language":"FI"}}},{"Localized":0,"ID":833380621,"LocalID":0,"Type":"numerical","Value":"470","CategoryFeatureId":"43276","CategoryFeatureGroupID":"5225","SortNo":"-13","PresentationValue":"470 mm","RawValue":"470","LocalValue":"470","Description":"The distance from the top to the bottom of the packaging.","Mandatory":"0","Searchable":"0","Optional":"0","Feature":{"ID":"3807","Sign":"","Measure":{"ID":"24","Sign":"","Signs":{"ID":"13815","_":"mm","Language":"FI"}},"Name":{"Value":"Pakkauksen korkeus","Language":"FI"}}},{"Localized":0,"ID":833380624,"LocalID":0,"Type":"numerical","Value":"840","CategoryFeatureId":"42696","CategoryFeatureGroupID":"5225","SortNo":"-20","PresentationValue":"840 g","RawValue":"840","LocalValue":"840","Description":"Pakatun tuotteen paino grammoina.","Mandatory":"0","Searchable":"0","Optional":"0","Feature":{"ID":"762","Sign":"","Measure":{"ID":"38","Sign":"","Signs":{"ID":"13826","_":"g","Language":"FI"}},"Name":{"Value":"Pakkauksen paino","Language":"FI"}}},{"Localized":0,"ID":794021372,"LocalID":0,"Type":"dropdown","Value":"Hanging box","CategoryFeatureId":"43280","CategoryFeatureGroupID":"5225","SortNo":"-50","PresentationValue":"Ripustettava laatikko","RawValue":"Hanging box","LocalValue":"Ripustettava laatikko","Description":"The type of product package e.g. box.","Mandatory":"0","Searchable":"0","Optional":"0","Feature":{"ID":"4463","Sign":"","Measure":{"ID":"29","Sign":"","Signs":{"ID":"","_":"","Language":"FI"}},"Name":{"Value":"Pakkaustyyppi","Language":"FI"}}}]},{"ID":12861,"SortNo":"6","FeatureGroup":{"ID":"116","Name":{"Value":"Pakkauksen sisältö","Language":"FI"}},"Features":[{"Localized":0,"ID":794021376,"LocalID":0,"Type":"multi_dropdown","Value":"2 x 3.5 mm","CategoryFeatureId":"181325","CategoryFeatureGroupID":"12861","SortNo":"20","PresentationValue":"2 x 3.5mm","RawValue":"2 x 3.5 mm","LocalValue":"2 x 3.5mm","Description":"","Mandatory":"0","Searchable":"0","Optional":"0","Feature":{"ID":"8158","Sign":"","Measure":{"ID":"29","Sign":"","Signs":{"ID":"","_":"","Language":"FI"}},"Name":{"Value":"Sisältyvät sovittimet","Language":"FI"}}},{"Localized":0,"ID":794021375,"LocalID":0,"Type":"y_n","Value":"N","CategoryFeatureId":"255783","CategoryFeatureGroupID":"12861","SortNo":"15","PresentationValue":"Ei","RawValue":"N","LocalValue":"Ei","Description":"","Mandatory":"1","Searchable":"0","Optional":"0","Feature":{"ID":"1230","Sign":"","Measure":{"ID":"26","Sign":"","Signs":{"ID":"","_":"","Language":"FI"}},"Name":{"Value":"Virtalähde mukana","Language":"FI"}}},{"Localized":0,"ID":796090653,"LocalID":0,"Type":"y_n","Value":"Y","CategoryFeatureId":"48597","CategoryFeatureGroupID":"12861","SortNo":"12","PresentationValue":"Kyllä","RawValue":"Y","LocalValue":"Kyllä","Description":"Instructions","Mandatory":"0","Searchable":"0","Optional":"0","Feature":{"ID":"3981","Sign":"","Measure":{"ID":"26","Sign":"","Signs":{"ID":"","_":"","Language":"FI"}},"Name":{"Value":"Pika-aloitusopas","Language":"FI"}}},{"Localized":0,"ID":796090647,"LocalID":0,"Type":"multi_dropdown","Value":"USB Type-A","CategoryFeatureId":"48600","CategoryFeatureGroupID":"12861","SortNo":"0","PresentationValue":"USB A-tyyppi","RawValue":"USB Type-A","LocalValue":"USB A-tyyppi","Description":"","Mandatory":"0","Searchable":"0","Optional":"0","Feature":{"ID":"1830","Sign":"","Measure":{"ID":"29","Sign":"","Signs":{"ID":"","_":"","Language":"FI"}},"Name":{"Value":"Sisältää johdot","Language":"FI"}}},{"Localized":0,"ID":796090640,"LocalID":0,"Type":"numerical","Value":"1","CategoryFeatureId":"82142","CategoryFeatureGroupID":"12861","SortNo":"-5","PresentationValue":"1","RawValue":"1","LocalValue":"1","Description":"The number of products there are.","Mandatory":"0","Searchable":"0","Optional":"0","Feature":{"ID":"1675","Sign":"","Measure":{"ID":"29","Sign":"","Signs":{"ID":"","_":"","Language":"FI"}},"Name":{"Value":"Määrä","Language":"FI"}}}]},{"ID":17998,"SortNo":"3","FeatureGroup":{"ID":"198","Name":{"Value":"Logistiikkatiedot","Language":"FI"}},"Features":[{"Localized":0,"ID":796090665,"LocalID":0,"Type":"text","Value":"85183000","CategoryFeatureId":"321191","CategoryFeatureGroupID":"17998","SortNo":"10","PresentationValue":"85183000","RawValue":"85183000","LocalValue":"85183000","Description":"","Mandatory":"0","Searchable":"0","Optional":"0","Feature":{"ID":"23731","Sign":"","Measure":{"ID":"29","Sign":"","Signs":{"ID":"","_":"","Language":"FI"}},"Name":{"Value":"Harmonoidun järjestelmän nimikkeistökoodi (HS)","Language":"FI"}}},{"Localized":0,"ID":833380626,"LocalID":0,"Type":"numerical","Value":"260","CategoryFeatureId":"165878","CategoryFeatureGroupID":"17998","SortNo":"-50","PresentationValue":"260 mm","RawValue":"260","LocalValue":"260","Description":"","Mandatory":"0","Searchable":"0","Optional":"0","Feature":{"ID":"4457","Sign":"","Measure":{"ID":"24","Sign":"","Signs":{"ID":"13815","_":"mm","Language":"FI"}},"Name":{"Value":"Tukkupakkauksen leveys","Language":"FI"}}},{"Localized":0,"ID":833380628,"LocalID":0,"Type":"numerical","Value":"100","CategoryFeatureId":"165879","CategoryFeatureGroupID":"17998","SortNo":"-51","PresentationValue":"100 mm","RawValue":"100","LocalValue":"100","Description":"","Mandatory":"0","Searchable":"0","Optional":"0","Feature":{"ID":"22658","Sign":"","Measure":{"ID":"24","Sign":"","Signs":{"ID":"13815","_":"mm","Language":"FI"}},"Name":{"Value":"Tuotepakkauksen pituus","Language":"FI"}}},{"Localized":0,"ID":833380631,"LocalID":0,"Type":"numerical","Value":"470","CategoryFeatureId":"165880","CategoryFeatureGroupID":"17998","SortNo":"-52","PresentationValue":"470 mm","RawValue":"470","LocalValue":"470","Description":"","Mandatory":"0","Searchable":"0","Optional":"0","Feature":{"ID":"4456","Sign":"","Measure":{"ID":"24","Sign":"","Signs":{"ID":"13815","_":"mm","Language":"FI"}},"Name":{"Value":"Tukkupakkauksen korkeus","Language":"FI"}}},{"Localized":0,"ID":833380635,"LocalID":0,"Type":"numerical","Value":"20200","CategoryFeatureId":"165881","CategoryFeatureGroupID":"17998","SortNo":"-53","PresentationValue":"20,2 kg","RawValue":"20200","LocalValue":"20,2","Description":"","Mandatory":"0","Searchable":"0","Optional":"0","Feature":{"ID":"19016","Sign":"","Measure":{"ID":"38","Sign":"","Signs":{"ID":"13826","_":"g","Language":"FI"}},"Name":{"Value":"Tuotepakkauksen paino","Language":"FI"}}},{"Localized":0,"ID":833380638,"LocalID":0,"Type":"numerical","Value":"20","CategoryFeatureId":"165884","CategoryFeatureGroupID":"17998","SortNo":"-55","PresentationValue":"20 kpl","RawValue":"20","LocalValue":"20","Description":"","Mandatory":"0","Searchable":"0","Optional":"0","Feature":{"ID":"22659","Sign":"","Measure":{"ID":"144","Sign":"","Signs":{"ID":"3770","_":"kpl","Language":"FI"}},"Name":{"Value":"Määrä  per tuotepakkaus","Language":"FI"}}},{"Localized":0,"ID":833380642,"LocalID":0,"Type":"numerical","Value":"260","CategoryFeatureId":"216657","CategoryFeatureGroupID":"17998","SortNo":"-60","PresentationValue":"26 cm","RawValue":"260","LocalValue":"26","Description":"","Mandatory":"0","Searchable":"0","Optional":"0","Feature":{"ID":"22660","Sign":"","Measure":{"ID":"24","Sign":"","Signs":{"ID":"13815","_":"mm","Language":"FI"}},"Name":{"Value":"Toimituspakkauksen leveys","Language":"FI"}}},{"Localized":0,"ID":833380644,"LocalID":0,"Type":"numerical","Value":"100","CategoryFeatureId":"216658","CategoryFeatureGroupID":"17998","SortNo":"-61","PresentationValue":"10 cm","RawValue":"100","LocalValue":"10","Description":"","Mandatory":"0","Searchable":"0","Optional":"0","Feature":{"ID":"22661","Sign":"","Measure":{"ID":"24","Sign":"","Signs":{"ID":"13815","_":"mm","Language":"FI"}},"Name":{"Value":"Toimituspakkauksen pituus","Language":"FI"}}},{"Localized":0,"ID":833380646,"LocalID":0,"Type":"numerical","Value":"20","CategoryFeatureId":"194718","CategoryFeatureGroupID":"17998","SortNo":"-67","PresentationValue":"20 kpl","RawValue":"20","LocalValue":"20","Description":"","Mandatory":"0","Searchable":"0","Optional":"0","Feature":{"ID":"22664","Sign":"","Measure":{"ID":"144","Sign":"","Signs":{"ID":"3770","_":"kpl","Language":"FI"}},"Name":{"Value":"Määrä toimituspakkauksessa","Language":"FI"}}}]},{"ID":10775,"SortNo":"0","FeatureGroup":{"ID":"0","Name":{"Value":"Technical details","Language":"EN"}},"Features":[{"Localized":0,"ID":794021382,"LocalID":0,"Type":"numerical","Value":"5","CategoryFeatureId":"921250","CategoryFeatureGroupID":"10775","SortNo":"0","PresentationValue":"5 vuosi/vuosia","RawValue":"5","LocalValue":"5","Description":"","Mandatory":"0","Searchable":"0","Optional":"0","Feature":{"ID":"45898","Sign":"","Measure":{"ID":"75","Sign":"","Signs":{"ID":"13861","_":"vuosi/vuosia","Language":"FI"}},"Name":{"Value":"Takuuaika","Language":"FI"}}}]},{"ID":12862,"SortNo":"0","FeatureGroup":{"ID":"27","Name":{"Value":"Virranhallinta","Language":"FI"}},"Features":[{"Localized":0,"ID":794021385,"LocalID":0,"Type":"y_n","Value":"N","CategoryFeatureId":"974955","CategoryFeatureGroupID":"12862","SortNo":"0","PresentationValue":"Ei","RawValue":"N","LocalValue":"Ei","Description":"","Mandatory":"1","Searchable":"0","Optional":"0","Feature":{"ID":"48505","Sign":"","Measure":{"ID":"26","Sign":"","Signs":{"ID":"","_":"","Language":"FI"}},"Name":{"Value":"USB C-tyypin latausportti","Language":"FI"}}},{"Localized":0,"ID":835242360,"LocalID":0,"Type":"y_n","Value":"N","CategoryFeatureId":"974956","CategoryFeatureGroupID":"12862","SortNo":"0","PresentationValue":"Ei","RawValue":"N","LocalValue":"Ei","Description":"","Mandatory":"0","Searchable":"0","Optional":"0","Feature":{"ID":"34351","Sign":"","Measure":{"ID":"26","Sign":"","Signs":{"ID":"","_":"","Language":"FI"}},"Name":{"Value":"USB Power Delivery","Language":"FI"}}}]}],"FeatureLogos":[{"LogoPic":"https://inishop.com/img/feature_logo/1242-3899.png","Width":"0","Height":"0","Size":"0","ThumbPic":"https://inishop.com/img/feature_logo_thumbs/1242-3899.png","FeatureID":"1230","Value":"N","KeyLogo":0}],"ReasonsToBuy":[],"Reviews":[],"ProductRelated":[],"CatalogObjectCloud":{},"Variants":[],"ProductStory":[],"Dictionary":{"model_name":"Tuotenimi","desc":"Kuvaus","ean_code":"EAN/UPC-koodi","flash360":"3D-esittely","demo_msg_part3":"Jos sinulla ei ole Icecat-k&auml;ytt&auml;j&auml;tili&auml;, ole hyv&auml; ja rekister&ouml;idy maksutta t&auml;&auml;lt&auml;.","repairability_index":"Repairability index","zoom_panel_init":"Alkuper&auml;inen koko","cat_name":"Ryhm&auml;","product_family":"Tuoteperhe","back_to_top":"Takaisin yl&ouml;s","zoom_panel_out":"Loitonna","specs":"Tekniset tiedot","eu_product_fiche":"EU-tuoteseloste","reviews_head_name":"Arvostelut","pdf_specs":"Tuote-esite","zoom_panel_in":"L&auml;henn&auml;","html_content":"","release_date":"Julkaisup&auml;iv&auml;","demo_msg_part1":"K&auml;yt&auml;t t&auml;ll&auml; hetkell&auml; demo-k&auml;ytt&auml;j&auml;tili&auml;. Ole hyv&auml; ja k&auml;yt&auml; omaa Icecat-k&auml;ytt&auml;j&auml;tili&auml;si.","demo_insert_desc":"This is a demo of a seamless insert of an Icecat LIVE product data-sheet in your website. Imagine that this responsive data-sheet is included in the product page of your webshop.","pdf_url":"K&auml;ytt&ouml;opas","prod_code":"Tuotekoodi","supplier_name":"Tuotemerkki","video":"Video","reasons_to_buy":"Syitä ostaa","marketing_text":"Kuvaus","options_head_name":"Vaihtoehdot","product_series":"Tuotesarja","demo_msg_part2":"Icecat k&auml;ytt&auml;j&auml;tunnuksesi","link_integrate_desk":"Kuinka integroida Icecat LIVE JavaScript.","zoom_panel_dragg":"Hiirell&auml; vet&auml;minen","eu_energy_label":"EU-energiamerkintä"},"DemoAccount":false}}