{"msg":"OK","data":{"GeneralInfo":{"IcecatId":132200713,"ReleaseDate":"","EndOfLifeDate":"","Title":"Deltaco Gaming Headset for XBOX Series X / S, 2m cable, 40mm element, black","TitleInfo":{"GeneratedIntTitle":"Deltaco Gaming GAM-128 headphones/headset","GeneratedLocalTitle":{"Value":"Deltaco Gaming GAM-128 kuulokkeet ja kuulokemikrofoni Langallinen Pääpanta Pelaaminen musta, Vihreä","Language":"FI"},"BrandLocalTitle":{"Value":"Deltaco Gaming Headset for XBOX Series X / S, 2m cable, 40mm element, black","Language":"FI"}},"Brand":"Deltaco Gaming","BrandID":"41177","BrandLogo":"","BrandInfo":{"BrandName":"Deltaco Gaming","BrandLocalName":"","BrandLogo":""},"ProductName":"Headset for XBOX Series X / S, 2m cable, 40mm element, black","ProductNameInfo":{"ProductIntName":"GAM-128","ProductLocalName":{"Value":"Headset for XBOX Series X / S, 2m cable, 40mm element, black","Language":"FI"}},"BrandPartCode":"GAM-128","GTIN":["7333048051417"],"Category":{"CategoryID":"1637","Name":{"Value":"Kuulokkeet ja kuulokemikrofonit","Language":"FI"}},"ProductFamily":{},"ProductSeries":{"SeriesID":"1"},"Description":{"ID":"100472685","LongDesc":"Pelikuulokkeet, jotka on suunniteltu erityisesti Xbox Series X:lle/S:lle. Hanki vaikuttava äänimaisema, joka vie konsolipelaaminen aivan uudelle tasolle. Saat havaittua viholliset kaukaa käsin ja nautittua luonnollisen kuuloisesta taustamusiikista.","LongProductName":"Kuulokemikrofoni Xbox Series X/S, 3,5mm, 40mm, musta","MiddleDesc":"","Disclaimer":"","ManualPDFURL":"","ManualPDFSize":"0","LeafletPDFURL":"https://inishop.com/objects/mmo_132200713_1748949323_7094_1419513.pdf","PDFSize":"100313","URL":"https://www.aurdel.com/no/en/GAM-128","WarrantyInfo":"5years","Updated":"2025-09-10 18:36:35","Language":"FI"},"SummaryDescription":{"ShortSummaryDescription":"Deltaco Gaming Headset for XBOX Series X / S, 2m cable, 40mm element, black, Langallinen, Pelaaminen, 20 - 20000 Hz, 300 g, Kuulokkeet, musta, Vihreä","LongSummaryDescription":"Deltaco Gaming Headset for XBOX Series X / S, 2m cable, 40mm element, black. Tuotetyyppi: Kuulokkeet. Yhteysteknologia: Langallinen. Suositeltu käyttö: Pelaaminen. Kuulokkeiden taajuus: 20 - 20000 Hz. Johdon pituus: 2 m. Paino: 300 g. Tuotteen väri: musta, Vihreä"},"BulletPoints":{"BulletPointsId":"11904375","Language":"FI","Values":["Säädettävä sanka, taipuisa mikrofoni","Äänenvoimakkuuden säädin","Elementtien koko: 40 mm","Liitäntä: 1 x 3,5 mm","Kaapeli: 2 m, kangaspäällysteinen","Taajuusvaste: 20 Hz - 20 kHz","Kuulokeosan herkkyys: 120 dB ±3 dB","Mikrofonin herkkyys: -38 dB ±3 dB","Kuulokeosan impedanssi: 32 Ω","Yhteensopivuus: Xbox One, Xbox Series X/S"],"Updated":"2025-06-03 12:51:47"},"GeneratedBulletPoints":{"Language":"FI","Values":["musta, Vihreä Pelaaminen Pääpanta Kuulokkeet","Langallinen 3,5 mm liitin","20 - 20000 Hz 32 Ω 120 dB","Mikrofonityyppi: Puomi -38 dB"]},"GTINs":[{"GTIN":"7333048051417","IsApproved":true}]},"Image":{"HighPic":"https://inishop.com/img/gallery/d3cbc4752cdfb0e3b314c58ead8ee9fc6218648b.jpg","HighPicSize":"1885899","HighPicHeight":"3289","HighPicWidth":"2451","LowPic":"https://inishop.com/img/gallery_lows/c4ea1b268edb36f5af99ea7a53b16d933b965d3d.jpg","LowPicSize":"17334","LowPicHeight":"200","LowPicWidth":"149","Pic500x500":"https://inishop.com/img/gallery_mediums/2dae5cb9d92846a6d4386599f54ae8ec642c673f.jpg","Pic500x500Size":"70329","Pic500x500Height":"500","Pic500x500Width":"373","ThumbPic":"https://inishop.com/img/gallery_thumbs/cb8bacd5f31a2e0fff61bc429d1e066573804c2a.jpg","ThumbPicSize":"4658"},"Multimedia":[{"ID":"6B937258-8FA2-4998-A9E1-8F07E2D064C8","URL":"https://inishop.com/objects/mmo_132200713_1748949323_7094_1419513.pdf","Type":"leaflet","ContentType":"application/pdf","KeepAsUrl":"0","Description":"Tuote-esite","Size":"100313","IsPrivate":"0","Updated":"2025-06-03 13:15:23","Language":"FI","IsVideo":0}],"Gallery":[{"ID":"106966575","LowPic":"https://inishop.com/img/gallery_lows/c4ea1b268edb36f5af99ea7a53b16d933b965d3d.jpg","LowSize":"17334","LowHeight":"200","LowWidth":"149","ThumbPic":"https://inishop.com/img/gallery_thumbs/cb8bacd5f31a2e0fff61bc429d1e066573804c2a.jpg","ThumbPicSize":"4658","Pic":"https://inishop.com/img/gallery/d3cbc4752cdfb0e3b314c58ead8ee9fc6218648b.jpg","Size":"1885899","PicHeight":"3289","PicWidth":"2451","Pic500x500":"https://inishop.com/img/gallery_mediums/2dae5cb9d92846a6d4386599f54ae8ec642c673f.jpg","Pic500x500Size":"70329","Pic500x500Height":"500","Pic500x500Width":"373","No":"1","IsMain":"Y","Updated":"2025-06-03 12:52:31","IsPrivate":"0","Type":"ProductImage","Attributes":{"OriginalFileName":""}},{"ID":"108598745","LowPic":"https://inishop.com/img/gallery_lows/681fbeea977393428c8853b6e11422d2c12f1ed9.jpg","LowSize":"16201","LowHeight":"200","LowWidth":"139","ThumbPic":"https://inishop.com/img/gallery_thumbs/3a83d694ce700e73e31547707f3092a1fa570286.jpg","ThumbPicSize":"4453","Pic":"https://inishop.com/img/gallery/7831f0647aa02f86860c0f37df0fae11568e69de.jpg","Size":"1274542","PicHeight":"3433","PicWidth":"2378","Pic500x500":"https://inishop.com/img/gallery_mediums/93390e5b7a3f1e92b67805fb12f3807f9c171d6f.jpg","Pic500x500Size":"63569","Pic500x500Height":"500","Pic500x500Width":"346","No":"2","IsMain":"N","Updated":"2025-06-20 12:38:06","IsPrivate":"0","Type":"ProductImage","Attributes":{"OriginalFileName":""}},{"ID":"108598746","LowPic":"https://inishop.com/img/gallery_lows/ae76b85945ebf68400afacbded2a2c68e198fc49.jpg","LowSize":"15775","LowHeight":"133","LowWidth":"200","ThumbPic":"https://inishop.com/img/gallery_thumbs/24f47caeac75a05e8529d486ee8c10585b58c075.jpg","ThumbPicSize":"4421","Pic":"https://inishop.com/img/gallery/f178639fe3f81816fb9f9c91f0589d41a6aa70ca.jpg","Size":"3589774","PicHeight":"3648","PicWidth":"5472","Pic500x500":"https://inishop.com/img/gallery_mediums/52e6f6fa51c47bafcfdcef393d761c289c04cde7.jpg","Pic500x500Size":"66945","Pic500x500Height":"333","Pic500x500Width":"500","No":"3","IsMain":"N","Updated":"2025-06-20 12:38:15","IsPrivate":"0","Type":"ProductDetailImage","Attributes":{"OriginalFileName":""}},{"ID":"108598747","LowPic":"https://inishop.com/img/gallery_lows/417a02654bd530b2aee596f34ed6202baed49f7b.jpg","LowSize":"17575","LowHeight":"185","LowWidth":"200","ThumbPic":"https://inishop.com/img/gallery_thumbs/bdd7a49603b6f14ae2416cfedf14e0582c33f26e.jpg","ThumbPicSize":"4557","Pic":"https://inishop.com/img/gallery/eb90e3884b9f11b9ba7708dbda04fdf446fee9d9.jpg","Size":"1412707","PicHeight":"2737","PicWidth":"2956","Pic500x500":"https://inishop.com/img/gallery_mediums/59e8c0a3d358646957f4e9914304022315c88f0f.jpg","Pic500x500Size":"76321","Pic500x500Height":"463","Pic500x500Width":"500","No":"4","IsMain":"N","Updated":"2025-06-20 12:38:18","IsPrivate":"0","Type":"ProductImage","Attributes":{"OriginalFileName":""}},{"ID":"108598748","LowPic":"https://inishop.com/img/gallery_lows/339d7d1b300699f2c69ecc9fbf194523a1cee719.jpg","LowSize":"16034","LowHeight":"183","LowWidth":"200","ThumbPic":"https://inishop.com/img/gallery_thumbs/dea7b7d717b5e08116251c9b044490956d285819.jpg","ThumbPicSize":"3942","Pic":"https://inishop.com/img/gallery/41f232745eed5cfc0ced2c84b8f9fae69d606e57.jpg","Size":"1889400","PicHeight":"3405","PicWidth":"3721","Pic500x500":"https://inishop.com/img/gallery_mediums/9bb013f3cf84752ddb3fc90d49852f230a7b9697.jpg","Pic500x500Size":"74768","Pic500x500Height":"458","Pic500x500Width":"500","No":"5","IsMain":"N","Updated":"2025-06-20 12:38:24","IsPrivate":"0","Type":"ProductDetailImage","Attributes":{"OriginalFileName":""}},{"ID":"108598749","LowPic":"https://inishop.com/img/gallery_lows/92f9b69cc46579823abfbdcf8e772c97f27b5ade.jpg","LowSize":"8167","LowHeight":"200","LowWidth":"114","ThumbPic":"https://inishop.com/img/gallery_thumbs/72b6c5fbfccb963c54b2148eb3916db204cbd9ba.jpg","ThumbPicSize":"2202","Pic":"https://inishop.com/img/gallery/041fc056f5dc8e49d37fd59ba3f65296f385f258.jpg","Size":"1528882","PicHeight":"4602","PicWidth":"2633","Pic500x500":"https://inishop.com/img/gallery_mediums/bc89fa3ca579c9b813e2a21c01ccc45810f96859.jpg","Pic500x500Size":"34370","Pic500x500Height":"500","Pic500x500Width":"286","No":"6","IsMain":"N","Updated":"2025-06-20 12:38:30","IsPrivate":"0","Type":"ProductImage","Attributes":{"OriginalFileName":""}},{"ID":"108598753","LowPic":"https://inishop.com/img/gallery_lows/8978e070e895f50ca1d7ea7483023d0e137feaaf.jpg","LowSize":"42492","LowHeight":"200","LowWidth":"161","ThumbPic":"https://inishop.com/img/gallery_thumbs/6d809eac15d688b79216c7acd81ee45b3cc0a8aa.jpg","ThumbPicSize":"8465","Pic":"https://inishop.com/img/gallery/43534a03f9910cc7c3bba46ef20aed0368344d65.jpg","Size":"3543957","PicHeight":"2902","PicWidth":"2329","Pic500x500":"https://inishop.com/img/gallery_mediums/c05977e2322152f640313325ff47d05600236abe.jpg","Pic500x500Size":"199049","Pic500x500Height":"500","Pic500x500Width":"401","No":"7","IsMain":"N","Updated":"2025-06-20 12:38:46","IsPrivate":"0","Type":"ProductPackagingImage","Attributes":{"OriginalFileName":""}}],"FeaturesGroups":[{"ID":10774,"SortNo":"60","FeatureGroup":{"ID":"184","Name":{"Value":"Suorituskyky","Language":"FI"}},"Features":[{"Localized":0,"ID":793458285,"LocalID":0,"Type":"dropdown","Value":"Headset","CategoryFeatureId":"320952","CategoryFeatureGroupID":"10774","SortNo":"300","PresentationValue":"Kuulokkeet","RawValue":"Headset","LocalValue":"Kuulokkeet","Description":"The sub-category of the product.","Mandatory":"1","Searchable":"1","Optional":"0","Feature":{"ID":"14052","Sign":"","Measure":{"ID":"29","Sign":"","Signs":{"ID":"","_":"","Language":"FI"}},"Name":{"Value":"Tuotetyyppi","Language":"FI"}}},{"Localized":0,"ID":793458371,"LocalID":0,"Type":"dropdown","Value":"Head-band","CategoryFeatureId":"48583","CategoryFeatureGroupID":"10774","SortNo":"294","PresentationValue":"Pääpanta","RawValue":"Head-band","LocalValue":"Pääpanta","Description":"The way in which the device is worn.","Mandatory":"1","Searchable":"1","Optional":"0","Feature":{"ID":"8136","Sign":"","Measure":{"ID":"29","Sign":"","Signs":{"ID":"","_":"","Language":"FI"}},"Name":{"Value":"Käyttötapa","Language":"FI"}}},{"Localized":0,"ID":793458394,"LocalID":0,"Type":"dropdown","Value":"Gaming","CategoryFeatureId":"320937","CategoryFeatureGroupID":"10774","SortNo":"291","PresentationValue":"Pelaaminen","RawValue":"Gaming","LocalValue":"Pelaaminen","Description":"What the product should be used for","Mandatory":"1","Searchable":"1","Optional":"0","Feature":{"ID":"8480","Sign":"","Measure":{"ID":"29","Sign":"","Signs":{"ID":"","_":"","Language":"FI"}},"Name":{"Value":"Suositeltu käyttö","Language":"FI"}}},{"Localized":0,"ID":793458406,"LocalID":0,"Type":"dropdown","Value":"Consumer","CategoryFeatureId":"1084325","CategoryFeatureGroupID":"10774","SortNo":"290","PresentationValue":"Kuluttaja","RawValue":"Consumer","LocalValue":"Kuluttaja","Description":"","Mandatory":"0","Searchable":"0","Optional":"0","Feature":{"ID":"21801","Sign":"","Measure":{"ID":"29","Sign":"","Signs":{"ID":"","_":"","Language":"FI"}},"Name":{"Value":"Markkinasegmentti","Language":"FI"}}},{"Localized":0,"ID":796099430,"LocalID":0,"Type":"dropdown","Value":"Binaural","CategoryFeatureId":"48578","CategoryFeatureGroupID":"10774","SortNo":"288","PresentationValue":"Kaksikanavainen","RawValue":"Binaural","LocalValue":"Kaksikanavainen","Description":"A headset is headphones combined with a microphone","Mandatory":"0","Searchable":"0","Optional":"0","Feature":{"ID":"8135","Sign":"","Measure":{"ID":"29","Sign":"","Signs":{"ID":"","_":"","Language":"FI"}},"Name":{"Value":"Kuulokkeiden tyyppi","Language":"FI"}}},{"Localized":0,"ID":793458596,"LocalID":0,"Type":"multi_dropdown","Value":"Black,Green","CategoryFeatureId":"41175","CategoryFeatureGroupID":"10774","SortNo":"280","PresentationValue":"musta, Vihreä","RawValue":"Black,Green","LocalValue":"musta, Vihreä","Description":"The colour e.g. red","Mandatory":"1","Searchable":"0","Optional":"0","Feature":{"ID":"1766","Sign":"","Measure":{"ID":"29","Sign":"","Signs":{"ID":"","_":"","Language":"FI"}},"Name":{"Value":"Tuotteen väri","Language":"FI"}}},{"Localized":0,"ID":793458693,"LocalID":0,"Type":"dropdown","Value":"Rotary","CategoryFeatureId":"43294","CategoryFeatureGroupID":"10774","SortNo":"276","PresentationValue":"Rotaatio","RawValue":"Rotary","LocalValue":"Rotaatio","Description":"","Mandatory":"0","Searchable":"0","Optional":"0","Feature":{"ID":"2587","Sign":"","Measure":{"ID":"29","Sign":"","Signs":{"ID":"","_":"","Language":"FI"}},"Name":{"Value":"Äänenvoimakkuuden säätö","Language":"FI"}}},{"Localized":0,"ID":793458705,"LocalID":0,"Type":"numerical","Value":"2","CategoryFeatureId":"42582","CategoryFeatureGroupID":"10774","SortNo":"270","PresentationValue":"2 m","RawValue":"2","LocalValue":"2","Description":"How long the cable is.","Mandatory":"0","Searchable":"0","Optional":"0","Feature":{"ID":"1266","Sign":"","Measure":{"ID":"54","Sign":"","Signs":{"ID":"13841","_":"m","Language":"FI"}},"Name":{"Value":"Johdon pituus","Language":"FI"}}},{"Localized":0,"ID":793458971,"LocalID":0,"Type":"dropdown","Value":"Black","CategoryFeatureId":"238759","CategoryFeatureGroupID":"10774","SortNo":"269","PresentationValue":"musta","RawValue":"Black","LocalValue":"musta","Description":"Colour of the cable e.g. white","Mandatory":"0","Searchable":"0","Optional":"0","Feature":{"ID":"1272","Sign":"","Measure":{"ID":"29","Sign":"","Signs":{"ID":"","_":"","Language":"FI"}},"Name":{"Value":"Kaapelin väri","Language":"FI"}}},{"Localized":0,"ID":793459038,"LocalID":0,"Type":"y_n","Value":"Y","CategoryFeatureId":"807729","CategoryFeatureGroupID":"10774","SortNo":"0","PresentationValue":"Kyllä","RawValue":"Y","LocalValue":"Kyllä","Description":"","Mandatory":"0","Searchable":"0","Optional":"0","Feature":{"ID":"28818","Sign":"","Measure":{"ID":"26","Sign":"","Signs":{"ID":"","_":"","Language":"FI"}},"Name":{"Value":"Säädettävä otsanauha","Language":"FI"}}},{"Localized":0,"ID":793459954,"LocalID":0,"Type":"multi_dropdown","Value":"China","CategoryFeatureId":"114127","CategoryFeatureGroupID":"10774","SortNo":"-51","PresentationValue":"Kiina","RawValue":"China","LocalValue":"Kiina","Description":"Country where the device is made. Aka Country of manufacture (COM).","Mandatory":"0","Searchable":"0","Optional":"0","Feature":{"ID":"3294","Sign":"","Measure":{"ID":"29","Sign":"","Signs":{"ID":"","_":"","Language":"FI"}},"Name":{"Value":"Alkuperämaa","Language":"FI"}}}]},{"ID":6264,"SortNo":"40","FeatureGroup":{"ID":"12","Name":{"Value":"Liitettävyys","Language":"FI"}},"Features":[{"Localized":0,"ID":793459121,"LocalID":0,"Type":"dropdown","Value":"Wired","CategoryFeatureId":"155712","CategoryFeatureGroupID":"6264","SortNo":"298","PresentationValue":"Langallinen","RawValue":"Wired","LocalValue":"Langallinen","Description":"The technology that enables connectivity of the device, e.g. wired or wireless.","Mandatory":"1","Searchable":"1","Optional":"0","Feature":{"ID":"1655","Sign":"","Measure":{"ID":"29","Sign":"","Signs":{"ID":"","_":"","Language":"FI"}},"Name":{"Value":"Yhteysteknologia","Language":"FI"}}},{"Localized":0,"ID":793459129,"LocalID":0,"Type":"y_n","Value":"Y","CategoryFeatureId":"199409","CategoryFeatureGroupID":"6264","SortNo":"290","PresentationValue":"Kyllä","RawValue":"Y","LocalValue":"Kyllä","Description":"","Mandatory":"0","Searchable":"0","Optional":"0","Feature":{"ID":"14760","Sign":"","Measure":{"ID":"26","Sign":"","Signs":{"ID":"","_":"","Language":"FI"}},"Name":{"Value":"3,5 mm liitin","Language":"FI"}}},{"Localized":0,"ID":796099432,"LocalID":0,"Type":"range","Value":"20 - 20000","CategoryFeatureId":"801347","CategoryFeatureGroupID":"6264","SortNo":"8","PresentationValue":"20 - 20000 Hz","RawValue":"20 - 20000","LocalValue":"20 - 20000","Description":"","Mandatory":"0","Searchable":"0","Optional":"0","Feature":{"ID":"44083","Sign":"","Measure":{"ID":"36","Sign":"","Signs":{"ID":"13824","_":"Hz","Language":"FI"}},"Name":{"Value":"Taajuusvaste (musiikkitila)","Language":"FI"}}}]},{"ID":5109,"SortNo":"30","FeatureGroup":{"ID":"71","Name":{"Value":"Kuulokkeet","Language":"FI"}},"Features":[{"Localized":0,"ID":793459156,"LocalID":0,"Type":"range","Value":"20 - 20000","CategoryFeatureId":"41166","CategoryFeatureGroupID":"5109","SortNo":"47","PresentationValue":"20 - 20000 Hz","RawValue":"20 - 20000","LocalValue":"20 - 20000","Description":"The range of frequencies (low to high sounds) that the headphones can produce.","Mandatory":"0","Searchable":"0","Optional":"0","Feature":{"ID":"1887","Sign":"","Measure":{"ID":"36","Sign":"","Signs":{"ID":"13824","_":"Hz","Language":"FI"}},"Name":{"Value":"Kuulokkeiden taajuus","Language":"FI"}}},{"Localized":0,"ID":793459161,"LocalID":0,"Type":"numerical","Value":"32","CategoryFeatureId":"41163","CategoryFeatureGroupID":"5109","SortNo":"43","PresentationValue":"32 Ω","RawValue":"32","LocalValue":"32","Description":"The effective resistance of an electric circuit or component to alternating current","Mandatory":"0","Searchable":"0","Optional":"0","Feature":{"ID":"1889","Sign":"","Measure":{"ID":"87","Sign":"","Signs":{"ID":"22464","_":"Ω","Language":"FI"}},"Name":{"Value":"Impedanssi","Language":"FI"}}},{"Localized":0,"ID":793459199,"LocalID":0,"Type":"numerical","Value":"120","CategoryFeatureId":"41165","CategoryFeatureGroupID":"5109","SortNo":"40","PresentationValue":"120 dB","RawValue":"120","LocalValue":"120","Description":"","Mandatory":"0","Searchable":"0","Optional":"0","Feature":{"ID":"1888","Sign":"","Measure":{"ID":"76","Sign":"","Signs":{"ID":"13862","_":"dB","Language":"FI"}},"Name":{"Value":"Kuulokkeiden herkkyys","Language":"FI"}}},{"Localized":0,"ID":793459265,"LocalID":0,"Type":"numerical","Value":"40","CategoryFeatureId":"41164","CategoryFeatureGroupID":"5109","SortNo":"30","PresentationValue":"4 cm","RawValue":"40","LocalValue":"4","Description":"","Mandatory":"0","Searchable":"0","Optional":"0","Feature":{"ID":"2379","Sign":"","Measure":{"ID":"24","Sign":"","Signs":{"ID":"13815","_":"mm","Language":"FI"}},"Name":{"Value":"Ajuriyksikkö","Language":"FI"}}}]},{"ID":5110,"SortNo":"28","FeatureGroup":{"ID":"70","Name":{"Value":"Mikrofoni","Language":"FI"}},"Features":[{"Localized":0,"ID":793459283,"LocalID":0,"Type":"dropdown","Value":"Boom microphone","CategoryFeatureId":"320987","CategoryFeatureGroupID":"5110","SortNo":"297","PresentationValue":"Puomi","RawValue":"Boom microphone","LocalValue":"Puomi","Description":"The characteristics of the microphone bulit into the device in terms of the reception of signals from all or just one direction, i.e. omnidirectional (better for concerts and the like vs unidirectional, more suitable for voice recording.","Mandatory":"1","Searchable":"1","Optional":"0","Feature":{"ID":"15803","Sign":"","Measure":{"ID":"29","Sign":"","Signs":{"ID":"","_":"","Language":"FI"}},"Name":{"Value":"Mikrofonityyppi","Language":"FI"}}},{"Localized":0,"ID":793459311,"LocalID":0,"Type":"numerical","Value":"-38","CategoryFeatureId":"41168","CategoryFeatureGroupID":"5110","SortNo":"15","PresentationValue":"-38 dB","RawValue":"-38","LocalValue":"-38","Description":"","Mandatory":"0","Searchable":"0","Optional":"0","Feature":{"ID":"1891","Sign":"","Measure":{"ID":"76","Sign":"","Signs":{"ID":"13862","_":"dB","Language":"FI"}},"Name":{"Value":"Mikrofonin herkkyys","Language":"FI"}}}]},{"ID":5112,"SortNo":"8","FeatureGroup":{"ID":"14","Name":{"Value":"Paino ja mitat","Language":"FI"}},"Features":[{"Localized":0,"ID":793459658,"LocalID":0,"Type":"numerical","Value":"300","CategoryFeatureId":"41172","CategoryFeatureGroupID":"5112","SortNo":"47","PresentationValue":"300 g","RawValue":"300","LocalValue":"300","Description":"Tuotteen paino ilman pakkausta (Nettopaino). Jos mahdollista, nettopaino ilmaistaan vakiovarusteineet ja tarvikkeet mukaan laskettuna. Huomaa, että joskus valmistaja antaa kaupallisen tulkinnan tuotteen painosta, jättämällä pois  lisävarusteiden ja / tai tarvikkeiden painon.","Mandatory":"0","Searchable":"0","Optional":"0","Feature":{"ID":"94","Sign":"","Measure":{"ID":"38","Sign":"","Signs":{"ID":"13826","_":"g","Language":"FI"}},"Name":{"Value":"Paino","Language":"FI"}}}]},{"ID":5225,"SortNo":"7","FeatureGroup":{"ID":"67","Name":{"Value":"Pakkaustiedot","Language":"FI"}},"Features":[{"Localized":0,"ID":793459795,"LocalID":0,"Type":"dropdown","Value":"Hanging box","CategoryFeatureId":"43280","CategoryFeatureGroupID":"5225","SortNo":"-50","PresentationValue":"Ripustettava laatikko","RawValue":"Hanging box","LocalValue":"Ripustettava laatikko","Description":"The type of product package e.g. box.","Mandatory":"0","Searchable":"0","Optional":"0","Feature":{"ID":"4463","Sign":"","Measure":{"ID":"29","Sign":"","Signs":{"ID":"","_":"","Language":"FI"}},"Name":{"Value":"Pakkaustyyppi","Language":"FI"}}}]},{"ID":12861,"SortNo":"6","FeatureGroup":{"ID":"116","Name":{"Value":"Pakkauksen sisältö","Language":"FI"}},"Features":[{"Localized":0,"ID":793459890,"LocalID":0,"Type":"y_n","Value":"N","CategoryFeatureId":"255783","CategoryFeatureGroupID":"12861","SortNo":"15","PresentationValue":"Ei","RawValue":"N","LocalValue":"Ei","Description":"","Mandatory":"1","Searchable":"0","Optional":"0","Feature":{"ID":"1230","Sign":"","Measure":{"ID":"26","Sign":"","Signs":{"ID":"","_":"","Language":"FI"}},"Name":{"Value":"Virtalähde mukana","Language":"FI"}}},{"Localized":0,"ID":796099429,"LocalID":0,"Type":"numerical","Value":"40","CategoryFeatureId":"82142","CategoryFeatureGroupID":"12861","SortNo":"-5","PresentationValue":"40","RawValue":"40","LocalValue":"40","Description":"The number of products there are.","Mandatory":"0","Searchable":"0","Optional":"0","Feature":{"ID":"1675","Sign":"","Measure":{"ID":"29","Sign":"","Signs":{"ID":"","_":"","Language":"FI"}},"Name":{"Value":"Määrä","Language":"FI"}}}]},{"ID":17998,"SortNo":"3","FeatureGroup":{"ID":"198","Name":{"Value":"Logistiikkatiedot","Language":"FI"}},"Features":[{"Localized":0,"ID":796099431,"LocalID":0,"Type":"text","Value":"85183000","CategoryFeatureId":"321191","CategoryFeatureGroupID":"17998","SortNo":"10","PresentationValue":"85183000","RawValue":"85183000","LocalValue":"85183000","Description":"","Mandatory":"0","Searchable":"0","Optional":"0","Feature":{"ID":"23731","Sign":"","Measure":{"ID":"29","Sign":"","Signs":{"ID":"","_":"","Language":"FI"}},"Name":{"Value":"Harmonoidun järjestelmän nimikkeistökoodi (HS)","Language":"FI"}}}]},{"ID":10775,"SortNo":"0","FeatureGroup":{"ID":"0","Name":{"Value":"Technical details","Language":"EN"}},"Features":[{"Localized":0,"ID":793459918,"LocalID":0,"Type":"numerical","Value":"5","CategoryFeatureId":"921250","CategoryFeatureGroupID":"10775","SortNo":"0","PresentationValue":"5 vuosi/vuosia","RawValue":"5","LocalValue":"5","Description":"","Mandatory":"0","Searchable":"0","Optional":"0","Feature":{"ID":"45898","Sign":"","Measure":{"ID":"75","Sign":"","Signs":{"ID":"13861","_":"vuosi/vuosia","Language":"FI"}},"Name":{"Value":"Takuuaika","Language":"FI"}}}]},{"ID":12862,"SortNo":"0","FeatureGroup":{"ID":"27","Name":{"Value":"Virranhallinta","Language":"FI"}},"Features":[{"Localized":0,"ID":793459958,"LocalID":0,"Type":"y_n","Value":"N","CategoryFeatureId":"974955","CategoryFeatureGroupID":"12862","SortNo":"0","PresentationValue":"Ei","RawValue":"N","LocalValue":"Ei","Description":"","Mandatory":"1","Searchable":"0","Optional":"0","Feature":{"ID":"48505","Sign":"","Measure":{"ID":"26","Sign":"","Signs":{"ID":"","_":"","Language":"FI"}},"Name":{"Value":"USB C-tyypin latausportti","Language":"FI"}}},{"Localized":0,"ID":835239060,"LocalID":0,"Type":"y_n","Value":"N","CategoryFeatureId":"974956","CategoryFeatureGroupID":"12862","SortNo":"0","PresentationValue":"Ei","RawValue":"N","LocalValue":"Ei","Description":"","Mandatory":"0","Searchable":"0","Optional":"0","Feature":{"ID":"34351","Sign":"","Measure":{"ID":"26","Sign":"","Signs":{"ID":"","_":"","Language":"FI"}},"Name":{"Value":"USB Power Delivery","Language":"FI"}}}]}],"FeatureLogos":[{"LogoPic":"https://inishop.com/img/feature_logo/1242-3899.png","Width":"0","Height":"0","Size":"0","ThumbPic":"https://inishop.com/img/feature_logo_thumbs/1242-3899.png","FeatureID":"1230","Value":"N","KeyLogo":0}],"ReasonsToBuy":[],"Reviews":[],"ProductRelated":[],"CatalogObjectCloud":{},"Variants":[],"ProductStory":[],"Dictionary":{"model_name":"Tuotenimi","desc":"Kuvaus","ean_code":"EAN/UPC-koodi","flash360":"3D-esittely","demo_msg_part3":"Jos sinulla ei ole Icecat-k&auml;ytt&auml;j&auml;tili&auml;, ole hyv&auml; ja rekister&ouml;idy maksutta t&auml;&auml;lt&auml;.","repairability_index":"Repairability index","zoom_panel_init":"Alkuper&auml;inen koko","cat_name":"Ryhm&auml;","product_family":"Tuoteperhe","back_to_top":"Takaisin yl&ouml;s","zoom_panel_out":"Loitonna","specs":"Tekniset tiedot","eu_product_fiche":"EU-tuoteseloste","reviews_head_name":"Arvostelut","pdf_specs":"Tuote-esite","zoom_panel_in":"L&auml;henn&auml;","html_content":"","release_date":"Julkaisup&auml;iv&auml;","demo_msg_part1":"K&auml;yt&auml;t t&auml;ll&auml; hetkell&auml; demo-k&auml;ytt&auml;j&auml;tili&auml;. Ole hyv&auml; ja k&auml;yt&auml; omaa Icecat-k&auml;ytt&auml;j&auml;tili&auml;si.","demo_insert_desc":"This is a demo of a seamless insert of an Icecat LIVE product data-sheet in your website. Imagine that this responsive data-sheet is included in the product page of your webshop.","pdf_url":"K&auml;ytt&ouml;opas","prod_code":"Tuotekoodi","supplier_name":"Tuotemerkki","video":"Video","reasons_to_buy":"Syitä ostaa","marketing_text":"Kuvaus","options_head_name":"Vaihtoehdot","product_series":"Tuotesarja","demo_msg_part2":"Icecat k&auml;ytt&auml;j&auml;tunnuksesi","link_integrate_desk":"Kuinka integroida Icecat LIVE JavaScript.","zoom_panel_dragg":"Hiirell&auml; vet&auml;minen","eu_energy_label":"EU-energiamerkintä"},"DemoAccount":false}}