{"msg":"OK","data":{"GeneralInfo":{"IcecatId":134704422,"ReleaseDate":"","EndOfLifeDate":"","Title":"Geek Bar Elite 1000 sähkötupakka 1000 puffs Punainen","TitleInfo":{"GeneratedIntTitle":"Geek Bar Elite 1000 electronic cigarette","GeneratedLocalTitle":{"Value":"Geek Bar Elite 1000 sähkötupakka 1000 puffs Punainen","Language":"FI"},"BrandLocalTitle":{"Value":"","Language":"FI"}},"Brand":"Geek Bar","BrandID":"43651","BrandLogo":"","BrandInfo":{"BrandName":"Geek Bar","BrandLocalName":"","BrandLogo":""},"ProductName":"Elite 1000","ProductNameInfo":{"ProductIntName":"Elite 1000","ProductLocalName":{"Value":"","Language":"FI"}},"BrandPartCode":"GEEK BAR ELITE 1000 COLA ICE","GTIN":[],"Category":{"CategoryID":"2401","Name":{"Value":"Sähkötupakat","Language":"FI"}},"ProductFamily":{},"ProductSeries":{"SeriesID":"1"},"Description":{},"SummaryDescription":{"ShortSummaryDescription":"Geek Bar Elite 1000, 1000 puffs, Punainen","LongSummaryDescription":"Geek Bar Elite 1000. Kapasiteetti: 1000 puffs. Tuotteen väri: Punainen"},"BulletPoints":{},"GeneratedBulletPoints":{},"GTINs":[]},"Image":{"HighPic":"https://inishop.com/img/gallery/8fdbde2a7ff7b0ab18e5e933dcecacfd51befa8e.jpg","HighPicSize":"73464","HighPicHeight":"710","HighPicWidth":"200","LowPic":"https://inishop.com/img/gallery_lows/9993a11fe42da0a80850116a16b333b598be9961.jpg","LowPicSize":"8484","LowPicHeight":"200","LowPicWidth":"56","Pic500x500":"https://inishop.com/img/gallery_mediums/583dae2aedd4a729b573898d232dcca1fd22698a.jpg","Pic500x500Size":"40413","Pic500x500Height":"500","Pic500x500Width":"141","ThumbPic":"https://inishop.com/img/gallery_thumbs/04487196e541139bf18c10ab37bdefa5bc170649.jpg","ThumbPicSize":"2418"},"Multimedia":[],"Gallery":[{"ID":"117112897","LowPic":"https://inishop.com/img/gallery_lows/9993a11fe42da0a80850116a16b333b598be9961.jpg","LowSize":"8484","LowHeight":"200","LowWidth":"56","ThumbPic":"https://inishop.com/img/gallery_thumbs/04487196e541139bf18c10ab37bdefa5bc170649.jpg","ThumbPicSize":"2418","Pic":"https://inishop.com/img/gallery/8fdbde2a7ff7b0ab18e5e933dcecacfd51befa8e.jpg","Size":"73464","PicHeight":"710","PicWidth":"200","Pic500x500":"https://inishop.com/img/gallery_mediums/583dae2aedd4a729b573898d232dcca1fd22698a.jpg","Pic500x500Size":"40413","Pic500x500Height":"500","Pic500x500Width":"141","No":"1","IsMain":"Y","Updated":"2025-09-09 14:16:44","IsPrivate":"0","Type":"ProductImage","Attributes":{"OriginalFileName":""}}],"FeaturesGroups":[{"ID":70844,"SortNo":"12","FeatureGroup":{"ID":"185","Name":{"Value":"Ominaisuudet","Language":"FI"}},"Features":[{"Localized":0,"ID":835285005,"LocalID":0,"Type":"numerical","Value":"1000","CategoryFeatureId":"68837","CategoryFeatureGroupID":"70844","SortNo":"1000","PresentationValue":"1000 puffs","RawValue":"1000","LocalValue":"1000","Description":"","Mandatory":"0","Searchable":"0","Optional":"0","Feature":{"ID":"10872","Sign":"","Measure":{"ID":"232","Sign":"","Signs":{"ID":"14006","_":"puffs","Language":"FI"}},"Name":{"Value":"Kapasiteetti","Language":"FI"}}}]},{"ID":8909,"SortNo":"11","FeatureGroup":{"ID":"148","Name":{"Value":"Suunnittelu","Language":"FI"}},"Features":[{"Localized":0,"ID":835285000,"LocalID":0,"Type":"multi_dropdown","Value":"Red","CategoryFeatureId":"68804","CategoryFeatureGroupID":"8909","SortNo":"90","PresentationValue":"Punainen","RawValue":"Red","LocalValue":"Punainen","Description":"The colour e.g. red, blue, green, black, white.","Mandatory":"0","Searchable":"0","Optional":"0","Feature":{"ID":"1766","Sign":"","Measure":{"ID":"29","Sign":"","Signs":{"ID":"","_":"","Language":"FI"}},"Name":{"Value":"Tuotteen väri","Language":"FI"}}},{"Localized":0,"ID":835285003,"LocalID":0,"Type":"y_n","Value":"N","CategoryFeatureId":"249546","CategoryFeatureGroupID":"8909","SortNo":"80","PresentationValue":"Ei","RawValue":"N","LocalValue":"Ei","Description":"A display which is part of the product, so you do not need to attach another display.","Mandatory":"0","Searchable":"0","Optional":"0","Feature":{"ID":"8782","Sign":"","Measure":{"ID":"26","Sign":"","Signs":{"ID":"","_":"","Language":"FI"}},"Name":{"Value":"Sisäänrakennettu näyttö","Language":"FI"}}},{"Localized":0,"ID":835284999,"LocalID":0,"Type":"multi_dropdown","Value":"Y","CategoryFeatureId":"293940","CategoryFeatureGroupID":"8909","SortNo":"10","PresentationValue":"Kyllä","RawValue":"Y","LocalValue":"Kyllä","Description":"","Mandatory":"0","Searchable":"0","Optional":"0","Feature":{"ID":"1501","Sign":"","Measure":{"ID":"29","Sign":"","Signs":{"ID":"","_":"","Language":"FI"}},"Name":{"Value":"LED-merkkivalot","Language":"FI"}}}]},{"ID":8912,"SortNo":"6","FeatureGroup":{"ID":"143","Name":{"Value":"Akku","Language":"FI"}},"Features":[{"Localized":0,"ID":835285900,"LocalID":0,"Type":"y_n","Value":"Y","CategoryFeatureId":"249551","CategoryFeatureGroupID":"8912","SortNo":"50","PresentationValue":"Kyllä","RawValue":"Y","LocalValue":"Kyllä","Description":"","Mandatory":"0","Searchable":"0","Optional":"0","Feature":{"ID":"18096","Sign":"","Measure":{"ID":"26","Sign":"","Signs":{"ID":"","_":"","Language":"FI"}},"Name":{"Value":"Irrotettava akku","Language":"FI"}}}]}],"FeatureLogos":[],"ReasonsToBuy":[],"Reviews":[],"ProductRelated":[],"CatalogObjectCloud":{},"Variants":[],"ProductStory":[],"Dictionary":{"model_name":"Tuotenimi","desc":"Kuvaus","ean_code":"EAN/UPC-koodi","flash360":"3D-esittely","demo_msg_part3":"Jos sinulla ei ole Icecat-k&auml;ytt&auml;j&auml;tili&auml;, ole hyv&auml; ja rekister&ouml;idy maksutta t&auml;&auml;lt&auml;.","repairability_index":"Repairability index","zoom_panel_init":"Alkuper&auml;inen koko","cat_name":"Ryhm&auml;","product_family":"Tuoteperhe","back_to_top":"Takaisin yl&ouml;s","zoom_panel_out":"Loitonna","specs":"Tekniset tiedot","eu_product_fiche":"EU-tuoteseloste","reviews_head_name":"Arvostelut","pdf_specs":"Tuote-esite","zoom_panel_in":"L&auml;henn&auml;","html_content":"","release_date":"Julkaisup&auml;iv&auml;","demo_msg_part1":"K&auml;yt&auml;t t&auml;ll&auml; hetkell&auml; demo-k&auml;ytt&auml;j&auml;tili&auml;. Ole hyv&auml; ja k&auml;yt&auml; omaa Icecat-k&auml;ytt&auml;j&auml;tili&auml;si.","demo_insert_desc":"This is a demo of a seamless insert of an Icecat LIVE product data-sheet in your website. Imagine that this responsive data-sheet is included in the product page of your webshop.","pdf_url":"K&auml;ytt&ouml;opas","prod_code":"Tuotekoodi","supplier_name":"Tuotemerkki","video":"Video","reasons_to_buy":"Syitä ostaa","marketing_text":"Kuvaus","options_head_name":"Vaihtoehdot","product_series":"Tuotesarja","demo_msg_part2":"Icecat k&auml;ytt&auml;j&auml;tunnuksesi","link_integrate_desk":"Kuinka integroida Icecat LIVE JavaScript.","zoom_panel_dragg":"Hiirell&auml; vet&auml;minen","eu_energy_label":"EU-energiamerkintä"},"DemoAccount":false}}