{"msg":"OK","data":{"GeneralInfo":{"IcecatId":134699163,"ReleaseDate":"","EndOfLifeDate":"","Title":"Kukkia Finland Klassinen punaisten ruusujen kori","TitleInfo":{"GeneratedIntTitle":"Kukkia Finland INT-10758 fresh cut mixed bouquet/flower","GeneratedLocalTitle":{"Value":"Kukkia Finland INT-10758 tuore sekakukkakimppu Juhlapäivä","Language":"FI"},"BrandLocalTitle":{"Value":"Kukkia Finland Klassinen punaisten ruusujen kori","Language":"FI"}},"Brand":"Kukkia Finland","BrandID":"43644","BrandLogo":"","BrandInfo":{"BrandName":"Kukkia Finland","BrandLocalName":"","BrandLogo":""},"ProductName":"Klassinen punaisten ruusujen kori","ProductNameInfo":{"ProductIntName":"INT-10758","ProductLocalName":{"Value":"Klassinen punaisten ruusujen kori","Language":"FI"}},"BrandPartCode":"INT-10758","GTIN":[],"Category":{"CategoryID":"4796","Name":{"Value":"Tuoreet sekakukkakimput","Language":"FI"}},"ProductFamily":{},"ProductSeries":{"SeriesID":"1"},"Description":{"ID":"104037931","LongDesc":"Tämä klassinen punaisten ruusujen kori sisältää ajattoman asetelman upeita punaisia ruusuja, jotka symboloivat rakkautta ja intohimoa. Täydellinen romanttisiin eleisiin, merkkipäiviin tai erityistilaisuuksiin, tämä elegantti kori välittää kauniisti sydämellisiä tunteita. Ihanteellinen lahjaksi tai sisustuksen kaunistamiseksi, se lisää ripauksen hienostuneisuutta ja viehätystä mihin tahansa ympäristöön.","LongProductName":"Klassinen punaisten ruusujen kori","MiddleDesc":"","Disclaimer":"","ManualPDFURL":"","ManualPDFSize":"0","LeafletPDFURL":"","PDFSize":"0","URL":"https://www.flowers4finland.com/fi/tuoreleikattu-valkoisia-ruusuja-kimppu-flower-delivery.html","WarrantyInfo":"","Updated":"2025-09-08 17:35:01","Language":"FI"},"SummaryDescription":{"ShortSummaryDescription":"Kukkia Finland Klassinen punaisten ruusujen kori, Tuoreleikkokukka, Punainen, Juhlapäivä, Suomi","LongSummaryDescription":"Kukkia Finland Klassinen punaisten ruusujen kori. Tuotetyyppi: Tuoreleikkokukka, Tuotteen väri: Punainen, Tilaisuus: Juhlapäivä. Alkuperämaa: Suomi"},"BulletPoints":{},"GeneratedBulletPoints":{},"GTINs":[]},"Image":{"HighPic":"https://inishop.com/img/gallery/6be6cc1a76fec25026e9fd1858b9ab76b6635f4d.jpg","HighPicSize":"534007","HighPicHeight":"1000","HighPicWidth":"1000","LowPic":"https://inishop.com/img/gallery_lows/77da9337ffe5a74935d689ab86a5ef90f5856d59.jpg","LowPicSize":"44200","LowPicHeight":"200","LowPicWidth":"200","Pic500x500":"https://inishop.com/img/gallery_mediums/5cc68f4b63e5a1889da8bfca919d402bc05b6192.jpg","Pic500x500Size":"187619","Pic500x500Height":"500","Pic500x500Width":"500","ThumbPic":"https://inishop.com/img/gallery_thumbs/b81d2db761b40ad56524d901bcf501f03b6bb94d.jpg","ThumbPicSize":"8828"},"Multimedia":[],"Gallery":[{"ID":"117084247","LowPic":"https://inishop.com/img/gallery_lows/77da9337ffe5a74935d689ab86a5ef90f5856d59.jpg","LowSize":"44200","LowHeight":"200","LowWidth":"200","ThumbPic":"https://inishop.com/img/gallery_thumbs/b81d2db761b40ad56524d901bcf501f03b6bb94d.jpg","ThumbPicSize":"8828","Pic":"https://inishop.com/img/gallery/6be6cc1a76fec25026e9fd1858b9ab76b6635f4d.jpg","Size":"534007","PicHeight":"1000","PicWidth":"1000","Pic500x500":"https://inishop.com/img/gallery_mediums/5cc68f4b63e5a1889da8bfca919d402bc05b6192.jpg","Pic500x500Size":"187619","Pic500x500Height":"500","Pic500x500Width":"500","No":"1","IsMain":"Y","Updated":"2025-09-08 17:34:10","IsPrivate":"0","Type":"ProductImage","Attributes":{"OriginalFileName":""}},{"ID":"117084248","LowPic":"https://inishop.com/img/gallery_lows/884dd2e21d24714524e6f58c17a67607d8457df9.jpg","LowSize":"49851","LowHeight":"200","LowWidth":"200","ThumbPic":"https://inishop.com/img/gallery_thumbs/6495827d41f77d61e7ba8c0ad7a6fd1c719ba342.jpg","ThumbPicSize":"11252","Pic":"https://inishop.com/img/gallery/f8d26775d31ef6175898cf6c8357d84393d05fe2.jpg","Size":"545478","PicHeight":"1000","PicWidth":"1000","Pic500x500":"https://inishop.com/img/gallery_mediums/4b8e5401202da18eeea6fbb93acd889741dc0d7b.jpg","Pic500x500Size":"197399","Pic500x500Height":"500","Pic500x500Width":"500","No":"2","IsMain":"N","Updated":"2025-09-08 17:34:10","IsPrivate":"0","Type":"ProductImage","Attributes":{"OriginalFileName":""}},{"ID":"117084249","LowPic":"https://inishop.com/img/gallery_lows/92fc1c043ba54a18d3575eabc36eb623b5dff165.jpg","LowSize":"56617","LowHeight":"200","LowWidth":"200","ThumbPic":"https://inishop.com/img/gallery_thumbs/ffab15186a5aa80c3a902b0fcaf09f1f5abc1912.jpg","ThumbPicSize":"11284","Pic":"https://inishop.com/img/gallery/8b486d5d6626f1961a5b7e908327c07d256de972.jpg","Size":"666070","PicHeight":"1000","PicWidth":"1000","Pic500x500":"https://inishop.com/img/gallery_mediums/1cd7e9363cddfa1ee01e334bb6ebcc412996e7ab.jpg","Pic500x500Size":"240132","Pic500x500Height":"500","Pic500x500Width":"500","No":"3","IsMain":"N","Updated":"2025-09-08 17:34:11","IsPrivate":"0","Type":"ProductImage","Attributes":{"OriginalFileName":""}},{"ID":"117084250","LowPic":"https://inishop.com/img/gallery_lows/37c4ac9552308f2b94c75974482ae71385eb170f.jpg","LowSize":"55191","LowHeight":"200","LowWidth":"200","ThumbPic":"https://inishop.com/img/gallery_thumbs/109aa699df851e4ce5c829f5b68cc60591ae32fa.jpg","ThumbPicSize":"10521","Pic":"https://inishop.com/img/gallery/feecdfc48eb9512ade02773dcc5e0fbef968057d.jpg","Size":"661507","PicHeight":"1000","PicWidth":"1000","Pic500x500":"https://inishop.com/img/gallery_mediums/5abedc18ca60d75eb4920d7c96c6700857651249.jpg","Pic500x500Size":"234341","Pic500x500Height":"500","Pic500x500Width":"500","No":"4","IsMain":"N","Updated":"2025-09-08 17:34:12","IsPrivate":"0","Type":"ProductImage","Attributes":{"OriginalFileName":""}}],"FeaturesGroups":[{"ID":24776,"SortNo":"50","FeatureGroup":{"ID":"185","Name":{"Value":"Ominaisuudet","Language":"FI"}},"Features":[{"Localized":0,"ID":835130598,"LocalID":0,"Type":"dropdown","Value":"Fresh cut flower","CategoryFeatureId":"935697","CategoryFeatureGroupID":"24776","SortNo":"500","PresentationValue":"Tuoreleikkokukka","RawValue":"Fresh cut flower","LocalValue":"Tuoreleikkokukka","Description":"The sub-category of the product.","Mandatory":"1","Searchable":"1","Optional":"0","Feature":{"ID":"14052","Sign":"","Measure":{"ID":"29","Sign":"","Signs":{"ID":"","_":"","Language":"FI"}},"Name":{"Value":"Tuotetyyppi","Language":"FI"}}},{"Localized":0,"ID":835130596,"LocalID":0,"Type":"multi_dropdown","Value":"Red","CategoryFeatureId":"945016","CategoryFeatureGroupID":"24776","SortNo":"300","PresentationValue":"Punainen","RawValue":"Red","LocalValue":"Punainen","Description":"The colour e.g. red","Mandatory":"0","Searchable":"0","Optional":"0","Feature":{"ID":"1766","Sign":"","Measure":{"ID":"29","Sign":"","Signs":{"ID":"","_":"","Language":"FI"}},"Name":{"Value":"Tuotteen väri","Language":"FI"}}},{"Localized":0,"ID":835130728,"LocalID":0,"Type":"dropdown","Value":"Anniversary","CategoryFeatureId":"221114","CategoryFeatureGroupID":"24776","SortNo":"250","PresentationValue":"Juhlapäivä","RawValue":"Anniversary","LocalValue":"Juhlapäivä","Description":"","Mandatory":"0","Searchable":"0","Optional":"0","Feature":{"ID":"29202","Sign":"","Measure":{"ID":"29","Sign":"","Signs":{"ID":"","_":"","Language":"FI"}},"Name":{"Value":"Tilaisuus","Language":"FI"}}}]},{"ID":37775,"SortNo":"0","FeatureGroup":{"ID":"198","Name":{"Value":"Logistiikkatiedot","Language":"FI"}},"Features":[{"Localized":0,"ID":835130597,"LocalID":0,"Type":"multi_dropdown","Value":"Finland","CategoryFeatureId":"375769","CategoryFeatureGroupID":"37775","SortNo":"0","PresentationValue":"Suomi","RawValue":"Finland","LocalValue":"Suomi","Description":"Country where the device is made. Aka Country of manufacture (COM).","Mandatory":"0","Searchable":"0","Optional":"0","Feature":{"ID":"3294","Sign":"","Measure":{"ID":"29","Sign":"","Signs":{"ID":"","_":"","Language":"FI"}},"Name":{"Value":"Alkuperämaa","Language":"FI"}}}]}],"FeatureLogos":[],"ReasonsToBuy":[],"Reviews":[],"ProductRelated":[],"CatalogObjectCloud":{},"Variants":[],"ProductStory":[],"Dictionary":{"model_name":"Tuotenimi","desc":"Kuvaus","ean_code":"EAN/UPC-koodi","flash360":"3D-esittely","demo_msg_part3":"Jos sinulla ei ole Icecat-k&auml;ytt&auml;j&auml;tili&auml;, ole hyv&auml; ja rekister&ouml;idy maksutta t&auml;&auml;lt&auml;.","repairability_index":"Repairability index","zoom_panel_init":"Alkuper&auml;inen koko","cat_name":"Ryhm&auml;","product_family":"Tuoteperhe","back_to_top":"Takaisin yl&ouml;s","zoom_panel_out":"Loitonna","specs":"Tekniset tiedot","eu_product_fiche":"EU-tuoteseloste","reviews_head_name":"Arvostelut","pdf_specs":"Tuote-esite","zoom_panel_in":"L&auml;henn&auml;","html_content":"","release_date":"Julkaisup&auml;iv&auml;","demo_msg_part1":"K&auml;yt&auml;t t&auml;ll&auml; hetkell&auml; demo-k&auml;ytt&auml;j&auml;tili&auml;. Ole hyv&auml; ja k&auml;yt&auml; omaa Icecat-k&auml;ytt&auml;j&auml;tili&auml;si.","demo_insert_desc":"This is a demo of a seamless insert of an Icecat LIVE product data-sheet in your website. Imagine that this responsive data-sheet is included in the product page of your webshop.","pdf_url":"K&auml;ytt&ouml;opas","prod_code":"Tuotekoodi","supplier_name":"Tuotemerkki","video":"Video","reasons_to_buy":"Syitä ostaa","marketing_text":"Kuvaus","options_head_name":"Vaihtoehdot","product_series":"Tuotesarja","demo_msg_part2":"Icecat k&auml;ytt&auml;j&auml;tunnuksesi","link_integrate_desk":"Kuinka integroida Icecat LIVE JavaScript.","zoom_panel_dragg":"Hiirell&auml; vet&auml;minen","eu_energy_label":"EU-energiamerkintä"},"DemoAccount":false}}