{"msg":"OK","data":{"GeneralInfo":{"IcecatId":36340771,"ReleaseDate":"","EndOfLifeDate":"","Title":"Eleaf iStick Pico sähkötupakka Valkoinen","TitleInfo":{"GeneratedIntTitle":"Eleaf iStick Pico electronic cigarette","GeneratedLocalTitle":{"Value":"Eleaf iStick Pico sähkötupakka Valkoinen","Language":"FI"},"BrandLocalTitle":{"Value":"","Language":"FI"}},"Brand":"Eleaf","BrandID":"18191","BrandLogo":"","BrandInfo":{"BrandName":"Eleaf","BrandLocalName":"","BrandLogo":""},"ProductName":"iStick Pico","ProductNameInfo":{"ProductIntName":"iStick Pico","ProductLocalName":{"Value":"","Language":"FI"}},"BrandPartCode":"ISTICK_PICO_75W_WHT","GTIN":[],"Category":{"CategoryID":"2401","Name":{"Value":"Sähkötupakat","Language":"FI"}},"ProductFamily":{},"ProductSeries":{"SeriesID":"1"},"Description":{},"SummaryDescription":{"ShortSummaryDescription":"Eleaf iStick Pico, 315 °C, Valkoinen, 75 W, 23 mm, 45 mm, 70,5 mm","LongSummaryDescription":"Eleaf iStick Pico. Lämmityslämpötila (maks.): 315 °C. Tuotteen väri: Valkoinen. Lähtöteho: 75 W. Tuotteen leveys: 23 mm, Tuotteen syvyys: 45 mm, Tuotteen korkeus: 70,5 mm"},"BulletPoints":{},"GeneratedBulletPoints":{},"GTINs":[]},"Image":{"HighPic":"https://inishop.com/img/gallery/36340771_7518174341.jpg","HighPicSize":"52586","HighPicHeight":"643","HighPicWidth":"351","LowPic":"https://inishop.com/img/gallery_lows/36340771_7518174341.jpg","LowPicSize":"12241","LowPicHeight":"200","LowPicWidth":"109","Pic500x500":"https://inishop.com/img/gallery_mediums/36340771_7518174341.jpg","Pic500x500Size":"47469","Pic500x500Height":"500","Pic500x500Width":"272","ThumbPic":"https://inishop.com/img/gallery_thumbs/36340771_7518174341.jpg","ThumbPicSize":"1348"},"Multimedia":[],"Gallery":[{"ID":"20718690","LowPic":"https://inishop.com/img/gallery_lows/36340771_7518174341.jpg","LowSize":"12241","LowHeight":"200","LowWidth":"109","ThumbPic":"https://inishop.com/img/gallery_thumbs/36340771_7518174341.jpg","ThumbPicSize":"1348","Pic":"https://inishop.com/img/gallery/36340771_7518174341.jpg","Size":"52586","PicHeight":"643","PicWidth":"351","Pic500x500":"https://inishop.com/img/gallery_mediums/36340771_7518174341.jpg","Pic500x500Size":"47469","Pic500x500Height":"500","Pic500x500Width":"272","No":"1","IsMain":"Y","Updated":"2017-03-17 16:05:16","IsPrivate":"0","Type":"ProductImage","Attributes":{"OriginalFileName":""}}],"FeaturesGroups":[{"ID":70844,"SortNo":"12","FeatureGroup":{"ID":"185","Name":{"Value":"Ominaisuudet","Language":"FI"}},"Features":[{"Localized":0,"ID":835735269,"LocalID":0,"Type":"numerical","Value":"315","CategoryFeatureId":"950841","CategoryFeatureGroupID":"70844","SortNo":"60","PresentationValue":"315 °C","RawValue":"315","LocalValue":"315","Description":"","Mandatory":"0","Searchable":"0","Optional":"0","Feature":{"ID":"42027","Sign":"","Measure":{"ID":"65","Sign":"","Signs":{"ID":"13851","_":"°C","Language":"FI"}},"Name":{"Value":"Lämmityslämpötila (maks.)","Language":"FI"}}}]},{"ID":8909,"SortNo":"11","FeatureGroup":{"ID":"148","Name":{"Value":"Suunnittelu","Language":"FI"}},"Features":[{"Localized":0,"ID":240980880,"LocalID":0,"Type":"multi_dropdown","Value":"White","CategoryFeatureId":"68804","CategoryFeatureGroupID":"8909","SortNo":"90","PresentationValue":"Valkoinen","RawValue":"White","LocalValue":"Valkoinen","Description":"The colour e.g. red, blue, green, black, white.","Mandatory":"0","Searchable":"0","Optional":"0","Feature":{"ID":"1766","Sign":"","Measure":{"ID":"29","Sign":"","Signs":{"ID":"","_":"","Language":"FI"}},"Name":{"Value":"Tuotteen väri","Language":"FI"}}},{"Localized":0,"ID":835734942,"LocalID":0,"Type":"y_n","Value":"Y","CategoryFeatureId":"249546","CategoryFeatureGroupID":"8909","SortNo":"80","PresentationValue":"Kyllä","RawValue":"Y","LocalValue":"Kyllä","Description":"A display which is part of the product, so you do not need to attach another display.","Mandatory":"0","Searchable":"0","Optional":"0","Feature":{"ID":"8782","Sign":"","Measure":{"ID":"26","Sign":"","Signs":{"ID":"","_":"","Language":"FI"}},"Name":{"Value":"Sisäänrakennettu näyttö","Language":"FI"}}},{"Localized":0,"ID":835734947,"LocalID":0,"Type":"y_n","Value":"Y","CategoryFeatureId":"249548","CategoryFeatureGroupID":"8909","SortNo":"76","PresentationValue":"Kyllä","RawValue":"Y","LocalValue":"Kyllä","Description":"Taustavalaistu näyttö saatavilla.","Mandatory":"0","Searchable":"0","Optional":"0","Feature":{"ID":"1729","Sign":"","Measure":{"ID":"26","Sign":"","Signs":{"ID":"","_":"","Language":"FI"}},"Name":{"Value":"Taustavalaistu näyttö","Language":"FI"}}},{"Localized":0,"ID":835734956,"LocalID":0,"Type":"y_n","Value":"Y","CategoryFeatureId":"249553","CategoryFeatureGroupID":"8909","SortNo":"0","PresentationValue":"Kyllä","RawValue":"Y","LocalValue":"Kyllä","Description":"The device features a socket into which a USB cable can be plugged.","Mandatory":"0","Searchable":"0","Optional":"0","Feature":{"ID":"23798","Sign":"","Measure":{"ID":"26","Sign":"","Signs":{"ID":"","_":"","Language":"FI"}},"Name":{"Value":"USB-portti","Language":"FI"}}}]},{"ID":8912,"SortNo":"6","FeatureGroup":{"ID":"143","Name":{"Value":"Akku","Language":"FI"}},"Features":[{"Localized":0,"ID":835734966,"LocalID":0,"Type":"numerical","Value":"75","CategoryFeatureId":"249555","CategoryFeatureGroupID":"8912","SortNo":"40","PresentationValue":"75 W","RawValue":"75","LocalValue":"75","Description":"The power that the device can produce.","Mandatory":"0","Searchable":"0","Optional":"0","Feature":{"ID":"5932","Sign":"","Measure":{"ID":"44","Sign":"","Signs":{"ID":"13832","_":"W","Language":"FI"}},"Name":{"Value":"Lähtöteho","Language":"FI"}}}]},{"ID":8914,"SortNo":"4","FeatureGroup":{"ID":"14","Name":{"Value":"Paino ja mitat","Language":"FI"}},"Features":[{"Localized":0,"ID":240980867,"LocalID":0,"Type":"numerical","Value":"23","CategoryFeatureId":"68823","CategoryFeatureGroupID":"8914","SortNo":"40","PresentationValue":"23 mm","RawValue":"23","LocalValue":"23","Description":"The measurement or extent of something from side to side.","Mandatory":"0","Searchable":"0","Optional":"0","Feature":{"ID":"1649","Sign":"","Measure":{"ID":"24","Sign":"","Signs":{"ID":"13815","_":"mm","Language":"FI"}},"Name":{"Value":"Tuotteen leveys","Language":"FI"}}},{"Localized":0,"ID":240980868,"LocalID":0,"Type":"numerical","Value":"45","CategoryFeatureId":"68824","CategoryFeatureGroupID":"8914","SortNo":"30","PresentationValue":"45 mm","RawValue":"45","LocalValue":"45","Description":"The distance from the front to the back of something.","Mandatory":"0","Searchable":"0","Optional":"0","Feature":{"ID":"1650","Sign":"","Measure":{"ID":"24","Sign":"","Signs":{"ID":"13815","_":"mm","Language":"FI"}},"Name":{"Value":"Tuotteen syvyys","Language":"FI"}}},{"Localized":0,"ID":240980870,"LocalID":0,"Type":"numerical","Value":"70.5","CategoryFeatureId":"68825","CategoryFeatureGroupID":"8914","SortNo":"20","PresentationValue":"70,5 mm","RawValue":"70.5","LocalValue":"70,5","Description":"Tuotteen korkeus","Mandatory":"0","Searchable":"0","Optional":"0","Feature":{"ID":"1464","Sign":"","Measure":{"ID":"24","Sign":"","Signs":{"ID":"13815","_":"mm","Language":"FI"}},"Name":{"Value":"Tuotteen korkeus","Language":"FI"}}}]},{"ID":8913,"SortNo":"2","FeatureGroup":{"ID":"116","Name":{"Value":"Pakkauksen sisältö","Language":"FI"}},"Features":[{"Localized":0,"ID":240980877,"LocalID":0,"Type":"numerical","Value":"0","CategoryFeatureId":"68813","CategoryFeatureGroupID":"8913","SortNo":"90","PresentationValue":"0 kpl","RawValue":"0","LocalValue":"0","Description":"The quantity of batteries that come with the product.","Mandatory":"0","Searchable":"0","Optional":"0","Feature":{"ID":"8514","Sign":"","Measure":{"ID":"144","Sign":"","Signs":{"ID":"3770","_":"kpl","Language":"FI"}},"Name":{"Value":"Mukana paristoja","Language":"FI"}}},{"Localized":0,"ID":240980876,"LocalID":0,"Type":"y_n","Value":"Y","CategoryFeatureId":"68848","CategoryFeatureGroupID":"8913","SortNo":"0","PresentationValue":"Kyllä","RawValue":"Y","LocalValue":"Kyllä","Description":"","Mandatory":"0","Searchable":"0","Optional":"0","Feature":{"ID":"3965","Sign":"","Measure":{"ID":"26","Sign":"","Signs":{"ID":"","_":"","Language":"FI"}},"Name":{"Value":"Käyttöopas","Language":"FI"}}}]}],"FeatureLogos":[],"ReasonsToBuy":[],"Reviews":[],"ProductRelated":[],"CatalogObjectCloud":{},"Variants":[],"ProductStory":[],"Dictionary":{"model_name":"Tuotenimi","desc":"Kuvaus","ean_code":"EAN/UPC-koodi","flash360":"3D-esittely","demo_msg_part3":"Jos sinulla ei ole Icecat-k&auml;ytt&auml;j&auml;tili&auml;, ole hyv&auml; ja rekister&ouml;idy maksutta t&auml;&auml;lt&auml;.","repairability_index":"Repairability index","zoom_panel_init":"Alkuper&auml;inen koko","cat_name":"Ryhm&auml;","product_family":"Tuoteperhe","back_to_top":"Takaisin yl&ouml;s","zoom_panel_out":"Loitonna","specs":"Tekniset tiedot","eu_product_fiche":"EU-tuoteseloste","reviews_head_name":"Arvostelut","pdf_specs":"Tuote-esite","zoom_panel_in":"L&auml;henn&auml;","html_content":"","release_date":"Julkaisup&auml;iv&auml;","demo_msg_part1":"K&auml;yt&auml;t t&auml;ll&auml; hetkell&auml; demo-k&auml;ytt&auml;j&auml;tili&auml;. Ole hyv&auml; ja k&auml;yt&auml; omaa Icecat-k&auml;ytt&auml;j&auml;tili&auml;si.","demo_insert_desc":"This is a demo of a seamless insert of an Icecat LIVE product data-sheet in your website. Imagine that this responsive data-sheet is included in the product page of your webshop.","pdf_url":"K&auml;ytt&ouml;opas","prod_code":"Tuotekoodi","supplier_name":"Tuotemerkki","video":"Video","reasons_to_buy":"Syitä ostaa","marketing_text":"Kuvaus","options_head_name":"Vaihtoehdot","product_series":"Tuotesarja","demo_msg_part2":"Icecat k&auml;ytt&auml;j&auml;tunnuksesi","link_integrate_desk":"Kuinka integroida Icecat LIVE JavaScript.","zoom_panel_dragg":"Hiirell&auml; vet&auml;minen","eu_energy_label":"EU-energiamerkintä"},"DemoAccount":false}}