{"msg":"OK","data":{"GeneralInfo":{"IcecatId":134703611,"ReleaseDate":"","EndOfLifeDate":"","Title":"Vitabalans Katapekt oraaliliuos","TitleInfo":{"GeneratedIntTitle":"Vitabalans Katapekt cough medicine","GeneratedLocalTitle":{"Value":"Vitabalans Katapekt yskänlääke 150 ml Sisäinen käyttö Aikuiset & Lapset Siirappi","Language":"FI"},"BrandLocalTitle":{"Value":"Vitabalans Katapekt oraaliliuos","Language":"FI"}},"Brand":"Vitabalans","BrandID":"38086","BrandLogo":"","BrandInfo":{"BrandName":"Vitabalans","BrandLocalName":"","BrandLogo":""},"ProductName":"Katapekt oraaliliuos","ProductNameInfo":{"ProductIntName":"Katapekt","ProductLocalName":{"Value":"Katapekt oraaliliuos","Language":"FI"}},"BrandPartCode":"KATAPEKT","GTIN":[],"Category":{"CategoryID":"5044","Name":{"Value":"Yskänlääkkeet","Language":"FI"}},"ProductFamily":{},"ProductSeries":{"SeriesID":"1"},"Description":{"ID":"104044276","LongDesc":"<b>Vaikuttavat aineet</b><br>kodeiinifosfaattihemihydraatti, guaifenesiini, ammoniumkloridi ja timjamiuute<br><br>Yskän oireisiin aikuisille ja yli 12-vuotiaille nuorille. Katapekt hillitsee yskänärsytystä ja irrottaa sitkeää limaa hengitysteistä. Varmista tuotteen sopivuus itsellesi apteekista, etenkin, jos olet ultranopea CYP2D6-metaboloija, olet raskaana tai imetät tai käytät muita lääkkeitä. Käänny lääkärin puoleen, ellet tunne oloasi paremmaksi 7 päivän kuluessa tai jos tunnet olosi huonommaksi.","LongProductName":"Katapekt oraaliliuos 150 ml","MiddleDesc":"","Disclaimer":"","ManualPDFURL":"","ManualPDFSize":"0","LeafletPDFURL":"","PDFSize":"0","URL":"https://vitabalans.fi/fi/tuote/katapekt-oraaliliuos/","WarrantyInfo":"","Updated":"2025-09-09 10:45:39","Language":"FI"},"SummaryDescription":{"ShortSummaryDescription":"Vitabalans Katapekt oraaliliuos, Sisäinen käyttö, Aikuiset & Lapset, Siirappi, 150 ml, 12 vuosi/vuosia, Pullo","LongSummaryDescription":"Vitabalans Katapekt oraaliliuos. Oikeaoppinen käyttö: Sisäinen käyttö, Kohdeyleisö: Aikuiset & Lapset, Annostelutapa: Siirappi. Alkuperämaa: Suomi"},"BulletPoints":{},"GeneratedBulletPoints":{},"GTINs":[]},"Image":{"HighPic":"https://inishop.com/img/gallery/0a059450d1a66af0058b483f0148aa843eab08cf.jpg","HighPicSize":"140939","HighPicHeight":"1000","HighPicWidth":"1000","LowPic":"https://inishop.com/img/gallery_lows/c3b19c48860a8105168988f4b3924ba5bc7a1d87.jpg","LowPicSize":"14641","LowPicHeight":"200","LowPicWidth":"200","Pic500x500":"https://inishop.com/img/gallery_mediums/bacce7244115304d57c4cc3c413ba2bebb5011cf.jpg","Pic500x500Size":"62881","Pic500x500Height":"500","Pic500x500Width":"500","ThumbPic":"https://inishop.com/img/gallery_thumbs/f5b16eb399ed21cd90e314a77a93fa2a0f06c4aa.jpg","ThumbPicSize":"3598"},"Multimedia":[],"Gallery":[{"ID":"117095384","LowPic":"https://inishop.com/img/gallery_lows/c3b19c48860a8105168988f4b3924ba5bc7a1d87.jpg","LowSize":"14641","LowHeight":"200","LowWidth":"200","ThumbPic":"https://inishop.com/img/gallery_thumbs/f5b16eb399ed21cd90e314a77a93fa2a0f06c4aa.jpg","ThumbPicSize":"3598","Pic":"https://inishop.com/img/gallery/0a059450d1a66af0058b483f0148aa843eab08cf.jpg","Size":"140939","PicHeight":"1000","PicWidth":"1000","Pic500x500":"https://inishop.com/img/gallery_mediums/bacce7244115304d57c4cc3c413ba2bebb5011cf.jpg","Pic500x500Size":"62881","Pic500x500Height":"500","Pic500x500Width":"500","No":"1","IsMain":"Y","Updated":"2025-09-09 10:43:45","IsPrivate":"0","Type":"ProductImage","Attributes":{"OriginalFileName":""}}],"FeaturesGroups":[{"ID":18224,"SortNo":"5","FeatureGroup":{"ID":"185","Name":{"Value":"Ominaisuudet","Language":"FI"}},"Features":[{"Localized":0,"ID":835242428,"LocalID":0,"Type":"numerical","Value":"150","CategoryFeatureId":"167793","CategoryFeatureGroupID":"18224","SortNo":"250","PresentationValue":"150 ml","RawValue":"150","LocalValue":"150","Description":"The amount of space that a substance or object occupies or may contain.","Mandatory":"0","Searchable":"0","Optional":"0","Feature":{"ID":"5207","Sign":"","Measure":{"ID":"142","Sign":"","Signs":{"ID":"13925","_":"ml","Language":"FI"}},"Name":{"Value":"Volyymi","Language":"FI"}}},{"Localized":0,"ID":835242426,"LocalID":0,"Type":"dropdown","Value":"Internal use","CategoryFeatureId":"167782","CategoryFeatureGroupID":"18224","SortNo":"100","PresentationValue":"Sisäinen käyttö","RawValue":"Internal use","LocalValue":"Sisäinen käyttö","Description":"Miten tuote on tarkoitettu käytettäväksi?","Mandatory":"1","Searchable":"1","Optional":"0","Feature":{"ID":"2987","Sign":"","Measure":{"ID":"29","Sign":"","Signs":{"ID":"","_":"","Language":"FI"}},"Name":{"Value":"Oikeaoppinen käyttö","Language":"FI"}}},{"Localized":0,"ID":835242432,"LocalID":0,"Type":"dropdown","Value":"Adults & Children","CategoryFeatureId":"167784","CategoryFeatureGroupID":"18224","SortNo":"95","PresentationValue":"Aikuiset & Lapset","RawValue":"Adults & Children","LocalValue":"Aikuiset & Lapset","Description":"","Mandatory":"1","Searchable":"1","Optional":"0","Feature":{"ID":"21228","Sign":"","Measure":{"ID":"29","Sign":"","Signs":{"ID":"","_":"","Language":"FI"}},"Name":{"Value":"Kohdeyleisö","Language":"FI"}}},{"Localized":0,"ID":835242433,"LocalID":0,"Type":"dropdown","Value":"Syrup","CategoryFeatureId":"167783","CategoryFeatureGroupID":"18224","SortNo":"90","PresentationValue":"Siirappi","RawValue":"Syrup","LocalValue":"Siirappi","Description":"","Mandatory":"1","Searchable":"1","Optional":"0","Feature":{"ID":"25712","Sign":"","Measure":{"ID":"29","Sign":"","Signs":{"ID":"","_":"","Language":"FI"}},"Name":{"Value":"Annostelutapa","Language":"FI"}}},{"Localized":0,"ID":835242429,"LocalID":0,"Type":"numerical","Value":"12","CategoryFeatureId":"167786","CategoryFeatureGroupID":"18224","SortNo":"90","PresentationValue":"12 vuosi/vuosia","RawValue":"12","LocalValue":"12","Description":"The minimum age suitable for using this product.","Mandatory":"0","Searchable":"0","Optional":"0","Feature":{"ID":"7769","Sign":"","Measure":{"ID":"439","Sign":"","Signs":{"ID":"39444","_":"vuosi/vuosia","Language":"FI"}},"Name":{"Value":"Alaikäraja","Language":"FI"}}},{"Localized":0,"ID":835242430,"LocalID":0,"Type":"dropdown","Value":"Bottle","CategoryFeatureId":"167792","CategoryFeatureGroupID":"18224","SortNo":"80","PresentationValue":"Pullo","RawValue":"Bottle","LocalValue":"Pullo","Description":"The type of container from which the product can be dispensed, e.g. bag, tube etc.","Mandatory":"0","Searchable":"0","Optional":"0","Feature":{"ID":"17965","Sign":"","Measure":{"ID":"29","Sign":"","Signs":{"ID":"","_":"","Language":"FI"}},"Name":{"Value":"Annostelijan tyyppi","Language":"FI"}}},{"Localized":1,"ID":0,"LocalID":554061140,"Type":"textarea","Value":"","CategoryFeatureId":"167788","CategoryFeatureGroupID":"18224","SortNo":"-5","PresentationValue":"kodeiinifosfaattihemihydraatti, guaifenesiini, ammoniumkloridi ja timjamiuute","RawValue":"","LocalValue":"kodeiinifosfaattihemihydraatti, guaifenesiini, ammoniumkloridi ja timjamiuute","Description":"","Mandatory":"0","Searchable":"0","Optional":"0","Feature":{"ID":"16908","Sign":"","Measure":{"ID":"29","Sign":"","Signs":{"ID":"","_":"","Language":"FI"}},"Name":{"Value":"Ainesosat","Language":"FI"}}}]},{"ID":36316,"SortNo":"0","FeatureGroup":{"ID":"198","Name":{"Value":"Logistiikkatiedot","Language":"FI"}},"Features":[{"Localized":0,"ID":835242427,"LocalID":0,"Type":"multi_dropdown","Value":"Finland","CategoryFeatureId":"374737","CategoryFeatureGroupID":"36316","SortNo":"0","PresentationValue":"Suomi","RawValue":"Finland","LocalValue":"Suomi","Description":"Country where the device is made. Aka Country of manufacture (COM).","Mandatory":"0","Searchable":"0","Optional":"0","Feature":{"ID":"3294","Sign":"","Measure":{"ID":"29","Sign":"","Signs":{"ID":"","_":"","Language":"FI"}},"Name":{"Value":"Alkuperämaa","Language":"FI"}}}]}],"FeatureLogos":[],"ReasonsToBuy":[],"Reviews":[],"ProductRelated":[],"CatalogObjectCloud":{},"Variants":[],"ProductStory":[],"Dictionary":{"model_name":"Tuotenimi","desc":"Kuvaus","ean_code":"EAN/UPC-koodi","flash360":"3D-esittely","demo_msg_part3":"Jos sinulla ei ole Icecat-k&auml;ytt&auml;j&auml;tili&auml;, ole hyv&auml; ja rekister&ouml;idy maksutta t&auml;&auml;lt&auml;.","repairability_index":"Repairability index","zoom_panel_init":"Alkuper&auml;inen koko","cat_name":"Ryhm&auml;","product_family":"Tuoteperhe","back_to_top":"Takaisin yl&ouml;s","zoom_panel_out":"Loitonna","specs":"Tekniset tiedot","eu_product_fiche":"EU-tuoteseloste","reviews_head_name":"Arvostelut","pdf_specs":"Tuote-esite","zoom_panel_in":"L&auml;henn&auml;","html_content":"","release_date":"Julkaisup&auml;iv&auml;","demo_msg_part1":"K&auml;yt&auml;t t&auml;ll&auml; hetkell&auml; demo-k&auml;ytt&auml;j&auml;tili&auml;. Ole hyv&auml; ja k&auml;yt&auml; omaa Icecat-k&auml;ytt&auml;j&auml;tili&auml;si.","demo_insert_desc":"This is a demo of a seamless insert of an Icecat LIVE product data-sheet in your website. Imagine that this responsive data-sheet is included in the product page of your webshop.","pdf_url":"K&auml;ytt&ouml;opas","prod_code":"Tuotekoodi","supplier_name":"Tuotemerkki","video":"Video","reasons_to_buy":"Syitä ostaa","marketing_text":"Kuvaus","options_head_name":"Vaihtoehdot","product_series":"Tuotesarja","demo_msg_part2":"Icecat k&auml;ytt&auml;j&auml;tunnuksesi","link_integrate_desk":"Kuinka integroida Icecat LIVE JavaScript.","zoom_panel_dragg":"Hiirell&auml; vet&auml;minen","eu_energy_label":"EU-energiamerkintä"},"DemoAccount":false}}