{"msg":"OK","data":{"GeneralInfo":{"IcecatId":129046973,"ReleaseDate":"","EndOfLifeDate":"","Title":"Apple iPad 256 GB 27,9 cm (11\") Wi-Fi 6 (802.11ax) iPadOS 18 Sininen","TitleInfo":{"GeneratedIntTitle":"Apple iPad","GeneratedLocalTitle":{"Value":"Apple iPad 256 GB 27,9 cm (11\") Wi-Fi 6 (802.11ax) iPadOS 18 Sininen","Language":"FI"},"BrandLocalTitle":{"Value":"","Language":"FI"}},"Brand":"Apple","BrandID":"9","BrandLogo":"https://inishop.com/img/brand/thumb/9_d14b59ec69c0456b8775a7210bbba1e9.jpg","BrandInfo":{"BrandName":"Apple","BrandLocalName":"","BrandLogo":"https://inishop.com/img/brand/thumb/9_d14b59ec69c0456b8775a7210bbba1e9.jpg"},"ProductName":"iPad","ProductNameInfo":{"ProductIntName":"iPad","ProductLocalName":{"Value":"","Language":"FI"}},"BrandPartCode":"MD4H4KN/A","GTIN":["0195950087369","195950087369"],"Category":{"CategoryID":"897","Name":{"Value":"Tabletit","Language":"FI"}},"ProductFamily":{"ProductFamilyID":"63761","Value":"iPad","Language":"EN"},"ProductSeries":{"SeriesID":"1"},"Description":{"ID":"98751695","LongDesc":"Tieturi.<br><br>Piirturi.<br><br>Taituri.","LongProductName":"iPad 11\", IPS, 2360 x 1640, A16, 256GB, Wi-Fi 6, Bluetooth 5.3, Touch ID, 12MP + 12MP, iPadOS 18","MiddleDesc":"","Disclaimer":"","ManualPDFURL":"","ManualPDFSize":"0","LeafletPDFURL":"","PDFSize":"0","URL":"https://www.apple.com/fi/ipad-11/","WarrantyInfo":"","Updated":"2025-03-04 18:52:30","Language":"FI"},"SummaryDescription":{"ShortSummaryDescription":"Apple iPad , 27,9 cm (11\"), 2360 x 1640 pikseliä, 256 GB, iPadOS 18, 477 g, Sininen","LongSummaryDescription":"Apple iPad . Näytön halkaisija: 27,9 cm (11\"), Näytön erottelutarkkuus: 2360 x 1640 pikseliä. Sisäinen tallennuskapasiteetti: 256 GB. Suoritinperhe: Apple, Prosessorimalli: A16. Takakameran resoluutio (numeerinen): 12 MP, Takakameran tyyppi: Yksi kamera, Etukameran resoluutio (numeerinen): 12 MP, Etukamera. Wi-Fi-standardi: Wi-Fi 6 (802.11ax). Paino: 477 g. Käyttöjärjestelmä asennettu: iPadOS 18. Tuotteen väri: Sininen"},"BulletPoints":{"BulletPointsId":"11149265","Language":"FI","Values":["Nyt huippunopealla A16-sirulla","Enemmän tallennustilaa kuin koskaan","Loistava Liquid Retina ‑näyttö","Täysnäyttö, täysin iPad"],"Updated":"2025-03-04 18:52:30"},"GeneratedBulletPoints":{"Language":"FI","Values":["Kosketusnäyttö Mobiilitabletti Sininen","27,9 cm (11\") 2360 x 1640 pikseliä IPS","Apple A16","256 GB Flash","Yksi kamera 12 MP Etukamera 12 MP","Wi-Fi 6 (802.11ax) Bluetooth 5.3","Litium polymeeri (LiPo) 28,93 Wh","iPadOS 18"]},"GTINs":[{"GTIN":"0195950087369","IsApproved":true},{"GTIN":"195950087369","IsApproved":true},{"GTIN":"0195950087321","IsApproved":false},{"GTIN":"195950087321","IsApproved":false}]},"Image":{"HighPic":"https://inishop.com/img/gallery/d6ae80547697a282f79a4e2df04b8eb2e3d1300c.jpg","HighPicSize":"2005592","HighPicHeight":"3402","HighPicWidth":"3041","LowPic":"https://inishop.com/img/gallery_lows/e8e232c50a5670355981190bc2b7da7ccfd01f29.jpg","LowPicSize":"24479","LowPicHeight":"200","LowPicWidth":"179","Pic500x500":"https://inishop.com/img/gallery_mediums/42f3885d0d8a1f4d0eeaab131589acb966cb8f66.jpg","Pic500x500Size":"86769","Pic500x500Height":"500","Pic500x500Width":"447","ThumbPic":"https://inishop.com/img/gallery_thumbs/957d6a932029776280e41bf87e4e4410ceb7c48a.jpg","ThumbPicSize":"6850"},"Multimedia":[{"ID":"8374F139-20BA-41E2-810E-A7208D6CCB35","URL":"https://inishop.com/objects/mmo_129046973_1749728516_9926_1386251.png","Type":"EU Energy Label","ContentType":"image/png","KeepAsUrl":"0","Description":"EU-energiamerkintä","Size":"695382","IsPrivate":"0","Updated":"2025-06-12 13:42:22","Language":"","IsVideo":0,"EprelLink":"https://eprel.ec.europa.eu/qr/2261043","LabelType":"rescaled","ConvertedURL":"https://inishop.com/objects/129046973_64862739.pdf","ConvertedContentType":"application/pdf","ConvertedSize":685280,"EprelId":2261043},{"ID":"7F089701-3945-49D9-91AE-A4F44E31D36F","URL":"https://inishop.com/objects/mmo_129046973_1757407492_3732_2832878.txt","Type":"ProductStory2.0","ContentType":"text/html","KeepAsUrl":"0","Description":"ProductStory2.0","Size":"16386","IsPrivate":"0","Updated":"2025-09-09 10:44:52","Language":"FI","IsVideo":0},{"ID":"B1D3C271-10A3-42A5-8998-F0E73AAAB63C","URL":"https://live-html.icecat.biz/f102866b59eb344733c72bf0eb874f84/index.html","Type":"ProductStory","ContentType":"application/zip","KeepAsUrl":"0","Description":"ProductStory","Size":"4760","IsPrivate":"0","Updated":"2025-09-09 10:44:56","Language":"FI","IsVideo":0}],"Gallery":[{"ID":"102623317","LowPic":"https://inishop.com/img/gallery_lows/e8e232c50a5670355981190bc2b7da7ccfd01f29.jpg","LowSize":"24479","LowHeight":"200","LowWidth":"179","ThumbPic":"https://inishop.com/img/gallery_thumbs/957d6a932029776280e41bf87e4e4410ceb7c48a.jpg","ThumbPicSize":"6850","Pic":"https://inishop.com/img/gallery/d6ae80547697a282f79a4e2df04b8eb2e3d1300c.jpg","Size":"2005592","PicHeight":"3402","PicWidth":"3041","Pic500x500":"https://inishop.com/img/gallery_mediums/42f3885d0d8a1f4d0eeaab131589acb966cb8f66.jpg","Pic500x500Size":"86769","Pic500x500Height":"500","Pic500x500Width":"447","No":"1","IsMain":"Y","Updated":"2025-03-11 10:35:29","IsPrivate":"0","Type":"ProductImage","Attributes":{"OriginalFileName":""}},{"ID":"102623318","LowPic":"https://inishop.com/img/gallery_lows/bccf31464216e7b59ba3e41b433d86c0e132aebd.jpg","LowSize":"19326","LowHeight":"200","LowWidth":"200","ThumbPic":"https://inishop.com/img/gallery_thumbs/e3768e7d2bcb3ed36e01020a680c68c62ccdceb6.jpg","ThumbPicSize":"4587","Pic":"https://inishop.com/img/gallery/82cc99f079957daab85ed5441e3d167af3d2dd0c.jpg","Size":"8085899","PicHeight":"4000","PicWidth":"4000","Pic500x500":"https://inishop.com/img/gallery_mediums/36c30fb8ad5cabf5a61ae13e9cf3eae7cef5e50a.jpg","Pic500x500Size":"120369","Pic500x500Height":"500","Pic500x500Width":"500","No":"2","IsMain":"N","Updated":"2025-03-04 18:52:33","IsPrivate":"0","Type":"Other","Attributes":{"OriginalFileName":""}},{"ID":"102623319","LowPic":"https://inishop.com/img/gallery_lows/1459b403cc8a0daee011c3b6503a986dd44d9c1d.jpg","LowSize":"48548","LowHeight":"200","LowWidth":"200","ThumbPic":"https://inishop.com/img/gallery_thumbs/d0514131316411706707aa9cab06c5e40a6b002b.jpg","ThumbPicSize":"10214","Pic":"https://inishop.com/img/gallery/6939279bd09a607655dedb331d9297c9961e40b6.jpg","Size":"7745798","PicHeight":"4000","PicWidth":"4000","Pic500x500":"https://inishop.com/img/gallery_mediums/d43db06669f46131d8144f6b4979ee0a67cce5b8.jpg","Pic500x500Size":"251100","Pic500x500Height":"500","Pic500x500Width":"500","No":"3","IsMain":"N","Updated":"2025-03-04 18:52:33","IsPrivate":"0","Type":"LifestyleImage","Attributes":{"OriginalFileName":""}}],"FeaturesGroups":[{"ID":833,"SortNo":"110","FeatureGroup":{"ID":"5","Name":{"Value":"Näyttö","Language":"FI"}},"Features":[{"Localized":0,"ID":750485029,"LocalID":0,"Type":"numerical","Value":"11","CategoryFeatureId":"11611","CategoryFeatureGroupID":"833","SortNo":"99","PresentationValue":"27,9 cm (11\")","RawValue":"11","LocalValue":"27,9","Description":"Tämän tuotteen näytön koko, ilmaistuna diagonaalin tuumina.","Mandatory":"1","Searchable":"1","Optional":"0","Feature":{"ID":"944","Sign":"","Measure":{"ID":"16","Sign":"","Signs":{"ID":"3161","_":"\"","Language":"FI"}},"Name":{"Value":"Näytön halkaisija","Language":"FI"}}},{"Localized":0,"ID":750485064,"LocalID":0,"Type":"2d","Value":"2360 x 1640","CategoryFeatureId":"30350","CategoryFeatureGroupID":"833","SortNo":"38","PresentationValue":"2360 x 1640 pikseliä","RawValue":"2360 x 1640","LocalValue":"2360 x 1640","Description":"Järjestelmän näytön resoluutio.","Mandatory":"1","Searchable":"0","Optional":"0","Feature":{"ID":"1585","Sign":"","Measure":{"ID":"39","Sign":"","Signs":{"ID":"13827","_":"pikseliä","Language":"FI"}},"Name":{"Value":"Näytön erottelutarkkuus","Language":"FI"}}},{"Localized":0,"ID":750485175,"LocalID":0,"Type":"y_n","Value":"Y","CategoryFeatureId":"45723","CategoryFeatureGroupID":"833","SortNo":"36","PresentationValue":"Kyllä","RawValue":"Y","LocalValue":"Kyllä","Description":"A backlight is a form of illumination used in liquid crystal displays (LCDs). One type of backlight is made by LEDs","Mandatory":"0","Searchable":"0","Optional":"0","Feature":{"ID":"6784","Sign":"","Measure":{"ID":"26","Sign":"","Signs":{"ID":"","_":"","Language":"FI"}},"Name":{"Value":"LED-taustavalo","Language":"FI"}}},{"Localized":0,"ID":750485357,"LocalID":0,"Type":"dropdown","Value":"IPS","CategoryFeatureId":"710616","CategoryFeatureGroupID":"833","SortNo":"36","PresentationValue":"IPS","RawValue":"IPS","LocalValue":"IPS","Description":"","Mandatory":"1","Searchable":"1","Optional":"0","Feature":{"ID":"15285","Sign":"","Measure":{"ID":"29","Sign":"","Signs":{"ID":"","_":"","Language":"FI"}},"Name":{"Value":"Paneelin tyyppi","Language":"FI"}}},{"Localized":0,"ID":750485500,"LocalID":0,"Type":"dropdown","Value":"Liquid Retina","CategoryFeatureId":"939510","CategoryFeatureGroupID":"833","SortNo":"36","PresentationValue":"Liquid Retina","RawValue":"Liquid Retina","LocalValue":"Liquid Retina","Description":"","Mandatory":"0","Searchable":"0","Optional":"0","Feature":{"ID":"46952","Sign":"","Measure":{"ID":"29","Sign":"","Signs":{"ID":"","_":"","Language":"FI"}},"Name":{"Value":"Näyttöteknologian markkinointinimi","Language":"FI"}}},{"Localized":0,"ID":750485054,"LocalID":0,"Type":"numerical","Value":"500","CategoryFeatureId":"45724","CategoryFeatureGroupID":"833","SortNo":"35","PresentationValue":"500 cd/m²","RawValue":"500","LocalValue":"500","Description":"Kirkkaus on määrä säteilevän valon näytöstä. Kirkkaus luokitus mitataan candellas neliömetriä kohden; kutsutaan yleisesti \"saivareet\".","Mandatory":"0","Searchable":"0","Optional":"0","Feature":{"ID":"1389","Sign":"","Measure":{"ID":"43","Sign":"","Signs":{"ID":"13831","_":"cd/m²","Language":"FI"}},"Name":{"Value":"Näytön kirkkaus","Language":"FI"}}},{"Localized":0,"ID":750616653,"LocalID":0,"Type":"dropdown","Value":"Multi-touch","CategoryFeatureId":"50069","CategoryFeatureGroupID":"833","SortNo":"27","PresentationValue":"Multi-touch","RawValue":"Multi-touch","LocalValue":"Multi-touch","Description":"Technology of touch sensetive screen e.g. dual-touch.","Mandatory":"0","Searchable":"0","Optional":"1","Feature":{"ID":"7698","Sign":"","Measure":{"ID":"29","Sign":"","Signs":{"ID":"","_":"","Language":"FI"}},"Name":{"Value":"Kosketusteknologia","Language":"FI"}}},{"Localized":0,"ID":750485211,"LocalID":0,"Type":"dropdown","Value":"Capacitive","CategoryFeatureId":"59314","CategoryFeatureGroupID":"833","SortNo":"0","PresentationValue":"Kapasitiivinen","RawValue":"Capacitive","LocalValue":"Kapasitiivinen","Description":"There are a variety of touchscreen technologies that have different methods of sensing touch","Mandatory":"0","Searchable":"0","Optional":"0","Feature":{"ID":"8097","Sign":"","Measure":{"ID":"29","Sign":"","Signs":{"ID":"","_":"","Language":"FI"}},"Name":{"Value":"Kosketusnäytön tyyppi","Language":"FI"}}},{"Localized":0,"ID":750485337,"LocalID":0,"Type":"numerical","Value":"264","CategoryFeatureId":"103273","CategoryFeatureGroupID":"833","SortNo":"0","PresentationValue":"264 ppi","RawValue":"264","LocalValue":"264","Description":"","Mandatory":"0","Searchable":"0","Optional":"0","Feature":{"ID":"13246","Sign":"","Measure":{"ID":"243","Sign":"","Signs":{"ID":"14522","_":"ppi","Language":"FI"}},"Name":{"Value":"Pikselitiheys","Language":"FI"}}},{"Localized":0,"ID":750485441,"LocalID":0,"Type":"y_n","Value":"Y","CategoryFeatureId":"291772","CategoryFeatureGroupID":"833","SortNo":"0","PresentationValue":"Kyllä","RawValue":"Y","LocalValue":"Kyllä","Description":"","Mandatory":"0","Searchable":"0","Optional":"0","Feature":{"ID":"33690","Sign":"","Measure":{"ID":"26","Sign":"","Signs":{"ID":"","_":"","Language":"FI"}},"Name":{"Value":"Pyöristetyt näytön kulmat","Language":"FI"}}},{"Localized":0,"ID":750485511,"LocalID":0,"Type":"numerical","Value":"1","CategoryFeatureId":"952655","CategoryFeatureGroupID":"833","SortNo":"0","PresentationValue":"1","RawValue":"1","LocalValue":"1","Description":"","Mandatory":"0","Searchable":"0","Optional":"0","Feature":{"ID":"47948","Sign":"","Measure":{"ID":"29","Sign":"","Signs":{"ID":"","_":"","Language":"FI"}},"Name":{"Value":"Tuettujen ulkoisten näyttöjen määrä","Language":"FI"}}},{"Localized":0,"ID":750616673,"LocalID":0,"Type":"y_n","Value":"Y","CategoryFeatureId":"952659","CategoryFeatureGroupID":"833","SortNo":"0","PresentationValue":"Kyllä","RawValue":"Y","LocalValue":"Kyllä","Description":"","Mandatory":"0","Searchable":"0","Optional":"1","Feature":{"ID":"38673","Sign":"","Measure":{"ID":"26","Sign":"","Signs":{"ID":"","_":"","Language":"FI"}},"Name":{"Value":"Oleofobinen pinnoite","Language":"FI"}}},{"Localized":0,"ID":750485531,"LocalID":0,"Type":"y_n","Value":"Y","CategoryFeatureId":"968134","CategoryFeatureGroupID":"833","SortNo":"0","PresentationValue":"Kyllä","RawValue":"Y","LocalValue":"Kyllä","Description":"","Mandatory":"0","Searchable":"0","Optional":"0","Feature":{"ID":"48399","Sign":"","Measure":{"ID":"26","Sign":"","Signs":{"ID":"","_":"","Language":"FI"}},"Name":{"Value":"Videon peilaus","Language":"FI"}}},{"Localized":0,"ID":750485344,"LocalID":0,"Type":"y_n","Value":"Y","CategoryFeatureId":"291774","CategoryFeatureGroupID":"833","SortNo":"-5","PresentationValue":"Kyllä","RawValue":"Y","LocalValue":"Kyllä","Description":"","Mandatory":"0","Searchable":"0","Optional":"0","Feature":{"ID":"14752","Sign":"","Measure":{"ID":"26","Sign":"","Signs":{"ID":"","_":"","Language":"FI"}},"Name":{"Value":"Sormenjälkiresistantti","Language":"FI"}}}]},{"ID":830,"SortNo":"100","FeatureGroup":{"ID":"1","Name":{"Value":"Prosessori","Language":"FI"}},"Features":[{"Localized":0,"ID":750485034,"LocalID":0,"Type":"dropdown","Value":"Apple","CategoryFeatureId":"102551","CategoryFeatureGroupID":"830","SortNo":"1001050","PresentationValue":"Apple","RawValue":"Apple","LocalValue":"Apple","Description":"The manufacturer that produced the processor.","Mandatory":"1","Searchable":"0","Optional":"0","Feature":{"ID":"1013","Sign":"","Measure":{"ID":"29","Sign":"","Signs":{"ID":"","_":"","Language":"FI"}},"Name":{"Value":"Suoritinvalmistaja","Language":"FI"}}},{"Localized":0,"ID":750485118,"LocalID":0,"Type":"dropdown","Value":"Apple","CategoryFeatureId":"11580","CategoryFeatureGroupID":"830","SortNo":"900","PresentationValue":"Apple","RawValue":"Apple","LocalValue":"Apple","Description":"Prosessorisarja johon prosessori kuuluu.","Mandatory":"1","Searchable":"0","Optional":"0","Feature":{"ID":"2196","Sign":"","Measure":{"ID":"29","Sign":"","Signs":{"ID":"","_":"","Language":"FI"}},"Name":{"Value":"Suoritinperhe","Language":"FI"}}},{"Localized":0,"ID":750484941,"LocalID":0,"Type":"dropdown","Value":"A16","CategoryFeatureId":"6931","CategoryFeatureGroupID":"830","SortNo":"800","PresentationValue":"A16","RawValue":"A16","LocalValue":"A16","Description":"The model number for the processor in a computer.","Mandatory":"1","Searchable":"0","Optional":"0","Feature":{"ID":"47","Sign":"","Measure":{"ID":"29","Sign":"","Signs":{"ID":"","_":"","Language":"FI"}},"Name":{"Value":"Prosessorimalli","Language":"FI"}}},{"Localized":0,"ID":750485167,"LocalID":0,"Type":"numerical","Value":"5","CategoryFeatureId":"57773","CategoryFeatureGroupID":"830","SortNo":"300","PresentationValue":"5","RawValue":"5","LocalValue":"5","Description":"The number of central processing units ('cores') in a processor. Some processors have 1 core","Mandatory":"0","Searchable":"0","Optional":"0","Feature":{"ID":"6089","Sign":"","Measure":{"ID":"29","Sign":"","Signs":{"ID":"","_":"","Language":"FI"}},"Name":{"Value":"Prosessorin ytimet","Language":"FI"}}},{"Localized":0,"ID":750485371,"LocalID":0,"Type":"y_n","Value":"Y","CategoryFeatureId":"107333","CategoryFeatureGroupID":"830","SortNo":"-11","PresentationValue":"Kyllä","RawValue":"Y","LocalValue":"Kyllä","Description":"","Mandatory":"0","Searchable":"0","Optional":"0","Feature":{"ID":"17981","Sign":"","Measure":{"ID":"26","Sign":"","Signs":{"ID":"","_":"","Language":"FI"}},"Name":{"Value":"Rinnakkaissuoritin","Language":"FI"}}},{"Localized":0,"ID":750485379,"LocalID":0,"Type":"dropdown","Value":"Neural Engine","CategoryFeatureId":"107335","CategoryFeatureGroupID":"830","SortNo":"-13","PresentationValue":"Neural Engine","RawValue":"Neural Engine","LocalValue":"Neural Engine","Description":"","Mandatory":"0","Searchable":"0","Optional":"0","Feature":{"ID":"18116","Sign":"","Measure":{"ID":"29","Sign":"","Signs":{"ID":"","_":"","Language":"FI"}},"Name":{"Value":"Rinnakkaissuorittimen malli","Language":"FI"}}},{"Localized":0,"ID":750485375,"LocalID":0,"Type":"numerical","Value":"16","CategoryFeatureId":"107337","CategoryFeatureGroupID":"830","SortNo":"-15","PresentationValue":"16","RawValue":"16","LocalValue":"16","Description":"","Mandatory":"0","Searchable":"0","Optional":"0","Feature":{"ID":"17983","Sign":"","Measure":{"ID":"29","Sign":"","Signs":{"ID":"","_":"","Language":"FI"}},"Name":{"Value":"Rinnakkaissuorittimen ytimet","Language":"FI"}}}]},{"ID":4142,"SortNo":"92","FeatureGroup":{"ID":"47","Name":{"Value":"Tallennusväline","Language":"FI"}},"Features":[{"Localized":0,"ID":750485234,"LocalID":0,"Type":"numerical","Value":"256","CategoryFeatureId":"71618","CategoryFeatureGroupID":"4142","SortNo":"402","PresentationValue":"256 GB","RawValue":"256","LocalValue":"256","Description":"The amount e.g of data which can be stored inside the device.","Mandatory":"1","Searchable":"1","Optional":"0","Feature":{"ID":"8730","Sign":"","Measure":{"ID":"20","Sign":"","Signs":{"ID":"13811","_":"GB","Language":"FI"}},"Name":{"Value":"Sisäinen tallennuskapasiteetti","Language":"FI"}}},{"Localized":0,"ID":750485137,"LocalID":0,"Type":"y_n","Value":"N","CategoryFeatureId":"21005","CategoryFeatureGroupID":"4142","SortNo":"20","PresentationValue":"Ei","RawValue":"N","LocalValue":"Ei","Description":"A card reader is a device that enables reading and, in some cases, writing data to and from a memory card.","Mandatory":"1","Searchable":"1","Optional":"0","Feature":{"ID":"3374","Sign":"","Measure":{"ID":"26","Sign":"","Signs":{"ID":"","_":"","Language":"FI"}},"Name":{"Value":"Integroitu kortinlukija","Language":"FI"}}},{"Localized":0,"ID":750485308,"LocalID":0,"Type":"dropdown","Value":"Flash","CategoryFeatureId":"105669","CategoryFeatureGroupID":"4142","SortNo":"5","PresentationValue":"Flash","RawValue":"Flash","LocalValue":"Flash","Description":"Used for the storage of date e.g. HDD (hard disk drive)","Mandatory":"1","Searchable":"0","Optional":"0","Feature":{"ID":"11441","Sign":"","Measure":{"ID":"29","Sign":"","Signs":{"ID":"","_":"","Language":"FI"}},"Name":{"Value":"Tallennusmedia","Language":"FI"}}}]},{"ID":8329,"SortNo":"86","FeatureGroup":{"ID":"163","Name":{"Value":"Grafiikka","Language":"FI"}},"Features":[{"Localized":0,"ID":750485187,"LocalID":0,"Type":"multi_dropdown","Value":"Apple","CategoryFeatureId":"46082","CategoryFeatureGroupID":"8329","SortNo":"40","PresentationValue":"Apple","RawValue":"Apple","LocalValue":"Apple","Description":"","Mandatory":"0","Searchable":"0","Optional":"0","Feature":{"ID":"7490","Sign":"","Measure":{"ID":"29","Sign":"","Signs":{"ID":"","_":"","Language":"FI"}},"Name":{"Value":"Näytönohjainperhe","Language":"FI"}}},{"Localized":0,"ID":750485451,"LocalID":0,"Type":"dropdown","Value":"4","CategoryFeatureId":"291775","CategoryFeatureGroupID":"8329","SortNo":"17","PresentationValue":"4","RawValue":"4","LocalValue":"4","Description":"","Mandatory":"0","Searchable":"0","Optional":"0","Feature":{"ID":"37530","Sign":"","Measure":{"ID":"29","Sign":"","Signs":{"ID":"","_":"","Language":"FI"}},"Name":{"Value":"Grafiikka-adapterin ytimet","Language":"FI"}}}]},{"ID":846,"SortNo":"82","FeatureGroup":{"ID":"9","Name":{"Value":"Ääni","Language":"FI"}},"Features":[{"Localized":0,"ID":750485108,"LocalID":0,"Type":"numerical","Value":"2","CategoryFeatureId":"20063","CategoryFeatureGroupID":"846","SortNo":"19","PresentationValue":"2","RawValue":"2","LocalValue":"2","Description":"","Mandatory":"0","Searchable":"0","Optional":"0","Feature":{"ID":"1851","Sign":"","Measure":{"ID":"29","Sign":"","Signs":{"ID":"","_":"","Language":"FI"}},"Name":{"Value":"Sisäänrakennettujen kaiuttimien määrä","Language":"FI"}}},{"Localized":0,"ID":750485182,"LocalID":0,"Type":"numerical","Value":"2","CategoryFeatureId":"317067","CategoryFeatureGroupID":"846","SortNo":"18","PresentationValue":"2","RawValue":"2","LocalValue":"2","Description":"","Mandatory":"0","Searchable":"0","Optional":"0","Feature":{"ID":"7252","Sign":"","Measure":{"ID":"29","Sign":"","Signs":{"ID":"","_":"","Language":"FI"}},"Name":{"Value":"Mikrofonien lukumäärä","Language":"FI"}}},{"Localized":0,"ID":750616663,"LocalID":0,"Type":"multi_dropdown","Value":"Dolby Atmos,Dolby Digital,Dolby Digital Plus","CategoryFeatureId":"952656","CategoryFeatureGroupID":"846","SortNo":"0","PresentationValue":"Dolby Atmos, Dolby Digital, Dolby Digital Plus","RawValue":"Dolby Atmos,Dolby Digital,Dolby Digital Plus","LocalValue":"Dolby Atmos, Dolby Digital, Dolby Digital Plus","Description":"","Mandatory":"0","Searchable":"0","Optional":"0","Feature":{"ID":"8028","Sign":"","Measure":{"ID":"29","Sign":"","Signs":{"ID":"","_":"","Language":"FI"}},"Name":{"Value":"Dolby-teknologia","Language":"FI"}}}]},{"ID":4346,"SortNo":"80","FeatureGroup":{"ID":"95","Name":{"Value":"Kamera","Language":"FI"}},"Features":[{"Localized":0,"ID":750485413,"LocalID":0,"Type":"dropdown","Value":"Single camera","CategoryFeatureId":"331455","CategoryFeatureGroupID":"4346","SortNo":"100","PresentationValue":"Yksi kamera","RawValue":"Single camera","LocalValue":"Yksi kamera","Description":"Indicates the type of the camera at the back of the product, dual or single.","Mandatory":"1","Searchable":"1","Optional":"0","Feature":{"ID":"27587","Sign":"","Measure":{"ID":"29","Sign":"","Signs":{"ID":"","_":"","Language":"FI"}},"Name":{"Value":"Takakameran tyyppi","Language":"FI"}}},{"Localized":0,"ID":750485316,"LocalID":0,"Type":"numerical","Value":"12","CategoryFeatureId":"80813","CategoryFeatureGroupID":"4346","SortNo":"90","PresentationValue":"12 MP","RawValue":"12","LocalValue":"12","Description":"The resolution of the images produced with the rear camera, given in MP (megapixel. 1 MP = 1 million pixels).","Mandatory":"1","Searchable":"0","Optional":"0","Feature":{"ID":"12435","Sign":"","Measure":{"ID":"165","Sign":"","Signs":{"ID":"13942","_":"MP","Language":"FI"}},"Name":{"Value":"Takakameran resoluutio (numeerinen)","Language":"FI"}}},{"Localized":0,"ID":750485416,"LocalID":0,"Type":"numerical","Value":"1.8","CategoryFeatureId":"211145","CategoryFeatureGroupID":"4346","SortNo":"50","PresentationValue":"1,8","RawValue":"1.8","LocalValue":"1,8","Description":"","Mandatory":"0","Searchable":"0","Optional":"0","Feature":{"ID":"27597","Sign":"","Measure":{"ID":"29","Sign":"","Signs":{"ID":"","_":"","Language":"FI"}},"Name":{"Value":"Takakameran aukon luku","Language":"FI"}}},{"Localized":0,"ID":750485465,"LocalID":0,"Type":"dropdown","Value":"5-element lens","CategoryFeatureId":"929793","CategoryFeatureGroupID":"4346","SortNo":"45","PresentationValue":"5-elementtinen linssi","RawValue":"5-element lens","LocalValue":"5-elementtinen linssi","Description":"","Mandatory":"0","Searchable":"0","Optional":"0","Feature":{"ID":"42442","Sign":"","Measure":{"ID":"29","Sign":"","Signs":{"ID":"","_":"","Language":"FI"}},"Name":{"Value":"Takakameran linssielementit","Language":"FI"}}},{"Localized":0,"ID":750484947,"LocalID":0,"Type":"numerical","Value":"5","CategoryFeatureId":"57793","CategoryFeatureGroupID":"4346","SortNo":"34","PresentationValue":"5x","RawValue":"5","LocalValue":"5","Description":"Ilmaisee digitaalisen zoomin kapasiteetin, joka tarkoitta kuinka monta kertaa kuva on suurennettu digitaalitekniikan ansiosta.","Mandatory":"0","Searchable":"0","Optional":"0","Feature":{"ID":"48","Sign":"","Measure":{"ID":"33","Sign":"","Signs":{"ID":"13821","_":"x","Language":"FI"}},"Name":{"Value":"Digitaalinen zoomaus","Language":"FI"}}},{"Localized":0,"ID":750485067,"LocalID":0,"Type":"y_n","Value":"Y","CategoryFeatureId":"50079","CategoryFeatureGroupID":"4346","SortNo":"33","PresentationValue":"Kyllä","RawValue":"Y","LocalValue":"Kyllä","Description":"Device focusing a camera or other piece of equipment automatically.","Mandatory":"0","Searchable":"0","Optional":"0","Feature":{"ID":"1614","Sign":"","Measure":{"ID":"26","Sign":"","Signs":{"ID":"","_":"","Language":"FI"}},"Name":{"Value":"Automaattinen tarkennus","Language":"FI"}}},{"Localized":0,"ID":750485145,"LocalID":0,"Type":"y_n","Value":"Y","CategoryFeatureId":"929794","CategoryFeatureGroupID":"4346","SortNo":"33","PresentationValue":"Kyllä","RawValue":"Y","LocalValue":"Kyllä","Description":"","Mandatory":"0","Searchable":"0","Optional":"0","Feature":{"ID":"3711","Sign":"","Measure":{"ID":"26","Sign":"","Signs":{"ID":"","_":"","Language":"FI"}},"Name":{"Value":"Panoraama","Language":"FI"}}},{"Localized":0,"ID":750485423,"LocalID":0,"Type":"y_n","Value":"Y","CategoryFeatureId":"929795","CategoryFeatureGroupID":"4346","SortNo":"33","PresentationValue":"Kyllä","RawValue":"Y","LocalValue":"Kyllä","Description":"","Mandatory":"0","Searchable":"0","Optional":"0","Feature":{"ID":"28715","Sign":"","Measure":{"ID":"26","Sign":"","Signs":{"ID":"","_":"","Language":"FI"}},"Name":{"Value":"Nopeutus-tila","Language":"FI"}}},{"Localized":0,"ID":750616638,"LocalID":0,"Type":"y_n","Value":"Y","CategoryFeatureId":"211147","CategoryFeatureGroupID":"4346","SortNo":"31","PresentationValue":"Kyllä","RawValue":"Y","LocalValue":"Kyllä","Description":"Toiminto kompensoi käsien helumisen aiheuttavat liikkeet ja takaa tasaisen kuvamateriaalia myös epäedullisissa olosuhteissa.","Mandatory":"0","Searchable":"0","Optional":"0","Feature":{"ID":"1578","Sign":"","Measure":{"ID":"26","Sign":"","Signs":{"ID":"","_":"","Language":"FI"}},"Name":{"Value":"Kuvanvakain","Language":"FI"}}},{"Localized":0,"ID":750485447,"LocalID":0,"Type":"y_n","Value":"Y","CategoryFeatureId":"952681","CategoryFeatureGroupID":"4346","SortNo":"31","PresentationValue":"Kyllä","RawValue":"Y","LocalValue":"Kyllä","Description":"","Mandatory":"0","Searchable":"0","Optional":"0","Feature":{"ID":"36310","Sign":"","Measure":{"ID":"26","Sign":"","Signs":{"ID":"","_":"","Language":"FI"}},"Name":{"Value":"HDR-tuettu","Language":"FI"}}},{"Localized":0,"ID":750485455,"LocalID":0,"Type":"dropdown","Value":"Dolby Vision,High Dynamic Range 10 (HDR10),Smart HDR 4","CategoryFeatureId":"952643","CategoryFeatureGroupID":"4346","SortNo":"30","PresentationValue":"Dolby Vision, High Dynamic Range 10 (HDR10), Smart HDR 4","RawValue":"Dolby Vision,High Dynamic Range 10 (HDR10),Smart HDR 4","LocalValue":"Dolby Vision, High Dynamic Range 10 (HDR10), Smart HDR 4","Description":"","Mandatory":"0","Searchable":"0","Optional":"0","Feature":{"ID":"40712","Sign":"","Measure":{"ID":"29","Sign":"","Signs":{"ID":"","_":"","Language":"FI"}},"Name":{"Value":"Korkeadynaaminen teknologia-alue (HDR)","Language":"FI"}}},{"Localized":0,"ID":750485508,"LocalID":0,"Type":"y_n","Value":"Y","CategoryFeatureId":"952646","CategoryFeatureGroupID":"4346","SortNo":"30","PresentationValue":"Kyllä","RawValue":"Y","LocalValue":"Kyllä","Description":"","Mandatory":"0","Searchable":"0","Optional":"0","Feature":{"ID":"47944","Sign":"","Measure":{"ID":"26","Sign":"","Signs":{"ID":"","_":"","Language":"FI"}},"Name":{"Value":"Elokuvallisen videon vakautus","Language":"FI"}}},{"Localized":0,"ID":750485223,"LocalID":0,"Type":"y_n","Value":"Y","CategoryFeatureId":"57776","CategoryFeatureGroupID":"4346","SortNo":"29","PresentationValue":"Kyllä","RawValue":"Y","LocalValue":"Kyllä","Description":"Recording moving visual images.","Mandatory":"0","Searchable":"0","Optional":"0","Feature":{"ID":"8649","Sign":"","Measure":{"ID":"26","Sign":"","Signs":{"ID":"","_":"","Language":"FI"}},"Name":{"Value":"Videon tallennus","Language":"FI"}}},{"Localized":0,"ID":750485190,"LocalID":0,"Type":"2d","Value":"3840 x 2160","CategoryFeatureId":"57784","CategoryFeatureGroupID":"4346","SortNo":"29","PresentationValue":"3840 x 2160 pikseliä","RawValue":"3840 x 2160","LocalValue":"3840 x 2160","Description":"This is the maximum resolution of video images. Resolution is a measure of the degree of detail visible.","Mandatory":"0","Searchable":"0","Optional":"0","Feature":{"ID":"7514","Sign":"","Measure":{"ID":"39","Sign":"","Signs":{"ID":"13827","_":"pikseliä","Language":"FI"}},"Name":{"Value":"Videon enimmäisresoluutio","Language":"FI"}}},{"Localized":0,"ID":750485244,"LocalID":0,"Type":"multi_dropdown","Value":"720p,1080p,2160p","CategoryFeatureId":"95612","CategoryFeatureGroupID":"4346","SortNo":"29","PresentationValue":"720p, 1080p, 2160p","RawValue":"720p,1080p,2160p","LocalValue":"720p, 1080p, 2160p","Description":"","Mandatory":"0","Searchable":"0","Optional":"0","Feature":{"ID":"8745","Sign":"","Measure":{"ID":"29","Sign":"","Signs":{"ID":"","_":"","Language":"FI"}},"Name":{"Value":"Videotallennustilat","Language":"FI"}}},{"Localized":0,"ID":750485125,"LocalID":0,"Type":"multi_dropdown","Value":"1280x720@30fps,1280x720@60fps,1920x1080@25fps,1920x1080@30fps,1920x1080@60fps,3840x2160@24fps,3840x2160@25fps,3840x2160@30fps,3840x2160@60fps","CategoryFeatureId":"211157","CategoryFeatureGroupID":"4346","SortNo":"29","PresentationValue":"1280x720@30fps, 1280x720@60fps, 1920x1080@25fps, 1920x1080@30fps, 1920x1080@60fps, 3840x2160@24fps, 3840x2160@25fps, 3840x2160@30fps, 3840x2160@60fps","RawValue":"1280x720@30fps,1280x720@60fps,1920x1080@25fps,1920x1080@30fps,1920x1080@60fps,3840x2160@24fps,3840x2160@25fps,3840x2160@30fps,3840x2160@60fps","LocalValue":"1280x720@30fps, 1280x720@60fps, 1920x1080@25fps, 1920x1080@30fps, 1920x1080@60fps, 3840x2160@24fps, 3840x2160@25fps, 3840x2160@30fps, 3840x2160@60fps","Description":"","Mandatory":"0","Searchable":"0","Optional":"0","Feature":{"ID":"2963","Sign":"","Measure":{"ID":"29","Sign":"","Signs":{"ID":"","_":"","Language":"FI"}},"Name":{"Value":"Resoluutio kaappausnopeudella","Language":"FI"}}},{"Localized":0,"ID":750485123,"LocalID":0,"Type":"numerical","Value":"240","CategoryFeatureId":"63466","CategoryFeatureGroupID":"4346","SortNo":"28","PresentationValue":"240 fps","RawValue":"240","LocalValue":"240","Description":"","Mandatory":"0","Searchable":"0","Optional":"0","Feature":{"ID":"2791","Sign":"","Measure":{"ID":"85","Sign":"","Signs":{"ID":"13870","_":"fps","Language":"FI"}},"Name":{"Value":"Videon sieppausnopeus","Language":"FI"}}},{"Localized":0,"ID":750485254,"LocalID":0,"Type":"y_n","Value":"Y","CategoryFeatureId":"95613","CategoryFeatureGroupID":"4346","SortNo":"27","PresentationValue":"Kyllä","RawValue":"Y","LocalValue":"Kyllä","Description":"","Mandatory":"0","Searchable":"0","Optional":"0","Feature":{"ID":"8746","Sign":"","Measure":{"ID":"26","Sign":"","Signs":{"ID":"","_":"","Language":"FI"}},"Name":{"Value":"Videovakain","Language":"FI"}}},{"Localized":0,"ID":750485322,"LocalID":0,"Type":"y_n","Value":"Y","CategoryFeatureId":"80815","CategoryFeatureGroupID":"4346","SortNo":"22","PresentationValue":"Kyllä","RawValue":"Y","LocalValue":"Kyllä","Description":"Camera at the front of the product.","Mandatory":"1","Searchable":"0","Optional":"0","Feature":{"ID":"12436","Sign":"","Measure":{"ID":"26","Sign":"","Signs":{"ID":"","_":"","Language":"FI"}},"Name":{"Value":"Etukamera","Language":"FI"}}},{"Localized":0,"ID":750485330,"LocalID":0,"Type":"numerical","Value":"12","CategoryFeatureId":"80816","CategoryFeatureGroupID":"4346","SortNo":"21","PresentationValue":"12 MP","RawValue":"12","LocalValue":"12","Description":"","Mandatory":"0","Searchable":"0","Optional":"0","Feature":{"ID":"12437","Sign":"","Measure":{"ID":"165","Sign":"","Signs":{"ID":"13942","_":"MP","Language":"FI"}},"Name":{"Value":"Etukameran resoluutio (numeerinen)","Language":"FI"}}},{"Localized":0,"ID":750485418,"LocalID":0,"Type":"numerical","Value":"2.4","CategoryFeatureId":"211144","CategoryFeatureGroupID":"4346","SortNo":"21","PresentationValue":"2,4","RawValue":"2.4","LocalValue":"2,4","Description":"","Mandatory":"0","Searchable":"0","Optional":"0","Feature":{"ID":"27601","Sign":"","Measure":{"ID":"29","Sign":"","Signs":{"ID":"","_":"","Language":"FI"}},"Name":{"Value":"Etukameran aukko","Language":"FI"}}},{"Localized":0,"ID":750485521,"LocalID":0,"Type":"y_n","Value":"Y","CategoryFeatureId":"968133","CategoryFeatureGroupID":"4346","SortNo":"20","PresentationValue":"Kyllä","RawValue":"Y","LocalValue":"Kyllä","Description":"","Mandatory":"0","Searchable":"0","Optional":"0","Feature":{"ID":"48309","Sign":"","Measure":{"ID":"26","Sign":"","Signs":{"ID":"","_":"","Language":"FI"}},"Name":{"Value":"Linssin korjaus","Language":"FI"}}},{"Localized":0,"ID":750485431,"LocalID":0,"Type":"y_n","Value":"Y","CategoryFeatureId":"211158","CategoryFeatureGroupID":"4346","SortNo":"19","PresentationValue":"Kyllä","RawValue":"Y","LocalValue":"Kyllä","Description":"","Mandatory":"0","Searchable":"0","Optional":"0","Feature":{"ID":"31439","Sign":"","Measure":{"ID":"26","Sign":"","Signs":{"ID":"","_":"","Language":"FI"}},"Name":{"Value":"Näytön vilkunta","Language":"FI"}}},{"Localized":0,"ID":750485226,"LocalID":0,"Type":"y_n","Value":"Y","CategoryFeatureId":"95611","CategoryFeatureGroupID":"4346","SortNo":"18","PresentationValue":"Kyllä","RawValue":"Y","LocalValue":"Kyllä","Description":"","Mandatory":"0","Searchable":"0","Optional":"0","Feature":{"ID":"8697","Sign":"","Measure":{"ID":"26","Sign":"","Signs":{"ID":"","_":"","Language":"FI"}},"Name":{"Value":"Paikkamerkintä","Language":"FI"}}},{"Localized":0,"ID":750485503,"LocalID":0,"Type":"y_n","Value":"Y","CategoryFeatureId":"952645","CategoryFeatureGroupID":"4346","SortNo":"0","PresentationValue":"Kyllä","RawValue":"Y","LocalValue":"Kyllä","Description":"","Mandatory":"0","Searchable":"0","Optional":"0","Feature":{"ID":"47943","Sign":"","Measure":{"ID":"26","Sign":"","Signs":{"ID":"","_":"","Language":"FI"}},"Name":{"Value":"Purskemoodi","Language":"FI"}}},{"Localized":0,"ID":750485524,"LocalID":0,"Type":"y_n","Value":"Y","CategoryFeatureId":"968132","CategoryFeatureGroupID":"4346","SortNo":"0","PresentationValue":"Kyllä","RawValue":"Y","LocalValue":"Kyllä","Description":"","Mandatory":"0","Searchable":"0","Optional":"0","Feature":{"ID":"48398","Sign":"","Measure":{"ID":"26","Sign":"","Signs":{"ID":"","_":"","Language":"FI"}},"Name":{"Value":"Toiston zoom","Language":"FI"}}},{"Localized":0,"ID":750485513,"LocalID":0,"Type":"y_n","Value":"Y","CategoryFeatureId":"1085080","CategoryFeatureGroupID":"4346","SortNo":"0","PresentationValue":"Kyllä","RawValue":"Y","LocalValue":"Kyllä","Description":"","Mandatory":"0","Searchable":"0","Optional":"0","Feature":{"ID":"48209","Sign":"","Measure":{"ID":"26","Sign":"","Signs":{"ID":"","_":"","Language":"FI"}},"Name":{"Value":"Hidastustila","Language":"FI"}}},{"Localized":0,"ID":750485516,"LocalID":0,"Type":"textarea","Value":"1080p at 120 fps or 240 fps","CategoryFeatureId":"1085081","CategoryFeatureGroupID":"4346","SortNo":"0","PresentationValue":"1080p at 120 fps or 240 fps","RawValue":"1080p at 120 fps or 240 fps","LocalValue":"1080p at 120 fps or 240 fps","Description":"","Mandatory":"0","Searchable":"0","Optional":"0","Feature":{"ID":"48210","Sign":"","Measure":{"ID":"29","Sign":"","Signs":{"ID":"","_":"","Language":"FI"}},"Name":{"Value":"Hidastettu liike","Language":"FI"}}},{"Localized":0,"ID":750485555,"LocalID":0,"Type":"y_n","Value":"Y","CategoryFeatureId":"1085082","CategoryFeatureGroupID":"4346","SortNo":"0","PresentationValue":"Kyllä","RawValue":"Y","LocalValue":"Kyllä","Description":"","Mandatory":"0","Searchable":"0","Optional":"0","Feature":{"ID":"48723","Sign":"","Measure":{"ID":"26","Sign":"","Signs":{"ID":"","_":"","Language":"FI"}},"Name":{"Value":"Keskinäyttämö","Language":"FI"}}},{"Localized":0,"ID":750485492,"LocalID":0,"Type":"dropdown","Value":"HEIF,JPEG","CategoryFeatureId":"952677","CategoryFeatureGroupID":"4346","SortNo":"-1","PresentationValue":"HEIF, JPEG","RawValue":"HEIF,JPEG","LocalValue":"HEIF, JPEG","Description":"","Mandatory":"0","Searchable":"0","Optional":"0","Feature":{"ID":"45975","Sign":"","Measure":{"ID":"29","Sign":"","Signs":{"ID":"","_":"","Language":"FI"}},"Name":{"Value":"Kameran tuetut kuvamuodot","Language":"FI"}}},{"Localized":0,"ID":750616677,"LocalID":0,"Type":"y_n","Value":"Y","CategoryFeatureId":"952679","CategoryFeatureGroupID":"4346","SortNo":"-1","PresentationValue":"Kyllä","RawValue":"Y","LocalValue":"Kyllä","Description":"","Mandatory":"0","Searchable":"0","Optional":"0","Feature":{"ID":"46540","Sign":"","Measure":{"ID":"26","Sign":"","Signs":{"ID":"","_":"","Language":"FI"}},"Name":{"Value":"Kameran korkean dynamiikka-alueen (HDR) tila","Language":"FI"}}},{"Localized":0,"ID":750485496,"LocalID":0,"Type":"dropdown","Value":"H.264,HEVC","CategoryFeatureId":"952678","CategoryFeatureGroupID":"4346","SortNo":"-2","PresentationValue":"H.264, HEVC","RawValue":"H.264,HEVC","LocalValue":"H.264, HEVC","Description":"","Mandatory":"0","Searchable":"0","Optional":"0","Feature":{"ID":"45979","Sign":"","Measure":{"ID":"29","Sign":"","Signs":{"ID":"","_":"","Language":"FI"}},"Name":{"Value":"Kameran tuetut videomuodot","Language":"FI"}}}]},{"ID":2678,"SortNo":"74","FeatureGroup":{"ID":"35","Name":{"Value":"Verkko","Language":"FI"}},"Features":[{"Localized":0,"ID":750485453,"LocalID":0,"Type":"dropdown","Value":"Not supported","CategoryFeatureId":"328665","CategoryFeatureGroupID":"2678","SortNo":"10000405","PresentationValue":"Ei tuettu","RawValue":"Not supported","LocalValue":"Ei tuettu","Description":"","Mandatory":"0","Searchable":"0","Optional":"0","Feature":{"ID":"40629","Sign":"","Measure":{"ID":"29","Sign":"","Signs":{"ID":"","_":"","Language":"FI"}},"Name":{"Value":"Mobiiliverkon sukupolvi","Language":"FI"}}},{"Localized":0,"ID":750485402,"LocalID":0,"Type":"y_n","Value":"N","CategoryFeatureId":"328664","CategoryFeatureGroupID":"2678","SortNo":"410","PresentationValue":"Ei","RawValue":"N","LocalValue":"Ei","Description":"","Mandatory":"1","Searchable":"1","Optional":"0","Feature":{"ID":"24557","Sign":"","Measure":{"ID":"26","Sign":"","Signs":{"ID":"","_":"","Language":"FI"}},"Name":{"Value":"Mobiiliverkkoyhteys","Language":"FI"}}},{"Localized":0,"ID":750485115,"LocalID":0,"Type":"y_n","Value":"Y","CategoryFeatureId":"21000","CategoryFeatureGroupID":"2678","SortNo":"300","PresentationValue":"Kyllä","RawValue":"Y","LocalValue":"Kyllä","Description":"Bluetooth on pienitehoinen radiotekniikka, joka on kehitetty korvaamaan nykyisin käytetyt kaapelit ja johdotn linkittämään tai liittämään elektronisia laitteita, kuten tietokoneita, tulostimia, sekä erilaisia ​​kannettavia laitteita kuten matkapuhelimia. Koska se käyttää radio-aallon yhteyytä, Bluetooth-laiteella on jatkuva yhteysä käyttämäänsä selaimeen. Tämä säästää käyttäjän aikaa esimerkiksi turhilta kirjautumisilta sähköposteja tai uutisia lukiessaani.","Mandatory":"0","Searchable":"0","Optional":"0","Feature":{"ID":"2183","Sign":"","Measure":{"ID":"26","Sign":"","Signs":{"ID":"","_":"","Language":"FI"}},"Name":{"Value":"Bluetooth","Language":"FI"}}},{"Localized":0,"ID":750485043,"LocalID":0,"Type":"dropdown","Value":"5.3","CategoryFeatureId":"21001","CategoryFeatureGroupID":"2678","SortNo":"299","PresentationValue":"5.3","RawValue":"5.3","LocalValue":"5.3","Description":"The type of bluetooth technology in the product e.g. Bluetooth Smart (v4.0).","Mandatory":"0","Searchable":"0","Optional":"0","Feature":{"ID":"1208","Sign":"","Measure":{"ID":"29","Sign":"","Signs":{"ID":"","_":"","Language":"FI"}},"Name":{"Value":"Bluetooth-versio","Language":"FI"}}},{"Localized":0,"ID":750485405,"LocalID":0,"Type":"dropdown","Value":"Wi-Fi 6 (802.11ax)","CategoryFeatureId":"169236","CategoryFeatureGroupID":"2678","SortNo":"85","PresentationValue":"Wi-Fi 6 (802.11ax)","RawValue":"Wi-Fi 6 (802.11ax)","LocalValue":"Wi-Fi 6 (802.11ax)","Description":"Connection of this device is done via Wi-Fi in a high standard.","Mandatory":"1","Searchable":"0","Optional":"0","Feature":{"ID":"24993","Sign":"","Measure":{"ID":"29","Sign":"","Signs":{"ID":"","_":"","Language":"FI"}},"Name":{"Value":"Wi-Fi-standardi","Language":"FI"}}},{"Localized":0,"ID":750484974,"LocalID":0,"Type":"multi_dropdown","Value":"Wi-Fi 6 (802.11ax)","CategoryFeatureId":"50074","CategoryFeatureGroupID":"2678","SortNo":"49","PresentationValue":"Wi-Fi 6 (802.11ax)","RawValue":"Wi-Fi 6 (802.11ax)","LocalValue":"Wi-Fi 6 (802.11ax)","Description":"The type of wireless local area network (LAN). It can be ad-hoc","Mandatory":"0","Searchable":"0","Optional":"0","Feature":{"ID":"432","Sign":"","Measure":{"ID":"29","Sign":"","Signs":{"ID":"","_":"","Language":"FI"}},"Name":{"Value":"Wi-Fi-standardit","Language":"FI"}}},{"Localized":0,"ID":750485273,"LocalID":0,"Type":"y_n","Value":"Y","CategoryFeatureId":"57778","CategoryFeatureGroupID":"2678","SortNo":"0","PresentationValue":"Kyllä","RawValue":"Y","LocalValue":"Kyllä","Description":"AirPlay (previously called AirTunes when it was for audio only) is a proprietary protocol stack/suite developed by Apple Inc. that allows wireless streaming of audio","Mandatory":"0","Searchable":"0","Optional":"0","Feature":{"ID":"9763","Sign":"","Measure":{"ID":"26","Sign":"","Signs":{"ID":"","_":"","Language":"FI"}},"Name":{"Value":"AirPlay","Language":"FI"}}},{"Localized":0,"ID":750485287,"LocalID":0,"Type":"y_n","Value":"N","CategoryFeatureId":"86021","CategoryFeatureGroupID":"2678","SortNo":"0","PresentationValue":"Ei","RawValue":"N","LocalValue":"Ei","Description":"","Mandatory":"0","Searchable":"0","Optional":"0","Feature":{"ID":"10157","Sign":"","Measure":{"ID":"26","Sign":"","Signs":{"ID":"","_":"","Language":"FI"}},"Name":{"Value":"Lähialueen kommunikointi (NFC)","Language":"FI"}}},{"Localized":0,"ID":750485259,"LocalID":0,"Type":"dropdown","Value":"N","CategoryFeatureId":"54329","CategoryFeatureGroupID":"2678","SortNo":"-2","PresentationValue":"Ei","RawValue":"N","LocalValue":"Ei","Description":"","Mandatory":"0","Searchable":"0","Optional":"0","Feature":{"ID":"9166","Sign":"","Measure":{"ID":"29","Sign":"","Signs":{"ID":"","_":"","Language":"FI"}},"Name":{"Value":"SIM-kortin tyyppi","Language":"FI"}}}]},{"ID":847,"SortNo":"72","FeatureGroup":{"ID":"12","Name":{"Value":"Liitettävyys","Language":"FI"}},"Features":[{"Localized":0,"ID":750485444,"LocalID":0,"Type":"numerical","Value":"1","CategoryFeatureId":"258698","CategoryFeatureGroupID":"847","SortNo":"80","PresentationValue":"1","RawValue":"1","LocalValue":"1","Description":"","Mandatory":"0","Searchable":"0","Optional":"0","Feature":{"ID":"36228","Sign":"","Measure":{"ID":"29","Sign":"","Signs":{"ID":"","_":"","Language":"FI"}},"Name":{"Value":"USB 2.0 C-tyyppisten porttien määrä","Language":"FI"}}},{"Localized":0,"ID":750485427,"LocalID":0,"Type":"y_n","Value":"Y","CategoryFeatureId":"710619","CategoryFeatureGroupID":"847","SortNo":"65","PresentationValue":"Kyllä","RawValue":"Y","LocalValue":"Kyllä","Description":"","Mandatory":"0","Searchable":"0","Optional":"0","Feature":{"ID":"31406","Sign":"","Measure":{"ID":"26","Sign":"","Signs":{"ID":"","_":"","Language":"FI"}},"Name":{"Value":"USB Type-C DisplayPort Alternate Mode","Language":"FI"}}},{"Localized":0,"ID":819458757,"LocalID":0,"Type":"dropdown","Value":"Bluetooth / USB-C","CategoryFeatureId":"59406","CategoryFeatureGroupID":"847","SortNo":"0","PresentationValue":"Bluetooth / USB-C","RawValue":"Bluetooth / USB-C","LocalValue":"Bluetooth / USB-C","Description":"How headphones connect to a device e.g. wirelessly or via a cable and connector.","Mandatory":"0","Searchable":"0","Optional":"0","Feature":{"ID":"4163","Sign":"","Measure":{"ID":"29","Sign":"","Signs":{"ID":"","_":"","Language":"FI"}},"Name":{"Value":"Kuulokkeiden liitettävyys","Language":"FI"}}}]},{"ID":8332,"SortNo":"52","FeatureGroup":{"ID":"42","Name":{"Value":"Puhelimen toiminnot","Language":"FI"}},"Features":[{"Localized":0,"ID":750485285,"LocalID":0,"Type":"y_n","Value":"Y","CategoryFeatureId":"63483","CategoryFeatureGroupID":"8332","SortNo":"0","PresentationValue":"Kyllä","RawValue":"Y","LocalValue":"Kyllä","Description":"","Mandatory":"0","Searchable":"0","Optional":"0","Feature":{"ID":"10126","Sign":"","Measure":{"ID":"26","Sign":"","Signs":{"ID":"","_":"","Language":"FI"}},"Name":{"Value":"Äänipuhelu","Language":"FI"}}},{"Localized":0,"ID":750485178,"LocalID":0,"Type":"y_n","Value":"Y","CategoryFeatureId":"63484","CategoryFeatureGroupID":"8332","SortNo":"0","PresentationValue":"Kyllä","RawValue":"Y","LocalValue":"Kyllä","Description":"Simultaneous video and audio signals to enable people to talk to and see each other in real time.","Mandatory":"0","Searchable":"0","Optional":"0","Feature":{"ID":"7018","Sign":"","Measure":{"ID":"26","Sign":"","Signs":{"ID":"","_":"","Language":"FI"}},"Name":{"Value":"Videopuhelu","Language":"FI"}}}]},{"ID":10998,"SortNo":"40","FeatureGroup":{"ID":"148","Name":{"Value":"Suunnittelu","Language":"FI"}},"Features":[{"Localized":0,"ID":750485122,"LocalID":0,"Type":"dropdown","Value":"Mobile tablet","CategoryFeatureId":"95720","CategoryFeatureGroupID":"10998","SortNo":"500","PresentationValue":"Mobiilitabletti","RawValue":"Mobile tablet","LocalValue":"Mobiilitabletti","Description":"Type or category of the device.","Mandatory":"1","Searchable":"0","Optional":"0","Feature":{"ID":"2328","Sign":"","Measure":{"ID":"29","Sign":"","Signs":{"ID":"","_":"","Language":"FI"}},"Name":{"Value":"Laitteen tyyppi","Language":"FI"}}},{"Localized":0,"ID":750485162,"LocalID":0,"Type":"dropdown","Value":"Aluminium","CategoryFeatureId":"327763","CategoryFeatureGroupID":"10998","SortNo":"300","PresentationValue":"Alumiini","RawValue":"Aluminium","LocalValue":"Alumiini","Description":"What the casing of the product is made of.","Mandatory":"0","Searchable":"0","Optional":"0","Feature":{"ID":"5214","Sign":"","Measure":{"ID":"29","Sign":"","Signs":{"ID":"","_":"","Language":"FI"}},"Name":{"Value":"Kotelon materiaali","Language":"FI"}}},{"Localized":0,"ID":750485007,"LocalID":0,"Type":"dropdown","Value":"Slate","CategoryFeatureId":"7141","CategoryFeatureGroupID":"10998","SortNo":"100","PresentationValue":"Kosketusnäyttö","RawValue":"Slate","LocalValue":"Kosketusnäyttö","Description":"Kuvaus tuotteen näkyvistä ominaisuuksista.","Mandatory":"1","Searchable":"1","Optional":"0","Feature":{"ID":"771","Sign":"","Measure":{"ID":"29","Sign":"","Signs":{"ID":"","_":"","Language":"FI"}},"Name":{"Value":"Kotelo","Language":"FI"}}},{"Localized":0,"ID":750485090,"LocalID":0,"Type":"dropdown","Value":"Blue","CategoryFeatureId":"35294","CategoryFeatureGroupID":"10998","SortNo":"1","PresentationValue":"Sininen","RawValue":"Blue","LocalValue":"Sininen","Description":"The colour e.g. red","Mandatory":"1","Searchable":"1","Optional":"0","Feature":{"ID":"1766","Sign":"","Measure":{"ID":"29","Sign":"","Signs":{"ID":"","_":"","Language":"FI"}},"Name":{"Value":"Tuotteen väri","Language":"FI"}}}]},{"ID":11000,"SortNo":"30","FeatureGroup":{"ID":"184","Name":{"Value":"Suorituskyky","Language":"FI"}},"Features":[{"Localized":0,"ID":750488169,"LocalID":0,"Type":"y_n","Value":"N","CategoryFeatureId":"31225","CategoryFeatureGroupID":"11000","SortNo":"109","PresentationValue":"Ei","RawValue":"N","LocalValue":"Ei","Description":"Global Positioning System (GPS) is a space-based satellite navigation system that provides location and time information in all weather conditions","Mandatory":"0","Searchable":"0","Optional":"0","Feature":{"ID":"3329","Sign":"","Measure":{"ID":"26","Sign":"","Signs":{"ID":"","_":"","Language":"FI"}},"Name":{"Value":"GPS (satelliitti)","Language":"FI"}}},{"Localized":0,"ID":750485434,"LocalID":0,"Type":"y_n","Value":"Y","CategoryFeatureId":"211159","CategoryFeatureGroupID":"11000","SortNo":"108","PresentationValue":"Kyllä","RawValue":"Y","LocalValue":"Kyllä","Description":"","Mandatory":"0","Searchable":"0","Optional":"0","Feature":{"ID":"31440","Sign":"","Measure":{"ID":"26","Sign":"","Signs":{"ID":"","_":"","Language":"FI"}},"Name":{"Value":"iBeacon","Language":"FI"}}},{"Localized":0,"ID":750485238,"LocalID":0,"Type":"y_n","Value":"Y","CategoryFeatureId":"291777","CategoryFeatureGroupID":"11000","SortNo":"107","PresentationValue":"Kyllä","RawValue":"Y","LocalValue":"Kyllä","Description":"","Mandatory":"0","Searchable":"0","Optional":"0","Feature":{"ID":"8742","Sign":"","Measure":{"ID":"26","Sign":"","Signs":{"ID":"","_":"","Language":"FI"}},"Name":{"Value":"Wi-Fi -paikannus","Language":"FI"}}},{"Localized":0,"ID":750485480,"LocalID":0,"Type":"dropdown","Value":"AssistiveTouch,Audio Descriptions,Closed Captions,Live Captions,Magnifier,Real-time text (RTT),Siri and Dictation,Spoken Content,Subtitles,Switch Control,Type to Siri,Voice Control,VoiceOver,Zoom","CategoryFeatureId":"929799","CategoryFeatureGroupID":"11000","SortNo":"107","PresentationValue":"AssistiveTouch, Audio Descriptions, Piilotettu tekstitys, Live Captions, Suurennuslasi, Reaaliaikainen teksti (RTT), Siri ja Dictation, Puhuttu sisältö, Subtitles, Switch Control, Type to Siri, Ääniohjaus, VoiceOver, Zoomaus","RawValue":"AssistiveTouch,Audio Descriptions,Closed Captions,Live Captions,Magnifier,Real-time text (RTT),Siri and Dictation,Spoken Content,Subtitles,Switch Control,Type to Siri,Voice Control,VoiceOver,Zoom","LocalValue":"AssistiveTouch, Audio Descriptions, Piilotettu tekstitys, Live Captions, Suurennuslasi, Reaaliaikainen teksti (RTT), Siri ja Dictation, Puhuttu sisältö, Subtitles, Switch Control, Type to Siri, Ääniohjaus, VoiceOver, Zoomaus","Description":"","Mandatory":"0","Searchable":"0","Optional":"0","Feature":{"ID":"43091","Sign":"","Measure":{"ID":"29","Sign":"","Signs":{"ID":"","_":"","Language":"FI"}},"Name":{"Value":"Esteettömyysominaisuudet","Language":"FI"}}},{"Localized":0,"ID":750485263,"LocalID":0,"Type":"y_n","Value":"Y","CategoryFeatureId":"57378","CategoryFeatureGroupID":"11000","SortNo":"20","PresentationValue":"Kyllä","RawValue":"Y","LocalValue":"Kyllä","Description":"","Mandatory":"0","Searchable":"0","Optional":"0","Feature":{"ID":"9731","Sign":"","Measure":{"ID":"26","Sign":"","Signs":{"ID":"","_":"","Language":"FI"}},"Name":{"Value":"Kiihtyvyysmittari","Language":"FI"}}},{"Localized":0,"ID":750485229,"LocalID":0,"Type":"y_n","Value":"Y","CategoryFeatureId":"56973","CategoryFeatureGroupID":"11000","SortNo":"18","PresentationValue":"Kyllä","RawValue":"Y","LocalValue":"Kyllä","Description":"","Mandatory":"0","Searchable":"0","Optional":"0","Feature":{"ID":"8720","Sign":"","Measure":{"ID":"26","Sign":"","Signs":{"ID":"","_":"","Language":"FI"}},"Name":{"Value":"Ympäristön valotunnistin","Language":"FI"}}},{"Localized":0,"ID":750485267,"LocalID":0,"Type":"y_n","Value":"Y","CategoryFeatureId":"57379","CategoryFeatureGroupID":"11000","SortNo":"16","PresentationValue":"Kyllä","RawValue":"Y","LocalValue":"Kyllä","Description":"","Mandatory":"0","Searchable":"0","Optional":"0","Feature":{"ID":"9732","Sign":"","Measure":{"ID":"26","Sign":"","Signs":{"ID":"","_":"","Language":"FI"}},"Name":{"Value":"Gyroskooppi","Language":"FI"}}},{"Localized":0,"ID":750485084,"LocalID":0,"Type":"y_n","Value":"Y","CategoryFeatureId":"54335","CategoryFeatureGroupID":"11000","SortNo":"1","PresentationValue":"Kyllä","RawValue":"Y","LocalValue":"Kyllä","Description":"Sisäänrakennettu elektroninen kompassi","Mandatory":"0","Searchable":"0","Optional":"0","Feature":{"ID":"1733","Sign":"","Measure":{"ID":"26","Sign":"","Signs":{"ID":"","_":"","Language":"FI"}},"Name":{"Value":"Sähkökäyttöinen kompassi","Language":"FI"}}},{"Localized":0,"ID":750485193,"LocalID":0,"Type":"y_n","Value":"Y","CategoryFeatureId":"107774","CategoryFeatureGroupID":"11000","SortNo":"1","PresentationValue":"Kyllä","RawValue":"Y","LocalValue":"Kyllä","Description":"","Mandatory":"0","Searchable":"0","Optional":"0","Feature":{"ID":"7609","Sign":"","Measure":{"ID":"26","Sign":"","Signs":{"ID":"","_":"","Language":"FI"}},"Name":{"Value":"Barometri","Language":"FI"}}},{"Localized":0,"ID":750485409,"LocalID":0,"Type":"y_n","Value":"Y","CategoryFeatureId":"166075","CategoryFeatureGroupID":"11000","SortNo":"0","PresentationValue":"Kyllä","RawValue":"Y","LocalValue":"Kyllä","Description":"Whether the navigation system can locate the phone's position.","Mandatory":"1","Searchable":"1","Optional":"0","Feature":{"ID":"26425","Sign":"","Measure":{"ID":"26","Sign":"","Signs":{"ID":"","_":"","Language":"FI"}},"Name":{"Value":"GPS","Language":"FI"}}}]},{"ID":29709,"SortNo":"29","FeatureGroup":{"ID":"75","Name":{"Value":"Suojaus","Language":"FI"}},"Features":[{"Localized":0,"ID":750485141,"LocalID":0,"Type":"y_n","Value":"Y","CategoryFeatureId":"31233","CategoryFeatureGroupID":"29709","SortNo":"70","PresentationValue":"Kyllä","RawValue":"Y","LocalValue":"Kyllä","Description":"A scanner used to identify a person's fingerprint for security purposes. After a sample is taken","Mandatory":"0","Searchable":"0","Optional":"0","Feature":{"ID":"3577","Sign":"","Measure":{"ID":"26","Sign":"","Signs":{"ID":"","_":"","Language":"FI"}},"Name":{"Value":"Sormenjälkilukija","Language":"FI"}}}]},{"ID":12019,"SortNo":"25","FeatureGroup":{"ID":"90","Name":{"Value":"Ohjelmisto","Language":"FI"}},"Features":[{"Localized":0,"ID":750484954,"LocalID":0,"Type":"dropdown","Value":"iPadOS","CategoryFeatureId":"164597","CategoryFeatureGroupID":"12019","SortNo":"101","PresentationValue":"iPadOS","RawValue":"iPadOS","LocalValue":"iPadOS","Description":"Tekniikka-alustan kuvaus kuten prosessorista, piirisarjasta, ohjelmistotuotteista ja langallisista verkko-ominaisuuksista.","Mandatory":"1","Searchable":"1","Optional":"0","Feature":{"ID":"75","Sign":"","Measure":{"ID":"29","Sign":"","Signs":{"ID":"","_":"","Language":"FI"}},"Name":{"Value":"Käyttöalusta","Language":"FI"}}},{"Localized":0,"ID":750485438,"LocalID":0,"Type":"dropdown","Value":"Apple Siri","CategoryFeatureId":"211165","CategoryFeatureGroupID":"12019","SortNo":"95","PresentationValue":"Apple Siri","RawValue":"Apple Siri","LocalValue":"Apple Siri","Description":"Depending on the make of the device, a different application is pre-installed that can understand voice commands and complete tasks for a user, e.g. Apple Siri, Amazon Alexa.","Mandatory":"0","Searchable":"0","Optional":"0","Feature":{"ID":"31445","Sign":"","Measure":{"ID":"29","Sign":"","Signs":{"ID":"","_":"","Language":"FI"}},"Name":{"Value":"Virtuaaliavustaja","Language":"FI"}}},{"Localized":0,"ID":750485133,"LocalID":0,"Type":"dropdown","Value":"iPadOS 18","CategoryFeatureId":"20706","CategoryFeatureGroupID":"12019","SortNo":"84","PresentationValue":"iPadOS 18","RawValue":"iPadOS 18","LocalValue":"iPadOS 18","Description":"Type of operating system on a device e.g. IOS on Apple devices","Mandatory":"1","Searchable":"1","Optional":"0","Feature":{"ID":"3233","Sign":"","Measure":{"ID":"29","Sign":"","Signs":{"ID":"","_":"","Language":"FI"}},"Name":{"Value":"Käyttöjärjestelmä asennettu","Language":"FI"}}},{"Localized":0,"ID":750484966,"LocalID":0,"Type":"textarea","Value":"App Store, Books, Calendar, Camera, Clock, Contacts, FaceTime, Files, Find My, Home, iTunes Store, Magnifier, Mail, Maps, Measure, Messages, Music, News, Notes, Photo Booth, Photos, Podcasts, Reminders, Safari, Settings, Shortcuts, Siri, Stocks, Tips\nTranslate, TV, Voice Memos, Weather","CategoryFeatureId":"16574","CategoryFeatureGroupID":"12019","SortNo":"0","PresentationValue":"App Store, Books, Calendar, Camera, Clock, Contacts, FaceTime, Files, Find My, Home, iTunes Store, Magnifier, Mail, Maps, Measure, Messages, Music, News, Notes, Photo Booth, Photos, Podcasts, Reminders, Safari, Settings, Shortcuts, Siri, Stocks, Tips\nTranslate, TV, Voice Memos, Weather","RawValue":"App Store, Books, Calendar, Camera, Clock, Contacts, FaceTime, Files, Find My, Home, iTunes Store, Magnifier, Mail, Maps, Measure, Messages, Music, News, Notes, Photo Booth, Photos, Podcasts, Reminders, Safari, Settings, Shortcuts, Siri, Stocks, Tips\nTranslate, TV, Voice Memos, Weather","LocalValue":"App Store, Books, Calendar, Camera, Clock, Contacts, FaceTime, Files, Find My, Home, iTunes Store, Magnifier, Mail, Maps, Measure, Messages, Music, News, Notes, Photo Booth, Photos, Podcasts, Reminders, Safari, Settings, Shortcuts, Siri, Stocks, Tips\nTranslate, TV, Voice Memos, Weather","Description":"Software distributed with another product such as a piece of computer hardware or other electronic device","Mandatory":"0","Searchable":"0","Optional":"0","Feature":{"ID":"251","Sign":"","Measure":{"ID":"29","Sign":"","Signs":{"ID":"","_":"","Language":"FI"}},"Name":{"Value":"Niputettu ohjelmisto","Language":"FI"}}},{"Localized":0,"ID":750485201,"LocalID":0,"Type":"multi_dropdown","Value":"Windows 10,Windows 10 Education,Windows 10 Education x64,Windows 10 Enterprise,Windows 10 Enterprise x64,Windows 10 Home,Windows 10 Home x64,Windows 10 IOT Core,Windows 10 IoT Enterprise,Windows 10 Pro,Windows 10 Pro x64,Windows 10 x64,Windows 11,Windows 11 x64","CategoryFeatureId":"63467","CategoryFeatureGroupID":"12019","SortNo":"-11","PresentationValue":"Windows 10, Windows 10 Education, Windows 10 Education x64, Windows 10 Enterprise, Windows 10 Enterprise x64, Windows 10 Home, Windows 10 Home x64, Windows 10 IOT Core, Windows 10 IoT Enterprise, Windows 10 Pro, Windows 10 Pro x64, Windows 10 x64, Windows 11, Windows 11 x64","RawValue":"Windows 10,Windows 10 Education,Windows 10 Education x64,Windows 10 Enterprise,Windows 10 Enterprise x64,Windows 10 Home,Windows 10 Home x64,Windows 10 IOT Core,Windows 10 IoT Enterprise,Windows 10 Pro,Windows 10 Pro x64,Windows 10 x64,Windows 11,Windows 11 x64","LocalValue":"Windows 10, Windows 10 Education, Windows 10 Education x64, Windows 10 Enterprise, Windows 10 Enterprise x64, Windows 10 Home, Windows 10 Home x64, Windows 10 IOT Core, Windows 10 IoT Enterprise, Windows 10 Pro, Windows 10 Pro x64, Windows 10 x64, Windows 11, Windows 11 x64","Description":"Windows vesions wich can be used with the device.","Mandatory":"0","Searchable":"0","Optional":"0","Feature":{"ID":"7986","Sign":"","Measure":{"ID":"29","Sign":"","Signs":{"ID":"","_":"","Language":"FI"}},"Name":{"Value":"Windows-käyttöjärjestelmätuki","Language":"FI"}}},{"Localized":0,"ID":750485015,"LocalID":0,"Type":"y_n","Value":"Y","CategoryFeatureId":"188916","CategoryFeatureGroupID":"12019","SortNo":"-11","PresentationValue":"Kyllä","RawValue":"Y","LocalValue":"Kyllä","Description":"Product can be used with Apple Mac software and/or hardware.","Mandatory":"0","Searchable":"0","Optional":"0","Feature":{"ID":"853","Sign":"","Measure":{"ID":"26","Sign":"","Signs":{"ID":"","_":"","Language":"FI"}},"Name":{"Value":"Mac-yhteensopivuus","Language":"FI"}}},{"Localized":0,"ID":750485206,"LocalID":0,"Type":"multi_dropdown","Value":"Mac OS X 10.11 El Capitan,Mac OS X 10.12 Sierra,Mac OS X 10.13 High Sierra,Mac OS X 10.14 Mojave,Mac OS X 10.15 Catalina,Mac OS X 10.15.3 Catalina,Mac OS X 11.0 Big Sur,Mac OS X 12.0 Monterey,Y","CategoryFeatureId":"63468","CategoryFeatureGroupID":"12019","SortNo":"-12","PresentationValue":"Mac OS X 10.11 El Capitan, Mac OS X 10.12 Sierra, Mac OS X 10.13 High Sierra, Mac OS X 10.14 Mojave, Mac OS X 10.15 Catalina, Mac OS X 10.15.3 Catalina, Mac OS X 11.0 Big Sur, Mac OS X 12.0 Monterey, Kyllä","RawValue":"Mac OS X 10.11 El Capitan,Mac OS X 10.12 Sierra,Mac OS X 10.13 High Sierra,Mac OS X 10.14 Mojave,Mac OS X 10.15 Catalina,Mac OS X 10.15.3 Catalina,Mac OS X 11.0 Big Sur,Mac OS X 12.0 Monterey,Y","LocalValue":"Mac OS X 10.11 El Capitan, Mac OS X 10.12 Sierra, Mac OS X 10.13 High Sierra, Mac OS X 10.14 Mojave, Mac OS X 10.15 Catalina, Mac OS X 10.15.3 Catalina, Mac OS X 11.0 Big Sur, Mac OS X 12.0 Monterey, Kyllä","Description":"Mac operating systems e.g. OS X can be used with the device.","Mandatory":"0","Searchable":"0","Optional":"0","Feature":{"ID":"7987","Sign":"","Measure":{"ID":"29","Sign":"","Signs":{"ID":"","_":"","Language":"FI"}},"Name":{"Value":"Mac-käyttöjärjestelmätuki","Language":"FI"}}}]},{"ID":7821,"SortNo":"14","FeatureGroup":{"ID":"143","Name":{"Value":"Akku","Language":"FI"}},"Features":[{"Localized":0,"ID":750485398,"LocalID":0,"Type":"y_n","Value":"Y","CategoryFeatureId":"904572","CategoryFeatureGroupID":"7821","SortNo":"55","PresentationValue":"Kyllä","RawValue":"Y","LocalValue":"Kyllä","Description":"","Mandatory":"0","Searchable":"0","Optional":"0","Feature":{"ID":"24055","Sign":"","Measure":{"ID":"26","Sign":"","Signs":{"ID":"","_":"","Language":"FI"}},"Name":{"Value":"Akku sisältyy","Language":"FI"}}},{"Localized":0,"ID":750484977,"LocalID":0,"Type":"dropdown","Value":"Lithium Polymer (LiPo)","CategoryFeatureId":"7140","CategoryFeatureGroupID":"7821","SortNo":"50","PresentationValue":"Litium polymeeri (LiPo)","RawValue":"Lithium Polymer (LiPo)","LocalValue":"Litium polymeeri (LiPo)","Description":"The type of battery in the device","Mandatory":"1","Searchable":"0","Optional":"0","Feature":{"ID":"434","Sign":"","Measure":{"ID":"29","Sign":"","Signs":{"ID":"","_":"","Language":"FI"}},"Name":{"Value":"Akkuteknologia","Language":"FI"}}},{"Localized":0,"ID":750485218,"LocalID":0,"Type":"numerical","Value":"28.93","CategoryFeatureId":"54337","CategoryFeatureGroupID":"7821","SortNo":"47","PresentationValue":"28,93 Wh","RawValue":"28.93","LocalValue":"28,93","Description":"","Mandatory":"0","Searchable":"0","Optional":"0","Feature":{"ID":"8519","Sign":"","Measure":{"ID":"211","Sign":"","Signs":{"ID":"13985","_":"Wh","Language":"FI"}},"Name":{"Value":"Akun kapasiteetti","Language":"FI"}}},{"Localized":0,"ID":750485350,"LocalID":0,"Type":"numerical","Value":"10","CategoryFeatureId":"101390","CategoryFeatureGroupID":"7821","SortNo":"30","PresentationValue":"10 h","RawValue":"10","LocalValue":"10","Description":"","Mandatory":"0","Searchable":"0","Optional":"0","Feature":{"ID":"15264","Sign":"","Measure":{"ID":"46","Sign":"","Signs":{"ID":"13834","_":"h","Language":"FI"}},"Name":{"Value":"Selausaika (Wi-Fi)","Language":"FI"}}}]},{"ID":849,"SortNo":"13","FeatureGroup":{"ID":"27","Name":{"Value":"Virranhallinta","Language":"FI"}},"Features":[{"Localized":0,"ID":750485538,"LocalID":0,"Type":"y_n","Value":"Y","CategoryFeatureId":"974881","CategoryFeatureGroupID":"849","SortNo":"0","PresentationValue":"Kyllä","RawValue":"Y","LocalValue":"Kyllä","Description":"","Mandatory":"1","Searchable":"0","Optional":"0","Feature":{"ID":"48505","Sign":"","Measure":{"ID":"26","Sign":"","Signs":{"ID":"","_":"","Language":"FI"}},"Name":{"Value":"USB C-tyypin latausportti","Language":"FI"}}},{"Localized":0,"ID":790755413,"LocalID":0,"Type":"y_n","Value":"Y","CategoryFeatureId":"974882","CategoryFeatureGroupID":"849","SortNo":"0","PresentationValue":"Kyllä","RawValue":"Y","LocalValue":"Kyllä","Description":"","Mandatory":"0","Searchable":"0","Optional":"0","Feature":{"ID":"34351","Sign":"","Measure":{"ID":"26","Sign":"","Signs":{"ID":"","_":"","Language":"FI"}},"Name":{"Value":"USB Power Delivery","Language":"FI"}}},{"Localized":0,"ID":750485544,"LocalID":0,"Type":"numerical","Value":"15","CategoryFeatureId":"974883","CategoryFeatureGroupID":"849","SortNo":"0","PresentationValue":"15 W","RawValue":"15","LocalValue":"15","Description":"","Mandatory":"1","Searchable":"0","Optional":"0","Feature":{"ID":"48506","Sign":"","Measure":{"ID":"44","Sign":"","Signs":{"ID":"13832","_":"W","Language":"FI"}},"Name":{"Value":"Vaadittu latausteho (väh.)","Language":"FI"}}},{"Localized":0,"ID":750485549,"LocalID":0,"Type":"numerical","Value":"45","CategoryFeatureId":"974884","CategoryFeatureGroupID":"849","SortNo":"0","PresentationValue":"45 W","RawValue":"45","LocalValue":"45","Description":"","Mandatory":"1","Searchable":"0","Optional":"0","Feature":{"ID":"48507","Sign":"","Measure":{"ID":"44","Sign":"","Signs":{"ID":"13832","_":"W","Language":"FI"}},"Name":{"Value":"Vaadittu latausteho (enint.)","Language":"FI"}}}]},{"ID":82701,"SortNo":"12","FeatureGroup":{"ID":"32","Name":{"Value":"Kestoaika","Language":"FI"}},"Features":[{"Localized":0,"ID":790486873,"LocalID":0,"Type":"dropdown","Value":"G","CategoryFeatureId":"1088508","CategoryFeatureGroupID":"82701","SortNo":"50","PresentationValue":"G","RawValue":"G","LocalValue":"G","Description":"The energy efficiency of the appliance is rated in terms of a set of energy efficiency classes from A+++ to G on the label, A+++ being the most energy efficient, G the least efficient.","Mandatory":"1","Searchable":"0","Optional":"0","Feature":{"ID":"2705","Sign":"","Measure":{"ID":"29","Sign":"","Signs":{"ID":"","_":"","Language":"FI"}},"Name":{"Value":"Energialuokka","Language":"FI"}}},{"Localized":0,"ID":790486882,"LocalID":0,"Type":"dropdown","Value":"A to G","CategoryFeatureId":"1088509","CategoryFeatureGroupID":"82701","SortNo":"48","PresentationValue":"A - G","RawValue":"A to G","LocalValue":"A - G","Description":"","Mandatory":"0","Searchable":"0","Optional":"0","Feature":{"ID":"39201","Sign":"","Measure":{"ID":"29","Sign":"","Signs":{"ID":"","_":"","Language":"FI"}},"Name":{"Value":"Energiatehokkuusasteikko","Language":"FI"}}},{"Localized":0,"ID":790486888,"LocalID":0,"Type":"numerical","Value":"4020","CategoryFeatureId":"1088510","CategoryFeatureGroupID":"82701","SortNo":"46","PresentationValue":"4020 min","RawValue":"4020","LocalValue":"4020","Description":"","Mandatory":"1","Searchable":"0","Optional":"0","Feature":{"ID":"49427","Sign":"","Measure":{"ID":"66","Sign":"","Signs":{"ID":"13852","_":"min","Language":"FI"}},"Name":{"Value":"Akun kesto per sykli","Language":"FI"}}},{"Localized":0,"ID":790486897,"LocalID":0,"Type":"numerical","Value":"1000","CategoryFeatureId":"1088511","CategoryFeatureGroupID":"82701","SortNo":"44","PresentationValue":"1000","RawValue":"1000","LocalValue":"1000","Description":"","Mandatory":"1","Searchable":"0","Optional":"0","Feature":{"ID":"49429","Sign":"","Measure":{"ID":"29","Sign":"","Signs":{"ID":"","_":"","Language":"FI"}},"Name":{"Value":"Akun kesto sykleissä","Language":"FI"}}},{"Localized":0,"ID":790486893,"LocalID":0,"Type":"dropdown","Value":"E","CategoryFeatureId":"1088512","CategoryFeatureGroupID":"82701","SortNo":"42","PresentationValue":"E","RawValue":"E","LocalValue":"E","Description":"","Mandatory":"1","Searchable":"0","Optional":"0","Feature":{"ID":"49428","Sign":"","Measure":{"ID":"29","Sign":"","Signs":{"ID":"","_":"","Language":"FI"}},"Name":{"Value":"Toistuvan pudotuksen kestävyysluokka","Language":"FI"}}},{"Localized":0,"ID":790486904,"LocalID":0,"Type":"dropdown","Value":"C","CategoryFeatureId":"1088513","CategoryFeatureGroupID":"82701","SortNo":"40","PresentationValue":"C","RawValue":"C","LocalValue":"C","Description":"","Mandatory":"1","Searchable":"0","Optional":"0","Feature":{"ID":"49430","Sign":"","Measure":{"ID":"29","Sign":"","Signs":{"ID":"","_":"","Language":"FI"}},"Name":{"Value":"Korjattavuusluokka","Language":"FI"}}},{"Localized":0,"ID":790486880,"LocalID":0,"Type":"dropdown","Value":"IP42","CategoryFeatureId":"122419","CategoryFeatureGroupID":"82701","SortNo":"38","PresentationValue":"IP42","RawValue":"IP42","LocalValue":"IP42","Description":"The IP code classifies and rates the degree of protection provided against the intrusion (including body parts such as hands and fingers)","Mandatory":"1","Searchable":"0","Optional":"0","Feature":{"ID":"7900","Sign":"","Measure":{"ID":"29","Sign":"","Signs":{"ID":"","_":"","Language":"FI"}},"Name":{"Value":"International Protection (IP)-koodi","Language":"FI"}}}]},{"ID":72248,"SortNo":"11","FeatureGroup":{"ID":"279","Name":{"Value":"Kestävyys","Language":"FI"}},"Features":[{"Localized":0,"ID":750485469,"LocalID":0,"Type":"multi_dropdown","Value":"ENERGY STAR","CategoryFeatureId":"609612","CategoryFeatureGroupID":"72248","SortNo":"0","PresentationValue":"ENERGY STAR","RawValue":"ENERGY STAR","LocalValue":"ENERGY STAR","Description":"","Mandatory":"0","Searchable":"0","Optional":"0","Feature":{"ID":"42513","Sign":"","Measure":{"ID":"29","Sign":"","Signs":{"ID":"","_":"","Language":"FI"}},"Name":{"Value":"Kestävän kehityksen sertifikaatit","Language":"FI"}}},{"Localized":0,"ID":750485473,"LocalID":0,"Type":"multi_dropdown","Value":"Arsenic,Beryllium,Mercury (element),PVC/BFR","CategoryFeatureId":"630159","CategoryFeatureGroupID":"72248","SortNo":"0","PresentationValue":"Arsenikki, Beryllium, Elohopea, PVC/BFR","RawValue":"Arsenic,Beryllium,Mercury (element),PVC/BFR","LocalValue":"Arsenikki, Beryllium, Elohopea, PVC/BFR","Description":"","Mandatory":"0","Searchable":"0","Optional":"0","Feature":{"ID":"42516","Sign":"","Measure":{"ID":"29","Sign":"","Signs":{"ID":"","_":"","Language":"FI"}},"Name":{"Value":"Ei sisällä","Language":"FI"}}}]},{"ID":27900,"SortNo":"10","FeatureGroup":{"ID":"19","Name":{"Value":"Media-tiedostomuodot","Language":"FI"}},"Features":[{"Localized":0,"ID":750616643,"LocalID":0,"Type":"multi_dropdown","Value":"AAC,ALAC,FLAC,MP3","CategoryFeatureId":"34230","CategoryFeatureGroupID":"27900","SortNo":"-21","PresentationValue":"AAC, ALAC, FLAC, MP3","RawValue":"AAC,ALAC,FLAC,MP3","LocalValue":"AAC, ALAC, FLAC, MP3","Description":"The audio formats which this device or software can read/use e.g. MP3","Mandatory":"0","Searchable":"0","Optional":"1","Feature":{"ID":"2224","Sign":"","Measure":{"ID":"29","Sign":"","Signs":{"ID":"","_":"","Language":"FI"}},"Name":{"Value":"Tuetut ääniformaatit","Language":"FI"}}},{"Localized":0,"ID":750616649,"LocalID":0,"Type":"multi_dropdown","Value":"GIF,JPG,TIFF","CategoryFeatureId":"44889","CategoryFeatureGroupID":"27900","SortNo":"-22","PresentationValue":"GIF, JPG, TIFF","RawValue":"GIF,JPG,TIFF","LocalValue":"GIF, JPG, TIFF","Description":"The type of image files that the device can use/display e.g. gif","Mandatory":"0","Searchable":"0","Optional":"1","Feature":{"ID":"2417","Sign":"","Measure":{"ID":"29","Sign":"","Signs":{"ID":"","_":"","Language":"FI"}},"Name":{"Value":"Kuvanpakkausformaatti","Language":"FI"}}},{"Localized":0,"ID":750616657,"LocalID":0,"Type":"multi_dropdown","Value":"DOC,DOCX,HTM,HTML,ICS,KEY,Numbers,PDF,PPT,PPTX,Pages,RTF,TXT,USDZ,VCF,XLS,XLSX","CategoryFeatureId":"62441","CategoryFeatureGroupID":"27900","SortNo":"-26","PresentationValue":"DOC, DOCX, HTM, HTML, ICS, Avain, Numerot, PDF, PPT, PPTX, Pages, RTF, TXT, USDZ, VCF, XLS, XLSX","RawValue":"DOC,DOCX,HTM,HTML,ICS,KEY,Numbers,PDF,PPT,PPTX,Pages,RTF,TXT,USDZ,VCF,XLS,XLSX","LocalValue":"DOC, DOCX, HTM, HTML, ICS, Avain, Numerot, PDF, PPT, PPTX, Pages, RTF, TXT, USDZ, VCF, XLS, XLSX","Description":"The type of document formats that can be read/produced with this device e.g. .docx","Mandatory":"0","Searchable":"0","Optional":"1","Feature":{"ID":"7972","Sign":"","Measure":{"ID":"29","Sign":"","Signs":{"ID":"","_":"","Language":"FI"}},"Name":{"Value":"Tuetut tiedostomuodot","Language":"FI"}}},{"Localized":0,"ID":750616667,"LocalID":0,"Type":"multi_dropdown","Value":"ZIP","CategoryFeatureId":"95616","CategoryFeatureGroupID":"27900","SortNo":"-27","PresentationValue":"Zip","RawValue":"ZIP","LocalValue":"Zip","Description":"","Mandatory":"0","Searchable":"0","Optional":"1","Feature":{"ID":"8962","Sign":"","Measure":{"ID":"29","Sign":"","Signs":{"ID":"","_":"","Language":"FI"}},"Name":{"Value":"Tuetut formaatit","Language":"FI"}}}]},{"ID":848,"SortNo":"5","FeatureGroup":{"ID":"14","Name":{"Value":"Paino ja mitat","Language":"FI"}},"Features":[{"Localized":0,"ID":750485075,"LocalID":0,"Type":"numerical","Value":"179.5","CategoryFeatureId":"21002","CategoryFeatureGroupID":"848","SortNo":"10","PresentationValue":"179,5 mm","RawValue":"179.5","LocalValue":"179,5","Description":"The measurement or extent of something from side to side.","Mandatory":"0","Searchable":"0","Optional":"0","Feature":{"ID":"1649","Sign":"","Measure":{"ID":"24","Sign":"","Signs":{"ID":"13815","_":"mm","Language":"FI"}},"Name":{"Value":"Tuotteen leveys","Language":"FI"}}},{"Localized":0,"ID":750485078,"LocalID":0,"Type":"numerical","Value":"7","CategoryFeatureId":"21003","CategoryFeatureGroupID":"848","SortNo":"9","PresentationValue":"7 mm","RawValue":"7","LocalValue":"7","Description":"The distance from the front to the back of something.","Mandatory":"0","Searchable":"0","Optional":"0","Feature":{"ID":"1650","Sign":"","Measure":{"ID":"24","Sign":"","Signs":{"ID":"13815","_":"mm","Language":"FI"}},"Name":{"Value":"Tuotteen syvyys","Language":"FI"}}},{"Localized":0,"ID":750485060,"LocalID":0,"Type":"numerical","Value":"248.6","CategoryFeatureId":"21004","CategoryFeatureGroupID":"848","SortNo":"7","PresentationValue":"248,6 mm","RawValue":"248.6","LocalValue":"248,6","Description":"Tuotteen korkeus","Mandatory":"0","Searchable":"0","Optional":"0","Feature":{"ID":"1464","Sign":"","Measure":{"ID":"24","Sign":"","Signs":{"ID":"13815","_":"mm","Language":"FI"}},"Name":{"Value":"Tuotteen korkeus","Language":"FI"}}},{"Localized":0,"ID":750484960,"LocalID":0,"Type":"numerical","Value":"477","CategoryFeatureId":"12812","CategoryFeatureGroupID":"848","SortNo":"4","PresentationValue":"477 g","RawValue":"477","LocalValue":"477","Description":"Tuotteen paino ilman pakkausta (Nettopaino). Jos mahdollista, nettopaino ilmaistaan vakiovarusteineet ja tarvikkeet mukaan laskettuna. Huomaa, että joskus valmistaja antaa kaupallisen tulkinnan tuotteen painosta, jättämällä pois  lisävarusteiden ja / tai tarvikkeiden painon.","Mandatory":"0","Searchable":"0","Optional":"0","Feature":{"ID":"94","Sign":"","Measure":{"ID":"38","Sign":"","Signs":{"ID":"13826","_":"g","Language":"FI"}},"Name":{"Value":"Paino","Language":"FI"}}}]},{"ID":6516,"SortNo":"3","FeatureGroup":{"ID":"116","Name":{"Value":"Pakkauksen sisältö","Language":"FI"}},"Features":[{"Localized":0,"ID":750485048,"LocalID":0,"Type":"y_n","Value":"N","CategoryFeatureId":"57785","CategoryFeatureGroupID":"6516","SortNo":"10","PresentationValue":"Ei","RawValue":"N","LocalValue":"Ei","Description":"","Mandatory":"1","Searchable":"0","Optional":"0","Feature":{"ID":"1230","Sign":"","Measure":{"ID":"26","Sign":"","Signs":{"ID":"","_":"","Language":"FI"}},"Name":{"Value":"Virtalähde mukana","Language":"FI"}}},{"Localized":0,"ID":750485096,"LocalID":0,"Type":"dropdown","Value":"USB Type-C","CategoryFeatureId":"49669","CategoryFeatureGroupID":"6516","SortNo":"0","PresentationValue":"USB Type-C","RawValue":"USB Type-C","LocalValue":"USB Type-C","Description":"","Mandatory":"0","Searchable":"0","Optional":"0","Feature":{"ID":"1830","Sign":"","Measure":{"ID":"29","Sign":"","Signs":{"ID":"","_":"","Language":"FI"}},"Name":{"Value":"Sisältää johdot","Language":"FI"}}}]},{"ID":26934,"SortNo":"0","FeatureGroup":{"ID":"144","Name":{"Value":"Erityisominaisuudet","Language":"FI"}},"Features":[{"Localized":0,"ID":750485420,"LocalID":0,"Type":"dropdown","Value":"True Tone","CategoryFeatureId":"952658","CategoryFeatureGroupID":"26934","SortNo":"0","PresentationValue":"True Tone","RawValue":"True Tone","LocalValue":"True Tone","Description":"","Mandatory":"0","Searchable":"0","Optional":"0","Feature":{"ID":"27635","Sign":"","Measure":{"ID":"29","Sign":"","Signs":{"ID":"","_":"","Language":"FI"}},"Name":{"Value":"Tuotekohtaiset tekniikat","Language":"FI"}}}]},{"ID":850,"SortNo":"-10","FeatureGroup":{"ID":"28","Name":{"Value":"Ympäristöolosuhteet","Language":"FI"}},"Features":[{"Localized":0,"ID":750485041,"LocalID":0,"Type":"range","Value":"0 - 35","CategoryFeatureId":"7146","CategoryFeatureGroupID":"850","SortNo":"50","PresentationValue":"0 - 35 °C","RawValue":"0 - 35","LocalValue":"0 - 35","Description":"The minimum and maximum temperatures at which the product can be safely operated.","Mandatory":"0","Searchable":"0","Optional":"0","Feature":{"ID":"1112","Sign":"","Measure":{"ID":"65","Sign":"","Signs":{"ID":"13851","_":"°C","Language":"FI"}},"Name":{"Value":"Käyttölämpötila (T-T)","Language":"FI"}}},{"Localized":0,"ID":750484994,"LocalID":0,"Type":"range","Value":"-20 - 45","CategoryFeatureId":"16604","CategoryFeatureGroupID":"850","SortNo":"47","PresentationValue":"-20 - 45 °C","RawValue":"-20 - 45","LocalValue":"-20 - 45","Description":"The minimum and maximum temperatures at which the product can be safely stored.","Mandatory":"0","Searchable":"0","Optional":"0","Feature":{"ID":"757","Sign":"","Measure":{"ID":"65","Sign":"","Signs":{"ID":"13851","_":"°C","Language":"FI"}},"Name":{"Value":"Varastointilämpötila","Language":"FI"}}},{"Localized":0,"ID":750484988,"LocalID":0,"Type":"range","Value":"5 - 95","CategoryFeatureId":"7145","CategoryFeatureGroupID":"850","SortNo":"43","PresentationValue":"5 - 95%","RawValue":"5 - 95","LocalValue":"5 - 95","Description":"","Mandatory":"0","Searchable":"0","Optional":"0","Feature":{"ID":"703","Sign":"","Measure":{"ID":"64","Sign":"","Signs":{"ID":"47","_":"%","Language":"EN"}},"Name":{"Value":"Käytön suhteellinen kosteus (H-H)","Language":"FI"}}},{"Localized":0,"ID":750484982,"LocalID":0,"Type":"range","Value":"0 - 3000","CategoryFeatureId":"34364","CategoryFeatureGroupID":"850","SortNo":"37","PresentationValue":"0 - 3000 m","RawValue":"0 - 3000","LocalValue":"0 - 3000","Description":"","Mandatory":"0","Searchable":"0","Optional":"0","Feature":{"ID":"667","Sign":"","Measure":{"ID":"54","Sign":"","Signs":{"ID":"13841","_":"m","Language":"FI"}},"Name":{"Value":"Käyttökorkeus","Language":"FI"}}}]}],"FeatureLogos":[{"LogoPic":"https://inishop.com/img/feature_logo/4-8210.png","Width":"195","Height":"200","Size":"0","ThumbPic":"https://inishop.com/img/feature_logo_thumbs/4-8210.png","FeatureID":"42513","Value":"ENERGY STAR","KeyLogo":0},{"LogoPic":"https://inishop.com/img/feature_logo/990-4601.png","Width":"300","Height":"165","Size":"0","ThumbPic":"https://inishop.com/img/feature_logo_thumbs/990-4601.png","FeatureID":"2705","Value":"G","KeyLogo":1},{"LogoPic":"https://inishop.com/img/feature_logo/1242-3899.png","Width":"0","Height":"0","Size":"0","ThumbPic":"https://inishop.com/img/feature_logo_thumbs/1242-3899.png","FeatureID":"1230","Value":"N","KeyLogo":2},{"LogoPic":"https://inishop.com/img/feature_logo/1369-7889.png","Width":"0","Height":"0","Size":"0","ThumbPic":"https://inishop.com/img/feature_logo_thumbs/1369-7889.png","FeatureID":"48506","Value":"15","KeyLogo":3},{"LogoPic":"https://inishop.com/img/feature_logo/1369-7889.png","Width":"0","Height":"0","Size":"0","ThumbPic":"https://inishop.com/img/feature_logo_thumbs/1369-7889.png","FeatureID":"48507","Value":"45","KeyLogo":3}],"ReasonsToBuy":[],"Reviews":[],"ProductRelated":[{"ID":0,"CategoryID":1637,"Preferred":0,"IcecatID":94781546,"ProductCode":"MLWK3ZM/A","ThumbPic":"","ProductName":"AirPods","Brand":"Apple","BrandID":9,"ProductRelatedLocales":[{"ID":0,"Language":"FI","Preferred":0,"StartDate":"","EndDate":""}]},{"ID":0,"CategoryID":1637,"Preferred":0,"IcecatID":62202327,"ProductCode":"MUFQ2ZM/A","ThumbPic":"","ProductName":"urBeats3","Brand":"Apple","BrandID":9,"ProductRelatedLocales":[{"ID":0,"Language":"FI","Preferred":0,"StartDate":"","EndDate":""}]},{"ID":0,"CategoryID":1637,"Preferred":0,"IcecatID":33259200,"ProductCode":"MMTN2ZM/A","ThumbPic":"","ProductName":"EarPods","Brand":"Apple","BrandID":9,"ProductRelatedLocales":[{"ID":0,"Language":"FI","Preferred":0,"StartDate":"","EndDate":""}]}],"CatalogObjectCloud":{},"Variants":[],"ProductStory":[{"ID":"B1D3C271-10A3-42A5-8998-F0E73AAAB63C","URL":"https://live-html.icecat.biz/f102866b59eb344733c72bf0eb874f84/index.html","Type":"ProductStory","ContentType":"application/zip","KeepAsUrl":"0","Description":"ProductStory","Size":"4760","IsPrivate":"0","Updated":"2025-09-09 10:44:56","Language":"FI","IsVideo":0}],"Dictionary":{"model_name":"Tuotenimi","desc":"Kuvaus","ean_code":"EAN/UPC-koodi","flash360":"3D-esittely","demo_msg_part3":"Jos sinulla ei ole Icecat-k&auml;ytt&auml;j&auml;tili&auml;, ole hyv&auml; ja rekister&ouml;idy maksutta t&auml;&auml;lt&auml;.","repairability_index":"Repairability index","zoom_panel_init":"Alkuper&auml;inen koko","cat_name":"Ryhm&auml;","product_family":"Tuoteperhe","back_to_top":"Takaisin yl&ouml;s","zoom_panel_out":"Loitonna","specs":"Tekniset tiedot","eu_product_fiche":"EU-tuoteseloste","reviews_head_name":"Arvostelut","pdf_specs":"Tuote-esite","zoom_panel_in":"L&auml;henn&auml;","html_content":"","release_date":"Julkaisup&auml;iv&auml;","demo_msg_part1":"K&auml;yt&auml;t t&auml;ll&auml; hetkell&auml; demo-k&auml;ytt&auml;j&auml;tili&auml;. Ole hyv&auml; ja k&auml;yt&auml; omaa Icecat-k&auml;ytt&auml;j&auml;tili&auml;si.","demo_insert_desc":"This is a demo of a seamless insert of an Icecat LIVE product data-sheet in your website. Imagine that this responsive data-sheet is included in the product page of your webshop.","pdf_url":"K&auml;ytt&ouml;opas","prod_code":"Tuotekoodi","supplier_name":"Tuotemerkki","video":"Video","reasons_to_buy":"Syitä ostaa","marketing_text":"Kuvaus","options_head_name":"Vaihtoehdot","product_series":"Tuotesarja","demo_msg_part2":"Icecat k&auml;ytt&auml;j&auml;tunnuksesi","link_integrate_desk":"Kuinka integroida Icecat LIVE JavaScript.","zoom_panel_dragg":"Hiirell&auml; vet&auml;minen","eu_energy_label":"EU-energiamerkintä"},"DemoAccount":false}}