{"msg":"OK","data":{"GeneralInfo":{"IcecatId":134703656,"ReleaseDate":"","EndOfLifeDate":"","Title":"New Balance FuelCell Propel v4 urheilukenkä Mies Grafiitti, Harmaa","TitleInfo":{"GeneratedIntTitle":"New Balance FuelCell Propel v4 athletic shoes","GeneratedLocalTitle":{"Value":"New Balance FuelCell Propel v4 urheilukenkä Mies Grafiitti, Harmaa","Language":"FI"},"BrandLocalTitle":{"Value":"","Language":"FI"}},"Brand":"New Balance","BrandID":"5844","BrandLogo":"","BrandInfo":{"BrandName":"New Balance","BrandLocalName":"","BrandLogo":""},"ProductName":"FuelCell Propel v4","ProductNameInfo":{"ProductIntName":"FuelCell Propel v4","ProductLocalName":{"Value":"","Language":"FI"}},"BrandPartCode":"MFCPRCC4 42","GTIN":[],"Category":{"CategoryID":"3554","Name":{"Value":"Urheilukengät","Language":"FI"}},"ProductFamily":{},"ProductSeries":{"SeriesID":"1"},"Description":{"ID":"104044414","LongDesc":"Uudet ja kokeneet juoksijat arvostavat New Balance FuelCell Propel v4 -kenkien sileää tuntumaa jalan alla sekä niiden innovatiivista teknologiaa. Juoksukengissä on paksu FuelCell-välipohja ja TPU-levy, ja ne on suunniteltu maksimoimaan mukavuutta ja pitoa kovassakin vauhdissa.<br><br>","LongProductName":"FuelCell Propel v4 Shoes, 42","MiddleDesc":"","Disclaimer":"","ManualPDFURL":"","ManualPDFSize":"0","LeafletPDFURL":"","PDFSize":"0","URL":"https://fi.newbalance.eu/fi/pd/fuelcell-propel-v4/MFCPRV4-44993.html","WarrantyInfo":"","Updated":"2025-09-09 11:43:54","Language":"FI"},"SummaryDescription":{"ShortSummaryDescription":"New Balance FuelCell Propel v4, Juoksu, Mies, Aikuinen, Grafiitti, Harmaa, Kuva, Nauhoilla suljettava","LongSummaryDescription":"New Balance FuelCell Propel v4. Toiminta: Juoksu, Sukupuoli: Mies, Asiakkaan ikäryhmä: Aikuinen. Päällismateriaali: Verkko, Synteettinen, Välipohjan materiaali: Termoplastinen polyuretaani (TPU). Paino: 302,6 g"},"BulletPoints":{"BulletPointsId":"13608910","Language":"FI","Values":["FuelCell-vaahto tarjoaa eteenpäin ponnistavaa voimaa","TPU-levy parantaa työntövoimaa"],"Updated":"2025-09-09 11:43:54"},"GeneratedBulletPoints":{},"GTINs":[]},"Image":{"HighPic":"https://inishop.com/img/gallery/359d1ea6dc0f7b6fadc29a3b9ac4fb7d52887495.jpg","HighPicSize":"553312","HighPicHeight":"767","HighPicWidth":"1505","LowPic":"https://inishop.com/img/gallery_lows/b955b7c90d5cda3d8e8ec051a7381630d854e731.jpg","LowPicSize":"13989","LowPicHeight":"102","LowPicWidth":"200","Pic500x500":"https://inishop.com/img/gallery_mediums/157da5ac134ee3deb5a002b9ac6827305fcfff48.jpg","Pic500x500Size":"68654","Pic500x500Height":"255","Pic500x500Width":"500","ThumbPic":"https://inishop.com/img/gallery_thumbs/e8e66cf88467b591c29eb2633e84ff4fc828406c.jpg","ThumbPicSize":"3420"},"Multimedia":[{"ID":"2023B237-5296-45B2-9F6B-B49237405DE2","URL":"https://live-html.icecat.biz/ea10fd6e11fa1f35b9efe11f687f2cc2/index.html","Type":"ProductStory","ContentType":"application/zip","KeepAsUrl":"0","Description":"ProductStory","Size":"1716","IsPrivate":"0","Updated":"2025-09-10 11:13:29","Language":"FI","IsVideo":0},{"ID":"B2ED4A81-75FA-44EE-AE9B-2B47D269FB20","URL":"https://inishop.com/objects/mmo_134703656_1757495605_551_560130.txt","Type":"ProductStory2.0","ContentType":"text/html","KeepAsUrl":"0","Description":"ProductStory2.0","Size":"5359","IsPrivate":"0","Updated":"2025-09-10 11:13:25","Language":"FI","IsVideo":0}],"Gallery":[{"ID":"117095952","LowPic":"https://inishop.com/img/gallery_lows/b955b7c90d5cda3d8e8ec051a7381630d854e731.jpg","LowSize":"13989","LowHeight":"102","LowWidth":"200","ThumbPic":"https://inishop.com/img/gallery_thumbs/e8e66cf88467b591c29eb2633e84ff4fc828406c.jpg","ThumbPicSize":"3420","Pic":"https://inishop.com/img/gallery/359d1ea6dc0f7b6fadc29a3b9ac4fb7d52887495.jpg","Size":"553312","PicHeight":"767","PicWidth":"1505","Pic500x500":"https://inishop.com/img/gallery_mediums/157da5ac134ee3deb5a002b9ac6827305fcfff48.jpg","Pic500x500Size":"68654","Pic500x500Height":"255","Pic500x500Width":"500","No":"1","IsMain":"Y","Updated":"2025-09-09 11:41:51","IsPrivate":"0","Type":"ProductImage","Attributes":{"OriginalFileName":""}},{"ID":"117095954","LowPic":"https://inishop.com/img/gallery_lows/ac3947a8059914696a01365ce9283df0fda44f74.jpg","LowSize":"16613","LowHeight":"118","LowWidth":"200","ThumbPic":"https://inishop.com/img/gallery_thumbs/cd3b3ad0f663df11d18fe93e95eb03e0ff0b0a54.jpg","ThumbPicSize":"3792","Pic":"https://inishop.com/img/gallery/ef5467dbfe61066c6fac3b75af9f1e01a5e4badb.jpg","Size":"501569","PicHeight":"763","PicWidth":"1298","Pic500x500":"https://inishop.com/img/gallery_mediums/4e50e90f0932abf17ce1dbc85a84c07d8912faf5.jpg","Pic500x500Size":"84832","Pic500x500Height":"294","Pic500x500Width":"500","No":"2","IsMain":"N","Updated":"2025-09-09 11:41:55","IsPrivate":"0","Type":"Other","Attributes":{"OriginalFileName":""}},{"ID":"117095956","LowPic":"https://inishop.com/img/gallery_lows/5a4fa7906c8dbc60bbcc56edd23ecd1ea7a87adf.jpg","LowSize":"12096","LowHeight":"100","LowWidth":"200","ThumbPic":"https://inishop.com/img/gallery_thumbs/06ab6c44fc7413d1e12c18e0ba7ab4b552a5aba3.jpg","ThumbPicSize":"2925","Pic":"https://inishop.com/img/gallery/bfcb69e7b49e8a80933ffa2c679d55b66d683e5f.jpg","Size":"553325","PicHeight":"769","PicWidth":"1537","Pic500x500":"https://inishop.com/img/gallery_mediums/c7575cda15b80a3e4db450a12e76a4f3496ad7da.jpg","Pic500x500Size":"61849","Pic500x500Height":"250","Pic500x500Width":"500","No":"3","IsMain":"N","Updated":"2025-09-09 11:42:00","IsPrivate":"0","Type":"Other","Attributes":{"OriginalFileName":""}},{"ID":"117095957","LowPic":"https://inishop.com/img/gallery_lows/f944780c51c2acc764b71b87f608ee216f83091b.jpg","LowSize":"14288","LowHeight":"200","LowWidth":"82","ThumbPic":"https://inishop.com/img/gallery_thumbs/c08b003440e2f91976c630b8822dc0f5050da8a8.jpg","ThumbPicSize":"3111","Pic":"https://inishop.com/img/gallery/7b4904c2865af2dc979469230557faad28a6fb19.jpg","Size":"668440","PicHeight":"1522","PicWidth":"621","Pic500x500":"https://inishop.com/img/gallery_mediums/4dc6c287ef4c47257b9295350c974c3df80e8341.jpg","Pic500x500Size":"78470","Pic500x500Height":"500","Pic500x500Width":"204","No":"4","IsMain":"N","Updated":"2025-09-09 11:42:05","IsPrivate":"0","Type":"Other","Attributes":{"OriginalFileName":""}},{"ID":"117095958","LowPic":"https://inishop.com/img/gallery_lows/b1225520bbb9fabfaa2eb007ab9af1ceefd583a5.jpg","LowSize":"13128","LowHeight":"90","LowWidth":"200","ThumbPic":"https://inishop.com/img/gallery_thumbs/1d47efddb97fa4ed9c093d607292dd73d7c464a0.jpg","ThumbPicSize":"3406","Pic":"https://inishop.com/img/gallery/e77d2c2157c0234e11b456116cefcb2d1c85e13b.jpg","Size":"431264","PicHeight":"677","PicWidth":"1507","Pic500x500":"https://inishop.com/img/gallery_mediums/866cb6d48c57ec406ca95b49895472e992cee504.jpg","Pic500x500Size":"61741","Pic500x500Height":"225","Pic500x500Width":"500","No":"5","IsMain":"N","Updated":"2025-09-09 11:42:09","IsPrivate":"0","Type":"Other","Attributes":{"OriginalFileName":""}}],"FeaturesGroups":[{"ID":17164,"SortNo":"50","FeatureGroup":{"ID":"185","Name":{"Value":"Ominaisuudet","Language":"FI"}},"Features":[{"Localized":0,"ID":835246372,"LocalID":0,"Type":"dropdown","Value":"Running","CategoryFeatureId":"333583","CategoryFeatureGroupID":"17164","SortNo":"350","PresentationValue":"Juoksu","RawValue":"Running","LocalValue":"Juoksu","Description":"","Mandatory":"1","Searchable":"1","Optional":"0","Feature":{"ID":"41029","Sign":"","Measure":{"ID":"29","Sign":"","Signs":{"ID":"","_":"","Language":"FI"}},"Name":{"Value":"Toiminta","Language":"FI"}}},{"Localized":0,"ID":835246368,"LocalID":0,"Type":"dropdown","Value":"Male","CategoryFeatureId":"158233","CategoryFeatureGroupID":"17164","SortNo":"300","PresentationValue":"Mies","RawValue":"Male","LocalValue":"Mies","Description":"Gender (type) of a product.","Mandatory":"1","Searchable":"1","Optional":"0","Feature":{"ID":"3230","Sign":"","Measure":{"ID":"29","Sign":"","Signs":{"ID":"","_":"","Language":"FI"}},"Name":{"Value":"Sukupuoli","Language":"FI"}}},{"Localized":0,"ID":835246371,"LocalID":0,"Type":"dropdown","Value":"Adult","CategoryFeatureId":"333580","CategoryFeatureGroupID":"17164","SortNo":"295","PresentationValue":"Aikuinen","RawValue":"Adult","LocalValue":"Aikuinen","Description":"","Mandatory":"1","Searchable":"1","Optional":"0","Feature":{"ID":"36987","Sign":"","Measure":{"ID":"29","Sign":"","Signs":{"ID":"","_":"","Language":"FI"}},"Name":{"Value":"Asiakkaan ikäryhmä","Language":"FI"}}},{"Localized":0,"ID":835247547,"LocalID":0,"Type":"dropdown","Value":"Image","CategoryFeatureId":"158216","CategoryFeatureGroupID":"17164","SortNo":"148","PresentationValue":"Kuva","RawValue":"Image","LocalValue":"Kuva","Description":"","Mandatory":"0","Searchable":"0","Optional":"0","Feature":{"ID":"21118","Sign":"","Measure":{"ID":"29","Sign":"","Signs":{"ID":"","_":"","Language":"FI"}},"Name":{"Value":"Väritys","Language":"FI"}}},{"Localized":0,"ID":835246847,"LocalID":0,"Type":"multi_dropdown","Value":"Graphite,Grey","CategoryFeatureId":"333581","CategoryFeatureGroupID":"17164","SortNo":"144","PresentationValue":"Grafiitti, Harmaa","RawValue":"Graphite,Grey","LocalValue":"Grafiitti, Harmaa","Description":"","Mandatory":"1","Searchable":"1","Optional":"0","Feature":{"ID":"37466","Sign":"","Measure":{"ID":"29","Sign":"","Signs":{"ID":"","_":"","Language":"FI"}},"Name":{"Value":"Tuotteen pääväri","Language":"FI"}}},{"Localized":0,"ID":835246369,"LocalID":0,"Type":"alphanumeric","Value":"42","CategoryFeatureId":"949645","CategoryFeatureGroupID":"17164","SortNo":"144","PresentationValue":"42","RawValue":"42","LocalValue":"42","Description":"","Mandatory":"0","Searchable":"0","Optional":"0","Feature":{"ID":"47506","Sign":"","Measure":{"ID":"29","Sign":"","Signs":{"ID":"","_":"","Language":"FI"}},"Name":{"Value":"Koko (EU)","Language":"FI"}}},{"Localized":0,"ID":835247195,"LocalID":0,"Type":"multi_dropdown","Value":"Lace-up closure","CategoryFeatureId":"333640","CategoryFeatureGroupID":"17164","SortNo":"115","PresentationValue":"Nauhoilla suljettava","RawValue":"Lace-up closure","LocalValue":"Nauhoilla suljettava","Description":"","Mandatory":"0","Searchable":"0","Optional":"0","Feature":{"ID":"41034","Sign":"","Measure":{"ID":"29","Sign":"","Signs":{"ID":"","_":"","Language":"FI"}},"Name":{"Value":"Jalkineiden kiinnitystapa","Language":"FI"}}},{"Localized":0,"ID":835246867,"LocalID":0,"Type":"numerical","Value":"6","CategoryFeatureId":"333621","CategoryFeatureGroupID":"17164","SortNo":"111","PresentationValue":"6 mm","RawValue":"6","LocalValue":"6","Description":"","Mandatory":"0","Searchable":"0","Optional":"0","Feature":{"ID":"41060","Sign":"","Measure":{"ID":"24","Sign":"","Signs":{"ID":"13815","_":"mm","Language":"FI"}},"Name":{"Value":"Kantapään korkeus","Language":"FI"}}},{"Localized":0,"ID":835246858,"LocalID":0,"Type":"y_n","Value":"Y","CategoryFeatureId":"333626","CategoryFeatureGroupID":"17164","SortNo":"97","PresentationValue":"Kyllä","RawValue":"Y","LocalValue":"Kyllä","Description":"","Mandatory":"0","Searchable":"0","Optional":"0","Feature":{"ID":"41065","Sign":"","Measure":{"ID":"26","Sign":"","Signs":{"ID":"","_":"","Language":"FI"}},"Name":{"Value":"Pehmeä pohjallinen","Language":"FI"}}}]},{"ID":34344,"SortNo":"40","FeatureGroup":{"ID":"119","Name":{"Value":"Materiaali","Language":"FI"}},"Features":[{"Localized":0,"ID":835247373,"LocalID":0,"Type":"multi_dropdown","Value":"Thermoplastic polyurethane (TPU)","CategoryFeatureId":"158219","CategoryFeatureGroupID":"34344","SortNo":"230","PresentationValue":"Termoplastinen polyuretaani (TPU)","RawValue":"Thermoplastic polyurethane (TPU)","LocalValue":"Termoplastinen polyuretaani (TPU)","Description":"","Mandatory":"0","Searchable":"0","Optional":"0","Feature":{"ID":"25410","Sign":"","Measure":{"ID":"29","Sign":"","Signs":{"ID":"","_":"","Language":"FI"}},"Name":{"Value":"Välipohjan materiaali","Language":"FI"}}},{"Localized":0,"ID":835247036,"LocalID":0,"Type":"multi_dropdown","Value":"Mesh,Synthetic","CategoryFeatureId":"196763","CategoryFeatureGroupID":"34344","SortNo":"200","PresentationValue":"Verkko, Synteettinen","RawValue":"Mesh,Synthetic","LocalValue":"Verkko, Synteettinen","Description":"The material the upper part of the shoe is made of, e.g. leather, canvas or mesh.","Mandatory":"1","Searchable":"0","Optional":"0","Feature":{"ID":"29975","Sign":"","Measure":{"ID":"29","Sign":"","Signs":{"ID":"","_":"","Language":"FI"}},"Name":{"Value":"Päällismateriaali","Language":"FI"}}}]},{"ID":17169,"SortNo":"10","FeatureGroup":{"ID":"14","Name":{"Value":"Paino ja mitat","Language":"FI"}},"Features":[{"Localized":0,"ID":835246862,"LocalID":0,"Type":"numerical","Value":"302.6","CategoryFeatureId":"158237","CategoryFeatureGroupID":"17169","SortNo":"5","PresentationValue":"302,6 g","RawValue":"302.6","LocalValue":"302,6","Description":"Tuotteen paino ilman pakkausta (Nettopaino). Jos mahdollista, nettopaino ilmaistaan vakiovarusteineet ja tarvikkeet mukaan laskettuna. Huomaa, että joskus valmistaja antaa kaupallisen tulkinnan tuotteen painosta, jättämällä pois  lisävarusteiden ja / tai tarvikkeiden painon.","Mandatory":"0","Searchable":"0","Optional":"0","Feature":{"ID":"94","Sign":"","Measure":{"ID":"38","Sign":"","Signs":{"ID":"13826","_":"g","Language":"FI"}},"Name":{"Value":"Paino","Language":"FI"}}}]}],"FeatureLogos":[],"ReasonsToBuy":[],"Reviews":[],"ProductRelated":[],"CatalogObjectCloud":{},"Variants":[],"ProductStory":[{"ID":"2023B237-5296-45B2-9F6B-B49237405DE2","URL":"https://live-html.icecat.biz/ea10fd6e11fa1f35b9efe11f687f2cc2/index.html","Type":"ProductStory","ContentType":"application/zip","KeepAsUrl":"0","Description":"ProductStory","Size":"1716","IsPrivate":"0","Updated":"2025-09-10 11:13:29","Language":"FI","IsVideo":0}],"Dictionary":{"model_name":"Tuotenimi","desc":"Kuvaus","ean_code":"EAN/UPC-koodi","flash360":"3D-esittely","demo_msg_part3":"Jos sinulla ei ole Icecat-k&auml;ytt&auml;j&auml;tili&auml;, ole hyv&auml; ja rekister&ouml;idy maksutta t&auml;&auml;lt&auml;.","repairability_index":"Repairability index","zoom_panel_init":"Alkuper&auml;inen koko","cat_name":"Ryhm&auml;","product_family":"Tuoteperhe","back_to_top":"Takaisin yl&ouml;s","zoom_panel_out":"Loitonna","specs":"Tekniset tiedot","eu_product_fiche":"EU-tuoteseloste","reviews_head_name":"Arvostelut","pdf_specs":"Tuote-esite","zoom_panel_in":"L&auml;henn&auml;","html_content":"","release_date":"Julkaisup&auml;iv&auml;","demo_msg_part1":"K&auml;yt&auml;t t&auml;ll&auml; hetkell&auml; demo-k&auml;ytt&auml;j&auml;tili&auml;. Ole hyv&auml; ja k&auml;yt&auml; omaa Icecat-k&auml;ytt&auml;j&auml;tili&auml;si.","demo_insert_desc":"This is a demo of a seamless insert of an Icecat LIVE product data-sheet in your website. Imagine that this responsive data-sheet is included in the product page of your webshop.","pdf_url":"K&auml;ytt&ouml;opas","prod_code":"Tuotekoodi","supplier_name":"Tuotemerkki","video":"Video","reasons_to_buy":"Syitä ostaa","marketing_text":"Kuvaus","options_head_name":"Vaihtoehdot","product_series":"Tuotesarja","demo_msg_part2":"Icecat k&auml;ytt&auml;j&auml;tunnuksesi","link_integrate_desk":"Kuinka integroida Icecat LIVE JavaScript.","zoom_panel_dragg":"Hiirell&auml; vet&auml;minen","eu_energy_label":"EU-energiamerkintä"},"DemoAccount":false}}