{"msg":"OK","data":{"GeneralInfo":{"IcecatId":123029744,"ReleaseDate":"","EndOfLifeDate":"","Title":"Apple Mac mini Apple M M4 16 GB 512 GB SSD macOS Sequoia Mini PC Hopea","TitleInfo":{"GeneratedIntTitle":"Apple Mac mini","GeneratedLocalTitle":{"Value":"Apple Mac mini Apple M M4 16 GB 512 GB SSD macOS Sequoia Mini PC Hopea","Language":"FI"},"BrandLocalTitle":{"Value":"","Language":"FI"}},"Brand":"Apple","BrandID":"9","BrandLogo":"https://inishop.com/img/brand/thumb/9_d14b59ec69c0456b8775a7210bbba1e9.jpg","BrandInfo":{"BrandName":"Apple","BrandLocalName":"","BrandLogo":"https://inishop.com/img/brand/thumb/9_d14b59ec69c0456b8775a7210bbba1e9.jpg"},"ProductName":"Mac mini","ProductNameInfo":{"ProductIntName":"Mac mini","ProductLocalName":{"Value":"","Language":"FI"}},"BrandPartCode":"MU9E3KS/A","GTIN":[],"Category":{"CategoryID":"153","Name":{"Value":"Tietokoneet/työasemat","Language":"FI"}},"ProductFamily":{"ProductFamilyID":"216","Value":"Mac mini","Language":"EN"},"ProductSeries":{"SeriesID":"8531","Value":"(M4, 2024)","Language":"EN"},"Description":{"ID":"97270828","LongDesc":"<b>Mac mini</b><br>Pienempi. Pippurisempi.","LongProductName":"Mac mini, Apple M4 chip 10-core CPU, 10-core GPU, 16GB unified memory, 512GB SSD, 3.5 mm, Ethernet, 2 x USB 3, 3 x USB 4, HDMI, Wi-Fi 6E, Bluetooth 5.3, macOS","MiddleDesc":"","Disclaimer":"","ManualPDFURL":"","ManualPDFSize":"0","LeafletPDFURL":"","PDFSize":"0","URL":"https://www.apple.com/fi/mac-mini/","WarrantyInfo":"Yhden vuoden rajoitettu takuu","Updated":"2024-10-30 09:19:51","Language":"FI"},"SummaryDescription":{"ShortSummaryDescription":"Apple Mac mini , Apple M, M4, 16 GB, 512 GB, SSD, macOS Sequoia","LongSummaryDescription":"Apple Mac mini . Suoritinperhe: Apple M, Prosessorimalli: M4. Sisäinen muisti: 16 GB. Kokonaistallennuskapasiteetti: 512 GB, Tallennusmedia: SSD. Sisältyvän näytönohjaimen malli: Apple GPU. Wi-Fi. Käyttöjärjestelmä asennettu: macOS Sequoia. Virtalähde: 155 W. Alustatyyppi: Mini PC. Tuotetyyppi: Mini PC. Paino: 670 g. Tuotteen väri: Hopea"},"BulletPoints":{"BulletPointsId":"10389117","Language":"FI","Values":["Täysin uusi ja tiivistetty muoto. Portit edessä ja takana. Mahtuu, mukautuu ja menestyy monen monessa kokoonpanossa","M4. M4 Pro. Seuraavan tason suorituskykyä. Mullistavat grafiikat. Lisää tehoja sinulle","Ensimmäinen hiilineutraali Mac. Saavutus tänään. Standardi huomenna","Suunniteltu Apple Intelligenceä varten. Yksilöllinen, turvallinen, tehokas"],"Updated":"2024-10-30 09:19:51"},"GeneratedBulletPoints":{"Language":"FI","Values":["Mini PC Hopea 155 W","Apple M M4 Prosessorin ytimet: 10","16 GB","512 GB SSD","Apple GPU Sisäisen grafiikka-adapterin ytimet: 10","Ethernet LAN 10,100,1000 Mbit/s Wi-Fi 6E (802.11ax) Bluetooth 5.3","macOS Sequoia"]},"GTINs":[{"GTIN":"0195949080715","IsApproved":false},{"GTIN":"195949080715","IsApproved":false}]},"Image":{"HighPic":"https://inishop.com/img/gallery/bf10584c9dbf7cce93f304dc853b792e254621ac.jpg","HighPicSize":"2959863","HighPicHeight":"1734","HighPicWidth":"3835","LowPic":"https://inishop.com/img/gallery_lows/dd8b0893a7c437bce2f8890f0999deef23e323f3.jpg","LowPicSize":"6295","LowPicHeight":"90","LowPicWidth":"200","Pic500x500":"https://inishop.com/img/gallery_mediums/06b980a785d5e4d78aea20f024dbb2cdcf1fe578.jpg","Pic500x500Size":"35441","Pic500x500Height":"226","Pic500x500Width":"500","ThumbPic":"https://inishop.com/img/gallery_thumbs/864ae0d4867a4c5e898718038f378178251f811c.jpg","ThumbPicSize":"1961"},"Multimedia":[],"Gallery":[{"ID":"97060891","LowPic":"https://inishop.com/img/gallery_lows/dd8b0893a7c437bce2f8890f0999deef23e323f3.jpg","LowSize":"6295","LowHeight":"90","LowWidth":"200","ThumbPic":"https://inishop.com/img/gallery_thumbs/864ae0d4867a4c5e898718038f378178251f811c.jpg","ThumbPicSize":"1961","Pic":"https://inishop.com/img/gallery/bf10584c9dbf7cce93f304dc853b792e254621ac.jpg","Size":"2959863","PicHeight":"1734","PicWidth":"3835","Pic500x500":"https://inishop.com/img/gallery_mediums/06b980a785d5e4d78aea20f024dbb2cdcf1fe578.jpg","Pic500x500Size":"35441","Pic500x500Height":"226","Pic500x500Width":"500","No":"1","IsMain":"Y","Updated":"2025-04-29 13:52:55","IsPrivate":"0","Type":"ProductImage","Attributes":{"OriginalFileName":""}},{"ID":"97060892","LowPic":"https://inishop.com/img/gallery_lows/03dd267f3822ae834c3fc8c3186c9992344b2bff.jpg","LowSize":"46688","LowHeight":"200","LowWidth":"200","ThumbPic":"https://inishop.com/img/gallery_thumbs/462ccff93ca7222f249db79c53d291fc08a83c95.jpg","ThumbPicSize":"9697","Pic":"https://inishop.com/img/gallery/34bbcf79206fe7114a0fc3dfbdd5bc4ba90a82be.jpg","Size":"4149434","PicHeight":"4000","PicWidth":"4000","Pic500x500":"https://inishop.com/img/gallery_mediums/f858b09ec08c2f65246aae16786629cbbfce8a89.jpg","Pic500x500Size":"214753","Pic500x500Height":"500","Pic500x500Width":"500","No":"2","IsMain":"N","Updated":"2024-10-30 09:19:51","IsPrivate":"0","Type":"LifestyleImage","Attributes":{"OriginalFileName":""}},{"ID":"97060893","LowPic":"https://inishop.com/img/gallery_lows/213cfe3d127ea5acdd0f461bf75eadbe69b88a68.jpg","LowSize":"16380","LowHeight":"111","LowWidth":"200","ThumbPic":"https://inishop.com/img/gallery_thumbs/8bb679a6d907d158cbaa6b250cd8c1b3fccf106b.jpg","ThumbPicSize":"4100","Pic":"https://inishop.com/img/gallery/d1a674c3c09c07b1dc64c288816560891f3dfa18.jpg","Size":"1737909","PicHeight":"2154","PicWidth":"3869","Pic500x500":"https://inishop.com/img/gallery_mediums/330112c0b642f783560bef62206787ade735a3de.jpg","Pic500x500Size":"64675","Pic500x500Height":"278","Pic500x500Width":"500","No":"3","IsMain":"N","Updated":"2025-04-29 13:53:06","IsPrivate":"0","Type":"LifestyleImage","Attributes":{"OriginalFileName":""}}],"FeaturesGroups":[{"ID":2,"SortNo":"100","FeatureGroup":{"ID":"1","Name":{"Value":"Prosessori","Language":"FI"}},"Features":[{"Localized":0,"ID":694511853,"LocalID":0,"Type":"dropdown","Value":"Apple","CategoryFeatureId":"3032","CategoryFeatureGroupID":"2","SortNo":"10100801","PresentationValue":"Apple","RawValue":"Apple","LocalValue":"Apple","Description":"The manufacturer that produced the processor.","Mandatory":"1","Searchable":"0","Optional":"0","Feature":{"ID":"1013","Sign":"","Measure":{"ID":"29","Sign":"","Signs":{"ID":"","_":"","Language":"FI"}},"Name":{"Value":"Suoritinvalmistaja","Language":"FI"}}},{"Localized":0,"ID":694511948,"LocalID":0,"Type":"dropdown","Value":"Apple M","CategoryFeatureId":"11561","CategoryFeatureGroupID":"2","SortNo":"5300","PresentationValue":"Apple M","RawValue":"Apple M","LocalValue":"Apple M","Description":"Prosessorisarja johon prosessori kuuluu.","Mandatory":"1","Searchable":"1","Optional":"0","Feature":{"ID":"2196","Sign":"","Measure":{"ID":"29","Sign":"","Signs":{"ID":"","_":"","Language":"FI"}},"Name":{"Value":"Suoritinperhe","Language":"FI"}}},{"Localized":0,"ID":694512390,"LocalID":0,"Type":"dropdown","Value":"Apple M 4th Gen","CategoryFeatureId":"893380","CategoryFeatureGroupID":"2","SortNo":"5300","PresentationValue":"Apple M 4th Gen","RawValue":"Apple M 4th Gen","LocalValue":"Apple M 4th Gen","Description":"","Mandatory":"0","Searchable":"0","Optional":"0","Feature":{"ID":"44870","Sign":"","Measure":{"ID":"29","Sign":"","Signs":{"ID":"","_":"","Language":"FI"}},"Name":{"Value":"Prosessorisukupolvi","Language":"FI"}}},{"Localized":0,"ID":694511792,"LocalID":0,"Type":"dropdown","Value":"M4","CategoryFeatureId":"62","CategoryFeatureGroupID":"2","SortNo":"5200","PresentationValue":"M4","RawValue":"M4","LocalValue":"M4","Description":"The model number for the processor in a computer.","Mandatory":"1","Searchable":"0","Optional":"0","Feature":{"ID":"47","Sign":"","Measure":{"ID":"29","Sign":"","Signs":{"ID":"","_":"","Language":"FI"}},"Name":{"Value":"Prosessorimalli","Language":"FI"}}},{"Localized":0,"ID":694512076,"LocalID":0,"Type":"numerical","Value":"10","CategoryFeatureId":"36486","CategoryFeatureGroupID":"2","SortNo":"220","PresentationValue":"10","RawValue":"10","LocalValue":"10","Description":"The number of central processing units ('cores') in a processor. Some processors have 1 core","Mandatory":"0","Searchable":"0","Optional":"0","Feature":{"ID":"6089","Sign":"","Measure":{"ID":"29","Sign":"","Signs":{"ID":"","_":"","Language":"FI"}},"Name":{"Value":"Prosessorin ytimet","Language":"FI"}}},{"Localized":0,"ID":694512375,"LocalID":0,"Type":"numerical","Value":"4","CategoryFeatureId":"895771","CategoryFeatureGroupID":"2","SortNo":"200","PresentationValue":"4","RawValue":"4","LocalValue":"4","Description":"","Mandatory":"0","Searchable":"0","Optional":"0","Feature":{"ID":"44522","Sign":"","Measure":{"ID":"29","Sign":"","Signs":{"ID":"","_":"","Language":"FI"}},"Name":{"Value":"Suorituskyky-ytimet","Language":"FI"}}},{"Localized":0,"ID":694512371,"LocalID":0,"Type":"numerical","Value":"6","CategoryFeatureId":"895770","CategoryFeatureGroupID":"2","SortNo":"195","PresentationValue":"6","RawValue":"6","LocalValue":"6","Description":"","Mandatory":"0","Searchable":"0","Optional":"0","Feature":{"ID":"44521","Sign":"","Measure":{"ID":"29","Sign":"","Signs":{"ID":"","_":"","Language":"FI"}},"Name":{"Value":"Tehokkuusytimet","Language":"FI"}}},{"Localized":0,"ID":694511816,"LocalID":0,"Type":"numerical","Value":"1","CategoryFeatureId":"2216","CategoryFeatureGroupID":"2","SortNo":"30","PresentationValue":"1","RawValue":"1","LocalValue":"1","Description":"Prosessorien lukumäärä sekä tuotteen tuki multi-prosessointia varten","Mandatory":"0","Searchable":"0","Optional":"0","Feature":{"ID":"596","Sign":"","Measure":{"ID":"29","Sign":"","Signs":{"ID":"","_":"","Language":"FI"}},"Name":{"Value":"Asennettujen prosessorien lukumäärä","Language":"FI"}}},{"Localized":0,"ID":694512195,"LocalID":0,"Type":"dropdown","Value":"Neural Engine","CategoryFeatureId":"595926","CategoryFeatureGroupID":"2","SortNo":"15","PresentationValue":"Neural Engine","RawValue":"Neural Engine","LocalValue":"Neural Engine","Description":"","Mandatory":"0","Searchable":"0","Optional":"0","Feature":{"ID":"18116","Sign":"","Measure":{"ID":"29","Sign":"","Signs":{"ID":"","_":"","Language":"FI"}},"Name":{"Value":"Rinnakkaissuorittimen malli","Language":"FI"}}},{"Localized":0,"ID":694512190,"LocalID":0,"Type":"numerical","Value":"16","CategoryFeatureId":"595927","CategoryFeatureGroupID":"2","SortNo":"14","PresentationValue":"16","RawValue":"16","LocalValue":"16","Description":"","Mandatory":"0","Searchable":"0","Optional":"0","Feature":{"ID":"17983","Sign":"","Measure":{"ID":"29","Sign":"","Signs":{"ID":"","_":"","Language":"FI"}},"Name":{"Value":"Rinnakkaissuorittimen ytimet","Language":"FI"}}},{"Localized":0,"ID":694512207,"LocalID":0,"Type":"numerical","Value":"120","CategoryFeatureId":"132877","CategoryFeatureGroupID":"2","SortNo":"-13","PresentationValue":"120 GB/s","RawValue":"120","LocalValue":"120","Description":"","Mandatory":"0","Searchable":"0","Optional":"1","Feature":{"ID":"21996","Sign":"","Measure":{"ID":"160","Sign":"","Signs":{"ID":"13937","_":"GB/s","Language":"FI"}},"Name":{"Value":"Prosessorin tukema muistin kaistanleveys (maks.)","Language":"FI"}}}]},{"ID":3,"SortNo":"95","FeatureGroup":{"ID":"3","Name":{"Value":"Muisti","Language":"FI"}},"Features":[{"Localized":0,"ID":694512165,"LocalID":0,"Type":"numerical","Value":"16","CategoryFeatureId":"73752","CategoryFeatureGroupID":"3","SortNo":"5100","PresentationValue":"16 GB","RawValue":"16","LocalValue":"16","Description":"A computer's memory which is directly accessible to the CPU.","Mandatory":"1","Searchable":"1","Optional":"0","Feature":{"ID":"11381","Sign":"","Measure":{"ID":"20","Sign":"","Signs":{"ID":"13811","_":"GB","Language":"FI"}},"Name":{"Value":"Sisäinen muisti","Language":"FI"}}}]},{"ID":4138,"SortNo":"90","FeatureGroup":{"ID":"47","Name":{"Value":"Tallennusväline","Language":"FI"}},"Features":[{"Localized":0,"ID":694512014,"LocalID":0,"Type":"numerical","Value":"512","CategoryFeatureId":"33231","CategoryFeatureGroupID":"4138","SortNo":"5000","PresentationValue":"512 GB","RawValue":"512","LocalValue":"512","Description":"The total amount of data that can be stored on the device.","Mandatory":"1","Searchable":"1","Optional":"0","Feature":{"ID":"3318","Sign":"","Measure":{"ID":"20","Sign":"","Signs":{"ID":"13811","_":"GB","Language":"FI"}},"Name":{"Value":"Kokonaistallennuskapasiteetti","Language":"FI"}}},{"Localized":0,"ID":694512170,"LocalID":0,"Type":"dropdown","Value":"SSD","CategoryFeatureId":"96404","CategoryFeatureGroupID":"4138","SortNo":"4000","PresentationValue":"SSD","RawValue":"SSD","LocalValue":"SSD","Description":"Used for the storage of date e.g. HDD (hard disk drive)","Mandatory":"1","Searchable":"0","Optional":"0","Feature":{"ID":"11441","Sign":"","Measure":{"ID":"29","Sign":"","Signs":{"ID":"","_":"","Language":"FI"}},"Name":{"Value":"Tallennusmedia","Language":"FI"}}},{"Localized":0,"ID":694511868,"LocalID":0,"Type":"dropdown","Value":"N","CategoryFeatureId":"2968","CategoryFeatureGroupID":"4138","SortNo":"500","PresentationValue":"Ei","RawValue":"N","LocalValue":"Ei","Description":"Optisen aseman tyyppi.","Mandatory":"1","Searchable":"1","Optional":"0","Feature":{"ID":"1120","Sign":"","Measure":{"ID":"29","Sign":"","Signs":{"ID":"","_":"","Language":"FI"}},"Name":{"Value":"Optisen aseman tyyppi","Language":"FI"}}},{"Localized":0,"ID":694512292,"LocalID":0,"Type":"numerical","Value":"512","CategoryFeatureId":"295712","CategoryFeatureGroupID":"4138","SortNo":"32","PresentationValue":"512 GB","RawValue":"512","LocalValue":"512","Description":"","Mandatory":"0","Searchable":"0","Optional":"0","Feature":{"ID":"37918","Sign":"","Measure":{"ID":"20","Sign":"","Signs":{"ID":"13811","_":"GB","Language":"FI"}},"Name":{"Value":"SSD:n kokonaiskapasiteetti","Language":"FI"}}},{"Localized":0,"ID":694512101,"LocalID":0,"Type":"numerical","Value":"1","CategoryFeatureId":"45817","CategoryFeatureGroupID":"4138","SortNo":"30","PresentationValue":"1","RawValue":"1","LocalValue":"1","Description":"","Mandatory":"0","Searchable":"0","Optional":"0","Feature":{"ID":"7682","Sign":"","Measure":{"ID":"29","Sign":"","Signs":{"ID":"","_":"","Language":"FI"}},"Name":{"Value":"Asennettujen SSD:iden lukumäärä","Language":"FI"}}},{"Localized":0,"ID":694512072,"LocalID":0,"Type":"numerical","Value":"512","CategoryFeatureId":"45777","CategoryFeatureGroupID":"4138","SortNo":"29","PresentationValue":"512 GB","RawValue":"512","LocalValue":"512","Description":"Solid State Drive:n tallennuskapasiteetti gigatavuina.","Mandatory":"0","Searchable":"0","Optional":"0","Feature":{"ID":"5586","Sign":"","Measure":{"ID":"20","Sign":"","Signs":{"ID":"13811","_":"GB","Language":"FI"}},"Name":{"Value":"SSD-kapasiteetti","Language":"FI"}}},{"Localized":0,"ID":694512287,"LocalID":0,"Type":"y_n","Value":"N","CategoryFeatureId":"224663","CategoryFeatureGroupID":"4138","SortNo":"20","PresentationValue":"Ei","RawValue":"N","LocalValue":"Ei","Description":"","Mandatory":"0","Searchable":"0","Optional":"0","Feature":{"ID":"33648","Sign":"","Measure":{"ID":"26","Sign":"","Signs":{"ID":"","_":"","Language":"FI"}},"Name":{"Value":"Intel® Optane™ Memory -moduuli asennettu","Language":"FI"}}}]},{"ID":8603,"SortNo":"85","FeatureGroup":{"ID":"163","Name":{"Value":"Grafiikka","Language":"FI"}},"Features":[{"Localized":0,"ID":694512266,"LocalID":0,"Type":"y_n","Value":"N","CategoryFeatureId":"192532","CategoryFeatureGroupID":"8603","SortNo":"4810","PresentationValue":"Ei","RawValue":"N","LocalValue":"Ei","Description":"","Mandatory":"1","Searchable":"1","Optional":"0","Feature":{"ID":"27905","Sign":"","Measure":{"ID":"26","Sign":"","Signs":{"ID":"","_":"","Language":"FI"}},"Name":{"Value":"Erillinen grafiikka-adapteri","Language":"FI"}}},{"Localized":0,"ID":694512136,"LocalID":0,"Type":"y_n","Value":"Y","CategoryFeatureId":"74328","CategoryFeatureGroupID":"8603","SortNo":"4470","PresentationValue":"Kyllä","RawValue":"Y","LocalValue":"Kyllä","Description":"Graphics hardware which is built into the motherboard or CPU","Mandatory":"1","Searchable":"1","Optional":"0","Feature":{"ID":"9997","Sign":"","Measure":{"ID":"26","Sign":"","Signs":{"ID":"","_":"","Language":"FI"}},"Name":{"Value":"Sisäinen näytönohjain","Language":"FI"}}},{"Localized":0,"ID":694512129,"LocalID":0,"Type":"dropdown","Value":"Not available","CategoryFeatureId":"53946","CategoryFeatureGroupID":"8603","SortNo":"3900","PresentationValue":"Ei saatavilla","RawValue":"Not available","LocalValue":"Ei saatavilla","Description":"A graphics adapter (often known as a video card) generates images for a display. A discrete graphics adapter plugs into the motherboard","Mandatory":"1","Searchable":"0","Optional":"0","Feature":{"ID":"9018","Sign":"","Measure":{"ID":"29","Sign":"","Signs":{"ID":"","_":"","Language":"FI"}},"Name":{"Value":"Erillisen näytönohjaimen malli","Language":"FI"}}},{"Localized":0,"ID":694512396,"LocalID":0,"Type":"dropdown","Value":"Apple","CategoryFeatureId":"894413","CategoryFeatureGroupID":"8603","SortNo":"448","PresentationValue":"Apple","RawValue":"Apple","LocalValue":"Apple","Description":"","Mandatory":"0","Searchable":"0","Optional":"0","Feature":{"ID":"44898","Sign":"","Measure":{"ID":"29","Sign":"","Signs":{"ID":"","_":"","Language":"FI"}},"Name":{"Value":"Kiinteän GPU:n valmistaja","Language":"FI"}}},{"Localized":0,"ID":694512275,"LocalID":0,"Type":"dropdown","Value":"Apple","CategoryFeatureId":"192528","CategoryFeatureGroupID":"8603","SortNo":"447","PresentationValue":"Apple","RawValue":"Apple","LocalValue":"Apple","Description":"","Mandatory":"0","Searchable":"0","Optional":"0","Feature":{"ID":"29455","Sign":"","Measure":{"ID":"29","Sign":"","Signs":{"ID":"","_":"","Language":"FI"}},"Name":{"Value":"Sisäänrakennettu grafiikka-adapteriperhe","Language":"FI"}}},{"Localized":0,"ID":694512120,"LocalID":0,"Type":"dropdown","Value":"Apple GPU","CategoryFeatureId":"53944","CategoryFeatureGroupID":"8603","SortNo":"446","PresentationValue":"Apple GPU","RawValue":"Apple GPU","LocalValue":"Apple GPU","Description":"\"Graphic adapter\" is the hardware that produces images on a display. \"On-board\" means that the graphics adapter is intergrated inside the motherboard.","Mandatory":"1","Searchable":"0","Optional":"0","Feature":{"ID":"9016","Sign":"","Measure":{"ID":"29","Sign":"","Signs":{"ID":"","_":"","Language":"FI"}},"Name":{"Value":"Sisältyvän näytönohjaimen malli","Language":"FI"}}},{"Localized":0,"ID":694512213,"LocalID":0,"Type":"numerical","Value":"3","CategoryFeatureId":"133017","CategoryFeatureGroupID":"8603","SortNo":"444","PresentationValue":"3","RawValue":"3","LocalValue":"3","Description":"The feature may not be available on all computing systems. Functionality, performance, and other benefits of this feature may vary depending on system configuration.","Mandatory":"0","Searchable":"0","Optional":"1","Feature":{"ID":"22001","Sign":"","Measure":{"ID":"29","Sign":"","Signs":{"ID":"","_":"","Language":"FI"}},"Name":{"Value":"Tuettujen näyttöjen lukumäärä (sisäinen näytönohjain)","Language":"FI"}}},{"Localized":0,"ID":694512344,"LocalID":0,"Type":"numerical","Value":"10","CategoryFeatureId":"595928","CategoryFeatureGroupID":"8603","SortNo":"443","PresentationValue":"10","RawValue":"10","LocalValue":"10","Description":"","Mandatory":"0","Searchable":"0","Optional":"0","Feature":{"ID":"42531","Sign":"","Measure":{"ID":"29","Sign":"","Signs":{"ID":"","_":"","Language":"FI"}},"Name":{"Value":"Sisäisen grafiikka-adapterin ytimet","Language":"FI"}}},{"Localized":0,"ID":694512339,"LocalID":0,"Type":"y_n","Value":"Y","CategoryFeatureId":"595929","CategoryFeatureGroupID":"8603","SortNo":"442","PresentationValue":"Kyllä","RawValue":"Y","LocalValue":"Kyllä","Description":"","Mandatory":"0","Searchable":"0","Optional":"0","Feature":{"ID":"42530","Sign":"","Measure":{"ID":"26","Sign":"","Signs":{"ID":"","_":"","Language":"FI"}},"Name":{"Value":"Sisäisen grafiikka-adapterin 6K-tuki","Language":"FI"}}},{"Localized":0,"ID":694512301,"LocalID":0,"Type":"multi_dropdown","Value":"High Dynamic Range 10 (HDR10),High Dynamic Range 10+ (HDR10 Plus),Dolby Vision,Hybrid Log-Gamma (HLG),Hybrid Log-Gamma Photo (HLG Photo)","CategoryFeatureId":"974090","CategoryFeatureGroupID":"8603","SortNo":"14","PresentationValue":"High Dynamic Range 10 (HDR10), High Dynamic Range 10+ (HDR10 Plus), Dolby Vision, Hybrid Log-Gamma (HLG), Hybrid Log-Gamma Photo (HLG Photo)","RawValue":"High Dynamic Range 10 (HDR10),High Dynamic Range 10+ (HDR10 Plus),Dolby Vision,Hybrid Log-Gamma (HLG),Hybrid Log-Gamma Photo (HLG Photo)","LocalValue":"High Dynamic Range 10 (HDR10), High Dynamic Range 10+ (HDR10 Plus), Dolby Vision, Hybrid Log-Gamma (HLG), Hybrid Log-Gamma Photo (HLG Photo)","Description":"","Mandatory":"0","Searchable":"0","Optional":"0","Feature":{"ID":"40712","Sign":"","Measure":{"ID":"29","Sign":"","Signs":{"ID":"","_":"","Language":"FI"}},"Name":{"Value":"Korkeadynaaminen teknologia-alue (HDR)","Language":"FI"}}}]},{"ID":2066,"SortNo":"75","FeatureGroup":{"ID":"35","Name":{"Value":"Verkko","Language":"FI"}},"Features":[{"Localized":0,"ID":694511893,"LocalID":0,"Type":"y_n","Value":"Y","CategoryFeatureId":"36488","CategoryFeatureGroupID":"2066","SortNo":"100","PresentationValue":"Kyllä","RawValue":"Y","LocalValue":"Kyllä","Description":"An Ethernet LAN (Local Area Network) interface is present","Mandatory":"1","Searchable":"0","Optional":"0","Feature":{"ID":"1347","Sign":"","Measure":{"ID":"26","Sign":"","Signs":{"ID":"","_":"","Language":"FI"}},"Name":{"Value":"Ethernet LAN","Language":"FI"}}},{"Localized":0,"ID":694512030,"LocalID":0,"Type":"multi_dropdown","Value":"10,100,1000","CategoryFeatureId":"31181","CategoryFeatureGroupID":"2066","SortNo":"99","PresentationValue":"10,100,1000 Mbit/s","RawValue":"10,100,1000","LocalValue":"10,100,1000","Description":"Ethernet LAN-yhteyden eri nopeustasot ilmaistuna megabittiä sekunnissa.","Mandatory":"0","Searchable":"0","Optional":"0","Feature":{"ID":"3768","Sign":"","Measure":{"ID":"23","Sign":"","Signs":{"ID":"13814","_":"Mbit/s","Language":"FI"}},"Name":{"Value":"Ethernet LAN -datanopeudet","Language":"FI"}}},{"Localized":0,"ID":694512005,"LocalID":0,"Type":"y_n","Value":"Y","CategoryFeatureId":"36487","CategoryFeatureGroupID":"2066","SortNo":"81","PresentationValue":"Kyllä","RawValue":"Y","LocalValue":"Kyllä","Description":"Popular technology that allows an electronic device to exchange data or connect to the internet wirelessly using radio waves.","Mandatory":"1","Searchable":"0","Optional":"0","Feature":{"ID":"3239","Sign":"","Measure":{"ID":"26","Sign":"","Signs":{"ID":"","_":"","Language":"FI"}},"Name":{"Value":"Wi-Fi","Language":"FI"}}},{"Localized":0,"ID":694512261,"LocalID":0,"Type":"dropdown","Value":"Wi-Fi 6E (802.11ax)","CategoryFeatureId":"269712","CategoryFeatureGroupID":"2066","SortNo":"80","PresentationValue":"Wi-Fi 6E (802.11ax)","RawValue":"Wi-Fi 6E (802.11ax)","LocalValue":"Wi-Fi 6E (802.11ax)","Description":"Connection of this device is done via Wi-Fi in a high standard.","Mandatory":"0","Searchable":"0","Optional":"0","Feature":{"ID":"24993","Sign":"","Measure":{"ID":"29","Sign":"","Signs":{"ID":"","_":"","Language":"FI"}},"Name":{"Value":"Wi-Fi-standardi","Language":"FI"}}},{"Localized":0,"ID":694511937,"LocalID":0,"Type":"y_n","Value":"Y","CategoryFeatureId":"33715","CategoryFeatureGroupID":"2066","SortNo":"50","PresentationValue":"Kyllä","RawValue":"Y","LocalValue":"Kyllä","Description":"Bluetooth on pienitehoinen radiotekniikka, joka on kehitetty korvaamaan nykyisin käytetyt kaapelit ja johdotn linkittämään tai liittämään elektronisia laitteita, kuten tietokoneita, tulostimia, sekä erilaisia ​​kannettavia laitteita kuten matkapuhelimia. Koska se käyttää radio-aallon yhteyytä, Bluetooth-laiteella on jatkuva yhteysä käyttämäänsä selaimeen. Tämä säästää käyttäjän aikaa esimerkiksi turhilta kirjautumisilta sähköposteja tai uutisia lukiessaani.","Mandatory":"0","Searchable":"0","Optional":"0","Feature":{"ID":"2183","Sign":"","Measure":{"ID":"26","Sign":"","Signs":{"ID":"","_":"","Language":"FI"}},"Name":{"Value":"Bluetooth","Language":"FI"}}},{"Localized":0,"ID":694511872,"LocalID":0,"Type":"dropdown","Value":"5.3","CategoryFeatureId":"33716","CategoryFeatureGroupID":"2066","SortNo":"49","PresentationValue":"5.3","RawValue":"5.3","LocalValue":"5.3","Description":"The type of bluetooth technology in the product e.g. Bluetooth Smart (v4.0).","Mandatory":"0","Searchable":"0","Optional":"0","Feature":{"ID":"1208","Sign":"","Measure":{"ID":"29","Sign":"","Signs":{"ID":"","_":"","Language":"FI"}},"Name":{"Value":"Bluetooth-versio","Language":"FI"}}}]},{"ID":821,"SortNo":"70","FeatureGroup":{"ID":"12","Name":{"Value":"Liitettävyys","Language":"FI"}},"Features":[{"Localized":0,"ID":694512246,"LocalID":0,"Type":"numerical","Value":"2","CategoryFeatureId":"138388","CategoryFeatureGroupID":"821","SortNo":"496","PresentationValue":"2","RawValue":"2","LocalValue":"2","Description":"Number of USB 3.1 (3.1 Gen 2) ports with Type-C connector. USB 3.1 (3.1 Gen 2) is USB interface version which supports transfer rate up to 10 Gbit/s (SuperSpeed+). USB Type-C connector has symmetrical design architecture and compatible with Thunderbolt 3 interface.","Mandatory":"1","Searchable":"0","Optional":"0","Feature":{"ID":"22704","Sign":"","Measure":{"ID":"29","Sign":"","Signs":{"ID":"","_":"","Language":"FI"}},"Name":{"Value":"USB 3.2 Gen 2 (3.1 Gen 2) C-tyypin porttien määrä","Language":"FI"}}},{"Localized":0,"ID":694512280,"LocalID":0,"Type":"y_n","Value":"Y","CategoryFeatureId":"327758","CategoryFeatureGroupID":"821","SortNo":"492","PresentationValue":"Kyllä","RawValue":"Y","LocalValue":"Kyllä","Description":"","Mandatory":"0","Searchable":"0","Optional":"0","Feature":{"ID":"31406","Sign":"","Measure":{"ID":"26","Sign":"","Signs":{"ID":"","_":"","Language":"FI"}},"Name":{"Value":"USB Type-C DisplayPort Alternate Mode","Language":"FI"}}},{"Localized":0,"ID":694512329,"LocalID":0,"Type":"y_n","Value":"Y","CategoryFeatureId":"595923","CategoryFeatureGroupID":"821","SortNo":"481","PresentationValue":"Kyllä","RawValue":"Y","LocalValue":"Kyllä","Description":"","Mandatory":"0","Searchable":"0","Optional":"0","Feature":{"ID":"42405","Sign":"","Measure":{"ID":"26","Sign":"","Signs":{"ID":"","_":"","Language":"FI"}},"Name":{"Value":"Intel® Thunderbolt 4","Language":"FI"}}},{"Localized":0,"ID":694512322,"LocalID":0,"Type":"numerical","Value":"3","CategoryFeatureId":"805459","CategoryFeatureGroupID":"821","SortNo":"480","PresentationValue":"3","RawValue":"3","LocalValue":"3","Description":"","Mandatory":"0","Searchable":"0","Optional":"0","Feature":{"ID":"42349","Sign":"","Measure":{"ID":"29","Sign":"","Signs":{"ID":"","_":"","Language":"FI"}},"Name":{"Value":"Thunderbolt 4 -porttien määrä","Language":"FI"}}},{"Localized":0,"ID":694511989,"LocalID":0,"Type":"y_n","Value":"N","CategoryFeatureId":"15957","CategoryFeatureGroupID":"821","SortNo":"399","PresentationValue":"Ei","RawValue":"N","LocalValue":"Ei","Description":"Digital Visual Interface (DVI) on näyttölaiteen liitäntä, jolla yhdistetään videolähde näyttölaitteeseen, kuten tietokoneen näyttöön.","Mandatory":"0","Searchable":"0","Optional":"0","Feature":{"ID":"2319","Sign":"","Measure":{"ID":"26","Sign":"","Signs":{"ID":"","_":"","Language":"FI"}},"Name":{"Value":"DVI-portti","Language":"FI"}}},{"Localized":0,"ID":694512020,"LocalID":0,"Type":"numerical","Value":"1","CategoryFeatureId":"31178","CategoryFeatureGroupID":"821","SortNo":"398","PresentationValue":"1","RawValue":"1","LocalValue":"1","Description":"HDMI (High-Definition Multimedia Interface)-porttien määrä. HDMI on kompakti audio / video liitäntä, joka siirtää pakkaamatonta digitaalista audio / video tietoja HDMI-yhteensopivista laite (\"lähde\" ​​tai \"input\")  yhteensopiviin digitaalisiin äänilaitteisiin, tietokonenäyttöihin, videoprojektoreihin ja digitaalisiin televisioihin.","Mandatory":"1","Searchable":"0","Optional":"0","Feature":{"ID":"3566","Sign":"","Measure":{"ID":"29","Sign":"","Signs":{"ID":"","_":"","Language":"FI"}},"Name":{"Value":"HDMI-porttien lukumäärä","Language":"FI"}}},{"Localized":0,"ID":694511981,"LocalID":0,"Type":"numerical","Value":"1","CategoryFeatureId":"14590","CategoryFeatureGroupID":"821","SortNo":"340","PresentationValue":"1","RawValue":"1","LocalValue":"1","Description":"Number of Ethernet LAN (RJ-45) ports (connecting interfaces) in the device.  Ethernet LAN (RJ-45) ports allow a computer to connect to the ethernet.","Mandatory":"0","Searchable":"0","Optional":"0","Feature":{"ID":"2312","Sign":"","Measure":{"ID":"29","Sign":"","Signs":{"ID":"","_":"","Language":"FI"}},"Name":{"Value":"Ethernet LAN (RJ-45) -portit","Language":"FI"}}},{"Localized":0,"ID":694511986,"LocalID":0,"Type":"numerical","Value":"1","CategoryFeatureId":"15773","CategoryFeatureGroupID":"821","SortNo":"99","PresentationValue":"1","RawValue":"1","LocalValue":"1","Description":"Number of sockets /ports where headphones are connected.","Mandatory":"0","Searchable":"0","Optional":"0","Feature":{"ID":"2313","Sign":"","Measure":{"ID":"29","Sign":"","Signs":{"ID":"","_":"","Language":"FI"}},"Name":{"Value":"Kuulokelähdöt","Language":"FI"}}}]},{"ID":10928,"SortNo":"60","FeatureGroup":{"ID":"148","Name":{"Value":"Suunnittelu","Language":"FI"}},"Features":[{"Localized":0,"ID":694511830,"LocalID":0,"Type":"dropdown","Value":"Mini PC","CategoryFeatureId":"2195","CategoryFeatureGroupID":"10928","SortNo":"600","PresentationValue":"Mini PC","RawValue":"Mini PC","LocalValue":"Mini PC","Description":"Luettelo saatavilla olevista eri alustoista ja niiden laajennettavuudesta jos saatavilla. 1 yksikkö (1U) on 1,75 tuumaa (4,45 cm).","Mandatory":"1","Searchable":"0","Optional":"0","Feature":{"ID":"734","Sign":"","Measure":{"ID":"29","Sign":"","Signs":{"ID":"","_":"","Language":"FI"}},"Name":{"Value":"Alustatyyppi","Language":"FI"}}},{"Localized":0,"ID":694511923,"LocalID":0,"Type":"dropdown","Value":"Silver","CategoryFeatureId":"28831","CategoryFeatureGroupID":"10928","SortNo":"1","PresentationValue":"Hopea","RawValue":"Silver","LocalValue":"Hopea","Description":"The colour e.g. red","Mandatory":"1","Searchable":"0","Optional":"0","Feature":{"ID":"1766","Sign":"","Measure":{"ID":"29","Sign":"","Signs":{"ID":"","_":"","Language":"FI"}},"Name":{"Value":"Tuotteen väri","Language":"FI"}}},{"Localized":0,"ID":694512060,"LocalID":0,"Type":"dropdown","Value":"Aluminium","CategoryFeatureId":"166991","CategoryFeatureGroupID":"10928","SortNo":"0","PresentationValue":"Alumiini","RawValue":"Aluminium","LocalValue":"Alumiini","Description":"What the casing of the product is made of.","Mandatory":"0","Searchable":"0","Optional":"0","Feature":{"ID":"5214","Sign":"","Measure":{"ID":"29","Sign":"","Signs":{"ID":"","_":"","Language":"FI"}},"Name":{"Value":"Kotelon materiaali","Language":"FI"}}}]},{"ID":10929,"SortNo":"58","FeatureGroup":{"ID":"184","Name":{"Value":"Suorituskyky","Language":"FI"}},"Features":[{"Localized":0,"ID":694511996,"LocalID":0,"Type":"y_n","Value":"Y","CategoryFeatureId":"57203","CategoryFeatureGroupID":"10929","SortNo":"198","PresentationValue":"Kyllä","RawValue":"Y","LocalValue":"Kyllä","Description":"The device contains speaker(s) to produce sound.","Mandatory":"0","Searchable":"0","Optional":"0","Feature":{"ID":"2433","Sign":"","Measure":{"ID":"26","Sign":"","Signs":{"ID":"","_":"","Language":"FI"}},"Name":{"Value":"Sisäiset kaiuttimet","Language":"FI"}}},{"Localized":0,"ID":694512142,"LocalID":0,"Type":"numerical","Value":"1","CategoryFeatureId":"207685","CategoryFeatureGroupID":"10929","SortNo":"197","PresentationValue":"1","RawValue":"1","LocalValue":"1","Description":"The quantity of speakers included in/with the product.","Mandatory":"0","Searchable":"0","Optional":"0","Feature":{"ID":"10183","Sign":"","Measure":{"ID":"29","Sign":"","Signs":{"ID":"","_":"","Language":"FI"}},"Name":{"Value":"Kaiuttimien lukumäärä","Language":"FI"}}},{"Localized":0,"ID":694512176,"LocalID":0,"Type":"dropdown","Value":"Mini PC (<= 3L)","CategoryFeatureId":"86787","CategoryFeatureGroupID":"10929","SortNo":"4","PresentationValue":"Mini PC","RawValue":"Mini PC (<= 3L)","LocalValue":"Mini PC","Description":"The sub-category of the product.","Mandatory":"1","Searchable":"1","Optional":"0","Feature":{"ID":"14052","Sign":"","Measure":{"ID":"29","Sign":"","Signs":{"ID":"","_":"","Language":"FI"}},"Name":{"Value":"Tuotetyyppi","Language":"FI"}}},{"Localized":0,"ID":694512201,"LocalID":0,"Type":"numerical","Value":"5","CategoryFeatureId":"931735","CategoryFeatureGroupID":"10929","SortNo":"0","PresentationValue":"5 dB","RawValue":"5","LocalValue":"5","Description":"","Mandatory":"0","Searchable":"0","Optional":"0","Feature":{"ID":"19328","Sign":"","Measure":{"ID":"76","Sign":"","Signs":{"ID":"13862","_":"dB","Language":"FI"}},"Name":{"Value":"Äänenpainetaso","Language":"FI"}}}]},{"ID":3402,"SortNo":"56","FeatureGroup":{"ID":"90","Name":{"Value":"Ohjelmisto","Language":"FI"}},"Features":[{"Localized":0,"ID":694512002,"LocalID":0,"Type":"dropdown","Value":"macOS Sequoia","CategoryFeatureId":"20011","CategoryFeatureGroupID":"3402","SortNo":"601","PresentationValue":"macOS Sequoia","RawValue":"macOS Sequoia","LocalValue":"macOS Sequoia","Description":"Type of operating system on a device e.g. IOS on Apple devices","Mandatory":"1","Searchable":"1","Optional":"0","Feature":{"ID":"3233","Sign":"","Measure":{"ID":"29","Sign":"","Signs":{"ID":"","_":"","Language":"FI"}},"Name":{"Value":"Käyttöjärjestelmä asennettu","Language":"FI"}}},{"Localized":0,"ID":694511971,"LocalID":0,"Type":"text","Value":"App Store, Books, Calendar, Contacts, FaceTime, Find My, Freeform GarageBand, Home, iMovie, iPhone Mirroring, Keynote, Mail, Maps, Messages, Music, News, Notes, Numbers, Pages, Photo Booth, Photos, Podcasts, Preview, QuickTime Player, Reminders, Safari, Shortcuts, Stocks, Time Machine, TV, Voice Memos, Weather","CategoryFeatureId":"42612","CategoryFeatureGroupID":"3402","SortNo":"-3","PresentationValue":"App Store, Books, Calendar, Contacts, FaceTime, Find My, Freeform GarageBand, Home, iMovie, iPhone Mirroring, Keynote, Mail, Maps, Messages, Music, News, Notes, Numbers, Pages, Photo Booth, Photos, Podcasts, Preview, QuickTime Player, Reminders, Safari, Shortcuts, Stocks, Time Machine, TV, Voice Memos, Weather","RawValue":"App Store, Books, Calendar, Contacts, FaceTime, Find My, Freeform GarageBand, Home, iMovie, iPhone Mirroring, Keynote, Mail, Maps, Messages, Music, News, Notes, Numbers, Pages, Photo Booth, Photos, Podcasts, Preview, QuickTime Player, Reminders, Safari, Shortcuts, Stocks, Time Machine, TV, Voice Memos, Weather","LocalValue":"App Store, Books, Calendar, Contacts, FaceTime, Find My, Freeform GarageBand, Home, iMovie, iPhone Mirroring, Keynote, Mail, Maps, Messages, Music, News, Notes, Numbers, Pages, Photo Booth, Photos, Podcasts, Preview, QuickTime Player, Reminders, Safari, Shortcuts, Stocks, Time Machine, TV, Voice Memos, Weather","Description":"Luettelo tuotteen esiasennetuista ohjelmistoista, mukana valmistaja; valmistajan uudelleennimeämä nimi ja moduulit tarvittaessa tai yleinen kuvaus.","Mandatory":"0","Searchable":"0","Optional":"0","Feature":{"ID":"2253","Sign":"","Measure":{"ID":"29","Sign":"","Signs":{"ID":"","_":"","Language":"FI"}},"Name":{"Value":"Esiasennettu ohjelmisto","Language":"FI"}}}]},{"ID":10386,"SortNo":"55","FeatureGroup":{"ID":"183","Name":{"Value":"Suorittimen erityispiirteet","Language":"FI"}},"Features":[{"Localized":0,"ID":694512410,"LocalID":0,"Type":"y_n","Value":"Y","CategoryFeatureId":"974086","CategoryFeatureGroupID":"10386","SortNo":"0","PresentationValue":"Kyllä","RawValue":"Y","LocalValue":"Kyllä","Description":"","Mandatory":"0","Searchable":"0","Optional":"0","Feature":{"ID":"47941","Sign":"","Measure":{"ID":"26","Sign":"","Signs":{"ID":"","_":"","Language":"FI"}},"Name":{"Value":"Video-dekooderi","Language":"FI"}}},{"Localized":0,"ID":694512414,"LocalID":0,"Type":"y_n","Value":"Y","CategoryFeatureId":"974087","CategoryFeatureGroupID":"10386","SortNo":"0","PresentationValue":"Kyllä","RawValue":"Y","LocalValue":"Kyllä","Description":"","Mandatory":"0","Searchable":"0","Optional":"0","Feature":{"ID":"47942","Sign":"","Measure":{"ID":"26","Sign":"","Signs":{"ID":"","_":"","Language":"FI"}},"Name":{"Value":"Videokooderi","Language":"FI"}}}]},{"ID":26494,"SortNo":"53","FeatureGroup":{"ID":"144","Name":{"Value":"Erityisominaisuudet","Language":"FI"}},"Features":[{"Localized":0,"ID":694512364,"LocalID":0,"Type":"dropdown","Value":"Closed Captions,Reduce Motion,Switch Control,Voice Control,Zoom,Increase Contrast,Siri and Dictation,Text to Speech,VoiceOver","CategoryFeatureId":"974091","CategoryFeatureGroupID":"26494","SortNo":"0","PresentationValue":"Piilotettu tekstitys, Reduce Motion, Switch Control, Ääniohjaus, Zoomaus, Increase Contrast, Siri ja Dictation, Text to Speech, VoiceOver","RawValue":"Closed Captions,Reduce Motion,Switch Control,Voice Control,Zoom,Increase Contrast,Siri and Dictation,Text to Speech,VoiceOver","LocalValue":"Piilotettu tekstitys, Reduce Motion, Switch Control, Ääniohjaus, Zoomaus, Increase Contrast, Siri ja Dictation, Text to Speech, VoiceOver","Description":"","Mandatory":"0","Searchable":"0","Optional":"0","Feature":{"ID":"43091","Sign":"","Measure":{"ID":"29","Sign":"","Signs":{"ID":"","_":"","Language":"FI"}},"Name":{"Value":"Esteettömyysominaisuudet","Language":"FI"}}}]},{"ID":1306,"SortNo":"30","FeatureGroup":{"ID":"27","Name":{"Value":"Virranhallinta","Language":"FI"}},"Features":[{"Localized":0,"ID":694511880,"LocalID":0,"Type":"numerical","Value":"155","CategoryFeatureId":"3028","CategoryFeatureGroupID":"1306","SortNo":"10000","PresentationValue":"155 W","RawValue":"155","LocalValue":"155","Description":"The way in which the product is powered e.g. rechargeable battery","Mandatory":"1","Searchable":"0","Optional":"0","Feature":{"ID":"1242","Sign":"","Measure":{"ID":"44","Sign":"","Signs":{"ID":"13832","_":"W","Language":"FI"}},"Name":{"Value":"Virtalähde","Language":"FI"}}},{"Localized":0,"ID":694511885,"LocalID":0,"Type":"alphanumeric","Value":"100 - 240","CategoryFeatureId":"3029","CategoryFeatureGroupID":"1306","SortNo":"414","PresentationValue":"100 - 240 V","RawValue":"100 - 240","LocalValue":"100 - 240","Description":"","Mandatory":"0","Searchable":"0","Optional":"0","Feature":{"ID":"1243","Sign":"","Measure":{"ID":"42","Sign":"","Signs":{"ID":"13830","_":"V","Language":"FI"}},"Name":{"Value":"Virtalähteen syöttöjännite","Language":"FI"}}},{"Localized":0,"ID":694511888,"LocalID":0,"Type":"alphanumeric","Value":"50 - 60","CategoryFeatureId":"3030","CategoryFeatureGroupID":"1306","SortNo":"413","PresentationValue":"50 - 60 Hz","RawValue":"50 - 60","LocalValue":"50 - 60","Description":"The frequency of the electricity","Mandatory":"0","Searchable":"0","Optional":"0","Feature":{"ID":"1244","Sign":"","Measure":{"ID":"36","Sign":"","Signs":{"ID":"13824","_":"Hz","Language":"FI"}},"Name":{"Value":"Virtalähteen syöttötaajuus","Language":"FI"}}}]},{"ID":1307,"SortNo":"25","FeatureGroup":{"ID":"28","Name":{"Value":"Ympäristöolosuhteet","Language":"FI"}},"Features":[{"Localized":0,"ID":694511863,"LocalID":0,"Type":"range","Value":"10 - 35","CategoryFeatureId":"5561","CategoryFeatureGroupID":"1307","SortNo":"1200","PresentationValue":"10 - 35 °C","RawValue":"10 - 35","LocalValue":"10 - 35","Description":"The minimum and maximum temperatures at which the product can be safely operated.","Mandatory":"0","Searchable":"0","Optional":"0","Feature":{"ID":"1112","Sign":"","Measure":{"ID":"65","Sign":"","Signs":{"ID":"13851","_":"°C","Language":"FI"}},"Name":{"Value":"Käyttölämpötila (T-T)","Language":"FI"}}},{"Localized":0,"ID":694511836,"LocalID":0,"Type":"range","Value":"-40 - 70","CategoryFeatureId":"2205","CategoryFeatureGroupID":"1307","SortNo":"1199","PresentationValue":"-40 - 70 °C","RawValue":"-40 - 70","LocalValue":"-40 - 70","Description":"The minimum and maximum temperatures at which the product can be safely stored.","Mandatory":"0","Searchable":"0","Optional":"0","Feature":{"ID":"757","Sign":"","Measure":{"ID":"65","Sign":"","Signs":{"ID":"13851","_":"°C","Language":"FI"}},"Name":{"Value":"Varastointilämpötila","Language":"FI"}}},{"Localized":0,"ID":694511825,"LocalID":0,"Type":"range","Value":"5 - 90","CategoryFeatureId":"2200","CategoryFeatureGroupID":"1307","SortNo":"999","PresentationValue":"5 - 90%","RawValue":"5 - 90","LocalValue":"5 - 90","Description":"","Mandatory":"0","Searchable":"0","Optional":"0","Feature":{"ID":"703","Sign":"","Measure":{"ID":"64","Sign":"","Signs":{"ID":"47","_":"%","Language":"EN"}},"Name":{"Value":"Käytön suhteellinen kosteus (H-H)","Language":"FI"}}},{"Localized":0,"ID":694511819,"LocalID":0,"Type":"range","Value":"0 - 5000","CategoryFeatureId":"2219","CategoryFeatureGroupID":"1307","SortNo":"47","PresentationValue":"0 - 5000 m","RawValue":"0 - 5000","LocalValue":"0 - 5000","Description":"","Mandatory":"0","Searchable":"0","Optional":"0","Feature":{"ID":"667","Sign":"","Measure":{"ID":"54","Sign":"","Signs":{"ID":"13841","_":"m","Language":"FI"}},"Name":{"Value":"Käyttökorkeus","Language":"FI"}}}]},{"ID":72247,"SortNo":"19","FeatureGroup":{"ID":"279","Name":{"Value":"Kestävyys","Language":"FI"}},"Features":[{"Localized":0,"ID":694512334,"LocalID":0,"Type":"multi_dropdown","Value":"PVC/BFR,Mercury (element)","CategoryFeatureId":"623759","CategoryFeatureGroupID":"72247","SortNo":"0","PresentationValue":"PVC/BFR, Elohopea","RawValue":"PVC/BFR,Mercury (element)","LocalValue":"PVC/BFR, Elohopea","Description":"","Mandatory":"0","Searchable":"0","Optional":"0","Feature":{"ID":"42516","Sign":"","Measure":{"ID":"29","Sign":"","Signs":{"ID":"","_":"","Language":"FI"}},"Name":{"Value":"Ei sisällä","Language":"FI"}}}]},{"ID":1309,"SortNo":"10","FeatureGroup":{"ID":"14","Name":{"Value":"Paino ja mitat","Language":"FI"}},"Features":[{"Localized":0,"ID":694511913,"LocalID":0,"Type":"numerical","Value":"127","CategoryFeatureId":"6228","CategoryFeatureGroupID":"1309","SortNo":"55","PresentationValue":"127 mm","RawValue":"127","LocalValue":"127","Description":"The measurement or extent of something from side to side.","Mandatory":"1","Searchable":"0","Optional":"0","Feature":{"ID":"1649","Sign":"","Measure":{"ID":"24","Sign":"","Signs":{"ID":"13815","_":"mm","Language":"FI"}},"Name":{"Value":"Tuotteen leveys","Language":"FI"}}},{"Localized":0,"ID":694511916,"LocalID":0,"Type":"numerical","Value":"127","CategoryFeatureId":"6225","CategoryFeatureGroupID":"1309","SortNo":"54","PresentationValue":"127 mm","RawValue":"127","LocalValue":"127","Description":"The distance from the front to the back of something.","Mandatory":"1","Searchable":"0","Optional":"0","Feature":{"ID":"1650","Sign":"","Measure":{"ID":"24","Sign":"","Signs":{"ID":"13815","_":"mm","Language":"FI"}},"Name":{"Value":"Tuotteen syvyys","Language":"FI"}}},{"Localized":0,"ID":694511907,"LocalID":0,"Type":"numerical","Value":"50","CategoryFeatureId":"6226","CategoryFeatureGroupID":"1309","SortNo":"53","PresentationValue":"50 mm","RawValue":"50","LocalValue":"50","Description":"Tuotteen korkeus","Mandatory":"1","Searchable":"0","Optional":"0","Feature":{"ID":"1464","Sign":"","Measure":{"ID":"24","Sign":"","Signs":{"ID":"13815","_":"mm","Language":"FI"}},"Name":{"Value":"Tuotteen korkeus","Language":"FI"}}},{"Localized":0,"ID":694511801,"LocalID":0,"Type":"numerical","Value":"670","CategoryFeatureId":"8718","CategoryFeatureGroupID":"1309","SortNo":"45","PresentationValue":"670 g","RawValue":"670","LocalValue":"670","Description":"Tuotteen paino ilman pakkausta (Nettopaino). Jos mahdollista, nettopaino ilmaistaan vakiovarusteineet ja tarvikkeet mukaan laskettuna. Huomaa, että joskus valmistaja antaa kaupallisen tulkinnan tuotteen painosta, jättämällä pois  lisävarusteiden ja / tai tarvikkeiden painon.","Mandatory":"1","Searchable":"0","Optional":"0","Feature":{"ID":"94","Sign":"","Measure":{"ID":"38","Sign":"","Signs":{"ID":"13826","_":"g","Language":"FI"}},"Name":{"Value":"Paino","Language":"FI"}}}]},{"ID":9610,"SortNo":"3","FeatureGroup":{"ID":"116","Name":{"Value":"Pakkauksen sisältö","Language":"FI"}},"Features":[{"Localized":0,"ID":694511927,"LocalID":0,"Type":"multi_dropdown","Value":"AC","CategoryFeatureId":"83907","CategoryFeatureGroupID":"9610","SortNo":"300","PresentationValue":"AC","RawValue":"AC","LocalValue":"AC","Description":"","Mandatory":"0","Searchable":"0","Optional":"0","Feature":{"ID":"1830","Sign":"","Measure":{"ID":"29","Sign":"","Signs":{"ID":"","_":"","Language":"FI"}},"Name":{"Value":"Sisältää johdot","Language":"FI"}}},{"Localized":0,"ID":694512113,"LocalID":0,"Type":"numerical","Value":"1.8","CategoryFeatureId":"936605","CategoryFeatureGroupID":"9610","SortNo":"300","PresentationValue":"1,8 m","RawValue":"1.8","LocalValue":"1,8","Description":"","Mandatory":"0","Searchable":"0","Optional":"0","Feature":{"ID":"8164","Sign":"","Measure":{"ID":"54","Sign":"","Signs":{"ID":"13841","_":"m","Language":"FI"}},"Name":{"Value":"Virtakaapelin pituus","Language":"FI"}}}]},{"ID":82594,"SortNo":"0","FeatureGroup":{"ID":"5","Name":{"Value":"Näyttö","Language":"FI"}},"Features":[{"Localized":0,"ID":694511933,"LocalID":0,"Type":"y_n","Value":"N","CategoryFeatureId":"11391","CategoryFeatureGroupID":"82594","SortNo":"500","PresentationValue":"Ei","RawValue":"N","LocalValue":"Ei","Description":"This product includes a display.","Mandatory":"1","Searchable":"1","Optional":"0","Feature":{"ID":"2177","Sign":"","Measure":{"ID":"26","Sign":"","Signs":{"ID":"","_":"","Language":"FI"}},"Name":{"Value":"Näyttö sisältyy","Language":"FI"}}}]},{"ID":6656,"SortNo":"-1000","FeatureGroup":{"ID":"146","Name":{"Value":"Muut ominaisuudet","Language":"FI"}},"Features":[{"Localized":0,"ID":694511951,"LocalID":0,"Type":"multi_dropdown","Value":"AAC,ALAC,FLAC,MP3","CategoryFeatureId":"26010","CategoryFeatureGroupID":"6656","SortNo":"199","PresentationValue":"AAC, ALAC, FLAC, MP3","RawValue":"AAC,ALAC,FLAC,MP3","LocalValue":"AAC, ALAC, FLAC, MP3","Description":"The audio formats which this device or software can read/use e.g. MP3","Mandatory":"0","Searchable":"0","Optional":"1","Feature":{"ID":"2224","Sign":"","Measure":{"ID":"29","Sign":"","Signs":{"ID":"","_":"","Language":"FI"}},"Name":{"Value":"Tuetut ääniformaatit","Language":"FI"}}},{"Localized":0,"ID":694511958,"LocalID":0,"Type":"multi_dropdown","Value":"H.264,HEVC,ProRes,ProRes RAW","CategoryFeatureId":"974088","CategoryFeatureGroupID":"6656","SortNo":"150","PresentationValue":"H.264, HEVC, ProRes, ProRes RAW","RawValue":"H.264,HEVC,ProRes,ProRes RAW","LocalValue":"H.264, HEVC, ProRes, ProRes RAW","Description":"","Mandatory":"0","Searchable":"0","Optional":"0","Feature":{"ID":"2225","Sign":"","Measure":{"ID":"29","Sign":"","Signs":{"ID":"","_":"","Language":"FI"}},"Name":{"Value":"Videon pakkausformaatit","Language":"FI"}}},{"Localized":0,"ID":694512085,"LocalID":0,"Type":"multi_dropdown","Value":"AVI,H.264,HEVC,ProRes","CategoryFeatureId":"974089","CategoryFeatureGroupID":"6656","SortNo":"145","PresentationValue":"AVI, H.264, HEVC, ProRes","RawValue":"AVI,H.264,HEVC,ProRes","LocalValue":"AVI, H.264, HEVC, ProRes","Description":"The type of video formats that can be used by this device.","Mandatory":"0","Searchable":"0","Optional":"0","Feature":{"ID":"6893","Sign":"","Measure":{"ID":"29","Sign":"","Signs":{"ID":"","_":"","Language":"FI"}},"Name":{"Value":"Tuetut videomuodot","Language":"FI"}}},{"Localized":0,"ID":694511965,"LocalID":0,"Type":"y_n","Value":"N","CategoryFeatureId":"21135","CategoryFeatureGroupID":"6656","SortNo":"103","PresentationValue":"Ei","RawValue":"N","LocalValue":"Ei","Description":"Device has an in-built TV tuner.","Mandatory":"0","Searchable":"0","Optional":"0","Feature":{"ID":"2252","Sign":"","Measure":{"ID":"26","Sign":"","Signs":{"ID":"","_":"","Language":"FI"}},"Name":{"Value":"Integroitu TV-viritin","Language":"FI"}}},{"Localized":0,"ID":694511857,"LocalID":0,"Type":"y_n","Value":"N","CategoryFeatureId":"3755","CategoryFeatureGroupID":"6656","SortNo":"0","PresentationValue":"Ei","RawValue":"N","LocalValue":"Ei","Description":"Microphone that is found inside the product.","Mandatory":"0","Searchable":"0","Optional":"0","Feature":{"ID":"1025","Sign":"","Measure":{"ID":"26","Sign":"","Signs":{"ID":"","_":"","Language":"FI"}},"Name":{"Value":"Kiinteä mikrofoni","Language":"FI"}}},{"Localized":0,"ID":694512107,"LocalID":0,"Type":"multi_dropdown","Value":"Dolby Atmos,Dolby Digital,Dolby Digital Plus","CategoryFeatureId":"57998","CategoryFeatureGroupID":"6656","SortNo":"0","PresentationValue":"Dolby Atmos, Dolby Digital, Dolby Digital Plus","RawValue":"Dolby Atmos,Dolby Digital,Dolby Digital Plus","LocalValue":"Dolby Atmos, Dolby Digital, Dolby Digital Plus","Description":"","Mandatory":"0","Searchable":"0","Optional":"1","Feature":{"ID":"8028","Sign":"","Measure":{"ID":"29","Sign":"","Signs":{"ID":"","_":"","Language":"FI"}},"Name":{"Value":"Dolby-teknologia","Language":"FI"}}},{"Localized":0,"ID":694512054,"LocalID":0,"Type":"dropdown","Value":"3.5 mm","CategoryFeatureId":"58002","CategoryFeatureGroupID":"6656","SortNo":"0","PresentationValue":"3,5 mm","RawValue":"3.5 mm","LocalValue":"3,5 mm","Description":"How headphones connect to a device e.g. wirelessly or via a cable and connector.","Mandatory":"0","Searchable":"0","Optional":"1","Feature":{"ID":"4163","Sign":"","Measure":{"ID":"29","Sign":"","Signs":{"ID":"","_":"","Language":"FI"}},"Name":{"Value":"Kuulokkeiden liitettävyys","Language":"FI"}}},{"Localized":0,"ID":694512401,"LocalID":0,"Type":"numerical","Value":"1","CategoryFeatureId":"921176","CategoryFeatureGroupID":"6656","SortNo":"0","PresentationValue":"1 vuosi/vuosia","RawValue":"1","LocalValue":"1","Description":"","Mandatory":"0","Searchable":"0","Optional":"0","Feature":{"ID":"45898","Sign":"","Measure":{"ID":"75","Sign":"","Signs":{"ID":"13861","_":"vuosi/vuosia","Language":"FI"}},"Name":{"Value":"Takuuaika","Language":"FI"}}}]}],"FeatureLogos":[],"ReasonsToBuy":[],"Reviews":[],"ProductRelated":[{"ID":0,"CategoryID":222,"Preferred":0,"IcecatID":108517450,"ProductCode":"GB2730HSU-B5","ThumbPic":"","ProductName":"GB2730HSU-B5","Brand":"iiyama","BrandID":80,"ProductRelatedLocales":[{"ID":0,"Language":"FI","Preferred":0,"StartDate":"","EndDate":""}]},{"ID":0,"CategoryID":194,"Preferred":0,"IcecatID":91721280,"ProductCode":"920-010016","ThumbPic":"","ProductName":"K120","Brand":"Logitech","BrandID":91,"ProductRelatedLocales":[{"ID":0,"Language":"FI","Preferred":0,"StartDate":"","EndDate":""}]},{"ID":0,"CategoryID":1637,"Preferred":0,"IcecatID":91320186,"ProductCode":"213727-02","ThumbPic":"","ProductName":"Voyager Focus 2 UC","Brand":"Poly","BrandID":30478,"ProductRelatedLocales":[{"ID":0,"Language":"FI","Preferred":0,"StartDate":"","EndDate":""}]},{"ID":0,"CategoryID":222,"Preferred":0,"IcecatID":89659625,"ProductCode":"243B9H/00","ThumbPic":"","ProductName":"243B9H/00","Brand":"Philips","BrandID":25,"ProductRelatedLocales":[{"ID":0,"Language":"FI","Preferred":0,"StartDate":"","EndDate":""}]},{"ID":0,"CategoryID":1637,"Preferred":0,"IcecatID":89419257,"ProductCode":"1000919","ThumbPic":"","ProductName":"ADAPT 160 USB-C II","Brand":"EPOS","BrandID":5606,"ProductRelatedLocales":[{"ID":0,"Language":"FI","Preferred":0,"StartDate":"","EndDate":""}]},{"ID":0,"CategoryID":1637,"Preferred":0,"IcecatID":79744208,"ProductCode":"209744-201","ThumbPic":"","ProductName":"Blackwire C3210","Brand":"Poly","BrandID":30478,"ProductRelatedLocales":[{"ID":0,"Language":"FI","Preferred":0,"StartDate":"","EndDate":""}]},{"ID":0,"CategoryID":222,"Preferred":0,"IcecatID":79024906,"ProductCode":"242B1H/00","ThumbPic":"","ProductName":"242B1H/00","Brand":"Philips","BrandID":25,"ProductRelatedLocales":[{"ID":0,"Language":"FI","Preferred":0,"StartDate":"","EndDate":""}]},{"ID":0,"CategoryID":222,"Preferred":0,"IcecatID":67917520,"ProductCode":"XB2474HS-B2","ThumbPic":"","ProductName":"XB2474HS-B2","Brand":"iiyama","BrandID":80,"ProductRelatedLocales":[{"ID":0,"Language":"FI","Preferred":0,"StartDate":"","EndDate":""}]},{"ID":0,"CategoryID":195,"Preferred":0,"IcecatID":59345544,"ProductCode":"910-005508","ThumbPic":"","ProductName":"B110 Silent","Brand":"Logitech","BrandID":91,"ProductRelatedLocales":[{"ID":0,"Language":"FI","Preferred":0,"StartDate":"","EndDate":""}]},{"ID":0,"CategoryID":222,"Preferred":0,"IcecatID":56814953,"ProductCode":"243V7QJABF/00","ThumbPic":"","ProductName":"Full HD ‑LCD-näyttö 243V7QJABF/00","Brand":"Philips","BrandID":25,"ProductRelatedLocales":[{"ID":0,"Language":"FI","Preferred":0,"StartDate":"","EndDate":""}]},{"ID":0,"CategoryID":1637,"Preferred":0,"IcecatID":36759492,"ProductCode":"7599-832-109","ThumbPic":"","ProductName":"Evolve 75","Brand":"Jabra","BrandID":196,"ProductRelatedLocales":[{"ID":0,"Language":"FI","Preferred":0,"StartDate":"","EndDate":""}]},{"ID":0,"CategoryID":577,"Preferred":0,"IcecatID":34566827,"ProductCode":"960-001106","ThumbPic":"","ProductName":"BRIO ULTRA HD PRO BUSINESS WEBCAM","Brand":"Logitech","BrandID":91,"ProductRelatedLocales":[{"ID":0,"Language":"FI","Preferred":0,"StartDate":"","EndDate":""}]},{"ID":0,"CategoryID":222,"Preferred":0,"IcecatID":33210190,"ProductCode":"XU2492HSU-B1","ThumbPic":"","ProductName":"XU2492HSU","Brand":"iiyama","BrandID":80,"ProductRelatedLocales":[{"ID":0,"Language":"FI","Preferred":0,"StartDate":"","EndDate":""}]},{"ID":0,"CategoryID":195,"Preferred":0,"IcecatID":32881490,"ProductCode":"910-004878","ThumbPic":"","ProductName":"M220 Silent","Brand":"Logitech","BrandID":91,"ProductRelatedLocales":[{"ID":0,"Language":"FI","Preferred":0,"StartDate":"","EndDate":""}]},{"ID":0,"CategoryID":577,"Preferred":0,"IcecatID":32504230,"ProductCode":"960-001076","ThumbPic":"","ProductName":"C925e","Brand":"Logitech","BrandID":91,"ProductRelatedLocales":[{"ID":0,"Language":"FI","Preferred":0,"StartDate":"","EndDate":""}]},{"ID":0,"CategoryID":577,"Preferred":0,"IcecatID":31038491,"ProductCode":"960-001063","ThumbPic":"","ProductName":"960-001063","Brand":"Logitech","BrandID":91,"ProductRelatedLocales":[{"ID":0,"Language":"FI","Preferred":0,"StartDate":"","EndDate":""}]},{"ID":0,"CategoryID":195,"Preferred":0,"IcecatID":25436976,"ProductCode":"K72452WW","ThumbPic":"","ProductName":"Pro Fit","Brand":"Kensington","BrandID":87,"ProductRelatedLocales":[{"ID":0,"Language":"FI","Preferred":0,"StartDate":"","EndDate":""}]},{"ID":0,"CategoryID":1637,"Preferred":0,"IcecatID":24686695,"ProductCode":"4999-823-109","ThumbPic":"","ProductName":"Evolve 20","Brand":"Jabra","BrandID":196,"ProductRelatedLocales":[{"ID":0,"Language":"FI","Preferred":0,"StartDate":"","EndDate":""}]},{"ID":0,"CategoryID":1637,"Preferred":0,"IcecatID":24686693,"ProductCode":"4993-823-109","ThumbPic":"","ProductName":"Evolve 20","Brand":"Jabra","BrandID":196,"ProductRelatedLocales":[{"ID":0,"Language":"FI","Preferred":0,"StartDate":"","EndDate":""}]},{"ID":0,"CategoryID":195,"Preferred":0,"IcecatID":24350001,"ProductCode":"910-004287","ThumbPic":"","ProductName":"M280","Brand":"Logitech","BrandID":91,"ProductRelatedLocales":[{"ID":0,"Language":"FI","Preferred":0,"StartDate":"","EndDate":""}]},{"ID":0,"CategoryID":194,"Preferred":0,"IcecatID":20846887,"ProductCode":"JK-0800GB-2","ThumbPic":"","ProductName":"KC 1000","Brand":"CHERRY","BrandID":220,"ProductRelatedLocales":[{"ID":0,"Language":"FI","Preferred":0,"StartDate":"","EndDate":""}]},{"ID":0,"CategoryID":194,"Preferred":0,"IcecatID":14809623,"ProductCode":"920-003986","ThumbPic":"","ProductName":"Wireless Combo MK330","Brand":"Logitech","BrandID":91,"ProductRelatedLocales":[{"ID":0,"Language":"FI","Preferred":0,"StartDate":"","EndDate":""}]},{"ID":0,"CategoryID":195,"Preferred":0,"IcecatID":7044307,"ProductCode":"K72356EU","ThumbPic":"","ProductName":"Mouse in a Box","Brand":"Kensington","BrandID":87,"ProductRelatedLocales":[{"ID":0,"Language":"FI","Preferred":0,"StartDate":"","EndDate":""}]},{"ID":0,"CategoryID":195,"Preferred":0,"IcecatID":87115,"ProductCode":"64325","ThumbPic":"","ProductName":"Expert Mouse","Brand":"Kensington","BrandID":87,"ProductRelatedLocales":[{"ID":0,"Language":"FI","Preferred":0,"StartDate":"","EndDate":""}]}],"CatalogObjectCloud":{},"Variants":[],"ProductStory":[],"Dictionary":{"model_name":"Tuotenimi","desc":"Kuvaus","ean_code":"EAN/UPC-koodi","flash360":"3D-esittely","demo_msg_part3":"Jos sinulla ei ole Icecat-k&auml;ytt&auml;j&auml;tili&auml;, ole hyv&auml; ja rekister&ouml;idy maksutta t&auml;&auml;lt&auml;.","repairability_index":"Repairability index","zoom_panel_init":"Alkuper&auml;inen koko","cat_name":"Ryhm&auml;","product_family":"Tuoteperhe","back_to_top":"Takaisin yl&ouml;s","zoom_panel_out":"Loitonna","specs":"Tekniset tiedot","eu_product_fiche":"EU-tuoteseloste","reviews_head_name":"Arvostelut","pdf_specs":"Tuote-esite","zoom_panel_in":"L&auml;henn&auml;","html_content":"","release_date":"Julkaisup&auml;iv&auml;","demo_msg_part1":"K&auml;yt&auml;t t&auml;ll&auml; hetkell&auml; demo-k&auml;ytt&auml;j&auml;tili&auml;. Ole hyv&auml; ja k&auml;yt&auml; omaa Icecat-k&auml;ytt&auml;j&auml;tili&auml;si.","demo_insert_desc":"This is a demo of a seamless insert of an Icecat LIVE product data-sheet in your website. Imagine that this responsive data-sheet is included in the product page of your webshop.","pdf_url":"K&auml;ytt&ouml;opas","prod_code":"Tuotekoodi","supplier_name":"Tuotemerkki","video":"Video","reasons_to_buy":"Syitä ostaa","marketing_text":"Kuvaus","options_head_name":"Vaihtoehdot","product_series":"Tuotesarja","demo_msg_part2":"Icecat k&auml;ytt&auml;j&auml;tunnuksesi","link_integrate_desk":"Kuinka integroida Icecat LIVE JavaScript.","zoom_panel_dragg":"Hiirell&auml; vet&auml;minen","eu_energy_label":"EU-energiamerkintä"},"DemoAccount":false}}