{"msg":"OK","data":{"GeneralInfo":{"IcecatId":122423001,"ReleaseDate":"","EndOfLifeDate":"","Title":"Apple Watch Series 10 OLED 46 mm Digitaalinen 416 x 496 pikseliä Kosketusnäyttö 4G Hopea Wi-Fi GPS (satelliitti)","TitleInfo":{"GeneratedIntTitle":"Apple Watch Series 10","GeneratedLocalTitle":{"Value":"Apple Watch Series 10 OLED 46 mm Digitaalinen 416 x 496 pikseliä Kosketusnäyttö 4G Hopea Wi-Fi GPS (satelliitti)","Language":"FI"},"BrandLocalTitle":{"Value":"","Language":"FI"}},"Brand":"Apple","BrandID":"9","BrandLogo":"https://inishop.com/img/brand/thumb/9_d14b59ec69c0456b8775a7210bbba1e9.jpg","BrandInfo":{"BrandName":"Apple","BrandLocalName":"","BrandLogo":"https://inishop.com/img/brand/thumb/9_d14b59ec69c0456b8775a7210bbba1e9.jpg"},"ProductName":"Watch Series 10","ProductNameInfo":{"ProductIntName":"Watch Series 10","ProductLocalName":{"Value":"","Language":"FI"}},"BrandPartCode":"MWY23QN/A","GTIN":["0195949819292","195949819292"],"Category":{"CategoryID":"2647","Name":{"Value":"Äly- ja urheilukellot","Language":"FI"}},"ProductFamily":{"ProductFamilyID":"67213","Value":"Watch","Language":"EN"},"ProductSeries":{"SeriesID":"8470","Value":"Series 10","Language":"EN"},"Description":{"ID":"96647867","LongDesc":"<b>Ohut suuruus.</b>","LongProductName":"Watch Series 10, 46mm, GPS + Cellular, OLED, Always‑on altimeter, Digital Crown, watchOS 11","MiddleDesc":"","Disclaimer":"","ManualPDFURL":"","ManualPDFSize":"0","LeafletPDFURL":"","PDFSize":"0","URL":"https://www.apple.com/fi/apple-watch-series-10/","WarrantyInfo":"","Updated":"2024-09-10 14:41:06","Language":"FI"},"SummaryDescription":{"ShortSummaryDescription":"Apple Watch Series 10 , OLED, Kosketusnäyttö, 64 GB, Wi-Fi, GPS (satelliitti), 35,3 g","LongSummaryDescription":"Apple Watch Series 10 . Näytön teknologia: OLED, Näytön erottelutarkkuus: 416 x 496 pikseliä, Kosketusnäyttö. Flash-muisti: 64 GB. Wi-Fi. GPS (satelliitti). Paino: 35,3 g. Kosteus: Vedenpitävyys enintään (m): 50 m, Nauhan materiaali: Tekstiili, Band-väri: Sininen. Käyttöjärjestelmä asennettu: watchOS 11"},"BulletPoints":{"BulletPointsId":"10129232","Language":"FI","Values":["Kaikkein ohuin Apple Watch, suurimmalla näytöllä ikinä","Saat arvokkaita terveystietoja ja uutuutena uniapnea­ilmoitukset","Uudet tunnistimet veden syvyyden ja lämpötilan mittaamiseen vesiurheilulajeissa","Nopeimmin latautuva Apple Watch koskaan. 80 % lataus 30 minuutissa","Uusia tapoja säätää kuntoiluominaisuuksia ja sovittaa esimerkiksi aktiivisuusympyrät omaan elämänmenoon"],"Updated":"2024-09-10 14:41:06"},"GeneratedBulletPoints":{"Language":"FI","Values":["Älykello Digitaalinen Kosketusnäyttö OLED","416 x 496 pikseliä 2000 cd/m²","Pölynkestävä, Vedenkestävä IP6X Kosteus: Vedenpitävyys enintään (m): 50 m","Kiinteä mikrofoni Sisäiset kaiuttimet","Sykemittari Kiihtyvyysmittari Gyroskooppi Aktiivisuuden seuraaja Apple Siri","4G GPS (satelliitti) BeiDou Galileo","Wi-Fi Bluetooth 5.3 Lähialueen kommunikointi (NFC)","Sisäänrakennettu akku Litiumioni (Li-Ion) 36 h"]},"GTINs":[{"GTIN":"0195949819292","IsApproved":true},{"GTIN":"195949819292","IsApproved":true}]},"Image":{"HighPic":"https://inishop.com/img/gallery/a6dc637f0ab76bd91490ce1bf4c3d75300ebb9cd.jpg","HighPicSize":"3497706","HighPicHeight":"3513","HighPicWidth":"3023","LowPic":"https://inishop.com/img/gallery_lows/7401121f09835e9efad7e2a0311e25e5089ffc4e.jpg","LowPicSize":"23829","LowPicHeight":"200","LowPicWidth":"172","Pic500x500":"https://inishop.com/img/gallery_mediums/113edf4b1aacd187d4ec182d4fbd43accb64f060.jpg","Pic500x500Size":"122684","Pic500x500Height":"500","Pic500x500Width":"430","ThumbPic":"https://inishop.com/img/gallery_thumbs/90a62d9f5315623f127d93d14f2775212a5c8774.jpg","ThumbPicSize":"4611"},"Multimedia":[],"Gallery":[{"ID":"95248808","LowPic":"https://inishop.com/img/gallery_lows/7401121f09835e9efad7e2a0311e25e5089ffc4e.jpg","LowSize":"23829","LowHeight":"200","LowWidth":"172","ThumbPic":"https://inishop.com/img/gallery_thumbs/90a62d9f5315623f127d93d14f2775212a5c8774.jpg","ThumbPicSize":"4611","Pic":"https://inishop.com/img/gallery/a6dc637f0ab76bd91490ce1bf4c3d75300ebb9cd.jpg","Size":"3497706","PicHeight":"3513","PicWidth":"3023","Pic500x500":"https://inishop.com/img/gallery_mediums/113edf4b1aacd187d4ec182d4fbd43accb64f060.jpg","Pic500x500Size":"122684","Pic500x500Height":"500","Pic500x500Width":"430","No":"1","IsMain":"Y","Updated":"2024-11-28 14:41:00","IsPrivate":"0","Type":"ProductImage","Attributes":{"OriginalFileName":""}},{"ID":"95248809","LowPic":"https://inishop.com/img/gallery_lows/d113e226812721fa288a8c350d1a32c854dbaccd.jpg","LowSize":"14917","LowHeight":"200","LowWidth":"129","ThumbPic":"https://inishop.com/img/gallery_thumbs/b5fe0066c53bf04d44b0f549fada932c07c43dfb.jpg","ThumbPicSize":"3267","Pic":"https://inishop.com/img/gallery/3e0f3aacba4bf724d3c8993d9e16c229699b8fc8.jpg","Size":"1557656","PicHeight":"3462","PicWidth":"2232","Pic500x500":"https://inishop.com/img/gallery_mediums/8f70b042b867a1710217d775882ff00cfa0888cf.jpg","Pic500x500Size":"67521","Pic500x500Height":"500","Pic500x500Width":"322","No":"2","IsMain":"N","Updated":"2024-11-28 14:41:11","IsPrivate":"0","Type":"ProductImage","Attributes":{"OriginalFileName":""}},{"ID":"95248810","LowPic":"https://inishop.com/img/gallery_lows/3e38bbc5b69ad9aa34b7276de924e47727a1be2b.jpg","LowSize":"49318","LowHeight":"200","LowWidth":"200","ThumbPic":"https://inishop.com/img/gallery_thumbs/fb0d9af0a44e4fea19be9582ad616fd6b58a054d.jpg","ThumbPicSize":"9447","Pic":"https://inishop.com/img/gallery/7ad3d9ca53ca61f4fe41ebbe51632bdc06ec5777.jpg","Size":"5414717","PicHeight":"4000","PicWidth":"4000","Pic500x500":"https://inishop.com/img/gallery_mediums/a2ef7a226ca33c5f0b373bf188aad4b0e38abda7.jpg","Pic500x500Size":"237774","Pic500x500Height":"500","Pic500x500Width":"500","No":"3","IsMain":"N","Updated":"2024-09-10 14:41:06","IsPrivate":"0","Type":"LifestyleImage","Attributes":{"OriginalFileName":""}}],"FeaturesGroups":[{"ID":34566,"SortNo":"25","FeatureGroup":{"ID":"5","Name":{"Value":"Näyttö","Language":"FI"}},"Features":[{"Localized":0,"ID":681824255,"LocalID":0,"Type":"dropdown","Value":"OLED","CategoryFeatureId":"99533","CategoryFeatureGroupID":"34566","SortNo":"150","PresentationValue":"OLED","RawValue":"OLED","LocalValue":"OLED","Description":"The technology used in the display e.g. plasma","Mandatory":"1","Searchable":"0","Optional":"0","Feature":{"ID":"9713","Sign":"","Measure":{"ID":"29","Sign":"","Signs":{"ID":"","_":"","Language":"FI"}},"Name":{"Value":"Näytön teknologia","Language":"FI"}}},{"Localized":0,"ID":681824041,"LocalID":0,"Type":"numerical","Value":"2000","CategoryFeatureId":"176254","CategoryFeatureGroupID":"34566","SortNo":"148","PresentationValue":"2000 cd/m²","RawValue":"2000","LocalValue":"2000","Description":"Kirkkaus on määrä säteilevän valon näytöstä. Kirkkaus luokitus mitataan candellas neliömetriä kohden; kutsutaan yleisesti \"saivareet\".","Mandatory":"0","Searchable":"0","Optional":"0","Feature":{"ID":"1389","Sign":"","Measure":{"ID":"43","Sign":"","Signs":{"ID":"13831","_":"cd/m²","Language":"FI"}},"Name":{"Value":"Näytön kirkkaus","Language":"FI"}}},{"Localized":0,"ID":681824304,"LocalID":0,"Type":"numerical","Value":"326","CategoryFeatureId":"85347","CategoryFeatureGroupID":"34566","SortNo":"147","PresentationValue":"326 ppi","RawValue":"326","LocalValue":"326","Description":"","Mandatory":"0","Searchable":"0","Optional":"0","Feature":{"ID":"13246","Sign":"","Measure":{"ID":"243","Sign":"","Signs":{"ID":"14522","_":"ppi","Language":"FI"}},"Name":{"Value":"Pikselitiheys","Language":"FI"}}},{"Localized":0,"ID":681824422,"LocalID":0,"Type":"y_n","Value":"Y","CategoryFeatureId":"317543","CategoryFeatureGroupID":"34566","SortNo":"145","PresentationValue":"Kyllä","RawValue":"Y","LocalValue":"Kyllä","Description":"","Mandatory":"0","Searchable":"0","Optional":"0","Feature":{"ID":"39552","Sign":"","Measure":{"ID":"26","Sign":"","Signs":{"ID":"","_":"","Language":"FI"}},"Name":{"Value":"Näyttö aina päällä","Language":"FI"}}},{"Localized":0,"ID":681824236,"LocalID":0,"Type":"dropdown","Value":"Digital","CategoryFeatureId":"85325","CategoryFeatureGroupID":"34566","SortNo":"140","PresentationValue":"Digitaalinen","RawValue":"Digital","LocalValue":"Digitaalinen","Description":"Type of display (screen) e.g. LCD.","Mandatory":"1","Searchable":"1","Optional":"0","Feature":{"ID":"9104","Sign":"","Measure":{"ID":"29","Sign":"","Signs":{"ID":"","_":"","Language":"FI"}},"Name":{"Value":"Näytön tyyppi","Language":"FI"}}},{"Localized":0,"ID":681824046,"LocalID":0,"Type":"2d","Value":"416 x 496","CategoryFeatureId":"85332","CategoryFeatureGroupID":"34566","SortNo":"130","PresentationValue":"416 x 496 pikseliä","RawValue":"416 x 496","LocalValue":"416 x 496","Description":"Järjestelmän näytön resoluutio.","Mandatory":"1","Searchable":"1","Optional":"0","Feature":{"ID":"1585","Sign":"","Measure":{"ID":"39","Sign":"","Signs":{"ID":"13827","_":"pikseliä","Language":"FI"}},"Name":{"Value":"Näytön erottelutarkkuus","Language":"FI"}}},{"Localized":0,"ID":681824131,"LocalID":0,"Type":"y_n","Value":"Y","CategoryFeatureId":"85331","CategoryFeatureGroupID":"34566","SortNo":"129","PresentationValue":"Kyllä","RawValue":"Y","LocalValue":"Kyllä","Description":"A screen of a laptop","Mandatory":"1","Searchable":"1","Optional":"0","Feature":{"ID":"4963","Sign":"","Measure":{"ID":"26","Sign":"","Signs":{"ID":"","_":"","Language":"FI"}},"Name":{"Value":"Kosketusnäyttö","Language":"FI"}}},{"Localized":0,"ID":681824401,"LocalID":0,"Type":"y_n","Value":"Y","CategoryFeatureId":"270637","CategoryFeatureGroupID":"34566","SortNo":"95","PresentationValue":"Kyllä","RawValue":"Y","LocalValue":"Kyllä","Description":"","Mandatory":"0","Searchable":"0","Optional":"0","Feature":{"ID":"33690","Sign":"","Measure":{"ID":"26","Sign":"","Signs":{"ID":"","_":"","Language":"FI"}},"Name":{"Value":"Pyöristetyt näytön kulmat","Language":"FI"}}},{"Localized":0,"ID":681824195,"LocalID":0,"Type":"dropdown","Value":"Ion-X glass","CategoryFeatureId":"94704","CategoryFeatureGroupID":"34566","SortNo":"50","PresentationValue":"Ion-X-lasi","RawValue":"Ion-X glass","LocalValue":"Ion-X-lasi","Description":"The material from which the front of a watch is made e.g. mineral","Mandatory":"0","Searchable":"0","Optional":"0","Feature":{"ID":"7610","Sign":"","Measure":{"ID":"29","Sign":"","Signs":{"ID":"","_":"","Language":"FI"}},"Name":{"Value":"Kellon lasin tyyppi","Language":"FI"}}}]},{"ID":16293,"SortNo":"20","FeatureGroup":{"ID":"148","Name":{"Value":"Suunnittelu","Language":"FI"}},"Features":[{"Localized":0,"ID":681824181,"LocalID":0,"Type":"multi_dropdown","Value":"Textile","CategoryFeatureId":"94551","CategoryFeatureGroupID":"16293","SortNo":"160","PresentationValue":"Tekstiili","RawValue":"Textile","LocalValue":"Tekstiili","Description":"The type of substance the wristband is made of.","Mandatory":"1","Searchable":"0","Optional":"0","Feature":{"ID":"7605","Sign":"","Measure":{"ID":"29","Sign":"","Signs":{"ID":"","_":"","Language":"FI"}},"Name":{"Value":"Nauhan materiaali","Language":"FI"}}},{"Localized":0,"ID":681824249,"LocalID":0,"Type":"dropdown","Value":"Rectangular","CategoryFeatureId":"85327","CategoryFeatureGroupID":"16293","SortNo":"155","PresentationValue":"Suorakulmainen","RawValue":"Rectangular","LocalValue":"Suorakulmainen","Description":"The external form","Mandatory":"1","Searchable":"0","Optional":"0","Feature":{"ID":"9397","Sign":"","Measure":{"ID":"29","Sign":"","Signs":{"ID":"","_":"","Language":"FI"}},"Name":{"Value":"Muoto","Language":"FI"}}},{"Localized":0,"ID":681824231,"LocalID":0,"Type":"dropdown","Value":"Smartwatch","CategoryFeatureId":"891356","CategoryFeatureGroupID":"16293","SortNo":"150","PresentationValue":"Älykello","RawValue":"Smartwatch","LocalValue":"Älykello","Description":"Under which category can the device be positioned in the market, e.g. camera phone.","Mandatory":"1","Searchable":"1","Optional":"0","Feature":{"ID":"9021","Sign":"","Measure":{"ID":"29","Sign":"","Signs":{"ID":"","_":"","Language":"FI"}},"Name":{"Value":"Asema markkinoilla","Language":"FI"}}},{"Localized":0,"ID":681824442,"LocalID":0,"Type":"dropdown","Value":"46","CategoryFeatureId":"595046","CategoryFeatureGroupID":"16293","SortNo":"145","PresentationValue":"46 mm","RawValue":"46","LocalValue":"46","Description":"","Mandatory":"1","Searchable":"1","Optional":"0","Feature":{"ID":"42415","Sign":"","Measure":{"ID":"24","Sign":"","Signs":{"ID":"13815","_":"mm","Language":"FI"}},"Name":{"Value":"Kellon kuoren koko","Language":"FI"}}},{"Localized":0,"ID":681824447,"LocalID":0,"Type":"multi_dropdown","Value":"Silver","CategoryFeatureId":"595045","CategoryFeatureGroupID":"16293","SortNo":"90","PresentationValue":"Hopea","RawValue":"Silver","LocalValue":"Hopea","Description":"","Mandatory":"1","Searchable":"1","Optional":"0","Feature":{"ID":"42417","Sign":"","Measure":{"ID":"29","Sign":"","Signs":{"ID":"","_":"","Language":"FI"}},"Name":{"Value":"Kellon kuoren väri","Language":"FI"}}},{"Localized":0,"ID":681824450,"LocalID":0,"Type":"dropdown","Value":"Aluminium","CategoryFeatureId":"595044","CategoryFeatureGroupID":"16293","SortNo":"89","PresentationValue":"Alumiini","RawValue":"Aluminium","LocalValue":"Alumiini","Description":"","Mandatory":"1","Searchable":"1","Optional":"0","Feature":{"ID":"42418","Sign":"","Measure":{"ID":"29","Sign":"","Signs":{"ID":"","_":"","Language":"FI"}},"Name":{"Value":"Kellon kuoren materiaali","Language":"FI"}}},{"Localized":0,"ID":681824292,"LocalID":0,"Type":"multi_dropdown","Value":"Blue","CategoryFeatureId":"85301","CategoryFeatureGroupID":"16293","SortNo":"80","PresentationValue":"Sininen","RawValue":"Blue","LocalValue":"Sininen","Description":"The colour of the band","Mandatory":"1","Searchable":"1","Optional":"0","Feature":{"ID":"11025","Sign":"","Measure":{"ID":"29","Sign":"","Signs":{"ID":"","_":"","Language":"FI"}},"Name":{"Value":"Band-väri","Language":"FI"}}},{"Localized":0,"ID":681824209,"LocalID":0,"Type":"dropdown","Value":"Dust resistant,Water resistant","CategoryFeatureId":"94550","CategoryFeatureGroupID":"16293","SortNo":"0","PresentationValue":"Pölynkestävä, Vedenkestävä","RawValue":"Dust resistant,Water resistant","LocalValue":"Pölynkestävä, Vedenkestävä","Description":"Physical effects from which the product is protected e.g. water resistant","Mandatory":"0","Searchable":"0","Optional":"0","Feature":{"ID":"8072","Sign":"","Measure":{"ID":"29","Sign":"","Signs":{"ID":"","_":"","Language":"FI"}},"Name":{"Value":"Suojaustoiminnot","Language":"FI"}}},{"Localized":0,"ID":681824201,"LocalID":0,"Type":"dropdown","Value":"IP6X","CategoryFeatureId":"95621","CategoryFeatureGroupID":"16293","SortNo":"0","PresentationValue":"IP6X","RawValue":"IP6X","LocalValue":"IP6X","Description":"The IP code classifies and rates the degree of protection provided against the intrusion (including body parts such as hands and fingers)","Mandatory":"0","Searchable":"0","Optional":"0","Feature":{"ID":"7900","Sign":"","Measure":{"ID":"29","Sign":"","Signs":{"ID":"","_":"","Language":"FI"}},"Name":{"Value":"International Protection (IP)-koodi","Language":"FI"}}},{"Localized":0,"ID":681824369,"LocalID":0,"Type":"y_n","Value":"Y","CategoryFeatureId":"140699","CategoryFeatureGroupID":"16293","SortNo":"0","PresentationValue":"Kyllä","RawValue":"Y","LocalValue":"Kyllä","Description":"","Mandatory":"0","Searchable":"0","Optional":"0","Feature":{"ID":"23080","Sign":"","Measure":{"ID":"26","Sign":"","Signs":{"ID":"","_":"","Language":"FI"}},"Name":{"Value":"Irroitettava hihna","Language":"FI"}}},{"Localized":0,"ID":681824415,"LocalID":0,"Type":"y_n","Value":"Y","CategoryFeatureId":"294711","CategoryFeatureGroupID":"16293","SortNo":"0","PresentationValue":"Kyllä","RawValue":"Y","LocalValue":"Kyllä","Description":"","Mandatory":"0","Searchable":"0","Optional":"0","Feature":{"ID":"37839","Sign":"","Measure":{"ID":"26","Sign":"","Signs":{"ID":"","_":"","Language":"FI"}},"Name":{"Value":"Magneettinen latausliitin","Language":"FI"}}},{"Localized":0,"ID":681824142,"LocalID":0,"Type":"numerical","Value":"50","CategoryFeatureId":"101561","CategoryFeatureGroupID":"16293","SortNo":"-7","PresentationValue":"50 m","RawValue":"50","LocalValue":"50","Description":"","Mandatory":"0","Searchable":"0","Optional":"0","Feature":{"ID":"5197","Sign":"","Measure":{"ID":"54","Sign":"","Signs":{"ID":"13841","_":"m","Language":"FI"}},"Name":{"Value":"Kosteus: Vedenpitävyys enintään (m)","Language":"FI"}}}]},{"ID":34567,"SortNo":"20","FeatureGroup":{"ID":"184","Name":{"Value":"Suorituskyky","Language":"FI"}},"Features":[{"Localized":0,"ID":681824086,"LocalID":0,"Type":"y_n","Value":"N","CategoryFeatureId":"94697","CategoryFeatureGroupID":"34567","SortNo":"800","PresentationValue":"Ei","RawValue":"N","LocalValue":"Ei","Description":"Taajuusmoduloitu ( Frequency-modulated = FM) radio antaa parhaimman vastaanoton kaikista radiomalleista. Kuulokkeita käytettäessä, se tuottaa stereo-tasoisen äänen.","Mandatory":"1","Searchable":"0","Optional":"0","Feature":{"ID":"2172","Sign":"","Measure":{"ID":"26","Sign":"","Signs":{"ID":"","_":"","Language":"FI"}},"Name":{"Value":"FM-radio","Language":"FI"}}},{"Localized":0,"ID":681824224,"LocalID":0,"Type":"multi_dropdown","Value":"iOS","CategoryFeatureId":"85310","CategoryFeatureGroupID":"34567","SortNo":"600","PresentationValue":"iOS","RawValue":"iOS","LocalValue":"iOS","Description":"The operating systems e.g. Android","Mandatory":"0","Searchable":"0","Optional":"0","Feature":{"ID":"8956","Sign":"","Measure":{"ID":"29","Sign":"","Signs":{"ID":"","_":"","Language":"FI"}},"Name":{"Value":"Tuetut käyttöjärjestelmät","Language":"FI"}}},{"Localized":0,"ID":681824114,"LocalID":0,"Type":"dropdown","Value":"watchOS 11","CategoryFeatureId":"85311","CategoryFeatureGroupID":"34567","SortNo":"590","PresentationValue":"watchOS 11","RawValue":"watchOS 11","LocalValue":"watchOS 11","Description":"Type of operating system on a device e.g. IOS on Apple devices","Mandatory":"0","Searchable":"0","Optional":"0","Feature":{"ID":"3233","Sign":"","Measure":{"ID":"29","Sign":"","Signs":{"ID":"","_":"","Language":"FI"}},"Name":{"Value":"Käyttöjärjestelmä asennettu","Language":"FI"}}},{"Localized":0,"ID":681824172,"LocalID":0,"Type":"numerical","Value":"64","CategoryFeatureId":"85308","CategoryFeatureGroupID":"34567","SortNo":"490","PresentationValue":"64 GB","RawValue":"64","LocalValue":"64","Description":"","Mandatory":"0","Searchable":"0","Optional":"0","Feature":{"ID":"6791","Sign":"","Measure":{"ID":"20","Sign":"","Signs":{"ID":"13811","_":"GB","Language":"FI"}},"Name":{"Value":"Flash-muisti","Language":"FI"}}},{"Localized":0,"ID":681824016,"LocalID":0,"Type":"dropdown","Value":"Apple","CategoryFeatureId":"85321","CategoryFeatureGroupID":"34567","SortNo":"450","PresentationValue":"Apple","RawValue":"Apple","LocalValue":"Apple","Description":"The manufacturer that produced the processor.","Mandatory":"0","Searchable":"0","Optional":"0","Feature":{"ID":"1013","Sign":"","Measure":{"ID":"29","Sign":"","Signs":{"ID":"","_":"","Language":"FI"}},"Name":{"Value":"Suoritinvalmistaja","Language":"FI"}}},{"Localized":0,"ID":681823901,"LocalID":0,"Type":"dropdown","Value":"S10","CategoryFeatureId":"85323","CategoryFeatureGroupID":"34567","SortNo":"448","PresentationValue":"S10","RawValue":"S10","LocalValue":"S10","Description":"The model number for the processor in a computer.","Mandatory":"0","Searchable":"0","Optional":"0","Feature":{"ID":"47","Sign":"","Measure":{"ID":"29","Sign":"","Signs":{"ID":"","_":"","Language":"FI"}},"Name":{"Value":"Prosessorimalli","Language":"FI"}}},{"Localized":0,"ID":681824155,"LocalID":0,"Type":"numerical","Value":"2","CategoryFeatureId":"109757","CategoryFeatureGroupID":"34567","SortNo":"442","PresentationValue":"2","RawValue":"2","LocalValue":"2","Description":"The number of central processing units ('cores') in a processor. Some processors have 1 core","Mandatory":"0","Searchable":"0","Optional":"0","Feature":{"ID":"6089","Sign":"","Measure":{"ID":"29","Sign":"","Signs":{"ID":"","_":"","Language":"FI"}},"Name":{"Value":"Prosessorin ytimet","Language":"FI"}}},{"Localized":0,"ID":681824150,"LocalID":0,"Type":"y_n","Value":"Y","CategoryFeatureId":"270638","CategoryFeatureGroupID":"34567","SortNo":"440","PresentationValue":"Kyllä","RawValue":"Y","LocalValue":"Kyllä","Description":"The use of processors that have datapath widths","Mandatory":"0","Searchable":"0","Optional":"0","Feature":{"ID":"6088","Sign":"","Measure":{"ID":"26","Sign":"","Signs":{"ID":"","_":"","Language":"FI"}},"Name":{"Value":"64-bittinen tietojenkäsittely","Language":"FI"}}},{"Localized":0,"ID":681824355,"LocalID":0,"Type":"y_n","Value":"Y","CategoryFeatureId":"967677","CategoryFeatureGroupID":"34567","SortNo":"440","PresentationValue":"Kyllä","RawValue":"Y","LocalValue":"Kyllä","Description":"","Mandatory":"0","Searchable":"0","Optional":"0","Feature":{"ID":"17981","Sign":"","Measure":{"ID":"26","Sign":"","Signs":{"ID":"","_":"","Language":"FI"}},"Name":{"Value":"Rinnakkaissuoritin","Language":"FI"}}},{"Localized":0,"ID":681824366,"LocalID":0,"Type":"dropdown","Value":"Neural Engine","CategoryFeatureId":"967678","CategoryFeatureGroupID":"34567","SortNo":"439","PresentationValue":"Neural Engine","RawValue":"Neural Engine","LocalValue":"Neural Engine","Description":"","Mandatory":"0","Searchable":"0","Optional":"0","Feature":{"ID":"18116","Sign":"","Measure":{"ID":"29","Sign":"","Signs":{"ID":"","_":"","Language":"FI"}},"Name":{"Value":"Rinnakkaissuorittimen malli","Language":"FI"}}},{"Localized":0,"ID":681824357,"LocalID":0,"Type":"numerical","Value":"4","CategoryFeatureId":"967679","CategoryFeatureGroupID":"34567","SortNo":"438","PresentationValue":"4","RawValue":"4","LocalValue":"4","Description":"","Mandatory":"0","Searchable":"0","Optional":"0","Feature":{"ID":"17983","Sign":"","Measure":{"ID":"29","Sign":"","Signs":{"ID":"","_":"","Language":"FI"}},"Name":{"Value":"Rinnakkaissuorittimen ytimet","Language":"FI"}}},{"Localized":0,"ID":681824021,"LocalID":0,"Type":"y_n","Value":"Y","CategoryFeatureId":"85355","CategoryFeatureGroupID":"34567","SortNo":"50","PresentationValue":"Kyllä","RawValue":"Y","LocalValue":"Kyllä","Description":"Microphone that is found inside the product.","Mandatory":"1","Searchable":"1","Optional":"0","Feature":{"ID":"1025","Sign":"","Measure":{"ID":"26","Sign":"","Signs":{"ID":"","_":"","Language":"FI"}},"Name":{"Value":"Kiinteä mikrofoni","Language":"FI"}}},{"Localized":0,"ID":681824102,"LocalID":0,"Type":"y_n","Value":"Y","CategoryFeatureId":"85365","CategoryFeatureGroupID":"34567","SortNo":"45","PresentationValue":"Kyllä","RawValue":"Y","LocalValue":"Kyllä","Description":"The device contains speaker(s) to produce sound.","Mandatory":"1","Searchable":"1","Optional":"0","Feature":{"ID":"2433","Sign":"","Measure":{"ID":"26","Sign":"","Signs":{"ID":"","_":"","Language":"FI"}},"Name":{"Value":"Sisäiset kaiuttimet","Language":"FI"}}},{"Localized":0,"ID":681824216,"LocalID":0,"Type":"y_n","Value":"N","CategoryFeatureId":"95509","CategoryFeatureGroupID":"34567","SortNo":"30","PresentationValue":"Ei","RawValue":"N","LocalValue":"Ei","Description":"Tuotessa on integroitu kamera.","Mandatory":"1","Searchable":"1","Optional":"0","Feature":{"ID":"8074","Sign":"","Measure":{"ID":"26","Sign":"","Signs":{"ID":"","_":"","Language":"FI"}},"Name":{"Value":"Sisäänrakennettu kamera","Language":"FI"}}},{"Localized":0,"ID":681824471,"LocalID":0,"Type":"y_n","Value":"Y","CategoryFeatureId":"926813","CategoryFeatureGroupID":"34567","SortNo":"5","PresentationValue":"Kyllä","RawValue":"Y","LocalValue":"Kyllä","Description":"","Mandatory":"0","Searchable":"0","Optional":"0","Feature":{"ID":"45953","Sign":"","Measure":{"ID":"26","Sign":"","Signs":{"ID":"","_":"","Language":"FI"}},"Name":{"Value":"Onnettomuuden tunnistus","Language":"FI"}}},{"Localized":0,"ID":681824426,"LocalID":0,"Type":"y_n","Value":"Y","CategoryFeatureId":"926814","CategoryFeatureGroupID":"34567","SortNo":"4","PresentationValue":"Kyllä","RawValue":"Y","LocalValue":"Kyllä","Description":"","Mandatory":"0","Searchable":"0","Optional":"0","Feature":{"ID":"39896","Sign":"","Measure":{"ID":"26","Sign":"","Signs":{"ID":"","_":"","Language":"FI"}},"Name":{"Value":"Putoamisen tunnistus","Language":"FI"}}},{"Localized":0,"ID":681824493,"LocalID":0,"Type":"y_n","Value":"Y","CategoryFeatureId":"967684","CategoryFeatureGroupID":"34567","SortNo":"0","PresentationValue":"Kyllä","RawValue":"Y","LocalValue":"Kyllä","Description":"","Mandatory":"0","Searchable":"0","Optional":"0","Feature":{"ID":"48322","Sign":"","Measure":{"ID":"26","Sign":"","Signs":{"ID":"","_":"","Language":"FI"}},"Name":{"Value":"Äänen seuranta","Language":"FI"}}},{"Localized":0,"ID":681824497,"LocalID":0,"Type":"y_n","Value":"Y","CategoryFeatureId":"967685","CategoryFeatureGroupID":"34567","SortNo":"0","PresentationValue":"Kyllä","RawValue":"Y","LocalValue":"Kyllä","Description":"","Mandatory":"0","Searchable":"0","Optional":"0","Feature":{"ID":"48323","Sign":"","Measure":{"ID":"26","Sign":"","Signs":{"ID":"","_":"","Language":"FI"}},"Name":{"Value":"Palautus","Language":"FI"}}}]},{"ID":26690,"SortNo":"12","FeatureGroup":{"ID":"185","Name":{"Value":"Ominaisuudet","Language":"FI"}},"Features":[{"Localized":0,"ID":681824162,"LocalID":0,"Type":"y_n","Value":"Y","CategoryFeatureId":"122840","CategoryFeatureGroupID":"26690","SortNo":"1000","PresentationValue":"Kyllä","RawValue":"Y","LocalValue":"Kyllä","Description":"","Mandatory":"1","Searchable":"0","Optional":"0","Feature":{"ID":"6702","Sign":"","Measure":{"ID":"26","Sign":"","Signs":{"ID":"","_":"","Language":"FI"}},"Name":{"Value":"Sykemittari","Language":"FI"}}},{"Localized":0,"ID":681824409,"LocalID":0,"Type":"multi_dropdown","Value":"Electrical,Optical","CategoryFeatureId":"270640","CategoryFeatureGroupID":"26690","SortNo":"997","PresentationValue":"Sähköinen, Optinen","RawValue":"Electrical,Optical","LocalValue":"Sähköinen, Optinen","Description":"","Mandatory":"0","Searchable":"0","Optional":"0","Feature":{"ID":"37164","Sign":"","Measure":{"ID":"29","Sign":"","Signs":{"ID":"","_":"","Language":"FI"}},"Name":{"Value":"Sydämensyketunnistimen tyyppi","Language":"FI"}}},{"Localized":0,"ID":681824488,"LocalID":0,"Type":"y_n","Value":"Y","CategoryFeatureId":"967680","CategoryFeatureGroupID":"26690","SortNo":"970","PresentationValue":"Kyllä","RawValue":"Y","LocalValue":"Kyllä","Description":"","Mandatory":"0","Searchable":"0","Optional":"0","Feature":{"ID":"48320","Sign":"","Measure":{"ID":"26","Sign":"","Signs":{"ID":"","_":"","Language":"FI"}},"Name":{"Value":"Syvyysmitta-anturi","Language":"FI"}}},{"Localized":0,"ID":681824492,"LocalID":0,"Type":"y_n","Value":"Y","CategoryFeatureId":"967681","CategoryFeatureGroupID":"26690","SortNo":"969","PresentationValue":"Kyllä","RawValue":"Y","LocalValue":"Kyllä","Description":"","Mandatory":"0","Searchable":"0","Optional":"0","Feature":{"ID":"48321","Sign":"","Measure":{"ID":"26","Sign":"","Signs":{"ID":"","_":"","Language":"FI"}},"Name":{"Value":"Uniapneatunnistin","Language":"FI"}}},{"Localized":0,"ID":681824263,"LocalID":0,"Type":"y_n","Value":"Y","CategoryFeatureId":"85349","CategoryFeatureGroupID":"26690","SortNo":"750","PresentationValue":"Kyllä","RawValue":"Y","LocalValue":"Kyllä","Description":"","Mandatory":"0","Searchable":"0","Optional":"0","Feature":{"ID":"9731","Sign":"","Measure":{"ID":"26","Sign":"","Signs":{"ID":"","_":"","Language":"FI"}},"Name":{"Value":"Kiihtyvyysmittari","Language":"FI"}}},{"Localized":0,"ID":681824268,"LocalID":0,"Type":"y_n","Value":"Y","CategoryFeatureId":"122839","CategoryFeatureGroupID":"26690","SortNo":"730","PresentationValue":"Kyllä","RawValue":"Y","LocalValue":"Kyllä","Description":"","Mandatory":"0","Searchable":"0","Optional":"0","Feature":{"ID":"9732","Sign":"","Measure":{"ID":"26","Sign":"","Signs":{"ID":"","_":"","Language":"FI"}},"Name":{"Value":"Gyroskooppi","Language":"FI"}}},{"Localized":0,"ID":681824405,"LocalID":0,"Type":"y_n","Value":"Y","CategoryFeatureId":"257982","CategoryFeatureGroupID":"26690","SortNo":"600","PresentationValue":"Kyllä","RawValue":"Y","LocalValue":"Kyllä","Description":"","Mandatory":"0","Searchable":"0","Optional":"0","Feature":{"ID":"36666","Sign":"","Measure":{"ID":"29","Sign":"","Signs":{"ID":"","_":"","Language":"FI"}},"Name":{"Value":"Aktiivisuuden seuraaja","Language":"FI"}}},{"Localized":0,"ID":681824384,"LocalID":0,"Type":"y_n","Value":"Y","CategoryFeatureId":"234762","CategoryFeatureGroupID":"26690","SortNo":"570","PresentationValue":"Kyllä","RawValue":"Y","LocalValue":"Kyllä","Description":"","Mandatory":"0","Searchable":"0","Optional":"0","Feature":{"ID":"26791","Sign":"","Measure":{"ID":"26","Sign":"","Signs":{"ID":"","_":"","Language":"FI"}},"Name":{"Value":"Unenlaatu","Language":"FI"}}},{"Localized":0,"ID":681824478,"LocalID":0,"Type":"y_n","Value":"Y","CategoryFeatureId":"940600","CategoryFeatureGroupID":"26690","SortNo":"15","PresentationValue":"Kyllä","RawValue":"Y","LocalValue":"Kyllä","Description":"","Mandatory":"0","Searchable":"0","Optional":"0","Feature":{"ID":"47127","Sign":"","Measure":{"ID":"26","Sign":"","Signs":{"ID":"","_":"","Language":"FI"}},"Name":{"Value":"Kahden napautuksen ele","Language":"FI"}}},{"Localized":0,"ID":681824484,"LocalID":0,"Type":"y_n","Value":"Y","CategoryFeatureId":"940602","CategoryFeatureGroupID":"26690","SortNo":"15","PresentationValue":"Kyllä","RawValue":"Y","LocalValue":"Kyllä","Description":"","Mandatory":"0","Searchable":"0","Optional":"0","Feature":{"ID":"47129","Sign":"","Measure":{"ID":"26","Sign":"","Signs":{"ID":"","_":"","Language":"FI"}},"Name":{"Value":"Epäsäännöllisen rytmin ilmoitukset","Language":"FI"}}},{"Localized":0,"ID":681824078,"LocalID":0,"Type":"y_n","Value":"Y","CategoryFeatureId":"85326","CategoryFeatureGroupID":"26690","SortNo":"10","PresentationValue":"Kyllä","RawValue":"Y","LocalValue":"Kyllä","Description":"","Mandatory":"0","Searchable":"0","Optional":"0","Feature":{"ID":"1901","Sign":"","Measure":{"ID":"26","Sign":"","Signs":{"ID":"","_":"","Language":"FI"}},"Name":{"Value":"Tekstiviestijärjestelmä (SMS)","Language":"FI"}}},{"Localized":0,"ID":681824432,"LocalID":0,"Type":"y_n","Value":"Y","CategoryFeatureId":"712542","CategoryFeatureGroupID":"26690","SortNo":"9","PresentationValue":"Kyllä","RawValue":"Y","LocalValue":"Kyllä","Description":"","Mandatory":"0","Searchable":"0","Optional":"0","Feature":{"ID":"39897","Sign":"","Measure":{"ID":"26","Sign":"","Signs":{"ID":"","_":"","Language":"FI"}},"Name":{"Value":"SOS-hälytystoiminto","Language":"FI"}}},{"Localized":0,"ID":681824217,"LocalID":0,"Type":"y_n","Value":"Y","CategoryFeatureId":"122838","CategoryFeatureGroupID":"26690","SortNo":"0","PresentationValue":"Kyllä","RawValue":"Y","LocalValue":"Kyllä","Description":"","Mandatory":"0","Searchable":"0","Optional":"0","Feature":{"ID":"8720","Sign":"","Measure":{"ID":"26","Sign":"","Signs":{"ID":"","_":"","Language":"FI"}},"Name":{"Value":"Ympäristön valotunnistin","Language":"FI"}}},{"Localized":0,"ID":681824392,"LocalID":0,"Type":"dropdown","Value":"Apple Siri","CategoryFeatureId":"234756","CategoryFeatureGroupID":"26690","SortNo":"0","PresentationValue":"Apple Siri","RawValue":"Apple Siri","LocalValue":"Apple Siri","Description":"Depending on the make of the device, a different application is pre-installed that can understand voice commands and complete tasks for a user, e.g. Apple Siri, Amazon Alexa.","Mandatory":"0","Searchable":"0","Optional":"0","Feature":{"ID":"31445","Sign":"","Measure":{"ID":"29","Sign":"","Signs":{"ID":"","_":"","Language":"FI"}},"Name":{"Value":"Virtuaaliavustaja","Language":"FI"}}},{"Localized":0,"ID":681824413,"LocalID":0,"Type":"y_n","Value":"Y","CategoryFeatureId":"270641","CategoryFeatureGroupID":"26690","SortNo":"0","PresentationValue":"Kyllä","RawValue":"Y","LocalValue":"Kyllä","Description":"","Mandatory":"0","Searchable":"0","Optional":"0","Feature":{"ID":"37165","Sign":"","Measure":{"ID":"26","Sign":"","Signs":{"ID":"","_":"","Language":"FI"}},"Name":{"Value":"Haptinen palaute","Language":"FI"}}},{"Localized":0,"ID":681824065,"LocalID":0,"Type":"y_n","Value":"Y","CategoryFeatureId":"317542","CategoryFeatureGroupID":"26690","SortNo":"0","PresentationValue":"Kyllä","RawValue":"Y","LocalValue":"Kyllä","Description":"Sisäänrakennettu elektroninen kompassi","Mandatory":"0","Searchable":"0","Optional":"0","Feature":{"ID":"1733","Sign":"","Measure":{"ID":"26","Sign":"","Signs":{"ID":"","_":"","Language":"FI"}},"Name":{"Value":"Sähkökäyttöinen kompassi","Language":"FI"}}},{"Localized":0,"ID":681824464,"LocalID":0,"Type":"y_n","Value":"Y","CategoryFeatureId":"712540","CategoryFeatureGroupID":"26690","SortNo":"0","PresentationValue":"Kyllä","RawValue":"Y","LocalValue":"Kyllä","Description":"","Mandatory":"0","Searchable":"0","Optional":"0","Feature":{"ID":"43799","Sign":"","Measure":{"ID":"26","Sign":"","Signs":{"ID":"","_":"","Language":"FI"}},"Name":{"Value":"Ihonlämpötila-anturi","Language":"FI"}}},{"Localized":0,"ID":681824176,"LocalID":0,"Type":"y_n","Value":"Y","CategoryFeatureId":"926907","CategoryFeatureGroupID":"26690","SortNo":"0","PresentationValue":"Kyllä","RawValue":"Y","LocalValue":"Kyllä","Description":"","Mandatory":"0","Searchable":"0","Optional":"0","Feature":{"ID":"7512","Sign":"","Measure":{"ID":"26","Sign":"","Signs":{"ID":"","_":"","Language":"FI"}},"Name":{"Value":"Veden lämpötila-anturi","Language":"FI"}}},{"Localized":0,"ID":681824190,"LocalID":0,"Type":"y_n","Value":"Y","CategoryFeatureId":"186993","CategoryFeatureGroupID":"26690","SortNo":"-3","PresentationValue":"Kyllä","RawValue":"Y","LocalValue":"Kyllä","Description":"","Mandatory":"0","Searchable":"0","Optional":"0","Feature":{"ID":"7608","Sign":"","Measure":{"ID":"29","Sign":"","Signs":{"ID":"","_":"","Language":"FI"}},"Name":{"Value":"Korkeusmittari","Language":"FI"}}}]},{"ID":10361,"SortNo":"10","FeatureGroup":{"ID":"35","Name":{"Value":"Verkko","Language":"FI"}},"Features":[{"Localized":0,"ID":681824380,"LocalID":0,"Type":"y_n","Value":"Y","CategoryFeatureId":"336994","CategoryFeatureGroupID":"10361","SortNo":"105","PresentationValue":"Kyllä","RawValue":"Y","LocalValue":"Kyllä","Description":"","Mandatory":"1","Searchable":"0","Optional":"0","Feature":{"ID":"24557","Sign":"","Measure":{"ID":"26","Sign":"","Signs":{"ID":"","_":"","Language":"FI"}},"Name":{"Value":"Mobiiliverkkoyhteys","Language":"FI"}}},{"Localized":0,"ID":681824434,"LocalID":0,"Type":"dropdown","Value":"4G","CategoryFeatureId":"336995","CategoryFeatureGroupID":"10361","SortNo":"104","PresentationValue":"4G","RawValue":"4G","LocalValue":"4G","Description":"","Mandatory":"0","Searchable":"0","Optional":"0","Feature":{"ID":"40629","Sign":"","Measure":{"ID":"29","Sign":"","Signs":{"ID":"","_":"","Language":"FI"}},"Name":{"Value":"Mobiiliverkon sukupolvi","Language":"FI"}}},{"Localized":0,"ID":681824319,"LocalID":0,"Type":"dropdown","Value":"LTE","CategoryFeatureId":"217810","CategoryFeatureGroupID":"10361","SortNo":"98","PresentationValue":"LTE","RawValue":"LTE","LocalValue":"LTE","Description":"","Mandatory":"0","Searchable":"0","Optional":"0","Feature":{"ID":"16922","Sign":"","Measure":{"ID":"29","Sign":"","Signs":{"ID":"","_":"","Language":"FI"}},"Name":{"Value":"4G-standardit","Language":"FI"}}},{"Localized":0,"ID":681824123,"LocalID":0,"Type":"y_n","Value":"Y","CategoryFeatureId":"94693","CategoryFeatureGroupID":"10361","SortNo":"-130","PresentationValue":"Kyllä","RawValue":"Y","LocalValue":"Kyllä","Description":"Global Positioning System (GPS) is a space-based satellite navigation system that provides location and time information in all weather conditions","Mandatory":"0","Searchable":"0","Optional":"0","Feature":{"ID":"3329","Sign":"","Measure":{"ID":"26","Sign":"","Signs":{"ID":"","_":"","Language":"FI"}},"Name":{"Value":"GPS (satelliitti)","Language":"FI"}}},{"Localized":0,"ID":681824386,"LocalID":0,"Type":"y_n","Value":"Y","CategoryFeatureId":"591390","CategoryFeatureGroupID":"10361","SortNo":"-131","PresentationValue":"Kyllä","RawValue":"Y","LocalValue":"Kyllä","Description":"","Mandatory":"0","Searchable":"0","Optional":"0","Feature":{"ID":"28694","Sign":"","Measure":{"ID":"26","Sign":"","Signs":{"ID":"","_":"","Language":"FI"}},"Name":{"Value":"BeiDou","Language":"FI"}}},{"Localized":0,"ID":681824399,"LocalID":0,"Type":"y_n","Value":"Y","CategoryFeatureId":"270635","CategoryFeatureGroupID":"10361","SortNo":"-140","PresentationValue":"Kyllä","RawValue":"Y","LocalValue":"Kyllä","Description":"","Mandatory":"0","Searchable":"0","Optional":"0","Feature":{"ID":"33685","Sign":"","Measure":{"ID":"26","Sign":"","Signs":{"ID":"","_":"","Language":"FI"}},"Name":{"Value":"Galileo","Language":"FI"}}}]},{"ID":9989,"SortNo":"5","FeatureGroup":{"ID":"12","Name":{"Value":"Liitettävyys","Language":"FI"}},"Features":[{"Localized":0,"ID":681823912,"LocalID":0,"Type":"multi_dropdown","Value":"Wi-Fi 4 (802.11n)","CategoryFeatureId":"122837","CategoryFeatureGroupID":"9989","SortNo":"10000049","PresentationValue":"Wi-Fi 4 (802.11n)","RawValue":"Wi-Fi 4 (802.11n)","LocalValue":"Wi-Fi 4 (802.11n)","Description":"The type of wireless local area network (LAN). It can be ad-hoc","Mandatory":"0","Searchable":"0","Optional":"0","Feature":{"ID":"432","Sign":"","Measure":{"ID":"29","Sign":"","Signs":{"ID":"","_":"","Language":"FI"}},"Name":{"Value":"Wi-Fi-standardit","Language":"FI"}}},{"Localized":0,"ID":681824094,"LocalID":0,"Type":"y_n","Value":"Y","CategoryFeatureId":"94696","CategoryFeatureGroupID":"9989","SortNo":"10000045","PresentationValue":"Kyllä","RawValue":"Y","LocalValue":"Kyllä","Description":"Bluetooth on pienitehoinen radiotekniikka, joka on kehitetty korvaamaan nykyisin käytetyt kaapelit ja johdotn linkittämään tai liittämään elektronisia laitteita, kuten tietokoneita, tulostimia, sekä erilaisia ​​kannettavia laitteita kuten matkapuhelimia. Koska se käyttää radio-aallon yhteyytä, Bluetooth-laiteella on jatkuva yhteysä käyttämäänsä selaimeen. Tämä säästää käyttäjän aikaa esimerkiksi turhilta kirjautumisilta sähköposteja tai uutisia lukiessaani.","Mandatory":"0","Searchable":"0","Optional":"0","Feature":{"ID":"2183","Sign":"","Measure":{"ID":"26","Sign":"","Signs":{"ID":"","_":"","Language":"FI"}},"Name":{"Value":"Bluetooth","Language":"FI"}}},{"Localized":0,"ID":681824372,"LocalID":0,"Type":"y_n","Value":"N","CategoryFeatureId":"208481","CategoryFeatureGroupID":"9989","SortNo":"100079","PresentationValue":"Ei","RawValue":"N","LocalValue":"Ei","Description":"The device features a socket into which a USB cable can be plugged.","Mandatory":"1","Searchable":"1","Optional":"0","Feature":{"ID":"23798","Sign":"","Measure":{"ID":"26","Sign":"","Signs":{"ID":"","_":"","Language":"FI"}},"Name":{"Value":"USB-portti","Language":"FI"}}},{"Localized":0,"ID":681824278,"LocalID":0,"Type":"y_n","Value":"Y","CategoryFeatureId":"95622","CategoryFeatureGroupID":"9989","SortNo":"100","PresentationValue":"Kyllä","RawValue":"Y","LocalValue":"Kyllä","Description":"","Mandatory":"1","Searchable":"0","Optional":"0","Feature":{"ID":"10157","Sign":"","Measure":{"ID":"26","Sign":"","Signs":{"ID":"","_":"","Language":"FI"}},"Name":{"Value":"Lähialueen kommunikointi (NFC)","Language":"FI"}}},{"Localized":0,"ID":681824118,"LocalID":0,"Type":"y_n","Value":"Y","CategoryFeatureId":"94698","CategoryFeatureGroupID":"9989","SortNo":"50","PresentationValue":"Kyllä","RawValue":"Y","LocalValue":"Kyllä","Description":"Popular technology that allows an electronic device to exchange data or connect to the internet wirelessly using radio waves.","Mandatory":"1","Searchable":"1","Optional":"0","Feature":{"ID":"3239","Sign":"","Measure":{"ID":"26","Sign":"","Signs":{"ID":"","_":"","Language":"FI"}},"Name":{"Value":"Wi-Fi","Language":"FI"}}},{"Localized":0,"ID":681824036,"LocalID":0,"Type":"dropdown","Value":"5.3","CategoryFeatureId":"85356","CategoryFeatureGroupID":"9989","SortNo":"45","PresentationValue":"5.3","RawValue":"5.3","LocalValue":"5.3","Description":"The type of bluetooth technology in the product e.g. Bluetooth Smart (v4.0).","Mandatory":"1","Searchable":"1","Optional":"0","Feature":{"ID":"1208","Sign":"","Measure":{"ID":"29","Sign":"","Signs":{"ID":"","_":"","Language":"FI"}},"Name":{"Value":"Bluetooth-versio","Language":"FI"}}},{"Localized":0,"ID":681824127,"LocalID":0,"Type":"dropdown","Value":"Bluetooth","CategoryFeatureId":"85350","CategoryFeatureGroupID":"9989","SortNo":"25","PresentationValue":"Bluetooth","RawValue":"Bluetooth","LocalValue":"Bluetooth","Description":"How headphones connect to a device e.g. wirelessly or via a cable and connector.","Mandatory":"1","Searchable":"0","Optional":"0","Feature":{"ID":"4163","Sign":"","Measure":{"ID":"29","Sign":"","Signs":{"ID":"","_":"","Language":"FI"}},"Name":{"Value":"Kuulokkeiden liitettävyys","Language":"FI"}}}]},{"ID":9984,"SortNo":"4","FeatureGroup":{"ID":"27","Name":{"Value":"Virranhallinta","Language":"FI"}},"Features":[{"Localized":0,"ID":681823940,"LocalID":0,"Type":"dropdown","Value":"Built-in battery","CategoryFeatureId":"319967","CategoryFeatureGroupID":"9984","SortNo":"105","PresentationValue":"Sisäänrakennettu akku","RawValue":"Built-in battery","LocalValue":"Sisäänrakennettu akku","Description":"Kuvaus tuotteen mukana tulevasta akusta.","Mandatory":"1","Searchable":"0","Optional":"0","Feature":{"ID":"908","Sign":"","Measure":{"ID":"29","Sign":"","Signs":{"ID":"","_":"","Language":"FI"}},"Name":{"Value":"Akkutyyppi","Language":"FI"}}},{"Localized":0,"ID":681823917,"LocalID":0,"Type":"dropdown","Value":"Lithium-Ion (Li-Ion)","CategoryFeatureId":"85333","CategoryFeatureGroupID":"9984","SortNo":"100","PresentationValue":"Litiumioni (Li-Ion)","RawValue":"Lithium-Ion (Li-Ion)","LocalValue":"Litiumioni (Li-Ion)","Description":"The type of battery in the device","Mandatory":"1","Searchable":"0","Optional":"0","Feature":{"ID":"434","Sign":"","Measure":{"ID":"29","Sign":"","Signs":{"ID":"","_":"","Language":"FI"}},"Name":{"Value":"Akkuteknologia","Language":"FI"}}},{"Localized":0,"ID":681824058,"LocalID":0,"Type":"numerical","Value":"36","CategoryFeatureId":"271071","CategoryFeatureGroupID":"9984","SortNo":"75","PresentationValue":"36 h","RawValue":"36","LocalValue":"36","Description":"Akun käyttöikä tunteina. Mobile Mark ™ (2002) on standardi, jota käytetään usein vertailukohtana akun käyttöiässä. Joissakin tapauksissa akun käyttöikää voidaan pidentää lisäämällä ylimääräisiä akkuja.","Mandatory":"1","Searchable":"0","Optional":"0","Feature":{"ID":"1721","Sign":"","Measure":{"ID":"46","Sign":"","Signs":{"ID":"13834","_":"h","Language":"FI"}},"Name":{"Value":"Akun käyttöikä (maks.)","Language":"FI"}}},{"Localized":0,"ID":681824285,"LocalID":0,"Type":"numerical","Value":"18","CategoryFeatureId":"891361","CategoryFeatureGroupID":"9984","SortNo":"60","PresentationValue":"18 h","RawValue":"18","LocalValue":"18","Description":"The amount of time that the battery will last for.","Mandatory":"0","Searchable":"0","Optional":"0","Feature":{"ID":"10740","Sign":"","Measure":{"ID":"46","Sign":"","Signs":{"ID":"13834","_":"h","Language":"FI"}},"Name":{"Value":"Akun käyttöaika","Language":"FI"}}},{"Localized":0,"ID":681824298,"LocalID":0,"Type":"y_n","Value":"Y","CategoryFeatureId":"133476","CategoryFeatureGroupID":"9984","SortNo":"0","PresentationValue":"Kyllä","RawValue":"Y","LocalValue":"Kyllä","Description":"","Mandatory":"0","Searchable":"0","Optional":"0","Feature":{"ID":"12148","Sign":"","Measure":{"ID":"26","Sign":"","Signs":{"ID":"","_":"","Language":"FI"}},"Name":{"Value":"Langaton lataaminen","Language":"FI"}}},{"Localized":0,"ID":681824419,"LocalID":0,"Type":"numerical","Value":"0.5","CategoryFeatureId":"295518","CategoryFeatureGroupID":"9984","SortNo":"0","PresentationValue":"0,5 h","RawValue":"0.5","LocalValue":"0,5","Description":"","Mandatory":"0","Searchable":"0","Optional":"0","Feature":{"ID":"37893","Sign":"","Measure":{"ID":"46","Sign":"","Signs":{"ID":"13834","_":"h","Language":"FI"}},"Name":{"Value":"Pariston uudelleenlatausaika (80 %)","Language":"FI"}}}]},{"ID":14029,"SortNo":"2","FeatureGroup":{"ID":"28","Name":{"Value":"Ympäristöolosuhteet","Language":"FI"}},"Features":[{"Localized":0,"ID":681824028,"LocalID":0,"Type":"range","Value":"0 - 35","CategoryFeatureId":"129940","CategoryFeatureGroupID":"14029","SortNo":"20","PresentationValue":"0 - 35 °C","RawValue":"0 - 35","LocalValue":"0 - 35","Description":"The minimum and maximum temperatures at which the product can be safely operated.","Mandatory":"0","Searchable":"0","Optional":"0","Feature":{"ID":"1112","Sign":"","Measure":{"ID":"65","Sign":"","Signs":{"ID":"13851","_":"°C","Language":"FI"}},"Name":{"Value":"Käyttölämpötila (T-T)","Language":"FI"}}},{"Localized":0,"ID":681823932,"LocalID":0,"Type":"range","Value":"-20 - 45","CategoryFeatureId":"129941","CategoryFeatureGroupID":"14029","SortNo":"18","PresentationValue":"-20 - 45 °C","RawValue":"-20 - 45","LocalValue":"-20 - 45","Description":"The minimum and maximum temperatures at which the product can be safely stored.","Mandatory":"0","Searchable":"0","Optional":"0","Feature":{"ID":"757","Sign":"","Measure":{"ID":"65","Sign":"","Signs":{"ID":"13851","_":"°C","Language":"FI"}},"Name":{"Value":"Varastointilämpötila","Language":"FI"}}},{"Localized":0,"ID":681823926,"LocalID":0,"Type":"range","Value":"5 - 90","CategoryFeatureId":"129942","CategoryFeatureGroupID":"14029","SortNo":"15","PresentationValue":"5 - 90%","RawValue":"5 - 90","LocalValue":"5 - 90","Description":"","Mandatory":"0","Searchable":"0","Optional":"0","Feature":{"ID":"703","Sign":"","Measure":{"ID":"64","Sign":"","Signs":{"ID":"47","_":"%","Language":"EN"}},"Name":{"Value":"Käytön suhteellinen kosteus (H-H)","Language":"FI"}}},{"Localized":0,"ID":681823921,"LocalID":0,"Type":"range","Value":"0 - 3000","CategoryFeatureId":"129944","CategoryFeatureGroupID":"14029","SortNo":"10","PresentationValue":"0 - 3000 m","RawValue":"0 - 3000","LocalValue":"0 - 3000","Description":"","Mandatory":"0","Searchable":"0","Optional":"0","Feature":{"ID":"667","Sign":"","Measure":{"ID":"54","Sign":"","Signs":{"ID":"13841","_":"m","Language":"FI"}},"Name":{"Value":"Käyttökorkeus","Language":"FI"}}}]},{"ID":9976,"SortNo":"-3","FeatureGroup":{"ID":"14","Name":{"Value":"Paino ja mitat","Language":"FI"}},"Features":[{"Localized":0,"ID":681824050,"LocalID":0,"Type":"numerical","Value":"39","CategoryFeatureId":"85294","CategoryFeatureGroupID":"9976","SortNo":"100","PresentationValue":"39 mm","RawValue":"39","LocalValue":"39","Description":"The measurement or extent of something from side to side.","Mandatory":"0","Searchable":"0","Optional":"0","Feature":{"ID":"1649","Sign":"","Measure":{"ID":"24","Sign":"","Signs":{"ID":"13815","_":"mm","Language":"FI"}},"Name":{"Value":"Tuotteen leveys","Language":"FI"}}},{"Localized":0,"ID":681824055,"LocalID":0,"Type":"numerical","Value":"46","CategoryFeatureId":"85299","CategoryFeatureGroupID":"9976","SortNo":"99","PresentationValue":"46 mm","RawValue":"46","LocalValue":"46","Description":"The distance from the front to the back of something.","Mandatory":"0","Searchable":"0","Optional":"0","Feature":{"ID":"1650","Sign":"","Measure":{"ID":"24","Sign":"","Signs":{"ID":"13815","_":"mm","Language":"FI"}},"Name":{"Value":"Tuotteen syvyys","Language":"FI"}}},{"Localized":0,"ID":681824111,"LocalID":0,"Type":"numerical","Value":"9.7","CategoryFeatureId":"85296","CategoryFeatureGroupID":"9976","SortNo":"95","PresentationValue":"9,7 mm","RawValue":"9.7","LocalValue":"9,7","Description":"The distance through an object","Mandatory":"0","Searchable":"0","Optional":"0","Feature":{"ID":"2757","Sign":"","Measure":{"ID":"24","Sign":"","Signs":{"ID":"13815","_":"mm","Language":"FI"}},"Name":{"Value":"Paksuus","Language":"FI"}}},{"Localized":0,"ID":681823906,"LocalID":0,"Type":"numerical","Value":"35.3","CategoryFeatureId":"85297","CategoryFeatureGroupID":"9976","SortNo":"94","PresentationValue":"35,3 g","RawValue":"35.3","LocalValue":"35,3","Description":"Tuotteen paino ilman pakkausta (Nettopaino). Jos mahdollista, nettopaino ilmaistaan vakiovarusteineet ja tarvikkeet mukaan laskettuna. Huomaa, että joskus valmistaja antaa kaupallisen tulkinnan tuotteen painosta, jättämällä pois  lisävarusteiden ja / tai tarvikkeiden painon.","Mandatory":"0","Searchable":"0","Optional":"0","Feature":{"ID":"94","Sign":"","Measure":{"ID":"38","Sign":"","Signs":{"ID":"13826","_":"g","Language":"FI"}},"Name":{"Value":"Paino","Language":"FI"}}}]},{"ID":15273,"SortNo":"-5","FeatureGroup":{"ID":"116","Name":{"Value":"Pakkauksen sisältö","Language":"FI"}},"Features":[{"Localized":0,"ID":681824377,"LocalID":0,"Type":"y_n","Value":"Y","CategoryFeatureId":"191372","CategoryFeatureGroupID":"15273","SortNo":"0","PresentationValue":"Kyllä","RawValue":"Y","LocalValue":"Kyllä","Description":"","Mandatory":"0","Searchable":"0","Optional":"0","Feature":{"ID":"23815","Sign":"","Measure":{"ID":"26","Sign":"","Signs":{"ID":"","_":"","Language":"FI"}},"Name":{"Value":"Laturi","Language":"FI"}}}]},{"ID":75914,"SortNo":"-8","FeatureGroup":{"ID":"279","Name":{"Value":"Kestävyys","Language":"FI"}},"Features":[{"Localized":0,"ID":681824453,"LocalID":0,"Type":"multi_dropdown","Value":"CarbonNeutral","CategoryFeatureId":"604209","CategoryFeatureGroupID":"75914","SortNo":"0","PresentationValue":"CarbonNeutral","RawValue":"CarbonNeutral","LocalValue":"CarbonNeutral","Description":"","Mandatory":"0","Searchable":"0","Optional":"0","Feature":{"ID":"42513","Sign":"","Measure":{"ID":"29","Sign":"","Signs":{"ID":"","_":"","Language":"FI"}},"Name":{"Value":"Kestävän kehityksen sertifikaatit","Language":"FI"}}},{"Localized":0,"ID":681824457,"LocalID":0,"Type":"multi_dropdown","Value":"Arsenic,BFR,Mercury (element),PVC","CategoryFeatureId":"624756","CategoryFeatureGroupID":"75914","SortNo":"0","PresentationValue":"Arsenikki, BFR, Elohopea, PVC-muovi","RawValue":"Arsenic,BFR,Mercury (element),PVC","LocalValue":"Arsenikki, BFR, Elohopea, PVC-muovi","Description":"","Mandatory":"0","Searchable":"0","Optional":"0","Feature":{"ID":"42516","Sign":"","Measure":{"ID":"29","Sign":"","Signs":{"ID":"","_":"","Language":"FI"}},"Name":{"Value":"Ei sisällä","Language":"FI"}}}]}],"FeatureLogos":[{"LogoPic":"https://inishop.com/img/feature_logo/639-9058.png","Width":"300","Height":"300","Size":"0","ThumbPic":"https://inishop.com/img/feature_logo_thumbs/639-9058.png","FeatureID":"42513","Value":"CarbonNeutral","KeyLogo":0}],"ReasonsToBuy":[],"Reviews":[],"ProductRelated":[],"CatalogObjectCloud":{},"Variants":[],"ProductStory":[],"Dictionary":{"model_name":"Tuotenimi","desc":"Kuvaus","ean_code":"EAN/UPC-koodi","flash360":"3D-esittely","demo_msg_part3":"Jos sinulla ei ole Icecat-k&auml;ytt&auml;j&auml;tili&auml;, ole hyv&auml; ja rekister&ouml;idy maksutta t&auml;&auml;lt&auml;.","repairability_index":"Repairability index","zoom_panel_init":"Alkuper&auml;inen koko","cat_name":"Ryhm&auml;","product_family":"Tuoteperhe","back_to_top":"Takaisin yl&ouml;s","zoom_panel_out":"Loitonna","specs":"Tekniset tiedot","eu_product_fiche":"EU-tuoteseloste","reviews_head_name":"Arvostelut","pdf_specs":"Tuote-esite","zoom_panel_in":"L&auml;henn&auml;","html_content":"","release_date":"Julkaisup&auml;iv&auml;","demo_msg_part1":"K&auml;yt&auml;t t&auml;ll&auml; hetkell&auml; demo-k&auml;ytt&auml;j&auml;tili&auml;. Ole hyv&auml; ja k&auml;yt&auml; omaa Icecat-k&auml;ytt&auml;j&auml;tili&auml;si.","demo_insert_desc":"This is a demo of a seamless insert of an Icecat LIVE product data-sheet in your website. Imagine that this responsive data-sheet is included in the product page of your webshop.","pdf_url":"K&auml;ytt&ouml;opas","prod_code":"Tuotekoodi","supplier_name":"Tuotemerkki","video":"Video","reasons_to_buy":"Syitä ostaa","marketing_text":"Kuvaus","options_head_name":"Vaihtoehdot","product_series":"Tuotesarja","demo_msg_part2":"Icecat k&auml;ytt&auml;j&auml;tunnuksesi","link_integrate_desk":"Kuinka integroida Icecat LIVE JavaScript.","zoom_panel_dragg":"Hiirell&auml; vet&auml;minen","eu_energy_label":"EU-energiamerkintä"},"DemoAccount":false}}