{"msg":"OK","data":{"GeneralInfo":{"IcecatId":122429375,"ReleaseDate":"","EndOfLifeDate":"","Title":"Apple Watch SE OLED 40 mm Digitaalinen 324 x 394 pikseliä Kosketusnäyttö 4G Beige Wi-Fi GPS (satelliitti)","TitleInfo":{"GeneratedIntTitle":"Apple Watch SE","GeneratedLocalTitle":{"Value":"Apple Watch SE OLED 40 mm Digitaalinen 324 x 394 pikseliä Kosketusnäyttö 4G Beige Wi-Fi GPS (satelliitti)","Language":"FI"},"BrandLocalTitle":{"Value":"","Language":"FI"}},"Brand":"Apple","BrandID":"9","BrandLogo":"https://inishop.com/img/brand/thumb/9_d14b59ec69c0456b8775a7210bbba1e9.jpg","BrandInfo":{"BrandName":"Apple","BrandLocalName":"","BrandLogo":"https://inishop.com/img/brand/thumb/9_d14b59ec69c0456b8775a7210bbba1e9.jpg"},"ProductName":"Watch SE","ProductNameInfo":{"ProductIntName":"Watch SE","ProductLocalName":{"Value":"","Language":"FI"}},"BrandPartCode":"MXGJ3QN/A","GTIN":["0195949768613","195949768613"],"Category":{"CategoryID":"2647","Name":{"Value":"Äly- ja urheilukellot","Language":"FI"}},"ProductFamily":{"ProductFamilyID":"67213","Value":"Watch","Language":"EN"},"ProductSeries":{"SeriesID":"7838","Value":"SE (2nd generation)","Language":"EN"},"Description":{"ID":"96670724","LongDesc":"<b>Loistokello loistohintaan.</b><br>Helppoa yhteydenpitoa. Motivoivaa treenitietoa. Innovatiivisia terveys- ja turvaominaisuuksia. Raikkaita rannekevärejä. Apple Watch SE on täynnä hyviä ominaisuuksia, hyvän mielen hintaan.","LongProductName":"Watch SE, 40mm, GPS + Cellular, Retina LTPO OLED display, S8, 32GB, Digital Crown, LTE, UMTS, Wi-Fi, Bluetooth 5.0, watchOS 11","MiddleDesc":"","Disclaimer":"","ManualPDFURL":"","ManualPDFSize":"0","LeafletPDFURL":"","PDFSize":"0","URL":"https://www.apple.com/fi/apple-watch-se/","WarrantyInfo":"","Updated":"2024-09-10 16:30:52","Language":"FI"},"SummaryDescription":{"ShortSummaryDescription":"Apple Watch SE, OLED, Kosketusnäyttö, 32 GB, Wi-Fi, GPS (satelliitti), 27,8 g","LongSummaryDescription":"Apple Watch SE. Näytön teknologia: OLED, Näytön erottelutarkkuus: 324 x 394 pikseliä, Kosketusnäyttö. Flash-muisti: 32 GB. Wi-Fi. GPS (satelliitti). Paino: 27,8 g. Kosteus: Vedenpitävyys enintään (m): 50 m, Nauhan materiaali: Kumi, Band-väri: Beige, Hihnan koko: S/M. Käyttöjärjestelmä asennettu: watchOS 11"},"BulletPoints":{},"GeneratedBulletPoints":{"Language":"FI","Values":["Älykello Digitaalinen Kosketusnäyttö OLED","324 x 394 pikseliä 1000 cd/m²","Vedenkestävä, Vesitiivis Kosteus: Vedenpitävyys enintään (m): 50 m","Kiinteä mikrofoni Sisäiset kaiuttimet","Sykemittari Kiihtyvyysmittari Gyroskooppi Aktiivisuuden seuraaja Apple Siri","4G GPS (satelliitti) GLONASS Galileo Quasi-Zenith Satellite System (QZSS)","Wi-Fi Bluetooth 5.3 Lähialueen kommunikointi (NFC)","Sisäänrakennettu akku 18 h"]},"GTINs":[{"GTIN":"0195949768613","IsApproved":true},{"GTIN":"195949768613","IsApproved":true}]},"Image":{"HighPic":"https://inishop.com/img/gallery/2085ba5447ad8111750797ef61e805693dba29a4.jpg","HighPicSize":"809239","HighPicHeight":"4000","HighPicWidth":"4000","LowPic":"https://inishop.com/img/gallery_lows/2e8c231e5930b157c9b91cad90fcbd678bae5032.jpg","LowPicSize":"15907","LowPicHeight":"200","LowPicWidth":"200","Pic500x500":"https://inishop.com/img/gallery_mediums/1447cabe8faa7f668023d2a3afd5fbe8b8328890.jpg","Pic500x500Size":"55930","Pic500x500Height":"500","Pic500x500Width":"500","ThumbPic":"https://inishop.com/img/gallery_thumbs/321d480e348b6f36df96bca4b73e14e63ab2c9d9.jpg","ThumbPicSize":"3963"},"Multimedia":[],"Gallery":[{"ID":"95270684","LowPic":"https://inishop.com/img/gallery_lows/2e8c231e5930b157c9b91cad90fcbd678bae5032.jpg","LowSize":"15907","LowHeight":"200","LowWidth":"200","ThumbPic":"https://inishop.com/img/gallery_thumbs/321d480e348b6f36df96bca4b73e14e63ab2c9d9.jpg","ThumbPicSize":"3963","Pic":"https://inishop.com/img/gallery/2085ba5447ad8111750797ef61e805693dba29a4.jpg","Size":"809239","PicHeight":"4000","PicWidth":"4000","Pic500x500":"https://inishop.com/img/gallery_mediums/1447cabe8faa7f668023d2a3afd5fbe8b8328890.jpg","Pic500x500Size":"55930","Pic500x500Height":"500","Pic500x500Width":"500","No":"1","IsMain":"Y","Updated":"2024-09-10 16:30:52","IsPrivate":"0","Type":"ProductImage","Attributes":{"OriginalFileName":""}},{"ID":"95270687","LowPic":"https://inishop.com/img/gallery_lows/9dea2e96b99298242d2ac51c6165e138b3479dd5.jpg","LowSize":"12195","LowHeight":"200","LowWidth":"200","ThumbPic":"https://inishop.com/img/gallery_thumbs/ab4696d89cc27e34e79b75a180e2a236ad3fbd1c.jpg","ThumbPicSize":"3257","Pic":"https://inishop.com/img/gallery/2ee3fe286bf9ade398f2ae231d3fb700a8a2a205.jpg","Size":"592564","PicHeight":"4000","PicWidth":"4000","Pic500x500":"https://inishop.com/img/gallery_mediums/68fa822544b624977814e0e5201e0588b1b19e18.jpg","Pic500x500Size":"43258","Pic500x500Height":"500","Pic500x500Width":"500","No":"2","IsMain":"N","Updated":"2024-09-10 16:30:52","IsPrivate":"0","Type":"ProductImage","Attributes":{"OriginalFileName":""}}],"FeaturesGroups":[{"ID":34566,"SortNo":"25","FeatureGroup":{"ID":"5","Name":{"Value":"Näyttö","Language":"FI"}},"Features":[{"Localized":0,"ID":681964476,"LocalID":0,"Type":"dropdown","Value":"OLED","CategoryFeatureId":"99533","CategoryFeatureGroupID":"34566","SortNo":"150","PresentationValue":"OLED","RawValue":"OLED","LocalValue":"OLED","Description":"The technology used in the display e.g. plasma","Mandatory":"1","Searchable":"0","Optional":"0","Feature":{"ID":"9713","Sign":"","Measure":{"ID":"29","Sign":"","Signs":{"ID":"","_":"","Language":"FI"}},"Name":{"Value":"Näytön teknologia","Language":"FI"}}},{"Localized":0,"ID":681964270,"LocalID":0,"Type":"numerical","Value":"1000","CategoryFeatureId":"176254","CategoryFeatureGroupID":"34566","SortNo":"148","PresentationValue":"1000 cd/m²","RawValue":"1000","LocalValue":"1000","Description":"Kirkkaus on määrä säteilevän valon näytöstä. Kirkkaus luokitus mitataan candellas neliömetriä kohden; kutsutaan yleisesti \"saivareet\".","Mandatory":"0","Searchable":"0","Optional":"0","Feature":{"ID":"1389","Sign":"","Measure":{"ID":"43","Sign":"","Signs":{"ID":"13831","_":"cd/m²","Language":"FI"}},"Name":{"Value":"Näytön kirkkaus","Language":"FI"}}},{"Localized":0,"ID":681964506,"LocalID":0,"Type":"numerical","Value":"326","CategoryFeatureId":"85347","CategoryFeatureGroupID":"34566","SortNo":"147","PresentationValue":"326 ppi","RawValue":"326","LocalValue":"326","Description":"","Mandatory":"0","Searchable":"0","Optional":"0","Feature":{"ID":"13246","Sign":"","Measure":{"ID":"243","Sign":"","Signs":{"ID":"14522","_":"ppi","Language":"FI"}},"Name":{"Value":"Pikselitiheys","Language":"FI"}}},{"Localized":0,"ID":681964467,"LocalID":0,"Type":"dropdown","Value":"Digital","CategoryFeatureId":"85325","CategoryFeatureGroupID":"34566","SortNo":"140","PresentationValue":"Digitaalinen","RawValue":"Digital","LocalValue":"Digitaalinen","Description":"Type of display (screen) e.g. LCD.","Mandatory":"1","Searchable":"1","Optional":"0","Feature":{"ID":"9104","Sign":"","Measure":{"ID":"29","Sign":"","Signs":{"ID":"","_":"","Language":"FI"}},"Name":{"Value":"Näytön tyyppi","Language":"FI"}}},{"Localized":0,"ID":681964277,"LocalID":0,"Type":"2d","Value":"324 x 394","CategoryFeatureId":"85332","CategoryFeatureGroupID":"34566","SortNo":"130","PresentationValue":"324 x 394 pikseliä","RawValue":"324 x 394","LocalValue":"324 x 394","Description":"Järjestelmän näytön resoluutio.","Mandatory":"1","Searchable":"1","Optional":"0","Feature":{"ID":"1585","Sign":"","Measure":{"ID":"39","Sign":"","Signs":{"ID":"13827","_":"pikseliä","Language":"FI"}},"Name":{"Value":"Näytön erottelutarkkuus","Language":"FI"}}},{"Localized":0,"ID":681964377,"LocalID":0,"Type":"y_n","Value":"Y","CategoryFeatureId":"85331","CategoryFeatureGroupID":"34566","SortNo":"129","PresentationValue":"Kyllä","RawValue":"Y","LocalValue":"Kyllä","Description":"A screen of a laptop","Mandatory":"1","Searchable":"1","Optional":"0","Feature":{"ID":"4963","Sign":"","Measure":{"ID":"26","Sign":"","Signs":{"ID":"","_":"","Language":"FI"}},"Name":{"Value":"Kosketusnäyttö","Language":"FI"}}},{"Localized":0,"ID":681964628,"LocalID":0,"Type":"y_n","Value":"Y","CategoryFeatureId":"270637","CategoryFeatureGroupID":"34566","SortNo":"95","PresentationValue":"Kyllä","RawValue":"Y","LocalValue":"Kyllä","Description":"","Mandatory":"0","Searchable":"0","Optional":"0","Feature":{"ID":"33690","Sign":"","Measure":{"ID":"26","Sign":"","Signs":{"ID":"","_":"","Language":"FI"}},"Name":{"Value":"Pyöristetyt näytön kulmat","Language":"FI"}}},{"Localized":0,"ID":681964433,"LocalID":0,"Type":"dropdown","Value":"Ion-X glass","CategoryFeatureId":"94704","CategoryFeatureGroupID":"34566","SortNo":"50","PresentationValue":"Ion-X-lasi","RawValue":"Ion-X glass","LocalValue":"Ion-X-lasi","Description":"The material from which the front of a watch is made e.g. mineral","Mandatory":"0","Searchable":"0","Optional":"0","Feature":{"ID":"7610","Sign":"","Measure":{"ID":"29","Sign":"","Signs":{"ID":"","_":"","Language":"FI"}},"Name":{"Value":"Kellon lasin tyyppi","Language":"FI"}}}]},{"ID":16293,"SortNo":"20","FeatureGroup":{"ID":"148","Name":{"Value":"Suunnittelu","Language":"FI"}},"Features":[{"Localized":0,"ID":681964421,"LocalID":0,"Type":"multi_dropdown","Value":"Rubber","CategoryFeatureId":"94551","CategoryFeatureGroupID":"16293","SortNo":"160","PresentationValue":"Kumi","RawValue":"Rubber","LocalValue":"Kumi","Description":"The type of substance the wristband is made of.","Mandatory":"1","Searchable":"0","Optional":"0","Feature":{"ID":"7605","Sign":"","Measure":{"ID":"29","Sign":"","Signs":{"ID":"","_":"","Language":"FI"}},"Name":{"Value":"Nauhan materiaali","Language":"FI"}}},{"Localized":0,"ID":681964584,"LocalID":0,"Type":"dropdown","Value":"S/M","CategoryFeatureId":"153739","CategoryFeatureGroupID":"16293","SortNo":"159","PresentationValue":"S/M","RawValue":"S/M","LocalValue":"S/M","Description":"","Mandatory":"1","Searchable":"0","Optional":"0","Feature":{"ID":"17542","Sign":"","Measure":{"ID":"29","Sign":"","Signs":{"ID":"","_":"","Language":"FI"}},"Name":{"Value":"Hihnan koko","Language":"FI"}}},{"Localized":0,"ID":681964471,"LocalID":0,"Type":"dropdown","Value":"Rectangular","CategoryFeatureId":"85327","CategoryFeatureGroupID":"16293","SortNo":"155","PresentationValue":"Suorakulmainen","RawValue":"Rectangular","LocalValue":"Suorakulmainen","Description":"The external form","Mandatory":"1","Searchable":"0","Optional":"0","Feature":{"ID":"9397","Sign":"","Measure":{"ID":"29","Sign":"","Signs":{"ID":"","_":"","Language":"FI"}},"Name":{"Value":"Muoto","Language":"FI"}}},{"Localized":0,"ID":681964580,"LocalID":0,"Type":"range","Value":"130 - 200","CategoryFeatureId":"153740","CategoryFeatureGroupID":"16293","SortNo":"155","PresentationValue":"130 - 200 mm","RawValue":"130 - 200","LocalValue":"130 - 200","Description":"","Mandatory":"0","Searchable":"0","Optional":"0","Feature":{"ID":"17541","Sign":"","Measure":{"ID":"24","Sign":"","Signs":{"ID":"13815","_":"mm","Language":"FI"}},"Name":{"Value":"Ranteen koko","Language":"FI"}}},{"Localized":0,"ID":681964460,"LocalID":0,"Type":"dropdown","Value":"Smartwatch","CategoryFeatureId":"891356","CategoryFeatureGroupID":"16293","SortNo":"150","PresentationValue":"Älykello","RawValue":"Smartwatch","LocalValue":"Älykello","Description":"Under which category can the device be positioned in the market, e.g. camera phone.","Mandatory":"1","Searchable":"1","Optional":"0","Feature":{"ID":"9021","Sign":"","Measure":{"ID":"29","Sign":"","Signs":{"ID":"","_":"","Language":"FI"}},"Name":{"Value":"Asema markkinoilla","Language":"FI"}}},{"Localized":0,"ID":681964671,"LocalID":0,"Type":"dropdown","Value":"40","CategoryFeatureId":"595046","CategoryFeatureGroupID":"16293","SortNo":"145","PresentationValue":"40 mm","RawValue":"40","LocalValue":"40","Description":"","Mandatory":"1","Searchable":"1","Optional":"0","Feature":{"ID":"42415","Sign":"","Measure":{"ID":"24","Sign":"","Signs":{"ID":"13815","_":"mm","Language":"FI"}},"Name":{"Value":"Kellon kuoren koko","Language":"FI"}}},{"Localized":0,"ID":681964676,"LocalID":0,"Type":"multi_dropdown","Value":"Biege","CategoryFeatureId":"595045","CategoryFeatureGroupID":"16293","SortNo":"90","PresentationValue":"Beige","RawValue":"Biege","LocalValue":"Beige","Description":"","Mandatory":"1","Searchable":"1","Optional":"0","Feature":{"ID":"42417","Sign":"","Measure":{"ID":"29","Sign":"","Signs":{"ID":"","_":"","Language":"FI"}},"Name":{"Value":"Kellon kuoren väri","Language":"FI"}}},{"Localized":0,"ID":681964680,"LocalID":0,"Type":"dropdown","Value":"Aluminium","CategoryFeatureId":"595044","CategoryFeatureGroupID":"16293","SortNo":"89","PresentationValue":"Alumiini","RawValue":"Aluminium","LocalValue":"Alumiini","Description":"","Mandatory":"1","Searchable":"1","Optional":"0","Feature":{"ID":"42418","Sign":"","Measure":{"ID":"29","Sign":"","Signs":{"ID":"","_":"","Language":"FI"}},"Name":{"Value":"Kellon kuoren materiaali","Language":"FI"}}},{"Localized":0,"ID":681964496,"LocalID":0,"Type":"multi_dropdown","Value":"Beige","CategoryFeatureId":"85301","CategoryFeatureGroupID":"16293","SortNo":"80","PresentationValue":"Beige","RawValue":"Beige","LocalValue":"Beige","Description":"The colour of the band","Mandatory":"1","Searchable":"1","Optional":"0","Feature":{"ID":"11025","Sign":"","Measure":{"ID":"29","Sign":"","Signs":{"ID":"","_":"","Language":"FI"}},"Name":{"Value":"Band-väri","Language":"FI"}}},{"Localized":0,"ID":681964439,"LocalID":0,"Type":"dropdown","Value":"Water resistant,Waterproof","CategoryFeatureId":"94550","CategoryFeatureGroupID":"16293","SortNo":"0","PresentationValue":"Vedenkestävä, Vesitiivis","RawValue":"Water resistant,Waterproof","LocalValue":"Vedenkestävä, Vesitiivis","Description":"Physical effects from which the product is protected e.g. water resistant","Mandatory":"0","Searchable":"0","Optional":"0","Feature":{"ID":"8072","Sign":"","Measure":{"ID":"29","Sign":"","Signs":{"ID":"","_":"","Language":"FI"}},"Name":{"Value":"Suojaustoiminnot","Language":"FI"}}},{"Localized":0,"ID":681964589,"LocalID":0,"Type":"y_n","Value":"Y","CategoryFeatureId":"140699","CategoryFeatureGroupID":"16293","SortNo":"0","PresentationValue":"Kyllä","RawValue":"Y","LocalValue":"Kyllä","Description":"","Mandatory":"0","Searchable":"0","Optional":"0","Feature":{"ID":"23080","Sign":"","Measure":{"ID":"26","Sign":"","Signs":{"ID":"","_":"","Language":"FI"}},"Name":{"Value":"Irroitettava hihna","Language":"FI"}}},{"Localized":0,"ID":681964649,"LocalID":0,"Type":"y_n","Value":"Y","CategoryFeatureId":"294711","CategoryFeatureGroupID":"16293","SortNo":"0","PresentationValue":"Kyllä","RawValue":"Y","LocalValue":"Kyllä","Description":"","Mandatory":"0","Searchable":"0","Optional":"0","Feature":{"ID":"37839","Sign":"","Measure":{"ID":"26","Sign":"","Signs":{"ID":"","_":"","Language":"FI"}},"Name":{"Value":"Magneettinen latausliitin","Language":"FI"}}},{"Localized":0,"ID":681964383,"LocalID":0,"Type":"numerical","Value":"50","CategoryFeatureId":"101561","CategoryFeatureGroupID":"16293","SortNo":"-7","PresentationValue":"50 m","RawValue":"50","LocalValue":"50","Description":"","Mandatory":"0","Searchable":"0","Optional":"0","Feature":{"ID":"5197","Sign":"","Measure":{"ID":"54","Sign":"","Signs":{"ID":"13841","_":"m","Language":"FI"}},"Name":{"Value":"Kosteus: Vedenpitävyys enintään (m)","Language":"FI"}}}]},{"ID":34567,"SortNo":"20","FeatureGroup":{"ID":"184","Name":{"Value":"Suorituskyky","Language":"FI"}},"Features":[{"Localized":0,"ID":681964322,"LocalID":0,"Type":"y_n","Value":"N","CategoryFeatureId":"94697","CategoryFeatureGroupID":"34567","SortNo":"800","PresentationValue":"Ei","RawValue":"N","LocalValue":"Ei","Description":"Taajuusmoduloitu ( Frequency-modulated = FM) radio antaa parhaimman vastaanoton kaikista radiomalleista. Kuulokkeita käytettäessä, se tuottaa stereo-tasoisen äänen.","Mandatory":"1","Searchable":"0","Optional":"0","Feature":{"ID":"2172","Sign":"","Measure":{"ID":"26","Sign":"","Signs":{"ID":"","_":"","Language":"FI"}},"Name":{"Value":"FM-radio","Language":"FI"}}},{"Localized":0,"ID":681964453,"LocalID":0,"Type":"multi_dropdown","Value":"iOS","CategoryFeatureId":"85310","CategoryFeatureGroupID":"34567","SortNo":"600","PresentationValue":"iOS","RawValue":"iOS","LocalValue":"iOS","Description":"The operating systems e.g. Android","Mandatory":"0","Searchable":"0","Optional":"0","Feature":{"ID":"8956","Sign":"","Measure":{"ID":"29","Sign":"","Signs":{"ID":"","_":"","Language":"FI"}},"Name":{"Value":"Tuetut käyttöjärjestelmät","Language":"FI"}}},{"Localized":0,"ID":681964355,"LocalID":0,"Type":"dropdown","Value":"watchOS 11","CategoryFeatureId":"85311","CategoryFeatureGroupID":"34567","SortNo":"590","PresentationValue":"watchOS 11","RawValue":"watchOS 11","LocalValue":"watchOS 11","Description":"Type of operating system on a device e.g. IOS on Apple devices","Mandatory":"0","Searchable":"0","Optional":"0","Feature":{"ID":"3233","Sign":"","Measure":{"ID":"29","Sign":"","Signs":{"ID":"","_":"","Language":"FI"}},"Name":{"Value":"Käyttöjärjestelmä asennettu","Language":"FI"}}},{"Localized":0,"ID":681964415,"LocalID":0,"Type":"numerical","Value":"32","CategoryFeatureId":"85308","CategoryFeatureGroupID":"34567","SortNo":"490","PresentationValue":"32 GB","RawValue":"32","LocalValue":"32","Description":"","Mandatory":"0","Searchable":"0","Optional":"0","Feature":{"ID":"6791","Sign":"","Measure":{"ID":"20","Sign":"","Signs":{"ID":"13811","_":"GB","Language":"FI"}},"Name":{"Value":"Flash-muisti","Language":"FI"}}},{"Localized":0,"ID":681964252,"LocalID":0,"Type":"dropdown","Value":"Apple","CategoryFeatureId":"85321","CategoryFeatureGroupID":"34567","SortNo":"450","PresentationValue":"Apple","RawValue":"Apple","LocalValue":"Apple","Description":"The manufacturer that produced the processor.","Mandatory":"0","Searchable":"0","Optional":"0","Feature":{"ID":"1013","Sign":"","Measure":{"ID":"29","Sign":"","Signs":{"ID":"","_":"","Language":"FI"}},"Name":{"Value":"Suoritinvalmistaja","Language":"FI"}}},{"Localized":0,"ID":681964197,"LocalID":0,"Type":"dropdown","Value":"S8","CategoryFeatureId":"85323","CategoryFeatureGroupID":"34567","SortNo":"448","PresentationValue":"S8","RawValue":"S8","LocalValue":"S8","Description":"The model number for the processor in a computer.","Mandatory":"0","Searchable":"0","Optional":"0","Feature":{"ID":"47","Sign":"","Measure":{"ID":"29","Sign":"","Signs":{"ID":"","_":"","Language":"FI"}},"Name":{"Value":"Prosessorimalli","Language":"FI"}}},{"Localized":0,"ID":681964405,"LocalID":0,"Type":"numerical","Value":"2","CategoryFeatureId":"109757","CategoryFeatureGroupID":"34567","SortNo":"442","PresentationValue":"2","RawValue":"2","LocalValue":"2","Description":"The number of central processing units ('cores') in a processor. Some processors have 1 core","Mandatory":"0","Searchable":"0","Optional":"0","Feature":{"ID":"6089","Sign":"","Measure":{"ID":"29","Sign":"","Signs":{"ID":"","_":"","Language":"FI"}},"Name":{"Value":"Prosessorin ytimet","Language":"FI"}}},{"Localized":0,"ID":681964392,"LocalID":0,"Type":"y_n","Value":"Y","CategoryFeatureId":"270638","CategoryFeatureGroupID":"34567","SortNo":"440","PresentationValue":"Kyllä","RawValue":"Y","LocalValue":"Kyllä","Description":"The use of processors that have datapath widths","Mandatory":"0","Searchable":"0","Optional":"0","Feature":{"ID":"6088","Sign":"","Measure":{"ID":"26","Sign":"","Signs":{"ID":"","_":"","Language":"FI"}},"Name":{"Value":"64-bittinen tietojenkäsittely","Language":"FI"}}},{"Localized":0,"ID":681964255,"LocalID":0,"Type":"y_n","Value":"Y","CategoryFeatureId":"85355","CategoryFeatureGroupID":"34567","SortNo":"50","PresentationValue":"Kyllä","RawValue":"Y","LocalValue":"Kyllä","Description":"Microphone that is found inside the product.","Mandatory":"1","Searchable":"1","Optional":"0","Feature":{"ID":"1025","Sign":"","Measure":{"ID":"26","Sign":"","Signs":{"ID":"","_":"","Language":"FI"}},"Name":{"Value":"Kiinteä mikrofoni","Language":"FI"}}},{"Localized":0,"ID":681964336,"LocalID":0,"Type":"y_n","Value":"Y","CategoryFeatureId":"85365","CategoryFeatureGroupID":"34567","SortNo":"45","PresentationValue":"Kyllä","RawValue":"Y","LocalValue":"Kyllä","Description":"The device contains speaker(s) to produce sound.","Mandatory":"1","Searchable":"1","Optional":"0","Feature":{"ID":"2433","Sign":"","Measure":{"ID":"26","Sign":"","Signs":{"ID":"","_":"","Language":"FI"}},"Name":{"Value":"Sisäiset kaiuttimet","Language":"FI"}}},{"Localized":0,"ID":681964444,"LocalID":0,"Type":"y_n","Value":"N","CategoryFeatureId":"95509","CategoryFeatureGroupID":"34567","SortNo":"30","PresentationValue":"Ei","RawValue":"N","LocalValue":"Ei","Description":"Tuotessa on integroitu kamera.","Mandatory":"1","Searchable":"1","Optional":"0","Feature":{"ID":"8074","Sign":"","Measure":{"ID":"26","Sign":"","Signs":{"ID":"","_":"","Language":"FI"}},"Name":{"Value":"Sisäänrakennettu kamera","Language":"FI"}}},{"Localized":0,"ID":681964691,"LocalID":0,"Type":"y_n","Value":"Y","CategoryFeatureId":"926813","CategoryFeatureGroupID":"34567","SortNo":"5","PresentationValue":"Kyllä","RawValue":"Y","LocalValue":"Kyllä","Description":"","Mandatory":"0","Searchable":"0","Optional":"0","Feature":{"ID":"45953","Sign":"","Measure":{"ID":"26","Sign":"","Signs":{"ID":"","_":"","Language":"FI"}},"Name":{"Value":"Onnettomuuden tunnistus","Language":"FI"}}},{"Localized":0,"ID":681964659,"LocalID":0,"Type":"y_n","Value":"Y","CategoryFeatureId":"926814","CategoryFeatureGroupID":"34567","SortNo":"4","PresentationValue":"Kyllä","RawValue":"Y","LocalValue":"Kyllä","Description":"","Mandatory":"0","Searchable":"0","Optional":"0","Feature":{"ID":"39896","Sign":"","Measure":{"ID":"26","Sign":"","Signs":{"ID":"","_":"","Language":"FI"}},"Name":{"Value":"Putoamisen tunnistus","Language":"FI"}}},{"Localized":0,"ID":681964693,"LocalID":0,"Type":"y_n","Value":"Y","CategoryFeatureId":"967684","CategoryFeatureGroupID":"34567","SortNo":"0","PresentationValue":"Kyllä","RawValue":"Y","LocalValue":"Kyllä","Description":"","Mandatory":"0","Searchable":"0","Optional":"0","Feature":{"ID":"48322","Sign":"","Measure":{"ID":"26","Sign":"","Signs":{"ID":"","_":"","Language":"FI"}},"Name":{"Value":"Äänen seuranta","Language":"FI"}}},{"Localized":0,"ID":681964695,"LocalID":0,"Type":"y_n","Value":"Y","CategoryFeatureId":"967685","CategoryFeatureGroupID":"34567","SortNo":"0","PresentationValue":"Kyllä","RawValue":"Y","LocalValue":"Kyllä","Description":"","Mandatory":"0","Searchable":"0","Optional":"0","Feature":{"ID":"48323","Sign":"","Measure":{"ID":"26","Sign":"","Signs":{"ID":"","_":"","Language":"FI"}},"Name":{"Value":"Palautus","Language":"FI"}}}]},{"ID":26690,"SortNo":"12","FeatureGroup":{"ID":"185","Name":{"Value":"Ominaisuudet","Language":"FI"}},"Features":[{"Localized":0,"ID":681964687,"LocalID":0,"Type":"dropdown","Value":"Accessibility Shortcut,AssistiveTouch,Audio Volume Balance,Auto Transcription,Auto-Answer Calls,Bold Text,Button Click Speed,Color Filters,Hourly Chimes,Increase Contrast,Live Speech,Mono Audio,On/Off Labels,Personal Voice,RTT Support,Reduce Motion,Reduce Transparency,Taptic Time,Text Size,Touch Accommodations,Type to Siri,VoiceOver,Zoom","CategoryFeatureId":"967686","CategoryFeatureGroupID":"26690","SortNo":"1500","PresentationValue":"Accessibility Shortcut, AssistiveTouch, Audio Volume Balance, Auto Transcription, Automaattinen puhelunvastauksentoiminto, Bold Text, Button Click Speed, Color Filters, Hourly Chimes, Increase Contrast, Live Speech, Mono Audio, On/Off Labels, Personal Voice, RTT Support, Reduce Motion, Reduce Transparency, Taptic Time, Text Size, Touch Accommodations, Type to Siri, VoiceOver, Zoomaus","RawValue":"Accessibility Shortcut,AssistiveTouch,Audio Volume Balance,Auto Transcription,Auto-Answer Calls,Bold Text,Button Click Speed,Color Filters,Hourly Chimes,Increase Contrast,Live Speech,Mono Audio,On/Off Labels,Personal Voice,RTT Support,Reduce Motion,Reduce Transparency,Taptic Time,Text Size,Touch Accommodations,Type to Siri,VoiceOver,Zoom","LocalValue":"Accessibility Shortcut, AssistiveTouch, Audio Volume Balance, Auto Transcription, Automaattinen puhelunvastauksentoiminto, Bold Text, Button Click Speed, Color Filters, Hourly Chimes, Increase Contrast, Live Speech, Mono Audio, On/Off Labels, Personal Voice, RTT Support, Reduce Motion, Reduce Transparency, Taptic Time, Text Size, Touch Accommodations, Type to Siri, VoiceOver, Zoomaus","Description":"","Mandatory":"0","Searchable":"0","Optional":"0","Feature":{"ID":"43091","Sign":"","Measure":{"ID":"29","Sign":"","Signs":{"ID":"","_":"","Language":"FI"}},"Name":{"Value":"Esteettömyysominaisuudet","Language":"FI"}}},{"Localized":0,"ID":681964409,"LocalID":0,"Type":"y_n","Value":"Y","CategoryFeatureId":"122840","CategoryFeatureGroupID":"26690","SortNo":"1000","PresentationValue":"Kyllä","RawValue":"Y","LocalValue":"Kyllä","Description":"","Mandatory":"1","Searchable":"0","Optional":"0","Feature":{"ID":"6702","Sign":"","Measure":{"ID":"26","Sign":"","Signs":{"ID":"","_":"","Language":"FI"}},"Name":{"Value":"Sykemittari","Language":"FI"}}},{"Localized":0,"ID":681964639,"LocalID":0,"Type":"multi_dropdown","Value":"Optical","CategoryFeatureId":"270640","CategoryFeatureGroupID":"26690","SortNo":"997","PresentationValue":"Optinen","RawValue":"Optical","LocalValue":"Optinen","Description":"","Mandatory":"0","Searchable":"0","Optional":"0","Feature":{"ID":"37164","Sign":"","Measure":{"ID":"29","Sign":"","Signs":{"ID":"","_":"","Language":"FI"}},"Name":{"Value":"Sydämensyketunnistimen tyyppi","Language":"FI"}}},{"Localized":0,"ID":681964480,"LocalID":0,"Type":"y_n","Value":"Y","CategoryFeatureId":"85349","CategoryFeatureGroupID":"26690","SortNo":"750","PresentationValue":"Kyllä","RawValue":"Y","LocalValue":"Kyllä","Description":"","Mandatory":"0","Searchable":"0","Optional":"0","Feature":{"ID":"9731","Sign":"","Measure":{"ID":"26","Sign":"","Signs":{"ID":"","_":"","Language":"FI"}},"Name":{"Value":"Kiihtyvyysmittari","Language":"FI"}}},{"Localized":0,"ID":681964485,"LocalID":0,"Type":"y_n","Value":"Y","CategoryFeatureId":"122839","CategoryFeatureGroupID":"26690","SortNo":"730","PresentationValue":"Kyllä","RawValue":"Y","LocalValue":"Kyllä","Description":"","Mandatory":"0","Searchable":"0","Optional":"0","Feature":{"ID":"9732","Sign":"","Measure":{"ID":"26","Sign":"","Signs":{"ID":"","_":"","Language":"FI"}},"Name":{"Value":"Gyroskooppi","Language":"FI"}}},{"Localized":0,"ID":681964633,"LocalID":0,"Type":"y_n","Value":"Y","CategoryFeatureId":"257982","CategoryFeatureGroupID":"26690","SortNo":"600","PresentationValue":"Kyllä","RawValue":"Y","LocalValue":"Kyllä","Description":"","Mandatory":"0","Searchable":"0","Optional":"0","Feature":{"ID":"36666","Sign":"","Measure":{"ID":"29","Sign":"","Signs":{"ID":"","_":"","Language":"FI"}},"Name":{"Value":"Aktiivisuuden seuraaja","Language":"FI"}}},{"Localized":0,"ID":681964316,"LocalID":0,"Type":"y_n","Value":"Y","CategoryFeatureId":"85326","CategoryFeatureGroupID":"26690","SortNo":"10","PresentationValue":"Kyllä","RawValue":"Y","LocalValue":"Kyllä","Description":"","Mandatory":"0","Searchable":"0","Optional":"0","Feature":{"ID":"1901","Sign":"","Measure":{"ID":"26","Sign":"","Signs":{"ID":"","_":"","Language":"FI"}},"Name":{"Value":"Tekstiviestijärjestelmä (SMS)","Language":"FI"}}},{"Localized":0,"ID":681964662,"LocalID":0,"Type":"y_n","Value":"Y","CategoryFeatureId":"712542","CategoryFeatureGroupID":"26690","SortNo":"9","PresentationValue":"Kyllä","RawValue":"Y","LocalValue":"Kyllä","Description":"","Mandatory":"0","Searchable":"0","Optional":"0","Feature":{"ID":"39897","Sign":"","Measure":{"ID":"26","Sign":"","Signs":{"ID":"","_":"","Language":"FI"}},"Name":{"Value":"SOS-hälytystoiminto","Language":"FI"}}},{"Localized":0,"ID":681964447,"LocalID":0,"Type":"y_n","Value":"Y","CategoryFeatureId":"122838","CategoryFeatureGroupID":"26690","SortNo":"0","PresentationValue":"Kyllä","RawValue":"Y","LocalValue":"Kyllä","Description":"","Mandatory":"0","Searchable":"0","Optional":"0","Feature":{"ID":"8720","Sign":"","Measure":{"ID":"26","Sign":"","Signs":{"ID":"","_":"","Language":"FI"}},"Name":{"Value":"Ympäristön valotunnistin","Language":"FI"}}},{"Localized":0,"ID":681964602,"LocalID":0,"Type":"y_n","Value":"Y","CategoryFeatureId":"206767","CategoryFeatureGroupID":"26690","SortNo":"0","PresentationValue":"Kyllä","RawValue":"Y","LocalValue":"Kyllä","Description":"","Mandatory":"0","Searchable":"0","Optional":"0","Feature":{"ID":"23802","Sign":"","Measure":{"ID":"26","Sign":"","Signs":{"ID":"","_":"","Language":"FI"}},"Name":{"Value":"Sähköposti","Language":"FI"}}},{"Localized":0,"ID":681964612,"LocalID":0,"Type":"dropdown","Value":"Apple Siri","CategoryFeatureId":"234756","CategoryFeatureGroupID":"26690","SortNo":"0","PresentationValue":"Apple Siri","RawValue":"Apple Siri","LocalValue":"Apple Siri","Description":"Depending on the make of the device, a different application is pre-installed that can understand voice commands and complete tasks for a user, e.g. Apple Siri, Amazon Alexa.","Mandatory":"0","Searchable":"0","Optional":"0","Feature":{"ID":"31445","Sign":"","Measure":{"ID":"29","Sign":"","Signs":{"ID":"","_":"","Language":"FI"}},"Name":{"Value":"Virtuaaliavustaja","Language":"FI"}}},{"Localized":0,"ID":681964644,"LocalID":0,"Type":"y_n","Value":"Y","CategoryFeatureId":"270641","CategoryFeatureGroupID":"26690","SortNo":"0","PresentationValue":"Kyllä","RawValue":"Y","LocalValue":"Kyllä","Description":"","Mandatory":"0","Searchable":"0","Optional":"0","Feature":{"ID":"37165","Sign":"","Measure":{"ID":"26","Sign":"","Signs":{"ID":"","_":"","Language":"FI"}},"Name":{"Value":"Haptinen palaute","Language":"FI"}}},{"Localized":0,"ID":681964304,"LocalID":0,"Type":"y_n","Value":"Y","CategoryFeatureId":"317542","CategoryFeatureGroupID":"26690","SortNo":"0","PresentationValue":"Kyllä","RawValue":"Y","LocalValue":"Kyllä","Description":"Sisäänrakennettu elektroninen kompassi","Mandatory":"0","Searchable":"0","Optional":"0","Feature":{"ID":"1733","Sign":"","Measure":{"ID":"26","Sign":"","Signs":{"ID":"","_":"","Language":"FI"}},"Name":{"Value":"Sähkökäyttöinen kompassi","Language":"FI"}}},{"Localized":0,"ID":681964299,"LocalID":0,"Type":"y_n","Value":"Y","CategoryFeatureId":"891286","CategoryFeatureGroupID":"26690","SortNo":"0","PresentationValue":"Kyllä","RawValue":"Y","LocalValue":"Kyllä","Description":"Äänihälytykset saatavilla","Mandatory":"0","Searchable":"0","Optional":"0","Feature":{"ID":"1725","Sign":"","Measure":{"ID":"26","Sign":"","Signs":{"ID":"","_":"","Language":"FI"}},"Name":{"Value":"Äänihälytykset","Language":"FI"}}},{"Localized":0,"ID":681964572,"LocalID":0,"Type":"multi_dropdown","Value":"Cycling,Golf,Hiking,Rowing,Running,Skiing,Swimming,Walking,Yoga","CategoryFeatureId":"891321","CategoryFeatureGroupID":"26690","SortNo":"0","PresentationValue":"Pyöräily, Golf, Patikointi, Soutu, Juoksu, Hiihto, Uinti, Kävely, Yoga","RawValue":"Cycling,Golf,Hiking,Rowing,Running,Skiing,Swimming,Walking,Yoga","LocalValue":"Pyöräily, Golf, Patikointi, Soutu, Juoksu, Hiihto, Uinti, Kävely, Yoga","Description":"","Mandatory":"0","Searchable":"0","Optional":"0","Feature":{"ID":"17052","Sign":"","Measure":{"ID":"29","Sign":"","Signs":{"ID":"","_":"","Language":"FI"}},"Name":{"Value":"Suositeltu toiminto","Language":"FI"}}},{"Localized":0,"ID":681964428,"LocalID":0,"Type":"y_n","Value":"Y","CategoryFeatureId":"186993","CategoryFeatureGroupID":"26690","SortNo":"-3","PresentationValue":"Kyllä","RawValue":"Y","LocalValue":"Kyllä","Description":"","Mandatory":"0","Searchable":"0","Optional":"0","Feature":{"ID":"7608","Sign":"","Measure":{"ID":"29","Sign":"","Signs":{"ID":"","_":"","Language":"FI"}},"Name":{"Value":"Korkeusmittari","Language":"FI"}}}]},{"ID":10361,"SortNo":"10","FeatureGroup":{"ID":"35","Name":{"Value":"Verkko","Language":"FI"}},"Features":[{"Localized":0,"ID":681964608,"LocalID":0,"Type":"y_n","Value":"Y","CategoryFeatureId":"336994","CategoryFeatureGroupID":"10361","SortNo":"105","PresentationValue":"Kyllä","RawValue":"Y","LocalValue":"Kyllä","Description":"","Mandatory":"1","Searchable":"0","Optional":"0","Feature":{"ID":"24557","Sign":"","Measure":{"ID":"26","Sign":"","Signs":{"ID":"","_":"","Language":"FI"}},"Name":{"Value":"Mobiiliverkkoyhteys","Language":"FI"}}},{"Localized":0,"ID":681964667,"LocalID":0,"Type":"dropdown","Value":"4G","CategoryFeatureId":"336995","CategoryFeatureGroupID":"10361","SortNo":"104","PresentationValue":"4G","RawValue":"4G","LocalValue":"4G","Description":"","Mandatory":"0","Searchable":"0","Optional":"0","Feature":{"ID":"40629","Sign":"","Measure":{"ID":"29","Sign":"","Signs":{"ID":"","_":"","Language":"FI"}},"Name":{"Value":"Mobiiliverkon sukupolvi","Language":"FI"}}},{"Localized":0,"ID":681964567,"LocalID":0,"Type":"multi_dropdown","Value":"UMTS","CategoryFeatureId":"217809","CategoryFeatureGroupID":"10361","SortNo":"99","PresentationValue":"UMTS","RawValue":"UMTS","LocalValue":"UMTS","Description":"","Mandatory":"0","Searchable":"0","Optional":"0","Feature":{"ID":"16923","Sign":"","Measure":{"ID":"29","Sign":"","Signs":{"ID":"","_":"","Language":"FI"}},"Name":{"Value":"3G-standardit","Language":"FI"}}},{"Localized":0,"ID":681964557,"LocalID":0,"Type":"dropdown","Value":"LTE","CategoryFeatureId":"217810","CategoryFeatureGroupID":"10361","SortNo":"98","PresentationValue":"LTE","RawValue":"LTE","LocalValue":"LTE","Description":"","Mandatory":"0","Searchable":"0","Optional":"0","Feature":{"ID":"16922","Sign":"","Measure":{"ID":"29","Sign":"","Signs":{"ID":"","_":"","Language":"FI"}},"Name":{"Value":"4G-standardit","Language":"FI"}}},{"Localized":0,"ID":681964366,"LocalID":0,"Type":"y_n","Value":"Y","CategoryFeatureId":"94693","CategoryFeatureGroupID":"10361","SortNo":"-130","PresentationValue":"Kyllä","RawValue":"Y","LocalValue":"Kyllä","Description":"Global Positioning System (GPS) is a space-based satellite navigation system that provides location and time information in all weather conditions","Mandatory":"0","Searchable":"0","Optional":"0","Feature":{"ID":"3329","Sign":"","Measure":{"ID":"26","Sign":"","Signs":{"ID":"","_":"","Language":"FI"}},"Name":{"Value":"GPS (satelliitti)","Language":"FI"}}},{"Localized":0,"ID":681964512,"LocalID":0,"Type":"y_n","Value":"Y","CategoryFeatureId":"217813","CategoryFeatureGroupID":"10361","SortNo":"-135","PresentationValue":"Kyllä","RawValue":"Y","LocalValue":"Kyllä","Description":"","Mandatory":"0","Searchable":"0","Optional":"0","Feature":{"ID":"15618","Sign":"","Measure":{"ID":"26","Sign":"","Signs":{"ID":"","_":"","Language":"FI"}},"Name":{"Value":"GLONASS","Language":"FI"}}},{"Localized":0,"ID":681964617,"LocalID":0,"Type":"y_n","Value":"Y","CategoryFeatureId":"270635","CategoryFeatureGroupID":"10361","SortNo":"-140","PresentationValue":"Kyllä","RawValue":"Y","LocalValue":"Kyllä","Description":"","Mandatory":"0","Searchable":"0","Optional":"0","Feature":{"ID":"33685","Sign":"","Measure":{"ID":"26","Sign":"","Signs":{"ID":"","_":"","Language":"FI"}},"Name":{"Value":"Galileo","Language":"FI"}}},{"Localized":0,"ID":681964624,"LocalID":0,"Type":"y_n","Value":"Y","CategoryFeatureId":"270636","CategoryFeatureGroupID":"10361","SortNo":"-145","PresentationValue":"Kyllä","RawValue":"Y","LocalValue":"Kyllä","Description":"","Mandatory":"0","Searchable":"0","Optional":"0","Feature":{"ID":"33686","Sign":"","Measure":{"ID":"26","Sign":"","Signs":{"ID":"","_":"","Language":"FI"}},"Name":{"Value":"Quasi-Zenith Satellite System (QZSS)","Language":"FI"}}}]},{"ID":9989,"SortNo":"5","FeatureGroup":{"ID":"12","Name":{"Value":"Liitettävyys","Language":"FI"}},"Features":[{"Localized":0,"ID":681964209,"LocalID":0,"Type":"multi_dropdown","Value":"Wi-Fi 4 (802.11n)","CategoryFeatureId":"122837","CategoryFeatureGroupID":"9989","SortNo":"10000049","PresentationValue":"Wi-Fi 4 (802.11n)","RawValue":"Wi-Fi 4 (802.11n)","LocalValue":"Wi-Fi 4 (802.11n)","Description":"The type of wireless local area network (LAN). It can be ad-hoc","Mandatory":"0","Searchable":"0","Optional":"0","Feature":{"ID":"432","Sign":"","Measure":{"ID":"29","Sign":"","Signs":{"ID":"","_":"","Language":"FI"}},"Name":{"Value":"Wi-Fi-standardit","Language":"FI"}}},{"Localized":0,"ID":681964327,"LocalID":0,"Type":"y_n","Value":"Y","CategoryFeatureId":"94696","CategoryFeatureGroupID":"9989","SortNo":"10000045","PresentationValue":"Kyllä","RawValue":"Y","LocalValue":"Kyllä","Description":"Bluetooth on pienitehoinen radiotekniikka, joka on kehitetty korvaamaan nykyisin käytetyt kaapelit ja johdotn linkittämään tai liittämään elektronisia laitteita, kuten tietokoneita, tulostimia, sekä erilaisia ​​kannettavia laitteita kuten matkapuhelimia. Koska se käyttää radio-aallon yhteyytä, Bluetooth-laiteella on jatkuva yhteysä käyttämäänsä selaimeen. Tämä säästää käyttäjän aikaa esimerkiksi turhilta kirjautumisilta sähköposteja tai uutisia lukiessaani.","Mandatory":"0","Searchable":"0","Optional":"0","Feature":{"ID":"2183","Sign":"","Measure":{"ID":"26","Sign":"","Signs":{"ID":"","_":"","Language":"FI"}},"Name":{"Value":"Bluetooth","Language":"FI"}}},{"Localized":0,"ID":681964597,"LocalID":0,"Type":"y_n","Value":"N","CategoryFeatureId":"208481","CategoryFeatureGroupID":"9989","SortNo":"100079","PresentationValue":"Ei","RawValue":"N","LocalValue":"Ei","Description":"The device features a socket into which a USB cable can be plugged.","Mandatory":"1","Searchable":"1","Optional":"0","Feature":{"ID":"23798","Sign":"","Measure":{"ID":"26","Sign":"","Signs":{"ID":"","_":"","Language":"FI"}},"Name":{"Value":"USB-portti","Language":"FI"}}},{"Localized":0,"ID":681964491,"LocalID":0,"Type":"y_n","Value":"Y","CategoryFeatureId":"95622","CategoryFeatureGroupID":"9989","SortNo":"100","PresentationValue":"Kyllä","RawValue":"Y","LocalValue":"Kyllä","Description":"","Mandatory":"1","Searchable":"0","Optional":"0","Feature":{"ID":"10157","Sign":"","Measure":{"ID":"26","Sign":"","Signs":{"ID":"","_":"","Language":"FI"}},"Name":{"Value":"Lähialueen kommunikointi (NFC)","Language":"FI"}}},{"Localized":0,"ID":681964359,"LocalID":0,"Type":"y_n","Value":"Y","CategoryFeatureId":"94698","CategoryFeatureGroupID":"9989","SortNo":"50","PresentationValue":"Kyllä","RawValue":"Y","LocalValue":"Kyllä","Description":"Popular technology that allows an electronic device to exchange data or connect to the internet wirelessly using radio waves.","Mandatory":"1","Searchable":"1","Optional":"0","Feature":{"ID":"3239","Sign":"","Measure":{"ID":"26","Sign":"","Signs":{"ID":"","_":"","Language":"FI"}},"Name":{"Value":"Wi-Fi","Language":"FI"}}},{"Localized":0,"ID":681964266,"LocalID":0,"Type":"dropdown","Value":"5.3","CategoryFeatureId":"85356","CategoryFeatureGroupID":"9989","SortNo":"45","PresentationValue":"5.3","RawValue":"5.3","LocalValue":"5.3","Description":"The type of bluetooth technology in the product e.g. Bluetooth Smart (v4.0).","Mandatory":"1","Searchable":"1","Optional":"0","Feature":{"ID":"1208","Sign":"","Measure":{"ID":"29","Sign":"","Signs":{"ID":"","_":"","Language":"FI"}},"Name":{"Value":"Bluetooth-versio","Language":"FI"}}},{"Localized":0,"ID":681964371,"LocalID":0,"Type":"dropdown","Value":"Bluetooth","CategoryFeatureId":"85350","CategoryFeatureGroupID":"9989","SortNo":"25","PresentationValue":"Bluetooth","RawValue":"Bluetooth","LocalValue":"Bluetooth","Description":"How headphones connect to a device e.g. wirelessly or via a cable and connector.","Mandatory":"1","Searchable":"0","Optional":"0","Feature":{"ID":"4163","Sign":"","Measure":{"ID":"29","Sign":"","Signs":{"ID":"","_":"","Language":"FI"}},"Name":{"Value":"Kuulokkeiden liitettävyys","Language":"FI"}}}]},{"ID":9984,"SortNo":"4","FeatureGroup":{"ID":"27","Name":{"Value":"Virranhallinta","Language":"FI"}},"Features":[{"Localized":0,"ID":681964242,"LocalID":0,"Type":"dropdown","Value":"Built-in battery","CategoryFeatureId":"319967","CategoryFeatureGroupID":"9984","SortNo":"105","PresentationValue":"Sisäänrakennettu akku","RawValue":"Built-in battery","LocalValue":"Sisäänrakennettu akku","Description":"Kuvaus tuotteen mukana tulevasta akusta.","Mandatory":"1","Searchable":"0","Optional":"0","Feature":{"ID":"908","Sign":"","Measure":{"ID":"29","Sign":"","Signs":{"ID":"","_":"","Language":"FI"}},"Name":{"Value":"Akkutyyppi","Language":"FI"}}},{"Localized":0,"ID":681964293,"LocalID":0,"Type":"numerical","Value":"18","CategoryFeatureId":"271071","CategoryFeatureGroupID":"9984","SortNo":"75","PresentationValue":"18 h","RawValue":"18","LocalValue":"18","Description":"Akun käyttöikä tunteina. Mobile Mark ™ (2002) on standardi, jota käytetään usein vertailukohtana akun käyttöiässä. Joissakin tapauksissa akun käyttöikää voidaan pidentää lisäämällä ylimääräisiä akkuja.","Mandatory":"1","Searchable":"0","Optional":"0","Feature":{"ID":"1721","Sign":"","Measure":{"ID":"46","Sign":"","Signs":{"ID":"13834","_":"h","Language":"FI"}},"Name":{"Value":"Akun käyttöikä (maks.)","Language":"FI"}}},{"Localized":0,"ID":681964501,"LocalID":0,"Type":"y_n","Value":"Y","CategoryFeatureId":"133476","CategoryFeatureGroupID":"9984","SortNo":"0","PresentationValue":"Kyllä","RawValue":"Y","LocalValue":"Kyllä","Description":"","Mandatory":"0","Searchable":"0","Optional":"0","Feature":{"ID":"12148","Sign":"","Measure":{"ID":"26","Sign":"","Signs":{"ID":"","_":"","Language":"FI"}},"Name":{"Value":"Langaton lataaminen","Language":"FI"}}},{"Localized":0,"ID":681964656,"LocalID":0,"Type":"numerical","Value":"1.5","CategoryFeatureId":"295518","CategoryFeatureGroupID":"9984","SortNo":"0","PresentationValue":"1,5 h","RawValue":"1.5","LocalValue":"1,5","Description":"","Mandatory":"0","Searchable":"0","Optional":"0","Feature":{"ID":"37893","Sign":"","Measure":{"ID":"46","Sign":"","Signs":{"ID":"13834","_":"h","Language":"FI"}},"Name":{"Value":"Pariston uudelleenlatausaika (80 %)","Language":"FI"}}}]},{"ID":14029,"SortNo":"2","FeatureGroup":{"ID":"28","Name":{"Value":"Ympäristöolosuhteet","Language":"FI"}},"Features":[{"Localized":0,"ID":681964260,"LocalID":0,"Type":"range","Value":"0 - 35","CategoryFeatureId":"129940","CategoryFeatureGroupID":"14029","SortNo":"20","PresentationValue":"0 - 35 °C","RawValue":"0 - 35","LocalValue":"0 - 35","Description":"The minimum and maximum temperatures at which the product can be safely operated.","Mandatory":"0","Searchable":"0","Optional":"0","Feature":{"ID":"1112","Sign":"","Measure":{"ID":"65","Sign":"","Signs":{"ID":"13851","_":"°C","Language":"FI"}},"Name":{"Value":"Käyttölämpötila (T-T)","Language":"FI"}}},{"Localized":0,"ID":681964236,"LocalID":0,"Type":"range","Value":"-20 - 45","CategoryFeatureId":"129941","CategoryFeatureGroupID":"14029","SortNo":"18","PresentationValue":"-20 - 45 °C","RawValue":"-20 - 45","LocalValue":"-20 - 45","Description":"The minimum and maximum temperatures at which the product can be safely stored.","Mandatory":"0","Searchable":"0","Optional":"0","Feature":{"ID":"757","Sign":"","Measure":{"ID":"65","Sign":"","Signs":{"ID":"13851","_":"°C","Language":"FI"}},"Name":{"Value":"Varastointilämpötila","Language":"FI"}}},{"Localized":0,"ID":681964230,"LocalID":0,"Type":"range","Value":"5 - 90","CategoryFeatureId":"129942","CategoryFeatureGroupID":"14029","SortNo":"15","PresentationValue":"5 - 90%","RawValue":"5 - 90","LocalValue":"5 - 90","Description":"","Mandatory":"0","Searchable":"0","Optional":"0","Feature":{"ID":"703","Sign":"","Measure":{"ID":"64","Sign":"","Signs":{"ID":"47","_":"%","Language":"EN"}},"Name":{"Value":"Käytön suhteellinen kosteus (H-H)","Language":"FI"}}},{"Localized":0,"ID":681964225,"LocalID":0,"Type":"range","Value":"0 - 3000","CategoryFeatureId":"129944","CategoryFeatureGroupID":"14029","SortNo":"10","PresentationValue":"0 - 3000 m","RawValue":"0 - 3000","LocalValue":"0 - 3000","Description":"","Mandatory":"0","Searchable":"0","Optional":"0","Feature":{"ID":"667","Sign":"","Measure":{"ID":"54","Sign":"","Signs":{"ID":"13841","_":"m","Language":"FI"}},"Name":{"Value":"Käyttökorkeus","Language":"FI"}}}]},{"ID":9976,"SortNo":"-3","FeatureGroup":{"ID":"14","Name":{"Value":"Paino ja mitat","Language":"FI"}},"Features":[{"Localized":0,"ID":681964282,"LocalID":0,"Type":"numerical","Value":"34","CategoryFeatureId":"85294","CategoryFeatureGroupID":"9976","SortNo":"100","PresentationValue":"34 mm","RawValue":"34","LocalValue":"34","Description":"The measurement or extent of something from side to side.","Mandatory":"0","Searchable":"0","Optional":"0","Feature":{"ID":"1649","Sign":"","Measure":{"ID":"24","Sign":"","Signs":{"ID":"13815","_":"mm","Language":"FI"}},"Name":{"Value":"Tuotteen leveys","Language":"FI"}}},{"Localized":0,"ID":681964290,"LocalID":0,"Type":"numerical","Value":"40","CategoryFeatureId":"85299","CategoryFeatureGroupID":"9976","SortNo":"99","PresentationValue":"40 mm","RawValue":"40","LocalValue":"40","Description":"The distance from the front to the back of something.","Mandatory":"0","Searchable":"0","Optional":"0","Feature":{"ID":"1650","Sign":"","Measure":{"ID":"24","Sign":"","Signs":{"ID":"13815","_":"mm","Language":"FI"}},"Name":{"Value":"Tuotteen syvyys","Language":"FI"}}},{"Localized":0,"ID":681964345,"LocalID":0,"Type":"numerical","Value":"10.7","CategoryFeatureId":"85296","CategoryFeatureGroupID":"9976","SortNo":"95","PresentationValue":"1,07 cm","RawValue":"10.7","LocalValue":"1,07","Description":"The distance through an object","Mandatory":"0","Searchable":"0","Optional":"0","Feature":{"ID":"2757","Sign":"","Measure":{"ID":"24","Sign":"","Signs":{"ID":"13815","_":"mm","Language":"FI"}},"Name":{"Value":"Paksuus","Language":"FI"}}},{"Localized":0,"ID":681964202,"LocalID":0,"Type":"numerical","Value":"27.8","CategoryFeatureId":"85297","CategoryFeatureGroupID":"9976","SortNo":"94","PresentationValue":"27,8 g","RawValue":"27.8","LocalValue":"27,8","Description":"Tuotteen paino ilman pakkausta (Nettopaino). Jos mahdollista, nettopaino ilmaistaan vakiovarusteineet ja tarvikkeet mukaan laskettuna. Huomaa, että joskus valmistaja antaa kaupallisen tulkinnan tuotteen painosta, jättämällä pois  lisävarusteiden ja / tai tarvikkeiden painon.","Mandatory":"0","Searchable":"0","Optional":"0","Feature":{"ID":"94","Sign":"","Measure":{"ID":"38","Sign":"","Signs":{"ID":"13826","_":"g","Language":"FI"}},"Name":{"Value":"Paino","Language":"FI"}}}]},{"ID":15273,"SortNo":"-5","FeatureGroup":{"ID":"116","Name":{"Value":"Pakkauksen sisältö","Language":"FI"}},"Features":[{"Localized":0,"ID":681964310,"LocalID":0,"Type":"dropdown","Value":"USB Type-C","CategoryFeatureId":"85346","CategoryFeatureGroupID":"15273","SortNo":"0","PresentationValue":"USB Type-C","RawValue":"USB Type-C","LocalValue":"USB Type-C","Description":"","Mandatory":"0","Searchable":"0","Optional":"0","Feature":{"ID":"1830","Sign":"","Measure":{"ID":"29","Sign":"","Signs":{"ID":"","_":"","Language":"FI"}},"Name":{"Value":"Sisältää johdot","Language":"FI"}}}]},{"ID":75914,"SortNo":"-8","FeatureGroup":{"ID":"279","Name":{"Value":"Kestävyys","Language":"FI"}},"Features":[{"Localized":0,"ID":681964683,"LocalID":0,"Type":"multi_dropdown","Value":"Arsenic,BFR,Mercury (element),PVC","CategoryFeatureId":"624756","CategoryFeatureGroupID":"75914","SortNo":"0","PresentationValue":"Arsenikki, BFR, Elohopea, PVC-muovi","RawValue":"Arsenic,BFR,Mercury (element),PVC","LocalValue":"Arsenikki, BFR, Elohopea, PVC-muovi","Description":"","Mandatory":"0","Searchable":"0","Optional":"0","Feature":{"ID":"42516","Sign":"","Measure":{"ID":"29","Sign":"","Signs":{"ID":"","_":"","Language":"FI"}},"Name":{"Value":"Ei sisällä","Language":"FI"}}}]}],"FeatureLogos":[],"ReasonsToBuy":[],"Reviews":[],"ProductRelated":[],"CatalogObjectCloud":{},"Variants":[],"ProductStory":[],"Dictionary":{"model_name":"Tuotenimi","desc":"Kuvaus","ean_code":"EAN/UPC-koodi","flash360":"3D-esittely","demo_msg_part3":"Jos sinulla ei ole Icecat-k&auml;ytt&auml;j&auml;tili&auml;, ole hyv&auml; ja rekister&ouml;idy maksutta t&auml;&auml;lt&auml;.","repairability_index":"Repairability index","zoom_panel_init":"Alkuper&auml;inen koko","cat_name":"Ryhm&auml;","product_family":"Tuoteperhe","back_to_top":"Takaisin yl&ouml;s","zoom_panel_out":"Loitonna","specs":"Tekniset tiedot","eu_product_fiche":"EU-tuoteseloste","reviews_head_name":"Arvostelut","pdf_specs":"Tuote-esite","zoom_panel_in":"L&auml;henn&auml;","html_content":"","release_date":"Julkaisup&auml;iv&auml;","demo_msg_part1":"K&auml;yt&auml;t t&auml;ll&auml; hetkell&auml; demo-k&auml;ytt&auml;j&auml;tili&auml;. Ole hyv&auml; ja k&auml;yt&auml; omaa Icecat-k&auml;ytt&auml;j&auml;tili&auml;si.","demo_insert_desc":"This is a demo of a seamless insert of an Icecat LIVE product data-sheet in your website. Imagine that this responsive data-sheet is included in the product page of your webshop.","pdf_url":"K&auml;ytt&ouml;opas","prod_code":"Tuotekoodi","supplier_name":"Tuotemerkki","video":"Video","reasons_to_buy":"Syitä ostaa","marketing_text":"Kuvaus","options_head_name":"Vaihtoehdot","product_series":"Tuotesarja","demo_msg_part2":"Icecat k&auml;ytt&auml;j&auml;tunnuksesi","link_integrate_desk":"Kuinka integroida Icecat LIVE JavaScript.","zoom_panel_dragg":"Hiirell&auml; vet&auml;minen","eu_energy_label":"EU-energiamerkintä"},"DemoAccount":false}}