{"msg":"OK","data":{"GeneralInfo":{"IcecatId":122445696,"ReleaseDate":"","EndOfLifeDate":"","Title":"Apple AirPods (4th generation) AirPods 4 Kuulokkeet Langaton In-ear Puhelut/Musiikki/Urheilu/Päivittäinen Bluetooth Valkoinen","TitleInfo":{"GeneratedIntTitle":"Apple AirPods (4th generation) AirPods 4","GeneratedLocalTitle":{"Value":"Apple AirPods (4th generation) AirPods 4 Kuulokkeet Langaton In-ear Puhelut/Musiikki/Urheilu/Päivittäinen Bluetooth Valkoinen","Language":"FI"},"BrandLocalTitle":{"Value":"","Language":"FI"}},"Brand":"Apple","BrandID":"9","BrandLogo":"https://inishop.com/img/brand/thumb/9_d14b59ec69c0456b8775a7210bbba1e9.jpg","BrandInfo":{"BrandName":"Apple","BrandLocalName":"","BrandLogo":"https://inishop.com/img/brand/thumb/9_d14b59ec69c0456b8775a7210bbba1e9.jpg"},"ProductName":"AirPods 4","ProductNameInfo":{"ProductIntName":"AirPods 4","ProductLocalName":{"Value":"","Language":"FI"}},"BrandPartCode":"MXP63DN/A","GTIN":["0195949688485","195949688485"],"Category":{"CategoryID":"1637","Name":{"Value":"Kuulokkeet ja kuulokemikrofonit","Language":"FI"}},"ProductFamily":{"ProductFamilyID":"76951","Value":"AirPods (4th generation)","Language":"EN"},"ProductSeries":{"SeriesID":"0"},"Description":{"ID":"104037797","LongDesc":"Esittelyssä AirPods 4. Kaksi mallia, jotka on suunniteltu uudelleen poikkeuksellista istuvuutta ja äänentoistoa ajatellen. Saatavilla aktiivisella melunvaimennuksella – ensi kertaa tässä mallissa. Tehokas H2-siru tarjoaa selkeämmät puhelut puheäänen eristyksen ansiosta sekä uuden tavan hoitaa asioita Sirin kanssa ilman käsiä. Alaviite Räätälöity tilaääni ja dynaaminen pään liikkeiden seuranta tuottavat äänen kaikkialle ympärillesi. Alaviite ⁴ Pölyn-, hien- ja vedenkestävät (IP54-luokitus). Alaviite USB-C-lataus ja jopa 30 tuntia kuunteluaikaa koteloa käytettäessä.","LongProductName":"Apple Siri, Bluetooth 5.3, H2, IP54, USB-C","MiddleDesc":"","Disclaimer":"","ManualPDFURL":"","ManualPDFSize":"0","LeafletPDFURL":"","PDFSize":"0","URL":"https://www.apple.com/fi/shop/buy-airpods/airpods-4","WarrantyInfo":"","Updated":"2025-09-08 17:01:45","Language":"FI"},"SummaryDescription":{"ShortSummaryDescription":"Apple AirPods (4th generation) AirPods 4, Langaton, Puhelut/Musiikki/Urheilu/Päivittäinen, Kuulokkeet, Valkoinen","LongSummaryDescription":"Apple AirPods (4th generation) AirPods 4. Tuotetyyppi: Kuulokkeet. Yhteysteknologia: Langaton, Bluetooth. Suositeltu käyttö: Puhelut/Musiikki/Urheilu/Päivittäinen, Tuotteen väri: Valkoinen"},"BulletPoints":{},"GeneratedBulletPoints":{"Language":"FI","Values":["Valkoinen Puhelut/Musiikki/Urheilu/Päivittäinen In-ear Kuulokkeet","Langaton Bluetooth 5.3","Korvan sisäinen Korvanapit","Mikrofonityyppi: Kiinteä","Sisäänrakennettu akku"]},"GTINs":[{"GTIN":"0195949688485","IsApproved":true},{"GTIN":"195949688485","IsApproved":true},{"GTIN":"5715063682838","IsApproved":false}]},"Image":{"HighPic":"https://inishop.com/img/gallery/cac6c58e446bb45ee78b5a622f60db96c9428d8b.jpg","HighPicSize":"895274","HighPicHeight":"2846","HighPicWidth":"3041","LowPic":"https://inishop.com/img/gallery_lows/1a965333a832f3a7a0dd211fc5986b4e2e81771d.jpg","LowPicSize":"11740","LowPicHeight":"187","LowPicWidth":"200","Pic500x500":"https://inishop.com/img/gallery_mediums/65a947873a37f8cbdf3ab43c651acc057c904358.jpg","Pic500x500Size":"46542","Pic500x500Height":"468","Pic500x500Width":"500","ThumbPic":"https://inishop.com/img/gallery_thumbs/6d1d6b82e127aff3891a308be779dcb272715ba0.jpg","ThumbPicSize":"3434"},"Multimedia":[],"Gallery":[{"ID":"95490860","LowPic":"https://inishop.com/img/gallery_lows/1a965333a832f3a7a0dd211fc5986b4e2e81771d.jpg","LowSize":"11740","LowHeight":"187","LowWidth":"200","ThumbPic":"https://inishop.com/img/gallery_thumbs/6d1d6b82e127aff3891a308be779dcb272715ba0.jpg","ThumbPicSize":"3434","Pic":"https://inishop.com/img/gallery/cac6c58e446bb45ee78b5a622f60db96c9428d8b.jpg","Size":"895274","PicHeight":"2846","PicWidth":"3041","Pic500x500":"https://inishop.com/img/gallery_mediums/65a947873a37f8cbdf3ab43c651acc057c904358.jpg","Pic500x500Size":"46542","Pic500x500Height":"468","Pic500x500Width":"500","No":"1","IsMain":"Y","Updated":"2025-04-25 10:31:57","IsPrivate":"0","Type":"ProductImage","Attributes":{"OriginalFileName":""}},{"ID":"95490861","LowPic":"https://inishop.com/img/gallery_lows/a920598e2d8e6153a7b534db8ff5732ce8ca7424.jpg","LowSize":"11589","LowHeight":"200","LowWidth":"193","ThumbPic":"https://inishop.com/img/gallery_thumbs/7ab1be091845d4367b64d7fc082e2b33f9237457.jpg","ThumbPicSize":"3214","Pic":"https://inishop.com/img/gallery/1b58e3a5084ff4d68f1d73f7868b091f3114cdde.jpg","Size":"655807","PicHeight":"2778","PicWidth":"2681","Pic500x500":"https://inishop.com/img/gallery_mediums/8fc0e018b90ac9a3e8c92096124f520f091535a8.jpg","Pic500x500Size":"43870","Pic500x500Height":"500","Pic500x500Width":"483","No":"2","IsMain":"N","Updated":"2025-04-25 10:32:03","IsPrivate":"0","Type":"ProductImage","Attributes":{"OriginalFileName":""}}],"FeaturesGroups":[{"ID":10774,"SortNo":"60","FeatureGroup":{"ID":"184","Name":{"Value":"Suorituskyky","Language":"FI"}},"Features":[{"Localized":0,"ID":683627950,"LocalID":0,"Type":"dropdown","Value":"Headset","CategoryFeatureId":"320952","CategoryFeatureGroupID":"10774","SortNo":"300","PresentationValue":"Kuulokkeet","RawValue":"Headset","LocalValue":"Kuulokkeet","Description":"The sub-category of the product.","Mandatory":"1","Searchable":"1","Optional":"0","Feature":{"ID":"14052","Sign":"","Measure":{"ID":"29","Sign":"","Signs":{"ID":"","_":"","Language":"FI"}},"Name":{"Value":"Tuotetyyppi","Language":"FI"}}},{"Localized":0,"ID":683627940,"LocalID":0,"Type":"dropdown","Value":"In-ear","CategoryFeatureId":"48583","CategoryFeatureGroupID":"10774","SortNo":"294","PresentationValue":"In-ear","RawValue":"In-ear","LocalValue":"In-ear","Description":"The way in which the device is worn.","Mandatory":"1","Searchable":"1","Optional":"0","Feature":{"ID":"8136","Sign":"","Measure":{"ID":"29","Sign":"","Signs":{"ID":"","_":"","Language":"FI"}},"Name":{"Value":"Käyttötapa","Language":"FI"}}},{"Localized":0,"ID":683627942,"LocalID":0,"Type":"dropdown","Value":"Calls/Music/Sport/Everyday","CategoryFeatureId":"320937","CategoryFeatureGroupID":"10774","SortNo":"291","PresentationValue":"Puhelut/Musiikki/Urheilu/Päivittäinen","RawValue":"Calls/Music/Sport/Everyday","LocalValue":"Puhelut/Musiikki/Urheilu/Päivittäinen","Description":"What the product should be used for","Mandatory":"1","Searchable":"1","Optional":"0","Feature":{"ID":"8480","Sign":"","Measure":{"ID":"29","Sign":"","Signs":{"ID":"","_":"","Language":"FI"}},"Name":{"Value":"Suositeltu käyttö","Language":"FI"}}},{"Localized":0,"ID":683627939,"LocalID":0,"Type":"dropdown","Value":"Binaural","CategoryFeatureId":"48578","CategoryFeatureGroupID":"10774","SortNo":"288","PresentationValue":"Kaksikanavainen","RawValue":"Binaural","LocalValue":"Kaksikanavainen","Description":"A headset is headphones combined with a microphone","Mandatory":"0","Searchable":"0","Optional":"0","Feature":{"ID":"8135","Sign":"","Measure":{"ID":"29","Sign":"","Signs":{"ID":"","_":"","Language":"FI"}},"Name":{"Value":"Kuulokkeiden tyyppi","Language":"FI"}}},{"Localized":0,"ID":683627924,"LocalID":0,"Type":"multi_dropdown","Value":"White","CategoryFeatureId":"41175","CategoryFeatureGroupID":"10774","SortNo":"280","PresentationValue":"Valkoinen","RawValue":"White","LocalValue":"Valkoinen","Description":"The colour e.g. red","Mandatory":"1","Searchable":"0","Optional":"0","Feature":{"ID":"1766","Sign":"","Measure":{"ID":"29","Sign":"","Signs":{"ID":"","_":"","Language":"FI"}},"Name":{"Value":"Tuotteen väri","Language":"FI"}}},{"Localized":0,"ID":683627931,"LocalID":0,"Type":"dropdown","Value":"Touch","CategoryFeatureId":"43294","CategoryFeatureGroupID":"10774","SortNo":"276","PresentationValue":"Kosketus","RawValue":"Touch","LocalValue":"Kosketus","Description":"","Mandatory":"0","Searchable":"0","Optional":"0","Feature":{"ID":"2587","Sign":"","Measure":{"ID":"29","Sign":"","Signs":{"ID":"","_":"","Language":"FI"}},"Name":{"Value":"Äänenvoimakkuuden säätö","Language":"FI"}}},{"Localized":0,"ID":683627932,"LocalID":0,"Type":"dropdown","Value":"Touch","CategoryFeatureId":"255483","CategoryFeatureGroupID":"10774","SortNo":"274","PresentationValue":"Kosketus","RawValue":"Touch","LocalValue":"Kosketus","Description":"The way in which the device is controlled.","Mandatory":"0","Searchable":"0","Optional":"0","Feature":{"ID":"2651","Sign":"","Measure":{"ID":"29","Sign":"","Signs":{"ID":"","_":"","Language":"FI"}},"Name":{"Value":"Ohjaustyyppi","Language":"FI"}}},{"Localized":0,"ID":683627938,"LocalID":0,"Type":"multi_dropdown","Value":"Dust resistant,Sweat resistant,Water resistant","CategoryFeatureId":"238777","CategoryFeatureGroupID":"10774","SortNo":"258","PresentationValue":"Pölynkestävä, Hikeä hylkivä, Vedenkestävä","RawValue":"Dust resistant,Sweat resistant,Water resistant","LocalValue":"Pölynkestävä, Hikeä hylkivä, Vedenkestävä","Description":"Physical effects from which the product is protected e.g. water resistant","Mandatory":"0","Searchable":"0","Optional":"0","Feature":{"ID":"8072","Sign":"","Measure":{"ID":"29","Sign":"","Signs":{"ID":"","_":"","Language":"FI"}},"Name":{"Value":"Suojaustoiminnot","Language":"FI"}}},{"Localized":0,"ID":683627937,"LocalID":0,"Type":"dropdown","Value":"IP54","CategoryFeatureId":"320978","CategoryFeatureGroupID":"10774","SortNo":"252","PresentationValue":"IP54","RawValue":"IP54","LocalValue":"IP54","Description":"The IP code classifies and rates the degree of protection provided against the intrusion (including body parts such as hands and fingers)","Mandatory":"0","Searchable":"0","Optional":"0","Feature":{"ID":"7900","Sign":"","Measure":{"ID":"29","Sign":"","Signs":{"ID":"","_":"","Language":"FI"}},"Name":{"Value":"International Protection (IP)-koodi","Language":"FI"}}},{"Localized":0,"ID":683627965,"LocalID":0,"Type":"y_n","Value":"Y","CategoryFeatureId":"926490","CategoryFeatureGroupID":"10774","SortNo":"98","PresentationValue":"Kyllä","RawValue":"Y","LocalValue":"Kyllä","Description":"","Mandatory":"0","Searchable":"0","Optional":"0","Feature":{"ID":"41678","Sign":"","Measure":{"ID":"26","Sign":"","Signs":{"ID":"","_":"","Language":"FI"}},"Name":{"Value":"BeamForming-teknologia","Language":"FI"}}},{"Localized":0,"ID":683627945,"LocalID":0,"Type":"y_n","Value":"Y","CategoryFeatureId":"321177","CategoryFeatureGroupID":"10774","SortNo":"20","PresentationValue":"Kyllä","RawValue":"Y","LocalValue":"Kyllä","Description":"","Mandatory":"0","Searchable":"0","Optional":"0","Feature":{"ID":"9731","Sign":"","Measure":{"ID":"26","Sign":"","Signs":{"ID":"","_":"","Language":"FI"}},"Name":{"Value":"Kiihtyvyysmittari","Language":"FI"}}},{"Localized":0,"ID":683627967,"LocalID":0,"Type":"y_n","Value":"Y","CategoryFeatureId":"685305","CategoryFeatureGroupID":"10774","SortNo":"16","PresentationValue":"Kyllä","RawValue":"Y","LocalValue":"Kyllä","Description":"","Mandatory":"0","Searchable":"0","Optional":"0","Feature":{"ID":"42775","Sign":"","Measure":{"ID":"26","Sign":"","Signs":{"ID":"","_":"","Language":"FI"}},"Name":{"Value":"Optinen anturi","Language":"FI"}}},{"Localized":0,"ID":683627946,"LocalID":0,"Type":"y_n","Value":"Y","CategoryFeatureId":"803900","CategoryFeatureGroupID":"10774","SortNo":"15","PresentationValue":"Kyllä","RawValue":"Y","LocalValue":"Kyllä","Description":"Device that detects moving objects","Mandatory":"0","Searchable":"0","Optional":"0","Feature":{"ID":"9831","Sign":"","Measure":{"ID":"26","Sign":"","Signs":{"ID":"","_":"","Language":"FI"}},"Name":{"Value":"Liiketunnistin","Language":"FI"}}},{"Localized":0,"ID":683627953,"LocalID":0,"Type":"dropdown","Value":"Apple H2","CategoryFeatureId":"321208","CategoryFeatureGroupID":"10774","SortNo":"5","PresentationValue":"Apple H2","RawValue":"Apple H2","LocalValue":"Apple H2","Description":"","Mandatory":"0","Searchable":"0","Optional":"0","Feature":{"ID":"25338","Sign":"","Measure":{"ID":"29","Sign":"","Signs":{"ID":"","_":"","Language":"FI"}},"Name":{"Value":"Audiosiru","Language":"FI"}}},{"Localized":0,"ID":683627972,"LocalID":0,"Type":"y_n","Value":"Y","CategoryFeatureId":"940592","CategoryFeatureGroupID":"10774","SortNo":"5","PresentationValue":"Kyllä","RawValue":"Y","LocalValue":"Kyllä","Description":"","Mandatory":"0","Searchable":"0","Optional":"0","Feature":{"ID":"47120","Sign":"","Measure":{"ID":"26","Sign":"","Signs":{"ID":"","_":"","Language":"FI"}},"Name":{"Value":"Personoitu spatiaalinen ääni","Language":"FI"}}},{"Localized":0,"ID":683627973,"LocalID":0,"Type":"y_n","Value":"Y","CategoryFeatureId":"967688","CategoryFeatureGroupID":"10774","SortNo":"5","PresentationValue":"Kyllä","RawValue":"Y","LocalValue":"Kyllä","Description":"","Mandatory":"0","Searchable":"0","Optional":"0","Feature":{"ID":"48325","Sign":"","Measure":{"ID":"26","Sign":"","Signs":{"ID":"","_":"","Language":"FI"}},"Name":{"Value":"Adaptiivinen EQ","Language":"FI"}}},{"Localized":0,"ID":683627964,"LocalID":0,"Type":"y_n","Value":"Y","CategoryFeatureId":"708870","CategoryFeatureGroupID":"10774","SortNo":"-26","PresentationValue":"Kyllä","RawValue":"Y","LocalValue":"Kyllä","Description":"","Mandatory":"0","Searchable":"0","Optional":"0","Feature":{"ID":"41622","Sign":"","Measure":{"ID":"26","Sign":"","Signs":{"ID":"","_":"","Language":"FI"}},"Name":{"Value":"Toimii Apple Sirin kanssa","Language":"FI"}}}]},{"ID":6264,"SortNo":"40","FeatureGroup":{"ID":"12","Name":{"Value":"Liitettävyys","Language":"FI"}},"Features":[{"Localized":0,"ID":683627922,"LocalID":0,"Type":"dropdown","Value":"Wireless","CategoryFeatureId":"155712","CategoryFeatureGroupID":"6264","SortNo":"298","PresentationValue":"Langaton","RawValue":"Wireless","LocalValue":"Langaton","Description":"The technology that enables connectivity of the device, e.g. wired or wireless.","Mandatory":"1","Searchable":"1","Optional":"0","Feature":{"ID":"1655","Sign":"","Measure":{"ID":"29","Sign":"","Signs":{"ID":"","_":"","Language":"FI"}},"Name":{"Value":"Yhteysteknologia","Language":"FI"}}},{"Localized":0,"ID":683627927,"LocalID":0,"Type":"y_n","Value":"Y","CategoryFeatureId":"199418","CategoryFeatureGroupID":"6264","SortNo":"286","PresentationValue":"Kyllä","RawValue":"Y","LocalValue":"Kyllä","Description":"Bluetooth on pienitehoinen radiotekniikka, joka on kehitetty korvaamaan nykyisin käytetyt kaapelit ja johdotn linkittämään tai liittämään elektronisia laitteita, kuten tietokoneita, tulostimia, sekä erilaisia ​​kannettavia laitteita kuten matkapuhelimia. Koska se käyttää radio-aallon yhteyytä, Bluetooth-laiteella on jatkuva yhteysä käyttämäänsä selaimeen. Tämä säästää käyttäjän aikaa esimerkiksi turhilta kirjautumisilta sähköposteja tai uutisia lukiessaani.","Mandatory":"0","Searchable":"0","Optional":"0","Feature":{"ID":"2183","Sign":"","Measure":{"ID":"26","Sign":"","Signs":{"ID":"","_":"","Language":"FI"}},"Name":{"Value":"Bluetooth","Language":"FI"}}},{"Localized":0,"ID":683627917,"LocalID":0,"Type":"dropdown","Value":"5.3","CategoryFeatureId":"43224","CategoryFeatureGroupID":"6264","SortNo":"285","PresentationValue":"5.3","RawValue":"5.3","LocalValue":"5.3","Description":"The type of bluetooth technology in the product e.g. Bluetooth Smart (v4.0).","Mandatory":"0","Searchable":"0","Optional":"0","Feature":{"ID":"1208","Sign":"","Measure":{"ID":"29","Sign":"","Signs":{"ID":"","_":"","Language":"FI"}},"Name":{"Value":"Bluetooth-versio","Language":"FI"}}}]},{"ID":5109,"SortNo":"30","FeatureGroup":{"ID":"71","Name":{"Value":"Kuulokkeet","Language":"FI"}},"Features":[{"Localized":0,"ID":683627929,"LocalID":0,"Type":"dropdown","Value":"Intraaural","CategoryFeatureId":"42691","CategoryFeatureGroupID":"5109","SortNo":"50","PresentationValue":"Korvan sisäinen","RawValue":"Intraaural","LocalValue":"Korvan sisäinen","Description":"Kuulokkeet erotellaan sen mukaan, pidetäänkö niitä ulkokorvan päällä (supra-aural)) vai korvan ympärillä (circumaural). Avoimissa kuulokkeissa on vaahtomuoviset korvatyynyt jotka lepäävät korvilla tai rengastyynyt, jotka ympäröivät korvat. Suljettu kuulokkeet taas ovat lähes poikkeuksetta lähes aina korvien ympärille tulevaa mallia.","Mandatory":"1","Searchable":"0","Optional":"0","Feature":{"ID":"2527","Sign":"","Measure":{"ID":"29","Sign":"","Signs":{"ID":"","_":"","Language":"FI"}},"Name":{"Value":"Korvakytkentä","Language":"FI"}}},{"Localized":0,"ID":683627944,"LocalID":0,"Type":"dropdown","Value":"Earbuds","CategoryFeatureId":"320959","CategoryFeatureGroupID":"5109","SortNo":"50","PresentationValue":"Korvanapit","RawValue":"Earbuds","LocalValue":"Korvanapit","Description":"","Mandatory":"0","Searchable":"0","Optional":"0","Feature":{"ID":"9714","Sign":"","Measure":{"ID":"29","Sign":"","Signs":{"ID":"","_":"","Language":"FI"}},"Name":{"Value":"Tulppakuulokkeen tyyppi","Language":"FI"}}}]},{"ID":5110,"SortNo":"28","FeatureGroup":{"ID":"70","Name":{"Value":"Mikrofoni","Language":"FI"}},"Features":[{"Localized":0,"ID":683627952,"LocalID":0,"Type":"dropdown","Value":"Built-in microphone","CategoryFeatureId":"320987","CategoryFeatureGroupID":"5110","SortNo":"297","PresentationValue":"Kiinteä","RawValue":"Built-in microphone","LocalValue":"Kiinteä","Description":"The characteristics of the microphone bulit into the device in terms of the reception of signals from all or just one direction, i.e. omnidirectional (better for concerts and the like vs unidirectional, more suitable for voice recording.","Mandatory":"1","Searchable":"1","Optional":"0","Feature":{"ID":"15803","Sign":"","Measure":{"ID":"29","Sign":"","Signs":{"ID":"","_":"","Language":"FI"}},"Name":{"Value":"Mikrofonityyppi","Language":"FI"}}}]},{"ID":6263,"SortNo":"24","FeatureGroup":{"ID":"143","Name":{"Value":"Akku","Language":"FI"}},"Features":[{"Localized":0,"ID":683627943,"LocalID":0,"Type":"y_n","Value":"Y","CategoryFeatureId":"321195","CategoryFeatureGroupID":"6263","SortNo":"500","PresentationValue":"Kyllä","RawValue":"Y","LocalValue":"Kyllä","Description":"","Mandatory":"0","Searchable":"0","Optional":"0","Feature":{"ID":"9067","Sign":"","Measure":{"ID":"26","Sign":"","Signs":{"ID":"","_":"","Language":"FI"}},"Name":{"Value":"Paristokäyttöinen","Language":"FI"}}},{"Localized":0,"ID":683627916,"LocalID":0,"Type":"dropdown","Value":"Built-in battery","CategoryFeatureId":"320974","CategoryFeatureGroupID":"6263","SortNo":"490","PresentationValue":"Sisäänrakennettu akku","RawValue":"Built-in battery","LocalValue":"Sisäänrakennettu akku","Description":"Kuvaus tuotteen mukana tulevasta akusta.","Mandatory":"0","Searchable":"0","Optional":"0","Feature":{"ID":"908","Sign":"","Measure":{"ID":"29","Sign":"","Signs":{"ID":"","_":"","Language":"FI"}},"Name":{"Value":"Akkutyyppi","Language":"FI"}}},{"Localized":0,"ID":683627926,"LocalID":0,"Type":"numerical","Value":"5","CategoryFeatureId":"43233","CategoryFeatureGroupID":"6263","SortNo":"13","PresentationValue":"5 h","RawValue":"5","LocalValue":"5","Description":"Keskimääräinen tuntimäärä jatkuvalle toistolle. Tämä on riippuvainen käytettävissä olevan muistin määrästä ja mp3:n bittinopeudesta","Mandatory":"0","Searchable":"0","Optional":"0","Feature":{"ID":"2169","Sign":"","Measure":{"ID":"46","Sign":"","Signs":{"ID":"13834","_":"h","Language":"FI"}},"Name":{"Value":"Musiikin toistoaika","Language":"FI"}}},{"Localized":0,"ID":683627960,"LocalID":0,"Type":"numerical","Value":"30","CategoryFeatureId":"321205","CategoryFeatureGroupID":"6263","SortNo":"12","PresentationValue":"30 h","RawValue":"30","LocalValue":"30","Description":"","Mandatory":"0","Searchable":"0","Optional":"0","Feature":{"ID":"39891","Sign":"","Measure":{"ID":"46","Sign":"","Signs":{"ID":"13834","_":"h","Language":"FI"}},"Name":{"Value":"Jatkuva äänen toistoaika (latauskotelolla)","Language":"FI"}}},{"Localized":0,"ID":683627961,"LocalID":0,"Type":"numerical","Value":"20","CategoryFeatureId":"321206","CategoryFeatureGroupID":"6263","SortNo":"12","PresentationValue":"20 h","RawValue":"20","LocalValue":"20","Description":"","Mandatory":"0","Searchable":"0","Optional":"0","Feature":{"ID":"39892","Sign":"","Measure":{"ID":"46","Sign":"","Signs":{"ID":"13834","_":"h","Language":"FI"}},"Name":{"Value":"Puheaika (latauskotelolla)","Language":"FI"}}},{"Localized":0,"ID":683627925,"LocalID":0,"Type":"numerical","Value":"4.5","CategoryFeatureId":"43287","CategoryFeatureGroupID":"6263","SortNo":"1","PresentationValue":"4,5 h","RawValue":"4.5","LocalValue":"4,5","Description":"Kokonaisaika jonka akku kestää puheluita varten. Koska puhelin kuluttaa akkua puhelun aikana, jäljellä oleva puheaika akkua on vähentynyt, kunnes puhelin on sammutettu tai akku laitettu lataukseen. Mitä pidempi puheaika, sitä  harvemmin sinun täytyy ladata. Puheaika, joka ilmaistaan ​​tunteina ja minuutteina, on paljon lyhyempi kuin valmiusaika, koska lähetys vaatii enemmän virtaa.","Mandatory":"0","Searchable":"0","Optional":"0","Feature":{"ID":"2100","Sign":"","Measure":{"ID":"46","Sign":"","Signs":{"ID":"13834","_":"h","Language":"FI"}},"Name":{"Value":"Puheaika","Language":"FI"}}},{"Localized":0,"ID":683627935,"LocalID":0,"Type":"y_n","Value":"Y","CategoryFeatureId":"319733","CategoryFeatureGroupID":"6263","SortNo":"0","PresentationValue":"Kyllä","RawValue":"Y","LocalValue":"Kyllä","Description":"","Mandatory":"0","Searchable":"0","Optional":"0","Feature":{"ID":"4981","Sign":"","Measure":{"ID":"26","Sign":"","Signs":{"ID":"","_":"","Language":"FI"}},"Name":{"Value":"Pikalataus","Language":"FI"}}},{"Localized":0,"ID":683627930,"LocalID":0,"Type":"numerical","Value":"5","CategoryFeatureId":"319735","CategoryFeatureGroupID":"6263","SortNo":"0","PresentationValue":"5 min","RawValue":"5","LocalValue":"5","Description":"","Mandatory":"0","Searchable":"0","Optional":"0","Feature":{"ID":"2553","Sign":"","Measure":{"ID":"66","Sign":"","Signs":{"ID":"13852","_":"min","Language":"FI"}},"Name":{"Value":"Pikalataus","Language":"FI"}}},{"Localized":0,"ID":683627949,"LocalID":0,"Type":"y_n","Value":"N","CategoryFeatureId":"320391","CategoryFeatureGroupID":"6263","SortNo":"-24","PresentationValue":"Ei","RawValue":"N","LocalValue":"Ei","Description":"","Mandatory":"0","Searchable":"0","Optional":"0","Feature":{"ID":"12148","Sign":"","Measure":{"ID":"26","Sign":"","Signs":{"ID":"","_":"","Language":"FI"}},"Name":{"Value":"Langaton lataaminen","Language":"FI"}}}]},{"ID":72109,"SortNo":"10","FeatureGroup":{"ID":"279","Name":{"Value":"Kestävyys","Language":"FI"}},"Features":[{"Localized":0,"ID":683627966,"LocalID":0,"Type":"multi_dropdown","Value":"BFR,Mercury (element),PVC","CategoryFeatureId":"623846","CategoryFeatureGroupID":"72109","SortNo":"-1","PresentationValue":"BFR, Elohopea, PVC-muovi","RawValue":"BFR,Mercury (element),PVC","LocalValue":"BFR, Elohopea, PVC-muovi","Description":"","Mandatory":"0","Searchable":"0","Optional":"0","Feature":{"ID":"42516","Sign":"","Measure":{"ID":"29","Sign":"","Signs":{"ID":"","_":"","Language":"FI"}},"Name":{"Value":"Ei sisällä","Language":"FI"}}}]},{"ID":5112,"SortNo":"8","FeatureGroup":{"ID":"14","Name":{"Value":"Paino ja mitat","Language":"FI"}},"Features":[{"Localized":0,"ID":683627920,"LocalID":0,"Type":"numerical","Value":"18.3","CategoryFeatureId":"43302","CategoryFeatureGroupID":"5112","SortNo":"50","PresentationValue":"18,3 mm","RawValue":"18.3","LocalValue":"18,3","Description":"The measurement or extent of something from side to side.","Mandatory":"0","Searchable":"0","Optional":"0","Feature":{"ID":"1649","Sign":"","Measure":{"ID":"24","Sign":"","Signs":{"ID":"13815","_":"mm","Language":"FI"}},"Name":{"Value":"Tuotteen leveys","Language":"FI"}}},{"Localized":0,"ID":683627921,"LocalID":0,"Type":"numerical","Value":"18.1","CategoryFeatureId":"43235","CategoryFeatureGroupID":"5112","SortNo":"49","PresentationValue":"18,1 mm","RawValue":"18.1","LocalValue":"18,1","Description":"The distance from the front to the back of something.","Mandatory":"0","Searchable":"0","Optional":"0","Feature":{"ID":"1650","Sign":"","Measure":{"ID":"24","Sign":"","Signs":{"ID":"13815","_":"mm","Language":"FI"}},"Name":{"Value":"Tuotteen syvyys","Language":"FI"}}},{"Localized":0,"ID":683627918,"LocalID":0,"Type":"numerical","Value":"30.2","CategoryFeatureId":"43257","CategoryFeatureGroupID":"5112","SortNo":"48","PresentationValue":"30,2 mm","RawValue":"30.2","LocalValue":"30,2","Description":"Tuotteen korkeus","Mandatory":"0","Searchable":"0","Optional":"0","Feature":{"ID":"1464","Sign":"","Measure":{"ID":"24","Sign":"","Signs":{"ID":"13815","_":"mm","Language":"FI"}},"Name":{"Value":"Tuotteen korkeus","Language":"FI"}}},{"Localized":0,"ID":683627956,"LocalID":0,"Type":"numerical","Value":"4.3","CategoryFeatureId":"321171","CategoryFeatureGroupID":"5112","SortNo":"16","PresentationValue":"4,3 g","RawValue":"4.3","LocalValue":"4,3","Description":"","Mandatory":"0","Searchable":"0","Optional":"0","Feature":{"ID":"34155","Sign":"","Measure":{"ID":"38","Sign":"","Signs":{"ID":"13826","_":"g","Language":"FI"}},"Name":{"Value":"Vasemman kuulokkeen paino","Language":"FI"}}},{"Localized":0,"ID":683627957,"LocalID":0,"Type":"numerical","Value":"4.3","CategoryFeatureId":"321172","CategoryFeatureGroupID":"5112","SortNo":"15","PresentationValue":"4,3 g","RawValue":"4.3","LocalValue":"4,3","Description":"","Mandatory":"0","Searchable":"0","Optional":"0","Feature":{"ID":"34156","Sign":"","Measure":{"ID":"38","Sign":"","Signs":{"ID":"13826","_":"g","Language":"FI"}},"Name":{"Value":"Oikean kuulokkeen paino","Language":"FI"}}},{"Localized":0,"ID":683627958,"LocalID":0,"Type":"3d","Value":"50.1 x 21.2 x 46.2","CategoryFeatureId":"321173","CategoryFeatureGroupID":"5112","SortNo":"14","PresentationValue":"50,1 x 21,2 x 46,2 mm","RawValue":"50.1 x 21.2 x 46.2","LocalValue":"50,1 x 21,2 x 46,2","Description":"","Mandatory":"0","Searchable":"0","Optional":"0","Feature":{"ID":"34159","Sign":"","Measure":{"ID":"24","Sign":"","Signs":{"ID":"13815","_":"mm","Language":"FI"}},"Name":{"Value":"Latauskotelon mitat (L x S x K)","Language":"FI"}}},{"Localized":0,"ID":683627948,"LocalID":0,"Type":"numerical","Value":"32.3","CategoryFeatureId":"321174","CategoryFeatureGroupID":"5112","SortNo":"13","PresentationValue":"32,3 g","RawValue":"32.3","LocalValue":"32,3","Description":"","Mandatory":"0","Searchable":"0","Optional":"0","Feature":{"ID":"11835","Sign":"","Measure":{"ID":"38","Sign":"","Signs":{"ID":"13826","_":"g","Language":"FI"}},"Name":{"Value":"Latauskotelo","Language":"FI"}}}]},{"ID":12861,"SortNo":"6","FeatureGroup":{"ID":"116","Name":{"Value":"Pakkauksen sisältö","Language":"FI"}},"Features":[{"Localized":0,"ID":683627959,"LocalID":0,"Type":"y_n","Value":"Y","CategoryFeatureId":"321104","CategoryFeatureGroupID":"12861","SortNo":"281","PresentationValue":"Kyllä","RawValue":"Y","LocalValue":"Kyllä","Description":"","Mandatory":"0","Searchable":"0","Optional":"0","Feature":{"ID":"34161","Sign":"","Measure":{"ID":"26","Sign":"","Signs":{"ID":"","_":"","Language":"FI"}},"Name":{"Value":"Latauskotelo","Language":"FI"}}},{"Localized":0,"ID":683627962,"LocalID":0,"Type":"dropdown","Value":"Wired","CategoryFeatureId":"321207","CategoryFeatureGroupID":"12861","SortNo":"281","PresentationValue":"Langallinen","RawValue":"Wired","LocalValue":"Langallinen","Description":"","Mandatory":"0","Searchable":"0","Optional":"0","Feature":{"ID":"39893","Sign":"","Measure":{"ID":"29","Sign":"","Signs":{"ID":"","_":"","Language":"FI"}},"Name":{"Value":"Kotelolaturin tyyppi","Language":"FI"}}},{"Localized":0,"ID":683627963,"LocalID":0,"Type":"dropdown","Value":"USB Type-C","CategoryFeatureId":"321209","CategoryFeatureGroupID":"12861","SortNo":"281","PresentationValue":"USB Type-C","RawValue":"USB Type-C","LocalValue":"USB Type-C","Description":"","Mandatory":"0","Searchable":"0","Optional":"0","Feature":{"ID":"39894","Sign":"","Measure":{"ID":"29","Sign":"","Signs":{"ID":"","_":"","Language":"FI"}},"Name":{"Value":"Latauskotelon liitintyyppi","Language":"FI"}}},{"Localized":0,"ID":835227893,"LocalID":0,"Type":"y_n","Value":"N","CategoryFeatureId":"255783","CategoryFeatureGroupID":"12861","SortNo":"15","PresentationValue":"Ei","RawValue":"N","LocalValue":"Ei","Description":"","Mandatory":"1","Searchable":"0","Optional":"0","Feature":{"ID":"1230","Sign":"","Measure":{"ID":"26","Sign":"","Signs":{"ID":"","_":"","Language":"FI"}},"Name":{"Value":"Virtalähde mukana","Language":"FI"}}},{"Localized":0,"ID":683627934,"LocalID":0,"Type":"y_n","Value":"Y","CategoryFeatureId":"48597","CategoryFeatureGroupID":"12861","SortNo":"12","PresentationValue":"Kyllä","RawValue":"Y","LocalValue":"Kyllä","Description":"Instructions","Mandatory":"0","Searchable":"0","Optional":"0","Feature":{"ID":"3981","Sign":"","Measure":{"ID":"26","Sign":"","Signs":{"ID":"","_":"","Language":"FI"}},"Name":{"Value":"Pika-aloitusopas","Language":"FI"}}},{"Localized":0,"ID":683627923,"LocalID":0,"Type":"numerical","Value":"1","CategoryFeatureId":"82142","CategoryFeatureGroupID":"12861","SortNo":"-5","PresentationValue":"1","RawValue":"1","LocalValue":"1","Description":"The number of products there are.","Mandatory":"0","Searchable":"0","Optional":"0","Feature":{"ID":"1675","Sign":"","Measure":{"ID":"29","Sign":"","Signs":{"ID":"","_":"","Language":"FI"}},"Name":{"Value":"Määrä","Language":"FI"}}}]},{"ID":12862,"SortNo":"0","FeatureGroup":{"ID":"27","Name":{"Value":"Virranhallinta","Language":"FI"}},"Features":[{"Localized":0,"ID":835250742,"LocalID":0,"Type":"y_n","Value":"Y","CategoryFeatureId":"974955","CategoryFeatureGroupID":"12862","SortNo":"0","PresentationValue":"Kyllä","RawValue":"Y","LocalValue":"Kyllä","Description":"","Mandatory":"1","Searchable":"0","Optional":"0","Feature":{"ID":"48505","Sign":"","Measure":{"ID":"26","Sign":"","Signs":{"ID":"","_":"","Language":"FI"}},"Name":{"Value":"USB C-tyypin latausportti","Language":"FI"}}}]}],"FeatureLogos":[{"LogoPic":"https://inishop.com/img/feature_logo/1242-3899.png","Width":"0","Height":"0","Size":"0","ThumbPic":"https://inishop.com/img/feature_logo_thumbs/1242-3899.png","FeatureID":"1230","Value":"N","KeyLogo":0}],"ReasonsToBuy":[],"Reviews":[],"ProductRelated":[],"CatalogObjectCloud":{},"Variants":[],"ProductStory":[],"Dictionary":{"model_name":"Tuotenimi","desc":"Kuvaus","ean_code":"EAN/UPC-koodi","flash360":"3D-esittely","demo_msg_part3":"Jos sinulla ei ole Icecat-k&auml;ytt&auml;j&auml;tili&auml;, ole hyv&auml; ja rekister&ouml;idy maksutta t&auml;&auml;lt&auml;.","repairability_index":"Repairability index","zoom_panel_init":"Alkuper&auml;inen koko","cat_name":"Ryhm&auml;","product_family":"Tuoteperhe","back_to_top":"Takaisin yl&ouml;s","zoom_panel_out":"Loitonna","specs":"Tekniset tiedot","eu_product_fiche":"EU-tuoteseloste","reviews_head_name":"Arvostelut","pdf_specs":"Tuote-esite","zoom_panel_in":"L&auml;henn&auml;","html_content":"","release_date":"Julkaisup&auml;iv&auml;","demo_msg_part1":"K&auml;yt&auml;t t&auml;ll&auml; hetkell&auml; demo-k&auml;ytt&auml;j&auml;tili&auml;. Ole hyv&auml; ja k&auml;yt&auml; omaa Icecat-k&auml;ytt&auml;j&auml;tili&auml;si.","demo_insert_desc":"This is a demo of a seamless insert of an Icecat LIVE product data-sheet in your website. Imagine that this responsive data-sheet is included in the product page of your webshop.","pdf_url":"K&auml;ytt&ouml;opas","prod_code":"Tuotekoodi","supplier_name":"Tuotemerkki","video":"Video","reasons_to_buy":"Syitä ostaa","marketing_text":"Kuvaus","options_head_name":"Vaihtoehdot","product_series":"Tuotesarja","demo_msg_part2":"Icecat k&auml;ytt&auml;j&auml;tunnuksesi","link_integrate_desk":"Kuinka integroida Icecat LIVE JavaScript.","zoom_panel_dragg":"Hiirell&auml; vet&auml;minen","eu_energy_label":"EU-energiamerkintä"},"DemoAccount":false}}