{"msg":"OK","data":{"GeneralInfo":{"IcecatId":129129764,"ReleaseDate":"","EndOfLifeDate":"","Title":"Apple Studio Display tietokoneen litteä näyttö 68,6 cm (27\") 5120 x 2880 pikseliä 5K Ultra HD Hopea","TitleInfo":{"GeneratedIntTitle":"Apple Studio Display computer monitor","GeneratedLocalTitle":{"Value":"Apple Studio Display tietokoneen litteä näyttö 68,6 cm (27\") 5120 x 2880 pikseliä 5K Ultra HD Hopea","Language":"FI"},"BrandLocalTitle":{"Value":"","Language":"FI"}},"Brand":"Apple","BrandID":"9","BrandLogo":"https://inishop.com/img/brand/thumb/9_d14b59ec69c0456b8775a7210bbba1e9.jpg","BrandInfo":{"BrandName":"Apple","BrandLocalName":"","BrandLogo":"https://inishop.com/img/brand/thumb/9_d14b59ec69c0456b8775a7210bbba1e9.jpg"},"ProductName":"Studio Display","ProductNameInfo":{"ProductIntName":"Studio Display","ProductLocalName":{"Value":"","Language":"FI"}},"BrandPartCode":"MYJF3KS/A","GTIN":["0195949764363","195949764363"],"Category":{"CategoryID":"222","Name":{"Value":"Litteät tietokonenäytöt","Language":"FI"}},"ProductFamily":{},"ProductSeries":{"SeriesID":"0"},"Description":{"ID":"98971644","LongDesc":"<b>Katso mihin pystyt.</b><br>Studio Display on iso ja upea ikkuna uusiin maailmoihin, se vie mukanaan siitä hetkestä, kun laitat sen päälle. Se on solakaksi muotoiltu täysnäyttö. Lisäksi siinä on tukku uskomattomia ominaisuuksia, jotka saavat kaiken mitä teet heräämään eloon upeissa väreissä ja loistavan yksityiskohtaisesti.","LongProductName":"27\", 5120 x 2880, 5K Retina display, 600 nits, 12MP Ultra Wide, 1x Thunderbolt 3, 3x USB-C, Vakiolasi, kallistus/korkeussäädettävä jalusta","MiddleDesc":"","Disclaimer":"","ManualPDFURL":"","ManualPDFSize":"0","LeafletPDFURL":"","PDFSize":"0","URL":"https://www.apple.com/fi/studio-display/#studio-display-gallery-item-3","WarrantyInfo":"","Updated":"2025-03-06 13:35:15","Language":"FI"},"SummaryDescription":{"ShortSummaryDescription":"Apple Studio Display, 68,6 cm (27\"), 5120 x 2880 pikseliä, 5K Ultra HD, Hopea","LongSummaryDescription":"Apple Studio Display. Näytön halkaisija: 68,6 cm (27\"), Näytön erottelutarkkuus: 5120 x 2880 pikseliä, HD-tyyppi: 5K Ultra HD, Vakiokuvasuhde: 16:9. Sisäiset kaiuttimet. Sisäänrakennettu USB-keskus. Korkeudensäätö. Tuotteen väri: Hopea"},"BulletPoints":{"BulletPointsId":"11203878","Language":"FI","Values":["27 tuuman Retina 5K ‑näyttö","12 Mpix ultra­laajakulma­kamera Valokeila-toiminnolla","Kolme mikrofonia, kuusi kaiutinta ja tilaääni","14,7 miljoonaa pikseliä","600 nitin kirkkaus","Miljardi väriä","Laaja P3-väriskaala"],"Updated":"2025-03-06 12:56:45"},"GeneratedBulletPoints":{"Language":"FI","Values":["68,6 cm (27\")","5K Ultra HD 5120 x 2880 pikseliä 16:9","60 Hz 600 cd/m²","E 21 kWh"]},"GTINs":[{"GTIN":"0195949764363","IsApproved":true},{"GTIN":"195949764363","IsApproved":true}]},"Image":{"HighPic":"https://inishop.com/img/gallery/97428647_4190390384.jpg","HighPicSize":"1905287","HighPicHeight":"4000","HighPicWidth":"4000","LowPic":"https://inishop.com/img/gallery_lows/97428647_4190390384.jpg","LowPicSize":"26982","LowPicHeight":"200","LowPicWidth":"200","Pic500x500":"https://inishop.com/img/gallery_mediums/97428647_4190390384.jpg","Pic500x500Size":"90402","Pic500x500Height":"500","Pic500x500Width":"500","ThumbPic":"https://inishop.com/img/gallery_thumbs/97428647_4190390384.jpg","ThumbPicSize":"6857"},"Multimedia":[{"ID":"966AF33F-6C25-43C9-AA0F-8A2929904211","URL":"https://inishop.com/objects/mmo_129129764_1741262198_4052_1342103.pdf","Type":"EU Product Fiche","ContentType":"application/pdf","KeepAsUrl":"0","Description":"EU-tuoteseloste","Size":"57681","IsPrivate":"0","Updated":"2025-03-06 12:56:38","Language":"EN","IsVideo":0},{"ID":"F6B005CC-F463-4840-A28E-61972052DC4E","URL":"https://inishop.com/objects/mmo_129129764_1741262198_3555_1342103.pdf","Type":"EU Energy Label","ContentType":"application/pdf","KeepAsUrl":"0","Description":"EU-energiamerkintä","Size":"113381","IsPrivate":"0","Updated":"2025-03-06 12:56:49","Language":"","IsVideo":0,"EprelLink":"https://eprel.ec.europa.eu/qr/1053323","LabelType":"rescaled","ConvertedURL":"https://inishop.com/objects/129129764_63193240.jpeg","ConvertedContentType":"image/jpeg","ConvertedSize":464168,"EprelId":1053323}],"Gallery":[{"ID":"102762198","LowPic":"https://inishop.com/img/gallery_lows/97428647_4190390384.jpg","LowSize":"26982","LowHeight":"200","LowWidth":"200","ThumbPic":"https://inishop.com/img/gallery_thumbs/97428647_4190390384.jpg","ThumbPicSize":"6857","Pic":"https://inishop.com/img/gallery/97428647_4190390384.jpg","Size":"1905287","PicHeight":"4000","PicWidth":"4000","Pic500x500":"https://inishop.com/img/gallery_mediums/97428647_4190390384.jpg","Pic500x500Size":"90402","Pic500x500Height":"500","Pic500x500Width":"500","No":"1","IsMain":"Y","Updated":"2025-03-06 13:35:13","IsPrivate":"0","Type":"ProductImage","Attributes":{"OriginalFileName":""}},{"ID":"104864590","LowPic":"https://inishop.com/img/gallery_lows/5792341eda8b3159fb608fd1c88c159383fe0f93.jpg","LowSize":"7687","LowHeight":"173","LowWidth":"200","ThumbPic":"https://inishop.com/img/gallery_thumbs/d0fbb6393fae23f7e14a5d82a34d783af2667d4e.jpg","ThumbPicSize":"2365","Pic":"https://inishop.com/img/gallery/78c7c6e64c235327123e22ca8408ecfb27212598.jpg","Size":"47143","PicHeight":"653","PicWidth":"756","Pic500x500":"https://inishop.com/img/gallery_mediums/e409945bb21f9b1d067de09a40bfb5974155f750.jpg","Pic500x500Size":"31634","Pic500x500Height":"432","Pic500x500Width":"500","No":"8","IsMain":"N","Updated":"2025-04-24 12:44:32","IsPrivate":"0","Type":"ProductImage","Attributes":{"OriginalFileName":""}},{"ID":"104864595","LowPic":"https://inishop.com/img/gallery_lows/8f1bea0808bd5337e1f9bcf365313d6ed0c3961c.jpg","LowSize":"3709","LowHeight":"200","LowWidth":"93","ThumbPic":"https://inishop.com/img/gallery_thumbs/96bd0bc7ba06ab22df2f7da3b09ac6c1d4590779.jpg","ThumbPicSize":"1392","Pic":"https://inishop.com/img/gallery/f1cb17ba061a59543caa102da2dc65ea530cbc81.jpg","Size":"13224","PicHeight":"597","PicWidth":"278","Pic500x500":"https://inishop.com/img/gallery_mediums/f79fff55e1949c80fc50d10f9ff1a7bfc9a9800a.jpg","Pic500x500Size":"12483","Pic500x500Height":"500","Pic500x500Width":"233","No":"9","IsMain":"N","Updated":"2025-04-24 12:44:32","IsPrivate":"0","Type":"ProductImage","Attributes":{"OriginalFileName":""}},{"ID":"104864596","LowPic":"https://inishop.com/img/gallery_lows/bfa165716804a7eb3d59c4686168f4ca1f6f9ff2.jpg","LowSize":"3160","LowHeight":"200","LowWidth":"77","ThumbPic":"https://inishop.com/img/gallery_thumbs/2b84992ba3b2eaeffee48c71f53a039b6755d638.jpg","ThumbPicSize":"1143","Pic":"https://inishop.com/img/gallery/00c12991f851d30096f98ea7b114f5f308c4ce28.jpg","Size":"14305","PicHeight":"702","PicWidth":"272","Pic500x500":"https://inishop.com/img/gallery_mediums/60c49438f43da684682e5b75da8e01944da00a99.jpg","Pic500x500Size":"10767","Pic500x500Height":"500","Pic500x500Width":"194","No":"10","IsMain":"N","Updated":"2025-04-24 12:44:32","IsPrivate":"0","Type":"ProductImage","Attributes":{"OriginalFileName":""}},{"ID":"102762201","LowPic":"https://inishop.com/img/gallery_lows/97428646_0747817999.jpg","LowSize":"45748","LowHeight":"200","LowWidth":"200","ThumbPic":"https://inishop.com/img/gallery_thumbs/97428646_0747817999.jpg","ThumbPicSize":"8861","Pic":"https://inishop.com/img/gallery/97428646_0747817999.jpg","Size":"7224885","PicHeight":"4000","PicWidth":"4000","Pic500x500":"https://inishop.com/img/gallery_mediums/97428646_0747817999.jpg","Pic500x500Size":"255167","Pic500x500Height":"500","Pic500x500Width":"500","No":"11","IsMain":"N","Updated":"2025-04-24 12:44:52","IsPrivate":"0","Type":"ProductImage","Attributes":{"OriginalFileName":""}}],"FeaturesGroups":[{"ID":100,"SortNo":"50","FeatureGroup":{"ID":"5","Name":{"Value":"Näyttö","Language":"FI"}},"Features":[{"Localized":0,"ID":750954398,"LocalID":0,"Type":"numerical","Value":"27","CategoryFeatureId":"11608","CategoryFeatureGroupID":"100","SortNo":"1000","PresentationValue":"68,6 cm (27\")","RawValue":"27","LocalValue":"68,6","Description":"Tämän tuotteen näytön koko, ilmaistuna diagonaalin tuumina.","Mandatory":"1","Searchable":"1","Optional":"0","Feature":{"ID":"944","Sign":"","Measure":{"ID":"16","Sign":"","Signs":{"ID":"3161","_":"\"","Language":"FI"}},"Name":{"Value":"Näytön halkaisija","Language":"FI"}}},{"Localized":0,"ID":750954402,"LocalID":0,"Type":"2d","Value":"5120 x 2880","CategoryFeatureId":"9316","CategoryFeatureGroupID":"100","SortNo":"990","PresentationValue":"5120 x 2880 pikseliä","RawValue":"5120 x 2880","LocalValue":"5120 x 2880","Description":"Järjestelmän näytön resoluutio.","Mandatory":"1","Searchable":"1","Optional":"0","Feature":{"ID":"1585","Sign":"","Measure":{"ID":"39","Sign":"","Signs":{"ID":"13827","_":"pikseliä","Language":"FI"}},"Name":{"Value":"Näytön erottelutarkkuus","Language":"FI"}}},{"Localized":0,"ID":750954425,"LocalID":0,"Type":"dropdown","Value":"5K Ultra HD","CategoryFeatureId":"74099","CategoryFeatureGroupID":"100","SortNo":"980","PresentationValue":"5K Ultra HD","RawValue":"5K Ultra HD","LocalValue":"5K Ultra HD","Description":"Type of supported High Definition (e.g. Full HD, 4K Ultra HD).","Mandatory":"1","Searchable":"0","Optional":"0","Feature":{"ID":"11424","Sign":"","Measure":{"ID":"29","Sign":"","Signs":{"ID":"","_":"","Language":"FI"}},"Name":{"Value":"HD-tyyppi","Language":"FI"}}},{"Localized":0,"ID":750954424,"LocalID":0,"Type":"dropdown","Value":"16:9","CategoryFeatureId":"155124","CategoryFeatureGroupID":"100","SortNo":"970","PresentationValue":"16:9","RawValue":"16:9","LocalValue":"16:9","Description":"The aspect ratio is the ratio of the width of an image to its height. The native aspect ratio is the one which the projector/display is particularly designed for. Images shown in native aspect ratio will utilize the entire resolution of the display and achieve maximum brightness. Images shown in other than native aspect ratio will always have less resolution and less brightness than images shown in native aspect ratio.","Mandatory":"1","Searchable":"1","Optional":"0","Feature":{"ID":"11417","Sign":"","Measure":{"ID":"29","Sign":"","Signs":{"ID":"","_":"","Language":"FI"}},"Name":{"Value":"Vakiokuvasuhde","Language":"FI"}}},{"Localized":0,"ID":750954414,"LocalID":0,"Type":"y_n","Value":"N","CategoryFeatureId":"243713","CategoryFeatureGroupID":"100","SortNo":"930","PresentationValue":"Ei","RawValue":"N","LocalValue":"Ei","Description":"A screen of a laptop","Mandatory":"1","Searchable":"1","Optional":"0","Feature":{"ID":"4963","Sign":"","Measure":{"ID":"26","Sign":"","Signs":{"ID":"","_":"","Language":"FI"}},"Name":{"Value":"Kosketusnäyttö","Language":"FI"}}},{"Localized":0,"ID":750954437,"LocalID":0,"Type":"numerical","Value":"600","CategoryFeatureId":"255214","CategoryFeatureGroupID":"100","SortNo":"880","PresentationValue":"600 cd/m²","RawValue":"600","LocalValue":"600","Description":"Display brightness, measured by its Luminance, presented as a figure in nits. Typical brightness ratings for monitors range from 250 to 350 nits with a target value of between 80 to 120 nits being suitable for most displays in a normal viewing environment.","Mandatory":"0","Searchable":"0","Optional":"0","Feature":{"ID":"36441","Sign":"","Measure":{"ID":"43","Sign":"","Signs":{"ID":"13831","_":"cd/m²","Language":"FI"}},"Name":{"Value":"Näytön kirkkaus (tavallinen)","Language":"FI"}}},{"Localized":0,"ID":750954429,"LocalID":0,"Type":"dropdown","Value":"Flat screen","CategoryFeatureId":"133269","CategoryFeatureGroupID":"100","SortNo":"840","PresentationValue":"Litteä","RawValue":"Flat screen","LocalValue":"Litteä","Description":"","Mandatory":"1","Searchable":"0","Optional":"0","Feature":{"ID":"17554","Sign":"","Measure":{"ID":"29","Sign":"","Signs":{"ID":"","_":"","Language":"FI"}},"Name":{"Value":"Näytön muoto","Language":"FI"}}},{"Localized":0,"ID":750954416,"LocalID":0,"Type":"numerical","Value":"60","CategoryFeatureId":"183826","CategoryFeatureGroupID":"100","SortNo":"760","PresentationValue":"60 Hz","RawValue":"60","LocalValue":"60","Description":"","Mandatory":"1","Searchable":"0","Optional":"0","Feature":{"ID":"7450","Sign":"","Measure":{"ID":"36","Sign":"","Signs":{"ID":"13824","_":"Hz","Language":"FI"}},"Name":{"Value":"Suurin päivitystaajuus","Language":"FI"}}},{"Localized":0,"ID":750954435,"LocalID":0,"Type":"dropdown","Value":"1 billion colours","CategoryFeatureId":"154116","CategoryFeatureGroupID":"100","SortNo":"730","PresentationValue":"1 miljardia väriä","RawValue":"1 billion colours","LocalValue":"1 miljardia väriä","Description":"","Mandatory":"1","Searchable":"0","Optional":"0","Feature":{"ID":"24847","Sign":"","Measure":{"ID":"29","Sign":"","Signs":{"ID":"","_":"","Language":"FI"}},"Name":{"Value":"Näyttövärejä","Language":"FI"}}},{"Localized":0,"ID":750954411,"LocalID":0,"Type":"numerical","Value":"68.3","CategoryFeatureId":"683430","CategoryFeatureGroupID":"100","SortNo":"600","PresentationValue":"68,3 cm","RawValue":"68.3","LocalValue":"68,3","Description":"This is the size of the display screen","Mandatory":"0","Searchable":"0","Optional":"0","Feature":{"ID":"4174","Sign":"","Measure":{"ID":"34","Sign":"","Signs":{"ID":"13822","_":"cm","Language":"FI"}},"Name":{"Value":"Ruudun halkaisija (cm)","Language":"FI"}}}]},{"ID":10681,"SortNo":"45","FeatureGroup":{"ID":"184","Name":{"Value":"Suorituskyky","Language":"FI"}},"Features":[{"Localized":0,"ID":750954431,"LocalID":0,"Type":"y_n","Value":"N","CategoryFeatureId":"123176","CategoryFeatureGroupID":"10681","SortNo":"1000","PresentationValue":"Ei","RawValue":"N","LocalValue":"Ei","Description":"","Mandatory":"1","Searchable":"1","Optional":"0","Feature":{"ID":"20783","Sign":"","Measure":{"ID":"26","Sign":"","Signs":{"ID":"","_":"","Language":"FI"}},"Name":{"Value":"NVIDIA G-SYNC","Language":"FI"}}},{"Localized":0,"ID":750954436,"LocalID":0,"Type":"y_n","Value":"N","CategoryFeatureId":"193707","CategoryFeatureGroupID":"10681","SortNo":"980","PresentationValue":"Ei","RawValue":"N","LocalValue":"Ei","Description":"The product includes AMD Freesync Technology for the dynamic synchronization of the graphic card and the monitor in order to avoid screen tearing.","Mandatory":"1","Searchable":"1","Optional":"0","Feature":{"ID":"29607","Sign":"","Measure":{"ID":"26","Sign":"","Signs":{"ID":"","_":"","Language":"FI"}},"Name":{"Value":"AMD FreeSync","Language":"FI"}}}]},{"ID":10887,"SortNo":"40","FeatureGroup":{"ID":"186","Name":{"Value":"Multimedia","Language":"FI"}},"Features":[{"Localized":0,"ID":750954422,"LocalID":0,"Type":"numerical","Value":"6","CategoryFeatureId":"207681","CategoryFeatureGroupID":"10887","SortNo":"10000680","PresentationValue":"6","RawValue":"6","LocalValue":"6","Description":"The quantity of speakers included in/with the product.","Mandatory":"0","Searchable":"0","Optional":"0","Feature":{"ID":"10183","Sign":"","Measure":{"ID":"29","Sign":"","Signs":{"ID":"","_":"","Language":"FI"}},"Name":{"Value":"Kaiuttimien lukumäärä","Language":"FI"}}},{"Localized":0,"ID":750954408,"LocalID":0,"Type":"y_n","Value":"Y","CategoryFeatureId":"31341","CategoryFeatureGroupID":"10887","SortNo":"700","PresentationValue":"Kyllä","RawValue":"Y","LocalValue":"Kyllä","Description":"The device contains speaker(s) to produce sound.","Mandatory":"1","Searchable":"1","Optional":"0","Feature":{"ID":"2433","Sign":"","Measure":{"ID":"26","Sign":"","Signs":{"ID":"","_":"","Language":"FI"}},"Name":{"Value":"Sisäiset kaiuttimet","Language":"FI"}}},{"Localized":0,"ID":750954393,"LocalID":0,"Type":"numerical","Value":"12","CategoryFeatureId":"31470","CategoryFeatureGroupID":"10887","SortNo":"660","PresentationValue":"12 MP","RawValue":"12","LocalValue":"12","Description":"Megapikselit:  valoherkkien kuvaelementtien määrä (miljoonia), tai pikseliä, joita kameran kuvakenno (CCD) käyttää valon tallentamiseen, ja jotka heijastuvat lopullisen määrän tallennettuja pikseleitä muistikortille.","Mandatory":"0","Searchable":"0","Optional":"0","Feature":{"ID":"63","Sign":"","Measure":{"ID":"165","Sign":"","Signs":{"ID":"13942","_":"MP","Language":"FI"}},"Name":{"Value":"Megapikselit","Language":"FI"}}},{"Localized":0,"ID":750954399,"LocalID":0,"Type":"y_n","Value":"Y","CategoryFeatureId":"36489","CategoryFeatureGroupID":"10887","SortNo":"650","PresentationValue":"Kyllä","RawValue":"Y","LocalValue":"Kyllä","Description":"Microphone that is found inside the product.","Mandatory":"0","Searchable":"0","Optional":"0","Feature":{"ID":"1025","Sign":"","Measure":{"ID":"26","Sign":"","Signs":{"ID":"","_":"","Language":"FI"}},"Name":{"Value":"Kiinteä mikrofoni","Language":"FI"}}},{"Localized":0,"ID":750954417,"LocalID":0,"Type":"y_n","Value":"Y","CategoryFeatureId":"67278","CategoryFeatureGroupID":"10887","SortNo":"590","PresentationValue":"Kyllä","RawValue":"Y","LocalValue":"Kyllä","Description":"Tuotessa on integroitu kamera.","Mandatory":"1","Searchable":"1","Optional":"0","Feature":{"ID":"8074","Sign":"","Measure":{"ID":"26","Sign":"","Signs":{"ID":"","_":"","Language":"FI"}},"Name":{"Value":"Sisäänrakennettu kamera","Language":"FI"}}}]},{"ID":10677,"SortNo":"35","FeatureGroup":{"ID":"148","Name":{"Value":"Suunnittelu","Language":"FI"}},"Features":[{"Localized":0,"ID":750954420,"LocalID":0,"Type":"dropdown","Value":"Graphics design","CategoryFeatureId":"245761","CategoryFeatureGroupID":"10677","SortNo":"800","PresentationValue":"Graafinen suunnittelu","RawValue":"Graphics design","LocalValue":"Graafinen suunnittelu","Description":"Under which category can the device be positioned in the market, e.g. camera phone.","Mandatory":"1","Searchable":"1","Optional":"0","Feature":{"ID":"9021","Sign":"","Measure":{"ID":"29","Sign":"","Signs":{"ID":"","_":"","Language":"FI"}},"Name":{"Value":"Asema markkinoilla","Language":"FI"}}},{"Localized":0,"ID":750954403,"LocalID":0,"Type":"dropdown","Value":"Silver","CategoryFeatureId":"11218","CategoryFeatureGroupID":"10677","SortNo":"790","PresentationValue":"Hopea","RawValue":"Silver","LocalValue":"Hopea","Description":"The colour e.g. red","Mandatory":"1","Searchable":"1","Optional":"0","Feature":{"ID":"1766","Sign":"","Measure":{"ID":"29","Sign":"","Signs":{"ID":"","_":"","Language":"FI"}},"Name":{"Value":"Tuotteen väri","Language":"FI"}}}]},{"ID":1742,"SortNo":"30","FeatureGroup":{"ID":"12","Name":{"Value":"Liitettävyys","Language":"FI"}},"Features":[{"Localized":0,"ID":750954432,"LocalID":0,"Type":"y_n","Value":"Y","CategoryFeatureId":"139339","CategoryFeatureGroupID":"1742","SortNo":"900","PresentationValue":"Kyllä","RawValue":"Y","LocalValue":"Kyllä","Description":"Whether or not the device features a USB hub to connect more than one other device via USB.","Mandatory":"1","Searchable":"1","Optional":"0","Feature":{"ID":"22838","Sign":"","Measure":{"ID":"26","Sign":"","Signs":{"ID":"","_":"","Language":"FI"}},"Name":{"Value":"Sisäänrakennettu USB-keskus","Language":"FI"}}},{"Localized":0,"ID":750954433,"LocalID":0,"Type":"multi_dropdown","Value":"USB Type-C","CategoryFeatureId":"139342","CategoryFeatureGroupID":"1742","SortNo":"880","PresentationValue":"USB Type-C","RawValue":"USB Type-C","LocalValue":"USB Type-C","Description":"","Mandatory":"0","Searchable":"0","Optional":"0","Feature":{"ID":"22840","Sign":"","Measure":{"ID":"29","Sign":"","Signs":{"ID":"","_":"","Language":"FI"}},"Name":{"Value":"USB upstream -porttityyppi","Language":"FI"}}},{"Localized":0,"ID":750954440,"LocalID":0,"Type":"numerical","Value":"1","CategoryFeatureId":"682735","CategoryFeatureGroupID":"1742","SortNo":"850","PresentationValue":"1","RawValue":"1","LocalValue":"1","Description":"","Mandatory":"0","Searchable":"0","Optional":"0","Feature":{"ID":"42594","Sign":"","Measure":{"ID":"29","Sign":"","Signs":{"ID":"","_":"","Language":"FI"}},"Name":{"Value":"USB C-tyypin upstream-porttien lukumäärä","Language":"FI"}}},{"Localized":0,"ID":750954434,"LocalID":0,"Type":"numerical","Value":"3","CategoryFeatureId":"139349","CategoryFeatureGroupID":"1742","SortNo":"830","PresentationValue":"3","RawValue":"3","LocalValue":"3","Description":"","Mandatory":"0","Searchable":"0","Optional":"0","Feature":{"ID":"22843","Sign":"","Measure":{"ID":"29","Sign":"","Signs":{"ID":"","_":"","Language":"FI"}},"Name":{"Value":"USB C-tyypin downstream -porttien määrä","Language":"FI"}}},{"Localized":0,"ID":750954415,"LocalID":0,"Type":"y_n","Value":"N","CategoryFeatureId":"37850","CategoryFeatureGroupID":"1742","SortNo":"740","PresentationValue":"Ei","RawValue":"N","LocalValue":"Ei","Description":"HDMI (High-Definition Multimedia Interface) is a compact audio/video interface for transferring uncompressed video data and compressed/uncompressed digital audio data from a HDMI-compliant device (\"the source device\") to a compatible computer monitor","Mandatory":"1","Searchable":"0","Optional":"0","Feature":{"ID":"5620","Sign":"","Measure":{"ID":"26","Sign":"","Signs":{"ID":"","_":"","Language":"FI"}},"Name":{"Value":"HDMI","Language":"FI"}}},{"Localized":0,"ID":750954426,"LocalID":0,"Type":"y_n","Value":"N","CategoryFeatureId":"96400","CategoryFeatureGroupID":"1742","SortNo":"610","PresentationValue":"Ei","RawValue":"N","LocalValue":"Ei","Description":"The socket for connecting headphones to the device.","Mandatory":"1","Searchable":"0","Optional":"0","Feature":{"ID":"12195","Sign":"","Measure":{"ID":"26","Sign":"","Signs":{"ID":"","_":"","Language":"FI"}},"Name":{"Value":"Kuulokeliitäntä","Language":"FI"}}}]},{"ID":3070,"SortNo":"25","FeatureGroup":{"ID":"96","Name":{"Value":"Ergonomia","Language":"FI"}},"Features":[{"Localized":0,"ID":750954405,"LocalID":0,"Type":"y_n","Value":"Y","CategoryFeatureId":"68504","CategoryFeatureGroupID":"3070","SortNo":"340","PresentationValue":"Kyllä","RawValue":"Y","LocalValue":"Kyllä","Description":"The part of the device that can be adjusted to change the height.","Mandatory":"1","Searchable":"0","Optional":"0","Feature":{"ID":"1954","Sign":"","Measure":{"ID":"26","Sign":"","Signs":{"ID":"","_":"","Language":"FI"}},"Name":{"Value":"Korkeudensäätö","Language":"FI"}}},{"Localized":0,"ID":750982204,"LocalID":0,"Type":"numerical","Value":"105","CategoryFeatureId":"1083333","CategoryFeatureGroupID":"3070","SortNo":"330","PresentationValue":"10,5 cm","RawValue":"105","LocalValue":"10,5","Description":"","Mandatory":"0","Searchable":"0","Optional":"0","Feature":{"ID":"25138","Sign":"","Measure":{"ID":"24","Sign":"","Signs":{"ID":"13815","_":"mm","Language":"FI"}},"Name":{"Value":"Säädettävä korkeus (max)","Language":"FI"}}},{"Localized":0,"ID":750954418,"LocalID":0,"Type":"y_n","Value":"Y","CategoryFeatureId":"930782","CategoryFeatureGroupID":"3070","SortNo":"271","PresentationValue":"Kyllä","RawValue":"Y","LocalValue":"Kyllä","Description":"The tilt","Mandatory":"0","Searchable":"0","Optional":"0","Feature":{"ID":"8302","Sign":"","Measure":{"ID":"26","Sign":"","Signs":{"ID":"","_":"","Language":"FI"}},"Name":{"Value":"Korkeussäätö","Language":"FI"}}},{"Localized":0,"ID":750954407,"LocalID":0,"Type":"range","Value":"-5 - 25","CategoryFeatureId":"18150","CategoryFeatureGroupID":"3070","SortNo":"270","PresentationValue":"-5 - 25°","RawValue":"-5 - 25","LocalValue":"-5 - 25","Description":"","Mandatory":"0","Searchable":"0","Optional":"0","Feature":{"ID":"2077","Sign":"","Measure":{"ID":"32","Sign":"","Signs":{"ID":"13820","_":"°","Language":"FI"}},"Name":{"Value":"Kallistuskulma","Language":"FI"}}}]},{"ID":99,"SortNo":"24","FeatureGroup":{"ID":"27","Name":{"Value":"Virranhallinta","Language":"FI"}},"Features":[{"Localized":0,"ID":750954441,"LocalID":0,"Type":"dropdown","Value":"E","CategoryFeatureId":"708167","CategoryFeatureGroupID":"99","SortNo":"300","PresentationValue":"E","RawValue":"E","LocalValue":"E","Description":"","Mandatory":"1","Searchable":"0","Optional":"0","Feature":{"ID":"42856","Sign":"","Measure":{"ID":"29","Sign":"","Signs":{"ID":"","_":"","Language":"FI"}},"Name":{"Value":"Energiatehokkuusluokka (SDR)","Language":"FI"}}},{"Localized":0,"ID":750954443,"LocalID":0,"Type":"numerical","Value":"21","CategoryFeatureId":"708169","CategoryFeatureGroupID":"99","SortNo":"280","PresentationValue":"21 kWh","RawValue":"21","LocalValue":"21","Description":"","Mandatory":"1","Searchable":"0","Optional":"0","Feature":{"ID":"42858","Sign":"","Measure":{"ID":"103","Sign":"","Signs":{"ID":"13886","_":"kWh","Language":"FI"}},"Name":{"Value":"Energiankulutus (SDR) 1 000 tuntia kohti","Language":"FI"}}},{"Localized":0,"ID":750954406,"LocalID":0,"Type":"numerical","Value":"0.5","CategoryFeatureId":"9930","CategoryFeatureGroupID":"99","SortNo":"250","PresentationValue":"0,5 W","RawValue":"0.5","LocalValue":"0,5","Description":"The amount of electricity that is consumed when the product is on standby.","Mandatory":"1","Searchable":"0","Optional":"0","Feature":{"ID":"2036","Sign":"","Measure":{"ID":"44","Sign":"","Signs":{"ID":"13832","_":"W","Language":"FI"}},"Name":{"Value":"Virrankulutus valmiustilassa","Language":"FI"}}},{"Localized":0,"ID":750954419,"LocalID":0,"Type":"dropdown","Value":"100 - 240","CategoryFeatureId":"122959","CategoryFeatureGroupID":"99","SortNo":"200","PresentationValue":"100 - 240 V","RawValue":"100 - 240","LocalValue":"100 - 240","Description":"The voltage of the AC electricity that is inputted into the product.","Mandatory":"0","Searchable":"0","Optional":"0","Feature":{"ID":"8491","Sign":"","Measure":{"ID":"42","Sign":"","Signs":{"ID":"13830","_":"V","Language":"FI"}},"Name":{"Value":"AC-syöttöjännite","Language":"FI"}}},{"Localized":0,"ID":750954438,"LocalID":0,"Type":"dropdown","Value":"A to G","CategoryFeatureId":"313577","CategoryFeatureGroupID":"99","SortNo":"150","PresentationValue":"A - G","RawValue":"A to G","LocalValue":"A - G","Description":"","Mandatory":"0","Searchable":"0","Optional":"0","Feature":{"ID":"39201","Sign":"","Measure":{"ID":"29","Sign":"","Signs":{"ID":"","_":"","Language":"FI"}},"Name":{"Value":"Energiatehokkuusasteikko","Language":"FI"}}},{"Localized":0,"ID":750954445,"LocalID":0,"Type":"numerical","Value":"1053323","CategoryFeatureId":"950411","CategoryFeatureGroupID":"99","SortNo":"149","PresentationValue":"1053323","RawValue":"1053323","LocalValue":"1053323","Description":"","Mandatory":"0","Searchable":"0","Optional":"0","Feature":{"ID":"47801","Sign":"","Measure":{"ID":"29","Sign":"","Signs":{"ID":"","_":"","Language":"FI"}},"Name":{"Value":"Euroopan tuoterekisterin energiamerkintäkoodi (EPREL)","Language":"FI"}}}]},{"ID":1205,"SortNo":"23","FeatureGroup":{"ID":"28","Name":{"Value":"Ympäristöolosuhteet","Language":"FI"}},"Features":[{"Localized":0,"ID":750954400,"LocalID":0,"Type":"range","Value":"10 - 35","CategoryFeatureId":"5557","CategoryFeatureGroupID":"1205","SortNo":"200","PresentationValue":"10 - 35 °C","RawValue":"10 - 35","LocalValue":"10 - 35","Description":"The minimum and maximum temperatures at which the product can be safely operated.","Mandatory":"0","Searchable":"0","Optional":"0","Feature":{"ID":"1112","Sign":"","Measure":{"ID":"65","Sign":"","Signs":{"ID":"13851","_":"°C","Language":"FI"}},"Name":{"Value":"Käyttölämpötila (T-T)","Language":"FI"}}},{"Localized":0,"ID":750954396,"LocalID":0,"Type":"range","Value":"5 - 90","CategoryFeatureId":"4997","CategoryFeatureGroupID":"1205","SortNo":"180","PresentationValue":"5 - 90%","RawValue":"5 - 90","LocalValue":"5 - 90","Description":"","Mandatory":"0","Searchable":"0","Optional":"0","Feature":{"ID":"703","Sign":"","Measure":{"ID":"64","Sign":"","Signs":{"ID":"47","_":"%","Language":"EN"}},"Name":{"Value":"Käytön suhteellinen kosteus (H-H)","Language":"FI"}}},{"Localized":0,"ID":750954395,"LocalID":0,"Type":"range","Value":"0 - 5000","CategoryFeatureId":"17175","CategoryFeatureGroupID":"1205","SortNo":"160","PresentationValue":"0 - 5000 m","RawValue":"0 - 5000","LocalValue":"0 - 5000","Description":"","Mandatory":"0","Searchable":"0","Optional":"0","Feature":{"ID":"667","Sign":"","Measure":{"ID":"54","Sign":"","Signs":{"ID":"13841","_":"m","Language":"FI"}},"Name":{"Value":"Käyttökorkeus","Language":"FI"}}}]},{"ID":98,"SortNo":"21","FeatureGroup":{"ID":"14","Name":{"Value":"Paino ja mitat","Language":"FI"}},"Features":[{"Localized":0,"ID":750954410,"LocalID":0,"Type":"numerical","Value":"623","CategoryFeatureId":"22203","CategoryFeatureGroupID":"98","SortNo":"400","PresentationValue":"623 mm","RawValue":"623","LocalValue":"623","Description":"","Mandatory":"0","Searchable":"0","Optional":"0","Feature":{"ID":"4156","Sign":"","Measure":{"ID":"24","Sign":"","Signs":{"ID":"13815","_":"mm","Language":"FI"}},"Name":{"Value":"Laitteen leveys (jalustan kanssa)","Language":"FI"}}},{"Localized":0,"ID":750954413,"LocalID":0,"Type":"numerical","Value":"207","CategoryFeatureId":"22162","CategoryFeatureGroupID":"98","SortNo":"390","PresentationValue":"207 mm","RawValue":"207","LocalValue":"207","Description":"","Mandatory":"0","Searchable":"0","Optional":"0","Feature":{"ID":"4179","Sign":"","Measure":{"ID":"24","Sign":"","Signs":{"ID":"13815","_":"mm","Language":"FI"}},"Name":{"Value":"Laitteen syvyys (jalustan kanssa)","Language":"FI"}}},{"Localized":0,"ID":750954412,"LocalID":0,"Type":"numerical","Value":"583","CategoryFeatureId":"22171","CategoryFeatureGroupID":"98","SortNo":"380","PresentationValue":"583 mm","RawValue":"583","LocalValue":"583","Description":"","Mandatory":"0","Searchable":"0","Optional":"0","Feature":{"ID":"4178","Sign":"","Measure":{"ID":"24","Sign":"","Signs":{"ID":"13815","_":"mm","Language":"FI"}},"Name":{"Value":"Laitteen korkeus (jalustan kanssa)","Language":"FI"}}},{"Localized":0,"ID":750954430,"LocalID":0,"Type":"numerical","Value":"7700","CategoryFeatureId":"112042","CategoryFeatureGroupID":"98","SortNo":"370","PresentationValue":"7,7 kg","RawValue":"7700","LocalValue":"7,7","Description":"","Mandatory":"0","Searchable":"0","Optional":"0","Feature":{"ID":"19017","Sign":"","Measure":{"ID":"38","Sign":"","Signs":{"ID":"13826","_":"g","Language":"FI"}},"Name":{"Value":"Paino (jalustan kanssa)","Language":"FI"}}}]},{"ID":49260,"SortNo":"19","FeatureGroup":{"ID":"116","Name":{"Value":"Pakkauksen sisältö","Language":"FI"}},"Features":[{"Localized":0,"ID":750954423,"LocalID":0,"Type":"y_n","Value":"Y","CategoryFeatureId":"123142","CategoryFeatureGroupID":"49260","SortNo":"500","PresentationValue":"Kyllä","RawValue":"Y","LocalValue":"Kyllä","Description":"","Mandatory":"0","Searchable":"0","Optional":"0","Feature":{"ID":"10505","Sign":"","Measure":{"ID":"26","Sign":"","Signs":{"ID":"","_":"","Language":"FI"}},"Name":{"Value":"Jalusta sisältyy","Language":"FI"}}},{"Localized":0,"ID":750954404,"LocalID":0,"Type":"multi_dropdown","Value":"Thunderbolt","CategoryFeatureId":"16133","CategoryFeatureGroupID":"49260","SortNo":"490","PresentationValue":"Thunderbolt","RawValue":"Thunderbolt","LocalValue":"Thunderbolt","Description":"","Mandatory":"0","Searchable":"0","Optional":"0","Feature":{"ID":"1830","Sign":"","Measure":{"ID":"29","Sign":"","Signs":{"ID":"","_":"","Language":"FI"}},"Name":{"Value":"Sisältää johdot","Language":"FI"}}}]},{"ID":72250,"SortNo":"5","FeatureGroup":{"ID":"279","Name":{"Value":"Kestävyys","Language":"FI"}},"Features":[{"Localized":0,"ID":750954439,"LocalID":0,"Type":"multi_dropdown","Value":"ENERGY STAR","CategoryFeatureId":"603799","CategoryFeatureGroupID":"72250","SortNo":"40","PresentationValue":"ENERGY STAR","RawValue":"ENERGY STAR","LocalValue":"ENERGY STAR","Description":"","Mandatory":"0","Searchable":"0","Optional":"0","Feature":{"ID":"42513","Sign":"","Measure":{"ID":"29","Sign":"","Signs":{"ID":"","_":"","Language":"FI"}},"Name":{"Value":"Kestävän kehityksen sertifikaatit","Language":"FI"}}}]},{"ID":8454,"SortNo":"-2","FeatureGroup":{"ID":"146","Name":{"Value":"Muut ominaisuudet","Language":"FI"}},"Features":[{"Localized":0,"ID":750954409,"LocalID":0,"Type":"textarea","Value":"macOS Monterey 12.3 or later\niPadOS 15.4 or later","CategoryFeatureId":"114072","CategoryFeatureGroupID":"8454","SortNo":"620","PresentationValue":"macOS Monterey 12.3 or later\niPadOS 15.4 or later","RawValue":"macOS Monterey 12.3 or later\niPadOS 15.4 or later","LocalValue":"macOS Monterey 12.3 or later\niPadOS 15.4 or later","Description":"Luettelo yhteensopiviksi testatuista pöytäkoneen käyttöjärjestelmissä, sisältäen valmistajan uudelleennimetyn nimen ja version.","Mandatory":"0","Searchable":"0","Optional":"1","Feature":{"ID":"2507","Sign":"","Measure":{"ID":"29","Sign":"","Signs":{"ID":"","_":"","Language":"FI"}},"Name":{"Value":"Yhteensopivat käyttöjärjestelmät","Language":"FI"}}},{"Localized":0,"ID":750954397,"LocalID":0,"Type":"textarea","Value":"Mac Studio (2022), 16-inch MacBook Pro (2019 or later), 14-inch MacBook Pro (2021), 13-inch MacBook Pro (2016 or later), 15-inch MacBook Pro (2016 or later), MacBook Air (2018 or later), Mac mini (2018 or later), Mac Pro (2019 or later), 24-inch iMac (2021), 27-inch iMac (2017 or later), 21.5-inch iMac (2017 or later), iMac Pro (2017), iPad Pro 12.9-inch (3rd generation or later), iPad Pro 11-inch, iPad Air (5th generation)","CategoryFeatureId":"20313","CategoryFeatureGroupID":"8454","SortNo":"610","PresentationValue":"Mac Studio (2022), 16-inch MacBook Pro (2019 or later), 14-inch MacBook Pro (2021), 13-inch MacBook Pro (2016 or later), 15-inch MacBook Pro (2016 or later), MacBook Air (2018 or later), Mac mini (2018 or later), Mac Pro (2019 or later), 24-inch iMac (2021), 27-inch iMac (2017 or later), 21.5-inch iMac (2017 or later), iMac Pro (2017), iPad Pro 12.9-inch (3rd generation or later), iPad Pro 11-inch, iPad Air (5th generation)","RawValue":"Mac Studio (2022), 16-inch MacBook Pro (2019 or later), 14-inch MacBook Pro (2021), 13-inch MacBook Pro (2016 or later), 15-inch MacBook Pro (2016 or later), MacBook Air (2018 or later), Mac mini (2018 or later), Mac Pro (2019 or later), 24-inch iMac (2021), 27-inch iMac (2017 or later), 21.5-inch iMac (2017 or later), iMac Pro (2017), iPad Pro 12.9-inch (3rd generation or later), iPad Pro 11-inch, iPad Air (5th generation)","LocalValue":"Mac Studio (2022), 16-inch MacBook Pro (2019 or later), 14-inch MacBook Pro (2021), 13-inch MacBook Pro (2016 or later), 15-inch MacBook Pro (2016 or later), MacBook Air (2018 or later), Mac mini (2018 or later), Mac Pro (2019 or later), 24-inch iMac (2021), 27-inch iMac (2017 or later), 21.5-inch iMac (2017 or later), iMac Pro (2017), iPad Pro 12.9-inch (3rd generation or later), iPad Pro 11-inch, iPad Air (5th generation)","Description":"The other products","Mandatory":"0","Searchable":"0","Optional":"1","Feature":{"ID":"890","Sign":"","Measure":{"ID":"29","Sign":"","Signs":{"ID":"","_":"","Language":"FI"}},"Name":{"Value":"Yhteensopivuus","Language":"FI"}}}]}],"FeatureLogos":[{"LogoPic":"https://inishop.com/img/feature_logo/4-8210.png","Width":"195","Height":"200","Size":"0","ThumbPic":"https://inishop.com/img/feature_logo_thumbs/4-8210.png","FeatureID":"42513","Value":"ENERGY STAR","KeyLogo":0},{"LogoPic":"https://inishop.com/img/feature_logo/979-9412.png","Width":"300","Height":"165","Size":"0","ThumbPic":"https://inishop.com/img/feature_logo_thumbs/979-9412.png","FeatureID":"42856","Value":"E","KeyLogo":1}],"ReasonsToBuy":[],"Reviews":[],"ProductRelated":[{"ID":322234368,"CategoryID":788,"Preferred":0,"IcecatID":100727753,"ProductCode":"BPDT6022/A","ThumbPic":"","ProductName":"Business Plus - Huoltopalvelu Apple-pöytäkone tai -näyttö - 60 kuukautta","Brand":"mcare","BrandID":37476,"ProductRelatedLocales":[{"ID":0,"Language":"FI","Preferred":0,"StartDate":"","EndDate":""}]},{"ID":322234367,"CategoryID":788,"Preferred":0,"IcecatID":100727752,"ProductCode":"BPDT4822/A","ThumbPic":"","ProductName":"Business Plus - Huoltopalvelu Apple-pöytäkone tai -näyttö - 48 kuukautta","Brand":"mcare","BrandID":37476,"ProductRelatedLocales":[{"ID":0,"Language":"FI","Preferred":0,"StartDate":"","EndDate":""}]},{"ID":322234366,"CategoryID":788,"Preferred":0,"IcecatID":100727751,"ProductCode":"BPDT3622/A","ThumbPic":"","ProductName":"Business Plus - Huoltopalvelu Apple-pöytäkone tai -näyttö - 36 kuukautta","Brand":"mcare","BrandID":37476,"ProductRelatedLocales":[{"ID":0,"Language":"FI","Preferred":0,"StartDate":"","EndDate":""}]},{"ID":322234365,"CategoryID":788,"Preferred":0,"IcecatID":100727750,"ProductCode":"BPDT2422/A","ThumbPic":"","ProductName":"Business Plus - Huoltopalvelu Apple-pöytäkone tai -näyttö - 24 kuukautta","Brand":"mcare","BrandID":37476,"ProductRelatedLocales":[{"ID":0,"Language":"FI","Preferred":0,"StartDate":"","EndDate":""}]},{"ID":322234364,"CategoryID":788,"Preferred":0,"IcecatID":100727742,"ProductCode":"BDT6022/A","ThumbPic":"","ProductName":"Business - Huoltopalvelu Apple-pöytäkone tai -näyttö - 60 kuukautta","Brand":"mcare","BrandID":37476,"ProductRelatedLocales":[{"ID":0,"Language":"FI","Preferred":0,"StartDate":"","EndDate":""}]},{"ID":322234363,"CategoryID":788,"Preferred":0,"IcecatID":100727741,"ProductCode":"BDT4822/A","ThumbPic":"","ProductName":"Business - Huoltopalvelu Apple-pöytäkone tai -näyttö - 48 kuukautta","Brand":"mcare","BrandID":37476,"ProductRelatedLocales":[{"ID":0,"Language":"FI","Preferred":0,"StartDate":"","EndDate":""}]},{"ID":322234362,"CategoryID":788,"Preferred":0,"IcecatID":100727740,"ProductCode":"BDT3622/A","ThumbPic":"","ProductName":"Business - Huoltopalvelu Apple-pöytäkone tai -näyttö - 36 kuukautta","Brand":"mcare","BrandID":37476,"ProductRelatedLocales":[{"ID":0,"Language":"FI","Preferred":0,"StartDate":"","EndDate":""}]},{"ID":322234361,"CategoryID":788,"Preferred":0,"IcecatID":100727739,"ProductCode":"BDT2422/A","ThumbPic":"","ProductName":"Business - Huoltopalvelu Apple-pöytäkone tai -näyttö - 24 kuukautta","Brand":"mcare","BrandID":37476,"ProductRelatedLocales":[{"ID":0,"Language":"FI","Preferred":0,"StartDate":"","EndDate":""}]}],"CatalogObjectCloud":{},"Variants":[],"ProductStory":[],"Dictionary":{"model_name":"Tuotenimi","desc":"Kuvaus","ean_code":"EAN/UPC-koodi","flash360":"3D-esittely","demo_msg_part3":"Jos sinulla ei ole Icecat-k&auml;ytt&auml;j&auml;tili&auml;, ole hyv&auml; ja rekister&ouml;idy maksutta t&auml;&auml;lt&auml;.","repairability_index":"Repairability index","zoom_panel_init":"Alkuper&auml;inen koko","cat_name":"Ryhm&auml;","product_family":"Tuoteperhe","back_to_top":"Takaisin yl&ouml;s","zoom_panel_out":"Loitonna","specs":"Tekniset tiedot","eu_product_fiche":"EU-tuoteseloste","reviews_head_name":"Arvostelut","pdf_specs":"Tuote-esite","zoom_panel_in":"L&auml;henn&auml;","html_content":"","release_date":"Julkaisup&auml;iv&auml;","demo_msg_part1":"K&auml;yt&auml;t t&auml;ll&auml; hetkell&auml; demo-k&auml;ytt&auml;j&auml;tili&auml;. Ole hyv&auml; ja k&auml;yt&auml; omaa Icecat-k&auml;ytt&auml;j&auml;tili&auml;si.","demo_insert_desc":"This is a demo of a seamless insert of an Icecat LIVE product data-sheet in your website. Imagine that this responsive data-sheet is included in the product page of your webshop.","pdf_url":"K&auml;ytt&ouml;opas","prod_code":"Tuotekoodi","supplier_name":"Tuotemerkki","video":"Video","reasons_to_buy":"Syitä ostaa","marketing_text":"Kuvaus","options_head_name":"Vaihtoehdot","product_series":"Tuotesarja","demo_msg_part2":"Icecat k&auml;ytt&auml;j&auml;tunnuksesi","link_integrate_desk":"Kuinka integroida Icecat LIVE JavaScript.","zoom_panel_dragg":"Hiirell&auml; vet&auml;minen","eu_energy_label":"EU-energiamerkintä"},"DemoAccount":false}}