{"msg":"OK","data":{"GeneralInfo":{"IcecatId":69681834,"ReleaseDate":"14-01-2019","EndOfLifeDate":"","Title":"Philips 1000 series Nappikuulokkeet ja mikrofoni SHE2405PP/00","TitleInfo":{"GeneratedIntTitle":"Philips 1000 series SHE2405PP/00 headphones/headset","GeneratedLocalTitle":{"Value":"Philips 1000 series SHE2405PP/00 kuulokkeet ja kuulokemikrofoni Langallinen In-ear Puhelut/Musiikki Vaaleanpunainen, Purppura","Language":"FI"},"BrandLocalTitle":{"Value":"Philips 1000 series Nappikuulokkeet ja mikrofoni SHE2405PP/00","Language":"FI"}},"Brand":"Philips","BrandID":"25","BrandLogo":"https://images.icecat.biz/img/brand/thumb/25_c26c0239c23244eaaccd8bb3e8990a9e.jpg","BrandInfo":{"BrandName":"Philips","BrandLocalName":"","BrandLogo":"https://images.icecat.biz/img/brand/thumb/25_c26c0239c23244eaaccd8bb3e8990a9e.jpg"},"ProductName":"Nappikuulokkeet ja mikrofoni SHE2405PP/00","ProductNameInfo":{"ProductIntName":"SHE2405PP/00","ProductLocalName":{"Value":"Nappikuulokkeet ja mikrofoni SHE2405PP/00","Language":"FI"}},"BrandPartCode":"SHE2405PP/00","GTIN":["6951613981719"],"Category":{"CategoryID":"1637","Name":{"Value":"Kuulokkeet ja kuulokemikrofonit","Language":"FI"}},"ProductFamily":{"ProductFamilyID":"64648","Value":"1000 series","Language":"EN"},"ProductSeries":{"SeriesID":"1"},"Description":{"ID":"67383298","LongDesc":"Korvanapit sopivat korvaan luonnollisesti ja tuntuvat miellyttäviltä. Nykyaikaisessa kuulokemallissa on läpinäkyvä runko, joka vaikuttaa kaksikerroksiselta, ja liukuvärjätty johto erottuu joukosta. Neljä värivaihtoehtoa.","LongProductName":"Eloisa väri tuo piristystä elämään.","MiddleDesc":"","Disclaimer":"","ManualPDFURL":"","ManualPDFSize":"0","LeafletPDFURL":"","PDFSize":"0","URL":"https://www.philips.fi/c-p/SHE2405PP_00/1000-series-nappikuulokkeet-ja-mikrofoni","WarrantyInfo":"","Updated":"2019-03-31 20:20:12","Language":"FI"},"SummaryDescription":{"ShortSummaryDescription":"Philips 1000 series Nappikuulokkeet ja mikrofoni SHE2405PP/00, Langallinen, Puhelut/Musiikki, Kuulokkeet, Vaaleanpunainen, Purppura","LongSummaryDescription":"Philips 1000 series Nappikuulokkeet ja mikrofoni SHE2405PP/00. Tuotetyyppi: Kuulokkeet. Yhteysteknologia: Langallinen. Suositeltu käyttö: Puhelut/Musiikki, Johdon pituus: 1,2 m, Tuotteen väri: Vaaleanpunainen, Purppura"},"BulletPoints":{"BulletPointsId":"1896990","Language":"FI","Values":["8,6 mm:n elementit / suljettu takaosa","integroitu mikrofoni","Pinkki ja violetti","Nappikuuloke"],"Updated":"2019-04-01 10:11:15"},"GeneratedBulletPoints":{"Language":"FI","Values":["Vaaleanpunainen, Purppura Puhelut/Musiikki In-ear Kuulokkeet","Langallinen 3,5 mm liitin","Korvan sisäinen","Mikrofonityyppi: In-line"]},"GTINs":[{"GTIN":"6951613981719","IsApproved":true}]},"Image":{"HighPic":"https://images.icecat.biz/img/gallery/69681834_1138583703.jpg","HighPicSize":"542440","HighPicHeight":"2400","HighPicWidth":"958","LowPic":"https://images.icecat.biz/img/gallery_lows/69681834_1138583703.jpg","LowPicSize":"16298","LowPicHeight":"200","LowPicWidth":"79","Pic500x500":"https://images.icecat.biz/img/gallery_mediums/69681834_1138583703.jpg","Pic500x500Size":"64924","Pic500x500Height":"500","Pic500x500Width":"199","ThumbPic":"https://images.icecat.biz/img/gallery_thumbs/69681834_1138583703.jpg","ThumbPicSize":"3979"},"Multimedia":[{"ID":"00000000-0000-0000-0000-000000000000","URL":"https://icecat.biz/rest/product-pdf?productId=69681834&lang=fi","Type":"leaflet","ContentType":"application/pdf","KeepAsUrl":"0","Description":"Brochure Philips SHE2405PP/00","Size":"0","IsPrivate":"0","Updated":"2025-09-10 13:58:06","Language":"FI","IsVideo":0}],"Gallery":[{"ID":"31008336","LowPic":"https://images.icecat.biz/img/gallery_lows/69681834_1138583703.jpg","LowSize":"16298","LowHeight":"200","LowWidth":"79","ThumbPic":"https://images.icecat.biz/img/gallery_thumbs/69681834_1138583703.jpg","ThumbPicSize":"3979","Pic":"https://images.icecat.biz/img/gallery/69681834_1138583703.jpg","Size":"542440","PicHeight":"2400","PicWidth":"958","Pic500x500":"https://images.icecat.biz/img/gallery_mediums/69681834_1138583703.jpg","Pic500x500Size":"64924","Pic500x500Height":"500","Pic500x500Width":"199","No":"1","IsMain":"Y","Updated":"2019-03-22 03:18:32","IsPrivate":"0","Type":"ProductImage","Attributes":{"OriginalFileName":""}}],"FeaturesGroups":[{"ID":10774,"SortNo":"60","FeatureGroup":{"ID":"184","Name":{"Value":"Suorituskyky","Language":"FI"}},"Features":[{"Localized":0,"ID":339540402,"LocalID":0,"Type":"dropdown","Value":"Headset","CategoryFeatureId":"320952","CategoryFeatureGroupID":"10774","SortNo":"300","PresentationValue":"Kuulokkeet","RawValue":"Headset","LocalValue":"Kuulokkeet","Description":"The sub-category of the product.","Mandatory":"1","Searchable":"1","Optional":"0","Feature":{"ID":"14052","Sign":"","Measure":{"ID":"29","Sign":"","Signs":{"ID":"","_":"","Language":"FI"}},"Name":{"Value":"Tuotetyyppi","Language":"FI"}}},{"Localized":0,"ID":339696240,"LocalID":0,"Type":"dropdown","Value":"In-ear","CategoryFeatureId":"48583","CategoryFeatureGroupID":"10774","SortNo":"294","PresentationValue":"In-ear","RawValue":"In-ear","LocalValue":"In-ear","Description":"The way in which the device is worn.","Mandatory":"1","Searchable":"1","Optional":"0","Feature":{"ID":"8136","Sign":"","Measure":{"ID":"29","Sign":"","Signs":{"ID":"","_":"","Language":"FI"}},"Name":{"Value":"Käyttötapa","Language":"FI"}}},{"Localized":0,"ID":365927712,"LocalID":0,"Type":"dropdown","Value":"Calls/Music","CategoryFeatureId":"320937","CategoryFeatureGroupID":"10774","SortNo":"291","PresentationValue":"Puhelut/Musiikki","RawValue":"Calls/Music","LocalValue":"Puhelut/Musiikki","Description":"What the product should be used for","Mandatory":"1","Searchable":"1","Optional":"0","Feature":{"ID":"8480","Sign":"","Measure":{"ID":"29","Sign":"","Signs":{"ID":"","_":"","Language":"FI"}},"Name":{"Value":"Suositeltu käyttö","Language":"FI"}}},{"Localized":0,"ID":339663271,"LocalID":0,"Type":"dropdown","Value":"Binaural","CategoryFeatureId":"48578","CategoryFeatureGroupID":"10774","SortNo":"288","PresentationValue":"Kaksikanavainen","RawValue":"Binaural","LocalValue":"Kaksikanavainen","Description":"A headset is headphones combined with a microphone","Mandatory":"0","Searchable":"0","Optional":"0","Feature":{"ID":"8135","Sign":"","Measure":{"ID":"29","Sign":"","Signs":{"ID":"","_":"","Language":"FI"}},"Name":{"Value":"Kuulokkeiden tyyppi","Language":"FI"}}},{"Localized":0,"ID":339617330,"LocalID":0,"Type":"multi_dropdown","Value":"Pink,Purple","CategoryFeatureId":"41175","CategoryFeatureGroupID":"10774","SortNo":"280","PresentationValue":"Vaaleanpunainen, Purppura","RawValue":"Pink,Purple","LocalValue":"Vaaleanpunainen, Purppura","Description":"The colour e.g. red","Mandatory":"1","Searchable":"0","Optional":"0","Feature":{"ID":"1766","Sign":"","Measure":{"ID":"29","Sign":"","Signs":{"ID":"","_":"","Language":"FI"}},"Name":{"Value":"Tuotteen väri","Language":"FI"}}},{"Localized":0,"ID":339340960,"LocalID":0,"Type":"numerical","Value":"1.2","CategoryFeatureId":"42582","CategoryFeatureGroupID":"10774","SortNo":"270","PresentationValue":"1,2 m","RawValue":"1.2","LocalValue":"1,2","Description":"How long the cable is.","Mandatory":"0","Searchable":"0","Optional":"0","Feature":{"ID":"1266","Sign":"","Measure":{"ID":"54","Sign":"","Signs":{"ID":"13841","_":"m","Language":"FI"}},"Name":{"Value":"Johdon pituus","Language":"FI"}}},{"Localized":0,"ID":835247913,"LocalID":0,"Type":"y_n","Value":"Y","CategoryFeatureId":"804128","CategoryFeatureGroupID":"10774","SortNo":"0","PresentationValue":"Kyllä","RawValue":"Y","LocalValue":"Kyllä","Description":"","Mandatory":"0","Searchable":"0","Optional":"0","Feature":{"ID":"44242","Sign":"","Measure":{"ID":"26","Sign":"","Signs":{"ID":"","_":"","Language":"FI"}},"Name":{"Value":"Selkeä ääni","Language":"FI"}}}]},{"ID":6264,"SortNo":"40","FeatureGroup":{"ID":"12","Name":{"Value":"Liitettävyys","Language":"FI"}},"Features":[{"Localized":0,"ID":339585291,"LocalID":0,"Type":"dropdown","Value":"Wired","CategoryFeatureId":"155712","CategoryFeatureGroupID":"6264","SortNo":"298","PresentationValue":"Langallinen","RawValue":"Wired","LocalValue":"Langallinen","Description":"The technology that enables connectivity of the device, e.g. wired or wireless.","Mandatory":"1","Searchable":"1","Optional":"0","Feature":{"ID":"1655","Sign":"","Measure":{"ID":"29","Sign":"","Signs":{"ID":"","_":"","Language":"FI"}},"Name":{"Value":"Yhteysteknologia","Language":"FI"}}},{"Localized":0,"ID":339724199,"LocalID":0,"Type":"y_n","Value":"Y","CategoryFeatureId":"199409","CategoryFeatureGroupID":"6264","SortNo":"290","PresentationValue":"Kyllä","RawValue":"Y","LocalValue":"Kyllä","Description":"","Mandatory":"0","Searchable":"0","Optional":"0","Feature":{"ID":"14760","Sign":"","Measure":{"ID":"26","Sign":"","Signs":{"ID":"","_":"","Language":"FI"}},"Name":{"Value":"3,5 mm liitin","Language":"FI"}}},{"Localized":0,"ID":339734207,"LocalID":0,"Type":"y_n","Value":"N","CategoryFeatureId":"199416","CategoryFeatureGroupID":"6264","SortNo":"288","PresentationValue":"Ei","RawValue":"N","LocalValue":"Ei","Description":"Nopean 2.0 USB -liitännän ansiosta laitteesi toistaa USB-muistitikulle tallennettuja MP3-tiedostoja.","Mandatory":"0","Searchable":"0","Optional":"0","Feature":{"ID":"10496","Sign":"","Measure":{"ID":"26","Sign":"","Signs":{"ID":"","_":"","Language":"FI"}},"Name":{"Value":"USB-liitettävyys","Language":"FI"}}},{"Localized":0,"ID":339633584,"LocalID":0,"Type":"y_n","Value":"N","CategoryFeatureId":"199418","CategoryFeatureGroupID":"6264","SortNo":"286","PresentationValue":"Ei","RawValue":"N","LocalValue":"Ei","Description":"Bluetooth on pienitehoinen radiotekniikka, joka on kehitetty korvaamaan nykyisin käytetyt kaapelit ja johdotn linkittämään tai liittämään elektronisia laitteita, kuten tietokoneita, tulostimia, sekä erilaisia ​​kannettavia laitteita kuten matkapuhelimia. Koska se käyttää radio-aallon yhteyytä, Bluetooth-laiteella on jatkuva yhteysä käyttämäänsä selaimeen. Tämä säästää käyttäjän aikaa esimerkiksi turhilta kirjautumisilta sähköposteja tai uutisia lukiessaani.","Mandatory":"0","Searchable":"0","Optional":"0","Feature":{"ID":"2183","Sign":"","Measure":{"ID":"26","Sign":"","Signs":{"ID":"","_":"","Language":"FI"}},"Name":{"Value":"Bluetooth","Language":"FI"}}}]},{"ID":5109,"SortNo":"30","FeatureGroup":{"ID":"71","Name":{"Value":"Kuulokkeet","Language":"FI"}},"Features":[{"Localized":0,"ID":339709663,"LocalID":0,"Type":"dropdown","Value":"Intraaural","CategoryFeatureId":"42691","CategoryFeatureGroupID":"5109","SortNo":"50","PresentationValue":"Korvan sisäinen","RawValue":"Intraaural","LocalValue":"Korvan sisäinen","Description":"Kuulokkeet erotellaan sen mukaan, pidetäänkö niitä ulkokorvan päällä (supra-aural)) vai korvan ympärillä (circumaural). Avoimissa kuulokkeissa on vaahtomuoviset korvatyynyt jotka lepäävät korvilla tai rengastyynyt, jotka ympäröivät korvat. Suljettu kuulokkeet taas ovat lähes poikkeuksetta lähes aina korvien ympärille tulevaa mallia.","Mandatory":"1","Searchable":"0","Optional":"0","Feature":{"ID":"2527","Sign":"","Measure":{"ID":"29","Sign":"","Signs":{"ID":"","_":"","Language":"FI"}},"Name":{"Value":"Korvakytkentä","Language":"FI"}}},{"Localized":0,"ID":835247931,"LocalID":0,"Type":"dropdown","Value":"Neodymium","CategoryFeatureId":"41174","CategoryFeatureGroupID":"5109","SortNo":"34","PresentationValue":"Neodyymi","RawValue":"Neodymium","LocalValue":"Neodyymi","Description":"Type of magnet e.g. neodymium.","Mandatory":"0","Searchable":"0","Optional":"0","Feature":{"ID":"2380","Sign":"","Measure":{"ID":"29","Sign":"","Signs":{"ID":"","_":"","Language":"FI"}},"Name":{"Value":"Magneetin tyyppi","Language":"FI"}}},{"Localized":0,"ID":339330246,"LocalID":0,"Type":"numerical","Value":"8.6","CategoryFeatureId":"41164","CategoryFeatureGroupID":"5109","SortNo":"30","PresentationValue":"8,6 mm","RawValue":"8.6","LocalValue":"8,6","Description":"","Mandatory":"0","Searchable":"0","Optional":"0","Feature":{"ID":"2379","Sign":"","Measure":{"ID":"24","Sign":"","Signs":{"ID":"13815","_":"mm","Language":"FI"}},"Name":{"Value":"Ajuriyksikkö","Language":"FI"}}}]},{"ID":5110,"SortNo":"28","FeatureGroup":{"ID":"70","Name":{"Value":"Mikrofoni","Language":"FI"}},"Features":[{"Localized":0,"ID":365927713,"LocalID":0,"Type":"dropdown","Value":"In-line microphone","CategoryFeatureId":"320987","CategoryFeatureGroupID":"5110","SortNo":"297","PresentationValue":"In-line","RawValue":"In-line microphone","LocalValue":"In-line","Description":"The characteristics of the microphone bulit into the device in terms of the reception of signals from all or just one direction, i.e. omnidirectional (better for concerts and the like vs unidirectional, more suitable for voice recording.","Mandatory":"1","Searchable":"1","Optional":"0","Feature":{"ID":"15803","Sign":"","Measure":{"ID":"29","Sign":"","Signs":{"ID":"","_":"","Language":"FI"}},"Name":{"Value":"Mikrofonityyppi","Language":"FI"}}},{"Localized":0,"ID":339715774,"LocalID":0,"Type":"y_n","Value":"N","CategoryFeatureId":"927757","CategoryFeatureGroupID":"5110","SortNo":"0","PresentationValue":"Ei","RawValue":"N","LocalValue":"Ei","Description":"","Mandatory":"0","Searchable":"0","Optional":"0","Feature":{"ID":"46049","Sign":"","Measure":{"ID":"26","Sign":"","Signs":{"ID":"","_":"","Language":"FI"}},"Name":{"Value":"Melua vaimentava mikrofoni","Language":"FI"}}}]},{"ID":5225,"SortNo":"7","FeatureGroup":{"ID":"67","Name":{"Value":"Pakkaustiedot","Language":"FI"}},"Features":[{"Localized":0,"ID":339380935,"LocalID":0,"Type":"numerical","Value":"52","CategoryFeatureId":"43281","CategoryFeatureGroupID":"5225","SortNo":"-11","PresentationValue":"52 mm","RawValue":"52","LocalValue":"52","Description":"The distance from one side of the packaging to the other.","Mandatory":"0","Searchable":"0","Optional":"0","Feature":{"ID":"3808","Sign":"","Measure":{"ID":"24","Sign":"","Signs":{"ID":"13815","_":"mm","Language":"FI"}},"Name":{"Value":"Pakkauksen leveys","Language":"FI"}}},{"Localized":0,"ID":339410758,"LocalID":0,"Type":"numerical","Value":"28","CategoryFeatureId":"43275","CategoryFeatureGroupID":"5225","SortNo":"-12","PresentationValue":"28 mm","RawValue":"28","LocalValue":"28","Description":"The distance from the front to the back of the packaging.","Mandatory":"0","Searchable":"0","Optional":"0","Feature":{"ID":"3806","Sign":"","Measure":{"ID":"24","Sign":"","Signs":{"ID":"13815","_":"mm","Language":"FI"}},"Name":{"Value":"Pakkauksen syvyys","Language":"FI"}}},{"Localized":0,"ID":339378587,"LocalID":0,"Type":"numerical","Value":"172","CategoryFeatureId":"43276","CategoryFeatureGroupID":"5225","SortNo":"-13","PresentationValue":"172 mm","RawValue":"172","LocalValue":"172","Description":"The distance from the top to the bottom of the packaging.","Mandatory":"0","Searchable":"0","Optional":"0","Feature":{"ID":"3807","Sign":"","Measure":{"ID":"24","Sign":"","Signs":{"ID":"13815","_":"mm","Language":"FI"}},"Name":{"Value":"Pakkauksen korkeus","Language":"FI"}}},{"Localized":0,"ID":339350227,"LocalID":0,"Type":"numerical","Value":"36","CategoryFeatureId":"42696","CategoryFeatureGroupID":"5225","SortNo":"-20","PresentationValue":"36 g","RawValue":"36","LocalValue":"36","Description":"Pakatun tuotteen paino grammoina.","Mandatory":"0","Searchable":"0","Optional":"0","Feature":{"ID":"762","Sign":"","Measure":{"ID":"38","Sign":"","Signs":{"ID":"13826","_":"g","Language":"FI"}},"Name":{"Value":"Pakkauksen paino","Language":"FI"}}}]},{"ID":12861,"SortNo":"6","FeatureGroup":{"ID":"116","Name":{"Value":"Pakkauksen sisältö","Language":"FI"}},"Features":[{"Localized":0,"ID":835247842,"LocalID":0,"Type":"y_n","Value":"N","CategoryFeatureId":"255783","CategoryFeatureGroupID":"12861","SortNo":"15","PresentationValue":"Ei","RawValue":"N","LocalValue":"Ei","Description":"","Mandatory":"1","Searchable":"0","Optional":"0","Feature":{"ID":"1230","Sign":"","Measure":{"ID":"26","Sign":"","Signs":{"ID":"","_":"","Language":"FI"}},"Name":{"Value":"Virtalähde mukana","Language":"FI"}}},{"Localized":0,"ID":339482275,"LocalID":0,"Type":"numerical","Value":"1","CategoryFeatureId":"82142","CategoryFeatureGroupID":"12861","SortNo":"-5","PresentationValue":"1","RawValue":"1","LocalValue":"1","Description":"The number of products there are.","Mandatory":"0","Searchable":"0","Optional":"0","Feature":{"ID":"1675","Sign":"","Measure":{"ID":"29","Sign":"","Signs":{"ID":"","_":"","Language":"FI"}},"Name":{"Value":"Määrä","Language":"FI"}}}]},{"ID":17998,"SortNo":"3","FeatureGroup":{"ID":"198","Name":{"Value":"Logistiikkatiedot","Language":"FI"}},"Features":[{"Localized":0,"ID":339533074,"LocalID":0,"Type":"numerical","Value":"1298","CategoryFeatureId":"165881","CategoryFeatureGroupID":"17998","SortNo":"-53","PresentationValue":"1,3 kg","RawValue":"1298","LocalValue":"1,3","Description":"","Mandatory":"0","Searchable":"0","Optional":"0","Feature":{"ID":"19016","Sign":"","Measure":{"ID":"38","Sign":"","Signs":{"ID":"13826","_":"g","Language":"FI"}},"Name":{"Value":"Tuotepakkauksen paino","Language":"FI"}}},{"Localized":0,"ID":339533274,"LocalID":0,"Type":"numerical","Value":"336","CategoryFeatureId":"165883","CategoryFeatureGroupID":"17998","SortNo":"-53","PresentationValue":"336 g","RawValue":"336","LocalValue":"336","Description":"","Mandatory":"0","Searchable":"0","Optional":"1","Feature":{"ID":"23091","Sign":"","Measure":{"ID":"38","Sign":"","Signs":{"ID":"13826","_":"g","Language":"FI"}},"Name":{"Value":"Tuotepakkauksen nettopaino","Language":"FI"}}},{"Localized":0,"ID":339533312,"LocalID":0,"Type":"numerical","Value":"134","CategoryFeatureId":"216660","CategoryFeatureGroupID":"17998","SortNo":"-63","PresentationValue":"134 g","RawValue":"134","LocalValue":"134","Description":"","Mandatory":"0","Searchable":"0","Optional":"0","Feature":{"ID":"22663","Sign":"","Measure":{"ID":"38","Sign":"","Signs":{"ID":"13826","_":"g","Language":"FI"}},"Name":{"Value":"Toimituspakkauksen paino","Language":"FI"}}}]},{"ID":10775,"SortNo":"0","FeatureGroup":{"ID":"0","Name":{"Value":"Technical details","Language":"EN"}},"Features":[{"Localized":0,"ID":339497989,"LocalID":0,"Type":"numerical","Value":"14","CategoryFeatureId":"112393","CategoryFeatureGroupID":"10775","SortNo":"0","PresentationValue":"14 g","RawValue":"14","LocalValue":"14","Description":"","Mandatory":"0","Searchable":"0","Optional":"1","Feature":{"ID":"18985","Sign":"","Measure":{"ID":"38","Sign":"","Signs":{"ID":"13826","_":"g","Language":"FI"}},"Name":{"Value":"Pakkauksen nettopaino","Language":"FI"}}},{"Localized":0,"ID":339533211,"LocalID":0,"Type":"numerical","Value":"962","CategoryFeatureId":"307301","CategoryFeatureGroupID":"10775","SortNo":"0","PresentationValue":"962 g","RawValue":"962","LocalValue":"962","Description":"","Mandatory":"0","Searchable":"0","Optional":"1","Feature":{"ID":"28519","Sign":"","Measure":{"ID":"38","Sign":"","Signs":{"ID":"13826","_":"g","Language":"FI"}},"Name":{"Value":"Ulommaisen pahvilaatikon omapaino","Language":"FI"}}},{"Localized":0,"ID":339533343,"LocalID":0,"Type":"numerical","Value":"42","CategoryFeatureId":"307623","CategoryFeatureGroupID":"10775","SortNo":"0","PresentationValue":"42 g","RawValue":"42","LocalValue":"42","Description":"","Mandatory":"0","Searchable":"0","Optional":"1","Feature":{"ID":"24438","Sign":"","Measure":{"ID":"38","Sign":"","Signs":{"ID":"13826","_":"g","Language":"FI"}},"Name":{"Value":"Toimituspakkauksen nettopaino","Language":"FI"}}},{"Localized":0,"ID":339533374,"LocalID":0,"Type":"numerical","Value":"92","CategoryFeatureId":"307735","CategoryFeatureGroupID":"10775","SortNo":"0","PresentationValue":"92 g","RawValue":"92","LocalValue":"92","Description":"","Mandatory":"0","Searchable":"0","Optional":"1","Feature":{"ID":"31480","Sign":"","Measure":{"ID":"38","Sign":"","Signs":{"ID":"13826","_":"g","Language":"FI"}},"Name":{"Value":"Kuljetuslaatikon taaran paino","Language":"FI"}}}]},{"ID":12862,"SortNo":"0","FeatureGroup":{"ID":"27","Name":{"Value":"Virranhallinta","Language":"FI"}},"Features":[{"Localized":0,"ID":835247828,"LocalID":0,"Type":"y_n","Value":"N","CategoryFeatureId":"974955","CategoryFeatureGroupID":"12862","SortNo":"0","PresentationValue":"Ei","RawValue":"N","LocalValue":"Ei","Description":"","Mandatory":"1","Searchable":"0","Optional":"0","Feature":{"ID":"48505","Sign":"","Measure":{"ID":"26","Sign":"","Signs":{"ID":"","_":"","Language":"FI"}},"Name":{"Value":"USB C-tyypin latausportti","Language":"FI"}}},{"Localized":0,"ID":835247830,"LocalID":0,"Type":"y_n","Value":"N","CategoryFeatureId":"974956","CategoryFeatureGroupID":"12862","SortNo":"0","PresentationValue":"Ei","RawValue":"N","LocalValue":"Ei","Description":"","Mandatory":"0","Searchable":"0","Optional":"0","Feature":{"ID":"34351","Sign":"","Measure":{"ID":"26","Sign":"","Signs":{"ID":"","_":"","Language":"FI"}},"Name":{"Value":"USB Power Delivery","Language":"FI"}}}]},{"ID":6259,"SortNo":"-100","FeatureGroup":{"ID":"146","Name":{"Value":"Muut ominaisuudet","Language":"FI"}},"Features":[{"Localized":0,"ID":339729439,"LocalID":0,"Type":"y_n","Value":"N","CategoryFeatureId":"199411","CategoryFeatureGroupID":"6259","SortNo":"199","PresentationValue":"Ei","RawValue":"N","LocalValue":"Ei","Description":"","Mandatory":"0","Searchable":"0","Optional":"1","Feature":{"ID":"30204","Sign":"","Measure":{"ID":"26","Sign":"","Signs":{"ID":"","_":"","Language":"FI"}},"Name":{"Value":"2,5 mm liitin","Language":"FI"}}},{"Localized":0,"ID":339348633,"LocalID":0,"Type":"3d","Value":"5.2 x 2.8 x 17.2","CategoryFeatureId":"42491","CategoryFeatureGroupID":"6259","SortNo":"10","PresentationValue":"5,2 x 2,8 x 17,2 mm","RawValue":"5.2 x 2.8 x 17.2","LocalValue":"5,2 x 2,8 x 17,2","Description":"","Mandatory":"0","Searchable":"0","Optional":"1","Feature":{"ID":"582","Sign":"","Measure":{"ID":"24","Sign":"","Signs":{"ID":"13815","_":"mm","Language":"FI"}},"Name":{"Value":"Pakkauksen koko","Language":"FI"}}},{"Localized":0,"ID":339393241,"LocalID":0,"Type":"numerical","Value":"6","CategoryFeatureId":"43251","CategoryFeatureGroupID":"6259","SortNo":"0","PresentationValue":"6 cm","RawValue":"6","LocalValue":"6","Description":"","Mandatory":"0","Searchable":"0","Optional":"1","Feature":{"ID":"4775","Sign":"","Measure":{"ID":"34","Sign":"","Signs":{"ID":"13822","_":"cm","Language":"FI"}},"Name":{"Value":"Sisäpakkauksen korkeus (cm)","Language":"FI"}}},{"Localized":0,"ID":339393466,"LocalID":0,"Type":"numerical","Value":"16.3","CategoryFeatureId":"43252","CategoryFeatureGroupID":"6259","SortNo":"0","PresentationValue":"16,3 cm","RawValue":"16.3","LocalValue":"16,3","Description":"","Mandatory":"0","Searchable":"0","Optional":"1","Feature":{"ID":"4904","Sign":"","Measure":{"ID":"34","Sign":"","Signs":{"ID":"13822","_":"cm","Language":"FI"}},"Name":{"Value":"Ulkopakkauksen korkeus (cm)","Language":"FI"}}},{"Localized":0,"ID":339393559,"LocalID":0,"Type":"numerical","Value":"17.9","CategoryFeatureId":"43260","CategoryFeatureGroupID":"6259","SortNo":"0","PresentationValue":"17,9 cm","RawValue":"17.9","LocalValue":"17,9","Description":"","Mandatory":"0","Searchable":"0","Optional":"1","Feature":{"ID":"4777","Sign":"","Measure":{"ID":"34","Sign":"","Signs":{"ID":"13822","_":"cm","Language":"FI"}},"Name":{"Value":"Sisäpakkausken pituus (cm)","Language":"FI"}}},{"Localized":0,"ID":339393849,"LocalID":0,"Type":"numerical","Value":"34.5","CategoryFeatureId":"43261","CategoryFeatureGroupID":"6259","SortNo":"0","PresentationValue":"34,5 cm","RawValue":"34.5","LocalValue":"34,5","Description":"","Mandatory":"0","Searchable":"0","Optional":"1","Feature":{"ID":"4906","Sign":"","Measure":{"ID":"34","Sign":"","Signs":{"ID":"13822","_":"cm","Language":"FI"}},"Name":{"Value":"Ulkopakkauksen pituus (cm)","Language":"FI"}}},{"Localized":0,"ID":339383316,"LocalID":0,"Type":"numerical","Value":"3","CategoryFeatureId":"43282","CategoryFeatureGroupID":"6259","SortNo":"0","PresentationValue":"3 kpl","RawValue":"3","LocalValue":"3","Description":"","Mandatory":"0","Searchable":"0","Optional":"1","Feature":{"ID":"4780","Sign":"","Measure":{"ID":"144","Sign":"","Signs":{"ID":"3770","_":"kpl","Language":"FI"}},"Name":{"Value":"Määrä (sisäpakkaus)","Language":"FI"}}},{"Localized":0,"ID":339383548,"LocalID":0,"Type":"numerical","Value":"24","CategoryFeatureId":"43283","CategoryFeatureGroupID":"6259","SortNo":"0","PresentationValue":"24 kpl","RawValue":"24","LocalValue":"24","Description":"","Mandatory":"0","Searchable":"0","Optional":"1","Feature":{"ID":"4909","Sign":"","Measure":{"ID":"144","Sign":"","Signs":{"ID":"3770","_":"kpl","Language":"FI"}},"Name":{"Value":"Ulkopakkausten määrä","Language":"FI"}}},{"Localized":0,"ID":339394006,"LocalID":0,"Type":"numerical","Value":"8","CategoryFeatureId":"43296","CategoryFeatureGroupID":"6259","SortNo":"0","PresentationValue":"8 cm","RawValue":"8","LocalValue":"8","Description":"","Mandatory":"0","Searchable":"0","Optional":"1","Feature":{"ID":"4782","Sign":"","Measure":{"ID":"34","Sign":"","Signs":{"ID":"13822","_":"cm","Language":"FI"}},"Name":{"Value":"Sisäpakkausken leveys (cm)","Language":"FI"}}},{"Localized":0,"ID":339394123,"LocalID":0,"Type":"numerical","Value":"19.7","CategoryFeatureId":"43297","CategoryFeatureGroupID":"6259","SortNo":"0","PresentationValue":"19,7 cm","RawValue":"19.7","LocalValue":"19,7","Description":"","Mandatory":"0","Searchable":"0","Optional":"1","Feature":{"ID":"4911","Sign":"","Measure":{"ID":"34","Sign":"","Signs":{"ID":"13822","_":"cm","Language":"FI"}},"Name":{"Value":"Ulkopakkauksen leveys (cm)","Language":"FI"}}},{"Localized":0,"ID":339476744,"LocalID":0,"Type":"3d","Value":"8 x 6 x 17.9","CategoryFeatureId":"78866","CategoryFeatureGroupID":"6259","SortNo":"0","PresentationValue":"8 x 6 x 17,9 mm","RawValue":"8 x 6 x 17.9","LocalValue":"8 x 6 x 17,9","Description":"","Mandatory":"0","Searchable":"0","Optional":"1","Feature":{"ID":"4451","Sign":"","Measure":{"ID":"24","Sign":"","Signs":{"ID":"13815","_":"mm","Language":"FI"}},"Name":{"Value":"Pakkauksen sisämitat (L x S x K)","Language":"FI"}}},{"Localized":0,"ID":339480924,"LocalID":0,"Type":"3d","Value":"19.7 x 16.3 x 34.5","CategoryFeatureId":"78868","CategoryFeatureGroupID":"6259","SortNo":"0","PresentationValue":"19,7 x 16,3 x 34,5 mm","RawValue":"19.7 x 16.3 x 34.5","LocalValue":"19,7 x 16,3 x 34,5","Description":"","Mandatory":"0","Searchable":"0","Optional":"1","Feature":{"ID":"11614","Sign":"","Measure":{"ID":"24","Sign":"","Signs":{"ID":"13815","_":"mm","Language":"FI"}},"Name":{"Value":"Kotelon ulkomitat (L x S x K)","Language":"FI"}}},{"Localized":0,"ID":339503862,"LocalID":0,"Type":"numerical","Value":"22","CategoryFeatureId":"190671","CategoryFeatureGroupID":"6259","SortNo":"0","PresentationValue":"22 g","RawValue":"22","LocalValue":"22","Description":"","Mandatory":"0","Searchable":"0","Optional":"1","Feature":{"ID":"28520","Sign":"","Measure":{"ID":"38","Sign":"","Signs":{"ID":"13826","_":"g","Language":"FI"}},"Name":{"Value":"Pakkauksen omapaino","Language":"FI"}}}]}],"FeatureLogos":[{"LogoPic":"https://images.icecat.biz/img/feature_logo/1242-3899.png","Width":"0","Height":"0","Size":"0","ThumbPic":"https://images.icecat.biz/img/feature_logo_thumbs/1242-3899.png","FeatureID":"1230","Value":"N","KeyLogo":0}],"ReasonsToBuy":[{"ReasonToBuyID":"36267070","Value":"Neodyymi vahvistaa magneettikenttää, jolloin puhekelan herkkyys, bassotoisto ja äänenlaatu paranevat.","HighPic":"","HighPicSize":"0","No":"100","Title":"Neodyymikaiutinohjaimet","Language":"FI","Updated":"2019-04-09 06:30:08","Origin":"RTB","IsPrivate":"1"},{"ReasonToBuyID":"36267071","Value":"Hoida puhelut helposti linjamikrofonin ja vastauspainikkeen avulla","HighPic":"","HighPicSize":"0","No":"101","Title":"Linjamikrofoni ja vastauspainike","Language":"FI","Updated":"2019-04-09 06:30:09","Origin":"RTB","IsPrivate":"1"},{"ReasonToBuyID":"36267072","Value":"Näiden Philips-kuulokkeiden todella pienikokoinen kaiutinelementti istuu mukavasti korvassa ja vaimentaa taustamelun. Tuloksena on intensiivinen kuuntelukokemus.","HighPic":"","HighPicSize":"0","No":"102","Title":"Täydellinen istuvuus","Language":"FI","Updated":"2019-04-09 06:30:10","Origin":"RTB","IsPrivate":"1"},{"ReasonToBuyID":"36267073","Value":"Pienet ja tehokkaat 8,6 mm:n kaiutinelementit tuottavat selkeää ääntä ja sopivat erinomaisesti musiikin kuunteluun matkalla.","HighPic":"https://images.icecat.biz/img/bullets/69681834-5cac1fd851c4b024009096.jpg?access=BZLyM90LlqvbxAGzipa8lDP7Dntpm66YMFyevNY1fjc8UjwS3ygihC0r0RNkAK9a","HighPicSize":"0","No":"103","Title":"Tehokkaat 8,6mm:n elementit","Language":"FI","Updated":"2019-04-09 06:30:16","Origin":"RTB","IsPrivate":"1"},{"ReasonToBuyID":"36267074","Value":"Nappikuulokkeet on suunniteltu sopimaan kaikkiin korviin. Ergonomiset ovaalinmuotoiset ääniputket ja kaareva muotoilu takaavat luotettavan ja mukavan istuvuuden.","HighPic":"","HighPicSize":"0","No":"104","Title":"Ovaalinmuotoiset ääniputket","Language":"FI","Updated":"2019-04-09 06:30:17","Origin":"RTB","IsPrivate":"1"},{"ReasonToBuyID":"36267075","Value":"Korvatyynyjä on kolmea kokoa - pieniä, keskikokoisia ja suuria - joten saat kuulokkeet istumaan itsellesi täysin sopivasti.","HighPic":"https://images.icecat.biz/img/bullets/69681834-5cac1fdd48942741220656.jpg?access=BZLyM90LlqvbxAGzipa8lDP7Dntpm66YMFyevNY1fjc8UjwS3ygihC0r0RNkAK9a","HighPicSize":"0","No":"105","Title":"3 vaihtoehtoista korvatyynyparia","Language":"FI","Updated":"2019-04-09 06:30:21","Origin":"RTB","IsPrivate":"1"}],"Reviews":[],"ProductRelated":[],"CatalogObjectCloud":{"ProductPage":{"QRCodeURL":"https://qr.icecat.biz/coc/4ac485c6-80b6-4b26-b6e1-dfe1291f3179","URL":"https://coc.icecat.biz/4ac485c6-80b6-4b26-b6e1-dfe1291f3179"}},"Variants":[],"ProductStory":[],"Dictionary":{"model_name":"Tuotenimi","desc":"Kuvaus","ean_code":"EAN/UPC-koodi","flash360":"3D-esittely","demo_msg_part3":"Jos sinulla ei ole Icecat-k&auml;ytt&auml;j&auml;tili&auml;, ole hyv&auml; ja rekister&ouml;idy maksutta t&auml;&auml;lt&auml;.","repairability_index":"Repairability index","zoom_panel_init":"Alkuper&auml;inen koko","cat_name":"Ryhm&auml;","product_family":"Tuoteperhe","back_to_top":"Takaisin yl&ouml;s","zoom_panel_out":"Loitonna","specs":"Tekniset tiedot","eu_product_fiche":"EU-tuoteseloste","reviews_head_name":"Arvostelut","pdf_specs":"Tuote-esite","zoom_panel_in":"L&auml;henn&auml;","html_content":"","release_date":"Julkaisup&auml;iv&auml;","demo_msg_part1":"K&auml;yt&auml;t t&auml;ll&auml; hetkell&auml; demo-k&auml;ytt&auml;j&auml;tili&auml;. Ole hyv&auml; ja k&auml;yt&auml; omaa Icecat-k&auml;ytt&auml;j&auml;tili&auml;si.","demo_insert_desc":"This is a demo of a seamless insert of an Icecat LIVE product data-sheet in your website. Imagine that this responsive data-sheet is included in the product page of your webshop.","pdf_url":"K&auml;ytt&ouml;opas","prod_code":"Tuotekoodi","supplier_name":"Tuotemerkki","video":"Video","reasons_to_buy":"Syitä ostaa","marketing_text":"Kuvaus","options_head_name":"Vaihtoehdot","product_series":"Tuotesarja","demo_msg_part2":"Icecat k&auml;ytt&auml;j&auml;tunnuksesi","link_integrate_desk":"Kuinka integroida Icecat LIVE JavaScript.","zoom_panel_dragg":"Hiirell&auml; vet&auml;minen","eu_energy_label":"EU-energiamerkintä"},"DemoAccount":false}}