{"msg":"OK","data":{"GeneralInfo":{"IcecatId":100711550,"ReleaseDate":"","EndOfLifeDate":"","Title":"Samsung Galaxy Xcover6 Pro Enterprise Edition 16,8 cm (6.6\") Kaksois-SIM 5G USB Type-C 6 GB 128 GB 4050 mAh musta","TitleInfo":{"GeneratedIntTitle":"Samsung Galaxy Xcover6 Pro Enterprise Edition","GeneratedLocalTitle":{"Value":"Samsung Galaxy Xcover6 Pro Enterprise Edition 16,8 cm (6.6\") Kaksois-SIM 5G USB Type-C 6 GB 128 GB 4050 mAh musta","Language":"FI"},"BrandLocalTitle":{"Value":"","Language":"FI"}},"Brand":"Samsung","BrandID":"26","BrandLogo":"https://images.icecat.biz/img/brand/thumb/26_c012d76b332e4624b88a05c9932c9266.jpg","BrandInfo":{"BrandName":"Samsung","BrandLocalName":"","BrandLogo":"https://images.icecat.biz/img/brand/thumb/26_c012d76b332e4624b88a05c9932c9266.jpg"},"ProductName":"XCover6 Pro Enterprise Edition","ProductNameInfo":{"ProductIntName":"XCover6 Pro Enterprise Edition","ProductLocalName":{"Value":"","Language":"FI"}},"BrandPartCode":"SM-G736BZKDEEE","GTIN":["8806094373479","8806094371215"],"Category":{"CategoryID":"1893","Name":{"Value":"Älypuhelimet","Language":"FI"}},"ProductFamily":{"ProductFamilyID":"63895","Value":"Galaxy","Language":"EN"},"ProductSeries":{"SeriesID":"7713","Value":"Xcover6 Pro","Language":"EN"},"Description":{"ID":"90404088","LongDesc":"<b>Tee enemmän. Varmasti. Galaxy XCover6 Pro</b><br>Suunniteltu kestäväksi, turvalliseksi ja tuottavaksi. Galaxy XCover6 Pro antaa sinun keskittyä työntekoon.<br><br><b>Tuottavuutta parantava erinomainen suorituskyky</b><br>Galaxy Xcover6 Pro yhdistää Octa-core-suorittimen tehon ja 6 Gt RAM-muistia. Tuloksena on tehokasta suorituskykyä kaikkeen, mitä teet. Suuri 128 Gt:n sisäinen tallennustila ja mahdollisuus lisätä jopa 1 teratavu microSD-kortilla.<br><br><b>Huippunopea missä tahansa</b><br>XCover6 Pro auttaa suoriutumaan tehtävistä nopeammin. XCover6 Pro tukee 5G- ja Wi-Fi 6E -yhteyksiä niin työmaalla kuin toimistossakin ja takaa huippunopeat yhteydet missä ja milloin tahansa.<br><br><b>Optimoitu näyttökokemus suurella näytöllä ja erittäin tasaisella vierityksellä</b><br>Enemmän sisältöä yhdellä kertaa. Galaxy XCover6 Pron 6,6 tuuman suuri näyttö tarjoaa tilaa nähdä ja tehdä enemmän. FHD+-tekniikan ja korkean 120 Hz:n virkistystaajuuden ansiosta päivittäinen sisältö näyttää tasaisemmalta ja terävämmältä.<br><br><b>Uudenlaista kestävyyttä</b><br>XCover6 Pron veden- ja pölynkestävä IP68-luokitus ja MIL-STD 810H -luokitus varmistavat, että se kulkee mukanasi kaikkialle.<br><br><b>Entistä pitempi käyttövalmius vaihdettavan akun avulla</b><br>4 050 mAh:n (tyypillinen)* vaihdettava akku antaa Galaxy XCover6 Prolle pitkäkestoista tehoa. Jos tarvitset pikalatausta, voit vaihtaa sen täyteen ladattuun lisäakkuun tai käyttää 15 W:n pikalaturia. Lisäksi lataus käy nopeasti ja kätevästi POGO-liittimellä.<br><br><b>Tehokas pyyhkäisy vaikeissakin olosuhteissa</b><br>XCover6 Pro reagoi myös sateessa. Entistä paremman kosketusherkkyyden ansiosta XCover6 Pro reagoi kosketukseen myös kosteilla käsillä tai nahkakäsineillä.<br><br><b>Suojaa kaikkea tärkeintä</b><br>Samsung Knox toimii sekä laitteisto- että ohjelmistotasolla ja suojaa puhelinta heti siitä hetkestä alkaen, kun käynnistät sen. Monitasoinen tietoturva suojaa tärkeitä tietoja haittaohjelmistoilta ja muilta tietoturvauhilta.<br><br><b>Mukautettavissa omiin tarpeisiin</b><br>Helpottaa päivääsi. XCover Key voidaan mukauttaa tehtäviisi ja toistuviin käyttötarkoituksiin määrittämällä se erityistarkoituksiin, saatavilla mm. Push-to-Talk, viivakoodin luku, sovelluksia ja paljon muuta.<br><br><b>Helppo ratkaisu monipuoliseen käyttöön</b><br>DeXin avulla viet toimiston mukanasi. XCover6 Pro tarjoaa kätevän tavan siirtyä suurelle näytölle, missä ikinä työskenteletkin. Sinun tarvitsee vain liittää laitteesi ulkoiseen näyttöön ja pääset suorittamaan tehtäviä tietokoneeltasi saman tien.<br><br><b>Luotettavat yhteydet työmaalla</b><br>XCover6 Pron PTT varmistaa selkeän ja saumattoman yhteyden. Kaiuttimen äänenvoimakkuus on nyt korkeampi kuin koskaan ennen tehokasta ja synkronoitua tiimityöskentelyä varten.<br><br><b>Nopea skannaus Knox Capture -tekniikalla</b><br>Knox Capture -teknologian avulla XCover6 Pro -laitteestasi voi tulla helposti yritystason viivakoodinlukija. Voit yksinkertaisesti skannata samalla tavalla kuin ottaisit kuvan, ja tallennetut viivakooditiedot integroidaan automaattisesti yrityssovelluksiin.","LongProductName":"6.6\", 2408 x 1080 FHD+, PLS LCD, Qualcomm Snapdragon 778G, 6/128 GB, 50+8 MP Hauptkamera, 13 MP Frontkamera, USB Type-C, 3.5mm, Android, 5G","MiddleDesc":"","Disclaimer":"","ManualPDFURL":"","ManualPDFSize":"0","LeafletPDFURL":"","PDFSize":"0","URL":"https://www.samsung.com/fi/business/smartphones/xcover/galaxy-xcover6-pro-sm-g736bzkdeeb/","WarrantyInfo":"","Updated":"2023-03-06 17:20:42","Language":"FI"},"SummaryDescription":{"ShortSummaryDescription":"Samsung Galaxy Xcover6 Pro Enterprise Edition, 16,8 cm (6.6\"), 2408 x 1080 pikseliä, 6 GB, 128 GB, 50 MP, musta","LongSummaryDescription":"Samsung Galaxy Xcover6 Pro Enterprise Edition. Näytön halkaisija: 16,8 cm (6.6\"), Näytön erottelutarkkuus: 2408 x 1080 pikseliä. Suoritinperhe: Qualcomm Snapdragon, Prosessorimalli: 778G. RAM-kapasiteetti: 6 GB, Sisäinen tallennuskapasiteetti: 128 GB. Takakameran resoluutio (numeerinen): 50 MP, Takakameran tyyppi: Kaksoiskamera. SIM-kortin kapasiteetti: Kaksois-SIM. Akun kapasiteetti: 4050 mAh. Tuotteen väri: musta. Paino: 235 g"},"BulletPoints":{},"GeneratedBulletPoints":{"Language":"FI","Values":["16,8 cm (6.6\") 2408 x 1080 pikseliä","Qualcomm Snapdragon 778G","6 GB 128 GB MicroSD (TransFlash) 1 TB","5G Kaksois-SIM NanoSIM","802.11a, 802.11b, 802.11g, Wi-Fi 4 (802.11n), Wi-Fi 5 (802.11ac), Wi-Fi 6 (802.11ax) Bluetooth 5.2 Lähialueen kommunikointi (NFC)","Kaksoiskamera 50 MP 8 MP","4050 mAh"]},"GTINs":[{"GTIN":"8806094373479","IsApproved":true},{"GTIN":"8806094371215","IsApproved":true}]},"Image":{"HighPic":"https://images.icecat.biz/img/gallery/a185df7c77b14ddde6978c9e60b4871fa0c92478.jpg","HighPicSize":"2046067","HighPicHeight":"2015","HighPicWidth":"1061","LowPic":"https://images.icecat.biz/img/gallery_lows/f4cafaea1d3d6bcf511406c156295c959e9ed24f.jpg","LowPicSize":"24017","LowPicHeight":"200","LowPicWidth":"105","Pic500x500":"https://images.icecat.biz/img/gallery_mediums/97fb05f8b4532845f04175400d82060dfc4728cf.jpg","Pic500x500Size":"136515","Pic500x500Height":"500","Pic500x500Width":"263","ThumbPic":"https://images.icecat.biz/img/gallery_thumbs/b0c02651cdc0a8fa2545a08e6d72052d3cc38e2b.jpg","ThumbPicSize":"4790"},"Multimedia":[{"ID":"00000000-0000-0000-0000-000000000000","URL":"https://icecat.biz/rest/product-pdf?productId=100711550&lang=fi","Type":"leaflet","ContentType":"application/pdf","KeepAsUrl":"0","Description":"Brochure Samsung SM-G736BZKDEEE","Size":"0","IsPrivate":"0","Updated":"2025-09-10 13:50:15","Language":"FI","IsVideo":0}],"Gallery":[{"ID":"66296282","LowPic":"https://images.icecat.biz/img/gallery_lows/f4cafaea1d3d6bcf511406c156295c959e9ed24f.jpg","LowSize":"24017","LowHeight":"200","LowWidth":"105","ThumbPic":"https://images.icecat.biz/img/gallery_thumbs/b0c02651cdc0a8fa2545a08e6d72052d3cc38e2b.jpg","ThumbPicSize":"4790","Pic":"https://images.icecat.biz/img/gallery/a185df7c77b14ddde6978c9e60b4871fa0c92478.jpg","Size":"2046067","PicHeight":"2015","PicWidth":"1061","Pic500x500":"https://images.icecat.biz/img/gallery_mediums/97fb05f8b4532845f04175400d82060dfc4728cf.jpg","Pic500x500Size":"136515","Pic500x500Height":"500","Pic500x500Width":"263","No":"1","IsMain":"Y","Updated":"2025-04-25 10:31:57","IsPrivate":"0","Type":"ProductImage","Attributes":{"OriginalFileName":""}},{"ID":"66296366","LowPic":"https://images.icecat.biz/img/gallery_lows/b3515292b6db4168ce5752daa81441cb5daedc18.jpg","LowSize":"20755","LowHeight":"200","LowWidth":"94","ThumbPic":"https://images.icecat.biz/img/gallery_thumbs/dd459200b6aef96ae77fcbe4a70e6c275fdf9584.jpg","ThumbPicSize":"4464","Pic":"https://images.icecat.biz/img/gallery/ab37fdfe477050876d7ad69e1173141456015683.jpg","Size":"1801109","PicHeight":"2015","PicWidth":"943","Pic500x500":"https://images.icecat.biz/img/gallery_mediums/2f5854d9b2c5f95f84433946423a8317a312b141.jpg","Pic500x500Size":"120275","Pic500x500Height":"500","Pic500x500Width":"234","No":"2","IsMain":"N","Updated":"2025-04-25 10:32:11","IsPrivate":"0","Type":"ProductImage","Attributes":{"OriginalFileName":""}},{"ID":"66296421","LowPic":"https://images.icecat.biz/img/gallery_lows/b3821d6539ada21f89eee0e30d1d72dff2da8845.jpg","LowSize":"20733","LowHeight":"200","LowWidth":"93","ThumbPic":"https://images.icecat.biz/img/gallery_thumbs/10c05808cf4e10524781ed1bdb2295a90ccb813b.jpg","ThumbPicSize":"4373","Pic":"https://images.icecat.biz/img/gallery/77e00b2d40961ef1e9428288712e837bf3433f14.jpg","Size":"1766387","PicHeight":"2015","PicWidth":"941","Pic500x500":"https://images.icecat.biz/img/gallery_mediums/761319d8b3f2b7c3a43462e3f54ad545b65b5aed.jpg","Pic500x500Size":"116643","Pic500x500Height":"500","Pic500x500Width":"233","No":"3","IsMain":"N","Updated":"2025-04-25 10:32:19","IsPrivate":"0","Type":"ProductImage","Attributes":{"OriginalFileName":""}},{"ID":"66296459","LowPic":"https://images.icecat.biz/img/gallery_lows/1f6f531d330afb536e32cd6fb59dd08c5be608d1.jpg","LowSize":"7618","LowHeight":"200","LowWidth":"105","ThumbPic":"https://images.icecat.biz/img/gallery_thumbs/f1279ad41bb698359518706167816ee19c690725.jpg","ThumbPicSize":"2169","Pic":"https://images.icecat.biz/img/gallery/226324c9a2f733b80a33c8ad04054b5a9722b193.jpg","Size":"922277","PicHeight":"2015","PicWidth":"1061","Pic500x500":"https://images.icecat.biz/img/gallery_mediums/92bf0012e9e3d977c084368af0c7349789f7aaf3.jpg","Pic500x500Size":"41051","Pic500x500Height":"500","Pic500x500Width":"263","No":"4","IsMain":"N","Updated":"2025-04-25 10:32:26","IsPrivate":"0","Type":"ProductImage","Attributes":{"OriginalFileName":""}},{"ID":"66296492","LowPic":"https://images.icecat.biz/img/gallery_lows/f6f3e7824517f8637bfcc487056f74c844b4735e.jpg","LowSize":"6258","LowHeight":"200","LowWidth":"94","ThumbPic":"https://images.icecat.biz/img/gallery_thumbs/b77977d3d343295432bec29515fe41a3ce13ba6f.jpg","ThumbPicSize":"2076","Pic":"https://images.icecat.biz/img/gallery/3f54903bcffb611a42fd2fe8563e7ef533a34c8f.jpg","Size":"736567","PicHeight":"2015","PicWidth":"944","Pic500x500":"https://images.icecat.biz/img/gallery_mediums/36f3aaad0da996d56f26f6a2941253cc4bb8b4fb.jpg","Pic500x500Size":"32773","Pic500x500Height":"500","Pic500x500Width":"234","No":"5","IsMain":"N","Updated":"2025-04-25 10:32:34","IsPrivate":"0","Type":"ProductImage","Attributes":{"OriginalFileName":""}},{"ID":"66296532","LowPic":"https://images.icecat.biz/img/gallery_lows/829abd9d6ae203169da2403f74d1d69bddd097fd.jpg","LowSize":"7051","LowHeight":"200","LowWidth":"94","ThumbPic":"https://images.icecat.biz/img/gallery_thumbs/3b9b8b4f4b456f5e3bbf8ae083b5f34e8ffc02e8.jpg","ThumbPicSize":"2177","Pic":"https://images.icecat.biz/img/gallery/381a41f859c6846e8d26d79165a169fc4b22076b.jpg","Size":"757660","PicHeight":"2015","PicWidth":"943","Pic500x500":"https://images.icecat.biz/img/gallery_mediums/bea6d7b09c869a2224230704adbbd06f34eb10e7.jpg","Pic500x500Size":"37147","Pic500x500Height":"500","Pic500x500Width":"234","No":"6","IsMain":"N","Updated":"2025-04-25 10:32:42","IsPrivate":"0","Type":"ProductImage","Attributes":{"OriginalFileName":""}},{"ID":"66296582","LowPic":"https://images.icecat.biz/img/gallery_lows/bdc7f6a11f1e28728b5c1a665b033aac7dfc24a2.jpg","LowSize":"28612","LowHeight":"200","LowWidth":"157","ThumbPic":"https://images.icecat.biz/img/gallery_thumbs/b9b10498607964fbf4d34922a7f2e9800652eefa.jpg","ThumbPicSize":"5437","Pic":"https://images.icecat.biz/img/gallery/37be3ac5b0e68f643c69594c6a638e760acac0ce.jpg","Size":"2686758","PicHeight":"2015","PicWidth":"1578","Pic500x500":"https://images.icecat.biz/img/gallery_mediums/53282ebf3f9631e3eaa76a6b1e46081726e70eef.jpg","Pic500x500Size":"165517","Pic500x500Height":"500","Pic500x500Width":"392","No":"7","IsMain":"N","Updated":"2025-04-25 10:31:34","IsPrivate":"0","Type":"ProductImage","Attributes":{"OriginalFileName":""}},{"ID":"66296592","LowPic":"https://images.icecat.biz/img/gallery_lows/fa84261e59c8017a208d1432e3e22441545ee2d4.jpg","LowSize":"2364","LowHeight":"200","LowWidth":"30","ThumbPic":"https://images.icecat.biz/img/gallery_thumbs/2a6e06a3b3cd0333da362b0b747be68693e52fd0.jpg","ThumbPicSize":"923","Pic":"https://images.icecat.biz/img/gallery/4fad212f9335928b9d94340dcd442399440b4286.jpg","Size":"116610","PicHeight":"2015","PicWidth":"300","Pic500x500":"https://images.icecat.biz/img/gallery_mediums/741779ea629bf4d1f6e892845f82ff9aa07d259f.jpg","Pic500x500Size":"8280","Pic500x500Height":"500","Pic500x500Width":"74","No":"8","IsMain":"N","Updated":"2025-04-25 10:32:46","IsPrivate":"0","Type":"ProductImage","Attributes":{"OriginalFileName":""}},{"ID":"66296642","LowPic":"https://images.icecat.biz/img/gallery_lows/3fbc86a166af32d416309db66211bb4fa1eadc66.jpg","LowSize":"1807","LowHeight":"200","LowWidth":"30","ThumbPic":"https://images.icecat.biz/img/gallery_thumbs/8bd626057bc1b825a529b5917edd513c19695681.jpg","ThumbPicSize":"844","Pic":"https://images.icecat.biz/img/gallery/b1d2f046eab58104fddb03de6d2a005bb40293d4.jpg","Size":"109949","PicHeight":"2015","PicWidth":"300","Pic500x500":"https://images.icecat.biz/img/gallery_mediums/7f136ad7ed742d8bc157f8e7862262bde0215e59.jpg","Pic500x500Size":"7418","Pic500x500Height":"500","Pic500x500Width":"74","No":"9","IsMain":"N","Updated":"2025-04-25 10:32:50","IsPrivate":"0","Type":"ProductImage","Attributes":{"OriginalFileName":""}},{"ID":"66296654","LowPic":"https://images.icecat.biz/img/gallery_lows/69287e5ed1aa9acb58d1c6cb05369b20b56b0f96.jpg","LowSize":"4626","LowHeight":"42","LowWidth":"200","ThumbPic":"https://images.icecat.biz/img/gallery_thumbs/40f877271d186ed51e815d207cd1d0ccb94db511.jpg","ThumbPicSize":"1536","Pic":"https://images.icecat.biz/img/gallery/11c03e8e6784d6edb980bef80d267bfeb89a6675.jpg","Size":"64884","PicHeight":"204","PicWidth":"965","Pic500x500":"https://images.icecat.biz/img/gallery_mediums/4026404c1102360eb973f8b9fbf27594ff32aec1.jpg","Pic500x500Size":"19198","Pic500x500Height":"106","Pic500x500Width":"500","No":"10","IsMain":"N","Updated":"2025-04-25 10:32:54","IsPrivate":"0","Type":"ProductImage","Attributes":{"OriginalFileName":""}},{"ID":"66296696","LowPic":"https://images.icecat.biz/img/gallery_lows/835aef46cd1acaa81d7ed4f0f577fa4c8a4ca7f8.jpg","LowSize":"4269","LowHeight":"42","LowWidth":"200","ThumbPic":"https://images.icecat.biz/img/gallery_thumbs/34b0274610ef11c601fd6ba296c7d77ee72c9533.jpg","ThumbPicSize":"1460","Pic":"https://images.icecat.biz/img/gallery/bd51511e838ee3460019d8f03c2b5052fa2634d1.jpg","Size":"61337","PicHeight":"203","PicWidth":"965","Pic500x500":"https://images.icecat.biz/img/gallery_mediums/c5ef0348f9ce3d41499b27e49f767a9df1ecfa4a.jpg","Pic500x500Size":"18422","Pic500x500Height":"105","Pic500x500Width":"500","No":"11","IsMain":"N","Updated":"2025-04-25 10:32:58","IsPrivate":"0","Type":"ProductImage","Attributes":{"OriginalFileName":""}}],"FeaturesGroups":[{"ID":6883,"SortNo":"100","FeatureGroup":{"ID":"5","Name":{"Value":"Näyttö","Language":"FI"}},"Features":[{"Localized":0,"ID":500488225,"LocalID":0,"Type":"numerical","Value":"6.6","CategoryFeatureId":"51494","CategoryFeatureGroupID":"6883","SortNo":"500","PresentationValue":"16,8 cm (6.6\")","RawValue":"6.6","LocalValue":"16,8","Description":"Tämän tuotteen näytön koko, ilmaistuna diagonaalin tuumina.","Mandatory":"1","Searchable":"1","Optional":"0","Feature":{"ID":"944","Sign":"","Measure":{"ID":"16","Sign":"","Signs":{"ID":"3161","_":"\"","Language":"FI"}},"Name":{"Value":"Näytön halkaisija","Language":"FI"}}},{"Localized":0,"ID":500488333,"LocalID":0,"Type":"dropdown","Value":"Flat screen","CategoryFeatureId":"166023","CategoryFeatureGroupID":"6883","SortNo":"32","PresentationValue":"Litteä","RawValue":"Flat screen","LocalValue":"Litteä","Description":"","Mandatory":"0","Searchable":"0","Optional":"0","Feature":{"ID":"17554","Sign":"","Measure":{"ID":"29","Sign":"","Signs":{"ID":"","_":"","Language":"FI"}},"Name":{"Value":"Näytön muoto","Language":"FI"}}},{"Localized":0,"ID":622867860,"LocalID":0,"Type":"dropdown","Value":"PLS","CategoryFeatureId":"949514","CategoryFeatureGroupID":"6883","SortNo":"30","PresentationValue":"PLS","RawValue":"PLS","LocalValue":"PLS","Description":"","Mandatory":"0","Searchable":"0","Optional":"0","Feature":{"ID":"15285","Sign":"","Measure":{"ID":"29","Sign":"","Signs":{"ID":"","_":"","Language":"FI"}},"Name":{"Value":"Paneelin tyyppi","Language":"FI"}}},{"Localized":0,"ID":500488444,"LocalID":0,"Type":"2d","Value":"2408 x 1080","CategoryFeatureId":"51495","CategoryFeatureGroupID":"6883","SortNo":"26","PresentationValue":"2408 x 1080 pikseliä","RawValue":"2408 x 1080","LocalValue":"2408 x 1080","Description":"Järjestelmän näytön resoluutio.","Mandatory":"1","Searchable":"1","Optional":"0","Feature":{"ID":"1585","Sign":"","Measure":{"ID":"39","Sign":"","Signs":{"ID":"13827","_":"pikseliä","Language":"FI"}},"Name":{"Value":"Näytön erottelutarkkuus","Language":"FI"}}},{"Localized":0,"ID":500488677,"LocalID":0,"Type":"dropdown","Value":"16 million colours","CategoryFeatureId":"154140","CategoryFeatureGroupID":"6883","SortNo":"24","PresentationValue":"16 miljoonaa väriä","RawValue":"16 million colours","LocalValue":"16 miljoonaa väriä","Description":"","Mandatory":"0","Searchable":"0","Optional":"0","Feature":{"ID":"24847","Sign":"","Measure":{"ID":"29","Sign":"","Signs":{"ID":"","_":"","Language":"FI"}},"Name":{"Value":"Näyttövärejä","Language":"FI"}}},{"Localized":0,"ID":500489086,"LocalID":0,"Type":"numerical","Value":"120","CategoryFeatureId":"329450","CategoryFeatureGroupID":"6883","SortNo":"21","PresentationValue":"120 Hz","RawValue":"120","LocalValue":"120","Description":"","Mandatory":"0","Searchable":"0","Optional":"0","Feature":{"ID":"7450","Sign":"","Measure":{"ID":"36","Sign":"","Signs":{"ID":"13824","_":"Hz","Language":"FI"}},"Name":{"Value":"Suurin päivitystaajuus","Language":"FI"}}},{"Localized":0,"ID":500488719,"LocalID":0,"Type":"y_n","Value":"Y","CategoryFeatureId":"226810","CategoryFeatureGroupID":"6883","SortNo":"-2","PresentationValue":"Kyllä","RawValue":"Y","LocalValue":"Kyllä","Description":"","Mandatory":"0","Searchable":"0","Optional":"0","Feature":{"ID":"33690","Sign":"","Measure":{"ID":"26","Sign":"","Signs":{"ID":"","_":"","Language":"FI"}},"Name":{"Value":"Pyöristetyt näytön kulmat","Language":"FI"}}}]},{"ID":6884,"SortNo":"96","FeatureGroup":{"ID":"1","Name":{"Value":"Prosessori","Language":"FI"}},"Features":[{"Localized":0,"ID":500489309,"LocalID":0,"Type":"dropdown","Value":"Qualcomm Snapdragon","CategoryFeatureId":"101566","CategoryFeatureGroupID":"6884","SortNo":"1005020","PresentationValue":"Qualcomm Snapdragon","RawValue":"Qualcomm Snapdragon","LocalValue":"Qualcomm Snapdragon","Description":"Prosessorisarja johon prosessori kuuluu.","Mandatory":"1","Searchable":"0","Optional":"0","Feature":{"ID":"2196","Sign":"","Measure":{"ID":"29","Sign":"","Signs":{"ID":"","_":"","Language":"FI"}},"Name":{"Value":"Suoritinperhe","Language":"FI"}}},{"Localized":0,"ID":500489329,"LocalID":0,"Type":"dropdown","Value":"778G","CategoryFeatureId":"51651","CategoryFeatureGroupID":"6884","SortNo":"1005010","PresentationValue":"778G","RawValue":"778G","LocalValue":"778G","Description":"The model number for the processor in a computer.","Mandatory":"1","Searchable":"0","Optional":"0","Feature":{"ID":"47","Sign":"","Measure":{"ID":"29","Sign":"","Signs":{"ID":"","_":"","Language":"FI"}},"Name":{"Value":"Prosessorimalli","Language":"FI"}}},{"Localized":0,"ID":500489274,"LocalID":0,"Type":"numerical","Value":"8","CategoryFeatureId":"93997","CategoryFeatureGroupID":"6884","SortNo":"300","PresentationValue":"8","RawValue":"8","LocalValue":"8","Description":"The number of central processing units ('cores') in a processor. Some processors have 1 core","Mandatory":"0","Searchable":"0","Optional":"0","Feature":{"ID":"6089","Sign":"","Measure":{"ID":"29","Sign":"","Signs":{"ID":"","_":"","Language":"FI"}},"Name":{"Value":"Prosessorin ytimet","Language":"FI"}}}]},{"ID":6887,"SortNo":"92","FeatureGroup":{"ID":"47","Name":{"Value":"Tallennusväline","Language":"FI"}},"Features":[{"Localized":0,"ID":500490038,"LocalID":0,"Type":"numerical","Value":"101.5","CategoryFeatureId":"108878","CategoryFeatureGroupID":"6887","SortNo":"40","PresentationValue":"101,5 GB","RawValue":"101.5","LocalValue":"101,5","Description":"","Mandatory":"0","Searchable":"0","Optional":"0","Feature":{"ID":"13908","Sign":"","Measure":{"ID":"20","Sign":"","Signs":{"ID":"13811","_":"GB","Language":"FI"}},"Name":{"Value":"Käyttäjän muisti","Language":"FI"}}},{"Localized":0,"ID":500489994,"LocalID":0,"Type":"numerical","Value":"6","CategoryFeatureId":"180947","CategoryFeatureGroupID":"6887","SortNo":"40","PresentationValue":"6 GB","RawValue":"6","LocalValue":"6","Description":"","Mandatory":"1","Searchable":"1","Optional":"0","Feature":{"ID":"7861","Sign":"","Measure":{"ID":"20","Sign":"","Signs":{"ID":"13811","_":"GB","Language":"FI"}},"Name":{"Value":"RAM-kapasiteetti","Language":"FI"}}},{"Localized":0,"ID":500490001,"LocalID":0,"Type":"numerical","Value":"128","CategoryFeatureId":"51697","CategoryFeatureGroupID":"6887","SortNo":"38","PresentationValue":"128 GB","RawValue":"128","LocalValue":"128","Description":"The amount e.g of data which can be stored inside the device.","Mandatory":"1","Searchable":"1","Optional":"0","Feature":{"ID":"8730","Sign":"","Measure":{"ID":"20","Sign":"","Signs":{"ID":"13811","_":"GB","Language":"FI"}},"Name":{"Value":"Sisäinen tallennuskapasiteetti","Language":"FI"}}},{"Localized":0,"ID":500490078,"LocalID":0,"Type":"multi_dropdown","Value":"MicroSD (TransFlash)","CategoryFeatureId":"51501","CategoryFeatureGroupID":"6887","SortNo":"20","PresentationValue":"MicroSD (TransFlash)","RawValue":"MicroSD (TransFlash)","LocalValue":"MicroSD (TransFlash)","Description":"Types of memory cards which can be used with this product.","Mandatory":"1","Searchable":"0","Optional":"0","Feature":{"ID":"730","Sign":"","Measure":{"ID":"29","Sign":"","Signs":{"ID":"","_":"","Language":"FI"}},"Name":{"Value":"Yhteensopivat muistikortit","Language":"FI"}}},{"Localized":0,"ID":500490115,"LocalID":0,"Type":"numerical","Value":"1000","CategoryFeatureId":"51502","CategoryFeatureGroupID":"6887","SortNo":"16","PresentationValue":"1 TB","RawValue":"1000","LocalValue":"1","Description":"The maximum size of memory card that can be used with this device.","Mandatory":"0","Searchable":"0","Optional":"0","Feature":{"ID":"7021","Sign":"","Measure":{"ID":"20","Sign":"","Signs":{"ID":"13811","_":"GB","Language":"FI"}},"Name":{"Value":"Suurin muistikortin koko","Language":"FI"}}},{"Localized":0,"ID":500490299,"LocalID":0,"Type":"dropdown","Value":"Hybrid slot","CategoryFeatureId":"222235","CategoryFeatureGroupID":"6887","SortNo":"0","PresentationValue":"Hybridipaikka","RawValue":"Hybrid slot","LocalValue":"Hybridipaikka","Description":"","Mandatory":"0","Searchable":"0","Optional":"0","Feature":{"ID":"33517","Sign":"","Measure":{"ID":"29","Sign":"","Signs":{"ID":"","_":"","Language":"FI"}},"Name":{"Value":"Muistikortin paikan tyyppi","Language":"FI"}}}]},{"ID":6888,"SortNo":"88","FeatureGroup":{"ID":"95","Name":{"Value":"Kamera","Language":"FI"}},"Features":[{"Localized":0,"ID":500490485,"LocalID":0,"Type":"numerical","Value":"50","CategoryFeatureId":"175570","CategoryFeatureGroupID":"6888","SortNo":"10500","PresentationValue":"50 MP","RawValue":"50","LocalValue":"50","Description":"The resolution of the images produced with the rear camera, given in MP (megapixel. 1 MP = 1 million pixels).","Mandatory":"1","Searchable":"0","Optional":"0","Feature":{"ID":"12435","Sign":"","Measure":{"ID":"165","Sign":"","Signs":{"ID":"13942","_":"MP","Language":"FI"}},"Name":{"Value":"Takakameran resoluutio (numeerinen)","Language":"FI"}}},{"Localized":0,"ID":500490488,"LocalID":0,"Type":"numerical","Value":"8","CategoryFeatureId":"175584","CategoryFeatureGroupID":"6888","SortNo":"10495","PresentationValue":"8 MP","RawValue":"8","LocalValue":"8","Description":"","Mandatory":"0","Searchable":"0","Optional":"0","Feature":{"ID":"27588","Sign":"","Measure":{"ID":"165","Sign":"","Signs":{"ID":"13942","_":"MP","Language":"FI"}},"Name":{"Value":"Toisen takakameran resoluutio (numeerinen)","Language":"FI"}}},{"Localized":0,"ID":500490636,"LocalID":0,"Type":"numerical","Value":"1.8","CategoryFeatureId":"175601","CategoryFeatureGroupID":"6888","SortNo":"10470","PresentationValue":"1,8","RawValue":"1.8","LocalValue":"1,8","Description":"","Mandatory":"0","Searchable":"0","Optional":"0","Feature":{"ID":"27597","Sign":"","Measure":{"ID":"29","Sign":"","Signs":{"ID":"","_":"","Language":"FI"}},"Name":{"Value":"Takakameran aukon luku","Language":"FI"}}},{"Localized":0,"ID":500490657,"LocalID":0,"Type":"numerical","Value":"2.2","CategoryFeatureId":"175602","CategoryFeatureGroupID":"6888","SortNo":"10460","PresentationValue":"2,2","RawValue":"2.2","LocalValue":"2,2","Description":"","Mandatory":"0","Searchable":"0","Optional":"0","Feature":{"ID":"27598","Sign":"","Measure":{"ID":"29","Sign":"","Signs":{"ID":"","_":"","Language":"FI"}},"Name":{"Value":"Toisen takakameran aukko","Language":"FI"}}},{"Localized":0,"ID":500490753,"LocalID":0,"Type":"numerical","Value":"10","CategoryFeatureId":"51756","CategoryFeatureGroupID":"6888","SortNo":"10392","PresentationValue":"10x","RawValue":"10","LocalValue":"10","Description":"Ilmaisee digitaalisen zoomin kapasiteetin, joka tarkoitta kuinka monta kertaa kuva on suurennettu digitaalitekniikan ansiosta.","Mandatory":"0","Searchable":"0","Optional":"0","Feature":{"ID":"48","Sign":"","Measure":{"ID":"33","Sign":"","Signs":{"ID":"13821","_":"x","Language":"FI"}},"Name":{"Value":"Digitaalinen zoomaus","Language":"FI"}}},{"Localized":0,"ID":500490769,"LocalID":0,"Type":"dropdown","Value":"Single camera","CategoryFeatureId":"222716","CategoryFeatureGroupID":"6888","SortNo":"10300","PresentationValue":"Yksi kamera","RawValue":"Single camera","LocalValue":"Yksi kamera","Description":"Indicates the type of the camera at the front of the product, dual or single.","Mandatory":"1","Searchable":"0","Optional":"0","Feature":{"ID":"33562","Sign":"","Measure":{"ID":"29","Sign":"","Signs":{"ID":"","_":"","Language":"FI"}},"Name":{"Value":"Etukameran tyyppi","Language":"FI"}}},{"Localized":0,"ID":500490827,"LocalID":0,"Type":"numerical","Value":"13","CategoryFeatureId":"175580","CategoryFeatureGroupID":"6888","SortNo":"10297","PresentationValue":"13 MP","RawValue":"13","LocalValue":"13","Description":"","Mandatory":"1","Searchable":"0","Optional":"0","Feature":{"ID":"12437","Sign":"","Measure":{"ID":"165","Sign":"","Signs":{"ID":"13942","_":"MP","Language":"FI"}},"Name":{"Value":"Etukameran resoluutio (numeerinen)","Language":"FI"}}},{"Localized":0,"ID":500490851,"LocalID":0,"Type":"numerical","Value":"2.2","CategoryFeatureId":"175652","CategoryFeatureGroupID":"6888","SortNo":"10290","PresentationValue":"2,2","RawValue":"2.2","LocalValue":"2,2","Description":"","Mandatory":"0","Searchable":"0","Optional":"0","Feature":{"ID":"27601","Sign":"","Measure":{"ID":"29","Sign":"","Signs":{"ID":"","_":"","Language":"FI"}},"Name":{"Value":"Etukameran aukko","Language":"FI"}}},{"Localized":0,"ID":500490935,"LocalID":0,"Type":"y_n","Value":"Y","CategoryFeatureId":"257040","CategoryFeatureGroupID":"6888","SortNo":"10200","PresentationValue":"Kyllä","RawValue":"Y","LocalValue":"Kyllä","Description":"Whether or not the rear camera features its own flash.","Mandatory":"1","Searchable":"0","Optional":"0","Feature":{"ID":"36602","Sign":"","Measure":{"ID":"26","Sign":"","Signs":{"ID":"","_":"","Language":"FI"}},"Name":{"Value":"Takakameran salama","Language":"FI"}}},{"Localized":0,"ID":500491188,"LocalID":0,"Type":"2d","Value":"3840 x 2160","CategoryFeatureId":"54001","CategoryFeatureGroupID":"6888","SortNo":"10100","PresentationValue":"3840 x 2160 pikseliä","RawValue":"3840 x 2160","LocalValue":"3840 x 2160","Description":"","Mandatory":"0","Searchable":"0","Optional":"0","Feature":{"ID":"1597","Sign":"","Measure":{"ID":"39","Sign":"","Signs":{"ID":"13827","_":"pikseliä","Language":"FI"}},"Name":{"Value":"Videon kaappaus resoluutio (max)","Language":"FI"}}},{"Localized":0,"ID":500491229,"LocalID":0,"Type":"numerical","Value":"240","CategoryFeatureId":"51713","CategoryFeatureGroupID":"6888","SortNo":"10097","PresentationValue":"240 fps","RawValue":"240","LocalValue":"240","Description":"This is the maximum frame rate","Mandatory":"0","Searchable":"0","Optional":"0","Feature":{"ID":"7515","Sign":"","Measure":{"ID":"85","Sign":"","Signs":{"ID":"13870","_":"fps","Language":"FI"}},"Name":{"Value":"Suurin kuvataajuus","Language":"FI"}}},{"Localized":0,"ID":500491319,"LocalID":0,"Type":"multi_dropdown","Value":"1280x720@240fps,3840x2160@30fps","CategoryFeatureId":"106230","CategoryFeatureGroupID":"6888","SortNo":"10095","PresentationValue":"1280x720@240fps, 3840x2160@30fps","RawValue":"1280x720@240fps,3840x2160@30fps","LocalValue":"1280x720@240fps, 3840x2160@30fps","Description":"","Mandatory":"0","Searchable":"0","Optional":"0","Feature":{"ID":"2963","Sign":"","Measure":{"ID":"29","Sign":"","Signs":{"ID":"","_":"","Language":"FI"}},"Name":{"Value":"Resoluutio kaappausnopeudella","Language":"FI"}}},{"Localized":0,"ID":610653956,"LocalID":0,"Type":"multi_dropdown","Value":"720p,1080p,2160p","CategoryFeatureId":"51508","CategoryFeatureGroupID":"6888","SortNo":"10094","PresentationValue":"720p, 1080p, 2160p","RawValue":"720p,1080p,2160p","LocalValue":"720p, 1080p, 2160p","Description":"","Mandatory":"0","Searchable":"0","Optional":"0","Feature":{"ID":"8745","Sign":"","Measure":{"ID":"29","Sign":"","Signs":{"ID":"","_":"","Language":"FI"}},"Name":{"Value":"Videotallennustilat","Language":"FI"}}},{"Localized":0,"ID":500490453,"LocalID":0,"Type":"dropdown","Value":"Dual camera","CategoryFeatureId":"175569","CategoryFeatureGroupID":"6888","SortNo":"200","PresentationValue":"Kaksoiskamera","RawValue":"Dual camera","LocalValue":"Kaksoiskamera","Description":"Indicates the type of the camera at the back of the product, dual or single.","Mandatory":"1","Searchable":"1","Optional":"0","Feature":{"ID":"27587","Sign":"","Measure":{"ID":"29","Sign":"","Signs":{"ID":"","_":"","Language":"FI"}},"Name":{"Value":"Takakameran tyyppi","Language":"FI"}}},{"Localized":0,"ID":500491051,"LocalID":0,"Type":"y_n","Value":"Y","CategoryFeatureId":"51507","CategoryFeatureGroupID":"6888","SortNo":"195","PresentationValue":"Kyllä","RawValue":"Y","LocalValue":"Kyllä","Description":"Device focusing a camera or other piece of equipment automatically.","Mandatory":"0","Searchable":"0","Optional":"0","Feature":{"ID":"1614","Sign":"","Measure":{"ID":"26","Sign":"","Signs":{"ID":"","_":"","Language":"FI"}},"Name":{"Value":"Automaattinen tarkennus","Language":"FI"}}}]},{"ID":6890,"SortNo":"84","FeatureGroup":{"ID":"35","Name":{"Value":"Verkko","Language":"FI"}},"Features":[{"Localized":0,"ID":500491481,"LocalID":0,"Type":"dropdown","Value":"Dual SIM","CategoryFeatureId":"115466","CategoryFeatureGroupID":"6890","SortNo":"497","PresentationValue":"Kaksois-SIM","RawValue":"Dual SIM","LocalValue":"Kaksois-SIM","Description":"How many SIM cards the device can hold.","Mandatory":"1","Searchable":"1","Optional":"0","Feature":{"ID":"19653","Sign":"","Measure":{"ID":"29","Sign":"","Signs":{"ID":"","_":"","Language":"FI"}},"Name":{"Value":"SIM-kortin kapasiteetti","Language":"FI"}}},{"Localized":0,"ID":500491545,"LocalID":0,"Type":"dropdown","Value":"5G","CategoryFeatureId":"328674","CategoryFeatureGroupID":"6890","SortNo":"105","PresentationValue":"5G","RawValue":"5G","LocalValue":"5G","Description":"","Mandatory":"1","Searchable":"1","Optional":"0","Feature":{"ID":"40629","Sign":"","Measure":{"ID":"29","Sign":"","Signs":{"ID":"","_":"","Language":"FI"}},"Name":{"Value":"Mobiiliverkon sukupolvi","Language":"FI"}}},{"Localized":0,"ID":500491589,"LocalID":0,"Type":"dropdown","Value":"NanoSIM","CategoryFeatureId":"56682","CategoryFeatureGroupID":"6890","SortNo":"99","PresentationValue":"NanoSIM","RawValue":"NanoSIM","LocalValue":"NanoSIM","Description":"","Mandatory":"1","Searchable":"0","Optional":"0","Feature":{"ID":"9166","Sign":"","Measure":{"ID":"29","Sign":"","Signs":{"ID":"","_":"","Language":"FI"}},"Name":{"Value":"SIM-kortin tyyppi","Language":"FI"}}},{"Localized":0,"ID":500491645,"LocalID":0,"Type":"multi_dropdown","Value":"UMTS","CategoryFeatureId":"95631","CategoryFeatureGroupID":"6890","SortNo":"69","PresentationValue":"UMTS","RawValue":"UMTS","LocalValue":"UMTS","Description":"","Mandatory":"1","Searchable":"0","Optional":"0","Feature":{"ID":"16923","Sign":"","Measure":{"ID":"29","Sign":"","Signs":{"ID":"","_":"","Language":"FI"}},"Name":{"Value":"3G-standardit","Language":"FI"}}},{"Localized":0,"ID":500491711,"LocalID":0,"Type":"dropdown","Value":"LTE-TDD & LTE-FDD","CategoryFeatureId":"95632","CategoryFeatureGroupID":"6890","SortNo":"68","PresentationValue":"LTE-TDD & LTE-FDD","RawValue":"LTE-TDD & LTE-FDD","LocalValue":"LTE-TDD & LTE-FDD","Description":"","Mandatory":"1","Searchable":"0","Optional":"0","Feature":{"ID":"16922","Sign":"","Measure":{"ID":"29","Sign":"","Signs":{"ID":"","_":"","Language":"FI"}},"Name":{"Value":"4G-standardit","Language":"FI"}}},{"Localized":0,"ID":509269042,"LocalID":0,"Type":"multi_dropdown","Value":"Sub6 FDD,Sub6 TDD","CategoryFeatureId":"926919","CategoryFeatureGroupID":"6890","SortNo":"68","PresentationValue":"Sub6 FDD, Sub6 TDD","RawValue":"Sub6 FDD,Sub6 TDD","LocalValue":"Sub6 FDD, Sub6 TDD","Description":"","Mandatory":"1","Searchable":"0","Optional":"0","Feature":{"ID":"45981","Sign":"","Measure":{"ID":"29","Sign":"","Signs":{"ID":"","_":"","Language":"FI"}},"Name":{"Value":"5G-vakio","Language":"FI"}}},{"Localized":0,"ID":835256190,"LocalID":0,"Type":"dropdown","Value":"Wi-Fi 6 (802.11ax)","CategoryFeatureId":"968001","CategoryFeatureGroupID":"6890","SortNo":"36","PresentationValue":"Wi-Fi 6 (802.11ax)","RawValue":"Wi-Fi 6 (802.11ax)","LocalValue":"Wi-Fi 6 (802.11ax)","Description":"Connection of this device is done via Wi-Fi in a high standard.","Mandatory":"1","Searchable":"0","Optional":"0","Feature":{"ID":"24993","Sign":"","Measure":{"ID":"29","Sign":"","Signs":{"ID":"","_":"","Language":"FI"}},"Name":{"Value":"Wi-Fi-standardi","Language":"FI"}}},{"Localized":0,"ID":500491856,"LocalID":0,"Type":"y_n","Value":"Y","CategoryFeatureId":"51513","CategoryFeatureGroupID":"6890","SortNo":"36","PresentationValue":"Kyllä","RawValue":"Y","LocalValue":"Kyllä","Description":"Popular technology that allows an electronic device to exchange data or connect to the internet wirelessly using radio waves.","Mandatory":"0","Searchable":"0","Optional":"1","Feature":{"ID":"3239","Sign":"","Measure":{"ID":"26","Sign":"","Signs":{"ID":"","_":"","Language":"FI"}},"Name":{"Value":"Wi-Fi","Language":"FI"}}},{"Localized":0,"ID":500491955,"LocalID":0,"Type":"multi_dropdown","Value":"802.11a,802.11b,802.11g,Wi-Fi 4 (802.11n),Wi-Fi 5 (802.11ac),Wi-Fi 6 (802.11ax)","CategoryFeatureId":"51514","CategoryFeatureGroupID":"6890","SortNo":"35","PresentationValue":"802.11a, 802.11b, 802.11g, Wi-Fi 4 (802.11n), Wi-Fi 5 (802.11ac), Wi-Fi 6 (802.11ax)","RawValue":"802.11a,802.11b,802.11g,Wi-Fi 4 (802.11n),Wi-Fi 5 (802.11ac),Wi-Fi 6 (802.11ax)","LocalValue":"802.11a, 802.11b, 802.11g, Wi-Fi 4 (802.11n), Wi-Fi 5 (802.11ac), Wi-Fi 6 (802.11ax)","Description":"The type of wireless local area network (LAN). It can be ad-hoc","Mandatory":"0","Searchable":"0","Optional":"0","Feature":{"ID":"432","Sign":"","Measure":{"ID":"29","Sign":"","Signs":{"ID":"","_":"","Language":"FI"}},"Name":{"Value":"Wi-Fi-standardit","Language":"FI"}}},{"Localized":0,"ID":500491860,"LocalID":0,"Type":"y_n","Value":"Y","CategoryFeatureId":"51515","CategoryFeatureGroupID":"6890","SortNo":"33","PresentationValue":"Kyllä","RawValue":"Y","LocalValue":"Kyllä","Description":"Bluetooth on pienitehoinen radiotekniikka, joka on kehitetty korvaamaan nykyisin käytetyt kaapelit ja johdotn linkittämään tai liittämään elektronisia laitteita, kuten tietokoneita, tulostimia, sekä erilaisia ​​kannettavia laitteita kuten matkapuhelimia. Koska se käyttää radio-aallon yhteyytä, Bluetooth-laiteella on jatkuva yhteysä käyttämäänsä selaimeen. Tämä säästää käyttäjän aikaa esimerkiksi turhilta kirjautumisilta sähköposteja tai uutisia lukiessaani.","Mandatory":"1","Searchable":"0","Optional":"0","Feature":{"ID":"2183","Sign":"","Measure":{"ID":"26","Sign":"","Signs":{"ID":"","_":"","Language":"FI"}},"Name":{"Value":"Bluetooth","Language":"FI"}}},{"Localized":0,"ID":500491994,"LocalID":0,"Type":"dropdown","Value":"5.2","CategoryFeatureId":"51516","CategoryFeatureGroupID":"6890","SortNo":"32","PresentationValue":"5.2","RawValue":"5.2","LocalValue":"5.2","Description":"The type of bluetooth technology in the product e.g. Bluetooth Smart (v4.0).","Mandatory":"0","Searchable":"0","Optional":"0","Feature":{"ID":"1208","Sign":"","Measure":{"ID":"29","Sign":"","Signs":{"ID":"","_":"","Language":"FI"}},"Name":{"Value":"Bluetooth-versio","Language":"FI"}}},{"Localized":0,"ID":500492310,"LocalID":0,"Type":"multi_dropdown","Value":"850,900,1900,2100","CategoryFeatureId":"119090","CategoryFeatureGroupID":"6890","SortNo":"8","PresentationValue":"850,900,1900,2100 MHz","RawValue":"850,900,1900,2100","LocalValue":"850,900,1900,2100","Description":"","Mandatory":"0","Searchable":"0","Optional":"0","Feature":{"ID":"8367","Sign":"","Measure":{"ID":"18","Sign":"","Signs":{"ID":"13809","_":"MHz","Language":"FI"}},"Name":{"Value":"Tukee 3G-yhteyksiä","Language":"FI"}}},{"Localized":0,"ID":500492415,"LocalID":0,"Type":"multi_dropdown","Value":"700,800,850,900,1500,1800,1900,2100,2300,2500,2600","CategoryFeatureId":"90956","CategoryFeatureGroupID":"6890","SortNo":"6","PresentationValue":"700,800,850,900,1500,1800,1900,2100,2300,2500,2600 MHz","RawValue":"700,800,850,900,1500,1800,1900,2100,2300,2500,2600","LocalValue":"700,800,850,900,1500,1800,1900,2100,2300,2500,2600","Description":"","Mandatory":"0","Searchable":"0","Optional":"0","Feature":{"ID":"14695","Sign":"","Measure":{"ID":"18","Sign":"","Signs":{"ID":"13809","_":"MHz","Language":"FI"}},"Name":{"Value":"Tuettu 4G-kaista","Language":"FI"}}},{"Localized":0,"ID":500492726,"LocalID":0,"Type":"multi_dropdown","Value":"700,800,850,900,1800,2100,2300,2500,2600,3500","CategoryFeatureId":"594860","CategoryFeatureGroupID":"6890","SortNo":"5","PresentationValue":"700,800,850,900,1800,2100,2300,2500,2600,3500 MHz","RawValue":"700,800,850,900,1800,2100,2300,2500,2600,3500","LocalValue":"700,800,850,900,1800,2100,2300,2500,2600,3500","Description":"","Mandatory":"0","Searchable":"0","Optional":"0","Feature":{"ID":"42369","Sign":"","Measure":{"ID":"18","Sign":"","Signs":{"ID":"13809","_":"MHz","Language":"FI"}},"Name":{"Value":"Tuetut 5G-kaistat","Language":"FI"}}},{"Localized":0,"ID":500492133,"LocalID":0,"Type":"y_n","Value":"Y","CategoryFeatureId":"138770","CategoryFeatureGroupID":"6890","SortNo":"0","PresentationValue":"Kyllä","RawValue":"Y","LocalValue":"Kyllä","Description":"","Mandatory":"0","Searchable":"0","Optional":"0","Feature":{"ID":"9779","Sign":"","Measure":{"ID":"26","Sign":"","Signs":{"ID":"","_":"","Language":"FI"}},"Name":{"Value":"Wi-Fi Direct","Language":"FI"}}},{"Localized":0,"ID":500492151,"LocalID":0,"Type":"y_n","Value":"Y","CategoryFeatureId":"302276","CategoryFeatureGroupID":"6890","SortNo":"0","PresentationValue":"Kyllä","RawValue":"Y","LocalValue":"Kyllä","Description":"","Mandatory":"0","Searchable":"0","Optional":"0","Feature":{"ID":"27802","Sign":"","Measure":{"ID":"26","Sign":"","Signs":{"ID":"","_":"","Language":"FI"}},"Name":{"Value":"MIMO","Language":"FI"}}},{"Localized":0,"ID":500493047,"LocalID":0,"Type":"multi_dropdown","Value":"1024-QAM","CategoryFeatureId":"804149","CategoryFeatureGroupID":"6890","SortNo":"0","PresentationValue":"1024-QAM","RawValue":"1024-QAM","LocalValue":"1024-QAM","Description":"Modulation is the process of varying one or more properties of a periodic waveform","Mandatory":"0","Searchable":"0","Optional":"0","Feature":{"ID":"1503","Sign":"","Measure":{"ID":"29","Sign":"","Signs":{"ID":"","_":"","Language":"FI"}},"Name":{"Value":"Modulointi","Language":"FI"}}},{"Localized":0,"ID":500492157,"LocalID":0,"Type":"y_n","Value":"Y","CategoryFeatureId":"63985","CategoryFeatureGroupID":"6890","SortNo":"-5","PresentationValue":"Kyllä","RawValue":"Y","LocalValue":"Kyllä","Description":"","Mandatory":"0","Searchable":"0","Optional":"0","Feature":{"ID":"10157","Sign":"","Measure":{"ID":"26","Sign":"","Signs":{"ID":"","_":"","Language":"FI"}},"Name":{"Value":"Lähialueen kommunikointi (NFC)","Language":"FI"}}}]},{"ID":18408,"SortNo":"83","FeatureGroup":{"ID":"211","Name":{"Value":"Tilaus","Language":"FI"}},"Features":[{"Localized":0,"ID":500492175,"LocalID":0,"Type":"dropdown","Value":"No subscription","CategoryFeatureId":"55137","CategoryFeatureGroupID":"18408","SortNo":"46","PresentationValue":"Ilman liittymää","RawValue":"No subscription","LocalValue":"Ilman liittymää","Description":"The type of cellular connection subscription.","Mandatory":"1","Searchable":"0","Optional":"0","Feature":{"ID":"8578","Sign":"","Measure":{"ID":"29","Sign":"","Signs":{"ID":"","_":"","Language":"FI"}},"Name":{"Value":"Tilauksen tyyppi","Language":"FI"}}}]},{"ID":6889,"SortNo":"80","FeatureGroup":{"ID":"12","Name":{"Value":"Liitettävyys","Language":"FI"}},"Features":[{"Localized":0,"ID":500492196,"LocalID":0,"Type":"y_n","Value":"Y","CategoryFeatureId":"146621","CategoryFeatureGroupID":"6889","SortNo":"70","PresentationValue":"Kyllä","RawValue":"Y","LocalValue":"Kyllä","Description":"The device features a socket into which a USB cable can be plugged.","Mandatory":"0","Searchable":"0","Optional":"1","Feature":{"ID":"23798","Sign":"","Measure":{"ID":"26","Sign":"","Signs":{"ID":"","_":"","Language":"FI"}},"Name":{"Value":"USB-portti","Language":"FI"}}},{"Localized":0,"ID":500493301,"LocalID":0,"Type":"multi_dropdown","Value":"USB Type-C","CategoryFeatureId":"51510","CategoryFeatureGroupID":"6889","SortNo":"60","PresentationValue":"USB Type-C","RawValue":"USB Type-C","LocalValue":"USB Type-C","Description":"The type of USB connector/port that this product has.","Mandatory":"0","Searchable":"0","Optional":"0","Feature":{"ID":"1742","Sign":"","Measure":{"ID":"29","Sign":"","Signs":{"ID":"","_":"","Language":"FI"}},"Name":{"Value":"USB-liitin","Language":"FI"}}},{"Localized":0,"ID":500493288,"LocalID":0,"Type":"dropdown","Value":"3.2 Gen 1 (3.1 Gen 1)","CategoryFeatureId":"53993","CategoryFeatureGroupID":"6889","SortNo":"50","PresentationValue":"3.2 Gen 1 (3.1 Gen 1)","RawValue":"3.2 Gen 1 (3.1 Gen 1)","LocalValue":"3.2 Gen 1 (3.1 Gen 1)","Description":"Universal Serial Bus (USB) is an industry standard developed in the mid-1990s that defines the interface used for connection","Mandatory":"0","Searchable":"0","Optional":"0","Feature":{"ID":"8541","Sign":"","Measure":{"ID":"29","Sign":"","Signs":{"ID":"","_":"","Language":"FI"}},"Name":{"Value":"USB-versio","Language":"FI"}}},{"Localized":0,"ID":500493316,"LocalID":0,"Type":"dropdown","Value":"3.5 mm","CategoryFeatureId":"51511","CategoryFeatureGroupID":"6889","SortNo":"16","PresentationValue":"3,5 mm","RawValue":"3.5 mm","LocalValue":"3,5 mm","Description":"How headphones connect to a device e.g. wirelessly or via a cable and connector.","Mandatory":"0","Searchable":"0","Optional":"0","Feature":{"ID":"4163","Sign":"","Measure":{"ID":"29","Sign":"","Signs":{"ID":"","_":"","Language":"FI"}},"Name":{"Value":"Kuulokkeiden liitettävyys","Language":"FI"}}}]},{"ID":6919,"SortNo":"75","FeatureGroup":{"ID":"50","Name":{"Value":"Viestintä","Language":"FI"}},"Features":[{"Localized":0,"ID":500493400,"LocalID":0,"Type":"y_n","Value":"Y","CategoryFeatureId":"51656","CategoryFeatureGroupID":"6919","SortNo":"100","PresentationValue":"Kyllä","RawValue":"Y","LocalValue":"Kyllä","Description":"","Mandatory":"0","Searchable":"0","Optional":"0","Feature":{"ID":"1901","Sign":"","Measure":{"ID":"26","Sign":"","Signs":{"ID":"","_":"","Language":"FI"}},"Name":{"Value":"Tekstiviestijärjestelmä (SMS)","Language":"FI"}}},{"Localized":0,"ID":500493406,"LocalID":0,"Type":"y_n","Value":"Y","CategoryFeatureId":"51654","CategoryFeatureGroupID":"6919","SortNo":"90","PresentationValue":"Kyllä","RawValue":"Y","LocalValue":"Kyllä","Description":"Multimedia Messaging Service (MMS) on standardi, joka on määritelty käytettäväksi kehittyneissä langattomissa päätelaitteissa. Palvelun avulla on mahdollista lähettää erilaisia ​​multimediasisältöjä, kuten kuva-, ääni-, video-leikkeet jne. ei-reaaliaikaisesti.","Mandatory":"0","Searchable":"0","Optional":"0","Feature":{"ID":"2180","Sign":"","Measure":{"ID":"26","Sign":"","Signs":{"ID":"","_":"","Language":"FI"}},"Name":{"Value":"MMS","Language":"FI"}}},{"Localized":0,"ID":500493412,"LocalID":0,"Type":"y_n","Value":"Y","CategoryFeatureId":"146646","CategoryFeatureGroupID":"6919","SortNo":"40","PresentationValue":"Kyllä","RawValue":"Y","LocalValue":"Kyllä","Description":"","Mandatory":"0","Searchable":"0","Optional":"0","Feature":{"ID":"23802","Sign":"","Measure":{"ID":"26","Sign":"","Signs":{"ID":"","_":"","Language":"FI"}},"Name":{"Value":"Sähköposti","Language":"FI"}}}]},{"ID":11005,"SortNo":"71","FeatureGroup":{"ID":"54","Name":{"Value":"Navigointi","Language":"FI"}},"Features":[{"Localized":0,"ID":500494564,"LocalID":0,"Type":"y_n","Value":"Y","CategoryFeatureId":"51755","CategoryFeatureGroupID":"11005","SortNo":"30","PresentationValue":"Kyllä","RawValue":"Y","LocalValue":"Kyllä","Description":"Global Positioning System (GPS) is a space-based satellite navigation system that provides location and time information in all weather conditions","Mandatory":"0","Searchable":"0","Optional":"0","Feature":{"ID":"3329","Sign":"","Measure":{"ID":"26","Sign":"","Signs":{"ID":"","_":"","Language":"FI"}},"Name":{"Value":"GPS (satelliitti)","Language":"FI"}}},{"Localized":0,"ID":500494574,"LocalID":0,"Type":"y_n","Value":"Y","CategoryFeatureId":"94591","CategoryFeatureGroupID":"11005","SortNo":"8","PresentationValue":"Kyllä","RawValue":"Y","LocalValue":"Kyllä","Description":"","Mandatory":"0","Searchable":"0","Optional":"0","Feature":{"ID":"15618","Sign":"","Measure":{"ID":"26","Sign":"","Signs":{"ID":"","_":"","Language":"FI"}},"Name":{"Value":"GLONASS","Language":"FI"}}},{"Localized":0,"ID":500494604,"LocalID":0,"Type":"y_n","Value":"Y","CategoryFeatureId":"184929","CategoryFeatureGroupID":"11005","SortNo":"8","PresentationValue":"Kyllä","RawValue":"Y","LocalValue":"Kyllä","Description":"","Mandatory":"0","Searchable":"0","Optional":"0","Feature":{"ID":"28694","Sign":"","Measure":{"ID":"26","Sign":"","Signs":{"ID":"","_":"","Language":"FI"}},"Name":{"Value":"BeiDou","Language":"FI"}}},{"Localized":0,"ID":500494606,"LocalID":0,"Type":"y_n","Value":"Y","CategoryFeatureId":"226793","CategoryFeatureGroupID":"11005","SortNo":"7","PresentationValue":"Kyllä","RawValue":"Y","LocalValue":"Kyllä","Description":"","Mandatory":"0","Searchable":"0","Optional":"0","Feature":{"ID":"33685","Sign":"","Measure":{"ID":"26","Sign":"","Signs":{"ID":"","_":"","Language":"FI"}},"Name":{"Value":"Galileo","Language":"FI"}}},{"Localized":0,"ID":500494607,"LocalID":0,"Type":"y_n","Value":"Y","CategoryFeatureId":"226792","CategoryFeatureGroupID":"11005","SortNo":"6","PresentationValue":"Kyllä","RawValue":"Y","LocalValue":"Kyllä","Description":"","Mandatory":"0","Searchable":"0","Optional":"0","Feature":{"ID":"33686","Sign":"","Measure":{"ID":"26","Sign":"","Signs":{"ID":"","_":"","Language":"FI"}},"Name":{"Value":"Quasi-Zenith Satellite System (QZSS)","Language":"FI"}}},{"Localized":0,"ID":500494651,"LocalID":0,"Type":"y_n","Value":"Y","CategoryFeatureId":"51517","CategoryFeatureGroupID":"11005","SortNo":"0","PresentationValue":"Kyllä","RawValue":"Y","LocalValue":"Kyllä","Description":"Sisäänrakennettu elektroninen kompassi","Mandatory":"0","Searchable":"0","Optional":"0","Feature":{"ID":"1733","Sign":"","Measure":{"ID":"26","Sign":"","Signs":{"ID":"","_":"","Language":"FI"}},"Name":{"Value":"Sähkökäyttöinen kompassi","Language":"FI"}}},{"Localized":0,"ID":500494519,"LocalID":0,"Type":"y_n","Value":"Y","CategoryFeatureId":"166073","CategoryFeatureGroupID":"11005","SortNo":"0","PresentationValue":"Kyllä","RawValue":"Y","LocalValue":"Kyllä","Description":"Whether the navigation system can locate the phone's position.","Mandatory":"1","Searchable":"1","Optional":"0","Feature":{"ID":"26425","Sign":"","Measure":{"ID":"26","Sign":"","Signs":{"ID":"","_":"","Language":"FI"}},"Name":{"Value":"GPS","Language":"FI"}}}]},{"ID":11003,"SortNo":"70","FeatureGroup":{"ID":"148","Name":{"Value":"Suunnittelu","Language":"FI"}},"Features":[{"Localized":0,"ID":500493425,"LocalID":0,"Type":"dropdown","Value":"Bar","CategoryFeatureId":"51570","CategoryFeatureGroupID":"11003","SortNo":"55","PresentationValue":"Perusmalli","RawValue":"Bar","LocalValue":"Perusmalli","Description":"Kuvaus tuotteen näkyvistä ominaisuuksista.","Mandatory":"1","Searchable":"1","Optional":"0","Feature":{"ID":"771","Sign":"","Measure":{"ID":"29","Sign":"","Signs":{"ID":"","_":"","Language":"FI"}},"Name":{"Value":"Kotelo","Language":"FI"}}},{"Localized":0,"ID":500488483,"LocalID":0,"Type":"multi_dropdown","Value":"Black","CategoryFeatureId":"143786","CategoryFeatureGroupID":"11003","SortNo":"35","PresentationValue":"musta","RawValue":"Black","LocalValue":"musta","Description":"The colour e.g. red","Mandatory":"1","Searchable":"1","Optional":"0","Feature":{"ID":"1766","Sign":"","Measure":{"ID":"29","Sign":"","Signs":{"ID":"","_":"","Language":"FI"}},"Name":{"Value":"Tuotteen väri","Language":"FI"}}},{"Localized":0,"ID":500493912,"LocalID":0,"Type":"multi_dropdown","Value":"Dust resistant,Water resistant","CategoryFeatureId":"70015","CategoryFeatureGroupID":"11003","SortNo":"9","PresentationValue":"Pölynkestävä, Vedenkestävä","RawValue":"Dust resistant,Water resistant","LocalValue":"Pölynkestävä, Vedenkestävä","Description":"Physical effects from which the product is protected e.g. water resistant","Mandatory":"0","Searchable":"0","Optional":"0","Feature":{"ID":"8072","Sign":"","Measure":{"ID":"29","Sign":"","Signs":{"ID":"","_":"","Language":"FI"}},"Name":{"Value":"Suojaustoiminnot","Language":"FI"}}}]},{"ID":11002,"SortNo":"65","FeatureGroup":{"ID":"184","Name":{"Value":"Suorituskyky","Language":"FI"}},"Features":[{"Localized":0,"ID":500494099,"LocalID":0,"Type":"y_n","Value":"Y","CategoryFeatureId":"51712","CategoryFeatureGroupID":"11002","SortNo":"80","PresentationValue":"Kyllä","RawValue":"Y","LocalValue":"Kyllä","Description":"Simultaneous video and audio signals to enable people to talk to and see each other in real time.","Mandatory":"0","Searchable":"0","Optional":"0","Feature":{"ID":"7018","Sign":"","Measure":{"ID":"26","Sign":"","Signs":{"ID":"","_":"","Language":"FI"}},"Name":{"Value":"Videopuhelu","Language":"FI"}}},{"Localized":0,"ID":500494209,"LocalID":0,"Type":"y_n","Value":"Y","CategoryFeatureId":"222568","CategoryFeatureGroupID":"11002","SortNo":"57","PresentationValue":"Kyllä","RawValue":"Y","LocalValue":"Kyllä","Description":"","Mandatory":"0","Searchable":"0","Optional":"0","Feature":{"ID":"4981","Sign":"","Measure":{"ID":"26","Sign":"","Signs":{"ID":"","_":"","Language":"FI"}},"Name":{"Value":"Pikalataus","Language":"FI"}}},{"Localized":0,"ID":500494263,"LocalID":0,"Type":"y_n","Value":"Y","CategoryFeatureId":"94723","CategoryFeatureGroupID":"11002","SortNo":"4","PresentationValue":"Kyllä","RawValue":"Y","LocalValue":"Kyllä","Description":"A scanner used to identify a person's fingerprint for security purposes. After a sample is taken","Mandatory":"0","Searchable":"0","Optional":"0","Feature":{"ID":"3577","Sign":"","Measure":{"ID":"26","Sign":"","Signs":{"ID":"","_":"","Language":"FI"}},"Name":{"Value":"Sormenjälkilukija","Language":"FI"}}},{"Localized":0,"ID":500498276,"LocalID":0,"Type":"y_n","Value":"Y","CategoryFeatureId":"55073","CategoryFeatureGroupID":"11002","SortNo":"0","PresentationValue":"Kyllä","RawValue":"Y","LocalValue":"Kyllä","Description":"","Mandatory":"0","Searchable":"0","Optional":"0","Feature":{"ID":"3851","Sign":"","Measure":{"ID":"26","Sign":"","Signs":{"ID":"","_":"","Language":"FI"}},"Name":{"Value":"Push-to-Talk (PTT)","Language":"FI"}}}]},{"ID":11006,"SortNo":"55","FeatureGroup":{"ID":"186","Name":{"Value":"Multimedia","Language":"FI"}},"Features":[{"Localized":0,"ID":500494846,"LocalID":0,"Type":"multi_dropdown","Value":"3GA,AAC,AMR,AWB,FLAC,IMY,M4A,MID,MIDI,MP3,MXMF,OGA,OGG,OTA,RTTTL,RTX,WAV,XMF","CategoryFeatureId":"51528","CategoryFeatureGroupID":"11006","SortNo":"-11","PresentationValue":"3GA, AAC, AMR, AWB, FLAC, IMY, M4A, Keski, MIDI, MP3, MXMF, OGA, OGG, OTA, RTTTL, RTX, WAV, XMF","RawValue":"3GA,AAC,AMR,AWB,FLAC,IMY,M4A,MID,MIDI,MP3,MXMF,OGA,OGG,OTA,RTTTL,RTX,WAV,XMF","LocalValue":"3GA, AAC, AMR, AWB, FLAC, IMY, M4A, Keski, MIDI, MP3, MXMF, OGA, OGG, OTA, RTTTL, RTX, WAV, XMF","Description":"The audio formats which this device or software can read/use e.g. MP3","Mandatory":"0","Searchable":"0","Optional":"0","Feature":{"ID":"2224","Sign":"","Measure":{"ID":"29","Sign":"","Signs":{"ID":"","_":"","Language":"FI"}},"Name":{"Value":"Tuetut ääniformaatit","Language":"FI"}}},{"Localized":0,"ID":500495461,"LocalID":0,"Type":"multi_dropdown","Value":"3G2,3GP,AVI,FLV,M4V,MKV,MP4,WEBM","CategoryFeatureId":"51529","CategoryFeatureGroupID":"11006","SortNo":"-12","PresentationValue":"3G2, 3GP, AVI, FLV, M4V, MKV, MP4, WEBM","RawValue":"3G2,3GP,AVI,FLV,M4V,MKV,MP4,WEBM","LocalValue":"3G2, 3GP, AVI, FLV, M4V, MKV, MP4, WEBM","Description":"The type of video formats that can be used by this device.","Mandatory":"0","Searchable":"0","Optional":"0","Feature":{"ID":"6893","Sign":"","Measure":{"ID":"29","Sign":"","Signs":{"ID":"","_":"","Language":"FI"}},"Name":{"Value":"Tuetut videomuodot","Language":"FI"}}}]},{"ID":18401,"SortNo":"20","FeatureGroup":{"ID":"90","Name":{"Value":"Ohjelmisto","Language":"FI"}},"Features":[{"Localized":0,"ID":500490150,"LocalID":0,"Type":"dropdown","Value":"Android","CategoryFeatureId":"270282","CategoryFeatureGroupID":"18401","SortNo":"500","PresentationValue":"Android","RawValue":"Android","LocalValue":"Android","Description":"Tekniikka-alustan kuvaus kuten prosessorista, piirisarjasta, ohjelmistotuotteista ja langallisista verkko-ominaisuuksista.","Mandatory":"1","Searchable":"1","Optional":"0","Feature":{"ID":"75","Sign":"","Measure":{"ID":"29","Sign":"","Signs":{"ID":"","_":"","Language":"FI"}},"Name":{"Value":"Käyttöalusta","Language":"FI"}}}]},{"ID":6892,"SortNo":"5","FeatureGroup":{"ID":"143","Name":{"Value":"Akku","Language":"FI"}},"Features":[{"Localized":0,"ID":500495968,"LocalID":0,"Type":"y_n","Value":"Y","CategoryFeatureId":"222191","CategoryFeatureGroupID":"6892","SortNo":"50","PresentationValue":"Kyllä","RawValue":"Y","LocalValue":"Kyllä","Description":"","Mandatory":"0","Searchable":"0","Optional":"0","Feature":{"ID":"18096","Sign":"","Measure":{"ID":"26","Sign":"","Signs":{"ID":"","_":"","Language":"FI"}},"Name":{"Value":"Irrotettava akku","Language":"FI"}}},{"Localized":0,"ID":500496005,"LocalID":0,"Type":"numerical","Value":"4050","CategoryFeatureId":"51519","CategoryFeatureGroupID":"6892","SortNo":"38","PresentationValue":"4050 mAh","RawValue":"4050","LocalValue":"4050","Description":"A measure of the charge stored by the battery. Determined by the mass of active material contained in the battery.","Mandatory":"1","Searchable":"1","Optional":"0","Feature":{"ID":"909","Sign":"","Measure":{"ID":"51","Sign":"","Signs":{"ID":"13839","_":"mAh","Language":"FI"}},"Name":{"Value":"Akun kapasiteetti","Language":"FI"}}},{"Localized":0,"ID":500496526,"LocalID":0,"Type":"numerical","Value":"44","CategoryFeatureId":"106093","CategoryFeatureGroupID":"6892","SortNo":"28","PresentationValue":"44 h","RawValue":"44","LocalValue":"44","Description":"","Mandatory":"0","Searchable":"0","Optional":"0","Feature":{"ID":"18111","Sign":"","Measure":{"ID":"46","Sign":"","Signs":{"ID":"13834","_":"h","Language":"FI"}},"Name":{"Value":"Puheaika (4G)","Language":"FI"}}},{"Localized":0,"ID":500496363,"LocalID":0,"Type":"numerical","Value":"18","CategoryFeatureId":"90957","CategoryFeatureGroupID":"6892","SortNo":"20","PresentationValue":"18 h","RawValue":"18","LocalValue":"18","Description":"","Mandatory":"0","Searchable":"0","Optional":"0","Feature":{"ID":"15264","Sign":"","Measure":{"ID":"46","Sign":"","Signs":{"ID":"13834","_":"h","Language":"FI"}},"Name":{"Value":"Selausaika (Wi-Fi)","Language":"FI"}}},{"Localized":0,"ID":500496336,"LocalID":0,"Type":"numerical","Value":"18","CategoryFeatureId":"90959","CategoryFeatureGroupID":"6892","SortNo":"17","PresentationValue":"18 h","RawValue":"18","LocalValue":"18","Description":"","Mandatory":"0","Searchable":"0","Optional":"0","Feature":{"ID":"15266","Sign":"","Measure":{"ID":"46","Sign":"","Signs":{"ID":"13834","_":"h","Language":"FI"}},"Name":{"Value":"Selausaika (4G)","Language":"FI"}}},{"Localized":0,"ID":500496470,"LocalID":0,"Type":"numerical","Value":"115","CategoryFeatureId":"51657","CategoryFeatureGroupID":"6892","SortNo":"2","PresentationValue":"115 h","RawValue":"115","LocalValue":"115","Description":"Keskimääräinen tuntimäärä jatkuvalle toistolle. Tämä on riippuvainen käytettävissä olevan muistin määrästä ja mp3:n bittinopeudesta","Mandatory":"0","Searchable":"0","Optional":"0","Feature":{"ID":"2169","Sign":"","Measure":{"ID":"46","Sign":"","Signs":{"ID":"13834","_":"h","Language":"FI"}},"Name":{"Value":"Musiikin toistoaika","Language":"FI"}}},{"Localized":0,"ID":500496415,"LocalID":0,"Type":"numerical","Value":"20","CategoryFeatureId":"51658","CategoryFeatureGroupID":"6892","SortNo":"1","PresentationValue":"20 h","RawValue":"20","LocalValue":"20","Description":"","Mandatory":"0","Searchable":"0","Optional":"0","Feature":{"ID":"2173","Sign":"","Measure":{"ID":"46","Sign":"","Signs":{"ID":"13834","_":"h","Language":"FI"}},"Name":{"Value":"Jatkuva videon toistoaika","Language":"FI"}}}]},{"ID":34102,"SortNo":"0","FeatureGroup":{"ID":"167","Name":{"Value":"Anturit","Language":"FI"}},"Features":[{"Localized":0,"ID":500496689,"LocalID":0,"Type":"y_n","Value":"Y","CategoryFeatureId":"51566","CategoryFeatureGroupID":"34102","SortNo":"11","PresentationValue":"Kyllä","RawValue":"Y","LocalValue":"Kyllä","Description":"","Mandatory":"0","Searchable":"0","Optional":"0","Feature":{"ID":"8698","Sign":"","Measure":{"ID":"26","Sign":"","Signs":{"ID":"","_":"","Language":"FI"}},"Name":{"Value":"Lähestymisanturi","Language":"FI"}}},{"Localized":0,"ID":500496634,"LocalID":0,"Type":"y_n","Value":"Y","CategoryFeatureId":"57380","CategoryFeatureGroupID":"34102","SortNo":"11","PresentationValue":"Kyllä","RawValue":"Y","LocalValue":"Kyllä","Description":"","Mandatory":"0","Searchable":"0","Optional":"0","Feature":{"ID":"9731","Sign":"","Measure":{"ID":"26","Sign":"","Signs":{"ID":"","_":"","Language":"FI"}},"Name":{"Value":"Kiihtyvyysmittari","Language":"FI"}}},{"Localized":0,"ID":500496708,"LocalID":0,"Type":"y_n","Value":"Y","CategoryFeatureId":"59559","CategoryFeatureGroupID":"34102","SortNo":"11","PresentationValue":"Kyllä","RawValue":"Y","LocalValue":"Kyllä","Description":"","Mandatory":"0","Searchable":"0","Optional":"0","Feature":{"ID":"8720","Sign":"","Measure":{"ID":"26","Sign":"","Signs":{"ID":"","_":"","Language":"FI"}},"Name":{"Value":"Ympäristön valotunnistin","Language":"FI"}}},{"Localized":0,"ID":509269090,"LocalID":0,"Type":"y_n","Value":"Y","CategoryFeatureId":"106231","CategoryFeatureGroupID":"34102","SortNo":"10","PresentationValue":"Kyllä","RawValue":"Y","LocalValue":"Kyllä","Description":"","Mandatory":"0","Searchable":"0","Optional":"0","Feature":{"ID":"9732","Sign":"","Measure":{"ID":"26","Sign":"","Signs":{"ID":"","_":"","Language":"FI"}},"Name":{"Value":"Gyroskooppi","Language":"FI"}}},{"Localized":0,"ID":509269091,"LocalID":0,"Type":"y_n","Value":"Y","CategoryFeatureId":"302241","CategoryFeatureGroupID":"34102","SortNo":"0","PresentationValue":"Kyllä","RawValue":"Y","LocalValue":"Kyllä","Description":"","Mandatory":"0","Searchable":"0","Optional":"0","Feature":{"ID":"38331","Sign":"","Measure":{"ID":"26","Sign":"","Signs":{"ID":"","_":"","Language":"FI"}},"Name":{"Value":"Geomagneettinen tunnistin","Language":"FI"}}}]},{"ID":82700,"SortNo":"0","FeatureGroup":{"ID":"32","Name":{"Value":"Kestoaika","Language":"FI"}},"Features":[{"Localized":0,"ID":500493875,"LocalID":0,"Type":"dropdown","Value":"IP68","CategoryFeatureId":"81142","CategoryFeatureGroupID":"82700","SortNo":"38","PresentationValue":"IP68","RawValue":"IP68","LocalValue":"IP68","Description":"The IP code classifies and rates the degree of protection provided against the intrusion (including body parts such as hands and fingers)","Mandatory":"1","Searchable":"0","Optional":"0","Feature":{"ID":"7900","Sign":"","Measure":{"ID":"29","Sign":"","Signs":{"ID":"","_":"","Language":"FI"}},"Name":{"Value":"International Protection (IP)-koodi","Language":"FI"}}}]},{"ID":6881,"SortNo":"-1","FeatureGroup":{"ID":"14","Name":{"Value":"Paino ja mitat","Language":"FI"}},"Features":[{"Localized":0,"ID":500496831,"LocalID":0,"Type":"numerical","Value":"79.9","CategoryFeatureId":"51488","CategoryFeatureGroupID":"6881","SortNo":"10","PresentationValue":"79,9 mm","RawValue":"79.9","LocalValue":"79,9","Description":"The measurement or extent of something from side to side.","Mandatory":"0","Searchable":"0","Optional":"0","Feature":{"ID":"1649","Sign":"","Measure":{"ID":"24","Sign":"","Signs":{"ID":"13815","_":"mm","Language":"FI"}},"Name":{"Value":"Tuotteen leveys","Language":"FI"}}},{"Localized":0,"ID":500496880,"LocalID":0,"Type":"numerical","Value":"9.9","CategoryFeatureId":"51489","CategoryFeatureGroupID":"6881","SortNo":"9","PresentationValue":"9,9 mm","RawValue":"9.9","LocalValue":"9,9","Description":"The distance from the front to the back of something.","Mandatory":"0","Searchable":"0","Optional":"0","Feature":{"ID":"1650","Sign":"","Measure":{"ID":"24","Sign":"","Signs":{"ID":"13815","_":"mm","Language":"FI"}},"Name":{"Value":"Tuotteen syvyys","Language":"FI"}}},{"Localized":0,"ID":500496926,"LocalID":0,"Type":"numerical","Value":"168.8","CategoryFeatureId":"51490","CategoryFeatureGroupID":"6881","SortNo":"8","PresentationValue":"168,8 mm","RawValue":"168.8","LocalValue":"168,8","Description":"Tuotteen korkeus","Mandatory":"0","Searchable":"0","Optional":"0","Feature":{"ID":"1464","Sign":"","Measure":{"ID":"24","Sign":"","Signs":{"ID":"13815","_":"mm","Language":"FI"}},"Name":{"Value":"Tuotteen korkeus","Language":"FI"}}},{"Localized":0,"ID":500496796,"LocalID":0,"Type":"numerical","Value":"235","CategoryFeatureId":"51491","CategoryFeatureGroupID":"6881","SortNo":"7","PresentationValue":"235 g","RawValue":"235","LocalValue":"235","Description":"Tuotteen paino ilman pakkausta (Nettopaino). Jos mahdollista, nettopaino ilmaistaan vakiovarusteineet ja tarvikkeet mukaan laskettuna. Huomaa, että joskus valmistaja antaa kaupallisen tulkinnan tuotteen painosta, jättämällä pois  lisävarusteiden ja / tai tarvikkeiden painon.","Mandatory":"1","Searchable":"1","Optional":"0","Feature":{"ID":"94","Sign":"","Measure":{"ID":"38","Sign":"","Signs":{"ID":"13826","_":"g","Language":"FI"}},"Name":{"Value":"Paino","Language":"FI"}}}]}],"FeatureLogos":[],"ReasonsToBuy":[],"Reviews":[],"ProductRelated":[{"ID":227541039,"CategoryID":788,"Preferred":0,"IcecatID":100727796,"ProductCode":"SGX3622/A","ThumbPic":"","ProductName":"Business Premium - Huoltopalvelu Samsung Galaxy Xcover-series - 36 kuukautta","Brand":"mcare","BrandID":37476,"ProductRelatedLocales":[{"ID":0,"Language":"FI","Preferred":0,"StartDate":"","EndDate":""}]},{"ID":227524100,"CategoryID":788,"Preferred":0,"IcecatID":100727744,"ProductCode":"BSP3622/A","ThumbPic":"","ProductName":"Business - Huoltopalvelu älypuhelimelle - 36 kuukautta","Brand":"mcare","BrandID":37476,"ProductRelatedLocales":[{"ID":0,"Language":"FI","Preferred":0,"StartDate":"","EndDate":""}]},{"ID":227524101,"CategoryID":788,"Preferred":0,"IcecatID":100727743,"ProductCode":"BSP2422/A","ThumbPic":"","ProductName":"Business - Huoltopalvelu älypuhelimelle - 24 kuukautta","Brand":"mcare","BrandID":37476,"ProductRelatedLocales":[{"ID":0,"Language":"FI","Preferred":0,"StartDate":"","EndDate":""}]},{"ID":0,"CategoryID":1637,"Preferred":0,"IcecatID":94781546,"ProductCode":"MLWK3ZM/A","ThumbPic":"","ProductName":"AirPods","Brand":"Apple","BrandID":9,"ProductRelatedLocales":[{"ID":0,"Language":"FI","Preferred":0,"StartDate":"","EndDate":""}]},{"ID":0,"CategoryID":1637,"Preferred":0,"IcecatID":62202327,"ProductCode":"MUFQ2ZM/A","ThumbPic":"","ProductName":"urBeats3","Brand":"Apple","BrandID":9,"ProductRelatedLocales":[{"ID":0,"Language":"FI","Preferred":0,"StartDate":"","EndDate":""}]},{"ID":0,"CategoryID":1637,"Preferred":0,"IcecatID":33259200,"ProductCode":"MMTN2ZM/A","ThumbPic":"","ProductName":"EarPods","Brand":"Apple","BrandID":9,"ProductRelatedLocales":[{"ID":0,"Language":"FI","Preferred":0,"StartDate":"","EndDate":""}]}],"CatalogObjectCloud":{"ProductPage":{"QRCodeURL":"https://qr.icecat.biz/coc/a00adfab-e898-427a-8daa-20c025598627","URL":"https://coc.icecat.biz/a00adfab-e898-427a-8daa-20c025598627"}},"Variants":[],"ProductStory":[],"Dictionary":{"model_name":"Tuotenimi","desc":"Kuvaus","ean_code":"EAN/UPC-koodi","flash360":"3D-esittely","demo_msg_part3":"Jos sinulla ei ole Icecat-k&auml;ytt&auml;j&auml;tili&auml;, ole hyv&auml; ja rekister&ouml;idy maksutta t&auml;&auml;lt&auml;.","repairability_index":"Repairability index","zoom_panel_init":"Alkuper&auml;inen koko","cat_name":"Ryhm&auml;","product_family":"Tuoteperhe","back_to_top":"Takaisin yl&ouml;s","zoom_panel_out":"Loitonna","specs":"Tekniset tiedot","eu_product_fiche":"EU-tuoteseloste","reviews_head_name":"Arvostelut","pdf_specs":"Tuote-esite","zoom_panel_in":"L&auml;henn&auml;","html_content":"","release_date":"Julkaisup&auml;iv&auml;","demo_msg_part1":"K&auml;yt&auml;t t&auml;ll&auml; hetkell&auml; demo-k&auml;ytt&auml;j&auml;tili&auml;. Ole hyv&auml; ja k&auml;yt&auml; omaa Icecat-k&auml;ytt&auml;j&auml;tili&auml;si.","demo_insert_desc":"This is a demo of a seamless insert of an Icecat LIVE product data-sheet in your website. Imagine that this responsive data-sheet is included in the product page of your webshop.","pdf_url":"K&auml;ytt&ouml;opas","prod_code":"Tuotekoodi","supplier_name":"Tuotemerkki","video":"Video","reasons_to_buy":"Syitä ostaa","marketing_text":"Kuvaus","options_head_name":"Vaihtoehdot","product_series":"Tuotesarja","demo_msg_part2":"Icecat k&auml;ytt&auml;j&auml;tunnuksesi","link_integrate_desk":"Kuinka integroida Icecat LIVE JavaScript.","zoom_panel_dragg":"Hiirell&auml; vet&auml;minen","eu_energy_label":"EU-energiamerkintä"},"DemoAccount":false}}