{"msg":"OK","data":{"GeneralInfo":{"IcecatId":125004573,"ReleaseDate":"","EndOfLifeDate":"","Title":"Samsung Galaxy S25+ 17 cm (6.7\") Kaksois-SIM Android 15 5G USB Type-C 12 GB 512 GB 4900 mAh Mintunvärinen","TitleInfo":{"GeneratedIntTitle":"Samsung Galaxy S25+","GeneratedLocalTitle":{"Value":"Samsung Galaxy S25+ 17 cm (6.7\") Kaksois-SIM Android 15 5G USB Type-C 12 GB 512 GB 4900 mAh Mintunvärinen","Language":"FI"},"BrandLocalTitle":{"Value":"","Language":"FI"}},"Brand":"Samsung","BrandID":"26","BrandLogo":"https://images.icecat.biz/img/brand/thumb/26_c012d76b332e4624b88a05c9932c9266.jpg","BrandInfo":{"BrandName":"Samsung","BrandLocalName":"","BrandLogo":"https://images.icecat.biz/img/brand/thumb/26_c012d76b332e4624b88a05c9932c9266.jpg"},"ProductName":"S25+","ProductNameInfo":{"ProductIntName":"S25+","ProductLocalName":{"Value":"","Language":"FI"}},"BrandPartCode":"SM-S936BLGGEUB","GTIN":["8806095858456"],"Category":{"CategoryID":"1893","Name":{"Value":"Älypuhelimet","Language":"FI"}},"ProductFamily":{"ProductFamilyID":"63895","Value":"Galaxy","Language":"EN"},"ProductSeries":{"SeriesID":"8712","Value":"S25+","Language":"EN"},"Description":{"ID":"98453074","LongDesc":"<b>Yksinkertaista. Vaikuttavaa.</b><br>Koe Galaxy S25 ja S25+. Tyylikäs premium-muotoilu vahvassa alumiinirungossa, vangitseva näyttö ja hienostunut kamera ja nyt entistä ohuempi ja paremmin käteen istuva.<br><br><b>Suuri ja suurempi</b><br>Ohuempi muotoilu, enemmän valinnanvaraa. Galaxy S25 ja S25+ sisältävät molemmat tehokkaimman, erityisesti Galaxy-laitteille suunnitellun prosessorimme, optimoidun akunkeston ja innovatiivisimman tekoälymme. Valitse suurempi ja rohkeampi Galaxy S25+:n 6,7 tuuman näytöllä.<br><br><b>Tyylikäs ulkonäkö. Suunniteltu kestämään.</b><br><br><b>Varustettu Armor Aluminium -rungolla</b><br>Lähikuva Galaxy S25+:n kulmasta ja sen alumiinikuoresta näkyy.<br>Galaxy S25 ja S25+ on suunniteltu kestämään, ja ne on varustettu kevyellä alumiinirungolla, joten voit ottaa ne mukaan käytännössä minne tahansa.<br><br><b>Lasi, joka on suunniteltu kestämään</b><br>Lähikuva Galaxy S25+:n kulmasta näkyy. Lasikerros leijuu päänäytön yläpuolella.<br>Vahvistettu Corning® Gorilla® Glass Victus® 2 -näyttölasilla, joka tarjoaa vahvan suojan.<br><br><b>Säilytä vedenkestävyys</b><br>Lähikuva Galaxy S25+ -laitteen kulmasta, jossa on vesipisaroita alumiinikuorella.<br>IP68-luokitellut Galaxy S25 ja S25+ ovat paitsi kosteudenkestäviä myös pölytiiviitä.<br><br>Astu mobiili-AI:n seuraavaan aikakauteen AI-partner avulla, joka on askeleen edellä tarpeitasi. Anna vapaasti soljuvien keskustelujen ohjata ja hoida arjen tehtävät vaivattomasti.<br><br><b>Paina, puhu, valmis</b><br>Suorita tehtäviäsi saumattomasti ilman vaihtamista sovelluksesta toiseen. Paina vain sivupainiketta pitkään, jotta saat Google Geminin avuksesi – se suorittaa tehtävät yhdellä kertaa.<br><br><b>Vastauksia livenä.</b><br>Keskustele Gemini Liven kanssa ja anna ideoiden virrata ja valmistele esityksesi kuvia liittämällä. Samalla saat reaaliaikaisia tyyliisi soveltuvia ehdotuksia.<br><br><b>Yhteenvedot päivästäsi</b><br>Henkilökohtaiset yhteenvedot päivistäsi aivan uudella Now Briefillä.<br>Aloita aamusi katsauksella tulevaan päivään, kuten tarkistamalla viimeisimmät Energy Score -pisteesi ja muistutukset päivän aikatauluista. Illalla näet yhteenvedon päivän tapahtumista ja aktiivisuudestasi.<br><br><b>Ympyröi ja hae. Kuule ja etsi, mikä kappale on kyseessä.</b><br>Näytöllä on ympäröitynä kuva kasveista ja sen alla näkyvät Google-haun tulokset.<br>Soita, laula tai hyräile kappaletta, niin Google etsii ja antaa sinulle tulokset artistin nimestä ja kappaleen nimestä.<br><br>Ympyröi ja Hae Googlen avulla auttaa sinua tekemään haun mistä tahansa näytölläsi näkyvästä ja hankkimaan tietoa nopeasti tekoäly-yleiskatsausten ansiosta. Ympyröi vain sormellasi kohde – mukaan lukien, kuvat, videot ja teksti – niin saat tuloksia välittömästi. Voit jopa hakea samalla hetkellä kuulemaasi laulua sovellusta vaihtamatta.<br><br><b>Äänistudio sormenpäissäsi tauko</b><br>Videomateriaali, jossa on aiheita, näytetään keskellä ääniaaltojen kanssa. Audio Eraser -toiminnolla ei-toivottua ääntä voidaan vähentää nollasta miinus sataan. Miinus sadassa Mute on merkitty.<br>Hankkiudu helposti eroon videoittesi ei-toivotuista taustaäänistä ja tee niistä jakamisen arvoisia Audio Eraserin avulla. Muokkaa ääntä hienosäätämällä erilaisia äänityyppejä, kuten puhetta, musiikkia, tuulensuhinaa ja monia muita.<br><br><b>Videot kohokohdistasi helposti tauko</b><br>Useita eri videoiden kohokohtia nähdään muokattavan yhteen Auto Trim -toiminnon avulla.<br>Luo reels-videoita helposti yhdistämällä videoklippisi ja painamalla Auto Trim -painiketta. Tekoäly valitsee tärkeimmät tapahtumat ja poimii kohokohdat, joita voit helposti muokata haluamaasi pituisiksi.<br><br><b>Terveyden tulevaisuus – yksilöllisesti</b><br>Galaxy S25+ näkyy pääruudulta. Nyt Brief on aktiivinen. Morning Insight näyttää päivän Energy Scoren, joka on myös synkronoitu Samsung Galaxy Watchiin.<br>Hallitse terveystavoitteitasi seuraamalla Energy Score -pisteitäsi. Synkronoi Samsung Galaxy Watchin tai Ringin kanssa ja saat tietoa omasta edistymisestäsi ja vinkkejä, kuten analyysin unestasi, aktiivisuudestasi ja sykkeestäsi.<br><br><b>Edistynein AI ProVisual Engine</b><br>ProVisual Engine -järjestelmäämme tehostaa nyt tehokas prosessorimme. Koe edistynyt tallennus-, katselu- ja muokkausjärjestelmämme, joka on nähtävä uskoakseen.<br><br><b>Upea Nightography-video. Vähemmän kohinaa, enemmän selkeyttä.</b><br>Nyt voit kuvata parannetulla 10-bittisellä HDR:llä, mikä tarjoaa entistä upeamman videoelämyksen. Kehittynyt AP:mme tarjoaa myös tarkempaa kohinanvaimennusta, joten sinun ei enää tarvitse murehtia rakeisia yövideoita.<br><br><b>Eeppisiä muotokuvia jokaisella kerralla</b><br>Kuva naisesta otettuna ulkona. Valaistus on tarkka ja hänen piirteensä ovat selkeät.<br>Me näemme sinut. Ja niin näkee kamerammekin, jossa on Object-aware Engine, joka sopeutuu monenlaisiin valaistusolosuhteisiin. Tallenna ihonsävyt ja tekstuurit juuri sellaisina, kuin silmäsi ne näkevät.<br><br><b>Suodin juuri sinulle</b><br>Kuva ystävistä laiturilla, johon on sovellettu suodatin. Eri mukautettuja suodattimia voidaan käyttää valokuvauksen aikana.<br>Herätä kuvasi eloon omilla henkilökohtaisilla suotimillasi. Galaxy AI analysoi suosikkikuvasi ja luo suotimen, joka vangitsee hetken. Käytä sitä heti tai mukauta sitä lisää mielialasi mukaan säätämällä kylläisyyttä, kirkkautta ja muita asetuksia.<br><br><b>Kuvat salamannopeasti</b><br>Kissa on tallennettu liikkeessä tassu ilmassa. Yksityiskohdat ovat edelleen teräviä, ja liike-epäterävyys on minimaalista.<br>Lähikuva kissan kasvoista näkyy, ja yksityiskohdat pysyvät selkeinä zoomilla otettaessa.<br>Kehittynyt ProVisual Engine -moottorimme ja sensorimme mahdollistavat korkealaatuiset kuvat jopa lyhyillä valotusajoilla, jotta voit tallentaa liikkuvat kohteet entistä terävämmin.<br><br><b>Tehokkain, Galaxya varten muokattu suoritin</b><br>Esittelyssä tehokkain, Galaxya varten muokattu suorittimemme. Parannetun reaaliaikaisen säteenseurannan ja Vulkan-optimoinnin avulla voit uppoutua toimintaan huippuluokan pelattavuuden ansiosta, jonka mahdollistaa Galaxylle tarkoitettu Snapdragon® 8 Elite -mobiilialusta.<br><br><b>Tarkasti skaalattu. Huomaa ero</b><br>Näytön kuvanlaatu on entistäkin upeampi sisäänrakennetun ProScalerin ansiosta. Tekoälyalgoritmien avulla saat korkealaatuisen katselukokemuksen näytön asetuksia säätämättä.<br><br><b>Ylittämätön akunkesto tauko</b><br>Timelapse-kaupunkimaisema siirtyy päivästä yöhön 29 tunnissa ja 30 minuutissa Galaxy S25+:n kestävän akun ansiosta.<br>Uraauurtavan mDNIe-teknologiamme, erityisesti valmistetun AP:n ja ohjelmisto-optimoinnin ansiosta Galaxy S25:n ja S25+:n akunkesto on parantunut, joten voit katsella videoita tuntikausia.<br><br><b>Jopa 512 Gt tallennustilaa</b><br>Tallenna kaikki 12 Gt:n muistilla ja jopa 128 Gt:n, 256 Gt:n tai 512 Gt:n tallennustilalla Galaxy S25:llä tai valitse 256 Gt:n tai 512 Gt:n tallennustila Galaxy S25+:lla.<br><br><b>Täysin uusi One UI 7, suunniteltu tekoälykäyttöön</b>","LongProductName":"Galaxy S25+ Smartphone AI, Display 6.7'' QHD+ Dynamic AMOLED 2X, Fotocamera 50MP, RAM 12GB, 512GB, 4.900 mAh, Mint ","MiddleDesc":"","Disclaimer":"","ManualPDFURL":"","ManualPDFSize":"0","LeafletPDFURL":"","PDFSize":"0","URL":"https://www.samsung.com/fi/smartphones/galaxy-s25/","WarrantyInfo":"","Updated":"2025-02-12 15:49:46","Language":"FI"},"SummaryDescription":{"ShortSummaryDescription":"Samsung Galaxy S25+ , 17 cm (6.7\"), 12 GB, 512 GB, 50 MP, Android 15, Mintunvärinen","LongSummaryDescription":"Samsung Galaxy S25+ . Näytön halkaisija: 17 cm (6.7\"), Näytön erottelutarkkuus: 3120 x 1440 pikseliä. Suoritinperhe: Qualcomm Snapdragon, Prosessorimalli: 8 Elite. RAM-kapasiteetti: 12 GB, Sisäinen tallennuskapasiteetti: 512 GB. Takakameran resoluutio (numeerinen): 50 MP, Takakameran tyyppi: Kolmoiskamera. SIM-kortin kapasiteetti: Kaksois-SIM. Käyttöjärjestelmä asennettu: Android 15. Akun kapasiteetti: 4900 mAh. Tuotteen väri: Mintunvärinen. Paino: 190 g"},"BulletPoints":{},"GeneratedBulletPoints":{"Language":"FI","Values":["17 cm (6.7\") 3120 x 1440 pikseliä Gorilla Glass","Qualcomm Snapdragon 8 Elite","12 GB 512 GB","5G Kaksois-SIM NanoSIM + eSIM","802.11a, 802.11b, 802.11g, Wi-Fi 4 (802.11n), Wi-Fi 5 (802.11ac), Wi-Fi 6 (802.11ax), Wi-Fi 6E (802.11ax), Wi-Fi 7 (802.11be) Bluetooth 5.4 Lähialueen kommunikointi (NFC)","Kolmoiskamera 50 MP 10 MP 12 MP","4900 mAh Langaton lataaminen","Android 15 One UI 7.0"]},"GTINs":[{"GTIN":"8806095858456","IsApproved":true}]},"Image":{"HighPic":"https://images.icecat.biz/img/gallery/f93d830369c0a82d88e9fe48fea4fde92893b4f2.jpg","HighPicSize":"861802","HighPicHeight":"2000","HighPicWidth":"2000","LowPic":"https://images.icecat.biz/img/gallery_lows/be10f5e0f91ed26ea20375c09fe0fcd2779eee31.jpg","LowPicSize":"24831","LowPicHeight":"200","LowPicWidth":"200","Pic500x500":"https://images.icecat.biz/img/gallery_mediums/ba5ad83a732de6780ece6f95016ee19633876fb0.jpg","Pic500x500Size":"110828","Pic500x500Height":"500","Pic500x500Width":"500","ThumbPic":"https://images.icecat.biz/img/gallery_thumbs/fc07103d9602ec73f90c398340778a269a9feb23.jpg","ThumbPicSize":"5528"},"Multimedia":[{"ID":"30209261-5631-4C25-8DB7-BAB5E172941A","URL":"https://objects.icecat.biz/objects/mmo_125004573_1754619629_3095_2951891.pdf","Type":"EU Product Fiche","ContentType":"application/pdf","KeepAsUrl":"0","Description":"EU-tuoteseloste","Size":"109094","IsPrivate":"0","Updated":"2025-08-08 04:20:29","Language":"EN","IsVideo":0},{"ID":"D8091259-4087-4861-8A22-A3B7A260705C","URL":"https://objects.icecat.biz/objects/mmo_125004573_1750045172_9392_596654.pdf","Type":"EU Energy Label","ContentType":"application/pdf","KeepAsUrl":"0","Description":"EU-energiamerkintä","Size":"32537","IsPrivate":"0","Updated":"2025-08-08 04:20:30","Language":"","IsVideo":0,"EprelLink":"https://eprel.ec.europa.eu/qr/2339793","LabelType":"rescaled","ConvertedURL":"https://objects.icecat.biz/objects/125004573_64784406.jpeg","ConvertedContentType":"image/jpeg","ConvertedSize":169558,"EprelId":2339793},{"ID":"00000000-0000-0000-0000-000000000000","URL":"https://icecat.biz/rest/product-pdf?productId=125004573&lang=fi","Type":"leaflet","ContentType":"application/pdf","KeepAsUrl":"0","Description":"Brochure Samsung SM-S936BLGGEUB","Size":"0","IsPrivate":"0","Updated":"2025-09-10 13:48:37","Language":"FI","IsVideo":0}],"Gallery":[{"ID":"100357588","LowPic":"https://images.icecat.biz/img/gallery_lows/be10f5e0f91ed26ea20375c09fe0fcd2779eee31.jpg","LowSize":"24831","LowHeight":"200","LowWidth":"200","ThumbPic":"https://images.icecat.biz/img/gallery_thumbs/fc07103d9602ec73f90c398340778a269a9feb23.jpg","ThumbPicSize":"5528","Pic":"https://images.icecat.biz/img/gallery/f93d830369c0a82d88e9fe48fea4fde92893b4f2.jpg","Size":"861802","PicHeight":"2000","PicWidth":"2000","Pic500x500":"https://images.icecat.biz/img/gallery_mediums/ba5ad83a732de6780ece6f95016ee19633876fb0.jpg","Pic500x500Size":"110828","Pic500x500Height":"500","Pic500x500Width":"500","No":"1","IsMain":"Y","Updated":"2025-01-24 08:40:16","IsPrivate":"0","Type":"ProductImage","Attributes":{"OriginalFileName":""}},{"ID":"100509750","LowPic":"https://images.icecat.biz/img/gallery_lows/1e8609949660ddc730e232cdc5f514bddfcb57a9.jpg","LowSize":"17847","LowHeight":"200","LowWidth":"167","ThumbPic":"https://images.icecat.biz/img/gallery_thumbs/8f795ce81757824e8db7e8fae65d3b4de0cd57cb.jpg","ThumbPicSize":"4958","Pic":"https://images.icecat.biz/img/gallery/5bebb96f3634d346c2f7e975fc8448700603d0b0.jpg","Size":"989940","PicHeight":"1881","PicWidth":"1570","Pic500x500":"https://images.icecat.biz/img/gallery_mediums/856191127703810f0f147a61832e31c1a9cad610.jpg","Pic500x500Size":"73909","Pic500x500Height":"500","Pic500x500Width":"417","No":"2","IsMain":"N","Updated":"2025-01-24 08:40:16","IsPrivate":"0","Type":"ProductImage","Attributes":{"OriginalFileName":""}},{"ID":"100509751","LowPic":"https://images.icecat.biz/img/gallery_lows/db0be876609149a435064ca9839eba62800c4ae2.jpg","LowSize":"8395","LowHeight":"200","LowWidth":"106","ThumbPic":"https://images.icecat.biz/img/gallery_thumbs/1bfa24a2926a39749246aae451b7d564d4c82762.jpg","ThumbPicSize":"2481","Pic":"https://images.icecat.biz/img/gallery/5dd10b5c9f90196ea4aba3657907e1f155917acc.jpg","Size":"579136","PicHeight":"1881","PicWidth":"994","Pic500x500":"https://images.icecat.biz/img/gallery_mediums/4e07e0c0faebbb03aa0b5d2344ed4d95915c3ac9.jpg","Pic500x500Size":"36153","Pic500x500Height":"500","Pic500x500Width":"264","No":"3","IsMain":"N","Updated":"2025-01-24 08:40:16","IsPrivate":"0","Type":"ProductImage","Attributes":{"OriginalFileName":""}},{"ID":"100509752","LowPic":"https://images.icecat.biz/img/gallery_lows/ea83f899d9973932a6d577e49001976d6b08e213.jpg","LowSize":"7350","LowHeight":"200","LowWidth":"94","ThumbPic":"https://images.icecat.biz/img/gallery_thumbs/d41b0329046519f3c86097144c437ff59f28da5b.jpg","ThumbPicSize":"2443","Pic":"https://images.icecat.biz/img/gallery/fe0732b3868e2e70ad68fcb71b6fd5208c002eb5.jpg","Size":"468446","PicHeight":"1937","PicWidth":"912","Pic500x500":"https://images.icecat.biz/img/gallery_mediums/9945cd2e2a7cc1b63deae80410be4385d578573f.jpg","Pic500x500Size":"31389","Pic500x500Height":"500","Pic500x500Width":"235","No":"4","IsMain":"N","Updated":"2025-01-24 08:40:16","IsPrivate":"0","Type":"ProductImage","Attributes":{"OriginalFileName":""}},{"ID":"100509753","LowPic":"https://images.icecat.biz/img/gallery_lows/0e1dafdcf3f66cd660a477caa66dc8be82f6364a.jpg","LowSize":"7072","LowHeight":"200","LowWidth":"94","ThumbPic":"https://images.icecat.biz/img/gallery_thumbs/a0e985361dddd7e1fb8cecd21630dd820f87146f.jpg","ThumbPicSize":"2214","Pic":"https://images.icecat.biz/img/gallery/5fd3a8b19ee9392d15bf2128089bc8b91fd169ce.jpg","Size":"463825","PicHeight":"1937","PicWidth":"912","Pic500x500":"https://images.icecat.biz/img/gallery_mediums/9a7bce1a7f3b27d494f9b35e4ce9c1226ce0a93c.jpg","Pic500x500Size":"30269","Pic500x500Height":"500","Pic500x500Width":"235","No":"5","IsMain":"N","Updated":"2025-01-24 08:40:16","IsPrivate":"0","Type":"ProductImage","Attributes":{"OriginalFileName":""}},{"ID":"100509754","LowPic":"https://images.icecat.biz/img/gallery_lows/71cc75e03626d85a4cf09a4e6e03d8e444ab1f41.jpg","LowSize":"11825","LowHeight":"200","LowWidth":"106","ThumbPic":"https://images.icecat.biz/img/gallery_thumbs/220bd97b2175d8492dc1fd1da02f7cc163954d24.jpg","ThumbPicSize":"3489","Pic":"https://images.icecat.biz/img/gallery/2f785ecd5b084ad7895379315dd5a33414471691.jpg","Size":"590091","PicHeight":"1881","PicWidth":"994","Pic500x500":"https://images.icecat.biz/img/gallery_mediums/197fdb2f2219a6884929c9022431853667248e87.jpg","Pic500x500Size":"47985","Pic500x500Height":"500","Pic500x500Width":"264","No":"6","IsMain":"N","Updated":"2025-01-24 08:40:16","IsPrivate":"0","Type":"ProductImage","Attributes":{"OriginalFileName":""}},{"ID":"100509755","LowPic":"https://images.icecat.biz/img/gallery_lows/881099618d803bbd9d2d863c3863f8c0a6b1a2b8.jpg","LowSize":"10708","LowHeight":"200","LowWidth":"94","ThumbPic":"https://images.icecat.biz/img/gallery_thumbs/51e1ec0f938da0a8c1bc2725a867a57895b65af1.jpg","ThumbPicSize":"3456","Pic":"https://images.icecat.biz/img/gallery/a5a9d3589e0cf1044a950e8bb3310962428f6820.jpg","Size":"546753","PicHeight":"1941","PicWidth":"912","Pic500x500":"https://images.icecat.biz/img/gallery_mediums/3b3b4c0f331ee1eccfe4fb0f316bd93406505c0b.jpg","Pic500x500Size":"43860","Pic500x500Height":"500","Pic500x500Width":"235","No":"7","IsMain":"N","Updated":"2025-01-24 08:40:16","IsPrivate":"0","Type":"ProductImage","Attributes":{"OriginalFileName":""}},{"ID":"100509756","LowPic":"https://images.icecat.biz/img/gallery_lows/48611a5fcb3fd885c76d0678fcce4d9a3aba8a6b.jpg","LowSize":"11241","LowHeight":"200","LowWidth":"94","ThumbPic":"https://images.icecat.biz/img/gallery_thumbs/399255d9be60c66034ba76732f4fafa80cfc7bf6.jpg","ThumbPicSize":"3342","Pic":"https://images.icecat.biz/img/gallery/1dd5f7b36e17a35ada35139ae35a633f3d921a02.jpg","Size":"551106","PicHeight":"1941","PicWidth":"912","Pic500x500":"https://images.icecat.biz/img/gallery_mediums/a8f7417238436c79477f61faff43f1eb9ba068c0.jpg","Pic500x500Size":"44730","Pic500x500Height":"500","Pic500x500Width":"235","No":"8","IsMain":"N","Updated":"2025-01-24 08:40:16","IsPrivate":"0","Type":"ProductImage","Attributes":{"OriginalFileName":""}}],"FeaturesGroups":[{"ID":6883,"SortNo":"100","FeatureGroup":{"ID":"5","Name":{"Value":"Näyttö","Language":"FI"}},"Features":[{"Localized":0,"ID":728463756,"LocalID":0,"Type":"numerical","Value":"6.7","CategoryFeatureId":"51494","CategoryFeatureGroupID":"6883","SortNo":"500","PresentationValue":"17 cm (6.7\")","RawValue":"6.7","LocalValue":"17","Description":"Tämän tuotteen näytön koko, ilmaistuna diagonaalin tuumina.","Mandatory":"1","Searchable":"1","Optional":"0","Feature":{"ID":"944","Sign":"","Measure":{"ID":"16","Sign":"","Signs":{"ID":"3161","_":"\"","Language":"FI"}},"Name":{"Value":"Näytön halkaisija","Language":"FI"}}},{"Localized":0,"ID":728463818,"LocalID":0,"Type":"dropdown","Value":"Flat screen","CategoryFeatureId":"166023","CategoryFeatureGroupID":"6883","SortNo":"32","PresentationValue":"Litteä","RawValue":"Flat screen","LocalValue":"Litteä","Description":"","Mandatory":"0","Searchable":"0","Optional":"0","Feature":{"ID":"17554","Sign":"","Measure":{"ID":"29","Sign":"","Signs":{"ID":"","_":"","Language":"FI"}},"Name":{"Value":"Näytön muoto","Language":"FI"}}},{"Localized":0,"ID":728463863,"LocalID":0,"Type":"dropdown","Value":"Dynamic AMOLED 2X","CategoryFeatureId":"939513","CategoryFeatureGroupID":"6883","SortNo":"30","PresentationValue":"Dynamic AMOLED 2X","RawValue":"Dynamic AMOLED 2X","LocalValue":"Dynamic AMOLED 2X","Description":"","Mandatory":"0","Searchable":"0","Optional":"0","Feature":{"ID":"46952","Sign":"","Measure":{"ID":"29","Sign":"","Signs":{"ID":"","_":"","Language":"FI"}},"Name":{"Value":"Näyttöteknologian markkinointinimi","Language":"FI"}}},{"Localized":0,"ID":728463813,"LocalID":0,"Type":"dropdown","Value":"AMOLED","CategoryFeatureId":"949514","CategoryFeatureGroupID":"6883","SortNo":"30","PresentationValue":"AMOLED","RawValue":"AMOLED","LocalValue":"AMOLED","Description":"","Mandatory":"0","Searchable":"0","Optional":"0","Feature":{"ID":"15285","Sign":"","Measure":{"ID":"29","Sign":"","Signs":{"ID":"","_":"","Language":"FI"}},"Name":{"Value":"Paneelin tyyppi","Language":"FI"}}},{"Localized":0,"ID":728463836,"LocalID":0,"Type":"dropdown","Value":"Gorilla Glass","CategoryFeatureId":"234127","CategoryFeatureGroupID":"6883","SortNo":"28","PresentationValue":"Gorilla Glass","RawValue":"Gorilla Glass","LocalValue":"Gorilla Glass","Description":"","Mandatory":"0","Searchable":"0","Optional":"0","Feature":{"ID":"34273","Sign":"","Measure":{"ID":"29","Sign":"","Signs":{"ID":"","_":"","Language":"FI"}},"Name":{"Value":"Näytön lasin tyyppi","Language":"FI"}}},{"Localized":0,"ID":728463841,"LocalID":0,"Type":"dropdown","Value":"Gorilla Glass Victus 2","CategoryFeatureId":"258314","CategoryFeatureGroupID":"6883","SortNo":"27","PresentationValue":"Gorilla Glass Victus 2","RawValue":"Gorilla Glass Victus 2","LocalValue":"Gorilla Glass Victus 2","Description":"","Mandatory":"0","Searchable":"0","Optional":"0","Feature":{"ID":"36711","Sign":"","Measure":{"ID":"29","Sign":"","Signs":{"ID":"","_":"","Language":"FI"}},"Name":{"Value":"Gorilla Glass -versio","Language":"FI"}}},{"Localized":0,"ID":728463764,"LocalID":0,"Type":"2d","Value":"3120 x 1440","CategoryFeatureId":"51495","CategoryFeatureGroupID":"6883","SortNo":"26","PresentationValue":"3120 x 1440 pikseliä","RawValue":"3120 x 1440","LocalValue":"3120 x 1440","Description":"Järjestelmän näytön resoluutio.","Mandatory":"1","Searchable":"1","Optional":"0","Feature":{"ID":"1585","Sign":"","Measure":{"ID":"39","Sign":"","Signs":{"ID":"13827","_":"pikseliä","Language":"FI"}},"Name":{"Value":"Näytön erottelutarkkuus","Language":"FI"}}},{"Localized":0,"ID":728463821,"LocalID":0,"Type":"dropdown","Value":"16 million colours","CategoryFeatureId":"154140","CategoryFeatureGroupID":"6883","SortNo":"24","PresentationValue":"16 miljoonaa väriä","RawValue":"16 million colours","LocalValue":"16 miljoonaa väriä","Description":"","Mandatory":"0","Searchable":"0","Optional":"0","Feature":{"ID":"24847","Sign":"","Measure":{"ID":"29","Sign":"","Signs":{"ID":"","_":"","Language":"FI"}},"Name":{"Value":"Näyttövärejä","Language":"FI"}}},{"Localized":0,"ID":728463788,"LocalID":0,"Type":"numerical","Value":"120","CategoryFeatureId":"329450","CategoryFeatureGroupID":"6883","SortNo":"21","PresentationValue":"120 Hz","RawValue":"120","LocalValue":"120","Description":"","Mandatory":"0","Searchable":"0","Optional":"0","Feature":{"ID":"7450","Sign":"","Measure":{"ID":"36","Sign":"","Signs":{"ID":"13824","_":"Hz","Language":"FI"}},"Name":{"Value":"Suurin päivitystaajuus","Language":"FI"}}},{"Localized":0,"ID":728463759,"LocalID":0,"Type":"numerical","Value":"1500","CategoryFeatureId":"51677","CategoryFeatureGroupID":"6883","SortNo":"20","PresentationValue":"1500 cd/m²","RawValue":"1500","LocalValue":"1500","Description":"Kirkkaus on määrä säteilevän valon näytöstä. Kirkkaus luokitus mitataan candellas neliömetriä kohden; kutsutaan yleisesti \"saivareet\".","Mandatory":"0","Searchable":"0","Optional":"0","Feature":{"ID":"1389","Sign":"","Measure":{"ID":"43","Sign":"","Signs":{"ID":"13831","_":"cd/m²","Language":"FI"}},"Name":{"Value":"Näytön kirkkaus","Language":"FI"}}},{"Localized":0,"ID":728463811,"LocalID":0,"Type":"numerical","Value":"516","CategoryFeatureId":"103274","CategoryFeatureGroupID":"6883","SortNo":"0","PresentationValue":"516 ppi","RawValue":"516","LocalValue":"516","Description":"","Mandatory":"0","Searchable":"0","Optional":"0","Feature":{"ID":"13246","Sign":"","Measure":{"ID":"243","Sign":"","Signs":{"ID":"14522","_":"ppi","Language":"FI"}},"Name":{"Value":"Pikselitiheys","Language":"FI"}}},{"Localized":0,"ID":728463829,"LocalID":0,"Type":"dropdown","Value":"Always-on display","CategoryFeatureId":"926921","CategoryFeatureGroupID":"6883","SortNo":"0","PresentationValue":"Näyttö aina päällä","RawValue":"Always-on display","LocalValue":"Näyttö aina päällä","Description":"","Mandatory":"0","Searchable":"0","Optional":"0","Feature":{"ID":"27635","Sign":"","Measure":{"ID":"29","Sign":"","Signs":{"ID":"","_":"","Language":"FI"}},"Name":{"Value":"Tuotekohtaiset tekniikat","Language":"FI"}}},{"Localized":0,"ID":728463835,"LocalID":0,"Type":"y_n","Value":"Y","CategoryFeatureId":"226810","CategoryFeatureGroupID":"6883","SortNo":"-2","PresentationValue":"Kyllä","RawValue":"Y","LocalValue":"Kyllä","Description":"","Mandatory":"0","Searchable":"0","Optional":"0","Feature":{"ID":"33690","Sign":"","Measure":{"ID":"26","Sign":"","Signs":{"ID":"","_":"","Language":"FI"}},"Name":{"Value":"Pyöristetyt näytön kulmat","Language":"FI"}}}]},{"ID":6884,"SortNo":"96","FeatureGroup":{"ID":"1","Name":{"Value":"Prosessori","Language":"FI"}},"Features":[{"Localized":0,"ID":728463772,"LocalID":0,"Type":"dropdown","Value":"Qualcomm Snapdragon","CategoryFeatureId":"101566","CategoryFeatureGroupID":"6884","SortNo":"1005020","PresentationValue":"Qualcomm Snapdragon","RawValue":"Qualcomm Snapdragon","LocalValue":"Qualcomm Snapdragon","Description":"Prosessorisarja johon prosessori kuuluu.","Mandatory":"1","Searchable":"0","Optional":"0","Feature":{"ID":"2196","Sign":"","Measure":{"ID":"29","Sign":"","Signs":{"ID":"","_":"","Language":"FI"}},"Name":{"Value":"Suoritinperhe","Language":"FI"}}},{"Localized":0,"ID":728463747,"LocalID":0,"Type":"dropdown","Value":"8 Elite","CategoryFeatureId":"51651","CategoryFeatureGroupID":"6884","SortNo":"1005010","PresentationValue":"8 Elite","RawValue":"8 Elite","LocalValue":"8 Elite","Description":"The model number for the processor in a computer.","Mandatory":"1","Searchable":"0","Optional":"0","Feature":{"ID":"47","Sign":"","Measure":{"ID":"29","Sign":"","Signs":{"ID":"","_":"","Language":"FI"}},"Name":{"Value":"Prosessorimalli","Language":"FI"}}},{"Localized":0,"ID":728463783,"LocalID":0,"Type":"numerical","Value":"8","CategoryFeatureId":"93997","CategoryFeatureGroupID":"6884","SortNo":"300","PresentationValue":"8","RawValue":"8","LocalValue":"8","Description":"The number of central processing units ('cores') in a processor. Some processors have 1 core","Mandatory":"0","Searchable":"0","Optional":"0","Feature":{"ID":"6089","Sign":"","Measure":{"ID":"29","Sign":"","Signs":{"ID":"","_":"","Language":"FI"}},"Name":{"Value":"Prosessorin ytimet","Language":"FI"}}},{"Localized":0,"ID":728463793,"LocalID":0,"Type":"numerical","Value":"4.47","CategoryFeatureId":"142925","CategoryFeatureGroupID":"6884","SortNo":"290","PresentationValue":"4,47 GHz","RawValue":"4.47","LocalValue":"4,47","Description":"Turbo-toiminto on prosessorin automaattinen, hallittu kiihdytys kun yksi ytimistä on ylikuormitettu.","Mandatory":"0","Searchable":"0","Optional":"0","Feature":{"ID":"7978","Sign":"","Measure":{"ID":"37","Sign":"","Signs":{"ID":"13825","_":"GHz","Language":"FI"}},"Name":{"Value":"Suorittimen boost-taajuus","Language":"FI"}}},{"Localized":0,"ID":728463856,"LocalID":0,"Type":"dropdown","Value":"Qualcomm","CategoryFeatureId":"594851","CategoryFeatureGroupID":"6884","SortNo":"-20","PresentationValue":"Qualcomm","RawValue":"Qualcomm","LocalValue":"Qualcomm","Description":"","Mandatory":"0","Searchable":"0","Optional":"0","Feature":{"ID":"42368","Sign":"","Measure":{"ID":"29","Sign":"","Signs":{"ID":"","_":"","Language":"FI"}},"Name":{"Value":"Tekoälyprosessoriperhe","Language":"FI"}}}]},{"ID":6887,"SortNo":"92","FeatureGroup":{"ID":"47","Name":{"Value":"Tallennusväline","Language":"FI"}},"Features":[{"Localized":0,"ID":835250108,"LocalID":0,"Type":"numerical","Value":"475.1","CategoryFeatureId":"108878","CategoryFeatureGroupID":"6887","SortNo":"40","PresentationValue":"475,1 GB","RawValue":"475.1","LocalValue":"475,1","Description":"","Mandatory":"0","Searchable":"0","Optional":"0","Feature":{"ID":"13908","Sign":"","Measure":{"ID":"20","Sign":"","Signs":{"ID":"13811","_":"GB","Language":"FI"}},"Name":{"Value":"Käyttäjän muisti","Language":"FI"}}},{"Localized":0,"ID":728463791,"LocalID":0,"Type":"numerical","Value":"12","CategoryFeatureId":"180947","CategoryFeatureGroupID":"6887","SortNo":"40","PresentationValue":"12 GB","RawValue":"12","LocalValue":"12","Description":"","Mandatory":"1","Searchable":"1","Optional":"0","Feature":{"ID":"7861","Sign":"","Measure":{"ID":"20","Sign":"","Signs":{"ID":"13811","_":"GB","Language":"FI"}},"Name":{"Value":"RAM-kapasiteetti","Language":"FI"}}},{"Localized":0,"ID":728463799,"LocalID":0,"Type":"numerical","Value":"512","CategoryFeatureId":"51697","CategoryFeatureGroupID":"6887","SortNo":"38","PresentationValue":"512 GB","RawValue":"512","LocalValue":"512","Description":"The amount e.g of data which can be stored inside the device.","Mandatory":"1","Searchable":"1","Optional":"0","Feature":{"ID":"8730","Sign":"","Measure":{"ID":"20","Sign":"","Signs":{"ID":"13811","_":"GB","Language":"FI"}},"Name":{"Value":"Sisäinen tallennuskapasiteetti","Language":"FI"}}},{"Localized":0,"ID":728463753,"LocalID":0,"Type":"multi_dropdown","Value":"Not supported","CategoryFeatureId":"51501","CategoryFeatureGroupID":"6887","SortNo":"20","PresentationValue":"Ei tuettu","RawValue":"Not supported","LocalValue":"Ei tuettu","Description":"Types of memory cards which can be used with this product.","Mandatory":"1","Searchable":"0","Optional":"0","Feature":{"ID":"730","Sign":"","Measure":{"ID":"29","Sign":"","Signs":{"ID":"","_":"","Language":"FI"}},"Name":{"Value":"Yhteensopivat muistikortit","Language":"FI"}}}]},{"ID":6888,"SortNo":"88","FeatureGroup":{"ID":"95","Name":{"Value":"Kamera","Language":"FI"}},"Features":[{"Localized":0,"ID":728463848,"LocalID":0,"Type":"alphanumeric","Value":"1/1.56","CategoryFeatureId":"259227","CategoryFeatureGroupID":"6888","SortNo":"10000046","PresentationValue":"1/1.56\"","RawValue":"1/1.56","LocalValue":"1/1.56","Description":"","Mandatory":"0","Searchable":"0","Optional":"0","Feature":{"ID":"36920","Sign":"","Measure":{"ID":"16","Sign":"","Signs":{"ID":"3161","_":"\"","Language":"FI"}},"Name":{"Value":"Takakameran sensorikoko","Language":"FI"}}},{"Localized":0,"ID":728463849,"LocalID":0,"Type":"alphanumeric","Value":"1/3.94","CategoryFeatureId":"259228","CategoryFeatureGroupID":"6888","SortNo":"10000046","PresentationValue":"1/3.94\"","RawValue":"1/3.94","LocalValue":"1/3.94","Description":"","Mandatory":"0","Searchable":"0","Optional":"0","Feature":{"ID":"36921","Sign":"","Measure":{"ID":"16","Sign":"","Signs":{"ID":"3161","_":"\"","Language":"FI"}},"Name":{"Value":"Toisen takakameran sensorikoko","Language":"FI"}}},{"Localized":0,"ID":728463855,"LocalID":0,"Type":"alphanumeric","Value":"1/2.55","CategoryFeatureId":"594850","CategoryFeatureGroupID":"6888","SortNo":"10000045","PresentationValue":"1/2.55\"","RawValue":"1/2.55","LocalValue":"1/2.55","Description":"","Mandatory":"0","Searchable":"0","Optional":"0","Feature":{"ID":"42366","Sign":"","Measure":{"ID":"16","Sign":"","Signs":{"ID":"3161","_":"\"","Language":"FI"}},"Name":{"Value":"Kolmannen takakameran tunnistinalue","Language":"FI"}}},{"Localized":0,"ID":728463809,"LocalID":0,"Type":"numerical","Value":"50","CategoryFeatureId":"175570","CategoryFeatureGroupID":"6888","SortNo":"10500","PresentationValue":"50 MP","RawValue":"50","LocalValue":"50","Description":"The resolution of the images produced with the rear camera, given in MP (megapixel. 1 MP = 1 million pixels).","Mandatory":"1","Searchable":"0","Optional":"0","Feature":{"ID":"12435","Sign":"","Measure":{"ID":"165","Sign":"","Signs":{"ID":"13942","_":"MP","Language":"FI"}},"Name":{"Value":"Takakameran resoluutio (numeerinen)","Language":"FI"}}},{"Localized":0,"ID":728463825,"LocalID":0,"Type":"numerical","Value":"10","CategoryFeatureId":"175584","CategoryFeatureGroupID":"6888","SortNo":"10495","PresentationValue":"10 MP","RawValue":"10","LocalValue":"10","Description":"","Mandatory":"0","Searchable":"0","Optional":"0","Feature":{"ID":"27588","Sign":"","Measure":{"ID":"165","Sign":"","Signs":{"ID":"13942","_":"MP","Language":"FI"}},"Name":{"Value":"Toisen takakameran resoluutio (numeerinen)","Language":"FI"}}},{"Localized":0,"ID":728463838,"LocalID":0,"Type":"numerical","Value":"12","CategoryFeatureId":"249788","CategoryFeatureGroupID":"6888","SortNo":"10490","PresentationValue":"12 MP","RawValue":"12","LocalValue":"12","Description":"","Mandatory":"0","Searchable":"0","Optional":"0","Feature":{"ID":"35935","Sign":"","Measure":{"ID":"165","Sign":"","Signs":{"ID":"13942","_":"MP","Language":"FI"}},"Name":{"Value":"Kolmannen takakameran resoluutio (numeerinen)","Language":"FI"}}},{"Localized":0,"ID":728463826,"LocalID":0,"Type":"numerical","Value":"1.8","CategoryFeatureId":"175601","CategoryFeatureGroupID":"6888","SortNo":"10470","PresentationValue":"1,8","RawValue":"1.8","LocalValue":"1,8","Description":"","Mandatory":"0","Searchable":"0","Optional":"0","Feature":{"ID":"27597","Sign":"","Measure":{"ID":"29","Sign":"","Signs":{"ID":"","_":"","Language":"FI"}},"Name":{"Value":"Takakameran aukon luku","Language":"FI"}}},{"Localized":0,"ID":728463827,"LocalID":0,"Type":"numerical","Value":"2.4","CategoryFeatureId":"175602","CategoryFeatureGroupID":"6888","SortNo":"10460","PresentationValue":"2,4","RawValue":"2.4","LocalValue":"2,4","Description":"","Mandatory":"0","Searchable":"0","Optional":"0","Feature":{"ID":"27598","Sign":"","Measure":{"ID":"29","Sign":"","Signs":{"ID":"","_":"","Language":"FI"}},"Name":{"Value":"Toisen takakameran aukko","Language":"FI"}}},{"Localized":0,"ID":728463839,"LocalID":0,"Type":"numerical","Value":"2.2","CategoryFeatureId":"249789","CategoryFeatureGroupID":"6888","SortNo":"10455","PresentationValue":"2,2","RawValue":"2.2","LocalValue":"2,2","Description":"","Mandatory":"0","Searchable":"0","Optional":"0","Feature":{"ID":"35936","Sign":"","Measure":{"ID":"29","Sign":"","Signs":{"ID":"","_":"","Language":"FI"}},"Name":{"Value":"Kolmannen takakameran aukko","Language":"FI"}}},{"Localized":0,"ID":728463842,"LocalID":0,"Type":"numerical","Value":"1","CategoryFeatureId":"259219","CategoryFeatureGroupID":"6888","SortNo":"10430","PresentationValue":"1 µm","RawValue":"1","LocalValue":"1","Description":"","Mandatory":"0","Searchable":"0","Optional":"0","Feature":{"ID":"36910","Sign":"","Measure":{"ID":"70","Sign":"","Signs":{"ID":"13856","_":"µm","Language":"FI"}},"Name":{"Value":"Takakameran pikselikoko","Language":"FI"}}},{"Localized":0,"ID":728463866,"LocalID":0,"Type":"numerical","Value":"1","CategoryFeatureId":"961347","CategoryFeatureGroupID":"6888","SortNo":"10430","PresentationValue":"1 µm","RawValue":"1","LocalValue":"1","Description":"","Mandatory":"0","Searchable":"0","Optional":"0","Feature":{"ID":"48247","Sign":"","Measure":{"ID":"70","Sign":"","Signs":{"ID":"13856","_":"µm","Language":"FI"}},"Name":{"Value":"Takakameran pikselikoko (Quad Pixel -teknologia)","Language":"FI"}}},{"Localized":0,"ID":728463843,"LocalID":0,"Type":"numerical","Value":"1.4","CategoryFeatureId":"259220","CategoryFeatureGroupID":"6888","SortNo":"10429","PresentationValue":"1,4 µm","RawValue":"1.4","LocalValue":"1,4","Description":"","Mandatory":"0","Searchable":"0","Optional":"0","Feature":{"ID":"36911","Sign":"","Measure":{"ID":"70","Sign":"","Signs":{"ID":"13856","_":"µm","Language":"FI"}},"Name":{"Value":"Toisen takakameran pikselikoko","Language":"FI"}}},{"Localized":0,"ID":728463845,"LocalID":0,"Type":"numerical","Value":"85","CategoryFeatureId":"259225","CategoryFeatureGroupID":"6888","SortNo":"10405","PresentationValue":"85°","RawValue":"85","LocalValue":"85","Description":"","Mandatory":"0","Searchable":"0","Optional":"0","Feature":{"ID":"36916","Sign":"","Measure":{"ID":"32","Sign":"","Signs":{"ID":"13820","_":"°","Language":"FI"}},"Name":{"Value":"Takakameran näkökenttäkulma (FOV)","Language":"FI"}}},{"Localized":0,"ID":728463846,"LocalID":0,"Type":"numerical","Value":"36","CategoryFeatureId":"259226","CategoryFeatureGroupID":"6888","SortNo":"10404","PresentationValue":"36°","RawValue":"36","LocalValue":"36","Description":"","Mandatory":"0","Searchable":"0","Optional":"0","Feature":{"ID":"36917","Sign":"","Measure":{"ID":"32","Sign":"","Signs":{"ID":"13820","_":"°","Language":"FI"}},"Name":{"Value":"Toisen takakameran näkökenttäkulma (FOV)","Language":"FI"}}},{"Localized":0,"ID":728463853,"LocalID":0,"Type":"numerical","Value":"120","CategoryFeatureId":"302246","CategoryFeatureGroupID":"6888","SortNo":"10403","PresentationValue":"120°","RawValue":"120","LocalValue":"120","Description":"","Mandatory":"0","Searchable":"0","Optional":"0","Feature":{"ID":"38334","Sign":"","Measure":{"ID":"32","Sign":"","Signs":{"ID":"13820","_":"°","Language":"FI"}},"Name":{"Value":"Kolmannen takakameran näkökentän (FOV) kulma","Language":"FI"}}},{"Localized":0,"ID":728463749,"LocalID":0,"Type":"numerical","Value":"3","CategoryFeatureId":"175588","CategoryFeatureGroupID":"6888","SortNo":"10393","PresentationValue":"3x","RawValue":"3","LocalValue":"3","Description":"Ilmaisee optisen zoomin kapasiteettin, joka tarkoittaa kuinka monta kertaa kuvan voi suurentaa kameran oman optiikan avulla.","Mandatory":"0","Searchable":"0","Optional":"0","Feature":{"ID":"74","Sign":"","Measure":{"ID":"33","Sign":"","Signs":{"ID":"13821","_":"x","Language":"FI"}},"Name":{"Value":"Optinen zoomaus","Language":"FI"}}},{"Localized":0,"ID":728463748,"LocalID":0,"Type":"numerical","Value":"30","CategoryFeatureId":"51756","CategoryFeatureGroupID":"6888","SortNo":"10392","PresentationValue":"30x","RawValue":"30","LocalValue":"30","Description":"Ilmaisee digitaalisen zoomin kapasiteetin, joka tarkoitta kuinka monta kertaa kuva on suurennettu digitaalitekniikan ansiosta.","Mandatory":"0","Searchable":"0","Optional":"0","Feature":{"ID":"48","Sign":"","Measure":{"ID":"33","Sign":"","Signs":{"ID":"13821","_":"x","Language":"FI"}},"Name":{"Value":"Digitaalinen zoomaus","Language":"FI"}}},{"Localized":0,"ID":728463832,"LocalID":0,"Type":"dropdown","Value":"Single camera","CategoryFeatureId":"222716","CategoryFeatureGroupID":"6888","SortNo":"10300","PresentationValue":"Yksi kamera","RawValue":"Single camera","LocalValue":"Yksi kamera","Description":"Indicates the type of the camera at the front of the product, dual or single.","Mandatory":"1","Searchable":"0","Optional":"0","Feature":{"ID":"33562","Sign":"","Measure":{"ID":"29","Sign":"","Signs":{"ID":"","_":"","Language":"FI"}},"Name":{"Value":"Etukameran tyyppi","Language":"FI"}}},{"Localized":0,"ID":728463850,"LocalID":0,"Type":"alphanumeric","Value":"1/3.2","CategoryFeatureId":"259232","CategoryFeatureGroupID":"6888","SortNo":"10299","PresentationValue":"1/3.2\"","RawValue":"1/3.2","LocalValue":"1/3.2","Description":"","Mandatory":"0","Searchable":"0","Optional":"0","Feature":{"ID":"36922","Sign":"","Measure":{"ID":"16","Sign":"","Signs":{"ID":"3161","_":"\"","Language":"FI"}},"Name":{"Value":"Etukameran sensorikoko","Language":"FI"}}},{"Localized":0,"ID":728463810,"LocalID":0,"Type":"numerical","Value":"12","CategoryFeatureId":"175580","CategoryFeatureGroupID":"6888","SortNo":"10297","PresentationValue":"12 MP","RawValue":"12","LocalValue":"12","Description":"","Mandatory":"1","Searchable":"0","Optional":"0","Feature":{"ID":"12437","Sign":"","Measure":{"ID":"165","Sign":"","Signs":{"ID":"13942","_":"MP","Language":"FI"}},"Name":{"Value":"Etukameran resoluutio (numeerinen)","Language":"FI"}}},{"Localized":0,"ID":728463828,"LocalID":0,"Type":"numerical","Value":"2.2","CategoryFeatureId":"175652","CategoryFeatureGroupID":"6888","SortNo":"10290","PresentationValue":"2,2","RawValue":"2.2","LocalValue":"2,2","Description":"","Mandatory":"0","Searchable":"0","Optional":"0","Feature":{"ID":"27601","Sign":"","Measure":{"ID":"29","Sign":"","Signs":{"ID":"","_":"","Language":"FI"}},"Name":{"Value":"Etukameran aukko","Language":"FI"}}},{"Localized":0,"ID":728463844,"LocalID":0,"Type":"numerical","Value":"1.12","CategoryFeatureId":"259229","CategoryFeatureGroupID":"6888","SortNo":"10280","PresentationValue":"1,12 µm","RawValue":"1.12","LocalValue":"1,12","Description":"","Mandatory":"0","Searchable":"0","Optional":"0","Feature":{"ID":"36912","Sign":"","Measure":{"ID":"70","Sign":"","Signs":{"ID":"13856","_":"µm","Language":"FI"}},"Name":{"Value":"Etukameran pikselikoko","Language":"FI"}}},{"Localized":0,"ID":728463847,"LocalID":0,"Type":"numerical","Value":"80","CategoryFeatureId":"259231","CategoryFeatureGroupID":"6888","SortNo":"10270","PresentationValue":"80°","RawValue":"80","LocalValue":"80","Description":"","Mandatory":"0","Searchable":"0","Optional":"0","Feature":{"ID":"36918","Sign":"","Measure":{"ID":"32","Sign":"","Signs":{"ID":"13820","_":"°","Language":"FI"}},"Name":{"Value":"Etukameran näkökenttäkulma (FOV)","Language":"FI"}}},{"Localized":0,"ID":728463840,"LocalID":0,"Type":"y_n","Value":"Y","CategoryFeatureId":"257040","CategoryFeatureGroupID":"6888","SortNo":"10200","PresentationValue":"Kyllä","RawValue":"Y","LocalValue":"Kyllä","Description":"Whether or not the rear camera features its own flash.","Mandatory":"1","Searchable":"0","Optional":"0","Feature":{"ID":"36602","Sign":"","Measure":{"ID":"26","Sign":"","Signs":{"ID":"","_":"","Language":"FI"}},"Name":{"Value":"Takakameran salama","Language":"FI"}}},{"Localized":0,"ID":728463784,"LocalID":0,"Type":"dropdown","Value":"LED","CategoryFeatureId":"51506","CategoryFeatureGroupID":"6888","SortNo":"10195","PresentationValue":"LED","RawValue":"LED","LocalValue":"LED","Description":"","Mandatory":"0","Searchable":"0","Optional":"0","Feature":{"ID":"6697","Sign":"","Measure":{"ID":"29","Sign":"","Signs":{"ID":"","_":"","Language":"FI"}},"Name":{"Value":"Salama","Language":"FI"}}},{"Localized":0,"ID":728463765,"LocalID":0,"Type":"2d","Value":"4320 x 7680","CategoryFeatureId":"54001","CategoryFeatureGroupID":"6888","SortNo":"10100","PresentationValue":"4320 x 7680 pikseliä","RawValue":"4320 x 7680","LocalValue":"4320 x 7680","Description":"","Mandatory":"0","Searchable":"0","Optional":"0","Feature":{"ID":"1597","Sign":"","Measure":{"ID":"39","Sign":"","Signs":{"ID":"13827","_":"pikseliä","Language":"FI"}},"Name":{"Value":"Videon kaappaus resoluutio (max)","Language":"FI"}}},{"Localized":0,"ID":728463789,"LocalID":0,"Type":"numerical","Value":"240","CategoryFeatureId":"51713","CategoryFeatureGroupID":"6888","SortNo":"10097","PresentationValue":"240 fps","RawValue":"240","LocalValue":"240","Description":"This is the maximum frame rate","Mandatory":"0","Searchable":"0","Optional":"0","Feature":{"ID":"7515","Sign":"","Measure":{"ID":"85","Sign":"","Signs":{"ID":"13870","_":"fps","Language":"FI"}},"Name":{"Value":"Suurin kuvataajuus","Language":"FI"}}},{"Localized":0,"ID":728463775,"LocalID":0,"Type":"multi_dropdown","Value":"1280x720@30fps,1920x1080@30fps,1920x1080@60fps,3840x2160@30fps,3840x2160@60fps","CategoryFeatureId":"106230","CategoryFeatureGroupID":"6888","SortNo":"10095","PresentationValue":"1280x720@30fps, 1920x1080@30fps, 1920x1080@60fps, 3840x2160@30fps, 3840x2160@60fps","RawValue":"1280x720@30fps,1920x1080@30fps,1920x1080@60fps,3840x2160@30fps,3840x2160@60fps","LocalValue":"1280x720@30fps, 1920x1080@30fps, 1920x1080@60fps, 3840x2160@30fps, 3840x2160@60fps","Description":"","Mandatory":"0","Searchable":"0","Optional":"0","Feature":{"ID":"2963","Sign":"","Measure":{"ID":"29","Sign":"","Signs":{"ID":"","_":"","Language":"FI"}},"Name":{"Value":"Resoluutio kaappausnopeudella","Language":"FI"}}},{"Localized":0,"ID":728463800,"LocalID":0,"Type":"multi_dropdown","Value":"720p,1080p,2160p,4320p","CategoryFeatureId":"51508","CategoryFeatureGroupID":"6888","SortNo":"10094","PresentationValue":"720p, 1080p, 2160p, 4320p","RawValue":"720p,1080p,2160p,4320p","LocalValue":"720p, 1080p, 2160p, 4320p","Description":"","Mandatory":"0","Searchable":"0","Optional":"0","Feature":{"ID":"8745","Sign":"","Measure":{"ID":"29","Sign":"","Signs":{"ID":"","_":"","Language":"FI"}},"Name":{"Value":"Videotallennustilat","Language":"FI"}}},{"Localized":0,"ID":728463824,"LocalID":0,"Type":"dropdown","Value":"Triple camera","CategoryFeatureId":"175569","CategoryFeatureGroupID":"6888","SortNo":"200","PresentationValue":"Kolmoiskamera","RawValue":"Triple camera","LocalValue":"Kolmoiskamera","Description":"Indicates the type of the camera at the back of the product, dual or single.","Mandatory":"1","Searchable":"1","Optional":"0","Feature":{"ID":"27587","Sign":"","Measure":{"ID":"29","Sign":"","Signs":{"ID":"","_":"","Language":"FI"}},"Name":{"Value":"Takakameran tyyppi","Language":"FI"}}},{"Localized":0,"ID":728463766,"LocalID":0,"Type":"y_n","Value":"Y","CategoryFeatureId":"51507","CategoryFeatureGroupID":"6888","SortNo":"195","PresentationValue":"Kyllä","RawValue":"Y","LocalValue":"Kyllä","Description":"Device focusing a camera or other piece of equipment automatically.","Mandatory":"0","Searchable":"0","Optional":"0","Feature":{"ID":"1614","Sign":"","Measure":{"ID":"26","Sign":"","Signs":{"ID":"","_":"","Language":"FI"}},"Name":{"Value":"Automaattinen tarkennus","Language":"FI"}}},{"Localized":0,"ID":728463763,"LocalID":0,"Type":"y_n","Value":"Y","CategoryFeatureId":"51782","CategoryFeatureGroupID":"6888","SortNo":"20","PresentationValue":"Kyllä","RawValue":"Y","LocalValue":"Kyllä","Description":"Toiminto kompensoi käsien helumisen aiheuttavat liikkeet ja takaa tasaisen kuvamateriaalia myös epäedullisissa olosuhteissa.","Mandatory":"0","Searchable":"0","Optional":"0","Feature":{"ID":"1578","Sign":"","Measure":{"ID":"26","Sign":"","Signs":{"ID":"","_":"","Language":"FI"}},"Name":{"Value":"Kuvanvakain","Language":"FI"}}},{"Localized":0,"ID":728463794,"LocalID":0,"Type":"multi_dropdown","Value":"Optical Image Stabilization (OIS)","CategoryFeatureId":"708816","CategoryFeatureGroupID":"6888","SortNo":"20","PresentationValue":"Optical Image Stabilization (OIS)","RawValue":"Optical Image Stabilization (OIS)","LocalValue":"Optical Image Stabilization (OIS)","Description":"","Mandatory":"0","Searchable":"0","Optional":"0","Feature":{"ID":"8062","Sign":"","Measure":{"ID":"29","Sign":"","Signs":{"ID":"","_":"","Language":"FI"}},"Name":{"Value":"Kuvanvakaimen tyyppi","Language":"FI"}}},{"Localized":0,"ID":728463774,"LocalID":0,"Type":"y_n","Value":"Y","CategoryFeatureId":"55074","CategoryFeatureGroupID":"6888","SortNo":"0","PresentationValue":"Kyllä","RawValue":"Y","LocalValue":"Kyllä","Description":"","Mandatory":"0","Searchable":"0","Optional":"0","Feature":{"ID":"2681","Sign":"","Measure":{"ID":"26","Sign":"","Signs":{"ID":"","_":"","Language":"FI"}},"Name":{"Value":"Yötila","Language":"FI"}}},{"Localized":0,"ID":728463780,"LocalID":0,"Type":"y_n","Value":"Y","CategoryFeatureId":"803475","CategoryFeatureGroupID":"6888","SortNo":"-1","PresentationValue":"Kyllä","RawValue":"Y","LocalValue":"Kyllä","Description":"","Mandatory":"0","Searchable":"0","Optional":"0","Feature":{"ID":"3711","Sign":"","Measure":{"ID":"26","Sign":"","Signs":{"ID":"","_":"","Language":"FI"}},"Name":{"Value":"Panoraama","Language":"FI"}}},{"Localized":0,"ID":728463817,"LocalID":0,"Type":"y_n","Value":"Y","CategoryFeatureId":"926909","CategoryFeatureGroupID":"6888","SortNo":"-1","PresentationValue":"Kyllä","RawValue":"Y","LocalValue":"Kyllä","Description":"","Mandatory":"0","Searchable":"0","Optional":"0","Feature":{"ID":"17105","Sign":"","Measure":{"ID":"26","Sign":"","Signs":{"ID":"","_":"","Language":"FI"}},"Name":{"Value":"Muotokuvatila","Language":"FI"}}},{"Localized":0,"ID":728463864,"LocalID":0,"Type":"y_n","Value":"Y","CategoryFeatureId":"961023","CategoryFeatureGroupID":"6888","SortNo":"-2","PresentationValue":"Kyllä","RawValue":"Y","LocalValue":"Kyllä","Description":"","Mandatory":"0","Searchable":"0","Optional":"0","Feature":{"ID":"48209","Sign":"","Measure":{"ID":"26","Sign":"","Signs":{"ID":"","_":"","Language":"FI"}},"Name":{"Value":"Hidastustila","Language":"FI"}}},{"Localized":0,"ID":728463865,"LocalID":0,"Type":"textarea","Value":"240fps in FHD, 10fps in FHD, 120fps in UHD","CategoryFeatureId":"961024","CategoryFeatureGroupID":"6888","SortNo":"-2","PresentationValue":"240fps in FHD, 10fps in FHD, 120fps in UHD","RawValue":"240fps in FHD, 10fps in FHD, 120fps in UHD","LocalValue":"240fps in FHD, 10fps in FHD, 120fps in UHD","Description":"","Mandatory":"0","Searchable":"0","Optional":"0","Feature":{"ID":"48210","Sign":"","Measure":{"ID":"29","Sign":"","Signs":{"ID":"","_":"","Language":"FI"}},"Name":{"Value":"Hidastettu liike","Language":"FI"}}},{"Localized":0,"ID":728463861,"LocalID":0,"Type":"dropdown","Value":"DNG,HEIF,JPEG","CategoryFeatureId":"926913","CategoryFeatureGroupID":"6888","SortNo":"-3","PresentationValue":"DNG, HEIF, JPEG","RawValue":"DNG,HEIF,JPEG","LocalValue":"DNG, HEIF, JPEG","Description":"","Mandatory":"0","Searchable":"0","Optional":"0","Feature":{"ID":"45975","Sign":"","Measure":{"ID":"29","Sign":"","Signs":{"ID":"","_":"","Language":"FI"}},"Name":{"Value":"Kameran tuetut kuvamuodot","Language":"FI"}}}]},{"ID":6890,"SortNo":"84","FeatureGroup":{"ID":"35","Name":{"Value":"Verkko","Language":"FI"}},"Features":[{"Localized":0,"ID":728463819,"LocalID":0,"Type":"dropdown","Value":"Dual SIM","CategoryFeatureId":"115466","CategoryFeatureGroupID":"6890","SortNo":"497","PresentationValue":"Kaksois-SIM","RawValue":"Dual SIM","LocalValue":"Kaksois-SIM","Description":"How many SIM cards the device can hold.","Mandatory":"1","Searchable":"1","Optional":"0","Feature":{"ID":"19653","Sign":"","Measure":{"ID":"29","Sign":"","Signs":{"ID":"","_":"","Language":"FI"}},"Name":{"Value":"SIM-kortin kapasiteetti","Language":"FI"}}},{"Localized":0,"ID":728463854,"LocalID":0,"Type":"dropdown","Value":"5G","CategoryFeatureId":"328674","CategoryFeatureGroupID":"6890","SortNo":"105","PresentationValue":"5G","RawValue":"5G","LocalValue":"5G","Description":"","Mandatory":"1","Searchable":"1","Optional":"0","Feature":{"ID":"40629","Sign":"","Measure":{"ID":"29","Sign":"","Signs":{"ID":"","_":"","Language":"FI"}},"Name":{"Value":"Mobiiliverkon sukupolvi","Language":"FI"}}},{"Localized":0,"ID":728463801,"LocalID":0,"Type":"dropdown","Value":"NanoSIM + eSIM","CategoryFeatureId":"56682","CategoryFeatureGroupID":"6890","SortNo":"99","PresentationValue":"NanoSIM + eSIM","RawValue":"NanoSIM + eSIM","LocalValue":"NanoSIM + eSIM","Description":"","Mandatory":"1","Searchable":"0","Optional":"0","Feature":{"ID":"9166","Sign":"","Measure":{"ID":"29","Sign":"","Signs":{"ID":"","_":"","Language":"FI"}},"Name":{"Value":"SIM-kortin tyyppi","Language":"FI"}}},{"Localized":0,"ID":728463816,"LocalID":0,"Type":"multi_dropdown","Value":"UMTS,WCDMA","CategoryFeatureId":"95631","CategoryFeatureGroupID":"6890","SortNo":"69","PresentationValue":"UMTS, WCDMA","RawValue":"UMTS,WCDMA","LocalValue":"UMTS, WCDMA","Description":"","Mandatory":"1","Searchable":"0","Optional":"0","Feature":{"ID":"16923","Sign":"","Measure":{"ID":"29","Sign":"","Signs":{"ID":"","_":"","Language":"FI"}},"Name":{"Value":"3G-standardit","Language":"FI"}}},{"Localized":0,"ID":728463815,"LocalID":0,"Type":"dropdown","Value":"LTE-TDD & LTE-FDD","CategoryFeatureId":"95632","CategoryFeatureGroupID":"6890","SortNo":"68","PresentationValue":"LTE-TDD & LTE-FDD","RawValue":"LTE-TDD & LTE-FDD","LocalValue":"LTE-TDD & LTE-FDD","Description":"","Mandatory":"1","Searchable":"0","Optional":"0","Feature":{"ID":"16922","Sign":"","Measure":{"ID":"29","Sign":"","Signs":{"ID":"","_":"","Language":"FI"}},"Name":{"Value":"4G-standardit","Language":"FI"}}},{"Localized":0,"ID":728463862,"LocalID":0,"Type":"multi_dropdown","Value":"Sub6 FDD,Sub6 SDL,Sub6 TDD","CategoryFeatureId":"926919","CategoryFeatureGroupID":"6890","SortNo":"68","PresentationValue":"Sub6 FDD, Sub6 SDL, Sub6 TDD","RawValue":"Sub6 FDD,Sub6 SDL,Sub6 TDD","LocalValue":"Sub6 FDD, Sub6 SDL, Sub6 TDD","Description":"","Mandatory":"1","Searchable":"0","Optional":"0","Feature":{"ID":"45981","Sign":"","Measure":{"ID":"29","Sign":"","Signs":{"ID":"","_":"","Language":"FI"}},"Name":{"Value":"5G-vakio","Language":"FI"}}},{"Localized":0,"ID":728463777,"LocalID":0,"Type":"y_n","Value":"Y","CategoryFeatureId":"51513","CategoryFeatureGroupID":"6890","SortNo":"36","PresentationValue":"Kyllä","RawValue":"Y","LocalValue":"Kyllä","Description":"Popular technology that allows an electronic device to exchange data or connect to the internet wirelessly using radio waves.","Mandatory":"0","Searchable":"0","Optional":"1","Feature":{"ID":"3239","Sign":"","Measure":{"ID":"26","Sign":"","Signs":{"ID":"","_":"","Language":"FI"}},"Name":{"Value":"Wi-Fi","Language":"FI"}}},{"Localized":0,"ID":728463822,"LocalID":0,"Type":"dropdown","Value":"Wi-Fi 7 (802.11be)","CategoryFeatureId":"968001","CategoryFeatureGroupID":"6890","SortNo":"36","PresentationValue":"Wi-Fi 7 (802.11be)","RawValue":"Wi-Fi 7 (802.11be)","LocalValue":"Wi-Fi 7 (802.11be)","Description":"Connection of this device is done via Wi-Fi in a high standard.","Mandatory":"1","Searchable":"0","Optional":"0","Feature":{"ID":"24993","Sign":"","Measure":{"ID":"29","Sign":"","Signs":{"ID":"","_":"","Language":"FI"}},"Name":{"Value":"Wi-Fi-standardi","Language":"FI"}}},{"Localized":0,"ID":728463752,"LocalID":0,"Type":"multi_dropdown","Value":"802.11a,802.11b,802.11g,Wi-Fi 4 (802.11n),Wi-Fi 5 (802.11ac),Wi-Fi 6 (802.11ax),Wi-Fi 6E (802.11ax),Wi-Fi 7 (802.11be)","CategoryFeatureId":"51514","CategoryFeatureGroupID":"6890","SortNo":"35","PresentationValue":"802.11a, 802.11b, 802.11g, Wi-Fi 4 (802.11n), Wi-Fi 5 (802.11ac), Wi-Fi 6 (802.11ax), Wi-Fi 6E (802.11ax), Wi-Fi 7 (802.11be)","RawValue":"802.11a,802.11b,802.11g,Wi-Fi 4 (802.11n),Wi-Fi 5 (802.11ac),Wi-Fi 6 (802.11ax),Wi-Fi 6E (802.11ax),Wi-Fi 7 (802.11be)","LocalValue":"802.11a, 802.11b, 802.11g, Wi-Fi 4 (802.11n), Wi-Fi 5 (802.11ac), Wi-Fi 6 (802.11ax), Wi-Fi 6E (802.11ax), Wi-Fi 7 (802.11be)","Description":"The type of wireless local area network (LAN). It can be ad-hoc","Mandatory":"0","Searchable":"0","Optional":"0","Feature":{"ID":"432","Sign":"","Measure":{"ID":"29","Sign":"","Signs":{"ID":"","_":"","Language":"FI"}},"Name":{"Value":"Wi-Fi-standardit","Language":"FI"}}},{"Localized":0,"ID":728463771,"LocalID":0,"Type":"y_n","Value":"Y","CategoryFeatureId":"51515","CategoryFeatureGroupID":"6890","SortNo":"33","PresentationValue":"Kyllä","RawValue":"Y","LocalValue":"Kyllä","Description":"Bluetooth on pienitehoinen radiotekniikka, joka on kehitetty korvaamaan nykyisin käytetyt kaapelit ja johdotn linkittämään tai liittämään elektronisia laitteita, kuten tietokoneita, tulostimia, sekä erilaisia ​​kannettavia laitteita kuten matkapuhelimia. Koska se käyttää radio-aallon yhteyytä, Bluetooth-laiteella on jatkuva yhteysä käyttämäänsä selaimeen. Tämä säästää käyttäjän aikaa esimerkiksi turhilta kirjautumisilta sähköposteja tai uutisia lukiessaani.","Mandatory":"1","Searchable":"0","Optional":"0","Feature":{"ID":"2183","Sign":"","Measure":{"ID":"26","Sign":"","Signs":{"ID":"","_":"","Language":"FI"}},"Name":{"Value":"Bluetooth","Language":"FI"}}},{"Localized":0,"ID":728463757,"LocalID":0,"Type":"dropdown","Value":"5.4","CategoryFeatureId":"51516","CategoryFeatureGroupID":"6890","SortNo":"32","PresentationValue":"5.4","RawValue":"5.4","LocalValue":"5.4","Description":"The type of bluetooth technology in the product e.g. Bluetooth Smart (v4.0).","Mandatory":"0","Searchable":"0","Optional":"0","Feature":{"ID":"1208","Sign":"","Measure":{"ID":"29","Sign":"","Signs":{"ID":"","_":"","Language":"FI"}},"Name":{"Value":"Bluetooth-versio","Language":"FI"}}},{"Localized":0,"ID":728463795,"LocalID":0,"Type":"multi_dropdown","Value":"850,900,1900,2100","CategoryFeatureId":"119090","CategoryFeatureGroupID":"6890","SortNo":"8","PresentationValue":"850,900,1900,2100 MHz","RawValue":"850,900,1900,2100","LocalValue":"850,900,1900,2100","Description":"","Mandatory":"0","Searchable":"0","Optional":"0","Feature":{"ID":"8367","Sign":"","Measure":{"ID":"18","Sign":"","Signs":{"ID":"13809","_":"MHz","Language":"FI"}},"Name":{"Value":"Tukee 3G-yhteyksiä","Language":"FI"}}},{"Localized":0,"ID":728463812,"LocalID":0,"Type":"multi_dropdown","Value":"700,800,850,900,1700,1800,1900,2100,2300,2500,2600","CategoryFeatureId":"90956","CategoryFeatureGroupID":"6890","SortNo":"6","PresentationValue":"700,800,850,900,1700,1800,1900,2100,2300,2500,2600 MHz","RawValue":"700,800,850,900,1700,1800,1900,2100,2300,2500,2600","LocalValue":"700,800,850,900,1700,1800,1900,2100,2300,2500,2600","Description":"","Mandatory":"0","Searchable":"0","Optional":"0","Feature":{"ID":"14695","Sign":"","Measure":{"ID":"18","Sign":"","Signs":{"ID":"13809","_":"MHz","Language":"FI"}},"Name":{"Value":"Tuettu 4G-kaista","Language":"FI"}}},{"Localized":0,"ID":728463857,"LocalID":0,"Type":"multi_dropdown","Value":"700,800,850,900,1500,1700,1800,1900,2100,2300,2600,3500,3700","CategoryFeatureId":"594860","CategoryFeatureGroupID":"6890","SortNo":"5","PresentationValue":"700,800,850,900,1500,1700,1800,1900,2100,2300,2600,3500,3700 MHz","RawValue":"700,800,850,900,1500,1700,1800,1900,2100,2300,2600,3500,3700","LocalValue":"700,800,850,900,1500,1700,1800,1900,2100,2300,2600,3500,3700","Description":"","Mandatory":"0","Searchable":"0","Optional":"0","Feature":{"ID":"42369","Sign":"","Measure":{"ID":"18","Sign":"","Signs":{"ID":"13809","_":"MHz","Language":"FI"}},"Name":{"Value":"Tuetut 5G-kaistat","Language":"FI"}}},{"Localized":0,"ID":728463858,"LocalID":0,"Type":"numerical","Value":"2000","CategoryFeatureId":"594862","CategoryFeatureGroupID":"6890","SortNo":"4","PresentationValue":"2000 Mbit/s","RawValue":"2000","LocalValue":"2000","Description":"","Mandatory":"0","Searchable":"0","Optional":"0","Feature":{"ID":"42371","Sign":"","Measure":{"ID":"23","Sign":"","Signs":{"ID":"13814","_":"Mbit/s","Language":"FI"}},"Name":{"Value":"4G-tiedonsiirtonopeus (enint.)","Language":"FI"}}},{"Localized":0,"ID":728463859,"LocalID":0,"Type":"numerical","Value":"4.66","CategoryFeatureId":"594863","CategoryFeatureGroupID":"6890","SortNo":"4","PresentationValue":"4,66 Gbit/s","RawValue":"4.66","LocalValue":"4,66","Description":"","Mandatory":"0","Searchable":"0","Optional":"0","Feature":{"ID":"42372","Sign":"","Measure":{"ID":"68","Sign":"","Signs":{"ID":"13854","_":"Gbit/s","Language":"FI"}},"Name":{"Value":"5G-tiedonsiirtonopeus (enint.)","Language":"FI"}}},{"Localized":0,"ID":728463804,"LocalID":0,"Type":"y_n","Value":"Y","CategoryFeatureId":"138770","CategoryFeatureGroupID":"6890","SortNo":"0","PresentationValue":"Kyllä","RawValue":"Y","LocalValue":"Kyllä","Description":"","Mandatory":"0","Searchable":"0","Optional":"0","Feature":{"ID":"9779","Sign":"","Measure":{"ID":"26","Sign":"","Signs":{"ID":"","_":"","Language":"FI"}},"Name":{"Value":"Wi-Fi Direct","Language":"FI"}}},{"Localized":0,"ID":728463830,"LocalID":0,"Type":"y_n","Value":"Y","CategoryFeatureId":"302276","CategoryFeatureGroupID":"6890","SortNo":"0","PresentationValue":"Kyllä","RawValue":"Y","LocalValue":"Kyllä","Description":"","Mandatory":"0","Searchable":"0","Optional":"0","Feature":{"ID":"27802","Sign":"","Measure":{"ID":"26","Sign":"","Signs":{"ID":"","_":"","Language":"FI"}},"Name":{"Value":"MIMO","Language":"FI"}}},{"Localized":0,"ID":728463761,"LocalID":0,"Type":"multi_dropdown","Value":"4096-QAM","CategoryFeatureId":"804149","CategoryFeatureGroupID":"6890","SortNo":"0","PresentationValue":"4096-QAM","RawValue":"4096-QAM","LocalValue":"4096-QAM","Description":"Modulation is the process of varying one or more properties of a periodic waveform","Mandatory":"0","Searchable":"0","Optional":"0","Feature":{"ID":"1503","Sign":"","Measure":{"ID":"29","Sign":"","Signs":{"ID":"","_":"","Language":"FI"}},"Name":{"Value":"Modulointi","Language":"FI"}}},{"Localized":0,"ID":728463805,"LocalID":0,"Type":"y_n","Value":"Y","CategoryFeatureId":"63985","CategoryFeatureGroupID":"6890","SortNo":"-5","PresentationValue":"Kyllä","RawValue":"Y","LocalValue":"Kyllä","Description":"","Mandatory":"0","Searchable":"0","Optional":"0","Feature":{"ID":"10157","Sign":"","Measure":{"ID":"26","Sign":"","Signs":{"ID":"","_":"","Language":"FI"}},"Name":{"Value":"Lähialueen kommunikointi (NFC)","Language":"FI"}}}]},{"ID":6889,"SortNo":"80","FeatureGroup":{"ID":"12","Name":{"Value":"Liitettävyys","Language":"FI"}},"Features":[{"Localized":0,"ID":728463820,"LocalID":0,"Type":"y_n","Value":"Y","CategoryFeatureId":"146621","CategoryFeatureGroupID":"6889","SortNo":"70","PresentationValue":"Kyllä","RawValue":"Y","LocalValue":"Kyllä","Description":"The device features a socket into which a USB cable can be plugged.","Mandatory":"0","Searchable":"0","Optional":"1","Feature":{"ID":"23798","Sign":"","Measure":{"ID":"26","Sign":"","Signs":{"ID":"","_":"","Language":"FI"}},"Name":{"Value":"USB-portti","Language":"FI"}}},{"Localized":0,"ID":728463769,"LocalID":0,"Type":"multi_dropdown","Value":"USB Type-C","CategoryFeatureId":"51510","CategoryFeatureGroupID":"6889","SortNo":"60","PresentationValue":"USB Type-C","RawValue":"USB Type-C","LocalValue":"USB Type-C","Description":"The type of USB connector/port that this product has.","Mandatory":"0","Searchable":"0","Optional":"0","Feature":{"ID":"1742","Sign":"","Measure":{"ID":"29","Sign":"","Signs":{"ID":"","_":"","Language":"FI"}},"Name":{"Value":"USB-liitin","Language":"FI"}}},{"Localized":0,"ID":760173912,"LocalID":0,"Type":"dropdown","Value":"3.2 Gen 1 (3.1 Gen 1)","CategoryFeatureId":"53993","CategoryFeatureGroupID":"6889","SortNo":"50","PresentationValue":"3.2 Gen 1 (3.1 Gen 1)","RawValue":"3.2 Gen 1 (3.1 Gen 1)","LocalValue":"3.2 Gen 1 (3.1 Gen 1)","Description":"Universal Serial Bus (USB) is an industry standard developed in the mid-1990s that defines the interface used for connection","Mandatory":"0","Searchable":"0","Optional":"0","Feature":{"ID":"8541","Sign":"","Measure":{"ID":"29","Sign":"","Signs":{"ID":"","_":"","Language":"FI"}},"Name":{"Value":"USB-versio","Language":"FI"}}},{"Localized":0,"ID":728463781,"LocalID":0,"Type":"dropdown","Value":"USB Type-C","CategoryFeatureId":"51511","CategoryFeatureGroupID":"6889","SortNo":"16","PresentationValue":"USB Type-C","RawValue":"USB Type-C","LocalValue":"USB Type-C","Description":"How headphones connect to a device e.g. wirelessly or via a cable and connector.","Mandatory":"0","Searchable":"0","Optional":"0","Feature":{"ID":"4163","Sign":"","Measure":{"ID":"29","Sign":"","Signs":{"ID":"","_":"","Language":"FI"}},"Name":{"Value":"Kuulokkeiden liitettävyys","Language":"FI"}}}]},{"ID":11005,"SortNo":"71","FeatureGroup":{"ID":"54","Name":{"Value":"Navigointi","Language":"FI"}},"Features":[{"Localized":0,"ID":728463778,"LocalID":0,"Type":"y_n","Value":"Y","CategoryFeatureId":"51755","CategoryFeatureGroupID":"11005","SortNo":"30","PresentationValue":"Kyllä","RawValue":"Y","LocalValue":"Kyllä","Description":"Global Positioning System (GPS) is a space-based satellite navigation system that provides location and time information in all weather conditions","Mandatory":"0","Searchable":"0","Optional":"0","Feature":{"ID":"3329","Sign":"","Measure":{"ID":"26","Sign":"","Signs":{"ID":"","_":"","Language":"FI"}},"Name":{"Value":"GPS (satelliitti)","Language":"FI"}}},{"Localized":0,"ID":728463814,"LocalID":0,"Type":"y_n","Value":"Y","CategoryFeatureId":"94591","CategoryFeatureGroupID":"11005","SortNo":"8","PresentationValue":"Kyllä","RawValue":"Y","LocalValue":"Kyllä","Description":"","Mandatory":"0","Searchable":"0","Optional":"0","Feature":{"ID":"15618","Sign":"","Measure":{"ID":"26","Sign":"","Signs":{"ID":"","_":"","Language":"FI"}},"Name":{"Value":"GLONASS","Language":"FI"}}},{"Localized":0,"ID":728463831,"LocalID":0,"Type":"y_n","Value":"Y","CategoryFeatureId":"184929","CategoryFeatureGroupID":"11005","SortNo":"8","PresentationValue":"Kyllä","RawValue":"Y","LocalValue":"Kyllä","Description":"","Mandatory":"0","Searchable":"0","Optional":"0","Feature":{"ID":"28694","Sign":"","Measure":{"ID":"26","Sign":"","Signs":{"ID":"","_":"","Language":"FI"}},"Name":{"Value":"BeiDou","Language":"FI"}}},{"Localized":0,"ID":728463833,"LocalID":0,"Type":"y_n","Value":"Y","CategoryFeatureId":"226793","CategoryFeatureGroupID":"11005","SortNo":"7","PresentationValue":"Kyllä","RawValue":"Y","LocalValue":"Kyllä","Description":"","Mandatory":"0","Searchable":"0","Optional":"0","Feature":{"ID":"33685","Sign":"","Measure":{"ID":"26","Sign":"","Signs":{"ID":"","_":"","Language":"FI"}},"Name":{"Value":"Galileo","Language":"FI"}}},{"Localized":0,"ID":728463834,"LocalID":0,"Type":"y_n","Value":"Y","CategoryFeatureId":"226792","CategoryFeatureGroupID":"11005","SortNo":"6","PresentationValue":"Kyllä","RawValue":"Y","LocalValue":"Kyllä","Description":"","Mandatory":"0","Searchable":"0","Optional":"0","Feature":{"ID":"33686","Sign":"","Measure":{"ID":"26","Sign":"","Signs":{"ID":"","_":"","Language":"FI"}},"Name":{"Value":"Quasi-Zenith Satellite System (QZSS)","Language":"FI"}}},{"Localized":0,"ID":728463823,"LocalID":0,"Type":"y_n","Value":"Y","CategoryFeatureId":"166073","CategoryFeatureGroupID":"11005","SortNo":"0","PresentationValue":"Kyllä","RawValue":"Y","LocalValue":"Kyllä","Description":"Whether the navigation system can locate the phone's position.","Mandatory":"1","Searchable":"1","Optional":"0","Feature":{"ID":"26425","Sign":"","Measure":{"ID":"26","Sign":"","Signs":{"ID":"","_":"","Language":"FI"}},"Name":{"Value":"GPS","Language":"FI"}}}]},{"ID":11003,"SortNo":"70","FeatureGroup":{"ID":"148","Name":{"Value":"Suunnittelu","Language":"FI"}},"Features":[{"Localized":0,"ID":728463754,"LocalID":0,"Type":"dropdown","Value":"Bar","CategoryFeatureId":"51570","CategoryFeatureGroupID":"11003","SortNo":"55","PresentationValue":"Perusmalli","RawValue":"Bar","LocalValue":"Perusmalli","Description":"Kuvaus tuotteen näkyvistä ominaisuuksista.","Mandatory":"1","Searchable":"1","Optional":"0","Feature":{"ID":"771","Sign":"","Measure":{"ID":"29","Sign":"","Signs":{"ID":"","_":"","Language":"FI"}},"Name":{"Value":"Kotelo","Language":"FI"}}},{"Localized":0,"ID":728463770,"LocalID":0,"Type":"multi_dropdown","Value":"Mint colour","CategoryFeatureId":"143786","CategoryFeatureGroupID":"11003","SortNo":"35","PresentationValue":"Mintunvärinen","RawValue":"Mint colour","LocalValue":"Mintunvärinen","Description":"The colour e.g. red","Mandatory":"1","Searchable":"1","Optional":"0","Feature":{"ID":"1766","Sign":"","Measure":{"ID":"29","Sign":"","Signs":{"ID":"","_":"","Language":"FI"}},"Name":{"Value":"Tuotteen väri","Language":"FI"}}}]},{"ID":11002,"SortNo":"65","FeatureGroup":{"ID":"184","Name":{"Value":"Suorituskyky","Language":"FI"}},"Features":[{"Localized":0,"ID":835250074,"LocalID":0,"Type":"y_n","Value":"Y","CategoryFeatureId":"51712","CategoryFeatureGroupID":"11002","SortNo":"80","PresentationValue":"Kyllä","RawValue":"Y","LocalValue":"Kyllä","Description":"Simultaneous video and audio signals to enable people to talk to and see each other in real time.","Mandatory":"0","Searchable":"0","Optional":"0","Feature":{"ID":"7018","Sign":"","Measure":{"ID":"26","Sign":"","Signs":{"ID":"","_":"","Language":"FI"}},"Name":{"Value":"Videopuhelu","Language":"FI"}}},{"Localized":0,"ID":728463782,"LocalID":0,"Type":"y_n","Value":"Y","CategoryFeatureId":"222568","CategoryFeatureGroupID":"11002","SortNo":"57","PresentationValue":"Kyllä","RawValue":"Y","LocalValue":"Kyllä","Description":"","Mandatory":"0","Searchable":"0","Optional":"0","Feature":{"ID":"4981","Sign":"","Measure":{"ID":"26","Sign":"","Signs":{"ID":"","_":"","Language":"FI"}},"Name":{"Value":"Pikalataus","Language":"FI"}}},{"Localized":0,"ID":728463808,"LocalID":0,"Type":"y_n","Value":"Y","CategoryFeatureId":"80089","CategoryFeatureGroupID":"11002","SortNo":"56","PresentationValue":"Kyllä","RawValue":"Y","LocalValue":"Kyllä","Description":"","Mandatory":"0","Searchable":"0","Optional":"0","Feature":{"ID":"12148","Sign":"","Measure":{"ID":"26","Sign":"","Signs":{"ID":"","_":"","Language":"FI"}},"Name":{"Value":"Langaton lataaminen","Language":"FI"}}},{"Localized":0,"ID":728463779,"LocalID":0,"Type":"y_n","Value":"Y","CategoryFeatureId":"94723","CategoryFeatureGroupID":"11002","SortNo":"4","PresentationValue":"Kyllä","RawValue":"Y","LocalValue":"Kyllä","Description":"A scanner used to identify a person's fingerprint for security purposes. After a sample is taken","Mandatory":"0","Searchable":"0","Optional":"0","Feature":{"ID":"3577","Sign":"","Measure":{"ID":"26","Sign":"","Signs":{"ID":"","_":"","Language":"FI"}},"Name":{"Value":"Sormenjälkilukija","Language":"FI"}}},{"Localized":0,"ID":728463806,"LocalID":0,"Type":"y_n","Value":"Y","CategoryFeatureId":"259193","CategoryFeatureGroupID":"11002","SortNo":"3","PresentationValue":"Kyllä","RawValue":"Y","LocalValue":"Kyllä","Description":"","Mandatory":"0","Searchable":"0","Optional":"0","Feature":{"ID":"10935","Sign":"","Measure":{"ID":"26","Sign":"","Signs":{"ID":"","_":"","Language":"FI"}},"Name":{"Value":"Kasvojentunnistus","Language":"FI"}}}]},{"ID":11006,"SortNo":"55","FeatureGroup":{"ID":"186","Name":{"Value":"Multimedia","Language":"FI"}},"Features":[{"Localized":0,"ID":728463773,"LocalID":0,"Type":"multi_dropdown","Value":"3GA,AAC,AMR,APE,AWB,DFF,DSF,FLAC,IMY,M4A,MID,MIDI,MP3,MXMF,OGA,OGG,OTA,RTTTL,RTX,WAV,XMF","CategoryFeatureId":"51528","CategoryFeatureGroupID":"11006","SortNo":"-11","PresentationValue":"3GA, AAC, AMR, APE, AWB, DFF, DSF, FLAC, IMY, M4A, Keski, MIDI, MP3, MXMF, OGA, OGG, OTA, RTTTL, RTX, WAV, XMF","RawValue":"3GA,AAC,AMR,APE,AWB,DFF,DSF,FLAC,IMY,M4A,MID,MIDI,MP3,MXMF,OGA,OGG,OTA,RTTTL,RTX,WAV,XMF","LocalValue":"3GA, AAC, AMR, APE, AWB, DFF, DSF, FLAC, IMY, M4A, Keski, MIDI, MP3, MXMF, OGA, OGG, OTA, RTTTL, RTX, WAV, XMF","Description":"The audio formats which this device or software can read/use e.g. MP3","Mandatory":"0","Searchable":"0","Optional":"0","Feature":{"ID":"2224","Sign":"","Measure":{"ID":"29","Sign":"","Signs":{"ID":"","_":"","Language":"FI"}},"Name":{"Value":"Tuetut ääniformaatit","Language":"FI"}}},{"Localized":0,"ID":728463785,"LocalID":0,"Type":"multi_dropdown","Value":"3G2,3GP,AVI,FLV,MKV,MP4,WEBM","CategoryFeatureId":"51529","CategoryFeatureGroupID":"11006","SortNo":"-12","PresentationValue":"3G2, 3GP, AVI, FLV, MKV, MP4, WEBM","RawValue":"3G2,3GP,AVI,FLV,MKV,MP4,WEBM","LocalValue":"3G2, 3GP, AVI, FLV, MKV, MP4, WEBM","Description":"The type of video formats that can be used by this device.","Mandatory":"0","Searchable":"0","Optional":"0","Feature":{"ID":"6893","Sign":"","Measure":{"ID":"29","Sign":"","Signs":{"ID":"","_":"","Language":"FI"}},"Name":{"Value":"Tuetut videomuodot","Language":"FI"}}}]},{"ID":18401,"SortNo":"20","FeatureGroup":{"ID":"90","Name":{"Value":"Ohjelmisto","Language":"FI"}},"Features":[{"Localized":0,"ID":728463750,"LocalID":0,"Type":"dropdown","Value":"Android","CategoryFeatureId":"270282","CategoryFeatureGroupID":"18401","SortNo":"500","PresentationValue":"Android","RawValue":"Android","LocalValue":"Android","Description":"Tekniikka-alustan kuvaus kuten prosessorista, piirisarjasta, ohjelmistotuotteista ja langallisista verkko-ominaisuuksista.","Mandatory":"1","Searchable":"1","Optional":"0","Feature":{"ID":"75","Sign":"","Measure":{"ID":"29","Sign":"","Signs":{"ID":"","_":"","Language":"FI"}},"Name":{"Value":"Käyttöalusta","Language":"FI"}}},{"Localized":0,"ID":728463776,"LocalID":0,"Type":"dropdown","Value":"Android 15","CategoryFeatureId":"83499","CategoryFeatureGroupID":"18401","SortNo":"495","PresentationValue":"Android 15","RawValue":"Android 15","LocalValue":"Android 15","Description":"Type of operating system on a device e.g. IOS on Apple devices","Mandatory":"1","Searchable":"1","Optional":"0","Feature":{"ID":"3233","Sign":"","Measure":{"ID":"29","Sign":"","Signs":{"ID":"","_":"","Language":"FI"}},"Name":{"Value":"Käyttöjärjestelmä asennettu","Language":"FI"}}},{"Localized":0,"ID":728463860,"LocalID":0,"Type":"dropdown","Value":"One UI 7.0","CategoryFeatureId":"897938","CategoryFeatureGroupID":"18401","SortNo":"495","PresentationValue":"One UI 7.0","RawValue":"One UI 7.0","LocalValue":"One UI 7.0","Description":"","Mandatory":"0","Searchable":"0","Optional":"0","Feature":{"ID":"45080","Sign":"","Measure":{"ID":"29","Sign":"","Signs":{"ID":"","_":"","Language":"FI"}},"Name":{"Value":"Käyttöjärjestelmän haarukka","Language":"FI"}}}]},{"ID":6892,"SortNo":"5","FeatureGroup":{"ID":"143","Name":{"Value":"Akku","Language":"FI"}},"Features":[{"Localized":0,"ID":760173913,"LocalID":0,"Type":"y_n","Value":"N","CategoryFeatureId":"222191","CategoryFeatureGroupID":"6892","SortNo":"50","PresentationValue":"Ei","RawValue":"N","LocalValue":"Ei","Description":"","Mandatory":"0","Searchable":"0","Optional":"0","Feature":{"ID":"18096","Sign":"","Measure":{"ID":"26","Sign":"","Signs":{"ID":"","_":"","Language":"FI"}},"Name":{"Value":"Irrotettava akku","Language":"FI"}}},{"Localized":0,"ID":728463755,"LocalID":0,"Type":"numerical","Value":"4900","CategoryFeatureId":"51519","CategoryFeatureGroupID":"6892","SortNo":"38","PresentationValue":"4900 mAh","RawValue":"4900","LocalValue":"4900","Description":"A measure of the charge stored by the battery. Determined by the mass of active material contained in the battery.","Mandatory":"1","Searchable":"1","Optional":"0","Feature":{"ID":"909","Sign":"","Measure":{"ID":"51","Sign":"","Signs":{"ID":"13839","_":"mAh","Language":"FI"}},"Name":{"Value":"Akun kapasiteetti","Language":"FI"}}},{"Localized":0,"ID":760173911,"LocalID":0,"Type":"numerical","Value":"30","CategoryFeatureId":"51658","CategoryFeatureGroupID":"6892","SortNo":"1","PresentationValue":"30 h","RawValue":"30","LocalValue":"30","Description":"","Mandatory":"0","Searchable":"0","Optional":"0","Feature":{"ID":"2173","Sign":"","Measure":{"ID":"46","Sign":"","Signs":{"ID":"13834","_":"h","Language":"FI"}},"Name":{"Value":"Jatkuva videon toistoaika","Language":"FI"}}}]},{"ID":34102,"SortNo":"0","FeatureGroup":{"ID":"167","Name":{"Value":"Anturit","Language":"FI"}},"Features":[{"Localized":0,"ID":728463797,"LocalID":0,"Type":"y_n","Value":"Y","CategoryFeatureId":"51566","CategoryFeatureGroupID":"34102","SortNo":"11","PresentationValue":"Kyllä","RawValue":"Y","LocalValue":"Kyllä","Description":"","Mandatory":"0","Searchable":"0","Optional":"0","Feature":{"ID":"8698","Sign":"","Measure":{"ID":"26","Sign":"","Signs":{"ID":"","_":"","Language":"FI"}},"Name":{"Value":"Lähestymisanturi","Language":"FI"}}},{"Localized":0,"ID":728463802,"LocalID":0,"Type":"y_n","Value":"Y","CategoryFeatureId":"57380","CategoryFeatureGroupID":"34102","SortNo":"11","PresentationValue":"Kyllä","RawValue":"Y","LocalValue":"Kyllä","Description":"","Mandatory":"0","Searchable":"0","Optional":"0","Feature":{"ID":"9731","Sign":"","Measure":{"ID":"26","Sign":"","Signs":{"ID":"","_":"","Language":"FI"}},"Name":{"Value":"Kiihtyvyysmittari","Language":"FI"}}},{"Localized":0,"ID":728463798,"LocalID":0,"Type":"y_n","Value":"Y","CategoryFeatureId":"59559","CategoryFeatureGroupID":"34102","SortNo":"11","PresentationValue":"Kyllä","RawValue":"Y","LocalValue":"Kyllä","Description":"","Mandatory":"0","Searchable":"0","Optional":"0","Feature":{"ID":"8720","Sign":"","Measure":{"ID":"26","Sign":"","Signs":{"ID":"","_":"","Language":"FI"}},"Name":{"Value":"Ympäristön valotunnistin","Language":"FI"}}},{"Localized":0,"ID":728463803,"LocalID":0,"Type":"y_n","Value":"Y","CategoryFeatureId":"106231","CategoryFeatureGroupID":"34102","SortNo":"10","PresentationValue":"Kyllä","RawValue":"Y","LocalValue":"Kyllä","Description":"","Mandatory":"0","Searchable":"0","Optional":"0","Feature":{"ID":"9732","Sign":"","Measure":{"ID":"26","Sign":"","Signs":{"ID":"","_":"","Language":"FI"}},"Name":{"Value":"Gyroskooppi","Language":"FI"}}},{"Localized":0,"ID":728463790,"LocalID":0,"Type":"y_n","Value":"Y","CategoryFeatureId":"106232","CategoryFeatureGroupID":"34102","SortNo":"0","PresentationValue":"Kyllä","RawValue":"Y","LocalValue":"Kyllä","Description":"","Mandatory":"0","Searchable":"0","Optional":"0","Feature":{"ID":"7609","Sign":"","Measure":{"ID":"26","Sign":"","Signs":{"ID":"","_":"","Language":"FI"}},"Name":{"Value":"Barometri","Language":"FI"}}},{"Localized":0,"ID":728463851,"LocalID":0,"Type":"y_n","Value":"Y","CategoryFeatureId":"302241","CategoryFeatureGroupID":"34102","SortNo":"0","PresentationValue":"Kyllä","RawValue":"Y","LocalValue":"Kyllä","Description":"","Mandatory":"0","Searchable":"0","Optional":"0","Feature":{"ID":"38331","Sign":"","Measure":{"ID":"26","Sign":"","Signs":{"ID":"","_":"","Language":"FI"}},"Name":{"Value":"Geomagneettinen tunnistin","Language":"FI"}}},{"Localized":0,"ID":728463852,"LocalID":0,"Type":"y_n","Value":"Y","CategoryFeatureId":"302243","CategoryFeatureGroupID":"34102","SortNo":"0","PresentationValue":"Kyllä","RawValue":"Y","LocalValue":"Kyllä","Description":"","Mandatory":"0","Searchable":"0","Optional":"0","Feature":{"ID":"38333","Sign":"","Measure":{"ID":"26","Sign":"","Signs":{"ID":"","_":"","Language":"FI"}},"Name":{"Value":"Hall-anturi","Language":"FI"}}}]},{"ID":81108,"SortNo":"0","FeatureGroup":{"ID":"27","Name":{"Value":"Virranhallinta","Language":"FI"}},"Features":[{"Localized":0,"ID":728463867,"LocalID":0,"Type":"y_n","Value":"Y","CategoryFeatureId":"974869","CategoryFeatureGroupID":"81108","SortNo":"0","PresentationValue":"Kyllä","RawValue":"Y","LocalValue":"Kyllä","Description":"","Mandatory":"0","Searchable":"1","Optional":"0","Feature":{"ID":"48505","Sign":"","Measure":{"ID":"26","Sign":"","Signs":{"ID":"","_":"","Language":"FI"}},"Name":{"Value":"USB C-tyypin latausportti","Language":"FI"}}},{"Localized":0,"ID":728463837,"LocalID":0,"Type":"y_n","Value":"Y","CategoryFeatureId":"974870","CategoryFeatureGroupID":"81108","SortNo":"0","PresentationValue":"Kyllä","RawValue":"Y","LocalValue":"Kyllä","Description":"","Mandatory":"0","Searchable":"0","Optional":"0","Feature":{"ID":"34351","Sign":"","Measure":{"ID":"26","Sign":"","Signs":{"ID":"","_":"","Language":"FI"}},"Name":{"Value":"USB Power Delivery","Language":"FI"}}},{"Localized":0,"ID":728463868,"LocalID":0,"Type":"numerical","Value":"10","CategoryFeatureId":"974871","CategoryFeatureGroupID":"81108","SortNo":"0","PresentationValue":"10 W","RawValue":"10","LocalValue":"10","Description":"","Mandatory":"1","Searchable":"0","Optional":"0","Feature":{"ID":"48506","Sign":"","Measure":{"ID":"44","Sign":"","Signs":{"ID":"13832","_":"W","Language":"FI"}},"Name":{"Value":"Vaadittu latausteho (väh.)","Language":"FI"}}},{"Localized":0,"ID":728463869,"LocalID":0,"Type":"numerical","Value":"45","CategoryFeatureId":"974872","CategoryFeatureGroupID":"81108","SortNo":"0","PresentationValue":"45 W","RawValue":"45","LocalValue":"45","Description":"","Mandatory":"1","Searchable":"0","Optional":"0","Feature":{"ID":"48507","Sign":"","Measure":{"ID":"44","Sign":"","Signs":{"ID":"13832","_":"W","Language":"FI"}},"Name":{"Value":"Vaadittu latausteho (enint.)","Language":"FI"}}}]},{"ID":82700,"SortNo":"0","FeatureGroup":{"ID":"32","Name":{"Value":"Kestoaika","Language":"FI"}},"Features":[{"Localized":0,"ID":789340670,"LocalID":0,"Type":"dropdown","Value":"B","CategoryFeatureId":"1085981","CategoryFeatureGroupID":"82700","SortNo":"50","PresentationValue":"B","RawValue":"B","LocalValue":"B","Description":"The energy efficiency of the appliance is rated in terms of a set of energy efficiency classes from A+++ to G on the label, A+++ being the most energy efficient, G the least efficient.","Mandatory":"1","Searchable":"0","Optional":"0","Feature":{"ID":"2705","Sign":"","Measure":{"ID":"29","Sign":"","Signs":{"ID":"","_":"","Language":"FI"}},"Name":{"Value":"Energialuokka","Language":"FI"}}},{"Localized":0,"ID":789340680,"LocalID":0,"Type":"dropdown","Value":"A to G","CategoryFeatureId":"1088503","CategoryFeatureGroupID":"82700","SortNo":"48","PresentationValue":"A - G","RawValue":"A to G","LocalValue":"A - G","Description":"","Mandatory":"0","Searchable":"0","Optional":"0","Feature":{"ID":"39201","Sign":"","Measure":{"ID":"29","Sign":"","Signs":{"ID":"","_":"","Language":"FI"}},"Name":{"Value":"Energiatehokkuusasteikko","Language":"FI"}}},{"Localized":0,"ID":789340686,"LocalID":0,"Type":"numerical","Value":"2618","CategoryFeatureId":"1088504","CategoryFeatureGroupID":"82700","SortNo":"46","PresentationValue":"2618 min","RawValue":"2618","LocalValue":"2618","Description":"","Mandatory":"1","Searchable":"0","Optional":"0","Feature":{"ID":"49427","Sign":"","Measure":{"ID":"66","Sign":"","Signs":{"ID":"13852","_":"min","Language":"FI"}},"Name":{"Value":"Akun kesto per sykli","Language":"FI"}}},{"Localized":0,"ID":789340698,"LocalID":0,"Type":"numerical","Value":"2000","CategoryFeatureId":"1088505","CategoryFeatureGroupID":"82700","SortNo":"44","PresentationValue":"2000","RawValue":"2000","LocalValue":"2000","Description":"","Mandatory":"1","Searchable":"0","Optional":"0","Feature":{"ID":"49429","Sign":"","Measure":{"ID":"29","Sign":"","Signs":{"ID":"","_":"","Language":"FI"}},"Name":{"Value":"Akun kesto sykleissä","Language":"FI"}}},{"Localized":0,"ID":789340692,"LocalID":0,"Type":"dropdown","Value":"A","CategoryFeatureId":"1088506","CategoryFeatureGroupID":"82700","SortNo":"42","PresentationValue":"A","RawValue":"A","LocalValue":"A","Description":"","Mandatory":"1","Searchable":"0","Optional":"0","Feature":{"ID":"49428","Sign":"","Measure":{"ID":"29","Sign":"","Signs":{"ID":"","_":"","Language":"FI"}},"Name":{"Value":"Toistuvan pudotuksen kestävyysluokka","Language":"FI"}}},{"Localized":0,"ID":789340702,"LocalID":0,"Type":"dropdown","Value":"C","CategoryFeatureId":"1088507","CategoryFeatureGroupID":"82700","SortNo":"40","PresentationValue":"C","RawValue":"C","LocalValue":"C","Description":"","Mandatory":"1","Searchable":"0","Optional":"0","Feature":{"ID":"49430","Sign":"","Measure":{"ID":"29","Sign":"","Signs":{"ID":"","_":"","Language":"FI"}},"Name":{"Value":"Korjattavuusluokka","Language":"FI"}}},{"Localized":0,"ID":728463792,"LocalID":0,"Type":"dropdown","Value":"IP68","CategoryFeatureId":"81142","CategoryFeatureGroupID":"82700","SortNo":"38","PresentationValue":"IP68","RawValue":"IP68","LocalValue":"IP68","Description":"The IP code classifies and rates the degree of protection provided against the intrusion (including body parts such as hands and fingers)","Mandatory":"1","Searchable":"0","Optional":"0","Feature":{"ID":"7900","Sign":"","Measure":{"ID":"29","Sign":"","Signs":{"ID":"","_":"","Language":"FI"}},"Name":{"Value":"International Protection (IP)-koodi","Language":"FI"}}}]},{"ID":6881,"SortNo":"-1","FeatureGroup":{"ID":"14","Name":{"Value":"Paino ja mitat","Language":"FI"}},"Features":[{"Localized":0,"ID":728463767,"LocalID":0,"Type":"numerical","Value":"75.8","CategoryFeatureId":"51488","CategoryFeatureGroupID":"6881","SortNo":"10","PresentationValue":"75,8 mm","RawValue":"75.8","LocalValue":"75,8","Description":"The measurement or extent of something from side to side.","Mandatory":"0","Searchable":"0","Optional":"0","Feature":{"ID":"1649","Sign":"","Measure":{"ID":"24","Sign":"","Signs":{"ID":"13815","_":"mm","Language":"FI"}},"Name":{"Value":"Tuotteen leveys","Language":"FI"}}},{"Localized":0,"ID":728463768,"LocalID":0,"Type":"numerical","Value":"7.3","CategoryFeatureId":"51489","CategoryFeatureGroupID":"6881","SortNo":"9","PresentationValue":"7,3 mm","RawValue":"7.3","LocalValue":"7,3","Description":"The distance from the front to the back of something.","Mandatory":"0","Searchable":"0","Optional":"0","Feature":{"ID":"1650","Sign":"","Measure":{"ID":"24","Sign":"","Signs":{"ID":"13815","_":"mm","Language":"FI"}},"Name":{"Value":"Tuotteen syvyys","Language":"FI"}}},{"Localized":0,"ID":728463760,"LocalID":0,"Type":"numerical","Value":"158.4","CategoryFeatureId":"51490","CategoryFeatureGroupID":"6881","SortNo":"8","PresentationValue":"158,4 mm","RawValue":"158.4","LocalValue":"158,4","Description":"Tuotteen korkeus","Mandatory":"0","Searchable":"0","Optional":"0","Feature":{"ID":"1464","Sign":"","Measure":{"ID":"24","Sign":"","Signs":{"ID":"13815","_":"mm","Language":"FI"}},"Name":{"Value":"Tuotteen korkeus","Language":"FI"}}},{"Localized":0,"ID":728463751,"LocalID":0,"Type":"numerical","Value":"190","CategoryFeatureId":"51491","CategoryFeatureGroupID":"6881","SortNo":"7","PresentationValue":"190 g","RawValue":"190","LocalValue":"190","Description":"Tuotteen paino ilman pakkausta (Nettopaino). Jos mahdollista, nettopaino ilmaistaan vakiovarusteineet ja tarvikkeet mukaan laskettuna. Huomaa, että joskus valmistaja antaa kaupallisen tulkinnan tuotteen painosta, jättämällä pois  lisävarusteiden ja / tai tarvikkeiden painon.","Mandatory":"1","Searchable":"1","Optional":"0","Feature":{"ID":"94","Sign":"","Measure":{"ID":"38","Sign":"","Signs":{"ID":"13826","_":"g","Language":"FI"}},"Name":{"Value":"Paino","Language":"FI"}}}]},{"ID":6933,"SortNo":"-20","FeatureGroup":{"ID":"116","Name":{"Value":"Pakkauksen sisältö","Language":"FI"}},"Features":[{"Localized":0,"ID":728463758,"LocalID":0,"Type":"y_n","Value":"N","CategoryFeatureId":"106235","CategoryFeatureGroupID":"6933","SortNo":"7","PresentationValue":"Ei","RawValue":"N","LocalValue":"Ei","Description":"","Mandatory":"1","Searchable":"0","Optional":"0","Feature":{"ID":"1230","Sign":"","Measure":{"ID":"26","Sign":"","Signs":{"ID":"","_":"","Language":"FI"}},"Name":{"Value":"Virtalähde mukana","Language":"FI"}}}]}],"FeatureLogos":[{"LogoPic":"https://images.icecat.biz/img/feature_logo/991-9617.png","Width":"300","Height":"165","Size":"0","ThumbPic":"https://images.icecat.biz/img/feature_logo_thumbs/991-9617.png","FeatureID":"2705","Value":"B","KeyLogo":0},{"LogoPic":"https://images.icecat.biz/img/feature_logo/1242-3899.png","Width":"0","Height":"0","Size":"0","ThumbPic":"https://images.icecat.biz/img/feature_logo_thumbs/1242-3899.png","FeatureID":"1230","Value":"N","KeyLogo":1},{"LogoPic":"https://images.icecat.biz/img/feature_logo/1411-2130.png","Width":"0","Height":"0","Size":"0","ThumbPic":"https://images.icecat.biz/img/feature_logo_thumbs/1411-2130.png","FeatureID":"48506","Value":"10","KeyLogo":2},{"LogoPic":"https://images.icecat.biz/img/feature_logo/1411-2130.png","Width":"0","Height":"0","Size":"0","ThumbPic":"https://images.icecat.biz/img/feature_logo_thumbs/1411-2130.png","FeatureID":"48507","Value":"45","KeyLogo":2}],"ReasonsToBuy":[],"Reviews":[],"ProductRelated":[{"ID":0,"CategoryID":1637,"Preferred":0,"IcecatID":94781546,"ProductCode":"MLWK3ZM/A","ThumbPic":"","ProductName":"AirPods","Brand":"Apple","BrandID":9,"ProductRelatedLocales":[{"ID":0,"Language":"FI","Preferred":0,"StartDate":"","EndDate":""}]},{"ID":0,"CategoryID":1637,"Preferred":0,"IcecatID":62202327,"ProductCode":"MUFQ2ZM/A","ThumbPic":"","ProductName":"urBeats3","Brand":"Apple","BrandID":9,"ProductRelatedLocales":[{"ID":0,"Language":"FI","Preferred":0,"StartDate":"","EndDate":""}]},{"ID":0,"CategoryID":1637,"Preferred":0,"IcecatID":33259200,"ProductCode":"MMTN2ZM/A","ThumbPic":"","ProductName":"EarPods","Brand":"Apple","BrandID":9,"ProductRelatedLocales":[{"ID":0,"Language":"FI","Preferred":0,"StartDate":"","EndDate":""}]}],"CatalogObjectCloud":{"ProductPage":{"QRCodeURL":"https://qr.icecat.biz/coc/d521366f-fc1c-490c-9d0c-746da6ac0aaa","URL":"https://coc.icecat.biz/d521366f-fc1c-490c-9d0c-746da6ac0aaa"}},"Variants":[],"ProductStory":[],"Dictionary":{"model_name":"Tuotenimi","desc":"Kuvaus","ean_code":"EAN/UPC-koodi","flash360":"3D-esittely","demo_msg_part3":"Jos sinulla ei ole Icecat-k&auml;ytt&auml;j&auml;tili&auml;, ole hyv&auml; ja rekister&ouml;idy maksutta t&auml;&auml;lt&auml;.","repairability_index":"Repairability index","zoom_panel_init":"Alkuper&auml;inen koko","cat_name":"Ryhm&auml;","product_family":"Tuoteperhe","back_to_top":"Takaisin yl&ouml;s","zoom_panel_out":"Loitonna","specs":"Tekniset tiedot","eu_product_fiche":"EU-tuoteseloste","reviews_head_name":"Arvostelut","pdf_specs":"Tuote-esite","zoom_panel_in":"L&auml;henn&auml;","html_content":"","release_date":"Julkaisup&auml;iv&auml;","demo_msg_part1":"K&auml;yt&auml;t t&auml;ll&auml; hetkell&auml; demo-k&auml;ytt&auml;j&auml;tili&auml;. Ole hyv&auml; ja k&auml;yt&auml; omaa Icecat-k&auml;ytt&auml;j&auml;tili&auml;si.","demo_insert_desc":"This is a demo of a seamless insert of an Icecat LIVE product data-sheet in your website. Imagine that this responsive data-sheet is included in the product page of your webshop.","pdf_url":"K&auml;ytt&ouml;opas","prod_code":"Tuotekoodi","supplier_name":"Tuotemerkki","video":"Video","reasons_to_buy":"Syitä ostaa","marketing_text":"Kuvaus","options_head_name":"Vaihtoehdot","product_series":"Tuotesarja","demo_msg_part2":"Icecat k&auml;ytt&auml;j&auml;tunnuksesi","link_integrate_desk":"Kuinka integroida Icecat LIVE JavaScript.","zoom_panel_dragg":"Hiirell&auml; vet&auml;minen","eu_energy_label":"EU-energiamerkintä"},"DemoAccount":false}}