{"msg":"OK","data":{"GeneralInfo":{"IcecatId":92973083,"ReleaseDate":"","EndOfLifeDate":"","Title":"Suunto 9 Baro 3,4 cm (1.34\") Pistematriisi Digitaalinen 320 x 300 pikseliä Kosketusnäyttö musta GPS (satelliitti)","TitleInfo":{"GeneratedIntTitle":"Suunto 9 Baro","GeneratedLocalTitle":{"Value":"Suunto 9 Baro 3,4 cm (1.34\") Pistematriisi Digitaalinen 320 x 300 pikseliä Kosketusnäyttö musta GPS (satelliitti)","Language":"FI"},"BrandLocalTitle":{"Value":"","Language":"FI"}},"Brand":"Suunto","BrandID":"6027","BrandLogo":"","BrandInfo":{"BrandName":"Suunto","BrandLocalName":"","BrandLogo":""},"ProductName":"9 Baro","ProductNameInfo":{"ProductIntName":"9 Baro","ProductLocalName":{"Value":"","Language":"FI"}},"BrandPartCode":"SS050438000","GTIN":["6417084504623"],"Category":{"CategoryID":"2647","Name":{"Value":"Äly- ja urheilukellot","Language":"FI"}},"ProductFamily":{},"ProductSeries":{"SeriesID":"1"},"Description":{"ID":"81989071","LongDesc":"<b>Be an ambassador for adventure</b><br><br>Suunto 9 Ambassador Edition -mallissa on näkyvästi brändätty tekstiiliranneke, joka on aiemmin ollut vain ambassador-urheilijoidemme käytössä.<br>Kellossa on erityisesti kaiverrettu kehä, joten tämä on ainutkertainen tapa päivittää tunnustusta saaneeseen Suunto 9 Baro Titaniumiin.<br><br>Suunto 9 on urheilukelloltaan parasta vaativille urheilijoille suunniteltu GPS-multisport-kello. Akunkeston hallinnan älykkäät muistutukset varmistavat, että kellon akku kestää juuri niin pitkään kuin tarve vaatii. Vankka Suunto 9 on tehty pitkään, rankkaan harjoitteluun ja kilpailuun sekä extreme-seikkailuihin.<br><br><b>EI HUOLTA AKUN LOPPUMISESTA</b><br><br>Neljä esimääriteltyä akkutilaa – Suoritus, Kestävyys, Ultra ja Retki – antavat tallennusaikaa 25 tunnista jopa 170 tuntiin*, kun GPS-seuranta on käytössä. Aloittaessasi tallennuksen saat arvion siitä, kuinka kauan akku vielä kestää nykyistä tilaa käytettäessä. Jos varaus ei riitä, voit vaihtaa milloin tahansa toiseen tilaan.<br><br>Suunto 9 antaa liikuntahistoriasi perusteella älykkäitä muistutuksia, jotta varmasti lataat akun täyteen ennen seuraavaa ulkoilukertaa. Jos kello huomaa, että akku on vähissä harjoittelun aikana, se ehdottaa automaattisesti eri akkutilaan vaihtoa.<br><br><b>TESTATUSTI KESTÄVÄ</b><br><br>Suunto 9 Baro on suunniteltu ja rakennettu vaativimpien urheilijoiden ja seikkailijoiden vaatimukset täyttäväksi. Kaikkien Suunto-kellojen tapaan Suunnon sisäinen testaustiimi ja maailman eri puolilta tulevat urheilijat ovat testanneet sen perusteellisesti tuhansilla käyttötunneilla todella kovissa olosuhteissa. Suunto 9 Baro on myös testattu Yhdysvaltojen sotavoimien standardi 810H:n mukaan, ja se on läpäissyt monia kovia testejä, kuten äärilämpötilat, iskut ja pudotukset, hiekka ja pöly, kosteus ja jäätävä sade, jotta voit luottaa siihen kaikissa seikkailuissa!<br><br><b>SUUNTO FUSEDTRACK™ SEURAA REITTIÄ JA MATKAA TARKEMMIN</b><br><br>Pitkissä ultrajuoksuissa akunkesto saattaa rajoittaa matkan ja reitin tarkkaa tallennusta, koska GPS kuluttaa akkua voimakkaasti. Suunnon ainutlaatuinen FusedTrack™-algoritmi parantaa reitti- ja matkaseurannan tarkkuutta yhdistämällä GPS- ja liikeanturitiedot. Näin akku kestää pitempään, koska GPS:n tehonkulutusta voidaan vähentää heikentämättä tarkkuutta merkittävästi.<br><br><b>JAA INTOHIMOSI SUUNTO-SOVELLUKSELLA</b><br><br>Yhdistä Suunto 9 Suunto-sovellukseen, niin voit tallentaa kaikki seikkailusi ja seurata pitkäaikaistrendejä, kuten päivittäistä liikuntaa ja nukkumista. Jaa helposti suurimmat saavutuksesi ja pidä yhteyttä muihin sovellusyhteisön jäseniin.<br><br>Älykäs mobiiliyhteys pitää sinut päivittäisten asioiden tasalla kelloon tulevien saapuvien puhelujen hälytysten, viestien ja ilmoitusten avulla. Suunto-sovellus on saatavilla App Storesta ja Google Playsta.<br><br><b>HYÖDY SUUNNON KUMPPANIVERKOSTOSTA</b><br><br>Yhdistä Suunto-kello lempisovelluksiisi ja analysoi harjoituksiasi, etsi uusia reittejä, hanki valmennusta tai luo 3D-videoita seikkailuistasi ja jaa ne suosikkiyhteisöösi.<br><br>Suunto-kellon mukana saat myös Value Pack -etupaketin – Suunnon yhteistyökumppaneiden tarjoamia etuja, joiden tarkoituksena on parantaa harjoittelu- ja ulkoliikuntakokemuksiasi ja auttaa tavoitteidesi saavuttamisessa. Etujen arvo on yli 500 €/£/$","LongProductName":"320 x 300 LED, GPS, max. 100 m, Bluetooth, 51.5 x 51.5 x 17 mm, 76 g, Titanium Ambassador Edition","MiddleDesc":"","Disclaimer":"","ManualPDFURL":"","ManualPDFSize":"0","LeafletPDFURL":"","PDFSize":"0","URL":"https://www.suunto.com/fi-fi/Tuotteet/Urheilulaitteet-ulkoiluun/suunto-9-baro/suunto-9-baro-titanium-ambassador-edition/","WarrantyInfo":"","Updated":"2021-07-27 22:28:43","Language":"FI"},"SummaryDescription":{"ShortSummaryDescription":"Suunto 9 Baro, 3,4 cm (1.34\"), Pistematriisi, Kosketusnäyttö, GPS (satelliitti), 76 g","LongSummaryDescription":"Suunto 9 Baro. Näytön halkaisija: 3,4 cm (1.34\"), Näytön teknologia: Pistematriisi, Näytön erottelutarkkuus: 320 x 300 pikseliä, Kosketusnäyttö. GPS (satelliitti). Paino: 76 g. Kosteus: Vedenpitävyys enintään (m): 100 m, Nauhan materiaali: Tekstiili, Band-väri: musta"},"BulletPoints":{},"GeneratedBulletPoints":{"Language":"FI","Values":["Urheilukello Digitaalinen Kosketusnäyttö 3,4 cm (1.34\") Pistematriisi","320 x 300 pikseliä","Vedenkestävä Kosteus: Vedenpitävyys enintään (m): 100 m","Sykemittari","GPS (satelliitti) GLONASS","Bluetooth","Sisäänrakennettu akku Litiumioni (Li-Ion)"]},"GTINs":[{"GTIN":"6417084504623","IsApproved":true}]},"Image":{"HighPic":"https://inishop.com/img/gallery/92973083_8783897098.jpg","HighPicSize":"93614","HighPicHeight":"550","HighPicWidth":"550","LowPic":"https://inishop.com/img/gallery_lows/92973083_8783897098.jpg","LowPicSize":"23624","LowPicHeight":"200","LowPicWidth":"200","Pic500x500":"https://inishop.com/img/gallery_mediums/92973083_8783897098.jpg","Pic500x500Size":"104666","Pic500x500Height":"500","Pic500x500Width":"500","ThumbPic":"https://inishop.com/img/gallery_thumbs/92973083_8783897098.jpg","ThumbPicSize":"5271"},"Multimedia":[],"Gallery":[{"ID":"54799649","LowPic":"https://inishop.com/img/gallery_lows/92973083_8783897098.jpg","LowSize":"23624","LowHeight":"200","LowWidth":"200","ThumbPic":"https://inishop.com/img/gallery_thumbs/92973083_8783897098.jpg","ThumbPicSize":"5271","Pic":"https://inishop.com/img/gallery/92973083_8783897098.jpg","Size":"93614","PicHeight":"550","PicWidth":"550","Pic500x500":"https://inishop.com/img/gallery_mediums/92973083_8783897098.jpg","Pic500x500Size":"104666","Pic500x500Height":"500","Pic500x500Width":"500","No":"1","IsMain":"Y","Updated":"2021-07-26 13:28:11","IsPrivate":"0","Type":"ProductImage","Attributes":{"OriginalFileName":""}},{"ID":"54799650","LowPic":"https://inishop.com/img/gallery_lows/92973083_1910982194.jpg","LowSize":"25920","LowHeight":"200","LowWidth":"200","ThumbPic":"https://inishop.com/img/gallery_thumbs/92973083_1910982194.jpg","ThumbPicSize":"5727","Pic":"https://inishop.com/img/gallery/92973083_1910982194.jpg","Size":"102475","PicHeight":"550","PicWidth":"550","Pic500x500":"https://inishop.com/img/gallery_mediums/92973083_1910982194.jpg","Pic500x500Size":"117110","Pic500x500Height":"500","Pic500x500Width":"500","No":"2","IsMain":"N","Updated":"2021-07-26 13:28:12","IsPrivate":"0","Type":"ProductImage","Attributes":{"OriginalFileName":""}},{"ID":"54799651","LowPic":"https://inishop.com/img/gallery_lows/92973083_8507541359.jpg","LowSize":"20174","LowHeight":"200","LowWidth":"200","ThumbPic":"https://inishop.com/img/gallery_thumbs/92973083_8507541359.jpg","ThumbPicSize":"4961","Pic":"https://inishop.com/img/gallery/92973083_8507541359.jpg","Size":"81830","PicHeight":"550","PicWidth":"550","Pic500x500":"https://inishop.com/img/gallery_mediums/92973083_8507541359.jpg","Pic500x500Size":"86053","Pic500x500Height":"500","Pic500x500Width":"500","No":"3","IsMain":"N","Updated":"2021-07-26 13:28:13","IsPrivate":"0","Type":"ProductImage","Attributes":{"OriginalFileName":""}},{"ID":"54799653","LowPic":"https://inishop.com/img/gallery_lows/92973083_8343356776.jpg","LowSize":"7963","LowHeight":"200","LowWidth":"200","ThumbPic":"https://inishop.com/img/gallery_thumbs/92973083_8343356776.jpg","ThumbPicSize":"2208","Pic":"https://inishop.com/img/gallery/92973083_8343356776.jpg","Size":"33541","PicHeight":"550","PicWidth":"550","Pic500x500":"https://inishop.com/img/gallery_mediums/92973083_8343356776.jpg","Pic500x500Size":"36153","Pic500x500Height":"500","Pic500x500Width":"500","No":"4","IsMain":"N","Updated":"2021-07-26 13:28:13","IsPrivate":"0","Type":"ProductImage","Attributes":{"OriginalFileName":""}},{"ID":"54799654","LowPic":"https://inishop.com/img/gallery_lows/92973083_1540619452.jpg","LowSize":"12007","LowHeight":"200","LowWidth":"200","ThumbPic":"https://inishop.com/img/gallery_thumbs/92973083_1540619452.jpg","ThumbPicSize":"2662","Pic":"https://inishop.com/img/gallery/92973083_1540619452.jpg","Size":"42951","PicHeight":"550","PicWidth":"550","Pic500x500":"https://inishop.com/img/gallery_mediums/92973083_1540619452.jpg","Pic500x500Size":"54685","Pic500x500Height":"500","Pic500x500Width":"500","No":"5","IsMain":"N","Updated":"2021-07-26 13:28:14","IsPrivate":"0","Type":"ProductImage","Attributes":{"OriginalFileName":""}},{"ID":"54799655","LowPic":"https://inishop.com/img/gallery_lows/92973083_5733420950.jpg","LowSize":"53014","LowHeight":"200","LowWidth":"200","ThumbPic":"https://inishop.com/img/gallery_thumbs/92973083_5733420950.jpg","ThumbPicSize":"10100","Pic":"https://inishop.com/img/gallery/92973083_5733420950.jpg","Size":"228870","PicHeight":"550","PicWidth":"550","Pic500x500":"https://inishop.com/img/gallery_mediums/92973083_5733420950.jpg","Pic500x500Size":"256399","Pic500x500Height":"500","Pic500x500Width":"500","No":"6","IsMain":"N","Updated":"2021-07-26 13:28:15","IsPrivate":"0","Type":"ProductImage","Attributes":{"OriginalFileName":""}},{"ID":"54799656","LowPic":"https://inishop.com/img/gallery_lows/92973083_5946132312.jpg","LowSize":"32448","LowHeight":"200","LowWidth":"200","ThumbPic":"https://inishop.com/img/gallery_thumbs/92973083_5946132312.jpg","ThumbPicSize":"7908","Pic":"https://inishop.com/img/gallery/92973083_5946132312.jpg","Size":"112127","PicHeight":"550","PicWidth":"550","Pic500x500":"https://inishop.com/img/gallery_mediums/92973083_5946132312.jpg","Pic500x500Size":"140605","Pic500x500Height":"500","Pic500x500Width":"500","No":"7","IsMain":"N","Updated":"2021-07-26 13:28:15","IsPrivate":"0","Type":"ProductImage","Attributes":{"OriginalFileName":""}},{"ID":"54799658","LowPic":"https://inishop.com/img/gallery_lows/92973083_4889990905.jpg","LowSize":"47487","LowHeight":"200","LowWidth":"200","ThumbPic":"https://inishop.com/img/gallery_thumbs/92973083_4889990905.jpg","ThumbPicSize":"10482","Pic":"https://inishop.com/img/gallery/92973083_4889990905.jpg","Size":"174061","PicHeight":"550","PicWidth":"550","Pic500x500":"https://inishop.com/img/gallery_mediums/92973083_4889990905.jpg","Pic500x500Size":"197884","Pic500x500Height":"500","Pic500x500Width":"500","No":"8","IsMain":"N","Updated":"2021-07-26 13:28:16","IsPrivate":"0","Type":"ProductImage","Attributes":{"OriginalFileName":""}},{"ID":"54799659","LowPic":"https://inishop.com/img/gallery_lows/92973083_8684303451.jpg","LowSize":"36205","LowHeight":"200","LowWidth":"200","ThumbPic":"https://inishop.com/img/gallery_thumbs/92973083_8684303451.jpg","ThumbPicSize":"8083","Pic":"https://inishop.com/img/gallery/92973083_8684303451.jpg","Size":"135992","PicHeight":"550","PicWidth":"550","Pic500x500":"https://inishop.com/img/gallery_mediums/92973083_8684303451.jpg","Pic500x500Size":"168311","Pic500x500Height":"500","Pic500x500Width":"500","No":"9","IsMain":"N","Updated":"2021-07-26 13:28:17","IsPrivate":"0","Type":"ProductImage","Attributes":{"OriginalFileName":""}}],"FeaturesGroups":[{"ID":34566,"SortNo":"25","FeatureGroup":{"ID":"5","Name":{"Value":"Näyttö","Language":"FI"}},"Features":[{"Localized":0,"ID":835231204,"LocalID":0,"Type":"numerical","Value":"1.34","CategoryFeatureId":"85330","CategoryFeatureGroupID":"34566","SortNo":"150","PresentationValue":"3,4 cm (1.34\")","RawValue":"1.34","LocalValue":"3,4","Description":"Tämän tuotteen näytön koko, ilmaistuna diagonaalin tuumina.","Mandatory":"1","Searchable":"0","Optional":"0","Feature":{"ID":"944","Sign":"","Measure":{"ID":"16","Sign":"","Signs":{"ID":"3161","_":"\"","Language":"FI"}},"Name":{"Value":"Näytön halkaisija","Language":"FI"}}},{"Localized":0,"ID":494460843,"LocalID":0,"Type":"dropdown","Value":"Dot-matrix","CategoryFeatureId":"99533","CategoryFeatureGroupID":"34566","SortNo":"150","PresentationValue":"Pistematriisi","RawValue":"Dot-matrix","LocalValue":"Pistematriisi","Description":"The technology used in the display e.g. plasma","Mandatory":"1","Searchable":"0","Optional":"0","Feature":{"ID":"9713","Sign":"","Measure":{"ID":"29","Sign":"","Signs":{"ID":"","_":"","Language":"FI"}},"Name":{"Value":"Näytön teknologia","Language":"FI"}}},{"Localized":0,"ID":451102975,"LocalID":0,"Type":"y_n","Value":"Y","CategoryFeatureId":"586188","CategoryFeatureGroupID":"34566","SortNo":"145","PresentationValue":"Kyllä","RawValue":"Y","LocalValue":"Kyllä","Description":"","Mandatory":"0","Searchable":"0","Optional":"0","Feature":{"ID":"20168","Sign":"","Measure":{"ID":"26","Sign":"","Signs":{"ID":"","_":"","Language":"FI"}},"Name":{"Value":"Värinäyttö","Language":"FI"}}},{"Localized":0,"ID":451134056,"LocalID":0,"Type":"dropdown","Value":"Digital","CategoryFeatureId":"85325","CategoryFeatureGroupID":"34566","SortNo":"140","PresentationValue":"Digitaalinen","RawValue":"Digital","LocalValue":"Digitaalinen","Description":"Type of display (screen) e.g. LCD.","Mandatory":"1","Searchable":"1","Optional":"0","Feature":{"ID":"9104","Sign":"","Measure":{"ID":"29","Sign":"","Signs":{"ID":"","_":"","Language":"FI"}},"Name":{"Value":"Näytön tyyppi","Language":"FI"}}},{"Localized":0,"ID":451128186,"LocalID":0,"Type":"2d","Value":"320 x 300","CategoryFeatureId":"85332","CategoryFeatureGroupID":"34566","SortNo":"130","PresentationValue":"320 x 300 pikseliä","RawValue":"320 x 300","LocalValue":"320 x 300","Description":"Järjestelmän näytön resoluutio.","Mandatory":"1","Searchable":"1","Optional":"0","Feature":{"ID":"1585","Sign":"","Measure":{"ID":"39","Sign":"","Signs":{"ID":"13827","_":"pikseliä","Language":"FI"}},"Name":{"Value":"Näytön erottelutarkkuus","Language":"FI"}}},{"Localized":0,"ID":451138354,"LocalID":0,"Type":"y_n","Value":"Y","CategoryFeatureId":"85331","CategoryFeatureGroupID":"34566","SortNo":"129","PresentationValue":"Kyllä","RawValue":"Y","LocalValue":"Kyllä","Description":"A screen of a laptop","Mandatory":"1","Searchable":"1","Optional":"0","Feature":{"ID":"4963","Sign":"","Measure":{"ID":"26","Sign":"","Signs":{"ID":"","_":"","Language":"FI"}},"Name":{"Value":"Kosketusnäyttö","Language":"FI"}}},{"Localized":0,"ID":451096877,"LocalID":0,"Type":"y_n","Value":"Y","CategoryFeatureId":"891281","CategoryFeatureGroupID":"34566","SortNo":"0","PresentationValue":"Kyllä","RawValue":"Y","LocalValue":"Kyllä","Description":"Product has a built-in light source for its illuminating.","Mandatory":"0","Searchable":"0","Optional":"0","Feature":{"ID":"3709","Sign":"","Measure":{"ID":"26","Sign":"","Signs":{"ID":"","_":"","Language":"FI"}},"Name":{"Value":"Taustavalo","Language":"FI"}}}]},{"ID":16293,"SortNo":"20","FeatureGroup":{"ID":"148","Name":{"Value":"Suunnittelu","Language":"FI"}},"Features":[{"Localized":0,"ID":451085865,"LocalID":0,"Type":"multi_dropdown","Value":"Textile","CategoryFeatureId":"94551","CategoryFeatureGroupID":"16293","SortNo":"160","PresentationValue":"Tekstiili","RawValue":"Textile","LocalValue":"Tekstiili","Description":"The type of substance the wristband is made of.","Mandatory":"1","Searchable":"0","Optional":"0","Feature":{"ID":"7605","Sign":"","Measure":{"ID":"29","Sign":"","Signs":{"ID":"","_":"","Language":"FI"}},"Name":{"Value":"Nauhan materiaali","Language":"FI"}}},{"Localized":0,"ID":451113156,"LocalID":0,"Type":"dropdown","Value":"Sapphire","CategoryFeatureId":"891278","CategoryFeatureGroupID":"16293","SortNo":"159","PresentationValue":"Safiiri","RawValue":"Sapphire","LocalValue":"Safiiri","Description":"","Mandatory":"0","Searchable":"0","Optional":"0","Feature":{"ID":"17801","Sign":"","Measure":{"ID":"29","Sign":"","Signs":{"ID":"","_":"","Language":"FI"}},"Name":{"Value":"Objektiivin materiaali","Language":"FI"}}},{"Localized":0,"ID":451120809,"LocalID":0,"Type":"dropdown","Value":"Round","CategoryFeatureId":"85327","CategoryFeatureGroupID":"16293","SortNo":"155","PresentationValue":"Pyöreä","RawValue":"Round","LocalValue":"Pyöreä","Description":"The external form","Mandatory":"1","Searchable":"0","Optional":"0","Feature":{"ID":"9397","Sign":"","Measure":{"ID":"29","Sign":"","Signs":{"ID":"","_":"","Language":"FI"}},"Name":{"Value":"Muoto","Language":"FI"}}},{"Localized":0,"ID":451124657,"LocalID":0,"Type":"dropdown","Value":"Sport watch","CategoryFeatureId":"891356","CategoryFeatureGroupID":"16293","SortNo":"150","PresentationValue":"Urheilukello","RawValue":"Sport watch","LocalValue":"Urheilukello","Description":"Under which category can the device be positioned in the market, e.g. camera phone.","Mandatory":"1","Searchable":"1","Optional":"0","Feature":{"ID":"9021","Sign":"","Measure":{"ID":"29","Sign":"","Signs":{"ID":"","_":"","Language":"FI"}},"Name":{"Value":"Asema markkinoilla","Language":"FI"}}},{"Localized":0,"ID":835231405,"LocalID":0,"Type":"multi_dropdown","Value":"Black","CategoryFeatureId":"595045","CategoryFeatureGroupID":"16293","SortNo":"90","PresentationValue":"musta","RawValue":"Black","LocalValue":"musta","Description":"","Mandatory":"1","Searchable":"1","Optional":"0","Feature":{"ID":"42417","Sign":"","Measure":{"ID":"29","Sign":"","Signs":{"ID":"","_":"","Language":"FI"}},"Name":{"Value":"Kellon kuoren väri","Language":"FI"}}},{"Localized":0,"ID":451122054,"LocalID":0,"Type":"dropdown","Value":"Polyamide,Glass fibre","CategoryFeatureId":"595044","CategoryFeatureGroupID":"16293","SortNo":"89","PresentationValue":"Polyamidi, Lasikuitu","RawValue":"Polyamide,Glass fibre","LocalValue":"Polyamidi, Lasikuitu","Description":"","Mandatory":"1","Searchable":"1","Optional":"0","Feature":{"ID":"42418","Sign":"","Measure":{"ID":"29","Sign":"","Signs":{"ID":"","_":"","Language":"FI"}},"Name":{"Value":"Kellon kuoren materiaali","Language":"FI"}}},{"Localized":0,"ID":451120322,"LocalID":0,"Type":"multi_dropdown","Value":"Black","CategoryFeatureId":"85301","CategoryFeatureGroupID":"16293","SortNo":"80","PresentationValue":"musta","RawValue":"Black","LocalValue":"musta","Description":"The colour of the band","Mandatory":"1","Searchable":"1","Optional":"0","Feature":{"ID":"11025","Sign":"","Measure":{"ID":"29","Sign":"","Signs":{"ID":"","_":"","Language":"FI"}},"Name":{"Value":"Band-väri","Language":"FI"}}},{"Localized":0,"ID":451088830,"LocalID":0,"Type":"dropdown","Value":"Water resistant","CategoryFeatureId":"94550","CategoryFeatureGroupID":"16293","SortNo":"0","PresentationValue":"Vedenkestävä","RawValue":"Water resistant","LocalValue":"Vedenkestävä","Description":"Physical effects from which the product is protected e.g. water resistant","Mandatory":"0","Searchable":"0","Optional":"0","Feature":{"ID":"8072","Sign":"","Measure":{"ID":"29","Sign":"","Signs":{"ID":"","_":"","Language":"FI"}},"Name":{"Value":"Suojaustoiminnot","Language":"FI"}}},{"Localized":0,"ID":451126710,"LocalID":0,"Type":"multi_dropdown","Value":"Titanium","CategoryFeatureId":"98760","CategoryFeatureGroupID":"16293","SortNo":"0","PresentationValue":"Titaani","RawValue":"Titanium","LocalValue":"Titaani","Description":"The colour e.g. red","Mandatory":"0","Searchable":"0","Optional":"1","Feature":{"ID":"1766","Sign":"","Measure":{"ID":"29","Sign":"","Signs":{"ID":"","_":"","Language":"FI"}},"Name":{"Value":"Tuotteen väri","Language":"FI"}}},{"Localized":0,"ID":451078434,"LocalID":0,"Type":"numerical","Value":"100","CategoryFeatureId":"101561","CategoryFeatureGroupID":"16293","SortNo":"-7","PresentationValue":"100 m","RawValue":"100","LocalValue":"100","Description":"","Mandatory":"0","Searchable":"0","Optional":"0","Feature":{"ID":"5197","Sign":"","Measure":{"ID":"54","Sign":"","Signs":{"ID":"13841","_":"m","Language":"FI"}},"Name":{"Value":"Kosteus: Vedenpitävyys enintään (m)","Language":"FI"}}}]},{"ID":34567,"SortNo":"20","FeatureGroup":{"ID":"184","Name":{"Value":"Suorituskyky","Language":"FI"}},"Features":[{"Localized":0,"ID":835231574,"LocalID":0,"Type":"y_n","Value":"N","CategoryFeatureId":"95509","CategoryFeatureGroupID":"34567","SortNo":"30","PresentationValue":"Ei","RawValue":"N","LocalValue":"Ei","Description":"Tuotessa on integroitu kamera.","Mandatory":"1","Searchable":"1","Optional":"0","Feature":{"ID":"8074","Sign":"","Measure":{"ID":"26","Sign":"","Signs":{"ID":"","_":"","Language":"FI"}},"Name":{"Value":"Sisäänrakennettu kamera","Language":"FI"}}},{"Localized":0,"ID":451099964,"LocalID":0,"Type":"multi_dropdown","Value":"DAN,DEU,DUT,ENG,ESP,FIN,FRE,ITA,JPN,KOR,NOR,POL,POR,RUS,TUR","CategoryFeatureId":"85313","CategoryFeatureGroupID":"34567","SortNo":"0","PresentationValue":"Tanska, Saksa, Hollanti, Englanti, Espanja, Suomi, Ranska, Italia, Japani, Korea, Norja, Puola, Portugali, Venäjä, Turkki","RawValue":"DAN,DEU,DUT,ENG,ESP,FIN,FRE,ITA,JPN,KOR,NOR,POL,POR,RUS,TUR","LocalValue":"Tanska, Saksa, Hollanti, Englanti, Espanja, Suomi, Ranska, Italia, Japani, Korea, Norja, Puola, Portugali, Venäjä, Turkki","Description":"The product has support (help) for languages.","Mandatory":"0","Searchable":"0","Optional":"0","Feature":{"ID":"3113","Sign":"","Measure":{"ID":"29","Sign":"","Signs":{"ID":"","_":"","Language":"FI"}},"Name":{"Value":"Kielten tuki","Language":"FI"}}}]},{"ID":26690,"SortNo":"12","FeatureGroup":{"ID":"185","Name":{"Value":"Ominaisuudet","Language":"FI"}},"Features":[{"Localized":0,"ID":451130449,"LocalID":0,"Type":"y_n","Value":"Y","CategoryFeatureId":"122840","CategoryFeatureGroupID":"26690","SortNo":"1000","PresentationValue":"Kyllä","RawValue":"Y","LocalValue":"Kyllä","Description":"","Mandatory":"1","Searchable":"0","Optional":"0","Feature":{"ID":"6702","Sign":"","Measure":{"ID":"26","Sign":"","Signs":{"ID":"","_":"","Language":"FI"}},"Name":{"Value":"Sykemittari","Language":"FI"}}},{"Localized":0,"ID":451115011,"LocalID":0,"Type":"y_n","Value":"Y","CategoryFeatureId":"292364","CategoryFeatureGroupID":"26690","SortNo":"800","PresentationValue":"Kyllä","RawValue":"Y","LocalValue":"Kyllä","Description":"","Mandatory":"0","Searchable":"0","Optional":"0","Feature":{"ID":"26788","Sign":"","Measure":{"ID":"26","Sign":"","Signs":{"ID":"","_":"","Language":"FI"}},"Name":{"Value":"Poltetut kalorit","Language":"FI"}}},{"Localized":0,"ID":451110819,"LocalID":0,"Type":"y_n","Value":"Y","CategoryFeatureId":"234753","CategoryFeatureGroupID":"26690","SortNo":"580","PresentationValue":"Kyllä","RawValue":"Y","LocalValue":"Kyllä","Description":"","Mandatory":"0","Searchable":"0","Optional":"0","Feature":{"ID":"25442","Sign":"","Measure":{"ID":"26","Sign":"","Signs":{"ID":"","_":"","Language":"FI"}},"Name":{"Value":"Multisport-tila","Language":"FI"}}},{"Localized":0,"ID":451117682,"LocalID":0,"Type":"y_n","Value":"Y","CategoryFeatureId":"234762","CategoryFeatureGroupID":"26690","SortNo":"570","PresentationValue":"Kyllä","RawValue":"Y","LocalValue":"Kyllä","Description":"","Mandatory":"0","Searchable":"0","Optional":"0","Feature":{"ID":"26791","Sign":"","Measure":{"ID":"26","Sign":"","Signs":{"ID":"","_":"","Language":"FI"}},"Name":{"Value":"Unenlaatu","Language":"FI"}}},{"Localized":0,"ID":451080541,"LocalID":0,"Type":"y_n","Value":"Y","CategoryFeatureId":"186987","CategoryFeatureGroupID":"26690","SortNo":"0","PresentationValue":"Kyllä","RawValue":"Y","LocalValue":"Kyllä","Description":"","Mandatory":"0","Searchable":"0","Optional":"1","Feature":{"ID":"3541","Sign":"","Measure":{"ID":"26","Sign":"","Signs":{"ID":"","_":"","Language":"FI"}},"Name":{"Value":"Värinähälytys","Language":"FI"}}},{"Localized":0,"ID":451122983,"LocalID":0,"Type":"y_n","Value":"Y","CategoryFeatureId":"295523","CategoryFeatureGroupID":"26690","SortNo":"0","PresentationValue":"Kyllä","RawValue":"Y","LocalValue":"Kyllä","Description":"A feature that measures a time interval and signals its end.","Mandatory":"0","Searchable":"0","Optional":"0","Feature":{"ID":"28631","Sign":"","Measure":{"ID":"26","Sign":"","Signs":{"ID":"","_":"","Language":"FI"}},"Name":{"Value":"Ajastin","Language":"FI"}}},{"Localized":0,"ID":451090119,"LocalID":0,"Type":"y_n","Value":"Y","CategoryFeatureId":"317542","CategoryFeatureGroupID":"26690","SortNo":"0","PresentationValue":"Kyllä","RawValue":"Y","LocalValue":"Kyllä","Description":"Sisäänrakennettu elektroninen kompassi","Mandatory":"0","Searchable":"0","Optional":"0","Feature":{"ID":"1733","Sign":"","Measure":{"ID":"26","Sign":"","Signs":{"ID":"","_":"","Language":"FI"}},"Name":{"Value":"Sähkökäyttöinen kompassi","Language":"FI"}}},{"Localized":0,"ID":451081917,"LocalID":0,"Type":"y_n","Value":"Y","CategoryFeatureId":"891287","CategoryFeatureGroupID":"26690","SortNo":"0","PresentationValue":"Kyllä","RawValue":"Y","LocalValue":"Kyllä","Description":"Sisäänrakennettu barometrinen korkeusmittari","Mandatory":"0","Searchable":"0","Optional":"0","Feature":{"ID":"1734","Sign":"","Measure":{"ID":"26","Sign":"","Signs":{"ID":"","_":"","Language":"FI"}},"Name":{"Value":"Barometrinen korkeusmittari","Language":"FI"}}},{"Localized":0,"ID":451135603,"LocalID":0,"Type":"y_n","Value":"Y","CategoryFeatureId":"891288","CategoryFeatureGroupID":"26690","SortNo":"0","PresentationValue":"Kyllä","RawValue":"Y","LocalValue":"Kyllä","Description":"Etäisyysmittarin avulla voit helposti mitata ihanteellisen etäisyyden kehosi ja laitteen välillä.","Mandatory":"0","Searchable":"0","Optional":"0","Feature":{"ID":"2888","Sign":"","Measure":{"ID":"26","Sign":"","Signs":{"ID":"","_":"","Language":"FI"}},"Name":{"Value":"Sisäänrakennettu etäisyysmittari","Language":"FI"}}},{"Localized":0,"ID":451096190,"LocalID":0,"Type":"y_n","Value":"Y","CategoryFeatureId":"891289","CategoryFeatureGroupID":"26690","SortNo":"0","PresentationValue":"Kyllä","RawValue":"Y","LocalValue":"Kyllä","Description":"","Mandatory":"0","Searchable":"0","Optional":"0","Feature":{"ID":"3539","Sign":"","Measure":{"ID":"26","Sign":"","Signs":{"ID":"","_":"","Language":"FI"}},"Name":{"Value":"Herätyskello","Language":"FI"}}},{"Localized":0,"ID":451079159,"LocalID":0,"Type":"y_n","Value":"Y","CategoryFeatureId":"891290","CategoryFeatureGroupID":"26690","SortNo":"0","PresentationValue":"Kyllä","RawValue":"Y","LocalValue":"Kyllä","Description":"","Mandatory":"0","Searchable":"0","Optional":"0","Feature":{"ID":"3540","Sign":"","Measure":{"ID":"26","Sign":"","Signs":{"ID":"","_":"","Language":"FI"}},"Name":{"Value":"Kalenteri","Language":"FI"}}},{"Localized":0,"ID":451085041,"LocalID":0,"Type":"y_n","Value":"Y","CategoryFeatureId":"891291","CategoryFeatureGroupID":"26690","SortNo":"0","PresentationValue":"Kyllä","RawValue":"Y","LocalValue":"Kyllä","Description":"The product has stopwatch function.","Mandatory":"0","Searchable":"0","Optional":"0","Feature":{"ID":"3855","Sign":"","Measure":{"ID":"26","Sign":"","Signs":{"ID":"","_":"","Language":"FI"}},"Name":{"Value":"Sekuntikello","Language":"FI"}}},{"Localized":0,"ID":451081386,"LocalID":0,"Type":"y_n","Value":"Y","CategoryFeatureId":"891293","CategoryFeatureGroupID":"26690","SortNo":"0","PresentationValue":"Kyllä","RawValue":"Y","LocalValue":"Kyllä","Description":"","Mandatory":"0","Searchable":"0","Optional":"0","Feature":{"ID":"7129","Sign":"","Measure":{"ID":"26","Sign":"","Signs":{"ID":"","_":"","Language":"FI"}},"Name":{"Value":"Intervalliharjoittelu","Language":"FI"}}},{"Localized":0,"ID":451132226,"LocalID":0,"Type":"y_n","Value":"Y","CategoryFeatureId":"891294","CategoryFeatureGroupID":"26690","SortNo":"0","PresentationValue":"Kyllä","RawValue":"Y","LocalValue":"Kyllä","Description":"Calculation of the amount of calories burned during exercise by measuring heart rate.","Mandatory":"0","Searchable":"0","Optional":"0","Feature":{"ID":"7130","Sign":"","Measure":{"ID":"26","Sign":"","Signs":{"ID":"","_":"","Language":"FI"}},"Name":{"Value":"Sykeperusteinen kalorien laskenta","Language":"FI"}}},{"Localized":0,"ID":451082490,"LocalID":0,"Type":"y_n","Value":"Y","CategoryFeatureId":"891296","CategoryFeatureGroupID":"26690","SortNo":"0","PresentationValue":"Kyllä","RawValue":"Y","LocalValue":"Kyllä","Description":"","Mandatory":"0","Searchable":"0","Optional":"0","Feature":{"ID":"7132","Sign":"","Measure":{"ID":"26","Sign":"","Signs":{"ID":"","_":"","Language":"FI"}},"Name":{"Value":"Foot pod","Language":"FI"}}},{"Localized":0,"ID":451097167,"LocalID":0,"Type":"y_n","Value":"Y","CategoryFeatureId":"891305","CategoryFeatureGroupID":"26690","SortNo":"0","PresentationValue":"Kyllä","RawValue":"Y","LocalValue":"Kyllä","Description":"Prediction of the weather for the following hours and days.","Mandatory":"0","Searchable":"0","Optional":"0","Feature":{"ID":"10381","Sign":"","Measure":{"ID":"26","Sign":"","Signs":{"ID":"","_":"","Language":"FI"}},"Name":{"Value":"Sääennuste","Language":"FI"}}},{"Localized":0,"ID":451136992,"LocalID":0,"Type":"dropdown","Value":"Bluetooth","CategoryFeatureId":"891311","CategoryFeatureGroupID":"26690","SortNo":"0","PresentationValue":"Bluetooth","RawValue":"Bluetooth","LocalValue":"Bluetooth","Description":"Technology of heart rate data transferring  e.g. radio","Mandatory":"0","Searchable":"0","Optional":"0","Feature":{"ID":"16147","Sign":"","Measure":{"ID":"29","Sign":"","Signs":{"ID":"","_":"","Language":"FI"}},"Name":{"Value":"Sykkeen tiedonsiirto","Language":"FI"}}},{"Localized":0,"ID":451101937,"LocalID":0,"Type":"y_n","Value":"Y","CategoryFeatureId":"891319","CategoryFeatureGroupID":"26690","SortNo":"0","PresentationValue":"Kyllä","RawValue":"Y","LocalValue":"Kyllä","Description":"","Mandatory":"0","Searchable":"0","Optional":"0","Feature":{"ID":"16158","Sign":"","Measure":{"ID":"26","Sign":"","Signs":{"ID":"","_":"","Language":"FI"}},"Name":{"Value":"Palautumisaikaehdotus","Language":"FI"}}},{"Localized":0,"ID":451141639,"LocalID":0,"Type":"multi_dropdown","Value":"Cycling,Running,Swimming","CategoryFeatureId":"891321","CategoryFeatureGroupID":"26690","SortNo":"0","PresentationValue":"Pyöräily, Juoksu, Uinti","RawValue":"Cycling,Running,Swimming","LocalValue":"Pyöräily, Juoksu, Uinti","Description":"","Mandatory":"0","Searchable":"0","Optional":"0","Feature":{"ID":"17052","Sign":"","Measure":{"ID":"29","Sign":"","Signs":{"ID":"","_":"","Language":"FI"}},"Name":{"Value":"Suositeltu toiminto","Language":"FI"}}},{"Localized":0,"ID":451143179,"LocalID":0,"Type":"y_n","Value":"Y","CategoryFeatureId":"891322","CategoryFeatureGroupID":"26690","SortNo":"0","PresentationValue":"Kyllä","RawValue":"Y","LocalValue":"Kyllä","Description":"","Mandatory":"0","Searchable":"0","Optional":"0","Feature":{"ID":"17538","Sign":"","Measure":{"ID":"26","Sign":"","Signs":{"ID":"","_":"","Language":"FI"}},"Name":{"Value":"Aktiivisuuden seuranta","Language":"FI"}}},{"Localized":0,"ID":451090849,"LocalID":0,"Type":"y_n","Value":"Y","CategoryFeatureId":"133472","CategoryFeatureGroupID":"26690","SortNo":"-1","PresentationValue":"Kyllä","RawValue":"Y","LocalValue":"Kyllä","Description":"","Mandatory":"0","Searchable":"0","Optional":"0","Feature":{"ID":"7609","Sign":"","Measure":{"ID":"26","Sign":"","Signs":{"ID":"","_":"","Language":"FI"}},"Name":{"Value":"Barometri","Language":"FI"}}},{"Localized":0,"ID":451091180,"LocalID":0,"Type":"y_n","Value":"Y","CategoryFeatureId":"186993","CategoryFeatureGroupID":"26690","SortNo":"-3","PresentationValue":"Kyllä","RawValue":"Y","LocalValue":"Kyllä","Description":"","Mandatory":"0","Searchable":"0","Optional":"0","Feature":{"ID":"7608","Sign":"","Measure":{"ID":"29","Sign":"","Signs":{"ID":"","_":"","Language":"FI"}},"Name":{"Value":"Korkeusmittari","Language":"FI"}}},{"Localized":0,"ID":451121319,"LocalID":0,"Type":"multi_dropdown","Value":"Finland","CategoryFeatureId":"297285","CategoryFeatureGroupID":"26690","SortNo":"-10","PresentationValue":"Suomi","RawValue":"Finland","LocalValue":"Suomi","Description":"Country where the device is made. Aka Country of manufacture (COM).","Mandatory":"0","Searchable":"0","Optional":"0","Feature":{"ID":"3294","Sign":"","Measure":{"ID":"29","Sign":"","Signs":{"ID":"","_":"","Language":"FI"}},"Name":{"Value":"Alkuperämaa","Language":"FI"}}}]},{"ID":10361,"SortNo":"10","FeatureGroup":{"ID":"35","Name":{"Value":"Verkko","Language":"FI"}},"Features":[{"Localized":0,"ID":451133319,"LocalID":0,"Type":"y_n","Value":"Y","CategoryFeatureId":"94693","CategoryFeatureGroupID":"10361","SortNo":"-130","PresentationValue":"Kyllä","RawValue":"Y","LocalValue":"Kyllä","Description":"Global Positioning System (GPS) is a space-based satellite navigation system that provides location and time information in all weather conditions","Mandatory":"0","Searchable":"0","Optional":"0","Feature":{"ID":"3329","Sign":"","Measure":{"ID":"26","Sign":"","Signs":{"ID":"","_":"","Language":"FI"}},"Name":{"Value":"GPS (satelliitti)","Language":"FI"}}},{"Localized":0,"ID":451103969,"LocalID":0,"Type":"y_n","Value":"Y","CategoryFeatureId":"217813","CategoryFeatureGroupID":"10361","SortNo":"-135","PresentationValue":"Kyllä","RawValue":"Y","LocalValue":"Kyllä","Description":"","Mandatory":"0","Searchable":"0","Optional":"0","Feature":{"ID":"15618","Sign":"","Measure":{"ID":"26","Sign":"","Signs":{"ID":"","_":"","Language":"FI"}},"Name":{"Value":"GLONASS","Language":"FI"}}}]},{"ID":9989,"SortNo":"5","FeatureGroup":{"ID":"12","Name":{"Value":"Liitettävyys","Language":"FI"}},"Features":[{"Localized":0,"ID":451139742,"LocalID":0,"Type":"y_n","Value":"Y","CategoryFeatureId":"94696","CategoryFeatureGroupID":"9989","SortNo":"10000045","PresentationValue":"Kyllä","RawValue":"Y","LocalValue":"Kyllä","Description":"Bluetooth on pienitehoinen radiotekniikka, joka on kehitetty korvaamaan nykyisin käytetyt kaapelit ja johdotn linkittämään tai liittämään elektronisia laitteita, kuten tietokoneita, tulostimia, sekä erilaisia ​​kannettavia laitteita kuten matkapuhelimia. Koska se käyttää radio-aallon yhteyytä, Bluetooth-laiteella on jatkuva yhteysä käyttämäänsä selaimeen. Tämä säästää käyttäjän aikaa esimerkiksi turhilta kirjautumisilta sähköposteja tai uutisia lukiessaani.","Mandatory":"0","Searchable":"0","Optional":"0","Feature":{"ID":"2183","Sign":"","Measure":{"ID":"26","Sign":"","Signs":{"ID":"","_":"","Language":"FI"}},"Name":{"Value":"Bluetooth","Language":"FI"}}},{"Localized":0,"ID":835239102,"LocalID":0,"Type":"y_n","Value":"N","CategoryFeatureId":"95622","CategoryFeatureGroupID":"9989","SortNo":"100","PresentationValue":"Ei","RawValue":"N","LocalValue":"Ei","Description":"","Mandatory":"1","Searchable":"0","Optional":"0","Feature":{"ID":"10157","Sign":"","Measure":{"ID":"26","Sign":"","Signs":{"ID":"","_":"","Language":"FI"}},"Name":{"Value":"Lähialueen kommunikointi (NFC)","Language":"FI"}}},{"Localized":0,"ID":835239094,"LocalID":0,"Type":"y_n","Value":"N","CategoryFeatureId":"94698","CategoryFeatureGroupID":"9989","SortNo":"50","PresentationValue":"Ei","RawValue":"N","LocalValue":"Ei","Description":"Popular technology that allows an electronic device to exchange data or connect to the internet wirelessly using radio waves.","Mandatory":"1","Searchable":"1","Optional":"0","Feature":{"ID":"3239","Sign":"","Measure":{"ID":"26","Sign":"","Signs":{"ID":"","_":"","Language":"FI"}},"Name":{"Value":"Wi-Fi","Language":"FI"}}}]},{"ID":9984,"SortNo":"4","FeatureGroup":{"ID":"27","Name":{"Value":"Virranhallinta","Language":"FI"}},"Features":[{"Localized":0,"ID":451129247,"LocalID":0,"Type":"dropdown","Value":"Built-in battery","CategoryFeatureId":"319967","CategoryFeatureGroupID":"9984","SortNo":"105","PresentationValue":"Sisäänrakennettu akku","RawValue":"Built-in battery","LocalValue":"Sisäänrakennettu akku","Description":"Kuvaus tuotteen mukana tulevasta akusta.","Mandatory":"1","Searchable":"0","Optional":"0","Feature":{"ID":"908","Sign":"","Measure":{"ID":"29","Sign":"","Signs":{"ID":"","_":"","Language":"FI"}},"Name":{"Value":"Akkutyyppi","Language":"FI"}}},{"Localized":0,"ID":451092993,"LocalID":0,"Type":"dropdown","Value":"Lithium-Ion (Li-Ion)","CategoryFeatureId":"85333","CategoryFeatureGroupID":"9984","SortNo":"100","PresentationValue":"Litiumioni (Li-Ion)","RawValue":"Lithium-Ion (Li-Ion)","LocalValue":"Litiumioni (Li-Ion)","Description":"The type of battery in the device","Mandatory":"1","Searchable":"0","Optional":"0","Feature":{"ID":"434","Sign":"","Measure":{"ID":"29","Sign":"","Signs":{"ID":"","_":"","Language":"FI"}},"Name":{"Value":"Akkuteknologia","Language":"FI"}}},{"Localized":0,"ID":451113738,"LocalID":0,"Type":"numerical","Value":"14","CategoryFeatureId":"891369","CategoryFeatureGroupID":"9984","SortNo":"70","PresentationValue":"14 päivää","RawValue":"14","LocalValue":"14","Description":"The total length of time that the battery in the product will last.","Mandatory":"0","Searchable":"0","Optional":"0","Feature":{"ID":"17544","Sign":"","Measure":{"ID":"49","Sign":"","Signs":{"ID":"13837","_":"päivää","Language":"FI"}},"Name":{"Value":"Akun käyttöaika","Language":"FI"}}},{"Localized":0,"ID":451107944,"LocalID":0,"Type":"numerical","Value":"170","CategoryFeatureId":"271061","CategoryFeatureGroupID":"9984","SortNo":"69","PresentationValue":"170 h","RawValue":"170","LocalValue":"170","Description":"","Mandatory":"0","Searchable":"0","Optional":"0","Feature":{"ID":"25430","Sign":"","Measure":{"ID":"46","Sign":"","Signs":{"ID":"13834","_":"h","Language":"FI"}},"Name":{"Value":"Akun kesto (GPS-tila)","Language":"FI"}}},{"Localized":0,"ID":451093835,"LocalID":0,"Type":"y_n","Value":"Y","CategoryFeatureId":"234766","CategoryFeatureGroupID":"9984","SortNo":"0","PresentationValue":"Kyllä","RawValue":"Y","LocalValue":"Kyllä","Description":"","Mandatory":"0","Searchable":"0","Optional":"1","Feature":{"ID":"5204","Sign":"","Measure":{"ID":"26","Sign":"","Signs":{"ID":"","_":"","Language":"FI"}},"Name":{"Value":"Ladattava akku","Language":"FI"}}}]},{"ID":14029,"SortNo":"2","FeatureGroup":{"ID":"28","Name":{"Value":"Ympäristöolosuhteet","Language":"FI"}},"Features":[{"Localized":0,"ID":451098589,"LocalID":0,"Type":"range","Value":"-20 - 55","CategoryFeatureId":"129940","CategoryFeatureGroupID":"14029","SortNo":"20","PresentationValue":"-20 - 55 °C","RawValue":"-20 - 55","LocalValue":"-20 - 55","Description":"The minimum and maximum temperatures at which the product can be safely operated.","Mandatory":"0","Searchable":"0","Optional":"0","Feature":{"ID":"1112","Sign":"","Measure":{"ID":"65","Sign":"","Signs":{"ID":"13851","_":"°C","Language":"FI"}},"Name":{"Value":"Käyttölämpötila (T-T)","Language":"FI"}}},{"Localized":0,"ID":451099313,"LocalID":0,"Type":"range","Value":"-30 - 55","CategoryFeatureId":"129941","CategoryFeatureGroupID":"14029","SortNo":"18","PresentationValue":"-30 - 55 °C","RawValue":"-30 - 55","LocalValue":"-30 - 55","Description":"The minimum and maximum temperatures at which the product can be safely stored.","Mandatory":"0","Searchable":"0","Optional":"0","Feature":{"ID":"757","Sign":"","Measure":{"ID":"65","Sign":"","Signs":{"ID":"13851","_":"°C","Language":"FI"}},"Name":{"Value":"Varastointilämpötila","Language":"FI"}}}]},{"ID":34569,"SortNo":"0","FeatureGroup":{"ID":"146","Name":{"Value":"Muut ominaisuudet","Language":"FI"}},"Features":[{"Localized":0,"ID":451097595,"LocalID":0,"Type":"numerical","Value":"1","CategoryFeatureId":"891266","CategoryFeatureGroupID":"34569","SortNo":"0","PresentationValue":"1","RawValue":"1","LocalValue":"1","Description":"The number of batteries that can be used with the product.","Mandatory":"0","Searchable":"0","Optional":"1","Feature":{"ID":"1211","Sign":"","Measure":{"ID":"29","Sign":"","Signs":{"ID":"","_":"","Language":"FI"}},"Name":{"Value":"Tuettu paristojen lukumäärä","Language":"FI"}}},{"Localized":0,"ID":451111681,"LocalID":0,"Type":"dropdown","Value":"LED","CategoryFeatureId":"891282","CategoryFeatureGroupID":"34569","SortNo":"0","PresentationValue":"LED","RawValue":"LED","LocalValue":"LED","Description":"","Mandatory":"0","Searchable":"0","Optional":"1","Feature":{"ID":"7369","Sign":"","Measure":{"ID":"29","Sign":"","Signs":{"ID":"","_":"","Language":"FI"}},"Name":{"Value":"Taustavalon tyyppi","Language":"FI"}}}]},{"ID":53656,"SortNo":"0","FeatureGroup":{"ID":"143","Name":{"Value":"Akku","Language":"FI"}},"Features":[{"Localized":0,"ID":451091843,"LocalID":0,"Type":"y_n","Value":"Y","CategoryFeatureId":"652855","CategoryFeatureGroupID":"53656","SortNo":"0","PresentationValue":"Kyllä","RawValue":"Y","LocalValue":"Kyllä","Description":"","Mandatory":"0","Searchable":"0","Optional":"1","Feature":{"ID":"5496","Sign":"","Measure":{"ID":"26","Sign":"","Signs":{"ID":"","_":"","Language":"FI"}},"Name":{"Value":"Akun lataustason ilmaisin","Language":"FI"}}}]},{"ID":73961,"SortNo":"0","FeatureGroup":{"ID":"90","Name":{"Value":"Ohjelmisto","Language":"FI"}},"Features":[{"Localized":0,"ID":451102601,"LocalID":0,"Type":"multi_dropdown","Value":"TrainingPeaks,Endomondo,Strava","CategoryFeatureId":"891265","CategoryFeatureGroupID":"73961","SortNo":"6","PresentationValue":"TrainingPeaks, Endomondo, Strava","RawValue":"TrainingPeaks,Endomondo,Strava","LocalValue":"TrainingPeaks, Endomondo, Strava","Description":"","Mandatory":"0","Searchable":"0","Optional":"0","Feature":{"ID":"20541","Sign":"","Measure":{"ID":"29","Sign":"","Signs":{"ID":"","_":"","Language":"FI"}},"Name":{"Value":"Urheiluaktiivisuussovellukset","Language":"FI"}}}]},{"ID":9976,"SortNo":"-3","FeatureGroup":{"ID":"14","Name":{"Value":"Paino ja mitat","Language":"FI"}},"Features":[{"Localized":0,"ID":451104732,"LocalID":0,"Type":"numerical","Value":"51.5","CategoryFeatureId":"85294","CategoryFeatureGroupID":"9976","SortNo":"100","PresentationValue":"51,5 mm","RawValue":"51.5","LocalValue":"51,5","Description":"The measurement or extent of something from side to side.","Mandatory":"0","Searchable":"0","Optional":"0","Feature":{"ID":"1649","Sign":"","Measure":{"ID":"24","Sign":"","Signs":{"ID":"13815","_":"mm","Language":"FI"}},"Name":{"Value":"Tuotteen leveys","Language":"FI"}}},{"Localized":0,"ID":451105728,"LocalID":0,"Type":"numerical","Value":"51.5","CategoryFeatureId":"85299","CategoryFeatureGroupID":"9976","SortNo":"99","PresentationValue":"51,5 mm","RawValue":"51.5","LocalValue":"51,5","Description":"The distance from the front to the back of something.","Mandatory":"0","Searchable":"0","Optional":"0","Feature":{"ID":"1650","Sign":"","Measure":{"ID":"24","Sign":"","Signs":{"ID":"13815","_":"mm","Language":"FI"}},"Name":{"Value":"Tuotteen syvyys","Language":"FI"}}},{"Localized":0,"ID":451117864,"LocalID":0,"Type":"numerical","Value":"17","CategoryFeatureId":"85296","CategoryFeatureGroupID":"9976","SortNo":"95","PresentationValue":"1,7 cm","RawValue":"17","LocalValue":"1,7","Description":"The distance through an object","Mandatory":"0","Searchable":"0","Optional":"0","Feature":{"ID":"2757","Sign":"","Measure":{"ID":"24","Sign":"","Signs":{"ID":"13815","_":"mm","Language":"FI"}},"Name":{"Value":"Paksuus","Language":"FI"}}},{"Localized":0,"ID":451076842,"LocalID":0,"Type":"numerical","Value":"76","CategoryFeatureId":"85297","CategoryFeatureGroupID":"9976","SortNo":"94","PresentationValue":"76 g","RawValue":"76","LocalValue":"76","Description":"Tuotteen paino ilman pakkausta (Nettopaino). Jos mahdollista, nettopaino ilmaistaan vakiovarusteineet ja tarvikkeet mukaan laskettuna. Huomaa, että joskus valmistaja antaa kaupallisen tulkinnan tuotteen painosta, jättämällä pois  lisävarusteiden ja / tai tarvikkeiden painon.","Mandatory":"0","Searchable":"0","Optional":"0","Feature":{"ID":"94","Sign":"","Measure":{"ID":"38","Sign":"","Signs":{"ID":"13826","_":"g","Language":"FI"}},"Name":{"Value":"Paino","Language":"FI"}}}]},{"ID":15273,"SortNo":"-5","FeatureGroup":{"ID":"116","Name":{"Value":"Pakkauksen sisältö","Language":"FI"}},"Features":[{"Localized":0,"ID":451111966,"LocalID":0,"Type":"dropdown","Value":"USB","CategoryFeatureId":"85346","CategoryFeatureGroupID":"15273","SortNo":"0","PresentationValue":"USB","RawValue":"USB","LocalValue":"USB","Description":"","Mandatory":"0","Searchable":"0","Optional":"0","Feature":{"ID":"1830","Sign":"","Measure":{"ID":"29","Sign":"","Signs":{"ID":"","_":"","Language":"FI"}},"Name":{"Value":"Sisältää johdot","Language":"FI"}}},{"Localized":0,"ID":451112435,"LocalID":0,"Type":"y_n","Value":"Y","CategoryFeatureId":"140697","CategoryFeatureGroupID":"15273","SortNo":"0","PresentationValue":"Kyllä","RawValue":"Y","LocalValue":"Kyllä","Description":"","Mandatory":"0","Searchable":"0","Optional":"0","Feature":{"ID":"3965","Sign":"","Measure":{"ID":"26","Sign":"","Signs":{"ID":"","_":"","Language":"FI"}},"Name":{"Value":"Käyttöopas","Language":"FI"}}},{"Localized":0,"ID":451114076,"LocalID":0,"Type":"y_n","Value":"Y","CategoryFeatureId":"191372","CategoryFeatureGroupID":"15273","SortNo":"0","PresentationValue":"Kyllä","RawValue":"Y","LocalValue":"Kyllä","Description":"","Mandatory":"0","Searchable":"0","Optional":"0","Feature":{"ID":"23815","Sign":"","Measure":{"ID":"26","Sign":"","Signs":{"ID":"","_":"","Language":"FI"}},"Name":{"Value":"Laturi","Language":"FI"}}}]},{"ID":28241,"SortNo":"-10","FeatureGroup":{"ID":"198","Name":{"Value":"Logistiikkatiedot","Language":"FI"}},"Features":[{"Localized":0,"ID":451121104,"LocalID":0,"Type":"numerical","Value":"1","CategoryFeatureId":"659072","CategoryFeatureGroupID":"28241","SortNo":"0","PresentationValue":"1 kpl","RawValue":"1","LocalValue":"1","Description":"","Mandatory":"0","Searchable":"0","Optional":"1","Feature":{"ID":"20228","Sign":"","Measure":{"ID":"144","Sign":"","Signs":{"ID":"3770","_":"kpl","Language":"FI"}},"Name":{"Value":"Lukumäärä per pakkaus","Language":"FI"}}}]}],"FeatureLogos":[],"ReasonsToBuy":[],"Reviews":[],"ProductRelated":[],"CatalogObjectCloud":{},"Variants":[],"ProductStory":[],"Dictionary":{"model_name":"Tuotenimi","desc":"Kuvaus","ean_code":"EAN/UPC-koodi","flash360":"3D-esittely","demo_msg_part3":"Jos sinulla ei ole Icecat-k&auml;ytt&auml;j&auml;tili&auml;, ole hyv&auml; ja rekister&ouml;idy maksutta t&auml;&auml;lt&auml;.","repairability_index":"Repairability index","zoom_panel_init":"Alkuper&auml;inen koko","cat_name":"Ryhm&auml;","product_family":"Tuoteperhe","back_to_top":"Takaisin yl&ouml;s","zoom_panel_out":"Loitonna","specs":"Tekniset tiedot","eu_product_fiche":"EU-tuoteseloste","reviews_head_name":"Arvostelut","pdf_specs":"Tuote-esite","zoom_panel_in":"L&auml;henn&auml;","html_content":"","release_date":"Julkaisup&auml;iv&auml;","demo_msg_part1":"K&auml;yt&auml;t t&auml;ll&auml; hetkell&auml; demo-k&auml;ytt&auml;j&auml;tili&auml;. Ole hyv&auml; ja k&auml;yt&auml; omaa Icecat-k&auml;ytt&auml;j&auml;tili&auml;si.","demo_insert_desc":"This is a demo of a seamless insert of an Icecat LIVE product data-sheet in your website. Imagine that this responsive data-sheet is included in the product page of your webshop.","pdf_url":"K&auml;ytt&ouml;opas","prod_code":"Tuotekoodi","supplier_name":"Tuotemerkki","video":"Video","reasons_to_buy":"Syitä ostaa","marketing_text":"Kuvaus","options_head_name":"Vaihtoehdot","product_series":"Tuotesarja","demo_msg_part2":"Icecat k&auml;ytt&auml;j&auml;tunnuksesi","link_integrate_desk":"Kuinka integroida Icecat LIVE JavaScript.","zoom_panel_dragg":"Hiirell&auml; vet&auml;minen","eu_energy_label":"EU-energiamerkintä"},"DemoAccount":false}}