{"msg":"OK","data":{"GeneralInfo":{"IcecatId":103215348,"ReleaseDate":"","EndOfLifeDate":"","Title":"Philips 5000 series TAG5106BK/00 kuulokkeet ja kuulokemikrofoni Langallinen & langaton Pääpanta Pelaaminen Bluetooth musta","TitleInfo":{"GeneratedIntTitle":"Philips 5000 series TAG5106BK/00 headphones/headset","GeneratedLocalTitle":{"Value":"Philips 5000 series TAG5106BK/00 kuulokkeet ja kuulokemikrofoni Langallinen & langaton Pääpanta Pelaaminen Bluetooth musta","Language":"FI"},"BrandLocalTitle":{"Value":"","Language":"FI"}},"Brand":"Philips","BrandID":"25","BrandLogo":"https://images.icecat.biz/img/brand/thumb/25_c26c0239c23244eaaccd8bb3e8990a9e.jpg","BrandInfo":{"BrandName":"Philips","BrandLocalName":"","BrandLogo":"https://images.icecat.biz/img/brand/thumb/25_c26c0239c23244eaaccd8bb3e8990a9e.jpg"},"ProductName":"TAG5106BK/00","ProductNameInfo":{"ProductIntName":"TAG5106BK/00","ProductLocalName":{"Value":"","Language":"FI"}},"BrandPartCode":"TAG5106BK/00","GTIN":["4895229127005"],"Category":{"CategoryID":"1637","Name":{"Value":"Kuulokkeet ja kuulokemikrofonit","Language":"FI"}},"ProductFamily":{"ProductFamilyID":"64666","Value":"5000 series","Language":"EN"},"ProductSeries":{"SeriesID":"1"},"Description":{"ID":"88808029","LongDesc":"Tyylikäs muotoilu, 50 millimetrin tarkat elementit, DTS-tilaääni, edistynyt langaton 2.4G- ja Bluetooth 5.2 -yhteys sekä irrotettava yksisuuntainen mikrofoni takaavat miellyttävän ja mukaansatempaavan pelikokemuksen","LongProductName":"5000 Series TAG5106BK Pelikuulokkeet","MiddleDesc":"","Disclaimer":"","ManualPDFURL":"","ManualPDFSize":"0","LeafletPDFURL":"","PDFSize":"0","URL":"https://mmdmonitors.com/","WarrantyInfo":"","Updated":"2024-06-03 16:12:41","Language":"FI"},"SummaryDescription":{"ShortSummaryDescription":"Philips 5000 series TAG5106BK/00, Langallinen & langaton, Pelaaminen, 20 - 20000 Hz, 375 g, Kuulokkeet, musta","LongSummaryDescription":"Philips 5000 series TAG5106BK/00. Tuotetyyppi: Kuulokkeet. Yhteysteknologia: Langallinen & langaton, Bluetooth. Suositeltu käyttö: Pelaaminen. Kuulokkeiden taajuus: 20 - 20000 Hz. Johdon pituus: 1,5 m. Paino: 375 g. Tuotteen väri: musta"},"BulletPoints":{},"GeneratedBulletPoints":{"Language":"FI","Values":["musta Pelaaminen Pääpanta Kuulokkeet","Langallinen & langaton 3,5 mm liitin USB-liitettävyys Bluetooth 5.2","Kuppi 20 - 20000 Hz 32 Ω 101 dB","Mikrofonityyppi: Puomi"]},"GTINs":[{"GTIN":"4895229127005","IsApproved":true}]},"Image":{"HighPic":"https://images.icecat.biz/img/gallery/6a765a53c8119f88d365420dd6da4e5622a1bef4.jpg","HighPicSize":"110662","HighPicHeight":"837","HighPicWidth":"1200","LowPic":"https://images.icecat.biz/img/gallery_lows/2293db8f03e43be342373d12d22bec7aeabdb496.jpg","LowPicSize":"8492","LowPicHeight":"140","LowPicWidth":"200","Pic500x500":"https://images.icecat.biz/img/gallery_mediums/4573c26582b6a4efe816c4e7c048ddffdeaaf361.jpg","Pic500x500Size":"32192","Pic500x500Height":"349","Pic500x500Width":"500","ThumbPic":"https://images.icecat.biz/img/gallery_thumbs/a6acc84b8aabb499b8aa974836f63cacb95a7b98.jpg","ThumbPicSize":"2264"},"Multimedia":[{"ID":"672C0B8B-D537-4ABB-8685-A9983A457C33","URL":"https://objects.icecat.biz/objects/mmo_103215348_1757417785_3662_957846.txt","Type":"ProductStory2.0","ContentType":"text/html","KeepAsUrl":"0","Description":"ProductStory2.0","Size":"10078","IsPrivate":"0","Updated":"2025-09-09 13:36:25","Language":"FI","IsVideo":0},{"ID":"641D48BD-2C3D-468F-884E-DF32FA1A2509","URL":"https://live-html.icecat.biz/5c7854f3fac79751eb7693b3af2df044/index.html","Type":"ProductStory","ContentType":"application/zip","KeepAsUrl":"0","Description":"ProductStory","Size":"2857","IsPrivate":"0","Updated":"2025-09-09 13:36:31","Language":"FI","IsVideo":0},{"ID":"00000000-0000-0000-0000-000000000000","URL":"https://icecat.biz/rest/product-pdf?productId=103215348&lang=fi","Type":"leaflet","ContentType":"application/pdf","KeepAsUrl":"0","Description":"Brochure Philips TAG5106BK/00","Size":"0","IsPrivate":"0","Updated":"2024-03-22 12:22:48","Language":"FI","IsVideo":0}],"Gallery":[{"ID":"108034668","LowPic":"https://images.icecat.biz/img/gallery_lows/2293db8f03e43be342373d12d22bec7aeabdb496.jpg","LowSize":"8492","LowHeight":"140","LowWidth":"200","ThumbPic":"https://images.icecat.biz/img/gallery_thumbs/a6acc84b8aabb499b8aa974836f63cacb95a7b98.jpg","ThumbPicSize":"2264","Pic":"https://images.icecat.biz/img/gallery/6a765a53c8119f88d365420dd6da4e5622a1bef4.jpg","Size":"110662","PicHeight":"837","PicWidth":"1200","Pic500x500":"https://images.icecat.biz/img/gallery_mediums/4573c26582b6a4efe816c4e7c048ddffdeaaf361.jpg","Pic500x500Size":"32192","Pic500x500Height":"349","Pic500x500Width":"500","No":"1","IsMain":"Y","Updated":"2025-06-15 08:24:04","IsPrivate":"0","Type":"ProductImage","Attributes":{"OriginalFileName":""}},{"ID":"108034669","LowPic":"https://images.icecat.biz/img/gallery_lows/c119f9dad317b78c4fea1aaa5c025d9f60781780.jpg","LowSize":"10601","LowHeight":"141","LowWidth":"200","ThumbPic":"https://images.icecat.biz/img/gallery_thumbs/75e615b233d3d9c4543c818ec97935aab8fd7e56.jpg","ThumbPicSize":"2865","Pic":"https://images.icecat.biz/img/gallery/dc4ec5f1ea3b1f2ebe1abc898e5239056008fdc8.jpg","Size":"145156","PicHeight":"845","PicWidth":"1200","Pic500x500":"https://images.icecat.biz/img/gallery_mediums/1635afd725f11d41aeaae26b0baf3d214c0f66ea.jpg","Pic500x500Size":"41032","Pic500x500Height":"352","Pic500x500Width":"500","No":"3","IsMain":"N","Updated":"2025-06-15 08:24:04","IsPrivate":"0","Type":"ProductImage","Attributes":{"OriginalFileName":""}},{"ID":"108034670","LowPic":"https://images.icecat.biz/img/gallery_lows/cf83248c183fdf45798512241a6641f93c4e3ad0.jpg","LowSize":"5427","LowHeight":"141","LowWidth":"200","ThumbPic":"https://images.icecat.biz/img/gallery_thumbs/9e9ccf1b6928b3889e6f2adad62370e5026e09c1.jpg","ThumbPicSize":"1862","Pic":"https://images.icecat.biz/img/gallery/f7755bd610fff9b39020e7b7b0eb1f0b50ff30ad.jpg","Size":"64517","PicHeight":"845","PicWidth":"1200","Pic500x500":"https://images.icecat.biz/img/gallery_mediums/eadf2ad54329808eb13aa03c70f61dd0b08697e4.jpg","Pic500x500Size":"18661","Pic500x500Height":"352","Pic500x500Width":"500","No":"4","IsMain":"N","Updated":"2025-06-15 08:24:04","IsPrivate":"0","Type":"ProductImage","Attributes":{"OriginalFileName":""}},{"ID":"108034671","LowPic":"https://images.icecat.biz/img/gallery_lows/be223f6fb78621aca9ff9fb38e3a89c7d6b5a61a.jpg","LowSize":"2588","LowHeight":"200","LowWidth":"133","ThumbPic":"https://images.icecat.biz/img/gallery_thumbs/54c2af1c6d51ac665038128defa47a19ec6da35c.jpg","ThumbPicSize":"1025","Pic":"https://images.icecat.biz/img/gallery/7b90c5ade8d89051b0a9ab1642213d1878470123.jpg","Size":"74873","PicHeight":"1802","PicWidth":"1200","Pic500x500":"https://images.icecat.biz/img/gallery_mediums/94c21c32f0da86a5e053a96ae5cd1a0bb0ac9f91.jpg","Pic500x500Size":"9076","Pic500x500Height":"500","Pic500x500Width":"333","No":"5","IsMain":"N","Updated":"2025-06-15 08:24:04","IsPrivate":"0","Type":"ProductImage","Attributes":{"OriginalFileName":""}},{"ID":"108034672","LowPic":"https://images.icecat.biz/img/gallery_lows/a71858030934ad2ceaa9eb84875506ecc58d2e4b.jpg","LowSize":"39201","LowHeight":"200","LowWidth":"196","ThumbPic":"https://images.icecat.biz/img/gallery_thumbs/70f7894762120eb814cfd4106a5ad477173df691.jpg","ThumbPicSize":"9272","Pic":"https://images.icecat.biz/img/gallery/1fe60be0b50ca9570dc19e5bbfc3b5ddd1eef94c.jpg","Size":"559219","PicHeight":"1225","PicWidth":"1200","Pic500x500":"https://images.icecat.biz/img/gallery_mediums/8f9da30de7516004ea8884d6d8a5b7decc798cb6.jpg","Pic500x500Size":"157052","Pic500x500Height":"500","Pic500x500Width":"490","No":"6","IsMain":"N","Updated":"2025-06-15 08:24:04","IsPrivate":"0","Type":"ProductImage","Attributes":{"OriginalFileName":""}},{"ID":"108034673","LowPic":"https://images.icecat.biz/img/gallery_lows/fa2f111961ae4a0a403f30332cb0af1bb16cae79.jpg","LowSize":"7597","LowHeight":"141","LowWidth":"200","ThumbPic":"https://images.icecat.biz/img/gallery_thumbs/656b99b6fed97927fe9d7b6548a7e07ec976001c.jpg","ThumbPicSize":"2036","Pic":"https://images.icecat.biz/img/gallery/a74dfd7d2e636e9f048d7bf5c7c0a9bf970fac97.jpg","Size":"107032","PicHeight":"846","PicWidth":"1200","Pic500x500":"https://images.icecat.biz/img/gallery_mediums/7edbd58f24b5c38353d93fc6a004bedf932ba782.jpg","Pic500x500Size":"29798","Pic500x500Height":"353","Pic500x500Width":"500","No":"7","IsMain":"N","Updated":"2025-06-15 08:24:04","IsPrivate":"0","Type":"ProductImage","Attributes":{"OriginalFileName":""}},{"ID":"108034674","LowPic":"https://images.icecat.biz/img/gallery_lows/b9f86b25c373ae6ae666f95c879a027e15a22c8a.jpg","LowSize":"27150","LowHeight":"134","LowWidth":"200","ThumbPic":"https://images.icecat.biz/img/gallery_thumbs/914b07617b62dca119ce755e965d85724c64bc5a.jpg","ThumbPicSize":"6662","Pic":"https://images.icecat.biz/img/gallery/f58f23a6267de8f61557aae64923321451daa46f.jpg","Size":"396930","PicHeight":"801","PicWidth":"1200","Pic500x500":"https://images.icecat.biz/img/gallery_mediums/d9b119d3fba9a0e27b401717d5353af5b373b4df.jpg","Pic500x500Size":"110344","Pic500x500Height":"334","Pic500x500Width":"500","No":"8","IsMain":"N","Updated":"2025-06-15 08:24:04","IsPrivate":"0","Type":"ProductImage","Attributes":{"OriginalFileName":""}}],"FeaturesGroups":[{"ID":10774,"SortNo":"60","FeatureGroup":{"ID":"184","Name":{"Value":"Suorituskyky","Language":"FI"}},"Features":[{"Localized":0,"ID":508035550,"LocalID":0,"Type":"dropdown","Value":"Headset","CategoryFeatureId":"320952","CategoryFeatureGroupID":"10774","SortNo":"300","PresentationValue":"Kuulokkeet","RawValue":"Headset","LocalValue":"Kuulokkeet","Description":"The sub-category of the product.","Mandatory":"1","Searchable":"1","Optional":"0","Feature":{"ID":"14052","Sign":"","Measure":{"ID":"29","Sign":"","Signs":{"ID":"","_":"","Language":"FI"}},"Name":{"Value":"Tuotetyyppi","Language":"FI"}}},{"Localized":0,"ID":508035551,"LocalID":0,"Type":"dropdown","Value":"Head-band","CategoryFeatureId":"48583","CategoryFeatureGroupID":"10774","SortNo":"294","PresentationValue":"Pääpanta","RawValue":"Head-band","LocalValue":"Pääpanta","Description":"The way in which the device is worn.","Mandatory":"1","Searchable":"1","Optional":"0","Feature":{"ID":"8136","Sign":"","Measure":{"ID":"29","Sign":"","Signs":{"ID":"","_":"","Language":"FI"}},"Name":{"Value":"Käyttötapa","Language":"FI"}}},{"Localized":0,"ID":508035552,"LocalID":0,"Type":"dropdown","Value":"Gaming","CategoryFeatureId":"320937","CategoryFeatureGroupID":"10774","SortNo":"291","PresentationValue":"Pelaaminen","RawValue":"Gaming","LocalValue":"Pelaaminen","Description":"What the product should be used for","Mandatory":"1","Searchable":"1","Optional":"0","Feature":{"ID":"8480","Sign":"","Measure":{"ID":"29","Sign":"","Signs":{"ID":"","_":"","Language":"FI"}},"Name":{"Value":"Suositeltu käyttö","Language":"FI"}}},{"Localized":0,"ID":508035554,"LocalID":0,"Type":"dropdown","Value":"Binaural","CategoryFeatureId":"48578","CategoryFeatureGroupID":"10774","SortNo":"288","PresentationValue":"Kaksikanavainen","RawValue":"Binaural","LocalValue":"Kaksikanavainen","Description":"A headset is headphones combined with a microphone","Mandatory":"0","Searchable":"0","Optional":"0","Feature":{"ID":"8135","Sign":"","Measure":{"ID":"29","Sign":"","Signs":{"ID":"","_":"","Language":"FI"}},"Name":{"Value":"Kuulokkeiden tyyppi","Language":"FI"}}},{"Localized":0,"ID":508035543,"LocalID":0,"Type":"multi_dropdown","Value":"Black","CategoryFeatureId":"41175","CategoryFeatureGroupID":"10774","SortNo":"280","PresentationValue":"musta","RawValue":"Black","LocalValue":"musta","Description":"The colour e.g. red","Mandatory":"1","Searchable":"0","Optional":"0","Feature":{"ID":"1766","Sign":"","Measure":{"ID":"29","Sign":"","Signs":{"ID":"","_":"","Language":"FI"}},"Name":{"Value":"Tuotteen väri","Language":"FI"}}},{"Localized":0,"ID":508035609,"LocalID":0,"Type":"numerical","Value":"1.5","CategoryFeatureId":"42582","CategoryFeatureGroupID":"10774","SortNo":"270","PresentationValue":"1,5 m","RawValue":"1.5","LocalValue":"1,5","Description":"How long the cable is.","Mandatory":"0","Searchable":"0","Optional":"0","Feature":{"ID":"1266","Sign":"","Measure":{"ID":"54","Sign":"","Signs":{"ID":"13841","_":"m","Language":"FI"}},"Name":{"Value":"Johdon pituus","Language":"FI"}}},{"Localized":0,"ID":508035626,"LocalID":0,"Type":"dropdown","Value":"Black","CategoryFeatureId":"238759","CategoryFeatureGroupID":"10774","SortNo":"269","PresentationValue":"musta","RawValue":"Black","LocalValue":"musta","Description":"Colour of the cable e.g. white","Mandatory":"0","Searchable":"0","Optional":"0","Feature":{"ID":"1272","Sign":"","Measure":{"ID":"29","Sign":"","Signs":{"ID":"","_":"","Language":"FI"}},"Name":{"Value":"Kaapelin väri","Language":"FI"}}},{"Localized":0,"ID":508035625,"LocalID":0,"Type":"y_n","Value":"Y","CategoryFeatureId":"320965","CategoryFeatureGroupID":"10774","SortNo":"264","PresentationValue":"Kyllä","RawValue":"Y","LocalValue":"Kyllä","Description":"","Mandatory":"0","Searchable":"0","Optional":"0","Feature":{"ID":"4142","Sign":"","Measure":{"ID":"26","Sign":"","Signs":{"ID":"","_":"","Language":"FI"}},"Name":{"Value":"Irrotettava kaapeli","Language":"FI"}}},{"Localized":0,"ID":508035654,"LocalID":0,"Type":"y_n","Value":"Y","CategoryFeatureId":"75365","CategoryFeatureGroupID":"10774","SortNo":"240","PresentationValue":"Kyllä","RawValue":"Y","LocalValue":"Kyllä","Description":"Product has a built-in light source for its illuminating.","Mandatory":"0","Searchable":"0","Optional":"0","Feature":{"ID":"3709","Sign":"","Measure":{"ID":"26","Sign":"","Signs":{"ID":"","_":"","Language":"FI"}},"Name":{"Value":"Taustavalo","Language":"FI"}}},{"Localized":0,"ID":508035729,"LocalID":0,"Type":"dropdown","Value":"Red/Green/Blue","CategoryFeatureId":"75363","CategoryFeatureGroupID":"10774","SortNo":"238","PresentationValue":"Punainen/Vihreä/Sininen","RawValue":"Red/Green/Blue","LocalValue":"Punainen/Vihreä/Sininen","Description":"","Mandatory":"0","Searchable":"0","Optional":"0","Feature":{"ID":"2961","Sign":"","Measure":{"ID":"29","Sign":"","Signs":{"ID":"","_":"","Language":"FI"}},"Name":{"Value":"Taustavalon väri","Language":"FI"}}},{"Localized":0,"ID":508035830,"LocalID":0,"Type":"y_n","Value":"Y","CategoryFeatureId":"807729","CategoryFeatureGroupID":"10774","SortNo":"0","PresentationValue":"Kyllä","RawValue":"Y","LocalValue":"Kyllä","Description":"","Mandatory":"0","Searchable":"0","Optional":"0","Feature":{"ID":"28818","Sign":"","Measure":{"ID":"26","Sign":"","Signs":{"ID":"","_":"","Language":"FI"}},"Name":{"Value":"Säädettävä otsanauha","Language":"FI"}}}]},{"ID":6264,"SortNo":"40","FeatureGroup":{"ID":"12","Name":{"Value":"Liitettävyys","Language":"FI"}},"Features":[{"Localized":0,"ID":508035843,"LocalID":0,"Type":"dropdown","Value":"Wired & Wireless","CategoryFeatureId":"155712","CategoryFeatureGroupID":"6264","SortNo":"298","PresentationValue":"Langallinen & langaton","RawValue":"Wired & Wireless","LocalValue":"Langallinen & langaton","Description":"The technology that enables connectivity of the device, e.g. wired or wireless.","Mandatory":"1","Searchable":"1","Optional":"0","Feature":{"ID":"1655","Sign":"","Measure":{"ID":"29","Sign":"","Signs":{"ID":"","_":"","Language":"FI"}},"Name":{"Value":"Yhteysteknologia","Language":"FI"}}},{"Localized":0,"ID":508035848,"LocalID":0,"Type":"y_n","Value":"Y","CategoryFeatureId":"199409","CategoryFeatureGroupID":"6264","SortNo":"290","PresentationValue":"Kyllä","RawValue":"Y","LocalValue":"Kyllä","Description":"","Mandatory":"0","Searchable":"0","Optional":"0","Feature":{"ID":"14760","Sign":"","Measure":{"ID":"26","Sign":"","Signs":{"ID":"","_":"","Language":"FI"}},"Name":{"Value":"3,5 mm liitin","Language":"FI"}}},{"Localized":0,"ID":508035852,"LocalID":0,"Type":"y_n","Value":"Y","CategoryFeatureId":"199416","CategoryFeatureGroupID":"6264","SortNo":"288","PresentationValue":"Kyllä","RawValue":"Y","LocalValue":"Kyllä","Description":"Nopean 2.0 USB -liitännän ansiosta laitteesi toistaa USB-muistitikulle tallennettuja MP3-tiedostoja.","Mandatory":"0","Searchable":"0","Optional":"0","Feature":{"ID":"10496","Sign":"","Measure":{"ID":"26","Sign":"","Signs":{"ID":"","_":"","Language":"FI"}},"Name":{"Value":"USB-liitettävyys","Language":"FI"}}},{"Localized":0,"ID":508035865,"LocalID":0,"Type":"y_n","Value":"Y","CategoryFeatureId":"199418","CategoryFeatureGroupID":"6264","SortNo":"286","PresentationValue":"Kyllä","RawValue":"Y","LocalValue":"Kyllä","Description":"Bluetooth on pienitehoinen radiotekniikka, joka on kehitetty korvaamaan nykyisin käytetyt kaapelit ja johdotn linkittämään tai liittämään elektronisia laitteita, kuten tietokoneita, tulostimia, sekä erilaisia ​​kannettavia laitteita kuten matkapuhelimia. Koska se käyttää radio-aallon yhteyytä, Bluetooth-laiteella on jatkuva yhteysä käyttämäänsä selaimeen. Tämä säästää käyttäjän aikaa esimerkiksi turhilta kirjautumisilta sähköposteja tai uutisia lukiessaani.","Mandatory":"0","Searchable":"0","Optional":"0","Feature":{"ID":"2183","Sign":"","Measure":{"ID":"26","Sign":"","Signs":{"ID":"","_":"","Language":"FI"}},"Name":{"Value":"Bluetooth","Language":"FI"}}},{"Localized":0,"ID":508035882,"LocalID":0,"Type":"dropdown","Value":"5.2","CategoryFeatureId":"43224","CategoryFeatureGroupID":"6264","SortNo":"285","PresentationValue":"5.2","RawValue":"5.2","LocalValue":"5.2","Description":"The type of bluetooth technology in the product e.g. Bluetooth Smart (v4.0).","Mandatory":"0","Searchable":"0","Optional":"0","Feature":{"ID":"1208","Sign":"","Measure":{"ID":"29","Sign":"","Signs":{"ID":"","_":"","Language":"FI"}},"Name":{"Value":"Bluetooth-versio","Language":"FI"}}},{"Localized":0,"ID":508035890,"LocalID":0,"Type":"alphanumeric","Value":"2.4","CategoryFeatureId":"41176","CategoryFeatureGroupID":"6264","SortNo":"8","PresentationValue":"2.4 GHz","RawValue":"2.4","LocalValue":"2.4","Description":"A small section of the spectrum of radio communication frequencies","Mandatory":"0","Searchable":"0","Optional":"0","Feature":{"ID":"1769","Sign":"","Measure":{"ID":"37","Sign":"","Signs":{"ID":"13825","_":"GHz","Language":"FI"}},"Name":{"Value":"Taajuuskaista","Language":"FI"}}},{"Localized":0,"ID":508035904,"LocalID":0,"Type":"range","Value":"20 - 20000","CategoryFeatureId":"801347","CategoryFeatureGroupID":"6264","SortNo":"8","PresentationValue":"20 - 20000 Hz","RawValue":"20 - 20000","LocalValue":"20 - 20000","Description":"","Mandatory":"0","Searchable":"0","Optional":"0","Feature":{"ID":"44083","Sign":"","Measure":{"ID":"36","Sign":"","Signs":{"ID":"13824","_":"Hz","Language":"FI"}},"Name":{"Value":"Taajuusvaste (musiikkitila)","Language":"FI"}}}]},{"ID":5109,"SortNo":"30","FeatureGroup":{"ID":"71","Name":{"Value":"Kuulokkeet","Language":"FI"}},"Features":[{"Localized":0,"ID":508035937,"LocalID":0,"Type":"numerical","Value":"20","CategoryFeatureId":"117604","CategoryFeatureGroupID":"5109","SortNo":"400","PresentationValue":"20 mW","RawValue":"20","LocalValue":"20","Description":"","Mandatory":"0","Searchable":"0","Optional":"0","Feature":{"ID":"9716","Sign":"","Measure":{"ID":"135","Sign":"","Signs":{"ID":"13918","_":"mW","Language":"FI"}},"Name":{"Value":"Suurin syöttöteho","Language":"FI"}}},{"Localized":0,"ID":508035945,"LocalID":0,"Type":"dropdown","Value":"Circumaural","CategoryFeatureId":"42691","CategoryFeatureGroupID":"5109","SortNo":"50","PresentationValue":"Kuppi","RawValue":"Circumaural","LocalValue":"Kuppi","Description":"Kuulokkeet erotellaan sen mukaan, pidetäänkö niitä ulkokorvan päällä (supra-aural)) vai korvan ympärillä (circumaural). Avoimissa kuulokkeissa on vaahtomuoviset korvatyynyt jotka lepäävät korvilla tai rengastyynyt, jotka ympäröivät korvat. Suljettu kuulokkeet taas ovat lähes poikkeuksetta lähes aina korvien ympärille tulevaa mallia.","Mandatory":"1","Searchable":"0","Optional":"0","Feature":{"ID":"2527","Sign":"","Measure":{"ID":"29","Sign":"","Signs":{"ID":"","_":"","Language":"FI"}},"Name":{"Value":"Korvakytkentä","Language":"FI"}}},{"Localized":0,"ID":508035955,"LocalID":0,"Type":"dropdown","Value":"Closed","CategoryFeatureId":"43220","CategoryFeatureGroupID":"5109","SortNo":"48","PresentationValue":"Suljettu","RawValue":"Closed","LocalValue":"Suljettu","Description":"","Mandatory":"0","Searchable":"0","Optional":"0","Feature":{"ID":"5118","Sign":"","Measure":{"ID":"29","Sign":"","Signs":{"ID":"","_":"","Language":"FI"}},"Name":{"Value":"Akustinen järjestelmä","Language":"FI"}}},{"Localized":0,"ID":508035956,"LocalID":0,"Type":"range","Value":"20 - 20000","CategoryFeatureId":"41166","CategoryFeatureGroupID":"5109","SortNo":"47","PresentationValue":"20 - 20000 Hz","RawValue":"20 - 20000","LocalValue":"20 - 20000","Description":"The range of frequencies (low to high sounds) that the headphones can produce.","Mandatory":"0","Searchable":"0","Optional":"0","Feature":{"ID":"1887","Sign":"","Measure":{"ID":"36","Sign":"","Signs":{"ID":"13824","_":"Hz","Language":"FI"}},"Name":{"Value":"Kuulokkeiden taajuus","Language":"FI"}}},{"Localized":0,"ID":508035957,"LocalID":0,"Type":"numerical","Value":"32","CategoryFeatureId":"41163","CategoryFeatureGroupID":"5109","SortNo":"43","PresentationValue":"32 Ω","RawValue":"32","LocalValue":"32","Description":"The effective resistance of an electric circuit or component to alternating current","Mandatory":"0","Searchable":"0","Optional":"0","Feature":{"ID":"1889","Sign":"","Measure":{"ID":"87","Sign":"","Signs":{"ID":"22464","_":"Ω","Language":"FI"}},"Name":{"Value":"Impedanssi","Language":"FI"}}},{"Localized":0,"ID":508035974,"LocalID":0,"Type":"numerical","Value":"101","CategoryFeatureId":"41165","CategoryFeatureGroupID":"5109","SortNo":"40","PresentationValue":"101 dB","RawValue":"101","LocalValue":"101","Description":"","Mandatory":"0","Searchable":"0","Optional":"0","Feature":{"ID":"1888","Sign":"","Measure":{"ID":"76","Sign":"","Signs":{"ID":"13862","_":"dB","Language":"FI"}},"Name":{"Value":"Kuulokkeiden herkkyys","Language":"FI"}}},{"Localized":0,"ID":508035978,"LocalID":0,"Type":"dropdown","Value":"Neodymium","CategoryFeatureId":"41174","CategoryFeatureGroupID":"5109","SortNo":"34","PresentationValue":"Neodyymi","RawValue":"Neodymium","LocalValue":"Neodyymi","Description":"Type of magnet e.g. neodymium.","Mandatory":"0","Searchable":"0","Optional":"0","Feature":{"ID":"2380","Sign":"","Measure":{"ID":"29","Sign":"","Signs":{"ID":"","_":"","Language":"FI"}},"Name":{"Value":"Magneetin tyyppi","Language":"FI"}}},{"Localized":0,"ID":508035979,"LocalID":0,"Type":"numerical","Value":"50","CategoryFeatureId":"41164","CategoryFeatureGroupID":"5109","SortNo":"30","PresentationValue":"5 cm","RawValue":"50","LocalValue":"5","Description":"","Mandatory":"0","Searchable":"0","Optional":"0","Feature":{"ID":"2379","Sign":"","Measure":{"ID":"24","Sign":"","Signs":{"ID":"13815","_":"mm","Language":"FI"}},"Name":{"Value":"Ajuriyksikkö","Language":"FI"}}},{"Localized":0,"ID":508035980,"LocalID":0,"Type":"dropdown","Value":"Dynamic","CategoryFeatureId":"80528","CategoryFeatureGroupID":"5109","SortNo":"30","PresentationValue":"Dynaaminen","RawValue":"Dynamic","LocalValue":"Dynaaminen","Description":"","Mandatory":"0","Searchable":"0","Optional":"0","Feature":{"ID":"8157","Sign":"","Measure":{"ID":"29","Sign":"","Signs":{"ID":"","_":"","Language":"FI"}},"Name":{"Value":"Ohjaimen tyyppi","Language":"FI"}}}]},{"ID":5110,"SortNo":"28","FeatureGroup":{"ID":"70","Name":{"Value":"Mikrofoni","Language":"FI"}},"Features":[{"Localized":0,"ID":508036138,"LocalID":0,"Type":"dropdown","Value":"Boom microphone","CategoryFeatureId":"320987","CategoryFeatureGroupID":"5110","SortNo":"297","PresentationValue":"Puomi","RawValue":"Boom microphone","LocalValue":"Puomi","Description":"The characteristics of the microphone bulit into the device in terms of the reception of signals from all or just one direction, i.e. omnidirectional (better for concerts and the like vs unidirectional, more suitable for voice recording.","Mandatory":"1","Searchable":"1","Optional":"0","Feature":{"ID":"15803","Sign":"","Measure":{"ID":"29","Sign":"","Signs":{"ID":"","_":"","Language":"FI"}},"Name":{"Value":"Mikrofonityyppi","Language":"FI"}}},{"Localized":0,"ID":508036156,"LocalID":0,"Type":"dropdown","Value":"Unidirectional microphone","CategoryFeatureId":"109186","CategoryFeatureGroupID":"5110","SortNo":"0","PresentationValue":"Yksisuuntainen","RawValue":"Unidirectional microphone","LocalValue":"Yksisuuntainen","Description":"","Mandatory":"0","Searchable":"0","Optional":"0","Feature":{"ID":"2458","Sign":"","Measure":{"ID":"29","Sign":"","Signs":{"ID":"","_":"","Language":"FI"}},"Name":{"Value":"Mikrofonin suuntatyyppi","Language":"FI"}}},{"Localized":0,"ID":508036154,"LocalID":0,"Type":"y_n","Value":"Y","CategoryFeatureId":"175486","CategoryFeatureGroupID":"5110","SortNo":"0","PresentationValue":"Kyllä","RawValue":"Y","LocalValue":"Kyllä","Description":"","Mandatory":"0","Searchable":"0","Optional":"0","Feature":{"ID":"27576","Sign":"","Measure":{"ID":"26","Sign":"","Signs":{"ID":"","_":"","Language":"FI"}},"Name":{"Value":"Irrotettava mikrofoni","Language":"FI"}}},{"Localized":0,"ID":508036157,"LocalID":0,"Type":"numerical","Value":"1","CategoryFeatureId":"321124","CategoryFeatureGroupID":"5110","SortNo":"0","PresentationValue":"1","RawValue":"1","LocalValue":"1","Description":"","Mandatory":"0","Searchable":"0","Optional":"0","Feature":{"ID":"7252","Sign":"","Measure":{"ID":"29","Sign":"","Signs":{"ID":"","_":"","Language":"FI"}},"Name":{"Value":"Mikrofonien lukumäärä","Language":"FI"}}}]},{"ID":6263,"SortNo":"24","FeatureGroup":{"ID":"143","Name":{"Value":"Akku","Language":"FI"}},"Features":[{"Localized":0,"ID":508036182,"LocalID":0,"Type":"numerical","Value":"45","CategoryFeatureId":"43233","CategoryFeatureGroupID":"6263","SortNo":"13","PresentationValue":"45 h","RawValue":"45","LocalValue":"45","Description":"Keskimääräinen tuntimäärä jatkuvalle toistolle. Tämä on riippuvainen käytettävissä olevan muistin määrästä ja mp3:n bittinopeudesta","Mandatory":"0","Searchable":"0","Optional":"0","Feature":{"ID":"2169","Sign":"","Measure":{"ID":"46","Sign":"","Signs":{"ID":"13834","_":"h","Language":"FI"}},"Name":{"Value":"Musiikin toistoaika","Language":"FI"}}}]},{"ID":5112,"SortNo":"8","FeatureGroup":{"ID":"14","Name":{"Value":"Paino ja mitat","Language":"FI"}},"Features":[{"Localized":0,"ID":508036283,"LocalID":0,"Type":"numerical","Value":"190","CategoryFeatureId":"43302","CategoryFeatureGroupID":"5112","SortNo":"50","PresentationValue":"190 mm","RawValue":"190","LocalValue":"190","Description":"The measurement or extent of something from side to side.","Mandatory":"0","Searchable":"0","Optional":"0","Feature":{"ID":"1649","Sign":"","Measure":{"ID":"24","Sign":"","Signs":{"ID":"13815","_":"mm","Language":"FI"}},"Name":{"Value":"Tuotteen leveys","Language":"FI"}}},{"Localized":0,"ID":508036284,"LocalID":0,"Type":"numerical","Value":"82","CategoryFeatureId":"43235","CategoryFeatureGroupID":"5112","SortNo":"49","PresentationValue":"82 mm","RawValue":"82","LocalValue":"82","Description":"The distance from the front to the back of something.","Mandatory":"0","Searchable":"0","Optional":"0","Feature":{"ID":"1650","Sign":"","Measure":{"ID":"24","Sign":"","Signs":{"ID":"13815","_":"mm","Language":"FI"}},"Name":{"Value":"Tuotteen syvyys","Language":"FI"}}},{"Localized":0,"ID":508036285,"LocalID":0,"Type":"numerical","Value":"222","CategoryFeatureId":"43257","CategoryFeatureGroupID":"5112","SortNo":"48","PresentationValue":"222 mm","RawValue":"222","LocalValue":"222","Description":"Tuotteen korkeus","Mandatory":"0","Searchable":"0","Optional":"0","Feature":{"ID":"1464","Sign":"","Measure":{"ID":"24","Sign":"","Signs":{"ID":"13815","_":"mm","Language":"FI"}},"Name":{"Value":"Tuotteen korkeus","Language":"FI"}}},{"Localized":0,"ID":835246424,"LocalID":0,"Type":"numerical","Value":"375","CategoryFeatureId":"41172","CategoryFeatureGroupID":"5112","SortNo":"47","PresentationValue":"375 g","RawValue":"375","LocalValue":"375","Description":"Tuotteen paino ilman pakkausta (Nettopaino). Jos mahdollista, nettopaino ilmaistaan vakiovarusteineet ja tarvikkeet mukaan laskettuna. Huomaa, että joskus valmistaja antaa kaupallisen tulkinnan tuotteen painosta, jättämällä pois  lisävarusteiden ja / tai tarvikkeiden painon.","Mandatory":"0","Searchable":"0","Optional":"0","Feature":{"ID":"94","Sign":"","Measure":{"ID":"38","Sign":"","Signs":{"ID":"13826","_":"g","Language":"FI"}},"Name":{"Value":"Paino","Language":"FI"}}}]},{"ID":5225,"SortNo":"7","FeatureGroup":{"ID":"67","Name":{"Value":"Pakkaustiedot","Language":"FI"}},"Features":[{"Localized":0,"ID":508035549,"LocalID":0,"Type":"numerical","Value":"225","CategoryFeatureId":"43281","CategoryFeatureGroupID":"5225","SortNo":"-11","PresentationValue":"225 mm","RawValue":"225","LocalValue":"225","Description":"The distance from one side of the packaging to the other.","Mandatory":"0","Searchable":"0","Optional":"0","Feature":{"ID":"3808","Sign":"","Measure":{"ID":"24","Sign":"","Signs":{"ID":"13815","_":"mm","Language":"FI"}},"Name":{"Value":"Pakkauksen leveys","Language":"FI"}}},{"Localized":0,"ID":508035545,"LocalID":0,"Type":"numerical","Value":"108","CategoryFeatureId":"43275","CategoryFeatureGroupID":"5225","SortNo":"-12","PresentationValue":"108 mm","RawValue":"108","LocalValue":"108","Description":"The distance from the front to the back of the packaging.","Mandatory":"0","Searchable":"0","Optional":"0","Feature":{"ID":"3806","Sign":"","Measure":{"ID":"24","Sign":"","Signs":{"ID":"13815","_":"mm","Language":"FI"}},"Name":{"Value":"Pakkauksen syvyys","Language":"FI"}}},{"Localized":0,"ID":508035544,"LocalID":0,"Type":"numerical","Value":"245","CategoryFeatureId":"43276","CategoryFeatureGroupID":"5225","SortNo":"-13","PresentationValue":"245 mm","RawValue":"245","LocalValue":"245","Description":"The distance from the top to the bottom of the packaging.","Mandatory":"0","Searchable":"0","Optional":"0","Feature":{"ID":"3807","Sign":"","Measure":{"ID":"24","Sign":"","Signs":{"ID":"13815","_":"mm","Language":"FI"}},"Name":{"Value":"Pakkauksen korkeus","Language":"FI"}}},{"Localized":0,"ID":508035548,"LocalID":0,"Type":"dropdown","Value":"Box","CategoryFeatureId":"43280","CategoryFeatureGroupID":"5225","SortNo":"-50","PresentationValue":"Laatikko","RawValue":"Box","LocalValue":"Laatikko","Description":"The type of product package e.g. box.","Mandatory":"0","Searchable":"0","Optional":"0","Feature":{"ID":"4463","Sign":"","Measure":{"ID":"29","Sign":"","Signs":{"ID":"","_":"","Language":"FI"}},"Name":{"Value":"Pakkaustyyppi","Language":"FI"}}}]},{"ID":12861,"SortNo":"6","FeatureGroup":{"ID":"116","Name":{"Value":"Pakkauksen sisältö","Language":"FI"}},"Features":[{"Localized":0,"ID":835246473,"LocalID":0,"Type":"y_n","Value":"Y","CategoryFeatureId":"48597","CategoryFeatureGroupID":"12861","SortNo":"12","PresentationValue":"Kyllä","RawValue":"Y","LocalValue":"Kyllä","Description":"Instructions","Mandatory":"0","Searchable":"0","Optional":"0","Feature":{"ID":"3981","Sign":"","Measure":{"ID":"26","Sign":"","Signs":{"ID":"","_":"","Language":"FI"}},"Name":{"Value":"Pika-aloitusopas","Language":"FI"}}},{"Localized":0,"ID":835246497,"LocalID":0,"Type":"y_n","Value":"Y","CategoryFeatureId":"109184","CategoryFeatureGroupID":"12861","SortNo":"10","PresentationValue":"Kyllä","RawValue":"Y","LocalValue":"Kyllä","Description":"The product includes a receiver","Mandatory":"0","Searchable":"0","Optional":"0","Feature":{"ID":"8418","Sign":"","Measure":{"ID":"26","Sign":"","Signs":{"ID":"","_":"","Language":"FI"}},"Name":{"Value":"Vastaanotin sisältyy","Language":"FI"}}},{"Localized":0,"ID":835246636,"LocalID":0,"Type":"dropdown","Value":"USB Type-A","CategoryFeatureId":"109185","CategoryFeatureGroupID":"12861","SortNo":"10","PresentationValue":"USB A-tyyppi","RawValue":"USB Type-A","LocalValue":"USB A-tyyppi","Description":"","Mandatory":"0","Searchable":"0","Optional":"0","Feature":{"ID":"8416","Sign":"","Measure":{"ID":"29","Sign":"","Signs":{"ID":"","_":"","Language":"FI"}},"Name":{"Value":"Langattoman vastaanottimen liitäntä","Language":"FI"}}},{"Localized":0,"ID":508036303,"LocalID":0,"Type":"multi_dropdown","Value":"Audio (3.5mm),USB","CategoryFeatureId":"48600","CategoryFeatureGroupID":"12861","SortNo":"0","PresentationValue":"Ääni (3ˌ5 mm), USB","RawValue":"Audio (3.5mm),USB","LocalValue":"Ääni (3ˌ5 mm), USB","Description":"","Mandatory":"0","Searchable":"0","Optional":"0","Feature":{"ID":"1830","Sign":"","Measure":{"ID":"29","Sign":"","Signs":{"ID":"","_":"","Language":"FI"}},"Name":{"Value":"Sisältää johdot","Language":"FI"}}},{"Localized":0,"ID":835245718,"LocalID":0,"Type":"numerical","Value":"1","CategoryFeatureId":"82142","CategoryFeatureGroupID":"12861","SortNo":"-5","PresentationValue":"1","RawValue":"1","LocalValue":"1","Description":"The number of products there are.","Mandatory":"0","Searchable":"0","Optional":"0","Feature":{"ID":"1675","Sign":"","Measure":{"ID":"29","Sign":"","Signs":{"ID":"","_":"","Language":"FI"}},"Name":{"Value":"Määrä","Language":"FI"}}}]},{"ID":17998,"SortNo":"3","FeatureGroup":{"ID":"198","Name":{"Value":"Logistiikkatiedot","Language":"FI"}},"Features":[{"Localized":0,"ID":508035547,"LocalID":0,"Type":"numerical","Value":"1","CategoryFeatureId":"657971","CategoryFeatureGroupID":"17998","SortNo":"0","PresentationValue":"1 kpl","RawValue":"1","LocalValue":"1","Description":"","Mandatory":"0","Searchable":"0","Optional":"1","Feature":{"ID":"20228","Sign":"","Measure":{"ID":"144","Sign":"","Signs":{"ID":"3770","_":"kpl","Language":"FI"}},"Name":{"Value":"Lukumäärä per pakkaus","Language":"FI"}}},{"Localized":0,"ID":508035541,"LocalID":0,"Type":"numerical","Value":"3","CategoryFeatureId":"165884","CategoryFeatureGroupID":"17998","SortNo":"-55","PresentationValue":"3 kpl","RawValue":"3","LocalValue":"3","Description":"","Mandatory":"0","Searchable":"0","Optional":"0","Feature":{"ID":"22659","Sign":"","Measure":{"ID":"144","Sign":"","Signs":{"ID":"3770","_":"kpl","Language":"FI"}},"Name":{"Value":"Määrä  per tuotepakkaus","Language":"FI"}}},{"Localized":0,"ID":508035542,"LocalID":0,"Type":"alphanumeric","Value":"14895229127002","CategoryFeatureId":"165885","CategoryFeatureGroupID":"17998","SortNo":"-56","PresentationValue":"14895229127002","RawValue":"14895229127002","LocalValue":"14895229127002","Description":"","Mandatory":"0","Searchable":"0","Optional":"1","Feature":{"ID":"23056","Sign":"","Measure":{"ID":"29","Sign":"","Signs":{"ID":"","_":"","Language":"FI"}},"Name":{"Value":"Tuotepakkauksen GTIN (EAN/UPC)","Language":"FI"}}},{"Localized":0,"ID":508035540,"LocalID":0,"Type":"numerical","Value":"1","CategoryFeatureId":"194718","CategoryFeatureGroupID":"17998","SortNo":"-67","PresentationValue":"1 kpl","RawValue":"1","LocalValue":"1","Description":"","Mandatory":"0","Searchable":"0","Optional":"0","Feature":{"ID":"22664","Sign":"","Measure":{"ID":"144","Sign":"","Signs":{"ID":"3770","_":"kpl","Language":"FI"}},"Name":{"Value":"Määrä toimituspakkauksessa","Language":"FI"}}},{"Localized":0,"ID":508056700,"LocalID":0,"Type":"alphanumeric","Value":"24895229127009","CategoryFeatureId":"216662","CategoryFeatureGroupID":"17998","SortNo":"-68","PresentationValue":"24895229127009","RawValue":"24895229127009","LocalValue":"24895229127009","Description":"","Mandatory":"0","Searchable":"0","Optional":"1","Feature":{"ID":"23048","Sign":"","Measure":{"ID":"29","Sign":"","Signs":{"ID":"","_":"","Language":"FI"}},"Name":{"Value":"Toimituspakkauksen GTIN (EAN/UPC)","Language":"FI"}}}]},{"ID":6259,"SortNo":"-100","FeatureGroup":{"ID":"146","Name":{"Value":"Muut ominaisuudet","Language":"FI"}},"Features":[{"Localized":0,"ID":508035546,"LocalID":0,"Type":"alphanumeric","Value":"4895229127005","CategoryFeatureId":"43240","CategoryFeatureGroupID":"6259","SortNo":"0","PresentationValue":"4895229127005","RawValue":"4895229127005","LocalValue":"4895229127005","Description":"","Mandatory":"0","Searchable":"0","Optional":"1","Feature":{"ID":"4936","Sign":"","Measure":{"ID":"29","Sign":"","Signs":{"ID":"","_":"","Language":"FI"}},"Name":{"Value":"EAN/UPC/GTIN","Language":"FI"}}}]}],"FeatureLogos":[],"ReasonsToBuy":[{"ReasonToBuyID":"74886450","Value":"Philips Precision Center (P-Center) -ohjelmisto sisältää ääniohjaimen ja mahdollistaa laitteen mukauttamisen. Voit ladata sen Ohjelmisto ja ohjaimet -sivulta valitsemalla Etsi tämän tuotteen tukipalveluita.","HighPic":"https://images.icecat.biz/img/bullets/103215348-652bc4a7d3aef023296494.jpg","HighPicSize":"0","No":"57","Title":"Philips Precision Center (P-Center) -ohjelmisto","Language":"FI","Updated":"2024-06-04 09:57:00","Origin":"RTB","IsPrivate":"0"},{"ReasonToBuyID":"74886506","Value":"Ammattilaistason langaton 2.4G-tekniikka tuottaa luotettavan, häviöttömän äänen ja minimoi viiveet peleissä","HighPic":"https://images.icecat.biz/img/bullets/103215348-652bc4b39116c362623744.jpg","HighPicSize":"0","No":"58","Title":"Langaton 2.4G-yhteys tuottaa luotettavan, häviöttömän äänen peleihin","Language":"FI","Updated":"2025-06-15 08:54:08","Origin":"RTB","IsPrivate":"0"},{"ReasonToBuyID":"74886485","Value":"DTS Headphone: X 2.0 -tekniikka sisältää 7.1-tilaäänen, ja optimaalinen spatiaalinen mallinnus takaa täyden 360 asteen äänimaailman, jotta selviydyt ja onnistut peleissä.","HighPic":"https://images.icecat.biz/img/bullets/103215348-652bc4ad4a68d555636863.jpg","HighPicSize":"0","No":"59","Title":"DTS Headphone: X 2.0 -tekniikka sisältää 7.1-tilaäänen","Language":"FI","Updated":"2025-06-15 08:54:08","Origin":"RTB","IsPrivate":"0"},{"ReasonToBuyID":"74886466","Value":"Suljetun malliset, ammattimaisten akustiikkasuunnittelijoiden virittämät 50 mm:n neodyymimagneettielementit tuottavat laajan taajuusalueen ja toistavat pelien äänet täyteläisen tarkasti","HighPic":"https://images.icecat.biz/img/bullets/103215348-652bc4a9bc85d617074626.jpg","HighPicSize":"0","No":"60","Title":"50 mm:n elementit, suljettu takaosa, viritetty pelaamiseen","Language":"FI","Updated":"2025-06-15 08:54:08","Origin":"RTB","IsPrivate":"0"},{"ReasonToBuyID":"74886531","Value":"Kiehtovat LED-valot luovat viileää pelimaailmaa PUNAISELLA, VIHREÄLLÄ ja SINISELLÄ värillä sekä sykkivällä LED-valolla","HighPic":"https://images.icecat.biz/img/bullets/103215348-652bc4b86ccd5793588313.jpg","HighPicSize":"0","No":"61","Title":"Kiehtovat LED-valot tuovat hauskuutta peliin","Language":"FI","Updated":"2025-06-15 08:54:08","Origin":"RTB","IsPrivate":"0"},{"ReasonToBuyID":"74886490","Value":"Langaton 2.4G- ja Bluetooth 5.2 -kaksoisjärjestelmä sekä kiinteä 3,5 mm:n liitäntä tukevat useaa käyttöympäristöä, kuten PC- ja Mac-tietokoneita, Xboxia, PlayStationia, Nintendo Switchiä ja mobiililaitteita","HighPic":"https://images.icecat.biz/img/bullets/103215348-652bc4af0be99549686163.jpg","HighPicSize":"0","No":"62","Title":"2.4G + BT5.2 + 3,5 mm takaavat yhteensopivuuden usean käyttöympäristön kanssa","Language":"FI","Updated":"2025-06-15 08:54:08","Origin":"RTB","IsPrivate":"0"},{"ReasonToBuyID":"74886496","Value":"Bluetooth 5.2 -yhteydellä voit yhdistää pelikuulokkeet moniin Bluetooth-tekniikkaa sisältäviin pelilaitteisiin, ja lisäksi voit vastata puheluihin ja suoratoistaa musiikkia","HighPic":"https://images.icecat.biz/img/bullets/103215348-652bc4b10023e868050797.jpg","HighPicSize":"0","No":"63","Title":"Bluetooth 5.2 -yhteydellä voi yhdistää monia laitteita","Language":"FI","Updated":"2025-06-15 08:54:08","Origin":"RTB","IsPrivate":"0"},{"ReasonToBuyID":"74886515","Value":"Erittäin pitkäkestoinen akku (yli 45 tuntia ilman LED-valoja) riittää pisimpiinkin peleihin ilman katkoksia","HighPic":"https://images.icecat.biz/img/bullets/103215348-652bc4b5c52a2419253452.jpg","HighPicSize":"0","No":"64","Title":"Erittäin pitkäkestoinen akku (yli 45 tuntia ilman LED-valoja)","Language":"FI","Updated":"2025-06-15 08:54:08","Origin":"RTB","IsPrivate":"0"}],"Reviews":[],"ProductRelated":[],"CatalogObjectCloud":{"ProductPage":{"QRCodeURL":"https://qr.icecat.biz/coc/5eaeb794-84ea-489c-917a-86c9f9bed6bc","URL":"https://coc.icecat.biz/5eaeb794-84ea-489c-917a-86c9f9bed6bc"}},"Variants":[],"ProductStory":[{"ID":"641D48BD-2C3D-468F-884E-DF32FA1A2509","URL":"https://live-html.icecat.biz/5c7854f3fac79751eb7693b3af2df044/index.html","Type":"ProductStory","ContentType":"application/zip","KeepAsUrl":"0","Description":"ProductStory","Size":"2857","IsPrivate":"0","Updated":"2025-09-09 13:36:31","Language":"FI","IsVideo":0}],"Dictionary":{"model_name":"Tuotenimi","desc":"Kuvaus","ean_code":"EAN/UPC-koodi","flash360":"3D-esittely","demo_msg_part3":"Jos sinulla ei ole Icecat-k&auml;ytt&auml;j&auml;tili&auml;, ole hyv&auml; ja rekister&ouml;idy maksutta t&auml;&auml;lt&auml;.","repairability_index":"Repairability index","zoom_panel_init":"Alkuper&auml;inen koko","cat_name":"Ryhm&auml;","product_family":"Tuoteperhe","back_to_top":"Takaisin yl&ouml;s","zoom_panel_out":"Loitonna","specs":"Tekniset tiedot","eu_product_fiche":"EU-tuoteseloste","reviews_head_name":"Arvostelut","pdf_specs":"Tuote-esite","zoom_panel_in":"L&auml;henn&auml;","html_content":"","release_date":"Julkaisup&auml;iv&auml;","demo_msg_part1":"K&auml;yt&auml;t t&auml;ll&auml; hetkell&auml; demo-k&auml;ytt&auml;j&auml;tili&auml;. Ole hyv&auml; ja k&auml;yt&auml; omaa Icecat-k&auml;ytt&auml;j&auml;tili&auml;si.","demo_insert_desc":"This is a demo of a seamless insert of an Icecat LIVE product data-sheet in your website. Imagine that this responsive data-sheet is included in the product page of your webshop.","pdf_url":"K&auml;ytt&ouml;opas","prod_code":"Tuotekoodi","supplier_name":"Tuotemerkki","video":"Video","reasons_to_buy":"Syitä ostaa","marketing_text":"Kuvaus","options_head_name":"Vaihtoehdot","product_series":"Tuotesarja","demo_msg_part2":"Icecat k&auml;ytt&auml;j&auml;tunnuksesi","link_integrate_desk":"Kuinka integroida Icecat LIVE JavaScript.","zoom_panel_dragg":"Hiirell&auml; vet&auml;minen","eu_energy_label":"EU-energiamerkintä"},"DemoAccount":false}}