{"msg":"OK","data":{"GeneralInfo":{"IcecatId":131134993,"ReleaseDate":"","EndOfLifeDate":"","Title":"Lenovo Legion Tab (8.8\", 3) Qualcomm Snapdragon 256 GB 22,4 cm (8.8\") 12 GB Wi-Fi 7 (802.11be) Android 14 musta","TitleInfo":{"GeneratedIntTitle":"Lenovo Legion Tab (8.8\", 3)","GeneratedLocalTitle":{"Value":"Lenovo Legion Tab (8.8\", 3) Qualcomm Snapdragon 256 GB 22,4 cm (8.8\") 12 GB Wi-Fi 7 (802.11be) Android 14 musta","Language":"FI"},"BrandLocalTitle":{"Value":"","Language":"FI"}},"Brand":"Lenovo","BrandID":"728","BrandLogo":"https://images.icecat.biz/img/brand/thumb/728_f3df8e9ab56b4e5ab0f5e00aa8eddb77.jpg","BrandInfo":{"BrandName":"Lenovo","BrandLocalName":"","BrandLogo":"https://images.icecat.biz/img/brand/thumb/728_f3df8e9ab56b4e5ab0f5e00aa8eddb77.jpg"},"ProductName":"Legion Tab (8.8\", 3)","ProductNameInfo":{"ProductIntName":"Legion Tab (8.8\", 3)","ProductLocalName":{"Value":"","Language":"FI"}},"BrandPartCode":"ZAEF0012SE","GTIN":["0198154681326","198154681326"],"Category":{"CategoryID":"897","Name":{"Value":"Tabletit","Language":"FI"}},"ProductFamily":{},"ProductSeries":{"SeriesID":"1"},"Description":{"ID":"104043599","LongDesc":"<b>Pelaamista, joka haastaa konsolin</b><br>Armotonta pelaamista Snapdragon®8 Gen 3:lla, jonka säteenseurantaan perustuva tekniikka tarjoaa upeita, aidontuntuisia pelikokemuksia. Nauti erittäin sujuvasta 165 FPS:n grafiikasta. Se tekee tabletista taskussa kulkevan tehokkaan pelikoneen.<br><br><b>Luovuuden vapauttamiseen</b><br>Lenovo Legion Tab Gen 3 toimii Android™ 14:n (kolme päivitystä sen käyttöiän aikana) sekä Google Playn kanssa, eli pelit eivät vanhene; ne vain paranevat. Voit pelata missä tahansa päin maailmaa milloin tahansa saaden kaiken vain yhdestä paikasta: rajattomasti hauskanpitoa yhdellä napautuksella. <br><br><b>Jäätävä voima käsiesi ulottuvilla</b><br>Nauti edistyksellisestä lämmönsäätelystä, jonka Legion Tabin jäähdytysjärjestelmä tarjoaa. 14 % suurempi ColdFront-höyrykammio ja 3D-lämmönpoistorakenne pitävät kuumuuden poissa; lämpötilat pysyvät mukavan tasaisina pidempäänkin pelatessa. Pelaa pidempään, pysy viileänä ja ylläpidä huipputason suorituskykyä jokaisessa sessiossa.","LongProductName":"Qualcomm Snapdragon 8 Gen 3 Mobile Platform (8C, 1x Cortex-X4 + 5x Cortex-A720 + 2x Cortex-A520), 12GB LPDDR5x, 256GB UFS 4.0, 8.8\" 2.5K (2560x1600) LTPS 500nits (typical) / 900nits (under HBM mode) glossy 98% DCI-P3 165Hz Touch, Qualcomm Adreno GPU, Wi-Fi 7 802.11be 2x2 + BT5.4, Front 8.0MP / Rear 13.0MP + 2.0MP, with Flashlight, Android 14 or Later","MiddleDesc":"","Disclaimer":"","ManualPDFURL":"","ManualPDFSize":"0","LeafletPDFURL":"","PDFSize":"0","URL":"https://www.lenovo.com/fi/fi/p/tablets/legion-tab-series/lenovo-legion-tab-gen-3/len103g0002","WarrantyInfo":"","Updated":"2025-09-08 21:42:10","Language":"FI"},"SummaryDescription":{"ShortSummaryDescription":"Lenovo Legion Tab (8.8\", 3), 22,4 cm (8.8\"), 2560 x 1600 pikseliä, 256 GB, 12 GB, Android 14, musta","LongSummaryDescription":"Lenovo Legion Tab (8.8\", 3). Näytön halkaisija: 22,4 cm (8.8\"), Näytön erottelutarkkuus: 2560 x 1600 pikseliä. Sisäinen tallennuskapasiteetti: 256 GB. Suoritinperhe: Qualcomm Snapdragon, Prosessorimalli: 8 Gen 3. Sisäinen muisti: 12 GB. Takakameran resoluutio (numeerinen): 13 MP, Takakameran tyyppi: Kaksoiskamera, Etukameran resoluutio (numeerinen): 8 MP, Etukamera. Wi-Fi-standardi: Wi-Fi 7 (802.11be). Paino: 350 g. Käyttöjärjestelmä asennettu: Android 14. Tuotteen väri: musta"},"BulletPoints":{"BulletPointsId":"13608398","Language":"FI","Values":["Parempaa pelaamista 8,8 tuuman PureSight-näytöllä ja 165 Hz:n virkistystaajuudella","Lisää tehoa ja suorituskykyä Snapdragon® 8 Gen 3:lla ja Legion ColdFront -jäähdytyksellä","Paranna pelattavuutta stereoäänellä, haptisella palautteella ja Legion Space -ohjelmistolla"],"Updated":"2025-09-08 21:42:10"},"GeneratedBulletPoints":{"Language":"FI","Values":["Kosketusnäyttö Mobiilitabletti musta","22,4 cm (8.8\") 2560 x 1600 pikseliä LTPS","Qualcomm Snapdragon 8 Gen 3","256 GB UFS","Kaksoiskamera 13 MP 2 MP Etukamera 8 MP","Wi-Fi 7 (802.11be) Bluetooth 5.4","Litiumioni (Li-Ion) 6550 mAh","Android 14"]},"GTINs":[{"GTIN":"0198154681326","IsApproved":true},{"GTIN":"198154681326","IsApproved":true}]},"Image":{"HighPic":"https://images.icecat.biz/img/gallery/e6fd3029c2a6e99d101d9b28fa6e71ac98a58738.jpg","HighPicSize":"858539","HighPicHeight":"2000","HighPicWidth":"2000","LowPic":"https://images.icecat.biz/img/gallery_lows/2184fa44742cdc32bcaf28b885c8b3277389015f.jpg","LowPicSize":"14742","LowPicHeight":"200","LowPicWidth":"200","Pic500x500":"https://images.icecat.biz/img/gallery_mediums/2abab4be6e15726635368298a510b11d619a57a6.jpg","Pic500x500Size":"73607","Pic500x500Height":"500","Pic500x500Width":"500","ThumbPic":"https://images.icecat.biz/img/gallery_thumbs/c10919867d40144ef4d70528ed02d71062b094d8.jpg","ThumbPicSize":"3742"},"Multimedia":[{"ID":"3529924E-C6A9-4228-A4E0-B34804D47AA2","URL":"https://objects.icecat.biz/objects/131134993_64419588.mp4","Type":"video/mp4","ContentType":"video/mp4","KeepAsUrl":"0","Description":"360","Size":"11502300","IsPrivate":"0","Updated":"2025-05-04 16:10:01","Language":"","IsVideo":1,"ThumbUrl":"https://objects.icecat.biz/objects/thumb/131134993_64419588_thumb.png","PreviewUrl":"https://objects.icecat.biz/objects/preview/131134993_64419588_preview.png"},{"ID":"00000000-0000-0000-0000-000000000000","URL":"https://icecat.biz/rest/product-pdf?productId=131134993&lang=fi","Type":"leaflet","ContentType":"application/pdf","KeepAsUrl":"0","Description":"Brochure Lenovo ZAEF0012SE","Size":"0","IsPrivate":"0","Updated":"2025-09-09 12:04:49","Language":"FI","IsVideo":0}],"Gallery":[{"ID":"113579330","LowPic":"https://images.icecat.biz/img/gallery_lows/2184fa44742cdc32bcaf28b885c8b3277389015f.jpg","LowSize":"14742","LowHeight":"200","LowWidth":"200","ThumbPic":"https://images.icecat.biz/img/gallery_thumbs/c10919867d40144ef4d70528ed02d71062b094d8.jpg","ThumbPicSize":"3742","Pic":"https://images.icecat.biz/img/gallery/e6fd3029c2a6e99d101d9b28fa6e71ac98a58738.jpg","Size":"858539","PicHeight":"2000","PicWidth":"2000","Pic500x500":"https://images.icecat.biz/img/gallery_mediums/2abab4be6e15726635368298a510b11d619a57a6.jpg","Pic500x500Size":"73607","Pic500x500Height":"500","Pic500x500Width":"500","No":"1","IsMain":"Y","Updated":"2025-08-12 18:59:36","IsPrivate":"0","Type":"ProductImage","Attributes":{"OriginalFileName":""}},{"ID":"113579335","LowPic":"https://images.icecat.biz/img/gallery_lows/6cc04fc1c10f0428fa673bd315507f3269b209de.jpg","LowSize":"12900","LowHeight":"200","LowWidth":"200","ThumbPic":"https://images.icecat.biz/img/gallery_thumbs/6e02b7e8276e235a38517c6b34313c5ac2c30b21.jpg","ThumbPicSize":"3304","Pic":"https://images.icecat.biz/img/gallery/1ae27fb66fbe356f462dec08b1a677430013096b.jpg","Size":"757613","PicHeight":"2000","PicWidth":"2000","Pic500x500":"https://images.icecat.biz/img/gallery_mediums/4413c418a6f05d9ae5436005be5552e145bb3b64.jpg","Pic500x500Size":"60598","Pic500x500Height":"500","Pic500x500Width":"500","No":"2","IsMain":"N","Updated":"2025-08-12 18:59:36","IsPrivate":"0","Type":"ProductImage","Attributes":{"OriginalFileName":""}},{"ID":"113579340","LowPic":"https://images.icecat.biz/img/gallery_lows/cf28092bbec000f7e548660c3255c63ba5bcd4ed.jpg","LowSize":"13173","LowHeight":"200","LowWidth":"200","ThumbPic":"https://images.icecat.biz/img/gallery_thumbs/2e9a24293eb720a232e9ab33ad73a83ba842b5b1.jpg","ThumbPicSize":"3315","Pic":"https://images.icecat.biz/img/gallery/b307af8512cc9a78468831201049f4f677aa2807.jpg","Size":"789463","PicHeight":"2000","PicWidth":"2000","Pic500x500":"https://images.icecat.biz/img/gallery_mediums/1914a79d973e48412fe4fff117c7214bd0ac64cf.jpg","Pic500x500Size":"63031","Pic500x500Height":"500","Pic500x500Width":"500","No":"3","IsMain":"N","Updated":"2025-08-12 18:59:36","IsPrivate":"0","Type":"ProductImage","Attributes":{"OriginalFileName":""}},{"ID":"113579347","LowPic":"https://images.icecat.biz/img/gallery_lows/ff27c7fcc8b3148dfd1df2548af28630de7ef02d.jpg","LowSize":"18726","LowHeight":"200","LowWidth":"200","ThumbPic":"https://images.icecat.biz/img/gallery_thumbs/274f4938eb7cdb1b5237a8041bb263ef2cfe5ca0.jpg","ThumbPicSize":"4372","Pic":"https://images.icecat.biz/img/gallery/b4315b30b23f8cee1da6be0161c1c4c8e01e501e.jpg","Size":"1045989","PicHeight":"2000","PicWidth":"2000","Pic500x500":"https://images.icecat.biz/img/gallery_mediums/619b48f7e0031e669d56c82a70888dc630558248.jpg","Pic500x500Size":"90272","Pic500x500Height":"500","Pic500x500Width":"500","No":"4","IsMain":"N","Updated":"2025-08-12 18:59:36","IsPrivate":"0","Type":"ProductImage","Attributes":{"OriginalFileName":""}},{"ID":"113579353","LowPic":"https://images.icecat.biz/img/gallery_lows/7464f13ac0e6598087a58bfb81c9987135279b6a.jpg","LowSize":"6958","LowHeight":"200","LowWidth":"200","ThumbPic":"https://images.icecat.biz/img/gallery_thumbs/7e39527c4ef0cf017ec87295d0e771ff5ed82860.jpg","ThumbPicSize":"2077","Pic":"https://images.icecat.biz/img/gallery/8a784dcc2819fb986b0c77d7aa8a540dbcdd29ef.jpg","Size":"385693","PicHeight":"2000","PicWidth":"2000","Pic500x500":"https://images.icecat.biz/img/gallery_mediums/63d24a49470bb1adc46f6e4340784283db51c235.jpg","Pic500x500Size":"30970","Pic500x500Height":"500","Pic500x500Width":"500","No":"5","IsMain":"N","Updated":"2025-08-12 18:59:37","IsPrivate":"0","Type":"ProductImage","Attributes":{"OriginalFileName":""}},{"ID":"113579358","LowPic":"https://images.icecat.biz/img/gallery_lows/85e6f0b923f5ff005af89f66962466b8ca0220c4.jpg","LowSize":"2587","LowHeight":"200","LowWidth":"200","ThumbPic":"https://images.icecat.biz/img/gallery_thumbs/9a7f17200eb37e00febab14284dc468f7afb35b9.jpg","ThumbPicSize":"888","Pic":"https://images.icecat.biz/img/gallery/4d89ee202d21418c1d3fceb7d2b2ae1d80ef8dde.jpg","Size":"162006","PicHeight":"2000","PicWidth":"2000","Pic500x500":"https://images.icecat.biz/img/gallery_mediums/c6d03f34aed9e6c0f1f0ff465903b9b9b75cfd78.jpg","Pic500x500Size":"10923","Pic500x500Height":"500","Pic500x500Width":"500","No":"6","IsMain":"N","Updated":"2025-08-12 18:59:44","IsPrivate":"0","Type":"ProductImage","Attributes":{"OriginalFileName":""}},{"ID":"113579363","LowPic":"https://images.icecat.biz/img/gallery_lows/392e23a88499e6f21e0a7f059358bf38161a0259.jpg","LowSize":"2717","LowHeight":"200","LowWidth":"200","ThumbPic":"https://images.icecat.biz/img/gallery_thumbs/d1d231e6791a0731d1c56dc2763e62b20788af79.jpg","ThumbPicSize":"912","Pic":"https://images.icecat.biz/img/gallery/3b37796092f5059ee70823b1e66980f7ac60c97a.jpg","Size":"162852","PicHeight":"2000","PicWidth":"2000","Pic500x500":"https://images.icecat.biz/img/gallery_mediums/d196e25e959fd10753ea2722e87c314cff79a40d.jpg","Pic500x500Size":"10947","Pic500x500Height":"500","Pic500x500Width":"500","No":"7","IsMain":"N","Updated":"2025-08-12 18:59:44","IsPrivate":"0","Type":"ProductImage","Attributes":{"OriginalFileName":""}},{"ID":"113579366","LowPic":"https://images.icecat.biz/img/gallery_lows/2ab03a2f3baf61155297aa2b11807a41f049d193.jpg","LowSize":"1937","LowHeight":"200","LowWidth":"200","ThumbPic":"https://images.icecat.biz/img/gallery_thumbs/fd623e508f997de4601c35543cce38a1b7510eaa.jpg","ThumbPicSize":"840","Pic":"https://images.icecat.biz/img/gallery/12a59fdf48e86a56c8369fc1e5813a792d0a64f7.jpg","Size":"120662","PicHeight":"2000","PicWidth":"2000","Pic500x500":"https://images.icecat.biz/img/gallery_mediums/09f4a7aab4d7c3eddb6d8f5d154b47c39375257f.jpg","Pic500x500Size":"8724","Pic500x500Height":"500","Pic500x500Width":"500","No":"8","IsMain":"N","Updated":"2025-08-12 18:59:44","IsPrivate":"0","Type":"ProductImage","Attributes":{"OriginalFileName":""}},{"ID":"113579370","LowPic":"https://images.icecat.biz/img/gallery_lows/44987b68a2a80909d1b029e0f06ae894ff177dd9.jpg","LowSize":"1940","LowHeight":"200","LowWidth":"200","ThumbPic":"https://images.icecat.biz/img/gallery_thumbs/70b837ed8feb2f40c20f517cc41753dd70a91565.jpg","ThumbPicSize":"785","Pic":"https://images.icecat.biz/img/gallery/7055ce80aa39fc876ae3e0efc4a8823acdd49727.jpg","Size":"120088","PicHeight":"2000","PicWidth":"2000","Pic500x500":"https://images.icecat.biz/img/gallery_mediums/56c876ff57eeef11386e2d9941c084f6bf376e78.jpg","Pic500x500Size":"8357","Pic500x500Height":"500","Pic500x500Width":"500","No":"9","IsMain":"N","Updated":"2025-08-12 18:59:44","IsPrivate":"0","Type":"ProductImage","Attributes":{"OriginalFileName":""}},{"ID":"113579374","LowPic":"https://images.icecat.biz/img/gallery_lows/bd8033f7782565a7637d447c5e6a40c3e6ca9ed5.jpg","LowSize":"7672","LowHeight":"200","LowWidth":"200","ThumbPic":"https://images.icecat.biz/img/gallery_thumbs/9e4fcb185aea43ac9128f570eb04215241c177f7.jpg","ThumbPicSize":"2030","Pic":"https://images.icecat.biz/img/gallery/093fc92ede7448c71d77d0058d040a17fd7609f6.jpg","Size":"781866","PicHeight":"2000","PicWidth":"2000","Pic500x500":"https://images.icecat.biz/img/gallery_mediums/b2b45176a3ffccdfc78a161bad74df0d878a2d49.jpg","Pic500x500Size":"40592","Pic500x500Height":"500","Pic500x500Width":"500","No":"10","IsMain":"N","Updated":"2025-08-12 18:59:46","IsPrivate":"0","Type":"ProductImage","Attributes":{"OriginalFileName":""}},{"ID":"113579375","LowPic":"https://images.icecat.biz/img/gallery_lows/0f74ca501969680a2acdf9d69ee6efcc5a5ea95f.jpg","LowSize":"7318","LowHeight":"200","LowWidth":"200","ThumbPic":"https://images.icecat.biz/img/gallery_thumbs/360fa1fc6b397e5d79f61d05304b31a0685c6e7e.jpg","ThumbPicSize":"1883","Pic":"https://images.icecat.biz/img/gallery/d308610369d9d8e889d24703533ad906f6b32bc1.jpg","Size":"788080","PicHeight":"2000","PicWidth":"2000","Pic500x500":"https://images.icecat.biz/img/gallery_mediums/de1a4148d37cc30852fc468522335fcc6748d9d3.jpg","Pic500x500Size":"39589","Pic500x500Height":"500","Pic500x500Width":"500","No":"11","IsMain":"N","Updated":"2025-08-12 18:59:46","IsPrivate":"0","Type":"ProductImage","Attributes":{"OriginalFileName":""}},{"ID":"113579376","LowPic":"https://images.icecat.biz/img/gallery_lows/bc38bc4f3c4f53ff588fc6ebf773ced017d74a71.jpg","LowSize":"7879","LowHeight":"200","LowWidth":"200","ThumbPic":"https://images.icecat.biz/img/gallery_thumbs/ca2e9ac0ee367ed41ea51732fa6aa9c9414a79d1.jpg","ThumbPicSize":"2131","Pic":"https://images.icecat.biz/img/gallery/a042f4238dc654ae14640d50c9974c07169cc59f.jpg","Size":"902213","PicHeight":"2000","PicWidth":"2000","Pic500x500":"https://images.icecat.biz/img/gallery_mediums/ddf5b588e2c924fff2d0dad70b4705394265fe4d.jpg","Pic500x500Size":"43548","Pic500x500Height":"500","Pic500x500Width":"500","No":"12","IsMain":"N","Updated":"2025-08-12 18:59:46","IsPrivate":"0","Type":"ProductImage","Attributes":{"OriginalFileName":""}},{"ID":"113579380","LowPic":"https://images.icecat.biz/img/gallery_lows/33f03d75b83a0d9c57116590f0b5b36aa3015fd0.jpg","LowSize":"9954","LowHeight":"200","LowWidth":"200","ThumbPic":"https://images.icecat.biz/img/gallery_thumbs/8a47ad3ac2f394440f917692092f95e9aeb31e55.jpg","ThumbPicSize":"2417","Pic":"https://images.icecat.biz/img/gallery/aa0affaffcf55172bacf0a1e60e2989351b6df87.jpg","Size":"1142464","PicHeight":"2000","PicWidth":"2000","Pic500x500":"https://images.icecat.biz/img/gallery_mediums/11d4294b6a05647140a59e0cb360012131071583.jpg","Pic500x500Size":"56887","Pic500x500Height":"500","Pic500x500Width":"500","No":"13","IsMain":"N","Updated":"2025-08-12 18:59:47","IsPrivate":"0","Type":"ProductImage","Attributes":{"OriginalFileName":""}},{"ID":"113579384","LowPic":"https://images.icecat.biz/img/gallery_lows/f3daa948d8074c530cffc090f9fbb3ac3c94639e.jpg","LowSize":"25873","LowHeight":"113","LowWidth":"200","ThumbPic":"https://images.icecat.biz/img/gallery_thumbs/11a97dd6cd2b99e5de861061061ac06181ab88b1.jpg","ThumbPicSize":"5344","Pic":"https://images.icecat.biz/img/gallery/cfa75f3a6b54da3f63b2ab5f8e12071f6b514443.jpg","Size":"1269767","PicHeight":"1125","PicWidth":"2000","Pic500x500":"https://images.icecat.biz/img/gallery_mediums/7b5fb806b5e7d813ca9709e763cd212be6dd7552.jpg","Pic500x500Size":"124336","Pic500x500Height":"281","Pic500x500Width":"500","No":"14","IsMain":"N","Updated":"2025-08-12 18:59:58","IsPrivate":"0","Type":"ProductImage","Attributes":{"OriginalFileName":""}},{"ID":"113579388","LowPic":"https://images.icecat.biz/img/gallery_lows/726c47aac610696d0f743e3920ad1cd8428b59d3.jpg","LowSize":"25913","LowHeight":"113","LowWidth":"200","ThumbPic":"https://images.icecat.biz/img/gallery_thumbs/257f0161037a46b817a77b97ec8fa20d65104bc6.jpg","ThumbPicSize":"5876","Pic":"https://images.icecat.biz/img/gallery/9f7a25561a36b0fbf6742ea640a4106e78d8763c.jpg","Size":"1084547","PicHeight":"1125","PicWidth":"2000","Pic500x500":"https://images.icecat.biz/img/gallery_mediums/b6c441306a0624ac33fea58880c3560248023aee.jpg","Pic500x500Size":"118126","Pic500x500Height":"281","Pic500x500Width":"500","No":"15","IsMain":"N","Updated":"2025-08-12 18:59:58","IsPrivate":"0","Type":"ProductImage","Attributes":{"OriginalFileName":""}},{"ID":"113579393","LowPic":"https://images.icecat.biz/img/gallery_lows/6c4ee0d7db8a8c901c503a56afd95d97570c2b3e.jpg","LowSize":"28862","LowHeight":"113","LowWidth":"200","ThumbPic":"https://images.icecat.biz/img/gallery_thumbs/cc3a1dffa9dbbec69d6507fecea92dda53ae2c32.jpg","ThumbPicSize":"5956","Pic":"https://images.icecat.biz/img/gallery/d8a5948710c36f8eb6038098b754e0fad045ad6d.jpg","Size":"1615650","PicHeight":"1125","PicWidth":"2000","Pic500x500":"https://images.icecat.biz/img/gallery_mediums/bea7329c2bd94f59fbc6fe491d85bf8b663a4695.jpg","Pic500x500Size":"142103","Pic500x500Height":"281","Pic500x500Width":"500","No":"16","IsMain":"N","Updated":"2025-08-12 18:59:58","IsPrivate":"0","Type":"ProductImage","Attributes":{"OriginalFileName":""}},{"ID":"113579397","LowPic":"https://images.icecat.biz/img/gallery_lows/8145c190373e905b6788917697257fcbe2aefc9a.jpg","LowSize":"25846","LowHeight":"113","LowWidth":"200","ThumbPic":"https://images.icecat.biz/img/gallery_thumbs/242a00ce594749e94cced16277e01d83f2609cc2.jpg","ThumbPicSize":"5349","Pic":"https://images.icecat.biz/img/gallery/ba400fac427f503549862bffcbeedd205d13c357.jpg","Size":"1229387","PicHeight":"1125","PicWidth":"2000","Pic500x500":"https://images.icecat.biz/img/gallery_mediums/46810f467a8079183550230d74c3d6e5ccd9f7dc.jpg","Pic500x500Size":"124899","Pic500x500Height":"281","Pic500x500Width":"500","No":"17","IsMain":"N","Updated":"2025-08-12 18:59:58","IsPrivate":"0","Type":"ProductImage","Attributes":{"OriginalFileName":""}},{"ID":"113579402","LowPic":"https://images.icecat.biz/img/gallery_lows/0ab70203ff7b003d094460ac324156a6354d41ee.jpg","LowSize":"21408","LowHeight":"113","LowWidth":"200","ThumbPic":"https://images.icecat.biz/img/gallery_thumbs/ff1ea21b3ff0e8a5a95cb72ea4c961e122d44d93.jpg","ThumbPicSize":"4751","Pic":"https://images.icecat.biz/img/gallery/99871a31680a8862ecae6cdcd622f7282d84a434.jpg","Size":"928049","PicHeight":"1125","PicWidth":"2000","Pic500x500":"https://images.icecat.biz/img/gallery_mediums/7637b4c36d80dfb86e1f1936f5a262f15f35c8f4.jpg","Pic500x500Size":"98760","Pic500x500Height":"281","Pic500x500Width":"500","No":"18","IsMain":"N","Updated":"2025-08-12 19:00:08","IsPrivate":"0","Type":"ProductImage","Attributes":{"OriginalFileName":""}},{"ID":"113579413","LowPic":"https://images.icecat.biz/img/gallery_lows/088b2d0b0333508aebdb7db4f19dabc6af41829e.jpg","LowSize":"21475","LowHeight":"113","LowWidth":"200","ThumbPic":"https://images.icecat.biz/img/gallery_thumbs/daad6ea71fe27120cb0964bfc1afdc13fefe57d2.jpg","ThumbPicSize":"4665","Pic":"https://images.icecat.biz/img/gallery/bd8acc149e5a46ca175abdf1a15ce33bd1a5dcea.jpg","Size":"1237330","PicHeight":"1125","PicWidth":"2000","Pic500x500":"https://images.icecat.biz/img/gallery_mediums/418c47ea883df931fc5473f08712a52f9ef4cc1d.jpg","Pic500x500Size":"108522","Pic500x500Height":"281","Pic500x500Width":"500","No":"19","IsMain":"N","Updated":"2025-08-12 19:00:09","IsPrivate":"0","Type":"ProductImage","Attributes":{"OriginalFileName":""}},{"ID":"113579416","LowPic":"https://images.icecat.biz/img/gallery_lows/8aba14e71cf888f70c627689fdfdf9dc98eacbb9.jpg","LowSize":"11105","LowHeight":"113","LowWidth":"200","ThumbPic":"https://images.icecat.biz/img/gallery_thumbs/a53d3f440719d89fadc67c98ad86f11c1fb175fb.jpg","ThumbPicSize":"2770","Pic":"https://images.icecat.biz/img/gallery/5c29c9868ddd14f24b671d5f1e61191301c25347.jpg","Size":"611954","PicHeight":"1125","PicWidth":"2000","Pic500x500":"https://images.icecat.biz/img/gallery_mediums/ad67326cebeec279892bcd61869187c7918bf9a6.jpg","Pic500x500Size":"52037","Pic500x500Height":"281","Pic500x500Width":"500","No":"20","IsMain":"N","Updated":"2025-08-12 19:00:09","IsPrivate":"0","Type":"ProductImage","Attributes":{"OriginalFileName":""}},{"ID":"113579420","LowPic":"https://images.icecat.biz/img/gallery_lows/0de383c7c129febfb6422d7eb6fed63f787e14c0.jpg","LowSize":"16026","LowHeight":"113","LowWidth":"200","ThumbPic":"https://images.icecat.biz/img/gallery_thumbs/af2c167f7c294ae29e574a430482f7677d914afb.jpg","ThumbPicSize":"3829","Pic":"https://images.icecat.biz/img/gallery/6c61650e4a4ee19a5e53c6c94aead7a2883192fb.jpg","Size":"875834","PicHeight":"1125","PicWidth":"2000","Pic500x500":"https://images.icecat.biz/img/gallery_mediums/fc5a68eb4ea7805429e9a54fc5205ae27d576738.jpg","Pic500x500Size":"67861","Pic500x500Height":"281","Pic500x500Width":"500","No":"21","IsMain":"N","Updated":"2025-08-12 19:00:10","IsPrivate":"0","Type":"ProductImage","Attributes":{"OriginalFileName":""}},{"ID":"113579422","LowPic":"https://images.icecat.biz/img/gallery_lows/3eb317bdc51e83986be489038bd8003765b13f7c.jpg","LowSize":"22186","LowHeight":"113","LowWidth":"200","ThumbPic":"https://images.icecat.biz/img/gallery_thumbs/cf41f61b8b7b843e60d40f65049e278aa8c8e93f.jpg","ThumbPicSize":"4783","Pic":"https://images.icecat.biz/img/gallery/7786e5df547ddc915cc6d4744776d9d9b75a6aeb.jpg","Size":"1510274","PicHeight":"1125","PicWidth":"2000","Pic500x500":"https://images.icecat.biz/img/gallery_mediums/5ba020d675d18f1e25e25fffdae574c6e59e0961.jpg","Pic500x500Size":"110469","Pic500x500Height":"281","Pic500x500Width":"500","No":"22","IsMain":"N","Updated":"2025-08-12 19:00:10","IsPrivate":"0","Type":"ProductImage","Attributes":{"OriginalFileName":""}},{"ID":"113579441","LowPic":"https://images.icecat.biz/img/gallery_lows/c34749f5643085e1591255b00331666ff3c19d47.jpg","LowSize":"20330","LowHeight":"113","LowWidth":"200","ThumbPic":"https://images.icecat.biz/img/gallery_thumbs/89e983ea02465d13ddd18d41d374c375a8fb1289.jpg","ThumbPicSize":"4492","Pic":"https://images.icecat.biz/img/gallery/de0c984e679a2b3858818a05aca64dc59a71af06.jpg","Size":"955914","PicHeight":"1125","PicWidth":"2000","Pic500x500":"https://images.icecat.biz/img/gallery_mediums/2d6b8af90d14452d6218c373243f165fe4847d44.jpg","Pic500x500Size":"89913","Pic500x500Height":"281","Pic500x500Width":"500","No":"23","IsMain":"N","Updated":"2025-08-12 19:00:52","IsPrivate":"0","Type":"ProductImage","Attributes":{"OriginalFileName":""}}],"FeaturesGroups":[{"ID":833,"SortNo":"110","FeatureGroup":{"ID":"5","Name":{"Value":"Näyttö","Language":"FI"}},"Features":[{"Localized":0,"ID":773034936,"LocalID":0,"Type":"numerical","Value":"8.8","CategoryFeatureId":"11611","CategoryFeatureGroupID":"833","SortNo":"99","PresentationValue":"22,4 cm (8.8\")","RawValue":"8.8","LocalValue":"22,4","Description":"Tämän tuotteen näytön koko, ilmaistuna diagonaalin tuumina.","Mandatory":"1","Searchable":"1","Optional":"0","Feature":{"ID":"944","Sign":"","Measure":{"ID":"16","Sign":"","Signs":{"ID":"3161","_":"\"","Language":"FI"}},"Name":{"Value":"Näytön halkaisija","Language":"FI"}}},{"Localized":0,"ID":773034939,"LocalID":0,"Type":"2d","Value":"2560 x 1600","CategoryFeatureId":"30350","CategoryFeatureGroupID":"833","SortNo":"38","PresentationValue":"2560 x 1600 pikseliä","RawValue":"2560 x 1600","LocalValue":"2560 x 1600","Description":"Järjestelmän näytön resoluutio.","Mandatory":"1","Searchable":"0","Optional":"0","Feature":{"ID":"1585","Sign":"","Measure":{"ID":"39","Sign":"","Signs":{"ID":"13827","_":"pikseliä","Language":"FI"}},"Name":{"Value":"Näytön erottelutarkkuus","Language":"FI"}}},{"Localized":0,"ID":773034951,"LocalID":0,"Type":"numerical","Value":"165","CategoryFeatureId":"974995","CategoryFeatureGroupID":"833","SortNo":"37","PresentationValue":"165 Hz","RawValue":"165","LocalValue":"165","Description":"","Mandatory":"0","Searchable":"0","Optional":"0","Feature":{"ID":"7450","Sign":"","Measure":{"ID":"36","Sign":"","Signs":{"ID":"13824","_":"Hz","Language":"FI"}},"Name":{"Value":"Suurin päivitystaajuus","Language":"FI"}}},{"Localized":0,"ID":773034952,"LocalID":0,"Type":"y_n","Value":"Y","CategoryFeatureId":"45723","CategoryFeatureGroupID":"833","SortNo":"36","PresentationValue":"Kyllä","RawValue":"Y","LocalValue":"Kyllä","Description":"A backlight is a form of illumination used in liquid crystal displays (LCDs). One type of backlight is made by LEDs","Mandatory":"0","Searchable":"0","Optional":"0","Feature":{"ID":"6784","Sign":"","Measure":{"ID":"26","Sign":"","Signs":{"ID":"","_":"","Language":"FI"}},"Name":{"Value":"LED-taustavalo","Language":"FI"}}},{"Localized":0,"ID":773034934,"LocalID":0,"Type":"dropdown","Value":"LTPS","CategoryFeatureId":"710616","CategoryFeatureGroupID":"833","SortNo":"36","PresentationValue":"LTPS","RawValue":"LTPS","LocalValue":"LTPS","Description":"","Mandatory":"1","Searchable":"1","Optional":"0","Feature":{"ID":"15285","Sign":"","Measure":{"ID":"29","Sign":"","Signs":{"ID":"","_":"","Language":"FI"}},"Name":{"Value":"Paneelin tyyppi","Language":"FI"}}},{"Localized":0,"ID":773034958,"LocalID":0,"Type":"numerical","Value":"500","CategoryFeatureId":"45724","CategoryFeatureGroupID":"833","SortNo":"35","PresentationValue":"500 cd/m²","RawValue":"500","LocalValue":"500","Description":"Kirkkaus on määrä säteilevän valon näytöstä. Kirkkaus luokitus mitataan candellas neliömetriä kohden; kutsutaan yleisesti \"saivareet\".","Mandatory":"0","Searchable":"0","Optional":"0","Feature":{"ID":"1389","Sign":"","Measure":{"ID":"43","Sign":"","Signs":{"ID":"13831","_":"cd/m²","Language":"FI"}},"Name":{"Value":"Näytön kirkkaus","Language":"FI"}}},{"Localized":0,"ID":773034935,"LocalID":0,"Type":"dropdown","Value":"2.5K","CategoryFeatureId":"294856","CategoryFeatureGroupID":"833","SortNo":"0","PresentationValue":"2.5K","RawValue":"2.5K","LocalValue":"2.5K","Description":"Type of supported High Definition (e.g. Full HD, 4K Ultra HD).","Mandatory":"0","Searchable":"0","Optional":"0","Feature":{"ID":"11424","Sign":"","Measure":{"ID":"29","Sign":"","Signs":{"ID":"","_":"","Language":"FI"}},"Name":{"Value":"HD-tyyppi","Language":"FI"}}},{"Localized":0,"ID":773034957,"LocalID":0,"Type":"dropdown","Value":"16:9","CategoryFeatureId":"684422","CategoryFeatureGroupID":"833","SortNo":"-1","PresentationValue":"16:9","RawValue":"16:9","LocalValue":"16:9","Description":"The aspect ratio is the ratio of the width of an image to its height. The native aspect ratio is the one which the projector/display is particularly designed for. Images shown in native aspect ratio will utilize the entire resolution of the display and achieve maximum brightness. Images shown in other than native aspect ratio will always have less resolution and less brightness than images shown in native aspect ratio.","Mandatory":"0","Searchable":"0","Optional":"0","Feature":{"ID":"11417","Sign":"","Measure":{"ID":"29","Sign":"","Signs":{"ID":"","_":"","Language":"FI"}},"Name":{"Value":"Vakiokuvasuhde","Language":"FI"}}}]},{"ID":830,"SortNo":"100","FeatureGroup":{"ID":"1","Name":{"Value":"Prosessori","Language":"FI"}},"Features":[{"Localized":0,"ID":773034950,"LocalID":0,"Type":"dropdown","Value":"Qualcomm","CategoryFeatureId":"102551","CategoryFeatureGroupID":"830","SortNo":"1001050","PresentationValue":"Qualcomm","RawValue":"Qualcomm","LocalValue":"Qualcomm","Description":"The manufacturer that produced the processor.","Mandatory":"1","Searchable":"0","Optional":"0","Feature":{"ID":"1013","Sign":"","Measure":{"ID":"29","Sign":"","Signs":{"ID":"","_":"","Language":"FI"}},"Name":{"Value":"Suoritinvalmistaja","Language":"FI"}}},{"Localized":0,"ID":773034932,"LocalID":0,"Type":"dropdown","Value":"Qualcomm Snapdragon","CategoryFeatureId":"11580","CategoryFeatureGroupID":"830","SortNo":"900","PresentationValue":"Qualcomm Snapdragon","RawValue":"Qualcomm Snapdragon","LocalValue":"Qualcomm Snapdragon","Description":"Prosessorisarja johon prosessori kuuluu.","Mandatory":"1","Searchable":"0","Optional":"0","Feature":{"ID":"2196","Sign":"","Measure":{"ID":"29","Sign":"","Signs":{"ID":"","_":"","Language":"FI"}},"Name":{"Value":"Suoritinperhe","Language":"FI"}}},{"Localized":0,"ID":773034938,"LocalID":0,"Type":"dropdown","Value":"8 Gen 3","CategoryFeatureId":"6931","CategoryFeatureGroupID":"830","SortNo":"800","PresentationValue":"8 Gen 3","RawValue":"8 Gen 3","LocalValue":"8 Gen 3","Description":"The model number for the processor in a computer.","Mandatory":"1","Searchable":"0","Optional":"0","Feature":{"ID":"47","Sign":"","Measure":{"ID":"29","Sign":"","Signs":{"ID":"","_":"","Language":"FI"}},"Name":{"Value":"Prosessorimalli","Language":"FI"}}},{"Localized":0,"ID":773034931,"LocalID":0,"Type":"numerical","Value":"8","CategoryFeatureId":"57773","CategoryFeatureGroupID":"830","SortNo":"300","PresentationValue":"8","RawValue":"8","LocalValue":"8","Description":"The number of central processing units ('cores') in a processor. Some processors have 1 core","Mandatory":"0","Searchable":"0","Optional":"0","Feature":{"ID":"6089","Sign":"","Measure":{"ID":"29","Sign":"","Signs":{"ID":"","_":"","Language":"FI"}},"Name":{"Value":"Prosessorin ytimet","Language":"FI"}}},{"Localized":0,"ID":773379152,"LocalID":0,"Type":"numerical","Value":"3.3","CategoryFeatureId":"91856","CategoryFeatureGroupID":"830","SortNo":"290","PresentationValue":"3,3 GHz","RawValue":"3.3","LocalValue":"3,3","Description":"Turbo-toiminto on prosessorin automaattinen, hallittu kiihdytys kun yksi ytimistä on ylikuormitettu.","Mandatory":"0","Searchable":"0","Optional":"0","Feature":{"ID":"7978","Sign":"","Measure":{"ID":"37","Sign":"","Signs":{"ID":"13825","_":"GHz","Language":"FI"}},"Name":{"Value":"Suorittimen boost-taajuus","Language":"FI"}}}]},{"ID":78570,"SortNo":"98","FeatureGroup":{"ID":"306","Name":{"Value":"Neural processor unit (NPU)","Language":"FI"}},"Features":[{"Localized":0,"ID":773379157,"LocalID":0,"Type":"dropdown","Value":"Qualcomm Hexagon","CategoryFeatureId":"950621","CategoryFeatureGroupID":"78570","SortNo":"30","PresentationValue":"Qualcomm Hexagon","RawValue":"Qualcomm Hexagon","LocalValue":"Qualcomm Hexagon","Description":"","Mandatory":"0","Searchable":"0","Optional":"0","Feature":{"ID":"47567","Sign":"","Measure":{"ID":"29","Sign":"","Signs":{"ID":"","_":"","Language":"FI"}},"Name":{"Value":"Neural processor unit (NPU)","Language":"FI"}}},{"Localized":0,"ID":773379156,"LocalID":0,"Type":"numerical","Value":"20","CategoryFeatureId":"950628","CategoryFeatureGroupID":"78570","SortNo":"16","PresentationValue":"20 TOPs","RawValue":"20","LocalValue":"20","Description":"","Mandatory":"0","Searchable":"0","Optional":"0","Feature":{"ID":"47565","Sign":"","Measure":{"ID":"496","Sign":"","Signs":{"ID":"58091","_":"TOPs","Language":"EN"}},"Name":{"Value":"NPU:n suorituskyky enintään","Language":"FI"}}}]},{"ID":832,"SortNo":"96","FeatureGroup":{"ID":"3","Name":{"Value":"Muisti","Language":"FI"}},"Features":[{"Localized":0,"ID":773034949,"LocalID":0,"Type":"numerical","Value":"12","CategoryFeatureId":"73764","CategoryFeatureGroupID":"832","SortNo":"90","PresentationValue":"12 GB","RawValue":"12","LocalValue":"12","Description":"A computer's memory which is directly accessible to the CPU.","Mandatory":"1","Searchable":"1","Optional":"0","Feature":{"ID":"11381","Sign":"","Measure":{"ID":"20","Sign":"","Signs":{"ID":"13811","_":"GB","Language":"FI"}},"Name":{"Value":"Sisäinen muisti","Language":"FI"}}},{"Localized":0,"ID":773034940,"LocalID":0,"Type":"dropdown","Value":"LPDDR5x-SDRAM","CategoryFeatureId":"34327","CategoryFeatureGroupID":"832","SortNo":"38","PresentationValue":"LPDDR5x-SDRAM","RawValue":"LPDDR5x-SDRAM","LocalValue":"LPDDR5x-SDRAM","Description":"The type of internal memory such as RAM","Mandatory":"0","Searchable":"0","Optional":"0","Feature":{"ID":"427","Sign":"","Measure":{"ID":"29","Sign":"","Signs":{"ID":"","_":"","Language":"FI"}},"Name":{"Value":"Sisäisen muistin tyyppi","Language":"FI"}}}]},{"ID":4142,"SortNo":"92","FeatureGroup":{"ID":"47","Name":{"Value":"Tallennusväline","Language":"FI"}},"Features":[{"Localized":0,"ID":773034933,"LocalID":0,"Type":"numerical","Value":"256","CategoryFeatureId":"71618","CategoryFeatureGroupID":"4142","SortNo":"402","PresentationValue":"256 GB","RawValue":"256","LocalValue":"256","Description":"The amount e.g of data which can be stored inside the device.","Mandatory":"1","Searchable":"1","Optional":"0","Feature":{"ID":"8730","Sign":"","Measure":{"ID":"20","Sign":"","Signs":{"ID":"13811","_":"GB","Language":"FI"}},"Name":{"Value":"Sisäinen tallennuskapasiteetti","Language":"FI"}}},{"Localized":0,"ID":773034981,"LocalID":0,"Type":"y_n","Value":"N","CategoryFeatureId":"21005","CategoryFeatureGroupID":"4142","SortNo":"20","PresentationValue":"Ei","RawValue":"N","LocalValue":"Ei","Description":"A card reader is a device that enables reading and, in some cases, writing data to and from a memory card.","Mandatory":"1","Searchable":"1","Optional":"0","Feature":{"ID":"3374","Sign":"","Measure":{"ID":"26","Sign":"","Signs":{"ID":"","_":"","Language":"FI"}},"Name":{"Value":"Integroitu kortinlukija","Language":"FI"}}},{"Localized":0,"ID":773034937,"LocalID":0,"Type":"dropdown","Value":"UFS","CategoryFeatureId":"105669","CategoryFeatureGroupID":"4142","SortNo":"5","PresentationValue":"UFS","RawValue":"UFS","LocalValue":"UFS","Description":"Used for the storage of date e.g. HDD (hard disk drive)","Mandatory":"1","Searchable":"0","Optional":"0","Feature":{"ID":"11441","Sign":"","Measure":{"ID":"29","Sign":"","Signs":{"ID":"","_":"","Language":"FI"}},"Name":{"Value":"Tallennusmedia","Language":"FI"}}}]},{"ID":8329,"SortNo":"86","FeatureGroup":{"ID":"163","Name":{"Value":"Grafiikka","Language":"FI"}},"Features":[{"Localized":0,"ID":773379148,"LocalID":0,"Type":"multi_dropdown","Value":"Adreno","CategoryFeatureId":"46082","CategoryFeatureGroupID":"8329","SortNo":"40","PresentationValue":"Adreno","RawValue":"Adreno","LocalValue":"Adreno","Description":"","Mandatory":"0","Searchable":"0","Optional":"0","Feature":{"ID":"7490","Sign":"","Measure":{"ID":"29","Sign":"","Signs":{"ID":"","_":"","Language":"FI"}},"Name":{"Value":"Näytönohjainperhe","Language":"FI"}}},{"Localized":0,"ID":773379107,"LocalID":0,"Type":"dropdown","Value":"Adreno GPU","CategoryFeatureId":"16583","CategoryFeatureGroupID":"8329","SortNo":"18","PresentationValue":"Adreno GPU","RawValue":"Adreno GPU","LocalValue":"Adreno GPU","Description":"","Mandatory":"0","Searchable":"0","Optional":"0","Feature":{"ID":"614","Sign":"","Measure":{"ID":"29","Sign":"","Signs":{"ID":"","_":"","Language":"FI"}},"Name":{"Value":"Näytönohjain","Language":"FI"}}}]},{"ID":846,"SortNo":"82","FeatureGroup":{"ID":"9","Name":{"Value":"Ääni","Language":"FI"}},"Features":[{"Localized":0,"ID":773034943,"LocalID":0,"Type":"numerical","Value":"2","CategoryFeatureId":"20063","CategoryFeatureGroupID":"846","SortNo":"19","PresentationValue":"2","RawValue":"2","LocalValue":"2","Description":"","Mandatory":"0","Searchable":"0","Optional":"0","Feature":{"ID":"1851","Sign":"","Measure":{"ID":"29","Sign":"","Signs":{"ID":"","_":"","Language":"FI"}},"Name":{"Value":"Sisäänrakennettujen kaiuttimien määrä","Language":"FI"}}}]},{"ID":4346,"SortNo":"80","FeatureGroup":{"ID":"95","Name":{"Value":"Kamera","Language":"FI"}},"Features":[{"Localized":0,"ID":773034977,"LocalID":0,"Type":"dropdown","Value":"Dual camera","CategoryFeatureId":"331455","CategoryFeatureGroupID":"4346","SortNo":"100","PresentationValue":"Kaksoiskamera","RawValue":"Dual camera","LocalValue":"Kaksoiskamera","Description":"Indicates the type of the camera at the back of the product, dual or single.","Mandatory":"1","Searchable":"1","Optional":"0","Feature":{"ID":"27587","Sign":"","Measure":{"ID":"29","Sign":"","Signs":{"ID":"","_":"","Language":"FI"}},"Name":{"Value":"Takakameran tyyppi","Language":"FI"}}},{"Localized":0,"ID":773034974,"LocalID":0,"Type":"numerical","Value":"13","CategoryFeatureId":"80813","CategoryFeatureGroupID":"4346","SortNo":"90","PresentationValue":"13 MP","RawValue":"13","LocalValue":"13","Description":"The resolution of the images produced with the rear camera, given in MP (megapixel. 1 MP = 1 million pixels).","Mandatory":"1","Searchable":"0","Optional":"0","Feature":{"ID":"12435","Sign":"","Measure":{"ID":"165","Sign":"","Signs":{"ID":"13942","_":"MP","Language":"FI"}},"Name":{"Value":"Takakameran resoluutio (numeerinen)","Language":"FI"}}},{"Localized":0,"ID":773034967,"LocalID":0,"Type":"numerical","Value":"2","CategoryFeatureId":"331423","CategoryFeatureGroupID":"4346","SortNo":"85","PresentationValue":"2 MP","RawValue":"2","LocalValue":"2","Description":"","Mandatory":"0","Searchable":"0","Optional":"0","Feature":{"ID":"27588","Sign":"","Measure":{"ID":"165","Sign":"","Signs":{"ID":"13942","_":"MP","Language":"FI"}},"Name":{"Value":"Toisen takakameran resoluutio (numeerinen)","Language":"FI"}}},{"Localized":0,"ID":773034955,"LocalID":0,"Type":"y_n","Value":"Y","CategoryFeatureId":"80815","CategoryFeatureGroupID":"4346","SortNo":"22","PresentationValue":"Kyllä","RawValue":"Y","LocalValue":"Kyllä","Description":"Camera at the front of the product.","Mandatory":"1","Searchable":"0","Optional":"0","Feature":{"ID":"12436","Sign":"","Measure":{"ID":"26","Sign":"","Signs":{"ID":"","_":"","Language":"FI"}},"Name":{"Value":"Etukamera","Language":"FI"}}},{"Localized":0,"ID":773034961,"LocalID":0,"Type":"numerical","Value":"8","CategoryFeatureId":"80816","CategoryFeatureGroupID":"4346","SortNo":"21","PresentationValue":"8 MP","RawValue":"8","LocalValue":"8","Description":"","Mandatory":"0","Searchable":"0","Optional":"0","Feature":{"ID":"12437","Sign":"","Measure":{"ID":"165","Sign":"","Signs":{"ID":"13942","_":"MP","Language":"FI"}},"Name":{"Value":"Etukameran resoluutio (numeerinen)","Language":"FI"}}}]},{"ID":2678,"SortNo":"74","FeatureGroup":{"ID":"35","Name":{"Value":"Verkko","Language":"FI"}},"Features":[{"Localized":0,"ID":826125210,"LocalID":0,"Type":"dropdown","Value":"Not supported","CategoryFeatureId":"328665","CategoryFeatureGroupID":"2678","SortNo":"10000405","PresentationValue":"Ei tuettu","RawValue":"Not supported","LocalValue":"Ei tuettu","Description":"","Mandatory":"0","Searchable":"0","Optional":"0","Feature":{"ID":"40629","Sign":"","Measure":{"ID":"29","Sign":"","Signs":{"ID":"","_":"","Language":"FI"}},"Name":{"Value":"Mobiiliverkon sukupolvi","Language":"FI"}}},{"Localized":0,"ID":773034946,"LocalID":0,"Type":"y_n","Value":"N","CategoryFeatureId":"328664","CategoryFeatureGroupID":"2678","SortNo":"410","PresentationValue":"Ei","RawValue":"N","LocalValue":"Ei","Description":"","Mandatory":"1","Searchable":"1","Optional":"0","Feature":{"ID":"24557","Sign":"","Measure":{"ID":"26","Sign":"","Signs":{"ID":"","_":"","Language":"FI"}},"Name":{"Value":"Mobiiliverkkoyhteys","Language":"FI"}}},{"Localized":0,"ID":773034942,"LocalID":0,"Type":"y_n","Value":"Y","CategoryFeatureId":"21000","CategoryFeatureGroupID":"2678","SortNo":"300","PresentationValue":"Kyllä","RawValue":"Y","LocalValue":"Kyllä","Description":"Bluetooth on pienitehoinen radiotekniikka, joka on kehitetty korvaamaan nykyisin käytetyt kaapelit ja johdotn linkittämään tai liittämään elektronisia laitteita, kuten tietokoneita, tulostimia, sekä erilaisia ​​kannettavia laitteita kuten matkapuhelimia. Koska se käyttää radio-aallon yhteyytä, Bluetooth-laiteella on jatkuva yhteysä käyttämäänsä selaimeen. Tämä säästää käyttäjän aikaa esimerkiksi turhilta kirjautumisilta sähköposteja tai uutisia lukiessaani.","Mandatory":"0","Searchable":"0","Optional":"0","Feature":{"ID":"2183","Sign":"","Measure":{"ID":"26","Sign":"","Signs":{"ID":"","_":"","Language":"FI"}},"Name":{"Value":"Bluetooth","Language":"FI"}}},{"Localized":0,"ID":773034953,"LocalID":0,"Type":"dropdown","Value":"5.4","CategoryFeatureId":"21001","CategoryFeatureGroupID":"2678","SortNo":"299","PresentationValue":"5.4","RawValue":"5.4","LocalValue":"5.4","Description":"The type of bluetooth technology in the product e.g. Bluetooth Smart (v4.0).","Mandatory":"0","Searchable":"0","Optional":"0","Feature":{"ID":"1208","Sign":"","Measure":{"ID":"29","Sign":"","Signs":{"ID":"","_":"","Language":"FI"}},"Name":{"Value":"Bluetooth-versio","Language":"FI"}}},{"Localized":0,"ID":773034956,"LocalID":0,"Type":"dropdown","Value":"Wi-Fi 7 (802.11be)","CategoryFeatureId":"169236","CategoryFeatureGroupID":"2678","SortNo":"85","PresentationValue":"Wi-Fi 7 (802.11be)","RawValue":"Wi-Fi 7 (802.11be)","LocalValue":"Wi-Fi 7 (802.11be)","Description":"Connection of this device is done via Wi-Fi in a high standard.","Mandatory":"1","Searchable":"0","Optional":"0","Feature":{"ID":"24993","Sign":"","Measure":{"ID":"29","Sign":"","Signs":{"ID":"","_":"","Language":"FI"}},"Name":{"Value":"Wi-Fi-standardi","Language":"FI"}}},{"Localized":0,"ID":773034945,"LocalID":0,"Type":"multi_dropdown","Value":"Wi-Fi 7 (802.11be)","CategoryFeatureId":"50074","CategoryFeatureGroupID":"2678","SortNo":"49","PresentationValue":"Wi-Fi 7 (802.11be)","RawValue":"Wi-Fi 7 (802.11be)","LocalValue":"Wi-Fi 7 (802.11be)","Description":"The type of wireless local area network (LAN). It can be ad-hoc","Mandatory":"0","Searchable":"0","Optional":"0","Feature":{"ID":"432","Sign":"","Measure":{"ID":"29","Sign":"","Signs":{"ID":"","_":"","Language":"FI"}},"Name":{"Value":"Wi-Fi-standardit","Language":"FI"}}},{"Localized":0,"ID":773034960,"LocalID":0,"Type":"dropdown","Value":"Not installed","CategoryFeatureId":"89646","CategoryFeatureGroupID":"2678","SortNo":"0","PresentationValue":"Ei asennettu","RawValue":"Not installed","LocalValue":"Ei asennettu","Description":"","Mandatory":"0","Searchable":"0","Optional":"0","Feature":{"ID":"7481","Sign":"","Measure":{"ID":"29","Sign":"","Signs":{"ID":"","_":"","Language":"FI"}},"Name":{"Value":"WWAN","Language":"FI"}}}]},{"ID":847,"SortNo":"72","FeatureGroup":{"ID":"12","Name":{"Value":"Liitettävyys","Language":"FI"}},"Features":[{"Localized":0,"ID":773034959,"LocalID":0,"Type":"numerical","Value":"1","CategoryFeatureId":"258698","CategoryFeatureGroupID":"847","SortNo":"80","PresentationValue":"1","RawValue":"1","LocalValue":"1","Description":"","Mandatory":"0","Searchable":"0","Optional":"0","Feature":{"ID":"36228","Sign":"","Measure":{"ID":"29","Sign":"","Signs":{"ID":"","_":"","Language":"FI"}},"Name":{"Value":"USB 2.0 C-tyyppisten porttien määrä","Language":"FI"}}},{"Localized":0,"ID":773034948,"LocalID":0,"Type":"numerical","Value":"1","CategoryFeatureId":"248286","CategoryFeatureGroupID":"847","SortNo":"77","PresentationValue":"1","RawValue":"1","LocalValue":"1","Description":"Number of USB 3.1 (3.1 Gen 2) ports with Type-C connector. USB 3.1 (3.1 Gen 2) is USB interface version which supports transfer rate up to 10 Gbit/s (SuperSpeed+). USB Type-C connector has symmetrical design architecture and compatible with Thunderbolt 3 interface.","Mandatory":"0","Searchable":"0","Optional":"0","Feature":{"ID":"22704","Sign":"","Measure":{"ID":"29","Sign":"","Signs":{"ID":"","_":"","Language":"FI"}},"Name":{"Value":"USB 3.2 Gen 2 (3.1 Gen 2) C-tyypin porttien määrä","Language":"FI"}}}]},{"ID":10998,"SortNo":"40","FeatureGroup":{"ID":"148","Name":{"Value":"Suunnittelu","Language":"FI"}},"Features":[{"Localized":0,"ID":773034978,"LocalID":0,"Type":"text","Value":"Eclipse Black","CategoryFeatureId":"270481","CategoryFeatureGroupID":"10998","SortNo":"600","PresentationValue":"Eclipse Black","RawValue":"Eclipse Black","LocalValue":"Eclipse Black","Description":"","Mandatory":"0","Searchable":"0","Optional":"0","Feature":{"ID":"17956","Sign":"","Measure":{"ID":"29","Sign":"","Signs":{"ID":"","_":"","Language":"FI"}},"Name":{"Value":"Värin nimi","Language":"FI"}}},{"Localized":0,"ID":773034976,"LocalID":0,"Type":"dropdown","Value":"Mobile tablet","CategoryFeatureId":"95720","CategoryFeatureGroupID":"10998","SortNo":"500","PresentationValue":"Mobiilitabletti","RawValue":"Mobile tablet","LocalValue":"Mobiilitabletti","Description":"Type or category of the device.","Mandatory":"1","Searchable":"0","Optional":"0","Feature":{"ID":"2328","Sign":"","Measure":{"ID":"29","Sign":"","Signs":{"ID":"","_":"","Language":"FI"}},"Name":{"Value":"Laitteen tyyppi","Language":"FI"}}},{"Localized":0,"ID":773379123,"LocalID":0,"Type":"dropdown","Value":"Slate","CategoryFeatureId":"7141","CategoryFeatureGroupID":"10998","SortNo":"100","PresentationValue":"Kosketusnäyttö","RawValue":"Slate","LocalValue":"Kosketusnäyttö","Description":"Kuvaus tuotteen näkyvistä ominaisuuksista.","Mandatory":"1","Searchable":"1","Optional":"0","Feature":{"ID":"771","Sign":"","Measure":{"ID":"29","Sign":"","Signs":{"ID":"","_":"","Language":"FI"}},"Name":{"Value":"Kotelo","Language":"FI"}}},{"Localized":0,"ID":773034985,"LocalID":0,"Type":"dropdown","Value":"Black","CategoryFeatureId":"35294","CategoryFeatureGroupID":"10998","SortNo":"1","PresentationValue":"musta","RawValue":"Black","LocalValue":"musta","Description":"The colour e.g. red","Mandatory":"1","Searchable":"1","Optional":"0","Feature":{"ID":"1766","Sign":"","Measure":{"ID":"29","Sign":"","Signs":{"ID":"","_":"","Language":"FI"}},"Name":{"Value":"Tuotteen väri","Language":"FI"}}}]},{"ID":11000,"SortNo":"30","FeatureGroup":{"ID":"184","Name":{"Value":"Suorituskyky","Language":"FI"}},"Features":[{"Localized":0,"ID":773034970,"LocalID":0,"Type":"y_n","Value":"N","CategoryFeatureId":"54330","CategoryFeatureGroupID":"11000","SortNo":"110","PresentationValue":"Ei","RawValue":"N","LocalValue":"Ei","Description":"Avustettu GPS, yleensä lyhennettynä A-GPS, parantaa käynnistyksen suorituskykyä GPS satelliitteihin pohjautuvilla paikannusjärjestelmillä. Sitä käytetään laajasti GPS-yhteensopivien matkapuhelimissa, sillä sen kehitystä vauhditti Yhdysvaltain FCC: n 911 toimeksianto, joka tekee matkapuhelimen sijainnin käytettäväksi hätäkeskuksille.","Mandatory":"1","Searchable":"0","Optional":"0","Feature":{"ID":"6623","Sign":"","Measure":{"ID":"26","Sign":"","Signs":{"ID":"","_":"","Language":"FI"}},"Name":{"Value":"Assisted GPS (A-GPS)","Language":"FI"}}},{"Localized":0,"ID":773034965,"LocalID":0,"Type":"y_n","Value":"Y","CategoryFeatureId":"57378","CategoryFeatureGroupID":"11000","SortNo":"20","PresentationValue":"Kyllä","RawValue":"Y","LocalValue":"Kyllä","Description":"","Mandatory":"0","Searchable":"0","Optional":"0","Feature":{"ID":"9731","Sign":"","Measure":{"ID":"26","Sign":"","Signs":{"ID":"","_":"","Language":"FI"}},"Name":{"Value":"Kiihtyvyysmittari","Language":"FI"}}},{"Localized":0,"ID":773034982,"LocalID":0,"Type":"y_n","Value":"Y","CategoryFeatureId":"56973","CategoryFeatureGroupID":"11000","SortNo":"18","PresentationValue":"Kyllä","RawValue":"Y","LocalValue":"Kyllä","Description":"","Mandatory":"0","Searchable":"0","Optional":"0","Feature":{"ID":"8720","Sign":"","Measure":{"ID":"26","Sign":"","Signs":{"ID":"","_":"","Language":"FI"}},"Name":{"Value":"Ympäristön valotunnistin","Language":"FI"}}},{"Localized":0,"ID":773034962,"LocalID":0,"Type":"y_n","Value":"Y","CategoryFeatureId":"57379","CategoryFeatureGroupID":"11000","SortNo":"16","PresentationValue":"Kyllä","RawValue":"Y","LocalValue":"Kyllä","Description":"","Mandatory":"0","Searchable":"0","Optional":"0","Feature":{"ID":"9732","Sign":"","Measure":{"ID":"26","Sign":"","Signs":{"ID":"","_":"","Language":"FI"}},"Name":{"Value":"Gyroskooppi","Language":"FI"}}},{"Localized":0,"ID":773034975,"LocalID":0,"Type":"y_n","Value":"Y","CategoryFeatureId":"57790","CategoryFeatureGroupID":"11000","SortNo":"9","PresentationValue":"Kyllä","RawValue":"Y","LocalValue":"Kyllä","Description":"","Mandatory":"0","Searchable":"0","Optional":"0","Feature":{"ID":"8698","Sign":"","Measure":{"ID":"26","Sign":"","Signs":{"ID":"","_":"","Language":"FI"}},"Name":{"Value":"Lähestymisanturi","Language":"FI"}}},{"Localized":0,"ID":773034968,"LocalID":0,"Type":"y_n","Value":"Y","CategoryFeatureId":"903469","CategoryFeatureGroupID":"11000","SortNo":"8","PresentationValue":"Kyllä","RawValue":"Y","LocalValue":"Kyllä","Description":"","Mandatory":"0","Searchable":"0","Optional":"0","Feature":{"ID":"38333","Sign":"","Measure":{"ID":"26","Sign":"","Signs":{"ID":"","_":"","Language":"FI"}},"Name":{"Value":"Hall-anturi","Language":"FI"}}},{"Localized":0,"ID":773034969,"LocalID":0,"Type":"y_n","Value":"N","CategoryFeatureId":"166075","CategoryFeatureGroupID":"11000","SortNo":"0","PresentationValue":"Ei","RawValue":"N","LocalValue":"Ei","Description":"Whether the navigation system can locate the phone's position.","Mandatory":"1","Searchable":"1","Optional":"0","Feature":{"ID":"26425","Sign":"","Measure":{"ID":"26","Sign":"","Signs":{"ID":"","_":"","Language":"FI"}},"Name":{"Value":"GPS","Language":"FI"}}}]},{"ID":12019,"SortNo":"25","FeatureGroup":{"ID":"90","Name":{"Value":"Ohjelmisto","Language":"FI"}},"Features":[{"Localized":0,"ID":773034973,"LocalID":0,"Type":"dropdown","Value":"Android","CategoryFeatureId":"164597","CategoryFeatureGroupID":"12019","SortNo":"101","PresentationValue":"Android","RawValue":"Android","LocalValue":"Android","Description":"Tekniikka-alustan kuvaus kuten prosessorista, piirisarjasta, ohjelmistotuotteista ja langallisista verkko-ominaisuuksista.","Mandatory":"1","Searchable":"1","Optional":"0","Feature":{"ID":"75","Sign":"","Measure":{"ID":"29","Sign":"","Signs":{"ID":"","_":"","Language":"FI"}},"Name":{"Value":"Käyttöalusta","Language":"FI"}}},{"Localized":0,"ID":773034983,"LocalID":0,"Type":"dropdown","Value":"Android 14","CategoryFeatureId":"20706","CategoryFeatureGroupID":"12019","SortNo":"84","PresentationValue":"Android 14","RawValue":"Android 14","LocalValue":"Android 14","Description":"Type of operating system on a device e.g. IOS on Apple devices","Mandatory":"1","Searchable":"1","Optional":"0","Feature":{"ID":"3233","Sign":"","Measure":{"ID":"29","Sign":"","Signs":{"ID":"","_":"","Language":"FI"}},"Name":{"Value":"Käyttöjärjestelmä asennettu","Language":"FI"}}}]},{"ID":7821,"SortNo":"14","FeatureGroup":{"ID":"143","Name":{"Value":"Akku","Language":"FI"}},"Features":[{"Localized":0,"ID":773034964,"LocalID":0,"Type":"y_n","Value":"Y","CategoryFeatureId":"904572","CategoryFeatureGroupID":"7821","SortNo":"55","PresentationValue":"Kyllä","RawValue":"Y","LocalValue":"Kyllä","Description":"","Mandatory":"0","Searchable":"0","Optional":"0","Feature":{"ID":"24055","Sign":"","Measure":{"ID":"26","Sign":"","Signs":{"ID":"","_":"","Language":"FI"}},"Name":{"Value":"Akku sisältyy","Language":"FI"}}},{"Localized":0,"ID":773379102,"LocalID":0,"Type":"dropdown","Value":"Lithium-Ion (Li-Ion)","CategoryFeatureId":"7140","CategoryFeatureGroupID":"7821","SortNo":"50","PresentationValue":"Litiumioni (Li-Ion)","RawValue":"Lithium-Ion (Li-Ion)","LocalValue":"Litiumioni (Li-Ion)","Description":"The type of battery in the device","Mandatory":"1","Searchable":"0","Optional":"0","Feature":{"ID":"434","Sign":"","Measure":{"ID":"29","Sign":"","Signs":{"ID":"","_":"","Language":"FI"}},"Name":{"Value":"Akkuteknologia","Language":"FI"}}},{"Localized":0,"ID":773034980,"LocalID":0,"Type":"numerical","Value":"6550","CategoryFeatureId":"34247","CategoryFeatureGroupID":"7821","SortNo":"48","PresentationValue":"6550 mAh","RawValue":"6550","LocalValue":"6550","Description":"A measure of the charge stored by the battery. Determined by the mass of active material contained in the battery.","Mandatory":"1","Searchable":"0","Optional":"0","Feature":{"ID":"909","Sign":"","Measure":{"ID":"51","Sign":"","Signs":{"ID":"13839","_":"mAh","Language":"FI"}},"Name":{"Value":"Akun kapasiteetti","Language":"FI"}}}]},{"ID":849,"SortNo":"13","FeatureGroup":{"ID":"27","Name":{"Value":"Virranhallinta","Language":"FI"}},"Features":[{"Localized":0,"ID":773379130,"LocalID":0,"Type":"alphanumeric","Value":"100 - 240","CategoryFeatureId":"31232","CategoryFeatureGroupID":"849","SortNo":"45","PresentationValue":"100 - 240 V","RawValue":"100 - 240","LocalValue":"100 - 240","Description":"","Mandatory":"0","Searchable":"0","Optional":"0","Feature":{"ID":"902","Sign":"","Measure":{"ID":"42","Sign":"","Signs":{"ID":"13830","_":"V","Language":"FI"}},"Name":{"Value":"AC-adapterin syöttöjännite","Language":"FI"}}},{"Localized":0,"ID":773379135,"LocalID":0,"Type":"alphanumeric","Value":"50 - 60","CategoryFeatureId":"31231","CategoryFeatureGroupID":"849","SortNo":"40","PresentationValue":"50 - 60 Hz","RawValue":"50 - 60","LocalValue":"50 - 60","Description":"","Mandatory":"0","Searchable":"0","Optional":"0","Feature":{"ID":"903","Sign":"","Measure":{"ID":"36","Sign":"","Signs":{"ID":"13824","_":"Hz","Language":"FI"}},"Name":{"Value":"AC-adapterin taajuus","Language":"FI"}}},{"Localized":0,"ID":773034944,"LocalID":0,"Type":"y_n","Value":"Y","CategoryFeatureId":"974881","CategoryFeatureGroupID":"849","SortNo":"0","PresentationValue":"Kyllä","RawValue":"Y","LocalValue":"Kyllä","Description":"","Mandatory":"1","Searchable":"0","Optional":"0","Feature":{"ID":"48505","Sign":"","Measure":{"ID":"26","Sign":"","Signs":{"ID":"","_":"","Language":"FI"}},"Name":{"Value":"USB C-tyypin latausportti","Language":"FI"}}}]},{"ID":82701,"SortNo":"12","FeatureGroup":{"ID":"32","Name":{"Value":"Kestoaika","Language":"FI"}},"Features":[{"Localized":0,"ID":835262506,"LocalID":0,"Type":"dropdown","Value":"D","CategoryFeatureId":"1088508","CategoryFeatureGroupID":"82701","SortNo":"50","PresentationValue":"D","RawValue":"D","LocalValue":"D","Description":"The energy efficiency of the appliance is rated in terms of a set of energy efficiency classes from A+++ to G on the label, A+++ being the most energy efficient, G the least efficient.","Mandatory":"1","Searchable":"0","Optional":"0","Feature":{"ID":"2705","Sign":"","Measure":{"ID":"29","Sign":"","Signs":{"ID":"","_":"","Language":"FI"}},"Name":{"Value":"Energialuokka","Language":"FI"}}},{"Localized":0,"ID":835262510,"LocalID":0,"Type":"dropdown","Value":"A to G","CategoryFeatureId":"1088509","CategoryFeatureGroupID":"82701","SortNo":"48","PresentationValue":"A - G","RawValue":"A to G","LocalValue":"A - G","Description":"","Mandatory":"0","Searchable":"0","Optional":"0","Feature":{"ID":"39201","Sign":"","Measure":{"ID":"29","Sign":"","Signs":{"ID":"","_":"","Language":"FI"}},"Name":{"Value":"Energiatehokkuusasteikko","Language":"FI"}}},{"Localized":0,"ID":835262796,"LocalID":0,"Type":"numerical","Value":"6232","CategoryFeatureId":"1088510","CategoryFeatureGroupID":"82701","SortNo":"46","PresentationValue":"6232 min","RawValue":"6232","LocalValue":"6232","Description":"","Mandatory":"1","Searchable":"0","Optional":"0","Feature":{"ID":"49427","Sign":"","Measure":{"ID":"66","Sign":"","Signs":{"ID":"13852","_":"min","Language":"FI"}},"Name":{"Value":"Akun kesto per sykli","Language":"FI"}}},{"Localized":0,"ID":835262694,"LocalID":0,"Type":"numerical","Value":"1000","CategoryFeatureId":"1088511","CategoryFeatureGroupID":"82701","SortNo":"44","PresentationValue":"1000","RawValue":"1000","LocalValue":"1000","Description":"","Mandatory":"1","Searchable":"0","Optional":"0","Feature":{"ID":"49429","Sign":"","Measure":{"ID":"29","Sign":"","Signs":{"ID":"","_":"","Language":"FI"}},"Name":{"Value":"Akun kesto sykleissä","Language":"FI"}}},{"Localized":0,"ID":835262913,"LocalID":0,"Type":"dropdown","Value":"E","CategoryFeatureId":"1088512","CategoryFeatureGroupID":"82701","SortNo":"42","PresentationValue":"E","RawValue":"E","LocalValue":"E","Description":"","Mandatory":"1","Searchable":"0","Optional":"0","Feature":{"ID":"49428","Sign":"","Measure":{"ID":"29","Sign":"","Signs":{"ID":"","_":"","Language":"FI"}},"Name":{"Value":"Toistuvan pudotuksen kestävyysluokka","Language":"FI"}}},{"Localized":0,"ID":835262914,"LocalID":0,"Type":"dropdown","Value":"B","CategoryFeatureId":"1088513","CategoryFeatureGroupID":"82701","SortNo":"40","PresentationValue":"B","RawValue":"B","LocalValue":"B","Description":"","Mandatory":"1","Searchable":"0","Optional":"0","Feature":{"ID":"49430","Sign":"","Measure":{"ID":"29","Sign":"","Signs":{"ID":"","_":"","Language":"FI"}},"Name":{"Value":"Korjattavuusluokka","Language":"FI"}}},{"Localized":0,"ID":835262905,"LocalID":0,"Type":"dropdown","Value":"IP52","CategoryFeatureId":"122419","CategoryFeatureGroupID":"82701","SortNo":"38","PresentationValue":"IP52","RawValue":"IP52","LocalValue":"IP52","Description":"The IP code classifies and rates the degree of protection provided against the intrusion (including body parts such as hands and fingers)","Mandatory":"1","Searchable":"0","Optional":"0","Feature":{"ID":"7900","Sign":"","Measure":{"ID":"29","Sign":"","Signs":{"ID":"","_":"","Language":"FI"}},"Name":{"Value":"International Protection (IP)-koodi","Language":"FI"}}}]},{"ID":848,"SortNo":"5","FeatureGroup":{"ID":"14","Name":{"Value":"Paino ja mitat","Language":"FI"}},"Features":[{"Localized":0,"ID":773034986,"LocalID":0,"Type":"numerical","Value":"208.54","CategoryFeatureId":"21002","CategoryFeatureGroupID":"848","SortNo":"10","PresentationValue":"208,5 mm","RawValue":"208.54","LocalValue":"208,5","Description":"The measurement or extent of something from side to side.","Mandatory":"0","Searchable":"0","Optional":"0","Feature":{"ID":"1649","Sign":"","Measure":{"ID":"24","Sign":"","Signs":{"ID":"13815","_":"mm","Language":"FI"}},"Name":{"Value":"Tuotteen leveys","Language":"FI"}}},{"Localized":0,"ID":773034972,"LocalID":0,"Type":"numerical","Value":"129.46","CategoryFeatureId":"21003","CategoryFeatureGroupID":"848","SortNo":"9","PresentationValue":"129,5 mm","RawValue":"129.46","LocalValue":"129,5","Description":"The distance from the front to the back of something.","Mandatory":"0","Searchable":"0","Optional":"0","Feature":{"ID":"1650","Sign":"","Measure":{"ID":"24","Sign":"","Signs":{"ID":"13815","_":"mm","Language":"FI"}},"Name":{"Value":"Tuotteen syvyys","Language":"FI"}}},{"Localized":0,"ID":773034979,"LocalID":0,"Type":"numerical","Value":"7.79","CategoryFeatureId":"21004","CategoryFeatureGroupID":"848","SortNo":"7","PresentationValue":"7,79 mm","RawValue":"7.79","LocalValue":"7,79","Description":"Tuotteen korkeus","Mandatory":"0","Searchable":"0","Optional":"0","Feature":{"ID":"1464","Sign":"","Measure":{"ID":"24","Sign":"","Signs":{"ID":"13815","_":"mm","Language":"FI"}},"Name":{"Value":"Tuotteen korkeus","Language":"FI"}}},{"Localized":0,"ID":773034966,"LocalID":0,"Type":"numerical","Value":"350","CategoryFeatureId":"12812","CategoryFeatureGroupID":"848","SortNo":"4","PresentationValue":"350 g","RawValue":"350","LocalValue":"350","Description":"Tuotteen paino ilman pakkausta (Nettopaino). Jos mahdollista, nettopaino ilmaistaan vakiovarusteineet ja tarvikkeet mukaan laskettuna. Huomaa, että joskus valmistaja antaa kaupallisen tulkinnan tuotteen painosta, jättämällä pois  lisävarusteiden ja / tai tarvikkeiden painon.","Mandatory":"0","Searchable":"0","Optional":"0","Feature":{"ID":"94","Sign":"","Measure":{"ID":"38","Sign":"","Signs":{"ID":"13826","_":"g","Language":"FI"}},"Name":{"Value":"Paino","Language":"FI"}}}]},{"ID":6516,"SortNo":"3","FeatureGroup":{"ID":"116","Name":{"Value":"Pakkauksen sisältö","Language":"FI"}},"Features":[{"Localized":0,"ID":773034963,"LocalID":0,"Type":"y_n","Value":"N","CategoryFeatureId":"57785","CategoryFeatureGroupID":"6516","SortNo":"10","PresentationValue":"Ei","RawValue":"N","LocalValue":"Ei","Description":"","Mandatory":"1","Searchable":"0","Optional":"0","Feature":{"ID":"1230","Sign":"","Measure":{"ID":"26","Sign":"","Signs":{"ID":"","_":"","Language":"FI"}},"Name":{"Value":"Virtalähde mukana","Language":"FI"}}}]},{"ID":41361,"SortNo":"0","FeatureGroup":{"ID":"76","Name":{"Value":"Sertifikaatit","Language":"FI"}},"Features":[{"Localized":0,"ID":773034984,"LocalID":0,"Type":"textarea","Value":"ENERGY STAR,RoHS","CategoryFeatureId":"34269","CategoryFeatureGroupID":"41361","SortNo":"-100","PresentationValue":"ENERGY STAR,RoHS","RawValue":"ENERGY STAR,RoHS","LocalValue":"ENERGY STAR,RoHS","Description":"","Mandatory":"0","Searchable":"0","Optional":"0","Feature":{"ID":"249","Sign":"","Measure":{"ID":"29","Sign":"","Signs":{"ID":"","_":"","Language":"FI"}},"Name":{"Value":"Sertifiointi","Language":"FI"}}}]},{"ID":850,"SortNo":"-10","FeatureGroup":{"ID":"28","Name":{"Value":"Ympäristöolosuhteet","Language":"FI"}},"Features":[{"Localized":0,"ID":773379141,"LocalID":0,"Type":"range","Value":"0 - 40","CategoryFeatureId":"7146","CategoryFeatureGroupID":"850","SortNo":"50","PresentationValue":"0 - 40 °C","RawValue":"0 - 40","LocalValue":"0 - 40","Description":"The minimum and maximum temperatures at which the product can be safely operated.","Mandatory":"0","Searchable":"0","Optional":"0","Feature":{"ID":"1112","Sign":"","Measure":{"ID":"65","Sign":"","Signs":{"ID":"13851","_":"°C","Language":"FI"}},"Name":{"Value":"Käyttölämpötila (T-T)","Language":"FI"}}},{"Localized":0,"ID":773379114,"LocalID":0,"Type":"range","Value":"0 - 95","CategoryFeatureId":"7145","CategoryFeatureGroupID":"850","SortNo":"43","PresentationValue":"0 - 95%","RawValue":"0 - 95","LocalValue":"0 - 95","Description":"","Mandatory":"0","Searchable":"0","Optional":"0","Feature":{"ID":"703","Sign":"","Measure":{"ID":"64","Sign":"","Signs":{"ID":"47","_":"%","Language":"EN"}},"Name":{"Value":"Käytön suhteellinen kosteus (H-H)","Language":"FI"}}}]}],"FeatureLogos":[{"LogoPic":"https://images.icecat.biz/img/feature_logo/993-1511.png","Width":"300","Height":"165","Size":"0","ThumbPic":"https://images.icecat.biz/img/feature_logo_thumbs/993-1511.png","FeatureID":"2705","Value":"D","KeyLogo":0},{"LogoPic":"https://images.icecat.biz/img/feature_logo/1242-3899.png","Width":"0","Height":"0","Size":"0","ThumbPic":"https://images.icecat.biz/img/feature_logo_thumbs/1242-3899.png","FeatureID":"1230","Value":"N","KeyLogo":1}],"ReasonsToBuy":[],"Reviews":[],"ProductRelated":[{"ID":379352439,"CategoryID":8921,"Preferred":0,"IcecatID":124508754,"ProductCode":"ZG38C06514","ThumbPic":"","ProductName":"ZG38C06514","Brand":"Lenovo","BrandID":728,"ProductRelatedLocales":[{"ID":0,"Language":"FI","Preferred":0,"StartDate":"","EndDate":""}]},{"ID":379352438,"CategoryID":2774,"Preferred":0,"IcecatID":124508753,"ProductCode":"ZG38C06505","ThumbPic":"","ProductName":"ZG38C06505","Brand":"Lenovo","BrandID":728,"ProductRelatedLocales":[{"ID":0,"Language":"FI","Preferred":0,"StartDate":"","EndDate":""}]},{"ID":326436674,"CategoryID":194,"Preferred":0,"IcecatID":120221580,"ProductCode":"ZG38C05805","ThumbPic":"","ProductName":"ZG38C05805","Brand":"Lenovo","BrandID":728,"ProductRelatedLocales":[{"ID":0,"Language":"FI","Preferred":0,"StartDate":"","EndDate":""}]},{"ID":326436672,"CategoryID":788,"Preferred":0,"IcecatID":114547837,"ProductCode":"5WS8C04304","ThumbPic":"","ProductName":"5WS8C04304","Brand":"Lenovo","BrandID":728,"ProductRelatedLocales":[{"ID":0,"Language":"FI","Preferred":0,"StartDate":"","EndDate":""}]},{"ID":326436673,"CategoryID":203,"Preferred":0,"IcecatID":113493799,"ProductCode":"ZG38C05190","ThumbPic":"","ProductName":"Tab Pen Plus","Brand":"Lenovo","BrandID":728,"ProductRelatedLocales":[{"ID":0,"Language":"FI","Preferred":0,"StartDate":"","EndDate":""}]}],"CatalogObjectCloud":{"ProductPage":{"QRCodeURL":"https://qr.icecat.biz/coc/f336e897-ba14-4c7b-b93f-ca26c19fb713","URL":"https://coc.icecat.biz/f336e897-ba14-4c7b-b93f-ca26c19fb713"}},"Variants":[],"ProductStory":[],"Dictionary":{"model_name":"Tuotenimi","desc":"Kuvaus","ean_code":"EAN/UPC-koodi","flash360":"3D-esittely","demo_msg_part3":"Jos sinulla ei ole Icecat-k&auml;ytt&auml;j&auml;tili&auml;, ole hyv&auml; ja rekister&ouml;idy maksutta t&auml;&auml;lt&auml;.","repairability_index":"Repairability index","zoom_panel_init":"Alkuper&auml;inen koko","cat_name":"Ryhm&auml;","product_family":"Tuoteperhe","back_to_top":"Takaisin yl&ouml;s","zoom_panel_out":"Loitonna","specs":"Tekniset tiedot","eu_product_fiche":"EU-tuoteseloste","reviews_head_name":"Arvostelut","pdf_specs":"Tuote-esite","zoom_panel_in":"L&auml;henn&auml;","html_content":"","release_date":"Julkaisup&auml;iv&auml;","demo_msg_part1":"K&auml;yt&auml;t t&auml;ll&auml; hetkell&auml; demo-k&auml;ytt&auml;j&auml;tili&auml;. Ole hyv&auml; ja k&auml;yt&auml; omaa Icecat-k&auml;ytt&auml;j&auml;tili&auml;si.","demo_insert_desc":"This is a demo of a seamless insert of an Icecat LIVE product data-sheet in your website. Imagine that this responsive data-sheet is included in the product page of your webshop.","pdf_url":"K&auml;ytt&ouml;opas","prod_code":"Tuotekoodi","supplier_name":"Tuotemerkki","video":"Video","reasons_to_buy":"Syitä ostaa","marketing_text":"Kuvaus","options_head_name":"Vaihtoehdot","product_series":"Tuotesarja","demo_msg_part2":"Icecat k&auml;ytt&auml;j&auml;tunnuksesi","link_integrate_desk":"Kuinka integroida Icecat LIVE JavaScript.","zoom_panel_dragg":"Hiirell&auml; vet&auml;minen","eu_energy_label":"EU-energiamerkintä"},"DemoAccount":false}}