<?xml version="1.0" encoding="UTF-8"?>
<!DOCTYPE ICECAT-interface SYSTEM "https://data.icecat.biz/dtd/ICECAT-interface_response.dtd">
<!--source: Icecat.biz 2025-->
<!--Language ID: 1-->
<!--Version: v2-->
<ICECAT-interface xmlns:xsi="http://www.w3.org/2001/XMLSchema-instance" xsi:noNamespaceSchemaLocation="https://data.icecat.biz/xsd/ICECAT-interface_response.xsd">
 <Product Code="1" HighPic="https://inishop.com/img/gallery/74943701055d0ea7a4f0648caaa982c2e2ca28ac.jpg" HighPicHeight="4000" HighPicSize="1439606" HighPicWidth="4000" ID="134726589" LowPic="https://inishop.com/img/gallery_lows/2b1d3af07438079ccb706c90c9cdee8bea40005b.jpg" LowPicHeight="200" LowPicSize="16070" LowPicWidth="200" Name="Watch Series 11 GPS 42mm Space Grey Aluminium Case with Black Sport Band - S/M" IntName="Watch Series 11" LocalName="Watch Series 11 GPS 42mm Space Grey Aluminium Case with Black Sport Band - S/M" Pic500x500="https://inishop.com/img/gallery_mediums/a199a03e0047b6d360e442b31bd6e2894eb5c95a.jpg" Pic500x500Height="500" Pic500x500Size="59390" Pic500x500Width="500" Prod_id="MEQW4QN/A" Quality="ICECAT" ReleaseDate="" ThumbPic="https://inishop.com/img/gallery_thumbs/3bf6775b40155d0c929c8ff9650935e197860932.jpg" ThumbPicSize="4078" Title="Apple Watch Series 11 GPS 42mm Space Grey Aluminium Case with Black Sport Band - S/M" GeneratedIntTitle="Apple Watch Series 11" GeneratedLocalTitle="Apple Watch Series 11 OLED Digital 374 x 446 pixels Touchscreen Wi-Fi GPS (satellite)" BrandLocalTitle="Apple Watch Series 11 GPS 42mm Space Grey Aluminium Case with Black Sport Band - S/M">
  <CategoryFeatureGroup ID="34607" No="0">
   <FeatureGroup ID="0">
    <Name ID="5073" langid="1" Value="Technical details"/>
   </FeatureGroup>
  </CategoryFeatureGroup>
  <CategoryFeatureGroup ID="73962" No="20">
   <FeatureGroup ID="3">
    <Name ID="4863" langid="1" Value="Memory"/>
   </FeatureGroup>
  </CategoryFeatureGroup>
  <CategoryFeatureGroup ID="34566" No="25">
   <FeatureGroup ID="5">
    <Name ID="4867" langid="1" Value="Display"/>
   </FeatureGroup>
  </CategoryFeatureGroup>
  <CategoryFeatureGroup ID="9989" No="5">
   <FeatureGroup ID="12">
    <Name ID="4995" langid="1" Value="Ports &amp; interfaces"/>
   </FeatureGroup>
  </CategoryFeatureGroup>
  <CategoryFeatureGroup ID="9976" No="-3">
   <FeatureGroup ID="14">
    <Name ID="5023" langid="1" Value="Weight &amp; dimensions"/>
   </FeatureGroup>
  </CategoryFeatureGroup>
  <CategoryFeatureGroup ID="9984" No="4">
   <FeatureGroup ID="27">
    <Name ID="5049" langid="1" Value="Power"/>
   </FeatureGroup>
  </CategoryFeatureGroup>
  <CategoryFeatureGroup ID="14029" No="2">
   <FeatureGroup ID="28">
    <Name ID="5067" langid="1" Value="Operational conditions"/>
   </FeatureGroup>
  </CategoryFeatureGroup>
  <CategoryFeatureGroup ID="10361" No="10">
   <FeatureGroup ID="35">
    <Name ID="5167" langid="1" Value="Network"/>
   </FeatureGroup>
  </CategoryFeatureGroup>
  <CategoryFeatureGroup ID="9985" No="-4">
   <FeatureGroup ID="67">
    <Name ID="27423" langid="1" Value="Packaging data"/>
   </FeatureGroup>
  </CategoryFeatureGroup>
  <CategoryFeatureGroup ID="41600" No="0">
   <FeatureGroup ID="76">
    <Name ID="28540" langid="1" Value="Certificates"/>
   </FeatureGroup>
  </CategoryFeatureGroup>
  <CategoryFeatureGroup ID="73961" No="0">
   <FeatureGroup ID="90">
    <Name ID="30562" langid="1" Value="Software"/>
   </FeatureGroup>
  </CategoryFeatureGroup>
  <CategoryFeatureGroup ID="15273" No="-5">
   <FeatureGroup ID="116">
    <Name ID="78852" langid="1" Value="Packaging content"/>
   </FeatureGroup>
  </CategoryFeatureGroup>
  <CategoryFeatureGroup ID="53656" No="0">
   <FeatureGroup ID="143">
    <Name ID="618812" langid="1" Value="Battery"/>
   </FeatureGroup>
  </CategoryFeatureGroup>
  <CategoryFeatureGroup ID="34569" No="0">
   <FeatureGroup ID="146">
    <Name ID="624346" langid="1" Value="Other features"/>
   </FeatureGroup>
  </CategoryFeatureGroup>
  <CategoryFeatureGroup ID="16293" No="20">
   <FeatureGroup ID="148">
    <Name ID="630457" langid="1" Value="Design"/>
   </FeatureGroup>
  </CategoryFeatureGroup>
  <CategoryFeatureGroup ID="34567" No="20">
   <FeatureGroup ID="184">
    <Name ID="1218765" langid="1" Value="Performance"/>
   </FeatureGroup>
  </CategoryFeatureGroup>
  <CategoryFeatureGroup ID="26690" No="12">
   <FeatureGroup ID="185">
    <Name ID="1219853" langid="1" Value="Features"/>
   </FeatureGroup>
  </CategoryFeatureGroup>
  <CategoryFeatureGroup ID="28241" No="-10">
   <FeatureGroup ID="198">
    <Name ID="1788927" langid="1" Value="Logistics data"/>
   </FeatureGroup>
  </CategoryFeatureGroup>
  <CategoryFeatureGroup ID="78873" No="0">
   <FeatureGroup ID="230">
    <Name ID="3400961" langid="1" Value="Headset"/>
   </FeatureGroup>
  </CategoryFeatureGroup>
  <CategoryFeatureGroup ID="30767" No="0">
   <FeatureGroup ID="232">
    <Name ID="3464238" langid="1" Value="Supplier features"/>
   </FeatureGroup>
  </CategoryFeatureGroup>
  <CategoryFeatureGroup ID="75914" No="-8">
   <FeatureGroup ID="279">
    <Name ID="7392238" langid="1" Value="Sustainability"/>
   </FeatureGroup>
  </CategoryFeatureGroup>
  <Category ID="2647">
   <Name ID="3729203" langid="1" Value="Smartwatches &amp; Sport Watches"/>
  </Category>
  <EANCode EAN="0195950460636" Format="GTIN-13" IsApproved="1"/>
  <EANCode EAN="195950460636" Format="GTIN-12" IsApproved="1"/>
  <ReleaseDate/>
  <EndOfLifeDate/>
  <ReasonsToBuy>
   <ReasonToBuy ID="93160737" Value="Apple Watch can do what your other devices can’t because it’s on your wrist. When you wear it, you get meaningful health insights, a fitness partner that measures all the ways you move, a connection to the people you care about most, and advanced safety features." HighPic="https://inishop.com/img/bullets/134726589-68c12e1f68736079828974.jpg" HighPicSize="0" No="1" Title="The ultimate device for a healthy life." langid="1" origin="RTB" IsRich="0"/>
   <ReasonToBuy ID="93160741" Value="Get notified of chronic high blood pressure.&lt;br&gt;Apple Watch can now spot signs of chronic high blood pressure and notify you of possible hypertension. How? The optical sensor provides data to an algorithm that can detect potential hypertension by analyzing how your blood vessels respond to beats of the heart over 30‑day periods.&lt;br&gt;&lt;br&gt;Receive heart health notifications.&lt;br&gt;Unusually high or low heart rates and irregular heart rhythms (known as arrhythmias) could be signs of a serious condition. But many people don’t recognize the symptoms, so the underlying causes often go undiagnosed. Notifications in the Heart Rate app will alert you to these irregularities so you can take action and consult your doctor.&lt;br&gt;&lt;br&gt;ECG on your wrist. Anytime, anywhere.&lt;br&gt;With the ECG app, Apple Watch is capable of generating an ECG similar to a single-lead electrocardiogram. It’s a momentous achievement for a wearable device that can provide critical data for doctors and peace of mind for you.&lt;br&gt;&lt;br&gt;You snooze. You win.&lt;br&gt;All-new sleep score helps you track and understand the quality of your sleep, so you can make it more restorative. You can use the Sleep app to set up a bedtime routine with Wind Down reminders. Apple Watch can even notify you if you show signs of possible sleep apnea.&lt;br&gt;&lt;br&gt;Better understand your daily health status.&lt;br&gt;With the Vitals app, you can quickly see your key overnight health metrics right on your watch — including heart rate, respiratory rate, wrist temperature, and sleep duration. For a more holistic understanding of your daily health status.&lt;br&gt;&lt;br&gt;Understand your cycle like never before.&lt;br&gt;Apple Watch has innovative sensors that track your temperature while you sleep. Cycle Tracking uses this data to provide a retrospective estimate of when you have likely ovulated, which can be helpful for family planning. As always, your data is private and secure." HighPic="https://inishop.com/img/bullets/134726589-68c12e1f69035565595348.jpg" HighPicSize="0" No="2" Title="Health" langid="1" origin="RTB" IsRich="0"/>
   <ReasonToBuy ID="93160743" Value="Move. Exercise. Stand. Reach your goals, one ring at a time.&lt;br&gt;Track your daily activity — like how many active calories you burn, how many minutes of exercise you do, and how often you stand — with Activity rings. Customize your goals for each day of the week so you can close your rings every day, or put them on pause if you need to take a break. You can also see your current step count and workouts completed for the day in the Activity app.&lt;br&gt;&lt;br&gt;Measure all the ways you move.&lt;br&gt;From strength training and running to Pilates and yoga, Apple Watch offers a healthy range of ways to track your workout. And it shows your progress with advanced metrics and views like Heart Rate Zones, Power, and Elevation.&lt;br&gt;&lt;br&gt;Take your workouts to the next level.&lt;br&gt;Create Custom Workouts with time and distance intervals, as well as periods of warm-up, cooldown, and recovery. And see what’s coming with the Up Next workout view.&lt;br&gt;&lt;br&gt;A powerful tool to help you achieve your goals.&lt;br&gt;Training load helps you see how the intensity and duration of your workouts may impact your body over time. So you can make informed decisions about how and when to adjust your workouts — especially when you’re training for a big event.&lt;br&gt;&lt;br&gt;Built to go the distance. And depth.&lt;br&gt;Apple Watch is perfect for hiking, biking, and running as well as swimming, surfing, and other water activities. The depth gauge, Depth app, and water temperature sensor on Apple Watch Series 11 make it great for snorkeling down to 6 meters. Or scuba dive to 40 meters with Apple Watch Ultra 3.&lt;br&gt;&lt;br&gt;Hit the trail with offline maps.&lt;br&gt;You can see detailed hiking maps for all U.S. national parks with the Maps app. Create your own hiking routes and download them to your iPhone for easy access later. They’ll automatically download to your watch so you can even navigate offline." HighPic="https://inishop.com/img/bullets/134726589-68c12e1f693ea005206287.jpg" HighPicSize="0" No="3" Title="Fitness and Activity" langid="1" origin="RTB" IsRich="0"/>
   <ReasonToBuy ID="93160748" Value="Stay in touch from your wrist.&lt;br&gt;Call, text, pay, listen to music, and more — Apple Watch makes it easy for you stay connected on the go, even when you don’t have your iPhone nearby. And now with a cellular plan that supports 5G, you can get faster performance.&lt;br&gt;&lt;br&gt;Stream. Download. Pay. Play. Everywhere you go.&lt;br&gt;Stream over 100 million songs with Apple Music. Download new apps from the App Store straight to your watch faster than ever with 5G. Purchase things quickly and securely with Apple Pay.14 And do it all without ever having to take out your iPhone.&lt;br&gt;&lt;br&gt;A great call for kids.&lt;br&gt;With Apple Watch For Your Kids, everyone in the family can have an Apple Watch, even if they don’t have their own iPhone. Your kids are able to make calls, text, ask Siri questions, listen to music, use apps, and let you know when they arrive at a destination safely.&lt;br&gt;&lt;br&gt;Say hello to Live Translation.&lt;br&gt;Apple Watch can now use Apple Intelligence from your iPhone to automatically translate messages into your preferred language, so you can stay in touch without missing a beat. And when you’re traveling abroad, you can even download languages to your watch if it’s paired with an iPhone with Apple Intelligence, so you can use the Translate app without your iPhone, Wi‑Fi, or a cellular connection — très bien.&lt;br&gt;&lt;br&gt;More intelligent than ever.&lt;br&gt;The Smart Stack automatically suggests widgets to surface the most relevant information throughout the day based on the time, your location, and more. So you’ll be able to wake up to your sleep score, know if rain is coming, or get notified when your Uber is pulling up." HighPic="https://inishop.com/img/bullets/134726589-68c12e1f69795547769092.jpg" HighPicSize="0" No="4" Title="Connectivity" langid="1" origin="RTB" IsRich="0"/>
   <ReasonToBuy ID="93160752" Value="Emergency assistance at your fingertips.&lt;br&gt;When you press and hold the side button, your Apple Watch can try to connect you with emergency services and get you the help you need.&lt;br&gt;&lt;br&gt;Safety features we hope you’ll never need.&lt;br&gt;Apple Watch can detect if you’ve taken a hard fall or been in a severe car crash and automatically help connect you with emergency services, share your location, and notify your emergency contacts. And if you’re off the grid without cellular service or Wi-Fi, Apple Watch Ultra 3 can also help you contact emergency services via satellite.&lt;br&gt;&lt;br&gt;Peace of mind on your wrist.&lt;br&gt;Check In lets you automatically notify a friend or loved one when you’ve arrived at a destination. You can also start a Check In from the Workout app — like if you’re going for a run after dark." HighPic="https://inishop.com/img/bullets/134726589-68c12e1f69bde798555517.jpg" HighPicSize="0" No="5" Title="Safety" langid="1" origin="RTB" IsRich="0"/>
   <ReasonToBuy ID="93160756" Value="Change your watch band. Switch up your face.&lt;br&gt;With watch bands in a range of styles, materials, and colors and fully customizable watch faces, you can change your watch to fit your mood or the moment." HighPic="https://inishop.com/img/bullets/134726589-68c12e1f6a1e0834246325.jpg" HighPicSize="0" No="6" Title="Customization" langid="1" origin="RTB" IsRich="0"/>
  </ReasonsToBuy>
  <BulletPoints>
   <BulletPoint Value="Series 11 can spot signs of chronic high blood pressure and notify you of possible hypertension. Coming this month" langid="1" No="1"/>
   <BulletPoint Value="Introducing sleep score — an easy way to track and help improve the quality of your zzz’s" langid="1" No="2"/>
   <BulletPoint Value="Up to 24 hours of battery life.2 Do the things you love for longer" langid="1" No="3"/>
   <BulletPoint Value="A glass display that’s 2x more scratch resistant than Series 10. Tough just got tougher" langid="1" No="4"/>
   <BulletPoint Value="Boost your fitness with personalized audible motivation in real time. Smart" langid="1" No="5"/>
   <BulletPoint Value="Now with 5G for faster performance on the go. Waiting is so yesterday" langid="1" No="6"/>
  </BulletPoints>
  <GeneratedBulletPoints>
   <GeneratedBulletPoint Value="Smartwatch Digital Touchscreen OLED" langid="1" No="1"/>
   <GeneratedBulletPoint Value="374 x 446 pixels 2000 cd/m²" langid="1" No="2"/>
   <GeneratedBulletPoint Value="Dust resistant, Water resistant, Waterproof IP6X Waterproof up to: 50 m" langid="1" No="3"/>
   <GeneratedBulletPoint Value="Built-in microphone Built-in speaker(s)" langid="1" No="4"/>
   <GeneratedBulletPoint Value="Heart rate monitor Accelerometer Gyroscope Activity tracker Apple Siri" langid="1" No="5"/>
   <GeneratedBulletPoint Value="GPS (satellite) BeiDou GLONASS Galileo Quasi-Zenith Satellite System (QZSS)" langid="1" No="6"/>
   <GeneratedBulletPoint Value="Wi-Fi Bluetooth 5.3 Near Field Communication (NFC)" langid="1" No="7"/>
   <GeneratedBulletPoint Value="Built-in battery Lithium-Ion (Li-Ion) 38 h" langid="1" No="8"/>
  </GeneratedBulletPoints>
  <ProductBundled/>
  <ProductDescription ID="104085390" LongDesc="&lt;b&gt;The ultimate way to watch your health.&lt;/b&gt;" ManualPDFSize="0" ManualPDFURL="" MiddleDesc="" PDFSize="0" PDFURL="" ShortDesc="Watch Series 11, 42mm, GPS, Aluminium, Always-On Retina, S10, Digital Crown, watchOS" URL="https://www.apple.com/apple-watch-series-11/" WarrantyInfo="" langid="1"/>
  <ProductFamily ID="67213" LowPic="" ThumbPic="">
   <Name ID="2433094" langid="1" Value="Watch"/>
   <Series ID="9021">
    <Name ID="9482807" langid="1" Value="Series 11"/>
   </Series>
  </ProductFamily>
  <ProductFeature Localized="0" ID="835458373" Local_ID="0" Value="Digital" CategoryFeature_ID="85325" CategoryFeatureGroup_ID="34566" No="10100140" Optional="0" Presentation_Value="Digital" Translated="1" Mandatory="1" Searchable="1">
   <LocalValue Value="Digital">
    <Measure ID="29">
     <Signs/>
    </Measure>
   </LocalValue>
   <Feature ID="9104">
    <Measure ID="29" Sign="">
     <Signs/>
    </Measure>
    <Name ID="761213" langid="1" Value="Display type"/>
   </Feature>
  </ProductFeature>
  <ProductFeature Localized="0" ID="835458190" Local_ID="0" Value="374 x 446" CategoryFeature_ID="85332" CategoryFeatureGroup_ID="34566" No="10100130" Optional="0" Presentation_Value="374 x 446 pixels" Translated="0" Mandatory="1" Searchable="1">
   <LocalValue Value="374 x 446">
    <Measure ID="39">
     <Signs>
      <Sign ID="23" langid="1"><![CDATA[pixels]]></Sign>
     </Signs>
    </Measure>
   </LocalValue>
   <Feature ID="1585">
    <Measure ID="39" Sign="">
     <Signs>
      <Sign ID="23" langid="1"><![CDATA[pixels]]></Sign>
     </Signs>
    </Measure>
    <Name ID="4927" langid="1" Value="Display resolution"/>
   </Feature>
  </ProductFeature>
  <ProductFeature Localized="0" ID="835458288" Local_ID="0" Value="Y" CategoryFeature_ID="85331" CategoryFeatureGroup_ID="34566" No="10100129" Optional="0" Presentation_Value="Yes" Translated="1" Mandatory="1" Searchable="1">
   <LocalValue Value="Yes">
    <Measure ID="26">
     <Signs/>
    </Measure>
   </LocalValue>
   <Feature ID="4963">
    <Measure ID="26" Sign="">
     <Signs/>
    </Measure>
    <Name ID="61603" langid="1" Value="Touchscreen"/>
   </Feature>
  </ProductFeature>
  <ProductFeature Localized="0" ID="835458386" Local_ID="0" Value="OLED" CategoryFeature_ID="99533" CategoryFeatureGroup_ID="34566" No="100150" Optional="0" Presentation_Value="OLED" Translated="1" Mandatory="1" Searchable="0">
   <LocalValue Value="OLED">
    <Measure ID="29">
     <Signs/>
    </Measure>
   </LocalValue>
   <Feature ID="9713">
    <Measure ID="29" Sign="">
     <Signs/>
    </Measure>
    <Name ID="804833" langid="1" Value="Display technology"/>
   </Feature>
  </ProductFeature>
  <ProductFeature Localized="0" ID="835458621" Local_ID="0" Value="Retina" CategoryFeature_ID="939661" CategoryFeatureGroup_ID="34566" No="100150" Optional="0" Presentation_Value="Retina" Translated="0" Mandatory="0" Searchable="0">
   <LocalValue Value="Retina">
    <Measure ID="29">
     <Signs/>
    </Measure>
   </LocalValue>
   <Feature ID="46952">
    <Measure ID="29" Sign="">
     <Signs/>
    </Measure>
    <Name ID="8745343" langid="1" Value="Display technology marketing name"/>
   </Feature>
  </ProductFeature>
  <ProductFeature Localized="0" ID="835458184" Local_ID="0" Value="2000" CategoryFeature_ID="176254" CategoryFeatureGroup_ID="34566" No="100148" Optional="0" Presentation_Value="2000 cd/m²" Translated="0" Mandatory="0" Searchable="0">
   <LocalValue Value="2000">
    <Measure ID="43">
     <Signs>
      <Sign ID="27" langid="1"><![CDATA[cd/m²]]></Sign>
     </Signs>
    </Measure>
   </LocalValue>
   <Feature ID="1389">
    <Measure ID="43" Sign="">
     <Signs>
      <Sign ID="27" langid="1"><![CDATA[cd/m²]]></Sign>
     </Signs>
    </Measure>
    <Name ID="4319" langid="1" Value="Display brightness"/>
   </Feature>
  </ProductFeature>
  <ProductFeature Localized="0" ID="835458428" Local_ID="0" Value="326" CategoryFeature_ID="85347" CategoryFeatureGroup_ID="34566" No="100147" Optional="0" Presentation_Value="326 ppi" Translated="0" Mandatory="0" Searchable="0">
   <LocalValue Value="326">
    <Measure ID="243">
     <Signs>
      <Sign ID="14247" langid="1"><![CDATA[ppi]]></Sign>
     </Signs>
    </Measure>
   </LocalValue>
   <Feature ID="13246">
    <Measure ID="243" Sign="">
     <Signs>
      <Sign ID="14247" langid="1"><![CDATA[ppi]]></Sign>
     </Signs>
    </Measure>
    <Name ID="1097254" langid="1" Value="Pixel density"/>
   </Feature>
  </ProductFeature>
  <ProductFeature Localized="0" ID="835458575" Local_ID="0" Value="Y" CategoryFeature_ID="317543" CategoryFeatureGroup_ID="34566" No="100145" Optional="0" Presentation_Value="Yes" Translated="1" Mandatory="0" Searchable="0">
   <LocalValue Value="Yes">
    <Measure ID="26">
     <Signs/>
    </Measure>
   </LocalValue>
   <Feature ID="39552">
    <Measure ID="26" Sign="">
     <Signs/>
    </Measure>
    <Name ID="5644320" langid="1" Value="Always-on display"/>
   </Feature>
  </ProductFeature>
  <ProductFeature Localized="0" ID="835458486" Local_ID="0" Value="Y" CategoryFeature_ID="586188" CategoryFeatureGroup_ID="34566" No="100145" Optional="0" Presentation_Value="Yes" Translated="1" Mandatory="0" Searchable="0">
   <LocalValue Value="Yes">
    <Measure ID="26">
     <Signs/>
    </Measure>
   </LocalValue>
   <Feature ID="20168">
    <Measure ID="26" Sign="">
     <Signs/>
    </Measure>
    <Name ID="1497951" langid="1" Value="Colour display"/>
   </Feature>
  </ProductFeature>
  <ProductFeature Localized="0" ID="835458552" Local_ID="0" Value="Y" CategoryFeature_ID="270637" CategoryFeatureGroup_ID="34566" No="100095" Optional="0" Presentation_Value="Yes" Translated="1" Mandatory="0" Searchable="0">
   <LocalValue Value="Yes">
    <Measure ID="26">
     <Signs/>
    </Measure>
   </LocalValue>
   <Feature ID="33690">
    <Measure ID="26" Sign="">
     <Signs/>
    </Measure>
    <Name ID="3435585" langid="1" Value="Rounded display corners"/>
   </Feature>
  </ProductFeature>
  <ProductFeature Localized="0" ID="835458335" Local_ID="0" Value="Ion-X glass" CategoryFeature_ID="94704" CategoryFeatureGroup_ID="34566" No="100050" Optional="0" Presentation_Value="Ion-X glass" Translated="1" Mandatory="0" Searchable="0">
   <LocalValue Value="Ion-X glass">
    <Measure ID="29">
     <Signs/>
    </Measure>
   </LocalValue>
   <Feature ID="7610">
    <Measure ID="29" Sign="">
     <Signs/>
    </Measure>
    <Name ID="590507" langid="1" Value="Watch glass type"/>
   </Feature>
  </ProductFeature>
  <ProductFeature Localized="0" ID="835458369" Local_ID="0" Value="Smartwatch" CategoryFeature_ID="891356" CategoryFeatureGroup_ID="16293" No="10100150" Optional="0" Presentation_Value="Smartwatch" Translated="1" Mandatory="1" Searchable="1">
   <LocalValue Value="Smartwatch">
    <Measure ID="29">
     <Signs/>
    </Measure>
   </LocalValue>
   <Feature ID="9021">
    <Measure ID="29" Sign="">
     <Signs/>
    </Measure>
    <Name ID="757557" langid="1" Value="Market positioning"/>
   </Feature>
  </ProductFeature>
  <ProductFeature Localized="0" ID="835458591" Local_ID="0" Value="42" CategoryFeature_ID="595046" CategoryFeatureGroup_ID="16293" No="10100145" Optional="0" Presentation_Value="42 mm" Translated="0" Mandatory="1" Searchable="1">
   <LocalValue Value="42">
    <Measure ID="24">
     <Signs>
      <Sign ID="3" langid="1"><![CDATA[mm]]></Sign>
     </Signs>
    </Measure>
   </LocalValue>
   <Feature ID="42415">
    <Measure ID="24" Sign="">
     <Signs>
      <Sign ID="3" langid="1"><![CDATA[mm]]></Sign>
     </Signs>
    </Measure>
    <Name ID="6854226" langid="1" Value="Watch case size"/>
   </Feature>
  </ProductFeature>
  <ProductFeature Localized="0" ID="835458594" Local_ID="0" Value="Grey" CategoryFeature_ID="595045" CategoryFeatureGroup_ID="16293" No="10100090" Optional="0" Presentation_Value="Grey" Translated="1" Mandatory="1" Searchable="1">
   <LocalValue Value="Grey">
    <Measure ID="29">
     <Signs/>
    </Measure>
   </LocalValue>
   <Feature ID="42417">
    <Measure ID="29" Sign="">
     <Signs/>
    </Measure>
    <Name ID="6854358" langid="1" Value="Watch case colour"/>
   </Feature>
  </ProductFeature>
  <ProductFeature Localized="0" ID="835458596" Local_ID="0" Value="Aluminium" CategoryFeature_ID="595044" CategoryFeatureGroup_ID="16293" No="10100089" Optional="0" Presentation_Value="Aluminium" Translated="1" Mandatory="1" Searchable="1">
   <LocalValue Value="Aluminium">
    <Measure ID="29">
     <Signs/>
    </Measure>
   </LocalValue>
   <Feature ID="42418">
    <Measure ID="29" Sign="">
     <Signs/>
    </Measure>
    <Name ID="6854424" langid="1" Value="Watch case material"/>
   </Feature>
  </ProductFeature>
  <ProductFeature Localized="0" ID="835458416" Local_ID="0" Value="Black" CategoryFeature_ID="85301" CategoryFeatureGroup_ID="16293" No="10100080" Optional="0" Presentation_Value="Black" Translated="1" Mandatory="1" Searchable="1">
   <LocalValue Value="Black">
    <Measure ID="29">
     <Signs/>
    </Measure>
   </LocalValue>
   <Feature ID="11025">
    <Measure ID="29" Sign="">
     <Signs/>
    </Measure>
    <Name ID="964589" langid="1" Value="Band colour"/>
   </Feature>
  </ProductFeature>
  <ProductFeature Localized="0" ID="835458326" Local_ID="0" Value="Rubber" CategoryFeature_ID="94551" CategoryFeatureGroup_ID="16293" No="100160" Optional="0" Presentation_Value="Rubber" Translated="1" Mandatory="1" Searchable="0">
   <LocalValue Value="Rubber">
    <Measure ID="29">
     <Signs/>
    </Measure>
   </LocalValue>
   <Feature ID="7605">
    <Measure ID="29" Sign="">
     <Signs/>
    </Measure>
    <Name ID="590260" langid="1" Value="Band material"/>
   </Feature>
  </ProductFeature>
  <ProductFeature Localized="0" ID="835458461" Local_ID="0" Value="S/M" CategoryFeature_ID="153739" CategoryFeatureGroup_ID="16293" No="100159" Optional="0" Presentation_Value="S/M" Translated="0" Mandatory="1" Searchable="0">
   <LocalValue Value="S/M">
    <Measure ID="29">
     <Signs/>
    </Measure>
   </LocalValue>
   <Feature ID="17542">
    <Measure ID="29" Sign="">
     <Signs/>
    </Measure>
    <Name ID="1246769" langid="1" Value="Band size"/>
   </Feature>
  </ProductFeature>
  <ProductFeature Localized="0" ID="835458382" Local_ID="0" Value="Rectangular" CategoryFeature_ID="85327" CategoryFeatureGroup_ID="16293" No="100155" Optional="0" Presentation_Value="Rectangular" Translated="1" Mandatory="1" Searchable="0">
   <LocalValue Value="Rectangular">
    <Measure ID="29">
     <Signs/>
    </Measure>
   </LocalValue>
   <Feature ID="9397">
    <Measure ID="29" Sign="">
     <Signs/>
    </Measure>
    <Name ID="776358" langid="1" Value="Shape"/>
   </Feature>
  </ProductFeature>
  <ProductFeature Localized="0" ID="835458456" Local_ID="0" Value="130 - 200" CategoryFeature_ID="153740" CategoryFeatureGroup_ID="16293" No="100155" Optional="0" Presentation_Value="130 - 200 mm" Translated="0" Mandatory="0" Searchable="0">
   <LocalValue Value="130 - 200">
    <Measure ID="24">
     <Signs>
      <Sign ID="3" langid="1"><![CDATA[mm]]></Sign>
     </Signs>
    </Measure>
   </LocalValue>
   <Feature ID="17541">
    <Measure ID="24" Sign="">
     <Signs>
      <Sign ID="3" langid="1"><![CDATA[mm]]></Sign>
     </Signs>
    </Measure>
    <Name ID="1246723" langid="1" Value="Wrist size range"/>
   </Feature>
  </ProductFeature>
  <ProductFeature Localized="0" ID="835458348" Local_ID="0" Value="Dust resistant,Water resistant,Waterproof" CategoryFeature_ID="94550" CategoryFeatureGroup_ID="16293" No="100000" Optional="0" Presentation_Value="Dust resistant, Water resistant, Waterproof" Translated="1" Mandatory="0" Searchable="0">
   <LocalValue Value="Dust resistant, Water resistant, Waterproof">
    <Measure ID="29">
     <Signs/>
    </Measure>
   </LocalValue>
   <Feature ID="8072">
    <Measure ID="29" Sign="">
     <Signs/>
    </Measure>
    <Name ID="622852" langid="1" Value="Protection features"/>
   </Feature>
  </ProductFeature>
  <ProductFeature Localized="0" ID="835458341" Local_ID="0" Value="IP6X" CategoryFeature_ID="95621" CategoryFeatureGroup_ID="16293" No="100000" Optional="0" Presentation_Value="IP6X" Translated="0" Mandatory="0" Searchable="0">
   <LocalValue Value="IP6X">
    <Measure ID="29">
     <Signs/>
    </Measure>
   </LocalValue>
   <Feature ID="7900">
    <Measure ID="29" Sign="">
     <Signs/>
    </Measure>
    <Name ID="610776" langid="1" Value="International Protection (IP) code"/>
   </Feature>
  </ProductFeature>
  <ProductFeature Localized="0" ID="835458491" Local_ID="0" Value="Y" CategoryFeature_ID="140699" CategoryFeatureGroup_ID="16293" No="100000" Optional="0" Presentation_Value="Yes" Translated="1" Mandatory="0" Searchable="0">
   <LocalValue Value="Yes">
    <Measure ID="26">
     <Signs/>
    </Measure>
   </LocalValue>
   <Feature ID="23080">
    <Measure ID="26" Sign="">
     <Signs/>
    </Measure>
    <Name ID="1818459" langid="1" Value="Removable strap"/>
   </Feature>
  </ProductFeature>
  <ProductFeature Localized="0" ID="835458570" Local_ID="0" Value="Y" CategoryFeature_ID="294711" CategoryFeatureGroup_ID="16293" No="100000" Optional="0" Presentation_Value="Yes" Translated="1" Mandatory="0" Searchable="0">
   <LocalValue Value="Yes">
    <Measure ID="26">
     <Signs/>
    </Measure>
   </LocalValue>
   <Feature ID="37839">
    <Measure ID="26" Sign="">
     <Signs/>
    </Measure>
    <Name ID="5134476" langid="1" Value="Magnetic charging connector"/>
   </Feature>
  </ProductFeature>
  <ProductFeature Localized="0" ID="835458294" Local_ID="0" Value="50" CategoryFeature_ID="101561" CategoryFeatureGroup_ID="16293" No="99993" Optional="0" Presentation_Value="50 m" Translated="0" Mandatory="0" Searchable="0">
   <LocalValue Value="50">
    <Measure ID="54">
     <Signs>
      <Sign ID="37" langid="1"><![CDATA[m]]></Sign>
     </Signs>
    </Measure>
   </LocalValue>
   <Feature ID="5197">
    <Measure ID="54" Sign="">
     <Signs>
      <Sign ID="37" langid="1"><![CDATA[m]]></Sign>
     </Signs>
    </Measure>
    <Name ID="71413" langid="1" Value="Waterproof up to"/>
   </Feature>
  </ProductFeature>
  <ProductFeature Localized="0" ID="835458167" Local_ID="0" Value="Y" CategoryFeature_ID="85355" CategoryFeatureGroup_ID="34567" No="10100050" Optional="0" Presentation_Value="Yes" Translated="1" Mandatory="1" Searchable="1">
   <LocalValue Value="Yes">
    <Measure ID="26">
     <Signs/>
    </Measure>
   </LocalValue>
   <Feature ID="1025">
    <Measure ID="26" Sign="">
     <Signs/>
    </Measure>
    <Name ID="3591" langid="1" Value="Built-in microphone"/>
   </Feature>
  </ProductFeature>
  <ProductFeature Localized="0" ID="835458229" Local_ID="0" Value="Y" CategoryFeature_ID="85365" CategoryFeatureGroup_ID="34567" No="10100045" Optional="0" Presentation_Value="Yes" Translated="1" Mandatory="1" Searchable="1">
   <LocalValue Value="Yes">
    <Measure ID="26">
     <Signs/>
    </Measure>
   </LocalValue>
   <Feature ID="2433">
    <Measure ID="26" Sign="">
     <Signs/>
    </Measure>
    <Name ID="12525" langid="1" Value="Built-in speaker(s)"/>
   </Feature>
  </ProductFeature>
  <ProductFeature Localized="0" ID="835458355" Local_ID="0" Value="N" CategoryFeature_ID="95509" CategoryFeatureGroup_ID="34567" No="10100030" Optional="0" Presentation_Value="No" Translated="1" Mandatory="1" Searchable="1">
   <LocalValue Value="No">
    <Measure ID="26">
     <Signs/>
    </Measure>
   </LocalValue>
   <Feature ID="8074">
    <Measure ID="26" Sign="">
     <Signs/>
    </Measure>
    <Name ID="623118" langid="1" Value="Built-in camera"/>
   </Feature>
  </ProductFeature>
  <ProductFeature Localized="0" ID="835458216" Local_ID="0" Value="N" CategoryFeature_ID="94697" CategoryFeatureGroup_ID="34567" No="100800" Optional="0" Presentation_Value="No" Translated="1" Mandatory="1" Searchable="0">
   <LocalValue Value="No">
    <Measure ID="26">
     <Signs/>
    </Measure>
   </LocalValue>
   <Feature ID="2172">
    <Measure ID="26" Sign="">
     <Signs/>
    </Measure>
    <Name ID="10005" langid="1" Value="FM radio"/>
   </Feature>
  </ProductFeature>
  <ProductFeature Localized="0" ID="835458364" Local_ID="0" Value="iOS" CategoryFeature_ID="85310" CategoryFeatureGroup_ID="34567" No="100600" Optional="0" Presentation_Value="iOS" Translated="0" Mandatory="0" Searchable="0">
   <LocalValue Value="iOS">
    <Measure ID="29">
     <Signs/>
    </Measure>
   </LocalValue>
   <Feature ID="8956">
    <Measure ID="29" Sign="">
     <Signs/>
    </Measure>
    <Name ID="753892" langid="1" Value="Mobile operating systems supported"/>
   </Feature>
  </ProductFeature>
  <ProductFeature Localized="0" ID="835458246" Local_ID="0" Value="watchOS 11" CategoryFeature_ID="85311" CategoryFeatureGroup_ID="34567" No="100590" Optional="0" Presentation_Value="watchOS 11" Translated="0" Mandatory="0" Searchable="0">
   <LocalValue Value="watchOS 11">
    <Measure ID="29">
     <Signs/>
    </Measure>
   </LocalValue>
   <Feature ID="3233">
    <Measure ID="29" Sign="">
     <Signs/>
    </Measure>
    <Name ID="30700" langid="1" Value="Operating system installed"/>
   </Feature>
  </ProductFeature>
  <ProductFeature Localized="0" ID="835458316" Local_ID="0" Value="64" CategoryFeature_ID="85308" CategoryFeatureGroup_ID="34567" No="100490" Optional="0" Presentation_Value="64 GB" Translated="0" Mandatory="0" Searchable="0">
   <LocalValue Value="64">
    <Measure ID="20">
     <Signs>
      <Sign ID="7" langid="1"><![CDATA[GB]]></Sign>
     </Signs>
    </Measure>
   </LocalValue>
   <Feature ID="6791">
    <Measure ID="20" Sign="">
     <Signs>
      <Sign ID="7" langid="1"><![CDATA[GB]]></Sign>
     </Signs>
    </Measure>
    <Name ID="294318" langid="1" Value="Flash memory"/>
   </Feature>
  </ProductFeature>
  <ProductFeature Localized="0" ID="835458159" Local_ID="0" Value="Apple" CategoryFeature_ID="85321" CategoryFeatureGroup_ID="34567" No="100450" Optional="0" Presentation_Value="Apple" Translated="0" Mandatory="0" Searchable="0">
   <LocalValue Value="Apple">
    <Measure ID="29">
     <Signs/>
    </Measure>
   </LocalValue>
   <Feature ID="1013">
    <Measure ID="29" Sign="">
     <Signs/>
    </Measure>
    <Name ID="3567" langid="1" Value="Processor manufacturer"/>
   </Feature>
  </ProductFeature>
  <ProductFeature Localized="0" ID="835458097" Local_ID="0" Value="S10" CategoryFeature_ID="85323" CategoryFeatureGroup_ID="34567" No="100448" Optional="0" Presentation_Value="S10" Translated="0" Mandatory="0" Searchable="0">
   <LocalValue Value="S10">
    <Measure ID="29">
     <Signs/>
    </Measure>
   </LocalValue>
   <Feature ID="47">
    <Measure ID="29" Sign="">
     <Signs/>
    </Measure>
    <Name ID="1431" langid="1" Value="Processor model"/>
   </Feature>
  </ProductFeature>
  <ProductFeature Localized="0" ID="835458306" Local_ID="0" Value="2" CategoryFeature_ID="109757" CategoryFeatureGroup_ID="34567" No="100442" Optional="0" Presentation_Value="2" Translated="0" Mandatory="0" Searchable="0">
   <LocalValue Value="2">
    <Measure ID="29">
     <Signs/>
    </Measure>
   </LocalValue>
   <Feature ID="6089">
    <Measure ID="29" Sign="">
     <Signs/>
    </Measure>
    <Name ID="138113" langid="1" Value="Processor cores"/>
   </Feature>
  </ProductFeature>
  <ProductFeature Localized="0" ID="835458301" Local_ID="0" Value="Y" CategoryFeature_ID="270638" CategoryFeatureGroup_ID="34567" No="100440" Optional="0" Presentation_Value="Yes" Translated="1" Mandatory="0" Searchable="0">
   <LocalValue Value="Yes">
    <Measure ID="26">
     <Signs/>
    </Measure>
   </LocalValue>
   <Feature ID="6088">
    <Measure ID="26" Sign="">
     <Signs/>
    </Measure>
    <Name ID="138093" langid="1" Value="64-bit computing"/>
   </Feature>
  </ProductFeature>
  <ProductFeature Localized="0" ID="835458468" Local_ID="0" Value="Y" CategoryFeature_ID="967677" CategoryFeatureGroup_ID="34567" No="100440" Optional="0" Presentation_Value="Yes" Translated="1" Mandatory="0" Searchable="0">
   <LocalValue Value="Yes">
    <Measure ID="26">
     <Signs/>
    </Measure>
   </LocalValue>
   <Feature ID="17981">
    <Measure ID="26" Sign="">
     <Signs/>
    </Measure>
    <Name ID="1326151" langid="1" Value="Coprocessor"/>
   </Feature>
  </ProductFeature>
  <ProductFeature Localized="0" ID="835458479" Local_ID="0" Value="Neural Engine" CategoryFeature_ID="967678" CategoryFeatureGroup_ID="34567" No="100439" Optional="0" Presentation_Value="Neural Engine" Translated="0" Mandatory="0" Searchable="0">
   <LocalValue Value="Neural Engine">
    <Measure ID="29">
     <Signs/>
    </Measure>
   </LocalValue>
   <Feature ID="18116">
    <Measure ID="29" Sign="">
     <Signs/>
    </Measure>
    <Name ID="1375116" langid="1" Value="Coprocessor model"/>
   </Feature>
  </ProductFeature>
  <ProductFeature Localized="0" ID="835458473" Local_ID="0" Value="4" CategoryFeature_ID="967679" CategoryFeatureGroup_ID="34567" No="100438" Optional="0" Presentation_Value="4" Translated="0" Mandatory="0" Searchable="0">
   <LocalValue Value="4">
    <Measure ID="29">
     <Signs/>
    </Measure>
   </LocalValue>
   <Feature ID="17983">
    <Measure ID="29" Sign="">
     <Signs/>
    </Measure>
    <Name ID="1326243" langid="1" Value="Coprocessor cores"/>
   </Feature>
  </ProductFeature>
  <ProductFeature Localized="0" ID="835458618" Local_ID="0" Value="Y" CategoryFeature_ID="926813" CategoryFeatureGroup_ID="34567" No="100005" Optional="0" Presentation_Value="Yes" Translated="1" Mandatory="0" Searchable="0">
   <LocalValue Value="Yes">
    <Measure ID="26">
     <Signs/>
    </Measure>
   </LocalValue>
   <Feature ID="45953">
    <Measure ID="26" Sign="">
     <Signs/>
    </Measure>
    <Name ID="8451696" langid="1" Value="Crash detection"/>
   </Feature>
  </ProductFeature>
  <ProductFeature Localized="0" ID="835458579" Local_ID="0" Value="Y" CategoryFeature_ID="926814" CategoryFeatureGroup_ID="34567" No="100004" Optional="0" Presentation_Value="Yes" Translated="1" Mandatory="0" Searchable="0">
   <LocalValue Value="Yes">
    <Measure ID="26">
     <Signs/>
    </Measure>
   </LocalValue>
   <Feature ID="39896">
    <Measure ID="26" Sign="">
     <Signs/>
    </Measure>
    <Name ID="5692592" langid="1" Value="Fall detection"/>
   </Feature>
  </ProductFeature>
  <ProductFeature Localized="0" ID="835458240" Local_ID="0" Value="Multi" CategoryFeature_ID="85313" CategoryFeatureGroup_ID="34567" No="100000" Optional="0" Presentation_Value="Multi" Translated="1" Mandatory="0" Searchable="0">
   <LocalValue Value="Multi">
    <Measure ID="29">
     <Signs/>
    </Measure>
   </LocalValue>
   <Feature ID="3113">
    <Measure ID="29" Sign="">
     <Signs/>
    </Measure>
    <Name ID="29644" langid="1" Value="Languages support"/>
   </Feature>
  </ProductFeature>
  <ProductFeature Localized="0" ID="835458632" Local_ID="0" Value="Y" CategoryFeature_ID="967684" CategoryFeatureGroup_ID="34567" No="100000" Optional="0" Presentation_Value="Yes" Translated="1" Mandatory="0" Searchable="0">
   <LocalValue Value="Yes">
    <Measure ID="26">
     <Signs/>
    </Measure>
   </LocalValue>
   <Feature ID="48322">
    <Measure ID="26" Sign="">
     <Signs/>
    </Measure>
    <Name ID="9171108" langid="1" Value="Noise monitoring"/>
   </Feature>
  </ProductFeature>
  <ProductFeature Localized="0" ID="835458633" Local_ID="0" Value="Y" CategoryFeature_ID="967685" CategoryFeatureGroup_ID="34567" No="100000" Optional="0" Presentation_Value="Yes" Translated="1" Mandatory="0" Searchable="0">
   <LocalValue Value="Yes">
    <Measure ID="26">
     <Signs/>
    </Measure>
   </LocalValue>
   <Feature ID="48323">
    <Measure ID="26" Sign="">
     <Signs/>
    </Measure>
    <Name ID="9171187" langid="1" Value="Backtrack"/>
   </Feature>
  </ProductFeature>
  <ProductFeature Localized="0" ID="835458309" Local_ID="0" Value="Y" CategoryFeature_ID="122840" CategoryFeatureGroup_ID="26690" No="101000" Optional="0" Presentation_Value="Yes" Translated="1" Mandatory="1" Searchable="0">
   <LocalValue Value="Yes">
    <Measure ID="26">
     <Signs/>
    </Measure>
   </LocalValue>
   <Feature ID="6702">
    <Measure ID="26" Sign="">
     <Signs/>
    </Measure>
    <Name ID="249129" langid="1" Value="Heart rate monitor"/>
   </Feature>
  </ProductFeature>
  <ProductFeature Localized="0" ID="835458606" Local_ID="0" Value="Accessibility Shortcut,AssistiveTouch,Audio Volume Balance,Auto Transcription,Auto-Answer Calls,Bold Text,Button Click Speed,Color Filters,Hourly Chimes,Increase Contrast,Live Listen,Live Speech,Mono Audio,On/Off Labels,Personal Voice,RTT Support,Reduce Motion,Reduce Transparency,Taptic Time,Text Size,Touch Accommodations,Type to Siri,VoiceOver,Zoom" CategoryFeature_ID="967686" CategoryFeatureGroup_ID="26690" No="101500" Optional="0" Presentation_Value="Accessibility Shortcut, AssistiveTouch, Audio Volume Balance, Auto Transcription, Auto-Answer Calls, Bold Text, Button Click Speed, Color Filters, Hourly Chimes, Increase Contrast, Live Listen, Live Speech, Mono Audio, On/Off Labels, Personal Voice, RTT Support, Reduce Motion, Reduce Transparency, Taptic Time, Text Size, Touch Accommodations, Type to Siri, VoiceOver, Zoom" Translated="1" Mandatory="0" Searchable="0">
   <LocalValue Value="Accessibility Shortcut, AssistiveTouch, Audio Volume Balance, Auto Transcription, Auto-Answer Calls, Bold Text, Button Click Speed, Color Filters, Hourly Chimes, Increase Contrast, Live Listen, Live Speech, Mono Audio, On/Off Labels, Personal Voice, RTT Support, Reduce Motion, Reduce Transparency, Taptic Time, Text Size, Touch Accommodations, Type to Siri, VoiceOver, Zoom">
    <Measure ID="29">
     <Signs/>
    </Measure>
   </LocalValue>
   <Feature ID="43091">
    <Measure ID="29" Sign="">
     <Signs/>
    </Measure>
    <Name ID="7381643" langid="1" Value="Accessibility features"/>
   </Feature>
  </ProductFeature>
  <ProductFeature Localized="0" ID="835458560" Local_ID="0" Value="Electrical,Optical" CategoryFeature_ID="270640" CategoryFeatureGroup_ID="26690" No="100997" Optional="0" Presentation_Value="Electrical, Optical" Translated="1" Mandatory="0" Searchable="0">
   <LocalValue Value="Electrical, Optical">
    <Measure ID="29">
     <Signs/>
    </Measure>
   </LocalValue>
   <Feature ID="37164">
    <Measure ID="29" Sign="">
     <Signs/>
    </Measure>
    <Name ID="4459803" langid="1" Value="Heart rate sensor type"/>
   </Feature>
  </ProductFeature>
  <ProductFeature Localized="0" ID="835458600" Local_ID="0" Value="Y" CategoryFeature_ID="595164" CategoryFeatureGroup_ID="26690" No="100979" Optional="0" Presentation_Value="Yes" Translated="1" Mandatory="0" Searchable="0">
   <LocalValue Value="Yes">
    <Measure ID="26">
     <Signs/>
    </Measure>
   </LocalValue>
   <Feature ID="42444">
    <Measure ID="26" Sign="">
     <Signs/>
    </Measure>
    <Name ID="6860896" langid="1" Value="Blood oxygen sensor"/>
   </Feature>
  </ProductFeature>
  <ProductFeature Localized="0" ID="835458627" Local_ID="0" Value="Y" CategoryFeature_ID="967680" CategoryFeatureGroup_ID="26690" No="100970" Optional="0" Presentation_Value="Yes" Translated="1" Mandatory="0" Searchable="0">
   <LocalValue Value="Yes">
    <Measure ID="26">
     <Signs/>
    </Measure>
   </LocalValue>
   <Feature ID="48320">
    <Measure ID="26" Sign="">
     <Signs/>
    </Measure>
    <Name ID="9170950" langid="1" Value="Depth gauge sensor"/>
   </Feature>
  </ProductFeature>
  <ProductFeature Localized="0" ID="835458629" Local_ID="0" Value="Y" CategoryFeature_ID="967681" CategoryFeatureGroup_ID="26690" No="100969" Optional="0" Presentation_Value="Yes" Translated="1" Mandatory="0" Searchable="0">
   <LocalValue Value="Yes">
    <Measure ID="26">
     <Signs/>
    </Measure>
   </LocalValue>
   <Feature ID="48321">
    <Measure ID="26" Sign="">
     <Signs/>
    </Measure>
    <Name ID="9171029" langid="1" Value="Sleep apnea detection"/>
   </Feature>
  </ProductFeature>
  <ProductFeature Localized="0" ID="835458520" Local_ID="0" Value="Y" CategoryFeature_ID="292361" CategoryFeatureGroup_ID="26690" No="100950" Optional="0" Presentation_Value="Yes" Translated="1" Mandatory="0" Searchable="0">
   <LocalValue Value="Yes">
    <Measure ID="26">
     <Signs/>
    </Measure>
   </LocalValue>
   <Feature ID="26789">
    <Measure ID="26" Sign="">
     <Signs/>
    </Measure>
    <Name ID="2299913" langid="1" Value="Distance travelled"/>
   </Feature>
  </ProductFeature>
  <ProductFeature Localized="0" ID="835458390" Local_ID="0" Value="Y" CategoryFeature_ID="85349" CategoryFeatureGroup_ID="26690" No="100750" Optional="0" Presentation_Value="Yes" Translated="1" Mandatory="0" Searchable="0">
   <LocalValue Value="Yes">
    <Measure ID="26">
     <Signs/>
    </Measure>
   </LocalValue>
   <Feature ID="9731">
    <Measure ID="26" Sign="">
     <Signs/>
    </Measure>
    <Name ID="811310" langid="1" Value="Accelerometer"/>
   </Feature>
  </ProductFeature>
  <ProductFeature Localized="0" ID="835458395" Local_ID="0" Value="Y" CategoryFeature_ID="122839" CategoryFeatureGroup_ID="26690" No="100730" Optional="0" Presentation_Value="Yes" Translated="1" Mandatory="0" Searchable="0">
   <LocalValue Value="Yes">
    <Measure ID="26">
     <Signs/>
    </Measure>
   </LocalValue>
   <Feature ID="9732">
    <Measure ID="26" Sign="">
     <Signs/>
    </Measure>
    <Name ID="811351" langid="1" Value="Gyroscope"/>
   </Feature>
  </ProductFeature>
  <ProductFeature Localized="0" ID="835458556" Local_ID="0" Value="Y" CategoryFeature_ID="257982" CategoryFeatureGroup_ID="26690" No="100600" Optional="0" Presentation_Value="Yes" Translated="1" Mandatory="0" Searchable="0">
   <LocalValue Value="Yes">
    <Measure ID="29">
     <Signs/>
    </Measure>
   </LocalValue>
   <Feature ID="36666">
    <Measure ID="29" Sign="">
     <Signs/>
    </Measure>
    <Name ID="4367361" langid="1" Value="Activity tracker"/>
   </Feature>
  </ProductFeature>
  <ProductFeature Localized="0" ID="835458509" Local_ID="0" Value="Y" CategoryFeature_ID="234753" CategoryFeatureGroup_ID="26690" No="100580" Optional="0" Presentation_Value="Yes" Translated="1" Mandatory="0" Searchable="0">
   <LocalValue Value="Yes">
    <Measure ID="26">
     <Signs/>
    </Measure>
   </LocalValue>
   <Feature ID="25442">
    <Measure ID="26" Sign="">
     <Signs/>
    </Measure>
    <Name ID="2149922" langid="1" Value="Multisport mode"/>
   </Feature>
  </ProductFeature>
  <ProductFeature Localized="0" ID="835458526" Local_ID="0" Value="Y" CategoryFeature_ID="234762" CategoryFeatureGroup_ID="26690" No="100570" Optional="0" Presentation_Value="Yes" Translated="1" Mandatory="0" Searchable="0">
   <LocalValue Value="Yes">
    <Measure ID="26">
     <Signs/>
    </Measure>
   </LocalValue>
   <Feature ID="26791">
    <Measure ID="26" Sign="">
     <Signs/>
    </Measure>
    <Name ID="2300015" langid="1" Value="Quality of sleep"/>
   </Feature>
  </ProductFeature>
  <ProductFeature Localized="0" ID="835458623" Local_ID="0" Value="Y" CategoryFeature_ID="940600" CategoryFeatureGroup_ID="26690" No="100015" Optional="0" Presentation_Value="Yes" Translated="1" Mandatory="0" Searchable="0">
   <LocalValue Value="Yes">
    <Measure ID="26">
     <Signs/>
    </Measure>
   </LocalValue>
   <Feature ID="47127">
    <Measure ID="26" Sign="">
     <Signs/>
    </Measure>
    <Name ID="8768852" langid="1" Value="Double tap gesture"/>
   </Feature>
  </ProductFeature>
  <ProductFeature Localized="0" ID="835458625" Local_ID="0" Value="Y" CategoryFeature_ID="940602" CategoryFeatureGroup_ID="26690" No="100015" Optional="0" Presentation_Value="Yes" Translated="1" Mandatory="0" Searchable="0">
   <LocalValue Value="Yes">
    <Measure ID="26">
     <Signs/>
    </Measure>
   </LocalValue>
   <Feature ID="47129">
    <Measure ID="26" Sign="">
     <Signs/>
    </Measure>
    <Name ID="8769006" langid="1" Value="Irregular rhythm notifications"/>
   </Feature>
  </ProductFeature>
  <ProductFeature Localized="0" ID="835458581" Local_ID="0" Value="Y" CategoryFeature_ID="712542" CategoryFeatureGroup_ID="26690" No="100009" Optional="0" Presentation_Value="Yes" Translated="1" Mandatory="0" Searchable="0">
   <LocalValue Value="Yes">
    <Measure ID="26">
     <Signs/>
    </Measure>
   </LocalValue>
   <Feature ID="39897">
    <Measure ID="26" Sign="">
     <Signs/>
    </Measure>
    <Name ID="5692651" langid="1" Value="SOS alert function"/>
   </Feature>
  </ProductFeature>
  <ProductFeature Localized="0" ID="835458280" Local_ID="0" Value="SOS" CategoryFeature_ID="85367" CategoryFeatureGroup_ID="26690" No="100002" Optional="0" Presentation_Value="SOS" Translated="0" Mandatory="0" Searchable="0">
   <LocalValue Value="SOS">
    <Measure ID="29">
     <Signs/>
    </Measure>
   </LocalValue>
   <Feature ID="4277">
    <Measure ID="29" Sign="">
     <Signs/>
    </Measure>
    <Name ID="59896" langid="1" Value="Personal info management (PIM)"/>
   </Feature>
  </ProductFeature>
  <ProductFeature Localized="0" ID="835458358" Local_ID="0" Value="Y" CategoryFeature_ID="122838" CategoryFeatureGroup_ID="26690" No="100000" Optional="0" Presentation_Value="Yes" Translated="1" Mandatory="0" Searchable="0">
   <LocalValue Value="Yes">
    <Measure ID="26">
     <Signs/>
    </Measure>
   </LocalValue>
   <Feature ID="8720">
    <Measure ID="26" Sign="">
     <Signs/>
    </Measure>
    <Name ID="733782" langid="1" Value="Ambient light sensor"/>
   </Feature>
  </ProductFeature>
  <ProductFeature Localized="0" ID="835458539" Local_ID="0" Value="Apple Siri" CategoryFeature_ID="234756" CategoryFeatureGroup_ID="26690" No="100000" Optional="0" Presentation_Value="Apple Siri" Translated="0" Mandatory="0" Searchable="0">
   <LocalValue Value="Apple Siri">
    <Measure ID="29">
     <Signs/>
    </Measure>
   </LocalValue>
   <Feature ID="31445">
    <Measure ID="29" Sign="">
     <Signs/>
    </Measure>
    <Name ID="3153065" langid="1" Value="Virtual assistant"/>
   </Feature>
  </ProductFeature>
  <ProductFeature Localized="0" ID="835458566" Local_ID="0" Value="Y" CategoryFeature_ID="270641" CategoryFeatureGroup_ID="26690" No="100000" Optional="0" Presentation_Value="Yes" Translated="1" Mandatory="0" Searchable="0">
   <LocalValue Value="Yes">
    <Measure ID="26">
     <Signs/>
    </Measure>
   </LocalValue>
   <Feature ID="37165">
    <Measure ID="26" Sign="">
     <Signs/>
    </Measure>
    <Name ID="4459857" langid="1" Value="Haptic feedback"/>
   </Feature>
  </ProductFeature>
  <ProductFeature Localized="0" ID="835458205" Local_ID="0" Value="Y" CategoryFeature_ID="317542" CategoryFeatureGroup_ID="26690" No="100000" Optional="0" Presentation_Value="Yes" Translated="1" Mandatory="0" Searchable="0">
   <LocalValue Value="Yes">
    <Measure ID="26">
     <Signs/>
    </Measure>
   </LocalValue>
   <Feature ID="1733">
    <Measure ID="26" Sign="">
     <Signs/>
    </Measure>
    <Name ID="5409" langid="1" Value="Electronic compass"/>
   </Feature>
  </ProductFeature>
  <ProductFeature Localized="0" ID="835458613" Local_ID="0" Value="Y" CategoryFeature_ID="712540" CategoryFeatureGroup_ID="26690" No="100000" Optional="0" Presentation_Value="Yes" Translated="1" Mandatory="0" Searchable="0">
   <LocalValue Value="Yes">
    <Measure ID="26">
     <Signs/>
    </Measure>
   </LocalValue>
   <Feature ID="43799">
    <Measure ID="26" Sign="">
     <Signs/>
    </Measure>
    <Name ID="7806238" langid="1" Value="Skin temperature sensor"/>
   </Feature>
  </ProductFeature>
  <ProductFeature Localized="0" ID="835911266" Local_ID="0" Value="Cooldown,Cycling,Dance,Elliptical,Golf,HIIT,Hiking,Kickboxing,Outdoor rowing,Paddling,Pilates,Running,Skiing,Snowboarding,Stair stepper,Swimming,Tai Chi,Walking,Wheelchair,Yoga" CategoryFeature_ID="891321" CategoryFeatureGroup_ID="26690" No="100000" Optional="0" Presentation_Value="Cooldown, Cycling, Dance, Elliptical, Golf, HIIT, Hiking, Kickboxing, Outdoor rowing, Paddling, Pilates, Running, Skiing, Snowboarding, Stair stepper, Swimming, Tai Chi, Walking, Wheelchair, Yoga" Translated="1" Mandatory="0" Searchable="0">
   <LocalValue Value="Cooldown, Cycling, Dance, Elliptical, Golf, HIIT, Hiking, Kickboxing, Outdoor rowing, Paddling, Pilates, Running, Skiing, Snowboarding, Stair stepper, Swimming, Tai Chi, Walking, Wheelchair, Yoga">
    <Measure ID="29">
     <Signs/>
    </Measure>
   </LocalValue>
   <Feature ID="17052">
    <Measure ID="29" Sign="">
     <Signs/>
    </Measure>
    <Name ID="1226050" langid="1" Value="Recommended activity"/>
   </Feature>
  </ProductFeature>
  <ProductFeature Localized="0" ID="835458515" Local_ID="0" Value="Y" CategoryFeature_ID="891335" CategoryFeatureGroup_ID="26690" No="100000" Optional="0" Presentation_Value="Yes" Translated="1" Mandatory="0" Searchable="0">
   <LocalValue Value="Yes">
    <Measure ID="26">
     <Signs/>
    </Measure>
   </LocalValue>
   <Feature ID="25446">
    <Measure ID="26" Sign="">
     <Signs/>
    </Measure>
    <Name ID="2150129" langid="1" Value="Virtual pacer function"/>
   </Feature>
  </ProductFeature>
  <ProductFeature Localized="0" ID="835458529" Local_ID="0" Value="Y" CategoryFeature_ID="891340" CategoryFeatureGroup_ID="26690" No="100000" Optional="0" Presentation_Value="Yes" Translated="1" Mandatory="0" Searchable="0">
   <LocalValue Value="Yes">
    <Measure ID="26">
     <Signs/>
    </Measure>
   </LocalValue>
   <Feature ID="26792">
    <Measure ID="26" Sign="">
     <Signs/>
    </Measure>
    <Name ID="2300066" langid="1" Value="Workout tracking"/>
   </Feature>
  </ProductFeature>
  <ProductFeature Localized="0" ID="835458321" Local_ID="0" Value="Y" CategoryFeature_ID="926907" CategoryFeatureGroup_ID="26690" No="100000" Optional="0" Presentation_Value="Yes" Translated="1" Mandatory="0" Searchable="0">
   <LocalValue Value="Yes">
    <Measure ID="26">
     <Signs/>
    </Measure>
   </LocalValue>
   <Feature ID="7512">
    <Measure ID="26" Sign="">
     <Signs/>
    </Measure>
    <Name ID="566346" langid="1" Value="Water temperature sensor"/>
   </Feature>
  </ProductFeature>
  <ProductFeature Localized="0" ID="835458331" Local_ID="0" Value="Y" CategoryFeature_ID="186993" CategoryFeatureGroup_ID="26690" No="99997" Optional="0" Presentation_Value="Yes" Translated="1" Mandatory="0" Searchable="0">
   <LocalValue Value="Yes">
    <Measure ID="29">
     <Signs/>
    </Measure>
   </LocalValue>
   <Feature ID="7608">
    <Measure ID="29" Sign="">
     <Signs/>
    </Measure>
    <Name ID="590427" langid="1" Value="Altimeter"/>
   </Feature>
  </ProductFeature>
  <ProductFeature Localized="0" ID="835458504" Local_ID="0" Value="N" CategoryFeature_ID="336994" CategoryFeatureGroup_ID="10361" No="100105" Optional="0" Presentation_Value="No" Translated="1" Mandatory="1" Searchable="0">
   <LocalValue Value="No">
    <Measure ID="26">
     <Signs/>
    </Measure>
   </LocalValue>
   <Feature ID="24557">
    <Measure ID="26" Sign="">
     <Signs/>
    </Measure>
    <Name ID="2025856" langid="1" Value="Mobile network connection"/>
   </Feature>
  </ProductFeature>
  <ProductFeature Localized="0" ID="835458584" Local_ID="0" Value="Not supported" CategoryFeature_ID="336995" CategoryFeatureGroup_ID="10361" No="100104" Optional="0" Presentation_Value="Not supported" Translated="1" Mandatory="0" Searchable="0">
   <LocalValue Value="Not supported">
    <Measure ID="29">
     <Signs/>
    </Measure>
   </LocalValue>
   <Feature ID="40629">
    <Measure ID="29" Sign="">
     <Signs/>
    </Measure>
    <Name ID="5941610" langid="1" Value="Mobile network generation"/>
   </Feature>
  </ProductFeature>
  <ProductFeature Localized="0" ID="835458254" Local_ID="0" Value="Y" CategoryFeature_ID="94693" CategoryFeatureGroup_ID="10361" No="99870" Optional="0" Presentation_Value="Yes" Translated="1" Mandatory="0" Searchable="0">
   <LocalValue Value="Yes">
    <Measure ID="26">
     <Signs/>
    </Measure>
   </LocalValue>
   <Feature ID="3329">
    <Measure ID="26" Sign="">
     <Signs/>
    </Measure>
    <Name ID="31840" langid="1" Value="GPS (satellite)"/>
   </Feature>
  </ProductFeature>
  <ProductFeature Localized="0" ID="835458535" Local_ID="0" Value="Y" CategoryFeature_ID="591390" CategoryFeatureGroup_ID="10361" No="99869" Optional="0" Presentation_Value="Yes" Translated="1" Mandatory="0" Searchable="0">
   <LocalValue Value="Yes">
    <Measure ID="26">
     <Signs/>
    </Measure>
   </LocalValue>
   <Feature ID="28694">
    <Measure ID="26" Sign="">
     <Signs/>
    </Measure>
    <Name ID="2579566" langid="1" Value="BeiDou"/>
   </Feature>
  </ProductFeature>
  <ProductFeature Localized="0" ID="835458437" Local_ID="0" Value="Y" CategoryFeature_ID="217813" CategoryFeatureGroup_ID="10361" No="99865" Optional="0" Presentation_Value="Yes" Translated="1" Mandatory="0" Searchable="0">
   <LocalValue Value="Yes">
    <Measure ID="26">
     <Signs/>
    </Measure>
   </LocalValue>
   <Feature ID="15618">
    <Measure ID="26" Sign="">
     <Signs/>
    </Measure>
    <Name ID="1177617" langid="1" Value="GLONASS"/>
   </Feature>
  </ProductFeature>
  <ProductFeature Localized="0" ID="835458542" Local_ID="0" Value="Y" CategoryFeature_ID="270635" CategoryFeatureGroup_ID="10361" No="99860" Optional="0" Presentation_Value="Yes" Translated="1" Mandatory="0" Searchable="0">
   <LocalValue Value="Yes">
    <Measure ID="26">
     <Signs/>
    </Measure>
   </LocalValue>
   <Feature ID="33685">
    <Measure ID="26" Sign="">
     <Signs/>
    </Measure>
    <Name ID="3435258" langid="1" Value="Galileo"/>
   </Feature>
  </ProductFeature>
  <ProductFeature Localized="0" ID="835458547" Local_ID="0" Value="Y" CategoryFeature_ID="270636" CategoryFeatureGroup_ID="10361" No="99855" Optional="0" Presentation_Value="Yes" Translated="1" Mandatory="0" Searchable="0">
   <LocalValue Value="Yes">
    <Measure ID="26">
     <Signs/>
    </Measure>
   </LocalValue>
   <Feature ID="33686">
    <Measure ID="26" Sign="">
     <Signs/>
    </Measure>
    <Name ID="3435312" langid="1" Value="Quasi-Zenith Satellite System (QZSS)"/>
   </Feature>
  </ProductFeature>
  <ProductFeature Localized="0" ID="835458497" Local_ID="0" Value="N" CategoryFeature_ID="208481" CategoryFeatureGroup_ID="9989" No="10200079" Optional="0" Presentation_Value="No" Translated="1" Mandatory="1" Searchable="1">
   <LocalValue Value="No">
    <Measure ID="26">
     <Signs/>
    </Measure>
   </LocalValue>
   <Feature ID="23798">
    <Measure ID="26" Sign="">
     <Signs/>
    </Measure>
    <Name ID="1953766" langid="1" Value="USB port"/>
   </Feature>
  </ProductFeature>
  <ProductFeature Localized="0" ID="835458249" Local_ID="0" Value="Y" CategoryFeature_ID="94698" CategoryFeatureGroup_ID="9989" No="10100050" Optional="0" Presentation_Value="Yes" Translated="1" Mandatory="1" Searchable="1">
   <LocalValue Value="Yes">
    <Measure ID="26">
     <Signs/>
    </Measure>
   </LocalValue>
   <Feature ID="3239">
    <Measure ID="26" Sign="">
     <Signs/>
    </Measure>
    <Name ID="30766" langid="1" Value="Wi-Fi"/>
   </Feature>
  </ProductFeature>
  <ProductFeature Localized="0" ID="835458179" Local_ID="0" Value="5.3" CategoryFeature_ID="85356" CategoryFeatureGroup_ID="9989" No="10100045" Optional="0" Presentation_Value="5.3" Translated="0" Mandatory="1" Searchable="1">
   <LocalValue Value="5.3">
    <Measure ID="29">
     <Signs/>
    </Measure>
   </LocalValue>
   <Feature ID="1208">
    <Measure ID="29" Sign="">
     <Signs/>
    </Measure>
    <Name ID="3957" langid="1" Value="Bluetooth version"/>
   </Feature>
  </ProductFeature>
  <ProductFeature Localized="0" ID="835458401" Local_ID="0" Value="Y" CategoryFeature_ID="95622" CategoryFeatureGroup_ID="9989" No="100100" Optional="0" Presentation_Value="Yes" Translated="1" Mandatory="1" Searchable="0">
   <LocalValue Value="Yes">
    <Measure ID="26">
     <Signs/>
    </Measure>
   </LocalValue>
   <Feature ID="10157">
    <Measure ID="26" Sign="">
     <Signs/>
    </Measure>
    <Name ID="878154" langid="1" Value="Near Field Communication (NFC)"/>
   </Feature>
  </ProductFeature>
  <ProductFeature Localized="0" ID="835458274" Local_ID="0" Value="Bluetooth" CategoryFeature_ID="85350" CategoryFeatureGroup_ID="9989" No="100025" Optional="0" Presentation_Value="Bluetooth" Translated="1" Mandatory="1" Searchable="0">
   <LocalValue Value="Bluetooth">
    <Measure ID="29">
     <Signs/>
    </Measure>
   </LocalValue>
   <Feature ID="4163">
    <Measure ID="29" Sign="">
     <Signs/>
    </Measure>
    <Name ID="59050" langid="1" Value="Headphone connectivity"/>
   </Feature>
  </ProductFeature>
  <ProductFeature Localized="0" ID="835458112" Local_ID="0" Value="Wi-Fi 4 (802.11n)" CategoryFeature_ID="122837" CategoryFeatureGroup_ID="9989" No="10100049" Optional="0" Presentation_Value="Wi-Fi 4 (802.11n)" Translated="0" Mandatory="0" Searchable="0">
   <LocalValue Value="Wi-Fi 4 (802.11n)">
    <Measure ID="29">
     <Signs/>
    </Measure>
   </LocalValue>
   <Feature ID="432">
    <Measure ID="29" Sign="">
     <Signs/>
    </Measure>
    <Name ID="2231" langid="1" Value="Wi-Fi standards"/>
   </Feature>
  </ProductFeature>
  <ProductFeature Localized="0" ID="835458220" Local_ID="0" Value="Y" CategoryFeature_ID="94696" CategoryFeatureGroup_ID="9989" No="10100045" Optional="0" Presentation_Value="Yes" Translated="1" Mandatory="0" Searchable="0">
   <LocalValue Value="Yes">
    <Measure ID="26">
     <Signs/>
    </Measure>
   </LocalValue>
   <Feature ID="2183">
    <Measure ID="26" Sign="">
     <Signs/>
    </Measure>
    <Name ID="11148" langid="1" Value="Bluetooth"/>
   </Feature>
  </ProductFeature>
  <ProductFeature Localized="0" ID="835458587" Local_ID="0" Value="Y" CategoryFeature_ID="332074" CategoryFeatureGroup_ID="9989" No="10100043" Optional="0" Presentation_Value="Yes" Translated="1" Mandatory="0" Searchable="0">
   <LocalValue Value="Yes">
    <Measure ID="26">
     <Signs/>
    </Measure>
   </LocalValue>
   <Feature ID="40984">
    <Measure ID="26" Sign="">
     <Signs/>
    </Measure>
    <Name ID="6298256" langid="1" Value="Bluetooth Low Energy (BLE)"/>
   </Feature>
  </ProductFeature>
  <ProductFeature Localized="0" ID="835458143" Local_ID="0" Value="Built-in battery" CategoryFeature_ID="319967" CategoryFeatureGroup_ID="9984" No="100105" Optional="0" Presentation_Value="Built-in battery" Translated="1" Mandatory="1" Searchable="0">
   <LocalValue Value="Built-in battery">
    <Measure ID="29">
     <Signs/>
    </Measure>
   </LocalValue>
   <Feature ID="908">
    <Measure ID="29" Sign="">
     <Signs/>
    </Measure>
    <Name ID="3357" langid="1" Value="Battery type"/>
   </Feature>
  </ProductFeature>
  <ProductFeature Localized="0" ID="835458120" Local_ID="0" Value="Lithium-Ion (Li-Ion)" CategoryFeature_ID="85333" CategoryFeatureGroup_ID="9984" No="100100" Optional="0" Presentation_Value="Lithium-Ion (Li-Ion)" Translated="1" Mandatory="1" Searchable="0">
   <LocalValue Value="Lithium-Ion (Li-Ion)">
    <Measure ID="29">
     <Signs/>
    </Measure>
   </LocalValue>
   <Feature ID="434">
    <Measure ID="29" Sign="">
     <Signs/>
    </Measure>
    <Name ID="2235" langid="1" Value="Battery technology"/>
   </Feature>
  </ProductFeature>
  <ProductFeature Localized="0" ID="835458200" Local_ID="0" Value="38" CategoryFeature_ID="271071" CategoryFeatureGroup_ID="9984" No="100075" Optional="0" Presentation_Value="38 h" Translated="0" Mandatory="1" Searchable="0">
   <LocalValue Value="38">
    <Measure ID="46">
     <Signs>
      <Sign ID="30" langid="1"><![CDATA[h]]></Sign>
     </Signs>
    </Measure>
   </LocalValue>
   <Feature ID="1721">
    <Measure ID="46" Sign="">
     <Signs>
      <Sign ID="30" langid="1"><![CDATA[h]]></Sign>
     </Signs>
    </Measure>
    <Name ID="5385" langid="1" Value="Battery life (max)"/>
   </Feature>
  </ProductFeature>
  <ProductFeature Localized="0" ID="835458409" Local_ID="0" Value="24" CategoryFeature_ID="891361" CategoryFeatureGroup_ID="9984" No="100060" Optional="0" Presentation_Value="24 h" Translated="0" Mandatory="0" Searchable="0">
   <LocalValue Value="24">
    <Measure ID="46">
     <Signs>
      <Sign ID="30" langid="1"><![CDATA[h]]></Sign>
     </Signs>
    </Measure>
   </LocalValue>
   <Feature ID="10740">
    <Measure ID="46" Sign="">
     <Signs>
      <Sign ID="30" langid="1"><![CDATA[h]]></Sign>
     </Signs>
    </Measure>
    <Name ID="933284" langid="1" Value="Battery life"/>
   </Feature>
  </ProductFeature>
  <ProductFeature Localized="0" ID="835458421" Local_ID="0" Value="Y" CategoryFeature_ID="133476" CategoryFeatureGroup_ID="9984" No="100000" Optional="0" Presentation_Value="Yes" Translated="1" Mandatory="0" Searchable="0">
   <LocalValue Value="Yes">
    <Measure ID="26">
     <Signs/>
    </Measure>
   </LocalValue>
   <Feature ID="12148">
    <Measure ID="26" Sign="">
     <Signs/>
    </Measure>
    <Name ID="1087259" langid="1" Value="Wireless charging"/>
   </Feature>
  </ProductFeature>
  <ProductFeature Localized="0" ID="835458572" Local_ID="0" Value="0.5" CategoryFeature_ID="295518" CategoryFeatureGroup_ID="9984" No="100000" Optional="0" Presentation_Value="0.5 h" Translated="0" Mandatory="0" Searchable="0">
   <LocalValue Value="0.5">
    <Measure ID="46">
     <Signs>
      <Sign ID="30" langid="1"><![CDATA[h]]></Sign>
     </Signs>
    </Measure>
   </LocalValue>
   <Feature ID="37893">
    <Measure ID="46" Sign="">
     <Signs>
      <Sign ID="30" langid="1"><![CDATA[h]]></Sign>
     </Signs>
    </Measure>
    <Name ID="5142369" langid="1" Value="Battery recharge time(80%)"/>
   </Feature>
  </ProductFeature>
  <ProductFeature Localized="0" ID="835458174" Local_ID="0" Value="0 - 35" CategoryFeature_ID="129940" CategoryFeatureGroup_ID="14029" No="100020" Optional="0" Presentation_Value="0 - 35 °C" Translated="0" Mandatory="0" Searchable="0">
   <LocalValue Value="0 - 35">
    <Measure ID="65">
     <Signs>
      <Sign ID="48" langid="1"><![CDATA[°C]]></Sign>
     </Signs>
    </Measure>
   </LocalValue>
   <Feature ID="1112">
    <Measure ID="65" Sign="">
     <Signs>
      <Sign ID="48" langid="1"><![CDATA[°C]]></Sign>
     </Signs>
    </Measure>
    <Name ID="3765" langid="1" Value="Operating temperature (T-T)"/>
   </Feature>
  </ProductFeature>
  <ProductFeature Localized="0" ID="835458131" Local_ID="0" Value="-20 - 45" CategoryFeature_ID="129941" CategoryFeatureGroup_ID="14029" No="100018" Optional="0" Presentation_Value="-20 - 45 °C" Translated="0" Mandatory="0" Searchable="0">
   <LocalValue Value="-20 - 45">
    <Measure ID="65">
     <Signs>
      <Sign ID="48" langid="1"><![CDATA[°C]]></Sign>
     </Signs>
    </Measure>
   </LocalValue>
   <Feature ID="757">
    <Measure ID="65" Sign="">
     <Signs>
      <Sign ID="48" langid="1"><![CDATA[°C]]></Sign>
     </Signs>
    </Measure>
    <Name ID="3045" langid="1" Value="Storage temperature (T-T)"/>
   </Feature>
  </ProductFeature>
  <ProductFeature Localized="0" ID="835458127" Local_ID="0" Value="5 - 90" CategoryFeature_ID="129942" CategoryFeatureGroup_ID="14029" No="100015" Optional="0" Presentation_Value="5 - 90%" Translated="0" Mandatory="0" Searchable="0">
   <LocalValue Value="5 - 90">
    <Measure ID="64">
     <Signs>
      <Sign ID="47" langid="1"><![CDATA[%]]></Sign>
     </Signs>
    </Measure>
   </LocalValue>
   <Feature ID="703">
    <Measure ID="64" Sign="">
     <Signs>
      <Sign ID="47" langid="1"><![CDATA[%]]></Sign>
     </Signs>
    </Measure>
    <Name ID="2937" langid="1" Value="Operating relative humidity (H-H)"/>
   </Feature>
  </ProductFeature>
  <ProductFeature Localized="0" ID="835458125" Local_ID="0" Value="0 - 3000" CategoryFeature_ID="129944" CategoryFeatureGroup_ID="14029" No="100010" Optional="0" Presentation_Value="0 - 3000 m" Translated="0" Mandatory="0" Searchable="0">
   <LocalValue Value="0 - 3000">
    <Measure ID="54">
     <Signs>
      <Sign ID="37" langid="1"><![CDATA[m]]></Sign>
     </Signs>
    </Measure>
   </LocalValue>
   <Feature ID="667">
    <Measure ID="54" Sign="">
     <Signs>
      <Sign ID="37" langid="1"><![CDATA[m]]></Sign>
     </Signs>
    </Measure>
    <Name ID="2865" langid="1" Value="Operating altitude"/>
   </Feature>
  </ProductFeature>
  <ProductFeature Localized="0" ID="835458193" Local_ID="0" Value="36" CategoryFeature_ID="85294" CategoryFeatureGroup_ID="9976" No="100100" Optional="0" Presentation_Value="36 mm" Translated="0" Mandatory="0" Searchable="0">
   <LocalValue Value="36">
    <Measure ID="24">
     <Signs>
      <Sign ID="3" langid="1"><![CDATA[mm]]></Sign>
     </Signs>
    </Measure>
   </LocalValue>
   <Feature ID="1649">
    <Measure ID="24" Sign="">
     <Signs>
      <Sign ID="3" langid="1"><![CDATA[mm]]></Sign>
     </Signs>
    </Measure>
    <Name ID="5143" langid="1" Value="Width"/>
   </Feature>
  </ProductFeature>
  <ProductFeature Localized="0" ID="835458198" Local_ID="0" Value="9.7" CategoryFeature_ID="85299" CategoryFeatureGroup_ID="9976" No="100099" Optional="0" Presentation_Value="9.7 mm" Translated="0" Mandatory="0" Searchable="0">
   <LocalValue Value="9.7">
    <Measure ID="24">
     <Signs>
      <Sign ID="3" langid="1"><![CDATA[mm]]></Sign>
     </Signs>
    </Measure>
   </LocalValue>
   <Feature ID="1650">
    <Measure ID="24" Sign="">
     <Signs>
      <Sign ID="3" langid="1"><![CDATA[mm]]></Sign>
     </Signs>
    </Measure>
    <Name ID="5145" langid="1" Value="Depth"/>
   </Feature>
  </ProductFeature>
  <ProductFeature Localized="0" ID="835458232" Local_ID="0" Value="42" CategoryFeature_ID="85296" CategoryFeatureGroup_ID="9976" No="100095" Optional="0" Presentation_Value="4.2 cm" Translated="0" Mandatory="0" Searchable="0">
   <LocalValue Value="4.2">
    <Measure ID="34">
     <Signs>
      <Sign ID="18" langid="1"><![CDATA[cm]]></Sign>
     </Signs>
    </Measure>
   </LocalValue>
   <Feature ID="2757">
    <Measure ID="24" Sign="">
     <Signs>
      <Sign ID="3" langid="1"><![CDATA[mm]]></Sign>
     </Signs>
    </Measure>
    <Name ID="13956" langid="1" Value="Thickness"/>
   </Feature>
  </ProductFeature>
  <ProductFeature Localized="0" ID="835458105" Local_ID="0" Value="30.3" CategoryFeature_ID="85297" CategoryFeatureGroup_ID="9976" No="100094" Optional="0" Presentation_Value="30.3 g" Translated="0" Mandatory="0" Searchable="0">
   <LocalValue Value="30.3">
    <Measure ID="38">
     <Signs>
      <Sign ID="22" langid="1"><![CDATA[g]]></Sign>
     </Signs>
    </Measure>
   </LocalValue>
   <Feature ID="94">
    <Measure ID="38" Sign="">
     <Signs>
      <Sign ID="22" langid="1"><![CDATA[g]]></Sign>
     </Signs>
    </Measure>
    <Name ID="1525" langid="1" Value="Weight"/>
   </Feature>
  </ProductFeature>
  <ProductFeature Localized="0" ID="835458270" Local_ID="0" Value="77" CategoryFeature_ID="85361" CategoryFeatureGroup_ID="9985" No="99989" Optional="0" Presentation_Value="77 mm" Translated="0" Mandatory="0" Searchable="0">
   <LocalValue Value="77">
    <Measure ID="24">
     <Signs>
      <Sign ID="3" langid="1"><![CDATA[mm]]></Sign>
     </Signs>
    </Measure>
   </LocalValue>
   <Feature ID="3808">
    <Measure ID="24" Sign="">
     <Signs>
      <Sign ID="3" langid="1"><![CDATA[mm]]></Sign>
     </Signs>
    </Measure>
    <Name ID="44095" langid="1" Value="Package width"/>
   </Feature>
  </ProductFeature>
  <ProductFeature Localized="0" ID="835458258" Local_ID="0" Value="240" CategoryFeature_ID="85362" CategoryFeatureGroup_ID="9985" No="99988" Optional="0" Presentation_Value="240 mm" Translated="0" Mandatory="0" Searchable="0">
   <LocalValue Value="240">
    <Measure ID="24">
     <Signs>
      <Sign ID="3" langid="1"><![CDATA[mm]]></Sign>
     </Signs>
    </Measure>
   </LocalValue>
   <Feature ID="3806">
    <Measure ID="24" Sign="">
     <Signs>
      <Sign ID="3" langid="1"><![CDATA[mm]]></Sign>
     </Signs>
    </Measure>
    <Name ID="44061" langid="1" Value="Package depth"/>
   </Feature>
  </ProductFeature>
  <ProductFeature Localized="0" ID="835458263" Local_ID="0" Value="30" CategoryFeature_ID="85363" CategoryFeatureGroup_ID="9985" No="99987" Optional="0" Presentation_Value="30 mm" Translated="0" Mandatory="0" Searchable="0">
   <LocalValue Value="30">
    <Measure ID="24">
     <Signs>
      <Sign ID="3" langid="1"><![CDATA[mm]]></Sign>
     </Signs>
    </Measure>
   </LocalValue>
   <Feature ID="3807">
    <Measure ID="24" Sign="">
     <Signs>
      <Sign ID="3" langid="1"><![CDATA[mm]]></Sign>
     </Signs>
    </Measure>
    <Name ID="44078" langid="1" Value="Package height"/>
   </Feature>
  </ProductFeature>
  <ProductFeature Localized="0" ID="835458137" Local_ID="0" Value="300" CategoryFeature_ID="85364" CategoryFeatureGroup_ID="9985" No="99980" Optional="0" Presentation_Value="300 g" Translated="0" Mandatory="0" Searchable="0">
   <LocalValue Value="300">
    <Measure ID="38">
     <Signs>
      <Sign ID="22" langid="1"><![CDATA[g]]></Sign>
     </Signs>
    </Measure>
   </LocalValue>
   <Feature ID="762">
    <Measure ID="38" Sign="">
     <Signs>
      <Sign ID="22" langid="1"><![CDATA[g]]></Sign>
     </Signs>
    </Measure>
    <Name ID="3055" langid="1" Value="Package weight"/>
   </Feature>
  </ProductFeature>
  <ProductFeature Localized="0" ID="835911265" Local_ID="0" Value="Magnetic Fast Charger to USB‑C" CategoryFeature_ID="85346" CategoryFeatureGroup_ID="15273" No="100000" Optional="0" Presentation_Value="Magnetic Fast Charger to USB‑C" Translated="0" Mandatory="0" Searchable="0">
   <LocalValue Value="Magnetic Fast Charger to USB‑C">
    <Measure ID="29">
     <Signs/>
    </Measure>
   </LocalValue>
   <Feature ID="1830">
    <Measure ID="29" Sign="">
     <Signs/>
    </Measure>
    <Name ID="5653" langid="1" Value="Cables included"/>
   </Feature>
  </ProductFeature>
  <ProductGallery>
   <ProductPicture IsMain="Y" LowPic="https://inishop.com/img/gallery_lows/2b1d3af07438079ccb706c90c9cdee8bea40005b.jpg" LowPicHeight="200" LowPicWidth="200" LowSize="16070" No="1" Original="https://inishop.com/img/gallery_raw/07e8821f36242349a12254655e12739e34772200.jpeg" OriginalSize="739225" Pic="https://inishop.com/img/gallery/74943701055d0ea7a4f0648caaa982c2e2ca28ac.jpg" Pic500x500="https://inishop.com/img/gallery_mediums/a199a03e0047b6d360e442b31bd6e2894eb5c95a.jpg" Pic500x500Height="500" Pic500x500Size="59390" Pic500x500Width="500" PicHeight="4000" PicWidth="4000" ProductPicture_ID="117143454" Size="1439606" ThumbPic="https://inishop.com/img/gallery_thumbs/3bf6775b40155d0c929c8ff9650935e197860932.jpg" ThumbSize="4078" Type="ProductImage" UpdatedDate="2025-09-10 09:51:59"/>
   <ProductPicture LowPic="https://inishop.com/img/gallery_lows/d875d62162184b4586402176c9a13efd6b7154bd.jpg" LowPicHeight="200" LowPicWidth="200" LowSize="12823" No="2" Original="https://inishop.com/img/gallery_raw/fbd42e6823a167780b3bc22b7a462b2efa60070f.jpeg" OriginalSize="552835" Pic="https://inishop.com/img/gallery/85e7e9fb34ec44e788bb76118d329c3aa5fe1bb7.jpg" Pic500x500="https://inishop.com/img/gallery_mediums/20c0215f71a9c1cedd48c27c09e31e733996954e.jpg" Pic500x500Height="500" Pic500x500Size="47829" Pic500x500Width="500" PicHeight="4000" PicWidth="4000" ProductPicture_ID="117143455" Size="1111702" ThumbPic="https://inishop.com/img/gallery_thumbs/75190ffb56c76b83ec8600b408c8761d3f5e1aee.jpg" ThumbSize="3399" Type="ProductImage" UpdatedDate="2025-09-10 09:51:59"/>
  </ProductGallery>
  <ProductMultimediaObject/>
  <ProductRelated/>
  <SummaryDescription>
   <ShortSummaryDescription langid="1">Apple Watch Series 11 GPS 42mm Space Grey Aluminium Case with Black Sport Band - S/M, OLED, Touchscreen, 64 GB, Wi-Fi, GPS (satellite), 30.3 g</ShortSummaryDescription>
   <LongSummaryDescription langid="1">Apple Watch Series 11 GPS 42mm Space Grey Aluminium Case with Black Sport Band - S/M. Display technology: OLED, Display resolution: 374 x 446 pixels, Touchscreen. Flash memory: 64 GB. Wi-Fi. GPS (satellite). Weight: 30.3 g. Waterproof up to: 50 m, Band material: Rubber, Band colour: Black, Band size: S/M. Operating system installed: watchOS 11</LongSummaryDescription>
  </SummaryDescription>
  <Supplier ID="9" Name="Apple"/>
  <CatalogObjectCloud/>
  <BrandOrganizations/>
 </Product>
</ICECAT-interface>
