{"msg":"OK","data":{"GeneralInfo":{"IcecatId":101675427,"ReleaseDate":"","EndOfLifeDate":"","Title":"Garmin Forerunner 255S 2.79 cm (1.1\") MIP 41 mm Digital 218 x 218 pixels Pink GPS (satellite)","TitleInfo":{"GeneratedIntTitle":"Garmin Forerunner 255S","GeneratedLocalTitle":{"Value":"Garmin Forerunner 255S 2.79 cm (1.1\") MIP 41 mm Digital 218 x 218 pixels Pink GPS (satellite)","Language":"EN"},"BrandLocalTitle":{"Value":"","Language":"EN"}},"Brand":"Garmin","BrandID":"202","BrandLogo":"https://inishop.com/img/brand/thumb/202_f82bf3293e3a46c2bfe80322da4aa316.jpg","BrandInfo":{"BrandName":"Garmin","BrandLocalName":"","BrandLogo":"https://inishop.com/img/brand/thumb/202_f82bf3293e3a46c2bfe80322da4aa316.jpg"},"ProductName":"Forerunner 255S","ProductNameInfo":{"ProductIntName":"Forerunner 255S","ProductLocalName":{"Value":"","Language":"EN"}},"BrandPartCode":"010-02641-13","GTIN":["0753759279905","753759279905"],"Category":{"CategoryID":"2647","Name":{"Value":"Smartwatches & Sport Watches","Language":"EN"}},"ProductFamily":{"ProductFamilyID":"77066","Value":"Forerunner","Language":"EN"},"ProductSeries":{"SeriesID":"1"},"Description":{"ID":"89125985","LongDesc":"<b>Run at a higher level</b><br><br>You’re making strides. Now, let’s take the next step. Get the training and recovery insights you’ll need to notch your best time yet.<br><br><b>READY FOR THE LONG RUN</b><br>Get an uninterrupted picture of your daily health and nightly sleep with up to 12 days of battery life in smartwatch mode and up to 26 hours in GPS mode.<br><br><b>(ALMOST) AS LIGHT AS A FEATHER</b><br>With its sleek design and 1.4 oz weight, you’ll almost forget you’re wearing Forerunner 255S — even when you’re asleep.<br><br><b>SWEAT-READY MATERIALS</b><br>Featuring easy-to-use buttons and a silicone band, this watch is ready to wear — and tear — with durable Corning® Gorilla® Glass 3.<br><br><b>MORNING REPORT</b><br>Receive an overview of your sleep, recovery and training outlook as soon as you wake up — alongside HRV status and weather. You can even customize your report to show you what you want to see.<br><br><b>HRV STATUS</b><br>Gain a deeper understanding of your overall health, recovery and training performance through heart rate variability while you sleep, based on technology developed by our Firstbeat Analytics™ team.<br><br><b>BUILT-IN SPORTS APPS</b><br>Tap into 30+ built-in activities, including the triathlon and open-water swimming profiles — new to the Forerunner 255 series. For races and brick workouts, transition to the next activity with a single button press.<br><br><b>RACE WIDGET</b><br>Get ready for your next race with training tips, personalized daily suggested workouts and completion time predictions based on course details, weather and performance.<br><br><b>DAILY SUGGESTED WORKOUTS</b><br>View your entire week of daily suggested workouts, which adapt after every run to match your performance and recovery as well as the races coming up in your Garmin Connect™ smartphone app calendar.<br><br><b>GARMIN COACH</b><br>Free adaptive training plans include 5K, 10K and half-marathon programs, featuring guidance from expert coaches that adapt to you and your goals.<br><br><b>TRIATHLON AND MULTISPORT PROFILES</b><br>Switch between sports with one press by using built-in profiles for triathlons, duathlons, brick workouts and swimruns. Or, create your own custom multisport profiles.<br><br><b>RUNNING POWER</b><br>When using a Running Dynamics Pod or HRM-Pro ™ monitor, get a continuous measurement on your wrist of how much power you’re applying to the road as you run, so you can manage your effort.<br><br><b>RECOVERY TIME</b><br>Know how long to recover before your next high-effort workout based on your latest training as well as overall stress, sleep and daily activities outside of workouts.<br><br><b>PACEPRO™ FEATURE</b><br>To help you plan your race day strategy, this feature offers GPS-based pace guidance for a selected course or distance, so you can tailor your efforts to what’s ahead.<br><br><b>TRAINING STATUS</b><br>Using new indicators such as HRV status, your recent exercise history and performance, get an easy insight into your overall effort — and whether you’re training productively, peaking or strained.<br><br><b>ACUTE LOAD</b><br>See your training history, and compare the intensity of your recent workouts to the optimal range to help improve your fitness.<br><br><b>TRAINING EFFECT</b><br>See how your workouts influence your endurance, speed and power with aerobic and anaerobic training effect feedback.<br><br><b>PERFORMANCE CONDITION</b><br>While you run, get an analysis of your pace and heart rate for a real-time assessment of your current ability to perform.<br><br><b>RUNNING DYNAMICS</b><br>When using a Running Dynamics Pod or HRM-Pro monitor, the Forerunner 255S watch measures crucial running metrics such as cadence, stride length, ground contact time and balance, and more — while comparing to others in the Garmin Connect app.<br><br><b>COURSES</b><br>Create or find existing courses in the Garmin Connect app, so you’ll never run out of places to run. Or plan one on other platforms such as Strava and Komoot, then automatically sync them to your Forerunner.<br><br><b>TRACK RUNNING</b><br>Ready for some speedwork? Input your lane on the built-in track run activity to record accurate lap distances and see your distances in meters.<br><br><b>VISUAL RACE PREDICTOR</b><br>Based on your running history and overall fitness level, get an estimate of what your pace could be for a 5K, 10K — or even a marathon. Plus, trend data highlights your training’s impact over time.<br><br><b>CROSS-TRAINING</b><br>Mix up your training with different types of workouts. Free HIIT, strength, cardio, yoga and Pilates workouts come preloaded on the watch, and you can download more from the Garmin Connect app.<br><br><b>A depth of wellness insights.</b><br><br><b>WRIST-BASED HEART RATE</b><br>The watch constantly samples your heart rate2 with our latest-generation heart rate sensor and will alert you if it stays too high or too low while you’re at rest. It also helps gauge how hard you work during activities — even while swimming.<br><br><b>BODY BATTERY ENERGY MONITORING</b><br>Track your body’s energy levels so you can find the best times for activity and rest2.<br><br><b>IMPROVED SLEEP MONITORING AND SLEEP SCORE</b><br>Understand how your body is recovering — and get ready for training — with our improved sleep monitoring feature. After waking up, you’ll receive a sleep score, as well as breakdown of your sleep stages, Pulse Ox3 and respiration, alongside detailed insights for improved sleep quality.<br><br><b>PULSE OX SENSOR</b><br>This wrist-based Pulse Ox sensor3 monitors blood oxygen saturation levels to support advanced sleep monitoring and altitude acclimation.<br><br><b>WOMEN’S HEALTH TRACKING</b><br>Use the Garmin Connect app to track your menstrual cycle or pregnancy. Log symptoms, get exercise and nutrition education, and more. Even see and log details on your wrist with the Women’s Health Tracking app.<br><br><b>INTENSITY MINUTES</b><br>Our intensity minutes feature tells you when during the day you earned them and during what activity.<br><br><b>STRESS TRACKING</b><br>Find out if you’re having a calm, balanced or stressful day. Relax reminders will even prompt you to do a short breathing activity when the watch detects that you’re feeling stressed.<br><br><b>HEALTH SNAPSHOT™ FEATURE</b><br>Log a 2-minute session to record key stats, including heart rate2, heart rate variability, Pulse Ox3, respiration and stress. Then generate a report with those stats to share via the Garmin Connect app on your compatible smartphone.<br><br><b>MULTI-BAND GNSS SUPPORT</b><br>Access multiple global navigation satellite systems, and get access to multiple frequencies sent by navigation satellites for improved accuracy in areas where GNSS signals are reflected, weak or typically don't penetrate — giving you superior accuracy for how far and how fast you've run — even in challenging environments.<br><br><br><b>GARMIN PAY CONTACTLESS PAYMENTS</b><br>Breeze through checkout lines with Garmin Pay contactless payments through participating providers.<br><br><b>SMART NOTIFICATIONS</b><br>Receive emails, texts and alerts right on your watch when paired with your Apple® or Android™ smartphone. You can even respond to texts if you have an Android phone.<br><br><b>SAFETY AND TRACKING FEATURES</b><br>If you feel unsafe or if your watch senses that an incident occurred, the Assistance and incident detection features send your location to emergency contacts. Incident detection is enabled by default for select activity profiles only.<br><br><b>LIVETRACK FEATURE</b><br>Use LiveTrack to let friends and family follow your real-time location and even view your entire pre-planned course. Rest assured that your loved ones know exactly where you're running.<br><br><b>GARMIN CONNECT APP</b><br>See your health and fitness information, connect and compete with friends, sign up for challenges to earn badges and more — all in one free, zero-subscription app.<br><br><b>CONNECT IQ™ STORE</b><br>Download custom watch faces, add data fields, and get apps and widgets from the Connect IQ Store app downloaded on your compatible smartphone.","LongProductName":"1.1\" 218 x 218 px, 4 GB, 41 x 41 x 12.4mm, 39 g","MiddleDesc":"","Disclaimer":"","ManualPDFURL":"https://inishop.com/objects/mmo_101675427_1668340379_6148_28138.pdf","ManualPDFSize":"6002342","LeafletPDFURL":"","PDFSize":"0","URL":"https://www.garmin.com/en-GB/p/780165/pn/010-02641-13","WarrantyInfo":"","Updated":"2022-12-09 22:00:14","Language":"EN"},"SummaryDescription":{"ShortSummaryDescription":"Garmin Forerunner 255S, 2.79 cm (1.1\"), MIP, 4 GB, GPS (satellite), 39 g","LongSummaryDescription":"Garmin Forerunner 255S. Display diagonal: 2.79 cm (1.1\"), Display technology: MIP, Display resolution: 218 x 218 pixels. Flash memory: 4 GB. GPS (satellite). Weight: 39 g. Band material: Silicone, Band colour: Pink"},"BulletPoints":{"BulletPointsId":"7108579","Language":"EN","Values":["Get an overview of your sleep, HRV status and daily workout with morning report","Charge less, train more with up to 12 days of battery life in smartwatch mode and up to 26 hours in GPS mode","Push your limits with a built-in triathlon feature and 30+ activity profiles","Plan your strategy with daily suggested workouts, course details and more on the race widget","Utilize a full suite of advanced metrics and training tools to reach your goals","Pay for your post-workout coffee with Garmin Pay™ contactless payments"],"Updated":"2022-11-13 10:40:37"},"GeneratedBulletPoints":{"Language":"EN","Values":["Sport watch Digital 2.79 cm (1.1\") MIP","218 x 218 pixels","Water resistance: 5 ATM","Heart rate monitor Accelerometer Gyroscope","GPS (satellite) GLONASS Galileo","Bluetooth","Built-in battery Lithium-Ion (Li-Ion) 288 h"]},"GTINs":[{"GTIN":"0753759279905","IsApproved":true},{"GTIN":"753759279905","IsApproved":true}]},"Image":{"HighPic":"https://inishop.com/img/gallery/101675427_2969496309.jpg","HighPicSize":"53354","HighPicHeight":"600","HighPicWidth":"600","LowPic":"https://inishop.com/img/gallery_lows/101675427_2969496309.jpg","LowPicSize":"22210","LowPicHeight":"200","LowPicWidth":"200","Pic500x500":"https://inishop.com/img/gallery_mediums/101675427_2969496309.jpg","Pic500x500Size":"86202","Pic500x500Height":"500","Pic500x500Width":"500","ThumbPic":"https://inishop.com/img/gallery_thumbs/101675427_2969496309.jpg","ThumbPicSize":"5353"},"Multimedia":[{"ID":"F5EFF499-86DB-4D35-B1D4-FD51D0A62FCE","URL":"https://inishop.com/objects/mmo_101675427_1668340379_6148_28138.pdf","Type":"manual pdf","ContentType":"application/pdf","KeepAsUrl":"0","Description":"User manual","Size":"6002342","IsPrivate":"0","Updated":"2022-11-13 12:52:59","Language":"EN","IsVideo":0},{"ID":"F3398185-013D-4A1A-81C2-BCDEC133F7B1","URL":"https://inishop.com/objects/101675427_22810670.mp4?access=Nlffwmmf9AYXqZK6TZ1eLg68LZx65cnHpy48pWR8bBg8UdxPp0xVBe1mHfmx3wPw","Type":"video/mp4","ContentType":"video/mp4","KeepAsUrl":"0","Description":"Garmin - Forerunner 255 Series","Size":"17427074","IsPrivate":"0","Updated":"2022-11-13 12:53:47","Language":"EN","IsVideo":1,"ThumbUrl":"https://inishop.com/objects/thumb/101675427_22810670_thumb.png?access=Nlffwmmf9AYXqZK6TZ1eLg68LZx65cnHpy48pWR8bBg8UdxPp0xVBe1mHfmx3wPw","PreviewUrl":"https://inishop.com/objects/preview/101675427_22810670_preview.png?access=Nlffwmmf9AYXqZK6TZ1eLg68LZx65cnHpy48pWR8bBg8UdxPp0xVBe1mHfmx3wPw"}],"Gallery":[{"ID":"68814311","LowPic":"https://inishop.com/img/gallery_lows/101675427_2969496309.jpg","LowSize":"22210","LowHeight":"200","LowWidth":"200","ThumbPic":"https://inishop.com/img/gallery_thumbs/101675427_2969496309.jpg","ThumbPicSize":"5353","Pic":"https://inishop.com/img/gallery/101675427_2969496309.jpg","Size":"53354","PicHeight":"600","PicWidth":"600","Pic500x500":"https://inishop.com/img/gallery_mediums/101675427_2969496309.jpg","Pic500x500Size":"86202","Pic500x500Height":"500","Pic500x500Width":"500","No":"1","IsMain":"Y","Updated":"2022-11-13 10:38:34","IsPrivate":"0","Type":"ProductImage","Attributes":{"OriginalFileName":""}},{"ID":"68814313","LowPic":"https://inishop.com/img/gallery_lows/101675427_1511088555.jpg","LowSize":"18297","LowHeight":"200","LowWidth":"200","ThumbPic":"https://inishop.com/img/gallery_thumbs/101675427_1511088555.jpg","ThumbPicSize":"4658","Pic":"https://inishop.com/img/gallery/101675427_1511088555.jpg","Size":"44272","PicHeight":"600","PicWidth":"600","Pic500x500":"https://inishop.com/img/gallery_mediums/101675427_1511088555.jpg","Pic500x500Size":"69597","Pic500x500Height":"500","Pic500x500Width":"500","No":"2","IsMain":"N","Updated":"2022-11-13 10:38:35","IsPrivate":"0","Type":"ProductImage","Attributes":{"OriginalFileName":""}},{"ID":"68814316","LowPic":"https://inishop.com/img/gallery_lows/100437696_7750845438.jpg","LowSize":"19537","LowHeight":"200","LowWidth":"200","ThumbPic":"https://inishop.com/img/gallery_thumbs/100437696_7750845438.jpg","ThumbPicSize":"4982","Pic":"https://inishop.com/img/gallery/100437696_7750845438.jpg","Size":"47405","PicHeight":"600","PicWidth":"600","Pic500x500":"https://inishop.com/img/gallery_mediums/100437696_7750845438.jpg","Pic500x500Size":"75105","Pic500x500Height":"500","Pic500x500Width":"500","No":"3","IsMain":"N","Updated":"2024-03-12 11:37:37","IsPrivate":"0","Type":"ProductImage","Attributes":{"OriginalFileName":""}},{"ID":"68814318","LowPic":"https://inishop.com/img/gallery_lows/100437696_2862602790.jpg","LowSize":"17232","LowHeight":"200","LowWidth":"200","ThumbPic":"https://inishop.com/img/gallery_thumbs/100437696_2862602790.jpg","ThumbPicSize":"5002","Pic":"https://inishop.com/img/gallery/100437696_2862602790.jpg","Size":"43192","PicHeight":"600","PicWidth":"600","Pic500x500":"https://inishop.com/img/gallery_mediums/100437696_2862602790.jpg","Pic500x500Size":"64165","Pic500x500Height":"500","Pic500x500Width":"500","No":"4","IsMain":"N","Updated":"2024-03-12 11:37:37","IsPrivate":"0","Type":"ProductImage","Attributes":{"OriginalFileName":""}},{"ID":"68814323","LowPic":"https://inishop.com/img/gallery_lows/100437696_9019220282.jpg","LowSize":"17941","LowHeight":"200","LowWidth":"200","ThumbPic":"https://inishop.com/img/gallery_thumbs/100437696_9019220282.jpg","ThumbPicSize":"4564","Pic":"https://inishop.com/img/gallery/100437696_9019220282.jpg","Size":"43114","PicHeight":"600","PicWidth":"600","Pic500x500":"https://inishop.com/img/gallery_mediums/100437696_9019220282.jpg","Pic500x500Size":"67231","Pic500x500Height":"500","Pic500x500Width":"500","No":"5","IsMain":"N","Updated":"2024-03-12 11:37:37","IsPrivate":"0","Type":"ProductImage","Attributes":{"OriginalFileName":""}},{"ID":"68814324","LowPic":"https://inishop.com/img/gallery_lows/101675427_5650265188.jpg","LowSize":"16843","LowHeight":"200","LowWidth":"200","ThumbPic":"https://inishop.com/img/gallery_thumbs/101675427_5650265188.jpg","ThumbPicSize":"4573","Pic":"https://inishop.com/img/gallery/101675427_5650265188.jpg","Size":"51102","PicHeight":"600","PicWidth":"600","Pic500x500":"https://inishop.com/img/gallery_mediums/101675427_5650265188.jpg","Pic500x500Size":"63047","Pic500x500Height":"500","Pic500x500Width":"500","No":"6","IsMain":"N","Updated":"2022-11-13 10:38:40","IsPrivate":"0","Type":"ProductImage","Attributes":{"OriginalFileName":""}},{"ID":"68814326","LowPic":"https://inishop.com/img/gallery_lows/100437696_5713434430.jpg","LowSize":"17745","LowHeight":"200","LowWidth":"200","ThumbPic":"https://inishop.com/img/gallery_thumbs/100437696_5713434430.jpg","ThumbPicSize":"5113","Pic":"https://inishop.com/img/gallery/100437696_5713434430.jpg","Size":"44320","PicHeight":"600","PicWidth":"600","Pic500x500":"https://inishop.com/img/gallery_mediums/100437696_5713434430.jpg","Pic500x500Size":"66424","Pic500x500Height":"500","Pic500x500Width":"500","No":"7","IsMain":"N","Updated":"2024-03-12 11:37:37","IsPrivate":"0","Type":"ProductImage","Attributes":{"OriginalFileName":""}}],"FeaturesGroups":[{"ID":34566,"SortNo":"25","FeatureGroup":{"ID":"5","Name":{"Value":"Display","Language":"EN"}},"Features":[{"Localized":0,"ID":511109852,"LocalID":0,"Type":"numerical","Value":"1.1","CategoryFeatureId":"85330","CategoryFeatureGroupID":"34566","SortNo":"150","PresentationValue":"2.79 cm (1.1\")","RawValue":"1.1","LocalValue":"2.79","Description":"Size of the display for this product, measured diagonally, usually in inches.","Mandatory":"1","Searchable":"0","Optional":"0","Feature":{"ID":"944","Sign":"","Measure":{"ID":"16","Sign":"","Signs":{"ID":"11","_":"\"","Language":"EN"}},"Name":{"Value":"Display diagonal","Language":"EN"}}},{"Localized":0,"ID":511109853,"LocalID":0,"Type":"dropdown","Value":"MIP","CategoryFeatureId":"99533","CategoryFeatureGroupID":"34566","SortNo":"150","PresentationValue":"MIP","RawValue":"MIP","LocalValue":"MIP","Description":"The technology used in the display e.g. plasma, LED.","Mandatory":"1","Searchable":"0","Optional":"0","Feature":{"ID":"9713","Sign":"","Measure":{"ID":"29","Sign":"","Signs":{"ID":"","_":"","Language":"EN"}},"Name":{"Value":"Display technology","Language":"EN"}}},{"Localized":0,"ID":511109854,"LocalID":0,"Type":"y_n","Value":"Y","CategoryFeatureId":"586188","CategoryFeatureGroupID":"34566","SortNo":"145","PresentationValue":"Yes","RawValue":"Y","LocalValue":"Yes","Description":"","Mandatory":"0","Searchable":"0","Optional":"0","Feature":{"ID":"20168","Sign":"","Measure":{"ID":"26","Sign":"","Signs":{"ID":"","_":"","Language":"EN"}},"Name":{"Value":"Colour display","Language":"EN"}}},{"Localized":0,"ID":511109849,"LocalID":0,"Type":"dropdown","Value":"Digital","CategoryFeatureId":"85325","CategoryFeatureGroupID":"34566","SortNo":"140","PresentationValue":"Digital","RawValue":"Digital","LocalValue":"Digital","Description":"Type of display (screen) e.g. LCD.","Mandatory":"1","Searchable":"1","Optional":"0","Feature":{"ID":"9104","Sign":"","Measure":{"ID":"29","Sign":"","Signs":{"ID":"","_":"","Language":"EN"}},"Name":{"Value":"Display type","Language":"EN"}}},{"Localized":0,"ID":511109850,"LocalID":0,"Type":"2d","Value":"218 x 218","CategoryFeatureId":"85332","CategoryFeatureGroupID":"34566","SortNo":"130","PresentationValue":"218 x 218 pixels","RawValue":"218 x 218","LocalValue":"218 x 218","Description":"The number of distinct pixels in each dimension that can be displayed. It is usually quoted as width × height, with the units in pixels: for example, \"1024 × 768\" means the width is 1024 pixels and the height is 768 pixels. The higher the number of pixels, the sharper the image.","Mandatory":"1","Searchable":"1","Optional":"0","Feature":{"ID":"1585","Sign":"","Measure":{"ID":"39","Sign":"","Signs":{"ID":"23","_":"pixels","Language":"EN"}},"Name":{"Value":"Display resolution","Language":"EN"}}},{"Localized":0,"ID":511111238,"LocalID":0,"Type":"numerical","Value":"27.5","CategoryFeatureId":"891364","CategoryFeatureGroupID":"34566","SortNo":"85","PresentationValue":"2.75 cm","RawValue":"27.5","LocalValue":"2.75","Description":"","Mandatory":"0","Searchable":"0","Optional":"0","Feature":{"ID":"10477","Sign":"","Measure":{"ID":"24","Sign":"","Signs":{"ID":"3","_":"mm","Language":"EN"}},"Name":{"Value":"Display diameter","Language":"EN"}}},{"Localized":0,"ID":511109856,"LocalID":0,"Type":"dropdown","Value":"Corning Gorilla Glass 3","CategoryFeatureId":"94704","CategoryFeatureGroupID":"34566","SortNo":"50","PresentationValue":"Corning Gorilla Glass 3","RawValue":"Corning Gorilla Glass 3","LocalValue":"Corning Gorilla Glass 3","Description":"The material from which the front of a watch is made e.g. mineral, crystal, plastic, resin, sapphire.","Mandatory":"0","Searchable":"0","Optional":"0","Feature":{"ID":"7610","Sign":"","Measure":{"ID":"29","Sign":"","Signs":{"ID":"","_":"","Language":"EN"}},"Name":{"Value":"Watch glass type","Language":"EN"}}}]},{"ID":16293,"SortNo":"20","FeatureGroup":{"ID":"148","Name":{"Value":"Design","Language":"EN"}},"Features":[{"Localized":0,"ID":511109862,"LocalID":0,"Type":"multi_dropdown","Value":"Silicone","CategoryFeatureId":"94551","CategoryFeatureGroupID":"16293","SortNo":"160","PresentationValue":"Silicone","RawValue":"Silicone","LocalValue":"Silicone","Description":"The type of substance the wristband is made of.","Mandatory":"1","Searchable":"0","Optional":"0","Feature":{"ID":"7605","Sign":"","Measure":{"ID":"29","Sign":"","Signs":{"ID":"","_":"","Language":"EN"}},"Name":{"Value":"Band material","Language":"EN"}}},{"Localized":0,"ID":511109864,"LocalID":0,"Type":"dropdown","Value":"Glass","CategoryFeatureId":"891278","CategoryFeatureGroupID":"16293","SortNo":"159","PresentationValue":"Glass","RawValue":"Glass","LocalValue":"Glass","Description":"","Mandatory":"0","Searchable":"0","Optional":"0","Feature":{"ID":"17801","Sign":"","Measure":{"ID":"29","Sign":"","Signs":{"ID":"","_":"","Language":"EN"}},"Name":{"Value":"Lens material","Language":"EN"}}},{"Localized":0,"ID":511109865,"LocalID":0,"Type":"dropdown","Value":"Round","CategoryFeatureId":"85327","CategoryFeatureGroupID":"16293","SortNo":"155","PresentationValue":"Round","RawValue":"Round","LocalValue":"Round","Description":"The external form, contours, or outline of the product.","Mandatory":"1","Searchable":"0","Optional":"0","Feature":{"ID":"9397","Sign":"","Measure":{"ID":"29","Sign":"","Signs":{"ID":"","_":"","Language":"EN"}},"Name":{"Value":"Shape","Language":"EN"}}},{"Localized":0,"ID":644190813,"LocalID":0,"Type":"range","Value":"110 - 175","CategoryFeatureId":"153740","CategoryFeatureGroupID":"16293","SortNo":"155","PresentationValue":"110 - 175 mm","RawValue":"110 - 175","LocalValue":"110 - 175","Description":"","Mandatory":"0","Searchable":"0","Optional":"0","Feature":{"ID":"17541","Sign":"","Measure":{"ID":"24","Sign":"","Signs":{"ID":"3","_":"mm","Language":"EN"}},"Name":{"Value":"Wrist size range","Language":"EN"}}},{"Localized":0,"ID":511109857,"LocalID":0,"Type":"dropdown","Value":"Sport watch","CategoryFeatureId":"891356","CategoryFeatureGroupID":"16293","SortNo":"150","PresentationValue":"Sport watch","RawValue":"Sport watch","LocalValue":"Sport watch","Description":"Under which category can the device be positioned in the market, e.g. camera phone.","Mandatory":"1","Searchable":"1","Optional":"0","Feature":{"ID":"9021","Sign":"","Measure":{"ID":"29","Sign":"","Signs":{"ID":"","_":"","Language":"EN"}},"Name":{"Value":"Market positioning","Language":"EN"}}},{"Localized":0,"ID":511109858,"LocalID":0,"Type":"dropdown","Value":"41","CategoryFeatureId":"595046","CategoryFeatureGroupID":"16293","SortNo":"145","PresentationValue":"41 mm","RawValue":"41","LocalValue":"41","Description":"","Mandatory":"1","Searchable":"1","Optional":"0","Feature":{"ID":"42415","Sign":"","Measure":{"ID":"24","Sign":"","Signs":{"ID":"3","_":"mm","Language":"EN"}},"Name":{"Value":"Watch case size","Language":"EN"}}},{"Localized":0,"ID":511115128,"LocalID":0,"Type":"dropdown","Value":"Unisex","CategoryFeatureId":"300550","CategoryFeatureGroupID":"16293","SortNo":"144","PresentationValue":"Unisex","RawValue":"Unisex","LocalValue":"Unisex","Description":"For which gender the product is recommended.","Mandatory":"0","Searchable":"0","Optional":"0","Feature":{"ID":"20690","Sign":"","Measure":{"ID":"29","Sign":"","Signs":{"ID":"","_":"","Language":"EN"}},"Name":{"Value":"Suggested gender","Language":"EN"}}},{"Localized":0,"ID":511109859,"LocalID":0,"Type":"multi_dropdown","Value":"Pink","CategoryFeatureId":"595045","CategoryFeatureGroupID":"16293","SortNo":"90","PresentationValue":"Pink","RawValue":"Pink","LocalValue":"Pink","Description":"","Mandatory":"1","Searchable":"1","Optional":"0","Feature":{"ID":"42417","Sign":"","Measure":{"ID":"29","Sign":"","Signs":{"ID":"","_":"","Language":"EN"}},"Name":{"Value":"Watch case colour","Language":"EN"}}},{"Localized":0,"ID":511109860,"LocalID":0,"Type":"dropdown","Value":"Fibre Reinforced Plastic (FRP)","CategoryFeatureId":"595044","CategoryFeatureGroupID":"16293","SortNo":"89","PresentationValue":"Fibre Reinforced Plastic (FRP)","RawValue":"Fibre Reinforced Plastic (FRP)","LocalValue":"Fibre Reinforced Plastic (FRP)","Description":"","Mandatory":"1","Searchable":"1","Optional":"0","Feature":{"ID":"42418","Sign":"","Measure":{"ID":"29","Sign":"","Signs":{"ID":"","_":"","Language":"EN"}},"Name":{"Value":"Watch case material","Language":"EN"}}},{"Localized":0,"ID":511109861,"LocalID":0,"Type":"multi_dropdown","Value":"Pink","CategoryFeatureId":"85301","CategoryFeatureGroupID":"16293","SortNo":"80","PresentationValue":"Pink","RawValue":"Pink","LocalValue":"Pink","Description":"The colour of the band, also known as the strap, of watches etc.","Mandatory":"1","Searchable":"1","Optional":"0","Feature":{"ID":"11025","Sign":"","Measure":{"ID":"29","Sign":"","Signs":{"ID":"","_":"","Language":"EN"}},"Name":{"Value":"Band colour","Language":"EN"}}},{"Localized":0,"ID":511109866,"LocalID":548865324,"Type":"text","Value":"Light Pink","CategoryFeatureId":"270495","CategoryFeatureGroupID":"16293","SortNo":"75","PresentationValue":"Light Pink","RawValue":"Light Pink","LocalValue":"Light Pink","Description":"","Mandatory":"0","Searchable":"0","Optional":"0","Feature":{"ID":"17956","Sign":"","Measure":{"ID":"29","Sign":"","Signs":{"ID":"","_":"","Language":"EN"}},"Name":{"Value":"Colour name","Language":"EN"}}},{"Localized":0,"ID":511109867,"LocalID":0,"Type":"y_n","Value":"Y","CategoryFeatureId":"891360","CategoryFeatureGroupID":"16293","SortNo":"36","PresentationValue":"Yes","RawValue":"Y","LocalValue":"Yes","Description":"The product is protected from water, staying dry if liquid is spilt on it or it gets wet in the rain.","Mandatory":"0","Searchable":"0","Optional":"1","Feature":{"ID":"7509","Sign":"","Measure":{"ID":"26","Sign":"","Signs":{"ID":"","_":"","Language":"EN"}},"Name":{"Value":"Waterproof","Language":"EN"}}},{"Localized":0,"ID":511109869,"LocalID":0,"Type":"dropdown","Value":"5","CategoryFeatureId":"591391","CategoryFeatureGroupID":"16293","SortNo":"-7","PresentationValue":"5 ATM","RawValue":"5","LocalValue":"5","Description":"","Mandatory":"0","Searchable":"0","Optional":"0","Feature":{"ID":"18048","Sign":"","Measure":{"ID":"267","Sign":"","Signs":{"ID":"16202","_":"ATM","Language":"EN"}},"Name":{"Value":"Water resistance","Language":"EN"}}}]},{"ID":34567,"SortNo":"20","FeatureGroup":{"ID":"184","Name":{"Value":"Performance","Language":"EN"}},"Features":[{"Localized":0,"ID":511109876,"LocalID":0,"Type":"multi_dropdown","Value":"Android,iOS","CategoryFeatureId":"85310","CategoryFeatureGroupID":"34567","SortNo":"600","PresentationValue":"Android, iOS","RawValue":"Android,iOS","LocalValue":"Android, iOS","Description":"The operating systems e.g. Android, iOS, that can be used with the mobile device.","Mandatory":"0","Searchable":"0","Optional":"0","Feature":{"ID":"8956","Sign":"","Measure":{"ID":"29","Sign":"","Signs":{"ID":"","_":"","Language":"EN"}},"Name":{"Value":"Mobile operating systems supported","Language":"EN"}}},{"Localized":0,"ID":511109877,"LocalID":0,"Type":"numerical","Value":"4","CategoryFeatureId":"85308","CategoryFeatureGroupID":"34567","SortNo":"490","PresentationValue":"4 GB","RawValue":"4","LocalValue":"4","Description":"","Mandatory":"0","Searchable":"0","Optional":"0","Feature":{"ID":"6791","Sign":"","Measure":{"ID":"20","Sign":"","Signs":{"ID":"7","_":"GB","Language":"EN"}},"Name":{"Value":"Flash memory","Language":"EN"}}},{"Localized":0,"ID":511109874,"LocalID":0,"Type":"y_n","Value":"N","CategoryFeatureId":"95509","CategoryFeatureGroupID":"34567","SortNo":"30","PresentationValue":"No","RawValue":"N","LocalValue":"No","Description":"The product has an integrated camera.","Mandatory":"1","Searchable":"1","Optional":"0","Feature":{"ID":"8074","Sign":"","Measure":{"ID":"26","Sign":"","Signs":{"ID":"","_":"","Language":"EN"}},"Name":{"Value":"Built-in camera","Language":"EN"}}}]},{"ID":26690,"SortNo":"12","FeatureGroup":{"ID":"185","Name":{"Value":"Features","Language":"EN"}},"Features":[{"Localized":0,"ID":511109878,"LocalID":0,"Type":"y_n","Value":"Y","CategoryFeatureId":"122840","CategoryFeatureGroupID":"26690","SortNo":"1000","PresentationValue":"Yes","RawValue":"Y","LocalValue":"Yes","Description":"","Mandatory":"1","Searchable":"0","Optional":"0","Feature":{"ID":"6702","Sign":"","Measure":{"ID":"26","Sign":"","Signs":{"ID":"","_":"","Language":"EN"}},"Name":{"Value":"Heart rate monitor","Language":"EN"}}},{"Localized":0,"ID":511109879,"LocalID":0,"Type":"y_n","Value":"Y","CategoryFeatureId":"257985","CategoryFeatureGroupID":"26690","SortNo":"998","PresentationValue":"Yes","RawValue":"Y","LocalValue":"Yes","Description":"","Mandatory":"0","Searchable":"0","Optional":"0","Feature":{"ID":"32071","Sign":"","Measure":{"ID":"26","Sign":"","Signs":{"ID":"","_":"","Language":"EN"}},"Name":{"Value":"Heart rate contact sensors","Language":"EN"}}},{"Localized":0,"ID":511109880,"LocalID":0,"Type":"y_n","Value":"Y","CategoryFeatureId":"595164","CategoryFeatureGroupID":"26690","SortNo":"979","PresentationValue":"Yes","RawValue":"Y","LocalValue":"Yes","Description":"","Mandatory":"0","Searchable":"0","Optional":"0","Feature":{"ID":"42444","Sign":"","Measure":{"ID":"26","Sign":"","Signs":{"ID":"","_":"","Language":"EN"}},"Name":{"Value":"Blood oxygen sensor","Language":"EN"}}},{"Localized":0,"ID":511109881,"LocalID":0,"Type":"y_n","Value":"Y","CategoryFeatureId":"292361","CategoryFeatureGroupID":"26690","SortNo":"950","PresentationValue":"Yes","RawValue":"Y","LocalValue":"Yes","Description":"","Mandatory":"0","Searchable":"0","Optional":"0","Feature":{"ID":"26789","Sign":"","Measure":{"ID":"26","Sign":"","Signs":{"ID":"","_":"","Language":"EN"}},"Name":{"Value":"Distance travelled","Language":"EN"}}},{"Localized":0,"ID":511109882,"LocalID":0,"Type":"y_n","Value":"Y","CategoryFeatureId":"292364","CategoryFeatureGroupID":"26690","SortNo":"800","PresentationValue":"Yes","RawValue":"Y","LocalValue":"Yes","Description":"","Mandatory":"0","Searchable":"0","Optional":"0","Feature":{"ID":"26788","Sign":"","Measure":{"ID":"26","Sign":"","Signs":{"ID":"","_":"","Language":"EN"}},"Name":{"Value":"Calories burned","Language":"EN"}}},{"Localized":0,"ID":511109883,"LocalID":0,"Type":"y_n","Value":"Y","CategoryFeatureId":"85349","CategoryFeatureGroupID":"26690","SortNo":"750","PresentationValue":"Yes","RawValue":"Y","LocalValue":"Yes","Description":"","Mandatory":"0","Searchable":"0","Optional":"0","Feature":{"ID":"9731","Sign":"","Measure":{"ID":"26","Sign":"","Signs":{"ID":"","_":"","Language":"EN"}},"Name":{"Value":"Accelerometer","Language":"EN"}}},{"Localized":0,"ID":511109884,"LocalID":0,"Type":"y_n","Value":"Y","CategoryFeatureId":"122839","CategoryFeatureGroupID":"26690","SortNo":"730","PresentationValue":"Yes","RawValue":"Y","LocalValue":"Yes","Description":"","Mandatory":"0","Searchable":"0","Optional":"0","Feature":{"ID":"9732","Sign":"","Measure":{"ID":"26","Sign":"","Signs":{"ID":"","_":"","Language":"EN"}},"Name":{"Value":"Gyroscope","Language":"EN"}}},{"Localized":0,"ID":511109885,"LocalID":0,"Type":"y_n","Value":"Y","CategoryFeatureId":"234753","CategoryFeatureGroupID":"26690","SortNo":"580","PresentationValue":"Yes","RawValue":"Y","LocalValue":"Yes","Description":"","Mandatory":"0","Searchable":"0","Optional":"0","Feature":{"ID":"25442","Sign":"","Measure":{"ID":"26","Sign":"","Signs":{"ID":"","_":"","Language":"EN"}},"Name":{"Value":"Multisport mode","Language":"EN"}}},{"Localized":0,"ID":511109887,"LocalID":0,"Type":"y_n","Value":"Y","CategoryFeatureId":"234754","CategoryFeatureGroupID":"26690","SortNo":"575","PresentationValue":"Yes","RawValue":"Y","LocalValue":"Yes","Description":"","Mandatory":"0","Searchable":"0","Optional":"0","Feature":{"ID":"26790","Sign":"","Measure":{"ID":"26","Sign":"","Signs":{"ID":"","_":"","Language":"EN"}},"Name":{"Value":"Personal goals","Language":"EN"}}},{"Localized":0,"ID":511109886,"LocalID":0,"Type":"y_n","Value":"Y","CategoryFeatureId":"234762","CategoryFeatureGroupID":"26690","SortNo":"570","PresentationValue":"Yes","RawValue":"Y","LocalValue":"Yes","Description":"","Mandatory":"0","Searchable":"0","Optional":"0","Feature":{"ID":"26791","Sign":"","Measure":{"ID":"26","Sign":"","Signs":{"ID":"","_":"","Language":"EN"}},"Name":{"Value":"Quality of sleep","Language":"EN"}}},{"Localized":0,"ID":511109888,"LocalID":0,"Type":"multi_dropdown","Value":"Alarm clock,Calendar","CategoryFeatureId":"85367","CategoryFeatureGroupID":"26690","SortNo":"2","PresentationValue":"Alarm clock, Calendar","RawValue":"Alarm clock,Calendar","LocalValue":"Alarm clock, Calendar","Description":"You can use your device to manage your information and your time.","Mandatory":"0","Searchable":"0","Optional":"0","Feature":{"ID":"4277","Sign":"","Measure":{"ID":"29","Sign":"","Signs":{"ID":"","_":"","Language":"EN"}},"Name":{"Value":"Personal info management (PIM)","Language":"EN"}}},{"Localized":0,"ID":511109889,"LocalID":0,"Type":"y_n","Value":"Y","CategoryFeatureId":"234763","CategoryFeatureGroupID":"26690","SortNo":"0","PresentationValue":"Yes","RawValue":"Y","LocalValue":"Yes","Description":"","Mandatory":"0","Searchable":"0","Optional":"0","Feature":{"ID":"29063","Sign":"","Measure":{"ID":"26","Sign":"","Signs":{"ID":"","_":"","Language":"EN"}},"Name":{"Value":"Smart notifications","Language":"EN"}}},{"Localized":0,"ID":511109890,"LocalID":0,"Type":"y_n","Value":"Y","CategoryFeatureId":"292355","CategoryFeatureGroupID":"26690","SortNo":"0","PresentationValue":"Yes","RawValue":"Y","LocalValue":"Yes","Description":"","Mandatory":"0","Searchable":"0","Optional":"0","Feature":{"ID":"37600","Sign":"","Measure":{"ID":"26","Sign":"","Signs":{"ID":"","_":"","Language":"EN"}},"Name":{"Value":"Weather display","Language":"EN"}}},{"Localized":0,"ID":511109891,"LocalID":0,"Type":"y_n","Value":"Y","CategoryFeatureId":"295523","CategoryFeatureGroupID":"26690","SortNo":"0","PresentationValue":"Yes","RawValue":"Y","LocalValue":"Yes","Description":"A feature that measures a time interval and signals its end.","Mandatory":"0","Searchable":"0","Optional":"0","Feature":{"ID":"28631","Sign":"","Measure":{"ID":"26","Sign":"","Signs":{"ID":"","_":"","Language":"EN"}},"Name":{"Value":"Timer","Language":"EN"}}},{"Localized":0,"ID":511109892,"LocalID":0,"Type":"y_n","Value":"N","CategoryFeatureId":"296783","CategoryFeatureGroupID":"26690","SortNo":"0","PresentationValue":"No","RawValue":"N","LocalValue":"No","Description":"","Mandatory":"0","Searchable":"0","Optional":"0","Feature":{"ID":"29170","Sign":"","Measure":{"ID":"26","Sign":"","Signs":{"ID":"","_":"","Language":"EN"}},"Name":{"Value":"Refurbished","Language":"EN"}}},{"Localized":0,"ID":511109893,"LocalID":0,"Type":"y_n","Value":"Y","CategoryFeatureId":"317542","CategoryFeatureGroupID":"26690","SortNo":"0","PresentationValue":"Yes","RawValue":"Y","LocalValue":"Yes","Description":"Electronic instrument used for navigation that shows directions in a frame of reference (north, south, east, west) that is stationary relative to the surface of the earth.","Mandatory":"0","Searchable":"0","Optional":"0","Feature":{"ID":"1733","Sign":"","Measure":{"ID":"26","Sign":"","Signs":{"ID":"","_":"","Language":"EN"}},"Name":{"Value":"Electronic compass","Language":"EN"}}},{"Localized":0,"ID":511109894,"LocalID":0,"Type":"y_n","Value":"Y","CategoryFeatureId":"712541","CategoryFeatureGroupID":"26690","SortNo":"0","PresentationValue":"Yes","RawValue":"Y","LocalValue":"Yes","Description":"","Mandatory":"0","Searchable":"0","Optional":"0","Feature":{"ID":"43798","Sign":"","Measure":{"ID":"26","Sign":"","Signs":{"ID":"","_":"","Language":"EN"}},"Name":{"Value":"Stress monitoring function","Language":"EN"}}},{"Localized":0,"ID":511109895,"LocalID":0,"Type":"y_n","Value":"Y","CategoryFeatureId":"891287","CategoryFeatureGroupID":"26690","SortNo":"0","PresentationValue":"Yes","RawValue":"Y","LocalValue":"Yes","Description":"Device has built-in barometric altimeter to indicate altitude.","Mandatory":"0","Searchable":"0","Optional":"0","Feature":{"ID":"1734","Sign":"","Measure":{"ID":"26","Sign":"","Signs":{"ID":"","_":"","Language":"EN"}},"Name":{"Value":"Barometric altimeter","Language":"EN"}}},{"Localized":0,"ID":511109896,"LocalID":0,"Type":"y_n","Value":"Y","CategoryFeatureId":"891289","CategoryFeatureGroupID":"26690","SortNo":"0","PresentationValue":"Yes","RawValue":"Y","LocalValue":"Yes","Description":"","Mandatory":"0","Searchable":"0","Optional":"0","Feature":{"ID":"3539","Sign":"","Measure":{"ID":"26","Sign":"","Signs":{"ID":"","_":"","Language":"EN"}},"Name":{"Value":"Alarm clock","Language":"EN"}}},{"Localized":0,"ID":511109897,"LocalID":0,"Type":"y_n","Value":"Y","CategoryFeatureId":"891290","CategoryFeatureGroupID":"26690","SortNo":"0","PresentationValue":"Yes","RawValue":"Y","LocalValue":"Yes","Description":"","Mandatory":"0","Searchable":"0","Optional":"0","Feature":{"ID":"3540","Sign":"","Measure":{"ID":"26","Sign":"","Signs":{"ID":"","_":"","Language":"EN"}},"Name":{"Value":"Calendar","Language":"EN"}}},{"Localized":0,"ID":644190888,"LocalID":0,"Type":"y_n","Value":"Y","CategoryFeatureId":"891291","CategoryFeatureGroupID":"26690","SortNo":"0","PresentationValue":"Yes","RawValue":"Y","LocalValue":"Yes","Description":"The product has stopwatch function.","Mandatory":"0","Searchable":"0","Optional":"0","Feature":{"ID":"3855","Sign":"","Measure":{"ID":"26","Sign":"","Signs":{"ID":"","_":"","Language":"EN"}},"Name":{"Value":"Stopwatch","Language":"EN"}}},{"Localized":0,"ID":511109898,"LocalID":0,"Type":"y_n","Value":"Y","CategoryFeatureId":"891292","CategoryFeatureGroupID":"26690","SortNo":"0","PresentationValue":"Yes","RawValue":"Y","LocalValue":"Yes","Description":"","Mandatory":"0","Searchable":"0","Optional":"0","Feature":{"ID":"7128","Sign":"","Measure":{"ID":"26","Sign":"","Signs":{"ID":"","_":"","Language":"EN"}},"Name":{"Value":"Time/distance alert","Language":"EN"}}},{"Localized":0,"ID":511109899,"LocalID":0,"Type":"y_n","Value":"Y","CategoryFeatureId":"891293","CategoryFeatureGroupID":"26690","SortNo":"0","PresentationValue":"Yes","RawValue":"Y","LocalValue":"Yes","Description":"","Mandatory":"0","Searchable":"0","Optional":"0","Feature":{"ID":"7129","Sign":"","Measure":{"ID":"26","Sign":"","Signs":{"ID":"","_":"","Language":"EN"}},"Name":{"Value":"Interval training","Language":"EN"}}},{"Localized":0,"ID":511109900,"LocalID":0,"Type":"y_n","Value":"Y","CategoryFeatureId":"891294","CategoryFeatureGroupID":"26690","SortNo":"0","PresentationValue":"Yes","RawValue":"Y","LocalValue":"Yes","Description":"Calculation of the amount of calories burned during exercise by measuring heart rate.","Mandatory":"0","Searchable":"0","Optional":"0","Feature":{"ID":"7130","Sign":"","Measure":{"ID":"26","Sign":"","Signs":{"ID":"","_":"","Language":"EN"}},"Name":{"Value":"Heart rate-based calorie computation","Language":"EN"}}},{"Localized":0,"ID":511109901,"LocalID":0,"Type":"y_n","Value":"Y","CategoryFeatureId":"891297","CategoryFeatureGroupID":"26690","SortNo":"0","PresentationValue":"Yes","RawValue":"Y","LocalValue":"Yes","Description":"Create custom, goal-oriented workouts.","Mandatory":"0","Searchable":"0","Optional":"0","Feature":{"ID":"7134","Sign":"","Measure":{"ID":"26","Sign":"","Signs":{"ID":"","_":"","Language":"EN"}},"Name":{"Value":"Advanced workouts","Language":"EN"}}},{"Localized":0,"ID":511109902,"LocalID":0,"Type":"y_n","Value":"Y","CategoryFeatureId":"891319","CategoryFeatureGroupID":"26690","SortNo":"0","PresentationValue":"Yes","RawValue":"Y","LocalValue":"Yes","Description":"","Mandatory":"0","Searchable":"0","Optional":"0","Feature":{"ID":"16158","Sign":"","Measure":{"ID":"26","Sign":"","Signs":{"ID":"","_":"","Language":"EN"}},"Name":{"Value":"Recovery time suggestion","Language":"EN"}}},{"Localized":0,"ID":511109903,"LocalID":0,"Type":"multi_dropdown","Value":"Cycling,Rowing,Running,Skiing,Surfing,Swimming","CategoryFeatureId":"891321","CategoryFeatureGroupID":"26690","SortNo":"0","PresentationValue":"Cycling, Rowing, Running, Skiing, Surfing, Swimming","RawValue":"Cycling,Rowing,Running,Skiing,Surfing,Swimming","LocalValue":"Cycling, Rowing, Running, Skiing, Surfing, Swimming","Description":"","Mandatory":"0","Searchable":"0","Optional":"0","Feature":{"ID":"17052","Sign":"","Measure":{"ID":"29","Sign":"","Signs":{"ID":"","_":"","Language":"EN"}},"Name":{"Value":"Recommended activity","Language":"EN"}}},{"Localized":0,"ID":511109904,"LocalID":0,"Type":"y_n","Value":"Y","CategoryFeatureId":"891325","CategoryFeatureGroupID":"26690","SortNo":"0","PresentationValue":"Yes","RawValue":"Y","LocalValue":"Yes","Description":"","Mandatory":"0","Searchable":"0","Optional":"0","Feature":{"ID":"25433","Sign":"","Measure":{"ID":"26","Sign":"","Signs":{"ID":"","_":"","Language":"EN"}},"Name":{"Value":"Music control","Language":"EN"}}},{"Localized":0,"ID":511109905,"LocalID":0,"Type":"y_n","Value":"Y","CategoryFeatureId":"891326","CategoryFeatureGroupID":"26690","SortNo":"0","PresentationValue":"Yes","RawValue":"Y","LocalValue":"Yes","Description":"","Mandatory":"0","Searchable":"0","Optional":"0","Feature":{"ID":"25434","Sign":"","Measure":{"ID":"26","Sign":"","Signs":{"ID":"","_":"","Language":"EN"}},"Name":{"Value":"Find my phone function","Language":"EN"}}},{"Localized":0,"ID":511109906,"LocalID":0,"Type":"y_n","Value":"Y","CategoryFeatureId":"891328","CategoryFeatureGroupID":"26690","SortNo":"0","PresentationValue":"Yes","RawValue":"Y","LocalValue":"Yes","Description":"","Mandatory":"0","Searchable":"0","Optional":"0","Feature":{"ID":"25438","Sign":"","Measure":{"ID":"26","Sign":"","Signs":{"ID":"","_":"","Language":"EN"}},"Name":{"Value":"Automatic pause","Language":"EN"}}},{"Localized":0,"ID":511109907,"LocalID":0,"Type":"y_n","Value":"Y","CategoryFeatureId":"891330","CategoryFeatureGroupID":"26690","SortNo":"0","PresentationValue":"Yes","RawValue":"Y","LocalValue":"Yes","Description":"","Mandatory":"0","Searchable":"0","Optional":"0","Feature":{"ID":"25440","Sign":"","Measure":{"ID":"26","Sign":"","Signs":{"ID":"","_":"","Language":"EN"}},"Name":{"Value":"Virtual partner function","Language":"EN"}}},{"Localized":0,"ID":511109908,"LocalID":0,"Type":"y_n","Value":"Y","CategoryFeatureId":"891331","CategoryFeatureGroupID":"26690","SortNo":"0","PresentationValue":"Yes","RawValue":"Y","LocalValue":"Yes","Description":"","Mandatory":"0","Searchable":"0","Optional":"0","Feature":{"ID":"25441","Sign":"","Measure":{"ID":"26","Sign":"","Signs":{"ID":"","_":"","Language":"EN"}},"Name":{"Value":"Virtual racer function","Language":"EN"}}},{"Localized":0,"ID":511109909,"LocalID":0,"Type":"y_n","Value":"Y","CategoryFeatureId":"186989","CategoryFeatureGroupID":"26690","SortNo":"-2","PresentationValue":"Yes","RawValue":"Y","LocalValue":"Yes","Description":"","Mandatory":"0","Searchable":"0","Optional":"0","Feature":{"ID":"6216","Sign":"","Measure":{"ID":"26","Sign":"","Signs":{"ID":"","_":"","Language":"EN"}},"Name":{"Value":"Thermometer","Language":"EN"}}}]},{"ID":10361,"SortNo":"10","FeatureGroup":{"ID":"35","Name":{"Value":"Network","Language":"EN"}},"Features":[{"Localized":0,"ID":511109910,"LocalID":0,"Type":"y_n","Value":"N","CategoryFeatureId":"336994","CategoryFeatureGroupID":"10361","SortNo":"105","PresentationValue":"No","RawValue":"N","LocalValue":"No","Description":"","Mandatory":"1","Searchable":"0","Optional":"0","Feature":{"ID":"24557","Sign":"","Measure":{"ID":"26","Sign":"","Signs":{"ID":"","_":"","Language":"EN"}},"Name":{"Value":"Mobile network connection","Language":"EN"}}},{"Localized":0,"ID":644190978,"LocalID":0,"Type":"y_n","Value":"Y","CategoryFeatureId":"94695","CategoryFeatureGroupID":"10361","SortNo":"1","PresentationValue":"Yes","RawValue":"Y","LocalValue":"Yes","Description":"","Mandatory":"0","Searchable":"0","Optional":"0","Feature":{"ID":"16404","Sign":"","Measure":{"ID":"26","Sign":"","Signs":{"ID":"","_":"","Language":"EN"}},"Name":{"Value":"ANT+ enabled","Language":"EN"}}},{"Localized":0,"ID":511109912,"LocalID":0,"Type":"y_n","Value":"Y","CategoryFeatureId":"94693","CategoryFeatureGroupID":"10361","SortNo":"-130","PresentationValue":"Yes","RawValue":"Y","LocalValue":"Yes","Description":"Global Positioning System (GPS) is a space-based satellite navigation system that provides location and time information in all weather conditions, anywhere on or near the Earth where there is an unobstructed line of sight to four or more GPS satellites. The system provides critical capabilities to military, civil and commercial users around the world. It is maintained by the United States government and is freely accessible to anyone with a GPS receiver.","Mandatory":"0","Searchable":"0","Optional":"0","Feature":{"ID":"3329","Sign":"","Measure":{"ID":"26","Sign":"","Signs":{"ID":"","_":"","Language":"EN"}},"Name":{"Value":"GPS (satellite)","Language":"EN"}}},{"Localized":0,"ID":511109913,"LocalID":0,"Type":"y_n","Value":"Y","CategoryFeatureId":"217813","CategoryFeatureGroupID":"10361","SortNo":"-135","PresentationValue":"Yes","RawValue":"Y","LocalValue":"Yes","Description":"","Mandatory":"0","Searchable":"0","Optional":"0","Feature":{"ID":"15618","Sign":"","Measure":{"ID":"26","Sign":"","Signs":{"ID":"","_":"","Language":"EN"}},"Name":{"Value":"GLONASS","Language":"EN"}}},{"Localized":0,"ID":511109914,"LocalID":0,"Type":"y_n","Value":"Y","CategoryFeatureId":"270635","CategoryFeatureGroupID":"10361","SortNo":"-140","PresentationValue":"Yes","RawValue":"Y","LocalValue":"Yes","Description":"","Mandatory":"0","Searchable":"0","Optional":"0","Feature":{"ID":"33685","Sign":"","Measure":{"ID":"26","Sign":"","Signs":{"ID":"","_":"","Language":"EN"}},"Name":{"Value":"Galileo","Language":"EN"}}}]},{"ID":9989,"SortNo":"5","FeatureGroup":{"ID":"12","Name":{"Value":"Ports & interfaces","Language":"EN"}},"Features":[{"Localized":0,"ID":511109948,"LocalID":0,"Type":"y_n","Value":"Y","CategoryFeatureId":"94696","CategoryFeatureGroupID":"9989","SortNo":"10000045","PresentationValue":"Yes","RawValue":"Y","LocalValue":"Yes","Description":"Bluetooth is a low-power radio technology developed to replace the cables and wires currently used to link or connect electronic devices such as personal computers, printers, and a wide variety of handheld devices including mobile phones. Because it uses radio-wave connectivity, a Bluetooth-enabled device has a constant, established connection to whatever browser it uses. This saves the user the trouble of logging on to check for emails or news updates, for example.","Mandatory":"0","Searchable":"0","Optional":"0","Feature":{"ID":"2183","Sign":"","Measure":{"ID":"26","Sign":"","Signs":{"ID":"","_":"","Language":"EN"}},"Name":{"Value":"Bluetooth","Language":"EN"}}},{"Localized":0,"ID":511109933,"LocalID":0,"Type":"y_n","Value":"N","CategoryFeatureId":"94698","CategoryFeatureGroupID":"9989","SortNo":"50","PresentationValue":"No","RawValue":"N","LocalValue":"No","Description":"Popular technology that allows an electronic device to exchange data or connect to the internet wirelessly using radio waves.","Mandatory":"1","Searchable":"1","Optional":"0","Feature":{"ID":"3239","Sign":"","Measure":{"ID":"26","Sign":"","Signs":{"ID":"","_":"","Language":"EN"}},"Name":{"Value":"Wi-Fi","Language":"EN"}}}]},{"ID":9984,"SortNo":"4","FeatureGroup":{"ID":"27","Name":{"Value":"Power","Language":"EN"}},"Features":[{"Localized":0,"ID":511109959,"LocalID":0,"Type":"dropdown","Value":"Built-in battery","CategoryFeatureId":"319967","CategoryFeatureGroupID":"9984","SortNo":"105","PresentationValue":"Built-in battery","RawValue":"Built-in battery","LocalValue":"Built-in battery","Description":"Description of battery supplied with the product, such battery form factor (e.g. AA/AAA).","Mandatory":"1","Searchable":"0","Optional":"0","Feature":{"ID":"908","Sign":"","Measure":{"ID":"29","Sign":"","Signs":{"ID":"","_":"","Language":"EN"}},"Name":{"Value":"Battery type","Language":"EN"}}},{"Localized":0,"ID":511109956,"LocalID":0,"Type":"dropdown","Value":"Lithium-Ion (Li-Ion)","CategoryFeatureId":"85333","CategoryFeatureGroupID":"9984","SortNo":"100","PresentationValue":"Lithium-Ion (Li-Ion)","RawValue":"Lithium-Ion (Li-Ion)","LocalValue":"Lithium-Ion (Li-Ion)","Description":"The type of battery in the device, e.g. nickel–cadmium (NiCd).","Mandatory":"1","Searchable":"0","Optional":"0","Feature":{"ID":"434","Sign":"","Measure":{"ID":"29","Sign":"","Signs":{"ID":"","_":"","Language":"EN"}},"Name":{"Value":"Battery technology","Language":"EN"}}},{"Localized":0,"ID":511109958,"LocalID":0,"Type":"numerical","Value":"288","CategoryFeatureId":"271071","CategoryFeatureGroupID":"9984","SortNo":"75","PresentationValue":"288 h","RawValue":"288","LocalValue":"288","Description":"Maximum battery life. Mobile Mark™ (2002) is the standard often used to benchmark battery life time.","Mandatory":"1","Searchable":"0","Optional":"0","Feature":{"ID":"1721","Sign":"","Measure":{"ID":"46","Sign":"","Signs":{"ID":"30","_":"h","Language":"EN"}},"Name":{"Value":"Battery life (max)","Language":"EN"}}},{"Localized":0,"ID":511109960,"LocalID":0,"Type":"numerical","Value":"12","CategoryFeatureId":"891369","CategoryFeatureGroupID":"9984","SortNo":"70","PresentationValue":"12 day(s)","RawValue":"12","LocalValue":"12","Description":"The total length of time that the battery in the product will last.","Mandatory":"0","Searchable":"0","Optional":"0","Feature":{"ID":"17544","Sign":"","Measure":{"ID":"49","Sign":"","Signs":{"ID":"33","_":"day(s)","Language":"EN"}},"Name":{"Value":"Battery life","Language":"EN"}}},{"Localized":0,"ID":511109962,"LocalID":0,"Type":"numerical","Value":"26","CategoryFeatureId":"271061","CategoryFeatureGroupID":"9984","SortNo":"69","PresentationValue":"26 h","RawValue":"26","LocalValue":"26","Description":"","Mandatory":"0","Searchable":"0","Optional":"0","Feature":{"ID":"25430","Sign":"","Measure":{"ID":"46","Sign":"","Signs":{"ID":"30","_":"h","Language":"EN"}},"Name":{"Value":"Battery life (GPS mode)","Language":"EN"}}},{"Localized":0,"ID":511109971,"LocalID":0,"Type":"numerical","Value":"1.7143","CategoryFeatureId":"891365","CategoryFeatureGroupID":"9984","SortNo":"0","PresentationValue":"1.7143 week(s)","RawValue":"1.7143","LocalValue":"1.7143","Description":"","Mandatory":"0","Searchable":"0","Optional":"0","Feature":{"ID":"25432","Sign":"","Measure":{"ID":"259","Sign":"","Signs":{"ID":"15613","_":"week(s)","Language":"EN"}},"Name":{"Value":"Battery life (max)","Language":"EN"}}}]},{"ID":9976,"SortNo":"-3","FeatureGroup":{"ID":"14","Name":{"Value":"Weight & dimensions","Language":"EN"}},"Features":[{"Localized":0,"ID":511109963,"LocalID":0,"Type":"numerical","Value":"41","CategoryFeatureId":"85294","CategoryFeatureGroupID":"9976","SortNo":"100","PresentationValue":"41 mm","RawValue":"41","LocalValue":"41","Description":"The measurement or extent of something from side to side.","Mandatory":"0","Searchable":"0","Optional":"0","Feature":{"ID":"1649","Sign":"","Measure":{"ID":"24","Sign":"","Signs":{"ID":"3","_":"mm","Language":"EN"}},"Name":{"Value":"Width","Language":"EN"}}},{"Localized":0,"ID":511109964,"LocalID":0,"Type":"numerical","Value":"41","CategoryFeatureId":"85299","CategoryFeatureGroupID":"9976","SortNo":"99","PresentationValue":"41 mm","RawValue":"41","LocalValue":"41","Description":"The distance from the front to the back of something.","Mandatory":"0","Searchable":"0","Optional":"0","Feature":{"ID":"1650","Sign":"","Measure":{"ID":"24","Sign":"","Signs":{"ID":"3","_":"mm","Language":"EN"}},"Name":{"Value":"Depth","Language":"EN"}}},{"Localized":0,"ID":685893090,"LocalID":0,"Type":"numerical","Value":"12.4","CategoryFeatureId":"85296","CategoryFeatureGroupID":"9976","SortNo":"95","PresentationValue":"1.24 cm","RawValue":"12.4","LocalValue":"1.24","Description":"The distance through an object, as distinct from width or height.","Mandatory":"0","Searchable":"0","Optional":"0","Feature":{"ID":"2757","Sign":"","Measure":{"ID":"24","Sign":"","Signs":{"ID":"3","_":"mm","Language":"EN"}},"Name":{"Value":"Thickness","Language":"EN"}}},{"Localized":0,"ID":511109965,"LocalID":0,"Type":"numerical","Value":"39","CategoryFeatureId":"85297","CategoryFeatureGroupID":"9976","SortNo":"94","PresentationValue":"39 g","RawValue":"39","LocalValue":"39","Description":"Weight of the product without packaging (net weight). If possible, the net weight is given including standard accessories and supplies. Please note that sometimes the manufacturer leaves out the weight of accessories and/or supplies.","Mandatory":"0","Searchable":"0","Optional":"0","Feature":{"ID":"94","Sign":"","Measure":{"ID":"38","Sign":"","Signs":{"ID":"22","_":"g","Language":"EN"}},"Name":{"Value":"Weight","Language":"EN"}}},{"Localized":0,"ID":511109966,"LocalID":0,"Type":"numerical","Value":"18","CategoryFeatureId":"94546","CategoryFeatureGroupID":"9976","SortNo":"0","PresentationValue":"1.8 cm","RawValue":"18","LocalValue":"1.8","Description":"The total extend of the band, sideways from one edge to the other.","Mandatory":"0","Searchable":"0","Optional":"0","Feature":{"ID":"11026","Sign":"","Measure":{"ID":"24","Sign":"","Signs":{"ID":"3","_":"mm","Language":"EN"}},"Name":{"Value":"Band width","Language":"EN"}}},{"Localized":0,"ID":511109967,"LocalID":0,"Type":"3d","Value":"41 x 12.4 x 41","CategoryFeatureId":"891358","CategoryFeatureGroupID":"9976","SortNo":"0","PresentationValue":"41 x 12.4 x 41 mm","RawValue":"41 x 12.4 x 41","LocalValue":"41 x 12.4 x 41","Description":"Dimensions of the product (Width x Depth x Height).","Mandatory":"0","Searchable":"0","Optional":"0","Feature":{"ID":"49","Sign":"","Measure":{"ID":"24","Sign":"","Signs":{"ID":"3","_":"mm","Language":"EN"}},"Name":{"Value":"Dimensions (WxDxH)","Language":"EN"}}}]},{"ID":15273,"SortNo":"-5","FeatureGroup":{"ID":"116","Name":{"Value":"Packaging content","Language":"EN"}},"Features":[{"Localized":0,"ID":511109969,"LocalID":0,"Type":"y_n","Value":"Y","CategoryFeatureId":"140697","CategoryFeatureGroupID":"15273","SortNo":"0","PresentationValue":"Yes","RawValue":"Y","LocalValue":"Yes","Description":"","Mandatory":"0","Searchable":"0","Optional":"0","Feature":{"ID":"3965","Sign":"","Measure":{"ID":"26","Sign":"","Signs":{"ID":"","_":"","Language":"EN"}},"Name":{"Value":"Manual","Language":"EN"}}}]}],"FeatureLogos":[],"ReasonsToBuy":[],"Reviews":[],"ProductRelated":[],"CatalogObjectCloud":{},"Variants":[],"ProductStory":[],"Dictionary":{"model_name":"Product name","desc":"Description","ean_code":"EAN/UPC code","flash360":"3D tour","demo_msg_part3":"If you don't have an Icecat account, please register here for free.","repairability_index":"Repairability index","zoom_panel_init":"Original size","cat_name":"Category","product_family":"Product family","back_to_top":"Back to top","zoom_panel_out":"Zoom out","specs":"Specs","eu_product_fiche":"EU Product Fiche","reviews_head_name":"Reviews","pdf_specs":"Product Brochure","zoom_panel_in":"Zoom in","html_content":"","release_date":"Release date","demo_msg_part1":"You are using now a Demo account. Please, use your own Icecat account","demo_insert_desc":"This is a demo of a seamless insert of an Icecat LIVE product data-sheet in your website. Imagine that this responsive data-sheet is included in the product page of your webshop.","pdf_url":"User manual","prod_code":"Product code","supplier_name":"Brand","video":"Video","reasons_to_buy":"Reasons to buy","marketing_text":"Description","options_head_name":"Options","product_series":"Product series","demo_msg_part2":"your Icecat login name","link_integrate_desk":"How to integrate Icecat LIVE JavaScript.","zoom_panel_dragg":"Mouse dragging","eu_energy_label":"EU Energy Label"},"DemoAccount":false}}