{"msg":"OK","data":{"GeneralInfo":{"IcecatId":101929079,"ReleaseDate":"","EndOfLifeDate":"","Title":"Vicks VapoRub Lavender Cough Suppressant and Topical Analgesic Medicated Ointment","TitleInfo":{"GeneratedIntTitle":"Vicks VapoRub Topical Cough Suppressant Lavender cough medicine","GeneratedLocalTitle":{"Value":"Vicks VapoRub Topical Cough Suppressant Lavender cough medicine 50 g External use Adults & Children Cream","Language":"EN"},"BrandLocalTitle":{"Value":"Vicks VapoRub Lavender Cough Suppressant and Topical Analgesic Medicated Ointment","Language":"EN"}},"Brand":"Vicks","BrandID":"1366","BrandLogo":"","BrandInfo":{"BrandName":"Vicks","BrandLocalName":"","BrandLogo":""},"ProductName":"VapoRub Lavender Cough Suppressant and Topical Analgesic Medicated Ointment","ProductNameInfo":{"ProductIntName":"VapoRub Topical Cough Suppressant Lavender","ProductLocalName":{"Value":"VapoRub Lavender Cough Suppressant and Topical Analgesic Medicated Ointment","Language":"EN"}},"BrandPartCode":"323900039209","GTIN":["0323900039209","323900039209"],"Category":{"CategoryID":"5044","Name":{"Value":"Cough Medicines","Language":"EN"}},"ProductFamily":{},"ProductSeries":{"SeriesID":"1"},"Description":{"ID":"88440160","LongDesc":"Vicks® VapoRub Topical Cough Suppressant with Lavender Scent is a chest rub that treats coughs and minor aches and pains. VapoRub has 3 active cough suppressants that are clinically proven to relieve coughs. Apply VapoRub topically to your chest or neck and the cough relief starts working instantly.<br><br>VapoRub now comes in Lavender Scent made with Lavender Essential Oil. VapoRub Lavender Scent provides soothing cough relief for ages 2 and up so they can sleep.<br><br><br><br>","LongProductName":"VapoRub™ Topical Cough Suppressant with Lavender Scent 50g","MiddleDesc":"","Disclaimer":"","ManualPDFURL":"","ManualPDFSize":"0","LeafletPDFURL":"","PDFSize":"0","URL":"https://vicks.com/en-us/shop-products/vaporub/vicks-vaporub-topical-cough-suppressant-with-lavender-scent","WarrantyInfo":"","Updated":"2022-09-21 10:34:53","Language":"EN"},"SummaryDescription":{"ShortSummaryDescription":"Vicks VapoRub Lavender Cough Suppressant and Topical Analgesic Medicated Ointment, External use, Adults & Children, Cream, 50 g, 2 yr(s), Lavender","LongSummaryDescription":"Vicks VapoRub Lavender Cough Suppressant and Topical Analgesic Medicated Ointment. Proper use: External use, Target audience: Adults & Children, Dosage form: Cream"},"BulletPoints":{"BulletPointsId":"6884529","Language":"EN","Values":["On chest and throat, temporarily relieves cough due to minor throat and bronchial irritation associated with the common cold","On muscles and joints, temporarily relieves minor aches and pains of muscles and joints"],"Updated":"2022-09-21 10:34:53"},"GeneratedBulletPoints":{},"GTINs":[{"GTIN":"0323900039209","IsApproved":true},{"GTIN":"323900039209","IsApproved":true}]},"Image":{"HighPic":"https://inishop.com/img/gallery/101929079_6099779332.jpg","HighPicSize":"195793","HighPicHeight":"840","HighPicWidth":"840","LowPic":"https://inishop.com/img/gallery_lows/101929079_6099779332.jpg","LowPicSize":"20070","LowPicHeight":"200","LowPicWidth":"200","Pic500x500":"https://inishop.com/img/gallery_mediums/101929079_6099779332.jpg","Pic500x500Size":"85607","Pic500x500Height":"500","Pic500x500Width":"500","ThumbPic":"https://inishop.com/img/gallery_thumbs/101929079_6099779332.jpg","ThumbPicSize":"4836"},"Multimedia":[{"ID":"62FBC997-05EC-4C32-9E20-4C00BEE3C652","URL":"https://live-html.icecat.biz/be2922ba10affd00d692fd70e634ba0b/index.html","Type":"ProductStory","ContentType":"application/zip","KeepAsUrl":"0","Description":"ProductStory","Size":"2181667","IsPrivate":"0","Updated":"2024-12-20 07:18:01","Language":"EN","IsVideo":0}],"Gallery":[{"ID":"66983301","LowPic":"https://inishop.com/img/gallery_lows/101929079_6099779332.jpg","LowSize":"20070","LowHeight":"200","LowWidth":"200","ThumbPic":"https://inishop.com/img/gallery_thumbs/101929079_6099779332.jpg","ThumbPicSize":"4836","Pic":"https://inishop.com/img/gallery/101929079_6099779332.jpg","Size":"195793","PicHeight":"840","PicWidth":"840","Pic500x500":"https://inishop.com/img/gallery_mediums/101929079_6099779332.jpg","Pic500x500Size":"85607","Pic500x500Height":"500","Pic500x500Width":"500","No":"1","IsMain":"Y","Updated":"2022-09-21 10:34:24","IsPrivate":"0","Type":"ProductImage","Attributes":{"OriginalFileName":""}},{"ID":"66983302","LowPic":"https://inishop.com/img/gallery_lows/101929079_4100496521.jpg","LowSize":"25795","LowHeight":"200","LowWidth":"200","ThumbPic":"https://inishop.com/img/gallery_thumbs/101929079_4100496521.jpg","ThumbPicSize":"5832","Pic":"https://inishop.com/img/gallery/101929079_4100496521.jpg","Size":"233787","PicHeight":"840","PicWidth":"840","Pic500x500":"https://inishop.com/img/gallery_mediums/101929079_4100496521.jpg","Pic500x500Size":"108355","Pic500x500Height":"500","Pic500x500Width":"500","No":"2","IsMain":"N","Updated":"2022-09-21 10:34:28","IsPrivate":"0","Type":"ProductImage","Attributes":{"OriginalFileName":""}},{"ID":"66983310","LowPic":"https://inishop.com/img/gallery_lows/101929079_8435314909.jpg","LowSize":"23739","LowHeight":"200","LowWidth":"200","ThumbPic":"https://inishop.com/img/gallery_thumbs/101929079_8435314909.jpg","ThumbPicSize":"5382","Pic":"https://inishop.com/img/gallery/101929079_8435314909.jpg","Size":"213764","PicHeight":"840","PicWidth":"840","Pic500x500":"https://inishop.com/img/gallery_mediums/101929079_8435314909.jpg","Pic500x500Size":"98178","Pic500x500Height":"500","Pic500x500Width":"500","No":"3","IsMain":"N","Updated":"2022-09-21 10:34:30","IsPrivate":"0","Type":"ProductImage","Attributes":{"OriginalFileName":""}},{"ID":"66983311","LowPic":"https://inishop.com/img/gallery_lows/101929079_6443572104.jpg","LowSize":"25633","LowHeight":"200","LowWidth":"200","ThumbPic":"https://inishop.com/img/gallery_thumbs/101929079_6443572104.jpg","ThumbPicSize":"5688","Pic":"https://inishop.com/img/gallery/101929079_6443572104.jpg","Size":"249556","PicHeight":"840","PicWidth":"840","Pic500x500":"https://inishop.com/img/gallery_mediums/101929079_6443572104.jpg","Pic500x500Size":"113413","Pic500x500Height":"500","Pic500x500Width":"500","No":"4","IsMain":"N","Updated":"2022-09-21 10:34:31","IsPrivate":"0","Type":"ProductImage","Attributes":{"OriginalFileName":""}},{"ID":"66983314","LowPic":"https://inishop.com/img/gallery_lows/101929079_0240999987.jpg","LowSize":"25516","LowHeight":"200","LowWidth":"200","ThumbPic":"https://inishop.com/img/gallery_thumbs/101929079_0240999987.jpg","ThumbPicSize":"5536","Pic":"https://inishop.com/img/gallery/101929079_0240999987.jpg","Size":"250021","PicHeight":"840","PicWidth":"840","Pic500x500":"https://inishop.com/img/gallery_mediums/101929079_0240999987.jpg","Pic500x500Size":"112779","Pic500x500Height":"500","Pic500x500Width":"500","No":"5","IsMain":"N","Updated":"2022-09-21 10:34:33","IsPrivate":"0","Type":"ProductImage","Attributes":{"OriginalFileName":""}},{"ID":"66983325","LowPic":"https://inishop.com/img/gallery_lows/101929079_7702351719.jpg","LowSize":"23586","LowHeight":"200","LowWidth":"200","ThumbPic":"https://inishop.com/img/gallery_thumbs/101929079_7702351719.jpg","ThumbPicSize":"4476","Pic":"https://inishop.com/img/gallery/101929079_7702351719.jpg","Size":"276358","PicHeight":"840","PicWidth":"840","Pic500x500":"https://inishop.com/img/gallery_mediums/101929079_7702351719.jpg","Pic500x500Size":"123972","Pic500x500Height":"500","Pic500x500Width":"500","No":"6","IsMain":"N","Updated":"2022-09-21 10:34:35","IsPrivate":"0","Type":"ProductImage","Attributes":{"OriginalFileName":""}}],"FeaturesGroups":[{"ID":18224,"SortNo":"5","FeatureGroup":{"ID":"185","Name":{"Value":"Features","Language":"EN"}},"Features":[{"Localized":0,"ID":503404406,"LocalID":0,"Type":"numerical","Value":"50","CategoryFeatureId":"167794","CategoryFeatureGroupID":"18224","SortNo":"250","PresentationValue":"50 g","RawValue":"50","LocalValue":"50","Description":"Maximum amount that something can contain.","Mandatory":"0","Searchable":"0","Optional":"0","Feature":{"ID":"5255","Sign":"","Measure":{"ID":"38","Sign":"","Signs":{"ID":"22","_":"g","Language":"EN"}},"Name":{"Value":"Capacity","Language":"EN"}}},{"Localized":0,"ID":503404322,"LocalID":0,"Type":"dropdown","Value":"External use","CategoryFeatureId":"167782","CategoryFeatureGroupID":"18224","SortNo":"100","PresentationValue":"External use","RawValue":"External use","LocalValue":"External use","Description":"The intended application of the product.","Mandatory":"1","Searchable":"1","Optional":"0","Feature":{"ID":"2987","Sign":"","Measure":{"ID":"29","Sign":"","Signs":{"ID":"","_":"","Language":"EN"}},"Name":{"Value":"Proper use","Language":"EN"}}},{"Localized":0,"ID":503404339,"LocalID":0,"Type":"dropdown","Value":"Adults & Children","CategoryFeatureId":"167784","CategoryFeatureGroupID":"18224","SortNo":"95","PresentationValue":"Adults & Children","RawValue":"Adults & Children","LocalValue":"Adults & Children","Description":"","Mandatory":"1","Searchable":"1","Optional":"0","Feature":{"ID":"21228","Sign":"","Measure":{"ID":"29","Sign":"","Signs":{"ID":"","_":"","Language":"EN"}},"Name":{"Value":"Target audience","Language":"EN"}}},{"Localized":0,"ID":503404801,"LocalID":0,"Type":"dropdown","Value":"Cream (substance)","CategoryFeatureId":"167783","CategoryFeatureGroupID":"18224","SortNo":"90","PresentationValue":"Cream","RawValue":"Cream (substance)","LocalValue":"Cream","Description":"","Mandatory":"1","Searchable":"1","Optional":"0","Feature":{"ID":"25712","Sign":"","Measure":{"ID":"29","Sign":"","Signs":{"ID":"","_":"","Language":"EN"}},"Name":{"Value":"Dosage form","Language":"EN"}}},{"Localized":0,"ID":836284207,"LocalID":0,"Type":"numerical","Value":"2","CategoryFeatureId":"167786","CategoryFeatureGroupID":"18224","SortNo":"90","PresentationValue":"2 yr(s)","RawValue":"2","LocalValue":"2","Description":"The minimum age suitable for using this product.","Mandatory":"0","Searchable":"0","Optional":"0","Feature":{"ID":"7769","Sign":"","Measure":{"ID":"439","Sign":"","Signs":{"ID":"39428","_":"yr(s)","Language":"EN"}},"Name":{"Value":"Minimum age","Language":"EN"}}},{"Localized":0,"ID":836285101,"LocalID":0,"Type":"dropdown","Value":"Lavender","CategoryFeatureId":"167795","CategoryFeatureGroupID":"18224","SortNo":"85","PresentationValue":"Lavender","RawValue":"Lavender","LocalValue":"Lavender","Description":"What the product smells like, e.g. Almond or Vanilla.","Mandatory":"0","Searchable":"0","Optional":"0","Feature":{"ID":"14683","Sign":"","Measure":{"ID":"29","Sign":"","Signs":{"ID":"","_":"","Language":"EN"}},"Name":{"Value":"Scent","Language":"EN"}}},{"Localized":0,"ID":503405080,"LocalID":0,"Type":"dropdown","Value":"Pot","CategoryFeatureId":"167792","CategoryFeatureGroupID":"18224","SortNo":"80","PresentationValue":"Pot","RawValue":"Pot","LocalValue":"Pot","Description":"The type of container from which the product can be dispensed, e.g. bag, tube etc.","Mandatory":"0","Searchable":"0","Optional":"0","Feature":{"ID":"17965","Sign":"","Measure":{"ID":"29","Sign":"","Signs":{"ID":"","_":"","Language":"EN"}},"Name":{"Value":"Dispenser type","Language":"EN"}}},{"Localized":1,"ID":0,"LocalID":548713914,"Type":"textarea","Value":"","CategoryFeatureId":"167788","CategoryFeatureGroupID":"18224","SortNo":"-5","PresentationValue":"(Purpose) Camphor (synthetic) 4.8% - (Cough suppressant and topical analgesic) Eucalyptus oil 1.2% - (Cough suppressant Menthol 2.6% - (Cough suppressant and topical analgesic)","RawValue":"","LocalValue":"(Purpose) Camphor (synthetic) 4.8% - (Cough suppressant and topical analgesic) Eucalyptus oil 1.2% - (Cough suppressant Menthol 2.6% - (Cough suppressant and topical analgesic)","Description":"","Mandatory":"0","Searchable":"0","Optional":"0","Feature":{"ID":"16908","Sign":"","Measure":{"ID":"29","Sign":"","Signs":{"ID":"","_":"","Language":"EN"}},"Name":{"Value":"Ingredients","Language":"EN"}}},{"Localized":1,"ID":0,"LocalID":548713918,"Type":"textarea","Value":"","CategoryFeatureId":"167790","CategoryFeatureGroupID":"18224","SortNo":"-15","PresentationValue":"Adults and children 2 years and over.\n\nFor cough suppression.\n\nRub a thick layer on throat & chest.\n\nCover with a warm, dry cloth if desired.\n\nKeep clothing loose about throat and chest to help vapors reach the nose and mouth.\n\nUse up to three times daily or as directed by doctor.\n\nFor muscle / joint minor aches and pains apply to affected area not more than 3 to 4 times daily.\n\nChildren under 2 years: do not use.","RawValue":"","LocalValue":"Adults and children 2 years and over.\n\nFor cough suppression.\n\nRub a thick layer on throat & chest.\n\nCover with a warm, dry cloth if desired.\n\nKeep clothing loose about throat and chest to help vapors reach the nose and mouth.\n\nUse up to three times daily or as directed by doctor.\n\nFor muscle / joint minor aches and pains apply to affected area not more than 3 to 4 times daily.\n\nChildren under 2 years: do not use.","Description":"","Mandatory":"0","Searchable":"0","Optional":"0","Feature":{"ID":"24555","Sign":"","Measure":{"ID":"29","Sign":"","Signs":{"ID":"","_":"","Language":"EN"}},"Name":{"Value":"How to use","Language":"EN"}}}]}],"FeatureLogos":[],"ReasonsToBuy":[],"Reviews":[],"ProductRelated":[],"CatalogObjectCloud":{},"Variants":[],"ProductStory":[{"ID":"62FBC997-05EC-4C32-9E20-4C00BEE3C652","URL":"https://live-html.icecat.biz/be2922ba10affd00d692fd70e634ba0b/index.html","Type":"ProductStory","ContentType":"application/zip","KeepAsUrl":"0","Description":"ProductStory","Size":"2181667","IsPrivate":"0","Updated":"2024-12-20 07:18:01","Language":"EN","IsVideo":0}],"Dictionary":{"model_name":"Product name","desc":"Description","ean_code":"EAN/UPC code","flash360":"3D tour","demo_msg_part3":"If you don't have an Icecat account, please register here for free.","repairability_index":"Repairability index","zoom_panel_init":"Original size","cat_name":"Category","product_family":"Product family","back_to_top":"Back to top","zoom_panel_out":"Zoom out","specs":"Specs","eu_product_fiche":"EU Product Fiche","reviews_head_name":"Reviews","pdf_specs":"Product Brochure","zoom_panel_in":"Zoom in","html_content":"","release_date":"Release date","demo_msg_part1":"You are using now a Demo account. Please, use your own Icecat account","demo_insert_desc":"This is a demo of a seamless insert of an Icecat LIVE product data-sheet in your website. Imagine that this responsive data-sheet is included in the product page of your webshop.","pdf_url":"User manual","prod_code":"Product code","supplier_name":"Brand","video":"Video","reasons_to_buy":"Reasons to buy","marketing_text":"Description","options_head_name":"Options","product_series":"Product series","demo_msg_part2":"your Icecat login name","link_integrate_desk":"How to integrate Icecat LIVE JavaScript.","zoom_panel_dragg":"Mouse dragging","eu_energy_label":"EU Energy Label"},"DemoAccount":false}}