{"msg":"OK","data":{"GeneralInfo":{"IcecatId":134703630,"ReleaseDate":"","EndOfLifeDate":"","Title":"Bloom & Wild The Anna Just because","TitleInfo":{"GeneratedIntTitle":"Bloom & Wild The Anna","GeneratedLocalTitle":{"Value":"Bloom & Wild The Anna Just because","Language":"EN"},"BrandLocalTitle":{"Value":"","Language":"EN"}},"Brand":"Bloom & Wild","BrandID":"43649","BrandLogo":"","BrandInfo":{"BrandName":"Bloom & Wild","BrandLocalName":"","BrandLogo":""},"ProductName":"The Anna","ProductNameInfo":{"ProductIntName":"The Anna","ProductLocalName":{"Value":"","Language":"EN"}},"BrandPartCode":"3299","GTIN":[],"Category":{"CategoryID":"4796","Name":{"Value":"Fresh Cut Mixed Bouquets & Flowers","Language":"EN"}},"ProductFamily":{},"ProductSeries":{"SeriesID":"1"},"Description":{"ID":"104044349","LongDesc":"With a dreamy mix of powdery alstroemeria Anna’s like a breath of fresh air. Perfect for any occasion, her long-lasting stems will light up any room for days.<br><br>Why not add the perfect companion to your bouquet? Our letterbox vase, the newest addition to our range, is tough enough to withstand all of life's moments and flexible enough to fit right in the box with our letterbox flowers. Choose your favourite blooms and then add the vase at checkout.","LongProductName":"The Anna","MiddleDesc":"","Disclaimer":"","ManualPDFURL":"","ManualPDFSize":"0","LeafletPDFURL":"","PDFSize":"0","URL":"https://www.bloomandwild.com/send-flowers/send/the-anna-lb/3299","WarrantyInfo":"","Updated":"2025-09-09 11:07:06","Language":"EN"},"SummaryDescription":{"ShortSummaryDescription":"Bloom & Wild The Anna, Fresh cut mixed bouquet, Multicolour, Just because, 48 day(s)","LongSummaryDescription":"Bloom & Wild The Anna. Product type: Fresh cut mixed bouquet, Product colour: Multicolour, Occasion: Just because"},"BulletPoints":{"BulletPointsId":"13608884","Language":"EN","Values":["With a dreamy mix of powdery alstroemeria Anna’s like a breath of fresh air","15 stems arriving in bud, including alstroemeria, stocks and solidago","Delivered through the letterbox","Arrives in bud, blooms over 48 hours","Flower food and our florists’ arranging tips included, to keep your blooms fresh and happy"],"Updated":"2025-09-09 11:06:58"},"GeneratedBulletPoints":{},"GTINs":[]},"Image":{"HighPic":"https://inishop.com/img/gallery/8dd18f02118d6baec95b96a34bf9905fc76f6d77.jpg","HighPicSize":"602192","HighPicHeight":"1000","HighPicWidth":"1000","LowPic":"https://inishop.com/img/gallery_lows/f780f15591a833c6e0b79ccd87754aed16197dae.jpg","LowPicSize":"40846","LowPicHeight":"200","LowPicWidth":"200","Pic500x500":"https://inishop.com/img/gallery_mediums/d8bf2e8aa6b319d35edf05b5455c7e75e1c99c0c.jpg","Pic500x500Size":"190146","Pic500x500Height":"500","Pic500x500Width":"500","ThumbPic":"https://inishop.com/img/gallery_thumbs/f8e10dd4a351f1df42cffa38ce7ab8c64f34f70a.jpg","ThumbPicSize":"8152"},"Multimedia":[],"Gallery":[{"ID":"117095620","LowPic":"https://inishop.com/img/gallery_lows/f780f15591a833c6e0b79ccd87754aed16197dae.jpg","LowSize":"40846","LowHeight":"200","LowWidth":"200","ThumbPic":"https://inishop.com/img/gallery_thumbs/f8e10dd4a351f1df42cffa38ce7ab8c64f34f70a.jpg","ThumbPicSize":"8152","Pic":"https://inishop.com/img/gallery/8dd18f02118d6baec95b96a34bf9905fc76f6d77.jpg","Size":"602192","PicHeight":"1000","PicWidth":"1000","Pic500x500":"https://inishop.com/img/gallery_mediums/d8bf2e8aa6b319d35edf05b5455c7e75e1c99c0c.jpg","Pic500x500Size":"190146","Pic500x500Height":"500","Pic500x500Width":"500","No":"1","IsMain":"Y","Updated":"2025-09-09 11:05:39","IsPrivate":"0","Type":"ProductImage","Attributes":{"OriginalFileName":""}},{"ID":"117095622","LowPic":"https://inishop.com/img/gallery_lows/f6498bff320f8f6f7cbca6d42b8e4c753319515c.jpg","LowSize":"41879","LowHeight":"200","LowWidth":"200","ThumbPic":"https://inishop.com/img/gallery_thumbs/275afe93e7a64660fad04ba43a139fa4c2d7e821.jpg","ThumbPicSize":"8215","Pic":"https://inishop.com/img/gallery/ad9174d492ff2aaa2ed92f9891a77e5cf0525353.jpg","Size":"622497","PicHeight":"1000","PicWidth":"1000","Pic500x500":"https://inishop.com/img/gallery_mediums/3d23dcdf7f66970157272c4b13c951d3e19b2d89.jpg","Pic500x500Size":"202583","Pic500x500Height":"500","Pic500x500Width":"500","No":"2","IsMain":"N","Updated":"2025-09-09 11:05:57","IsPrivate":"0","Type":"ProductImageAnnotated","Attributes":{"OriginalFileName":""}},{"ID":"117095623","LowPic":"https://inishop.com/img/gallery_lows/20b4f0c0ce2b9b8b61177d3506b6b06a669f1827.jpg","LowSize":"78497","LowHeight":"200","LowWidth":"200","ThumbPic":"https://inishop.com/img/gallery_thumbs/fec7325a2ab8fc0f0f4fcf408a4797207dd4b14a.jpg","ThumbPicSize":"13837","Pic":"https://inishop.com/img/gallery/115eba0b5b3dec8b5ee1943a55e80f26748cc3cc.jpg","Size":"1226476","PicHeight":"1000","PicWidth":"1000","Pic500x500":"https://inishop.com/img/gallery_mediums/89e488657a70e70feaaa16f149f1ca198a47d413.jpg","Pic500x500Size":"394579","Pic500x500Height":"500","Pic500x500Width":"500","No":"3","IsMain":"N","Updated":"2025-09-09 11:06:03","IsPrivate":"0","Type":"ProductDetailImage","Attributes":{"OriginalFileName":""}},{"ID":"117095626","LowPic":"https://inishop.com/img/gallery_lows/951637f715d1e12353863942053adc3e3a68c2c2.jpg","LowSize":"49834","LowHeight":"200","LowWidth":"200","ThumbPic":"https://inishop.com/img/gallery_thumbs/2ab657fb778b5e4409ef243536d7a4433278c0bc.jpg","ThumbPicSize":"10085","Pic":"https://inishop.com/img/gallery/ea1a725f7dfda333af85ceabcb9155becf943e3d.jpg","Size":"642030","PicHeight":"1000","PicWidth":"1000","Pic500x500":"https://inishop.com/img/gallery_mediums/738660079cc5f73e35b4859d7881d25ae76988af.jpg","Pic500x500Size":"217513","Pic500x500Height":"500","Pic500x500Width":"500","No":"4","IsMain":"N","Updated":"2025-09-09 11:06:38","IsPrivate":"0","Type":"LifestyleImage","Attributes":{"OriginalFileName":""}},{"ID":"117095627","LowPic":"https://inishop.com/img/gallery_lows/7586eee62e6534a6feef3066cff098e721fef56d.jpg","LowSize":"28986","LowHeight":"200","LowWidth":"200","ThumbPic":"https://inishop.com/img/gallery_thumbs/9493605ad9c67f70b9d250672e10b06e059919cb.jpg","ThumbPicSize":"6418","Pic":"https://inishop.com/img/gallery/4bb5ca2214e2edfb68301f305cd9e48c8aaaddce.jpg","Size":"303466","PicHeight":"1000","PicWidth":"1000","Pic500x500":"https://inishop.com/img/gallery_mediums/e79f187578b84f640646bbe64b79bba3b248b5a4.jpg","Pic500x500Size":"113565","Pic500x500Height":"500","Pic500x500Width":"500","No":"5","IsMain":"N","Updated":"2025-09-09 11:06:39","IsPrivate":"0","Type":"LifestyleImage","Attributes":{"OriginalFileName":""}}],"FeaturesGroups":[{"ID":24776,"SortNo":"50","FeatureGroup":{"ID":"185","Name":{"Value":"Features","Language":"EN"}},"Features":[{"Localized":0,"ID":835244545,"LocalID":0,"Type":"dropdown","Value":"Fresh cut mixed bouquet","CategoryFeatureId":"935697","CategoryFeatureGroupID":"24776","SortNo":"500","PresentationValue":"Fresh cut mixed bouquet","RawValue":"Fresh cut mixed bouquet","LocalValue":"Fresh cut mixed bouquet","Description":"The sub-category of the product.","Mandatory":"1","Searchable":"1","Optional":"0","Feature":{"ID":"14052","Sign":"","Measure":{"ID":"29","Sign":"","Signs":{"ID":"","_":"","Language":"EN"}},"Name":{"Value":"Product type","Language":"EN"}}},{"Localized":0,"ID":835244544,"LocalID":0,"Type":"multi_dropdown","Value":"Multicolour","CategoryFeatureId":"945016","CategoryFeatureGroupID":"24776","SortNo":"300","PresentationValue":"Multicolour","RawValue":"Multicolour","LocalValue":"Multicolour","Description":"The colour e.g. red, blue, green, black, white.","Mandatory":"0","Searchable":"0","Optional":"0","Feature":{"ID":"1766","Sign":"","Measure":{"ID":"29","Sign":"","Signs":{"ID":"","_":"","Language":"EN"}},"Name":{"Value":"Product colour","Language":"EN"}}},{"Localized":0,"ID":835244547,"LocalID":0,"Type":"dropdown","Value":"Just because","CategoryFeatureId":"221114","CategoryFeatureGroupID":"24776","SortNo":"250","PresentationValue":"Just because","RawValue":"Just because","LocalValue":"Just because","Description":"","Mandatory":"0","Searchable":"0","Optional":"0","Feature":{"ID":"29202","Sign":"","Measure":{"ID":"29","Sign":"","Signs":{"ID":"","_":"","Language":"EN"}},"Name":{"Value":"Occasion","Language":"EN"}}},{"Localized":0,"ID":835244626,"LocalID":0,"Type":"numerical","Value":"15","CategoryFeatureId":"935698","CategoryFeatureGroupID":"24776","SortNo":"10","PresentationValue":"15","RawValue":"15","LocalValue":"15","Description":"The number of products there are.","Mandatory":"0","Searchable":"0","Optional":"0","Feature":{"ID":"1675","Sign":"","Measure":{"ID":"29","Sign":"","Signs":{"ID":"","_":"","Language":"EN"}},"Name":{"Value":"Quantity","Language":"EN"}}},{"Localized":0,"ID":835244546,"LocalID":0,"Type":"numerical","Value":"48","CategoryFeatureId":"221116","CategoryFeatureGroupID":"24776","SortNo":"0","PresentationValue":"48 day(s)","RawValue":"48","LocalValue":"48","Description":"","Mandatory":"0","Searchable":"0","Optional":"0","Feature":{"ID":"19213","Sign":"","Measure":{"ID":"49","Sign":"","Signs":{"ID":"33","_":"day(s)","Language":"EN"}},"Name":{"Value":"Lifespan","Language":"EN"}}}]}],"FeatureLogos":[],"ReasonsToBuy":[],"Reviews":[],"ProductRelated":[],"CatalogObjectCloud":{},"Variants":[],"ProductStory":[],"Dictionary":{"model_name":"Product name","desc":"Description","ean_code":"EAN/UPC code","flash360":"3D tour","demo_msg_part3":"If you don't have an Icecat account, please register here for free.","repairability_index":"Repairability index","zoom_panel_init":"Original size","cat_name":"Category","product_family":"Product family","back_to_top":"Back to top","zoom_panel_out":"Zoom out","specs":"Specs","eu_product_fiche":"EU Product Fiche","reviews_head_name":"Reviews","pdf_specs":"Product Brochure","zoom_panel_in":"Zoom in","html_content":"","release_date":"Release date","demo_msg_part1":"You are using now a Demo account. Please, use your own Icecat account","demo_insert_desc":"This is a demo of a seamless insert of an Icecat LIVE product data-sheet in your website. Imagine that this responsive data-sheet is included in the product page of your webshop.","pdf_url":"User manual","prod_code":"Product code","supplier_name":"Brand","video":"Video","reasons_to_buy":"Reasons to buy","marketing_text":"Description","options_head_name":"Options","product_series":"Product series","demo_msg_part2":"your Icecat login name","link_integrate_desk":"How to integrate Icecat LIVE JavaScript.","zoom_panel_dragg":"Mouse dragging","eu_energy_label":"EU Energy Label"},"DemoAccount":false}}