{"msg":"OK","data":{"GeneralInfo":{"IcecatId":101927862,"ReleaseDate":"","EndOfLifeDate":"","Title":"Hills Light Adult Small & Mini Breed Dry Dog Food with Chicken","TitleInfo":{"GeneratedIntTitle":"Hills 604236 dogs dry food","GeneratedLocalTitle":{"Value":"Hills 604236 dogs dry food 1.5 kg","Language":"EN"},"BrandLocalTitle":{"Value":"Hills Light Adult Small & Mini Breed Dry Dog Food with Chicken","Language":"EN"}},"Brand":"Hills","BrandID":"21320","BrandLogo":"","BrandInfo":{"BrandName":"Hills","BrandLocalName":"","BrandLogo":""},"ProductName":"Light Adult Small & Mini Breed Dry Dog Food with Chicken","ProductNameInfo":{"ProductIntName":"604236","ProductLocalName":{"Value":"Light Adult Small & Mini Breed Dry Dog Food with Chicken","Language":"EN"}},"BrandPartCode":"604236","GTIN":["0052742024745","052742024745"],"Category":{"CategoryID":"3398","Name":{"Value":"Dogs Dry Food","Language":"EN"}},"ProductFamily":{},"ProductSeries":{"SeriesID":"1"},"Description":{"ID":"104037803","LongDesc":"Hill's Science Plan Light Adult Small & Mini Dog Food with Chicken (chicken 11%, total poultry 17%) is a complete pet food for 1-6 years old small dogs with a tendency to gain weight.<br><br><b>Key benefits</b><br>Big on Love, Small in Size. Hill's Science Plan Light Small & Mini Adult dog food is tailored nutrition for less active adult small dogs requiring a low calorie food to help maintain a healthy weight & lifestyle. Specially made with our smallest kibble.<br><br><b>Recommended for:</b><br>Adult dogs 1 - 6 years of age that weigh up to 10kg when full grown and require fewer calories (i.e. dogs that are less active, neutered or otherwise prone to weight gain)<br><br><b>Not recommended for:</b><br>Puppies, or mature adult dogs ( > 6 years of age). Pregnant or nursing dogs. During pregnancy or nursing, dogs should be switched to Hill's Science Plan Small & Mini Puppy dog food.","LongProductName":"Light Adult Small & Mini Breed Dry Dog Food with Chicken","MiddleDesc":"","Disclaimer":"","ManualPDFURL":"","ManualPDFSize":"0","LeafletPDFURL":"","PDFSize":"0","URL":"https://www.hillspet.co.uk/dog-food/sp-canine-science-plan-adult-small-and-miniature-light-original-dry","WarrantyInfo":"","Updated":"2025-09-08 17:03:26","Language":"EN"},"SummaryDescription":{"ShortSummaryDescription":"Hills Light Adult Small & Mini Breed Dry Dog Food with Chicken, Adult, Mini (5 - 10kg), X-Small (< 4kg), Chicken, 1.5 kg","LongSummaryDescription":"Hills Light Adult Small & Mini Breed Dry Dog Food with Chicken. Pet life stage: Adult, Breed size: Mini (5 - 10kg), X-Small (< 4kg), Pet food flavor: Chicken, Weight: 1.5 kg"},"BulletPoints":{},"GeneratedBulletPoints":{},"GTINs":[{"GTIN":"0052742024745","IsApproved":true},{"GTIN":"052742024745","IsApproved":true}]},"Image":{"HighPic":"https://inishop.com/img/gallery/e68b21075ac795465b388991299cd02f62fb0c2c.jpg","HighPicSize":"542691","HighPicHeight":"1325","HighPicWidth":"815","LowPic":"https://inishop.com/img/gallery_lows/7bccf4d3fcfd7c7459c46dec74e4749e09370b3c.jpg","LowPicSize":"27510","LowPicHeight":"200","LowPicWidth":"123","Pic500x500":"https://inishop.com/img/gallery_mediums/83efabbfdba99b2241089437bd7f0040424b4ba6.jpg","Pic500x500Size":"118550","Pic500x500Height":"500","Pic500x500Width":"308","ThumbPic":"https://inishop.com/img/gallery_thumbs/b8b379996648bfa173b6f3fbe05356a8a3b4b51c.jpg","ThumbPicSize":"5974"},"Multimedia":[],"Gallery":[{"ID":"117083978","LowPic":"https://inishop.com/img/gallery_lows/7bccf4d3fcfd7c7459c46dec74e4749e09370b3c.jpg","LowSize":"27510","LowHeight":"200","LowWidth":"123","ThumbPic":"https://inishop.com/img/gallery_thumbs/b8b379996648bfa173b6f3fbe05356a8a3b4b51c.jpg","ThumbPicSize":"5974","Pic":"https://inishop.com/img/gallery/e68b21075ac795465b388991299cd02f62fb0c2c.jpg","Size":"542691","PicHeight":"1325","PicWidth":"815","Pic500x500":"https://inishop.com/img/gallery_mediums/83efabbfdba99b2241089437bd7f0040424b4ba6.jpg","Pic500x500Size":"118550","Pic500x500Height":"500","Pic500x500Width":"308","No":"2","IsMain":"Y","Updated":"2025-09-08 17:02:22","IsPrivate":"0","Type":"ProductImage","Attributes":{"OriginalFileName":""}},{"ID":"117083995","LowPic":"https://inishop.com/img/gallery_lows/648f5e3b4cb7ee688ed994242e1288f023622b43.jpg","LowSize":"29428","LowHeight":"200","LowWidth":"200","ThumbPic":"https://inishop.com/img/gallery_thumbs/8048df82d94019bb79cdde04b82a3afb80c5055d.jpg","ThumbPicSize":"6804","Pic":"https://inishop.com/img/gallery/c366e20eebecb7feb46e5d7fae3b562a60a849fc.jpg","Size":"87489","PicHeight":"500","PicWidth":"500","Pic500x500":"https://inishop.com/img/gallery_mediums/c366e20eebecb7feb46e5d7fae3b562a60a849fc.jpg","Pic500x500Size":"87489","Pic500x500Height":"500","Pic500x500Width":"500","No":"7","IsMain":"N","Updated":"2025-09-08 17:03:04","IsPrivate":"0","Type":"ProductImageAnnotated","Attributes":{"OriginalFileName":""}},{"ID":"117083996","LowPic":"https://inishop.com/img/gallery_lows/f4e708f3e40b6d8cd2b9404ee3d69d51232e13b4.jpg","LowSize":"41184","LowHeight":"200","LowWidth":"200","ThumbPic":"https://inishop.com/img/gallery_thumbs/a294d740bf2a0859c12a5cecb6a2ede94b4008fb.jpg","ThumbPicSize":"9244","Pic":"https://inishop.com/img/gallery/2765cfb3761bb0612c8cef6b716bde16a67660c8.jpg","Size":"138410","PicHeight":"500","PicWidth":"500","Pic500x500":"https://inishop.com/img/gallery_mediums/2765cfb3761bb0612c8cef6b716bde16a67660c8.jpg","Pic500x500Size":"138410","Pic500x500Height":"500","Pic500x500Width":"500","No":"8","IsMain":"N","Updated":"2025-09-08 17:03:05","IsPrivate":"0","Type":"ProductImageAnnotated","Attributes":{"OriginalFileName":""}},{"ID":"117083997","LowPic":"https://inishop.com/img/gallery_lows/0b1faeb924ab17dbc16d9fdaf5c3144eb7d9d90d.jpg","LowSize":"29460","LowHeight":"200","LowWidth":"200","ThumbPic":"https://inishop.com/img/gallery_thumbs/f7f3f05dd482c4b8a1432fb045b489e9662aeb1d.jpg","ThumbPicSize":"6272","Pic":"https://inishop.com/img/gallery/7be6740cf40a6e78683ba68910aa19a125fc2515.jpg","Size":"123651","PicHeight":"500","PicWidth":"500","Pic500x500":"https://inishop.com/img/gallery_mediums/7be6740cf40a6e78683ba68910aa19a125fc2515.jpg","Pic500x500Size":"123651","Pic500x500Height":"500","Pic500x500Width":"500","No":"9","IsMain":"N","Updated":"2025-09-08 17:03:06","IsPrivate":"0","Type":"ProductImageAnnotated","Attributes":{"OriginalFileName":""}},{"ID":"117083998","LowPic":"https://inishop.com/img/gallery_lows/0b96e21d06f3ac93542fd334a6fdbd7e95913823.jpg","LowSize":"37259","LowHeight":"200","LowWidth":"200","ThumbPic":"https://inishop.com/img/gallery_thumbs/b78458f602740f7464113530f366f85696f74dd3.jpg","ThumbPicSize":"8641","Pic":"https://inishop.com/img/gallery/8cee527fb93bc1e20c274be2e0c5345df61bcbde.jpg","Size":"119048","PicHeight":"500","PicWidth":"500","Pic500x500":"https://inishop.com/img/gallery_mediums/8cee527fb93bc1e20c274be2e0c5345df61bcbde.jpg","Pic500x500Size":"119048","Pic500x500Height":"500","Pic500x500Width":"500","No":"10","IsMain":"N","Updated":"2025-09-08 17:03:07","IsPrivate":"0","Type":"ProductImageAnnotated","Attributes":{"OriginalFileName":""}}],"FeaturesGroups":[{"ID":13305,"SortNo":"10","FeatureGroup":{"ID":"185","Name":{"Value":"Features","Language":"EN"}},"Features":[{"Localized":0,"ID":503327316,"LocalID":0,"Type":"numerical","Value":"1500","CategoryFeatureId":"189213","CategoryFeatureGroupID":"13305","SortNo":"200","PresentationValue":"1.5 kg","RawValue":"1500","LocalValue":"1.5","Description":"Weight of the product without packaging (net weight). If possible, the net weight is given including standard accessories and supplies. Please note that sometimes the manufacturer leaves out the weight of accessories and/or supplies.","Mandatory":"1","Searchable":"0","Optional":"0","Feature":{"ID":"94","Sign":"","Measure":{"ID":"38","Sign":"","Signs":{"ID":"22","_":"g","Language":"EN"}},"Name":{"Value":"Weight","Language":"EN"}}},{"Localized":0,"ID":835129557,"LocalID":0,"Type":"multi_dropdown","Value":"Mini (5 - 10kg),X-Small (< 4kg)","CategoryFeatureId":"122920","CategoryFeatureGroupID":"13305","SortNo":"189","PresentationValue":"Mini (5 - 10kg), X-Small (< 4kg)","RawValue":"Mini (5 - 10kg),X-Small (< 4kg)","LocalValue":"Mini (5 - 10kg), X-Small (< 4kg)","Description":"","Mandatory":"0","Searchable":"0","Optional":"0","Feature":{"ID":"20703","Sign":"","Measure":{"ID":"29","Sign":"","Signs":{"ID":"","_":"","Language":"EN"}},"Name":{"Value":"Breed size","Language":"EN"}}},{"Localized":0,"ID":835129637,"LocalID":0,"Type":"multi_dropdown","Value":"Omega-6,Vitamin A,Vitamin C,Vitamin E","CategoryFeatureId":"201495","CategoryFeatureGroupID":"13305","SortNo":"175","PresentationValue":"Omega-6, Vitamin A, Vitamin C, Vitamin E","RawValue":"Omega-6,Vitamin A,Vitamin C,Vitamin E","LocalValue":"Omega-6, Vitamin A, Vitamin C, Vitamin E","Description":"","Mandatory":"0","Searchable":"0","Optional":"0","Feature":{"ID":"26607","Sign":"","Measure":{"ID":"29","Sign":"","Signs":{"ID":"","_":"","Language":"EN"}},"Name":{"Value":"Includes vitamins","Language":"EN"}}},{"Localized":0,"ID":835129554,"LocalID":0,"Type":"dropdown","Value":"Adult (animal)","CategoryFeatureId":"122907","CategoryFeatureGroupID":"13305","SortNo":"20","PresentationValue":"Adult","RawValue":"Adult (animal)","LocalValue":"Adult","Description":"","Mandatory":"1","Searchable":"1","Optional":"0","Feature":{"ID":"20700","Sign":"","Measure":{"ID":"29","Sign":"","Signs":{"ID":"","_":"","Language":"EN"}},"Name":{"Value":"Pet life stage","Language":"EN"}}},{"Localized":0,"ID":503327315,"LocalID":0,"Type":"multi_dropdown","Value":"Chicken","CategoryFeatureId":"122918","CategoryFeatureGroupID":"13305","SortNo":"17","PresentationValue":"Chicken","RawValue":"Chicken","LocalValue":"Chicken","Description":"","Mandatory":"1","Searchable":"1","Optional":"0","Feature":{"ID":"20702","Sign":"","Measure":{"ID":"29","Sign":"","Signs":{"ID":"","_":"","Language":"EN"}},"Name":{"Value":"Pet food flavor","Language":"EN"}}},{"Localized":1,"ID":0,"LocalID":554059090,"Type":"textarea","Value":"","CategoryFeatureId":"694052","CategoryFeatureGroupID":"13305","SortNo":"17","PresentationValue":"Chicken and turkey meal, wheat, pea bran meal, maize, maize gluten meal, digest, brewers' rice, cellulose, animal fat, dried beet pulp, vegetable oil, minerals, flaxseed, dried tomato pomace, dried citrus pulp, spinach powder","RawValue":"","LocalValue":"Chicken and turkey meal, wheat, pea bran meal, maize, maize gluten meal, digest, brewers' rice, cellulose, animal fat, dried beet pulp, vegetable oil, minerals, flaxseed, dried tomato pomace, dried citrus pulp, spinach powder","Description":"","Mandatory":"0","Searchable":"0","Optional":"0","Feature":{"ID":"16908","Sign":"","Measure":{"ID":"29","Sign":"","Signs":{"ID":"","_":"","Language":"EN"}},"Name":{"Value":"Ingredients","Language":"EN"}}},{"Localized":0,"ID":503327307,"LocalID":0,"Type":"numerical","Value":"6","CategoryFeatureId":"661803","CategoryFeatureGroupID":"13305","SortNo":"0","PresentationValue":"6 pc(s)","RawValue":"6","LocalValue":"6","Description":"","Mandatory":"0","Searchable":"0","Optional":"0","Feature":{"ID":"20228","Sign":"","Measure":{"ID":"144","Sign":"","Signs":{"ID":"125","_":"pc(s)","Language":"EN"}},"Name":{"Value":"Quantity per pack","Language":"EN"}}}]},{"ID":22475,"SortNo":"8","FeatureGroup":{"ID":"200","Name":{"Value":"Nutrition facts","Language":"EN"}},"Features":[{"Localized":0,"ID":835129563,"LocalID":0,"Type":"numerical","Value":"23.4","CategoryFeatureId":"122923","CategoryFeatureGroupID":"22475","SortNo":"100","PresentationValue":"23.4%","RawValue":"23.4","LocalValue":"23.4","Description":"","Mandatory":"0","Searchable":"0","Optional":"0","Feature":{"ID":"20705","Sign":"","Measure":{"ID":"64","Sign":"","Signs":{"ID":"47","_":"%","Language":"EN"}},"Name":{"Value":"Protein","Language":"EN"}}},{"Localized":0,"ID":835129565,"LocalID":0,"Type":"numerical","Value":"10.6","CategoryFeatureId":"122924","CategoryFeatureGroupID":"22475","SortNo":"100","PresentationValue":"10.6%","RawValue":"10.6","LocalValue":"10.6","Description":"","Mandatory":"0","Searchable":"0","Optional":"0","Feature":{"ID":"20706","Sign":"","Measure":{"ID":"64","Sign":"","Signs":{"ID":"47","_":"%","Language":"EN"}},"Name":{"Value":"Fat content","Language":"EN"}}},{"Localized":0,"ID":835129639,"LocalID":0,"Type":"numerical","Value":"5.3","CategoryFeatureId":"122925","CategoryFeatureGroupID":"22475","SortNo":"100","PresentationValue":"5.3%","RawValue":"5.3","LocalValue":"5.3","Description":"","Mandatory":"0","Searchable":"0","Optional":"0","Feature":{"ID":"20707","Sign":"","Measure":{"ID":"64","Sign":"","Signs":{"ID":"47","_":"%","Language":"EN"}},"Name":{"Value":"Crude ash","Language":"EN"}}},{"Localized":0,"ID":835129587,"LocalID":0,"Type":"numerical","Value":"12.4","CategoryFeatureId":"122926","CategoryFeatureGroupID":"22475","SortNo":"100","PresentationValue":"12.4%","RawValue":"12.4","LocalValue":"12.4","Description":"","Mandatory":"0","Searchable":"0","Optional":"0","Feature":{"ID":"20708","Sign":"","Measure":{"ID":"64","Sign":"","Signs":{"ID":"47","_":"%","Language":"EN"}},"Name":{"Value":"Crude fibres","Language":"EN"}}},{"Localized":0,"ID":835129643,"LocalID":0,"Type":"numerical","Value":"0.6","CategoryFeatureId":"201489","CategoryFeatureGroupID":"22475","SortNo":"100","PresentationValue":"0.6%","RawValue":"0.6","LocalValue":"0.6","Description":"","Mandatory":"0","Searchable":"0","Optional":"0","Feature":{"ID":"30405","Sign":"","Measure":{"ID":"64","Sign":"","Signs":{"ID":"47","_":"%","Language":"EN"}},"Name":{"Value":"Phosphorus","Language":"EN"}}},{"Localized":0,"ID":835129640,"LocalID":0,"Type":"numerical","Value":"0.83","CategoryFeatureId":"201490","CategoryFeatureGroupID":"22475","SortNo":"100","PresentationValue":"0.83%","RawValue":"0.83","LocalValue":"0.83","Description":"","Mandatory":"0","Searchable":"0","Optional":"0","Feature":{"ID":"30404","Sign":"","Measure":{"ID":"64","Sign":"","Signs":{"ID":"47","_":"%","Language":"EN"}},"Name":{"Value":"Calcium","Language":"EN"}}},{"Localized":0,"ID":835129644,"LocalID":0,"Type":"numerical","Value":"0.3","CategoryFeatureId":"201491","CategoryFeatureGroupID":"22475","SortNo":"100","PresentationValue":"0.3%","RawValue":"0.3","LocalValue":"0.3","Description":"","Mandatory":"0","Searchable":"0","Optional":"0","Feature":{"ID":"30406","Sign":"","Measure":{"ID":"64","Sign":"","Signs":{"ID":"47","_":"%","Language":"EN"}},"Name":{"Value":"Sodium","Language":"EN"}}},{"Localized":0,"ID":835129647,"LocalID":0,"Type":"numerical","Value":"0.12","CategoryFeatureId":"204245","CategoryFeatureGroupID":"22475","SortNo":"97","PresentationValue":"0.12%","RawValue":"0.12","LocalValue":"0.12","Description":"","Mandatory":"0","Searchable":"0","Optional":"0","Feature":{"ID":"30418","Sign":"","Measure":{"ID":"64","Sign":"","Signs":{"ID":"47","_":"%","Language":"EN"}},"Name":{"Value":"Magnesium content","Language":"EN"}}},{"Localized":0,"ID":835129645,"LocalID":0,"Type":"numerical","Value":"0.73","CategoryFeatureId":"205019","CategoryFeatureGroupID":"22475","SortNo":"94","PresentationValue":"0.73%","RawValue":"0.73","LocalValue":"0.73","Description":"","Mandatory":"0","Searchable":"0","Optional":"0","Feature":{"ID":"30417","Sign":"","Measure":{"ID":"64","Sign":"","Signs":{"ID":"47","_":"%","Language":"EN"}},"Name":{"Value":"Potassium content","Language":"EN"}}},{"Localized":0,"ID":835129658,"LocalID":0,"Type":"numerical","Value":"3130","CategoryFeatureId":"205024","CategoryFeatureGroupID":"22475","SortNo":"88","PresentationValue":"3130 kcal/kg","RawValue":"3130","LocalValue":"3130","Description":"","Mandatory":"0","Searchable":"0","Optional":"0","Feature":{"ID":"30773","Sign":"","Measure":{"ID":"315","Sign":"","Signs":{"ID":"21220","_":"kcal/kg","Language":"EN"}},"Name":{"Value":"Metabolisable Energy (ME)","Language":"EN"}}},{"Localized":0,"ID":835129656,"LocalID":0,"Type":"numerical","Value":"334","CategoryFeatureId":"205025","CategoryFeatureGroupID":"22475","SortNo":"85","PresentationValue":"334 mg/kg","RawValue":"334","LocalValue":"334","Description":"","Mandatory":"0","Searchable":"0","Optional":"0","Feature":{"ID":"30774","Sign":"","Measure":{"ID":"395","Sign":"","Signs":{"ID":"31867","_":"mg/kg","Language":"EN"}},"Name":{"Value":"L-carnitine content","Language":"EN"}}},{"Localized":0,"ID":835129655,"LocalID":0,"Type":"numerical","Value":"105","CategoryFeatureId":"205028","CategoryFeatureGroupID":"22475","SortNo":"76","PresentationValue":"105 mg/kg","RawValue":"105","LocalValue":"105","Description":"","Mandatory":"0","Searchable":"0","Optional":"0","Feature":{"ID":"30777","Sign":"","Measure":{"ID":"395","Sign":"","Signs":{"ID":"31867","_":"mg/kg","Language":"EN"}},"Name":{"Value":"Vitamin C content","Language":"EN"}}},{"Localized":0,"ID":835129651,"LocalID":0,"Type":"numerical","Value":"10.905","CategoryFeatureId":"205036","CategoryFeatureGroupID":"22475","SortNo":"55","PresentationValue":"10.905 IU/kg","RawValue":"10.905","LocalValue":"10.905","Description":"","Mandatory":"0","Searchable":"0","Optional":"0","Feature":{"ID":"30787","Sign":"","Measure":{"ID":"394","Sign":"","Signs":{"ID":"31813","_":"IU/kg","Language":"EN"}},"Name":{"Value":"Vitamin A content","Language":"EN"}}},{"Localized":0,"ID":835129653,"LocalID":0,"Type":"numerical","Value":"758","CategoryFeatureId":"205037","CategoryFeatureGroupID":"22475","SortNo":"52","PresentationValue":"758 IU/kg","RawValue":"758","LocalValue":"758","Description":"","Mandatory":"0","Searchable":"0","Optional":"0","Feature":{"ID":"30788","Sign":"","Measure":{"ID":"394","Sign":"","Signs":{"ID":"31813","_":"IU/kg","Language":"EN"}},"Name":{"Value":"Vitamin D3 content","Language":"EN"}}},{"Localized":0,"ID":835129654,"LocalID":0,"Type":"numerical","Value":"690","CategoryFeatureId":"205038","CategoryFeatureGroupID":"22475","SortNo":"49","PresentationValue":"690 mg/kg","RawValue":"690","LocalValue":"690","Description":"","Mandatory":"0","Searchable":"0","Optional":"0","Feature":{"ID":"30789","Sign":"","Measure":{"ID":"395","Sign":"","Signs":{"ID":"31867","_":"mg/kg","Language":"EN"}},"Name":{"Value":"Vitamin E content","Language":"EN"}}},{"Localized":0,"ID":835129661,"LocalID":0,"Type":"numerical","Value":"0.37","CategoryFeatureId":"810603","CategoryFeatureGroupID":"22475","SortNo":"10","PresentationValue":"0.37%","RawValue":"0.37","LocalValue":"0.37","Description":"","Mandatory":"0","Searchable":"0","Optional":"0","Feature":{"ID":"31078","Sign":"","Measure":{"ID":"64","Sign":"","Signs":{"ID":"47","_":"%","Language":"EN"}},"Name":{"Value":"Omega-3 fatty acids","Language":"EN"}}},{"Localized":0,"ID":835129634,"LocalID":0,"Type":"numerical","Value":"2.9","CategoryFeatureId":"810604","CategoryFeatureGroupID":"22475","SortNo":"9","PresentationValue":"2.9%","RawValue":"2.9","LocalValue":"2.9","Description":"","Mandatory":"0","Searchable":"0","Optional":"0","Feature":{"ID":"44751","Sign":"","Measure":{"ID":"64","Sign":"","Signs":{"ID":"47","_":"%","Language":"EN"}},"Name":{"Value":"Omega-6 fatty acids","Language":"EN"}}}]}],"FeatureLogos":[],"ReasonsToBuy":[],"Reviews":[],"ProductRelated":[],"CatalogObjectCloud":{},"Variants":[],"ProductStory":[],"Dictionary":{"model_name":"Product name","desc":"Description","ean_code":"EAN/UPC code","flash360":"3D tour","demo_msg_part3":"If you don't have an Icecat account, please register here for free.","repairability_index":"Repairability index","zoom_panel_init":"Original size","cat_name":"Category","product_family":"Product family","back_to_top":"Back to top","zoom_panel_out":"Zoom out","specs":"Specs","eu_product_fiche":"EU Product Fiche","reviews_head_name":"Reviews","pdf_specs":"Product Brochure","zoom_panel_in":"Zoom in","html_content":"","release_date":"Release date","demo_msg_part1":"You are using now a Demo account. Please, use your own Icecat account","demo_insert_desc":"This is a demo of a seamless insert of an Icecat LIVE product data-sheet in your website. Imagine that this responsive data-sheet is included in the product page of your webshop.","pdf_url":"User manual","prod_code":"Product code","supplier_name":"Brand","video":"Video","reasons_to_buy":"Reasons to buy","marketing_text":"Description","options_head_name":"Options","product_series":"Product series","demo_msg_part2":"your Icecat login name","link_integrate_desk":"How to integrate Icecat LIVE JavaScript.","zoom_panel_dragg":"Mouse dragging","eu_energy_label":"EU Energy Label"},"DemoAccount":false}}