{"msg":"OK","data":{"GeneralInfo":{"IcecatId":98259996,"ReleaseDate":"","EndOfLifeDate":"","Title":"Essence gel nail colour","TitleInfo":{"GeneratedIntTitle":"Essence Gel Nail nail polish","GeneratedLocalTitle":{"Value":"Essence Gel Nail nail polish 8 ml Transparent Gloss","Language":"EN"},"BrandLocalTitle":{"Value":"Essence gel nail colour","Language":"EN"}},"Brand":"Essence","BrandID":"29383","BrandLogo":"https://inishop.com/img/brand/thumb/29383_837cf392de374591bbd1c9cdef160cb6.jpg","BrandInfo":{"BrandName":"Essence","BrandLocalName":"","BrandLogo":"https://inishop.com/img/brand/thumb/29383_837cf392de374591bbd1c9cdef160cb6.jpg"},"ProductName":"gel nail colour","ProductNameInfo":{"ProductIntName":"Gel Nail","ProductLocalName":{"Value":"gel nail colour","Language":"EN"}},"BrandPartCode":"934872","GTIN":["4059729348722"],"Category":{"CategoryID":"2943","Name":{"Value":"Nail Polishes","Language":"EN"}},"ProductFamily":{},"ProductSeries":{"SeriesID":"1"},"Description":{"ID":"104037600","LongDesc":"Clean beauty with a WOW performance! There are no compromises with the gel nail colour nail polishes: the vegan, clean beauty formula has a short list of ingredients and is free of microplastic particles. The polish is easy to apply thanks to its patented, broad \"\"double-touch\"\" brush and dries quickly. The first coat of the climate-neutral nail polish is ready to shine in just 40 seconds. Good to know: if you apply several coats, the drying time will increase accordingly - but of course this can be shortened by using a Dry Spray or Drying Drops. Tip: For a perfect salon look, apply two coats on top of the base coat and seal with a top coat.<br><br>Whether a French look or a shimmer effect: these gel nail colour nail polishes provide a semi-transparent finish and create perfectly manicured nails!","LongProductName":"gel nail colour 01 - gloss 'N ROLL, 8ml","MiddleDesc":"","Disclaimer":"","ManualPDFURL":"","ManualPDFSize":"0","LeafletPDFURL":"","PDFSize":"0","URL":"https://www.essence.eu/en-za/p/934872/gel-nail-colour","WarrantyInfo":"","Updated":"2025-09-08 16:25:09","Language":"EN"},"SummaryDescription":{"ShortSummaryDescription":"Essence gel nail colour, 8 ml, Transparent, gloss 'N ROLL, Coloring, Gloss, Bottle","LongSummaryDescription":"Essence gel nail colour. Volume: 8 ml, Colour group: Transparent, Colour name: gloss 'N ROLL. Sustainability certificates: Good for vegan. Number of products included: 1 pc(s)"},"BulletPoints":{"BulletPointsId":"13607158","Language":"EN","Values":["Long-lasting gel finish with an extreme shine","Dries in just 40 seconds","Climate neutral, vegan and clean beauty"],"Updated":"2025-09-08 16:25:09"},"GeneratedBulletPoints":{"Language":"EN","Values":["Bottle 8 ml Colour group: Transparent","01 gloss 'N ROLL Applicator type: Brush","Finish type: Gloss Suitable for: Women","Long-lasting Fast drying Easy to apply"]},"GTINs":[{"GTIN":"4059729348722","IsApproved":true}]},"Image":{"HighPic":"https://inishop.com/img/gallery/d9a5b9764c1c427ebcc01b9376185a1f3a223034.jpg","HighPicSize":"252517","HighPicHeight":"1346","HighPicWidth":"525","LowPic":"https://inishop.com/img/gallery_lows/826284cdd67fe6c23a868fb17ca1019320f85620.jpg","LowPicSize":"9062","LowPicHeight":"200","LowPicWidth":"78","Pic500x500":"https://inishop.com/img/gallery_mediums/d9f1b33f09e0c9bb0a7e113496ac5b335acdd0a9.jpg","Pic500x500Size":"41811","Pic500x500Height":"500","Pic500x500Width":"195","ThumbPic":"https://inishop.com/img/gallery_thumbs/27ce7cdb9be96988fe7ccb70c9a72dcde5d54ad1.jpg","ThumbPicSize":"2298"},"Multimedia":[],"Gallery":[{"ID":"62260618","LowPic":"https://inishop.com/img/gallery_lows/826284cdd67fe6c23a868fb17ca1019320f85620.jpg","LowSize":"9062","LowHeight":"200","LowWidth":"78","ThumbPic":"https://inishop.com/img/gallery_thumbs/27ce7cdb9be96988fe7ccb70c9a72dcde5d54ad1.jpg","ThumbPicSize":"2298","Pic":"https://inishop.com/img/gallery/d9a5b9764c1c427ebcc01b9376185a1f3a223034.jpg","Size":"252517","PicHeight":"1346","PicWidth":"525","Pic500x500":"https://inishop.com/img/gallery_mediums/d9f1b33f09e0c9bb0a7e113496ac5b335acdd0a9.jpg","Pic500x500Size":"41811","Pic500x500Height":"500","Pic500x500Width":"195","No":"1","IsMain":"Y","Updated":"2025-09-08 16:23:25","IsPrivate":"0","Type":"ProductImage","Attributes":{"OriginalFileName":""}},{"ID":"62260634","LowPic":"https://inishop.com/img/gallery_lows/c787dec8a28ad70dd9bd376755777cf8660c79b6.jpg","LowSize":"15070","LowHeight":"200","LowWidth":"172","ThumbPic":"https://inishop.com/img/gallery_thumbs/d0a56a82411a1ac9f4ad54dbfd5b986c5e2a1573.jpg","ThumbPicSize":"3497","Pic":"https://inishop.com/img/gallery/23bd8f4f483056ec33f4218ab3aa0a02fb9ceda3.jpg","Size":"362022","PicHeight":"1196","PicWidth":"1026","Pic500x500":"https://inishop.com/img/gallery_mediums/2d8722a29cef8dc829fea060095e83b7bc3779fb.jpg","Pic500x500Size":"71468","Pic500x500Height":"500","Pic500x500Width":"429","No":"2","IsMain":"N","Updated":"2025-09-08 16:23:30","IsPrivate":"0","Type":"ProductImage","Attributes":{"OriginalFileName":""}},{"ID":"117083428","LowPic":"https://inishop.com/img/gallery_lows/66af429a6e90edbc77ba737f60242db3fc89ebdb.jpg","LowSize":"8511","LowHeight":"200","LowWidth":"200","ThumbPic":"https://inishop.com/img/gallery_thumbs/bc716c9cf2ee5eb3d8ae3f814c1336b92bb11b94.jpg","ThumbPicSize":"2120","Pic":"https://inishop.com/img/gallery/8ced06952eccdf86010ecb9f166af274e6c4050d.jpg","Size":"173814","PicHeight":"2000","PicWidth":"2000","Pic500x500":"https://inishop.com/img/gallery_mediums/a14ab46b161a9d949fd5a95b468a8f99c7737646.jpg","Pic500x500Size":"38977","Pic500x500Height":"500","Pic500x500Width":"500","No":"3","IsMain":"N","Updated":"2025-09-08 16:23:51","IsPrivate":"0","Type":"Other","Attributes":{"OriginalFileName":""}},{"ID":"117083429","LowPic":"https://inishop.com/img/gallery_lows/717c962634593af15b68ff8012d33904fa58a6c9.jpg","LowSize":"33487","LowHeight":"200","LowWidth":"200","ThumbPic":"https://inishop.com/img/gallery_thumbs/51275da294294364f4dd6622231e5e37c2fd97cf.jpg","ThumbPicSize":"7277","Pic":"https://inishop.com/img/gallery/5c051b2be0c38eeead3ba19e55e32b17f050deff.jpg","Size":"867909","PicHeight":"2000","PicWidth":"2000","Pic500x500":"https://inishop.com/img/gallery_mediums/90c8766232768c0befc3d008290641589fc3df55.jpg","Pic500x500Size":"147738","Pic500x500Height":"500","Pic500x500Width":"500","No":"4","IsMain":"N","Updated":"2025-09-08 16:23:53","IsPrivate":"0","Type":"Other","Attributes":{"OriginalFileName":""}},{"ID":"117083431","LowPic":"https://inishop.com/img/gallery_lows/74563143f406c2c0b6fcdcc67be66fdb02f5d084.jpg","LowSize":"39648","LowHeight":"200","LowWidth":"200","ThumbPic":"https://inishop.com/img/gallery_thumbs/7ca27449899bd383972845eb89e84cd0568f1161.jpg","ThumbPicSize":"8234","Pic":"https://inishop.com/img/gallery/fe7e8c3919e6d339aa8c1acf63657620df6c388b.jpg","Size":"1117250","PicHeight":"2000","PicWidth":"2000","Pic500x500":"https://inishop.com/img/gallery_mediums/4881051d42f5aef042aa88a692e7daf2e2216c85.jpg","Pic500x500Size":"181486","Pic500x500Height":"500","Pic500x500Width":"500","No":"5","IsMain":"N","Updated":"2025-09-08 16:23:54","IsPrivate":"0","Type":"Other","Attributes":{"OriginalFileName":""}},{"ID":"117083432","LowPic":"https://inishop.com/img/gallery_lows/655a6092243642d17492bb69379f3acc05c40018.jpg","LowSize":"35435","LowHeight":"200","LowWidth":"200","ThumbPic":"https://inishop.com/img/gallery_thumbs/db1127bd0d96ae7111240619c9d0310d9b4ecbe8.jpg","ThumbPicSize":"6295","Pic":"https://inishop.com/img/gallery/318f239a41bb0338bffc27787d073a11ee7a04cd.jpg","Size":"1058083","PicHeight":"2000","PicWidth":"2000","Pic500x500":"https://inishop.com/img/gallery_mediums/b3733cd04541b48d5add0c320aba626227162ef6.jpg","Pic500x500Size":"179619","Pic500x500Height":"500","Pic500x500Width":"500","No":"6","IsMain":"N","Updated":"2025-09-08 16:23:56","IsPrivate":"0","Type":"Other","Attributes":{"OriginalFileName":""}},{"ID":"117083438","LowPic":"https://inishop.com/img/gallery_lows/20bd05b9087ecc547e88629cc84d0f5b4856ce0b.jpg","LowSize":"60595","LowHeight":"200","LowWidth":"200","ThumbPic":"https://inishop.com/img/gallery_thumbs/271ffd8bbf21362737c7d41e7de188facb8d8cab.jpg","ThumbPicSize":"11438","Pic":"https://inishop.com/img/gallery/67c2980a77d400ccf4cb873832e99c94467f1923.jpg","Size":"1847879","PicHeight":"2000","PicWidth":"2000","Pic500x500":"https://inishop.com/img/gallery_mediums/a6c8f1666f9feb776cf520ae7d972603dc6d64c8.jpg","Pic500x500Size":"288177","Pic500x500Height":"500","Pic500x500Width":"500","No":"7","IsMain":"N","Updated":"2025-09-08 16:24:05","IsPrivate":"0","Type":"Other","Attributes":{"OriginalFileName":""}}],"FeaturesGroups":[{"ID":11992,"SortNo":"10","FeatureGroup":{"ID":"185","Name":{"Value":"Features","Language":"EN"}},"Features":[{"Localized":0,"ID":472222235,"LocalID":0,"Type":"numerical","Value":"8","CategoryFeatureId":"103923","CategoryFeatureGroupID":"11992","SortNo":"400","PresentationValue":"8 ml","RawValue":"8","LocalValue":"8","Description":"The amount of space that a substance or object occupies or may contain.","Mandatory":"1","Searchable":"0","Optional":"0","Feature":{"ID":"5207","Sign":"","Measure":{"ID":"142","Sign":"","Signs":{"ID":"123","_":"ml","Language":"EN"}},"Name":{"Value":"Volume","Language":"EN"}}},{"Localized":0,"ID":472215797,"LocalID":0,"Type":"dropdown","Value":"Transparent","CategoryFeatureId":"103998","CategoryFeatureGroupID":"11992","SortNo":"100","PresentationValue":"Transparent","RawValue":"Transparent","LocalValue":"Transparent","Description":"The broader definiton of the colour spectrum of the product, e.g. black or auburn.","Mandatory":"1","Searchable":"0","Optional":"0","Feature":{"ID":"17357","Sign":"","Measure":{"ID":"29","Sign":"","Signs":{"ID":"","_":"","Language":"EN"}},"Name":{"Value":"Colour group","Language":"EN"}}},{"Localized":0,"ID":472222020,"LocalID":0,"Type":"text","Value":"gloss 'N ROLL","CategoryFeatureId":"104004","CategoryFeatureGroupID":"11992","SortNo":"90","PresentationValue":"gloss 'N ROLL","RawValue":"gloss 'N ROLL","LocalValue":"gloss 'N ROLL","Description":"","Mandatory":"1","Searchable":"0","Optional":"0","Feature":{"ID":"17956","Sign":"","Measure":{"ID":"29","Sign":"","Signs":{"ID":"","_":"","Language":"EN"}},"Name":{"Value":"Colour name","Language":"EN"}}},{"Localized":0,"ID":472222039,"LocalID":0,"Type":"alphanumeric","Value":"01","CategoryFeatureId":"104001","CategoryFeatureGroupID":"11992","SortNo":"80","PresentationValue":"01","RawValue":"01","LocalValue":"01","Description":"","Mandatory":"1","Searchable":"0","Optional":"0","Feature":{"ID":"17540","Sign":"","Measure":{"ID":"29","Sign":"","Signs":{"ID":"","_":"","Language":"EN"}},"Name":{"Value":"Colour code","Language":"EN"}}},{"Localized":0,"ID":472215979,"LocalID":0,"Type":"dropdown","Value":"Gloss","CategoryFeatureId":"113015","CategoryFeatureGroupID":"11992","SortNo":"70","PresentationValue":"Gloss","RawValue":"Gloss","LocalValue":"Gloss","Description":"The way that a product is finished e.g. a matt or gloss finish.","Mandatory":"0","Searchable":"0","Optional":"0","Feature":{"ID":"2254","Sign":"","Measure":{"ID":"29","Sign":"","Signs":{"ID":"","_":"","Language":"EN"}},"Name":{"Value":"Finish type","Language":"EN"}}},{"Localized":0,"ID":472223174,"LocalID":0,"Type":"multi_dropdown","Value":"Coloring","CategoryFeatureId":"148585","CategoryFeatureGroupID":"11992","SortNo":"69","PresentationValue":"Coloring","RawValue":"Coloring","LocalValue":"Coloring","Description":"","Mandatory":"1","Searchable":"0","Optional":"0","Feature":{"ID":"23999","Sign":"","Measure":{"ID":"29","Sign":"","Signs":{"ID":"","_":"","Language":"EN"}},"Name":{"Value":"Nail polish effect","Language":"EN"}}},{"Localized":0,"ID":472222129,"LocalID":0,"Type":"dropdown","Value":"Bottle","CategoryFeatureId":"146495","CategoryFeatureGroupID":"11992","SortNo":"65","PresentationValue":"Bottle","RawValue":"Bottle","LocalValue":"Bottle","Description":"The type of container from which the product can be dispensed, e.g. bag, tube etc.","Mandatory":"0","Searchable":"0","Optional":"0","Feature":{"ID":"17965","Sign":"","Measure":{"ID":"29","Sign":"","Signs":{"ID":"","_":"","Language":"EN"}},"Name":{"Value":"Dispenser type","Language":"EN"}}},{"Localized":0,"ID":472222139,"LocalID":0,"Type":"y_n","Value":"Y","CategoryFeatureId":"105739","CategoryFeatureGroupID":"11992","SortNo":"60","PresentationValue":"Yes","RawValue":"Y","LocalValue":"Yes","Description":"","Mandatory":"0","Searchable":"0","Optional":"0","Feature":{"ID":"18071","Sign":"","Measure":{"ID":"26","Sign":"","Signs":{"ID":"","_":"","Language":"EN"}},"Name":{"Value":"Long-lasting","Language":"EN"}}},{"Localized":0,"ID":472222149,"LocalID":0,"Type":"y_n","Value":"Y","CategoryFeatureId":"105740","CategoryFeatureGroupID":"11992","SortNo":"55","PresentationValue":"Yes","RawValue":"Y","LocalValue":"Yes","Description":"","Mandatory":"1","Searchable":"0","Optional":"0","Feature":{"ID":"18072","Sign":"","Measure":{"ID":"26","Sign":"","Signs":{"ID":"","_":"","Language":"EN"}},"Name":{"Value":"Fast drying","Language":"EN"}}},{"Localized":0,"ID":472222165,"LocalID":0,"Type":"y_n","Value":"Y","CategoryFeatureId":"150080","CategoryFeatureGroupID":"11992","SortNo":"50","PresentationValue":"Yes","RawValue":"Y","LocalValue":"Yes","Description":"","Mandatory":"0","Searchable":"0","Optional":"0","Feature":{"ID":"15767","Sign":"","Measure":{"ID":"26","Sign":"","Signs":{"ID":"","_":"","Language":"EN"}},"Name":{"Value":"Easy to apply","Language":"EN"}}},{"Localized":0,"ID":472222208,"LocalID":0,"Type":"dropdown","Value":"Brush","CategoryFeatureId":"338175","CategoryFeatureGroupID":"11992","SortNo":"0","PresentationValue":"Brush","RawValue":"Brush","LocalValue":"Brush","Description":"","Mandatory":"0","Searchable":"0","Optional":"0","Feature":{"ID":"38481","Sign":"","Measure":{"ID":"29","Sign":"","Signs":{"ID":"","_":"","Language":"EN"}},"Name":{"Value":"Applicator type","Language":"EN"}}},{"Localized":0,"ID":472222212,"LocalID":0,"Type":"dropdown","Value":"Women","CategoryFeatureId":"693734","CategoryFeatureGroupID":"11992","SortNo":"0","PresentationValue":"Women","RawValue":"Women","LocalValue":"Women","Description":"Who can use the product, or what the product can be used for.","Mandatory":"0","Searchable":"0","Optional":"0","Feature":{"ID":"9202","Sign":"","Measure":{"ID":"29","Sign":"","Signs":{"ID":"","_":"","Language":"EN"}},"Name":{"Value":"Suitable for","Language":"EN"}}},{"Localized":0,"ID":472223125,"LocalID":0,"Type":"textarea","Value":"ETHYL ACETATE, NITROCELLULOSE, ACRYLATES COPOLYMER, BUTYL ACETATE, ACETYL TRIBUTYL CITRATE, ISOPROPYL ALCOHOL, DIPROPYLENE GLYCOL DIBENZOATE, MALTOL, CI 77510 (FERRIC AMMONIUM FERROCYANIDE).","CategoryFeatureId":"103962","CategoryFeatureGroupID":"11992","SortNo":"-80","PresentationValue":"ETHYL ACETATE, NITROCELLULOSE, ACRYLATES COPOLYMER, BUTYL ACETATE, ACETYL TRIBUTYL CITRATE, ISOPROPYL ALCOHOL, DIPROPYLENE GLYCOL DIBENZOATE, MALTOL, CI 77510 (FERRIC AMMONIUM FERROCYANIDE).","RawValue":"ETHYL ACETATE, NITROCELLULOSE, ACRYLATES COPOLYMER, BUTYL ACETATE, ACETYL TRIBUTYL CITRATE, ISOPROPYL ALCOHOL, DIPROPYLENE GLYCOL DIBENZOATE, MALTOL, CI 77510 (FERRIC AMMONIUM FERROCYANIDE).","LocalValue":"ETHYL ACETATE, NITROCELLULOSE, ACRYLATES COPOLYMER, BUTYL ACETATE, ACETYL TRIBUTYL CITRATE, ISOPROPYL ALCOHOL, DIPROPYLENE GLYCOL DIBENZOATE, MALTOL, CI 77510 (FERRIC AMMONIUM FERROCYANIDE).","Description":"","Mandatory":"0","Searchable":"0","Optional":"0","Feature":{"ID":"16908","Sign":"","Measure":{"ID":"29","Sign":"","Signs":{"ID":"","_":"","Language":"EN"}},"Name":{"Value":"Ingredients","Language":"EN"}}},{"Localized":1,"ID":0,"LocalID":554059072,"Type":"textarea","Value":"","CategoryFeatureId":"151182","CategoryFeatureGroupID":"11992","SortNo":"-110","PresentationValue":"To ensure that nail polish lasts particularly well and can be applied evenly, it's best to prime the nails with a base coat first. At the very end, apply a top coat over the dried nail polish to make it last longer.","RawValue":"","LocalValue":"To ensure that nail polish lasts particularly well and can be applied evenly, it's best to prime the nails with a base coat first. At the very end, apply a top coat over the dried nail polish to make it last longer.","Description":"","Mandatory":"0","Searchable":"0","Optional":"0","Feature":{"ID":"24555","Sign":"","Measure":{"ID":"29","Sign":"","Signs":{"ID":"","_":"","Language":"EN"}},"Name":{"Value":"How to use","Language":"EN"}}},{"Localized":0,"ID":835126637,"LocalID":0,"Type":"multi_dropdown","Value":"Alcohol,Fragrance,Oil,Paraben","CategoryFeatureId":"625012","CategoryFeatureGroupID":"11992","SortNo":"-150","PresentationValue":"Alcohol, Fragrance, Oil, Paraben","RawValue":"Alcohol,Fragrance,Oil,Paraben","LocalValue":"Alcohol, Fragrance, Oil, Paraben","Description":"","Mandatory":"0","Searchable":"0","Optional":"0","Feature":{"ID":"42516","Sign":"","Measure":{"ID":"29","Sign":"","Signs":{"ID":"","_":"","Language":"EN"}},"Name":{"Value":"Doesn't contain","Language":"EN"}}}]},{"ID":77253,"SortNo":"0","FeatureGroup":{"ID":"279","Name":{"Value":"Sustainability","Language":"EN"}},"Features":[{"Localized":0,"ID":835126641,"LocalID":0,"Type":"multi_dropdown","Value":"Good for vegan","CategoryFeatureId":"604465","CategoryFeatureGroupID":"77253","SortNo":"0","PresentationValue":"Good for vegan","RawValue":"Good for vegan","LocalValue":"Good for vegan","Description":"","Mandatory":"0","Searchable":"0","Optional":"0","Feature":{"ID":"42513","Sign":"","Measure":{"ID":"29","Sign":"","Signs":{"ID":"","_":"","Language":"EN"}},"Name":{"Value":"Sustainability certificates","Language":"EN"}}}]},{"ID":77254,"SortNo":"0","FeatureGroup":{"ID":"67","Name":{"Value":"Packaging data","Language":"EN"}},"Features":[{"Localized":0,"ID":472222058,"LocalID":0,"Type":"numerical","Value":"1","CategoryFeatureId":"104007","CategoryFeatureGroupID":"77254","SortNo":"150","PresentationValue":"1 pc(s)","RawValue":"1","LocalValue":"1","Description":"The number of products that are included in the package.","Mandatory":"1","Searchable":"0","Optional":"0","Feature":{"ID":"5456","Sign":"","Measure":{"ID":"144","Sign":"","Signs":{"ID":"125","_":"pc(s)","Language":"EN"}},"Name":{"Value":"Number of products included","Language":"EN"}}}]}],"FeatureLogos":[{"LogoPic":"https://inishop.com/img/feature_logo/604-9536.png","Width":"300","Height":"300","Size":"0","ThumbPic":"https://inishop.com/img/feature_logo_thumbs/604-9536.png","FeatureID":"42513","Value":"Good for vegan","KeyLogo":0,"Description":{"Value":"Good for vegan","Language":"EN"}}],"ReasonsToBuy":[],"Reviews":[],"ProductRelated":[],"CatalogObjectCloud":{},"Variants":[],"ProductStory":[],"Dictionary":{"model_name":"Product name","desc":"Description","ean_code":"EAN/UPC code","flash360":"3D tour","demo_msg_part3":"If you don't have an Icecat account, please register here for free.","repairability_index":"Repairability index","zoom_panel_init":"Original size","cat_name":"Category","product_family":"Product family","back_to_top":"Back to top","zoom_panel_out":"Zoom out","specs":"Specs","eu_product_fiche":"EU Product Fiche","reviews_head_name":"Reviews","pdf_specs":"Product Brochure","zoom_panel_in":"Zoom in","html_content":"","release_date":"Release date","demo_msg_part1":"You are using now a Demo account. Please, use your own Icecat account","demo_insert_desc":"This is a demo of a seamless insert of an Icecat LIVE product data-sheet in your website. Imagine that this responsive data-sheet is included in the product page of your webshop.","pdf_url":"User manual","prod_code":"Product code","supplier_name":"Brand","video":"Video","reasons_to_buy":"Reasons to buy","marketing_text":"Description","options_head_name":"Options","product_series":"Product series","demo_msg_part2":"your Icecat login name","link_integrate_desk":"How to integrate Icecat LIVE JavaScript.","zoom_panel_dragg":"Mouse dragging","eu_energy_label":"EU Energy Label"},"DemoAccount":false}}