{"msg":"OK","data":{"GeneralInfo":{"IcecatId":124636686,"ReleaseDate":"","EndOfLifeDate":"","Title":"Essence 8h matte liquid lipstick 2.5 ml 16 Velvet Brick","TitleInfo":{"GeneratedIntTitle":"Essence 8h matte liquid lipstick","GeneratedLocalTitle":{"Value":"Essence 8h matte liquid lipstick 2.5 ml 16 Velvet Brick","Language":"EN"},"BrandLocalTitle":{"Value":"","Language":"EN"}},"Brand":"Essence","BrandID":"29383","BrandLogo":"https://inishop.com/img/brand/thumb/29383_837cf392de374591bbd1c9cdef160cb6.jpg","BrandInfo":{"BrandName":"Essence","BrandLocalName":"","BrandLogo":"https://inishop.com/img/brand/thumb/29383_837cf392de374591bbd1c9cdef160cb6.jpg"},"ProductName":"8h matte liquid lipstick","ProductNameInfo":{"ProductIntName":"8h matte liquid lipstick","ProductLocalName":{"Value":"","Language":"EN"}},"BrandPartCode":"949164","GTIN":["4059729491640"],"Category":{"CategoryID":"3005","Name":{"Value":"Lipsticks","Language":"EN"}},"ProductFamily":{},"ProductSeries":{"SeriesID":"1"},"Description":{"ID":"104037689","LongDesc":"With the essence 8h matte liquid lipstick 16 Velvet Brick kiss proof lips are guaranteed. The lipstick comes in a velvet-brick brown shade and leaves a matte finish on the lips without drying them out. The waterproof texture offers high coverage as well as an instant colour pay-off that lasts for up to eight hours.<br>","LongProductName":"8h matte liquid lipstick 16 - Velvet Brick","MiddleDesc":"","Disclaimer":"","ManualPDFURL":"","ManualPDFSize":"0","LeafletPDFURL":"","PDFSize":"0","URL":"https://www.essence.eu/en-de/p/949164/8h-matte-liquid-lipstick","WarrantyInfo":"","Updated":"2025-09-08 16:39:00","Language":"EN"},"SummaryDescription":{"ShortSummaryDescription":"Essence 8h matte liquid lipstick, Brown, Velvet Brick, 1 colours, Coloring, Women, Matte","LongSummaryDescription":"Essence 8h matte liquid lipstick. Colour group: Brown, Colour name: Velvet Brick, Number of colours: 1 colours. Volume: 2.5 ml. Number of products included: 1 pc(s)"},"BulletPoints":{"BulletPointsId":"13607178","Language":"EN","Values":["Long-lasting waterproof texture","Matte finish","Easy & precise application"],"Updated":"2025-09-08 16:39:00"},"GeneratedBulletPoints":{"Language":"EN","Values":["Brown 16 1 colours","Finishing: Matte","Substance: liquid","Lipstick effect: Coloring"]},"GTINs":[{"GTIN":"4059729491640","IsApproved":true}]},"Image":{"HighPic":"https://inishop.com/img/gallery/30ed3d171566d337883b3426214f234a5d9d9af8.jpg","HighPicSize":"541861","HighPicHeight":"2195","HighPicWidth":"866","LowPic":"https://inishop.com/img/gallery_lows/95abbba5a25c9918a75eaeea71b94f45ac5b01f3.jpg","LowPicSize":"10095","LowPicHeight":"200","LowPicWidth":"79","Pic500x500":"https://inishop.com/img/gallery_mediums/032911cef2003237d78bbfb6e35bffea72cc4569.jpg","Pic500x500Size":"41849","Pic500x500Height":"500","Pic500x500Width":"197","ThumbPic":"https://inishop.com/img/gallery_thumbs/a1413a475b7c359435b8529ced48bf32d4d1805e.jpg","ThumbPicSize":"2921"},"Multimedia":[],"Gallery":[{"ID":"98075538","LowPic":"https://inishop.com/img/gallery_lows/95abbba5a25c9918a75eaeea71b94f45ac5b01f3.jpg","LowSize":"10095","LowHeight":"200","LowWidth":"79","ThumbPic":"https://inishop.com/img/gallery_thumbs/a1413a475b7c359435b8529ced48bf32d4d1805e.jpg","ThumbPicSize":"2921","Pic":"https://inishop.com/img/gallery/30ed3d171566d337883b3426214f234a5d9d9af8.jpg","Size":"541861","PicHeight":"2195","PicWidth":"866","Pic500x500":"https://inishop.com/img/gallery_mediums/032911cef2003237d78bbfb6e35bffea72cc4569.jpg","Pic500x500Size":"41849","Pic500x500Height":"500","Pic500x500Width":"197","No":"1","IsMain":"Y","Updated":"2025-09-08 16:37:20","IsPrivate":"0","Type":"ProductImage","Attributes":{"OriginalFileName":""}},{"ID":"98075540","LowPic":"https://inishop.com/img/gallery_lows/b3736ad6092698a733bb1d4593b0caa935932541.jpg","LowSize":"4156","LowHeight":"200","LowWidth":"40","ThumbPic":"https://inishop.com/img/gallery_thumbs/b5fa22bb1a410d98118b94db188f64776c68a4db.jpg","ThumbPicSize":"1452","Pic":"https://inishop.com/img/gallery/73714a0e853e9522c88f3191d416b47d2215e3ad.jpg","Size":"280364","PicHeight":"2197","PicWidth":"438","Pic500x500":"https://inishop.com/img/gallery_mediums/fb4096a68250e349d822a6a1bc731dd9e467b232.jpg","Pic500x500Size":"18276","Pic500x500Height":"500","Pic500x500Width":"100","No":"2","IsMain":"N","Updated":"2025-09-08 16:37:23","IsPrivate":"0","Type":"ProductImage","Attributes":{"OriginalFileName":""}},{"ID":"98075541","LowPic":"https://inishop.com/img/gallery_lows/ed31013aceea26eee515f3d2d43bb05e65613849.jpg","LowSize":"6453","LowHeight":"200","LowWidth":"41","ThumbPic":"https://inishop.com/img/gallery_thumbs/166b4bce375c335d26f070f41e8bb3c9e60c188e.jpg","ThumbPicSize":"1964","Pic":"https://inishop.com/img/gallery/8521f8127cfa0835ab5754d4b7c6e4928bb24a98.jpg","Size":"342645","PicHeight":"2196","PicWidth":"450","Pic500x500":"https://inishop.com/img/gallery_mediums/e817df0fbd064bd48296c4f87ae3cbd48e5a3b68.jpg","Pic500x500Size":"27318","Pic500x500Height":"500","Pic500x500Width":"102","No":"3","IsMain":"N","Updated":"2025-09-08 16:37:28","IsPrivate":"0","Type":"ProductImage","Attributes":{"OriginalFileName":""}},{"ID":"98075552","LowPic":"https://inishop.com/img/gallery_lows/200fe8c95dc09d5181aeb73a1522c79480712984.jpg","LowSize":"30201","LowHeight":"193","LowWidth":"200","ThumbPic":"https://inishop.com/img/gallery_thumbs/4f96d1d8778af2ed19d42d0be6a9985bac0f4470.jpg","ThumbPicSize":"6890","Pic":"https://inishop.com/img/gallery/4b4c22b9625db7b551fad2d6d4fa11bec0d1b8f5.jpg","Size":"1113941","PicHeight":"1728","PicWidth":"1792","Pic500x500":"https://inishop.com/img/gallery_mediums/d5cc7bb8eb99ee82c0883d2c41e0f2eaa2e8be25.jpg","Pic500x500Size":"131933","Pic500x500Height":"482","Pic500x500Width":"500","No":"4","IsMain":"N","Updated":"2025-09-08 16:37:34","IsPrivate":"0","Type":"ProductImage","Attributes":{"OriginalFileName":""}},{"ID":"98075554","LowPic":"https://inishop.com/img/gallery_lows/1111771f163b8cfa3456e9bb0a5a069f2fbc1f56.jpg","LowSize":"34258","LowHeight":"200","LowWidth":"200","ThumbPic":"https://inishop.com/img/gallery_thumbs/79c6261207ede9548af1f41a9779eaacc3cc84b2.jpg","ThumbPicSize":"7396","Pic":"https://inishop.com/img/gallery/c8c5422923e3df96094f30feb46c31f26de2f944.jpg","Size":"1297936","PicHeight":"2000","PicWidth":"2000","Pic500x500":"https://inishop.com/img/gallery_mediums/45258662930536f5484ed985c286c9c144f34aa1.jpg","Pic500x500Size":"165686","Pic500x500Height":"500","Pic500x500Width":"500","No":"5","IsMain":"N","Updated":"2024-11-26 11:06:55","IsPrivate":"0","Type":"ProductImage","Attributes":{"OriginalFileName":""}},{"ID":"98075555","LowPic":"https://inishop.com/img/gallery_lows/10fa5d732a58401fd8c8190b034cad51a19574d8.jpg","LowSize":"41007","LowHeight":"200","LowWidth":"200","ThumbPic":"https://inishop.com/img/gallery_thumbs/a673d0a88e2b235ec01b8710189281d938b89f8a.jpg","ThumbPicSize":"8390","Pic":"https://inishop.com/img/gallery/9e41ccd9a63b30f9da5818882dbf9b798a8bcf00.jpg","Size":"1373735","PicHeight":"2000","PicWidth":"2000","Pic500x500":"https://inishop.com/img/gallery_mediums/db4779060eb58b38e470cd34676d02a5c18ba793.jpg","Pic500x500Size":"198778","Pic500x500Height":"500","Pic500x500Width":"500","No":"6","IsMain":"N","Updated":"2024-11-26 11:06:57","IsPrivate":"0","Type":"ProductImage","Attributes":{"OriginalFileName":""}},{"ID":"117083701","LowPic":"https://inishop.com/img/gallery_lows/df2c75e9e46dbed5dcff82a36fe2405da01aa325.jpg","LowSize":"40247","LowHeight":"200","LowWidth":"200","ThumbPic":"https://inishop.com/img/gallery_thumbs/9ed752e2316ed84a8ff8843b69e24ebaf35239c0.jpg","ThumbPicSize":"6811","Pic":"https://inishop.com/img/gallery/aeeb39039e05b8bc77975c7f3820335895177589.jpg","Size":"1594666","PicHeight":"2000","PicWidth":"2000","Pic500x500":"https://inishop.com/img/gallery_mediums/3c9eb8dfef7d1d04f5e0ce49ef07abff7c67003c.jpg","Pic500x500Size":"229450","Pic500x500Height":"500","Pic500x500Width":"500","No":"7","IsMain":"N","Updated":"2025-09-08 16:38:09","IsPrivate":"0","Type":"Other","Attributes":{"OriginalFileName":""}},{"ID":"117083702","LowPic":"https://inishop.com/img/gallery_lows/1f31c4f4c30b396fa854fb0f86dc13db25bf96f7.jpg","LowSize":"42504","LowHeight":"200","LowWidth":"200","ThumbPic":"https://inishop.com/img/gallery_thumbs/f4760cd2fd0c7f8cebca2860cd0834e8247b0cca.jpg","ThumbPicSize":"7644","Pic":"https://inishop.com/img/gallery/584cf83723a03ad4e3f0d2a5a88ab12a374f3ec0.jpg","Size":"1514683","PicHeight":"2000","PicWidth":"2000","Pic500x500":"https://inishop.com/img/gallery_mediums/d562278a52a41c783512f07551978ee2d0fa79c0.jpg","Pic500x500Size":"231128","Pic500x500Height":"500","Pic500x500Width":"500","No":"8","IsMain":"N","Updated":"2025-09-08 16:38:11","IsPrivate":"0","Type":"Other","Attributes":{"OriginalFileName":""}},{"ID":"117083703","LowPic":"https://inishop.com/img/gallery_lows/525b2d8d3c58d7a6580e98fa86771cfef7ac6fbc.jpg","LowSize":"41625","LowHeight":"200","LowWidth":"200","ThumbPic":"https://inishop.com/img/gallery_thumbs/d0d66e87dc1d4193502e1a81aaa0cad8b5734f3c.jpg","ThumbPicSize":"8988","Pic":"https://inishop.com/img/gallery/faa4948dce90727a5bfd82ff8922a5403e5ca82f.jpg","Size":"1097116","PicHeight":"2000","PicWidth":"2000","Pic500x500":"https://inishop.com/img/gallery_mediums/8f96a2f874075f5e5f5ea3f86d99e5248bf4e1f3.jpg","Pic500x500Size":"184867","Pic500x500Height":"500","Pic500x500Width":"500","No":"9","IsMain":"N","Updated":"2025-09-08 16:38:12","IsPrivate":"0","Type":"Other","Attributes":{"OriginalFileName":""}},{"ID":"117083704","LowPic":"https://inishop.com/img/gallery_lows/5301890da2f7e739011f4d41a877091a3d290eb8.jpg","LowSize":"27511","LowHeight":"200","LowWidth":"200","ThumbPic":"https://inishop.com/img/gallery_thumbs/bcc677205a881d6989d66ec79c1eedf76a315cd3.jpg","ThumbPicSize":"6474","Pic":"https://inishop.com/img/gallery/071958972d9d9eb03931345eb481c60f1400a30c.jpg","Size":"866928","PicHeight":"2000","PicWidth":"2000","Pic500x500":"https://inishop.com/img/gallery_mediums/cff6ec07f34ac0cdf39ce71df0c740399950d510.jpg","Pic500x500Size":"132680","Pic500x500Height":"500","Pic500x500Width":"500","No":"10","IsMain":"N","Updated":"2025-09-08 16:38:14","IsPrivate":"0","Type":"Other","Attributes":{"OriginalFileName":""}},{"ID":"117083705","LowPic":"https://inishop.com/img/gallery_lows/1681cdaf34d1e4868575d9ce21a4a5ddee0ffcf1.jpg","LowSize":"30447","LowHeight":"200","LowWidth":"200","ThumbPic":"https://inishop.com/img/gallery_thumbs/ec979ecf9beb0acb33b4bb900cc82817ab7c6dae.jpg","ThumbPicSize":"6966","Pic":"https://inishop.com/img/gallery/b7034883cefbef7ca2d295fe22480df8fc18aed4.jpg","Size":"844822","PicHeight":"2000","PicWidth":"2000","Pic500x500":"https://inishop.com/img/gallery_mediums/7e6c40ca08deb36f000f0194cc01b22865435bad.jpg","Pic500x500Size":"138777","Pic500x500Height":"500","Pic500x500Width":"500","No":"11","IsMain":"N","Updated":"2025-09-08 16:38:16","IsPrivate":"0","Type":"Other","Attributes":{"OriginalFileName":""}},{"ID":"117083706","LowPic":"https://inishop.com/img/gallery_lows/4b533cc1da55dfd494db7dbab8b1a34444907a0b.jpg","LowSize":"44666","LowHeight":"200","LowWidth":"200","ThumbPic":"https://inishop.com/img/gallery_thumbs/b32f3790aa5563ebf20eec10ac4fb15cd9f7d58d.jpg","ThumbPicSize":"11166","Pic":"https://inishop.com/img/gallery/f8ac3be76567a64a7ba52289a973c951e751e1d6.jpg","Size":"870596","PicHeight":"2000","PicWidth":"2000","Pic500x500":"https://inishop.com/img/gallery_mediums/dc76cebc1fc2073b1c521e5713519fcd713b8fd8.jpg","Pic500x500Size":"170337","Pic500x500Height":"500","Pic500x500Width":"500","No":"12","IsMain":"N","Updated":"2025-09-08 16:38:17","IsPrivate":"0","Type":"Other","Attributes":{"OriginalFileName":""}}],"FeaturesGroups":[{"ID":12078,"SortNo":"100","FeatureGroup":{"ID":"185","Name":{"Value":"Features","Language":"EN"}},"Features":[{"Localized":0,"ID":835127919,"LocalID":0,"Type":"dropdown","Value":"Women","CategoryFeatureId":"145869","CategoryFeatureGroupID":"12078","SortNo":"10000095","PresentationValue":"Women","RawValue":"Women","LocalValue":"Women","Description":"Who can use the product, or what the product can be used for.","Mandatory":"0","Searchable":"0","Optional":"0","Feature":{"ID":"9202","Sign":"","Measure":{"ID":"29","Sign":"","Signs":{"ID":"","_":"","Language":"EN"}},"Name":{"Value":"Suitable for","Language":"EN"}}},{"Localized":0,"ID":705143316,"LocalID":0,"Type":"dropdown","Value":"Brown","CategoryFeatureId":"105224","CategoryFeatureGroupID":"12078","SortNo":"60","PresentationValue":"Brown","RawValue":"Brown","LocalValue":"Brown","Description":"The broader definiton of the colour spectrum of the product, e.g. black or auburn.","Mandatory":"1","Searchable":"1","Optional":"0","Feature":{"ID":"17357","Sign":"","Measure":{"ID":"29","Sign":"","Signs":{"ID":"","_":"","Language":"EN"}},"Name":{"Value":"Colour group","Language":"EN"}}},{"Localized":0,"ID":705143325,"LocalID":0,"Type":"alphanumeric","Value":"16","CategoryFeatureId":"105225","CategoryFeatureGroupID":"12078","SortNo":"49","PresentationValue":"16","RawValue":"16","LocalValue":"16","Description":"","Mandatory":"1","Searchable":"0","Optional":"0","Feature":{"ID":"17540","Sign":"","Measure":{"ID":"29","Sign":"","Signs":{"ID":"","_":"","Language":"EN"}},"Name":{"Value":"Colour code","Language":"EN"}}},{"Localized":0,"ID":705143328,"LocalID":0,"Type":"text","Value":"Velvet Brick","CategoryFeatureId":"105226","CategoryFeatureGroupID":"12078","SortNo":"48","PresentationValue":"Velvet Brick","RawValue":"Velvet Brick","LocalValue":"Velvet Brick","Description":"","Mandatory":"1","Searchable":"0","Optional":"0","Feature":{"ID":"17956","Sign":"","Measure":{"ID":"29","Sign":"","Signs":{"ID":"","_":"","Language":"EN"}},"Name":{"Value":"Colour name","Language":"EN"}}},{"Localized":0,"ID":705143511,"LocalID":0,"Type":"numerical","Value":"1","CategoryFeatureId":"145622","CategoryFeatureGroupID":"12078","SortNo":"45","PresentationValue":"1 colours","RawValue":"1","LocalValue":"1","Description":"","Mandatory":"1","Searchable":"0","Optional":"0","Feature":{"ID":"3530","Sign":"","Measure":{"ID":"375","Sign":"","Signs":{"ID":"30608","_":"colours","Language":"EN"}},"Name":{"Value":"Number of colours","Language":"EN"}}},{"Localized":0,"ID":705143512,"LocalID":0,"Type":"dropdown","Value":"Matte","CategoryFeatureId":"145871","CategoryFeatureGroupID":"12078","SortNo":"44","PresentationValue":"Matte","RawValue":"Matte","LocalValue":"Matte","Description":"","Mandatory":"0","Searchable":"0","Optional":"0","Feature":{"ID":"12230","Sign":"","Measure":{"ID":"29","Sign":"","Signs":{"ID":"","_":"","Language":"EN"}},"Name":{"Value":"Finishing","Language":"EN"}}},{"Localized":0,"ID":705143513,"LocalID":0,"Type":"dropdown","Value":"Bottle","CategoryFeatureId":"326729","CategoryFeatureGroupID":"12078","SortNo":"44","PresentationValue":"Bottle","RawValue":"Bottle","LocalValue":"Bottle","Description":"The type of container from which the product can be dispensed, e.g. bag, tube etc.","Mandatory":"0","Searchable":"0","Optional":"0","Feature":{"ID":"17965","Sign":"","Measure":{"ID":"29","Sign":"","Signs":{"ID":"","_":"","Language":"EN"}},"Name":{"Value":"Dispenser type","Language":"EN"}}},{"Localized":0,"ID":705143515,"LocalID":0,"Type":"dropdown","Value":"Liquid","CategoryFeatureId":"161799","CategoryFeatureGroupID":"12078","SortNo":"40","PresentationValue":"liquid","RawValue":"Liquid","LocalValue":"liquid","Description":"Type of substance, e.g. liquid.","Mandatory":"0","Searchable":"0","Optional":"0","Feature":{"ID":"5658","Sign":"","Measure":{"ID":"29","Sign":"","Signs":{"ID":"","_":"","Language":"EN"}},"Name":{"Value":"Substance","Language":"EN"}}},{"Localized":0,"ID":705143516,"LocalID":0,"Type":"multi_dropdown","Value":"Coloring","CategoryFeatureId":"145874","CategoryFeatureGroupID":"12078","SortNo":"37","PresentationValue":"Coloring","RawValue":"Coloring","LocalValue":"Coloring","Description":"","Mandatory":"1","Searchable":"0","Optional":"0","Feature":{"ID":"23716","Sign":"","Measure":{"ID":"29","Sign":"","Signs":{"ID":"","_":"","Language":"EN"}},"Name":{"Value":"Lipstick effect","Language":"EN"}}},{"Localized":0,"ID":835289502,"LocalID":0,"Type":"numerical","Value":"8","CategoryFeatureId":"146386","CategoryFeatureGroupID":"12078","SortNo":"29","PresentationValue":"8 h","RawValue":"8","LocalValue":"8","Description":"","Mandatory":"0","Searchable":"0","Optional":"0","Feature":{"ID":"19115","Sign":"","Measure":{"ID":"46","Sign":"","Signs":{"ID":"30","_":"h","Language":"EN"}},"Name":{"Value":"Effect duration","Language":"EN"}}},{"Localized":0,"ID":705143514,"LocalID":0,"Type":"y_n","Value":"N","CategoryFeatureId":"105228","CategoryFeatureGroupID":"12078","SortNo":"25","PresentationValue":"No","RawValue":"N","LocalValue":"No","Description":"","Mandatory":"1","Searchable":"0","Optional":"0","Feature":{"ID":"17996","Sign":"","Measure":{"ID":"26","Sign":"","Signs":{"ID":"","_":"","Language":"EN"}},"Name":{"Value":"Sun protection","Language":"EN"}}},{"Localized":0,"ID":705143622,"LocalID":0,"Type":"y_n","Value":"Y","CategoryFeatureId":"150298","CategoryFeatureGroupID":"12078","SortNo":"10","PresentationValue":"Yes","RawValue":"Y","LocalValue":"Yes","Description":"","Mandatory":"0","Searchable":"0","Optional":"0","Feature":{"ID":"18071","Sign":"","Measure":{"ID":"26","Sign":"","Signs":{"ID":"","_":"","Language":"EN"}},"Name":{"Value":"Long-lasting","Language":"EN"}}},{"Localized":0,"ID":835290154,"LocalID":0,"Type":"y_n","Value":"Y","CategoryFeatureId":"164978","CategoryFeatureGroupID":"12078","SortNo":"9","PresentationValue":"Yes","RawValue":"Y","LocalValue":"Yes","Description":"","Mandatory":"0","Searchable":"0","Optional":"0","Feature":{"ID":"22607","Sign":"","Measure":{"ID":"26","Sign":"","Signs":{"ID":"","_":"","Language":"EN"}},"Name":{"Value":"Not tested on animals","Language":"EN"}}},{"Localized":0,"ID":835290231,"LocalID":0,"Type":"y_n","Value":"Y","CategoryFeatureId":"168223","CategoryFeatureGroupID":"12078","SortNo":"8","PresentationValue":"Yes","RawValue":"Y","LocalValue":"Yes","Description":"","Mandatory":"0","Searchable":"0","Optional":"0","Feature":{"ID":"26721","Sign":"","Measure":{"ID":"26","Sign":"","Signs":{"ID":"","_":"","Language":"EN"}},"Name":{"Value":"No animal ingredients & by-products","Language":"EN"}}},{"Localized":0,"ID":835289846,"LocalID":0,"Type":"y_n","Value":"Y","CategoryFeatureId":"801660","CategoryFeatureGroupID":"12078","SortNo":"8","PresentationValue":"Yes","RawValue":"Y","LocalValue":"Yes","Description":"","Mandatory":"0","Searchable":"0","Optional":"0","Feature":{"ID":"17739","Sign":"","Measure":{"ID":"26","Sign":"","Signs":{"ID":"","_":"","Language":"EN"}},"Name":{"Value":"Water-resistant","Language":"EN"}}},{"Localized":0,"ID":705143620,"LocalID":0,"Type":"y_n","Value":"Y","CategoryFeatureId":"801661","CategoryFeatureGroupID":"12078","SortNo":"7","PresentationValue":"Yes","RawValue":"Y","LocalValue":"Yes","Description":"","Mandatory":"0","Searchable":"0","Optional":"0","Feature":{"ID":"41954","Sign":"","Measure":{"ID":"26","Sign":"","Signs":{"ID":"","_":"","Language":"EN"}},"Name":{"Value":"Transfer-resistant","Language":"EN"}}},{"Localized":0,"ID":705143549,"LocalID":0,"Type":"numerical","Value":"8","CategoryFeatureId":"109037","CategoryFeatureGroupID":"12078","SortNo":"0","PresentationValue":"8 h","RawValue":"8","LocalValue":"8","Description":"","Mandatory":"0","Searchable":"0","Optional":"0","Feature":{"ID":"17369","Sign":"","Measure":{"ID":"46","Sign":"","Signs":{"ID":"30","_":"h","Language":"EN"}},"Name":{"Value":"Staying time","Language":"EN"}}},{"Localized":0,"ID":835290247,"LocalID":0,"Type":"multi_dropdown","Value":"Gluten,Oil,Paraben","CategoryFeatureId":"625070","CategoryFeatureGroupID":"12078","SortNo":"0","PresentationValue":"Gluten, Oil, Paraben","RawValue":"Gluten,Oil,Paraben","LocalValue":"Gluten, Oil, Paraben","Description":"","Mandatory":"0","Searchable":"0","Optional":"0","Feature":{"ID":"42516","Sign":"","Measure":{"ID":"29","Sign":"","Signs":{"ID":"","_":"","Language":"EN"}},"Name":{"Value":"Doesn't contain","Language":"EN"}}},{"Localized":0,"ID":705143632,"LocalID":0,"Type":"textarea","Value":"ISODODECANE, TRIMETHYLSILOXYSILICATE, OCTYLDODECANOL, DIMETHICONE, TRIBEHENIN, PENTAERYTHRITYL TETRAISOSTEARATE, SILICA, MICA, KAOLIN, DIMETHICONE/VINYL DIMETHICONE CROSSPOLYMER, DISTEARDIMONIUM HECTORITE, TALC, DIISOSTEARYL MALATE, PROPYLENE CARBONATE, PENTAERYTHRITYL TETRA-DI-T-BUTYL HYDROXYHYDROCINNAMATE, PARFUM (FRAGRANCE), CI 15850 (RED 7 LAKE), CI 42090 (BLUE 1 LAKE), CI 77492 (IRON OXIDES), CI 77891 (TITANIUM DIOXIDE).","CategoryFeatureId":"105238","CategoryFeatureGroupID":"12078","SortNo":"-80","PresentationValue":"ISODODECANE, TRIMETHYLSILOXYSILICATE, OCTYLDODECANOL, DIMETHICONE, TRIBEHENIN, PENTAERYTHRITYL TETRAISOSTEARATE, SILICA, MICA, KAOLIN, DIMETHICONE/VINYL DIMETHICONE CROSSPOLYMER, DISTEARDIMONIUM HECTORITE, TALC, DIISOSTEARYL MALATE, PROPYLENE CARBONATE, PENTAERYTHRITYL TETRA-DI-T-BUTYL HYDROXYHYDROCINNAMATE, PARFUM (FRAGRANCE), CI 15850 (RED 7 LAKE), CI 42090 (BLUE 1 LAKE), CI 77492 (IRON OXIDES), CI 77891 (TITANIUM DIOXIDE).","RawValue":"ISODODECANE, TRIMETHYLSILOXYSILICATE, OCTYLDODECANOL, DIMETHICONE, TRIBEHENIN, PENTAERYTHRITYL TETRAISOSTEARATE, SILICA, MICA, KAOLIN, DIMETHICONE/VINYL DIMETHICONE CROSSPOLYMER, DISTEARDIMONIUM HECTORITE, TALC, DIISOSTEARYL MALATE, PROPYLENE CARBONATE, PENTAERYTHRITYL TETRA-DI-T-BUTYL HYDROXYHYDROCINNAMATE, PARFUM (FRAGRANCE), CI 15850 (RED 7 LAKE), CI 42090 (BLUE 1 LAKE), CI 77492 (IRON OXIDES), CI 77891 (TITANIUM DIOXIDE).","LocalValue":"ISODODECANE, TRIMETHYLSILOXYSILICATE, OCTYLDODECANOL, DIMETHICONE, TRIBEHENIN, PENTAERYTHRITYL TETRAISOSTEARATE, SILICA, MICA, KAOLIN, DIMETHICONE/VINYL DIMETHICONE CROSSPOLYMER, DISTEARDIMONIUM HECTORITE, TALC, DIISOSTEARYL MALATE, PROPYLENE CARBONATE, PENTAERYTHRITYL TETRA-DI-T-BUTYL HYDROXYHYDROCINNAMATE, PARFUM (FRAGRANCE), CI 15850 (RED 7 LAKE), CI 42090 (BLUE 1 LAKE), CI 77492 (IRON OXIDES), CI 77891 (TITANIUM DIOXIDE).","Description":"","Mandatory":"0","Searchable":"0","Optional":"0","Feature":{"ID":"16908","Sign":"","Measure":{"ID":"29","Sign":"","Signs":{"ID":"","_":"","Language":"EN"}},"Name":{"Value":"Ingredients","Language":"EN"}}}]},{"ID":12077,"SortNo":"-10","FeatureGroup":{"ID":"14","Name":{"Value":"Weight & dimensions","Language":"EN"}},"Features":[{"Localized":0,"ID":705143510,"LocalID":0,"Type":"numerical","Value":"2.5","CategoryFeatureId":"113128","CategoryFeatureGroupID":"12077","SortNo":"100","PresentationValue":"2.5 ml","RawValue":"2.5","LocalValue":"2.5","Description":"The amount of space that a substance or object occupies or may contain.","Mandatory":"0","Searchable":"0","Optional":"0","Feature":{"ID":"5207","Sign":"","Measure":{"ID":"142","Sign":"","Signs":{"ID":"123","_":"ml","Language":"EN"}},"Name":{"Value":"Volume","Language":"EN"}}}]},{"ID":15807,"SortNo":"-30","FeatureGroup":{"ID":"116","Name":{"Value":"Packaging content","Language":"EN"}},"Features":[{"Localized":0,"ID":705143625,"LocalID":0,"Type":"numerical","Value":"1","CategoryFeatureId":"105233","CategoryFeatureGroupID":"15807","SortNo":"-150","PresentationValue":"1 pc(s)","RawValue":"1","LocalValue":"1","Description":"The number of products that are included in the package.","Mandatory":"1","Searchable":"0","Optional":"0","Feature":{"ID":"5456","Sign":"","Measure":{"ID":"144","Sign":"","Signs":{"ID":"125","_":"pc(s)","Language":"EN"}},"Name":{"Value":"Number of products included","Language":"EN"}}}]}],"FeatureLogos":[],"ReasonsToBuy":[],"Reviews":[],"ProductRelated":[],"CatalogObjectCloud":{},"Variants":[],"ProductStory":[],"Dictionary":{"model_name":"Product name","desc":"Description","ean_code":"EAN/UPC code","flash360":"3D tour","demo_msg_part3":"If you don't have an Icecat account, please register here for free.","repairability_index":"Repairability index","zoom_panel_init":"Original size","cat_name":"Category","product_family":"Product family","back_to_top":"Back to top","zoom_panel_out":"Zoom out","specs":"Specs","eu_product_fiche":"EU Product Fiche","reviews_head_name":"Reviews","pdf_specs":"Product Brochure","zoom_panel_in":"Zoom in","html_content":"","release_date":"Release date","demo_msg_part1":"You are using now a Demo account. Please, use your own Icecat account","demo_insert_desc":"This is a demo of a seamless insert of an Icecat LIVE product data-sheet in your website. Imagine that this responsive data-sheet is included in the product page of your webshop.","pdf_url":"User manual","prod_code":"Product code","supplier_name":"Brand","video":"Video","reasons_to_buy":"Reasons to buy","marketing_text":"Description","options_head_name":"Options","product_series":"Product series","demo_msg_part2":"your Icecat login name","link_integrate_desk":"How to integrate Icecat LIVE JavaScript.","zoom_panel_dragg":"Mouse dragging","eu_energy_label":"EU Energy Label"},"DemoAccount":false}}