{"msg":"OK","data":{"GeneralInfo":{"IcecatId":125354165,"ReleaseDate":"","EndOfLifeDate":"","Title":"CATRICE Sheer Beauties Nail Polish","TitleInfo":{"GeneratedIntTitle":"CATRICE Sheer Beauties nail polish","GeneratedLocalTitle":{"Value":"CATRICE Sheer Beauties nail polish 10.5 ml Lavender","Language":"EN"},"BrandLocalTitle":{"Value":"CATRICE Sheer Beauties Nail Polish","Language":"EN"}},"Brand":"CATRICE","BrandID":"32280","BrandLogo":"","BrandInfo":{"BrandName":"CATRICE","BrandLocalName":"","BrandLogo":""},"ProductName":"Sheer Beauties Nail Polish","ProductNameInfo":{"ProductIntName":"Sheer Beauties","ProductLocalName":{"Value":"Sheer Beauties Nail Polish","Language":"EN"}},"BrandPartCode":"951649","GTIN":["4059729516497"],"Category":{"CategoryID":"2943","Name":{"Value":"Nail Polishes","Language":"EN"}},"ProductFamily":{},"ProductSeries":{"SeriesID":"1"},"Description":{"ID":"98390383","LongDesc":"The perfecting CATRICE Sheer Beauties Nail Polish in delicate nude shades acts like a filter for the nails. The Sheer Beauties Nail Polish 100 Lavender Whispers comes in a translucent soft lavender shade with shimmery blue pearls. Your nails are visibly brightened and the finish is sheer so that the colour of the natural nail still shines through a little.<br><br>Cool-toned sheer lavender nail polish with colour correcting blue pearls","LongProductName":"Sheer Beauties 100 - Lavender Whispers 10.5 ml","MiddleDesc":"","Disclaimer":"","ManualPDFURL":"","ManualPDFSize":"0","LeafletPDFURL":"","PDFSize":"0","URL":"https://www.catrice.eu/en-de/p/951649/sheer-beauties-nail-polish","WarrantyInfo":"","Updated":"2025-09-09 08:37:23","Language":"EN"},"SummaryDescription":{"ShortSummaryDescription":"CATRICE Sheer Beauties Nail Polish, 10.5 ml, Lavender, Lavender Whisper, Coloring, Sheer, Bottle","LongSummaryDescription":"CATRICE Sheer Beauties Nail Polish. Volume: 10.5 ml, Colour group: Lavender, Colour name: Lavender Whisper. Sustainability certificates: Good for vegan. Number of products included: 1 pc(s)"},"BulletPoints":{"BulletPointsId":"10979833","Language":"EN","Values":["Sheer finish with colour-correcting effect","Long-lasting","Easy to apply & quick-drying formula"],"Updated":"2025-02-05 12:04:39"},"GeneratedBulletPoints":{"Language":"EN","Values":["Bottle 10.5 ml Colour group: Lavender","100 Lavender Whisper Applicator type: Brush","Finish type: Sheer","Long-lasting Fast drying Easy to apply"]},"GTINs":[{"GTIN":"4059729516497","IsApproved":true}]},"Image":{"HighPic":"https://inishop.com/img/gallery/0f42ef145196fdcae3aa48d4717c3b7a49d292c3.jpg","HighPicSize":"1120602","HighPicHeight":"2000","HighPicWidth":"2000","LowPic":"https://inishop.com/img/gallery_lows/46bd378fea29a8eca3804c7718c2ab0c6ebb4002.jpg","LowPicSize":"11736","LowPicHeight":"200","LowPicWidth":"200","Pic500x500":"https://inishop.com/img/gallery_mediums/ac50a4a1cf85f5df40f01ca0c04b07545a391c30.jpg","Pic500x500Size":"60913","Pic500x500Height":"500","Pic500x500Width":"500","ThumbPic":"https://inishop.com/img/gallery_thumbs/0a77b4100cd0ce7bdd57b798090010fbadf5c70b.jpg","ThumbPicSize":"2744"},"Multimedia":[],"Gallery":[{"ID":"101052381","LowPic":"https://inishop.com/img/gallery_lows/46bd378fea29a8eca3804c7718c2ab0c6ebb4002.jpg","LowSize":"11736","LowHeight":"200","LowWidth":"200","ThumbPic":"https://inishop.com/img/gallery_thumbs/0a77b4100cd0ce7bdd57b798090010fbadf5c70b.jpg","ThumbPicSize":"2744","Pic":"https://inishop.com/img/gallery/0f42ef145196fdcae3aa48d4717c3b7a49d292c3.jpg","Size":"1120602","PicHeight":"2000","PicWidth":"2000","Pic500x500":"https://inishop.com/img/gallery_mediums/ac50a4a1cf85f5df40f01ca0c04b07545a391c30.jpg","Pic500x500Size":"60913","Pic500x500Height":"500","Pic500x500Width":"500","No":"1","IsMain":"Y","Updated":"2025-09-09 08:34:24","IsPrivate":"0","Type":"ProductImage","Attributes":{"OriginalFileName":""}},{"ID":"101052380","LowPic":"https://inishop.com/img/gallery_lows/f6443b32b665786a932031e46b259fb340f10508.jpg","LowSize":"15754","LowHeight":"200","LowWidth":"200","ThumbPic":"https://inishop.com/img/gallery_thumbs/3f06a51b6071a43164def9d16aec73b5b15c7248.jpg","ThumbPicSize":"3662","Pic":"https://inishop.com/img/gallery/149f533d456440c432922142ec941801ca2ac847.jpg","Size":"1162942","PicHeight":"2000","PicWidth":"2000","Pic500x500":"https://inishop.com/img/gallery_mediums/fa85ff249553d117521d29a684179ee6bc6f2d14.jpg","Pic500x500Size":"77834","Pic500x500Height":"500","Pic500x500Width":"500","No":"2","IsMain":"N","Updated":"2025-09-09 08:34:24","IsPrivate":"0","Type":"ProductImage","Attributes":{"OriginalFileName":""}},{"ID":"101052384","LowPic":"https://inishop.com/img/gallery_lows/0a0c52ac74bffa08024771706a350be100a95410.jpg","LowSize":"12308","LowHeight":"200","LowWidth":"200","ThumbPic":"https://inishop.com/img/gallery_thumbs/d10849510b02600c36993bcdfbca91ed71803de1.jpg","ThumbPicSize":"2735","Pic":"https://inishop.com/img/gallery/c9640e7d930adfd59c86c158a3c87f33bb29c257.jpg","Size":"988901","PicHeight":"2000","PicWidth":"2000","Pic500x500":"https://inishop.com/img/gallery_mediums/c6813f26aa8262b17454a65e9720ef225c257aa9.jpg","Pic500x500Size":"59184","Pic500x500Height":"500","Pic500x500Width":"500","No":"3","IsMain":"N","Updated":"2025-02-05 12:01:39","IsPrivate":"0","Type":"ProductImage","Attributes":{"OriginalFileName":""}},{"ID":"101052386","LowPic":"https://inishop.com/img/gallery_lows/59bc0fc9f0810cf793694f8cda2bceb9644fa4ac.jpg","LowSize":"11027","LowHeight":"200","LowWidth":"200","ThumbPic":"https://inishop.com/img/gallery_thumbs/3badf228d2cf37ca6a3a33652e30c642f48b86c6.jpg","ThumbPicSize":"3160","Pic":"https://inishop.com/img/gallery/2996bf6f84e744f67a04340ce6a3e39fae5b4b1c.jpg","Size":"349453","PicHeight":"2000","PicWidth":"2000","Pic500x500":"https://inishop.com/img/gallery_mediums/4770f52efe3afe9bc143d61db6c58a6c33c9d9ca.jpg","Pic500x500Size":"43573","Pic500x500Height":"500","Pic500x500Width":"500","No":"4","IsMain":"N","Updated":"2025-02-05 12:01:48","IsPrivate":"0","Type":"ProductDetailImage","Attributes":{"OriginalFileName":""}},{"ID":"101052388","LowPic":"https://inishop.com/img/gallery_lows/5ffa31958b5653a710e63b526f7209e1e436582a.jpg","LowSize":"36324","LowHeight":"200","LowWidth":"200","ThumbPic":"https://inishop.com/img/gallery_thumbs/0c46d0577c4cdcf3a6f5b746de3d4e51c17ad66d.jpg","ThumbPicSize":"7577","Pic":"https://inishop.com/img/gallery/74663ca9234c13a38d61386d1d27f8fac0a41420.jpg","Size":"1018458","PicHeight":"2000","PicWidth":"2000","Pic500x500":"https://inishop.com/img/gallery_mediums/fc8bb10fa3f27b344826fc3ad9a385a56067b940.jpg","Pic500x500Size":"177990","Pic500x500Height":"500","Pic500x500Width":"500","No":"5","IsMain":"N","Updated":"2025-02-05 12:02:05","IsPrivate":"0","Type":"LifestyleImage","Attributes":{"OriginalFileName":""}},{"ID":"101052396","LowPic":"https://inishop.com/img/gallery_lows/336398ab5fb46ae62c6b38ae5603cc4c597ef24b.jpg","LowSize":"38993","LowHeight":"200","LowWidth":"200","ThumbPic":"https://inishop.com/img/gallery_thumbs/4327e5db1a65d72e5a2a1fe0f121c12921966a43.jpg","ThumbPicSize":"8156","Pic":"https://inishop.com/img/gallery/a0e9089a9576943b40b34601561386495ea3859b.jpg","Size":"1018189","PicHeight":"2000","PicWidth":"2000","Pic500x500":"https://inishop.com/img/gallery_mediums/796a4d70651cbc8cd1096d7e1fd2f0757152ee9b.jpg","Pic500x500Size":"180983","Pic500x500Height":"500","Pic500x500Width":"500","No":"6","IsMain":"N","Updated":"2025-02-05 12:02:23","IsPrivate":"0","Type":"LifestyleImage","Attributes":{"OriginalFileName":""}}],"FeaturesGroups":[{"ID":11992,"SortNo":"10","FeatureGroup":{"ID":"185","Name":{"Value":"Features","Language":"EN"}},"Features":[{"Localized":0,"ID":737748636,"LocalID":0,"Type":"numerical","Value":"10.5","CategoryFeatureId":"103923","CategoryFeatureGroupID":"11992","SortNo":"400","PresentationValue":"10.5 ml","RawValue":"10.5","LocalValue":"10.5","Description":"The amount of space that a substance or object occupies or may contain.","Mandatory":"1","Searchable":"0","Optional":"0","Feature":{"ID":"5207","Sign":"","Measure":{"ID":"142","Sign":"","Signs":{"ID":"123","_":"ml","Language":"EN"}},"Name":{"Value":"Volume","Language":"EN"}}},{"Localized":0,"ID":737748641,"LocalID":0,"Type":"dropdown","Value":"Lavender","CategoryFeatureId":"103998","CategoryFeatureGroupID":"11992","SortNo":"100","PresentationValue":"Lavender","RawValue":"Lavender","LocalValue":"Lavender","Description":"The broader definiton of the colour spectrum of the product, e.g. black or auburn.","Mandatory":"1","Searchable":"0","Optional":"0","Feature":{"ID":"17357","Sign":"","Measure":{"ID":"29","Sign":"","Signs":{"ID":"","_":"","Language":"EN"}},"Name":{"Value":"Colour group","Language":"EN"}}},{"Localized":0,"ID":737748663,"LocalID":0,"Type":"text","Value":"Lavender Whisper","CategoryFeatureId":"104004","CategoryFeatureGroupID":"11992","SortNo":"90","PresentationValue":"Lavender Whisper","RawValue":"Lavender Whisper","LocalValue":"Lavender Whisper","Description":"","Mandatory":"1","Searchable":"0","Optional":"0","Feature":{"ID":"17956","Sign":"","Measure":{"ID":"29","Sign":"","Signs":{"ID":"","_":"","Language":"EN"}},"Name":{"Value":"Colour name","Language":"EN"}}},{"Localized":0,"ID":737748665,"LocalID":0,"Type":"alphanumeric","Value":"100","CategoryFeatureId":"104001","CategoryFeatureGroupID":"11992","SortNo":"80","PresentationValue":"100","RawValue":"100","LocalValue":"100","Description":"","Mandatory":"1","Searchable":"0","Optional":"0","Feature":{"ID":"17540","Sign":"","Measure":{"ID":"29","Sign":"","Signs":{"ID":"","_":"","Language":"EN"}},"Name":{"Value":"Colour code","Language":"EN"}}},{"Localized":0,"ID":737748694,"LocalID":0,"Type":"dropdown","Value":"Sheer","CategoryFeatureId":"113015","CategoryFeatureGroupID":"11992","SortNo":"70","PresentationValue":"Sheer","RawValue":"Sheer","LocalValue":"Sheer","Description":"The way that a product is finished e.g. a matt or gloss finish.","Mandatory":"0","Searchable":"0","Optional":"0","Feature":{"ID":"2254","Sign":"","Measure":{"ID":"29","Sign":"","Signs":{"ID":"","_":"","Language":"EN"}},"Name":{"Value":"Finish type","Language":"EN"}}},{"Localized":0,"ID":737748696,"LocalID":0,"Type":"multi_dropdown","Value":"Coloring","CategoryFeatureId":"148585","CategoryFeatureGroupID":"11992","SortNo":"69","PresentationValue":"Coloring","RawValue":"Coloring","LocalValue":"Coloring","Description":"","Mandatory":"1","Searchable":"0","Optional":"0","Feature":{"ID":"23999","Sign":"","Measure":{"ID":"29","Sign":"","Signs":{"ID":"","_":"","Language":"EN"}},"Name":{"Value":"Nail polish effect","Language":"EN"}}},{"Localized":0,"ID":737748709,"LocalID":0,"Type":"dropdown","Value":"Bottle","CategoryFeatureId":"146495","CategoryFeatureGroupID":"11992","SortNo":"65","PresentationValue":"Bottle","RawValue":"Bottle","LocalValue":"Bottle","Description":"The type of container from which the product can be dispensed, e.g. bag, tube etc.","Mandatory":"0","Searchable":"0","Optional":"0","Feature":{"ID":"17965","Sign":"","Measure":{"ID":"29","Sign":"","Signs":{"ID":"","_":"","Language":"EN"}},"Name":{"Value":"Dispenser type","Language":"EN"}}},{"Localized":0,"ID":737748710,"LocalID":0,"Type":"y_n","Value":"Y","CategoryFeatureId":"105739","CategoryFeatureGroupID":"11992","SortNo":"60","PresentationValue":"Yes","RawValue":"Y","LocalValue":"Yes","Description":"","Mandatory":"0","Searchable":"0","Optional":"0","Feature":{"ID":"18071","Sign":"","Measure":{"ID":"26","Sign":"","Signs":{"ID":"","_":"","Language":"EN"}},"Name":{"Value":"Long-lasting","Language":"EN"}}},{"Localized":0,"ID":737748707,"LocalID":0,"Type":"y_n","Value":"Y","CategoryFeatureId":"105740","CategoryFeatureGroupID":"11992","SortNo":"55","PresentationValue":"Yes","RawValue":"Y","LocalValue":"Yes","Description":"","Mandatory":"1","Searchable":"0","Optional":"0","Feature":{"ID":"18072","Sign":"","Measure":{"ID":"26","Sign":"","Signs":{"ID":"","_":"","Language":"EN"}},"Name":{"Value":"Fast drying","Language":"EN"}}},{"Localized":0,"ID":737748712,"LocalID":0,"Type":"y_n","Value":"Y","CategoryFeatureId":"150080","CategoryFeatureGroupID":"11992","SortNo":"50","PresentationValue":"Yes","RawValue":"Y","LocalValue":"Yes","Description":"","Mandatory":"0","Searchable":"0","Optional":"0","Feature":{"ID":"15767","Sign":"","Measure":{"ID":"26","Sign":"","Signs":{"ID":"","_":"","Language":"EN"}},"Name":{"Value":"Easy to apply","Language":"EN"}}},{"Localized":0,"ID":737748706,"LocalID":0,"Type":"dropdown","Value":"Brush","CategoryFeatureId":"338175","CategoryFeatureGroupID":"11992","SortNo":"0","PresentationValue":"Brush","RawValue":"Brush","LocalValue":"Brush","Description":"","Mandatory":"0","Searchable":"0","Optional":"0","Feature":{"ID":"38481","Sign":"","Measure":{"ID":"29","Sign":"","Signs":{"ID":"","_":"","Language":"EN"}},"Name":{"Value":"Applicator type","Language":"EN"}}},{"Localized":0,"ID":737748818,"LocalID":0,"Type":"textarea","Value":"BUTYL ACETATE, ETHYL ACETATE, NITROCELLULOSE, ADIPIC ACID/NEOPENTYL GLYCOL/TRIMELLITIC ANHYDRIDE COPOLYMER, ACETYL TRIBUTYL CITRATE, ISOPROPYL ALCOHOL, STEARALKONIUM BENTONITE, ACRYLATES COPOLYMER, N-BUTYL ALCOHOL, DIACETONE ALCOHOL, SILICA, MICA, KAOLIN, ETHYLHEXYL SALICYLATE, PHOSPHORIC ACID, SORBIC ACID, TIN OXIDE, CI 15850 (RED 6 LAKE), CI 77007 (ULTRAMARINES), CI 77492 (IRON OXIDES), CI 77499 (IRON OXIDES), CI 77742 (MANGANESE VIOLET), CI 77891 (TITANIUM DIOXIDE).","CategoryFeatureId":"103962","CategoryFeatureGroupID":"11992","SortNo":"-80","PresentationValue":"BUTYL ACETATE, ETHYL ACETATE, NITROCELLULOSE, ADIPIC ACID/NEOPENTYL GLYCOL/TRIMELLITIC ANHYDRIDE COPOLYMER, ACETYL TRIBUTYL CITRATE, ISOPROPYL ALCOHOL, STEARALKONIUM BENTONITE, ACRYLATES COPOLYMER, N-BUTYL ALCOHOL, DIACETONE ALCOHOL, SILICA, MICA, KAOLIN, ETHYLHEXYL SALICYLATE, PHOSPHORIC ACID, SORBIC ACID, TIN OXIDE, CI 15850 (RED 6 LAKE), CI 77007 (ULTRAMARINES), CI 77492 (IRON OXIDES), CI 77499 (IRON OXIDES), CI 77742 (MANGANESE VIOLET), CI 77891 (TITANIUM DIOXIDE).","RawValue":"BUTYL ACETATE, ETHYL ACETATE, NITROCELLULOSE, ADIPIC ACID/NEOPENTYL GLYCOL/TRIMELLITIC ANHYDRIDE COPOLYMER, ACETYL TRIBUTYL CITRATE, ISOPROPYL ALCOHOL, STEARALKONIUM BENTONITE, ACRYLATES COPOLYMER, N-BUTYL ALCOHOL, DIACETONE ALCOHOL, SILICA, MICA, KAOLIN, ETHYLHEXYL SALICYLATE, PHOSPHORIC ACID, SORBIC ACID, TIN OXIDE, CI 15850 (RED 6 LAKE), CI 77007 (ULTRAMARINES), CI 77492 (IRON OXIDES), CI 77499 (IRON OXIDES), CI 77742 (MANGANESE VIOLET), CI 77891 (TITANIUM DIOXIDE).","LocalValue":"BUTYL ACETATE, ETHYL ACETATE, NITROCELLULOSE, ADIPIC ACID/NEOPENTYL GLYCOL/TRIMELLITIC ANHYDRIDE COPOLYMER, ACETYL TRIBUTYL CITRATE, ISOPROPYL ALCOHOL, STEARALKONIUM BENTONITE, ACRYLATES COPOLYMER, N-BUTYL ALCOHOL, DIACETONE ALCOHOL, SILICA, MICA, KAOLIN, ETHYLHEXYL SALICYLATE, PHOSPHORIC ACID, SORBIC ACID, TIN OXIDE, CI 15850 (RED 6 LAKE), CI 77007 (ULTRAMARINES), CI 77492 (IRON OXIDES), CI 77499 (IRON OXIDES), CI 77742 (MANGANESE VIOLET), CI 77891 (TITANIUM DIOXIDE).","Description":"","Mandatory":"0","Searchable":"0","Optional":"0","Feature":{"ID":"16908","Sign":"","Measure":{"ID":"29","Sign":"","Signs":{"ID":"","_":"","Language":"EN"}},"Name":{"Value":"Ingredients","Language":"EN"}}},{"Localized":0,"ID":737748825,"LocalID":0,"Type":"multi_dropdown","Value":"Fragrance,Microplastics,Oil,Paraben","CategoryFeatureId":"625012","CategoryFeatureGroupID":"11992","SortNo":"-150","PresentationValue":"Fragrance, Microplastics, Oil, Paraben","RawValue":"Fragrance,Microplastics,Oil,Paraben","LocalValue":"Fragrance, Microplastics, Oil, Paraben","Description":"","Mandatory":"0","Searchable":"0","Optional":"0","Feature":{"ID":"42516","Sign":"","Measure":{"ID":"29","Sign":"","Signs":{"ID":"","_":"","Language":"EN"}},"Name":{"Value":"Doesn't contain","Language":"EN"}}}]},{"ID":12018,"SortNo":"0","FeatureGroup":{"ID":"0","Name":{"Value":"Technical details","Language":"EN"}},"Features":[{"Localized":0,"ID":737748935,"LocalID":0,"Type":"multi_dropdown","Value":"FE (Steel),GL (Clear Glass)","CategoryFeatureId":"963779","CategoryFeatureGroupID":"12018","SortNo":"0","PresentationValue":"FE (Steel), GL (Clear Glass)","RawValue":"FE (Steel),GL (Clear Glass)","LocalValue":"FE (Steel), GL (Clear Glass)","Description":"","Mandatory":"0","Searchable":"0","Optional":"0","Feature":{"ID":"48295","Sign":"","Measure":{"ID":"29","Sign":"","Signs":{"ID":"","_":"","Language":"EN"}},"Name":{"Value":"Recycling codes","Language":"EN"}}}]},{"ID":77253,"SortNo":"0","FeatureGroup":{"ID":"279","Name":{"Value":"Sustainability","Language":"EN"}},"Features":[{"Localized":0,"ID":835284261,"LocalID":0,"Type":"multi_dropdown","Value":"Good for vegan","CategoryFeatureId":"604465","CategoryFeatureGroupID":"77253","SortNo":"0","PresentationValue":"Good for vegan","RawValue":"Good for vegan","LocalValue":"Good for vegan","Description":"","Mandatory":"0","Searchable":"0","Optional":"0","Feature":{"ID":"42513","Sign":"","Measure":{"ID":"29","Sign":"","Signs":{"ID":"","_":"","Language":"EN"}},"Name":{"Value":"Sustainability certificates","Language":"EN"}}}]},{"ID":77254,"SortNo":"0","FeatureGroup":{"ID":"67","Name":{"Value":"Packaging data","Language":"EN"}},"Features":[{"Localized":0,"ID":737748880,"LocalID":0,"Type":"numerical","Value":"1","CategoryFeatureId":"104007","CategoryFeatureGroupID":"77254","SortNo":"150","PresentationValue":"1 pc(s)","RawValue":"1","LocalValue":"1","Description":"The number of products that are included in the package.","Mandatory":"1","Searchable":"0","Optional":"0","Feature":{"ID":"5456","Sign":"","Measure":{"ID":"144","Sign":"","Signs":{"ID":"125","_":"pc(s)","Language":"EN"}},"Name":{"Value":"Number of products included","Language":"EN"}}}]}],"FeatureLogos":[{"LogoPic":"https://inishop.com/img/feature_logo/604-9536.png","Width":"300","Height":"300","Size":"0","ThumbPic":"https://inishop.com/img/feature_logo_thumbs/604-9536.png","FeatureID":"42513","Value":"Good for vegan","KeyLogo":0,"Description":{"Value":"Good for vegan","Language":"EN"}},{"LogoPic":"https://inishop.com/img/feature_logo/1218-1623.png","Width":"0","Height":"0","Size":"0","ThumbPic":"https://inishop.com/img/feature_logo_thumbs/1218-1623.png","FeatureID":"48295","Value":"FE (Steel)","KeyLogo":1,"Description":{"Value":"FE (Steel)","Language":"EN"}},{"LogoPic":"https://inishop.com/img/feature_logo/1224-1240.png","Width":"0","Height":"0","Size":"0","ThumbPic":"https://inishop.com/img/feature_logo_thumbs/1224-1240.png","FeatureID":"48295","Value":"GL (Clear Glass)","KeyLogo":2,"Description":{"Value":"GL (Clear Glass)","Language":"EN"}}],"ReasonsToBuy":[],"Reviews":[],"ProductRelated":[],"CatalogObjectCloud":{},"Variants":[],"ProductStory":[],"Dictionary":{"model_name":"Product name","desc":"Description","ean_code":"EAN/UPC code","flash360":"3D tour","demo_msg_part3":"If you don't have an Icecat account, please register here for free.","repairability_index":"Repairability index","zoom_panel_init":"Original size","cat_name":"Category","product_family":"Product family","back_to_top":"Back to top","zoom_panel_out":"Zoom out","specs":"Specs","eu_product_fiche":"EU Product Fiche","reviews_head_name":"Reviews","pdf_specs":"Product Brochure","zoom_panel_in":"Zoom in","html_content":"","release_date":"Release date","demo_msg_part1":"You are using now a Demo account. Please, use your own Icecat account","demo_insert_desc":"This is a demo of a seamless insert of an Icecat LIVE product data-sheet in your website. Imagine that this responsive data-sheet is included in the product page of your webshop.","pdf_url":"User manual","prod_code":"Product code","supplier_name":"Brand","video":"Video","reasons_to_buy":"Reasons to buy","marketing_text":"Description","options_head_name":"Options","product_series":"Product series","demo_msg_part2":"your Icecat login name","link_integrate_desk":"How to integrate Icecat LIVE JavaScript.","zoom_panel_dragg":"Mouse dragging","eu_energy_label":"EU Energy Label"},"DemoAccount":false}}