{"msg":"OK","data":{"GeneralInfo":{"IcecatId":128680105,"ReleaseDate":"","EndOfLifeDate":"","Title":"Acer Predator Orion 7000 PO7-655 Intel® Core™ i9 i9-14900KF 64 GB DDR5-SDRAM 2 TB SSD NVIDIA GeForce RTX 4090 Windows 11 Home Desktop PC Black","TitleInfo":{"GeneratedIntTitle":"Acer Predator Orion 7000 PO7-655","GeneratedLocalTitle":{"Value":"Acer Predator Orion 7000 PO7-655 Intel® Core™ i9 i9-14900KF 64 GB DDR5-SDRAM 2 TB SSD NVIDIA GeForce RTX 4090 Windows 11 Home Desktop PC Black","Language":"EN"},"BrandLocalTitle":{"Value":"","Language":"EN"}},"Brand":"Acer","BrandID":"7","BrandLogo":"https://images.icecat.biz/img/brand/thumb/7_2e1091176d2d450eae2dce7506f1952f.jpg","BrandInfo":{"BrandName":"Acer","BrandLocalName":"","BrandLogo":"https://images.icecat.biz/img/brand/thumb/7_2e1091176d2d450eae2dce7506f1952f.jpg"},"ProductName":"PO7-655","ProductNameInfo":{"ProductIntName":"PO7-655","ProductLocalName":{"Value":"","Language":"EN"}},"BrandPartCode":"DG.E3ZEQ.00G","GTIN":["4711474078469"],"Category":{"CategoryID":"153","Name":{"Value":"PCs/Workstations","Language":"EN"}},"ProductFamily":{"ProductFamilyID":"62974","Value":"Predator","Language":"EN"},"ProductSeries":{"SeriesID":"7451","Value":"Orion 7000","Language":"EN"},"Description":{"ID":"98462704","LongDesc":"Show off that new powerful gaming PC with DLSS 3 and illuminate your room in the multi-hued ambience of ARGB as fiery FrostBlade™ fans hum in an endless high-speed harmony – giving constant cool to the Herculean hardware hidden away within.<br><br><b>CLAIM YOUR CROWN</b><br>Treat yourself to a new gaming PC and the supreme, task-mastering performance of the Orion 7000. The next-gen future-proofed desktop comes complete with Intel’s latest 13th Generation processors with their new performance hybrid architecture alongside GeForce RTX™ 4090 graphics.<br><br><b>NVIDIA® GEFORCE RTX™ 40 SERIES</b><br>NVIDIA® GeForce RTX™ 40 Series GPUs are beyond fast for gamers and creators. They're powered by the ultra-efficient NVIDIA Ada Lovelace architecture which delivers a quantum leap in both performance and AI-powered graphics. Experience lifelike virtual worlds with ray tracing and ultra-high FPS gaming with the lowest latency. Discover revolutionary new ways to create and unprecedented workflow acceleration<br><br><b>LOAD FASTER, PLAY SOONER</b><br>With M.2 PCIe 4.0 SSDs and SATA3 HDD – you can quickly swap between and load apps with ease. And, with Gen5 on the horizon, having an upgradeable gaming PC means you can immediately swap out and upgrade when the time comes.<br><br><b>STAY FROSTY</b><br>Keep frames high and temps low with the new ARGB-infused Predator FrostBlade™ 2.0 fans. Each of the fans includes eight ARGB LEDS and utilize a static pressure design to optimize airflow while reducing vibration and noise via sealed rifle bearings and a new arc-shaped design along the ends of the fins.<br><br><b>LIQUID-COOLED ILLUMINATION</b><br>Peer within the shadowy confines to catch a glimpse of our latest AIO CPU liquid cooler in action. Built from industry-leading components, no details were left out in pushing extremes to keep temps and noise levels low. The pump also features 12 addressable RGB LEDs and can support up to two 120mm fans on the radiator.<br><br><b>BE TRANSPARENT</b><br>Wreathed in darkened glass, plastic, metal, and mesh – Orion’s obsidian-hued, spartan-inspired chassis blazes forth in brilliant ARGB radiance for all to see. Getting access and upgrading down the road is also made easier with the DIY, tool-less design while the EMI-Compliant side panel keeps internals protected from outside interference.<br><br><b>LIGHT IT UP</b><br>Personalize the machine to your style with ARGB LEDs in all the right places with up to 16.7M colors at your avail. Make use of Pulsar Lighting via PredatorSense™ to customize to your heart’s content. Go with something simple or more complex and watch them spin up in a vivid spectrum of rainbow lighting.<br><br><b>JUST PLUG IN</b><br>Whether it’s on the desk or on the floor – sometimes you just and don’t feel like reaching behind the PC? Just give the USB ports (3x Type-A & 1xType-C) and ever-so convenient audio jacks a go.<br><br><b>DTS:X® ULTRA</b><br>Turn any pair of headphones or speakers into a high-end 360° surround sound system – enabling you to experience your favorite movies, music and games with real-world spatial sound.<br><br><b>CUSTOM TUNING</b><br>Shape the audio to your personal tastes and track opponents as though you’re standing there next to them.<br><br><b>MAXIMIZATION</b><br>With signal protection and multi-band compression, sounds you hear come through exactly as they should in all the varied highs and lows.<br><br><b>ENHANCEMENT</b><br>This creates a wide expansive sound stage centered on the listener with improved harmonics for both mono and stereo.<br><br><b>LESS LATENCY, MORE VICTORY</b><br>With the Intel® Killer E3100G 2.5G Ethernet Controller, Intel® Wi-Fi 6E AX211 (Gig+)1, and Control Center 2.0, you have all the tools you need to clear out the online competition. You deserve the low latency and reliable connection that only Killer networks can provide.<br><br><b>PRIORITIZATION ENGINE</b><br>Detects thousands of games, applications, and websites and uses the Lag and Latency Reduction™ Technology to prioritize the most important packets for a fast, smooth online experience.<br><br><b>6GHZ Wi-Fi 6E1</b><br>The new expanded version of WiFi 6 is fully compatible with all your existing WiFi devices and utilizes the low traffic 6GHz frequency band – so older devices won’t impact your 6E performance at all2.<br><br><b>GAMEFAST TECHNOLOGY</b><br>Automatically pauses processes that are not needed when gaming to so the PC can devote more of its resources towards delivering a faster and more responsive gaming experience.<br><br>","LongProductName":"Intel Core i9-14900KF (36MB Cache), 64GB DDR5-SDRAM, 2000GB SSD, NVIDIA GeForce RTX 4090 (24GB GDDR6X), LAN, Windows 11 Home 64-bit","MiddleDesc":"","Disclaimer":"","ManualPDFURL":"","ManualPDFSize":"0","LeafletPDFURL":"","PDFSize":"0","URL":"https://www.acer.com/au-en/predator/desktops-and-all-in-ones/predator-orion/orion-7000","WarrantyInfo":"","Updated":"2025-02-13 11:50:57","Language":"EN"},"SummaryDescription":{"ShortSummaryDescription":"Acer Predator Orion 7000 PO7-655, Intel® Core™ i9, i9-14900KF, 64 GB, 2 TB, Windows 11 Home, 64-bit","LongSummaryDescription":"Acer Predator Orion 7000 PO7-655. Processor family: Intel® Core™ i9, Processor model: i9-14900KF. Internal memory: 64 GB, Internal memory type: DDR5-SDRAM. Total storage capacity: 2 TB, Storage media: SSD. Discrete graphics card model: NVIDIA GeForce RTX 4090. Operating system installed: Windows 11 Home, Operating system architecture: 64-bit. Power supply: 1200 W. Chassis type: Desktop. Product type: PC. Product colour: Black"},"BulletPoints":{"BulletPointsId":"11009905","Language":"EN","Values":["Windows 11 Home 64-bit","Intel Core i9-14900KF (36MB Cache)","NVIDIA GeForce RTX 4090 (24GB GDDR6X)","64GB DDR5-SDRAM & 2000GB SSD"],"Updated":"2025-02-13 11:50:57"},"GeneratedBulletPoints":{"Language":"EN","Values":["Gaming PC Black 1200 W","Intel® Core™ i9 i9-14900KF Processor cores: 24","64 GB DDR5-SDRAM","2 TB SSD","NVIDIA GeForce RTX 4090 24 GB","Ethernet LAN 10,100,1000,2500 Mbit/s","Windows 11 Home 64-bit"]},"GTINs":[{"GTIN":"4711474078469","IsApproved":true}],"VirtualCategory":[{"VirtualCategoryID":"195","UNCATID":"43171895","Value":"PCs","Language":"EN"}]},"Image":{"HighPic":"https://images.icecat.biz/img/gallery/ae22baf4aa3646f49568864c0d865ca3.jpg","HighPicSize":"3534879","HighPicHeight":"5000","HighPicWidth":"2920","LowPic":"https://images.icecat.biz/img/gallery_lows/ae22baf4aa3646f49568864c0d865ca3.jpg","LowPicSize":"14484","LowPicHeight":"200","LowPicWidth":"117","Pic500x500":"https://images.icecat.biz/img/gallery_mediums/ae22baf4aa3646f49568864c0d865ca3.jpg","Pic500x500Size":"65026","Pic500x500Height":"500","Pic500x500Width":"292","ThumbPic":"https://images.icecat.biz/img/gallery_thumbs/ae22baf4aa3646f49568864c0d865ca3.jpg","ThumbPicSize":"3514"},"Multimedia":[{"ID":"00000000-0000-0000-0000-000000000000","URL":"https://icecat.biz/rest/product-pdf?productId=128680105&lang=en&AccessKey=tVGKVN0NApZGwF9sSWaWthghoRjlYo5f","Type":"leaflet","ContentType":"application/pdf","KeepAsUrl":"0","Description":"Brochure Acer DG.E3ZEQ.00G","Size":"0","IsPrivate":"0","Updated":"2025-09-09 10:26:26","Language":"EN","IsVideo":0}],"Gallery":[{"ID":"101219893","LowPic":"https://images.icecat.biz/img/gallery_lows/ae22baf4aa3646f49568864c0d865ca3.jpg","LowSize":"14484","LowHeight":"200","LowWidth":"117","ThumbPic":"https://images.icecat.biz/img/gallery_thumbs/ae22baf4aa3646f49568864c0d865ca3.jpg","ThumbPicSize":"3514","Pic":"https://images.icecat.biz/img/gallery/ae22baf4aa3646f49568864c0d865ca3.jpg","Size":"3534879","PicHeight":"5000","PicWidth":"2920","Pic500x500":"https://images.icecat.biz/img/gallery_mediums/ae22baf4aa3646f49568864c0d865ca3.jpg","Pic500x500Size":"65026","Pic500x500Height":"500","Pic500x500Width":"292","No":"1","IsMain":"Y","Updated":"2025-02-13 11:45:01","IsPrivate":"0","Type":"ProductImage","Attributes":{"OriginalFileName":""}},{"ID":"101219895","LowPic":"https://images.icecat.biz/img/gallery_lows/72593fce3ba45f8737fb2b193aced900.jpg","LowSize":"25691","LowHeight":"200","LowWidth":"174","ThumbPic":"https://images.icecat.biz/img/gallery_thumbs/72593fce3ba45f8737fb2b193aced900.jpg","ThumbPicSize":"5723","Pic":"https://images.icecat.biz/img/gallery/72593fce3ba45f8737fb2b193aced900.jpg","Size":"6940765","PicHeight":"5000","PicWidth":"4345","Pic500x500":"https://images.icecat.biz/img/gallery_mediums/72593fce3ba45f8737fb2b193aced900.jpg","Pic500x500Size":"120488","Pic500x500Height":"500","Pic500x500Width":"435","No":"2","IsMain":"N","Updated":"2025-02-13 11:45:02","IsPrivate":"0","Type":"ProductImage","Attributes":{"OriginalFileName":""}},{"ID":"101219897","LowPic":"https://images.icecat.biz/img/gallery_lows/a3aeb5d04332a98eca1a7074e96bfc46.jpg","LowSize":"18682","LowHeight":"200","LowWidth":"159","ThumbPic":"https://images.icecat.biz/img/gallery_thumbs/a3aeb5d04332a98eca1a7074e96bfc46.jpg","ThumbPicSize":"4197","Pic":"https://images.icecat.biz/img/gallery/a3aeb5d04332a98eca1a7074e96bfc46.jpg","Size":"6985463","PicHeight":"5000","PicWidth":"3967","Pic500x500":"https://images.icecat.biz/img/gallery_mediums/a3aeb5d04332a98eca1a7074e96bfc46.jpg","Pic500x500Size":"93530","Pic500x500Height":"500","Pic500x500Width":"397","No":"3","IsMain":"N","Updated":"2025-02-13 11:45:03","IsPrivate":"0","Type":"ProductImage","Attributes":{"OriginalFileName":""}},{"ID":"101219899","LowPic":"https://images.icecat.biz/img/gallery_lows/41a043a42e1f3ef5100aab6215868ad3.jpg","LowSize":"29207","LowHeight":"180","LowWidth":"200","ThumbPic":"https://images.icecat.biz/img/gallery_thumbs/41a043a42e1f3ef5100aab6215868ad3.jpg","ThumbPicSize":"5943","Pic":"https://images.icecat.biz/img/gallery/41a043a42e1f3ef5100aab6215868ad3.jpg","Size":"7896827","PicHeight":"4512","PicWidth":"5000","Pic500x500":"https://images.icecat.biz/img/gallery_mediums/41a043a42e1f3ef5100aab6215868ad3.jpg","Pic500x500Size":"139018","Pic500x500Height":"451","Pic500x500Width":"500","No":"4","IsMain":"N","Updated":"2025-02-13 11:45:04","IsPrivate":"0","Type":"ProductImage","Attributes":{"OriginalFileName":""}},{"ID":"101219906","LowPic":"https://images.icecat.biz/img/gallery_lows/9da5c8ebd70d76f8af3839a16007333c.jpg","LowSize":"14461","LowHeight":"200","LowWidth":"107","ThumbPic":"https://images.icecat.biz/img/gallery_thumbs/9da5c8ebd70d76f8af3839a16007333c.jpg","ThumbPicSize":"3568","Pic":"https://images.icecat.biz/img/gallery/9da5c8ebd70d76f8af3839a16007333c.jpg","Size":"4234664","PicHeight":"5000","PicWidth":"2683","Pic500x500":"https://images.icecat.biz/img/gallery_mediums/9da5c8ebd70d76f8af3839a16007333c.jpg","Pic500x500Size":"66821","Pic500x500Height":"500","Pic500x500Width":"268","No":"5","IsMain":"N","Updated":"2025-02-13 11:45:05","IsPrivate":"0","Type":"ProductImage","Attributes":{"OriginalFileName":""}},{"ID":"101219907","LowPic":"https://images.icecat.biz/img/gallery_lows/38bbb9ab6255d862caac9fb459859013.jpg","LowSize":"15846","LowHeight":"200","LowWidth":"111","ThumbPic":"https://images.icecat.biz/img/gallery_thumbs/38bbb9ab6255d862caac9fb459859013.jpg","ThumbPicSize":"3673","Pic":"https://images.icecat.biz/img/gallery/38bbb9ab6255d862caac9fb459859013.jpg","Size":"7565464","PicHeight":"5000","PicWidth":"2779","Pic500x500":"https://images.icecat.biz/img/gallery_mediums/38bbb9ab6255d862caac9fb459859013.jpg","Pic500x500Size":"92055","Pic500x500Height":"500","Pic500x500Width":"278","No":"6","IsMain":"N","Updated":"2025-02-13 11:45:06","IsPrivate":"0","Type":"ProductImage","Attributes":{"OriginalFileName":""}},{"ID":"101219908","LowPic":"https://images.icecat.biz/img/gallery_lows/4bacdaa35405bc5204d24ef81a2bf1da.jpg","LowSize":"33580","LowHeight":"196","LowWidth":"200","ThumbPic":"https://images.icecat.biz/img/gallery_thumbs/4bacdaa35405bc5204d24ef81a2bf1da.jpg","ThumbPicSize":"6572","Pic":"https://images.icecat.biz/img/gallery/4bacdaa35405bc5204d24ef81a2bf1da.jpg","Size":"9542196","PicHeight":"4891","PicWidth":"5000","Pic500x500":"https://images.icecat.biz/img/gallery_mediums/4bacdaa35405bc5204d24ef81a2bf1da.jpg","Pic500x500Size":"160210","Pic500x500Height":"489","Pic500x500Width":"500","No":"7","IsMain":"N","Updated":"2025-02-13 11:45:06","IsPrivate":"0","Type":"ProductImage","Attributes":{"OriginalFileName":""}},{"ID":"101219909","LowPic":"https://images.icecat.biz/img/gallery_lows/cf4b3d6a543d9660cd04969466010ddb5e484d0d.jpg","LowSize":"44432","LowHeight":"150","LowWidth":"200","ThumbPic":"https://images.icecat.biz/img/gallery_thumbs/1261948833a4fa5e02d1df7b4ba4894ed4e38679.jpg","ThumbPicSize":"9467","Pic":"https://images.icecat.biz/img/gallery/acf360246091dac9904317cc10a9c8f9e608aea0.jpg","Size":"9498014","PicHeight":"3757","PicWidth":"5000","Pic500x500":"https://images.icecat.biz/img/gallery_mediums/13be45bc2b506add3f10a771479a64425fd201af.jpg","Pic500x500Size":"201422","Pic500x500Height":"376","Pic500x500Width":"500","No":"8","IsMain":"N","Updated":"2025-02-13 11:45:08","IsPrivate":"0","Type":"ProductImage","Attributes":{"OriginalFileName":""}}],"FeaturesGroups":[{"ID":2,"SortNo":"100","FeatureGroup":{"ID":"1","Name":{"Value":"Processor","Language":"EN"}},"Features":[{"Localized":0,"ID":739972733,"LocalID":0,"Type":"dropdown","Value":"Intel","CategoryFeatureId":"3032","CategoryFeatureGroupID":"2","SortNo":"10100801","PresentationValue":"Intel","RawValue":"Intel","LocalValue":"Intel","Description":"The manufacturer that produced the processor.","Mandatory":"1","Searchable":"0","Optional":"0","Feature":{"ID":"1013","Sign":"","Measure":{"ID":"29","Sign":"","Signs":{"ID":"","_":"","Language":"EN"}},"Name":{"Value":"Processor manufacturer","Language":"EN"}}},{"Localized":0,"ID":739972734,"LocalID":0,"Type":"dropdown","Value":"Intel Core i9","CategoryFeatureId":"11561","CategoryFeatureGroupID":"2","SortNo":"5300","PresentationValue":"Intel® Core™ i9","RawValue":"Intel Core i9","LocalValue":"Intel® Core™ i9","Description":"A family of processors is a group of processors produced by one company over a short period of time e.g. Intel Pentium processors.","Mandatory":"1","Searchable":"1","Optional":"0","Feature":{"ID":"2196","Sign":"","Measure":{"ID":"29","Sign":"","Signs":{"ID":"","_":"","Language":"EN"}},"Name":{"Value":"Processor family","Language":"EN"}}},{"Localized":0,"ID":739972735,"LocalID":0,"Type":"dropdown","Value":"Intel Core i9-14xxx","CategoryFeatureId":"893380","CategoryFeatureGroupID":"2","SortNo":"5300","PresentationValue":"Intel® Core™ i9 (14th gen)","RawValue":"Intel Core i9-14xxx","LocalValue":"Intel® Core™ i9 (14th gen)","Description":"","Mandatory":"0","Searchable":"0","Optional":"0","Feature":{"ID":"44870","Sign":"","Measure":{"ID":"29","Sign":"","Signs":{"ID":"","_":"","Language":"EN"}},"Name":{"Value":"Processor generation","Language":"EN"}}},{"Localized":0,"ID":739972736,"LocalID":0,"Type":"dropdown","Value":"i9-14900KF","CategoryFeatureId":"62","CategoryFeatureGroupID":"2","SortNo":"5200","PresentationValue":"i9-14900KF","RawValue":"i9-14900KF","LocalValue":"i9-14900KF","Description":"The model number for the processor in a computer.","Mandatory":"1","Searchable":"0","Optional":"0","Feature":{"ID":"47","Sign":"","Measure":{"ID":"29","Sign":"","Signs":{"ID":"","_":"","Language":"EN"}},"Name":{"Value":"Processor model","Language":"EN"}}},{"Localized":0,"ID":739972737,"LocalID":0,"Type":"numerical","Value":"24","CategoryFeatureId":"36486","CategoryFeatureGroupID":"2","SortNo":"220","PresentationValue":"24","RawValue":"24","LocalValue":"24","Description":"The number of central processing units ('cores') in a processor. Some processors have 1 core, others have 2 (e.g. Intel Core Duo) or more (e.g. the Intel Xeon E7-2850 has 10 cores).","Mandatory":"0","Searchable":"0","Optional":"0","Feature":{"ID":"6089","Sign":"","Measure":{"ID":"29","Sign":"","Signs":{"ID":"","_":"","Language":"EN"}},"Name":{"Value":"Processor cores","Language":"EN"}}},{"Localized":0,"ID":739972740,"LocalID":0,"Type":"dropdown","Value":"32","CategoryFeatureId":"52263","CategoryFeatureGroupID":"2","SortNo":"215","PresentationValue":"32","RawValue":"32","LocalValue":"32","Description":"","Mandatory":"0","Searchable":"0","Optional":"0","Feature":{"ID":"7337","Sign":"","Measure":{"ID":"29","Sign":"","Signs":{"ID":"","_":"","Language":"EN"}},"Name":{"Value":"Processor threads","Language":"EN"}}},{"Localized":0,"ID":739972741,"LocalID":0,"Type":"numerical","Value":"6","CategoryFeatureId":"52264","CategoryFeatureGroupID":"2","SortNo":"210","PresentationValue":"6 GHz","RawValue":"6","LocalValue":"6","Description":"The turbo boost is an automatic, managed accelleration of the processor when one of the cores is overloaded.","Mandatory":"0","Searchable":"0","Optional":"0","Feature":{"ID":"7978","Sign":"","Measure":{"ID":"37","Sign":"","Signs":{"ID":"21","_":"GHz","Language":"EN"}},"Name":{"Value":"Processor boost frequency","Language":"EN"}}},{"Localized":0,"ID":739972738,"LocalID":0,"Type":"numerical","Value":"8","CategoryFeatureId":"895771","CategoryFeatureGroupID":"2","SortNo":"200","PresentationValue":"8","RawValue":"8","LocalValue":"8","Description":"","Mandatory":"0","Searchable":"0","Optional":"0","Feature":{"ID":"44522","Sign":"","Measure":{"ID":"29","Sign":"","Signs":{"ID":"","_":"","Language":"EN"}},"Name":{"Value":"Performance cores","Language":"EN"}}},{"Localized":0,"ID":739972739,"LocalID":0,"Type":"numerical","Value":"16","CategoryFeatureId":"895770","CategoryFeatureGroupID":"2","SortNo":"195","PresentationValue":"16","RawValue":"16","LocalValue":"16","Description":"","Mandatory":"0","Searchable":"0","Optional":"0","Feature":{"ID":"44521","Sign":"","Measure":{"ID":"29","Sign":"","Signs":{"ID":"","_":"","Language":"EN"}},"Name":{"Value":"Efficient cores","Language":"EN"}}},{"Localized":0,"ID":739972747,"LocalID":0,"Type":"numerical","Value":"5.6","CategoryFeatureId":"932901","CategoryFeatureGroupID":"2","SortNo":"185","PresentationValue":"5.6 GHz","RawValue":"5.6","LocalValue":"5.6","Description":"","Mandatory":"0","Searchable":"0","Optional":"0","Feature":{"ID":"46564","Sign":"","Measure":{"ID":"37","Sign":"","Signs":{"ID":"21","_":"GHz","Language":"EN"}},"Name":{"Value":"Performance-core Max Turbo Frequency","Language":"EN"}}},{"Localized":0,"ID":739972748,"LocalID":0,"Type":"numerical","Value":"4.4","CategoryFeatureId":"932897","CategoryFeatureGroupID":"2","SortNo":"180","PresentationValue":"4.4 GHz","RawValue":"4.4","LocalValue":"4.4","Description":"","Mandatory":"0","Searchable":"0","Optional":"0","Feature":{"ID":"46563","Sign":"","Measure":{"ID":"37","Sign":"","Signs":{"ID":"21","_":"GHz","Language":"EN"}},"Name":{"Value":"Efficient-core Max Turbo Frequency","Language":"EN"}}},{"Localized":0,"ID":739972749,"LocalID":0,"Type":"numerical","Value":"3.2","CategoryFeatureId":"895767","CategoryFeatureGroupID":"2","SortNo":"170","PresentationValue":"3.2 GHz","RawValue":"3.2","LocalValue":"3.2","Description":"","Mandatory":"0","Searchable":"0","Optional":"0","Feature":{"ID":"44531","Sign":"","Measure":{"ID":"37","Sign":"","Signs":{"ID":"21","_":"GHz","Language":"EN"}},"Name":{"Value":"Performance-core base frequency","Language":"EN"}}},{"Localized":0,"ID":739972750,"LocalID":0,"Type":"numerical","Value":"2.4","CategoryFeatureId":"895769","CategoryFeatureGroupID":"2","SortNo":"165","PresentationValue":"2.4 GHz","RawValue":"2.4","LocalValue":"2.4","Description":"","Mandatory":"0","Searchable":"0","Optional":"0","Feature":{"ID":"44529","Sign":"","Measure":{"ID":"37","Sign":"","Signs":{"ID":"21","_":"GHz","Language":"EN"}},"Name":{"Value":"Efficient-core base frequency","Language":"EN"}}},{"Localized":0,"ID":739972743,"LocalID":0,"Type":"numerical","Value":"36","CategoryFeatureId":"101563","CategoryFeatureGroupID":"2","SortNo":"60","PresentationValue":"36 MB","RawValue":"36","LocalValue":"36","Description":"","Mandatory":"0","Searchable":"0","Optional":"0","Feature":{"ID":"10041","Sign":"","Measure":{"ID":"19","Sign":"","Signs":{"ID":"15506","_":"MB","Language":"EN"}},"Name":{"Value":"Processor cache","Language":"EN"}}},{"Localized":0,"ID":739972744,"LocalID":0,"Type":"dropdown","Value":"Smart Cache","CategoryFeatureId":"135208","CategoryFeatureGroupID":"2","SortNo":"59","PresentationValue":"Smart Cache","RawValue":"Smart Cache","LocalValue":"Smart Cache","Description":"","Mandatory":"0","Searchable":"0","Optional":"0","Feature":{"ID":"21716","Sign":"","Measure":{"ID":"29","Sign":"","Signs":{"ID":"","_":"","Language":"EN"}},"Name":{"Value":"Processor cache type","Language":"EN"}}},{"Localized":0,"ID":739972331,"LocalID":0,"Type":"numerical","Value":"1","CategoryFeatureId":"2216","CategoryFeatureGroupID":"2","SortNo":"30","PresentationValue":"1","RawValue":"1","LocalValue":"1","Description":"Number of processors in the product.","Mandatory":"0","Searchable":"0","Optional":"0","Feature":{"ID":"596","Sign":"","Measure":{"ID":"29","Sign":"","Signs":{"ID":"","_":"","Language":"EN"}},"Name":{"Value":"Number of processors installed","Language":"EN"}}},{"Localized":0,"ID":739972745,"LocalID":0,"Type":"numerical","Value":"125","CategoryFeatureId":"903074","CategoryFeatureGroupID":"2","SortNo":"0","PresentationValue":"125 W","RawValue":"125","LocalValue":"125","Description":"","Mandatory":"0","Searchable":"0","Optional":"0","Feature":{"ID":"44525","Sign":"","Measure":{"ID":"44","Sign":"","Signs":{"ID":"28","_":"W","Language":"EN"}},"Name":{"Value":"Processor base power","Language":"EN"}}},{"Localized":0,"ID":739972746,"LocalID":0,"Type":"numerical","Value":"253","CategoryFeatureId":"903075","CategoryFeatureGroupID":"2","SortNo":"0","PresentationValue":"253 W","RawValue":"253","LocalValue":"253","Description":"","Mandatory":"0","Searchable":"0","Optional":"0","Feature":{"ID":"44528","Sign":"","Measure":{"ID":"44","Sign":"","Signs":{"ID":"28","_":"W","Language":"EN"}},"Name":{"Value":"Maximum turbo power","Language":"EN"}}}]},{"ID":3,"SortNo":"95","FeatureGroup":{"ID":"3","Name":{"Value":"Memory","Language":"EN"}},"Features":[{"Localized":0,"ID":739972783,"LocalID":0,"Type":"numerical","Value":"64","CategoryFeatureId":"73752","CategoryFeatureGroupID":"3","SortNo":"5100","PresentationValue":"64 GB","RawValue":"64","LocalValue":"64","Description":"A computer's memory which is directly accessible to the CPU.","Mandatory":"1","Searchable":"1","Optional":"0","Feature":{"ID":"11381","Sign":"","Measure":{"ID":"20","Sign":"","Signs":{"ID":"7","_":"GB","Language":"EN"}},"Name":{"Value":"Internal memory","Language":"EN"}}},{"Localized":0,"ID":739972333,"LocalID":0,"Type":"numerical","Value":"64","CategoryFeatureId":"12118","CategoryFeatureGroupID":"3","SortNo":"5099","PresentationValue":"64 GB","RawValue":"64","LocalValue":"64","Description":"The maximum internal memory which is available in the product.","Mandatory":"1","Searchable":"0","Optional":"0","Feature":{"ID":"1452","Sign":"","Measure":{"ID":"20","Sign":"","Signs":{"ID":"7","_":"GB","Language":"EN"}},"Name":{"Value":"Maximum internal memory","Language":"EN"}}},{"Localized":0,"ID":739972332,"LocalID":0,"Type":"dropdown","Value":"DDR5-SDRAM","CategoryFeatureId":"1226","CategoryFeatureGroupID":"3","SortNo":"5098","PresentationValue":"DDR5-SDRAM","RawValue":"DDR5-SDRAM","LocalValue":"DDR5-SDRAM","Description":"The type of internal memory such as RAM, GDDR5.","Mandatory":"0","Searchable":"0","Optional":"0","Feature":{"ID":"427","Sign":"","Measure":{"ID":"29","Sign":"","Signs":{"ID":"","_":"","Language":"EN"}},"Name":{"Value":"Internal memory type","Language":"EN"}}}]},{"ID":4138,"SortNo":"90","FeatureGroup":{"ID":"47","Name":{"Value":"Storage","Language":"EN"}},"Features":[{"Localized":0,"ID":739972769,"LocalID":0,"Type":"numerical","Value":"2000","CategoryFeatureId":"33231","CategoryFeatureGroupID":"4138","SortNo":"5000","PresentationValue":"2 TB","RawValue":"2000","LocalValue":"2","Description":"The total amount of data that can be stored on the device.","Mandatory":"1","Searchable":"1","Optional":"0","Feature":{"ID":"3318","Sign":"","Measure":{"ID":"20","Sign":"","Signs":{"ID":"7","_":"GB","Language":"EN"}},"Name":{"Value":"Total storage capacity","Language":"EN"}}},{"Localized":0,"ID":739972771,"LocalID":0,"Type":"dropdown","Value":"SSD","CategoryFeatureId":"96404","CategoryFeatureGroupID":"4138","SortNo":"4000","PresentationValue":"SSD","RawValue":"SSD","LocalValue":"SSD","Description":"Used for the storage of data e.g. HDD (hard disk drive), SSD (solid-state drive).","Mandatory":"1","Searchable":"0","Optional":"0","Feature":{"ID":"11441","Sign":"","Measure":{"ID":"29","Sign":"","Signs":{"ID":"","_":"","Language":"EN"}},"Name":{"Value":"Storage media","Language":"EN"}}},{"Localized":0,"ID":739972354,"LocalID":0,"Type":"dropdown","Value":"N","CategoryFeatureId":"2968","CategoryFeatureGroupID":"4138","SortNo":"500","PresentationValue":"No","RawValue":"N","LocalValue":"No","Description":"An optical drive uses laser to read optical discs such as CDs, DVDs and Blu-Ray. Some types of optical drive are: CD ROM drive, CR-RW (CD writer) drive, DVD-ROM.","Mandatory":"1","Searchable":"1","Optional":"0","Feature":{"ID":"1120","Sign":"","Measure":{"ID":"29","Sign":"","Signs":{"ID":"","_":"","Language":"EN"}},"Name":{"Value":"Optical drive type","Language":"EN"}}},{"Localized":0,"ID":739972773,"LocalID":0,"Type":"numerical","Value":"2000","CategoryFeatureId":"295712","CategoryFeatureGroupID":"4138","SortNo":"32","PresentationValue":"2 TB","RawValue":"2000","LocalValue":"2","Description":"","Mandatory":"0","Searchable":"0","Optional":"0","Feature":{"ID":"37918","Sign":"","Measure":{"ID":"20","Sign":"","Signs":{"ID":"7","_":"GB","Language":"EN"}},"Name":{"Value":"Total SSDs capacity","Language":"EN"}}},{"Localized":0,"ID":739972774,"LocalID":0,"Type":"numerical","Value":"1","CategoryFeatureId":"45817","CategoryFeatureGroupID":"4138","SortNo":"30","PresentationValue":"1","RawValue":"1","LocalValue":"1","Description":"","Mandatory":"0","Searchable":"0","Optional":"0","Feature":{"ID":"7682","Sign":"","Measure":{"ID":"29","Sign":"","Signs":{"ID":"","_":"","Language":"EN"}},"Name":{"Value":"Number of SSDs installed","Language":"EN"}}},{"Localized":0,"ID":739972789,"LocalID":0,"Type":"numerical","Value":"2000","CategoryFeatureId":"45777","CategoryFeatureGroupID":"4138","SortNo":"29","PresentationValue":"2 TB","RawValue":"2000","LocalValue":"2","Description":"The Solid State Drive's data storage capacity.","Mandatory":"0","Searchable":"0","Optional":"0","Feature":{"ID":"5586","Sign":"","Measure":{"ID":"20","Sign":"","Signs":{"ID":"7","_":"GB","Language":"EN"}},"Name":{"Value":"SSD capacity","Language":"EN"}}},{"Localized":0,"ID":739972793,"LocalID":0,"Type":"dropdown","Value":"PCI Express 4.0","CategoryFeatureId":"45778","CategoryFeatureGroupID":"4138","SortNo":"28","PresentationValue":"PCI Express 4.0","RawValue":"PCI Express 4.0","LocalValue":"PCI Express 4.0","Description":"The type of interface(s) with which the Solid State Drive is connected to other hardware.","Mandatory":"0","Searchable":"0","Optional":"0","Feature":{"ID":"5584","Sign":"","Measure":{"ID":"29","Sign":"","Signs":{"ID":"","_":"","Language":"EN"}},"Name":{"Value":"SSD interface","Language":"EN"}}}]},{"ID":8603,"SortNo":"85","FeatureGroup":{"ID":"163","Name":{"Value":"Graphics","Language":"EN"}},"Features":[{"Localized":0,"ID":739972754,"LocalID":0,"Type":"y_n","Value":"Y","CategoryFeatureId":"192532","CategoryFeatureGroupID":"8603","SortNo":"4810","PresentationValue":"Yes","RawValue":"Y","LocalValue":"Yes","Description":"","Mandatory":"1","Searchable":"1","Optional":"0","Feature":{"ID":"27905","Sign":"","Measure":{"ID":"26","Sign":"","Signs":{"ID":"","_":"","Language":"EN"}},"Name":{"Value":"Discrete graphics card","Language":"EN"}}},{"Localized":0,"ID":739972752,"LocalID":0,"Type":"y_n","Value":"N","CategoryFeatureId":"74328","CategoryFeatureGroupID":"8603","SortNo":"4470","PresentationValue":"No","RawValue":"N","LocalValue":"No","Description":"Graphics hardware which is built into the motherboard or CPU, as opposed to a separate graphics adapter (video card). On-board graphics uses CPU and RAM for graphics processing.","Mandatory":"1","Searchable":"1","Optional":"0","Feature":{"ID":"9997","Sign":"","Measure":{"ID":"26","Sign":"","Signs":{"ID":"","_":"","Language":"EN"}},"Name":{"Value":"On-board graphics card","Language":"EN"}}},{"Localized":0,"ID":739972755,"LocalID":0,"Type":"dropdown","Value":"NVIDIA GeForce RTX 4090","CategoryFeatureId":"53946","CategoryFeatureGroupID":"8603","SortNo":"3900","PresentationValue":"NVIDIA GeForce RTX 4090","RawValue":"NVIDIA GeForce RTX 4090","LocalValue":"NVIDIA GeForce RTX 4090","Description":"A graphics adapter (often known as a video card) generates images for a display. A discrete graphics adapter plugs into the motherboard, and usually produces much better graphics than an integrated graphics adapter. There are various models of discrete graphics adapters.","Mandatory":"1","Searchable":"0","Optional":"0","Feature":{"ID":"9018","Sign":"","Measure":{"ID":"29","Sign":"","Signs":{"ID":"","_":"","Language":"EN"}},"Name":{"Value":"Discrete graphics card model","Language":"EN"}}},{"Localized":0,"ID":739972756,"LocalID":0,"Type":"numerical","Value":"24","CategoryFeatureId":"131976","CategoryFeatureGroupID":"8603","SortNo":"479","PresentationValue":"24 GB","RawValue":"24","LocalValue":"24","Description":"","Mandatory":"0","Searchable":"0","Optional":"0","Feature":{"ID":"18403","Sign":"","Measure":{"ID":"20","Sign":"","Signs":{"ID":"7","_":"GB","Language":"EN"}},"Name":{"Value":"Discrete graphics card memory","Language":"EN"}}},{"Localized":0,"ID":739972757,"LocalID":0,"Type":"dropdown","Value":"GDDR6X","CategoryFeatureId":"53950","CategoryFeatureGroupID":"8603","SortNo":"478","PresentationValue":"GDDR6X","RawValue":"GDDR6X","LocalValue":"GDDR6X","Description":"","Mandatory":"0","Searchable":"0","Optional":"0","Feature":{"ID":"9020","Sign":"","Measure":{"ID":"29","Sign":"","Signs":{"ID":"","_":"","Language":"EN"}},"Name":{"Value":"Discrete graphics memory type","Language":"EN"}}},{"Localized":0,"ID":739972751,"LocalID":0,"Type":"dropdown","Value":"Not available","CategoryFeatureId":"53944","CategoryFeatureGroupID":"8603","SortNo":"446","PresentationValue":"Not available","RawValue":"Not available","LocalValue":"Not available","Description":"\"Graphic adapter\" is the hardware that produces images on a display. \"On-board\" means that the graphics adapter is intergrated inside the motherboard.","Mandatory":"1","Searchable":"0","Optional":"0","Feature":{"ID":"9016","Sign":"","Measure":{"ID":"29","Sign":"","Signs":{"ID":"","_":"","Language":"EN"}},"Name":{"Value":"On-board graphics card model","Language":"EN"}}},{"Localized":0,"ID":739972758,"LocalID":0,"Type":"numerical","Value":"1","CategoryFeatureId":"117967","CategoryFeatureGroupID":"8603","SortNo":"-150","PresentationValue":"1","RawValue":"1","LocalValue":"1","Description":"","Mandatory":"0","Searchable":"0","Optional":"0","Feature":{"ID":"20247","Sign":"","Measure":{"ID":"29","Sign":"","Signs":{"ID":"","_":"","Language":"EN"}},"Name":{"Value":"Graphics card HDMI ports quantity","Language":"EN"}}},{"Localized":0,"ID":739972760,"LocalID":0,"Type":"numerical","Value":"3","CategoryFeatureId":"117968","CategoryFeatureGroupID":"8603","SortNo":"-150","PresentationValue":"3","RawValue":"3","LocalValue":"3","Description":"","Mandatory":"0","Searchable":"0","Optional":"0","Feature":{"ID":"20246","Sign":"","Measure":{"ID":"29","Sign":"","Signs":{"ID":"","_":"","Language":"EN"}},"Name":{"Value":"Graphics card DisplayPorts quantity","Language":"EN"}}}]},{"ID":2066,"SortNo":"75","FeatureGroup":{"ID":"35","Name":{"Value":"Network","Language":"EN"}},"Features":[{"Localized":0,"ID":739972352,"LocalID":0,"Type":"y_n","Value":"Y","CategoryFeatureId":"36488","CategoryFeatureGroupID":"2066","SortNo":"100","PresentationValue":"Yes","RawValue":"Y","LocalValue":"Yes","Description":"An Ethernet LAN (Local Area Network) interface is present, for a wired conection via a cable.","Mandatory":"1","Searchable":"0","Optional":"0","Feature":{"ID":"1347","Sign":"","Measure":{"ID":"26","Sign":"","Signs":{"ID":"","_":"","Language":"EN"}},"Name":{"Value":"Ethernet LAN","Language":"EN"}}},{"Localized":0,"ID":739972351,"LocalID":0,"Type":"multi_dropdown","Value":"10,100,1000,2500","CategoryFeatureId":"31181","CategoryFeatureGroupID":"2066","SortNo":"99","PresentationValue":"10,100,1000,2500 Mbit/s","RawValue":"10,100,1000,2500","LocalValue":"10,100,1000,2500","Description":"The different speed levels of the Ethernet LAN connection.","Mandatory":"0","Searchable":"0","Optional":"0","Feature":{"ID":"3768","Sign":"","Measure":{"ID":"23","Sign":"","Signs":{"ID":"4","_":"Mbit/s","Language":"EN"}},"Name":{"Value":"Ethernet LAN data rates","Language":"EN"}}},{"Localized":0,"ID":739972809,"LocalID":0,"Type":"y_n","Value":"N","CategoryFeatureId":"36487","CategoryFeatureGroupID":"2066","SortNo":"81","PresentationValue":"No","RawValue":"N","LocalValue":"No","Description":"Popular technology that allows an electronic device to exchange data or connect to the internet wirelessly using radio waves.","Mandatory":"1","Searchable":"0","Optional":"0","Feature":{"ID":"3239","Sign":"","Measure":{"ID":"26","Sign":"","Signs":{"ID":"","_":"","Language":"EN"}},"Name":{"Value":"Wi-Fi","Language":"EN"}}}]},{"ID":821,"SortNo":"70","FeatureGroup":{"ID":"12","Name":{"Value":"Ports & interfaces","Language":"EN"}},"Features":[{"Localized":0,"ID":739972340,"LocalID":0,"Type":"numerical","Value":"3","CategoryFeatureId":"138381","CategoryFeatureGroupID":"821","SortNo":"499","PresentationValue":"3","RawValue":"3","LocalValue":"3","Description":"","Mandatory":"1","Searchable":"0","Optional":"0","Feature":{"ID":"22701","Sign":"","Measure":{"ID":"29","Sign":"","Signs":{"ID":"","_":"","Language":"EN"}},"Name":{"Value":"USB 3.2 Gen 1 (3.1 Gen 1) Type-A ports quantity","Language":"EN"}}},{"Localized":0,"ID":739972341,"LocalID":0,"Type":"numerical","Value":"1","CategoryFeatureId":"138382","CategoryFeatureGroupID":"821","SortNo":"498","PresentationValue":"1","RawValue":"1","LocalValue":"1","Description":"Number of USB 3.0 (3.1 Gen 1) ports with Type-C connector. USB 3.0 (3.1 Gen 1) is USB interface version which supports transfer rate up to 5 Gbit/s (SuperSpeed). USB Type-C connector has symmetrical design architecture and compatible with Thunderbolt 3 interface.","Mandatory":"1","Searchable":"0","Optional":"0","Feature":{"ID":"22702","Sign":"","Measure":{"ID":"29","Sign":"","Signs":{"ID":"","_":"","Language":"EN"}},"Name":{"Value":"USB 3.2 Gen 1 (3.1 Gen 1) Type-C ports quantity","Language":"EN"}}},{"Localized":0,"ID":739972342,"LocalID":0,"Type":"numerical","Value":"3","CategoryFeatureId":"138384","CategoryFeatureGroupID":"821","SortNo":"497","PresentationValue":"3","RawValue":"3","LocalValue":"3","Description":"","Mandatory":"1","Searchable":"0","Optional":"0","Feature":{"ID":"22703","Sign":"","Measure":{"ID":"29","Sign":"","Signs":{"ID":"","_":"","Language":"EN"}},"Name":{"Value":"USB 3.2 Gen 2 (3.1 Gen 2) Type-A ports quantity","Language":"EN"}}},{"Localized":0,"ID":739972343,"LocalID":0,"Type":"numerical","Value":"2","CategoryFeatureId":"138388","CategoryFeatureGroupID":"821","SortNo":"496","PresentationValue":"2","RawValue":"2","LocalValue":"2","Description":"Number of USB 3.1 (3.1 Gen 2) ports with Type-C connector. USB 3.1 (3.1 Gen 2) is USB interface version which supports transfer rate up to 10 Gbit/s (SuperSpeed+). USB Type-C connector has symmetrical design architecture and compatible with Thunderbolt 3 interface.","Mandatory":"1","Searchable":"0","Optional":"0","Feature":{"ID":"22704","Sign":"","Measure":{"ID":"29","Sign":"","Signs":{"ID":"","_":"","Language":"EN"}},"Name":{"Value":"USB 3.2 Gen 2 (3.1 Gen 2) Type-C ports quantity","Language":"EN"}}},{"Localized":0,"ID":739972346,"LocalID":0,"Type":"numerical","Value":"1","CategoryFeatureId":"308887","CategoryFeatureGroupID":"821","SortNo":"495","PresentationValue":"1","RawValue":"1","LocalValue":"1","Description":"","Mandatory":"0","Searchable":"0","Optional":"0","Feature":{"ID":"38601","Sign":"","Measure":{"ID":"29","Sign":"","Signs":{"ID":"","_":"","Language":"EN"}},"Name":{"Value":"USB 3.2 Gen 2x2 Type-C ports quantity","Language":"EN"}}},{"Localized":0,"ID":739972336,"LocalID":0,"Type":"numerical","Value":"1","CategoryFeatureId":"14590","CategoryFeatureGroupID":"821","SortNo":"340","PresentationValue":"1","RawValue":"1","LocalValue":"1","Description":"Number of Ethernet LAN (RJ-45) ports (connecting interfaces) in the device.  Ethernet LAN (RJ-45) ports allow a computer to connect to the ethernet.","Mandatory":"0","Searchable":"0","Optional":"0","Feature":{"ID":"2312","Sign":"","Measure":{"ID":"29","Sign":"","Signs":{"ID":"","_":"","Language":"EN"}},"Name":{"Value":"Ethernet LAN (RJ-45) ports","Language":"EN"}}},{"Localized":0,"ID":739972335,"LocalID":0,"Type":"y_n","Value":"Y","CategoryFeatureId":"14589","CategoryFeatureGroupID":"821","SortNo":"97","PresentationValue":"Yes","RawValue":"Y","LocalValue":"Yes","Description":"","Mandatory":"0","Searchable":"0","Optional":"0","Feature":{"ID":"1345","Sign":"","Measure":{"ID":"26","Sign":"","Signs":{"ID":"","_":"","Language":"EN"}},"Name":{"Value":"Line-out","Language":"EN"}}},{"Localized":0,"ID":739972337,"LocalID":0,"Type":"y_n","Value":"Y","CategoryFeatureId":"14592","CategoryFeatureGroupID":"821","SortNo":"97","PresentationValue":"Yes","RawValue":"Y","LocalValue":"Yes","Description":"","Mandatory":"0","Searchable":"0","Optional":"0","Feature":{"ID":"1344","Sign":"","Measure":{"ID":"26","Sign":"","Signs":{"ID":"","_":"","Language":"EN"}},"Name":{"Value":"Line-in","Language":"EN"}}},{"Localized":0,"ID":739972339,"LocalID":0,"Type":"y_n","Value":"Y","CategoryFeatureId":"113477","CategoryFeatureGroupID":"821","SortNo":"96","PresentationValue":"Yes","RawValue":"Y","LocalValue":"Yes","Description":"","Mandatory":"0","Searchable":"0","Optional":"0","Feature":{"ID":"9858","Sign":"","Measure":{"ID":"26","Sign":"","Signs":{"ID":"","_":"","Language":"EN"}},"Name":{"Value":"Combo headphone/mic port","Language":"EN"}}}]},{"ID":4190,"SortNo":"65","FeatureGroup":{"ID":"124","Name":{"Value":"Expansion slots","Language":"EN"}},"Features":[{"Localized":0,"ID":739972356,"LocalID":0,"Type":"numerical","Value":"1","CategoryFeatureId":"31429","CategoryFeatureGroupID":"4190","SortNo":"100","PresentationValue":"1","RawValue":"1","LocalValue":"1","Description":"","Mandatory":"0","Searchable":"0","Optional":"0","Feature":{"ID":"6259","Sign":"","Measure":{"ID":"29","Sign":"","Signs":{"ID":"","_":"","Language":"EN"}},"Name":{"Value":"PCI Express x1 slots","Language":"EN"}}},{"Localized":0,"ID":739972357,"LocalID":0,"Type":"numerical","Value":"2","CategoryFeatureId":"31430","CategoryFeatureGroupID":"4190","SortNo":"70","PresentationValue":"2","RawValue":"2","LocalValue":"2","Description":"","Mandatory":"0","Searchable":"0","Optional":"0","Feature":{"ID":"6256","Sign":"","Measure":{"ID":"29","Sign":"","Signs":{"ID":"","_":"","Language":"EN"}},"Name":{"Value":"PCI Express x16 slots","Language":"EN"}}}]},{"ID":10928,"SortNo":"60","FeatureGroup":{"ID":"148","Name":{"Value":"Design","Language":"EN"}},"Features":[{"Localized":0,"ID":739972358,"LocalID":0,"Type":"dropdown","Value":"Desktop","CategoryFeatureId":"2195","CategoryFeatureGroupID":"10928","SortNo":"600","PresentationValue":"Desktop","RawValue":"Desktop","LocalValue":"Desktop","Description":"The type of rigid framework onto which is the hosuing for device components.","Mandatory":"1","Searchable":"0","Optional":"0","Feature":{"ID":"734","Sign":"","Measure":{"ID":"29","Sign":"","Signs":{"ID":"","_":"","Language":"EN"}},"Name":{"Value":"Chassis type","Language":"EN"}}},{"Localized":0,"ID":739972360,"LocalID":0,"Type":"dropdown","Value":"Vertical","CategoryFeatureId":"63696","CategoryFeatureGroupID":"10928","SortNo":"390","PresentationValue":"Vertical","RawValue":"Vertical","LocalValue":"Vertical","Description":"Where the product can be placed e.g. indoor/outdoor, horizontal/vertical.","Mandatory":"0","Searchable":"0","Optional":"0","Feature":{"ID":"3416","Sign":"","Measure":{"ID":"29","Sign":"","Signs":{"ID":"","_":"","Language":"EN"}},"Name":{"Value":"Placement supported","Language":"EN"}}},{"Localized":0,"ID":739972359,"LocalID":0,"Type":"dropdown","Value":"Black","CategoryFeatureId":"28831","CategoryFeatureGroupID":"10928","SortNo":"1","PresentationValue":"Black","RawValue":"Black","LocalValue":"Black","Description":"The colour e.g. red, blue, green, black, white.","Mandatory":"1","Searchable":"0","Optional":"0","Feature":{"ID":"1766","Sign":"","Measure":{"ID":"29","Sign":"","Signs":{"ID":"","_":"","Language":"EN"}},"Name":{"Value":"Product colour","Language":"EN"}}},{"Localized":0,"ID":739972361,"LocalID":0,"Type":"y_n","Value":"Y","CategoryFeatureId":"243529","CategoryFeatureGroupID":"10928","SortNo":"0","PresentationValue":"Yes","RawValue":"Y","LocalValue":"Yes","Description":"Transparent window in the device, which is created to view the progress of performance.","Mandatory":"0","Searchable":"0","Optional":"0","Feature":{"ID":"2570","Sign":"","Measure":{"ID":"26","Sign":"","Signs":{"ID":"","_":"","Language":"EN"}},"Name":{"Value":"Viewing window","Language":"EN"}}}]},{"ID":10929,"SortNo":"58","FeatureGroup":{"ID":"184","Name":{"Value":"Performance","Language":"EN"}},"Features":[{"Localized":0,"ID":739972362,"LocalID":0,"Type":"dropdown","Value":"Gaming","CategoryFeatureId":"164640","CategoryFeatureGroupID":"10929","SortNo":"330","PresentationValue":"Gaming","RawValue":"Gaming","LocalValue":"Gaming","Description":"Under which category can the device be positioned in the market, e.g. camera phone.","Mandatory":"0","Searchable":"0","Optional":"0","Feature":{"ID":"9021","Sign":"","Measure":{"ID":"29","Sign":"","Signs":{"ID":"","_":"","Language":"EN"}},"Name":{"Value":"Market positioning","Language":"EN"}}},{"Localized":0,"ID":739972364,"LocalID":0,"Type":"dropdown","Value":"PC","CategoryFeatureId":"86787","CategoryFeatureGroupID":"10929","SortNo":"4","PresentationValue":"PC","RawValue":"PC","LocalValue":"PC","Description":"The sub-category of the product.","Mandatory":"1","Searchable":"1","Optional":"0","Feature":{"ID":"14052","Sign":"","Measure":{"ID":"29","Sign":"","Signs":{"ID":"","_":"","Language":"EN"}},"Name":{"Value":"Product type","Language":"EN"}}}]},{"ID":3402,"SortNo":"56","FeatureGroup":{"ID":"90","Name":{"Value":"Software","Language":"EN"}},"Features":[{"Localized":0,"ID":739972766,"LocalID":0,"Type":"dropdown","Value":"64-bit","CategoryFeatureId":"45086","CategoryFeatureGroupID":"3402","SortNo":"6000","PresentationValue":"64-bit","RawValue":"64-bit","LocalValue":"64-bit","Description":"The way in which the operating system of a computer/smartphone (32-bit/64-bit) is set up.","Mandatory":"0","Searchable":"0","Optional":"0","Feature":{"ID":"7563","Sign":"","Measure":{"ID":"29","Sign":"","Signs":{"ID":"","_":"","Language":"EN"}},"Name":{"Value":"Operating system architecture","Language":"EN"}}},{"Localized":0,"ID":739972765,"LocalID":0,"Type":"dropdown","Value":"Windows 11 Home","CategoryFeatureId":"20011","CategoryFeatureGroupID":"3402","SortNo":"601","PresentationValue":"Windows 11 Home","RawValue":"Windows 11 Home","LocalValue":"Windows 11 Home","Description":"Type of operating system on a device e.g. IOS on Apple devices, Android for mobile devices.","Mandatory":"1","Searchable":"1","Optional":"0","Feature":{"ID":"3233","Sign":"","Measure":{"ID":"29","Sign":"","Signs":{"ID":"","_":"","Language":"EN"}},"Name":{"Value":"Operating system installed","Language":"EN"}}}]},{"ID":1306,"SortNo":"30","FeatureGroup":{"ID":"27","Name":{"Value":"Power","Language":"EN"}},"Features":[{"Localized":0,"ID":739972797,"LocalID":0,"Type":"numerical","Value":"1200","CategoryFeatureId":"3028","CategoryFeatureGroupID":"1306","SortNo":"10000","PresentationValue":"1200 W","RawValue":"1200","LocalValue":"1200","Description":"The way in which the product is powered e.g. rechargeable battery, mains electricity connected via a plug and cable.","Mandatory":"1","Searchable":"0","Optional":"0","Feature":{"ID":"1242","Sign":"","Measure":{"ID":"44","Sign":"","Signs":{"ID":"28","_":"W","Language":"EN"}},"Name":{"Value":"Power supply","Language":"EN"}}}]},{"ID":1309,"SortNo":"10","FeatureGroup":{"ID":"14","Name":{"Value":"Weight & dimensions","Language":"EN"}},"Features":[{"Localized":0,"ID":739972349,"LocalID":0,"Type":"numerical","Value":"219","CategoryFeatureId":"6228","CategoryFeatureGroupID":"1309","SortNo":"55","PresentationValue":"219 mm","RawValue":"219","LocalValue":"219","Description":"The measurement or extent of something from side to side.","Mandatory":"1","Searchable":"0","Optional":"0","Feature":{"ID":"1649","Sign":"","Measure":{"ID":"24","Sign":"","Signs":{"ID":"3","_":"mm","Language":"EN"}},"Name":{"Value":"Width","Language":"EN"}}},{"Localized":0,"ID":739972347,"LocalID":0,"Type":"numerical","Value":"504.8","CategoryFeatureId":"6225","CategoryFeatureGroupID":"1309","SortNo":"54","PresentationValue":"504.8 mm","RawValue":"504.8","LocalValue":"504.8","Description":"The distance from the front to the back of something.","Mandatory":"1","Searchable":"0","Optional":"0","Feature":{"ID":"1650","Sign":"","Measure":{"ID":"24","Sign":"","Signs":{"ID":"3","_":"mm","Language":"EN"}},"Name":{"Value":"Depth","Language":"EN"}}},{"Localized":0,"ID":739972348,"LocalID":0,"Type":"numerical","Value":"485","CategoryFeatureId":"6226","CategoryFeatureGroupID":"1309","SortNo":"53","PresentationValue":"485 mm","RawValue":"485","LocalValue":"485","Description":"The measurement of the product from head to foot or from base to top.","Mandatory":"1","Searchable":"0","Optional":"0","Feature":{"ID":"1464","Sign":"","Measure":{"ID":"24","Sign":"","Signs":{"ID":"3","_":"mm","Language":"EN"}},"Name":{"Value":"Height","Language":"EN"}}}]},{"ID":82594,"SortNo":"0","FeatureGroup":{"ID":"5","Name":{"Value":"Display","Language":"EN"}},"Features":[{"Localized":0,"ID":739972355,"LocalID":0,"Type":"y_n","Value":"N","CategoryFeatureId":"11391","CategoryFeatureGroupID":"82594","SortNo":"500","PresentationValue":"No","RawValue":"N","LocalValue":"No","Description":"This product includes a display.","Mandatory":"1","Searchable":"1","Optional":"0","Feature":{"ID":"2177","Sign":"","Measure":{"ID":"26","Sign":"","Signs":{"ID":"","_":"","Language":"EN"}},"Name":{"Value":"Display included","Language":"EN"}}}]}],"FeatureLogos":[{"LogoPic":"https://images.icecat.biz/img/feature_logo/538-3447.png","Width":"300","Height":"300","Size":"0","ThumbPic":"https://images.icecat.biz/img/feature_logo_thumbs/538-3447.png","FeatureID":"44870","Value":"Intel Core i9-11xxx","KeyLogo":0,"Description":{"Value":"Intel® Core™ i9 Processors - Work, play, and create as quickly and seamlessly as your heart desires.<br><br>- Faster performance empowering people to focus, create, and connect like never before<br>- Raising the bar on connectivity<br>- Video editing just under a minute","Language":"EN"}},{"LogoPic":"https://images.icecat.biz/img/feature_logo/538-3447.png","Width":"300","Height":"300","Size":"0","ThumbPic":"https://images.icecat.biz/img/feature_logo_thumbs/538-3447.png","FeatureID":"44870","Value":"Intel Core i9-14xxx","KeyLogo":0,"Description":{"Value":"Intel® Core™ i9 Processors - Work, play, and create as quickly and seamlessly as your heart desires.<br><br>- Faster performance empowering people to focus, create, and connect like never before<br>- Raising the bar on connectivity<br>- Video editing just under a minute","Language":"EN"}}],"ReasonsToBuy":[],"Reviews":[],"ProductRelated":[{"ID":0,"CategoryID":788,"Preferred":0,"IcecatID":93009748,"ProductCode":"SV.WCMA0.A02","ThumbPic":"","ProductName":"SV.WCMA0.A02","Brand":"Acer","BrandID":7,"ProductRelatedLocales":[{"ID":0,"Language":"EN","Preferred":0,"StartDate":"","EndDate":""}]},{"ID":0,"CategoryID":788,"Preferred":0,"IcecatID":93009602,"ProductCode":"SV.WCMA0.A03","ThumbPic":"","ProductName":"SV.WCMA0.A03","Brand":"Acer","BrandID":7,"ProductRelatedLocales":[{"ID":0,"Language":"EN","Preferred":0,"StartDate":"","EndDate":""}]},{"ID":0,"CategoryID":788,"Preferred":0,"IcecatID":93009385,"ProductCode":"SV.WCMA0.A00","ThumbPic":"","ProductName":"SV.WCMA0.A00","Brand":"Acer","BrandID":7,"ProductRelatedLocales":[{"ID":0,"Language":"EN","Preferred":0,"StartDate":"","EndDate":""}]},{"ID":0,"CategoryID":788,"Preferred":0,"IcecatID":93009370,"ProductCode":"SV.WCMA0.A06","ThumbPic":"","ProductName":"SV.WCMA0.A06","Brand":"Acer","BrandID":7,"ProductRelatedLocales":[{"ID":0,"Language":"EN","Preferred":0,"StartDate":"","EndDate":""}]}],"CatalogObjectCloud":{},"Variants":[],"ProductStory":[],"Dictionary":{"model_name":"Product name","desc":"Description","ean_code":"EAN/UPC code","flash360":"3D tour","demo_msg_part3":"If you don't have an Icecat account, please register here for free.","repairability_index":"Repairability index","zoom_panel_init":"Original size","cat_name":"Category","product_family":"Product family","back_to_top":"Back to top","zoom_panel_out":"Zoom out","specs":"Specs","eu_product_fiche":"EU Product Fiche","reviews_head_name":"Reviews","pdf_specs":"Product Brochure","zoom_panel_in":"Zoom in","html_content":"","release_date":"Release date","demo_msg_part1":"You are using now a Demo account. Please, use your own Icecat account","demo_insert_desc":"This is a demo of a seamless insert of an Icecat LIVE product data-sheet in your website. Imagine that this responsive data-sheet is included in the product page of your webshop.","pdf_url":"User manual","prod_code":"Product code","supplier_name":"Brand","video":"Video","reasons_to_buy":"Reasons to buy","marketing_text":"Description","options_head_name":"Options","product_series":"Product series","demo_msg_part2":"your Icecat login name","link_integrate_desk":"How to integrate Icecat LIVE JavaScript.","zoom_panel_dragg":"Mouse dragging","eu_energy_label":"EU Energy Label"},"DemoAccount":false}}