{"msg":"OK","data":{"GeneralInfo":{"IcecatId":36359145,"ReleaseDate":"","EndOfLifeDate":"","Title":"Joyetech eGo AIO D16 electronic cigarette 1500 mAh Black","TitleInfo":{"GeneratedIntTitle":"Joyetech eGo AIO D16 electronic cigarette","GeneratedLocalTitle":{"Value":"Joyetech eGo AIO D16 electronic cigarette 1500 mAh Black","Language":"EN"},"BrandLocalTitle":{"Value":"","Language":"EN"}},"Brand":"Joyetech","BrandID":"18196","BrandLogo":"","BrandInfo":{"BrandName":"Joyetech","BrandLocalName":"","BrandLogo":""},"ProductName":"eGo AIO D16","ProductNameInfo":{"ProductIntName":"eGo AIO D16","ProductLocalName":{"Value":"","Language":"EN"}},"BrandPartCode":"EGO_AIO_D16_BK","GTIN":[],"Category":{"CategoryID":"2401","Name":{"Value":"Electronic Cigarettes","Language":"EN"}},"ProductFamily":{},"ProductSeries":{"SeriesID":"1"},"Description":{"ID":"55250585","LongDesc":"eGo AIO D16, being all-in-one style, attaches the best anti-leaking structure with 2ml e-juice capacity. Made of environmental plastic, its mouthpiece is of an unique spiral design. It has newly added childproof lock keeping children from the device. It is simple and convenient in using, but fashionable in looking of several mixed colors. Its simplicity and efficiency make the device quite popular and unique. <br><br><b>All-In-ONE Style</b><br><br> eGo AIO D16 applies all-in-one style with atomizer inserted inside, which is quite convenient to use.<br>Though petite but it is powerful enough to produce large vapor.<br><br><br><b>Childproof Lock to ensure security</b> <br><br>the atomizer cap is equipped with child lock so that one should press the cap to screw or unscrew the atomizer cap. <br><br><b>Spiral Structure Mouthpiece</b> <br><br>The inserted spiral structure mouthpiece is more beneficial for mouth inhale and is more secure. <br><br><b>Choose Your Color </b><br><br>In power-off condition, long press the fire button to turn off the indicate light or shift<br>among the color of red, yellow, green, blue, indigo, white or purple. <br><br><b>Adjustment of Air Inflow</b><br><br>Rotating the ring on the atomizer cap clockwise or counterclockwise to adjust the air inflow. <br><br><b>E-juice filling</b><br><br>Press the cap to unscrew the atomizer cap, then inject the liquid directly into the cambered slot. <br><br><b>Charging</b><br><br>Simply charge eGo AIO D16 by connecting it with a computer or a wall adapter via USB cable.<br>When it's fully charged, the button light will go out.","LongProductName":"16.5 x 158 mm, 1500 mAh, 2 ml, Black","MiddleDesc":"","Disclaimer":"","ManualPDFURL":"","ManualPDFSize":"0","LeafletPDFURL":"","PDFSize":"0","URL":"https://www.joyetech.com/product/ego-aio-d16/","WarrantyInfo":"","Updated":"2025-09-09 09:19:44","Language":"EN"},"SummaryDescription":{"ShortSummaryDescription":"Joyetech eGo AIO D16, Black, Buttons, 1500 mAh, 16.5 mm, 16.5 mm, 158 mm","LongSummaryDescription":"Joyetech eGo AIO D16. Product colour: Black, Control type: Buttons. Battery capacity: 1500 mAh. Width: 16.5 mm, Depth: 16.5 mm, Height: 158 mm"},"BulletPoints":{},"GeneratedBulletPoints":{},"GTINs":[]},"Image":{"HighPic":"https://inishop.com/img/gallery/36359145_9874571324.jpg","HighPicSize":"28643","HighPicHeight":"782","HighPicWidth":"232","LowPic":"https://inishop.com/img/gallery_lows/36359145_9874571324.jpg","LowPicSize":"3622","LowPicHeight":"200","LowPicWidth":"59","Pic500x500":"https://inishop.com/img/gallery_mediums/36359145_9874571324.jpg","Pic500x500Size":"15348","Pic500x500Height":"500","Pic500x500Width":"148","ThumbPic":"https://inishop.com/img/gallery_thumbs/36359145_9874571324.jpg","ThumbPicSize":"775"},"Multimedia":[{"ID":"B77BB40E-900F-4B35-AA6E-3EE4A57C7D33","URL":"https://inishop.com/objects/mmo_36359145_1757412932_3309_1695604.txt","Type":"ProductStory2.0","ContentType":"text/html","KeepAsUrl":"0","Description":"ProductStory2.0","Size":"10145","IsPrivate":"0","Updated":"2025-09-09 12:15:32","Language":"EN","IsVideo":0},{"ID":"BBBB7A38-B60D-49F2-826E-394B25443FF8","URL":"https://live-html.icecat.biz/15a5f7d53e7d179091082d74a01fe740/index.html","Type":"ProductStory","ContentType":"application/zip","KeepAsUrl":"0","Description":"ProductStory","Size":"2791","IsPrivate":"0","Updated":"2025-09-09 12:15:40","Language":"EN","IsVideo":0}],"Gallery":[{"ID":"20727385","LowPic":"https://inishop.com/img/gallery_lows/36359145_9874571324.jpg","LowSize":"3622","LowHeight":"200","LowWidth":"59","ThumbPic":"https://inishop.com/img/gallery_thumbs/36359145_9874571324.jpg","ThumbPicSize":"775","Pic":"https://inishop.com/img/gallery/36359145_9874571324.jpg","Size":"28643","PicHeight":"782","PicWidth":"232","Pic500x500":"https://inishop.com/img/gallery_mediums/36359145_9874571324.jpg","Pic500x500Size":"15348","Pic500x500Height":"500","Pic500x500Width":"148","No":"1","IsMain":"Y","Updated":"2017-03-20 10:48:16","IsPrivate":"0","Type":"ProductImage","Attributes":{"OriginalFileName":""}}],"FeaturesGroups":[{"ID":8909,"SortNo":"11","FeatureGroup":{"ID":"148","Name":{"Value":"Design","Language":"EN"}},"Features":[{"Localized":0,"ID":241072019,"LocalID":0,"Type":"multi_dropdown","Value":"Black","CategoryFeatureId":"68804","CategoryFeatureGroupID":"8909","SortNo":"90","PresentationValue":"Black","RawValue":"Black","LocalValue":"Black","Description":"The colour e.g. red, blue, green, black, white.","Mandatory":"0","Searchable":"0","Optional":"0","Feature":{"ID":"1766","Sign":"","Measure":{"ID":"29","Sign":"","Signs":{"ID":"","_":"","Language":"EN"}},"Name":{"Value":"Product colour","Language":"EN"}}},{"Localized":0,"ID":835750621,"LocalID":0,"Type":"dropdown","Value":"Buttons","CategoryFeatureId":"249568","CategoryFeatureGroupID":"8909","SortNo":"40","PresentationValue":"Buttons","RawValue":"Buttons","LocalValue":"Buttons","Description":"The way in which the device is controlled.","Mandatory":"0","Searchable":"0","Optional":"0","Feature":{"ID":"2651","Sign":"","Measure":{"ID":"29","Sign":"","Signs":{"ID":"","_":"","Language":"EN"}},"Name":{"Value":"Control type","Language":"EN"}}},{"Localized":0,"ID":835750622,"LocalID":0,"Type":"y_n","Value":"Y","CategoryFeatureId":"249553","CategoryFeatureGroupID":"8909","SortNo":"0","PresentationValue":"Yes","RawValue":"Y","LocalValue":"Yes","Description":"The device features a socket into which a USB cable can be plugged.","Mandatory":"0","Searchable":"0","Optional":"0","Feature":{"ID":"23798","Sign":"","Measure":{"ID":"26","Sign":"","Signs":{"ID":"","_":"","Language":"EN"}},"Name":{"Value":"USB port","Language":"EN"}}}]},{"ID":8912,"SortNo":"6","FeatureGroup":{"ID":"143","Name":{"Value":"Battery","Language":"EN"}},"Features":[{"Localized":0,"ID":241072015,"LocalID":0,"Type":"numerical","Value":"1500","CategoryFeatureId":"68815","CategoryFeatureGroupID":"8912","SortNo":"100","PresentationValue":"1500 mAh","RawValue":"1500","LocalValue":"1500","Description":"A measure of the charge stored by the battery. Determined by the mass of active material contained in the battery.","Mandatory":"0","Searchable":"0","Optional":"0","Feature":{"ID":"909","Sign":"","Measure":{"ID":"51","Sign":"","Signs":{"ID":"35","_":"mAh","Language":"EN"}},"Name":{"Value":"Battery capacity","Language":"EN"}}},{"Localized":0,"ID":835750283,"LocalID":0,"Type":"y_n","Value":"Y","CategoryFeatureId":"249552","CategoryFeatureGroupID":"8912","SortNo":"45","PresentationValue":"Yes","RawValue":"Y","LocalValue":"Yes","Description":"","Mandatory":"0","Searchable":"0","Optional":"0","Feature":{"ID":"11194","Sign":"","Measure":{"ID":"26","Sign":"","Signs":{"ID":"","_":"","Language":"EN"}},"Name":{"Value":"USB charging","Language":"EN"}}}]},{"ID":8914,"SortNo":"4","FeatureGroup":{"ID":"14","Name":{"Value":"Weight & dimensions","Language":"EN"}},"Features":[{"Localized":0,"ID":241071972,"LocalID":0,"Type":"numerical","Value":"16.5","CategoryFeatureId":"68823","CategoryFeatureGroupID":"8914","SortNo":"40","PresentationValue":"16.5 mm","RawValue":"16.5","LocalValue":"16.5","Description":"The measurement or extent of something from side to side.","Mandatory":"0","Searchable":"0","Optional":"0","Feature":{"ID":"1649","Sign":"","Measure":{"ID":"24","Sign":"","Signs":{"ID":"3","_":"mm","Language":"EN"}},"Name":{"Value":"Width","Language":"EN"}}},{"Localized":0,"ID":241071977,"LocalID":0,"Type":"numerical","Value":"16.5","CategoryFeatureId":"68824","CategoryFeatureGroupID":"8914","SortNo":"30","PresentationValue":"16.5 mm","RawValue":"16.5","LocalValue":"16.5","Description":"The distance from the front to the back of something.","Mandatory":"0","Searchable":"0","Optional":"0","Feature":{"ID":"1650","Sign":"","Measure":{"ID":"24","Sign":"","Signs":{"ID":"3","_":"mm","Language":"EN"}},"Name":{"Value":"Depth","Language":"EN"}}},{"Localized":0,"ID":241071992,"LocalID":0,"Type":"numerical","Value":"158","CategoryFeatureId":"68825","CategoryFeatureGroupID":"8914","SortNo":"20","PresentationValue":"158 mm","RawValue":"158","LocalValue":"158","Description":"The measurement of the product from head to foot or from base to top.","Mandatory":"0","Searchable":"0","Optional":"0","Feature":{"ID":"1464","Sign":"","Measure":{"ID":"24","Sign":"","Signs":{"ID":"3","_":"mm","Language":"EN"}},"Name":{"Value":"Height","Language":"EN"}}}]},{"ID":8913,"SortNo":"2","FeatureGroup":{"ID":"116","Name":{"Value":"Packaging content","Language":"EN"}},"Features":[{"Localized":0,"ID":835750262,"LocalID":0,"Type":"y_n","Value":"Y","CategoryFeatureId":"68816","CategoryFeatureGroupID":"8913","SortNo":"50","PresentationValue":"Yes","RawValue":"Y","LocalValue":"Yes","Description":"","Mandatory":"0","Searchable":"0","Optional":"0","Feature":{"ID":"10871","Sign":"","Measure":{"ID":"26","Sign":"","Signs":{"ID":"","_":"","Language":"EN"}},"Name":{"Value":"USB charger included","Language":"EN"}}},{"Localized":0,"ID":241072004,"LocalID":0,"Type":"y_n","Value":"Y","CategoryFeatureId":"68848","CategoryFeatureGroupID":"8913","SortNo":"0","PresentationValue":"Yes","RawValue":"Y","LocalValue":"Yes","Description":"","Mandatory":"0","Searchable":"0","Optional":"0","Feature":{"ID":"3965","Sign":"","Measure":{"ID":"26","Sign":"","Signs":{"ID":"","_":"","Language":"EN"}},"Name":{"Value":"Manual","Language":"EN"}}}]}],"FeatureLogos":[],"ReasonsToBuy":[],"Reviews":[],"ProductRelated":[],"CatalogObjectCloud":{},"Variants":[],"ProductStory":[{"ID":"BBBB7A38-B60D-49F2-826E-394B25443FF8","URL":"https://live-html.icecat.biz/15a5f7d53e7d179091082d74a01fe740/index.html","Type":"ProductStory","ContentType":"application/zip","KeepAsUrl":"0","Description":"ProductStory","Size":"2791","IsPrivate":"0","Updated":"2025-09-09 12:15:40","Language":"EN","IsVideo":0}],"Dictionary":{"model_name":"Product name","desc":"Description","ean_code":"EAN/UPC code","flash360":"3D tour","demo_msg_part3":"If you don't have an Icecat account, please register here for free.","repairability_index":"Repairability index","zoom_panel_init":"Original size","cat_name":"Category","product_family":"Product family","back_to_top":"Back to top","zoom_panel_out":"Zoom out","specs":"Specs","eu_product_fiche":"EU Product Fiche","reviews_head_name":"Reviews","pdf_specs":"Product Brochure","zoom_panel_in":"Zoom in","html_content":"","release_date":"Release date","demo_msg_part1":"You are using now a Demo account. Please, use your own Icecat account","demo_insert_desc":"This is a demo of a seamless insert of an Icecat LIVE product data-sheet in your website. Imagine that this responsive data-sheet is included in the product page of your webshop.","pdf_url":"User manual","prod_code":"Product code","supplier_name":"Brand","video":"Video","reasons_to_buy":"Reasons to buy","marketing_text":"Description","options_head_name":"Options","product_series":"Product series","demo_msg_part2":"your Icecat login name","link_integrate_desk":"How to integrate Icecat LIVE JavaScript.","zoom_panel_dragg":"Mouse dragging","eu_energy_label":"EU Energy Label"},"DemoAccount":false}}