{"msg":"OK","data":{"GeneralInfo":{"IcecatId":129046973,"ReleaseDate":"","EndOfLifeDate":"","Title":"Apple iPad 11-inch Wi-Fi 256GB - Blue","TitleInfo":{"GeneratedIntTitle":"Apple iPad","GeneratedLocalTitle":{"Value":"Apple iPad 27.9 cm (11\") Wi-Fi 6 (802.11ax) iPadOS 18","Language":"EN"},"BrandLocalTitle":{"Value":"Apple iPad 11-inch Wi-Fi 256GB - Blue","Language":"EN"}},"Brand":"Apple","BrandID":"9","BrandLogo":"https://inishop.com/img/brand/thumb/9_d14b59ec69c0456b8775a7210bbba1e9.jpg","BrandInfo":{"BrandName":"Apple","BrandLocalName":"","BrandLogo":"https://inishop.com/img/brand/thumb/9_d14b59ec69c0456b8775a7210bbba1e9.jpg"},"ProductName":"11-inch iPad Wi-Fi 256GB - Blue","ProductNameInfo":{"ProductIntName":"iPad","ProductLocalName":{"Value":"11-inch iPad Wi-Fi 256GB - Blue","Language":"EN"}},"BrandPartCode":"MD4H4KN/A","GTIN":["0195950087369","195950087369"],"Category":{"CategoryID":"897","Name":{"Value":"Tablets","Language":"EN"}},"ProductFamily":{"ProductFamilyID":"63761","Value":"iPad","Language":"EN"},"ProductSeries":{"SeriesID":"1"},"Description":{"ID":"98751619","LongDesc":"Lovable.<br><br>Drawable.<br><br>Magical.","LongProductName":"iPad 11\", IPS, 2360 x 1640, A16, 256GB, Wi-Fi 6, Bluetooth 5.3, Touch ID, 12MP + 12MP, iPadOS 18","MiddleDesc":"","Disclaimer":"","ManualPDFURL":"","ManualPDFSize":"0","LeafletPDFURL":"","PDFSize":"0","URL":"https://www.apple.com/ipad-11/","WarrantyInfo":"","Updated":"2025-03-04 18:52:30","Language":"EN"},"SummaryDescription":{"ShortSummaryDescription":"Apple iPad 11-inch Wi-Fi 256GB - Blue, 27.9 cm (11\"), 2360 x 1640 pixels, 256 GB, iPadOS 18, 477 g, Blue","LongSummaryDescription":"Apple iPad 11-inch Wi-Fi 256GB - Blue. Display diagonal: 27.9 cm (11\"), Display resolution: 2360 x 1640 pixels. Internal storage capacity: 256 GB. Processor family: Apple, Processor model: A16. Rear camera resolution (numeric): 12 MP, Rear camera type: Single camera, Front camera resolution (numeric): 12 MP, Front camera. Top Wi-Fi standard: Wi-Fi 6 (802.11ax). Weight: 477 g. Operating system installed: iPadOS 18. Product colour: Blue"},"BulletPoints":{"BulletPointsId":"11149223","Language":"EN","Values":["Now with the superfast A16 chip","More storage than ever","Stunning Liquid Retina display","All-screen design. All-fun iPad"],"Updated":"2025-03-04 18:52:30"},"GeneratedBulletPoints":{"Language":"EN","Values":["Slate Mobile tablet Blue","27.9 cm (11\") 2360 x 1640 pixels IPS","Apple A16","256 GB Flash","Single camera 12 MP Front camera 12 MP","Wi-Fi 6 (802.11ax) Bluetooth 5.3","Lithium Polymer (LiPo) 28.93 Wh","iPadOS 18"]},"GTINs":[{"GTIN":"0195950087369","IsApproved":true},{"GTIN":"195950087369","IsApproved":true},{"GTIN":"0195950087321","IsApproved":false},{"GTIN":"195950087321","IsApproved":false}]},"Image":{"HighPic":"https://inishop.com/img/gallery/d6ae80547697a282f79a4e2df04b8eb2e3d1300c.jpg","HighPicSize":"2005592","HighPicHeight":"3402","HighPicWidth":"3041","LowPic":"https://inishop.com/img/gallery_lows/e8e232c50a5670355981190bc2b7da7ccfd01f29.jpg","LowPicSize":"24479","LowPicHeight":"200","LowPicWidth":"179","Pic500x500":"https://inishop.com/img/gallery_mediums/42f3885d0d8a1f4d0eeaab131589acb966cb8f66.jpg","Pic500x500Size":"86769","Pic500x500Height":"500","Pic500x500Width":"447","ThumbPic":"https://inishop.com/img/gallery_thumbs/957d6a932029776280e41bf87e4e4410ceb7c48a.jpg","ThumbPicSize":"6850"},"Multimedia":[{"ID":"9A1222A8-136B-49AC-BB2D-E074C3CE141B","URL":"https://inishop.com/objects/mmo_129046973_1757699584_4397_886766.pdf","Type":"EU Product Fiche","ContentType":"application/pdf","KeepAsUrl":"0","Description":"EU Product Fiche","Size":"86587","IsPrivate":"0","Updated":"2025-09-12 19:53:04","Language":"EN","IsVideo":0},{"ID":"8374F139-20BA-41E2-810E-A7208D6CCB35","URL":"https://inishop.com/objects/mmo_129046973_1749728516_9926_1386251.png","Type":"EU Energy Label","ContentType":"image/png","KeepAsUrl":"0","Description":"EU Energy Label","Size":"695382","IsPrivate":"0","Updated":"2025-06-12 13:42:22","Language":"","IsVideo":0,"EprelLink":"https://eprel.ec.europa.eu/qr/2261043","LabelType":"rescaled","ConvertedURL":"https://inishop.com/objects/129046973_64862739.pdf","ConvertedContentType":"application/pdf","ConvertedSize":685280,"EprelId":2261043},{"ID":"E79C9E17-4AED-4A5C-A2A5-3EAC5A923E61","URL":"https://inishop.com/objects/mmo_129046973_1757407493_4406_1052820.txt","Type":"ProductStory2.0","ContentType":"text/html","KeepAsUrl":"0","Description":"ProductStory2.0","Size":"16081","IsPrivate":"0","Updated":"2025-09-09 10:44:53","Language":"EN","IsVideo":0},{"ID":"3C2100EE-1B21-42E3-903A-3A3B02CD1C9B","URL":"https://live-html.icecat.biz/ac4d7373c5b9134544e20acea00bbcb1/index.html","Type":"ProductStory","ContentType":"application/zip","KeepAsUrl":"0","Description":"ProductStory","Size":"4495","IsPrivate":"0","Updated":"2025-09-09 10:44:56","Language":"EN","IsVideo":0}],"Gallery":[{"ID":"102623317","LowPic":"https://inishop.com/img/gallery_lows/e8e232c50a5670355981190bc2b7da7ccfd01f29.jpg","LowSize":"24479","LowHeight":"200","LowWidth":"179","ThumbPic":"https://inishop.com/img/gallery_thumbs/957d6a932029776280e41bf87e4e4410ceb7c48a.jpg","ThumbPicSize":"6850","Pic":"https://inishop.com/img/gallery/d6ae80547697a282f79a4e2df04b8eb2e3d1300c.jpg","Size":"2005592","PicHeight":"3402","PicWidth":"3041","Pic500x500":"https://inishop.com/img/gallery_mediums/42f3885d0d8a1f4d0eeaab131589acb966cb8f66.jpg","Pic500x500Size":"86769","Pic500x500Height":"500","Pic500x500Width":"447","No":"1","IsMain":"Y","Updated":"2025-03-11 10:35:29","IsPrivate":"0","Type":"ProductImage","Attributes":{"OriginalFileName":""}},{"ID":"102623318","LowPic":"https://inishop.com/img/gallery_lows/bccf31464216e7b59ba3e41b433d86c0e132aebd.jpg","LowSize":"19326","LowHeight":"200","LowWidth":"200","ThumbPic":"https://inishop.com/img/gallery_thumbs/e3768e7d2bcb3ed36e01020a680c68c62ccdceb6.jpg","ThumbPicSize":"4587","Pic":"https://inishop.com/img/gallery/82cc99f079957daab85ed5441e3d167af3d2dd0c.jpg","Size":"8085899","PicHeight":"4000","PicWidth":"4000","Pic500x500":"https://inishop.com/img/gallery_mediums/36c30fb8ad5cabf5a61ae13e9cf3eae7cef5e50a.jpg","Pic500x500Size":"120369","Pic500x500Height":"500","Pic500x500Width":"500","No":"2","IsMain":"N","Updated":"2025-03-04 18:52:33","IsPrivate":"0","Type":"Other","Attributes":{"OriginalFileName":""}},{"ID":"102623319","LowPic":"https://inishop.com/img/gallery_lows/1459b403cc8a0daee011c3b6503a986dd44d9c1d.jpg","LowSize":"48548","LowHeight":"200","LowWidth":"200","ThumbPic":"https://inishop.com/img/gallery_thumbs/d0514131316411706707aa9cab06c5e40a6b002b.jpg","ThumbPicSize":"10214","Pic":"https://inishop.com/img/gallery/6939279bd09a607655dedb331d9297c9961e40b6.jpg","Size":"7745798","PicHeight":"4000","PicWidth":"4000","Pic500x500":"https://inishop.com/img/gallery_mediums/d43db06669f46131d8144f6b4979ee0a67cce5b8.jpg","Pic500x500Size":"251100","Pic500x500Height":"500","Pic500x500Width":"500","No":"3","IsMain":"N","Updated":"2025-03-04 18:52:33","IsPrivate":"0","Type":"LifestyleImage","Attributes":{"OriginalFileName":""}}],"FeaturesGroups":[{"ID":833,"SortNo":"110","FeatureGroup":{"ID":"5","Name":{"Value":"Display","Language":"EN"}},"Features":[{"Localized":0,"ID":750485029,"LocalID":0,"Type":"numerical","Value":"11","CategoryFeatureId":"11611","CategoryFeatureGroupID":"833","SortNo":"99","PresentationValue":"27.9 cm (11\")","RawValue":"11","LocalValue":"27.9","Description":"Size of the display for this product, measured diagonally, usually in inches.","Mandatory":"1","Searchable":"1","Optional":"0","Feature":{"ID":"944","Sign":"","Measure":{"ID":"16","Sign":"","Signs":{"ID":"11","_":"\"","Language":"EN"}},"Name":{"Value":"Display diagonal","Language":"EN"}}},{"Localized":0,"ID":750485064,"LocalID":0,"Type":"2d","Value":"2360 x 1640","CategoryFeatureId":"30350","CategoryFeatureGroupID":"833","SortNo":"38","PresentationValue":"2360 x 1640 pixels","RawValue":"2360 x 1640","LocalValue":"2360 x 1640","Description":"The number of distinct pixels in each dimension that can be displayed. It is usually quoted as width × height, with the units in pixels: for example, \"1024 × 768\" means the width is 1024 pixels and the height is 768 pixels. The higher the number of pixels, the sharper the image.","Mandatory":"1","Searchable":"0","Optional":"0","Feature":{"ID":"1585","Sign":"","Measure":{"ID":"39","Sign":"","Signs":{"ID":"23","_":"pixels","Language":"EN"}},"Name":{"Value":"Display resolution","Language":"EN"}}},{"Localized":0,"ID":750485175,"LocalID":0,"Type":"y_n","Value":"Y","CategoryFeatureId":"45723","CategoryFeatureGroupID":"833","SortNo":"36","PresentationValue":"Yes","RawValue":"Y","LocalValue":"Yes","Description":"A backlight is a form of illumination used in liquid crystal displays (LCDs). One type of backlight is made by LEDs, which can be either white or RGB (red green blue). White LEDs are used most often in notebooks and desktop screens, and in virtually all mobile LCD screens. RGB LEDs for backlighting are found in high-end color proofing displays such as HP DreamColor LP2480zx monitor or selected HP EliteBook notebooks, as well as newer consumer grade displays such as Dell's Studio series laptops which have an optional RGB LED display.","Mandatory":"0","Searchable":"0","Optional":"0","Feature":{"ID":"6784","Sign":"","Measure":{"ID":"26","Sign":"","Signs":{"ID":"","_":"","Language":"EN"}},"Name":{"Value":"LED backlight","Language":"EN"}}},{"Localized":0,"ID":750485357,"LocalID":0,"Type":"dropdown","Value":"IPS","CategoryFeatureId":"710616","CategoryFeatureGroupID":"833","SortNo":"36","PresentationValue":"IPS","RawValue":"IPS","LocalValue":"IPS","Description":"","Mandatory":"1","Searchable":"1","Optional":"0","Feature":{"ID":"15285","Sign":"","Measure":{"ID":"29","Sign":"","Signs":{"ID":"","_":"","Language":"EN"}},"Name":{"Value":"Panel type","Language":"EN"}}},{"Localized":0,"ID":750485500,"LocalID":0,"Type":"dropdown","Value":"Liquid Retina","CategoryFeatureId":"939510","CategoryFeatureGroupID":"833","SortNo":"36","PresentationValue":"Liquid Retina","RawValue":"Liquid Retina","LocalValue":"Liquid Retina","Description":"","Mandatory":"0","Searchable":"0","Optional":"0","Feature":{"ID":"46952","Sign":"","Measure":{"ID":"29","Sign":"","Signs":{"ID":"","_":"","Language":"EN"}},"Name":{"Value":"Display technology marketing name","Language":"EN"}}},{"Localized":0,"ID":750485054,"LocalID":0,"Type":"numerical","Value":"500","CategoryFeatureId":"45724","CategoryFeatureGroupID":"833","SortNo":"35","PresentationValue":"500 cd/m²","RawValue":"500","LocalValue":"500","Description":"Brightness is the amount of radiating light emitted from the screen. The brightness rating is measured in candellas per square meter, commonly known as 'nits'.","Mandatory":"0","Searchable":"0","Optional":"0","Feature":{"ID":"1389","Sign":"","Measure":{"ID":"43","Sign":"","Signs":{"ID":"27","_":"cd/m²","Language":"EN"}},"Name":{"Value":"Display brightness","Language":"EN"}}},{"Localized":0,"ID":750616653,"LocalID":0,"Type":"dropdown","Value":"Multi-touch","CategoryFeatureId":"50069","CategoryFeatureGroupID":"833","SortNo":"27","PresentationValue":"Multi-touch","RawValue":"Multi-touch","LocalValue":"Multi-touch","Description":"Technology of touch sensetive screen e.g. dual-touch.","Mandatory":"0","Searchable":"0","Optional":"1","Feature":{"ID":"7698","Sign":"","Measure":{"ID":"29","Sign":"","Signs":{"ID":"","_":"","Language":"EN"}},"Name":{"Value":"Touch technology","Language":"EN"}}},{"Localized":0,"ID":750485211,"LocalID":0,"Type":"dropdown","Value":"Capacitive","CategoryFeatureId":"59314","CategoryFeatureGroupID":"833","SortNo":"0","PresentationValue":"Capacitive","RawValue":"Capacitive","LocalValue":"Capacitive","Description":"There are a variety of touchscreen technologies that have different methods of sensing touch, including resistive and capacitive.","Mandatory":"0","Searchable":"0","Optional":"0","Feature":{"ID":"8097","Sign":"","Measure":{"ID":"29","Sign":"","Signs":{"ID":"","_":"","Language":"EN"}},"Name":{"Value":"Touchscreen type","Language":"EN"}}},{"Localized":0,"ID":750485337,"LocalID":0,"Type":"numerical","Value":"264","CategoryFeatureId":"103273","CategoryFeatureGroupID":"833","SortNo":"0","PresentationValue":"264 ppi","RawValue":"264","LocalValue":"264","Description":"","Mandatory":"0","Searchable":"0","Optional":"0","Feature":{"ID":"13246","Sign":"","Measure":{"ID":"243","Sign":"","Signs":{"ID":"14247","_":"ppi","Language":"EN"}},"Name":{"Value":"Pixel density","Language":"EN"}}},{"Localized":0,"ID":750485441,"LocalID":0,"Type":"y_n","Value":"Y","CategoryFeatureId":"291772","CategoryFeatureGroupID":"833","SortNo":"0","PresentationValue":"Yes","RawValue":"Y","LocalValue":"Yes","Description":"","Mandatory":"0","Searchable":"0","Optional":"0","Feature":{"ID":"33690","Sign":"","Measure":{"ID":"26","Sign":"","Signs":{"ID":"","_":"","Language":"EN"}},"Name":{"Value":"Rounded display corners","Language":"EN"}}},{"Localized":0,"ID":750485511,"LocalID":0,"Type":"numerical","Value":"1","CategoryFeatureId":"952655","CategoryFeatureGroupID":"833","SortNo":"0","PresentationValue":"1","RawValue":"1","LocalValue":"1","Description":"","Mandatory":"0","Searchable":"0","Optional":"0","Feature":{"ID":"47948","Sign":"","Measure":{"ID":"29","Sign":"","Signs":{"ID":"","_":"","Language":"EN"}},"Name":{"Value":"Number of external displays supported","Language":"EN"}}},{"Localized":0,"ID":750616673,"LocalID":0,"Type":"y_n","Value":"Y","CategoryFeatureId":"952659","CategoryFeatureGroupID":"833","SortNo":"0","PresentationValue":"Yes","RawValue":"Y","LocalValue":"Yes","Description":"","Mandatory":"0","Searchable":"0","Optional":"1","Feature":{"ID":"38673","Sign":"","Measure":{"ID":"26","Sign":"","Signs":{"ID":"","_":"","Language":"EN"}},"Name":{"Value":"Oleophobic coating","Language":"EN"}}},{"Localized":0,"ID":750485531,"LocalID":0,"Type":"y_n","Value":"Y","CategoryFeatureId":"968134","CategoryFeatureGroupID":"833","SortNo":"0","PresentationValue":"Yes","RawValue":"Y","LocalValue":"Yes","Description":"","Mandatory":"0","Searchable":"0","Optional":"0","Feature":{"ID":"48399","Sign":"","Measure":{"ID":"26","Sign":"","Signs":{"ID":"","_":"","Language":"EN"}},"Name":{"Value":"Video mirroring","Language":"EN"}}},{"Localized":0,"ID":750485344,"LocalID":0,"Type":"y_n","Value":"Y","CategoryFeatureId":"291774","CategoryFeatureGroupID":"833","SortNo":"-5","PresentationValue":"Yes","RawValue":"Y","LocalValue":"Yes","Description":"","Mandatory":"0","Searchable":"0","Optional":"0","Feature":{"ID":"14752","Sign":"","Measure":{"ID":"26","Sign":"","Signs":{"ID":"","_":"","Language":"EN"}},"Name":{"Value":"Fingerprint resistant","Language":"EN"}}}]},{"ID":830,"SortNo":"100","FeatureGroup":{"ID":"1","Name":{"Value":"Processor","Language":"EN"}},"Features":[{"Localized":0,"ID":750485034,"LocalID":0,"Type":"dropdown","Value":"Apple","CategoryFeatureId":"102551","CategoryFeatureGroupID":"830","SortNo":"1001050","PresentationValue":"Apple","RawValue":"Apple","LocalValue":"Apple","Description":"The manufacturer that produced the processor.","Mandatory":"1","Searchable":"0","Optional":"0","Feature":{"ID":"1013","Sign":"","Measure":{"ID":"29","Sign":"","Signs":{"ID":"","_":"","Language":"EN"}},"Name":{"Value":"Processor manufacturer","Language":"EN"}}},{"Localized":0,"ID":750485118,"LocalID":0,"Type":"dropdown","Value":"Apple","CategoryFeatureId":"11580","CategoryFeatureGroupID":"830","SortNo":"900","PresentationValue":"Apple","RawValue":"Apple","LocalValue":"Apple","Description":"A family of processors is a group of processors produced by one company over a short period of time e.g. Intel Pentium processors.","Mandatory":"1","Searchable":"0","Optional":"0","Feature":{"ID":"2196","Sign":"","Measure":{"ID":"29","Sign":"","Signs":{"ID":"","_":"","Language":"EN"}},"Name":{"Value":"Processor family","Language":"EN"}}},{"Localized":0,"ID":750484941,"LocalID":0,"Type":"dropdown","Value":"A16","CategoryFeatureId":"6931","CategoryFeatureGroupID":"830","SortNo":"800","PresentationValue":"A16","RawValue":"A16","LocalValue":"A16","Description":"The model number for the processor in a computer.","Mandatory":"1","Searchable":"0","Optional":"0","Feature":{"ID":"47","Sign":"","Measure":{"ID":"29","Sign":"","Signs":{"ID":"","_":"","Language":"EN"}},"Name":{"Value":"Processor model","Language":"EN"}}},{"Localized":0,"ID":750485167,"LocalID":0,"Type":"numerical","Value":"5","CategoryFeatureId":"57773","CategoryFeatureGroupID":"830","SortNo":"300","PresentationValue":"5","RawValue":"5","LocalValue":"5","Description":"The number of central processing units ('cores') in a processor. Some processors have 1 core, others have 2 (e.g. Intel Core Duo) or more (e.g. the Intel Xeon E7-2850 has 10 cores).","Mandatory":"0","Searchable":"0","Optional":"0","Feature":{"ID":"6089","Sign":"","Measure":{"ID":"29","Sign":"","Signs":{"ID":"","_":"","Language":"EN"}},"Name":{"Value":"Processor cores","Language":"EN"}}},{"Localized":0,"ID":750485371,"LocalID":0,"Type":"y_n","Value":"Y","CategoryFeatureId":"107333","CategoryFeatureGroupID":"830","SortNo":"-11","PresentationValue":"Yes","RawValue":"Y","LocalValue":"Yes","Description":"","Mandatory":"0","Searchable":"0","Optional":"0","Feature":{"ID":"17981","Sign":"","Measure":{"ID":"26","Sign":"","Signs":{"ID":"","_":"","Language":"EN"}},"Name":{"Value":"Coprocessor","Language":"EN"}}},{"Localized":0,"ID":750485379,"LocalID":0,"Type":"dropdown","Value":"Neural Engine","CategoryFeatureId":"107335","CategoryFeatureGroupID":"830","SortNo":"-13","PresentationValue":"Neural Engine","RawValue":"Neural Engine","LocalValue":"Neural Engine","Description":"","Mandatory":"0","Searchable":"0","Optional":"0","Feature":{"ID":"18116","Sign":"","Measure":{"ID":"29","Sign":"","Signs":{"ID":"","_":"","Language":"EN"}},"Name":{"Value":"Coprocessor model","Language":"EN"}}},{"Localized":0,"ID":750485375,"LocalID":0,"Type":"numerical","Value":"16","CategoryFeatureId":"107337","CategoryFeatureGroupID":"830","SortNo":"-15","PresentationValue":"16","RawValue":"16","LocalValue":"16","Description":"","Mandatory":"0","Searchable":"0","Optional":"0","Feature":{"ID":"17983","Sign":"","Measure":{"ID":"29","Sign":"","Signs":{"ID":"","_":"","Language":"EN"}},"Name":{"Value":"Coprocessor cores","Language":"EN"}}}]},{"ID":4142,"SortNo":"92","FeatureGroup":{"ID":"47","Name":{"Value":"Storage","Language":"EN"}},"Features":[{"Localized":0,"ID":750485234,"LocalID":0,"Type":"numerical","Value":"256","CategoryFeatureId":"71618","CategoryFeatureGroupID":"4142","SortNo":"402","PresentationValue":"256 GB","RawValue":"256","LocalValue":"256","Description":"The amount e.g of data which can be stored inside the device.","Mandatory":"1","Searchable":"1","Optional":"0","Feature":{"ID":"8730","Sign":"","Measure":{"ID":"20","Sign":"","Signs":{"ID":"7","_":"GB","Language":"EN"}},"Name":{"Value":"Internal storage capacity","Language":"EN"}}},{"Localized":0,"ID":750485137,"LocalID":0,"Type":"y_n","Value":"N","CategoryFeatureId":"21005","CategoryFeatureGroupID":"4142","SortNo":"20","PresentationValue":"No","RawValue":"N","LocalValue":"No","Description":"A card reader is a device that enables reading and, in some cases, writing data to and from a memory card.","Mandatory":"1","Searchable":"1","Optional":"0","Feature":{"ID":"3374","Sign":"","Measure":{"ID":"26","Sign":"","Signs":{"ID":"","_":"","Language":"EN"}},"Name":{"Value":"Card reader integrated","Language":"EN"}}},{"Localized":0,"ID":750485308,"LocalID":0,"Type":"dropdown","Value":"Flash","CategoryFeatureId":"105669","CategoryFeatureGroupID":"4142","SortNo":"5","PresentationValue":"Flash","RawValue":"Flash","LocalValue":"Flash","Description":"Used for the storage of data e.g. HDD (hard disk drive), SSD (solid-state drive).","Mandatory":"1","Searchable":"0","Optional":"0","Feature":{"ID":"11441","Sign":"","Measure":{"ID":"29","Sign":"","Signs":{"ID":"","_":"","Language":"EN"}},"Name":{"Value":"Storage media","Language":"EN"}}}]},{"ID":8329,"SortNo":"86","FeatureGroup":{"ID":"163","Name":{"Value":"Graphics","Language":"EN"}},"Features":[{"Localized":0,"ID":750485187,"LocalID":0,"Type":"multi_dropdown","Value":"Apple","CategoryFeatureId":"46082","CategoryFeatureGroupID":"8329","SortNo":"40","PresentationValue":"Apple","RawValue":"Apple","LocalValue":"Apple","Description":"","Mandatory":"0","Searchable":"0","Optional":"0","Feature":{"ID":"7490","Sign":"","Measure":{"ID":"29","Sign":"","Signs":{"ID":"","_":"","Language":"EN"}},"Name":{"Value":"Graphics card family","Language":"EN"}}},{"Localized":0,"ID":750485451,"LocalID":0,"Type":"dropdown","Value":"4","CategoryFeatureId":"291775","CategoryFeatureGroupID":"8329","SortNo":"17","PresentationValue":"4","RawValue":"4","LocalValue":"4","Description":"","Mandatory":"0","Searchable":"0","Optional":"0","Feature":{"ID":"37530","Sign":"","Measure":{"ID":"29","Sign":"","Signs":{"ID":"","_":"","Language":"EN"}},"Name":{"Value":"Graphics card cores","Language":"EN"}}}]},{"ID":846,"SortNo":"82","FeatureGroup":{"ID":"9","Name":{"Value":"Audio","Language":"EN"}},"Features":[{"Localized":0,"ID":750485108,"LocalID":0,"Type":"numerical","Value":"2","CategoryFeatureId":"20063","CategoryFeatureGroupID":"846","SortNo":"19","PresentationValue":"2","RawValue":"2","LocalValue":"2","Description":"","Mandatory":"0","Searchable":"0","Optional":"0","Feature":{"ID":"1851","Sign":"","Measure":{"ID":"29","Sign":"","Signs":{"ID":"","_":"","Language":"EN"}},"Name":{"Value":"Number of built-in speakers","Language":"EN"}}},{"Localized":0,"ID":750485182,"LocalID":0,"Type":"numerical","Value":"2","CategoryFeatureId":"317067","CategoryFeatureGroupID":"846","SortNo":"18","PresentationValue":"2","RawValue":"2","LocalValue":"2","Description":"","Mandatory":"0","Searchable":"0","Optional":"0","Feature":{"ID":"7252","Sign":"","Measure":{"ID":"29","Sign":"","Signs":{"ID":"","_":"","Language":"EN"}},"Name":{"Value":"Number of microphones","Language":"EN"}}},{"Localized":0,"ID":750616663,"LocalID":0,"Type":"multi_dropdown","Value":"Dolby Atmos,Dolby Digital,Dolby Digital Plus","CategoryFeatureId":"952656","CategoryFeatureGroupID":"846","SortNo":"0","PresentationValue":"Dolby Atmos, Dolby Digital, Dolby Digital Plus","RawValue":"Dolby Atmos,Dolby Digital,Dolby Digital Plus","LocalValue":"Dolby Atmos, Dolby Digital, Dolby Digital Plus","Description":"","Mandatory":"0","Searchable":"0","Optional":"0","Feature":{"ID":"8028","Sign":"","Measure":{"ID":"29","Sign":"","Signs":{"ID":"","_":"","Language":"EN"}},"Name":{"Value":"Dolby technologies","Language":"EN"}}}]},{"ID":4346,"SortNo":"80","FeatureGroup":{"ID":"95","Name":{"Value":"Camera","Language":"EN"}},"Features":[{"Localized":0,"ID":750485413,"LocalID":0,"Type":"dropdown","Value":"Single camera","CategoryFeatureId":"331455","CategoryFeatureGroupID":"4346","SortNo":"100","PresentationValue":"Single camera","RawValue":"Single camera","LocalValue":"Single camera","Description":"Indicates the type of the camera at the back of the product, dual or single.","Mandatory":"1","Searchable":"1","Optional":"0","Feature":{"ID":"27587","Sign":"","Measure":{"ID":"29","Sign":"","Signs":{"ID":"","_":"","Language":"EN"}},"Name":{"Value":"Rear camera type","Language":"EN"}}},{"Localized":0,"ID":750485316,"LocalID":0,"Type":"numerical","Value":"12","CategoryFeatureId":"80813","CategoryFeatureGroupID":"4346","SortNo":"90","PresentationValue":"12 MP","RawValue":"12","LocalValue":"12","Description":"The resolution of the images produced with the rear camera, given in MP (megapixel. 1 MP = 1 million pixels).","Mandatory":"1","Searchable":"0","Optional":"0","Feature":{"ID":"12435","Sign":"","Measure":{"ID":"165","Sign":"","Signs":{"ID":"3126","_":"MP","Language":"EN"}},"Name":{"Value":"Rear camera resolution (numeric)","Language":"EN"}}},{"Localized":0,"ID":750485416,"LocalID":0,"Type":"numerical","Value":"1.8","CategoryFeatureId":"211145","CategoryFeatureGroupID":"4346","SortNo":"50","PresentationValue":"1.8","RawValue":"1.8","LocalValue":"1.8","Description":"","Mandatory":"0","Searchable":"0","Optional":"0","Feature":{"ID":"27597","Sign":"","Measure":{"ID":"29","Sign":"","Signs":{"ID":"","_":"","Language":"EN"}},"Name":{"Value":"Rear camera aperture number","Language":"EN"}}},{"Localized":0,"ID":750485465,"LocalID":0,"Type":"dropdown","Value":"5-element lens","CategoryFeatureId":"929793","CategoryFeatureGroupID":"4346","SortNo":"45","PresentationValue":"5-element lens","RawValue":"5-element lens","LocalValue":"5-element lens","Description":"","Mandatory":"0","Searchable":"0","Optional":"0","Feature":{"ID":"42442","Sign":"","Measure":{"ID":"29","Sign":"","Signs":{"ID":"","_":"","Language":"EN"}},"Name":{"Value":"Rear camera lens elements","Language":"EN"}}},{"Localized":0,"ID":750484947,"LocalID":0,"Type":"numerical","Value":"5","CategoryFeatureId":"57793","CategoryFeatureGroupID":"4346","SortNo":"34","PresentationValue":"5x","RawValue":"5","LocalValue":"5","Description":"Indicates the digital zoom capacity, the number of times that the picture is enlarged thanks to digital technology.","Mandatory":"0","Searchable":"0","Optional":"0","Feature":{"ID":"48","Sign":"","Measure":{"ID":"33","Sign":"","Signs":{"ID":"17","_":"x","Language":"EN"}},"Name":{"Value":"Digital zoom","Language":"EN"}}},{"Localized":0,"ID":750485067,"LocalID":0,"Type":"y_n","Value":"Y","CategoryFeatureId":"50079","CategoryFeatureGroupID":"4346","SortNo":"33","PresentationValue":"Yes","RawValue":"Y","LocalValue":"Yes","Description":"Device focusing a camera or other piece of equipment automatically.","Mandatory":"0","Searchable":"0","Optional":"0","Feature":{"ID":"1614","Sign":"","Measure":{"ID":"26","Sign":"","Signs":{"ID":"","_":"","Language":"EN"}},"Name":{"Value":"Auto focus","Language":"EN"}}},{"Localized":0,"ID":750485145,"LocalID":0,"Type":"y_n","Value":"Y","CategoryFeatureId":"929794","CategoryFeatureGroupID":"4346","SortNo":"33","PresentationValue":"Yes","RawValue":"Y","LocalValue":"Yes","Description":"","Mandatory":"0","Searchable":"0","Optional":"0","Feature":{"ID":"3711","Sign":"","Measure":{"ID":"26","Sign":"","Signs":{"ID":"","_":"","Language":"EN"}},"Name":{"Value":"Panorama","Language":"EN"}}},{"Localized":0,"ID":750485423,"LocalID":0,"Type":"y_n","Value":"Y","CategoryFeatureId":"929795","CategoryFeatureGroupID":"4346","SortNo":"33","PresentationValue":"Yes","RawValue":"Y","LocalValue":"Yes","Description":"","Mandatory":"0","Searchable":"0","Optional":"0","Feature":{"ID":"28715","Sign":"","Measure":{"ID":"26","Sign":"","Signs":{"ID":"","_":"","Language":"EN"}},"Name":{"Value":"Time lapse mode","Language":"EN"}}},{"Localized":0,"ID":750616638,"LocalID":0,"Type":"y_n","Value":"Y","CategoryFeatureId":"211147","CategoryFeatureGroupID":"4346","SortNo":"31","PresentationValue":"Yes","RawValue":"Y","LocalValue":"Yes","Description":"This camera function compensates for slight shaking movements caused by an unstable position and ensures smooth footage even in suboptimal conditions.","Mandatory":"0","Searchable":"0","Optional":"0","Feature":{"ID":"1578","Sign":"","Measure":{"ID":"26","Sign":"","Signs":{"ID":"","_":"","Language":"EN"}},"Name":{"Value":"Image stabilizer","Language":"EN"}}},{"Localized":0,"ID":750485447,"LocalID":0,"Type":"y_n","Value":"Y","CategoryFeatureId":"952681","CategoryFeatureGroupID":"4346","SortNo":"31","PresentationValue":"Yes","RawValue":"Y","LocalValue":"Yes","Description":"","Mandatory":"0","Searchable":"0","Optional":"0","Feature":{"ID":"36310","Sign":"","Measure":{"ID":"26","Sign":"","Signs":{"ID":"","_":"","Language":"EN"}},"Name":{"Value":"High Dynamic Range (HDR) supported","Language":"EN"}}},{"Localized":0,"ID":750485455,"LocalID":0,"Type":"dropdown","Value":"Dolby Vision,High Dynamic Range 10 (HDR10),Smart HDR 4","CategoryFeatureId":"952643","CategoryFeatureGroupID":"4346","SortNo":"30","PresentationValue":"Dolby Vision, High Dynamic Range 10 (HDR10), Smart HDR 4","RawValue":"Dolby Vision,High Dynamic Range 10 (HDR10),Smart HDR 4","LocalValue":"Dolby Vision, High Dynamic Range 10 (HDR10), Smart HDR 4","Description":"","Mandatory":"0","Searchable":"0","Optional":"0","Feature":{"ID":"40712","Sign":"","Measure":{"ID":"29","Sign":"","Signs":{"ID":"","_":"","Language":"EN"}},"Name":{"Value":"High Dynamic Range (HDR) technology","Language":"EN"}}},{"Localized":0,"ID":750485508,"LocalID":0,"Type":"y_n","Value":"Y","CategoryFeatureId":"952646","CategoryFeatureGroupID":"4346","SortNo":"30","PresentationValue":"Yes","RawValue":"Y","LocalValue":"Yes","Description":"","Mandatory":"0","Searchable":"0","Optional":"0","Feature":{"ID":"47944","Sign":"","Measure":{"ID":"26","Sign":"","Signs":{"ID":"","_":"","Language":"EN"}},"Name":{"Value":"Cinematic video stabilization","Language":"EN"}}},{"Localized":0,"ID":750485223,"LocalID":0,"Type":"y_n","Value":"Y","CategoryFeatureId":"57776","CategoryFeatureGroupID":"4346","SortNo":"29","PresentationValue":"Yes","RawValue":"Y","LocalValue":"Yes","Description":"Recording moving visual images.","Mandatory":"0","Searchable":"0","Optional":"0","Feature":{"ID":"8649","Sign":"","Measure":{"ID":"26","Sign":"","Signs":{"ID":"","_":"","Language":"EN"}},"Name":{"Value":"Video recording","Language":"EN"}}},{"Localized":0,"ID":750485190,"LocalID":0,"Type":"2d","Value":"3840 x 2160","CategoryFeatureId":"57784","CategoryFeatureGroupID":"4346","SortNo":"29","PresentationValue":"3840 x 2160 pixels","RawValue":"3840 x 2160","LocalValue":"3840 x 2160","Description":"This is the maximum resolution of video images. Resolution is a measure of the degree of detail visible.","Mandatory":"0","Searchable":"0","Optional":"0","Feature":{"ID":"7514","Sign":"","Measure":{"ID":"39","Sign":"","Signs":{"ID":"23","_":"pixels","Language":"EN"}},"Name":{"Value":"Maximum video resolution","Language":"EN"}}},{"Localized":0,"ID":750485244,"LocalID":0,"Type":"multi_dropdown","Value":"720p,1080p,2160p","CategoryFeatureId":"95612","CategoryFeatureGroupID":"4346","SortNo":"29","PresentationValue":"720p, 1080p, 2160p","RawValue":"720p,1080p,2160p","LocalValue":"720p, 1080p, 2160p","Description":"","Mandatory":"0","Searchable":"0","Optional":"0","Feature":{"ID":"8745","Sign":"","Measure":{"ID":"29","Sign":"","Signs":{"ID":"","_":"","Language":"EN"}},"Name":{"Value":"Video recording modes","Language":"EN"}}},{"Localized":0,"ID":750485125,"LocalID":0,"Type":"multi_dropdown","Value":"1280x720@30fps,1280x720@60fps,1920x1080@25fps,1920x1080@30fps,1920x1080@60fps,3840x2160@24fps,3840x2160@25fps,3840x2160@30fps,3840x2160@60fps","CategoryFeatureId":"211157","CategoryFeatureGroupID":"4346","SortNo":"29","PresentationValue":"1280x720@30fps, 1280x720@60fps, 1920x1080@25fps, 1920x1080@30fps, 1920x1080@60fps, 3840x2160@24fps, 3840x2160@25fps, 3840x2160@30fps, 3840x2160@60fps","RawValue":"1280x720@30fps,1280x720@60fps,1920x1080@25fps,1920x1080@30fps,1920x1080@60fps,3840x2160@24fps,3840x2160@25fps,3840x2160@30fps,3840x2160@60fps","LocalValue":"1280x720@30fps, 1280x720@60fps, 1920x1080@25fps, 1920x1080@30fps, 1920x1080@60fps, 3840x2160@24fps, 3840x2160@25fps, 3840x2160@30fps, 3840x2160@60fps","Description":"","Mandatory":"0","Searchable":"0","Optional":"0","Feature":{"ID":"2963","Sign":"","Measure":{"ID":"29","Sign":"","Signs":{"ID":"","_":"","Language":"EN"}},"Name":{"Value":"Resolution at capture speed","Language":"EN"}}},{"Localized":0,"ID":750485123,"LocalID":0,"Type":"numerical","Value":"240","CategoryFeatureId":"63466","CategoryFeatureGroupID":"4346","SortNo":"28","PresentationValue":"240 fps","RawValue":"240","LocalValue":"240","Description":"","Mandatory":"0","Searchable":"0","Optional":"0","Feature":{"ID":"2791","Sign":"","Measure":{"ID":"85","Sign":"","Signs":{"ID":"67","_":"fps","Language":"EN"}},"Name":{"Value":"Video capturing speed","Language":"EN"}}},{"Localized":0,"ID":750485254,"LocalID":0,"Type":"y_n","Value":"Y","CategoryFeatureId":"95613","CategoryFeatureGroupID":"4346","SortNo":"27","PresentationValue":"Yes","RawValue":"Y","LocalValue":"Yes","Description":"","Mandatory":"0","Searchable":"0","Optional":"0","Feature":{"ID":"8746","Sign":"","Measure":{"ID":"26","Sign":"","Signs":{"ID":"","_":"","Language":"EN"}},"Name":{"Value":"Video stabilizer","Language":"EN"}}},{"Localized":0,"ID":750485322,"LocalID":0,"Type":"y_n","Value":"Y","CategoryFeatureId":"80815","CategoryFeatureGroupID":"4346","SortNo":"22","PresentationValue":"Yes","RawValue":"Y","LocalValue":"Yes","Description":"Camera at the front of the product.","Mandatory":"1","Searchable":"0","Optional":"0","Feature":{"ID":"12436","Sign":"","Measure":{"ID":"26","Sign":"","Signs":{"ID":"","_":"","Language":"EN"}},"Name":{"Value":"Front camera","Language":"EN"}}},{"Localized":0,"ID":750485330,"LocalID":0,"Type":"numerical","Value":"12","CategoryFeatureId":"80816","CategoryFeatureGroupID":"4346","SortNo":"21","PresentationValue":"12 MP","RawValue":"12","LocalValue":"12","Description":"","Mandatory":"0","Searchable":"0","Optional":"0","Feature":{"ID":"12437","Sign":"","Measure":{"ID":"165","Sign":"","Signs":{"ID":"3126","_":"MP","Language":"EN"}},"Name":{"Value":"Front camera resolution (numeric)","Language":"EN"}}},{"Localized":0,"ID":750485418,"LocalID":0,"Type":"numerical","Value":"2.4","CategoryFeatureId":"211144","CategoryFeatureGroupID":"4346","SortNo":"21","PresentationValue":"2.4","RawValue":"2.4","LocalValue":"2.4","Description":"","Mandatory":"0","Searchable":"0","Optional":"0","Feature":{"ID":"27601","Sign":"","Measure":{"ID":"29","Sign":"","Signs":{"ID":"","_":"","Language":"EN"}},"Name":{"Value":"Front camera aperture number","Language":"EN"}}},{"Localized":0,"ID":750485521,"LocalID":0,"Type":"y_n","Value":"Y","CategoryFeatureId":"968133","CategoryFeatureGroupID":"4346","SortNo":"20","PresentationValue":"Yes","RawValue":"Y","LocalValue":"Yes","Description":"","Mandatory":"0","Searchable":"0","Optional":"0","Feature":{"ID":"48309","Sign":"","Measure":{"ID":"26","Sign":"","Signs":{"ID":"","_":"","Language":"EN"}},"Name":{"Value":"Lens correction","Language":"EN"}}},{"Localized":0,"ID":750485431,"LocalID":0,"Type":"y_n","Value":"Y","CategoryFeatureId":"211158","CategoryFeatureGroupID":"4346","SortNo":"19","PresentationValue":"Yes","RawValue":"Y","LocalValue":"Yes","Description":"","Mandatory":"0","Searchable":"0","Optional":"0","Feature":{"ID":"31439","Sign":"","Measure":{"ID":"26","Sign":"","Signs":{"ID":"","_":"","Language":"EN"}},"Name":{"Value":"Screen flash","Language":"EN"}}},{"Localized":0,"ID":750485226,"LocalID":0,"Type":"y_n","Value":"Y","CategoryFeatureId":"95611","CategoryFeatureGroupID":"4346","SortNo":"18","PresentationValue":"Yes","RawValue":"Y","LocalValue":"Yes","Description":"","Mandatory":"0","Searchable":"0","Optional":"0","Feature":{"ID":"8697","Sign":"","Measure":{"ID":"26","Sign":"","Signs":{"ID":"","_":"","Language":"EN"}},"Name":{"Value":"Geotagging","Language":"EN"}}},{"Localized":0,"ID":750485503,"LocalID":0,"Type":"y_n","Value":"Y","CategoryFeatureId":"952645","CategoryFeatureGroupID":"4346","SortNo":"0","PresentationValue":"Yes","RawValue":"Y","LocalValue":"Yes","Description":"","Mandatory":"0","Searchable":"0","Optional":"0","Feature":{"ID":"47943","Sign":"","Measure":{"ID":"26","Sign":"","Signs":{"ID":"","_":"","Language":"EN"}},"Name":{"Value":"Burst mode","Language":"EN"}}},{"Localized":0,"ID":750485524,"LocalID":0,"Type":"y_n","Value":"Y","CategoryFeatureId":"968132","CategoryFeatureGroupID":"4346","SortNo":"0","PresentationValue":"Yes","RawValue":"Y","LocalValue":"Yes","Description":"","Mandatory":"0","Searchable":"0","Optional":"0","Feature":{"ID":"48398","Sign":"","Measure":{"ID":"26","Sign":"","Signs":{"ID":"","_":"","Language":"EN"}},"Name":{"Value":"Playback zoom","Language":"EN"}}},{"Localized":0,"ID":750485513,"LocalID":0,"Type":"y_n","Value":"Y","CategoryFeatureId":"1085080","CategoryFeatureGroupID":"4346","SortNo":"0","PresentationValue":"Yes","RawValue":"Y","LocalValue":"Yes","Description":"","Mandatory":"0","Searchable":"0","Optional":"0","Feature":{"ID":"48209","Sign":"","Measure":{"ID":"26","Sign":"","Signs":{"ID":"","_":"","Language":"EN"}},"Name":{"Value":"Slow motion mode","Language":"EN"}}},{"Localized":0,"ID":750485516,"LocalID":0,"Type":"textarea","Value":"1080p at 120 fps or 240 fps","CategoryFeatureId":"1085081","CategoryFeatureGroupID":"4346","SortNo":"0","PresentationValue":"1080p at 120 fps or 240 fps","RawValue":"1080p at 120 fps or 240 fps","LocalValue":"1080p at 120 fps or 240 fps","Description":"","Mandatory":"0","Searchable":"0","Optional":"0","Feature":{"ID":"48210","Sign":"","Measure":{"ID":"29","Sign":"","Signs":{"ID":"","_":"","Language":"EN"}},"Name":{"Value":"Slow motion rate","Language":"EN"}}},{"Localized":0,"ID":750485555,"LocalID":0,"Type":"y_n","Value":"Y","CategoryFeatureId":"1085082","CategoryFeatureGroupID":"4346","SortNo":"0","PresentationValue":"Yes","RawValue":"Y","LocalValue":"Yes","Description":"","Mandatory":"0","Searchable":"0","Optional":"0","Feature":{"ID":"48723","Sign":"","Measure":{"ID":"26","Sign":"","Signs":{"ID":"","_":"","Language":"EN"}},"Name":{"Value":"Center Stage","Language":"EN"}}},{"Localized":0,"ID":750485492,"LocalID":0,"Type":"dropdown","Value":"HEIF,JPEG","CategoryFeatureId":"952677","CategoryFeatureGroupID":"4346","SortNo":"-1","PresentationValue":"HEIF, JPEG","RawValue":"HEIF,JPEG","LocalValue":"HEIF, JPEG","Description":"","Mandatory":"0","Searchable":"0","Optional":"0","Feature":{"ID":"45975","Sign":"","Measure":{"ID":"29","Sign":"","Signs":{"ID":"","_":"","Language":"EN"}},"Name":{"Value":"Camera image formats supported","Language":"EN"}}},{"Localized":0,"ID":750616677,"LocalID":0,"Type":"y_n","Value":"Y","CategoryFeatureId":"952679","CategoryFeatureGroupID":"4346","SortNo":"-1","PresentationValue":"Yes","RawValue":"Y","LocalValue":"Yes","Description":"","Mandatory":"0","Searchable":"0","Optional":"0","Feature":{"ID":"46540","Sign":"","Measure":{"ID":"26","Sign":"","Signs":{"ID":"","_":"","Language":"EN"}},"Name":{"Value":"Camera High Dynamic Range (HDR) mode","Language":"EN"}}},{"Localized":0,"ID":750485496,"LocalID":0,"Type":"dropdown","Value":"H.264,HEVC","CategoryFeatureId":"952678","CategoryFeatureGroupID":"4346","SortNo":"-2","PresentationValue":"H.264, HEVC","RawValue":"H.264,HEVC","LocalValue":"H.264, HEVC","Description":"","Mandatory":"0","Searchable":"0","Optional":"0","Feature":{"ID":"45979","Sign":"","Measure":{"ID":"29","Sign":"","Signs":{"ID":"","_":"","Language":"EN"}},"Name":{"Value":"Camera video formats supported","Language":"EN"}}}]},{"ID":2678,"SortNo":"74","FeatureGroup":{"ID":"35","Name":{"Value":"Network","Language":"EN"}},"Features":[{"Localized":0,"ID":750485453,"LocalID":0,"Type":"dropdown","Value":"Not supported","CategoryFeatureId":"328665","CategoryFeatureGroupID":"2678","SortNo":"10000405","PresentationValue":"Not supported","RawValue":"Not supported","LocalValue":"Not supported","Description":"","Mandatory":"0","Searchable":"0","Optional":"0","Feature":{"ID":"40629","Sign":"","Measure":{"ID":"29","Sign":"","Signs":{"ID":"","_":"","Language":"EN"}},"Name":{"Value":"Mobile network generation","Language":"EN"}}},{"Localized":0,"ID":750485402,"LocalID":0,"Type":"y_n","Value":"N","CategoryFeatureId":"328664","CategoryFeatureGroupID":"2678","SortNo":"410","PresentationValue":"No","RawValue":"N","LocalValue":"No","Description":"","Mandatory":"1","Searchable":"1","Optional":"0","Feature":{"ID":"24557","Sign":"","Measure":{"ID":"26","Sign":"","Signs":{"ID":"","_":"","Language":"EN"}},"Name":{"Value":"Mobile network connection","Language":"EN"}}},{"Localized":0,"ID":750485115,"LocalID":0,"Type":"y_n","Value":"Y","CategoryFeatureId":"21000","CategoryFeatureGroupID":"2678","SortNo":"300","PresentationValue":"Yes","RawValue":"Y","LocalValue":"Yes","Description":"Bluetooth is a low-power radio technology developed to replace the cables and wires currently used to link or connect electronic devices such as personal computers, printers, and a wide variety of handheld devices including mobile phones. Because it uses radio-wave connectivity, a Bluetooth-enabled device has a constant, established connection to whatever browser it uses. This saves the user the trouble of logging on to check for emails or news updates, for example.","Mandatory":"0","Searchable":"0","Optional":"0","Feature":{"ID":"2183","Sign":"","Measure":{"ID":"26","Sign":"","Signs":{"ID":"","_":"","Language":"EN"}},"Name":{"Value":"Bluetooth","Language":"EN"}}},{"Localized":0,"ID":750485043,"LocalID":0,"Type":"dropdown","Value":"5.3","CategoryFeatureId":"21001","CategoryFeatureGroupID":"2678","SortNo":"299","PresentationValue":"5.3","RawValue":"5.3","LocalValue":"5.3","Description":"The type of bluetooth technology in the product e.g. Bluetooth Smart (v4.0).","Mandatory":"0","Searchable":"0","Optional":"0","Feature":{"ID":"1208","Sign":"","Measure":{"ID":"29","Sign":"","Signs":{"ID":"","_":"","Language":"EN"}},"Name":{"Value":"Bluetooth version","Language":"EN"}}},{"Localized":0,"ID":750485405,"LocalID":0,"Type":"dropdown","Value":"Wi-Fi 6 (802.11ax)","CategoryFeatureId":"169236","CategoryFeatureGroupID":"2678","SortNo":"85","PresentationValue":"Wi-Fi 6 (802.11ax)","RawValue":"Wi-Fi 6 (802.11ax)","LocalValue":"Wi-Fi 6 (802.11ax)","Description":"Connection of this device is done via Wi-Fi in a high standard.","Mandatory":"1","Searchable":"0","Optional":"0","Feature":{"ID":"24993","Sign":"","Measure":{"ID":"29","Sign":"","Signs":{"ID":"","_":"","Language":"EN"}},"Name":{"Value":"Top Wi-Fi standard","Language":"EN"}}},{"Localized":0,"ID":750484974,"LocalID":0,"Type":"multi_dropdown","Value":"Wi-Fi 6 (802.11ax)","CategoryFeatureId":"50074","CategoryFeatureGroupID":"2678","SortNo":"49","PresentationValue":"Wi-Fi 6 (802.11ax)","RawValue":"Wi-Fi 6 (802.11ax)","LocalValue":"Wi-Fi 6 (802.11ax)","Description":"The type of wireless local area network (LAN). It can be ad-hoc, where units in a network communicate peer-to-peer, or Infrastructure, where units communicate with each other via an access point  A LAN interconnects computers in a small area e.g. home, school or office.","Mandatory":"0","Searchable":"0","Optional":"0","Feature":{"ID":"432","Sign":"","Measure":{"ID":"29","Sign":"","Signs":{"ID":"","_":"","Language":"EN"}},"Name":{"Value":"Wi-Fi standards","Language":"EN"}}},{"Localized":0,"ID":750485273,"LocalID":0,"Type":"y_n","Value":"Y","CategoryFeatureId":"57778","CategoryFeatureGroupID":"2678","SortNo":"0","PresentationValue":"Yes","RawValue":"Y","LocalValue":"Yes","Description":"AirPlay (previously called AirTunes when it was for audio only) is a proprietary protocol stack/suite developed by Apple Inc. that allows wireless streaming of audio, video, and photos, together with related metadata between devices. Originally only implemented in Apple's software and devices, Apple has licensed the AirPlay protocol stack as a third-party software component technology to manufacturer partners for them to use in their products in order to be compatible with Apple's iDevices.","Mandatory":"0","Searchable":"0","Optional":"0","Feature":{"ID":"9763","Sign":"","Measure":{"ID":"26","Sign":"","Signs":{"ID":"","_":"","Language":"EN"}},"Name":{"Value":"AirPlay","Language":"EN"}}},{"Localized":0,"ID":750485287,"LocalID":0,"Type":"y_n","Value":"N","CategoryFeatureId":"86021","CategoryFeatureGroupID":"2678","SortNo":"0","PresentationValue":"No","RawValue":"N","LocalValue":"No","Description":"","Mandatory":"0","Searchable":"0","Optional":"0","Feature":{"ID":"10157","Sign":"","Measure":{"ID":"26","Sign":"","Signs":{"ID":"","_":"","Language":"EN"}},"Name":{"Value":"Near Field Communication (NFC)","Language":"EN"}}},{"Localized":0,"ID":750485259,"LocalID":0,"Type":"dropdown","Value":"N","CategoryFeatureId":"54329","CategoryFeatureGroupID":"2678","SortNo":"-2","PresentationValue":"No","RawValue":"N","LocalValue":"No","Description":"","Mandatory":"0","Searchable":"0","Optional":"0","Feature":{"ID":"9166","Sign":"","Measure":{"ID":"29","Sign":"","Signs":{"ID":"","_":"","Language":"EN"}},"Name":{"Value":"SIM card type","Language":"EN"}}}]},{"ID":847,"SortNo":"72","FeatureGroup":{"ID":"12","Name":{"Value":"Ports & interfaces","Language":"EN"}},"Features":[{"Localized":0,"ID":750485444,"LocalID":0,"Type":"numerical","Value":"1","CategoryFeatureId":"258698","CategoryFeatureGroupID":"847","SortNo":"80","PresentationValue":"1","RawValue":"1","LocalValue":"1","Description":"","Mandatory":"0","Searchable":"0","Optional":"0","Feature":{"ID":"36228","Sign":"","Measure":{"ID":"29","Sign":"","Signs":{"ID":"","_":"","Language":"EN"}},"Name":{"Value":"USB 2.0 Type-C ports quantity","Language":"EN"}}},{"Localized":0,"ID":750485427,"LocalID":0,"Type":"y_n","Value":"Y","CategoryFeatureId":"710619","CategoryFeatureGroupID":"847","SortNo":"65","PresentationValue":"Yes","RawValue":"Y","LocalValue":"Yes","Description":"","Mandatory":"0","Searchable":"0","Optional":"0","Feature":{"ID":"31406","Sign":"","Measure":{"ID":"26","Sign":"","Signs":{"ID":"","_":"","Language":"EN"}},"Name":{"Value":"USB Type-C DisplayPort Alternate Mode","Language":"EN"}}},{"Localized":0,"ID":819458757,"LocalID":0,"Type":"dropdown","Value":"Bluetooth / USB-C","CategoryFeatureId":"59406","CategoryFeatureGroupID":"847","SortNo":"0","PresentationValue":"Bluetooth / USB-C","RawValue":"Bluetooth / USB-C","LocalValue":"Bluetooth / USB-C","Description":"How headphones connect to a device e.g. wirelessly or via a cable and connector.","Mandatory":"0","Searchable":"0","Optional":"0","Feature":{"ID":"4163","Sign":"","Measure":{"ID":"29","Sign":"","Signs":{"ID":"","_":"","Language":"EN"}},"Name":{"Value":"Headphone connectivity","Language":"EN"}}}]},{"ID":8332,"SortNo":"52","FeatureGroup":{"ID":"42","Name":{"Value":"Phone features","Language":"EN"}},"Features":[{"Localized":0,"ID":750485285,"LocalID":0,"Type":"y_n","Value":"Y","CategoryFeatureId":"63483","CategoryFeatureGroupID":"8332","SortNo":"0","PresentationValue":"Yes","RawValue":"Y","LocalValue":"Yes","Description":"","Mandatory":"0","Searchable":"0","Optional":"0","Feature":{"ID":"10126","Sign":"","Measure":{"ID":"26","Sign":"","Signs":{"ID":"","_":"","Language":"EN"}},"Name":{"Value":"Voice call","Language":"EN"}}},{"Localized":0,"ID":750485178,"LocalID":0,"Type":"y_n","Value":"Y","CategoryFeatureId":"63484","CategoryFeatureGroupID":"8332","SortNo":"0","PresentationValue":"Yes","RawValue":"Y","LocalValue":"Yes","Description":"Simultaneous video and audio signals to enable people to talk to and see each other in real time.","Mandatory":"0","Searchable":"0","Optional":"0","Feature":{"ID":"7018","Sign":"","Measure":{"ID":"26","Sign":"","Signs":{"ID":"","_":"","Language":"EN"}},"Name":{"Value":"Video call","Language":"EN"}}}]},{"ID":10998,"SortNo":"40","FeatureGroup":{"ID":"148","Name":{"Value":"Design","Language":"EN"}},"Features":[{"Localized":0,"ID":750485122,"LocalID":0,"Type":"dropdown","Value":"Mobile tablet","CategoryFeatureId":"95720","CategoryFeatureGroupID":"10998","SortNo":"500","PresentationValue":"Mobile tablet","RawValue":"Mobile tablet","LocalValue":"Mobile tablet","Description":"Type or category of the device.","Mandatory":"1","Searchable":"0","Optional":"0","Feature":{"ID":"2328","Sign":"","Measure":{"ID":"29","Sign":"","Signs":{"ID":"","_":"","Language":"EN"}},"Name":{"Value":"Device type","Language":"EN"}}},{"Localized":0,"ID":750485162,"LocalID":0,"Type":"dropdown","Value":"Aluminium","CategoryFeatureId":"327763","CategoryFeatureGroupID":"10998","SortNo":"300","PresentationValue":"Aluminium","RawValue":"Aluminium","LocalValue":"Aluminium","Description":"What the casing of the product is made of.","Mandatory":"0","Searchable":"0","Optional":"0","Feature":{"ID":"5214","Sign":"","Measure":{"ID":"29","Sign":"","Signs":{"ID":"","_":"","Language":"EN"}},"Name":{"Value":"Housing material","Language":"EN"}}},{"Localized":0,"ID":750485007,"LocalID":0,"Type":"dropdown","Value":"Slate","CategoryFeatureId":"7141","CategoryFeatureGroupID":"10998","SortNo":"100","PresentationValue":"Slate","RawValue":"Slate","LocalValue":"Slate","Description":"The shape or design of the product.","Mandatory":"1","Searchable":"1","Optional":"0","Feature":{"ID":"771","Sign":"","Measure":{"ID":"29","Sign":"","Signs":{"ID":"","_":"","Language":"EN"}},"Name":{"Value":"Form factor","Language":"EN"}}},{"Localized":0,"ID":750485090,"LocalID":0,"Type":"dropdown","Value":"Blue","CategoryFeatureId":"35294","CategoryFeatureGroupID":"10998","SortNo":"1","PresentationValue":"Blue","RawValue":"Blue","LocalValue":"Blue","Description":"The colour e.g. red, blue, green, black, white.","Mandatory":"1","Searchable":"1","Optional":"0","Feature":{"ID":"1766","Sign":"","Measure":{"ID":"29","Sign":"","Signs":{"ID":"","_":"","Language":"EN"}},"Name":{"Value":"Product colour","Language":"EN"}}}]},{"ID":11000,"SortNo":"30","FeatureGroup":{"ID":"184","Name":{"Value":"Performance","Language":"EN"}},"Features":[{"Localized":0,"ID":750488169,"LocalID":0,"Type":"y_n","Value":"N","CategoryFeatureId":"31225","CategoryFeatureGroupID":"11000","SortNo":"109","PresentationValue":"No","RawValue":"N","LocalValue":"No","Description":"Global Positioning System (GPS) is a space-based satellite navigation system that provides location and time information in all weather conditions, anywhere on or near the Earth where there is an unobstructed line of sight to four or more GPS satellites. The system provides critical capabilities to military, civil and commercial users around the world. It is maintained by the United States government and is freely accessible to anyone with a GPS receiver.","Mandatory":"0","Searchable":"0","Optional":"0","Feature":{"ID":"3329","Sign":"","Measure":{"ID":"26","Sign":"","Signs":{"ID":"","_":"","Language":"EN"}},"Name":{"Value":"GPS (satellite)","Language":"EN"}}},{"Localized":0,"ID":750485434,"LocalID":0,"Type":"y_n","Value":"Y","CategoryFeatureId":"211159","CategoryFeatureGroupID":"11000","SortNo":"108","PresentationValue":"Yes","RawValue":"Y","LocalValue":"Yes","Description":"","Mandatory":"0","Searchable":"0","Optional":"0","Feature":{"ID":"31440","Sign":"","Measure":{"ID":"26","Sign":"","Signs":{"ID":"","_":"","Language":"EN"}},"Name":{"Value":"iBeacon","Language":"EN"}}},{"Localized":0,"ID":750485238,"LocalID":0,"Type":"y_n","Value":"Y","CategoryFeatureId":"291777","CategoryFeatureGroupID":"11000","SortNo":"107","PresentationValue":"Yes","RawValue":"Y","LocalValue":"Yes","Description":"","Mandatory":"0","Searchable":"0","Optional":"0","Feature":{"ID":"8742","Sign":"","Measure":{"ID":"26","Sign":"","Signs":{"ID":"","_":"","Language":"EN"}},"Name":{"Value":"Wi-Fi positioning","Language":"EN"}}},{"Localized":0,"ID":750485480,"LocalID":0,"Type":"dropdown","Value":"AssistiveTouch,Audio Descriptions,Closed Captions,Live Captions,Magnifier,Real-time text (RTT),Siri and Dictation,Spoken Content,Subtitles,Switch Control,Type to Siri,Voice Control,VoiceOver,Zoom","CategoryFeatureId":"929799","CategoryFeatureGroupID":"11000","SortNo":"107","PresentationValue":"AssistiveTouch, Audio Descriptions, Closed Captions, Live Captions, Magnifier, Real-time text (RTT), Siri and Dictation, Spoken Content, Subtitles, Switch Control, Type to Siri, Voice Control, VoiceOver, Zoom","RawValue":"AssistiveTouch,Audio Descriptions,Closed Captions,Live Captions,Magnifier,Real-time text (RTT),Siri and Dictation,Spoken Content,Subtitles,Switch Control,Type to Siri,Voice Control,VoiceOver,Zoom","LocalValue":"AssistiveTouch, Audio Descriptions, Closed Captions, Live Captions, Magnifier, Real-time text (RTT), Siri and Dictation, Spoken Content, Subtitles, Switch Control, Type to Siri, Voice Control, VoiceOver, Zoom","Description":"","Mandatory":"0","Searchable":"0","Optional":"0","Feature":{"ID":"43091","Sign":"","Measure":{"ID":"29","Sign":"","Signs":{"ID":"","_":"","Language":"EN"}},"Name":{"Value":"Accessibility features","Language":"EN"}}},{"Localized":0,"ID":750485263,"LocalID":0,"Type":"y_n","Value":"Y","CategoryFeatureId":"57378","CategoryFeatureGroupID":"11000","SortNo":"20","PresentationValue":"Yes","RawValue":"Y","LocalValue":"Yes","Description":"","Mandatory":"0","Searchable":"0","Optional":"0","Feature":{"ID":"9731","Sign":"","Measure":{"ID":"26","Sign":"","Signs":{"ID":"","_":"","Language":"EN"}},"Name":{"Value":"Accelerometer","Language":"EN"}}},{"Localized":0,"ID":750485229,"LocalID":0,"Type":"y_n","Value":"Y","CategoryFeatureId":"56973","CategoryFeatureGroupID":"11000","SortNo":"18","PresentationValue":"Yes","RawValue":"Y","LocalValue":"Yes","Description":"","Mandatory":"0","Searchable":"0","Optional":"0","Feature":{"ID":"8720","Sign":"","Measure":{"ID":"26","Sign":"","Signs":{"ID":"","_":"","Language":"EN"}},"Name":{"Value":"Ambient light sensor","Language":"EN"}}},{"Localized":0,"ID":750485267,"LocalID":0,"Type":"y_n","Value":"Y","CategoryFeatureId":"57379","CategoryFeatureGroupID":"11000","SortNo":"16","PresentationValue":"Yes","RawValue":"Y","LocalValue":"Yes","Description":"","Mandatory":"0","Searchable":"0","Optional":"0","Feature":{"ID":"9732","Sign":"","Measure":{"ID":"26","Sign":"","Signs":{"ID":"","_":"","Language":"EN"}},"Name":{"Value":"Gyroscope","Language":"EN"}}},{"Localized":0,"ID":750485084,"LocalID":0,"Type":"y_n","Value":"Y","CategoryFeatureId":"54335","CategoryFeatureGroupID":"11000","SortNo":"1","PresentationValue":"Yes","RawValue":"Y","LocalValue":"Yes","Description":"Electronic instrument used for navigation that shows directions in a frame of reference (north, south, east, west) that is stationary relative to the surface of the earth.","Mandatory":"0","Searchable":"0","Optional":"0","Feature":{"ID":"1733","Sign":"","Measure":{"ID":"26","Sign":"","Signs":{"ID":"","_":"","Language":"EN"}},"Name":{"Value":"Electronic compass","Language":"EN"}}},{"Localized":0,"ID":750485193,"LocalID":0,"Type":"y_n","Value":"Y","CategoryFeatureId":"107774","CategoryFeatureGroupID":"11000","SortNo":"1","PresentationValue":"Yes","RawValue":"Y","LocalValue":"Yes","Description":"","Mandatory":"0","Searchable":"0","Optional":"0","Feature":{"ID":"7609","Sign":"","Measure":{"ID":"26","Sign":"","Signs":{"ID":"","_":"","Language":"EN"}},"Name":{"Value":"Barometer","Language":"EN"}}},{"Localized":0,"ID":750485409,"LocalID":0,"Type":"y_n","Value":"Y","CategoryFeatureId":"166075","CategoryFeatureGroupID":"11000","SortNo":"0","PresentationValue":"Yes","RawValue":"Y","LocalValue":"Yes","Description":"Whether the navigation system can locate the phone's position.","Mandatory":"1","Searchable":"1","Optional":"0","Feature":{"ID":"26425","Sign":"","Measure":{"ID":"26","Sign":"","Signs":{"ID":"","_":"","Language":"EN"}},"Name":{"Value":"Position location","Language":"EN"}}}]},{"ID":29709,"SortNo":"29","FeatureGroup":{"ID":"75","Name":{"Value":"Security","Language":"EN"}},"Features":[{"Localized":0,"ID":750485141,"LocalID":0,"Type":"y_n","Value":"Y","CategoryFeatureId":"31233","CategoryFeatureGroupID":"29709","SortNo":"70","PresentationValue":"Yes","RawValue":"Y","LocalValue":"Yes","Description":"A scanner used to identify a person's fingerprint for security purposes. After a sample is taken, access to a computer or other system is granted if the fingerprint matches the stored sample. A PIN may also be used with the fingerprint sample.","Mandatory":"0","Searchable":"0","Optional":"0","Feature":{"ID":"3577","Sign":"","Measure":{"ID":"26","Sign":"","Signs":{"ID":"","_":"","Language":"EN"}},"Name":{"Value":"Fingerprint reader","Language":"EN"}}}]},{"ID":12019,"SortNo":"25","FeatureGroup":{"ID":"90","Name":{"Value":"Software","Language":"EN"}},"Features":[{"Localized":0,"ID":750484954,"LocalID":0,"Type":"dropdown","Value":"iPadOS","CategoryFeatureId":"164597","CategoryFeatureGroupID":"12019","SortNo":"101","PresentationValue":"iPadOS","RawValue":"iPadOS","LocalValue":"iPadOS","Description":"Description of a technology platform including a processor, chipset, platform software and wired networking capabilities.","Mandatory":"1","Searchable":"1","Optional":"0","Feature":{"ID":"75","Sign":"","Measure":{"ID":"29","Sign":"","Signs":{"ID":"","_":"","Language":"EN"}},"Name":{"Value":"Platform","Language":"EN"}}},{"Localized":0,"ID":750485438,"LocalID":0,"Type":"dropdown","Value":"Apple Siri","CategoryFeatureId":"211165","CategoryFeatureGroupID":"12019","SortNo":"95","PresentationValue":"Apple Siri","RawValue":"Apple Siri","LocalValue":"Apple Siri","Description":"Depending on the make of the device, a different application is pre-installed that can understand voice commands and complete tasks for a user, e.g. Apple Siri, Amazon Alexa.","Mandatory":"0","Searchable":"0","Optional":"0","Feature":{"ID":"31445","Sign":"","Measure":{"ID":"29","Sign":"","Signs":{"ID":"","_":"","Language":"EN"}},"Name":{"Value":"Virtual assistant","Language":"EN"}}},{"Localized":0,"ID":750485133,"LocalID":0,"Type":"dropdown","Value":"iPadOS 18","CategoryFeatureId":"20706","CategoryFeatureGroupID":"12019","SortNo":"84","PresentationValue":"iPadOS 18","RawValue":"iPadOS 18","LocalValue":"iPadOS 18","Description":"Type of operating system on a device e.g. IOS on Apple devices, Android for mobile devices.","Mandatory":"1","Searchable":"1","Optional":"0","Feature":{"ID":"3233","Sign":"","Measure":{"ID":"29","Sign":"","Signs":{"ID":"","_":"","Language":"EN"}},"Name":{"Value":"Operating system installed","Language":"EN"}}},{"Localized":0,"ID":750484966,"LocalID":0,"Type":"textarea","Value":"App Store, Books, Calendar, Camera, Clock, Contacts, FaceTime, Files, Find My, Home, iTunes Store, Magnifier, Mail, Maps, Measure, Messages, Music, News, Notes, Photo Booth, Photos, Podcasts, Reminders, Safari, Settings, Shortcuts, Siri, Stocks, Tips\nTranslate, TV, Voice Memos, Weather","CategoryFeatureId":"16574","CategoryFeatureGroupID":"12019","SortNo":"0","PresentationValue":"App Store, Books, Calendar, Camera, Clock, Contacts, FaceTime, Files, Find My, Home, iTunes Store, Magnifier, Mail, Maps, Measure, Messages, Music, News, Notes, Photo Booth, Photos, Podcasts, Reminders, Safari, Settings, Shortcuts, Siri, Stocks, Tips\nTranslate, TV, Voice Memos, Weather","RawValue":"App Store, Books, Calendar, Camera, Clock, Contacts, FaceTime, Files, Find My, Home, iTunes Store, Magnifier, Mail, Maps, Measure, Messages, Music, News, Notes, Photo Booth, Photos, Podcasts, Reminders, Safari, Settings, Shortcuts, Siri, Stocks, Tips\nTranslate, TV, Voice Memos, Weather","LocalValue":"App Store, Books, Calendar, Camera, Clock, Contacts, FaceTime, Files, Find My, Home, iTunes Store, Magnifier, Mail, Maps, Measure, Messages, Music, News, Notes, Photo Booth, Photos, Podcasts, Reminders, Safari, Settings, Shortcuts, Siri, Stocks, Tips\nTranslate, TV, Voice Memos, Weather","Description":"Software distributed with another product such as a piece of computer hardware or other electronic device, or a group of software packages which are sold together. A software suite is an example of bundled software, as is software which is pre-installed on a new computer.","Mandatory":"0","Searchable":"0","Optional":"0","Feature":{"ID":"251","Sign":"","Measure":{"ID":"29","Sign":"","Signs":{"ID":"","_":"","Language":"EN"}},"Name":{"Value":"Bundled software","Language":"EN"}}},{"Localized":0,"ID":750485201,"LocalID":0,"Type":"multi_dropdown","Value":"Windows 10,Windows 10 Education,Windows 10 Education x64,Windows 10 Enterprise,Windows 10 Enterprise x64,Windows 10 Home,Windows 10 Home x64,Windows 10 IOT Core,Windows 10 IoT Enterprise,Windows 10 Pro,Windows 10 Pro x64,Windows 10 x64,Windows 11,Windows 11 x64","CategoryFeatureId":"63467","CategoryFeatureGroupID":"12019","SortNo":"-11","PresentationValue":"Windows 10, Windows 10 Education, Windows 10 Education x64, Windows 10 Enterprise, Windows 10 Enterprise x64, Windows 10 Home, Windows 10 Home x64, Windows 10 IOT Core, Windows 10 IoT Enterprise, Windows 10 Pro, Windows 10 Pro x64, Windows 10 x64, Windows 11, Windows 11 x64","RawValue":"Windows 10,Windows 10 Education,Windows 10 Education x64,Windows 10 Enterprise,Windows 10 Enterprise x64,Windows 10 Home,Windows 10 Home x64,Windows 10 IOT Core,Windows 10 IoT Enterprise,Windows 10 Pro,Windows 10 Pro x64,Windows 10 x64,Windows 11,Windows 11 x64","LocalValue":"Windows 10, Windows 10 Education, Windows 10 Education x64, Windows 10 Enterprise, Windows 10 Enterprise x64, Windows 10 Home, Windows 10 Home x64, Windows 10 IOT Core, Windows 10 IoT Enterprise, Windows 10 Pro, Windows 10 Pro x64, Windows 10 x64, Windows 11, Windows 11 x64","Description":"Windows vesions wich can be used with the device.","Mandatory":"0","Searchable":"0","Optional":"0","Feature":{"ID":"7986","Sign":"","Measure":{"ID":"29","Sign":"","Signs":{"ID":"","_":"","Language":"EN"}},"Name":{"Value":"Windows operating systems supported","Language":"EN"}}},{"Localized":0,"ID":750485015,"LocalID":0,"Type":"y_n","Value":"Y","CategoryFeatureId":"188916","CategoryFeatureGroupID":"12019","SortNo":"-11","PresentationValue":"Yes","RawValue":"Y","LocalValue":"Yes","Description":"Product can be used with Apple Mac software and/or hardware.","Mandatory":"0","Searchable":"0","Optional":"0","Feature":{"ID":"853","Sign":"","Measure":{"ID":"26","Sign":"","Signs":{"ID":"","_":"","Language":"EN"}},"Name":{"Value":"Mac compatibility","Language":"EN"}}},{"Localized":0,"ID":750485206,"LocalID":0,"Type":"multi_dropdown","Value":"Mac OS X 10.11 El Capitan,Mac OS X 10.12 Sierra,Mac OS X 10.13 High Sierra,Mac OS X 10.14 Mojave,Mac OS X 10.15 Catalina,Mac OS X 10.15.3 Catalina,Mac OS X 11.0 Big Sur,Mac OS X 12.0 Monterey,Y","CategoryFeatureId":"63468","CategoryFeatureGroupID":"12019","SortNo":"-12","PresentationValue":"Mac OS X 10.11 El Capitan, Mac OS X 10.12 Sierra, Mac OS X 10.13 High Sierra, Mac OS X 10.14 Mojave, Mac OS X 10.15 Catalina, Mac OS X 10.15.3 Catalina, Mac OS X 11.0 Big Sur, Mac OS X 12.0 Monterey, Yes","RawValue":"Mac OS X 10.11 El Capitan,Mac OS X 10.12 Sierra,Mac OS X 10.13 High Sierra,Mac OS X 10.14 Mojave,Mac OS X 10.15 Catalina,Mac OS X 10.15.3 Catalina,Mac OS X 11.0 Big Sur,Mac OS X 12.0 Monterey,Y","LocalValue":"Mac OS X 10.11 El Capitan, Mac OS X 10.12 Sierra, Mac OS X 10.13 High Sierra, Mac OS X 10.14 Mojave, Mac OS X 10.15 Catalina, Mac OS X 10.15.3 Catalina, Mac OS X 11.0 Big Sur, Mac OS X 12.0 Monterey, Yes","Description":"Mac operating systems e.g. OS X can be used with the device.","Mandatory":"0","Searchable":"0","Optional":"0","Feature":{"ID":"7987","Sign":"","Measure":{"ID":"29","Sign":"","Signs":{"ID":"","_":"","Language":"EN"}},"Name":{"Value":"Mac operating systems supported","Language":"EN"}}}]},{"ID":7821,"SortNo":"14","FeatureGroup":{"ID":"143","Name":{"Value":"Battery","Language":"EN"}},"Features":[{"Localized":0,"ID":750485398,"LocalID":0,"Type":"y_n","Value":"Y","CategoryFeatureId":"904572","CategoryFeatureGroupID":"7821","SortNo":"55","PresentationValue":"Yes","RawValue":"Y","LocalValue":"Yes","Description":"","Mandatory":"0","Searchable":"0","Optional":"0","Feature":{"ID":"24055","Sign":"","Measure":{"ID":"26","Sign":"","Signs":{"ID":"","_":"","Language":"EN"}},"Name":{"Value":"Battery included","Language":"EN"}}},{"Localized":0,"ID":750484977,"LocalID":0,"Type":"dropdown","Value":"Lithium Polymer (LiPo)","CategoryFeatureId":"7140","CategoryFeatureGroupID":"7821","SortNo":"50","PresentationValue":"Lithium Polymer (LiPo)","RawValue":"Lithium Polymer (LiPo)","LocalValue":"Lithium Polymer (LiPo)","Description":"The type of battery in the device, e.g. nickel–cadmium (NiCd).","Mandatory":"1","Searchable":"0","Optional":"0","Feature":{"ID":"434","Sign":"","Measure":{"ID":"29","Sign":"","Signs":{"ID":"","_":"","Language":"EN"}},"Name":{"Value":"Battery technology","Language":"EN"}}},{"Localized":0,"ID":750485218,"LocalID":0,"Type":"numerical","Value":"28.93","CategoryFeatureId":"54337","CategoryFeatureGroupID":"7821","SortNo":"47","PresentationValue":"28.93 Wh","RawValue":"28.93","LocalValue":"28.93","Description":"","Mandatory":"0","Searchable":"0","Optional":"0","Feature":{"ID":"8519","Sign":"","Measure":{"ID":"211","Sign":"","Signs":{"ID":"10077","_":"Wh","Language":"EN"}},"Name":{"Value":"Battery capacity","Language":"EN"}}},{"Localized":0,"ID":750485350,"LocalID":0,"Type":"numerical","Value":"10","CategoryFeatureId":"101390","CategoryFeatureGroupID":"7821","SortNo":"30","PresentationValue":"10 h","RawValue":"10","LocalValue":"10","Description":"","Mandatory":"0","Searchable":"0","Optional":"0","Feature":{"ID":"15264","Sign":"","Measure":{"ID":"46","Sign":"","Signs":{"ID":"30","_":"h","Language":"EN"}},"Name":{"Value":"Browsing time (Wi-Fi)","Language":"EN"}}}]},{"ID":849,"SortNo":"13","FeatureGroup":{"ID":"27","Name":{"Value":"Power","Language":"EN"}},"Features":[{"Localized":0,"ID":750485538,"LocalID":0,"Type":"y_n","Value":"Y","CategoryFeatureId":"974881","CategoryFeatureGroupID":"849","SortNo":"0","PresentationValue":"Yes","RawValue":"Y","LocalValue":"Yes","Description":"","Mandatory":"1","Searchable":"0","Optional":"0","Feature":{"ID":"48505","Sign":"","Measure":{"ID":"26","Sign":"","Signs":{"ID":"","_":"","Language":"EN"}},"Name":{"Value":"USB Type-C charging port","Language":"EN"}}},{"Localized":0,"ID":790755413,"LocalID":0,"Type":"y_n","Value":"Y","CategoryFeatureId":"974882","CategoryFeatureGroupID":"849","SortNo":"0","PresentationValue":"Yes","RawValue":"Y","LocalValue":"Yes","Description":"","Mandatory":"0","Searchable":"0","Optional":"0","Feature":{"ID":"34351","Sign":"","Measure":{"ID":"26","Sign":"","Signs":{"ID":"","_":"","Language":"EN"}},"Name":{"Value":"USB Power Delivery (USB PD)","Language":"EN"}}},{"Localized":0,"ID":750485544,"LocalID":0,"Type":"numerical","Value":"15","CategoryFeatureId":"974883","CategoryFeatureGroupID":"849","SortNo":"0","PresentationValue":"15 W","RawValue":"15","LocalValue":"15","Description":"","Mandatory":"1","Searchable":"0","Optional":"0","Feature":{"ID":"48506","Sign":"","Measure":{"ID":"44","Sign":"","Signs":{"ID":"28","_":"W","Language":"EN"}},"Name":{"Value":"USB Type-C required charging power (min)","Language":"EN"}}},{"Localized":0,"ID":750485549,"LocalID":0,"Type":"numerical","Value":"45","CategoryFeatureId":"974884","CategoryFeatureGroupID":"849","SortNo":"0","PresentationValue":"45 W","RawValue":"45","LocalValue":"45","Description":"","Mandatory":"1","Searchable":"0","Optional":"0","Feature":{"ID":"48507","Sign":"","Measure":{"ID":"44","Sign":"","Signs":{"ID":"28","_":"W","Language":"EN"}},"Name":{"Value":"USB Type-C required charging power (max)","Language":"EN"}}}]},{"ID":82701,"SortNo":"12","FeatureGroup":{"ID":"32","Name":{"Value":"Endurance","Language":"EN"}},"Features":[{"Localized":0,"ID":790486873,"LocalID":0,"Type":"dropdown","Value":"G","CategoryFeatureId":"1088508","CategoryFeatureGroupID":"82701","SortNo":"50","PresentationValue":"G","RawValue":"G","LocalValue":"G","Description":"The energy efficiency of the appliance is rated in terms of a set of energy efficiency classes from A+++ to G on the label, A+++ being the most energy efficient, G the least efficient.","Mandatory":"1","Searchable":"0","Optional":"0","Feature":{"ID":"2705","Sign":"","Measure":{"ID":"29","Sign":"","Signs":{"ID":"","_":"","Language":"EN"}},"Name":{"Value":"Energy efficiency class","Language":"EN"}}},{"Localized":0,"ID":790486882,"LocalID":0,"Type":"dropdown","Value":"A to G","CategoryFeatureId":"1088509","CategoryFeatureGroupID":"82701","SortNo":"48","PresentationValue":"A to G","RawValue":"A to G","LocalValue":"A to G","Description":"","Mandatory":"0","Searchable":"0","Optional":"0","Feature":{"ID":"39201","Sign":"","Measure":{"ID":"29","Sign":"","Signs":{"ID":"","_":"","Language":"EN"}},"Name":{"Value":"Energy efficiency scale","Language":"EN"}}},{"Localized":0,"ID":790486888,"LocalID":0,"Type":"numerical","Value":"4020","CategoryFeatureId":"1088510","CategoryFeatureGroupID":"82701","SortNo":"46","PresentationValue":"4020 min","RawValue":"4020","LocalValue":"4020","Description":"","Mandatory":"1","Searchable":"0","Optional":"0","Feature":{"ID":"49427","Sign":"","Measure":{"ID":"66","Sign":"","Signs":{"ID":"49","_":"min","Language":"EN"}},"Name":{"Value":"Battery endurance per cycle","Language":"EN"}}},{"Localized":0,"ID":790486897,"LocalID":0,"Type":"numerical","Value":"1000","CategoryFeatureId":"1088511","CategoryFeatureGroupID":"82701","SortNo":"44","PresentationValue":"1000","RawValue":"1000","LocalValue":"1000","Description":"","Mandatory":"1","Searchable":"0","Optional":"0","Feature":{"ID":"49429","Sign":"","Measure":{"ID":"29","Sign":"","Signs":{"ID":"","_":"","Language":"EN"}},"Name":{"Value":"Battery endurance in cycles","Language":"EN"}}},{"Localized":0,"ID":790486893,"LocalID":0,"Type":"dropdown","Value":"E","CategoryFeatureId":"1088512","CategoryFeatureGroupID":"82701","SortNo":"42","PresentationValue":"E","RawValue":"E","LocalValue":"E","Description":"","Mandatory":"1","Searchable":"0","Optional":"0","Feature":{"ID":"49428","Sign":"","Measure":{"ID":"29","Sign":"","Signs":{"ID":"","_":"","Language":"EN"}},"Name":{"Value":"Repeated free fall reliability class","Language":"EN"}}},{"Localized":0,"ID":790486904,"LocalID":0,"Type":"dropdown","Value":"C","CategoryFeatureId":"1088513","CategoryFeatureGroupID":"82701","SortNo":"40","PresentationValue":"C","RawValue":"C","LocalValue":"C","Description":"","Mandatory":"1","Searchable":"0","Optional":"0","Feature":{"ID":"49430","Sign":"","Measure":{"ID":"29","Sign":"","Signs":{"ID":"","_":"","Language":"EN"}},"Name":{"Value":"Repairability class","Language":"EN"}}},{"Localized":0,"ID":790486880,"LocalID":0,"Type":"dropdown","Value":"IP42","CategoryFeatureId":"122419","CategoryFeatureGroupID":"82701","SortNo":"38","PresentationValue":"IP42","RawValue":"IP42","LocalValue":"IP42","Description":"The IP code classifies and rates the degree of protection provided against the intrusion (including body parts such as hands and fingers), dust, accidental contact, and water by mechanical casings and electrical enclosures. It is published by the International Electrotechnical Commission (IEC). The digits (characteristic numerals) indicate conformity with the conditions summarized in the tables below. Where there is no protection rating with regard to one of the criteria, the digit is replaced with the letter X. an electrical socket rated IP22 is protected against insertion of fingers and will not be damaged or become unsafe during a specified test in which it is exposed to vertically or nearly vertically dripping water. Another example is the Sony Xperia Z Ultra, one of the first cellular phones to be IP-rated; it is rated at IP58 and marketed as \"dust resistant\" and can be \"immersed in 1.5 meter of freshwater for up to 30 minutes\".","Mandatory":"1","Searchable":"0","Optional":"0","Feature":{"ID":"7900","Sign":"","Measure":{"ID":"29","Sign":"","Signs":{"ID":"","_":"","Language":"EN"}},"Name":{"Value":"International Protection (IP) code","Language":"EN"}}}]},{"ID":72248,"SortNo":"11","FeatureGroup":{"ID":"279","Name":{"Value":"Sustainability","Language":"EN"}},"Features":[{"Localized":0,"ID":750485469,"LocalID":0,"Type":"multi_dropdown","Value":"ENERGY STAR","CategoryFeatureId":"609612","CategoryFeatureGroupID":"72248","SortNo":"0","PresentationValue":"ENERGY STAR","RawValue":"ENERGY STAR","LocalValue":"ENERGY STAR","Description":"","Mandatory":"0","Searchable":"0","Optional":"0","Feature":{"ID":"42513","Sign":"","Measure":{"ID":"29","Sign":"","Signs":{"ID":"","_":"","Language":"EN"}},"Name":{"Value":"Sustainability certificates","Language":"EN"}}},{"Localized":0,"ID":750485473,"LocalID":0,"Type":"multi_dropdown","Value":"Arsenic,Beryllium,Mercury (element),PVC/BFR","CategoryFeatureId":"630159","CategoryFeatureGroupID":"72248","SortNo":"0","PresentationValue":"Arsenic, Beryllium, Mercury, PVC/BFR","RawValue":"Arsenic,Beryllium,Mercury (element),PVC/BFR","LocalValue":"Arsenic, Beryllium, Mercury, PVC/BFR","Description":"","Mandatory":"0","Searchable":"0","Optional":"0","Feature":{"ID":"42516","Sign":"","Measure":{"ID":"29","Sign":"","Signs":{"ID":"","_":"","Language":"EN"}},"Name":{"Value":"Doesn't contain","Language":"EN"}}}]},{"ID":27900,"SortNo":"10","FeatureGroup":{"ID":"19","Name":{"Value":"Media formats","Language":"EN"}},"Features":[{"Localized":0,"ID":750616643,"LocalID":0,"Type":"multi_dropdown","Value":"AAC,ALAC,FLAC,MP3","CategoryFeatureId":"34230","CategoryFeatureGroupID":"27900","SortNo":"-21","PresentationValue":"AAC, ALAC, FLAC, MP3","RawValue":"AAC,ALAC,FLAC,MP3","LocalValue":"AAC, ALAC, FLAC, MP3","Description":"The audio formats which this device or software can read/use e.g. MP3, MP4.","Mandatory":"0","Searchable":"0","Optional":"1","Feature":{"ID":"2224","Sign":"","Measure":{"ID":"29","Sign":"","Signs":{"ID":"","_":"","Language":"EN"}},"Name":{"Value":"Audio formats supported","Language":"EN"}}},{"Localized":0,"ID":750616649,"LocalID":0,"Type":"multi_dropdown","Value":"GIF,JPG,TIFF","CategoryFeatureId":"44889","CategoryFeatureGroupID":"27900","SortNo":"-22","PresentationValue":"GIF, JPG, TIFF","RawValue":"GIF,JPG,TIFF","LocalValue":"GIF, JPG, TIFF","Description":"The type of image files that the device can use/display e.g. gif, JPEG (jpg).","Mandatory":"0","Searchable":"0","Optional":"1","Feature":{"ID":"2417","Sign":"","Measure":{"ID":"29","Sign":"","Signs":{"ID":"","_":"","Language":"EN"}},"Name":{"Value":"Image formats supported","Language":"EN"}}},{"Localized":0,"ID":750616657,"LocalID":0,"Type":"multi_dropdown","Value":"DOC,DOCX,HTM,HTML,ICS,KEY,Numbers,PDF,PPT,PPTX,Pages,RTF,TXT,USDZ,VCF,XLS,XLSX","CategoryFeatureId":"62441","CategoryFeatureGroupID":"27900","SortNo":"-26","PresentationValue":"DOC, DOCX, HTM, HTML, ICS, Key, Numbers, PDF, PPT, PPTX, Pages, RTF, TXT, USDZ, VCF, XLS, XLSX","RawValue":"DOC,DOCX,HTM,HTML,ICS,KEY,Numbers,PDF,PPT,PPTX,Pages,RTF,TXT,USDZ,VCF,XLS,XLSX","LocalValue":"DOC, DOCX, HTM, HTML, ICS, Key, Numbers, PDF, PPT, PPTX, Pages, RTF, TXT, USDZ, VCF, XLS, XLSX","Description":"The type of document formats that can be read/produced with this device e.g. .docx, .pdf.","Mandatory":"0","Searchable":"0","Optional":"1","Feature":{"ID":"7972","Sign":"","Measure":{"ID":"29","Sign":"","Signs":{"ID":"","_":"","Language":"EN"}},"Name":{"Value":"Document formats supported","Language":"EN"}}},{"Localized":0,"ID":750616667,"LocalID":0,"Type":"multi_dropdown","Value":"ZIP","CategoryFeatureId":"95616","CategoryFeatureGroupID":"27900","SortNo":"-27","PresentationValue":"Zip","RawValue":"ZIP","LocalValue":"Zip","Description":"","Mandatory":"0","Searchable":"0","Optional":"1","Feature":{"ID":"8962","Sign":"","Measure":{"ID":"29","Sign":"","Signs":{"ID":"","_":"","Language":"EN"}},"Name":{"Value":"Archive formats supported","Language":"EN"}}}]},{"ID":848,"SortNo":"5","FeatureGroup":{"ID":"14","Name":{"Value":"Weight & dimensions","Language":"EN"}},"Features":[{"Localized":0,"ID":750485075,"LocalID":0,"Type":"numerical","Value":"179.5","CategoryFeatureId":"21002","CategoryFeatureGroupID":"848","SortNo":"10","PresentationValue":"179.5 mm","RawValue":"179.5","LocalValue":"179.5","Description":"The measurement or extent of something from side to side.","Mandatory":"0","Searchable":"0","Optional":"0","Feature":{"ID":"1649","Sign":"","Measure":{"ID":"24","Sign":"","Signs":{"ID":"3","_":"mm","Language":"EN"}},"Name":{"Value":"Width","Language":"EN"}}},{"Localized":0,"ID":750485078,"LocalID":0,"Type":"numerical","Value":"7","CategoryFeatureId":"21003","CategoryFeatureGroupID":"848","SortNo":"9","PresentationValue":"7 mm","RawValue":"7","LocalValue":"7","Description":"The distance from the front to the back of something.","Mandatory":"0","Searchable":"0","Optional":"0","Feature":{"ID":"1650","Sign":"","Measure":{"ID":"24","Sign":"","Signs":{"ID":"3","_":"mm","Language":"EN"}},"Name":{"Value":"Depth","Language":"EN"}}},{"Localized":0,"ID":750485060,"LocalID":0,"Type":"numerical","Value":"248.6","CategoryFeatureId":"21004","CategoryFeatureGroupID":"848","SortNo":"7","PresentationValue":"248.6 mm","RawValue":"248.6","LocalValue":"248.6","Description":"The measurement of the product from head to foot or from base to top.","Mandatory":"0","Searchable":"0","Optional":"0","Feature":{"ID":"1464","Sign":"","Measure":{"ID":"24","Sign":"","Signs":{"ID":"3","_":"mm","Language":"EN"}},"Name":{"Value":"Height","Language":"EN"}}},{"Localized":0,"ID":750484960,"LocalID":0,"Type":"numerical","Value":"477","CategoryFeatureId":"12812","CategoryFeatureGroupID":"848","SortNo":"4","PresentationValue":"477 g","RawValue":"477","LocalValue":"477","Description":"Weight of the product without packaging (net weight). If possible, the net weight is given including standard accessories and supplies. Please note that sometimes the manufacturer leaves out the weight of accessories and/or supplies.","Mandatory":"0","Searchable":"0","Optional":"0","Feature":{"ID":"94","Sign":"","Measure":{"ID":"38","Sign":"","Signs":{"ID":"22","_":"g","Language":"EN"}},"Name":{"Value":"Weight","Language":"EN"}}}]},{"ID":6516,"SortNo":"3","FeatureGroup":{"ID":"116","Name":{"Value":"Packaging content","Language":"EN"}},"Features":[{"Localized":0,"ID":750485048,"LocalID":0,"Type":"y_n","Value":"N","CategoryFeatureId":"57785","CategoryFeatureGroupID":"6516","SortNo":"10","PresentationValue":"No","RawValue":"N","LocalValue":"No","Description":"","Mandatory":"1","Searchable":"0","Optional":"0","Feature":{"ID":"1230","Sign":"","Measure":{"ID":"26","Sign":"","Signs":{"ID":"","_":"","Language":"EN"}},"Name":{"Value":"AC adapter included","Language":"EN"}}},{"Localized":0,"ID":750485096,"LocalID":0,"Type":"dropdown","Value":"USB Type-C","CategoryFeatureId":"49669","CategoryFeatureGroupID":"6516","SortNo":"0","PresentationValue":"USB Type-C","RawValue":"USB Type-C","LocalValue":"USB Type-C","Description":"","Mandatory":"0","Searchable":"0","Optional":"0","Feature":{"ID":"1830","Sign":"","Measure":{"ID":"29","Sign":"","Signs":{"ID":"","_":"","Language":"EN"}},"Name":{"Value":"Cables included","Language":"EN"}}}]},{"ID":26934,"SortNo":"0","FeatureGroup":{"ID":"144","Name":{"Value":"Brand-specific features","Language":"EN"}},"Features":[{"Localized":0,"ID":750485420,"LocalID":0,"Type":"dropdown","Value":"True Tone","CategoryFeatureId":"952658","CategoryFeatureGroupID":"26934","SortNo":"0","PresentationValue":"True Tone","RawValue":"True Tone","LocalValue":"True Tone","Description":"","Mandatory":"0","Searchable":"0","Optional":"0","Feature":{"ID":"27635","Sign":"","Measure":{"ID":"29","Sign":"","Signs":{"ID":"","_":"","Language":"EN"}},"Name":{"Value":"Brand specific technologies","Language":"EN"}}}]},{"ID":850,"SortNo":"-10","FeatureGroup":{"ID":"28","Name":{"Value":"Operational conditions","Language":"EN"}},"Features":[{"Localized":0,"ID":750485041,"LocalID":0,"Type":"range","Value":"0 - 35","CategoryFeatureId":"7146","CategoryFeatureGroupID":"850","SortNo":"50","PresentationValue":"0 - 35 °C","RawValue":"0 - 35","LocalValue":"0 - 35","Description":"The minimum and maximum temperatures at which the product can be safely operated.","Mandatory":"0","Searchable":"0","Optional":"0","Feature":{"ID":"1112","Sign":"","Measure":{"ID":"65","Sign":"","Signs":{"ID":"48","_":"°C","Language":"EN"}},"Name":{"Value":"Operating temperature (T-T)","Language":"EN"}}},{"Localized":0,"ID":750484994,"LocalID":0,"Type":"range","Value":"-20 - 45","CategoryFeatureId":"16604","CategoryFeatureGroupID":"850","SortNo":"47","PresentationValue":"-20 - 45 °C","RawValue":"-20 - 45","LocalValue":"-20 - 45","Description":"The minimum and maximum temperatures at which the product can be safely stored.","Mandatory":"0","Searchable":"0","Optional":"0","Feature":{"ID":"757","Sign":"","Measure":{"ID":"65","Sign":"","Signs":{"ID":"48","_":"°C","Language":"EN"}},"Name":{"Value":"Storage temperature (T-T)","Language":"EN"}}},{"Localized":0,"ID":750484988,"LocalID":0,"Type":"range","Value":"5 - 95","CategoryFeatureId":"7145","CategoryFeatureGroupID":"850","SortNo":"43","PresentationValue":"5 - 95%","RawValue":"5 - 95","LocalValue":"5 - 95","Description":"","Mandatory":"0","Searchable":"0","Optional":"0","Feature":{"ID":"703","Sign":"","Measure":{"ID":"64","Sign":"","Signs":{"ID":"47","_":"%","Language":"EN"}},"Name":{"Value":"Operating relative humidity (H-H)","Language":"EN"}}},{"Localized":0,"ID":750484982,"LocalID":0,"Type":"range","Value":"0 - 3000","CategoryFeatureId":"34364","CategoryFeatureGroupID":"850","SortNo":"37","PresentationValue":"0 - 3000 m","RawValue":"0 - 3000","LocalValue":"0 - 3000","Description":"","Mandatory":"0","Searchable":"0","Optional":"0","Feature":{"ID":"667","Sign":"","Measure":{"ID":"54","Sign":"","Signs":{"ID":"37","_":"m","Language":"EN"}},"Name":{"Value":"Operating altitude","Language":"EN"}}}]}],"FeatureLogos":[{"LogoPic":"https://inishop.com/img/feature_logo/4-8210.png","Width":"195","Height":"200","Size":"0","ThumbPic":"https://inishop.com/img/feature_logo_thumbs/4-8210.png","FeatureID":"42513","Value":"ENERGY STAR","KeyLogo":0,"Description":{"Value":"ENERGY STAR® is the government-backed symbol for energy efficiency, providing simple, credible, and unbiased information that consumers and businesses rely on to make well-informed decisions. ENERGY STAR is the simple choice for energy efficiency, making it easy for consumers and businesses to purchase products that save them money and protect the environment.","Language":"EN"}},{"LogoPic":"https://inishop.com/img/feature_logo/990-4601.png","Width":"300","Height":"165","Size":"0","ThumbPic":"https://inishop.com/img/feature_logo_thumbs/990-4601.png","FeatureID":"2705","Value":"G","KeyLogo":1,"Description":{"Value":"G means that the product is rated in its category in terms of energy efficiency. The Energy Labeling system is based on EU Regulation 2017/1369/EU.","Language":"EN"}},{"LogoPic":"https://inishop.com/img/feature_logo/1242-3899.png","Width":"0","Height":"0","Size":"0","ThumbPic":"https://inishop.com/img/feature_logo_thumbs/1242-3899.png","FeatureID":"1230","Value":"N","KeyLogo":2,"Description":{"Value":"DIRECTIVE (EU) 2022/2380 OF THE EUROPEAN PARLIAMENT AND OF THE COUNCIL of 23 November 2022 (Part III)","Language":"EN"}},{"LogoPic":"https://inishop.com/img/feature_logo/1369-7889.png","Width":"0","Height":"0","Size":"0","ThumbPic":"https://inishop.com/img/feature_logo_thumbs/1369-7889.png","FeatureID":"48506","Value":"15","KeyLogo":3,"Description":{"Value":"DIRECTIVE (EU) 2022/2380 OF THE EUROPEAN PARLIAMENT AND OF THE COUNCIL of 23 November 2022 (Part III)","Language":"EN"}},{"LogoPic":"https://inishop.com/img/feature_logo/1369-7889.png","Width":"0","Height":"0","Size":"0","ThumbPic":"https://inishop.com/img/feature_logo_thumbs/1369-7889.png","FeatureID":"48507","Value":"45","KeyLogo":3,"Description":{"Value":"DIRECTIVE (EU) 2022/2380 OF THE EUROPEAN PARLIAMENT AND OF THE COUNCIL of 23 November 2022 (Part III)","Language":"EN"}}],"ReasonsToBuy":[{"ReasonToBuyID":"83440034","Value":"iPad is so versatile, it’s more than up to any task. Whether you’re working on a project, expressing your creativity, or playing an immersive game, iPad is a fun and powerful way to get it done. Here are just a few of the countless things you can do with iPad.","HighPic":"https://inishop.com/img/bullets/129046973-67c73ddea00b9232262311.jpg","HighPicSize":"0","No":"1","Title":"Why iPad","Language":"EN","Updated":"2025-03-04 18:52:30","Origin":"RTB","IsPrivate":"0"},{"ReasonToBuyID":"83440040","Value":"Run powerful apps effortlessly.<br>iPad works with the powerful apps you’re familiar with, like Adobe Photoshop or Microsoft Office, with the added ease of using them with touch.<br><br>All‑day battery life.<br>Stay productive and on the go all day.<br><br>Use multiple apps at once and work between them.<br>Multitasking with iPad is more intuitive and powerful than ever. Work seamlessly across apps. Use Slide Over or Split View to work with multiple apps at the same time, and even drag and drop content between apps with touch or a trackpad. And on iPad Pro and iPad Air, you can use Stage Manager to overlap, stack, and resize app windows.<br><br>Wi‑Fi when you have it.<br>Cellular when you don’t.<br>Cellular capability means iPad keeps you connected from just about anywhere. So you don’t miss a beat even if you’re away from Wi‑Fi.<br><br>Store and share all your stuff with Files.<br>You can organize, share, and get to all your stuff with the Files app. Manage what’s on your iPad, in iCloud, or on cloud services like Box. Easily access files stored on a thumb drive or other external devices, too.","HighPic":"https://inishop.com/img/bullets/129046973-67c73ddea13db923075838.jpg","HighPicSize":"0","No":"2","Title":"Get the tough things done easily.","Language":"EN","Updated":"2025-03-04 18:52:30","Origin":"RTB","IsPrivate":"0"},{"ReasonToBuyID":"83440054","Value":"Take amazing notes with Apple Pencil.<br>Whether you’re taking class notes, keeping a journal, or brainstorming a solution, iPad is always ready to capture your brightest ideas. Then you can easily share them, build on them, and bring them to life.<br><br>Convert your handwritten notes to typed text.<br>With iPad, your handwriting can be just as powerful as typed text. Start with your handwritten note, then with a few taps, copy and paste it as typed text.<br><br>Draw perfect shapes by hand.<br>Draw familiar shapes freehand with Apple Pencil and watch as shape recognition snaps them into their ideal form.<br><br>Sign documents. Mark up anything.<br>Fill out a form or sign a document right on iPad with your fingertip or Apple Pencil, then send it with just a tap. Or take a screenshot and mark it up, give some retouching notes on a photo, or make revisions to a document.<br><br>Handwrite in any text field with Scribble.<br>Use Apple Pencil to write a quick message or search for something in Safari. Your handwriting will automatically convert to typed text, so you don’t have to interrupt your flow.<br><br>Take a Quick Note anywhere.<br>Quick Note is a fast and easy way to make or get to a note no matter what you’re doing. Start a Quick Note with a swipe of a finger or Apple Pencil, then jot down information over any app or screen. Add links, highlights, tags, and mentions for context.","HighPic":"https://inishop.com/img/bullets/129046973-67c73ddea19b1419050638.jpg","HighPicSize":"0","No":"3","Title":"Write it down. Mark it up. And make it unforgettable.","Language":"EN","Updated":"2025-03-04 18:52:30","Origin":"RTB","IsPrivate":"0"},{"ReasonToBuyID":"83440056","Value":"Draw a masterpiece with Apple Pencil.<br>With tilt and pressure sensitivity, low latency, and pixel‑perfect precision, Apple Pencil is the ultimate tool to help turn a blank page into an inspiring work of art.<br><br>3D design at your fingertips.<br>Even the most intensive creative projects are brought to life on iPad. Use touch to move and manipulate objects. Apple Pencil to draw and fine‑tune sketches. You can even view them in AR, all on one device.<br><br>Produce music or record a podcast.<br>Audio apps for iPad help you learn, practice, record, and create with ease. And with Logic Pro for iPad, you have everything you need to create a finished song and more — it’s like having a professional recording studio in your hands.<br><br>Bring your own animated characters to life.<br>Use Apple Pencil to draw characters and create new worlds with intuitive animation apps designed for all types of artists.<br><br>iPad and Mac make a serious creative team.<br>With Sidecar, you can extend or mirror your Mac display wirelessly. Then use iPad for precision tasks or as an incredible second display. And with Universal Control, a single keyboard and mouse or trackpad work seamlessly between your Mac and iPad.","HighPic":"https://inishop.com/img/bullets/129046973-67c73ddea21c9747962525.jpg","HighPicSize":"0","No":"4","Title":"Create on the ultimate canvas for any project.","Language":"EN","Updated":"2025-03-04 18:52:30","Origin":"RTB","IsPrivate":"0"},{"ReasonToBuyID":"83440062","Value":"Comes with 3 months of Apple TV+.<br>Every iPad includes a 3‑month subscription to Apple TV+, featuring critically acclaimed Apple Original series and films.<br><br>Watch and stream all your favorite content.<br>Catch the newest film and TV releases or rewatch your favorites on an immersive display that goes with you anywhere.<br><br>Amazing speakers for music, video, and TV.<br>Listen to a podcast as you cook, blast your favorite playlist, or take a movie to go.<br><br>Catch up on the latest news or read a best seller.<br>iPad makes reading a joy. Check out all your favorite authors, books, and publications with the Books and News apps.","HighPic":"https://inishop.com/img/bullets/129046973-67c73ddea27c6137962487.jpg","HighPicSize":"0","No":"5","Title":"Catch a movie. Blast tunes. Read a classic.","Language":"EN","Updated":"2025-03-04 18:52:30","Origin":"RTB","IsPrivate":"0"},{"ReasonToBuyID":"83440068","Value":"Edit your photos and videos right away.<br>iPad makes editing, enjoying, and sharing your photos and videos easy. Capture the perfect shot and make it your own with a suite of powerful built‑in or third‑party editing apps. And use Final Cut Pro for iPad to shoot, edit, finish, and deliver professional videos anywhere you are.<br><br>Stay connected.<br>Use FaceTime and other video conferencing apps to stay connected with family, friends, and the office. You can take selfies, too.<br><br>Did you know a document scanner is built right in?<br>Use the back camera to scan a document, then mark it up and send it. All from the same device.<br><br>The best platform for AR.<br>Advanced cameras, motion tracking, and a large display make iPad the ultimate device for augmented reality. So you can learn, watch, and play in immersive environments.","HighPic":"https://inishop.com/img/bullets/129046973-67c73ddea2c4f660773694.jpg","HighPicSize":"0","No":"6","Title":"Snap a photo. Scan a doc. Shoot a film. All on the same device.","Language":"EN","Updated":"2025-03-04 18:52:30","Origin":"RTB","IsPrivate":"0"},{"ReasonToBuyID":"83440074","Value":"App Store games that look and play amazing.<br>Browse and enjoy thousands of games designed just for iPad. From high‑speed racing to jigsaw puzzles, there’s a game for everyone.<br><br>Connect a game controller.<br>Pair your PlayStation or Xbox controller with your iPad to create an incredible portable game console. Play solo or squad up with friends in multiplayer.<br><br>Explore a world of games with a free trial of Apple Arcade.<br>Play your way through hundreds of worlds and experience endless fun with Apple Arcade. One subscription, zero ads, all you can play.<br><br>Games are more engaging with motion.<br>Games take on a new dimension with motion sensors built into iPad. Dodge, drive, and take aim with iPad as an amazing handheld gaming device.","HighPic":"https://inishop.com/img/bullets/129046973-67c73ddea30f8286852774.jpg","HighPicSize":"0","No":"7","Title":"Play it like you mean it.","Language":"EN","Updated":"2025-03-04 18:52:30","Origin":"RTB","IsPrivate":"0"},{"ReasonToBuyID":"83440077","Value":"Your classroom can be anywhere.<br>Take your learning to go and sign in from wherever you are. Attend a lecture, tackle a group project, or simply stay connected with colleagues and classmates from all over.<br><br>Learn something new, be it cooking or Cantonese.<br>iPad makes a perfect companion for learning. Go step by step with an instructor or zip through a self‑guided course in your free time. However you like to learn, there’s an app for that.<br><br>A great start for all types of learning.<br>The App Store has a huge range of educational apps for children to explore outside the classroom. And Screen Time lets you view and set limits on how much time you and your kids spend on apps, websites, and more.<br><br>Build your coding skills.<br>Swift Playgrounds makes it fun to learn and experiment with Swift — a powerful programming language created by Apple. Learn code, build real apps with SwiftUI, and see your ideas come to life on the App Store.<br><br>Unlock the world around you with AR.<br>Expand your mind with augmented reality learning apps. Dive into layers of the human body or point your iPad to the stars and see the constellations above you.","HighPic":"https://inishop.com/img/bullets/129046973-67c73ddea36fb419343127.jpg","HighPicSize":"0","No":"8","Title":"Lifelong learning made magical.","Language":"EN","Updated":"2025-03-04 18:52:30","Origin":"RTB","IsPrivate":"0"},{"ReasonToBuyID":"83440082","Value":"App Store-games die er geweldig uitzien en fantastisch spelen.<br>Ontdek en speel duizenden games die speciaal zijn ontwikkeld voor iPad. Van snelle racegames tot puzzels, op iPad is er voor elk wat wils.<br><br>Sluit een gamecontroller aan.<br>Pair met een PlayStation- of Xbox-controller, en je iPad verandert in een geweldige gameconsole die je makkelijk met je meeneemt. Speel solo, of met je vrienden in multiplayer-modus.<br><br>Beweeg en maak je games extra spannend.<br>Met de bewegingssensoren van iPad krijgen games een heel nieuwe dimensie. Zo wordt iPad een fantastische handheld waarmee je moeiteloos kunt duiken, racen en knallen.","HighPic":"https://inishop.com/img/bullets/129046973-67c73ddea30f8286852774.jpg","HighPicSize":"0","No":"9","Title":"Game alsof je niets te verliezen hebt.","Language":"EN","Updated":"2025-03-04 18:52:30","Origin":"RTB","IsPrivate":"0"}],"Reviews":[],"ProductRelated":[{"ID":0,"CategoryID":1637,"Preferred":0,"IcecatID":94781546,"ProductCode":"MLWK3ZM/A","ThumbPic":"","ProductName":"AirPods","Brand":"Apple","BrandID":9,"ProductRelatedLocales":[{"ID":0,"Language":"EN","Preferred":0,"StartDate":"","EndDate":""}]},{"ID":0,"CategoryID":1637,"Preferred":0,"IcecatID":62202327,"ProductCode":"MUFQ2ZM/A","ThumbPic":"","ProductName":"urBeats3","Brand":"Apple","BrandID":9,"ProductRelatedLocales":[{"ID":0,"Language":"EN","Preferred":0,"StartDate":"","EndDate":""}]},{"ID":0,"CategoryID":1637,"Preferred":0,"IcecatID":33259200,"ProductCode":"MMTN2ZM/A","ThumbPic":"","ProductName":"EarPods with Lightning Connector","Brand":"Apple","BrandID":9,"ProductRelatedLocales":[{"ID":0,"Language":"EN","Preferred":0,"StartDate":"","EndDate":""}]}],"CatalogObjectCloud":{},"Variants":[],"ProductStory":[{"ID":"3C2100EE-1B21-42E3-903A-3A3B02CD1C9B","URL":"https://live-html.icecat.biz/ac4d7373c5b9134544e20acea00bbcb1/index.html","Type":"ProductStory","ContentType":"application/zip","KeepAsUrl":"0","Description":"ProductStory","Size":"4495","IsPrivate":"0","Updated":"2025-09-09 10:44:56","Language":"EN","IsVideo":0}],"Dictionary":{"model_name":"Product name","desc":"Description","ean_code":"EAN/UPC code","flash360":"3D tour","demo_msg_part3":"If you don't have an Icecat account, please register here for free.","repairability_index":"Repairability index","zoom_panel_init":"Original size","cat_name":"Category","product_family":"Product family","back_to_top":"Back to top","zoom_panel_out":"Zoom out","specs":"Specs","eu_product_fiche":"EU Product Fiche","reviews_head_name":"Reviews","pdf_specs":"Product Brochure","zoom_panel_in":"Zoom in","html_content":"","release_date":"Release date","demo_msg_part1":"You are using now a Demo account. Please, use your own Icecat account","demo_insert_desc":"This is a demo of a seamless insert of an Icecat LIVE product data-sheet in your website. Imagine that this responsive data-sheet is included in the product page of your webshop.","pdf_url":"User manual","prod_code":"Product code","supplier_name":"Brand","video":"Video","reasons_to_buy":"Reasons to buy","marketing_text":"Description","options_head_name":"Options","product_series":"Product series","demo_msg_part2":"your Icecat login name","link_integrate_desk":"How to integrate Icecat LIVE JavaScript.","zoom_panel_dragg":"Mouse dragging","eu_energy_label":"EU Energy Label"},"DemoAccount":false}}