{"msg":"OK","data":{"GeneralInfo":{"IcecatId":122863144,"ReleaseDate":"","EndOfLifeDate":"","Title":"Apple iPad mini Wi-Fi 256GB - Space Grey","TitleInfo":{"GeneratedIntTitle":"Apple iPad mini","GeneratedLocalTitle":{"Value":"Apple iPad mini 21.1 cm (8.3\") Wi-Fi 6E (802.11ax) iPadOS 18","Language":"EN"},"BrandLocalTitle":{"Value":"Apple iPad mini Wi-Fi 256GB - Space Grey","Language":"EN"}},"Brand":"Apple","BrandID":"9","BrandLogo":"https://inishop.com/img/brand/thumb/9_d14b59ec69c0456b8775a7210bbba1e9.jpg","BrandInfo":{"BrandName":"Apple","BrandLocalName":"","BrandLogo":"https://inishop.com/img/brand/thumb/9_d14b59ec69c0456b8775a7210bbba1e9.jpg"},"ProductName":"iPad mini Wi-Fi 256GB - Space Grey","ProductNameInfo":{"ProductIntName":"iPad mini","ProductLocalName":{"Value":"iPad mini Wi-Fi 256GB - Space Grey","Language":"EN"}},"BrandPartCode":"MXNA3KN/A","GTIN":["0195949729867","195949729867"],"Category":{"CategoryID":"897","Name":{"Value":"Tablets","Language":"EN"}},"ProductFamily":{"ProductFamilyID":"63761","Value":"iPad","Language":"EN"},"ProductSeries":{"SeriesID":"8526","Value":"mini (7th generation)","Language":"EN"},"Description":{"ID":"97078149","LongDesc":"<b>iPad mini</b><br>Hello, Apple Intelligence.","LongProductName":"iPad mini, 8.3\" Liquid Retina, IPS, 2266 x 1488, Apple A17 Pro, 256GB, Wi‑Fi 6E, Bluetooth 5.3, 12MP + 12MP, iPadOS 18","MiddleDesc":"","Disclaimer":"","ManualPDFURL":"","ManualPDFSize":"0","LeafletPDFURL":"","PDFSize":"0","URL":"https://www.apple.com/ipad-mini/","WarrantyInfo":"","Updated":"2024-10-16 11:44:06","Language":"EN"},"SummaryDescription":{"ShortSummaryDescription":"Apple iPad mini Wi-Fi 256GB - Space Grey, 21.1 cm (8.3\"), 2266 x 1488 pixels, 256 GB, iPadOS 18, 293 g, Grey","LongSummaryDescription":"Apple iPad mini Wi-Fi 256GB - Space Grey. Display diagonal: 21.1 cm (8.3\"), Display resolution: 2266 x 1488 pixels, Display technology: LED. Internal storage capacity: 256 GB. Processor family: Apple, Processor model: A17 Pro. Rear camera resolution (numeric): 12 MP, Rear camera type: Single camera, Front camera resolution (numeric): 12 MP, Front camera. Top Wi-Fi standard: Wi-Fi 6E (802.11ax). Weight: 293 g. Operating system installed: iPadOS 18. Product colour: Grey"},"BulletPoints":{"BulletPointsId":"10290772","Language":"EN","Values":["Apple Intelligence","A17 Pro chip. Portable powerhouse","Apple Pencil Pro. Limitless creativity","Four gorgeous colors","Single-handedly awesome"],"Updated":"2024-10-16 11:44:05"},"GeneratedBulletPoints":{"Language":"EN","Values":["Slate Mobile tablet Grey","21.1 cm (8.3\") 2266 x 1488 pixels LED IPS","Apple A17 Pro","256 GB Flash","Single camera 12 MP Front camera 12 MP","Wi-Fi 6E (802.11ax) Bluetooth 5.3","Lithium Polymer (LiPo) 19.3 Wh","iPadOS 18"]},"GTINs":[{"GTIN":"0195949729867","IsApproved":true},{"GTIN":"195949729867","IsApproved":true}]},"Image":{"HighPic":"https://inishop.com/img/gallery/a049ec9aba4c09f83f01dff093278325414ff00b.jpg","HighPicSize":"942388","HighPicHeight":"4000","HighPicWidth":"4000","LowPic":"https://inishop.com/img/gallery_lows/241371abd144b82286e5961c5f4a6aac88949f43.jpg","LowPicSize":"21526","LowPicHeight":"200","LowPicWidth":"200","Pic500x500":"https://inishop.com/img/gallery_mediums/8717614fc6da5a039279a016ee2e991bf9117aa7.jpg","Pic500x500Size":"74872","Pic500x500Height":"500","Pic500x500Width":"500","ThumbPic":"https://inishop.com/img/gallery_thumbs/98bcd1d8c294ba371271964ddd7497b3954773d6.jpg","ThumbPicSize":"5478"},"Multimedia":[{"ID":"6E63CDED-3F71-4BA8-9F1A-B35DE9B88E1B","URL":"https://inishop.com/objects/mmo_122863144_1749729125_3533_1426344.png","Type":"EU Energy Label","ContentType":"image/png","KeepAsUrl":"0","Description":"EU Energy Label","Size":"688536","IsPrivate":"0","Updated":"2025-06-12 14:15:39","Language":"","IsVideo":0,"EprelLink":"https://eprel.ec.europa.eu/qr/2261243","LabelType":"rescaled","ConvertedURL":"https://inishop.com/objects/122863144_64866897.pdf","ConvertedContentType":"application/pdf","ConvertedSize":680793,"EprelId":2261243}],"Gallery":[{"ID":"96478044","LowPic":"https://inishop.com/img/gallery_lows/241371abd144b82286e5961c5f4a6aac88949f43.jpg","LowSize":"21526","LowHeight":"200","LowWidth":"200","ThumbPic":"https://inishop.com/img/gallery_thumbs/98bcd1d8c294ba371271964ddd7497b3954773d6.jpg","ThumbPicSize":"5478","Pic":"https://inishop.com/img/gallery/a049ec9aba4c09f83f01dff093278325414ff00b.jpg","Size":"942388","PicHeight":"4000","PicWidth":"4000","Pic500x500":"https://inishop.com/img/gallery_mediums/8717614fc6da5a039279a016ee2e991bf9117aa7.jpg","Pic500x500Size":"74872","Pic500x500Height":"500","Pic500x500Width":"500","No":"1","IsMain":"Y","Updated":"2024-10-16 11:44:06","IsPrivate":"0","Type":"ProductImage","Attributes":{"OriginalFileName":""}},{"ID":"96478045","LowPic":"https://inishop.com/img/gallery_lows/a29cd0ac119715ff8c89f5994dbf709b7b837c2c.jpg","LowSize":"22816","LowHeight":"200","LowWidth":"200","ThumbPic":"https://inishop.com/img/gallery_thumbs/49212b6ffc8565018c306d97499d22769871b8f1.jpg","ThumbPicSize":"5628","Pic":"https://inishop.com/img/gallery/56d4917e654c5085d22f4afedd73468958321dd5.jpg","Size":"1296622","PicHeight":"4000","PicWidth":"4000","Pic500x500":"https://inishop.com/img/gallery_mediums/2d6dae82e791456808d8e8745d3eabe0b09a09dc.jpg","Pic500x500Size":"80515","Pic500x500Height":"500","Pic500x500Width":"500","No":"2","IsMain":"N","Updated":"2024-10-16 11:44:06","IsPrivate":"0","Type":"ProductImage","Attributes":{"OriginalFileName":""}},{"ID":"96478046","LowPic":"https://inishop.com/img/gallery_lows/dfb085b3ead07479fb20c2bcf4817cca9226c464.jpg","LowSize":"16181","LowHeight":"200","LowWidth":"200","ThumbPic":"https://inishop.com/img/gallery_thumbs/2dc02f6a56aa221302475fff8a7656febc131e2c.jpg","ThumbPicSize":"3981","Pic":"https://inishop.com/img/gallery/b74927d0faacae9035886d981691c749886452e8.jpg","Size":"1004678","PicHeight":"4000","PicWidth":"4000","Pic500x500":"https://inishop.com/img/gallery_mediums/8dab952215f075fae0fcd0bf5a05fc1ce25c636b.jpg","Pic500x500Size":"57579","Pic500x500Height":"500","Pic500x500Width":"500","No":"3","IsMain":"N","Updated":"2024-10-16 11:44:06","IsPrivate":"0","Type":"ProductImage","Attributes":{"OriginalFileName":""}},{"ID":"96478047","LowPic":"https://inishop.com/img/gallery_lows/0133a2efbbd84e7ddaffe17fee6116b984c848d6.jpg","LowSize":"11605","LowHeight":"200","LowWidth":"200","ThumbPic":"https://inishop.com/img/gallery_thumbs/f88938ce6c5f804e5b022ae1c9fa4c36ec8fb8cc.jpg","ThumbPicSize":"2576","Pic":"https://inishop.com/img/gallery/488f555da3384b3101b0625d0567fb098bcc9ecc.jpg","Size":"2998427","PicHeight":"4000","PicWidth":"4000","Pic500x500":"https://inishop.com/img/gallery_mediums/ab18eab9ff4d08ce1f70753f567a4c1c202ebaa3.jpg","Pic500x500Size":"87853","Pic500x500Height":"500","Pic500x500Width":"500","No":"4","IsMain":"N","Updated":"2024-10-16 11:44:06","IsPrivate":"0","Type":"ProductDetailImage","Attributes":{"OriginalFileName":""}},{"ID":"96478048","LowPic":"https://inishop.com/img/gallery_lows/62bc8d406982e301b4262d8dd1a53593c4d45389.jpg","LowSize":"46202","LowHeight":"200","LowWidth":"200","ThumbPic":"https://inishop.com/img/gallery_thumbs/ef353074b502c588be33a2cdbdde863e270d23f2.jpg","ThumbPicSize":"9498","Pic":"https://inishop.com/img/gallery/1829c714e8e9fc593f92a53863523ba033eab571.jpg","Size":"4959216","PicHeight":"4000","PicWidth":"4000","Pic500x500":"https://inishop.com/img/gallery_mediums/9f05456da12019a6f7f5ea1e92e735d639852ecf.jpg","Pic500x500Size":"229320","Pic500x500Height":"500","Pic500x500Width":"500","No":"5","IsMain":"N","Updated":"2024-10-16 11:44:06","IsPrivate":"0","Type":"LifestyleImage","Attributes":{"OriginalFileName":""}},{"ID":"96478049","LowPic":"https://inishop.com/img/gallery_lows/b285fa8b5c341d1c529b191a1f1234bfb27bc195.jpg","LowSize":"10838","LowHeight":"200","LowWidth":"200","ThumbPic":"https://inishop.com/img/gallery_thumbs/0413696b2b562e46dee339c4ed0cab8eeb0b3e1b.jpg","ThumbPicSize":"3163","Pic":"https://inishop.com/img/gallery/dc520116e46a17e08086e625837f9863e397e9e4.jpg","Size":"2631761","PicHeight":"4000","PicWidth":"4000","Pic500x500":"https://inishop.com/img/gallery_mediums/94bd04745cc0542b486f6ce834698a258861fa78.jpg","Pic500x500Size":"55862","Pic500x500Height":"500","Pic500x500Width":"500","No":"6","IsMain":"N","Updated":"2024-10-16 11:44:06","IsPrivate":"0","Type":"Other","Attributes":{"OriginalFileName":""}}],"FeaturesGroups":[{"ID":833,"SortNo":"110","FeatureGroup":{"ID":"5","Name":{"Value":"Display","Language":"EN"}},"Features":[{"Localized":0,"ID":689471267,"LocalID":0,"Type":"numerical","Value":"8.3","CategoryFeatureId":"11611","CategoryFeatureGroupID":"833","SortNo":"99","PresentationValue":"21.1 cm (8.3\")","RawValue":"8.3","LocalValue":"21.1","Description":"Size of the display for this product, measured diagonally, usually in inches.","Mandatory":"1","Searchable":"1","Optional":"0","Feature":{"ID":"944","Sign":"","Measure":{"ID":"16","Sign":"","Signs":{"ID":"11","_":"\"","Language":"EN"}},"Name":{"Value":"Display diagonal","Language":"EN"}}},{"Localized":0,"ID":689471310,"LocalID":0,"Type":"2d","Value":"2266 x 1488","CategoryFeatureId":"30350","CategoryFeatureGroupID":"833","SortNo":"38","PresentationValue":"2266 x 1488 pixels","RawValue":"2266 x 1488","LocalValue":"2266 x 1488","Description":"The number of distinct pixels in each dimension that can be displayed. It is usually quoted as width × height, with the units in pixels: for example, \"1024 × 768\" means the width is 1024 pixels and the height is 768 pixels. The higher the number of pixels, the sharper the image.","Mandatory":"1","Searchable":"0","Optional":"0","Feature":{"ID":"1585","Sign":"","Measure":{"ID":"39","Sign":"","Signs":{"ID":"23","_":"pixels","Language":"EN"}},"Name":{"Value":"Display resolution","Language":"EN"}}},{"Localized":0,"ID":689471456,"LocalID":0,"Type":"y_n","Value":"Y","CategoryFeatureId":"45723","CategoryFeatureGroupID":"833","SortNo":"36","PresentationValue":"Yes","RawValue":"Y","LocalValue":"Yes","Description":"A backlight is a form of illumination used in liquid crystal displays (LCDs). One type of backlight is made by LEDs, which can be either white or RGB (red green blue). White LEDs are used most often in notebooks and desktop screens, and in virtually all mobile LCD screens. RGB LEDs for backlighting are found in high-end color proofing displays such as HP DreamColor LP2480zx monitor or selected HP EliteBook notebooks, as well as newer consumer grade displays such as Dell's Studio series laptops which have an optional RGB LED display.","Mandatory":"0","Searchable":"0","Optional":"0","Feature":{"ID":"6784","Sign":"","Measure":{"ID":"26","Sign":"","Signs":{"ID":"","_":"","Language":"EN"}},"Name":{"Value":"LED backlight","Language":"EN"}}},{"Localized":0,"ID":689471569,"LocalID":0,"Type":"dropdown","Value":"LED","CategoryFeatureId":"57789","CategoryFeatureGroupID":"833","SortNo":"36","PresentationValue":"LED","RawValue":"LED","LocalValue":"LED","Description":"The technology used in the display e.g. plasma, LED.","Mandatory":"0","Searchable":"0","Optional":"1","Feature":{"ID":"9713","Sign":"","Measure":{"ID":"29","Sign":"","Signs":{"ID":"","_":"","Language":"EN"}},"Name":{"Value":"Display technology","Language":"EN"}}},{"Localized":0,"ID":689471656,"LocalID":0,"Type":"dropdown","Value":"IPS","CategoryFeatureId":"710616","CategoryFeatureGroupID":"833","SortNo":"36","PresentationValue":"IPS","RawValue":"IPS","LocalValue":"IPS","Description":"","Mandatory":"1","Searchable":"1","Optional":"0","Feature":{"ID":"15285","Sign":"","Measure":{"ID":"29","Sign":"","Signs":{"ID":"","_":"","Language":"EN"}},"Name":{"Value":"Panel type","Language":"EN"}}},{"Localized":0,"ID":689471843,"LocalID":0,"Type":"dropdown","Value":"Liquid Retina","CategoryFeatureId":"939510","CategoryFeatureGroupID":"833","SortNo":"36","PresentationValue":"Liquid Retina","RawValue":"Liquid Retina","LocalValue":"Liquid Retina","Description":"","Mandatory":"0","Searchable":"0","Optional":"0","Feature":{"ID":"46952","Sign":"","Measure":{"ID":"29","Sign":"","Signs":{"ID":"","_":"","Language":"EN"}},"Name":{"Value":"Display technology marketing name","Language":"EN"}}},{"Localized":0,"ID":689471294,"LocalID":0,"Type":"numerical","Value":"500","CategoryFeatureId":"45724","CategoryFeatureGroupID":"833","SortNo":"35","PresentationValue":"500 cd/m²","RawValue":"500","LocalValue":"500","Description":"Brightness is the amount of radiating light emitted from the screen. The brightness rating is measured in candellas per square meter, commonly known as 'nits'.","Mandatory":"0","Searchable":"0","Optional":"0","Feature":{"ID":"1389","Sign":"","Measure":{"ID":"43","Sign":"","Signs":{"ID":"27","_":"cd/m²","Language":"EN"}},"Name":{"Value":"Display brightness","Language":"EN"}}},{"Localized":0,"ID":689471638,"LocalID":0,"Type":"numerical","Value":"326","CategoryFeatureId":"103273","CategoryFeatureGroupID":"833","SortNo":"0","PresentationValue":"326 ppi","RawValue":"326","LocalValue":"326","Description":"","Mandatory":"0","Searchable":"0","Optional":"0","Feature":{"ID":"13246","Sign":"","Measure":{"ID":"243","Sign":"","Signs":{"ID":"14247","_":"ppi","Language":"EN"}},"Name":{"Value":"Pixel density","Language":"EN"}}},{"Localized":0,"ID":689471855,"LocalID":0,"Type":"numerical","Value":"1","CategoryFeatureId":"952655","CategoryFeatureGroupID":"833","SortNo":"0","PresentationValue":"1","RawValue":"1","LocalValue":"1","Description":"","Mandatory":"0","Searchable":"0","Optional":"0","Feature":{"ID":"47948","Sign":"","Measure":{"ID":"29","Sign":"","Signs":{"ID":"","_":"","Language":"EN"}},"Name":{"Value":"Number of external displays supported","Language":"EN"}}},{"Localized":0,"ID":689471604,"LocalID":0,"Type":"dropdown","Value":"3:2","CategoryFeatureId":"684422","CategoryFeatureGroupID":"833","SortNo":"-1","PresentationValue":"3:2","RawValue":"3:2","LocalValue":"3:2","Description":"The aspect ratio is the ratio of the width of an image to its height. The native aspect ratio is the one which the projector/display is particularly designed for. Images shown in native aspect ratio will utilize the entire resolution of the display and achieve maximum brightness. Images shown in other than native aspect ratio will always have less resolution and less brightness than images shown in native aspect ratio.","Mandatory":"0","Searchable":"0","Optional":"0","Feature":{"ID":"11417","Sign":"","Measure":{"ID":"29","Sign":"","Signs":{"ID":"","_":"","Language":"EN"}},"Name":{"Value":"Native aspect ratio","Language":"EN"}}},{"Localized":0,"ID":689471701,"LocalID":0,"Type":"y_n","Value":"Y","CategoryFeatureId":"291773","CategoryFeatureGroupID":"833","SortNo":"-5","PresentationValue":"Yes","RawValue":"Y","LocalValue":"Yes","Description":"","Mandatory":"0","Searchable":"0","Optional":"0","Feature":{"ID":"20422","Sign":"","Measure":{"ID":"26","Sign":"","Signs":{"ID":"","_":"","Language":"EN"}},"Name":{"Value":"Anti-reflective coating","Language":"EN"}}},{"Localized":0,"ID":689471642,"LocalID":0,"Type":"y_n","Value":"Y","CategoryFeatureId":"291774","CategoryFeatureGroupID":"833","SortNo":"-5","PresentationValue":"Yes","RawValue":"Y","LocalValue":"Yes","Description":"","Mandatory":"0","Searchable":"0","Optional":"0","Feature":{"ID":"14752","Sign":"","Measure":{"ID":"26","Sign":"","Signs":{"ID":"","_":"","Language":"EN"}},"Name":{"Value":"Fingerprint resistant","Language":"EN"}}}]},{"ID":830,"SortNo":"100","FeatureGroup":{"ID":"1","Name":{"Value":"Processor","Language":"EN"}},"Features":[{"Localized":0,"ID":689471274,"LocalID":0,"Type":"dropdown","Value":"Apple","CategoryFeatureId":"102551","CategoryFeatureGroupID":"830","SortNo":"1001050","PresentationValue":"Apple","RawValue":"Apple","LocalValue":"Apple","Description":"The manufacturer that produced the processor.","Mandatory":"1","Searchable":"0","Optional":"0","Feature":{"ID":"1013","Sign":"","Measure":{"ID":"29","Sign":"","Signs":{"ID":"","_":"","Language":"EN"}},"Name":{"Value":"Processor manufacturer","Language":"EN"}}},{"Localized":0,"ID":689471364,"LocalID":0,"Type":"dropdown","Value":"Apple","CategoryFeatureId":"11580","CategoryFeatureGroupID":"830","SortNo":"900","PresentationValue":"Apple","RawValue":"Apple","LocalValue":"Apple","Description":"A family of processors is a group of processors produced by one company over a short period of time e.g. Intel Pentium processors.","Mandatory":"1","Searchable":"0","Optional":"0","Feature":{"ID":"2196","Sign":"","Measure":{"ID":"29","Sign":"","Signs":{"ID":"","_":"","Language":"EN"}},"Name":{"Value":"Processor family","Language":"EN"}}},{"Localized":0,"ID":689471179,"LocalID":0,"Type":"dropdown","Value":"A17 Pro","CategoryFeatureId":"6931","CategoryFeatureGroupID":"830","SortNo":"800","PresentationValue":"A17 Pro","RawValue":"A17 Pro","LocalValue":"A17 Pro","Description":"The model number for the processor in a computer.","Mandatory":"1","Searchable":"0","Optional":"0","Feature":{"ID":"47","Sign":"","Measure":{"ID":"29","Sign":"","Signs":{"ID":"","_":"","Language":"EN"}},"Name":{"Value":"Processor model","Language":"EN"}}},{"Localized":0,"ID":689471450,"LocalID":0,"Type":"numerical","Value":"6","CategoryFeatureId":"57773","CategoryFeatureGroupID":"830","SortNo":"300","PresentationValue":"6","RawValue":"6","LocalValue":"6","Description":"The number of central processing units ('cores') in a processor. Some processors have 1 core, others have 2 (e.g. Intel Core Duo) or more (e.g. the Intel Xeon E7-2850 has 10 cores).","Mandatory":"0","Searchable":"0","Optional":"0","Feature":{"ID":"6089","Sign":"","Measure":{"ID":"29","Sign":"","Signs":{"ID":"","_":"","Language":"EN"}},"Name":{"Value":"Processor cores","Language":"EN"}}},{"Localized":0,"ID":689471824,"LocalID":0,"Type":"numerical","Value":"2","CategoryFeatureId":"933085","CategoryFeatureGroupID":"830","SortNo":"280","PresentationValue":"2","RawValue":"2","LocalValue":"2","Description":"","Mandatory":"0","Searchable":"0","Optional":"0","Feature":{"ID":"44522","Sign":"","Measure":{"ID":"29","Sign":"","Signs":{"ID":"","_":"","Language":"EN"}},"Name":{"Value":"Performance cores","Language":"EN"}}},{"Localized":0,"ID":689471818,"LocalID":0,"Type":"numerical","Value":"4","CategoryFeatureId":"933086","CategoryFeatureGroupID":"830","SortNo":"275","PresentationValue":"4","RawValue":"4","LocalValue":"4","Description":"","Mandatory":"0","Searchable":"0","Optional":"0","Feature":{"ID":"44521","Sign":"","Measure":{"ID":"29","Sign":"","Signs":{"ID":"","_":"","Language":"EN"}},"Name":{"Value":"Efficient cores","Language":"EN"}}},{"Localized":0,"ID":689471686,"LocalID":0,"Type":"y_n","Value":"Y","CategoryFeatureId":"107333","CategoryFeatureGroupID":"830","SortNo":"-11","PresentationValue":"Yes","RawValue":"Y","LocalValue":"Yes","Description":"","Mandatory":"0","Searchable":"0","Optional":"0","Feature":{"ID":"17981","Sign":"","Measure":{"ID":"26","Sign":"","Signs":{"ID":"","_":"","Language":"EN"}},"Name":{"Value":"Coprocessor","Language":"EN"}}},{"Localized":0,"ID":689471697,"LocalID":0,"Type":"dropdown","Value":"Neural Engine","CategoryFeatureId":"107335","CategoryFeatureGroupID":"830","SortNo":"-13","PresentationValue":"Neural Engine","RawValue":"Neural Engine","LocalValue":"Neural Engine","Description":"","Mandatory":"0","Searchable":"0","Optional":"0","Feature":{"ID":"18116","Sign":"","Measure":{"ID":"29","Sign":"","Signs":{"ID":"","_":"","Language":"EN"}},"Name":{"Value":"Coprocessor model","Language":"EN"}}},{"Localized":0,"ID":689471691,"LocalID":0,"Type":"numerical","Value":"16","CategoryFeatureId":"107337","CategoryFeatureGroupID":"830","SortNo":"-15","PresentationValue":"16","RawValue":"16","LocalValue":"16","Description":"","Mandatory":"0","Searchable":"0","Optional":"0","Feature":{"ID":"17983","Sign":"","Measure":{"ID":"29","Sign":"","Signs":{"ID":"","_":"","Language":"EN"}},"Name":{"Value":"Coprocessor cores","Language":"EN"}}}]},{"ID":4142,"SortNo":"92","FeatureGroup":{"ID":"47","Name":{"Value":"Storage","Language":"EN"}},"Features":[{"Localized":0,"ID":689471538,"LocalID":0,"Type":"numerical","Value":"256","CategoryFeatureId":"71618","CategoryFeatureGroupID":"4142","SortNo":"402","PresentationValue":"256 GB","RawValue":"256","LocalValue":"256","Description":"The amount e.g of data which can be stored inside the device.","Mandatory":"1","Searchable":"1","Optional":"0","Feature":{"ID":"8730","Sign":"","Measure":{"ID":"20","Sign":"","Signs":{"ID":"7","_":"GB","Language":"EN"}},"Name":{"Value":"Internal storage capacity","Language":"EN"}}},{"Localized":0,"ID":689471413,"LocalID":0,"Type":"y_n","Value":"N","CategoryFeatureId":"21005","CategoryFeatureGroupID":"4142","SortNo":"20","PresentationValue":"No","RawValue":"N","LocalValue":"No","Description":"A card reader is a device that enables reading and, in some cases, writing data to and from a memory card.","Mandatory":"1","Searchable":"1","Optional":"0","Feature":{"ID":"3374","Sign":"","Measure":{"ID":"26","Sign":"","Signs":{"ID":"","_":"","Language":"EN"}},"Name":{"Value":"Card reader integrated","Language":"EN"}}},{"Localized":0,"ID":689471611,"LocalID":0,"Type":"dropdown","Value":"Flash","CategoryFeatureId":"105669","CategoryFeatureGroupID":"4142","SortNo":"5","PresentationValue":"Flash","RawValue":"Flash","LocalValue":"Flash","Description":"Used for the storage of data e.g. HDD (hard disk drive), SSD (solid-state drive).","Mandatory":"1","Searchable":"0","Optional":"0","Feature":{"ID":"11441","Sign":"","Measure":{"ID":"29","Sign":"","Signs":{"ID":"","_":"","Language":"EN"}},"Name":{"Value":"Storage media","Language":"EN"}}}]},{"ID":8329,"SortNo":"86","FeatureGroup":{"ID":"163","Name":{"Value":"Graphics","Language":"EN"}},"Features":[{"Localized":0,"ID":689471478,"LocalID":0,"Type":"multi_dropdown","Value":"Apple","CategoryFeatureId":"46082","CategoryFeatureGroupID":"8329","SortNo":"40","PresentationValue":"Apple","RawValue":"Apple","LocalValue":"Apple","Description":"","Mandatory":"0","Searchable":"0","Optional":"0","Feature":{"ID":"7490","Sign":"","Measure":{"ID":"29","Sign":"","Signs":{"ID":"","_":"","Language":"EN"}},"Name":{"Value":"Graphics card family","Language":"EN"}}},{"Localized":0,"ID":689471783,"LocalID":0,"Type":"dropdown","Value":"5","CategoryFeatureId":"291775","CategoryFeatureGroupID":"8329","SortNo":"17","PresentationValue":"5","RawValue":"5","LocalValue":"5","Description":"","Mandatory":"0","Searchable":"0","Optional":"0","Feature":{"ID":"37530","Sign":"","Measure":{"ID":"29","Sign":"","Signs":{"ID":"","_":"","Language":"EN"}},"Name":{"Value":"Graphics card cores","Language":"EN"}}}]},{"ID":846,"SortNo":"82","FeatureGroup":{"ID":"9","Name":{"Value":"Audio","Language":"EN"}},"Features":[{"Localized":0,"ID":689471344,"LocalID":0,"Type":"numerical","Value":"4","CategoryFeatureId":"20063","CategoryFeatureGroupID":"846","SortNo":"19","PresentationValue":"4","RawValue":"4","LocalValue":"4","Description":"","Mandatory":"0","Searchable":"0","Optional":"0","Feature":{"ID":"1851","Sign":"","Measure":{"ID":"29","Sign":"","Signs":{"ID":"","_":"","Language":"EN"}},"Name":{"Value":"Number of built-in speakers","Language":"EN"}}},{"Localized":0,"ID":689471472,"LocalID":0,"Type":"numerical","Value":"2","CategoryFeatureId":"317067","CategoryFeatureGroupID":"846","SortNo":"18","PresentationValue":"2","RawValue":"2","LocalValue":"2","Description":"","Mandatory":"0","Searchable":"0","Optional":"0","Feature":{"ID":"7252","Sign":"","Measure":{"ID":"29","Sign":"","Signs":{"ID":"","_":"","Language":"EN"}},"Name":{"Value":"Number of microphones","Language":"EN"}}}]},{"ID":4346,"SortNo":"80","FeatureGroup":{"ID":"95","Name":{"Value":"Camera","Language":"EN"}},"Features":[{"Localized":0,"ID":689471737,"LocalID":0,"Type":"dropdown","Value":"Single camera","CategoryFeatureId":"331455","CategoryFeatureGroupID":"4346","SortNo":"100","PresentationValue":"Single camera","RawValue":"Single camera","LocalValue":"Single camera","Description":"Indicates the type of the camera at the back of the product, dual or single.","Mandatory":"1","Searchable":"1","Optional":"0","Feature":{"ID":"27587","Sign":"","Measure":{"ID":"29","Sign":"","Signs":{"ID":"","_":"","Language":"EN"}},"Name":{"Value":"Rear camera type","Language":"EN"}}},{"Localized":0,"ID":689471613,"LocalID":0,"Type":"numerical","Value":"12","CategoryFeatureId":"80813","CategoryFeatureGroupID":"4346","SortNo":"90","PresentationValue":"12 MP","RawValue":"12","LocalValue":"12","Description":"The resolution of the images produced with the rear camera, given in MP (megapixel. 1 MP = 1 million pixels).","Mandatory":"1","Searchable":"0","Optional":"0","Feature":{"ID":"12435","Sign":"","Measure":{"ID":"165","Sign":"","Signs":{"ID":"3126","_":"MP","Language":"EN"}},"Name":{"Value":"Rear camera resolution (numeric)","Language":"EN"}}},{"Localized":0,"ID":689471741,"LocalID":0,"Type":"numerical","Value":"1.8","CategoryFeatureId":"211145","CategoryFeatureGroupID":"4346","SortNo":"50","PresentationValue":"1.8","RawValue":"1.8","LocalValue":"1.8","Description":"","Mandatory":"0","Searchable":"0","Optional":"0","Feature":{"ID":"27597","Sign":"","Measure":{"ID":"29","Sign":"","Signs":{"ID":"","_":"","Language":"EN"}},"Name":{"Value":"Rear camera aperture number","Language":"EN"}}},{"Localized":0,"ID":689471790,"LocalID":0,"Type":"dropdown","Value":"5-element lens","CategoryFeatureId":"929793","CategoryFeatureGroupID":"4346","SortNo":"45","PresentationValue":"5-element lens","RawValue":"5-element lens","LocalValue":"5-element lens","Description":"","Mandatory":"0","Searchable":"0","Optional":"0","Feature":{"ID":"42442","Sign":"","Measure":{"ID":"29","Sign":"","Signs":{"ID":"","_":"","Language":"EN"}},"Name":{"Value":"Rear camera lens elements","Language":"EN"}}},{"Localized":0,"ID":689471189,"LocalID":0,"Type":"numerical","Value":"5","CategoryFeatureId":"57793","CategoryFeatureGroupID":"4346","SortNo":"34","PresentationValue":"5x","RawValue":"5","LocalValue":"5","Description":"Indicates the digital zoom capacity, the number of times that the picture is enlarged thanks to digital technology.","Mandatory":"0","Searchable":"0","Optional":"0","Feature":{"ID":"48","Sign":"","Measure":{"ID":"33","Sign":"","Signs":{"ID":"17","_":"x","Language":"EN"}},"Name":{"Value":"Digital zoom","Language":"EN"}}},{"Localized":0,"ID":689471316,"LocalID":0,"Type":"y_n","Value":"Y","CategoryFeatureId":"50079","CategoryFeatureGroupID":"4346","SortNo":"33","PresentationValue":"Yes","RawValue":"Y","LocalValue":"Yes","Description":"Device focusing a camera or other piece of equipment automatically.","Mandatory":"0","Searchable":"0","Optional":"0","Feature":{"ID":"1614","Sign":"","Measure":{"ID":"26","Sign":"","Signs":{"ID":"","_":"","Language":"EN"}},"Name":{"Value":"Auto focus","Language":"EN"}}},{"Localized":0,"ID":689471420,"LocalID":0,"Type":"y_n","Value":"Y","CategoryFeatureId":"929794","CategoryFeatureGroupID":"4346","SortNo":"33","PresentationValue":"Yes","RawValue":"Y","LocalValue":"Yes","Description":"","Mandatory":"0","Searchable":"0","Optional":"0","Feature":{"ID":"3711","Sign":"","Measure":{"ID":"26","Sign":"","Signs":{"ID":"","_":"","Language":"EN"}},"Name":{"Value":"Panorama","Language":"EN"}}},{"Localized":0,"ID":689471757,"LocalID":0,"Type":"y_n","Value":"Y","CategoryFeatureId":"929795","CategoryFeatureGroupID":"4346","SortNo":"33","PresentationValue":"Yes","RawValue":"Y","LocalValue":"Yes","Description":"","Mandatory":"0","Searchable":"0","Optional":"0","Feature":{"ID":"28715","Sign":"","Measure":{"ID":"26","Sign":"","Signs":{"ID":"","_":"","Language":"EN"}},"Name":{"Value":"Time lapse mode","Language":"EN"}}},{"Localized":0,"ID":689471780,"LocalID":0,"Type":"y_n","Value":"Y","CategoryFeatureId":"594525","CategoryFeatureGroupID":"4346","SortNo":"32","PresentationValue":"Yes","RawValue":"Y","LocalValue":"Yes","Description":"Whether or not the rear camera features its own flash.","Mandatory":"0","Searchable":"0","Optional":"0","Feature":{"ID":"36602","Sign":"","Measure":{"ID":"26","Sign":"","Signs":{"ID":"","_":"","Language":"EN"}},"Name":{"Value":"Rear camera flash","Language":"EN"}}},{"Localized":0,"ID":689471305,"LocalID":0,"Type":"y_n","Value":"Y","CategoryFeatureId":"211147","CategoryFeatureGroupID":"4346","SortNo":"31","PresentationValue":"Yes","RawValue":"Y","LocalValue":"Yes","Description":"This camera function compensates for slight shaking movements caused by an unstable position and ensures smooth footage even in suboptimal conditions.","Mandatory":"0","Searchable":"0","Optional":"0","Feature":{"ID":"1578","Sign":"","Measure":{"ID":"26","Sign":"","Signs":{"ID":"","_":"","Language":"EN"}},"Name":{"Value":"Image stabilizer","Language":"EN"}}},{"Localized":0,"ID":689471777,"LocalID":0,"Type":"y_n","Value":"Y","CategoryFeatureId":"952681","CategoryFeatureGroupID":"4346","SortNo":"31","PresentationValue":"Yes","RawValue":"Y","LocalValue":"Yes","Description":"","Mandatory":"0","Searchable":"0","Optional":"0","Feature":{"ID":"36310","Sign":"","Measure":{"ID":"26","Sign":"","Signs":{"ID":"","_":"","Language":"EN"}},"Name":{"Value":"High Dynamic Range (HDR) supported","Language":"EN"}}},{"Localized":0,"ID":689471787,"LocalID":0,"Type":"dropdown","Value":"Smart HDR 4","CategoryFeatureId":"952643","CategoryFeatureGroupID":"4346","SortNo":"30","PresentationValue":"Smart HDR 4","RawValue":"Smart HDR 4","LocalValue":"Smart HDR 4","Description":"","Mandatory":"0","Searchable":"0","Optional":"0","Feature":{"ID":"40712","Sign":"","Measure":{"ID":"29","Sign":"","Signs":{"ID":"","_":"","Language":"EN"}},"Name":{"Value":"High Dynamic Range (HDR) technology","Language":"EN"}}},{"Localized":0,"ID":689471849,"LocalID":0,"Type":"y_n","Value":"Y","CategoryFeatureId":"952646","CategoryFeatureGroupID":"4346","SortNo":"30","PresentationValue":"Yes","RawValue":"Y","LocalValue":"Yes","Description":"","Mandatory":"0","Searchable":"0","Optional":"0","Feature":{"ID":"47944","Sign":"","Measure":{"ID":"26","Sign":"","Signs":{"ID":"","_":"","Language":"EN"}},"Name":{"Value":"Cinematic video stabilization","Language":"EN"}}},{"Localized":0,"ID":689471527,"LocalID":0,"Type":"y_n","Value":"Y","CategoryFeatureId":"57776","CategoryFeatureGroupID":"4346","SortNo":"29","PresentationValue":"Yes","RawValue":"Y","LocalValue":"Yes","Description":"Recording moving visual images.","Mandatory":"0","Searchable":"0","Optional":"0","Feature":{"ID":"8649","Sign":"","Measure":{"ID":"26","Sign":"","Signs":{"ID":"","_":"","Language":"EN"}},"Name":{"Value":"Video recording","Language":"EN"}}},{"Localized":0,"ID":689471480,"LocalID":0,"Type":"2d","Value":"3840 x 2160","CategoryFeatureId":"57784","CategoryFeatureGroupID":"4346","SortNo":"29","PresentationValue":"3840 x 2160 pixels","RawValue":"3840 x 2160","LocalValue":"3840 x 2160","Description":"This is the maximum resolution of video images. Resolution is a measure of the degree of detail visible.","Mandatory":"0","Searchable":"0","Optional":"0","Feature":{"ID":"7514","Sign":"","Measure":{"ID":"39","Sign":"","Signs":{"ID":"23","_":"pixels","Language":"EN"}},"Name":{"Value":"Maximum video resolution","Language":"EN"}}},{"Localized":0,"ID":689471553,"LocalID":0,"Type":"multi_dropdown","Value":"720p,1080p,2160p","CategoryFeatureId":"95612","CategoryFeatureGroupID":"4346","SortNo":"29","PresentationValue":"720p, 1080p, 2160p","RawValue":"720p,1080p,2160p","LocalValue":"720p, 1080p, 2160p","Description":"","Mandatory":"0","Searchable":"0","Optional":"0","Feature":{"ID":"8745","Sign":"","Measure":{"ID":"29","Sign":"","Signs":{"ID":"","_":"","Language":"EN"}},"Name":{"Value":"Video recording modes","Language":"EN"}}},{"Localized":0,"ID":689471393,"LocalID":0,"Type":"multi_dropdown","Value":"1280x720@30fps,1920x1080@25fps,1920x1080@30fps,1920x1080@60fps,3840x2160@24fps,3840x2160@25fps,3840x2160@30fps,3840x2160@60fps","CategoryFeatureId":"211157","CategoryFeatureGroupID":"4346","SortNo":"29","PresentationValue":"1280x720@30fps, 1920x1080@25fps, 1920x1080@30fps, 1920x1080@60fps, 3840x2160@24fps, 3840x2160@25fps, 3840x2160@30fps, 3840x2160@60fps","RawValue":"1280x720@30fps,1920x1080@25fps,1920x1080@30fps,1920x1080@60fps,3840x2160@24fps,3840x2160@25fps,3840x2160@30fps,3840x2160@60fps","LocalValue":"1280x720@30fps, 1920x1080@25fps, 1920x1080@30fps, 1920x1080@60fps, 3840x2160@24fps, 3840x2160@25fps, 3840x2160@30fps, 3840x2160@60fps","Description":"","Mandatory":"0","Searchable":"0","Optional":"0","Feature":{"ID":"2963","Sign":"","Measure":{"ID":"29","Sign":"","Signs":{"ID":"","_":"","Language":"EN"}},"Name":{"Value":"Resolution at capture speed","Language":"EN"}}},{"Localized":0,"ID":689471385,"LocalID":0,"Type":"numerical","Value":"240","CategoryFeatureId":"63466","CategoryFeatureGroupID":"4346","SortNo":"28","PresentationValue":"240 fps","RawValue":"240","LocalValue":"240","Description":"","Mandatory":"0","Searchable":"0","Optional":"0","Feature":{"ID":"2791","Sign":"","Measure":{"ID":"85","Sign":"","Signs":{"ID":"67","_":"fps","Language":"EN"}},"Name":{"Value":"Video capturing speed","Language":"EN"}}},{"Localized":0,"ID":689471618,"LocalID":0,"Type":"y_n","Value":"Y","CategoryFeatureId":"80815","CategoryFeatureGroupID":"4346","SortNo":"22","PresentationValue":"Yes","RawValue":"Y","LocalValue":"Yes","Description":"Camera at the front of the product.","Mandatory":"1","Searchable":"0","Optional":"0","Feature":{"ID":"12436","Sign":"","Measure":{"ID":"26","Sign":"","Signs":{"ID":"","_":"","Language":"EN"}},"Name":{"Value":"Front camera","Language":"EN"}}},{"Localized":0,"ID":689471624,"LocalID":0,"Type":"numerical","Value":"12","CategoryFeatureId":"80816","CategoryFeatureGroupID":"4346","SortNo":"21","PresentationValue":"12 MP","RawValue":"12","LocalValue":"12","Description":"","Mandatory":"0","Searchable":"0","Optional":"0","Feature":{"ID":"12437","Sign":"","Measure":{"ID":"165","Sign":"","Signs":{"ID":"3126","_":"MP","Language":"EN"}},"Name":{"Value":"Front camera resolution (numeric)","Language":"EN"}}},{"Localized":0,"ID":689471744,"LocalID":0,"Type":"numerical","Value":"2.4","CategoryFeatureId":"211144","CategoryFeatureGroupID":"4346","SortNo":"21","PresentationValue":"2.4","RawValue":"2.4","LocalValue":"2.4","Description":"","Mandatory":"0","Searchable":"0","Optional":"0","Feature":{"ID":"27601","Sign":"","Measure":{"ID":"29","Sign":"","Signs":{"ID":"","_":"","Language":"EN"}},"Name":{"Value":"Front camera aperture number","Language":"EN"}}},{"Localized":0,"ID":689471763,"LocalID":0,"Type":"y_n","Value":"Y","CategoryFeatureId":"211158","CategoryFeatureGroupID":"4346","SortNo":"19","PresentationValue":"Yes","RawValue":"Y","LocalValue":"Yes","Description":"","Mandatory":"0","Searchable":"0","Optional":"0","Feature":{"ID":"31439","Sign":"","Measure":{"ID":"26","Sign":"","Signs":{"ID":"","_":"","Language":"EN"}},"Name":{"Value":"Screen flash","Language":"EN"}}},{"Localized":0,"ID":689471531,"LocalID":0,"Type":"y_n","Value":"Y","CategoryFeatureId":"95611","CategoryFeatureGroupID":"4346","SortNo":"18","PresentationValue":"Yes","RawValue":"Y","LocalValue":"Yes","Description":"","Mandatory":"0","Searchable":"0","Optional":"0","Feature":{"ID":"8697","Sign":"","Measure":{"ID":"26","Sign":"","Signs":{"ID":"","_":"","Language":"EN"}},"Name":{"Value":"Geotagging","Language":"EN"}}},{"Localized":0,"ID":689471632,"LocalID":0,"Type":"text","Value":"Y","CategoryFeatureId":"952644","CategoryFeatureGroupID":"4346","SortNo":"0","PresentationValue":"Y","RawValue":"Y","LocalValue":"Y","Description":"","Mandatory":"0","Searchable":"0","Optional":"1","Feature":{"ID":"12794","Sign":"","Measure":{"ID":"29","Sign":"","Signs":{"ID":"","_":"","Language":"EN"}},"Name":{"Value":"Red-eye correction","Language":"EN"}}},{"Localized":0,"ID":689471846,"LocalID":0,"Type":"y_n","Value":"Y","CategoryFeatureId":"952645","CategoryFeatureGroupID":"4346","SortNo":"0","PresentationValue":"Yes","RawValue":"Y","LocalValue":"Yes","Description":"","Mandatory":"0","Searchable":"0","Optional":"0","Feature":{"ID":"47943","Sign":"","Measure":{"ID":"26","Sign":"","Signs":{"ID":"","_":"","Language":"EN"}},"Name":{"Value":"Burst mode","Language":"EN"}}},{"Localized":0,"ID":689471834,"LocalID":0,"Type":"dropdown","Value":"HEIF,JPEG","CategoryFeatureId":"952677","CategoryFeatureGroupID":"4346","SortNo":"-1","PresentationValue":"HEIF, JPEG","RawValue":"HEIF,JPEG","LocalValue":"HEIF, JPEG","Description":"","Mandatory":"0","Searchable":"0","Optional":"0","Feature":{"ID":"45975","Sign":"","Measure":{"ID":"29","Sign":"","Signs":{"ID":"","_":"","Language":"EN"}},"Name":{"Value":"Camera image formats supported","Language":"EN"}}},{"Localized":0,"ID":689471841,"LocalID":0,"Type":"y_n","Value":"Y","CategoryFeatureId":"952679","CategoryFeatureGroupID":"4346","SortNo":"-1","PresentationValue":"Yes","RawValue":"Y","LocalValue":"Yes","Description":"","Mandatory":"0","Searchable":"0","Optional":"0","Feature":{"ID":"46540","Sign":"","Measure":{"ID":"26","Sign":"","Signs":{"ID":"","_":"","Language":"EN"}},"Name":{"Value":"Camera High Dynamic Range (HDR) mode","Language":"EN"}}},{"Localized":0,"ID":689471838,"LocalID":0,"Type":"dropdown","Value":"H.264,HEVC","CategoryFeatureId":"952678","CategoryFeatureGroupID":"4346","SortNo":"-2","PresentationValue":"H.264, HEVC","RawValue":"H.264,HEVC","LocalValue":"H.264, HEVC","Description":"","Mandatory":"0","Searchable":"0","Optional":"0","Feature":{"ID":"45979","Sign":"","Measure":{"ID":"29","Sign":"","Signs":{"ID":"","_":"","Language":"EN"}},"Name":{"Value":"Camera video formats supported","Language":"EN"}}}]},{"ID":2678,"SortNo":"74","FeatureGroup":{"ID":"35","Name":{"Value":"Network","Language":"EN"}},"Features":[{"Localized":0,"ID":689471723,"LocalID":0,"Type":"y_n","Value":"N","CategoryFeatureId":"328664","CategoryFeatureGroupID":"2678","SortNo":"410","PresentationValue":"No","RawValue":"N","LocalValue":"No","Description":"","Mandatory":"1","Searchable":"1","Optional":"0","Feature":{"ID":"24557","Sign":"","Measure":{"ID":"26","Sign":"","Signs":{"ID":"","_":"","Language":"EN"}},"Name":{"Value":"Mobile network connection","Language":"EN"}}},{"Localized":0,"ID":689471359,"LocalID":0,"Type":"y_n","Value":"Y","CategoryFeatureId":"21000","CategoryFeatureGroupID":"2678","SortNo":"300","PresentationValue":"Yes","RawValue":"Y","LocalValue":"Yes","Description":"Bluetooth is a low-power radio technology developed to replace the cables and wires currently used to link or connect electronic devices such as personal computers, printers, and a wide variety of handheld devices including mobile phones. Because it uses radio-wave connectivity, a Bluetooth-enabled device has a constant, established connection to whatever browser it uses. This saves the user the trouble of logging on to check for emails or news updates, for example.","Mandatory":"0","Searchable":"0","Optional":"0","Feature":{"ID":"2183","Sign":"","Measure":{"ID":"26","Sign":"","Signs":{"ID":"","_":"","Language":"EN"}},"Name":{"Value":"Bluetooth","Language":"EN"}}},{"Localized":0,"ID":689471284,"LocalID":0,"Type":"dropdown","Value":"5.3","CategoryFeatureId":"21001","CategoryFeatureGroupID":"2678","SortNo":"299","PresentationValue":"5.3","RawValue":"5.3","LocalValue":"5.3","Description":"The type of bluetooth technology in the product e.g. Bluetooth Smart (v4.0).","Mandatory":"0","Searchable":"0","Optional":"0","Feature":{"ID":"1208","Sign":"","Measure":{"ID":"29","Sign":"","Signs":{"ID":"","_":"","Language":"EN"}},"Name":{"Value":"Bluetooth version","Language":"EN"}}},{"Localized":0,"ID":689471732,"LocalID":0,"Type":"dropdown","Value":"Wi-Fi 6E (802.11ax)","CategoryFeatureId":"169236","CategoryFeatureGroupID":"2678","SortNo":"85","PresentationValue":"Wi-Fi 6E (802.11ax)","RawValue":"Wi-Fi 6E (802.11ax)","LocalValue":"Wi-Fi 6E (802.11ax)","Description":"Connection of this device is done via Wi-Fi in a high standard.","Mandatory":"1","Searchable":"0","Optional":"0","Feature":{"ID":"24993","Sign":"","Measure":{"ID":"29","Sign":"","Signs":{"ID":"","_":"","Language":"EN"}},"Name":{"Value":"Top Wi-Fi standard","Language":"EN"}}},{"Localized":0,"ID":689471215,"LocalID":0,"Type":"multi_dropdown","Value":"Wi-Fi 6E (802.11ax)","CategoryFeatureId":"50074","CategoryFeatureGroupID":"2678","SortNo":"49","PresentationValue":"Wi-Fi 6E (802.11ax)","RawValue":"Wi-Fi 6E (802.11ax)","LocalValue":"Wi-Fi 6E (802.11ax)","Description":"The type of wireless local area network (LAN). It can be ad-hoc, where units in a network communicate peer-to-peer, or Infrastructure, where units communicate with each other via an access point  A LAN interconnects computers in a small area e.g. home, school or office.","Mandatory":"0","Searchable":"0","Optional":"0","Feature":{"ID":"432","Sign":"","Measure":{"ID":"29","Sign":"","Signs":{"ID":"","_":"","Language":"EN"}},"Name":{"Value":"Wi-Fi standards","Language":"EN"}}},{"Localized":0,"ID":689471578,"LocalID":0,"Type":"y_n","Value":"Y","CategoryFeatureId":"57778","CategoryFeatureGroupID":"2678","SortNo":"0","PresentationValue":"Yes","RawValue":"Y","LocalValue":"Yes","Description":"AirPlay (previously called AirTunes when it was for audio only) is a proprietary protocol stack/suite developed by Apple Inc. that allows wireless streaming of audio, video, and photos, together with related metadata between devices. Originally only implemented in Apple's software and devices, Apple has licensed the AirPlay protocol stack as a third-party software component technology to manufacturer partners for them to use in their products in order to be compatible with Apple's iDevices.","Mandatory":"0","Searchable":"0","Optional":"0","Feature":{"ID":"9763","Sign":"","Measure":{"ID":"26","Sign":"","Signs":{"ID":"","_":"","Language":"EN"}},"Name":{"Value":"AirPlay","Language":"EN"}}},{"Localized":0,"ID":689471752,"LocalID":0,"Type":"y_n","Value":"Y","CategoryFeatureId":"683902","CategoryFeatureGroupID":"2678","SortNo":"0","PresentationValue":"Yes","RawValue":"Y","LocalValue":"Yes","Description":"","Mandatory":"0","Searchable":"0","Optional":"1","Feature":{"ID":"27802","Sign":"","Measure":{"ID":"26","Sign":"","Signs":{"ID":"","_":"","Language":"EN"}},"Name":{"Value":"MIMO","Language":"EN"}}},{"Localized":0,"ID":689471565,"LocalID":0,"Type":"dropdown","Value":"N","CategoryFeatureId":"54329","CategoryFeatureGroupID":"2678","SortNo":"-2","PresentationValue":"No","RawValue":"N","LocalValue":"No","Description":"","Mandatory":"0","Searchable":"0","Optional":"0","Feature":{"ID":"9166","Sign":"","Measure":{"ID":"29","Sign":"","Signs":{"ID":"","_":"","Language":"EN"}},"Name":{"Value":"SIM card type","Language":"EN"}}}]},{"ID":847,"SortNo":"72","FeatureGroup":{"ID":"12","Name":{"Value":"Ports & interfaces","Language":"EN"}},"Features":[{"Localized":0,"ID":689471720,"LocalID":0,"Type":"numerical","Value":"1","CategoryFeatureId":"248286","CategoryFeatureGroupID":"847","SortNo":"77","PresentationValue":"1","RawValue":"1","LocalValue":"1","Description":"Number of USB 3.1 (3.1 Gen 2) ports with Type-C connector. USB 3.1 (3.1 Gen 2) is USB interface version which supports transfer rate up to 10 Gbit/s (SuperSpeed+). USB Type-C connector has symmetrical design architecture and compatible with Thunderbolt 3 interface.","Mandatory":"0","Searchable":"0","Optional":"0","Feature":{"ID":"22704","Sign":"","Measure":{"ID":"29","Sign":"","Signs":{"ID":"","_":"","Language":"EN"}},"Name":{"Value":"USB 3.2 Gen 2 (3.1 Gen 2) Type-C ports quantity","Language":"EN"}}},{"Localized":0,"ID":689471760,"LocalID":0,"Type":"y_n","Value":"Y","CategoryFeatureId":"710619","CategoryFeatureGroupID":"847","SortNo":"65","PresentationValue":"Yes","RawValue":"Y","LocalValue":"Yes","Description":"","Mandatory":"0","Searchable":"0","Optional":"0","Feature":{"ID":"31406","Sign":"","Measure":{"ID":"26","Sign":"","Signs":{"ID":"","_":"","Language":"EN"}},"Name":{"Value":"USB Type-C DisplayPort Alternate Mode","Language":"EN"}}},{"Localized":0,"ID":689471584,"LocalID":0,"Type":"y_n","Value":"N","CategoryFeatureId":"72897","CategoryFeatureGroupID":"847","SortNo":"0","PresentationValue":"No","RawValue":"N","LocalValue":"No","Description":"","Mandatory":"0","Searchable":"0","Optional":"0","Feature":{"ID":"9858","Sign":"","Measure":{"ID":"26","Sign":"","Signs":{"ID":"","_":"","Language":"EN"}},"Name":{"Value":"Combo headphone/mic port","Language":"EN"}}}]},{"ID":8332,"SortNo":"52","FeatureGroup":{"ID":"42","Name":{"Value":"Phone features","Language":"EN"}},"Features":[{"Localized":0,"ID":689471587,"LocalID":0,"Type":"y_n","Value":"Y","CategoryFeatureId":"63483","CategoryFeatureGroupID":"8332","SortNo":"0","PresentationValue":"Yes","RawValue":"Y","LocalValue":"Yes","Description":"","Mandatory":"0","Searchable":"0","Optional":"0","Feature":{"ID":"10126","Sign":"","Measure":{"ID":"26","Sign":"","Signs":{"ID":"","_":"","Language":"EN"}},"Name":{"Value":"Voice call","Language":"EN"}}},{"Localized":0,"ID":689471468,"LocalID":0,"Type":"y_n","Value":"Y","CategoryFeatureId":"63484","CategoryFeatureGroupID":"8332","SortNo":"0","PresentationValue":"Yes","RawValue":"Y","LocalValue":"Yes","Description":"Simultaneous video and audio signals to enable people to talk to and see each other in real time.","Mandatory":"0","Searchable":"0","Optional":"0","Feature":{"ID":"7018","Sign":"","Measure":{"ID":"26","Sign":"","Signs":{"ID":"","_":"","Language":"EN"}},"Name":{"Value":"Video call","Language":"EN"}}},{"Localized":0,"ID":689471852,"LocalID":0,"Type":"y_n","Value":"Y","CategoryFeatureId":"952652","CategoryFeatureGroupID":"8332","SortNo":"0","PresentationValue":"Yes","RawValue":"Y","LocalValue":"Yes","Description":"","Mandatory":"0","Searchable":"0","Optional":"0","Feature":{"ID":"47947","Sign":"","Measure":{"ID":"26","Sign":"","Signs":{"ID":"","_":"","Language":"EN"}},"Name":{"Value":"Spatial audio","Language":"EN"}}}]},{"ID":10998,"SortNo":"40","FeatureGroup":{"ID":"148","Name":{"Value":"Design","Language":"EN"}},"Features":[{"Localized":1,"ID":0,"LocalID":551843392,"Type":"text","Value":"","CategoryFeatureId":"270481","CategoryFeatureGroupID":"10998","SortNo":"600","PresentationValue":"Space Grey","RawValue":"","LocalValue":"Space Grey","Description":"","Mandatory":"0","Searchable":"0","Optional":"0","Feature":{"ID":"17956","Sign":"","Measure":{"ID":"29","Sign":"","Signs":{"ID":"","_":"","Language":"EN"}},"Name":{"Value":"Colour name","Language":"EN"}}},{"Localized":0,"ID":689471374,"LocalID":0,"Type":"dropdown","Value":"Mobile tablet","CategoryFeatureId":"95720","CategoryFeatureGroupID":"10998","SortNo":"500","PresentationValue":"Mobile tablet","RawValue":"Mobile tablet","LocalValue":"Mobile tablet","Description":"Type or category of the device.","Mandatory":"1","Searchable":"0","Optional":"0","Feature":{"ID":"2328","Sign":"","Measure":{"ID":"29","Sign":"","Signs":{"ID":"","_":"","Language":"EN"}},"Name":{"Value":"Device type","Language":"EN"}}},{"Localized":0,"ID":689471445,"LocalID":0,"Type":"dropdown","Value":"Aluminium","CategoryFeatureId":"327763","CategoryFeatureGroupID":"10998","SortNo":"300","PresentationValue":"Aluminium","RawValue":"Aluminium","LocalValue":"Aluminium","Description":"What the casing of the product is made of.","Mandatory":"0","Searchable":"0","Optional":"0","Feature":{"ID":"5214","Sign":"","Measure":{"ID":"29","Sign":"","Signs":{"ID":"","_":"","Language":"EN"}},"Name":{"Value":"Housing material","Language":"EN"}}},{"Localized":0,"ID":689471244,"LocalID":0,"Type":"dropdown","Value":"Slate","CategoryFeatureId":"7141","CategoryFeatureGroupID":"10998","SortNo":"100","PresentationValue":"Slate","RawValue":"Slate","LocalValue":"Slate","Description":"The shape or design of the product.","Mandatory":"1","Searchable":"1","Optional":"0","Feature":{"ID":"771","Sign":"","Measure":{"ID":"29","Sign":"","Signs":{"ID":"","_":"","Language":"EN"}},"Name":{"Value":"Form factor","Language":"EN"}}},{"Localized":0,"ID":689471332,"LocalID":0,"Type":"dropdown","Value":"Grey","CategoryFeatureId":"35294","CategoryFeatureGroupID":"10998","SortNo":"1","PresentationValue":"Grey","RawValue":"Grey","LocalValue":"Grey","Description":"The colour e.g. red, blue, green, black, white.","Mandatory":"1","Searchable":"1","Optional":"0","Feature":{"ID":"1766","Sign":"","Measure":{"ID":"29","Sign":"","Signs":{"ID":"","_":"","Language":"EN"}},"Name":{"Value":"Product colour","Language":"EN"}}}]},{"ID":11000,"SortNo":"30","FeatureGroup":{"ID":"184","Name":{"Value":"Performance","Language":"EN"}},"Features":[{"Localized":0,"ID":689471453,"LocalID":0,"Type":"y_n","Value":"N","CategoryFeatureId":"54330","CategoryFeatureGroupID":"11000","SortNo":"110","PresentationValue":"No","RawValue":"N","LocalValue":"No","Description":"Assisted GPS, generally abbreviated as A-GPS, enhances the startup performance of a GPS satellite-based positioning system. It is used extensively with GPS-capable cellular phones as its development was accelerated by the U.S. FCC's 911 mandate making the location of a cell phone available to emergency call dispatchers.","Mandatory":"1","Searchable":"0","Optional":"0","Feature":{"ID":"6623","Sign":"","Measure":{"ID":"26","Sign":"","Signs":{"ID":"","_":"","Language":"EN"}},"Name":{"Value":"Assisted GPS (A-GPS)","Language":"EN"}}},{"Localized":0,"ID":689471408,"LocalID":0,"Type":"y_n","Value":"N","CategoryFeatureId":"31225","CategoryFeatureGroupID":"11000","SortNo":"109","PresentationValue":"No","RawValue":"N","LocalValue":"No","Description":"Global Positioning System (GPS) is a space-based satellite navigation system that provides location and time information in all weather conditions, anywhere on or near the Earth where there is an unobstructed line of sight to four or more GPS satellites. The system provides critical capabilities to military, civil and commercial users around the world. It is maintained by the United States government and is freely accessible to anyone with a GPS receiver.","Mandatory":"0","Searchable":"0","Optional":"0","Feature":{"ID":"3329","Sign":"","Measure":{"ID":"26","Sign":"","Signs":{"ID":"","_":"","Language":"EN"}},"Name":{"Value":"GPS (satellite)","Language":"EN"}}},{"Localized":0,"ID":689471766,"LocalID":0,"Type":"y_n","Value":"Y","CategoryFeatureId":"211159","CategoryFeatureGroupID":"11000","SortNo":"108","PresentationValue":"Yes","RawValue":"Y","LocalValue":"Yes","Description":"","Mandatory":"0","Searchable":"0","Optional":"0","Feature":{"ID":"31440","Sign":"","Measure":{"ID":"26","Sign":"","Signs":{"ID":"","_":"","Language":"EN"}},"Name":{"Value":"iBeacon","Language":"EN"}}},{"Localized":0,"ID":689471542,"LocalID":0,"Type":"y_n","Value":"Y","CategoryFeatureId":"291777","CategoryFeatureGroupID":"11000","SortNo":"107","PresentationValue":"Yes","RawValue":"Y","LocalValue":"Yes","Description":"","Mandatory":"0","Searchable":"0","Optional":"0","Feature":{"ID":"8742","Sign":"","Measure":{"ID":"26","Sign":"","Signs":{"ID":"","_":"","Language":"EN"}},"Name":{"Value":"Wi-Fi positioning","Language":"EN"}}},{"Localized":0,"ID":689471810,"LocalID":0,"Type":"dropdown","Value":"AssistiveTouch,Audio Descriptions,Closed Captions,Live Captions,Magnifier,Real-time text (RTT),Siri and Dictation,Spoken Content,Subtitles,Switch Control,Type to Siri,Voice Control,VoiceOver,Zoom","CategoryFeatureId":"929799","CategoryFeatureGroupID":"11000","SortNo":"107","PresentationValue":"AssistiveTouch, Audio Descriptions, Closed Captions, Live Captions, Magnifier, Real-time text (RTT), Siri and Dictation, Spoken Content, Subtitles, Switch Control, Type to Siri, Voice Control, VoiceOver, Zoom","RawValue":"AssistiveTouch,Audio Descriptions,Closed Captions,Live Captions,Magnifier,Real-time text (RTT),Siri and Dictation,Spoken Content,Subtitles,Switch Control,Type to Siri,Voice Control,VoiceOver,Zoom","LocalValue":"AssistiveTouch, Audio Descriptions, Closed Captions, Live Captions, Magnifier, Real-time text (RTT), Siri and Dictation, Spoken Content, Subtitles, Switch Control, Type to Siri, Voice Control, VoiceOver, Zoom","Description":"","Mandatory":"0","Searchable":"0","Optional":"0","Feature":{"ID":"43091","Sign":"","Measure":{"ID":"29","Sign":"","Signs":{"ID":"","_":"","Language":"EN"}},"Name":{"Value":"Accessibility features","Language":"EN"}}},{"Localized":0,"ID":689471571,"LocalID":0,"Type":"y_n","Value":"Y","CategoryFeatureId":"57378","CategoryFeatureGroupID":"11000","SortNo":"20","PresentationValue":"Yes","RawValue":"Y","LocalValue":"Yes","Description":"","Mandatory":"0","Searchable":"0","Optional":"0","Feature":{"ID":"9731","Sign":"","Measure":{"ID":"26","Sign":"","Signs":{"ID":"","_":"","Language":"EN"}},"Name":{"Value":"Accelerometer","Language":"EN"}}},{"Localized":0,"ID":689471535,"LocalID":0,"Type":"y_n","Value":"Y","CategoryFeatureId":"56973","CategoryFeatureGroupID":"11000","SortNo":"18","PresentationValue":"Yes","RawValue":"Y","LocalValue":"Yes","Description":"","Mandatory":"0","Searchable":"0","Optional":"0","Feature":{"ID":"8720","Sign":"","Measure":{"ID":"26","Sign":"","Signs":{"ID":"","_":"","Language":"EN"}},"Name":{"Value":"Ambient light sensor","Language":"EN"}}},{"Localized":0,"ID":689471575,"LocalID":0,"Type":"y_n","Value":"Y","CategoryFeatureId":"57379","CategoryFeatureGroupID":"11000","SortNo":"16","PresentationValue":"Yes","RawValue":"Y","LocalValue":"Yes","Description":"","Mandatory":"0","Searchable":"0","Optional":"0","Feature":{"ID":"9732","Sign":"","Measure":{"ID":"26","Sign":"","Signs":{"ID":"","_":"","Language":"EN"}},"Name":{"Value":"Gyroscope","Language":"EN"}}},{"Localized":0,"ID":689471327,"LocalID":0,"Type":"y_n","Value":"Y","CategoryFeatureId":"54335","CategoryFeatureGroupID":"11000","SortNo":"1","PresentationValue":"Yes","RawValue":"Y","LocalValue":"Yes","Description":"Electronic instrument used for navigation that shows directions in a frame of reference (north, south, east, west) that is stationary relative to the surface of the earth.","Mandatory":"0","Searchable":"0","Optional":"0","Feature":{"ID":"1733","Sign":"","Measure":{"ID":"26","Sign":"","Signs":{"ID":"","_":"","Language":"EN"}},"Name":{"Value":"Electronic compass","Language":"EN"}}},{"Localized":0,"ID":689471485,"LocalID":0,"Type":"y_n","Value":"Y","CategoryFeatureId":"107774","CategoryFeatureGroupID":"11000","SortNo":"1","PresentationValue":"Yes","RawValue":"Y","LocalValue":"Yes","Description":"","Mandatory":"0","Searchable":"0","Optional":"0","Feature":{"ID":"7609","Sign":"","Measure":{"ID":"26","Sign":"","Signs":{"ID":"","_":"","Language":"EN"}},"Name":{"Value":"Barometer","Language":"EN"}}},{"Localized":0,"ID":689471736,"LocalID":0,"Type":"y_n","Value":"Y","CategoryFeatureId":"166075","CategoryFeatureGroupID":"11000","SortNo":"0","PresentationValue":"Yes","RawValue":"Y","LocalValue":"Yes","Description":"Whether the navigation system can locate the phone's position.","Mandatory":"1","Searchable":"1","Optional":"0","Feature":{"ID":"26425","Sign":"","Measure":{"ID":"26","Sign":"","Signs":{"ID":"","_":"","Language":"EN"}},"Name":{"Value":"Position location","Language":"EN"}}}]},{"ID":29709,"SortNo":"29","FeatureGroup":{"ID":"75","Name":{"Value":"Security","Language":"EN"}},"Features":[{"Localized":0,"ID":689471418,"LocalID":0,"Type":"y_n","Value":"Y","CategoryFeatureId":"31233","CategoryFeatureGroupID":"29709","SortNo":"70","PresentationValue":"Yes","RawValue":"Y","LocalValue":"Yes","Description":"A scanner used to identify a person's fingerprint for security purposes. After a sample is taken, access to a computer or other system is granted if the fingerprint matches the stored sample. A PIN may also be used with the fingerprint sample.","Mandatory":"0","Searchable":"0","Optional":"0","Feature":{"ID":"3577","Sign":"","Measure":{"ID":"26","Sign":"","Signs":{"ID":"","_":"","Language":"EN"}},"Name":{"Value":"Fingerprint reader","Language":"EN"}}},{"Localized":0,"ID":689471661,"LocalID":0,"Type":"y_n","Value":"Y","CategoryFeatureId":"94063","CategoryFeatureGroupID":"29709","SortNo":"68","PresentationValue":"Yes","RawValue":"Y","LocalValue":"Yes","Description":"The computer, smartphone etc. can only be used when the correct password is entered, therefore making it more secure.","Mandatory":"0","Searchable":"0","Optional":"0","Feature":{"ID":"16095","Sign":"","Measure":{"ID":"26","Sign":"","Signs":{"ID":"","_":"","Language":"EN"}},"Name":{"Value":"Password protection","Language":"EN"}}}]},{"ID":12019,"SortNo":"25","FeatureGroup":{"ID":"90","Name":{"Value":"Software","Language":"EN"}},"Features":[{"Localized":0,"ID":689471196,"LocalID":0,"Type":"dropdown","Value":"iPadOS","CategoryFeatureId":"164597","CategoryFeatureGroupID":"12019","SortNo":"101","PresentationValue":"iPadOS","RawValue":"iPadOS","LocalValue":"iPadOS","Description":"Description of a technology platform including a processor, chipset, platform software and wired networking capabilities.","Mandatory":"1","Searchable":"1","Optional":"0","Feature":{"ID":"75","Sign":"","Measure":{"ID":"29","Sign":"","Signs":{"ID":"","_":"","Language":"EN"}},"Name":{"Value":"Platform","Language":"EN"}}},{"Localized":0,"ID":689471770,"LocalID":0,"Type":"dropdown","Value":"Apple Siri","CategoryFeatureId":"211165","CategoryFeatureGroupID":"12019","SortNo":"95","PresentationValue":"Apple Siri","RawValue":"Apple Siri","LocalValue":"Apple Siri","Description":"Depending on the make of the device, a different application is pre-installed that can understand voice commands and complete tasks for a user, e.g. Apple Siri, Amazon Alexa.","Mandatory":"0","Searchable":"0","Optional":"0","Feature":{"ID":"31445","Sign":"","Measure":{"ID":"29","Sign":"","Signs":{"ID":"","_":"","Language":"EN"}},"Name":{"Value":"Virtual assistant","Language":"EN"}}},{"Localized":0,"ID":689471403,"LocalID":0,"Type":"dropdown","Value":"iPadOS 18","CategoryFeatureId":"20706","CategoryFeatureGroupID":"12019","SortNo":"84","PresentationValue":"iPadOS 18","RawValue":"iPadOS 18","LocalValue":"iPadOS 18","Description":"Type of operating system on a device e.g. IOS on Apple devices, Android for mobile devices.","Mandatory":"1","Searchable":"1","Optional":"0","Feature":{"ID":"3233","Sign":"","Measure":{"ID":"29","Sign":"","Signs":{"ID":"","_":"","Language":"EN"}},"Name":{"Value":"Operating system installed","Language":"EN"}}},{"Localized":0,"ID":689471207,"LocalID":0,"Type":"textarea","Value":"App Store; Books; Calculator; Calendar; Camera; Clock; Contacts; FaceTime; Files; Find My; Freeform; Health; Home; iTunes Store; Magnifier; Mail; Maps; Measure; Messages; Music; News; Notes; Passwords; Photo Booth; Photos; Podcasts; Reminders; Safari; Settings; Shortcuts; Stocks; Tips; Translate; TV; Voice Memos; Weather; Pages; Numbers; Keynote; iMovie; GarageBand; Apple Store; Clips; Swift Playgrounds; Support","CategoryFeatureId":"16574","CategoryFeatureGroupID":"12019","SortNo":"0","PresentationValue":"App Store; Books; Calculator; Calendar; Camera; Clock; Contacts; FaceTime; Files; Find My; Freeform; Health; Home; iTunes Store; Magnifier; Mail; Maps; Measure; Messages; Music; News; Notes; Passwords; Photo Booth; Photos; Podcasts; Reminders; Safari; Settings; Shortcuts; Stocks; Tips; Translate; TV; Voice Memos; Weather; Pages; Numbers; Keynote; iMovie; GarageBand; Apple Store; Clips; Swift Playgrounds; Support","RawValue":"App Store; Books; Calculator; Calendar; Camera; Clock; Contacts; FaceTime; Files; Find My; Freeform; Health; Home; iTunes Store; Magnifier; Mail; Maps; Measure; Messages; Music; News; Notes; Passwords; Photo Booth; Photos; Podcasts; Reminders; Safari; Settings; Shortcuts; Stocks; Tips; Translate; TV; Voice Memos; Weather; Pages; Numbers; Keynote; iMovie; GarageBand; Apple Store; Clips; Swift Playgrounds; Support","LocalValue":"App Store; Books; Calculator; Calendar; Camera; Clock; Contacts; FaceTime; Files; Find My; Freeform; Health; Home; iTunes Store; Magnifier; Mail; Maps; Measure; Messages; Music; News; Notes; Passwords; Photo Booth; Photos; Podcasts; Reminders; Safari; Settings; Shortcuts; Stocks; Tips; Translate; TV; Voice Memos; Weather; Pages; Numbers; Keynote; iMovie; GarageBand; Apple Store; Clips; Swift Playgrounds; Support","Description":"Software distributed with another product such as a piece of computer hardware or other electronic device, or a group of software packages which are sold together. A software suite is an example of bundled software, as is software which is pre-installed on a new computer.","Mandatory":"0","Searchable":"0","Optional":"0","Feature":{"ID":"251","Sign":"","Measure":{"ID":"29","Sign":"","Signs":{"ID":"","_":"","Language":"EN"}},"Name":{"Value":"Bundled software","Language":"EN"}}},{"Localized":0,"ID":689471507,"LocalID":0,"Type":"multi_dropdown","Value":"Y","CategoryFeatureId":"63467","CategoryFeatureGroupID":"12019","SortNo":"-11","PresentationValue":"Yes","RawValue":"Y","LocalValue":"Yes","Description":"Windows vesions wich can be used with the device.","Mandatory":"0","Searchable":"0","Optional":"0","Feature":{"ID":"7986","Sign":"","Measure":{"ID":"29","Sign":"","Signs":{"ID":"","_":"","Language":"EN"}},"Name":{"Value":"Windows operating systems supported","Language":"EN"}}},{"Localized":0,"ID":689471247,"LocalID":0,"Type":"y_n","Value":"Y","CategoryFeatureId":"188916","CategoryFeatureGroupID":"12019","SortNo":"-11","PresentationValue":"Yes","RawValue":"Y","LocalValue":"Yes","Description":"Product can be used with Apple Mac software and/or hardware.","Mandatory":"0","Searchable":"0","Optional":"0","Feature":{"ID":"853","Sign":"","Measure":{"ID":"26","Sign":"","Signs":{"ID":"","_":"","Language":"EN"}},"Name":{"Value":"Mac compatibility","Language":"EN"}}},{"Localized":0,"ID":689471512,"LocalID":0,"Type":"multi_dropdown","Value":"Y","CategoryFeatureId":"63468","CategoryFeatureGroupID":"12019","SortNo":"-12","PresentationValue":"Yes","RawValue":"Y","LocalValue":"Yes","Description":"Mac operating systems e.g. OS X can be used with the device.","Mandatory":"0","Searchable":"0","Optional":"0","Feature":{"ID":"7987","Sign":"","Measure":{"ID":"29","Sign":"","Signs":{"ID":"","_":"","Language":"EN"}},"Name":{"Value":"Mac operating systems supported","Language":"EN"}}}]},{"ID":7821,"SortNo":"14","FeatureGroup":{"ID":"143","Name":{"Value":"Battery","Language":"EN"}},"Features":[{"Localized":0,"ID":689471221,"LocalID":0,"Type":"dropdown","Value":"Lithium Polymer (LiPo)","CategoryFeatureId":"7140","CategoryFeatureGroupID":"7821","SortNo":"50","PresentationValue":"Lithium Polymer (LiPo)","RawValue":"Lithium Polymer (LiPo)","LocalValue":"Lithium Polymer (LiPo)","Description":"The type of battery in the device, e.g. nickel–cadmium (NiCd).","Mandatory":"1","Searchable":"0","Optional":"0","Feature":{"ID":"434","Sign":"","Measure":{"ID":"29","Sign":"","Signs":{"ID":"","_":"","Language":"EN"}},"Name":{"Value":"Battery technology","Language":"EN"}}},{"Localized":0,"ID":689471522,"LocalID":0,"Type":"numerical","Value":"19.3","CategoryFeatureId":"54337","CategoryFeatureGroupID":"7821","SortNo":"47","PresentationValue":"19.3 Wh","RawValue":"19.3","LocalValue":"19.3","Description":"","Mandatory":"0","Searchable":"0","Optional":"0","Feature":{"ID":"8519","Sign":"","Measure":{"ID":"211","Sign":"","Signs":{"ID":"10077","_":"Wh","Language":"EN"}},"Name":{"Value":"Battery capacity","Language":"EN"}}},{"Localized":0,"ID":689471349,"LocalID":0,"Type":"numerical","Value":"10","CategoryFeatureId":"44885","CategoryFeatureGroupID":"7821","SortNo":"32","PresentationValue":"10 h","RawValue":"10","LocalValue":"10","Description":"","Mandatory":"0","Searchable":"0","Optional":"0","Feature":{"ID":"2173","Sign":"","Measure":{"ID":"46","Sign":"","Signs":{"ID":"30","_":"h","Language":"EN"}},"Name":{"Value":"Continuous video playback time","Language":"EN"}}},{"Localized":0,"ID":689471646,"LocalID":0,"Type":"numerical","Value":"10","CategoryFeatureId":"101390","CategoryFeatureGroupID":"7821","SortNo":"30","PresentationValue":"10 h","RawValue":"10","LocalValue":"10","Description":"","Mandatory":"0","Searchable":"0","Optional":"0","Feature":{"ID":"15264","Sign":"","Measure":{"ID":"46","Sign":"","Signs":{"ID":"30","_":"h","Language":"EN"}},"Name":{"Value":"Browsing time (Wi-Fi)","Language":"EN"}}},{"Localized":0,"ID":689471440,"LocalID":0,"Type":"y_n","Value":"Y","CategoryFeatureId":"639260","CategoryFeatureGroupID":"7821","SortNo":"0","PresentationValue":"Yes","RawValue":"Y","LocalValue":"Yes","Description":"","Mandatory":"0","Searchable":"0","Optional":"1","Feature":{"ID":"5204","Sign":"","Measure":{"ID":"26","Sign":"","Signs":{"ID":"","_":"","Language":"EN"}},"Name":{"Value":"Rechargeable battery","Language":"EN"}}}]},{"ID":849,"SortNo":"13","FeatureGroup":{"ID":"27","Name":{"Value":"Power","Language":"EN"}},"Features":[{"Localized":0,"ID":790763197,"LocalID":0,"Type":"y_n","Value":"Y","CategoryFeatureId":"974881","CategoryFeatureGroupID":"849","SortNo":"0","PresentationValue":"Yes","RawValue":"Y","LocalValue":"Yes","Description":"","Mandatory":"1","Searchable":"0","Optional":"0","Feature":{"ID":"48505","Sign":"","Measure":{"ID":"26","Sign":"","Signs":{"ID":"","_":"","Language":"EN"}},"Name":{"Value":"USB Type-C charging port","Language":"EN"}}},{"Localized":0,"ID":790763195,"LocalID":0,"Type":"y_n","Value":"Y","CategoryFeatureId":"974882","CategoryFeatureGroupID":"849","SortNo":"0","PresentationValue":"Yes","RawValue":"Y","LocalValue":"Yes","Description":"","Mandatory":"0","Searchable":"0","Optional":"0","Feature":{"ID":"34351","Sign":"","Measure":{"ID":"26","Sign":"","Signs":{"ID":"","_":"","Language":"EN"}},"Name":{"Value":"USB Power Delivery (USB PD)","Language":"EN"}}},{"Localized":0,"ID":790686360,"LocalID":0,"Type":"numerical","Value":"15","CategoryFeatureId":"974883","CategoryFeatureGroupID":"849","SortNo":"0","PresentationValue":"15 W","RawValue":"15","LocalValue":"15","Description":"","Mandatory":"1","Searchable":"0","Optional":"0","Feature":{"ID":"48506","Sign":"","Measure":{"ID":"44","Sign":"","Signs":{"ID":"28","_":"W","Language":"EN"}},"Name":{"Value":"USB Type-C required charging power (min)","Language":"EN"}}},{"Localized":0,"ID":790686369,"LocalID":0,"Type":"numerical","Value":"45","CategoryFeatureId":"974884","CategoryFeatureGroupID":"849","SortNo":"0","PresentationValue":"45 W","RawValue":"45","LocalValue":"45","Description":"","Mandatory":"1","Searchable":"0","Optional":"0","Feature":{"ID":"48507","Sign":"","Measure":{"ID":"44","Sign":"","Signs":{"ID":"28","_":"W","Language":"EN"}},"Name":{"Value":"USB Type-C required charging power (max)","Language":"EN"}}}]},{"ID":82701,"SortNo":"12","FeatureGroup":{"ID":"32","Name":{"Value":"Endurance","Language":"EN"}},"Features":[{"Localized":0,"ID":790516225,"LocalID":0,"Type":"dropdown","Value":"E","CategoryFeatureId":"1088508","CategoryFeatureGroupID":"82701","SortNo":"50","PresentationValue":"E","RawValue":"E","LocalValue":"E","Description":"The energy efficiency of the appliance is rated in terms of a set of energy efficiency classes from A+++ to G on the label, A+++ being the most energy efficient, G the least efficient.","Mandatory":"1","Searchable":"0","Optional":"0","Feature":{"ID":"2705","Sign":"","Measure":{"ID":"29","Sign":"","Signs":{"ID":"","_":"","Language":"EN"}},"Name":{"Value":"Energy efficiency class","Language":"EN"}}},{"Localized":0,"ID":790516240,"LocalID":0,"Type":"dropdown","Value":"A to G","CategoryFeatureId":"1088509","CategoryFeatureGroupID":"82701","SortNo":"48","PresentationValue":"A to G","RawValue":"A to G","LocalValue":"A to G","Description":"","Mandatory":"0","Searchable":"0","Optional":"0","Feature":{"ID":"39201","Sign":"","Measure":{"ID":"29","Sign":"","Signs":{"ID":"","_":"","Language":"EN"}},"Name":{"Value":"Energy efficiency scale","Language":"EN"}}},{"Localized":0,"ID":790516243,"LocalID":0,"Type":"numerical","Value":"4020","CategoryFeatureId":"1088510","CategoryFeatureGroupID":"82701","SortNo":"46","PresentationValue":"4020 min","RawValue":"4020","LocalValue":"4020","Description":"","Mandatory":"1","Searchable":"0","Optional":"0","Feature":{"ID":"49427","Sign":"","Measure":{"ID":"66","Sign":"","Signs":{"ID":"49","_":"min","Language":"EN"}},"Name":{"Value":"Battery endurance per cycle","Language":"EN"}}},{"Localized":0,"ID":790516247,"LocalID":0,"Type":"numerical","Value":"1000","CategoryFeatureId":"1088511","CategoryFeatureGroupID":"82701","SortNo":"44","PresentationValue":"1000","RawValue":"1000","LocalValue":"1000","Description":"","Mandatory":"1","Searchable":"0","Optional":"0","Feature":{"ID":"49429","Sign":"","Measure":{"ID":"29","Sign":"","Signs":{"ID":"","_":"","Language":"EN"}},"Name":{"Value":"Battery endurance in cycles","Language":"EN"}}},{"Localized":0,"ID":790516245,"LocalID":0,"Type":"dropdown","Value":"D","CategoryFeatureId":"1088512","CategoryFeatureGroupID":"82701","SortNo":"42","PresentationValue":"D","RawValue":"D","LocalValue":"D","Description":"","Mandatory":"1","Searchable":"0","Optional":"0","Feature":{"ID":"49428","Sign":"","Measure":{"ID":"29","Sign":"","Signs":{"ID":"","_":"","Language":"EN"}},"Name":{"Value":"Repeated free fall reliability class","Language":"EN"}}},{"Localized":0,"ID":790516248,"LocalID":0,"Type":"dropdown","Value":"C","CategoryFeatureId":"1088513","CategoryFeatureGroupID":"82701","SortNo":"40","PresentationValue":"C","RawValue":"C","LocalValue":"C","Description":"","Mandatory":"1","Searchable":"0","Optional":"0","Feature":{"ID":"49430","Sign":"","Measure":{"ID":"29","Sign":"","Signs":{"ID":"","_":"","Language":"EN"}},"Name":{"Value":"Repairability class","Language":"EN"}}},{"Localized":0,"ID":790516228,"LocalID":0,"Type":"dropdown","Value":"IP42","CategoryFeatureId":"122419","CategoryFeatureGroupID":"82701","SortNo":"38","PresentationValue":"IP42","RawValue":"IP42","LocalValue":"IP42","Description":"The IP code classifies and rates the degree of protection provided against the intrusion (including body parts such as hands and fingers), dust, accidental contact, and water by mechanical casings and electrical enclosures. It is published by the International Electrotechnical Commission (IEC). The digits (characteristic numerals) indicate conformity with the conditions summarized in the tables below. Where there is no protection rating with regard to one of the criteria, the digit is replaced with the letter X. an electrical socket rated IP22 is protected against insertion of fingers and will not be damaged or become unsafe during a specified test in which it is exposed to vertically or nearly vertically dripping water. Another example is the Sony Xperia Z Ultra, one of the first cellular phones to be IP-rated; it is rated at IP58 and marketed as \"dust resistant\" and can be \"immersed in 1.5 meter of freshwater for up to 30 minutes\".","Mandatory":"1","Searchable":"0","Optional":"0","Feature":{"ID":"7900","Sign":"","Measure":{"ID":"29","Sign":"","Signs":{"ID":"","_":"","Language":"EN"}},"Name":{"Value":"International Protection (IP) code","Language":"EN"}}}]},{"ID":72248,"SortNo":"11","FeatureGroup":{"ID":"279","Name":{"Value":"Sustainability","Language":"EN"}},"Features":[{"Localized":0,"ID":689471793,"LocalID":0,"Type":"multi_dropdown","Value":"Arsenic,BFR,Mercury (element),PVC","CategoryFeatureId":"630159","CategoryFeatureGroupID":"72248","SortNo":"0","PresentationValue":"Arsenic, BFR, Mercury, PVC","RawValue":"Arsenic,BFR,Mercury (element),PVC","LocalValue":"Arsenic, BFR, Mercury, PVC","Description":"","Mandatory":"0","Searchable":"0","Optional":"0","Feature":{"ID":"42516","Sign":"","Measure":{"ID":"29","Sign":"","Signs":{"ID":"","_":"","Language":"EN"}},"Name":{"Value":"Doesn't contain","Language":"EN"}}}]},{"ID":27900,"SortNo":"10","FeatureGroup":{"ID":"19","Name":{"Value":"Media formats","Language":"EN"}},"Features":[{"Localized":0,"ID":689471365,"LocalID":0,"Type":"multi_dropdown","Value":"AAC,FLAC,MP3","CategoryFeatureId":"34230","CategoryFeatureGroupID":"27900","SortNo":"-21","PresentationValue":"AAC, FLAC, MP3","RawValue":"AAC,FLAC,MP3","LocalValue":"AAC, FLAC, MP3","Description":"The audio formats which this device or software can read/use e.g. MP3, MP4.","Mandatory":"0","Searchable":"0","Optional":"1","Feature":{"ID":"2224","Sign":"","Measure":{"ID":"29","Sign":"","Signs":{"ID":"","_":"","Language":"EN"}},"Name":{"Value":"Audio formats supported","Language":"EN"}}},{"Localized":0,"ID":689471379,"LocalID":0,"Type":"multi_dropdown","Value":"GIF,JPG,TIFF","CategoryFeatureId":"44889","CategoryFeatureGroupID":"27900","SortNo":"-22","PresentationValue":"GIF, JPG, TIFF","RawValue":"GIF,JPG,TIFF","LocalValue":"GIF, JPG, TIFF","Description":"The type of image files that the device can use/display e.g. gif, JPEG (jpg).","Mandatory":"0","Searchable":"0","Optional":"1","Feature":{"ID":"2417","Sign":"","Measure":{"ID":"29","Sign":"","Signs":{"ID":"","_":"","Language":"EN"}},"Name":{"Value":"Image formats supported","Language":"EN"}}},{"Localized":0,"ID":689471462,"LocalID":0,"Type":"multi_dropdown","Value":"AV1,H.264,HEVC,ProRes","CategoryFeatureId":"71443","CategoryFeatureGroupID":"27900","SortNo":"-23","PresentationValue":"AV1, H.264, HEVC, ProRes","RawValue":"AV1,H.264,HEVC,ProRes","LocalValue":"AV1, H.264, HEVC, ProRes","Description":"The type of video formats that can be used by this device.","Mandatory":"0","Searchable":"0","Optional":"1","Feature":{"ID":"6893","Sign":"","Measure":{"ID":"29","Sign":"","Signs":{"ID":"","_":"","Language":"EN"}},"Name":{"Value":"Video formats supported","Language":"EN"}}},{"Localized":0,"ID":689471493,"LocalID":0,"Type":"multi_dropdown","Value":"DOC,DOCX,HTM,HTML,KEY,Numbers,PDF,PPT,PPTX,Pages,RTF,TXT,VCF,XLS,XLSX","CategoryFeatureId":"62441","CategoryFeatureGroupID":"27900","SortNo":"-26","PresentationValue":"DOC, DOCX, HTM, HTML, Key, Numbers, PDF, PPT, PPTX, Pages, RTF, TXT, VCF, XLS, XLSX","RawValue":"DOC,DOCX,HTM,HTML,KEY,Numbers,PDF,PPT,PPTX,Pages,RTF,TXT,VCF,XLS,XLSX","LocalValue":"DOC, DOCX, HTM, HTML, Key, Numbers, PDF, PPT, PPTX, Pages, RTF, TXT, VCF, XLS, XLSX","Description":"The type of document formats that can be read/produced with this device e.g. .docx, .pdf.","Mandatory":"0","Searchable":"0","Optional":"1","Feature":{"ID":"7972","Sign":"","Measure":{"ID":"29","Sign":"","Signs":{"ID":"","_":"","Language":"EN"}},"Name":{"Value":"Document formats supported","Language":"EN"}}},{"Localized":0,"ID":689471561,"LocalID":0,"Type":"multi_dropdown","Value":"PPT,ZIP","CategoryFeatureId":"95616","CategoryFeatureGroupID":"27900","SortNo":"-27","PresentationValue":"PPT, Zip","RawValue":"PPT,ZIP","LocalValue":"PPT, Zip","Description":"","Mandatory":"0","Searchable":"0","Optional":"1","Feature":{"ID":"8962","Sign":"","Measure":{"ID":"29","Sign":"","Signs":{"ID":"","_":"","Language":"EN"}},"Name":{"Value":"Archive formats supported","Language":"EN"}}}]},{"ID":848,"SortNo":"5","FeatureGroup":{"ID":"14","Name":{"Value":"Weight & dimensions","Language":"EN"}},"Features":[{"Localized":0,"ID":689471320,"LocalID":0,"Type":"numerical","Value":"134.8","CategoryFeatureId":"21002","CategoryFeatureGroupID":"848","SortNo":"10","PresentationValue":"134.8 mm","RawValue":"134.8","LocalValue":"134.8","Description":"The measurement or extent of something from side to side.","Mandatory":"0","Searchable":"0","Optional":"0","Feature":{"ID":"1649","Sign":"","Measure":{"ID":"24","Sign":"","Signs":{"ID":"3","_":"mm","Language":"EN"}},"Name":{"Value":"Width","Language":"EN"}}},{"Localized":0,"ID":689471324,"LocalID":0,"Type":"numerical","Value":"195.4","CategoryFeatureId":"21003","CategoryFeatureGroupID":"848","SortNo":"9","PresentationValue":"195.4 mm","RawValue":"195.4","LocalValue":"195.4","Description":"The distance from the front to the back of something.","Mandatory":"0","Searchable":"0","Optional":"0","Feature":{"ID":"1650","Sign":"","Measure":{"ID":"24","Sign":"","Signs":{"ID":"3","_":"mm","Language":"EN"}},"Name":{"Value":"Depth","Language":"EN"}}},{"Localized":0,"ID":689471300,"LocalID":0,"Type":"numerical","Value":"6.3","CategoryFeatureId":"21004","CategoryFeatureGroupID":"848","SortNo":"7","PresentationValue":"6.3 mm","RawValue":"6.3","LocalValue":"6.3","Description":"The measurement of the product from head to foot or from base to top.","Mandatory":"0","Searchable":"0","Optional":"0","Feature":{"ID":"1464","Sign":"","Measure":{"ID":"24","Sign":"","Signs":{"ID":"3","_":"mm","Language":"EN"}},"Name":{"Value":"Height","Language":"EN"}}},{"Localized":0,"ID":689471199,"LocalID":0,"Type":"numerical","Value":"293","CategoryFeatureId":"12812","CategoryFeatureGroupID":"848","SortNo":"4","PresentationValue":"293 g","RawValue":"293","LocalValue":"293","Description":"Weight of the product without packaging (net weight). If possible, the net weight is given including standard accessories and supplies. Please note that sometimes the manufacturer leaves out the weight of accessories and/or supplies.","Mandatory":"0","Searchable":"0","Optional":"0","Feature":{"ID":"94","Sign":"","Measure":{"ID":"38","Sign":"","Signs":{"ID":"22","_":"g","Language":"EN"}},"Name":{"Value":"Weight","Language":"EN"}}}]},{"ID":6516,"SortNo":"3","FeatureGroup":{"ID":"116","Name":{"Value":"Packaging content","Language":"EN"}},"Features":[{"Localized":0,"ID":723594769,"LocalID":0,"Type":"y_n","Value":"N","CategoryFeatureId":"57785","CategoryFeatureGroupID":"6516","SortNo":"10","PresentationValue":"No","RawValue":"N","LocalValue":"No","Description":"","Mandatory":"1","Searchable":"0","Optional":"0","Feature":{"ID":"1230","Sign":"","Measure":{"ID":"26","Sign":"","Signs":{"ID":"","_":"","Language":"EN"}},"Name":{"Value":"AC adapter included","Language":"EN"}}},{"Localized":0,"ID":689471341,"LocalID":0,"Type":"dropdown","Value":"USB Type-C","CategoryFeatureId":"49669","CategoryFeatureGroupID":"6516","SortNo":"0","PresentationValue":"USB Type-C","RawValue":"USB Type-C","LocalValue":"USB Type-C","Description":"","Mandatory":"0","Searchable":"0","Optional":"0","Feature":{"ID":"1830","Sign":"","Measure":{"ID":"29","Sign":"","Signs":{"ID":"","_":"","Language":"EN"}},"Name":{"Value":"Cables included","Language":"EN"}}}]},{"ID":26934,"SortNo":"0","FeatureGroup":{"ID":"144","Name":{"Value":"Brand-specific features","Language":"EN"}},"Features":[{"Localized":0,"ID":689471749,"LocalID":0,"Type":"dropdown","Value":"True Tone,Wide color (P3)","CategoryFeatureId":"952658","CategoryFeatureGroupID":"26934","SortNo":"0","PresentationValue":"True Tone, Wide color (P3)","RawValue":"True Tone,Wide color (P3)","LocalValue":"True Tone, Wide color (P3)","Description":"","Mandatory":"0","Searchable":"0","Optional":"0","Feature":{"ID":"27635","Sign":"","Measure":{"ID":"29","Sign":"","Signs":{"ID":"","_":"","Language":"EN"}},"Name":{"Value":"Brand specific technologies","Language":"EN"}}}]},{"ID":41361,"SortNo":"0","FeatureGroup":{"ID":"76","Name":{"Value":"Certificates","Language":"EN"}},"Features":[{"Localized":0,"ID":689471206,"LocalID":0,"Type":"textarea","Value":"ENERGY STAR","CategoryFeatureId":"34269","CategoryFeatureGroupID":"41361","SortNo":"-100","PresentationValue":"ENERGY STAR","RawValue":"ENERGY STAR","LocalValue":"ENERGY STAR","Description":"","Mandatory":"0","Searchable":"0","Optional":"0","Feature":{"ID":"249","Sign":"","Measure":{"ID":"29","Sign":"","Signs":{"ID":"","_":"","Language":"EN"}},"Name":{"Value":"Certification","Language":"EN"}}},{"Localized":0,"ID":741594815,"LocalID":0,"Type":"numerical","Value":"0.75","CategoryFeatureId":"184941","CategoryFeatureGroupID":"41361","SortNo":"-115","PresentationValue":"0.75 W/kg","RawValue":"0.75","LocalValue":"0.75","Description":"SAR stands for Specific Absorption Rate which is the unit of measurement for the amount of radio frequency (RF) energy absorbed by the body when using mobile equipment.","Mandatory":"0","Searchable":"0","Optional":"0","Feature":{"ID":"17670","Sign":"","Measure":{"ID":"203","Sign":"","Signs":{"ID":"9684","_":"W/kg","Language":"EN"}},"Name":{"Value":"Body SAR (EU)","Language":"EN"}}}]},{"ID":850,"SortNo":"-10","FeatureGroup":{"ID":"28","Name":{"Value":"Operational conditions","Language":"EN"}},"Features":[{"Localized":0,"ID":689471279,"LocalID":0,"Type":"range","Value":"0 - 35","CategoryFeatureId":"7146","CategoryFeatureGroupID":"850","SortNo":"50","PresentationValue":"0 - 35 °C","RawValue":"0 - 35","LocalValue":"0 - 35","Description":"The minimum and maximum temperatures at which the product can be safely operated.","Mandatory":"0","Searchable":"0","Optional":"0","Feature":{"ID":"1112","Sign":"","Measure":{"ID":"65","Sign":"","Signs":{"ID":"48","_":"°C","Language":"EN"}},"Name":{"Value":"Operating temperature (T-T)","Language":"EN"}}},{"Localized":0,"ID":689471237,"LocalID":0,"Type":"range","Value":"-20 - 45","CategoryFeatureId":"16604","CategoryFeatureGroupID":"850","SortNo":"47","PresentationValue":"-20 - 45 °C","RawValue":"-20 - 45","LocalValue":"-20 - 45","Description":"The minimum and maximum temperatures at which the product can be safely stored.","Mandatory":"0","Searchable":"0","Optional":"0","Feature":{"ID":"757","Sign":"","Measure":{"ID":"65","Sign":"","Signs":{"ID":"48","_":"°C","Language":"EN"}},"Name":{"Value":"Storage temperature (T-T)","Language":"EN"}}},{"Localized":0,"ID":689471228,"LocalID":0,"Type":"range","Value":"5 - 95","CategoryFeatureId":"7145","CategoryFeatureGroupID":"850","SortNo":"43","PresentationValue":"5 - 95%","RawValue":"5 - 95","LocalValue":"5 - 95","Description":"","Mandatory":"0","Searchable":"0","Optional":"0","Feature":{"ID":"703","Sign":"","Measure":{"ID":"64","Sign":"","Signs":{"ID":"47","_":"%","Language":"EN"}},"Name":{"Value":"Operating relative humidity (H-H)","Language":"EN"}}},{"Localized":0,"ID":689471226,"LocalID":0,"Type":"range","Value":"0 - 3000","CategoryFeatureId":"34364","CategoryFeatureGroupID":"850","SortNo":"37","PresentationValue":"0 - 3000 m","RawValue":"0 - 3000","LocalValue":"0 - 3000","Description":"","Mandatory":"0","Searchable":"0","Optional":"0","Feature":{"ID":"667","Sign":"","Measure":{"ID":"54","Sign":"","Signs":{"ID":"37","_":"m","Language":"EN"}},"Name":{"Value":"Operating altitude","Language":"EN"}}}]}],"FeatureLogos":[{"LogoPic":"https://inishop.com/img/feature_logo/994-8892.png","Width":"300","Height":"165","Size":"0","ThumbPic":"https://inishop.com/img/feature_logo_thumbs/994-8892.png","FeatureID":"2705","Value":"E","KeyLogo":0,"Description":{"Value":"E means that the product is rated in its category in terms of energy efficiency. The Energy Labeling system is based on EU Regulation 2017/1369/EU.","Language":"EN"}},{"LogoPic":"https://inishop.com/img/feature_logo/1242-3899.png","Width":"0","Height":"0","Size":"0","ThumbPic":"https://inishop.com/img/feature_logo_thumbs/1242-3899.png","FeatureID":"1230","Value":"N","KeyLogo":1,"Description":{"Value":"DIRECTIVE (EU) 2022/2380 OF THE EUROPEAN PARLIAMENT AND OF THE COUNCIL of 23 November 2022 (Part III)","Language":"EN"}},{"LogoPic":"https://inishop.com/img/feature_logo/1369-7889.png","Width":"0","Height":"0","Size":"0","ThumbPic":"https://inishop.com/img/feature_logo_thumbs/1369-7889.png","FeatureID":"48506","Value":"15","KeyLogo":2,"Description":{"Value":"DIRECTIVE (EU) 2022/2380 OF THE EUROPEAN PARLIAMENT AND OF THE COUNCIL of 23 November 2022 (Part III)","Language":"EN"}},{"LogoPic":"https://inishop.com/img/feature_logo/1369-7889.png","Width":"0","Height":"0","Size":"0","ThumbPic":"https://inishop.com/img/feature_logo_thumbs/1369-7889.png","FeatureID":"48507","Value":"45","KeyLogo":2,"Description":{"Value":"DIRECTIVE (EU) 2022/2380 OF THE EUROPEAN PARLIAMENT AND OF THE COUNCIL of 23 November 2022 (Part III)","Language":"EN"}}],"ReasonsToBuy":[{"ReasonToBuyID":"81196129","Value":"iPad mini has everything there is to love about iPad in a delightfully light, compact design. It features a 100 percent recycled aluminum enclosure and stunning all‑screen design, and it goes anywhere you go — fitting perfectly into a backpack or purse.<br><br>The 8.3-inch Liquid Retina display features True Tone, P3 wide color, and ultralow reflectivity, making text sharp and colors vivid, wherever you are.<br><br>iPad mini comes in four beautiful colors. And you can add a slim, lightweight Smart Folio cover in a complementary shade for front and back protection.","HighPic":"https://inishop.com/img/bullets/122863144-670f8ae6566fb674513241.jpg","HighPicSize":"0","No":"1","Title":"Big-screen attitude. Ultraportable design.","Language":"EN","Updated":"2024-10-16 11:44:06","Origin":"RTB","IsPrivate":"0"},{"ReasonToBuyID":"81196137","Value":"iPad mini is built for Apple Intelligence, the personal intelligence system that helps you express yourself and get things done effortlessly. With groundbreaking privacy protections, it gives you peace of mind that no one else can access your data — not even Apple.<br><br>Writing Tools help you find just the right words and transform the way you communicate. Proofread your text, rewrite different versions until the tone is just right, and summarize selected text with a tap.<br><br>Apple Intelligence enables delightful ways to express yourself visually. Turn a rough sketch into a related image with Image Wand. And create new images based on descriptions, suggested concepts, and even a person from your Photos library with Image Playground.<br><br>Awareness of your personal context enables Siri to help you in ways that are unique to you. Can’t find that hike recommendation from a friend? Siri can help find what you’re looking for, without compromising your privacy.<br><br>Apple Intelligence protects your privacy at every step. It’s integrated through on‑device processing, so it’s aware of your personal information without collecting your personal information. And with groundbreaking Private Cloud Compute, Apple Intelligence can draw on larger, Apple-designed server‑based models, running on Apple silicon, to handle more complex requests while protecting your privacy.","HighPic":"https://inishop.com/img/bullets/122863144-670f8ae656c7a597292471.jpg","HighPicSize":"0","No":"2","Title":"Apple Intelligence.Personal, private, powerful.","Language":"EN","Updated":"2024-10-16 11:44:06","Origin":"RTB","IsPrivate":"0"},{"ReasonToBuyID":"81196139","Value":"The blazing-fast A17 Pro chip makes iPad mini a portable powerhouse. It enables Apple Intelligence and delivers a big boost in performance. The 16‑core Neural Engine is up to 2x faster than the previous generation. The 5‑core GPU brings advanced features like hardware‑accelerated ray tracing for graphically intense triple‑A games. And you can work, play, and create from anywhere with all‑day battery life.","HighPic":"https://inishop.com/img/bullets/122863144-670f8ae65702a589276417.jpg","HighPicSize":"0","No":"3","Title":"A17 Pro chip. Pocket scientist.","Language":"EN","Updated":"2024-10-16 11:44:06","Origin":"RTB","IsPrivate":"0"},{"ReasonToBuyID":"81196141","Value":"Apple Pencil sets the standard for how drawing, painting, handwriting, and note‑taking should feel — intuitive, precise, and magical. All with pixel‑perfect precision, low latency, tilt sensitivity, and support for palm rejection. And now Apple Pencil Pro adds even more capabilities to bring your ideas to life like never before.","HighPic":"https://inishop.com/img/bullets/122863144-670f8ae657505771463574.jpg","HighPicSize":"0","No":"4","Title":"Apple Pencil Pro. Engineered for limitless creativity.","Language":"EN","Updated":"2024-10-16 11:44:06","Origin":"RTB","IsPrivate":"0"},{"ReasonToBuyID":"81196143","Value":"iPad mini is powered by iPadOS, enabling you to do so much, so easily. Get things done with the simplicity of Multi-Touch gestures, use multiple apps at once, and more.<br><br>iPadOS makes iPad mini even more versatile. Customize your Home Screen, clean up your handwriting with Smart Script, and use Apple Pencil to evaluate expressions and plot graphs in Math Notes.<br><br>The portable size and power of iPad mini make it indispensable for a wide range of uses, like mixing a beat with Logic Pro for iPad, jotting down your ideas in Notes, or planning a trip with ForeFlight. There are tons of apps designed just for iPad to make unique experiences possible.","HighPic":"https://inishop.com/img/bullets/122863144-670f8ae6578f8929880454.jpg","HighPicSize":"0","No":"5","Title":"iPadOS and apps. Fun and done.","Language":"EN","Updated":"2024-10-16 11:44:06","Origin":"RTB","IsPrivate":"0"},{"ReasonToBuyID":"81196147","Value":"Join superfast 5G wireless networks when you’re on the go. Download files, play multiplayer games, stream movies, check in with friends, and more.<br><br>Fast wireless connections are critical to getting things done. With superfast Wi-Fi on iPad mini, you can watch your favorite TV shows and movies or connect with coworkers from just about anywhere.<br><br>Connect and charge with the versatile USB-C port. Plug in accessories to make music, run your business, and more.","HighPic":"https://inishop.com/img/bullets/122863144-670f8ae657cdc623894240.jpg","HighPicSize":"0","No":"6","Title":"Upload. Download. On the road.","Language":"EN","Updated":"2024-10-16 11:44:06","Origin":"RTB","IsPrivate":"0"},{"ReasonToBuyID":"81196148","Value":"Whether you’re meeting with classmates or catching up with friends, Center Stage makes video calls more engaging. As you move around, the camera automatically pans to keep you centered in the frame. When others join or leave, the view expands or zooms in.<br><br>The Wide back camera features a 12MP sensor with Focus Pixels and a large aperture to deliver stunning photos and clear 4K video. And the new ISP in A17 Pro enables Smart HDR 4, for capturing images that are more detailed and more vivid than ever.<br><br>iPad mini delivers improved document scanning. The camera uses AI to detect a document. And with True Tone flash, if a shadow is in the way, it takes multiple images and stitches them together to create a high-quality scan without shadows or glare.","HighPic":"https://inishop.com/img/bullets/122863144-670f8ae658a3d380647515.jpg","HighPicSize":"0","No":"7","Title":"Ultra Wide camera. Ultrafun possibilities.","Language":"EN","Updated":"2024-10-16 11:44:06","Origin":"RTB","IsPrivate":"0"}],"Reviews":[],"ProductRelated":[{"ID":0,"CategoryID":1637,"Preferred":0,"IcecatID":94781546,"ProductCode":"MLWK3ZM/A","ThumbPic":"","ProductName":"AirPods","Brand":"Apple","BrandID":9,"ProductRelatedLocales":[{"ID":0,"Language":"EN","Preferred":0,"StartDate":"","EndDate":""}]},{"ID":0,"CategoryID":1637,"Preferred":0,"IcecatID":62202327,"ProductCode":"MUFQ2ZM/A","ThumbPic":"","ProductName":"urBeats3","Brand":"Apple","BrandID":9,"ProductRelatedLocales":[{"ID":0,"Language":"EN","Preferred":0,"StartDate":"","EndDate":""}]},{"ID":0,"CategoryID":1637,"Preferred":0,"IcecatID":33259200,"ProductCode":"MMTN2ZM/A","ThumbPic":"","ProductName":"EarPods with Lightning Connector","Brand":"Apple","BrandID":9,"ProductRelatedLocales":[{"ID":0,"Language":"EN","Preferred":0,"StartDate":"","EndDate":""}]}],"CatalogObjectCloud":{},"Variants":[],"ProductStory":[],"Dictionary":{"model_name":"Product name","desc":"Description","ean_code":"EAN/UPC code","flash360":"3D tour","demo_msg_part3":"If you don't have an Icecat account, please register here for free.","repairability_index":"Repairability index","zoom_panel_init":"Original size","cat_name":"Category","product_family":"Product family","back_to_top":"Back to top","zoom_panel_out":"Zoom out","specs":"Specs","eu_product_fiche":"EU Product Fiche","reviews_head_name":"Reviews","pdf_specs":"Product Brochure","zoom_panel_in":"Zoom in","html_content":"","release_date":"Release date","demo_msg_part1":"You are using now a Demo account. Please, use your own Icecat account","demo_insert_desc":"This is a demo of a seamless insert of an Icecat LIVE product data-sheet in your website. Imagine that this responsive data-sheet is included in the product page of your webshop.","pdf_url":"User manual","prod_code":"Product code","supplier_name":"Brand","video":"Video","reasons_to_buy":"Reasons to buy","marketing_text":"Description","options_head_name":"Options","product_series":"Product series","demo_msg_part2":"your Icecat login name","link_integrate_desk":"How to integrate Icecat LIVE JavaScript.","zoom_panel_dragg":"Mouse dragging","eu_energy_label":"EU Energy Label"},"DemoAccount":false}}