{"msg":"OK","data":{"GeneralInfo":{"IcecatId":122970626,"ReleaseDate":"","EndOfLifeDate":"","Title":"Lenovo Idea Tab Pro Mediatek 128 GB 32.3 cm (12.7\") 8 GB Wi-Fi 6E (802.11ax) Android 14 Grey","TitleInfo":{"GeneratedIntTitle":"Lenovo Idea Tab Pro","GeneratedLocalTitle":{"Value":"Lenovo Idea Tab Pro Mediatek 128 GB 32.3 cm (12.7\") 8 GB Wi-Fi 6E (802.11ax) Android 14 Grey","Language":"EN"},"BrandLocalTitle":{"Value":"","Language":"EN"}},"Brand":"Lenovo","BrandID":"728","BrandLogo":"https://images.icecat.biz/img/brand/thumb/728_f3df8e9ab56b4e5ab0f5e00aa8eddb77.jpg","BrandInfo":{"BrandName":"Lenovo","BrandLocalName":"","BrandLogo":"https://images.icecat.biz/img/brand/thumb/728_f3df8e9ab56b4e5ab0f5e00aa8eddb77.jpg"},"ProductName":"Idea Tab Pro","ProductNameInfo":{"ProductIntName":"Idea Tab Pro","ProductLocalName":{"Value":"","Language":"EN"}},"BrandPartCode":"ZAE40006SE","GTIN":["0198153749065","198153749065"],"Category":{"CategoryID":"897","Name":{"Value":"Tablets","Language":"EN"}},"ProductFamily":{"ProductFamilyID":"63779","Value":"Idea Tab","Language":"EN"},"ProductSeries":{"SeriesID":"1"},"Description":{"ID":"104043605","LongDesc":"<b>Elevate Your Studies With Next-Gen Solutions</b><br>Enhance your academic journey with the Lenovo Idea Tab Pro, powered by the MediaTek Dimensity  processor and the AI capabilities of Google Gemini. Enjoy studies and recreation on a stunning 12.7″ 3K display, while quad JBL speakers deliver immersive sound. With all-day battery life and  quick charging, stay connected from class to downtime.<br><br><b>Study Smarter</b><br>Forget the grind. With intuitive tools that help you stay organized and focused, getting your work done feels much smoother. Easily switch tasks, find what you need, and keep everything in one place, so you’re always in control. It’s all about making life easier; stay on top of things without feeling overwhelmed and still have time for yourself.<br><br><b>Play Harder</b><br>From all-night gaming to endless streaming, this tablet has your back. TurboSystem keeps things running super-smooth, with no lag and no drama. The display is fire, the sound pulls you in, and the battery lasts all day, so you can stay in the zone without stressing about charging. Pure entertainment, with no breaks needed.","LongProductName":"MediaTek Dimensity 8300 (8C, 1x A715 @3.35 GHz + 3x A715@3.2 GHz + 4x A510@2.2 GHz), 8GB LPDDR5x, 128GB UFS 3.1, 12.7\" 3K (2944x1840) LTPS 400nits Glossy 144Hz Touch, ARM G615 MC5, Wi-Fi 6E 802.11ax 2x2 + BT5.3, Front 8.0MP / Rear 13.0MP with Flashlight, Android 14 or Later","MiddleDesc":"","Disclaimer":"","ManualPDFURL":"","ManualPDFSize":"0","LeafletPDFURL":"https://objects.icecat.biz/objects/mmo_122970626_1748866984_8263_1634380.pdf","PDFSize":"3079620","URL":"https://www.lenovo.com/gb/en/p/tablets/idea-tab-series/lenovo-idea-tab-pro/len103l0026","WarrantyInfo":"","Updated":"2025-09-08 21:46:58","Language":"EN"},"SummaryDescription":{"ShortSummaryDescription":"Lenovo Idea Tab Pro, 32.3 cm (12.7\"), 2944 x 1840 pixels, 128 GB, 8 GB, Android 14, Grey","LongSummaryDescription":"Lenovo Idea Tab Pro. Display diagonal: 32.3 cm (12.7\"), Display resolution: 2944 x 1840 pixels. Internal storage capacity: 128 GB. Processor family: Mediatek, Processor model: Dimensity 8300. Internal memory: 8 GB. Rear camera resolution (numeric): 13 MP, Rear camera type: Single camera, Front camera resolution (numeric): 8 MP, Front camera. Top Wi-Fi standard: Wi-Fi 6E (802.11ax). Card reader integrated. Weight: 620 g. Operating system installed: Android 14. Product colour: Grey"},"BulletPoints":{"BulletPointsId":"13608404","Language":"EN","Values":["Vast cinematic experience: 12.7'' 3K tablet, 4 Dolby Atmos®-tuned JBL speakers","Next-gen performance: MediaTek Dimensity 8300 with 60% more power","Google Gemini, Circle to Search with Google"],"Updated":"2025-09-08 21:46:58"},"GeneratedBulletPoints":{"Language":"EN","Values":["Slate Mobile tablet Grey","32.3 cm (12.7\") 2944 x 1840 pixels LTPS","Mediatek Dimensity 8300","128 GB UFS Card reader integrated","Single camera 13 MP Front camera 8 MP","Wi-Fi 6E (802.11ax) Bluetooth 5.3","Lithium-Ion (Li-Ion) 10200 mAh","Android 14"]},"GTINs":[{"GTIN":"0198153749065","IsApproved":true},{"GTIN":"198153749065","IsApproved":true}]},"Image":{"HighPic":"https://images.icecat.biz/img/gallery/f19f4c0a477c53d765f75db425de490b25921810.jpg","HighPicSize":"881140","HighPicHeight":"1252","HighPicWidth":"1834","LowPic":"https://images.icecat.biz/img/gallery_lows/c86f28a3adf61ff07aa81129f72e0a23651edef6.jpg","LowPicSize":"17572","LowPicHeight":"137","LowPicWidth":"200","Pic500x500":"https://images.icecat.biz/img/gallery_mediums/8917908b24ed1350d3cbcb73319e38b33c741ebf.jpg","Pic500x500Size":"73724","Pic500x500Height":"341","Pic500x500Width":"500","ThumbPic":"https://images.icecat.biz/img/gallery_thumbs/67adb7241315e5090fc90e165adf2f9097ab37da.jpg","ThumbPicSize":"4989"},"Multimedia":[{"ID":"70C743B1-0892-4A65-A9B8-6BF8AADC302D","URL":"https://objects.icecat.biz/objects/mmo_122970626_1746367596_7204_1793359.pdf","Type":"leaflet","ContentType":"application/pdf","KeepAsUrl":"0","Description":"Product Brochure","Size":"269292","IsPrivate":"0","Updated":"2025-05-04 16:06:36","Language":"EN","IsVideo":0},{"ID":"0735547F-1AED-47A1-A229-A784534F219C","URL":"https://objects.icecat.biz/objects/mmo_122970626_1748866984_8263_1634380.pdf","Type":"leaflet","ContentType":"application/pdf","KeepAsUrl":"0","Description":"Product Brochure","Size":"3079620","IsPrivate":"0","Updated":"2025-06-02 14:23:04","Language":"EN","IsVideo":0},{"ID":"D196CB2C-6B1F-4293-99C7-8A369C7EC5B5","URL":"https://objects.icecat.biz/objects/mmo_122970626_1746450213_1444_838781.pdf","Type":"other digital assets","ContentType":"application/pdf","KeepAsUrl":"0","Description":"Safety Information","Size":"954005","IsPrivate":"0","Updated":"2025-05-05 15:03:33","Language":"EN","IsVideo":0},{"ID":"8642BD77-1E50-40EF-9F45-749CD327393B","URL":"https://objects.icecat.biz/objects/mmo_122970626_1746450213_1864_798297.pdf","Type":"other digital assets","ContentType":"application/pdf","KeepAsUrl":"0","Description":"User Guide","Size":"954955","IsPrivate":"0","Updated":"2025-05-05 15:03:33","Language":"EN","IsVideo":0},{"ID":"0C553678-509E-447C-8FB7-F9B47F65CE83","URL":"https://objects.icecat.biz/objects/mmo_122970626_1746469352_2828_1800415.pdf","Type":"other digital assets","ContentType":"application/pdf","KeepAsUrl":"0","Description":"Carbon Footprint","Size":"379025","IsPrivate":"0","Updated":"2025-05-05 20:22:32","Language":"EN","IsVideo":0},{"ID":"F2F60EDF-E339-4275-AD11-FDD173CDB4F2","URL":"https://objects.icecat.biz/objects/mmo_122970626_1746477643_9576_1753244.pdf","Type":"other digital assets","ContentType":"application/pdf","KeepAsUrl":"0","Description":"EU Declaration of Conformity","Size":"330797","IsPrivate":"0","Updated":"2025-05-05 22:40:43","Language":"EN","IsVideo":0},{"ID":"A5326D92-80C0-4675-ACB6-77E4F8D1ECDB","URL":"https://objects.icecat.biz/objects/mmo_122970626_1755245063_9993_2981539.pdf","Type":"other digital assets","ContentType":"application/pdf","KeepAsUrl":"0","Description":"EU Declaration of Conformity","Size":"261837","IsPrivate":"0","Updated":"2025-08-15 10:04:24","Language":"EN","IsVideo":0},{"ID":"58B0A421-B6FF-4B7C-B5E4-ACC7E1FA7725","URL":"https://objects.icecat.biz/objects/mmo_122970626_1751051700_5676_967810.pdf","Type":"EU Energy Label","ContentType":"application/pdf","KeepAsUrl":"0","Description":"EU Energy Label","Size":"67865","IsPrivate":"0","Updated":"2025-06-27 21:15:34","Language":"","IsVideo":0,"EprelLink":"https://eprel.ec.europa.eu/qr/2283933","LabelType":"rescaled","ConvertedURL":"https://objects.icecat.biz/objects/122970626_65382901.jpeg","ConvertedContentType":"image/jpeg","ConvertedSize":240048,"EprelId":2283933}],"Gallery":[{"ID":"117023238","LowPic":"https://images.icecat.biz/img/gallery_lows/c86f28a3adf61ff07aa81129f72e0a23651edef6.jpg","LowSize":"17572","LowHeight":"137","LowWidth":"200","ThumbPic":"https://images.icecat.biz/img/gallery_thumbs/67adb7241315e5090fc90e165adf2f9097ab37da.jpg","ThumbPicSize":"4989","Pic":"https://images.icecat.biz/img/gallery/f19f4c0a477c53d765f75db425de490b25921810.jpg","Size":"881140","PicHeight":"1252","PicWidth":"1834","Pic500x500":"https://images.icecat.biz/img/gallery_mediums/8917908b24ed1350d3cbcb73319e38b33c741ebf.jpg","Pic500x500Size":"73724","Pic500x500Height":"341","Pic500x500Width":"500","No":"1","IsMain":"Y","Updated":"2025-09-06 07:14:50","IsPrivate":"0","Type":"ProductImage","Attributes":{"OriginalFileName":""}},{"ID":"117023239","LowPic":"https://images.icecat.biz/img/gallery_lows/fa71340df0fc76c39fbb0b53f8069afa780f700f.jpg","LowSize":"8708","LowHeight":"137","LowWidth":"200","ThumbPic":"https://images.icecat.biz/img/gallery_thumbs/a24a74652b0cedbcd3524e6fb4a598b117eb3bf6.jpg","ThumbPicSize":"2224","Pic":"https://images.icecat.biz/img/gallery/e72289d002c852da44a409fc0584270f7be57679.jpg","Size":"1104456","PicHeight":"1254","PicWidth":"1835","Pic500x500":"https://images.icecat.biz/img/gallery_mediums/b96b9649dbcf6040debb7af04541de3782df1832.jpg","Pic500x500Size":"62052","Pic500x500Height":"342","Pic500x500Width":"500","No":"2","IsMain":"N","Updated":"2025-09-06 07:14:50","IsPrivate":"0","Type":"ProductImage","Attributes":{"OriginalFileName":""}},{"ID":"117023240","LowPic":"https://images.icecat.biz/img/gallery_lows/030b69d4a03cfea4305ff144ff9925a6ebf8c851.jpg","LowSize":"1540","LowHeight":"22","LowWidth":"200","ThumbPic":"https://images.icecat.biz/img/gallery_thumbs/f9d8a2743b658f5902797738d2e0ec650690c7f1.jpg","ThumbPicSize":"741","Pic":"https://images.icecat.biz/img/gallery/9adbc8a8ad63f4801cc54747c25abaf45ae74410.jpg","Size":"53364","PicHeight":"200","PicWidth":"1814","Pic500x500":"https://images.icecat.biz/img/gallery_mediums/e7b2b76b845c897dead51be4fea3873957a20b82.jpg","Pic500x500Size":"4869","Pic500x500Height":"55","Pic500x500Width":"500","No":"3","IsMain":"N","Updated":"2025-09-06 07:14:51","IsPrivate":"0","Type":"ProductImage","Attributes":{"OriginalFileName":""}},{"ID":"117023241","LowPic":"https://images.icecat.biz/img/gallery_lows/f0ff184be2ba163bf4fe7b1fdd4cb4c4854b51bd.jpg","LowSize":"1245","LowHeight":"24","LowWidth":"200","ThumbPic":"https://images.icecat.biz/img/gallery_thumbs/4ba92776a92cfa76a18b7519f084eb708f1f1c30.jpg","ThumbPicSize":"812","Pic":"https://images.icecat.biz/img/gallery/41c234cfc1b01c0ecfd7a69a50ce0687c04e91dd.jpg","Size":"54356","PicHeight":"217","PicWidth":"1835","Pic500x500":"https://images.icecat.biz/img/gallery_mediums/96afdae166971f7bd9b4f7cb754da1103e65e6ee.jpg","Pic500x500Size":"5110","Pic500x500Height":"59","Pic500x500Width":"500","No":"4","IsMain":"N","Updated":"2025-09-06 07:14:51","IsPrivate":"0","Type":"ProductImage","Attributes":{"OriginalFileName":""}},{"ID":"117023242","LowPic":"https://images.icecat.biz/img/gallery_lows/dcc21893e270d46cb4c7a2cfdcfbcdcff24440dd.jpg","LowSize":"2028","LowHeight":"200","LowWidth":"27","ThumbPic":"https://images.icecat.biz/img/gallery_thumbs/efd886c8909eb621073b4b77a6d5673d82e8f9dc.jpg","ThumbPicSize":"870","Pic":"https://images.icecat.biz/img/gallery/5ddca1e58973ef2593dd4ce3496d1f5de204f717.jpg","Size":"71289","PicHeight":"1818","PicWidth":"242","Pic500x500":"https://images.icecat.biz/img/gallery_mediums/dfcc3793eb430ef0ac385e267996e0c2c6f81f95.jpg","Pic500x500Size":"7509","Pic500x500Height":"500","Pic500x500Width":"67","No":"5","IsMain":"N","Updated":"2025-09-06 07:14:51","IsPrivate":"0","Type":"ProductImage","Attributes":{"OriginalFileName":""}},{"ID":"117023243","LowPic":"https://images.icecat.biz/img/gallery_lows/d438aee18f5bd443fa0f64b079dd7a65c8fdb766.jpg","LowSize":"2076","LowHeight":"200","LowWidth":"27","ThumbPic":"https://images.icecat.biz/img/gallery_thumbs/e4e3a8f2171f9132624225a2e347524ef718ddd6.jpg","ThumbPicSize":"867","Pic":"https://images.icecat.biz/img/gallery/022d01a202a3b8d37a84c7a408c9500f305fa91a.jpg","Size":"67263","PicHeight":"1819","PicWidth":"242","Pic500x500":"https://images.icecat.biz/img/gallery_mediums/29cc52c6b75eb2c018fc15a8023859d088419abb.jpg","Pic500x500Size":"6348","Pic500x500Height":"500","Pic500x500Width":"67","No":"6","IsMain":"N","Updated":"2025-09-06 07:14:51","IsPrivate":"0","Type":"ProductImage","Attributes":{"OriginalFileName":""}},{"ID":"117023244","LowPic":"https://images.icecat.biz/img/gallery_lows/284a2dccf0d9128b4fd11932ff163734744be9b1.jpg","LowSize":"17761","LowHeight":"131","LowWidth":"200","ThumbPic":"https://images.icecat.biz/img/gallery_thumbs/7ca5af030507e503ba0cce6bc0a5e2703c271d73.jpg","ThumbPicSize":"4622","Pic":"https://images.icecat.biz/img/gallery/56b85cbfffae046c5c98d64103779e285b77aad2.jpg","Size":"823626","PicHeight":"1189","PicWidth":"1814","Pic500x500":"https://images.icecat.biz/img/gallery_mediums/2aa577137dd52262ae94929f23739a9cfe3e717d.jpg","Pic500x500Size":"72260","Pic500x500Height":"328","Pic500x500Width":"500","No":"7","IsMain":"N","Updated":"2025-09-06 07:14:52","IsPrivate":"0","Type":"ProductImage","Attributes":{"OriginalFileName":""}},{"ID":"117023245","LowPic":"https://images.icecat.biz/img/gallery_lows/bbea520c4912da4e28accdeb8c9058c9b8cf7805.jpg","LowSize":"17950","LowHeight":"133","LowWidth":"200","ThumbPic":"https://images.icecat.biz/img/gallery_thumbs/f5c3f5b1dcca390d87405daa7858243679891c42.jpg","ThumbPicSize":"4751","Pic":"https://images.icecat.biz/img/gallery/77703db15bc1e862ef3a415fa4a438b820fbe943.jpg","Size":"782162","PicHeight":"1182","PicWidth":"1775","Pic500x500":"https://images.icecat.biz/img/gallery_mediums/96eb706ccec76b1fd77d6d592fee781ed5789529.jpg","Pic500x500Size":"72164","Pic500x500Height":"333","Pic500x500Width":"500","No":"8","IsMain":"N","Updated":"2025-09-06 07:14:52","IsPrivate":"0","Type":"ProductImage","Attributes":{"OriginalFileName":""}},{"ID":"117023246","LowPic":"https://images.icecat.biz/img/gallery_lows/62ed1511f707467974e3d114b4995c4253cf02f8.jpg","LowSize":"17914","LowHeight":"131","LowWidth":"200","ThumbPic":"https://images.icecat.biz/img/gallery_thumbs/2d9b457f14d6a1ecdc42e1717efe5c29f9f6c25e.jpg","ThumbPicSize":"4644","Pic":"https://images.icecat.biz/img/gallery/c03451f22c87b91e319afb8bf4b9d9b8d0aa273b.jpg","Size":"808226","PicHeight":"1189","PicWidth":"1814","Pic500x500":"https://images.icecat.biz/img/gallery_mediums/c19e57d2e5c0bfe513e2b4dc8414e03c651c2a97.jpg","Pic500x500Size":"72659","Pic500x500Height":"328","Pic500x500Width":"500","No":"9","IsMain":"N","Updated":"2025-09-06 07:14:52","IsPrivate":"0","Type":"ProductImage","Attributes":{"OriginalFileName":""}},{"ID":"117023247","LowPic":"https://images.icecat.biz/img/gallery_lows/b3cf0ec89192a11ee4ff9585564fc8de28a0821a.jpg","LowSize":"18200","LowHeight":"133","LowWidth":"200","ThumbPic":"https://images.icecat.biz/img/gallery_thumbs/f15fff7a30ba85a6391810c8587dddec909c2777.jpg","ThumbPicSize":"4759","Pic":"https://images.icecat.biz/img/gallery/c7c6ed590b21114f8988dd751f39c385fcb913fd.jpg","Size":"769571","PicHeight":"1182","PicWidth":"1775","Pic500x500":"https://images.icecat.biz/img/gallery_mediums/c7dd83789eff983dabab2f5990d6092d72a9ce5e.jpg","Pic500x500Size":"73040","Pic500x500Height":"333","Pic500x500Width":"500","No":"10","IsMain":"N","Updated":"2025-09-06 07:14:53","IsPrivate":"0","Type":"ProductImage","Attributes":{"OriginalFileName":""}},{"ID":"117023248","LowPic":"https://images.icecat.biz/img/gallery_lows/7e61e9cd3ec64c6d6ba164e31186380b163d49ec.jpg","LowSize":"35473","LowHeight":"146","LowWidth":"200","ThumbPic":"https://images.icecat.biz/img/gallery_thumbs/b166865ebbf39c304480fd38775c83e0b2ddc23d.jpg","ThumbPicSize":"7452","Pic":"https://images.icecat.biz/img/gallery/979d97ce2ae3fe8170b90a0ea862e3fcaa478069.jpg","Size":"1472739","PicHeight":"1207","PicWidth":"1659","Pic500x500":"https://images.icecat.biz/img/gallery_mediums/bfb051e83d99460c20f503de4f0b5fd035e82c3e.jpg","Pic500x500Size":"172839","Pic500x500Height":"364","Pic500x500Width":"500","No":"11","IsMain":"N","Updated":"2025-09-06 07:14:53","IsPrivate":"0","Type":"ProductImage","Attributes":{"OriginalFileName":""}},{"ID":"117023249","LowPic":"https://images.icecat.biz/img/gallery_lows/909179db5109185391b6169854264a3e3188f0f5.jpg","LowSize":"27352","LowHeight":"150","LowWidth":"200","ThumbPic":"https://images.icecat.biz/img/gallery_thumbs/0c0d0dfabac0dc896db1b6c2983a5d2af879f173.jpg","ThumbPicSize":"5653","Pic":"https://images.icecat.biz/img/gallery/e83c73f94f3e0925aad5fc45a16cc7a2d4045f6c.jpg","Size":"1273381","PicHeight":"1500","PicWidth":"2000","Pic500x500":"https://images.icecat.biz/img/gallery_mediums/e8ef8b81b914c2e068bec3389928700b393f1013.jpg","Pic500x500Size":"126895","Pic500x500Height":"375","Pic500x500Width":"500","No":"12","IsMain":"N","Updated":"2025-09-06 07:14:56","IsPrivate":"0","Type":"ProductImage","Attributes":{"OriginalFileName":""}},{"ID":"117023250","LowPic":"https://images.icecat.biz/img/gallery_lows/440a3bfeaab7fa54223a1b68ead79a9dae9cecd7.jpg","LowSize":"21438","LowHeight":"150","LowWidth":"200","ThumbPic":"https://images.icecat.biz/img/gallery_thumbs/3249f11c92c9e5ba9c6414d31f5b05dfdf428b60.jpg","ThumbPicSize":"5096","Pic":"https://images.icecat.biz/img/gallery/090d26f735fcbd5c7656be93e9433d6d20f2f3a6.jpg","Size":"1009648","PicHeight":"1500","PicWidth":"2000","Pic500x500":"https://images.icecat.biz/img/gallery_mediums/77a5dabd9873692feefdce988dca53021be9cbea.jpg","Pic500x500Size":"90988","Pic500x500Height":"375","Pic500x500Width":"500","No":"13","IsMain":"N","Updated":"2025-09-06 07:14:58","IsPrivate":"0","Type":"ProductImage","Attributes":{"OriginalFileName":""}},{"ID":"117023251","LowPic":"https://images.icecat.biz/img/gallery_lows/b2cc0c2b7c868dba57b38cbdf45a69615d6f3038.jpg","LowSize":"27036","LowHeight":"150","LowWidth":"200","ThumbPic":"https://images.icecat.biz/img/gallery_thumbs/9a9e2414d32efbc5b138b30456df597569aea2d9.jpg","ThumbPicSize":"6054","Pic":"https://images.icecat.biz/img/gallery/c5104efd1cea32fb2e246058db7c196f009f8bfd.jpg","Size":"1060652","PicHeight":"1500","PicWidth":"2000","Pic500x500":"https://images.icecat.biz/img/gallery_mediums/3f5a827d2a9bdc27aadd3d689f9650c492509f89.jpg","Pic500x500Size":"115085","Pic500x500Height":"375","Pic500x500Width":"500","No":"14","IsMain":"N","Updated":"2025-09-06 07:14:58","IsPrivate":"0","Type":"ProductImage","Attributes":{"OriginalFileName":""}},{"ID":"117023252","LowPic":"https://images.icecat.biz/img/gallery_lows/a0cc33ffeb1597c9a2592ab710873b6ab9d0cad9.jpg","LowSize":"28362","LowHeight":"150","LowWidth":"200","ThumbPic":"https://images.icecat.biz/img/gallery_thumbs/b3538db35157f14a0542f5ff8948c86b22078fc7.jpg","ThumbPicSize":"6313","Pic":"https://images.icecat.biz/img/gallery/b67b70dcf11d4116be7a38f8aee6e660eb5a3c4c.jpg","Size":"989457","PicHeight":"1500","PicWidth":"2000","Pic500x500":"https://images.icecat.biz/img/gallery_mediums/142b7ec7764dc8d8fa93e9aef0002ff3e9a9479e.jpg","Pic500x500Size":"112872","Pic500x500Height":"375","Pic500x500Width":"500","No":"15","IsMain":"N","Updated":"2025-09-06 07:14:59","IsPrivate":"0","Type":"ProductImage","Attributes":{"OriginalFileName":""}},{"ID":"117023253","LowPic":"https://images.icecat.biz/img/gallery_lows/ffb6630b38d62f776e49a4e665c6ec6552c595a6.jpg","LowSize":"23945","LowHeight":"150","LowWidth":"200","ThumbPic":"https://images.icecat.biz/img/gallery_thumbs/8bd8379a93ab43729638a5c3059692df421c4199.jpg","ThumbPicSize":"5350","Pic":"https://images.icecat.biz/img/gallery/8e208172b01ea5b93c8baba6f043877f0e4ed88f.jpg","Size":"1208611","PicHeight":"1500","PicWidth":"2000","Pic500x500":"https://images.icecat.biz/img/gallery_mediums/8ce2ae5ef6ac3a1f3d9c76e50072853719755438.jpg","Pic500x500Size":"109811","Pic500x500Height":"375","Pic500x500Width":"500","No":"16","IsMain":"N","Updated":"2025-09-06 07:14:59","IsPrivate":"0","Type":"ProductImage","Attributes":{"OriginalFileName":""}},{"ID":"117023254","LowPic":"https://images.icecat.biz/img/gallery_lows/a31a4f76e189dfcbf8d846f4f071d446b4b3c6f4.jpg","LowSize":"25841","LowHeight":"150","LowWidth":"200","ThumbPic":"https://images.icecat.biz/img/gallery_thumbs/89967926e030a2cdf3e6a40de34c844c9ab11f4b.jpg","ThumbPicSize":"5404","Pic":"https://images.icecat.biz/img/gallery/e27c2c6836b659d3bc65238dcf6f332065edf7a7.jpg","Size":"1428104","PicHeight":"1500","PicWidth":"2000","Pic500x500":"https://images.icecat.biz/img/gallery_mediums/c109b1155b9a6bab5ef5fb3819ac919de15477b1.jpg","Pic500x500Size":"123431","Pic500x500Height":"375","Pic500x500Width":"500","No":"17","IsMain":"N","Updated":"2025-09-06 07:15:01","IsPrivate":"0","Type":"ProductImage","Attributes":{"OriginalFileName":""}},{"ID":"117023260","LowPic":"https://images.icecat.biz/img/gallery_lows/f402a1b93123317df13595b1f9675c0d60304869.jpg","LowSize":"21592","LowHeight":"150","LowWidth":"200","ThumbPic":"https://images.icecat.biz/img/gallery_thumbs/df3a8c896e3f3e2cb88cefb7484ea01b35de825c.jpg","ThumbPicSize":"5007","Pic":"https://images.icecat.biz/img/gallery/e77f97adb8fed992fa8a0c80b6436cc69a328795.jpg","Size":"1110396","PicHeight":"1500","PicWidth":"2000","Pic500x500":"https://images.icecat.biz/img/gallery_mediums/fe6952f468fa30e9c3729dde388d9c6dc1b0421d.jpg","Pic500x500Size":"96529","Pic500x500Height":"375","Pic500x500Width":"500","No":"18","IsMain":"N","Updated":"2025-09-06 07:15:02","IsPrivate":"0","Type":"ProductImage","Attributes":{"OriginalFileName":""}},{"ID":"117023262","LowPic":"https://images.icecat.biz/img/gallery_lows/ee58235ba376e8631414c41970aa0048c750f7fe.jpg","LowSize":"17610","LowHeight":"150","LowWidth":"200","ThumbPic":"https://images.icecat.biz/img/gallery_thumbs/38eca898461e1d1bccaec3fae056f59a7624dbaa.jpg","ThumbPicSize":"3775","Pic":"https://images.icecat.biz/img/gallery/64cb9c2dc9dd104e51764c43310a730183c43395.jpg","Size":"914034","PicHeight":"1500","PicWidth":"2000","Pic500x500":"https://images.icecat.biz/img/gallery_mediums/890a771440bbc2719fe16f8108db0c441316827b.jpg","Pic500x500Size":"79526","Pic500x500Height":"375","Pic500x500Width":"500","No":"19","IsMain":"N","Updated":"2025-09-06 07:15:02","IsPrivate":"0","Type":"ProductImage","Attributes":{"OriginalFileName":""}},{"ID":"117023263","LowPic":"https://images.icecat.biz/img/gallery_lows/804536bb582c521a0c6c60f35f44fa57208f3ed6.jpg","LowSize":"25060","LowHeight":"150","LowWidth":"200","ThumbPic":"https://images.icecat.biz/img/gallery_thumbs/ed049a84fdc1ca2d07c6e7d128fe69f1e91a2650.jpg","ThumbPicSize":"5401","Pic":"https://images.icecat.biz/img/gallery/579fec7fc25d784aef7aa633c7b9213f43bc66b4.jpg","Size":"1215894","PicHeight":"1500","PicWidth":"2000","Pic500x500":"https://images.icecat.biz/img/gallery_mediums/2ef78b6d0fbe11691e4b960b0e453f1ae9c62517.jpg","Pic500x500Size":"115562","Pic500x500Height":"375","Pic500x500Width":"500","No":"20","IsMain":"N","Updated":"2025-09-06 07:15:02","IsPrivate":"0","Type":"ProductImage","Attributes":{"OriginalFileName":""}},{"ID":"117023270","LowPic":"https://images.icecat.biz/img/gallery_lows/54ed2d546f4e7ca2894879cfa9e4517e3193b8f5.jpg","LowSize":"33515","LowHeight":"150","LowWidth":"200","ThumbPic":"https://images.icecat.biz/img/gallery_thumbs/e57e89a1cced3e2b3863f7edcefd87443fbfcbf9.jpg","ThumbPicSize":"6757","Pic":"https://images.icecat.biz/img/gallery/c62e7beb188269110ce9829daa892d270593ca01.jpg","Size":"1709327","PicHeight":"1500","PicWidth":"2000","Pic500x500":"https://images.icecat.biz/img/gallery_mediums/918db40f99ad2f0d9b005f03ffcf2d38d2158ab3.jpg","Pic500x500Size":"166926","Pic500x500Height":"375","Pic500x500Width":"500","No":"21","IsMain":"N","Updated":"2025-09-06 07:15:02","IsPrivate":"0","Type":"ProductImage","Attributes":{"OriginalFileName":""}},{"ID":"117023277","LowPic":"https://images.icecat.biz/img/gallery_lows/804de06691c1fdf536ed677d5f8a0491b3a4ee1e.jpg","LowSize":"15912","LowHeight":"150","LowWidth":"200","ThumbPic":"https://images.icecat.biz/img/gallery_thumbs/c89ca16922fb323821468925c27bdc82b7705919.jpg","ThumbPicSize":"3384","Pic":"https://images.icecat.biz/img/gallery/093662b910454c8b1f85537d571e09a5b6ea7976.jpg","Size":"1196391","PicHeight":"1500","PicWidth":"2000","Pic500x500":"https://images.icecat.biz/img/gallery_mediums/c331186822429f7d44e2cffa729342ced030a6b4.jpg","Pic500x500Size":"84522","Pic500x500Height":"375","Pic500x500Width":"500","No":"22","IsMain":"N","Updated":"2025-09-06 07:15:03","IsPrivate":"0","Type":"ProductImage","Attributes":{"OriginalFileName":""}}],"FeaturesGroups":[{"ID":833,"SortNo":"110","FeatureGroup":{"ID":"5","Name":{"Value":"Display","Language":"EN"}},"Features":[{"Localized":0,"ID":773034577,"LocalID":0,"Type":"numerical","Value":"12.7","CategoryFeatureId":"11611","CategoryFeatureGroupID":"833","SortNo":"99","PresentationValue":"32.3 cm (12.7\")","RawValue":"12.7","LocalValue":"32.3","Description":"Size of the display for this product, measured diagonally, usually in inches.","Mandatory":"1","Searchable":"1","Optional":"0","Feature":{"ID":"944","Sign":"","Measure":{"ID":"16","Sign":"","Signs":{"ID":"11","_":"\"","Language":"EN"}},"Name":{"Value":"Display diagonal","Language":"EN"}}},{"Localized":0,"ID":773034590,"LocalID":0,"Type":"2d","Value":"2944 x 1840","CategoryFeatureId":"30350","CategoryFeatureGroupID":"833","SortNo":"38","PresentationValue":"2944 x 1840 pixels","RawValue":"2944 x 1840","LocalValue":"2944 x 1840","Description":"The number of distinct pixels in each dimension that can be displayed. It is usually quoted as width × height, with the units in pixels: for example, \"1024 × 768\" means the width is 1024 pixels and the height is 768 pixels. The higher the number of pixels, the sharper the image.","Mandatory":"1","Searchable":"0","Optional":"0","Feature":{"ID":"1585","Sign":"","Measure":{"ID":"39","Sign":"","Signs":{"ID":"23","_":"pixels","Language":"EN"}},"Name":{"Value":"Display resolution","Language":"EN"}}},{"Localized":0,"ID":773034586,"LocalID":0,"Type":"numerical","Value":"144","CategoryFeatureId":"974995","CategoryFeatureGroupID":"833","SortNo":"37","PresentationValue":"144 Hz","RawValue":"144","LocalValue":"144","Description":"","Mandatory":"0","Searchable":"0","Optional":"0","Feature":{"ID":"7450","Sign":"","Measure":{"ID":"36","Sign":"","Signs":{"ID":"20","_":"Hz","Language":"EN"}},"Name":{"Value":"Maximum refresh rate","Language":"EN"}}},{"Localized":0,"ID":773034568,"LocalID":0,"Type":"y_n","Value":"Y","CategoryFeatureId":"45723","CategoryFeatureGroupID":"833","SortNo":"36","PresentationValue":"Yes","RawValue":"Y","LocalValue":"Yes","Description":"A backlight is a form of illumination used in liquid crystal displays (LCDs). One type of backlight is made by LEDs, which can be either white or RGB (red green blue). White LEDs are used most often in notebooks and desktop screens, and in virtually all mobile LCD screens. RGB LEDs for backlighting are found in high-end color proofing displays such as HP DreamColor LP2480zx monitor or selected HP EliteBook notebooks, as well as newer consumer grade displays such as Dell's Studio series laptops which have an optional RGB LED display.","Mandatory":"0","Searchable":"0","Optional":"0","Feature":{"ID":"6784","Sign":"","Measure":{"ID":"26","Sign":"","Signs":{"ID":"","_":"","Language":"EN"}},"Name":{"Value":"LED backlight","Language":"EN"}}},{"Localized":0,"ID":773034569,"LocalID":0,"Type":"dropdown","Value":"LTPS","CategoryFeatureId":"710616","CategoryFeatureGroupID":"833","SortNo":"36","PresentationValue":"LTPS","RawValue":"LTPS","LocalValue":"LTPS","Description":"","Mandatory":"1","Searchable":"1","Optional":"0","Feature":{"ID":"15285","Sign":"","Measure":{"ID":"29","Sign":"","Signs":{"ID":"","_":"","Language":"EN"}},"Name":{"Value":"Panel type","Language":"EN"}}},{"Localized":0,"ID":773034563,"LocalID":0,"Type":"numerical","Value":"400","CategoryFeatureId":"45724","CategoryFeatureGroupID":"833","SortNo":"35","PresentationValue":"400 cd/m²","RawValue":"400","LocalValue":"400","Description":"Brightness is the amount of radiating light emitted from the screen. The brightness rating is measured in candellas per square meter, commonly known as 'nits'.","Mandatory":"0","Searchable":"0","Optional":"0","Feature":{"ID":"1389","Sign":"","Measure":{"ID":"43","Sign":"","Signs":{"ID":"27","_":"cd/m²","Language":"EN"}},"Name":{"Value":"Display brightness","Language":"EN"}}},{"Localized":0,"ID":773034573,"LocalID":0,"Type":"dropdown","Value":"3K","CategoryFeatureId":"294856","CategoryFeatureGroupID":"833","SortNo":"0","PresentationValue":"3K","RawValue":"3K","LocalValue":"3K","Description":"Type of supported High Definition (e.g. Full HD, 4K Ultra HD).","Mandatory":"0","Searchable":"0","Optional":"0","Feature":{"ID":"11424","Sign":"","Measure":{"ID":"29","Sign":"","Signs":{"ID":"","_":"","Language":"EN"}},"Name":{"Value":"HD type","Language":"EN"}}},{"Localized":0,"ID":773034576,"LocalID":0,"Type":"dropdown","Value":"16:10","CategoryFeatureId":"684422","CategoryFeatureGroupID":"833","SortNo":"-1","PresentationValue":"16:10","RawValue":"16:10","LocalValue":"16:10","Description":"The aspect ratio is the ratio of the width of an image to its height. The native aspect ratio is the one which the projector/display is particularly designed for. Images shown in native aspect ratio will utilize the entire resolution of the display and achieve maximum brightness. Images shown in other than native aspect ratio will always have less resolution and less brightness than images shown in native aspect ratio.","Mandatory":"0","Searchable":"0","Optional":"0","Feature":{"ID":"11417","Sign":"","Measure":{"ID":"29","Sign":"","Signs":{"ID":"","_":"","Language":"EN"}},"Name":{"Value":"Native aspect ratio","Language":"EN"}}}]},{"ID":830,"SortNo":"100","FeatureGroup":{"ID":"1","Name":{"Value":"Processor","Language":"EN"}},"Features":[{"Localized":0,"ID":773034567,"LocalID":0,"Type":"dropdown","Value":"MediaTek","CategoryFeatureId":"102551","CategoryFeatureGroupID":"830","SortNo":"1001050","PresentationValue":"MediaTek","RawValue":"MediaTek","LocalValue":"MediaTek","Description":"The manufacturer that produced the processor.","Mandatory":"1","Searchable":"0","Optional":"0","Feature":{"ID":"1013","Sign":"","Measure":{"ID":"29","Sign":"","Signs":{"ID":"","_":"","Language":"EN"}},"Name":{"Value":"Processor manufacturer","Language":"EN"}}},{"Localized":0,"ID":773034562,"LocalID":0,"Type":"dropdown","Value":"Mediatek","CategoryFeatureId":"11580","CategoryFeatureGroupID":"830","SortNo":"900","PresentationValue":"Mediatek","RawValue":"Mediatek","LocalValue":"Mediatek","Description":"A family of processors is a group of processors produced by one company over a short period of time e.g. Intel Pentium processors.","Mandatory":"1","Searchable":"0","Optional":"0","Feature":{"ID":"2196","Sign":"","Measure":{"ID":"29","Sign":"","Signs":{"ID":"","_":"","Language":"EN"}},"Name":{"Value":"Processor family","Language":"EN"}}},{"Localized":0,"ID":773034591,"LocalID":0,"Type":"dropdown","Value":"Dimensity 8300","CategoryFeatureId":"6931","CategoryFeatureGroupID":"830","SortNo":"800","PresentationValue":"Dimensity 8300","RawValue":"Dimensity 8300","LocalValue":"Dimensity 8300","Description":"The model number for the processor in a computer.","Mandatory":"1","Searchable":"0","Optional":"0","Feature":{"ID":"47","Sign":"","Measure":{"ID":"29","Sign":"","Signs":{"ID":"","_":"","Language":"EN"}},"Name":{"Value":"Processor model","Language":"EN"}}},{"Localized":0,"ID":773034579,"LocalID":0,"Type":"numerical","Value":"8","CategoryFeatureId":"57773","CategoryFeatureGroupID":"830","SortNo":"300","PresentationValue":"8","RawValue":"8","LocalValue":"8","Description":"The number of central processing units ('cores') in a processor. Some processors have 1 core, others have 2 (e.g. Intel Core Duo) or more (e.g. the Intel Xeon E7-2850 has 10 cores).","Mandatory":"0","Searchable":"0","Optional":"0","Feature":{"ID":"6089","Sign":"","Measure":{"ID":"29","Sign":"","Signs":{"ID":"","_":"","Language":"EN"}},"Name":{"Value":"Processor cores","Language":"EN"}}}]},{"ID":832,"SortNo":"96","FeatureGroup":{"ID":"3","Name":{"Value":"Memory","Language":"EN"}},"Features":[{"Localized":0,"ID":773034580,"LocalID":0,"Type":"numerical","Value":"8","CategoryFeatureId":"73764","CategoryFeatureGroupID":"832","SortNo":"90","PresentationValue":"8 GB","RawValue":"8","LocalValue":"8","Description":"A computer's memory which is directly accessible to the CPU.","Mandatory":"1","Searchable":"1","Optional":"0","Feature":{"ID":"11381","Sign":"","Measure":{"ID":"20","Sign":"","Signs":{"ID":"7","_":"GB","Language":"EN"}},"Name":{"Value":"Internal memory","Language":"EN"}}},{"Localized":0,"ID":773034578,"LocalID":0,"Type":"dropdown","Value":"LPDDR5x-SDRAM","CategoryFeatureId":"34327","CategoryFeatureGroupID":"832","SortNo":"38","PresentationValue":"LPDDR5x-SDRAM","RawValue":"LPDDR5x-SDRAM","LocalValue":"LPDDR5x-SDRAM","Description":"The type of internal memory such as RAM, GDDR5.","Mandatory":"0","Searchable":"0","Optional":"0","Feature":{"ID":"427","Sign":"","Measure":{"ID":"29","Sign":"","Signs":{"ID":"","_":"","Language":"EN"}},"Name":{"Value":"Internal memory type","Language":"EN"}}}]},{"ID":4142,"SortNo":"92","FeatureGroup":{"ID":"47","Name":{"Value":"Storage","Language":"EN"}},"Features":[{"Localized":0,"ID":773034581,"LocalID":0,"Type":"numerical","Value":"128","CategoryFeatureId":"71618","CategoryFeatureGroupID":"4142","SortNo":"402","PresentationValue":"128 GB","RawValue":"128","LocalValue":"128","Description":"The amount e.g of data which can be stored inside the device.","Mandatory":"1","Searchable":"1","Optional":"0","Feature":{"ID":"8730","Sign":"","Measure":{"ID":"20","Sign":"","Signs":{"ID":"7","_":"GB","Language":"EN"}},"Name":{"Value":"Internal storage capacity","Language":"EN"}}},{"Localized":0,"ID":773034603,"LocalID":0,"Type":"y_n","Value":"Y","CategoryFeatureId":"21005","CategoryFeatureGroupID":"4142","SortNo":"20","PresentationValue":"Yes","RawValue":"Y","LocalValue":"Yes","Description":"A card reader is a device that enables reading and, in some cases, writing data to and from a memory card.","Mandatory":"1","Searchable":"1","Optional":"0","Feature":{"ID":"3374","Sign":"","Measure":{"ID":"26","Sign":"","Signs":{"ID":"","_":"","Language":"EN"}},"Name":{"Value":"Card reader integrated","Language":"EN"}}},{"Localized":0,"ID":773034606,"LocalID":0,"Type":"multi_dropdown","Value":"MicroSD (TransFlash)","CategoryFeatureId":"21006","CategoryFeatureGroupID":"4142","SortNo":"18","PresentationValue":"MicroSD (TransFlash)","RawValue":"MicroSD (TransFlash)","LocalValue":"MicroSD (TransFlash)","Description":"Types of memory cards which can be used with this product.","Mandatory":"0","Searchable":"0","Optional":"0","Feature":{"ID":"730","Sign":"","Measure":{"ID":"29","Sign":"","Signs":{"ID":"","_":"","Language":"EN"}},"Name":{"Value":"Compatible memory cards","Language":"EN"}}},{"Localized":0,"ID":773034589,"LocalID":0,"Type":"dropdown","Value":"UFS","CategoryFeatureId":"105669","CategoryFeatureGroupID":"4142","SortNo":"5","PresentationValue":"UFS","RawValue":"UFS","LocalValue":"UFS","Description":"Used for the storage of data e.g. HDD (hard disk drive), SSD (solid-state drive).","Mandatory":"1","Searchable":"0","Optional":"0","Feature":{"ID":"11441","Sign":"","Measure":{"ID":"29","Sign":"","Signs":{"ID":"","_":"","Language":"EN"}},"Name":{"Value":"Storage media","Language":"EN"}}}]},{"ID":8329,"SortNo":"86","FeatureGroup":{"ID":"163","Name":{"Value":"Graphics","Language":"EN"}},"Features":[{"Localized":0,"ID":773379093,"LocalID":0,"Type":"multi_dropdown","Value":"ARM","CategoryFeatureId":"46082","CategoryFeatureGroupID":"8329","SortNo":"40","PresentationValue":"ARM","RawValue":"ARM","LocalValue":"ARM","Description":"","Mandatory":"0","Searchable":"0","Optional":"0","Feature":{"ID":"7490","Sign":"","Measure":{"ID":"29","Sign":"","Signs":{"ID":"","_":"","Language":"EN"}},"Name":{"Value":"Graphics card family","Language":"EN"}}},{"Localized":0,"ID":773379074,"LocalID":0,"Type":"dropdown","Value":"Mali-G615 MC5","CategoryFeatureId":"16583","CategoryFeatureGroupID":"8329","SortNo":"18","PresentationValue":"Mali-G615 MC5","RawValue":"Mali-G615 MC5","LocalValue":"Mali-G615 MC5","Description":"","Mandatory":"0","Searchable":"0","Optional":"0","Feature":{"ID":"614","Sign":"","Measure":{"ID":"29","Sign":"","Signs":{"ID":"","_":"","Language":"EN"}},"Name":{"Value":"Graphics card","Language":"EN"}}}]},{"ID":846,"SortNo":"82","FeatureGroup":{"ID":"9","Name":{"Value":"Audio","Language":"EN"}},"Features":[{"Localized":0,"ID":773034574,"LocalID":0,"Type":"numerical","Value":"4","CategoryFeatureId":"20063","CategoryFeatureGroupID":"846","SortNo":"19","PresentationValue":"4","RawValue":"4","LocalValue":"4","Description":"","Mandatory":"0","Searchable":"0","Optional":"0","Feature":{"ID":"1851","Sign":"","Measure":{"ID":"29","Sign":"","Signs":{"ID":"","_":"","Language":"EN"}},"Name":{"Value":"Number of built-in speakers","Language":"EN"}}}]},{"ID":4346,"SortNo":"80","FeatureGroup":{"ID":"95","Name":{"Value":"Camera","Language":"EN"}},"Features":[{"Localized":0,"ID":773034600,"LocalID":0,"Type":"dropdown","Value":"Single camera","CategoryFeatureId":"331455","CategoryFeatureGroupID":"4346","SortNo":"100","PresentationValue":"Single camera","RawValue":"Single camera","LocalValue":"Single camera","Description":"Indicates the type of the camera at the back of the product, dual or single.","Mandatory":"1","Searchable":"1","Optional":"0","Feature":{"ID":"27587","Sign":"","Measure":{"ID":"29","Sign":"","Signs":{"ID":"","_":"","Language":"EN"}},"Name":{"Value":"Rear camera type","Language":"EN"}}},{"Localized":0,"ID":773034601,"LocalID":0,"Type":"numerical","Value":"13","CategoryFeatureId":"80813","CategoryFeatureGroupID":"4346","SortNo":"90","PresentationValue":"13 MP","RawValue":"13","LocalValue":"13","Description":"The resolution of the images produced with the rear camera, given in MP (megapixel. 1 MP = 1 million pixels).","Mandatory":"1","Searchable":"0","Optional":"0","Feature":{"ID":"12435","Sign":"","Measure":{"ID":"165","Sign":"","Signs":{"ID":"3126","_":"MP","Language":"EN"}},"Name":{"Value":"Rear camera resolution (numeric)","Language":"EN"}}},{"Localized":0,"ID":773034566,"LocalID":0,"Type":"y_n","Value":"Y","CategoryFeatureId":"80815","CategoryFeatureGroupID":"4346","SortNo":"22","PresentationValue":"Yes","RawValue":"Y","LocalValue":"Yes","Description":"Camera at the front of the product.","Mandatory":"1","Searchable":"0","Optional":"0","Feature":{"ID":"12436","Sign":"","Measure":{"ID":"26","Sign":"","Signs":{"ID":"","_":"","Language":"EN"}},"Name":{"Value":"Front camera","Language":"EN"}}},{"Localized":0,"ID":773034585,"LocalID":0,"Type":"numerical","Value":"8","CategoryFeatureId":"80816","CategoryFeatureGroupID":"4346","SortNo":"21","PresentationValue":"8 MP","RawValue":"8","LocalValue":"8","Description":"","Mandatory":"0","Searchable":"0","Optional":"0","Feature":{"ID":"12437","Sign":"","Measure":{"ID":"165","Sign":"","Signs":{"ID":"3126","_":"MP","Language":"EN"}},"Name":{"Value":"Front camera resolution (numeric)","Language":"EN"}}}]},{"ID":2678,"SortNo":"74","FeatureGroup":{"ID":"35","Name":{"Value":"Network","Language":"EN"}},"Features":[{"Localized":0,"ID":826124184,"LocalID":0,"Type":"dropdown","Value":"Not supported","CategoryFeatureId":"328665","CategoryFeatureGroupID":"2678","SortNo":"10000405","PresentationValue":"Not supported","RawValue":"Not supported","LocalValue":"Not supported","Description":"","Mandatory":"0","Searchable":"0","Optional":"0","Feature":{"ID":"40629","Sign":"","Measure":{"ID":"29","Sign":"","Signs":{"ID":"","_":"","Language":"EN"}},"Name":{"Value":"Mobile network generation","Language":"EN"}}},{"Localized":0,"ID":773034571,"LocalID":0,"Type":"y_n","Value":"N","CategoryFeatureId":"328664","CategoryFeatureGroupID":"2678","SortNo":"410","PresentationValue":"No","RawValue":"N","LocalValue":"No","Description":"","Mandatory":"1","Searchable":"1","Optional":"0","Feature":{"ID":"24557","Sign":"","Measure":{"ID":"26","Sign":"","Signs":{"ID":"","_":"","Language":"EN"}},"Name":{"Value":"Mobile network connection","Language":"EN"}}},{"Localized":0,"ID":773034587,"LocalID":0,"Type":"y_n","Value":"Y","CategoryFeatureId":"21000","CategoryFeatureGroupID":"2678","SortNo":"300","PresentationValue":"Yes","RawValue":"Y","LocalValue":"Yes","Description":"Bluetooth is a low-power radio technology developed to replace the cables and wires currently used to link or connect electronic devices such as personal computers, printers, and a wide variety of handheld devices including mobile phones. Because it uses radio-wave connectivity, a Bluetooth-enabled device has a constant, established connection to whatever browser it uses. This saves the user the trouble of logging on to check for emails or news updates, for example.","Mandatory":"0","Searchable":"0","Optional":"0","Feature":{"ID":"2183","Sign":"","Measure":{"ID":"26","Sign":"","Signs":{"ID":"","_":"","Language":"EN"}},"Name":{"Value":"Bluetooth","Language":"EN"}}},{"Localized":0,"ID":773034575,"LocalID":0,"Type":"dropdown","Value":"5.3","CategoryFeatureId":"21001","CategoryFeatureGroupID":"2678","SortNo":"299","PresentationValue":"5.3","RawValue":"5.3","LocalValue":"5.3","Description":"The type of bluetooth technology in the product e.g. Bluetooth Smart (v4.0).","Mandatory":"0","Searchable":"0","Optional":"0","Feature":{"ID":"1208","Sign":"","Measure":{"ID":"29","Sign":"","Signs":{"ID":"","_":"","Language":"EN"}},"Name":{"Value":"Bluetooth version","Language":"EN"}}},{"Localized":0,"ID":773034565,"LocalID":0,"Type":"dropdown","Value":"Wi-Fi 6E (802.11ax)","CategoryFeatureId":"169236","CategoryFeatureGroupID":"2678","SortNo":"85","PresentationValue":"Wi-Fi 6E (802.11ax)","RawValue":"Wi-Fi 6E (802.11ax)","LocalValue":"Wi-Fi 6E (802.11ax)","Description":"Connection of this device is done via Wi-Fi in a high standard.","Mandatory":"1","Searchable":"0","Optional":"0","Feature":{"ID":"24993","Sign":"","Measure":{"ID":"29","Sign":"","Signs":{"ID":"","_":"","Language":"EN"}},"Name":{"Value":"Top Wi-Fi standard","Language":"EN"}}},{"Localized":0,"ID":773034588,"LocalID":0,"Type":"multi_dropdown","Value":"Wi-Fi 6E (802.11ax)","CategoryFeatureId":"50074","CategoryFeatureGroupID":"2678","SortNo":"49","PresentationValue":"Wi-Fi 6E (802.11ax)","RawValue":"Wi-Fi 6E (802.11ax)","LocalValue":"Wi-Fi 6E (802.11ax)","Description":"The type of wireless local area network (LAN). It can be ad-hoc, where units in a network communicate peer-to-peer, or Infrastructure, where units communicate with each other via an access point  A LAN interconnects computers in a small area e.g. home, school or office.","Mandatory":"0","Searchable":"0","Optional":"0","Feature":{"ID":"432","Sign":"","Measure":{"ID":"29","Sign":"","Signs":{"ID":"","_":"","Language":"EN"}},"Name":{"Value":"Wi-Fi standards","Language":"EN"}}},{"Localized":0,"ID":773034592,"LocalID":0,"Type":"dropdown","Value":"Not installed","CategoryFeatureId":"89646","CategoryFeatureGroupID":"2678","SortNo":"0","PresentationValue":"Not installed","RawValue":"Not installed","LocalValue":"Not installed","Description":"","Mandatory":"0","Searchable":"0","Optional":"0","Feature":{"ID":"7481","Sign":"","Measure":{"ID":"29","Sign":"","Signs":{"ID":"","_":"","Language":"EN"}},"Name":{"Value":"WWAN","Language":"EN"}}}]},{"ID":847,"SortNo":"72","FeatureGroup":{"ID":"12","Name":{"Value":"Ports & interfaces","Language":"EN"}},"Features":[{"Localized":0,"ID":773034584,"LocalID":0,"Type":"numerical","Value":"1","CategoryFeatureId":"161325","CategoryFeatureGroupID":"847","SortNo":"77","PresentationValue":"1","RawValue":"1","LocalValue":"1","Description":"Number of USB 3.0 (3.1 Gen 1) ports with Type-C connector. USB 3.0 (3.1 Gen 1) is USB interface version which supports transfer rate up to 5 Gbit/s (SuperSpeed). USB Type-C connector has symmetrical design architecture and compatible with Thunderbolt 3 interface.","Mandatory":"0","Searchable":"0","Optional":"0","Feature":{"ID":"22702","Sign":"","Measure":{"ID":"29","Sign":"","Signs":{"ID":"","_":"","Language":"EN"}},"Name":{"Value":"USB 3.2 Gen 1 (3.1 Gen 1) Type-C ports quantity","Language":"EN"}}}]},{"ID":10998,"SortNo":"40","FeatureGroup":{"ID":"148","Name":{"Value":"Design","Language":"EN"}},"Features":[{"Localized":0,"ID":773034618,"LocalID":0,"Type":"text","Value":"Luna Grey","CategoryFeatureId":"270481","CategoryFeatureGroupID":"10998","SortNo":"600","PresentationValue":"Luna Grey","RawValue":"Luna Grey","LocalValue":"Luna Grey","Description":"","Mandatory":"0","Searchable":"0","Optional":"0","Feature":{"ID":"17956","Sign":"","Measure":{"ID":"29","Sign":"","Signs":{"ID":"","_":"","Language":"EN"}},"Name":{"Value":"Colour name","Language":"EN"}}},{"Localized":0,"ID":773034610,"LocalID":0,"Type":"dropdown","Value":"Mobile tablet","CategoryFeatureId":"95720","CategoryFeatureGroupID":"10998","SortNo":"500","PresentationValue":"Mobile tablet","RawValue":"Mobile tablet","LocalValue":"Mobile tablet","Description":"Type or category of the device.","Mandatory":"1","Searchable":"0","Optional":"0","Feature":{"ID":"2328","Sign":"","Measure":{"ID":"29","Sign":"","Signs":{"ID":"","_":"","Language":"EN"}},"Name":{"Value":"Device type","Language":"EN"}}},{"Localized":0,"ID":773379081,"LocalID":0,"Type":"dropdown","Value":"Slate","CategoryFeatureId":"7141","CategoryFeatureGroupID":"10998","SortNo":"100","PresentationValue":"Slate","RawValue":"Slate","LocalValue":"Slate","Description":"The shape or design of the product.","Mandatory":"1","Searchable":"1","Optional":"0","Feature":{"ID":"771","Sign":"","Measure":{"ID":"29","Sign":"","Signs":{"ID":"","_":"","Language":"EN"}},"Name":{"Value":"Form factor","Language":"EN"}}},{"Localized":0,"ID":773034619,"LocalID":0,"Type":"dropdown","Value":"Grey","CategoryFeatureId":"35294","CategoryFeatureGroupID":"10998","SortNo":"1","PresentationValue":"Grey","RawValue":"Grey","LocalValue":"Grey","Description":"The colour e.g. red, blue, green, black, white.","Mandatory":"1","Searchable":"1","Optional":"0","Feature":{"ID":"1766","Sign":"","Measure":{"ID":"29","Sign":"","Signs":{"ID":"","_":"","Language":"EN"}},"Name":{"Value":"Product colour","Language":"EN"}}}]},{"ID":11000,"SortNo":"30","FeatureGroup":{"ID":"184","Name":{"Value":"Performance","Language":"EN"}},"Features":[{"Localized":0,"ID":773379090,"LocalID":0,"Type":"y_n","Value":"N","CategoryFeatureId":"54330","CategoryFeatureGroupID":"11000","SortNo":"110","PresentationValue":"No","RawValue":"N","LocalValue":"No","Description":"Assisted GPS, generally abbreviated as A-GPS, enhances the startup performance of a GPS satellite-based positioning system. It is used extensively with GPS-capable cellular phones as its development was accelerated by the U.S. FCC's 911 mandate making the location of a cell phone available to emergency call dispatchers.","Mandatory":"1","Searchable":"0","Optional":"0","Feature":{"ID":"6623","Sign":"","Measure":{"ID":"26","Sign":"","Signs":{"ID":"","_":"","Language":"EN"}},"Name":{"Value":"Assisted GPS (A-GPS)","Language":"EN"}}},{"Localized":0,"ID":773034622,"LocalID":0,"Type":"y_n","Value":"Y","CategoryFeatureId":"91857","CategoryFeatureGroupID":"11000","SortNo":"110","PresentationValue":"Yes","RawValue":"Y","LocalValue":"Yes","Description":"","Mandatory":"0","Searchable":"0","Optional":"0","Feature":{"ID":"15618","Sign":"","Measure":{"ID":"26","Sign":"","Signs":{"ID":"","_":"","Language":"EN"}},"Name":{"Value":"GLONASS","Language":"EN"}}},{"Localized":0,"ID":773034616,"LocalID":0,"Type":"y_n","Value":"Y","CategoryFeatureId":"31225","CategoryFeatureGroupID":"11000","SortNo":"109","PresentationValue":"Yes","RawValue":"Y","LocalValue":"Yes","Description":"Global Positioning System (GPS) is a space-based satellite navigation system that provides location and time information in all weather conditions, anywhere on or near the Earth where there is an unobstructed line of sight to four or more GPS satellites. The system provides critical capabilities to military, civil and commercial users around the world. It is maintained by the United States government and is freely accessible to anyone with a GPS receiver.","Mandatory":"0","Searchable":"0","Optional":"0","Feature":{"ID":"3329","Sign":"","Measure":{"ID":"26","Sign":"","Signs":{"ID":"","_":"","Language":"EN"}},"Name":{"Value":"GPS (satellite)","Language":"EN"}}},{"Localized":0,"ID":773034617,"LocalID":0,"Type":"y_n","Value":"Y","CategoryFeatureId":"333637","CategoryFeatureGroupID":"11000","SortNo":"109","PresentationValue":"Yes","RawValue":"Y","LocalValue":"Yes","Description":"","Mandatory":"0","Searchable":"0","Optional":"0","Feature":{"ID":"33685","Sign":"","Measure":{"ID":"26","Sign":"","Signs":{"ID":"","_":"","Language":"EN"}},"Name":{"Value":"Galileo","Language":"EN"}}},{"Localized":0,"ID":773034621,"LocalID":0,"Type":"y_n","Value":"Y","CategoryFeatureId":"57378","CategoryFeatureGroupID":"11000","SortNo":"20","PresentationValue":"Yes","RawValue":"Y","LocalValue":"Yes","Description":"","Mandatory":"0","Searchable":"0","Optional":"0","Feature":{"ID":"9731","Sign":"","Measure":{"ID":"26","Sign":"","Signs":{"ID":"","_":"","Language":"EN"}},"Name":{"Value":"Accelerometer","Language":"EN"}}},{"Localized":0,"ID":773034613,"LocalID":0,"Type":"y_n","Value":"Y","CategoryFeatureId":"57379","CategoryFeatureGroupID":"11000","SortNo":"16","PresentationValue":"Yes","RawValue":"Y","LocalValue":"Yes","Description":"","Mandatory":"0","Searchable":"0","Optional":"0","Feature":{"ID":"9732","Sign":"","Measure":{"ID":"26","Sign":"","Signs":{"ID":"","_":"","Language":"EN"}},"Name":{"Value":"Gyroscope","Language":"EN"}}},{"Localized":0,"ID":773034615,"LocalID":0,"Type":"y_n","Value":"Y","CategoryFeatureId":"903469","CategoryFeatureGroupID":"11000","SortNo":"8","PresentationValue":"Yes","RawValue":"Y","LocalValue":"Yes","Description":"","Mandatory":"0","Searchable":"0","Optional":"0","Feature":{"ID":"38333","Sign":"","Measure":{"ID":"26","Sign":"","Signs":{"ID":"","_":"","Language":"EN"}},"Name":{"Value":"Hall sensor","Language":"EN"}}},{"Localized":0,"ID":773034614,"LocalID":0,"Type":"y_n","Value":"Y","CategoryFeatureId":"166075","CategoryFeatureGroupID":"11000","SortNo":"0","PresentationValue":"Yes","RawValue":"Y","LocalValue":"Yes","Description":"Whether the navigation system can locate the phone's position.","Mandatory":"1","Searchable":"1","Optional":"0","Feature":{"ID":"26425","Sign":"","Measure":{"ID":"26","Sign":"","Signs":{"ID":"","_":"","Language":"EN"}},"Name":{"Value":"Position location","Language":"EN"}}}]},{"ID":29709,"SortNo":"29","FeatureGroup":{"ID":"75","Name":{"Value":"Security","Language":"EN"}},"Features":[{"Localized":0,"ID":773034611,"LocalID":0,"Type":"y_n","Value":"Y","CategoryFeatureId":"31233","CategoryFeatureGroupID":"29709","SortNo":"70","PresentationValue":"Yes","RawValue":"Y","LocalValue":"Yes","Description":"A scanner used to identify a person's fingerprint for security purposes. After a sample is taken, access to a computer or other system is granted if the fingerprint matches the stored sample. A PIN may also be used with the fingerprint sample.","Mandatory":"0","Searchable":"0","Optional":"0","Feature":{"ID":"3577","Sign":"","Measure":{"ID":"26","Sign":"","Signs":{"ID":"","_":"","Language":"EN"}},"Name":{"Value":"Fingerprint reader","Language":"EN"}}}]},{"ID":12019,"SortNo":"25","FeatureGroup":{"ID":"90","Name":{"Value":"Software","Language":"EN"}},"Features":[{"Localized":0,"ID":773034604,"LocalID":0,"Type":"dropdown","Value":"Android","CategoryFeatureId":"164597","CategoryFeatureGroupID":"12019","SortNo":"101","PresentationValue":"Android","RawValue":"Android","LocalValue":"Android","Description":"Description of a technology platform including a processor, chipset, platform software and wired networking capabilities.","Mandatory":"1","Searchable":"1","Optional":"0","Feature":{"ID":"75","Sign":"","Measure":{"ID":"29","Sign":"","Signs":{"ID":"","_":"","Language":"EN"}},"Name":{"Value":"Platform","Language":"EN"}}},{"Localized":0,"ID":773034602,"LocalID":0,"Type":"dropdown","Value":"Android 14","CategoryFeatureId":"20706","CategoryFeatureGroupID":"12019","SortNo":"84","PresentationValue":"Android 14","RawValue":"Android 14","LocalValue":"Android 14","Description":"Type of operating system on a device e.g. IOS on Apple devices, Android for mobile devices.","Mandatory":"1","Searchable":"1","Optional":"0","Feature":{"ID":"3233","Sign":"","Measure":{"ID":"29","Sign":"","Signs":{"ID":"","_":"","Language":"EN"}},"Name":{"Value":"Operating system installed","Language":"EN"}}}]},{"ID":7821,"SortNo":"14","FeatureGroup":{"ID":"143","Name":{"Value":"Battery","Language":"EN"}},"Features":[{"Localized":0,"ID":773034598,"LocalID":0,"Type":"y_n","Value":"Y","CategoryFeatureId":"904572","CategoryFeatureGroupID":"7821","SortNo":"55","PresentationValue":"Yes","RawValue":"Y","LocalValue":"Yes","Description":"","Mandatory":"0","Searchable":"0","Optional":"0","Feature":{"ID":"24055","Sign":"","Measure":{"ID":"26","Sign":"","Signs":{"ID":"","_":"","Language":"EN"}},"Name":{"Value":"Battery included","Language":"EN"}}},{"Localized":0,"ID":773379071,"LocalID":0,"Type":"dropdown","Value":"Lithium-Ion (Li-Ion)","CategoryFeatureId":"7140","CategoryFeatureGroupID":"7821","SortNo":"50","PresentationValue":"Lithium-Ion (Li-Ion)","RawValue":"Lithium-Ion (Li-Ion)","LocalValue":"Lithium-Ion (Li-Ion)","Description":"The type of battery in the device, e.g. nickel–cadmium (NiCd).","Mandatory":"1","Searchable":"0","Optional":"0","Feature":{"ID":"434","Sign":"","Measure":{"ID":"29","Sign":"","Signs":{"ID":"","_":"","Language":"EN"}},"Name":{"Value":"Battery technology","Language":"EN"}}},{"Localized":0,"ID":773034599,"LocalID":0,"Type":"numerical","Value":"10200","CategoryFeatureId":"34247","CategoryFeatureGroupID":"7821","SortNo":"48","PresentationValue":"10200 mAh","RawValue":"10200","LocalValue":"10200","Description":"A measure of the charge stored by the battery. Determined by the mass of active material contained in the battery.","Mandatory":"1","Searchable":"0","Optional":"0","Feature":{"ID":"909","Sign":"","Measure":{"ID":"51","Sign":"","Signs":{"ID":"35","_":"mAh","Language":"EN"}},"Name":{"Value":"Battery capacity","Language":"EN"}}}]},{"ID":849,"SortNo":"13","FeatureGroup":{"ID":"27","Name":{"Value":"Power","Language":"EN"}},"Features":[{"Localized":0,"ID":773379083,"LocalID":0,"Type":"alphanumeric","Value":"100 - 240","CategoryFeatureId":"31232","CategoryFeatureGroupID":"849","SortNo":"45","PresentationValue":"100 - 240 V","RawValue":"100 - 240","LocalValue":"100 - 240","Description":"","Mandatory":"0","Searchable":"0","Optional":"0","Feature":{"ID":"902","Sign":"","Measure":{"ID":"42","Sign":"","Signs":{"ID":"26","_":"V","Language":"EN"}},"Name":{"Value":"AC adapter input voltage","Language":"EN"}}},{"Localized":0,"ID":773379086,"LocalID":0,"Type":"alphanumeric","Value":"50 - 60","CategoryFeatureId":"31231","CategoryFeatureGroupID":"849","SortNo":"40","PresentationValue":"50 - 60 Hz","RawValue":"50 - 60","LocalValue":"50 - 60","Description":"","Mandatory":"0","Searchable":"0","Optional":"0","Feature":{"ID":"903","Sign":"","Measure":{"ID":"36","Sign":"","Signs":{"ID":"20","_":"Hz","Language":"EN"}},"Name":{"Value":"AC adapter frequency","Language":"EN"}}},{"Localized":0,"ID":773034583,"LocalID":0,"Type":"y_n","Value":"Y","CategoryFeatureId":"974881","CategoryFeatureGroupID":"849","SortNo":"0","PresentationValue":"Yes","RawValue":"Y","LocalValue":"Yes","Description":"","Mandatory":"1","Searchable":"0","Optional":"0","Feature":{"ID":"48505","Sign":"","Measure":{"ID":"26","Sign":"","Signs":{"ID":"","_":"","Language":"EN"}},"Name":{"Value":"USB Type-C charging port","Language":"EN"}}}]},{"ID":82701,"SortNo":"12","FeatureGroup":{"ID":"32","Name":{"Value":"Endurance","Language":"EN"}},"Features":[{"Localized":0,"ID":801480155,"LocalID":0,"Type":"dropdown","Value":"F","CategoryFeatureId":"1088508","CategoryFeatureGroupID":"82701","SortNo":"50","PresentationValue":"F","RawValue":"F","LocalValue":"F","Description":"The energy efficiency of the appliance is rated in terms of a set of energy efficiency classes from A+++ to G on the label, A+++ being the most energy efficient, G the least efficient.","Mandatory":"1","Searchable":"0","Optional":"0","Feature":{"ID":"2705","Sign":"","Measure":{"ID":"29","Sign":"","Signs":{"ID":"","_":"","Language":"EN"}},"Name":{"Value":"Energy efficiency class","Language":"EN"}}},{"Localized":0,"ID":801480167,"LocalID":0,"Type":"dropdown","Value":"A to G","CategoryFeatureId":"1088509","CategoryFeatureGroupID":"82701","SortNo":"48","PresentationValue":"A to G","RawValue":"A to G","LocalValue":"A to G","Description":"","Mandatory":"0","Searchable":"0","Optional":"0","Feature":{"ID":"39201","Sign":"","Measure":{"ID":"29","Sign":"","Signs":{"ID":"","_":"","Language":"EN"}},"Name":{"Value":"Energy efficiency scale","Language":"EN"}}},{"Localized":0,"ID":801480173,"LocalID":0,"Type":"numerical","Value":"6763","CategoryFeatureId":"1088510","CategoryFeatureGroupID":"82701","SortNo":"46","PresentationValue":"6763 min","RawValue":"6763","LocalValue":"6763","Description":"","Mandatory":"1","Searchable":"0","Optional":"0","Feature":{"ID":"49427","Sign":"","Measure":{"ID":"66","Sign":"","Signs":{"ID":"49","_":"min","Language":"EN"}},"Name":{"Value":"Battery endurance per cycle","Language":"EN"}}},{"Localized":0,"ID":801480184,"LocalID":0,"Type":"numerical","Value":"1000","CategoryFeatureId":"1088511","CategoryFeatureGroupID":"82701","SortNo":"44","PresentationValue":"1000","RawValue":"1000","LocalValue":"1000","Description":"","Mandatory":"1","Searchable":"0","Optional":"0","Feature":{"ID":"49429","Sign":"","Measure":{"ID":"29","Sign":"","Signs":{"ID":"","_":"","Language":"EN"}},"Name":{"Value":"Battery endurance in cycles","Language":"EN"}}},{"Localized":0,"ID":801480176,"LocalID":0,"Type":"dropdown","Value":"E","CategoryFeatureId":"1088512","CategoryFeatureGroupID":"82701","SortNo":"42","PresentationValue":"E","RawValue":"E","LocalValue":"E","Description":"","Mandatory":"1","Searchable":"0","Optional":"0","Feature":{"ID":"49428","Sign":"","Measure":{"ID":"29","Sign":"","Signs":{"ID":"","_":"","Language":"EN"}},"Name":{"Value":"Repeated free fall reliability class","Language":"EN"}}},{"Localized":0,"ID":801480186,"LocalID":0,"Type":"dropdown","Value":"A","CategoryFeatureId":"1088513","CategoryFeatureGroupID":"82701","SortNo":"40","PresentationValue":"A","RawValue":"A","LocalValue":"A","Description":"","Mandatory":"1","Searchable":"0","Optional":"0","Feature":{"ID":"49430","Sign":"","Measure":{"ID":"29","Sign":"","Signs":{"ID":"","_":"","Language":"EN"}},"Name":{"Value":"Repairability class","Language":"EN"}}},{"Localized":0,"ID":801480161,"LocalID":0,"Type":"dropdown","Value":"IP52","CategoryFeatureId":"122419","CategoryFeatureGroupID":"82701","SortNo":"38","PresentationValue":"IP52","RawValue":"IP52","LocalValue":"IP52","Description":"The IP code classifies and rates the degree of protection provided against the intrusion (including body parts such as hands and fingers), dust, accidental contact, and water by mechanical casings and electrical enclosures. It is published by the International Electrotechnical Commission (IEC). The digits (characteristic numerals) indicate conformity with the conditions summarized in the tables below. Where there is no protection rating with regard to one of the criteria, the digit is replaced with the letter X. an electrical socket rated IP22 is protected against insertion of fingers and will not be damaged or become unsafe during a specified test in which it is exposed to vertically or nearly vertically dripping water. Another example is the Sony Xperia Z Ultra, one of the first cellular phones to be IP-rated; it is rated at IP58 and marketed as \"dust resistant\" and can be \"immersed in 1.5 meter of freshwater for up to 30 minutes\".","Mandatory":"1","Searchable":"0","Optional":"0","Feature":{"ID":"7900","Sign":"","Measure":{"ID":"29","Sign":"","Signs":{"ID":"","_":"","Language":"EN"}},"Name":{"Value":"International Protection (IP) code","Language":"EN"}}}]},{"ID":848,"SortNo":"5","FeatureGroup":{"ID":"14","Name":{"Value":"Weight & dimensions","Language":"EN"}},"Features":[{"Localized":0,"ID":773034612,"LocalID":0,"Type":"numerical","Value":"291.8","CategoryFeatureId":"21002","CategoryFeatureGroupID":"848","SortNo":"10","PresentationValue":"291.8 mm","RawValue":"291.8","LocalValue":"291.8","Description":"The measurement or extent of something from side to side.","Mandatory":"0","Searchable":"0","Optional":"0","Feature":{"ID":"1649","Sign":"","Measure":{"ID":"24","Sign":"","Signs":{"ID":"3","_":"mm","Language":"EN"}},"Name":{"Value":"Width","Language":"EN"}}},{"Localized":0,"ID":773034605,"LocalID":0,"Type":"numerical","Value":"189.1","CategoryFeatureId":"21003","CategoryFeatureGroupID":"848","SortNo":"9","PresentationValue":"189.1 mm","RawValue":"189.1","LocalValue":"189.1","Description":"The distance from the front to the back of something.","Mandatory":"0","Searchable":"0","Optional":"0","Feature":{"ID":"1650","Sign":"","Measure":{"ID":"24","Sign":"","Signs":{"ID":"3","_":"mm","Language":"EN"}},"Name":{"Value":"Depth","Language":"EN"}}},{"Localized":0,"ID":773034609,"LocalID":0,"Type":"numerical","Value":"6.9","CategoryFeatureId":"21004","CategoryFeatureGroupID":"848","SortNo":"7","PresentationValue":"6.9 mm","RawValue":"6.9","LocalValue":"6.9","Description":"The measurement of the product from head to foot or from base to top.","Mandatory":"0","Searchable":"0","Optional":"0","Feature":{"ID":"1464","Sign":"","Measure":{"ID":"24","Sign":"","Signs":{"ID":"3","_":"mm","Language":"EN"}},"Name":{"Value":"Height","Language":"EN"}}},{"Localized":0,"ID":773034607,"LocalID":0,"Type":"numerical","Value":"620","CategoryFeatureId":"12812","CategoryFeatureGroupID":"848","SortNo":"4","PresentationValue":"620 g","RawValue":"620","LocalValue":"620","Description":"Weight of the product without packaging (net weight). If possible, the net weight is given including standard accessories and supplies. Please note that sometimes the manufacturer leaves out the weight of accessories and/or supplies.","Mandatory":"0","Searchable":"0","Optional":"0","Feature":{"ID":"94","Sign":"","Measure":{"ID":"38","Sign":"","Signs":{"ID":"22","_":"g","Language":"EN"}},"Name":{"Value":"Weight","Language":"EN"}}}]},{"ID":6516,"SortNo":"3","FeatureGroup":{"ID":"116","Name":{"Value":"Packaging content","Language":"EN"}},"Features":[{"Localized":0,"ID":773034608,"LocalID":0,"Type":"y_n","Value":"N","CategoryFeatureId":"57785","CategoryFeatureGroupID":"6516","SortNo":"10","PresentationValue":"No","RawValue":"N","LocalValue":"No","Description":"","Mandatory":"1","Searchable":"0","Optional":"0","Feature":{"ID":"1230","Sign":"","Measure":{"ID":"26","Sign":"","Signs":{"ID":"","_":"","Language":"EN"}},"Name":{"Value":"AC adapter included","Language":"EN"}}}]},{"ID":41361,"SortNo":"0","FeatureGroup":{"ID":"76","Name":{"Value":"Certificates","Language":"EN"}},"Features":[{"Localized":0,"ID":773034620,"LocalID":0,"Type":"textarea","Value":"ENERGY STAR,RoHS","CategoryFeatureId":"34269","CategoryFeatureGroupID":"41361","SortNo":"-100","PresentationValue":"ENERGY STAR,RoHS","RawValue":"ENERGY STAR,RoHS","LocalValue":"ENERGY STAR,RoHS","Description":"","Mandatory":"0","Searchable":"0","Optional":"0","Feature":{"ID":"249","Sign":"","Measure":{"ID":"29","Sign":"","Signs":{"ID":"","_":"","Language":"EN"}},"Name":{"Value":"Certification","Language":"EN"}}}]},{"ID":850,"SortNo":"-10","FeatureGroup":{"ID":"28","Name":{"Value":"Operational conditions","Language":"EN"}},"Features":[{"Localized":0,"ID":773379088,"LocalID":0,"Type":"range","Value":"0 - 40","CategoryFeatureId":"7146","CategoryFeatureGroupID":"850","SortNo":"50","PresentationValue":"0 - 40 °C","RawValue":"0 - 40","LocalValue":"0 - 40","Description":"The minimum and maximum temperatures at which the product can be safely operated.","Mandatory":"0","Searchable":"0","Optional":"0","Feature":{"ID":"1112","Sign":"","Measure":{"ID":"65","Sign":"","Signs":{"ID":"48","_":"°C","Language":"EN"}},"Name":{"Value":"Operating temperature (T-T)","Language":"EN"}}},{"Localized":0,"ID":773379077,"LocalID":0,"Type":"range","Value":"0 - 95","CategoryFeatureId":"7145","CategoryFeatureGroupID":"850","SortNo":"43","PresentationValue":"0 - 95%","RawValue":"0 - 95","LocalValue":"0 - 95","Description":"","Mandatory":"0","Searchable":"0","Optional":"0","Feature":{"ID":"703","Sign":"","Measure":{"ID":"64","Sign":"","Signs":{"ID":"47","_":"%","Language":"EN"}},"Name":{"Value":"Operating relative humidity (H-H)","Language":"EN"}}}]}],"FeatureLogos":[{"LogoPic":"https://images.icecat.biz/img/feature_logo/989-1485.png","Width":"300","Height":"165","Size":"0","ThumbPic":"https://images.icecat.biz/img/feature_logo_thumbs/989-1485.png","FeatureID":"2705","Value":"F","KeyLogo":0,"Description":{"Value":"F means that the product is rated in its category in terms of energy efficiency. The Energy Labeling system is based on EU Regulation 2017/1369/EU.","Language":"EN"}},{"LogoPic":"https://images.icecat.biz/img/feature_logo/1242-3899.png","Width":"0","Height":"0","Size":"0","ThumbPic":"https://images.icecat.biz/img/feature_logo_thumbs/1242-3899.png","FeatureID":"1230","Value":"N","KeyLogo":1,"Description":{"Value":"DIRECTIVE (EU) 2022/2380 OF THE EUROPEAN PARLIAMENT AND OF THE COUNCIL of 23 November 2022 (Part III)","Language":"EN"}}],"ReasonsToBuy":[],"Reviews":[],"ProductRelated":[{"ID":326436636,"CategoryID":788,"Preferred":0,"IcecatID":120552540,"ProductCode":"5WS8C04325","ThumbPic":"","ProductName":"3Y Premium Care with Courier/Carry-in upgrade from 2Y Courier/Carry-in (Android Tablets)","Brand":"Lenovo","BrandID":728,"ProductRelatedLocales":[{"ID":0,"Language":"EN","Preferred":0,"StartDate":"","EndDate":""}]},{"ID":326436634,"CategoryID":788,"Preferred":0,"IcecatID":120552539,"ProductCode":"5WS8C04324","ThumbPic":"","ProductName":"2Y Premium Care with Courier/Carry-in upgrade from 2Y Courier/Carry-in (Android Tablets)","Brand":"Lenovo","BrandID":728,"ProductRelatedLocales":[{"ID":0,"Language":"EN","Preferred":0,"StartDate":"","EndDate":""}]},{"ID":326436641,"CategoryID":194,"Preferred":0,"IcecatID":120221580,"ProductCode":"ZG38C05805","ThumbPic":"","ProductName":"ZG38C05805","Brand":"Lenovo","BrandID":728,"ProductRelatedLocales":[{"ID":0,"Language":"EN","Preferred":0,"StartDate":"","EndDate":""}]},{"ID":326436638,"CategoryID":788,"Preferred":0,"IcecatID":114992908,"ProductCode":"5WS8C04319","ThumbPic":"","ProductName":"5WS8C04319","Brand":"Lenovo","BrandID":728,"ProductRelatedLocales":[{"ID":0,"Language":"EN","Preferred":0,"StartDate":"","EndDate":""}]},{"ID":326436640,"CategoryID":203,"Preferred":0,"IcecatID":113493799,"ProductCode":"ZG38C05190","ThumbPic":"","ProductName":"Tab Pen Plus","Brand":"Lenovo","BrandID":728,"ProductRelatedLocales":[{"ID":0,"Language":"EN","Preferred":0,"StartDate":"","EndDate":""}]}],"CatalogObjectCloud":{"ProductPage":{"QRCodeURL":"https://qr.icecat.biz/coc/a599ca5d-a00d-4216-b35c-de2e31460c97","URL":"https://coc.icecat.biz/a599ca5d-a00d-4216-b35c-de2e31460c97"}},"Variants":[],"ProductStory":[],"Dictionary":{"model_name":"Product name","desc":"Description","ean_code":"EAN/UPC code","flash360":"3D tour","demo_msg_part3":"If you don't have an Icecat account, please register here for free.","repairability_index":"Repairability index","zoom_panel_init":"Original size","cat_name":"Category","product_family":"Product family","back_to_top":"Back to top","zoom_panel_out":"Zoom out","specs":"Specs","eu_product_fiche":"EU Product Fiche","reviews_head_name":"Reviews","pdf_specs":"Product Brochure","zoom_panel_in":"Zoom in","html_content":"","release_date":"Release date","demo_msg_part1":"You are using now a Demo account. Please, use your own Icecat account","demo_insert_desc":"This is a demo of a seamless insert of an Icecat LIVE product data-sheet in your website. Imagine that this responsive data-sheet is included in the product page of your webshop.","pdf_url":"User manual","prod_code":"Product code","supplier_name":"Brand","video":"Video","reasons_to_buy":"Reasons to buy","marketing_text":"Description","options_head_name":"Options","product_series":"Product series","demo_msg_part2":"your Icecat login name","link_integrate_desk":"How to integrate Icecat LIVE JavaScript.","zoom_panel_dragg":"Mouse dragging","eu_energy_label":"EU Energy Label"},"DemoAccount":false}}