{"msg":"OK","data":{"GeneralInfo":{"IcecatId":105009175,"ReleaseDate":"","EndOfLifeDate":"","Title":"Garmin tactix 7 3.56 cm (1.4\") MIP 51 mm Digital 280 x 280 pixels Touchscreen Black Wi-Fi GPS (satellite)","TitleInfo":{"GeneratedIntTitle":"Garmin tactix 7","GeneratedLocalTitle":{"Value":"Garmin tactix 7 3.56 cm (1.4\") MIP 51 mm Digital 280 x 280 pixels Touchscreen Black Wi-Fi GPS (satellite)","Language":"EN"},"BrandLocalTitle":{"Value":"","Language":"EN"}},"Brand":"Garmin","BrandID":"202","BrandLogo":"https://inishop.com/img/brand/thumb/202_f82bf3293e3a46c2bfe80322da4aa316.jpg","BrandInfo":{"BrandName":"Garmin","BrandLocalName":"","BrandLogo":"https://inishop.com/img/brand/thumb/202_f82bf3293e3a46c2bfe80322da4aa316.jpg"},"ProductName":"tactix 7","ProductNameInfo":{"ProductIntName":"tactix 7","ProductLocalName":{"Value":"","Language":"EN"}},"BrandPartCode":"010-02704-01","GTIN":["0753759288778","753759288778"],"Category":{"CategoryID":"2647","Name":{"Value":"Smartwatches & Sport Watches","Language":"EN"}},"ProductFamily":{"ProductFamilyID":"77072","Value":"tactix","Language":"EN"},"ProductSeries":{"SeriesID":"1"},"Description":{"ID":"89126364","LongDesc":"<b>Built for the field</b><br>Featuring a sapphire lens, traditional buttons and touchscreen display, this multisport GPS smartwatch offers specialized tactical features as well as mapping, music, advanced training features and more.<br><br><b>BATTERY LIFE</b><br>Get up to 28 days of battery life in smartwatch mode and up to 89 hours in GPS mode.<br><br><b>QUALITY BY DESIGN</b><br>Tested to MIL-STD-810, the rugged yet sophisticated design features a large 1.4” display.<br><br><b>TOUCHSCREEN AND BUTTONS</b><br>Traditional button controls that work in any environment are matched with a responsive new touchscreen interface for quick access to selections and functions.<br><br>Equipped to execute your every objective.<br><br><b>BUILT-IN GREEN OR WHITE FLASHLIGHT</b><br>To help guide your way in low-light conditions, a built-in multi-LED flashlight provides quick access to a bright, steady beam in either green or white light.<br><br><b>NIGHT VISION CAPABILITY</b><br>Easily switch between daytime view and nighttime view with a screen that can be read by night vision goggles.<br><br><b>STEALTH MODE</b><br>While keeping the watch operational, stealth mode stops storing and sharing your GPS position and disables wireless connectivity and communication.<br><br><b>KILL SWITCH</b><br>If security becomes an issue, the kill switch wipes the device of all user memory.<br><br><b>JUMPMASTER MODE</b><br>This feature works to calculate high-altitude release points according to military guidelines and helps to navigate you to your objective once you’ve jumped.<br><br><b>DUAL-POSITION FORMAT</b><br>Easily sync your location with others by seeing both the universal transverse mercator and military grid reference system on the same screen.<br><br><b>PROJECTED WAYPOINTS</b><br>Set and save remote geo positions to be used later for navigation.<br><br><b>HUNT ACTIVITY</b><br>Track your hunt, and mark hunt-specific waypoints directly on your watch.<br><br><b>DIRECT-TO NAVIGATION</b><br>Navigate straight to a location or waypoint in the worldwide aeronautical database. Or choose the Nearest function to activate a path to a nearby airport.<br><br><b>WEATHER REPORTS</b><br>Access aviation weather, including NEXRAD radar, METARs and TAFs, to see winds, visibility, barometric pressure and more1.<br><br><b>Push performance to a whole new level.</b><br><br><b>BUILT-IN SPORTS APPS</b><br>Use preloaded activity profiles for trail running, swimming, running, biking, hiking, rowing, skiing, golfing, surfing, indoor climbing and more.<br><br><b>HIIT WORKOUTS</b><br>This activity profile tracks your high-intensity interval training workouts, including AMRAP, EMOM, Tabata and custom. Set the number of rounds, work/rest intervals and more.<br><br><b>DAILY SUGGESTED WORKOUT</b><br>View your entire week of daily suggested workouts, which adapt after every run or ride to match your performance and recovery as well as the races coming up in your Garmin Connect™ smartphone app calendar.<br><br><b>VISUAL RACE PREDICTOR</b><br>Based on your running history and overall fitness level, this feature provides an estimate of what your pace could be for the distance you want to run. Trend data shows how your training is having an impact over time.<br><br><b>UP AHEAD</b><br>Get at-a-glance awareness for selected POI checkpoints ahead. View performance metrics, split times and distance/elevation — plus a summary of key trail points coming up.<br><br><b>PACEPRO™ TECHNOLOGY</b><br>A first-of-its-kind PacePro feature helps keep you on pace with grade-adjusted guidance as you run a course.<br><br><b>PERFORMANCE METRICS</b><br>View advanced training metrics that include running dynamics, heat- and altitude-adjusted VO2 max, trail run VO2 max, recovery advisor and more2.<br><br><b>REAL-TIME STAMINA</b><br>Use this data to track and manage your exertion — and help avoid overexerting at the start of your run or bike.<br><br><b>RECOVERY TIME ADVISOR</b><br>After each workout, recovery time lets you know when you’ll be ready for another hard workout. It even accounts for training intensity and factors such as stress, daily activity and sleep.<br><br><b>MTB DYNAMICS</b><br>Track the details of every ride with mountain biking metrics plus specialized Grit™ and Flow™ measurements that rate trail difficulty and how smoothly you descend, giving you a score to beat next time.<br><br><b>CLIMBPRO FEATURE</b><br>Use the ClimbPro ascent planner on downloaded courses to see real-time information on your current and upcoming climbs, including gradient, distance and elevation gain — as well as descents and flats.<br><br><b>SURF-READY FEATURES</b><br>Get ready to catch some waves. This tactix watch works with the Surfline Sessions™ feature, which creates a video of every wave you ride in front of a Surfline® camera3. So you can watch them later and see how you did with your Surfline Sessions subscription.<br><br><b>BACKCOUNTRY SKI</b><br>Stay informed when you’re in the snow. This preloaded profile helps distinguish between skiing and climbing. It shows metrics specific to either ascent or descent.<br><br><b>XC SKI DYNAMICS</b><br>When paired with the HRM-Pro™ chest strap (sold separately), the ski power metric helps measure the actual exercise load of your cross-country workouts.<br><br><b>RACE WIDGET</b><br>Get ready for your next race with training tips, personalized daily suggested workouts and completion time predictions based on course details, weather and performance.<br><br><b>TRAINING STATUS</b><br>Using new indicators such as HRV status, your recent exercise history and performance, get insight into your overall effort — and whether you’re training productively, peaking or strained.<br><br><b>TRAINING READINESS</b><br>From the moment you wake up, get a readiness score based on your sleep quality, recovery, training load and more, so you can determine whether it’s a good day to go hard — or take it easy.<br><br><b>HRV STATUS</b><br>Gain a deeper understanding of your overall health, training and recovery through heart rate variability while you sleep, based on technology developed by our Firstbeat Analytics™ team.<br><br><b>RUNNING POWER</b><br>Get a continuous measurement on your wrist of how much power you’re applying to the road as you run when using a Running Dynamics Pod or HRM-Pro™ monitor<br>","LongProductName":"Standard Edition, 1.4”, 280 x 280 px, 32 GB, 51 x 51 x 14.9 mm, 89 g","MiddleDesc":"","Disclaimer":"","ManualPDFURL":"https://inishop.com/objects/mmo_105009175_1668342810_2822_31213.pdf","ManualPDFSize":"8283689","LeafletPDFURL":"","PDFSize":"0","URL":"https://www.garmin.com/fr-GB/p/802925","WarrantyInfo":"","Updated":"2022-11-13 13:30:35","Language":"EN"},"SummaryDescription":{"ShortSummaryDescription":"Garmin tactix 7, 3.56 cm (1.4\"), MIP, Touchscreen, 32 GB, GPS (satellite), 89 g","LongSummaryDescription":"Garmin tactix 7. Display diagonal: 3.56 cm (1.4\"), Display technology: MIP, Display resolution: 280 x 280 pixels, Touchscreen. Flash memory: 32 GB. Wi-Fi. GPS (satellite). Weight: 89 g. Band material: Silicone, Band colour: Black, Band size: One Size"},"BulletPoints":{"BulletPointsId":"7108621","Language":"EN","Values":["Ruggedly built with a premium design","Don’t be limited by battery life; get up to 28 days in smartwatch mode","When it gets dark, the built-in LED flashlight helps keep you going","Go undetected with tactical-specific features such as night vision compatibility","Navigate your world with multi-GNSS satellite reference and outdoor sensors","Enjoy smart features such as payments, music and notifications when you pair to your compatible smartphone"],"Updated":"2022-11-13 13:26:42"},"GeneratedBulletPoints":{"Language":"EN","Values":["Smartwatch Digital Touchscreen 3.56 cm (1.4\") MIP","280 x 280 pixels","Water resistant, Waterproof Water resistance: 10 ATM","Heart rate monitor Accelerometer Gyroscope","GPS (satellite) GLONASS Galileo","Wi-Fi Bluetooth","2160 h"]},"GTINs":[{"GTIN":"0753759288778","IsApproved":true},{"GTIN":"753759288778","IsApproved":true}]},"Image":{"HighPic":"https://inishop.com/img/gallery/105009175_2761060680.jpg","HighPicSize":"49076","HighPicHeight":"600","HighPicWidth":"600","LowPic":"https://inishop.com/img/gallery_lows/105009175_2761060680.jpg","LowPicSize":"15876","LowPicHeight":"200","LowPicWidth":"200","Pic500x500":"https://inishop.com/img/gallery_mediums/105009175_2761060680.jpg","Pic500x500Size":"70153","Pic500x500Height":"500","Pic500x500Width":"500","ThumbPic":"https://inishop.com/img/gallery_thumbs/105009175_2761060680.jpg","ThumbPicSize":"3566"},"Multimedia":[{"ID":"7A624C8F-599B-4492-A848-DD9CA5A58365","URL":"https://inishop.com/objects/105009175_22810690.mp4?access=J77V3nPxhMdrWjeg62LCNU5ezzgJnXffIjaIYNCFejI1wbVxdOQxfWMB3SVQAVsv","Type":"video/mp4","ContentType":"video/mp4","KeepAsUrl":"0","Description":"Garmin - tactix 7 Series","Size":"11496034","IsPrivate":"0","Updated":"2022-11-13 13:32:32","Language":"EN","IsVideo":1,"ThumbUrl":"https://inishop.com/objects/thumb/105009175_22810690_thumb.png?access=J77V3nPxhMdrWjeg62LCNU5ezzgJnXffIjaIYNCFejI1wbVxdOQxfWMB3SVQAVsv","PreviewUrl":"https://inishop.com/objects/preview/105009175_22810690_preview.png?access=J77V3nPxhMdrWjeg62LCNU5ezzgJnXffIjaIYNCFejI1wbVxdOQxfWMB3SVQAVsv"},{"ID":"97E02123-993B-4702-9940-792756DEC6D8","URL":"https://inishop.com/objects/mmo_105009175_1668342810_2822_31213.pdf","Type":"manual pdf","ContentType":"application/pdf","KeepAsUrl":"0","Description":"User manual","Size":"8283689","IsPrivate":"0","Updated":"2022-11-13 13:33:30","Language":"EN","IsVideo":0}],"Gallery":[{"ID":"68815089","LowPic":"https://inishop.com/img/gallery_lows/105009175_2761060680.jpg","LowSize":"15876","LowHeight":"200","LowWidth":"200","ThumbPic":"https://inishop.com/img/gallery_thumbs/105009175_2761060680.jpg","ThumbPicSize":"3566","Pic":"https://inishop.com/img/gallery/105009175_2761060680.jpg","Size":"49076","PicHeight":"600","PicWidth":"600","Pic500x500":"https://inishop.com/img/gallery_mediums/105009175_2761060680.jpg","Pic500x500Size":"70153","Pic500x500Height":"500","Pic500x500Width":"500","No":"1","IsMain":"Y","Updated":"2022-11-13 13:23:35","IsPrivate":"0","Type":"ProductImage","Attributes":{"OriginalFileName":""}},{"ID":"68815090","LowPic":"https://inishop.com/img/gallery_lows/105009175_8141303878.jpg","LowSize":"15857","LowHeight":"200","LowWidth":"200","ThumbPic":"https://inishop.com/img/gallery_thumbs/105009175_8141303878.jpg","ThumbPicSize":"3912","Pic":"https://inishop.com/img/gallery/105009175_8141303878.jpg","Size":"45026","PicHeight":"600","PicWidth":"600","Pic500x500":"https://inishop.com/img/gallery_mediums/105009175_8141303878.jpg","Pic500x500Size":"66012","Pic500x500Height":"500","Pic500x500Width":"500","No":"2","IsMain":"N","Updated":"2022-11-13 13:23:37","IsPrivate":"0","Type":"ProductImage","Attributes":{"OriginalFileName":""}},{"ID":"68815091","LowPic":"https://inishop.com/img/gallery_lows/105009175_3881041658.jpg","LowSize":"12364","LowHeight":"200","LowWidth":"200","ThumbPic":"https://inishop.com/img/gallery_thumbs/105009175_3881041658.jpg","ThumbPicSize":"2875","Pic":"https://inishop.com/img/gallery/105009175_3881041658.jpg","Size":"37214","PicHeight":"600","PicWidth":"600","Pic500x500":"https://inishop.com/img/gallery_mediums/105009175_3881041658.jpg","Pic500x500Size":"54429","Pic500x500Height":"500","Pic500x500Width":"500","No":"3","IsMain":"N","Updated":"2022-11-13 13:23:38","IsPrivate":"0","Type":"ProductImage","Attributes":{"OriginalFileName":""}},{"ID":"68815092","LowPic":"https://inishop.com/img/gallery_lows/105009175_8765026639.jpg","LowSize":"10172","LowHeight":"200","LowWidth":"200","ThumbPic":"https://inishop.com/img/gallery_thumbs/105009175_8765026639.jpg","ThumbPicSize":"2797","Pic":"https://inishop.com/img/gallery/105009175_8765026639.jpg","Size":"31513","PicHeight":"600","PicWidth":"600","Pic500x500":"https://inishop.com/img/gallery_mediums/105009175_8765026639.jpg","Pic500x500Size":"40617","Pic500x500Height":"500","Pic500x500Width":"500","No":"4","IsMain":"N","Updated":"2022-11-13 13:23:40","IsPrivate":"0","Type":"ProductImage","Attributes":{"OriginalFileName":""}},{"ID":"68815093","LowPic":"https://inishop.com/img/gallery_lows/105009175_5930189426.jpg","LowSize":"12143","LowHeight":"200","LowWidth":"200","ThumbPic":"https://inishop.com/img/gallery_thumbs/105009175_5930189426.jpg","ThumbPicSize":"2965","Pic":"https://inishop.com/img/gallery/105009175_5930189426.jpg","Size":"38432","PicHeight":"600","PicWidth":"600","Pic500x500":"https://inishop.com/img/gallery_mediums/105009175_5930189426.jpg","Pic500x500Size":"53521","Pic500x500Height":"500","Pic500x500Width":"500","No":"5","IsMain":"N","Updated":"2022-11-13 13:23:41","IsPrivate":"0","Type":"ProductImage","Attributes":{"OriginalFileName":""}},{"ID":"68815094","LowPic":"https://inishop.com/img/gallery_lows/105009175_6967165065.jpg","LowSize":"15384","LowHeight":"200","LowWidth":"200","ThumbPic":"https://inishop.com/img/gallery_thumbs/105009175_6967165065.jpg","ThumbPicSize":"3415","Pic":"https://inishop.com/img/gallery/105009175_6967165065.jpg","Size":"40701","PicHeight":"600","PicWidth":"600","Pic500x500":"https://inishop.com/img/gallery_mediums/105009175_6967165065.jpg","Pic500x500Size":"63487","Pic500x500Height":"500","Pic500x500Width":"500","No":"6","IsMain":"N","Updated":"2022-11-13 13:23:47","IsPrivate":"0","Type":"ProductImage","Attributes":{"OriginalFileName":""}},{"ID":"68815095","LowPic":"https://inishop.com/img/gallery_lows/105009175_4441018844.jpg","LowSize":"12930","LowHeight":"200","LowWidth":"200","ThumbPic":"https://inishop.com/img/gallery_thumbs/105009175_4441018844.jpg","ThumbPicSize":"3164","Pic":"https://inishop.com/img/gallery/105009175_4441018844.jpg","Size":"45904","PicHeight":"600","PicWidth":"600","Pic500x500":"https://inishop.com/img/gallery_mediums/105009175_4441018844.jpg","Pic500x500Size":"61026","Pic500x500Height":"500","Pic500x500Width":"500","No":"7","IsMain":"N","Updated":"2022-11-13 13:23:43","IsPrivate":"0","Type":"ProductImage","Attributes":{"OriginalFileName":""}},{"ID":"68815096","LowPic":"https://inishop.com/img/gallery_lows/105009175_9743902925.jpg","LowSize":"13967","LowHeight":"200","LowWidth":"200","ThumbPic":"https://inishop.com/img/gallery_thumbs/105009175_9743902925.jpg","ThumbPicSize":"3390","Pic":"https://inishop.com/img/gallery/105009175_9743902925.jpg","Size":"41868","PicHeight":"600","PicWidth":"600","Pic500x500":"https://inishop.com/img/gallery_mediums/105009175_9743902925.jpg","Pic500x500Size":"60347","Pic500x500Height":"500","Pic500x500Width":"500","No":"8","IsMain":"N","Updated":"2022-11-13 13:23:44","IsPrivate":"0","Type":"ProductImage","Attributes":{"OriginalFileName":""}},{"ID":"68815097","LowPic":"https://inishop.com/img/gallery_lows/105009175_8564549367.jpg","LowSize":"16357","LowHeight":"200","LowWidth":"200","ThumbPic":"https://inishop.com/img/gallery_thumbs/105009175_8564549367.jpg","ThumbPicSize":"3878","Pic":"https://inishop.com/img/gallery/105009175_8564549367.jpg","Size":"48762","PicHeight":"600","PicWidth":"600","Pic500x500":"https://inishop.com/img/gallery_mediums/105009175_8564549367.jpg","Pic500x500Size":"67754","Pic500x500Height":"500","Pic500x500Width":"500","No":"9","IsMain":"N","Updated":"2022-11-13 13:23:45","IsPrivate":"0","Type":"ProductImage","Attributes":{"OriginalFileName":""}},{"ID":"68815098","LowPic":"https://inishop.com/img/gallery_lows/105009175_4203986639.jpg","LowSize":"10413","LowHeight":"200","LowWidth":"200","ThumbPic":"https://inishop.com/img/gallery_thumbs/105009175_4203986639.jpg","ThumbPicSize":"2834","Pic":"https://inishop.com/img/gallery/105009175_4203986639.jpg","Size":"32097","PicHeight":"600","PicWidth":"600","Pic500x500":"https://inishop.com/img/gallery_mediums/105009175_4203986639.jpg","Pic500x500Size":"41645","Pic500x500Height":"500","Pic500x500Width":"500","No":"10","IsMain":"N","Updated":"2022-11-13 13:23:46","IsPrivate":"0","Type":"ProductImage","Attributes":{"OriginalFileName":""}}],"FeaturesGroups":[{"ID":34566,"SortNo":"25","FeatureGroup":{"ID":"5","Name":{"Value":"Display","Language":"EN"}},"Features":[{"Localized":0,"ID":511114876,"LocalID":0,"Type":"numerical","Value":"1.4","CategoryFeatureId":"85330","CategoryFeatureGroupID":"34566","SortNo":"150","PresentationValue":"3.56 cm (1.4\")","RawValue":"1.4","LocalValue":"3.56","Description":"Size of the display for this product, measured diagonally, usually in inches.","Mandatory":"1","Searchable":"0","Optional":"0","Feature":{"ID":"944","Sign":"","Measure":{"ID":"16","Sign":"","Signs":{"ID":"11","_":"\"","Language":"EN"}},"Name":{"Value":"Display diagonal","Language":"EN"}}},{"Localized":0,"ID":511114917,"LocalID":0,"Type":"dropdown","Value":"MIP","CategoryFeatureId":"99533","CategoryFeatureGroupID":"34566","SortNo":"150","PresentationValue":"MIP","RawValue":"MIP","LocalValue":"MIP","Description":"The technology used in the display e.g. plasma, LED.","Mandatory":"1","Searchable":"0","Optional":"0","Feature":{"ID":"9713","Sign":"","Measure":{"ID":"29","Sign":"","Signs":{"ID":"","_":"","Language":"EN"}},"Name":{"Value":"Display technology","Language":"EN"}}},{"Localized":0,"ID":511114985,"LocalID":0,"Type":"y_n","Value":"Y","CategoryFeatureId":"586188","CategoryFeatureGroupID":"34566","SortNo":"145","PresentationValue":"Yes","RawValue":"Y","LocalValue":"Yes","Description":"","Mandatory":"0","Searchable":"0","Optional":"0","Feature":{"ID":"20168","Sign":"","Measure":{"ID":"26","Sign":"","Signs":{"ID":"","_":"","Language":"EN"}},"Name":{"Value":"Colour display","Language":"EN"}}},{"Localized":0,"ID":511114865,"LocalID":0,"Type":"dropdown","Value":"Digital","CategoryFeatureId":"85325","CategoryFeatureGroupID":"34566","SortNo":"140","PresentationValue":"Digital","RawValue":"Digital","LocalValue":"Digital","Description":"Type of display (screen) e.g. LCD.","Mandatory":"1","Searchable":"1","Optional":"0","Feature":{"ID":"9104","Sign":"","Measure":{"ID":"29","Sign":"","Signs":{"ID":"","_":"","Language":"EN"}},"Name":{"Value":"Display type","Language":"EN"}}},{"Localized":0,"ID":511114869,"LocalID":0,"Type":"2d","Value":"280 x 280","CategoryFeatureId":"85332","CategoryFeatureGroupID":"34566","SortNo":"130","PresentationValue":"280 x 280 pixels","RawValue":"280 x 280","LocalValue":"280 x 280","Description":"The number of distinct pixels in each dimension that can be displayed. It is usually quoted as width × height, with the units in pixels: for example, \"1024 × 768\" means the width is 1024 pixels and the height is 768 pixels. The higher the number of pixels, the sharper the image.","Mandatory":"1","Searchable":"1","Optional":"0","Feature":{"ID":"1585","Sign":"","Measure":{"ID":"39","Sign":"","Signs":{"ID":"23","_":"pixels","Language":"EN"}},"Name":{"Value":"Display resolution","Language":"EN"}}},{"Localized":0,"ID":511114872,"LocalID":0,"Type":"y_n","Value":"Y","CategoryFeatureId":"85331","CategoryFeatureGroupID":"34566","SortNo":"129","PresentationValue":"Yes","RawValue":"Y","LocalValue":"Yes","Description":"A screen of a laptop, smartphone, etc., that responds to touch so you can control the interface using your fingers.","Mandatory":"1","Searchable":"1","Optional":"0","Feature":{"ID":"4963","Sign":"","Measure":{"ID":"26","Sign":"","Signs":{"ID":"","_":"","Language":"EN"}},"Name":{"Value":"Touchscreen","Language":"EN"}}},{"Localized":0,"ID":511114967,"LocalID":0,"Type":"numerical","Value":"35.56","CategoryFeatureId":"891364","CategoryFeatureGroupID":"34566","SortNo":"85","PresentationValue":"3.56 cm","RawValue":"35.56","LocalValue":"3.56","Description":"","Mandatory":"0","Searchable":"0","Optional":"0","Feature":{"ID":"10477","Sign":"","Measure":{"ID":"24","Sign":"","Signs":{"ID":"3","_":"mm","Language":"EN"}},"Name":{"Value":"Display diameter","Language":"EN"}}},{"Localized":0,"ID":511116549,"LocalID":0,"Type":"dropdown","Value":"Sapphire","CategoryFeatureId":"94704","CategoryFeatureGroupID":"34566","SortNo":"50","PresentationValue":"Sapphire","RawValue":"Sapphire","LocalValue":"Sapphire","Description":"The material from which the front of a watch is made e.g. mineral, crystal, plastic, resin, sapphire.","Mandatory":"0","Searchable":"0","Optional":"0","Feature":{"ID":"7610","Sign":"","Measure":{"ID":"29","Sign":"","Signs":{"ID":"","_":"","Language":"EN"}},"Name":{"Value":"Watch glass type","Language":"EN"}}}]},{"ID":16293,"SortNo":"20","FeatureGroup":{"ID":"148","Name":{"Value":"Design","Language":"EN"}},"Features":[{"Localized":0,"ID":511115091,"LocalID":0,"Type":"multi_dropdown","Value":"Silicone","CategoryFeatureId":"94551","CategoryFeatureGroupID":"16293","SortNo":"160","PresentationValue":"Silicone","RawValue":"Silicone","LocalValue":"Silicone","Description":"The type of substance the wristband is made of.","Mandatory":"1","Searchable":"0","Optional":"0","Feature":{"ID":"7605","Sign":"","Measure":{"ID":"29","Sign":"","Signs":{"ID":"","_":"","Language":"EN"}},"Name":{"Value":"Band material","Language":"EN"}}},{"Localized":0,"ID":511115098,"LocalID":0,"Type":"dropdown","Value":"One size","CategoryFeatureId":"153739","CategoryFeatureGroupID":"16293","SortNo":"159","PresentationValue":"One Size","RawValue":"One size","LocalValue":"One Size","Description":"","Mandatory":"1","Searchable":"0","Optional":"0","Feature":{"ID":"17542","Sign":"","Measure":{"ID":"29","Sign":"","Signs":{"ID":"","_":"","Language":"EN"}},"Name":{"Value":"Band size","Language":"EN"}}},{"Localized":0,"ID":511115102,"LocalID":0,"Type":"dropdown","Value":"Sapphire","CategoryFeatureId":"891278","CategoryFeatureGroupID":"16293","SortNo":"159","PresentationValue":"Sapphire","RawValue":"Sapphire","LocalValue":"Sapphire","Description":"","Mandatory":"0","Searchable":"0","Optional":"0","Feature":{"ID":"17801","Sign":"","Measure":{"ID":"29","Sign":"","Signs":{"ID":"","_":"","Language":"EN"}},"Name":{"Value":"Lens material","Language":"EN"}}},{"Localized":0,"ID":511115103,"LocalID":0,"Type":"dropdown","Value":"Round","CategoryFeatureId":"85327","CategoryFeatureGroupID":"16293","SortNo":"155","PresentationValue":"Round","RawValue":"Round","LocalValue":"Round","Description":"The external form, contours, or outline of the product.","Mandatory":"1","Searchable":"0","Optional":"0","Feature":{"ID":"9397","Sign":"","Measure":{"ID":"29","Sign":"","Signs":{"ID":"","_":"","Language":"EN"}},"Name":{"Value":"Shape","Language":"EN"}}},{"Localized":0,"ID":511115107,"LocalID":0,"Type":"range","Value":"127 - 210","CategoryFeatureId":"153740","CategoryFeatureGroupID":"16293","SortNo":"155","PresentationValue":"127 - 210 mm","RawValue":"127 - 210","LocalValue":"127 - 210","Description":"","Mandatory":"0","Searchable":"0","Optional":"0","Feature":{"ID":"17541","Sign":"","Measure":{"ID":"24","Sign":"","Signs":{"ID":"3","_":"mm","Language":"EN"}},"Name":{"Value":"Wrist size range","Language":"EN"}}},{"Localized":0,"ID":511114995,"LocalID":0,"Type":"dropdown","Value":"Smartwatch","CategoryFeatureId":"891356","CategoryFeatureGroupID":"16293","SortNo":"150","PresentationValue":"Smartwatch","RawValue":"Smartwatch","LocalValue":"Smartwatch","Description":"Under which category can the device be positioned in the market, e.g. camera phone.","Mandatory":"1","Searchable":"1","Optional":"0","Feature":{"ID":"9021","Sign":"","Measure":{"ID":"29","Sign":"","Signs":{"ID":"","_":"","Language":"EN"}},"Name":{"Value":"Market positioning","Language":"EN"}}},{"Localized":0,"ID":511115017,"LocalID":0,"Type":"dropdown","Value":"51","CategoryFeatureId":"595046","CategoryFeatureGroupID":"16293","SortNo":"145","PresentationValue":"51 mm","RawValue":"51","LocalValue":"51","Description":"","Mandatory":"1","Searchable":"1","Optional":"0","Feature":{"ID":"42415","Sign":"","Measure":{"ID":"24","Sign":"","Signs":{"ID":"3","_":"mm","Language":"EN"}},"Name":{"Value":"Watch case size","Language":"EN"}}},{"Localized":0,"ID":511115117,"LocalID":0,"Type":"dropdown","Value":"Unisex","CategoryFeatureId":"300550","CategoryFeatureGroupID":"16293","SortNo":"144","PresentationValue":"Unisex","RawValue":"Unisex","LocalValue":"Unisex","Description":"For which gender the product is recommended.","Mandatory":"0","Searchable":"0","Optional":"0","Feature":{"ID":"20690","Sign":"","Measure":{"ID":"29","Sign":"","Signs":{"ID":"","_":"","Language":"EN"}},"Name":{"Value":"Suggested gender","Language":"EN"}}},{"Localized":0,"ID":511115148,"LocalID":0,"Type":"dropdown","Value":"Black","CategoryFeatureId":"234764","CategoryFeatureGroupID":"16293","SortNo":"140","PresentationValue":"Black","RawValue":"Black","LocalValue":"Black","Description":"","Mandatory":"0","Searchable":"0","Optional":"0","Feature":{"ID":"11202","Sign":"","Measure":{"ID":"29","Sign":"","Signs":{"ID":"","_":"","Language":"EN"}},"Name":{"Value":"Buckle colour","Language":"EN"}}},{"Localized":0,"ID":511115012,"LocalID":0,"Type":"multi_dropdown","Value":"Black","CategoryFeatureId":"595045","CategoryFeatureGroupID":"16293","SortNo":"90","PresentationValue":"Black","RawValue":"Black","LocalValue":"Black","Description":"","Mandatory":"1","Searchable":"1","Optional":"0","Feature":{"ID":"42417","Sign":"","Measure":{"ID":"29","Sign":"","Signs":{"ID":"","_":"","Language":"EN"}},"Name":{"Value":"Watch case colour","Language":"EN"}}},{"Localized":0,"ID":511115073,"LocalID":0,"Type":"dropdown","Value":"Glass Fiber Reinforced Polymer (GFRP),Titanium","CategoryFeatureId":"595044","CategoryFeatureGroupID":"16293","SortNo":"89","PresentationValue":"Glass Fiber Reinforced Polymer (GFRP), Titanium","RawValue":"Glass Fiber Reinforced Polymer (GFRP),Titanium","LocalValue":"Glass Fiber Reinforced Polymer (GFRP), Titanium","Description":"","Mandatory":"1","Searchable":"1","Optional":"0","Feature":{"ID":"42418","Sign":"","Measure":{"ID":"29","Sign":"","Signs":{"ID":"","_":"","Language":"EN"}},"Name":{"Value":"Watch case material","Language":"EN"}}},{"Localized":0,"ID":511115085,"LocalID":0,"Type":"multi_dropdown","Value":"Black","CategoryFeatureId":"85301","CategoryFeatureGroupID":"16293","SortNo":"80","PresentationValue":"Black","RawValue":"Black","LocalValue":"Black","Description":"The colour of the band, also known as the strap, of watches etc.","Mandatory":"1","Searchable":"1","Optional":"0","Feature":{"ID":"11025","Sign":"","Measure":{"ID":"29","Sign":"","Signs":{"ID":"","_":"","Language":"EN"}},"Name":{"Value":"Band colour","Language":"EN"}}},{"Localized":0,"ID":511115181,"LocalID":0,"Type":"y_n","Value":"Y","CategoryFeatureId":"891360","CategoryFeatureGroupID":"16293","SortNo":"36","PresentationValue":"Yes","RawValue":"Y","LocalValue":"Yes","Description":"The product is protected from water, staying dry if liquid is spilt on it or it gets wet in the rain.","Mandatory":"0","Searchable":"0","Optional":"1","Feature":{"ID":"7509","Sign":"","Measure":{"ID":"26","Sign":"","Signs":{"ID":"","_":"","Language":"EN"}},"Name":{"Value":"Waterproof","Language":"EN"}}},{"Localized":0,"ID":511115184,"LocalID":0,"Type":"dropdown","Value":"Single prong strap buckle","CategoryFeatureId":"294712","CategoryFeatureGroupID":"16293","SortNo":"1","PresentationValue":"Single prong strap buckle","RawValue":"Single prong strap buckle","LocalValue":"Single prong strap buckle","Description":"","Mandatory":"0","Searchable":"0","Optional":"0","Feature":{"ID":"11051","Sign":"","Measure":{"ID":"29","Sign":"","Signs":{"ID":"","_":"","Language":"EN"}},"Name":{"Value":"Closure type","Language":"EN"}}},{"Localized":0,"ID":511115188,"LocalID":0,"Type":"dropdown","Value":"Water resistant,Waterproof","CategoryFeatureId":"94550","CategoryFeatureGroupID":"16293","SortNo":"0","PresentationValue":"Water resistant, Waterproof","RawValue":"Water resistant,Waterproof","LocalValue":"Water resistant, Waterproof","Description":"Physical effects from which the product is protected e.g. water resistant, crash proof.","Mandatory":"0","Searchable":"0","Optional":"0","Feature":{"ID":"8072","Sign":"","Measure":{"ID":"29","Sign":"","Signs":{"ID":"","_":"","Language":"EN"}},"Name":{"Value":"Protection features","Language":"EN"}}},{"Localized":0,"ID":511115195,"LocalID":0,"Type":"dropdown","Value":"10","CategoryFeatureId":"591391","CategoryFeatureGroupID":"16293","SortNo":"-7","PresentationValue":"10 ATM","RawValue":"10","LocalValue":"10","Description":"","Mandatory":"0","Searchable":"0","Optional":"0","Feature":{"ID":"18048","Sign":"","Measure":{"ID":"267","Sign":"","Signs":{"ID":"16202","_":"ATM","Language":"EN"}},"Name":{"Value":"Water resistance","Language":"EN"}}}]},{"ID":34567,"SortNo":"20","FeatureGroup":{"ID":"184","Name":{"Value":"Performance","Language":"EN"}},"Features":[{"Localized":0,"ID":511115212,"LocalID":0,"Type":"multi_dropdown","Value":"Android,iOS","CategoryFeatureId":"85310","CategoryFeatureGroupID":"34567","SortNo":"600","PresentationValue":"Android, iOS","RawValue":"Android,iOS","LocalValue":"Android, iOS","Description":"The operating systems e.g. Android, iOS, that can be used with the mobile device.","Mandatory":"0","Searchable":"0","Optional":"0","Feature":{"ID":"8956","Sign":"","Measure":{"ID":"29","Sign":"","Signs":{"ID":"","_":"","Language":"EN"}},"Name":{"Value":"Mobile operating systems supported","Language":"EN"}}},{"Localized":0,"ID":511115225,"LocalID":0,"Type":"numerical","Value":"32","CategoryFeatureId":"85308","CategoryFeatureGroupID":"34567","SortNo":"490","PresentationValue":"32 GB","RawValue":"32","LocalValue":"32","Description":"","Mandatory":"0","Searchable":"0","Optional":"0","Feature":{"ID":"6791","Sign":"","Measure":{"ID":"20","Sign":"","Signs":{"ID":"7","_":"GB","Language":"EN"}},"Name":{"Value":"Flash memory","Language":"EN"}}}]},{"ID":26690,"SortNo":"12","FeatureGroup":{"ID":"185","Name":{"Value":"Features","Language":"EN"}},"Features":[{"Localized":0,"ID":511115229,"LocalID":0,"Type":"y_n","Value":"Y","CategoryFeatureId":"122840","CategoryFeatureGroupID":"26690","SortNo":"1000","PresentationValue":"Yes","RawValue":"Y","LocalValue":"Yes","Description":"","Mandatory":"1","Searchable":"0","Optional":"0","Feature":{"ID":"6702","Sign":"","Measure":{"ID":"26","Sign":"","Signs":{"ID":"","_":"","Language":"EN"}},"Name":{"Value":"Heart rate monitor","Language":"EN"}}},{"Localized":0,"ID":511115269,"LocalID":0,"Type":"y_n","Value":"Y","CategoryFeatureId":"292361","CategoryFeatureGroupID":"26690","SortNo":"950","PresentationValue":"Yes","RawValue":"Y","LocalValue":"Yes","Description":"","Mandatory":"0","Searchable":"0","Optional":"0","Feature":{"ID":"26789","Sign":"","Measure":{"ID":"26","Sign":"","Signs":{"ID":"","_":"","Language":"EN"}},"Name":{"Value":"Distance travelled","Language":"EN"}}},{"Localized":0,"ID":511115270,"LocalID":0,"Type":"y_n","Value":"Y","CategoryFeatureId":"85349","CategoryFeatureGroupID":"26690","SortNo":"750","PresentationValue":"Yes","RawValue":"Y","LocalValue":"Yes","Description":"","Mandatory":"0","Searchable":"0","Optional":"0","Feature":{"ID":"9731","Sign":"","Measure":{"ID":"26","Sign":"","Signs":{"ID":"","_":"","Language":"EN"}},"Name":{"Value":"Accelerometer","Language":"EN"}}},{"Localized":0,"ID":511115271,"LocalID":0,"Type":"y_n","Value":"Y","CategoryFeatureId":"122839","CategoryFeatureGroupID":"26690","SortNo":"730","PresentationValue":"Yes","RawValue":"Y","LocalValue":"Yes","Description":"","Mandatory":"0","Searchable":"0","Optional":"0","Feature":{"ID":"9732","Sign":"","Measure":{"ID":"26","Sign":"","Signs":{"ID":"","_":"","Language":"EN"}},"Name":{"Value":"Gyroscope","Language":"EN"}}},{"Localized":0,"ID":511115277,"LocalID":0,"Type":"y_n","Value":"Y","CategoryFeatureId":"234762","CategoryFeatureGroupID":"26690","SortNo":"570","PresentationValue":"Yes","RawValue":"Y","LocalValue":"Yes","Description":"","Mandatory":"0","Searchable":"0","Optional":"0","Feature":{"ID":"26791","Sign":"","Measure":{"ID":"26","Sign":"","Signs":{"ID":"","_":"","Language":"EN"}},"Name":{"Value":"Quality of sleep","Language":"EN"}}},{"Localized":0,"ID":511115296,"LocalID":0,"Type":"y_n","Value":"Y","CategoryFeatureId":"891287","CategoryFeatureGroupID":"26690","SortNo":"0","PresentationValue":"Yes","RawValue":"Y","LocalValue":"Yes","Description":"Device has built-in barometric altimeter to indicate altitude.","Mandatory":"0","Searchable":"0","Optional":"0","Feature":{"ID":"1734","Sign":"","Measure":{"ID":"26","Sign":"","Signs":{"ID":"","_":"","Language":"EN"}},"Name":{"Value":"Barometric altimeter","Language":"EN"}}},{"Localized":0,"ID":511115297,"LocalID":0,"Type":"y_n","Value":"Y","CategoryFeatureId":"891289","CategoryFeatureGroupID":"26690","SortNo":"0","PresentationValue":"Yes","RawValue":"Y","LocalValue":"Yes","Description":"","Mandatory":"0","Searchable":"0","Optional":"0","Feature":{"ID":"3539","Sign":"","Measure":{"ID":"26","Sign":"","Signs":{"ID":"","_":"","Language":"EN"}},"Name":{"Value":"Alarm clock","Language":"EN"}}},{"Localized":0,"ID":511115300,"LocalID":0,"Type":"y_n","Value":"Y","CategoryFeatureId":"891290","CategoryFeatureGroupID":"26690","SortNo":"0","PresentationValue":"Yes","RawValue":"Y","LocalValue":"Yes","Description":"","Mandatory":"0","Searchable":"0","Optional":"0","Feature":{"ID":"3540","Sign":"","Measure":{"ID":"26","Sign":"","Signs":{"ID":"","_":"","Language":"EN"}},"Name":{"Value":"Calendar","Language":"EN"}}},{"Localized":0,"ID":511116854,"LocalID":0,"Type":"y_n","Value":"Y","CategoryFeatureId":"891319","CategoryFeatureGroupID":"26690","SortNo":"0","PresentationValue":"Yes","RawValue":"Y","LocalValue":"Yes","Description":"","Mandatory":"0","Searchable":"0","Optional":"0","Feature":{"ID":"16158","Sign":"","Measure":{"ID":"26","Sign":"","Signs":{"ID":"","_":"","Language":"EN"}},"Name":{"Value":"Recovery time suggestion","Language":"EN"}}},{"Localized":0,"ID":511116850,"LocalID":0,"Type":"multi_dropdown","Value":"Cycling,Golf,HIIT,Pilates,Running,Swimming,Yoga","CategoryFeatureId":"891321","CategoryFeatureGroupID":"26690","SortNo":"0","PresentationValue":"Cycling, Golf, HIIT, Pilates, Running, Swimming, Yoga","RawValue":"Cycling,Golf,HIIT,Pilates,Running,Swimming,Yoga","LocalValue":"Cycling, Golf, HIIT, Pilates, Running, Swimming, Yoga","Description":"","Mandatory":"0","Searchable":"0","Optional":"0","Feature":{"ID":"17052","Sign":"","Measure":{"ID":"29","Sign":"","Signs":{"ID":"","_":"","Language":"EN"}},"Name":{"Value":"Recommended activity","Language":"EN"}}},{"Localized":0,"ID":511116813,"LocalID":0,"Type":"y_n","Value":"Y","CategoryFeatureId":"891325","CategoryFeatureGroupID":"26690","SortNo":"0","PresentationValue":"Yes","RawValue":"Y","LocalValue":"Yes","Description":"","Mandatory":"0","Searchable":"0","Optional":"0","Feature":{"ID":"25433","Sign":"","Measure":{"ID":"26","Sign":"","Signs":{"ID":"","_":"","Language":"EN"}},"Name":{"Value":"Music control","Language":"EN"}}},{"Localized":0,"ID":511116822,"LocalID":0,"Type":"y_n","Value":"Y","CategoryFeatureId":"891326","CategoryFeatureGroupID":"26690","SortNo":"0","PresentationValue":"Yes","RawValue":"Y","LocalValue":"Yes","Description":"","Mandatory":"0","Searchable":"0","Optional":"0","Feature":{"ID":"25434","Sign":"","Measure":{"ID":"26","Sign":"","Signs":{"ID":"","_":"","Language":"EN"}},"Name":{"Value":"Find my phone function","Language":"EN"}}},{"Localized":0,"ID":511116824,"LocalID":0,"Type":"y_n","Value":"Y","CategoryFeatureId":"891328","CategoryFeatureGroupID":"26690","SortNo":"0","PresentationValue":"Yes","RawValue":"Y","LocalValue":"Yes","Description":"","Mandatory":"0","Searchable":"0","Optional":"0","Feature":{"ID":"25438","Sign":"","Measure":{"ID":"26","Sign":"","Signs":{"ID":"","_":"","Language":"EN"}},"Name":{"Value":"Automatic pause","Language":"EN"}}},{"Localized":0,"ID":511116827,"LocalID":0,"Type":"y_n","Value":"Y","CategoryFeatureId":"891329","CategoryFeatureGroupID":"26690","SortNo":"0","PresentationValue":"Yes","RawValue":"Y","LocalValue":"Yes","Description":"","Mandatory":"0","Searchable":"0","Optional":"0","Feature":{"ID":"25439","Sign":"","Measure":{"ID":"26","Sign":"","Signs":{"ID":"","_":"","Language":"EN"}},"Name":{"Value":"Training effect measurement","Language":"EN"}}},{"Localized":0,"ID":511116810,"LocalID":0,"Type":"y_n","Value":"Y","CategoryFeatureId":"891330","CategoryFeatureGroupID":"26690","SortNo":"0","PresentationValue":"Yes","RawValue":"Y","LocalValue":"Yes","Description":"","Mandatory":"0","Searchable":"0","Optional":"0","Feature":{"ID":"25440","Sign":"","Measure":{"ID":"26","Sign":"","Signs":{"ID":"","_":"","Language":"EN"}},"Name":{"Value":"Virtual partner function","Language":"EN"}}},{"Localized":0,"ID":511116811,"LocalID":0,"Type":"y_n","Value":"Y","CategoryFeatureId":"891331","CategoryFeatureGroupID":"26690","SortNo":"0","PresentationValue":"Yes","RawValue":"Y","LocalValue":"Yes","Description":"","Mandatory":"0","Searchable":"0","Optional":"0","Feature":{"ID":"25441","Sign":"","Measure":{"ID":"26","Sign":"","Signs":{"ID":"","_":"","Language":"EN"}},"Name":{"Value":"Virtual racer function","Language":"EN"}}},{"Localized":0,"ID":511115651,"LocalID":0,"Type":"y_n","Value":"Y","CategoryFeatureId":"891336","CategoryFeatureGroupID":"26690","SortNo":"0","PresentationValue":"Yes","RawValue":"Y","LocalValue":"Yes","Description":"","Mandatory":"0","Searchable":"0","Optional":"0","Feature":{"ID":"25448","Sign":"","Measure":{"ID":"26","Sign":"","Signs":{"ID":"","_":"","Language":"EN"}},"Name":{"Value":"Weather alert","Language":"EN"}}},{"Localized":0,"ID":511116808,"LocalID":0,"Type":"y_n","Value":"Y","CategoryFeatureId":"891338","CategoryFeatureGroupID":"26690","SortNo":"0","PresentationValue":"Yes","RawValue":"Y","LocalValue":"Yes","Description":"","Mandatory":"0","Searchable":"0","Optional":"0","Feature":{"ID":"25450","Sign":"","Measure":{"ID":"26","Sign":"","Signs":{"ID":"","_":"","Language":"EN"}},"Name":{"Value":"Running dynamics","Language":"EN"}}},{"Localized":0,"ID":511116805,"LocalID":0,"Type":"y_n","Value":"Y","CategoryFeatureId":"891339","CategoryFeatureGroupID":"26690","SortNo":"0","PresentationValue":"Yes","RawValue":"Y","LocalValue":"Yes","Description":"","Mandatory":"0","Searchable":"0","Optional":"0","Feature":{"ID":"26787","Sign":"","Measure":{"ID":"26","Sign":"","Signs":{"ID":"","_":"","Language":"EN"}},"Name":{"Value":"Active minutes","Language":"EN"}}},{"Localized":0,"ID":511115647,"LocalID":0,"Type":"y_n","Value":"Y","CategoryFeatureId":"133472","CategoryFeatureGroupID":"26690","SortNo":"-1","PresentationValue":"Yes","RawValue":"Y","LocalValue":"Yes","Description":"","Mandatory":"0","Searchable":"0","Optional":"0","Feature":{"ID":"7609","Sign":"","Measure":{"ID":"26","Sign":"","Signs":{"ID":"","_":"","Language":"EN"}},"Name":{"Value":"Barometer","Language":"EN"}}},{"Localized":0,"ID":511115648,"LocalID":0,"Type":"y_n","Value":"Y","CategoryFeatureId":"186989","CategoryFeatureGroupID":"26690","SortNo":"-2","PresentationValue":"Yes","RawValue":"Y","LocalValue":"Yes","Description":"","Mandatory":"0","Searchable":"0","Optional":"0","Feature":{"ID":"6216","Sign":"","Measure":{"ID":"26","Sign":"","Signs":{"ID":"","_":"","Language":"EN"}},"Name":{"Value":"Thermometer","Language":"EN"}}},{"Localized":0,"ID":511115650,"LocalID":0,"Type":"y_n","Value":"Y","CategoryFeatureId":"186993","CategoryFeatureGroupID":"26690","SortNo":"-3","PresentationValue":"Yes","RawValue":"Y","LocalValue":"Yes","Description":"","Mandatory":"0","Searchable":"0","Optional":"0","Feature":{"ID":"7608","Sign":"","Measure":{"ID":"29","Sign":"","Signs":{"ID":"","_":"","Language":"EN"}},"Name":{"Value":"Altimeter","Language":"EN"}}},{"Localized":0,"ID":511115644,"LocalID":0,"Type":"dropdown","Value":"MIL-STD-810G","CategoryFeatureId":"271050","CategoryFeatureGroupID":"26690","SortNo":"-10","PresentationValue":"MIL-STD-810G","RawValue":"MIL-STD-810G","LocalValue":"MIL-STD-810G","Description":"","Mandatory":"0","Searchable":"0","Optional":"0","Feature":{"ID":"32869","Sign":"","Measure":{"ID":"29","Sign":"","Signs":{"ID":"","_":"","Language":"EN"}},"Name":{"Value":"Military standard","Language":"EN"}}}]},{"ID":10361,"SortNo":"10","FeatureGroup":{"ID":"35","Name":{"Value":"Network","Language":"EN"}},"Features":[{"Localized":0,"ID":835229165,"LocalID":0,"Type":"y_n","Value":"Y","CategoryFeatureId":"94695","CategoryFeatureGroupID":"10361","SortNo":"1","PresentationValue":"Yes","RawValue":"Y","LocalValue":"Yes","Description":"","Mandatory":"0","Searchable":"0","Optional":"0","Feature":{"ID":"16404","Sign":"","Measure":{"ID":"26","Sign":"","Signs":{"ID":"","_":"","Language":"EN"}},"Name":{"Value":"ANT+ enabled","Language":"EN"}}},{"Localized":0,"ID":511115636,"LocalID":0,"Type":"y_n","Value":"Y","CategoryFeatureId":"94693","CategoryFeatureGroupID":"10361","SortNo":"-130","PresentationValue":"Yes","RawValue":"Y","LocalValue":"Yes","Description":"Global Positioning System (GPS) is a space-based satellite navigation system that provides location and time information in all weather conditions, anywhere on or near the Earth where there is an unobstructed line of sight to four or more GPS satellites. The system provides critical capabilities to military, civil and commercial users around the world. It is maintained by the United States government and is freely accessible to anyone with a GPS receiver.","Mandatory":"0","Searchable":"0","Optional":"0","Feature":{"ID":"3329","Sign":"","Measure":{"ID":"26","Sign":"","Signs":{"ID":"","_":"","Language":"EN"}},"Name":{"Value":"GPS (satellite)","Language":"EN"}}},{"Localized":0,"ID":511115631,"LocalID":0,"Type":"y_n","Value":"Y","CategoryFeatureId":"217813","CategoryFeatureGroupID":"10361","SortNo":"-135","PresentationValue":"Yes","RawValue":"Y","LocalValue":"Yes","Description":"","Mandatory":"0","Searchable":"0","Optional":"0","Feature":{"ID":"15618","Sign":"","Measure":{"ID":"26","Sign":"","Signs":{"ID":"","_":"","Language":"EN"}},"Name":{"Value":"GLONASS","Language":"EN"}}},{"Localized":0,"ID":511115633,"LocalID":0,"Type":"y_n","Value":"Y","CategoryFeatureId":"270635","CategoryFeatureGroupID":"10361","SortNo":"-140","PresentationValue":"Yes","RawValue":"Y","LocalValue":"Yes","Description":"","Mandatory":"0","Searchable":"0","Optional":"0","Feature":{"ID":"33685","Sign":"","Measure":{"ID":"26","Sign":"","Signs":{"ID":"","_":"","Language":"EN"}},"Name":{"Value":"Galileo","Language":"EN"}}}]},{"ID":9989,"SortNo":"5","FeatureGroup":{"ID":"12","Name":{"Value":"Ports & interfaces","Language":"EN"}},"Features":[{"Localized":0,"ID":511115625,"LocalID":0,"Type":"y_n","Value":"Y","CategoryFeatureId":"94696","CategoryFeatureGroupID":"9989","SortNo":"10000045","PresentationValue":"Yes","RawValue":"Y","LocalValue":"Yes","Description":"Bluetooth is a low-power radio technology developed to replace the cables and wires currently used to link or connect electronic devices such as personal computers, printers, and a wide variety of handheld devices including mobile phones. Because it uses radio-wave connectivity, a Bluetooth-enabled device has a constant, established connection to whatever browser it uses. This saves the user the trouble of logging on to check for emails or news updates, for example.","Mandatory":"0","Searchable":"0","Optional":"0","Feature":{"ID":"2183","Sign":"","Measure":{"ID":"26","Sign":"","Signs":{"ID":"","_":"","Language":"EN"}},"Name":{"Value":"Bluetooth","Language":"EN"}}},{"Localized":0,"ID":511115630,"LocalID":0,"Type":"y_n","Value":"N","CategoryFeatureId":"208481","CategoryFeatureGroupID":"9989","SortNo":"100079","PresentationValue":"No","RawValue":"N","LocalValue":"No","Description":"The device features a socket into which a USB cable can be plugged.","Mandatory":"1","Searchable":"1","Optional":"0","Feature":{"ID":"23798","Sign":"","Measure":{"ID":"26","Sign":"","Signs":{"ID":"","_":"","Language":"EN"}},"Name":{"Value":"USB port","Language":"EN"}}},{"Localized":0,"ID":511115627,"LocalID":0,"Type":"y_n","Value":"Y","CategoryFeatureId":"94698","CategoryFeatureGroupID":"9989","SortNo":"50","PresentationValue":"Yes","RawValue":"Y","LocalValue":"Yes","Description":"Popular technology that allows an electronic device to exchange data or connect to the internet wirelessly using radio waves.","Mandatory":"1","Searchable":"1","Optional":"0","Feature":{"ID":"3239","Sign":"","Measure":{"ID":"26","Sign":"","Signs":{"ID":"","_":"","Language":"EN"}},"Name":{"Value":"Wi-Fi","Language":"EN"}}}]},{"ID":9984,"SortNo":"4","FeatureGroup":{"ID":"27","Name":{"Value":"Power","Language":"EN"}},"Features":[{"Localized":0,"ID":511115592,"LocalID":0,"Type":"numerical","Value":"2160","CategoryFeatureId":"271071","CategoryFeatureGroupID":"9984","SortNo":"75","PresentationValue":"2160 h","RawValue":"2160","LocalValue":"2160","Description":"Maximum battery life. Mobile Mark™ (2002) is the standard often used to benchmark battery life time.","Mandatory":"1","Searchable":"0","Optional":"0","Feature":{"ID":"1721","Sign":"","Measure":{"ID":"46","Sign":"","Signs":{"ID":"30","_":"h","Language":"EN"}},"Name":{"Value":"Battery life (max)","Language":"EN"}}},{"Localized":0,"ID":511115598,"LocalID":0,"Type":"numerical","Value":"28","CategoryFeatureId":"891369","CategoryFeatureGroupID":"9984","SortNo":"70","PresentationValue":"28 day(s)","RawValue":"28","LocalValue":"28","Description":"The total length of time that the battery in the product will last.","Mandatory":"0","Searchable":"0","Optional":"0","Feature":{"ID":"17544","Sign":"","Measure":{"ID":"49","Sign":"","Signs":{"ID":"33","_":"day(s)","Language":"EN"}},"Name":{"Value":"Battery life","Language":"EN"}}},{"Localized":0,"ID":511115602,"LocalID":0,"Type":"numerical","Value":"89","CategoryFeatureId":"271061","CategoryFeatureGroupID":"9984","SortNo":"69","PresentationValue":"89 h","RawValue":"89","LocalValue":"89","Description":"","Mandatory":"0","Searchable":"0","Optional":"0","Feature":{"ID":"25430","Sign":"","Measure":{"ID":"46","Sign":"","Signs":{"ID":"30","_":"h","Language":"EN"}},"Name":{"Value":"Battery life (GPS mode)","Language":"EN"}}},{"Localized":0,"ID":511115578,"LocalID":0,"Type":"numerical","Value":"2160","CategoryFeatureId":"891270","CategoryFeatureGroupID":"9984","SortNo":"69","PresentationValue":"2160 h","RawValue":"2160","LocalValue":"2160","Description":"","Mandatory":"0","Searchable":"0","Optional":"0","Feature":{"ID":"11425","Sign":"","Measure":{"ID":"46","Sign":"","Signs":{"ID":"30","_":"h","Language":"EN"}},"Name":{"Value":"Battery life (power save mode)","Language":"EN"}}},{"Localized":0,"ID":511115590,"LocalID":0,"Type":"numerical","Value":"12.857","CategoryFeatureId":"891365","CategoryFeatureGroupID":"9984","SortNo":"0","PresentationValue":"12.857 week(s)","RawValue":"12.857","LocalValue":"12.857","Description":"","Mandatory":"0","Searchable":"0","Optional":"0","Feature":{"ID":"25432","Sign":"","Measure":{"ID":"259","Sign":"","Signs":{"ID":"15613","_":"week(s)","Language":"EN"}},"Name":{"Value":"Battery life (max)","Language":"EN"}}}]},{"ID":9976,"SortNo":"-3","FeatureGroup":{"ID":"14","Name":{"Value":"Weight & dimensions","Language":"EN"}},"Features":[{"Localized":0,"ID":511115347,"LocalID":0,"Type":"numerical","Value":"51","CategoryFeatureId":"85294","CategoryFeatureGroupID":"9976","SortNo":"100","PresentationValue":"51 mm","RawValue":"51","LocalValue":"51","Description":"The measurement or extent of something from side to side.","Mandatory":"0","Searchable":"0","Optional":"0","Feature":{"ID":"1649","Sign":"","Measure":{"ID":"24","Sign":"","Signs":{"ID":"3","_":"mm","Language":"EN"}},"Name":{"Value":"Width","Language":"EN"}}},{"Localized":0,"ID":511115357,"LocalID":0,"Type":"numerical","Value":"51","CategoryFeatureId":"85299","CategoryFeatureGroupID":"9976","SortNo":"99","PresentationValue":"51 mm","RawValue":"51","LocalValue":"51","Description":"The distance from the front to the back of something.","Mandatory":"0","Searchable":"0","Optional":"0","Feature":{"ID":"1650","Sign":"","Measure":{"ID":"24","Sign":"","Signs":{"ID":"3","_":"mm","Language":"EN"}},"Name":{"Value":"Depth","Language":"EN"}}},{"Localized":0,"ID":511115362,"LocalID":0,"Type":"numerical","Value":"14.9","CategoryFeatureId":"85296","CategoryFeatureGroupID":"9976","SortNo":"95","PresentationValue":"1.49 cm","RawValue":"14.9","LocalValue":"1.49","Description":"The distance through an object, as distinct from width or height.","Mandatory":"0","Searchable":"0","Optional":"0","Feature":{"ID":"2757","Sign":"","Measure":{"ID":"24","Sign":"","Signs":{"ID":"3","_":"mm","Language":"EN"}},"Name":{"Value":"Thickness","Language":"EN"}}},{"Localized":0,"ID":511115562,"LocalID":0,"Type":"numerical","Value":"89","CategoryFeatureId":"85297","CategoryFeatureGroupID":"9976","SortNo":"94","PresentationValue":"89 g","RawValue":"89","LocalValue":"89","Description":"Weight of the product without packaging (net weight). If possible, the net weight is given including standard accessories and supplies. Please note that sometimes the manufacturer leaves out the weight of accessories and/or supplies.","Mandatory":"0","Searchable":"0","Optional":"0","Feature":{"ID":"94","Sign":"","Measure":{"ID":"38","Sign":"","Signs":{"ID":"22","_":"g","Language":"EN"}},"Name":{"Value":"Weight","Language":"EN"}}},{"Localized":0,"ID":511116700,"LocalID":0,"Type":"numerical","Value":"26","CategoryFeatureId":"94546","CategoryFeatureGroupID":"9976","SortNo":"0","PresentationValue":"2.6 cm","RawValue":"26","LocalValue":"2.6","Description":"The total extend of the band, sideways from one edge to the other.","Mandatory":"0","Searchable":"0","Optional":"0","Feature":{"ID":"11026","Sign":"","Measure":{"ID":"24","Sign":"","Signs":{"ID":"3","_":"mm","Language":"EN"}},"Name":{"Value":"Band width","Language":"EN"}}},{"Localized":0,"ID":511115343,"LocalID":0,"Type":"3d","Value":"51 x 51 x 14.9","CategoryFeatureId":"891358","CategoryFeatureGroupID":"9976","SortNo":"0","PresentationValue":"51 x 51 x 14.9 mm","RawValue":"51 x 51 x 14.9","LocalValue":"51 x 51 x 14.9","Description":"Dimensions of the product (Width x Depth x Height).","Mandatory":"0","Searchable":"0","Optional":"0","Feature":{"ID":"49","Sign":"","Measure":{"ID":"24","Sign":"","Signs":{"ID":"3","_":"mm","Language":"EN"}},"Name":{"Value":"Dimensions (WxDxH)","Language":"EN"}}}]},{"ID":15273,"SortNo":"-5","FeatureGroup":{"ID":"116","Name":{"Value":"Packaging content","Language":"EN"}},"Features":[{"Localized":0,"ID":511115313,"LocalID":0,"Type":"y_n","Value":"Y","CategoryFeatureId":"140697","CategoryFeatureGroupID":"15273","SortNo":"0","PresentationValue":"Yes","RawValue":"Y","LocalValue":"Yes","Description":"","Mandatory":"0","Searchable":"0","Optional":"0","Feature":{"ID":"3965","Sign":"","Measure":{"ID":"26","Sign":"","Signs":{"ID":"","_":"","Language":"EN"}},"Name":{"Value":"Manual","Language":"EN"}}}]}],"FeatureLogos":[],"ReasonsToBuy":[],"Reviews":[],"ProductRelated":[],"CatalogObjectCloud":{},"Variants":[],"ProductStory":[],"Dictionary":{"model_name":"Product name","desc":"Description","ean_code":"EAN/UPC code","flash360":"3D tour","demo_msg_part3":"If you don't have an Icecat account, please register here for free.","repairability_index":"Repairability index","zoom_panel_init":"Original size","cat_name":"Category","product_family":"Product family","back_to_top":"Back to top","zoom_panel_out":"Zoom out","specs":"Specs","eu_product_fiche":"EU Product Fiche","reviews_head_name":"Reviews","pdf_specs":"Product Brochure","zoom_panel_in":"Zoom in","html_content":"","release_date":"Release date","demo_msg_part1":"You are using now a Demo account. Please, use your own Icecat account","demo_insert_desc":"This is a demo of a seamless insert of an Icecat LIVE product data-sheet in your website. Imagine that this responsive data-sheet is included in the product page of your webshop.","pdf_url":"User manual","prod_code":"Product code","supplier_name":"Brand","video":"Video","reasons_to_buy":"Reasons to buy","marketing_text":"Description","options_head_name":"Options","product_series":"Product series","demo_msg_part2":"your Icecat login name","link_integrate_desk":"How to integrate Icecat LIVE JavaScript.","zoom_panel_dragg":"Mouse dragging","eu_energy_label":"EU Energy Label"},"DemoAccount":false}}