{"msg":"OK","data":{"GeneralInfo":{"IcecatId":134703646,"ReleaseDate":"","EndOfLifeDate":"","Title":"1-800-Flowers Magnificent Roses Just because","TitleInfo":{"GeneratedIntTitle":"1-800-Flowers Magnificent Roses","GeneratedLocalTitle":{"Value":"1-800-Flowers Magnificent Roses Just because","Language":"EN"},"BrandLocalTitle":{"Value":"","Language":"EN"}},"Brand":"1-800-Flowers","BrandID":"43650","BrandLogo":"","BrandInfo":{"BrandName":"1-800-Flowers","BrandLocalName":"","BrandLogo":""},"ProductName":"Magnificent Roses","ProductNameInfo":{"ProductIntName":"Magnificent Roses","ProductLocalName":{"Value":"","Language":"EN"}},"BrandPartCode":"1001-P-156598","GTIN":[],"Category":{"CategoryID":"4796","Name":{"Value":"Fresh Cut Mixed Bouquets & Flowers","Language":"EN"}},"ProductFamily":{},"ProductSeries":{"SeriesID":"1"},"Description":{"ID":"104044376","LongDesc":"EXCLUSIVE A gift of lasting luxury. Our genuine roses are selected for their size and perfection, carefully preserved to maintain their exquisite beauty and artfully arranged in a decorative hat box to surprise someone truly magnificent. Your choice of Premier or Luxe sized preserved roses in red or pink or Classic, Premier, or Luxe sized preserved roses in lavender. All displayed in an elegant, round, hat box-style container; tied with satin bow in coordinating color.<br><br><b>About Magnificent Roses®</b><br>A proprietary brand of exceptional quality preserved roses designed exclusively for 1800Flowers.com. Each unique and genuine rose is hand-chosen at the peak of perfection and then preserved to maintain the original natural beauty of each unique rose. A luxurious and romantic gift of love and adoration to cherish over time.","LongProductName":"Magnificent Roses, Luxe Red","MiddleDesc":"","Disclaimer":"","ManualPDFURL":"","ManualPDFSize":"0","LeafletPDFURL":"","PDFSize":"0","URL":"https://www.1800flowers.com/magnificent-roses-preserved-roses-156598","WarrantyInfo":"","Updated":"2025-09-09 11:27:05","Language":"EN"},"SummaryDescription":{"ShortSummaryDescription":"1-800-Flowers Magnificent Roses, Fresh cut flower, Red, Just because, 300 mm, 400 mm","LongSummaryDescription":"1-800-Flowers Magnificent Roses. Product type: Fresh cut flower, Product colour: Red, Occasion: Just because. Package width: 300 mm, Package height: 400 mm"},"BulletPoints":{"BulletPointsId":"13608895","Language":"EN","Values":["Luxe Hat box includes 34-36 roses measures: 12\"D x 8.5\"H (box only, exclusive of roses)","Premier Hat box includes 22-24 roses measures: 8.5D\" x 5.5\"H (box only, exclusive of roses","Classic Hat box includes 11-14 roses measures: 7\"D x 5.5\"H (box only, exclusive of roses","Measurements are for box only, exclusive of roses","Roses and hat box arrive inside a decorative gift box with coordinating ribbon","Preserved roses will maintain their original beauty for one year or more with proper care","Care instructions: Arrangements do not require watering; for maximum beauty, keep away from extreme sunlight & humidity"],"Updated":"2025-09-09 11:26:52"},"GeneratedBulletPoints":{},"GTINs":[]},"Image":{"HighPic":"https://inishop.com/img/gallery/9c1acbc7adde51d3409ae3cb2c3d7f20d5efcfb1.jpg","HighPicSize":"178514","HighPicHeight":"597","HighPicWidth":"545","LowPic":"https://inishop.com/img/gallery_lows/238293874d41dbe2126eb573986772c425a23c2d.jpg","LowPicSize":"38167","LowPicHeight":"200","LowPicWidth":"183","Pic500x500":"https://inishop.com/img/gallery_mediums/358cd50425721bf2e9f611a0e8b2c2fe34912044.jpg","Pic500x500Size":"169692","Pic500x500Height":"500","Pic500x500Width":"456","ThumbPic":"https://inishop.com/img/gallery_thumbs/7dc5e3ba9afed12eece383bf284f2bbd0de0114b.jpg","ThumbPicSize":"8040"},"Multimedia":[{"ID":"E2C72E06-EF08-4D82-B8C7-4F61AF31053B","URL":"https://inishop.com/objects/134703646_69144695.mp4?access=J77V3nPxhMdrWjeg62LCNU5ezzgJnXffIjaIYNCFejI1wbVxdOQxfWMB3SVQAVsv","Type":"video/mp4","ContentType":"video/mp4","KeepAsUrl":"0","Description":"Magnificent Roses","Size":"1513246","IsPrivate":"0","Updated":"2025-09-14 14:37:35","Language":"","IsVideo":1,"ThumbUrl":"https://inishop.com/objects/thumb/134703646_69144695_thumb.png?access=J77V3nPxhMdrWjeg62LCNU5ezzgJnXffIjaIYNCFejI1wbVxdOQxfWMB3SVQAVsv","PreviewUrl":"https://inishop.com/objects/preview/134703646_69144695_preview.png?access=J77V3nPxhMdrWjeg62LCNU5ezzgJnXffIjaIYNCFejI1wbVxdOQxfWMB3SVQAVsv"}],"Gallery":[{"ID":"117095806","LowPic":"https://inishop.com/img/gallery_lows/238293874d41dbe2126eb573986772c425a23c2d.jpg","LowSize":"38167","LowHeight":"200","LowWidth":"183","ThumbPic":"https://inishop.com/img/gallery_thumbs/7dc5e3ba9afed12eece383bf284f2bbd0de0114b.jpg","ThumbPicSize":"8040","Pic":"https://inishop.com/img/gallery/9c1acbc7adde51d3409ae3cb2c3d7f20d5efcfb1.jpg","Size":"178514","PicHeight":"597","PicWidth":"545","Pic500x500":"https://inishop.com/img/gallery_mediums/358cd50425721bf2e9f611a0e8b2c2fe34912044.jpg","Pic500x500Size":"169692","Pic500x500Height":"500","Pic500x500Width":"456","No":"1","IsMain":"Y","Updated":"2025-09-09 11:23:13","IsPrivate":"0","Type":"ProductImage","Attributes":{"OriginalFileName":""}}],"FeaturesGroups":[{"ID":24776,"SortNo":"50","FeatureGroup":{"ID":"185","Name":{"Value":"Features","Language":"EN"}},"Features":[{"Localized":0,"ID":835245142,"LocalID":0,"Type":"dropdown","Value":"Fresh cut flower","CategoryFeatureId":"935697","CategoryFeatureGroupID":"24776","SortNo":"500","PresentationValue":"Fresh cut flower","RawValue":"Fresh cut flower","LocalValue":"Fresh cut flower","Description":"The sub-category of the product.","Mandatory":"1","Searchable":"1","Optional":"0","Feature":{"ID":"14052","Sign":"","Measure":{"ID":"29","Sign":"","Signs":{"ID":"","_":"","Language":"EN"}},"Name":{"Value":"Product type","Language":"EN"}}},{"Localized":0,"ID":835245138,"LocalID":0,"Type":"multi_dropdown","Value":"Red","CategoryFeatureId":"945016","CategoryFeatureGroupID":"24776","SortNo":"300","PresentationValue":"Red","RawValue":"Red","LocalValue":"Red","Description":"The colour e.g. red, blue, green, black, white.","Mandatory":"0","Searchable":"0","Optional":"0","Feature":{"ID":"1766","Sign":"","Measure":{"ID":"29","Sign":"","Signs":{"ID":"","_":"","Language":"EN"}},"Name":{"Value":"Product colour","Language":"EN"}}},{"Localized":0,"ID":835245143,"LocalID":0,"Type":"dropdown","Value":"Just because","CategoryFeatureId":"221114","CategoryFeatureGroupID":"24776","SortNo":"250","PresentationValue":"Just because","RawValue":"Just because","LocalValue":"Just because","Description":"","Mandatory":"0","Searchable":"0","Optional":"0","Feature":{"ID":"29202","Sign":"","Measure":{"ID":"29","Sign":"","Signs":{"ID":"","_":"","Language":"EN"}},"Name":{"Value":"Occasion","Language":"EN"}}}]},{"ID":47651,"SortNo":"0","FeatureGroup":{"ID":"14","Name":{"Value":"Weight & dimensions","Language":"EN"}},"Features":[{"Localized":0,"ID":835245141,"LocalID":0,"Type":"numerical","Value":"300","CategoryFeatureId":"411869","CategoryFeatureGroupID":"47651","SortNo":"0","PresentationValue":"300 mm","RawValue":"300","LocalValue":"300","Description":"The distance from one side of the packaging to the other.","Mandatory":"0","Searchable":"0","Optional":"0","Feature":{"ID":"3808","Sign":"","Measure":{"ID":"24","Sign":"","Signs":{"ID":"3","_":"mm","Language":"EN"}},"Name":{"Value":"Package width","Language":"EN"}}},{"Localized":0,"ID":835245139,"LocalID":0,"Type":"numerical","Value":"400","CategoryFeatureId":"414576","CategoryFeatureGroupID":"47651","SortNo":"0","PresentationValue":"400 mm","RawValue":"400","LocalValue":"400","Description":"The distance from the top to the bottom of the packaging.","Mandatory":"0","Searchable":"0","Optional":"0","Feature":{"ID":"3807","Sign":"","Measure":{"ID":"24","Sign":"","Signs":{"ID":"3","_":"mm","Language":"EN"}},"Name":{"Value":"Package height","Language":"EN"}}}]}],"FeatureLogos":[],"ReasonsToBuy":[],"Reviews":[],"ProductRelated":[],"CatalogObjectCloud":{},"Variants":[],"ProductStory":[],"Dictionary":{"model_name":"Product name","desc":"Description","ean_code":"EAN/UPC code","flash360":"3D tour","demo_msg_part3":"If you don't have an Icecat account, please register here for free.","repairability_index":"Repairability index","zoom_panel_init":"Original size","cat_name":"Category","product_family":"Product family","back_to_top":"Back to top","zoom_panel_out":"Zoom out","specs":"Specs","eu_product_fiche":"EU Product Fiche","reviews_head_name":"Reviews","pdf_specs":"Product Brochure","zoom_panel_in":"Zoom in","html_content":"","release_date":"Release date","demo_msg_part1":"You are using now a Demo account. Please, use your own Icecat account","demo_insert_desc":"This is a demo of a seamless insert of an Icecat LIVE product data-sheet in your website. Imagine that this responsive data-sheet is included in the product page of your webshop.","pdf_url":"User manual","prod_code":"Product code","supplier_name":"Brand","video":"Video","reasons_to_buy":"Reasons to buy","marketing_text":"Description","options_head_name":"Options","product_series":"Product series","demo_msg_part2":"your Icecat login name","link_integrate_desk":"How to integrate Icecat LIVE JavaScript.","zoom_panel_dragg":"Mouse dragging","eu_energy_label":"EU Energy Label"},"DemoAccount":false}}