{"msg":"OK","data":{"GeneralInfo":{"IcecatId":134703565,"ReleaseDate":"","EndOfLifeDate":"","Title":"Skechers Slip-ins: GO RUN Consistent 2.0 athletic shoes Male Black, White","TitleInfo":{"GeneratedIntTitle":"Skechers Slip-ins: GO RUN Consistent 2.0 athletic shoes","GeneratedLocalTitle":{"Value":"Skechers Slip-ins: GO RUN Consistent 2.0 athletic shoes Male Black, White","Language":"EN"},"BrandLocalTitle":{"Value":"","Language":"EN"}},"Brand":"Skechers","BrandID":"18535","BrandLogo":"","BrandInfo":{"BrandName":"Skechers","BrandLocalName":"","BrandLogo":""},"ProductName":"Slip-ins: GO RUN Consistent 2.0","ProductNameInfo":{"ProductIntName":"Slip-ins: GO RUN Consistent 2.0","ProductLocalName":{"Value":"","Language":"EN"}},"BrandPartCode":"220863BKW 45","GTIN":[],"Category":{"CategoryID":"3554","Name":{"Value":"Athletic Shoes","Language":"EN"}},"ProductFamily":{},"ProductSeries":{"SeriesID":"1"},"Description":{"ID":"104044166","LongDesc":"Find total comfort and convenience in your workout routine wearing Skechers Hands Free Slip-ins®: GO RUN Consistent 2.0™ - Empowered. Designed with our Heel Pillow®, this performance slip-on features a mesh upper with adjustable laces, lightweight ULTRA GO® cushioning, and a Skechers Air-Cooled Memory Foam® insole.<br>","LongProductName":"Slip-ins: GO RUN Consistent 2.0 - Empowered - Black, 45","MiddleDesc":"","Disclaimer":"","ManualPDFURL":"","ManualPDFSize":"0","LeafletPDFURL":"","PDFSize":"0","URL":"https://www.skechers.com/skechers-slip-ins-go-run-consistent-2.0---empowered/220863WW_BKW.html","WarrantyInfo":"","Updated":"2025-09-09 10:58:44","Language":"EN"},"SummaryDescription":{"ShortSummaryDescription":"Skechers Slip-ins: GO RUN Consistent 2.0, Running, Male, Adult, Black, White, Image, 29 cm","LongSummaryDescription":"Skechers Slip-ins: GO RUN Consistent 2.0. Activity: Running, Gender: Male, Consumer life stage: Adult. Upper material: Mesh, Insole material: Memory foam. Washing instruction: Machine wash"},"BulletPoints":{"BulletPointsId":"13608760","Language":"EN","Values":["Skechers Hands Free Slip-ins® for an easy fit","Heel Pillow® holds your foot securely in place","Skechers Air-Cooled Memory Foam® cushioned comfort insole","Lightweight, responsive ULTRA GO® cushioning","Skechers M-Strike ® technology promotes efficiency in each stride. This midsole configuration creates smooth transitions from landing to toe-off."],"Updated":"2025-09-09 09:56:55"},"GeneratedBulletPoints":{},"GTINs":[]},"Image":{"HighPic":"https://inishop.com/img/gallery/96ec1edc857f97fb5ffeae911d262aa1584d4f15.jpg","HighPicSize":"603191","HighPicHeight":"942","HighPicWidth":"1892","LowPic":"https://inishop.com/img/gallery_lows/fdb68d2b48e7bc15bbe1921523a98f77f5a93801.jpg","LowPicSize":"11905","LowPicHeight":"100","LowPicWidth":"200","Pic500x500":"https://inishop.com/img/gallery_mediums/8686d4b6244613f9c9feed5f4243781571c58092.jpg","Pic500x500Size":"54277","Pic500x500Height":"249","Pic500x500Width":"500","ThumbPic":"https://inishop.com/img/gallery_thumbs/4fba26d841f5e435d3947311f20755fecec91356.jpg","ThumbPicSize":"2793"},"Multimedia":[{"ID":"6C07328C-9340-4FBE-B970-8FC701948ED9","URL":"https://cdn.shopify.com/videos/c/o/v/70f3945fae6f4d3cb1ac9315eec3c60b.mp4?access=J77V3nPxhMdrWjeg62LCNU5ezzgJnXffIjaIYNCFejI1wbVxdOQxfWMB3SVQAVsv","Type":"video/mp4","ContentType":"video/mp4","KeepAsUrl":"1","Description":"Skechers Slip-ins","Size":"28831713","IsPrivate":"0","Updated":"2025-09-09 10:03:52","Language":"EN","IsVideo":1,"ThumbUrl":"","PreviewUrl":""}],"Gallery":[{"ID":"117094870","LowPic":"https://inishop.com/img/gallery_lows/fdb68d2b48e7bc15bbe1921523a98f77f5a93801.jpg","LowSize":"11905","LowHeight":"100","LowWidth":"200","ThumbPic":"https://inishop.com/img/gallery_thumbs/4fba26d841f5e435d3947311f20755fecec91356.jpg","ThumbPicSize":"2793","Pic":"https://inishop.com/img/gallery/96ec1edc857f97fb5ffeae911d262aa1584d4f15.jpg","Size":"603191","PicHeight":"942","PicWidth":"1892","Pic500x500":"https://inishop.com/img/gallery_mediums/8686d4b6244613f9c9feed5f4243781571c58092.jpg","Pic500x500Size":"54277","Pic500x500Height":"249","Pic500x500Width":"500","No":"1","IsMain":"Y","Updated":"2025-09-09 09:55:24","IsPrivate":"0","Type":"ProductImage","Attributes":{"OriginalFileName":""}},{"ID":"117094882","LowPic":"https://inishop.com/img/gallery_lows/ee441d71366f189a864310b9a32f5b3048aaf66a.jpg","LowSize":"11473","LowHeight":"200","LowWidth":"82","ThumbPic":"https://inishop.com/img/gallery_thumbs/a6210fb81c0a13416fc854524b7441880e5d8161.jpg","ThumbPicSize":"2546","Pic":"https://inishop.com/img/gallery/fde9a58b4b5b25e4c0bd9a849afcace63138ca69.jpg","Size":"557284","PicHeight":"1665","PicWidth":"684","Pic500x500":"https://inishop.com/img/gallery_mediums/d3197af810ae4b0451fc59aae8ced2e83913ac5f.jpg","Pic500x500Size":"57035","Pic500x500Height":"500","Pic500x500Width":"205","No":"2","IsMain":"N","Updated":"2025-09-09 09:55:29","IsPrivate":"0","Type":"Other","Attributes":{"OriginalFileName":""}},{"ID":"117094884","LowPic":"https://inishop.com/img/gallery_lows/aa632f59f76acb2bba737faf8f00e45d9efea73d.jpg","LowSize":"12778","LowHeight":"87","LowWidth":"200","ThumbPic":"https://inishop.com/img/gallery_thumbs/7d5beb8635af9dfc7372707eb2cf4301997ba8de.jpg","ThumbPicSize":"3213","Pic":"https://inishop.com/img/gallery/13ea3a60f9da4c0658bcc163091282e2330be832.jpg","Size":"581965","PicHeight":"822","PicWidth":"1894","Pic500x500":"https://inishop.com/img/gallery_mediums/f64ca1f3a708cbc965ffdf71c13300724287f31d.jpg","Pic500x500Size":"55859","Pic500x500Height":"217","Pic500x500Width":"500","No":"3","IsMain":"N","Updated":"2025-09-09 09:55:40","IsPrivate":"0","Type":"Other","Attributes":{"OriginalFileName":""}},{"ID":"117094888","LowPic":"https://inishop.com/img/gallery_lows/c78adb1cb34a3b9abf7241253eaf19d3f8dd55a0.jpg","LowSize":"18056","LowHeight":"155","LowWidth":"200","ThumbPic":"https://inishop.com/img/gallery_thumbs/9304eba2db497aff163127a6fc4ad8e44e632551.jpg","ThumbPicSize":"3910","Pic":"https://inishop.com/img/gallery/4c0645b748d82ea4be36f7be593bfd90cc8eda67.jpg","Size":"1111408","PicHeight":"1481","PicWidth":"1906","Pic500x500":"https://inishop.com/img/gallery_mediums/f94997fa75e708d603d798381e48c14467409a13.jpg","Pic500x500Size":"89249","Pic500x500Height":"389","Pic500x500Width":"500","No":"4","IsMain":"N","Updated":"2025-09-09 09:55:46","IsPrivate":"0","Type":"Other","Attributes":{"OriginalFileName":""}},{"ID":"117094890","LowPic":"https://inishop.com/img/gallery_lows/ff48cae33d6cafe9be06f3480c5e20fa8efb9a88.jpg","LowSize":"11564","LowHeight":"100","LowWidth":"200","ThumbPic":"https://inishop.com/img/gallery_thumbs/aa9ef43ce016f9381c69375548ca2011f5faffa4.jpg","ThumbPicSize":"2712","Pic":"https://inishop.com/img/gallery/f19e832304698f4445ad20d41e1d98da549f0073.jpg","Size":"684827","PicHeight":"941","PicWidth":"1888","Pic500x500":"https://inishop.com/img/gallery_mediums/baf00bf39d8c963560013c133432f9582717beee.jpg","Pic500x500Size":"54333","Pic500x500Height":"249","Pic500x500Width":"500","No":"5","IsMain":"N","Updated":"2025-09-09 09:55:50","IsPrivate":"0","Type":"Other","Attributes":{"OriginalFileName":""}}],"FeaturesGroups":[{"ID":17164,"SortNo":"50","FeatureGroup":{"ID":"185","Name":{"Value":"Features","Language":"EN"}},"Features":[{"Localized":0,"ID":835230316,"LocalID":0,"Type":"dropdown","Value":"Running","CategoryFeatureId":"333583","CategoryFeatureGroupID":"17164","SortNo":"350","PresentationValue":"Running","RawValue":"Running","LocalValue":"Running","Description":"","Mandatory":"1","Searchable":"1","Optional":"0","Feature":{"ID":"41029","Sign":"","Measure":{"ID":"29","Sign":"","Signs":{"ID":"","_":"","Language":"EN"}},"Name":{"Value":"Activity","Language":"EN"}}},{"Localized":0,"ID":835228843,"LocalID":0,"Type":"dropdown","Value":"Male","CategoryFeatureId":"158233","CategoryFeatureGroupID":"17164","SortNo":"300","PresentationValue":"Male","RawValue":"Male","LocalValue":"Male","Description":"Gender (type) of a product.","Mandatory":"1","Searchable":"1","Optional":"0","Feature":{"ID":"3230","Sign":"","Measure":{"ID":"29","Sign":"","Signs":{"ID":"","_":"","Language":"EN"}},"Name":{"Value":"Gender","Language":"EN"}}},{"Localized":0,"ID":835230204,"LocalID":0,"Type":"dropdown","Value":"Adult","CategoryFeatureId":"333580","CategoryFeatureGroupID":"17164","SortNo":"295","PresentationValue":"Adult","RawValue":"Adult","LocalValue":"Adult","Description":"","Mandatory":"1","Searchable":"1","Optional":"0","Feature":{"ID":"36987","Sign":"","Measure":{"ID":"29","Sign":"","Signs":{"ID":"","_":"","Language":"EN"}},"Name":{"Value":"Consumer life stage","Language":"EN"}}},{"Localized":0,"ID":835230936,"LocalID":0,"Type":"dropdown","Value":"Image","CategoryFeatureId":"158216","CategoryFeatureGroupID":"17164","SortNo":"148","PresentationValue":"Image","RawValue":"Image","LocalValue":"Image","Description":"","Mandatory":"0","Searchable":"0","Optional":"0","Feature":{"ID":"21118","Sign":"","Measure":{"ID":"29","Sign":"","Signs":{"ID":"","_":"","Language":"EN"}},"Name":{"Value":"Coloration","Language":"EN"}}},{"Localized":0,"ID":835230124,"LocalID":0,"Type":"alphanumeric","Value":"10","CategoryFeatureId":"949644","CategoryFeatureGroupID":"17164","SortNo":"145","PresentationValue":"10","RawValue":"10","LocalValue":"10","Description":"","Mandatory":"0","Searchable":"0","Optional":"0","Feature":{"ID":"29293","Sign":"","Measure":{"ID":"29","Sign":"","Signs":{"ID":"","_":"","Language":"EN"}},"Name":{"Value":"Size (UK)","Language":"EN"}}},{"Localized":0,"ID":835230201,"LocalID":0,"Type":"multi_dropdown","Value":"Black,White","CategoryFeatureId":"333581","CategoryFeatureGroupID":"17164","SortNo":"144","PresentationValue":"Black, White","RawValue":"Black,White","LocalValue":"Black, White","Description":"","Mandatory":"1","Searchable":"1","Optional":"0","Feature":{"ID":"37466","Sign":"","Measure":{"ID":"29","Sign":"","Signs":{"ID":"","_":"","Language":"EN"}},"Name":{"Value":"Product main colour","Language":"EN"}}},{"Localized":0,"ID":835230109,"LocalID":0,"Type":"alphanumeric","Value":"45","CategoryFeatureId":"949645","CategoryFeatureGroupID":"17164","SortNo":"144","PresentationValue":"45","RawValue":"45","LocalValue":"45","Description":"","Mandatory":"0","Searchable":"0","Optional":"0","Feature":{"ID":"47506","Sign":"","Measure":{"ID":"29","Sign":"","Signs":{"ID":"","_":"","Language":"EN"}},"Name":{"Value":"Size (EU)","Language":"EN"}}},{"Localized":0,"ID":835230148,"LocalID":0,"Type":"alphanumeric","Value":"11","CategoryFeatureId":"949646","CategoryFeatureGroupID":"17164","SortNo":"143","PresentationValue":"11","RawValue":"11","LocalValue":"11","Description":"","Mandatory":"0","Searchable":"0","Optional":"0","Feature":{"ID":"47766","Sign":"","Measure":{"ID":"29","Sign":"","Signs":{"ID":"","_":"","Language":"EN"}},"Name":{"Value":"Men's size (US)","Language":"EN"}}},{"Localized":0,"ID":835230161,"LocalID":0,"Type":"alphanumeric","Value":"29","CategoryFeatureId":"949648","CategoryFeatureGroupID":"17164","SortNo":"141","PresentationValue":"29 cm","RawValue":"29","LocalValue":"29","Description":"","Mandatory":"0","Searchable":"0","Optional":"0","Feature":{"ID":"47528","Sign":"","Measure":{"ID":"34","Sign":"","Signs":{"ID":"18","_":"cm","Language":"EN"}},"Name":{"Value":"Size (length)","Language":"EN"}}},{"Localized":0,"ID":835229339,"LocalID":0,"Type":"multi_dropdown","Value":"Lace-up closure","CategoryFeatureId":"333640","CategoryFeatureGroupID":"17164","SortNo":"115","PresentationValue":"Lace-up closure","RawValue":"Lace-up closure","LocalValue":"Lace-up closure","Description":"","Mandatory":"0","Searchable":"0","Optional":"0","Feature":{"ID":"41034","Sign":"","Measure":{"ID":"29","Sign":"","Signs":{"ID":"","_":"","Language":"EN"}},"Name":{"Value":"Footwear closure type","Language":"EN"}}},{"Localized":0,"ID":835230674,"LocalID":0,"Type":"numerical","Value":"38","CategoryFeatureId":"333641","CategoryFeatureGroupID":"17164","SortNo":"110","PresentationValue":"3.8 cm","RawValue":"38","LocalValue":"3.8","Description":"","Mandatory":"0","Searchable":"0","Optional":"0","Feature":{"ID":"41066","Sign":"","Measure":{"ID":"24","Sign":"","Signs":{"ID":"3","_":"mm","Language":"EN"}},"Name":{"Value":"Stack height (heel)","Language":"EN"}}},{"Localized":0,"ID":835325731,"LocalID":0,"Type":"y_n","Value":"Y","CategoryFeatureId":"333626","CategoryFeatureGroupID":"17164","SortNo":"97","PresentationValue":"Yes","RawValue":"Y","LocalValue":"Yes","Description":"","Mandatory":"0","Searchable":"0","Optional":"0","Feature":{"ID":"41065","Sign":"","Measure":{"ID":"26","Sign":"","Signs":{"ID":"","_":"","Language":"EN"}},"Name":{"Value":"Cushioned insole","Language":"EN"}}},{"Localized":0,"ID":835230398,"LocalID":0,"Type":"y_n","Value":"Y","CategoryFeatureId":"333636","CategoryFeatureGroupID":"17164","SortNo":"24","PresentationValue":"Yes","RawValue":"Y","LocalValue":"Yes","Description":"","Mandatory":"0","Searchable":"0","Optional":"0","Feature":{"ID":"37428","Sign":"","Measure":{"ID":"26","Sign":"","Signs":{"ID":"","_":"","Language":"EN"}},"Name":{"Value":"Vegan friendly","Language":"EN"}}},{"Localized":0,"ID":835230405,"LocalID":0,"Type":"y_n","Value":"Y","CategoryFeatureId":"158340","CategoryFeatureGroupID":"17164","SortNo":"15","PresentationValue":"Yes","RawValue":"Y","LocalValue":"Yes","Description":"","Mandatory":"0","Searchable":"0","Optional":"0","Feature":{"ID":"21062","Sign":"","Measure":{"ID":"26","Sign":"","Signs":{"ID":"","_":"","Language":"EN"}},"Name":{"Value":"Breathable","Language":"EN"}}}]},{"ID":34344,"SortNo":"40","FeatureGroup":{"ID":"119","Name":{"Value":"Material","Language":"EN"}},"Features":[{"Localized":0,"ID":835230375,"LocalID":0,"Type":"multi_dropdown","Value":"Memory foam","CategoryFeatureId":"158218","CategoryFeatureGroupID":"34344","SortNo":"245","PresentationValue":"Memory foam","RawValue":"Memory foam","LocalValue":"Memory foam","Description":"What the sole layer inside the shoe is made of. Differing in terms of e.g. firmness and breathability.","Mandatory":"0","Searchable":"0","Optional":"0","Feature":{"ID":"25407","Sign":"","Measure":{"ID":"29","Sign":"","Signs":{"ID":"","_":"","Language":"EN"}},"Name":{"Value":"Insole material","Language":"EN"}}},{"Localized":0,"ID":835230475,"LocalID":0,"Type":"multi_dropdown","Value":"Mesh","CategoryFeatureId":"196763","CategoryFeatureGroupID":"34344","SortNo":"200","PresentationValue":"Mesh","RawValue":"Mesh","LocalValue":"Mesh","Description":"The material the upper part of the shoe is made of, e.g. leather, canvas or mesh.","Mandatory":"1","Searchable":"0","Optional":"0","Feature":{"ID":"29975","Sign":"","Measure":{"ID":"29","Sign":"","Signs":{"ID":"","_":"","Language":"EN"}},"Name":{"Value":"Upper material","Language":"EN"}}}]},{"ID":78451,"SortNo":"30","FeatureGroup":{"ID":"270","Name":{"Value":"Care information","Language":"EN"}},"Features":[{"Localized":0,"ID":835230392,"LocalID":0,"Type":"y_n","Value":"Y","CategoryFeatureId":"158614","CategoryFeatureGroupID":"78451","SortNo":"7","PresentationValue":"Yes","RawValue":"Y","LocalValue":"Yes","Description":"The product can be washed in the washing machine without being damaged.","Mandatory":"0","Searchable":"0","Optional":"0","Feature":{"ID":"5516","Sign":"","Measure":{"ID":"26","Sign":"","Signs":{"ID":"","_":"","Language":"EN"}},"Name":{"Value":"Washable","Language":"EN"}}},{"Localized":0,"ID":835230393,"LocalID":0,"Type":"dropdown","Value":"Machine wash","CategoryFeatureId":"685105","CategoryFeatureGroupID":"78451","SortNo":"7","PresentationValue":"Machine wash","RawValue":"Machine wash","LocalValue":"Machine wash","Description":"","Mandatory":"0","Searchable":"0","Optional":"0","Feature":{"ID":"42578","Sign":"","Measure":{"ID":"29","Sign":"","Signs":{"ID":"","_":"","Language":"EN"}},"Name":{"Value":"Washing instruction","Language":"EN"}}}]}],"FeatureLogos":[],"ReasonsToBuy":[{"ReasonToBuyID":"93074656","Value":"Skechers Air-Cooled Memory Foam® can provide pressure relief, instant comfort, and breathability.","HighPic":"https://inishop.com/img/bullets/134703565-68bfec8b5dfcc810427743.jpg","HighPicSize":"0","No":"1","Title":"Air-Cooled Memory Foam","Language":"EN","Updated":"2025-09-09 10:59:55","Origin":"RTB","IsPrivate":"0"},{"ReasonToBuyID":"93074657","Value":"SLIP IN™ to pure comfort and convenience with Skechers Hands Free Slip-ins®. Easy-wear shoes designed with our Heel Pillow® that holds your foot securely in place.","HighPic":"https://inishop.com/img/bullets/134703565-68bfed16d1cdb234769069.jpg","HighPicSize":"0","No":"2","Title":"Skechers Hands Free Slip-Ins","Language":"EN","Updated":"2025-09-09 11:02:14","Origin":"RTB","IsPrivate":"0"},{"ReasonToBuyID":"93074658","Value":"Great for physical activities, our lightweight ULTRA GO® cushioning provides a responsive, high-rebound effect with every stride.","HighPic":"https://inishop.com/img/bullets/134703565-68bfed23e6855807725273.jpg","HighPicSize":"0","No":"3","Title":"Ultra Go","Language":"EN","Updated":"2025-09-09 11:02:27","Origin":"RTB","IsPrivate":"0"}],"Reviews":[],"ProductRelated":[],"CatalogObjectCloud":{},"Variants":[],"ProductStory":[],"Dictionary":{"model_name":"Product name","desc":"Description","ean_code":"EAN/UPC code","flash360":"3D tour","demo_msg_part3":"If you don't have an Icecat account, please register here for free.","repairability_index":"Repairability index","zoom_panel_init":"Original size","cat_name":"Category","product_family":"Product family","back_to_top":"Back to top","zoom_panel_out":"Zoom out","specs":"Specs","eu_product_fiche":"EU Product Fiche","reviews_head_name":"Reviews","pdf_specs":"Product Brochure","zoom_panel_in":"Zoom in","html_content":"","release_date":"Release date","demo_msg_part1":"You are using now a Demo account. Please, use your own Icecat account","demo_insert_desc":"This is a demo of a seamless insert of an Icecat LIVE product data-sheet in your website. Imagine that this responsive data-sheet is included in the product page of your webshop.","pdf_url":"User manual","prod_code":"Product code","supplier_name":"Brand","video":"Video","reasons_to_buy":"Reasons to buy","marketing_text":"Description","options_head_name":"Options","product_series":"Product series","demo_msg_part2":"your Icecat login name","link_integrate_desk":"How to integrate Icecat LIVE JavaScript.","zoom_panel_dragg":"Mouse dragging","eu_energy_label":"EU Energy Label"},"DemoAccount":false}}