{"msg":"OK","data":{"GeneralInfo":{"IcecatId":122180096,"ReleaseDate":"","EndOfLifeDate":"","Title":"Satisfyer Penguin Holiday Edition Sucker vibrator Ambidextrous","TitleInfo":{"GeneratedIntTitle":"Satisfyer Penguin Holiday Edition","GeneratedLocalTitle":{"Value":"Satisfyer Penguin Holiday Edition Sucker vibrator Ambidextrous","Language":"EN"},"BrandLocalTitle":{"Value":"","Language":"EN"}},"Brand":"Satisfyer","BrandID":"32091","BrandLogo":"","BrandInfo":{"BrandName":"Satisfyer","BrandLocalName":"","BrandLogo":""},"ProductName":"Penguin Holiday Edition","ProductNameInfo":{"ProductIntName":"Penguin Holiday Edition","ProductLocalName":{"Value":"","Language":"EN"}},"BrandPartCode":"4059945","GTIN":[],"Category":{"CategoryID":"7943","Name":{"Value":"Vibrators","Language":"EN"}},"ProductFamily":{},"ProductSeries":{"SeriesID":"1"},"Description":{"ID":"96260586","LongDesc":"Waddle into bliss with our Penguin Holiday Edition! Always ready for the occasion, this much-loved Satisfyer pressure wave vibrator has put on its festive outfit to give you to lift your spirits. Whether as a little treat for yourself or as a gift for someone else – the Satisfyer Penguin Holiday Edition is here to fulfil all your wishes.<br><br><b>Satisfyer Penguin Holiday Edition: Welcome to the Winter Wonderland of Pleasure!</b><br>The Penguin Holiday Edition can’t stop giving! This adorable Satisfyer pleases your clitoris completely touch-free with our award-winning Air Pulse Technology until your bell gets rung. With 11 different intensities easily controlled using the buttons on the front, the pleasure is all yours for the taking. The Satisfyer Penguin Holiday Edition is made of soft, body-friendly silicone that is super gentle on your skin. And of course, as a penguin, this Satisfyer pressure wave vibrator can take a deep dive anytime: Thanks to its waterproof (IPX7) finish, it's looking forward to escaping the holiday bustle and spending a few joyful moments with you in the shower or bathtub.<br><br><b>Satisfyer Penguin Holiday Edition: The hottest gift</b><br>You want to bring joy to the world yourself and introduce someone to the Satisfyer Air Pulse technology? Then this love toy is the perfect device! Thanks to its compact size and cute design, it’s the hottest gift this season. Happy Holidays!","LongProductName":"Penguin Holiday Edition, IPX7, 124 mm, 111 g","MiddleDesc":"","Disclaimer":"","ManualPDFURL":"","ManualPDFSize":"0","LeafletPDFURL":"","PDFSize":"0","URL":"https://www.satisfyer.com/uk/satisfyer-penguin-holiday-edition?number=SW10282","WarrantyInfo":"","Updated":"2025-09-08 17:29:23","Language":"EN"},"SummaryDescription":{"ShortSummaryDescription":"Satisfyer Penguin Holiday Edition, Sucker vibrator, Clitoral stimulation, Black, Red, White, Acrylonitrile butadiene styrene (ABS), Silicone, Straight, Ambidextrous","LongSummaryDescription":"Satisfyer Penguin Holiday Edition. Product type: Sucker vibrator, Stimulation type: Clitoral stimulation, Product colour: Black, Red, White. Battery type: Built-in battery. Length: 124 mm, Width: 67 mm, Weight: 111 g. Package type: Box. Quantity per pack: 1 pc(s)"},"BulletPoints":{"BulletPointsId":"10004555","Language":"EN","Values":["Stimulates the clitoris using intense pressure waves without direct contact","Made from super-soft, body-friendly, medical-grade silicone that's smooth to the touch and extremely hygienic","Thanks to its waterproof (IPX7) finish, this toy can be used safely in water and is easy to clean"],"Updated":"2024-08-19 08:34:42"},"GeneratedBulletPoints":{},"GTINs":[]},"Image":{"HighPic":"https://inishop.com/img/gallery/f0a53dcb440496472a1997054ef2e088a9343de1.jpg","HighPicSize":"122563","HighPicHeight":"876","HighPicWidth":"401","LowPic":"https://inishop.com/img/gallery_lows/59e7dcede19e247ed8a515c14241585a32a467e5.jpg","LowPicSize":"11595","LowPicHeight":"200","LowPicWidth":"92","Pic500x500":"https://inishop.com/img/gallery_mediums/18e83a6ba2e8a5953f9c56db1ade1e97334cc433.jpg","Pic500x500Size":"45701","Pic500x500Height":"500","Pic500x500Width":"229","ThumbPic":"https://inishop.com/img/gallery_thumbs/6edc7be63e1a90c90bbb4040c81d007c53893000.jpg","ThumbPicSize":"3210"},"Multimedia":[],"Gallery":[{"ID":"94359106","LowPic":"https://inishop.com/img/gallery_lows/59e7dcede19e247ed8a515c14241585a32a467e5.jpg","LowSize":"11595","LowHeight":"200","LowWidth":"92","ThumbPic":"https://inishop.com/img/gallery_thumbs/6edc7be63e1a90c90bbb4040c81d007c53893000.jpg","ThumbPicSize":"3210","Pic":"https://inishop.com/img/gallery/f0a53dcb440496472a1997054ef2e088a9343de1.jpg","Size":"122563","PicHeight":"876","PicWidth":"401","Pic500x500":"https://inishop.com/img/gallery_mediums/18e83a6ba2e8a5953f9c56db1ade1e97334cc433.jpg","Pic500x500Size":"45701","Pic500x500Height":"500","Pic500x500Width":"229","No":"1","IsMain":"Y","Updated":"2024-08-19 08:31:56","IsPrivate":"0","Type":"ProductImage","Attributes":{"OriginalFileName":""}},{"ID":"94359107","LowPic":"https://inishop.com/img/gallery_lows/c64cd4ba9abb178b4b0ad261c1bc93004a88dba0.jpg","LowSize":"19153","LowHeight":"200","LowWidth":"197","ThumbPic":"https://inishop.com/img/gallery_thumbs/7a8479fe305756a09560a1170f9eb0cb30238601.jpg","ThumbPicSize":"4996","Pic":"https://inishop.com/img/gallery/18fc962a2e8e51bdac73801e592b8af3b97aa393.jpg","Size":"242609","PicHeight":"929","PicWidth":"913","Pic500x500":"https://inishop.com/img/gallery_mediums/3787da505aecc105e35f3001187eceb3e32a82d0.jpg","Pic500x500Size":"80692","Pic500x500Height":"500","Pic500x500Width":"491","No":"2","IsMain":"N","Updated":"2024-08-19 08:32:24","IsPrivate":"0","Type":"ProductImage","Attributes":{"OriginalFileName":""}},{"ID":"94359108","LowPic":"https://inishop.com/img/gallery_lows/c2e8c4f257c2771c2f85abfa1ac8080c4969a840.jpg","LowSize":"13620","LowHeight":"200","LowWidth":"120","ThumbPic":"https://inishop.com/img/gallery_thumbs/691109abf08b94a2aba6e39a623ed092db86f15a.jpg","ThumbPicSize":"3891","Pic":"https://inishop.com/img/gallery/1256588a2a4ea14ecdbba1396e1614e54be37fbb.jpg","Size":"143931","PicHeight":"874","PicWidth":"523","Pic500x500":"https://inishop.com/img/gallery_mediums/d6f2765623373d2bb48c5a1e89367a83ecdb6643.jpg","Pic500x500Size":"53951","Pic500x500Height":"500","Pic500x500Width":"299","No":"3","IsMain":"N","Updated":"2024-08-19 08:32:45","IsPrivate":"0","Type":"ProductImage","Attributes":{"OriginalFileName":""}},{"ID":"94359109","LowPic":"https://inishop.com/img/gallery_lows/41d025164d6e8025bf0c71a22cdee6cf3fe8946b.jpg","LowSize":"11109","LowHeight":"200","LowWidth":"90","ThumbPic":"https://inishop.com/img/gallery_thumbs/77fc5c1a284f69791a130bd0bd7f8e0ad6d971dc.jpg","ThumbPicSize":"3433","Pic":"https://inishop.com/img/gallery/bc5a4628736354e7dd747c73ca6c6628acbdbbe0.jpg","Size":"118370","PicHeight":"878","PicWidth":"394","Pic500x500":"https://inishop.com/img/gallery_mediums/6f874516c9a1e9643326abb3e0bfb50a3e2bce13.jpg","Pic500x500Size":"43854","Pic500x500Height":"500","Pic500x500Width":"224","No":"4","IsMain":"N","Updated":"2024-08-19 08:33:08","IsPrivate":"0","Type":"ProductImage","Attributes":{"OriginalFileName":""}},{"ID":"94359110","LowPic":"https://inishop.com/img/gallery_lows/0fa6496ba038d2784f947263132cd404af6864eb.jpg","LowSize":"33594","LowHeight":"200","LowWidth":"200","ThumbPic":"https://inishop.com/img/gallery_thumbs/27e523b23d61f37524536eb979e6590421c81584.jpg","ThumbPicSize":"6882","Pic":"https://inishop.com/img/gallery/6f408b6a1ec6091ff0cf2f1df0e90c407217ad7b.jpg","Size":"536579","PicHeight":"1376","PicWidth":"1376","Pic500x500":"https://inishop.com/img/gallery_mediums/24ac86c92c7a7ac51b25d49666b74d0901590700.jpg","Pic500x500Size":"131495","Pic500x500Height":"500","Pic500x500Width":"500","No":"5","IsMain":"N","Updated":"2024-08-19 08:31:29","IsPrivate":"0","Type":"ProductPackagingImage","Attributes":{"OriginalFileName":""}}],"FeaturesGroups":[{"ID":28803,"SortNo":"30","FeatureGroup":{"ID":"185","Name":{"Value":"Features","Language":"EN"}},"Features":[{"Localized":0,"ID":672715854,"LocalID":0,"Type":"dropdown","Value":"Sucker vibrator","CategoryFeatureId":"808782","CategoryFeatureGroupID":"28803","SortNo":"150","PresentationValue":"Sucker vibrator","RawValue":"Sucker vibrator","LocalValue":"Sucker vibrator","Description":"The sub-category of the product.","Mandatory":"1","Searchable":"1","Optional":"0","Feature":{"ID":"14052","Sign":"","Measure":{"ID":"29","Sign":"","Signs":{"ID":"","_":"","Language":"EN"}},"Name":{"Value":"Product type","Language":"EN"}}},{"Localized":0,"ID":672715868,"LocalID":0,"Type":"dropdown","Value":"Straight","CategoryFeatureId":"270233","CategoryFeatureGroupID":"28803","SortNo":"100","PresentationValue":"Straight","RawValue":"Straight","LocalValue":"Straight","Description":"The external form, contours, or outline of the product.","Mandatory":"0","Searchable":"0","Optional":"0","Feature":{"ID":"9397","Sign":"","Measure":{"ID":"29","Sign":"","Signs":{"ID":"","_":"","Language":"EN"}},"Name":{"Value":"Shape","Language":"EN"}}},{"Localized":0,"ID":672715855,"LocalID":0,"Type":"dropdown","Value":"Clitoral stimulation","CategoryFeatureId":"808780","CategoryFeatureGroupID":"28803","SortNo":"100","PresentationValue":"Clitoral stimulation","RawValue":"Clitoral stimulation","LocalValue":"Clitoral stimulation","Description":"","Mandatory":"1","Searchable":"1","Optional":"0","Feature":{"ID":"44730","Sign":"","Measure":{"ID":"29","Sign":"","Signs":{"ID":"","_":"","Language":"EN"}},"Name":{"Value":"Stimulation type","Language":"EN"}}},{"Localized":0,"ID":672715869,"LocalID":0,"Type":"dropdown","Value":"Acrylonitrile butadiene styrene (ABS),Silicone","CategoryFeatureId":"270245","CategoryFeatureGroupID":"28803","SortNo":"90","PresentationValue":"Acrylonitrile butadiene styrene (ABS), Silicone","RawValue":"Acrylonitrile butadiene styrene (ABS),Silicone","LocalValue":"Acrylonitrile butadiene styrene (ABS), Silicone","Description":"The material from which a thing is or can be made e.g. wood, plastic.","Mandatory":"1","Searchable":"0","Optional":"0","Feature":{"ID":"898","Sign":"","Measure":{"ID":"29","Sign":"","Signs":{"ID":"","_":"","Language":"EN"}},"Name":{"Value":"Material","Language":"EN"}}},{"Localized":0,"ID":672715871,"LocalID":0,"Type":"dropdown","Value":"Ambidextrous","CategoryFeatureId":"315245","CategoryFeatureGroupID":"28803","SortNo":"68","PresentationValue":"Ambidextrous","RawValue":"Ambidextrous","LocalValue":"Ambidextrous","Description":"The design allows to draw the gun with the right or left hand or both (ambidextrous).","Mandatory":"0","Searchable":"0","Optional":"0","Feature":{"ID":"21183","Sign":"","Measure":{"ID":"29","Sign":"","Signs":{"ID":"","_":"","Language":"EN"}},"Name":{"Value":"Hand orientation","Language":"EN"}}},{"Localized":0,"ID":672715870,"LocalID":0,"Type":"multi_dropdown","Value":"Buttons","CategoryFeatureId":"315247","CategoryFeatureGroupID":"28803","SortNo":"45","PresentationValue":"Buttons","RawValue":"Buttons","LocalValue":"Buttons","Description":"The way in which the device is controlled.","Mandatory":"0","Searchable":"0","Optional":"0","Feature":{"ID":"2651","Sign":"","Measure":{"ID":"29","Sign":"","Signs":{"ID":"","_":"","Language":"EN"}},"Name":{"Value":"Control type","Language":"EN"}}},{"Localized":0,"ID":672715872,"LocalID":0,"Type":"y_n","Value":"Y","CategoryFeatureId":"270246","CategoryFeatureGroupID":"28803","SortNo":"35","PresentationValue":"Yes","RawValue":"Y","LocalValue":"Yes","Description":"The product is protected from water, staying dry if liquid is spilt on it or it gets wet in the rain.","Mandatory":"0","Searchable":"0","Optional":"0","Feature":{"ID":"7509","Sign":"","Measure":{"ID":"26","Sign":"","Signs":{"ID":"","_":"","Language":"EN"}},"Name":{"Value":"Waterproof","Language":"EN"}}},{"Localized":0,"ID":672715856,"LocalID":0,"Type":"multi_dropdown","Value":"Black,Red,White","CategoryFeatureId":"270236","CategoryFeatureGroupID":"28803","SortNo":"0","PresentationValue":"Black, Red, White","RawValue":"Black,Red,White","LocalValue":"Black, Red, White","Description":"The colour e.g. red, blue, green, black, white.","Mandatory":"1","Searchable":"1","Optional":"0","Feature":{"ID":"1766","Sign":"","Measure":{"ID":"29","Sign":"","Signs":{"ID":"","_":"","Language":"EN"}},"Name":{"Value":"Product colour","Language":"EN"}}}]},{"ID":28805,"SortNo":"25","FeatureGroup":{"ID":"143","Name":{"Value":"Battery","Language":"EN"}},"Features":[{"Localized":0,"ID":672715867,"LocalID":0,"Type":"dropdown","Value":"Built-in battery","CategoryFeatureId":"270240","CategoryFeatureGroupID":"28805","SortNo":"170","PresentationValue":"Built-in battery","RawValue":"Built-in battery","LocalValue":"Built-in battery","Description":"Description of battery supplied with the product, such battery form factor (e.g. AA/AAA).","Mandatory":"1","Searchable":"0","Optional":"0","Feature":{"ID":"908","Sign":"","Measure":{"ID":"29","Sign":"","Signs":{"ID":"","_":"","Language":"EN"}},"Name":{"Value":"Battery type","Language":"EN"}}}]},{"ID":28807,"SortNo":"15","FeatureGroup":{"ID":"14","Name":{"Value":"Weight & dimensions","Language":"EN"}},"Features":[{"Localized":0,"ID":672715862,"LocalID":0,"Type":"numerical","Value":"124","CategoryFeatureId":"270247","CategoryFeatureGroupID":"28807","SortNo":"49","PresentationValue":"124 mm","RawValue":"124","LocalValue":"124","Description":"The measurement or extent of something from end to end.","Mandatory":"1","Searchable":"0","Optional":"0","Feature":{"ID":"2738","Sign":"","Measure":{"ID":"24","Sign":"","Signs":{"ID":"3","_":"mm","Language":"EN"}},"Name":{"Value":"Length","Language":"EN"}}},{"Localized":0,"ID":672715865,"LocalID":0,"Type":"numerical","Value":"67","CategoryFeatureId":"315570","CategoryFeatureGroupID":"28807","SortNo":"14","PresentationValue":"67 mm","RawValue":"67","LocalValue":"67","Description":"The measurement or extent of something from side to side.","Mandatory":"0","Searchable":"0","Optional":"0","Feature":{"ID":"1649","Sign":"","Measure":{"ID":"24","Sign":"","Signs":{"ID":"3","_":"mm","Language":"EN"}},"Name":{"Value":"Width","Language":"EN"}}},{"Localized":0,"ID":672715864,"LocalID":0,"Type":"numerical","Value":"111","CategoryFeatureId":"315246","CategoryFeatureGroupID":"28807","SortNo":"11","PresentationValue":"111 g","RawValue":"111","LocalValue":"111","Description":"Weight of the product without packaging (net weight). If possible, the net weight is given including standard accessories and supplies. Please note that sometimes the manufacturer leaves out the weight of accessories and/or supplies.","Mandatory":"0","Searchable":"0","Optional":"0","Feature":{"ID":"94","Sign":"","Measure":{"ID":"38","Sign":"","Signs":{"ID":"22","_":"g","Language":"EN"}},"Name":{"Value":"Weight","Language":"EN"}}}]},{"ID":75451,"SortNo":"13","FeatureGroup":{"ID":"67","Name":{"Value":"Packaging data","Language":"EN"}},"Features":[{"Localized":0,"ID":672715858,"LocalID":0,"Type":"dropdown","Value":"Box","CategoryFeatureId":"593889","CategoryFeatureGroupID":"75451","SortNo":"-15","PresentationValue":"Box","RawValue":"Box","LocalValue":"Box","Description":"The type of product package e.g. box.","Mandatory":"0","Searchable":"0","Optional":"0","Feature":{"ID":"4463","Sign":"","Measure":{"ID":"29","Sign":"","Signs":{"ID":"","_":"","Language":"EN"}},"Name":{"Value":"Package type","Language":"EN"}}}]},{"ID":28804,"SortNo":"10","FeatureGroup":{"ID":"116","Name":{"Value":"Packaging content","Language":"EN"}},"Features":[{"Localized":0,"ID":672715860,"LocalID":0,"Type":"numerical","Value":"1","CategoryFeatureId":"660396","CategoryFeatureGroupID":"28804","SortNo":"500","PresentationValue":"1 pc(s)","RawValue":"1","LocalValue":"1","Description":"","Mandatory":"0","Searchable":"0","Optional":"0","Feature":{"ID":"20228","Sign":"","Measure":{"ID":"144","Sign":"","Signs":{"ID":"125","_":"pc(s)","Language":"EN"}},"Name":{"Value":"Quantity per pack","Language":"EN"}}}]}],"FeatureLogos":[],"ReasonsToBuy":[],"Reviews":[],"ProductRelated":[],"CatalogObjectCloud":{},"Variants":[],"ProductStory":[],"Dictionary":{"model_name":"Product name","desc":"Description","ean_code":"EAN/UPC code","flash360":"3D tour","demo_msg_part3":"If you don't have an Icecat account, please register here for free.","repairability_index":"Repairability index","zoom_panel_init":"Original size","cat_name":"Category","product_family":"Product family","back_to_top":"Back to top","zoom_panel_out":"Zoom out","specs":"Specs","eu_product_fiche":"EU Product Fiche","reviews_head_name":"Reviews","pdf_specs":"Product Brochure","zoom_panel_in":"Zoom in","html_content":"","release_date":"Release date","demo_msg_part1":"You are using now a Demo account. Please, use your own Icecat account","demo_insert_desc":"This is a demo of a seamless insert of an Icecat LIVE product data-sheet in your website. Imagine that this responsive data-sheet is included in the product page of your webshop.","pdf_url":"User manual","prod_code":"Product code","supplier_name":"Brand","video":"Video","reasons_to_buy":"Reasons to buy","marketing_text":"Description","options_head_name":"Options","product_series":"Product series","demo_msg_part2":"your Icecat login name","link_integrate_desk":"How to integrate Icecat LIVE JavaScript.","zoom_panel_dragg":"Mouse dragging","eu_energy_label":"EU Energy Label"},"DemoAccount":false}}