{"msg":"OK","data":{"GeneralInfo":{"IcecatId":104931873,"ReleaseDate":"","EndOfLifeDate":"","Title":"Mystim Terrific Truman Rabbit vibrator Ambidextrous","TitleInfo":{"GeneratedIntTitle":"Mystim Terrific Truman","GeneratedLocalTitle":{"Value":"Mystim Terrific Truman Rabbit vibrator Ambidextrous","Language":"EN"},"BrandLocalTitle":{"Value":"","Language":"EN"}},"Brand":"Mystim","BrandID":"37946","BrandLogo":"","BrandInfo":{"BrandName":"Mystim","BrandLocalName":"","BrandLogo":""},"ProductName":"Terrific Truman","ProductNameInfo":{"ProductIntName":"Terrific Truman","ProductLocalName":{"Value":"","Language":"EN"}},"BrandPartCode":"6303402","GTIN":["4260152468417"],"Category":{"CategoryID":"7943","Name":{"Value":"Vibrators","Language":"EN"}},"ProductFamily":{},"ProductSeries":{"SeriesID":"1"},"Description":{"ID":"89065212","LongDesc":"<b>The nature boy in our boy band</b><br>The Mystim Terrific Truman is shaped according to nature. After whose? We do not betray. Proudly 27 cm long and up to 4.3 cm thick, the attractive vibrator makes you want more. Available in naughty pink, deep purple and midnight sky. Secretly and quietly, Terrific Truman knows perfectly how to pleasure you very discreetly. Only your loud moaning in highest vibrato(r) tones could reveal what a tremendous explosion of emotions is going on in you. And just as a note for your scrapbook: A hot dance with Terrific Truman in bed is more beguiling than any tango on the floor.<br><br><b>Vibration</b><br>Terrific Truman prefers to get straight to the point: two vibration motors are hidden beneath the soft, caressing surface of its slightly curved, smooth dream body. In 8 exciting vibration programs and 5 intensities the two motors alternately, simultaneously or very specifically provide quivering excitement. Its long-lasting lithium-ion battery can be charged using the included Mystim magnet charge USB cable. So be prepared for a nice pleasure that you want to experience again and again and again.<br><br><b>Intensity</b><br>Once Terrific Truman gets going it will get you in the in the mood in no time and then it is totally up to you for how long you want to be pleasured. Enjoy the prickly, lustful sensation for hours on hours or vary the stimulation in a way, that quickly drives you to unbelievable climaxes – just as you like it.<br><br><b>Cleaning and care</b><br>Terrific Truman is made of 100 % medical grade platinum silicone. This makes it not only really hygienic, but also easy to clean with some damp tissue and mild suds. For cleaning you just need water and some mild suds. In addition, you should regularly add a skin-friendly disinfection. And please be so patient to let it dry completely before your next play, so it can do its unique performance in you for a long time.","LongProductName":"Terrific Truman, 27 cm, silicone, diameter 3.5 – 4.3 cm","MiddleDesc":"","Disclaimer":"","ManualPDFURL":"","ManualPDFSize":"0","LeafletPDFURL":"","PDFSize":"0","URL":"https://www.mystim.com/en/terrific-truman-p154","WarrantyInfo":"12 months","Updated":"2025-09-09 09:15:14","Language":"EN"},"SummaryDescription":{"ShortSummaryDescription":"Mystim Terrific Truman, Rabbit vibrator, Vaginal stimulation, Purple, Silicone, Curved, Ambidextrous","LongSummaryDescription":"Mystim Terrific Truman. Product type: Rabbit vibrator, Stimulation type: Vaginal stimulation, Product colour: Purple. Battery type: Built-in battery, Battery technology: Lithium-Ion (Li-Ion). Length: 270 mm, Diameter: 4.3 cm. Package type: Box. Quantity per pack: 1 pc(s), Packaging content: • Terrific Truman • USB charging cable • Hard case • Instructions for use"},"BulletPoints":{"BulletPointsId":"7099363","Language":"EN","Values":["Natural shape from the stem to the tip","Classically elegant, waterproof vibrator with a soft, caressing surface","Medical grade silicone for a pleasant feeling and high skin compatibility","2 extremely quiet, powerful motors","Durable, rechargeable lithium-ion battery","8 vibration programmes with 5 intensity levels"],"Updated":"2022-11-05 13:40:00"},"GeneratedBulletPoints":{},"GTINs":[{"GTIN":"4260152468417","IsApproved":true}]},"Image":{"HighPic":"https://inishop.com/img/gallery/104931873_7608818584.jpg","HighPicSize":"48519","HighPicHeight":"800","HighPicWidth":"800","LowPic":"https://inishop.com/img/gallery_lows/104931873_7608818584.jpg","LowPicSize":"6036","LowPicHeight":"200","LowPicWidth":"200","Pic500x500":"https://inishop.com/img/gallery_mediums/104931873_7608818584.jpg","Pic500x500Size":"23759","Pic500x500Height":"500","Pic500x500Width":"500","ThumbPic":"https://inishop.com/img/gallery_thumbs/104931873_7608818584.jpg","ThumbPicSize":"1862"},"Multimedia":[{"ID":"14A226C2-56AB-4798-8459-54F5393A59A0","URL":"https://www.youtube.com/watch?v=cxFnXTX9Yfs&ab_channel=Mystim-thewayIlikeit?access=J77V3nPxhMdrWjeg62LCNU5ezzgJnXffIjaIYNCFejI1wbVxdOQxfWMB3SVQAVsv","Type":"video/mp4","ContentType":"text/html","KeepAsUrl":"1","Description":"Mystim - Terrific Truman Vitamin V Vibrator","Size":"6193","IsPrivate":"0","Updated":"2022-11-05 14:03:29","Language":"EN","IsVideo":1,"ThumbUrl":"https://img.youtube.com/vi/cxFnXTX9Yfs/default.jpg?access=J77V3nPxhMdrWjeg62LCNU5ezzgJnXffIjaIYNCFejI1wbVxdOQxfWMB3SVQAVsv","PreviewUrl":"https://img.youtube.com/vi/cxFnXTX9Yfs/hqdefault.jpg?access=J77V3nPxhMdrWjeg62LCNU5ezzgJnXffIjaIYNCFejI1wbVxdOQxfWMB3SVQAVsv"},{"ID":"30294670-F2ED-4C64-B2EC-3B8D4DD7D8ED","URL":"https://inishop.com/objects/mmo_104931873_1676911456_8135_13686.pdf","Type":"manual pdf","ContentType":"application/pdf","KeepAsUrl":"0","Description":"User manual","Size":"1869384","IsPrivate":"0","Updated":"2023-02-20 17:44:16","Language":"","IsVideo":0}],"Gallery":[{"ID":"68593907","LowPic":"https://inishop.com/img/gallery_lows/104931873_7608818584.jpg","LowSize":"6036","LowHeight":"200","LowWidth":"200","ThumbPic":"https://inishop.com/img/gallery_thumbs/104931873_7608818584.jpg","ThumbPicSize":"1862","Pic":"https://inishop.com/img/gallery/104931873_7608818584.jpg","Size":"48519","PicHeight":"800","PicWidth":"800","Pic500x500":"https://inishop.com/img/gallery_mediums/104931873_7608818584.jpg","Pic500x500Size":"23759","Pic500x500Height":"500","Pic500x500Width":"500","No":"1","IsMain":"Y","Updated":"2022-11-05 13:23:10","IsPrivate":"0","Type":"ProductImage","Attributes":{"OriginalFileName":""}},{"ID":"68593919","LowPic":"https://inishop.com/img/gallery_lows/104931873_0311736411.jpg","LowSize":"5573","LowHeight":"200","LowWidth":"200","ThumbPic":"https://inishop.com/img/gallery_thumbs/104931873_0311736411.jpg","ThumbPicSize":"1749","Pic":"https://inishop.com/img/gallery/104931873_0311736411.jpg","Size":"44874","PicHeight":"800","PicWidth":"800","Pic500x500":"https://inishop.com/img/gallery_mediums/104931873_0311736411.jpg","Pic500x500Size":"21454","Pic500x500Height":"500","Pic500x500Width":"500","No":"2","IsMain":"N","Updated":"2022-11-05 13:23:15","IsPrivate":"0","Type":"ProductImage","Attributes":{"OriginalFileName":""}},{"ID":"68593927","LowPic":"https://inishop.com/img/gallery_lows/104931873_0411848234.jpg","LowSize":"7436","LowHeight":"200","LowWidth":"200","ThumbPic":"https://inishop.com/img/gallery_thumbs/104931873_0411848234.jpg","ThumbPicSize":"1809","Pic":"https://inishop.com/img/gallery/104931873_0411848234.jpg","Size":"62014","PicHeight":"800","PicWidth":"800","Pic500x500":"https://inishop.com/img/gallery_mediums/104931873_0411848234.jpg","Pic500x500Size":"30852","Pic500x500Height":"500","Pic500x500Width":"500","No":"3","IsMain":"N","Updated":"2022-11-05 13:23:18","IsPrivate":"0","Type":"ProductImage","Attributes":{"OriginalFileName":""}},{"ID":"68593936","LowPic":"https://inishop.com/img/gallery_lows/104931873_1126029505.jpg","LowSize":"8321","LowHeight":"200","LowWidth":"200","ThumbPic":"https://inishop.com/img/gallery_thumbs/104931873_1126029505.jpg","ThumbPicSize":"2479","Pic":"https://inishop.com/img/gallery/104931873_1126029505.jpg","Size":"64971","PicHeight":"800","PicWidth":"800","Pic500x500":"https://inishop.com/img/gallery_mediums/104931873_1126029505.jpg","Pic500x500Size":"33080","Pic500x500Height":"500","Pic500x500Width":"500","No":"4","IsMain":"N","Updated":"2022-11-05 13:23:21","IsPrivate":"0","Type":"ProductImage","Attributes":{"OriginalFileName":""}},{"ID":"68593945","LowPic":"https://inishop.com/img/gallery_lows/104931873_1065202339.jpg","LowSize":"6723","LowHeight":"200","LowWidth":"200","ThumbPic":"https://inishop.com/img/gallery_thumbs/104931873_1065202339.jpg","ThumbPicSize":"1931","Pic":"https://inishop.com/img/gallery/104931873_1065202339.jpg","Size":"54725","PicHeight":"800","PicWidth":"800","Pic500x500":"https://inishop.com/img/gallery_mediums/104931873_1065202339.jpg","Pic500x500Size":"27501","Pic500x500Height":"500","Pic500x500Width":"500","No":"5","IsMain":"N","Updated":"2022-11-05 13:23:25","IsPrivate":"0","Type":"ProductImage","Attributes":{"OriginalFileName":""}},{"ID":"68593955","LowPic":"https://inishop.com/img/gallery_lows/104931873_3450617402.jpg","LowSize":"13956","LowHeight":"200","LowWidth":"200","ThumbPic":"https://inishop.com/img/gallery_thumbs/104931873_3450617402.jpg","ThumbPicSize":"3545","Pic":"https://inishop.com/img/gallery/104931873_3450617402.jpg","Size":"111445","PicHeight":"800","PicWidth":"800","Pic500x500":"https://inishop.com/img/gallery_mediums/104931873_3450617402.jpg","Pic500x500Size":"56895","Pic500x500Height":"500","Pic500x500Width":"500","No":"6","IsMain":"N","Updated":"2022-11-05 13:23:28","IsPrivate":"0","Type":"ProductImage","Attributes":{"OriginalFileName":""}},{"ID":"68593965","LowPic":"https://inishop.com/img/gallery_lows/104931873_6095017944.jpg","LowSize":"11138","LowHeight":"200","LowWidth":"200","ThumbPic":"https://inishop.com/img/gallery_thumbs/104931873_6095017944.jpg","ThumbPicSize":"2495","Pic":"https://inishop.com/img/gallery/104931873_6095017944.jpg","Size":"109431","PicHeight":"800","PicWidth":"800","Pic500x500":"https://inishop.com/img/gallery_mediums/104931873_6095017944.jpg","Pic500x500Size":"51930","Pic500x500Height":"500","Pic500x500Width":"500","No":"7","IsMain":"N","Updated":"2022-11-05 13:23:31","IsPrivate":"0","Type":"ProductImage","Attributes":{"OriginalFileName":""}},{"ID":"68593973","LowPic":"https://inishop.com/img/gallery_lows/104931873_0921410492.jpg","LowSize":"14899","LowHeight":"200","LowWidth":"200","ThumbPic":"https://inishop.com/img/gallery_thumbs/104931873_0921410492.jpg","ThumbPicSize":"3189","Pic":"https://inishop.com/img/gallery/104931873_0921410492.jpg","Size":"174792","PicHeight":"800","PicWidth":"800","Pic500x500":"https://inishop.com/img/gallery_mediums/104931873_0921410492.jpg","Pic500x500Size":"77893","Pic500x500Height":"500","Pic500x500Width":"500","No":"8","IsMain":"N","Updated":"2022-11-05 13:23:34","IsPrivate":"0","Type":"ProductImage","Attributes":{"OriginalFileName":""}},{"ID":"68593981","LowPic":"https://inishop.com/img/gallery_lows/104931873_4097668732.jpg","LowSize":"11540","LowHeight":"200","LowWidth":"200","ThumbPic":"https://inishop.com/img/gallery_thumbs/104931873_4097668732.jpg","ThumbPicSize":"2725","Pic":"https://inishop.com/img/gallery/104931873_4097668732.jpg","Size":"138161","PicHeight":"800","PicWidth":"800","Pic500x500":"https://inishop.com/img/gallery_mediums/104931873_4097668732.jpg","Pic500x500Size":"60294","Pic500x500Height":"500","Pic500x500Width":"500","No":"9","IsMain":"N","Updated":"2022-11-05 13:23:37","IsPrivate":"0","Type":"ProductImage","Attributes":{"OriginalFileName":""}},{"ID":"68593987","LowPic":"https://inishop.com/img/gallery_lows/104931873_9243446086.jpg","LowSize":"16756","LowHeight":"200","LowWidth":"200","ThumbPic":"https://inishop.com/img/gallery_thumbs/104931873_9243446086.jpg","ThumbPicSize":"4185","Pic":"https://inishop.com/img/gallery/104931873_9243446086.jpg","Size":"182524","PicHeight":"800","PicWidth":"800","Pic500x500":"https://inishop.com/img/gallery_mediums/104931873_9243446086.jpg","Pic500x500Size":"83459","Pic500x500Height":"500","Pic500x500Width":"500","No":"10","IsMain":"N","Updated":"2025-09-09 09:15:40","IsPrivate":"0","Type":"ProductPackagingImage","Attributes":{"OriginalFileName":""}},{"ID":"68593992","LowPic":"https://inishop.com/img/gallery_lows/104931873_7927782306.jpg","LowSize":"15346","LowHeight":"200","LowWidth":"200","ThumbPic":"https://inishop.com/img/gallery_thumbs/104931873_7927782306.jpg","ThumbPicSize":"3881","Pic":"https://inishop.com/img/gallery/104931873_7927782306.jpg","Size":"182921","PicHeight":"800","PicWidth":"800","Pic500x500":"https://inishop.com/img/gallery_mediums/104931873_7927782306.jpg","Pic500x500Size":"81715","Pic500x500Height":"500","Pic500x500Width":"500","No":"11","IsMain":"N","Updated":"2025-09-09 09:15:41","IsPrivate":"0","Type":"ProductPackagingImage","Attributes":{"OriginalFileName":""}}],"FeaturesGroups":[{"ID":28803,"SortNo":"30","FeatureGroup":{"ID":"185","Name":{"Value":"Features","Language":"EN"}},"Features":[{"Localized":0,"ID":510073065,"LocalID":0,"Type":"dropdown","Value":"Rabbit vibrator","CategoryFeatureId":"808782","CategoryFeatureGroupID":"28803","SortNo":"150","PresentationValue":"Rabbit vibrator","RawValue":"Rabbit vibrator","LocalValue":"Rabbit vibrator","Description":"The sub-category of the product.","Mandatory":"1","Searchable":"1","Optional":"0","Feature":{"ID":"14052","Sign":"","Measure":{"ID":"29","Sign":"","Signs":{"ID":"","_":"","Language":"EN"}},"Name":{"Value":"Product type","Language":"EN"}}},{"Localized":0,"ID":510073195,"LocalID":0,"Type":"dropdown","Value":"Curved","CategoryFeatureId":"270233","CategoryFeatureGroupID":"28803","SortNo":"100","PresentationValue":"Curved","RawValue":"Curved","LocalValue":"Curved","Description":"The external form, contours, or outline of the product.","Mandatory":"0","Searchable":"0","Optional":"0","Feature":{"ID":"9397","Sign":"","Measure":{"ID":"29","Sign":"","Signs":{"ID":"","_":"","Language":"EN"}},"Name":{"Value":"Shape","Language":"EN"}}},{"Localized":0,"ID":510073263,"LocalID":0,"Type":"dropdown","Value":"Vaginal stimulation","CategoryFeatureId":"808780","CategoryFeatureGroupID":"28803","SortNo":"100","PresentationValue":"Vaginal stimulation","RawValue":"Vaginal stimulation","LocalValue":"Vaginal stimulation","Description":"","Mandatory":"1","Searchable":"1","Optional":"0","Feature":{"ID":"44730","Sign":"","Measure":{"ID":"29","Sign":"","Signs":{"ID":"","_":"","Language":"EN"}},"Name":{"Value":"Stimulation type","Language":"EN"}}},{"Localized":0,"ID":510073178,"LocalID":0,"Type":"dropdown","Value":"Silicone","CategoryFeatureId":"270245","CategoryFeatureGroupID":"28803","SortNo":"90","PresentationValue":"Silicone","RawValue":"Silicone","LocalValue":"Silicone","Description":"The material from which a thing is or can be made e.g. wood, plastic.","Mandatory":"1","Searchable":"0","Optional":"0","Feature":{"ID":"898","Sign":"","Measure":{"ID":"29","Sign":"","Signs":{"ID":"","_":"","Language":"EN"}},"Name":{"Value":"Material","Language":"EN"}}},{"Localized":0,"ID":510073162,"LocalID":0,"Type":"dropdown","Value":"Ambidextrous","CategoryFeatureId":"315245","CategoryFeatureGroupID":"28803","SortNo":"68","PresentationValue":"Ambidextrous","RawValue":"Ambidextrous","LocalValue":"Ambidextrous","Description":"The design allows to draw the gun with the right or left hand or both (ambidextrous).","Mandatory":"0","Searchable":"0","Optional":"0","Feature":{"ID":"21183","Sign":"","Measure":{"ID":"29","Sign":"","Signs":{"ID":"","_":"","Language":"EN"}},"Name":{"Value":"Hand orientation","Language":"EN"}}},{"Localized":0,"ID":510073139,"LocalID":0,"Type":"multi_dropdown","Value":"Buttons","CategoryFeatureId":"315247","CategoryFeatureGroupID":"28803","SortNo":"45","PresentationValue":"Buttons","RawValue":"Buttons","LocalValue":"Buttons","Description":"The way in which the device is controlled.","Mandatory":"0","Searchable":"0","Optional":"0","Feature":{"ID":"2651","Sign":"","Measure":{"ID":"29","Sign":"","Signs":{"ID":"","_":"","Language":"EN"}},"Name":{"Value":"Control type","Language":"EN"}}},{"Localized":0,"ID":510073104,"LocalID":0,"Type":"numerical","Value":"5","CategoryFeatureId":"315239","CategoryFeatureGroupID":"28803","SortNo":"40","PresentationValue":"5","RawValue":"5","LocalValue":"5","Description":"The different speeds that the device can operate at.","Mandatory":"0","Searchable":"0","Optional":"0","Feature":{"ID":"2594","Sign":"","Measure":{"ID":"29","Sign":"","Signs":{"ID":"","_":"","Language":"EN"}},"Name":{"Value":"Number of speeds","Language":"EN"}}},{"Localized":0,"ID":510073123,"LocalID":0,"Type":"numerical","Value":"8","CategoryFeatureId":"315240","CategoryFeatureGroupID":"28803","SortNo":"40","PresentationValue":"8","RawValue":"8","LocalValue":"8","Description":"","Mandatory":"0","Searchable":"0","Optional":"0","Feature":{"ID":"34368","Sign":"","Measure":{"ID":"29","Sign":"","Signs":{"ID":"","_":"","Language":"EN"}},"Name":{"Value":"Number of patterns","Language":"EN"}}},{"Localized":0,"ID":510073085,"LocalID":0,"Type":"y_n","Value":"Y","CategoryFeatureId":"270246","CategoryFeatureGroupID":"28803","SortNo":"35","PresentationValue":"Yes","RawValue":"Y","LocalValue":"Yes","Description":"The product is protected from water, staying dry if liquid is spilt on it or it gets wet in the rain.","Mandatory":"0","Searchable":"0","Optional":"0","Feature":{"ID":"7509","Sign":"","Measure":{"ID":"26","Sign":"","Signs":{"ID":"","_":"","Language":"EN"}},"Name":{"Value":"Waterproof","Language":"EN"}}},{"Localized":0,"ID":835292983,"LocalID":0,"Type":"dropdown","Value":"Matt","CategoryFeatureId":"315569","CategoryFeatureGroupID":"28803","SortNo":"30","PresentationValue":"Matt","RawValue":"Matt","LocalValue":"Matt","Description":"The way that a product is finished e.g. a matt or gloss finish.","Mandatory":"0","Searchable":"0","Optional":"0","Feature":{"ID":"2254","Sign":"","Measure":{"ID":"29","Sign":"","Signs":{"ID":"","_":"","Language":"EN"}},"Name":{"Value":"Finish type","Language":"EN"}}},{"Localized":0,"ID":510073207,"LocalID":0,"Type":"multi_dropdown","Value":"Purple","CategoryFeatureId":"270236","CategoryFeatureGroupID":"28803","SortNo":"0","PresentationValue":"Purple","RawValue":"Purple","LocalValue":"Purple","Description":"The colour e.g. red, blue, green, black, white.","Mandatory":"1","Searchable":"1","Optional":"0","Feature":{"ID":"1766","Sign":"","Measure":{"ID":"29","Sign":"","Signs":{"ID":"","_":"","Language":"EN"}},"Name":{"Value":"Product colour","Language":"EN"}}},{"Localized":0,"ID":835292971,"LocalID":0,"Type":"numerical","Value":"1","CategoryFeatureId":"925341","CategoryFeatureGroupID":"28803","SortNo":"0","PresentationValue":"1 year(s)","RawValue":"1","LocalValue":"1","Description":"","Mandatory":"0","Searchable":"0","Optional":"0","Feature":{"ID":"45898","Sign":"","Measure":{"ID":"75","Sign":"","Signs":{"ID":"58","_":"year(s)","Language":"EN"}},"Name":{"Value":"Warranty period","Language":"EN"}}}]},{"ID":28805,"SortNo":"25","FeatureGroup":{"ID":"143","Name":{"Value":"Battery","Language":"EN"}},"Features":[{"Localized":0,"ID":510073304,"LocalID":0,"Type":"dropdown","Value":"Built-in battery","CategoryFeatureId":"270240","CategoryFeatureGroupID":"28805","SortNo":"170","PresentationValue":"Built-in battery","RawValue":"Built-in battery","LocalValue":"Built-in battery","Description":"Description of battery supplied with the product, such battery form factor (e.g. AA/AAA).","Mandatory":"1","Searchable":"0","Optional":"0","Feature":{"ID":"908","Sign":"","Measure":{"ID":"29","Sign":"","Signs":{"ID":"","_":"","Language":"EN"}},"Name":{"Value":"Battery type","Language":"EN"}}},{"Localized":0,"ID":510073337,"LocalID":0,"Type":"dropdown","Value":"Lithium-Ion (Li-Ion)","CategoryFeatureId":"270243","CategoryFeatureGroupID":"28805","SortNo":"17","PresentationValue":"Lithium-Ion (Li-Ion)","RawValue":"Lithium-Ion (Li-Ion)","LocalValue":"Lithium-Ion (Li-Ion)","Description":"The type of battery in the device, e.g. nickel–cadmium (NiCd).","Mandatory":"0","Searchable":"0","Optional":"0","Feature":{"ID":"434","Sign":"","Measure":{"ID":"29","Sign":"","Signs":{"ID":"","_":"","Language":"EN"}},"Name":{"Value":"Battery technology","Language":"EN"}}},{"Localized":0,"ID":510073320,"LocalID":0,"Type":"y_n","Value":"Y","CategoryFeatureId":"315558","CategoryFeatureGroupID":"28805","SortNo":"15","PresentationValue":"Yes","RawValue":"Y","LocalValue":"Yes","Description":"","Mandatory":"0","Searchable":"0","Optional":"0","Feature":{"ID":"11194","Sign":"","Measure":{"ID":"26","Sign":"","Signs":{"ID":"","_":"","Language":"EN"}},"Name":{"Value":"USB charging","Language":"EN"}}}]},{"ID":28807,"SortNo":"15","FeatureGroup":{"ID":"14","Name":{"Value":"Weight & dimensions","Language":"EN"}},"Features":[{"Localized":0,"ID":510073272,"LocalID":0,"Type":"numerical","Value":"270","CategoryFeatureId":"270247","CategoryFeatureGroupID":"28807","SortNo":"49","PresentationValue":"270 mm","RawValue":"270","LocalValue":"270","Description":"The measurement or extent of something from end to end.","Mandatory":"1","Searchable":"0","Optional":"0","Feature":{"ID":"2738","Sign":"","Measure":{"ID":"24","Sign":"","Signs":{"ID":"3","_":"mm","Language":"EN"}},"Name":{"Value":"Length","Language":"EN"}}},{"Localized":0,"ID":510073289,"LocalID":0,"Type":"numerical","Value":"43","CategoryFeatureId":"270248","CategoryFeatureGroupID":"28807","SortNo":"47","PresentationValue":"4.3 cm","RawValue":"43","LocalValue":"4.3","Description":"Distance from one side of a body (circle or sphere) to the other side, measured by a straight line passing through the centre of the body.","Mandatory":"0","Searchable":"0","Optional":"0","Feature":{"ID":"2931","Sign":"","Measure":{"ID":"24","Sign":"","Signs":{"ID":"3","_":"mm","Language":"EN"}},"Name":{"Value":"Diameter","Language":"EN"}}}]},{"ID":75451,"SortNo":"13","FeatureGroup":{"ID":"67","Name":{"Value":"Packaging data","Language":"EN"}},"Features":[{"Localized":0,"ID":510073403,"LocalID":0,"Type":"dropdown","Value":"Box","CategoryFeatureId":"593889","CategoryFeatureGroupID":"75451","SortNo":"-15","PresentationValue":"Box","RawValue":"Box","LocalValue":"Box","Description":"The type of product package e.g. box.","Mandatory":"0","Searchable":"0","Optional":"0","Feature":{"ID":"4463","Sign":"","Measure":{"ID":"29","Sign":"","Signs":{"ID":"","_":"","Language":"EN"}},"Name":{"Value":"Package type","Language":"EN"}}}]},{"ID":28804,"SortNo":"10","FeatureGroup":{"ID":"116","Name":{"Value":"Packaging content","Language":"EN"}},"Features":[{"Localized":0,"ID":510073351,"LocalID":0,"Type":"numerical","Value":"1","CategoryFeatureId":"660396","CategoryFeatureGroupID":"28804","SortNo":"500","PresentationValue":"1 pc(s)","RawValue":"1","LocalValue":"1","Description":"","Mandatory":"0","Searchable":"0","Optional":"0","Feature":{"ID":"20228","Sign":"","Measure":{"ID":"144","Sign":"","Signs":{"ID":"125","_":"pc(s)","Language":"EN"}},"Name":{"Value":"Quantity per pack","Language":"EN"}}},{"Localized":0,"ID":510073369,"LocalID":0,"Type":"y_n","Value":"Y","CategoryFeatureId":"315244","CategoryFeatureGroupID":"28804","SortNo":"100","PresentationValue":"Yes","RawValue":"Y","LocalValue":"Yes","Description":"","Mandatory":"0","Searchable":"0","Optional":"0","Feature":{"ID":"3965","Sign":"","Measure":{"ID":"26","Sign":"","Signs":{"ID":"","_":"","Language":"EN"}},"Name":{"Value":"Manual","Language":"EN"}}},{"Localized":0,"ID":510073384,"LocalID":0,"Type":"y_n","Value":"Y","CategoryFeatureId":"315566","CategoryFeatureGroupID":"28804","SortNo":"15","PresentationValue":"Yes","RawValue":"Y","LocalValue":"Yes","Description":"","Mandatory":"0","Searchable":"0","Optional":"0","Feature":{"ID":"4014","Sign":"","Measure":{"ID":"26","Sign":"","Signs":{"ID":"","_":"","Language":"EN"}},"Name":{"Value":"Storage pouch","Language":"EN"}}},{"Localized":1,"ID":0,"LocalID":554061202,"Type":"textarea","Value":"","CategoryFeatureId":"593891","CategoryFeatureGroupID":"28804","SortNo":"-100","PresentationValue":"• Terrific Truman\n• USB charging cable\n• Hard case\n• Instructions for use","RawValue":"","LocalValue":"• Terrific Truman\n• USB charging cable\n• Hard case\n• Instructions for use","Description":"","Mandatory":"0","Searchable":"0","Optional":"0","Feature":{"ID":"10622","Sign":"","Measure":{"ID":"29","Sign":"","Signs":{"ID":"","_":"","Language":"EN"}},"Name":{"Value":"Packaging content","Language":"EN"}}}]}],"FeatureLogos":[],"ReasonsToBuy":[],"Reviews":[],"ProductRelated":[],"CatalogObjectCloud":{},"Variants":[],"ProductStory":[],"Dictionary":{"model_name":"Product name","desc":"Description","ean_code":"EAN/UPC code","flash360":"3D tour","demo_msg_part3":"If you don't have an Icecat account, please register here for free.","repairability_index":"Repairability index","zoom_panel_init":"Original size","cat_name":"Category","product_family":"Product family","back_to_top":"Back to top","zoom_panel_out":"Zoom out","specs":"Specs","eu_product_fiche":"EU Product Fiche","reviews_head_name":"Reviews","pdf_specs":"Product Brochure","zoom_panel_in":"Zoom in","html_content":"","release_date":"Release date","demo_msg_part1":"You are using now a Demo account. Please, use your own Icecat account","demo_insert_desc":"This is a demo of a seamless insert of an Icecat LIVE product data-sheet in your website. Imagine that this responsive data-sheet is included in the product page of your webshop.","pdf_url":"User manual","prod_code":"Product code","supplier_name":"Brand","video":"Video","reasons_to_buy":"Reasons to buy","marketing_text":"Description","options_head_name":"Options","product_series":"Product series","demo_msg_part2":"your Icecat login name","link_integrate_desk":"How to integrate Icecat LIVE JavaScript.","zoom_panel_dragg":"Mouse dragging","eu_energy_label":"EU Energy Label"},"DemoAccount":false}}