{"msg":"OK","data":{"GeneralInfo":{"IcecatId":134703621,"ReleaseDate":"","EndOfLifeDate":"","Title":"Interflora Dahlia Mix Bouquet Birthday","TitleInfo":{"GeneratedIntTitle":"Interflora Dahlia Mix Bouquet","GeneratedLocalTitle":{"Value":"Interflora Dahlia Mix Bouquet","Language":"EN"},"BrandLocalTitle":{"Value":"","Language":"EN"}},"Brand":"Interflora","BrandID":"43646","BrandLogo":"","BrandInfo":{"BrandName":"Interflora","BrandLocalName":"","BrandLogo":""},"ProductName":"Dahlia Mix Bouquet","ProductNameInfo":{"ProductIntName":"Dahlia Mix Bouquet","ProductLocalName":{"Value":"Dahlia Mix Bouquet","Language":"EN"}},"BrandPartCode":"ACDHT0100","GTIN":[],"Category":{"CategoryID":"4796","Name":{"Value":"Fresh Cut Mixed Bouquets & Flowers","Language":"EN"}},"ProductFamily":{},"ProductSeries":{"SeriesID":"1"},"Description":{"ID":"104044326","LongDesc":"A quick rundown: a beauty of a handmade bouquet with flowers in vivid colours plus at least three stunning dahlias.<br><br>Colour & style: fresh flowers and foliage in rich, vivid colours like ruby, amber, mustard and plum, plus at least three dahlias.<br><br>A great gift for: autumn birthdays, dahlia lovers","LongProductName":"Dahlia Mix Bouquet","MiddleDesc":"","Disclaimer":"","ManualPDFURL":"","ManualPDFSize":"0","LeafletPDFURL":"","PDFSize":"0","URL":"https://www.interflora.co.uk/product/dahlia-mix-bouquet-acdht0100s","WarrantyInfo":"","Updated":"2025-09-09 10:55:28","Language":"EN"},"SummaryDescription":{"ShortSummaryDescription":"Interflora Dahlia Mix Bouquet, Fresh cut mixed bouquet, Orange, Pink, Red, Yellow, Birthday, 7 day(s)","LongSummaryDescription":"Interflora Dahlia Mix Bouquet. Product type: Fresh cut mixed bouquet, Product colour: Orange, Pink, Red, Yellow, Occasion: Birthday"},"BulletPoints":{"BulletPointsId":"13608861","Language":"EN","Values":["This will be handcrafted by their local florist, who will use all their care and skill and make sure it arrives ready to wow","It might not look exactly like the pictures because each bouquet is bespoke, made by hand","It's guaranteed to look gorgeous for at least 7 days, or we'll put it right","It could feature buds, but they'll open up quickly","The packaging is all recyclable or biodegradable","It comes with a lovely card, the florist will add your message inside (usually by hand)","If you have any special requests (like pet-friendly flowers or no lilies) there's a space to add them before you check out. The florist will try their best to help"],"Updated":"2025-09-09 10:55:25"},"GeneratedBulletPoints":{},"GTINs":[]},"Image":{"HighPic":"https://inishop.com/img/gallery/6b1bd40caf9fe7060f6fd99d052e8f269c3a048d.jpg","HighPicSize":"519650","HighPicHeight":"960","HighPicWidth":"960","LowPic":"https://inishop.com/img/gallery_lows/15588cd5c4341a256ddfff7ecfb60fff39f4c388.jpg","LowPicSize":"57950","LowPicHeight":"200","LowPicWidth":"200","Pic500x500":"https://inishop.com/img/gallery_mediums/f3e3564a1666be4b988f0751d7ea13a2cec8066e.jpg","Pic500x500Size":"255080","Pic500x500Height":"500","Pic500x500Width":"500","ThumbPic":"https://inishop.com/img/gallery_thumbs/648f736f579f3aeb0dc800c40ea01f22841da057.jpg","ThumbPicSize":"11462"},"Multimedia":[],"Gallery":[{"ID":"117095474","LowPic":"https://inishop.com/img/gallery_lows/15588cd5c4341a256ddfff7ecfb60fff39f4c388.jpg","LowSize":"57950","LowHeight":"200","LowWidth":"200","ThumbPic":"https://inishop.com/img/gallery_thumbs/648f736f579f3aeb0dc800c40ea01f22841da057.jpg","ThumbPicSize":"11462","Pic":"https://inishop.com/img/gallery/6b1bd40caf9fe7060f6fd99d052e8f269c3a048d.jpg","Size":"519650","PicHeight":"960","PicWidth":"960","Pic500x500":"https://inishop.com/img/gallery_mediums/f3e3564a1666be4b988f0751d7ea13a2cec8066e.jpg","Pic500x500Size":"255080","Pic500x500Height":"500","Pic500x500Width":"500","No":"1","IsMain":"Y","Updated":"2025-09-09 10:54:46","IsPrivate":"0","Type":"ProductImage","Attributes":{"OriginalFileName":""}},{"ID":"117095482","LowPic":"https://inishop.com/img/gallery_lows/60986b22e8205964f5b30cd2ee762adb94a9d2de.jpg","LowSize":"73611","LowHeight":"200","LowWidth":"200","ThumbPic":"https://inishop.com/img/gallery_thumbs/8d04d864fa2c59017b75a98347a1bb226c97bfee.jpg","ThumbPicSize":"13384","Pic":"https://inishop.com/img/gallery/9d06129831ad3454e3c692efc2439be8350f2479.jpg","Size":"638749","PicHeight":"960","PicWidth":"960","Pic500x500":"https://inishop.com/img/gallery_mediums/9ff70aad84f9e61ba9834b6ff495dc097f96a581.jpg","Pic500x500Size":"327062","Pic500x500Height":"500","Pic500x500Width":"500","No":"2","IsMain":"N","Updated":"2025-09-09 10:54:57","IsPrivate":"0","Type":"ProductDetailImage","Attributes":{"OriginalFileName":""}},{"ID":"117095483","LowPic":"https://inishop.com/img/gallery_lows/0a05c593b659ab5163ef9a50cfea7fc38fa2c4e7.jpg","LowSize":"50010","LowHeight":"200","LowWidth":"200","ThumbPic":"https://inishop.com/img/gallery_thumbs/3d9fc90853deeefbf4dbc9512966636061c89ecf.jpg","ThumbPicSize":"10240","Pic":"https://inishop.com/img/gallery/17018deac365e75749f3f79899531ccf8d4ee32e.jpg","Size":"388339","PicHeight":"960","PicWidth":"960","Pic500x500":"https://inishop.com/img/gallery_mediums/66605818730b652dfcaca5801cc97864a6677ac0.jpg","Pic500x500Size":"209903","Pic500x500Height":"500","Pic500x500Width":"500","No":"3","IsMain":"N","Updated":"2025-09-09 10:55:03","IsPrivate":"0","Type":"LifestyleImage","Attributes":{"OriginalFileName":""}},{"ID":"117095485","LowPic":"https://inishop.com/img/gallery_lows/e5d0e96841ce82262bce9849a906fee1f8cd6f69.jpg","LowSize":"59859","LowHeight":"200","LowWidth":"200","ThumbPic":"https://inishop.com/img/gallery_thumbs/513f97da2b04c1220066ed3777aac2018d5c911b.jpg","ThumbPicSize":"11576","Pic":"https://inishop.com/img/gallery/602a203fbb7e38e81141c89fe105362527b99222.jpg","Size":"588624","PicHeight":"960","PicWidth":"960","Pic500x500":"https://inishop.com/img/gallery_mediums/8cceb63ab19bccc6ac087a2ce61c7e014a95373a.jpg","Pic500x500Size":"277348","Pic500x500Height":"500","Pic500x500Width":"500","No":"4","IsMain":"N","Updated":"2025-09-09 10:55:11","IsPrivate":"0","Type":"LifestyleImage","Attributes":{"OriginalFileName":""}}],"FeaturesGroups":[{"ID":24776,"SortNo":"50","FeatureGroup":{"ID":"185","Name":{"Value":"Features","Language":"EN"}},"Features":[{"Localized":0,"ID":835243820,"LocalID":0,"Type":"dropdown","Value":"Fresh cut mixed bouquet","CategoryFeatureId":"935697","CategoryFeatureGroupID":"24776","SortNo":"500","PresentationValue":"Fresh cut mixed bouquet","RawValue":"Fresh cut mixed bouquet","LocalValue":"Fresh cut mixed bouquet","Description":"The sub-category of the product.","Mandatory":"1","Searchable":"1","Optional":"0","Feature":{"ID":"14052","Sign":"","Measure":{"ID":"29","Sign":"","Signs":{"ID":"","_":"","Language":"EN"}},"Name":{"Value":"Product type","Language":"EN"}}},{"Localized":0,"ID":835243819,"LocalID":0,"Type":"multi_dropdown","Value":"Orange,Pink,Red,Yellow","CategoryFeatureId":"945016","CategoryFeatureGroupID":"24776","SortNo":"300","PresentationValue":"Orange, Pink, Red, Yellow","RawValue":"Orange,Pink,Red,Yellow","LocalValue":"Orange, Pink, Red, Yellow","Description":"The colour e.g. red, blue, green, black, white.","Mandatory":"0","Searchable":"0","Optional":"0","Feature":{"ID":"1766","Sign":"","Measure":{"ID":"29","Sign":"","Signs":{"ID":"","_":"","Language":"EN"}},"Name":{"Value":"Product colour","Language":"EN"}}},{"Localized":0,"ID":835243822,"LocalID":0,"Type":"dropdown","Value":"Birthday","CategoryFeatureId":"221114","CategoryFeatureGroupID":"24776","SortNo":"250","PresentationValue":"Birthday","RawValue":"Birthday","LocalValue":"Birthday","Description":"","Mandatory":"0","Searchable":"0","Optional":"0","Feature":{"ID":"29202","Sign":"","Measure":{"ID":"29","Sign":"","Signs":{"ID":"","_":"","Language":"EN"}},"Name":{"Value":"Occasion","Language":"EN"}}},{"Localized":0,"ID":835243821,"LocalID":0,"Type":"numerical","Value":"7","CategoryFeatureId":"221116","CategoryFeatureGroupID":"24776","SortNo":"0","PresentationValue":"7 day(s)","RawValue":"7","LocalValue":"7","Description":"","Mandatory":"0","Searchable":"0","Optional":"0","Feature":{"ID":"19213","Sign":"","Measure":{"ID":"49","Sign":"","Signs":{"ID":"33","_":"day(s)","Language":"EN"}},"Name":{"Value":"Lifespan","Language":"EN"}}}]}],"FeatureLogos":[],"ReasonsToBuy":[],"Reviews":[],"ProductRelated":[],"CatalogObjectCloud":{},"Variants":[],"ProductStory":[],"Dictionary":{"model_name":"Product name","desc":"Description","ean_code":"EAN/UPC code","flash360":"3D tour","demo_msg_part3":"If you don't have an Icecat account, please register here for free.","repairability_index":"Repairability index","zoom_panel_init":"Original size","cat_name":"Category","product_family":"Product family","back_to_top":"Back to top","zoom_panel_out":"Zoom out","specs":"Specs","eu_product_fiche":"EU Product Fiche","reviews_head_name":"Reviews","pdf_specs":"Product Brochure","zoom_panel_in":"Zoom in","html_content":"","release_date":"Release date","demo_msg_part1":"You are using now a Demo account. Please, use your own Icecat account","demo_insert_desc":"This is a demo of a seamless insert of an Icecat LIVE product data-sheet in your website. Imagine that this responsive data-sheet is included in the product page of your webshop.","pdf_url":"User manual","prod_code":"Product code","supplier_name":"Brand","video":"Video","reasons_to_buy":"Reasons to buy","marketing_text":"Description","options_head_name":"Options","product_series":"Product series","demo_msg_part2":"your Icecat login name","link_integrate_desk":"How to integrate Icecat LIVE JavaScript.","zoom_panel_dragg":"Mouse dragging","eu_energy_label":"EU Energy Label"},"DemoAccount":false}}