{"msg":"OK","data":{"GeneralInfo":{"IcecatId":133028274,"ReleaseDate":"01-01-9999","EndOfLifeDate":"31-12-9999","Title":"HP OMEN 16L Gaming Desktop TG03-0820no Intel® Core™ i5 i5-14400F 16 GB DDR5-SDRAM 512 GB SSD NVIDIA GeForce RTX 5060 Windows 11 Home Tower PC Black","TitleInfo":{"GeneratedIntTitle":"HP OMEN 16L Gaming Desktop TG03-0820no","GeneratedLocalTitle":{"Value":"HP OMEN 16L Gaming Desktop TG03-0820no Intel® Core™ i5 i5-14400F 16 GB DDR5-SDRAM 512 GB SSD NVIDIA GeForce RTX 5060 Windows 11 Home Tower PC Black","Language":"EN"},"BrandLocalTitle":{"Value":"","Language":"EN"}},"Brand":"HP","BrandID":"1","BrandLogo":"https://images.icecat.biz/img/brand/thumb/1_d30fcedad0114a21995254ed83bd0a5e.jpg","BrandInfo":{"BrandName":"HP","BrandLocalName":"","BrandLogo":"https://images.icecat.biz/img/brand/thumb/1_d30fcedad0114a21995254ed83bd0a5e.jpg"},"ProductName":"OMEN 16L Gaming Desktop TG03-0820no","ProductNameInfo":{"ProductIntName":"OMEN 16L Gaming Desktop TG03-0820no","ProductLocalName":{"Value":"","Language":"EN"}},"BrandPartCode":"C59K5EA","GTIN":["0199485882192","199485882192"],"Category":{"CategoryID":"153","Name":{"Value":"PCs/Workstations","Language":"EN"}},"ProductFamily":{"ProductFamilyID":"67439","Value":"OMEN","Language":"EN"},"ProductSeries":{"SeriesID":"8708","Value":"16L","Language":"EN"},"Description":{},"SummaryDescription":{"ShortSummaryDescription":"HP OMEN 16L Gaming Desktop TG03-0820no, Intel® Core™ i5, i5-14400F, 16 GB, DDR5-SDRAM, 512 GB, Windows 11 Home","LongSummaryDescription":"HP OMEN 16L Gaming Desktop TG03-0820no. Processor family: Intel® Core™ i5, Processor model: i5-14400F. Internal memory: 16 GB, Internal memory type: DDR5-SDRAM. Total storage capacity: 512 GB, Storage media: SSD. Discrete graphics card model: NVIDIA GeForce RTX 5060. Wi-Fi. Operating system installed: Windows 11 Home. Power supply: 400 W. Chassis type: Tower. Product type: PC. Weight: 5.57 kg. Product colour: Black"},"BulletPoints":{},"GeneratedBulletPoints":{"Language":"EN","Values":["Gaming PC Black 400 W","Intel® Core™ i5 i5-14400F Processor cores: 10","16 GB DDR5-SDRAM 2 x 8 GB","512 GB SSD","NVIDIA GeForce RTX 5060 8 GB","Ethernet LAN 10,100,1000 Mbit/s Wi-Fi 6E (802.11ax) Bluetooth 5.4","Windows 11 Home"]},"GTINs":[{"GTIN":"0199485882192","IsApproved":true},{"GTIN":"199485882192","IsApproved":true}],"VirtualCategory":[{"VirtualCategoryID":"195","UNCATID":"43171895","Value":"PCs","Language":"EN"}]},"Image":{"HighPic":"https://images.icecat.biz/img/gallery/e895db837ccc7d1ee11e54ffa8db4c51ade69b8e.jpg","HighPicSize":"1446060","HighPicHeight":"2805","HighPicWidth":"3300","LowPic":"https://images.icecat.biz/img/gallery_lows/c5a3ddca4eaa2dbe1917caddfa95c92cd076f792.jpg","LowPicSize":"5830","LowPicHeight":"170","LowPicWidth":"200","Pic500x500":"https://images.icecat.biz/img/gallery_mediums/014d54720c12c0891c9c4130560f01598d318a24.jpg","Pic500x500Size":"38815","Pic500x500Height":"425","Pic500x500Width":"500","ThumbPic":"https://images.icecat.biz/img/gallery_thumbs/dd2316629c2dac96bb8417e73216e73fc355b924.jpg","ThumbPicSize":"1569"},"Multimedia":[{"ID":"7E9EC48C-5342-43DD-8D60-99E3492CBCEF","URL":"https://live-html.icecat.biz/788d4d86ee4481f2b596bc3dd7b3e2e3/index.html","Type":"ProductStory","ContentType":"application/zip","KeepAsUrl":"0","Description":"ProductStory","Size":"4296","IsPrivate":"0","Updated":"2025-09-09 20:54:06","Language":"EN","IsVideo":0},{"ID":"00000000-0000-0000-0000-000000000000","URL":"https://icecat.biz/rest/product-pdf?productId=133028274&lang=en&AccessKey=tVGKVN0NApZGwF9sSWaWthghoRjlYo5f","Type":"leaflet","ContentType":"application/pdf","KeepAsUrl":"0","Description":"Brochure HP C59K5EA","Size":"0","IsPrivate":"0","Updated":"2025-09-10 09:35:51","Language":"EN","IsVideo":0}],"Gallery":[{"ID":"113808909","LowPic":"https://images.icecat.biz/img/gallery_lows/c5a3ddca4eaa2dbe1917caddfa95c92cd076f792.jpg","LowSize":"5830","LowHeight":"170","LowWidth":"200","ThumbPic":"https://images.icecat.biz/img/gallery_thumbs/dd2316629c2dac96bb8417e73216e73fc355b924.jpg","ThumbPicSize":"1569","Pic":"https://images.icecat.biz/img/gallery/e895db837ccc7d1ee11e54ffa8db4c51ade69b8e.jpg","Size":"1446060","PicHeight":"2805","PicWidth":"3300","Pic500x500":"https://images.icecat.biz/img/gallery_mediums/014d54720c12c0891c9c4130560f01598d318a24.jpg","Pic500x500Size":"38815","Pic500x500Height":"425","Pic500x500Width":"500","No":"2","IsMain":"Y","Updated":"2025-08-15 16:50:04","IsPrivate":"0","Type":"ProductImage","Attributes":{"OriginalFileName":""}},{"ID":"113808910","LowPic":"https://images.icecat.biz/img/gallery_lows/d39ed2970489757be051b2739c90081a24479935.jpg","LowSize":"7187","LowHeight":"170","LowWidth":"200","ThumbPic":"https://images.icecat.biz/img/gallery_thumbs/c026eca7bd418541ccf0344afa3e6c75dd9bd9af.jpg","ThumbPicSize":"1877","Pic":"https://images.icecat.biz/img/gallery/de74f00e30c57a1a12ca364e7e95f67fc19e5dd2.jpg","Size":"2000938","PicHeight":"2805","PicWidth":"3300","Pic500x500":"https://images.icecat.biz/img/gallery_mediums/b0af41752781cfa66df5c0d49d52304c8f986a04.jpg","Pic500x500Size":"45738","Pic500x500Height":"425","Pic500x500Width":"500","No":"3","IsMain":"N","Updated":"2025-08-15 16:50:00","IsPrivate":"0","Type":"ProductImage","Attributes":{"OriginalFileName":""}},{"ID":"113808914","LowPic":"https://images.icecat.biz/img/gallery_lows/7dc4231dc6039249012da39c99dce484c8f84d47.jpg","LowSize":"7074","LowHeight":"170","LowWidth":"200","ThumbPic":"https://images.icecat.biz/img/gallery_thumbs/5919ab40243fff00b6ffc019c63e6b63058e83d1.jpg","ThumbPicSize":"1814","Pic":"https://images.icecat.biz/img/gallery/f2adc6257ea36816ee92a916282a985f59fc2103.jpg","Size":"2057480","PicHeight":"2805","PicWidth":"3300","Pic500x500":"https://images.icecat.biz/img/gallery_mediums/7a253840fbd29a1e970cf4790e7b9f5adff98f35.jpg","Pic500x500Size":"46881","Pic500x500Height":"425","Pic500x500Width":"500","No":"4","IsMain":"N","Updated":"2025-08-15 16:50:01","IsPrivate":"0","Type":"ProductImage","Attributes":{"OriginalFileName":""}},{"ID":"113808921","LowPic":"https://images.icecat.biz/img/gallery_lows/daed38abae69e28f0cd331102e85bb95ffa035dc.jpg","LowSize":"6176","LowHeight":"170","LowWidth":"200","ThumbPic":"https://images.icecat.biz/img/gallery_thumbs/d832f45746ba691ee7f11b7309abf60cb2c79b37.jpg","ThumbPicSize":"1826","Pic":"https://images.icecat.biz/img/gallery/4d54b27ffb3efda239d542c430c4ff757381be9c.jpg","Size":"2364137","PicHeight":"2805","PicWidth":"3300","Pic500x500":"https://images.icecat.biz/img/gallery_mediums/b4d63e34c2cec5fdb8d2e1f490c067aeb0c3c868.jpg","Pic500x500Size":"40407","Pic500x500Height":"425","Pic500x500Width":"500","No":"5","IsMain":"N","Updated":"2025-08-15 16:50:02","IsPrivate":"0","Type":"ProductImage","Attributes":{"OriginalFileName":""}},{"ID":"111195263","LowPic":"https://images.icecat.biz/img/gallery_lows/12c7c5327689bc2d2d6055526b0ff9c73c915dcb.jpg","LowSize":"42423","LowHeight":"133","LowWidth":"200","ThumbPic":"https://images.icecat.biz/img/gallery_thumbs/9b1555d508749735f5d1785825c0efe2162b25f1.jpg","ThumbPicSize":"9043","Pic":"https://images.icecat.biz/img/gallery/b816f7176d14d959945c57464907a36bcd224354.jpg","Size":"29940416","PicHeight":"5464","PicWidth":"8192","Pic500x500":"https://images.icecat.biz/img/gallery_mediums/472be5fae36069c7ddfaff2e6197971e2b70fe71.jpg","Pic500x500Size":"206868","Pic500x500Height":"333","Pic500x500Width":"500","No":"6","IsMain":"N","Updated":"2025-08-15 16:50:04","IsPrivate":"0","Type":"LifestyleImage","Attributes":{"OriginalFileName":"Multiple_view"}}],"FeaturesGroups":[{"ID":2,"SortNo":"100","FeatureGroup":{"ID":"1","Name":{"Value":"Processor","Language":"EN"}},"Features":[{"Localized":0,"ID":818117256,"LocalID":0,"Type":"dropdown","Value":"Intel","CategoryFeatureId":"3032","CategoryFeatureGroupID":"2","SortNo":"10100801","PresentationValue":"Intel","RawValue":"Intel","LocalValue":"Intel","Description":"The manufacturer that produced the processor.","Mandatory":"1","Searchable":"0","Optional":"0","Feature":{"ID":"1013","Sign":"","Measure":{"ID":"29","Sign":"","Signs":{"ID":"","_":"","Language":"EN"}},"Name":{"Value":"Processor manufacturer","Language":"EN"}}},{"Localized":0,"ID":818117296,"LocalID":0,"Type":"dropdown","Value":"Intel Core i5","CategoryFeatureId":"11561","CategoryFeatureGroupID":"2","SortNo":"5300","PresentationValue":"Intel® Core™ i5","RawValue":"Intel Core i5","LocalValue":"Intel® Core™ i5","Description":"A family of processors is a group of processors produced by one company over a short period of time e.g. Intel Pentium processors.","Mandatory":"1","Searchable":"1","Optional":"0","Feature":{"ID":"2196","Sign":"","Measure":{"ID":"29","Sign":"","Signs":{"ID":"","_":"","Language":"EN"}},"Name":{"Value":"Processor family","Language":"EN"}}},{"Localized":0,"ID":826223057,"LocalID":0,"Type":"dropdown","Value":"Intel Core i5-14xxx","CategoryFeatureId":"893380","CategoryFeatureGroupID":"2","SortNo":"5300","PresentationValue":"Intel® Core™ i5 (14th gen)","RawValue":"Intel Core i5-14xxx","LocalValue":"Intel® Core™ i5 (14th gen)","Description":"","Mandatory":"0","Searchable":"0","Optional":"0","Feature":{"ID":"44870","Sign":"","Measure":{"ID":"29","Sign":"","Signs":{"ID":"","_":"","Language":"EN"}},"Name":{"Value":"Processor generation","Language":"EN"}}},{"Localized":0,"ID":818117860,"LocalID":0,"Type":"dropdown","Value":"i5-14400F","CategoryFeatureId":"62","CategoryFeatureGroupID":"2","SortNo":"5200","PresentationValue":"i5-14400F","RawValue":"i5-14400F","LocalValue":"i5-14400F","Description":"The model number for the processor in a computer.","Mandatory":"1","Searchable":"0","Optional":"0","Feature":{"ID":"47","Sign":"","Measure":{"ID":"29","Sign":"","Signs":{"ID":"","_":"","Language":"EN"}},"Name":{"Value":"Processor model","Language":"EN"}}},{"Localized":0,"ID":818117524,"LocalID":0,"Type":"numerical","Value":"10","CategoryFeatureId":"36486","CategoryFeatureGroupID":"2","SortNo":"220","PresentationValue":"10","RawValue":"10","LocalValue":"10","Description":"The number of central processing units ('cores') in a processor. Some processors have 1 core, others have 2 (e.g. Intel Core Duo) or more (e.g. the Intel Xeon E7-2850 has 10 cores).","Mandatory":"0","Searchable":"0","Optional":"0","Feature":{"ID":"6089","Sign":"","Measure":{"ID":"29","Sign":"","Signs":{"ID":"","_":"","Language":"EN"}},"Name":{"Value":"Processor cores","Language":"EN"}}},{"Localized":0,"ID":818117374,"LocalID":0,"Type":"dropdown","Value":"16","CategoryFeatureId":"52263","CategoryFeatureGroupID":"2","SortNo":"215","PresentationValue":"16","RawValue":"16","LocalValue":"16","Description":"","Mandatory":"0","Searchable":"0","Optional":"0","Feature":{"ID":"7337","Sign":"","Measure":{"ID":"29","Sign":"","Signs":{"ID":"","_":"","Language":"EN"}},"Name":{"Value":"Processor threads","Language":"EN"}}},{"Localized":0,"ID":818117331,"LocalID":0,"Type":"numerical","Value":"4.7","CategoryFeatureId":"52264","CategoryFeatureGroupID":"2","SortNo":"210","PresentationValue":"4.7 GHz","RawValue":"4.7","LocalValue":"4.7","Description":"The turbo boost is an automatic, managed accelleration of the processor when one of the cores is overloaded.","Mandatory":"0","Searchable":"0","Optional":"0","Feature":{"ID":"7978","Sign":"","Measure":{"ID":"37","Sign":"","Signs":{"ID":"21","_":"GHz","Language":"EN"}},"Name":{"Value":"Processor boost frequency","Language":"EN"}}},{"Localized":0,"ID":826223059,"LocalID":0,"Type":"numerical","Value":"6","CategoryFeatureId":"895771","CategoryFeatureGroupID":"2","SortNo":"200","PresentationValue":"6","RawValue":"6","LocalValue":"6","Description":"","Mandatory":"0","Searchable":"0","Optional":"0","Feature":{"ID":"44522","Sign":"","Measure":{"ID":"29","Sign":"","Signs":{"ID":"","_":"","Language":"EN"}},"Name":{"Value":"Performance cores","Language":"EN"}}},{"Localized":0,"ID":826223062,"LocalID":0,"Type":"numerical","Value":"4","CategoryFeatureId":"895770","CategoryFeatureGroupID":"2","SortNo":"195","PresentationValue":"4","RawValue":"4","LocalValue":"4","Description":"","Mandatory":"0","Searchable":"0","Optional":"0","Feature":{"ID":"44521","Sign":"","Measure":{"ID":"29","Sign":"","Signs":{"ID":"","_":"","Language":"EN"}},"Name":{"Value":"Efficient cores","Language":"EN"}}},{"Localized":0,"ID":826223070,"LocalID":0,"Type":"numerical","Value":"4.7","CategoryFeatureId":"932901","CategoryFeatureGroupID":"2","SortNo":"185","PresentationValue":"4.7 GHz","RawValue":"4.7","LocalValue":"4.7","Description":"","Mandatory":"0","Searchable":"0","Optional":"0","Feature":{"ID":"46564","Sign":"","Measure":{"ID":"37","Sign":"","Signs":{"ID":"21","_":"GHz","Language":"EN"}},"Name":{"Value":"Performance-core Max Turbo Frequency","Language":"EN"}}},{"Localized":0,"ID":826223071,"LocalID":0,"Type":"numerical","Value":"3.5","CategoryFeatureId":"932897","CategoryFeatureGroupID":"2","SortNo":"180","PresentationValue":"3.5 GHz","RawValue":"3.5","LocalValue":"3.5","Description":"","Mandatory":"0","Searchable":"0","Optional":"0","Feature":{"ID":"46563","Sign":"","Measure":{"ID":"37","Sign":"","Signs":{"ID":"21","_":"GHz","Language":"EN"}},"Name":{"Value":"Efficient-core Max Turbo Frequency","Language":"EN"}}},{"Localized":0,"ID":826223073,"LocalID":0,"Type":"numerical","Value":"2.5","CategoryFeatureId":"895767","CategoryFeatureGroupID":"2","SortNo":"170","PresentationValue":"2.5 GHz","RawValue":"2.5","LocalValue":"2.5","Description":"","Mandatory":"0","Searchable":"0","Optional":"0","Feature":{"ID":"44531","Sign":"","Measure":{"ID":"37","Sign":"","Signs":{"ID":"21","_":"GHz","Language":"EN"}},"Name":{"Value":"Performance-core base frequency","Language":"EN"}}},{"Localized":0,"ID":826223074,"LocalID":0,"Type":"numerical","Value":"1.8","CategoryFeatureId":"895769","CategoryFeatureGroupID":"2","SortNo":"165","PresentationValue":"1.8 GHz","RawValue":"1.8","LocalValue":"1.8","Description":"","Mandatory":"0","Searchable":"0","Optional":"0","Feature":{"ID":"44529","Sign":"","Measure":{"ID":"37","Sign":"","Signs":{"ID":"21","_":"GHz","Language":"EN"}},"Name":{"Value":"Efficient-core base frequency","Language":"EN"}}},{"Localized":0,"ID":818190216,"LocalID":0,"Type":"dropdown","Value":"LGA 1700","CategoryFeatureId":"31184","CategoryFeatureGroupID":"2","SortNo":"70","PresentationValue":"LGA 1700","RawValue":"LGA 1700","LocalValue":"LGA 1700","Description":"Mechanical component(s) that provides mechanical and electrical connections between a microprocessor and a printed circuit board (PCB). This allows the processor to be replaced without soldering.","Mandatory":"0","Searchable":"0","Optional":"1","Feature":{"ID":"2325","Sign":"","Measure":{"ID":"29","Sign":"","Signs":{"ID":"","_":"","Language":"EN"}},"Name":{"Value":"Processor socket","Language":"EN"}}},{"Localized":0,"ID":818117752,"LocalID":0,"Type":"numerical","Value":"20","CategoryFeatureId":"101563","CategoryFeatureGroupID":"2","SortNo":"60","PresentationValue":"20 MB","RawValue":"20","LocalValue":"20","Description":"","Mandatory":"0","Searchable":"0","Optional":"0","Feature":{"ID":"10041","Sign":"","Measure":{"ID":"19","Sign":"","Signs":{"ID":"15506","_":"MB","Language":"EN"}},"Name":{"Value":"Processor cache","Language":"EN"}}},{"Localized":0,"ID":818117795,"LocalID":0,"Type":"dropdown","Value":"L3","CategoryFeatureId":"135208","CategoryFeatureGroupID":"2","SortNo":"59","PresentationValue":"L3","RawValue":"L3","LocalValue":"L3","Description":"","Mandatory":"0","Searchable":"0","Optional":"0","Feature":{"ID":"21716","Sign":"","Measure":{"ID":"29","Sign":"","Signs":{"ID":"","_":"","Language":"EN"}},"Name":{"Value":"Processor cache type","Language":"EN"}}},{"Localized":0,"ID":826223068,"LocalID":0,"Type":"numerical","Value":"65","CategoryFeatureId":"903074","CategoryFeatureGroupID":"2","SortNo":"0","PresentationValue":"65 W","RawValue":"65","LocalValue":"65","Description":"","Mandatory":"0","Searchable":"0","Optional":"0","Feature":{"ID":"44525","Sign":"","Measure":{"ID":"44","Sign":"","Signs":{"ID":"28","_":"W","Language":"EN"}},"Name":{"Value":"Processor base power","Language":"EN"}}},{"Localized":0,"ID":826223069,"LocalID":0,"Type":"numerical","Value":"148","CategoryFeatureId":"903075","CategoryFeatureGroupID":"2","SortNo":"0","PresentationValue":"148 W","RawValue":"148","LocalValue":"148","Description":"","Mandatory":"0","Searchable":"0","Optional":"0","Feature":{"ID":"44528","Sign":"","Measure":{"ID":"44","Sign":"","Signs":{"ID":"28","_":"W","Language":"EN"}},"Name":{"Value":"Maximum turbo power","Language":"EN"}}}]},{"ID":3,"SortNo":"95","FeatureGroup":{"ID":"3","Name":{"Value":"Memory","Language":"EN"}},"Features":[{"Localized":0,"ID":818117202,"LocalID":0,"Type":"numerical","Value":"16","CategoryFeatureId":"73752","CategoryFeatureGroupID":"3","SortNo":"5100","PresentationValue":"16 GB","RawValue":"16","LocalValue":"16","Description":"A computer's memory which is directly accessible to the CPU.","Mandatory":"1","Searchable":"1","Optional":"0","Feature":{"ID":"11381","Sign":"","Measure":{"ID":"20","Sign":"","Signs":{"ID":"7","_":"GB","Language":"EN"}},"Name":{"Value":"Internal memory","Language":"EN"}}},{"Localized":0,"ID":818190203,"LocalID":0,"Type":"numerical","Value":"32","CategoryFeatureId":"12118","CategoryFeatureGroupID":"3","SortNo":"5099","PresentationValue":"32 GB","RawValue":"32","LocalValue":"32","Description":"The maximum internal memory which is available in the product.","Mandatory":"1","Searchable":"0","Optional":"0","Feature":{"ID":"1452","Sign":"","Measure":{"ID":"20","Sign":"","Signs":{"ID":"7","_":"GB","Language":"EN"}},"Name":{"Value":"Maximum internal memory","Language":"EN"}}},{"Localized":0,"ID":818117135,"LocalID":0,"Type":"dropdown","Value":"DDR5-SDRAM","CategoryFeatureId":"1226","CategoryFeatureGroupID":"3","SortNo":"5098","PresentationValue":"DDR5-SDRAM","RawValue":"DDR5-SDRAM","LocalValue":"DDR5-SDRAM","Description":"The type of internal memory such as RAM, GDDR5.","Mandatory":"0","Searchable":"0","Optional":"0","Feature":{"ID":"427","Sign":"","Measure":{"ID":"29","Sign":"","Signs":{"ID":"","_":"","Language":"EN"}},"Name":{"Value":"Internal memory type","Language":"EN"}}},{"Localized":0,"ID":818117651,"LocalID":0,"Type":"dropdown","Value":"2 x 8","CategoryFeatureId":"73737","CategoryFeatureGroupID":"3","SortNo":"180","PresentationValue":"2 x 8 GB","RawValue":"2 x 8","LocalValue":"2 x 8","Description":"The slots and size of the memory for the CPU.","Mandatory":"0","Searchable":"0","Optional":"0","Feature":{"ID":"11380","Sign":"","Measure":{"ID":"20","Sign":"","Signs":{"ID":"7","_":"GB","Language":"EN"}},"Name":{"Value":"Memory layout (slots x size)","Language":"EN"}}},{"Localized":0,"ID":818190198,"LocalID":0,"Type":"dropdown","Value":"2x DIMM","CategoryFeatureId":"2193","CategoryFeatureGroupID":"3","SortNo":"170","PresentationValue":"2x DIMM","RawValue":"2x DIMM","LocalValue":"2x DIMM","Description":"Number and type of memory expansion slots, including connector and memory module descriptions.","Mandatory":"0","Searchable":"0","Optional":"0","Feature":{"ID":"672","Sign":"","Measure":{"ID":"29","Sign":"","Signs":{"ID":"","_":"","Language":"EN"}},"Name":{"Value":"Memory slots","Language":"EN"}}},{"Localized":0,"ID":818117602,"LocalID":0,"Type":"y_n","Value":"Y","CategoryFeatureId":"86712","CategoryFeatureGroupID":"3","SortNo":"0","PresentationValue":"Yes","RawValue":"Y","LocalValue":"Yes","Description":"","Mandatory":"0","Searchable":"0","Optional":"0","Feature":{"ID":"3547","Sign":"","Measure":{"ID":"26","Sign":"","Signs":{"ID":"","_":"","Language":"EN"}},"Name":{"Value":"Non-ECC","Language":"EN"}}},{"Localized":0,"ID":826223939,"LocalID":0,"Type":"numerical","Value":"4800","CategoryFeatureId":"941673","CategoryFeatureGroupID":"3","SortNo":"0","PresentationValue":"4800 MT/s","RawValue":"4800","LocalValue":"4800","Description":"","Mandatory":"0","Searchable":"0","Optional":"0","Feature":{"ID":"37536","Sign":"","Measure":{"ID":"340","Sign":"","Signs":{"ID":"28534","_":"MT/s","Language":"EN"}},"Name":{"Value":"Memory data transfer rate","Language":"EN"}}}]},{"ID":4138,"SortNo":"90","FeatureGroup":{"ID":"47","Name":{"Value":"Storage","Language":"EN"}},"Features":[{"Localized":0,"ID":826224034,"LocalID":0,"Type":"numerical","Value":"512","CategoryFeatureId":"33231","CategoryFeatureGroupID":"4138","SortNo":"5000","PresentationValue":"512 GB","RawValue":"512","LocalValue":"512","Description":"The total amount of data that can be stored on the device.","Mandatory":"1","Searchable":"1","Optional":"0","Feature":{"ID":"3318","Sign":"","Measure":{"ID":"20","Sign":"","Signs":{"ID":"7","_":"GB","Language":"EN"}},"Name":{"Value":"Total storage capacity","Language":"EN"}}},{"Localized":0,"ID":826224037,"LocalID":0,"Type":"dropdown","Value":"SSD","CategoryFeatureId":"96404","CategoryFeatureGroupID":"4138","SortNo":"4000","PresentationValue":"SSD","RawValue":"SSD","LocalValue":"SSD","Description":"Used for the storage of data e.g. HDD (hard disk drive), SSD (solid-state drive).","Mandatory":"1","Searchable":"0","Optional":"0","Feature":{"ID":"11441","Sign":"","Measure":{"ID":"29","Sign":"","Signs":{"ID":"","_":"","Language":"EN"}},"Name":{"Value":"Storage media","Language":"EN"}}},{"Localized":0,"ID":826175081,"LocalID":0,"Type":"dropdown","Value":"N","CategoryFeatureId":"2968","CategoryFeatureGroupID":"4138","SortNo":"500","PresentationValue":"No","RawValue":"N","LocalValue":"No","Description":"An optical drive uses laser to read optical discs such as CDs, DVDs and Blu-Ray. Some types of optical drive are: CD ROM drive, CR-RW (CD writer) drive, DVD-ROM.","Mandatory":"1","Searchable":"1","Optional":"0","Feature":{"ID":"1120","Sign":"","Measure":{"ID":"29","Sign":"","Signs":{"ID":"","_":"","Language":"EN"}},"Name":{"Value":"Optical drive type","Language":"EN"}}},{"Localized":0,"ID":818190224,"LocalID":0,"Type":"numerical","Value":"1","CategoryFeatureId":"96410","CategoryFeatureGroupID":"4138","SortNo":"70","PresentationValue":"1","RawValue":"1","LocalValue":"1","Description":"Amount of storage drives built into the device.","Mandatory":"0","Searchable":"0","Optional":"0","Feature":{"ID":"16115","Sign":"","Measure":{"ID":"29","Sign":"","Signs":{"ID":"","_":"","Language":"EN"}},"Name":{"Value":"Number of storage drives installed","Language":"EN"}}},{"Localized":0,"ID":826224036,"LocalID":0,"Type":"numerical","Value":"512","CategoryFeatureId":"295712","CategoryFeatureGroupID":"4138","SortNo":"32","PresentationValue":"512 GB","RawValue":"512","LocalValue":"512","Description":"","Mandatory":"0","Searchable":"0","Optional":"0","Feature":{"ID":"37918","Sign":"","Measure":{"ID":"20","Sign":"","Signs":{"ID":"7","_":"GB","Language":"EN"}},"Name":{"Value":"Total SSDs capacity","Language":"EN"}}},{"Localized":0,"ID":826224033,"LocalID":0,"Type":"numerical","Value":"1","CategoryFeatureId":"45817","CategoryFeatureGroupID":"4138","SortNo":"30","PresentationValue":"1","RawValue":"1","LocalValue":"1","Description":"","Mandatory":"0","Searchable":"0","Optional":"0","Feature":{"ID":"7682","Sign":"","Measure":{"ID":"29","Sign":"","Signs":{"ID":"","_":"","Language":"EN"}},"Name":{"Value":"Number of SSDs installed","Language":"EN"}}},{"Localized":0,"ID":826224035,"LocalID":0,"Type":"numerical","Value":"512","CategoryFeatureId":"45777","CategoryFeatureGroupID":"4138","SortNo":"29","PresentationValue":"512 GB","RawValue":"512","LocalValue":"512","Description":"The Solid State Drive's data storage capacity.","Mandatory":"0","Searchable":"0","Optional":"0","Feature":{"ID":"5586","Sign":"","Measure":{"ID":"20","Sign":"","Signs":{"ID":"7","_":"GB","Language":"EN"}},"Name":{"Value":"SSD capacity","Language":"EN"}}},{"Localized":0,"ID":826224039,"LocalID":0,"Type":"dropdown","Value":"PCI Express 4.0","CategoryFeatureId":"45778","CategoryFeatureGroupID":"4138","SortNo":"28","PresentationValue":"PCI Express 4.0","RawValue":"PCI Express 4.0","LocalValue":"PCI Express 4.0","Description":"The type of interface(s) with which the Solid State Drive is connected to other hardware.","Mandatory":"0","Searchable":"0","Optional":"0","Feature":{"ID":"5584","Sign":"","Measure":{"ID":"29","Sign":"","Signs":{"ID":"","_":"","Language":"EN"}},"Name":{"Value":"SSD interface","Language":"EN"}}},{"Localized":0,"ID":826224038,"LocalID":0,"Type":"y_n","Value":"Y","CategoryFeatureId":"920733","CategoryFeatureGroupID":"4138","SortNo":"28","PresentationValue":"Yes","RawValue":"Y","LocalValue":"Yes","Description":"NVM Express (NVMe) or Non-Volatile Memory Host Controller Interface Specification (NVMHCIS) is an open logical device interface specification for accessing non-volatile storage media attached via a PCI Express (PCIe) bus. NVM Express, as a logical device interface, has been designed to capitalize on the low latency and internal parallelism of solid-state storage devices.","Mandatory":"0","Searchable":"0","Optional":"0","Feature":{"ID":"29388","Sign":"","Measure":{"ID":"26","Sign":"","Signs":{"ID":"","_":"","Language":"EN"}},"Name":{"Value":"NVMe","Language":"EN"}}},{"Localized":0,"ID":826224040,"LocalID":0,"Type":"dropdown","Value":"M.2","CategoryFeatureId":"294130","CategoryFeatureGroupID":"4138","SortNo":"27","PresentationValue":"M.2","RawValue":"M.2","LocalValue":"M.2","Description":"The size of the solid-state drive, given in inches","Mandatory":"0","Searchable":"0","Optional":"0","Feature":{"ID":"21731","Sign":"","Measure":{"ID":"29","Sign":"","Signs":{"ID":"","_":"","Language":"EN"}},"Name":{"Value":"SSD form factor","Language":"EN"}}}]},{"ID":8603,"SortNo":"85","FeatureGroup":{"ID":"163","Name":{"Value":"Graphics","Language":"EN"}},"Features":[{"Localized":0,"ID":818190220,"LocalID":0,"Type":"y_n","Value":"Y","CategoryFeatureId":"192532","CategoryFeatureGroupID":"8603","SortNo":"4810","PresentationValue":"Yes","RawValue":"Y","LocalValue":"Yes","Description":"","Mandatory":"1","Searchable":"1","Optional":"0","Feature":{"ID":"27905","Sign":"","Measure":{"ID":"26","Sign":"","Signs":{"ID":"","_":"","Language":"EN"}},"Name":{"Value":"Discrete graphics card","Language":"EN"}}},{"Localized":0,"ID":818117937,"LocalID":0,"Type":"dropdown","Value":"NVIDIA","CategoryFeatureId":"337793","CategoryFeatureGroupID":"8603","SortNo":"4810","PresentationValue":"NVIDIA","RawValue":"NVIDIA","LocalValue":"NVIDIA","Description":"","Mandatory":"0","Searchable":"0","Optional":"0","Feature":{"ID":"41670","Sign":"","Measure":{"ID":"29","Sign":"","Signs":{"ID":"","_":"","Language":"EN"}},"Name":{"Value":"Discrete GPU manufacturer","Language":"EN"}}},{"Localized":0,"ID":818190221,"LocalID":0,"Type":"y_n","Value":"N","CategoryFeatureId":"74328","CategoryFeatureGroupID":"8603","SortNo":"4470","PresentationValue":"No","RawValue":"N","LocalValue":"No","Description":"Graphics hardware which is built into the motherboard or CPU, as opposed to a separate graphics adapter (video card). On-board graphics uses CPU and RAM for graphics processing.","Mandatory":"1","Searchable":"1","Optional":"0","Feature":{"ID":"9997","Sign":"","Measure":{"ID":"26","Sign":"","Signs":{"ID":"","_":"","Language":"EN"}},"Name":{"Value":"On-board graphics card","Language":"EN"}}},{"Localized":0,"ID":818118075,"LocalID":0,"Type":"dropdown","Value":"NVIDIA GeForce RTX 5060","CategoryFeatureId":"53946","CategoryFeatureGroupID":"8603","SortNo":"3900","PresentationValue":"NVIDIA GeForce RTX 5060","RawValue":"NVIDIA GeForce RTX 5060","LocalValue":"NVIDIA GeForce RTX 5060","Description":"A graphics adapter (often known as a video card) generates images for a display. A discrete graphics adapter plugs into the motherboard, and usually produces much better graphics than an integrated graphics adapter. There are various models of discrete graphics adapters.","Mandatory":"1","Searchable":"0","Optional":"0","Feature":{"ID":"9018","Sign":"","Measure":{"ID":"29","Sign":"","Signs":{"ID":"","_":"","Language":"EN"}},"Name":{"Value":"Discrete graphics card model","Language":"EN"}}},{"Localized":0,"ID":818117985,"LocalID":0,"Type":"numerical","Value":"8","CategoryFeatureId":"131976","CategoryFeatureGroupID":"8603","SortNo":"479","PresentationValue":"8 GB","RawValue":"8","LocalValue":"8","Description":"","Mandatory":"0","Searchable":"0","Optional":"0","Feature":{"ID":"18403","Sign":"","Measure":{"ID":"20","Sign":"","Signs":{"ID":"7","_":"GB","Language":"EN"}},"Name":{"Value":"Discrete graphics card memory","Language":"EN"}}},{"Localized":0,"ID":818118038,"LocalID":0,"Type":"dropdown","Value":"GDDR7","CategoryFeatureId":"53950","CategoryFeatureGroupID":"8603","SortNo":"478","PresentationValue":"GDDR7","RawValue":"GDDR7","LocalValue":"GDDR7","Description":"","Mandatory":"0","Searchable":"0","Optional":"0","Feature":{"ID":"9020","Sign":"","Measure":{"ID":"29","Sign":"","Signs":{"ID":"","_":"","Language":"EN"}},"Name":{"Value":"Discrete graphics memory type","Language":"EN"}}},{"Localized":0,"ID":818190202,"LocalID":0,"Type":"numerical","Value":"1","CategoryFeatureId":"66268","CategoryFeatureGroupID":"8603","SortNo":"455","PresentationValue":"1","RawValue":"1","LocalValue":"1","Description":"","Mandatory":"0","Searchable":"0","Optional":"0","Feature":{"ID":"9584","Sign":"","Measure":{"ID":"29","Sign":"","Signs":{"ID":"","_":"","Language":"EN"}},"Name":{"Value":"Number of discrete graphics cards","Language":"EN"}}},{"Localized":0,"ID":826223076,"LocalID":0,"Type":"dropdown","Value":"Not available","CategoryFeatureId":"53944","CategoryFeatureGroupID":"8603","SortNo":"446","PresentationValue":"Not available","RawValue":"Not available","LocalValue":"Not available","Description":"\"Graphic adapter\" is the hardware that produces images on a display. \"On-board\" means that the graphics adapter is intergrated inside the motherboard.","Mandatory":"1","Searchable":"0","Optional":"0","Feature":{"ID":"9016","Sign":"","Measure":{"ID":"29","Sign":"","Signs":{"ID":"","_":"","Language":"EN"}},"Name":{"Value":"On-board graphics card model","Language":"EN"}}},{"Localized":0,"ID":826224332,"LocalID":0,"Type":"numerical","Value":"1","CategoryFeatureId":"117967","CategoryFeatureGroupID":"8603","SortNo":"-150","PresentationValue":"1","RawValue":"1","LocalValue":"1","Description":"","Mandatory":"0","Searchable":"0","Optional":"0","Feature":{"ID":"20247","Sign":"","Measure":{"ID":"29","Sign":"","Signs":{"ID":"","_":"","Language":"EN"}},"Name":{"Value":"Graphics card HDMI ports quantity","Language":"EN"}}},{"Localized":0,"ID":826224335,"LocalID":0,"Type":"numerical","Value":"3","CategoryFeatureId":"117968","CategoryFeatureGroupID":"8603","SortNo":"-150","PresentationValue":"3","RawValue":"3","LocalValue":"3","Description":"","Mandatory":"0","Searchable":"0","Optional":"0","Feature":{"ID":"20246","Sign":"","Measure":{"ID":"29","Sign":"","Signs":{"ID":"","_":"","Language":"EN"}},"Name":{"Value":"Graphics card DisplayPorts quantity","Language":"EN"}}}]},{"ID":2066,"SortNo":"75","FeatureGroup":{"ID":"35","Name":{"Value":"Network","Language":"EN"}},"Features":[{"Localized":0,"ID":818190204,"LocalID":0,"Type":"y_n","Value":"Y","CategoryFeatureId":"36488","CategoryFeatureGroupID":"2066","SortNo":"100","PresentationValue":"Yes","RawValue":"Y","LocalValue":"Yes","Description":"An Ethernet LAN (Local Area Network) interface is present, for a wired conection via a cable.","Mandatory":"1","Searchable":"0","Optional":"0","Feature":{"ID":"1347","Sign":"","Measure":{"ID":"26","Sign":"","Signs":{"ID":"","_":"","Language":"EN"}},"Name":{"Value":"Ethernet LAN","Language":"EN"}}},{"Localized":0,"ID":826224020,"LocalID":0,"Type":"multi_dropdown","Value":"10,100,1000","CategoryFeatureId":"31181","CategoryFeatureGroupID":"2066","SortNo":"99","PresentationValue":"10,100,1000 Mbit/s","RawValue":"10,100,1000","LocalValue":"10,100,1000","Description":"The different speed levels of the Ethernet LAN connection.","Mandatory":"0","Searchable":"0","Optional":"0","Feature":{"ID":"3768","Sign":"","Measure":{"ID":"23","Sign":"","Signs":{"ID":"4","_":"Mbit/s","Language":"EN"}},"Name":{"Value":"Ethernet LAN data rates","Language":"EN"}}},{"Localized":0,"ID":818190208,"LocalID":0,"Type":"y_n","Value":"Y","CategoryFeatureId":"36487","CategoryFeatureGroupID":"2066","SortNo":"81","PresentationValue":"Yes","RawValue":"Y","LocalValue":"Yes","Description":"Popular technology that allows an electronic device to exchange data or connect to the internet wirelessly using radio waves.","Mandatory":"1","Searchable":"0","Optional":"0","Feature":{"ID":"3239","Sign":"","Measure":{"ID":"26","Sign":"","Signs":{"ID":"","_":"","Language":"EN"}},"Name":{"Value":"Wi-Fi","Language":"EN"}}},{"Localized":0,"ID":818117488,"LocalID":0,"Type":"dropdown","Value":"Wi-Fi 6E (802.11ax)","CategoryFeatureId":"269712","CategoryFeatureGroupID":"2066","SortNo":"80","PresentationValue":"Wi-Fi 6E (802.11ax)","RawValue":"Wi-Fi 6E (802.11ax)","LocalValue":"Wi-Fi 6E (802.11ax)","Description":"Connection of this device is done via Wi-Fi in a high standard.","Mandatory":"0","Searchable":"0","Optional":"0","Feature":{"ID":"24993","Sign":"","Measure":{"ID":"29","Sign":"","Signs":{"ID":"","_":"","Language":"EN"}},"Name":{"Value":"Top Wi-Fi standard","Language":"EN"}}},{"Localized":0,"ID":820858526,"LocalID":0,"Type":"multi_dropdown","Value":"Wi-Fi 6E (802.11ax)","CategoryFeatureId":"44220","CategoryFeatureGroupID":"2066","SortNo":"79","PresentationValue":"Wi-Fi 6E (802.11ax)","RawValue":"Wi-Fi 6E (802.11ax)","LocalValue":"Wi-Fi 6E (802.11ax)","Description":"The type of wireless local area network (LAN). It can be ad-hoc, where units in a network communicate peer-to-peer, or Infrastructure, where units communicate with each other via an access point  A LAN interconnects computers in a small area e.g. home, school or office.","Mandatory":"0","Searchable":"0","Optional":"0","Feature":{"ID":"432","Sign":"","Measure":{"ID":"29","Sign":"","Signs":{"ID":"","_":"","Language":"EN"}},"Name":{"Value":"Wi-Fi standards","Language":"EN"}}},{"Localized":0,"ID":818117901,"LocalID":0,"Type":"dropdown","Value":"Intel","CategoryFeatureId":"593625","CategoryFeatureGroupID":"2066","SortNo":"79","PresentationValue":"Intel","RawValue":"Intel","LocalValue":"Intel","Description":"","Mandatory":"0","Searchable":"0","Optional":"0","Feature":{"ID":"42190","Sign":"","Measure":{"ID":"29","Sign":"","Signs":{"ID":"","_":"","Language":"EN"}},"Name":{"Value":"WLAN controller manufacturer","Language":"EN"}}},{"Localized":0,"ID":818117408,"LocalID":0,"Type":"dropdown","Value":"Intel Wi-Fi 6E AX211","CategoryFeatureId":"244128","CategoryFeatureGroupID":"2066","SortNo":"78","PresentationValue":"Intel Wi-Fi 6E AX211","RawValue":"Intel Wi-Fi 6E AX211","LocalValue":"Intel Wi-Fi 6E AX211","Description":"","Mandatory":"0","Searchable":"0","Optional":"0","Feature":{"ID":"27443","Sign":"","Measure":{"ID":"29","Sign":"","Signs":{"ID":"","_":"","Language":"EN"}},"Name":{"Value":"WLAN controller model","Language":"EN"}}},{"Localized":0,"ID":818117446,"LocalID":0,"Type":"dropdown","Value":"2x2","CategoryFeatureId":"269713","CategoryFeatureGroupID":"2066","SortNo":"77","PresentationValue":"2x2","RawValue":"2x2","LocalValue":"2x2","Description":"Type of antenna, also known an aerial, e.g. external, internal.","Mandatory":"0","Searchable":"0","Optional":"0","Feature":{"ID":"1494","Sign":"","Measure":{"ID":"29","Sign":"","Signs":{"ID":"","_":"","Language":"EN"}},"Name":{"Value":"Antenna type","Language":"EN"}}},{"Localized":0,"ID":818117557,"LocalID":0,"Type":"y_n","Value":"Y","CategoryFeatureId":"33715","CategoryFeatureGroupID":"2066","SortNo":"50","PresentationValue":"Yes","RawValue":"Y","LocalValue":"Yes","Description":"Bluetooth is a low-power radio technology developed to replace the cables and wires currently used to link or connect electronic devices such as personal computers, printers, and a wide variety of handheld devices including mobile phones. Because it uses radio-wave connectivity, a Bluetooth-enabled device has a constant, established connection to whatever browser it uses. This saves the user the trouble of logging on to check for emails or news updates, for example.","Mandatory":"0","Searchable":"0","Optional":"0","Feature":{"ID":"2183","Sign":"","Measure":{"ID":"26","Sign":"","Signs":{"ID":"","_":"","Language":"EN"}},"Name":{"Value":"Bluetooth","Language":"EN"}}},{"Localized":0,"ID":818117168,"LocalID":0,"Type":"dropdown","Value":"5.4","CategoryFeatureId":"33716","CategoryFeatureGroupID":"2066","SortNo":"49","PresentationValue":"5.4","RawValue":"5.4","LocalValue":"5.4","Description":"The type of bluetooth technology in the product e.g. Bluetooth Smart (v4.0).","Mandatory":"0","Searchable":"0","Optional":"0","Feature":{"ID":"1208","Sign":"","Measure":{"ID":"29","Sign":"","Signs":{"ID":"","_":"","Language":"EN"}},"Name":{"Value":"Bluetooth version","Language":"EN"}}}]},{"ID":821,"SortNo":"70","FeatureGroup":{"ID":"12","Name":{"Value":"Ports & interfaces","Language":"EN"}},"Features":[{"Localized":0,"ID":826175082,"LocalID":0,"Type":"numerical","Value":"4","CategoryFeatureId":"14583","CategoryFeatureGroupID":"821","SortNo":"600","PresentationValue":"4","RawValue":"4","LocalValue":"4","Description":"Number of USB 2.0 ports (connecting interfaces) in the device. USB 2.0 was released in April 2000 (now called \"Hi-Speed\"), adding higher maximum signaling rate of 480 Mbit/s (effective throughput up to 35 MB/s or 280 Mbit/s), USB 2.0 ports are usually black.","Mandatory":"1","Searchable":"0","Optional":"0","Feature":{"ID":"2308","Sign":"","Measure":{"ID":"29","Sign":"","Signs":{"ID":"","_":"","Language":"EN"}},"Name":{"Value":"USB 2.0 ports quantity","Language":"EN"}}},{"Localized":0,"ID":826175096,"LocalID":0,"Type":"numerical","Value":"3","CategoryFeatureId":"138381","CategoryFeatureGroupID":"821","SortNo":"499","PresentationValue":"3","RawValue":"3","LocalValue":"3","Description":"","Mandatory":"1","Searchable":"0","Optional":"0","Feature":{"ID":"22701","Sign":"","Measure":{"ID":"29","Sign":"","Signs":{"ID":"","_":"","Language":"EN"}},"Name":{"Value":"USB 3.2 Gen 1 (3.1 Gen 1) Type-A ports quantity","Language":"EN"}}},{"Localized":0,"ID":826175098,"LocalID":0,"Type":"numerical","Value":"1","CategoryFeatureId":"138388","CategoryFeatureGroupID":"821","SortNo":"496","PresentationValue":"1","RawValue":"1","LocalValue":"1","Description":"Number of USB 3.1 (3.1 Gen 2) ports with Type-C connector. USB 3.1 (3.1 Gen 2) is USB interface version which supports transfer rate up to 10 Gbit/s (SuperSpeed+). USB Type-C connector has symmetrical design architecture and compatible with Thunderbolt 3 interface.","Mandatory":"1","Searchable":"0","Optional":"0","Feature":{"ID":"22704","Sign":"","Measure":{"ID":"29","Sign":"","Signs":{"ID":"","_":"","Language":"EN"}},"Name":{"Value":"USB 3.2 Gen 2 (3.1 Gen 2) Type-C ports quantity","Language":"EN"}}},{"Localized":0,"ID":827465467,"LocalID":0,"Type":"numerical","Value":"3","CategoryFeatureId":"35742","CategoryFeatureGroupID":"821","SortNo":"390","PresentationValue":"3","RawValue":"3","LocalValue":"3","Description":"Number of DisplayPorts. A DisplayPort is a digital display interface developed by the Video Electronics Standards Association (VESA). The interface is primarily used to connect a video source to a display device such as a computer monitor, though it can also be used to carry audio, USB, and other forms of data.","Mandatory":"0","Searchable":"0","Optional":"0","Feature":{"ID":"6611","Sign":"","Measure":{"ID":"29","Sign":"","Signs":{"ID":"","_":"","Language":"EN"}},"Name":{"Value":"DisplayPorts quantity","Language":"EN"}}},{"Localized":0,"ID":827465468,"LocalID":0,"Type":"dropdown","Value":"2.1b","CategoryFeatureId":"305692","CategoryFeatureGroupID":"821","SortNo":"389","PresentationValue":"2.1b","RawValue":"2.1b","LocalValue":"2.1b","Description":"","Mandatory":"0","Searchable":"0","Optional":"0","Feature":{"ID":"11111","Sign":"","Measure":{"ID":"29","Sign":"","Signs":{"ID":"","_":"","Language":"EN"}},"Name":{"Value":"DisplayPort version","Language":"EN"}}},{"Localized":0,"ID":826259256,"LocalID":0,"Type":"numerical","Value":"1","CategoryFeatureId":"14590","CategoryFeatureGroupID":"821","SortNo":"340","PresentationValue":"1","RawValue":"1","LocalValue":"1","Description":"Number of Ethernet LAN (RJ-45) ports (connecting interfaces) in the device.  Ethernet LAN (RJ-45) ports allow a computer to connect to the ethernet.","Mandatory":"0","Searchable":"0","Optional":"0","Feature":{"ID":"2312","Sign":"","Measure":{"ID":"29","Sign":"","Signs":{"ID":"","_":"","Language":"EN"}},"Name":{"Value":"Ethernet LAN (RJ-45) ports","Language":"EN"}}},{"Localized":0,"ID":826175077,"LocalID":0,"Type":"y_n","Value":"Y","CategoryFeatureId":"14589","CategoryFeatureGroupID":"821","SortNo":"97","PresentationValue":"Yes","RawValue":"Y","LocalValue":"Yes","Description":"","Mandatory":"0","Searchable":"0","Optional":"0","Feature":{"ID":"1345","Sign":"","Measure":{"ID":"26","Sign":"","Signs":{"ID":"","_":"","Language":"EN"}},"Name":{"Value":"Line-out","Language":"EN"}}},{"Localized":0,"ID":818118145,"LocalID":0,"Type":"y_n","Value":"Y","CategoryFeatureId":"113477","CategoryFeatureGroupID":"821","SortNo":"96","PresentationValue":"Yes","RawValue":"Y","LocalValue":"Yes","Description":"","Mandatory":"0","Searchable":"0","Optional":"0","Feature":{"ID":"9858","Sign":"","Measure":{"ID":"26","Sign":"","Signs":{"ID":"","_":"","Language":"EN"}},"Name":{"Value":"Combo headphone/mic port","Language":"EN"}}}]},{"ID":10928,"SortNo":"60","FeatureGroup":{"ID":"148","Name":{"Value":"Design","Language":"EN"}},"Features":[{"Localized":0,"ID":818190199,"LocalID":0,"Type":"dropdown","Value":"Tower","CategoryFeatureId":"2195","CategoryFeatureGroupID":"10928","SortNo":"600","PresentationValue":"Tower","RawValue":"Tower","LocalValue":"Tower","Description":"The type of rigid framework onto which is the hosuing for device components.","Mandatory":"1","Searchable":"0","Optional":"0","Feature":{"ID":"734","Sign":"","Measure":{"ID":"29","Sign":"","Signs":{"ID":"","_":"","Language":"EN"}},"Name":{"Value":"Chassis type","Language":"EN"}}},{"Localized":0,"ID":818190214,"LocalID":0,"Type":"text","Value":"Black","CategoryFeatureId":"270479","CategoryFeatureGroupID":"10928","SortNo":"500","PresentationValue":"Black","RawValue":"Black","LocalValue":"Black","Description":"","Mandatory":"0","Searchable":"0","Optional":"0","Feature":{"ID":"17956","Sign":"","Measure":{"ID":"29","Sign":"","Signs":{"ID":"","_":"","Language":"EN"}},"Name":{"Value":"Colour name","Language":"EN"}}},{"Localized":0,"ID":826175074,"LocalID":0,"Type":"y_n","Value":"Y","CategoryFeatureId":"18563","CategoryFeatureGroupID":"10928","SortNo":"100","PresentationValue":"Yes","RawValue":"Y","LocalValue":"Yes","Description":"Holes on the edge of devices through which a cable lock can be passed, so the device can be locked to a desk etc.","Mandatory":"0","Searchable":"0","Optional":"0","Feature":{"ID":"1352","Sign":"","Measure":{"ID":"26","Sign":"","Signs":{"ID":"","_":"","Language":"EN"}},"Name":{"Value":"Cable lock slot","Language":"EN"}}},{"Localized":0,"ID":826175075,"LocalID":0,"Type":"multi_dropdown","Value":"Kensington","CategoryFeatureId":"86800","CategoryFeatureGroupID":"10928","SortNo":"99","PresentationValue":"Kensington","RawValue":"Kensington","LocalValue":"Kensington","Description":"","Mandatory":"0","Searchable":"0","Optional":"0","Feature":{"ID":"14097","Sign":"","Measure":{"ID":"29","Sign":"","Signs":{"ID":"","_":"","Language":"EN"}},"Name":{"Value":"Cable lock slot type","Language":"EN"}}},{"Localized":0,"ID":818190197,"LocalID":0,"Type":"dropdown","Value":"Black","CategoryFeatureId":"28831","CategoryFeatureGroupID":"10928","SortNo":"1","PresentationValue":"Black","RawValue":"Black","LocalValue":"Black","Description":"The colour e.g. red, blue, green, black, white.","Mandatory":"1","Searchable":"0","Optional":"0","Feature":{"ID":"1766","Sign":"","Measure":{"ID":"29","Sign":"","Signs":{"ID":"","_":"","Language":"EN"}},"Name":{"Value":"Product colour","Language":"EN"}}},{"Localized":0,"ID":826223934,"LocalID":0,"Type":"numerical","Value":"2025","CategoryFeatureId":"903794","CategoryFeatureGroupID":"10928","SortNo":"0","PresentationValue":"2025","RawValue":"2025","LocalValue":"2025","Description":"","Mandatory":"0","Searchable":"0","Optional":"0","Feature":{"ID":"45534","Sign":"","Measure":{"ID":"29","Sign":"","Signs":{"ID":"","_":"","Language":"EN"}},"Name":{"Value":"Introduction year","Language":"EN"}}}]},{"ID":10929,"SortNo":"58","FeatureGroup":{"ID":"184","Name":{"Value":"Performance","Language":"EN"}},"Features":[{"Localized":0,"ID":818190219,"LocalID":0,"Type":"dropdown","Value":"Gaming","CategoryFeatureId":"164640","CategoryFeatureGroupID":"10929","SortNo":"330","PresentationValue":"Gaming","RawValue":"Gaming","LocalValue":"Gaming","Description":"Under which category can the device be positioned in the market, e.g. camera phone.","Mandatory":"0","Searchable":"0","Optional":"0","Feature":{"ID":"9021","Sign":"","Measure":{"ID":"29","Sign":"","Signs":{"ID":"","_":"","Language":"EN"}},"Name":{"Value":"Market positioning","Language":"EN"}}},{"Localized":0,"ID":818190210,"LocalID":0,"Type":"dropdown","Value":"Intel H770","CategoryFeatureId":"47146","CategoryFeatureGroupID":"10929","SortNo":"300","PresentationValue":"Intel H770","RawValue":"Intel H770","LocalValue":"Intel H770","Description":"The chipset connects the microprocessor to the rest of the motherboard.","Mandatory":"0","Searchable":"0","Optional":"0","Feature":{"ID":"436","Sign":"","Measure":{"ID":"29","Sign":"","Signs":{"ID":"","_":"","Language":"EN"}},"Name":{"Value":"Motherboard chipset","Language":"EN"}}},{"Localized":0,"ID":826175080,"LocalID":0,"Type":"dropdown","Value":"DTS:X Ultra","CategoryFeatureId":"1211","CategoryFeatureGroupID":"10929","SortNo":"200","PresentationValue":"DTS:X Ultra","RawValue":"DTS:X Ultra","LocalValue":"DTS:X Ultra","Description":"System used to play music or speech.","Mandatory":"0","Searchable":"0","Optional":"0","Feature":{"ID":"442","Sign":"","Measure":{"ID":"29","Sign":"","Signs":{"ID":"","_":"","Language":"EN"}},"Name":{"Value":"Audio system","Language":"EN"}}},{"Localized":0,"ID":818190200,"LocalID":0,"Type":"y_n","Value":"Y","CategoryFeatureId":"96548","CategoryFeatureGroupID":"10929","SortNo":"97","PresentationValue":"Yes","RawValue":"Y","LocalValue":"Yes","Description":"The computer, smartphone etc. can only be used when the correct password is entered, therefore making it more secure.","Mandatory":"0","Searchable":"0","Optional":"0","Feature":{"ID":"16095","Sign":"","Measure":{"ID":"26","Sign":"","Signs":{"ID":"","_":"","Language":"EN"}},"Name":{"Value":"Password protection","Language":"EN"}}},{"Localized":0,"ID":818190222,"LocalID":0,"Type":"dropdown","Value":"PC","CategoryFeatureId":"86787","CategoryFeatureGroupID":"10929","SortNo":"4","PresentationValue":"PC","RawValue":"PC","LocalValue":"PC","Description":"The sub-category of the product.","Mandatory":"1","Searchable":"1","Optional":"0","Feature":{"ID":"14052","Sign":"","Measure":{"ID":"29","Sign":"","Signs":{"ID":"","_":"","Language":"EN"}},"Name":{"Value":"Product type","Language":"EN"}}}]},{"ID":3402,"SortNo":"56","FeatureGroup":{"ID":"90","Name":{"Value":"Software","Language":"EN"}},"Features":[{"Localized":0,"ID":818190209,"LocalID":0,"Type":"dropdown","Value":"Windows 11 Home","CategoryFeatureId":"20011","CategoryFeatureGroupID":"3402","SortNo":"601","PresentationValue":"Windows 11 Home","RawValue":"Windows 11 Home","LocalValue":"Windows 11 Home","Description":"Type of operating system on a device e.g. IOS on Apple devices, Android for mobile devices.","Mandatory":"1","Searchable":"1","Optional":"0","Feature":{"ID":"3233","Sign":"","Measure":{"ID":"29","Sign":"","Signs":{"ID":"","_":"","Language":"EN"}},"Name":{"Value":"Operating system installed","Language":"EN"}}}]},{"ID":26494,"SortNo":"53","FeatureGroup":{"ID":"144","Name":{"Value":"Brand-specific features","Language":"EN"}},"Features":[{"Localized":0,"ID":826223944,"LocalID":0,"Type":"y_n","Value":"Y","CategoryFeatureId":"238919","CategoryFeatureGroupID":"26494","SortNo":"135","PresentationValue":"Yes","RawValue":"Y","LocalValue":"Yes","Description":"Get answers to everyday support questions about your HP PC and printers with this free self-help tool built into your computer. Optimized to provide an enhanced support experience, it’s automatically updated and ready to go the first time you boot up. And when you need hands-on help, you can use the tool to directly connect to HP Support.","Mandatory":"0","Searchable":"0","Optional":"0","Feature":{"ID":"34613","Sign":"","Measure":{"ID":"26","Sign":"","Signs":{"ID":"","_":"","Language":"EN"}},"Name":{"Value":"HP Support Assistant","Language":"EN"}}},{"Localized":0,"ID":826224502,"LocalID":0,"Type":"text","Value":"HP Connection Optimizer; OMEN Gaming Hub; HP Enhanced Lighting","CategoryFeatureId":"238924","CategoryFeatureGroupID":"26494","SortNo":"47","PresentationValue":"HP Connection Optimizer; OMEN Gaming Hub; HP Enhanced Lighting","RawValue":"HP Connection Optimizer; OMEN Gaming Hub; HP Enhanced Lighting","LocalValue":"HP Connection Optimizer; OMEN Gaming Hub; HP Enhanced Lighting","Description":"","Mandatory":"0","Searchable":"0","Optional":"0","Feature":{"ID":"34616","Sign":"","Measure":{"ID":"29","Sign":"","Signs":{"ID":"","_":"","Language":"EN"}},"Name":{"Value":"HP Software provided","Language":"EN"}}},{"Localized":0,"ID":818190201,"LocalID":0,"Type":"dropdown","Value":"Home","CategoryFeatureId":"292602","CategoryFeatureGroupID":"26494","SortNo":"-500","PresentationValue":"Home","RawValue":"Home","LocalValue":"Home","Description":"","Mandatory":"0","Searchable":"0","Optional":"0","Feature":{"ID":"35183","Sign":"","Measure":{"ID":"29","Sign":"","Signs":{"ID":"","_":"","Language":"EN"}},"Name":{"Value":"HP segment","Language":"EN"}}}]},{"ID":1306,"SortNo":"30","FeatureGroup":{"ID":"27","Name":{"Value":"Power","Language":"EN"}},"Features":[{"Localized":0,"ID":818190223,"LocalID":0,"Type":"numerical","Value":"400","CategoryFeatureId":"3028","CategoryFeatureGroupID":"1306","SortNo":"10000","PresentationValue":"400 W","RawValue":"400","LocalValue":"400","Description":"The way in which the product is powered e.g. rechargeable battery, mains electricity connected via a plug and cable.","Mandatory":"1","Searchable":"0","Optional":"0","Feature":{"ID":"1242","Sign":"","Measure":{"ID":"44","Sign":"","Signs":{"ID":"28","_":"W","Language":"EN"}},"Name":{"Value":"Power supply","Language":"EN"}}}]},{"ID":1309,"SortNo":"10","FeatureGroup":{"ID":"14","Name":{"Value":"Weight & dimensions","Language":"EN"}},"Features":[{"Localized":0,"ID":818190218,"LocalID":0,"Type":"numerical","Value":"155","CategoryFeatureId":"6228","CategoryFeatureGroupID":"1309","SortNo":"55","PresentationValue":"155 mm","RawValue":"155","LocalValue":"155","Description":"The measurement or extent of something from side to side.","Mandatory":"1","Searchable":"0","Optional":"0","Feature":{"ID":"1649","Sign":"","Measure":{"ID":"24","Sign":"","Signs":{"ID":"3","_":"mm","Language":"EN"}},"Name":{"Value":"Width","Language":"EN"}}},{"Localized":0,"ID":818190207,"LocalID":0,"Type":"numerical","Value":"337","CategoryFeatureId":"6225","CategoryFeatureGroupID":"1309","SortNo":"54","PresentationValue":"337 mm","RawValue":"337","LocalValue":"337","Description":"The distance from the front to the back of something.","Mandatory":"1","Searchable":"0","Optional":"0","Feature":{"ID":"1650","Sign":"","Measure":{"ID":"24","Sign":"","Signs":{"ID":"3","_":"mm","Language":"EN"}},"Name":{"Value":"Depth","Language":"EN"}}},{"Localized":0,"ID":818190205,"LocalID":0,"Type":"numerical","Value":"308","CategoryFeatureId":"6226","CategoryFeatureGroupID":"1309","SortNo":"53","PresentationValue":"308 mm","RawValue":"308","LocalValue":"308","Description":"The measurement of the product from head to foot or from base to top.","Mandatory":"1","Searchable":"0","Optional":"0","Feature":{"ID":"1464","Sign":"","Measure":{"ID":"24","Sign":"","Signs":{"ID":"3","_":"mm","Language":"EN"}},"Name":{"Value":"Height","Language":"EN"}}},{"Localized":0,"ID":818190217,"LocalID":0,"Type":"numerical","Value":"5570","CategoryFeatureId":"8718","CategoryFeatureGroupID":"1309","SortNo":"45","PresentationValue":"5.57 kg","RawValue":"5570","LocalValue":"5.57","Description":"Weight of the product without packaging (net weight). If possible, the net weight is given including standard accessories and supplies. Please note that sometimes the manufacturer leaves out the weight of accessories and/or supplies.","Mandatory":"1","Searchable":"0","Optional":"0","Feature":{"ID":"94","Sign":"","Measure":{"ID":"38","Sign":"","Signs":{"ID":"22","_":"g","Language":"EN"}},"Name":{"Value":"Weight","Language":"EN"}}},{"Localized":0,"ID":818190213,"LocalID":0,"Type":"numerical","Value":"400","CategoryFeatureId":"74308","CategoryFeatureGroupID":"1309","SortNo":"-10","PresentationValue":"400 mm","RawValue":"400","LocalValue":"400","Description":"The distance from one side of the packaging to the other.","Mandatory":"0","Searchable":"0","Optional":"0","Feature":{"ID":"3808","Sign":"","Measure":{"ID":"24","Sign":"","Signs":{"ID":"3","_":"mm","Language":"EN"}},"Name":{"Value":"Package width","Language":"EN"}}},{"Localized":0,"ID":818190211,"LocalID":0,"Type":"numerical","Value":"499","CategoryFeatureId":"74309","CategoryFeatureGroupID":"1309","SortNo":"-11","PresentationValue":"499 mm","RawValue":"499","LocalValue":"499","Description":"The distance from the front to the back of the packaging.","Mandatory":"0","Searchable":"0","Optional":"0","Feature":{"ID":"3806","Sign":"","Measure":{"ID":"24","Sign":"","Signs":{"ID":"3","_":"mm","Language":"EN"}},"Name":{"Value":"Package depth","Language":"EN"}}},{"Localized":0,"ID":818190215,"LocalID":0,"Type":"numerical","Value":"287","CategoryFeatureId":"74310","CategoryFeatureGroupID":"1309","SortNo":"-12","PresentationValue":"287 mm","RawValue":"287","LocalValue":"287","Description":"The distance from the top to the bottom of the packaging.","Mandatory":"0","Searchable":"0","Optional":"0","Feature":{"ID":"3807","Sign":"","Measure":{"ID":"24","Sign":"","Signs":{"ID":"3","_":"mm","Language":"EN"}},"Name":{"Value":"Package height","Language":"EN"}}},{"Localized":0,"ID":818190212,"LocalID":0,"Type":"numerical","Value":"8720","CategoryFeatureId":"4976","CategoryFeatureGroupID":"1309","SortNo":"-13","PresentationValue":"8.72 kg","RawValue":"8720","LocalValue":"8.72","Description":"Weight of the packaged product.","Mandatory":"0","Searchable":"0","Optional":"0","Feature":{"ID":"762","Sign":"","Measure":{"ID":"38","Sign":"","Signs":{"ID":"22","_":"g","Language":"EN"}},"Name":{"Value":"Package weight","Language":"EN"}}}]},{"ID":82594,"SortNo":"0","FeatureGroup":{"ID":"5","Name":{"Value":"Display","Language":"EN"}},"Features":[{"Localized":0,"ID":826175079,"LocalID":0,"Type":"y_n","Value":"N","CategoryFeatureId":"11391","CategoryFeatureGroupID":"82594","SortNo":"500","PresentationValue":"No","RawValue":"N","LocalValue":"No","Description":"This product includes a display.","Mandatory":"1","Searchable":"1","Optional":"0","Feature":{"ID":"2177","Sign":"","Measure":{"ID":"26","Sign":"","Signs":{"ID":"","_":"","Language":"EN"}},"Name":{"Value":"Display included","Language":"EN"}}}]}],"FeatureLogos":[{"LogoPic":"https://images.icecat.biz/img/feature_logo/1-8100.png","Width":"300","Height":"300","Size":"0","ThumbPic":"https://images.icecat.biz/img/feature_logo_thumbs/1-8100.png","FeatureID":"2183","Value":"Y","KeyLogo":0,"Description":{"Value":"Bluetooth is a proprietary open wireless technology standard for exchanging data over short distances (using short-wavelength radio transmissions in the ISM band from 2400–2480 MHz) from fixed and mobile devices, creating personal area networks (PANs) with high levels of security.","Language":"EN"}},{"LogoPic":"https://images.icecat.biz/img/feature_logo/413-9054.png","Width":"300","Height":"300","Size":"0","ThumbPic":"https://images.icecat.biz/img/feature_logo_thumbs/413-9054.png","FeatureID":"44870","Value":"Intel Core i5-11xxx","KeyLogo":1,"Description":{"Value":"Intel® Core™ i5 Processors - Work, play, and create as quickly and seamlessly as your heart desires.<br><br>- Faster performance empowering people to focus, create, and connect like never before<br>- Raising the bar on connectivity<br>- Video editing just under a minute","Language":"EN"}},{"LogoPic":"https://images.icecat.biz/img/feature_logo/413-9054.png","Width":"300","Height":"300","Size":"0","ThumbPic":"https://images.icecat.biz/img/feature_logo_thumbs/413-9054.png","FeatureID":"44870","Value":"Intel Core i5-14xxx","KeyLogo":1,"Description":{"Value":"Intel® Core™ i5 Processors - Work, play, and create as quickly and seamlessly as your heart desires.<br><br>- Faster performance empowering people to focus, create, and connect like never before<br>- Raising the bar on connectivity<br>- Video editing just under a minute","Language":"EN"}},{"LogoPic":"https://images.icecat.biz/img/feature_logo/1167-3328.png","Width":"300","Height":"300","Size":"0","ThumbPic":"https://images.icecat.biz/img/feature_logo_thumbs/1167-3328.png","FeatureID":"11441","Value":"hdd+ssd","KeyLogo":2,"Description":{"Value":"Solid state drive","Language":"EN"}},{"LogoPic":"https://images.icecat.biz/img/feature_logo/1167-3328.png","Width":"300","Height":"300","Size":"0","ThumbPic":"https://images.icecat.biz/img/feature_logo_thumbs/1167-3328.png","FeatureID":"11441","Value":"SSD","KeyLogo":2,"Description":{"Value":"Solid state drive","Language":"EN"}},{"LogoPic":"https://images.icecat.biz/img/feature_logo/1167-3328.png","Width":"300","Height":"300","Size":"0","ThumbPic":"https://images.icecat.biz/img/feature_logo_thumbs/1167-3328.png","FeatureID":"11441","Value":"ssd+emmc","KeyLogo":2,"Description":{"Value":"Solid state drive","Language":"EN"}},{"LogoPic":"https://images.icecat.biz/img/feature_logo/1178-5315.png","Width":"300","Height":"300","Size":"0","ThumbPic":"https://images.icecat.biz/img/feature_logo_thumbs/1178-5315.png","FeatureID":"22704","Value":"1","KeyLogo":3,"Description":{"Value":"USB 3.2 Gen 2 (3.1 Gen 2) Type-C port","Language":"EN"}},{"LogoPic":"https://images.icecat.biz/img/feature_logo/1178-5315.png","Width":"300","Height":"300","Size":"0","ThumbPic":"https://images.icecat.biz/img/feature_logo_thumbs/1178-5315.png","FeatureID":"22704","Value":"2","KeyLogo":3,"Description":{"Value":"USB 3.2 Gen 2 (3.1 Gen 2) Type-C port","Language":"EN"}},{"LogoPic":"https://images.icecat.biz/img/feature_logo/1178-5315.png","Width":"300","Height":"300","Size":"0","ThumbPic":"https://images.icecat.biz/img/feature_logo_thumbs/1178-5315.png","FeatureID":"22704","Value":"3","KeyLogo":3,"Description":{"Value":"USB 3.2 Gen 2 (3.1 Gen 2) Type-C port","Language":"EN"}}],"ReasonsToBuy":[],"Reviews":[],"ProductRelated":[],"CatalogObjectCloud":{},"Variants":[{"VariantID":"1586812","VariantIdentifiers":[{"Identifier Type":"GTIN13","Value":"0199485882192","IsApproved":true},{"Identifier Type":"GTIN13","Value":"199485882192","IsApproved":true},{"Identifier Type":"BrandProductCode","Value":"C59K5EA#UUW"}],"VariantFeatures":[],"VariantImages":[],"VariantMultimedia":[],"VariantDescriptions":"OMEN 16L Gaming Desktop TG03-0820no PC"}],"ProductStory":[{"ID":"7E9EC48C-5342-43DD-8D60-99E3492CBCEF","URL":"https://live-html.icecat.biz/788d4d86ee4481f2b596bc3dd7b3e2e3/index.html","Type":"ProductStory","ContentType":"application/zip","KeepAsUrl":"0","Description":"ProductStory","Size":"4296","IsPrivate":"0","Updated":"2025-09-09 20:54:06","Language":"EN","IsVideo":0}],"Dictionary":{"model_name":"Product name","desc":"Description","ean_code":"EAN/UPC code","flash360":"3D tour","demo_msg_part3":"If you don't have an Icecat account, please register here for free.","repairability_index":"Repairability index","zoom_panel_init":"Original size","cat_name":"Category","product_family":"Product family","back_to_top":"Back to top","zoom_panel_out":"Zoom out","specs":"Specs","eu_product_fiche":"EU Product Fiche","reviews_head_name":"Reviews","pdf_specs":"Product Brochure","zoom_panel_in":"Zoom in","html_content":"","release_date":"Release date","demo_msg_part1":"You are using now a Demo account. Please, use your own Icecat account","demo_insert_desc":"This is a demo of a seamless insert of an Icecat LIVE product data-sheet in your website. Imagine that this responsive data-sheet is included in the product page of your webshop.","pdf_url":"User manual","prod_code":"Product code","supplier_name":"Brand","video":"Video","reasons_to_buy":"Reasons to buy","marketing_text":"Description","options_head_name":"Options","product_series":"Product series","demo_msg_part2":"your Icecat login name","link_integrate_desk":"How to integrate Icecat LIVE JavaScript.","zoom_panel_dragg":"Mouse dragging","eu_energy_label":"EU Energy Label"},"DemoAccount":false}}