{"msg":"OK","data":{"GeneralInfo":{"IcecatId":134704422,"ReleaseDate":"","EndOfLifeDate":"","Title":"Geek Bar Elite 1000 electronic cigarette 1000 puffs Red","TitleInfo":{"GeneratedIntTitle":"Geek Bar Elite 1000 electronic cigarette","GeneratedLocalTitle":{"Value":"Geek Bar Elite 1000 electronic cigarette 1000 puffs Red","Language":"EN"},"BrandLocalTitle":{"Value":"","Language":"EN"}},"Brand":"Geek Bar","BrandID":"43651","BrandLogo":"","BrandInfo":{"BrandName":"Geek Bar","BrandLocalName":"","BrandLogo":""},"ProductName":"Elite 1000","ProductNameInfo":{"ProductIntName":"Elite 1000","ProductLocalName":{"Value":"","Language":"EN"}},"BrandPartCode":"GEEK BAR ELITE 1000 COLA ICE","GTIN":[],"Category":{"CategoryID":"2401","Name":{"Value":"Electronic Cigarettes","Language":"EN"}},"ProductFamily":{},"ProductSeries":{"SeriesID":"1"},"Description":{"ID":"104046809","LongDesc":"<b>Step Into Flavor Wonderland</b><br><br><b>Puffy Clouds, Lasting Plumes</b><br>With 1000 puffs, Elite1000 making every vape session feel like floating on a cloud, ensures your vape lasts and provides extended enjoyment.<br><br><b>Crystal Clear, Never Fear</b><br>Liquid capacity monitoring at a glance, ensuring you always know how much is left. No more guesswork means uninterrupted vaping and peace of mind!<br><br><b>Twist to Eco-Friendly Future</b><br>Effortlessly access the bottom cap to remove the battery. Convenient disassembly means less waste and a greener planet.<br><br><b>Embark on Flavor Fantasy</b><br>Savor unique, rich flavors. Each puff ensures excellent taste, turning every vape session into a joyful journey through diverse flavors.","LongProductName":"Elite 1000, Cola Ice","MiddleDesc":"","Disclaimer":"","ManualPDFURL":"","ManualPDFSize":"0","LeafletPDFURL":"","PDFSize":"0","URL":"https://www.vuse.com/gb/en/rechargeable-vapes/vuse-pro-device-kit","WarrantyInfo":"","Updated":"2025-09-09 14:25:05","Language":"EN"},"SummaryDescription":{"ShortSummaryDescription":"Geek Bar Elite 1000, 1000 puffs, Red","LongSummaryDescription":"Geek Bar Elite 1000. Capacity: 1000 puffs. Product colour: Red"},"BulletPoints":{"BulletPointsId":"13610685","Language":"EN","Values":["1000 Puffs","Visible E-liquid","Removable Battery","Diverse Flavors","Mesh Coil","0% Liquid Residue"],"Updated":"2025-09-09 14:25:05"},"GeneratedBulletPoints":{},"GTINs":[]},"Image":{"HighPic":"https://inishop.com/img/gallery/8fdbde2a7ff7b0ab18e5e933dcecacfd51befa8e.jpg","HighPicSize":"73464","HighPicHeight":"710","HighPicWidth":"200","LowPic":"https://inishop.com/img/gallery_lows/9993a11fe42da0a80850116a16b333b598be9961.jpg","LowPicSize":"8484","LowPicHeight":"200","LowPicWidth":"56","Pic500x500":"https://inishop.com/img/gallery_mediums/583dae2aedd4a729b573898d232dcca1fd22698a.jpg","Pic500x500Size":"40413","Pic500x500Height":"500","Pic500x500Width":"141","ThumbPic":"https://inishop.com/img/gallery_thumbs/04487196e541139bf18c10ab37bdefa5bc170649.jpg","ThumbPicSize":"2418"},"Multimedia":[{"ID":"ACCF52B1-7098-4DF6-A962-F6B60E6192FC","URL":"https://inishop.com/objects/134704422_69146245.mp4?access=J77V3nPxhMdrWjeg62LCNU5ezzgJnXffIjaIYNCFejI1wbVxdOQxfWMB3SVQAVsv","Type":"video/mp4","ContentType":"video/mp4","KeepAsUrl":"0","Description":"Video","Size":"29415041","IsPrivate":"0","Updated":"2025-09-10 13:26:34","Language":"EN","IsVideo":1,"ThumbUrl":"https://inishop.com/objects/thumb/134704422_69146245_thumb.png?access=J77V3nPxhMdrWjeg62LCNU5ezzgJnXffIjaIYNCFejI1wbVxdOQxfWMB3SVQAVsv","PreviewUrl":"https://inishop.com/objects/preview/134704422_69146245_preview.png?access=J77V3nPxhMdrWjeg62LCNU5ezzgJnXffIjaIYNCFejI1wbVxdOQxfWMB3SVQAVsv"}],"Gallery":[{"ID":"117112897","LowPic":"https://inishop.com/img/gallery_lows/9993a11fe42da0a80850116a16b333b598be9961.jpg","LowSize":"8484","LowHeight":"200","LowWidth":"56","ThumbPic":"https://inishop.com/img/gallery_thumbs/04487196e541139bf18c10ab37bdefa5bc170649.jpg","ThumbPicSize":"2418","Pic":"https://inishop.com/img/gallery/8fdbde2a7ff7b0ab18e5e933dcecacfd51befa8e.jpg","Size":"73464","PicHeight":"710","PicWidth":"200","Pic500x500":"https://inishop.com/img/gallery_mediums/583dae2aedd4a729b573898d232dcca1fd22698a.jpg","Pic500x500Size":"40413","Pic500x500Height":"500","Pic500x500Width":"141","No":"1","IsMain":"Y","Updated":"2025-09-09 14:16:44","IsPrivate":"0","Type":"ProductImage","Attributes":{"OriginalFileName":""}}],"FeaturesGroups":[{"ID":70844,"SortNo":"12","FeatureGroup":{"ID":"185","Name":{"Value":"Features","Language":"EN"}},"Features":[{"Localized":0,"ID":835285005,"LocalID":0,"Type":"numerical","Value":"1000","CategoryFeatureId":"68837","CategoryFeatureGroupID":"70844","SortNo":"1000","PresentationValue":"1000 puffs","RawValue":"1000","LocalValue":"1000","Description":"","Mandatory":"0","Searchable":"0","Optional":"0","Feature":{"ID":"10872","Sign":"","Measure":{"ID":"232","Sign":"","Signs":{"ID":"11757","_":"puffs","Language":"EN"}},"Name":{"Value":"Capacity","Language":"EN"}}}]},{"ID":8909,"SortNo":"11","FeatureGroup":{"ID":"148","Name":{"Value":"Design","Language":"EN"}},"Features":[{"Localized":0,"ID":835285000,"LocalID":0,"Type":"multi_dropdown","Value":"Red","CategoryFeatureId":"68804","CategoryFeatureGroupID":"8909","SortNo":"90","PresentationValue":"Red","RawValue":"Red","LocalValue":"Red","Description":"The colour e.g. red, blue, green, black, white.","Mandatory":"0","Searchable":"0","Optional":"0","Feature":{"ID":"1766","Sign":"","Measure":{"ID":"29","Sign":"","Signs":{"ID":"","_":"","Language":"EN"}},"Name":{"Value":"Product colour","Language":"EN"}}},{"Localized":0,"ID":835285003,"LocalID":0,"Type":"y_n","Value":"N","CategoryFeatureId":"249546","CategoryFeatureGroupID":"8909","SortNo":"80","PresentationValue":"No","RawValue":"N","LocalValue":"No","Description":"A display which is part of the product, so you do not need to attach another display.","Mandatory":"0","Searchable":"0","Optional":"0","Feature":{"ID":"8782","Sign":"","Measure":{"ID":"26","Sign":"","Signs":{"ID":"","_":"","Language":"EN"}},"Name":{"Value":"Built-in display","Language":"EN"}}},{"Localized":0,"ID":835284999,"LocalID":0,"Type":"multi_dropdown","Value":"Y","CategoryFeatureId":"293940","CategoryFeatureGroupID":"8909","SortNo":"10","PresentationValue":"Yes","RawValue":"Y","LocalValue":"Yes","Description":"","Mandatory":"0","Searchable":"0","Optional":"0","Feature":{"ID":"1501","Sign":"","Measure":{"ID":"29","Sign":"","Signs":{"ID":"","_":"","Language":"EN"}},"Name":{"Value":"LED indicators","Language":"EN"}}}]},{"ID":8912,"SortNo":"6","FeatureGroup":{"ID":"143","Name":{"Value":"Battery","Language":"EN"}},"Features":[{"Localized":0,"ID":835285900,"LocalID":0,"Type":"y_n","Value":"Y","CategoryFeatureId":"249551","CategoryFeatureGroupID":"8912","SortNo":"50","PresentationValue":"Yes","RawValue":"Y","LocalValue":"Yes","Description":"","Mandatory":"0","Searchable":"0","Optional":"0","Feature":{"ID":"18096","Sign":"","Measure":{"ID":"26","Sign":"","Signs":{"ID":"","_":"","Language":"EN"}},"Name":{"Value":"Removable battery","Language":"EN"}}}]}],"FeatureLogos":[],"ReasonsToBuy":[],"Reviews":[],"ProductRelated":[],"CatalogObjectCloud":{},"Variants":[],"ProductStory":[],"Dictionary":{"model_name":"Product name","desc":"Description","ean_code":"EAN/UPC code","flash360":"3D tour","demo_msg_part3":"If you don't have an Icecat account, please register here for free.","repairability_index":"Repairability index","zoom_panel_init":"Original size","cat_name":"Category","product_family":"Product family","back_to_top":"Back to top","zoom_panel_out":"Zoom out","specs":"Specs","eu_product_fiche":"EU Product Fiche","reviews_head_name":"Reviews","pdf_specs":"Product Brochure","zoom_panel_in":"Zoom in","html_content":"","release_date":"Release date","demo_msg_part1":"You are using now a Demo account. Please, use your own Icecat account","demo_insert_desc":"This is a demo of a seamless insert of an Icecat LIVE product data-sheet in your website. Imagine that this responsive data-sheet is included in the product page of your webshop.","pdf_url":"User manual","prod_code":"Product code","supplier_name":"Brand","video":"Video","reasons_to_buy":"Reasons to buy","marketing_text":"Description","options_head_name":"Options","product_series":"Product series","demo_msg_part2":"your Icecat login name","link_integrate_desk":"How to integrate Icecat LIVE JavaScript.","zoom_panel_dragg":"Mouse dragging","eu_energy_label":"EU Energy Label"},"DemoAccount":false}}