{"msg":"OK","data":{"GeneralInfo":{"IcecatId":134699163,"ReleaseDate":"","EndOfLifeDate":"","Title":"Kukkia Finland Classic Basket of Red Roses","TitleInfo":{"GeneratedIntTitle":"Kukkia Finland INT-10758 fresh cut mixed bouquet/flower","GeneratedLocalTitle":{"Value":"Kukkia Finland INT-10758 fresh cut mixed bouquet/flower Anniversary","Language":"EN"},"BrandLocalTitle":{"Value":"Kukkia Finland Classic Basket of Red Roses","Language":"EN"}},"Brand":"Kukkia Finland","BrandID":"43644","BrandLogo":"","BrandInfo":{"BrandName":"Kukkia Finland","BrandLocalName":"","BrandLogo":""},"ProductName":"Classic Basket of Red Roses","ProductNameInfo":{"ProductIntName":"INT-10758","ProductLocalName":{"Value":"Classic Basket of Red Roses","Language":"EN"}},"BrandPartCode":"INT-10758","GTIN":[],"Category":{"CategoryID":"4796","Name":{"Value":"Fresh Cut Mixed Bouquets & Flowers","Language":"EN"}},"ProductFamily":{},"ProductSeries":{"SeriesID":"1"},"Description":{"ID":"104037930","LongDesc":"This Classic Basket of Red Roses features a timeless arrangement of stunning red roses, symbolizing love and passion. Perfect for romantic gestures, anniversaries, or special occasions, this elegant basket conveys heartfelt emotions beautifully. Ideal for gifting or enhancing your decor, it adds a touch of sophistication and charm to any setting.","LongProductName":"Classic Basket of Red Roses","MiddleDesc":"","Disclaimer":"","ManualPDFURL":"","ManualPDFSize":"0","LeafletPDFURL":"","PDFSize":"0","URL":"https://www.flowers4finland.com/classic-basket-of-red-roses-flower-delivery.html","WarrantyInfo":"","Updated":"2025-09-08 17:34:27","Language":"EN"},"SummaryDescription":{"ShortSummaryDescription":"Kukkia Finland Classic Basket of Red Roses, Fresh cut flower, Red, Anniversary, Finland","LongSummaryDescription":"Kukkia Finland Classic Basket of Red Roses. Product type: Fresh cut flower, Product colour: Red, Occasion: Anniversary. Country of origin: Finland"},"BulletPoints":{"BulletPointsId":"13607256","Language":"EN","Values":["Elegant basket featuring a classic arrangement of fresh red roses","Symbolizes deep love, romance, and heartfelt passion","Perfect choice for anniversaries, romantic surprises, and special occasions","Handcrafted to create a timeless and sophisticated floral display","Ideal for gifting or adding charm to home or office décor","Beautifully presented to convey your emotions with grace","A memorable gift that speaks volumes without saying a word","A striking floral basket designed to impress and delight"],"Updated":"2025-09-08 17:36:15"},"GeneratedBulletPoints":{},"GTINs":[]},"Image":{"HighPic":"https://inishop.com/img/gallery/6be6cc1a76fec25026e9fd1858b9ab76b6635f4d.jpg","HighPicSize":"534007","HighPicHeight":"1000","HighPicWidth":"1000","LowPic":"https://inishop.com/img/gallery_lows/77da9337ffe5a74935d689ab86a5ef90f5856d59.jpg","LowPicSize":"44200","LowPicHeight":"200","LowPicWidth":"200","Pic500x500":"https://inishop.com/img/gallery_mediums/5cc68f4b63e5a1889da8bfca919d402bc05b6192.jpg","Pic500x500Size":"187619","Pic500x500Height":"500","Pic500x500Width":"500","ThumbPic":"https://inishop.com/img/gallery_thumbs/b81d2db761b40ad56524d901bcf501f03b6bb94d.jpg","ThumbPicSize":"8828"},"Multimedia":[],"Gallery":[{"ID":"117084247","LowPic":"https://inishop.com/img/gallery_lows/77da9337ffe5a74935d689ab86a5ef90f5856d59.jpg","LowSize":"44200","LowHeight":"200","LowWidth":"200","ThumbPic":"https://inishop.com/img/gallery_thumbs/b81d2db761b40ad56524d901bcf501f03b6bb94d.jpg","ThumbPicSize":"8828","Pic":"https://inishop.com/img/gallery/6be6cc1a76fec25026e9fd1858b9ab76b6635f4d.jpg","Size":"534007","PicHeight":"1000","PicWidth":"1000","Pic500x500":"https://inishop.com/img/gallery_mediums/5cc68f4b63e5a1889da8bfca919d402bc05b6192.jpg","Pic500x500Size":"187619","Pic500x500Height":"500","Pic500x500Width":"500","No":"1","IsMain":"Y","Updated":"2025-09-08 17:34:10","IsPrivate":"0","Type":"ProductImage","Attributes":{"OriginalFileName":""}},{"ID":"117084248","LowPic":"https://inishop.com/img/gallery_lows/884dd2e21d24714524e6f58c17a67607d8457df9.jpg","LowSize":"49851","LowHeight":"200","LowWidth":"200","ThumbPic":"https://inishop.com/img/gallery_thumbs/6495827d41f77d61e7ba8c0ad7a6fd1c719ba342.jpg","ThumbPicSize":"11252","Pic":"https://inishop.com/img/gallery/f8d26775d31ef6175898cf6c8357d84393d05fe2.jpg","Size":"545478","PicHeight":"1000","PicWidth":"1000","Pic500x500":"https://inishop.com/img/gallery_mediums/4b8e5401202da18eeea6fbb93acd889741dc0d7b.jpg","Pic500x500Size":"197399","Pic500x500Height":"500","Pic500x500Width":"500","No":"2","IsMain":"N","Updated":"2025-09-08 17:34:10","IsPrivate":"0","Type":"ProductImage","Attributes":{"OriginalFileName":""}},{"ID":"117084249","LowPic":"https://inishop.com/img/gallery_lows/92fc1c043ba54a18d3575eabc36eb623b5dff165.jpg","LowSize":"56617","LowHeight":"200","LowWidth":"200","ThumbPic":"https://inishop.com/img/gallery_thumbs/ffab15186a5aa80c3a902b0fcaf09f1f5abc1912.jpg","ThumbPicSize":"11284","Pic":"https://inishop.com/img/gallery/8b486d5d6626f1961a5b7e908327c07d256de972.jpg","Size":"666070","PicHeight":"1000","PicWidth":"1000","Pic500x500":"https://inishop.com/img/gallery_mediums/1cd7e9363cddfa1ee01e334bb6ebcc412996e7ab.jpg","Pic500x500Size":"240132","Pic500x500Height":"500","Pic500x500Width":"500","No":"3","IsMain":"N","Updated":"2025-09-08 17:34:11","IsPrivate":"0","Type":"ProductImage","Attributes":{"OriginalFileName":""}},{"ID":"117084250","LowPic":"https://inishop.com/img/gallery_lows/37c4ac9552308f2b94c75974482ae71385eb170f.jpg","LowSize":"55191","LowHeight":"200","LowWidth":"200","ThumbPic":"https://inishop.com/img/gallery_thumbs/109aa699df851e4ce5c829f5b68cc60591ae32fa.jpg","ThumbPicSize":"10521","Pic":"https://inishop.com/img/gallery/feecdfc48eb9512ade02773dcc5e0fbef968057d.jpg","Size":"661507","PicHeight":"1000","PicWidth":"1000","Pic500x500":"https://inishop.com/img/gallery_mediums/5abedc18ca60d75eb4920d7c96c6700857651249.jpg","Pic500x500Size":"234341","Pic500x500Height":"500","Pic500x500Width":"500","No":"4","IsMain":"N","Updated":"2025-09-08 17:34:12","IsPrivate":"0","Type":"ProductImage","Attributes":{"OriginalFileName":""}}],"FeaturesGroups":[{"ID":24776,"SortNo":"50","FeatureGroup":{"ID":"185","Name":{"Value":"Features","Language":"EN"}},"Features":[{"Localized":0,"ID":835130598,"LocalID":0,"Type":"dropdown","Value":"Fresh cut flower","CategoryFeatureId":"935697","CategoryFeatureGroupID":"24776","SortNo":"500","PresentationValue":"Fresh cut flower","RawValue":"Fresh cut flower","LocalValue":"Fresh cut flower","Description":"The sub-category of the product.","Mandatory":"1","Searchable":"1","Optional":"0","Feature":{"ID":"14052","Sign":"","Measure":{"ID":"29","Sign":"","Signs":{"ID":"","_":"","Language":"EN"}},"Name":{"Value":"Product type","Language":"EN"}}},{"Localized":0,"ID":835130596,"LocalID":0,"Type":"multi_dropdown","Value":"Red","CategoryFeatureId":"945016","CategoryFeatureGroupID":"24776","SortNo":"300","PresentationValue":"Red","RawValue":"Red","LocalValue":"Red","Description":"The colour e.g. red, blue, green, black, white.","Mandatory":"0","Searchable":"0","Optional":"0","Feature":{"ID":"1766","Sign":"","Measure":{"ID":"29","Sign":"","Signs":{"ID":"","_":"","Language":"EN"}},"Name":{"Value":"Product colour","Language":"EN"}}},{"Localized":0,"ID":835130728,"LocalID":0,"Type":"dropdown","Value":"Anniversary","CategoryFeatureId":"221114","CategoryFeatureGroupID":"24776","SortNo":"250","PresentationValue":"Anniversary","RawValue":"Anniversary","LocalValue":"Anniversary","Description":"","Mandatory":"0","Searchable":"0","Optional":"0","Feature":{"ID":"29202","Sign":"","Measure":{"ID":"29","Sign":"","Signs":{"ID":"","_":"","Language":"EN"}},"Name":{"Value":"Occasion","Language":"EN"}}}]},{"ID":37775,"SortNo":"0","FeatureGroup":{"ID":"198","Name":{"Value":"Logistics data","Language":"EN"}},"Features":[{"Localized":0,"ID":835130597,"LocalID":0,"Type":"multi_dropdown","Value":"Finland","CategoryFeatureId":"375769","CategoryFeatureGroupID":"37775","SortNo":"0","PresentationValue":"Finland","RawValue":"Finland","LocalValue":"Finland","Description":"Country where the device is made. Aka Country of manufacture (COM).","Mandatory":"0","Searchable":"0","Optional":"0","Feature":{"ID":"3294","Sign":"","Measure":{"ID":"29","Sign":"","Signs":{"ID":"","_":"","Language":"EN"}},"Name":{"Value":"Country of origin","Language":"EN"}}}]}],"FeatureLogos":[],"ReasonsToBuy":[],"Reviews":[],"ProductRelated":[],"CatalogObjectCloud":{},"Variants":[],"ProductStory":[],"Dictionary":{"model_name":"Product name","desc":"Description","ean_code":"EAN/UPC code","flash360":"3D tour","demo_msg_part3":"If you don't have an Icecat account, please register here for free.","repairability_index":"Repairability index","zoom_panel_init":"Original size","cat_name":"Category","product_family":"Product family","back_to_top":"Back to top","zoom_panel_out":"Zoom out","specs":"Specs","eu_product_fiche":"EU Product Fiche","reviews_head_name":"Reviews","pdf_specs":"Product Brochure","zoom_panel_in":"Zoom in","html_content":"","release_date":"Release date","demo_msg_part1":"You are using now a Demo account. Please, use your own Icecat account","demo_insert_desc":"This is a demo of a seamless insert of an Icecat LIVE product data-sheet in your website. Imagine that this responsive data-sheet is included in the product page of your webshop.","pdf_url":"User manual","prod_code":"Product code","supplier_name":"Brand","video":"Video","reasons_to_buy":"Reasons to buy","marketing_text":"Description","options_head_name":"Options","product_series":"Product series","demo_msg_part2":"your Icecat login name","link_integrate_desk":"How to integrate Icecat LIVE JavaScript.","zoom_panel_dragg":"Mouse dragging","eu_energy_label":"EU Energy Label"},"DemoAccount":false}}