{"msg":"OK","data":{"GeneralInfo":{"IcecatId":134703656,"ReleaseDate":"","EndOfLifeDate":"","Title":"New Balance FuelCell Propel v4 athletic shoes Male Graphite, Grey","TitleInfo":{"GeneratedIntTitle":"New Balance FuelCell Propel v4 athletic shoes","GeneratedLocalTitle":{"Value":"New Balance FuelCell Propel v4 athletic shoes Male Graphite, Grey","Language":"EN"},"BrandLocalTitle":{"Value":"","Language":"EN"}},"Brand":"New Balance","BrandID":"5844","BrandLogo":"","BrandInfo":{"BrandName":"New Balance","BrandLocalName":"","BrandLogo":""},"ProductName":"FuelCell Propel v4","ProductNameInfo":{"ProductIntName":"FuelCell Propel v4","ProductLocalName":{"Value":"","Language":"EN"}},"BrandPartCode":"MFCPRCC4 42","GTIN":[],"Category":{"CategoryID":"3554","Name":{"Value":"Athletic Shoes","Language":"EN"}},"ProductFamily":{},"ProductSeries":{"SeriesID":"1"},"Description":{"ID":"104044412","LongDesc":"New and experienced runners alike will appreciate the underfoot ride and innovative technology packed into the New Balance FuelCell Propel v4. Featuring a thick FuelCell midsole combined with a TPU plate, this running shoe is designed to maximize comfort and traction to help keep you moving at top speeds.<br><br>","LongProductName":"FuelCell Propel v4 Shoes, 42","MiddleDesc":"","Disclaimer":"","ManualPDFURL":"","ManualPDFSize":"0","LeafletPDFURL":"","PDFSize":"0","URL":"https://ee.newbalance.eu/en/pd/fuelcell-propel-v4/MFCPRV4-44993-EMEA-MFCPRCC4.html","WarrantyInfo":"","Updated":"2025-09-09 11:43:25","Language":"EN"},"SummaryDescription":{"ShortSummaryDescription":"New Balance FuelCell Propel v4, Running, Male, Adult, Graphite, Grey, Image, Lace-up closure","LongSummaryDescription":"New Balance FuelCell Propel v4. Activity: Running, Gender: Male, Consumer life stage: Adult. Upper material: Mesh, Synthetic, Midsole material: Thermoplastic polyurethane (TPU). Weight: 302.6 g"},"BulletPoints":{"BulletPointsId":"13608908","Language":"EN","Values":["FuelCell foam delivers a propulsive feel to help drive you forward","TPU plate for superior propulsion"],"Updated":"2025-09-09 11:43:25"},"GeneratedBulletPoints":{},"GTINs":[]},"Image":{"HighPic":"https://inishop.com/img/gallery/359d1ea6dc0f7b6fadc29a3b9ac4fb7d52887495.jpg","HighPicSize":"553312","HighPicHeight":"767","HighPicWidth":"1505","LowPic":"https://inishop.com/img/gallery_lows/b955b7c90d5cda3d8e8ec051a7381630d854e731.jpg","LowPicSize":"13989","LowPicHeight":"102","LowPicWidth":"200","Pic500x500":"https://inishop.com/img/gallery_mediums/157da5ac134ee3deb5a002b9ac6827305fcfff48.jpg","Pic500x500Size":"68654","Pic500x500Height":"255","Pic500x500Width":"500","ThumbPic":"https://inishop.com/img/gallery_thumbs/e8e66cf88467b591c29eb2633e84ff4fc828406c.jpg","ThumbPicSize":"3420"},"Multimedia":[{"ID":"7E4FCEB8-7A23-4211-96FC-3DE88EBF1CBD","URL":"https://live-html.icecat.biz/aa7d35c05075114fee40bf2e32dec12b/index.html","Type":"ProductStory","ContentType":"application/zip","KeepAsUrl":"0","Description":"ProductStory","Size":"1668","IsPrivate":"0","Updated":"2025-09-09 15:31:45","Language":"EN","IsVideo":0},{"ID":"18C8D7AA-49F5-45AF-92A8-4B8F8A79E22A","URL":"https://inishop.com/objects/mmo_134703656_1757424700_9531_2394459.txt","Type":"ProductStory2.0","ContentType":"text/html","KeepAsUrl":"0","Description":"ProductStory2.0","Size":"5335","IsPrivate":"0","Updated":"2025-09-09 15:31:40","Language":"EN","IsVideo":0}],"Gallery":[{"ID":"117095952","LowPic":"https://inishop.com/img/gallery_lows/b955b7c90d5cda3d8e8ec051a7381630d854e731.jpg","LowSize":"13989","LowHeight":"102","LowWidth":"200","ThumbPic":"https://inishop.com/img/gallery_thumbs/e8e66cf88467b591c29eb2633e84ff4fc828406c.jpg","ThumbPicSize":"3420","Pic":"https://inishop.com/img/gallery/359d1ea6dc0f7b6fadc29a3b9ac4fb7d52887495.jpg","Size":"553312","PicHeight":"767","PicWidth":"1505","Pic500x500":"https://inishop.com/img/gallery_mediums/157da5ac134ee3deb5a002b9ac6827305fcfff48.jpg","Pic500x500Size":"68654","Pic500x500Height":"255","Pic500x500Width":"500","No":"1","IsMain":"Y","Updated":"2025-09-09 11:41:51","IsPrivate":"0","Type":"ProductImage","Attributes":{"OriginalFileName":""}},{"ID":"117095954","LowPic":"https://inishop.com/img/gallery_lows/ac3947a8059914696a01365ce9283df0fda44f74.jpg","LowSize":"16613","LowHeight":"118","LowWidth":"200","ThumbPic":"https://inishop.com/img/gallery_thumbs/cd3b3ad0f663df11d18fe93e95eb03e0ff0b0a54.jpg","ThumbPicSize":"3792","Pic":"https://inishop.com/img/gallery/ef5467dbfe61066c6fac3b75af9f1e01a5e4badb.jpg","Size":"501569","PicHeight":"763","PicWidth":"1298","Pic500x500":"https://inishop.com/img/gallery_mediums/4e50e90f0932abf17ce1dbc85a84c07d8912faf5.jpg","Pic500x500Size":"84832","Pic500x500Height":"294","Pic500x500Width":"500","No":"2","IsMain":"N","Updated":"2025-09-09 11:41:55","IsPrivate":"0","Type":"Other","Attributes":{"OriginalFileName":""}},{"ID":"117095956","LowPic":"https://inishop.com/img/gallery_lows/5a4fa7906c8dbc60bbcc56edd23ecd1ea7a87adf.jpg","LowSize":"12096","LowHeight":"100","LowWidth":"200","ThumbPic":"https://inishop.com/img/gallery_thumbs/06ab6c44fc7413d1e12c18e0ba7ab4b552a5aba3.jpg","ThumbPicSize":"2925","Pic":"https://inishop.com/img/gallery/bfcb69e7b49e8a80933ffa2c679d55b66d683e5f.jpg","Size":"553325","PicHeight":"769","PicWidth":"1537","Pic500x500":"https://inishop.com/img/gallery_mediums/c7575cda15b80a3e4db450a12e76a4f3496ad7da.jpg","Pic500x500Size":"61849","Pic500x500Height":"250","Pic500x500Width":"500","No":"3","IsMain":"N","Updated":"2025-09-09 11:42:00","IsPrivate":"0","Type":"Other","Attributes":{"OriginalFileName":""}},{"ID":"117095957","LowPic":"https://inishop.com/img/gallery_lows/f944780c51c2acc764b71b87f608ee216f83091b.jpg","LowSize":"14288","LowHeight":"200","LowWidth":"82","ThumbPic":"https://inishop.com/img/gallery_thumbs/c08b003440e2f91976c630b8822dc0f5050da8a8.jpg","ThumbPicSize":"3111","Pic":"https://inishop.com/img/gallery/7b4904c2865af2dc979469230557faad28a6fb19.jpg","Size":"668440","PicHeight":"1522","PicWidth":"621","Pic500x500":"https://inishop.com/img/gallery_mediums/4dc6c287ef4c47257b9295350c974c3df80e8341.jpg","Pic500x500Size":"78470","Pic500x500Height":"500","Pic500x500Width":"204","No":"4","IsMain":"N","Updated":"2025-09-09 11:42:05","IsPrivate":"0","Type":"Other","Attributes":{"OriginalFileName":""}},{"ID":"117095958","LowPic":"https://inishop.com/img/gallery_lows/b1225520bbb9fabfaa2eb007ab9af1ceefd583a5.jpg","LowSize":"13128","LowHeight":"90","LowWidth":"200","ThumbPic":"https://inishop.com/img/gallery_thumbs/1d47efddb97fa4ed9c093d607292dd73d7c464a0.jpg","ThumbPicSize":"3406","Pic":"https://inishop.com/img/gallery/e77d2c2157c0234e11b456116cefcb2d1c85e13b.jpg","Size":"431264","PicHeight":"677","PicWidth":"1507","Pic500x500":"https://inishop.com/img/gallery_mediums/866cb6d48c57ec406ca95b49895472e992cee504.jpg","Pic500x500Size":"61741","Pic500x500Height":"225","Pic500x500Width":"500","No":"5","IsMain":"N","Updated":"2025-09-09 11:42:09","IsPrivate":"0","Type":"Other","Attributes":{"OriginalFileName":""}}],"FeaturesGroups":[{"ID":17164,"SortNo":"50","FeatureGroup":{"ID":"185","Name":{"Value":"Features","Language":"EN"}},"Features":[{"Localized":0,"ID":835246372,"LocalID":0,"Type":"dropdown","Value":"Running","CategoryFeatureId":"333583","CategoryFeatureGroupID":"17164","SortNo":"350","PresentationValue":"Running","RawValue":"Running","LocalValue":"Running","Description":"","Mandatory":"1","Searchable":"1","Optional":"0","Feature":{"ID":"41029","Sign":"","Measure":{"ID":"29","Sign":"","Signs":{"ID":"","_":"","Language":"EN"}},"Name":{"Value":"Activity","Language":"EN"}}},{"Localized":0,"ID":835246368,"LocalID":0,"Type":"dropdown","Value":"Male","CategoryFeatureId":"158233","CategoryFeatureGroupID":"17164","SortNo":"300","PresentationValue":"Male","RawValue":"Male","LocalValue":"Male","Description":"Gender (type) of a product.","Mandatory":"1","Searchable":"1","Optional":"0","Feature":{"ID":"3230","Sign":"","Measure":{"ID":"29","Sign":"","Signs":{"ID":"","_":"","Language":"EN"}},"Name":{"Value":"Gender","Language":"EN"}}},{"Localized":0,"ID":835246371,"LocalID":0,"Type":"dropdown","Value":"Adult","CategoryFeatureId":"333580","CategoryFeatureGroupID":"17164","SortNo":"295","PresentationValue":"Adult","RawValue":"Adult","LocalValue":"Adult","Description":"","Mandatory":"1","Searchable":"1","Optional":"0","Feature":{"ID":"36987","Sign":"","Measure":{"ID":"29","Sign":"","Signs":{"ID":"","_":"","Language":"EN"}},"Name":{"Value":"Consumer life stage","Language":"EN"}}},{"Localized":0,"ID":835247547,"LocalID":0,"Type":"dropdown","Value":"Image","CategoryFeatureId":"158216","CategoryFeatureGroupID":"17164","SortNo":"148","PresentationValue":"Image","RawValue":"Image","LocalValue":"Image","Description":"","Mandatory":"0","Searchable":"0","Optional":"0","Feature":{"ID":"21118","Sign":"","Measure":{"ID":"29","Sign":"","Signs":{"ID":"","_":"","Language":"EN"}},"Name":{"Value":"Coloration","Language":"EN"}}},{"Localized":0,"ID":835246847,"LocalID":0,"Type":"multi_dropdown","Value":"Graphite,Grey","CategoryFeatureId":"333581","CategoryFeatureGroupID":"17164","SortNo":"144","PresentationValue":"Graphite, Grey","RawValue":"Graphite,Grey","LocalValue":"Graphite, Grey","Description":"","Mandatory":"1","Searchable":"1","Optional":"0","Feature":{"ID":"37466","Sign":"","Measure":{"ID":"29","Sign":"","Signs":{"ID":"","_":"","Language":"EN"}},"Name":{"Value":"Product main colour","Language":"EN"}}},{"Localized":0,"ID":835246369,"LocalID":0,"Type":"alphanumeric","Value":"42","CategoryFeatureId":"949645","CategoryFeatureGroupID":"17164","SortNo":"144","PresentationValue":"42","RawValue":"42","LocalValue":"42","Description":"","Mandatory":"0","Searchable":"0","Optional":"0","Feature":{"ID":"47506","Sign":"","Measure":{"ID":"29","Sign":"","Signs":{"ID":"","_":"","Language":"EN"}},"Name":{"Value":"Size (EU)","Language":"EN"}}},{"Localized":0,"ID":835247195,"LocalID":0,"Type":"multi_dropdown","Value":"Lace-up closure","CategoryFeatureId":"333640","CategoryFeatureGroupID":"17164","SortNo":"115","PresentationValue":"Lace-up closure","RawValue":"Lace-up closure","LocalValue":"Lace-up closure","Description":"","Mandatory":"0","Searchable":"0","Optional":"0","Feature":{"ID":"41034","Sign":"","Measure":{"ID":"29","Sign":"","Signs":{"ID":"","_":"","Language":"EN"}},"Name":{"Value":"Footwear closure type","Language":"EN"}}},{"Localized":0,"ID":835246867,"LocalID":0,"Type":"numerical","Value":"6","CategoryFeatureId":"333621","CategoryFeatureGroupID":"17164","SortNo":"111","PresentationValue":"6 mm","RawValue":"6","LocalValue":"6","Description":"","Mandatory":"0","Searchable":"0","Optional":"0","Feature":{"ID":"41060","Sign":"","Measure":{"ID":"24","Sign":"","Signs":{"ID":"3","_":"mm","Language":"EN"}},"Name":{"Value":"Heel drop","Language":"EN"}}},{"Localized":0,"ID":835246858,"LocalID":0,"Type":"y_n","Value":"Y","CategoryFeatureId":"333626","CategoryFeatureGroupID":"17164","SortNo":"97","PresentationValue":"Yes","RawValue":"Y","LocalValue":"Yes","Description":"","Mandatory":"0","Searchable":"0","Optional":"0","Feature":{"ID":"41065","Sign":"","Measure":{"ID":"26","Sign":"","Signs":{"ID":"","_":"","Language":"EN"}},"Name":{"Value":"Cushioned insole","Language":"EN"}}}]},{"ID":34344,"SortNo":"40","FeatureGroup":{"ID":"119","Name":{"Value":"Material","Language":"EN"}},"Features":[{"Localized":0,"ID":835247373,"LocalID":0,"Type":"multi_dropdown","Value":"Thermoplastic polyurethane (TPU)","CategoryFeatureId":"158219","CategoryFeatureGroupID":"34344","SortNo":"230","PresentationValue":"Thermoplastic polyurethane (TPU)","RawValue":"Thermoplastic polyurethane (TPU)","LocalValue":"Thermoplastic polyurethane (TPU)","Description":"","Mandatory":"0","Searchable":"0","Optional":"0","Feature":{"ID":"25410","Sign":"","Measure":{"ID":"29","Sign":"","Signs":{"ID":"","_":"","Language":"EN"}},"Name":{"Value":"Midsole material","Language":"EN"}}},{"Localized":0,"ID":835247036,"LocalID":0,"Type":"multi_dropdown","Value":"Mesh,Synthetic","CategoryFeatureId":"196763","CategoryFeatureGroupID":"34344","SortNo":"200","PresentationValue":"Mesh, Synthetic","RawValue":"Mesh,Synthetic","LocalValue":"Mesh, Synthetic","Description":"The material the upper part of the shoe is made of, e.g. leather, canvas or mesh.","Mandatory":"1","Searchable":"0","Optional":"0","Feature":{"ID":"29975","Sign":"","Measure":{"ID":"29","Sign":"","Signs":{"ID":"","_":"","Language":"EN"}},"Name":{"Value":"Upper material","Language":"EN"}}}]},{"ID":17169,"SortNo":"10","FeatureGroup":{"ID":"14","Name":{"Value":"Weight & dimensions","Language":"EN"}},"Features":[{"Localized":0,"ID":835246862,"LocalID":0,"Type":"numerical","Value":"302.6","CategoryFeatureId":"158237","CategoryFeatureGroupID":"17169","SortNo":"5","PresentationValue":"302.6 g","RawValue":"302.6","LocalValue":"302.6","Description":"Weight of the product without packaging (net weight). If possible, the net weight is given including standard accessories and supplies. Please note that sometimes the manufacturer leaves out the weight of accessories and/or supplies.","Mandatory":"0","Searchable":"0","Optional":"0","Feature":{"ID":"94","Sign":"","Measure":{"ID":"38","Sign":"","Signs":{"ID":"22","_":"g","Language":"EN"}},"Name":{"Value":"Weight","Language":"EN"}}}]}],"FeatureLogos":[],"ReasonsToBuy":[],"Reviews":[],"ProductRelated":[],"CatalogObjectCloud":{},"Variants":[],"ProductStory":[{"ID":"7E4FCEB8-7A23-4211-96FC-3DE88EBF1CBD","URL":"https://live-html.icecat.biz/aa7d35c05075114fee40bf2e32dec12b/index.html","Type":"ProductStory","ContentType":"application/zip","KeepAsUrl":"0","Description":"ProductStory","Size":"1668","IsPrivate":"0","Updated":"2025-09-09 15:31:45","Language":"EN","IsVideo":0}],"Dictionary":{"model_name":"Product name","desc":"Description","ean_code":"EAN/UPC code","flash360":"3D tour","demo_msg_part3":"If you don't have an Icecat account, please register here for free.","repairability_index":"Repairability index","zoom_panel_init":"Original size","cat_name":"Category","product_family":"Product family","back_to_top":"Back to top","zoom_panel_out":"Zoom out","specs":"Specs","eu_product_fiche":"EU Product Fiche","reviews_head_name":"Reviews","pdf_specs":"Product Brochure","zoom_panel_in":"Zoom in","html_content":"","release_date":"Release date","demo_msg_part1":"You are using now a Demo account. Please, use your own Icecat account","demo_insert_desc":"This is a demo of a seamless insert of an Icecat LIVE product data-sheet in your website. Imagine that this responsive data-sheet is included in the product page of your webshop.","pdf_url":"User manual","prod_code":"Product code","supplier_name":"Brand","video":"Video","reasons_to_buy":"Reasons to buy","marketing_text":"Description","options_head_name":"Options","product_series":"Product series","demo_msg_part2":"your Icecat login name","link_integrate_desk":"How to integrate Icecat LIVE JavaScript.","zoom_panel_dragg":"Mouse dragging","eu_energy_label":"EU Energy Label"},"DemoAccount":false}}