{"msg":"OK","data":{"GeneralInfo":{"IcecatId":122445692,"ReleaseDate":"","EndOfLifeDate":"","Title":"Apple AirPods Max - Blue","TitleInfo":{"GeneratedIntTitle":"Apple AirPods Max","GeneratedLocalTitle":{"Value":"Apple AirPods Max Headset Wireless Head-band Calls/Music USB Type-C Bluetooth","Language":"EN"},"BrandLocalTitle":{"Value":"Apple AirPods Max - Blue","Language":"EN"}},"Brand":"Apple","BrandID":"9","BrandLogo":"https://inishop.com/img/brand/thumb/9_d14b59ec69c0456b8775a7210bbba1e9.jpg","BrandInfo":{"BrandName":"Apple","BrandLocalName":"","BrandLogo":"https://inishop.com/img/brand/thumb/9_d14b59ec69c0456b8775a7210bbba1e9.jpg"},"ProductName":"AirPods Max - Blue","ProductNameInfo":{"ProductIntName":"AirPods Max","ProductLocalName":{"Value":"AirPods Max - Blue","Language":"EN"}},"BrandPartCode":"MWW63DN/A","GTIN":["0195949544200","195949544200"],"Category":{"CategoryID":"1637","Name":{"Value":"Headphones & Headsets","Language":"EN"}},"ProductFamily":{"ProductFamilyID":"72158","Value":"AirPods Max","Language":"EN"},"ProductSeries":{"SeriesID":"0"},"Description":{"ID":"96756409","LongDesc":"<b>Symphonic boom.</b>","LongProductName":"AirPods Max, Digital Crown, Bluetooth 5.0, 20h, USB‑C","MiddleDesc":"","Disclaimer":"","ManualPDFURL":"","ManualPDFSize":"0","LeafletPDFURL":"","PDFSize":"0","URL":"https://www.apple.com/airpods-max/","WarrantyInfo":"","Updated":"2024-09-16 16:17:00","Language":"EN"},"SummaryDescription":{"ShortSummaryDescription":"Apple AirPods Max - Blue, Wireless, Calls/Music, 386.2 g, Headset, Blue","LongSummaryDescription":"Apple AirPods Max - Blue. Product type: Headset. Connectivity technology: Wireless, Bluetooth. Recommended usage: Calls/Music. Weight: 386.2 g. Product colour: Blue"},"BulletPoints":{"BulletPointsId":"10164411","Language":"EN","Values":["The ultimate over-ear personal listening experience — now in fresh new colors","High-fidelity sound. Exhilarating audio with deep bass, expansive mids, and crisp highs","Pro-level Active Noise Cancellation. Removes unwanted noise so you can immerse yourself in the music","Over-ear design. From canopy to cushion, built for unequaled fit and comfort","USB‑C. Charging is fast and easy with the one‑cable convenience of USB‑C"],"Updated":"2024-09-16 16:16:59"},"GeneratedBulletPoints":{"Language":"EN","Values":["Blue Calls/Music Head-band Headset","Wireless USB connectivity Bluetooth 5.0","Circumaural","Microphone type: Built-in"]},"GTINs":[{"GTIN":"0195949544200","IsApproved":true},{"GTIN":"195949544200","IsApproved":true}]},"Image":{"HighPic":"https://inishop.com/img/gallery/9b447f1312d4ac410b11e63a50b921d362010454.jpg","HighPicSize":"164745","HighPicHeight":"916","HighPicWidth":"976","LowPic":"https://inishop.com/img/gallery_lows/d70ca2b849d0ae3bb50a60b22646a63b39fd32c0.jpg","LowPicSize":"18229","LowPicHeight":"188","LowPicWidth":"200","Pic500x500":"https://inishop.com/img/gallery_mediums/99709714801532e4810c241a7618387d3887c8a9.jpg","Pic500x500Size":"73488","Pic500x500Height":"469","Pic500x500Width":"500","ThumbPic":"https://inishop.com/img/gallery_thumbs/c1cc3cddc4b293cfacdcac6d0fb7fa11c99f5708.jpg","ThumbPicSize":"5323"},"Multimedia":[],"Gallery":[{"ID":"95491024","LowPic":"https://inishop.com/img/gallery_lows/d70ca2b849d0ae3bb50a60b22646a63b39fd32c0.jpg","LowSize":"18229","LowHeight":"188","LowWidth":"200","ThumbPic":"https://inishop.com/img/gallery_thumbs/c1cc3cddc4b293cfacdcac6d0fb7fa11c99f5708.jpg","ThumbPicSize":"5323","Pic":"https://inishop.com/img/gallery/9b447f1312d4ac410b11e63a50b921d362010454.jpg","Size":"164745","PicHeight":"916","PicWidth":"976","Pic500x500":"https://inishop.com/img/gallery_mediums/99709714801532e4810c241a7618387d3887c8a9.jpg","Pic500x500Size":"73488","Pic500x500Height":"469","Pic500x500Width":"500","No":"1","IsMain":"Y","Updated":"2024-09-16 16:03:12","IsPrivate":"0","Type":"ProductImage","Attributes":{"OriginalFileName":""}},{"ID":"95491046","LowPic":"https://inishop.com/img/gallery_lows/6f4423c3236425cad4ca588b2393d4a2a79ff2ab.jpg","LowSize":"10087","LowHeight":"200","LowWidth":"182","ThumbPic":"https://inishop.com/img/gallery_thumbs/915a5594a165458b65a3a77d60fda187478bc656.jpg","ThumbPicSize":"2940","Pic":"https://inishop.com/img/gallery/0eba29530812e946ce6d976d23a6e80334e85f70.jpg","Size":"60572","PicHeight":"680","PicWidth":"620","Pic500x500":"https://inishop.com/img/gallery_mediums/f861728d79203336c09f3741fcb5f64d29fe48ab.jpg","Pic500x500Size":"51336","Pic500x500Height":"500","Pic500x500Width":"456","No":"2","IsMain":"N","Updated":"2024-09-16 16:04:45","IsPrivate":"0","Type":"ProductDetailImage","Attributes":{"OriginalFileName":""}},{"ID":"95491047","LowPic":"https://inishop.com/img/gallery_lows/4da72a18f2294658a5213b411a292e4d991f9cd3.jpg","LowSize":"12566","LowHeight":"200","LowWidth":"182","ThumbPic":"https://inishop.com/img/gallery_thumbs/4a9f238344a21e7391bbb1104b19155eb8d0fb5c.jpg","ThumbPicSize":"3509","Pic":"https://inishop.com/img/gallery/aac8a23d7483053f8e9219b7f7e726cbf05424b1.jpg","Size":"85898","PicHeight":"680","PicWidth":"620","Pic500x500":"https://inishop.com/img/gallery_mediums/6364adcca31c5787decdf1776e95d70257d95758.jpg","Pic500x500Size":"60153","Pic500x500Height":"500","Pic500x500Width":"456","No":"3","IsMain":"N","Updated":"2024-09-16 16:04:55","IsPrivate":"0","Type":"ProductDetailImage","Attributes":{"OriginalFileName":""}},{"ID":"95491048","LowPic":"https://inishop.com/img/gallery_lows/3dc732208afa937d75b7b156b71d1906da07baf9.jpg","LowSize":"15878","LowHeight":"200","LowWidth":"182","ThumbPic":"https://inishop.com/img/gallery_thumbs/cc319fd874ee3ee9daacbf865f8f974db8f86f33.jpg","ThumbPicSize":"3580","Pic":"https://inishop.com/img/gallery/9b7de9df640b7d5992d5e39b597da61931b7b04a.jpg","Size":"159693","PicHeight":"680","PicWidth":"620","Pic500x500":"https://inishop.com/img/gallery_mediums/e6ff2a306786b7dd486fd20c604dccfcb3c0ba98.jpg","Pic500x500Size":"100252","Pic500x500Height":"500","Pic500x500Width":"456","No":"4","IsMain":"N","Updated":"2024-09-16 16:04:55","IsPrivate":"0","Type":"ProductDetailImage","Attributes":{"OriginalFileName":""}},{"ID":"95491049","LowPic":"https://inishop.com/img/gallery_lows/0530612b491303873fd1b7b3cbc5483e7df6e6e4.jpg","LowSize":"13465","LowHeight":"200","LowWidth":"182","ThumbPic":"https://inishop.com/img/gallery_thumbs/7fe1e501a0fcd8e5173aefbc6ad953ed5213626b.jpg","ThumbPicSize":"3125","Pic":"https://inishop.com/img/gallery/1fde74eed0b63431b6aa0f281eab0d8de85a4dec.jpg","Size":"112291","PicHeight":"680","PicWidth":"620","Pic500x500":"https://inishop.com/img/gallery_mediums/c395a3bf5a6c4f5ff221d24fa16e8b28c7d882f6.jpg","Pic500x500Size":"81330","Pic500x500Height":"500","Pic500x500Width":"456","No":"5","IsMain":"N","Updated":"2024-09-16 16:04:55","IsPrivate":"0","Type":"ProductDetailImage","Attributes":{"OriginalFileName":""}}],"FeaturesGroups":[{"ID":10774,"SortNo":"60","FeatureGroup":{"ID":"184","Name":{"Value":"Performance","Language":"EN"}},"Features":[{"Localized":0,"ID":683630985,"LocalID":0,"Type":"dropdown","Value":"Headset","CategoryFeatureId":"320952","CategoryFeatureGroupID":"10774","SortNo":"300","PresentationValue":"Headset","RawValue":"Headset","LocalValue":"Headset","Description":"The sub-category of the product.","Mandatory":"1","Searchable":"1","Optional":"0","Feature":{"ID":"14052","Sign":"","Measure":{"ID":"29","Sign":"","Signs":{"ID":"","_":"","Language":"EN"}},"Name":{"Value":"Product type","Language":"EN"}}},{"Localized":0,"ID":683630978,"LocalID":0,"Type":"dropdown","Value":"Head-band","CategoryFeatureId":"48583","CategoryFeatureGroupID":"10774","SortNo":"294","PresentationValue":"Head-band","RawValue":"Head-band","LocalValue":"Head-band","Description":"The way in which the device is worn.","Mandatory":"1","Searchable":"1","Optional":"0","Feature":{"ID":"8136","Sign":"","Measure":{"ID":"29","Sign":"","Signs":{"ID":"","_":"","Language":"EN"}},"Name":{"Value":"Wearing style","Language":"EN"}}},{"Localized":0,"ID":683630980,"LocalID":0,"Type":"dropdown","Value":"Calls/Music","CategoryFeatureId":"320937","CategoryFeatureGroupID":"10774","SortNo":"291","PresentationValue":"Calls/Music","RawValue":"Calls/Music","LocalValue":"Calls/Music","Description":"What the product should be used for, and how it should be used (e.g. ambient temperature).","Mandatory":"1","Searchable":"1","Optional":"0","Feature":{"ID":"8480","Sign":"","Measure":{"ID":"29","Sign":"","Signs":{"ID":"","_":"","Language":"EN"}},"Name":{"Value":"Recommended usage","Language":"EN"}}},{"Localized":0,"ID":683630977,"LocalID":0,"Type":"dropdown","Value":"Binaural","CategoryFeatureId":"48578","CategoryFeatureGroupID":"10774","SortNo":"288","PresentationValue":"Binaural","RawValue":"Binaural","LocalValue":"Binaural","Description":"A headset is headphones combined with a microphone, or one headphone with a microphone. Headsets provide the equivalent functionality of a telephone handset but with hands-free operation. Types of headsets include single earpiece (monaural) and double earpiece.","Mandatory":"0","Searchable":"0","Optional":"0","Feature":{"ID":"8135","Sign":"","Measure":{"ID":"29","Sign":"","Signs":{"ID":"","_":"","Language":"EN"}},"Name":{"Value":"Headset type","Language":"EN"}}},{"Localized":0,"ID":683630967,"LocalID":0,"Type":"multi_dropdown","Value":"Blue","CategoryFeatureId":"41175","CategoryFeatureGroupID":"10774","SortNo":"280","PresentationValue":"Blue","RawValue":"Blue","LocalValue":"Blue","Description":"The colour e.g. red, blue, green, black, white.","Mandatory":"1","Searchable":"0","Optional":"0","Feature":{"ID":"1766","Sign":"","Measure":{"ID":"29","Sign":"","Signs":{"ID":"","_":"","Language":"EN"}},"Name":{"Value":"Product colour","Language":"EN"}}},{"Localized":0,"ID":683630972,"LocalID":0,"Type":"dropdown","Value":"Rotary","CategoryFeatureId":"43294","CategoryFeatureGroupID":"10774","SortNo":"276","PresentationValue":"Rotary","RawValue":"Rotary","LocalValue":"Rotary","Description":"","Mandatory":"0","Searchable":"0","Optional":"0","Feature":{"ID":"2587","Sign":"","Measure":{"ID":"29","Sign":"","Signs":{"ID":"","_":"","Language":"EN"}},"Name":{"Value":"Volume control","Language":"EN"}}},{"Localized":0,"ID":683630973,"LocalID":0,"Type":"dropdown","Value":"Buttons,Rotary","CategoryFeatureId":"255483","CategoryFeatureGroupID":"10774","SortNo":"274","PresentationValue":"Buttons, Rotary","RawValue":"Buttons,Rotary","LocalValue":"Buttons, Rotary","Description":"The way in which the device is controlled.","Mandatory":"0","Searchable":"0","Optional":"0","Feature":{"ID":"2651","Sign":"","Measure":{"ID":"29","Sign":"","Signs":{"ID":"","_":"","Language":"EN"}},"Name":{"Value":"Control type","Language":"EN"}}},{"Localized":0,"ID":683630982,"LocalID":0,"Type":"y_n","Value":"Y","CategoryFeatureId":"321177","CategoryFeatureGroupID":"10774","SortNo":"20","PresentationValue":"Yes","RawValue":"Y","LocalValue":"Yes","Description":"","Mandatory":"0","Searchable":"0","Optional":"0","Feature":{"ID":"9731","Sign":"","Measure":{"ID":"26","Sign":"","Signs":{"ID":"","_":"","Language":"EN"}},"Name":{"Value":"Accelerometer","Language":"EN"}}},{"Localized":0,"ID":683630983,"LocalID":0,"Type":"y_n","Value":"Y","CategoryFeatureId":"685303","CategoryFeatureGroupID":"10774","SortNo":"19","PresentationValue":"Yes","RawValue":"Y","LocalValue":"Yes","Description":"","Mandatory":"0","Searchable":"0","Optional":"0","Feature":{"ID":"9732","Sign":"","Measure":{"ID":"26","Sign":"","Signs":{"ID":"","_":"","Language":"EN"}},"Name":{"Value":"Gyroscope","Language":"EN"}}},{"Localized":0,"ID":683630995,"LocalID":0,"Type":"y_n","Value":"Y","CategoryFeatureId":"685305","CategoryFeatureGroupID":"10774","SortNo":"16","PresentationValue":"Yes","RawValue":"Y","LocalValue":"Yes","Description":"","Mandatory":"0","Searchable":"0","Optional":"0","Feature":{"ID":"42775","Sign":"","Measure":{"ID":"26","Sign":"","Signs":{"ID":"","_":"","Language":"EN"}},"Name":{"Value":"Optical sensor","Language":"EN"}}},{"Localized":0,"ID":683630996,"LocalID":0,"Type":"y_n","Value":"Y","CategoryFeatureId":"685304","CategoryFeatureGroupID":"10774","SortNo":"15","PresentationValue":"Yes","RawValue":"Y","LocalValue":"Yes","Description":"","Mandatory":"0","Searchable":"0","Optional":"0","Feature":{"ID":"42776","Sign":"","Measure":{"ID":"26","Sign":"","Signs":{"ID":"","_":"","Language":"EN"}},"Name":{"Value":"Position sensor","Language":"EN"}}},{"Localized":0,"ID":683631003,"LocalID":0,"Type":"y_n","Value":"Y","CategoryFeatureId":"967689","CategoryFeatureGroupID":"10774","SortNo":"13","PresentationValue":"Yes","RawValue":"Y","LocalValue":"Yes","Description":"","Mandatory":"0","Searchable":"0","Optional":"0","Feature":{"ID":"48326","Sign":"","Measure":{"ID":"26","Sign":"","Signs":{"ID":"","_":"","Language":"EN"}},"Name":{"Value":"Case detection sensor","Language":"EN"}}},{"Localized":0,"ID":683630989,"LocalID":0,"Type":"dropdown","Value":"Apple H1","CategoryFeatureId":"321208","CategoryFeatureGroupID":"10774","SortNo":"5","PresentationValue":"Apple H1","RawValue":"Apple H1","LocalValue":"Apple H1","Description":"","Mandatory":"0","Searchable":"0","Optional":"0","Feature":{"ID":"25338","Sign":"","Measure":{"ID":"29","Sign":"","Signs":{"ID":"","_":"","Language":"EN"}},"Name":{"Value":"Audio chip","Language":"EN"}}},{"Localized":0,"ID":683631001,"LocalID":0,"Type":"y_n","Value":"Y","CategoryFeatureId":"940592","CategoryFeatureGroupID":"10774","SortNo":"5","PresentationValue":"Yes","RawValue":"Y","LocalValue":"Yes","Description":"","Mandatory":"0","Searchable":"0","Optional":"0","Feature":{"ID":"47120","Sign":"","Measure":{"ID":"26","Sign":"","Signs":{"ID":"","_":"","Language":"EN"}},"Name":{"Value":"Personalized Spatial Audio","Language":"EN"}}},{"Localized":0,"ID":683631002,"LocalID":0,"Type":"y_n","Value":"Y","CategoryFeatureId":"967688","CategoryFeatureGroupID":"10774","SortNo":"5","PresentationValue":"Yes","RawValue":"Y","LocalValue":"Yes","Description":"","Mandatory":"0","Searchable":"0","Optional":"0","Feature":{"ID":"48325","Sign":"","Measure":{"ID":"26","Sign":"","Signs":{"ID":"","_":"","Language":"EN"}},"Name":{"Value":"Adaptive EQ","Language":"EN"}}},{"Localized":0,"ID":683630992,"LocalID":0,"Type":"y_n","Value":"Y","CategoryFeatureId":"708870","CategoryFeatureGroupID":"10774","SortNo":"-26","PresentationValue":"Yes","RawValue":"Y","LocalValue":"Yes","Description":"","Mandatory":"0","Searchable":"0","Optional":"0","Feature":{"ID":"41622","Sign":"","Measure":{"ID":"26","Sign":"","Signs":{"ID":"","_":"","Language":"EN"}},"Name":{"Value":"Works with Apple Siri","Language":"EN"}}}]},{"ID":6264,"SortNo":"40","FeatureGroup":{"ID":"12","Name":{"Value":"Ports & interfaces","Language":"EN"}},"Features":[{"Localized":0,"ID":683630966,"LocalID":0,"Type":"dropdown","Value":"Wireless","CategoryFeatureId":"155712","CategoryFeatureGroupID":"6264","SortNo":"298","PresentationValue":"Wireless","RawValue":"Wireless","LocalValue":"Wireless","Description":"The technology that enables connectivity of the device, e.g. wired or wireless.","Mandatory":"1","Searchable":"1","Optional":"0","Feature":{"ID":"1655","Sign":"","Measure":{"ID":"29","Sign":"","Signs":{"ID":"","_":"","Language":"EN"}},"Name":{"Value":"Connectivity technology","Language":"EN"}}},{"Localized":0,"ID":683630984,"LocalID":0,"Type":"y_n","Value":"Y","CategoryFeatureId":"199416","CategoryFeatureGroupID":"6264","SortNo":"288","PresentationValue":"Yes","RawValue":"Y","LocalValue":"Yes","Description":"The product has USB connector.","Mandatory":"0","Searchable":"0","Optional":"0","Feature":{"ID":"10496","Sign":"","Measure":{"ID":"26","Sign":"","Signs":{"ID":"","_":"","Language":"EN"}},"Name":{"Value":"USB connectivity","Language":"EN"}}},{"Localized":0,"ID":683630990,"LocalID":0,"Type":"dropdown","Value":"USB Type-C","CategoryFeatureId":"199417","CategoryFeatureGroupID":"6264","SortNo":"287","PresentationValue":"USB Type-C","RawValue":"USB Type-C","LocalValue":"USB Type-C","Description":"What type of USB connector is built into the device.","Mandatory":"0","Searchable":"0","Optional":"0","Feature":{"ID":"26352","Sign":"","Measure":{"ID":"29","Sign":"","Signs":{"ID":"","_":"","Language":"EN"}},"Name":{"Value":"USB connector","Language":"EN"}}},{"Localized":0,"ID":683630970,"LocalID":0,"Type":"y_n","Value":"Y","CategoryFeatureId":"199418","CategoryFeatureGroupID":"6264","SortNo":"286","PresentationValue":"Yes","RawValue":"Y","LocalValue":"Yes","Description":"Bluetooth is a low-power radio technology developed to replace the cables and wires currently used to link or connect electronic devices such as personal computers, printers, and a wide variety of handheld devices including mobile phones. Because it uses radio-wave connectivity, a Bluetooth-enabled device has a constant, established connection to whatever browser it uses. This saves the user the trouble of logging on to check for emails or news updates, for example.","Mandatory":"0","Searchable":"0","Optional":"0","Feature":{"ID":"2183","Sign":"","Measure":{"ID":"26","Sign":"","Signs":{"ID":"","_":"","Language":"EN"}},"Name":{"Value":"Bluetooth","Language":"EN"}}},{"Localized":0,"ID":683630962,"LocalID":0,"Type":"dropdown","Value":"5.0","CategoryFeatureId":"43224","CategoryFeatureGroupID":"6264","SortNo":"285","PresentationValue":"5.0","RawValue":"5.0","LocalValue":"5.0","Description":"The type of bluetooth technology in the product e.g. Bluetooth Smart (v4.0).","Mandatory":"0","Searchable":"0","Optional":"0","Feature":{"ID":"1208","Sign":"","Measure":{"ID":"29","Sign":"","Signs":{"ID":"","_":"","Language":"EN"}},"Name":{"Value":"Bluetooth version","Language":"EN"}}}]},{"ID":5109,"SortNo":"30","FeatureGroup":{"ID":"71","Name":{"Value":"Headphones","Language":"EN"}},"Features":[{"Localized":0,"ID":683630971,"LocalID":0,"Type":"dropdown","Value":"Circumaural","CategoryFeatureId":"42691","CategoryFeatureGroupID":"5109","SortNo":"50","PresentationValue":"Circumaural","RawValue":"Circumaural","LocalValue":"Circumaural","Description":"Ear coupling describes the way in which headphones or earphones stay attached to, or inside, the ear. There are three common types of ear coupling: circumaural, supra-aural and intra-aural. Circumaural headphones enclose your ears with large pads that suppress external noise. Supra-aural headphones are typically more lightweight and sit on top of the ears with small pads. Intra-aural headphones come in two basic designs and neither style sits on the head itself. The first are ear buds, which sit just outside of the ear canal, on top of your ear lobes. The second type is actually inserted directly into the ear canal and offers some external noise suppression.","Mandatory":"1","Searchable":"0","Optional":"0","Feature":{"ID":"2527","Sign":"","Measure":{"ID":"29","Sign":"","Signs":{"ID":"","_":"","Language":"EN"}},"Name":{"Value":"Ear coupling","Language":"EN"}}},{"Localized":0,"ID":683630979,"LocalID":0,"Type":"dropdown","Value":"Dynamic","CategoryFeatureId":"80528","CategoryFeatureGroupID":"5109","SortNo":"30","PresentationValue":"Dynamic","RawValue":"Dynamic","LocalValue":"Dynamic","Description":"","Mandatory":"0","Searchable":"0","Optional":"0","Feature":{"ID":"8157","Sign":"","Measure":{"ID":"29","Sign":"","Signs":{"ID":"","_":"","Language":"EN"}},"Name":{"Value":"Driver type","Language":"EN"}}},{"Localized":0,"ID":683630999,"LocalID":0,"Type":"y_n","Value":"Y","CategoryFeatureId":"927756","CategoryFeatureGroupID":"5109","SortNo":"20","PresentationValue":"Yes","RawValue":"Y","LocalValue":"Yes","Description":"","Mandatory":"0","Searchable":"0","Optional":"0","Feature":{"ID":"46048","Sign":"","Measure":{"ID":"26","Sign":"","Signs":{"ID":"","_":"","Language":"EN"}},"Name":{"Value":"Noise canceling","Language":"EN"}}},{"Localized":0,"ID":683630991,"LocalID":0,"Type":"dropdown","Value":"Active","CategoryFeatureId":"319736","CategoryFeatureGroupID":"5109","SortNo":"19","PresentationValue":"Active","RawValue":"Active","LocalValue":"Active","Description":"","Mandatory":"0","Searchable":"0","Optional":"0","Feature":{"ID":"39802","Sign":"","Measure":{"ID":"29","Sign":"","Signs":{"ID":"","_":"","Language":"EN"}},"Name":{"Value":"Noise canceling type","Language":"EN"}}},{"Localized":0,"ID":683630994,"LocalID":0,"Type":"y_n","Value":"Y","CategoryFeatureId":"685306","CategoryFeatureGroupID":"5109","SortNo":"0","PresentationValue":"Yes","RawValue":"Y","LocalValue":"Yes","Description":"","Mandatory":"0","Searchable":"0","Optional":"0","Feature":{"ID":"42774","Sign":"","Measure":{"ID":"26","Sign":"","Signs":{"ID":"","_":"","Language":"EN"}},"Name":{"Value":"Transparency mode","Language":"EN"}}}]},{"ID":5110,"SortNo":"28","FeatureGroup":{"ID":"70","Name":{"Value":"Microphone","Language":"EN"}},"Features":[{"Localized":0,"ID":683630986,"LocalID":0,"Type":"dropdown","Value":"Built-in microphone","CategoryFeatureId":"320987","CategoryFeatureGroupID":"5110","SortNo":"297","PresentationValue":"Built-in","RawValue":"Built-in microphone","LocalValue":"Built-in","Description":"The characteristics of the microphone bulit into the device in terms of the reception of signals from all or just one direction, i.e. omnidirectional (better for concerts and the like vs unidirectional, more suitable for voice recording.","Mandatory":"1","Searchable":"1","Optional":"0","Feature":{"ID":"15803","Sign":"","Measure":{"ID":"29","Sign":"","Signs":{"ID":"","_":"","Language":"EN"}},"Name":{"Value":"Microphone type","Language":"EN"}}},{"Localized":0,"ID":683630975,"LocalID":0,"Type":"numerical","Value":"9","CategoryFeatureId":"321124","CategoryFeatureGroupID":"5110","SortNo":"0","PresentationValue":"9","RawValue":"9","LocalValue":"9","Description":"","Mandatory":"0","Searchable":"0","Optional":"0","Feature":{"ID":"7252","Sign":"","Measure":{"ID":"29","Sign":"","Signs":{"ID":"","_":"","Language":"EN"}},"Name":{"Value":"Number of microphones","Language":"EN"}}},{"Localized":0,"ID":683631000,"LocalID":0,"Type":"y_n","Value":"Y","CategoryFeatureId":"927757","CategoryFeatureGroupID":"5110","SortNo":"0","PresentationValue":"Yes","RawValue":"Y","LocalValue":"Yes","Description":"","Mandatory":"0","Searchable":"0","Optional":"0","Feature":{"ID":"46049","Sign":"","Measure":{"ID":"26","Sign":"","Signs":{"ID":"","_":"","Language":"EN"}},"Name":{"Value":"Microphone noise-canceling","Language":"EN"}}}]},{"ID":6263,"SortNo":"24","FeatureGroup":{"ID":"143","Name":{"Value":"Battery","Language":"EN"}},"Features":[{"Localized":0,"ID":683630969,"LocalID":0,"Type":"numerical","Value":"20","CategoryFeatureId":"43233","CategoryFeatureGroupID":"6263","SortNo":"13","PresentationValue":"20 h","RawValue":"20","LocalValue":"20","Description":"Number of hours on average for continuous play. This is dependent on the device battery capacity.","Mandatory":"0","Searchable":"0","Optional":"0","Feature":{"ID":"2169","Sign":"","Measure":{"ID":"46","Sign":"","Signs":{"ID":"30","_":"h","Language":"EN"}},"Name":{"Value":"Continuous audio playback time","Language":"EN"}}}]},{"ID":5114,"SortNo":"16","FeatureGroup":{"ID":"8","Name":{"Value":"System requirements","Language":"EN"}},"Features":[{"Localized":0,"ID":683630976,"LocalID":0,"Type":"multi_dropdown","Value":"Y","CategoryFeatureId":"48596","CategoryFeatureGroupID":"5114","SortNo":"8","PresentationValue":"Yes","RawValue":"Y","LocalValue":"Yes","Description":"Mac operating systems e.g. OS X can be used with the device.","Mandatory":"0","Searchable":"0","Optional":"0","Feature":{"ID":"7987","Sign":"","Measure":{"ID":"29","Sign":"","Signs":{"ID":"","_":"","Language":"EN"}},"Name":{"Value":"Mac operating systems supported","Language":"EN"}}},{"Localized":0,"ID":683630981,"LocalID":0,"Type":"multi_dropdown","Value":"iOS","CategoryFeatureId":"149011","CategoryFeatureGroupID":"5114","SortNo":"0","PresentationValue":"iOS","RawValue":"iOS","LocalValue":"iOS","Description":"The operating systems e.g. Android, iOS, that can be used with the mobile device.","Mandatory":"0","Searchable":"0","Optional":"0","Feature":{"ID":"8956","Sign":"","Measure":{"ID":"29","Sign":"","Signs":{"ID":"","_":"","Language":"EN"}},"Name":{"Value":"Mobile operating systems supported","Language":"EN"}}}]},{"ID":72109,"SortNo":"10","FeatureGroup":{"ID":"279","Name":{"Value":"Sustainability","Language":"EN"}},"Features":[{"Localized":0,"ID":683630993,"LocalID":0,"Type":"multi_dropdown","Value":"BFR,Mercury (element),PVC","CategoryFeatureId":"623846","CategoryFeatureGroupID":"72109","SortNo":"-1","PresentationValue":"BFR, Mercury, PVC","RawValue":"BFR,Mercury (element),PVC","LocalValue":"BFR, Mercury, PVC","Description":"","Mandatory":"0","Searchable":"0","Optional":"0","Feature":{"ID":"42516","Sign":"","Measure":{"ID":"29","Sign":"","Signs":{"ID":"","_":"","Language":"EN"}},"Name":{"Value":"Doesn't contain","Language":"EN"}}}]},{"ID":5112,"SortNo":"8","FeatureGroup":{"ID":"14","Name":{"Value":"Weight & dimensions","Language":"EN"}},"Features":[{"Localized":0,"ID":683630964,"LocalID":0,"Type":"numerical","Value":"168.6","CategoryFeatureId":"43302","CategoryFeatureGroupID":"5112","SortNo":"50","PresentationValue":"168.6 mm","RawValue":"168.6","LocalValue":"168.6","Description":"The measurement or extent of something from side to side.","Mandatory":"0","Searchable":"0","Optional":"0","Feature":{"ID":"1649","Sign":"","Measure":{"ID":"24","Sign":"","Signs":{"ID":"3","_":"mm","Language":"EN"}},"Name":{"Value":"Width","Language":"EN"}}},{"Localized":0,"ID":683630965,"LocalID":0,"Type":"numerical","Value":"83.4","CategoryFeatureId":"43235","CategoryFeatureGroupID":"5112","SortNo":"49","PresentationValue":"83.4 mm","RawValue":"83.4","LocalValue":"83.4","Description":"The distance from the front to the back of something.","Mandatory":"0","Searchable":"0","Optional":"0","Feature":{"ID":"1650","Sign":"","Measure":{"ID":"24","Sign":"","Signs":{"ID":"3","_":"mm","Language":"EN"}},"Name":{"Value":"Depth","Language":"EN"}}},{"Localized":0,"ID":683630963,"LocalID":0,"Type":"numerical","Value":"187.3","CategoryFeatureId":"43257","CategoryFeatureGroupID":"5112","SortNo":"48","PresentationValue":"187.3 mm","RawValue":"187.3","LocalValue":"187.3","Description":"The measurement of the product from head to foot or from base to top.","Mandatory":"0","Searchable":"0","Optional":"0","Feature":{"ID":"1464","Sign":"","Measure":{"ID":"24","Sign":"","Signs":{"ID":"3","_":"mm","Language":"EN"}},"Name":{"Value":"Height","Language":"EN"}}},{"Localized":0,"ID":683630961,"LocalID":0,"Type":"numerical","Value":"386.2","CategoryFeatureId":"41172","CategoryFeatureGroupID":"5112","SortNo":"47","PresentationValue":"386.2 g","RawValue":"386.2","LocalValue":"386.2","Description":"Weight of the product without packaging (net weight). If possible, the net weight is given including standard accessories and supplies. Please note that sometimes the manufacturer leaves out the weight of accessories and/or supplies.","Mandatory":"0","Searchable":"0","Optional":"0","Feature":{"ID":"94","Sign":"","Measure":{"ID":"38","Sign":"","Signs":{"ID":"22","_":"g","Language":"EN"}},"Name":{"Value":"Weight","Language":"EN"}}}]},{"ID":12861,"SortNo":"6","FeatureGroup":{"ID":"116","Name":{"Value":"Packaging content","Language":"EN"}},"Features":[{"Localized":0,"ID":683630988,"LocalID":0,"Type":"y_n","Value":"Y","CategoryFeatureId":"191358","CategoryFeatureGroupID":"12861","SortNo":"283","PresentationValue":"Yes","RawValue":"Y","LocalValue":"Yes","Description":"","Mandatory":"0","Searchable":"0","Optional":"0","Feature":{"ID":"23815","Sign":"","Measure":{"ID":"26","Sign":"","Signs":{"ID":"","_":"","Language":"EN"}},"Name":{"Value":"Charger","Language":"EN"}}},{"Localized":0,"ID":835230942,"LocalID":0,"Type":"y_n","Value":"N","CategoryFeatureId":"255783","CategoryFeatureGroupID":"12861","SortNo":"15","PresentationValue":"No","RawValue":"N","LocalValue":"No","Description":"","Mandatory":"1","Searchable":"0","Optional":"0","Feature":{"ID":"1230","Sign":"","Measure":{"ID":"26","Sign":"","Signs":{"ID":"","_":"","Language":"EN"}},"Name":{"Value":"AC adapter included","Language":"EN"}}},{"Localized":0,"ID":683630974,"LocalID":0,"Type":"y_n","Value":"Y","CategoryFeatureId":"70362","CategoryFeatureGroupID":"12861","SortNo":"1","PresentationValue":"Yes","RawValue":"Y","LocalValue":"Yes","Description":"A case in which the product can be carried.","Mandatory":"0","Searchable":"0","Optional":"0","Feature":{"ID":"3911","Sign":"","Measure":{"ID":"26","Sign":"","Signs":{"ID":"","_":"","Language":"EN"}},"Name":{"Value":"Carrying case","Language":"EN"}}},{"Localized":0,"ID":683630997,"LocalID":0,"Type":"numerical","Value":"134.5","CategoryFeatureId":"685308","CategoryFeatureGroupID":"12861","SortNo":"1","PresentationValue":"134.5 g","RawValue":"134.5","LocalValue":"134.5","Description":"","Mandatory":"0","Searchable":"0","Optional":"0","Feature":{"ID":"42777","Sign":"","Measure":{"ID":"38","Sign":"","Signs":{"ID":"22","_":"g","Language":"EN"}},"Name":{"Value":"Carrying case weight","Language":"EN"}}},{"Localized":0,"ID":683630968,"LocalID":0,"Type":"multi_dropdown","Value":"USB Type-C","CategoryFeatureId":"48600","CategoryFeatureGroupID":"12861","SortNo":"0","PresentationValue":"USB Type-C","RawValue":"USB Type-C","LocalValue":"USB Type-C","Description":"","Mandatory":"0","Searchable":"0","Optional":"0","Feature":{"ID":"1830","Sign":"","Measure":{"ID":"29","Sign":"","Signs":{"ID":"","_":"","Language":"EN"}},"Name":{"Value":"Cables included","Language":"EN"}}}]},{"ID":12862,"SortNo":"0","FeatureGroup":{"ID":"27","Name":{"Value":"Power","Language":"EN"}},"Features":[{"Localized":0,"ID":790563360,"LocalID":0,"Type":"y_n","Value":"Y","CategoryFeatureId":"974955","CategoryFeatureGroupID":"12862","SortNo":"0","PresentationValue":"Yes","RawValue":"Y","LocalValue":"Yes","Description":"","Mandatory":"1","Searchable":"0","Optional":"0","Feature":{"ID":"48505","Sign":"","Measure":{"ID":"26","Sign":"","Signs":{"ID":"","_":"","Language":"EN"}},"Name":{"Value":"USB Type-C charging port","Language":"EN"}}},{"Localized":0,"ID":790563355,"LocalID":0,"Type":"y_n","Value":"N","CategoryFeatureId":"974956","CategoryFeatureGroupID":"12862","SortNo":"0","PresentationValue":"No","RawValue":"N","LocalValue":"No","Description":"","Mandatory":"0","Searchable":"0","Optional":"0","Feature":{"ID":"34351","Sign":"","Measure":{"ID":"26","Sign":"","Signs":{"ID":"","_":"","Language":"EN"}},"Name":{"Value":"USB Power Delivery (USB PD)","Language":"EN"}}},{"Localized":0,"ID":790578306,"LocalID":0,"Type":"numerical","Value":"2.5","CategoryFeatureId":"974957","CategoryFeatureGroupID":"12862","SortNo":"0","PresentationValue":"2.5 W","RawValue":"2.5","LocalValue":"2.5","Description":"","Mandatory":"1","Searchable":"0","Optional":"0","Feature":{"ID":"48506","Sign":"","Measure":{"ID":"44","Sign":"","Signs":{"ID":"28","_":"W","Language":"EN"}},"Name":{"Value":"USB Type-C required charging power (min)","Language":"EN"}}},{"Localized":0,"ID":790578309,"LocalID":0,"Type":"numerical","Value":"3.5","CategoryFeatureId":"974958","CategoryFeatureGroupID":"12862","SortNo":"0","PresentationValue":"3.5 W","RawValue":"3.5","LocalValue":"3.5","Description":"","Mandatory":"1","Searchable":"0","Optional":"0","Feature":{"ID":"48507","Sign":"","Measure":{"ID":"44","Sign":"","Signs":{"ID":"28","_":"W","Language":"EN"}},"Name":{"Value":"USB Type-C required charging power (max)","Language":"EN"}}}]}],"FeatureLogos":[{"LogoPic":"https://inishop.com/img/feature_logo/1242-3899.png","Width":"0","Height":"0","Size":"0","ThumbPic":"https://inishop.com/img/feature_logo_thumbs/1242-3899.png","FeatureID":"1230","Value":"N","KeyLogo":0,"Description":{"Value":"DIRECTIVE (EU) 2022/2380 OF THE EUROPEAN PARLIAMENT AND OF THE COUNCIL of 23 November 2022 (Part III)","Language":"EN"}},{"LogoPic":"https://inishop.com/img/feature_logo/1472-5254.png","Width":"0","Height":"0","Size":"0","ThumbPic":"https://inishop.com/img/feature_logo_thumbs/1472-5254.png","FeatureID":"48506","Value":"2.5","KeyLogo":1,"Description":{"Value":"DIRECTIVE (EU) 2022/2380 OF THE EUROPEAN PARLIAMENT AND OF THE COUNCIL of 23 November 2022 (Part III)","Language":"EN"}},{"LogoPic":"https://inishop.com/img/feature_logo/1472-5254.png","Width":"0","Height":"0","Size":"0","ThumbPic":"https://inishop.com/img/feature_logo_thumbs/1472-5254.png","FeatureID":"48507","Value":"3.5","KeyLogo":1,"Description":{"Value":"DIRECTIVE (EU) 2022/2380 OF THE EUROPEAN PARLIAMENT AND OF THE COUNCIL of 23 November 2022 (Part III)","Language":"EN"}}],"ReasonsToBuy":[{"ReasonToBuyID":"80922094","Value":"AirPods Max deliver stunningly detailed, high-fidelity audio for an unparalleled listening experience. Each part of the custom-built driver works to produce sound with ultra-low distortion across the audible range — so you’ll hear every note with a new sense of clarity.","HighPic":"https://inishop.com/img/bullets/122445692-66e83dda285d2001523198.jpg","HighPicSize":"0","No":"1","Title":"All the vivid details.","Language":"EN","Updated":"2024-09-16 16:16:58","Origin":"RTB","IsPrivate":"0"},{"ReasonToBuyID":"80922095","Value":"With up to 2x more noise cancelled, pro‑level Active Noise Cancellation counters external sound with equal anti‑noise. With control over what you hear — and don’t hear — you can immerse yourself in music and podcasts, or simply stay focused, like never before.","HighPic":"https://inishop.com/img/bullets/122445692-66e83dda28a33765290972.jpg","HighPicSize":"0","No":"2","Title":"Pro‑level Active Noise Cancellation.","Language":"EN","Updated":"2024-09-16 16:16:58","Origin":"RTB","IsPrivate":"0"},{"ReasonToBuyID":"80922096","Value":"Press the noise control button to switch to Transparency mode, which lets outside sound in so you can interact naturally with your surroundings.","HighPic":"https://inishop.com/img/bullets/122445692-66e83dda28d58252509235.jpg","HighPicSize":"0","No":"3","Title":"Transparency mode.","Language":"EN","Updated":"2024-09-16 16:16:58","Origin":"RTB","IsPrivate":"0"},{"ReasonToBuyID":"80922097","Value":"From cushion to canopy, AirPods Max are designed for an uncompromising fit with unequalled comfort that creates the optimal acoustic seal for many different head shapes — fully immersing you in every sound.","HighPic":"https://inishop.com/img/bullets/122445692-66e83dda29030309531846.jpg","HighPicSize":"0","No":"4","Title":"Everything designed in perfect harmony.","Language":"EN","Updated":"2024-09-16 16:16:58","Origin":"RTB","IsPrivate":"0"},{"ReasonToBuyID":"80922098","Value":"If you’re playing music on your Mac and take a call on your iPhone, AirPods Max automatically switch over. And AirPods Max pause audio when you take them off and resume playback when you put them back on.","HighPic":"https://inishop.com/img/bullets/122445692-66e83dda2935d565884881.jpg","HighPicSize":"0","No":"5","Title":"Automatic Switching and on-head detection.","Language":"EN","Updated":"2024-09-16 16:16:58","Origin":"RTB","IsPrivate":"0"},{"ReasonToBuyID":"80922099","Value":"With just a tap to connect, you can easily share an audio stream between two sets of AirPods on your iPhone, iPad, Mac, or Apple TV.","HighPic":"https://inishop.com/img/bullets/122445692-66e83dda296bd789140513.jpg","HighPicSize":"0","No":"6","Title":"Audio Sharing.","Language":"EN","Updated":"2024-09-16 16:16:58","Origin":"RTB","IsPrivate":"0"},{"ReasonToBuyID":"80922100","Value":"The new USB‑C connector lets you charge your AirPods Max with the same cable that charges your iPhone, iPad, Mac, or other Apple devices.","HighPic":"https://inishop.com/img/bullets/122445692-66e83dda299b8925443963.jpg","HighPicSize":"0","No":"7","Title":"USB‑C charging.","Language":"EN","Updated":"2024-09-16 16:16:58","Origin":"RTB","IsPrivate":"0"}],"Reviews":[],"ProductRelated":[],"CatalogObjectCloud":{},"Variants":[],"ProductStory":[],"Dictionary":{"model_name":"Product name","desc":"Description","ean_code":"EAN/UPC code","flash360":"3D tour","demo_msg_part3":"If you don't have an Icecat account, please register here for free.","repairability_index":"Repairability index","zoom_panel_init":"Original size","cat_name":"Category","product_family":"Product family","back_to_top":"Back to top","zoom_panel_out":"Zoom out","specs":"Specs","eu_product_fiche":"EU Product Fiche","reviews_head_name":"Reviews","pdf_specs":"Product Brochure","zoom_panel_in":"Zoom in","html_content":"","release_date":"Release date","demo_msg_part1":"You are using now a Demo account. Please, use your own Icecat account","demo_insert_desc":"This is a demo of a seamless insert of an Icecat LIVE product data-sheet in your website. Imagine that this responsive data-sheet is included in the product page of your webshop.","pdf_url":"User manual","prod_code":"Product code","supplier_name":"Brand","video":"Video","reasons_to_buy":"Reasons to buy","marketing_text":"Description","options_head_name":"Options","product_series":"Product series","demo_msg_part2":"your Icecat login name","link_integrate_desk":"How to integrate Icecat LIVE JavaScript.","zoom_panel_dragg":"Mouse dragging","eu_energy_label":"EU Energy Label"},"DemoAccount":false}}