{"msg":"OK","data":{"GeneralInfo":{"IcecatId":129129764,"ReleaseDate":"","EndOfLifeDate":"","Title":"Apple Studio Display computer monitor 68.6 cm (27\") 5120 x 2880 pixels 5K Ultra HD Silver","TitleInfo":{"GeneratedIntTitle":"Apple Studio Display computer monitor","GeneratedLocalTitle":{"Value":"Apple Studio Display computer monitor 68.6 cm (27\") 5120 x 2880 pixels 5K Ultra HD Silver","Language":"EN"},"BrandLocalTitle":{"Value":"","Language":"EN"}},"Brand":"Apple","BrandID":"9","BrandLogo":"https://inishop.com/img/brand/thumb/9_d14b59ec69c0456b8775a7210bbba1e9.jpg","BrandInfo":{"BrandName":"Apple","BrandLocalName":"","BrandLogo":"https://inishop.com/img/brand/thumb/9_d14b59ec69c0456b8775a7210bbba1e9.jpg"},"ProductName":"Studio Display","ProductNameInfo":{"ProductIntName":"Studio Display","ProductLocalName":{"Value":"","Language":"EN"}},"BrandPartCode":"MYJF3KS/A","GTIN":["0195949764363","195949764363"],"Category":{"CategoryID":"222","Name":{"Value":"Computer Monitors","Language":"EN"}},"ProductFamily":{},"ProductSeries":{"SeriesID":"0"},"Description":{"ID":"98971633","LongDesc":"<b>See what you can do.</b><br>A big, beautiful window into new worlds, Studio Display draws you in from the moment you turn it on. It has a slim, all-screen design. And it’s packed with a phenomenal set of features so everything you do springs to life with gorgeous color and spectacular detail.","LongProductName":"27\", 5120 x 2880, 5K Retina display, 600 nits, 12MP Ultra Wide, 1x Thunderbolt 3, 3x USB-C, Standard Glass, Tilt/Height Adjustable Stand","MiddleDesc":"","Disclaimer":"","ManualPDFURL":"","ManualPDFSize":"0","LeafletPDFURL":"","PDFSize":"0","URL":"https://www.apple.com/studio-display/","WarrantyInfo":"","Updated":"2025-03-06 13:35:15","Language":"EN"},"SummaryDescription":{"ShortSummaryDescription":"Apple Studio Display, 68.6 cm (27\"), 5120 x 2880 pixels, 5K Ultra HD, Silver","LongSummaryDescription":"Apple Studio Display. Display diagonal: 68.6 cm (27\"), Display resolution: 5120 x 2880 pixels, HD type: 5K Ultra HD, Native aspect ratio: 16:9. Built-in speaker(s). Built-in USB hub. Height adjustment. Product colour: Silver"},"BulletPoints":{"BulletPointsId":"11203867","Language":"EN","Values":["27-inch 5K Retina display","12MP Ultra Wide camera with Center Stage","Three mics and six speakers with Spatial Audio","14.7 million pixels","600 nits of brightness","1 billion colors","P3 wide color"],"Updated":"2025-03-06 12:56:45"},"GeneratedBulletPoints":{"Language":"EN","Values":["68.6 cm (27\")","5K Ultra HD 5120 x 2880 pixels 16:9","60 Hz 600 cd/m²","E 21 kWh"]},"GTINs":[{"GTIN":"0195949764363","IsApproved":true},{"GTIN":"195949764363","IsApproved":true}]},"Image":{"HighPic":"https://inishop.com/img/gallery/97428647_4190390384.jpg","HighPicSize":"1905287","HighPicHeight":"4000","HighPicWidth":"4000","LowPic":"https://inishop.com/img/gallery_lows/97428647_4190390384.jpg","LowPicSize":"26982","LowPicHeight":"200","LowPicWidth":"200","Pic500x500":"https://inishop.com/img/gallery_mediums/97428647_4190390384.jpg","Pic500x500Size":"90402","Pic500x500Height":"500","Pic500x500Width":"500","ThumbPic":"https://inishop.com/img/gallery_thumbs/97428647_4190390384.jpg","ThumbPicSize":"6857"},"Multimedia":[{"ID":"966AF33F-6C25-43C9-AA0F-8A2929904211","URL":"https://inishop.com/objects/mmo_129129764_1741262198_4052_1342103.pdf","Type":"EU Product Fiche","ContentType":"application/pdf","KeepAsUrl":"0","Description":"EU Product Fiche","Size":"57681","IsPrivate":"0","Updated":"2025-03-06 12:56:38","Language":"EN","IsVideo":0},{"ID":"F6B005CC-F463-4840-A28E-61972052DC4E","URL":"https://inishop.com/objects/mmo_129129764_1741262198_3555_1342103.pdf","Type":"EU Energy Label","ContentType":"application/pdf","KeepAsUrl":"0","Description":"EU Energy Label","Size":"113381","IsPrivate":"0","Updated":"2025-03-06 12:56:49","Language":"","IsVideo":0,"EprelLink":"https://eprel.ec.europa.eu/qr/1053323","LabelType":"rescaled","ConvertedURL":"https://inishop.com/objects/129129764_63193240.jpeg","ConvertedContentType":"image/jpeg","ConvertedSize":464168,"EprelId":1053323}],"Gallery":[{"ID":"102762198","LowPic":"https://inishop.com/img/gallery_lows/97428647_4190390384.jpg","LowSize":"26982","LowHeight":"200","LowWidth":"200","ThumbPic":"https://inishop.com/img/gallery_thumbs/97428647_4190390384.jpg","ThumbPicSize":"6857","Pic":"https://inishop.com/img/gallery/97428647_4190390384.jpg","Size":"1905287","PicHeight":"4000","PicWidth":"4000","Pic500x500":"https://inishop.com/img/gallery_mediums/97428647_4190390384.jpg","Pic500x500Size":"90402","Pic500x500Height":"500","Pic500x500Width":"500","No":"1","IsMain":"Y","Updated":"2025-03-06 13:35:13","IsPrivate":"0","Type":"ProductImage","Attributes":{"OriginalFileName":""}},{"ID":"104864590","LowPic":"https://inishop.com/img/gallery_lows/5792341eda8b3159fb608fd1c88c159383fe0f93.jpg","LowSize":"7687","LowHeight":"173","LowWidth":"200","ThumbPic":"https://inishop.com/img/gallery_thumbs/d0fbb6393fae23f7e14a5d82a34d783af2667d4e.jpg","ThumbPicSize":"2365","Pic":"https://inishop.com/img/gallery/78c7c6e64c235327123e22ca8408ecfb27212598.jpg","Size":"47143","PicHeight":"653","PicWidth":"756","Pic500x500":"https://inishop.com/img/gallery_mediums/e409945bb21f9b1d067de09a40bfb5974155f750.jpg","Pic500x500Size":"31634","Pic500x500Height":"432","Pic500x500Width":"500","No":"8","IsMain":"N","Updated":"2025-04-24 12:44:32","IsPrivate":"0","Type":"ProductImage","Attributes":{"OriginalFileName":""}},{"ID":"104864595","LowPic":"https://inishop.com/img/gallery_lows/8f1bea0808bd5337e1f9bcf365313d6ed0c3961c.jpg","LowSize":"3709","LowHeight":"200","LowWidth":"93","ThumbPic":"https://inishop.com/img/gallery_thumbs/96bd0bc7ba06ab22df2f7da3b09ac6c1d4590779.jpg","ThumbPicSize":"1392","Pic":"https://inishop.com/img/gallery/f1cb17ba061a59543caa102da2dc65ea530cbc81.jpg","Size":"13224","PicHeight":"597","PicWidth":"278","Pic500x500":"https://inishop.com/img/gallery_mediums/f79fff55e1949c80fc50d10f9ff1a7bfc9a9800a.jpg","Pic500x500Size":"12483","Pic500x500Height":"500","Pic500x500Width":"233","No":"9","IsMain":"N","Updated":"2025-04-24 12:44:32","IsPrivate":"0","Type":"ProductImage","Attributes":{"OriginalFileName":""}},{"ID":"104864596","LowPic":"https://inishop.com/img/gallery_lows/bfa165716804a7eb3d59c4686168f4ca1f6f9ff2.jpg","LowSize":"3160","LowHeight":"200","LowWidth":"77","ThumbPic":"https://inishop.com/img/gallery_thumbs/2b84992ba3b2eaeffee48c71f53a039b6755d638.jpg","ThumbPicSize":"1143","Pic":"https://inishop.com/img/gallery/00c12991f851d30096f98ea7b114f5f308c4ce28.jpg","Size":"14305","PicHeight":"702","PicWidth":"272","Pic500x500":"https://inishop.com/img/gallery_mediums/60c49438f43da684682e5b75da8e01944da00a99.jpg","Pic500x500Size":"10767","Pic500x500Height":"500","Pic500x500Width":"194","No":"10","IsMain":"N","Updated":"2025-04-24 12:44:32","IsPrivate":"0","Type":"ProductImage","Attributes":{"OriginalFileName":""}},{"ID":"102762201","LowPic":"https://inishop.com/img/gallery_lows/97428646_0747817999.jpg","LowSize":"45748","LowHeight":"200","LowWidth":"200","ThumbPic":"https://inishop.com/img/gallery_thumbs/97428646_0747817999.jpg","ThumbPicSize":"8861","Pic":"https://inishop.com/img/gallery/97428646_0747817999.jpg","Size":"7224885","PicHeight":"4000","PicWidth":"4000","Pic500x500":"https://inishop.com/img/gallery_mediums/97428646_0747817999.jpg","Pic500x500Size":"255167","Pic500x500Height":"500","Pic500x500Width":"500","No":"11","IsMain":"N","Updated":"2025-04-24 12:44:52","IsPrivate":"0","Type":"ProductImage","Attributes":{"OriginalFileName":""}}],"FeaturesGroups":[{"ID":100,"SortNo":"50","FeatureGroup":{"ID":"5","Name":{"Value":"Display","Language":"EN"}},"Features":[{"Localized":0,"ID":750954398,"LocalID":0,"Type":"numerical","Value":"27","CategoryFeatureId":"11608","CategoryFeatureGroupID":"100","SortNo":"1000","PresentationValue":"68.6 cm (27\")","RawValue":"27","LocalValue":"68.6","Description":"Size of the display for this product, measured diagonally, usually in inches.","Mandatory":"1","Searchable":"1","Optional":"0","Feature":{"ID":"944","Sign":"","Measure":{"ID":"16","Sign":"","Signs":{"ID":"11","_":"\"","Language":"EN"}},"Name":{"Value":"Display diagonal","Language":"EN"}}},{"Localized":0,"ID":750954402,"LocalID":0,"Type":"2d","Value":"5120 x 2880","CategoryFeatureId":"9316","CategoryFeatureGroupID":"100","SortNo":"990","PresentationValue":"5120 x 2880 pixels","RawValue":"5120 x 2880","LocalValue":"5120 x 2880","Description":"The number of distinct pixels in each dimension that can be displayed. It is usually quoted as width × height, with the units in pixels: for example, \"1024 × 768\" means the width is 1024 pixels and the height is 768 pixels. The higher the number of pixels, the sharper the image.","Mandatory":"1","Searchable":"1","Optional":"0","Feature":{"ID":"1585","Sign":"","Measure":{"ID":"39","Sign":"","Signs":{"ID":"23","_":"pixels","Language":"EN"}},"Name":{"Value":"Display resolution","Language":"EN"}}},{"Localized":0,"ID":750954425,"LocalID":0,"Type":"dropdown","Value":"5K Ultra HD","CategoryFeatureId":"74099","CategoryFeatureGroupID":"100","SortNo":"980","PresentationValue":"5K Ultra HD","RawValue":"5K Ultra HD","LocalValue":"5K Ultra HD","Description":"Type of supported High Definition (e.g. Full HD, 4K Ultra HD).","Mandatory":"1","Searchable":"0","Optional":"0","Feature":{"ID":"11424","Sign":"","Measure":{"ID":"29","Sign":"","Signs":{"ID":"","_":"","Language":"EN"}},"Name":{"Value":"HD type","Language":"EN"}}},{"Localized":0,"ID":750954424,"LocalID":0,"Type":"dropdown","Value":"16:9","CategoryFeatureId":"155124","CategoryFeatureGroupID":"100","SortNo":"970","PresentationValue":"16:9","RawValue":"16:9","LocalValue":"16:9","Description":"The aspect ratio is the ratio of the width of an image to its height. The native aspect ratio is the one which the projector/display is particularly designed for. Images shown in native aspect ratio will utilize the entire resolution of the display and achieve maximum brightness. Images shown in other than native aspect ratio will always have less resolution and less brightness than images shown in native aspect ratio.","Mandatory":"1","Searchable":"1","Optional":"0","Feature":{"ID":"11417","Sign":"","Measure":{"ID":"29","Sign":"","Signs":{"ID":"","_":"","Language":"EN"}},"Name":{"Value":"Native aspect ratio","Language":"EN"}}},{"Localized":0,"ID":750954414,"LocalID":0,"Type":"y_n","Value":"N","CategoryFeatureId":"243713","CategoryFeatureGroupID":"100","SortNo":"930","PresentationValue":"No","RawValue":"N","LocalValue":"No","Description":"A screen of a laptop, smartphone, etc., that responds to touch so you can control the interface using your fingers.","Mandatory":"1","Searchable":"1","Optional":"0","Feature":{"ID":"4963","Sign":"","Measure":{"ID":"26","Sign":"","Signs":{"ID":"","_":"","Language":"EN"}},"Name":{"Value":"Touchscreen","Language":"EN"}}},{"Localized":0,"ID":750954437,"LocalID":0,"Type":"numerical","Value":"600","CategoryFeatureId":"255214","CategoryFeatureGroupID":"100","SortNo":"880","PresentationValue":"600 cd/m²","RawValue":"600","LocalValue":"600","Description":"Display brightness, measured by its Luminance, presented as a figure in nits. Typical brightness ratings for monitors range from 250 to 350 nits with a target value of between 80 to 120 nits being suitable for most displays in a normal viewing environment.","Mandatory":"0","Searchable":"0","Optional":"0","Feature":{"ID":"36441","Sign":"","Measure":{"ID":"43","Sign":"","Signs":{"ID":"27","_":"cd/m²","Language":"EN"}},"Name":{"Value":"Display brightness (typical)","Language":"EN"}}},{"Localized":0,"ID":750954429,"LocalID":0,"Type":"dropdown","Value":"Flat screen","CategoryFeatureId":"133269","CategoryFeatureGroupID":"100","SortNo":"840","PresentationValue":"Flat","RawValue":"Flat screen","LocalValue":"Flat","Description":"","Mandatory":"1","Searchable":"0","Optional":"0","Feature":{"ID":"17554","Sign":"","Measure":{"ID":"29","Sign":"","Signs":{"ID":"","_":"","Language":"EN"}},"Name":{"Value":"Screen shape","Language":"EN"}}},{"Localized":0,"ID":750954416,"LocalID":0,"Type":"numerical","Value":"60","CategoryFeatureId":"183826","CategoryFeatureGroupID":"100","SortNo":"760","PresentationValue":"60 Hz","RawValue":"60","LocalValue":"60","Description":"","Mandatory":"1","Searchable":"0","Optional":"0","Feature":{"ID":"7450","Sign":"","Measure":{"ID":"36","Sign":"","Signs":{"ID":"20","_":"Hz","Language":"EN"}},"Name":{"Value":"Maximum refresh rate","Language":"EN"}}},{"Localized":0,"ID":750954435,"LocalID":0,"Type":"dropdown","Value":"1 billion colours","CategoryFeatureId":"154116","CategoryFeatureGroupID":"100","SortNo":"730","PresentationValue":"1 billion colours","RawValue":"1 billion colours","LocalValue":"1 billion colours","Description":"","Mandatory":"1","Searchable":"0","Optional":"0","Feature":{"ID":"24847","Sign":"","Measure":{"ID":"29","Sign":"","Signs":{"ID":"","_":"","Language":"EN"}},"Name":{"Value":"Display number of colours","Language":"EN"}}},{"Localized":0,"ID":750954411,"LocalID":0,"Type":"numerical","Value":"68.3","CategoryFeatureId":"683430","CategoryFeatureGroupID":"100","SortNo":"600","PresentationValue":"68.3 cm","RawValue":"68.3","LocalValue":"68.3","Description":"This is the size of the display screen, measured diagonally.","Mandatory":"0","Searchable":"0","Optional":"0","Feature":{"ID":"4174","Sign":"","Measure":{"ID":"34","Sign":"","Signs":{"ID":"18","_":"cm","Language":"EN"}},"Name":{"Value":"Display diagonal (metric)","Language":"EN"}}}]},{"ID":10681,"SortNo":"45","FeatureGroup":{"ID":"184","Name":{"Value":"Performance","Language":"EN"}},"Features":[{"Localized":0,"ID":750954431,"LocalID":0,"Type":"y_n","Value":"N","CategoryFeatureId":"123176","CategoryFeatureGroupID":"10681","SortNo":"1000","PresentationValue":"No","RawValue":"N","LocalValue":"No","Description":"","Mandatory":"1","Searchable":"1","Optional":"0","Feature":{"ID":"20783","Sign":"","Measure":{"ID":"26","Sign":"","Signs":{"ID":"","_":"","Language":"EN"}},"Name":{"Value":"NVIDIA G-SYNC","Language":"EN"}}},{"Localized":0,"ID":750954436,"LocalID":0,"Type":"y_n","Value":"N","CategoryFeatureId":"193707","CategoryFeatureGroupID":"10681","SortNo":"980","PresentationValue":"No","RawValue":"N","LocalValue":"No","Description":"The product includes AMD Freesync Technology for the dynamic synchronization of the graphic card and the monitor in order to avoid screen tearing.","Mandatory":"1","Searchable":"1","Optional":"0","Feature":{"ID":"29607","Sign":"","Measure":{"ID":"26","Sign":"","Signs":{"ID":"","_":"","Language":"EN"}},"Name":{"Value":"AMD FreeSync","Language":"EN"}}}]},{"ID":10887,"SortNo":"40","FeatureGroup":{"ID":"186","Name":{"Value":"Multimedia","Language":"EN"}},"Features":[{"Localized":0,"ID":750954422,"LocalID":0,"Type":"numerical","Value":"6","CategoryFeatureId":"207681","CategoryFeatureGroupID":"10887","SortNo":"10000680","PresentationValue":"6","RawValue":"6","LocalValue":"6","Description":"The quantity of speakers included in/with the product.","Mandatory":"0","Searchable":"0","Optional":"0","Feature":{"ID":"10183","Sign":"","Measure":{"ID":"29","Sign":"","Signs":{"ID":"","_":"","Language":"EN"}},"Name":{"Value":"Number of speakers","Language":"EN"}}},{"Localized":0,"ID":750954408,"LocalID":0,"Type":"y_n","Value":"Y","CategoryFeatureId":"31341","CategoryFeatureGroupID":"10887","SortNo":"700","PresentationValue":"Yes","RawValue":"Y","LocalValue":"Yes","Description":"The device contains speaker(s) to produce sound.","Mandatory":"1","Searchable":"1","Optional":"0","Feature":{"ID":"2433","Sign":"","Measure":{"ID":"26","Sign":"","Signs":{"ID":"","_":"","Language":"EN"}},"Name":{"Value":"Built-in speaker(s)","Language":"EN"}}},{"Localized":0,"ID":750954393,"LocalID":0,"Type":"numerical","Value":"12","CategoryFeatureId":"31470","CategoryFeatureGroupID":"10887","SortNo":"660","PresentationValue":"12 MP","RawValue":"12","LocalValue":"12","Description":"The number (in millions) of light-sensitive picture elements known as pixels actually used by the camera's image sensor (CCD) to record light, and which are reflected to the final number of recorded pixels stored on the memory card.","Mandatory":"0","Searchable":"0","Optional":"0","Feature":{"ID":"63","Sign":"","Measure":{"ID":"165","Sign":"","Signs":{"ID":"3126","_":"MP","Language":"EN"}},"Name":{"Value":"Megapixel (approx.)","Language":"EN"}}},{"Localized":0,"ID":750954399,"LocalID":0,"Type":"y_n","Value":"Y","CategoryFeatureId":"36489","CategoryFeatureGroupID":"10887","SortNo":"650","PresentationValue":"Yes","RawValue":"Y","LocalValue":"Yes","Description":"Microphone that is found inside the product.","Mandatory":"0","Searchable":"0","Optional":"0","Feature":{"ID":"1025","Sign":"","Measure":{"ID":"26","Sign":"","Signs":{"ID":"","_":"","Language":"EN"}},"Name":{"Value":"Built-in microphone","Language":"EN"}}},{"Localized":0,"ID":750954417,"LocalID":0,"Type":"y_n","Value":"Y","CategoryFeatureId":"67278","CategoryFeatureGroupID":"10887","SortNo":"590","PresentationValue":"Yes","RawValue":"Y","LocalValue":"Yes","Description":"The product has an integrated camera.","Mandatory":"1","Searchable":"1","Optional":"0","Feature":{"ID":"8074","Sign":"","Measure":{"ID":"26","Sign":"","Signs":{"ID":"","_":"","Language":"EN"}},"Name":{"Value":"Built-in camera","Language":"EN"}}}]},{"ID":10677,"SortNo":"35","FeatureGroup":{"ID":"148","Name":{"Value":"Design","Language":"EN"}},"Features":[{"Localized":0,"ID":750954420,"LocalID":0,"Type":"dropdown","Value":"Graphics design","CategoryFeatureId":"245761","CategoryFeatureGroupID":"10677","SortNo":"800","PresentationValue":"Graphics design","RawValue":"Graphics design","LocalValue":"Graphics design","Description":"Under which category can the device be positioned in the market, e.g. camera phone.","Mandatory":"1","Searchable":"1","Optional":"0","Feature":{"ID":"9021","Sign":"","Measure":{"ID":"29","Sign":"","Signs":{"ID":"","_":"","Language":"EN"}},"Name":{"Value":"Market positioning","Language":"EN"}}},{"Localized":0,"ID":750954403,"LocalID":0,"Type":"dropdown","Value":"Silver","CategoryFeatureId":"11218","CategoryFeatureGroupID":"10677","SortNo":"790","PresentationValue":"Silver","RawValue":"Silver","LocalValue":"Silver","Description":"The colour e.g. red, blue, green, black, white.","Mandatory":"1","Searchable":"1","Optional":"0","Feature":{"ID":"1766","Sign":"","Measure":{"ID":"29","Sign":"","Signs":{"ID":"","_":"","Language":"EN"}},"Name":{"Value":"Product colour","Language":"EN"}}}]},{"ID":1742,"SortNo":"30","FeatureGroup":{"ID":"12","Name":{"Value":"Ports & interfaces","Language":"EN"}},"Features":[{"Localized":0,"ID":750954432,"LocalID":0,"Type":"y_n","Value":"Y","CategoryFeatureId":"139339","CategoryFeatureGroupID":"1742","SortNo":"900","PresentationValue":"Yes","RawValue":"Y","LocalValue":"Yes","Description":"Whether or not the device features a USB hub to connect more than one other device via USB.","Mandatory":"1","Searchable":"1","Optional":"0","Feature":{"ID":"22838","Sign":"","Measure":{"ID":"26","Sign":"","Signs":{"ID":"","_":"","Language":"EN"}},"Name":{"Value":"Built-in USB hub","Language":"EN"}}},{"Localized":0,"ID":750954433,"LocalID":0,"Type":"multi_dropdown","Value":"USB Type-C","CategoryFeatureId":"139342","CategoryFeatureGroupID":"1742","SortNo":"880","PresentationValue":"USB Type-C","RawValue":"USB Type-C","LocalValue":"USB Type-C","Description":"","Mandatory":"0","Searchable":"0","Optional":"0","Feature":{"ID":"22840","Sign":"","Measure":{"ID":"29","Sign":"","Signs":{"ID":"","_":"","Language":"EN"}},"Name":{"Value":"USB upstream port type","Language":"EN"}}},{"Localized":0,"ID":750954440,"LocalID":0,"Type":"numerical","Value":"1","CategoryFeatureId":"682735","CategoryFeatureGroupID":"1742","SortNo":"850","PresentationValue":"1","RawValue":"1","LocalValue":"1","Description":"","Mandatory":"0","Searchable":"0","Optional":"0","Feature":{"ID":"42594","Sign":"","Measure":{"ID":"29","Sign":"","Signs":{"ID":"","_":"","Language":"EN"}},"Name":{"Value":"Number of USB Type-C upstream ports quantity","Language":"EN"}}},{"Localized":0,"ID":750954434,"LocalID":0,"Type":"numerical","Value":"3","CategoryFeatureId":"139349","CategoryFeatureGroupID":"1742","SortNo":"830","PresentationValue":"3","RawValue":"3","LocalValue":"3","Description":"","Mandatory":"0","Searchable":"0","Optional":"0","Feature":{"ID":"22843","Sign":"","Measure":{"ID":"29","Sign":"","Signs":{"ID":"","_":"","Language":"EN"}},"Name":{"Value":"USB Type-C downstream ports quantity","Language":"EN"}}},{"Localized":0,"ID":750954415,"LocalID":0,"Type":"y_n","Value":"N","CategoryFeatureId":"37850","CategoryFeatureGroupID":"1742","SortNo":"740","PresentationValue":"No","RawValue":"N","LocalValue":"No","Description":"HDMI (High-Definition Multimedia Interface) is a compact audio/video interface for transferring uncompressed video data and compressed/uncompressed digital audio data from a HDMI-compliant device (\"the source device\") to a compatible computer monitor, video projector, digital television, or digital audio device. HDMI is a digital replacement for existing analog video standards.","Mandatory":"1","Searchable":"0","Optional":"0","Feature":{"ID":"5620","Sign":"","Measure":{"ID":"26","Sign":"","Signs":{"ID":"","_":"","Language":"EN"}},"Name":{"Value":"HDMI","Language":"EN"}}},{"Localized":0,"ID":750954426,"LocalID":0,"Type":"y_n","Value":"N","CategoryFeatureId":"96400","CategoryFeatureGroupID":"1742","SortNo":"610","PresentationValue":"No","RawValue":"N","LocalValue":"No","Description":"The socket for connecting headphones to the device.","Mandatory":"1","Searchable":"0","Optional":"0","Feature":{"ID":"12195","Sign":"","Measure":{"ID":"26","Sign":"","Signs":{"ID":"","_":"","Language":"EN"}},"Name":{"Value":"Headphone out","Language":"EN"}}}]},{"ID":3070,"SortNo":"25","FeatureGroup":{"ID":"96","Name":{"Value":"Ergonomics","Language":"EN"}},"Features":[{"Localized":0,"ID":750954405,"LocalID":0,"Type":"y_n","Value":"Y","CategoryFeatureId":"68504","CategoryFeatureGroupID":"3070","SortNo":"340","PresentationValue":"Yes","RawValue":"Y","LocalValue":"Yes","Description":"The part of the device that can be adjusted to change the height.","Mandatory":"1","Searchable":"0","Optional":"0","Feature":{"ID":"1954","Sign":"","Measure":{"ID":"26","Sign":"","Signs":{"ID":"","_":"","Language":"EN"}},"Name":{"Value":"Height adjustment","Language":"EN"}}},{"Localized":0,"ID":750982204,"LocalID":0,"Type":"numerical","Value":"105","CategoryFeatureId":"1083333","CategoryFeatureGroupID":"3070","SortNo":"330","PresentationValue":"10.5 cm","RawValue":"105","LocalValue":"10.5","Description":"","Mandatory":"0","Searchable":"0","Optional":"0","Feature":{"ID":"25138","Sign":"","Measure":{"ID":"24","Sign":"","Signs":{"ID":"3","_":"mm","Language":"EN"}},"Name":{"Value":"Adjustable height (max)","Language":"EN"}}},{"Localized":0,"ID":750954418,"LocalID":0,"Type":"y_n","Value":"Y","CategoryFeatureId":"930782","CategoryFeatureGroupID":"3070","SortNo":"271","PresentationValue":"Yes","RawValue":"Y","LocalValue":"Yes","Description":"The tilt, which means the angle at which the device is pointing (up or down), can be changed.","Mandatory":"0","Searchable":"0","Optional":"0","Feature":{"ID":"8302","Sign":"","Measure":{"ID":"26","Sign":"","Signs":{"ID":"","_":"","Language":"EN"}},"Name":{"Value":"Tilt adjustment","Language":"EN"}}},{"Localized":0,"ID":750954407,"LocalID":0,"Type":"range","Value":"-5 - 25","CategoryFeatureId":"18150","CategoryFeatureGroupID":"3070","SortNo":"270","PresentationValue":"-5 - 25°","RawValue":"-5 - 25","LocalValue":"-5 - 25","Description":"","Mandatory":"0","Searchable":"0","Optional":"0","Feature":{"ID":"2077","Sign":"","Measure":{"ID":"32","Sign":"","Signs":{"ID":"16","_":"°","Language":"EN"}},"Name":{"Value":"Tilt angle range","Language":"EN"}}}]},{"ID":99,"SortNo":"24","FeatureGroup":{"ID":"27","Name":{"Value":"Power","Language":"EN"}},"Features":[{"Localized":0,"ID":750954441,"LocalID":0,"Type":"dropdown","Value":"E","CategoryFeatureId":"708167","CategoryFeatureGroupID":"99","SortNo":"300","PresentationValue":"E","RawValue":"E","LocalValue":"E","Description":"","Mandatory":"1","Searchable":"0","Optional":"0","Feature":{"ID":"42856","Sign":"","Measure":{"ID":"29","Sign":"","Signs":{"ID":"","_":"","Language":"EN"}},"Name":{"Value":"Energy efficiency class (SDR)","Language":"EN"}}},{"Localized":0,"ID":750954443,"LocalID":0,"Type":"numerical","Value":"21","CategoryFeatureId":"708169","CategoryFeatureGroupID":"99","SortNo":"280","PresentationValue":"21 kWh","RawValue":"21","LocalValue":"21","Description":"","Mandatory":"1","Searchable":"0","Optional":"0","Feature":{"ID":"42858","Sign":"","Measure":{"ID":"103","Sign":"","Signs":{"ID":"85","_":"kWh","Language":"EN"}},"Name":{"Value":"Energy consumption (SDR) per 1000 hours","Language":"EN"}}},{"Localized":0,"ID":750954406,"LocalID":0,"Type":"numerical","Value":"0.5","CategoryFeatureId":"9930","CategoryFeatureGroupID":"99","SortNo":"250","PresentationValue":"0.5 W","RawValue":"0.5","LocalValue":"0.5","Description":"The amount of electricity that is consumed when the product is on standby.","Mandatory":"1","Searchable":"0","Optional":"0","Feature":{"ID":"2036","Sign":"","Measure":{"ID":"44","Sign":"","Signs":{"ID":"28","_":"W","Language":"EN"}},"Name":{"Value":"Power consumption (standby)","Language":"EN"}}},{"Localized":0,"ID":750954419,"LocalID":0,"Type":"dropdown","Value":"100 - 240","CategoryFeatureId":"122959","CategoryFeatureGroupID":"99","SortNo":"200","PresentationValue":"100 - 240 V","RawValue":"100 - 240","LocalValue":"100 - 240","Description":"The voltage of the AC electricity that is inputted into the product.","Mandatory":"0","Searchable":"0","Optional":"0","Feature":{"ID":"8491","Sign":"","Measure":{"ID":"42","Sign":"","Signs":{"ID":"26","_":"V","Language":"EN"}},"Name":{"Value":"AC input voltage","Language":"EN"}}},{"Localized":0,"ID":750954438,"LocalID":0,"Type":"dropdown","Value":"A to G","CategoryFeatureId":"313577","CategoryFeatureGroupID":"99","SortNo":"150","PresentationValue":"A to G","RawValue":"A to G","LocalValue":"A to G","Description":"","Mandatory":"0","Searchable":"0","Optional":"0","Feature":{"ID":"39201","Sign":"","Measure":{"ID":"29","Sign":"","Signs":{"ID":"","_":"","Language":"EN"}},"Name":{"Value":"Energy efficiency scale","Language":"EN"}}},{"Localized":0,"ID":750954445,"LocalID":0,"Type":"numerical","Value":"1053323","CategoryFeatureId":"950411","CategoryFeatureGroupID":"99","SortNo":"149","PresentationValue":"1053323","RawValue":"1053323","LocalValue":"1053323","Description":"","Mandatory":"0","Searchable":"0","Optional":"0","Feature":{"ID":"47801","Sign":"","Measure":{"ID":"29","Sign":"","Signs":{"ID":"","_":"","Language":"EN"}},"Name":{"Value":"European Product Registry for Energy Labelling (EPREL) code","Language":"EN"}}}]},{"ID":1205,"SortNo":"23","FeatureGroup":{"ID":"28","Name":{"Value":"Operational conditions","Language":"EN"}},"Features":[{"Localized":0,"ID":750954400,"LocalID":0,"Type":"range","Value":"10 - 35","CategoryFeatureId":"5557","CategoryFeatureGroupID":"1205","SortNo":"200","PresentationValue":"10 - 35 °C","RawValue":"10 - 35","LocalValue":"10 - 35","Description":"The minimum and maximum temperatures at which the product can be safely operated.","Mandatory":"0","Searchable":"0","Optional":"0","Feature":{"ID":"1112","Sign":"","Measure":{"ID":"65","Sign":"","Signs":{"ID":"48","_":"°C","Language":"EN"}},"Name":{"Value":"Operating temperature (T-T)","Language":"EN"}}},{"Localized":0,"ID":750954396,"LocalID":0,"Type":"range","Value":"5 - 90","CategoryFeatureId":"4997","CategoryFeatureGroupID":"1205","SortNo":"180","PresentationValue":"5 - 90%","RawValue":"5 - 90","LocalValue":"5 - 90","Description":"","Mandatory":"0","Searchable":"0","Optional":"0","Feature":{"ID":"703","Sign":"","Measure":{"ID":"64","Sign":"","Signs":{"ID":"47","_":"%","Language":"EN"}},"Name":{"Value":"Operating relative humidity (H-H)","Language":"EN"}}},{"Localized":0,"ID":750954395,"LocalID":0,"Type":"range","Value":"0 - 5000","CategoryFeatureId":"17175","CategoryFeatureGroupID":"1205","SortNo":"160","PresentationValue":"0 - 5000 m","RawValue":"0 - 5000","LocalValue":"0 - 5000","Description":"","Mandatory":"0","Searchable":"0","Optional":"0","Feature":{"ID":"667","Sign":"","Measure":{"ID":"54","Sign":"","Signs":{"ID":"37","_":"m","Language":"EN"}},"Name":{"Value":"Operating altitude","Language":"EN"}}}]},{"ID":98,"SortNo":"21","FeatureGroup":{"ID":"14","Name":{"Value":"Weight & dimensions","Language":"EN"}},"Features":[{"Localized":0,"ID":750954410,"LocalID":0,"Type":"numerical","Value":"623","CategoryFeatureId":"22203","CategoryFeatureGroupID":"98","SortNo":"400","PresentationValue":"623 mm","RawValue":"623","LocalValue":"623","Description":"","Mandatory":"0","Searchable":"0","Optional":"0","Feature":{"ID":"4156","Sign":"","Measure":{"ID":"24","Sign":"","Signs":{"ID":"3","_":"mm","Language":"EN"}},"Name":{"Value":"Width (with stand)","Language":"EN"}}},{"Localized":0,"ID":750954413,"LocalID":0,"Type":"numerical","Value":"207","CategoryFeatureId":"22162","CategoryFeatureGroupID":"98","SortNo":"390","PresentationValue":"207 mm","RawValue":"207","LocalValue":"207","Description":"","Mandatory":"0","Searchable":"0","Optional":"0","Feature":{"ID":"4179","Sign":"","Measure":{"ID":"24","Sign":"","Signs":{"ID":"3","_":"mm","Language":"EN"}},"Name":{"Value":"Depth (with stand)","Language":"EN"}}},{"Localized":0,"ID":750954412,"LocalID":0,"Type":"numerical","Value":"583","CategoryFeatureId":"22171","CategoryFeatureGroupID":"98","SortNo":"380","PresentationValue":"583 mm","RawValue":"583","LocalValue":"583","Description":"","Mandatory":"0","Searchable":"0","Optional":"0","Feature":{"ID":"4178","Sign":"","Measure":{"ID":"24","Sign":"","Signs":{"ID":"3","_":"mm","Language":"EN"}},"Name":{"Value":"Height (with stand)","Language":"EN"}}},{"Localized":0,"ID":750954430,"LocalID":0,"Type":"numerical","Value":"7700","CategoryFeatureId":"112042","CategoryFeatureGroupID":"98","SortNo":"370","PresentationValue":"7.7 kg","RawValue":"7700","LocalValue":"7.7","Description":"","Mandatory":"0","Searchable":"0","Optional":"0","Feature":{"ID":"19017","Sign":"","Measure":{"ID":"38","Sign":"","Signs":{"ID":"22","_":"g","Language":"EN"}},"Name":{"Value":"Weight (with stand)","Language":"EN"}}}]},{"ID":49260,"SortNo":"19","FeatureGroup":{"ID":"116","Name":{"Value":"Packaging content","Language":"EN"}},"Features":[{"Localized":0,"ID":750954423,"LocalID":0,"Type":"y_n","Value":"Y","CategoryFeatureId":"123142","CategoryFeatureGroupID":"49260","SortNo":"500","PresentationValue":"Yes","RawValue":"Y","LocalValue":"Yes","Description":"","Mandatory":"0","Searchable":"0","Optional":"0","Feature":{"ID":"10505","Sign":"","Measure":{"ID":"26","Sign":"","Signs":{"ID":"","_":"","Language":"EN"}},"Name":{"Value":"Stand included","Language":"EN"}}},{"Localized":0,"ID":750954404,"LocalID":0,"Type":"multi_dropdown","Value":"Thunderbolt","CategoryFeatureId":"16133","CategoryFeatureGroupID":"49260","SortNo":"490","PresentationValue":"Thunderbolt","RawValue":"Thunderbolt","LocalValue":"Thunderbolt","Description":"","Mandatory":"0","Searchable":"0","Optional":"0","Feature":{"ID":"1830","Sign":"","Measure":{"ID":"29","Sign":"","Signs":{"ID":"","_":"","Language":"EN"}},"Name":{"Value":"Cables included","Language":"EN"}}}]},{"ID":72250,"SortNo":"5","FeatureGroup":{"ID":"279","Name":{"Value":"Sustainability","Language":"EN"}},"Features":[{"Localized":0,"ID":750954439,"LocalID":0,"Type":"multi_dropdown","Value":"ENERGY STAR","CategoryFeatureId":"603799","CategoryFeatureGroupID":"72250","SortNo":"40","PresentationValue":"ENERGY STAR","RawValue":"ENERGY STAR","LocalValue":"ENERGY STAR","Description":"","Mandatory":"0","Searchable":"0","Optional":"0","Feature":{"ID":"42513","Sign":"","Measure":{"ID":"29","Sign":"","Signs":{"ID":"","_":"","Language":"EN"}},"Name":{"Value":"Sustainability certificates","Language":"EN"}}}]},{"ID":8454,"SortNo":"-2","FeatureGroup":{"ID":"146","Name":{"Value":"Other features","Language":"EN"}},"Features":[{"Localized":0,"ID":750954409,"LocalID":0,"Type":"textarea","Value":"macOS Monterey 12.3 or later\niPadOS 15.4 or later","CategoryFeatureId":"114072","CategoryFeatureGroupID":"8454","SortNo":"620","PresentationValue":"macOS Monterey 12.3 or later\niPadOS 15.4 or later","RawValue":"macOS Monterey 12.3 or later\niPadOS 15.4 or later","LocalValue":"macOS Monterey 12.3 or later\niPadOS 15.4 or later","Description":"List of desktop operating systems tested as compatible with this product.","Mandatory":"0","Searchable":"0","Optional":"1","Feature":{"ID":"2507","Sign":"","Measure":{"ID":"29","Sign":"","Signs":{"ID":"","_":"","Language":"EN"}},"Name":{"Value":"Compatible operating systems","Language":"EN"}}},{"Localized":0,"ID":750954397,"LocalID":0,"Type":"textarea","Value":"Mac Studio (2022), 16-inch MacBook Pro (2019 or later), 14-inch MacBook Pro (2021), 13-inch MacBook Pro (2016 or later), 15-inch MacBook Pro (2016 or later), MacBook Air (2018 or later), Mac mini (2018 or later), Mac Pro (2019 or later), 24-inch iMac (2021), 27-inch iMac (2017 or later), 21.5-inch iMac (2017 or later), iMac Pro (2017), iPad Pro 12.9-inch (3rd generation or later), iPad Pro 11-inch, iPad Air (5th generation)","CategoryFeatureId":"20313","CategoryFeatureGroupID":"8454","SortNo":"610","PresentationValue":"Mac Studio (2022), 16-inch MacBook Pro (2019 or later), 14-inch MacBook Pro (2021), 13-inch MacBook Pro (2016 or later), 15-inch MacBook Pro (2016 or later), MacBook Air (2018 or later), Mac mini (2018 or later), Mac Pro (2019 or later), 24-inch iMac (2021), 27-inch iMac (2017 or later), 21.5-inch iMac (2017 or later), iMac Pro (2017), iPad Pro 12.9-inch (3rd generation or later), iPad Pro 11-inch, iPad Air (5th generation)","RawValue":"Mac Studio (2022), 16-inch MacBook Pro (2019 or later), 14-inch MacBook Pro (2021), 13-inch MacBook Pro (2016 or later), 15-inch MacBook Pro (2016 or later), MacBook Air (2018 or later), Mac mini (2018 or later), Mac Pro (2019 or later), 24-inch iMac (2021), 27-inch iMac (2017 or later), 21.5-inch iMac (2017 or later), iMac Pro (2017), iPad Pro 12.9-inch (3rd generation or later), iPad Pro 11-inch, iPad Air (5th generation)","LocalValue":"Mac Studio (2022), 16-inch MacBook Pro (2019 or later), 14-inch MacBook Pro (2021), 13-inch MacBook Pro (2016 or later), 15-inch MacBook Pro (2016 or later), MacBook Air (2018 or later), Mac mini (2018 or later), Mac Pro (2019 or later), 24-inch iMac (2021), 27-inch iMac (2017 or later), 21.5-inch iMac (2017 or later), iMac Pro (2017), iPad Pro 12.9-inch (3rd generation or later), iPad Pro 11-inch, iPad Air (5th generation)","Description":"The other products, software and hardware this product can be used with.","Mandatory":"0","Searchable":"0","Optional":"1","Feature":{"ID":"890","Sign":"","Measure":{"ID":"29","Sign":"","Signs":{"ID":"","_":"","Language":"EN"}},"Name":{"Value":"Compatibility","Language":"EN"}}}]}],"FeatureLogos":[{"LogoPic":"https://inishop.com/img/feature_logo/4-8210.png","Width":"195","Height":"200","Size":"0","ThumbPic":"https://inishop.com/img/feature_logo_thumbs/4-8210.png","FeatureID":"42513","Value":"ENERGY STAR","KeyLogo":0,"Description":{"Value":"ENERGY STAR® is the government-backed symbol for energy efficiency, providing simple, credible, and unbiased information that consumers and businesses rely on to make well-informed decisions. ENERGY STAR is the simple choice for energy efficiency, making it easy for consumers and businesses to purchase products that save them money and protect the environment.","Language":"EN"}},{"LogoPic":"https://inishop.com/img/feature_logo/979-9412.png","Width":"300","Height":"165","Size":"0","ThumbPic":"https://inishop.com/img/feature_logo_thumbs/979-9412.png","FeatureID":"42856","Value":"E","KeyLogo":1,"Description":{"Value":"E means that the product is rated in its category in terms of energy efficiency. The Energy Labeling system is based on EU Regulation 2017/1369/EU.","Language":"EN"}}],"ReasonsToBuy":[{"ReasonToBuyID":"83598928","Value":"Easy on the eyes. For a more natural viewing experience, Studio Display uses an ambient light sensor to automatically adjust the color temperature of your display to your environment.","HighPic":"https://inishop.com/img/bullets/129129764-67c98d76ec783420012437.jpg","HighPicSize":"0","No":"1","Title":"True Tone","Language":"EN","Updated":"2025-03-06 13:35:13","Origin":"RTB","IsPrivate":"0"},{"ReasonToBuyID":"83598929","Value":"Minimal glare for maximum focus. Studio Display comes standard with an industry‑leading anti‑reflective coating designed to reduce glare for better comfort and readability. So every word and pixel comes through vividly, with extremely low reflectivity.","HighPic":"https://inishop.com/img/bullets/129129764-67c98d76ecd1b241859487.jpg","HighPicSize":"0","No":"2","Title":"Anti‑reflective coating","Language":"EN","Updated":"2025-03-06 13:35:13","Origin":"RTB","IsPrivate":"0"},{"ReasonToBuyID":"83598930","Value":"Even less glare, anywhere. Studio Display is also available with an innovative nano‑texture option, which is ideal for spaces with bright light sources, like a lot of sunlight. It scatters light to further minimize glare — for outstanding image quality even in challenging lighting conditions.","HighPic":"https://inishop.com/img/bullets/129129764-67c98d76ed12c045294898.jpg","HighPicSize":"0","No":"3","Title":"Nano-texture glass","Language":"EN","Updated":"2025-03-06 13:35:13","Origin":"RTB","IsPrivate":"0"},{"ReasonToBuyID":"83598931","Value":"12MP Ultra Wide camera with Center Stage. Studio Display includes a highly advanced camera with a 12MP sensor and a 122‑degree field of view. And thanks to Apple silicon, it features Center Stage, which comes to Mac for the first time. Center Stage keeps you centered in the frame as you move around, making video calls more engaging. When others join or leave the call, the view expands or zooms in. It also works beautifully with your go‑to video conferencing apps.","HighPic":"https://inishop.com/img/bullets/129129764-67c98d76ed3dc724257512.jpg","HighPicSize":"0","No":"4","Title":"Sensational camera and audio. Now we’re talking.","Language":"EN","Updated":"2025-03-06 13:35:13","Origin":"RTB","IsPrivate":"0"},{"ReasonToBuyID":"83598932","Value":"The A13 Bionic chip enables innovative Studio Display features like Center Stage, Spatial Audio, and “Hey Siri.”","HighPic":"https://inishop.com/img/bullets/129129764-67c9671a4d122270218012.jpg","HighPicSize":"0","No":"5","Title":"Powered by Apple silicon.","Language":"EN","Updated":"2025-03-06 13:35:13","Origin":"RTB","IsPrivate":"0"},{"ReasonToBuyID":"83598933","Value":"The studio-quality three-mic array helps you come through loud and clear on video calls and voice recordings. And with directional beamforming, everyone hears you — not what’s going on around you.","HighPic":"https://inishop.com/img/bullets/129129764-67c98d76eda2f411603615.jpg","HighPicSize":"0","No":"6","Title":"So they hear you. And only you.","Language":"EN","Updated":"2025-03-06 13:35:13","Origin":"RTB","IsPrivate":"0"},{"ReasonToBuyID":"83598934","Value":"Four force-cancelling woofers produce bold, articulate bass and minimize distortion. And two high-performance tweeters deliver accurate mids and crisp highs. Altogether, this is the highest‑fidelity speaker system ever created for Mac.","HighPic":"https://inishop.com/img/bullets/129129764-67c98d76edd5f389193857.jpg","HighPicSize":"0","No":"7","Title":"Six speakers. Cinematic sound.","Language":"EN","Updated":"2025-03-06 13:35:13","Origin":"RTB","IsPrivate":"0"},{"ReasonToBuyID":"83598935","Value":"Spatial Audio immerses you in sound. It’s like having your own personal movie theater or concert hall. When you’re playing music or video with Dolby Atmos, the A13 Bionic chip works with all six speakers to create a sophisticated, cinematic soundstage.","HighPic":"https://inishop.com/img/bullets/129129764-67c98d76ee1cf674446017.jpg","HighPicSize":"0","No":"8","Title":"Hear. There. And everywhere.","Language":"EN","Updated":"2025-03-06 13:35:13","Origin":"RTB","IsPrivate":"0"},{"ReasonToBuyID":"83598936","Value":"Three USB-C ports let you connect, power, and charge devices — from networking and external drives to your keyboard, mouse, or iPhone. The Thunderbolt port connects Studio Display to your Mac with a single cable. That same port can charge compatible Mac notebooks — and even fast‑charge a 14‑inch MacBook Pro.","HighPic":"https://inishop.com/img/bullets/129129764-67c98d76ee59a224476856.jpg","HighPicSize":"0","No":"9","Title":"Take charge of your studio.","Language":"EN","Updated":"2025-03-06 13:35:13","Origin":"RTB","IsPrivate":"0"},{"ReasonToBuyID":"83598937","Value":"Pairs with your Mac.<br>Studio Display is the ultimate partner for the stunningly compact and astonishingly powerful Mac Studio. And it pairs perfectly with Mac notebooks and desktops — from MacBook Pro and MacBook Air to Mac Pro and Mac mini.","HighPic":"https://inishop.com/img/bullets/129129764-67c98d76ee8ca607415158.jpg","HighPicSize":"0","No":"10","Title":"Mac Studio and Studio Display. Dream team.","Language":"EN","Updated":"2025-03-06 13:35:13","Origin":"RTB","IsPrivate":"0"},{"ReasonToBuyID":"83598938","Value":"Studio Display comes with a choice of two stands or a mount adapter, so you can find the right angle for your needs.<br><br>Tilt-adjustable stand.<br>The built‑in stand provides 30 degrees of smooth, effortless tilt.<br><br>Tilt‑ and height‑adjustable stand option.<br>A counterbalancing arm allows for 30 degrees of tilt as well as 105 mm of height adjustment — and makes the display feel weightless as you adjust it.<br><br>VESA mount adapter option.<br>For custom setups, the VESA mount adapter supports landscape and portrait orientation. And it’s compatible with any 100 by 100 mm VESA wall mount, desk mount, stand, or articulating arm.","HighPic":"https://inishop.com/img/bullets/129129764-67c98d76eebe2319585251.jpg","HighPicSize":"0","No":"11","Title":"Stands. And delivers.","Language":"EN","Updated":"2025-03-06 13:35:13","Origin":"RTB","IsPrivate":"0"},{"ReasonToBuyID":"83598939","Value":"Magic accessories are wireless, rechargeable, precise, comfortable — and now come in a silver-and-black option to complement the design of Studio Display and complete your studio setup.","HighPic":"https://inishop.com/img/bullets/129129764-67c98d76ef143590516469.jpg","HighPicSize":"0","No":"12","Title":"Work your magic.","Language":"EN","Updated":"2025-03-06 13:35:13","Origin":"RTB","IsPrivate":"0"},{"ReasonToBuyID":"83598940","Value":"Our hardware and software are designed together. That integration is what enables amazing features like Center Stage, Spatial Audio, and “Hey Siri.” For pro workflows, macOS supports reference modes and fine-tune calibration so you can match industry standards — whether it’s HD and SD video or broader uses such as photography, web development, design, and print.","HighPic":"https://inishop.com/img/bullets/129129764-67c98d76ef3c4112668970.jpg","HighPicSize":"0","No":"13","Title":"Made for macOS.","Language":"EN","Updated":"2025-03-06 13:35:14","Origin":"RTB","IsPrivate":"0"},{"ReasonToBuyID":"83598941","Value":"Open this page using Safari on your iPhone or iPad.","HighPic":"https://inishop.com/img/bullets/129129764-67c98d76ef85d652255757.jpg","HighPicSize":"0","No":"14","Title":"Use AR to see Studio Display in your workspace.","Language":"EN","Updated":"2025-03-06 13:35:14","Origin":"RTB","IsPrivate":"0"},{"ReasonToBuyID":"83598942","Value":"Studio Display was engineered to minimize its environmental impact, from how it’s designed and built to how it’s packaged — and even how it’s used. It uses 100 percent recycled rare earth elements in all magnets. The stand is made with 100 percent recycled aluminum. And all virgin wood fiber in its packaging comes from responsibly managed forests. Studio Display is also ENERGY STAR® certified* and free of numerous harmful substances.","HighPic":"https://inishop.com/img/bullets/129129764-67c98d76efe42785058208.jpg","HighPicSize":"0","No":"15","Title":"Designed with the planet in mind.","Language":"EN","Updated":"2025-03-06 13:35:14","Origin":"RTB","IsPrivate":"0"}],"Reviews":[],"ProductRelated":[{"ID":322234368,"CategoryID":788,"Preferred":0,"IcecatID":100727753,"ProductCode":"BPDT6022/A","ThumbPic":"","ProductName":"Business Plus - Service Plan for Apple Desktop or Display - 60 months","Brand":"mcare","BrandID":37476,"ProductRelatedLocales":[{"ID":0,"Language":"EN","Preferred":0,"StartDate":"","EndDate":""}]},{"ID":322234367,"CategoryID":788,"Preferred":0,"IcecatID":100727752,"ProductCode":"BPDT4822/A","ThumbPic":"","ProductName":"Business Plus - Service Plan for Apple Desktop or Display - 48 months","Brand":"mcare","BrandID":37476,"ProductRelatedLocales":[{"ID":0,"Language":"EN","Preferred":0,"StartDate":"","EndDate":""}]},{"ID":322234366,"CategoryID":788,"Preferred":0,"IcecatID":100727751,"ProductCode":"BPDT3622/A","ThumbPic":"","ProductName":"Business Plus - Service Plan for Apple Desktop or Display - 36 months","Brand":"mcare","BrandID":37476,"ProductRelatedLocales":[{"ID":0,"Language":"EN","Preferred":0,"StartDate":"","EndDate":""}]},{"ID":322234365,"CategoryID":788,"Preferred":0,"IcecatID":100727750,"ProductCode":"BPDT2422/A","ThumbPic":"","ProductName":"Business Plus - Service Plan for Apple Desktop or Display - 24 months","Brand":"mcare","BrandID":37476,"ProductRelatedLocales":[{"ID":0,"Language":"EN","Preferred":0,"StartDate":"","EndDate":""}]},{"ID":322234364,"CategoryID":788,"Preferred":0,"IcecatID":100727742,"ProductCode":"BDT6022/A","ThumbPic":"","ProductName":"Business - Service Plan for Apple Desktop or Display - 60 months","Brand":"mcare","BrandID":37476,"ProductRelatedLocales":[{"ID":0,"Language":"EN","Preferred":0,"StartDate":"","EndDate":""}]},{"ID":322234363,"CategoryID":788,"Preferred":0,"IcecatID":100727741,"ProductCode":"BDT4822/A","ThumbPic":"","ProductName":"Business - Service Plan for Apple Desktop or Display - 48 months","Brand":"mcare","BrandID":37476,"ProductRelatedLocales":[{"ID":0,"Language":"EN","Preferred":0,"StartDate":"","EndDate":""}]},{"ID":322234362,"CategoryID":788,"Preferred":0,"IcecatID":100727740,"ProductCode":"BDT3622/A","ThumbPic":"","ProductName":"Business - Service Plan for Apple Desktop or Display - 36 months","Brand":"mcare","BrandID":37476,"ProductRelatedLocales":[{"ID":0,"Language":"EN","Preferred":0,"StartDate":"","EndDate":""}]},{"ID":322234361,"CategoryID":788,"Preferred":0,"IcecatID":100727739,"ProductCode":"BDT2422/A","ThumbPic":"","ProductName":"Business - Service Plan for Apple Desktop or Display - 24 months","Brand":"mcare","BrandID":37476,"ProductRelatedLocales":[{"ID":0,"Language":"EN","Preferred":0,"StartDate":"","EndDate":""}]}],"CatalogObjectCloud":{},"Variants":[],"ProductStory":[],"Dictionary":{"model_name":"Product name","desc":"Description","ean_code":"EAN/UPC code","flash360":"3D tour","demo_msg_part3":"If you don't have an Icecat account, please register here for free.","repairability_index":"Repairability index","zoom_panel_init":"Original size","cat_name":"Category","product_family":"Product family","back_to_top":"Back to top","zoom_panel_out":"Zoom out","specs":"Specs","eu_product_fiche":"EU Product Fiche","reviews_head_name":"Reviews","pdf_specs":"Product Brochure","zoom_panel_in":"Zoom in","html_content":"","release_date":"Release date","demo_msg_part1":"You are using now a Demo account. Please, use your own Icecat account","demo_insert_desc":"This is a demo of a seamless insert of an Icecat LIVE product data-sheet in your website. Imagine that this responsive data-sheet is included in the product page of your webshop.","pdf_url":"User manual","prod_code":"Product code","supplier_name":"Brand","video":"Video","reasons_to_buy":"Reasons to buy","marketing_text":"Description","options_head_name":"Options","product_series":"Product series","demo_msg_part2":"your Icecat login name","link_integrate_desk":"How to integrate Icecat LIVE JavaScript.","zoom_panel_dragg":"Mouse dragging","eu_energy_label":"EU Energy Label"},"DemoAccount":false}}