{"msg":"OK","data":{"GeneralInfo":{"IcecatId":69681834,"ReleaseDate":"14-01-2019","EndOfLifeDate":"","Title":"Philips 1000 series In-ear headphones with mic SHE2405PP/00","TitleInfo":{"GeneratedIntTitle":"Philips 1000 series SHE2405PP/00 headphones/headset","GeneratedLocalTitle":{"Value":"Philips 1000 series SHE2405PP/00 headphones/headset Wired Calls/Music Pink, Purple","Language":"EN"},"BrandLocalTitle":{"Value":"Philips 1000 series In-ear headphones with mic SHE2405PP/00","Language":"EN"}},"Brand":"Philips","BrandID":"25","BrandLogo":"https://images.icecat.biz/img/brand/thumb/25_c26c0239c23244eaaccd8bb3e8990a9e.jpg","BrandInfo":{"BrandName":"Philips","BrandLocalName":"","BrandLogo":"https://images.icecat.biz/img/brand/thumb/25_c26c0239c23244eaaccd8bb3e8990a9e.jpg"},"ProductName":"In-ear headphones with mic SHE2405PP/00","ProductNameInfo":{"ProductIntName":"SHE2405PP/00","ProductLocalName":{"Value":"In-ear headphones with mic SHE2405PP/00","Language":"EN"}},"BrandPartCode":"SHE2405PP/00","GTIN":["6951613981719"],"Category":{"CategoryID":"1637","Name":{"Value":"Headphones & Headsets","Language":"EN"}},"ProductFamily":{"ProductFamilyID":"64648","Value":"1000 series","Language":"EN"},"ProductSeries":{"SeriesID":"1"},"Description":{"ID":"67383152","LongDesc":"In-ear are designed to fit ear geometry for super comfort with natural fit. A modern earphone design with translucent housing with dual layer effect and gradients on cable makes you stand out. A choice of 4 vibrant colours.","LongProductName":"8.6-mm drivers, closed-back, integrated mic, Pink & Purple, In-ear","MiddleDesc":"","Disclaimer":"","ManualPDFURL":"","ManualPDFSize":"0","LeafletPDFURL":"https://objects.icecat.biz/objects/mmo_69681834_1554222934_5601_15842.pdf","PDFSize":"320388","URL":"https://www.philips.co.uk/c-p/SHE2405PP_00/1000-series-in-ear-headphones-with-mic","WarrantyInfo":"","Updated":"2019-04-24 16:03:01","Language":"EN"},"SummaryDescription":{"ShortSummaryDescription":"Philips 1000 series In-ear headphones with mic SHE2405PP/00, Wired, Calls/Music, Headset, Pink, Purple","LongSummaryDescription":"Philips 1000 series In-ear headphones with mic SHE2405PP/00. Product type: Headset. Connectivity technology: Wired. Recommended usage: Calls/Music, Cable length: 1.2 m, Product colour: Pink, Purple"},"BulletPoints":{"BulletPointsId":"1896977","Language":"EN","Values":["8.6-mm drivers/closed-back","integrated mic","Pink & Purple","In-ear"],"Updated":"2019-04-01 10:11:14"},"GeneratedBulletPoints":{"Language":"EN","Values":["Pink, Purple Calls/Music In-ear Headset","Wired 3.5 mm connector","Intraaural","Microphone type: In-line"]},"GTINs":[{"GTIN":"6951613981719","IsApproved":true}]},"Image":{"HighPic":"https://images.icecat.biz/img/gallery/69681834_1138583703.jpg","HighPicSize":"542440","HighPicHeight":"2400","HighPicWidth":"958","LowPic":"https://images.icecat.biz/img/gallery_lows/69681834_1138583703.jpg","LowPicSize":"16298","LowPicHeight":"200","LowPicWidth":"79","Pic500x500":"https://images.icecat.biz/img/gallery_mediums/69681834_1138583703.jpg","Pic500x500Size":"64924","Pic500x500Height":"500","Pic500x500Width":"199","ThumbPic":"https://images.icecat.biz/img/gallery_thumbs/69681834_1138583703.jpg","ThumbPicSize":"3979"},"Multimedia":[{"ID":"22D2EDD6-F138-4EF9-A11E-B436BD041B0C","URL":"https://objects.icecat.biz/objects/mmo_69681834_1554222934_5601_15842.pdf","Type":"leaflet","ContentType":"application/pdf","KeepAsUrl":"0","Description":"Product Brochure","Size":"320388","IsPrivate":"0","Updated":"2019-04-02 18:35:34","Language":"EN","IsVideo":0},{"ID":"F11AD4FB-AABA-4CE9-B803-BF8EF16B217E","URL":"https://objects.icecat.biz/objects/mmo_69681834_1554222935_0003_15842.pdf","Type":"other digital assets","ContentType":"application/pdf","KeepAsUrl":"0","Description":"Retail Trade Leaflet","Size":"117630","IsPrivate":"0","Updated":"2022-07-11 13:55:56","Language":"EN","IsVideo":0}],"Gallery":[{"ID":"31008336","LowPic":"https://images.icecat.biz/img/gallery_lows/69681834_1138583703.jpg","LowSize":"16298","LowHeight":"200","LowWidth":"79","ThumbPic":"https://images.icecat.biz/img/gallery_thumbs/69681834_1138583703.jpg","ThumbPicSize":"3979","Pic":"https://images.icecat.biz/img/gallery/69681834_1138583703.jpg","Size":"542440","PicHeight":"2400","PicWidth":"958","Pic500x500":"https://images.icecat.biz/img/gallery_mediums/69681834_1138583703.jpg","Pic500x500Size":"64924","Pic500x500Height":"500","Pic500x500Width":"199","No":"1","IsMain":"Y","Updated":"2019-03-22 03:18:32","IsPrivate":"0","Type":"ProductImage","Attributes":{"OriginalFileName":""}}],"FeaturesGroups":[{"ID":10774,"SortNo":"60","FeatureGroup":{"ID":"184","Name":{"Value":"Performance","Language":"EN"}},"Features":[{"Localized":0,"ID":339540402,"LocalID":0,"Type":"dropdown","Value":"Headset","CategoryFeatureId":"320952","CategoryFeatureGroupID":"10774","SortNo":"300","PresentationValue":"Headset","RawValue":"Headset","LocalValue":"Headset","Description":"The sub-category of the product.","Mandatory":"1","Searchable":"1","Optional":"0","Feature":{"ID":"14052","Sign":"","Measure":{"ID":"29","Sign":"","Signs":{"ID":"","_":"","Language":"EN"}},"Name":{"Value":"Product type","Language":"EN"}}},{"Localized":0,"ID":339696240,"LocalID":0,"Type":"dropdown","Value":"In-ear","CategoryFeatureId":"48583","CategoryFeatureGroupID":"10774","SortNo":"294","PresentationValue":"In-ear","RawValue":"In-ear","LocalValue":"In-ear","Description":"The way in which the device is worn.","Mandatory":"1","Searchable":"1","Optional":"0","Feature":{"ID":"8136","Sign":"","Measure":{"ID":"29","Sign":"","Signs":{"ID":"","_":"","Language":"EN"}},"Name":{"Value":"Wearing style","Language":"EN"}}},{"Localized":0,"ID":365927712,"LocalID":0,"Type":"dropdown","Value":"Calls/Music","CategoryFeatureId":"320937","CategoryFeatureGroupID":"10774","SortNo":"291","PresentationValue":"Calls/Music","RawValue":"Calls/Music","LocalValue":"Calls/Music","Description":"What the product should be used for, and how it should be used (e.g. ambient temperature).","Mandatory":"1","Searchable":"1","Optional":"0","Feature":{"ID":"8480","Sign":"","Measure":{"ID":"29","Sign":"","Signs":{"ID":"","_":"","Language":"EN"}},"Name":{"Value":"Recommended usage","Language":"EN"}}},{"Localized":0,"ID":339663271,"LocalID":0,"Type":"dropdown","Value":"Binaural","CategoryFeatureId":"48578","CategoryFeatureGroupID":"10774","SortNo":"288","PresentationValue":"Binaural","RawValue":"Binaural","LocalValue":"Binaural","Description":"A headset is headphones combined with a microphone, or one headphone with a microphone. Headsets provide the equivalent functionality of a telephone handset but with hands-free operation. Types of headsets include single earpiece (monaural) and double earpiece.","Mandatory":"0","Searchable":"0","Optional":"0","Feature":{"ID":"8135","Sign":"","Measure":{"ID":"29","Sign":"","Signs":{"ID":"","_":"","Language":"EN"}},"Name":{"Value":"Headset type","Language":"EN"}}},{"Localized":0,"ID":339617330,"LocalID":0,"Type":"multi_dropdown","Value":"Pink,Purple","CategoryFeatureId":"41175","CategoryFeatureGroupID":"10774","SortNo":"280","PresentationValue":"Pink, Purple","RawValue":"Pink,Purple","LocalValue":"Pink, Purple","Description":"The colour e.g. red, blue, green, black, white.","Mandatory":"1","Searchable":"0","Optional":"0","Feature":{"ID":"1766","Sign":"","Measure":{"ID":"29","Sign":"","Signs":{"ID":"","_":"","Language":"EN"}},"Name":{"Value":"Product colour","Language":"EN"}}},{"Localized":0,"ID":339340960,"LocalID":0,"Type":"numerical","Value":"1.2","CategoryFeatureId":"42582","CategoryFeatureGroupID":"10774","SortNo":"270","PresentationValue":"1.2 m","RawValue":"1.2","LocalValue":"1.2","Description":"How long the cable is.","Mandatory":"0","Searchable":"0","Optional":"0","Feature":{"ID":"1266","Sign":"","Measure":{"ID":"54","Sign":"","Signs":{"ID":"37","_":"m","Language":"EN"}},"Name":{"Value":"Cable length","Language":"EN"}}},{"Localized":0,"ID":835247913,"LocalID":0,"Type":"y_n","Value":"Y","CategoryFeatureId":"804128","CategoryFeatureGroupID":"10774","SortNo":"0","PresentationValue":"Yes","RawValue":"Y","LocalValue":"Yes","Description":"","Mandatory":"0","Searchable":"0","Optional":"0","Feature":{"ID":"44242","Sign":"","Measure":{"ID":"26","Sign":"","Signs":{"ID":"","_":"","Language":"EN"}},"Name":{"Value":"Clear sound","Language":"EN"}}}]},{"ID":6264,"SortNo":"40","FeatureGroup":{"ID":"12","Name":{"Value":"Ports & interfaces","Language":"EN"}},"Features":[{"Localized":0,"ID":339585291,"LocalID":0,"Type":"dropdown","Value":"Wired","CategoryFeatureId":"155712","CategoryFeatureGroupID":"6264","SortNo":"298","PresentationValue":"Wired","RawValue":"Wired","LocalValue":"Wired","Description":"The technology that enables connectivity of the device, e.g. wired or wireless.","Mandatory":"1","Searchable":"1","Optional":"0","Feature":{"ID":"1655","Sign":"","Measure":{"ID":"29","Sign":"","Signs":{"ID":"","_":"","Language":"EN"}},"Name":{"Value":"Connectivity technology","Language":"EN"}}},{"Localized":0,"ID":339724199,"LocalID":0,"Type":"y_n","Value":"Y","CategoryFeatureId":"199409","CategoryFeatureGroupID":"6264","SortNo":"290","PresentationValue":"Yes","RawValue":"Y","LocalValue":"Yes","Description":"","Mandatory":"0","Searchable":"0","Optional":"0","Feature":{"ID":"14760","Sign":"","Measure":{"ID":"26","Sign":"","Signs":{"ID":"","_":"","Language":"EN"}},"Name":{"Value":"3.5 mm connector","Language":"EN"}}},{"Localized":0,"ID":339734207,"LocalID":0,"Type":"y_n","Value":"N","CategoryFeatureId":"199416","CategoryFeatureGroupID":"6264","SortNo":"288","PresentationValue":"No","RawValue":"N","LocalValue":"No","Description":"The product has USB connector.","Mandatory":"0","Searchable":"0","Optional":"0","Feature":{"ID":"10496","Sign":"","Measure":{"ID":"26","Sign":"","Signs":{"ID":"","_":"","Language":"EN"}},"Name":{"Value":"USB connectivity","Language":"EN"}}},{"Localized":0,"ID":339633584,"LocalID":0,"Type":"y_n","Value":"N","CategoryFeatureId":"199418","CategoryFeatureGroupID":"6264","SortNo":"286","PresentationValue":"No","RawValue":"N","LocalValue":"No","Description":"Bluetooth is a low-power radio technology developed to replace the cables and wires currently used to link or connect electronic devices such as personal computers, printers, and a wide variety of handheld devices including mobile phones. Because it uses radio-wave connectivity, a Bluetooth-enabled device has a constant, established connection to whatever browser it uses. This saves the user the trouble of logging on to check for emails or news updates, for example.","Mandatory":"0","Searchable":"0","Optional":"0","Feature":{"ID":"2183","Sign":"","Measure":{"ID":"26","Sign":"","Signs":{"ID":"","_":"","Language":"EN"}},"Name":{"Value":"Bluetooth","Language":"EN"}}}]},{"ID":5109,"SortNo":"30","FeatureGroup":{"ID":"71","Name":{"Value":"Headphones","Language":"EN"}},"Features":[{"Localized":0,"ID":339709663,"LocalID":0,"Type":"dropdown","Value":"Intraaural","CategoryFeatureId":"42691","CategoryFeatureGroupID":"5109","SortNo":"50","PresentationValue":"Intraaural","RawValue":"Intraaural","LocalValue":"Intraaural","Description":"Ear coupling describes the way in which headphones or earphones stay attached to, or inside, the ear. There are three common types of ear coupling: circumaural, supra-aural and intra-aural. Circumaural headphones enclose your ears with large pads that suppress external noise. Supra-aural headphones are typically more lightweight and sit on top of the ears with small pads. Intra-aural headphones come in two basic designs and neither style sits on the head itself. The first are ear buds, which sit just outside of the ear canal, on top of your ear lobes. The second type is actually inserted directly into the ear canal and offers some external noise suppression.","Mandatory":"1","Searchable":"0","Optional":"0","Feature":{"ID":"2527","Sign":"","Measure":{"ID":"29","Sign":"","Signs":{"ID":"","_":"","Language":"EN"}},"Name":{"Value":"Ear coupling","Language":"EN"}}},{"Localized":0,"ID":835247931,"LocalID":0,"Type":"dropdown","Value":"Neodymium","CategoryFeatureId":"41174","CategoryFeatureGroupID":"5109","SortNo":"34","PresentationValue":"Neodymium","RawValue":"Neodymium","LocalValue":"Neodymium","Description":"Type of magnet e.g. neodymium.","Mandatory":"0","Searchable":"0","Optional":"0","Feature":{"ID":"2380","Sign":"","Measure":{"ID":"29","Sign":"","Signs":{"ID":"","_":"","Language":"EN"}},"Name":{"Value":"Magnet type","Language":"EN"}}},{"Localized":0,"ID":339330246,"LocalID":0,"Type":"numerical","Value":"8.6","CategoryFeatureId":"41164","CategoryFeatureGroupID":"5109","SortNo":"30","PresentationValue":"8.6 mm","RawValue":"8.6","LocalValue":"8.6","Description":"","Mandatory":"0","Searchable":"0","Optional":"0","Feature":{"ID":"2379","Sign":"","Measure":{"ID":"24","Sign":"","Signs":{"ID":"3","_":"mm","Language":"EN"}},"Name":{"Value":"Driver unit","Language":"EN"}}}]},{"ID":5110,"SortNo":"28","FeatureGroup":{"ID":"70","Name":{"Value":"Microphone","Language":"EN"}},"Features":[{"Localized":0,"ID":365927713,"LocalID":0,"Type":"dropdown","Value":"In-line microphone","CategoryFeatureId":"320987","CategoryFeatureGroupID":"5110","SortNo":"297","PresentationValue":"In-line","RawValue":"In-line microphone","LocalValue":"In-line","Description":"The characteristics of the microphone bulit into the device in terms of the reception of signals from all or just one direction, i.e. omnidirectional (better for concerts and the like vs unidirectional, more suitable for voice recording.","Mandatory":"1","Searchable":"1","Optional":"0","Feature":{"ID":"15803","Sign":"","Measure":{"ID":"29","Sign":"","Signs":{"ID":"","_":"","Language":"EN"}},"Name":{"Value":"Microphone type","Language":"EN"}}},{"Localized":0,"ID":339715774,"LocalID":0,"Type":"y_n","Value":"N","CategoryFeatureId":"927757","CategoryFeatureGroupID":"5110","SortNo":"0","PresentationValue":"No","RawValue":"N","LocalValue":"No","Description":"","Mandatory":"0","Searchable":"0","Optional":"0","Feature":{"ID":"46049","Sign":"","Measure":{"ID":"26","Sign":"","Signs":{"ID":"","_":"","Language":"EN"}},"Name":{"Value":"Microphone noise-canceling","Language":"EN"}}}]},{"ID":5225,"SortNo":"7","FeatureGroup":{"ID":"67","Name":{"Value":"Packaging data","Language":"EN"}},"Features":[{"Localized":0,"ID":339380935,"LocalID":0,"Type":"numerical","Value":"52","CategoryFeatureId":"43281","CategoryFeatureGroupID":"5225","SortNo":"-11","PresentationValue":"52 mm","RawValue":"52","LocalValue":"52","Description":"The distance from one side of the packaging to the other.","Mandatory":"0","Searchable":"0","Optional":"0","Feature":{"ID":"3808","Sign":"","Measure":{"ID":"24","Sign":"","Signs":{"ID":"3","_":"mm","Language":"EN"}},"Name":{"Value":"Package width","Language":"EN"}}},{"Localized":0,"ID":339410758,"LocalID":0,"Type":"numerical","Value":"28","CategoryFeatureId":"43275","CategoryFeatureGroupID":"5225","SortNo":"-12","PresentationValue":"28 mm","RawValue":"28","LocalValue":"28","Description":"The distance from the front to the back of the packaging.","Mandatory":"0","Searchable":"0","Optional":"0","Feature":{"ID":"3806","Sign":"","Measure":{"ID":"24","Sign":"","Signs":{"ID":"3","_":"mm","Language":"EN"}},"Name":{"Value":"Package depth","Language":"EN"}}},{"Localized":0,"ID":339378587,"LocalID":0,"Type":"numerical","Value":"172","CategoryFeatureId":"43276","CategoryFeatureGroupID":"5225","SortNo":"-13","PresentationValue":"172 mm","RawValue":"172","LocalValue":"172","Description":"The distance from the top to the bottom of the packaging.","Mandatory":"0","Searchable":"0","Optional":"0","Feature":{"ID":"3807","Sign":"","Measure":{"ID":"24","Sign":"","Signs":{"ID":"3","_":"mm","Language":"EN"}},"Name":{"Value":"Package height","Language":"EN"}}},{"Localized":0,"ID":339350227,"LocalID":0,"Type":"numerical","Value":"36","CategoryFeatureId":"42696","CategoryFeatureGroupID":"5225","SortNo":"-20","PresentationValue":"36 g","RawValue":"36","LocalValue":"36","Description":"Weight of the packaged product.","Mandatory":"0","Searchable":"0","Optional":"0","Feature":{"ID":"762","Sign":"","Measure":{"ID":"38","Sign":"","Signs":{"ID":"22","_":"g","Language":"EN"}},"Name":{"Value":"Package weight","Language":"EN"}}}]},{"ID":12861,"SortNo":"6","FeatureGroup":{"ID":"116","Name":{"Value":"Packaging content","Language":"EN"}},"Features":[{"Localized":0,"ID":835247842,"LocalID":0,"Type":"y_n","Value":"N","CategoryFeatureId":"255783","CategoryFeatureGroupID":"12861","SortNo":"15","PresentationValue":"No","RawValue":"N","LocalValue":"No","Description":"","Mandatory":"1","Searchable":"0","Optional":"0","Feature":{"ID":"1230","Sign":"","Measure":{"ID":"26","Sign":"","Signs":{"ID":"","_":"","Language":"EN"}},"Name":{"Value":"AC adapter included","Language":"EN"}}},{"Localized":0,"ID":339482275,"LocalID":0,"Type":"numerical","Value":"1","CategoryFeatureId":"82142","CategoryFeatureGroupID":"12861","SortNo":"-5","PresentationValue":"1","RawValue":"1","LocalValue":"1","Description":"The number of products there are.","Mandatory":"0","Searchable":"0","Optional":"0","Feature":{"ID":"1675","Sign":"","Measure":{"ID":"29","Sign":"","Signs":{"ID":"","_":"","Language":"EN"}},"Name":{"Value":"Quantity","Language":"EN"}}}]},{"ID":17998,"SortNo":"3","FeatureGroup":{"ID":"198","Name":{"Value":"Logistics data","Language":"EN"}},"Features":[{"Localized":0,"ID":339533074,"LocalID":0,"Type":"numerical","Value":"1298","CategoryFeatureId":"165881","CategoryFeatureGroupID":"17998","SortNo":"-53","PresentationValue":"1.3 kg","RawValue":"1298","LocalValue":"1.3","Description":"","Mandatory":"0","Searchable":"0","Optional":"0","Feature":{"ID":"19016","Sign":"","Measure":{"ID":"38","Sign":"","Signs":{"ID":"22","_":"g","Language":"EN"}},"Name":{"Value":"Master (outer) case gross weight","Language":"EN"}}},{"Localized":0,"ID":339533274,"LocalID":0,"Type":"numerical","Value":"336","CategoryFeatureId":"165883","CategoryFeatureGroupID":"17998","SortNo":"-53","PresentationValue":"336 g","RawValue":"336","LocalValue":"336","Description":"","Mandatory":"0","Searchable":"0","Optional":"1","Feature":{"ID":"23091","Sign":"","Measure":{"ID":"38","Sign":"","Signs":{"ID":"22","_":"g","Language":"EN"}},"Name":{"Value":"Master (outer) case net weight","Language":"EN"}}},{"Localized":0,"ID":339533312,"LocalID":0,"Type":"numerical","Value":"134","CategoryFeatureId":"216660","CategoryFeatureGroupID":"17998","SortNo":"-63","PresentationValue":"134 g","RawValue":"134","LocalValue":"134","Description":"","Mandatory":"0","Searchable":"0","Optional":"0","Feature":{"ID":"22663","Sign":"","Measure":{"ID":"38","Sign":"","Signs":{"ID":"22","_":"g","Language":"EN"}},"Name":{"Value":"Shipping (inner) case gross weight","Language":"EN"}}}]},{"ID":10775,"SortNo":"0","FeatureGroup":{"ID":"0","Name":{"Value":"Technical details","Language":"EN"}},"Features":[{"Localized":0,"ID":339497989,"LocalID":0,"Type":"numerical","Value":"14","CategoryFeatureId":"112393","CategoryFeatureGroupID":"10775","SortNo":"0","PresentationValue":"14 g","RawValue":"14","LocalValue":"14","Description":"","Mandatory":"0","Searchable":"0","Optional":"1","Feature":{"ID":"18985","Sign":"","Measure":{"ID":"38","Sign":"","Signs":{"ID":"22","_":"g","Language":"EN"}},"Name":{"Value":"Package net weight","Language":"EN"}}},{"Localized":0,"ID":339533211,"LocalID":0,"Type":"numerical","Value":"962","CategoryFeatureId":"307301","CategoryFeatureGroupID":"10775","SortNo":"0","PresentationValue":"962 g","RawValue":"962","LocalValue":"962","Description":"","Mandatory":"0","Searchable":"0","Optional":"1","Feature":{"ID":"28519","Sign":"","Measure":{"ID":"38","Sign":"","Signs":{"ID":"22","_":"g","Language":"EN"}},"Name":{"Value":"Master (outer) case tare weight","Language":"EN"}}},{"Localized":0,"ID":339533343,"LocalID":0,"Type":"numerical","Value":"42","CategoryFeatureId":"307623","CategoryFeatureGroupID":"10775","SortNo":"0","PresentationValue":"42 g","RawValue":"42","LocalValue":"42","Description":"","Mandatory":"0","Searchable":"0","Optional":"1","Feature":{"ID":"24438","Sign":"","Measure":{"ID":"38","Sign":"","Signs":{"ID":"22","_":"g","Language":"EN"}},"Name":{"Value":"Shipping (inner) case net weight","Language":"EN"}}},{"Localized":0,"ID":339533374,"LocalID":0,"Type":"numerical","Value":"92","CategoryFeatureId":"307735","CategoryFeatureGroupID":"10775","SortNo":"0","PresentationValue":"92 g","RawValue":"92","LocalValue":"92","Description":"","Mandatory":"0","Searchable":"0","Optional":"1","Feature":{"ID":"31480","Sign":"","Measure":{"ID":"38","Sign":"","Signs":{"ID":"22","_":"g","Language":"EN"}},"Name":{"Value":"Shipping (inner) case tare weight","Language":"EN"}}}]},{"ID":12862,"SortNo":"0","FeatureGroup":{"ID":"27","Name":{"Value":"Power","Language":"EN"}},"Features":[{"Localized":0,"ID":835247828,"LocalID":0,"Type":"y_n","Value":"N","CategoryFeatureId":"974955","CategoryFeatureGroupID":"12862","SortNo":"0","PresentationValue":"No","RawValue":"N","LocalValue":"No","Description":"","Mandatory":"1","Searchable":"0","Optional":"0","Feature":{"ID":"48505","Sign":"","Measure":{"ID":"26","Sign":"","Signs":{"ID":"","_":"","Language":"EN"}},"Name":{"Value":"USB Type-C charging port","Language":"EN"}}},{"Localized":0,"ID":835247830,"LocalID":0,"Type":"y_n","Value":"N","CategoryFeatureId":"974956","CategoryFeatureGroupID":"12862","SortNo":"0","PresentationValue":"No","RawValue":"N","LocalValue":"No","Description":"","Mandatory":"0","Searchable":"0","Optional":"0","Feature":{"ID":"34351","Sign":"","Measure":{"ID":"26","Sign":"","Signs":{"ID":"","_":"","Language":"EN"}},"Name":{"Value":"USB Power Delivery (USB PD)","Language":"EN"}}}]},{"ID":6259,"SortNo":"-100","FeatureGroup":{"ID":"146","Name":{"Value":"Other features","Language":"EN"}},"Features":[{"Localized":0,"ID":339729439,"LocalID":0,"Type":"y_n","Value":"N","CategoryFeatureId":"199411","CategoryFeatureGroupID":"6259","SortNo":"199","PresentationValue":"No","RawValue":"N","LocalValue":"No","Description":"","Mandatory":"0","Searchable":"0","Optional":"1","Feature":{"ID":"30204","Sign":"","Measure":{"ID":"26","Sign":"","Signs":{"ID":"","_":"","Language":"EN"}},"Name":{"Value":"2.5 mm connector","Language":"EN"}}},{"Localized":0,"ID":339348633,"LocalID":0,"Type":"3d","Value":"5.2 x 2.8 x 17.2","CategoryFeatureId":"42491","CategoryFeatureGroupID":"6259","SortNo":"10","PresentationValue":"5.2 x 2.8 x 17.2 mm","RawValue":"5.2 x 2.8 x 17.2","LocalValue":"5.2 x 2.8 x 17.2","Description":"","Mandatory":"0","Searchable":"0","Optional":"1","Feature":{"ID":"582","Sign":"","Measure":{"ID":"24","Sign":"","Signs":{"ID":"3","_":"mm","Language":"EN"}},"Name":{"Value":"Package dimensions (WxDxH)","Language":"EN"}}},{"Localized":0,"ID":339393241,"LocalID":0,"Type":"numerical","Value":"6","CategoryFeatureId":"43251","CategoryFeatureGroupID":"6259","SortNo":"0","PresentationValue":"6 cm","RawValue":"6","LocalValue":"6","Description":"","Mandatory":"0","Searchable":"0","Optional":"1","Feature":{"ID":"4775","Sign":"","Measure":{"ID":"34","Sign":"","Signs":{"ID":"18","_":"cm","Language":"EN"}},"Name":{"Value":"Height (cm) inner carton","Language":"EN"}}},{"Localized":0,"ID":339393466,"LocalID":0,"Type":"numerical","Value":"16.3","CategoryFeatureId":"43252","CategoryFeatureGroupID":"6259","SortNo":"0","PresentationValue":"16.3 cm","RawValue":"16.3","LocalValue":"16.3","Description":"","Mandatory":"0","Searchable":"0","Optional":"1","Feature":{"ID":"4904","Sign":"","Measure":{"ID":"34","Sign":"","Signs":{"ID":"18","_":"cm","Language":"EN"}},"Name":{"Value":"Height (cm) outer carton","Language":"EN"}}},{"Localized":0,"ID":339393559,"LocalID":0,"Type":"numerical","Value":"17.9","CategoryFeatureId":"43260","CategoryFeatureGroupID":"6259","SortNo":"0","PresentationValue":"17.9 cm","RawValue":"17.9","LocalValue":"17.9","Description":"","Mandatory":"0","Searchable":"0","Optional":"1","Feature":{"ID":"4777","Sign":"","Measure":{"ID":"34","Sign":"","Signs":{"ID":"18","_":"cm","Language":"EN"}},"Name":{"Value":"Length (cm) inner carton","Language":"EN"}}},{"Localized":0,"ID":339393849,"LocalID":0,"Type":"numerical","Value":"34.5","CategoryFeatureId":"43261","CategoryFeatureGroupID":"6259","SortNo":"0","PresentationValue":"34.5 cm","RawValue":"34.5","LocalValue":"34.5","Description":"","Mandatory":"0","Searchable":"0","Optional":"1","Feature":{"ID":"4906","Sign":"","Measure":{"ID":"34","Sign":"","Signs":{"ID":"18","_":"cm","Language":"EN"}},"Name":{"Value":"Length (cm) outer carton","Language":"EN"}}},{"Localized":0,"ID":339383316,"LocalID":0,"Type":"numerical","Value":"3","CategoryFeatureId":"43282","CategoryFeatureGroupID":"6259","SortNo":"0","PresentationValue":"3 pc(s)","RawValue":"3","LocalValue":"3","Description":"","Mandatory":"0","Searchable":"0","Optional":"1","Feature":{"ID":"4780","Sign":"","Measure":{"ID":"144","Sign":"","Signs":{"ID":"125","_":"pc(s)","Language":"EN"}},"Name":{"Value":"Quantity inner carton","Language":"EN"}}},{"Localized":0,"ID":339383548,"LocalID":0,"Type":"numerical","Value":"24","CategoryFeatureId":"43283","CategoryFeatureGroupID":"6259","SortNo":"0","PresentationValue":"24 pc(s)","RawValue":"24","LocalValue":"24","Description":"","Mandatory":"0","Searchable":"0","Optional":"1","Feature":{"ID":"4909","Sign":"","Measure":{"ID":"144","Sign":"","Signs":{"ID":"125","_":"pc(s)","Language":"EN"}},"Name":{"Value":"Quantity outer carton","Language":"EN"}}},{"Localized":0,"ID":339394006,"LocalID":0,"Type":"numerical","Value":"8","CategoryFeatureId":"43296","CategoryFeatureGroupID":"6259","SortNo":"0","PresentationValue":"8 cm","RawValue":"8","LocalValue":"8","Description":"","Mandatory":"0","Searchable":"0","Optional":"1","Feature":{"ID":"4782","Sign":"","Measure":{"ID":"34","Sign":"","Signs":{"ID":"18","_":"cm","Language":"EN"}},"Name":{"Value":"Width (cm) inner carton","Language":"EN"}}},{"Localized":0,"ID":339394123,"LocalID":0,"Type":"numerical","Value":"19.7","CategoryFeatureId":"43297","CategoryFeatureGroupID":"6259","SortNo":"0","PresentationValue":"19.7 cm","RawValue":"19.7","LocalValue":"19.7","Description":"","Mandatory":"0","Searchable":"0","Optional":"1","Feature":{"ID":"4911","Sign":"","Measure":{"ID":"34","Sign":"","Signs":{"ID":"18","_":"cm","Language":"EN"}},"Name":{"Value":"Width (cm) outer carton","Language":"EN"}}},{"Localized":0,"ID":339476744,"LocalID":0,"Type":"3d","Value":"8 x 6 x 17.9","CategoryFeatureId":"78866","CategoryFeatureGroupID":"6259","SortNo":"0","PresentationValue":"8 x 6 x 17.9 mm","RawValue":"8 x 6 x 17.9","LocalValue":"8 x 6 x 17.9","Description":"","Mandatory":"0","Searchable":"0","Optional":"1","Feature":{"ID":"4451","Sign":"","Measure":{"ID":"24","Sign":"","Signs":{"ID":"3","_":"mm","Language":"EN"}},"Name":{"Value":"Inner carton dimensions (W x D x H)","Language":"EN"}}},{"Localized":0,"ID":339480924,"LocalID":0,"Type":"3d","Value":"19.7 x 16.3 x 34.5","CategoryFeatureId":"78868","CategoryFeatureGroupID":"6259","SortNo":"0","PresentationValue":"19.7 x 16.3 x 34.5 mm","RawValue":"19.7 x 16.3 x 34.5","LocalValue":"19.7 x 16.3 x 34.5","Description":"","Mandatory":"0","Searchable":"0","Optional":"1","Feature":{"ID":"11614","Sign":"","Measure":{"ID":"24","Sign":"","Signs":{"ID":"3","_":"mm","Language":"EN"}},"Name":{"Value":"Outer carton dimensions (W x D x H)","Language":"EN"}}},{"Localized":0,"ID":339503862,"LocalID":0,"Type":"numerical","Value":"22","CategoryFeatureId":"190671","CategoryFeatureGroupID":"6259","SortNo":"0","PresentationValue":"22 g","RawValue":"22","LocalValue":"22","Description":"","Mandatory":"0","Searchable":"0","Optional":"1","Feature":{"ID":"28520","Sign":"","Measure":{"ID":"38","Sign":"","Signs":{"ID":"22","_":"g","Language":"EN"}},"Name":{"Value":"Package tare weight","Language":"EN"}}}]}],"FeatureLogos":[{"LogoPic":"https://images.icecat.biz/img/feature_logo/1242-3899.png","Width":"0","Height":"0","Size":"0","ThumbPic":"https://images.icecat.biz/img/feature_logo_thumbs/1242-3899.png","FeatureID":"1230","Value":"N","KeyLogo":0,"Description":{"Value":"DIRECTIVE (EU) 2022/2380 OF THE EUROPEAN PARLIAMENT AND OF THE COUNCIL of 23 November 2022 (Part III)","Language":"EN"}}],"ReasonsToBuy":[{"ReasonToBuyID":"36266464","Value":"Neodymium is the best material for producing a strong magnetic field for greater sensitivity in a voice coil, better bass response and a pure balanced sound quality.","HighPic":"","HighPicSize":"0","No":"100","Title":"Neodymium speaker drivers","Language":"EN","Updated":"2019-04-09 06:27:23","Origin":"RTB","IsPrivate":"1"},{"ReasonToBuyID":"36266468","Value":"In-line mic and pick up button for easy conversation","HighPic":"","HighPicSize":"0","No":"101","Title":"In-line mic and pick up button","Language":"EN","Updated":"2019-04-09 06:27:24","Origin":"RTB","IsPrivate":"1"},{"ReasonToBuyID":"36266478","Value":"The Super-small speaker drivers of these Philips earphones fit comfortably inside the ear, and thanks to the exceptionally snug fit the outside noise is sealed out for a high-intensity listening experience.","HighPic":"","HighPicSize":"0","No":"102","Title":"Perfect in-ear seal","Language":"EN","Updated":"2019-04-09 06:27:25","Origin":"RTB","IsPrivate":"1"},{"ReasonToBuyID":"36266692","Value":"Small and efficient 8.6 mm speaker drivers deliver clear sound for enhanced listening enjoyment on the go.","HighPic":"https://images.icecat.biz/img/bullets/69681834-5cac1f4015963505495741.jpg?access=J77V3nPxhMdrWjeg62LCNU5ezzgJnXffIjaIYNCFejI1wbVxdOQxfWMB3SVQAVsv","HighPicSize":"0","No":"103","Title":"Efficient 8.6 mm drivers","Language":"EN","Updated":"2019-04-09 06:27:44","Origin":"RTB","IsPrivate":"1"},{"ReasonToBuyID":"36266704","Value":"Your in-ear headphones are precisely designed to fit any ear. Their ergonomic oval sound tube and curved architecture ensure an optimised, secure and comfortable fit – always.","HighPic":"","HighPicSize":"0","No":"104","Title":"Oval sound tubes","Language":"EN","Updated":"2019-04-09 06:27:44","Origin":"RTB","IsPrivate":"1"},{"ReasonToBuyID":"36266764","Value":"Ear caps come in a choice of 3 sizes – small, medium and large – for a personalised and perfect fit.","HighPic":"https://images.icecat.biz/img/bullets/69681834-5cac1f4a59291430070337.jpg?access=J77V3nPxhMdrWjeg62LCNU5ezzgJnXffIjaIYNCFejI1wbVxdOQxfWMB3SVQAVsv","HighPicSize":"0","No":"105","Title":"Choice of 3 pairs of ear caps","Language":"EN","Updated":"2019-04-09 06:27:54","Origin":"RTB","IsPrivate":"1"}],"Reviews":[],"ProductRelated":[],"CatalogObjectCloud":{"ProductPage":{"QRCodeURL":"https://qr.icecat.biz/coc/4ac485c6-80b6-4b26-b6e1-dfe1291f3179","URL":"https://coc.icecat.biz/4ac485c6-80b6-4b26-b6e1-dfe1291f3179"}},"Variants":[],"ProductStory":[],"Dictionary":{"model_name":"Product name","desc":"Description","ean_code":"EAN/UPC code","flash360":"3D tour","demo_msg_part3":"If you don't have an Icecat account, please register here for free.","repairability_index":"Repairability index","zoom_panel_init":"Original size","cat_name":"Category","product_family":"Product family","back_to_top":"Back to top","zoom_panel_out":"Zoom out","specs":"Specs","eu_product_fiche":"EU Product Fiche","reviews_head_name":"Reviews","pdf_specs":"Product Brochure","zoom_panel_in":"Zoom in","html_content":"","release_date":"Release date","demo_msg_part1":"You are using now a Demo account. Please, use your own Icecat account","demo_insert_desc":"This is a demo of a seamless insert of an Icecat LIVE product data-sheet in your website. Imagine that this responsive data-sheet is included in the product page of your webshop.","pdf_url":"User manual","prod_code":"Product code","supplier_name":"Brand","video":"Video","reasons_to_buy":"Reasons to buy","marketing_text":"Description","options_head_name":"Options","product_series":"Product series","demo_msg_part2":"your Icecat login name","link_integrate_desk":"How to integrate Icecat LIVE JavaScript.","zoom_panel_dragg":"Mouse dragging","eu_energy_label":"EU Energy Label"},"DemoAccount":false}}