{"msg":"OK","data":{"GeneralInfo":{"IcecatId":101200219,"ReleaseDate":"","EndOfLifeDate":"","Title":"Garmin quatix 7 3.3 cm (1.3\") AMOLED 47 mm Digital 416 x 416 pixels Touchscreen Blue Wi-Fi GPS (satellite)","TitleInfo":{"GeneratedIntTitle":"Garmin quatix 7","GeneratedLocalTitle":{"Value":"Garmin quatix 7 3.3 cm (1.3\") AMOLED 47 mm Digital 416 x 416 pixels Touchscreen Blue Wi-Fi GPS (satellite)","Language":"EN"},"BrandLocalTitle":{"Value":"","Language":"EN"}},"Brand":"Garmin","BrandID":"202","BrandLogo":"https://inishop.com/img/brand/thumb/202_f82bf3293e3a46c2bfe80322da4aa316.jpg","BrandInfo":{"BrandName":"Garmin","BrandLocalName":"","BrandLogo":"https://inishop.com/img/brand/thumb/202_f82bf3293e3a46c2bfe80322da4aa316.jpg"},"ProductName":"quatix 7","ProductNameInfo":{"ProductIntName":"quatix 7","ProductLocalName":{"Value":"","Language":"EN"}},"BrandPartCode":"010-02582-61","GTIN":["0753759298432","753759298432"],"Category":{"CategoryID":"2647","Name":{"Value":"Smartwatches & Sport Watches","Language":"EN"}},"ProductFamily":{"ProductFamilyID":"77070","Value":"quatix","Language":"EN"},"ProductSeries":{"SeriesID":"1"},"Description":{"ID":"87829531","LongDesc":"<b>PLOT YOUR PARADISE ON THE WATER AND BEYOND</b><br>With quatix® 7 – Sapphire Edition, the multisport GPS smartwatch with a bright AMOLED display, you’ll get all the features you need on your boat and the ones you want off it.<br><br><b>BATTERY LIFE</b><br>An internal, rechargeable lithium battery provides up to 16 days of battery life in smartwatch mode, 42 hours in GPS mode and up to 60 hours in UltraTrac™ battery saver mode.<br><br><b>PERFORMANCE BY DESIGN</b><br>The rugged, sophisticated design features a large 1.3″ always-on AMOLED display, diamond-like carbon coating and a scratch-resistant sapphire lens.<br><br><b>TOUCHSCREEN AND BUTTONS</b><br>Traditional button controls that work in any environment are matched with a responsive new touchscreen interface for quick access to selections and functions.<br><br>COMPREHENSIVE CONNECTIVITY<br>quatix® 7 – Sapphire Edition connects with select compatible Garmin chartplotters and remote control of key MFD features, including chart zoom, layout shortcut, Fusion® stereo, autopilot and more.<br><br><b>AUTOPILOT CONTROL</b><br>Even when you’re not at the helm, you can control your boat. Access the autopilot app to change heading, engage pattern steering and follow a GPS route.<br><br><b>FUSION-LINK™ AUDIO SYSTEM</b><br>Control your onboard entertainment system from your watch with the built-in Fusion-Link™ Lite app.<br><br><b>STREAM DATA</b><br>View data — including water depth, engine RPM, wind, custom data and more — directly on your wrist when you connect your quatix® 7 – Sapphire Edition to your boat’s compatible devices.<br><br><b>ALERTS AND ALARMS</b><br>For better situational awareness on the water, quatix® 7 – Sapphire Edition alerts you to imminent tide changes and anchor drag.<br><br><b>WAYPOINT MARKING</b><br>No need to return to the helm to mark each catch. Use your watch to place chartplotter waypoints from anywhere on the boat.<br><br><b>GARMIN SAILASSIST™ FEATURE CAPABILITIES</b><br>When it comes to sailing, don’t just time your start — visualise it. Create a virtual starting line to time the perfect start. Also, use tack assist to see whether you are headed or lifted.<br><br><b>Always know where you are.</b><br><b>BLUECHART® G3 CHARTS</b><br>quatix® 7 – Sapphire Edition supports premier coastal charts featuring integrated Navionics® data.<br><br><b>MULTICONTINENT TOPO MAPS</b><br>Download TopoActive maps from around the world to keep your explorations on track. Use built-in Wi-Fi® connectivity to easily load and update maps and software without using a computer.<br><br><b>GOLF COURSE MAPS</b><br>Access full-colour CourseView maps for more than 42,000 golf courses around the world, and get touch targeting and the PlaysLike Distance feature.<br><br><b>SKIVIEW™ MAPS</b><br>Take on the slopes with preloaded SkiView maps, and view run names and difficulty ratings for more than 2,000 ski resorts worldwide.<br><br><b>MULTI-GNSS SUPPORT</b><br>Access multiple global navigation satellite systems (GPS, GLONASS and Galileo) to track in more challenging environments than GPS alone.<br><br><b>MULTI-BAND FREQUENCY SUPPORT</b><br>Receive and utilise multiple frequencies sent by navigation satellites, which enable improved user position accuracy specifically in areas where GNSS signals are reflected, weak or typically do not penetrate.<br><br><b>ABC SENSORS</b><br>Navigate your next trail with ABC sensors, including an altimeter for elevation data, barometer to monitor weather and 3-axis electronic compass.<br><br><b>You deserve a watch that keeps up.</b><br><b>BUILT-IN SPORTS APPS</b><br>Use preloaded activity profiles for trail running, swimming, running, biking, hiking, rowing, skiing, golfing, surfing, indoor climbing and more.<br><br><b>SURF-READY FEATURES</b><br>Get ready to catch some waves. This quatix watch works with the Surfline Sessions™ feature, which creates a video of every wave you ride in front of a Surfline® camera2. So you can watch them later and see how you did with your Surfline Sessions subscription.<br><br><b>PERFORMANCE METRICS</b><br>View advanced training metrics that include running dynamics, heat- and altitude-adjusted VO2 max, trail running adjustment, recovery advisor and more.<br><br><b>RECOVERY TIME ADVISOR</b><br>After each workout, recovery time lets you know when you'll be ready for another hard workout. It even accounts for training intensity and factors such as stress, daily activity and sleep.<br><br><b>WRIST-BASED HEART RATE</b><br>The watch constantly samples your heart rate3 to help gauge how hard you work during activities — even underwater.<br><br><b>SLEEP SCORE AND ADVANCED SLEEP MONITORING</b><br>Get a full breakdown of your light, deep and REM sleep stages. View it all on a dedicated widget that includes your sleep score and insights.<br><br><b>HEALTH MONITORING ACTIVITY</b><br>Using data from the watch’s various body status sensors, this feature helps track your daily biometric and wellness trends at a glance.<br><br><b>Stay connected while on the go.</b><br><b>SMART NOTIFICATIONS</b><br>Receive emails, texts and alerts right on your watch when paired with a compatible device.<br><br><b>GARMIN PAY™ CONTACTLESS PAYMENTS</b><br>Breeze through checkout lines with Garmin Pay contactless payment solution through participating providers.<br><br><b>MUSIC APPS</b><br>Download songs plus playlists from your Spotify, Deezer or Amazon Music accounts (subscription may be required). Use wireless headphones (not included) for phone-free listening.<br><br><b>SAFETY AND TRACKING FEATURES</b><br>When your watch and phone are paired, a message with your live location can be sent to your contacts manually or — during select outdoor activities — automatically with built-in Incident Detection4.<br><br><b>CONNECT IQ™ STORE</b><br>Download custom watch faces, add data fields, and get apps and widgets from the Connect IQ Store on your compatible smartphone.","LongProductName":"1.3″, 416 x 416, AMOLED, 10 ATM, GPS, Bluetooth, ANT+, Wi-Fi, 32 GB","MiddleDesc":"","Disclaimer":"","ManualPDFURL":"https://inishop.com/objects/mmo_101200219_1659453750_2961_4583.pdf","ManualPDFSize":"5897787","LeafletPDFURL":"","PDFSize":"0","URL":"https://www.garmin.com/en-GB/p/818324/pn/010-02582-61","WarrantyInfo":"","Updated":"2022-08-02 17:25:34","Language":"EN"},"SummaryDescription":{"ShortSummaryDescription":"Garmin quatix 7, 3.3 cm (1.3\"), AMOLED, Touchscreen, Wi-Fi, GPS (satellite), 70 g","LongSummaryDescription":"Garmin quatix 7. Display diagonal: 3.3 cm (1.3\"), Display technology: AMOLED, Display resolution: 416 x 416 pixels, Touchscreen. Wi-Fi. GPS (satellite). Weight: 70 g. Band material: Silicone, Band colour: Blue, Band size: One Size"},"BulletPoints":{"BulletPointsId":"6738675","Language":"EN","Values":["Chargers weigh you down, so don’t take one. Go up to 16 days without needing to plug in","Direct sunlight has nothing on this easy-to-read bright AMOLED display","When you own a boat, you want to stay connected. quatix 7 is your answer","Touch or tap, it’s up to you. Use traditional buttons or the new touchscreen interface","No matter where you go, know where you are with coastal charts and inland maps","Off the grid or at your local spot, text messages and smart notifications1 will be able to find you"],"Updated":"2022-08-02 17:25:34"},"GeneratedBulletPoints":{"Language":"EN","Values":["Sport watch Digital Touchscreen 3.3 cm (1.3\") AMOLED","416 x 416 pixels","Water resistance: 10 ATM","Built-in speaker(s)","Heart rate monitor Accelerometer Gyroscope Activity tracker","GPS (satellite) GLONASS Galileo","Wi-Fi Bluetooth Near Field Communication (NFC)","Built-in battery 504 h"]},"GTINs":[{"GTIN":"0753759298432","IsApproved":true},{"GTIN":"753759298432","IsApproved":true}]},"Image":{"HighPic":"https://inishop.com/img/gallery/100368789_8268058207.jpg","HighPicSize":"73143","HighPicHeight":"600","HighPicWidth":"600","LowPic":"https://inishop.com/img/gallery_lows/100368789_8268058207.jpg","LowPicSize":"24363","LowPicHeight":"200","LowPicWidth":"200","Pic500x500":"https://inishop.com/img/gallery_mediums/100368789_8268058207.jpg","Pic500x500Size":"103278","Pic500x500Height":"500","Pic500x500Width":"500","ThumbPic":"https://inishop.com/img/gallery_thumbs/100368789_8268058207.jpg","ThumbPicSize":"5341"},"Multimedia":[{"ID":"B25B692A-E99D-4240-B024-A5EA81356C29","URL":"https://inishop.com/objects/mmo_101200219_1659453750_2961_4583.pdf","Type":"manual pdf","ContentType":"application/pdf","KeepAsUrl":"0","Description":"User manual","Size":"5897787","IsPrivate":"0","Updated":"2022-08-02 17:22:30","Language":"EN","IsVideo":0},{"ID":"C82A71B4-49C2-4478-8792-9A9D4B253DE6","URL":"https://inishop.com/objects/mmo_101200219_1757598630_8752_86.txt","Type":"ProductStory2.0","ContentType":"text/html","KeepAsUrl":"0","Description":"ProductStory2.0","Size":"35406","IsPrivate":"0","Updated":"2025-09-11 15:50:30","Language":"EN","IsVideo":0},{"ID":"3F395111-349B-41F8-9C11-57003B5F4520","URL":"https://live-html.icecat.biz/5814823394dd8452d4855b3b3b1ab74c/index.html","Type":"ProductStory","ContentType":"application/zip","KeepAsUrl":"0","Description":"ProductStory","Size":"7864","IsPrivate":"0","Updated":"2025-09-11 15:50:36","Language":"EN","IsVideo":0}],"Gallery":[{"ID":"65398399","LowPic":"https://inishop.com/img/gallery_lows/100368789_8268058207.jpg","LowSize":"24363","LowHeight":"200","LowWidth":"200","ThumbPic":"https://inishop.com/img/gallery_thumbs/100368789_8268058207.jpg","ThumbPicSize":"5341","Pic":"https://inishop.com/img/gallery/100368789_8268058207.jpg","Size":"73143","PicHeight":"600","PicWidth":"600","Pic500x500":"https://inishop.com/img/gallery_mediums/100368789_8268058207.jpg","Pic500x500Size":"103278","Pic500x500Height":"500","Pic500x500Width":"500","No":"1","IsMain":"Y","Updated":"2024-03-11 09:14:46","IsPrivate":"0","Type":"ProductImage","Attributes":{"OriginalFileName":""}},{"ID":"65398400","LowPic":"https://inishop.com/img/gallery_lows/100368789_9822510323.jpg","LowSize":"19899","LowHeight":"200","LowWidth":"200","ThumbPic":"https://inishop.com/img/gallery_thumbs/100368789_9822510323.jpg","ThumbPicSize":"5031","Pic":"https://inishop.com/img/gallery/100368789_9822510323.jpg","Size":"58020","PicHeight":"600","PicWidth":"600","Pic500x500":"https://inishop.com/img/gallery_mediums/100368789_9822510323.jpg","Pic500x500Size":"80466","Pic500x500Height":"500","Pic500x500Width":"500","No":"2","IsMain":"N","Updated":"2024-03-11 09:14:46","IsPrivate":"0","Type":"ProductImage","Attributes":{"OriginalFileName":""}},{"ID":"65398401","LowPic":"https://inishop.com/img/gallery_lows/100368789_0250503066.jpg","LowSize":"22354","LowHeight":"200","LowWidth":"200","ThumbPic":"https://inishop.com/img/gallery_thumbs/100368789_0250503066.jpg","ThumbPicSize":"5170","Pic":"https://inishop.com/img/gallery/100368789_0250503066.jpg","Size":"64193","PicHeight":"600","PicWidth":"600","Pic500x500":"https://inishop.com/img/gallery_mediums/100368789_0250503066.jpg","Pic500x500Size":"91777","Pic500x500Height":"500","Pic500x500Width":"500","No":"3","IsMain":"N","Updated":"2024-03-11 09:14:46","IsPrivate":"0","Type":"ProductImage","Attributes":{"OriginalFileName":""}},{"ID":"65398402","LowPic":"https://inishop.com/img/gallery_lows/100368789_8151400403.jpg","LowSize":"24288","LowHeight":"200","LowWidth":"200","ThumbPic":"https://inishop.com/img/gallery_thumbs/100368789_8151400403.jpg","ThumbPicSize":"5551","Pic":"https://inishop.com/img/gallery/100368789_8151400403.jpg","Size":"69550","PicHeight":"600","PicWidth":"600","Pic500x500":"https://inishop.com/img/gallery_mediums/100368789_8151400403.jpg","Pic500x500Size":"101082","Pic500x500Height":"500","Pic500x500Width":"500","No":"4","IsMain":"N","Updated":"2024-03-11 09:14:46","IsPrivate":"0","Type":"ProductImage","Attributes":{"OriginalFileName":""}},{"ID":"65398404","LowPic":"https://inishop.com/img/gallery_lows/100368789_8953621110.jpg","LowSize":"17687","LowHeight":"200","LowWidth":"200","ThumbPic":"https://inishop.com/img/gallery_thumbs/100368789_8953621110.jpg","ThumbPicSize":"4944","Pic":"https://inishop.com/img/gallery/100368789_8953621110.jpg","Size":"45487","PicHeight":"600","PicWidth":"600","Pic500x500":"https://inishop.com/img/gallery_mediums/100368789_8953621110.jpg","Pic500x500Size":"66470","Pic500x500Height":"500","Pic500x500Width":"500","No":"5","IsMain":"N","Updated":"2024-03-11 09:14:46","IsPrivate":"0","Type":"ProductImage","Attributes":{"OriginalFileName":""}},{"ID":"65398405","LowPic":"https://inishop.com/img/gallery_lows/100368789_3768542890.jpg","LowSize":"18297","LowHeight":"200","LowWidth":"200","ThumbPic":"https://inishop.com/img/gallery_thumbs/100368789_3768542890.jpg","ThumbPicSize":"4616","Pic":"https://inishop.com/img/gallery/100368789_3768542890.jpg","Size":"55512","PicHeight":"600","PicWidth":"600","Pic500x500":"https://inishop.com/img/gallery_mediums/100368789_3768542890.jpg","Pic500x500Size":"76211","Pic500x500Height":"500","Pic500x500Width":"500","No":"6","IsMain":"N","Updated":"2024-03-11 09:14:46","IsPrivate":"0","Type":"ProductImage","Attributes":{"OriginalFileName":""}},{"ID":"65398408","LowPic":"https://inishop.com/img/gallery_lows/100368789_9242434154.jpg","LowSize":"19046","LowHeight":"200","LowWidth":"200","ThumbPic":"https://inishop.com/img/gallery_thumbs/100368789_9242434154.jpg","ThumbPicSize":"4856","Pic":"https://inishop.com/img/gallery/100368789_9242434154.jpg","Size":"57488","PicHeight":"600","PicWidth":"600","Pic500x500":"https://inishop.com/img/gallery_mediums/100368789_9242434154.jpg","Pic500x500Size":"79603","Pic500x500Height":"500","Pic500x500Width":"500","No":"7","IsMain":"N","Updated":"2024-03-11 09:14:46","IsPrivate":"0","Type":"ProductImage","Attributes":{"OriginalFileName":""}},{"ID":"65398409","LowPic":"https://inishop.com/img/gallery_lows/100368789_6151770136.jpg","LowSize":"20733","LowHeight":"200","LowWidth":"200","ThumbPic":"https://inishop.com/img/gallery_thumbs/100368789_6151770136.jpg","ThumbPicSize":"5282","Pic":"https://inishop.com/img/gallery/100368789_6151770136.jpg","Size":"62638","PicHeight":"600","PicWidth":"600","Pic500x500":"https://inishop.com/img/gallery_mediums/100368789_6151770136.jpg","Pic500x500Size":"85925","Pic500x500Height":"500","Pic500x500Width":"500","No":"8","IsMain":"N","Updated":"2024-03-11 09:14:46","IsPrivate":"0","Type":"ProductImage","Attributes":{"OriginalFileName":""}},{"ID":"65398410","LowPic":"https://inishop.com/img/gallery_lows/100368789_9082707345.jpg","LowSize":"24024","LowHeight":"200","LowWidth":"200","ThumbPic":"https://inishop.com/img/gallery_thumbs/100368789_9082707345.jpg","ThumbPicSize":"5353","Pic":"https://inishop.com/img/gallery/100368789_9082707345.jpg","Size":"91520","PicHeight":"600","PicWidth":"600","Pic500x500":"https://inishop.com/img/gallery_mediums/100368789_9082707345.jpg","Pic500x500Size":"112514","Pic500x500Height":"500","Pic500x500Width":"500","No":"9","IsMain":"N","Updated":"2024-03-11 09:14:46","IsPrivate":"0","Type":"ProductImage","Attributes":{"OriginalFileName":""}},{"ID":"65398411","LowPic":"https://inishop.com/img/gallery_lows/100368789_3280872740.jpg","LowSize":"22012","LowHeight":"200","LowWidth":"200","ThumbPic":"https://inishop.com/img/gallery_thumbs/100368789_3280872740.jpg","ThumbPicSize":"5378","Pic":"https://inishop.com/img/gallery/100368789_3280872740.jpg","Size":"50921","PicHeight":"600","PicWidth":"600","Pic500x500":"https://inishop.com/img/gallery_mediums/100368789_3280872740.jpg","Pic500x500Size":"85733","Pic500x500Height":"500","Pic500x500Width":"500","No":"10","IsMain":"N","Updated":"2024-03-11 09:14:46","IsPrivate":"0","Type":"ProductImage","Attributes":{"OriginalFileName":""}},{"ID":"65398412","LowPic":"https://inishop.com/img/gallery_lows/100368789_4086026208.jpg","LowSize":"17432","LowHeight":"200","LowWidth":"200","ThumbPic":"https://inishop.com/img/gallery_thumbs/100368789_4086026208.jpg","ThumbPicSize":"4817","Pic":"https://inishop.com/img/gallery/100368789_4086026208.jpg","Size":"45383","PicHeight":"600","PicWidth":"600","Pic500x500":"https://inishop.com/img/gallery_mediums/100368789_4086026208.jpg","Pic500x500Size":"65991","Pic500x500Height":"500","Pic500x500Width":"500","No":"11","IsMain":"N","Updated":"2024-03-11 09:14:46","IsPrivate":"0","Type":"ProductImage","Attributes":{"OriginalFileName":""}}],"FeaturesGroups":[{"ID":34566,"SortNo":"25","FeatureGroup":{"ID":"5","Name":{"Value":"Display","Language":"EN"}},"Features":[{"Localized":0,"ID":494461930,"LocalID":0,"Type":"numerical","Value":"1.3","CategoryFeatureId":"85330","CategoryFeatureGroupID":"34566","SortNo":"150","PresentationValue":"3.3 cm (1.3\")","RawValue":"1.3","LocalValue":"3.3","Description":"Size of the display for this product, measured diagonally, usually in inches.","Mandatory":"1","Searchable":"0","Optional":"0","Feature":{"ID":"944","Sign":"","Measure":{"ID":"16","Sign":"","Signs":{"ID":"11","_":"\"","Language":"EN"}},"Name":{"Value":"Display diagonal","Language":"EN"}}},{"Localized":0,"ID":494460536,"LocalID":0,"Type":"dropdown","Value":"AMOLED","CategoryFeatureId":"99533","CategoryFeatureGroupID":"34566","SortNo":"150","PresentationValue":"AMOLED","RawValue":"AMOLED","LocalValue":"AMOLED","Description":"The technology used in the display e.g. plasma, LED.","Mandatory":"1","Searchable":"0","Optional":"0","Feature":{"ID":"9713","Sign":"","Measure":{"ID":"29","Sign":"","Signs":{"ID":"","_":"","Language":"EN"}},"Name":{"Value":"Display technology","Language":"EN"}}},{"Localized":0,"ID":494461937,"LocalID":0,"Type":"2d","Value":"47 x 47","CategoryFeatureId":"158002","CategoryFeatureGroupID":"34566","SortNo":"149","PresentationValue":"47 x 47 mm","RawValue":"47 x 47","LocalValue":"47 x 47","Description":"","Mandatory":"0","Searchable":"0","Optional":"0","Feature":{"ID":"3544","Sign":"","Measure":{"ID":"24","Sign":"","Signs":{"ID":"3","_":"mm","Language":"EN"}},"Name":{"Value":"Display size (HxV)","Language":"EN"}}},{"Localized":0,"ID":494461940,"LocalID":0,"Type":"y_n","Value":"Y","CategoryFeatureId":"317543","CategoryFeatureGroupID":"34566","SortNo":"145","PresentationValue":"Yes","RawValue":"Y","LocalValue":"Yes","Description":"","Mandatory":"0","Searchable":"0","Optional":"0","Feature":{"ID":"39552","Sign":"","Measure":{"ID":"26","Sign":"","Signs":{"ID":"","_":"","Language":"EN"}},"Name":{"Value":"Always-on display","Language":"EN"}}},{"Localized":0,"ID":494461941,"LocalID":0,"Type":"y_n","Value":"Y","CategoryFeatureId":"586188","CategoryFeatureGroupID":"34566","SortNo":"145","PresentationValue":"Yes","RawValue":"Y","LocalValue":"Yes","Description":"","Mandatory":"0","Searchable":"0","Optional":"0","Feature":{"ID":"20168","Sign":"","Measure":{"ID":"26","Sign":"","Signs":{"ID":"","_":"","Language":"EN"}},"Name":{"Value":"Colour display","Language":"EN"}}},{"Localized":0,"ID":494460280,"LocalID":0,"Type":"dropdown","Value":"Digital","CategoryFeatureId":"85325","CategoryFeatureGroupID":"34566","SortNo":"140","PresentationValue":"Digital","RawValue":"Digital","LocalValue":"Digital","Description":"Type of display (screen) e.g. LCD.","Mandatory":"1","Searchable":"1","Optional":"0","Feature":{"ID":"9104","Sign":"","Measure":{"ID":"29","Sign":"","Signs":{"ID":"","_":"","Language":"EN"}},"Name":{"Value":"Display type","Language":"EN"}}},{"Localized":0,"ID":494460283,"LocalID":0,"Type":"2d","Value":"416 x 416","CategoryFeatureId":"85332","CategoryFeatureGroupID":"34566","SortNo":"130","PresentationValue":"416 x 416 pixels","RawValue":"416 x 416","LocalValue":"416 x 416","Description":"The number of distinct pixels in each dimension that can be displayed. It is usually quoted as width × height, with the units in pixels: for example, \"1024 × 768\" means the width is 1024 pixels and the height is 768 pixels. The higher the number of pixels, the sharper the image.","Mandatory":"1","Searchable":"1","Optional":"0","Feature":{"ID":"1585","Sign":"","Measure":{"ID":"39","Sign":"","Signs":{"ID":"23","_":"pixels","Language":"EN"}},"Name":{"Value":"Display resolution","Language":"EN"}}},{"Localized":0,"ID":494461927,"LocalID":0,"Type":"y_n","Value":"Y","CategoryFeatureId":"85331","CategoryFeatureGroupID":"34566","SortNo":"129","PresentationValue":"Yes","RawValue":"Y","LocalValue":"Yes","Description":"A screen of a laptop, smartphone, etc., that responds to touch so you can control the interface using your fingers.","Mandatory":"1","Searchable":"1","Optional":"0","Feature":{"ID":"4963","Sign":"","Measure":{"ID":"26","Sign":"","Signs":{"ID":"","_":"","Language":"EN"}},"Name":{"Value":"Touchscreen","Language":"EN"}}},{"Localized":0,"ID":494461950,"LocalID":0,"Type":"numerical","Value":"33.02","CategoryFeatureId":"891364","CategoryFeatureGroupID":"34566","SortNo":"85","PresentationValue":"3.3 cm","RawValue":"33.02","LocalValue":"3.3","Description":"","Mandatory":"0","Searchable":"0","Optional":"0","Feature":{"ID":"10477","Sign":"","Measure":{"ID":"24","Sign":"","Signs":{"ID":"3","_":"mm","Language":"EN"}},"Name":{"Value":"Display diameter","Language":"EN"}}},{"Localized":0,"ID":494461951,"LocalID":0,"Type":"dropdown","Value":"Crystal","CategoryFeatureId":"94704","CategoryFeatureGroupID":"34566","SortNo":"50","PresentationValue":"Crystal","RawValue":"Crystal","LocalValue":"Crystal","Description":"The material from which the front of a watch is made e.g. mineral, crystal, plastic, resin, sapphire.","Mandatory":"0","Searchable":"0","Optional":"0","Feature":{"ID":"7610","Sign":"","Measure":{"ID":"29","Sign":"","Signs":{"ID":"","_":"","Language":"EN"}},"Name":{"Value":"Watch glass type","Language":"EN"}}}]},{"ID":16293,"SortNo":"20","FeatureGroup":{"ID":"148","Name":{"Value":"Design","Language":"EN"}},"Features":[{"Localized":0,"ID":494462023,"LocalID":0,"Type":"multi_dropdown","Value":"Silicone","CategoryFeatureId":"94551","CategoryFeatureGroupID":"16293","SortNo":"160","PresentationValue":"Silicone","RawValue":"Silicone","LocalValue":"Silicone","Description":"The type of substance the wristband is made of.","Mandatory":"1","Searchable":"0","Optional":"0","Feature":{"ID":"7605","Sign":"","Measure":{"ID":"29","Sign":"","Signs":{"ID":"","_":"","Language":"EN"}},"Name":{"Value":"Band material","Language":"EN"}}},{"Localized":0,"ID":494462029,"LocalID":0,"Type":"dropdown","Value":"One size","CategoryFeatureId":"153739","CategoryFeatureGroupID":"16293","SortNo":"159","PresentationValue":"One Size","RawValue":"One size","LocalValue":"One Size","Description":"","Mandatory":"1","Searchable":"0","Optional":"0","Feature":{"ID":"17542","Sign":"","Measure":{"ID":"29","Sign":"","Signs":{"ID":"","_":"","Language":"EN"}},"Name":{"Value":"Band size","Language":"EN"}}},{"Localized":0,"ID":494462034,"LocalID":0,"Type":"dropdown","Value":"Sapphire","CategoryFeatureId":"891278","CategoryFeatureGroupID":"16293","SortNo":"159","PresentationValue":"Sapphire","RawValue":"Sapphire","LocalValue":"Sapphire","Description":"","Mandatory":"0","Searchable":"0","Optional":"0","Feature":{"ID":"17801","Sign":"","Measure":{"ID":"29","Sign":"","Signs":{"ID":"","_":"","Language":"EN"}},"Name":{"Value":"Lens material","Language":"EN"}}},{"Localized":0,"ID":494462035,"LocalID":0,"Type":"dropdown","Value":"Round","CategoryFeatureId":"85327","CategoryFeatureGroupID":"16293","SortNo":"155","PresentationValue":"Round","RawValue":"Round","LocalValue":"Round","Description":"The external form, contours, or outline of the product.","Mandatory":"1","Searchable":"0","Optional":"0","Feature":{"ID":"9397","Sign":"","Measure":{"ID":"29","Sign":"","Signs":{"ID":"","_":"","Language":"EN"}},"Name":{"Value":"Shape","Language":"EN"}}},{"Localized":0,"ID":494462037,"LocalID":0,"Type":"range","Value":"125 - 208","CategoryFeatureId":"153740","CategoryFeatureGroupID":"16293","SortNo":"155","PresentationValue":"125 - 208 mm","RawValue":"125 - 208","LocalValue":"125 - 208","Description":"","Mandatory":"0","Searchable":"0","Optional":"0","Feature":{"ID":"17541","Sign":"","Measure":{"ID":"24","Sign":"","Signs":{"ID":"3","_":"mm","Language":"EN"}},"Name":{"Value":"Wrist size range","Language":"EN"}}},{"Localized":0,"ID":494461953,"LocalID":0,"Type":"dropdown","Value":"Sport watch","CategoryFeatureId":"891356","CategoryFeatureGroupID":"16293","SortNo":"150","PresentationValue":"Sport watch","RawValue":"Sport watch","LocalValue":"Sport watch","Description":"Under which category can the device be positioned in the market, e.g. camera phone.","Mandatory":"1","Searchable":"1","Optional":"0","Feature":{"ID":"9021","Sign":"","Measure":{"ID":"29","Sign":"","Signs":{"ID":"","_":"","Language":"EN"}},"Name":{"Value":"Market positioning","Language":"EN"}}},{"Localized":0,"ID":494461954,"LocalID":0,"Type":"dropdown","Value":"47","CategoryFeatureId":"595046","CategoryFeatureGroupID":"16293","SortNo":"145","PresentationValue":"47 mm","RawValue":"47","LocalValue":"47","Description":"","Mandatory":"1","Searchable":"1","Optional":"0","Feature":{"ID":"42415","Sign":"","Measure":{"ID":"24","Sign":"","Signs":{"ID":"3","_":"mm","Language":"EN"}},"Name":{"Value":"Watch case size","Language":"EN"}}},{"Localized":0,"ID":494462048,"LocalID":0,"Type":"dropdown","Value":"Black","CategoryFeatureId":"234764","CategoryFeatureGroupID":"16293","SortNo":"140","PresentationValue":"Black","RawValue":"Black","LocalValue":"Black","Description":"","Mandatory":"0","Searchable":"0","Optional":"0","Feature":{"ID":"11202","Sign":"","Measure":{"ID":"29","Sign":"","Signs":{"ID":"","_":"","Language":"EN"}},"Name":{"Value":"Buckle colour","Language":"EN"}}},{"Localized":0,"ID":494461965,"LocalID":0,"Type":"multi_dropdown","Value":"Blue","CategoryFeatureId":"595045","CategoryFeatureGroupID":"16293","SortNo":"90","PresentationValue":"Blue","RawValue":"Blue","LocalValue":"Blue","Description":"","Mandatory":"1","Searchable":"1","Optional":"0","Feature":{"ID":"42417","Sign":"","Measure":{"ID":"29","Sign":"","Signs":{"ID":"","_":"","Language":"EN"}},"Name":{"Value":"Watch case colour","Language":"EN"}}},{"Localized":0,"ID":494462000,"LocalID":0,"Type":"dropdown","Value":"Carbon Fibre Reinforced Polymer (CFRP)","CategoryFeatureId":"595044","CategoryFeatureGroupID":"16293","SortNo":"89","PresentationValue":"Carbon Fibre Reinforced Polymer (CFRP)","RawValue":"Carbon Fibre Reinforced Polymer (CFRP)","LocalValue":"Carbon Fibre Reinforced Polymer (CFRP)","Description":"","Mandatory":"1","Searchable":"1","Optional":"0","Feature":{"ID":"42418","Sign":"","Measure":{"ID":"29","Sign":"","Signs":{"ID":"","_":"","Language":"EN"}},"Name":{"Value":"Watch case material","Language":"EN"}}},{"Localized":0,"ID":494462017,"LocalID":0,"Type":"multi_dropdown","Value":"Blue","CategoryFeatureId":"85301","CategoryFeatureGroupID":"16293","SortNo":"80","PresentationValue":"Blue","RawValue":"Blue","LocalValue":"Blue","Description":"The colour of the band, also known as the strap, of watches etc.","Mandatory":"1","Searchable":"1","Optional":"0","Feature":{"ID":"11025","Sign":"","Measure":{"ID":"29","Sign":"","Signs":{"ID":"","_":"","Language":"EN"}},"Name":{"Value":"Band colour","Language":"EN"}}},{"Localized":0,"ID":494462049,"LocalID":0,"Type":"y_n","Value":"Y","CategoryFeatureId":"891360","CategoryFeatureGroupID":"16293","SortNo":"36","PresentationValue":"Yes","RawValue":"Y","LocalValue":"Yes","Description":"The product is protected from water, staying dry if liquid is spilt on it or it gets wet in the rain.","Mandatory":"0","Searchable":"0","Optional":"1","Feature":{"ID":"7509","Sign":"","Measure":{"ID":"26","Sign":"","Signs":{"ID":"","_":"","Language":"EN"}},"Name":{"Value":"Waterproof","Language":"EN"}}},{"Localized":0,"ID":494462050,"LocalID":0,"Type":"dropdown","Value":"Single prong strap buckle","CategoryFeatureId":"294712","CategoryFeatureGroupID":"16293","SortNo":"1","PresentationValue":"Single prong strap buckle","RawValue":"Single prong strap buckle","LocalValue":"Single prong strap buckle","Description":"","Mandatory":"0","Searchable":"0","Optional":"0","Feature":{"ID":"11051","Sign":"","Measure":{"ID":"29","Sign":"","Signs":{"ID":"","_":"","Language":"EN"}},"Name":{"Value":"Closure type","Language":"EN"}}},{"Localized":0,"ID":494462083,"LocalID":0,"Type":"dropdown","Value":"10","CategoryFeatureId":"591391","CategoryFeatureGroupID":"16293","SortNo":"-7","PresentationValue":"10 ATM","RawValue":"10","LocalValue":"10","Description":"","Mandatory":"0","Searchable":"0","Optional":"0","Feature":{"ID":"18048","Sign":"","Measure":{"ID":"267","Sign":"","Signs":{"ID":"16202","_":"ATM","Language":"EN"}},"Name":{"Value":"Water resistance","Language":"EN"}}}]},{"ID":34567,"SortNo":"20","FeatureGroup":{"ID":"184","Name":{"Value":"Performance","Language":"EN"}},"Features":[{"Localized":0,"ID":494462149,"LocalID":0,"Type":"y_n","Value":"N","CategoryFeatureId":"94697","CategoryFeatureGroupID":"34567","SortNo":"800","PresentationValue":"No","RawValue":"N","LocalValue":"No","Description":"Frequency-modulated (FM) radio gives the clearest reception of any radio band. When used with a headset, it delivers stereo-like sound.","Mandatory":"1","Searchable":"0","Optional":"0","Feature":{"ID":"2172","Sign":"","Measure":{"ID":"26","Sign":"","Signs":{"ID":"","_":"","Language":"EN"}},"Name":{"Value":"FM radio","Language":"EN"}}},{"Localized":0,"ID":494462143,"LocalID":0,"Type":"y_n","Value":"N","CategoryFeatureId":"85355","CategoryFeatureGroupID":"34567","SortNo":"50","PresentationValue":"No","RawValue":"N","LocalValue":"No","Description":"Microphone that is found inside the product.","Mandatory":"1","Searchable":"1","Optional":"0","Feature":{"ID":"1025","Sign":"","Measure":{"ID":"26","Sign":"","Signs":{"ID":"","_":"","Language":"EN"}},"Name":{"Value":"Built-in microphone","Language":"EN"}}},{"Localized":0,"ID":494462144,"LocalID":0,"Type":"y_n","Value":"Y","CategoryFeatureId":"85365","CategoryFeatureGroupID":"34567","SortNo":"45","PresentationValue":"Yes","RawValue":"Y","LocalValue":"Yes","Description":"The device contains speaker(s) to produce sound.","Mandatory":"1","Searchable":"1","Optional":"0","Feature":{"ID":"2433","Sign":"","Measure":{"ID":"26","Sign":"","Signs":{"ID":"","_":"","Language":"EN"}},"Name":{"Value":"Built-in speaker(s)","Language":"EN"}}},{"Localized":0,"ID":494462146,"LocalID":0,"Type":"y_n","Value":"N","CategoryFeatureId":"95509","CategoryFeatureGroupID":"34567","SortNo":"30","PresentationValue":"No","RawValue":"N","LocalValue":"No","Description":"The product has an integrated camera.","Mandatory":"1","Searchable":"1","Optional":"0","Feature":{"ID":"8074","Sign":"","Measure":{"ID":"26","Sign":"","Signs":{"ID":"","_":"","Language":"EN"}},"Name":{"Value":"Built-in camera","Language":"EN"}}}]},{"ID":26690,"SortNo":"12","FeatureGroup":{"ID":"185","Name":{"Value":"Features","Language":"EN"}},"Features":[{"Localized":0,"ID":494462155,"LocalID":0,"Type":"y_n","Value":"Y","CategoryFeatureId":"122840","CategoryFeatureGroupID":"26690","SortNo":"1000","PresentationValue":"Yes","RawValue":"Y","LocalValue":"Yes","Description":"","Mandatory":"1","Searchable":"0","Optional":"0","Feature":{"ID":"6702","Sign":"","Measure":{"ID":"26","Sign":"","Signs":{"ID":"","_":"","Language":"EN"}},"Name":{"Value":"Heart rate monitor","Language":"EN"}}},{"Localized":0,"ID":494462164,"LocalID":0,"Type":"multi_dropdown","Value":"Automatic","CategoryFeatureId":"292354","CategoryFeatureGroupID":"26690","SortNo":"996","PresentationValue":"Automatic","RawValue":"Automatic","LocalValue":"Automatic","Description":"","Mandatory":"0","Searchable":"0","Optional":"0","Feature":{"ID":"37602","Sign":"","Measure":{"ID":"29","Sign":"","Signs":{"ID":"","_":"","Language":"EN"}},"Name":{"Value":"Heart rate measuring","Language":"EN"}}},{"Localized":0,"ID":494462168,"LocalID":0,"Type":"y_n","Value":"Y","CategoryFeatureId":"595164","CategoryFeatureGroupID":"26690","SortNo":"979","PresentationValue":"Yes","RawValue":"Y","LocalValue":"Yes","Description":"","Mandatory":"0","Searchable":"0","Optional":"0","Feature":{"ID":"42444","Sign":"","Measure":{"ID":"26","Sign":"","Signs":{"ID":"","_":"","Language":"EN"}},"Name":{"Value":"Blood oxygen sensor","Language":"EN"}}},{"Localized":0,"ID":494462170,"LocalID":0,"Type":"y_n","Value":"Y","CategoryFeatureId":"292361","CategoryFeatureGroupID":"26690","SortNo":"950","PresentationValue":"Yes","RawValue":"Y","LocalValue":"Yes","Description":"","Mandatory":"0","Searchable":"0","Optional":"0","Feature":{"ID":"26789","Sign":"","Measure":{"ID":"26","Sign":"","Signs":{"ID":"","_":"","Language":"EN"}},"Name":{"Value":"Distance travelled","Language":"EN"}}},{"Localized":0,"ID":494462171,"LocalID":0,"Type":"y_n","Value":"Y","CategoryFeatureId":"292363","CategoryFeatureGroupID":"26690","SortNo":"950","PresentationValue":"Yes","RawValue":"Y","LocalValue":"Yes","Description":"","Mandatory":"0","Searchable":"0","Optional":"0","Feature":{"ID":"15624","Sign":"","Measure":{"ID":"26","Sign":"","Signs":{"ID":"","_":"","Language":"EN"}},"Name":{"Value":"Pedometer","Language":"EN"}}},{"Localized":0,"ID":494462172,"LocalID":0,"Type":"y_n","Value":"Y","CategoryFeatureId":"292364","CategoryFeatureGroupID":"26690","SortNo":"800","PresentationValue":"Yes","RawValue":"Y","LocalValue":"Yes","Description":"","Mandatory":"0","Searchable":"0","Optional":"0","Feature":{"ID":"26788","Sign":"","Measure":{"ID":"26","Sign":"","Signs":{"ID":"","_":"","Language":"EN"}},"Name":{"Value":"Calories burned","Language":"EN"}}},{"Localized":0,"ID":494462174,"LocalID":0,"Type":"y_n","Value":"Y","CategoryFeatureId":"85349","CategoryFeatureGroupID":"26690","SortNo":"750","PresentationValue":"Yes","RawValue":"Y","LocalValue":"Yes","Description":"","Mandatory":"0","Searchable":"0","Optional":"0","Feature":{"ID":"9731","Sign":"","Measure":{"ID":"26","Sign":"","Signs":{"ID":"","_":"","Language":"EN"}},"Name":{"Value":"Accelerometer","Language":"EN"}}},{"Localized":0,"ID":494462176,"LocalID":0,"Type":"y_n","Value":"Y","CategoryFeatureId":"122839","CategoryFeatureGroupID":"26690","SortNo":"730","PresentationValue":"Yes","RawValue":"Y","LocalValue":"Yes","Description":"","Mandatory":"0","Searchable":"0","Optional":"0","Feature":{"ID":"9732","Sign":"","Measure":{"ID":"26","Sign":"","Signs":{"ID":"","_":"","Language":"EN"}},"Name":{"Value":"Gyroscope","Language":"EN"}}},{"Localized":0,"ID":494462178,"LocalID":0,"Type":"y_n","Value":"Y","CategoryFeatureId":"257982","CategoryFeatureGroupID":"26690","SortNo":"600","PresentationValue":"Yes","RawValue":"Y","LocalValue":"Yes","Description":"","Mandatory":"0","Searchable":"0","Optional":"0","Feature":{"ID":"36666","Sign":"","Measure":{"ID":"29","Sign":"","Signs":{"ID":"","_":"","Language":"EN"}},"Name":{"Value":"Activity tracker","Language":"EN"}}},{"Localized":0,"ID":494462179,"LocalID":0,"Type":"y_n","Value":"Y","CategoryFeatureId":"234753","CategoryFeatureGroupID":"26690","SortNo":"580","PresentationValue":"Yes","RawValue":"Y","LocalValue":"Yes","Description":"","Mandatory":"0","Searchable":"0","Optional":"0","Feature":{"ID":"25442","Sign":"","Measure":{"ID":"26","Sign":"","Signs":{"ID":"","_":"","Language":"EN"}},"Name":{"Value":"Multisport mode","Language":"EN"}}},{"Localized":0,"ID":494462181,"LocalID":0,"Type":"y_n","Value":"Y","CategoryFeatureId":"234754","CategoryFeatureGroupID":"26690","SortNo":"575","PresentationValue":"Yes","RawValue":"Y","LocalValue":"Yes","Description":"","Mandatory":"0","Searchable":"0","Optional":"0","Feature":{"ID":"26790","Sign":"","Measure":{"ID":"26","Sign":"","Signs":{"ID":"","_":"","Language":"EN"}},"Name":{"Value":"Personal goals","Language":"EN"}}},{"Localized":0,"ID":494462182,"LocalID":0,"Type":"y_n","Value":"Y","CategoryFeatureId":"234762","CategoryFeatureGroupID":"26690","SortNo":"570","PresentationValue":"Yes","RawValue":"Y","LocalValue":"Yes","Description":"","Mandatory":"0","Searchable":"0","Optional":"0","Feature":{"ID":"26791","Sign":"","Measure":{"ID":"26","Sign":"","Signs":{"ID":"","_":"","Language":"EN"}},"Name":{"Value":"Quality of sleep","Language":"EN"}}},{"Localized":0,"ID":494462185,"LocalID":0,"Type":"y_n","Value":"Y","CategoryFeatureId":"94702","CategoryFeatureGroupID":"26690","SortNo":"10","PresentationValue":"Yes","RawValue":"Y","LocalValue":"Yes","Description":"","Mandatory":"0","Searchable":"0","Optional":"0","Feature":{"ID":"16407","Sign":"","Measure":{"ID":"26","Sign":"","Signs":{"ID":"","_":"","Language":"EN"}},"Name":{"Value":"Vibrating motor","Language":"EN"}}},{"Localized":0,"ID":494462197,"LocalID":0,"Type":"multi_dropdown","Value":"Alarm clock,Calendar,Countdown timer,Pedometer,Stopwatch","CategoryFeatureId":"85367","CategoryFeatureGroupID":"26690","SortNo":"2","PresentationValue":"Alarm clock, Calendar, Countdown timer, Pedometer, Stopwatch","RawValue":"Alarm clock,Calendar,Countdown timer,Pedometer,Stopwatch","LocalValue":"Alarm clock, Calendar, Countdown timer, Pedometer, Stopwatch","Description":"You can use your device to manage your information and your time.","Mandatory":"0","Searchable":"0","Optional":"0","Feature":{"ID":"4277","Sign":"","Measure":{"ID":"29","Sign":"","Signs":{"ID":"","_":"","Language":"EN"}},"Name":{"Value":"Personal info management (PIM)","Language":"EN"}}},{"Localized":0,"ID":494462211,"LocalID":0,"Type":"y_n","Value":"Y","CategoryFeatureId":"122838","CategoryFeatureGroupID":"26690","SortNo":"0","PresentationValue":"Yes","RawValue":"Y","LocalValue":"Yes","Description":"","Mandatory":"0","Searchable":"0","Optional":"0","Feature":{"ID":"8720","Sign":"","Measure":{"ID":"26","Sign":"","Signs":{"ID":"","_":"","Language":"EN"}},"Name":{"Value":"Ambient light sensor","Language":"EN"}}},{"Localized":0,"ID":494462212,"LocalID":0,"Type":"y_n","Value":"Y","CategoryFeatureId":"234763","CategoryFeatureGroupID":"26690","SortNo":"0","PresentationValue":"Yes","RawValue":"Y","LocalValue":"Yes","Description":"","Mandatory":"0","Searchable":"0","Optional":"0","Feature":{"ID":"29063","Sign":"","Measure":{"ID":"26","Sign":"","Signs":{"ID":"","_":"","Language":"EN"}},"Name":{"Value":"Smart notifications","Language":"EN"}}},{"Localized":0,"ID":494462213,"LocalID":0,"Type":"y_n","Value":"Y","CategoryFeatureId":"257987","CategoryFeatureGroupID":"26690","SortNo":"0","PresentationValue":"Yes","RawValue":"Y","LocalValue":"Yes","Description":"","Mandatory":"0","Searchable":"0","Optional":"0","Feature":{"ID":"36669","Sign":"","Measure":{"ID":"26","Sign":"","Signs":{"ID":"","_":"","Language":"EN"}},"Name":{"Value":"Remote audio playback","Language":"EN"}}},{"Localized":0,"ID":494462219,"LocalID":0,"Type":"y_n","Value":"Y","CategoryFeatureId":"292355","CategoryFeatureGroupID":"26690","SortNo":"0","PresentationValue":"Yes","RawValue":"Y","LocalValue":"Yes","Description":"","Mandatory":"0","Searchable":"0","Optional":"0","Feature":{"ID":"37600","Sign":"","Measure":{"ID":"26","Sign":"","Signs":{"ID":"","_":"","Language":"EN"}},"Name":{"Value":"Weather display","Language":"EN"}}},{"Localized":0,"ID":494462220,"LocalID":0,"Type":"y_n","Value":"Y","CategoryFeatureId":"292358","CategoryFeatureGroupID":"26690","SortNo":"0","PresentationValue":"Yes","RawValue":"Y","LocalValue":"Yes","Description":"","Mandatory":"0","Searchable":"0","Optional":"0","Feature":{"ID":"31219","Sign":"","Measure":{"ID":"26","Sign":"","Signs":{"ID":"","_":"","Language":"EN"}},"Name":{"Value":"SMS notifications","Language":"EN"}}},{"Localized":0,"ID":494462225,"LocalID":0,"Type":"y_n","Value":"Y","CategoryFeatureId":"295523","CategoryFeatureGroupID":"26690","SortNo":"0","PresentationValue":"Yes","RawValue":"Y","LocalValue":"Yes","Description":"A feature that measures a time interval and signals its end.","Mandatory":"0","Searchable":"0","Optional":"0","Feature":{"ID":"28631","Sign":"","Measure":{"ID":"26","Sign":"","Signs":{"ID":"","_":"","Language":"EN"}},"Name":{"Value":"Timer","Language":"EN"}}},{"Localized":0,"ID":494462226,"LocalID":0,"Type":"y_n","Value":"Y","CategoryFeatureId":"317542","CategoryFeatureGroupID":"26690","SortNo":"0","PresentationValue":"Yes","RawValue":"Y","LocalValue":"Yes","Description":"Electronic instrument used for navigation that shows directions in a frame of reference (north, south, east, west) that is stationary relative to the surface of the earth.","Mandatory":"0","Searchable":"0","Optional":"0","Feature":{"ID":"1733","Sign":"","Measure":{"ID":"26","Sign":"","Signs":{"ID":"","_":"","Language":"EN"}},"Name":{"Value":"Electronic compass","Language":"EN"}}},{"Localized":0,"ID":494462227,"LocalID":0,"Type":"y_n","Value":"Y","CategoryFeatureId":"317886","CategoryFeatureGroupID":"26690","SortNo":"0","PresentationValue":"Yes","RawValue":"Y","LocalValue":"Yes","Description":"","Mandatory":"0","Searchable":"0","Optional":"0","Feature":{"ID":"2188","Sign":"","Measure":{"ID":"26","Sign":"","Signs":{"ID":"","_":"","Language":"EN"}},"Name":{"Value":"Music player","Language":"EN"}}},{"Localized":0,"ID":494462228,"LocalID":0,"Type":"y_n","Value":"Y","CategoryFeatureId":"712541","CategoryFeatureGroupID":"26690","SortNo":"0","PresentationValue":"Yes","RawValue":"Y","LocalValue":"Yes","Description":"","Mandatory":"0","Searchable":"0","Optional":"0","Feature":{"ID":"43798","Sign":"","Measure":{"ID":"26","Sign":"","Signs":{"ID":"","_":"","Language":"EN"}},"Name":{"Value":"Stress monitoring function","Language":"EN"}}},{"Localized":0,"ID":494462230,"LocalID":0,"Type":"y_n","Value":"Y","CategoryFeatureId":"891286","CategoryFeatureGroupID":"26690","SortNo":"0","PresentationValue":"Yes","RawValue":"Y","LocalValue":"Yes","Description":"Alarms that make a sound when they are activated (set off).","Mandatory":"0","Searchable":"0","Optional":"0","Feature":{"ID":"1725","Sign":"","Measure":{"ID":"26","Sign":"","Signs":{"ID":"","_":"","Language":"EN"}},"Name":{"Value":"Audible alarm(s)","Language":"EN"}}},{"Localized":0,"ID":494462233,"LocalID":0,"Type":"y_n","Value":"Y","CategoryFeatureId":"891287","CategoryFeatureGroupID":"26690","SortNo":"0","PresentationValue":"Yes","RawValue":"Y","LocalValue":"Yes","Description":"Device has built-in barometric altimeter to indicate altitude.","Mandatory":"0","Searchable":"0","Optional":"0","Feature":{"ID":"1734","Sign":"","Measure":{"ID":"26","Sign":"","Signs":{"ID":"","_":"","Language":"EN"}},"Name":{"Value":"Barometric altimeter","Language":"EN"}}},{"Localized":0,"ID":494462234,"LocalID":0,"Type":"y_n","Value":"Y","CategoryFeatureId":"891289","CategoryFeatureGroupID":"26690","SortNo":"0","PresentationValue":"Yes","RawValue":"Y","LocalValue":"Yes","Description":"","Mandatory":"0","Searchable":"0","Optional":"0","Feature":{"ID":"3539","Sign":"","Measure":{"ID":"26","Sign":"","Signs":{"ID":"","_":"","Language":"EN"}},"Name":{"Value":"Alarm clock","Language":"EN"}}},{"Localized":0,"ID":494462235,"LocalID":0,"Type":"y_n","Value":"Y","CategoryFeatureId":"891290","CategoryFeatureGroupID":"26690","SortNo":"0","PresentationValue":"Yes","RawValue":"Y","LocalValue":"Yes","Description":"","Mandatory":"0","Searchable":"0","Optional":"0","Feature":{"ID":"3540","Sign":"","Measure":{"ID":"26","Sign":"","Signs":{"ID":"","_":"","Language":"EN"}},"Name":{"Value":"Calendar","Language":"EN"}}},{"Localized":0,"ID":494462236,"LocalID":0,"Type":"y_n","Value":"Y","CategoryFeatureId":"891291","CategoryFeatureGroupID":"26690","SortNo":"0","PresentationValue":"Yes","RawValue":"Y","LocalValue":"Yes","Description":"The product has stopwatch function.","Mandatory":"0","Searchable":"0","Optional":"0","Feature":{"ID":"3855","Sign":"","Measure":{"ID":"26","Sign":"","Signs":{"ID":"","_":"","Language":"EN"}},"Name":{"Value":"Stopwatch","Language":"EN"}}},{"Localized":0,"ID":494462237,"LocalID":0,"Type":"y_n","Value":"Y","CategoryFeatureId":"891294","CategoryFeatureGroupID":"26690","SortNo":"0","PresentationValue":"Yes","RawValue":"Y","LocalValue":"Yes","Description":"Calculation of the amount of calories burned during exercise by measuring heart rate.","Mandatory":"0","Searchable":"0","Optional":"0","Feature":{"ID":"7130","Sign":"","Measure":{"ID":"26","Sign":"","Signs":{"ID":"","_":"","Language":"EN"}},"Name":{"Value":"Heart rate-based calorie computation","Language":"EN"}}},{"Localized":0,"ID":494462242,"LocalID":0,"Type":"y_n","Value":"Y","CategoryFeatureId":"891297","CategoryFeatureGroupID":"26690","SortNo":"0","PresentationValue":"Yes","RawValue":"Y","LocalValue":"Yes","Description":"Create custom, goal-oriented workouts.","Mandatory":"0","Searchable":"0","Optional":"0","Feature":{"ID":"7134","Sign":"","Measure":{"ID":"26","Sign":"","Signs":{"ID":"","_":"","Language":"EN"}},"Name":{"Value":"Advanced workouts","Language":"EN"}}},{"Localized":0,"ID":494462247,"LocalID":0,"Type":"y_n","Value":"Y","CategoryFeatureId":"891300","CategoryFeatureGroupID":"26690","SortNo":"0","PresentationValue":"Yes","RawValue":"Y","LocalValue":"Yes","Description":"","Mandatory":"0","Searchable":"0","Optional":"0","Feature":{"ID":"7163","Sign":"","Measure":{"ID":"26","Sign":"","Signs":{"ID":"","_":"","Language":"EN"}},"Name":{"Value":"Sun & moon information","Language":"EN"}}},{"Localized":0,"ID":494462249,"LocalID":0,"Type":"y_n","Value":"Y","CategoryFeatureId":"891305","CategoryFeatureGroupID":"26690","SortNo":"0","PresentationValue":"Yes","RawValue":"Y","LocalValue":"Yes","Description":"Prediction of the weather for the following hours and days.","Mandatory":"0","Searchable":"0","Optional":"0","Feature":{"ID":"10381","Sign":"","Measure":{"ID":"26","Sign":"","Signs":{"ID":"","_":"","Language":"EN"}},"Name":{"Value":"Weather forecast","Language":"EN"}}},{"Localized":0,"ID":494462259,"LocalID":0,"Type":"dropdown","Value":"ANT+","CategoryFeatureId":"891311","CategoryFeatureGroupID":"26690","SortNo":"0","PresentationValue":"ANT+","RawValue":"ANT+","LocalValue":"ANT+","Description":"Technology of heart rate data transferring e.g. radio, Bluetooth.","Mandatory":"0","Searchable":"0","Optional":"0","Feature":{"ID":"16147","Sign":"","Measure":{"ID":"29","Sign":"","Signs":{"ID":"","_":"","Language":"EN"}},"Name":{"Value":"Heart rate data transfer","Language":"EN"}}},{"Localized":0,"ID":494462262,"LocalID":0,"Type":"y_n","Value":"Y","CategoryFeatureId":"891320","CategoryFeatureGroupID":"26690","SortNo":"0","PresentationValue":"Yes","RawValue":"Y","LocalValue":"Yes","Description":"","Mandatory":"0","Searchable":"0","Optional":"0","Feature":{"ID":"16302","Sign":"","Measure":{"ID":"26","Sign":"","Signs":{"ID":"","_":"","Language":"EN"}},"Name":{"Value":"Automatic daily activity detection","Language":"EN"}}},{"Localized":0,"ID":494462266,"LocalID":0,"Type":"y_n","Value":"Y","CategoryFeatureId":"891322","CategoryFeatureGroupID":"26690","SortNo":"0","PresentationValue":"Yes","RawValue":"Y","LocalValue":"Yes","Description":"","Mandatory":"0","Searchable":"0","Optional":"0","Feature":{"ID":"17538","Sign":"","Measure":{"ID":"26","Sign":"","Signs":{"ID":"","_":"","Language":"EN"}},"Name":{"Value":"Activity monitoring","Language":"EN"}}},{"Localized":0,"ID":494462267,"LocalID":0,"Type":"y_n","Value":"Y","CategoryFeatureId":"891325","CategoryFeatureGroupID":"26690","SortNo":"0","PresentationValue":"Yes","RawValue":"Y","LocalValue":"Yes","Description":"","Mandatory":"0","Searchable":"0","Optional":"0","Feature":{"ID":"25433","Sign":"","Measure":{"ID":"26","Sign":"","Signs":{"ID":"","_":"","Language":"EN"}},"Name":{"Value":"Music control","Language":"EN"}}},{"Localized":0,"ID":494462271,"LocalID":0,"Type":"y_n","Value":"Y","CategoryFeatureId":"891326","CategoryFeatureGroupID":"26690","SortNo":"0","PresentationValue":"Yes","RawValue":"Y","LocalValue":"Yes","Description":"","Mandatory":"0","Searchable":"0","Optional":"0","Feature":{"ID":"25434","Sign":"","Measure":{"ID":"26","Sign":"","Signs":{"ID":"","_":"","Language":"EN"}},"Name":{"Value":"Find my phone function","Language":"EN"}}},{"Localized":0,"ID":494462277,"LocalID":0,"Type":"y_n","Value":"Y","CategoryFeatureId":"891330","CategoryFeatureGroupID":"26690","SortNo":"0","PresentationValue":"Yes","RawValue":"Y","LocalValue":"Yes","Description":"","Mandatory":"0","Searchable":"0","Optional":"0","Feature":{"ID":"25440","Sign":"","Measure":{"ID":"26","Sign":"","Signs":{"ID":"","_":"","Language":"EN"}},"Name":{"Value":"Virtual partner function","Language":"EN"}}},{"Localized":0,"ID":494462284,"LocalID":0,"Type":"y_n","Value":"Y","CategoryFeatureId":"891340","CategoryFeatureGroupID":"26690","SortNo":"0","PresentationValue":"Yes","RawValue":"Y","LocalValue":"Yes","Description":"","Mandatory":"0","Searchable":"0","Optional":"0","Feature":{"ID":"26792","Sign":"","Measure":{"ID":"26","Sign":"","Signs":{"ID":"","_":"","Language":"EN"}},"Name":{"Value":"Workout tracking","Language":"EN"}}},{"Localized":0,"ID":494462285,"LocalID":0,"Type":"y_n","Value":"Y","CategoryFeatureId":"891341","CategoryFeatureGroupID":"26690","SortNo":"0","PresentationValue":"Yes","RawValue":"Y","LocalValue":"Yes","Description":"","Mandatory":"0","Searchable":"0","Optional":"0","Feature":{"ID":"31218","Sign":"","Measure":{"ID":"26","Sign":"","Signs":{"ID":"","_":"","Language":"EN"}},"Name":{"Value":"Call notifications","Language":"EN"}}},{"Localized":0,"ID":494462292,"LocalID":0,"Type":"y_n","Value":"Y","CategoryFeatureId":"133472","CategoryFeatureGroupID":"26690","SortNo":"-1","PresentationValue":"Yes","RawValue":"Y","LocalValue":"Yes","Description":"","Mandatory":"0","Searchable":"0","Optional":"0","Feature":{"ID":"7609","Sign":"","Measure":{"ID":"26","Sign":"","Signs":{"ID":"","_":"","Language":"EN"}},"Name":{"Value":"Barometer","Language":"EN"}}},{"Localized":0,"ID":494462293,"LocalID":0,"Type":"y_n","Value":"Y","CategoryFeatureId":"186989","CategoryFeatureGroupID":"26690","SortNo":"-2","PresentationValue":"Yes","RawValue":"Y","LocalValue":"Yes","Description":"","Mandatory":"0","Searchable":"0","Optional":"0","Feature":{"ID":"6216","Sign":"","Measure":{"ID":"26","Sign":"","Signs":{"ID":"","_":"","Language":"EN"}},"Name":{"Value":"Thermometer","Language":"EN"}}},{"Localized":0,"ID":494462309,"LocalID":0,"Type":"y_n","Value":"Y","CategoryFeatureId":"295522","CategoryFeatureGroupID":"26690","SortNo":"-3","PresentationValue":"Yes","RawValue":"Y","LocalValue":"Yes","Description":"","Mandatory":"0","Searchable":"0","Optional":"0","Feature":{"ID":"37894","Sign":"","Measure":{"ID":"26","Sign":"","Signs":{"ID":"","_":"","Language":"EN"}},"Name":{"Value":"Vibrating alarm clock","Language":"EN"}}}]},{"ID":10361,"SortNo":"10","FeatureGroup":{"ID":"35","Name":{"Value":"Network","Language":"EN"}},"Features":[{"Localized":0,"ID":494462319,"LocalID":0,"Type":"y_n","Value":"N","CategoryFeatureId":"336994","CategoryFeatureGroupID":"10361","SortNo":"105","PresentationValue":"No","RawValue":"N","LocalValue":"No","Description":"","Mandatory":"1","Searchable":"0","Optional":"0","Feature":{"ID":"24557","Sign":"","Measure":{"ID":"26","Sign":"","Signs":{"ID":"","_":"","Language":"EN"}},"Name":{"Value":"Mobile network connection","Language":"EN"}}},{"Localized":0,"ID":494462325,"LocalID":0,"Type":"y_n","Value":"Y","CategoryFeatureId":"94695","CategoryFeatureGroupID":"10361","SortNo":"1","PresentationValue":"Yes","RawValue":"Y","LocalValue":"Yes","Description":"","Mandatory":"0","Searchable":"0","Optional":"0","Feature":{"ID":"16404","Sign":"","Measure":{"ID":"26","Sign":"","Signs":{"ID":"","_":"","Language":"EN"}},"Name":{"Value":"ANT+ enabled","Language":"EN"}}},{"Localized":0,"ID":494462332,"LocalID":0,"Type":"y_n","Value":"Y","CategoryFeatureId":"94693","CategoryFeatureGroupID":"10361","SortNo":"-130","PresentationValue":"Yes","RawValue":"Y","LocalValue":"Yes","Description":"Global Positioning System (GPS) is a space-based satellite navigation system that provides location and time information in all weather conditions, anywhere on or near the Earth where there is an unobstructed line of sight to four or more GPS satellites. The system provides critical capabilities to military, civil and commercial users around the world. It is maintained by the United States government and is freely accessible to anyone with a GPS receiver.","Mandatory":"0","Searchable":"0","Optional":"0","Feature":{"ID":"3329","Sign":"","Measure":{"ID":"26","Sign":"","Signs":{"ID":"","_":"","Language":"EN"}},"Name":{"Value":"GPS (satellite)","Language":"EN"}}},{"Localized":0,"ID":494462334,"LocalID":0,"Type":"y_n","Value":"Y","CategoryFeatureId":"217813","CategoryFeatureGroupID":"10361","SortNo":"-135","PresentationValue":"Yes","RawValue":"Y","LocalValue":"Yes","Description":"","Mandatory":"0","Searchable":"0","Optional":"0","Feature":{"ID":"15618","Sign":"","Measure":{"ID":"26","Sign":"","Signs":{"ID":"","_":"","Language":"EN"}},"Name":{"Value":"GLONASS","Language":"EN"}}},{"Localized":0,"ID":494462335,"LocalID":0,"Type":"y_n","Value":"Y","CategoryFeatureId":"270635","CategoryFeatureGroupID":"10361","SortNo":"-140","PresentationValue":"Yes","RawValue":"Y","LocalValue":"Yes","Description":"","Mandatory":"0","Searchable":"0","Optional":"0","Feature":{"ID":"33685","Sign":"","Measure":{"ID":"26","Sign":"","Signs":{"ID":"","_":"","Language":"EN"}},"Name":{"Value":"Galileo","Language":"EN"}}}]},{"ID":9989,"SortNo":"5","FeatureGroup":{"ID":"12","Name":{"Value":"Ports & interfaces","Language":"EN"}},"Features":[{"Localized":0,"ID":835227829,"LocalID":0,"Type":"y_n","Value":"Y","CategoryFeatureId":"94696","CategoryFeatureGroupID":"9989","SortNo":"10000045","PresentationValue":"Yes","RawValue":"Y","LocalValue":"Yes","Description":"Bluetooth is a low-power radio technology developed to replace the cables and wires currently used to link or connect electronic devices such as personal computers, printers, and a wide variety of handheld devices including mobile phones. Because it uses radio-wave connectivity, a Bluetooth-enabled device has a constant, established connection to whatever browser it uses. This saves the user the trouble of logging on to check for emails or news updates, for example.","Mandatory":"0","Searchable":"0","Optional":"0","Feature":{"ID":"2183","Sign":"","Measure":{"ID":"26","Sign":"","Signs":{"ID":"","_":"","Language":"EN"}},"Name":{"Value":"Bluetooth","Language":"EN"}}},{"Localized":0,"ID":494462342,"LocalID":0,"Type":"y_n","Value":"N","CategoryFeatureId":"208481","CategoryFeatureGroupID":"9989","SortNo":"100079","PresentationValue":"No","RawValue":"N","LocalValue":"No","Description":"The device features a socket into which a USB cable can be plugged.","Mandatory":"1","Searchable":"1","Optional":"0","Feature":{"ID":"23798","Sign":"","Measure":{"ID":"26","Sign":"","Signs":{"ID":"","_":"","Language":"EN"}},"Name":{"Value":"USB port","Language":"EN"}}},{"Localized":0,"ID":494462350,"LocalID":0,"Type":"y_n","Value":"Y","CategoryFeatureId":"95622","CategoryFeatureGroupID":"9989","SortNo":"100","PresentationValue":"Yes","RawValue":"Y","LocalValue":"Yes","Description":"","Mandatory":"1","Searchable":"0","Optional":"0","Feature":{"ID":"10157","Sign":"","Measure":{"ID":"26","Sign":"","Signs":{"ID":"","_":"","Language":"EN"}},"Name":{"Value":"Near Field Communication (NFC)","Language":"EN"}}},{"Localized":0,"ID":494462343,"LocalID":0,"Type":"y_n","Value":"Y","CategoryFeatureId":"94698","CategoryFeatureGroupID":"9989","SortNo":"50","PresentationValue":"Yes","RawValue":"Y","LocalValue":"Yes","Description":"Popular technology that allows an electronic device to exchange data or connect to the internet wirelessly using radio waves.","Mandatory":"1","Searchable":"1","Optional":"0","Feature":{"ID":"3239","Sign":"","Measure":{"ID":"26","Sign":"","Signs":{"ID":"","_":"","Language":"EN"}},"Name":{"Value":"Wi-Fi","Language":"EN"}}},{"Localized":0,"ID":494462354,"LocalID":0,"Type":"dropdown","Value":"Bluetooth","CategoryFeatureId":"85350","CategoryFeatureGroupID":"9989","SortNo":"25","PresentationValue":"Bluetooth","RawValue":"Bluetooth","LocalValue":"Bluetooth","Description":"How headphones connect to a device e.g. wirelessly or via a cable and connector.","Mandatory":"1","Searchable":"0","Optional":"0","Feature":{"ID":"4163","Sign":"","Measure":{"ID":"29","Sign":"","Signs":{"ID":"","_":"","Language":"EN"}},"Name":{"Value":"Headphone connectivity","Language":"EN"}}}]},{"ID":9984,"SortNo":"4","FeatureGroup":{"ID":"27","Name":{"Value":"Power","Language":"EN"}},"Features":[{"Localized":0,"ID":494462377,"LocalID":0,"Type":"dropdown","Value":"Built-in battery","CategoryFeatureId":"319967","CategoryFeatureGroupID":"9984","SortNo":"105","PresentationValue":"Built-in battery","RawValue":"Built-in battery","LocalValue":"Built-in battery","Description":"Description of battery supplied with the product, such battery form factor (e.g. AA/AAA).","Mandatory":"1","Searchable":"0","Optional":"0","Feature":{"ID":"908","Sign":"","Measure":{"ID":"29","Sign":"","Signs":{"ID":"","_":"","Language":"EN"}},"Name":{"Value":"Battery type","Language":"EN"}}},{"Localized":0,"ID":494462390,"LocalID":0,"Type":"numerical","Value":"504","CategoryFeatureId":"271071","CategoryFeatureGroupID":"9984","SortNo":"75","PresentationValue":"504 h","RawValue":"504","LocalValue":"504","Description":"Maximum battery life. Mobile Mark™ (2002) is the standard often used to benchmark battery life time.","Mandatory":"1","Searchable":"0","Optional":"0","Feature":{"ID":"1721","Sign":"","Measure":{"ID":"46","Sign":"","Signs":{"ID":"30","_":"h","Language":"EN"}},"Name":{"Value":"Battery life (max)","Language":"EN"}}},{"Localized":0,"ID":494462391,"LocalID":0,"Type":"numerical","Value":"21","CategoryFeatureId":"891369","CategoryFeatureGroupID":"9984","SortNo":"70","PresentationValue":"21 day(s)","RawValue":"21","LocalValue":"21","Description":"The total length of time that the battery in the product will last.","Mandatory":"0","Searchable":"0","Optional":"0","Feature":{"ID":"17544","Sign":"","Measure":{"ID":"49","Sign":"","Signs":{"ID":"33","_":"day(s)","Language":"EN"}},"Name":{"Value":"Battery life","Language":"EN"}}},{"Localized":0,"ID":494462396,"LocalID":0,"Type":"numerical","Value":"75","CategoryFeatureId":"271061","CategoryFeatureGroupID":"9984","SortNo":"69","PresentationValue":"75 h","RawValue":"75","LocalValue":"75","Description":"","Mandatory":"0","Searchable":"0","Optional":"0","Feature":{"ID":"25430","Sign":"","Measure":{"ID":"46","Sign":"","Signs":{"ID":"30","_":"h","Language":"EN"}},"Name":{"Value":"Battery life (GPS mode)","Language":"EN"}}},{"Localized":0,"ID":494462400,"LocalID":0,"Type":"numerical","Value":"504","CategoryFeatureId":"891270","CategoryFeatureGroupID":"9984","SortNo":"69","PresentationValue":"504 h","RawValue":"504","LocalValue":"504","Description":"","Mandatory":"0","Searchable":"0","Optional":"0","Feature":{"ID":"11425","Sign":"","Measure":{"ID":"46","Sign":"","Signs":{"ID":"30","_":"h","Language":"EN"}},"Name":{"Value":"Battery life (power save mode)","Language":"EN"}}},{"Localized":0,"ID":494462405,"LocalID":0,"Type":"numerical","Value":"20","CategoryFeatureId":"891271","CategoryFeatureGroupID":"9984","SortNo":"69","PresentationValue":"20 h","RawValue":"20","LocalValue":"20","Description":"","Mandatory":"0","Searchable":"0","Optional":"0","Feature":{"ID":"25431","Sign":"","Measure":{"ID":"46","Sign":"","Signs":{"ID":"30","_":"h","Language":"EN"}},"Name":{"Value":"Battery life (UltraTrac mode)","Language":"EN"}}}]},{"ID":9976,"SortNo":"-3","FeatureGroup":{"ID":"14","Name":{"Value":"Weight & dimensions","Language":"EN"}},"Features":[{"Localized":0,"ID":494462409,"LocalID":0,"Type":"numerical","Value":"47","CategoryFeatureId":"85294","CategoryFeatureGroupID":"9976","SortNo":"100","PresentationValue":"47 mm","RawValue":"47","LocalValue":"47","Description":"The measurement or extent of something from side to side.","Mandatory":"0","Searchable":"0","Optional":"0","Feature":{"ID":"1649","Sign":"","Measure":{"ID":"24","Sign":"","Signs":{"ID":"3","_":"mm","Language":"EN"}},"Name":{"Value":"Width","Language":"EN"}}},{"Localized":0,"ID":494462410,"LocalID":0,"Type":"numerical","Value":"47","CategoryFeatureId":"85299","CategoryFeatureGroupID":"9976","SortNo":"99","PresentationValue":"47 mm","RawValue":"47","LocalValue":"47","Description":"The distance from the front to the back of something.","Mandatory":"0","Searchable":"0","Optional":"0","Feature":{"ID":"1650","Sign":"","Measure":{"ID":"24","Sign":"","Signs":{"ID":"3","_":"mm","Language":"EN"}},"Name":{"Value":"Depth","Language":"EN"}}},{"Localized":0,"ID":494462411,"LocalID":0,"Type":"numerical","Value":"14.5","CategoryFeatureId":"85296","CategoryFeatureGroupID":"9976","SortNo":"95","PresentationValue":"1.45 cm","RawValue":"14.5","LocalValue":"1.45","Description":"The distance through an object, as distinct from width or height.","Mandatory":"0","Searchable":"0","Optional":"0","Feature":{"ID":"2757","Sign":"","Measure":{"ID":"24","Sign":"","Signs":{"ID":"3","_":"mm","Language":"EN"}},"Name":{"Value":"Thickness","Language":"EN"}}},{"Localized":0,"ID":494462413,"LocalID":0,"Type":"numerical","Value":"70","CategoryFeatureId":"85297","CategoryFeatureGroupID":"9976","SortNo":"94","PresentationValue":"70 g","RawValue":"70","LocalValue":"70","Description":"Weight of the product without packaging (net weight). If possible, the net weight is given including standard accessories and supplies. Please note that sometimes the manufacturer leaves out the weight of accessories and/or supplies.","Mandatory":"0","Searchable":"0","Optional":"0","Feature":{"ID":"94","Sign":"","Measure":{"ID":"38","Sign":"","Signs":{"ID":"22","_":"g","Language":"EN"}},"Name":{"Value":"Weight","Language":"EN"}}}]},{"ID":15273,"SortNo":"-5","FeatureGroup":{"ID":"116","Name":{"Value":"Packaging content","Language":"EN"}},"Features":[{"Localized":0,"ID":494462417,"LocalID":0,"Type":"dropdown","Value":"USB","CategoryFeatureId":"85346","CategoryFeatureGroupID":"15273","SortNo":"0","PresentationValue":"USB","RawValue":"USB","LocalValue":"USB","Description":"","Mandatory":"0","Searchable":"0","Optional":"0","Feature":{"ID":"1830","Sign":"","Measure":{"ID":"29","Sign":"","Signs":{"ID":"","_":"","Language":"EN"}},"Name":{"Value":"Cables included","Language":"EN"}}}]}],"FeatureLogos":[],"ReasonsToBuy":[],"Reviews":[],"ProductRelated":[],"CatalogObjectCloud":{},"Variants":[],"ProductStory":[{"ID":"3F395111-349B-41F8-9C11-57003B5F4520","URL":"https://live-html.icecat.biz/5814823394dd8452d4855b3b3b1ab74c/index.html","Type":"ProductStory","ContentType":"application/zip","KeepAsUrl":"0","Description":"ProductStory","Size":"7864","IsPrivate":"0","Updated":"2025-09-11 15:50:36","Language":"EN","IsVideo":0}],"Dictionary":{"model_name":"Product name","desc":"Description","ean_code":"EAN/UPC code","flash360":"3D tour","demo_msg_part3":"If you don't have an Icecat account, please register here for free.","repairability_index":"Repairability index","zoom_panel_init":"Original size","cat_name":"Category","product_family":"Product family","back_to_top":"Back to top","zoom_panel_out":"Zoom out","specs":"Specs","eu_product_fiche":"EU Product Fiche","reviews_head_name":"Reviews","pdf_specs":"Product Brochure","zoom_panel_in":"Zoom in","html_content":"","release_date":"Release date","demo_msg_part1":"You are using now a Demo account. Please, use your own Icecat account","demo_insert_desc":"This is a demo of a seamless insert of an Icecat LIVE product data-sheet in your website. Imagine that this responsive data-sheet is included in the product page of your webshop.","pdf_url":"User manual","prod_code":"Product code","supplier_name":"Brand","video":"Video","reasons_to_buy":"Reasons to buy","marketing_text":"Description","options_head_name":"Options","product_series":"Product series","demo_msg_part2":"your Icecat login name","link_integrate_desk":"How to integrate Icecat LIVE JavaScript.","zoom_panel_dragg":"Mouse dragging","eu_energy_label":"EU Energy Label"},"DemoAccount":false}}