{"msg":"OK","data":{"GeneralInfo":{"IcecatId":134703606,"ReleaseDate":"","EndOfLifeDate":"","Title":"Apteq Mielikki Cough drops","TitleInfo":{"GeneratedIntTitle":"Apteq Mielikki cough medicine","GeneratedLocalTitle":{"Value":"Apteq Mielikki cough medicine Internal use Adults & Children Tablet","Language":"EN"},"BrandLocalTitle":{"Value":"Apteq Mielikki Cough drops","Language":"EN"}},"Brand":"Apteq","BrandID":"43645","BrandLogo":"","BrandInfo":{"BrandName":"Apteq","BrandLocalName":"","BrandLogo":""},"ProductName":"Mielikki Cough drops","ProductNameInfo":{"ProductIntName":"Mielikki","ProductLocalName":{"Value":"Mielikki Cough drops","Language":"EN"}},"BrandPartCode":"12238","GTIN":[],"Category":{"CategoryID":"5044","Name":{"Value":"Cough Medicines","Language":"EN"}},"ProductFamily":{},"ProductSeries":{"SeriesID":"1"},"Description":{"ID":"104044258","LongDesc":"Mielikki is now also available as a cough drop. The cough drops contain honey, Iceland Moss and vitamin C. Suitable for grown-ups and children over six years of age.","LongProductName":" Mielikki 24 Cough drops","MiddleDesc":"","Disclaimer":"","ManualPDFURL":"","ManualPDFSize":"0","LeafletPDFURL":"","PDFSize":"0","URL":"https://apteq.fi/en/products/health/mielikki-cough-drops/","WarrantyInfo":"","Updated":"2025-09-09 10:37:38","Language":"EN"},"SummaryDescription":{"ShortSummaryDescription":"Apteq Mielikki Cough drops, Internal use, Adults & Children, Tablet, 1 yr(s), Honey, Vitamin C","LongSummaryDescription":"Apteq Mielikki Cough drops. Proper use: Internal use, Target audience: Adults & Children, Dosage form: Tablet. Country of origin: Finland"},"BulletPoints":{"BulletPointsId":"13608827","Language":"EN","Values":["Hard, round cough drops in blister packaging.","Active ingredients: honey, Iceland Moss, and vitamin C.","Iceland Moss relieves itching of the throat has a soothing effect on the throat (health claims awaiting assessment by EFSA).","Vitamin C promotes resistance to disease and the normal functioning of the human immune system.","One package contains 24 cough drops.","A daily dose of 6 tablets contains 600 mg of honey, 360 mg of Iceland Moss and 180 mg of vitamin C."],"Updated":"2025-09-09 10:37:37"},"GeneratedBulletPoints":{},"GTINs":[]},"Image":{"HighPic":"https://inishop.com/img/gallery/3a020db5af2116e96ed573eac99f756e0d78a9fb.jpg","HighPicSize":"141051","HighPicHeight":"499","HighPicWidth":"684","LowPic":"https://inishop.com/img/gallery_lows/833fc4fa430073f6889763aba6a95a152bc52105.jpg","LowPicSize":"23746","LowPicHeight":"146","LowPicWidth":"200","Pic500x500":"https://inishop.com/img/gallery_mediums/6dc45180b3961968739e9fe681f18b91251966c1.jpg","Pic500x500Size":"93793","Pic500x500Height":"365","Pic500x500Width":"500","ThumbPic":"https://inishop.com/img/gallery_thumbs/488224d7c26b62fffe99b946f53c750350e4508a.jpg","ThumbPicSize":"5172"},"Multimedia":[],"Gallery":[{"ID":"117095300","LowPic":"https://inishop.com/img/gallery_lows/833fc4fa430073f6889763aba6a95a152bc52105.jpg","LowSize":"23746","LowHeight":"146","LowWidth":"200","ThumbPic":"https://inishop.com/img/gallery_thumbs/488224d7c26b62fffe99b946f53c750350e4508a.jpg","ThumbPicSize":"5172","Pic":"https://inishop.com/img/gallery/3a020db5af2116e96ed573eac99f756e0d78a9fb.jpg","Size":"141051","PicHeight":"499","PicWidth":"684","Pic500x500":"https://inishop.com/img/gallery_mediums/6dc45180b3961968739e9fe681f18b91251966c1.jpg","Pic500x500Size":"93793","Pic500x500Height":"365","Pic500x500Width":"500","No":"1","IsMain":"Y","Updated":"2025-09-09 10:39:26","IsPrivate":"0","Type":"ProductImage","Attributes":{"OriginalFileName":""}}],"FeaturesGroups":[{"ID":18224,"SortNo":"5","FeatureGroup":{"ID":"185","Name":{"Value":"Features","Language":"EN"}},"Features":[{"Localized":0,"ID":835241987,"LocalID":0,"Type":"dropdown","Value":"Internal use","CategoryFeatureId":"167782","CategoryFeatureGroupID":"18224","SortNo":"100","PresentationValue":"Internal use","RawValue":"Internal use","LocalValue":"Internal use","Description":"The intended application of the product.","Mandatory":"1","Searchable":"1","Optional":"0","Feature":{"ID":"2987","Sign":"","Measure":{"ID":"29","Sign":"","Signs":{"ID":"","_":"","Language":"EN"}},"Name":{"Value":"Proper use","Language":"EN"}}},{"Localized":0,"ID":835241993,"LocalID":0,"Type":"dropdown","Value":"Adults & Children","CategoryFeatureId":"167784","CategoryFeatureGroupID":"18224","SortNo":"95","PresentationValue":"Adults & Children","RawValue":"Adults & Children","LocalValue":"Adults & Children","Description":"","Mandatory":"1","Searchable":"1","Optional":"0","Feature":{"ID":"21228","Sign":"","Measure":{"ID":"29","Sign":"","Signs":{"ID":"","_":"","Language":"EN"}},"Name":{"Value":"Target audience","Language":"EN"}}},{"Localized":0,"ID":835241994,"LocalID":0,"Type":"dropdown","Value":"Tablet (substance)","CategoryFeatureId":"167783","CategoryFeatureGroupID":"18224","SortNo":"90","PresentationValue":"Tablet","RawValue":"Tablet (substance)","LocalValue":"Tablet","Description":"","Mandatory":"1","Searchable":"1","Optional":"0","Feature":{"ID":"25712","Sign":"","Measure":{"ID":"29","Sign":"","Signs":{"ID":"","_":"","Language":"EN"}},"Name":{"Value":"Dosage form","Language":"EN"}}},{"Localized":0,"ID":835241990,"LocalID":0,"Type":"numerical","Value":"1","CategoryFeatureId":"167786","CategoryFeatureGroupID":"18224","SortNo":"90","PresentationValue":"1 yr(s)","RawValue":"1","LocalValue":"1","Description":"The minimum age suitable for using this product.","Mandatory":"0","Searchable":"0","Optional":"0","Feature":{"ID":"7769","Sign":"","Measure":{"ID":"439","Sign":"","Signs":{"ID":"39428","_":"yr(s)","Language":"EN"}},"Name":{"Value":"Minimum age","Language":"EN"}}},{"Localized":0,"ID":835241992,"LocalID":0,"Type":"dropdown","Value":"Honey","CategoryFeatureId":"167796","CategoryFeatureGroupID":"18224","SortNo":"86","PresentationValue":"Honey","RawValue":"Honey","LocalValue":"Honey","Description":"","Mandatory":"0","Searchable":"0","Optional":"0","Feature":{"ID":"18005","Sign":"","Measure":{"ID":"29","Sign":"","Signs":{"ID":"","_":"","Language":"EN"}},"Name":{"Value":"Constitutive ingredients","Language":"EN"}}},{"Localized":0,"ID":835242333,"LocalID":0,"Type":"dropdown","Value":"Vitamin C","CategoryFeatureId":"167820","CategoryFeatureGroupID":"18224","SortNo":"86","PresentationValue":"Vitamin C","RawValue":"Vitamin C","LocalValue":"Vitamin C","Description":"","Mandatory":"0","Searchable":"0","Optional":"0","Feature":{"ID":"26607","Sign":"","Measure":{"ID":"29","Sign":"","Signs":{"ID":"","_":"","Language":"EN"}},"Name":{"Value":"Includes vitamins","Language":"EN"}}},{"Localized":0,"ID":835241991,"LocalID":0,"Type":"dropdown","Value":"Blister","CategoryFeatureId":"167792","CategoryFeatureGroupID":"18224","SortNo":"80","PresentationValue":"Blister","RawValue":"Blister","LocalValue":"Blister","Description":"The type of container from which the product can be dispensed, e.g. bag, tube etc.","Mandatory":"0","Searchable":"0","Optional":"0","Feature":{"ID":"17965","Sign":"","Measure":{"ID":"29","Sign":"","Signs":{"ID":"","_":"","Language":"EN"}},"Name":{"Value":"Dispenser type","Language":"EN"}}},{"Localized":0,"ID":835802123,"LocalID":0,"Type":"numerical","Value":"4","CategoryFeatureId":"167807","CategoryFeatureGroupID":"18224","SortNo":"65","PresentationValue":"4","RawValue":"4","LocalValue":"4","Description":"","Mandatory":"0","Searchable":"0","Optional":"0","Feature":{"ID":"21173","Sign":"","Measure":{"ID":"29","Sign":"","Signs":{"ID":"","_":"","Language":"EN"}},"Name":{"Value":"Number of servings per pack","Language":"EN"}}},{"Localized":0,"ID":835242277,"LocalID":0,"Type":"numerical","Value":"1","CategoryFeatureId":"167809","CategoryFeatureGroupID":"18224","SortNo":"63","PresentationValue":"1","RawValue":"1","LocalValue":"1","Description":"","Mandatory":"0","Searchable":"0","Optional":"0","Feature":{"ID":"25206","Sign":"","Measure":{"ID":"29","Sign":"","Signs":{"ID":"","_":"","Language":"EN"}},"Name":{"Value":"Number of tablets per serving","Language":"EN"}}},{"Localized":0,"ID":835241986,"LocalID":0,"Type":"textarea","Value":"CE","CategoryFeatureId":"167789","CategoryFeatureGroupID":"18224","SortNo":"-10","PresentationValue":"CE","RawValue":"CE","LocalValue":"CE","Description":"","Mandatory":"0","Searchable":"0","Optional":"0","Feature":{"ID":"249","Sign":"","Measure":{"ID":"29","Sign":"","Signs":{"ID":"","_":"","Language":"EN"}},"Name":{"Value":"Certification","Language":"EN"}}}]},{"ID":36316,"SortNo":"0","FeatureGroup":{"ID":"198","Name":{"Value":"Logistics data","Language":"EN"}},"Features":[{"Localized":0,"ID":835241988,"LocalID":0,"Type":"multi_dropdown","Value":"Finland","CategoryFeatureId":"374737","CategoryFeatureGroupID":"36316","SortNo":"0","PresentationValue":"Finland","RawValue":"Finland","LocalValue":"Finland","Description":"Country where the device is made. Aka Country of manufacture (COM).","Mandatory":"0","Searchable":"0","Optional":"0","Feature":{"ID":"3294","Sign":"","Measure":{"ID":"29","Sign":"","Signs":{"ID":"","_":"","Language":"EN"}},"Name":{"Value":"Country of origin","Language":"EN"}}}]}],"FeatureLogos":[],"ReasonsToBuy":[],"Reviews":[],"ProductRelated":[],"CatalogObjectCloud":{},"Variants":[],"ProductStory":[],"Dictionary":{"model_name":"Product name","desc":"Description","ean_code":"EAN/UPC code","flash360":"3D tour","demo_msg_part3":"If you don't have an Icecat account, please register here for free.","repairability_index":"Repairability index","zoom_panel_init":"Original size","cat_name":"Category","product_family":"Product family","back_to_top":"Back to top","zoom_panel_out":"Zoom out","specs":"Specs","eu_product_fiche":"EU Product Fiche","reviews_head_name":"Reviews","pdf_specs":"Product Brochure","zoom_panel_in":"Zoom in","html_content":"","release_date":"Release date","demo_msg_part1":"You are using now a Demo account. Please, use your own Icecat account","demo_insert_desc":"This is a demo of a seamless insert of an Icecat LIVE product data-sheet in your website. Imagine that this responsive data-sheet is included in the product page of your webshop.","pdf_url":"User manual","prod_code":"Product code","supplier_name":"Brand","video":"Video","reasons_to_buy":"Reasons to buy","marketing_text":"Description","options_head_name":"Options","product_series":"Product series","demo_msg_part2":"your Icecat login name","link_integrate_desk":"How to integrate Icecat LIVE JavaScript.","zoom_panel_dragg":"Mouse dragging","eu_energy_label":"EU Energy Label"},"DemoAccount":false}}