{"msg":"OK","data":{"GeneralInfo":{"IcecatId":134703564,"ReleaseDate":"","EndOfLifeDate":"","Title":"Skechers GO RUN Consistent 2.0 athletic shoes Female White","TitleInfo":{"GeneratedIntTitle":"Skechers GO RUN Consistent 2.0 athletic shoes","GeneratedLocalTitle":{"Value":"Skechers GO RUN Consistent 2.0 athletic shoes Female White","Language":"EN"},"BrandLocalTitle":{"Value":"","Language":"EN"}},"Brand":"Skechers","BrandID":"18535","BrandLogo":"","BrandInfo":{"BrandName":"Skechers","BrandLocalName":"","BrandLogo":""},"ProductName":"GO RUN Consistent 2.0","ProductNameInfo":{"ProductIntName":"GO RUN Consistent 2.0","ProductLocalName":{"Value":"","Language":"EN"}},"BrandPartCode":"128613WHT 38.5","GTIN":[],"Category":{"CategoryID":"3554","Name":{"Value":"Athletic Shoes","Language":"EN"}},"ProductFamily":{},"ProductSeries":{"SeriesID":"1"},"Description":{"ID":"104044154","LongDesc":"Go the extra mile in maximum comfort wearing Skechers GO RUN Consistent™ 2.0 - Sumpter Trail. This classic lace-up running shoe features a perforated leather upper with a Skechers Air-Cooled Goga Mat™ insole, stride-efficient M-Strike® technology, and lightweight, responsive ULTRA LIGHT midsole cushioning.<br><br>","LongProductName":"GO RUN Consistent 2.0 - Sumpter Trail - White, 38.5","MiddleDesc":"","Disclaimer":"","ManualPDFURL":"","ManualPDFSize":"0","LeafletPDFURL":"","PDFSize":"0","URL":"https://www.skechers.com/go-run-consistent-2.0---sumpter-trail/128613.html","WarrantyInfo":"","Updated":"2025-09-09 11:10:07","Language":"EN"},"SummaryDescription":{"ShortSummaryDescription":"Skechers GO RUN Consistent 2.0, Running, Female, Adult, White, Monotone, 25.5 cm","LongSummaryDescription":"Skechers GO RUN Consistent 2.0. Activity: Running, Gender: Female, Consumer life stage: Adult. Upper material: Leather"},"BulletPoints":{"BulletPointsId":"13608754","Language":"EN","Values":["Skechers Air-Cooled Goga Mat™ breathable insole with high-rebound cushioning","M-Strike® technology promotes efficiency in each stride through its midsole configuration, creating smooth transitions from landing to toe-off","Lightweight, responsive ULTRA LIGHT midsole cushioning"],"Updated":"2025-09-09 09:49:50"},"GeneratedBulletPoints":{},"GTINs":[]},"Image":{"HighPic":"https://inishop.com/img/gallery/5bd625dce69c7b7cc9c9798490e7bf2b16d6e830.jpg","HighPicSize":"486832","HighPicHeight":"975","HighPicWidth":"1892","LowPic":"https://inishop.com/img/gallery_lows/0734c5339103c9af2e281bf97292e39db0cd9291.jpg","LowPicSize":"8948","LowPicHeight":"103","LowPicWidth":"200","Pic500x500":"https://inishop.com/img/gallery_mediums/f99f07c3fb95eece9ea47bc22fd28f1ef13641af.jpg","Pic500x500Size":"45744","Pic500x500Height":"258","Pic500x500Width":"500","ThumbPic":"https://inishop.com/img/gallery_thumbs/bb57a28b93b70479650bacc9743dd966bb7db773.jpg","ThumbPicSize":"2149"},"Multimedia":[],"Gallery":[{"ID":"117094812","LowPic":"https://inishop.com/img/gallery_lows/0734c5339103c9af2e281bf97292e39db0cd9291.jpg","LowSize":"8948","LowHeight":"103","LowWidth":"200","ThumbPic":"https://inishop.com/img/gallery_thumbs/bb57a28b93b70479650bacc9743dd966bb7db773.jpg","ThumbPicSize":"2149","Pic":"https://inishop.com/img/gallery/5bd625dce69c7b7cc9c9798490e7bf2b16d6e830.jpg","Size":"486832","PicHeight":"975","PicWidth":"1892","Pic500x500":"https://inishop.com/img/gallery_mediums/f99f07c3fb95eece9ea47bc22fd28f1ef13641af.jpg","Pic500x500Size":"45744","Pic500x500Height":"258","Pic500x500Width":"500","No":"1","IsMain":"Y","Updated":"2025-09-09 09:48:28","IsPrivate":"0","Type":"ProductImage","Attributes":{"OriginalFileName":""}},{"ID":"117094813","LowPic":"https://inishop.com/img/gallery_lows/f2762b7f361b5acf0d6c3dc31cd924b93d01406e.jpg","LowSize":"20573","LowHeight":"177","LowWidth":"200","ThumbPic":"https://inishop.com/img/gallery_thumbs/182e823b28dd72c8155156ad997280dcd83007ec.jpg","ThumbPicSize":"4716","Pic":"https://inishop.com/img/gallery/ae261ae9e411fc1439418373a2038bec115d1564.jpg","Size":"593912","PicHeight":"1593","PicWidth":"1800","Pic500x500":"https://inishop.com/img/gallery_mediums/c6511a9bf36a1fb49fe8a13c111a71fe4db900c0.jpg","Pic500x500Size":"104604","Pic500x500Height":"443","Pic500x500Width":"500","No":"2","IsMain":"N","Updated":"2025-09-09 09:48:16","IsPrivate":"0","Type":"Other","Attributes":{"OriginalFileName":""}},{"ID":"117094814","LowPic":"https://inishop.com/img/gallery_lows/e9484e819dac7ce537529c797eacc842c9934307.jpg","LowSize":"9595","LowHeight":"200","LowWidth":"82","ThumbPic":"https://inishop.com/img/gallery_thumbs/f55b6336ee0711a00ad23572b3e8ac24a7d7bfab.jpg","ThumbPicSize":"2299","Pic":"https://inishop.com/img/gallery/546dd1ab55917dd4dc3c8c49b3d8675cac691de0.jpg","Size":"428417","PicHeight":"1663","PicWidth":"685","Pic500x500":"https://inishop.com/img/gallery_mediums/6a00b3e7b587b554085bf6b86ec570624f773a38.jpg","Pic500x500Size":"47661","Pic500x500Height":"500","Pic500x500Width":"206","No":"3","IsMain":"N","Updated":"2025-09-09 09:48:36","IsPrivate":"0","Type":"Other","Attributes":{"OriginalFileName":""}},{"ID":"117094815","LowPic":"https://inishop.com/img/gallery_lows/2e4807d87cfe18852dacec1ed3d6405534121702.jpg","LowSize":"11189","LowHeight":"87","LowWidth":"200","ThumbPic":"https://inishop.com/img/gallery_thumbs/4bcf1437dc8b9fd64e210aa2235643cbde7aecb1.jpg","ThumbPicSize":"2649","Pic":"https://inishop.com/img/gallery/5cfa7f9299f6169d7f8696e7fc2b3882d99878cf.jpg","Size":"551220","PicHeight":"821","PicWidth":"1894","Pic500x500":"https://inishop.com/img/gallery_mediums/1eeeefabc61d8440c12b781ac897587ff080dfb3.jpg","Pic500x500Size":"53963","Pic500x500Height":"217","Pic500x500Width":"500","No":"4","IsMain":"N","Updated":"2025-09-09 09:48:41","IsPrivate":"0","Type":"Other","Attributes":{"OriginalFileName":""}},{"ID":"117094816","LowPic":"https://inishop.com/img/gallery_lows/a43e99a514aeb13695a71d5a423f1a6590a44079.jpg","LowSize":"12809","LowHeight":"145","LowWidth":"200","ThumbPic":"https://inishop.com/img/gallery_thumbs/12dff4c4f4c8a9289cf7fd56202f62d741226191.jpg","ThumbPicSize":"2839","Pic":"https://inishop.com/img/gallery/e76dc63452b1396e51d0f5c8d247505c5a0825b9.jpg","Size":"748564","PicHeight":"1382","PicWidth":"1903","Pic500x500":"https://inishop.com/img/gallery_mediums/669dfd9763108ff9c7e4c69ec7e2f2aaae732321.jpg","Pic500x500Size":"64748","Pic500x500Height":"363","Pic500x500Width":"500","No":"5","IsMain":"N","Updated":"2025-09-09 09:48:46","IsPrivate":"0","Type":"Other","Attributes":{"OriginalFileName":""}},{"ID":"117094817","LowPic":"https://inishop.com/img/gallery_lows/5ffc60c29420064a25e969fd1efdaa5644491574.jpg","LowSize":"9387","LowHeight":"103","LowWidth":"200","ThumbPic":"https://inishop.com/img/gallery_thumbs/9dc203750146f0af419eba16ac1d7dac5882349d.jpg","ThumbPicSize":"2104","Pic":"https://inishop.com/img/gallery/2046ccf58b2974126fc19f0ad5a1322913c5ecfb.jpg","Size":"531223","PicHeight":"973","PicWidth":"1887","Pic500x500":"https://inishop.com/img/gallery_mediums/1effc21b3617144e9d5d25a65e507fb36402722c.jpg","Pic500x500Size":"48190","Pic500x500Height":"258","Pic500x500Width":"500","No":"6","IsMain":"N","Updated":"2025-09-09 09:48:50","IsPrivate":"0","Type":"Other","Attributes":{"OriginalFileName":""}}],"FeaturesGroups":[{"ID":17164,"SortNo":"50","FeatureGroup":{"ID":"185","Name":{"Value":"Features","Language":"EN"}},"Features":[{"Localized":0,"ID":835244723,"LocalID":0,"Type":"dropdown","Value":"Running","CategoryFeatureId":"333583","CategoryFeatureGroupID":"17164","SortNo":"350","PresentationValue":"Running","RawValue":"Running","LocalValue":"Running","Description":"","Mandatory":"1","Searchable":"1","Optional":"0","Feature":{"ID":"41029","Sign":"","Measure":{"ID":"29","Sign":"","Signs":{"ID":"","_":"","Language":"EN"}},"Name":{"Value":"Activity","Language":"EN"}}},{"Localized":0,"ID":835227428,"LocalID":0,"Type":"dropdown","Value":"Female","CategoryFeatureId":"158233","CategoryFeatureGroupID":"17164","SortNo":"300","PresentationValue":"Female","RawValue":"Female","LocalValue":"Female","Description":"Gender (type) of a product.","Mandatory":"1","Searchable":"1","Optional":"0","Feature":{"ID":"3230","Sign":"","Measure":{"ID":"29","Sign":"","Signs":{"ID":"","_":"","Language":"EN"}},"Name":{"Value":"Gender","Language":"EN"}}},{"Localized":0,"ID":835244721,"LocalID":0,"Type":"dropdown","Value":"Adult","CategoryFeatureId":"333580","CategoryFeatureGroupID":"17164","SortNo":"295","PresentationValue":"Adult","RawValue":"Adult","LocalValue":"Adult","Description":"","Mandatory":"1","Searchable":"1","Optional":"0","Feature":{"ID":"36987","Sign":"","Measure":{"ID":"29","Sign":"","Signs":{"ID":"","_":"","Language":"EN"}},"Name":{"Value":"Consumer life stage","Language":"EN"}}},{"Localized":0,"ID":835244720,"LocalID":0,"Type":"dropdown","Value":"Monotone","CategoryFeatureId":"158216","CategoryFeatureGroupID":"17164","SortNo":"148","PresentationValue":"Monotone","RawValue":"Monotone","LocalValue":"Monotone","Description":"","Mandatory":"0","Searchable":"0","Optional":"0","Feature":{"ID":"21118","Sign":"","Measure":{"ID":"29","Sign":"","Signs":{"ID":"","_":"","Language":"EN"}},"Name":{"Value":"Coloration","Language":"EN"}}},{"Localized":0,"ID":835244826,"LocalID":0,"Type":"alphanumeric","Value":"5.5","CategoryFeatureId":"949644","CategoryFeatureGroupID":"17164","SortNo":"145","PresentationValue":"5.5","RawValue":"5.5","LocalValue":"5.5","Description":"","Mandatory":"0","Searchable":"0","Optional":"0","Feature":{"ID":"29293","Sign":"","Measure":{"ID":"29","Sign":"","Signs":{"ID":"","_":"","Language":"EN"}},"Name":{"Value":"Size (UK)","Language":"EN"}}},{"Localized":0,"ID":835244722,"LocalID":0,"Type":"multi_dropdown","Value":"White","CategoryFeatureId":"333581","CategoryFeatureGroupID":"17164","SortNo":"144","PresentationValue":"White","RawValue":"White","LocalValue":"White","Description":"","Mandatory":"1","Searchable":"1","Optional":"0","Feature":{"ID":"37466","Sign":"","Measure":{"ID":"29","Sign":"","Signs":{"ID":"","_":"","Language":"EN"}},"Name":{"Value":"Product main colour","Language":"EN"}}},{"Localized":0,"ID":835244711,"LocalID":0,"Type":"alphanumeric","Value":"38.5","CategoryFeatureId":"949645","CategoryFeatureGroupID":"17164","SortNo":"144","PresentationValue":"38.5","RawValue":"38.5","LocalValue":"38.5","Description":"","Mandatory":"0","Searchable":"0","Optional":"0","Feature":{"ID":"47506","Sign":"","Measure":{"ID":"29","Sign":"","Signs":{"ID":"","_":"","Language":"EN"}},"Name":{"Value":"Size (EU)","Language":"EN"}}},{"Localized":0,"ID":835245551,"LocalID":0,"Type":"alphanumeric","Value":"8.5","CategoryFeatureId":"949647","CategoryFeatureGroupID":"17164","SortNo":"142","PresentationValue":"8.5","RawValue":"8.5","LocalValue":"8.5","Description":"","Mandatory":"0","Searchable":"0","Optional":"0","Feature":{"ID":"47767","Sign":"","Measure":{"ID":"29","Sign":"","Signs":{"ID":"","_":"","Language":"EN"}},"Name":{"Value":"Women's size (US)","Language":"EN"}}},{"Localized":0,"ID":835244830,"LocalID":0,"Type":"alphanumeric","Value":"25.5","CategoryFeatureId":"949648","CategoryFeatureGroupID":"17164","SortNo":"141","PresentationValue":"25.5 cm","RawValue":"25.5","LocalValue":"25.5","Description":"","Mandatory":"0","Searchable":"0","Optional":"0","Feature":{"ID":"47528","Sign":"","Measure":{"ID":"34","Sign":"","Signs":{"ID":"18","_":"cm","Language":"EN"}},"Name":{"Value":"Size (length)","Language":"EN"}}},{"Localized":0,"ID":835229317,"LocalID":0,"Type":"multi_dropdown","Value":"Lace-up closure","CategoryFeatureId":"333640","CategoryFeatureGroupID":"17164","SortNo":"115","PresentationValue":"Lace-up closure","RawValue":"Lace-up closure","LocalValue":"Lace-up closure","Description":"","Mandatory":"0","Searchable":"0","Optional":"0","Feature":{"ID":"41034","Sign":"","Measure":{"ID":"29","Sign":"","Signs":{"ID":"","_":"","Language":"EN"}},"Name":{"Value":"Footwear closure type","Language":"EN"}}},{"Localized":0,"ID":835244864,"LocalID":0,"Type":"numerical","Value":"31.75","CategoryFeatureId":"333641","CategoryFeatureGroupID":"17164","SortNo":"110","PresentationValue":"3.17 cm","RawValue":"31.75","LocalValue":"3.17","Description":"","Mandatory":"0","Searchable":"0","Optional":"0","Feature":{"ID":"41066","Sign":"","Measure":{"ID":"24","Sign":"","Signs":{"ID":"3","_":"mm","Language":"EN"}},"Name":{"Value":"Stack height (heel)","Language":"EN"}}},{"Localized":0,"ID":835244904,"LocalID":0,"Type":"y_n","Value":"Y","CategoryFeatureId":"333626","CategoryFeatureGroupID":"17164","SortNo":"97","PresentationValue":"Yes","RawValue":"Y","LocalValue":"Yes","Description":"","Mandatory":"0","Searchable":"0","Optional":"0","Feature":{"ID":"41065","Sign":"","Measure":{"ID":"26","Sign":"","Signs":{"ID":"","_":"","Language":"EN"}},"Name":{"Value":"Cushioned insole","Language":"EN"}}},{"Localized":0,"ID":835244892,"LocalID":0,"Type":"y_n","Value":"Y","CategoryFeatureId":"158340","CategoryFeatureGroupID":"17164","SortNo":"15","PresentationValue":"Yes","RawValue":"Y","LocalValue":"Yes","Description":"","Mandatory":"0","Searchable":"0","Optional":"0","Feature":{"ID":"21062","Sign":"","Measure":{"ID":"26","Sign":"","Signs":{"ID":"","_":"","Language":"EN"}},"Name":{"Value":"Breathable","Language":"EN"}}}]},{"ID":34344,"SortNo":"40","FeatureGroup":{"ID":"119","Name":{"Value":"Material","Language":"EN"}},"Features":[{"Localized":0,"ID":835244879,"LocalID":0,"Type":"multi_dropdown","Value":"Leather","CategoryFeatureId":"196763","CategoryFeatureGroupID":"34344","SortNo":"200","PresentationValue":"Leather","RawValue":"Leather","LocalValue":"Leather","Description":"The material the upper part of the shoe is made of, e.g. leather, canvas or mesh.","Mandatory":"1","Searchable":"0","Optional":"0","Feature":{"ID":"29975","Sign":"","Measure":{"ID":"29","Sign":"","Signs":{"ID":"","_":"","Language":"EN"}},"Name":{"Value":"Upper material","Language":"EN"}}}]}],"FeatureLogos":[],"ReasonsToBuy":[{"ReasonToBuyID":"93074659","Value":"Our Goga Mat® Technology offers an excellent combination of support and comfort, providing a lightweight cushioned, responsive feel that’s perfect for all-day wear.","HighPic":"https://inishop.com/img/bullets/134703564-68bfef09c0634673258159.jpg","HighPicSize":"0","No":"1","Title":"Goga Mat","Language":"EN","Updated":"2025-09-09 11:10:34","Origin":"RTB","IsPrivate":"0"}],"Reviews":[],"ProductRelated":[],"CatalogObjectCloud":{},"Variants":[],"ProductStory":[],"Dictionary":{"model_name":"Product name","desc":"Description","ean_code":"EAN/UPC code","flash360":"3D tour","demo_msg_part3":"If you don't have an Icecat account, please register here for free.","repairability_index":"Repairability index","zoom_panel_init":"Original size","cat_name":"Category","product_family":"Product family","back_to_top":"Back to top","zoom_panel_out":"Zoom out","specs":"Specs","eu_product_fiche":"EU Product Fiche","reviews_head_name":"Reviews","pdf_specs":"Product Brochure","zoom_panel_in":"Zoom in","html_content":"","release_date":"Release date","demo_msg_part1":"You are using now a Demo account. Please, use your own Icecat account","demo_insert_desc":"This is a demo of a seamless insert of an Icecat LIVE product data-sheet in your website. Imagine that this responsive data-sheet is included in the product page of your webshop.","pdf_url":"User manual","prod_code":"Product code","supplier_name":"Brand","video":"Video","reasons_to_buy":"Reasons to buy","marketing_text":"Description","options_head_name":"Options","product_series":"Product series","demo_msg_part2":"your Icecat login name","link_integrate_desk":"How to integrate Icecat LIVE JavaScript.","zoom_panel_dragg":"Mouse dragging","eu_energy_label":"EU Energy Label"},"DemoAccount":false}}