{"msg":"OK","data":{"GeneralInfo":{"IcecatId":116156342,"ReleaseDate":"","EndOfLifeDate":"","Title":"L’Oréal Paris Infallible Matte Resistance 420 Le Rogue Paris","TitleInfo":{"GeneratedIntTitle":"L’Oréal Paris Infallible Matte Resistance","GeneratedLocalTitle":{"Value":"L’Oréal Paris Infallible Matte Resistance Rouge Paris","Language":"EN"},"BrandLocalTitle":{"Value":"L’Oréal Paris Infallible Matte Resistance 420 Le Rogue Paris","Language":"EN"}},"Brand":"L’Oréal Paris","BrandID":"9836","BrandLogo":"https://inishop.com/img/brand/thumb/9836_9cd51aa6c77b460788354803eb39d789.jpg","BrandInfo":{"BrandName":"L’Oréal Paris","BrandLocalName":"","BrandLogo":"https://inishop.com/img/brand/thumb/9836_9cd51aa6c77b460788354803eb39d789.jpg"},"ProductName":"Matte Resistance 420 Le Rogue Paris","ProductNameInfo":{"ProductIntName":"Matte Resistance","ProductLocalName":{"Value":"Matte Resistance 420 Le Rogue Paris","Language":"EN"}},"BrandPartCode":"30149502","GTIN":["0000030149502","000030149502","30149502"],"Category":{"CategoryID":"3005","Name":{"Value":"Lipsticks","Language":"EN"}},"ProductFamily":{"ProductFamilyID":"75659","Value":"Infallible","Language":"EN"},"ProductSeries":{"SeriesID":"0"},"Description":{"ID":"104043846","LongDesc":"L'Oréal Paris Infallible Matte Resistance is an ultra-lightweight longwear lipstick. For an intense lip look, that is comfortable all day long.<br><br>Get intense colour in one stroke with Infallible Matte Resistance long wear liquid lipstick. The ultra-lightweight, creamy formula provides a powdery matte finish that is comfortable all day long. With a precise applicator, lip contour is effortlessly defined. Lips appear smoother. Transfer proof and smudge resistant.","LongProductName":"Infallible Matte Resistance 420 Rouge Paris","MiddleDesc":"","Disclaimer":"","ManualPDFURL":"","ManualPDFSize":"0","LeafletPDFURL":"","PDFSize":"0","URL":"https://www.loreal-paris.co.uk/infallible/matte-resistance/115-snooze-your-alarm","WarrantyInfo":"","Updated":"2025-09-09 07:55:47","Language":"EN"},"SummaryDescription":{"ShortSummaryDescription":"L’Oréal Paris Infallible Matte Resistance 420 Le Rogue Paris, Red, Rouge Paris, 1 colours, Coloring, Moisturizing, Women, Matte","LongSummaryDescription":"L’Oréal Paris Infallible Matte Resistance 420 Le Rogue Paris. Colour group: Red, Colour name: Rouge Paris, Number of colours: 1 colours. Number of products included: 1 pc(s)"},"BulletPoints":{},"GeneratedBulletPoints":{"Language":"EN","Values":["Red 420 1 colours","Finishing: Matte","Substance: liquid","Lipstick effect: Coloring, Moisturizing","Constitutive ingredients: Hyaluronic acid"]},"GTINs":[{"GTIN":"0000030149502","IsApproved":true},{"GTIN":"000030149502","IsApproved":true},{"GTIN":"30149502","IsApproved":true}]},"Image":{"HighPic":"https://inishop.com/img/gallery/8d6cbfc0db22271815892d9b3cf320fb.jpg","HighPicSize":"54035","HighPicHeight":"815","HighPicWidth":"350","LowPic":"https://inishop.com/img/gallery_lows/8d6cbfc0db22271815892d9b3cf320fb.jpg","LowPicSize":"6103","LowPicHeight":"200","LowPicWidth":"86","Pic500x500":"https://inishop.com/img/gallery_mediums/8d6cbfc0db22271815892d9b3cf320fb.jpg","Pic500x500Size":"23814","Pic500x500Height":"500","Pic500x500Width":"215","ThumbPic":"https://inishop.com/img/gallery_thumbs/8d6cbfc0db22271815892d9b3cf320fb.jpg","ThumbPicSize":"2399"},"Multimedia":[],"Gallery":[{"ID":"82017711","LowPic":"https://inishop.com/img/gallery_lows/8d6cbfc0db22271815892d9b3cf320fb.jpg","LowSize":"6103","LowHeight":"200","LowWidth":"86","ThumbPic":"https://inishop.com/img/gallery_thumbs/8d6cbfc0db22271815892d9b3cf320fb.jpg","ThumbPicSize":"2399","Pic":"https://inishop.com/img/gallery/8d6cbfc0db22271815892d9b3cf320fb.jpg","Size":"54035","PicHeight":"815","PicWidth":"350","Pic500x500":"https://inishop.com/img/gallery_mediums/8d6cbfc0db22271815892d9b3cf320fb.jpg","Pic500x500Size":"23814","Pic500x500Height":"500","Pic500x500Width":"215","No":"7","IsMain":"Y","Updated":"2023-10-17 14:54:18","IsPrivate":"0","Type":"ProductImage","Attributes":{"OriginalFileName":""}},{"ID":"82017712","LowPic":"https://inishop.com/img/gallery_lows/88f55cd94c1d53d528328c4eefa176ba.jpg","LowSize":"36664","LowHeight":"200","LowWidth":"200","ThumbPic":"https://inishop.com/img/gallery_thumbs/88f55cd94c1d53d528328c4eefa176ba.jpg","ThumbPicSize":"8281","Pic":"https://inishop.com/img/gallery/88f55cd94c1d53d528328c4eefa176ba.jpg","Size":"163059","PicHeight":"720","PicWidth":"720","Pic500x500":"https://inishop.com/img/gallery_mediums/88f55cd94c1d53d528328c4eefa176ba.jpg","Pic500x500Size":"152217","Pic500x500Height":"500","Pic500x500Width":"500","No":"8","IsMain":"N","Updated":"2023-10-17 14:54:18","IsPrivate":"0","Type":"ProductImage","Attributes":{"OriginalFileName":""}},{"ID":"82017715","LowPic":"https://inishop.com/img/gallery_lows/5a7591398d4ba1a2faa8cb35e0e35132.jpg","LowSize":"33064","LowHeight":"200","LowWidth":"200","ThumbPic":"https://inishop.com/img/gallery_thumbs/5a7591398d4ba1a2faa8cb35e0e35132.jpg","ThumbPicSize":"8619","Pic":"https://inishop.com/img/gallery/5a7591398d4ba1a2faa8cb35e0e35132.jpg","Size":"155862","PicHeight":"720","PicWidth":"720","Pic500x500":"https://inishop.com/img/gallery_mediums/5a7591398d4ba1a2faa8cb35e0e35132.jpg","Pic500x500Size":"141338","Pic500x500Height":"500","Pic500x500Width":"500","No":"9","IsMain":"N","Updated":"2023-10-17 14:54:25","IsPrivate":"0","Type":"ProductImage","Attributes":{"OriginalFileName":""}},{"ID":"82017716","LowPic":"https://inishop.com/img/gallery_lows/d3c86a527dfa90149fe02f099bc35b32.jpg","LowSize":"8919","LowHeight":"200","LowWidth":"200","ThumbPic":"https://inishop.com/img/gallery_thumbs/d3c86a527dfa90149fe02f099bc35b32.jpg","ThumbPicSize":"2788","Pic":"https://inishop.com/img/gallery/d3c86a527dfa90149fe02f099bc35b32.jpg","Size":"41392","PicHeight":"720","PicWidth":"720","Pic500x500":"https://inishop.com/img/gallery_mediums/d3c86a527dfa90149fe02f099bc35b32.jpg","Pic500x500Size":"32182","Pic500x500Height":"500","Pic500x500Width":"500","No":"10","IsMain":"N","Updated":"2023-10-17 14:54:26","IsPrivate":"0","Type":"ProductImage","Attributes":{"OriginalFileName":""}},{"ID":"82017717","LowPic":"https://inishop.com/img/gallery_lows/4c03ee52e860f27cf8c764ceaee60066.jpg","LowSize":"36334","LowHeight":"200","LowWidth":"200","ThumbPic":"https://inishop.com/img/gallery_thumbs/4c03ee52e860f27cf8c764ceaee60066.jpg","ThumbPicSize":"7682","Pic":"https://inishop.com/img/gallery/4c03ee52e860f27cf8c764ceaee60066.jpg","Size":"181350","PicHeight":"720","PicWidth":"720","Pic500x500":"https://inishop.com/img/gallery_mediums/4c03ee52e860f27cf8c764ceaee60066.jpg","Pic500x500Size":"164211","Pic500x500Height":"500","Pic500x500Width":"500","No":"11","IsMain":"N","Updated":"2023-10-17 14:54:33","IsPrivate":"0","Type":"ProductImage","Attributes":{"OriginalFileName":""}},{"ID":"82017718","LowPic":"https://inishop.com/img/gallery_lows/e28c975b8eea2b6752a1971699582291.jpg","LowSize":"32192","LowHeight":"200","LowWidth":"200","ThumbPic":"https://inishop.com/img/gallery_thumbs/e28c975b8eea2b6752a1971699582291.jpg","ThumbPicSize":"8405","Pic":"https://inishop.com/img/gallery/e28c975b8eea2b6752a1971699582291.jpg","Size":"163252","PicHeight":"720","PicWidth":"720","Pic500x500":"https://inishop.com/img/gallery_mediums/e28c975b8eea2b6752a1971699582291.jpg","Pic500x500Size":"130087","Pic500x500Height":"500","Pic500x500Width":"500","No":"13","IsMain":"N","Updated":"2023-10-17 14:54:38","IsPrivate":"0","Type":"ProductImage","Attributes":{"OriginalFileName":""}}],"FeaturesGroups":[{"ID":12078,"SortNo":"100","FeatureGroup":{"ID":"185","Name":{"Value":"Features","Language":"EN"}},"Features":[{"Localized":0,"ID":590108121,"LocalID":0,"Type":"dropdown","Value":"Women","CategoryFeatureId":"145869","CategoryFeatureGroupID":"12078","SortNo":"10000095","PresentationValue":"Women","RawValue":"Women","LocalValue":"Women","Description":"Who can use the product, or what the product can be used for.","Mandatory":"0","Searchable":"0","Optional":"0","Feature":{"ID":"9202","Sign":"","Measure":{"ID":"29","Sign":"","Signs":{"ID":"","_":"","Language":"EN"}},"Name":{"Value":"Suitable for","Language":"EN"}}},{"Localized":0,"ID":590108110,"LocalID":0,"Type":"dropdown","Value":"Red","CategoryFeatureId":"105224","CategoryFeatureGroupID":"12078","SortNo":"60","PresentationValue":"Red","RawValue":"Red","LocalValue":"Red","Description":"The broader definiton of the colour spectrum of the product, e.g. black or auburn.","Mandatory":"1","Searchable":"1","Optional":"0","Feature":{"ID":"17357","Sign":"","Measure":{"ID":"29","Sign":"","Signs":{"ID":"","_":"","Language":"EN"}},"Name":{"Value":"Colour group","Language":"EN"}}},{"Localized":0,"ID":590108128,"LocalID":0,"Type":"alphanumeric","Value":"420","CategoryFeatureId":"105225","CategoryFeatureGroupID":"12078","SortNo":"49","PresentationValue":"420","RawValue":"420","LocalValue":"420","Description":"","Mandatory":"1","Searchable":"0","Optional":"0","Feature":{"ID":"17540","Sign":"","Measure":{"ID":"29","Sign":"","Signs":{"ID":"","_":"","Language":"EN"}},"Name":{"Value":"Colour code","Language":"EN"}}},{"Localized":0,"ID":590108113,"LocalID":0,"Type":"text","Value":"Rouge Paris","CategoryFeatureId":"105226","CategoryFeatureGroupID":"12078","SortNo":"48","PresentationValue":"Rouge Paris","RawValue":"Rouge Paris","LocalValue":"Rouge Paris","Description":"","Mandatory":"1","Searchable":"0","Optional":"0","Feature":{"ID":"17956","Sign":"","Measure":{"ID":"29","Sign":"","Signs":{"ID":"","_":"","Language":"EN"}},"Name":{"Value":"Colour name","Language":"EN"}}},{"Localized":0,"ID":590108117,"LocalID":0,"Type":"numerical","Value":"1","CategoryFeatureId":"145622","CategoryFeatureGroupID":"12078","SortNo":"45","PresentationValue":"1 colours","RawValue":"1","LocalValue":"1","Description":"","Mandatory":"1","Searchable":"0","Optional":"0","Feature":{"ID":"3530","Sign":"","Measure":{"ID":"375","Sign":"","Signs":{"ID":"30608","_":"colours","Language":"EN"}},"Name":{"Value":"Number of colours","Language":"EN"}}},{"Localized":0,"ID":590108120,"LocalID":0,"Type":"dropdown","Value":"Matte","CategoryFeatureId":"145871","CategoryFeatureGroupID":"12078","SortNo":"44","PresentationValue":"Matte","RawValue":"Matte","LocalValue":"Matte","Description":"","Mandatory":"0","Searchable":"0","Optional":"0","Feature":{"ID":"12230","Sign":"","Measure":{"ID":"29","Sign":"","Signs":{"ID":"","_":"","Language":"EN"}},"Name":{"Value":"Finishing","Language":"EN"}}},{"Localized":0,"ID":590108118,"LocalID":0,"Type":"dropdown","Value":"Bottle","CategoryFeatureId":"326729","CategoryFeatureGroupID":"12078","SortNo":"44","PresentationValue":"Bottle","RawValue":"Bottle","LocalValue":"Bottle","Description":"The type of container from which the product can be dispensed, e.g. bag, tube etc.","Mandatory":"0","Searchable":"0","Optional":"0","Feature":{"ID":"17965","Sign":"","Measure":{"ID":"29","Sign":"","Signs":{"ID":"","_":"","Language":"EN"}},"Name":{"Value":"Dispenser type","Language":"EN"}}},{"Localized":0,"ID":590108112,"LocalID":0,"Type":"dropdown","Value":"High","CategoryFeatureId":"692788","CategoryFeatureGroupID":"12078","SortNo":"44","PresentationValue":"High","RawValue":"High","LocalValue":"High","Description":"","Mandatory":"0","Searchable":"0","Optional":"0","Feature":{"ID":"42861","Sign":"","Measure":{"ID":"29","Sign":"","Signs":{"ID":"","_":"","Language":"EN"}},"Name":{"Value":"Covering level","Language":"EN"}}},{"Localized":0,"ID":590108124,"LocalID":0,"Type":"dropdown","Value":"Comfort Matte","CategoryFeatureId":"173094","CategoryFeatureGroupID":"12078","SortNo":"43","PresentationValue":"Comfort Matte","RawValue":"Comfort Matte","LocalValue":"Comfort Matte","Description":"","Mandatory":"0","Searchable":"0","Optional":"0","Feature":{"ID":"27307","Sign":"","Measure":{"ID":"29","Sign":"","Signs":{"ID":"","_":"","Language":"EN"}},"Name":{"Value":"Finishing name","Language":"EN"}}},{"Localized":0,"ID":590108116,"LocalID":0,"Type":"dropdown","Value":"Liquid","CategoryFeatureId":"161799","CategoryFeatureGroupID":"12078","SortNo":"40","PresentationValue":"liquid","RawValue":"Liquid","LocalValue":"liquid","Description":"Type of substance, e.g. liquid.","Mandatory":"0","Searchable":"0","Optional":"0","Feature":{"ID":"5658","Sign":"","Measure":{"ID":"29","Sign":"","Signs":{"ID":"","_":"","Language":"EN"}},"Name":{"Value":"Substance","Language":"EN"}}},{"Localized":0,"ID":590108127,"LocalID":0,"Type":"multi_dropdown","Value":"Coloring,Moisturizing","CategoryFeatureId":"145874","CategoryFeatureGroupID":"12078","SortNo":"37","PresentationValue":"Coloring, Moisturizing","RawValue":"Coloring,Moisturizing","LocalValue":"Coloring, Moisturizing","Description":"","Mandatory":"1","Searchable":"0","Optional":"0","Feature":{"ID":"23716","Sign":"","Measure":{"ID":"29","Sign":"","Signs":{"ID":"","_":"","Language":"EN"}},"Name":{"Value":"Lipstick effect","Language":"EN"}}},{"Localized":0,"ID":590108125,"LocalID":0,"Type":"dropdown","Value":"Hyaluronic acid","CategoryFeatureId":"145873","CategoryFeatureGroupID":"12078","SortNo":"35","PresentationValue":"Hyaluronic acid","RawValue":"Hyaluronic acid","LocalValue":"Hyaluronic acid","Description":"","Mandatory":"0","Searchable":"0","Optional":"0","Feature":{"ID":"18005","Sign":"","Measure":{"ID":"29","Sign":"","Signs":{"ID":"","_":"","Language":"EN"}},"Name":{"Value":"Constitutive ingredients","Language":"EN"}}},{"Localized":0,"ID":590108114,"LocalID":0,"Type":"y_n","Value":"Y","CategoryFeatureId":"148582","CategoryFeatureGroupID":"12078","SortNo":"10","PresentationValue":"Yes","RawValue":"Y","LocalValue":"Yes","Description":"","Mandatory":"0","Searchable":"0","Optional":"0","Feature":{"ID":"22301","Sign":"","Measure":{"ID":"26","Sign":"","Signs":{"ID":"","_":"","Language":"EN"}},"Name":{"Value":"Non-sticky","Language":"EN"}}},{"Localized":0,"ID":590108111,"LocalID":0,"Type":"y_n","Value":"Y","CategoryFeatureId":"150298","CategoryFeatureGroupID":"12078","SortNo":"10","PresentationValue":"Yes","RawValue":"Y","LocalValue":"Yes","Description":"","Mandatory":"0","Searchable":"0","Optional":"0","Feature":{"ID":"18071","Sign":"","Measure":{"ID":"26","Sign":"","Signs":{"ID":"","_":"","Language":"EN"}},"Name":{"Value":"Long-lasting","Language":"EN"}}},{"Localized":0,"ID":590108123,"LocalID":0,"Type":"y_n","Value":"Y","CategoryFeatureId":"801661","CategoryFeatureGroupID":"12078","SortNo":"7","PresentationValue":"Yes","RawValue":"Y","LocalValue":"Yes","Description":"","Mandatory":"0","Searchable":"0","Optional":"0","Feature":{"ID":"41954","Sign":"","Measure":{"ID":"26","Sign":"","Signs":{"ID":"","_":"","Language":"EN"}},"Name":{"Value":"Transfer-resistant","Language":"EN"}}},{"Localized":0,"ID":590108119,"LocalID":0,"Type":"numerical","Value":"16","CategoryFeatureId":"109037","CategoryFeatureGroupID":"12078","SortNo":"0","PresentationValue":"16 h","RawValue":"16","LocalValue":"16","Description":"","Mandatory":"0","Searchable":"0","Optional":"0","Feature":{"ID":"17369","Sign":"","Measure":{"ID":"46","Sign":"","Signs":{"ID":"30","_":"h","Language":"EN"}},"Name":{"Value":"Staying time","Language":"EN"}}},{"Localized":0,"ID":590108126,"LocalID":0,"Type":"textarea","Value":"DIMETHICONE • ISODODECANE • TRIMETHYLSILOXYSILICATE • NYLON-611 / DIMETHICONE COPOLYMER • DIMETHICONE CROSSPOLYMER • C30-45 ALKYLDIMETHYLSILYL POLYPROPYLSILSESQUIOXANE • LAUROYL LYSINE • SILICA SILYLATE • PHENOXYETHANOL • ETHYLHEXYL PALMITATE • TRIETHOXYSILYLETHYL POLYDIMETHYLSILOXYETHYL DIMETHICONE • ISOPROPYL TITANIUM TRIISOSTEARATE • TRIHYDROXYSTEARIN • BENZYL ALCOHOL • SODIUM HYALURONATE • GLUCOMANNAN • PARFUM / FRAGRANCE ● [+/- MAY CONTAIN: CI 77891 / TITANIUM DIOXIDE • CI 15850 / RED 7 • CI 77491, CI 77492, CI 77499 / IRON OXIDES • CI 45380 / RED 22 LAKE • CI 45410 / RED 28 LAKE • CI 15985 / YELLOW 6 LAKE • CI 19140 / YELLOW 5 LAKE • CI 15850 / RED 6 • CI 42090 / BLUE 1 LAKE]. (F.I.L. Z70028103/1).","CategoryFeatureId":"105238","CategoryFeatureGroupID":"12078","SortNo":"-80","PresentationValue":"DIMETHICONE • ISODODECANE • TRIMETHYLSILOXYSILICATE • NYLON-611 / DIMETHICONE COPOLYMER • DIMETHICONE CROSSPOLYMER • C30-45 ALKYLDIMETHYLSILYL POLYPROPYLSILSESQUIOXANE • LAUROYL LYSINE • SILICA SILYLATE • PHENOXYETHANOL • ETHYLHEXYL PALMITATE • TRIETHOXYSILYLETHYL POLYDIMETHYLSILOXYETHYL DIMETHICONE • ISOPROPYL TITANIUM TRIISOSTEARATE • TRIHYDROXYSTEARIN • BENZYL ALCOHOL • SODIUM HYALURONATE • GLUCOMANNAN • PARFUM / FRAGRANCE ● [+/- MAY CONTAIN: CI 77891 / TITANIUM DIOXIDE • CI 15850 / RED 7 • CI 77491, CI 77492, CI 77499 / IRON OXIDES • CI 45380 / RED 22 LAKE • CI 45410 / RED 28 LAKE • CI 15985 / YELLOW 6 LAKE • CI 19140 / YELLOW 5 LAKE • CI 15850 / RED 6 • CI 42090 / BLUE 1 LAKE]. (F.I.L. Z70028103/1).","RawValue":"DIMETHICONE • ISODODECANE • TRIMETHYLSILOXYSILICATE • NYLON-611 / DIMETHICONE COPOLYMER • DIMETHICONE CROSSPOLYMER • C30-45 ALKYLDIMETHYLSILYL POLYPROPYLSILSESQUIOXANE • LAUROYL LYSINE • SILICA SILYLATE • PHENOXYETHANOL • ETHYLHEXYL PALMITATE • TRIETHOXYSILYLETHYL POLYDIMETHYLSILOXYETHYL DIMETHICONE • ISOPROPYL TITANIUM TRIISOSTEARATE • TRIHYDROXYSTEARIN • BENZYL ALCOHOL • SODIUM HYALURONATE • GLUCOMANNAN • PARFUM / FRAGRANCE ● [+/- MAY CONTAIN: CI 77891 / TITANIUM DIOXIDE • CI 15850 / RED 7 • CI 77491, CI 77492, CI 77499 / IRON OXIDES • CI 45380 / RED 22 LAKE • CI 45410 / RED 28 LAKE • CI 15985 / YELLOW 6 LAKE • CI 19140 / YELLOW 5 LAKE • CI 15850 / RED 6 • CI 42090 / BLUE 1 LAKE]. (F.I.L. Z70028103/1).","LocalValue":"DIMETHICONE • ISODODECANE • TRIMETHYLSILOXYSILICATE • NYLON-611 / DIMETHICONE COPOLYMER • DIMETHICONE CROSSPOLYMER • C30-45 ALKYLDIMETHYLSILYL POLYPROPYLSILSESQUIOXANE • LAUROYL LYSINE • SILICA SILYLATE • PHENOXYETHANOL • ETHYLHEXYL PALMITATE • TRIETHOXYSILYLETHYL POLYDIMETHYLSILOXYETHYL DIMETHICONE • ISOPROPYL TITANIUM TRIISOSTEARATE • TRIHYDROXYSTEARIN • BENZYL ALCOHOL • SODIUM HYALURONATE • GLUCOMANNAN • PARFUM / FRAGRANCE ● [+/- MAY CONTAIN: CI 77891 / TITANIUM DIOXIDE • CI 15850 / RED 7 • CI 77491, CI 77492, CI 77499 / IRON OXIDES • CI 45380 / RED 22 LAKE • CI 45410 / RED 28 LAKE • CI 15985 / YELLOW 6 LAKE • CI 19140 / YELLOW 5 LAKE • CI 15850 / RED 6 • CI 42090 / BLUE 1 LAKE]. (F.I.L. Z70028103/1).","Description":"","Mandatory":"0","Searchable":"0","Optional":"0","Feature":{"ID":"16908","Sign":"","Measure":{"ID":"29","Sign":"","Signs":{"ID":"","_":"","Language":"EN"}},"Name":{"Value":"Ingredients","Language":"EN"}}}]},{"ID":15807,"SortNo":"-30","FeatureGroup":{"ID":"116","Name":{"Value":"Packaging content","Language":"EN"}},"Features":[{"Localized":0,"ID":590108122,"LocalID":0,"Type":"y_n","Value":"Y","CategoryFeatureId":"145623","CategoryFeatureGroupID":"15807","SortNo":"0","PresentationValue":"Yes","RawValue":"Y","LocalValue":"Yes","Description":"","Mandatory":"0","Searchable":"0","Optional":"0","Feature":{"ID":"14709","Sign":"","Measure":{"ID":"26","Sign":"","Signs":{"ID":"","_":"","Language":"EN"}},"Name":{"Value":"Brush","Language":"EN"}}},{"Localized":0,"ID":590108115,"LocalID":0,"Type":"numerical","Value":"1","CategoryFeatureId":"105233","CategoryFeatureGroupID":"15807","SortNo":"-150","PresentationValue":"1 pc(s)","RawValue":"1","LocalValue":"1","Description":"The number of products that are included in the package.","Mandatory":"1","Searchable":"0","Optional":"0","Feature":{"ID":"5456","Sign":"","Measure":{"ID":"144","Sign":"","Signs":{"ID":"125","_":"pc(s)","Language":"EN"}},"Name":{"Value":"Number of products included","Language":"EN"}}}]}],"FeatureLogos":[],"ReasonsToBuy":[],"Reviews":[],"ProductRelated":[],"CatalogObjectCloud":{},"Variants":[],"ProductStory":[],"Dictionary":{"model_name":"Product name","desc":"Description","ean_code":"EAN/UPC code","flash360":"3D tour","demo_msg_part3":"If you don't have an Icecat account, please register here for free.","repairability_index":"Repairability index","zoom_panel_init":"Original size","cat_name":"Category","product_family":"Product family","back_to_top":"Back to top","zoom_panel_out":"Zoom out","specs":"Specs","eu_product_fiche":"EU Product Fiche","reviews_head_name":"Reviews","pdf_specs":"Product Brochure","zoom_panel_in":"Zoom in","html_content":"","release_date":"Release date","demo_msg_part1":"You are using now a Demo account. Please, use your own Icecat account","demo_insert_desc":"This is a demo of a seamless insert of an Icecat LIVE product data-sheet in your website. Imagine that this responsive data-sheet is included in the product page of your webshop.","pdf_url":"User manual","prod_code":"Product code","supplier_name":"Brand","video":"Video","reasons_to_buy":"Reasons to buy","marketing_text":"Description","options_head_name":"Options","product_series":"Product series","demo_msg_part2":"your Icecat login name","link_integrate_desk":"How to integrate Icecat LIVE JavaScript.","zoom_panel_dragg":"Mouse dragging","eu_energy_label":"EU Energy Label"},"DemoAccount":false}}