{"msg":"OK","data":{"GeneralInfo":{"IcecatId":134704543,"ReleaseDate":"","EndOfLifeDate":"","Title":"Vicks VapoRub Advanced Plus Cough Suppressant and Topical Analgesic Medicated Ointment","TitleInfo":{"GeneratedIntTitle":"Vicks VapoRub cough medicine","GeneratedLocalTitle":{"Value":"Vicks VapoRub cough medicine 80 g External use Adults & Children","Language":"EN"},"BrandLocalTitle":{"Value":"Vicks VapoRub Advanced Plus Cough Suppressant and Topical Analgesic Medicated Ointment","Language":"EN"}},"Brand":"Vicks","BrandID":"1366","BrandLogo":"","BrandInfo":{"BrandName":"Vicks","BrandLocalName":"","BrandLogo":""},"ProductName":"VapoRub Advanced Plus Cough Suppressant and Topical Analgesic Medicated Ointment","ProductNameInfo":{"ProductIntName":"VapoRub","ProductLocalName":{"Value":"VapoRub Advanced Plus Cough Suppressant and Topical Analgesic Medicated Ointment","Language":"EN"}},"BrandPartCode":"323900030862","GTIN":["0323900030862","323900030862"],"Category":{"CategoryID":"5044","Name":{"Value":"Cough Medicines","Language":"EN"}},"ProductFamily":{},"ProductSeries":{"SeriesID":"1"},"Description":{"ID":"104053036","LongDesc":"Vicks VapoRub Advanced Plus is brought to you by Vicks, the World's #1 Selling OTC Cough & Cold Brand*! VapoRub Advanced Plus is a topical cough medicine that is clinicially proven to relieve coughs associated with the common cold. It contains active release vapors that last up to 8 hours and is specially formulated with three active cough suppressants: menthol, camphor, and eucalyptus oil. To use VapoRub Advanced Plus cough rub, rub a thick layer of the medicated ointment on your chest and throat to temporarily relieve cough due to minor throat and bronchial irritation associated with the common cold. Keep clothing loose around throat and chest to allow the Vicks Vapors to reach the nose and mouth and go straight to the source of your cough. Use up to three times daily or as directed by a doctor for soothing and comforting relief. VapoRub Advanced Plus can also be used as a topical analgesic to temporarily relieve minor aches and pains in your muscles and joints. To use for muscle and joint aches and pains: apply to affected area not more than three to four times daily.","LongProductName":"Advanced Plus Cough Suppressant and Topical Analgesic Medicated Ointment","MiddleDesc":"","Disclaimer":"","ManualPDFURL":"","ManualPDFSize":"0","LeafletPDFURL":"","PDFSize":"0","URL":"https://vicks.com/en-us/shop-products/vapo/vaporub-advanced-plus","WarrantyInfo":"","Updated":"2025-09-09 16:01:43","Language":"EN"},"SummaryDescription":{"ShortSummaryDescription":"Vicks VapoRub Advanced Plus Cough Suppressant and Topical Analgesic Medicated Ointment, External use, Adults & Children, Ointment, 80 g, 2 yr(s), Camphor, Eucalyptus oil, Menthol","LongSummaryDescription":"Vicks VapoRub Advanced Plus Cough Suppressant and Topical Analgesic Medicated Ointment. Proper use: External use, Target audience: Adults & Children, Dosage form: Ointment"},"BulletPoints":{},"GeneratedBulletPoints":{},"GTINs":[{"GTIN":"0323900030862","IsApproved":true},{"GTIN":"323900030862","IsApproved":true}]},"Image":{"HighPic":"https://inishop.com/img/gallery/bc3eaa32db1109cb7564621d493ba720fcbb1023.jpg","HighPicSize":"1363337","HighPicHeight":"3000","HighPicWidth":"3000","LowPic":"https://inishop.com/img/gallery_lows/835302aa3a022100c20e1e2712a844c9e200f1b5.jpg","LowPicSize":"37107","LowPicHeight":"200","LowPicWidth":"200","Pic500x500":"https://inishop.com/img/gallery_mediums/20da77378ff88cc05234c9c528a7004b9e962969.jpg","Pic500x500Size":"151206","Pic500x500Height":"500","Pic500x500Width":"500","ThumbPic":"https://inishop.com/img/gallery_thumbs/43fae13c995fdc34c6660f29652aa8fe64b96172.jpg","ThumbPicSize":"7738"},"Multimedia":[],"Gallery":[{"ID":"117114841","LowPic":"https://inishop.com/img/gallery_lows/835302aa3a022100c20e1e2712a844c9e200f1b5.jpg","LowSize":"37107","LowHeight":"200","LowWidth":"200","ThumbPic":"https://inishop.com/img/gallery_thumbs/43fae13c995fdc34c6660f29652aa8fe64b96172.jpg","ThumbPicSize":"7738","Pic":"https://inishop.com/img/gallery/bc3eaa32db1109cb7564621d493ba720fcbb1023.jpg","Size":"1363337","PicHeight":"3000","PicWidth":"3000","Pic500x500":"https://inishop.com/img/gallery_mediums/20da77378ff88cc05234c9c528a7004b9e962969.jpg","Pic500x500Size":"151206","Pic500x500Height":"500","Pic500x500Width":"500","No":"1","IsMain":"Y","Updated":"2025-09-09 15:58:11","IsPrivate":"0","Type":"ProductImage","Attributes":{"OriginalFileName":""}},{"ID":"117114875","LowPic":"https://inishop.com/img/gallery_lows/74f621d51e79060e25a1904661a3d4363346676c.jpg","LowSize":"44265","LowHeight":"200","LowWidth":"200","ThumbPic":"https://inishop.com/img/gallery_thumbs/21f1830a308d1048670eda9433306b1e3a602f97.jpg","ThumbPicSize":"10526","Pic":"https://inishop.com/img/gallery/274ba36a1c58893dacb96e163b440226098c4d3d.jpg","Size":"1029151","PicHeight":"2548","PicWidth":"2548","Pic500x500":"https://inishop.com/img/gallery_mediums/b257c36f1c1817396636311fa5aa35b710e12b65.jpg","Pic500x500Size":"176589","Pic500x500Height":"500","Pic500x500Width":"500","No":"2","IsMain":"N","Updated":"2025-09-09 15:58:51","IsPrivate":"0","Type":"Other","Attributes":{"OriginalFileName":""}},{"ID":"117114876","LowPic":"https://inishop.com/img/gallery_lows/4399fae270b7a93ee073b91bcc9bd4109e469782.jpg","LowSize":"47258","LowHeight":"200","LowWidth":"200","ThumbPic":"https://inishop.com/img/gallery_thumbs/cf349fce0019b527cbeef909f9c44faf3c277561.jpg","ThumbPicSize":"9575","Pic":"https://inishop.com/img/gallery/1055744353ac1895026216a85eacaa97a8af7b38.jpg","Size":"3563391","PicHeight":"2548","PicWidth":"2548","Pic500x500":"https://inishop.com/img/gallery_mediums/9cbd2163c7b8f1b40731422349d669a3791fbd1b.jpg","Pic500x500Size":"225059","Pic500x500Height":"500","Pic500x500Width":"500","No":"3","IsMain":"N","Updated":"2025-09-09 15:58:53","IsPrivate":"0","Type":"Other","Attributes":{"OriginalFileName":""}},{"ID":"117114877","LowPic":"https://inishop.com/img/gallery_lows/b104b788d42d8881d92fe3fdd45368aa8140445d.jpg","LowSize":"34264","LowHeight":"200","LowWidth":"200","ThumbPic":"https://inishop.com/img/gallery_thumbs/cc329bce57030343fd089e824c388fa6338da4ea.jpg","ThumbPicSize":"7028","Pic":"https://inishop.com/img/gallery/2f98cf362f96d7c905e431fd5e6a77429c9143d2.jpg","Size":"837955","PicHeight":"2548","PicWidth":"2548","Pic500x500":"https://inishop.com/img/gallery_mediums/e3d1f9893825009824154cd13f9712284a2d99ce.jpg","Pic500x500Size":"126002","Pic500x500Height":"500","Pic500x500Width":"500","No":"4","IsMain":"N","Updated":"2025-09-09 15:58:56","IsPrivate":"0","Type":"Other","Attributes":{"OriginalFileName":""}},{"ID":"117114879","LowPic":"https://inishop.com/img/gallery_lows/696f2ebcca83e7db8de80608ed89a29b8fdac194.jpg","LowSize":"31292","LowHeight":"200","LowWidth":"200","ThumbPic":"https://inishop.com/img/gallery_thumbs/e6ca5e0b0186a6b9ccacd3336a7f1159005b1024.jpg","ThumbPicSize":"6662","Pic":"https://inishop.com/img/gallery/e2aa27d0bae79f562406f11431a2b33e5528c674.jpg","Size":"650912","PicHeight":"2548","PicWidth":"2548","Pic500x500":"https://inishop.com/img/gallery_mediums/49c2e64d59bd556b202675c529a38d34dc238df4.jpg","Pic500x500Size":"114292","Pic500x500Height":"500","Pic500x500Width":"500","No":"5","IsMain":"N","Updated":"2025-09-09 15:59:02","IsPrivate":"0","Type":"Other","Attributes":{"OriginalFileName":""}}],"FeaturesGroups":[{"ID":18224,"SortNo":"5","FeatureGroup":{"ID":"185","Name":{"Value":"Features","Language":"EN"}},"Features":[{"Localized":0,"ID":835292084,"LocalID":0,"Type":"numerical","Value":"80","CategoryFeatureId":"167794","CategoryFeatureGroupID":"18224","SortNo":"250","PresentationValue":"80 g","RawValue":"80","LocalValue":"80","Description":"Maximum amount that something can contain.","Mandatory":"0","Searchable":"0","Optional":"0","Feature":{"ID":"5255","Sign":"","Measure":{"ID":"38","Sign":"","Signs":{"ID":"22","_":"g","Language":"EN"}},"Name":{"Value":"Capacity","Language":"EN"}}},{"Localized":0,"ID":835291987,"LocalID":0,"Type":"dropdown","Value":"External use","CategoryFeatureId":"167782","CategoryFeatureGroupID":"18224","SortNo":"100","PresentationValue":"External use","RawValue":"External use","LocalValue":"External use","Description":"The intended application of the product.","Mandatory":"1","Searchable":"1","Optional":"0","Feature":{"ID":"2987","Sign":"","Measure":{"ID":"29","Sign":"","Signs":{"ID":"","_":"","Language":"EN"}},"Name":{"Value":"Proper use","Language":"EN"}}},{"Localized":0,"ID":835291990,"LocalID":0,"Type":"dropdown","Value":"Adults & Children","CategoryFeatureId":"167784","CategoryFeatureGroupID":"18224","SortNo":"95","PresentationValue":"Adults & Children","RawValue":"Adults & Children","LocalValue":"Adults & Children","Description":"","Mandatory":"1","Searchable":"1","Optional":"0","Feature":{"ID":"21228","Sign":"","Measure":{"ID":"29","Sign":"","Signs":{"ID":"","_":"","Language":"EN"}},"Name":{"Value":"Target audience","Language":"EN"}}},{"Localized":0,"ID":836205490,"LocalID":0,"Type":"dropdown","Value":"Ointment","CategoryFeatureId":"167783","CategoryFeatureGroupID":"18224","SortNo":"90","PresentationValue":"Ointment","RawValue":"Ointment","LocalValue":"Ointment","Description":"","Mandatory":"1","Searchable":"1","Optional":"0","Feature":{"ID":"25712","Sign":"","Measure":{"ID":"29","Sign":"","Signs":{"ID":"","_":"","Language":"EN"}},"Name":{"Value":"Dosage form","Language":"EN"}}},{"Localized":0,"ID":835291979,"LocalID":0,"Type":"numerical","Value":"2","CategoryFeatureId":"167786","CategoryFeatureGroupID":"18224","SortNo":"90","PresentationValue":"2 yr(s)","RawValue":"2","LocalValue":"2","Description":"The minimum age suitable for using this product.","Mandatory":"0","Searchable":"0","Optional":"0","Feature":{"ID":"7769","Sign":"","Measure":{"ID":"439","Sign":"","Signs":{"ID":"39428","_":"yr(s)","Language":"EN"}},"Name":{"Value":"Minimum age","Language":"EN"}}},{"Localized":0,"ID":835891015,"LocalID":0,"Type":"dropdown","Value":"Camphor,Eucalyptus oil,Menthol","CategoryFeatureId":"167796","CategoryFeatureGroupID":"18224","SortNo":"86","PresentationValue":"Camphor, Eucalyptus oil, Menthol","RawValue":"Camphor,Eucalyptus oil,Menthol","LocalValue":"Camphor, Eucalyptus oil, Menthol","Description":"","Mandatory":"0","Searchable":"0","Optional":"0","Feature":{"ID":"18005","Sign":"","Measure":{"ID":"29","Sign":"","Signs":{"ID":"","_":"","Language":"EN"}},"Name":{"Value":"Constitutive ingredients","Language":"EN"}}},{"Localized":0,"ID":835292091,"LocalID":0,"Type":"dropdown","Value":"Pot","CategoryFeatureId":"167792","CategoryFeatureGroupID":"18224","SortNo":"80","PresentationValue":"Pot","RawValue":"Pot","LocalValue":"Pot","Description":"The type of container from which the product can be dispensed, e.g. bag, tube etc.","Mandatory":"0","Searchable":"0","Optional":"0","Feature":{"ID":"17965","Sign":"","Measure":{"ID":"29","Sign":"","Signs":{"ID":"","_":"","Language":"EN"}},"Name":{"Value":"Dispenser type","Language":"EN"}}},{"Localized":1,"ID":0,"LocalID":554061197,"Type":"textarea","Value":"","CategoryFeatureId":"167788","CategoryFeatureGroupID":"18224","SortNo":"-5","PresentationValue":"Camphor (synthetic) 4.8% (Cough suppressant and topical analgesic) Eucalyptus oil 1.2% (Cough suppressant) Menthol 2.6% (Cough suppressant and topical analgesic)","RawValue":"","LocalValue":"Camphor (synthetic) 4.8% (Cough suppressant and topical analgesic) Eucalyptus oil 1.2% (Cough suppressant) Menthol 2.6% (Cough suppressant and topical analgesic)","Description":"","Mandatory":"0","Searchable":"0","Optional":"0","Feature":{"ID":"16908","Sign":"","Measure":{"ID":"29","Sign":"","Signs":{"ID":"","_":"","Language":"EN"}},"Name":{"Value":"Ingredients","Language":"EN"}}},{"Localized":1,"ID":0,"LocalID":554061198,"Type":"textarea","Value":"","CategoryFeatureId":"167790","CategoryFeatureGroupID":"18224","SortNo":"-15","PresentationValue":"Adults and children 2 years and over:\n\nFor cough suppression:\n\nRub a thick layer on throat and chest\n\nCover with a warm, dry cloth if desired\n\nKeep clothing loose about throat and chest to help vapors reach the nose and mouth\n\nUse up to three times daily or as directed by doctor\n\nFor muscle / joint minor aches and pains:\n\nApply to affected area not more than 3 to 4 times daily\n\nChildren under 2 years: do not use","RawValue":"","LocalValue":"Adults and children 2 years and over:\n\nFor cough suppression:\n\nRub a thick layer on throat and chest\n\nCover with a warm, dry cloth if desired\n\nKeep clothing loose about throat and chest to help vapors reach the nose and mouth\n\nUse up to three times daily or as directed by doctor\n\nFor muscle / joint minor aches and pains:\n\nApply to affected area not more than 3 to 4 times daily\n\nChildren under 2 years: do not use","Description":"","Mandatory":"0","Searchable":"0","Optional":"0","Feature":{"ID":"24555","Sign":"","Measure":{"ID":"29","Sign":"","Signs":{"ID":"","_":"","Language":"EN"}},"Name":{"Value":"How to use","Language":"EN"}}}]}],"FeatureLogos":[],"ReasonsToBuy":[],"Reviews":[],"ProductRelated":[],"CatalogObjectCloud":{},"Variants":[],"ProductStory":[],"Dictionary":{"model_name":"Product name","desc":"Description","ean_code":"EAN/UPC code","flash360":"3D tour","demo_msg_part3":"If you don't have an Icecat account, please register here for free.","repairability_index":"Repairability index","zoom_panel_init":"Original size","cat_name":"Category","product_family":"Product family","back_to_top":"Back to top","zoom_panel_out":"Zoom out","specs":"Specs","eu_product_fiche":"EU Product Fiche","reviews_head_name":"Reviews","pdf_specs":"Product Brochure","zoom_panel_in":"Zoom in","html_content":"","release_date":"Release date","demo_msg_part1":"You are using now a Demo account. Please, use your own Icecat account","demo_insert_desc":"This is a demo of a seamless insert of an Icecat LIVE product data-sheet in your website. Imagine that this responsive data-sheet is included in the product page of your webshop.","pdf_url":"User manual","prod_code":"Product code","supplier_name":"Brand","video":"Video","reasons_to_buy":"Reasons to buy","marketing_text":"Description","options_head_name":"Options","product_series":"Product series","demo_msg_part2":"your Icecat login name","link_integrate_desk":"How to integrate Icecat LIVE JavaScript.","zoom_panel_dragg":"Mouse dragging","eu_energy_label":"EU Energy Label"},"DemoAccount":false}}