{"msg":"OK","data":{"GeneralInfo":{"IcecatId":101927705,"ReleaseDate":"","EndOfLifeDate":"","Title":"Hills t/d Chicken Flavor Dry Dog Food","TitleInfo":{"GeneratedIntTitle":"Hills Prescription Diet","GeneratedLocalTitle":{"Value":"Hills Prescription Diet 4 kg Adult","Language":"EN"},"BrandLocalTitle":{"Value":"Hills t/d Chicken Flavor Dry Dog Food","Language":"EN"}},"Brand":"Hills","BrandID":"21320","BrandLogo":"","BrandInfo":{"BrandName":"Hills","BrandLocalName":"","BrandLogo":""},"ProductName":"t/d Chicken Flavor Dry Dog Food","ProductNameInfo":{"ProductIntName":"Prescription Diet","ProductLocalName":{"Value":"t/d Chicken Flavor Dry Dog Food","Language":"EN"}},"BrandPartCode":"4013","GTIN":["0052742401300","052742401300"],"Category":{"CategoryID":"3398","Name":{"Value":"Dogs Dry Food","Language":"EN"}},"ProductFamily":{},"ProductSeries":{"SeriesID":"1"},"Description":{"ID":"88432863","LongDesc":"Hill's Prescription Diet t/d Dog Dry Food is clinically proven nutrition to reduce plaque, stain & tartar buildup and cleans right up to the gum line. It works like a toothbrush, dental floss and mouthwash all in one and is formulated as a complete and balanced nutritional solution for your dog's daily health regimen. Exclusive feeding of Hill's Prescription Diet t/d Dog Dry Food has been shown to be more effective than toothbrushing.<br><br>Hill's Prescription Diet t/d Dry Dog Food is clinically proven to reduce plaque, stain & tartar buildup and clean up to the gum line. It works like a toothbrush, dental floss and mouthwash all in one and is formulated as a complete and balanced nutritional solution for your dog's daily health regimen.<br><br>The kibble contains clinically proven triple action fiber matrix technology to remove plaque, stain & tartar buildup. The special matrix of fibers scrub the tooth to remove plaque which helps freshen breath and whiten teeth. The large kibble size, shape and texture cleans the teeth to the gum line to promote healthy gums and teeth. Exclusive feeding of Hill's Prescription Diet t/d Dog Dry Food has been shown to be more effective than toothbrushing. Hill's nutritionists & veterinarians developed Prescription Diet t/d clinical nutrition to promote healthy gums and teeth and support your dog's overall health.<br><br>Hill's Prescription Diet t/d Dry Dog Food is accepted as the ONLY therapeutic nutrition for proven reduction in buildup of both plaque & tartar by Veterinary Oral Health Council (VOHC).*<br><br><b>How it works:</b><br>Clinically proven triple action fiber matrix technology<br>- Unique kibble size, shape and texture helps clean right to the gum line<br>- Complete & balanced nutrition with clinically proven antioxidants<br>- Accepted for the reduction of buildup of both plaque & tartar by Veterinary Oral Health Council (VOHC)<br><br><b>How it helps:</b><br>- Cleans teeth & freshens breath by removing plaque and tartar buildup<br>- Promotes healthy gums by cleaning up to the gum line<br>- Vital nutrition for your dog's daily health and immune system support<br>- Recommended for lifelong feeding of adult dogs<br>- S+OXSHIELD: Formulated to promote a urinary environment that reduces the risk of developing struvite & calcium oxalate crystals<br><br>Hill's Prescription Diet t/d Dry Dog Food is a complete and balanced food that provides all the nutrition your dog needs. Please consult your veterinarian for further information on how our Prescription Diet foods can help your dog to continue to enjoy a happy and active life.<br><br>","LongProductName":"Prescription Diet t/d Chicken Flavor Dry Dog Food","MiddleDesc":"","Disclaimer":"","ManualPDFURL":"","ManualPDFSize":"0","LeafletPDFURL":"","PDFSize":"0","URL":"https://www.hillspet.com/dog-food/pd-td-canine-dry","WarrantyInfo":"","Updated":"2025-09-08 16:29:52","Language":"EN"},"SummaryDescription":{"ShortSummaryDescription":"Hills t/d Chicken Flavor Dry Dog Food, Adult, Chicken, 4 kg","LongSummaryDescription":"Hills t/d Chicken Flavor Dry Dog Food. Pet life stage: Adult, Pet food flavor: Chicken, Weight: 4 kg"},"BulletPoints":{},"GeneratedBulletPoints":{},"GTINs":[{"GTIN":"0052742401300","IsApproved":true},{"GTIN":"052742401300","IsApproved":true}]},"Image":{"HighPic":"https://inishop.com/img/gallery/251d74e97318c2d5510144c0629982cb3a243dcf.jpg","HighPicSize":"437733","HighPicHeight":"1553","HighPicWidth":"954","LowPic":"https://inishop.com/img/gallery_lows/2a79cf8eb94d2b43e0d8b2a39276f47b1eb9630f.jpg","LowPicSize":"19526","LowPicHeight":"200","LowPicWidth":"123","Pic500x500":"https://inishop.com/img/gallery_mediums/6988d2cf2f46bf6acd301045866b7d2a76eea635.jpg","Pic500x500Size":"75306","Pic500x500Height":"500","Pic500x500Width":"307","ThumbPic":"https://inishop.com/img/gallery_thumbs/0b72557926e766466b88d4b3ad56f8b400a2a412.jpg","ThumbPicSize":"4688"},"Multimedia":[{"ID":"932354AD-1E63-4C9A-8CD2-BAB1CE154A87","URL":"https://vimeo.com/672768609?fl=pl&fe=sh?access=qOE94axdzRIZxhJpiNDmnB5eqYxp00zajXTwTmk121GajfXBgzE768SwHBC7uhTk","Type":"video/mp4","ContentType":"text/html","KeepAsUrl":"1","Description":"Prescription Diet t/d","Size":"7826","IsPrivate":"0","Updated":"2025-09-08 16:34:23","Language":"EN","IsVideo":1,"ThumbUrl":"","PreviewUrl":""}],"Gallery":[{"ID":"66961482","LowPic":"https://inishop.com/img/gallery_lows/2a79cf8eb94d2b43e0d8b2a39276f47b1eb9630f.jpg","LowSize":"19526","LowHeight":"200","LowWidth":"123","ThumbPic":"https://inishop.com/img/gallery_thumbs/0b72557926e766466b88d4b3ad56f8b400a2a412.jpg","ThumbPicSize":"4688","Pic":"https://inishop.com/img/gallery/251d74e97318c2d5510144c0629982cb3a243dcf.jpg","Size":"437733","PicHeight":"1553","PicWidth":"954","Pic500x500":"https://inishop.com/img/gallery_mediums/6988d2cf2f46bf6acd301045866b7d2a76eea635.jpg","Pic500x500Size":"75306","Pic500x500Height":"500","Pic500x500Width":"307","No":"1","IsMain":"Y","Updated":"2025-09-08 16:29:59","IsPrivate":"0","Type":"ProductImage","Attributes":{"OriginalFileName":""}},{"ID":"66961483","LowPic":"https://inishop.com/img/gallery_lows/0927217ae1274c05dd2b15125bdc87ba777042cb.jpg","LowSize":"21854","LowHeight":"200","LowWidth":"123","ThumbPic":"https://inishop.com/img/gallery_thumbs/27d6aa4074c46b708e7c8efe9d225b0adcb8f0e0.jpg","ThumbPicSize":"4984","Pic":"https://inishop.com/img/gallery/cb6a815b64b0cf69c9462da8773de223556c27ee.jpg","Size":"725260","PicHeight":"1553","PicWidth":"954","Pic500x500":"https://inishop.com/img/gallery_mediums/74fcbc7607a2f526d45852db08133b8424887fc1.jpg","Pic500x500Size":"105709","Pic500x500Height":"500","Pic500x500Width":"307","No":"2","IsMain":"N","Updated":"2025-09-08 16:30:04","IsPrivate":"0","Type":"ProductImage","Attributes":{"OriginalFileName":""}},{"ID":"117083653","LowPic":"https://inishop.com/img/gallery_lows/101927705_4821681751.jpg","LowSize":"19948","LowHeight":"200","LowWidth":"200","ThumbPic":"https://inishop.com/img/gallery_thumbs/101927705_4821681751.jpg","ThumbPicSize":"5769","Pic":"https://inishop.com/img/gallery/101927705_4821681751.jpg","Size":"56626","PicHeight":"500","PicWidth":"500","Pic500x500":"https://inishop.com/img/gallery_mediums/101927705_4821681751.jpg","Pic500x500Size":"56626","Pic500x500Height":"500","Pic500x500Width":"500","No":"3","IsMain":"N","Updated":"2025-09-08 16:33:17","IsPrivate":"0","Type":"ProductImageAnnotated","Attributes":{"OriginalFileName":""}},{"ID":"117083654","LowPic":"https://inishop.com/img/gallery_lows/101927705_6663133484.jpg","LowSize":"29002","LowHeight":"200","LowWidth":"200","ThumbPic":"https://inishop.com/img/gallery_thumbs/101927705_6663133484.jpg","ThumbPicSize":"6398","Pic":"https://inishop.com/img/gallery/101927705_6663133484.jpg","Size":"97738","PicHeight":"500","PicWidth":"500","Pic500x500":"https://inishop.com/img/gallery_mediums/101927705_6663133484.jpg","Pic500x500Size":"97738","Pic500x500Height":"500","Pic500x500Width":"500","No":"4","IsMain":"N","Updated":"2025-09-08 16:33:21","IsPrivate":"0","Type":"ProductImageAnnotated","Attributes":{"OriginalFileName":""}},{"ID":"117083661","LowPic":"https://inishop.com/img/gallery_lows/101927705_4956135630.jpg","LowSize":"35739","LowHeight":"200","LowWidth":"200","ThumbPic":"https://inishop.com/img/gallery_thumbs/101927705_4956135630.jpg","ThumbPicSize":"8324","Pic":"https://inishop.com/img/gallery/101927705_4956135630.jpg","Size":"117110","PicHeight":"500","PicWidth":"500","Pic500x500":"https://inishop.com/img/gallery_mediums/101927705_4956135630.jpg","Pic500x500Size":"117110","Pic500x500Height":"500","Pic500x500Width":"500","No":"5","IsMain":"N","Updated":"2025-09-08 16:33:25","IsPrivate":"0","Type":"ProductImageAnnotated","Attributes":{"OriginalFileName":""}},{"ID":"117083666","LowPic":"https://inishop.com/img/gallery_lows/101927705_2600969689.jpg","LowSize":"37560","LowHeight":"200","LowWidth":"200","ThumbPic":"https://inishop.com/img/gallery_thumbs/101927705_2600969689.jpg","ThumbPicSize":"7951","Pic":"https://inishop.com/img/gallery/101927705_2600969689.jpg","Size":"124577","PicHeight":"500","PicWidth":"500","Pic500x500":"https://inishop.com/img/gallery_mediums/101927705_2600969689.jpg","Pic500x500Size":"124577","Pic500x500Height":"500","Pic500x500Width":"500","No":"6","IsMain":"N","Updated":"2025-09-08 16:33:29","IsPrivate":"0","Type":"ProductImageAnnotated","Attributes":{"OriginalFileName":""}},{"ID":"117083668","LowPic":"https://inishop.com/img/gallery_lows/101927705_0341141609.jpg","LowSize":"27932","LowHeight":"200","LowWidth":"200","ThumbPic":"https://inishop.com/img/gallery_thumbs/101927705_0341141609.jpg","ThumbPicSize":"5397","Pic":"https://inishop.com/img/gallery/101927705_0341141609.jpg","Size":"109949","PicHeight":"500","PicWidth":"500","Pic500x500":"https://inishop.com/img/gallery_mediums/101927705_0341141609.jpg","Pic500x500Size":"109949","Pic500x500Height":"500","Pic500x500Width":"500","No":"7","IsMain":"N","Updated":"2025-09-08 16:33:34","IsPrivate":"0","Type":"ProductImageAnnotated","Attributes":{"OriginalFileName":""}}],"FeaturesGroups":[{"ID":13305,"SortNo":"10","FeatureGroup":{"ID":"185","Name":{"Value":"Features","Language":"EN"}},"Features":[{"Localized":0,"ID":503326433,"LocalID":0,"Type":"numerical","Value":"4000","CategoryFeatureId":"189213","CategoryFeatureGroupID":"13305","SortNo":"200","PresentationValue":"4 kg","RawValue":"4000","LocalValue":"4","Description":"Weight of the product without packaging (net weight). If possible, the net weight is given including standard accessories and supplies. Please note that sometimes the manufacturer leaves out the weight of accessories and/or supplies.","Mandatory":"1","Searchable":"0","Optional":"0","Feature":{"ID":"94","Sign":"","Measure":{"ID":"38","Sign":"","Signs":{"ID":"22","_":"g","Language":"EN"}},"Name":{"Value":"Weight","Language":"EN"}}},{"Localized":0,"ID":835127672,"LocalID":0,"Type":"multi_dropdown","Value":"Vitamin A,Vitamin C,Vitamin D,Vitamin E","CategoryFeatureId":"201495","CategoryFeatureGroupID":"13305","SortNo":"175","PresentationValue":"Vitamin A, Vitamin C, Vitamin D, Vitamin E","RawValue":"Vitamin A,Vitamin C,Vitamin D,Vitamin E","LocalValue":"Vitamin A, Vitamin C, Vitamin D, Vitamin E","Description":"","Mandatory":"0","Searchable":"0","Optional":"0","Feature":{"ID":"26607","Sign":"","Measure":{"ID":"29","Sign":"","Signs":{"ID":"","_":"","Language":"EN"}},"Name":{"Value":"Includes vitamins","Language":"EN"}}},{"Localized":0,"ID":835127690,"LocalID":0,"Type":"dropdown","Value":"Dental care","CategoryFeatureId":"218723","CategoryFeatureGroupID":"13305","SortNo":"173","PresentationValue":"Dental care","RawValue":"Dental care","LocalValue":"Dental care","Description":"","Mandatory":"0","Searchable":"0","Optional":"0","Feature":{"ID":"32454","Sign":"","Measure":{"ID":"29","Sign":"","Signs":{"ID":"","_":"","Language":"EN"}},"Name":{"Value":"Health effects","Language":"EN"}}},{"Localized":0,"ID":503326429,"LocalID":0,"Type":"dropdown","Value":"Adult (animal)","CategoryFeatureId":"122907","CategoryFeatureGroupID":"13305","SortNo":"20","PresentationValue":"Adult","RawValue":"Adult (animal)","LocalValue":"Adult","Description":"","Mandatory":"1","Searchable":"1","Optional":"0","Feature":{"ID":"20700","Sign":"","Measure":{"ID":"29","Sign":"","Signs":{"ID":"","_":"","Language":"EN"}},"Name":{"Value":"Pet life stage","Language":"EN"}}},{"Localized":0,"ID":503326418,"LocalID":0,"Type":"multi_dropdown","Value":"Chicken","CategoryFeatureId":"122918","CategoryFeatureGroupID":"13305","SortNo":"17","PresentationValue":"Chicken","RawValue":"Chicken","LocalValue":"Chicken","Description":"","Mandatory":"1","Searchable":"1","Optional":"0","Feature":{"ID":"20702","Sign":"","Measure":{"ID":"29","Sign":"","Signs":{"ID":"","_":"","Language":"EN"}},"Name":{"Value":"Pet food flavor","Language":"EN"}}},{"Localized":1,"ID":0,"LocalID":548707050,"Type":"textarea","Value":"","CategoryFeatureId":"694052","CategoryFeatureGroupID":"13305","SortNo":"17","PresentationValue":"Brewers Rice, Whole Grain Corn, Chicken By-Product Meal, Powdered Cellulose, Chicken Fat, Soybean Mill Run, Egg Product, Hydrolyzed Chicken Flavor, Soybean Oil, Lactic Acid, Potassium Chloride, Calcium Sulfate, Iodized Salt, L-Lysine, vitamins (Vitamin ESupplement, L-Ascorbyl-2-Polyphosphate (source of Vitamin C), Niacin Supplement, Thiamine Mononitrate, Vitamin A Supplement, Calcium Pantothenate, Riboflavin Supplement, Biotin, Vitamin B12 Supplement, Pyridoxine Hydrochloride, Folic Acid, Vitamin D3 Supplement), Choline Chloride, DL-Methionine, minerals (Ferrous Sulfate, Zinc Oxide, Copper Sulfate, Manganous Oxide, Calcium Iodate, Sodium Selenite), Dicalcium Phosphate, Taurine, Mixed Tocopherols for freshness, Natural Flavors, Beta-Carotene.","RawValue":"","LocalValue":"Brewers Rice, Whole Grain Corn, Chicken By-Product Meal, Powdered Cellulose, Chicken Fat, Soybean Mill Run, Egg Product, Hydrolyzed Chicken Flavor, Soybean Oil, Lactic Acid, Potassium Chloride, Calcium Sulfate, Iodized Salt, L-Lysine, vitamins (Vitamin ESupplement, L-Ascorbyl-2-Polyphosphate (source of Vitamin C), Niacin Supplement, Thiamine Mononitrate, Vitamin A Supplement, Calcium Pantothenate, Riboflavin Supplement, Biotin, Vitamin B12 Supplement, Pyridoxine Hydrochloride, Folic Acid, Vitamin D3 Supplement), Choline Chloride, DL-Methionine, minerals (Ferrous Sulfate, Zinc Oxide, Copper Sulfate, Manganous Oxide, Calcium Iodate, Sodium Selenite), Dicalcium Phosphate, Taurine, Mixed Tocopherols for freshness, Natural Flavors, Beta-Carotene.","Description":"","Mandatory":"0","Searchable":"0","Optional":"0","Feature":{"ID":"16908","Sign":"","Measure":{"ID":"29","Sign":"","Signs":{"ID":"","_":"","Language":"EN"}},"Name":{"Value":"Ingredients","Language":"EN"}}},{"Localized":1,"ID":0,"LocalID":554059076,"Type":"textarea","Value":"","CategoryFeatureId":"694053","CategoryFeatureGroupID":"13305","SortNo":"16","PresentationValue":"Ask your veterinarian for specific feeding instructions for your pet. Daily Feeding Recommendations are only a guide and a place to start.Grams are the most accurate form of measurement; cups are estimated from grams.\n\nFor best results:\n\nGradually transition to this new food for 7 days or more\nExclusively feed the recommended Prescription Diet dry and wet foods\nKeep fresh water available at all times\nHave your veterinarian monitor your pet's condition\nTo prevent suffocation, keep the packaging out of the reach of pets & children","RawValue":"","LocalValue":"Ask your veterinarian for specific feeding instructions for your pet. Daily Feeding Recommendations are only a guide and a place to start.Grams are the most accurate form of measurement; cups are estimated from grams.\n\nFor best results:\n\nGradually transition to this new food for 7 days or more\nExclusively feed the recommended Prescription Diet dry and wet foods\nKeep fresh water available at all times\nHave your veterinarian monitor your pet's condition\nTo prevent suffocation, keep the packaging out of the reach of pets & children","Description":"","Mandatory":"0","Searchable":"0","Optional":"0","Feature":{"ID":"43103","Sign":"","Measure":{"ID":"29","Sign":"","Signs":{"ID":"","_":"","Language":"EN"}},"Name":{"Value":"Feeding instruction","Language":"EN"}}}]},{"ID":22475,"SortNo":"8","FeatureGroup":{"ID":"200","Name":{"Value":"Nutrition facts","Language":"EN"}},"Features":[{"Localized":0,"ID":835127615,"LocalID":0,"Type":"numerical","Value":"17.4","CategoryFeatureId":"122923","CategoryFeatureGroupID":"22475","SortNo":"100","PresentationValue":"17.4%","RawValue":"17.4","LocalValue":"17.4","Description":"","Mandatory":"0","Searchable":"0","Optional":"0","Feature":{"ID":"20705","Sign":"","Measure":{"ID":"64","Sign":"","Signs":{"ID":"47","_":"%","Language":"EN"}},"Name":{"Value":"Protein","Language":"EN"}}},{"Localized":0,"ID":835127617,"LocalID":0,"Type":"numerical","Value":"16.7","CategoryFeatureId":"122924","CategoryFeatureGroupID":"22475","SortNo":"100","PresentationValue":"16.7%","RawValue":"16.7","LocalValue":"16.7","Description":"","Mandatory":"0","Searchable":"0","Optional":"0","Feature":{"ID":"20706","Sign":"","Measure":{"ID":"64","Sign":"","Signs":{"ID":"47","_":"%","Language":"EN"}},"Name":{"Value":"Fat content","Language":"EN"}}},{"Localized":0,"ID":835127624,"LocalID":0,"Type":"numerical","Value":"10.5","CategoryFeatureId":"122926","CategoryFeatureGroupID":"22475","SortNo":"100","PresentationValue":"10.5%","RawValue":"10.5","LocalValue":"10.5","Description":"","Mandatory":"0","Searchable":"0","Optional":"0","Feature":{"ID":"20708","Sign":"","Measure":{"ID":"64","Sign":"","Signs":{"ID":"47","_":"%","Language":"EN"}},"Name":{"Value":"Crude fibres","Language":"EN"}}},{"Localized":0,"ID":835127627,"LocalID":0,"Type":"numerical","Value":"0.44","CategoryFeatureId":"201489","CategoryFeatureGroupID":"22475","SortNo":"100","PresentationValue":"0.44%","RawValue":"0.44","LocalValue":"0.44","Description":"","Mandatory":"0","Searchable":"0","Optional":"0","Feature":{"ID":"30405","Sign":"","Measure":{"ID":"64","Sign":"","Signs":{"ID":"47","_":"%","Language":"EN"}},"Name":{"Value":"Phosphorus","Language":"EN"}}},{"Localized":0,"ID":835127625,"LocalID":0,"Type":"numerical","Value":"0.58","CategoryFeatureId":"201490","CategoryFeatureGroupID":"22475","SortNo":"100","PresentationValue":"0.58%","RawValue":"0.58","LocalValue":"0.58","Description":"","Mandatory":"0","Searchable":"0","Optional":"0","Feature":{"ID":"30404","Sign":"","Measure":{"ID":"64","Sign":"","Signs":{"ID":"47","_":"%","Language":"EN"}},"Name":{"Value":"Calcium","Language":"EN"}}},{"Localized":0,"ID":835127634,"LocalID":0,"Type":"numerical","Value":"0.21","CategoryFeatureId":"201491","CategoryFeatureGroupID":"22475","SortNo":"100","PresentationValue":"0.21%","RawValue":"0.21","LocalValue":"0.21","Description":"","Mandatory":"0","Searchable":"0","Optional":"0","Feature":{"ID":"30406","Sign":"","Measure":{"ID":"64","Sign":"","Signs":{"ID":"47","_":"%","Language":"EN"}},"Name":{"Value":"Sodium","Language":"EN"}}},{"Localized":0,"ID":835127638,"LocalID":0,"Type":"numerical","Value":"0.078","CategoryFeatureId":"204245","CategoryFeatureGroupID":"22475","SortNo":"97","PresentationValue":"0.078%","RawValue":"0.078","LocalValue":"0.078","Description":"","Mandatory":"0","Searchable":"0","Optional":"0","Feature":{"ID":"30418","Sign":"","Measure":{"ID":"64","Sign":"","Signs":{"ID":"47","_":"%","Language":"EN"}},"Name":{"Value":"Magnesium content","Language":"EN"}}},{"Localized":0,"ID":835127630,"LocalID":0,"Type":"numerical","Value":"0.65","CategoryFeatureId":"205019","CategoryFeatureGroupID":"22475","SortNo":"94","PresentationValue":"0.65%","RawValue":"0.65","LocalValue":"0.65","Description":"","Mandatory":"0","Searchable":"0","Optional":"0","Feature":{"ID":"30417","Sign":"","Measure":{"ID":"64","Sign":"","Signs":{"ID":"47","_":"%","Language":"EN"}},"Name":{"Value":"Potassium content","Language":"EN"}}},{"Localized":0,"ID":835983067,"LocalID":0,"Type":"numerical","Value":"3468","CategoryFeatureId":"205024","CategoryFeatureGroupID":"22475","SortNo":"88","PresentationValue":"3468 kcal/kg","RawValue":"3468","LocalValue":"3468","Description":"","Mandatory":"0","Searchable":"0","Optional":"0","Feature":{"ID":"30773","Sign":"","Measure":{"ID":"315","Sign":"","Signs":{"ID":"21220","_":"kcal/kg","Language":"EN"}},"Name":{"Value":"Metabolisable Energy (ME)","Language":"EN"}}},{"Localized":0,"ID":835127645,"LocalID":0,"Type":"numerical","Value":"0.12","CategoryFeatureId":"205026","CategoryFeatureGroupID":"22475","SortNo":"82","PresentationValue":"0.12 mg/kg","RawValue":"0.12","LocalValue":"0.12","Description":"","Mandatory":"0","Searchable":"0","Optional":"0","Feature":{"ID":"30775","Sign":"","Measure":{"ID":"395","Sign":"","Signs":{"ID":"31867","_":"mg/kg","Language":"EN"}},"Name":{"Value":"Taurine content","Language":"EN"}}},{"Localized":0,"ID":835127656,"LocalID":0,"Type":"numerical","Value":"110","CategoryFeatureId":"205028","CategoryFeatureGroupID":"22475","SortNo":"76","PresentationValue":"110 mg/kg","RawValue":"110","LocalValue":"110","Description":"","Mandatory":"0","Searchable":"0","Optional":"0","Feature":{"ID":"30777","Sign":"","Measure":{"ID":"395","Sign":"","Signs":{"ID":"31867","_":"mg/kg","Language":"EN"}},"Name":{"Value":"Vitamin C content","Language":"EN"}}},{"Localized":0,"ID":835127649,"LocalID":0,"Type":"numerical","Value":"10217","CategoryFeatureId":"205036","CategoryFeatureGroupID":"22475","SortNo":"55","PresentationValue":"10217 IU/kg","RawValue":"10217","LocalValue":"10217","Description":"","Mandatory":"0","Searchable":"0","Optional":"0","Feature":{"ID":"30787","Sign":"","Measure":{"ID":"394","Sign":"","Signs":{"ID":"31813","_":"IU/kg","Language":"EN"}},"Name":{"Value":"Vitamin A content","Language":"EN"}}},{"Localized":0,"ID":835127664,"LocalID":0,"Type":"numerical","Value":"655","CategoryFeatureId":"205038","CategoryFeatureGroupID":"22475","SortNo":"49","PresentationValue":"655 mg/kg","RawValue":"655","LocalValue":"655","Description":"","Mandatory":"0","Searchable":"0","Optional":"0","Feature":{"ID":"30789","Sign":"","Measure":{"ID":"395","Sign":"","Signs":{"ID":"31867","_":"mg/kg","Language":"EN"}},"Name":{"Value":"Vitamin E content","Language":"EN"}}}]}],"FeatureLogos":[],"ReasonsToBuy":[],"Reviews":[],"ProductRelated":[],"CatalogObjectCloud":{},"Variants":[],"ProductStory":[],"Dictionary":{"model_name":"Product name","desc":"Description","ean_code":"EAN/UPC code","flash360":"3D tour","demo_msg_part3":"If you don't have an Icecat account, please register here for free.","repairability_index":"Repairability index","zoom_panel_init":"Original size","cat_name":"Category","product_family":"Product family","back_to_top":"Back to top","zoom_panel_out":"Zoom out","specs":"Specs","eu_product_fiche":"EU Product Fiche","reviews_head_name":"Reviews","pdf_specs":"Product Brochure","zoom_panel_in":"Zoom in","html_content":"","release_date":"Release date","demo_msg_part1":"You are using now a Demo account. Please, use your own Icecat account","demo_insert_desc":"This is a demo of a seamless insert of an Icecat LIVE product data-sheet in your website. Imagine that this responsive data-sheet is included in the product page of your webshop.","pdf_url":"User manual","prod_code":"Product code","supplier_name":"Brand","video":"Video","reasons_to_buy":"Reasons to buy","marketing_text":"Description","options_head_name":"Options","product_series":"Product series","demo_msg_part2":"your Icecat login name","link_integrate_desk":"How to integrate Icecat LIVE JavaScript.","zoom_panel_dragg":"Mouse dragging","eu_energy_label":"EU Energy Label"},"DemoAccount":false}}