{"msg":"OK","data":{"GeneralInfo":{"IcecatId":100730495,"ReleaseDate":"","EndOfLifeDate":"","Title":"Belcando Finest Gf Salmon 4 kg Adult","TitleInfo":{"GeneratedIntTitle":"Belcando Finest Gf Salmon","GeneratedLocalTitle":{"Value":"Belcando Finest Gf Salmon 4 kg Adult","Language":"EN"},"BrandLocalTitle":{"Value":"","Language":"EN"}},"Brand":"Belcando","BrandID":"32628","BrandLogo":"","BrandInfo":{"BrandName":"Belcando","BrandLocalName":"","BrandLogo":""},"ProductName":"Finest Gf Salmon","ProductNameInfo":{"ProductIntName":"Finest Gf Salmon","ProductLocalName":{"Value":"","Language":"EN"}},"BrandPartCode":"556515","GTIN":["4002633556516"],"Category":{"CategoryID":"3398","Name":{"Value":"Dogs Dry Food","Language":"EN"}},"ProductFamily":{},"ProductSeries":{"SeriesID":"1"},"Description":{"ID":"104044575","LongDesc":"A special recipe for special dogs. Since its only source of animal protein is fish, this grain-free recipe is also the ideal solution for animals with food intolerances or allergies. Amaranth, a nutritious alternative to grain, is one of the oldest crops known to man and provides important nutrients, vitamins and minerals. With extra fresh salmon, this recipe is particularly tasty, even to picky pups. Antarctic krill from sustainable fisheries provides omega-3 fatty acids in a form which can be utilised particularly well by the body.","LongProductName":"Finest GF Salmon, 4kg","MiddleDesc":"","Disclaimer":"","ManualPDFURL":"","ManualPDFSize":"0","LeafletPDFURL":"","PDFSize":"0","URL":"https://www.belcando.com/detail/68f768d79d914c289abf8498d921113a","WarrantyInfo":"","Updated":"2025-09-09 12:22:07","Language":"EN"},"SummaryDescription":{"ShortSummaryDescription":"Belcando Finest Gf Salmon, Adult, Salmon, 4 kg, Lactose free","LongSummaryDescription":"Belcando Finest Gf Salmon. Pet life stage: Adult, Pet food flavor: Salmon, Weight: 4 kg, Lactose free, Grain free"},"BulletPoints":{"BulletPointsId":"13608994","Language":"EN","Values":["For adult dogs with normal activity levels","Without protein from land animals","No grain formula"],"Updated":"2025-09-09 12:22:07"},"GeneratedBulletPoints":{},"GTINs":[{"GTIN":"4002633556516","IsApproved":true}]},"Image":{"HighPic":"https://inishop.com/img/gallery/100730495_1921865195.jpg","HighPicSize":"374870","HighPicHeight":"800","HighPicWidth":"450","LowPic":"https://inishop.com/img/gallery_lows/100730495_1921865195.jpg","LowPicSize":"29729","LowPicHeight":"200","LowPicWidth":"113","Pic500x500":"https://inishop.com/img/gallery_mediums/100730495_1921865195.jpg","Pic500x500Size":"157604","Pic500x500Height":"500","Pic500x500Width":"281","ThumbPic":"https://inishop.com/img/gallery_thumbs/100730495_1921865195.jpg","ThumbPicSize":"6005"},"Multimedia":[],"Gallery":[{"ID":"64846916","LowPic":"https://inishop.com/img/gallery_lows/100730495_1921865195.jpg","LowSize":"29729","LowHeight":"200","LowWidth":"113","ThumbPic":"https://inishop.com/img/gallery_thumbs/100730495_1921865195.jpg","ThumbPicSize":"6005","Pic":"https://inishop.com/img/gallery/100730495_1921865195.jpg","Size":"374870","PicHeight":"800","PicWidth":"450","Pic500x500":"https://inishop.com/img/gallery_mediums/100730495_1921865195.jpg","Pic500x500Size":"157604","Pic500x500Height":"500","Pic500x500Width":"281","No":"1","IsMain":"Y","Updated":"2022-07-24 11:09:58","IsPrivate":"0","Type":"ProductImage","Attributes":{"OriginalFileName":""}},{"ID":"64846917","LowPic":"https://inishop.com/img/gallery_lows/100730495_4662474540.jpg","LowSize":"50557","LowHeight":"200","LowWidth":"200","ThumbPic":"https://inishop.com/img/gallery_thumbs/100730495_4662474540.jpg","ThumbPicSize":"8933","Pic":"https://inishop.com/img/gallery/100730495_4662474540.jpg","Size":"568798","PicHeight":"800","PicWidth":"800","Pic500x500":"https://inishop.com/img/gallery_mediums/100730495_4662474540.jpg","Pic500x500Size":"269043","Pic500x500Height":"500","Pic500x500Width":"500","No":"2","IsMain":"N","Updated":"2022-07-24 11:10:04","IsPrivate":"0","Type":"ProductImage","Attributes":{"OriginalFileName":""}},{"ID":"117095981","LowPic":"https://inishop.com/img/gallery_lows/c92dd4516608314881345eef9ef728d3600b8d2a.jpg","LowSize":"42795","LowHeight":"200","LowWidth":"200","ThumbPic":"https://inishop.com/img/gallery_thumbs/d5b1d596ce8481424fa2772f1bf04ffd331aa138.jpg","ThumbPicSize":"8626","Pic":"https://inishop.com/img/gallery/4b03ad561a9504256df9acc53a809b8f21718264.jpg","Size":"357029","PicHeight":"800","PicWidth":"800","Pic500x500":"https://inishop.com/img/gallery_mediums/6417c99de0babf8791676dd6e448c8bfa8e57d1a.jpg","Pic500x500Size":"206936","Pic500x500Height":"500","Pic500x500Width":"500","No":"3","IsMain":"N","Updated":"2025-09-09 11:43:16","IsPrivate":"0","Type":"ProductImage","Attributes":{"OriginalFileName":""}}],"FeaturesGroups":[{"ID":13305,"SortNo":"10","FeatureGroup":{"ID":"185","Name":{"Value":"Features","Language":"EN"}},"Features":[{"Localized":0,"ID":491196926,"LocalID":0,"Type":"numerical","Value":"4000","CategoryFeatureId":"189213","CategoryFeatureGroupID":"13305","SortNo":"200","PresentationValue":"4 kg","RawValue":"4000","LocalValue":"4","Description":"Weight of the product without packaging (net weight). If possible, the net weight is given including standard accessories and supplies. Please note that sometimes the manufacturer leaves out the weight of accessories and/or supplies.","Mandatory":"1","Searchable":"0","Optional":"0","Feature":{"ID":"94","Sign":"","Measure":{"ID":"38","Sign":"","Signs":{"ID":"22","_":"g","Language":"EN"}},"Name":{"Value":"Weight","Language":"EN"}}},{"Localized":0,"ID":491196953,"LocalID":0,"Type":"multi_dropdown","Value":"Vitamin A,Vitamin D3,Vitamin E","CategoryFeatureId":"201495","CategoryFeatureGroupID":"13305","SortNo":"175","PresentationValue":"Vitamin A, Vitamin D3, Vitamin E","RawValue":"Vitamin A,Vitamin D3,Vitamin E","LocalValue":"Vitamin A, Vitamin D3, Vitamin E","Description":"","Mandatory":"0","Searchable":"0","Optional":"0","Feature":{"ID":"26607","Sign":"","Measure":{"ID":"29","Sign":"","Signs":{"ID":"","_":"","Language":"EN"}},"Name":{"Value":"Includes vitamins","Language":"EN"}}},{"Localized":0,"ID":491197107,"LocalID":0,"Type":"y_n","Value":"Y","CategoryFeatureId":"201482","CategoryFeatureGroupID":"13305","SortNo":"170","PresentationValue":"Yes","RawValue":"Y","LocalValue":"Yes","Description":"","Mandatory":"0","Searchable":"0","Optional":"0","Feature":{"ID":"30403","Sign":"","Measure":{"ID":"26","Sign":"","Signs":{"ID":"","_":"","Language":"EN"}},"Name":{"Value":"Grain free","Language":"EN"}}},{"Localized":0,"ID":491197109,"LocalID":0,"Type":"y_n","Value":"Y","CategoryFeatureId":"201481","CategoryFeatureGroupID":"13305","SortNo":"160","PresentationValue":"Yes","RawValue":"Y","LocalValue":"Yes","Description":"","Mandatory":"0","Searchable":"0","Optional":"0","Feature":{"ID":"21348","Sign":"","Measure":{"ID":"26","Sign":"","Signs":{"ID":"","_":"","Language":"EN"}},"Name":{"Value":"Lactose free","Language":"EN"}}},{"Localized":0,"ID":491196921,"LocalID":0,"Type":"dropdown","Value":"Adult (animal)","CategoryFeatureId":"122907","CategoryFeatureGroupID":"13305","SortNo":"20","PresentationValue":"Adult","RawValue":"Adult (animal)","LocalValue":"Adult","Description":"","Mandatory":"1","Searchable":"1","Optional":"0","Feature":{"ID":"20700","Sign":"","Measure":{"ID":"29","Sign":"","Signs":{"ID":"","_":"","Language":"EN"}},"Name":{"Value":"Pet life stage","Language":"EN"}}},{"Localized":0,"ID":491196922,"LocalID":0,"Type":"multi_dropdown","Value":"Salmon","CategoryFeatureId":"122918","CategoryFeatureGroupID":"13305","SortNo":"17","PresentationValue":"Salmon","RawValue":"Salmon","LocalValue":"Salmon","Description":"","Mandatory":"1","Searchable":"1","Optional":"0","Feature":{"ID":"20702","Sign":"","Measure":{"ID":"29","Sign":"","Signs":{"ID":"","_":"","Language":"EN"}},"Name":{"Value":"Pet food flavor","Language":"EN"}}}]},{"ID":22475,"SortNo":"8","FeatureGroup":{"ID":"200","Name":{"Value":"Nutrition facts","Language":"EN"}},"Features":[{"Localized":0,"ID":491197119,"LocalID":0,"Type":"numerical","Value":"25","CategoryFeatureId":"122923","CategoryFeatureGroupID":"22475","SortNo":"100","PresentationValue":"25%","RawValue":"25","LocalValue":"25","Description":"","Mandatory":"0","Searchable":"0","Optional":"0","Feature":{"ID":"20705","Sign":"","Measure":{"ID":"64","Sign":"","Signs":{"ID":"47","_":"%","Language":"EN"}},"Name":{"Value":"Protein","Language":"EN"}}},{"Localized":0,"ID":491197120,"LocalID":0,"Type":"numerical","Value":"15","CategoryFeatureId":"122924","CategoryFeatureGroupID":"22475","SortNo":"100","PresentationValue":"15%","RawValue":"15","LocalValue":"15","Description":"","Mandatory":"0","Searchable":"0","Optional":"0","Feature":{"ID":"20706","Sign":"","Measure":{"ID":"64","Sign":"","Signs":{"ID":"47","_":"%","Language":"EN"}},"Name":{"Value":"Fat content","Language":"EN"}}},{"Localized":0,"ID":491197124,"LocalID":0,"Type":"numerical","Value":"7.3","CategoryFeatureId":"122925","CategoryFeatureGroupID":"22475","SortNo":"100","PresentationValue":"7.3%","RawValue":"7.3","LocalValue":"7.3","Description":"","Mandatory":"0","Searchable":"0","Optional":"0","Feature":{"ID":"20707","Sign":"","Measure":{"ID":"64","Sign":"","Signs":{"ID":"47","_":"%","Language":"EN"}},"Name":{"Value":"Crude ash","Language":"EN"}}},{"Localized":0,"ID":491197149,"LocalID":0,"Type":"numerical","Value":"3.6","CategoryFeatureId":"122926","CategoryFeatureGroupID":"22475","SortNo":"100","PresentationValue":"3.6%","RawValue":"3.6","LocalValue":"3.6","Description":"","Mandatory":"0","Searchable":"0","Optional":"0","Feature":{"ID":"20708","Sign":"","Measure":{"ID":"64","Sign":"","Signs":{"ID":"47","_":"%","Language":"EN"}},"Name":{"Value":"Crude fibres","Language":"EN"}}},{"Localized":0,"ID":491197153,"LocalID":0,"Type":"numerical","Value":"0.9","CategoryFeatureId":"201489","CategoryFeatureGroupID":"22475","SortNo":"100","PresentationValue":"0.9%","RawValue":"0.9","LocalValue":"0.9","Description":"","Mandatory":"0","Searchable":"0","Optional":"0","Feature":{"ID":"30405","Sign":"","Measure":{"ID":"64","Sign":"","Signs":{"ID":"47","_":"%","Language":"EN"}},"Name":{"Value":"Phosphorus","Language":"EN"}}},{"Localized":0,"ID":491197152,"LocalID":0,"Type":"numerical","Value":"1.2","CategoryFeatureId":"201490","CategoryFeatureGroupID":"22475","SortNo":"100","PresentationValue":"1.2%","RawValue":"1.2","LocalValue":"1.2","Description":"","Mandatory":"0","Searchable":"0","Optional":"0","Feature":{"ID":"30404","Sign":"","Measure":{"ID":"64","Sign":"","Signs":{"ID":"47","_":"%","Language":"EN"}},"Name":{"Value":"Calcium","Language":"EN"}}},{"Localized":0,"ID":491197166,"LocalID":0,"Type":"numerical","Value":"0.35","CategoryFeatureId":"201491","CategoryFeatureGroupID":"22475","SortNo":"100","PresentationValue":"0.35%","RawValue":"0.35","LocalValue":"0.35","Description":"","Mandatory":"0","Searchable":"0","Optional":"0","Feature":{"ID":"30406","Sign":"","Measure":{"ID":"64","Sign":"","Signs":{"ID":"47","_":"%","Language":"EN"}},"Name":{"Value":"Sodium","Language":"EN"}}},{"Localized":0,"ID":491197150,"LocalID":0,"Type":"numerical","Value":"10","CategoryFeatureId":"694050","CategoryFeatureGroupID":"22475","SortNo":"93","PresentationValue":"10%","RawValue":"10","LocalValue":"10","Description":"","Mandatory":"0","Searchable":"0","Optional":"0","Feature":{"ID":"24554","Sign":"","Measure":{"ID":"64","Sign":"","Signs":{"ID":"47","_":"%","Language":"EN"}},"Name":{"Value":"Moisture content","Language":"EN"}}},{"Localized":0,"ID":491197199,"LocalID":0,"Type":"numerical","Value":"500","CategoryFeatureId":"205026","CategoryFeatureGroupID":"22475","SortNo":"82","PresentationValue":"500 mg/kg","RawValue":"500","LocalValue":"500","Description":"","Mandatory":"0","Searchable":"0","Optional":"0","Feature":{"ID":"30775","Sign":"","Measure":{"ID":"395","Sign":"","Signs":{"ID":"31867","_":"mg/kg","Language":"EN"}},"Name":{"Value":"Taurine content","Language":"EN"}}},{"Localized":0,"ID":491197207,"LocalID":0,"Type":"numerical","Value":"200","CategoryFeatureId":"205029","CategoryFeatureGroupID":"22475","SortNo":"73","PresentationValue":"200 mg/kg","RawValue":"200","LocalValue":"200","Description":"","Mandatory":"0","Searchable":"0","Optional":"0","Feature":{"ID":"30781","Sign":"","Measure":{"ID":"395","Sign":"","Signs":{"ID":"31867","_":"mg/kg","Language":"EN"}},"Name":{"Value":"Iron content","Language":"EN"}}},{"Localized":0,"ID":491197221,"LocalID":0,"Type":"numerical","Value":"125","CategoryFeatureId":"205030","CategoryFeatureGroupID":"22475","SortNo":"70","PresentationValue":"125 mg/kg","RawValue":"125","LocalValue":"125","Description":"","Mandatory":"0","Searchable":"0","Optional":"0","Feature":{"ID":"30782","Sign":"","Measure":{"ID":"395","Sign":"","Signs":{"ID":"31867","_":"mg/kg","Language":"EN"}},"Name":{"Value":"Zinc content","Language":"EN"}}},{"Localized":0,"ID":491197218,"LocalID":0,"Type":"numerical","Value":"40","CategoryFeatureId":"205031","CategoryFeatureGroupID":"22475","SortNo":"67","PresentationValue":"40 mg/kg","RawValue":"40","LocalValue":"40","Description":"","Mandatory":"0","Searchable":"0","Optional":"0","Feature":{"ID":"30783","Sign":"","Measure":{"ID":"395","Sign":"","Signs":{"ID":"31867","_":"mg/kg","Language":"EN"}},"Name":{"Value":"Manganese content","Language":"EN"}}},{"Localized":0,"ID":491197204,"LocalID":0,"Type":"numerical","Value":"12.5","CategoryFeatureId":"205032","CategoryFeatureGroupID":"22475","SortNo":"64","PresentationValue":"12.5 mg/kg","RawValue":"12.5","LocalValue":"12.5","Description":"","Mandatory":"0","Searchable":"0","Optional":"0","Feature":{"ID":"30784","Sign":"","Measure":{"ID":"395","Sign":"","Signs":{"ID":"31867","_":"mg/kg","Language":"EN"}},"Name":{"Value":"Copper content","Language":"EN"}}},{"Localized":0,"ID":491197224,"LocalID":0,"Type":"numerical","Value":"2","CategoryFeatureId":"205033","CategoryFeatureGroupID":"22475","SortNo":"61","PresentationValue":"2 mg/kg","RawValue":"2","LocalValue":"2","Description":"","Mandatory":"0","Searchable":"0","Optional":"0","Feature":{"ID":"30785","Sign":"","Measure":{"ID":"395","Sign":"","Signs":{"ID":"31867","_":"mg/kg","Language":"EN"}},"Name":{"Value":"Iodine content","Language":"EN"}}},{"Localized":0,"ID":491197231,"LocalID":0,"Type":"numerical","Value":"0.05","CategoryFeatureId":"205034","CategoryFeatureGroupID":"22475","SortNo":"58","PresentationValue":"0.05 mg/kg","RawValue":"0.05","LocalValue":"0.05","Description":"","Mandatory":"0","Searchable":"0","Optional":"0","Feature":{"ID":"30786","Sign":"","Measure":{"ID":"395","Sign":"","Signs":{"ID":"31867","_":"mg/kg","Language":"EN"}},"Name":{"Value":"Selenium content","Language":"EN"}}},{"Localized":0,"ID":491197172,"LocalID":0,"Type":"numerical","Value":"15000","CategoryFeatureId":"205036","CategoryFeatureGroupID":"22475","SortNo":"55","PresentationValue":"15000 IU/kg","RawValue":"15000","LocalValue":"15000","Description":"","Mandatory":"0","Searchable":"0","Optional":"0","Feature":{"ID":"30787","Sign":"","Measure":{"ID":"394","Sign":"","Signs":{"ID":"31813","_":"IU/kg","Language":"EN"}},"Name":{"Value":"Vitamin A content","Language":"EN"}}},{"Localized":0,"ID":491197184,"LocalID":0,"Type":"numerical","Value":"1500","CategoryFeatureId":"205037","CategoryFeatureGroupID":"22475","SortNo":"52","PresentationValue":"1500 IU/kg","RawValue":"1500","LocalValue":"1500","Description":"","Mandatory":"0","Searchable":"0","Optional":"0","Feature":{"ID":"30788","Sign":"","Measure":{"ID":"394","Sign":"","Signs":{"ID":"31813","_":"IU/kg","Language":"EN"}},"Name":{"Value":"Vitamin D3 content","Language":"EN"}}},{"Localized":0,"ID":491197186,"LocalID":0,"Type":"numerical","Value":"150","CategoryFeatureId":"205038","CategoryFeatureGroupID":"22475","SortNo":"49","PresentationValue":"150 mg/kg","RawValue":"150","LocalValue":"150","Description":"","Mandatory":"0","Searchable":"0","Optional":"0","Feature":{"ID":"30789","Sign":"","Measure":{"ID":"395","Sign":"","Signs":{"ID":"31867","_":"mg/kg","Language":"EN"}},"Name":{"Value":"Vitamin E content","Language":"EN"}}}]},{"ID":39141,"SortNo":"-1","FeatureGroup":{"ID":"198","Name":{"Value":"Logistics data","Language":"EN"}},"Features":[{"Localized":0,"ID":491197237,"LocalID":0,"Type":"multi_dropdown","Value":"Germany","CategoryFeatureId":"377144","CategoryFeatureGroupID":"39141","SortNo":"0","PresentationValue":"Germany","RawValue":"Germany","LocalValue":"Germany","Description":"Country where the device is made. Aka Country of manufacture (COM).","Mandatory":"0","Searchable":"0","Optional":"0","Feature":{"ID":"3294","Sign":"","Measure":{"ID":"29","Sign":"","Signs":{"ID":"","_":"","Language":"EN"}},"Name":{"Value":"Country of origin","Language":"EN"}}}]}],"FeatureLogos":[],"ReasonsToBuy":[],"Reviews":[],"ProductRelated":[],"CatalogObjectCloud":{},"Variants":[],"ProductStory":[],"Dictionary":{"model_name":"Product name","desc":"Description","ean_code":"EAN/UPC code","flash360":"3D tour","demo_msg_part3":"If you don't have an Icecat account, please register here for free.","repairability_index":"Repairability index","zoom_panel_init":"Original size","cat_name":"Category","product_family":"Product family","back_to_top":"Back to top","zoom_panel_out":"Zoom out","specs":"Specs","eu_product_fiche":"EU Product Fiche","reviews_head_name":"Reviews","pdf_specs":"Product Brochure","zoom_panel_in":"Zoom in","html_content":"","release_date":"Release date","demo_msg_part1":"You are using now a Demo account. Please, use your own Icecat account","demo_insert_desc":"This is a demo of a seamless insert of an Icecat LIVE product data-sheet in your website. Imagine that this responsive data-sheet is included in the product page of your webshop.","pdf_url":"User manual","prod_code":"Product code","supplier_name":"Brand","video":"Video","reasons_to_buy":"Reasons to buy","marketing_text":"Description","options_head_name":"Options","product_series":"Product series","demo_msg_part2":"your Icecat login name","link_integrate_desk":"How to integrate Icecat LIVE JavaScript.","zoom_panel_dragg":"Mouse dragging","eu_energy_label":"EU Energy Label"},"DemoAccount":false}}