{"msg":"OK","data":{"GeneralInfo":{"IcecatId":134703638,"ReleaseDate":"","EndOfLifeDate":"","Title":"Bloom & Wild The Ramona Just because","TitleInfo":{"GeneratedIntTitle":"Bloom & Wild The Ramona","GeneratedLocalTitle":{"Value":"Bloom & Wild The Ramona Just because","Language":"EN"},"BrandLocalTitle":{"Value":"","Language":"EN"}},"Brand":"Bloom & Wild","BrandID":"43649","BrandLogo":"","BrandInfo":{"BrandName":"Bloom & Wild","BrandLocalName":"","BrandLogo":""},"ProductName":"The Ramona","ProductNameInfo":{"ProductIntName":"The Ramona","ProductLocalName":{"Value":"","Language":"EN"}},"BrandPartCode":"69192","GTIN":[],"Category":{"CategoryID":"4796","Name":{"Value":"Fresh Cut Mixed Bouquets & Flowers","Language":"EN"}},"ProductFamily":{},"ProductSeries":{"SeriesID":"1"},"Description":{"ID":"104044358","LongDesc":"Our Ramona has the energy of a cloudless day. Like a gentle breeze, the scent from its stocks and eucalyptus drifts around the room. Then, as the sunflowers unfurl, the entire bouquet starts to beam. What a treat for the senses.","LongProductName":"The Ramona","MiddleDesc":"","Disclaimer":"","ManualPDFURL":"","ManualPDFSize":"0","LeafletPDFURL":"","PDFSize":"0","URL":"https://www.bloomandwild.com/send-flowers/send/the-ramona-ht/69192","WarrantyInfo":"","Updated":"2025-09-09 11:10:18","Language":"EN"},"SummaryDescription":{"ShortSummaryDescription":"Bloom & Wild The Ramona, Fresh cut mixed bouquet, Multicolour, Just because, 48 day(s)","LongSummaryDescription":"Bloom & Wild The Ramona. Product type: Fresh cut mixed bouquet, Product colour: Multicolour, Occasion: Just because"},"BulletPoints":{"BulletPointsId":"13608889","Language":"EN","Values":["Our Ramona has the energy of a cloudless day. It's an absolute treat for the senses","16 stems including sunflowers, dianthus, stocks and eucalyptus","Delivered through the letterbox","Arrives in bud, blooms over 48 hours","Flower food and our florists’ arranging tips included, to keep your blooms fresh and happy"],"Updated":"2025-09-09 11:10:08"},"GeneratedBulletPoints":{},"GTINs":[]},"Image":{"HighPic":"https://inishop.com/img/gallery/387df3db64c67acd15db10e295cdc349793fb7a8.jpg","HighPicSize":"700538","HighPicHeight":"1000","HighPicWidth":"1000","LowPic":"https://inishop.com/img/gallery_lows/18d9da341e8c4852a3bbdeb59701aad9fd209d50.jpg","LowPicSize":"44839","LowPicHeight":"200","LowPicWidth":"200","Pic500x500":"https://inishop.com/img/gallery_mediums/08026584378bdf2e2431e7263cc36797a28680c0.jpg","Pic500x500Size":"212771","Pic500x500Height":"500","Pic500x500Width":"500","ThumbPic":"https://inishop.com/img/gallery_thumbs/8f5944be2f06397b9e22019f96371ef61b50794f.jpg","ThumbPicSize":"8957"},"Multimedia":[],"Gallery":[{"ID":"117095677","LowPic":"https://inishop.com/img/gallery_lows/18d9da341e8c4852a3bbdeb59701aad9fd209d50.jpg","LowSize":"44839","LowHeight":"200","LowWidth":"200","ThumbPic":"https://inishop.com/img/gallery_thumbs/8f5944be2f06397b9e22019f96371ef61b50794f.jpg","ThumbPicSize":"8957","Pic":"https://inishop.com/img/gallery/387df3db64c67acd15db10e295cdc349793fb7a8.jpg","Size":"700538","PicHeight":"1000","PicWidth":"1000","Pic500x500":"https://inishop.com/img/gallery_mediums/08026584378bdf2e2431e7263cc36797a28680c0.jpg","Pic500x500Size":"212771","Pic500x500Height":"500","Pic500x500Width":"500","No":"1","IsMain":"Y","Updated":"2025-09-09 11:09:28","IsPrivate":"0","Type":"ProductImage","Attributes":{"OriginalFileName":""}},{"ID":"117095679","LowPic":"https://inishop.com/img/gallery_lows/72494c787d12f4cc370310e02d0df0e9a0f29f2f.jpg","LowSize":"45934","LowHeight":"200","LowWidth":"200","ThumbPic":"https://inishop.com/img/gallery_thumbs/69a65953f29348f831b5f995277ce4d100ff64dd.jpg","ThumbPicSize":"9172","Pic":"https://inishop.com/img/gallery/9ecf0882eefc3698b3b625cb244d84c6650e4e49.jpg","Size":"702983","PicHeight":"1000","PicWidth":"1000","Pic500x500":"https://inishop.com/img/gallery_mediums/de8d46780e9763a3070b9a9245a56ff9cce15e3b.jpg","Pic500x500Size":"221507","Pic500x500Height":"500","Pic500x500Width":"500","No":"2","IsMain":"N","Updated":"2025-09-09 11:09:38","IsPrivate":"0","Type":"ProductImageAnnotated","Attributes":{"OriginalFileName":""}},{"ID":"117095690","LowPic":"https://inishop.com/img/gallery_lows/af8afec6c19f5c6e8702a1c99cd375949acc082d.jpg","LowSize":"46026","LowHeight":"200","LowWidth":"200","ThumbPic":"https://inishop.com/img/gallery_thumbs/2b8909d3f65f0506688fa07f8260f5492a22b1a1.jpg","ThumbPicSize":"9147","Pic":"https://inishop.com/img/gallery/e02865e314076feb0400224455d5102195c5de31.jpg","Size":"729135","PicHeight":"1000","PicWidth":"1000","Pic500x500":"https://inishop.com/img/gallery_mediums/f5dce2c4fd0fef411d8354176ddb38cf82958c28.jpg","Pic500x500Size":"224714","Pic500x500Height":"500","Pic500x500Width":"500","No":"3","IsMain":"N","Updated":"2025-09-09 11:09:46","IsPrivate":"0","Type":"LifestyleImage","Attributes":{"OriginalFileName":""}},{"ID":"117095693","LowPic":"https://inishop.com/img/gallery_lows/7595ec16baa2ec02a2998dd79f4d35b4cf4b714b.jpg","LowSize":"69964","LowHeight":"200","LowWidth":"200","ThumbPic":"https://inishop.com/img/gallery_thumbs/875403a1cd735ecea3d9847ce8f8b24eb1c4eb61.jpg","ThumbPicSize":"13064","Pic":"https://inishop.com/img/gallery/d398ada8510872d754538572de4c805dffbc9d21.jpg","Size":"1217075","PicHeight":"1000","PicWidth":"1000","Pic500x500":"https://inishop.com/img/gallery_mediums/84ebc5407f8be5c77766d94cbbe8f25a96d49b95.jpg","Pic500x500Size":"357620","Pic500x500Height":"500","Pic500x500Width":"500","No":"4","IsMain":"N","Updated":"2025-09-09 11:09:50","IsPrivate":"0","Type":"ProductDetailImage","Attributes":{"OriginalFileName":""}},{"ID":"117095695","LowPic":"https://inishop.com/img/gallery_lows/8b896ccfc5ee2d3ea729952ca96f7ab46f182f72.jpg","LowSize":"48366","LowHeight":"200","LowWidth":"200","ThumbPic":"https://inishop.com/img/gallery_thumbs/d2487fdc92d6578ebfeafc5c23ae8581f85273fd.jpg","ThumbPicSize":"9922","Pic":"https://inishop.com/img/gallery/b7dd59a8f0f7355374e6fe39abed5fa51fddf827.jpg","Size":"630229","PicHeight":"1000","PicWidth":"1000","Pic500x500":"https://inishop.com/img/gallery_mediums/01cc5fe8023df1995e94a0d0617effe0a48afe09.jpg","Pic500x500Size":"213900","Pic500x500Height":"500","Pic500x500Width":"500","No":"5","IsMain":"N","Updated":"2025-09-09 11:09:56","IsPrivate":"0","Type":"ProductPackagingImage","Attributes":{"OriginalFileName":""}}],"FeaturesGroups":[{"ID":24776,"SortNo":"50","FeatureGroup":{"ID":"185","Name":{"Value":"Features","Language":"EN"}},"Features":[{"Localized":0,"ID":835244683,"LocalID":0,"Type":"dropdown","Value":"Fresh cut mixed bouquet","CategoryFeatureId":"935697","CategoryFeatureGroupID":"24776","SortNo":"500","PresentationValue":"Fresh cut mixed bouquet","RawValue":"Fresh cut mixed bouquet","LocalValue":"Fresh cut mixed bouquet","Description":"The sub-category of the product.","Mandatory":"1","Searchable":"1","Optional":"0","Feature":{"ID":"14052","Sign":"","Measure":{"ID":"29","Sign":"","Signs":{"ID":"","_":"","Language":"EN"}},"Name":{"Value":"Product type","Language":"EN"}}},{"Localized":0,"ID":835244682,"LocalID":0,"Type":"multi_dropdown","Value":"Multicolour","CategoryFeatureId":"945016","CategoryFeatureGroupID":"24776","SortNo":"300","PresentationValue":"Multicolour","RawValue":"Multicolour","LocalValue":"Multicolour","Description":"The colour e.g. red, blue, green, black, white.","Mandatory":"0","Searchable":"0","Optional":"0","Feature":{"ID":"1766","Sign":"","Measure":{"ID":"29","Sign":"","Signs":{"ID":"","_":"","Language":"EN"}},"Name":{"Value":"Product colour","Language":"EN"}}},{"Localized":0,"ID":835244684,"LocalID":0,"Type":"dropdown","Value":"Just because","CategoryFeatureId":"221114","CategoryFeatureGroupID":"24776","SortNo":"250","PresentationValue":"Just because","RawValue":"Just because","LocalValue":"Just because","Description":"","Mandatory":"0","Searchable":"0","Optional":"0","Feature":{"ID":"29202","Sign":"","Measure":{"ID":"29","Sign":"","Signs":{"ID":"","_":"","Language":"EN"}},"Name":{"Value":"Occasion","Language":"EN"}}},{"Localized":0,"ID":835244681,"LocalID":0,"Type":"numerical","Value":"16","CategoryFeatureId":"935698","CategoryFeatureGroupID":"24776","SortNo":"10","PresentationValue":"16","RawValue":"16","LocalValue":"16","Description":"The number of products there are.","Mandatory":"0","Searchable":"0","Optional":"0","Feature":{"ID":"1675","Sign":"","Measure":{"ID":"29","Sign":"","Signs":{"ID":"","_":"","Language":"EN"}},"Name":{"Value":"Quantity","Language":"EN"}}},{"Localized":0,"ID":836029513,"LocalID":0,"Type":"numerical","Value":"48","CategoryFeatureId":"221116","CategoryFeatureGroupID":"24776","SortNo":"0","PresentationValue":"48 day(s)","RawValue":"48","LocalValue":"48","Description":"","Mandatory":"0","Searchable":"0","Optional":"0","Feature":{"ID":"19213","Sign":"","Measure":{"ID":"49","Sign":"","Signs":{"ID":"33","_":"day(s)","Language":"EN"}},"Name":{"Value":"Lifespan","Language":"EN"}}}]}],"FeatureLogos":[],"ReasonsToBuy":[],"Reviews":[],"ProductRelated":[],"CatalogObjectCloud":{},"Variants":[],"ProductStory":[],"Dictionary":{"model_name":"Product name","desc":"Description","ean_code":"EAN/UPC code","flash360":"3D tour","demo_msg_part3":"If you don't have an Icecat account, please register here for free.","repairability_index":"Repairability index","zoom_panel_init":"Original size","cat_name":"Category","product_family":"Product family","back_to_top":"Back to top","zoom_panel_out":"Zoom out","specs":"Specs","eu_product_fiche":"EU Product Fiche","reviews_head_name":"Reviews","pdf_specs":"Product Brochure","zoom_panel_in":"Zoom in","html_content":"","release_date":"Release date","demo_msg_part1":"You are using now a Demo account. Please, use your own Icecat account","demo_insert_desc":"This is a demo of a seamless insert of an Icecat LIVE product data-sheet in your website. Imagine that this responsive data-sheet is included in the product page of your webshop.","pdf_url":"User manual","prod_code":"Product code","supplier_name":"Brand","video":"Video","reasons_to_buy":"Reasons to buy","marketing_text":"Description","options_head_name":"Options","product_series":"Product series","demo_msg_part2":"your Icecat login name","link_integrate_desk":"How to integrate Icecat LIVE JavaScript.","zoom_panel_dragg":"Mouse dragging","eu_energy_label":"EU Energy Label"},"DemoAccount":false}}