{"msg":"OK","data":{"GeneralInfo":{"IcecatId":133031125,"ReleaseDate":"","EndOfLifeDate":"","Title":"Essence Satin Glow 3.5 g 03 Rose And Shine Shine","TitleInfo":{"GeneratedIntTitle":"Essence Satin Glow","GeneratedLocalTitle":{"Value":"Essence Satin Glow 3.5 g 03 Rose And Shine Shine","Language":"EN"},"BrandLocalTitle":{"Value":"","Language":"EN"}},"Brand":"Essence","BrandID":"29383","BrandLogo":"https://inishop.com/img/brand/thumb/29383_837cf392de374591bbd1c9cdef160cb6.jpg","BrandInfo":{"BrandName":"Essence","BrandLocalName":"","BrandLogo":"https://inishop.com/img/brand/thumb/29383_837cf392de374591bbd1c9cdef160cb6.jpg"},"ProductName":"Satin Glow","ProductNameInfo":{"ProductIntName":"Satin Glow","ProductLocalName":{"Value":"","Language":"EN"}},"BrandPartCode":"954272","GTIN":["4059729542724"],"Category":{"CategoryID":"3005","Name":{"Value":"Lipsticks","Language":"EN"}},"ProductFamily":{},"ProductSeries":{"SeriesID":"1"},"Description":{"ID":"103270929","LongDesc":"Let your lips glow with the essence satin GLOW luminous shine lipstick 03 Rose And Shine in a rosewood shade. This highly pigmented lipstick delivers intense colour in just one swipe, while the soft-creamy texture glides on effortlessly and feels ultra-comfortable on your lips. The satin finish strikes the perfect balance between matte and gloss, leaving behind a luminous, elegant glow that enhances your natural lip shape. Whether for everyday wear or a touch of shine for special moments – this lipstick combines colour impact with care in every swipe.<br>","LongProductName":"Satin Glow luminous shine lipstick, 03 - Rose And Shine, 3.5 g","MiddleDesc":"","Disclaimer":"","ManualPDFURL":"","ManualPDFSize":"0","LeafletPDFURL":"","PDFSize":"0","URL":"https://www.essence.eu/en-za/p/954272/satin-glow-luminous-shine-lipstick","WarrantyInfo":"","Updated":"2025-09-08 16:43:22","Language":"EN"},"SummaryDescription":{"ShortSummaryDescription":"Essence Satin Glow, Rose, Rose And Shine, 1 colours, Coloring, Softening, Women, Shine","LongSummaryDescription":"Essence Satin Glow. Colour group: Rose, Colour name: Rose And Shine, Number of colours: 1 colours. Sustainability certificates: Good for vegan. Capacity: 3.5 g. Number of products included: 1 pc(s)"},"BulletPoints":{"BulletPointsId":"13065392","Language":"EN","Values":["Luminous satin finish for a radiant lip look","High colour pay-off meets creamy comfort","Non-drying texture with a soft, gliding feel"],"Updated":"2025-08-05 17:09:05"},"GeneratedBulletPoints":{"Language":"EN","Values":["Rose 03 1 colours","Finishing: Shine","Substance: Cream","Lipstick effect: Coloring, Softening"]},"GTINs":[{"GTIN":"4059729542724","IsApproved":true}]},"Image":{"HighPic":"https://inishop.com/img/gallery/e629263e2ade780f6e0ed64988379a85d06fb86c.jpg","HighPicSize":"386245","HighPicHeight":"2197","HighPicWidth":"684","LowPic":"https://inishop.com/img/gallery_lows/69a927c4f765657487089869b4cd213daa288284.jpg","LowPicSize":"8259","LowPicHeight":"200","LowPicWidth":"62","Pic500x500":"https://inishop.com/img/gallery_mediums/d659d49c948bd6dfd77553a631099e64aa470a7d.jpg","Pic500x500Size":"35131","Pic500x500Height":"500","Pic500x500Width":"156","ThumbPic":"https://inishop.com/img/gallery_thumbs/11bf78fc10009fc3417af6451e9911d0c3871fbc.jpg","ThumbPicSize":"2169"},"Multimedia":[{"ID":"9D9C5663-CACF-4935-B185-163CD40D0ECB","URL":"https://www.youtube.com/embed/oVwdEUH6TtU?si=SnxGslWdwl8XASiV?access=qOE94axdzRIZxhJpiNDmnB5eqYxp00zajXTwTmk121GajfXBgzE768SwHBC7uhTk","Type":"video/mp4","ContentType":"text/html","KeepAsUrl":"1","Description":"SATIN GLOW luminous lipstick 03 V","Size":"115375","IsPrivate":"0","Updated":"2025-08-05 17:09:44","Language":"EN","IsVideo":1,"ThumbUrl":"https://img.youtube.com/vi/oVwdEUH6TtU/default.jpg?access=qOE94axdzRIZxhJpiNDmnB5eqYxp00zajXTwTmk121GajfXBgzE768SwHBC7uhTk","PreviewUrl":"https://img.youtube.com/vi/oVwdEUH6TtU/hqdefault.jpg?access=qOE94axdzRIZxhJpiNDmnB5eqYxp00zajXTwTmk121GajfXBgzE768SwHBC7uhTk"}],"Gallery":[{"ID":"113318479","LowPic":"https://inishop.com/img/gallery_lows/69a927c4f765657487089869b4cd213daa288284.jpg","LowSize":"8259","LowHeight":"200","LowWidth":"62","ThumbPic":"https://inishop.com/img/gallery_thumbs/11bf78fc10009fc3417af6451e9911d0c3871fbc.jpg","ThumbPicSize":"2169","Pic":"https://inishop.com/img/gallery/e629263e2ade780f6e0ed64988379a85d06fb86c.jpg","Size":"386245","PicHeight":"2197","PicWidth":"684","Pic500x500":"https://inishop.com/img/gallery_mediums/d659d49c948bd6dfd77553a631099e64aa470a7d.jpg","Pic500x500Size":"35131","Pic500x500Height":"500","Pic500x500Width":"156","No":"1","IsMain":"Y","Updated":"2025-09-08 16:44:11","IsPrivate":"0","Type":"ProductImage","Attributes":{"OriginalFileName":""}},{"ID":"113318483","LowPic":"https://inishop.com/img/gallery_lows/bb62adac85042fbcea86be9b70a59d371b323608.jpg","LowSize":"8317","LowHeight":"200","LowWidth":"65","ThumbPic":"https://inishop.com/img/gallery_thumbs/da963c2695d2fec531a1a5841748844790a6f347.jpg","ThumbPicSize":"2467","Pic":"https://inishop.com/img/gallery/810d53c6736495aef6f0f7241bfbe451d59d3417.jpg","Size":"444586","PicHeight":"2197","PicWidth":"717","Pic500x500":"https://inishop.com/img/gallery_mediums/a2a33d70660677b886bf64e5747273cf65c73868.jpg","Pic500x500Size":"36596","Pic500x500Height":"500","Pic500x500Width":"163","No":"2","IsMain":"N","Updated":"2025-09-08 16:44:16","IsPrivate":"0","Type":"ProductImage","Attributes":{"OriginalFileName":""}},{"ID":"113318484","LowPic":"https://inishop.com/img/gallery_lows/d93c4971717f272a2e99f7e3796b2feb7bf2f2bf.jpg","LowSize":"17544","LowHeight":"132","LowWidth":"200","ThumbPic":"https://inishop.com/img/gallery_thumbs/7ba8f66d7021da1c2f7eae550be9571f4a4fb96a.jpg","ThumbPicSize":"4163","Pic":"https://inishop.com/img/gallery/87c4771fc761e39d24731cf6c0a630779f62ac9c.jpg","Size":"599086","PicHeight":"1179","PicWidth":"1791","Pic500x500":"https://inishop.com/img/gallery_mediums/553ec946a403cda7b69b88655ff35e53349a02c4.jpg","Pic500x500Size":"74799","Pic500x500Height":"329","Pic500x500Width":"500","No":"3","IsMain":"N","Updated":"2025-09-08 16:44:19","IsPrivate":"0","Type":"ProductDetailImage","Attributes":{"OriginalFileName":""}},{"ID":"113318485","LowPic":"https://inishop.com/img/gallery_lows/5dabf33169d535d41ee2726060d509066ef06a59.jpg","LowSize":"43174","LowHeight":"200","LowWidth":"200","ThumbPic":"https://inishop.com/img/gallery_thumbs/9ef99228b7b6cf57ed37fe9696f874d1192a50aa.jpg","ThumbPicSize":"8397","Pic":"https://inishop.com/img/gallery/f4c5bf5d98a14718f1468cef2f119ce9b4471f0a.jpg","Size":"1714560","PicHeight":"2000","PicWidth":"2000","Pic500x500":"https://inishop.com/img/gallery_mediums/b0990b38a0822d91e1241759a48a96231797b460.jpg","Pic500x500Size":"226256","Pic500x500Height":"500","Pic500x500Width":"500","No":"4","IsMain":"N","Updated":"2025-08-05 17:08:09","IsPrivate":"0","Type":"LifestyleImage","Attributes":{"OriginalFileName":""}},{"ID":"113318486","LowPic":"https://inishop.com/img/gallery_lows/0b040c970a05bc1db4e33df02ae242660b1b42c4.jpg","LowSize":"41849","LowHeight":"200","LowWidth":"200","ThumbPic":"https://inishop.com/img/gallery_thumbs/acfd86b772496515dca0a39cf0ea60a29959c367.jpg","ThumbPicSize":"8603","Pic":"https://inishop.com/img/gallery/753882e2a2dd19ce69718fa8def8121be8bc337e.jpg","Size":"1624320","PicHeight":"2000","PicWidth":"2000","Pic500x500":"https://inishop.com/img/gallery_mediums/4fc46be00cc22263b8ac8cf5d3da8f9be12f6a77.jpg","Pic500x500Size":"223004","Pic500x500Height":"500","Pic500x500Width":"500","No":"5","IsMain":"N","Updated":"2025-08-05 17:08:15","IsPrivate":"0","Type":"LifestyleImage","Attributes":{"OriginalFileName":""}},{"ID":"113318487","LowPic":"https://inishop.com/img/gallery_lows/b558fee240457647aae0f8b1d5ef87505fb8d712.jpg","LowSize":"45399","LowHeight":"200","LowWidth":"200","ThumbPic":"https://inishop.com/img/gallery_thumbs/379f7a32c5f64d05453da4dbf77d7ba8dd2e8f20.jpg","ThumbPicSize":"7275","Pic":"https://inishop.com/img/gallery/c72879b719d80a1dc028b4095ee91b7da6b44f65.jpg","Size":"1558638","PicHeight":"2000","PicWidth":"2000","Pic500x500":"https://inishop.com/img/gallery_mediums/05a3c513c8b64a244d54c0f22d576b0a88ed76b5.jpg","Pic500x500Size":"249491","Pic500x500Height":"500","Pic500x500Width":"500","No":"6","IsMain":"N","Updated":"2025-08-05 17:08:21","IsPrivate":"0","Type":"LifestyleImage","Attributes":{"OriginalFileName":""}},{"ID":"113318488","LowPic":"https://inishop.com/img/gallery_lows/b7cb70d2c1af871f83c82a80ed55ee6a13953188.jpg","LowSize":"40220","LowHeight":"200","LowWidth":"200","ThumbPic":"https://inishop.com/img/gallery_thumbs/aae5c6b2525ebd3bb15a4651b0f49ea827fabe1f.jpg","ThumbPicSize":"6557","Pic":"https://inishop.com/img/gallery/782a2198f18396f0482a1196cd277b5e84fccf64.jpg","Size":"1397841","PicHeight":"2000","PicWidth":"2000","Pic500x500":"https://inishop.com/img/gallery_mediums/8b4c2ad235c41c486cfd6a41e11ca1be0e0121f3.jpg","Pic500x500Size":"222611","Pic500x500Height":"500","Pic500x500Width":"500","No":"7","IsMain":"N","Updated":"2025-08-05 17:08:27","IsPrivate":"0","Type":"LifestyleImage","Attributes":{"OriginalFileName":""}},{"ID":"113318493","LowPic":"https://inishop.com/img/gallery_lows/b972e57e17c8a5a9a47f0dc16681e7df009df44a.jpg","LowSize":"25698","LowHeight":"200","LowWidth":"200","ThumbPic":"https://inishop.com/img/gallery_thumbs/536a7fecd67982cf2bc4a194ac694b2c1aaf1482.jpg","ThumbPicSize":"6158","Pic":"https://inishop.com/img/gallery/356d7dcff97069e360ee2342003f41695ce5d714.jpg","Size":"559488","PicHeight":"2000","PicWidth":"2000","Pic500x500":"https://inishop.com/img/gallery_mediums/e05043c868c142bea12d5426a25c4fd6c61233f5.jpg","Pic500x500Size":"111415","Pic500x500Height":"500","Pic500x500Width":"500","No":"8","IsMain":"N","Updated":"2025-08-05 17:08:34","IsPrivate":"0","Type":"ProductImage","Attributes":{"OriginalFileName":""}},{"ID":"113318495","LowPic":"https://inishop.com/img/gallery_lows/c270974732ba6c32044f3816fad9445f35094666.jpg","LowSize":"29240","LowHeight":"200","LowWidth":"200","ThumbPic":"https://inishop.com/img/gallery_thumbs/41aa4c5ea8644d27611e8891fb5bbb6baca79b69.jpg","ThumbPicSize":"6512","Pic":"https://inishop.com/img/gallery/21f31740724d5fa10f5dee28fe0f0616403b06f6.jpg","Size":"655462","PicHeight":"2000","PicWidth":"2000","Pic500x500":"https://inishop.com/img/gallery_mediums/f73dbb854bb83dc4e1378165ee80130844b3aade.jpg","Pic500x500Size":"127907","Pic500x500Height":"500","Pic500x500Width":"500","No":"9","IsMain":"N","Updated":"2025-08-05 17:08:37","IsPrivate":"0","Type":"ProductImage","Attributes":{"OriginalFileName":""}}],"FeaturesGroups":[{"ID":12078,"SortNo":"100","FeatureGroup":{"ID":"185","Name":{"Value":"Features","Language":"EN"}},"Features":[{"Localized":0,"ID":819945326,"LocalID":0,"Type":"dropdown","Value":"Women","CategoryFeatureId":"145869","CategoryFeatureGroupID":"12078","SortNo":"10000095","PresentationValue":"Women","RawValue":"Women","LocalValue":"Women","Description":"Who can use the product, or what the product can be used for.","Mandatory":"0","Searchable":"0","Optional":"0","Feature":{"ID":"9202","Sign":"","Measure":{"ID":"29","Sign":"","Signs":{"ID":"","_":"","Language":"EN"}},"Name":{"Value":"Suitable for","Language":"EN"}}},{"Localized":0,"ID":819945327,"LocalID":0,"Type":"dropdown","Value":"Rose","CategoryFeatureId":"105224","CategoryFeatureGroupID":"12078","SortNo":"60","PresentationValue":"Rose","RawValue":"Rose","LocalValue":"Rose","Description":"The broader definiton of the colour spectrum of the product, e.g. black or auburn.","Mandatory":"1","Searchable":"1","Optional":"0","Feature":{"ID":"17357","Sign":"","Measure":{"ID":"29","Sign":"","Signs":{"ID":"","_":"","Language":"EN"}},"Name":{"Value":"Colour group","Language":"EN"}}},{"Localized":0,"ID":819945343,"LocalID":0,"Type":"alphanumeric","Value":"03","CategoryFeatureId":"105225","CategoryFeatureGroupID":"12078","SortNo":"49","PresentationValue":"03","RawValue":"03","LocalValue":"03","Description":"","Mandatory":"1","Searchable":"0","Optional":"0","Feature":{"ID":"17540","Sign":"","Measure":{"ID":"29","Sign":"","Signs":{"ID":"","_":"","Language":"EN"}},"Name":{"Value":"Colour code","Language":"EN"}}},{"Localized":0,"ID":819945347,"LocalID":0,"Type":"text","Value":"Rose And Shine","CategoryFeatureId":"105226","CategoryFeatureGroupID":"12078","SortNo":"48","PresentationValue":"Rose And Shine","RawValue":"Rose And Shine","LocalValue":"Rose And Shine","Description":"","Mandatory":"1","Searchable":"0","Optional":"0","Feature":{"ID":"17956","Sign":"","Measure":{"ID":"29","Sign":"","Signs":{"ID":"","_":"","Language":"EN"}},"Name":{"Value":"Colour name","Language":"EN"}}},{"Localized":0,"ID":819945324,"LocalID":0,"Type":"numerical","Value":"1","CategoryFeatureId":"145622","CategoryFeatureGroupID":"12078","SortNo":"45","PresentationValue":"1 colours","RawValue":"1","LocalValue":"1","Description":"","Mandatory":"1","Searchable":"0","Optional":"0","Feature":{"ID":"3530","Sign":"","Measure":{"ID":"375","Sign":"","Signs":{"ID":"30608","_":"colours","Language":"EN"}},"Name":{"Value":"Number of colours","Language":"EN"}}},{"Localized":0,"ID":819945348,"LocalID":0,"Type":"dropdown","Value":"Shine","CategoryFeatureId":"145871","CategoryFeatureGroupID":"12078","SortNo":"44","PresentationValue":"Shine","RawValue":"Shine","LocalValue":"Shine","Description":"","Mandatory":"0","Searchable":"0","Optional":"0","Feature":{"ID":"12230","Sign":"","Measure":{"ID":"29","Sign":"","Signs":{"ID":"","_":"","Language":"EN"}},"Name":{"Value":"Finishing","Language":"EN"}}},{"Localized":0,"ID":835290641,"LocalID":0,"Type":"dropdown","Value":"Bottle","CategoryFeatureId":"326729","CategoryFeatureGroupID":"12078","SortNo":"44","PresentationValue":"Bottle","RawValue":"Bottle","LocalValue":"Bottle","Description":"The type of container from which the product can be dispensed, e.g. bag, tube etc.","Mandatory":"0","Searchable":"0","Optional":"0","Feature":{"ID":"17965","Sign":"","Measure":{"ID":"29","Sign":"","Signs":{"ID":"","_":"","Language":"EN"}},"Name":{"Value":"Dispenser type","Language":"EN"}}},{"Localized":0,"ID":835290653,"LocalID":0,"Type":"dropdown","Value":"Mechanical (hand winding)","CategoryFeatureId":"326730","CategoryFeatureGroupID":"12078","SortNo":"43","PresentationValue":"Mechanical (hand winding)","RawValue":"Mechanical (hand winding)","LocalValue":"Mechanical (hand winding)","Description":"The type of mechanism used in the product.","Mandatory":"0","Searchable":"0","Optional":"0","Feature":{"ID":"11027","Sign":"","Measure":{"ID":"29","Sign":"","Signs":{"ID":"","_":"","Language":"EN"}},"Name":{"Value":"Mechanism type","Language":"EN"}}},{"Localized":0,"ID":835290660,"LocalID":0,"Type":"dropdown","Value":"Cream (substance)","CategoryFeatureId":"161799","CategoryFeatureGroupID":"12078","SortNo":"40","PresentationValue":"Cream","RawValue":"Cream (substance)","LocalValue":"Cream","Description":"Type of substance, e.g. liquid.","Mandatory":"0","Searchable":"0","Optional":"0","Feature":{"ID":"5658","Sign":"","Measure":{"ID":"29","Sign":"","Signs":{"ID":"","_":"","Language":"EN"}},"Name":{"Value":"Substance","Language":"EN"}}},{"Localized":0,"ID":819945350,"LocalID":0,"Type":"multi_dropdown","Value":"Coloring,Softening","CategoryFeatureId":"145874","CategoryFeatureGroupID":"12078","SortNo":"37","PresentationValue":"Coloring, Softening","RawValue":"Coloring,Softening","LocalValue":"Coloring, Softening","Description":"","Mandatory":"1","Searchable":"0","Optional":"0","Feature":{"ID":"23716","Sign":"","Measure":{"ID":"29","Sign":"","Signs":{"ID":"","_":"","Language":"EN"}},"Name":{"Value":"Lipstick effect","Language":"EN"}}},{"Localized":0,"ID":835290666,"LocalID":0,"Type":"y_n","Value":"Y","CategoryFeatureId":"164978","CategoryFeatureGroupID":"12078","SortNo":"9","PresentationValue":"Yes","RawValue":"Y","LocalValue":"Yes","Description":"","Mandatory":"0","Searchable":"0","Optional":"0","Feature":{"ID":"22607","Sign":"","Measure":{"ID":"26","Sign":"","Signs":{"ID":"","_":"","Language":"EN"}},"Name":{"Value":"Not tested on animals","Language":"EN"}}},{"Localized":0,"ID":819945355,"LocalID":0,"Type":"y_n","Value":"Y","CategoryFeatureId":"168223","CategoryFeatureGroupID":"12078","SortNo":"8","PresentationValue":"Yes","RawValue":"Y","LocalValue":"Yes","Description":"","Mandatory":"0","Searchable":"0","Optional":"0","Feature":{"ID":"26721","Sign":"","Measure":{"ID":"26","Sign":"","Signs":{"ID":"","_":"","Language":"EN"}},"Name":{"Value":"No animal ingredients & by-products","Language":"EN"}}},{"Localized":0,"ID":819945358,"LocalID":0,"Type":"multi_dropdown","Value":"Gluten,Paraben","CategoryFeatureId":"625070","CategoryFeatureGroupID":"12078","SortNo":"0","PresentationValue":"Gluten, Paraben","RawValue":"Gluten,Paraben","LocalValue":"Gluten, Paraben","Description":"","Mandatory":"0","Searchable":"0","Optional":"0","Feature":{"ID":"42516","Sign":"","Measure":{"ID":"29","Sign":"","Signs":{"ID":"","_":"","Language":"EN"}},"Name":{"Value":"Doesn't contain","Language":"EN"}}},{"Localized":0,"ID":835128156,"LocalID":0,"Type":"textarea","Value":"CAPRYLIC/CAPRIC TRIGLYCERIDE, HELIANTHUS ANNUUS (SUNFLOWER) SEED WAX, OCTYLDODECANOL, POLYBUTENE, BIS-DIGLYCERYL POLYACYLADIPATE-2, DIISOSTEARYL MALATE, ETHYLHEXYL PALMITATE, ARGANIA SPINOSA KERNEL OIL, SIMMONDSIA CHINENSIS (JOJOBA) SEED OIL, TOCOPHERYL ACETATE, ETHYLHEXYLGLYCERIN, PHENOXYETHANOL, BENZYL ALCOHOL, PARFUM (FRAGRANCE), VANILLIN, CI 15850 (RED 7 LAKE), CI 77491 (IRON OXIDES), CI 77492 (IRON OXIDES), CI 77499 (IRON OXIDES), CI 77891 (TITANIUM DIOXIDE).","CategoryFeatureId":"105238","CategoryFeatureGroupID":"12078","SortNo":"-80","PresentationValue":"CAPRYLIC/CAPRIC TRIGLYCERIDE, HELIANTHUS ANNUUS (SUNFLOWER) SEED WAX, OCTYLDODECANOL, POLYBUTENE, BIS-DIGLYCERYL POLYACYLADIPATE-2, DIISOSTEARYL MALATE, ETHYLHEXYL PALMITATE, ARGANIA SPINOSA KERNEL OIL, SIMMONDSIA CHINENSIS (JOJOBA) SEED OIL, TOCOPHERYL ACETATE, ETHYLHEXYLGLYCERIN, PHENOXYETHANOL, BENZYL ALCOHOL, PARFUM (FRAGRANCE), VANILLIN, CI 15850 (RED 7 LAKE), CI 77491 (IRON OXIDES), CI 77492 (IRON OXIDES), CI 77499 (IRON OXIDES), CI 77891 (TITANIUM DIOXIDE).","RawValue":"CAPRYLIC/CAPRIC TRIGLYCERIDE, HELIANTHUS ANNUUS (SUNFLOWER) SEED WAX, OCTYLDODECANOL, POLYBUTENE, BIS-DIGLYCERYL POLYACYLADIPATE-2, DIISOSTEARYL MALATE, ETHYLHEXYL PALMITATE, ARGANIA SPINOSA KERNEL OIL, SIMMONDSIA CHINENSIS (JOJOBA) SEED OIL, TOCOPHERYL ACETATE, ETHYLHEXYLGLYCERIN, PHENOXYETHANOL, BENZYL ALCOHOL, PARFUM (FRAGRANCE), VANILLIN, CI 15850 (RED 7 LAKE), CI 77491 (IRON OXIDES), CI 77492 (IRON OXIDES), CI 77499 (IRON OXIDES), CI 77891 (TITANIUM DIOXIDE).","LocalValue":"CAPRYLIC/CAPRIC TRIGLYCERIDE, HELIANTHUS ANNUUS (SUNFLOWER) SEED WAX, OCTYLDODECANOL, POLYBUTENE, BIS-DIGLYCERYL POLYACYLADIPATE-2, DIISOSTEARYL MALATE, ETHYLHEXYL PALMITATE, ARGANIA SPINOSA KERNEL OIL, SIMMONDSIA CHINENSIS (JOJOBA) SEED OIL, TOCOPHERYL ACETATE, ETHYLHEXYLGLYCERIN, PHENOXYETHANOL, BENZYL ALCOHOL, PARFUM (FRAGRANCE), VANILLIN, CI 15850 (RED 7 LAKE), CI 77491 (IRON OXIDES), CI 77492 (IRON OXIDES), CI 77499 (IRON OXIDES), CI 77891 (TITANIUM DIOXIDE).","Description":"","Mandatory":"0","Searchable":"0","Optional":"0","Feature":{"ID":"16908","Sign":"","Measure":{"ID":"29","Sign":"","Signs":{"ID":"","_":"","Language":"EN"}},"Name":{"Value":"Ingredients","Language":"EN"}}},{"Localized":1,"ID":0,"LocalID":554059078,"Type":"textarea","Value":"","CategoryFeatureId":"152452","CategoryFeatureGroupID":"12078","SortNo":"-150","PresentationValue":"Apply the lipstick evenly, starting at the centre of your lips and working outwards. For a perfect finish, outline the contours with a lip liner first before applying the lipstick.","RawValue":"","LocalValue":"Apply the lipstick evenly, starting at the centre of your lips and working outwards. For a perfect finish, outline the contours with a lip liner first before applying the lipstick.","Description":"","Mandatory":"0","Searchable":"0","Optional":"0","Feature":{"ID":"24555","Sign":"","Measure":{"ID":"29","Sign":"","Signs":{"ID":"","_":"","Language":"EN"}},"Name":{"Value":"How to use","Language":"EN"}}}]},{"ID":77427,"SortNo":"0","FeatureGroup":{"ID":"279","Name":{"Value":"Sustainability","Language":"EN"}},"Features":[{"Localized":0,"ID":835128199,"LocalID":0,"Type":"multi_dropdown","Value":"Good for vegan","CategoryFeatureId":"604523","CategoryFeatureGroupID":"77427","SortNo":"0","PresentationValue":"Good for vegan","RawValue":"Good for vegan","LocalValue":"Good for vegan","Description":"","Mandatory":"0","Searchable":"0","Optional":"0","Feature":{"ID":"42513","Sign":"","Measure":{"ID":"29","Sign":"","Signs":{"ID":"","_":"","Language":"EN"}},"Name":{"Value":"Sustainability certificates","Language":"EN"}}}]},{"ID":12077,"SortNo":"-10","FeatureGroup":{"ID":"14","Name":{"Value":"Weight & dimensions","Language":"EN"}},"Features":[{"Localized":0,"ID":819945362,"LocalID":0,"Type":"numerical","Value":"3.5","CategoryFeatureId":"109397","CategoryFeatureGroupID":"12077","SortNo":"100","PresentationValue":"3.5 g","RawValue":"3.5","LocalValue":"3.5","Description":"Maximum amount that something can contain.","Mandatory":"0","Searchable":"0","Optional":"0","Feature":{"ID":"5255","Sign":"","Measure":{"ID":"38","Sign":"","Signs":{"ID":"22","_":"g","Language":"EN"}},"Name":{"Value":"Capacity","Language":"EN"}}}]},{"ID":15807,"SortNo":"-30","FeatureGroup":{"ID":"116","Name":{"Value":"Packaging content","Language":"EN"}},"Features":[{"Localized":0,"ID":819945363,"LocalID":0,"Type":"numerical","Value":"1","CategoryFeatureId":"105233","CategoryFeatureGroupID":"15807","SortNo":"-150","PresentationValue":"1 pc(s)","RawValue":"1","LocalValue":"1","Description":"The number of products that are included in the package.","Mandatory":"1","Searchable":"0","Optional":"0","Feature":{"ID":"5456","Sign":"","Measure":{"ID":"144","Sign":"","Signs":{"ID":"125","_":"pc(s)","Language":"EN"}},"Name":{"Value":"Number of products included","Language":"EN"}}}]}],"FeatureLogos":[{"LogoPic":"https://inishop.com/img/feature_logo/604-9536.png","Width":"300","Height":"300","Size":"0","ThumbPic":"https://inishop.com/img/feature_logo_thumbs/604-9536.png","FeatureID":"42513","Value":"Good for vegan","KeyLogo":0,"Description":{"Value":"Good for vegan","Language":"EN"}}],"ReasonsToBuy":[],"Reviews":[],"ProductRelated":[],"CatalogObjectCloud":{},"Variants":[],"ProductStory":[],"Dictionary":{"model_name":"Product name","desc":"Description","ean_code":"EAN/UPC code","flash360":"3D tour","demo_msg_part3":"If you don't have an Icecat account, please register here for free.","repairability_index":"Repairability index","zoom_panel_init":"Original size","cat_name":"Category","product_family":"Product family","back_to_top":"Back to top","zoom_panel_out":"Zoom out","specs":"Specs","eu_product_fiche":"EU Product Fiche","reviews_head_name":"Reviews","pdf_specs":"Product Brochure","zoom_panel_in":"Zoom in","html_content":"","release_date":"Release date","demo_msg_part1":"You are using now a Demo account. Please, use your own Icecat account","demo_insert_desc":"This is a demo of a seamless insert of an Icecat LIVE product data-sheet in your website. Imagine that this responsive data-sheet is included in the product page of your webshop.","pdf_url":"User manual","prod_code":"Product code","supplier_name":"Brand","video":"Video","reasons_to_buy":"Reasons to buy","marketing_text":"Description","options_head_name":"Options","product_series":"Product series","demo_msg_part2":"your Icecat login name","link_integrate_desk":"How to integrate Icecat LIVE JavaScript.","zoom_panel_dragg":"Mouse dragging","eu_energy_label":"EU Energy Label"},"DemoAccount":false}}