{"msg":"OK","data":{"GeneralInfo":{"IcecatId":132608399,"ReleaseDate":"","EndOfLifeDate":"","Title":"OnePlus 13 17.3 cm (6.82\") Dual SIM Android 15 5G USB Type-C 16 GB 512 GB 6000 mAh Black","TitleInfo":{"GeneratedIntTitle":"OnePlus 13","GeneratedLocalTitle":{"Value":"OnePlus 13 17.3 cm (6.82\") Dual SIM Android 15 5G USB Type-C 16 GB 512 GB 6000 mAh Black","Language":"EN"},"BrandLocalTitle":{"Value":"","Language":"EN"}},"Brand":"OnePlus","BrandID":"11630","BrandLogo":"","BrandInfo":{"BrandName":"OnePlus","BrandLocalName":"","BrandLogo":""},"ProductName":"13","ProductNameInfo":{"ProductIntName":"13","ProductLocalName":{"Value":"","Language":"EN"}},"BrandPartCode":"CPH2653","GTIN":["6921815628033"],"Category":{"CategoryID":"1893","Name":{"Value":"Smartphones","Language":"EN"}},"ProductFamily":{},"ProductSeries":{"SeriesID":"0"},"Description":{"ID":"103342162","LongDesc":"<b>Extreme Performance<br>that endures</b><br>The new Snapdragon® 8 Elite Mobile Platform is the heart that powers the mind of OnePlus AI. With a faster Neural Engine, an improved CPU and GPU, and a big jump in memory bandwidth, your gaming, entertainment, and digital life has never been faster or smoother.<br><br><b>Ultra-slim OnePlus Silicon NanoStack Battery</b><br>All-new, ultra-slim design overflows with power.<br>Delivered by the latest in cutting-edge lithium-silicon technology.<br><br><b>All-day A++ Display</b><br>Witness the all-new, record-breaking 2K ProXDR Display. Achieving an industry-first DisplayMate A++ rating and rated the Best Smartphone Display, swipe into over 20 display performance records. Open your eyes to a new level of color accuracy, brightness and color depth.<br><br><b>Glide without limits</b><br>From rain to being in the shower to oily fingers, next-gen Aqua Touch 2.0 ensures every swipe flows smoothly. Together with the all-new Glove Mode, tap into unparalleled display responsiveness - indoors and out.<br><br><b>Effortlessly connected</b><br>We've covered every angle with omni-directional antennas and Smart Link, so you enjoy faster, smoother and more stable connectivity.<br><br><b>Speed Meets AI</b><br>Experience the power of all-new OnePlus AI. Search smarter, crank up your creativity, and power your productivity for a smoother digital life.<br><br><b>Intelligent Search</b><br>OnePlus AI intelligently understands information from on-device files and notes. Power your search using conversational, human-like prompts.<br><br><b>Make moments magical</b><br>Capture timeless moments with cutting-edge snapshot technology. Elevate them with Clear Burst, dual exposure and Action Mode. It's never been easier to snap crystal-clear images of blazing-fast cars, feisty pets, and even action sports.<br><br><b>Hasselblad perfection<br>in your pocket</b><br>5th-gen Hasselblad Camera for Mobile combines a flagship 50MP triple camera system, Portrait Mode and Master Mode for effortlessly iconic photography. Recreate the unique essence of Hasselblad in every shot.<br><br><b>Every moment is a masterclass</b><br>The upgraded Master Mode delivers authentic Hasselblad photography for moments that resonate.<br><br><b>All-around<br>epic 4K Dolby,<br>all the time</b><br>OnePlus 13 is the first OnePlus phone to capture 4K Dolby Vision video with every camera, including front and rear. Recreate treasured moments with family and friends, or transform videos to cinematic quality with Hollywood-grade technology. An innovative 4-MIC system ensures sensational studio-quality sound, with all-new directional Truepoint Audio creating an immersive soundscape.<br><br><b>Bring photos to life<br>with Livephoto</b><br>Record a moment, pick your favorite frame, and replay the magic for the most share-worthy memories.<br><br><b>Ceramic Guard</b><br>Protected with the latest Ceramic Guard, rated 2 times tougher than standard smartphone glass, enjoy peace of mind with higher drop and scratch resistance.<br><br><b>Comfort that<br>captivates</b><br>A quad-curved design and flat mid-frame blend to create an ultra-light body. Elegant ergonomics deliver a design crafted for luxurious comfort in any orientation.","LongProductName":"6.82\", 3168x1440, Snapdragon 8 Elite, 16GB RAM, 512GB ROM, 50MP+50MP+50MP/32MP, 5G, Wi-Fi 7, Bluetooth 5.4, NFC, 6000 mAh","MiddleDesc":"","Disclaimer":"","ManualPDFURL":"","ManualPDFSize":"0","LeafletPDFURL":"","PDFSize":"0","URL":"https://www.oneplus.com/global/13","WarrantyInfo":"","Updated":"2025-08-11 20:41:13","Language":"EN"},"SummaryDescription":{"ShortSummaryDescription":"OnePlus 13, 17.3 cm (6.82\"), 16 GB, 512 GB, 50 MP, Android 15, Black","LongSummaryDescription":"OnePlus 13. Display diagonal: 17.3 cm (6.82\"), Display resolution: 3168 x 1440 pixels. Processor family: Qualcomm Snapdragon, Processor model: 8 Elite. RAM capacity: 16 GB, RAM type: LPDDR5X, Internal storage capacity: 512 GB. Rear camera resolution (numeric): 50 MP, Rear camera type: Triple camera. SIM card capability: Dual SIM. Operating system installed: Android 15. Battery capacity: 6000 mAh. Product colour: Black. Weight: 213 g"},"BulletPoints":{},"GeneratedBulletPoints":{"Language":"EN","Values":["17.3 cm (6.82\") 3168 x 1440 pixels","Qualcomm Snapdragon 8 Elite","16 GB 512 GB","5G Dual SIM NanoSIM + eSIM","Wi-Fi 5 (802.11ac), Wi-Fi 6 (802.11ax), Wi-Fi 7 (802.11be) Bluetooth 5.4 Near Field Communication (NFC)","Triple camera 50 MP 50 MP 50 MP","6000 mAh Wireless charging","Android 15 OxygenOS"]},"GTINs":[{"GTIN":"6921815628033","IsApproved":true}]},"Image":{"HighPic":"https://inishop.com/img/gallery/ba1947ee474948f3a55a41bcc561ef24c755a435.jpg","HighPicSize":"343439","HighPicHeight":"787","HighPicWidth":"666","LowPic":"https://inishop.com/img/gallery_lows/da409f5f3ef2be44392154feec5af441134e5cec.jpg","LowPicSize":"24155","LowPicHeight":"200","LowPicWidth":"169","Pic500x500":"https://inishop.com/img/gallery_mediums/32e767298f3f24d4f058e4822b896203004e13c9.jpg","Pic500x500Size":"129344","Pic500x500Height":"500","Pic500x500Width":"423","ThumbPic":"https://inishop.com/img/gallery_thumbs/fc14670f2d85edaa4bacc891c2142ed9dd2f3d29.jpg","ThumbPicSize":"5056"},"Multimedia":[{"ID":"D70ADD21-D818-42FE-9E14-E410BEE83B3B","URL":"https://inishop.com/objects/mmo_132608399_1754937670_8844_1995589.pdf","Type":"EU Product Fiche","ContentType":"application/pdf","KeepAsUrl":"0","Description":"EU Product Fiche","Size":"87571","IsPrivate":"0","Updated":"2025-08-11 20:41:10","Language":"EN","IsVideo":0},{"ID":"A9ED6C2A-E3A8-4C98-BD44-939FEB3D4C67","URL":"https://inishop.com/objects/mmo_132608399_1754937670_8506_1995589.pdf","Type":"EU Energy Label","ContentType":"application/pdf","KeepAsUrl":"0","Description":"EU Energy Label","Size":"487456","IsPrivate":"0","Updated":"2025-08-11 20:41:13","Language":"","IsVideo":0,"EprelLink":"https://eprel.ec.europa.eu/qr/2259715","LabelType":"rescaled","ConvertedURL":"https://inishop.com/objects/132608399_67286243.jpeg","ConvertedContentType":"image/jpeg","ConvertedSize":215180,"EprelId":2259715}],"Gallery":[{"ID":"113525598","LowPic":"https://inishop.com/img/gallery_lows/da409f5f3ef2be44392154feec5af441134e5cec.jpg","LowSize":"24155","LowHeight":"200","LowWidth":"169","ThumbPic":"https://inishop.com/img/gallery_thumbs/fc14670f2d85edaa4bacc891c2142ed9dd2f3d29.jpg","ThumbPicSize":"5056","Pic":"https://inishop.com/img/gallery/ba1947ee474948f3a55a41bcc561ef24c755a435.jpg","Size":"343439","PicHeight":"787","PicWidth":"666","Pic500x500":"https://inishop.com/img/gallery_mediums/32e767298f3f24d4f058e4822b896203004e13c9.jpg","Pic500x500Size":"129344","Pic500x500Height":"500","Pic500x500Width":"423","No":"2","IsMain":"Y","Updated":"2025-08-11 20:42:44","IsPrivate":"0","Type":"ProductImage","Attributes":{"OriginalFileName":""}},{"ID":"113525589","LowPic":"https://inishop.com/img/gallery_lows/23a6d6f388b7a36be436ad1ff4011ebb2ffd46cc.jpg","LowSize":"20712","LowHeight":"200","LowWidth":"170","ThumbPic":"https://inishop.com/img/gallery_thumbs/e60788d2598c85edebe1ab3f4d77089d31a3512b.jpg","ThumbPicSize":"4867","Pic":"https://inishop.com/img/gallery/338b150270f7551f6d9ce057cf89d86d753a8103.jpg","Size":"259055","PicHeight":"787","PicWidth":"669","Pic500x500":"https://inishop.com/img/gallery_mediums/a11eb063075ef6245c3887ff576d7b81340c8699.jpg","Pic500x500Size":"99928","Pic500x500Height":"500","Pic500x500Width":"425","No":"3","IsMain":"N","Updated":"2025-08-11 20:42:44","IsPrivate":"0","Type":"ProductImage","Attributes":{"OriginalFileName":""}},{"ID":"113525596","LowPic":"https://inishop.com/img/gallery_lows/963b0ef1b79c5a559c021108c2ead135f748be97.jpg","LowSize":"17260","LowHeight":"200","LowWidth":"152","ThumbPic":"https://inishop.com/img/gallery_thumbs/4b933936c19a6cc9a9702dd7261c5a25de5a5406.jpg","ThumbPicSize":"3427","Pic":"https://inishop.com/img/gallery/13274302937d8e837368db91596ddaa39cfd04f9.jpg","Size":"304216","PicHeight":"871","PicWidth":"660","Pic500x500":"https://inishop.com/img/gallery_mediums/33fa750d5565326df15dc5a4a1df51b46511e0af.jpg","Pic500x500Size":"98953","Pic500x500Height":"500","Pic500x500Width":"379","No":"4","IsMain":"N","Updated":"2025-08-11 20:42:44","IsPrivate":"0","Type":"ProductDetailImage","Attributes":{"OriginalFileName":""}}],"FeaturesGroups":[{"ID":6883,"SortNo":"100","FeatureGroup":{"ID":"5","Name":{"Value":"Display","Language":"EN"}},"Features":[{"Localized":0,"ID":820838693,"LocalID":0,"Type":"numerical","Value":"6.82","CategoryFeatureId":"51494","CategoryFeatureGroupID":"6883","SortNo":"500","PresentationValue":"17.3 cm (6.82\")","RawValue":"6.82","LocalValue":"17.3","Description":"Size of the display for this product, measured diagonally, usually in inches.","Mandatory":"1","Searchable":"1","Optional":"0","Feature":{"ID":"944","Sign":"","Measure":{"ID":"16","Sign":"","Signs":{"ID":"11","_":"\"","Language":"EN"}},"Name":{"Value":"Display diagonal","Language":"EN"}}},{"Localized":0,"ID":820838752,"LocalID":0,"Type":"dropdown","Value":"Flat screen","CategoryFeatureId":"166023","CategoryFeatureGroupID":"6883","SortNo":"32","PresentationValue":"Flat","RawValue":"Flat screen","LocalValue":"Flat","Description":"","Mandatory":"0","Searchable":"0","Optional":"0","Feature":{"ID":"17554","Sign":"","Measure":{"ID":"29","Sign":"","Signs":{"ID":"","_":"","Language":"EN"}},"Name":{"Value":"Screen shape","Language":"EN"}}},{"Localized":0,"ID":820838700,"LocalID":0,"Type":"2d","Value":"3168 x 1440","CategoryFeatureId":"51495","CategoryFeatureGroupID":"6883","SortNo":"26","PresentationValue":"3168 x 1440 pixels","RawValue":"3168 x 1440","LocalValue":"3168 x 1440","Description":"The number of distinct pixels in each dimension that can be displayed. It is usually quoted as width × height, with the units in pixels: for example, \"1024 × 768\" means the width is 1024 pixels and the height is 768 pixels. The higher the number of pixels, the sharper the image.","Mandatory":"1","Searchable":"1","Optional":"0","Feature":{"ID":"1585","Sign":"","Measure":{"ID":"39","Sign":"","Signs":{"ID":"23","_":"pixels","Language":"EN"}},"Name":{"Value":"Display resolution","Language":"EN"}}},{"Localized":0,"ID":820838698,"LocalID":0,"Type":"numerical","Value":"10","CategoryFeatureId":"967753","CategoryFeatureGroupID":"6883","SortNo":"24","PresentationValue":"10 bit","RawValue":"10","LocalValue":"10","Description":"","Mandatory":"0","Searchable":"0","Optional":"0","Feature":{"ID":"1550","Sign":"","Measure":{"ID":"50","Sign":"","Signs":{"ID":"34","_":"bit","Language":"EN"}},"Name":{"Value":"Colour depth","Language":"EN"}}},{"Localized":0,"ID":820838742,"LocalID":0,"Type":"dropdown","Value":"19.8:9","CategoryFeatureId":"684445","CategoryFeatureGroupID":"6883","SortNo":"23","PresentationValue":"19.8:9","RawValue":"19.8:9","LocalValue":"19.8:9","Description":"The aspect ratio is the ratio of the width of an image to its height. The native aspect ratio is the one which the projector/display is particularly designed for. Images shown in native aspect ratio will utilize the entire resolution of the display and achieve maximum brightness. Images shown in other than native aspect ratio will always have less resolution and less brightness than images shown in native aspect ratio.","Mandatory":"0","Searchable":"0","Optional":"0","Feature":{"ID":"11417","Sign":"","Measure":{"ID":"29","Sign":"","Signs":{"ID":"","_":"","Language":"EN"}},"Name":{"Value":"Native aspect ratio","Language":"EN"}}},{"Localized":0,"ID":820838725,"LocalID":0,"Type":"numerical","Value":"120","CategoryFeatureId":"329450","CategoryFeatureGroupID":"6883","SortNo":"21","PresentationValue":"120 Hz","RawValue":"120","LocalValue":"120","Description":"","Mandatory":"0","Searchable":"0","Optional":"0","Feature":{"ID":"7450","Sign":"","Measure":{"ID":"36","Sign":"","Signs":{"ID":"20","_":"Hz","Language":"EN"}},"Name":{"Value":"Maximum refresh rate","Language":"EN"}}},{"Localized":0,"ID":820838696,"LocalID":0,"Type":"numerical","Value":"1600","CategoryFeatureId":"51677","CategoryFeatureGroupID":"6883","SortNo":"20","PresentationValue":"1600 cd/m²","RawValue":"1600","LocalValue":"1600","Description":"Brightness is the amount of radiating light emitted from the screen. The brightness rating is measured in candellas per square meter, commonly known as 'nits'.","Mandatory":"0","Searchable":"0","Optional":"0","Feature":{"ID":"1389","Sign":"","Measure":{"ID":"43","Sign":"","Signs":{"ID":"27","_":"cd/m²","Language":"EN"}},"Name":{"Value":"Display brightness","Language":"EN"}}},{"Localized":0,"ID":820838775,"LocalID":0,"Type":"y_n","Value":"Y","CategoryFeatureId":"317062","CategoryFeatureGroupID":"6883","SortNo":"11","PresentationValue":"Yes","RawValue":"Y","LocalValue":"Yes","Description":"","Mandatory":"0","Searchable":"0","Optional":"0","Feature":{"ID":"36310","Sign":"","Measure":{"ID":"26","Sign":"","Signs":{"ID":"","_":"","Language":"EN"}},"Name":{"Value":"High Dynamic Range (HDR) supported","Language":"EN"}}},{"Localized":0,"ID":820838792,"LocalID":0,"Type":"multi_dropdown","Value":"Dolby Vision,High Dynamic Range 10+ (HDR10 Plus)","CategoryFeatureId":"333210","CategoryFeatureGroupID":"6883","SortNo":"10","PresentationValue":"Dolby Vision, High Dynamic Range 10+ (HDR10 Plus)","RawValue":"Dolby Vision,High Dynamic Range 10+ (HDR10 Plus)","LocalValue":"Dolby Vision, High Dynamic Range 10+ (HDR10 Plus)","Description":"","Mandatory":"0","Searchable":"0","Optional":"0","Feature":{"ID":"40712","Sign":"","Measure":{"ID":"29","Sign":"","Signs":{"ID":"","_":"","Language":"EN"}},"Name":{"Value":"High Dynamic Range (HDR) technology","Language":"EN"}}},{"Localized":0,"ID":820838747,"LocalID":0,"Type":"numerical","Value":"510","CategoryFeatureId":"103274","CategoryFeatureGroupID":"6883","SortNo":"0","PresentationValue":"510 ppi","RawValue":"510","LocalValue":"510","Description":"","Mandatory":"0","Searchable":"0","Optional":"0","Feature":{"ID":"13246","Sign":"","Measure":{"ID":"243","Sign":"","Signs":{"ID":"14247","_":"ppi","Language":"EN"}},"Name":{"Value":"Pixel density","Language":"EN"}}}]},{"ID":6884,"SortNo":"96","FeatureGroup":{"ID":"1","Name":{"Value":"Processor","Language":"EN"}},"Features":[{"Localized":0,"ID":820838709,"LocalID":0,"Type":"dropdown","Value":"Qualcomm Snapdragon","CategoryFeatureId":"101566","CategoryFeatureGroupID":"6884","SortNo":"1005020","PresentationValue":"Qualcomm Snapdragon","RawValue":"Qualcomm Snapdragon","LocalValue":"Qualcomm Snapdragon","Description":"A family of processors is a group of processors produced by one company over a short period of time e.g. Intel Pentium processors.","Mandatory":"1","Searchable":"0","Optional":"0","Feature":{"ID":"2196","Sign":"","Measure":{"ID":"29","Sign":"","Signs":{"ID":"","_":"","Language":"EN"}},"Name":{"Value":"Processor family","Language":"EN"}}},{"Localized":0,"ID":820838684,"LocalID":0,"Type":"dropdown","Value":"8 Elite","CategoryFeatureId":"51651","CategoryFeatureGroupID":"6884","SortNo":"1005010","PresentationValue":"8 Elite","RawValue":"8 Elite","LocalValue":"8 Elite","Description":"The model number for the processor in a computer.","Mandatory":"1","Searchable":"0","Optional":"0","Feature":{"ID":"47","Sign":"","Measure":{"ID":"29","Sign":"","Signs":{"ID":"","_":"","Language":"EN"}},"Name":{"Value":"Processor model","Language":"EN"}}},{"Localized":0,"ID":820838729,"LocalID":0,"Type":"numerical","Value":"4.32","CategoryFeatureId":"142925","CategoryFeatureGroupID":"6884","SortNo":"290","PresentationValue":"4.32 GHz","RawValue":"4.32","LocalValue":"4.32","Description":"The turbo boost is an automatic, managed accelleration of the processor when one of the cores is overloaded.","Mandatory":"0","Searchable":"0","Optional":"0","Feature":{"ID":"7978","Sign":"","Measure":{"ID":"37","Sign":"","Signs":{"ID":"21","_":"GHz","Language":"EN"}},"Name":{"Value":"Processor boost frequency","Language":"EN"}}}]},{"ID":6887,"SortNo":"92","FeatureGroup":{"ID":"47","Name":{"Value":"Storage","Language":"EN"}},"Features":[{"Localized":0,"ID":820838727,"LocalID":0,"Type":"numerical","Value":"16","CategoryFeatureId":"180947","CategoryFeatureGroupID":"6887","SortNo":"40","PresentationValue":"16 GB","RawValue":"16","LocalValue":"16","Description":"","Mandatory":"1","Searchable":"1","Optional":"0","Feature":{"ID":"7861","Sign":"","Measure":{"ID":"20","Sign":"","Signs":{"ID":"7","_":"GB","Language":"EN"}},"Name":{"Value":"RAM capacity","Language":"EN"}}},{"Localized":0,"ID":820838746,"LocalID":0,"Type":"dropdown","Value":"LPDDR5X","CategoryFeatureId":"125427","CategoryFeatureGroupID":"6887","SortNo":"39","PresentationValue":"LPDDR5X","RawValue":"LPDDR5X","LocalValue":"LPDDR5X","Description":"The type of RAM (random access memory) inside the device e.g. DDR3.","Mandatory":"0","Searchable":"0","Optional":"0","Feature":{"ID":"12991","Sign":"","Measure":{"ID":"29","Sign":"","Signs":{"ID":"","_":"","Language":"EN"}},"Name":{"Value":"RAM type","Language":"EN"}}},{"Localized":0,"ID":820838735,"LocalID":0,"Type":"numerical","Value":"512","CategoryFeatureId":"51697","CategoryFeatureGroupID":"6887","SortNo":"38","PresentationValue":"512 GB","RawValue":"512","LocalValue":"512","Description":"The amount e.g of data which can be stored inside the device.","Mandatory":"1","Searchable":"1","Optional":"0","Feature":{"ID":"8730","Sign":"","Measure":{"ID":"20","Sign":"","Signs":{"ID":"7","_":"GB","Language":"EN"}},"Name":{"Value":"Internal storage capacity","Language":"EN"}}}]},{"ID":6888,"SortNo":"88","FeatureGroup":{"ID":"95","Name":{"Value":"Camera","Language":"EN"}},"Features":[{"Localized":0,"ID":820838783,"LocalID":0,"Type":"alphanumeric","Value":"1/1.4","CategoryFeatureId":"259227","CategoryFeatureGroupID":"6888","SortNo":"10000046","PresentationValue":"1/1.4\"","RawValue":"1/1.4","LocalValue":"1/1.4","Description":"","Mandatory":"0","Searchable":"0","Optional":"0","Feature":{"ID":"36920","Sign":"","Measure":{"ID":"16","Sign":"","Signs":{"ID":"11","_":"\"","Language":"EN"}},"Name":{"Value":"Rear camera sensor size","Language":"EN"}}},{"Localized":0,"ID":820838784,"LocalID":0,"Type":"alphanumeric","Value":"1/1.95","CategoryFeatureId":"259228","CategoryFeatureGroupID":"6888","SortNo":"10000046","PresentationValue":"1/1.95\"","RawValue":"1/1.95","LocalValue":"1/1.95","Description":"","Mandatory":"0","Searchable":"0","Optional":"0","Feature":{"ID":"36921","Sign":"","Measure":{"ID":"16","Sign":"","Signs":{"ID":"11","_":"\"","Language":"EN"}},"Name":{"Value":"Second rear camera sensor size","Language":"EN"}}},{"Localized":0,"ID":820838796,"LocalID":0,"Type":"alphanumeric","Value":"1/2.75","CategoryFeatureId":"594850","CategoryFeatureGroupID":"6888","SortNo":"10000045","PresentationValue":"1/2.75\"","RawValue":"1/2.75","LocalValue":"1/2.75","Description":"","Mandatory":"0","Searchable":"0","Optional":"0","Feature":{"ID":"42366","Sign":"","Measure":{"ID":"16","Sign":"","Signs":{"ID":"11","_":"\"","Language":"EN"}},"Name":{"Value":"Third rear camera sensor size","Language":"EN"}}},{"Localized":0,"ID":820838744,"LocalID":0,"Type":"numerical","Value":"50","CategoryFeatureId":"175570","CategoryFeatureGroupID":"6888","SortNo":"10500","PresentationValue":"50 MP","RawValue":"50","LocalValue":"50","Description":"The resolution of the images produced with the rear camera, given in MP (megapixel. 1 MP = 1 million pixels).","Mandatory":"1","Searchable":"0","Optional":"0","Feature":{"ID":"12435","Sign":"","Measure":{"ID":"165","Sign":"","Signs":{"ID":"3126","_":"MP","Language":"EN"}},"Name":{"Value":"Rear camera resolution (numeric)","Language":"EN"}}},{"Localized":0,"ID":820838760,"LocalID":0,"Type":"numerical","Value":"50","CategoryFeatureId":"175584","CategoryFeatureGroupID":"6888","SortNo":"10495","PresentationValue":"50 MP","RawValue":"50","LocalValue":"50","Description":"","Mandatory":"0","Searchable":"0","Optional":"0","Feature":{"ID":"27588","Sign":"","Measure":{"ID":"165","Sign":"","Signs":{"ID":"3126","_":"MP","Language":"EN"}},"Name":{"Value":"Second rear camera resolution (numeric)","Language":"EN"}}},{"Localized":0,"ID":820838773,"LocalID":0,"Type":"numerical","Value":"50","CategoryFeatureId":"249788","CategoryFeatureGroupID":"6888","SortNo":"10490","PresentationValue":"50 MP","RawValue":"50","LocalValue":"50","Description":"","Mandatory":"0","Searchable":"0","Optional":"0","Feature":{"ID":"35935","Sign":"","Measure":{"ID":"165","Sign":"","Signs":{"ID":"3126","_":"MP","Language":"EN"}},"Name":{"Value":"Third rear camera resolution (numeric)","Language":"EN"}}},{"Localized":0,"ID":820838761,"LocalID":0,"Type":"numerical","Value":"1.6","CategoryFeatureId":"175601","CategoryFeatureGroupID":"6888","SortNo":"10470","PresentationValue":"1.6","RawValue":"1.6","LocalValue":"1.6","Description":"","Mandatory":"0","Searchable":"0","Optional":"0","Feature":{"ID":"27597","Sign":"","Measure":{"ID":"29","Sign":"","Signs":{"ID":"","_":"","Language":"EN"}},"Name":{"Value":"Rear camera aperture number","Language":"EN"}}},{"Localized":0,"ID":820838762,"LocalID":0,"Type":"numerical","Value":"2.6","CategoryFeatureId":"175602","CategoryFeatureGroupID":"6888","SortNo":"10460","PresentationValue":"2.6","RawValue":"2.6","LocalValue":"2.6","Description":"","Mandatory":"0","Searchable":"0","Optional":"0","Feature":{"ID":"27598","Sign":"","Measure":{"ID":"29","Sign":"","Signs":{"ID":"","_":"","Language":"EN"}},"Name":{"Value":"Second rear camera aperture number","Language":"EN"}}},{"Localized":0,"ID":820838774,"LocalID":0,"Type":"numerical","Value":"2","CategoryFeatureId":"249789","CategoryFeatureGroupID":"6888","SortNo":"10455","PresentationValue":"2","RawValue":"2","LocalValue":"2","Description":"","Mandatory":"0","Searchable":"0","Optional":"0","Feature":{"ID":"35936","Sign":"","Measure":{"ID":"29","Sign":"","Signs":{"ID":"","_":"","Language":"EN"}},"Name":{"Value":"Third rear camera aperture number","Language":"EN"}}},{"Localized":0,"ID":820838777,"LocalID":0,"Type":"numerical","Value":"1.12","CategoryFeatureId":"259219","CategoryFeatureGroupID":"6888","SortNo":"10430","PresentationValue":"1.12 µm","RawValue":"1.12","LocalValue":"1.12","Description":"","Mandatory":"0","Searchable":"0","Optional":"0","Feature":{"ID":"36910","Sign":"","Measure":{"ID":"70","Sign":"","Signs":{"ID":"53","_":"µm","Language":"EN"}},"Name":{"Value":"Rear camera pixel size","Language":"EN"}}},{"Localized":0,"ID":820838778,"LocalID":0,"Type":"numerical","Value":"0.8","CategoryFeatureId":"259220","CategoryFeatureGroupID":"6888","SortNo":"10429","PresentationValue":"0.8 µm","RawValue":"0.8","LocalValue":"0.8","Description":"","Mandatory":"0","Searchable":"0","Optional":"0","Feature":{"ID":"36911","Sign":"","Measure":{"ID":"70","Sign":"","Signs":{"ID":"53","_":"µm","Language":"EN"}},"Name":{"Value":"Second rear camera pixel size","Language":"EN"}}},{"Localized":0,"ID":820838788,"LocalID":0,"Type":"numerical","Value":"0.64","CategoryFeatureId":"309398","CategoryFeatureGroupID":"6888","SortNo":"10428","PresentationValue":"0.64 µm","RawValue":"0.64","LocalValue":"0.64","Description":"","Mandatory":"0","Searchable":"0","Optional":"0","Feature":{"ID":"38691","Sign":"","Measure":{"ID":"70","Sign":"","Signs":{"ID":"53","_":"µm","Language":"EN"}},"Name":{"Value":"Third rear camera pixel size","Language":"EN"}}},{"Localized":0,"ID":820838780,"LocalID":0,"Type":"numerical","Value":"85","CategoryFeatureId":"259225","CategoryFeatureGroupID":"6888","SortNo":"10405","PresentationValue":"85°","RawValue":"85","LocalValue":"85","Description":"","Mandatory":"0","Searchable":"0","Optional":"0","Feature":{"ID":"36916","Sign":"","Measure":{"ID":"32","Sign":"","Signs":{"ID":"16","_":"°","Language":"EN"}},"Name":{"Value":"Rear camera field of view (FOV) angle","Language":"EN"}}},{"Localized":0,"ID":820838781,"LocalID":0,"Type":"numerical","Value":"32.8","CategoryFeatureId":"259226","CategoryFeatureGroupID":"6888","SortNo":"10404","PresentationValue":"32.8°","RawValue":"32.8","LocalValue":"32.8","Description":"","Mandatory":"0","Searchable":"0","Optional":"0","Feature":{"ID":"36917","Sign":"","Measure":{"ID":"32","Sign":"","Signs":{"ID":"16","_":"°","Language":"EN"}},"Name":{"Value":"Second rear camera field of view (FOV) angle","Language":"EN"}}},{"Localized":0,"ID":820838787,"LocalID":0,"Type":"numerical","Value":"120","CategoryFeatureId":"302246","CategoryFeatureGroupID":"6888","SortNo":"10403","PresentationValue":"120°","RawValue":"120","LocalValue":"120","Description":"","Mandatory":"0","Searchable":"0","Optional":"0","Feature":{"ID":"38334","Sign":"","Measure":{"ID":"32","Sign":"","Signs":{"ID":"16","_":"°","Language":"EN"}},"Name":{"Value":"Third rear camera field of view (FOV) angle","Language":"EN"}}},{"Localized":0,"ID":820838797,"LocalID":0,"Type":"numerical","Value":"23","CategoryFeatureId":"595157","CategoryFeatureGroupID":"6888","SortNo":"10402","PresentationValue":"2.3 cm","RawValue":"23","LocalValue":"2.3","Description":"","Mandatory":"0","Searchable":"0","Optional":"0","Feature":{"ID":"42437","Sign":"","Measure":{"ID":"24","Sign":"","Signs":{"ID":"3","_":"mm","Language":"EN"}},"Name":{"Value":"Rear camera focal length","Language":"EN"}}},{"Localized":0,"ID":820838798,"LocalID":0,"Type":"numerical","Value":"73","CategoryFeatureId":"595158","CategoryFeatureGroupID":"6888","SortNo":"10401","PresentationValue":"7.3 cm","RawValue":"73","LocalValue":"7.3","Description":"","Mandatory":"0","Searchable":"0","Optional":"0","Feature":{"ID":"42438","Sign":"","Measure":{"ID":"24","Sign":"","Signs":{"ID":"3","_":"mm","Language":"EN"}},"Name":{"Value":"Second rear camera focal length","Language":"EN"}}},{"Localized":0,"ID":820838799,"LocalID":0,"Type":"numerical","Value":"15","CategoryFeatureId":"595159","CategoryFeatureGroupID":"6888","SortNo":"10400","PresentationValue":"1.5 cm","RawValue":"15","LocalValue":"1.5","Description":"","Mandatory":"0","Searchable":"0","Optional":"0","Feature":{"ID":"42439","Sign":"","Measure":{"ID":"24","Sign":"","Signs":{"ID":"3","_":"mm","Language":"EN"}},"Name":{"Value":"Third rear camera focal length","Language":"EN"}}},{"Localized":0,"ID":820838801,"LocalID":0,"Type":"dropdown","Value":"7-element lens","CategoryFeatureId":"595161","CategoryFeatureGroupID":"6888","SortNo":"10399","PresentationValue":"7-element lens","RawValue":"7-element lens","LocalValue":"7-element lens","Description":"","Mandatory":"0","Searchable":"0","Optional":"0","Feature":{"ID":"42442","Sign":"","Measure":{"ID":"29","Sign":"","Signs":{"ID":"","_":"","Language":"EN"}},"Name":{"Value":"Rear camera lens elements","Language":"EN"}}},{"Localized":0,"ID":820838800,"LocalID":0,"Type":"dropdown","Value":"6-element lens","CategoryFeatureId":"803830","CategoryFeatureGroupID":"6888","SortNo":"10397","PresentationValue":"6-element lens","RawValue":"6-element lens","LocalValue":"6-element lens","Description":"","Mandatory":"0","Searchable":"0","Optional":"0","Feature":{"ID":"42440","Sign":"","Measure":{"ID":"29","Sign":"","Signs":{"ID":"","_":"","Language":"EN"}},"Name":{"Value":"Third rear camera lens elements","Language":"EN"}}},{"Localized":0,"ID":820838803,"LocalID":0,"Type":"dropdown","Value":"5-element lens","CategoryFeatureId":"926915","CategoryFeatureGroupID":"6888","SortNo":"10397","PresentationValue":"5-element lens","RawValue":"5-element lens","LocalValue":"5-element lens","Description":"","Mandatory":"0","Searchable":"0","Optional":"0","Feature":{"ID":"45978","Sign":"","Measure":{"ID":"29","Sign":"","Signs":{"ID":"","_":"","Language":"EN"}},"Name":{"Value":"Front camera lens elements","Language":"EN"}}},{"Localized":0,"ID":820838685,"LocalID":0,"Type":"numerical","Value":"120","CategoryFeatureId":"51756","CategoryFeatureGroupID":"6888","SortNo":"10392","PresentationValue":"120x","RawValue":"120","LocalValue":"120","Description":"Indicates the digital zoom capacity, the number of times that the picture is enlarged thanks to digital technology.","Mandatory":"0","Searchable":"0","Optional":"0","Feature":{"ID":"48","Sign":"","Measure":{"ID":"33","Sign":"","Signs":{"ID":"17","_":"x","Language":"EN"}},"Name":{"Value":"Digital zoom","Language":"EN"}}},{"Localized":0,"ID":820838767,"LocalID":0,"Type":"dropdown","Value":"Single camera","CategoryFeatureId":"222716","CategoryFeatureGroupID":"6888","SortNo":"10300","PresentationValue":"Single camera","RawValue":"Single camera","LocalValue":"Single camera","Description":"Indicates the type of the camera at the front of the product, dual or single.","Mandatory":"1","Searchable":"0","Optional":"0","Feature":{"ID":"33562","Sign":"","Measure":{"ID":"29","Sign":"","Signs":{"ID":"","_":"","Language":"EN"}},"Name":{"Value":"Front camera type","Language":"EN"}}},{"Localized":0,"ID":820838785,"LocalID":0,"Type":"alphanumeric","Value":"1/2.74","CategoryFeatureId":"259232","CategoryFeatureGroupID":"6888","SortNo":"10299","PresentationValue":"1/2.74\"","RawValue":"1/2.74","LocalValue":"1/2.74","Description":"","Mandatory":"0","Searchable":"0","Optional":"0","Feature":{"ID":"36922","Sign":"","Measure":{"ID":"16","Sign":"","Signs":{"ID":"11","_":"\"","Language":"EN"}},"Name":{"Value":"Front camera sensor size","Language":"EN"}}},{"Localized":0,"ID":820838745,"LocalID":0,"Type":"numerical","Value":"32","CategoryFeatureId":"175580","CategoryFeatureGroupID":"6888","SortNo":"10297","PresentationValue":"32 MP","RawValue":"32","LocalValue":"32","Description":"","Mandatory":"1","Searchable":"0","Optional":"0","Feature":{"ID":"12437","Sign":"","Measure":{"ID":"165","Sign":"","Signs":{"ID":"3126","_":"MP","Language":"EN"}},"Name":{"Value":"Front camera resolution (numeric)","Language":"EN"}}},{"Localized":0,"ID":820838763,"LocalID":0,"Type":"numerical","Value":"2.4","CategoryFeatureId":"175652","CategoryFeatureGroupID":"6888","SortNo":"10290","PresentationValue":"2.4","RawValue":"2.4","LocalValue":"2.4","Description":"","Mandatory":"0","Searchable":"0","Optional":"0","Feature":{"ID":"27601","Sign":"","Measure":{"ID":"29","Sign":"","Signs":{"ID":"","_":"","Language":"EN"}},"Name":{"Value":"Front camera aperture number","Language":"EN"}}},{"Localized":0,"ID":820838779,"LocalID":0,"Type":"numerical","Value":"0.8","CategoryFeatureId":"259229","CategoryFeatureGroupID":"6888","SortNo":"10280","PresentationValue":"0.8 µm","RawValue":"0.8","LocalValue":"0.8","Description":"","Mandatory":"0","Searchable":"0","Optional":"0","Feature":{"ID":"36912","Sign":"","Measure":{"ID":"70","Sign":"","Signs":{"ID":"53","_":"µm","Language":"EN"}},"Name":{"Value":"Front camera pixel size","Language":"EN"}}},{"Localized":0,"ID":820838782,"LocalID":0,"Type":"numerical","Value":"90","CategoryFeatureId":"259231","CategoryFeatureGroupID":"6888","SortNo":"10270","PresentationValue":"90°","RawValue":"90","LocalValue":"90","Description":"","Mandatory":"0","Searchable":"0","Optional":"0","Feature":{"ID":"36918","Sign":"","Measure":{"ID":"32","Sign":"","Signs":{"ID":"16","_":"°","Language":"EN"}},"Name":{"Value":"Front camera field of view (FOV) angle","Language":"EN"}}},{"Localized":0,"ID":820838776,"LocalID":0,"Type":"y_n","Value":"Y","CategoryFeatureId":"257040","CategoryFeatureGroupID":"6888","SortNo":"10200","PresentationValue":"Yes","RawValue":"Y","LocalValue":"Yes","Description":"Whether or not the rear camera features its own flash.","Mandatory":"1","Searchable":"0","Optional":"0","Feature":{"ID":"36602","Sign":"","Measure":{"ID":"26","Sign":"","Signs":{"ID":"","_":"","Language":"EN"}},"Name":{"Value":"Rear camera flash","Language":"EN"}}},{"Localized":0,"ID":820838721,"LocalID":0,"Type":"dropdown","Value":"LED","CategoryFeatureId":"51506","CategoryFeatureGroupID":"6888","SortNo":"10195","PresentationValue":"LED","RawValue":"LED","LocalValue":"LED","Description":"","Mandatory":"0","Searchable":"0","Optional":"0","Feature":{"ID":"6697","Sign":"","Measure":{"ID":"29","Sign":"","Signs":{"ID":"","_":"","Language":"EN"}},"Name":{"Value":"Flash type","Language":"EN"}}},{"Localized":0,"ID":820838759,"LocalID":0,"Type":"dropdown","Value":"Triple camera","CategoryFeatureId":"175569","CategoryFeatureGroupID":"6888","SortNo":"200","PresentationValue":"Triple camera","RawValue":"Triple camera","LocalValue":"Triple camera","Description":"Indicates the type of the camera at the back of the product, dual or single.","Mandatory":"1","Searchable":"1","Optional":"0","Feature":{"ID":"27587","Sign":"","Measure":{"ID":"29","Sign":"","Signs":{"ID":"","_":"","Language":"EN"}},"Name":{"Value":"Rear camera type","Language":"EN"}}},{"Localized":0,"ID":820838701,"LocalID":0,"Type":"y_n","Value":"Y","CategoryFeatureId":"51507","CategoryFeatureGroupID":"6888","SortNo":"195","PresentationValue":"Yes","RawValue":"Y","LocalValue":"Yes","Description":"Device focusing a camera or other piece of equipment automatically.","Mandatory":"0","Searchable":"0","Optional":"0","Feature":{"ID":"1614","Sign":"","Measure":{"ID":"26","Sign":"","Signs":{"ID":"","_":"","Language":"EN"}},"Name":{"Value":"Auto focus","Language":"EN"}}},{"Localized":0,"ID":820838805,"LocalID":0,"Type":"y_n","Value":"Y","CategoryFeatureId":"932746","CategoryFeatureGroupID":"6888","SortNo":"39","PresentationValue":"Yes","RawValue":"Y","LocalValue":"Yes","Description":"","Mandatory":"0","Searchable":"0","Optional":"0","Feature":{"ID":"46540","Sign":"","Measure":{"ID":"26","Sign":"","Signs":{"ID":"","_":"","Language":"EN"}},"Name":{"Value":"Camera High Dynamic Range (HDR) mode","Language":"EN"}}},{"Localized":0,"ID":820838766,"LocalID":0,"Type":"y_n","Value":"Y","CategoryFeatureId":"226800","CategoryFeatureGroupID":"6888","SortNo":"27","PresentationValue":"Yes","RawValue":"Y","LocalValue":"Yes","Description":"","Mandatory":"0","Searchable":"0","Optional":"0","Feature":{"ID":"28715","Sign":"","Measure":{"ID":"26","Sign":"","Signs":{"ID":"","_":"","Language":"EN"}},"Name":{"Value":"Time lapse mode","Language":"EN"}}},{"Localized":0,"ID":820838699,"LocalID":0,"Type":"y_n","Value":"Y","CategoryFeatureId":"51782","CategoryFeatureGroupID":"6888","SortNo":"20","PresentationValue":"Yes","RawValue":"Y","LocalValue":"Yes","Description":"This camera function compensates for slight shaking movements caused by an unstable position and ensures smooth footage even in suboptimal conditions.","Mandatory":"0","Searchable":"0","Optional":"0","Feature":{"ID":"1578","Sign":"","Measure":{"ID":"26","Sign":"","Signs":{"ID":"","_":"","Language":"EN"}},"Name":{"Value":"Image stabilizer","Language":"EN"}}},{"Localized":0,"ID":820838730,"LocalID":0,"Type":"multi_dropdown","Value":"Electronic Image Stabilization (EIS),Optical Image Stabilization (OIS)","CategoryFeatureId":"708816","CategoryFeatureGroupID":"6888","SortNo":"20","PresentationValue":"Electronic Image Stabilization (EIS), Optical Image Stabilization (OIS)","RawValue":"Electronic Image Stabilization (EIS),Optical Image Stabilization (OIS)","LocalValue":"Electronic Image Stabilization (EIS), Optical Image Stabilization (OIS)","Description":"","Mandatory":"0","Searchable":"0","Optional":"0","Feature":{"ID":"8062","Sign":"","Measure":{"ID":"29","Sign":"","Signs":{"ID":"","_":"","Language":"EN"}},"Name":{"Value":"Image stabilizer type","Language":"EN"}}},{"Localized":0,"ID":820838711,"LocalID":0,"Type":"y_n","Value":"Y","CategoryFeatureId":"55074","CategoryFeatureGroupID":"6888","SortNo":"0","PresentationValue":"Yes","RawValue":"Y","LocalValue":"Yes","Description":"","Mandatory":"0","Searchable":"0","Optional":"0","Feature":{"ID":"2681","Sign":"","Measure":{"ID":"26","Sign":"","Signs":{"ID":"","_":"","Language":"EN"}},"Name":{"Value":"Night mode","Language":"EN"}}},{"Localized":0,"ID":820838716,"LocalID":0,"Type":"y_n","Value":"Y","CategoryFeatureId":"803475","CategoryFeatureGroupID":"6888","SortNo":"-1","PresentationValue":"Yes","RawValue":"Y","LocalValue":"Yes","Description":"","Mandatory":"0","Searchable":"0","Optional":"0","Feature":{"ID":"3711","Sign":"","Measure":{"ID":"26","Sign":"","Signs":{"ID":"","_":"","Language":"EN"}},"Name":{"Value":"Panorama","Language":"EN"}}},{"Localized":0,"ID":820838751,"LocalID":0,"Type":"y_n","Value":"Y","CategoryFeatureId":"926909","CategoryFeatureGroupID":"6888","SortNo":"-1","PresentationValue":"Yes","RawValue":"Y","LocalValue":"Yes","Description":"","Mandatory":"0","Searchable":"0","Optional":"0","Feature":{"ID":"17105","Sign":"","Measure":{"ID":"26","Sign":"","Signs":{"ID":"","_":"","Language":"EN"}},"Name":{"Value":"Portrait mode","Language":"EN"}}},{"Localized":0,"ID":820838806,"LocalID":0,"Type":"y_n","Value":"Y","CategoryFeatureId":"961023","CategoryFeatureGroupID":"6888","SortNo":"-2","PresentationValue":"Yes","RawValue":"Y","LocalValue":"Yes","Description":"","Mandatory":"0","Searchable":"0","Optional":"0","Feature":{"ID":"48209","Sign":"","Measure":{"ID":"26","Sign":"","Signs":{"ID":"","_":"","Language":"EN"}},"Name":{"Value":"Slow motion mode","Language":"EN"}}},{"Localized":0,"ID":820838807,"LocalID":0,"Type":"textarea","Value":"1080p at 240 fps, 720p at 480 fps/240 fps","CategoryFeatureId":"961024","CategoryFeatureGroupID":"6888","SortNo":"-2","PresentationValue":"1080p at 240 fps, 720p at 480 fps/240 fps","RawValue":"1080p at 240 fps, 720p at 480 fps/240 fps","LocalValue":"1080p at 240 fps, 720p at 480 fps/240 fps","Description":"","Mandatory":"0","Searchable":"0","Optional":"0","Feature":{"ID":"48210","Sign":"","Measure":{"ID":"29","Sign":"","Signs":{"ID":"","_":"","Language":"EN"}},"Name":{"Value":"Slow motion rate","Language":"EN"}}}]},{"ID":6890,"SortNo":"84","FeatureGroup":{"ID":"35","Name":{"Value":"Network","Language":"EN"}},"Features":[{"Localized":0,"ID":820838755,"LocalID":0,"Type":"dropdown","Value":"Dual SIM","CategoryFeatureId":"115466","CategoryFeatureGroupID":"6890","SortNo":"497","PresentationValue":"Dual SIM","RawValue":"Dual SIM","LocalValue":"Dual SIM","Description":"How many SIM cards the device can hold.","Mandatory":"1","Searchable":"1","Optional":"0","Feature":{"ID":"19653","Sign":"","Measure":{"ID":"29","Sign":"","Signs":{"ID":"","_":"","Language":"EN"}},"Name":{"Value":"SIM card capability","Language":"EN"}}},{"Localized":0,"ID":820838791,"LocalID":0,"Type":"dropdown","Value":"5G","CategoryFeatureId":"328674","CategoryFeatureGroupID":"6890","SortNo":"105","PresentationValue":"5G","RawValue":"5G","LocalValue":"5G","Description":"","Mandatory":"1","Searchable":"1","Optional":"0","Feature":{"ID":"40629","Sign":"","Measure":{"ID":"29","Sign":"","Signs":{"ID":"","_":"","Language":"EN"}},"Name":{"Value":"Mobile network generation","Language":"EN"}}},{"Localized":0,"ID":820838737,"LocalID":0,"Type":"dropdown","Value":"NanoSIM + eSIM","CategoryFeatureId":"56682","CategoryFeatureGroupID":"6890","SortNo":"99","PresentationValue":"NanoSIM + eSIM","RawValue":"NanoSIM + eSIM","LocalValue":"NanoSIM + eSIM","Description":"","Mandatory":"1","Searchable":"0","Optional":"0","Feature":{"ID":"9166","Sign":"","Measure":{"ID":"29","Sign":"","Signs":{"ID":"","_":"","Language":"EN"}},"Name":{"Value":"SIM card type","Language":"EN"}}},{"Localized":0,"ID":820838750,"LocalID":0,"Type":"multi_dropdown","Value":"WCDMA","CategoryFeatureId":"95631","CategoryFeatureGroupID":"6890","SortNo":"69","PresentationValue":"WCDMA","RawValue":"WCDMA","LocalValue":"WCDMA","Description":"","Mandatory":"1","Searchable":"0","Optional":"0","Feature":{"ID":"16923","Sign":"","Measure":{"ID":"29","Sign":"","Signs":{"ID":"","_":"","Language":"EN"}},"Name":{"Value":"3G standards","Language":"EN"}}},{"Localized":0,"ID":820838749,"LocalID":0,"Type":"dropdown","Value":"LTE-TDD & LTE-FDD","CategoryFeatureId":"95632","CategoryFeatureGroupID":"6890","SortNo":"68","PresentationValue":"LTE-TDD & LTE-FDD","RawValue":"LTE-TDD & LTE-FDD","LocalValue":"LTE-TDD & LTE-FDD","Description":"","Mandatory":"1","Searchable":"0","Optional":"0","Feature":{"ID":"16922","Sign":"","Measure":{"ID":"29","Sign":"","Signs":{"ID":"","_":"","Language":"EN"}},"Name":{"Value":"4G standard","Language":"EN"}}},{"Localized":0,"ID":820838804,"LocalID":0,"Type":"multi_dropdown","Value":"Sub6 SA","CategoryFeatureId":"926919","CategoryFeatureGroupID":"6890","SortNo":"68","PresentationValue":"Sub6 SA","RawValue":"Sub6 SA","LocalValue":"Sub6 SA","Description":"","Mandatory":"1","Searchable":"0","Optional":"0","Feature":{"ID":"45981","Sign":"","Measure":{"ID":"29","Sign":"","Signs":{"ID":"","_":"","Language":"EN"}},"Name":{"Value":"5G standard","Language":"EN"}}},{"Localized":0,"ID":820838757,"LocalID":0,"Type":"dropdown","Value":"Wi-Fi 7 (802.11be)","CategoryFeatureId":"968001","CategoryFeatureGroupID":"6890","SortNo":"36","PresentationValue":"Wi-Fi 7 (802.11be)","RawValue":"Wi-Fi 7 (802.11be)","LocalValue":"Wi-Fi 7 (802.11be)","Description":"Connection of this device is done via Wi-Fi in a high standard.","Mandatory":"1","Searchable":"0","Optional":"0","Feature":{"ID":"24993","Sign":"","Measure":{"ID":"29","Sign":"","Signs":{"ID":"","_":"","Language":"EN"}},"Name":{"Value":"Top Wi-Fi standard","Language":"EN"}}},{"Localized":0,"ID":820838688,"LocalID":0,"Type":"multi_dropdown","Value":"Wi-Fi 5 (802.11ac),Wi-Fi 6 (802.11ax),Wi-Fi 7 (802.11be)","CategoryFeatureId":"51514","CategoryFeatureGroupID":"6890","SortNo":"35","PresentationValue":"Wi-Fi 5 (802.11ac), Wi-Fi 6 (802.11ax), Wi-Fi 7 (802.11be)","RawValue":"Wi-Fi 5 (802.11ac),Wi-Fi 6 (802.11ax),Wi-Fi 7 (802.11be)","LocalValue":"Wi-Fi 5 (802.11ac), Wi-Fi 6 (802.11ax), Wi-Fi 7 (802.11be)","Description":"The type of wireless local area network (LAN). It can be ad-hoc, where units in a network communicate peer-to-peer, or Infrastructure, where units communicate with each other via an access point  A LAN interconnects computers in a small area e.g. home, school or office.","Mandatory":"0","Searchable":"0","Optional":"0","Feature":{"ID":"432","Sign":"","Measure":{"ID":"29","Sign":"","Signs":{"ID":"","_":"","Language":"EN"}},"Name":{"Value":"Wi-Fi standards","Language":"EN"}}},{"Localized":0,"ID":820838708,"LocalID":0,"Type":"y_n","Value":"Y","CategoryFeatureId":"51515","CategoryFeatureGroupID":"6890","SortNo":"33","PresentationValue":"Yes","RawValue":"Y","LocalValue":"Yes","Description":"Bluetooth is a low-power radio technology developed to replace the cables and wires currently used to link or connect electronic devices such as personal computers, printers, and a wide variety of handheld devices including mobile phones. Because it uses radio-wave connectivity, a Bluetooth-enabled device has a constant, established connection to whatever browser it uses. This saves the user the trouble of logging on to check for emails or news updates, for example.","Mandatory":"1","Searchable":"0","Optional":"0","Feature":{"ID":"2183","Sign":"","Measure":{"ID":"26","Sign":"","Signs":{"ID":"","_":"","Language":"EN"}},"Name":{"Value":"Bluetooth","Language":"EN"}}},{"Localized":0,"ID":820838694,"LocalID":0,"Type":"dropdown","Value":"5.4","CategoryFeatureId":"51516","CategoryFeatureGroupID":"6890","SortNo":"32","PresentationValue":"5.4","RawValue":"5.4","LocalValue":"5.4","Description":"The type of bluetooth technology in the product e.g. Bluetooth Smart (v4.0).","Mandatory":"0","Searchable":"0","Optional":"0","Feature":{"ID":"1208","Sign":"","Measure":{"ID":"29","Sign":"","Signs":{"ID":"","_":"","Language":"EN"}},"Name":{"Value":"Bluetooth version","Language":"EN"}}},{"Localized":0,"ID":820838718,"LocalID":0,"Type":"multi_dropdown","Value":"AAC,LDAC,LHDC,SBC","CategoryFeatureId":"51527","CategoryFeatureGroupID":"6890","SortNo":"31","PresentationValue":"AAC, LDAC, LHDC, SBC","RawValue":"AAC,LDAC,LHDC,SBC","LocalValue":"AAC, LDAC, LHDC, SBC","Description":"","Mandatory":"0","Searchable":"0","Optional":"0","Feature":{"ID":"4133","Sign":"","Measure":{"ID":"29","Sign":"","Signs":{"ID":"","_":"","Language":"EN"}},"Name":{"Value":"Bluetooth profiles","Language":"EN"}}},{"Localized":0,"ID":820838793,"LocalID":0,"Type":"y_n","Value":"Y","CategoryFeatureId":"332317","CategoryFeatureGroupID":"6890","SortNo":"31","PresentationValue":"Yes","RawValue":"Y","LocalValue":"Yes","Description":"","Mandatory":"0","Searchable":"0","Optional":"0","Feature":{"ID":"41012","Sign":"","Measure":{"ID":"26","Sign":"","Signs":{"ID":"","_":"","Language":"EN"}},"Name":{"Value":"aptX technology","Language":"EN"}}},{"Localized":0,"ID":820838736,"LocalID":0,"Type":"y_n","Value":"Y","CategoryFeatureId":"54169","CategoryFeatureGroupID":"6890","SortNo":"0","PresentationValue":"Yes","RawValue":"Y","LocalValue":"Yes","Description":"","Mandatory":"0","Searchable":"0","Optional":"0","Feature":{"ID":"9097","Sign":"","Measure":{"ID":"26","Sign":"","Signs":{"ID":"","_":"","Language":"EN"}},"Name":{"Value":"Tethering (modem-mode)","Language":"EN"}}},{"Localized":0,"ID":820838764,"LocalID":0,"Type":"y_n","Value":"Y","CategoryFeatureId":"302276","CategoryFeatureGroupID":"6890","SortNo":"0","PresentationValue":"Yes","RawValue":"Y","LocalValue":"Yes","Description":"","Mandatory":"0","Searchable":"0","Optional":"0","Feature":{"ID":"27802","Sign":"","Measure":{"ID":"26","Sign":"","Signs":{"ID":"","_":"","Language":"EN"}},"Name":{"Value":"MIMO","Language":"EN"}}},{"Localized":0,"ID":820838740,"LocalID":0,"Type":"y_n","Value":"Y","CategoryFeatureId":"63985","CategoryFeatureGroupID":"6890","SortNo":"-5","PresentationValue":"Yes","RawValue":"Y","LocalValue":"Yes","Description":"","Mandatory":"0","Searchable":"0","Optional":"0","Feature":{"ID":"10157","Sign":"","Measure":{"ID":"26","Sign":"","Signs":{"ID":"","_":"","Language":"EN"}},"Name":{"Value":"Near Field Communication (NFC)","Language":"EN"}}}]},{"ID":6889,"SortNo":"80","FeatureGroup":{"ID":"12","Name":{"Value":"Ports & interfaces","Language":"EN"}},"Features":[{"Localized":0,"ID":820838756,"LocalID":0,"Type":"y_n","Value":"Y","CategoryFeatureId":"146621","CategoryFeatureGroupID":"6889","SortNo":"70","PresentationValue":"Yes","RawValue":"Y","LocalValue":"Yes","Description":"The device features a socket into which a USB cable can be plugged.","Mandatory":"0","Searchable":"0","Optional":"1","Feature":{"ID":"23798","Sign":"","Measure":{"ID":"26","Sign":"","Signs":{"ID":"","_":"","Language":"EN"}},"Name":{"Value":"USB port","Language":"EN"}}},{"Localized":0,"ID":820838705,"LocalID":0,"Type":"multi_dropdown","Value":"USB Type-C","CategoryFeatureId":"51510","CategoryFeatureGroupID":"6889","SortNo":"60","PresentationValue":"USB Type-C","RawValue":"USB Type-C","LocalValue":"USB Type-C","Description":"The type of USB connector/port that this product has.","Mandatory":"0","Searchable":"0","Optional":"0","Feature":{"ID":"1742","Sign":"","Measure":{"ID":"29","Sign":"","Signs":{"ID":"","_":"","Language":"EN"}},"Name":{"Value":"USB connector type","Language":"EN"}}},{"Localized":0,"ID":820838731,"LocalID":0,"Type":"dropdown","Value":"3.2 Gen 1 (3.1 Gen 1)","CategoryFeatureId":"53993","CategoryFeatureGroupID":"6889","SortNo":"50","PresentationValue":"3.2 Gen 1 (3.1 Gen 1)","RawValue":"3.2 Gen 1 (3.1 Gen 1)","LocalValue":"3.2 Gen 1 (3.1 Gen 1)","Description":"Universal Serial Bus (USB) is an industry standard developed in the mid-1990s that defines the interface used for connection, communication and power supply between computers and electronic devices. Every new version - for example 1.1, 2.0, 3.0 - is much faster than the previous one.","Mandatory":"0","Searchable":"0","Optional":"0","Feature":{"ID":"8541","Sign":"","Measure":{"ID":"29","Sign":"","Signs":{"ID":"","_":"","Language":"EN"}},"Name":{"Value":"USB version","Language":"EN"}}},{"Localized":0,"ID":820838719,"LocalID":0,"Type":"dropdown","Value":"USB Type-C","CategoryFeatureId":"51511","CategoryFeatureGroupID":"6889","SortNo":"16","PresentationValue":"USB Type-C","RawValue":"USB Type-C","LocalValue":"USB Type-C","Description":"How headphones connect to a device e.g. wirelessly or via a cable and connector.","Mandatory":"0","Searchable":"0","Optional":"0","Feature":{"ID":"4163","Sign":"","Measure":{"ID":"29","Sign":"","Signs":{"ID":"","_":"","Language":"EN"}},"Name":{"Value":"Headphone connectivity","Language":"EN"}}}]},{"ID":11005,"SortNo":"71","FeatureGroup":{"ID":"54","Name":{"Value":"Navigation","Language":"EN"}},"Features":[{"Localized":0,"ID":820838714,"LocalID":0,"Type":"y_n","Value":"Y","CategoryFeatureId":"51755","CategoryFeatureGroupID":"11005","SortNo":"30","PresentationValue":"Yes","RawValue":"Y","LocalValue":"Yes","Description":"Global Positioning System (GPS) is a space-based satellite navigation system that provides location and time information in all weather conditions, anywhere on or near the Earth where there is an unobstructed line of sight to four or more GPS satellites. The system provides critical capabilities to military, civil and commercial users around the world. It is maintained by the United States government and is freely accessible to anyone with a GPS receiver.","Mandatory":"0","Searchable":"0","Optional":"0","Feature":{"ID":"3329","Sign":"","Measure":{"ID":"26","Sign":"","Signs":{"ID":"","_":"","Language":"EN"}},"Name":{"Value":"GPS (satellite)","Language":"EN"}}},{"Localized":0,"ID":820838748,"LocalID":0,"Type":"y_n","Value":"Y","CategoryFeatureId":"94591","CategoryFeatureGroupID":"11005","SortNo":"8","PresentationValue":"Yes","RawValue":"Y","LocalValue":"Yes","Description":"","Mandatory":"0","Searchable":"0","Optional":"0","Feature":{"ID":"15618","Sign":"","Measure":{"ID":"26","Sign":"","Signs":{"ID":"","_":"","Language":"EN"}},"Name":{"Value":"GLONASS","Language":"EN"}}},{"Localized":0,"ID":820838765,"LocalID":0,"Type":"y_n","Value":"Y","CategoryFeatureId":"184929","CategoryFeatureGroupID":"11005","SortNo":"8","PresentationValue":"Yes","RawValue":"Y","LocalValue":"Yes","Description":"","Mandatory":"0","Searchable":"0","Optional":"0","Feature":{"ID":"28694","Sign":"","Measure":{"ID":"26","Sign":"","Signs":{"ID":"","_":"","Language":"EN"}},"Name":{"Value":"BeiDou","Language":"EN"}}},{"Localized":0,"ID":820838768,"LocalID":0,"Type":"y_n","Value":"Y","CategoryFeatureId":"226793","CategoryFeatureGroupID":"11005","SortNo":"7","PresentationValue":"Yes","RawValue":"Y","LocalValue":"Yes","Description":"","Mandatory":"0","Searchable":"0","Optional":"0","Feature":{"ID":"33685","Sign":"","Measure":{"ID":"26","Sign":"","Signs":{"ID":"","_":"","Language":"EN"}},"Name":{"Value":"Galileo","Language":"EN"}}},{"Localized":0,"ID":820838769,"LocalID":0,"Type":"y_n","Value":"Y","CategoryFeatureId":"226792","CategoryFeatureGroupID":"11005","SortNo":"6","PresentationValue":"Yes","RawValue":"Y","LocalValue":"Yes","Description":"","Mandatory":"0","Searchable":"0","Optional":"0","Feature":{"ID":"33686","Sign":"","Measure":{"ID":"26","Sign":"","Signs":{"ID":"","_":"","Language":"EN"}},"Name":{"Value":"Quasi-Zenith Satellite System (QZSS)","Language":"EN"}}},{"Localized":0,"ID":820838704,"LocalID":0,"Type":"y_n","Value":"Y","CategoryFeatureId":"51517","CategoryFeatureGroupID":"11005","SortNo":"0","PresentationValue":"Yes","RawValue":"Y","LocalValue":"Yes","Description":"Electronic instrument used for navigation that shows directions in a frame of reference (north, south, east, west) that is stationary relative to the surface of the earth.","Mandatory":"0","Searchable":"0","Optional":"0","Feature":{"ID":"1733","Sign":"","Measure":{"ID":"26","Sign":"","Signs":{"ID":"","_":"","Language":"EN"}},"Name":{"Value":"Electronic compass","Language":"EN"}}},{"Localized":0,"ID":820838758,"LocalID":0,"Type":"y_n","Value":"Y","CategoryFeatureId":"166073","CategoryFeatureGroupID":"11005","SortNo":"0","PresentationValue":"Yes","RawValue":"Y","LocalValue":"Yes","Description":"Whether the navigation system can locate the phone's position.","Mandatory":"1","Searchable":"1","Optional":"0","Feature":{"ID":"26425","Sign":"","Measure":{"ID":"26","Sign":"","Signs":{"ID":"","_":"","Language":"EN"}},"Name":{"Value":"Position location","Language":"EN"}}}]},{"ID":11003,"SortNo":"70","FeatureGroup":{"ID":"148","Name":{"Value":"Design","Language":"EN"}},"Features":[{"Localized":0,"ID":820838691,"LocalID":0,"Type":"dropdown","Value":"Bar","CategoryFeatureId":"51570","CategoryFeatureGroupID":"11003","SortNo":"55","PresentationValue":"Bar","RawValue":"Bar","LocalValue":"Bar","Description":"The shape or design of the product.","Mandatory":"1","Searchable":"1","Optional":"0","Feature":{"ID":"771","Sign":"","Measure":{"ID":"29","Sign":"","Signs":{"ID":"","_":"","Language":"EN"}},"Name":{"Value":"Form factor","Language":"EN"}}},{"Localized":0,"ID":820838706,"LocalID":0,"Type":"multi_dropdown","Value":"Black","CategoryFeatureId":"143786","CategoryFeatureGroupID":"11003","SortNo":"35","PresentationValue":"Black","RawValue":"Black","LocalValue":"Black","Description":"The colour e.g. red, blue, green, black, white.","Mandatory":"1","Searchable":"1","Optional":"0","Feature":{"ID":"1766","Sign":"","Measure":{"ID":"29","Sign":"","Signs":{"ID":"","_":"","Language":"EN"}},"Name":{"Value":"Product colour","Language":"EN"}}},{"Localized":0,"ID":820838753,"LocalID":0,"Type":"text","Value":"Black Elipse","CategoryFeatureId":"270487","CategoryFeatureGroupID":"11003","SortNo":"34","PresentationValue":"Black Elipse","RawValue":"Black Elipse","LocalValue":"Black Elipse","Description":"","Mandatory":"0","Searchable":"0","Optional":"0","Feature":{"ID":"17956","Sign":"","Measure":{"ID":"29","Sign":"","Signs":{"ID":"","_":"","Language":"EN"}},"Name":{"Value":"Colour name","Language":"EN"}}}]},{"ID":11002,"SortNo":"65","FeatureGroup":{"ID":"184","Name":{"Value":"Performance","Language":"EN"}},"Features":[{"Localized":0,"ID":835248616,"LocalID":0,"Type":"y_n","Value":"Y","CategoryFeatureId":"51712","CategoryFeatureGroupID":"11002","SortNo":"80","PresentationValue":"Yes","RawValue":"Y","LocalValue":"Yes","Description":"Simultaneous video and audio signals to enable people to talk to and see each other in real time.","Mandatory":"0","Searchable":"0","Optional":"0","Feature":{"ID":"7018","Sign":"","Measure":{"ID":"26","Sign":"","Signs":{"ID":"","_":"","Language":"EN"}},"Name":{"Value":"Video call","Language":"EN"}}},{"Localized":0,"ID":820838720,"LocalID":0,"Type":"y_n","Value":"Y","CategoryFeatureId":"222568","CategoryFeatureGroupID":"11002","SortNo":"57","PresentationValue":"Yes","RawValue":"Y","LocalValue":"Yes","Description":"","Mandatory":"0","Searchable":"0","Optional":"0","Feature":{"ID":"4981","Sign":"","Measure":{"ID":"26","Sign":"","Signs":{"ID":"","_":"","Language":"EN"}},"Name":{"Value":"Fast charging","Language":"EN"}}},{"Localized":0,"ID":820838743,"LocalID":0,"Type":"y_n","Value":"Y","CategoryFeatureId":"80089","CategoryFeatureGroupID":"11002","SortNo":"56","PresentationValue":"Yes","RawValue":"Y","LocalValue":"Yes","Description":"","Mandatory":"0","Searchable":"0","Optional":"0","Feature":{"ID":"12148","Sign":"","Measure":{"ID":"26","Sign":"","Signs":{"ID":"","_":"","Language":"EN"}},"Name":{"Value":"Wireless charging","Language":"EN"}}},{"Localized":0,"ID":820838790,"LocalID":0,"Type":"numerical","Value":"50","CategoryFeatureId":"967754","CategoryFeatureGroupID":"11002","SortNo":"56","PresentationValue":"50 W","RawValue":"50","LocalValue":"50","Description":"","Mandatory":"0","Searchable":"0","Optional":"0","Feature":{"ID":"39544","Sign":"","Measure":{"ID":"44","Sign":"","Signs":{"ID":"28","_":"W","Language":"EN"}},"Name":{"Value":"Wireless charging power","Language":"EN"}}},{"Localized":0,"ID":820838772,"LocalID":0,"Type":"multi_dropdown","Value":"SuperVOOC","CategoryFeatureId":"338596","CategoryFeatureGroupID":"11002","SortNo":"54","PresentationValue":"SuperVOOC","RawValue":"SuperVOOC","LocalValue":"SuperVOOC","Description":"","Mandatory":"0","Searchable":"0","Optional":"0","Feature":{"ID":"35273","Sign":"","Measure":{"ID":"29","Sign":"","Signs":{"ID":"","_":"","Language":"EN"}},"Name":{"Value":"Fast charging technology","Language":"EN"}}},{"Localized":0,"ID":820838689,"LocalID":0,"Type":"dropdown","Value":"Adreno 830","CategoryFeatureId":"169461","CategoryFeatureGroupID":"11002","SortNo":"30","PresentationValue":"Adreno 830","RawValue":"Adreno 830","LocalValue":"Adreno 830","Description":"","Mandatory":"0","Searchable":"0","Optional":"0","Feature":{"ID":"614","Sign":"","Measure":{"ID":"29","Sign":"","Signs":{"ID":"","_":"","Language":"EN"}},"Name":{"Value":"Graphics card","Language":"EN"}}},{"Localized":0,"ID":820838715,"LocalID":0,"Type":"y_n","Value":"Y","CategoryFeatureId":"94723","CategoryFeatureGroupID":"11002","SortNo":"4","PresentationValue":"Yes","RawValue":"Y","LocalValue":"Yes","Description":"A scanner used to identify a person's fingerprint for security purposes. After a sample is taken, access to a computer or other system is granted if the fingerprint matches the stored sample. A PIN may also be used with the fingerprint sample.","Mandatory":"0","Searchable":"0","Optional":"0","Feature":{"ID":"3577","Sign":"","Measure":{"ID":"26","Sign":"","Signs":{"ID":"","_":"","Language":"EN"}},"Name":{"Value":"Fingerprint reader","Language":"EN"}}}]},{"ID":11006,"SortNo":"55","FeatureGroup":{"ID":"186","Name":{"Value":"Multimedia","Language":"EN"}},"Features":[{"Localized":0,"ID":820838710,"LocalID":0,"Type":"multi_dropdown","Value":"AAC,AMR,APE,FLAC,MP3,OGG,WAV","CategoryFeatureId":"51528","CategoryFeatureGroupID":"11006","SortNo":"-11","PresentationValue":"AAC, AMR, APE, FLAC, MP3, OGG, WAV","RawValue":"AAC,AMR,APE,FLAC,MP3,OGG,WAV","LocalValue":"AAC, AMR, APE, FLAC, MP3, OGG, WAV","Description":"The audio formats which this device or software can read/use e.g. MP3, MP4.","Mandatory":"0","Searchable":"0","Optional":"0","Feature":{"ID":"2224","Sign":"","Measure":{"ID":"29","Sign":"","Signs":{"ID":"","_":"","Language":"EN"}},"Name":{"Value":"Audio formats supported","Language":"EN"}}},{"Localized":0,"ID":820838722,"LocalID":0,"Type":"multi_dropdown","Value":"3GP,AV1,AVC,AVI,FLV,HEVC,MKV,MOV,MP4,VP8,VP9","CategoryFeatureId":"51529","CategoryFeatureGroupID":"11006","SortNo":"-12","PresentationValue":"3GP, AV1, AVC, AVI, FLV, HEVC, MKV, MOV, MP4, VP8, VP9","RawValue":"3GP,AV1,AVC,AVI,FLV,HEVC,MKV,MOV,MP4,VP8,VP9","LocalValue":"3GP, AV1, AVC, AVI, FLV, HEVC, MKV, MOV, MP4, VP8, VP9","Description":"The type of video formats that can be used by this device.","Mandatory":"0","Searchable":"0","Optional":"0","Feature":{"ID":"6893","Sign":"","Measure":{"ID":"29","Sign":"","Signs":{"ID":"","_":"","Language":"EN"}},"Name":{"Value":"Video formats supported","Language":"EN"}}}]},{"ID":18401,"SortNo":"20","FeatureGroup":{"ID":"90","Name":{"Value":"Software","Language":"EN"}},"Features":[{"Localized":0,"ID":820838686,"LocalID":0,"Type":"dropdown","Value":"Android","CategoryFeatureId":"270282","CategoryFeatureGroupID":"18401","SortNo":"500","PresentationValue":"Android","RawValue":"Android","LocalValue":"Android","Description":"Description of a technology platform including a processor, chipset, platform software and wired networking capabilities.","Mandatory":"1","Searchable":"1","Optional":"0","Feature":{"ID":"75","Sign":"","Measure":{"ID":"29","Sign":"","Signs":{"ID":"","_":"","Language":"EN"}},"Name":{"Value":"Platform","Language":"EN"}}},{"Localized":0,"ID":820838713,"LocalID":0,"Type":"dropdown","Value":"Android 15","CategoryFeatureId":"83499","CategoryFeatureGroupID":"18401","SortNo":"495","PresentationValue":"Android 15","RawValue":"Android 15","LocalValue":"Android 15","Description":"Type of operating system on a device e.g. IOS on Apple devices, Android for mobile devices.","Mandatory":"1","Searchable":"1","Optional":"0","Feature":{"ID":"3233","Sign":"","Measure":{"ID":"29","Sign":"","Signs":{"ID":"","_":"","Language":"EN"}},"Name":{"Value":"Operating system installed","Language":"EN"}}},{"Localized":0,"ID":820838802,"LocalID":0,"Type":"dropdown","Value":"OxygenOS","CategoryFeatureId":"897938","CategoryFeatureGroupID":"18401","SortNo":"495","PresentationValue":"OxygenOS","RawValue":"OxygenOS","LocalValue":"OxygenOS","Description":"","Mandatory":"0","Searchable":"0","Optional":"0","Feature":{"ID":"45080","Sign":"","Measure":{"ID":"29","Sign":"","Signs":{"ID":"","_":"","Language":"EN"}},"Name":{"Value":"User interface (UI)","Language":"EN"}}}]},{"ID":6892,"SortNo":"5","FeatureGroup":{"ID":"143","Name":{"Value":"Battery","Language":"EN"}},"Features":[{"Localized":0,"ID":820838754,"LocalID":0,"Type":"y_n","Value":"N","CategoryFeatureId":"222191","CategoryFeatureGroupID":"6892","SortNo":"50","PresentationValue":"No","RawValue":"N","LocalValue":"No","Description":"","Mandatory":"0","Searchable":"0","Optional":"0","Feature":{"ID":"18096","Sign":"","Measure":{"ID":"26","Sign":"","Signs":{"ID":"","_":"","Language":"EN"}},"Name":{"Value":"Removable battery","Language":"EN"}}},{"Localized":0,"ID":820838692,"LocalID":0,"Type":"numerical","Value":"6000","CategoryFeatureId":"51519","CategoryFeatureGroupID":"6892","SortNo":"38","PresentationValue":"6000 mAh","RawValue":"6000","LocalValue":"6000","Description":"A measure of the charge stored by the battery. Determined by the mass of active material contained in the battery.","Mandatory":"1","Searchable":"1","Optional":"0","Feature":{"ID":"909","Sign":"","Measure":{"ID":"51","Sign":"","Signs":{"ID":"35","_":"mAh","Language":"EN"}},"Name":{"Value":"Battery capacity","Language":"EN"}}}]},{"ID":34102,"SortNo":"0","FeatureGroup":{"ID":"167","Name":{"Value":"Sensors","Language":"EN"}},"Features":[{"Localized":0,"ID":820838733,"LocalID":0,"Type":"y_n","Value":"Y","CategoryFeatureId":"51566","CategoryFeatureGroupID":"34102","SortNo":"11","PresentationValue":"Yes","RawValue":"Y","LocalValue":"Yes","Description":"","Mandatory":"0","Searchable":"0","Optional":"0","Feature":{"ID":"8698","Sign":"","Measure":{"ID":"26","Sign":"","Signs":{"ID":"","_":"","Language":"EN"}},"Name":{"Value":"Proximity sensor","Language":"EN"}}},{"Localized":0,"ID":820838738,"LocalID":0,"Type":"y_n","Value":"Y","CategoryFeatureId":"57380","CategoryFeatureGroupID":"34102","SortNo":"11","PresentationValue":"Yes","RawValue":"Y","LocalValue":"Yes","Description":"","Mandatory":"0","Searchable":"0","Optional":"0","Feature":{"ID":"9731","Sign":"","Measure":{"ID":"26","Sign":"","Signs":{"ID":"","_":"","Language":"EN"}},"Name":{"Value":"Accelerometer","Language":"EN"}}},{"Localized":0,"ID":820838734,"LocalID":0,"Type":"y_n","Value":"Y","CategoryFeatureId":"59559","CategoryFeatureGroupID":"34102","SortNo":"11","PresentationValue":"Yes","RawValue":"Y","LocalValue":"Yes","Description":"","Mandatory":"0","Searchable":"0","Optional":"0","Feature":{"ID":"8720","Sign":"","Measure":{"ID":"26","Sign":"","Signs":{"ID":"","_":"","Language":"EN"}},"Name":{"Value":"Ambient light sensor","Language":"EN"}}},{"Localized":0,"ID":820838739,"LocalID":0,"Type":"y_n","Value":"Y","CategoryFeatureId":"106231","CategoryFeatureGroupID":"34102","SortNo":"10","PresentationValue":"Yes","RawValue":"Y","LocalValue":"Yes","Description":"","Mandatory":"0","Searchable":"0","Optional":"0","Feature":{"ID":"9732","Sign":"","Measure":{"ID":"26","Sign":"","Signs":{"ID":"","_":"","Language":"EN"}},"Name":{"Value":"Gyroscope","Language":"EN"}}},{"Localized":0,"ID":820838726,"LocalID":0,"Type":"y_n","Value":"Y","CategoryFeatureId":"106232","CategoryFeatureGroupID":"34102","SortNo":"0","PresentationValue":"Yes","RawValue":"Y","LocalValue":"Yes","Description":"","Mandatory":"0","Searchable":"0","Optional":"0","Feature":{"ID":"7609","Sign":"","Measure":{"ID":"26","Sign":"","Signs":{"ID":"","_":"","Language":"EN"}},"Name":{"Value":"Barometer","Language":"EN"}}},{"Localized":0,"ID":820838786,"LocalID":0,"Type":"y_n","Value":"Y","CategoryFeatureId":"302243","CategoryFeatureGroupID":"34102","SortNo":"0","PresentationValue":"Yes","RawValue":"Y","LocalValue":"Yes","Description":"","Mandatory":"0","Searchable":"0","Optional":"0","Feature":{"ID":"38333","Sign":"","Measure":{"ID":"26","Sign":"","Signs":{"ID":"","_":"","Language":"EN"}},"Name":{"Value":"Hall sensor","Language":"EN"}}},{"Localized":0,"ID":820838795,"LocalID":0,"Type":"y_n","Value":"Y","CategoryFeatureId":"335370","CategoryFeatureGroupID":"34102","SortNo":"0","PresentationValue":"Yes","RawValue":"Y","LocalValue":"Yes","Description":"","Mandatory":"0","Searchable":"0","Optional":"0","Feature":{"ID":"41564","Sign":"","Measure":{"ID":"26","Sign":"","Signs":{"ID":"","_":"","Language":"EN"}},"Name":{"Value":"Infrared sensor","Language":"EN"}}},{"Localized":0,"ID":820838794,"LocalID":0,"Type":"y_n","Value":"Y","CategoryFeatureId":"335371","CategoryFeatureGroupID":"34102","SortNo":"0","PresentationValue":"Yes","RawValue":"Y","LocalValue":"Yes","Description":"","Mandatory":"0","Searchable":"0","Optional":"0","Feature":{"ID":"41562","Sign":"","Measure":{"ID":"26","Sign":"","Signs":{"ID":"","_":"","Language":"EN"}},"Name":{"Value":"Colour temperature sensor","Language":"EN"}}}]},{"ID":81108,"SortNo":"0","FeatureGroup":{"ID":"27","Name":{"Value":"Power","Language":"EN"}},"Features":[{"Localized":0,"ID":820838808,"LocalID":0,"Type":"y_n","Value":"Y","CategoryFeatureId":"974869","CategoryFeatureGroupID":"81108","SortNo":"0","PresentationValue":"Yes","RawValue":"Y","LocalValue":"Yes","Description":"","Mandatory":"0","Searchable":"1","Optional":"0","Feature":{"ID":"48505","Sign":"","Measure":{"ID":"26","Sign":"","Signs":{"ID":"","_":"","Language":"EN"}},"Name":{"Value":"USB Type-C charging port","Language":"EN"}}},{"Localized":0,"ID":820838810,"LocalID":0,"Type":"numerical","Value":"100","CategoryFeatureId":"974872","CategoryFeatureGroupID":"81108","SortNo":"0","PresentationValue":"100 W","RawValue":"100","LocalValue":"100","Description":"","Mandatory":"1","Searchable":"0","Optional":"0","Feature":{"ID":"48507","Sign":"","Measure":{"ID":"44","Sign":"","Signs":{"ID":"28","_":"W","Language":"EN"}},"Name":{"Value":"USB Type-C required charging power (max)","Language":"EN"}}}]},{"ID":82700,"SortNo":"0","FeatureGroup":{"ID":"32","Name":{"Value":"Endurance","Language":"EN"}},"Features":[{"Localized":0,"ID":820838712,"LocalID":0,"Type":"dropdown","Value":"A","CategoryFeatureId":"1085981","CategoryFeatureGroupID":"82700","SortNo":"50","PresentationValue":"A","RawValue":"A","LocalValue":"A","Description":"The energy efficiency of the appliance is rated in terms of a set of energy efficiency classes from A+++ to G on the label, A+++ being the most energy efficient, G the least efficient.","Mandatory":"1","Searchable":"0","Optional":"0","Feature":{"ID":"2705","Sign":"","Measure":{"ID":"29","Sign":"","Signs":{"ID":"","_":"","Language":"EN"}},"Name":{"Value":"Energy efficiency class","Language":"EN"}}},{"Localized":0,"ID":820838789,"LocalID":0,"Type":"dropdown","Value":"A to G","CategoryFeatureId":"1088503","CategoryFeatureGroupID":"82700","SortNo":"48","PresentationValue":"A to G","RawValue":"A to G","LocalValue":"A to G","Description":"","Mandatory":"0","Searchable":"0","Optional":"0","Feature":{"ID":"39201","Sign":"","Measure":{"ID":"29","Sign":"","Signs":{"ID":"","_":"","Language":"EN"}},"Name":{"Value":"Energy efficiency scale","Language":"EN"}}},{"Localized":0,"ID":820838811,"LocalID":0,"Type":"numerical","Value":"3696","CategoryFeatureId":"1088504","CategoryFeatureGroupID":"82700","SortNo":"46","PresentationValue":"3696 min","RawValue":"3696","LocalValue":"3696","Description":"","Mandatory":"1","Searchable":"0","Optional":"0","Feature":{"ID":"49427","Sign":"","Measure":{"ID":"66","Sign":"","Signs":{"ID":"49","_":"min","Language":"EN"}},"Name":{"Value":"Battery endurance per cycle","Language":"EN"}}},{"Localized":0,"ID":820838813,"LocalID":0,"Type":"numerical","Value":"1000","CategoryFeatureId":"1088505","CategoryFeatureGroupID":"82700","SortNo":"44","PresentationValue":"1000","RawValue":"1000","LocalValue":"1000","Description":"","Mandatory":"1","Searchable":"0","Optional":"0","Feature":{"ID":"49429","Sign":"","Measure":{"ID":"29","Sign":"","Signs":{"ID":"","_":"","Language":"EN"}},"Name":{"Value":"Battery endurance in cycles","Language":"EN"}}},{"Localized":0,"ID":820838812,"LocalID":0,"Type":"dropdown","Value":"D","CategoryFeatureId":"1088506","CategoryFeatureGroupID":"82700","SortNo":"42","PresentationValue":"D","RawValue":"D","LocalValue":"D","Description":"","Mandatory":"1","Searchable":"0","Optional":"0","Feature":{"ID":"49428","Sign":"","Measure":{"ID":"29","Sign":"","Signs":{"ID":"","_":"","Language":"EN"}},"Name":{"Value":"Repeated free fall reliability class","Language":"EN"}}},{"Localized":0,"ID":820838814,"LocalID":0,"Type":"dropdown","Value":"B","CategoryFeatureId":"1088507","CategoryFeatureGroupID":"82700","SortNo":"40","PresentationValue":"B","RawValue":"B","LocalValue":"B","Description":"","Mandatory":"1","Searchable":"0","Optional":"0","Feature":{"ID":"49430","Sign":"","Measure":{"ID":"29","Sign":"","Signs":{"ID":"","_":"","Language":"EN"}},"Name":{"Value":"Repairability class","Language":"EN"}}},{"Localized":0,"ID":820838728,"LocalID":0,"Type":"dropdown","Value":"IP68","CategoryFeatureId":"81142","CategoryFeatureGroupID":"82700","SortNo":"38","PresentationValue":"IP68","RawValue":"IP68","LocalValue":"IP68","Description":"The IP code classifies and rates the degree of protection provided against the intrusion (including body parts such as hands and fingers), dust, accidental contact, and water by mechanical casings and electrical enclosures. It is published by the International Electrotechnical Commission (IEC). The digits (characteristic numerals) indicate conformity with the conditions summarized in the tables below. Where there is no protection rating with regard to one of the criteria, the digit is replaced with the letter X. an electrical socket rated IP22 is protected against insertion of fingers and will not be damaged or become unsafe during a specified test in which it is exposed to vertically or nearly vertically dripping water. Another example is the Sony Xperia Z Ultra, one of the first cellular phones to be IP-rated; it is rated at IP58 and marketed as \"dust resistant\" and can be \"immersed in 1.5 meter of freshwater for up to 30 minutes\".","Mandatory":"1","Searchable":"0","Optional":"0","Feature":{"ID":"7900","Sign":"","Measure":{"ID":"29","Sign":"","Signs":{"ID":"","_":"","Language":"EN"}},"Name":{"Value":"International Protection (IP) code","Language":"EN"}}}]},{"ID":6881,"SortNo":"-1","FeatureGroup":{"ID":"14","Name":{"Value":"Weight & dimensions","Language":"EN"}},"Features":[{"Localized":0,"ID":820838702,"LocalID":0,"Type":"numerical","Value":"76.5","CategoryFeatureId":"51488","CategoryFeatureGroupID":"6881","SortNo":"10","PresentationValue":"76.5 mm","RawValue":"76.5","LocalValue":"76.5","Description":"The measurement or extent of something from side to side.","Mandatory":"0","Searchable":"0","Optional":"0","Feature":{"ID":"1649","Sign":"","Measure":{"ID":"24","Sign":"","Signs":{"ID":"3","_":"mm","Language":"EN"}},"Name":{"Value":"Width","Language":"EN"}}},{"Localized":0,"ID":820838703,"LocalID":0,"Type":"numerical","Value":"8.5","CategoryFeatureId":"51489","CategoryFeatureGroupID":"6881","SortNo":"9","PresentationValue":"8.5 mm","RawValue":"8.5","LocalValue":"8.5","Description":"The distance from the front to the back of something.","Mandatory":"0","Searchable":"0","Optional":"0","Feature":{"ID":"1650","Sign":"","Measure":{"ID":"24","Sign":"","Signs":{"ID":"3","_":"mm","Language":"EN"}},"Name":{"Value":"Depth","Language":"EN"}}},{"Localized":0,"ID":820838697,"LocalID":0,"Type":"numerical","Value":"162.9","CategoryFeatureId":"51490","CategoryFeatureGroupID":"6881","SortNo":"8","PresentationValue":"162.9 mm","RawValue":"162.9","LocalValue":"162.9","Description":"The measurement of the product from head to foot or from base to top.","Mandatory":"0","Searchable":"0","Optional":"0","Feature":{"ID":"1464","Sign":"","Measure":{"ID":"24","Sign":"","Signs":{"ID":"3","_":"mm","Language":"EN"}},"Name":{"Value":"Height","Language":"EN"}}},{"Localized":0,"ID":820838687,"LocalID":0,"Type":"numerical","Value":"213","CategoryFeatureId":"51491","CategoryFeatureGroupID":"6881","SortNo":"7","PresentationValue":"213 g","RawValue":"213","LocalValue":"213","Description":"Weight of the product without packaging (net weight). If possible, the net weight is given including standard accessories and supplies. Please note that sometimes the manufacturer leaves out the weight of accessories and/or supplies.","Mandatory":"1","Searchable":"1","Optional":"0","Feature":{"ID":"94","Sign":"","Measure":{"ID":"38","Sign":"","Signs":{"ID":"22","_":"g","Language":"EN"}},"Name":{"Value":"Weight","Language":"EN"}}}]},{"ID":6933,"SortNo":"-20","FeatureGroup":{"ID":"116","Name":{"Value":"Packaging content","Language":"EN"}},"Features":[{"Localized":0,"ID":820838695,"LocalID":0,"Type":"y_n","Value":"N","CategoryFeatureId":"106235","CategoryFeatureGroupID":"6933","SortNo":"7","PresentationValue":"No","RawValue":"N","LocalValue":"No","Description":"","Mandatory":"1","Searchable":"0","Optional":"0","Feature":{"ID":"1230","Sign":"","Measure":{"ID":"26","Sign":"","Signs":{"ID":"","_":"","Language":"EN"}},"Name":{"Value":"AC adapter included","Language":"EN"}}},{"Localized":0,"ID":820838717,"LocalID":0,"Type":"y_n","Value":"Y","CategoryFeatureId":"51757","CategoryFeatureGroupID":"6933","SortNo":"6","PresentationValue":"Yes","RawValue":"Y","LocalValue":"Yes","Description":"Instructions, either online, as a computer program or in paper form, to allow you to set up and start using the product quickly.","Mandatory":"0","Searchable":"0","Optional":"0","Feature":{"ID":"3981","Sign":"","Measure":{"ID":"26","Sign":"","Signs":{"ID":"","_":"","Language":"EN"}},"Name":{"Value":"Quick start guide","Language":"EN"}}},{"Localized":0,"ID":820838707,"LocalID":0,"Type":"multi_dropdown","Value":"USB Type-A to USB Type-C","CategoryFeatureId":"55071","CategoryFeatureGroupID":"6933","SortNo":"0","PresentationValue":"USB Type-A to USB Type-C","RawValue":"USB Type-A to USB Type-C","LocalValue":"USB Type-A to USB Type-C","Description":"","Mandatory":"0","Searchable":"0","Optional":"0","Feature":{"ID":"1830","Sign":"","Measure":{"ID":"29","Sign":"","Signs":{"ID":"","_":"","Language":"EN"}},"Name":{"Value":"Cables included","Language":"EN"}}},{"Localized":0,"ID":820838771,"LocalID":0,"Type":"y_n","Value":"Y","CategoryFeatureId":"245765","CategoryFeatureGroupID":"6933","SortNo":"0","PresentationValue":"Yes","RawValue":"Y","LocalValue":"Yes","Description":"","Mandatory":"0","Searchable":"0","Optional":"0","Feature":{"ID":"35264","Sign":"","Measure":{"ID":"26","Sign":"","Signs":{"ID":"","_":"","Language":"EN"}},"Name":{"Value":"SIM card ejector pin","Language":"EN"}}}]}],"FeatureLogos":[{"LogoPic":"https://inishop.com/img/feature_logo/995-4048.png","Width":"300","Height":"165","Size":"0","ThumbPic":"https://inishop.com/img/feature_logo_thumbs/995-4048.png","FeatureID":"2705","Value":"A","KeyLogo":0,"Description":{"Value":"A means that the product is best rated in its category in terms of energy efficiency. The Energy Labeling system is based on EU Regulation 2017/1369/EU.","Language":"EN"}},{"LogoPic":"https://inishop.com/img/feature_logo/1242-3899.png","Width":"0","Height":"0","Size":"0","ThumbPic":"https://inishop.com/img/feature_logo_thumbs/1242-3899.png","FeatureID":"1230","Value":"N","KeyLogo":1,"Description":{"Value":"DIRECTIVE (EU) 2022/2380 OF THE EUROPEAN PARLIAMENT AND OF THE COUNCIL of 23 November 2022 (Part III)","Language":"EN"}}],"ReasonsToBuy":[],"Reviews":[],"ProductRelated":[],"CatalogObjectCloud":{},"Variants":[],"ProductStory":[],"Dictionary":{"model_name":"Product name","desc":"Description","ean_code":"EAN/UPC code","flash360":"3D tour","demo_msg_part3":"If you don't have an Icecat account, please register here for free.","repairability_index":"Repairability index","zoom_panel_init":"Original size","cat_name":"Category","product_family":"Product family","back_to_top":"Back to top","zoom_panel_out":"Zoom out","specs":"Specs","eu_product_fiche":"EU Product Fiche","reviews_head_name":"Reviews","pdf_specs":"Product Brochure","zoom_panel_in":"Zoom in","html_content":"","release_date":"Release date","demo_msg_part1":"You are using now a Demo account. Please, use your own Icecat account","demo_insert_desc":"This is a demo of a seamless insert of an Icecat LIVE product data-sheet in your website. Imagine that this responsive data-sheet is included in the product page of your webshop.","pdf_url":"User manual","prod_code":"Product code","supplier_name":"Brand","video":"Video","reasons_to_buy":"Reasons to buy","marketing_text":"Description","options_head_name":"Options","product_series":"Product series","demo_msg_part2":"your Icecat login name","link_integrate_desk":"How to integrate Icecat LIVE JavaScript.","zoom_panel_dragg":"Mouse dragging","eu_energy_label":"EU Energy Label"},"DemoAccount":false}}