{"msg":"OK","data":{"GeneralInfo":{"IcecatId":128674306,"ReleaseDate":"","EndOfLifeDate":"","Title":"Acer NITRO 50 N50-640 Intel® Core™ i5 i5-12400F 8 GB DDR4-SDRAM 512 GB SSD NVIDIA® GeForce® GTX 1650 Windows 11 Home Desktop PC Black","TitleInfo":{"GeneratedIntTitle":"Acer NITRO 50 N50-640","GeneratedLocalTitle":{"Value":"Acer NITRO 50 N50-640 Intel® Core™ i5 i5-12400F 8 GB DDR4-SDRAM 512 GB SSD NVIDIA® GeForce® GTX 1650 Windows 11 Home Desktop PC Black","Language":"EN"},"BrandLocalTitle":{"Value":"","Language":"EN"}},"Brand":"Acer","BrandID":"7","BrandLogo":"https://images.icecat.biz/img/brand/thumb/7_2e1091176d2d450eae2dce7506f1952f.jpg","BrandInfo":{"BrandName":"Acer","BrandLocalName":"","BrandLogo":"https://images.icecat.biz/img/brand/thumb/7_2e1091176d2d450eae2dce7506f1952f.jpg"},"ProductName":"N50-640","ProductNameInfo":{"ProductIntName":"N50-640","ProductLocalName":{"Value":"","Language":"EN"}},"BrandPartCode":"DG.E2VEQ.00X","GTIN":["4711121092718"],"Category":{"CategoryID":"153","Name":{"Value":"PCs/Workstations","Language":"EN"}},"ProductFamily":{"ProductFamilyID":"68959","Value":"NITRO","Language":"EN"},"ProductSeries":{"SeriesID":"6375","Value":"50","Language":"EN"},"Description":{"ID":"98462252","LongDesc":"Ignite your gaming passion with the Acer Nitro 50 gaming desktop. Powered by the latest Intel® Core™ 14th gen processors, NVIDIA® GeForce RTX™ 40 Series graphics, it's tailored for unmatched performance.<br><br><b>Game without Compromise</b><br>Be everything you want to be, ingame, and out with optimized performance and new features. Play harder and work smarter with Intel® Core ™ processors. And, with the addition of high-speed DDR5 RAM – any tasks you encounter are dealt with almost immediately.<br><br><b>Beyond Fast</b><br>NVIDIA® GeForce RTX™ 40 Series GPUs are beyond fast for gamers and creators. Experience lifelike virtual worlds, ultra-high FPS gaming, revolutionary new ways to create, and unprecedented workflow acceleration.<br><br><b>Speed Unleashed</b><br>Delve into lightning-fast load times with up to 1TB1 M.2 PCIe Gen4 SSD. Thanks to PCIe® 4.0 NVMe™ technology, you're all set for blazing performance, complemented by two additional bays for 3.5-inch HDD drives. Your games and software, will load quicker than ever.<br><br><b>Wireless Charging Perfection</b><br>Elevate your setup with the Nitro 50's integrated 10W wireless charging pad2. Positioned atop the desktop, it's convenience refined, ensuring your devices stay charged and ready for action.<br><br><b>Sleek & Bold Aesthetics</b><br>Dive into 2023 with the Nitro 50's striking design, showcasing vibrant red LEDs, aerodynamic contours, and cooling air-venting bezels. Its meticulously designed 18-liter chassis makes a statement, whether it's gracing your desk or settled on the floor.<br><br><b>Take Control with NitroSense</b><br>Configure your gaming scenarios, keep a close watch on your system's performance, or unleash your fans for peak frame rates. With the NitroSense utility app, every aspect of your PC is at your fingertips.<br><br>","LongProductName":"Intel Core i5-12400F (18MB Cache), 8GB DDR4-SDRAM, 512GB SSD, NVIDIA GeForce GTX 1650 (4GB GDDR5), LAN, WLAN, Bluetooth, Windows 11 Home 64-bit","MiddleDesc":"","Disclaimer":"","ManualPDFURL":"","ManualPDFSize":"0","LeafletPDFURL":"","PDFSize":"0","URL":"https://www.acer.com/us-en/desktops-and-all-in-ones/nitro-desktops/nitro-50","WarrantyInfo":"","Updated":"2025-02-13 09:26:13","Language":"EN"},"SummaryDescription":{"ShortSummaryDescription":"Acer NITRO 50 N50-640, Intel® Core™ i5, i5-12400F, 8 GB, 512 GB, Windows 11 Home, 64-bit","LongSummaryDescription":"Acer NITRO 50 N50-640. Processor family: Intel® Core™ i5, Processor model: i5-12400F. Internal memory: 8 GB, Internal memory type: DDR4-SDRAM. Total storage capacity: 512 GB, Storage media: SSD. Discrete graphics card model: NVIDIA® GeForce® GTX 1650. Wi-Fi. Operating system installed: Windows 11 Home, Operating system architecture: 64-bit. Chassis type: Desktop. Product type: PC. Product colour: Black"},"BulletPoints":{"BulletPointsId":"11009638","Language":"EN","Values":["Windows 11 Home 64-bit","Intel Core i5-12400F (18MB Cache)","NVIDIA GeForce GTX 1650 (4GB GDDR5)","8GB DDR4-SDRAM & 512GB SSD"],"Updated":"2025-02-13 09:26:13"},"GeneratedBulletPoints":{"Language":"EN","Values":["Gaming PC Black","Intel® Core™ i5 i5-12400F Processor cores: 6","8 GB DDR4-SDRAM","512 GB SSD","NVIDIA® GeForce® GTX 1650 4 GB","Ethernet LAN Wi-Fi 6 (802.11ax) Bluetooth","Windows 11 Home 64-bit"]},"GTINs":[{"GTIN":"4711121092718","IsApproved":true}],"VirtualCategory":[{"VirtualCategoryID":"195","UNCATID":"43171895","Value":"PCs","Language":"EN"}]},"Image":{"HighPic":"https://images.icecat.biz/img/gallery/95370179_6229144531.jpg","HighPicSize":"963126","HighPicHeight":"1615","HighPicWidth":"996","LowPic":"https://images.icecat.biz/img/gallery_lows/95370179_6229144531.jpg","LowPicSize":"12597","LowPicHeight":"200","LowPicWidth":"123","Pic500x500":"https://images.icecat.biz/img/gallery_mediums/95370179_6229144531.jpg","Pic500x500Size":"70240","Pic500x500Height":"500","Pic500x500Width":"308","ThumbPic":"https://images.icecat.biz/img/gallery_thumbs/95370179_6229144531.jpg","ThumbPicSize":"2813"},"Multimedia":[{"ID":"00000000-0000-0000-0000-000000000000","URL":"https://icecat.biz/rest/product-pdf?productId=128674306&lang=en&AccessKey=tVGKVN0NApZGwF9sSWaWthghoRjlYo5f","Type":"leaflet","ContentType":"application/pdf","KeepAsUrl":"0","Description":"Brochure Acer DG.E2VEQ.00X","Size":"0","IsPrivate":"0","Updated":"2025-02-13 09:23:33","Language":"EN","IsVideo":0}],"Gallery":[{"ID":"101218492","LowPic":"https://images.icecat.biz/img/gallery_lows/95370179_6229144531.jpg","LowSize":"12597","LowHeight":"200","LowWidth":"123","ThumbPic":"https://images.icecat.biz/img/gallery_thumbs/95370179_6229144531.jpg","ThumbPicSize":"2813","Pic":"https://images.icecat.biz/img/gallery/95370179_6229144531.jpg","Size":"963126","PicHeight":"1615","PicWidth":"996","Pic500x500":"https://images.icecat.biz/img/gallery_mediums/95370179_6229144531.jpg","Pic500x500Size":"70240","Pic500x500Height":"500","Pic500x500Width":"308","No":"1","IsMain":"Y","Updated":"2025-02-13 09:22:41","IsPrivate":"0","Type":"ProductImage","Attributes":{"OriginalFileName":""}},{"ID":"101218493","LowPic":"https://images.icecat.biz/img/gallery_lows/95370179_1336011183.jpg","LowSize":"14884","LowHeight":"200","LowWidth":"141","ThumbPic":"https://images.icecat.biz/img/gallery_thumbs/95370179_1336011183.jpg","ThumbPicSize":"3362","Pic":"https://images.icecat.biz/img/gallery/95370179_1336011183.jpg","Size":"1177740","PicHeight":"1704","PicWidth":"1198","Pic500x500":"https://images.icecat.biz/img/gallery_mediums/95370179_1336011183.jpg","Pic500x500Size":"83781","Pic500x500Height":"500","Pic500x500Width":"352","No":"2","IsMain":"N","Updated":"2025-02-13 09:22:41","IsPrivate":"0","Type":"ProductImage","Attributes":{"OriginalFileName":""}},{"ID":"101218494","LowPic":"https://images.icecat.biz/img/gallery_lows/95370114_6844267966.jpg","LowSize":"13857","LowHeight":"200","LowWidth":"141","ThumbPic":"https://images.icecat.biz/img/gallery_thumbs/95370114_6844267966.jpg","ThumbPicSize":"3241","Pic":"https://images.icecat.biz/img/gallery/95370114_6844267966.jpg","Size":"1220869","PicHeight":"1724","PicWidth":"1215","Pic500x500":"https://images.icecat.biz/img/gallery_mediums/95370114_6844267966.jpg","Pic500x500Size":"79827","Pic500x500Height":"500","Pic500x500Width":"352","No":"3","IsMain":"N","Updated":"2025-02-13 09:22:43","IsPrivate":"0","Type":"ProductImage","Attributes":{"OriginalFileName":""}},{"ID":"101218495","LowPic":"https://images.icecat.biz/img/gallery_lows/95370179_6695851764.jpg","LowSize":"10406","LowHeight":"200","LowWidth":"117","ThumbPic":"https://images.icecat.biz/img/gallery_thumbs/95370179_6695851764.jpg","ThumbPicSize":"2926","Pic":"https://images.icecat.biz/img/gallery/95370179_6695851764.jpg","Size":"773133","PicHeight":"1729","PicWidth":"1008","Pic500x500":"https://images.icecat.biz/img/gallery_mediums/95370179_6695851764.jpg","Pic500x500Size":"51108","Pic500x500Height":"500","Pic500x500Width":"291","No":"4","IsMain":"N","Updated":"2025-02-13 09:22:44","IsPrivate":"0","Type":"ProductImage","Attributes":{"OriginalFileName":""}},{"ID":"101218496","LowPic":"https://images.icecat.biz/img/gallery_lows/95370129_0185355471.jpg","LowSize":"11409","LowHeight":"200","LowWidth":"138","ThumbPic":"https://images.icecat.biz/img/gallery_thumbs/95370129_0185355471.jpg","ThumbPicSize":"3029","Pic":"https://images.icecat.biz/img/gallery/95370129_0185355471.jpg","Size":"919899","PicHeight":"1862","PicWidth":"1286","Pic500x500":"https://images.icecat.biz/img/gallery_mediums/95370129_0185355471.jpg","Pic500x500Size":"55529","Pic500x500Height":"500","Pic500x500Width":"345","No":"5","IsMain":"N","Updated":"2025-02-13 09:22:44","IsPrivate":"0","Type":"ProductImage","Attributes":{"OriginalFileName":""}},{"ID":"101218497","LowPic":"https://images.icecat.biz/img/gallery_lows/95370179_1789334565.jpg","LowSize":"21210","LowHeight":"200","LowWidth":"176","ThumbPic":"https://images.icecat.biz/img/gallery_thumbs/95370179_1789334565.jpg","ThumbPicSize":"4520","Pic":"https://images.icecat.biz/img/gallery/95370179_1789334565.jpg","Size":"1896840","PicHeight":"1739","PicWidth":"1530","Pic500x500":"https://images.icecat.biz/img/gallery_mediums/95370179_1789334565.jpg","Pic500x500Size":"132697","Pic500x500Height":"500","Pic500x500Width":"440","No":"6","IsMain":"N","Updated":"2025-02-13 09:22:46","IsPrivate":"0","Type":"ProductImage","Attributes":{"OriginalFileName":""}},{"ID":"101218498","LowPic":"https://images.icecat.biz/img/gallery_lows/95370179_6410751885.jpg","LowSize":"30852","LowHeight":"200","LowWidth":"176","ThumbPic":"https://images.icecat.biz/img/gallery_thumbs/95370179_6410751885.jpg","ThumbPicSize":"6347","Pic":"https://images.icecat.biz/img/gallery/95370179_6410751885.jpg","Size":"1612968","PicHeight":"1739","PicWidth":"1530","Pic500x500":"https://images.icecat.biz/img/gallery_mediums/95370179_6410751885.jpg","Pic500x500Size":"151284","Pic500x500Height":"500","Pic500x500Width":"440","No":"7","IsMain":"N","Updated":"2025-02-13 09:22:46","IsPrivate":"0","Type":"ProductImage","Attributes":{"OriginalFileName":""}},{"ID":"101218499","LowPic":"https://images.icecat.biz/img/gallery_lows/95370179_5739010257.jpg","LowSize":"38277","LowHeight":"178","LowWidth":"200","ThumbPic":"https://images.icecat.biz/img/gallery_thumbs/95370179_5739010257.jpg","ThumbPicSize":"7010","Pic":"https://images.icecat.biz/img/gallery/95370179_5739010257.jpg","Size":"2601289","PicHeight":"1764","PicWidth":"1978","Pic500x500":"https://images.icecat.biz/img/gallery_mediums/95370179_5739010257.jpg","Pic500x500Size":"198594","Pic500x500Height":"446","Pic500x500Width":"500","No":"8","IsMain":"N","Updated":"2025-02-13 09:22:46","IsPrivate":"0","Type":"ProductImage","Attributes":{"OriginalFileName":""}},{"ID":"101218500","LowPic":"https://images.icecat.biz/img/gallery_lows/95370179_4773741771.jpg","LowSize":"22724","LowHeight":"200","LowWidth":"124","ThumbPic":"https://images.icecat.biz/img/gallery_thumbs/95370179_4773741771.jpg","ThumbPicSize":"4518","Pic":"https://images.icecat.biz/img/gallery/95370179_4773741771.jpg","Size":"1693777","PicHeight":"1776","PicWidth":"1103","Pic500x500":"https://images.icecat.biz/img/gallery_mediums/95370179_4773741771.jpg","Pic500x500Size":"131308","Pic500x500Height":"500","Pic500x500Width":"311","No":"9","IsMain":"N","Updated":"2025-02-13 09:22:47","IsPrivate":"0","Type":"ProductImage","Attributes":{"OriginalFileName":""}}],"FeaturesGroups":[{"ID":2,"SortNo":"100","FeatureGroup":{"ID":"1","Name":{"Value":"Processor","Language":"EN"}},"Features":[{"Localized":0,"ID":739960168,"LocalID":0,"Type":"dropdown","Value":"Intel","CategoryFeatureId":"3032","CategoryFeatureGroupID":"2","SortNo":"10100801","PresentationValue":"Intel","RawValue":"Intel","LocalValue":"Intel","Description":"The manufacturer that produced the processor.","Mandatory":"1","Searchable":"0","Optional":"0","Feature":{"ID":"1013","Sign":"","Measure":{"ID":"29","Sign":"","Signs":{"ID":"","_":"","Language":"EN"}},"Name":{"Value":"Processor manufacturer","Language":"EN"}}},{"Localized":0,"ID":739960169,"LocalID":0,"Type":"dropdown","Value":"Intel Core i5","CategoryFeatureId":"11561","CategoryFeatureGroupID":"2","SortNo":"5300","PresentationValue":"Intel® Core™ i5","RawValue":"Intel Core i5","LocalValue":"Intel® Core™ i5","Description":"A family of processors is a group of processors produced by one company over a short period of time e.g. Intel Pentium processors.","Mandatory":"1","Searchable":"1","Optional":"0","Feature":{"ID":"2196","Sign":"","Measure":{"ID":"29","Sign":"","Signs":{"ID":"","_":"","Language":"EN"}},"Name":{"Value":"Processor family","Language":"EN"}}},{"Localized":0,"ID":739960170,"LocalID":0,"Type":"dropdown","Value":"Intel Core i5-12xxx","CategoryFeatureId":"893380","CategoryFeatureGroupID":"2","SortNo":"5300","PresentationValue":"12th gen Intel® Core™ i5","RawValue":"Intel Core i5-12xxx","LocalValue":"12th gen Intel® Core™ i5","Description":"","Mandatory":"0","Searchable":"0","Optional":"0","Feature":{"ID":"44870","Sign":"","Measure":{"ID":"29","Sign":"","Signs":{"ID":"","_":"","Language":"EN"}},"Name":{"Value":"Processor generation","Language":"EN"}}},{"Localized":0,"ID":739960171,"LocalID":0,"Type":"dropdown","Value":"i5-12400F","CategoryFeatureId":"62","CategoryFeatureGroupID":"2","SortNo":"5200","PresentationValue":"i5-12400F","RawValue":"i5-12400F","LocalValue":"i5-12400F","Description":"The model number for the processor in a computer.","Mandatory":"1","Searchable":"0","Optional":"0","Feature":{"ID":"47","Sign":"","Measure":{"ID":"29","Sign":"","Signs":{"ID":"","_":"","Language":"EN"}},"Name":{"Value":"Processor model","Language":"EN"}}},{"Localized":0,"ID":739960172,"LocalID":0,"Type":"numerical","Value":"6","CategoryFeatureId":"36486","CategoryFeatureGroupID":"2","SortNo":"220","PresentationValue":"6","RawValue":"6","LocalValue":"6","Description":"The number of central processing units ('cores') in a processor. Some processors have 1 core, others have 2 (e.g. Intel Core Duo) or more (e.g. the Intel Xeon E7-2850 has 10 cores).","Mandatory":"0","Searchable":"0","Optional":"0","Feature":{"ID":"6089","Sign":"","Measure":{"ID":"29","Sign":"","Signs":{"ID":"","_":"","Language":"EN"}},"Name":{"Value":"Processor cores","Language":"EN"}}},{"Localized":0,"ID":739960175,"LocalID":0,"Type":"dropdown","Value":"12","CategoryFeatureId":"52263","CategoryFeatureGroupID":"2","SortNo":"215","PresentationValue":"12","RawValue":"12","LocalValue":"12","Description":"","Mandatory":"0","Searchable":"0","Optional":"0","Feature":{"ID":"7337","Sign":"","Measure":{"ID":"29","Sign":"","Signs":{"ID":"","_":"","Language":"EN"}},"Name":{"Value":"Processor threads","Language":"EN"}}},{"Localized":0,"ID":739960176,"LocalID":0,"Type":"numerical","Value":"4.4","CategoryFeatureId":"52264","CategoryFeatureGroupID":"2","SortNo":"210","PresentationValue":"4.4 GHz","RawValue":"4.4","LocalValue":"4.4","Description":"The turbo boost is an automatic, managed accelleration of the processor when one of the cores is overloaded.","Mandatory":"0","Searchable":"0","Optional":"0","Feature":{"ID":"7978","Sign":"","Measure":{"ID":"37","Sign":"","Signs":{"ID":"21","_":"GHz","Language":"EN"}},"Name":{"Value":"Processor boost frequency","Language":"EN"}}},{"Localized":0,"ID":739960173,"LocalID":0,"Type":"numerical","Value":"6","CategoryFeatureId":"895771","CategoryFeatureGroupID":"2","SortNo":"200","PresentationValue":"6","RawValue":"6","LocalValue":"6","Description":"","Mandatory":"0","Searchable":"0","Optional":"0","Feature":{"ID":"44522","Sign":"","Measure":{"ID":"29","Sign":"","Signs":{"ID":"","_":"","Language":"EN"}},"Name":{"Value":"Performance cores","Language":"EN"}}},{"Localized":0,"ID":739960182,"LocalID":0,"Type":"numerical","Value":"4.4","CategoryFeatureId":"932901","CategoryFeatureGroupID":"2","SortNo":"185","PresentationValue":"4.4 GHz","RawValue":"4.4","LocalValue":"4.4","Description":"","Mandatory":"0","Searchable":"0","Optional":"0","Feature":{"ID":"46564","Sign":"","Measure":{"ID":"37","Sign":"","Signs":{"ID":"21","_":"GHz","Language":"EN"}},"Name":{"Value":"Performance-core Max Turbo Frequency","Language":"EN"}}},{"Localized":0,"ID":739960183,"LocalID":0,"Type":"numerical","Value":"2.5","CategoryFeatureId":"895767","CategoryFeatureGroupID":"2","SortNo":"170","PresentationValue":"2.5 GHz","RawValue":"2.5","LocalValue":"2.5","Description":"","Mandatory":"0","Searchable":"0","Optional":"0","Feature":{"ID":"44531","Sign":"","Measure":{"ID":"37","Sign":"","Signs":{"ID":"21","_":"GHz","Language":"EN"}},"Name":{"Value":"Performance-core base frequency","Language":"EN"}}},{"Localized":0,"ID":739960178,"LocalID":0,"Type":"numerical","Value":"18","CategoryFeatureId":"101563","CategoryFeatureGroupID":"2","SortNo":"60","PresentationValue":"18 MB","RawValue":"18","LocalValue":"18","Description":"","Mandatory":"0","Searchable":"0","Optional":"0","Feature":{"ID":"10041","Sign":"","Measure":{"ID":"19","Sign":"","Signs":{"ID":"15506","_":"MB","Language":"EN"}},"Name":{"Value":"Processor cache","Language":"EN"}}},{"Localized":0,"ID":739960179,"LocalID":0,"Type":"dropdown","Value":"Smart Cache","CategoryFeatureId":"135208","CategoryFeatureGroupID":"2","SortNo":"59","PresentationValue":"Smart Cache","RawValue":"Smart Cache","LocalValue":"Smart Cache","Description":"","Mandatory":"0","Searchable":"0","Optional":"0","Feature":{"ID":"21716","Sign":"","Measure":{"ID":"29","Sign":"","Signs":{"ID":"","_":"","Language":"EN"}},"Name":{"Value":"Processor cache type","Language":"EN"}}},{"Localized":0,"ID":739960071,"LocalID":0,"Type":"numerical","Value":"1","CategoryFeatureId":"2216","CategoryFeatureGroupID":"2","SortNo":"30","PresentationValue":"1","RawValue":"1","LocalValue":"1","Description":"Number of processors in the product.","Mandatory":"0","Searchable":"0","Optional":"0","Feature":{"ID":"596","Sign":"","Measure":{"ID":"29","Sign":"","Signs":{"ID":"","_":"","Language":"EN"}},"Name":{"Value":"Number of processors installed","Language":"EN"}}},{"Localized":0,"ID":739960180,"LocalID":0,"Type":"numerical","Value":"65","CategoryFeatureId":"903074","CategoryFeatureGroupID":"2","SortNo":"0","PresentationValue":"65 W","RawValue":"65","LocalValue":"65","Description":"","Mandatory":"0","Searchable":"0","Optional":"0","Feature":{"ID":"44525","Sign":"","Measure":{"ID":"44","Sign":"","Signs":{"ID":"28","_":"W","Language":"EN"}},"Name":{"Value":"Processor base power","Language":"EN"}}},{"Localized":0,"ID":739960181,"LocalID":0,"Type":"numerical","Value":"117","CategoryFeatureId":"903075","CategoryFeatureGroupID":"2","SortNo":"0","PresentationValue":"117 W","RawValue":"117","LocalValue":"117","Description":"","Mandatory":"0","Searchable":"0","Optional":"0","Feature":{"ID":"44528","Sign":"","Measure":{"ID":"44","Sign":"","Signs":{"ID":"28","_":"W","Language":"EN"}},"Name":{"Value":"Maximum turbo power","Language":"EN"}}}]},{"ID":3,"SortNo":"95","FeatureGroup":{"ID":"3","Name":{"Value":"Memory","Language":"EN"}},"Features":[{"Localized":0,"ID":739960199,"LocalID":0,"Type":"numerical","Value":"8","CategoryFeatureId":"73752","CategoryFeatureGroupID":"3","SortNo":"5100","PresentationValue":"8 GB","RawValue":"8","LocalValue":"8","Description":"A computer's memory which is directly accessible to the CPU.","Mandatory":"1","Searchable":"1","Optional":"0","Feature":{"ID":"11381","Sign":"","Measure":{"ID":"20","Sign":"","Signs":{"ID":"7","_":"GB","Language":"EN"}},"Name":{"Value":"Internal memory","Language":"EN"}}},{"Localized":0,"ID":739960073,"LocalID":0,"Type":"numerical","Value":"32","CategoryFeatureId":"12118","CategoryFeatureGroupID":"3","SortNo":"5099","PresentationValue":"32 GB","RawValue":"32","LocalValue":"32","Description":"The maximum internal memory which is available in the product.","Mandatory":"1","Searchable":"0","Optional":"0","Feature":{"ID":"1452","Sign":"","Measure":{"ID":"20","Sign":"","Signs":{"ID":"7","_":"GB","Language":"EN"}},"Name":{"Value":"Maximum internal memory","Language":"EN"}}},{"Localized":0,"ID":739960072,"LocalID":0,"Type":"dropdown","Value":"DDR4-SDRAM","CategoryFeatureId":"1226","CategoryFeatureGroupID":"3","SortNo":"5098","PresentationValue":"DDR4-SDRAM","RawValue":"DDR4-SDRAM","LocalValue":"DDR4-SDRAM","Description":"The type of internal memory such as RAM, GDDR5.","Mandatory":"0","Searchable":"0","Optional":"0","Feature":{"ID":"427","Sign":"","Measure":{"ID":"29","Sign":"","Signs":{"ID":"","_":"","Language":"EN"}},"Name":{"Value":"Internal memory type","Language":"EN"}}}]},{"ID":4138,"SortNo":"90","FeatureGroup":{"ID":"47","Name":{"Value":"Storage","Language":"EN"}},"Features":[{"Localized":0,"ID":739960204,"LocalID":0,"Type":"numerical","Value":"512","CategoryFeatureId":"33231","CategoryFeatureGroupID":"4138","SortNo":"5000","PresentationValue":"512 GB","RawValue":"512","LocalValue":"512","Description":"The total amount of data that can be stored on the device.","Mandatory":"1","Searchable":"1","Optional":"0","Feature":{"ID":"3318","Sign":"","Measure":{"ID":"20","Sign":"","Signs":{"ID":"7","_":"GB","Language":"EN"}},"Name":{"Value":"Total storage capacity","Language":"EN"}}},{"Localized":0,"ID":739960205,"LocalID":0,"Type":"dropdown","Value":"SSD","CategoryFeatureId":"96404","CategoryFeatureGroupID":"4138","SortNo":"4000","PresentationValue":"SSD","RawValue":"SSD","LocalValue":"SSD","Description":"Used for the storage of data e.g. HDD (hard disk drive), SSD (solid-state drive).","Mandatory":"1","Searchable":"0","Optional":"0","Feature":{"ID":"11441","Sign":"","Measure":{"ID":"29","Sign":"","Signs":{"ID":"","_":"","Language":"EN"}},"Name":{"Value":"Storage media","Language":"EN"}}},{"Localized":0,"ID":739960203,"LocalID":0,"Type":"dropdown","Value":"N","CategoryFeatureId":"2968","CategoryFeatureGroupID":"4138","SortNo":"500","PresentationValue":"No","RawValue":"N","LocalValue":"No","Description":"An optical drive uses laser to read optical discs such as CDs, DVDs and Blu-Ray. Some types of optical drive are: CD ROM drive, CR-RW (CD writer) drive, DVD-ROM.","Mandatory":"1","Searchable":"1","Optional":"0","Feature":{"ID":"1120","Sign":"","Measure":{"ID":"29","Sign":"","Signs":{"ID":"","_":"","Language":"EN"}},"Name":{"Value":"Optical drive type","Language":"EN"}}},{"Localized":0,"ID":739960206,"LocalID":0,"Type":"numerical","Value":"512","CategoryFeatureId":"295712","CategoryFeatureGroupID":"4138","SortNo":"32","PresentationValue":"512 GB","RawValue":"512","LocalValue":"512","Description":"","Mandatory":"0","Searchable":"0","Optional":"0","Feature":{"ID":"37918","Sign":"","Measure":{"ID":"20","Sign":"","Signs":{"ID":"7","_":"GB","Language":"EN"}},"Name":{"Value":"Total SSDs capacity","Language":"EN"}}},{"Localized":0,"ID":739960207,"LocalID":0,"Type":"numerical","Value":"1","CategoryFeatureId":"45817","CategoryFeatureGroupID":"4138","SortNo":"30","PresentationValue":"1","RawValue":"1","LocalValue":"1","Description":"","Mandatory":"0","Searchable":"0","Optional":"0","Feature":{"ID":"7682","Sign":"","Measure":{"ID":"29","Sign":"","Signs":{"ID":"","_":"","Language":"EN"}},"Name":{"Value":"Number of SSDs installed","Language":"EN"}}},{"Localized":0,"ID":739960208,"LocalID":0,"Type":"numerical","Value":"512","CategoryFeatureId":"45777","CategoryFeatureGroupID":"4138","SortNo":"29","PresentationValue":"512 GB","RawValue":"512","LocalValue":"512","Description":"The Solid State Drive's data storage capacity.","Mandatory":"0","Searchable":"0","Optional":"0","Feature":{"ID":"5586","Sign":"","Measure":{"ID":"20","Sign":"","Signs":{"ID":"7","_":"GB","Language":"EN"}},"Name":{"Value":"SSD capacity","Language":"EN"}}}]},{"ID":8603,"SortNo":"85","FeatureGroup":{"ID":"163","Name":{"Value":"Graphics","Language":"EN"}},"Features":[{"Localized":0,"ID":739960194,"LocalID":0,"Type":"y_n","Value":"Y","CategoryFeatureId":"192532","CategoryFeatureGroupID":"8603","SortNo":"4810","PresentationValue":"Yes","RawValue":"Y","LocalValue":"Yes","Description":"","Mandatory":"1","Searchable":"1","Optional":"0","Feature":{"ID":"27905","Sign":"","Measure":{"ID":"26","Sign":"","Signs":{"ID":"","_":"","Language":"EN"}},"Name":{"Value":"Discrete graphics card","Language":"EN"}}},{"Localized":0,"ID":739960185,"LocalID":0,"Type":"y_n","Value":"N","CategoryFeatureId":"74328","CategoryFeatureGroupID":"8603","SortNo":"4470","PresentationValue":"No","RawValue":"N","LocalValue":"No","Description":"Graphics hardware which is built into the motherboard or CPU, as opposed to a separate graphics adapter (video card). On-board graphics uses CPU and RAM for graphics processing.","Mandatory":"1","Searchable":"1","Optional":"0","Feature":{"ID":"9997","Sign":"","Measure":{"ID":"26","Sign":"","Signs":{"ID":"","_":"","Language":"EN"}},"Name":{"Value":"On-board graphics card","Language":"EN"}}},{"Localized":0,"ID":739960195,"LocalID":0,"Type":"dropdown","Value":"NVIDIA GeForce GTX 1650","CategoryFeatureId":"53946","CategoryFeatureGroupID":"8603","SortNo":"3900","PresentationValue":"NVIDIA® GeForce® GTX 1650","RawValue":"NVIDIA GeForce GTX 1650","LocalValue":"NVIDIA® GeForce® GTX 1650","Description":"A graphics adapter (often known as a video card) generates images for a display. A discrete graphics adapter plugs into the motherboard, and usually produces much better graphics than an integrated graphics adapter. There are various models of discrete graphics adapters.","Mandatory":"1","Searchable":"0","Optional":"0","Feature":{"ID":"9018","Sign":"","Measure":{"ID":"29","Sign":"","Signs":{"ID":"","_":"","Language":"EN"}},"Name":{"Value":"Discrete graphics card model","Language":"EN"}}},{"Localized":0,"ID":739960197,"LocalID":0,"Type":"numerical","Value":"4","CategoryFeatureId":"131976","CategoryFeatureGroupID":"8603","SortNo":"479","PresentationValue":"4 GB","RawValue":"4","LocalValue":"4","Description":"","Mandatory":"0","Searchable":"0","Optional":"0","Feature":{"ID":"18403","Sign":"","Measure":{"ID":"20","Sign":"","Signs":{"ID":"7","_":"GB","Language":"EN"}},"Name":{"Value":"Discrete graphics card memory","Language":"EN"}}},{"Localized":0,"ID":739960196,"LocalID":0,"Type":"dropdown","Value":"GDDR5","CategoryFeatureId":"53950","CategoryFeatureGroupID":"8603","SortNo":"478","PresentationValue":"GDDR5","RawValue":"GDDR5","LocalValue":"GDDR5","Description":"","Mandatory":"0","Searchable":"0","Optional":"0","Feature":{"ID":"9020","Sign":"","Measure":{"ID":"29","Sign":"","Signs":{"ID":"","_":"","Language":"EN"}},"Name":{"Value":"Discrete graphics memory type","Language":"EN"}}},{"Localized":0,"ID":739960184,"LocalID":0,"Type":"dropdown","Value":"Not available","CategoryFeatureId":"53944","CategoryFeatureGroupID":"8603","SortNo":"446","PresentationValue":"Not available","RawValue":"Not available","LocalValue":"Not available","Description":"\"Graphic adapter\" is the hardware that produces images on a display. \"On-board\" means that the graphics adapter is intergrated inside the motherboard.","Mandatory":"1","Searchable":"0","Optional":"0","Feature":{"ID":"9016","Sign":"","Measure":{"ID":"29","Sign":"","Signs":{"ID":"","_":"","Language":"EN"}},"Name":{"Value":"On-board graphics card model","Language":"EN"}}}]},{"ID":2066,"SortNo":"75","FeatureGroup":{"ID":"35","Name":{"Value":"Network","Language":"EN"}},"Features":[{"Localized":0,"ID":739960074,"LocalID":0,"Type":"y_n","Value":"Y","CategoryFeatureId":"36488","CategoryFeatureGroupID":"2066","SortNo":"100","PresentationValue":"Yes","RawValue":"Y","LocalValue":"Yes","Description":"An Ethernet LAN (Local Area Network) interface is present, for a wired conection via a cable.","Mandatory":"1","Searchable":"0","Optional":"0","Feature":{"ID":"1347","Sign":"","Measure":{"ID":"26","Sign":"","Signs":{"ID":"","_":"","Language":"EN"}},"Name":{"Value":"Ethernet LAN","Language":"EN"}}},{"Localized":0,"ID":739960215,"LocalID":0,"Type":"y_n","Value":"Y","CategoryFeatureId":"36487","CategoryFeatureGroupID":"2066","SortNo":"81","PresentationValue":"Yes","RawValue":"Y","LocalValue":"Yes","Description":"Popular technology that allows an electronic device to exchange data or connect to the internet wirelessly using radio waves.","Mandatory":"1","Searchable":"0","Optional":"0","Feature":{"ID":"3239","Sign":"","Measure":{"ID":"26","Sign":"","Signs":{"ID":"","_":"","Language":"EN"}},"Name":{"Value":"Wi-Fi","Language":"EN"}}},{"Localized":0,"ID":739960217,"LocalID":0,"Type":"dropdown","Value":"Wi-Fi 6 (802.11ax)","CategoryFeatureId":"269712","CategoryFeatureGroupID":"2066","SortNo":"80","PresentationValue":"Wi-Fi 6 (802.11ax)","RawValue":"Wi-Fi 6 (802.11ax)","LocalValue":"Wi-Fi 6 (802.11ax)","Description":"Connection of this device is done via Wi-Fi in a high standard.","Mandatory":"0","Searchable":"0","Optional":"0","Feature":{"ID":"24993","Sign":"","Measure":{"ID":"29","Sign":"","Signs":{"ID":"","_":"","Language":"EN"}},"Name":{"Value":"Top Wi-Fi standard","Language":"EN"}}},{"Localized":0,"ID":739960219,"LocalID":0,"Type":"multi_dropdown","Value":"Wi-Fi 6 (802.11ax)","CategoryFeatureId":"44220","CategoryFeatureGroupID":"2066","SortNo":"79","PresentationValue":"Wi-Fi 6 (802.11ax)","RawValue":"Wi-Fi 6 (802.11ax)","LocalValue":"Wi-Fi 6 (802.11ax)","Description":"The type of wireless local area network (LAN). It can be ad-hoc, where units in a network communicate peer-to-peer, or Infrastructure, where units communicate with each other via an access point  A LAN interconnects computers in a small area e.g. home, school or office.","Mandatory":"0","Searchable":"0","Optional":"0","Feature":{"ID":"432","Sign":"","Measure":{"ID":"29","Sign":"","Signs":{"ID":"","_":"","Language":"EN"}},"Name":{"Value":"Wi-Fi standards","Language":"EN"}}},{"Localized":0,"ID":739960221,"LocalID":0,"Type":"dropdown","Value":"2x2","CategoryFeatureId":"269713","CategoryFeatureGroupID":"2066","SortNo":"77","PresentationValue":"2x2","RawValue":"2x2","LocalValue":"2x2","Description":"Type of antenna, also known an aerial, e.g. external, internal.","Mandatory":"0","Searchable":"0","Optional":"0","Feature":{"ID":"1494","Sign":"","Measure":{"ID":"29","Sign":"","Signs":{"ID":"","_":"","Language":"EN"}},"Name":{"Value":"Antenna type","Language":"EN"}}},{"Localized":0,"ID":739960220,"LocalID":0,"Type":"y_n","Value":"Y","CategoryFeatureId":"33715","CategoryFeatureGroupID":"2066","SortNo":"50","PresentationValue":"Yes","RawValue":"Y","LocalValue":"Yes","Description":"Bluetooth is a low-power radio technology developed to replace the cables and wires currently used to link or connect electronic devices such as personal computers, printers, and a wide variety of handheld devices including mobile phones. Because it uses radio-wave connectivity, a Bluetooth-enabled device has a constant, established connection to whatever browser it uses. This saves the user the trouble of logging on to check for emails or news updates, for example.","Mandatory":"0","Searchable":"0","Optional":"0","Feature":{"ID":"2183","Sign":"","Measure":{"ID":"26","Sign":"","Signs":{"ID":"","_":"","Language":"EN"}},"Name":{"Value":"Bluetooth","Language":"EN"}}}]},{"ID":821,"SortNo":"70","FeatureGroup":{"ID":"12","Name":{"Value":"Ports & interfaces","Language":"EN"}},"Features":[{"Localized":0,"ID":739960076,"LocalID":0,"Type":"numerical","Value":"4","CategoryFeatureId":"14583","CategoryFeatureGroupID":"821","SortNo":"600","PresentationValue":"4","RawValue":"4","LocalValue":"4","Description":"Number of USB 2.0 ports (connecting interfaces) in the device. USB 2.0 was released in April 2000 (now called \"Hi-Speed\"), adding higher maximum signaling rate of 480 Mbit/s (effective throughput up to 35 MB/s or 280 Mbit/s), USB 2.0 ports are usually black.","Mandatory":"1","Searchable":"0","Optional":"0","Feature":{"ID":"2308","Sign":"","Measure":{"ID":"29","Sign":"","Signs":{"ID":"","_":"","Language":"EN"}},"Name":{"Value":"USB 2.0 ports quantity","Language":"EN"}}},{"Localized":0,"ID":739960077,"LocalID":0,"Type":"numerical","Value":"2","CategoryFeatureId":"138381","CategoryFeatureGroupID":"821","SortNo":"499","PresentationValue":"2","RawValue":"2","LocalValue":"2","Description":"","Mandatory":"1","Searchable":"0","Optional":"0","Feature":{"ID":"22701","Sign":"","Measure":{"ID":"29","Sign":"","Signs":{"ID":"","_":"","Language":"EN"}},"Name":{"Value":"USB 3.2 Gen 1 (3.1 Gen 1) Type-A ports quantity","Language":"EN"}}},{"Localized":0,"ID":739960078,"LocalID":0,"Type":"numerical","Value":"1","CategoryFeatureId":"138384","CategoryFeatureGroupID":"821","SortNo":"497","PresentationValue":"1","RawValue":"1","LocalValue":"1","Description":"","Mandatory":"1","Searchable":"0","Optional":"0","Feature":{"ID":"22703","Sign":"","Measure":{"ID":"29","Sign":"","Signs":{"ID":"","_":"","Language":"EN"}},"Name":{"Value":"USB 3.2 Gen 2 (3.1 Gen 2) Type-A ports quantity","Language":"EN"}}},{"Localized":0,"ID":739960079,"LocalID":0,"Type":"numerical","Value":"1","CategoryFeatureId":"308887","CategoryFeatureGroupID":"821","SortNo":"495","PresentationValue":"1","RawValue":"1","LocalValue":"1","Description":"","Mandatory":"0","Searchable":"0","Optional":"0","Feature":{"ID":"38601","Sign":"","Measure":{"ID":"29","Sign":"","Signs":{"ID":"","_":"","Language":"EN"}},"Name":{"Value":"USB 3.2 Gen 2x2 Type-C ports quantity","Language":"EN"}}},{"Localized":0,"ID":739960085,"LocalID":0,"Type":"numerical","Value":"1","CategoryFeatureId":"14590","CategoryFeatureGroupID":"821","SortNo":"340","PresentationValue":"1","RawValue":"1","LocalValue":"1","Description":"Number of Ethernet LAN (RJ-45) ports (connecting interfaces) in the device.  Ethernet LAN (RJ-45) ports allow a computer to connect to the ethernet.","Mandatory":"0","Searchable":"0","Optional":"0","Feature":{"ID":"2312","Sign":"","Measure":{"ID":"29","Sign":"","Signs":{"ID":"","_":"","Language":"EN"}},"Name":{"Value":"Ethernet LAN (RJ-45) ports","Language":"EN"}}},{"Localized":0,"ID":739960084,"LocalID":0,"Type":"y_n","Value":"Y","CategoryFeatureId":"14588","CategoryFeatureGroupID":"821","SortNo":"100","PresentationValue":"Yes","RawValue":"Y","LocalValue":"Yes","Description":"The socket where a microphone is connected to the device.","Mandatory":"0","Searchable":"0","Optional":"0","Feature":{"ID":"2314","Sign":"","Measure":{"ID":"26","Sign":"","Signs":{"ID":"","_":"","Language":"EN"}},"Name":{"Value":"Microphone in","Language":"EN"}}},{"Localized":0,"ID":739960086,"LocalID":0,"Type":"numerical","Value":"1","CategoryFeatureId":"15773","CategoryFeatureGroupID":"821","SortNo":"99","PresentationValue":"1","RawValue":"1","LocalValue":"1","Description":"Number of sockets /ports where headphones are connected.","Mandatory":"0","Searchable":"0","Optional":"0","Feature":{"ID":"2313","Sign":"","Measure":{"ID":"29","Sign":"","Signs":{"ID":"","_":"","Language":"EN"}},"Name":{"Value":"Headphone outputs","Language":"EN"}}},{"Localized":0,"ID":739960087,"LocalID":0,"Type":"y_n","Value":"Y","CategoryFeatureId":"14589","CategoryFeatureGroupID":"821","SortNo":"97","PresentationValue":"Yes","RawValue":"Y","LocalValue":"Yes","Description":"","Mandatory":"0","Searchable":"0","Optional":"0","Feature":{"ID":"1345","Sign":"","Measure":{"ID":"26","Sign":"","Signs":{"ID":"","_":"","Language":"EN"}},"Name":{"Value":"Line-out","Language":"EN"}}},{"Localized":0,"ID":739960088,"LocalID":0,"Type":"y_n","Value":"Y","CategoryFeatureId":"14592","CategoryFeatureGroupID":"821","SortNo":"97","PresentationValue":"Yes","RawValue":"Y","LocalValue":"Yes","Description":"","Mandatory":"0","Searchable":"0","Optional":"0","Feature":{"ID":"1344","Sign":"","Measure":{"ID":"26","Sign":"","Signs":{"ID":"","_":"","Language":"EN"}},"Name":{"Value":"Line-in","Language":"EN"}}}]},{"ID":4190,"SortNo":"65","FeatureGroup":{"ID":"124","Name":{"Value":"Expansion slots","Language":"EN"}},"Features":[{"Localized":0,"ID":739960089,"LocalID":0,"Type":"numerical","Value":"1","CategoryFeatureId":"31429","CategoryFeatureGroupID":"4190","SortNo":"100","PresentationValue":"1","RawValue":"1","LocalValue":"1","Description":"","Mandatory":"0","Searchable":"0","Optional":"0","Feature":{"ID":"6259","Sign":"","Measure":{"ID":"29","Sign":"","Signs":{"ID":"","_":"","Language":"EN"}},"Name":{"Value":"PCI Express x1 slots","Language":"EN"}}},{"Localized":0,"ID":739960090,"LocalID":0,"Type":"numerical","Value":"1","CategoryFeatureId":"31430","CategoryFeatureGroupID":"4190","SortNo":"70","PresentationValue":"1","RawValue":"1","LocalValue":"1","Description":"","Mandatory":"0","Searchable":"0","Optional":"0","Feature":{"ID":"6256","Sign":"","Measure":{"ID":"29","Sign":"","Signs":{"ID":"","_":"","Language":"EN"}},"Name":{"Value":"PCI Express x16 slots","Language":"EN"}}}]},{"ID":10928,"SortNo":"60","FeatureGroup":{"ID":"148","Name":{"Value":"Design","Language":"EN"}},"Features":[{"Localized":0,"ID":739960091,"LocalID":0,"Type":"dropdown","Value":"Desktop","CategoryFeatureId":"2195","CategoryFeatureGroupID":"10928","SortNo":"600","PresentationValue":"Desktop","RawValue":"Desktop","LocalValue":"Desktop","Description":"The type of rigid framework onto which is the hosuing for device components.","Mandatory":"1","Searchable":"0","Optional":"0","Feature":{"ID":"734","Sign":"","Measure":{"ID":"29","Sign":"","Signs":{"ID":"","_":"","Language":"EN"}},"Name":{"Value":"Chassis type","Language":"EN"}}},{"Localized":0,"ID":739960092,"LocalID":0,"Type":"dropdown","Value":"Vertical","CategoryFeatureId":"63696","CategoryFeatureGroupID":"10928","SortNo":"390","PresentationValue":"Vertical","RawValue":"Vertical","LocalValue":"Vertical","Description":"Where the product can be placed e.g. indoor/outdoor, horizontal/vertical.","Mandatory":"0","Searchable":"0","Optional":"0","Feature":{"ID":"3416","Sign":"","Measure":{"ID":"29","Sign":"","Signs":{"ID":"","_":"","Language":"EN"}},"Name":{"Value":"Placement supported","Language":"EN"}}},{"Localized":0,"ID":739960093,"LocalID":0,"Type":"dropdown","Value":"Black","CategoryFeatureId":"28831","CategoryFeatureGroupID":"10928","SortNo":"1","PresentationValue":"Black","RawValue":"Black","LocalValue":"Black","Description":"The colour e.g. red, blue, green, black, white.","Mandatory":"1","Searchable":"0","Optional":"0","Feature":{"ID":"1766","Sign":"","Measure":{"ID":"29","Sign":"","Signs":{"ID":"","_":"","Language":"EN"}},"Name":{"Value":"Product colour","Language":"EN"}}}]},{"ID":10929,"SortNo":"58","FeatureGroup":{"ID":"184","Name":{"Value":"Performance","Language":"EN"}},"Features":[{"Localized":0,"ID":739960095,"LocalID":0,"Type":"dropdown","Value":"Gaming","CategoryFeatureId":"164640","CategoryFeatureGroupID":"10929","SortNo":"330","PresentationValue":"Gaming","RawValue":"Gaming","LocalValue":"Gaming","Description":"Under which category can the device be positioned in the market, e.g. camera phone.","Mandatory":"0","Searchable":"0","Optional":"0","Feature":{"ID":"9021","Sign":"","Measure":{"ID":"29","Sign":"","Signs":{"ID":"","_":"","Language":"EN"}},"Name":{"Value":"Market positioning","Language":"EN"}}},{"Localized":0,"ID":739960096,"LocalID":0,"Type":"dropdown","Value":"DTS:X Ultra","CategoryFeatureId":"1211","CategoryFeatureGroupID":"10929","SortNo":"200","PresentationValue":"DTS:X Ultra","RawValue":"DTS:X Ultra","LocalValue":"DTS:X Ultra","Description":"System used to play music or speech.","Mandatory":"0","Searchable":"0","Optional":"0","Feature":{"ID":"442","Sign":"","Measure":{"ID":"29","Sign":"","Signs":{"ID":"","_":"","Language":"EN"}},"Name":{"Value":"Audio system","Language":"EN"}}},{"Localized":0,"ID":739960094,"LocalID":0,"Type":"dropdown","Value":"PC","CategoryFeatureId":"86787","CategoryFeatureGroupID":"10929","SortNo":"4","PresentationValue":"PC","RawValue":"PC","LocalValue":"PC","Description":"The sub-category of the product.","Mandatory":"1","Searchable":"1","Optional":"0","Feature":{"ID":"14052","Sign":"","Measure":{"ID":"29","Sign":"","Signs":{"ID":"","_":"","Language":"EN"}},"Name":{"Value":"Product type","Language":"EN"}}}]},{"ID":3402,"SortNo":"56","FeatureGroup":{"ID":"90","Name":{"Value":"Software","Language":"EN"}},"Features":[{"Localized":0,"ID":739960201,"LocalID":0,"Type":"dropdown","Value":"64-bit","CategoryFeatureId":"45086","CategoryFeatureGroupID":"3402","SortNo":"6000","PresentationValue":"64-bit","RawValue":"64-bit","LocalValue":"64-bit","Description":"The way in which the operating system of a computer/smartphone (32-bit/64-bit) is set up.","Mandatory":"0","Searchable":"0","Optional":"0","Feature":{"ID":"7563","Sign":"","Measure":{"ID":"29","Sign":"","Signs":{"ID":"","_":"","Language":"EN"}},"Name":{"Value":"Operating system architecture","Language":"EN"}}},{"Localized":0,"ID":739960200,"LocalID":0,"Type":"dropdown","Value":"Windows 11 Home","CategoryFeatureId":"20011","CategoryFeatureGroupID":"3402","SortNo":"601","PresentationValue":"Windows 11 Home","RawValue":"Windows 11 Home","LocalValue":"Windows 11 Home","Description":"Type of operating system on a device e.g. IOS on Apple devices, Android for mobile devices.","Mandatory":"1","Searchable":"1","Optional":"0","Feature":{"ID":"3233","Sign":"","Measure":{"ID":"29","Sign":"","Signs":{"ID":"","_":"","Language":"EN"}},"Name":{"Value":"Operating system installed","Language":"EN"}}}]},{"ID":1309,"SortNo":"10","FeatureGroup":{"ID":"14","Name":{"Value":"Weight & dimensions","Language":"EN"}},"Features":[{"Localized":0,"ID":739960098,"LocalID":0,"Type":"numerical","Value":"163","CategoryFeatureId":"6228","CategoryFeatureGroupID":"1309","SortNo":"55","PresentationValue":"163 mm","RawValue":"163","LocalValue":"163","Description":"The measurement or extent of something from side to side.","Mandatory":"1","Searchable":"0","Optional":"0","Feature":{"ID":"1649","Sign":"","Measure":{"ID":"24","Sign":"","Signs":{"ID":"3","_":"mm","Language":"EN"}},"Name":{"Value":"Width","Language":"EN"}}},{"Localized":0,"ID":739960099,"LocalID":0,"Type":"numerical","Value":"350","CategoryFeatureId":"6225","CategoryFeatureGroupID":"1309","SortNo":"54","PresentationValue":"350 mm","RawValue":"350","LocalValue":"350","Description":"The distance from the front to the back of something.","Mandatory":"1","Searchable":"0","Optional":"0","Feature":{"ID":"1650","Sign":"","Measure":{"ID":"24","Sign":"","Signs":{"ID":"3","_":"mm","Language":"EN"}},"Name":{"Value":"Depth","Language":"EN"}}},{"Localized":0,"ID":739960097,"LocalID":0,"Type":"numerical","Value":"340","CategoryFeatureId":"6226","CategoryFeatureGroupID":"1309","SortNo":"53","PresentationValue":"340 mm","RawValue":"340","LocalValue":"340","Description":"The measurement of the product from head to foot or from base to top.","Mandatory":"1","Searchable":"0","Optional":"0","Feature":{"ID":"1464","Sign":"","Measure":{"ID":"24","Sign":"","Signs":{"ID":"3","_":"mm","Language":"EN"}},"Name":{"Value":"Height","Language":"EN"}}}]},{"ID":82594,"SortNo":"0","FeatureGroup":{"ID":"5","Name":{"Value":"Display","Language":"EN"}},"Features":[{"Localized":0,"ID":739960101,"LocalID":0,"Type":"y_n","Value":"N","CategoryFeatureId":"11391","CategoryFeatureGroupID":"82594","SortNo":"500","PresentationValue":"No","RawValue":"N","LocalValue":"No","Description":"This product includes a display.","Mandatory":"1","Searchable":"1","Optional":"0","Feature":{"ID":"2177","Sign":"","Measure":{"ID":"26","Sign":"","Signs":{"ID":"","_":"","Language":"EN"}},"Name":{"Value":"Display included","Language":"EN"}}}]}],"FeatureLogos":[{"LogoPic":"https://images.icecat.biz/img/feature_logo/1075-1199.png","Width":"300","Height":"300","Size":"0","ThumbPic":"https://images.icecat.biz/img/feature_logo_thumbs/1075-1199.png","FeatureID":"44870","Value":"Intel Core i5-12xxx","KeyLogo":0,"Description":{"Value":"12th Gen Intel® Core™ Processors. Delivering Superior Performance Where You Need It Most.<br><br>Take the next evolutionary leap with the performance hybrid architecture of 12th Generation Intel® Core™ processors. Get the performance you need, where you need it—whether you’re a gamer, creator, streamer, or everyday user. Whatever you’re into, do more of it, whenever you want.","Language":"EN"}}],"ReasonsToBuy":[],"Reviews":[],"ProductRelated":[{"ID":0,"CategoryID":788,"Preferred":0,"IcecatID":31011008,"ProductCode":"SV.WDGAP.A02","ThumbPic":"","ProductName":"SV.WDGAP.A02","Brand":"Acer","BrandID":7,"ProductRelatedLocales":[{"ID":0,"Language":"EN","Preferred":0,"StartDate":"","EndDate":""}]},{"ID":0,"CategoryID":788,"Preferred":0,"IcecatID":31011007,"ProductCode":"SV.WDGAP.A01","ThumbPic":"","ProductName":"SV.WDGAP.A01","Brand":"Acer","BrandID":7,"ProductRelatedLocales":[{"ID":0,"Language":"EN","Preferred":0,"StartDate":"","EndDate":""}]}],"CatalogObjectCloud":{},"Variants":[],"ProductStory":[],"Dictionary":{"model_name":"Product name","desc":"Description","ean_code":"EAN/UPC code","flash360":"3D tour","demo_msg_part3":"If you don't have an Icecat account, please register here for free.","repairability_index":"Repairability index","zoom_panel_init":"Original size","cat_name":"Category","product_family":"Product family","back_to_top":"Back to top","zoom_panel_out":"Zoom out","specs":"Specs","eu_product_fiche":"EU Product Fiche","reviews_head_name":"Reviews","pdf_specs":"Product Brochure","zoom_panel_in":"Zoom in","html_content":"","release_date":"Release date","demo_msg_part1":"You are using now a Demo account. Please, use your own Icecat account","demo_insert_desc":"This is a demo of a seamless insert of an Icecat LIVE product data-sheet in your website. Imagine that this responsive data-sheet is included in the product page of your webshop.","pdf_url":"User manual","prod_code":"Product code","supplier_name":"Brand","video":"Video","reasons_to_buy":"Reasons to buy","marketing_text":"Description","options_head_name":"Options","product_series":"Product series","demo_msg_part2":"your Icecat login name","link_integrate_desk":"How to integrate Icecat LIVE JavaScript.","zoom_panel_dragg":"Mouse dragging","eu_energy_label":"EU Energy Label"},"DemoAccount":false}}