{"msg":"OK","data":{"GeneralInfo":{"IcecatId":134704423,"ReleaseDate":"","EndOfLifeDate":"","Title":"Geek Bar Meloso Mini electronic cigarette 600 puffs 550 mAh Orange","TitleInfo":{"GeneratedIntTitle":"Geek Bar Meloso Mini electronic cigarette","GeneratedLocalTitle":{"Value":"Geek Bar Meloso Mini electronic cigarette 600 puffs 550 mAh Orange","Language":"EN"},"BrandLocalTitle":{"Value":"","Language":"EN"}},"Brand":"Geek Bar","BrandID":"43651","BrandLogo":"","BrandInfo":{"BrandName":"Geek Bar","BrandLocalName":"","BrandLogo":""},"ProductName":"Meloso Mini","ProductNameInfo":{"ProductIntName":"Meloso Mini","ProductLocalName":{"Value":"","Language":"EN"}},"BrandPartCode":"GEEK BAR MELOSO MINI BANANA ICE","GTIN":[],"Category":{"CategoryID":"2401","Name":{"Value":"Electronic Cigarettes","Language":"EN"}},"ProductFamily":{},"ProductSeries":{"SeriesID":"1"},"Description":{"ID":"104046818","LongDesc":"<b>Burst of flavour</b><br><br><b>A COIL THAT REALLY BURSTS</b><br>MELOSO MINI's new upgraded dual mesh coil delivers an overwhelmingly powerful flavor, allowing you to feel the fresh fruit bursting and exploding in your mouth.<br><br><b>MORE FLAVOR CHOICES, LESS CONCERNS</b><br>Indulge in an explosion of flavor with MELOSO MINI! With a vast array of options available, you can find your perfect flavor match.<br><br><b>GRADIENT COLOR SPARKLE IN THE SUN</b><br>The meloso mini retains the same characteristics as the rest of the meloso series: gradient color appearance, with a circle of metallic design at the bottom. Shining and charming.<br><br><b>ENRICH YOUR VAPING EXPERIENCE WITH NATURAL FRUIT EXTRACT</b><br>Meloso's use of natural fruit extracts enhances your vaping experience, providing a rich and authentic flavor that perfectly captures the essence of your favorite fruits.<br><br><b>MELOSO SERIES</b><br>There’s always “MELOSO” for you","LongProductName":"Meloso Mini, Banana Ice","MiddleDesc":"","Disclaimer":"","ManualPDFURL":"","ManualPDFSize":"0","LeafletPDFURL":"","PDFSize":"0","URL":"https://www.geekbar.com/product/meloso-mini.html","WarrantyInfo":"","Updated":"2025-09-09 14:26:59","Language":"EN"},"SummaryDescription":{"ShortSummaryDescription":"Geek Bar Meloso Mini, 600 puffs, Orange, 550 mAh","LongSummaryDescription":"Geek Bar Meloso Mini. Capacity: 600 puffs. Product colour: Orange. Battery capacity: 550 mAh"},"BulletPoints":{"BulletPointsId":"13610692","Language":"EN","Values":["Dual Mesh","600 Puffs","550 mAh","2% Nicotine"],"Updated":"2025-09-09 14:26:59"},"GeneratedBulletPoints":{},"GTINs":[]},"Image":{"HighPic":"https://inishop.com/img/gallery/e3f1f94027daf51ba3bdabf0f51b77bf8ed60e6a.jpg","HighPicSize":"683657","HighPicHeight":"2303","HighPicWidth":"1383","LowPic":"https://inishop.com/img/gallery_lows/176426c2ba43060315660c4346268965dbc1dccc.jpg","LowPicSize":"17459","LowPicHeight":"200","LowPicWidth":"120","Pic500x500":"https://inishop.com/img/gallery_mediums/984f9875a955653c0bd936243eac17355b3df659.jpg","Pic500x500Size":"72954","Pic500x500Height":"500","Pic500x500Width":"300","ThumbPic":"https://inishop.com/img/gallery_thumbs/8448e7aef8686890ea6b45d639eac61e90420a9e.jpg","ThumbPicSize":"4755"},"Multimedia":[],"Gallery":[{"ID":"117112901","LowPic":"https://inishop.com/img/gallery_lows/176426c2ba43060315660c4346268965dbc1dccc.jpg","LowSize":"17459","LowHeight":"200","LowWidth":"120","ThumbPic":"https://inishop.com/img/gallery_thumbs/8448e7aef8686890ea6b45d639eac61e90420a9e.jpg","ThumbPicSize":"4755","Pic":"https://inishop.com/img/gallery/e3f1f94027daf51ba3bdabf0f51b77bf8ed60e6a.jpg","Size":"683657","PicHeight":"2303","PicWidth":"1383","Pic500x500":"https://inishop.com/img/gallery_mediums/984f9875a955653c0bd936243eac17355b3df659.jpg","Pic500x500Size":"72954","Pic500x500Height":"500","Pic500x500Width":"300","No":"1","IsMain":"Y","Updated":"2025-09-09 14:17:15","IsPrivate":"0","Type":"ProductImage","Attributes":{"OriginalFileName":""}}],"FeaturesGroups":[{"ID":70844,"SortNo":"12","FeatureGroup":{"ID":"185","Name":{"Value":"Features","Language":"EN"}},"Features":[{"Localized":0,"ID":835285056,"LocalID":0,"Type":"numerical","Value":"600","CategoryFeatureId":"68837","CategoryFeatureGroupID":"70844","SortNo":"1000","PresentationValue":"600 puffs","RawValue":"600","LocalValue":"600","Description":"","Mandatory":"0","Searchable":"0","Optional":"0","Feature":{"ID":"10872","Sign":"","Measure":{"ID":"232","Sign":"","Signs":{"ID":"11757","_":"puffs","Language":"EN"}},"Name":{"Value":"Capacity","Language":"EN"}}}]},{"ID":8909,"SortNo":"11","FeatureGroup":{"ID":"148","Name":{"Value":"Design","Language":"EN"}},"Features":[{"Localized":0,"ID":835285050,"LocalID":0,"Type":"multi_dropdown","Value":"Orange","CategoryFeatureId":"68804","CategoryFeatureGroupID":"8909","SortNo":"90","PresentationValue":"Orange","RawValue":"Orange","LocalValue":"Orange","Description":"The colour e.g. red, blue, green, black, white.","Mandatory":"0","Searchable":"0","Optional":"0","Feature":{"ID":"1766","Sign":"","Measure":{"ID":"29","Sign":"","Signs":{"ID":"","_":"","Language":"EN"}},"Name":{"Value":"Product colour","Language":"EN"}}},{"Localized":0,"ID":835285053,"LocalID":0,"Type":"y_n","Value":"N","CategoryFeatureId":"249546","CategoryFeatureGroupID":"8909","SortNo":"80","PresentationValue":"No","RawValue":"N","LocalValue":"No","Description":"A display which is part of the product, so you do not need to attach another display.","Mandatory":"0","Searchable":"0","Optional":"0","Feature":{"ID":"8782","Sign":"","Measure":{"ID":"26","Sign":"","Signs":{"ID":"","_":"","Language":"EN"}},"Name":{"Value":"Built-in display","Language":"EN"}}},{"Localized":0,"ID":835285049,"LocalID":0,"Type":"multi_dropdown","Value":"Y","CategoryFeatureId":"293940","CategoryFeatureGroupID":"8909","SortNo":"10","PresentationValue":"Yes","RawValue":"Y","LocalValue":"Yes","Description":"","Mandatory":"0","Searchable":"0","Optional":"0","Feature":{"ID":"1501","Sign":"","Measure":{"ID":"29","Sign":"","Signs":{"ID":"","_":"","Language":"EN"}},"Name":{"Value":"LED indicators","Language":"EN"}}},{"Localized":0,"ID":835285059,"LocalID":0,"Type":"y_n","Value":"N","CategoryFeatureId":"249553","CategoryFeatureGroupID":"8909","SortNo":"0","PresentationValue":"No","RawValue":"N","LocalValue":"No","Description":"The device features a socket into which a USB cable can be plugged.","Mandatory":"0","Searchable":"0","Optional":"0","Feature":{"ID":"23798","Sign":"","Measure":{"ID":"26","Sign":"","Signs":{"ID":"","_":"","Language":"EN"}},"Name":{"Value":"USB port","Language":"EN"}}},{"Localized":0,"ID":835285057,"LocalID":0,"Type":"y_n","Value":"N","CategoryFeatureId":"950840","CategoryFeatureGroupID":"8909","SortNo":"0","PresentationValue":"No","RawValue":"N","LocalValue":"No","Description":"","Mandatory":"0","Searchable":"0","Optional":"0","Feature":{"ID":"10888","Sign":"","Measure":{"ID":"26","Sign":"","Signs":{"ID":"","_":"","Language":"EN"}},"Name":{"Value":"Boost function","Language":"EN"}}}]},{"ID":8911,"SortNo":"10","FeatureGroup":{"ID":"0","Name":{"Value":"Technical details","Language":"EN"}},"Features":[{"Localized":0,"ID":835285650,"LocalID":0,"Type":"multi_dropdown","Value":"CE,UKCA","CategoryFeatureId":"955113","CategoryFeatureGroupID":"8911","SortNo":"0","PresentationValue":"CE, UKCA","RawValue":"CE,UKCA","LocalValue":"CE, UKCA","Description":"","Mandatory":"0","Searchable":"0","Optional":"0","Feature":{"ID":"48024","Sign":"","Measure":{"ID":"29","Sign":"","Signs":{"ID":"","_":"","Language":"EN"}},"Name":{"Value":"Compliance certificates","Language":"EN"}}}]},{"ID":8912,"SortNo":"6","FeatureGroup":{"ID":"143","Name":{"Value":"Battery","Language":"EN"}},"Features":[{"Localized":0,"ID":835285905,"LocalID":0,"Type":"numerical","Value":"550","CategoryFeatureId":"68815","CategoryFeatureGroupID":"8912","SortNo":"100","PresentationValue":"550 mAh","RawValue":"550","LocalValue":"550","Description":"A measure of the charge stored by the battery. Determined by the mass of active material contained in the battery.","Mandatory":"0","Searchable":"0","Optional":"0","Feature":{"ID":"909","Sign":"","Measure":{"ID":"51","Sign":"","Signs":{"ID":"35","_":"mAh","Language":"EN"}},"Name":{"Value":"Battery capacity","Language":"EN"}}},{"Localized":0,"ID":835285058,"LocalID":0,"Type":"y_n","Value":"N","CategoryFeatureId":"249552","CategoryFeatureGroupID":"8912","SortNo":"45","PresentationValue":"No","RawValue":"N","LocalValue":"No","Description":"","Mandatory":"0","Searchable":"0","Optional":"0","Feature":{"ID":"11194","Sign":"","Measure":{"ID":"26","Sign":"","Signs":{"ID":"","_":"","Language":"EN"}},"Name":{"Value":"USB charging","Language":"EN"}}}]},{"ID":8913,"SortNo":"2","FeatureGroup":{"ID":"116","Name":{"Value":"Packaging content","Language":"EN"}},"Features":[{"Localized":0,"ID":835285055,"LocalID":0,"Type":"y_n","Value":"N","CategoryFeatureId":"68816","CategoryFeatureGroupID":"8913","SortNo":"50","PresentationValue":"No","RawValue":"N","LocalValue":"No","Description":"","Mandatory":"0","Searchable":"0","Optional":"0","Feature":{"ID":"10871","Sign":"","Measure":{"ID":"26","Sign":"","Signs":{"ID":"","_":"","Language":"EN"}},"Name":{"Value":"USB charger included","Language":"EN"}}}]}],"FeatureLogos":[],"ReasonsToBuy":[],"Reviews":[],"ProductRelated":[],"CatalogObjectCloud":{},"Variants":[],"ProductStory":[],"Dictionary":{"model_name":"Product name","desc":"Description","ean_code":"EAN/UPC code","flash360":"3D tour","demo_msg_part3":"If you don't have an Icecat account, please register here for free.","repairability_index":"Repairability index","zoom_panel_init":"Original size","cat_name":"Category","product_family":"Product family","back_to_top":"Back to top","zoom_panel_out":"Zoom out","specs":"Specs","eu_product_fiche":"EU Product Fiche","reviews_head_name":"Reviews","pdf_specs":"Product Brochure","zoom_panel_in":"Zoom in","html_content":"","release_date":"Release date","demo_msg_part1":"You are using now a Demo account. Please, use your own Icecat account","demo_insert_desc":"This is a demo of a seamless insert of an Icecat LIVE product data-sheet in your website. Imagine that this responsive data-sheet is included in the product page of your webshop.","pdf_url":"User manual","prod_code":"Product code","supplier_name":"Brand","video":"Video","reasons_to_buy":"Reasons to buy","marketing_text":"Description","options_head_name":"Options","product_series":"Product series","demo_msg_part2":"your Icecat login name","link_integrate_desk":"How to integrate Icecat LIVE JavaScript.","zoom_panel_dragg":"Mouse dragging","eu_energy_label":"EU Energy Label"},"DemoAccount":false}}