{"msg":"OK","data":{"GeneralInfo":{"IcecatId":79828141,"ReleaseDate":"","EndOfLifeDate":"","Title":"Glovii GJ1CL sweatshirt/hoodie","TitleInfo":{"GeneratedIntTitle":"Glovii GJ1CL sweatshirt/hoodie","GeneratedLocalTitle":{"Value":"Glovii GJ1CL sweatshirt/hoodie","Language":"EN"},"BrandLocalTitle":{"Value":"","Language":"EN"}},"Brand":"Glovii","BrandID":"15806","BrandLogo":"","BrandInfo":{"BrandName":"Glovii","BrandLocalName":"","BrandLogo":""},"ProductName":"GJ1CL","ProductNameInfo":{"ProductIntName":"GJ1CL","ProductLocalName":{"Value":"","Language":"EN"}},"BrandPartCode":"GJ1CL","GTIN":["5908246725976"],"Category":{"CategoryID":"5303","Name":{"Value":"Sweatshirts & Hoodies","Language":"EN"}},"ProductFamily":{},"ProductSeries":{"SeriesID":"1"},"Description":{"ID":"73147494","LongDesc":"Glovii heated clothing is a unique solution allowing you to maintain thermal comfort even on the coldest days of the year.<br><br>Glovii products stand out, thanks to the use of heated carbon fibers, which have a positive effect on blood circulation by emitting infrared waves.<br><br>Glovii clothing was designed with sportspeople in mind, especially those practicing winter sports.<br><br>It’s also a perfect solution for bikers, construction workers, hunters, photographers and elderly persons.<br>The most important features:<br>The heating element is constructed from carbon fibres offering extraordinary reliability and durability as well as medical properties, thanks to infrared waves<br>A safe and efficient Li-Ion battery provides a long time of operation of the heating system<br>A pocket for storing the battery offers you comfort of use every day<br>The heating element is located on the abdomen, in the area of the loins and on the shoulders, providing even heat distribution<br>The thermoactive fabric allows for quick moisture absorption and has biostatic properties, thanks to which it supports the operation of the heating system","LongProductName":"HEATED SWEATSHIRT, GJ1CL","MiddleDesc":"","Disclaimer":"","ManualPDFURL":"","ManualPDFSize":"0","LeafletPDFURL":"","PDFSize":"0","URL":"https://glovii.com/en/heated-clothing/377-315-gj1c-5908246725952.html","WarrantyInfo":"Gwarancja producenta","Updated":"2020-06-12 11:10:29","Language":"EN"},"SummaryDescription":{"ShortSummaryDescription":"Glovii GJ1CL, Adult, Unisex, Green, Crew neck, Long sleeve, Monochromatic","LongSummaryDescription":"Glovii GJ1CL. Consumer life stage: Adult, Gender: Unisex, Product main colour: Green. Material: Elastane, Polyester, Material description (name, %): polieter 94%, elastan 6%. Sleeve length: 67 cm, Package weight: 490 g, Quantity per pack: 1 pc(s)"},"BulletPoints":{"BulletPointsId":"3053728","Language":"EN","Values":["battery: 2600mAh (19,24Wh); Li-Ion","built-in energy gauge","heating element: 9.9W - carbon fiber","the heating element is located on the abdomen, in the area of the loins and on the shoulders","The thermoactive fabric allows for quick moisture absorption and has biostatic properties, thanks to which it supports the operation of the heating system"],"Updated":"2020-06-12 13:10:28"},"GeneratedBulletPoints":{},"GTINs":[{"GTIN":"5908246725976","IsApproved":true}]},"Image":{"HighPic":"https://inishop.com/img/gallery/7637d2e8abca657097b11e1b98e2ca7ebff51db3.jpg","HighPicSize":"88607","HighPicHeight":"800","HighPicWidth":"949","LowPic":"https://inishop.com/img/gallery_lows/2e73cb2dda9899918f35a2d32f0c04b629193017.jpg","LowPicSize":"11691","LowPicHeight":"169","LowPicWidth":"200","Pic500x500":"https://inishop.com/img/gallery_mediums/2b943ed438efbf5279aee0dd9e8137fb210dba2f.jpg","Pic500x500Size":"50428","Pic500x500Height":"421","Pic500x500Width":"500","ThumbPic":"https://inishop.com/img/gallery_thumbs/048fe9708b2a80cbfa8e7291377736ff134b856a.jpg","ThumbPicSize":"3233"},"Multimedia":[],"Gallery":[{"ID":"117083603","LowPic":"https://inishop.com/img/gallery_lows/2e73cb2dda9899918f35a2d32f0c04b629193017.jpg","LowSize":"11691","LowHeight":"169","LowWidth":"200","ThumbPic":"https://inishop.com/img/gallery_thumbs/048fe9708b2a80cbfa8e7291377736ff134b856a.jpg","ThumbPicSize":"3233","Pic":"https://inishop.com/img/gallery/7637d2e8abca657097b11e1b98e2ca7ebff51db3.jpg","Size":"88607","PicHeight":"800","PicWidth":"949","Pic500x500":"https://inishop.com/img/gallery_mediums/2b943ed438efbf5279aee0dd9e8137fb210dba2f.jpg","Pic500x500Size":"50428","Pic500x500Height":"421","Pic500x500Width":"500","No":"1","IsMain":"Y","Updated":"2025-09-08 16:29:57","IsPrivate":"0","Type":"ProductImage","Attributes":{"OriginalFileName":""}},{"ID":"117083604","LowPic":"https://inishop.com/img/gallery_lows/adf2f956b2e4272e6bf65a232994638025cc6229.jpg","LowSize":"14547","LowHeight":"169","LowWidth":"200","ThumbPic":"https://inishop.com/img/gallery_thumbs/2f8e7c2c55ba10ae00eb50c2e59d0e5812ddc641.jpg","ThumbPicSize":"3630","Pic":"https://inishop.com/img/gallery/ab7a566c72c6b3d835fc8ce1c10849dac438ff37.jpg","Size":"111740","PicHeight":"800","PicWidth":"949","Pic500x500":"https://inishop.com/img/gallery_mediums/e817e614230a6f463a9b6f420ef86ae83c229862.jpg","Pic500x500Size":"64257","Pic500x500Height":"421","Pic500x500Width":"500","No":"2","IsMain":"N","Updated":"2025-09-08 16:29:58","IsPrivate":"0","Type":"ProductImage","Attributes":{"OriginalFileName":""}},{"ID":"44065484","LowPic":"https://inishop.com/img/gallery_lows/79824542_9120597969.jpg","LowSize":"20845","LowHeight":"200","LowWidth":"200","ThumbPic":"https://inishop.com/img/gallery_thumbs/79824542_9120597969.jpg","ThumbPicSize":"4707","Pic":"https://inishop.com/img/gallery/79824542_9120597969.jpg","Size":"94105","PicHeight":"594","PicWidth":"594","Pic500x500":"https://inishop.com/img/gallery_mediums/79824542_9120597969.jpg","Pic500x500Size":"88502","Pic500x500Height":"500","Pic500x500Width":"500","No":"3","IsMain":"N","Updated":"2025-09-08 16:29:58","IsPrivate":"0","Type":"ProductImage","Attributes":{"OriginalFileName":""}},{"ID":"44065520","LowPic":"https://inishop.com/img/gallery_lows/79824542_1991203861.jpg","LowSize":"29284","LowHeight":"200","LowWidth":"200","ThumbPic":"https://inishop.com/img/gallery_thumbs/79824542_1991203861.jpg","ThumbPicSize":"6467","Pic":"https://inishop.com/img/gallery/79824542_1991203861.jpg","Size":"157992","PicHeight":"594","PicWidth":"594","Pic500x500":"https://inishop.com/img/gallery_mediums/79824542_1991203861.jpg","Pic500x500Size":"141057","Pic500x500Height":"500","Pic500x500Width":"500","No":"4","IsMain":"N","Updated":"2025-09-08 16:29:58","IsPrivate":"0","Type":"ProductImage","Attributes":{"OriginalFileName":""}},{"ID":"44065541","LowPic":"https://inishop.com/img/gallery_lows/79824542_4309767233.jpg","LowSize":"18824","LowHeight":"200","LowWidth":"200","ThumbPic":"https://inishop.com/img/gallery_thumbs/79824542_4309767233.jpg","ThumbPicSize":"4251","Pic":"https://inishop.com/img/gallery/79824542_4309767233.jpg","Size":"93150","PicHeight":"594","PicWidth":"594","Pic500x500":"https://inishop.com/img/gallery_mediums/79824542_4309767233.jpg","Pic500x500Size":"87110","Pic500x500Height":"500","Pic500x500Width":"500","No":"5","IsMain":"N","Updated":"2025-09-08 16:29:58","IsPrivate":"0","Type":"ProductImage","Attributes":{"OriginalFileName":""}},{"ID":"44065588","LowPic":"https://inishop.com/img/gallery_lows/79824542_0343588158.jpg","LowSize":"18929","LowHeight":"200","LowWidth":"200","ThumbPic":"https://inishop.com/img/gallery_thumbs/79824542_0343588158.jpg","ThumbPicSize":"4277","Pic":"https://inishop.com/img/gallery/79824542_0343588158.jpg","Size":"88606","PicHeight":"594","PicWidth":"594","Pic500x500":"https://inishop.com/img/gallery_mediums/79824542_0343588158.jpg","Pic500x500Size":"81796","Pic500x500Height":"500","Pic500x500Width":"500","No":"6","IsMain":"N","Updated":"2025-09-08 16:29:58","IsPrivate":"0","Type":"ProductImage","Attributes":{"OriginalFileName":""}},{"ID":"44065605","LowPic":"https://inishop.com/img/gallery_lows/79824542_7169236782.jpg","LowSize":"29629","LowHeight":"200","LowWidth":"200","ThumbPic":"https://inishop.com/img/gallery_thumbs/79824542_7169236782.jpg","ThumbPicSize":"6356","Pic":"https://inishop.com/img/gallery/79824542_7169236782.jpg","Size":"138766","PicHeight":"594","PicWidth":"594","Pic500x500":"https://inishop.com/img/gallery_mediums/79824542_7169236782.jpg","Pic500x500Size":"125899","Pic500x500Height":"500","Pic500x500Width":"500","No":"7","IsMain":"N","Updated":"2025-09-08 16:29:58","IsPrivate":"0","Type":"ProductImage","Attributes":{"OriginalFileName":""}}],"FeaturesGroups":[{"ID":19260,"SortNo":"5","FeatureGroup":{"ID":"185","Name":{"Value":"Features","Language":"EN"}},"Features":[{"Localized":0,"ID":835321553,"LocalID":0,"Type":"dropdown","Value":"Monochromatic","CategoryFeatureId":"175897","CategoryFeatureGroupID":"19260","SortNo":"10100895","PresentationValue":"Monochromatic","RawValue":"Monochromatic","LocalValue":"Monochromatic","Description":"","Mandatory":"0","Searchable":"0","Optional":"0","Feature":{"ID":"21118","Sign":"","Measure":{"ID":"29","Sign":"","Signs":{"ID":"","_":"","Language":"EN"}},"Name":{"Value":"Coloration","Language":"EN"}}},{"Localized":0,"ID":835321547,"LocalID":0,"Type":"dropdown","Value":"Adult","CategoryFeatureId":"262948","CategoryFeatureGroupID":"19260","SortNo":"1700","PresentationValue":"Adult","RawValue":"Adult","LocalValue":"Adult","Description":"","Mandatory":"1","Searchable":"1","Optional":"0","Feature":{"ID":"36987","Sign":"","Measure":{"ID":"29","Sign":"","Signs":{"ID":"","_":"","Language":"EN"}},"Name":{"Value":"Consumer life stage","Language":"EN"}}},{"Localized":0,"ID":835321544,"LocalID":0,"Type":"dropdown","Value":"Unisex","CategoryFeatureId":"262927","CategoryFeatureGroupID":"19260","SortNo":"1699","PresentationValue":"Unisex","RawValue":"Unisex","LocalValue":"Unisex","Description":"Gender (type) of a product.","Mandatory":"1","Searchable":"1","Optional":"0","Feature":{"ID":"3230","Sign":"","Measure":{"ID":"29","Sign":"","Signs":{"ID":"","_":"","Language":"EN"}},"Name":{"Value":"Gender","Language":"EN"}}},{"Localized":0,"ID":835321562,"LocalID":0,"Type":"alphanumeric","Value":"L","CategoryFeatureId":"947955","CategoryFeatureGroupID":"19260","SortNo":"920","PresentationValue":"L","RawValue":"L","LocalValue":"L","Description":"","Mandatory":"0","Searchable":"0","Optional":"0","Feature":{"ID":"47512","Sign":"","Measure":{"ID":"29","Sign":"","Signs":{"ID":"","_":"","Language":"EN"}},"Name":{"Value":"Size (S/M/L)","Language":"EN"}}},{"Localized":0,"ID":835321546,"LocalID":0,"Type":"multi_dropdown","Value":"Green","CategoryFeatureId":"290357","CategoryFeatureGroupID":"19260","SortNo":"900","PresentationValue":"Green","RawValue":"Green","LocalValue":"Green","Description":"","Mandatory":"1","Searchable":"1","Optional":"0","Feature":{"ID":"37466","Sign":"","Measure":{"ID":"29","Sign":"","Signs":{"ID":"","_":"","Language":"EN"}},"Name":{"Value":"Product main colour","Language":"EN"}}},{"Localized":0,"ID":835321550,"LocalID":0,"Type":"dropdown","Value":"Autumn/Winter","CategoryFeatureId":"262929","CategoryFeatureGroupID":"19260","SortNo":"885","PresentationValue":"Autumn/Winter","RawValue":"Autumn/Winter","LocalValue":"Autumn/Winter","Description":"For what season(s) the product is suitable. The categorisation ranges from 1 season sleeping bags (hot summer months) to 5 season sleeping bags. The latter is suitable all year around and on top of that, in extreme cold temperatures, experienced for example on high mountain expeditions.","Mandatory":"0","Searchable":"0","Optional":"0","Feature":{"ID":"17371","Sign":"","Measure":{"ID":"29","Sign":"","Signs":{"ID":"","_":"","Language":"EN"}},"Name":{"Value":"Season","Language":"EN"}}},{"Localized":0,"ID":835321557,"LocalID":0,"Type":"dropdown","Value":"Outdoor","CategoryFeatureId":"269434","CategoryFeatureGroupID":"19260","SortNo":"880","PresentationValue":"Outdoor","RawValue":"Outdoor","LocalValue":"Outdoor","Description":"","Mandatory":"0","Searchable":"0","Optional":"0","Feature":{"ID":"29202","Sign":"","Measure":{"ID":"29","Sign":"","Signs":{"ID":"","_":"","Language":"EN"}},"Name":{"Value":"Occasion","Language":"EN"}}},{"Localized":0,"ID":835321554,"LocalID":0,"Type":"dropdown","Value":"Crew neck","CategoryFeatureId":"270947","CategoryFeatureGroupID":"19260","SortNo":"865","PresentationValue":"Crew neck","RawValue":"Crew neck","LocalValue":"Crew neck","Description":"","Mandatory":"1","Searchable":"0","Optional":"0","Feature":{"ID":"36517","Sign":"","Measure":{"ID":"29","Sign":"","Signs":{"ID":"","_":"","Language":"EN"}},"Name":{"Value":"Collar/Neckline type","Language":"EN"}}},{"Localized":0,"ID":835321555,"LocalID":0,"Type":"dropdown","Value":"Long sleeve","CategoryFeatureId":"175890","CategoryFeatureGroupID":"19260","SortNo":"863","PresentationValue":"Long sleeve","RawValue":"Long sleeve","LocalValue":"Long sleeve","Description":"The length of the sleeve, e.g. short or long.","Mandatory":"1","Searchable":"0","Optional":"0","Feature":{"ID":"27300","Sign":"","Measure":{"ID":"29","Sign":"","Signs":{"ID":"","_":"","Language":"EN"}},"Name":{"Value":"Sleeve length type","Language":"EN"}}},{"Localized":0,"ID":835321558,"LocalID":0,"Type":"y_n","Value":"Y","CategoryFeatureId":"192121","CategoryFeatureGroupID":"19260","SortNo":"192","PresentationValue":"Yes","RawValue":"Y","LocalValue":"Yes","Description":"","Mandatory":"0","Searchable":"0","Optional":"0","Feature":{"ID":"23710","Sign":"","Measure":{"ID":"26","Sign":"","Signs":{"ID":"","_":"","Language":"EN"}},"Name":{"Value":"Temperature control","Language":"EN"}}},{"Localized":0,"ID":835321559,"LocalID":0,"Type":"multi_dropdown","Value":"No closure","CategoryFeatureId":"175901","CategoryFeatureGroupID":"19260","SortNo":"33","PresentationValue":"No closure","RawValue":"No closure","LocalValue":"No closure","Description":"","Mandatory":"0","Searchable":"0","Optional":"0","Feature":{"ID":"11051","Sign":"","Measure":{"ID":"29","Sign":"","Signs":{"ID":"","_":"","Language":"EN"}},"Name":{"Value":"Closure type","Language":"EN"}}},{"Localized":0,"ID":835321551,"LocalID":0,"Type":"y_n","Value":"N","CategoryFeatureId":"271419","CategoryFeatureGroupID":"19260","SortNo":"25","PresentationValue":"No","RawValue":"N","LocalValue":"No","Description":"The product is protected from water, staying dry if liquid is spilt on it or it gets wet in the rain.","Mandatory":"0","Searchable":"0","Optional":"0","Feature":{"ID":"7509","Sign":"","Measure":{"ID":"26","Sign":"","Signs":{"ID":"","_":"","Language":"EN"}},"Name":{"Value":"Waterproof","Language":"EN"}}},{"Localized":0,"ID":835321549,"LocalID":0,"Type":"y_n","Value":"Y","CategoryFeatureId":"192116","CategoryFeatureGroupID":"19260","SortNo":"17","PresentationValue":"Yes","RawValue":"Y","LocalValue":"Yes","Description":"","Mandatory":"0","Searchable":"0","Optional":"0","Feature":{"ID":"21062","Sign":"","Measure":{"ID":"26","Sign":"","Signs":{"ID":"","_":"","Language":"EN"}},"Name":{"Value":"Breathable","Language":"EN"}}}]},{"ID":29899,"SortNo":"4","FeatureGroup":{"ID":"119","Name":{"Value":"Material","Language":"EN"}},"Features":[{"Localized":0,"ID":835321545,"LocalID":0,"Type":"dropdown","Value":"Elastane,Polyester","CategoryFeatureId":"262926","CategoryFeatureGroupID":"29899","SortNo":"850","PresentationValue":"Elastane, Polyester","RawValue":"Elastane,Polyester","LocalValue":"Elastane, Polyester","Description":"The material from which a thing is or can be made e.g. wood, plastic.","Mandatory":"1","Searchable":"1","Optional":"0","Feature":{"ID":"898","Sign":"","Measure":{"ID":"29","Sign":"","Signs":{"ID":"","_":"","Language":"EN"}},"Name":{"Value":"Material","Language":"EN"}}},{"Localized":0,"ID":835321548,"LocalID":0,"Type":"text","Value":"polieter 94%,  elastan  6%","CategoryFeatureId":"291208","CategoryFeatureGroupID":"29899","SortNo":"846","PresentationValue":"polieter 94%,  elastan  6%","RawValue":"polieter 94%,  elastan  6%","LocalValue":"polieter 94%,  elastan  6%","Description":"","Mandatory":"0","Searchable":"0","Optional":"0","Feature":{"ID":"37462","Sign":"","Measure":{"ID":"29","Sign":"","Signs":{"ID":"","_":"","Language":"EN"}},"Name":{"Value":"Material description (name, %)","Language":"EN"}}},{"Localized":0,"ID":835321560,"LocalID":0,"Type":"y_n","Value":"Y","CategoryFeatureId":"269436","CategoryFeatureGroupID":"29899","SortNo":"835","PresentationValue":"Yes","RawValue":"Y","LocalValue":"Yes","Description":"","Mandatory":"0","Searchable":"0","Optional":"0","Feature":{"ID":"21182","Sign":"","Measure":{"ID":"26","Sign":"","Signs":{"ID":"","_":"","Language":"EN"}},"Name":{"Value":"Wicking material","Language":"EN"}}}]},{"ID":19261,"SortNo":"-1","FeatureGroup":{"ID":"14","Name":{"Value":"Weight & dimensions","Language":"EN"}},"Features":[{"Localized":0,"ID":835321556,"LocalID":0,"Type":"numerical","Value":"670","CategoryFeatureId":"271018","CategoryFeatureGroupID":"19261","SortNo":"4","PresentationValue":"67 cm","RawValue":"670","LocalValue":"67","Description":"","Mandatory":"0","Searchable":"0","Optional":"0","Feature":{"ID":"11377","Sign":"","Measure":{"ID":"24","Sign":"","Signs":{"ID":"3","_":"mm","Language":"EN"}},"Name":{"Value":"Sleeve length","Language":"EN"}}},{"Localized":0,"ID":835321552,"LocalID":0,"Type":"numerical","Value":"490","CategoryFeatureId":"270964","CategoryFeatureGroupID":"19261","SortNo":"-4","PresentationValue":"490 g","RawValue":"490","LocalValue":"490","Description":"Weight of the packaged product.","Mandatory":"0","Searchable":"0","Optional":"0","Feature":{"ID":"762","Sign":"","Measure":{"ID":"38","Sign":"","Signs":{"ID":"22","_":"g","Language":"EN"}},"Name":{"Value":"Package weight","Language":"EN"}}},{"Localized":0,"ID":835321561,"LocalID":0,"Type":"numerical","Value":"1","CategoryFeatureId":"270984","CategoryFeatureGroupID":"19261","SortNo":"-999","PresentationValue":"1 pc(s)","RawValue":"1","LocalValue":"1","Description":"","Mandatory":"0","Searchable":"0","Optional":"0","Feature":{"ID":"20228","Sign":"","Measure":{"ID":"144","Sign":"","Signs":{"ID":"125","_":"pc(s)","Language":"EN"}},"Name":{"Value":"Quantity per pack","Language":"EN"}}}]}],"FeatureLogos":[],"ReasonsToBuy":[],"Reviews":[],"ProductRelated":[],"CatalogObjectCloud":{},"Variants":[],"ProductStory":[],"Dictionary":{"model_name":"Product name","desc":"Description","ean_code":"EAN/UPC code","flash360":"3D tour","demo_msg_part3":"If you don't have an Icecat account, please register here for free.","repairability_index":"Repairability index","zoom_panel_init":"Original size","cat_name":"Category","product_family":"Product family","back_to_top":"Back to top","zoom_panel_out":"Zoom out","specs":"Specs","eu_product_fiche":"EU Product Fiche","reviews_head_name":"Reviews","pdf_specs":"Product Brochure","zoom_panel_in":"Zoom in","html_content":"","release_date":"Release date","demo_msg_part1":"You are using now a Demo account. Please, use your own Icecat account","demo_insert_desc":"This is a demo of a seamless insert of an Icecat LIVE product data-sheet in your website. Imagine that this responsive data-sheet is included in the product page of your webshop.","pdf_url":"User manual","prod_code":"Product code","supplier_name":"Brand","video":"Video","reasons_to_buy":"Reasons to buy","marketing_text":"Description","options_head_name":"Options","product_series":"Product series","demo_msg_part2":"your Icecat login name","link_integrate_desk":"How to integrate Icecat LIVE JavaScript.","zoom_panel_dragg":"Mouse dragging","eu_energy_label":"EU Energy Label"},"DemoAccount":false}}