{"msg":"OK","data":{"GeneralInfo":{"IcecatId":134699161,"ReleaseDate":"","EndOfLifeDate":"","Title":"Kukkia Finland Cheerful Mixed Gerbera Flowers in Glass Vase","TitleInfo":{"GeneratedIntTitle":"Kukkia Finland INT-12760 fresh cut mixed bouquet/flower","GeneratedLocalTitle":{"Value":"Kukkia Finland INT-12760 fresh cut mixed bouquet/flower Birthday","Language":"EN"},"BrandLocalTitle":{"Value":"Kukkia Finland Cheerful Mixed Gerbera Flowers in Glass Vase","Language":"EN"}},"Brand":"Kukkia Finland","BrandID":"43644","BrandLogo":"","BrandInfo":{"BrandName":"Kukkia Finland","BrandLocalName":"","BrandLogo":""},"ProductName":"Cheerful Mixed Gerbera Flowers in Glass Vase","ProductNameInfo":{"ProductIntName":"INT-12760","ProductLocalName":{"Value":"Cheerful Mixed Gerbera Flowers in Glass Vase","Language":"EN"}},"BrandPartCode":"INT-12760","GTIN":[],"Category":{"CategoryID":"4796","Name":{"Value":"Fresh Cut Mixed Bouquets & Flowers","Language":"EN"}},"ProductFamily":{},"ProductSeries":{"SeriesID":"1"},"Description":{"ID":"104037907","LongDesc":"Our White Roses & Baby's Breath Bouquet showcases the timeless beauty of pure white roses, gently accented with delicate baby's breath. This elegant arrangement exudes grace and simplicity, making it a perfect choice for weddings, anniversaries, or just to bring a touch of serenity and sophistication to any setting. A classic expression of purity, ideal for any heartfelt occasion.","LongProductName":"White Roses & Baby Breath Bouquet","MiddleDesc":"","Disclaimer":"","ManualPDFURL":"","ManualPDFSize":"0","LeafletPDFURL":"","PDFSize":"0","URL":"https://www.flowers4finland.com/fresh-cut-white-roses-bouquet-flower-delivery.html","WarrantyInfo":"","Updated":"2025-09-08 17:28:18","Language":"EN"},"SummaryDescription":{"ShortSummaryDescription":"Kukkia Finland Cheerful Mixed Gerbera Flowers in Glass Vase, Fresh cut mixed bouquet, Red, Yellow, Birthday, Finland","LongSummaryDescription":"Kukkia Finland Cheerful Mixed Gerbera Flowers in Glass Vase. Product type: Fresh cut mixed bouquet, Product colour: Red, Yellow, Occasion: Birthday. Country of origin: Finland"},"BulletPoints":{"BulletPointsId":"13607250","Language":"EN","Values":["Vibrant Colorful Gerberas in Vase arrangement for home or gift","Bright, cheerful blooms hand-selected for freshness and vivid color","Each flower symbolizes joy, happiness, and positivity","Beautifully arranged in a stylish glass vase","Ideal for birthdays, celebrations, or just because","Perfect for brightening living rooms, offices, or hospital visits","A thoughtful and fresh flower gift for any occasion","Brings a touch of nature indoors with long-lasting charm"],"Updated":"2025-09-08 17:31:45"},"GeneratedBulletPoints":{},"GTINs":[]},"Image":{"HighPic":"https://inishop.com/img/gallery/44695926193faf198b974cf26ae98277fa9eb462.jpg","HighPicSize":"602740","HighPicHeight":"1000","HighPicWidth":"1000","LowPic":"https://inishop.com/img/gallery_lows/b7d97f663a34c1e0e7ff4ce7a8f73457fc0dcf47.jpg","LowPicSize":"44806","LowPicHeight":"200","LowPicWidth":"200","Pic500x500":"https://inishop.com/img/gallery_mediums/fbc90d2b27de2314018122da2bafca5638de262a.jpg","Pic500x500Size":"199389","Pic500x500Height":"500","Pic500x500Width":"500","ThumbPic":"https://inishop.com/img/gallery_thumbs/6738f12a87347fb148395e7faa3f8c220e01e75a.jpg","ThumbPicSize":"9613"},"Multimedia":[],"Gallery":[{"ID":"117084195","LowPic":"https://inishop.com/img/gallery_lows/b7d97f663a34c1e0e7ff4ce7a8f73457fc0dcf47.jpg","LowSize":"44806","LowHeight":"200","LowWidth":"200","ThumbPic":"https://inishop.com/img/gallery_thumbs/6738f12a87347fb148395e7faa3f8c220e01e75a.jpg","ThumbPicSize":"9613","Pic":"https://inishop.com/img/gallery/44695926193faf198b974cf26ae98277fa9eb462.jpg","Size":"602740","PicHeight":"1000","PicWidth":"1000","Pic500x500":"https://inishop.com/img/gallery_mediums/fbc90d2b27de2314018122da2bafca5638de262a.jpg","Pic500x500Size":"199389","Pic500x500Height":"500","Pic500x500Width":"500","No":"1","IsMain":"Y","Updated":"2025-09-08 17:28:59","IsPrivate":"0","Type":"ProductImage","Attributes":{"OriginalFileName":""}},{"ID":"117084196","LowPic":"https://inishop.com/img/gallery_lows/df2c147bb8f7f3ff0b13bc4bfca720de1df3d9af.jpg","LowSize":"46902","LowHeight":"200","LowWidth":"200","ThumbPic":"https://inishop.com/img/gallery_thumbs/f6693aba3b0d624f1af5c07156144f9e22abd3aa.jpg","ThumbPicSize":"10074","Pic":"https://inishop.com/img/gallery/373f2f0fe43f521286417097b06b9b16d28da2b6.jpg","Size":"668013","PicHeight":"1000","PicWidth":"1000","Pic500x500":"https://inishop.com/img/gallery_mediums/04cfc4699185e8cd16d283e30587a0cced9868ac.jpg","Pic500x500Size":"210175","Pic500x500Height":"500","Pic500x500Width":"500","No":"2","IsMain":"N","Updated":"2025-09-08 17:29:01","IsPrivate":"0","Type":"ProductImage","Attributes":{"OriginalFileName":""}},{"ID":"117084197","LowPic":"https://inishop.com/img/gallery_lows/f2a52032e61d3323c75dc2ddc08c9d4d44e61d0f.jpg","LowSize":"52983","LowHeight":"200","LowWidth":"200","ThumbPic":"https://inishop.com/img/gallery_thumbs/64c0f33838ddb7c1076b1cd912a3eb602f7880e4.jpg","ThumbPicSize":"10980","Pic":"https://inishop.com/img/gallery/064f5d14e66393e8fa6a5c56fda3410e6329ec31.jpg","Size":"748871","PicHeight":"1000","PicWidth":"1000","Pic500x500":"https://inishop.com/img/gallery_mediums/ca3f2d1a666875d7c204b6b5b3951504f9f5866c.jpg","Pic500x500Size":"241047","Pic500x500Height":"500","Pic500x500Width":"500","No":"3","IsMain":"N","Updated":"2025-09-08 17:29:02","IsPrivate":"0","Type":"ProductImage","Attributes":{"OriginalFileName":""}},{"ID":"117084198","LowPic":"https://inishop.com/img/gallery_lows/8ed8053d5fc5aef86df021a698a3353bc293c256.jpg","LowSize":"39530","LowHeight":"200","LowWidth":"200","ThumbPic":"https://inishop.com/img/gallery_thumbs/9f8ed0b221014a0eee2f9e3e014562e734f871af.jpg","ThumbPicSize":"8468","Pic":"https://inishop.com/img/gallery/0a2bd626744569af150d1bdf7c177d451e61c4c4.jpg","Size":"565190","PicHeight":"1000","PicWidth":"1000","Pic500x500":"https://inishop.com/img/gallery_mediums/6f3af8536562c1feb5b1c97af8fcab89414c4ee2.jpg","Pic500x500Size":"176562","Pic500x500Height":"500","Pic500x500Width":"500","No":"4","IsMain":"N","Updated":"2025-09-08 17:29:03","IsPrivate":"0","Type":"ProductImage","Attributes":{"OriginalFileName":""}}],"FeaturesGroups":[{"ID":24776,"SortNo":"50","FeatureGroup":{"ID":"185","Name":{"Value":"Features","Language":"EN"}},"Features":[{"Localized":0,"ID":835130490,"LocalID":0,"Type":"dropdown","Value":"Fresh cut mixed bouquet","CategoryFeatureId":"935697","CategoryFeatureGroupID":"24776","SortNo":"500","PresentationValue":"Fresh cut mixed bouquet","RawValue":"Fresh cut mixed bouquet","LocalValue":"Fresh cut mixed bouquet","Description":"The sub-category of the product.","Mandatory":"1","Searchable":"1","Optional":"0","Feature":{"ID":"14052","Sign":"","Measure":{"ID":"29","Sign":"","Signs":{"ID":"","_":"","Language":"EN"}},"Name":{"Value":"Product type","Language":"EN"}}},{"Localized":0,"ID":835130488,"LocalID":0,"Type":"multi_dropdown","Value":"Red,Yellow","CategoryFeatureId":"945016","CategoryFeatureGroupID":"24776","SortNo":"300","PresentationValue":"Red, Yellow","RawValue":"Red,Yellow","LocalValue":"Red, Yellow","Description":"The colour e.g. red, blue, green, black, white.","Mandatory":"0","Searchable":"0","Optional":"0","Feature":{"ID":"1766","Sign":"","Measure":{"ID":"29","Sign":"","Signs":{"ID":"","_":"","Language":"EN"}},"Name":{"Value":"Product colour","Language":"EN"}}},{"Localized":0,"ID":835130587,"LocalID":0,"Type":"dropdown","Value":"Birthday","CategoryFeatureId":"221114","CategoryFeatureGroupID":"24776","SortNo":"250","PresentationValue":"Birthday","RawValue":"Birthday","LocalValue":"Birthday","Description":"","Mandatory":"0","Searchable":"0","Optional":"0","Feature":{"ID":"29202","Sign":"","Measure":{"ID":"29","Sign":"","Signs":{"ID":"","_":"","Language":"EN"}},"Name":{"Value":"Occasion","Language":"EN"}}}]},{"ID":37775,"SortNo":"0","FeatureGroup":{"ID":"198","Name":{"Value":"Logistics data","Language":"EN"}},"Features":[{"Localized":0,"ID":835130489,"LocalID":0,"Type":"multi_dropdown","Value":"Finland","CategoryFeatureId":"375769","CategoryFeatureGroupID":"37775","SortNo":"0","PresentationValue":"Finland","RawValue":"Finland","LocalValue":"Finland","Description":"Country where the device is made. Aka Country of manufacture (COM).","Mandatory":"0","Searchable":"0","Optional":"0","Feature":{"ID":"3294","Sign":"","Measure":{"ID":"29","Sign":"","Signs":{"ID":"","_":"","Language":"EN"}},"Name":{"Value":"Country of origin","Language":"EN"}}}]}],"FeatureLogos":[],"ReasonsToBuy":[],"Reviews":[],"ProductRelated":[],"CatalogObjectCloud":{},"Variants":[],"ProductStory":[],"Dictionary":{"model_name":"Product name","desc":"Description","ean_code":"EAN/UPC code","flash360":"3D tour","demo_msg_part3":"If you don't have an Icecat account, please register here for free.","repairability_index":"Repairability index","zoom_panel_init":"Original size","cat_name":"Category","product_family":"Product family","back_to_top":"Back to top","zoom_panel_out":"Zoom out","specs":"Specs","eu_product_fiche":"EU Product Fiche","reviews_head_name":"Reviews","pdf_specs":"Product Brochure","zoom_panel_in":"Zoom in","html_content":"","release_date":"Release date","demo_msg_part1":"You are using now a Demo account. Please, use your own Icecat account","demo_insert_desc":"This is a demo of a seamless insert of an Icecat LIVE product data-sheet in your website. Imagine that this responsive data-sheet is included in the product page of your webshop.","pdf_url":"User manual","prod_code":"Product code","supplier_name":"Brand","video":"Video","reasons_to_buy":"Reasons to buy","marketing_text":"Description","options_head_name":"Options","product_series":"Product series","demo_msg_part2":"your Icecat login name","link_integrate_desk":"How to integrate Icecat LIVE JavaScript.","zoom_panel_dragg":"Mouse dragging","eu_energy_label":"EU Energy Label"},"DemoAccount":false}}