{"msg":"OK","data":{"GeneralInfo":{"IcecatId":134704418,"ReleaseDate":"","EndOfLifeDate":"","Title":"Vuse Reload Pen Blueberry Raspberry","TitleInfo":{"GeneratedIntTitle":"Vuse Reload Pen electronic cigarette","GeneratedLocalTitle":{"Value":"Vuse Reload Pen electronic cigarette 1000 puffs Blue","Language":"EN"},"BrandLocalTitle":{"Value":"Vuse Reload Pen Blueberry Raspberry","Language":"EN"}},"Brand":"Vuse","BrandID":"43652","BrandLogo":"","BrandInfo":{"BrandName":"Vuse","BrandLocalName":"","BrandLogo":""},"ProductName":"Reload Pen Blueberry Raspberry","ProductNameInfo":{"ProductIntName":"Reload Pen","ProductLocalName":{"Value":"Reload Pen Blueberry Raspberry","Language":"EN"}},"BrandPartCode":"VUSE RELOAD PEN BLUEBERRY RASPBERRY BLUE","GTIN":[],"Category":{"CategoryID":"2401","Name":{"Value":"Electronic Cigarettes","Language":"EN"}},"ProductFamily":{},"ProductSeries":{"SeriesID":"1"},"Description":{"ID":"104046784","LongDesc":"Introducing Vuse Reload reusable vape. Our new, ready-to-use premium vape pen device is designed for reuse with FlavourFlow technology and Vapour Boost Mode, and is paired with our Extra Intense Pods. The Aqua Vuse Reload vape device comes with a Blueberry Raspberry prefilled vape pod and features a sleek pen design that fits in your pocket or palm.<br><br><b>VapourBoost Mode</b><br>Control your vapour delivery at a touch of a button with VapourBoost Mode. The device is designed with a single button to select between base or boost mode and control the device’s lock function.<br><br><b>Flavour Selection</b><br><br><b>Choose from 5 metallic colours</b><br>Introducing the Vuse Reload with a diverse flavour selection. Enjoy the taste of mint, fruits, or tobacco. The Vuse Reload offers a large range of flavour options created for your individual preferences.<br><br><b>Convenient Charging</b><br>Vuse Reload features a USB-C port for convenience. This capability provides a hassle-free charging experience.","LongProductName":"Vuse Reload Pen, Blueberry Raspberry, Blue","MiddleDesc":"","Disclaimer":"","ManualPDFURL":"","ManualPDFSize":"0","LeafletPDFURL":"","PDFSize":"0","URL":"https://www.vuse.com/gb/en/rechargeable-vapes/blueberry-raspberry-vuse-reload-pen","WarrantyInfo":"","Updated":"2025-09-09 14:21:35","Language":"EN"},"SummaryDescription":{"ShortSummaryDescription":"Vuse Reload Pen Blueberry Raspberry, 1000 puffs, Blue, 1.08 h","LongSummaryDescription":"Vuse Reload Pen Blueberry Raspberry. Capacity: 1000 puffs. Product colour: Blue. Charging time: 1.08 h"},"BulletPoints":{"BulletPointsId":"13610662","Language":"EN","Values":["Compatible with all Vuse pods. Best compatible with intense flavour and classic pods","Device Lock. Secure your device when not in use","VapourBoost Mode. Control your vapour delivery at a touch of a button with VapourBoost Mode","Charging Time. 65 mins from 0 to 100%, 50 mins to 80%","FlavourFlow technology. Get a rich taste with FlavourFlow technology","USB-C Rechargeable. USB-C Charging cable for easy charging"],"Updated":"2025-09-09 14:21:10"},"GeneratedBulletPoints":{},"GTINs":[]},"Image":{"HighPic":"https://inishop.com/img/gallery/cb6f56f3b9c18cf8fbd4ef7338652f77fefeab0b.jpg","HighPicSize":"325517","HighPicHeight":"855","HighPicWidth":"648","LowPic":"https://inishop.com/img/gallery_lows/f49fdced3caef610ce1b336991081312e7f2b279.jpg","LowPicSize":"25247","LowPicHeight":"200","LowPicWidth":"152","Pic500x500":"https://inishop.com/img/gallery_mediums/2d8167486ce60f06a617c6029154abe25fd96efa.jpg","Pic500x500Size":"125394","Pic500x500Height":"500","Pic500x500Width":"379","ThumbPic":"https://inishop.com/img/gallery_thumbs/0455a7e6704d6e3d5cc9585c529b729f77a56c7c.jpg","ThumbPicSize":"5665"},"Multimedia":[],"Gallery":[{"ID":"117112855","LowPic":"https://inishop.com/img/gallery_lows/f49fdced3caef610ce1b336991081312e7f2b279.jpg","LowSize":"25247","LowHeight":"200","LowWidth":"152","ThumbPic":"https://inishop.com/img/gallery_thumbs/0455a7e6704d6e3d5cc9585c529b729f77a56c7c.jpg","ThumbPicSize":"5665","Pic":"https://inishop.com/img/gallery/cb6f56f3b9c18cf8fbd4ef7338652f77fefeab0b.jpg","Size":"325517","PicHeight":"855","PicWidth":"648","Pic500x500":"https://inishop.com/img/gallery_mediums/2d8167486ce60f06a617c6029154abe25fd96efa.jpg","Pic500x500Size":"125394","Pic500x500Height":"500","Pic500x500Width":"379","No":"2","IsMain":"Y","Updated":"2025-09-09 14:13:59","IsPrivate":"0","Type":"ProductImage","Attributes":{"OriginalFileName":""}},{"ID":"117112856","LowPic":"https://inishop.com/img/gallery_lows/8867ed7cd8bcd78734a1aef12920a0299cd0b507.jpg","LowSize":"7814","LowHeight":"200","LowWidth":"52","ThumbPic":"https://inishop.com/img/gallery_thumbs/cc2aab6a3d6df924efbb23ab28bd82c9ee63bf33.jpg","ThumbPicSize":"2430","Pic":"https://inishop.com/img/gallery/c67bdad4d2bc27864d23af878c64a70dac026c1c.jpg","Size":"111386","PicHeight":"809","PicWidth":"212","Pic500x500":"https://inishop.com/img/gallery_mediums/1e255eee6e792b273623a3b47cada2458bb23b74.jpg","Pic500x500Size":"39754","Pic500x500Height":"500","Pic500x500Width":"131","No":"3","IsMain":"N","Updated":"2025-09-09 14:13:59","IsPrivate":"0","Type":"ProductImage","Attributes":{"OriginalFileName":""}},{"ID":"117112857","LowPic":"https://inishop.com/img/gallery_lows/fd71d6d67b1df1e8ba999d23764e530b7c74a2a9.jpg","LowSize":"11645","LowHeight":"200","LowWidth":"113","ThumbPic":"https://inishop.com/img/gallery_thumbs/801e95b678ab19710c0225baddaf9af9cd010402.jpg","ThumbPicSize":"3381","Pic":"https://inishop.com/img/gallery/650fff4151a503ff124dcda553bb92f2119ad8ce.jpg","Size":"112361","PicHeight":"809","PicWidth":"459","Pic500x500":"https://inishop.com/img/gallery_mediums/3b3766adc1b3121277fd7189abb9665989e3eaf0.jpg","Pic500x500Size":"48329","Pic500x500Height":"500","Pic500x500Width":"284","No":"4","IsMain":"N","Updated":"2025-09-09 14:13:59","IsPrivate":"0","Type":"ProductImage","Attributes":{"OriginalFileName":""}},{"ID":"117112858","LowPic":"https://inishop.com/img/gallery_lows/2af2c77e3678c7f9b15a83a470f4c9c8dfd2d959.jpg","LowSize":"11746","LowHeight":"200","LowWidth":"111","ThumbPic":"https://inishop.com/img/gallery_thumbs/ecc5d42f1dca6025a4c89bc7287a8e9587d231ab.jpg","ThumbPicSize":"3433","Pic":"https://inishop.com/img/gallery/e8c455557dfb558b8b1ed8b6025ad8caddf40a22.jpg","Size":"112595","PicHeight":"809","PicWidth":"448","Pic500x500":"https://inishop.com/img/gallery_mediums/84bf3ff978aedb6fbe9b906c91186047c2e3b3f5.jpg","Pic500x500Size":"48617","Pic500x500Height":"500","Pic500x500Width":"277","No":"5","IsMain":"N","Updated":"2025-09-09 14:13:59","IsPrivate":"0","Type":"ProductImage","Attributes":{"OriginalFileName":""}}],"FeaturesGroups":[{"ID":70844,"SortNo":"12","FeatureGroup":{"ID":"185","Name":{"Value":"Features","Language":"EN"}},"Features":[{"Localized":0,"ID":835284980,"LocalID":0,"Type":"numerical","Value":"1000","CategoryFeatureId":"68837","CategoryFeatureGroupID":"70844","SortNo":"1000","PresentationValue":"1000 puffs","RawValue":"1000","LocalValue":"1000","Description":"","Mandatory":"0","Searchable":"0","Optional":"0","Feature":{"ID":"10872","Sign":"","Measure":{"ID":"232","Sign":"","Signs":{"ID":"11757","_":"puffs","Language":"EN"}},"Name":{"Value":"Capacity","Language":"EN"}}}]},{"ID":8909,"SortNo":"11","FeatureGroup":{"ID":"148","Name":{"Value":"Design","Language":"EN"}},"Features":[{"Localized":0,"ID":835284701,"LocalID":0,"Type":"multi_dropdown","Value":"Blue","CategoryFeatureId":"68804","CategoryFeatureGroupID":"8909","SortNo":"90","PresentationValue":"Blue","RawValue":"Blue","LocalValue":"Blue","Description":"The colour e.g. red, blue, green, black, white.","Mandatory":"0","Searchable":"0","Optional":"0","Feature":{"ID":"1766","Sign":"","Measure":{"ID":"29","Sign":"","Signs":{"ID":"","_":"","Language":"EN"}},"Name":{"Value":"Product colour","Language":"EN"}}},{"Localized":0,"ID":835284717,"LocalID":0,"Type":"y_n","Value":"N","CategoryFeatureId":"249546","CategoryFeatureGroupID":"8909","SortNo":"80","PresentationValue":"No","RawValue":"N","LocalValue":"No","Description":"A display which is part of the product, so you do not need to attach another display.","Mandatory":"0","Searchable":"0","Optional":"0","Feature":{"ID":"8782","Sign":"","Measure":{"ID":"26","Sign":"","Signs":{"ID":"","_":"","Language":"EN"}},"Name":{"Value":"Built-in display","Language":"EN"}}},{"Localized":0,"ID":835284718,"LocalID":0,"Type":"multi_dropdown","Value":"Y","CategoryFeatureId":"293940","CategoryFeatureGroupID":"8909","SortNo":"10","PresentationValue":"Yes","RawValue":"Y","LocalValue":"Yes","Description":"","Mandatory":"0","Searchable":"0","Optional":"0","Feature":{"ID":"1501","Sign":"","Measure":{"ID":"29","Sign":"","Signs":{"ID":"","_":"","Language":"EN"}},"Name":{"Value":"LED indicators","Language":"EN"}}},{"Localized":0,"ID":835284961,"LocalID":0,"Type":"y_n","Value":"Y","CategoryFeatureId":"249553","CategoryFeatureGroupID":"8909","SortNo":"0","PresentationValue":"Yes","RawValue":"Y","LocalValue":"Yes","Description":"The device features a socket into which a USB cable can be plugged.","Mandatory":"0","Searchable":"0","Optional":"0","Feature":{"ID":"23798","Sign":"","Measure":{"ID":"26","Sign":"","Signs":{"ID":"","_":"","Language":"EN"}},"Name":{"Value":"USB port","Language":"EN"}}},{"Localized":0,"ID":835284963,"LocalID":0,"Type":"y_n","Value":"Y","CategoryFeatureId":"950840","CategoryFeatureGroupID":"8909","SortNo":"0","PresentationValue":"Yes","RawValue":"Y","LocalValue":"Yes","Description":"","Mandatory":"0","Searchable":"0","Optional":"0","Feature":{"ID":"10888","Sign":"","Measure":{"ID":"26","Sign":"","Signs":{"ID":"","_":"","Language":"EN"}},"Name":{"Value":"Boost function","Language":"EN"}}}]},{"ID":8912,"SortNo":"6","FeatureGroup":{"ID":"143","Name":{"Value":"Battery","Language":"EN"}},"Features":[{"Localized":0,"ID":835284722,"LocalID":0,"Type":"y_n","Value":"Y","CategoryFeatureId":"249552","CategoryFeatureGroupID":"8912","SortNo":"45","PresentationValue":"Yes","RawValue":"Y","LocalValue":"Yes","Description":"","Mandatory":"0","Searchable":"0","Optional":"0","Feature":{"ID":"11194","Sign":"","Measure":{"ID":"26","Sign":"","Signs":{"ID":"","_":"","Language":"EN"}},"Name":{"Value":"USB charging","Language":"EN"}}}]},{"ID":78604,"SortNo":"5","FeatureGroup":{"ID":"27","Name":{"Value":"Power","Language":"EN"}},"Features":[{"Localized":0,"ID":835284826,"LocalID":0,"Type":"numerical","Value":"1.08","CategoryFeatureId":"950844","CategoryFeatureGroupID":"78604","SortNo":"0","PresentationValue":"1.08 h","RawValue":"1.08","LocalValue":"1.08","Description":"The amount of time needed to charge the product.","Mandatory":"0","Searchable":"0","Optional":"0","Feature":{"ID":"4087","Sign":"","Measure":{"ID":"46","Sign":"","Signs":{"ID":"30","_":"h","Language":"EN"}},"Name":{"Value":"Charging time","Language":"EN"}}}]},{"ID":8913,"SortNo":"2","FeatureGroup":{"ID":"116","Name":{"Value":"Packaging content","Language":"EN"}},"Features":[{"Localized":0,"ID":835284807,"LocalID":0,"Type":"y_n","Value":"Y","CategoryFeatureId":"68816","CategoryFeatureGroupID":"8913","SortNo":"50","PresentationValue":"Yes","RawValue":"Y","LocalValue":"Yes","Description":"","Mandatory":"0","Searchable":"0","Optional":"0","Feature":{"ID":"10871","Sign":"","Measure":{"ID":"26","Sign":"","Signs":{"ID":"","_":"","Language":"EN"}},"Name":{"Value":"USB charger included","Language":"EN"}}},{"Localized":0,"ID":835284735,"LocalID":0,"Type":"y_n","Value":"Y","CategoryFeatureId":"68848","CategoryFeatureGroupID":"8913","SortNo":"0","PresentationValue":"Yes","RawValue":"Y","LocalValue":"Yes","Description":"","Mandatory":"0","Searchable":"0","Optional":"0","Feature":{"ID":"3965","Sign":"","Measure":{"ID":"26","Sign":"","Signs":{"ID":"","_":"","Language":"EN"}},"Name":{"Value":"Manual","Language":"EN"}}}]}],"FeatureLogos":[],"ReasonsToBuy":[],"Reviews":[],"ProductRelated":[],"CatalogObjectCloud":{},"Variants":[],"ProductStory":[],"Dictionary":{"model_name":"Product name","desc":"Description","ean_code":"EAN/UPC code","flash360":"3D tour","demo_msg_part3":"If you don't have an Icecat account, please register here for free.","repairability_index":"Repairability index","zoom_panel_init":"Original size","cat_name":"Category","product_family":"Product family","back_to_top":"Back to top","zoom_panel_out":"Zoom out","specs":"Specs","eu_product_fiche":"EU Product Fiche","reviews_head_name":"Reviews","pdf_specs":"Product Brochure","zoom_panel_in":"Zoom in","html_content":"","release_date":"Release date","demo_msg_part1":"You are using now a Demo account. Please, use your own Icecat account","demo_insert_desc":"This is a demo of a seamless insert of an Icecat LIVE product data-sheet in your website. Imagine that this responsive data-sheet is included in the product page of your webshop.","pdf_url":"User manual","prod_code":"Product code","supplier_name":"Brand","video":"Video","reasons_to_buy":"Reasons to buy","marketing_text":"Description","options_head_name":"Options","product_series":"Product series","demo_msg_part2":"your Icecat login name","link_integrate_desk":"How to integrate Icecat LIVE JavaScript.","zoom_panel_dragg":"Mouse dragging","eu_energy_label":"EU Energy Label"},"DemoAccount":false}}