{"msg":"OK","data":{"GeneralInfo":{"IcecatId":100731470,"ReleaseDate":"","EndOfLifeDate":"","Title":"Belcando Adult Active 12.5 kg","TitleInfo":{"GeneratedIntTitle":"Belcando Adult Active","GeneratedLocalTitle":{"Value":"Belcando Adult Active 12.5 kg","Language":"EN"},"BrandLocalTitle":{"Value":"","Language":"EN"}},"Brand":"Belcando","BrandID":"32628","BrandLogo":"","BrandInfo":{"BrandName":"Belcando","BrandLocalName":"","BrandLogo":""},"ProductName":"Adult Active","ProductNameInfo":{"ProductIntName":"Adult Active","ProductLocalName":{"Value":"","Language":"EN"}},"BrandPartCode":"557525","GTIN":["4002633557520"],"Category":{"CategoryID":"3398","Name":{"Value":"Dogs Dry Food","Language":"EN"}},"ProductFamily":{},"ProductSeries":{"SeriesID":"1"},"Description":{"ID":"104044849","LongDesc":"Easily digestible poultry, the valuable omega-3 fatty acids of the linseed and healthy carob groats, which supplies important tannins and vital substances, make BELCANDO Adult Active a holistic food for dogs that love to exercise. The protein and fat content have been adapted to the energy requirements of active dogs and promote stamina and fitness in sports and leisure activities.<br><br>Ratio of animal protein to total protein: 75% (Poultry 55%, Fish 15%, Gelatine 5%)","LongProductName":"Adult Active, 12.5kg","MiddleDesc":"","Disclaimer":"","ManualPDFURL":"","ManualPDFSize":"0","LeafletPDFURL":"","PDFSize":"0","URL":"https://www.belcando.com/belcando-adult-active","WarrantyInfo":"","Updated":"2025-09-09 12:27:19","Language":"EN"},"SummaryDescription":{"ShortSummaryDescription":"Belcando Adult Active, Adult, Any breed, 12.5 kg, Lactose free","LongSummaryDescription":"Belcando Adult Active. Pet life stage: Adult, Dog breed: Any breed, Weight: 12.5 kg, Lactose free, Grain free"},"BulletPoints":{"BulletPointsId":"13609007","Language":"EN","Values":["For adult dogs with higher activity levels","For increased stamina and better condition","Linseed - has a positive effect on skin and coat"],"Updated":"2025-09-09 12:27:20"},"GeneratedBulletPoints":{},"GTINs":[{"GTIN":"4002633557520","IsApproved":true}]},"Image":{"HighPic":"https://inishop.com/img/gallery/100731470_1887248000.jpg","HighPicSize":"262313","HighPicHeight":"800","HighPicWidth":"361","LowPic":"https://inishop.com/img/gallery_lows/100731470_1887248000.jpg","LowPicSize":"22360","LowPicHeight":"200","LowPicWidth":"90","Pic500x500":"https://inishop.com/img/gallery_mediums/100731470_1887248000.jpg","Pic500x500Size":"110027","Pic500x500Height":"500","Pic500x500Width":"226","ThumbPic":"https://inishop.com/img/gallery_thumbs/100731470_1887248000.jpg","ThumbPicSize":"4882"},"Multimedia":[],"Gallery":[{"ID":"64847276","LowPic":"https://inishop.com/img/gallery_lows/100731470_1887248000.jpg","LowSize":"22360","LowHeight":"200","LowWidth":"90","ThumbPic":"https://inishop.com/img/gallery_thumbs/100731470_1887248000.jpg","ThumbPicSize":"4882","Pic":"https://inishop.com/img/gallery/100731470_1887248000.jpg","Size":"262313","PicHeight":"800","PicWidth":"361","Pic500x500":"https://inishop.com/img/gallery_mediums/100731470_1887248000.jpg","Pic500x500Size":"110027","Pic500x500Height":"500","Pic500x500Width":"226","No":"1","IsMain":"Y","Updated":"2022-07-24 12:17:30","IsPrivate":"0","Type":"ProductImage","Attributes":{"OriginalFileName":""}},{"ID":"117097058","LowPic":"https://inishop.com/img/gallery_lows/ed0a22cd8a7d5e2b7a2ac2f02392364bea8e5c67.jpg","LowSize":"43636","LowHeight":"200","LowWidth":"200","ThumbPic":"https://inishop.com/img/gallery_thumbs/2746aa7b2a923ab1ba1826043a027dccef5fb78a.jpg","ThumbPicSize":"9138","Pic":"https://inishop.com/img/gallery/1cb36ed0009633f82d001ae9e551f641515cb197.jpg","Size":"360755","PicHeight":"800","PicWidth":"800","Pic500x500":"https://inishop.com/img/gallery_mediums/2db4606b79b918219f730ef0e2b04b4e2c8561a5.jpg","Pic500x500Size":"211983","Pic500x500Height":"500","Pic500x500Width":"500","No":"2","IsMain":"N","Updated":"2025-09-09 12:25:00","IsPrivate":"0","Type":"ProductImage","Attributes":{"OriginalFileName":""}}],"FeaturesGroups":[{"ID":13305,"SortNo":"10","FeatureGroup":{"ID":"185","Name":{"Value":"Features","Language":"EN"}},"Features":[{"Localized":0,"ID":491199403,"LocalID":0,"Type":"numerical","Value":"12500","CategoryFeatureId":"189213","CategoryFeatureGroupID":"13305","SortNo":"200","PresentationValue":"12.5 kg","RawValue":"12500","LocalValue":"12.5","Description":"Weight of the product without packaging (net weight). If possible, the net weight is given including standard accessories and supplies. Please note that sometimes the manufacturer leaves out the weight of accessories and/or supplies.","Mandatory":"1","Searchable":"0","Optional":"0","Feature":{"ID":"94","Sign":"","Measure":{"ID":"38","Sign":"","Signs":{"ID":"22","_":"g","Language":"EN"}},"Name":{"Value":"Weight","Language":"EN"}}},{"Localized":0,"ID":491199412,"LocalID":0,"Type":"multi_dropdown","Value":"Any breed","CategoryFeatureId":"122978","CategoryFeatureGroupID":"13305","SortNo":"190","PresentationValue":"Any breed","RawValue":"Any breed","LocalValue":"Any breed","Description":"","Mandatory":"1","Searchable":"0","Optional":"0","Feature":{"ID":"20710","Sign":"","Measure":{"ID":"29","Sign":"","Signs":{"ID":"","_":"","Language":"EN"}},"Name":{"Value":"Dog breed","Language":"EN"}}},{"Localized":0,"ID":491199426,"LocalID":0,"Type":"multi_dropdown","Value":"Active","CategoryFeatureId":"122915","CategoryFeatureGroupID":"13305","SortNo":"185","PresentationValue":"Active","RawValue":"Active","LocalValue":"Active","Description":"","Mandatory":"0","Searchable":"0","Optional":"0","Feature":{"ID":"20701","Sign":"","Measure":{"ID":"29","Sign":"","Signs":{"ID":"","_":"","Language":"EN"}},"Name":{"Value":"Pet specific needs","Language":"EN"}}},{"Localized":0,"ID":491199520,"LocalID":0,"Type":"multi_dropdown","Value":"Vitamin A,Vitamin D3,Vitamin E","CategoryFeatureId":"201495","CategoryFeatureGroupID":"13305","SortNo":"175","PresentationValue":"Vitamin A, Vitamin D3, Vitamin E","RawValue":"Vitamin A,Vitamin D3,Vitamin E","LocalValue":"Vitamin A, Vitamin D3, Vitamin E","Description":"","Mandatory":"0","Searchable":"0","Optional":"0","Feature":{"ID":"26607","Sign":"","Measure":{"ID":"29","Sign":"","Signs":{"ID":"","_":"","Language":"EN"}},"Name":{"Value":"Includes vitamins","Language":"EN"}}},{"Localized":0,"ID":491199434,"LocalID":0,"Type":"y_n","Value":"Y","CategoryFeatureId":"201482","CategoryFeatureGroupID":"13305","SortNo":"170","PresentationValue":"Yes","RawValue":"Y","LocalValue":"Yes","Description":"","Mandatory":"0","Searchable":"0","Optional":"0","Feature":{"ID":"30403","Sign":"","Measure":{"ID":"26","Sign":"","Signs":{"ID":"","_":"","Language":"EN"}},"Name":{"Value":"Grain free","Language":"EN"}}},{"Localized":0,"ID":491199435,"LocalID":0,"Type":"y_n","Value":"Y","CategoryFeatureId":"201481","CategoryFeatureGroupID":"13305","SortNo":"160","PresentationValue":"Yes","RawValue":"Y","LocalValue":"Yes","Description":"","Mandatory":"0","Searchable":"0","Optional":"0","Feature":{"ID":"21348","Sign":"","Measure":{"ID":"26","Sign":"","Signs":{"ID":"","_":"","Language":"EN"}},"Name":{"Value":"Lactose free","Language":"EN"}}},{"Localized":0,"ID":491199331,"LocalID":0,"Type":"dropdown","Value":"Adult (animal)","CategoryFeatureId":"122907","CategoryFeatureGroupID":"13305","SortNo":"20","PresentationValue":"Adult","RawValue":"Adult (animal)","LocalValue":"Adult","Description":"","Mandatory":"1","Searchable":"1","Optional":"0","Feature":{"ID":"20700","Sign":"","Measure":{"ID":"29","Sign":"","Signs":{"ID":"","_":"","Language":"EN"}},"Name":{"Value":"Pet life stage","Language":"EN"}}}]},{"ID":22475,"SortNo":"8","FeatureGroup":{"ID":"200","Name":{"Value":"Nutrition facts","Language":"EN"}},"Features":[{"Localized":0,"ID":491199443,"LocalID":0,"Type":"numerical","Value":"25","CategoryFeatureId":"122923","CategoryFeatureGroupID":"22475","SortNo":"100","PresentationValue":"25%","RawValue":"25","LocalValue":"25","Description":"","Mandatory":"0","Searchable":"0","Optional":"0","Feature":{"ID":"20705","Sign":"","Measure":{"ID":"64","Sign":"","Signs":{"ID":"47","_":"%","Language":"EN"}},"Name":{"Value":"Protein","Language":"EN"}}},{"Localized":0,"ID":491199444,"LocalID":0,"Type":"numerical","Value":"14.5","CategoryFeatureId":"122924","CategoryFeatureGroupID":"22475","SortNo":"100","PresentationValue":"14.5%","RawValue":"14.5","LocalValue":"14.5","Description":"","Mandatory":"0","Searchable":"0","Optional":"0","Feature":{"ID":"20706","Sign":"","Measure":{"ID":"64","Sign":"","Signs":{"ID":"47","_":"%","Language":"EN"}},"Name":{"Value":"Fat content","Language":"EN"}}},{"Localized":0,"ID":491199447,"LocalID":0,"Type":"numerical","Value":"7","CategoryFeatureId":"122925","CategoryFeatureGroupID":"22475","SortNo":"100","PresentationValue":"7%","RawValue":"7","LocalValue":"7","Description":"","Mandatory":"0","Searchable":"0","Optional":"0","Feature":{"ID":"20707","Sign":"","Measure":{"ID":"64","Sign":"","Signs":{"ID":"47","_":"%","Language":"EN"}},"Name":{"Value":"Crude ash","Language":"EN"}}},{"Localized":0,"ID":491199449,"LocalID":0,"Type":"numerical","Value":"3.2","CategoryFeatureId":"122926","CategoryFeatureGroupID":"22475","SortNo":"100","PresentationValue":"3.2%","RawValue":"3.2","LocalValue":"3.2","Description":"","Mandatory":"0","Searchable":"0","Optional":"0","Feature":{"ID":"20708","Sign":"","Measure":{"ID":"64","Sign":"","Signs":{"ID":"47","_":"%","Language":"EN"}},"Name":{"Value":"Crude fibres","Language":"EN"}}},{"Localized":0,"ID":491199451,"LocalID":0,"Type":"numerical","Value":"1.3","CategoryFeatureId":"201490","CategoryFeatureGroupID":"22475","SortNo":"100","PresentationValue":"1.3%","RawValue":"1.3","LocalValue":"1.3","Description":"","Mandatory":"0","Searchable":"0","Optional":"0","Feature":{"ID":"30404","Sign":"","Measure":{"ID":"64","Sign":"","Signs":{"ID":"47","_":"%","Language":"EN"}},"Name":{"Value":"Calcium","Language":"EN"}}},{"Localized":0,"ID":491199461,"LocalID":0,"Type":"numerical","Value":"0.3","CategoryFeatureId":"201491","CategoryFeatureGroupID":"22475","SortNo":"100","PresentationValue":"0.3%","RawValue":"0.3","LocalValue":"0.3","Description":"","Mandatory":"0","Searchable":"0","Optional":"0","Feature":{"ID":"30406","Sign":"","Measure":{"ID":"64","Sign":"","Signs":{"ID":"47","_":"%","Language":"EN"}},"Name":{"Value":"Sodium","Language":"EN"}}},{"Localized":0,"ID":491199450,"LocalID":0,"Type":"numerical","Value":"10","CategoryFeatureId":"204245","CategoryFeatureGroupID":"22475","SortNo":"97","PresentationValue":"10%","RawValue":"10","LocalValue":"10","Description":"","Mandatory":"0","Searchable":"0","Optional":"0","Feature":{"ID":"30418","Sign":"","Measure":{"ID":"64","Sign":"","Signs":{"ID":"47","_":"%","Language":"EN"}},"Name":{"Value":"Magnesium content","Language":"EN"}}},{"Localized":0,"ID":491199456,"LocalID":0,"Type":"numerical","Value":"0.9","CategoryFeatureId":"205019","CategoryFeatureGroupID":"22475","SortNo":"94","PresentationValue":"0.9%","RawValue":"0.9","LocalValue":"0.9","Description":"","Mandatory":"0","Searchable":"0","Optional":"0","Feature":{"ID":"30417","Sign":"","Measure":{"ID":"64","Sign":"","Signs":{"ID":"47","_":"%","Language":"EN"}},"Name":{"Value":"Potassium content","Language":"EN"}}},{"Localized":0,"ID":491199477,"LocalID":0,"Type":"numerical","Value":"500","CategoryFeatureId":"205026","CategoryFeatureGroupID":"22475","SortNo":"82","PresentationValue":"500 mg/kg","RawValue":"500","LocalValue":"500","Description":"","Mandatory":"0","Searchable":"0","Optional":"0","Feature":{"ID":"30775","Sign":"","Measure":{"ID":"395","Sign":"","Signs":{"ID":"31867","_":"mg/kg","Language":"EN"}},"Name":{"Value":"Taurine content","Language":"EN"}}},{"Localized":0,"ID":491199482,"LocalID":0,"Type":"numerical","Value":"200","CategoryFeatureId":"205029","CategoryFeatureGroupID":"22475","SortNo":"73","PresentationValue":"200 mg/kg","RawValue":"200","LocalValue":"200","Description":"","Mandatory":"0","Searchable":"0","Optional":"0","Feature":{"ID":"30781","Sign":"","Measure":{"ID":"395","Sign":"","Signs":{"ID":"31867","_":"mg/kg","Language":"EN"}},"Name":{"Value":"Iron content","Language":"EN"}}},{"Localized":0,"ID":491199484,"LocalID":0,"Type":"numerical","Value":"125","CategoryFeatureId":"205030","CategoryFeatureGroupID":"22475","SortNo":"70","PresentationValue":"125 mg/kg","RawValue":"125","LocalValue":"125","Description":"","Mandatory":"0","Searchable":"0","Optional":"0","Feature":{"ID":"30782","Sign":"","Measure":{"ID":"395","Sign":"","Signs":{"ID":"31867","_":"mg/kg","Language":"EN"}},"Name":{"Value":"Zinc content","Language":"EN"}}},{"Localized":0,"ID":491199488,"LocalID":0,"Type":"numerical","Value":"12.5","CategoryFeatureId":"205032","CategoryFeatureGroupID":"22475","SortNo":"64","PresentationValue":"12.5 mg/kg","RawValue":"12.5","LocalValue":"12.5","Description":"","Mandatory":"0","Searchable":"0","Optional":"0","Feature":{"ID":"30784","Sign":"","Measure":{"ID":"395","Sign":"","Signs":{"ID":"31867","_":"mg/kg","Language":"EN"}},"Name":{"Value":"Copper content","Language":"EN"}}},{"Localized":0,"ID":491199491,"LocalID":0,"Type":"numerical","Value":"2","CategoryFeatureId":"205033","CategoryFeatureGroupID":"22475","SortNo":"61","PresentationValue":"2 mg/kg","RawValue":"2","LocalValue":"2","Description":"","Mandatory":"0","Searchable":"0","Optional":"0","Feature":{"ID":"30785","Sign":"","Measure":{"ID":"395","Sign":"","Signs":{"ID":"31867","_":"mg/kg","Language":"EN"}},"Name":{"Value":"Iodine content","Language":"EN"}}},{"Localized":0,"ID":491199492,"LocalID":0,"Type":"numerical","Value":"0.05","CategoryFeatureId":"205034","CategoryFeatureGroupID":"22475","SortNo":"58","PresentationValue":"0.05 mg/kg","RawValue":"0.05","LocalValue":"0.05","Description":"","Mandatory":"0","Searchable":"0","Optional":"0","Feature":{"ID":"30786","Sign":"","Measure":{"ID":"395","Sign":"","Signs":{"ID":"31867","_":"mg/kg","Language":"EN"}},"Name":{"Value":"Selenium content","Language":"EN"}}},{"Localized":0,"ID":491199468,"LocalID":0,"Type":"numerical","Value":"13000","CategoryFeatureId":"205036","CategoryFeatureGroupID":"22475","SortNo":"55","PresentationValue":"13000 IU/kg","RawValue":"13000","LocalValue":"13000","Description":"","Mandatory":"0","Searchable":"0","Optional":"0","Feature":{"ID":"30787","Sign":"","Measure":{"ID":"394","Sign":"","Signs":{"ID":"31813","_":"IU/kg","Language":"EN"}},"Name":{"Value":"Vitamin A content","Language":"EN"}}},{"Localized":0,"ID":491199469,"LocalID":0,"Type":"numerical","Value":"1300","CategoryFeatureId":"205037","CategoryFeatureGroupID":"22475","SortNo":"52","PresentationValue":"1300 IU/kg","RawValue":"1300","LocalValue":"1300","Description":"","Mandatory":"0","Searchable":"0","Optional":"0","Feature":{"ID":"30788","Sign":"","Measure":{"ID":"394","Sign":"","Signs":{"ID":"31813","_":"IU/kg","Language":"EN"}},"Name":{"Value":"Vitamin D3 content","Language":"EN"}}},{"Localized":0,"ID":491199471,"LocalID":0,"Type":"numerical","Value":"130","CategoryFeatureId":"205038","CategoryFeatureGroupID":"22475","SortNo":"49","PresentationValue":"130 mg/kg","RawValue":"130","LocalValue":"130","Description":"","Mandatory":"0","Searchable":"0","Optional":"0","Feature":{"ID":"30789","Sign":"","Measure":{"ID":"395","Sign":"","Signs":{"ID":"31867","_":"mg/kg","Language":"EN"}},"Name":{"Value":"Vitamin E content","Language":"EN"}}}]},{"ID":39141,"SortNo":"-1","FeatureGroup":{"ID":"198","Name":{"Value":"Logistics data","Language":"EN"}},"Features":[{"Localized":0,"ID":491199486,"LocalID":0,"Type":"multi_dropdown","Value":"Germany","CategoryFeatureId":"377144","CategoryFeatureGroupID":"39141","SortNo":"0","PresentationValue":"Germany","RawValue":"Germany","LocalValue":"Germany","Description":"Country where the device is made. Aka Country of manufacture (COM).","Mandatory":"0","Searchable":"0","Optional":"0","Feature":{"ID":"3294","Sign":"","Measure":{"ID":"29","Sign":"","Signs":{"ID":"","_":"","Language":"EN"}},"Name":{"Value":"Country of origin","Language":"EN"}}}]}],"FeatureLogos":[],"ReasonsToBuy":[],"Reviews":[],"ProductRelated":[],"CatalogObjectCloud":{},"Variants":[],"ProductStory":[],"Dictionary":{"model_name":"Product name","desc":"Description","ean_code":"EAN/UPC code","flash360":"3D tour","demo_msg_part3":"If you don't have an Icecat account, please register here for free.","repairability_index":"Repairability index","zoom_panel_init":"Original size","cat_name":"Category","product_family":"Product family","back_to_top":"Back to top","zoom_panel_out":"Zoom out","specs":"Specs","eu_product_fiche":"EU Product Fiche","reviews_head_name":"Reviews","pdf_specs":"Product Brochure","zoom_panel_in":"Zoom in","html_content":"","release_date":"Release date","demo_msg_part1":"You are using now a Demo account. Please, use your own Icecat account","demo_insert_desc":"This is a demo of a seamless insert of an Icecat LIVE product data-sheet in your website. Imagine that this responsive data-sheet is included in the product page of your webshop.","pdf_url":"User manual","prod_code":"Product code","supplier_name":"Brand","video":"Video","reasons_to_buy":"Reasons to buy","marketing_text":"Description","options_head_name":"Options","product_series":"Product series","demo_msg_part2":"your Icecat login name","link_integrate_desk":"How to integrate Icecat LIVE JavaScript.","zoom_panel_dragg":"Mouse dragging","eu_energy_label":"EU Energy Label"},"DemoAccount":false}}