{"msg":"OK","data":{"GeneralInfo":{"IcecatId":76973346,"ReleaseDate":"","EndOfLifeDate":"","Title":"Dr. C. SOLDAN Em-eukal Eucalyptus cough medicine 50 g Internal use Adults Lozenges","TitleInfo":{"GeneratedIntTitle":"Dr. C. SOLDAN Em-eukal Eucalyptus cough medicine","GeneratedLocalTitle":{"Value":"Dr. C. SOLDAN Em-eukal Eucalyptus cough medicine 50 g Internal use Adults Lozenges","Language":"EN"},"BrandLocalTitle":{"Value":"","Language":"EN"}},"Brand":"Dr. C. SOLDAN","BrandID":"29051","BrandLogo":"","BrandInfo":{"BrandName":"Dr. C. SOLDAN","BrandLocalName":"","BrandLogo":""},"ProductName":"Em-eukal Eucalyptus","ProductNameInfo":{"ProductIntName":"Em-eukal Eucalyptus","ProductLocalName":{"Value":"","Language":"EN"}},"BrandPartCode":"7666386","GTIN":[],"Category":{"CategoryID":"5044","Name":{"Value":"Cough Medicines","Language":"EN"}},"ProductFamily":{},"ProductSeries":{"SeriesID":"1"},"Description":{"ID":"71101265","LongDesc":"Store away from light in a dry and cool location; best before end.","LongProductName":"Eucalyptus-menthol drops with sugar, 50g","MiddleDesc":"","Disclaimer":"","ManualPDFURL":"","ManualPDFSize":"0","LeafletPDFURL":"https://inishop.com/objects/mmo_76973346_1575910995_5263_8981.pdf","PDFSize":"1807404","URL":"https://www.soldan.com/en/","WarrantyInfo":"","Updated":"2019-12-09 18:03:02","Language":"EN"},"SummaryDescription":{"ShortSummaryDescription":"Dr. C. SOLDAN Em-eukal Eucalyptus, Internal use, Adults, Lozenges, 50 g, Eucalyptus oil, Menthol, Sugar,glucose syrup, caramel,menthol, eucalyptus oil","LongSummaryDescription":"Dr. C. SOLDAN Em-eukal Eucalyptus. Proper use: Internal use, Target audience: Adults, Dosage form: Lozenges. Energy value (per serving): 389 kcal, Energy value (per serving): 1654 kJ, Carbohydrate content (per serving): 97 g"},"BulletPoints":{},"GeneratedBulletPoints":{},"GTINs":[{"GTIN":"4009077072497","IsApproved":false}]},"Image":{"HighPic":"https://inishop.com/img/gallery/76973346_1320404496.jpg","HighPicSize":"39332","HighPicHeight":"241","HighPicWidth":"218","LowPic":"https://inishop.com/img/gallery_lows/76973346_1320404496.jpg","LowPicSize":"35809","LowPicHeight":"200","LowPicWidth":"181","Pic500x500":"","Pic500x500Size":"0","Pic500x500Height":"0","Pic500x500Width":"0","ThumbPic":"https://inishop.com/img/gallery_thumbs/76973346_1320404496.jpg","ThumbPicSize":"8594"},"Multimedia":[{"ID":"B04F339D-2F20-4C2D-906E-679007C2CCA4","URL":"https://inishop.com/objects/mmo_76973346_1575910995_5263_8981.pdf","Type":"leaflet","ContentType":"application/pdf","KeepAsUrl":"0","Description":"Product Brochure","Size":"1807404","IsPrivate":"0","Updated":"2019-12-09 18:03:15","Language":"EN","IsVideo":0},{"ID":"8B98AD56-0E01-46BC-9258-D221BFA7351F","URL":"https://inishop.com/objects/mmo_76973346_1757414341_4232_2248371.txt","Type":"ProductStory2.0","ContentType":"text/html","KeepAsUrl":"0","Description":"ProductStory2.0","Size":"5050","IsPrivate":"0","Updated":"2025-09-09 12:39:01","Language":"EN","IsVideo":0},{"ID":"1887D1D4-A9FA-40D0-A429-9818DBCC9398","URL":"https://live-html.icecat.biz/4ac884fa3f102a84e2e2253f09811f8c/index.html","Type":"ProductStory","ContentType":"application/zip","KeepAsUrl":"0","Description":"ProductStory","Size":"1972","IsPrivate":"0","Updated":"2025-09-09 12:39:06","Language":"EN","IsVideo":0}],"Gallery":[{"ID":"35700993","LowPic":"https://inishop.com/img/gallery_lows/76973346_1320404496.jpg","LowSize":"35809","LowHeight":"200","LowWidth":"181","ThumbPic":"https://inishop.com/img/gallery_thumbs/76973346_1320404496.jpg","ThumbPicSize":"8594","Pic":"https://inishop.com/img/gallery/76973346_1320404496.jpg","Size":"39332","PicHeight":"241","PicWidth":"218","Pic500x500":"","Pic500x500Size":"0","Pic500x500Height":"0","Pic500x500Width":"0","No":"1","IsMain":"Y","Updated":"2019-12-09 17:38:37","IsPrivate":"0","Type":"ProductImage","Attributes":{"OriginalFileName":""}}],"FeaturesGroups":[{"ID":18224,"SortNo":"5","FeatureGroup":{"ID":"185","Name":{"Value":"Features","Language":"EN"}},"Features":[{"Localized":0,"ID":342667306,"LocalID":0,"Type":"numerical","Value":"50","CategoryFeatureId":"167794","CategoryFeatureGroupID":"18224","SortNo":"250","PresentationValue":"50 g","RawValue":"50","LocalValue":"50","Description":"Maximum amount that something can contain.","Mandatory":"0","Searchable":"0","Optional":"0","Feature":{"ID":"5255","Sign":"","Measure":{"ID":"38","Sign":"","Signs":{"ID":"22","_":"g","Language":"EN"}},"Name":{"Value":"Capacity","Language":"EN"}}},{"Localized":0,"ID":342666098,"LocalID":0,"Type":"dropdown","Value":"Internal use","CategoryFeatureId":"167782","CategoryFeatureGroupID":"18224","SortNo":"100","PresentationValue":"Internal use","RawValue":"Internal use","LocalValue":"Internal use","Description":"The intended application of the product.","Mandatory":"1","Searchable":"1","Optional":"0","Feature":{"ID":"2987","Sign":"","Measure":{"ID":"29","Sign":"","Signs":{"ID":"","_":"","Language":"EN"}},"Name":{"Value":"Proper use","Language":"EN"}}},{"Localized":0,"ID":342667065,"LocalID":0,"Type":"dropdown","Value":"Adults","CategoryFeatureId":"167784","CategoryFeatureGroupID":"18224","SortNo":"95","PresentationValue":"Adults","RawValue":"Adults","LocalValue":"Adults","Description":"","Mandatory":"1","Searchable":"1","Optional":"0","Feature":{"ID":"21228","Sign":"","Measure":{"ID":"29","Sign":"","Signs":{"ID":"","_":"","Language":"EN"}},"Name":{"Value":"Target audience","Language":"EN"}}},{"Localized":0,"ID":342667107,"LocalID":0,"Type":"dropdown","Value":"Lozenges","CategoryFeatureId":"167783","CategoryFeatureGroupID":"18224","SortNo":"90","PresentationValue":"Lozenges","RawValue":"Lozenges","LocalValue":"Lozenges","Description":"","Mandatory":"1","Searchable":"1","Optional":"0","Feature":{"ID":"25712","Sign":"","Measure":{"ID":"29","Sign":"","Signs":{"ID":"","_":"","Language":"EN"}},"Name":{"Value":"Dosage form","Language":"EN"}}},{"Localized":0,"ID":342667762,"LocalID":0,"Type":"dropdown","Value":"Eucalyptus oil,Menthol","CategoryFeatureId":"167796","CategoryFeatureGroupID":"18224","SortNo":"86","PresentationValue":"Eucalyptus oil, Menthol","RawValue":"Eucalyptus oil,Menthol","LocalValue":"Eucalyptus oil, Menthol","Description":"","Mandatory":"0","Searchable":"0","Optional":"0","Feature":{"ID":"18005","Sign":"","Measure":{"ID":"29","Sign":"","Signs":{"ID":"","_":"","Language":"EN"}},"Name":{"Value":"Constitutive ingredients","Language":"EN"}}},{"Localized":0,"ID":342668219,"LocalID":0,"Type":"y_n","Value":"Y","CategoryFeatureId":"167803","CategoryFeatureGroupID":"18224","SortNo":"5","PresentationValue":"Yes","RawValue":"Y","LocalValue":"Yes","Description":"","Mandatory":"0","Searchable":"0","Optional":"0","Feature":{"ID":"21347","Sign":"","Measure":{"ID":"26","Sign":"","Signs":{"ID":"","_":"","Language":"EN"}},"Name":{"Value":"Gluten free","Language":"EN"}}},{"Localized":1,"ID":0,"LocalID":554061649,"Type":"textarea","Value":"","CategoryFeatureId":"167788","CategoryFeatureGroupID":"18224","SortNo":"-5","PresentationValue":"Sugar,glucose syrup, caramel,menthol, eucalyptus oil","RawValue":"","LocalValue":"Sugar,glucose syrup, caramel,menthol, eucalyptus oil","Description":"","Mandatory":"0","Searchable":"0","Optional":"0","Feature":{"ID":"16908","Sign":"","Measure":{"ID":"29","Sign":"","Signs":{"ID":"","_":"","Language":"EN"}},"Name":{"Value":"Ingredients","Language":"EN"}}}]},{"ID":18227,"SortNo":"3","FeatureGroup":{"ID":"200","Name":{"Value":"Nutrition facts","Language":"EN"}},"Features":[{"Localized":0,"ID":342671933,"LocalID":0,"Type":"numerical","Value":"389","CategoryFeatureId":"167811","CategoryFeatureGroupID":"18227","SortNo":"100","PresentationValue":"389 kcal","RawValue":"389","LocalValue":"389","Description":"","Mandatory":"0","Searchable":"0","Optional":"0","Feature":{"ID":"21355","Sign":"","Measure":{"ID":"208","Sign":"","Signs":{"ID":"9935","_":"kcal","Language":"EN"}},"Name":{"Value":"Energy value (per serving)","Language":"EN"}}},{"Localized":0,"ID":342671826,"LocalID":0,"Type":"numerical","Value":"1654","CategoryFeatureId":"167822","CategoryFeatureGroupID":"18227","SortNo":"98","PresentationValue":"1654 kJ","RawValue":"1654","LocalValue":"1654","Description":"","Mandatory":"0","Searchable":"0","Optional":"0","Feature":{"ID":"21354","Sign":"","Measure":{"ID":"294","Sign":"","Signs":{"ID":"18334","_":"kJ","Language":"EN"}},"Name":{"Value":"Energy value (per serving)","Language":"EN"}}},{"Localized":0,"ID":342672311,"LocalID":0,"Type":"numerical","Value":"97","CategoryFeatureId":"167812","CategoryFeatureGroupID":"18227","SortNo":"90","PresentationValue":"97 g","RawValue":"97","LocalValue":"97","Description":"","Mandatory":"0","Searchable":"0","Optional":"0","Feature":{"ID":"21358","Sign":"","Measure":{"ID":"38","Sign":"","Signs":{"ID":"22","_":"g","Language":"EN"}},"Name":{"Value":"Carbohydrate content (per serving)","Language":"EN"}}},{"Localized":0,"ID":342672677,"LocalID":0,"Type":"numerical","Value":"68","CategoryFeatureId":"167813","CategoryFeatureGroupID":"18227","SortNo":"85","PresentationValue":"68 g","RawValue":"68","LocalValue":"68","Description":"","Mandatory":"0","Searchable":"0","Optional":"0","Feature":{"ID":"21359","Sign":"","Measure":{"ID":"38","Sign":"","Signs":{"ID":"22","_":"g","Language":"EN"}},"Name":{"Value":"Sugar content (per serving)","Language":"EN"}}}]}],"FeatureLogos":[],"ReasonsToBuy":[],"Reviews":[],"ProductRelated":[],"CatalogObjectCloud":{},"Variants":[],"ProductStory":[{"ID":"1887D1D4-A9FA-40D0-A429-9818DBCC9398","URL":"https://live-html.icecat.biz/4ac884fa3f102a84e2e2253f09811f8c/index.html","Type":"ProductStory","ContentType":"application/zip","KeepAsUrl":"0","Description":"ProductStory","Size":"1972","IsPrivate":"0","Updated":"2025-09-09 12:39:06","Language":"EN","IsVideo":0}],"Dictionary":{"model_name":"Product name","desc":"Description","ean_code":"EAN/UPC code","flash360":"3D tour","demo_msg_part3":"If you don't have an Icecat account, please register here for free.","repairability_index":"Repairability index","zoom_panel_init":"Original size","cat_name":"Category","product_family":"Product family","back_to_top":"Back to top","zoom_panel_out":"Zoom out","specs":"Specs","eu_product_fiche":"EU Product Fiche","reviews_head_name":"Reviews","pdf_specs":"Product Brochure","zoom_panel_in":"Zoom in","html_content":"","release_date":"Release date","demo_msg_part1":"You are using now a Demo account. Please, use your own Icecat account","demo_insert_desc":"This is a demo of a seamless insert of an Icecat LIVE product data-sheet in your website. Imagine that this responsive data-sheet is included in the product page of your webshop.","pdf_url":"User manual","prod_code":"Product code","supplier_name":"Brand","video":"Video","reasons_to_buy":"Reasons to buy","marketing_text":"Description","options_head_name":"Options","product_series":"Product series","demo_msg_part2":"your Icecat login name","link_integrate_desk":"How to integrate Icecat LIVE JavaScript.","zoom_panel_dragg":"Mouse dragging","eu_energy_label":"EU Energy Label"},"DemoAccount":false}}