{"msg":"OK","data":{"GeneralInfo":{"IcecatId":134703548,"ReleaseDate":"","EndOfLifeDate":"","Title":"Apteq Mielikki cough honey","TitleInfo":{"GeneratedIntTitle":"Apteq Mielikki cough medicine","GeneratedLocalTitle":{"Value":"Apteq Mielikki cough medicine 120 ml Internal use Adults & Children Syrup","Language":"EN"},"BrandLocalTitle":{"Value":"Apteq Mielikki cough honey","Language":"EN"}},"Brand":"Apteq","BrandID":"43645","BrandLogo":"","BrandInfo":{"BrandName":"Apteq","BrandLocalName":"","BrandLogo":""},"ProductName":"Mielikki cough honey","ProductNameInfo":{"ProductIntName":"Mielikki","ProductLocalName":{"Value":"Mielikki cough honey","Language":"EN"}},"BrandPartCode":"9264186-1","GTIN":[],"Category":{"CategoryID":"5044","Name":{"Value":"Cough Medicines","Language":"EN"}},"ProductFamily":{},"ProductSeries":{"SeriesID":"1"},"Description":{"ID":"104044073","LongDesc":"Mielikki Cough Honey is a safe and effective treatment for acute coughing for adults and children over 1 year of age according to the Good Medical Practice Recommendation. Contains 0.7g/ml of medicinal honey.","LongProductName":"Mielikki cough honey 120 ml","MiddleDesc":"","Disclaimer":"","ManualPDFURL":"","ManualPDFSize":"0","LeafletPDFURL":"","PDFSize":"0","URL":"https://apteq.fi/en/products/health/mielikki-cough-honey/","WarrantyInfo":"","Updated":"2025-09-09 09:03:46","Language":"EN"},"SummaryDescription":{"ShortSummaryDescription":"Apteq Mielikki cough honey, Internal use, Adults & Children, Syrup, 120 ml, 1 yr(s), Honey","LongSummaryDescription":"Apteq Mielikki cough honey. Proper use: Internal use, Target audience: Adults & Children, Dosage form: Syrup. Country of origin: Finland"},"BulletPoints":{"BulletPointsId":"13608717","Language":"EN","Values":["Demulcent effect (forms a membrane on cough receptors in the throat that decreases the dry cough)","Soothes mucous membranes, relieves pain and inflammation","Antimicrobial properties of honey","Glycerol looks after irritated mucous membranes"],"Updated":"2025-09-09 09:03:46"},"GeneratedBulletPoints":{},"GTINs":[]},"Image":{"HighPic":"https://inishop.com/img/gallery/6235a2046479f2a049bf1813a31c0f9323e73866.jpg","HighPicSize":"243880","HighPicHeight":"1385","HighPicWidth":"1200","LowPic":"https://inishop.com/img/gallery_lows/823241ee391d68d5625eca5ddff13aa0a0dc51e8.jpg","LowPicSize":"15341","LowPicHeight":"200","LowPicWidth":"173","Pic500x500":"https://inishop.com/img/gallery_mediums/0528b4ccf6c76094cbb6aadfed3c9adfc59c2146.jpg","Pic500x500Size":"60371","Pic500x500Height":"500","Pic500x500Width":"433","ThumbPic":"https://inishop.com/img/gallery_thumbs/eb24cd18a065e887017047a764daff7c1e49bab0.jpg","ThumbPicSize":"3968"},"Multimedia":[],"Gallery":[{"ID":"117094481","LowPic":"https://inishop.com/img/gallery_lows/823241ee391d68d5625eca5ddff13aa0a0dc51e8.jpg","LowSize":"15341","LowHeight":"200","LowWidth":"173","ThumbPic":"https://inishop.com/img/gallery_thumbs/eb24cd18a065e887017047a764daff7c1e49bab0.jpg","ThumbPicSize":"3968","Pic":"https://inishop.com/img/gallery/6235a2046479f2a049bf1813a31c0f9323e73866.jpg","Size":"243880","PicHeight":"1385","PicWidth":"1200","Pic500x500":"https://inishop.com/img/gallery_mediums/0528b4ccf6c76094cbb6aadfed3c9adfc59c2146.jpg","Pic500x500Size":"60371","Pic500x500Height":"500","Pic500x500Width":"433","No":"1","IsMain":"Y","Updated":"2025-09-09 09:01:48","IsPrivate":"0","Type":"ProductImage","Attributes":{"OriginalFileName":""}}],"FeaturesGroups":[{"ID":18224,"SortNo":"5","FeatureGroup":{"ID":"185","Name":{"Value":"Features","Language":"EN"}},"Features":[{"Localized":0,"ID":835224524,"LocalID":0,"Type":"numerical","Value":"120","CategoryFeatureId":"167793","CategoryFeatureGroupID":"18224","SortNo":"250","PresentationValue":"120 ml","RawValue":"120","LocalValue":"120","Description":"The amount of space that a substance or object occupies or may contain.","Mandatory":"0","Searchable":"0","Optional":"0","Feature":{"ID":"5207","Sign":"","Measure":{"ID":"142","Sign":"","Signs":{"ID":"123","_":"ml","Language":"EN"}},"Name":{"Value":"Volume","Language":"EN"}}},{"Localized":0,"ID":835224516,"LocalID":0,"Type":"dropdown","Value":"Internal use","CategoryFeatureId":"167782","CategoryFeatureGroupID":"18224","SortNo":"100","PresentationValue":"Internal use","RawValue":"Internal use","LocalValue":"Internal use","Description":"The intended application of the product.","Mandatory":"1","Searchable":"1","Optional":"0","Feature":{"ID":"2987","Sign":"","Measure":{"ID":"29","Sign":"","Signs":{"ID":"","_":"","Language":"EN"}},"Name":{"Value":"Proper use","Language":"EN"}}},{"Localized":0,"ID":835224517,"LocalID":0,"Type":"dropdown","Value":"Adults & Children","CategoryFeatureId":"167784","CategoryFeatureGroupID":"18224","SortNo":"95","PresentationValue":"Adults & Children","RawValue":"Adults & Children","LocalValue":"Adults & Children","Description":"","Mandatory":"1","Searchable":"1","Optional":"0","Feature":{"ID":"21228","Sign":"","Measure":{"ID":"29","Sign":"","Signs":{"ID":"","_":"","Language":"EN"}},"Name":{"Value":"Target audience","Language":"EN"}}},{"Localized":0,"ID":835224521,"LocalID":0,"Type":"dropdown","Value":"Syrup","CategoryFeatureId":"167783","CategoryFeatureGroupID":"18224","SortNo":"90","PresentationValue":"Syrup","RawValue":"Syrup","LocalValue":"Syrup","Description":"","Mandatory":"1","Searchable":"1","Optional":"0","Feature":{"ID":"25712","Sign":"","Measure":{"ID":"29","Sign":"","Signs":{"ID":"","_":"","Language":"EN"}},"Name":{"Value":"Dosage form","Language":"EN"}}},{"Localized":0,"ID":835224525,"LocalID":0,"Type":"numerical","Value":"1","CategoryFeatureId":"167786","CategoryFeatureGroupID":"18224","SortNo":"90","PresentationValue":"1 yr(s)","RawValue":"1","LocalValue":"1","Description":"The minimum age suitable for using this product.","Mandatory":"0","Searchable":"0","Optional":"0","Feature":{"ID":"7769","Sign":"","Measure":{"ID":"439","Sign":"","Signs":{"ID":"39428","_":"yr(s)","Language":"EN"}},"Name":{"Value":"Minimum age","Language":"EN"}}},{"Localized":0,"ID":835224533,"LocalID":0,"Type":"dropdown","Value":"Honey","CategoryFeatureId":"167796","CategoryFeatureGroupID":"18224","SortNo":"86","PresentationValue":"Honey","RawValue":"Honey","LocalValue":"Honey","Description":"","Mandatory":"0","Searchable":"0","Optional":"0","Feature":{"ID":"18005","Sign":"","Measure":{"ID":"29","Sign":"","Signs":{"ID":"","_":"","Language":"EN"}},"Name":{"Value":"Constitutive ingredients","Language":"EN"}}},{"Localized":0,"ID":835224546,"LocalID":0,"Type":"dropdown","Value":"Bottle","CategoryFeatureId":"167792","CategoryFeatureGroupID":"18224","SortNo":"80","PresentationValue":"Bottle","RawValue":"Bottle","LocalValue":"Bottle","Description":"The type of container from which the product can be dispensed, e.g. bag, tube etc.","Mandatory":"0","Searchable":"0","Optional":"0","Feature":{"ID":"17965","Sign":"","Measure":{"ID":"29","Sign":"","Signs":{"ID":"","_":"","Language":"EN"}},"Name":{"Value":"Dispenser type","Language":"EN"}}},{"Localized":1,"ID":0,"LocalID":554061130,"Type":"textarea","Value":"","CategoryFeatureId":"167788","CategoryFeatureGroupID":"18224","SortNo":"-5","PresentationValue":"Honey (0,7 g/ml of medicinal grade), glycerol, citric acid, purified water, sodium benzoate, sodium hydroxide.","RawValue":"","LocalValue":"Honey (0,7 g/ml of medicinal grade), glycerol, citric acid, purified water, sodium benzoate, sodium hydroxide.","Description":"","Mandatory":"0","Searchable":"0","Optional":"0","Feature":{"ID":"16908","Sign":"","Measure":{"ID":"29","Sign":"","Signs":{"ID":"","_":"","Language":"EN"}},"Name":{"Value":"Ingredients","Language":"EN"}}},{"Localized":0,"ID":835224559,"LocalID":0,"Type":"textarea","Value":"CE","CategoryFeatureId":"167789","CategoryFeatureGroupID":"18224","SortNo":"-10","PresentationValue":"CE","RawValue":"CE","LocalValue":"CE","Description":"","Mandatory":"0","Searchable":"0","Optional":"0","Feature":{"ID":"249","Sign":"","Measure":{"ID":"29","Sign":"","Signs":{"ID":"","_":"","Language":"EN"}},"Name":{"Value":"Certification","Language":"EN"}}},{"Localized":1,"ID":0,"LocalID":554061131,"Type":"textarea","Value":"","CategoryFeatureId":"167790","CategoryFeatureGroupID":"18224","SortNo":"-15","PresentationValue":"As needed, for dry cough until symptoms are relieved. Not for use in children under 1 year of age. If the cough lasts for more than 1-2 weeks, consult a doctor. Do not use if you are hypersensitive or allergic to any of the ingredients. Store out of the reach of children. After use, wait 15 minutes before eating or drinking.","RawValue":"","LocalValue":"As needed, for dry cough until symptoms are relieved. Not for use in children under 1 year of age. If the cough lasts for more than 1-2 weeks, consult a doctor. Do not use if you are hypersensitive or allergic to any of the ingredients. Store out of the reach of children. After use, wait 15 minutes before eating or drinking.","Description":"","Mandatory":"0","Searchable":"0","Optional":"0","Feature":{"ID":"24555","Sign":"","Measure":{"ID":"29","Sign":"","Signs":{"ID":"","_":"","Language":"EN"}},"Name":{"Value":"How to use","Language":"EN"}}}]},{"ID":36316,"SortNo":"0","FeatureGroup":{"ID":"198","Name":{"Value":"Logistics data","Language":"EN"}},"Features":[{"Localized":0,"ID":835224585,"LocalID":0,"Type":"multi_dropdown","Value":"Finland","CategoryFeatureId":"374737","CategoryFeatureGroupID":"36316","SortNo":"0","PresentationValue":"Finland","RawValue":"Finland","LocalValue":"Finland","Description":"Country where the device is made. Aka Country of manufacture (COM).","Mandatory":"0","Searchable":"0","Optional":"0","Feature":{"ID":"3294","Sign":"","Measure":{"ID":"29","Sign":"","Signs":{"ID":"","_":"","Language":"EN"}},"Name":{"Value":"Country of origin","Language":"EN"}}}]}],"FeatureLogos":[],"ReasonsToBuy":[],"Reviews":[],"ProductRelated":[],"CatalogObjectCloud":{},"Variants":[],"ProductStory":[],"Dictionary":{"model_name":"Product name","desc":"Description","ean_code":"EAN/UPC code","flash360":"3D tour","demo_msg_part3":"If you don't have an Icecat account, please register here for free.","repairability_index":"Repairability index","zoom_panel_init":"Original size","cat_name":"Category","product_family":"Product family","back_to_top":"Back to top","zoom_panel_out":"Zoom out","specs":"Specs","eu_product_fiche":"EU Product Fiche","reviews_head_name":"Reviews","pdf_specs":"Product Brochure","zoom_panel_in":"Zoom in","html_content":"","release_date":"Release date","demo_msg_part1":"You are using now a Demo account. Please, use your own Icecat account","demo_insert_desc":"This is a demo of a seamless insert of an Icecat LIVE product data-sheet in your website. Imagine that this responsive data-sheet is included in the product page of your webshop.","pdf_url":"User manual","prod_code":"Product code","supplier_name":"Brand","video":"Video","reasons_to_buy":"Reasons to buy","marketing_text":"Description","options_head_name":"Options","product_series":"Product series","demo_msg_part2":"your Icecat login name","link_integrate_desk":"How to integrate Icecat LIVE JavaScript.","zoom_panel_dragg":"Mouse dragging","eu_energy_label":"EU Energy Label"},"DemoAccount":false}}