{"msg":"OK","data":{"GeneralInfo":{"IcecatId":132226979,"ReleaseDate":"01-01-9999","EndOfLifeDate":"31-12-9999","Title":"HP OMEN 35L GT16-0093no AMD Ryzen™ 7 8700F 16 GB DDR5-SDRAM 2.51 TB HDD+SSD NVIDIA GeForce RTX 5060 Windows 11 Home Tower PC AI PC Black","TitleInfo":{"GeneratedIntTitle":"HP OMEN 35L GT16-0093no","GeneratedLocalTitle":{"Value":"HP OMEN 35L GT16-0093no AMD Ryzen™ 7 8700F 16 GB DDR5-SDRAM 2.51 TB HDD+SSD NVIDIA GeForce RTX 5060 Windows 11 Home Tower PC AI PC Black","Language":"EN"},"BrandLocalTitle":{"Value":"","Language":"EN"}},"Brand":"HP","BrandID":"1","BrandLogo":"https://images.icecat.biz/img/brand/thumb/1_d30fcedad0114a21995254ed83bd0a5e.jpg","BrandInfo":{"BrandName":"HP","BrandLocalName":"","BrandLogo":"https://images.icecat.biz/img/brand/thumb/1_d30fcedad0114a21995254ed83bd0a5e.jpg"},"ProductName":"OMEN 35L GT16-0093no","ProductNameInfo":{"ProductIntName":"OMEN 35L GT16-0093no","ProductLocalName":{"Value":"","Language":"EN"}},"BrandPartCode":"BY8Z4EA","GTIN":["0199251750328","199251750328"],"Category":{"CategoryID":"153","Name":{"Value":"PCs/Workstations","Language":"EN"}},"ProductFamily":{"ProductFamilyID":"67439","Value":"OMEN","Language":"EN"},"ProductSeries":{"SeriesID":"8462","Value":"35L","Language":"EN"},"Description":{},"SummaryDescription":{"ShortSummaryDescription":"HP OMEN 35L GT16-0093no, 4.1 GHz, AMD Ryzen™ 7, 8700F, 16 GB, 2.51 TB, Windows 11 Home","LongSummaryDescription":"HP OMEN 35L GT16-0093no. Processor frequency: 4.1 GHz, Processor family: AMD Ryzen™ 7, Processor model: 8700F. Internal memory: 16 GB, Internal memory type: DDR5-SDRAM. Total storage capacity: 2.51 TB, Storage media: HDD+SSD. Discrete graphics card model: NVIDIA GeForce RTX 5060. Wi-Fi. Operating system installed: Windows 11 Home. Power supply: 600 W. Chassis type: Tower. Product type: PC. Weight: 14.5 kg. Product colour: Black"},"BulletPoints":{},"GeneratedBulletPoints":{"Language":"EN","Values":["Gaming PC Black 600 W","AMD Ryzen™ 7 8700F 4.1 GHz Processor cores: 8","16 GB DDR5-SDRAM 2 x 8 GB","2.51 TB HDD+SSD","NVIDIA GeForce RTX 5060 8 GB","Ethernet LAN 10,100,1000 Mbit/s Wi-Fi 6E (802.11ax) Bluetooth 5.3","Windows 11 Home"]},"GTINs":[{"GTIN":"0199251750328","IsApproved":true},{"GTIN":"199251750328","IsApproved":true}]},"Image":{"HighPic":"https://images.icecat.biz/img/gallery/6eb1f3ca751e1834fb4cef37971baa33ccecf279.jpg","HighPicSize":"2240769","HighPicHeight":"2805","HighPicWidth":"3300","LowPic":"https://images.icecat.biz/img/gallery_lows/25ea18558e0eb6c7f5cba70eb0bbfecb5da4a439.jpg","LowPicSize":"7482","LowPicHeight":"170","LowPicWidth":"200","Pic500x500":"https://images.icecat.biz/img/gallery_mediums/bb9377972e0246ee7be52e6521beef2c39892db2.jpg","Pic500x500Size":"66554","Pic500x500Height":"425","Pic500x500Width":"500","ThumbPic":"https://images.icecat.biz/img/gallery_thumbs/59b75585ce6380eeafe36575b0be937d852a1752.jpg","ThumbPicSize":"2342"},"Multimedia":[{"ID":"00000000-0000-0000-0000-000000000000","URL":"https://icecat.biz/rest/product-pdf?productId=132226979&lang=en&AccessKey=tVGKVN0NApZGwF9sSWaWthghoRjlYo5f","Type":"leaflet","ContentType":"application/pdf","KeepAsUrl":"0","Description":"Brochure HP BY8Z4EA","Size":"0","IsPrivate":"0","Updated":"2025-09-09 14:30:47","Language":"EN","IsVideo":0}],"Gallery":[{"ID":"111061321","LowPic":"https://images.icecat.biz/img/gallery_lows/25ea18558e0eb6c7f5cba70eb0bbfecb5da4a439.jpg","LowSize":"7482","LowHeight":"170","LowWidth":"200","ThumbPic":"https://images.icecat.biz/img/gallery_thumbs/59b75585ce6380eeafe36575b0be937d852a1752.jpg","ThumbPicSize":"2342","Pic":"https://images.icecat.biz/img/gallery/6eb1f3ca751e1834fb4cef37971baa33ccecf279.jpg","Size":"2240769","PicHeight":"2805","PicWidth":"3300","Pic500x500":"https://images.icecat.biz/img/gallery_mediums/bb9377972e0246ee7be52e6521beef2c39892db2.jpg","Pic500x500Size":"66554","Pic500x500Height":"425","Pic500x500Width":"500","No":"1","IsMain":"Y","Updated":"2025-07-22 04:47:26","IsPrivate":"0","Type":"ProductImageFront-Center","Attributes":{"OriginalFileName":"Center_facing"}},{"ID":"111061322","LowPic":"https://images.icecat.biz/img/gallery_lows/1096dfe898a6b0307bc4b6ece4662f03b6e8ec6a.jpg","LowSize":"12767","LowHeight":"170","LowWidth":"200","ThumbPic":"https://images.icecat.biz/img/gallery_thumbs/72d2bacd88622afc4012ad75f8a2aaec9c76f669.jpg","ThumbPicSize":"3436","Pic":"https://images.icecat.biz/img/gallery/a35ece41d37b772d9d93391bdfee7e6ced9fcd40.jpg","Size":"2770627","PicHeight":"2805","PicWidth":"3300","Pic500x500":"https://images.icecat.biz/img/gallery_mediums/9739968896c9e60c2671e386246b75cd5313810b.jpg","Pic500x500Size":"81402","Pic500x500Height":"425","Pic500x500Width":"500","No":"2","IsMain":"N","Updated":"2025-07-22 04:47:26","IsPrivate":"0","Type":"ProductImageFront-Right","Attributes":{"OriginalFileName":"Right_facing"}}],"FeaturesGroups":[{"ID":2,"SortNo":"100","FeatureGroup":{"ID":"1","Name":{"Value":"Processor","Language":"EN"}},"Features":[{"Localized":0,"ID":817992079,"LocalID":0,"Type":"dropdown","Value":"AMD","CategoryFeatureId":"3032","CategoryFeatureGroupID":"2","SortNo":"10100801","PresentationValue":"AMD","RawValue":"AMD","LocalValue":"AMD","Description":"The manufacturer that produced the processor.","Mandatory":"1","Searchable":"0","Optional":"0","Feature":{"ID":"1013","Sign":"","Measure":{"ID":"29","Sign":"","Signs":{"ID":"","_":"","Language":"EN"}},"Name":{"Value":"Processor manufacturer","Language":"EN"}}},{"Localized":0,"ID":817992114,"LocalID":0,"Type":"dropdown","Value":"AMD Ryzen 7","CategoryFeatureId":"11561","CategoryFeatureGroupID":"2","SortNo":"5300","PresentationValue":"AMD Ryzen™ 7","RawValue":"AMD Ryzen 7","LocalValue":"AMD Ryzen™ 7","Description":"A family of processors is a group of processors produced by one company over a short period of time e.g. Intel Pentium processors.","Mandatory":"1","Searchable":"1","Optional":"0","Feature":{"ID":"2196","Sign":"","Measure":{"ID":"29","Sign":"","Signs":{"ID":"","_":"","Language":"EN"}},"Name":{"Value":"Processor family","Language":"EN"}}},{"Localized":0,"ID":820361895,"LocalID":0,"Type":"dropdown","Value":"AMD Ryzen 8000 Series","CategoryFeatureId":"893380","CategoryFeatureGroupID":"2","SortNo":"5300","PresentationValue":"AMD Ryzen 8000 Series","RawValue":"AMD Ryzen 8000 Series","LocalValue":"AMD Ryzen 8000 Series","Description":"","Mandatory":"0","Searchable":"0","Optional":"0","Feature":{"ID":"44870","Sign":"","Measure":{"ID":"29","Sign":"","Signs":{"ID":"","_":"","Language":"EN"}},"Name":{"Value":"Processor generation","Language":"EN"}}},{"Localized":0,"ID":817992566,"LocalID":0,"Type":"dropdown","Value":"8700F","CategoryFeatureId":"62","CategoryFeatureGroupID":"2","SortNo":"5200","PresentationValue":"8700F","RawValue":"8700F","LocalValue":"8700F","Description":"The model number for the processor in a computer.","Mandatory":"1","Searchable":"0","Optional":"0","Feature":{"ID":"47","Sign":"","Measure":{"ID":"29","Sign":"","Signs":{"ID":"","_":"","Language":"EN"}},"Name":{"Value":"Processor model","Language":"EN"}}},{"Localized":0,"ID":817992354,"LocalID":0,"Type":"numerical","Value":"8","CategoryFeatureId":"36486","CategoryFeatureGroupID":"2","SortNo":"220","PresentationValue":"8","RawValue":"8","LocalValue":"8","Description":"The number of central processing units ('cores') in a processor. Some processors have 1 core, others have 2 (e.g. Intel Core Duo) or more (e.g. the Intel Xeon E7-2850 has 10 cores).","Mandatory":"0","Searchable":"0","Optional":"0","Feature":{"ID":"6089","Sign":"","Measure":{"ID":"29","Sign":"","Signs":{"ID":"","_":"","Language":"EN"}},"Name":{"Value":"Processor cores","Language":"EN"}}},{"Localized":0,"ID":817992192,"LocalID":0,"Type":"dropdown","Value":"16","CategoryFeatureId":"52263","CategoryFeatureGroupID":"2","SortNo":"215","PresentationValue":"16","RawValue":"16","LocalValue":"16","Description":"","Mandatory":"0","Searchable":"0","Optional":"0","Feature":{"ID":"7337","Sign":"","Measure":{"ID":"29","Sign":"","Signs":{"ID":"","_":"","Language":"EN"}},"Name":{"Value":"Processor threads","Language":"EN"}}},{"Localized":0,"ID":817992145,"LocalID":0,"Type":"numerical","Value":"5","CategoryFeatureId":"52264","CategoryFeatureGroupID":"2","SortNo":"210","PresentationValue":"5 GHz","RawValue":"5","LocalValue":"5","Description":"The turbo boost is an automatic, managed accelleration of the processor when one of the cores is overloaded.","Mandatory":"0","Searchable":"0","Optional":"0","Feature":{"ID":"7978","Sign":"","Measure":{"ID":"37","Sign":"","Signs":{"ID":"21","_":"GHz","Language":"EN"}},"Name":{"Value":"Processor boost frequency","Language":"EN"}}},{"Localized":0,"ID":820361892,"LocalID":0,"Type":"numerical","Value":"4.1","CategoryFeatureId":"73716","CategoryFeatureGroupID":"2","SortNo":"205","PresentationValue":"4.1 GHz","RawValue":"4.1","LocalValue":"4.1","Description":"The speed that the microprocessor executes each instruction or each vibration of the clock. The CPU requires a fixed number of clock ticks, or cycles, to execute each instruction. The faster the clocks rate, the faster the CPU, or the faster it can execute instructions. Clock Speeds are usually determined in MHz, 1 MHz representing 1 million cycles per second, or in GHz, 1 GHz representing 1 thousand million cycles per second. The higher the CPU speed, the better a computer will perform.","Mandatory":"1","Searchable":"0","Optional":"0","Feature":{"ID":"11379","Sign":"","Measure":{"ID":"37","Sign":"","Signs":{"ID":"21","_":"GHz","Language":"EN"}},"Name":{"Value":"Processor frequency","Language":"EN"}}},{"Localized":0,"ID":817992489,"LocalID":0,"Type":"numerical","Value":"16","CategoryFeatureId":"101563","CategoryFeatureGroupID":"2","SortNo":"60","PresentationValue":"16 MB","RawValue":"16","LocalValue":"16","Description":"","Mandatory":"0","Searchable":"0","Optional":"0","Feature":{"ID":"10041","Sign":"","Measure":{"ID":"19","Sign":"","Signs":{"ID":"15506","_":"MB","Language":"EN"}},"Name":{"Value":"Processor cache","Language":"EN"}}},{"Localized":0,"ID":817992527,"LocalID":0,"Type":"dropdown","Value":"L3","CategoryFeatureId":"135208","CategoryFeatureGroupID":"2","SortNo":"59","PresentationValue":"L3","RawValue":"L3","LocalValue":"L3","Description":"","Mandatory":"0","Searchable":"0","Optional":"0","Feature":{"ID":"21716","Sign":"","Measure":{"ID":"29","Sign":"","Signs":{"ID":"","_":"","Language":"EN"}},"Name":{"Value":"Processor cache type","Language":"EN"}}}]},{"ID":78320,"SortNo":"98","FeatureGroup":{"ID":"306","Name":{"Value":"Neural processor unit (NPU)","Language":"EN"}},"Features":[{"Localized":0,"ID":820361893,"LocalID":0,"Type":"dropdown","Value":"AMD Ryzen AI","CategoryFeatureId":"947896","CategoryFeatureGroupID":"78320","SortNo":"20","PresentationValue":"AMD Ryzen AI","RawValue":"AMD Ryzen AI","LocalValue":"AMD Ryzen AI","Description":"","Mandatory":"0","Searchable":"0","Optional":"0","Feature":{"ID":"47567","Sign":"","Measure":{"ID":"29","Sign":"","Signs":{"ID":"","_":"","Language":"EN"}},"Name":{"Value":"Neural processor unit (NPU)","Language":"EN"}}},{"Localized":0,"ID":820361896,"LocalID":0,"Type":"numerical","Value":"16","CategoryFeatureId":"947902","CategoryFeatureGroupID":"78320","SortNo":"8","PresentationValue":"16 TOPs","RawValue":"16","LocalValue":"16","Description":"","Mandatory":"0","Searchable":"0","Optional":"0","Feature":{"ID":"47564","Sign":"","Measure":{"ID":"496","Sign":"","Signs":{"ID":"58091","_":"TOPs","Language":"EN"}},"Name":{"Value":"Total processor performance up to","Language":"EN"}}}]},{"ID":3,"SortNo":"95","FeatureGroup":{"ID":"3","Name":{"Value":"Memory","Language":"EN"}},"Features":[{"Localized":0,"ID":817992037,"LocalID":0,"Type":"numerical","Value":"16","CategoryFeatureId":"73752","CategoryFeatureGroupID":"3","SortNo":"5100","PresentationValue":"16 GB","RawValue":"16","LocalValue":"16","Description":"A computer's memory which is directly accessible to the CPU.","Mandatory":"1","Searchable":"1","Optional":"0","Feature":{"ID":"11381","Sign":"","Measure":{"ID":"20","Sign":"","Signs":{"ID":"7","_":"GB","Language":"EN"}},"Name":{"Value":"Internal memory","Language":"EN"}}},{"Localized":0,"ID":801866114,"LocalID":0,"Type":"numerical","Value":"128","CategoryFeatureId":"12118","CategoryFeatureGroupID":"3","SortNo":"5099","PresentationValue":"128 GB","RawValue":"128","LocalValue":"128","Description":"The maximum internal memory which is available in the product.","Mandatory":"1","Searchable":"0","Optional":"0","Feature":{"ID":"1452","Sign":"","Measure":{"ID":"20","Sign":"","Signs":{"ID":"7","_":"GB","Language":"EN"}},"Name":{"Value":"Maximum internal memory","Language":"EN"}}},{"Localized":0,"ID":817991959,"LocalID":0,"Type":"dropdown","Value":"DDR5-SDRAM","CategoryFeatureId":"1226","CategoryFeatureGroupID":"3","SortNo":"5098","PresentationValue":"DDR5-SDRAM","RawValue":"DDR5-SDRAM","LocalValue":"DDR5-SDRAM","Description":"The type of internal memory such as RAM, GDDR5.","Mandatory":"0","Searchable":"0","Optional":"0","Feature":{"ID":"427","Sign":"","Measure":{"ID":"29","Sign":"","Signs":{"ID":"","_":"","Language":"EN"}},"Name":{"Value":"Internal memory type","Language":"EN"}}},{"Localized":0,"ID":817992416,"LocalID":0,"Type":"dropdown","Value":"2 x 8","CategoryFeatureId":"73737","CategoryFeatureGroupID":"3","SortNo":"180","PresentationValue":"2 x 8 GB","RawValue":"2 x 8","LocalValue":"2 x 8","Description":"The slots and size of the memory for the CPU.","Mandatory":"0","Searchable":"0","Optional":"0","Feature":{"ID":"11380","Sign":"","Measure":{"ID":"20","Sign":"","Signs":{"ID":"7","_":"GB","Language":"EN"}},"Name":{"Value":"Memory layout (slots x size)","Language":"EN"}}},{"Localized":0,"ID":801866102,"LocalID":0,"Type":"dropdown","Value":"4x DIMM","CategoryFeatureId":"2193","CategoryFeatureGroupID":"3","SortNo":"170","PresentationValue":"4x DIMM","RawValue":"4x DIMM","LocalValue":"4x DIMM","Description":"Number and type of memory expansion slots, including connector and memory module descriptions.","Mandatory":"0","Searchable":"0","Optional":"0","Feature":{"ID":"672","Sign":"","Measure":{"ID":"29","Sign":"","Signs":{"ID":"","_":"","Language":"EN"}},"Name":{"Value":"Memory slots","Language":"EN"}}},{"Localized":0,"ID":835284998,"LocalID":0,"Type":"numerical","Value":"5200","CategoryFeatureId":"941673","CategoryFeatureGroupID":"3","SortNo":"0","PresentationValue":"5200 MT/s","RawValue":"5200","LocalValue":"5200","Description":"","Mandatory":"0","Searchable":"0","Optional":"0","Feature":{"ID":"37536","Sign":"","Measure":{"ID":"340","Sign":"","Signs":{"ID":"28534","_":"MT/s","Language":"EN"}},"Name":{"Value":"Memory data transfer rate","Language":"EN"}}},{"Localized":0,"ID":817992933,"LocalID":0,"Type":"dropdown","Value":"Kingston","CategoryFeatureId":"306072","CategoryFeatureGroupID":"3","SortNo":"-100","PresentationValue":"Kingston","RawValue":"Kingston","LocalValue":"Kingston","Description":"","Mandatory":"0","Searchable":"0","Optional":"0","Feature":{"ID":"1038","Sign":"","Measure":{"ID":"29","Sign":"","Signs":{"ID":"","_":"","Language":"EN"}},"Name":{"Value":"Internal memory manufacturer","Language":"EN"}}}]},{"ID":4138,"SortNo":"90","FeatureGroup":{"ID":"47","Name":{"Value":"Storage","Language":"EN"}},"Features":[{"Localized":0,"ID":820362457,"LocalID":0,"Type":"numerical","Value":"2512","CategoryFeatureId":"33231","CategoryFeatureGroupID":"4138","SortNo":"5000","PresentationValue":"2.51 TB","RawValue":"2512","LocalValue":"2.51","Description":"The total amount of data that can be stored on the device.","Mandatory":"1","Searchable":"1","Optional":"0","Feature":{"ID":"3318","Sign":"","Measure":{"ID":"20","Sign":"","Signs":{"ID":"7","_":"GB","Language":"EN"}},"Name":{"Value":"Total storage capacity","Language":"EN"}}},{"Localized":0,"ID":820362460,"LocalID":0,"Type":"dropdown","Value":"HDD+SSD","CategoryFeatureId":"96404","CategoryFeatureGroupID":"4138","SortNo":"4000","PresentationValue":"HDD+SSD","RawValue":"HDD+SSD","LocalValue":"HDD+SSD","Description":"Used for the storage of data e.g. HDD (hard disk drive), SSD (solid-state drive).","Mandatory":"1","Searchable":"0","Optional":"0","Feature":{"ID":"11441","Sign":"","Measure":{"ID":"29","Sign":"","Signs":{"ID":"","_":"","Language":"EN"}},"Name":{"Value":"Storage media","Language":"EN"}}},{"Localized":0,"ID":820362458,"LocalID":0,"Type":"dropdown","Value":"N","CategoryFeatureId":"2968","CategoryFeatureGroupID":"4138","SortNo":"500","PresentationValue":"No","RawValue":"N","LocalValue":"No","Description":"An optical drive uses laser to read optical discs such as CDs, DVDs and Blu-Ray. Some types of optical drive are: CD ROM drive, CR-RW (CD writer) drive, DVD-ROM.","Mandatory":"1","Searchable":"1","Optional":"0","Feature":{"ID":"1120","Sign":"","Measure":{"ID":"29","Sign":"","Signs":{"ID":"","_":"","Language":"EN"}},"Name":{"Value":"Optical drive type","Language":"EN"}}},{"Localized":0,"ID":801866109,"LocalID":0,"Type":"numerical","Value":"2","CategoryFeatureId":"96410","CategoryFeatureGroupID":"4138","SortNo":"70","PresentationValue":"2","RawValue":"2","LocalValue":"2","Description":"Amount of storage drives built into the device.","Mandatory":"0","Searchable":"0","Optional":"0","Feature":{"ID":"16115","Sign":"","Measure":{"ID":"29","Sign":"","Signs":{"ID":"","_":"","Language":"EN"}},"Name":{"Value":"Number of storage drives installed","Language":"EN"}}},{"Localized":0,"ID":820362463,"LocalID":0,"Type":"numerical","Value":"2000","CategoryFeatureId":"295711","CategoryFeatureGroupID":"4138","SortNo":"63","PresentationValue":"2 TB","RawValue":"2000","LocalValue":"2","Description":"","Mandatory":"0","Searchable":"0","Optional":"0","Feature":{"ID":"37917","Sign":"","Measure":{"ID":"20","Sign":"","Signs":{"ID":"7","_":"GB","Language":"EN"}},"Name":{"Value":"Total HDDs capacity","Language":"EN"}}},{"Localized":0,"ID":820362464,"LocalID":0,"Type":"numerical","Value":"1","CategoryFeatureId":"31177","CategoryFeatureGroupID":"4138","SortNo":"60","PresentationValue":"1","RawValue":"1","LocalValue":"1","Description":"The number of hard drives built into the device.","Mandatory":"0","Searchable":"0","Optional":"0","Feature":{"ID":"3319","Sign":"","Measure":{"ID":"29","Sign":"","Signs":{"ID":"","_":"","Language":"EN"}},"Name":{"Value":"Number of HDDs installed","Language":"EN"}}},{"Localized":0,"ID":820362466,"LocalID":0,"Type":"numerical","Value":"2000","CategoryFeatureId":"39779","CategoryFeatureGroupID":"4138","SortNo":"59","PresentationValue":"2 TB","RawValue":"2000","LocalValue":"2","Description":"The maximum storage capacity of the hard disk, usually measured in bytes e.g. GB.","Mandatory":"0","Searchable":"0","Optional":"0","Feature":{"ID":"7","Sign":"","Measure":{"ID":"20","Sign":"","Signs":{"ID":"7","_":"GB","Language":"EN"}},"Name":{"Value":"HDD capacity","Language":"EN"}}},{"Localized":0,"ID":820362468,"LocalID":0,"Type":"dropdown","Value":"7200","CategoryFeatureId":"1207","CategoryFeatureGroupID":"4138","SortNo":"39","PresentationValue":"7200 RPM","RawValue":"7200","LocalValue":"7200","Description":"The rotational speed of a hard disk expressed in rotations per minute. The faster the better.","Mandatory":"0","Searchable":"0","Optional":"0","Feature":{"ID":"430","Sign":"","Measure":{"ID":"28","Sign":"","Signs":{"ID":"12","_":"RPM","Language":"EN"}},"Name":{"Value":"HDD speed","Language":"EN"}}},{"Localized":0,"ID":820362471,"LocalID":0,"Type":"numerical","Value":"512","CategoryFeatureId":"295712","CategoryFeatureGroupID":"4138","SortNo":"32","PresentationValue":"512 GB","RawValue":"512","LocalValue":"512","Description":"","Mandatory":"0","Searchable":"0","Optional":"0","Feature":{"ID":"37918","Sign":"","Measure":{"ID":"20","Sign":"","Signs":{"ID":"7","_":"GB","Language":"EN"}},"Name":{"Value":"Total SSDs capacity","Language":"EN"}}},{"Localized":0,"ID":820362472,"LocalID":0,"Type":"numerical","Value":"1","CategoryFeatureId":"45817","CategoryFeatureGroupID":"4138","SortNo":"30","PresentationValue":"1","RawValue":"1","LocalValue":"1","Description":"","Mandatory":"0","Searchable":"0","Optional":"0","Feature":{"ID":"7682","Sign":"","Measure":{"ID":"29","Sign":"","Signs":{"ID":"","_":"","Language":"EN"}},"Name":{"Value":"Number of SSDs installed","Language":"EN"}}},{"Localized":0,"ID":820362476,"LocalID":0,"Type":"numerical","Value":"512","CategoryFeatureId":"45777","CategoryFeatureGroupID":"4138","SortNo":"29","PresentationValue":"512 GB","RawValue":"512","LocalValue":"512","Description":"The Solid State Drive's data storage capacity.","Mandatory":"0","Searchable":"0","Optional":"0","Feature":{"ID":"5586","Sign":"","Measure":{"ID":"20","Sign":"","Signs":{"ID":"7","_":"GB","Language":"EN"}},"Name":{"Value":"SSD capacity","Language":"EN"}}},{"Localized":0,"ID":820362479,"LocalID":0,"Type":"dropdown","Value":"PCI Express 4.0","CategoryFeatureId":"45778","CategoryFeatureGroupID":"4138","SortNo":"28","PresentationValue":"PCI Express 4.0","RawValue":"PCI Express 4.0","LocalValue":"PCI Express 4.0","Description":"The type of interface(s) with which the Solid State Drive is connected to other hardware.","Mandatory":"0","Searchable":"0","Optional":"0","Feature":{"ID":"5584","Sign":"","Measure":{"ID":"29","Sign":"","Signs":{"ID":"","_":"","Language":"EN"}},"Name":{"Value":"SSD interface","Language":"EN"}}},{"Localized":0,"ID":820362486,"LocalID":0,"Type":"y_n","Value":"Y","CategoryFeatureId":"920733","CategoryFeatureGroupID":"4138","SortNo":"28","PresentationValue":"Yes","RawValue":"Y","LocalValue":"Yes","Description":"NVM Express (NVMe) or Non-Volatile Memory Host Controller Interface Specification (NVMHCIS) is an open logical device interface specification for accessing non-volatile storage media attached via a PCI Express (PCIe) bus. NVM Express, as a logical device interface, has been designed to capitalize on the low latency and internal parallelism of solid-state storage devices.","Mandatory":"0","Searchable":"0","Optional":"0","Feature":{"ID":"29388","Sign":"","Measure":{"ID":"26","Sign":"","Signs":{"ID":"","_":"","Language":"EN"}},"Name":{"Value":"NVMe","Language":"EN"}}},{"Localized":0,"ID":820362482,"LocalID":0,"Type":"dropdown","Value":"M.2","CategoryFeatureId":"294130","CategoryFeatureGroupID":"4138","SortNo":"27","PresentationValue":"M.2","RawValue":"M.2","LocalValue":"M.2","Description":"The size of the solid-state drive, given in inches","Mandatory":"0","Searchable":"0","Optional":"0","Feature":{"ID":"21731","Sign":"","Measure":{"ID":"29","Sign":"","Signs":{"ID":"","_":"","Language":"EN"}},"Name":{"Value":"SSD form factor","Language":"EN"}}}]},{"ID":8603,"SortNo":"85","FeatureGroup":{"ID":"163","Name":{"Value":"Graphics","Language":"EN"}},"Features":[{"Localized":0,"ID":801866106,"LocalID":0,"Type":"y_n","Value":"Y","CategoryFeatureId":"192532","CategoryFeatureGroupID":"8603","SortNo":"4810","PresentationValue":"Yes","RawValue":"Y","LocalValue":"Yes","Description":"","Mandatory":"1","Searchable":"1","Optional":"0","Feature":{"ID":"27905","Sign":"","Measure":{"ID":"26","Sign":"","Signs":{"ID":"","_":"","Language":"EN"}},"Name":{"Value":"Discrete graphics card","Language":"EN"}}},{"Localized":0,"ID":817992639,"LocalID":0,"Type":"dropdown","Value":"NVIDIA","CategoryFeatureId":"337793","CategoryFeatureGroupID":"8603","SortNo":"4810","PresentationValue":"NVIDIA","RawValue":"NVIDIA","LocalValue":"NVIDIA","Description":"","Mandatory":"0","Searchable":"0","Optional":"0","Feature":{"ID":"41670","Sign":"","Measure":{"ID":"29","Sign":"","Signs":{"ID":"","_":"","Language":"EN"}},"Name":{"Value":"Discrete GPU manufacturer","Language":"EN"}}},{"Localized":0,"ID":801866105,"LocalID":0,"Type":"y_n","Value":"Y","CategoryFeatureId":"74328","CategoryFeatureGroupID":"8603","SortNo":"4470","PresentationValue":"Yes","RawValue":"Y","LocalValue":"Yes","Description":"Graphics hardware which is built into the motherboard or CPU, as opposed to a separate graphics adapter (video card). On-board graphics uses CPU and RAM for graphics processing.","Mandatory":"1","Searchable":"1","Optional":"0","Feature":{"ID":"9997","Sign":"","Measure":{"ID":"26","Sign":"","Signs":{"ID":"","_":"","Language":"EN"}},"Name":{"Value":"On-board graphics card","Language":"EN"}}},{"Localized":0,"ID":817992745,"LocalID":0,"Type":"dropdown","Value":"NVIDIA GeForce RTX 5060","CategoryFeatureId":"53946","CategoryFeatureGroupID":"8603","SortNo":"3900","PresentationValue":"NVIDIA GeForce RTX 5060","RawValue":"NVIDIA GeForce RTX 5060","LocalValue":"NVIDIA GeForce RTX 5060","Description":"A graphics adapter (often known as a video card) generates images for a display. A discrete graphics adapter plugs into the motherboard, and usually produces much better graphics than an integrated graphics adapter. There are various models of discrete graphics adapters.","Mandatory":"1","Searchable":"0","Optional":"0","Feature":{"ID":"9018","Sign":"","Measure":{"ID":"29","Sign":"","Signs":{"ID":"","_":"","Language":"EN"}},"Name":{"Value":"Discrete graphics card model","Language":"EN"}}},{"Localized":0,"ID":817992675,"LocalID":0,"Type":"numerical","Value":"8","CategoryFeatureId":"131976","CategoryFeatureGroupID":"8603","SortNo":"479","PresentationValue":"8 GB","RawValue":"8","LocalValue":"8","Description":"","Mandatory":"0","Searchable":"0","Optional":"0","Feature":{"ID":"18403","Sign":"","Measure":{"ID":"20","Sign":"","Signs":{"ID":"7","_":"GB","Language":"EN"}},"Name":{"Value":"Discrete graphics card memory","Language":"EN"}}},{"Localized":0,"ID":817992710,"LocalID":0,"Type":"dropdown","Value":"GDDR7","CategoryFeatureId":"53950","CategoryFeatureGroupID":"8603","SortNo":"478","PresentationValue":"GDDR7","RawValue":"GDDR7","LocalValue":"GDDR7","Description":"","Mandatory":"0","Searchable":"0","Optional":"0","Feature":{"ID":"9020","Sign":"","Measure":{"ID":"29","Sign":"","Signs":{"ID":"","_":"","Language":"EN"}},"Name":{"Value":"Discrete graphics memory type","Language":"EN"}}},{"Localized":0,"ID":801866127,"LocalID":0,"Type":"numerical","Value":"1","CategoryFeatureId":"66268","CategoryFeatureGroupID":"8603","SortNo":"455","PresentationValue":"1","RawValue":"1","LocalValue":"1","Description":"","Mandatory":"0","Searchable":"0","Optional":"0","Feature":{"ID":"9584","Sign":"","Measure":{"ID":"29","Sign":"","Signs":{"ID":"","_":"","Language":"EN"}},"Name":{"Value":"Number of discrete graphics cards","Language":"EN"}}},{"Localized":0,"ID":820361640,"LocalID":0,"Type":"numerical","Value":"1","CategoryFeatureId":"117967","CategoryFeatureGroupID":"8603","SortNo":"-150","PresentationValue":"1","RawValue":"1","LocalValue":"1","Description":"","Mandatory":"0","Searchable":"0","Optional":"0","Feature":{"ID":"20247","Sign":"","Measure":{"ID":"29","Sign":"","Signs":{"ID":"","_":"","Language":"EN"}},"Name":{"Value":"Graphics card HDMI ports quantity","Language":"EN"}}},{"Localized":0,"ID":820361641,"LocalID":0,"Type":"numerical","Value":"3","CategoryFeatureId":"117968","CategoryFeatureGroupID":"8603","SortNo":"-150","PresentationValue":"3","RawValue":"3","LocalValue":"3","Description":"","Mandatory":"0","Searchable":"0","Optional":"0","Feature":{"ID":"20246","Sign":"","Measure":{"ID":"29","Sign":"","Signs":{"ID":"","_":"","Language":"EN"}},"Name":{"Value":"Graphics card DisplayPorts quantity","Language":"EN"}}}]},{"ID":2066,"SortNo":"75","FeatureGroup":{"ID":"35","Name":{"Value":"Network","Language":"EN"}},"Features":[{"Localized":0,"ID":801866101,"LocalID":0,"Type":"y_n","Value":"Y","CategoryFeatureId":"36488","CategoryFeatureGroupID":"2066","SortNo":"100","PresentationValue":"Yes","RawValue":"Y","LocalValue":"Yes","Description":"An Ethernet LAN (Local Area Network) interface is present, for a wired conection via a cable.","Mandatory":"1","Searchable":"0","Optional":"0","Feature":{"ID":"1347","Sign":"","Measure":{"ID":"26","Sign":"","Signs":{"ID":"","_":"","Language":"EN"}},"Name":{"Value":"Ethernet LAN","Language":"EN"}}},{"Localized":0,"ID":806479505,"LocalID":0,"Type":"multi_dropdown","Value":"10,100,1000","CategoryFeatureId":"31181","CategoryFeatureGroupID":"2066","SortNo":"99","PresentationValue":"10,100,1000 Mbit/s","RawValue":"10,100,1000","LocalValue":"10,100,1000","Description":"The different speed levels of the Ethernet LAN connection.","Mandatory":"0","Searchable":"0","Optional":"0","Feature":{"ID":"3768","Sign":"","Measure":{"ID":"23","Sign":"","Signs":{"ID":"4","_":"Mbit/s","Language":"EN"}},"Name":{"Value":"Ethernet LAN data rates","Language":"EN"}}},{"Localized":0,"ID":806479500,"LocalID":0,"Type":"dropdown","Value":"10/100/1000Base-T(X)","CategoryFeatureId":"31179","CategoryFeatureGroupID":"2066","SortNo":"98","PresentationValue":"10/100/1000Base-T(X)","RawValue":"10/100/1000Base-T(X)","LocalValue":"10/100/1000Base-T(X)","Description":"Type of cable technology performance.","Mandatory":"0","Searchable":"0","Optional":"0","Feature":{"ID":"747","Sign":"","Measure":{"ID":"29","Sign":"","Signs":{"ID":"","_":"","Language":"EN"}},"Name":{"Value":"Cabling technology","Language":"EN"}}},{"Localized":0,"ID":801866112,"LocalID":0,"Type":"y_n","Value":"Y","CategoryFeatureId":"36487","CategoryFeatureGroupID":"2066","SortNo":"81","PresentationValue":"Yes","RawValue":"Y","LocalValue":"Yes","Description":"Popular technology that allows an electronic device to exchange data or connect to the internet wirelessly using radio waves.","Mandatory":"1","Searchable":"0","Optional":"0","Feature":{"ID":"3239","Sign":"","Measure":{"ID":"26","Sign":"","Signs":{"ID":"","_":"","Language":"EN"}},"Name":{"Value":"Wi-Fi","Language":"EN"}}},{"Localized":0,"ID":806479501,"LocalID":0,"Type":"dropdown","Value":"Wi-Fi 6E (802.11ax)","CategoryFeatureId":"269712","CategoryFeatureGroupID":"2066","SortNo":"80","PresentationValue":"Wi-Fi 6E (802.11ax)","RawValue":"Wi-Fi 6E (802.11ax)","LocalValue":"Wi-Fi 6E (802.11ax)","Description":"Connection of this device is done via Wi-Fi in a high standard.","Mandatory":"0","Searchable":"0","Optional":"0","Feature":{"ID":"24993","Sign":"","Measure":{"ID":"29","Sign":"","Signs":{"ID":"","_":"","Language":"EN"}},"Name":{"Value":"Top Wi-Fi standard","Language":"EN"}}},{"Localized":0,"ID":820853609,"LocalID":0,"Type":"multi_dropdown","Value":"Wi-Fi 6E (802.11ax)","CategoryFeatureId":"44220","CategoryFeatureGroupID":"2066","SortNo":"79","PresentationValue":"Wi-Fi 6E (802.11ax)","RawValue":"Wi-Fi 6E (802.11ax)","LocalValue":"Wi-Fi 6E (802.11ax)","Description":"The type of wireless local area network (LAN). It can be ad-hoc, where units in a network communicate peer-to-peer, or Infrastructure, where units communicate with each other via an access point  A LAN interconnects computers in a small area e.g. home, school or office.","Mandatory":"0","Searchable":"0","Optional":"0","Feature":{"ID":"432","Sign":"","Measure":{"ID":"29","Sign":"","Signs":{"ID":"","_":"","Language":"EN"}},"Name":{"Value":"Wi-Fi standards","Language":"EN"}}},{"Localized":0,"ID":817992604,"LocalID":0,"Type":"dropdown","Value":"Realtek","CategoryFeatureId":"593625","CategoryFeatureGroupID":"2066","SortNo":"79","PresentationValue":"Realtek","RawValue":"Realtek","LocalValue":"Realtek","Description":"","Mandatory":"0","Searchable":"0","Optional":"0","Feature":{"ID":"42190","Sign":"","Measure":{"ID":"29","Sign":"","Signs":{"ID":"","_":"","Language":"EN"}},"Name":{"Value":"WLAN controller manufacturer","Language":"EN"}}},{"Localized":0,"ID":817992232,"LocalID":0,"Type":"dropdown","Value":"Realtek RTL8852CE","CategoryFeatureId":"244128","CategoryFeatureGroupID":"2066","SortNo":"78","PresentationValue":"Realtek RTL8852CE","RawValue":"Realtek RTL8852CE","LocalValue":"Realtek RTL8852CE","Description":"","Mandatory":"0","Searchable":"0","Optional":"0","Feature":{"ID":"27443","Sign":"","Measure":{"ID":"29","Sign":"","Signs":{"ID":"","_":"","Language":"EN"}},"Name":{"Value":"WLAN controller model","Language":"EN"}}},{"Localized":0,"ID":817992265,"LocalID":0,"Type":"dropdown","Value":"2x2","CategoryFeatureId":"269713","CategoryFeatureGroupID":"2066","SortNo":"77","PresentationValue":"2x2","RawValue":"2x2","LocalValue":"2x2","Description":"Type of antenna, also known an aerial, e.g. external, internal.","Mandatory":"0","Searchable":"0","Optional":"0","Feature":{"ID":"1494","Sign":"","Measure":{"ID":"29","Sign":"","Signs":{"ID":"","_":"","Language":"EN"}},"Name":{"Value":"Antenna type","Language":"EN"}}},{"Localized":0,"ID":801866115,"LocalID":0,"Type":"y_n","Value":"Y","CategoryFeatureId":"33715","CategoryFeatureGroupID":"2066","SortNo":"50","PresentationValue":"Yes","RawValue":"Y","LocalValue":"Yes","Description":"Bluetooth is a low-power radio technology developed to replace the cables and wires currently used to link or connect electronic devices such as personal computers, printers, and a wide variety of handheld devices including mobile phones. Because it uses radio-wave connectivity, a Bluetooth-enabled device has a constant, established connection to whatever browser it uses. This saves the user the trouble of logging on to check for emails or news updates, for example.","Mandatory":"0","Searchable":"0","Optional":"0","Feature":{"ID":"2183","Sign":"","Measure":{"ID":"26","Sign":"","Signs":{"ID":"","_":"","Language":"EN"}},"Name":{"Value":"Bluetooth","Language":"EN"}}},{"Localized":0,"ID":817992004,"LocalID":0,"Type":"dropdown","Value":"5.3","CategoryFeatureId":"33716","CategoryFeatureGroupID":"2066","SortNo":"49","PresentationValue":"5.3","RawValue":"5.3","LocalValue":"5.3","Description":"The type of bluetooth technology in the product e.g. Bluetooth Smart (v4.0).","Mandatory":"0","Searchable":"0","Optional":"0","Feature":{"ID":"1208","Sign":"","Measure":{"ID":"29","Sign":"","Signs":{"ID":"","_":"","Language":"EN"}},"Name":{"Value":"Bluetooth version","Language":"EN"}}}]},{"ID":821,"SortNo":"70","FeatureGroup":{"ID":"12","Name":{"Value":"Ports & interfaces","Language":"EN"}},"Features":[{"Localized":0,"ID":820361634,"LocalID":0,"Type":"numerical","Value":"4","CategoryFeatureId":"14583","CategoryFeatureGroupID":"821","SortNo":"600","PresentationValue":"4","RawValue":"4","LocalValue":"4","Description":"Number of USB 2.0 ports (connecting interfaces) in the device. USB 2.0 was released in April 2000 (now called \"Hi-Speed\"), adding higher maximum signaling rate of 480 Mbit/s (effective throughput up to 35 MB/s or 280 Mbit/s), USB 2.0 ports are usually black.","Mandatory":"1","Searchable":"0","Optional":"0","Feature":{"ID":"2308","Sign":"","Measure":{"ID":"29","Sign":"","Signs":{"ID":"","_":"","Language":"EN"}},"Name":{"Value":"USB 2.0 ports quantity","Language":"EN"}}},{"Localized":0,"ID":820361633,"LocalID":0,"Type":"numerical","Value":"4","CategoryFeatureId":"138381","CategoryFeatureGroupID":"821","SortNo":"499","PresentationValue":"4","RawValue":"4","LocalValue":"4","Description":"","Mandatory":"1","Searchable":"0","Optional":"0","Feature":{"ID":"22701","Sign":"","Measure":{"ID":"29","Sign":"","Signs":{"ID":"","_":"","Language":"EN"}},"Name":{"Value":"USB 3.2 Gen 1 (3.1 Gen 1) Type-A ports quantity","Language":"EN"}}},{"Localized":0,"ID":820361632,"LocalID":0,"Type":"numerical","Value":"2","CategoryFeatureId":"138388","CategoryFeatureGroupID":"821","SortNo":"496","PresentationValue":"2","RawValue":"2","LocalValue":"2","Description":"Number of USB 3.1 (3.1 Gen 2) ports with Type-C connector. USB 3.1 (3.1 Gen 2) is USB interface version which supports transfer rate up to 10 Gbit/s (SuperSpeed+). USB Type-C connector has symmetrical design architecture and compatible with Thunderbolt 3 interface.","Mandatory":"1","Searchable":"0","Optional":"0","Feature":{"ID":"22704","Sign":"","Measure":{"ID":"29","Sign":"","Signs":{"ID":"","_":"","Language":"EN"}},"Name":{"Value":"USB 3.2 Gen 2 (3.1 Gen 2) Type-C ports quantity","Language":"EN"}}},{"Localized":0,"ID":817992876,"LocalID":0,"Type":"numerical","Value":"3","CategoryFeatureId":"35742","CategoryFeatureGroupID":"821","SortNo":"390","PresentationValue":"3","RawValue":"3","LocalValue":"3","Description":"Number of DisplayPorts. A DisplayPort is a digital display interface developed by the Video Electronics Standards Association (VESA). The interface is primarily used to connect a video source to a display device such as a computer monitor, though it can also be used to carry audio, USB, and other forms of data.","Mandatory":"0","Searchable":"0","Optional":"0","Feature":{"ID":"6611","Sign":"","Measure":{"ID":"29","Sign":"","Signs":{"ID":"","_":"","Language":"EN"}},"Name":{"Value":"DisplayPorts quantity","Language":"EN"}}},{"Localized":0,"ID":817992903,"LocalID":0,"Type":"dropdown","Value":"2.1b","CategoryFeatureId":"305692","CategoryFeatureGroupID":"821","SortNo":"389","PresentationValue":"2.1b","RawValue":"2.1b","LocalValue":"2.1b","Description":"","Mandatory":"0","Searchable":"0","Optional":"0","Feature":{"ID":"11111","Sign":"","Measure":{"ID":"29","Sign":"","Signs":{"ID":"","_":"","Language":"EN"}},"Name":{"Value":"DisplayPort version","Language":"EN"}}},{"Localized":0,"ID":817992842,"LocalID":0,"Type":"numerical","Value":"1","CategoryFeatureId":"14590","CategoryFeatureGroupID":"821","SortNo":"340","PresentationValue":"1","RawValue":"1","LocalValue":"1","Description":"Number of Ethernet LAN (RJ-45) ports (connecting interfaces) in the device.  Ethernet LAN (RJ-45) ports allow a computer to connect to the ethernet.","Mandatory":"0","Searchable":"0","Optional":"0","Feature":{"ID":"2312","Sign":"","Measure":{"ID":"29","Sign":"","Signs":{"ID":"","_":"","Language":"EN"}},"Name":{"Value":"Ethernet LAN (RJ-45) ports","Language":"EN"}}},{"Localized":0,"ID":817992782,"LocalID":0,"Type":"y_n","Value":"Y","CategoryFeatureId":"113477","CategoryFeatureGroupID":"821","SortNo":"96","PresentationValue":"Yes","RawValue":"Y","LocalValue":"Yes","Description":"","Mandatory":"0","Searchable":"0","Optional":"0","Feature":{"ID":"9858","Sign":"","Measure":{"ID":"26","Sign":"","Signs":{"ID":"","_":"","Language":"EN"}},"Name":{"Value":"Combo headphone/mic port","Language":"EN"}}}]},{"ID":4190,"SortNo":"65","FeatureGroup":{"ID":"124","Name":{"Value":"Expansion slots","Language":"EN"}},"Features":[{"Localized":0,"ID":806479503,"LocalID":0,"Type":"numerical","Value":"1","CategoryFeatureId":"31431","CategoryFeatureGroupID":"4190","SortNo":"90","PresentationValue":"1","RawValue":"1","LocalValue":"1","Description":"","Mandatory":"0","Searchable":"0","Optional":"0","Feature":{"ID":"6258","Sign":"","Measure":{"ID":"29","Sign":"","Signs":{"ID":"","_":"","Language":"EN"}},"Name":{"Value":"PCI Express x4 slots","Language":"EN"}}},{"Localized":0,"ID":806479498,"LocalID":0,"Type":"numerical","Value":"1","CategoryFeatureId":"31430","CategoryFeatureGroupID":"4190","SortNo":"70","PresentationValue":"1","RawValue":"1","LocalValue":"1","Description":"","Mandatory":"0","Searchable":"0","Optional":"0","Feature":{"ID":"6256","Sign":"","Measure":{"ID":"29","Sign":"","Signs":{"ID":"","_":"","Language":"EN"}},"Name":{"Value":"PCI Express x16 slots","Language":"EN"}}}]},{"ID":10928,"SortNo":"60","FeatureGroup":{"ID":"148","Name":{"Value":"Design","Language":"EN"}},"Features":[{"Localized":0,"ID":801866121,"LocalID":0,"Type":"dropdown","Value":"Tower","CategoryFeatureId":"2195","CategoryFeatureGroupID":"10928","SortNo":"600","PresentationValue":"Tower","RawValue":"Tower","LocalValue":"Tower","Description":"The type of rigid framework onto which is the hosuing for device components.","Mandatory":"1","Searchable":"0","Optional":"0","Feature":{"ID":"734","Sign":"","Measure":{"ID":"29","Sign":"","Signs":{"ID":"","_":"","Language":"EN"}},"Name":{"Value":"Chassis type","Language":"EN"}}},{"Localized":0,"ID":801866124,"LocalID":0,"Type":"text","Value":"Black","CategoryFeatureId":"270479","CategoryFeatureGroupID":"10928","SortNo":"500","PresentationValue":"Black","RawValue":"Black","LocalValue":"Black","Description":"","Mandatory":"0","Searchable":"0","Optional":"0","Feature":{"ID":"17956","Sign":"","Measure":{"ID":"29","Sign":"","Signs":{"ID":"","_":"","Language":"EN"}},"Name":{"Value":"Colour name","Language":"EN"}}},{"Localized":0,"ID":806479499,"LocalID":0,"Type":"y_n","Value":"Y","CategoryFeatureId":"18563","CategoryFeatureGroupID":"10928","SortNo":"100","PresentationValue":"Yes","RawValue":"Y","LocalValue":"Yes","Description":"Holes on the edge of devices through which a cable lock can be passed, so the device can be locked to a desk etc.","Mandatory":"0","Searchable":"0","Optional":"0","Feature":{"ID":"1352","Sign":"","Measure":{"ID":"26","Sign":"","Signs":{"ID":"","_":"","Language":"EN"}},"Name":{"Value":"Cable lock slot","Language":"EN"}}},{"Localized":0,"ID":806479502,"LocalID":0,"Type":"multi_dropdown","Value":"Kensington","CategoryFeatureId":"86800","CategoryFeatureGroupID":"10928","SortNo":"99","PresentationValue":"Kensington","RawValue":"Kensington","LocalValue":"Kensington","Description":"","Mandatory":"0","Searchable":"0","Optional":"0","Feature":{"ID":"14097","Sign":"","Measure":{"ID":"29","Sign":"","Signs":{"ID":"","_":"","Language":"EN"}},"Name":{"Value":"Cable lock slot type","Language":"EN"}}},{"Localized":0,"ID":801866118,"LocalID":0,"Type":"dropdown","Value":"Black","CategoryFeatureId":"28831","CategoryFeatureGroupID":"10928","SortNo":"1","PresentationValue":"Black","RawValue":"Black","LocalValue":"Black","Description":"The colour e.g. red, blue, green, black, white.","Mandatory":"1","Searchable":"0","Optional":"0","Feature":{"ID":"1766","Sign":"","Measure":{"ID":"29","Sign":"","Signs":{"ID":"","_":"","Language":"EN"}},"Name":{"Value":"Product colour","Language":"EN"}}},{"Localized":0,"ID":826334217,"LocalID":0,"Type":"multi_dropdown","Value":"China","CategoryFeatureId":"293170","CategoryFeatureGroupID":"10928","SortNo":"-10","PresentationValue":"China","RawValue":"China","LocalValue":"China","Description":"Country where the device is made. Aka Country of manufacture (COM).","Mandatory":"0","Searchable":"0","Optional":"0","Feature":{"ID":"3294","Sign":"","Measure":{"ID":"29","Sign":"","Signs":{"ID":"","_":"","Language":"EN"}},"Name":{"Value":"Country of origin","Language":"EN"}}}]},{"ID":10929,"SortNo":"58","FeatureGroup":{"ID":"184","Name":{"Value":"Performance","Language":"EN"}},"Features":[{"Localized":0,"ID":801866111,"LocalID":0,"Type":"dropdown","Value":"Gaming","CategoryFeatureId":"164640","CategoryFeatureGroupID":"10929","SortNo":"330","PresentationValue":"Gaming","RawValue":"Gaming","LocalValue":"Gaming","Description":"Under which category can the device be positioned in the market, e.g. camera phone.","Mandatory":"0","Searchable":"0","Optional":"0","Feature":{"ID":"9021","Sign":"","Measure":{"ID":"29","Sign":"","Signs":{"ID":"","_":"","Language":"EN"}},"Name":{"Value":"Market positioning","Language":"EN"}}},{"Localized":0,"ID":801866117,"LocalID":0,"Type":"dropdown","Value":"AMD B650","CategoryFeatureId":"47146","CategoryFeatureGroupID":"10929","SortNo":"300","PresentationValue":"AMD B650","RawValue":"AMD B650","LocalValue":"AMD B650","Description":"The chipset connects the microprocessor to the rest of the motherboard.","Mandatory":"0","Searchable":"0","Optional":"0","Feature":{"ID":"436","Sign":"","Measure":{"ID":"29","Sign":"","Signs":{"ID":"","_":"","Language":"EN"}},"Name":{"Value":"Motherboard chipset","Language":"EN"}}},{"Localized":0,"ID":801866104,"LocalID":0,"Type":"dropdown","Value":"Micro ATX","CategoryFeatureId":"3082","CategoryFeatureGroupID":"10929","SortNo":"280","PresentationValue":"micro ATX","RawValue":"Micro ATX","LocalValue":"micro ATX","Description":"Design of the motherboard (ATX, BTX etc).","Mandatory":"0","Searchable":"0","Optional":"0","Feature":{"ID":"1262","Sign":"","Measure":{"ID":"29","Sign":"","Signs":{"ID":"","_":"","Language":"EN"}},"Name":{"Value":"Motherboard form factor","Language":"EN"}}},{"Localized":0,"ID":801866120,"LocalID":0,"Type":"y_n","Value":"Y","CategoryFeatureId":"96548","CategoryFeatureGroupID":"10929","SortNo":"97","PresentationValue":"Yes","RawValue":"Y","LocalValue":"Yes","Description":"The computer, smartphone etc. can only be used when the correct password is entered, therefore making it more secure.","Mandatory":"0","Searchable":"0","Optional":"0","Feature":{"ID":"16095","Sign":"","Measure":{"ID":"26","Sign":"","Signs":{"ID":"","_":"","Language":"EN"}},"Name":{"Value":"Password protection","Language":"EN"}}},{"Localized":0,"ID":806479504,"LocalID":0,"Type":"multi_dropdown","Value":"BIOS,Power on,User","CategoryFeatureId":"96549","CategoryFeatureGroupID":"10929","SortNo":"96","PresentationValue":"BIOS, Power on, User","RawValue":"BIOS,Power on,User","LocalValue":"BIOS, Power on, User","Description":"","Mandatory":"0","Searchable":"0","Optional":"0","Feature":{"ID":"6224","Sign":"","Measure":{"ID":"29","Sign":"","Signs":{"ID":"","_":"","Language":"EN"}},"Name":{"Value":"Password protection type","Language":"EN"}}},{"Localized":0,"ID":801866107,"LocalID":0,"Type":"dropdown","Value":"PC","CategoryFeatureId":"86787","CategoryFeatureGroupID":"10929","SortNo":"4","PresentationValue":"PC","RawValue":"PC","LocalValue":"PC","Description":"The sub-category of the product.","Mandatory":"1","Searchable":"1","Optional":"0","Feature":{"ID":"14052","Sign":"","Measure":{"ID":"29","Sign":"","Signs":{"ID":"","_":"","Language":"EN"}},"Name":{"Value":"Product type","Language":"EN"}}}]},{"ID":3402,"SortNo":"56","FeatureGroup":{"ID":"90","Name":{"Value":"Software","Language":"EN"}},"Features":[{"Localized":0,"ID":801866103,"LocalID":0,"Type":"dropdown","Value":"Windows 11 Home","CategoryFeatureId":"20011","CategoryFeatureGroupID":"3402","SortNo":"601","PresentationValue":"Windows 11 Home","RawValue":"Windows 11 Home","LocalValue":"Windows 11 Home","Description":"Type of operating system on a device e.g. IOS on Apple devices, Android for mobile devices.","Mandatory":"1","Searchable":"1","Optional":"0","Feature":{"ID":"3233","Sign":"","Measure":{"ID":"29","Sign":"","Signs":{"ID":"","_":"","Language":"EN"}},"Name":{"Value":"Operating system installed","Language":"EN"}}}]},{"ID":26494,"SortNo":"53","FeatureGroup":{"ID":"144","Name":{"Value":"Brand-specific features","Language":"EN"}},"Features":[{"Localized":0,"ID":801866122,"LocalID":0,"Type":"multi_dropdown","Value":"AI PC","CategoryFeatureId":"1086333","CategoryFeatureGroupID":"26494","SortNo":"3","PresentationValue":"AI PC","RawValue":"AI PC","LocalValue":"AI PC","Description":"","Mandatory":"0","Searchable":"0","Optional":"0","Feature":{"ID":"48855","Sign":"","Measure":{"ID":"29","Sign":"","Signs":{"ID":"","_":"","Language":"EN"}},"Name":{"Value":"HP Artificial Intelligence","Language":"EN"}}},{"Localized":0,"ID":801866119,"LocalID":0,"Type":"dropdown","Value":"Home","CategoryFeatureId":"292602","CategoryFeatureGroupID":"26494","SortNo":"-500","PresentationValue":"Home","RawValue":"Home","LocalValue":"Home","Description":"","Mandatory":"0","Searchable":"0","Optional":"0","Feature":{"ID":"35183","Sign":"","Measure":{"ID":"29","Sign":"","Signs":{"ID":"","_":"","Language":"EN"}},"Name":{"Value":"HP segment","Language":"EN"}}}]},{"ID":1306,"SortNo":"30","FeatureGroup":{"ID":"27","Name":{"Value":"Power","Language":"EN"}},"Features":[{"Localized":0,"ID":801866125,"LocalID":0,"Type":"numerical","Value":"600","CategoryFeatureId":"3028","CategoryFeatureGroupID":"1306","SortNo":"10000","PresentationValue":"600 W","RawValue":"600","LocalValue":"600","Description":"The way in which the product is powered e.g. rechargeable battery, mains electricity connected via a plug and cable.","Mandatory":"1","Searchable":"0","Optional":"0","Feature":{"ID":"1242","Sign":"","Measure":{"ID":"44","Sign":"","Signs":{"ID":"28","_":"W","Language":"EN"}},"Name":{"Value":"Power supply","Language":"EN"}}},{"Localized":0,"ID":820361630,"LocalID":0,"Type":"alphanumeric","Value":"100 - 240","CategoryFeatureId":"3029","CategoryFeatureGroupID":"1306","SortNo":"414","PresentationValue":"100 - 240 V","RawValue":"100 - 240","LocalValue":"100 - 240","Description":"","Mandatory":"0","Searchable":"0","Optional":"0","Feature":{"ID":"1243","Sign":"","Measure":{"ID":"42","Sign":"","Signs":{"ID":"26","_":"V","Language":"EN"}},"Name":{"Value":"Power supply input voltage","Language":"EN"}}},{"Localized":0,"ID":820361631,"LocalID":0,"Type":"alphanumeric","Value":"50 - 60","CategoryFeatureId":"3030","CategoryFeatureGroupID":"1306","SortNo":"413","PresentationValue":"50 - 60 Hz","RawValue":"50 - 60","LocalValue":"50 - 60","Description":"The frequency of the electricity, usually measured in Hertz (Hz), which is supplied by the power supply. Mains electricity in many parts of the world is 50Hz.","Mandatory":"0","Searchable":"0","Optional":"0","Feature":{"ID":"1244","Sign":"","Measure":{"ID":"36","Sign":"","Signs":{"ID":"20","_":"Hz","Language":"EN"}},"Name":{"Value":"Power supply input frequency","Language":"EN"}}},{"Localized":0,"ID":806479506,"LocalID":0,"Type":"dropdown","Value":"80 PLUS Gold","CategoryFeatureId":"206607","CategoryFeatureGroupID":"1306","SortNo":"-1","PresentationValue":"80 PLUS Gold","RawValue":"80 PLUS Gold","LocalValue":"80 PLUS Gold","Description":"","Mandatory":"0","Searchable":"0","Optional":"0","Feature":{"ID":"8110","Sign":"","Measure":{"ID":"29","Sign":"","Signs":{"ID":"","_":"","Language":"EN"}},"Name":{"Value":"80 PLUS certification","Language":"EN"}}}]},{"ID":1309,"SortNo":"10","FeatureGroup":{"ID":"14","Name":{"Value":"Weight & dimensions","Language":"EN"}},"Features":[{"Localized":0,"ID":801866110,"LocalID":0,"Type":"numerical","Value":"210","CategoryFeatureId":"6228","CategoryFeatureGroupID":"1309","SortNo":"55","PresentationValue":"210 mm","RawValue":"210","LocalValue":"210","Description":"The measurement or extent of something from side to side.","Mandatory":"1","Searchable":"0","Optional":"0","Feature":{"ID":"1649","Sign":"","Measure":{"ID":"24","Sign":"","Signs":{"ID":"3","_":"mm","Language":"EN"}},"Name":{"Value":"Width","Language":"EN"}}},{"Localized":0,"ID":801866108,"LocalID":0,"Type":"numerical","Value":"408","CategoryFeatureId":"6225","CategoryFeatureGroupID":"1309","SortNo":"54","PresentationValue":"408 mm","RawValue":"408","LocalValue":"408","Description":"The distance from the front to the back of something.","Mandatory":"1","Searchable":"0","Optional":"0","Feature":{"ID":"1650","Sign":"","Measure":{"ID":"24","Sign":"","Signs":{"ID":"3","_":"mm","Language":"EN"}},"Name":{"Value":"Depth","Language":"EN"}}},{"Localized":0,"ID":801866126,"LocalID":0,"Type":"numerical","Value":"410","CategoryFeatureId":"6226","CategoryFeatureGroupID":"1309","SortNo":"53","PresentationValue":"410 mm","RawValue":"410","LocalValue":"410","Description":"The measurement of the product from head to foot or from base to top.","Mandatory":"1","Searchable":"0","Optional":"0","Feature":{"ID":"1464","Sign":"","Measure":{"ID":"24","Sign":"","Signs":{"ID":"3","_":"mm","Language":"EN"}},"Name":{"Value":"Height","Language":"EN"}}},{"Localized":0,"ID":801866128,"LocalID":0,"Type":"numerical","Value":"14500","CategoryFeatureId":"8718","CategoryFeatureGroupID":"1309","SortNo":"45","PresentationValue":"14.5 kg","RawValue":"14500","LocalValue":"14.5","Description":"Weight of the product without packaging (net weight). If possible, the net weight is given including standard accessories and supplies. Please note that sometimes the manufacturer leaves out the weight of accessories and/or supplies.","Mandatory":"1","Searchable":"0","Optional":"0","Feature":{"ID":"94","Sign":"","Measure":{"ID":"38","Sign":"","Signs":{"ID":"22","_":"g","Language":"EN"}},"Name":{"Value":"Weight","Language":"EN"}}},{"Localized":0,"ID":801866123,"LocalID":0,"Type":"numerical","Value":"590","CategoryFeatureId":"74308","CategoryFeatureGroupID":"1309","SortNo":"-10","PresentationValue":"590 mm","RawValue":"590","LocalValue":"590","Description":"The distance from one side of the packaging to the other.","Mandatory":"0","Searchable":"0","Optional":"0","Feature":{"ID":"3808","Sign":"","Measure":{"ID":"24","Sign":"","Signs":{"ID":"3","_":"mm","Language":"EN"}},"Name":{"Value":"Package width","Language":"EN"}}},{"Localized":0,"ID":801866129,"LocalID":0,"Type":"numerical","Value":"332","CategoryFeatureId":"74309","CategoryFeatureGroupID":"1309","SortNo":"-11","PresentationValue":"332 mm","RawValue":"332","LocalValue":"332","Description":"The distance from the front to the back of the packaging.","Mandatory":"0","Searchable":"0","Optional":"0","Feature":{"ID":"3806","Sign":"","Measure":{"ID":"24","Sign":"","Signs":{"ID":"3","_":"mm","Language":"EN"}},"Name":{"Value":"Package depth","Language":"EN"}}},{"Localized":0,"ID":801866113,"LocalID":0,"Type":"numerical","Value":"583","CategoryFeatureId":"74310","CategoryFeatureGroupID":"1309","SortNo":"-12","PresentationValue":"583 mm","RawValue":"583","LocalValue":"583","Description":"The distance from the top to the bottom of the packaging.","Mandatory":"0","Searchable":"0","Optional":"0","Feature":{"ID":"3807","Sign":"","Measure":{"ID":"24","Sign":"","Signs":{"ID":"3","_":"mm","Language":"EN"}},"Name":{"Value":"Package height","Language":"EN"}}},{"Localized":0,"ID":801866116,"LocalID":0,"Type":"numerical","Value":"18500","CategoryFeatureId":"4976","CategoryFeatureGroupID":"1309","SortNo":"-13","PresentationValue":"18.5 kg","RawValue":"18500","LocalValue":"18.5","Description":"Weight of the packaged product.","Mandatory":"0","Searchable":"0","Optional":"0","Feature":{"ID":"762","Sign":"","Measure":{"ID":"38","Sign":"","Signs":{"ID":"22","_":"g","Language":"EN"}},"Name":{"Value":"Package weight","Language":"EN"}}}]},{"ID":82594,"SortNo":"0","FeatureGroup":{"ID":"5","Name":{"Value":"Display","Language":"EN"}},"Features":[{"Localized":0,"ID":820361639,"LocalID":0,"Type":"y_n","Value":"N","CategoryFeatureId":"11391","CategoryFeatureGroupID":"82594","SortNo":"500","PresentationValue":"No","RawValue":"N","LocalValue":"No","Description":"This product includes a display.","Mandatory":"1","Searchable":"1","Optional":"0","Feature":{"ID":"2177","Sign":"","Measure":{"ID":"26","Sign":"","Signs":{"ID":"","_":"","Language":"EN"}},"Name":{"Value":"Display included","Language":"EN"}}}]}],"FeatureLogos":[{"LogoPic":"https://images.icecat.biz/img/feature_logo/1-8100.png","Width":"300","Height":"300","Size":"0","ThumbPic":"https://images.icecat.biz/img/feature_logo_thumbs/1-8100.png","FeatureID":"2183","Value":"Y","KeyLogo":0,"Description":{"Value":"Bluetooth is a proprietary open wireless technology standard for exchanging data over short distances (using short-wavelength radio transmissions in the ISM band from 2400–2480 MHz) from fixed and mobile devices, creating personal area networks (PANs) with high levels of security.","Language":"EN"}},{"LogoPic":"https://images.icecat.biz/img/feature_logo/1167-3328.png","Width":"300","Height":"300","Size":"0","ThumbPic":"https://images.icecat.biz/img/feature_logo_thumbs/1167-3328.png","FeatureID":"11441","Value":"hdd+ssd","KeyLogo":1,"Description":{"Value":"Solid state drive","Language":"EN"}},{"LogoPic":"https://images.icecat.biz/img/feature_logo/1167-3328.png","Width":"300","Height":"300","Size":"0","ThumbPic":"https://images.icecat.biz/img/feature_logo_thumbs/1167-3328.png","FeatureID":"11441","Value":"SSD","KeyLogo":1,"Description":{"Value":"Solid state drive","Language":"EN"}},{"LogoPic":"https://images.icecat.biz/img/feature_logo/1167-3328.png","Width":"300","Height":"300","Size":"0","ThumbPic":"https://images.icecat.biz/img/feature_logo_thumbs/1167-3328.png","FeatureID":"11441","Value":"ssd+emmc","KeyLogo":1,"Description":{"Value":"Solid state drive","Language":"EN"}},{"LogoPic":"https://images.icecat.biz/img/feature_logo/1178-5315.png","Width":"300","Height":"300","Size":"0","ThumbPic":"https://images.icecat.biz/img/feature_logo_thumbs/1178-5315.png","FeatureID":"22704","Value":"1","KeyLogo":2,"Description":{"Value":"USB 3.2 Gen 2 (3.1 Gen 2) Type-C port","Language":"EN"}},{"LogoPic":"https://images.icecat.biz/img/feature_logo/1178-5315.png","Width":"300","Height":"300","Size":"0","ThumbPic":"https://images.icecat.biz/img/feature_logo_thumbs/1178-5315.png","FeatureID":"22704","Value":"2","KeyLogo":2,"Description":{"Value":"USB 3.2 Gen 2 (3.1 Gen 2) Type-C port","Language":"EN"}},{"LogoPic":"https://images.icecat.biz/img/feature_logo/1178-5315.png","Width":"300","Height":"300","Size":"0","ThumbPic":"https://images.icecat.biz/img/feature_logo_thumbs/1178-5315.png","FeatureID":"22704","Value":"3","KeyLogo":2,"Description":{"Value":"USB 3.2 Gen 2 (3.1 Gen 2) Type-C port","Language":"EN"}}],"ReasonsToBuy":[],"Reviews":[],"ProductRelated":[],"CatalogObjectCloud":{},"Variants":[{"VariantID":"1571908","VariantIdentifiers":[{"Identifier Type":"GTIN13","Value":"0199251750328","IsApproved":true},{"Identifier Type":"GTIN13","Value":"199251750328","IsApproved":true},{"Identifier Type":"BrandProductCode","Value":"BY8Z4EA#UUW"}],"VariantFeatures":[],"VariantImages":[],"VariantMultimedia":[],"VariantDescriptions":"OMEN 35L Gaming Desktop GT16-0093no PC"}],"ProductStory":[],"Dictionary":{"model_name":"Product name","desc":"Description","ean_code":"EAN/UPC code","flash360":"3D tour","demo_msg_part3":"If you don't have an Icecat account, please register here for free.","repairability_index":"Repairability index","zoom_panel_init":"Original size","cat_name":"Category","product_family":"Product family","back_to_top":"Back to top","zoom_panel_out":"Zoom out","specs":"Specs","eu_product_fiche":"EU Product Fiche","reviews_head_name":"Reviews","pdf_specs":"Product Brochure","zoom_panel_in":"Zoom in","html_content":"","release_date":"Release date","demo_msg_part1":"You are using now a Demo account. Please, use your own Icecat account","demo_insert_desc":"This is a demo of a seamless insert of an Icecat LIVE product data-sheet in your website. Imagine that this responsive data-sheet is included in the product page of your webshop.","pdf_url":"User manual","prod_code":"Product code","supplier_name":"Brand","video":"Video","reasons_to_buy":"Reasons to buy","marketing_text":"Description","options_head_name":"Options","product_series":"Product series","demo_msg_part2":"your Icecat login name","link_integrate_desk":"How to integrate Icecat LIVE JavaScript.","zoom_panel_dragg":"Mouse dragging","eu_energy_label":"EU Energy Label"},"DemoAccount":false}}