{"msg":"OK","data":{"GeneralInfo":{"IcecatId":134704496,"ReleaseDate":"","EndOfLifeDate":"","Title":"Bayer Claritin-D Tablets 12-Hour","TitleInfo":{"GeneratedIntTitle":"Bayer Claritin","GeneratedLocalTitle":{"Value":"Bayer Claritin Tablet","Language":"EN"},"BrandLocalTitle":{"Value":"Bayer Claritin-D Tablets 12-Hour","Language":"EN"}},"Brand":"Bayer","BrandID":"1870","BrandLogo":"","BrandInfo":{"BrandName":"Bayer","BrandLocalName":"","BrandLogo":""},"ProductName":"Claritin-D Tablets 12-Hour","ProductNameInfo":{"ProductIntName":"Claritin","ProductLocalName":{"Value":"Claritin-D Tablets 12-Hour","Language":"EN"}},"BrandPartCode":"CLARITIN-D","GTIN":[],"Category":{"CategoryID":"4879","Name":{"Value":"Antiallergic Drugs","Language":"EN"}},"ProductFamily":{},"ProductSeries":{"SeriesID":"1"},"Description":{"ID":"104052901","LongDesc":"Non-drowsy Claritin-D® allergy products relieve allergy symptoms such as sneezing, runny nose, itchy, watery eyes and itchy nose or throat, plus sinus congestion & pressure, and nasal congestion. Ask for it at the pharmacy counter.","LongProductName":"Claritin-D Tablets 12-Hour, 10 tablets","MiddleDesc":"","Disclaimer":"","ManualPDFURL":"","ManualPDFSize":"0","LeafletPDFURL":"","PDFSize":"0","URL":"https://www.claritin.com/products/claritin-d/tablets-12hr","WarrantyInfo":"","Updated":"2025-09-09 15:20:27","Language":"EN"},"SummaryDescription":{"ShortSummaryDescription":"Bayer Claritin-D Tablets 12-Hour, Tablet","LongSummaryDescription":"Bayer Claritin-D Tablets 12-Hour. Dosage form: Tablet, Suitable for: Adults & Children, Minimum age: 12 yr(s)"},"BulletPoints":{"BulletPointsId":"13610768","Language":"EN","Values":["Temporarily relieves common allergy symtoms such as sneezing, runny nose, itchy, watery eyes and itchy nose or throat, plus sinus congestion & pressure, and nasal congestion","#1 pharmacist recommended adult multi-symptom allergy product","Works hard on nasal congestion due to allergies or a cold"],"Updated":"2025-09-09 15:20:27"},"GeneratedBulletPoints":{},"GTINs":[]},"Image":{"HighPic":"https://inishop.com/img/gallery/b31a4eb9c91c920ca36a1af001fe397d632531ca.jpg","HighPicSize":"679109","HighPicHeight":"780","HighPicWidth":"1085","LowPic":"https://inishop.com/img/gallery_lows/5da1e86b8fce0d2224e12e6e01998794e1894295.jpg","LowPicSize":"38144","LowPicHeight":"144","LowPicWidth":"200","Pic500x500":"https://inishop.com/img/gallery_mediums/4f3f5b7ea28154f6b2b60bfef6d24073ce62f2cd.jpg","Pic500x500Size":"185588","Pic500x500Height":"359","Pic500x500Width":"500","ThumbPic":"https://inishop.com/img/gallery_thumbs/8ffd2d406f6e0c1414267441a22c9eea927bb984.jpg","ThumbPicSize":"7930"},"Multimedia":[],"Gallery":[{"ID":"117114007","LowPic":"https://inishop.com/img/gallery_lows/5da1e86b8fce0d2224e12e6e01998794e1894295.jpg","LowSize":"38144","LowHeight":"144","LowWidth":"200","ThumbPic":"https://inishop.com/img/gallery_thumbs/8ffd2d406f6e0c1414267441a22c9eea927bb984.jpg","ThumbPicSize":"7930","Pic":"https://inishop.com/img/gallery/b31a4eb9c91c920ca36a1af001fe397d632531ca.jpg","Size":"679109","PicHeight":"780","PicWidth":"1085","Pic500x500":"https://inishop.com/img/gallery_mediums/4f3f5b7ea28154f6b2b60bfef6d24073ce62f2cd.jpg","Pic500x500Size":"185588","Pic500x500Height":"359","Pic500x500Width":"500","No":"1","IsMain":"Y","Updated":"2025-09-09 15:19:49","IsPrivate":"0","Type":"ProductImage","Attributes":{"OriginalFileName":""}},{"ID":"117114008","LowPic":"https://inishop.com/img/gallery_lows/9d22fcc36b3d2d5702313c9443562fb4a5993b18.jpg","LowSize":"36976","LowHeight":"144","LowWidth":"200","ThumbPic":"https://inishop.com/img/gallery_thumbs/cd3fc164e63941fd3262eab4782b4e3c5818aecc.jpg","ThumbPicSize":"6774","Pic":"https://inishop.com/img/gallery/57f7886768e41cd0db837d0f9e1d7a3765db1aa5.jpg","Size":"836654","PicHeight":"782","PicWidth":"1085","Pic500x500":"https://inishop.com/img/gallery_mediums/19e449044865e600a7ad0e95502e15ba2c25faa6.jpg","Pic500x500Size":"206448","Pic500x500Height":"360","Pic500x500Width":"500","No":"2","IsMain":"N","Updated":"2025-09-09 15:19:55","IsPrivate":"0","Type":"ProductImage","Attributes":{"OriginalFileName":""}}],"FeaturesGroups":[{"ID":17656,"SortNo":"5","FeatureGroup":{"ID":"185","Name":{"Value":"Features","Language":"EN"}},"Features":[{"Localized":0,"ID":835288306,"LocalID":0,"Type":"dropdown","Value":"Tablet (substance)","CategoryFeatureId":"162301","CategoryFeatureGroupID":"17656","SortNo":"100","PresentationValue":"Tablet","RawValue":"Tablet (substance)","LocalValue":"Tablet","Description":"","Mandatory":"1","Searchable":"1","Optional":"0","Feature":{"ID":"25712","Sign":"","Measure":{"ID":"29","Sign":"","Signs":{"ID":"","_":"","Language":"EN"}},"Name":{"Value":"Dosage form","Language":"EN"}}},{"Localized":0,"ID":835288307,"LocalID":0,"Type":"dropdown","Value":"Adults & Children","CategoryFeatureId":"162302","CategoryFeatureGroupID":"17656","SortNo":"95","PresentationValue":"Adults & Children","RawValue":"Adults & Children","LocalValue":"Adults & Children","Description":"Who can use the product, or what the product can be used for.","Mandatory":"0","Searchable":"0","Optional":"0","Feature":{"ID":"9202","Sign":"","Measure":{"ID":"29","Sign":"","Signs":{"ID":"","_":"","Language":"EN"}},"Name":{"Value":"Suitable for","Language":"EN"}}},{"Localized":0,"ID":835288344,"LocalID":0,"Type":"numerical","Value":"12","CategoryFeatureId":"162303","CategoryFeatureGroupID":"17656","SortNo":"90","PresentationValue":"12 yr(s)","RawValue":"12","LocalValue":"12","Description":"The minimum age suitable for using this product.","Mandatory":"0","Searchable":"0","Optional":"0","Feature":{"ID":"7769","Sign":"","Measure":{"ID":"439","Sign":"","Signs":{"ID":"39428","_":"yr(s)","Language":"EN"}},"Name":{"Value":"Minimum age","Language":"EN"}}},{"Localized":0,"ID":836150530,"LocalID":0,"Type":"numerical","Value":"12","CategoryFeatureId":"162305","CategoryFeatureGroupID":"17656","SortNo":"80","PresentationValue":"12 h","RawValue":"12","LocalValue":"12","Description":"","Mandatory":"0","Searchable":"0","Optional":"0","Feature":{"ID":"19115","Sign":"","Measure":{"ID":"46","Sign":"","Signs":{"ID":"30","_":"h","Language":"EN"}},"Name":{"Value":"Effect duration","Language":"EN"}}},{"Localized":0,"ID":835288350,"LocalID":0,"Type":"numerical","Value":"10","CategoryFeatureId":"167648","CategoryFeatureGroupID":"17656","SortNo":"50","PresentationValue":"10","RawValue":"10","LocalValue":"10","Description":"","Mandatory":"0","Searchable":"0","Optional":"0","Feature":{"ID":"21173","Sign":"","Measure":{"ID":"29","Sign":"","Signs":{"ID":"","_":"","Language":"EN"}},"Name":{"Value":"Number of servings per pack","Language":"EN"}}},{"Localized":0,"ID":835288347,"LocalID":0,"Type":"y_n","Value":"Y","CategoryFeatureId":"162306","CategoryFeatureGroupID":"17656","SortNo":"30","PresentationValue":"Yes","RawValue":"Y","LocalValue":"Yes","Description":"","Mandatory":"0","Searchable":"0","Optional":"0","Feature":{"ID":"25715","Sign":"","Measure":{"ID":"26","Sign":"","Signs":{"ID":"","_":"","Language":"EN"}},"Name":{"Value":"Non-drowsy","Language":"EN"}}},{"Localized":0,"ID":836150531,"LocalID":0,"Type":"y_n","Value":"Y","CategoryFeatureId":"162310","CategoryFeatureGroupID":"17656","SortNo":"26","PresentationValue":"Yes","RawValue":"Y","LocalValue":"Yes","Description":"","Mandatory":"0","Searchable":"0","Optional":"0","Feature":{"ID":"18071","Sign":"","Measure":{"ID":"26","Sign":"","Signs":{"ID":"","_":"","Language":"EN"}},"Name":{"Value":"Long-lasting","Language":"EN"}}},{"Localized":0,"ID":835288348,"LocalID":0,"Type":"numerical","Value":"1","CategoryFeatureId":"280319","CategoryFeatureGroupID":"17656","SortNo":"0","PresentationValue":"1 pc(s)","RawValue":"1","LocalValue":"1","Description":"","Mandatory":"0","Searchable":"0","Optional":"0","Feature":{"ID":"20228","Sign":"","Measure":{"ID":"144","Sign":"","Signs":{"ID":"125","_":"pc(s)","Language":"EN"}},"Name":{"Value":"Quantity per pack","Language":"EN"}}},{"Localized":0,"ID":835288354,"LocalID":554061195,"Type":"textarea","Value":"Loratadine 5 mg, Pseudoephedrine sulfate 120 mg","CategoryFeatureId":"162318","CategoryFeatureGroupID":"17656","SortNo":"-1","PresentationValue":"Croscarmellose sodium, dibasic calcium phosphate, hypromellose, lactose monohydrate, magnesium stearate, pharmaceutical ink, povidone, titanium dioxide","RawValue":"Loratadine 5 mg, Pseudoephedrine sulfate 120 mg","LocalValue":"Croscarmellose sodium, dibasic calcium phosphate, hypromellose, lactose monohydrate, magnesium stearate, pharmaceutical ink, povidone, titanium dioxide","Description":"","Mandatory":"0","Searchable":"0","Optional":"0","Feature":{"ID":"16908","Sign":"","Measure":{"ID":"29","Sign":"","Signs":{"ID":"","_":"","Language":"EN"}},"Name":{"Value":"Ingredients","Language":"EN"}}},{"Localized":1,"ID":0,"LocalID":554062258,"Type":"textarea","Value":"","CategoryFeatureId":"162317","CategoryFeatureGroupID":"17656","SortNo":"-2","PresentationValue":"1 tablet every 12 hours; not more than 2 tablets in 24 hours","RawValue":"","LocalValue":"1 tablet every 12 hours; not more than 2 tablets in 24 hours","Description":"","Mandatory":"0","Searchable":"0","Optional":"0","Feature":{"ID":"24555","Sign":"","Measure":{"ID":"29","Sign":"","Signs":{"ID":"","_":"","Language":"EN"}},"Name":{"Value":"How to use","Language":"EN"}}}]}],"FeatureLogos":[],"ReasonsToBuy":[],"Reviews":[],"ProductRelated":[],"CatalogObjectCloud":{},"Variants":[],"ProductStory":[],"Dictionary":{"model_name":"Product name","desc":"Description","ean_code":"EAN/UPC code","flash360":"3D tour","demo_msg_part3":"If you don't have an Icecat account, please register here for free.","repairability_index":"Repairability index","zoom_panel_init":"Original size","cat_name":"Category","product_family":"Product family","back_to_top":"Back to top","zoom_panel_out":"Zoom out","specs":"Specs","eu_product_fiche":"EU Product Fiche","reviews_head_name":"Reviews","pdf_specs":"Product Brochure","zoom_panel_in":"Zoom in","html_content":"","release_date":"Release date","demo_msg_part1":"You are using now a Demo account. Please, use your own Icecat account","demo_insert_desc":"This is a demo of a seamless insert of an Icecat LIVE product data-sheet in your website. Imagine that this responsive data-sheet is included in the product page of your webshop.","pdf_url":"User manual","prod_code":"Product code","supplier_name":"Brand","video":"Video","reasons_to_buy":"Reasons to buy","marketing_text":"Description","options_head_name":"Options","product_series":"Product series","demo_msg_part2":"your Icecat login name","link_integrate_desk":"How to integrate Icecat LIVE JavaScript.","zoom_panel_dragg":"Mouse dragging","eu_energy_label":"EU Energy Label"},"DemoAccount":false}}