{"msg":"OK","data":{"GeneralInfo":{"IcecatId":128681038,"ReleaseDate":"","EndOfLifeDate":"","Title":"Acer Aspire XC-840 Intel® Celeron® N N4505 8 GB DDR4-SDRAM Windows 11 Home Desktop PC Black","TitleInfo":{"GeneratedIntTitle":"Acer Aspire XC-840","GeneratedLocalTitle":{"Value":"Acer Aspire XC-840 Intel® Celeron® N N4505 8 GB DDR4-SDRAM Windows 11 Home Desktop PC Black","Language":"EN"},"BrandLocalTitle":{"Value":"","Language":"EN"}},"Brand":"Acer","BrandID":"7","BrandLogo":"https://images.icecat.biz/img/brand/thumb/7_2e1091176d2d450eae2dce7506f1952f.jpg","BrandInfo":{"BrandName":"Acer","BrandLocalName":"","BrandLogo":"https://images.icecat.biz/img/brand/thumb/7_2e1091176d2d450eae2dce7506f1952f.jpg"},"ProductName":"XC-840","ProductNameInfo":{"ProductIntName":"XC-840","ProductLocalName":{"Value":"","Language":"EN"}},"BrandPartCode":"DT.BH6EQ.003","GTIN":["4710886864585"],"Category":{"CategoryID":"153","Name":{"Value":"PCs/Workstations","Language":"EN"}},"ProductFamily":{"ProductFamilyID":"60850","Value":"Aspire","Language":"EN"},"ProductSeries":{"SeriesID":"4840","Value":"XC","Language":"EN"},"Description":{"ID":"98462867","LongDesc":"Make every day easier with the high-performance Aspire XC. Powered by the latest Intel® Core™ Processors1 and featuring a compact, space-saving design to provide smooth multitasking and home entertainment.<br><br>Modern, Compact Design<br>Combining modern flair with compact design, Aspire XC features a distinct triangular front panel and sleek hairline brushed finish. Minimize distractions and maximize focus with this exceptional, space-saving design.<br><br>Propel Your Productivity<br>Featuring an Intel® Core™ 14th Gen processor1 and 32 GB1 of dual-channel DDR5 RAM1, Aspire XC offers powerful performance capable of tackling a multitude of tasks.<br><br>Impressive Graphics<br>Experience smooth graphics with an NVIDIA® GeForce® GT730 GPU1—tailored for immersive entertainment, light gaming, and steady video editing.<br><br>Versatile Storage Options<br>Experience the best of both worlds with a 2TB HDD1 and a lightning-fast 1TB SSD1, combining ample space with rapid access. Expand your possibilities further with an optional DVD-RW drive.<br><br>Comprehensive Connectivity<br>Benefit from a plethora of connectivity options with Wi-Fi 6E,1 Bluetooth® 5.0, USB 3.2 Type-C, and a convenient built-in SD card reader1—so you can stay effortlessly linked to your devices and data, making every connection a breeze.<br><br>HD Audio<br>Immerse yourself in integrated high-definition 5.1 channel surround sound—finely tuned to transform your audio into an unforgettable experience.","LongProductName":"Intel Celeron N4505 (4MB Cache, 2GHz), 8GB DDR4-SDRAM, Intel UHD Graphics, LAN, Windows 11 Home 64-bit","MiddleDesc":"","Disclaimer":"","ManualPDFURL":"","ManualPDFSize":"0","LeafletPDFURL":"","PDFSize":"0","URL":"https://www.acer.com/gb-en/desktops-and-all-in-ones/aspire-classic-desktops/aspire-xc","WarrantyInfo":"","Updated":"2025-02-13 12:43:43","Language":"EN"},"SummaryDescription":{"ShortSummaryDescription":"Acer Aspire XC-840, 2 GHz, Intel® Celeron® N, N4505, 8 GB, Windows 11 Home, 64-bit","LongSummaryDescription":"Acer Aspire XC-840. Processor frequency: 2 GHz, Processor family: Intel® Celeron® N, Processor model: N4505. Internal memory: 8 GB, Internal memory type: DDR4-SDRAM. On-board graphics card model: Intel® UHD Graphics. Operating system installed: Windows 11 Home, Operating system architecture: 64-bit. Power supply: 65 W. Chassis type: Desktop. Product type: PC. Product colour: Black"},"BulletPoints":{"BulletPointsId":"11009994","Language":"EN","Values":["Windows 11 Home 64-bit","Intel Celeron N4505 (4MB Cache, 2GHz)","8GB DDR4-SDRAM"],"Updated":"2025-02-13 12:43:43"},"GeneratedBulletPoints":{"Language":"EN","Values":["PC Black 65 W","Intel® Celeron® N N4505 2 GHz Processor cores: 2","8 GB DDR4-SDRAM","Intel® UHD Graphics","Ethernet LAN","Windows 11 Home 64-bit"]},"GTINs":[{"GTIN":"4710886864585","IsApproved":true}],"VirtualCategory":[{"VirtualCategoryID":"195","UNCATID":"43171895","Value":"PCs","Language":"EN"}]},"Image":{"HighPic":"https://images.icecat.biz/img/gallery/95846212_0827912524.jpg","HighPicSize":"415687","HighPicHeight":"1780","HighPicWidth":"740","LowPic":"https://images.icecat.biz/img/gallery_lows/95846212_0827912524.jpg","LowPicSize":"6963","LowPicHeight":"200","LowPicWidth":"83","Pic500x500":"https://images.icecat.biz/img/gallery_mediums/95846212_0827912524.jpg","Pic500x500Size":"30683","Pic500x500Height":"500","Pic500x500Width":"208","ThumbPic":"https://images.icecat.biz/img/gallery_thumbs/95846212_0827912524.jpg","ThumbPicSize":"2079"},"Multimedia":[{"ID":"00000000-0000-0000-0000-000000000000","URL":"https://icecat.biz/rest/product-pdf?productId=128681038&lang=en&AccessKey=tVGKVN0NApZGwF9sSWaWthghoRjlYo5f","Type":"leaflet","ContentType":"application/pdf","KeepAsUrl":"0","Description":"Brochure Acer DT.BH6EQ.003","Size":"0","IsPrivate":"0","Updated":"2025-02-13 12:43:27","Language":"EN","IsVideo":0}],"Gallery":[{"ID":"101220469","LowPic":"https://images.icecat.biz/img/gallery_lows/95846212_0827912524.jpg","LowSize":"6963","LowHeight":"200","LowWidth":"83","ThumbPic":"https://images.icecat.biz/img/gallery_thumbs/95846212_0827912524.jpg","ThumbPicSize":"2079","Pic":"https://images.icecat.biz/img/gallery/95846212_0827912524.jpg","Size":"415687","PicHeight":"1780","PicWidth":"740","Pic500x500":"https://images.icecat.biz/img/gallery_mediums/95846212_0827912524.jpg","Pic500x500Size":"30683","Pic500x500Height":"500","Pic500x500Width":"208","No":"1","IsMain":"Y","Updated":"2025-02-13 12:39:19","IsPrivate":"0","Type":"ProductImage","Attributes":{"OriginalFileName":""}},{"ID":"101220470","LowPic":"https://images.icecat.biz/img/gallery_lows/95846212_7711635059.jpg","LowSize":"8249","LowHeight":"200","LowWidth":"118","ThumbPic":"https://images.icecat.biz/img/gallery_thumbs/95846212_7711635059.jpg","ThumbPicSize":"2238","Pic":"https://images.icecat.biz/img/gallery/95846212_7711635059.jpg","Size":"547096","PicHeight":"1773","PicWidth":"1044","Pic500x500":"https://images.icecat.biz/img/gallery_mediums/95846212_7711635059.jpg","Pic500x500Size":"39112","Pic500x500Height":"500","Pic500x500Width":"294","No":"2","IsMain":"N","Updated":"2025-02-13 12:39:19","IsPrivate":"0","Type":"ProductImage","Attributes":{"OriginalFileName":""}},{"ID":"101220471","LowPic":"https://images.icecat.biz/img/gallery_lows/95846212_0527417069.jpg","LowSize":"9540","LowHeight":"200","LowWidth":"122","ThumbPic":"https://images.icecat.biz/img/gallery_thumbs/95846212_0527417069.jpg","ThumbPicSize":"2318","Pic":"https://images.icecat.biz/img/gallery/95846212_0527417069.jpg","Size":"703275","PicHeight":"1759","PicWidth":"1070","Pic500x500":"https://images.icecat.biz/img/gallery_mediums/95846212_0527417069.jpg","Pic500x500Size":"48249","Pic500x500Height":"500","Pic500x500Width":"304","No":"3","IsMain":"N","Updated":"2025-02-13 12:39:20","IsPrivate":"0","Type":"ProductImage","Attributes":{"OriginalFileName":""}},{"ID":"101220472","LowPic":"https://images.icecat.biz/img/gallery_lows/95846212_1626424114.jpg","LowSize":"14141","LowHeight":"200","LowWidth":"92","ThumbPic":"https://images.icecat.biz/img/gallery_thumbs/95846212_1626424114.jpg","ThumbPicSize":"3294","Pic":"https://images.icecat.biz/img/gallery/95846212_1626424114.jpg","Size":"1094585","PicHeight":"1862","PicWidth":"852","Pic500x500":"https://images.icecat.biz/img/gallery_mediums/95846212_1626424114.jpg","Pic500x500Size":"74132","Pic500x500Height":"500","Pic500x500Width":"229","No":"4","IsMain":"N","Updated":"2025-02-13 12:39:21","IsPrivate":"0","Type":"ProductImage","Attributes":{"OriginalFileName":""}}],"FeaturesGroups":[{"ID":2,"SortNo":"100","FeatureGroup":{"ID":"1","Name":{"Value":"Processor","Language":"EN"}},"Features":[{"Localized":0,"ID":739975472,"LocalID":0,"Type":"dropdown","Value":"Intel","CategoryFeatureId":"3032","CategoryFeatureGroupID":"2","SortNo":"10100801","PresentationValue":"Intel","RawValue":"Intel","LocalValue":"Intel","Description":"The manufacturer that produced the processor.","Mandatory":"1","Searchable":"0","Optional":"0","Feature":{"ID":"1013","Sign":"","Measure":{"ID":"29","Sign":"","Signs":{"ID":"","_":"","Language":"EN"}},"Name":{"Value":"Processor manufacturer","Language":"EN"}}},{"Localized":0,"ID":739975473,"LocalID":0,"Type":"dropdown","Value":"Intel Celeron N","CategoryFeatureId":"11561","CategoryFeatureGroupID":"2","SortNo":"5300","PresentationValue":"Intel® Celeron® N","RawValue":"Intel Celeron N","LocalValue":"Intel® Celeron® N","Description":"A family of processors is a group of processors produced by one company over a short period of time e.g. Intel Pentium processors.","Mandatory":"1","Searchable":"1","Optional":"0","Feature":{"ID":"2196","Sign":"","Measure":{"ID":"29","Sign":"","Signs":{"ID":"","_":"","Language":"EN"}},"Name":{"Value":"Processor family","Language":"EN"}}},{"Localized":0,"ID":739975474,"LocalID":0,"Type":"dropdown","Value":"N4505","CategoryFeatureId":"62","CategoryFeatureGroupID":"2","SortNo":"5200","PresentationValue":"N4505","RawValue":"N4505","LocalValue":"N4505","Description":"The model number for the processor in a computer.","Mandatory":"1","Searchable":"0","Optional":"0","Feature":{"ID":"47","Sign":"","Measure":{"ID":"29","Sign":"","Signs":{"ID":"","_":"","Language":"EN"}},"Name":{"Value":"Processor model","Language":"EN"}}},{"Localized":0,"ID":739975475,"LocalID":0,"Type":"numerical","Value":"2","CategoryFeatureId":"36486","CategoryFeatureGroupID":"2","SortNo":"220","PresentationValue":"2","RawValue":"2","LocalValue":"2","Description":"The number of central processing units ('cores') in a processor. Some processors have 1 core, others have 2 (e.g. Intel Core Duo) or more (e.g. the Intel Xeon E7-2850 has 10 cores).","Mandatory":"0","Searchable":"0","Optional":"0","Feature":{"ID":"6089","Sign":"","Measure":{"ID":"29","Sign":"","Signs":{"ID":"","_":"","Language":"EN"}},"Name":{"Value":"Processor cores","Language":"EN"}}},{"Localized":0,"ID":739975476,"LocalID":0,"Type":"dropdown","Value":"2","CategoryFeatureId":"52263","CategoryFeatureGroupID":"2","SortNo":"215","PresentationValue":"2","RawValue":"2","LocalValue":"2","Description":"","Mandatory":"0","Searchable":"0","Optional":"0","Feature":{"ID":"7337","Sign":"","Measure":{"ID":"29","Sign":"","Signs":{"ID":"","_":"","Language":"EN"}},"Name":{"Value":"Processor threads","Language":"EN"}}},{"Localized":0,"ID":739975477,"LocalID":0,"Type":"numerical","Value":"2.9","CategoryFeatureId":"52264","CategoryFeatureGroupID":"2","SortNo":"210","PresentationValue":"2.9 GHz","RawValue":"2.9","LocalValue":"2.9","Description":"The turbo boost is an automatic, managed accelleration of the processor when one of the cores is overloaded.","Mandatory":"0","Searchable":"0","Optional":"0","Feature":{"ID":"7978","Sign":"","Measure":{"ID":"37","Sign":"","Signs":{"ID":"21","_":"GHz","Language":"EN"}},"Name":{"Value":"Processor boost frequency","Language":"EN"}}},{"Localized":0,"ID":739975478,"LocalID":0,"Type":"numerical","Value":"2","CategoryFeatureId":"73716","CategoryFeatureGroupID":"2","SortNo":"205","PresentationValue":"2 GHz","RawValue":"2","LocalValue":"2","Description":"The speed that the microprocessor executes each instruction or each vibration of the clock. The CPU requires a fixed number of clock ticks, or cycles, to execute each instruction. The faster the clocks rate, the faster the CPU, or the faster it can execute instructions. Clock Speeds are usually determined in MHz, 1 MHz representing 1 million cycles per second, or in GHz, 1 GHz representing 1 thousand million cycles per second. The higher the CPU speed, the better a computer will perform.","Mandatory":"1","Searchable":"0","Optional":"0","Feature":{"ID":"11379","Sign":"","Measure":{"ID":"37","Sign":"","Signs":{"ID":"21","_":"GHz","Language":"EN"}},"Name":{"Value":"Processor frequency","Language":"EN"}}},{"Localized":0,"ID":739975479,"LocalID":0,"Type":"numerical","Value":"4","CategoryFeatureId":"101563","CategoryFeatureGroupID":"2","SortNo":"60","PresentationValue":"4 MB","RawValue":"4","LocalValue":"4","Description":"","Mandatory":"0","Searchable":"0","Optional":"0","Feature":{"ID":"10041","Sign":"","Measure":{"ID":"19","Sign":"","Signs":{"ID":"15506","_":"MB","Language":"EN"}},"Name":{"Value":"Processor cache","Language":"EN"}}},{"Localized":0,"ID":739975480,"LocalID":0,"Type":"dropdown","Value":"Smart Cache","CategoryFeatureId":"135208","CategoryFeatureGroupID":"2","SortNo":"59","PresentationValue":"Smart Cache","RawValue":"Smart Cache","LocalValue":"Smart Cache","Description":"","Mandatory":"0","Searchable":"0","Optional":"0","Feature":{"ID":"21716","Sign":"","Measure":{"ID":"29","Sign":"","Signs":{"ID":"","_":"","Language":"EN"}},"Name":{"Value":"Processor cache type","Language":"EN"}}},{"Localized":0,"ID":739975378,"LocalID":0,"Type":"numerical","Value":"1","CategoryFeatureId":"2216","CategoryFeatureGroupID":"2","SortNo":"30","PresentationValue":"1","RawValue":"1","LocalValue":"1","Description":"Number of processors in the product.","Mandatory":"0","Searchable":"0","Optional":"0","Feature":{"ID":"596","Sign":"","Measure":{"ID":"29","Sign":"","Signs":{"ID":"","_":"","Language":"EN"}},"Name":{"Value":"Number of processors installed","Language":"EN"}}}]},{"ID":3,"SortNo":"95","FeatureGroup":{"ID":"3","Name":{"Value":"Memory","Language":"EN"}},"Features":[{"Localized":0,"ID":739975505,"LocalID":0,"Type":"numerical","Value":"8","CategoryFeatureId":"73752","CategoryFeatureGroupID":"3","SortNo":"5100","PresentationValue":"8 GB","RawValue":"8","LocalValue":"8","Description":"A computer's memory which is directly accessible to the CPU.","Mandatory":"1","Searchable":"1","Optional":"0","Feature":{"ID":"11381","Sign":"","Measure":{"ID":"20","Sign":"","Signs":{"ID":"7","_":"GB","Language":"EN"}},"Name":{"Value":"Internal memory","Language":"EN"}}},{"Localized":0,"ID":739975379,"LocalID":0,"Type":"numerical","Value":"16","CategoryFeatureId":"12118","CategoryFeatureGroupID":"3","SortNo":"5099","PresentationValue":"16 GB","RawValue":"16","LocalValue":"16","Description":"The maximum internal memory which is available in the product.","Mandatory":"1","Searchable":"0","Optional":"0","Feature":{"ID":"1452","Sign":"","Measure":{"ID":"20","Sign":"","Signs":{"ID":"7","_":"GB","Language":"EN"}},"Name":{"Value":"Maximum internal memory","Language":"EN"}}},{"Localized":0,"ID":739975380,"LocalID":0,"Type":"dropdown","Value":"DDR4-SDRAM","CategoryFeatureId":"1226","CategoryFeatureGroupID":"3","SortNo":"5098","PresentationValue":"DDR4-SDRAM","RawValue":"DDR4-SDRAM","LocalValue":"DDR4-SDRAM","Description":"The type of internal memory such as RAM, GDDR5.","Mandatory":"0","Searchable":"0","Optional":"0","Feature":{"ID":"427","Sign":"","Measure":{"ID":"29","Sign":"","Signs":{"ID":"","_":"","Language":"EN"}},"Name":{"Value":"Internal memory type","Language":"EN"}}}]},{"ID":8603,"SortNo":"85","FeatureGroup":{"ID":"163","Name":{"Value":"Graphics","Language":"EN"}},"Features":[{"Localized":0,"ID":739975499,"LocalID":0,"Type":"y_n","Value":"N","CategoryFeatureId":"192532","CategoryFeatureGroupID":"8603","SortNo":"4810","PresentationValue":"No","RawValue":"N","LocalValue":"No","Description":"","Mandatory":"1","Searchable":"1","Optional":"0","Feature":{"ID":"27905","Sign":"","Measure":{"ID":"26","Sign":"","Signs":{"ID":"","_":"","Language":"EN"}},"Name":{"Value":"Discrete graphics card","Language":"EN"}}},{"Localized":0,"ID":739975482,"LocalID":0,"Type":"y_n","Value":"Y","CategoryFeatureId":"74328","CategoryFeatureGroupID":"8603","SortNo":"4470","PresentationValue":"Yes","RawValue":"Y","LocalValue":"Yes","Description":"Graphics hardware which is built into the motherboard or CPU, as opposed to a separate graphics adapter (video card). On-board graphics uses CPU and RAM for graphics processing.","Mandatory":"1","Searchable":"1","Optional":"0","Feature":{"ID":"9997","Sign":"","Measure":{"ID":"26","Sign":"","Signs":{"ID":"","_":"","Language":"EN"}},"Name":{"Value":"On-board graphics card","Language":"EN"}}},{"Localized":0,"ID":739975500,"LocalID":0,"Type":"dropdown","Value":"Not available","CategoryFeatureId":"53946","CategoryFeatureGroupID":"8603","SortNo":"3900","PresentationValue":"Not available","RawValue":"Not available","LocalValue":"Not available","Description":"A graphics adapter (often known as a video card) generates images for a display. A discrete graphics adapter plugs into the motherboard, and usually produces much better graphics than an integrated graphics adapter. There are various models of discrete graphics adapters.","Mandatory":"1","Searchable":"0","Optional":"0","Feature":{"ID":"9018","Sign":"","Measure":{"ID":"29","Sign":"","Signs":{"ID":"","_":"","Language":"EN"}},"Name":{"Value":"Discrete graphics card model","Language":"EN"}}},{"Localized":0,"ID":739975483,"LocalID":0,"Type":"dropdown","Value":"Intel","CategoryFeatureId":"894413","CategoryFeatureGroupID":"8603","SortNo":"448","PresentationValue":"Intel","RawValue":"Intel","LocalValue":"Intel","Description":"","Mandatory":"0","Searchable":"0","Optional":"0","Feature":{"ID":"44898","Sign":"","Measure":{"ID":"29","Sign":"","Signs":{"ID":"","_":"","Language":"EN"}},"Name":{"Value":"On-board GPU manufacturer","Language":"EN"}}},{"Localized":0,"ID":739975484,"LocalID":0,"Type":"dropdown","Value":"Intel UHD Graphics","CategoryFeatureId":"192528","CategoryFeatureGroupID":"8603","SortNo":"447","PresentationValue":"Intel® UHD Graphics","RawValue":"Intel UHD Graphics","LocalValue":"Intel® UHD Graphics","Description":"","Mandatory":"0","Searchable":"0","Optional":"0","Feature":{"ID":"29455","Sign":"","Measure":{"ID":"29","Sign":"","Signs":{"ID":"","_":"","Language":"EN"}},"Name":{"Value":"On-board graphics card family","Language":"EN"}}},{"Localized":0,"ID":739975481,"LocalID":0,"Type":"dropdown","Value":"Intel UHD Graphics","CategoryFeatureId":"53944","CategoryFeatureGroupID":"8603","SortNo":"446","PresentationValue":"Intel® UHD Graphics","RawValue":"Intel UHD Graphics","LocalValue":"Intel® UHD Graphics","Description":"\"Graphic adapter\" is the hardware that produces images on a display. \"On-board\" means that the graphics adapter is intergrated inside the motherboard.","Mandatory":"1","Searchable":"0","Optional":"0","Feature":{"ID":"9016","Sign":"","Measure":{"ID":"29","Sign":"","Signs":{"ID":"","_":"","Language":"EN"}},"Name":{"Value":"On-board graphics card model","Language":"EN"}}}]},{"ID":2066,"SortNo":"75","FeatureGroup":{"ID":"35","Name":{"Value":"Network","Language":"EN"}},"Features":[{"Localized":0,"ID":739975381,"LocalID":0,"Type":"y_n","Value":"Y","CategoryFeatureId":"36488","CategoryFeatureGroupID":"2066","SortNo":"100","PresentationValue":"Yes","RawValue":"Y","LocalValue":"Yes","Description":"An Ethernet LAN (Local Area Network) interface is present, for a wired conection via a cable.","Mandatory":"1","Searchable":"0","Optional":"0","Feature":{"ID":"1347","Sign":"","Measure":{"ID":"26","Sign":"","Signs":{"ID":"","_":"","Language":"EN"}},"Name":{"Value":"Ethernet LAN","Language":"EN"}}},{"Localized":0,"ID":739975518,"LocalID":0,"Type":"y_n","Value":"N","CategoryFeatureId":"36487","CategoryFeatureGroupID":"2066","SortNo":"81","PresentationValue":"No","RawValue":"N","LocalValue":"No","Description":"Popular technology that allows an electronic device to exchange data or connect to the internet wirelessly using radio waves.","Mandatory":"1","Searchable":"0","Optional":"0","Feature":{"ID":"3239","Sign":"","Measure":{"ID":"26","Sign":"","Signs":{"ID":"","_":"","Language":"EN"}},"Name":{"Value":"Wi-Fi","Language":"EN"}}}]},{"ID":821,"SortNo":"70","FeatureGroup":{"ID":"12","Name":{"Value":"Ports & interfaces","Language":"EN"}},"Features":[{"Localized":0,"ID":739975382,"LocalID":0,"Type":"numerical","Value":"4","CategoryFeatureId":"14583","CategoryFeatureGroupID":"821","SortNo":"600","PresentationValue":"4","RawValue":"4","LocalValue":"4","Description":"Number of USB 2.0 ports (connecting interfaces) in the device. USB 2.0 was released in April 2000 (now called \"Hi-Speed\"), adding higher maximum signaling rate of 480 Mbit/s (effective throughput up to 35 MB/s or 280 Mbit/s), USB 2.0 ports are usually black.","Mandatory":"1","Searchable":"0","Optional":"0","Feature":{"ID":"2308","Sign":"","Measure":{"ID":"29","Sign":"","Signs":{"ID":"","_":"","Language":"EN"}},"Name":{"Value":"USB 2.0 ports quantity","Language":"EN"}}},{"Localized":0,"ID":739975383,"LocalID":0,"Type":"numerical","Value":"1","CategoryFeatureId":"138381","CategoryFeatureGroupID":"821","SortNo":"499","PresentationValue":"1","RawValue":"1","LocalValue":"1","Description":"","Mandatory":"1","Searchable":"0","Optional":"0","Feature":{"ID":"22701","Sign":"","Measure":{"ID":"29","Sign":"","Signs":{"ID":"","_":"","Language":"EN"}},"Name":{"Value":"USB 3.2 Gen 1 (3.1 Gen 1) Type-A ports quantity","Language":"EN"}}},{"Localized":0,"ID":739975384,"LocalID":0,"Type":"numerical","Value":"1","CategoryFeatureId":"138382","CategoryFeatureGroupID":"821","SortNo":"498","PresentationValue":"1","RawValue":"1","LocalValue":"1","Description":"Number of USB 3.0 (3.1 Gen 1) ports with Type-C connector. USB 3.0 (3.1 Gen 1) is USB interface version which supports transfer rate up to 5 Gbit/s (SuperSpeed). USB Type-C connector has symmetrical design architecture and compatible with Thunderbolt 3 interface.","Mandatory":"1","Searchable":"0","Optional":"0","Feature":{"ID":"22702","Sign":"","Measure":{"ID":"29","Sign":"","Signs":{"ID":"","_":"","Language":"EN"}},"Name":{"Value":"USB 3.2 Gen 1 (3.1 Gen 1) Type-C ports quantity","Language":"EN"}}},{"Localized":0,"ID":739975388,"LocalID":0,"Type":"numerical","Value":"1","CategoryFeatureId":"14587","CategoryFeatureGroupID":"821","SortNo":"400","PresentationValue":"1","RawValue":"1","LocalValue":"1","Description":"Number of VGA (D-Sub) ports (connecting interfaces) in the device. The VGA (D-Sub) connector is a 15 pin connector between a computer and a monitor. It was first introduced in 1987 by IBM.","Mandatory":"0","Searchable":"0","Optional":"0","Feature":{"ID":"2323","Sign":"","Measure":{"ID":"29","Sign":"","Signs":{"ID":"","_":"","Language":"EN"}},"Name":{"Value":"VGA (D-Sub) ports quantity","Language":"EN"}}},{"Localized":0,"ID":739975389,"LocalID":0,"Type":"numerical","Value":"1","CategoryFeatureId":"31178","CategoryFeatureGroupID":"821","SortNo":"398","PresentationValue":"1","RawValue":"1","LocalValue":"1","Description":"The number of sockets (ports) for HDMI connections. HDMI (High-Definition Multimedia Interface) is a compact audio/video interface for transferring uncompressed video data and compressed/uncompressed digital audio data from a HDMI-compliant device (\"the source device\") to a compatible computer monitor, video projector, digital television, or digital audio device. HDMI is a digital replacement for existing analog video standards.","Mandatory":"1","Searchable":"0","Optional":"0","Feature":{"ID":"3566","Sign":"","Measure":{"ID":"29","Sign":"","Signs":{"ID":"","_":"","Language":"EN"}},"Name":{"Value":"HDMI ports quantity","Language":"EN"}}},{"Localized":0,"ID":739975390,"LocalID":0,"Type":"numerical","Value":"1","CategoryFeatureId":"14590","CategoryFeatureGroupID":"821","SortNo":"340","PresentationValue":"1","RawValue":"1","LocalValue":"1","Description":"Number of Ethernet LAN (RJ-45) ports (connecting interfaces) in the device.  Ethernet LAN (RJ-45) ports allow a computer to connect to the ethernet.","Mandatory":"0","Searchable":"0","Optional":"0","Feature":{"ID":"2312","Sign":"","Measure":{"ID":"29","Sign":"","Signs":{"ID":"","_":"","Language":"EN"}},"Name":{"Value":"Ethernet LAN (RJ-45) ports","Language":"EN"}}},{"Localized":0,"ID":739975391,"LocalID":0,"Type":"y_n","Value":"Y","CategoryFeatureId":"14589","CategoryFeatureGroupID":"821","SortNo":"97","PresentationValue":"Yes","RawValue":"Y","LocalValue":"Yes","Description":"","Mandatory":"0","Searchable":"0","Optional":"0","Feature":{"ID":"1345","Sign":"","Measure":{"ID":"26","Sign":"","Signs":{"ID":"","_":"","Language":"EN"}},"Name":{"Value":"Line-out","Language":"EN"}}},{"Localized":0,"ID":739975393,"LocalID":0,"Type":"y_n","Value":"Y","CategoryFeatureId":"14592","CategoryFeatureGroupID":"821","SortNo":"97","PresentationValue":"Yes","RawValue":"Y","LocalValue":"Yes","Description":"","Mandatory":"0","Searchable":"0","Optional":"0","Feature":{"ID":"1344","Sign":"","Measure":{"ID":"26","Sign":"","Signs":{"ID":"","_":"","Language":"EN"}},"Name":{"Value":"Line-in","Language":"EN"}}}]},{"ID":4190,"SortNo":"65","FeatureGroup":{"ID":"124","Name":{"Value":"Expansion slots","Language":"EN"}},"Features":[{"Localized":0,"ID":739975394,"LocalID":0,"Type":"numerical","Value":"1","CategoryFeatureId":"31430","CategoryFeatureGroupID":"4190","SortNo":"70","PresentationValue":"1","RawValue":"1","LocalValue":"1","Description":"","Mandatory":"0","Searchable":"0","Optional":"0","Feature":{"ID":"6256","Sign":"","Measure":{"ID":"29","Sign":"","Signs":{"ID":"","_":"","Language":"EN"}},"Name":{"Value":"PCI Express x16 slots","Language":"EN"}}}]},{"ID":10928,"SortNo":"60","FeatureGroup":{"ID":"148","Name":{"Value":"Design","Language":"EN"}},"Features":[{"Localized":0,"ID":739975395,"LocalID":0,"Type":"dropdown","Value":"Desktop","CategoryFeatureId":"2195","CategoryFeatureGroupID":"10928","SortNo":"600","PresentationValue":"Desktop","RawValue":"Desktop","LocalValue":"Desktop","Description":"The type of rigid framework onto which is the hosuing for device components.","Mandatory":"1","Searchable":"0","Optional":"0","Feature":{"ID":"734","Sign":"","Measure":{"ID":"29","Sign":"","Signs":{"ID":"","_":"","Language":"EN"}},"Name":{"Value":"Chassis type","Language":"EN"}}},{"Localized":0,"ID":739975396,"LocalID":0,"Type":"dropdown","Value":"Vertical","CategoryFeatureId":"63696","CategoryFeatureGroupID":"10928","SortNo":"390","PresentationValue":"Vertical","RawValue":"Vertical","LocalValue":"Vertical","Description":"Where the product can be placed e.g. indoor/outdoor, horizontal/vertical.","Mandatory":"0","Searchable":"0","Optional":"0","Feature":{"ID":"3416","Sign":"","Measure":{"ID":"29","Sign":"","Signs":{"ID":"","_":"","Language":"EN"}},"Name":{"Value":"Placement supported","Language":"EN"}}},{"Localized":0,"ID":739975397,"LocalID":0,"Type":"dropdown","Value":"Black","CategoryFeatureId":"28831","CategoryFeatureGroupID":"10928","SortNo":"1","PresentationValue":"Black","RawValue":"Black","LocalValue":"Black","Description":"The colour e.g. red, blue, green, black, white.","Mandatory":"1","Searchable":"0","Optional":"0","Feature":{"ID":"1766","Sign":"","Measure":{"ID":"29","Sign":"","Signs":{"ID":"","_":"","Language":"EN"}},"Name":{"Value":"Product colour","Language":"EN"}}}]},{"ID":10929,"SortNo":"58","FeatureGroup":{"ID":"184","Name":{"Value":"Performance","Language":"EN"}},"Features":[{"Localized":0,"ID":739975398,"LocalID":0,"Type":"dropdown","Value":"PC","CategoryFeatureId":"86787","CategoryFeatureGroupID":"10929","SortNo":"4","PresentationValue":"PC","RawValue":"PC","LocalValue":"PC","Description":"The sub-category of the product.","Mandatory":"1","Searchable":"1","Optional":"0","Feature":{"ID":"14052","Sign":"","Measure":{"ID":"29","Sign":"","Signs":{"ID":"","_":"","Language":"EN"}},"Name":{"Value":"Product type","Language":"EN"}}}]},{"ID":3402,"SortNo":"56","FeatureGroup":{"ID":"90","Name":{"Value":"Software","Language":"EN"}},"Features":[{"Localized":0,"ID":739975493,"LocalID":0,"Type":"dropdown","Value":"64-bit","CategoryFeatureId":"45086","CategoryFeatureGroupID":"3402","SortNo":"6000","PresentationValue":"64-bit","RawValue":"64-bit","LocalValue":"64-bit","Description":"The way in which the operating system of a computer/smartphone (32-bit/64-bit) is set up.","Mandatory":"0","Searchable":"0","Optional":"0","Feature":{"ID":"7563","Sign":"","Measure":{"ID":"29","Sign":"","Signs":{"ID":"","_":"","Language":"EN"}},"Name":{"Value":"Operating system architecture","Language":"EN"}}},{"Localized":0,"ID":739975492,"LocalID":0,"Type":"dropdown","Value":"Windows 11 Home","CategoryFeatureId":"20011","CategoryFeatureGroupID":"3402","SortNo":"601","PresentationValue":"Windows 11 Home","RawValue":"Windows 11 Home","LocalValue":"Windows 11 Home","Description":"Type of operating system on a device e.g. IOS on Apple devices, Android for mobile devices.","Mandatory":"1","Searchable":"1","Optional":"0","Feature":{"ID":"3233","Sign":"","Measure":{"ID":"29","Sign":"","Signs":{"ID":"","_":"","Language":"EN"}},"Name":{"Value":"Operating system installed","Language":"EN"}}}]},{"ID":1306,"SortNo":"30","FeatureGroup":{"ID":"27","Name":{"Value":"Power","Language":"EN"}},"Features":[{"Localized":0,"ID":739975516,"LocalID":0,"Type":"numerical","Value":"65","CategoryFeatureId":"3028","CategoryFeatureGroupID":"1306","SortNo":"10000","PresentationValue":"65 W","RawValue":"65","LocalValue":"65","Description":"The way in which the product is powered e.g. rechargeable battery, mains electricity connected via a plug and cable.","Mandatory":"1","Searchable":"0","Optional":"0","Feature":{"ID":"1242","Sign":"","Measure":{"ID":"44","Sign":"","Signs":{"ID":"28","_":"W","Language":"EN"}},"Name":{"Value":"Power supply","Language":"EN"}}}]},{"ID":1309,"SortNo":"10","FeatureGroup":{"ID":"14","Name":{"Value":"Weight & dimensions","Language":"EN"}},"Features":[{"Localized":0,"ID":739975400,"LocalID":0,"Type":"numerical","Value":"100","CategoryFeatureId":"6228","CategoryFeatureGroupID":"1309","SortNo":"55","PresentationValue":"100 mm","RawValue":"100","LocalValue":"100","Description":"The measurement or extent of something from side to side.","Mandatory":"1","Searchable":"0","Optional":"0","Feature":{"ID":"1649","Sign":"","Measure":{"ID":"24","Sign":"","Signs":{"ID":"3","_":"mm","Language":"EN"}},"Name":{"Value":"Width","Language":"EN"}}},{"Localized":0,"ID":739975401,"LocalID":0,"Type":"numerical","Value":"330","CategoryFeatureId":"6225","CategoryFeatureGroupID":"1309","SortNo":"54","PresentationValue":"330 mm","RawValue":"330","LocalValue":"330","Description":"The distance from the front to the back of something.","Mandatory":"1","Searchable":"0","Optional":"0","Feature":{"ID":"1650","Sign":"","Measure":{"ID":"24","Sign":"","Signs":{"ID":"3","_":"mm","Language":"EN"}},"Name":{"Value":"Depth","Language":"EN"}}},{"Localized":0,"ID":739975399,"LocalID":0,"Type":"numerical","Value":"295","CategoryFeatureId":"6226","CategoryFeatureGroupID":"1309","SortNo":"53","PresentationValue":"295 mm","RawValue":"295","LocalValue":"295","Description":"The measurement of the product from head to foot or from base to top.","Mandatory":"1","Searchable":"0","Optional":"0","Feature":{"ID":"1464","Sign":"","Measure":{"ID":"24","Sign":"","Signs":{"ID":"3","_":"mm","Language":"EN"}},"Name":{"Value":"Height","Language":"EN"}}}]},{"ID":82594,"SortNo":"0","FeatureGroup":{"ID":"5","Name":{"Value":"Display","Language":"EN"}},"Features":[{"Localized":0,"ID":739975403,"LocalID":0,"Type":"y_n","Value":"N","CategoryFeatureId":"11391","CategoryFeatureGroupID":"82594","SortNo":"500","PresentationValue":"No","RawValue":"N","LocalValue":"No","Description":"This product includes a display.","Mandatory":"1","Searchable":"1","Optional":"0","Feature":{"ID":"2177","Sign":"","Measure":{"ID":"26","Sign":"","Signs":{"ID":"","_":"","Language":"EN"}},"Name":{"Value":"Display included","Language":"EN"}}}]}],"FeatureLogos":[{"LogoPic":"https://images.icecat.biz/img/feature_logo/1085-1606.png","Width":"300","Height":"300","Size":"0","ThumbPic":"https://images.icecat.biz/img/feature_logo_thumbs/1085-1606.png","FeatureID":"47","Value":"7305","KeyLogo":0,"Description":{"Value":"The Celeron® processors support a wide range of multimedia capabilities to entertain and entice all throughout your day. Create, edit, and manage important files on the go. Easily organize contact lists and messages. Experience improved features and functionality to help you be more productive at work. The Celeron® processor levels up the fun with improved graphics, smooth action, and healthy battery life to support enhanced casual gameplay.","Language":"EN"}},{"LogoPic":"https://images.icecat.biz/img/feature_logo/1085-1606.png","Width":"300","Height":"300","Size":"0","ThumbPic":"https://images.icecat.biz/img/feature_logo_thumbs/1085-1606.png","FeatureID":"47","Value":"G6900","KeyLogo":0,"Description":{"Value":"The Celeron® processors support a wide range of multimedia capabilities to entertain and entice all throughout your day. Create, edit, and manage important files on the go. Easily organize contact lists and messages. Experience improved features and functionality to help you be more productive at work. The Celeron® processor levels up the fun with improved graphics, smooth action, and healthy battery life to support enhanced casual gameplay.","Language":"EN"}},{"LogoPic":"https://images.icecat.biz/img/feature_logo/1085-1606.png","Width":"300","Height":"300","Size":"0","ThumbPic":"https://images.icecat.biz/img/feature_logo_thumbs/1085-1606.png","FeatureID":"47","Value":"G6900T","KeyLogo":0,"Description":{"Value":"The Celeron® processors support a wide range of multimedia capabilities to entertain and entice all throughout your day. Create, edit, and manage important files on the go. Easily organize contact lists and messages. Experience improved features and functionality to help you be more productive at work. The Celeron® processor levels up the fun with improved graphics, smooth action, and healthy battery life to support enhanced casual gameplay.","Language":"EN"}},{"LogoPic":"https://images.icecat.biz/img/feature_logo/1085-1606.png","Width":"300","Height":"300","Size":"0","ThumbPic":"https://images.icecat.biz/img/feature_logo_thumbs/1085-1606.png","FeatureID":"47","Value":"J6412","KeyLogo":0,"Description":{"Value":"The Celeron® processors support a wide range of multimedia capabilities to entertain and entice all throughout your day. Create, edit, and manage important files on the go. Easily organize contact lists and messages. Experience improved features and functionality to help you be more productive at work. The Celeron® processor levels up the fun with improved graphics, smooth action, and healthy battery life to support enhanced casual gameplay.","Language":"EN"}},{"LogoPic":"https://images.icecat.biz/img/feature_logo/1085-1606.png","Width":"300","Height":"300","Size":"0","ThumbPic":"https://images.icecat.biz/img/feature_logo_thumbs/1085-1606.png","FeatureID":"47","Value":"N4500","KeyLogo":0,"Description":{"Value":"The Celeron® processors support a wide range of multimedia capabilities to entertain and entice all throughout your day. Create, edit, and manage important files on the go. Easily organize contact lists and messages. Experience improved features and functionality to help you be more productive at work. The Celeron® processor levels up the fun with improved graphics, smooth action, and healthy battery life to support enhanced casual gameplay.","Language":"EN"}},{"LogoPic":"https://images.icecat.biz/img/feature_logo/1085-1606.png","Width":"300","Height":"300","Size":"0","ThumbPic":"https://images.icecat.biz/img/feature_logo_thumbs/1085-1606.png","FeatureID":"47","Value":"N4505","KeyLogo":0,"Description":{"Value":"The Celeron® processors support a wide range of multimedia capabilities to entertain and entice all throughout your day. Create, edit, and manage important files on the go. Easily organize contact lists and messages. Experience improved features and functionality to help you be more productive at work. The Celeron® processor levels up the fun with improved graphics, smooth action, and healthy battery life to support enhanced casual gameplay.","Language":"EN"}},{"LogoPic":"https://images.icecat.biz/img/feature_logo/1085-1606.png","Width":"300","Height":"300","Size":"0","ThumbPic":"https://images.icecat.biz/img/feature_logo_thumbs/1085-1606.png","FeatureID":"47","Value":"N5100","KeyLogo":0,"Description":{"Value":"The Celeron® processors support a wide range of multimedia capabilities to entertain and entice all throughout your day. Create, edit, and manage important files on the go. Easily organize contact lists and messages. Experience improved features and functionality to help you be more productive at work. The Celeron® processor levels up the fun with improved graphics, smooth action, and healthy battery life to support enhanced casual gameplay.","Language":"EN"}},{"LogoPic":"https://images.icecat.biz/img/feature_logo/1085-1606.png","Width":"300","Height":"300","Size":"0","ThumbPic":"https://images.icecat.biz/img/feature_logo_thumbs/1085-1606.png","FeatureID":"47","Value":"N5105","KeyLogo":0,"Description":{"Value":"The Celeron® processors support a wide range of multimedia capabilities to entertain and entice all throughout your day. Create, edit, and manage important files on the go. Easily organize contact lists and messages. Experience improved features and functionality to help you be more productive at work. The Celeron® processor levels up the fun with improved graphics, smooth action, and healthy battery life to support enhanced casual gameplay.","Language":"EN"}},{"LogoPic":"https://images.icecat.biz/img/feature_logo/1085-1606.png","Width":"300","Height":"300","Size":"0","ThumbPic":"https://images.icecat.biz/img/feature_logo_thumbs/1085-1606.png","FeatureID":"47","Value":"N6210","KeyLogo":0,"Description":{"Value":"The Celeron® processors support a wide range of multimedia capabilities to entertain and entice all throughout your day. Create, edit, and manage important files on the go. Easily organize contact lists and messages. Experience improved features and functionality to help you be more productive at work. The Celeron® processor levels up the fun with improved graphics, smooth action, and healthy battery life to support enhanced casual gameplay.","Language":"EN"}},{"LogoPic":"https://images.icecat.biz/img/feature_logo/1085-1606.png","Width":"300","Height":"300","Size":"0","ThumbPic":"https://images.icecat.biz/img/feature_logo_thumbs/1085-1606.png","FeatureID":"47","Value":"N6211","KeyLogo":0,"Description":{"Value":"The Celeron® processors support a wide range of multimedia capabilities to entertain and entice all throughout your day. Create, edit, and manage important files on the go. Easily organize contact lists and messages. Experience improved features and functionality to help you be more productive at work. The Celeron® processor levels up the fun with improved graphics, smooth action, and healthy battery life to support enhanced casual gameplay.","Language":"EN"}},{"LogoPic":"https://images.icecat.biz/img/feature_logo/1085-1606.png","Width":"300","Height":"300","Size":"0","ThumbPic":"https://images.icecat.biz/img/feature_logo_thumbs/1085-1606.png","FeatureID":"2196","Value":"Intel Celeron","KeyLogo":0,"Description":{"Value":"The Celeron® processors support a wide range of multimedia capabilities to entertain and entice all throughout your day. Create, edit, and manage important files on the go. Easily organize contact lists and messages. Experience improved features and functionality to help you be more productive at work. The Celeron® processor levels up the fun with improved graphics, smooth action, and healthy battery life to support enhanced casual gameplay.","Language":"EN"}},{"LogoPic":"https://images.icecat.biz/img/feature_logo/1085-1606.png","Width":"300","Height":"300","Size":"0","ThumbPic":"https://images.icecat.biz/img/feature_logo_thumbs/1085-1606.png","FeatureID":"2196","Value":"Intel Celeron G","KeyLogo":0,"Description":{"Value":"The Celeron® processors support a wide range of multimedia capabilities to entertain and entice all throughout your day. Create, edit, and manage important files on the go. Easily organize contact lists and messages. Experience improved features and functionality to help you be more productive at work. The Celeron® processor levels up the fun with improved graphics, smooth action, and healthy battery life to support enhanced casual gameplay.","Language":"EN"}},{"LogoPic":"https://images.icecat.biz/img/feature_logo/1085-1606.png","Width":"300","Height":"300","Size":"0","ThumbPic":"https://images.icecat.biz/img/feature_logo_thumbs/1085-1606.png","FeatureID":"2196","Value":"Intel Celeron J","KeyLogo":0,"Description":{"Value":"The Celeron® processors support a wide range of multimedia capabilities to entertain and entice all throughout your day. Create, edit, and manage important files on the go. Easily organize contact lists and messages. Experience improved features and functionality to help you be more productive at work. The Celeron® processor levels up the fun with improved graphics, smooth action, and healthy battery life to support enhanced casual gameplay.","Language":"EN"}},{"LogoPic":"https://images.icecat.biz/img/feature_logo/1085-1606.png","Width":"300","Height":"300","Size":"0","ThumbPic":"https://images.icecat.biz/img/feature_logo_thumbs/1085-1606.png","FeatureID":"2196","Value":"Intel Celeron N","KeyLogo":0,"Description":{"Value":"The Celeron® processors support a wide range of multimedia capabilities to entertain and entice all throughout your day. Create, edit, and manage important files on the go. Easily organize contact lists and messages. Experience improved features and functionality to help you be more productive at work. The Celeron® processor levels up the fun with improved graphics, smooth action, and healthy battery life to support enhanced casual gameplay.","Language":"EN"}}],"ReasonsToBuy":[],"Reviews":[],"ProductRelated":[{"ID":0,"CategoryID":788,"Preferred":0,"IcecatID":93009748,"ProductCode":"SV.WCMA0.A02","ThumbPic":"","ProductName":"SV.WCMA0.A02","Brand":"Acer","BrandID":7,"ProductRelatedLocales":[{"ID":0,"Language":"EN","Preferred":0,"StartDate":"","EndDate":""}]},{"ID":0,"CategoryID":788,"Preferred":0,"IcecatID":93009602,"ProductCode":"SV.WCMA0.A03","ThumbPic":"","ProductName":"SV.WCMA0.A03","Brand":"Acer","BrandID":7,"ProductRelatedLocales":[{"ID":0,"Language":"EN","Preferred":0,"StartDate":"","EndDate":""}]},{"ID":0,"CategoryID":788,"Preferred":0,"IcecatID":93009385,"ProductCode":"SV.WCMA0.A00","ThumbPic":"","ProductName":"SV.WCMA0.A00","Brand":"Acer","BrandID":7,"ProductRelatedLocales":[{"ID":0,"Language":"EN","Preferred":0,"StartDate":"","EndDate":""}]},{"ID":0,"CategoryID":788,"Preferred":0,"IcecatID":93009370,"ProductCode":"SV.WCMA0.A06","ThumbPic":"","ProductName":"SV.WCMA0.A06","Brand":"Acer","BrandID":7,"ProductRelatedLocales":[{"ID":0,"Language":"EN","Preferred":0,"StartDate":"","EndDate":""}]}],"CatalogObjectCloud":{},"Variants":[],"ProductStory":[],"Dictionary":{"model_name":"Product name","desc":"Description","ean_code":"EAN/UPC code","flash360":"3D tour","demo_msg_part3":"If you don't have an Icecat account, please register here for free.","repairability_index":"Repairability index","zoom_panel_init":"Original size","cat_name":"Category","product_family":"Product family","back_to_top":"Back to top","zoom_panel_out":"Zoom out","specs":"Specs","eu_product_fiche":"EU Product Fiche","reviews_head_name":"Reviews","pdf_specs":"Product Brochure","zoom_panel_in":"Zoom in","html_content":"","release_date":"Release date","demo_msg_part1":"You are using now a Demo account. Please, use your own Icecat account","demo_insert_desc":"This is a demo of a seamless insert of an Icecat LIVE product data-sheet in your website. Imagine that this responsive data-sheet is included in the product page of your webshop.","pdf_url":"User manual","prod_code":"Product code","supplier_name":"Brand","video":"Video","reasons_to_buy":"Reasons to buy","marketing_text":"Description","options_head_name":"Options","product_series":"Product series","demo_msg_part2":"your Icecat login name","link_integrate_desk":"How to integrate Icecat LIVE JavaScript.","zoom_panel_dragg":"Mouse dragging","eu_energy_label":"EU Energy Label"},"DemoAccount":false}}