{"msg":"OK","data":{"GeneralInfo":{"IcecatId":36340771,"ReleaseDate":"","EndOfLifeDate":"","Title":"Eleaf iStick Pico electronic cigarette White","TitleInfo":{"GeneratedIntTitle":"Eleaf iStick Pico electronic cigarette","GeneratedLocalTitle":{"Value":"Eleaf iStick Pico electronic cigarette White","Language":"EN"},"BrandLocalTitle":{"Value":"","Language":"EN"}},"Brand":"Eleaf","BrandID":"18191","BrandLogo":"","BrandInfo":{"BrandName":"Eleaf","BrandLocalName":"","BrandLogo":""},"ProductName":"iStick Pico","ProductNameInfo":{"ProductIntName":"iStick Pico","ProductLocalName":{"Value":"","Language":"EN"}},"BrandPartCode":"ISTICK_PICO_75W_WHT","GTIN":[],"Category":{"CategoryID":"2401","Name":{"Value":"Electronic Cigarettes","Language":"EN"}},"ProductFamily":{},"ProductSeries":{"SeriesID":"1"},"Description":{"ID":"54729475","LongDesc":"The iStick Pico, just like its name, is preferable, innovative, compact and outstanding (PICO). With a compact size, you can hold it in the palm, much more convenient for usage and portability. Powered by single interchangeable 18650 cell, the iStick Pico also provides you with 75W maximum output and switchable VW/Bypass/TC-Ni/TC-Ti/TCR modes. <br><br><b>Tiny and Cute Appearance</b><br><br> With a compact size, you can hold the kit in the palm, much more convenient for usage and portability. <br><br><b> TC-SS and TCR Modes Available </b><br><br>Despite the compact size, the iStick Pico allows an intelligent but yet satisfying draw with 75W maximum output and switchable VW/Bypass/TC(Ni,Ti,SS,TCR) modes. <br><br><b>Interchangeable 18650 Cell</b><br><br> Users can carry spare cells when on the go and change the cell easily by removing the battery cap only. <br><br><b>510 Spring Connector </b><br><br>It also retains stainless steel spring loaded 510 connector for strong wear resistance and high adaptability. <br><br><b>Micro USB Port</b><br><br>Charging: The 18650 cell can be charged in the iStick Pico through the side USB port via 1A wall adapter or computer or charged with an external battery charger. The recommended way is to charge the cell externally as it will take less time to give the cell a full charge.","LongProductName":"0.05 - 1.5 Ohm, VW/Bypass/TC, 18650, 510, 1 - 75 W, 100 - 315 C, White","MiddleDesc":"","Disclaimer":"","ManualPDFURL":"","ManualPDFSize":"0","LeafletPDFURL":"","PDFSize":"0","URL":"https://www.eleafworld.com/istick-pico/","WarrantyInfo":"","Updated":"2025-09-09 09:46:09","Language":"EN"},"SummaryDescription":{"ShortSummaryDescription":"Eleaf iStick Pico, 315 °C, White, 75 W, 23 mm, 45 mm, 70.5 mm","LongSummaryDescription":"Eleaf iStick Pico. Heating temperature (max): 315 °C. Product colour: White. Output power: 75 W. Width: 23 mm, Depth: 45 mm, Height: 70.5 mm"},"BulletPoints":{},"GeneratedBulletPoints":{},"GTINs":[]},"Image":{"HighPic":"https://inishop.com/img/gallery/36340771_7518174341.jpg","HighPicSize":"52586","HighPicHeight":"643","HighPicWidth":"351","LowPic":"https://inishop.com/img/gallery_lows/36340771_7518174341.jpg","LowPicSize":"12241","LowPicHeight":"200","LowPicWidth":"109","Pic500x500":"https://inishop.com/img/gallery_mediums/36340771_7518174341.jpg","Pic500x500Size":"47469","Pic500x500Height":"500","Pic500x500Width":"272","ThumbPic":"https://inishop.com/img/gallery_thumbs/36340771_7518174341.jpg","ThumbPicSize":"1348"},"Multimedia":[],"Gallery":[{"ID":"20718690","LowPic":"https://inishop.com/img/gallery_lows/36340771_7518174341.jpg","LowSize":"12241","LowHeight":"200","LowWidth":"109","ThumbPic":"https://inishop.com/img/gallery_thumbs/36340771_7518174341.jpg","ThumbPicSize":"1348","Pic":"https://inishop.com/img/gallery/36340771_7518174341.jpg","Size":"52586","PicHeight":"643","PicWidth":"351","Pic500x500":"https://inishop.com/img/gallery_mediums/36340771_7518174341.jpg","Pic500x500Size":"47469","Pic500x500Height":"500","Pic500x500Width":"272","No":"1","IsMain":"Y","Updated":"2017-03-17 16:05:16","IsPrivate":"0","Type":"ProductImage","Attributes":{"OriginalFileName":""}}],"FeaturesGroups":[{"ID":70844,"SortNo":"12","FeatureGroup":{"ID":"185","Name":{"Value":"Features","Language":"EN"}},"Features":[{"Localized":0,"ID":835735269,"LocalID":0,"Type":"numerical","Value":"315","CategoryFeatureId":"950841","CategoryFeatureGroupID":"70844","SortNo":"60","PresentationValue":"315 °C","RawValue":"315","LocalValue":"315","Description":"","Mandatory":"0","Searchable":"0","Optional":"0","Feature":{"ID":"42027","Sign":"","Measure":{"ID":"65","Sign":"","Signs":{"ID":"48","_":"°C","Language":"EN"}},"Name":{"Value":"Heating temperature (max)","Language":"EN"}}}]},{"ID":8909,"SortNo":"11","FeatureGroup":{"ID":"148","Name":{"Value":"Design","Language":"EN"}},"Features":[{"Localized":0,"ID":240980880,"LocalID":0,"Type":"multi_dropdown","Value":"White","CategoryFeatureId":"68804","CategoryFeatureGroupID":"8909","SortNo":"90","PresentationValue":"White","RawValue":"White","LocalValue":"White","Description":"The colour e.g. red, blue, green, black, white.","Mandatory":"0","Searchable":"0","Optional":"0","Feature":{"ID":"1766","Sign":"","Measure":{"ID":"29","Sign":"","Signs":{"ID":"","_":"","Language":"EN"}},"Name":{"Value":"Product colour","Language":"EN"}}},{"Localized":0,"ID":835734942,"LocalID":0,"Type":"y_n","Value":"Y","CategoryFeatureId":"249546","CategoryFeatureGroupID":"8909","SortNo":"80","PresentationValue":"Yes","RawValue":"Y","LocalValue":"Yes","Description":"A display which is part of the product, so you do not need to attach another display.","Mandatory":"0","Searchable":"0","Optional":"0","Feature":{"ID":"8782","Sign":"","Measure":{"ID":"26","Sign":"","Signs":{"ID":"","_":"","Language":"EN"}},"Name":{"Value":"Built-in display","Language":"EN"}}},{"Localized":0,"ID":835734947,"LocalID":0,"Type":"y_n","Value":"Y","CategoryFeatureId":"249548","CategoryFeatureGroupID":"8909","SortNo":"76","PresentationValue":"Yes","RawValue":"Y","LocalValue":"Yes","Description":"A backlight is a form of illumination used in liquid crystal displays (LCDs). As LCDs do not produce light themselves - unlike for example Cathode ray tube (CRT) displays -  they need illumination (ambient light or a special light source) to produce a visible image. Backlights are used in small displays to increase readability in low light conditions such as in watches, and in computer displays and LCD televisions to produce light in a manner similar to a CRT display.","Mandatory":"0","Searchable":"0","Optional":"0","Feature":{"ID":"1729","Sign":"","Measure":{"ID":"26","Sign":"","Signs":{"ID":"","_":"","Language":"EN"}},"Name":{"Value":"Backlight display","Language":"EN"}}},{"Localized":0,"ID":835734956,"LocalID":0,"Type":"y_n","Value":"Y","CategoryFeatureId":"249553","CategoryFeatureGroupID":"8909","SortNo":"0","PresentationValue":"Yes","RawValue":"Y","LocalValue":"Yes","Description":"The device features a socket into which a USB cable can be plugged.","Mandatory":"0","Searchable":"0","Optional":"0","Feature":{"ID":"23798","Sign":"","Measure":{"ID":"26","Sign":"","Signs":{"ID":"","_":"","Language":"EN"}},"Name":{"Value":"USB port","Language":"EN"}}}]},{"ID":8912,"SortNo":"6","FeatureGroup":{"ID":"143","Name":{"Value":"Battery","Language":"EN"}},"Features":[{"Localized":0,"ID":835734966,"LocalID":0,"Type":"numerical","Value":"75","CategoryFeatureId":"249555","CategoryFeatureGroupID":"8912","SortNo":"40","PresentationValue":"75 W","RawValue":"75","LocalValue":"75","Description":"The power that the device can produce.","Mandatory":"0","Searchable":"0","Optional":"0","Feature":{"ID":"5932","Sign":"","Measure":{"ID":"44","Sign":"","Signs":{"ID":"28","_":"W","Language":"EN"}},"Name":{"Value":"Output power","Language":"EN"}}}]},{"ID":8914,"SortNo":"4","FeatureGroup":{"ID":"14","Name":{"Value":"Weight & dimensions","Language":"EN"}},"Features":[{"Localized":0,"ID":240980867,"LocalID":0,"Type":"numerical","Value":"23","CategoryFeatureId":"68823","CategoryFeatureGroupID":"8914","SortNo":"40","PresentationValue":"23 mm","RawValue":"23","LocalValue":"23","Description":"The measurement or extent of something from side to side.","Mandatory":"0","Searchable":"0","Optional":"0","Feature":{"ID":"1649","Sign":"","Measure":{"ID":"24","Sign":"","Signs":{"ID":"3","_":"mm","Language":"EN"}},"Name":{"Value":"Width","Language":"EN"}}},{"Localized":0,"ID":240980868,"LocalID":0,"Type":"numerical","Value":"45","CategoryFeatureId":"68824","CategoryFeatureGroupID":"8914","SortNo":"30","PresentationValue":"45 mm","RawValue":"45","LocalValue":"45","Description":"The distance from the front to the back of something.","Mandatory":"0","Searchable":"0","Optional":"0","Feature":{"ID":"1650","Sign":"","Measure":{"ID":"24","Sign":"","Signs":{"ID":"3","_":"mm","Language":"EN"}},"Name":{"Value":"Depth","Language":"EN"}}},{"Localized":0,"ID":240980870,"LocalID":0,"Type":"numerical","Value":"70.5","CategoryFeatureId":"68825","CategoryFeatureGroupID":"8914","SortNo":"20","PresentationValue":"70.5 mm","RawValue":"70.5","LocalValue":"70.5","Description":"The measurement of the product from head to foot or from base to top.","Mandatory":"0","Searchable":"0","Optional":"0","Feature":{"ID":"1464","Sign":"","Measure":{"ID":"24","Sign":"","Signs":{"ID":"3","_":"mm","Language":"EN"}},"Name":{"Value":"Height","Language":"EN"}}}]},{"ID":8913,"SortNo":"2","FeatureGroup":{"ID":"116","Name":{"Value":"Packaging content","Language":"EN"}},"Features":[{"Localized":0,"ID":240980877,"LocalID":0,"Type":"numerical","Value":"0","CategoryFeatureId":"68813","CategoryFeatureGroupID":"8913","SortNo":"90","PresentationValue":"0 pc(s)","RawValue":"0","LocalValue":"0","Description":"The quantity of batteries that come with the product.","Mandatory":"0","Searchable":"0","Optional":"0","Feature":{"ID":"8514","Sign":"","Measure":{"ID":"144","Sign":"","Signs":{"ID":"125","_":"pc(s)","Language":"EN"}},"Name":{"Value":"Number of batteries included","Language":"EN"}}},{"Localized":0,"ID":240980876,"LocalID":0,"Type":"y_n","Value":"Y","CategoryFeatureId":"68848","CategoryFeatureGroupID":"8913","SortNo":"0","PresentationValue":"Yes","RawValue":"Y","LocalValue":"Yes","Description":"","Mandatory":"0","Searchable":"0","Optional":"0","Feature":{"ID":"3965","Sign":"","Measure":{"ID":"26","Sign":"","Signs":{"ID":"","_":"","Language":"EN"}},"Name":{"Value":"Manual","Language":"EN"}}}]}],"FeatureLogos":[],"ReasonsToBuy":[],"Reviews":[],"ProductRelated":[],"CatalogObjectCloud":{},"Variants":[],"ProductStory":[],"Dictionary":{"model_name":"Product name","desc":"Description","ean_code":"EAN/UPC code","flash360":"3D tour","demo_msg_part3":"If you don't have an Icecat account, please register here for free.","repairability_index":"Repairability index","zoom_panel_init":"Original size","cat_name":"Category","product_family":"Product family","back_to_top":"Back to top","zoom_panel_out":"Zoom out","specs":"Specs","eu_product_fiche":"EU Product Fiche","reviews_head_name":"Reviews","pdf_specs":"Product Brochure","zoom_panel_in":"Zoom in","html_content":"","release_date":"Release date","demo_msg_part1":"You are using now a Demo account. Please, use your own Icecat account","demo_insert_desc":"This is a demo of a seamless insert of an Icecat LIVE product data-sheet in your website. Imagine that this responsive data-sheet is included in the product page of your webshop.","pdf_url":"User manual","prod_code":"Product code","supplier_name":"Brand","video":"Video","reasons_to_buy":"Reasons to buy","marketing_text":"Description","options_head_name":"Options","product_series":"Product series","demo_msg_part2":"your Icecat login name","link_integrate_desk":"How to integrate Icecat LIVE JavaScript.","zoom_panel_dragg":"Mouse dragging","eu_energy_label":"EU Energy Label"},"DemoAccount":false}}