{"msg":"OK","data":{"GeneralInfo":{"IcecatId":134703611,"ReleaseDate":"","EndOfLifeDate":"","Title":"Vitabalans Katapekt oral solution","TitleInfo":{"GeneratedIntTitle":"Vitabalans Katapekt cough medicine","GeneratedLocalTitle":{"Value":"Vitabalans Katapekt cough medicine 150 ml Internal use Adults & Children Syrup","Language":"EN"},"BrandLocalTitle":{"Value":"Vitabalans Katapekt oral solution","Language":"EN"}},"Brand":"Vitabalans","BrandID":"38086","BrandLogo":"","BrandInfo":{"BrandName":"Vitabalans","BrandLocalName":"","BrandLogo":""},"ProductName":"Katapekt oral solution","ProductNameInfo":{"ProductIntName":"Katapekt","ProductLocalName":{"Value":"Katapekt oral solution","Language":"EN"}},"BrandPartCode":"KATAPEKT","GTIN":[],"Category":{"CategoryID":"5044","Name":{"Value":"Cough Medicines","Language":"EN"}},"ProductFamily":{},"ProductSeries":{"SeriesID":"1"},"Description":{"ID":"104044274","LongDesc":"<b>Active substances</b><br>codeine phosphate hemihydrate, guaifenesin, ammonium chloride and thyme extract<br><br>For symptoms of cough for adults and adolescents aged 12 years and over. Katapekt relieves coughing and loosens mucus secretions from the respiratory tract. Not for children aged under 12 years. If you are not sure that you can take the product ask your pharmacist for advice, especially if you are pregnant or breast feeding or use other medicines.","LongProductName":"Katapekt oral solution 150 ml","MiddleDesc":"","Disclaimer":"","ManualPDFURL":"","ManualPDFSize":"0","LeafletPDFURL":"","PDFSize":"0","URL":"https://vitabalans.fi/en/product/katapekt-oral-solution/","WarrantyInfo":"","Updated":"2025-09-09 10:45:42","Language":"EN"},"SummaryDescription":{"ShortSummaryDescription":"Vitabalans Katapekt oral solution, Internal use, Adults & Children, Syrup, 150 ml, 12 yr(s), Bottle","LongSummaryDescription":"Vitabalans Katapekt oral solution. Proper use: Internal use, Target audience: Adults & Children, Dosage form: Syrup. Country of origin: Finland"},"BulletPoints":{},"GeneratedBulletPoints":{},"GTINs":[]},"Image":{"HighPic":"https://inishop.com/img/gallery/0a059450d1a66af0058b483f0148aa843eab08cf.jpg","HighPicSize":"140939","HighPicHeight":"1000","HighPicWidth":"1000","LowPic":"https://inishop.com/img/gallery_lows/c3b19c48860a8105168988f4b3924ba5bc7a1d87.jpg","LowPicSize":"14641","LowPicHeight":"200","LowPicWidth":"200","Pic500x500":"https://inishop.com/img/gallery_mediums/bacce7244115304d57c4cc3c413ba2bebb5011cf.jpg","Pic500x500Size":"62881","Pic500x500Height":"500","Pic500x500Width":"500","ThumbPic":"https://inishop.com/img/gallery_thumbs/f5b16eb399ed21cd90e314a77a93fa2a0f06c4aa.jpg","ThumbPicSize":"3598"},"Multimedia":[],"Gallery":[{"ID":"117095384","LowPic":"https://inishop.com/img/gallery_lows/c3b19c48860a8105168988f4b3924ba5bc7a1d87.jpg","LowSize":"14641","LowHeight":"200","LowWidth":"200","ThumbPic":"https://inishop.com/img/gallery_thumbs/f5b16eb399ed21cd90e314a77a93fa2a0f06c4aa.jpg","ThumbPicSize":"3598","Pic":"https://inishop.com/img/gallery/0a059450d1a66af0058b483f0148aa843eab08cf.jpg","Size":"140939","PicHeight":"1000","PicWidth":"1000","Pic500x500":"https://inishop.com/img/gallery_mediums/bacce7244115304d57c4cc3c413ba2bebb5011cf.jpg","Pic500x500Size":"62881","Pic500x500Height":"500","Pic500x500Width":"500","No":"1","IsMain":"Y","Updated":"2025-09-09 10:43:45","IsPrivate":"0","Type":"ProductImage","Attributes":{"OriginalFileName":""}}],"FeaturesGroups":[{"ID":18224,"SortNo":"5","FeatureGroup":{"ID":"185","Name":{"Value":"Features","Language":"EN"}},"Features":[{"Localized":0,"ID":835242428,"LocalID":0,"Type":"numerical","Value":"150","CategoryFeatureId":"167793","CategoryFeatureGroupID":"18224","SortNo":"250","PresentationValue":"150 ml","RawValue":"150","LocalValue":"150","Description":"The amount of space that a substance or object occupies or may contain.","Mandatory":"0","Searchable":"0","Optional":"0","Feature":{"ID":"5207","Sign":"","Measure":{"ID":"142","Sign":"","Signs":{"ID":"123","_":"ml","Language":"EN"}},"Name":{"Value":"Volume","Language":"EN"}}},{"Localized":0,"ID":835242426,"LocalID":0,"Type":"dropdown","Value":"Internal use","CategoryFeatureId":"167782","CategoryFeatureGroupID":"18224","SortNo":"100","PresentationValue":"Internal use","RawValue":"Internal use","LocalValue":"Internal use","Description":"The intended application of the product.","Mandatory":"1","Searchable":"1","Optional":"0","Feature":{"ID":"2987","Sign":"","Measure":{"ID":"29","Sign":"","Signs":{"ID":"","_":"","Language":"EN"}},"Name":{"Value":"Proper use","Language":"EN"}}},{"Localized":0,"ID":835242432,"LocalID":0,"Type":"dropdown","Value":"Adults & Children","CategoryFeatureId":"167784","CategoryFeatureGroupID":"18224","SortNo":"95","PresentationValue":"Adults & Children","RawValue":"Adults & Children","LocalValue":"Adults & Children","Description":"","Mandatory":"1","Searchable":"1","Optional":"0","Feature":{"ID":"21228","Sign":"","Measure":{"ID":"29","Sign":"","Signs":{"ID":"","_":"","Language":"EN"}},"Name":{"Value":"Target audience","Language":"EN"}}},{"Localized":0,"ID":835242433,"LocalID":0,"Type":"dropdown","Value":"Syrup","CategoryFeatureId":"167783","CategoryFeatureGroupID":"18224","SortNo":"90","PresentationValue":"Syrup","RawValue":"Syrup","LocalValue":"Syrup","Description":"","Mandatory":"1","Searchable":"1","Optional":"0","Feature":{"ID":"25712","Sign":"","Measure":{"ID":"29","Sign":"","Signs":{"ID":"","_":"","Language":"EN"}},"Name":{"Value":"Dosage form","Language":"EN"}}},{"Localized":0,"ID":835242429,"LocalID":0,"Type":"numerical","Value":"12","CategoryFeatureId":"167786","CategoryFeatureGroupID":"18224","SortNo":"90","PresentationValue":"12 yr(s)","RawValue":"12","LocalValue":"12","Description":"The minimum age suitable for using this product.","Mandatory":"0","Searchable":"0","Optional":"0","Feature":{"ID":"7769","Sign":"","Measure":{"ID":"439","Sign":"","Signs":{"ID":"39428","_":"yr(s)","Language":"EN"}},"Name":{"Value":"Minimum age","Language":"EN"}}},{"Localized":0,"ID":835242430,"LocalID":0,"Type":"dropdown","Value":"Bottle","CategoryFeatureId":"167792","CategoryFeatureGroupID":"18224","SortNo":"80","PresentationValue":"Bottle","RawValue":"Bottle","LocalValue":"Bottle","Description":"The type of container from which the product can be dispensed, e.g. bag, tube etc.","Mandatory":"0","Searchable":"0","Optional":"0","Feature":{"ID":"17965","Sign":"","Measure":{"ID":"29","Sign":"","Signs":{"ID":"","_":"","Language":"EN"}},"Name":{"Value":"Dispenser type","Language":"EN"}}},{"Localized":1,"ID":0,"LocalID":554061139,"Type":"textarea","Value":"","CategoryFeatureId":"167788","CategoryFeatureGroupID":"18224","SortNo":"-5","PresentationValue":"codeine phosphate hemihydrate, guaifenesin, ammonium chloride and thyme extract","RawValue":"","LocalValue":"codeine phosphate hemihydrate, guaifenesin, ammonium chloride and thyme extract","Description":"","Mandatory":"0","Searchable":"0","Optional":"0","Feature":{"ID":"16908","Sign":"","Measure":{"ID":"29","Sign":"","Signs":{"ID":"","_":"","Language":"EN"}},"Name":{"Value":"Ingredients","Language":"EN"}}}]},{"ID":36316,"SortNo":"0","FeatureGroup":{"ID":"198","Name":{"Value":"Logistics data","Language":"EN"}},"Features":[{"Localized":0,"ID":835242427,"LocalID":0,"Type":"multi_dropdown","Value":"Finland","CategoryFeatureId":"374737","CategoryFeatureGroupID":"36316","SortNo":"0","PresentationValue":"Finland","RawValue":"Finland","LocalValue":"Finland","Description":"Country where the device is made. Aka Country of manufacture (COM).","Mandatory":"0","Searchable":"0","Optional":"0","Feature":{"ID":"3294","Sign":"","Measure":{"ID":"29","Sign":"","Signs":{"ID":"","_":"","Language":"EN"}},"Name":{"Value":"Country of origin","Language":"EN"}}}]}],"FeatureLogos":[],"ReasonsToBuy":[],"Reviews":[],"ProductRelated":[],"CatalogObjectCloud":{},"Variants":[],"ProductStory":[],"Dictionary":{"model_name":"Product name","desc":"Description","ean_code":"EAN/UPC code","flash360":"3D tour","demo_msg_part3":"If you don't have an Icecat account, please register here for free.","repairability_index":"Repairability index","zoom_panel_init":"Original size","cat_name":"Category","product_family":"Product family","back_to_top":"Back to top","zoom_panel_out":"Zoom out","specs":"Specs","eu_product_fiche":"EU Product Fiche","reviews_head_name":"Reviews","pdf_specs":"Product Brochure","zoom_panel_in":"Zoom in","html_content":"","release_date":"Release date","demo_msg_part1":"You are using now a Demo account. Please, use your own Icecat account","demo_insert_desc":"This is a demo of a seamless insert of an Icecat LIVE product data-sheet in your website. Imagine that this responsive data-sheet is included in the product page of your webshop.","pdf_url":"User manual","prod_code":"Product code","supplier_name":"Brand","video":"Video","reasons_to_buy":"Reasons to buy","marketing_text":"Description","options_head_name":"Options","product_series":"Product series","demo_msg_part2":"your Icecat login name","link_integrate_desk":"How to integrate Icecat LIVE JavaScript.","zoom_panel_dragg":"Mouse dragging","eu_energy_label":"EU Energy Label"},"DemoAccount":false}}