{"msg":"OK","data":{"GeneralInfo":{"IcecatId":129090887,"ReleaseDate":"","EndOfLifeDate":"","Title":"Apple Mac Studio : M4 Max chip with 14‑core CPU, 32‑core GPU, 36GB, 512GB","TitleInfo":{"GeneratedIntTitle":"Apple Mac Studio","GeneratedLocalTitle":{"Value":"Apple Mac Studio Apple M SSD macOS Sequoia Mini PC Silver","Language":"EN"},"BrandLocalTitle":{"Value":"Apple Mac Studio : M4 Max chip with 14‑core CPU, 32‑core GPU, 36GB, 512GB","Language":"EN"}},"Brand":"Apple","BrandID":"9","BrandLogo":"https://inishop.com/img/brand/thumb/9_d14b59ec69c0456b8775a7210bbba1e9.jpg","BrandInfo":{"BrandName":"Apple","BrandLocalName":"","BrandLogo":"https://inishop.com/img/brand/thumb/9_d14b59ec69c0456b8775a7210bbba1e9.jpg"},"ProductName":"Mac Studio: Apple M4 Max chip with 14‑core CPU, 32‑core GPU, 36GB, 512GB","ProductNameInfo":{"ProductIntName":"Mac Studio","ProductLocalName":{"Value":"Mac Studio: Apple M4 Max chip with 14‑core CPU, 32‑core GPU, 36GB, 512GB","Language":"EN"}},"BrandPartCode":"MU963KS/A","GTIN":["0195949056277","195949056277"],"Category":{"CategoryID":"153","Name":{"Value":"PCs/Workstations","Language":"EN"}},"ProductFamily":{"ProductFamilyID":"73981","Value":"Mac Studio","Language":"EN"},"ProductSeries":{"SeriesID":"1"},"Description":{"ID":"98875543","LongDesc":"<b>More power to you.</b><br><br><b>Supercharged by M4 Max and M3 Ultra.</b>","LongProductName":"Mac Studio, M4 Max, 14-core CPU, 32-core GPU, 16-core Neural Engine, 36GB RAM, 512GB SSD, Thunderbolt 5, HDMI, Wi-Fi 6E, Bluetooth 5.3, macOS","MiddleDesc":"","Disclaimer":"","ManualPDFURL":"","ManualPDFSize":"0","LeafletPDFURL":"","PDFSize":"0","URL":"https://www.apple.com/mac-studio/","WarrantyInfo":"1‑year limited","Updated":"2025-03-05 19:44:53","Language":"EN"},"SummaryDescription":{"ShortSummaryDescription":"Apple Mac Studio : M4 Max chip with 14‑core CPU, 32‑core GPU, 36GB, 512GB, Apple M, M4 Max, 36 GB, 512 GB, SSD, macOS Sequoia","LongSummaryDescription":"Apple Mac Studio : M4 Max chip with 14‑core CPU, 32‑core GPU, 36GB, 512GB. Processor family: Apple M, Processor model: M4 Max. Internal memory: 36 GB. Total storage capacity: 512 GB, Storage media: SSD, Card reader integrated. On-board graphics card model: Apple GPU. Wi-Fi. Operating system installed: macOS Sequoia. Power supply: 480 W. Chassis type: Mini PC. Product type: Mini PC. Weight: 2.74 kg. Product colour: Silver"},"BulletPoints":{},"GeneratedBulletPoints":{"Language":"EN","Values":["Mini PC Silver 480 W","Apple M M4 Max Processor cores: 14","36 GB","512 GB SSD Card reader integrated","Apple GPU On-board graphics card cores: 32","Ethernet LAN 1000,2500,5000,10000 Mbit/s Wi-Fi 6E (802.11ax) Bluetooth 5.3","macOS Sequoia"]},"GTINs":[{"GTIN":"0195949056277","IsApproved":true},{"GTIN":"195949056277","IsApproved":true}]},"Image":{"HighPic":"https://inishop.com/img/gallery/4ed9d0eecfff85436d944591544ff4b78e6dd115.jpg","HighPicSize":"2272871","HighPicHeight":"1672","HighPicWidth":"3136","LowPic":"https://inishop.com/img/gallery_lows/a2e5082959ebcc9d72516f9550d3dc67812fb04d.jpg","LowPicSize":"5970","LowPicHeight":"107","LowPicWidth":"200","Pic500x500":"https://inishop.com/img/gallery_mediums/2c00852b53ca46d95155ca1a8585a9f8b3fd1041.jpg","Pic500x500Size":"36714","Pic500x500Height":"267","Pic500x500Width":"500","ThumbPic":"https://inishop.com/img/gallery_thumbs/7effdf65e61109e8f8b4357b441c5ff7b5f99f9d.jpg","ThumbPicSize":"1740"},"Multimedia":[],"Gallery":[{"ID":"102718734","LowPic":"https://inishop.com/img/gallery_lows/a2e5082959ebcc9d72516f9550d3dc67812fb04d.jpg","LowSize":"5970","LowHeight":"107","LowWidth":"200","ThumbPic":"https://inishop.com/img/gallery_thumbs/7effdf65e61109e8f8b4357b441c5ff7b5f99f9d.jpg","ThumbPicSize":"1740","Pic":"https://inishop.com/img/gallery/4ed9d0eecfff85436d944591544ff4b78e6dd115.jpg","Size":"2272871","PicHeight":"1672","PicWidth":"3136","Pic500x500":"https://inishop.com/img/gallery_mediums/2c00852b53ca46d95155ca1a8585a9f8b3fd1041.jpg","Pic500x500Size":"36714","Pic500x500Height":"267","Pic500x500Width":"500","No":"1","IsMain":"Y","Updated":"2025-03-11 10:40:22","IsPrivate":"0","Type":"ProductImage","Attributes":{"OriginalFileName":""}},{"ID":"102718735","LowPic":"https://inishop.com/img/gallery_lows/01cfb4f0decd49a0867d7c5d86bc42b73891aa43.jpg","LowSize":"21477","LowHeight":"200","LowWidth":"200","ThumbPic":"https://inishop.com/img/gallery_thumbs/1334a96450569946ac77f2cd6a0fb09c02bceaa5.jpg","ThumbPicSize":"4458","Pic":"https://inishop.com/img/gallery/efefd883b2eb2b43372301a6d6d22c695cf6314f.jpg","Size":"4220901","PicHeight":"2807","PicWidth":"2807","Pic500x500":"https://inishop.com/img/gallery_mediums/9d7957cee6bfef45e3089d14a2ead0cd940f1525.jpg","Pic500x500Size":"124276","Pic500x500Height":"500","Pic500x500Width":"500","No":"2","IsMain":"N","Updated":"2025-03-11 10:40:32","IsPrivate":"0","Type":"ProductImage","Attributes":{"OriginalFileName":""}},{"ID":"102718736","LowPic":"https://inishop.com/img/gallery_lows/8512535377e7797dd1c0ee3ffcbff2bbb4c29f07.jpg","LowSize":"39360","LowHeight":"200","LowWidth":"200","ThumbPic":"https://inishop.com/img/gallery_thumbs/49dc10d5a05c08636f25d6c594961566e3536c20.jpg","ThumbPicSize":"8328","Pic":"https://inishop.com/img/gallery/44cf5d6c6f27a5f322976faf81e9fdc351f43c0e.jpg","Size":"5011424","PicHeight":"4000","PicWidth":"4000","Pic500x500":"https://inishop.com/img/gallery_mediums/bfec25e1198f8c1171cd9bf92cf487680d7478d7.jpg","Pic500x500Size":"181498","Pic500x500Height":"500","Pic500x500Width":"500","No":"3","IsMain":"N","Updated":"2025-03-05 19:44:53","IsPrivate":"0","Type":"LifestyleImage","Attributes":{"OriginalFileName":""}}],"FeaturesGroups":[{"ID":2,"SortNo":"100","FeatureGroup":{"ID":"1","Name":{"Value":"Processor","Language":"EN"}},"Features":[{"Localized":0,"ID":750881643,"LocalID":0,"Type":"dropdown","Value":"Apple","CategoryFeatureId":"3032","CategoryFeatureGroupID":"2","SortNo":"10100801","PresentationValue":"Apple","RawValue":"Apple","LocalValue":"Apple","Description":"The manufacturer that produced the processor.","Mandatory":"1","Searchable":"0","Optional":"0","Feature":{"ID":"1013","Sign":"","Measure":{"ID":"29","Sign":"","Signs":{"ID":"","_":"","Language":"EN"}},"Name":{"Value":"Processor manufacturer","Language":"EN"}}},{"Localized":0,"ID":750881680,"LocalID":0,"Type":"dropdown","Value":"Apple M","CategoryFeatureId":"11561","CategoryFeatureGroupID":"2","SortNo":"5300","PresentationValue":"Apple M","RawValue":"Apple M","LocalValue":"Apple M","Description":"A family of processors is a group of processors produced by one company over a short period of time e.g. Intel Pentium processors.","Mandatory":"1","Searchable":"1","Optional":"0","Feature":{"ID":"2196","Sign":"","Measure":{"ID":"29","Sign":"","Signs":{"ID":"","_":"","Language":"EN"}},"Name":{"Value":"Processor family","Language":"EN"}}},{"Localized":0,"ID":750881816,"LocalID":0,"Type":"dropdown","Value":"Apple M Max 4th Gen","CategoryFeatureId":"893380","CategoryFeatureGroupID":"2","SortNo":"5300","PresentationValue":"Apple M Max 4th Gen","RawValue":"Apple M Max 4th Gen","LocalValue":"Apple M Max 4th Gen","Description":"","Mandatory":"0","Searchable":"0","Optional":"0","Feature":{"ID":"44870","Sign":"","Measure":{"ID":"29","Sign":"","Signs":{"ID":"","_":"","Language":"EN"}},"Name":{"Value":"Processor generation","Language":"EN"}}},{"Localized":0,"ID":750881619,"LocalID":0,"Type":"dropdown","Value":"M4 Max","CategoryFeatureId":"62","CategoryFeatureGroupID":"2","SortNo":"5200","PresentationValue":"M4 Max","RawValue":"M4 Max","LocalValue":"M4 Max","Description":"The model number for the processor in a computer.","Mandatory":"1","Searchable":"0","Optional":"0","Feature":{"ID":"47","Sign":"","Measure":{"ID":"29","Sign":"","Signs":{"ID":"","_":"","Language":"EN"}},"Name":{"Value":"Processor model","Language":"EN"}}},{"Localized":0,"ID":750881734,"LocalID":0,"Type":"numerical","Value":"14","CategoryFeatureId":"36486","CategoryFeatureGroupID":"2","SortNo":"220","PresentationValue":"14","RawValue":"14","LocalValue":"14","Description":"The number of central processing units ('cores') in a processor. Some processors have 1 core, others have 2 (e.g. Intel Core Duo) or more (e.g. the Intel Xeon E7-2850 has 10 cores).","Mandatory":"0","Searchable":"0","Optional":"0","Feature":{"ID":"6089","Sign":"","Measure":{"ID":"29","Sign":"","Signs":{"ID":"","_":"","Language":"EN"}},"Name":{"Value":"Processor cores","Language":"EN"}}},{"Localized":0,"ID":750881811,"LocalID":0,"Type":"numerical","Value":"10","CategoryFeatureId":"895771","CategoryFeatureGroupID":"2","SortNo":"200","PresentationValue":"10","RawValue":"10","LocalValue":"10","Description":"","Mandatory":"0","Searchable":"0","Optional":"0","Feature":{"ID":"44522","Sign":"","Measure":{"ID":"29","Sign":"","Signs":{"ID":"","_":"","Language":"EN"}},"Name":{"Value":"Performance cores","Language":"EN"}}},{"Localized":0,"ID":750881809,"LocalID":0,"Type":"numerical","Value":"4","CategoryFeatureId":"895770","CategoryFeatureGroupID":"2","SortNo":"195","PresentationValue":"4","RawValue":"4","LocalValue":"4","Description":"","Mandatory":"0","Searchable":"0","Optional":"0","Feature":{"ID":"44521","Sign":"","Measure":{"ID":"29","Sign":"","Signs":{"ID":"","_":"","Language":"EN"}},"Name":{"Value":"Efficient cores","Language":"EN"}}},{"Localized":0,"ID":750881766,"LocalID":0,"Type":"dropdown","Value":"Neural Engine","CategoryFeatureId":"595926","CategoryFeatureGroupID":"2","SortNo":"15","PresentationValue":"Neural Engine","RawValue":"Neural Engine","LocalValue":"Neural Engine","Description":"","Mandatory":"0","Searchable":"0","Optional":"0","Feature":{"ID":"18116","Sign":"","Measure":{"ID":"29","Sign":"","Signs":{"ID":"","_":"","Language":"EN"}},"Name":{"Value":"Coprocessor model","Language":"EN"}}},{"Localized":0,"ID":750881764,"LocalID":0,"Type":"numerical","Value":"16","CategoryFeatureId":"595927","CategoryFeatureGroupID":"2","SortNo":"14","PresentationValue":"16","RawValue":"16","LocalValue":"16","Description":"","Mandatory":"0","Searchable":"0","Optional":"0","Feature":{"ID":"17983","Sign":"","Measure":{"ID":"29","Sign":"","Signs":{"ID":"","_":"","Language":"EN"}},"Name":{"Value":"Coprocessor cores","Language":"EN"}}}]},{"ID":3,"SortNo":"95","FeatureGroup":{"ID":"3","Name":{"Value":"Memory","Language":"EN"}},"Features":[{"Localized":0,"ID":750881758,"LocalID":0,"Type":"numerical","Value":"36","CategoryFeatureId":"73752","CategoryFeatureGroupID":"3","SortNo":"5100","PresentationValue":"36 GB","RawValue":"36","LocalValue":"36","Description":"A computer's memory which is directly accessible to the CPU.","Mandatory":"1","Searchable":"1","Optional":"0","Feature":{"ID":"11381","Sign":"","Measure":{"ID":"20","Sign":"","Signs":{"ID":"7","_":"GB","Language":"EN"}},"Name":{"Value":"Internal memory","Language":"EN"}}}]},{"ID":4138,"SortNo":"90","FeatureGroup":{"ID":"47","Name":{"Value":"Storage","Language":"EN"}},"Features":[{"Localized":0,"ID":750881708,"LocalID":0,"Type":"numerical","Value":"512","CategoryFeatureId":"33231","CategoryFeatureGroupID":"4138","SortNo":"5000","PresentationValue":"512 GB","RawValue":"512","LocalValue":"512","Description":"The total amount of data that can be stored on the device.","Mandatory":"1","Searchable":"1","Optional":"0","Feature":{"ID":"3318","Sign":"","Measure":{"ID":"20","Sign":"","Signs":{"ID":"7","_":"GB","Language":"EN"}},"Name":{"Value":"Total storage capacity","Language":"EN"}}},{"Localized":0,"ID":750881760,"LocalID":0,"Type":"dropdown","Value":"SSD","CategoryFeatureId":"96404","CategoryFeatureGroupID":"4138","SortNo":"4000","PresentationValue":"SSD","RawValue":"SSD","LocalValue":"SSD","Description":"Used for the storage of data e.g. HDD (hard disk drive), SSD (solid-state drive).","Mandatory":"1","Searchable":"0","Optional":"0","Feature":{"ID":"11441","Sign":"","Measure":{"ID":"29","Sign":"","Signs":{"ID":"","_":"","Language":"EN"}},"Name":{"Value":"Storage media","Language":"EN"}}},{"Localized":0,"ID":750881649,"LocalID":0,"Type":"dropdown","Value":"N","CategoryFeatureId":"2968","CategoryFeatureGroupID":"4138","SortNo":"500","PresentationValue":"No","RawValue":"N","LocalValue":"No","Description":"An optical drive uses laser to read optical discs such as CDs, DVDs and Blu-Ray. Some types of optical drive are: CD ROM drive, CR-RW (CD writer) drive, DVD-ROM.","Mandatory":"1","Searchable":"1","Optional":"0","Feature":{"ID":"1120","Sign":"","Measure":{"ID":"29","Sign":"","Signs":{"ID":"","_":"","Language":"EN"}},"Name":{"Value":"Optical drive type","Language":"EN"}}},{"Localized":0,"ID":750881786,"LocalID":0,"Type":"numerical","Value":"512","CategoryFeatureId":"295712","CategoryFeatureGroupID":"4138","SortNo":"32","PresentationValue":"512 GB","RawValue":"512","LocalValue":"512","Description":"","Mandatory":"0","Searchable":"0","Optional":"0","Feature":{"ID":"37918","Sign":"","Measure":{"ID":"20","Sign":"","Signs":{"ID":"7","_":"GB","Language":"EN"}},"Name":{"Value":"Total SSDs capacity","Language":"EN"}}},{"Localized":0,"ID":750881742,"LocalID":0,"Type":"numerical","Value":"1","CategoryFeatureId":"45817","CategoryFeatureGroupID":"4138","SortNo":"30","PresentationValue":"1","RawValue":"1","LocalValue":"1","Description":"","Mandatory":"0","Searchable":"0","Optional":"0","Feature":{"ID":"7682","Sign":"","Measure":{"ID":"29","Sign":"","Signs":{"ID":"","_":"","Language":"EN"}},"Name":{"Value":"Number of SSDs installed","Language":"EN"}}},{"Localized":0,"ID":750881732,"LocalID":0,"Type":"numerical","Value":"512","CategoryFeatureId":"45777","CategoryFeatureGroupID":"4138","SortNo":"29","PresentationValue":"512 GB","RawValue":"512","LocalValue":"512","Description":"The Solid State Drive's data storage capacity.","Mandatory":"0","Searchable":"0","Optional":"0","Feature":{"ID":"5586","Sign":"","Measure":{"ID":"20","Sign":"","Signs":{"ID":"7","_":"GB","Language":"EN"}},"Name":{"Value":"SSD capacity","Language":"EN"}}},{"Localized":0,"ID":750881710,"LocalID":0,"Type":"y_n","Value":"Y","CategoryFeatureId":"31167","CategoryFeatureGroupID":"4138","SortNo":"21","PresentationValue":"Yes","RawValue":"Y","LocalValue":"Yes","Description":"A card reader is a device that enables reading and, in some cases, writing data to and from a memory card.","Mandatory":"0","Searchable":"0","Optional":"0","Feature":{"ID":"3374","Sign":"","Measure":{"ID":"26","Sign":"","Signs":{"ID":"","_":"","Language":"EN"}},"Name":{"Value":"Card reader integrated","Language":"EN"}}},{"Localized":0,"ID":750881632,"LocalID":0,"Type":"multi_dropdown","Value":"SDXC","CategoryFeatureId":"9477","CategoryFeatureGroupID":"4138","SortNo":"20","PresentationValue":"SDXC","RawValue":"SDXC","LocalValue":"SDXC","Description":"Types of memory cards which can be used with this product.","Mandatory":"0","Searchable":"0","Optional":"0","Feature":{"ID":"730","Sign":"","Measure":{"ID":"29","Sign":"","Signs":{"ID":"","_":"","Language":"EN"}},"Name":{"Value":"Compatible memory cards","Language":"EN"}}},{"Localized":0,"ID":750881784,"LocalID":0,"Type":"y_n","Value":"N","CategoryFeatureId":"224663","CategoryFeatureGroupID":"4138","SortNo":"20","PresentationValue":"No","RawValue":"N","LocalValue":"No","Description":"","Mandatory":"0","Searchable":"0","Optional":"0","Feature":{"ID":"33648","Sign":"","Measure":{"ID":"26","Sign":"","Signs":{"ID":"","_":"","Language":"EN"}},"Name":{"Value":"Intel® Optane™ Memory module installed","Language":"EN"}}}]},{"ID":8603,"SortNo":"85","FeatureGroup":{"ID":"163","Name":{"Value":"Graphics","Language":"EN"}},"Features":[{"Localized":0,"ID":750881780,"LocalID":0,"Type":"y_n","Value":"N","CategoryFeatureId":"192532","CategoryFeatureGroupID":"8603","SortNo":"4810","PresentationValue":"No","RawValue":"N","LocalValue":"No","Description":"","Mandatory":"1","Searchable":"1","Optional":"0","Feature":{"ID":"27905","Sign":"","Measure":{"ID":"26","Sign":"","Signs":{"ID":"","_":"","Language":"EN"}},"Name":{"Value":"Discrete graphics card","Language":"EN"}}},{"Localized":0,"ID":750881750,"LocalID":0,"Type":"y_n","Value":"Y","CategoryFeatureId":"74328","CategoryFeatureGroupID":"8603","SortNo":"4470","PresentationValue":"Yes","RawValue":"Y","LocalValue":"Yes","Description":"Graphics hardware which is built into the motherboard or CPU, as opposed to a separate graphics adapter (video card). On-board graphics uses CPU and RAM for graphics processing.","Mandatory":"1","Searchable":"1","Optional":"0","Feature":{"ID":"9997","Sign":"","Measure":{"ID":"26","Sign":"","Signs":{"ID":"","_":"","Language":"EN"}},"Name":{"Value":"On-board graphics card","Language":"EN"}}},{"Localized":0,"ID":750881746,"LocalID":0,"Type":"dropdown","Value":"Not available","CategoryFeatureId":"53946","CategoryFeatureGroupID":"8603","SortNo":"3900","PresentationValue":"Not available","RawValue":"Not available","LocalValue":"Not available","Description":"A graphics adapter (often known as a video card) generates images for a display. A discrete graphics adapter plugs into the motherboard, and usually produces much better graphics than an integrated graphics adapter. There are various models of discrete graphics adapters.","Mandatory":"1","Searchable":"0","Optional":"0","Feature":{"ID":"9018","Sign":"","Measure":{"ID":"29","Sign":"","Signs":{"ID":"","_":"","Language":"EN"}},"Name":{"Value":"Discrete graphics card model","Language":"EN"}}},{"Localized":0,"ID":750881817,"LocalID":0,"Type":"dropdown","Value":"Apple","CategoryFeatureId":"894413","CategoryFeatureGroupID":"8603","SortNo":"448","PresentationValue":"Apple","RawValue":"Apple","LocalValue":"Apple","Description":"","Mandatory":"0","Searchable":"0","Optional":"0","Feature":{"ID":"44898","Sign":"","Measure":{"ID":"29","Sign":"","Signs":{"ID":"","_":"","Language":"EN"}},"Name":{"Value":"On-board GPU manufacturer","Language":"EN"}}},{"Localized":0,"ID":750881782,"LocalID":0,"Type":"dropdown","Value":"Apple","CategoryFeatureId":"192528","CategoryFeatureGroupID":"8603","SortNo":"447","PresentationValue":"Apple","RawValue":"Apple","LocalValue":"Apple","Description":"","Mandatory":"0","Searchable":"0","Optional":"0","Feature":{"ID":"29455","Sign":"","Measure":{"ID":"29","Sign":"","Signs":{"ID":"","_":"","Language":"EN"}},"Name":{"Value":"On-board graphics card family","Language":"EN"}}},{"Localized":0,"ID":750881744,"LocalID":0,"Type":"dropdown","Value":"Apple GPU","CategoryFeatureId":"53944","CategoryFeatureGroupID":"8603","SortNo":"446","PresentationValue":"Apple GPU","RawValue":"Apple GPU","LocalValue":"Apple GPU","Description":"\"Graphic adapter\" is the hardware that produces images on a display. \"On-board\" means that the graphics adapter is intergrated inside the motherboard.","Mandatory":"1","Searchable":"0","Optional":"0","Feature":{"ID":"9016","Sign":"","Measure":{"ID":"29","Sign":"","Signs":{"ID":"","_":"","Language":"EN"}},"Name":{"Value":"On-board graphics card model","Language":"EN"}}},{"Localized":0,"ID":750881800,"LocalID":0,"Type":"numerical","Value":"32","CategoryFeatureId":"595928","CategoryFeatureGroupID":"8603","SortNo":"443","PresentationValue":"32","RawValue":"32","LocalValue":"32","Description":"","Mandatory":"0","Searchable":"0","Optional":"0","Feature":{"ID":"42531","Sign":"","Measure":{"ID":"29","Sign":"","Signs":{"ID":"","_":"","Language":"EN"}},"Name":{"Value":"On-board graphics card cores","Language":"EN"}}},{"Localized":0,"ID":750881798,"LocalID":0,"Type":"y_n","Value":"Y","CategoryFeatureId":"595929","CategoryFeatureGroupID":"8603","SortNo":"442","PresentationValue":"Yes","RawValue":"Y","LocalValue":"Yes","Description":"","Mandatory":"0","Searchable":"0","Optional":"0","Feature":{"ID":"42530","Sign":"","Measure":{"ID":"26","Sign":"","Signs":{"ID":"","_":"","Language":"EN"}},"Name":{"Value":"On-board graphics card 6K support","Language":"EN"}}},{"Localized":0,"ID":750971725,"LocalID":0,"Type":"y_n","Value":"Y","CategoryFeatureId":"1085102","CategoryFeatureGroupID":"8603","SortNo":"441","PresentationValue":"Yes","RawValue":"Y","LocalValue":"Yes","Description":"","Mandatory":"0","Searchable":"0","Optional":"0","Feature":{"ID":"48434","Sign":"","Measure":{"ID":"26","Sign":"","Signs":{"ID":"","_":"","Language":"EN"}},"Name":{"Value":"On-board graphics card 8K support","Language":"EN"}}},{"Localized":0,"ID":750971714,"LocalID":0,"Type":"numerical","Value":"6","CategoryFeatureId":"1085103","CategoryFeatureGroupID":"8603","SortNo":"430","PresentationValue":"6","RawValue":"6","LocalValue":"6","Description":"","Mandatory":"0","Searchable":"0","Optional":"0","Feature":{"ID":"47948","Sign":"","Measure":{"ID":"29","Sign":"","Signs":{"ID":"","_":"","Language":"EN"}},"Name":{"Value":"Number of external displays supported","Language":"EN"}}},{"Localized":0,"ID":750971712,"LocalID":0,"Type":"y_n","Value":"Y","CategoryFeatureId":"1085101","CategoryFeatureGroupID":"8603","SortNo":"0","PresentationValue":"Yes","RawValue":"Y","LocalValue":"Yes","Description":"","Mandatory":"0","Searchable":"0","Optional":"0","Feature":{"ID":"46167","Sign":"","Measure":{"ID":"26","Sign":"","Signs":{"ID":"","_":"","Language":"EN"}},"Name":{"Value":"Ray tracing acceleration","Language":"EN"}}}]},{"ID":2066,"SortNo":"75","FeatureGroup":{"ID":"35","Name":{"Value":"Network","Language":"EN"}},"Features":[{"Localized":0,"ID":750881659,"LocalID":0,"Type":"y_n","Value":"Y","CategoryFeatureId":"36488","CategoryFeatureGroupID":"2066","SortNo":"100","PresentationValue":"Yes","RawValue":"Y","LocalValue":"Yes","Description":"An Ethernet LAN (Local Area Network) interface is present, for a wired conection via a cable.","Mandatory":"1","Searchable":"0","Optional":"0","Feature":{"ID":"1347","Sign":"","Measure":{"ID":"26","Sign":"","Signs":{"ID":"","_":"","Language":"EN"}},"Name":{"Value":"Ethernet LAN","Language":"EN"}}},{"Localized":0,"ID":750881717,"LocalID":0,"Type":"multi_dropdown","Value":"1000,2500,5000,10000","CategoryFeatureId":"31181","CategoryFeatureGroupID":"2066","SortNo":"99","PresentationValue":"1000,2500,5000,10000 Mbit/s","RawValue":"1000,2500,5000,10000","LocalValue":"1000,2500,5000,10000","Description":"The different speed levels of the Ethernet LAN connection.","Mandatory":"0","Searchable":"0","Optional":"0","Feature":{"ID":"3768","Sign":"","Measure":{"ID":"23","Sign":"","Signs":{"ID":"4","_":"Mbit/s","Language":"EN"}},"Name":{"Value":"Ethernet LAN data rates","Language":"EN"}}},{"Localized":0,"ID":750881705,"LocalID":0,"Type":"y_n","Value":"Y","CategoryFeatureId":"36487","CategoryFeatureGroupID":"2066","SortNo":"81","PresentationValue":"Yes","RawValue":"Y","LocalValue":"Yes","Description":"Popular technology that allows an electronic device to exchange data or connect to the internet wirelessly using radio waves.","Mandatory":"1","Searchable":"0","Optional":"0","Feature":{"ID":"3239","Sign":"","Measure":{"ID":"26","Sign":"","Signs":{"ID":"","_":"","Language":"EN"}},"Name":{"Value":"Wi-Fi","Language":"EN"}}},{"Localized":0,"ID":750881778,"LocalID":0,"Type":"dropdown","Value":"Wi-Fi 6E (802.11ax)","CategoryFeatureId":"269712","CategoryFeatureGroupID":"2066","SortNo":"80","PresentationValue":"Wi-Fi 6E (802.11ax)","RawValue":"Wi-Fi 6E (802.11ax)","LocalValue":"Wi-Fi 6E (802.11ax)","Description":"Connection of this device is done via Wi-Fi in a high standard.","Mandatory":"0","Searchable":"0","Optional":"0","Feature":{"ID":"24993","Sign":"","Measure":{"ID":"29","Sign":"","Signs":{"ID":"","_":"","Language":"EN"}},"Name":{"Value":"Top Wi-Fi standard","Language":"EN"}}},{"Localized":0,"ID":750881624,"LocalID":0,"Type":"multi_dropdown","Value":"Wi-Fi 6E (802.11ax)","CategoryFeatureId":"44220","CategoryFeatureGroupID":"2066","SortNo":"79","PresentationValue":"Wi-Fi 6E (802.11ax)","RawValue":"Wi-Fi 6E (802.11ax)","LocalValue":"Wi-Fi 6E (802.11ax)","Description":"The type of wireless local area network (LAN). It can be ad-hoc, where units in a network communicate peer-to-peer, or Infrastructure, where units communicate with each other via an access point  A LAN interconnects computers in a small area e.g. home, school or office.","Mandatory":"0","Searchable":"0","Optional":"0","Feature":{"ID":"432","Sign":"","Measure":{"ID":"29","Sign":"","Signs":{"ID":"","_":"","Language":"EN"}},"Name":{"Value":"Wi-Fi standards","Language":"EN"}}},{"Localized":0,"ID":750881678,"LocalID":0,"Type":"y_n","Value":"Y","CategoryFeatureId":"33715","CategoryFeatureGroupID":"2066","SortNo":"50","PresentationValue":"Yes","RawValue":"Y","LocalValue":"Yes","Description":"Bluetooth is a low-power radio technology developed to replace the cables and wires currently used to link or connect electronic devices such as personal computers, printers, and a wide variety of handheld devices including mobile phones. Because it uses radio-wave connectivity, a Bluetooth-enabled device has a constant, established connection to whatever browser it uses. This saves the user the trouble of logging on to check for emails or news updates, for example.","Mandatory":"0","Searchable":"0","Optional":"0","Feature":{"ID":"2183","Sign":"","Measure":{"ID":"26","Sign":"","Signs":{"ID":"","_":"","Language":"EN"}},"Name":{"Value":"Bluetooth","Language":"EN"}}},{"Localized":0,"ID":750881651,"LocalID":0,"Type":"dropdown","Value":"5.3","CategoryFeatureId":"33716","CategoryFeatureGroupID":"2066","SortNo":"49","PresentationValue":"5.3","RawValue":"5.3","LocalValue":"5.3","Description":"The type of bluetooth technology in the product e.g. Bluetooth Smart (v4.0).","Mandatory":"0","Searchable":"0","Optional":"0","Feature":{"ID":"1208","Sign":"","Measure":{"ID":"29","Sign":"","Signs":{"ID":"","_":"","Language":"EN"}},"Name":{"Value":"Bluetooth version","Language":"EN"}}}]},{"ID":821,"SortNo":"70","FeatureGroup":{"ID":"12","Name":{"Value":"Ports & interfaces","Language":"EN"}},"Features":[{"Localized":0,"ID":750881768,"LocalID":0,"Type":"numerical","Value":"2","CategoryFeatureId":"138381","CategoryFeatureGroupID":"821","SortNo":"499","PresentationValue":"2","RawValue":"2","LocalValue":"2","Description":"","Mandatory":"1","Searchable":"0","Optional":"0","Feature":{"ID":"22701","Sign":"","Measure":{"ID":"29","Sign":"","Signs":{"ID":"","_":"","Language":"EN"}},"Name":{"Value":"USB 3.2 Gen 1 (3.1 Gen 1) Type-A ports quantity","Language":"EN"}}},{"Localized":0,"ID":750881774,"LocalID":0,"Type":"numerical","Value":"2","CategoryFeatureId":"138388","CategoryFeatureGroupID":"821","SortNo":"496","PresentationValue":"2","RawValue":"2","LocalValue":"2","Description":"Number of USB 3.1 (3.1 Gen 2) ports with Type-C connector. USB 3.1 (3.1 Gen 2) is USB interface version which supports transfer rate up to 10 Gbit/s (SuperSpeed+). USB Type-C connector has symmetrical design architecture and compatible with Thunderbolt 3 interface.","Mandatory":"1","Searchable":"0","Optional":"0","Feature":{"ID":"22704","Sign":"","Measure":{"ID":"29","Sign":"","Signs":{"ID":"","_":"","Language":"EN"}},"Name":{"Value":"USB 3.2 Gen 2 (3.1 Gen 2) Type-C ports quantity","Language":"EN"}}},{"Localized":0,"ID":750881824,"LocalID":0,"Type":"y_n","Value":"Y","CategoryFeatureId":"974092","CategoryFeatureGroupID":"821","SortNo":"480","PresentationValue":"Yes","RawValue":"Y","LocalValue":"Yes","Description":"","Mandatory":"0","Searchable":"0","Optional":"0","Feature":{"ID":"48004","Sign":"","Measure":{"ID":"26","Sign":"","Signs":{"ID":"","_":"","Language":"EN"}},"Name":{"Value":"Intel® Thunderbolt 5","Language":"EN"}}},{"Localized":0,"ID":750881825,"LocalID":0,"Type":"numerical","Value":"4","CategoryFeatureId":"974085","CategoryFeatureGroupID":"821","SortNo":"479","PresentationValue":"4","RawValue":"4","LocalValue":"4","Description":"","Mandatory":"0","Searchable":"0","Optional":"0","Feature":{"ID":"48005","Sign":"","Measure":{"ID":"29","Sign":"","Signs":{"ID":"","_":"","Language":"EN"}},"Name":{"Value":"Thunderbolt 5 ports quantity","Language":"EN"}}},{"Localized":0,"ID":750881696,"LocalID":0,"Type":"y_n","Value":"N","CategoryFeatureId":"15957","CategoryFeatureGroupID":"821","SortNo":"399","PresentationValue":"No","RawValue":"N","LocalValue":"No","Description":"Digital Visual Interface (DVI) is a video display interface to connect a video source to a display device, such as a computer monitor.","Mandatory":"0","Searchable":"0","Optional":"0","Feature":{"ID":"2319","Sign":"","Measure":{"ID":"26","Sign":"","Signs":{"ID":"","_":"","Language":"EN"}},"Name":{"Value":"DVI port","Language":"EN"}}},{"Localized":0,"ID":750881712,"LocalID":0,"Type":"numerical","Value":"1","CategoryFeatureId":"31178","CategoryFeatureGroupID":"821","SortNo":"398","PresentationValue":"1","RawValue":"1","LocalValue":"1","Description":"The number of sockets (ports) for HDMI connections. HDMI (High-Definition Multimedia Interface) is a compact audio/video interface for transferring uncompressed video data and compressed/uncompressed digital audio data from a HDMI-compliant device (\"the source device\") to a compatible computer monitor, video projector, digital television, or digital audio device. HDMI is a digital replacement for existing analog video standards.","Mandatory":"1","Searchable":"0","Optional":"0","Feature":{"ID":"3566","Sign":"","Measure":{"ID":"29","Sign":"","Signs":{"ID":"","_":"","Language":"EN"}},"Name":{"Value":"HDMI ports quantity","Language":"EN"}}},{"Localized":0,"ID":750881728,"LocalID":0,"Type":"dropdown","Value":"2.1","CategoryFeatureId":"95615","CategoryFeatureGroupID":"821","SortNo":"395","PresentationValue":"2.1","RawValue":"2.1","LocalValue":"2.1","Description":"","Mandatory":"0","Searchable":"0","Optional":"0","Feature":{"ID":"5452","Sign":"","Measure":{"ID":"29","Sign":"","Signs":{"ID":"","_":"","Language":"EN"}},"Name":{"Value":"HDMI version","Language":"EN"}}},{"Localized":0,"ID":750881689,"LocalID":0,"Type":"numerical","Value":"1","CategoryFeatureId":"14590","CategoryFeatureGroupID":"821","SortNo":"340","PresentationValue":"1","RawValue":"1","LocalValue":"1","Description":"Number of Ethernet LAN (RJ-45) ports (connecting interfaces) in the device.  Ethernet LAN (RJ-45) ports allow a computer to connect to the ethernet.","Mandatory":"0","Searchable":"0","Optional":"0","Feature":{"ID":"2312","Sign":"","Measure":{"ID":"29","Sign":"","Signs":{"ID":"","_":"","Language":"EN"}},"Name":{"Value":"Ethernet LAN (RJ-45) ports","Language":"EN"}}},{"Localized":0,"ID":750881691,"LocalID":0,"Type":"numerical","Value":"1","CategoryFeatureId":"15773","CategoryFeatureGroupID":"821","SortNo":"99","PresentationValue":"1","RawValue":"1","LocalValue":"1","Description":"Number of sockets /ports where headphones are connected.","Mandatory":"0","Searchable":"0","Optional":"0","Feature":{"ID":"2313","Sign":"","Measure":{"ID":"29","Sign":"","Signs":{"ID":"","_":"","Language":"EN"}},"Name":{"Value":"Headphone outputs","Language":"EN"}}},{"Localized":0,"ID":750881693,"LocalID":0,"Type":"y_n","Value":"Y","CategoryFeatureId":"41063","CategoryFeatureGroupID":"821","SortNo":"70","PresentationValue":"Yes","RawValue":"Y","LocalValue":"Yes","Description":"The socket/plug where the DC electricity supply connects to the device.","Mandatory":"0","Searchable":"0","Optional":"0","Feature":{"ID":"2316","Sign":"","Measure":{"ID":"26","Sign":"","Signs":{"ID":"","_":"","Language":"EN"}},"Name":{"Value":"DC-in jack","Language":"EN"}}},{"Localized":0,"ID":750881813,"LocalID":0,"Type":"numerical","Value":"2","CategoryFeatureId":"807570","CategoryFeatureGroupID":"821","SortNo":"0","PresentationValue":"2","RawValue":"2","LocalValue":"2","Description":"","Mandatory":"0","Searchable":"0","Optional":"0","Feature":{"ID":"44557","Sign":"","Measure":{"ID":"29","Sign":"","Signs":{"ID":"","_":"","Language":"EN"}},"Name":{"Value":"Number of rear USB ports","Language":"EN"}}},{"Localized":0,"ID":750881815,"LocalID":0,"Type":"numerical","Value":"2","CategoryFeatureId":"807571","CategoryFeatureGroupID":"821","SortNo":"0","PresentationValue":"2","RawValue":"2","LocalValue":"2","Description":"","Mandatory":"0","Searchable":"0","Optional":"0","Feature":{"ID":"44559","Sign":"","Measure":{"ID":"29","Sign":"","Signs":{"ID":"","_":"","Language":"EN"}},"Name":{"Value":"Number of front USB ports","Language":"EN"}}}]},{"ID":10928,"SortNo":"60","FeatureGroup":{"ID":"148","Name":{"Value":"Design","Language":"EN"}},"Features":[{"Localized":0,"ID":750881634,"LocalID":0,"Type":"dropdown","Value":"Mini PC","CategoryFeatureId":"2195","CategoryFeatureGroupID":"10928","SortNo":"600","PresentationValue":"Mini PC","RawValue":"Mini PC","LocalValue":"Mini PC","Description":"The type of rigid framework onto which is the hosuing for device components.","Mandatory":"1","Searchable":"0","Optional":"0","Feature":{"ID":"734","Sign":"","Measure":{"ID":"29","Sign":"","Signs":{"ID":"","_":"","Language":"EN"}},"Name":{"Value":"Chassis type","Language":"EN"}}},{"Localized":0,"ID":750881670,"LocalID":0,"Type":"dropdown","Value":"Silver","CategoryFeatureId":"28831","CategoryFeatureGroupID":"10928","SortNo":"1","PresentationValue":"Silver","RawValue":"Silver","LocalValue":"Silver","Description":"The colour e.g. red, blue, green, black, white.","Mandatory":"1","Searchable":"0","Optional":"0","Feature":{"ID":"1766","Sign":"","Measure":{"ID":"29","Sign":"","Signs":{"ID":"","_":"","Language":"EN"}},"Name":{"Value":"Product colour","Language":"EN"}}},{"Localized":0,"ID":750881726,"LocalID":0,"Type":"dropdown","Value":"Aluminium","CategoryFeatureId":"166991","CategoryFeatureGroupID":"10928","SortNo":"0","PresentationValue":"Aluminium","RawValue":"Aluminium","LocalValue":"Aluminium","Description":"What the casing of the product is made of.","Mandatory":"0","Searchable":"0","Optional":"0","Feature":{"ID":"5214","Sign":"","Measure":{"ID":"29","Sign":"","Signs":{"ID":"","_":"","Language":"EN"}},"Name":{"Value":"Housing material","Language":"EN"}}},{"Localized":0,"ID":750881818,"LocalID":0,"Type":"numerical","Value":"2025","CategoryFeatureId":"903794","CategoryFeatureGroupID":"10928","SortNo":"0","PresentationValue":"2025","RawValue":"2025","LocalValue":"2025","Description":"","Mandatory":"0","Searchable":"0","Optional":"0","Feature":{"ID":"45534","Sign":"","Measure":{"ID":"29","Sign":"","Signs":{"ID":"","_":"","Language":"EN"}},"Name":{"Value":"Introduction year","Language":"EN"}}},{"Localized":0,"ID":750881819,"LocalID":0,"Type":"dropdown","Value":"March","CategoryFeatureId":"903795","CategoryFeatureGroupID":"10928","SortNo":"0","PresentationValue":"March","RawValue":"March","LocalValue":"March","Description":"","Mandatory":"0","Searchable":"0","Optional":"0","Feature":{"ID":"45535","Sign":"","Measure":{"ID":"29","Sign":"","Signs":{"ID":"","_":"","Language":"EN"}},"Name":{"Value":"Introduction month","Language":"EN"}}}]},{"ID":10929,"SortNo":"58","FeatureGroup":{"ID":"184","Name":{"Value":"Performance","Language":"EN"}},"Features":[{"Localized":0,"ID":750881701,"LocalID":0,"Type":"y_n","Value":"Y","CategoryFeatureId":"57203","CategoryFeatureGroupID":"10929","SortNo":"198","PresentationValue":"Yes","RawValue":"Y","LocalValue":"Yes","Description":"The device contains speaker(s) to produce sound.","Mandatory":"0","Searchable":"0","Optional":"0","Feature":{"ID":"2433","Sign":"","Measure":{"ID":"26","Sign":"","Signs":{"ID":"","_":"","Language":"EN"}},"Name":{"Value":"Built-in speaker(s)","Language":"EN"}}},{"Localized":0,"ID":750881762,"LocalID":0,"Type":"dropdown","Value":"Mini PC (<= 3L)","CategoryFeatureId":"86787","CategoryFeatureGroupID":"10929","SortNo":"4","PresentationValue":"Mini PC","RawValue":"Mini PC (<= 3L)","LocalValue":"Mini PC","Description":"The sub-category of the product.","Mandatory":"1","Searchable":"1","Optional":"0","Feature":{"ID":"14052","Sign":"","Measure":{"ID":"29","Sign":"","Signs":{"ID":"","_":"","Language":"EN"}},"Name":{"Value":"Product type","Language":"EN"}}}]},{"ID":3402,"SortNo":"56","FeatureGroup":{"ID":"90","Name":{"Value":"Software","Language":"EN"}},"Features":[{"Localized":0,"ID":750881703,"LocalID":0,"Type":"dropdown","Value":"macOS Sequoia","CategoryFeatureId":"20011","CategoryFeatureGroupID":"3402","SortNo":"601","PresentationValue":"macOS Sequoia","RawValue":"macOS Sequoia","LocalValue":"macOS Sequoia","Description":"Type of operating system on a device e.g. IOS on Apple devices, Android for mobile devices.","Mandatory":"1","Searchable":"1","Optional":"0","Feature":{"ID":"3233","Sign":"","Measure":{"ID":"29","Sign":"","Signs":{"ID":"","_":"","Language":"EN"}},"Name":{"Value":"Operating system installed","Language":"EN"}}},{"Localized":0,"ID":750971719,"LocalID":0,"Type":"y_n","Value":"Y","CategoryFeatureId":"1085100","CategoryFeatureGroupID":"3402","SortNo":"8","PresentationValue":"Yes","RawValue":"Y","LocalValue":"Yes","Description":"","Mandatory":"0","Searchable":"0","Optional":"0","Feature":{"ID":"48307","Sign":"","Measure":{"ID":"26","Sign":"","Signs":{"ID":"","_":"","Language":"EN"}},"Name":{"Value":"Apple Intelligence","Language":"EN"}}},{"Localized":0,"ID":750881685,"LocalID":0,"Type":"text","Value":"App Store; Books; Calendar; Contacts; FaceTime; Find My; Freeform; GarageBand; Home; iMovie; iPhone Mirroring; Keynote; Mail; Maps; Messages; Music; News; Notes; Numbers; Pages; Passwords; Photo Booth; Photos; Podcasts; Preview; QuickTime Player; Reminders; Safari; Shortcuts; Stocks; Time Machine; Tips; TV; Voice Memos; Weather","CategoryFeatureId":"42612","CategoryFeatureGroupID":"3402","SortNo":"-3","PresentationValue":"App Store; Books; Calendar; Contacts; FaceTime; Find My; Freeform; GarageBand; Home; iMovie; iPhone Mirroring; Keynote; Mail; Maps; Messages; Music; News; Notes; Numbers; Pages; Passwords; Photo Booth; Photos; Podcasts; Preview; QuickTime Player; Reminders; Safari; Shortcuts; Stocks; Time Machine; Tips; TV; Voice Memos; Weather","RawValue":"App Store; Books; Calendar; Contacts; FaceTime; Find My; Freeform; GarageBand; Home; iMovie; iPhone Mirroring; Keynote; Mail; Maps; Messages; Music; News; Notes; Numbers; Pages; Passwords; Photo Booth; Photos; Podcasts; Preview; QuickTime Player; Reminders; Safari; Shortcuts; Stocks; Time Machine; Tips; TV; Voice Memos; Weather","LocalValue":"App Store; Books; Calendar; Contacts; FaceTime; Find My; Freeform; GarageBand; Home; iMovie; iPhone Mirroring; Keynote; Mail; Maps; Messages; Music; News; Notes; Numbers; Pages; Passwords; Photo Booth; Photos; Podcasts; Preview; QuickTime Player; Reminders; Safari; Shortcuts; Stocks; Time Machine; Tips; TV; Voice Memos; Weather","Description":"List of pre-installed software for the product; including manufacturer; coined name and modules where applicable; or generic descriptor","Mandatory":"0","Searchable":"0","Optional":"0","Feature":{"ID":"2253","Sign":"","Measure":{"ID":"29","Sign":"","Signs":{"ID":"","_":"","Language":"EN"}},"Name":{"Value":"Pre-installed software","Language":"EN"}}}]},{"ID":10386,"SortNo":"55","FeatureGroup":{"ID":"183","Name":{"Value":"Processor special features","Language":"EN"}},"Features":[{"Localized":0,"ID":750881822,"LocalID":0,"Type":"y_n","Value":"Y","CategoryFeatureId":"974086","CategoryFeatureGroupID":"10386","SortNo":"0","PresentationValue":"Yes","RawValue":"Y","LocalValue":"Yes","Description":"","Mandatory":"0","Searchable":"0","Optional":"0","Feature":{"ID":"47941","Sign":"","Measure":{"ID":"26","Sign":"","Signs":{"ID":"","_":"","Language":"EN"}},"Name":{"Value":"Video decode engine","Language":"EN"}}},{"Localized":0,"ID":750881823,"LocalID":0,"Type":"y_n","Value":"Y","CategoryFeatureId":"974087","CategoryFeatureGroupID":"10386","SortNo":"0","PresentationValue":"Yes","RawValue":"Y","LocalValue":"Yes","Description":"","Mandatory":"0","Searchable":"0","Optional":"0","Feature":{"ID":"47942","Sign":"","Measure":{"ID":"26","Sign":"","Signs":{"ID":"","_":"","Language":"EN"}},"Name":{"Value":"Video encode engine","Language":"EN"}}}]},{"ID":26494,"SortNo":"53","FeatureGroup":{"ID":"144","Name":{"Value":"Brand-specific features","Language":"EN"}},"Features":[{"Localized":0,"ID":750881806,"LocalID":0,"Type":"dropdown","Value":"Increase Contrast,Reduce Motion,Siri and Dictation,Switch Control,Voice Control,VoiceOver,Zoom,Live Captions","CategoryFeatureId":"974091","CategoryFeatureGroupID":"26494","SortNo":"0","PresentationValue":"Increase Contrast, Reduce Motion, Siri and Dictation, Switch Control, Voice Control, VoiceOver, Zoom, Live Captions","RawValue":"Increase Contrast,Reduce Motion,Siri and Dictation,Switch Control,Voice Control,VoiceOver,Zoom,Live Captions","LocalValue":"Increase Contrast, Reduce Motion, Siri and Dictation, Switch Control, Voice Control, VoiceOver, Zoom, Live Captions","Description":"","Mandatory":"0","Searchable":"0","Optional":"0","Feature":{"ID":"43091","Sign":"","Measure":{"ID":"29","Sign":"","Signs":{"ID":"","_":"","Language":"EN"}},"Name":{"Value":"Accessibility features","Language":"EN"}}}]},{"ID":1306,"SortNo":"30","FeatureGroup":{"ID":"27","Name":{"Value":"Power","Language":"EN"}},"Features":[{"Localized":0,"ID":750881653,"LocalID":0,"Type":"numerical","Value":"480","CategoryFeatureId":"3028","CategoryFeatureGroupID":"1306","SortNo":"10000","PresentationValue":"480 W","RawValue":"480","LocalValue":"480","Description":"The way in which the product is powered e.g. rechargeable battery, mains electricity connected via a plug and cable.","Mandatory":"1","Searchable":"0","Optional":"0","Feature":{"ID":"1242","Sign":"","Measure":{"ID":"44","Sign":"","Signs":{"ID":"28","_":"W","Language":"EN"}},"Name":{"Value":"Power supply","Language":"EN"}}},{"Localized":0,"ID":750881655,"LocalID":0,"Type":"alphanumeric","Value":"100 - 240","CategoryFeatureId":"3029","CategoryFeatureGroupID":"1306","SortNo":"414","PresentationValue":"100 - 240 V","RawValue":"100 - 240","LocalValue":"100 - 240","Description":"","Mandatory":"0","Searchable":"0","Optional":"0","Feature":{"ID":"1243","Sign":"","Measure":{"ID":"42","Sign":"","Signs":{"ID":"26","_":"V","Language":"EN"}},"Name":{"Value":"Power supply input voltage","Language":"EN"}}},{"Localized":0,"ID":750881656,"LocalID":0,"Type":"alphanumeric","Value":"50/60","CategoryFeatureId":"3030","CategoryFeatureGroupID":"1306","SortNo":"413","PresentationValue":"50/60 Hz","RawValue":"50/60","LocalValue":"50/60","Description":"The frequency of the electricity, usually measured in Hertz (Hz), which is supplied by the power supply. Mains electricity in many parts of the world is 50Hz.","Mandatory":"0","Searchable":"0","Optional":"0","Feature":{"ID":"1244","Sign":"","Measure":{"ID":"36","Sign":"","Signs":{"ID":"20","_":"Hz","Language":"EN"}},"Name":{"Value":"Power supply input frequency","Language":"EN"}}}]},{"ID":1307,"SortNo":"25","FeatureGroup":{"ID":"28","Name":{"Value":"Operational conditions","Language":"EN"}},"Features":[{"Localized":0,"ID":750881647,"LocalID":0,"Type":"range","Value":"10 - 35","CategoryFeatureId":"5561","CategoryFeatureGroupID":"1307","SortNo":"1200","PresentationValue":"10 - 35 °C","RawValue":"10 - 35","LocalValue":"10 - 35","Description":"The minimum and maximum temperatures at which the product can be safely operated.","Mandatory":"0","Searchable":"0","Optional":"0","Feature":{"ID":"1112","Sign":"","Measure":{"ID":"65","Sign":"","Signs":{"ID":"48","_":"°C","Language":"EN"}},"Name":{"Value":"Operating temperature (T-T)","Language":"EN"}}},{"Localized":0,"ID":750881636,"LocalID":0,"Type":"range","Value":"-40 - 47","CategoryFeatureId":"2205","CategoryFeatureGroupID":"1307","SortNo":"1199","PresentationValue":"-40 - 47 °C","RawValue":"-40 - 47","LocalValue":"-40 - 47","Description":"The minimum and maximum temperatures at which the product can be safely stored.","Mandatory":"0","Searchable":"0","Optional":"0","Feature":{"ID":"757","Sign":"","Measure":{"ID":"65","Sign":"","Signs":{"ID":"48","_":"°C","Language":"EN"}},"Name":{"Value":"Storage temperature (T-T)","Language":"EN"}}},{"Localized":0,"ID":750881631,"LocalID":0,"Type":"range","Value":"5 - 95","CategoryFeatureId":"2200","CategoryFeatureGroupID":"1307","SortNo":"999","PresentationValue":"5 - 95%","RawValue":"5 - 95","LocalValue":"5 - 95","Description":"","Mandatory":"0","Searchable":"0","Optional":"0","Feature":{"ID":"703","Sign":"","Measure":{"ID":"64","Sign":"","Signs":{"ID":"47","_":"%","Language":"EN"}},"Name":{"Value":"Operating relative humidity (H-H)","Language":"EN"}}},{"Localized":0,"ID":750881629,"LocalID":0,"Type":"range","Value":"0 - 5000","CategoryFeatureId":"2219","CategoryFeatureGroupID":"1307","SortNo":"47","PresentationValue":"0 - 5000 m","RawValue":"0 - 5000","LocalValue":"0 - 5000","Description":"","Mandatory":"0","Searchable":"0","Optional":"0","Feature":{"ID":"667","Sign":"","Measure":{"ID":"54","Sign":"","Signs":{"ID":"37","_":"m","Language":"EN"}},"Name":{"Value":"Operating altitude","Language":"EN"}}}]},{"ID":72247,"SortNo":"19","FeatureGroup":{"ID":"279","Name":{"Value":"Sustainability","Language":"EN"}},"Features":[{"Localized":0,"ID":750881793,"LocalID":0,"Type":"multi_dropdown","Value":"ENERGY STAR","CategoryFeatureId":"603214","CategoryFeatureGroupID":"72247","SortNo":"0","PresentationValue":"ENERGY STAR","RawValue":"ENERGY STAR","LocalValue":"ENERGY STAR","Description":"","Mandatory":"0","Searchable":"0","Optional":"0","Feature":{"ID":"42513","Sign":"","Measure":{"ID":"29","Sign":"","Signs":{"ID":"","_":"","Language":"EN"}},"Name":{"Value":"Sustainability certificates","Language":"EN"}}},{"Localized":0,"ID":750881795,"LocalID":0,"Type":"multi_dropdown","Value":"Mercury (element),PVC/BFR","CategoryFeatureId":"623759","CategoryFeatureGroupID":"72247","SortNo":"0","PresentationValue":"Mercury, PVC/BFR","RawValue":"Mercury (element),PVC/BFR","LocalValue":"Mercury, PVC/BFR","Description":"","Mandatory":"0","Searchable":"0","Optional":"0","Feature":{"ID":"42516","Sign":"","Measure":{"ID":"29","Sign":"","Signs":{"ID":"","_":"","Language":"EN"}},"Name":{"Value":"Doesn't contain","Language":"EN"}}}]},{"ID":1309,"SortNo":"10","FeatureGroup":{"ID":"14","Name":{"Value":"Weight & dimensions","Language":"EN"}},"Features":[{"Localized":0,"ID":750881666,"LocalID":0,"Type":"numerical","Value":"197","CategoryFeatureId":"6228","CategoryFeatureGroupID":"1309","SortNo":"55","PresentationValue":"197 mm","RawValue":"197","LocalValue":"197","Description":"The measurement or extent of something from side to side.","Mandatory":"1","Searchable":"0","Optional":"0","Feature":{"ID":"1649","Sign":"","Measure":{"ID":"24","Sign":"","Signs":{"ID":"3","_":"mm","Language":"EN"}},"Name":{"Value":"Width","Language":"EN"}}},{"Localized":0,"ID":750881668,"LocalID":0,"Type":"numerical","Value":"197","CategoryFeatureId":"6225","CategoryFeatureGroupID":"1309","SortNo":"54","PresentationValue":"197 mm","RawValue":"197","LocalValue":"197","Description":"The distance from the front to the back of something.","Mandatory":"1","Searchable":"0","Optional":"0","Feature":{"ID":"1650","Sign":"","Measure":{"ID":"24","Sign":"","Signs":{"ID":"3","_":"mm","Language":"EN"}},"Name":{"Value":"Depth","Language":"EN"}}},{"Localized":0,"ID":750881664,"LocalID":0,"Type":"numerical","Value":"95","CategoryFeatureId":"6226","CategoryFeatureGroupID":"1309","SortNo":"53","PresentationValue":"95 mm","RawValue":"95","LocalValue":"95","Description":"The measurement of the product from head to foot or from base to top.","Mandatory":"1","Searchable":"0","Optional":"0","Feature":{"ID":"1464","Sign":"","Measure":{"ID":"24","Sign":"","Signs":{"ID":"3","_":"mm","Language":"EN"}},"Name":{"Value":"Height","Language":"EN"}}},{"Localized":0,"ID":750881620,"LocalID":0,"Type":"numerical","Value":"2740","CategoryFeatureId":"8718","CategoryFeatureGroupID":"1309","SortNo":"45","PresentationValue":"2.74 kg","RawValue":"2740","LocalValue":"2.74","Description":"Weight of the product without packaging (net weight). If possible, the net weight is given including standard accessories and supplies. Please note that sometimes the manufacturer leaves out the weight of accessories and/or supplies.","Mandatory":"1","Searchable":"0","Optional":"0","Feature":{"ID":"94","Sign":"","Measure":{"ID":"38","Sign":"","Signs":{"ID":"22","_":"g","Language":"EN"}},"Name":{"Value":"Weight","Language":"EN"}}},{"Localized":0,"ID":750881723,"LocalID":0,"Type":"numerical","Value":"217","CategoryFeatureId":"74308","CategoryFeatureGroupID":"1309","SortNo":"-10","PresentationValue":"217 mm","RawValue":"217","LocalValue":"217","Description":"The distance from one side of the packaging to the other.","Mandatory":"0","Searchable":"0","Optional":"0","Feature":{"ID":"3808","Sign":"","Measure":{"ID":"24","Sign":"","Signs":{"ID":"3","_":"mm","Language":"EN"}},"Name":{"Value":"Package width","Language":"EN"}}},{"Localized":0,"ID":750881719,"LocalID":0,"Type":"numerical","Value":"283","CategoryFeatureId":"74309","CategoryFeatureGroupID":"1309","SortNo":"-11","PresentationValue":"283 mm","RawValue":"283","LocalValue":"283","Description":"The distance from the front to the back of the packaging.","Mandatory":"0","Searchable":"0","Optional":"0","Feature":{"ID":"3806","Sign":"","Measure":{"ID":"24","Sign":"","Signs":{"ID":"3","_":"mm","Language":"EN"}},"Name":{"Value":"Package depth","Language":"EN"}}},{"Localized":0,"ID":750881721,"LocalID":0,"Type":"numerical","Value":"292","CategoryFeatureId":"74310","CategoryFeatureGroupID":"1309","SortNo":"-12","PresentationValue":"292 mm","RawValue":"292","LocalValue":"292","Description":"The distance from the top to the bottom of the packaging.","Mandatory":"0","Searchable":"0","Optional":"0","Feature":{"ID":"3807","Sign":"","Measure":{"ID":"24","Sign":"","Signs":{"ID":"3","_":"mm","Language":"EN"}},"Name":{"Value":"Package height","Language":"EN"}}},{"Localized":0,"ID":750881638,"LocalID":0,"Type":"numerical","Value":"4880","CategoryFeatureId":"4976","CategoryFeatureGroupID":"1309","SortNo":"-13","PresentationValue":"4.88 kg","RawValue":"4880","LocalValue":"4.88","Description":"Weight of the packaged product.","Mandatory":"0","Searchable":"0","Optional":"0","Feature":{"ID":"762","Sign":"","Measure":{"ID":"38","Sign":"","Signs":{"ID":"22","_":"g","Language":"EN"}},"Name":{"Value":"Package weight","Language":"EN"}}}]},{"ID":9610,"SortNo":"3","FeatureGroup":{"ID":"116","Name":{"Value":"Packaging content","Language":"EN"}},"Features":[{"Localized":0,"ID":750881673,"LocalID":0,"Type":"multi_dropdown","Value":"AC","CategoryFeatureId":"83907","CategoryFeatureGroupID":"9610","SortNo":"300","PresentationValue":"AC","RawValue":"AC","LocalValue":"AC","Description":"","Mandatory":"0","Searchable":"0","Optional":"0","Feature":{"ID":"1830","Sign":"","Measure":{"ID":"29","Sign":"","Signs":{"ID":"","_":"","Language":"EN"}},"Name":{"Value":"Cables included","Language":"EN"}}}]},{"ID":82594,"SortNo":"0","FeatureGroup":{"ID":"5","Name":{"Value":"Display","Language":"EN"}},"Features":[{"Localized":0,"ID":750881676,"LocalID":0,"Type":"y_n","Value":"N","CategoryFeatureId":"11391","CategoryFeatureGroupID":"82594","SortNo":"500","PresentationValue":"No","RawValue":"N","LocalValue":"No","Description":"This product includes a display.","Mandatory":"1","Searchable":"1","Optional":"0","Feature":{"ID":"2177","Sign":"","Measure":{"ID":"26","Sign":"","Signs":{"ID":"","_":"","Language":"EN"}},"Name":{"Value":"Display included","Language":"EN"}}}]},{"ID":6656,"SortNo":"-1000","FeatureGroup":{"ID":"146","Name":{"Value":"Other features","Language":"EN"}},"Features":[{"Localized":0,"ID":750881738,"LocalID":0,"Type":"multi_dropdown","Value":"AV1,H.264,HEVC,ProRes","CategoryFeatureId":"974089","CategoryFeatureGroupID":"6656","SortNo":"145","PresentationValue":"AV1, H.264, HEVC, ProRes","RawValue":"AV1,H.264,HEVC,ProRes","LocalValue":"AV1, H.264, HEVC, ProRes","Description":"The type of video formats that can be used by this device.","Mandatory":"0","Searchable":"0","Optional":"0","Feature":{"ID":"6893","Sign":"","Measure":{"ID":"29","Sign":"","Signs":{"ID":"","_":"","Language":"EN"}},"Name":{"Value":"Video formats supported","Language":"EN"}}},{"Localized":0,"ID":750881820,"LocalID":0,"Type":"numerical","Value":"1","CategoryFeatureId":"921176","CategoryFeatureGroupID":"6656","SortNo":"0","PresentationValue":"1 year(s)","RawValue":"1","LocalValue":"1","Description":"","Mandatory":"0","Searchable":"0","Optional":"0","Feature":{"ID":"45898","Sign":"","Measure":{"ID":"75","Sign":"","Signs":{"ID":"58","_":"year(s)","Language":"EN"}},"Name":{"Value":"Warranty period","Language":"EN"}}}]}],"FeatureLogos":[{"LogoPic":"https://inishop.com/img/feature_logo/4-8210.png","Width":"195","Height":"200","Size":"0","ThumbPic":"https://inishop.com/img/feature_logo_thumbs/4-8210.png","FeatureID":"42513","Value":"ENERGY STAR","KeyLogo":0,"Description":{"Value":"ENERGY STAR® is the government-backed symbol for energy efficiency, providing simple, credible, and unbiased information that consumers and businesses rely on to make well-informed decisions. ENERGY STAR is the simple choice for energy efficiency, making it easy for consumers and businesses to purchase products that save them money and protect the environment.","Language":"EN"}}],"ReasonsToBuy":[{"ReasonToBuyID":"83581454","Value":"Powered by the most advanced Apple silicon, Mac Studio is the ultimate pro desktop. With massive CPU core updates, mind-bending graphics, increased memory, blazing-fast Thunderbolt 5 connectivity, and next-level AI capabilities, Mac Studio is the beast that’s built to deliver.","HighPic":"https://inishop.com/img/bullets/129090887-67c89ba54cce2461621878.jpg","HighPicSize":"0","No":"1","Title":"Choose your superpower.","Language":"EN","Updated":"2025-03-05 19:44:53","Origin":"RTB","IsPrivate":"0"},{"ReasonToBuyID":"83581455","Value":"M4 Max brings serious speed and capability to pro workloads and creative projects. Mix an epic film score with hundreds of virtual instruments. Blast through visual effects with faster particle effects and simulations. And tackle AI tasks like image upscaling and video caption creation at warp speed.","HighPic":"https://inishop.com/img/bullets/129090887-67c89ba54d242770329789.jpg","HighPicSize":"0","No":"2","Title":"M4 Max","Language":"EN","Updated":"2025-03-05 19:44:53","Origin":"RTB","IsPrivate":"0"},{"ReasonToBuyID":"83581456","Value":"Our most advanced chip delivers unprecedented power for the most demanding professionals. Whether you’re loading massive datasets for large language models, editing a feature film, or composing a symphony, this chip does it all.","HighPic":"https://inishop.com/img/bullets/129090887-67c89ba54d573862396399.jpg","HighPicSize":"0","No":"3","Title":"M3 Ultra","Language":"EN","Updated":"2025-03-05 19:44:53","Origin":"RTB","IsPrivate":"0"},{"ReasonToBuyID":"83581458","Value":"Apple Intelligence is the personal intelligence system that helps you write, express yourself, and get things done effortlessly. With groundbreaking privacy protections, it gives you peace of mind that no one else can access your data — not even Apple.<br><br>Siri<br>Siri can help you like never before, drawing on your personal context by using the information on your device to help find what you’re looking for — like a presentation file shared with you in an email weeks ago. Siri can even tap into ChatGPT to bring answers right to you. No account needed.<br><br>Writing Tools<br>Use Apple Intelligence to proofread your text and rewrite different versions until the tone and wording are just right, and summarize selected text with a click. Or use Compose to tap directly into ChatGPT to create content from scratch.<br><br>Priority Messages<br>Get time-sensitive messages at the top of your inbox — like an invitation for a meeting in an hour or a contract that needs your signature by midnight. And Mail summarizes messages so you can get the gist of an email without even opening it.","HighPic":"https://inishop.com/img/bullets/129090887-67c89ba54d86a914643213.jpg","HighPicSize":"0","No":"4","Title":"Apple Intelligence. Work smarter.","Language":"EN","Updated":"2025-03-05 19:44:53","Origin":"RTB","IsPrivate":"0"},{"ReasonToBuyID":"83581460","Value":"Apple Intelligence is designed to protect your privacy at every step. It’s integrated into the core of your Mac through on‑device processing. So it’s aware of your personal information without collecting your personal information.<br><br>And with groundbreaking Private Cloud Compute, Apple Intelligence can draw on larger server-based models, running on Apple silicon, to handle more complex requests for you while protecting your privacy.","HighPic":"https://inishop.com/img/bullets/129090887-67c89ba54db6f916142563.jpg","HighPicSize":"0","No":"5","Title":"Great powers come with great privacy.","Language":"EN","Updated":"2025-03-05 19:44:53","Origin":"RTB","IsPrivate":"0"},{"ReasonToBuyID":"83581462","Value":"Thanks to the power and efficiency of Apple silicon, Mac Studio lets M4 Max and M3 Ultra — and your imagination — run unrestrained within an unbelievably small footprint. Designed to fit perfectly under most displays, putting tremendous power and connectivity within arm’s reach, Mac Studio is a high-performance computer unlike any other.","HighPic":"https://inishop.com/img/bullets/129090887-67c89ba54deae152319459.jpg","HighPicSize":"0","No":"6","Title":"Outsized performance. Fits right in.","Language":"EN","Updated":"2025-03-05 19:44:53","Origin":"RTB","IsPrivate":"0"},{"ReasonToBuyID":"83581464","Value":"Within the 7.7-inch-square Mac Studio enclosure lies a thermal system designed to let M4 Max or M3 Ultra fly through intensive tasks at lightning-fast speeds. Even with so much incredible power, Mac Studio stays quiet, so it never interferes with your workflow.<br><br>Create the studio of your dreams with unmatched versatility. Mac Studio features Thunderbolt 5 with transfer rates up to 120Gb/s — three times faster than Thunderbolt 4 — and supports Wi-Fi 6E and Bluetooth 5.3.18 Drive external displays, directly offload SDXC cards, connect high-speed peripherals, or use an external chassis for PCIe expansion to build your ideal creative playground.","HighPic":"https://inishop.com/img/bullets/129090887-67c89ba54e1c3336253921.jpg","HighPicSize":"0","No":"7","Title":"Plays it cool and quiet.","Language":"EN","Updated":"2025-03-05 19:44:53","Origin":"RTB","IsPrivate":"0"},{"ReasonToBuyID":"83581466","Value":"Mac Studio was designed to pair beautifully with Studio Display, an expansive 27-inch 5K Retina display. Together they’re the ultimate studio setup.","HighPic":"https://inishop.com/img/bullets/129090887-67c89ba54e494256010991.jpg","HighPicSize":"0","No":"8","Title":"Studio Display and Mac Studio. Dream team.","Language":"EN","Updated":"2025-03-05 19:44:53","Origin":"RTB","IsPrivate":"0"},{"ReasonToBuyID":"83581468","Value":"With its shockingly compact form factor and abundance of ports, Mac Studio lets you reimagine your workspace and unleash your creativity.","HighPic":"https://inishop.com/img/bullets/129090887-67c89ba54e78a585248450.jpg","HighPicSize":"0","No":"9","Title":"Transform your studio.","Language":"EN","Updated":"2025-03-05 19:44:53","Origin":"RTB","IsPrivate":"0"},{"ReasonToBuyID":"83581470","Value":"Magic accessories are wireless, rechargeable, precise, and designed to work seamlessly with one another. Take your creativity to the next level by adding Magic Mouse, Magic Trackpad, or Magic Keyboard with Touch ID.","HighPic":"https://inishop.com/img/bullets/129090887-67c89ba54ea6d577936976.jpg","HighPicSize":"0","No":"10","Title":"Accessories that work like magic.","Language":"EN","Updated":"2025-03-05 19:44:53","Origin":"RTB","IsPrivate":"0"},{"ReasonToBuyID":"83581472","Value":"macOS is designed to be powerful and intuitive, and to make the most of Apple silicon. Choose from tens of thousands of apps optimized for the incredible graphics, memory, and machine learning capabilities of Apple silicon — including powerful AI-ready and pro apps like Final Cut Pro, DaVinci Resolve Studio, and Adobe Photoshop.","HighPic":"https://inishop.com/img/bullets/129090887-67c89ba54ed8d867148378.jpg","HighPicSize":"0","No":"11","Title":"macOS. Let your pro apps fly.","Language":"EN","Updated":"2025-03-05 19:44:53","Origin":"RTB","IsPrivate":"0"}],"Reviews":[],"ProductRelated":[{"ID":0,"CategoryID":222,"Preferred":0,"IcecatID":108517450,"ProductCode":"GB2730HSU-B5","ThumbPic":"","ProductName":"GB2730HSU-B5","Brand":"iiyama","BrandID":80,"ProductRelatedLocales":[{"ID":0,"Language":"EN","Preferred":0,"StartDate":"","EndDate":""}]},{"ID":0,"CategoryID":194,"Preferred":0,"IcecatID":91721280,"ProductCode":"920-010016","ThumbPic":"","ProductName":"K120 Black","Brand":"Logitech","BrandID":91,"ProductRelatedLocales":[{"ID":0,"Language":"EN","Preferred":0,"StartDate":"","EndDate":""}]},{"ID":0,"CategoryID":1637,"Preferred":0,"IcecatID":91320186,"ProductCode":"213727-02","ThumbPic":"","ProductName":"Voyager Focus 2 UC","Brand":"Poly","BrandID":30478,"ProductRelatedLocales":[{"ID":0,"Language":"EN","Preferred":0,"StartDate":"","EndDate":""}]},{"ID":0,"CategoryID":222,"Preferred":0,"IcecatID":89659625,"ProductCode":"243B9H/00","ThumbPic":"","ProductName":"243B9H/00","Brand":"Philips","BrandID":25,"ProductRelatedLocales":[{"ID":0,"Language":"EN","Preferred":0,"StartDate":"","EndDate":""}]},{"ID":0,"CategoryID":1637,"Preferred":0,"IcecatID":89419257,"ProductCode":"1000919","ThumbPic":"","ProductName":"ADAPT 160 USB-C II","Brand":"EPOS","BrandID":5606,"ProductRelatedLocales":[{"ID":0,"Language":"EN","Preferred":0,"StartDate":"","EndDate":""}]},{"ID":0,"CategoryID":1637,"Preferred":0,"IcecatID":79744208,"ProductCode":"209744-201","ThumbPic":"","ProductName":"Blackwire C3210","Brand":"Poly","BrandID":30478,"ProductRelatedLocales":[{"ID":0,"Language":"EN","Preferred":0,"StartDate":"","EndDate":""}]},{"ID":0,"CategoryID":222,"Preferred":0,"IcecatID":79024906,"ProductCode":"242B1H/00","ThumbPic":"","ProductName":"242B1H/00","Brand":"Philips","BrandID":25,"ProductRelatedLocales":[{"ID":0,"Language":"EN","Preferred":0,"StartDate":"","EndDate":""}]},{"ID":0,"CategoryID":222,"Preferred":0,"IcecatID":67917520,"ProductCode":"XB2474HS-B2","ThumbPic":"","ProductName":"XB2474HS-B2","Brand":"iiyama","BrandID":80,"ProductRelatedLocales":[{"ID":0,"Language":"EN","Preferred":0,"StartDate":"","EndDate":""}]},{"ID":0,"CategoryID":195,"Preferred":0,"IcecatID":59345544,"ProductCode":"910-005508","ThumbPic":"","ProductName":"M110 Silent","Brand":"Logitech","BrandID":91,"ProductRelatedLocales":[{"ID":0,"Language":"EN","Preferred":0,"StartDate":"","EndDate":""}]},{"ID":0,"CategoryID":222,"Preferred":0,"IcecatID":56814953,"ProductCode":"243V7QJABF/00","ThumbPic":"","ProductName":"Full HD LCD monitor 243V7QJABF/00","Brand":"Philips","BrandID":25,"ProductRelatedLocales":[{"ID":0,"Language":"EN","Preferred":0,"StartDate":"","EndDate":""}]},{"ID":0,"CategoryID":1637,"Preferred":0,"IcecatID":36759492,"ProductCode":"7599-832-109","ThumbPic":"","ProductName":"Jabra EVOLVE 75 MS","Brand":"Jabra","BrandID":196,"ProductRelatedLocales":[{"ID":0,"Language":"EN","Preferred":0,"StartDate":"","EndDate":""}]},{"ID":0,"CategoryID":577,"Preferred":0,"IcecatID":34566827,"ProductCode":"960-001106","ThumbPic":"","ProductName":"BRIO ULTRA HD PRO BUSINESS WEBCAM","Brand":"Logitech","BrandID":91,"ProductRelatedLocales":[{"ID":0,"Language":"EN","Preferred":0,"StartDate":"","EndDate":""}]},{"ID":0,"CategoryID":222,"Preferred":0,"IcecatID":33210190,"ProductCode":"XU2492HSU-B1","ThumbPic":"","ProductName":"XU2492HSU","Brand":"iiyama","BrandID":80,"ProductRelatedLocales":[{"ID":0,"Language":"EN","Preferred":0,"StartDate":"","EndDate":""}]},{"ID":0,"CategoryID":195,"Preferred":0,"IcecatID":32881490,"ProductCode":"910-004878","ThumbPic":"","ProductName":"M220 SILENT","Brand":"Logitech","BrandID":91,"ProductRelatedLocales":[{"ID":0,"Language":"EN","Preferred":0,"StartDate":"","EndDate":""}]},{"ID":0,"CategoryID":577,"Preferred":0,"IcecatID":32504230,"ProductCode":"960-001076","ThumbPic":"","ProductName":"C925e Business Webcam","Brand":"Logitech","BrandID":91,"ProductRelatedLocales":[{"ID":0,"Language":"EN","Preferred":0,"StartDate":"","EndDate":""}]},{"ID":0,"CategoryID":577,"Preferred":0,"IcecatID":31038491,"ProductCode":"960-001063","ThumbPic":"","ProductName":"C270 HD WEBCAM","Brand":"Logitech","BrandID":91,"ProductRelatedLocales":[{"ID":0,"Language":"EN","Preferred":0,"StartDate":"","EndDate":""}]},{"ID":0,"CategoryID":195,"Preferred":0,"IcecatID":25436976,"ProductCode":"K72452WW","ThumbPic":"","ProductName":"Pro Fit 2.4GHz Wireless Mobile Mouse - Black","Brand":"Kensington","BrandID":87,"ProductRelatedLocales":[{"ID":0,"Language":"EN","Preferred":0,"StartDate":"","EndDate":""}]},{"ID":0,"CategoryID":1637,"Preferred":0,"IcecatID":24686695,"ProductCode":"4999-823-109","ThumbPic":"","ProductName":"Jabra Evolve 20 MS Stereo","Brand":"Jabra","BrandID":196,"ProductRelatedLocales":[{"ID":0,"Language":"EN","Preferred":0,"StartDate":"","EndDate":""}]},{"ID":0,"CategoryID":1637,"Preferred":0,"IcecatID":24686693,"ProductCode":"4993-823-109","ThumbPic":"","ProductName":"Jabra EVOLVE 20 MS Mono","Brand":"Jabra","BrandID":196,"ProductRelatedLocales":[{"ID":0,"Language":"EN","Preferred":0,"StartDate":"","EndDate":""}]},{"ID":0,"CategoryID":195,"Preferred":0,"IcecatID":24350001,"ProductCode":"910-004287","ThumbPic":"","ProductName":"Wireless Mouse M280","Brand":"Logitech","BrandID":91,"ProductRelatedLocales":[{"ID":0,"Language":"EN","Preferred":0,"StartDate":"","EndDate":""}]},{"ID":0,"CategoryID":194,"Preferred":0,"IcecatID":20846887,"ProductCode":"JK-0800GB-2","ThumbPic":"","ProductName":"KC 1000 Corded Keyboard, Black, USB (QWERTY - UK)","Brand":"CHERRY","BrandID":220,"ProductRelatedLocales":[{"ID":0,"Language":"EN","Preferred":0,"StartDate":"","EndDate":""}]},{"ID":0,"CategoryID":194,"Preferred":0,"IcecatID":14809623,"ProductCode":"920-003986","ThumbPic":"","ProductName":"Wireless Combo MK330","Brand":"Logitech","BrandID":91,"ProductRelatedLocales":[{"ID":0,"Language":"EN","Preferred":0,"StartDate":"","EndDate":""}]},{"ID":0,"CategoryID":195,"Preferred":0,"IcecatID":7044307,"ProductCode":"K72356EU","ThumbPic":"","ProductName":"Mouse in a Box Wired","Brand":"Kensington","BrandID":87,"ProductRelatedLocales":[{"ID":0,"Language":"EN","Preferred":0,"StartDate":"","EndDate":""}]},{"ID":0,"CategoryID":195,"Preferred":0,"IcecatID":87115,"ProductCode":"64325","ThumbPic":"","ProductName":"Expert Mouse Wired Optical Trackball","Brand":"Kensington","BrandID":87,"ProductRelatedLocales":[{"ID":0,"Language":"EN","Preferred":0,"StartDate":"","EndDate":""}]}],"CatalogObjectCloud":{},"Variants":[],"ProductStory":[],"Dictionary":{"model_name":"Product name","desc":"Description","ean_code":"EAN/UPC code","flash360":"3D tour","demo_msg_part3":"If you don't have an Icecat account, please register here for free.","repairability_index":"Repairability index","zoom_panel_init":"Original size","cat_name":"Category","product_family":"Product family","back_to_top":"Back to top","zoom_panel_out":"Zoom out","specs":"Specs","eu_product_fiche":"EU Product Fiche","reviews_head_name":"Reviews","pdf_specs":"Product Brochure","zoom_panel_in":"Zoom in","html_content":"","release_date":"Release date","demo_msg_part1":"You are using now a Demo account. Please, use your own Icecat account","demo_insert_desc":"This is a demo of a seamless insert of an Icecat LIVE product data-sheet in your website. Imagine that this responsive data-sheet is included in the product page of your webshop.","pdf_url":"User manual","prod_code":"Product code","supplier_name":"Brand","video":"Video","reasons_to_buy":"Reasons to buy","marketing_text":"Description","options_head_name":"Options","product_series":"Product series","demo_msg_part2":"your Icecat login name","link_integrate_desk":"How to integrate Icecat LIVE JavaScript.","zoom_panel_dragg":"Mouse dragging","eu_energy_label":"EU Energy Label"},"DemoAccount":false}}