{"msg":"OK","data":{"GeneralInfo":{"IcecatId":134703585,"ReleaseDate":"","EndOfLifeDate":"","Title":"Verman Nenoxin Nasal spray","TitleInfo":{"GeneratedIntTitle":"Verman Nenoxin","GeneratedLocalTitle":{"Value":"Verman Nenoxin Nasal spray","Language":"EN"},"BrandLocalTitle":{"Value":"","Language":"EN"}},"Brand":"Verman","BrandID":"43648","BrandLogo":"","BrandInfo":{"BrandName":"Verman","BrandLocalName":"","BrandLogo":""},"ProductName":"Nenoxin","ProductNameInfo":{"ProductIntName":"Nenoxin","ProductLocalName":{"Value":"","Language":"EN"}},"BrandPartCode":"NENOXIN","GTIN":[],"Category":{"CategoryID":"4879","Name":{"Value":"Antiallergic Drugs","Language":"EN"}},"ProductFamily":{},"ProductSeries":{"SeriesID":"1"},"Description":{"ID":"104044187","LongDesc":"Nenoxin is a nasal spray for treating the symptoms of allergic rhinitis. Active substance: mometasone. Medicine.","LongProductName":"Nenoxin antihistamine nasal spray","MiddleDesc":"","Disclaimer":"","ManualPDFURL":"","ManualPDFSize":"0","LeafletPDFURL":"","PDFSize":"0","URL":"https://verman.fi/en/products/","WarrantyInfo":"","Updated":"2025-09-09 10:11:41","Language":"EN"},"SummaryDescription":{"ShortSummaryDescription":"Verman Nenoxin, Nasal spray","LongSummaryDescription":"Verman Nenoxin. Dosage form: Nasal spray, Suitable for: Adults, Minimum age: 18 yr(s)"},"BulletPoints":{},"GeneratedBulletPoints":{},"GTINs":[]},"Image":{"HighPic":"https://inishop.com/img/gallery/a2717a43029755e379dd9617f0c851c9fcf7956c.jpg","HighPicSize":"45088","HighPicHeight":"300","HighPicWidth":"213","LowPic":"https://inishop.com/img/gallery_lows/2740dc4fe84b4be5a57442d802b270e4a5fbca55.jpg","LowPicSize":"23103","LowPicHeight":"200","LowPicWidth":"142","Pic500x500":"","Pic500x500Size":"0","Pic500x500Height":"0","Pic500x500Width":"0","ThumbPic":"https://inishop.com/img/gallery_thumbs/bc9607589851b4c9283a69e257dc06aceefc03cb.jpg","ThumbPicSize":"4812"},"Multimedia":[],"Gallery":[{"ID":"117095023","LowPic":"https://inishop.com/img/gallery_lows/2740dc4fe84b4be5a57442d802b270e4a5fbca55.jpg","LowSize":"23103","LowHeight":"200","LowWidth":"142","ThumbPic":"https://inishop.com/img/gallery_thumbs/bc9607589851b4c9283a69e257dc06aceefc03cb.jpg","ThumbPicSize":"4812","Pic":"https://inishop.com/img/gallery/a2717a43029755e379dd9617f0c851c9fcf7956c.jpg","Size":"45088","PicHeight":"300","PicWidth":"213","Pic500x500":"","Pic500x500Size":"0","Pic500x500Height":"0","Pic500x500Width":"0","No":"1","IsMain":"Y","Updated":"2025-09-09 10:10:46","IsPrivate":"0","Type":"ProductImage","Attributes":{"OriginalFileName":""}}],"FeaturesGroups":[{"ID":17656,"SortNo":"5","FeatureGroup":{"ID":"185","Name":{"Value":"Features","Language":"EN"}},"Features":[{"Localized":0,"ID":835230508,"LocalID":0,"Type":"dropdown","Value":"Nasal spray","CategoryFeatureId":"162301","CategoryFeatureGroupID":"17656","SortNo":"100","PresentationValue":"Nasal spray","RawValue":"Nasal spray","LocalValue":"Nasal spray","Description":"","Mandatory":"1","Searchable":"1","Optional":"0","Feature":{"ID":"25712","Sign":"","Measure":{"ID":"29","Sign":"","Signs":{"ID":"","_":"","Language":"EN"}},"Name":{"Value":"Dosage form","Language":"EN"}}},{"Localized":0,"ID":835230590,"LocalID":0,"Type":"dropdown","Value":"Adults","CategoryFeatureId":"162302","CategoryFeatureGroupID":"17656","SortNo":"95","PresentationValue":"Adults","RawValue":"Adults","LocalValue":"Adults","Description":"Who can use the product, or what the product can be used for.","Mandatory":"0","Searchable":"0","Optional":"0","Feature":{"ID":"9202","Sign":"","Measure":{"ID":"29","Sign":"","Signs":{"ID":"","_":"","Language":"EN"}},"Name":{"Value":"Suitable for","Language":"EN"}}},{"Localized":0,"ID":835230591,"LocalID":0,"Type":"numerical","Value":"18","CategoryFeatureId":"162303","CategoryFeatureGroupID":"17656","SortNo":"90","PresentationValue":"18 yr(s)","RawValue":"18","LocalValue":"18","Description":"The minimum age suitable for using this product.","Mandatory":"0","Searchable":"0","Optional":"0","Feature":{"ID":"7769","Sign":"","Measure":{"ID":"439","Sign":"","Signs":{"ID":"39428","_":"yr(s)","Language":"EN"}},"Name":{"Value":"Minimum age","Language":"EN"}}},{"Localized":0,"ID":835230586,"LocalID":0,"Type":"numerical","Value":"140","CategoryFeatureId":"167648","CategoryFeatureGroupID":"17656","SortNo":"50","PresentationValue":"140","RawValue":"140","LocalValue":"140","Description":"","Mandatory":"0","Searchable":"0","Optional":"0","Feature":{"ID":"21173","Sign":"","Measure":{"ID":"29","Sign":"","Signs":{"ID":"","_":"","Language":"EN"}},"Name":{"Value":"Number of servings per pack","Language":"EN"}}},{"Localized":0,"ID":835230539,"LocalID":0,"Type":"numerical","Value":"1","CategoryFeatureId":"280319","CategoryFeatureGroupID":"17656","SortNo":"0","PresentationValue":"1 pc(s)","RawValue":"1","LocalValue":"1","Description":"","Mandatory":"0","Searchable":"0","Optional":"0","Feature":{"ID":"20228","Sign":"","Measure":{"ID":"144","Sign":"","Signs":{"ID":"125","_":"pc(s)","Language":"EN"}},"Name":{"Value":"Quantity per pack","Language":"EN"}}},{"Localized":0,"ID":835230536,"LocalID":0,"Type":"textarea","Value":"Mometasone","CategoryFeatureId":"162318","CategoryFeatureGroupID":"17656","SortNo":"-1","PresentationValue":"Mometasone","RawValue":"Mometasone","LocalValue":"Mometasone","Description":"","Mandatory":"0","Searchable":"0","Optional":"0","Feature":{"ID":"16908","Sign":"","Measure":{"ID":"29","Sign":"","Signs":{"ID":"","_":"","Language":"EN"}},"Name":{"Value":"Ingredients","Language":"EN"}}}]}],"FeatureLogos":[],"ReasonsToBuy":[],"Reviews":[],"ProductRelated":[],"CatalogObjectCloud":{},"Variants":[],"ProductStory":[],"Dictionary":{"model_name":"Product name","desc":"Description","ean_code":"EAN/UPC code","flash360":"3D tour","demo_msg_part3":"If you don't have an Icecat account, please register here for free.","repairability_index":"Repairability index","zoom_panel_init":"Original size","cat_name":"Category","product_family":"Product family","back_to_top":"Back to top","zoom_panel_out":"Zoom out","specs":"Specs","eu_product_fiche":"EU Product Fiche","reviews_head_name":"Reviews","pdf_specs":"Product Brochure","zoom_panel_in":"Zoom in","html_content":"","release_date":"Release date","demo_msg_part1":"You are using now a Demo account. Please, use your own Icecat account","demo_insert_desc":"This is a demo of a seamless insert of an Icecat LIVE product data-sheet in your website. Imagine that this responsive data-sheet is included in the product page of your webshop.","pdf_url":"User manual","prod_code":"Product code","supplier_name":"Brand","video":"Video","reasons_to_buy":"Reasons to buy","marketing_text":"Description","options_head_name":"Options","product_series":"Product series","demo_msg_part2":"your Icecat login name","link_integrate_desk":"How to integrate Icecat LIVE JavaScript.","zoom_panel_dragg":"Mouse dragging","eu_energy_label":"EU Energy Label"},"DemoAccount":false}}