{"msg":"OK","data":{"GeneralInfo":{"IcecatId":56194488,"ReleaseDate":"","EndOfLifeDate":"","Title":"Suunto 3 Fitness Dot-matrix Digital 218 x 218 pixels Gold GPS (satellite)","TitleInfo":{"GeneratedIntTitle":"Suunto 3 Fitness","GeneratedLocalTitle":{"Value":"Suunto 3 Fitness Dot-matrix Digital 218 x 218 pixels Gold GPS (satellite)","Language":"EN"},"BrandLocalTitle":{"Value":"","Language":"EN"}},"Brand":"Suunto","BrandID":"6027","BrandLogo":"","BrandInfo":{"BrandName":"Suunto","BrandLocalName":"","BrandLogo":""},"ProductName":"3 Fitness","ProductNameInfo":{"ProductIntName":"3 Fitness","ProductLocalName":{"Value":"","Language":"EN"}},"BrandPartCode":"SS050053000","GTIN":["6417084500694"],"Category":{"CategoryID":"2647","Name":{"Value":"Smartwatches & Sport Watches","Language":"EN"}},"ProductFamily":{},"ProductSeries":{"SeriesID":"1"},"Description":{"ID":"62612873","LongDesc":"<b>The beautifully robust fitness watch</b><br>Suunto 3 Fitness is a beautifully robust fitness watch with smart features, designed for you who leads an active lifestyle and values health and well-being. The watch creates for you a personal training plan that adapts to your fitness needs. You’ll get real-time guidance while exercising to help you at the right intensity. 24/7 activity tracking with steps, calories and sleep, together with stress and recovery monitoring, provide a holistic view of your day and help you to maintain a healthy balance between activity and rest.<br><br><b>ADAPTIVE TRAINING GUIDANCE</b><br>Based on your fitness level and recorded training history, Suunto 3 Fitness creates a 7-day training plan with optimal duration and intensity for each exercise to improve your fitness.<br>The training plan is automatically adapted to your actual activities, so if you miss an exercise, or get excited and do a little more than planned, you don’t need to stress about updating it manually.<br>The planned exercises are easy to activate, and once started, the watch guides you to stay at the right intensity.<br><br><b>READY FOR ALL YOUR SPORTS</b><br>Suunto 3 Fitness is ready for all your sports from running, swimming and cycling, to gym training, hiking and many more. The watch uses wrist-based cadence for measuring speed and distance in walking and running activities, which means that you can track speed and distance also indoors.<br>Wrist heart rate measurement ensures ease-of-use, and 30-meter water resistance means you can take the watch for a swim without a worry.<br><br><b>BALANCE ACTIVITY AND REST</b><br>Suunto 3 Fitness automatically counts your daily steps and calories. But to balance activity, a good night’s sleep is essential. Wear Suunto 3 Fitness at night to track your sleep too. In the sleep summary you’ll see how long you slept, and how well your sleep supports recovery.<br>Additionally, the watch measures your stress and recovery throughout the day to help you ensure you have enough in the tank to make it through the day.<br><br><b>ENRICH YOUR EXPERIENCE WITH SUUNTO APP</b><br>Suunto 3 Fitness connects to the all-new Suunto app which logs all your activities, and keeps you up to date on your activity, sleep and overall fitness trends. Share memorable moments from your activities and engage easily with others in the Suunto app community. <br>Connecting to the Suunto app also enables speed and distance tracking and tracks your route, all based on your mobile device’s GPS.","LongProductName":"Matrix Display, 218 x 218, Bluetooth Smart, GPS, Stainless steel Bezel, Polyamide Glass, Silicone Strap","MiddleDesc":"","Disclaimer":"","ManualPDFURL":"","ManualPDFSize":"0","LeafletPDFURL":"","PDFSize":"0","URL":"https://www.suunto.com/Products/sports-watches/suunto-3-fitness/suunto-3-fitness-gold/","WarrantyInfo":"","Updated":"2025-09-09 08:19:52","Language":"EN"},"SummaryDescription":{"ShortSummaryDescription":"Suunto 3 Fitness, Dot-matrix, GPS (satellite), 36 g","LongSummaryDescription":"Suunto 3 Fitness. Display technology: Dot-matrix, Display resolution: 218 x 218 pixels. GPS (satellite). Weight: 36 g. Waterproof up to: 30 m, Band material: Silicone"},"BulletPoints":{"BulletPointsId":"746416","Language":"EN","Values":["Adaptive training guidance","Activity tracking","Sleep quality and tracking","Stress and recovery","Heart rate zones","Wrist HR","Connected GPS","Water resistance 30m"],"Updated":"2018-05-14 10:50:08"},"GeneratedBulletPoints":{"Language":"EN","Values":["Sport watch Digital Dot-matrix","218 x 218 pixels","Water resistant Waterproof up to: 30 m","Heart rate monitor","GPS (satellite)","Bluetooth","Lithium-Ion (Li-Ion)"]},"GTINs":[{"GTIN":"6417084500694","IsApproved":true}]},"Image":{"HighPic":"https://inishop.com/img/gallery/56194488_6595013123.jpg","HighPicSize":"68317","HighPicHeight":"550","HighPicWidth":"550","LowPic":"https://inishop.com/img/gallery_lows/56194488_6595013123.jpg","LowPicSize":"14725","LowPicHeight":"200","LowPicWidth":"200","Pic500x500":"https://inishop.com/img/gallery_mediums/56194488_6595013123.jpg","Pic500x500Size":"59789","Pic500x500Height":"500","Pic500x500Width":"500","ThumbPic":"https://inishop.com/img/gallery_thumbs/56194488_6595013123.jpg","ThumbPicSize":"3942"},"Multimedia":[{"ID":"9D1A4C5A-96DC-4B28-B036-6FBE57E34468","URL":"https://inishop.com/objects/56194488_6986640.mp4?access=YdGP61v7k3f79LfIUunbLXHwqyaURUdgWviGnqwN9EtsG933SonZmQUy7aWqG5Ia","Type":"video/mp4","ContentType":"video/mp4","KeepAsUrl":"0","Description":"Suunto 3 Fitness Gold","Size":"12402922","IsPrivate":"0","Updated":"2018-05-14 10:38:59","Language":"EN","IsVideo":1,"ThumbUrl":"https://inishop.com/objects/thumb/56194488_6986640_thumb.png?access=YdGP61v7k3f79LfIUunbLXHwqyaURUdgWviGnqwN9EtsG933SonZmQUy7aWqG5Ia","PreviewUrl":"https://inishop.com/objects/preview/56194488_6986640_preview.png?access=YdGP61v7k3f79LfIUunbLXHwqyaURUdgWviGnqwN9EtsG933SonZmQUy7aWqG5Ia"}],"Gallery":[{"ID":"25636843","LowPic":"https://inishop.com/img/gallery_lows/56194488_6595013123.jpg","LowSize":"14725","LowHeight":"200","LowWidth":"200","ThumbPic":"https://inishop.com/img/gallery_thumbs/56194488_6595013123.jpg","ThumbPicSize":"3942","Pic":"https://inishop.com/img/gallery/56194488_6595013123.jpg","Size":"68317","PicHeight":"550","PicWidth":"550","Pic500x500":"https://inishop.com/img/gallery_mediums/56194488_6595013123.jpg","Pic500x500Size":"59789","Pic500x500Height":"500","Pic500x500Width":"500","No":"1","IsMain":"Y","Updated":"2024-03-14 19:36:40","IsPrivate":"0","Type":"ProductImage","Attributes":{"OriginalFileName":""}},{"ID":"25636844","LowPic":"https://inishop.com/img/gallery_lows/56194488_0324234872.jpg","LowSize":"19091","LowHeight":"200","LowWidth":"200","ThumbPic":"https://inishop.com/img/gallery_thumbs/56194488_0324234872.jpg","ThumbPicSize":"4537","Pic":"https://inishop.com/img/gallery/56194488_0324234872.jpg","Size":"91608","PicHeight":"550","PicWidth":"550","Pic500x500":"https://inishop.com/img/gallery_mediums/56194488_0324234872.jpg","Pic500x500Size":"80077","Pic500x500Height":"500","Pic500x500Width":"500","No":"2","IsMain":"N","Updated":"2024-03-14 19:42:03","IsPrivate":"0","Type":"ProductImage","Attributes":{"OriginalFileName":""}},{"ID":"25636845","LowPic":"https://inishop.com/img/gallery_lows/56194488_4496432834.jpg","LowSize":"17609","LowHeight":"200","LowWidth":"200","ThumbPic":"https://inishop.com/img/gallery_thumbs/56194488_4496432834.jpg","ThumbPicSize":"4855","Pic":"https://inishop.com/img/gallery/56194488_4496432834.jpg","Size":"62182","PicHeight":"550","PicWidth":"550","Pic500x500":"https://inishop.com/img/gallery_mediums/56194488_4496432834.jpg","Pic500x500Size":"68067","Pic500x500Height":"500","Pic500x500Width":"500","No":"3","IsMain":"N","Updated":"2024-03-14 19:40:51","IsPrivate":"0","Type":"ProductImage","Attributes":{"OriginalFileName":""}},{"ID":"25636846","LowPic":"https://inishop.com/img/gallery_lows/56194488_4557820633.jpg","LowSize":"17660","LowHeight":"200","LowWidth":"200","ThumbPic":"https://inishop.com/img/gallery_thumbs/56194488_4557820633.jpg","ThumbPicSize":"4436","Pic":"https://inishop.com/img/gallery/56194488_4557820633.jpg","Size":"77485","PicHeight":"550","PicWidth":"550","Pic500x500":"https://inishop.com/img/gallery_mediums/56194488_4557820633.jpg","Pic500x500Size":"67557","Pic500x500Height":"500","Pic500x500Width":"500","No":"4","IsMain":"N","Updated":"2024-03-14 18:27:50","IsPrivate":"0","Type":"ProductImage","Attributes":{"OriginalFileName":""}},{"ID":"25636847","LowPic":"https://inishop.com/img/gallery_lows/56194488_0214763877.jpg","LowSize":"16615","LowHeight":"200","LowWidth":"200","ThumbPic":"https://inishop.com/img/gallery_thumbs/56194488_0214763877.jpg","ThumbPicSize":"4082","Pic":"https://inishop.com/img/gallery/56194488_0214763877.jpg","Size":"73653","PicHeight":"550","PicWidth":"550","Pic500x500":"https://inishop.com/img/gallery_mediums/56194488_0214763877.jpg","Pic500x500Size":"64958","Pic500x500Height":"500","Pic500x500Width":"500","No":"5","IsMain":"N","Updated":"2024-03-14 17:14:28","IsPrivate":"0","Type":"ProductImage","Attributes":{"OriginalFileName":""}},{"ID":"25636848","LowPic":"https://inishop.com/img/gallery_lows/56194488_5485267716.jpg","LowSize":"13416","LowHeight":"200","LowWidth":"200","ThumbPic":"https://inishop.com/img/gallery_thumbs/56194488_5485267716.jpg","ThumbPicSize":"3734","Pic":"https://inishop.com/img/gallery/56194488_5485267716.jpg","Size":"60300","PicHeight":"550","PicWidth":"550","Pic500x500":"https://inishop.com/img/gallery_mediums/56194488_5485267716.jpg","Pic500x500Size":"53503","Pic500x500Height":"500","Pic500x500Width":"500","No":"6","IsMain":"N","Updated":"2024-03-14 18:00:11","IsPrivate":"0","Type":"ProductImage","Attributes":{"OriginalFileName":""}},{"ID":"25636849","LowPic":"https://inishop.com/img/gallery_lows/56194486_4915184205.jpg","LowSize":"15710","LowHeight":"200","LowWidth":"200","ThumbPic":"https://inishop.com/img/gallery_thumbs/56194486_4915184205.jpg","ThumbPicSize":"3827","Pic":"https://inishop.com/img/gallery/56194486_4915184205.jpg","Size":"70426","PicHeight":"550","PicWidth":"550","Pic500x500":"https://inishop.com/img/gallery_mediums/56194486_4915184205.jpg","Pic500x500Size":"62513","Pic500x500Height":"500","Pic500x500Width":"500","No":"7","IsMain":"N","Updated":"2024-03-14 17:35:57","IsPrivate":"0","Type":"ProductImage","Attributes":{"OriginalFileName":""}},{"ID":"25636850","LowPic":"https://inishop.com/img/gallery_lows/56194488_3203339977.jpg","LowSize":"38328","LowHeight":"200","LowWidth":"200","ThumbPic":"https://inishop.com/img/gallery_thumbs/56194488_3203339977.jpg","ThumbPicSize":"8231","Pic":"https://inishop.com/img/gallery/56194488_3203339977.jpg","Size":"141736","PicHeight":"550","PicWidth":"550","Pic500x500":"https://inishop.com/img/gallery_mediums/56194488_3203339977.jpg","Pic500x500Size":"181914","Pic500x500Height":"500","Pic500x500Width":"500","No":"8","IsMain":"N","Updated":"2024-03-14 18:02:39","IsPrivate":"0","Type":"ProductImage","Attributes":{"OriginalFileName":""}},{"ID":"25636851","LowPic":"https://inishop.com/img/gallery_lows/56194488_0272348573.jpg","LowSize":"37507","LowHeight":"200","LowWidth":"200","ThumbPic":"https://inishop.com/img/gallery_thumbs/56194488_0272348573.jpg","ThumbPicSize":"8721","Pic":"https://inishop.com/img/gallery/56194488_0272348573.jpg","Size":"129208","PicHeight":"550","PicWidth":"550","Pic500x500":"https://inishop.com/img/gallery_mediums/56194488_0272348573.jpg","Pic500x500Size":"155329","Pic500x500Height":"500","Pic500x500Width":"500","No":"9","IsMain":"N","Updated":"2024-03-14 17:08:17","IsPrivate":"0","Type":"ProductImage","Attributes":{"OriginalFileName":""}}],"FeaturesGroups":[{"ID":34566,"SortNo":"25","FeatureGroup":{"ID":"5","Name":{"Value":"Display","Language":"EN"}},"Features":[{"Localized":0,"ID":494460723,"LocalID":0,"Type":"dropdown","Value":"Dot-matrix","CategoryFeatureId":"99533","CategoryFeatureGroupID":"34566","SortNo":"150","PresentationValue":"Dot-matrix","RawValue":"Dot-matrix","LocalValue":"Dot-matrix","Description":"The technology used in the display e.g. plasma, LED.","Mandatory":"1","Searchable":"0","Optional":"0","Feature":{"ID":"9713","Sign":"","Measure":{"ID":"29","Sign":"","Signs":{"ID":"","_":"","Language":"EN"}},"Name":{"Value":"Display technology","Language":"EN"}}},{"Localized":0,"ID":451102730,"LocalID":0,"Type":"y_n","Value":"Y","CategoryFeatureId":"586188","CategoryFeatureGroupID":"34566","SortNo":"145","PresentationValue":"Yes","RawValue":"Y","LocalValue":"Yes","Description":"","Mandatory":"0","Searchable":"0","Optional":"0","Feature":{"ID":"20168","Sign":"","Measure":{"ID":"26","Sign":"","Signs":{"ID":"","_":"","Language":"EN"}},"Name":{"Value":"Colour display","Language":"EN"}}},{"Localized":0,"ID":451133733,"LocalID":0,"Type":"dropdown","Value":"Digital","CategoryFeatureId":"85325","CategoryFeatureGroupID":"34566","SortNo":"140","PresentationValue":"Digital","RawValue":"Digital","LocalValue":"Digital","Description":"Type of display (screen) e.g. LCD.","Mandatory":"1","Searchable":"1","Optional":"0","Feature":{"ID":"9104","Sign":"","Measure":{"ID":"29","Sign":"","Signs":{"ID":"","_":"","Language":"EN"}},"Name":{"Value":"Display type","Language":"EN"}}},{"Localized":0,"ID":451127878,"LocalID":0,"Type":"2d","Value":"218 x 218","CategoryFeatureId":"85332","CategoryFeatureGroupID":"34566","SortNo":"130","PresentationValue":"218 x 218 pixels","RawValue":"218 x 218","LocalValue":"218 x 218","Description":"The number of distinct pixels in each dimension that can be displayed. It is usually quoted as width × height, with the units in pixels: for example, \"1024 × 768\" means the width is 1024 pixels and the height is 768 pixels. The higher the number of pixels, the sharper the image.","Mandatory":"1","Searchable":"1","Optional":"0","Feature":{"ID":"1585","Sign":"","Measure":{"ID":"39","Sign":"","Signs":{"ID":"23","_":"pixels","Language":"EN"}},"Name":{"Value":"Display resolution","Language":"EN"}}},{"Localized":0,"ID":451138004,"LocalID":0,"Type":"y_n","Value":"N","CategoryFeatureId":"85331","CategoryFeatureGroupID":"34566","SortNo":"129","PresentationValue":"No","RawValue":"N","LocalValue":"No","Description":"A screen of a laptop, smartphone, etc., that responds to touch so you can control the interface using your fingers.","Mandatory":"1","Searchable":"1","Optional":"0","Feature":{"ID":"4963","Sign":"","Measure":{"ID":"26","Sign":"","Signs":{"ID":"","_":"","Language":"EN"}},"Name":{"Value":"Touchscreen","Language":"EN"}}},{"Localized":0,"ID":451096782,"LocalID":0,"Type":"y_n","Value":"Y","CategoryFeatureId":"891281","CategoryFeatureGroupID":"34566","SortNo":"0","PresentationValue":"Yes","RawValue":"Y","LocalValue":"Yes","Description":"Product has a built-in light source for its illuminating.","Mandatory":"0","Searchable":"0","Optional":"0","Feature":{"ID":"3709","Sign":"","Measure":{"ID":"26","Sign":"","Signs":{"ID":"","_":"","Language":"EN"}},"Name":{"Value":"Backlight","Language":"EN"}}}]},{"ID":16293,"SortNo":"20","FeatureGroup":{"ID":"148","Name":{"Value":"Design","Language":"EN"}},"Features":[{"Localized":0,"ID":451085529,"LocalID":0,"Type":"multi_dropdown","Value":"Silicone","CategoryFeatureId":"94551","CategoryFeatureGroupID":"16293","SortNo":"160","PresentationValue":"Silicone","RawValue":"Silicone","LocalValue":"Silicone","Description":"The type of substance the wristband is made of.","Mandatory":"1","Searchable":"0","Optional":"0","Feature":{"ID":"7605","Sign":"","Measure":{"ID":"29","Sign":"","Signs":{"ID":"","_":"","Language":"EN"}},"Name":{"Value":"Band material","Language":"EN"}}},{"Localized":0,"ID":451112959,"LocalID":0,"Type":"dropdown","Value":"Polyamide","CategoryFeatureId":"891278","CategoryFeatureGroupID":"16293","SortNo":"159","PresentationValue":"Polyamide","RawValue":"Polyamide","LocalValue":"Polyamide","Description":"","Mandatory":"0","Searchable":"0","Optional":"0","Feature":{"ID":"17801","Sign":"","Measure":{"ID":"29","Sign":"","Signs":{"ID":"","_":"","Language":"EN"}},"Name":{"Value":"Lens material","Language":"EN"}}},{"Localized":0,"ID":835239881,"LocalID":0,"Type":"dropdown","Value":"Round","CategoryFeatureId":"85327","CategoryFeatureGroupID":"16293","SortNo":"155","PresentationValue":"Round","RawValue":"Round","LocalValue":"Round","Description":"The external form, contours, or outline of the product.","Mandatory":"1","Searchable":"0","Optional":"0","Feature":{"ID":"9397","Sign":"","Measure":{"ID":"29","Sign":"","Signs":{"ID":"","_":"","Language":"EN"}},"Name":{"Value":"Shape","Language":"EN"}}},{"Localized":0,"ID":451118752,"LocalID":0,"Type":"range","Value":"120 - 210","CategoryFeatureId":"153740","CategoryFeatureGroupID":"16293","SortNo":"155","PresentationValue":"120 - 210 mm","RawValue":"120 - 210","LocalValue":"120 - 210","Description":"","Mandatory":"0","Searchable":"0","Optional":"0","Feature":{"ID":"17541","Sign":"","Measure":{"ID":"24","Sign":"","Signs":{"ID":"3","_":"mm","Language":"EN"}},"Name":{"Value":"Wrist size range","Language":"EN"}}},{"Localized":0,"ID":451124238,"LocalID":0,"Type":"dropdown","Value":"Sport watch","CategoryFeatureId":"891356","CategoryFeatureGroupID":"16293","SortNo":"150","PresentationValue":"Sport watch","RawValue":"Sport watch","LocalValue":"Sport watch","Description":"Under which category can the device be positioned in the market, e.g. camera phone.","Mandatory":"1","Searchable":"1","Optional":"0","Feature":{"ID":"9021","Sign":"","Measure":{"ID":"29","Sign":"","Signs":{"ID":"","_":"","Language":"EN"}},"Name":{"Value":"Market positioning","Language":"EN"}}},{"Localized":0,"ID":835239849,"LocalID":0,"Type":"multi_dropdown","Value":"Gold","CategoryFeatureId":"595045","CategoryFeatureGroupID":"16293","SortNo":"90","PresentationValue":"Gold","RawValue":"Gold","LocalValue":"Gold","Description":"","Mandatory":"1","Searchable":"1","Optional":"0","Feature":{"ID":"42417","Sign":"","Measure":{"ID":"29","Sign":"","Signs":{"ID":"","_":"","Language":"EN"}},"Name":{"Value":"Watch case colour","Language":"EN"}}},{"Localized":0,"ID":451121822,"LocalID":0,"Type":"dropdown","Value":"Polyamide,Silicone,Stainless steel","CategoryFeatureId":"595044","CategoryFeatureGroupID":"16293","SortNo":"89","PresentationValue":"Polyamide, Silicone, Stainless steel","RawValue":"Polyamide,Silicone,Stainless steel","LocalValue":"Polyamide, Silicone, Stainless steel","Description":"","Mandatory":"1","Searchable":"1","Optional":"0","Feature":{"ID":"42418","Sign":"","Measure":{"ID":"29","Sign":"","Signs":{"ID":"","_":"","Language":"EN"}},"Name":{"Value":"Watch case material","Language":"EN"}}},{"Localized":0,"ID":451087117,"LocalID":0,"Type":"y_n","Value":"Y","CategoryFeatureId":"891360","CategoryFeatureGroupID":"16293","SortNo":"36","PresentationValue":"Yes","RawValue":"Y","LocalValue":"Yes","Description":"The product is protected from water, staying dry if liquid is spilt on it or it gets wet in the rain.","Mandatory":"0","Searchable":"0","Optional":"1","Feature":{"ID":"7509","Sign":"","Measure":{"ID":"26","Sign":"","Signs":{"ID":"","_":"","Language":"EN"}},"Name":{"Value":"Waterproof","Language":"EN"}}},{"Localized":0,"ID":451088442,"LocalID":0,"Type":"dropdown","Value":"Water resistant","CategoryFeatureId":"94550","CategoryFeatureGroupID":"16293","SortNo":"0","PresentationValue":"Water resistant","RawValue":"Water resistant","LocalValue":"Water resistant","Description":"Physical effects from which the product is protected e.g. water resistant, crash proof.","Mandatory":"0","Searchable":"0","Optional":"0","Feature":{"ID":"8072","Sign":"","Measure":{"ID":"29","Sign":"","Signs":{"ID":"","_":"","Language":"EN"}},"Name":{"Value":"Protection features","Language":"EN"}}},{"Localized":0,"ID":451126258,"LocalID":0,"Type":"multi_dropdown","Value":"Gold,White","CategoryFeatureId":"98760","CategoryFeatureGroupID":"16293","SortNo":"0","PresentationValue":"Gold, White","RawValue":"Gold,White","LocalValue":"Gold, White","Description":"The colour e.g. red, blue, green, black, white.","Mandatory":"0","Searchable":"0","Optional":"1","Feature":{"ID":"1766","Sign":"","Measure":{"ID":"29","Sign":"","Signs":{"ID":"","_":"","Language":"EN"}},"Name":{"Value":"Product colour","Language":"EN"}}},{"Localized":0,"ID":451078335,"LocalID":0,"Type":"numerical","Value":"30","CategoryFeatureId":"101561","CategoryFeatureGroupID":"16293","SortNo":"-7","PresentationValue":"30 m","RawValue":"30","LocalValue":"30","Description":"","Mandatory":"0","Searchable":"0","Optional":"0","Feature":{"ID":"5197","Sign":"","Measure":{"ID":"54","Sign":"","Signs":{"ID":"37","_":"m","Language":"EN"}},"Name":{"Value":"Waterproof up to","Language":"EN"}}}]},{"ID":34567,"SortNo":"20","FeatureGroup":{"ID":"184","Name":{"Value":"Performance","Language":"EN"}},"Features":[{"Localized":0,"ID":835239918,"LocalID":0,"Type":"y_n","Value":"N","CategoryFeatureId":"94697","CategoryFeatureGroupID":"34567","SortNo":"800","PresentationValue":"No","RawValue":"N","LocalValue":"No","Description":"Frequency-modulated (FM) radio gives the clearest reception of any radio band. When used with a headset, it delivers stereo-like sound.","Mandatory":"1","Searchable":"0","Optional":"0","Feature":{"ID":"2172","Sign":"","Measure":{"ID":"26","Sign":"","Signs":{"ID":"","_":"","Language":"EN"}},"Name":{"Value":"FM radio","Language":"EN"}}},{"Localized":0,"ID":835239904,"LocalID":0,"Type":"y_n","Value":"N","CategoryFeatureId":"85365","CategoryFeatureGroupID":"34567","SortNo":"45","PresentationValue":"No","RawValue":"N","LocalValue":"No","Description":"The device contains speaker(s) to produce sound.","Mandatory":"1","Searchable":"1","Optional":"0","Feature":{"ID":"2433","Sign":"","Measure":{"ID":"26","Sign":"","Signs":{"ID":"","_":"","Language":"EN"}},"Name":{"Value":"Built-in speaker(s)","Language":"EN"}}},{"Localized":0,"ID":835239903,"LocalID":0,"Type":"y_n","Value":"N","CategoryFeatureId":"95509","CategoryFeatureGroupID":"34567","SortNo":"30","PresentationValue":"No","RawValue":"N","LocalValue":"No","Description":"The product has an integrated camera.","Mandatory":"1","Searchable":"1","Optional":"0","Feature":{"ID":"8074","Sign":"","Measure":{"ID":"26","Sign":"","Signs":{"ID":"","_":"","Language":"EN"}},"Name":{"Value":"Built-in camera","Language":"EN"}}},{"Localized":0,"ID":451099811,"LocalID":0,"Type":"multi_dropdown","Value":"DAN,DEU,DUT,ENG,ESP,FIN,FRE,ITA,JPN,KOR,NOR,POL,POR,RUS,SLV,THA,TUR","CategoryFeatureId":"85313","CategoryFeatureGroupID":"34567","SortNo":"0","PresentationValue":"Danish, German, Dutch, English, Spanish, Finnish, French, Italian, Japanese, Korean, Norwegian, Polish, Portuguese, Russian, Slovenian, Thai, Turkish","RawValue":"DAN,DEU,DUT,ENG,ESP,FIN,FRE,ITA,JPN,KOR,NOR,POL,POR,RUS,SLV,THA,TUR","LocalValue":"Danish, German, Dutch, English, Spanish, Finnish, French, Italian, Japanese, Korean, Norwegian, Polish, Portuguese, Russian, Slovenian, Thai, Turkish","Description":"The product has support (help) for languages.","Mandatory":"0","Searchable":"0","Optional":"0","Feature":{"ID":"3113","Sign":"","Measure":{"ID":"29","Sign":"","Signs":{"ID":"","_":"","Language":"EN"}},"Name":{"Value":"Languages support","Language":"EN"}}},{"Localized":0,"ID":451099355,"LocalID":0,"Type":"y_n","Value":"Y","CategoryFeatureId":"891362","CategoryFeatureGroupID":"34567","SortNo":"0","PresentationValue":"Yes","RawValue":"Y","LocalValue":"Yes","Description":"","Mandatory":"0","Searchable":"0","Optional":"0","Feature":{"ID":"12039","Sign":"","Measure":{"ID":"26","Sign":"","Signs":{"ID":"","_":"","Language":"EN"}},"Name":{"Value":"Keypad lock","Language":"EN"}}}]},{"ID":26690,"SortNo":"12","FeatureGroup":{"ID":"185","Name":{"Value":"Features","Language":"EN"}},"Features":[{"Localized":0,"ID":451130038,"LocalID":0,"Type":"y_n","Value":"Y","CategoryFeatureId":"122840","CategoryFeatureGroupID":"26690","SortNo":"1000","PresentationValue":"Yes","RawValue":"Y","LocalValue":"Yes","Description":"","Mandatory":"1","Searchable":"0","Optional":"0","Feature":{"ID":"6702","Sign":"","Measure":{"ID":"26","Sign":"","Signs":{"ID":"","_":"","Language":"EN"}},"Name":{"Value":"Heart rate monitor","Language":"EN"}}},{"Localized":0,"ID":451114753,"LocalID":0,"Type":"y_n","Value":"Y","CategoryFeatureId":"292364","CategoryFeatureGroupID":"26690","SortNo":"800","PresentationValue":"Yes","RawValue":"Y","LocalValue":"Yes","Description":"","Mandatory":"0","Searchable":"0","Optional":"0","Feature":{"ID":"26788","Sign":"","Measure":{"ID":"26","Sign":"","Signs":{"ID":"","_":"","Language":"EN"}},"Name":{"Value":"Calories burned","Language":"EN"}}},{"Localized":0,"ID":451110667,"LocalID":0,"Type":"y_n","Value":"Y","CategoryFeatureId":"234753","CategoryFeatureGroupID":"26690","SortNo":"580","PresentationValue":"Yes","RawValue":"Y","LocalValue":"Yes","Description":"","Mandatory":"0","Searchable":"0","Optional":"0","Feature":{"ID":"25442","Sign":"","Measure":{"ID":"26","Sign":"","Signs":{"ID":"","_":"","Language":"EN"}},"Name":{"Value":"Multisport mode","Language":"EN"}}},{"Localized":0,"ID":451116850,"LocalID":0,"Type":"y_n","Value":"Y","CategoryFeatureId":"234754","CategoryFeatureGroupID":"26690","SortNo":"575","PresentationValue":"Yes","RawValue":"Y","LocalValue":"Yes","Description":"","Mandatory":"0","Searchable":"0","Optional":"0","Feature":{"ID":"26790","Sign":"","Measure":{"ID":"26","Sign":"","Signs":{"ID":"","_":"","Language":"EN"}},"Name":{"Value":"Personal goals","Language":"EN"}}},{"Localized":0,"ID":451117342,"LocalID":0,"Type":"y_n","Value":"Y","CategoryFeatureId":"234762","CategoryFeatureGroupID":"26690","SortNo":"570","PresentationValue":"Yes","RawValue":"Y","LocalValue":"Yes","Description":"","Mandatory":"0","Searchable":"0","Optional":"0","Feature":{"ID":"26791","Sign":"","Measure":{"ID":"26","Sign":"","Signs":{"ID":"","_":"","Language":"EN"}},"Name":{"Value":"Quality of sleep","Language":"EN"}}},{"Localized":0,"ID":451080370,"LocalID":0,"Type":"y_n","Value":"Y","CategoryFeatureId":"186987","CategoryFeatureGroupID":"26690","SortNo":"0","PresentationValue":"Yes","RawValue":"Y","LocalValue":"Yes","Description":"","Mandatory":"0","Searchable":"0","Optional":"1","Feature":{"ID":"3541","Sign":"","Measure":{"ID":"26","Sign":"","Signs":{"ID":"","_":"","Language":"EN"}},"Name":{"Value":"Vibrating alert","Language":"EN"}}},{"Localized":0,"ID":451135333,"LocalID":0,"Type":"y_n","Value":"Y","CategoryFeatureId":"891288","CategoryFeatureGroupID":"26690","SortNo":"0","PresentationValue":"Yes","RawValue":"Y","LocalValue":"Yes","Description":"Instrument built into product that allows you to measure distance.","Mandatory":"0","Searchable":"0","Optional":"0","Feature":{"ID":"2888","Sign":"","Measure":{"ID":"26","Sign":"","Signs":{"ID":"","_":"","Language":"EN"}},"Name":{"Value":"Built-in distance meter","Language":"EN"}}},{"Localized":0,"ID":451095828,"LocalID":0,"Type":"y_n","Value":"Y","CategoryFeatureId":"891289","CategoryFeatureGroupID":"26690","SortNo":"0","PresentationValue":"Yes","RawValue":"Y","LocalValue":"Yes","Description":"","Mandatory":"0","Searchable":"0","Optional":"0","Feature":{"ID":"3539","Sign":"","Measure":{"ID":"26","Sign":"","Signs":{"ID":"","_":"","Language":"EN"}},"Name":{"Value":"Alarm clock","Language":"EN"}}},{"Localized":0,"ID":451084698,"LocalID":0,"Type":"y_n","Value":"Y","CategoryFeatureId":"891291","CategoryFeatureGroupID":"26690","SortNo":"0","PresentationValue":"Yes","RawValue":"Y","LocalValue":"Yes","Description":"The product has stopwatch function.","Mandatory":"0","Searchable":"0","Optional":"0","Feature":{"ID":"3855","Sign":"","Measure":{"ID":"26","Sign":"","Signs":{"ID":"","_":"","Language":"EN"}},"Name":{"Value":"Stopwatch","Language":"EN"}}},{"Localized":0,"ID":451081285,"LocalID":0,"Type":"y_n","Value":"Y","CategoryFeatureId":"891293","CategoryFeatureGroupID":"26690","SortNo":"0","PresentationValue":"Yes","RawValue":"Y","LocalValue":"Yes","Description":"","Mandatory":"0","Searchable":"0","Optional":"0","Feature":{"ID":"7129","Sign":"","Measure":{"ID":"26","Sign":"","Signs":{"ID":"","_":"","Language":"EN"}},"Name":{"Value":"Interval training","Language":"EN"}}},{"Localized":0,"ID":451132022,"LocalID":0,"Type":"y_n","Value":"Y","CategoryFeatureId":"891294","CategoryFeatureGroupID":"26690","SortNo":"0","PresentationValue":"Yes","RawValue":"Y","LocalValue":"Yes","Description":"Calculation of the amount of calories burned during exercise by measuring heart rate.","Mandatory":"0","Searchable":"0","Optional":"0","Feature":{"ID":"7130","Sign":"","Measure":{"ID":"26","Sign":"","Signs":{"ID":"","_":"","Language":"EN"}},"Name":{"Value":"Heart rate-based calorie computation","Language":"EN"}}},{"Localized":0,"ID":451082443,"LocalID":0,"Type":"y_n","Value":"Y","CategoryFeatureId":"891296","CategoryFeatureGroupID":"26690","SortNo":"0","PresentationValue":"Yes","RawValue":"Y","LocalValue":"Yes","Description":"","Mandatory":"0","Searchable":"0","Optional":"0","Feature":{"ID":"7132","Sign":"","Measure":{"ID":"26","Sign":"","Signs":{"ID":"","_":"","Language":"EN"}},"Name":{"Value":"Foot pod","Language":"EN"}}},{"Localized":0,"ID":451098034,"LocalID":0,"Type":"multi_dropdown","Value":"Imperial,Metric","CategoryFeatureId":"891306","CategoryFeatureGroupID":"26690","SortNo":"0","PresentationValue":"Imperial, Metric","RawValue":"Imperial,Metric","LocalValue":"Imperial, Metric","Description":"How the distance is measured e.g. metres (m), kilometres (km).","Mandatory":"0","Searchable":"0","Optional":"0","Feature":{"ID":"12665","Sign":"","Measure":{"ID":"29","Sign":"","Signs":{"ID":"","_":"","Language":"EN"}},"Name":{"Value":"Distance system of measurement","Language":"EN"}}},{"Localized":0,"ID":451101653,"LocalID":0,"Type":"y_n","Value":"Y","CategoryFeatureId":"891317","CategoryFeatureGroupID":"26690","SortNo":"0","PresentationValue":"Yes","RawValue":"Y","LocalValue":"Yes","Description":"","Mandatory":"0","Searchable":"0","Optional":"0","Feature":{"ID":"16156","Sign":"","Measure":{"ID":"26","Sign":"","Signs":{"ID":"","_":"","Language":"EN"}},"Name":{"Value":"Real-time guidance","Language":"EN"}}},{"Localized":0,"ID":451141276,"LocalID":0,"Type":"multi_dropdown","Value":"Cycling,Fitness,Running,Swimming","CategoryFeatureId":"891321","CategoryFeatureGroupID":"26690","SortNo":"0","PresentationValue":"Cycling, Fitness, Running, Swimming","RawValue":"Cycling,Fitness,Running,Swimming","LocalValue":"Cycling, Fitness, Running, Swimming","Description":"","Mandatory":"0","Searchable":"0","Optional":"0","Feature":{"ID":"17052","Sign":"","Measure":{"ID":"29","Sign":"","Signs":{"ID":"","_":"","Language":"EN"}},"Name":{"Value":"Recommended activity","Language":"EN"}}},{"Localized":0,"ID":451119003,"LocalID":0,"Type":"y_n","Value":"Y","CategoryFeatureId":"891341","CategoryFeatureGroupID":"26690","SortNo":"0","PresentationValue":"Yes","RawValue":"Y","LocalValue":"Yes","Description":"","Mandatory":"0","Searchable":"0","Optional":"0","Feature":{"ID":"31218","Sign":"","Measure":{"ID":"26","Sign":"","Signs":{"ID":"","_":"","Language":"EN"}},"Name":{"Value":"Call notifications","Language":"EN"}}}]},{"ID":10361,"SortNo":"10","FeatureGroup":{"ID":"35","Name":{"Value":"Network","Language":"EN"}},"Features":[{"Localized":0,"ID":835240262,"LocalID":0,"Type":"y_n","Value":"N","CategoryFeatureId":"336994","CategoryFeatureGroupID":"10361","SortNo":"105","PresentationValue":"No","RawValue":"N","LocalValue":"No","Description":"","Mandatory":"1","Searchable":"0","Optional":"0","Feature":{"ID":"24557","Sign":"","Measure":{"ID":"26","Sign":"","Signs":{"ID":"","_":"","Language":"EN"}},"Name":{"Value":"Mobile network connection","Language":"EN"}}},{"Localized":0,"ID":451133045,"LocalID":0,"Type":"y_n","Value":"Y","CategoryFeatureId":"94693","CategoryFeatureGroupID":"10361","SortNo":"-130","PresentationValue":"Yes","RawValue":"Y","LocalValue":"Yes","Description":"Global Positioning System (GPS) is a space-based satellite navigation system that provides location and time information in all weather conditions, anywhere on or near the Earth where there is an unobstructed line of sight to four or more GPS satellites. The system provides critical capabilities to military, civil and commercial users around the world. It is maintained by the United States government and is freely accessible to anyone with a GPS receiver.","Mandatory":"0","Searchable":"0","Optional":"0","Feature":{"ID":"3329","Sign":"","Measure":{"ID":"26","Sign":"","Signs":{"ID":"","_":"","Language":"EN"}},"Name":{"Value":"GPS (satellite)","Language":"EN"}}}]},{"ID":9989,"SortNo":"5","FeatureGroup":{"ID":"12","Name":{"Value":"Ports & interfaces","Language":"EN"}},"Features":[{"Localized":0,"ID":451139335,"LocalID":0,"Type":"y_n","Value":"Y","CategoryFeatureId":"94696","CategoryFeatureGroupID":"9989","SortNo":"10000045","PresentationValue":"Yes","RawValue":"Y","LocalValue":"Yes","Description":"Bluetooth is a low-power radio technology developed to replace the cables and wires currently used to link or connect electronic devices such as personal computers, printers, and a wide variety of handheld devices including mobile phones. Because it uses radio-wave connectivity, a Bluetooth-enabled device has a constant, established connection to whatever browser it uses. This saves the user the trouble of logging on to check for emails or news updates, for example.","Mandatory":"0","Searchable":"0","Optional":"0","Feature":{"ID":"2183","Sign":"","Measure":{"ID":"26","Sign":"","Signs":{"ID":"","_":"","Language":"EN"}},"Name":{"Value":"Bluetooth","Language":"EN"}}},{"Localized":0,"ID":835242070,"LocalID":0,"Type":"y_n","Value":"N","CategoryFeatureId":"208481","CategoryFeatureGroupID":"9989","SortNo":"100079","PresentationValue":"No","RawValue":"N","LocalValue":"No","Description":"The device features a socket into which a USB cable can be plugged.","Mandatory":"1","Searchable":"1","Optional":"0","Feature":{"ID":"23798","Sign":"","Measure":{"ID":"26","Sign":"","Signs":{"ID":"","_":"","Language":"EN"}},"Name":{"Value":"USB port","Language":"EN"}}},{"Localized":0,"ID":835242081,"LocalID":0,"Type":"y_n","Value":"N","CategoryFeatureId":"95622","CategoryFeatureGroupID":"9989","SortNo":"100","PresentationValue":"No","RawValue":"N","LocalValue":"No","Description":"","Mandatory":"1","Searchable":"0","Optional":"0","Feature":{"ID":"10157","Sign":"","Measure":{"ID":"26","Sign":"","Signs":{"ID":"","_":"","Language":"EN"}},"Name":{"Value":"Near Field Communication (NFC)","Language":"EN"}}},{"Localized":0,"ID":835241954,"LocalID":0,"Type":"y_n","Value":"N","CategoryFeatureId":"94698","CategoryFeatureGroupID":"9989","SortNo":"50","PresentationValue":"No","RawValue":"N","LocalValue":"No","Description":"Popular technology that allows an electronic device to exchange data or connect to the internet wirelessly using radio waves.","Mandatory":"1","Searchable":"1","Optional":"0","Feature":{"ID":"3239","Sign":"","Measure":{"ID":"26","Sign":"","Signs":{"ID":"","_":"","Language":"EN"}},"Name":{"Value":"Wi-Fi","Language":"EN"}}}]},{"ID":9984,"SortNo":"4","FeatureGroup":{"ID":"27","Name":{"Value":"Power","Language":"EN"}},"Features":[{"Localized":0,"ID":451092718,"LocalID":0,"Type":"dropdown","Value":"Lithium-Ion (Li-Ion)","CategoryFeatureId":"85333","CategoryFeatureGroupID":"9984","SortNo":"100","PresentationValue":"Lithium-Ion (Li-Ion)","RawValue":"Lithium-Ion (Li-Ion)","LocalValue":"Lithium-Ion (Li-Ion)","Description":"The type of battery in the device, e.g. nickel–cadmium (NiCd).","Mandatory":"1","Searchable":"0","Optional":"0","Feature":{"ID":"434","Sign":"","Measure":{"ID":"29","Sign":"","Signs":{"ID":"","_":"","Language":"EN"}},"Name":{"Value":"Battery technology","Language":"EN"}}},{"Localized":0,"ID":451113459,"LocalID":0,"Type":"numerical","Value":"10","CategoryFeatureId":"891369","CategoryFeatureGroupID":"9984","SortNo":"70","PresentationValue":"10 day(s)","RawValue":"10","LocalValue":"10","Description":"The total length of time that the battery in the product will last.","Mandatory":"0","Searchable":"0","Optional":"0","Feature":{"ID":"17544","Sign":"","Measure":{"ID":"49","Sign":"","Signs":{"ID":"33","_":"day(s)","Language":"EN"}},"Name":{"Value":"Battery life","Language":"EN"}}},{"Localized":0,"ID":451107811,"LocalID":0,"Type":"numerical","Value":"30","CategoryFeatureId":"271061","CategoryFeatureGroupID":"9984","SortNo":"69","PresentationValue":"30 h","RawValue":"30","LocalValue":"30","Description":"","Mandatory":"0","Searchable":"0","Optional":"0","Feature":{"ID":"25430","Sign":"","Measure":{"ID":"46","Sign":"","Signs":{"ID":"30","_":"h","Language":"EN"}},"Name":{"Value":"Battery life (GPS mode)","Language":"EN"}}}]},{"ID":14029,"SortNo":"2","FeatureGroup":{"ID":"28","Name":{"Value":"Operational conditions","Language":"EN"}},"Features":[{"Localized":0,"ID":451098423,"LocalID":0,"Type":"range","Value":"-20 - 60","CategoryFeatureId":"129940","CategoryFeatureGroupID":"14029","SortNo":"20","PresentationValue":"-20 - 60 °C","RawValue":"-20 - 60","LocalValue":"-20 - 60","Description":"The minimum and maximum temperatures at which the product can be safely operated.","Mandatory":"0","Searchable":"0","Optional":"0","Feature":{"ID":"1112","Sign":"","Measure":{"ID":"65","Sign":"","Signs":{"ID":"48","_":"°C","Language":"EN"}},"Name":{"Value":"Operating temperature (T-T)","Language":"EN"}}},{"Localized":0,"ID":451099256,"LocalID":0,"Type":"range","Value":"-30 - 60","CategoryFeatureId":"129941","CategoryFeatureGroupID":"14029","SortNo":"18","PresentationValue":"-30 - 60 °C","RawValue":"-30 - 60","LocalValue":"-30 - 60","Description":"The minimum and maximum temperatures at which the product can be safely stored.","Mandatory":"0","Searchable":"0","Optional":"0","Feature":{"ID":"757","Sign":"","Measure":{"ID":"65","Sign":"","Signs":{"ID":"48","_":"°C","Language":"EN"}},"Name":{"Value":"Storage temperature (T-T)","Language":"EN"}}}]},{"ID":34569,"SortNo":"0","FeatureGroup":{"ID":"146","Name":{"Value":"Other features","Language":"EN"}},"Features":[{"Localized":0,"ID":451106362,"LocalID":0,"Type":"numerical","Value":"232.4","CategoryFeatureId":"891272","CategoryFeatureGroupID":"34569","SortNo":"0","PresentationValue":"232.4 mm","RawValue":"232.4","LocalValue":"232.4","Description":"The measurement of the product from head to foot or from base to top.","Mandatory":"0","Searchable":"0","Optional":"1","Feature":{"ID":"1464","Sign":"","Measure":{"ID":"24","Sign":"","Signs":{"ID":"3","_":"mm","Language":"EN"}},"Name":{"Value":"Height","Language":"EN"}}},{"Localized":0,"ID":451111618,"LocalID":0,"Type":"dropdown","Value":"LED","CategoryFeatureId":"891282","CategoryFeatureGroupID":"34569","SortNo":"0","PresentationValue":"LED","RawValue":"LED","LocalValue":"LED","Description":"","Mandatory":"0","Searchable":"0","Optional":"1","Feature":{"ID":"7369","Sign":"","Measure":{"ID":"29","Sign":"","Signs":{"ID":"","_":"","Language":"EN"}},"Name":{"Value":"Backlight type","Language":"EN"}}}]},{"ID":53656,"SortNo":"0","FeatureGroup":{"ID":"143","Name":{"Value":"Battery","Language":"EN"}},"Features":[{"Localized":0,"ID":451091782,"LocalID":0,"Type":"y_n","Value":"Y","CategoryFeatureId":"652855","CategoryFeatureGroupID":"53656","SortNo":"0","PresentationValue":"Yes","RawValue":"Y","LocalValue":"Yes","Description":"","Mandatory":"0","Searchable":"0","Optional":"1","Feature":{"ID":"5496","Sign":"","Measure":{"ID":"26","Sign":"","Signs":{"ID":"","_":"","Language":"EN"}},"Name":{"Value":"Battery level indicator","Language":"EN"}}}]},{"ID":9976,"SortNo":"-3","FeatureGroup":{"ID":"14","Name":{"Value":"Weight & dimensions","Language":"EN"}},"Features":[{"Localized":0,"ID":451104388,"LocalID":0,"Type":"numerical","Value":"43","CategoryFeatureId":"85294","CategoryFeatureGroupID":"9976","SortNo":"100","PresentationValue":"43 mm","RawValue":"43","LocalValue":"43","Description":"The measurement or extent of something from side to side.","Mandatory":"0","Searchable":"0","Optional":"0","Feature":{"ID":"1649","Sign":"","Measure":{"ID":"24","Sign":"","Signs":{"ID":"3","_":"mm","Language":"EN"}},"Name":{"Value":"Width","Language":"EN"}}},{"Localized":0,"ID":835242288,"LocalID":0,"Type":"numerical","Value":"43","CategoryFeatureId":"85299","CategoryFeatureGroupID":"9976","SortNo":"99","PresentationValue":"43 mm","RawValue":"43","LocalValue":"43","Description":"The distance from the front to the back of something.","Mandatory":"0","Searchable":"0","Optional":"0","Feature":{"ID":"1650","Sign":"","Measure":{"ID":"24","Sign":"","Signs":{"ID":"3","_":"mm","Language":"EN"}},"Name":{"Value":"Depth","Language":"EN"}}},{"Localized":0,"ID":451117772,"LocalID":0,"Type":"numerical","Value":"14.3","CategoryFeatureId":"85296","CategoryFeatureGroupID":"9976","SortNo":"95","PresentationValue":"1.43 cm","RawValue":"14.3","LocalValue":"1.43","Description":"The distance through an object, as distinct from width or height.","Mandatory":"0","Searchable":"0","Optional":"0","Feature":{"ID":"2757","Sign":"","Measure":{"ID":"24","Sign":"","Signs":{"ID":"3","_":"mm","Language":"EN"}},"Name":{"Value":"Thickness","Language":"EN"}}},{"Localized":0,"ID":451076450,"LocalID":0,"Type":"numerical","Value":"36","CategoryFeatureId":"85297","CategoryFeatureGroupID":"9976","SortNo":"94","PresentationValue":"36 g","RawValue":"36","LocalValue":"36","Description":"Weight of the product without packaging (net weight). If possible, the net weight is given including standard accessories and supplies. Please note that sometimes the manufacturer leaves out the weight of accessories and/or supplies.","Mandatory":"0","Searchable":"0","Optional":"0","Feature":{"ID":"94","Sign":"","Measure":{"ID":"38","Sign":"","Signs":{"ID":"22","_":"g","Language":"EN"}},"Name":{"Value":"Weight","Language":"EN"}}}]}],"FeatureLogos":[],"ReasonsToBuy":[],"Reviews":[],"ProductRelated":[],"CatalogObjectCloud":{},"Variants":[],"ProductStory":[],"Dictionary":{"model_name":"Product name","desc":"Description","ean_code":"EAN/UPC code","flash360":"3D tour","demo_msg_part3":"If you don't have an Icecat account, please register here for free.","repairability_index":"Repairability index","zoom_panel_init":"Original size","cat_name":"Category","product_family":"Product family","back_to_top":"Back to top","zoom_panel_out":"Zoom out","specs":"Specs","eu_product_fiche":"EU Product Fiche","reviews_head_name":"Reviews","pdf_specs":"Product Brochure","zoom_panel_in":"Zoom in","html_content":"","release_date":"Release date","demo_msg_part1":"You are using now a Demo account. Please, use your own Icecat account","demo_insert_desc":"This is a demo of a seamless insert of an Icecat LIVE product data-sheet in your website. Imagine that this responsive data-sheet is included in the product page of your webshop.","pdf_url":"User manual","prod_code":"Product code","supplier_name":"Brand","video":"Video","reasons_to_buy":"Reasons to buy","marketing_text":"Description","options_head_name":"Options","product_series":"Product series","demo_msg_part2":"your Icecat login name","link_integrate_desk":"How to integrate Icecat LIVE JavaScript.","zoom_panel_dragg":"Mouse dragging","eu_energy_label":"EU Energy Label"},"DemoAccount":false}}