{"msg":"OK","data":{"GeneralInfo":{"IcecatId":134704420,"ReleaseDate":"","EndOfLifeDate":"","Title":"Vuse Pro electronic cigarette Gold","TitleInfo":{"GeneratedIntTitle":"Vuse Pro electronic cigarette","GeneratedLocalTitle":{"Value":"Vuse Pro electronic cigarette Gold","Language":"EN"},"BrandLocalTitle":{"Value":"","Language":"EN"}},"Brand":"Vuse","BrandID":"43652","BrandLogo":"","BrandInfo":{"BrandName":"Vuse","BrandLocalName":"","BrandLogo":""},"ProductName":"Pro","ProductNameInfo":{"ProductIntName":"Pro","ProductLocalName":{"Value":"","Language":"EN"}},"BrandPartCode":"VUSE PRO DEVICE KIT GOLD","GTIN":[],"Category":{"CategoryID":"2401","Name":{"Value":"Electronic Cigarettes","Language":"EN"}},"ProductFamily":{},"ProductSeries":{"SeriesID":"1"},"Description":{"ID":"104046800","LongDesc":"Vuse Pro is our next generation ePod device - compatible with all your favourite ePod pods.<br><br>Vuse Pro has a slim design, it effortlessly slips into your pocket or bag, perfect for those on-the-go moments. Enjoy fast charging technology and the ability to vape while the device charges. A splash-proof construction provides added protection against accidental spills or water exposure. The Vuse Pro delivers consistent vaping enjoyment with every puff thanks to its optimised heating technology.<br><br><b>FULLY COMPATIBLE WITH ePOD PODS</b><br>You can use Vuse ePod pods in our new Vuse Pro devices","LongProductName":"Pro Device Kit, Gold","MiddleDesc":"","Disclaimer":"","ManualPDFURL":"","ManualPDFSize":"0","LeafletPDFURL":"","PDFSize":"0","URL":"https://www.vuse.com/gb/en/rechargeable-vapes/vuse-pro-device-kit","WarrantyInfo":"","Updated":"2025-09-09 14:23:00","Language":"EN"},"SummaryDescription":{"ShortSummaryDescription":"Vuse Pro, Gold","LongSummaryDescription":"Vuse Pro. Product colour: Gold"},"BulletPoints":{"BulletPointsId":"13610675","Language":"EN","Values":["New design upgrade. Available in Black, Gold & Rose Gold","Fast Charge. 35 mins to 80% battery, Vape while you charge","Enhanced water resistence. Vuse Pro is a splash proof device","Compatibility with ePod. The Vuse Pro device can be used with our ePod 2 pod cartridges","Better battery indication. Stay in the know on the devices battery life with the LED light indications"],"Updated":"2025-09-09 14:23:00"},"GeneratedBulletPoints":{},"GTINs":[]},"Image":{"HighPic":"https://inishop.com/img/gallery/b2df98570c2d7bf515aac6f84ac19addcb7b6cc4.jpg","HighPicSize":"187593","HighPicHeight":"700","HighPicWidth":"534","LowPic":"https://inishop.com/img/gallery_lows/7aa43a875db754a435bd090932ba7a7b39e843d9.jpg","LowPicSize":"27088","LowPicHeight":"200","LowPicWidth":"153","Pic500x500":"https://inishop.com/img/gallery_mediums/3a2a456b55700ca9fe4b86b3647eda0f1b54d153.jpg","Pic500x500Size":"111952","Pic500x500Height":"500","Pic500x500Width":"381","ThumbPic":"https://inishop.com/img/gallery_thumbs/ccc25671e3b2b83fcdf7df69d7464124f8f192a2.jpg","ThumbPicSize":"6749"},"Multimedia":[],"Gallery":[{"ID":"117112869","LowPic":"https://inishop.com/img/gallery_lows/7aa43a875db754a435bd090932ba7a7b39e843d9.jpg","LowSize":"27088","LowHeight":"200","LowWidth":"153","ThumbPic":"https://inishop.com/img/gallery_thumbs/ccc25671e3b2b83fcdf7df69d7464124f8f192a2.jpg","ThumbPicSize":"6749","Pic":"https://inishop.com/img/gallery/b2df98570c2d7bf515aac6f84ac19addcb7b6cc4.jpg","Size":"187593","PicHeight":"700","PicWidth":"534","Pic500x500":"https://inishop.com/img/gallery_mediums/3a2a456b55700ca9fe4b86b3647eda0f1b54d153.jpg","Pic500x500Size":"111952","Pic500x500Height":"500","Pic500x500Width":"381","No":"1","IsMain":"Y","Updated":"2025-09-09 14:14:48","IsPrivate":"0","Type":"ProductImage","Attributes":{"OriginalFileName":""}},{"ID":"117112871","LowPic":"https://inishop.com/img/gallery_lows/549b135bfaf895f01b4a4ea5cc0060c8b81783b8.jpg","LowSize":"7084","LowHeight":"200","LowWidth":"50","ThumbPic":"https://inishop.com/img/gallery_thumbs/674f9b52575ed07e1070d47f85ac1283c5e1a95c.jpg","ThumbPicSize":"2325","Pic":"https://inishop.com/img/gallery/3c9dd15afb2f80b6c8b81e01297ad38496fd94fc.jpg","Size":"64232","PicHeight":"804","PicWidth":"201","Pic500x500":"https://inishop.com/img/gallery_mediums/4d55117abeb87cebe68be56892bd591071aba17a.jpg","Pic500x500Size":"28664","Pic500x500Height":"500","Pic500x500Width":"125","No":"2","IsMain":"N","Updated":"2025-09-09 14:15:09","IsPrivate":"0","Type":"ProductImage","Attributes":{"OriginalFileName":""}},{"ID":"117112872","LowPic":"https://inishop.com/img/gallery_lows/1c2c8c99b67ee426bb123235908c5f51da7ca646.jpg","LowSize":"18559","LowHeight":"200","LowWidth":"104","ThumbPic":"https://inishop.com/img/gallery_thumbs/9074fc7f633a5a5c3819e38c2320ab4af8036627.jpg","ThumbPicSize":"4780","Pic":"https://inishop.com/img/gallery/38028d79188127c857f8d421f74e148f5222c805.jpg","Size":"157315","PicHeight":"794","PicWidth":"411","Pic500x500":"https://inishop.com/img/gallery_mediums/5d2e1efe8ddf5e059b3524d351bd0c4d643fb7d0.jpg","Pic500x500Size":"74474","Pic500x500Height":"500","Pic500x500Width":"259","No":"3","IsMain":"N","Updated":"2025-09-09 14:15:29","IsPrivate":"0","Type":"ProductPackagingImage","Attributes":{"OriginalFileName":""}},{"ID":"117112873","LowPic":"https://inishop.com/img/gallery_lows/6da4b72add0ad6759b9662b53ae2ebddc8a3b13a.jpg","LowSize":"13013","LowHeight":"200","LowWidth":"103","ThumbPic":"https://inishop.com/img/gallery_thumbs/fd913f2cf8e83d1fe8f2d762c154d9dd00216570.jpg","ThumbPicSize":"3047","Pic":"https://inishop.com/img/gallery/68dcc0527697bd27419b0e802fe1e0006bab1319.jpg","Size":"143580","PicHeight":"795","PicWidth":"411","Pic500x500":"https://inishop.com/img/gallery_mediums/fc36d45a6a43035ad217e22ff089622973108859.jpg","Pic500x500Size":"62056","Pic500x500Height":"500","Pic500x500Width":"258","No":"4","IsMain":"N","Updated":"2025-09-09 14:15:32","IsPrivate":"0","Type":"ProductPackagingImage","Attributes":{"OriginalFileName":""}}],"FeaturesGroups":[{"ID":8909,"SortNo":"11","FeatureGroup":{"ID":"148","Name":{"Value":"Design","Language":"EN"}},"Features":[{"Localized":0,"ID":835284987,"LocalID":0,"Type":"multi_dropdown","Value":"Gold","CategoryFeatureId":"68804","CategoryFeatureGroupID":"8909","SortNo":"90","PresentationValue":"Gold","RawValue":"Gold","LocalValue":"Gold","Description":"The colour e.g. red, blue, green, black, white.","Mandatory":"0","Searchable":"0","Optional":"0","Feature":{"ID":"1766","Sign":"","Measure":{"ID":"29","Sign":"","Signs":{"ID":"","_":"","Language":"EN"}},"Name":{"Value":"Product colour","Language":"EN"}}},{"Localized":0,"ID":835284990,"LocalID":0,"Type":"y_n","Value":"N","CategoryFeatureId":"249546","CategoryFeatureGroupID":"8909","SortNo":"80","PresentationValue":"No","RawValue":"N","LocalValue":"No","Description":"A display which is part of the product, so you do not need to attach another display.","Mandatory":"0","Searchable":"0","Optional":"0","Feature":{"ID":"8782","Sign":"","Measure":{"ID":"26","Sign":"","Signs":{"ID":"","_":"","Language":"EN"}},"Name":{"Value":"Built-in display","Language":"EN"}}},{"Localized":0,"ID":835284986,"LocalID":0,"Type":"multi_dropdown","Value":"Y","CategoryFeatureId":"293940","CategoryFeatureGroupID":"8909","SortNo":"10","PresentationValue":"Yes","RawValue":"Y","LocalValue":"Yes","Description":"","Mandatory":"0","Searchable":"0","Optional":"0","Feature":{"ID":"1501","Sign":"","Measure":{"ID":"29","Sign":"","Signs":{"ID":"","_":"","Language":"EN"}},"Name":{"Value":"LED indicators","Language":"EN"}}},{"Localized":0,"ID":835284995,"LocalID":0,"Type":"y_n","Value":"Y","CategoryFeatureId":"249553","CategoryFeatureGroupID":"8909","SortNo":"0","PresentationValue":"Yes","RawValue":"Y","LocalValue":"Yes","Description":"The device features a socket into which a USB cable can be plugged.","Mandatory":"0","Searchable":"0","Optional":"0","Feature":{"ID":"23798","Sign":"","Measure":{"ID":"26","Sign":"","Signs":{"ID":"","_":"","Language":"EN"}},"Name":{"Value":"USB port","Language":"EN"}}}]},{"ID":8911,"SortNo":"10","FeatureGroup":{"ID":"0","Name":{"Value":"Technical details","Language":"EN"}},"Features":[{"Localized":0,"ID":835285100,"LocalID":0,"Type":"multi_dropdown","Value":"CE,UKCA","CategoryFeatureId":"955113","CategoryFeatureGroupID":"8911","SortNo":"0","PresentationValue":"CE, UKCA","RawValue":"CE,UKCA","LocalValue":"CE, UKCA","Description":"","Mandatory":"0","Searchable":"0","Optional":"0","Feature":{"ID":"48024","Sign":"","Measure":{"ID":"29","Sign":"","Signs":{"ID":"","_":"","Language":"EN"}},"Name":{"Value":"Compliance certificates","Language":"EN"}}}]},{"ID":8912,"SortNo":"6","FeatureGroup":{"ID":"143","Name":{"Value":"Battery","Language":"EN"}},"Features":[{"Localized":0,"ID":835284994,"LocalID":0,"Type":"y_n","Value":"Y","CategoryFeatureId":"249552","CategoryFeatureGroupID":"8912","SortNo":"45","PresentationValue":"Yes","RawValue":"Y","LocalValue":"Yes","Description":"","Mandatory":"0","Searchable":"0","Optional":"0","Feature":{"ID":"11194","Sign":"","Measure":{"ID":"26","Sign":"","Signs":{"ID":"","_":"","Language":"EN"}},"Name":{"Value":"USB charging","Language":"EN"}}}]},{"ID":8913,"SortNo":"2","FeatureGroup":{"ID":"116","Name":{"Value":"Packaging content","Language":"EN"}},"Features":[{"Localized":0,"ID":835284991,"LocalID":0,"Type":"y_n","Value":"Y","CategoryFeatureId":"68816","CategoryFeatureGroupID":"8913","SortNo":"50","PresentationValue":"Yes","RawValue":"Y","LocalValue":"Yes","Description":"","Mandatory":"0","Searchable":"0","Optional":"0","Feature":{"ID":"10871","Sign":"","Measure":{"ID":"26","Sign":"","Signs":{"ID":"","_":"","Language":"EN"}},"Name":{"Value":"USB charger included","Language":"EN"}}},{"Localized":0,"ID":835284988,"LocalID":0,"Type":"y_n","Value":"Y","CategoryFeatureId":"68848","CategoryFeatureGroupID":"8913","SortNo":"0","PresentationValue":"Yes","RawValue":"Y","LocalValue":"Yes","Description":"","Mandatory":"0","Searchable":"0","Optional":"0","Feature":{"ID":"3965","Sign":"","Measure":{"ID":"26","Sign":"","Signs":{"ID":"","_":"","Language":"EN"}},"Name":{"Value":"Manual","Language":"EN"}}}]}],"FeatureLogos":[],"ReasonsToBuy":[],"Reviews":[],"ProductRelated":[],"CatalogObjectCloud":{},"Variants":[],"ProductStory":[],"Dictionary":{"model_name":"Product name","desc":"Description","ean_code":"EAN/UPC code","flash360":"3D tour","demo_msg_part3":"If you don't have an Icecat account, please register here for free.","repairability_index":"Repairability index","zoom_panel_init":"Original size","cat_name":"Category","product_family":"Product family","back_to_top":"Back to top","zoom_panel_out":"Zoom out","specs":"Specs","eu_product_fiche":"EU Product Fiche","reviews_head_name":"Reviews","pdf_specs":"Product Brochure","zoom_panel_in":"Zoom in","html_content":"","release_date":"Release date","demo_msg_part1":"You are using now a Demo account. Please, use your own Icecat account","demo_insert_desc":"This is a demo of a seamless insert of an Icecat LIVE product data-sheet in your website. Imagine that this responsive data-sheet is included in the product page of your webshop.","pdf_url":"User manual","prod_code":"Product code","supplier_name":"Brand","video":"Video","reasons_to_buy":"Reasons to buy","marketing_text":"Description","options_head_name":"Options","product_series":"Product series","demo_msg_part2":"your Icecat login name","link_integrate_desk":"How to integrate Icecat LIVE JavaScript.","zoom_panel_dragg":"Mouse dragging","eu_energy_label":"EU Energy Label"},"DemoAccount":false}}